文本;宏观集群密度;帖子平均情绪值;宏观集群信任度值;群体情绪指数1
济南优化生育政策：三孩家庭公积金最高可贷万元济南三孩家庭公积金最高可贷万近日，为积极实施三孩生育政策，促进人口长期均衡发展，山东济南印发《济南市优化生育政策促进人口长期均衡发展实施方案》（简称“方案”）。方案提出，在构建多方位支持体系方面，要加强生育政策支持、加强养育成本支持、加强教育资源支持、加强住房保障支持、加强医保政策支持等措施。以加强住房保障支持为例，符合公租房申请条件的未成年政策内二孩及以上家庭，在申请公租房时优先予以分配；对因家庭人口增加、就业、子女就学等原因需要调换公租房的，根据房源情况实施常态化申请、统一调换；符合租赁住房补贴申请条件的，提高保障面积标准，每增加一孩保障面积标准增加平方米。与此同时，按照国家政策生育二孩的缴存职工家庭，申请住房公积金贷款购买首套自住住房的，一人缴存住房公积金的职工家庭最高可贷额度提高至万元，两人及以上缴存住房公积金的职工家庭最高可贷额度提高至万元；生育三孩的缴存职工家庭，申请住房公积金贷款购买首套自住住房的，一人缴存住房公积金的职工家庭最高可贷额度提高至万元，两人及以上缴存住房公积金的职工家庭最高可贷额度提高至万元。此外，在济南市无自有住房且租赁住房的二孩及以上家庭，可按照实际房租支出提取住房公积金。;0.0701683501683501;0.0865268355446805;0.3049398980224235;0.048670148309447894
济南对多孩家庭每孩每月补贴元山东济南对二孩三孩家庭发放育儿补贴日前，山东济南印发《济南市优化生育政策促进人口长期均衡发展实施方案》，积极实施三孩生育政策，促进人口长期均衡发展。方案中提到，落实符合规定生育子女的夫妻的休假政策，女方享受天产假，配偶享受不少于天陪产假，周岁以下婴幼儿父母各享受每年累计不少于天育儿假。济南市户籍按照生育政策于年月日以后出生的二孩、三孩家庭，每孩每月发放元育儿补贴，直至孩子周岁。对按政策生育二孩、三孩家庭的子女，协调支持符合入学条件的同一家庭不同年龄段子女同一学区入学。鼓励优先保障三孩入普惠性幼儿园。申请住房公积金贷款购买首套自住住房的，一人缴存住房公积金的职工家庭最高可贷万元，两人及以上缴存住房公积金的职工家庭最高可贷万元；生育三孩的缴存职工家庭，申请住房公积金贷款购买首套自住住房的，一人缴存住房公积金的职工家庭最高可贷万元，两人及以上缴存住房公积金的职工家庭最高可贷万元。居民医保参保人员住院分娩医疗费医保实行定额支付，标准为元。职工生育保险参保人员住院分娩医疗费医保政策范围内报销比例为。参加职工基本医疗保险的灵活就业女性人员可享受生育医疗费待遇，住院分娩医疗费医保政策范围内报销比例为。在现有基础上，少年儿童住院医保报销比例再提高个百分点。对年月日以后出生的二孩、三孩，自出生之日起六个月内参加济南市居民基本医疗保险的，参保登记当年度个人缴费由财政予以全额补助；其祖父母、外祖父母参加济南市长期护理保险的，当年度个人缴费部分由财政予以全额补助。（央视，嘉玛）;0.0018855218855218;0.0531353169352025;0.4338787858246812;0.0011427194034349401
真金白银多地出台生育支持政策今年以来，已有多地陆续推进一系列积极生育支持措施，如发放生育津贴和育儿补贴，加强住房保障支持等。其中，云南、山东济南、湖南长沙、辽宁沈阳、黑龙江哈尔滨等多地发放“真金白银”。云南省印发《云南省生育支持项目实施方案》，年月日起，对符合政策条件的家庭发放一次性生育补贴，发放期限为年月日至年月日。《方案》明确了补贴标准，对符合政策条件的家庭发放一次性生育补贴二孩补贴元、三孩补贴元，育儿补助二孩、三孩岁期间每人每年补助元，对婴幼儿意外伤害险参保给予补贴婴幼儿岁期间每人每年补助元。今年月，山东省济南市发布《济南市优化生育政策促进人口长期均衡发展实施方案》。其中提出：本市户籍按照生育政策于年月日以后出生的二孩、三孩家庭，每孩每月发放元育儿补贴，对其中的最低生活保障、特困供养人员及领取失业保险金期间的生育妇女每月加发元育儿生活补贴，直至孩子周岁。湖南省长沙市去年月出台《关于优化生育政策促进人口长期均衡发展的工作方案》。报道称，《工作方案》创新性地推出一系列支持生育的惠民“组合拳”，力度大、覆盖广、标准高，直指群众生育的“痛点”。其中提出，发放一次性生育补贴。夫妻双方共同依法生育三个及以上子女的本地户籍家庭，三孩及以上每孩可享受一次性育儿补贴万元。据测算，每年需投入约万元。辽宁省沈阳市出台《实施积极生育支持措施促进人口长期均衡发展实施方案》。其中提出，对夫妻双方共同依法生育三个子女的本地户籍家庭，三孩每月发放元育儿补贴，直至孩子周岁止。黑龙江哈尔滨印发的《哈尔滨市优化生育政策促进人口长期均衡发展的实施方案》。《实施方案》明确，按政策生育第二个子女的家庭，每孩每月发放元育儿补贴；按政策生育第三个子女的家庭，每月每孩发放元育儿补贴，直至子女周岁。除了生育补贴，多地的《方案》中还明确提到了住房保障支持和产假等安排。山东济南在构建多方位支持体系方面，《实施方案》提出，落实符合规定生育子女的夫妻的休假政策，女方享受天产假，配偶享受不少于天陪产假，周岁以下婴幼儿父母各享受每年累计不少于天育儿假。对按照国家政策生育二孩的缴存职工家庭，申请住房公积金贷款购买首套自住住房的，一人缴存住房公积金的职工家庭最高可贷额度提高至万元，两人及以上缴存住房公积金的职工家庭最高可贷额度提高至万元；生育三孩的缴存职工家庭，申请住房公积金贷款购买首套自住住房的，一人缴存住房公积金的职工家庭最高可贷额度提高至万元，两人及以上缴存住房公积金的职工家庭最高可贷额度提高至万元。湖南长沙湖南省长沙市出台的《关于优化生育政策促进人口长期均衡发展的工作方案》指出，符合法定生育条件的夫妻，女方除享受国家规定的产假外增加产假天，男方享受护理假天。女方产假期满，经本人申请，用人单位批准，可以请假至婴儿周岁，请假期间的待遇由双方协商确定。依法生育的夫妻除享受育儿假（夫妻在子女满三周岁前每年各享受天育儿假）外，在子女周岁以内增加天亲子假。此外，对依法生育两个及以上子女的本地户籍家庭，增加套购房指标。根据家庭未成年子女数量在户型选择等方面给予适当照顾。同时，《工作方案》就保障女性就业合法权益、维护计划生育家庭的合法权益、健全计划生育特殊家庭全方位帮扶保障制度等作出了明确规定。辽宁沈阳提出，在配租公租房时，对于符合住房保障条件且有未成年子女的家庭，可以优先配租，可根据未成年子女数量在户型选择等方面给予适当照顾。落实支持多孩家庭购买自住住房的政策，对生育二孩、三孩未满周岁的居民家庭在沈阳行政区域内已拥有套住房的，可在我市限购区域内再购买套新建商品住房。对生育二孩、三孩未满周岁的住房公积金缴存职工家庭，使用住房公积金贷款购买自住房的，贷款限额可放宽到当期最高贷款额度的倍。黑龙江哈尔滨提出，健全支持生育的住房保障政策，政策内二孩及以上家庭，申请住房公积金贷款，连续缴存时间降低至半年。政策内生育第二个、第三个子女的家庭，在城区购买新建住房的，分别给予万元、万元的购房补贴，具体补贴办法按照相关要求执行。在配租公租房时，对符合我市保障性住房资格条件、有未成年子女且按政策生育二孩及以上的家庭，纳入实物配租优先保障范围。湖北荆门提出，对夫妻双方中至少一方为本市户籍，在东宝区、荆门高新区掇刀区、漳河新区等三区购买首套或改善型普通住房的生育二孩及三孩家庭发放购房补贴，其中二孩家庭给予一次性补贴万元，三孩家庭给予一次性补贴万元，所需补贴经费纳入财政预算，按所购住房区域由市、区财政各承担。（来源：中国新闻网）;0.0008080808080808;0.1328605715690746;0.5076523237986651;0.00143276056630779
华为浏览器十九部门：鼓励支持有条件有意愿搬迁群众进城落户观察者网;0.0002693602693602;0.9788215106100062;0.5074668461502184;0.0035172322716827387
十九部门：鼓励支持有条件有意愿的搬迁群众进城落户;0.0012121212121212;0.2877814258285525;0.5078378014471119;0.004656827693327912
北京：租住保障性租赁房可提取公积金类公积金提取可调整周期年月日，北京住房公积金管理中心发布《关于进一步优化住房公积金提取业务的通知》（以下简称《通知》）。日起，在本市租住保障性租赁房的家庭可以申请提取住房公积金，且职工每月的住房公积金可直接冲抵房租，减少了提取的展开;0.0033670033670033;-0.3192279292243484;0.390585588845292;-0.011036134365758912
北京：月日起，租住保障性租赁房可提取公积金月日，北京住房公积金管理中心发布《关于进一步优化住房公积金提取业务的通知》（以下简称《通知》）。据悉，即日起，在本市租住保障性租赁房的家庭可以申请提取住房公积金，且职工每月的住房公积金可直接冲抵房租，减少了租房提取的中间环节。为展开;0.0243771043771043;0.5355471017830782;0.2889294804922742;0.0991580504643958
月日起，北京市租住保障性租赁房可提取公积金月日，北京住房公积金管理中心发布《关于进一步优化住房公积金提取业务的通知》。即日起，在北京市租住保障性租赁房的家庭可以申请提取住房公积金，且职工每月的住房公积金可直接冲抵房租，减少了租房提取的中间环节。（北京住房公积金管理中心）;0.0043097643097643;-0.9999899742161028;0.5098780555800257;-0.05776593666173441
北京租住保障性租赁房可提取公积金北京：月日起，租住保障性租赁房可提取公积金据北京日报：月日，北京住房公积金管理中心发布《关于进一步优化住房公积金提取业务的通知》（以下简称《通知》）。据悉，即日起，在本市租住保障性租赁房的家庭可以申请提取住房公积金，且职工每月的住房公积金展开;0.0249158249158249;-0.1354581356373708;0.3012242725513239;-0.02672555059342958
推动重大项目提速提质提效访郑州市市长何雄“三个一批”活动启动以来，郑州市牢固树立“项目为王”理念，建立党政主要领导齐抓共管的高位统筹推进机制，多措并举创环境、育链条、优服务、促达产，较好地实现了以项目建设强投资、扩内需、补短板、调结构、聚人才、惠民生的互促多赢，为稳增展开;0.0001346801346801;0.9958018099610436;0.5074668461502184;0.0017891240763662371
提信心促经济激活市场、取消限制性政策、优化二套房认定标准河南“”政策举措实施房地产长效机制网页链接月日，河南省政府新闻办召开新闻发布会，重点介绍河南省大力提振市场信心、促进经济稳定向好有关工作，并回答记者提问。全力拼经济发布会上，河南省住房和城乡展开;0.0021548821548821;-0.1440132675110748;0.4455452205192758;-0.0036347466980565413
今年河南全面推行新建商品房“交房即交证”河南推行新建商品房交房即交证据河南省政府网，从年月日起，河南省所有城镇规划范围内新取得国有建设用地使用权的预售商品房项目全面实施“交房即交证”，以切实解决群众关切的不动产权证“办证难”，优化营商环境，提升群众的获得感和满意度。;0.0394612794612794;-0.4186870368059291;0.3478454770685968;-0.15107874564306323
河南新建商品房交房即交证从年月日起，河南全面推行新建商品房“交房即交证”。根据规定，全省所有城镇规划范围内新取得国有建设用地使用权的预售商品房项目，房地产开发企业在向购房者交房的同时，还要交不动产登记证。为做好这项涉及千家万户切身利益的工作，郑州、开封、洛阳、安阳、漯河等省辖市先后开展了试点工作。省自然资源厅汇总全省实施经验，规范工作程序，建立了“交房即交证”不动产登记服务新模式，从源头上消除了过去交房与交证不同步带来的弊端，取得了积极的改革成效。截至年年底，全省已有个项目（小区）实现了“交房即交证”，共发证本。年的愿望清单（河南日报）;0.0216835016835016;-0.2832849723711781;0.3004035667897261;-0.04850811207539704
河南新建商品房交房即交证从年月日起，河南全面推行新建商品房“交房即交证”。根据规定，全省所有城镇规划范围内新取得国有建设用地使用权的预售商品房项目，房地产开发企业在向购房者交房的同时，还要交不动产登记证。为做好这项涉及千家万户切身利益的工作，郑州、开封、洛阳、安阳、漯河等省辖市先后开展了试点工作。省自然资源厅汇总全省实施经验，规范工作程序，建立了“交房即交证”不动产登记服务新模式，从源头上消除了过去交房与交证不同步带来的弊端，取得了积极的改革成效。截至年年底，全省已有个项目（小区）实现了“交房即交证”，共发证本。年的愿望清单（记者李运海）;0.0021548821548821;-0.5535219021370027;0.4906522960872047;-0.01538468125513542
落实金融支持房地产条措施央行多方面发力推动经济运行整体好转中国人民银行日表示，将从精准有力实施好稳健的货币政策，加大金融对国内需求和供给体系的支持力度等方面发力，推动经济运行整体好转，实现质的有效提升和量的合理增长。当日召开的年中国人民银行工作会议要求，展开;0.0002693602693602;0.8638750483238401;0.5776565918668749;0.003533544248961433
落实金融支持房地产条措施央行多方面发力推动经济运行整体好转中国人民银行日表示，将从精准有力实施好稳健的货币政策，加大金融对国内需求和供给体系的支持力度等方面发力，推动经济运行整体好转，实现质的有效提升和量的合理增长。当日召开的年中国人民银行工作会议要求，年人民银行系统要综合运用多种货币政策工具，保持流动性合理充裕。多措并举降低市场主体融资成本。支持恢复和扩大消费、重点基础设施和重大项目建设。坚持对各类所有制企业一视同仁，引导金融机构进一步解决好民营小微企业融资问题。落实金融支持房地产条措施，支持房地产市场平稳健康发展。会议提出，要持续推动金融风险防范化解。进一步发挥国务院金融委办公室牵头抓总作用。健全金融稳定保障基金管理制度。持续完善宏观审慎管理体系。加强金融控股公司监管。此外，会议还明确，要持续深化国际金融合作和对外开放。稳步扩大规则、规制、管理、标准等制度型开放。有序推进人民币国际化。持续深化金融改革。加强平台企业金融业务常态化监管。全面提升金融服务和管理水平。持续推进金融立法。有序推进数字人民币试点。强化金融消费权益保护。人民银行表示，年要突出做好稳增长、稳就业、稳物价工作，推动经济运行整体好转，实现质的有效提升和量的合理增长，有效防范化解重大金融风险，持续深化金融改革开放，为全面建设社会主义现代化国家开好局起好步提供有力的金融支持。（记者吴雨）;0.0852525252525252;-0.0261607707450666;0.5695968581409181;-0.033395019753304646
热点新闻回放我国外汇储备规模为亿美元两部门建立首套住房贷款利率政策动态调整机制银保监会：拟规定个人消费贷款期限不得超过年乡镇卫生院和社区卫生服务中心开设发热诊室日起对违反新冠疫情防控等行为不再以妨害传染病防治罪等论处学生票不再规定乘火锅车时间限展开;0.0002693602693602;-0.6322000308186337;0.5074668461502184;-0.0022717056444421274
刚需族注意首套住房个人住房贷款利率再迎动态调整月日，央行、银保监会发布《关于建立新发放首套住房个人住房贷款利率政策动态调整长效机制的通知》，决定建立首套住房贷款利率政策动态调整机制。专家表示，与降低首付等举措相比，降低房贷利率是推升商品房销售面积累计同比更有效的展开;0.0021548821548821;-0.8502333032442404;0.5080232790955586;-0.02446817526687749
关注事关首套房贷款利率四川城市服务台中国人民银行月日发布消息称，近日人民银行、银保监会发布通知，决定建立首套住房贷款利率政策动态调整机制。新建商品住宅销售价格环比和同比连续个月均下降的城市，可阶段性维持、下调或取消当地首套住房贷款利率政策下限。网页链接;0.0002693602693602;-0.6480797973320973;0.5076523237986651;-0.0023296181013220856
央行银保监会针对首套房贷发布通知中国人民银行月日发布消息称，近日人民银行、银保监会发布通知，决定建立首套住房贷款利率政策动态调整机制。新建商品住宅销售价格环比和同比连续个月均下降的城市，可阶段性维持、下调或取消当地首套住房贷款利率政策下限。人民银行表示，住房贷款利率政策展开;0.0002693602693602;0.7999999999999998;0.5074668461502184;0.0028746669202157457
港股午评：恒指涨内房股集体上涨财联社月日电，港股三大指数午间集体收涨，恒指涨，恒生科技指数涨，国指涨。南下资金半日净流入亿港元，大市成交额为亿港元。盘面上，大型科技股继续上涨，哔哩哔哩涨，阿里巴巴、腾讯涨，京东、百度涨。央行、银保监会建立首套住房贷款利率政策动态调整机制，内房股涨幅居前；教育股、手游股、半导体股、建材水泥、香港银行股等多股普涨；新东方在线涨，拟更名为“东方甄选控股有限公司”。;0.0014814814814814;-0.9119326795202988;0.5078378014471119;-0.018036005696705146
首套住房贷款利率政策动态调整机制建立首套住房贷款利率政策动态调整机制建立;0.0001346801346801;0.0200501860593849;0.5076523237986651;3.603667061610581e-05
首套个人住房贷款利率下限调整迎长效机制：更多城市利率或低于“”月日，央行、银保监会发布《关于建立新发放首套住房个人住房贷款利率政策动态调整长效机制的通知》，决定建立新发放首套住房商业性个人住房贷款利率政策动态调整长效机制，即：对于评估期内新建商品住宅销售价格环比和同比连续个月均下降的城市，阶段性放宽首套住房商业性个人住房贷款利率下限。地方政府按照因城施策原则，可自主决定自下一个季度起，阶段性维持、下调或取消当地首套住房商业性个人住房贷款利率下限。“整体来看，本次政策较去年的政策更加灵活，结合各个城市最新房价变动及时动态调整利率，降低购房成本，有利于更好地支持刚性和改善性住房需求。”中指研究院指数事业部市场研究总监陈文静认为，本次政策出台，意味着部分城市的首套房贷利率有望延续此前水平或有望进一步下调。按照相关政策规定，目前首套个人住房贷款利率下限为不低于相应期限贷款市场报价利率减个基点。目前年期以上为，即可低于。在此次《通知》发布前，央行、银保监会已经在去年四季度进行了“试点”。年月日发布的《关于阶段性调整差别化住房信贷政策的通知》规定，对于年月份新建商品住宅销售价格环比、同比均连续下降的城市，在年底前，阶段性放宽首套住房商业性个人住房贷款利率下限。二套住房商业性个人住房贷款利率政策下限按现行规定执行。据国家统计局公布的个主要城市数据，符合“年月份新建商品住宅销售价格环比、同比均连续下降”条件的城市有个，其中个二线城市，个三线城市。二线城市包括天津、石家庄、大连、哈尔滨、武汉、贵阳、昆明、兰州；三线城市包括泉州、温州、泸州、岳阳、宜昌、北海、大理、秦皇岛、湛江、包头、安庆、济宁、常德、襄阳和桂林。世纪经济报道记者了解到，在去年四季度期间，上述不少城市将首套个人住房贷款利率下限下调至低于，但也有城市未做调整，此外还有不少不在上述名单但符合条件的城市直接取消了首套个人住房贷款利率下限，由银行自主决定。详见：首套个人住房贷款利率下限调整迎长效机制：更多城市利率或低于“”（财经）购买三套以上住房原则上不支持首付比首套利率该降的都要降下来住建部部长谈买房租房;0.0053872053872053;0.9810127864778252;0.5102490108769192;0.07088864994881014
至少城可放宽“首套房贷利率下限”至以下郑州部分楼盘开始执行首付政策近日，人民银行、银保监会发布通知，决定建立首套住房贷款利率政策动态调整机制。符合条件的城市，可阶段性维持、下调或取消当地首套住房贷款利率政策下限。随后，住建部表示，对于购买第一套住房的要大力支持，首展开;0.0004040404040404;0.0144701096079571;0.5076523237986651;7.802240420760825e-05
住建部部长谈买房租房年房地产市场走向如何年房地产市场走向如何？住房和城乡建设部部长倪虹在接受总台央视记者的专访时，对这些备受关注的问题进行了解答。对于购买第一套住房的要大力支持购买三套以上住房原则上不支持首付比、首套利率该降的都要降下来。对于购展开;0.0001346801346801;0.0035673923024168;0.5074668461502184;6.409415401993665e-06
购买三套以上住房原则上不支持住建部：对于购买第一套住房的要大力支持首付比首套利率该降的都要降下来住房和城乡建设部部长倪虹表示：对于购买第一套住房的要大力支持。首付比、首套利率该降的都要降下来。对于购买第二套住房的，要合理支持。以旧换新、以小换大、生育多子女家庭都要给予政策支持。对于购买三套以上住房的，原则上不支持，就是不给投机炒房者重新入市留有空间。央视新闻）央视新闻的微博视频;0.0395959595959595;0.054408020058041;0.3541339703922339;0.020055694959885396
因城施策精准施策住建部部长谈买房租房住房和城乡建设部部长倪虹接受总台记者专访时表示：“对于购买第一套住房的，大力支持，首付比、首套利率该降的都要降下来；对于购买第二套住房的，要合理支持，以旧换新、以小换大等都要给予政策支持。同时，增加保障性租赁住房供给和长租房市场建展开;0.0005387205387205;0.9730280814045036;0.5074668461502184;0.0069928290951376
住建部部长：大力支持购买首套房原则上不支持购买三套以上房月日，据央视新闻，住建部部长倪虹接受专访时表示：对购买第一套住房的要大力支持，首付比、首套利率该降的都要降下来；对于购买三套以上住房的，原则上不支持，就是不给投机炒房者重新入市留有空间。增加保障性租赁住房的供给和长租展开;0.0005387205387205;0.2877814258285525;0.5076523237986651;0.002068945279869768
购买三套以上住房原则上不支持住建部：对于购买第一套住房的要大力支持首付比首套利率该降的都要降下来住房和城乡建设部部长倪虹表示，我们住房城乡建设工作千头万绪，又和人民群众利益相关，我们要实现质的有效提升和量的合理增长，必须要在精准上下功夫。首先问题要找得准，目标要瞄得准，展开;0.0014814814814814;0.6538613186354868;0.2694202469051087;0.006860700100029599
住建部部长谈买房租房住建部：对于购买第一套住房的要大力支持首付比首套利率该降的都要降下来住房和城乡建设部部长倪虹表示，我们住房城乡建设工作千头万绪，又和人民群众利益相关，我们要实现质的有效提升和量的合理增长，必须要在精准上下功夫。首先问题要找得准，目标要瞄得准，政策展开;0.0016161616161616;0.688596479868155;0.3427597921097836;0.010027572015357988
住建部部长谈买房租房住房和城乡建设部部长倪虹接受总台记者专访时表示：“对于购买第一套住房的，大力支持，首付比、首套利率该降的都要降下来；对于购买第二套住房的，要合理支持，以旧换新、以小换大等都要给予政策支持。同时，增加保障性租赁住房供给和长租房市场建设，让新市民、青年人展开;0.0005387205387205;0.505699031543402;0.435093095955134;0.003115976544298849
杭州限购由个区调整为个区今天（月日），杭州发布《关于优化调整房地产市场调控措施的通知》，明确从加大保障性住房建设和供给、优化住房限购政策、加强住房信贷支持力度、优化住宅用地供应、强化预售资金监管、规范房地产市场秩序等方面进一步完善房地产市场调控。《通知》明确优化住房限购政策，将本市住房限购范围调整为上城区、拱墅区、西湖区、滨江区。本市户籍家庭在本市限购范围内限购套住房；非本市户籍家庭在本市市区范围内有缴纳城镇社保或个人所得税记录的，在本市限购范围内限购套住房。此外，对参与本市限购范围内住房司法拍卖的竞买人，取消“须符合本市住房限购政策”限制。;0.0009427609427609;-0.231432063777155;0.4426935601589687;-0.0025391283069149673
晚安郑州中牟多子女家庭购房最高补贴万深圳国资委：必要时通过一切可能手段支持万科联合国已有名雇员在加沙丧生更多晚间新闻戳网页链接;0.0002693602693602;0.2890232684151176;0.5074668461502184;0.0010385570361069688
最高万中牟发布多子女家庭购房补贴办法根据市住房保障局、市财政局等部门联合印发的《关于进一步促进房地产市场平稳健康发展的通知》（郑房号），为落实多子女家庭购房补贴政策，做好多子女家庭购房补贴申领、发放等工作，更好满足辖区居民刚性和改善性住房需求，现就我县多子女家庭购房补贴办法通告如下：适用范围符合国家生育政策生育二孩、三孩且子女未成年的家庭，年月日至年月日（含起止日）期间，在中牟县范围购买新建商品住房（不含安置房、公租房、经适房）并完成契税缴纳（以购房合同网签时间为准）。补贴标准二孩家庭给予一次性万元套的购房补贴；三孩家庭给予一次性万元套的购房补贴。申请程序按照“购房人申请、完成审核、依次发放”的原则，按照下列程序申请。自通告发布之日起，补贴范围内的购房业主本人，可携带申报材料到中牟县房产大厦政务服务中心一楼大厅办理（咨询电话：）；收到申请后个工作日内完成审核；依据核准结果将补贴资金全额拨付至申请人个人账户。申报材料多子女家庭购房补贴申请表；身份证（验原件，收复印件）；户口簿（验原件，收复印件）；夫妻二人结婚证复印件（验原件，收复印件）；网签备案的《商品房买卖合同》（验原件，收“买卖合同信息备案摘要”页复印件）；契税完税凭证（验原件，收复印件）；购房人银行卡（复印件）。有关事项提出申请购房补贴，申请人必须是购房人本人，购房补贴以货币形式一次性发放，每个家庭只能享受一次。购房补贴资金申领受理期限自通告发布之日至年月日截止。凡是符合申请补贴条件的购房者，在规定时间内未申领补贴的，一律不再办理。补贴发放后，如出现退房、退款等解除《商品房买卖合同》的情况，应在《商品房买卖合同》解除前，按照申请途径自行退回购房补贴。对不配合退回购房补贴的，按有关规定处理并依法纳入个人征信系统。在办理补贴申请时，购房人提供虚假材料、虚假冒领、骗取财政补贴的，一经查实，按有关规定处理，构成犯罪的，移交司法机关处理。郑州市发布消费提醒;0.0005387205387205;0.3619008847110136;0.5074668461502184;0.0026008612541893916
郑州一地多孩家庭购房每套最高补贴万郑州高新区发布多子女家庭购房补贴办法最高补贴万元套近日，郑州高新技术产业开发区管委会发布关于年多子女家庭购房补贴办法的通告。对于符合国家生育政策生育二孩、三孩且子女未成年的家庭，年月日至年月日（含起止日）期间，在高新区范围购买新建商品住房（不含安置房、公租房、经适房）并完成契税缴纳（以购房合同网签时间为准）的，二孩家庭给予一次性万元套的购房补贴；三孩家庭给予一次性万元套的购房补贴。;0.0006734006734006;-0.0948790238892475;0.508394234392452;-0.0008538875936799653
郑州高新区多孩家庭购房每套最高补贴万郑州高新区发布多子女家庭购房补贴办法最高补贴万元套据“郑州高新发布”，近日，郑州高新技术产业开发区管委会发布关于年多子女家庭购房补贴办法的通告。对于符合国家生育政策生育二孩、三孩且子女未成年的家庭，年月日至年月日（含展开;0.0002693602693602;0.5297450424929182;0.5078378014471119;0.0019049421716738535
湖北大冶：购房补贴政策基础上三孩家庭可再获元平米奖补财联社月日电，湖北省黄石市大冶市出台《关于推进以县城为重要载体的新型城镇化建设，进一步促进我市房地产市场平稳健康发展的若干措施》，涉及购房补贴、支持多子女家庭购房等项措施。《措施》提出，对大冶市社区居民在大冶城区购买首套新建普通商品住房建筑面积平方米以下的，给予元平方米补贴。对政策执行期限内，生育二孩、三孩家庭购买新建商品住房的，在享受购房款补贴政策基础上，再分别给予元平方米、元平方米奖补。;0.0041750841750841;0.244730230482914;0.3904337325312223;0.010487126828240163
最高万一次性发放高新区发布多子女家庭购房补贴办法根据市住房保障局、市财政局等部门联合印发的《关于进一步促进房地产市场平稳健康发展的通知》（郑房号），为落实多子女家庭购房补贴政策，做好多子女家庭购房补贴申领、发放等工作，更好满足辖区居民刚性和改善性住房需求，现就我区多子女家庭购房补贴办法通告如下：一、适用范围符合国家生育政策生育二孩、三孩且子女未成年的家庭，年月日至年月日（含起止日）期间，在高新区范围购买新建商品住房（不含安置房、公租房、经适房）并完成契税缴纳（以购房合同网签时间为准）。二、补贴标准二孩家庭给予一次性万元套的购房补贴；三孩家庭给予一次性万元套的购房补贴。三、申请程序按照“购房人申请、完成审核、依次发放”的原则，按照下列程序申请。（一）自通告发布之日起，补贴范围内的购房业主本人，可携带申报材料到郑州高新区政务服务中心二楼号窗口办理（咨询电话：）。（二）收到申请后个工作日内完成审核。（三）依据核准结果将补贴资金全额拨付至申请人个人账户。四、申报材料多子女家庭购房补贴申请审核表（原件，一式三份）身份证（验原件，收复印件）户口簿（验原件，收复印件）夫妻二人结婚证复印件（验原件，收复印件）子女出生医学证明（验原件，收复印件）子女生育证或生育登记服务证（验原件，收复印件）网签备案的《商品房买卖合同》（验原件，收“买卖合同信息备案摘要”页复印件）契税完税凭证（验原件，收复印件）购房人银行卡（复印件）五、有关事项提出申请购房补贴，申请人必须是购房人本人，购房补贴以货币形式一次性发放，每个家庭只能享受一次。购房补贴资金申领受理期限自通告发布之日至年月日截止。凡是符合申请补贴条件的购房者，在规定时间内未申领补贴的，一律不再办理。补贴发放后，如出现退房、退款等解除《商品房买卖合同》的情况，应在《商品房买卖合同》解除前，按照申请途径自行退回购房补贴。对不配合退回购房补贴的，按有关规定处理并依法纳入个人征信系统。在办理补贴申请时，购房人提供虚假材料、虚假冒领、骗取财政补贴的，一经查实，按有关规定处理，构成犯罪的，移交司法机关处理。;0.0009427609427609;-0.0145225647423137;0.5076523237986651;-0.0001827122284047261
上海金山区非沪籍人才社保满年可购套房上海金山区非沪籍人才购房资格调整为个人月日，上海金山区出台人才安居新政。根据区域转型发展和产城融合需要确定金山区重点转型区域人才购房政策实施范围，包括滨海城区、高新社区以及亭枫社区三个重点区域，共计平方公里。方案提出，要聚焦重展开;0.0017508417508417;0.4735936359471521;0.3590113658301989;0.007825593463127998
上海金山区非沪籍人才社保满年可购套房上海金山区非沪籍人才购房资格调整为个人为深入落实《关于加快推进南北转型发展的实施意见》中关于“人才安居置业优选地”的工作要求，促进产城融合、实现职住平衡，月日，金山区出台人才安居新政。其中提到，要推动建立与职住平衡相适应的多主体供应、多渠道保障、租购并举的人才安居体系，将“分层次、有梯度”的人才住房政策作为集聚人才、留住人才的重要抓手。方案提出，要通过集中新建、商品房配建、非居住房屋改建转化、企业自筹等方式，多渠道筹措人才公寓房源，重点在产业集中、商务集聚等交通便捷、生产生活便利的区域选址布局。到“十四五”期末，争取金山区人才公寓房源规模达到万套以上。方案提出，要聚焦重点行业，实行人才积分认定管理，对符合一定积分标准的人才分类给予租房补贴；聚焦高层次人才，实行分等定级管理，对符合一定认定标准的人才分类给予购房补贴。同时，结合城镇布局、产业规划和转型需求，划定重点转型区域人才购房政策实施范围。经区人才管理部门认定，同时符合单位条件、个人条件以及工作年限条件的非本市户籍人才，按规定在沪缴纳职工社会保险或个人所得税年及以上、且在本市无住房的，可购买套住房，同时购房资格由居民家庭调整为个人。据悉，该方案的制定主要基于以下三个方面的考虑，一是紧扣金山区功能布局调整和经济结构升级需求，按照“智造集聚、文旅赋能、门户枢纽、生态宜居”的总体要求，聚焦重点产业、重大项目和社会事业等各类人才安居需求，推动区域职住平衡。二是以稳定就业、改善居住为导向，稳妥有序推进满足人才刚性住房需求，租购并举，营造人才安居宜居住房环境，保持区域内房地产市场供需平衡。三是坚持系统思维和整体观念，统筹区域经济和社会发展重点，系统谋划产业发展、人才建设和住房服务等多方面工作，突出产城融合，强化条块结合和部门协作，合力推进人才安居宜居。上海金山：非沪籍人才社保满年可购买套住房购房资格由家庭调整为个人查看图片;0.103030303030303;0.350692983439851;0.4088962290066784;0.3883841445029831
上海金山区非沪籍人才社保满年可购套房上海金山区非沪籍人才购房资格调整为个人;0.0018855218855218;0.5185995867298614;0.3087689255171255;0.007936950342100292
上海金山区非沪籍人才社保满年可购套房上海金山区非沪籍人才购房资格调整为个人月日，上海金山区出台人才安居新政。根据区域转型发展和产城融合需要确定金山区重点转型区域人才购房政策实施范围，包括滨海城区、高新社区以及亭枫社区三个重点区域，共计平方公里。方案提出，要聚焦重点行业，实行人才积分认定管理，对符合一定积分标准的人才分类给予租房补贴；聚焦高层次人才，实行分等定级管理，对符合一定认定标准的人才分类给予购房补贴。同时，结合城镇布局、产业规划和转型需求，划定重点转型区域人才购房政策实施范围。经区人才管理部门认定，同时符合单位条件、个人条件以及工作年限条件的非本市户籍人才，按规定在沪缴纳职工社会保险或个人所得税年及以上、且在本市无住房的，可购买套住房，同时购房资格由居民家庭调整为个人。;0.0273400673400673;0.3231420399002588;0.4172168019864021;0.09689718594127603
上海金山非沪籍人才社保满年可购买套住房上海金山：非沪籍人才社保满年可购买套住房购房资格由家庭调整为个人财联社月日电，上海金山区月日出台人才安居新政。根据区域转型发展和产城融合需要确定金山区重点转型区域人才购房政策实施范围，包括滨海城区、高新社区以及亭枫社区三个重点区域，共计平方公里。要聚焦重点行业，实行人才积分认定管理，对符合一定积分标准的人才分类给予租房补贴；聚焦高层次人才，实行分等定级管理，对符合一定认定标准的人才分类给予购房补贴。经区人才管理部门认定，同时符合单位条件、个人条件以及工作年限条件的非本市户籍人才，按规定在沪缴纳职工社会保险或个人所得税年及以上、且在本市无住房的，可购买套住房，同时购房资格由居民家庭调整为个人。上海金山区非沪籍人才购房资格调整为个人;0.0441750841750841;0.0427169969074937;0.3523788141703962;0.017480112418735
扬州日报扬州发布“免申即享”条政策清单本报讯（通讯员政务宣记者程宝军）记者日从市政务办获悉，为进一步促进经济持续回升向好，让更多惠企利民政策和资金实现“免申即享”，我市发布一批“免申即享”政策清单。扬州市市级“免申即享”政策清单一共条，其中涉及市发改委的有年市展开;0.0002693602693602;-0.5649552445164696;0.5076523237986651;-0.0020308146766500486
扬州日报刚性和改善性住房信贷需求稳步回升，上个月全市新发放个人房贷超亿元本报讯（记者孙小懿）记者日前从中国人民银行扬州市分行获悉，月，全市银行已实施“认房不认贷”政策，持续优化首套房贷的认定标准，最大限度扩大购房政策受惠面。据统计，月份全市新发放个人房贷亿元，较月、月分别增加亿元、亿元，刚性和改善性住房信贷需求稳步回升。据悉，今年以来，住房和城乡建设部、财政部、中国人民银行、国家金融监管总局等部门相继出台多项政策，提振市场信心，稳定市场预期，促进房地产市场平稳健康发展。我市也于今年月、月先后出台《关于积极支持刚需和改善性住房需求的通知》和《关于促进市区房地产市场平稳健康发展的通知》，内容涉及继续鼓励人才和生育二孩以上家庭购房、调整限售限购条件、完善二手房交易政策、阶段性上调住房公积金贷款最高额度等多方面。月份，扬城银行也纷纷执行“认房不认贷”新政，首套房贷的认定标准较之前更加优化。此外，首套房贷的利率也已经跌至的历史新低。诸多利好政策，无疑也进一步提振了市场信心。;-0.0009427609427609;0.0372536022845856;0.3429754221872979;-0.00031665706912936486
省直住房公积金调整优化信贷，有关政策一起了解民生视角为进一步发挥住房公积金信贷作用，支持缴存职工刚性和改善性住房需求，省直住房公积金调整优化信贷有关政策，有关政策、问答一起来看浙江省直公积金;0.0002693602693602;0.9999464391148798;0.5074668461502184;0.0035931411881388424
中央金融工作会议：促进金融与房地产良性循环中央金融工作会议月日至日在北京举行。会议强调，促进金融与房地产良性循环，健全房地产企业主体监管制度和资金监管，完善房地产金融宏观审慎管理，一视同仁满足不同所有制房地产企业合理融资需求，因城施策用好政策工具箱，更好支持刚性和改善性住房需求，加快保障性住房等“三大工程”建设，构建房地产发展新模式。;0.006060606060606;0.2905313231910661;0.3592282283603669;0.01662783885085284
中央金融工作会议全文中央金融工作会议月日至日在北京举行。中共中央总书记、国家主席、中央军委主席习近平出席会议并发表重要讲话。中共中央政治局常委李强、赵乐际、王沪宁、蔡奇、丁薛祥、李希出席会议。习近平在重要讲话中总结党的十八大以来金融工作，分析金融高质量发展面临的形势，部署当前和今后一个时期的金融工作。李强对做好金融工作作了具体部署。会议强调，金融是国民经济的血脉，是国家核心竞争力的重要组成部分，要加快建设金融强国，全面加强金融监管，完善金融体制，优化金融服务，防范化解风险，坚定不移走中国特色金融发展之路，推动我国金融高质量发展，为以中国式现代化全面推进强国建设、民族复兴伟业提供有力支撑。会议指出，党的十八大以来，在党中央集中统一领导下，金融系统有力支撑经济社会发展大局，坚决打好防范化解重大风险攻坚战，为如期全面建成小康社会、实现第一个百年奋斗目标作出了重要贡献。党中央把马克思主义金融理论同当代中国具体实际相结合、同中华优秀传统文化相结合，努力把握新时代金融发展规律，持续推进我国金融事业实践创新、理论创新、制度创新，奋力开拓中国特色金融发展之路，强调必须坚持党中央对金融工作的集中统一领导，坚持以人民为中心的价值取向，坚持把金融服务实体经济作为根本宗旨，坚持把防控风险作为金融工作的永恒主题，坚持在市场化法治化轨道上推进金融创新发展，坚持深化金融供给侧结构性改革，坚持统筹金融开放和安全，坚持稳中求进工作总基调。这些实践成果、理论成果来之不易。同时要清醒看到，金融领域各种矛盾和问题相互交织、相互影响，有的还很突出，经济金融风险隐患仍然较多，金融服务实体经济的质效不高，金融乱象和腐败问题屡禁不止，金融监管和治理能力薄弱。金融系统要切实提高政治站位，胸怀“国之大者”，强化使命担当，下决心从根本上解决这些问题，以金融高质量发展助力强国建设、民族复兴伟业。会议强调，当前和今后一个时期，做好金融工作必须坚持和加强党的全面领导，以习近平新时代中国特色社会主义思想为指导，全面贯彻党的二十大精神，完整、准确、全面贯彻新发展理念，深刻把握金融工作的政治性、人民性，以加快建设金融强国为目标，以推进金融高质量发展为主题，以深化金融供给侧结构性改革为主线，以金融队伍的纯洁性、专业性、战斗力为重要支撑，以全面加强监管、防范化解风险为重点，坚持稳中求进工作总基调，统筹发展和安全，牢牢守住不发生系统性金融风险的底线，坚定不移走中国特色金融发展之路，加快建设中国特色现代金融体系，不断满足经济社会发展和人民群众日益增长的金融需求，不断开创新时代金融工作新局面。会议指出，高质量发展是全面建设社会主义现代化国家的首要任务，金融要为经济社会发展提供高质量服务。要着力营造良好的货币金融环境，切实加强对重大战略、重点领域和薄弱环节的优质金融服务。始终保持货币政策的稳健性，更加注重做好跨周期和逆周期调节，充实货币政策工具箱。优化资金供给结构，把更多金融资源用于促进科技创新、先进制造、绿色发展和中小微企业，大力支持实施创新驱动发展战略、区域协调发展战略，确保国家粮食和能源安全等。盘活被低效占用的金融资源，提高资金使用效率。做好科技金融、绿色金融、普惠金融、养老金融、数字金融五篇大文章。要着力打造现代金融机构和市场体系，疏通资金进入实体经济的渠道。优化融资结构，更好发挥资本市场枢纽功能，推动股票发行注册制走深走实，发展多元化股权融资，大力提高上市公司质量，培育一流投资银行和投资机构。促进债券市场高质量发展。完善机构定位，支持国有大型金融机构做优做强，当好服务实体经济的主力军和维护金融稳定的压舱石，严格中小金融机构准入标准和监管要求，立足当地开展特色化经营，强化政策性金融机构职能定位，发挥保险业的经济减震器和社会稳定器功能。强化市场规则，打造规则统一、监管协同的金融市场，促进长期资本形成。健全法人治理，完善中国特色现代金融企业制度，完善国有金融资本管理，拓宽银行资本金补充渠道，做好产融风险隔离。要着力推进金融高水平开放，确保国家金融和经济安全。坚持“引进来”和“走出去”并重，稳步扩大金融领域制度型开放，提升跨境投融资便利化，吸引更多外资金融机构和长期资本来华展业兴业。增强上海国际金融中心的竞争力和影响力，巩固提升香港国际金融中心地位。会议强调，要全面加强金融监管，有效防范化解金融风险。切实提高金融监管有效性，依法将所有金融活动全部纳入监管，全面强化机构监管、行为监管、功能监管、穿透式监管、持续监管，消除监管空白和盲区，严格执法、敢于亮剑，严厉打击非法金融活动。及时处置中小金融机构风险。建立防范化解地方债务风险长效机制，建立同高质量发展相适应的政府债务管理机制，优化中央和地方政府债务结构。促进金融与房地产良性循环，健全房地产企业主体监管制度和资金监管，完善房地产金融宏观审慎管理，一视同仁满足不同所有制房地产企业合理融资需求，因城施策用好政策工具箱，更好支持刚性和改善性住房需求，加快保障性住房等“三大工程”建设，构建房地产发展新模式。维护金融市场稳健运行，规范金融市场发行和交易行为，合理引导预期，防范风险跨区域、跨市场、跨境传递共振。加强外汇市场管理，保持人民币汇率在合理均衡水平上的基本稳定。防范化解金融风险，要把握好权和责的关系，健全权责一致、激励约束相容的风险处置责任机制；把握好快和稳的关系，在稳定大局的前提下把握时度效，扎实稳妥化解风险，坚决惩治违法犯罪和腐败行为，严防道德风险；对风险早识别、早预警、早暴露、早处置，健全具有硬约束的金融风险早期纠正机制。会议指出，加强党中央对金融工作的集中统一领导，是做好金融工作的根本保证。要完善党领导金融工作的体制机制，发挥好中央金融委员会的作用，做好统筹协调把关。发挥好中央金融工作委员会的作用，切实加强金融系统党的建设。发挥好地方党委金融委员会和金融工委的作用，落实属地责任。要坚持政治过硬、能力过硬、作风过硬标准，锻造忠诚干净担当的高素质专业化金融干部人才队伍。要在金融系统大力弘扬中华优秀传统文化，坚持诚实守信、以义取利、稳健审慎、守正创新、依法合规。要加强金融法治建设，及时推进金融重点领域和新兴领域立法，为金融业发展保驾护航。会议强调，习近平总书记的重要讲话，科学回答了金融事业发展的一系列重大理论和实践问题，是习近平经济思想的重要组成部分，是马克思主义政治经济学关于金融问题的重要创新成果，为新时代新征程推动金融高质量发展提供了根本遵循和行动指南。各地区各部门要深入学习领会、自觉贯彻落实。要完善金融宏观调控，准确把握货币信贷供需规律和新特点，加强货币供应总量和结构双重调节。加强优质金融服务，扩大金融高水平开放，服务好“走出去”和“一带一路”建设，稳慎扎实推进人民币国际化。健全金融监管机制，建立健全监管责任落实和问责制度，有效防范化解重点领域金融风险。着力做好当前金融领域重点工作，加大政策实施和工作推进力度，保持流动性合理充裕、融资成本持续下降，活跃资本市场，更好支持扩大内需，促进稳外贸稳外资，加强对新科技、新赛道、新市场的金融支持，加快培育新动能新优势。会议要求，各地区各部门特别是金融系统要进一步把思想和行动统一到习近平总书记重要讲话精神和党中央决策部署上来，坚持目标导向、问题导向，全面加强党对金融工作的领导，扎实做好加强金融监管、防范化解金融风险、推动金融高质量发展等重点工作，加快建设金融强国，抓好会议精神宣传贯彻，加强金融干部人才队伍建设，确保工作部署落实落地。何立峰作总结讲话。中国人民银行、金融监管总局、中国证监会、北京市、辽宁省、湖北省、四川省负责同志作交流发言。中共中央政治局委员、中央书记处书记，全国人大常委会有关领导同志，国务委员，最高人民法院院长，全国政协有关领导同志出席会议。中央金融委员会委员，各省区市和计划单列市、新疆生产建设兵团，中央和国家机关有关部门、有关人民团体、中央军委机关有关部门，中央管理的金融机构、部分企业主要负责同志等参加会议。中央金融工作会议在北京举行;0.0126599326599326;-0.8500002289600244;0.5236034015650828;-0.14811847438027295
国家金融监督管理总局：积极配合化解地方债务风险，促进金融与房地产良性循环钛媒体月日消息，月日至日，金融监管总局召开学习贯彻中央金融工作会议精神专题研讨班暨监管工作座谈会，会议强调，要坚持目标导向、问题导向，对风险早识别、早预警、早暴露、早处置，牢牢守住不发生系统性金融风险底线。深入推进中小金融机构改革转型。更好发挥保险业经济“减震器”和社会“稳定器”功能。积极配合化解地方债务风险。促进金融与房地产良性循环。大力支持超大特大城市“平急两用”公共基础设施、城中村改造、保障性住房等“三大工程”建设。;0.0002693602693602;0.029130850433498;0.5074668461502184;0.00010467686512366156
国家金融监督管理总局：积极配合化解地方债务风险促进金融与房地产良性循环财联社月日电，金融监管总局召开学习贯彻中央金融工作会议精神专题研讨班暨监管工作座谈会，会议强调，要坚持目标导向、问题导向，对风险早识别、早预警、早暴露、早处置，牢牢守住不发生系统性金融风险底线。深入推进中小金融机构改革转型。更好发挥保险业经济“减震器”和社会“稳定器”功能。积极配合化解地方债务风险。促进金融与房地产良性循环。大力支持超大特大城市“平急两用”公共基础设施、城中村改造、保障性住房等“三大工程”建设。;0.0088888888888888;-0.0534722421686879;0.5131710762971399;-0.006412012725788923
住建部部长倪虹：解决好新市民、青年人的住房问题让他们放开手脚为美好生活去奋斗财联社月日电，“三大工程”建设是党中央作出的重大战略部署，“三大工程”的基本要求是什么？对此，住房城乡建设部党组书记、部长倪虹在接受采访时表示，近日召开的中央金融工作会议提出，加快保障性住房等“三大工程”建设。这是中央作出的重大决策部署，是根据房地产市场新形势推出的重要举措。目前，有关工作已经启动。规划建设保障性住房，是完善住房制度和供应体系、重构市场和保障关系的重大改革。这次改革的重点是拓展了配售型保障性住房的新路子，最终是实现政府保障基本需求、市场满足多层次住房需求，建立租购并举的住房制度。要求是，城市党委、政府担负起主体责任，解决好群众的住房问题，尤其是新市民、青年人的住房问题，让他们放开手脚为美好生活去奋斗。青年人有希望，城市才能有未来。城中村改造，是解决群众急难愁盼问题的重大民生工程，重点是，消除安全风险隐患，改善居住环境，促进产业转型升级，推动城市高质量发展。“平急两用”公共基础设施建设，是统筹发展与安全、提高城市韧性的重大举措，关键是，平时用得着、急时用得上。;0.0165656565656565;-0.2946752925699472;0.5176681168147879;-0.0664293689797614
倪虹称解决好新市民青年人的住房问题住建部部长倪虹：解决好新市民、青年人的住房问题让他们放开手脚为美好生活去奋斗每经快讯，月日，“三大工程”建设是党中央作出的重大战略部署，“三大工程”的基本要求是什么？对此，住房城乡建设部党组书记、部长倪虹在接受采访时表示，近日召开查看图片展开;0.0018855218855218;0.0581249699957683;0.4165650987127924;0.0012001444812855353
业内人士：取消地价限制有利于吸引房企拿地财联社月日电，杭州第批次宗宅地月日挂牌出让，土地限价规则取消，恢复“价高者得”的竞价方式。数据显示，个采取“两集中”土地出让方式的城市中，有个城市已经取消土地限价。业内人士表示，取消地价限制，有利于吸引房企拿地，进而逐步恢复投资热情。浙江大学国际联合商学院数字经济与金融创新研究中心联席主任、研究员盘和林对记者表示，目前，房企杠杆过高，绝大多数房企为了降杠杆都选择减少拿地，聚焦房屋存量去库存，而地方政府面临土地出让增加财政收入的压力，因此两者之间存在一定矛盾。取消地价限制，有利于吸引房企拿地，进而逐步恢复投资热情。中证报;0.007003367003367;-0.2119787886054474;0.437389609115021;-0.017069629142962506
多个热点城市取消土地限价，业内：有利于吸引房企拿地，逐步恢复投资热情月日，杭州第批次宗宅地挂牌出让，土地限价规则取消，恢复“价高者得”的竞价方式。放开地价的同时，杭州部分区域放开了新房限价政策。数据显示，个采取“两集中”土地出让方式的城市中，有个城市已经取消土地展开;0.0037710437710437;-0.0063304413926237;0.3977363112471527;-0.00024960147071964014
多城调整土地限价政策月日，杭州第批次宗宅地挂牌出让，土地限价规则取消，恢复“价高者得”的竞价方式。数据显示，个采取“两集中”土地出让方式的城市中，有个城市已经取消土地限价。业内人士表示，取消地价限制，有利于吸引房企拿地，进而逐步恢复投资热情。浙江大学国际联合商学院数字经济与金融创新研究中心联席主任、研究员盘和林对记者表示，目前，房企杠杆过高，绝大多数房企为了降杠杆都选择减少拿地，聚焦房屋存量去库存，而地方政府面临土地出让增加财政收入的压力，因此两者之间存在一定矛盾。取消地价限制，有利于吸引房企拿地，进而逐步恢复投资热情。（中证报）;0.0009427609427609;0.2754408799015079;0.6478003937200179;0.004422089410055868
多个热点城市调整土地限价政策月日，杭州第批次宗宅地挂牌出让，土地限价规则取消，恢复“价高者得”的竞价方式。数据显示，个采取“两集中”土地出让方式的城市中，有个城市已经取消土地限价。业内人士表示，取消地价限制，有利于吸引房企拿地，进而逐步恢复投资热情。浙江大学国际联合商学院数字经济与金融创新研究中心联席主任、研究员盘和林对记者表示，目前，房企杠杆过高，绝大多数房企为了降杠杆都选择减少拿地，聚焦房屋存量去库存，而地方政府面临土地出让增加财政收入的压力，因此两者之间存在一定矛盾。取消地价限制，有利于吸引房企拿地，进而逐步恢复投资热情。（中证报；艾塔）多个热点城市调整土地限价政策;0.001077441077441;0.5297450424929182;0.5082087567440053;0.007625334624378855
杭州土地出让不再摇号恢复价高者得，六主城区新房仍限价月日，杭州宗宅地挂牌。公告明确，该批涉宅地块实行自由竞价，按照价高者得的原则确定竞得人。澎湃新闻注意到，这意味着杭州土地出让恢复“价高者得”竞价方式，不再摇号。同时，宗地块中，位于上城、拱墅、滨江、西湖、萧山、余杭六区的依然限新房房价，位于富阳、临安、临平、钱塘四区房价不再设限，取消“双限”。网页链接;0.0076767676767676;0.285425662037738;0.3559617096229428;0.020503642989805643
杭州土地取消限价杭州第批次宗宅地挂牌，随之而来的是众望所归的土拍新规：土地恢复“价高者得”的竞价方式，不再摇号；上城、拱墅、滨江、西湖、萧山、余杭六区依然限房价，富阳、临安、临平、钱塘四区房价不再设限。今年月底，自然资源部下发有关文件，文件建议各省市自然资源部主管部门，取消土地拍卖中的地价限制、建议取消远郊容积率限制等。截至发稿，个集中供地城市中，有个城市已相继发布新挂牌宅地公告，包括杭州在内的城不再设置地价上限；其中，郑州的部分城区依然限制了地价；仅北京、上海则维持地价、房价“双限”。杭州土地取消限价;0.0025589225589225;-0.2293973477962335;0.3844907047009917;-0.005933182579811737
杭州土地取消限价财联社月日电，杭州第批次宗宅地挂牌，随之而来的是众望所归的土拍新规：土地恢复“价高者得”的竞价方式，不再摇号；上城、拱墅、滨江、西湖、萧山、余杭六区依然限房价，富阳、临安、临平、钱塘四区房价不再设限。今年月底，自然资源部下发有关文件，文件建议各省市自然资源部主管部门，取消土地拍卖中的地价限制、建议取消远郊容积率限制等。截至发稿，个集中供地城市中，有个城市已相继发布新挂牌宅地公告，包括杭州在内的城不再设置地价上限；其中，郑州的部分城区依然限制了地价；仅北京、上海则维持地价、房价“双限”。潮新闻;0.003097643097643;0.8631625971267823;0.5792302334341356;0.04071285381919325
厦门全面取消买房限购权威解读、不再审核购房人资格；、首套住房商业性个人住房贷款最低首付款比例为；、多子女家庭（二孩及以上）购买的第二套住房认定为首套；、异地住房公积金缴存职工家庭可向我市申请住房公积金贷款用于购买本市住房等。更多网页链接厦门日报的微博视频;0.0001346801346801;0.1847276368366432;0.5074668461502184;0.00033189401678995376
厦门全面取消买房限购权威解读、不再审核购房人资格；、首套住房商业性个人住房贷款最低首付款比例为；、多子女家庭（二孩及以上）购买的第二套住房认定为首套；、异地住房公积金缴存职工家庭可向我市申请住房公积金贷款用于购买本市住房等。更多网页链接展开;0.0;-0.1310850755630219;0.3149191718020854;-0.0
厦门多子女家庭购二套房认定为首套厦门：多子女家庭（二孩及以上）购买的第二套住房认定为首套厦门市住房保障和房屋管理局发布关于进一步优化房地产市场相关政策的通知。在思明区、湖里区购买一手、二手商品住房，不再审核购房人资格，限售措施保持不变。优化家庭住房套数认定标准。在厦门市辖区展开;0.0004040404040404;0.284394611261516;0.4172264742393424;0.0012603012015048537
厦门：多子女家庭（二孩及以上）购买的第二套住房认定为首套厦门多子女家庭购买二套房可被认定首套厦门市促进房地产市场平稳健康发展领导小组办公室发布《关于进一步优化房地产市场相关政策的通知》。其中明确，在厦门市辖区范围内，多子女家庭（二孩及以上）购买的第二套住房认定为首套，购买的第三套住房认定为二套。多子女家庭根据政府相关部门出具的住房套数认定证明，向银行申请商业性个人住房贷款。有关部门按照现行政策适时组织配套执行。住房套数认定未涉及住房税收政策。（界面新闻）;0.0074074074074074;0.1432031261674943;0.3614205894102852;0.010078315570306797
厦门：多子女家庭（二孩及以上）购买的第二套住房认定为首套厦门多子女家庭购买二套房可被认定首套厦门市促进房地产市场平稳健康发展领导小组办公室发布《关于进一步优化房地产市场相关政策的通知》。其中明确，在厦门市辖区范围内，多子女家庭（二孩及以上）购买的第二套住房认定为首套，购买的展开;0.0074074074074074;0.3893607320196013;0.5085797120408988;0.038559708793051345
厦门多子女家庭第二套住房认定为首套据界面新闻报道：厦门市促进房地产市场平稳健康发展领导小组办公室发布《关于进一步优化房地产市场相关政策的通知》。其中明确，在厦门市辖区范围内，多子女家庭（二孩及以上）购买的第二套住房认定为首套，购买的第三套住房认定为二套。多子女家庭根据政府相展开;-0.0117171717171717;0.0404978445202377;0.3545808412941752;-0.004423095353531297
厦门多子女家庭买二套房认定为首套厦门市促进房地产市场平稳健康发展领导小组办公室发布《关于进一步优化房地产市场相关政策的通知》。其中明确，在厦门市辖区范围内，多子女家庭（二孩及以上）购买的第二套住房认定为首套，购买的第三套住房认定为二套。多子女家庭根据政府相关部门出具的住房套数认定证明，向银行申请商业性个人住房贷款。有关部门按照现行政策适时组织配套执行。住房套数认定未涉及住房税收政策。（厦门市住房保障和房屋管理局）;0.0075420875420875;-0.2625953734122003;0.3810025171777011;-0.019836398147835388
厦门多子女家庭第二套住房认定为首套据界面新闻报道：厦门市促进房地产市场平稳健康发展领导小组办公室发布《关于进一步优化房地产市场相关政策的通知》。其中明确，在厦门市辖区范围内，多子女家庭（二孩及以上）购买的第二套住房认定为首套，购买的第三套住房认定为二套。多子女家庭根据政府相关部门出具的住房套数认定证明，向银行申请商业性个人住房贷款。有关部门按照现行政策适时组织配套执行。住房套数认定未涉及住房税收政策。关于进一步优化房地产市场相关政策的通知各相关单位：为贯彻落实党中央、国务院决策部署，坚持房子是用来住的、不是用来炒的定位，适应房地产市场供求关系发生重大变化的新形势，加大保障性住房建设和供给，让商品住房回归商品属性，更好满足改善性住房需求，促进“稳地价、稳房价、稳预期”，推动房地产业转型和高质量发展，现将有关事项通知如下：一、调整思明区、湖里区调控措施在思明区、湖里区购买商品住房，不再审核购房人资格（商品住房项目土地出让合同中另有约定的除外）。二、适时调整思明区、湖里区住房贷款政策适时调整优化思明区、湖里区首套和二套住房商业性个人住房贷款最低首付比例和利率下限。三、优化家庭住房套数认定标准在我市辖区范围内，调整优化多子女家庭（二孩及以上）住房套数认定标准。有关部门按照现行政策适时组织配套执行。四、优化住房公积金提取及贷款政策阶段性支持住房公积金异地贷款（执行至年月日）。允许缴存人按年提取住房公积金偿还住房贷款本金。完善住房公积金贷款缩期，支持住房公积金贷款展期和变更还款方式。五、提升商品住宅品质支持房地产开发企业针对购房人需求提供不同档次装修标准，提升住宅品质，实现差异化产品供给。鼓励住宅户型设计创新，探索推行高品质、低强度的绿色、生态、科技住宅小区。六、降低开发企业成本支持企业使用银行保函缴纳土地竞买保证金，加快土拍后土地竞买保证金退还，免除新出让商住用地土地出让金支付期限内的利息。七、支持开发企业加快销售延续商品住房预售许可工程形象进度标准支持政策，《关于调整商品住房预售许可工程形象进度标准的通知》（厦房号）实施期限延至年月日。本通知自发布之日起实施。厦门市促进房地产市场平稳健康发展领导小组办公室年月日;0.0614141414141414;0.0452225700500196;0.3465915945532846;0.025304513004007434
厦门多子女家庭购买第二套住房认定为首套厦门多子女家庭二孩及以上购买的第二套住房认定为首套厦门市住房保障和房屋管理局发布关于进一步优化房地产市场相关政策的通知。在思明区、湖里区购买一手、二手商品住房，不再审核购房人资格，限售措施保持不变。优化家庭住房套数认定标准。在厦门市辖区范围内，多子女家庭（二孩及以上）购买的第二套住房认定为首套，购买的第三套住房认定为二套。（厦门市住房保障和房屋管理局）;0.0017508417508417;0.3808819352089432;0.45207232070743;0.007925041024120495
厦门：多子女家庭（二孩及以上）购买的第二套住房认定为首套厦门市发布进一步优化房地产市场相关政策。其中包括：在思明区、湖里区购买一手、二手商品住房，不再审核购房人资格，限售措施保持不变。优化家庭住房套数认定标准。在厦门市辖区范围内，多子女家庭（二孩及以上）购买的第二套住房认定为首套，购买的第三套住房认定为二套。;0.0012121212121212;0.5160881061354425;0.3951653817812309;0.00649838033336473
厦门多子女家庭购买的第二套住房认定为首套厦门：多子女家庭（二孩及以上）购买的第二套住房认定为首套财联社月日电，厦门市发布进一步优化房地产市场相关政策。其中包括：在思明区、湖里区购买一手、二手商品住房，不再审核购房人资格，限售措施保持不变。对于贷款购买思明区、湖里区商品住房的居民家庭，首套住房商业性个人住房贷款最低首付款比例为，二套住房商业性个人住房贷款最低首付款比例为。优化家庭住房套数认定标准。在厦门市辖区范围内，多子女家庭（二孩及以上）购买的第二套住房认定为首套，购买的第三套住房认定为二套。;0.0052525252525252;0.1203856982584231;0.4287154946975183;0.007126373130057646
厦门多子女家庭购二套房认定为首套厦门：多子女家庭（二孩及以上）购买的第二套住房认定为首套厦门市住房保障和房屋管理局发布关于进一步优化房地产市场相关政策的通知。在思明区、湖里区购买一手、二手商品住房，不再审核购房人资格，限售措施保持不变。优化家庭住房套数认定标准。在厦门市辖区范围内，多子女家庭（二孩及以上）购买的第二套住房认定为首套，购买的第三套住房认定为二套。;0.0013468013468013;0.6512942770619418;0.6105016785015279;0.01407745017732555
厦门：多子女家庭（二孩及以上）购买的第二套住房认定为首套厦门市发布进一步优化房地产市场相关政策。其中包括：在思明区、湖里区购买一手、二手商品住房，不再审核购房人资格，限售措施保持不变。优化家庭住房套数认定标准。在厦门市辖区范围内，多子女家庭（二孩及以上）购买的第二套住房认定为展开;0.0013468013468013;0.0918911050034509;0.3343024944878275;0.001087609433490488
三部门联合要求一视同仁支持房企合理融资三部门联合召开机构座谈会，资本市场支持房企融资两大要点明确在月日中国人民银行、金融监管总局、中国证监会联合召开的金融机构座谈会上，房地产金融是会议研究的重点内容之一。会议明确，将一视同仁满足不同所有制房地产企业合理融资需求，对正常经营的房地产企业不惜贷、抽贷、断贷。同时，继续用好“第二支箭”支持民营房地产企业发债融资。支持房地产企业通过资本市场合理股权融资。第一财经记者获悉，金融管理部门将贯彻中央金融工作会议部署要求，积极支持稳妥防范化解大型房企风险，共同做好房地产企业合理融资支持和融资监管，支持促进房地产行业平稳健康发展。一视同仁满足不同所有制房地产企业合理融资需求，同时，稳妥做好房地产金融相关风险处置和违规查处。三部门联合召开机构座谈会，资本市场支持房企融资两大要点明确;0.014006734006734;0.1575579141295774;0.36186067361413;0.020993015376337167
涉及信贷、房地产、地方债务三部委金融机构座谈会传递多个信号月日晚，中国人民银行、金融监管总局、中国证监会联合召开金融机构座谈会。会议强调，下一步，要继续加大政策落实和工作推进力度，持之以恒营造良好的货币金融环境。同时，会议还对房地产市场着墨颇多。会议指出，各金融机构要一视同仁满足不同所有制房地产企业合理融资需求，对正常经营的房地产企业不惜贷、抽贷、断贷；继续用好“第二支箭”支持民营房地产企业发债融资等。多位受访的分析人士认为，座谈会聚焦并着力解决当前金融领域面临的主要矛盾和突出问题，预计下一步有关部门将加快落实中央金融工作会议精神，稳经济政策应继续发力，必要时加大实施力度并出台新的对策措施，更有力地促进宏观经济稳定和恢复。;0.0014814814814814;-0.0777119234744936;0.5215044720246749;-0.0015783316127727584
三部门：一视同仁满足不同所有制房地产企业合理融资需求月日，中国人民银行、金融监管总局、中国证监会联合召开金融机构座谈会。会议强调，过去一段时间，金融部门积极配合行业主管部门和地方政府，从房地产市场的供需两端综合施策，保持信贷、债券、股权等重点融资渠道稳定，支持改善行业经营，优化调整个人住房贷款政策，着力稳定房地产市场，取得了良好的效果。近日金融部门和行业主管部门联合召开代表性房地产企业座谈会，调研了解行业风险化解和高质量发展的主要金融需求。各金融机构要深入贯彻落实中央金融工作会议部署，坚持“两个毫不动摇”，一视同仁满足不同所有制房地产企业合理融资需求，对正常经营的房地产企业不惜贷、抽贷、断贷。继续用好“第二支箭”支持民营房地产企业发债融资。支持房地产企业通过资本市场合理股权融资。要继续配合地方政府和相关部门，坚持法治化、市场化原则，加大保交楼金融支持，推动行业并购重组。要积极服务保障性住房等“三大工程”建设，加快房地产金融供给侧改革，推动构建房地产发展新模式。;0.0001346801346801;-0.625;0.508394234392452;-0.0011249688796816982
三部门：对正常经营的房地产企业不惜贷、抽贷、断贷，支持房地产企业通过资本市场合理融资中国人民银行、金融监管总局、中国证监会联合召开金融机构座谈会，研究近期房地产金融、信贷投放、融资平台债务风险化解等重点工作。会议强调，过去一段时间，金融部门积极配合行业主管部门和地方政府，从房地产市场的供需两端综合施策，保持信贷、债券、股权等重点融资渠道稳定，支持改善行业经营，优化调整个人住房贷款政策，着力稳定房地产市场，取得了良好的效果。近日金融部门和行业主管部门联合召开代表性房地产企业座谈会，调研了解行业风险化解和高质量发展的主要金融需求。各金融机构要深入贯彻落实中央金融工作会议部署，坚持“两个毫不动摇”，一视同仁满足不同所有制房地产企业合理融资需求，对正常经营的房地产企业不惜贷、抽贷、断贷。继续用好“第二支箭”支持民营房地产企业发债融资。支持房地产企业通过资本市场合理股权融资。要继续配合地方政府和相关部门，坚持法治化、市场化原则，加大保交楼金融支持，推动行业并购重组。要积极服务保障性住房等“三大工程”建设，加快房地产金融供给侧改革，推动构建房地产发展新模式。（财联社）;0.0008080808080808;0.3246457796749951;0.5074668461502184;0.0034996818135734583
三部门：一视同仁满足不同所有制房地产企业合理融资需求中国人民银行、金融监管总局、中国证监会联合召开金融机构座谈会，研究近期房地产金融、信贷投放、融资平台债务风险化解等重点工作。会议强调，过去一段时间，金融部门积极配合行业主管部门和地方政府，从房地产市场的供需两端综合施策，保持信贷、债券、股权等重点融资渠道稳定，支持改善行业经营，优化调整个人住房贷款政策，着力稳定房地产市场，取得了良好的效果。近日金融部门和行业主管部门联合召开代表性房地产企业座谈会，调研了解行业风险化解和高质量发展的主要金融需求。各金融机构要深入贯彻落实中央金融工作会议部署，坚持“两个毫不动摇”，一视同仁满足不同所有制房地产企业合理融资需求，对正常经营的房地产企业不惜贷、抽贷、断贷。继续用好“第二支箭”支持民营房地产企业发债融资。支持房地产企业通过资本市场合理股权融资。要继续配合地方政府和相关部门，坚持法治化、市场化原则，加大保交楼金融支持，推动行业并购重组。要积极服务保障性住房等“三大工程”建设，加快房地产金融供给侧改革，推动构建房地产发展新模式。（财联社）;0.0006734006734006;-0.8259843641925833;0.5082087567440053;-0.007430941616076127
三部门：一视同仁满足不同所有制房地产企业合理融资需求中国人民银行、金融监管总局、中国证监会联合召开金融机构座谈会会议强调，过去一段时间，金融部门积极配合行业主管部门和地方政府，从房地产市场的供需两端综合施策，保持信贷、债券、股权等重点融资渠道稳定，支持改善行业经营，优化调整个人住房贷款政策，着力稳定房地产市场，取得了良好的效果。近日金融部门和行业主管部门联合召开代表性房地产企业座谈会，调研了解行业风险化解和高质量发展的主要金融需求。各金融机构要深入贯彻落实中央金融工作会议部署，坚持“两个毫不动摇”，一视同仁满足不同所有制房地产企业合理融资需求，对正常经营的房地产企业不惜贷、抽贷、断贷。继续用好“第二支箭”支持民营房地产企业发债融资。支持房地产企业通过资本市场合理股权融资。要继续配合地方政府和相关部门，坚持法治化、市场化原则，加大保交楼金融支持，推动行业并购重组。要积极服务保障性住房等“三大工程”建设，加快房地产金融供给侧改革，推动构建房地产发展新模式。;0.0032323232323232;0.0306590635762568;0.510990921470706;0.0013311996250817096
政协委员谈地贵伤房：别让高地价挤占保障房屋质量的成本年全国两会进行时据中国青年报报道：今天下午，在全国政协十四届二次会议经济界别的小组会上，柴强委员发言后，主持会议的宁吉喆委员向他提问，“请教一下房地产发展新模式”。柴强是中国房地产估价师与房地产经纪人学会会长，他从“租购并举”“保障加市场的双轨制”“人房地钱联动”等几个方面解释自己对“房地产发展新模式”的理解。此外，他专门提到了“好房子”的概念。他表示，住房质量差的问题，“光是喊一喊没有用”，要在机制上做工作。比如，目前我国国有土地使用权出让实行“招拍挂制度”，这样能减少人为干扰因素，让土地以更公平、合理的价格出让，遏制腐败产生；但是，“拍”出的地价太高，则会挤占保障房屋质量的必要成本。“地价和房价之间应该留有合理区间，好房子才能实现。”柴强感慨，“这是最难的”;0.089023569023569;-0.019267302197571;0.3395810903359673;-0.015311782155166483
京沪同时释放多重楼市利好，业内称“意义重大”上海有千万级二手房当晚签约两大一线城市同步进行楼市重大调整。月日，北京、上海先后发布重磅新政，对普通住宅标准、购房首付比例、房贷利率等进行了优化调整，在降低购房资金门槛、减少房贷利息支出、降低住房交易成本等多个层面上释放利好。有在上海的一项目营销主管向第一财经记者表示，日常在案场时常会遇到很多客户要改善的需求，却因置换门槛高，好楼盘买不起、能买的项目又不符合需求，于是“悬在那里”，新政策对这部分客群会形成刺激作用。某央企在沪营销负责人也直言，新政策有望精准释放一部分需求，“冲一波年底业绩”。上海新政后多个售楼处小时不打烊具体来看，由于首套、二套住房首付比例下降，直接降低了首套刚需、二套改善住房需求的入市门槛，有助于缓解购房者前期购房资金压力，促进部分购房需求的释放。京沪同时释放多重楼市利好，业内称“意义重大”;0.0013468013468013;-0.0326275728320566;0.4222933988467275;-0.00048781925108506367
南方早新闻低至广东将迎来“蹦极式”降温广东最低温跌至度成为广寒宫广州多个路段电动自行车今起禁行汕汕高铁预计本月底通车北京上海调整优化购房政策美国众议院决定对拜登展开弹劾调查拜登为何陷入弹劾门医院职工泄露周海媚病历被行拘;0.0009427609427609;0.1812100029841962;0.5076523237986651;0.0022798509796276294
住建部：明年因城施策、一城一策实现房地产供求关系平衡全国住房和城乡建设工作会议在北京召开，住房和城乡建设部部长倪虹在会上强调：坚持稳中求进、以进促稳、先立后破，明年做好四大板块、个方面工作。因城施策、一城一策，实现房地产供求关系平衡；进一步加大首套住房、二套住房政策落实展开;0.0014814814814814;0.434602625512944;0.626710869736068;0.010607477826945778
住建部称明年房地产工作狠抓落实住建部：“动则必快，动则必成”明年房地产工作狠抓落实月日上午九点，全国住房和城乡建设工作会议在北京召开，会议回顾总结年工作，系统部署年重点任务。住房和城乡建设部党组书记、部长倪虹在会上强调：坚持稳中求进、以进促稳、先立后破，明年做好四大板块、个方面工作。因城施策、一城一策，实现房地产供求关系平衡；进一步加大首套住房、二套住房政策落实力度；保交楼工作落实属地责任，加强预售资金监管，加快预售制度改革；一视同仁满足不同所有制房企合理融资需求，住建部将会同金融监管总局指导房地产融资；积极推动城市更新行动，抓好问题导向和目标导向两个工作等。“今年很多工作是开创性的，难也要干。”“政策生命力在于落实。”倪虹表示，在狠抓落实上下更大功夫，“动则必快，动则必成”。（中国房地产报）;0.0087542087542087;-0.1915109806670803;0.3414571789785375;-0.01504884466505936
住建部称明年房地产工作狠抓落实：“动则必快，动则必成”月日上午九点，全国住房和城乡建设工作会议在北京召开，会议回顾总结年工作，系统部署年重点任务。住房和城乡建设部党组书记、部长倪虹在会上强调：坚持稳中求进、以进促稳、先立后破，明年做好四大板块、个方面工作。因展开;0.0284175084175084;0.4801205448445425;0.3409671398459837;0.12229399904199993
证监会启动不动产私募投资基金试点房地产市场再迎重磅利好。月日，证监会发文称，为进一步发挥私募基金多元化资产配置、专业投资运作优势，满足不动产领域合理融资需求，近日，证监会启动了不动产私募投资基金试点工作。证监会表示，此次试点工作是证监会落实党中央和国务院有关“促进房地产业良性循环和健康发展”决策部署，健全资本市场功能，促进房地产市场盘活存量，支持私募基金行业发挥服务实体经济功能的重要举措。;0.0002693602693602;0.0200704603510928;0.5078378014471119;7.217257975229809e-05
重磅利好证监会重大宣布影响太大了房地产市场再迎重磅利好月日，证监会发文称，为进一步发挥私募基金多元化资产配置、专业投资运作优势，满足不动产领域合理融资需求，近日，证监会启动了不动产私募投资基金试点工作。证监会表示，此次试点工作是证监会落实党中央和国务院有关“促进房地产业良性循环和健康发展”决策部署，健全资本市场功能，促进房地产市场盘活存量，支持私募基金行业发挥服务实体经济功能的重要举措。详情见网页链接;0.0001346801346801;0.9998556463433704;0.5074668461502184;0.0017964074697088886
证监会启动不动产私募投资基金试点，房地产引入“活水”又一实质举措，机构正待资金入场向房企提供资金支持，是政策端近两年释放的主要信号，如今私募投资领域也再迎政策最新“礼包”。据证监会月日官网消息，近日，证监会启动了不动产私募投资基金试点工作，在现有私募股权投资基金框架下，新设“不动产私募投资基金”类别，并采取差异化的监管政策，以期进一步发挥私募基金多元化资产配置、专业投资运作优势，满足不动产领域合理融资需求。;0.0018855218855218;-0.1221362634155671;0.508394234392452;-0.0030777486974785245
江苏多地调整购房政策涉及江苏五个设区市你关心的购房新政来了近日，江苏多地调整了楼市政策，自月日无锡率先打响了江苏房贷利率下调的第一枪，徐州、扬州、常州紧随其后，纷纷加入降利率大军。而宿迁颁布的购房新政则提出，将给予购房款最高的补贴，多生孩子也可享受契税补贴。详情;0.0013468013468013;0.7341604462385737;0.5211270875693386;0.013545483298898004
宿迁中心城区购房可给予购房款最高的补贴宿迁新政：购房可给予购房款最高的补贴，多生孩子也可享受契税补贴近日，宿迁住建、财政、发改等个部门联合起草了《关于进一步促进中心城区房地产平稳健康发展的若干政策措施》，不仅购房可给予购房款最高的补贴，多生孩子也可享受契税补贴。详情;0.0002693602693602;0.5942036479752062;0.5074668461502184;0.0021351719633823096
宿迁中心城区购商品住房给予购房补贴江苏宿迁：中心城区购商品住房给予购房补贴契税最高补贴财联社月日电，江苏省宿迁市住房和城乡建设局印发《关于进一步促进中心城区房地产平稳健康发展的若干政策措施》。在减轻购房压力释放消费潜力方面，新政明确给予契税补贴，对个人在中心城区范围内购买商品住房（含二手商品住房）的，给予所缴纳契税总额的补贴，最高不超过万元，生育二孩、三孩的家庭分别给予所缴纳契税总额、的补贴。;0.002020202020202;-0.4999999999999998;0.5082087567440053;-0.013494701482649895
取消住房公积金异地贷款户籍地限制、契税最高补贴宿迁房地产新政出台宿迁城市发布为深入贯彻落实中央、省有关文件精神，支持刚性和改善性住房需求，全力推动中心城区房地产市场平稳健康发展，现结合我市房地产市场实际情况制定如下政策措施取消住房公积金异地贷款户籍地限制、契税最高补贴宿迁房地产新政出台（宿迁发布微信公众号）;0.0006734006734006;-0.4859437112535921;0.7327172566131999;-0.006303071955945196
年深圳将新增保障性住房万套月日，深圳市城中村保障性住房规模化品质化改造提升暨三宜小村建设动员会举行。动员会上，全市各区政府（新区管委会）主要负责人签署保障性住房建设筹集任务书。据悉，年，全市将建设筹集保障性住房万套（间）。与此同时，城中村规模化、品质化改造提升全面开启。动员会上，市人才安居集团与宝安、龙华、光明签订合作框架协议，将与三区共同出资成立区级城中村改造公司，推动辖区城中村规模化品质化改造提升。（深圳商报）;0.0082154882154882;0.0833317614113981;0.3793412514404897;0.006827006934242979
小湘速递哈尔滨三孩家庭购新房可获万元补贴哈尔滨拟出新政：三孩家庭购首套或二套新房可获万元补贴征求意见稿提到，具有哈尔滨市户籍（包括区县（市）），符合生育政策，在年月日以后生育第二、第三胎的家庭在主城区内购买首套或第二套新建商品住房，凭相关有效证明分别给予万元、万元的一次性购房补贴，补贴资金由市级财政承担。;0.0005387205387205;-0.2070192687772281;0.5076523237986651;-0.0014883223882346949
威海身边事重磅威海出台促进房地产市场良性循环和平稳健康发展相关政策近日，从我市相关部门了解，为落实国家、省相关精神，坚持房住不炒、因城施策，我市出台相关政策，全力满足居民合理住房需求，进一步促进房地产市场良性循环和平稳健康发展。一是实施阶段性购房契税补贴。自年月日至年月日期间，个人在我市购买新建商品住房，且在年月日前足额交纳契税的，可给予一定补贴，单套补贴最高不超过万元。二是加大二孩及以上家庭购房支持力度。自年月日至年月日期间，有未成年子女的二孩及以上的本市户籍居民家庭在我市购买新建商品住房的，按照建筑面积给予一定补助，单套补助最高不超过万元，补助资金在办理不动产权证后发放。三是优化征收补偿。在我市城市更新、工程建设、棚户区改造等征收中，对货币化安置的居民，可自愿选择“房票”安置。持“房票”可在全市范围内购买新建商品房。选择“房票”安置的，在兑现“房票”安置后，可由购买新建商品房所在地财政给予适当奖励。四是优化房屋租赁政策。继续实施对新就业无房职工可累积发放不超过个月的阶段性住房租赁补贴政策，最低补贴标准为每月元。盘活闲置公共租赁住房，面向城镇医疗卫生、教育、公交、环卫、物业等公共服务行业人员定向供给，放宽申请条件，取消缴纳年以上的社保限制和收入审核，由用人单位集中申报。五是动态调整新发放首套住房商业性个人住房贷款利率下限。严格落实新发放首套住房个人住房贷款利率政策动态调整长效机制的相关精神，评估期内全市新建商品住宅销售价格环比和同比连续个月均下降时，立即启动动态调整机制，视情况采取阶段性维持、下调或取消我市首套住房商业性个人住房贷款利率下限。六是深入开展精准营销活动。围绕市内市外“两个市场”，优化房地产营销措施，搭建线上与线下相结合的房地产展示和交易平台，集中展示优质精致楼盘项目。持续开展人才安居节活动，组织各行业人才精准对接探盘。组织开发企业到热点和重点城市举行项目推介。七是调整商品房套型和使用性质。对具备开工条件尚未开工的商品房项目、以及在建商品房项目，在不改变用地性质和容积率前提下，允许无拖欠农民工工资问题的开发企业适当调整套型结构，以适应市场需求。支持存量商品房向文化体育、健康养老、教育医疗、众创空间等用房转型利用。八是加快完善公共服务配套。优化完善教育、养老、医疗、体育、公园等公共配套服务设施布局，提高土地配套成熟度，及时出让公共服务用地，加快项目建设进度。九是精准引导项目提升品质。新出让土地，在开发项目建设条件意见书中明确绿色建筑、装配式建筑、健康建筑、超低能耗建筑、智慧社区、海绵城市等高品质住宅建设条件。建设绿色住宅的按照国家有关法规和规范性文件规定，在容积率计算方面给予支持。鼓励推广公建化外立面、设置架空层，引导提升绿化、车库等配套设施设计档次，提高住宅环境配套和物业服务水平。（备注：具体操作办法另行发布）来源：威海市住建局;0.0092929292929292;0.1775846148045388;0.4738235095046568;0.02055563550288529
任泽平建议法定婚龄降到岁，保障单身女性生育权专家建议法定婚龄降到岁近日，经济学家任泽平发文指出，年结婚登记对数下降到万对，连续八年下降。另外，初婚年龄大幅推迟。年安徽省初婚平均年龄分别为男岁，女岁。他认为，结婚人数下降的原因一是年轻人数量下降，二是适婚人口男多女少，三是养育成本高，四是结婚成本高，五是社会竞争激烈、就业压力大，六是年轻一代的婚姻观念已经发生改变。任泽平建议，增加大城市住宅土地供应，给予有孩家庭购房补贴；降低生育、养育、教育成本；建立男女平等、生育友好的社会支持系统；放宽收养和送养条件；法定婚龄降到岁；保障单身女性生育权。对此你怎么看？（视频：武兵）中国网财经的微博视频;0.3729292929292929;0.120425983264603;0.3785028206687753;0.4468606898221885
淄博身边事淄博便民提示“二孩”“三孩”家庭购房有补贴，淄博市再推购房新政月日，记者从市住房和城乡建设局获悉，今起至年月日期间，“二孩”“三孩”家庭购房，享契税总额和的购房补贴；推行二手房“带押过户”我市刚需和改善购房者迎来新的购房政策利好。;0.0001346801346801;0.1983100351850786;0.5074668461502184;0.0003562970613083539
淄博迎来一波购房利好政策月日起至明年月日，二孩、三孩家庭购房，可分别享受最高元、元的房价补贴；二孩及以上家庭购买首套或二套自住住房的，住房公积金可贷额度上浮；符合条件的二孩、三孩家庭，购房还可以分别享受所缴纳契税总额和的购房补贴淄博市民再次迎展开;0.0026936026936026;-0.4195563075223714;0.4118773643254281;-0.01223624178079902
非沪籍单身也能买房了上海青浦、奉贤限购“定向松绑”上海青浦人才新城区购房新政非沪籍单身人士可以在上海买房的范围再扩大。月日，上海青浦、奉贤两区先后发布人才购房，在规定区域内，符合要求的非沪籍单身人才，社保交满年即可购房。两区的新政均放松了婚后方可买套房的限制，并将社保缴纳年限从年降低至年。盛松成称本轮房地产调控是必要的具体来看，青浦区与奉贤区均要求，在沪缴纳职工社会保险或个人所得税满年及以上、且在上海市无住房，与区域内用人单位签订年及以上劳动（聘用）合同且工作满年的非沪籍人才，同时用人单位和个人符合相关条件，可在青浦新城、奉贤新城区域范围内购买套住房，同时购房资格由居民家庭调整为个人。其中，青浦区购房范围为青浦新城东至老通波塘，南至沪青平公路（新），西至青浦大道，北至沪常高速，总面积平方公里。此外，根据城镇发展实际和产业升级需求，该购房区域范围可适当优化。奉贤区的人才购房区域总面积约平方公里，范围设定：北至大叶公路，东至浦星公路，南至上海绕城高速，西至沪杭公路南竹港；北至芝泽路，东至沪杭公路改线，南至八字桥路附近，西至地灵路。上海中原地产资深市场分析师卢文曦向第一财经记者表示，青浦和奉贤的购房新政，和临港最早的人才购房政策较为相似，对吸引人才进入重点发展的新城具有积极意义，同时对区域内楼市交易注入新的动力。卢文曦称，青浦和奉贤的两个新城本身就是楼市交易重点关注区域，在年初释放利好政策也显示出地方政府对产业、对楼市等多方面呵护，即便短期之内楼市不会有太直接的反应，预计也会在年后的小阳春兑现利好。非沪籍单身也能买房了上海青浦、奉贤限购“定向松绑”;0.0083501683501683;0.1310572807401784;0.2627320434878481;0.007558328451581206
北京将建设筹集保障性租赁住房万套北京今年将竣工各类保障性住房万套国务院新闻办公室今天举行“推动高质量发展”系列主题新闻发布会，北京市委副书记、市长殷勇介绍了北京立足首都城市战略定位，推动高质量发展有关情况。年，北京经济总量达万亿元，一般公共预算收入增长，展开;0.0006734006734006;0.3053954300875062;0.5210192548129289;0.0028167362720591398
北京房地产调控将强化一区一策北京今年将筹建万套保障性租赁住房月日，在国新办举办的“推动高质量发展”系列主题新闻发布会北京专场上，北京市委常委、常务副市长夏林茂在回答楼市调控相关提问时表示，北京始终坚持房子是用来住的，不是用来炒的。在这个过程中全面落实北京的总体规划，强化因区施策、一区一策、精准施策。夏林茂介绍，北京市今年将筹集建设万套保障性租赁住房，要完工竣工各类保障性住房万套，特别是要加大对一张床一间房的产品的供给力度，着重解决好新市民年轻人和一线务工人员的住房问题。北京商报北京商报的微博视频;0.0044444444444444;-0.0881091719598908;0.3142987505679169;-0.003235471576159866
北京房地产调控将强化一区一策北京房地产调控将强化因区施策、一区一策、精准施策月日，在国新办举办的“推动高质量发展”系列主题新闻发布会北京专场上，北京市委常委，常务副市长夏林茂在回答楼市调控相关提问时表示，北京始终坚持房子是用来住的，不是用来炒的。在这个过程中全面落实北京的总体规划，强化因区施策、一区一策、精准施策。夏林茂介绍，北京市今年将筹集建设万套保障性租赁住房，要完工竣工各类保障性住房万套，特别是要加大对一张床一间房的产品的供给力度，着重解决好新市民年轻人和一线务工人员的住房问题。在这些住房的位置选择上，北京将优先选择在地铁的站点的周边，新市民年轻人和一线务工人员工作生活的产业园区的周边，包括配套设施比较好的地区。夏林茂介绍，目前北京以绿化隔离地区为主体的城乡结合部，还有一定数量的村庄亟待并改善提升，即大家口中的城中村。这些城中村普遍存在一些问题，比如公共卫生，安全风险大，房屋的消防安全隐患多，配套设施落后等。在改造方面，北京也将结合区域的功能定位和区域的发展实际，采取拆除新建、整治提升、拆建结合三种模式，集中中心城的重点地区，和一些生态的关键节点，集中打一次攻坚战。夏林茂披露，今年北京计划推进个城中村的实施改造，消除安全隐患，改善生活品质和生活环境，提升城市的发展质量，也希望打造出一批示范的项目。谈及北京的房地产政策，夏林茂表示，北京始终坚持房子是用来住的，不是用来炒的。在这个过程中全面落实北京的总体规划，强化因区施策、一区一策、精准施策。北京采用租购并举、产城融合、职住平衡的方式，兼顾宜居宜业。优化房地产的调控政策，支持刚性和改善性住房需求，更多更好地满足多层次、多样化的住房需求，促进北京市的房地产市场化健康发展。北京支持幼儿园试点开办至岁托班北京今年将筹建万套保障性租赁住房（北京商报记者王寅浩视频制作林琴）北京商报的微博视频;0.0386531986531986;0.4324761281601667;0.4263155054853754;0.1873419516514579
北京房地产调控将强化一区一策北京房地产调控将强化因区施策、一区一策、精准施策月日，在国新办举办的“推动高质量发展”系列主题新闻发布会北京专场上，北京市委常委，常务副市长夏林茂在回答楼市调控相关提问时表示，北京始终坚持房子是用来住的，不是用来炒的。在这个过程中全面落实北京的总体规划，强化因区施策、一区一策、精准施策。夏林茂介绍，北京市今年将筹集建设万套保障性租赁住房，要完工竣工各类保障性住房万套，特别是要加大对一张床一间房的产品的供给力度，着重解决好新市民年轻人和一线务工人员的住房问题。在这些住房的位置选择上，北京将优先选择在地铁的站点的周边，新市民年轻人和一线务工人员工作生活的产业园区的周边，包括配套设施比较好的地区。夏林茂介绍，目前北京以绿化隔离地区为主体的城乡结合部，还有一定数量的村庄亟待并改善提升，即大家口中的城中村。这些城中村普遍存在一些问题，比如公共卫生，安全风险大，房屋的消防安全隐患多，配套设施落后等。在改造方面，北京也将结合区域的功能定位和区域的发展实际，采取拆除新建、整治提升、拆建结合三种模式，集中中心城的重点地区，和一些生态的关键节点，集中打一次攻坚战。夏林茂披露，今年北京计划推进个城中村的实施改造，消除安全隐患，改善生活品质和生活环境，提升城市的发展质量，也希望打造出一批示范的项目。谈及北京的房地产政策，夏林茂表示，北京始终坚持房子是用来住的，不是用来炒的。在这个过程中全面落实北京的总体规划，强化因区施策、一区一策、精准施策。北京采用租购并举、产城融合、职住平衡的方式，兼顾宜居宜业。优化房地产的调控政策，支持刚性和改善性住房需求，更多更好地满足多层次、多样化的住房需求，促进北京市的房地产市场化健康发展。（北京商报记者王寅浩）;0.0006734006734006;-0.0239487131195201;0.5078378014471119;-0.00021529655739680357
北京将建设筹集保障性租赁住房万套北京今年将竣工各类保障性住房万套国务院新闻办公室今天举行“推动高质量发展”系列主题新闻发布会，北京市委副书记、市长殷勇介绍了北京立足首都城市战略定位，推动高质量发展有关情况。据介绍，年，北京经济总量达万亿元，一般公共预算收入增长，突破亿元，人均地区生产总值、万元地区生产总值能耗水耗保持全国省级地区最优水平，高质量发展迈出坚实步伐。今年，北京将坚定有序疏解非首都功能，携手津冀共同打造交通一体、生态共建、服务共享、功能协同的首都都市圈，加快建设中国式现代化的先行区、示范区。在发展新质生产力上发挥北京优势。以科技创新引领现代化产业体系建设，加快推进集成电路、新能源汽车、生物制造等一批标志性项目，巩固扩大人工智能、高级别自动驾驶等行业领先优势。在打好污染防治攻坚战方面，北京将协同推进降碳、减污、扩绿、增长；积极稳妥推进碳达峰碳中和，持续优化能源结构，扩大外调绿电规模，力争绿电占比达到。在推进改革扩大开放上，北京将加速落实新一轮国家服务业扩大开放综合示范区建设方案，深入推进自贸试验区提升行动，再形成一批可复制、可推广的改革经验；推出更多直达快享、免申即享的惠企措施，努力营造稳定、公平、透明、可预期的一流营商环境。今年，北京还将着力保障和改善民生，争取中心城区绿色出行比例达到；为失能失智老年人提供更多照护支持，面向岁以下幼儿新增普惠托位万个；建设筹集保障性租赁住房万套，竣工各类保障性住房万套。（北京晚报记者吴娜、央视新闻客户端）;0.001077441077441;-0.6992110795122279;0.6580771810452274;-0.013032717899495491
海口楼市限售改为两年海口楼市限售由五年改为两年月日，针对网传海口放松楼市限售政策，限售年限由原来“五年”改为“两年”的市场消息，向海口市产权交易中心购房资格审核部门进行求证，相关工作人员表示，“政策已经执行，备案满两年有证即可交易。”澎湃新闻，泽塔;0.0029629629629629;0.2826184284258648;0.3561644290966129;0.007840316158916085
网传海口放松楼市限售政策？官方回应消息属实据中国证券报报道，月日，针对网传海口放松楼市限售政策，限售年限由“五年”改为“两年”的市场传闻，记者向海口市住房和城乡建设局进行了求证。海口市住房和城乡建设局工作人员回应称，消息属实，政策是上周五开始执行，但目前文件没有对外公开。针对网络广泛流传的红头文件内容，上述工作人员回复称，内容均属实。其中，多孩家庭可以购买第三套住房。;0.0001346801346801;-0.1627906976744191;0.5076523237986651;-0.0002925875467730733
海口放松楼市限售政策消息属实月日，针对网传海口放松楼市限售政策，限售年限由“五年”改为“两年”的市场传闻，记者向海口市住房和城乡建设局进行了求证。海口市住房和城乡建设局工作人员回应称，消息属实，政策是上周五开始执行，但目前文件没有对外公开。（中证金牛座）;0.002020202020202;0.5203024051409937;0.3010073681378737;0.008317333076662353
国开行已发放城中村改造专项借款亿元涉及个项目财联社月日电，国家开发银行全力以赴推进服务保障性住房建设和城中村改造工作，取得扎实新成效。截至月日，国开行已发放城中村改造专项借款亿元，涉及北京、上海、广州、武汉等个城市的个项目，惠及城中村居民约万户，支持建设安置房万套。上证报;0.0025589225589225;0.1588296992102418;0.5093216226346856;0.005441733924942911
各地加速推进城中村改造专项贷款城获授信额度超万亿财联社月日讯（记者王海春）各地城中村改造专项贷款相关事宜，正在加速推进。据深圳当地媒体报道，日前深圳大鹏新区白石岗片区城中村改造项目获得国开银深圳市分行专项贷款支持，成功发放首笔借款。据悉，该笔贷款是深圳发放的首笔超大特大城市城中村改造项目专项贷款，将全部用于白石岗项目前期工作、征收补偿安置、安置住房建设以及安置住房小区的配套基础设施建设等。而在月日，上海首单城中村改造专项借款落地，规模亿元。国开行上海市分行向上海金桥集团有限公司发放首笔城中村改造专项借款，用于浦东新区唐镇小湾村、暮二村等地块城中村改造项目的前期工作和征收补偿。在此之前，广州、郑州、青岛、济南、合肥、沈阳、石家庄等地，先后公布了城中村改造借款最新进展。;0.0021548821548821;0.1828906219202486;0.5100635332284725;0.005284398601399307
上海首单城中村改造专项借款落地，规模亿元月日，国家开发银行上海市分行向上海金桥（集团）有限公司发放首笔城中村改造专项借款亿元，用于浦东新区唐镇小湾村、暮二村等地块城中村改造项目前期工作、征收补偿等，该项目列入住建部年城中村改造专项借款项目清单。（上观新闻）;0.0022895622895622;0.5029753371155349;0.3783169655142374;0.011452790169050365
实时快报：亿元国家首批城中村改造专项借款落地郑州云财经讯，月日，国家首批城中村改造专项借款发放。郑州市的个项目已通过住建部审批，计划在年发放总额为亿元的借款。发放当天，国家开发银行河南分行和中国农业发展银行河南省分行已向航空港区和惠济区放款亿元，用于项目前期工作、征收补偿、安置房和配套基础设施建设等。;0.0002693602693602;0.4233170169802578;0.5074668461502184;0.0015211192818469434
亿元国家首批城中村改造专项借款落地郑州财联社月日电，国家首批城中村改造专项借款月日发放，郑州市申报首批城中村改造专项借款的个项目全部通过住建部审批，年计划发放额度亿元。发放当天，国家开发银行河南分行、中国农业发展银行河南省分行已向航空港区、惠济区放款亿元，用于项目前期工作、征收补偿、安置房和配套基础设施建设等。河南日报;0.0052525252525252;0.0215484243235404;0.5091361449862389;0.001514864996004392
长知识买房，你应知道的那些事买房，是一件大事。买房应注意什么？送你买房攻略，从选地段、户型，到签合同、交定金，以及交房验房，为你详细解答。（人民日报）专家称现在不买房五年又白忙;0.0022895622895622;0.5378067137567923;0.3874583836240313;0.012541805974684255
央行全面降准个百分点预计释放亿元中长期资金央行降准今天（月日）正式落地。据中国人民银行此前公告，决定在年月号降低金融机构存款准备金率个百分点不含已执行存款准备金率的金融机构。本次下调后，金融机构加权平均存款准备金率约为。分析人士总体预计，本次降准将释放亿元左右的中长期资金。机构普遍认为，此次降准颇超预期，对于资本市场而言，降准反映了政策呵护市场流动性、促进经济平稳增长的态度，有利于稳定市场信心。（北京新闻广播记者史喻）;0.0004040404040404;0.9633729719529645;0.5076523237986651;0.005194478649910576
央行年内首次降准超预期释放流动性亿传递什么信号？中国人民银行近日宣布，决定于年月日降低金融机构存款准备金率个百分点（不含已执行存款准备金率的金融机构）。本次下调后，金融机构加权平均存款准备金率约为，市场预计释放流动性亿元。专家认为，降准进一步支持展开;0.002020202020202;0.4530608739551112;0.7092071928239413;0.017063999262275965
小湘速递财政部原部长建议尽快开展房地产税试点财政部原部长楼继伟：经济转为正常增长后应尽快开展房地产税试点近日，财政部原部长楼继伟在《比较》发表《新时代中国财政体系改革和未来展望》一文。楼继伟认为探讨财政体系的未来发展导向需要问题导向，并提出可行的选择方案。其中之一是建立展开;0.0005387205387205;0.1922923114576062;0.5078378014471119;0.0013829510575899431
楼继伟称房产税最适合作为地方税税种，经济正常增长后应尽快开展试点月日，中国财政部原部长楼继伟在《比较》杂志发表《新时代中国财政体系改革和未来展望》一文。楼继伟认为，探讨财政体系的未来发展需要问题导向，并提出可行的选择方案。第一，建立适合作为地方税的税种；第二，化解和抑制地方隐性发债；第三，真正建立事权和支出责任相适应的制度。楼继伟在文中指出，房地产税是最适合作为地方税的税种，在经济转为正常增长后应尽快开展试点。（澎湃新闻）;0.0012121212121212;0.9513951508572908;0.5125100830964708;0.015536948696731948
事关房产过户，最新明确来源：央视新闻日，自然资源部、中国银保监会印发《关于协同做好不动产“带押过户”便民利企服务的通知》，对协同做好不动产“带押过户”作出全面部署。不动产“带押过户”是指，已经抵押的不动产买卖转移时，不需要提前归还旧贷款、注销抵押权，即可完成过户、再次抵押和发放新贷款等手续，实现不动产登记和抵押贷款的有效衔接。两部门明确，各地要在已有工作的基础上，以“三个拓展”全面推进“带押过户”：推动省会城市、计划单列市率先实现，并逐步向其他市县拓展；推动同一银行业金融机构率先实现，并逐步向跨银行业金融机构拓展；推动住宅类不动产率先实现，并逐步向工业、商业等类型不动产拓展，最终实现地域范围、金融机构和不动产类型“带押过户”全覆盖。两部门要求各地结合本地实际，确定适宜的办理模式。尤其是买卖双方涉及不同贷款方的业务，鼓励各地积极引入预告登记，防止“一房二卖”，防范抵押权悬空等风险，维护各方当事人合法权益，保障金融安全。北京已启动存量住房交易“带押过户”模式据了解，目前，全国共有个省份多个地市开展了不动产“带押过户”，共办理业务万多笔。今天（日），北京银保监局、人民银行营业管理部、北京市规划和自然资源委、北京市住房和城乡建设委联合发布通知，正式在北京市启动存量住房“带押过户”模式。通知明确，从月日起，居民出售在京住房，买卖双方可以在原按揭贷款抵押权不解除的情况下办理住房所有权转移登记，以切实提升居民住房交易、登记和金融服务水平。据介绍，北京的二手房交易要想实现“带押过户”，必须满足四方面的条件。首先必须是个人名下的住房，其次是交易的房产当前在北京的银行仅存在一次有效抵押，不存在被多次抵押的情况；此外，要求卖方还没有结清的贷款为个人住房商业贷款，如果是组合贷的话，其中的公积金贷款必须是已经结清。最后要求买方是全款买房或者是申请个人住房商业贷款购房。制片人王兴栋主编孙雪总台央视记者王雷张道峰;0.0156228956228956;0.2574931014047128;0.3219962891825413;0.03405134953950434
房屋符合这个条件才可以带押过户带押过户为房屋买卖双方带来哪些实惠据介绍，北京的二手房交易要想实现“带押过户”，必须满足四方面的条件。必须是个人名下的住房。交易的房产当前在北京的银行仅存在一次有效抵押，不存在被多次抵押的情况。要求卖方还没有结清的贷款为个人住房商业贷款，如果是组合贷的话，其中的公积金贷款必须是已经结清。要求买方是全款买房或者是申请个人住房商业贷款购房。无需提前还贷就可以进行房屋买卖，房子可以在短时间内变现，对于房主来说真是省了不少事儿。当然，“带押过户”最大的好处是可以让买卖双方省钱。央视网的微博视频央视网;0.0001346801346801;0.159605214261268;0.599687017842322;0.00033886880986581236
月日，两部门明确：全面推进不动产“带押过户”。房产带押过户（来源：中国经济网）黑龙江网的微博视频;0.0002693602693602;0.8779980459985688;0.5074668461502184;0.0031549399235576868
法治微课堂房屋符合这个条件才可以带押过户带押过户为房屋买卖双方带来哪些实惠据介绍，北京的二手房交易要想实现“带押过户”，必须满足四方面的条件。必须是个人名下的住房。交易的房产当前在北京的银行仅存在一次有效抵押，不存在被多次抵押的情况。要求卖方还没有结清的贷款为展开;0.0006734006734006;0.995832763118885;0.5076523237986651;0.008949168144115477
政府工作报告首提房地产金融风险加强住房保障体系建设，城市化进入下半场丨报告解读微观两会焦点针对年的房地产工作重点，报告从保障住房需求和防范风险两方面做出了安排。年的房地产工作建议中，重点之一是加强住房保障体系建设，支持刚性和改善性住房需求，解决好新市民、青年人等住房问题。北京大学房地产法研究中心主任楼建波表示，经过多年的探索，保障性住房体系已经形成“三房两改”（公共租赁住房、共有产权住房和保障性租赁住房；棚户区改造和老旧小区改造）的格局。有效防范化解重大经济金融风险是年的重点工作之一。具体到房地产方面，政府工作报告提出，要有效防范化解优质头部房企风险，改善资产负债状况，防止无序扩张，促进房地产业平稳发展。这是房地产金融风险的相关内容首次被写进政府工作报告。华南城市研究会会长、暨南大学教授胡刚表示，近几年一些头部房企在融资方面出了问题，因此从融资上做出规范才能保持房地产行业长久健康地发展，“防止无序扩张”并不是指打压房企发展。加强住房保障体系建设，城市化进入下半场丨报告解读;0.0017508417508417;0.5686274509803919;0.508394234392452;0.013305514278904999
政府工作报告：有效防范化解重大经济金融风险深化金融体制改革，完善金融监管，压实各方责任，防止形成区域性、系统性金融风险。有效防范化解优质头部房企风险，改善资产负债状况，防止无序扩张，促进房地产业平稳发展。防范化解地方政府债务风险，优化债务期限结构，降低利息负担，遏制增量、化解存量。微观两会;0.0014814814814814;0.9452695662417572;0.5367435180430246;0.019759458730240004
政府工作报告：有效防范化解重大经济金融风险深化金融体制改革，完善金融监管，压实各方责任，防止形成区域性、系统性金融风险。有效防范化解优质头部房企风险，改善资产负债状况，防止无序扩张，促进房地产业平稳发展。防范化解地方政府债务风险，优化债务期限结构，降低利息负担，遏制增量、展开;0.0087542087542087;0.5454305392185267;0.7025493151384103;0.0881839395893487
牡丹融媒山东这市规定：这个时间生的三孩，免费读公办高中月日，潍坊市人民政府新闻办公室组织召开优化生育政策促进人口长期均衡发展新闻发布会。市卫生健康委党组书记、主任，市中医药管理局局长张晓乙；市卫生健康委党组成员、市计生协会常务副会长亓传敬；潍坊市妇幼保健院党委书记高振忠；展开;0.0006734006734006;0.0;0.5076523237986651;0.0
潍坊依法生育的三孩读公办高中免费潍坊：年月日后依法生育的三孩免费读公办高中据潍坊发布官微消息，月日，潍坊市人民政府新闻办公室组织召开优化生育政策促进人口长期均衡发展新闻发布会。一起看发布会重点、依法生育三孩的家庭，对三孩岁期间参加“潍坊惠民保”的，给展开;0.0241077441077441;-0.0468538019673754;0.3349350313646211;-0.009945309812558827
主播说从生到养全覆盖厦门版的生育福利来了近日，厦门市印发《关于优化生育政策促进人口长期均衡发展的实施方案》，实施三孩生育政策及配套支持措施，我们一起来了解一下厦门日报的微博视频;0.0005387205387205;-0.4667201973279861;0.5751562573394531;-0.003801564035275954
厦门对多孩家庭强化住房支持厦门符合条件的多孩家庭可购买三套房近日，中共厦门市委、厦门市人民政府印发《关于优化生育政策促进人口长期均衡发展的实施方案》。其中提到，进一步完善保障性住房对促进积极生育的支持措施，在配租配售保障性住房时，对符合条件且有未成年子女的家庭，可根据其未成年子女数量，在户型选择方面给予适当照顾；对符合条件且子女数量较多的家庭、计划生育特殊家庭，同等条件下可按规定适当优先予以保障；完善保障性租赁房调换政策，对因家庭人口增加、子女就学等原因需要调换保障性租赁房的，根据房源情况及时调换。住房政策向多子女家庭倾斜，在缴存城市无自有住房且租赁住房的多子女家庭，可按照实际房租支出提取住房公积金；对购买首套自住住房的多子女家庭，可给予适当提高住房公积金贷款额度等相关支持政策。加快发展长租房市场，多渠道增加长租房供应，推进租购权利均等。拥有二孩及以上的我市户籍家庭符合条件的，可购买第套自住商品住房。（厦门日报）集美融媒的微博视频;0.0001346801346801;0.7788342545309672;0.5074668461502184;0.001399305667394414
江苏强调落实依法延长产假江苏强调维护女职工特殊权益根据《江苏省女职工劳动保护特别规定》《江苏省工会劳动法律监督条例》《江苏省关于优化生育政策促进人口长期均衡发展实施方案》（苏发号）等有关规定，江苏省工会劳动法律监督委员会现就以下事项提醒各用人单位，内容包括：符合规定生育的女职工可享受延长产假天；符合规定生育的女职工可享受延长产假的生育津贴；用人单位不能因产假等情形侵害女职工合法权益；延长产假期间，女职工劳动合同期相应延长；女职工产假期满，用人单位应安排其回原岗位工作等。详情;0.0486195286195286;-0.2628623395460416;0.3234101177291442;-0.10865483281782584
厦门符合条件的多孩家庭可购三套房近日，中共厦门市委、厦门市人民政府印发《关于优化生育政策促进人口长期均衡发展的实施方案》。《方案》提出，在配租配售保障性住房时，对符合条件且有未成年子女的家庭，可根据其未成年子女数量，在户型选择方面给予适当照顾；对符合条件且子女数量较多的家庭展开;0.0133333333333333;0.0;0.5087651896893455;0.0
拟恢复按实际房租提取北京租房提取公积金新政采纳公众意见北京市住房公积金管理中心上月发布了《关于进一步优化租房提取业务的通知（征求意见稿）》，提出申请人租住本市商品房，每人每月提取公积金金额上限由元调整为元。提取金额上限提高后，普通家庭提供发票按实际房租提取的方式被取消。月日，从北京市住房公积金管理中心获悉，该征求意见稿已结束征集意见，将采纳公众提出的建议，拟恢复上述提取方式。月日，北京市住房公积金管理中心发布《关于进一步优化租房提取业务的通知（征求意见稿）》。相比目前执行的规定，该征求意见稿主要调整了提取金额的上限。征求意见稿提出，申请人租住本市商品住房，每人每月提取公积金金额不超过元，相比目前元的提取金额上限，增加了元。按照这一征求意见稿，在提高租住商品房的提取上限后，普通家庭提供租房发票按照实际房租提取公积金的方式将被取消，增添了多子女家庭可以每月按照实际月租金全额提取的内容。北京市住房公积金管理中心表示，在意见征集过程中，针对“恢复租住商品房（提供发票）提取”的意见比较集中，且北京市住房公积金管理中心已吸收采纳这一建议。目前，征求意见稿中已增加“租住商品住房（提供发票）提取”情形。租住本市商品住房，提供租房发票并在“北京市房屋租赁管理服务平台”办理房屋租赁合同备案的，可申请此类租房提取。也就是说，租房提取公积金新政正式实施后，申请人租商品房可选择两种方式提取公积金。如果不提供发票，每人每月可以提取元。如果提供发票，则可以按照实际月租金来提取，但不能超过申请人的公积金月缴存额。据悉，在意见征集期间，北京住房公积金管理中心共收到社会各界意见建议条，除了上述意见外，也有市民提出了“提升每月元的提取额度”“可随时灵活支取住房公积金”等意见，这些意见均未被采纳。针对“提升每月元的提取额度”的建议，北京住房公积金管理中心不予采纳，其表示，从全国来看，对于非网签备案范围的租房提取，上海市公积金管理中心每户家庭最高月提取限额为元、广州住房公积金管理中心每人最高提取限额为元。北京此次将每人每月元的无房租房提取额度提高至元，家庭无房租房提取额度提高至元，此提取额度在全国住房公积金租房提取政策中已处于较高水平。另外，北京住房公积金管理中心表示，每月元的提取额度属于基本保障，如申请人认为无房租房提取额度较低，不能满足实际租房需要，还可选择“租住商品住房（提供发票）”“租住公共租赁住房”“租住保障性租赁住房”方式提取住房公积金，上述方式均可按照实际月租金提取住房公积金。;0.0014814814814814;-0.0015613590116764;0.3839259093968228;-2.3345477197096092e-05
北京拟恢复按实际房租提取公积金北京市住房公积金管理中心上月发布了《关于进一步优化租房提取业务的通知（征求意见稿）》，提出申请人租住本市商品房，每人每月提取公积金金额上限由元调整为元。提取金额上限提高后，普通家庭提供发票按实际房租提取的方式被取消。月日，记者从北京市住房公积金管理中心获悉，该征求意见稿已结束征集意见，将采纳公众提出的建议，拟恢复上述提取方式。月日，北京市住房公积金管理中心发布《关于进一步优化租房提取业务的通知（征求意见稿）》。记者注意到，相比目前执行的规定，该征求意见稿主要调整了提取金额的上限。征求意见稿提出，申请人租住本市商品住房，每人每月提取公积金金额不超过元，相比目前元的提取金额上限，增加了元。按照这一征求意见稿，在提高租住商品房的提取上限后，普通家庭提供租房发票按照实际房租提取公积金的方式将被取消，增添了多子女家庭可以每月按照实际月租金全额提取的内容。北京市住房公积金管理中心表示，在意见征集过程中，针对“恢复租住商品房（提供发票）提取”的意见比较集中，且北京市住房公积金管理中心已吸收采纳这一建议。目前，征求意见稿中已增加“租住商品住房（提供发票）提取”情形。租住本市商品住房，提供租房发票并在“北京市房屋租赁管理服务平台”办理房屋租赁合同备案的，可申请此类租房提取。也就是说，租房提取公积金新政正式实施后，申请人租商品房可选择两种方式提供公积金。如果不提供发票，每人每月可以提取元。如果提供发票，则可以按照实际月租金来提取，但不能超过申请人的公积金月缴存额。据悉，在意见征集期间，北京住房公积金管理中心共收到社会各界意见建议条，除了上述意见外，也有市民提出了“提升每月元的提取额度”“可随时灵活支取住房公积金”等意见，这些意见均未被采纳。针对“提升每月元的提取额度”的建议，北京住房公积金管理中心不予采纳，其表示，从全国来看，对于非网签备案范围的租房提取，上海市公积金管理中心每户家庭最高月提取限额为元、广州住房公积金管理中心每人最高提取限额为元。北京此次将每人每月元的无房租房提取额度提高至元，家庭无房租房提取额度提高至元，此提取额度在全国住房公积金租房提取政策中已处于较高水平。另外，北京住房公积金管理中心表示，每月元的提取额度属于基本保障，如申请人认为无房租房提取额度较低，不能满足实际租房需要，还可选择“租住商品住房（提供发票）”“租住公共租赁住房”“租住保障性租赁住房”方式提取住房公积金，上述方式均可按照实际月租金提取住房公积金。（北京日报）;0.0014814814814814;-0.5075923882879042;0.650768448686936;-0.012864536677032589
公积金租房额度能否提至每月元？北京住房公积金管理中心这样回应年月日至月日，北京住房公积金管理中心针对《关于进一步优化租房提取业务的通知（征求意见稿）》向社会公开征集意见。经统计，共收到社会各界意见建议条，主要集中在建议恢复租住商品房（提供发票）提取、提升每月元的提取额度、非多子女家庭也可按照实际月租金提取、可随时灵活支取住房公积金等方面。月日，北京青年报记者获悉，北京住房公积金管理中心将意见采纳情况进行了公开说明。针对“恢复租住商品房（提供发票）提取”的建议已采纳，在征求意见稿中增加了“租住商品住房（提供发票）提取”情形。租住北京市商品住房，提供租房发票并在“北京市房屋租赁管理服务平台”办理房屋租赁合同备案的，可申请此类租房提取。而针对“提升每月元的提取额度”的建议没有采纳，北京住房公积金管理中心解释，首先从全国来看，对于非网签备案范围的租房提取，上海市公积金管理中心每户家庭最高月提取限额为元、广州住房公积金管理中心每人最高提取限额为元。从每人每月元的无房租房提取额度提高至元，家庭无房租房提取额度提高至元，此提取额度在全国住房公积金租房提取政策中已处于较高水平。其次是每月元的提取额度属于基本保障，如认为无房租房提取额度较低，不能满足实际租房需要，租房人还可选择“租住商品住房（提供发票）”“租住公共租赁住房”“租住保障性租赁住房”方式提取住房公积金。中心着重支持租住北京市公共租赁住房及保障性租赁住房，可按照实际月租金提取住房公积金。多子女家庭新增租房也可按照实际房租提取的业务场景。此外，“可随时灵活支取住房公积金”的建议也没有被采纳，理由为：《住房公积金管理条例》第二十四条规定：“职工有下列情形之一的，可以提取职工住房公积金账户内的存储余额：（一）购买、建造、翻建、大修自住住房的；（二）离休、退休的；（三）完全丧失劳动能力，并与单位终止劳动关系的；（四）出境定居的；（五）偿还购房贷款本息的；（六）房租超出家庭工资收入的规定比例的。”所以，职工申请提取住房公积金，必须符合以上提取条件并提供合规材料，经审核通过后才能办理提取手续。版权声明本文著作权（含信息网络传播权）归属北京青年报社所有，未经授权不得转载文北京青年报记者宋霞;0.0004040404040404;0.1003116395355052;0.5074668461502184;0.0005406797847851141
拟恢复按实际房租提取北京租房公积金：北京租房提取公积金新政采纳公众意见北京市住房公积金管理中心上月发布了《关于进一步优化租房提取业务的通知（征求意见稿）》，提出申请人租住本市商品房，每人每月提取公积金金额上限由元调整为元。提取金额上限提高后，普通家庭提供发票按实际房租提取的方式被取消。月日，记者从北京市住房公积金管理中心获悉，该征求意见稿已结束征集意见，将采纳公众提出的建议，拟恢复上述提取方式。月日，北京市住房公积金管理中心发布《关于进一步优化租房提取业务的通知（征求意见稿）》。记者注意到，相比目前执行的规定，该征求意见稿主要调整了提取金额的上限。征求意见稿提出，申请人租住本市商品住房，每人每月提取公积金金额不超过元，相比目前元的提取金额上限，增加了元。按照这一征求意见稿，在提高租住商品房的提取上限后，普通家庭提供租房发票按照实际房租提取公积金的方式将被取消，增添了多子女家庭可以每月按照实际月租金全额提取的内容。北京市住房公积金管理中心表示，在意见征集过程中，针对“恢复租住商品房（提供发票）提取”的意见比较集中，且北京市住房公积金管理中心已吸收采纳这一建议。目前，征求意见稿中已增加“租住商品住房（提供发票）提取”情形。租住本市商品住房，提供租房发票并在“北京市房屋租赁管理服务平台”办理房屋租赁合同备案的，可申请此类租房提取。也就是说，租房提取公积金新政正式实施后，申请人租商品房可选择两种方式提供公积金。如果不提供发票，每人每月可以提取元。如果提供发票，则可以按照实际月租金来提取，但不能超过申请人的公积金月缴存额。据悉，在意见征集期间，北京住房公积金管理中心共收到社会各界意见建议条，除了上述意见外，也有市民提出了“提升每月元的提取额度”“可随时灵活支取住房公积金”等意见，这些意见均未被采纳。针对“提升每月元的提取额度”的建议，北京住房公积金管理中心不予采纳，其表示，从全国来看，对于非网签备案范围的租房提取，上海市公积金管理中心每户家庭最高月提取限额为元、广州住房公积金管理中心每人最高提取限额为元。北京此次将每人每月元的无房租房提取额度提高至元，家庭无房租房提取额度提高至元，此提取额度在全国住房公积金租房提取政策中已处于较高水平。另外，北京住房公积金管理中心表示，每月元的提取额度属于基本保障，如申请人认为无房租房提取额度较低，不能满足实际租房需要，还可选择“租住商品住房（提供发票）”“租住公共租赁住房”“租住保障性租赁住房”方式提取住房公积金，上述方式均可按照实际月租金提取住房公积金。（北京日报）;0.0006734006734006;-0.0503480297255032;0.5076523237986651;-0.0004524584854260933
北京拟恢复按实际房租提取公积金北京市住房公积金管理中心上月发布了《关于进一步优化租房提取业务的通知（征求意见稿）》，提出申请人租住本市商品房，每人每月提取公积金金额上限由元调整为元。提取金额上限提高后，普通家庭提供发票按实际房租提取的方式被取消。月日，记者从北京市住房公积金管理中心获悉，该征求意见稿已结束征集意见，将采纳公众提出的建议，拟恢复上述提取方式。月日，北京市住房公积金管理中心发布《关于进一步优化租房提取业务的通知（征求意见稿）》。记者注意到，相比目前执行的规定，该征求意见稿主要调整了提取金额的上限。征求意见稿提出，申请人租住本市商品住房，每人每月提取公积金金额不超过元，相比目前元的提取金额上限，增加了元。按照这一征求意见稿，在提高租住商品房的提取上限后，普通家庭提供租房发票按照实际房租提取公积金的方式将被取消，增添了多子女家庭可以每月按照实际月租金全额提取的内容。北京市住房公积金管理中心表示，在意见征集过程中，针对“恢复租住商品房（提供发票）提取”的意见比较集中，且北京市住房公积金管理中心已吸收采纳这一建议。目前，征求意见稿中已增加“租住商品住房（提供发票）提取”情形。租住本市商品住房，提供租房发票并在“北京市房屋租赁管理服务平台”办理房屋租赁合同备案的，可申请此类租房提取。也就是说，租房提取公积金新政正式实施后，申请人租商品房可选择两种方式提取公积金。如果不提供发票，每人每月可以提取元。如果提供发票，则可以按照实际月租金来提取，但不能超过申请人的公积金月缴存额。据悉，在意见征集期间，北京住房公积金管理中心共收到社会各界意见建议条，除了上述意见外，也有市民提出了“提升每月元的提取额度”“可随时灵活支取住房公积金”等意见，这些意见均未被采纳。针对“提升每月元的提取额度”的建议，北京住房公积金管理中心不予采纳，其表示，从全国来看，对于非网签备案范围的租房提取，上海市公积金管理中心每户家庭最高月提取限额为元、广州住房公积金管理中心每人最高提取限额为元。北京此次将每人每月元的无房租房提取额度提高至元，家庭无房租房提取额度提高至元，此提取额度在全国住房公积金租房提取政策中已处于较高水平。另外，北京住房公积金管理中心表示，每月元的提取额度属于基本保障，如申请人认为无房租房提取额度较低，不能满足实际租房需要，还可选择“租住商品住房（提供发票）”“租住公共租赁住房”“租住保障性租赁住房”方式提取住房公积金，上述方式均可按照实际月租金提取住房公积金。（北京日报记者鹿杨）北京日报都视频的微博视频;0.0276094276094276;0.6404576797325017;0.5202648038930419;0.24184027054890322
经济日报：探索房地产业发展新模式月日，经济日报文章指出，房地产业未来发展的大势是基本清晰的，发展新模式也须顺应大势。过去高杠杆、高负债、高周转的模式积弊已久，已行不通。我国已经从过去的大拆大建走向开发与改造并重的城市更新阶段；租购并举之下，住房租赁在解决居住问题方面将发挥更突出作用；美好居住生活不仅需要更优质的房子，还需要更好的配套和服务等。在城中村改造过程中发展住房租赁，有利于租购并举解决好城镇居民的居住问题，值得推广借鉴。在超大特大城市推进“平急两用”公共基础设施建设，有助于更好统筹发展与安全。各地应以保障性租赁住房为重点，持续推进保障性住房的规划建设。;0.0005387205387205;0.1490989484574461;0.5078378014471119;0.0010723078155947627
大规模棚改重启？住建系统人士：没听说月日，一张写着“个特大及以上城市允许棚改还有平急两用基础设施建设”等字眼、没有来源出处的截图在地产圈内流传。当日，地产股大面积翻红。多位不同层级住建系统人士对此都表示没听说。（阅读原文：网页链接）;0.003097643097643;-0.8946070435153353;0.5615413896223106;-0.04090739235101301
中央政治局会议释放房地产市场新信号本报记者周雪松月日，中共中央政治局召开会议，分析研究当前经济形势和经济工作。结合会议释放的相关信号，接受中国经济时报记者采访的专家认为，预计短期房地产政策仍将保持宽松状态，稳定购房者置业信心和预期至关重要。强调建立发展新模式和保障性住房建设会议指出，要有效防范化解重点领域风险，要坚持房子是用来住的、不是用来炒的定位，因城施策，支持刚性和改善性住房需求，做好保交楼、保民生、保稳定工作，促进房地产市场平稳健康发展，推动建立房地产业发展新模式。在超大特大城市积极稳步推进城中村改造和“平急两用”公共基础设施建设。规划建设保障性住房。易居研究院研究总监严跃进在接受中国经济时报记者采访时表示，此次会议继续强调“房住不炒”的定位，既是房地产健康发展的必然要求，也和近期市场的新情况有关系。此前央行也提及了“既防冷又防热”的内容，近期部分城市学区房、房地产广告等方面又出现了炒作，所以牢牢把握“房住不炒”的总基调很关键。严跃进说，根据易居研究院最新发布的省份房地产市场报告，当前各地房地产市场复苏状态有很大的差异，这次会议继续强调“因城施策”很重要。同时，在这次会议上“保交楼”也继续被强调，各地“保交楼”工作还有欠缺，还须继续强化。民生银行首席经济学家温彬对中国经济时报记者表示，从当下来看，房地产市场反弹乏力。积压需求释放临近尾声，居民对期房信心偏弱和加杠杆能力不足，使房地产开发投资难有明显回暖。此外，会议有两处提法的变化值得关注：一是“推动建立房地产业发展新模式”，而去年底召开的中央经济工作会议是“推动房地产业向新发展模式平稳过渡”；二是“规划建设保障性住房”，而此前是“推进保障性住房建设”。这意味着下一阶段在建立发展新模式和建设保障性住房方面或将提速。严跃进认为，这次会议明确推动建立房地产业发展新模式，说明后续会持续发力，相关房企等要密切注意此类模式下的战略要点。另外，城中村、基础设施和保障房等被重点强调，这恰是在购房市场回暖过程中，各地二季度要积极开展的工作。楼市交易“南强北弱”不均衡正被修正易居房地产研究院最新发布的全国省份房地产市场研究报告指出，今年一季度全国各省份尤其是个经济大省，房地产市场总体步入复苏通道。该研究报告显示，从房屋销售价格看，普遍走出下跌空间，纷纷步入正增长区间，充分说明各地稳房价工作积极有效。同时这也说明一季度房屋销售行情提振，客观上对价格指标产生了积极影响。总体上来看，一些楼市疲软的北方省份，当前房地产市场也迎来一波较好的行情，扭转了去年“南强北弱”的不均衡性。不过，在上述个省份中，有个省份房地产开发投资额同比增速为负，个省份房屋新开工面积同比增速为负。从需求端来看，有个省份商品房销售面积同比增速为负。值得一提的是，天津楼市表现亮眼，商品房销售面积同比增速最高，达到。惠誉评级认为，我国新建商品住宅销售的可持续性回暖仍面临长期宏观挑战，尽管多数内陆及经济实力较弱省份年一季度的新建商品住宅销售面积也超过了年一季度水平，但是，相较于年前个月，多数地区月的反弹程度趋弱，或销售面积表现不佳。惠誉评级相关负责人告诉记者，经济发展与人口结构的不利因素、棚改货币化安置收缩、政策宽松空间有限或会掣肘欠发达地区房地产市场的持续复苏。严跃进认为，总体来看，一季度各地房地产市场有较好的开局和表现。但是也需要看到，楼市回稳的基础还是很薄弱，尤其是从月份各地反馈数据看，部分还有下降的风险。中指研究院市场研究总监陈文静在接受中国经济时报记者采访时表示，从市场运行情况来看，一季度全国房地产市场呈现一定修复态势，特别是热点城市市场恢复节奏较快，但月份以来，重点城市市场活跃度下行，部分城市市场降温明显，根据中指数据初步统计，月份重点城商品住宅成交面积环比下降近两成，购房者置业预期仍不稳固。今年以来房地产市场运行的好转与宏观经济类似，更多地为恢复性好转，市场内生动力仍偏弱；另外，近期“我国全面实现不动产统一登记”引发了市场对于房产税征收的猜想与关注，亦对市场预期产生了一定扰动。“整体来看，中央政治局召开的这次会议释放了积极信号，一方面宏观经济呈现回升向好态势，但内生动力不强，恢复和扩大需求仍是经济持续好转的关键，对于房地产来说，促需求也将是未来的侧重点；另一方面，这次会议为房地产市场定调，整体基调并未受一季度局部市场升温影响，短期房地产政策仍将保持宽松状态，稳定购房者置业信心和预期至关重要。”陈文静说。来源：中国经济时报;0.0126599326599326;0.2195229636303116;0.2674653465263918;0.019540479074418533
房地产新政策：要有效防范化解重点领域风险，要坚持房子是用来住的、不是用来炒的定位，因城施策，支持刚性和改善性住房需求，做好保交楼、保民生、保稳定工作，促进房地产市场平稳健康发展，推动建立房地产业发展新模式。在超大特大城市积极稳步推进城中村改造和“平急两用”公共基础设施建设。规划建设保障性住房。;0.0004040404040404;0.6438185360859615;0.6883293532534301;0.004706964205132698
大规模棚改重启？住建系统人士：没听说财联社月日电，今日一张写着“个特大及以上城市允许棚改还有平急两用基础设施建设”等字眼、没有来源出处的截图在地产圈内流传，地产股大面积翻红。对于网传的“个特大及以上城市允许棚改”、“平急两用基础设施建设”政策利好，记者求证了多位不同层级住建系统人士，得到的反馈为：没听说。一位地方住建局官员对网传消息真实性存疑，“资金没有出路，有出点消息就借机炒作的嫌疑”。首先，棚改在年前后大规模启动，经历数年，已经基本谢幕，而且棚改要配合专项贷款，如果银行端不放，用处不大；其次，“平急两用”虽是新提法，但和楼市买卖没有直接关系。经济观察网;0.0059259259259259;0.0944436179328145;0.380093595433114;0.005592110165911694
中共中央政治局：促进房地产市场平稳健康发展，在超大特大城市积极稳步推进城中村改造和“平急两用”公共基础设施建设中共中央政治局月日召开会议，分析研究当前经济形势和经济工作。会议指出，要有效防范化解重点领域风险，统筹做好中小银行、保险和信托机构改革化险工作。要坚持房子是用来住的、不是用来炒的定位，因城施策，支持刚性和改善性住房需求，做好保交楼、保民生、保稳定工作，促进房地产市场平稳健康发展，推动建立房地产业发展新模式。在超大特大城市积极稳步推进城中村改造和“平急两用”公共基础设施建设。规划建设保障性住房。要加强地方政府债务管理，严控新增隐性债务。要继续抓好新冠疫情防控工作。（新华社）;0.0001346801346801;0.1906575061938814;0.4360246650806408;0.0002943234326191273
政治局会议提出在超大特大城市积极稳步推进城中村改造和“平急两用”公共基础设施建设，怎么理解“平急两用”？中国国际经济交流中心副理事长杨伟民：这个范围是有限的，不要过度解读，实际上是对疫情期间我们防控措施的一个经验总结。“平急两用”这个平是说平时，急就是应急，应哪个急呢？应重大公共安全事件的急。所以平时我们要建一些设施，平时用作旅游、康养等等，因为我们超大特大城市的周边游，旅游设施实际上是不足的，重大公共事件发生的时就可以用于应急，主要是收治和防治，我觉得一方面有利于增强公共卫生防控的救助能力，另一方面也有利于缓解特大超大城市周边旅游设施不足的问题。新闻一加一的微博视频新闻一加一的微博视频;0.0004040404040404;0.0649573504808154;0.5080232790955586;0.0003505040536459156
中共中央政治局召开会议习近平主持会议中共中央政治局召开会议分析研究当前经济形势和经济工作中共中央总书记习近平主持会议中共中央政治局月日召开会议，分析研究当前经济形势和经济工作。中共中央总书记习近平主持会议。会议认为，今年以来，在以习近平同志为核心的党中央坚强领导下，各地区各部门更好统筹国内国际两个大局，更好统筹疫情防控和经济社会发展，更好统筹发展和安全，我国疫情防控取得重大决定性胜利，经济社会全面恢复常态化运行，宏观政策靠前协同发力，需求收缩、供给冲击、预期转弱三重压力得到缓解，经济增长好于预期，市场需求逐步恢复，经济发展呈现回升向好态势，经济运行实现良好开局。会议指出，当前我国经济运行好转主要是恢复性的，内生动力还不强，需求仍然不足，经济转型升级面临新的阻力，推动高质量发展仍需要克服不少困难挑战。会议强调，要深入开展学习贯彻习近平新时代中国特色社会主义思想主题教育，认真落实中央经济工作会议精神，坚持稳中求进工作总基调，完整、准确、全面贯彻新发展理念，加快构建新发展格局，全面深化改革开放，把发挥政策效力和激发经营主体活力结合起来，形成推动高质量发展的强大动力，统筹推动经济运行持续好转、内生动力持续增强、社会预期持续改善、风险隐患持续化解，乘势而上，推动经济实现质的有效提升和量的合理增长。会议指出，要加快建设以实体经济为支撑的现代化产业体系，既要逆势而上，在短板领域加快突破，也要顺势而为，在优势领域做大做强。要夯实科技自立自强根基，培育壮大新动能。要巩固和扩大新能源汽车发展优势，加快推进充电桩、储能等设施建设和配套电网改造。要重视通用人工智能发展，营造创新生态，重视防范风险。会议强调，恢复和扩大需求是当前经济持续回升向好的关键所在。积极的财政政策要加力提效，稳健的货币政策要精准有力，形成扩大需求的合力。要多渠道增加城乡居民收入，改善消费环境，促进文化旅游等服务消费。要发挥好政府投资和政策激励的引导作用，有效带动激发民间投资。会议指出，要坚持“两个毫不动摇”，破除影响各类所有制企业公平竞争、共同发展的法律法规障碍和隐性壁垒，持续提振经营主体信心，帮助企业恢复元气。各类企业都要依法合规经营。要下决心从根本上解决企业账款拖欠问题。要推动平台企业规范健康发展，鼓励头部平台企业探索创新。会议强调，要全面深化改革、扩大高水平对外开放。认真落实党和国家机构改革方案，推进国家治理体系和治理能力现代化。要把吸引外商投资放在更加重要的位置，稳住外贸外资基本盘。要支持有条件的自贸试验区和自由贸易港对接国际高标准经贸规则，开展改革开放先行先试。会议指出，要有效防范化解重点领域风险，统筹做好中小银行、保险和信托机构改革化险工作。要坚持房子是用来住的、不是用来炒的定位，因城施策，支持刚性和改善性住房需求，做好保交楼、保民生、保稳定工作，促进房地产市场平稳健康发展，推动建立房地产业发展新模式。在超大特大城市积极稳步推进城中村改造和“平急两用”公共基础设施建设。规划建设保障性住房。要加强地方政府债务管理，严控新增隐性债务。要继续抓好新冠疫情防控工作。会议强调，要切实保障和改善民生，强化就业优先导向，扩大高校毕业生就业渠道，稳定农民工等重点群体就业。要以“时时放心不下”的责任感，持续抓好安全生产。要做好迎峰度夏电力供应保障。要巩固拓展脱贫攻坚成果，抓好粮食生产和重要农产品供应保障，全面推进乡村振兴。要加强生态环境系统治理。各级领导干部要带头大兴调查研究，奔着问题去，切实帮助企业和基层解决困难。中共中央政治局召开会议习近平主持会议;0.0001346801346801;0.7075200794992182;0.5074668461502184;0.0012711778549530112
解读丨政治局会议定调经济好转主要是恢复性的，继续扩内需稳外贸有这些重点举措月日，中共中央政治局召开会议，分析研究当前经济形势和经济工作。会议认为，今年以来，我国经济增长好于预期，市场需求逐步恢复，经济发展呈现回升向好态势，经济运行实现良好开局。当前我国经济运行好转主要是恢复性的，内生动力还不强，需求仍然不足，经济转型升级面临新的阻力，推动高质量发展仍需要克服不少困难挑战。会议强调，恢复和扩大需求是当前经济持续回升向好的关键所在。积极的财政政策要加力提效，稳健的货币政策要精准有力，形成扩大需求的合力。要促进文化旅游等服务消费，有效带动激发民间投资，持续提振经营主体信心，稳住外贸外资基本盘等。会议还明确了一些重要的具体举措：要巩固和扩大新能源汽车发展优势，加快推进充电桩、储能等设施建设和配套电网改造；要下决心从根本上解决企业账款拖欠问题；要推动平台企业规范健康发展，鼓励头部平台企业探索创新；要把吸引外商投资放在更加重要的位置，稳住外贸外资基本盘；支持刚性和改善性住房需求，做好保交楼、保民生、保稳定工作，促进房地产市场平稳健康发展；在超大特大城市积极稳步推进城中村改造和“平急两用”公共基础设施建设；扩大高校毕业生就业渠道，稳定农民工等重点群体就业等。解读丨政治局会议定调经济好转主要是恢复性的，继续扩内需稳外贸有这些重点举措（财经）;0.001077441077441;0.2877814258285525;0.5085797120408988;0.004145449731386851
广州：二孩及以上家庭购买首套房，公积金贷款最高额度拟上浮月日，广州住房公积金管理中心发布公告，就《广州住房公积金管理中心关于贯彻落实二孩及以上家庭支持政策的通知》公开征求意见。根据《征求意见稿》，生育二孩及以上的家庭（至少一个子女未成年）使用住房公积金贷款购买首套自住住房的，住房公积金贷款最高额度上浮。其他贷款条件及要求依据广州市住房公积金贷款政策执行。征求意见时间：年月日月日。广州：二孩及以上家庭购买首套房，公积金贷款最高额度拟上浮;0.0028282828282828;0.3708454393320044;0.5933712834632832;0.016360577758966224
重磅北京拆迁退出历史舞台，从此不再有“拆迁户”北京拟废止房屋拆迁许可证制度月末，北京市规划和自然资源委员会公布《北京市征收集体土地房屋补偿管理办法》（征求意见稿），其中拟对征收宅基地房屋的安置方式进行规定，并明确货币补偿标准。《办法》拟规定，北京市按照一户一宅的原则给予补偿，严格控制宅基地面积补偿标准。一户一宅的宅基地面积补偿控制标准：对认定为年（含）之前的宅基地，最高不超过平方米；对认定为年以后的宅基地，最高不超过平方米，具体宅基地面积补偿控制标准由各区人民政府根据本区实际确定。《办法》还对非住宅房屋的补偿进行了规定，表示应采取货币补偿的方式。根据北京市规划和自然资源委员会公布的起草说明，此次《办法》按照《土地管理法》的要求，将集体土地房屋“拆迁”改为“搬迁”，废止房屋拆迁许可证制度；规定集体土地上房屋搬迁补偿纳入征收集体土地征收程序，实现征地与房屋搬迁同步实施，各项补偿方案、标准广泛听取村民的意见。对于被征收人合法权益的维护，《办法》强化了以房屋安置方式为主，做到安置房先行，安置房源为期房的，尽量缩短安置周期。还本着“限高、扩中、托底”的原则，确定安置房安置面积。对宅基地面积超过补偿控制标准的部分，只给予货币补偿；对宅基地面积低于宅基地审批最低标准的，置换安置房面积按照最低标准的一定比例计算。根据《办法》，“拆迁”将退出历史舞台，以“搬迁”代替，同时房屋拆迁许可证制度也被废止。（每经，泽塔）重磅北京宣布：“拆迁”退出历史舞台，从此不再有“拆迁户”这个制度也被废止视频的微博视频视频的微博视频;0.0095622895622895;0.3589296977769121;0.7014672793581419;0.06328999106033227
东方正红播报重磅北京拆迁退出历史舞台，从此不再有“拆迁户”北京拟废止房屋拆迁许可证制度月末，北京市规划和自然资源委员会公布《北京市征收集体土地房屋补偿管理办法》（征求意见稿），其中拟对征收宅基地房屋的安置方式进行规定，并明确货币补偿标准。《办法》拟规定，北京市展开;0.006060606060606;0.5143102676184232;0.7390523552907287;0.06055817635537112
重磅北京拆迁退出历史舞台，从此不再有“拆迁户”北京拟废止房屋拆迁许可证制度月末，北京市规划和自然资源委员会公布《北京市征收集体土地房屋补偿管理办法》（征求意见稿），其中拟对征收宅基地房屋的安置方式进行规定，并明确货币补偿标准。《办法》拟规定，北京市按照一户一宅的原则给予补偿，严格控制宅基地面积补偿标准。一户一宅的宅基地面积补偿控制标准：对认定为年（含）之前的宅基地，最高不超过平方米；对认定为年以后的宅基地，最高不超过平方米，具体宅基地面积补偿控制标准由各区人民政府根据本区实际确定。《办法》还对非住宅房屋的补偿进行了规定，表示应采取货币补偿的方式。根据北京市规划和自然资源委员会公布的起草说明，此次《办法》按照《土地管理法》的要求，将集体土地房屋“拆迁”改为“搬迁”，废止房屋拆迁许可证制度；规定集体土地上房屋搬迁补偿纳入征收集体土地征收程序，实现征地与房屋搬迁同步实施，各项补偿方案、标准广泛听取村民的意见。对于被征收人合法权益的维护，《办法》强化了以房屋安置方式为主，做到安置房先行，安置房源为期房的，尽量缩短安置周期。还本着“限高、扩中、托底”的原则，确定安置房安置面积。对宅基地面积超过补偿控制标准的部分，只给予货币补偿；对宅基地面积低于宅基地审批最低标准的，置换安置房面积按照最低标准的一定比例计算。根据《办法》，“拆迁”将退出历史舞台，以“搬迁”代替，同时房屋拆迁许可证制度也被废止。（每经，泽塔）重磅北京宣布：“拆迁”退出历史舞台，从此不再有“拆迁户”这个制度也被废止视频的微博视频;0.0002693602693602;0.995832763118885;0.5074668461502184;0.0035783593777561286
重磅北京拆迁退出历史舞台，从此不再有“拆迁户”北京拟废止房屋拆迁许可证制度月末，北京市规划和自然资源委员会公布《北京市征收集体土地房屋补偿管理办法》（征求意见稿），其中拟对征收宅基地房屋的安置方式进行规定，并明确货币补偿标准。《办法》拟规定，北京市按照一户一宅的展开;0.0006734006734006;0.999427714130205;0.5078378014471119;0.008984756097136868
晚安超话世间万般的美好，都不及家的温暖，努力有套自己的房子，属于自己小窝，那才是安全感北京拆迁退出历史舞台憨憨的一朵菌子盱眙融媒的微博视频;0.0339393939393939;0.5903068520012654;0.2586393545452681;0.13621748184017454
多地宣布公积金可付首付北京商报记者梳理发现，目前已有郑州、银川、贵州、南京、厦门等多地官宣支持提取公积金负担购房首付款。郑州发布的《关于购买新建预售商品住房提取住房公积金支付购房首付款有关事项的通知（试行）》提到，月日起，拟认购郑州市中原区、二七区、金水区、管城回族区展开;0.0122558922558922;-0.0288842755494793;0.3456399245996275;-0.003216522902706635
银川住房公积金可支付购房首付银川：住房公积金可支付购房首付财联社月日电，银川市住房和城乡建设局房屋产权交易管理中心与市住房公积金管理中心近日联合印发《关于开展提取住房公积金支付购房首付款业务有关事项的通知（试行）》。《通知》提出，公积金缴存职工在购买新建商品住房与房地产企业签订《购房认购协议》和《购房职工提取住房公积金支付首付款承诺书》后，可向公积金中心申请提取住房公积金支付购房首付款，由公积金审核通过后，支付至协议约定的房地产企业的监管账户中，确保购房职工在约定的时间内办理《商品房买卖合同》备案。;0.0021548821548821;0.3370518651165421;0.6033833469787624;0.011520462422997353
三农资讯成都都市圈共建“天府粮仓”个农业项目总投资逾百亿元成都平原自古有“天府之国”的美称，成德眉资作为“天府之国”的核心腹地，在建设“天府粮仓”中扮演着重要角色。记者日获悉，今年，成都都市圈将实施总投资超亿元的个现代农业项目建设，年计划投资逾亿元，协同打造新时代更展开;0.003097643097643;0.8881242292585227;0.5566339061645708;0.04025604324119296
南京公积金付房租提取额每月涨元月日起，南京公积金逐月还贷后剩余部分可还商贷月日，南京住房公积金管理中心发布“关于调整部分住房公积金政策的通知”。自月日起，缴存职工提取公积金支付房租限额每人每月增加元。同时，使用公积金购买二套房的，首套房人均面积只要不超平方米即可；多子女家庭购买首套房的公积金贷款额度和租房提取额度均上浮。政策自月日起施行。现代快报快快看视频的微博视频;0.001077441077441;0.9415893042468022;0.5078378014471119;0.01354367123940447
南京公积金付房租提取额每月涨元月日起，南京公积金逐月还贷后剩余部分可还商贷月日，南京住房公积金管理中心发布“关于调整部分住房公积金政策的通知”。自月日起，缴存职工提取公积金支付房租限额每人每月增加元。同时，使用公积金购买二套房的，首套房人均面积只要不超平方展开;0.0121212121212121;0.1209807509376342;0.3482145123902104;0.013423492577601118
国家“清单”明确基本养老服务体系加速构建中共中央办公厅、国务院办公厅日前印发了《关于推进基本养老服务体系建设的意见》（以下简称《意见》）。《意见》明确了基本养老服务涵盖物质帮助、照护服务、关爱服务等主要内容。广东广播电视台的微博视频;-0.0026936026936026;0.1765933046723362;0.3062464448692558;-0.0038294390345552432
转给咱爸妈这项基本养老服务，国家安排了月日，中共中央办公厅、国务院办公厅印发《关于推进基本养老服务体系建设的意见》，明确“十四五”时期重点聚焦老年人面临家庭和个人难以应对的失能、残疾、无人照顾等困难时的基本养老服务需求并提出了项重点任务。同时发布《国家基本养老服务清单》，包含物质帮助、照护服务、关爱服务等三大类个服务项目，并分别明确了每个项目的服务对象和内容（人民网）;0.0006734006734006;0.8276934212289584;0.6095913229108858;0.008931782908005928
每日一词基本养老服务体系建设安阳市教育局殷都区教体局安阳市第二十五中学超话网页链接;-0.0021548821548821;0.5293990027752958;0.3639934685978009;-0.010915825061939919
风云聚焦《关于推进基本养老服务体系建设的意见》出台《关于推进基本养老服务体系建设的意见》出台，明确基本养老服务的对象、内容、标准等根据经济社会发展动态调整，“十四五”时期重点聚焦老年人面临家庭和个人难以应对的失能、残疾、无人照顾等困难时的基本养老服务需求。来源：新华社点击链接可订阅《检察风云》杂志电子刊：网页链接;0.0001346801346801;-0.9753909264421704;0.5074668461502184;-0.001752452519076186
残疾人事业老有所养、残有所扶国家推进基本养老服务体系建设工作将惠及多万残疾老年人中共中央办公厅、国务院办公厅印发了《关于推进基本养老服务体系建设的意见》（以下简称《意见》）。基本养老服务是指由国家直接提供或者通过一定方式引导相关主体向老年人提供旨在实现老有所养、老有所依所必需的基础性、普惠性、兜底性服务。推进基本养老服务体系建设，是推动养老服务高质量发展的机制性措施；是构建政府、社会、市场和家庭各尽其责、有序协同养老服务供给格局的关键环节；是保障基本民生、促进社会公平、维护社会稳定的基础性制度安排，体现了我们党全心全意为人民服务的根本宗旨。;0.0016161616161616;0.6516071017007535;0.3097418760003811;0.008574856364006723
如意甘肃事关养老国家重磅发文中共中央办公厅国务院办公厅印发《关于推进基本养老服务体系建设的意见》新华社北京月日电中共中央办公厅、国务院办公厅印发了《关于推进基本养老服务体系建设的意见》，并发出通知，要求各地区各部门结合实际认真贯彻落实。《关于推进基本养老服务体系建设的意见》主要内容如下。基本养老服务在实现老有所养中发挥重要基础性作用，推进基本养老服务体系建设是实施积极应对人口老龄化国家战略，实现基本公共服务均等化的重要任务。党的十八大以来，在党中央坚强领导下，基本养老服务加快发展，内容逐步拓展，公平性、可及性持续增强。为贯彻落实党中央、国务院有关决策部署，健全基本养老服务体系，更好保障老年人生活，现提出如下意见。一、总体要求（一）指导思想。以习近平新时代中国特色社会主义思想为指导，立足新发展阶段，完整、准确、全面贯彻新发展理念，构建新发展格局，坚持党对基本养老服务体系建设的全面领导，坚持以人民为中心，坚持以改革创新为根本动力，加快建成覆盖全体老年人、权责清晰、保障适度、可持续的基本养老服务体系，不断增强老年人的获得感、幸福感、安全感。（二）主要任务。基本养老服务是指由国家直接提供或者通过一定方式支持相关主体向老年人提供的，旨在实现老有所养、老有所依必需的基础性、普惠性、兜底性服务，包括物质帮助、照护服务、关爱服务等内容。基本养老服务的对象、内容、标准等根据经济社会发展动态调整，“十四五”时期重点聚焦老年人面临家庭和个人难以应对的失能、残疾、无人照顾等困难时的基本养老服务需求。（三）工作原则基础性原则。立足我国基本国情，统筹考虑必要性和可能性，着眼保基本、广覆盖、可持续，尽力而为、量力而行，保障老年人的基本生活和照料需要。普惠性原则。在提高基本公共服务均等化水平的过程中，逐步拓展基本养老服务的对象和内容，使所有符合条件的老年人能够方便可及、大致均等地获得基本养老服务。共担性原则。在赡养人、扶养人切实履行赡养、扶养义务基础上，通过提供基本养老服务、发挥市场作用、引导社会互助共济等方式，帮助困难家庭分担供养、照料方面的负担。系统性原则。推动社会保险、社会救助、社会福利、慈善事业、老年优待等制度资源优化整合，强化各相关领域体制改革配套衔接，支持基本养老服务体系发展。二、重点工作（一）制定落实基本养老服务清单。各地区各有关部门要严格落实《国家基本养老服务清单》（见附件）。《国家基本养老服务清单》明确的对象、项目、内容等，根据经济社会发展水平、财力状况等因素动态调整，由民政部会同相关部门适时提出修订意见，按程序报批后以部门名义印发实施。省级政府应当对照《国家基本养老服务清单》制定并发布本地区基本养老服务具体实施方案及清单，明确具体服务对象、内容、标准等，其清单应当包含《国家基本养老服务清单》中的服务项目，且覆盖范围和实现程度不得低于《国家基本养老服务清单》要求。到年，基本养老服务制度体系基本健全，基本养老服务清单不断完善，服务对象、服务内容、服务标准等清晰明确，服务供给、服务保障、服务监管等机制不断健全，基本养老服务体系覆盖全体老年人。（二）建立精准服务主动响应机制。建立老年人状况统计调查和发布制度，开展老年人能力综合评估，制定完善全国统一的评估标准，推动评估结果全国范围互认、各部门按需使用。依托全国一体化政务服务平台，推进跨部门数据共享，建立困难老年人精准识别和动态管理机制，细化与常住人口、服务半径挂钩的制度安排，逐步实现从“人找服务”到“服务找人”。推动在残疾老年人身份识别、待遇享受、服务递送、无障碍环境建设等方面实现资源整合，加强残疾老年人养老服务保障。面向独居、空巢、留守、失能、重残、计划生育特殊家庭等老年人提供探访关爱服务。支持基层老年协会、志愿服务组织等参与探访关爱服务。依托基层管理服务平台，提供养老服务政策咨询、信息查询、业务办理等便民养老服务。（三）完善基本养老服务保障机制。推动建立相关保险、福利、救助相衔接的长期照护保障制度。合理确定经济困难失能老年人护理补贴覆盖范围和补贴标准。地方各级政府应当建立基本养老服务经费保障机制，中央财政统筹现有资金渠道给予支持。落实发展养老服务优惠扶持政策，鼓励社会力量参与提供基本养老服务，支持物业服务企业因地制宜提供居家社区养老服务。将政府购买服务与直接提供服务相结合，优先保障经济困难的失能、高龄、无人照顾等老年人的服务需求。具备条件的地方优化养老服务机构床位建设补助、运营补助等政策，支持养老服务机构提供基本养老服务。鼓励和引导企业、社会组织、个人等社会力量依法通过捐赠、设立慈善基金、志愿服务等方式，为基本养老服务提供支持和帮助。开展基本养老服务统计监测工作，建立基本养老服务项目统计调查制度。（四）提高基本养老服务供给能力。设区的市级以上地方政府应当将养老服务设施（含光荣院）建设纳入相关规划，结合当地经济社会发展水平、老年人口状况和发展趋势、环境条件等因素，分级编制推动养老服务设施发展的整体方案，合理确定设施种类、数量、规模以及布局，形成结构科学、功能完备、布局合理的养老服务设施网络。各地新建城区、新建居住区要按标准和要求配套建设养老服务设施；老城区和已建成居住区要结合城镇老旧小区改造、居住区建设补短板行动等，通过补建等方式完善养老服务设施。政府投入资源或者出资建设的养老服务设施要优先用于基本养老服务。发挥公办养老机构提供基本养老服务的基础作用，研究制定推进公办养老机构高质量发展的政策措施。建立公办养老机构入住管理制度，明确老年人入住条件和排序规则，强化对失能特困老年人的兜底保障。现役军人家属和烈士、因公牺牲军人、病故军人的遗属，符合规定条件申请入住公办养老机构的，同等条件下优先安排。保障特困人员供养服务机构有效运转。到年确保每个县（市、区、旗）至少有所以失能特困人员专业照护为主的县级特困人员供养服务机构。光荣院在保障好集中供养对象的前提下，可利用空余床位为其他无法定赡养人、扶养人或者法定赡养人、扶养人无赡养、扶养能力的老年优待抚恤对象提供优惠服务。鼓励支持党政机关和国有企事业单位所属培训疗养机构转型为普惠型养老服务设施。提升国有经济对养老服务体系的支持能力，强化国有经济在基本养老服务领域有效供给。（五）提升基本养老服务便利化可及化水平。依托和整合现有资源，发展街道（乡镇）区域养老服务中心或为老服务综合体。支持养老机构运营社区养老服务设施，可按规定统筹养老服务资源。支持社会力量为老年人提供日间照料、助餐助洁、康复护理等服务。依托街道（乡镇）区域养老服务中心或为老服务综合体、社区养老服务设施以及村民委员会、社区居委会等基层力量提供家庭养老指导服务，帮助老年人家庭成员提高照护能力。将失能老年人家庭成员照护培训纳入政府购买养老服务目录，符合条件的失能老年人家庭成员参加照护培训等相关职业技能培训的，按规定给予职业培训补贴。优先推进与老年人日常生活密切相关的公共服务设施改造，为老年人提供安全、便利和舒适的环境。鼓励开展无障碍环境认证，提升无障碍环境服务水平。以满足居家生活照料、起居行动、康复护理等需求为重点，采取政府补贴等方式，对纳入分散特困供养的失能、高龄、残疾老年人家庭实施居家适老化改造，有条件的地方可将改造对象范围扩大到城乡低保对象中的失能、高龄、残疾老年人家庭等，引导社会化专业机构为其他有需求的老年人家庭提供居家适老化改造服务。鼓励发展康复辅助器具社区租赁服务，提升老年人生活自理能力和居家养老品质。积极推进养老服务认证工作。加强信息无障碍建设，降低老年人应用数字技术的难度，保留线下服务途径，为老年人获取基本养老服务提供便利。依托国家人口基础信息库推进基本养老服务对象信息、服务保障信息统一归集、互认和开放共享。三、组织保障（一）加强组织领导。发挥党总揽全局、协调各方的领导核心作用，坚持党政主要负责人负总责。地方各级党委和政府要将基本养老服务体系建设纳入当地经济社会发展规划和重要议事日程。中央各有关部门和单位要按照职责分工，明确落实措施和进度安排。养老服务部际联席会议要发挥牵头协调作用，研究并推动解决基本养老服务体系建设工作中的重大问题。（二）强化督促指导和监管。省级政府要切实履行责任，落实支持政策，加强绩效评价和监督检查。民政部要会同国家发展改革委等部门，建立健全评价机制，把基本养老服务体系建设情况纳入积极应对人口老龄化综合绩效评估。各地要强化基本养老服务综合监管，确保服务质量和安全，对违法违规行为严肃追究责任。发挥标准对基本养老服务的技术支撑作用，开展服务质量第三方认证。（三）营造良好社会氛围。各地区各有关部门要主动做好基本养老服务政策宣传解读，及时公开基本养老服务信息。要凝聚社会共识，充分调动各方支持配合基本养老服务体系建设的积极性和主动性。附件：国家基本养老服务清单（来源：新华社）;0.0002693602693602;0.999811194708492;0.5074820441290975;0.003592762805261769
中共中央办公厅国务院办公厅印发《关于推进基本养老服务体系建设的意见》;0.0082154882154882;0.728576312170669;0.4710034873326733;0.07411205905558707
中共中央办公厅国务院办公厅印发《关于推进基本养老服务体系建设的意见》中办国办印发《关于推进基本养老服务体系建设的意见》（最高人民检察院）;0.0013468013468013;0.6679157624510008;0.6740247956781649;0.015938866780406437
海南青年五四奖章勇毅前行担使命奋勇争先创新局乐东黎族自治县人民法院，共有人，周岁以下青年占比为。乐东黎族自治县人民法院是全省基层法院首个开展“清廉自贸港法院”创建的单位。近年来，乐东法院坚持内强外拓、改革创新，大力加强队伍建设，狠抓诉讼服务和审判执行质效，诉讼服务质效评估各项指标综合得分一直处于全省法院前列，均衡结案工作领跑全省基层法院，率先在全省建立“一镇一乡村法治服务中心”、“一镇一包点法官”乐东法治乡村治理创新模式，该模式作为全省唯一案例入选第四批全国乡村治理典型案例和全国法院一站式建设优秀改革创新成果强案例评选。青年榜样力量青春闪耀团代会;0.0017508417508417;0.9463066700558244;0.545143511482489;0.023743567645243078
我和我的自贸港我为自贸港做贡献会说文昌话的洋女婿：我想在海南把生意做大“她是老板娘，我是老板爹”来自意大利的蓝豆边说着满是文昌口音的海南话，边深情地望着美丽的妻子郑女士，时而还哈哈大笑。蓝豆告诉记者，海南自贸港建设如火如荼，他不但学海南话，还要学普通话，将来把生意做大。（记者吴岳文文图）我和我的自贸港生活会说文昌话的洋女婿：我想在海南把生意做大海南发布微博的微博视频;0.0044444444444444;-0.1799362954605886;0.4240423752227795;-0.008914599730528357
徐闻打造湛江与海南联动发展先行区县委书记打擂台潮起潮落、船来船往，全球最大的客货滚装码头徐闻港的每一天都是忙碌而有序的。徐闻，位于我国大陆最南端，这里有闻名遐迩的“菠萝的海”，还有震撼人心的“风车的海”。徐闻如何扛起“与海南相向而行”的使命担当，高标准建设广东对接服务海南自贸港的南门户城市，全力打造湛江与海南联动发展的先行区，实现县域经济提档升级？一起寻找答案。广东高质量发展徐闻打造湛江与海南联动发展先行区广东人保财险特约县委书记打擂台第二季南方日报的微博视频;0.0006734006734006;0.5297450424929182;0.5074668461502184;0.004758876718134073
南京调整住房公积金政策南京多子女家庭公积金贷款额度最高每户万南京住房公积金管理中心网站今日发布《关于调整部分住房公积金政策的通知》，其中，加大对多子女家庭住房公积金购房租房支持力度：多子女家庭（有两个及以上未成年子女），首次使用住房公积金贷款购买首套住房最高可贷额度，在普通家庭贷款最高限额基础上上浮，即多子女家庭最高可贷额度为万元人、万元户；对于无房的多子女家庭，每月提取住房公积金支付房租的限额提高。;0.08;0.1653157383480755;0.3113071699516478;0.10823049484081312
延安入选国家海绵城市建设示范城市未来年将获得中央财政补助亿元在近期财政部牵头开展的年海绵城市建设示范评审中，延安市入选国家海绵城市建设示范城市，未来年将获得中央财政补助亿元。西安公示个保障性租赁住房项目姑娘要结婚退租时扫干净房子留下喜糖;0.0039057239057239;0.4987998724376519;0.5080232790955586;0.026017635174707815
昆明市住建局昆明保障性租赁住房关于昆明市年第三批保障性租赁住房分配有关事项的通知网页链接;0.0001346801346801;-0.0785927214066537;0.5076523237986651;-0.00014125654523935297
央行下调常备借贷便利利率有助于带动实体经济融资成本下降央行下调常备借贷便利利率有助于带动实体经济融资成本下降;0.0002693602693602;0.9978218174142244;0.5078378014471119;0.0035881276979274693
央行降息央行下调常备借贷便利利率各期限均下调个基点在天期逆回购利率下调后，央行同一天还下调了常备借贷便利（）利率。月日晚间，中国人民银行更新的常备借贷便利利率表显示，隔夜常备借贷便利利率下调个基点至，天期常备借贷便利利率下调个基点至，个月期常备借贷展开;0.0002693602693602;0.8543487462234645;0.5078378014471119;0.0030722042217497803
小湘速递央行下调常备借贷便利利率个基点月日，央行下调常备借贷便利利率，隔夜期下调个基点至，天期下调个基点至，个月期下调个基点至。（央行）;0.0005387205387205;0.9459634540755056;0.5076523237986651;0.006800809390682501
国务院常务会李强主持召开国务院常务会议研究推动经济持续回升向好的一批政策措施审议通过《加大力度支持科技型企业融资行动方案》审议通过《私募投资基金监督管理条例（草案）》讨论《中华人民共和国学位法（草案）》李强主持召开国务院常务会议研究推动经济持续回升向好的一批政策措施展开;0.0036363636363636;0.621764108403427;0.3156526305385464;0.01876111736507836
李强主持召开国务院常务会议研究推动经济持续回升向好的一批政策措施审议通过《加大力度支持科技型企业融资行动方案》审议通过《私募投资基金监督管理条例（草案）》讨论《中华人民共和国学位法（草案）》网页链接;0.0004040404040404;0.8849970828904441;0.5506000477366009;0.0051755822317953275
李强主持召开国务院常务会议研究推动经济持续回升向好的一批政策措施审议通过《加大力度支持科技型企业融资行动方案》审议通过《私募投资基金监督管理条例（草案）》详情请戳网页链接;0.002020202020202;0.7779587979027618;0.5635062945743311;0.02328126112123706
国务院常务会李强主持召开国务院常务会议研究推动经济持续回升向好的一批政策措施审议通过《加大力度支持科技型企业融资行动方案》审议通过《私募投资基金监督管理条例（草案）》讨论《中华人民共和国学位法（草案）》;-0.0002693602693602;0.6140969994065439;0.279985062510481;-0.0012174796408753474
李强主持召开国务院常务会议研究推动经济持续回升向好的一批政策措施审议通过《加大力度支持科技型企业融资行动方案》审议通过《私募投资基金监督管理条例（草案）》讨论《中华人民共和国学位法（草案）》李强主持召开国务院常务会议研究推动经济持续回升向好的一批政策措施审议通过《加大力度支持科技型企业融资行动方案》审议通过《私募投资基金监督管理条例（草案）》讨论《中华人民共和国学位法（草案）》;0.002020202020202;0.6207072596758497;0.5834192238808231;0.019231745079071275
李强主持召开国务院常务会议研究推动经济持续回升向好的一批政策措施审议通过《加大力度支持科技型企业融资行动方案》审议通过《私募投资基金监督管理条例（草案）》讨论《中华人民共和国学位法（草案）》（来源：中华人民共和国中央人民政府）;0.0005387205387205;0.5318094414958249;0.4624116026930042;0.0034826083101916123
李强主持召开国务院常务会议李强主持召开国务院常务会议研究推动经济持续回升向好的一批政策措施审议通过《加大力度支持科技型企业融资行动方案》审议通过《私募投资基金监督管理条例（草案）》讨论《中华人民共和国学位法（草案）》中国政府网;0.0001346801346801;0.2877814258285525;0.5076523237986651;0.0005172363199673461
李强主持召开国务院常务会议研究推动经济持续回升向好的一批政策措施审议通过《加大力度支持科技型企业融资行动方案》审议通过《私募投资基金监督管理条例（草案）》讨论《中华人民共和国学位法（草案）》;0.0238383838383838;0.3327447108265046;1.0;0.2085183606098134
中国人民银行授权全国银行间同业拆借中心公布，年月日贷款市场报价利率（）为：年期为，年期以上为网页链接;0.0017508417508417;0.0;0.5085797120408988;0.0
降息来了下降个基点，部分首套房贷利率将历史首次降至以下中国人民银行授权全国银行间同业拆借中心公布，年月日贷款市场报价利率（）为：年期为，年期以上为，均下降个基点。以上在下一次发布之前有效。这是年月日以来，首次调整。（广州日报）广州日报的微博视频;0.0009427609427609;-0.2985496694469185;0.508394234392452;-0.0037616217762716586
小湘速递时隔个月下调万元房贷年将少万元央行授权全国银行间同业拆借中心公布，年月日，年期贷款市场报价利率（）为，年期以上为。二者较上月均下调个基点，结束了连续个月的“按兵不动”。专家预计，下调有利于促进房地产市场平稳健康发展，存量房贷和新增房贷利率都将下降。如以商贷额度万元、贷款年、等额本息还款方式计算，此次下降个基点，月供减少元，累积年月供减少万元。（来源：中新财经）：中国新闻网的微博视频;0.0005387205387205;0.0;0.5078378014471119;0.0
你目前会考虑买房吗？万房贷年减少万时隔十个月，贷款市场报价利率（）迎来下调。中国人民银行授权全国银行间同业拆借中心公布，年月日贷款市场报价利率（）为：年期为，下调个基点，年期以上为，同样下调个基点。以万元贷款金额、年期等额展开;0.0288215488215488;-0.3530898555952388;0.4176903675571431;-0.11174120445177509
房贷下调个基点今年房贷首次降息据中国人民银行消息，中国人民银行授权全国银行间同业拆借中心公布，年月日贷款市场报价利率（）为：年期为，年期以上为。以上在下一次发布之前有效。此次下调个基点，以首套房贷万元贷款年为例计算，每月房展开;0.0002693602693602;-0.9314609488178658;0.5074668461502184;-0.0033470499712993642
时隔个月下调万元房贷年将少万元央行授权全国银行间同业拆借中心公布，年月日，年期贷款市场报价利率（）为，年期以上为。二者较上月均下调个基点，结束了连续个月的“按兵不动”。专家预计，下调有利于促进房地产市场平稳健康发展，存量房贷和新增房贷利率都将下降。如以商贷额度万元、贷款年、等额本息还款方式计算，此次下降个基点，月供减少元，累积年月供减少万元。中国新闻网的微博视频;0.0044444444444444;0.4683710935392626;0.2378665765013482;0.013016592842656062
你今年有买房计划吗房贷时隔十个月，贷款市场报价利率（）迎来下调。月日，中国人民银行授权全国银行间同业拆借中心公布，年月日贷款市场报价利率（）为：一年期为，五年期以上为，均下降个基点。如以商贷额度万元、贷款年、等额本息还款方式计算，此次展开;0.03003367003367;0.1387323805345719;0.4071497672447157;0.04459608833120101
时隔个月下调央行授权全国银行间同业拆借中心公布，年月日，年期贷款市场报价利率（）为，年期以上为。二者较上月均下调个基点，结束了连续个月的“按兵不动”。专家预计，下调有利于促进房地产市场平稳健康发展，存量房贷和新增房贷利率都将下降。如以商贷额度万元、贷款年、等额本息还款方式计算，此次下降个基点，月供减少元，累积年月供减少万元。（中新财经）中国新闻网的微博视频;0.0026936026936026;0.5117619657377224;0.3087861036160556;0.011189627355306403
时隔个月下调万元房贷年将少万元央行授权全国银行间同业拆借中心公布，年月日，年期贷款市场报价利率（）为，年期以上为。二者较上月均下调个基点，结束了连续个月的“按兵不动”。专家预计，下调有利于促进房地产市场平稳健康发展，存量房贷和新增房贷利率都将下降。如以商贷额度万元、贷款年、等额本息还款方式计算，此次下降个基点，月供减少元，累积年月供减少万元。中国新闻网中国新闻网的微博视频;0.0025589225589225;0.5882731934858596;0.6163604294811209;0.024390869553093032
房贷再降息中国人民银行授权全国银行间同业拆借中心公布，年月日贷款市场报价利率（）为：年期为，年期以上为。以上在下一次发布之前有效。这是自年月以来首次下调。（来源：中国人民银行）;0.001077441077441;0.3602124059073571;0.4470390010831066;0.0045609356166670815
房贷降息后月供能省多少房贷时隔十个月，贷款市场报价利率（）迎来下调。月日，中国人民银行授权全国银行间同业拆借中心公布，年月日贷款市场报价利率（）为：一年期为，五年期以上为，均下降个基点。如以商贷额度万元、贷款年、等额本息还款方式计算，此次下降个基点，月供减少元，累积年月供减少万元。来聊聊：你如何看待这次房贷降息？;0.0154882154882154;0.147345238726312;0.353193661550591;0.021188817616679262
时隔个月下调万元房贷年将少万元央行授权全国银行间同业拆借中心公布，年月日，年期贷款市场报价利率（）为，年期以上为。二者较上月均下调个基点，结束了连续个月的“按兵不动”。专家预计，下调有利于促进房地产市场平稳健康发展，存量房贷和新增房贷利率都将下降。如以商贷额度万元、贷款年、等额本息还款方式计算，此次下降个基点，月供减少元，累积年月供减少万元。（中新财经）中国新闻网的微博视频;0.0013468013468013;0.535279801387659;0.3090906782615135;0.0058576934207864055
时隔个月下调万元房贷年将少万元央行授权全国银行间同业拆借中心公布，年月日，年期贷款市场报价利率（）为，年期以上为。二者较上月均下调个基点，结束了连续个月的“按兵不动”。专家预计，下调有利于促进房地产市场平稳健康发展，存量房贷和新展开;0.008080808080808;0.7433204774998855;0.2249614013827193;0.03552182177666972
下调会不会影响购房意愿？房贷年月日，年期贷款市场报价利率（）为，年期以上为。二者较上月均下调个基点，结束了连续个月的“按兵不动”。如以商贷额度万元、贷款年、等额本息还款方式计算，此次下降个基点，月供减少元，累积年月供减少万元。来聊聊，今年你准备买房吗？万房贷年减少万你说这个我就不困了;0.119057239057239;-0.0186159463800953;0.3606872021592035;-0.02101493214369884
降息来了，房贷也要降了，月供压力减轻能否提振房地产？房贷时隔个月，央行再次下调利率。今日早间，中国人民银行授权全国银行间同业拆借中心公布，年月日贷款市场报价利率（）为：年期为，年期以上为。两个品种同步下调个基点。分析人士认为，本轮展开;0.0029629629629629;-0.3055576610193308;0.378394380425312;-0.009005760858249258
万元房贷年将少万元央行授权全国银行间同业拆借中心公布，年月日，年期贷款市场报价利率（）为，年期以上为。二者较上月均下调个基点，结束了连续个月的“按兵不动”。专家预计，下调有利于促进房地产市场平稳健康发展，存量房贷和新增房贷利率都将下降。如以商贷额度万元、贷款年、等额本息还款方式计算，此次下降个基点，月供减少元，累积年月供减少万元。房贷（中新财经）中国新闻网的微博视频;0.0006734006734006;-0.1575006210280694;0.397756082595828;-0.0011089934452115432
刚刚宣布房贷再降息中国人民银行授权全国银行间同业拆借中心公布，年月日贷款市场报价利率（）为：年期为，年期以上为。以上在下一次发布之前有效。以贷款万、等额本息年计算，降到，总利息节省约万元，月供少了约元。刚刚宣布房贷再降息（宿迁发布微信公众号）房贷;0.0004040404040404;-0.2577802660840955;0.5078378014471119;-0.0013904514261563476
小湘速递深圳城中村改造后租金原则上不涨价深圳筹集保障房占全市城中村较小部分据深圳特区报，市住房建设局相关负责人表示：城中村保障性住房规模化品质化改造提升由政府主导筹集，改造后的租金以不涨为原则，单套租金原则上与改造前基本持平，即便个别房源因改造成本高、投入较大、建筑结构复杂，也必须严格控制成本、严格控制价格、严格加强价格监督。财经网的微博视频;0.0005387205387205;-0.1221362634155671;0.5076523237986651;-0.0008780735065407303
深圳城中村改造后租金原则上不涨价深圳筹集保障房占全市城中村较小部分据深圳特区报，市住房建设局相关负责人表示：城中村保障性住房规模化品质化改造提升由政府主导筹集，改造后的租金以不涨为原则，单套租金原则上与改造前基本持平，即便个别房源因改造成本高、投入较大、建筑结构复杂，也必须严格控制成本、严格控制价格、严格加强价格监督。财经网财经网的微博视频;0.001077441077441;0.7230925210267225;0.5076523237986651;0.010397049455016898
深圳官方回应城中村统租问题深圳城中村统租：有租客拿到补助火速搬离，有房东不愿给补贴官方回应“我们是公司统一安排居住在城中村的，现在因为统租不得不搬离，跟房东协商后，退了押金并补偿了一个月房租，我们现在打算搬回公司宿舍住。”月日下午，正在搬家的租户谢萍向记者介绍道。统租，顾名思义即由相关单位对城中村房源进行统一改造，然后对相关设施进行配套升级，再对外出租。但是，计划的好事因为深圳城中村租客的种种疑虑引发了舆论关注。在此之前，深圳已对多个城中村进行整治和改造，之所以此次引起广泛关注，主要有两点，一是统租范围偏大，二是引起了部分租户较大反弹。月日，据深圳发布官微，深圳市住建局相关负责人公开回应称，全市城中村整治提升划分为综合提升类、产业配套类、特色发展类、控制引导类和基本保障类等类。其中，仅部分综合提升类、产业配套类城中村涉及城中村保障性住房规模化品质化改造提升。其余类别均不涉及城中村保障性住房筹集。“城中村保障性住房规模化品质化改造提升由政府主导筹集，改造后的租金以不涨为原则，单套租金原则上与改造前基本持平，即便个别房源因改造成本高、投入较大、建筑结构复杂，也必须严格控制成本、严格控制价格、严格加强价格监督。”（每日经济新闻；阿法）深圳城中村统租：有租客拿到补助火速搬离，有房东不愿给补贴官方回应;0.0068686868686868;-0.8100539660706672;0.5089506673377923;-0.07444228435682958
支持广深结合城中村改造规模化建设保租房广东：支持广州、深圳结合城中村改造规模化建设保障性租赁住房广东提出全面落实带薪休假广东省印发广东省进一步提振和扩大消费若干措施。其中提出，扩大保障性住房供给。推动重点城市规划建设保障性住房，加快筹建保障性租赁住房，年新增筹建保障展开;0.0014814814814814;-0.0313927652266042;0.5087651896893455;-0.000622013084703163
广东：支持广州深圳结合城中村改造规模化建设保障性租赁住房财联社月日电，广东省印发广东省进一步提振和扩大消费若干措施。其中提出，扩大保障性住房供给。推动重点城市规划建设保障性住房，加快筹建保障性租赁住房，年新增筹建保障性租赁住房不少于万套（间）。支持企事业单位利用自展开;0.0012121212121212;0.3001527341443095;0.5078378014471119;0.004857017997485476
元芬村保障性住房为市民安家全新改造元芬村以规模化、品质化、数字化提供保障性租赁住房，为推进城中村保障性住房规模化品质化改造提升提供明确指引，元芬村曾经过改造的楼栋，以规模化、品质化、数字化为市民提供保障性租赁住房，成为干净、整洁、现代的社区。大湾区新闻的微博视频;0.0005387205387205;-0.1937836295446076;0.448087069682135;-0.0012297005397294552
元芬村保障性住房为市民安家全新改造元芬村以规模化、品质化、数字化提供保障性租赁住房，为推进城中村保障性住房规模化品质化改造提升提供明确指引，元芬村曾经过改造的楼栋，以规模化、品质化、数字化为市民提供保障性租赁住房，成为干净、整洁、现代的社区。保障性租房加速提质展开;0.0002693602693602;0.9728400521326436;0.5074668461502184;0.0034957388956583413
小湘速递深圳城中村改造后租金原则上不涨价深圳筹集保障房占全市城中村较小部分据深圳特区报，市住房建设局相关负责人表示：城中村保障性住房规模化品质化改造提升由政府主导筹集，改造后的租金以不涨为原则，单套租金原则上与改造前基本持平，即便个别房源因改造成本高、投入较大、建筑结展开;0.0005387205387205;-0.1221362634155671;0.5076523237986651;-0.0008780735065407303
深圳城中村改造后租金原则上不涨价深圳筹集保障房占全市城中村较小部分据深圳特区报，市住房建设局相关负责人表示：城中村保障性住房规模化品质化改造提升由政府主导筹集，改造后的租金以不涨为原则，单套租金原则上与改造前基本持平，即便个别房源因改造成本高、投入较大、建筑结构复杂，也展开;0.001077441077441;0.7230925210267225;0.5076523237986651;0.010397049455016898
生育三孩就送亿韩元？韩企加入鼓励生育行列花式催生据调查，为了缓解韩国低生育率问题，韩国各大企业也加入到鼓励生育行列，致力于引入多元化的激励生育政策。近日，内衣专门公司裳邦尔在首尔总部举行了“生育奖励”仪式，宣布从今年开始，向工职满年以上的生育子女员工（包含今年展开;0.0006734006734006;-0.1789720194167199;0.598289212392757;-0.0018955104788247734
小湘速递第一生育大省也开始催生了：广东支持有条件的地区发放育儿补贴月日，广东省卫生建康委、省发展改革委等个部门《关于进一步完善和落实积极生育支持措施的实施意见》挂网公开，为减轻群众生育、养育、教育负担提供支撑。实施意见提出，强化税收、经济补助等支持政策。落实好岁展开;0.0005387205387205;0.0524655636156166;0.5076523237986651;0.00037719036204548296
广东发布多项措施支持多生育第一生育大省也开始催生了广东支持有条件的地区发放育儿补贴（来源：秦殇）枣庄在线枣庄在线的微博视频;0.0009427609427609;0.7499580927842868;0.6447174105861139;0.011982965503136827
第一生育大省广东，也开始“催生”了第一生育大省也开始催生了月日，广东卫健委发布《关于进一步完善和落实积极生育支持措施的实施意见》提出，加快建设生育友好省，稳妥有序实施一对夫妻可以生育三个子女政策及配套支持措施，不断深化优生优育及妇女儿童健康服务，完善托育、财政、税收、保展开;0.0453872053872053;0.0627845864950299;0.3401692957407206;0.025482258948693055
投票：你最期待哪方面的生育支持措施第一生育大省也开始催生了，月日，广东省卫生建康委、省发展改革委等个部门发布《关于进一步完善和落实积极生育支持措施的实施意见》，为减轻群众生育、养育、教育负担提供支撑。你最期待哪方面的生育支持措施？（希隆）;0.0918518518518518;0.270911155241775;0.330048901561176;0.21589840267379154
广东要求促进解决青年人住房困难广东子女较多家庭可优先配租公租房第一生育大省也开始催生了月日，广东卫健委发布《关于进一步完善和落实积极生育支持措施的实施意见》。实施意见提出，加快完善住房保障体系。加快发展保障性租赁住房，促进解决新市民、青年人等群体住房困难。进一步完善展开;0.0013468013468013;-0.4633891482296379;0.5074668461502184;-0.008325559097518675
广东鼓励用人单位安排外省独生子女护理假广东将建立更加灵活适宜的生育休假制度第一生育大省也开始催生了月日，广东卫健委发布《关于进一步完善和落实积极生育支持措施的实施意见》。实施意见提出，建立更加灵活适宜的生育休假制度。支持各地、各用人单位探索实施更加弹性、更加方便家庭照顾婴幼儿的生育休假制度，加强对职工的人文关怀，帮助职工更好地平衡工作和家庭关系，促进公平就业和职业发展。落实省人力资源社会保障厅、省卫生健康委联合印发的《关于进一步做好广东省人口与计划生育条例相关假期贯彻落实工作的通知》（粤人社规号），逐步建立完善政府、用人单位、个人等多方分担的假期用工成本机制，切实保障职工假期待遇。维护好独生子女家庭权益，外省户籍的独生子女父母，其子女在广东工作的，鼓励用人单位参照我省独生子女父母护理假规定安排其子女休假。（每日经济新闻，希隆）;0.0009427609427609;-0.3040793143289895;0.5076523237986651;-0.003825702285970963
第一生育大省也开始催生了广东要求引导学生建立正向婚恋观月日，广东卫健委发布《关于进一步完善和落实积极生育支持措施的实施意见》。为减轻群众生育、养育、教育负担提供支撑。广东发布多项措施支持多生育实施意见提出，巩固拓展“双减”工作成果，严格落实义务教育阶段学科类校外培训收费政府指导价管理政策，减轻群众经济负担。加强家庭教育指导，引导家长形成科学育儿观念。加强校园健康教育，开展生长发育、性与生殖健康等方面的知识和技能教育，引导学生建立正向婚恋观、家庭观。（每日经济新闻，希隆）视频的微博视频;0.0025589225589225;-0.0727193414162687;0.5076523237986651;-0.0024833034456272405
第一生育大省也开始催生了：广东支持有条件的地区发放育儿补贴月日，广东省卫生建康委、省发展改革委等个部门《关于进一步完善和落实积极生育支持措施的实施意见》挂网公开，为减轻群众生育、养育、教育负担提供支撑。实施意见提出，强化税收、经济补助等支持政策。落实好岁以下婴幼儿照展开;1.0;0.0966385458313434;0.3936346142579895;1.0
国家发改委发布恢复和扩大消费二十条措施月日，国务院办公厅转发国家发展改革委关于恢复和扩大消费措施的通知，就住房、汽车、休假、文旅等方面提出二十条针对性举措。其中提出，扩大服务消费，丰富文旅消费，全面落实带薪休假制度，鼓励错峰休假、弹性作息，促进假日消费；促进文娱体育会展消费，优化审批流程，加强安全监管和服务保障，增加戏剧节、音乐节、艺术节、动漫节、演唱会等大型活动供给；稳定大宗消费，各地不得新增汽车限购措施，支持刚性和改善性住房需求，提升家装家居和电子产品消费；提升健康服务消费，坚持中西医并重，开发面向老年人健康服务产品。;0.0004040404040404;-0.9477871299016618;0.5074668461502184;-0.005108573080753511
国家发改委副主任：促消费政策不是所谓的掏空钱包透支需求月日下午时，国务院新闻办公室举行国务院政策例行吹风会，国家发展改革委副主任李春临和工业和信息化部、商务部、文化和旅游部、市场监管总局有关负责人介绍恢复和扩大消费的措施有关情况，并答记者问。南方日报南方记者：面对有展开;0.025050505050505;-0.1022787145750211;0.3499639399669279;-0.02357118287565298
发改委公布恢复和扩大消费条涉汽车餐饮住房等国家发改委公布关于恢复和扩大消费措施的通知，涉及方面条措施，包括稳定汽车、房地产、家居和电子产品等大宗消费，以及扩大服务消费、促进农村消费等。在稳定大宗消费方面，发改委提到各地区不得新增汽车限购措施，已实施限购的地区，因地制宜优化汽车限购措施。着力推动全面取消二手车限迁、便利二手车交易登记等已出台政策落地见效；促进汽车更新消费。当局又指要扩大新能源汽车消费，支持新能源汽车下乡、延续和优化新能源汽车车辆购置税减免等；促进家庭装修消费，深入开展家电以旧换新。通知又提出，支持刚性和改善性住房需求，做好保交楼、保民生、保稳定工作；着力解决新市民、青年人等住房困难群体的住房问题。稳步推进老旧小区改造，在超大特大城市积极稳步推动城中村改造。在扩大服务消费上，发改委提出，全面落实带薪休假制度，鼓励“错峰休假”、弹性作息，促进假日消费，又将鼓励各地制定实施景区门票减免、淡季免费开放、引导博物馆、文化馆等延长开放时间等措施，又指要促进文娱体育会展消息、提升健康服务消费。发改委亦将促进农村消费，包括大力发展乡村旅游、完善农村电子商务和快递物流配送体系等。当局同时会加快传统消费数字化转型，促进电子商务、直播经济、在线文娱等数字消费规范发展，拓展新型消费。香港卫视综合报道。;0.0004040404040404;0.1714346962831621;0.5074668461502184;0.0009240330944673027
全面落实带薪休假制度发改委发布恢复和扩大消费二十条措施国务院办公厅转发国家发展改革委关于恢复和扩大消费措施的通知国办函号各省、自治区、直辖市人民政府，国务院各部委、各直属机构：国家发展改革委《关于恢复和扩大消费的措施》已经国务院同意，现转发给你们，请认真贯彻落实。国务院办公厅年月日（此件公开发布）关于恢复和扩大消费的措施国家发展改革委为深入实施扩大内需战略，充分发挥消费对经济发展的基础性作用，不断增强高质量发展的持久动力，按照党中央、国务院决策部署，现就恢复和扩大消费提出如下措施。一、总体要求以习近平新时代中国特色社会主义思想为指导，深入贯彻党的二十大精神，坚持稳中求进工作总基调，完整、准确、全面贯彻新发展理念，加快构建新发展格局，着力推动高质量发展，把恢复和扩大消费摆在优先位置，优化就业、收入分配和消费全链条良性循环促进机制，增强消费能力，改善消费条件，创新消费场景，充分挖掘超大规模市场优势，畅通经济循环，释放消费潜力，更好满足人民群众对高品质生活的需要。坚持有效市场和有为政府更好结合。顺应市场规律和消费趋势，充分发挥市场在资源配置中的决定性作用，更好发挥政府作用，加快建设全国统一大市场，提升服务质量，激发市场活力，释放潜在需求，着力营造推动消费升级的良好生态。坚持优化供给和扩大需求更好结合。把实施扩大内需战略同深化供给侧结构性改革有机结合起来，增强供给结构对需求变化的适应性和灵活性，拓展消费新空间，打造消费新场景，丰富消费体验，以高质量供给引领和创造市场新需求。坚持提质升级和创新发展更好结合。突出体现大众化、普惠性，加快城乡消费基础设施建设，完善扩大居民消费的长效机制，切实保护消费者权益，营造便利消费、放心消费环境，不断提升消费便利度、舒适度、满意度。二、稳定大宗消费（一）优化汽车购买使用管理。各地区不得新增汽车限购措施，已实施限购的地区因地制宜优化汽车限购措施。着力推动全面取消二手车限迁、便利二手车交易登记等已出台政策落地见效。促进汽车更新消费，鼓励以旧换新，不得对非本地生产的汽车实施歧视性政策。加大汽车消费金融支持力度。增加城市停车位供给，改善人员密集场所和景区停车条件，推进车位资源共享利用。（二）扩大新能源汽车消费。落实构建高质量充电基础设施体系、支持新能源汽车下乡、延续和优化新能源汽车车辆购置税减免等政策。科学布局、适度超前建设充电基础设施体系，加快换电模式推广应用，有效满足居民出行充换电需求。推动居住区内公共充电基础设施优化布局并执行居民电价，研究对充电基础设施用电执行峰谷分时电价政策，推动降低新能源汽车用电成本。（三）支持刚性和改善性住房需求。做好保交楼、保民生、保稳定工作，完善住房保障基础性制度和支持政策，扩大保障性租赁住房供给，着力解决新市民、青年人等住房困难群体的住房问题。稳步推进老旧小区改造，进一步发挥住宅专项维修资金在老旧小区改造和老旧住宅电梯更新改造中的作用，继续支持城镇老旧小区居民提取住房公积金用于加装电梯等自住住房改造。在超大特大城市积极稳步推进城中村改造。持续推进农房质量安全提升工程，继续实施农村危房改造，支持度及以上设防地区农房抗震改造，鼓励同步开展农房节能改造和品质提升，改善农村居民居住条件。（四）提升家装家居和电子产品消费。促进家庭装修消费，鼓励室内全智能装配一体化。推广智能家电、集成家电、功能化家具等产品，提升家居智能化绿色化水平。加快实施家电售后服务提升行动。深入开展家电以旧换新，加强废旧家电回收。利用超高清视频、虚拟现实、柔性显示等新技术，推进供给端技术创新和电子产品升级换代。支持可穿戴设备、智能产品消费，打造电子产品消费应用新场景。三、扩大服务消费（五）扩大餐饮服务消费。倡导健康餐饮消费、反对餐饮浪费，支持各地举办美食节，打造特色美食街区，开展餐饮促消费活动。因地制宜优化餐饮场所延长营业时间相关规定。培育“种养殖基地中央厨房冷链物流餐饮门店”模式，挖掘预制菜市场潜力，加快推进预制菜基地建设，充分体现安全、营养、健康的原则，提升餐饮质量和配送标准化水平。推广透明厨房，让消费者吃得放心。（六）丰富文旅消费。全面落实带薪休假制度，鼓励错峰休假、弹性作息，促进假日消费。加强区域旅游品牌和服务整合，积极举办文化和旅游消费促进活动。健全旅游基础设施，强化智慧景区建设，提高旅游服务质量。鼓励各地制定实施景区门票减免、淡季免费开放等政策。在保障游客自主选择权的基础上，支持不同区域景区合作推行联票模式，鼓励景区结合实际实施一票多次多日使用制，更好满足游客多样化需求。推动夜间文旅消费规范创新发展，引导博物馆、文化馆、游乐园等延长开放时间，支持有条件的地区建设“小时生活圈”。打造沉浸式演艺新空间，建设新型文旅消费集聚区。（七）促进文娱体育会展消费。加快审批等工作进度，持续投放优秀电影作品和文艺演出。优化审批流程，加强安全监管和服务保障，增加戏剧节、音乐节、艺术节、动漫节、演唱会等大型活动供给。鼓励举办各类体育赛事活动，增加受众面广的线下线上体育赛事。大力发展智能体育装备，提升科学健身智慧化水平。实施全民健身场地设施提升行动，加强体育公园建设，补齐全民健身设施短板。遴选确定新一批国家体育消费试点城市。鼓励各地加大对商品展销会、博览会、交易会、购物节、民俗节、品牌展、特色市集等活动的政策支持力度，进一步扩大会展消费。开展“老字号嘉年华”等活动，促进品牌消费。（八）提升健康服务消费。坚持中西医并重，推动优质医疗资源下沉，共建城市医疗集团和县域医共体等医疗联合体，加强基本医疗卫生服务，提高服务质量和水平，着力增加高质量的中医医疗、养生保健、康复、健康旅游等服务。发展“互联网医疗健康”，进一步完善互联网诊疗收费政策，逐步将符合条件的“互联网”医疗服务纳入医保支付范围。开发面向老年人的健康管理、生活照护、康养疗养等服务和产品，支持各类机构举办老年大学、参与老年教育。积极扩大普惠型服务供给，推动公共消费提质增效。四、促进农村消费（九）开展绿色产品下乡。有条件的地区可对绿色智能家电下乡、家电以旧换新等予以适当补贴，按照产品能效、水效等予以差异化政策支持。开展绿色建材下乡活动，鼓励有条件的地区对绿色建材消费予以适当补贴或贷款贴息。（十）完善农村电子商务和快递物流配送体系。大力发展农村直播电商、即时零售，推动电商平台和企业丰富面向农村的产品和服务供给。完善县乡村三级快递物流配送体系，加快提升电商、快递进农村综合水平，支持县级物流配送中心、乡镇物流站点建设改造，整合邮政、快递、供销、电商等资源，推行集约化配送，鼓励农村客运车辆代运邮件快件。建设村级寄递物流综合服务站，在有条件的乡村布设智能快件箱，增加农村零售网点密度，逐步降低物流配送成本。（十一）推动特色产品进城。深入推进农业生产和农产品“三品一标”，开发具有鲜明地域特点、民族特色、乡土特征的产品产业，大力发展农村电子商务和订单农业，拓宽特色农产品上行通道。引导线上线下各类平台持续加大消费帮扶力度，开设专馆专区专柜促进脱贫地区特色产品顺畅销售，带动农民增收致富、增强消费能力。（十二）大力发展乡村旅游。推广浙江“千万工程”经验，建设宜居宜业和美乡村。实施文化产业赋能乡村振兴计划，保护传承优秀乡土文化，盘活和挖掘乡村文旅资源，提升乡村文旅设施效能。推动实施乡村民宿服务认证，培育发布一批等级旅游民宿，打造一批品质民宿。支持经营主体开发森林人家、林间步道、健康氧吧、星空露营、汽车旅馆等产品，因地制宜打造一批美丽田园、景观农业、农耕体验、野外探险、户外运动、研学旅行等新业态，拓展乡村生态游、休闲游。五、拓展新型消费（十三）壮大数字消费。推进数字消费基础设施建设，丰富第五代移动通信（）网络和千兆光网应用场景。加快传统消费数字化转型，促进电子商务、直播经济、在线文娱等数字消费规范发展。支持线上线下商品消费融合发展，提升网上购物节质量水平。发展即时零售、智慧商店等新零售业态。鼓励数字技术企业搭建面向生活服务的数字化平台，推进数字生活智能化，打造数字消费业态、智能化沉浸式服务体验。加强移动支付等安全监管。升级信息消费，促进信息消费体验中心建设改造，提升信息消费示范城市建设水平，高质量举办信息消费系列特色活动，推动新一代信息技术与更多消费领域融合应用。推动平台经济规范健康持续发展，持续推动创新突破，开辟更多新领域新赛道，进一步完善相关领域服务标准。（十四）推广绿色消费。积极发展绿色低碳消费市场，健全绿色低碳产品生产和推广机制，促进居民耐用消费品绿色更新和品质升级。健全节能低碳和绿色制造标准体系，完善绿色产品认证与标识体系，鼓励先行制定团体标准和企业标准。广泛开展节约型机关、绿色家庭、绿色社区、绿色出行等创建行动，反对奢侈浪费和过度消费，倡导理性消费，加快形成简约适度、绿色低碳的生活方式和消费模式。六、完善消费设施（十五）加快培育多层级消费中心。深化国际消费中心城市建设，科学布局、培育发展一批区域消费中心和地方特色消费中心。深入推进海南国际旅游消费中心建设。提升城市商业体系，推动步行街改造提升，发展智慧商圈，打造“一刻钟”便民生活圈，构建分层分类的城市消费载体，提高居民消费便利度。加强社区便民服务，合理布局养老、托育、餐饮、家政、零售、快递、健身、美发、维修、废旧物品回收等便民生活服务业态，推进完整社区建设。（十六）着力补齐消费基础设施短板。结合推进城市更新，强化存量片区改造与支持消费新场景发展的硬件功能衔接。加强县域商业体系建设，建设改造一批乡镇商贸中心、集贸市场、农村新型便民商店，推动重点商贸街巷改造升级。稳步推动产地销地冷链设施建设，补齐农产品仓储保鲜冷链物流设施短板，推动城乡冷链网络双向融合。（十七）完善消费基础设施建设支持政策。实施消费促进专项投资政策，支持消费基础设施建设、设备更新改造和关键生产线改造升级，将符合条件的项目纳入地方政府专项债券支持范围。支持符合条件的消费基础设施发行不动产投资信托基金（）。支持各地保障消费基础设施建设合理用地需求。允许企业在符合国土空间规划、不改变用地结构和性质、确保安全的前提下，严格按文明城市规范要求和所在地临时建设、规划管理相关规定，在建设用地上搭建临时简易建筑，拓展消费新场景。七、优化消费环境（十八）加强金融对消费领域的支持。引导金融机构按市场化方式，加大对住宿餐饮、文化旅游、体育健康、养老托育、家政服务等的综合金融支持力度。更注重以真实消费行为为基础，加强消费信贷用途和流向监管，推动合理增加消费信贷。在加强征信体系建设的基础上，合理优化小额消费信贷和信用卡利率、还款期限、授信额度。（十九）持续提升消费服务质量水平。全面开展放心消费行动，完善重点服务消费领域服务标准。依法打击假冒伪劣行为，持续推动创建放心市场、放心商店、放心网店、放心餐饮、放心景区、放心工厂，加快形成退换货、质量追溯、明码标价、监管、评价的放心消费制度闭环，营造放心消费环境。（二十）完善促进消费长效机制。进一步完善促进消费体制机制。探索建立消费动态大数据监测平台系统，开展消费前瞻指数研究和编制。加快消费信用体系建设。持续深化改革，加快清理制约消费的各种规定和做法，有序破除消费领域的体制机制障碍和隐性壁垒，促进不同地区和行业标准、规则、政策协调统一。各有关部门要充分发挥现有部门间协作机制作用，强化协同联动，加强督促落实，结合实际细化出台工作方案和配套政策。各地区要压实属地责任，完善工作机制，精心组织实施，因地制宜采取有效举措、探索有效做法，切实推动各项措施落地见效。;0.1061279461279461;-0.111434411030314;0.376325240080916;-0.1169953932365842
国家发改委：研究出台实施大力发展银发经济政策举措财联社月日电，下半年在扩大内需方面还有哪些举措？国家发展改革委主要负责同志表示，下半年，在扩大内需方面，一是更好发挥消费拉动经济增长的基础性作用。出台实施恢复和扩大消费的政策文件。通过大力推动就业等措施，增加居民收入。提振大宗消费，加快推进充电和停车设施建设，鼓励汽车限购地区优化限购管理政策。继续做好保交楼、保民生、保稳定工作，适时调整优化房地产政策，因城施策用好政策工具箱，更好满足居民刚性和改善性住房需求。促进服务消费“好上加好”，以暑期、中秋、国庆等假期为契机，扩大节假日消费；充分用好大运会、亚运会等各类赛事活动，发展文化、体育消费。研究出台实施大力发展银发经济政策举措。二是积极发挥投资对优化供给结构的关键作用。民间投资始终是有效投资的重点之一，要明确一批鼓励民间资本参与的重点细分领域，加强民间投资融资、用地等要素保障，支持民间资本参与盘活国有存量资产，促进民间投资逐步恢复。更好发挥政府投资带动作用，扎实推进“十四五”规划项重大工程及其他经济社会发展重大项目，加快地方政府专项债券发行和使用。央视新闻;0.0065993265993266;-0.2456280920325507;0.4841976549880959;-0.020632728867243356
青岛发布公积金提取新政为加大住房公积金租房支持力度，助力新市民、青年人安居，市住房公积金管理中心自月日起，围绕增强政策的普惠性、针对性及便捷性，优化调整住房公积金租赁提取政策。本次政策调整坚持“租购并举”，着力加大住房公积金资金支持力度，释放制度红利。一方面，提高租房提取额度。无房职工租住商品住房的，零材料每人每月提取金额上限由元提高至元；额外提供租赁备案凭证及发票的，夫妻双方每月提取金额上限由元提高至元，加大租房资金保障。另一方面，强化“租购衔接”政策。新政统筹兼顾职工租房、购房需求，职工购买家庭首套自住住房申请住房公积金贷款的，申贷时点一年内的租赁提取金额均可纳入贷款额度计算，有力支持职工购房，提振住房消费。本次政策调整结合不同群体住房需求特点，进行了针对性设计，着力提高政策保障的精准度和实效性。针对新市民、青年人群体，支持租房全额提取。青岛无房的新市民（未获得我市户籍或获得青岛户籍不满三年）及青年人（周岁以下），可按月全额提取本人住房公积金月缴存额支付房租，实现“尽提应提”，帮助新市民、青年人解决住房困难问题。针对各类住房保障群体，积极扩大受益范围。除租赁公共租赁住房，职工租赁保障性租赁住房、租赁型人才住房也可按照实际房租支出提取住房公积金，支持职工刚性住房需求。本次政策调整聚焦优化营商环境，不断增强提取办事便利，着力提升群众办事体验。创新推出“住房公积金支付”房租新模式，职工承租住房租赁企业统一管理运营的住房，租赁企业开通住房公积金支付商户服务的，职工可直接使用住房公积金支付房租，无需动用自有资金先行垫付，缓解租房资金压力。另外，青岛租赁提取已实现了多渠道、零跑腿网上办理，职工租赁各种类型住房，均可通过青岛住房公积金网上营业厅、“青岛公积金”微信公众号智慧网厅、“爱山东”政务服务平台移动端等渠道线上办理提取手续，一次不用跑、资金到账快、办理效率高，让市民群众切身享受到政策实惠。（青岛新闻网）;0.0336700336700336;0.3150127097021528;0.30905207909812;0.08617070166991037
重庆住房公积金租房提取额度再提元重庆：住房公积金租房提取额度每人每月再次提高元财联社月日电，重庆市日出台《关于进一步优化住房公积金使用政策的通知》，七项举措支持住房公积金缴存人的刚性和改善性住房需求，租购并举助力解决新市民、青年人住房问题。在提高缴存人家庭租房提取额度方面，进一步加大租房自住支持力度，缴存人家庭在重庆市无自有住房且租赁住房的，中心城区缴存人提取额度提高至每人元月，夫妻双方为元月；中心城区以外区县缴存人提取额度提高至每人元月，夫妻双方为元月。;0.0022895622895622;0.4992421172658116;0.5851971657251945;0.01758418427711631
河南制定住房公积金支持新市民租购住房政策河南：制定住房公积金支持新市民租购住房政策财联社月日电，《河南省实施扩大内需战略三年行动方案》印发，其中提到，坚持“房子是用来住的、不是用来炒的”定位，鼓励各地因城施策采取发放购房补贴、契税补贴等措施，支持人才购房落户和城乡居民合理住房消费需求。积极做好不动产“带押过户”工作，鼓励建立跨银行业金融机构贷款协同机制，推进登记、贷款、放款、还款等环节无缝衔接。健全多主体供给、多渠道保障、租购并举的住房制度，增加保障性租赁住房供给，完善长租房政策，培育专业化、规模化住房租赁企业，开展节能家电、环保家具租赁业务。制定住房公积金支持新市民租购住房政策。;0.0013468013468013;0.8357487922705313;0.5074668461502184;0.015015621292193084
小农讲法丨买房银行贷款利息几个点一、买房银行贷款利息几个点目前贷款期限年以上商业贷款基准利率是，受限购限贷政策的影响，各地银行对首套房贷款利率调整力度不同，全国首套房平均利率为，利率普遍上浮。二套房贷款利率普遍上浮。同期公积金贷款基准利率为，二套房贷款利率普遍上浮。第套房界定以借款人家庭（包括借款人、配偶及未成年子女）为单位认定房贷次数，已利用公积金贷款或者商业贷款购房的家庭，再次申请房贷，将视为第套房。二、买房子贷款一般多少年个人住房贷款长期限为年、个人商业用房贷款长期限为年、男士年龄不超过岁、你的年龄为男士长贷款年限、女士年龄不超过岁你的年龄为女士长贷款年限二手房的商业贷款与房产的实际成交价格、房屋所建的年代以及个人的收入状况有关。房屋市场的估值越高、可以取得的二手房能贷款额度也就越高。一般情况下、二手房能贷款额度为市场估值的成左右。当然、二手房的市场估值和很多因素相关、例如二手房的地理位置、房龄、配套设施等等二手房过于老旧、房龄超过年就较难取得贷款了、只有部分机构予以放款、但是能贷的金额不大其次、二手房能贷款多少还与申请人自身条件有关。三、贷款买房什么时候能拿到房产证农晓法提醒您，首先，根据建设部《商品房销售管理办法》，要求开发商应当在商品房交付使用之日起日内，将需要由开发商提供的办理房屋权属登记的资料，报送房屋所在地房地产主管部门。其次，按照《房地产开发经营管理条例》以及《城市商品房预售管理办法》的规定，预售合同购房人应当自商品房交付使用之日起日内办理房产证现房购房人自销售合同签订之日起日内办理房产证。最后，贷款买房的房产证取得时间，要看购房者与开发商签订的合同，房产证的办理首先以合同约定为准，如果超出合同规定的办理时间，开发商应该承担相关的违约责任。;0.0;-0.1022787145750211;0.3458834317011001;-0.0
近日印发的《商务部等部门关于促进家居消费若干措施的通知》日对外公布。通知提出，组织开展家居焕新活动，加大优惠力度，支持居民更换或新购绿色智能家居产品、开展旧房装修。通知涵盖大力提升供给质量、积极创新消费场景、有效改善消费条件、着力优化消费环境等四方面条具体措施。在大力提升供给质量方面，方案提出，完善绿色供应链、创新培育智能消费、提高家居适老化水平。包括促进企业加大绿色家居产品研发力度，大力发展绿色家装、装配式装修；加快智能家电等家居产品研发；制定发布老年用品产品推广目录，加快制定家居产品适老化设计通用标准。在积极创新消费场景方面，方案提出，推动业态模式创新发展、支持旧房装修、开展促消费活动。包括鼓励有条件的地区有序发展二手家居流通产业；通过政府支持、企业促销等多种方式，支持居民开展旧房装修和局部升级改造；引导企业提高家居消费供给质量和水平，提供更多高品质、个性化、定制化家居产品。在有效改善消费条件方面，方案提出，发展社区便民服务、完善废旧物资回收网络、促进农村家居消费。包括引导家居企业、电商平台等下沉农村市场；深入开展绿色建材下乡活动，有条件的地区应对绿色建材消费予以适当补贴或贷款贴息；鼓励有条件的地区开展家电家具家装下乡。在着力优化消费环境方面，方案提出，规范市场秩序、加强政策支持。包括依法打击家居消费领域假冒伪劣、偷工减料、价格欺诈等行为；鼓励行业协会等探索实施家居行业“黑名单”制度；鼓励金融机构在依法合规、风险可控前提下，加强对家居消费的信贷支持。;0.0036363636363636;0.4729056338900959;0.4424596492451683;0.0200019251353908
特别关注部门促进家居消费近日印发的《商务部等部门关于促进家居消费若干措施的通知》日对外公布。通知提出，组织开展家居焕新活动，加大优惠力度，支持居民更换或新购绿色智能家居产品、开展旧房装修。通知涵盖大力提升供给质量、积极创新消费场景、有效改善消费条件、着力优化消费环境等四方面条具体措施。详情请看网页链接（刘宏宇）;0.0001346801346801;0.9998995460960436;0.5074668461502184;0.0017964863429381478
事关你的家，部门发文栖霞融媒部门促进家居消费支持居民家居焕新近日印发的《商务部等部门关于促进家居消费若干措施的通知》日对外公布。通知提出，组织开展家居焕新活动，加大优惠力度，支持居民更换或新购绿色智能家居产品、开展旧房装修。通知涵盖大力提升供给质量、积极创新消费场景、有效改善消费条件、着力优化消费环境等四方面条具体措施。在大力提升供给质量方面，方案提出，完善绿色供应链、创新培育智能消费、提高家居适老化水平。包括促进企业加大绿色家居产品研发力度，大力发展绿色家装、装配式装修；加快智能家电等家居产品研发；制定发布老年用品产品推广目录，加快制定家居产品适老化设计通用标准。在积极创新消费场景方面，方案提出，推动业态模式创新发展、支持旧房装修、开展促消费活动。包括鼓励有条件的地区有序发展二手家居流通产业；通过政府支持、企业促销等多种方式，支持居民开展旧房装修和局部升级改造；引导企业提高家居消费供给质量和水平，提供更多高品质、个性化、定制化家居产品。在有效改善消费条件方面，方案提出，发展社区便民服务、完善废旧物资回收网络、促进农村家居消费。包括引导家居企业、电商平台等下沉农村市场；深入开展绿色建材下乡活动，有条件的地区应对绿色建材消费予以适当补贴或贷款贴息；鼓励有条件的地区开展家电家具家装下乡。在着力优化消费环境方面，方案提出，规范市场秩序、加强政策支持。包括依法打击家居消费领域假冒伪劣、偷工减料、价格欺诈等行为；鼓励行业协会等探索实施家居行业“黑名单”制度；鼓励金融机构在依法合规、风险可控前提下，加强对家居消费的信贷支持。来源：新华社;0.0006734006734006;0.0;0.5074668461502184;0.0
部门促进家居消费支持居民家居焕新部门促进家居消费支持居民家居焕新近日印发的《商务部等部门关于促进家居消费若干措施的通知》日对外公布。通知提出，组织开展家居焕新活动，加大优惠力度，支持居民更换或新购绿色智能家居产品、开展旧房装修。通知涵盖大力提升供给质量、积极展开;0.0001346801346801;-0.6996074655242446;0.5074668461502184;-0.0012569615239240777
央行邹澜谈提前还款大幅增加：支持和鼓励商业银行与借款人自主协商变更合同约定据中国网报道，月日，人民银行货币政策司司长邹澜表示，今年上半年，个人住房贷款累计发放万亿元，较去年同期多发放超过亿元，对住房销售支持力度明显加大。居民使用存款或者减少其他投资提前偿还存量贷款的现象大幅增加。这种现象对住房需求并不构成影响，它是一个居民资产配置的调整。提前还款客观上对商业银行的收益也有一定的影响。按照市场化、法治化原则，我们支持和鼓励商业银行与借款人自主协商变更合同约定，或者是新发放贷款置换原来的存量贷款。央行邹澜回应银行主动下调存款利率公摊面积为何不能取消红星资本局界面的微博视频;0.0001346801346801;0.0974987859055727;0.5078378014471119;0.00017530088444481158
央行回应居民提前还款大幅增加央行邹澜谈“提前还款大幅增加”：支持和鼓励商业银行与借款人自主协商变更合同约定人民银行货币政策司司长邹澜表示，今年上半年，个人住房贷款累计发放万亿元，较去年同期多发放超过亿元，对住房销售支持力度明显加大。但统计数据显示的个人住房贷款余额总体还略微减少一点，这主要是因为理财收益率、房贷利率等价格关系已经发生了变化，居民使用存款或者减少其他投资提前偿还存量贷款的现象大幅增加。这种现象对住房需求并不构成影响，它是一个居民资产配置的调整。尽管贷款市场报价利率下行了个百分点，但因为合同约定的加点幅度在合同期限内是固定不变的，前些年发放的存量房贷利率仍然处在相对较高的水平上，这与提前还款大幅增加有比较大的关系。提前还款客观上对商业银行的收益也有一定的影响。按照市场化、法治化原则，我们支持和鼓励商业银行与借款人自主协商变更合同约定，或者是新发放贷款置换原来的存量贷款。;0.0006734006734006;-0.4812428522329359;0.5074668461502184;-0.004323165337201566
央行邹澜谈提前还款大幅增加央行邹澜谈“提前还款大幅增加”：支持和鼓励商业银行与借款人自主协商变更合同约定财联社月日电，人民银行货币政策司司长邹澜表示，今年上半年，个人住房贷款累计发放万亿元，较去年同期多发放超过亿元，对住房销售支持力度明显加大。但统计数据显示的个人住房贷款余额总体还略微减少一点，这主要是因为理财收益率、房贷利率等价格关系已经发生了变化，居民使用存款或者减少其他投资提前偿还存量贷款的现象大幅增加。这种现象对住房需求并不构成影响，它是一个居民资产配置的调整。尽管贷款市场报价利率下行了个百分点，但因为合同约定的加点幅度在合同期限内是固定不变的，前些年发放的存量房贷利率仍然处在相对较高的水平上，这与提前还款大幅增加有比较大的关系。提前还款客观上对商业银行的收益也有一定的影响。按照市场化、法治化原则，我们支持和鼓励商业银行与借款人自主协商变更合同约定，或者是新发放贷款置换原来的存量贷款。;0.0052525252525252;0.2877814258285525;0.5119183097129397;0.020341730902922513
小湘速递财政部将在近期公布税费优惠政策后续安排财政部税政司副司长魏岩在新闻发布会上表示，当前，经济运行面临新的困难挑战，国内需求仍然不足，一些企业经营困难。我们将会同有关部门认真贯彻落实党中央、国务院决策部署，打好政策“组合拳”，及时出台、抓紧实施一批针对性、组合性、协同性强的政策措施。按照国务院常务会议部署，还将在近期公布税费优惠政策后续安排，稳定预期、提振信心。聚焦科技创新、重点产业链、建立现代产业体系、促增收扩消费等方面，积极谋划针对性强、务实管用的税费优惠政策，着力为经营主体纾困解难，不断增强发展动能，优化经济结构，推动经济持续回升向好。;0.0005387205387205;0.5297450424929182;0.5080232790955586;0.003811275827768921
完善税费优惠政策提振民营企业发展信心网页链接利津县融媒体中心;0.0024242424242424;0.4040638734713832;0.6592023704685197;0.016974663076873498
大同生活大同身边事税务总局发布指引：买卖房产这些税费有减免月日，国家税务总局发布《支持协调发展税费优惠政策指引》，此次政策提及项税收优惠政策。其中，在支持消费提振信心税费优惠方面，对于买卖房产或者出租有多项减免。涉及个人销售住房减免增值税、个人购买安置住房减征契税、居民换购住房退还个人所得税、个人出租住房减按征收个人所得税、个人出租住房减征增值税、个人出租住房减征房产税等。（国家税务总局）项税收优惠政策;0.0002693602693602;0.6938194695370812;0.5074668461502184;0.0024931248470998553
国家税务总局发布最新税费优惠政策买房可减征契税卖房可减免增值税月日晚，国家税务总局发布《支持协调发展税费优惠政策指引》，其中支持消费提振信心税费优惠具体包括：个人销售住房减免增值税，个人转让自用家庭唯一生活用房免征个人所得税，个人销售或购买住房免征印花税，个人销售住房免征土地增值税，个人购买安置住房免征印花税，个人购买安置住房减征契税，个人购买经济适用房减半征收契税等。中国网财经的微博视频;0.0004040404040404;-0.4905595017068359;0.7567804846273025;-0.003943144982328457
国家税务总局发布最新税费优惠政策买房可减征契税卖房可减免增值税月日晚，国家税务总局发布《支持协调发展税费优惠政策指引》，其中支持消费提振信心税费优惠具体包括：个人销售住房减免增值税，个人转让自用家庭唯一生活用房免征个人所得税，个人销售或购买住房免征印花税，个人销展开;0.0001346801346801;-0.8206576391334823;0.5074668461502184;-0.0014744483550246082
国税总局发布税费优惠政策指引涉及住房领域有这些措施利好房地产的政策又来了。日前，国家税务总局出台《支持协调发展税费优惠政策指引》，梳理形成涵盖项支持协调发展的税费优惠政策指引。涉及住房领域，该政策指引显示，促进城乡住房发展税费优惠方面有条优惠政策，包括扶贫搬迁安置，公共住房筹集建设等；支持消费提振信心税费优惠方面有条措施，涉及住房交易消费（含租赁）的税收减免优惠等。此外，在促就业保民生，城乡公共设施建设方面也出台了大量的税费优惠措施。细分来看，利好房地产的政策指导中，个人销售住房减免增值税、个人转让自用家庭唯一生活用房免征个人所得税、个人销售住房免征土地增值税、个人购买家庭唯一住房或第二套改善性住房减征契税、居民换购住房退还个人所得税等措施，尤其受人关注。;0.0028282828282828;0.2368209070424139;0.4612580551545932;0.008121629489892744
小湘速递国税总局发布税费优惠政策指引涉及买房或租房减免增值税等国家税务总局发布《支持协调发展税费优惠政策指引》，其中，为加快城乡融合发展，深入推进新型城镇化建设，促进产业结构转型升级和区域协调发展，国家在支持城乡住房发展、加快城乡基础设施建设、培植城乡产业核心竞争力等方面出台了多项税费优惠政策。具体涉及易地扶贫搬迁贫困人口有关收入免征个人所得税；符合条件的棚户区改造支出准予企业所得税税前扣除；改造安置住房免征相关印花税；公租房租金收入免征增值税等。在支持消费提振信心税费优惠方面，涉及个人销售住房减免增值税；个人销售或购买住房免征印花税；个人租赁住房免征印花税；个人出租住房减征增值税等。;0.0005387205387205;-0.1128815998089343;0.5076523237986651;-0.000811539008942082
国家税务总局发布税费优惠政策指引涉及买房或租房减免增值税等国家税务总局近日发布《支持协调发展税费优惠政策指引》，其中，为加快城乡融合发展，深入推进新型城镇化建设，促进产业结构转型升级和区域协调发展，国家在支持城乡住房发展、加快城乡基础设施建设、培植城乡产业核心竞争力等方面出台了多项税费优惠政策。具体涉及易地扶贫搬迁贫困人口有关收入免征个人所得税；符合条件的棚户区改造支出准予企业所得税税前扣除；改造安置住房免征相关印花税；公租房租金收入免征增值税等。在支持消费提振信心税费优惠方面，涉及个人销售住房减免增值税；个人销售或购买住房免征印花税；个人租赁住房免征印花税；个人出租住房减征增值税等。（国家税务总局网站）;0.001077441077441;-0.6071289161053748;0.4494429132888464;-0.007728679827360843
股盘面直播持续更新与小财一起看盘月日股盘面直播：股月日涨停分析今日共股涨停，连板股总数只，股封板未遂，封板率为（不含股、退市股及未开板新股）。个股方面，次新股长青科技板、碧兴物联科创板板、海通发展板、联合水务板，环保板块启迪环境板、国泰环保创业板板、正和生态板，基建股美丽生态板，智能驾驶的华是科技创业板天板，算力板块鸿博股份天板、亚康股份创业板首板。今日收涨个股只，收跌个股只。收评：沪指跌失守点两市成交金额不足亿财联社月日电，大盘全天低开低走，三大指数均跌超，沪指跌破点。盘面上，环保股震荡走强，清研环境、超越科技、东方园林等多股涨停。次新股继续活跃，美能能源、联合水务、光华股份等涨停。概念股展开反弹，算力方向领涨，亚康股份、鸿博股份、英飞拓涨停。下跌方面，券商股集体调整，华泰证券跌超。总体上个股跌多涨少，两市超只个股下跌。沪深两市今日成交额亿，较上个交易日缩量亿。板块方面，算力租赁、环保、燃气、次新股等板块涨幅居前，证券、医药商业、物流、机场等板块跌幅居前。截至收盘，沪指跌，深成指跌，创业板指跌。北向资金全天净卖出亿元，其中沪股通净卖出亿元，深股通净卖出亿元。沪指跌破点财联社月日电，指数持续走低，沪指盘中跌破点关口。三大指数均跌逾沪指逼近点关口财联社月日电，指数走弱，沪指下挫跌逾，逼近点，深成指跌，创业板指跌。机场、证券、房地产、物流等方向跌幅居前，两市下跌个股近只。深成指跌逾下跌个股近只财联社月日电，指数走弱，深成指下挫跌逾，沪指跌，创业板指跌。机场、证券、房地产、物流等方向跌幅居前，两市下跌个股近只。主力资金监控：东方财富净卖出超亿元财联社月日电，财联社星矿数据显示，今日主力资金净流入计算机、轻工制造、通信等板块，净流出非银金融、证券、电新行业等板块，其中非银金融板块净流出亿元。个股方面，鸿博股份涨停，主力资金净买入亿元，协昌、英飞拓、久其软件获主力资金净流入居前；东方财富遭净卖出超亿元，中信证券、华泰证券、上海机场等主力资金净流出额居前。天然气板块异动走高水发燃气触及涨停财联社月日电，水发燃气触及涨停，首华燃气、陕天然气、美能能源、贵州燃气等快速跟涨。消息面上，受澳大利亚工厂罢工担忧影响，欧洲基准天然气价格一度涨。另据德国经济部日前发布的最新报告称，德国的天然气价格可能会飙升，并至少在年之前保持在高位。点快评：下跌个股明显增多短线情绪逆势反弹大盘午后震荡回落，三大指数跌幅扩大，创业板指跌近。盘面上个股跌多涨少，两市超只个股下跌，午后下跌个股明显增多。午后第一个小时市场成交量较上个交易日缩量亿。板块方面，算力、环保、、次新等板块涨幅居前，午后市场新增热点匮乏，短线资金再度炒作次新股；机场、医药商业、证券、物流等板块跌幅居前。短线情绪指标显示，市场短线情绪午后逆势反弹，目前处于轴下方。农业板块下挫万辰生物跌超财联社月日电，万辰生物、华绿生物双双跌超，众兴菌业、万向德农、雪榕生物等跌幅靠前。消息面上，万辰生物上半年业绩由盈转亏万元。次新股继续活跃长青科技连板财联社月日电，碧兴物联、国泰环保涨停，长青科技连板，海通发展、光华股份涨停。市场主线：次新股持续活跃券商板块陷入调整留意热点轮动中的短线机会今日市场延续震荡整理态势，其中算力以及数字经济方向再度逆势走强，而环保与次新股方向同样延续了上周五强势表现。总体而言，市场小票的赚钱效应相对较好。另一方面，券商板块陷入整理，其中大市值龙头遭遇补跌，东方财富与中信证券双双跌超。此外机场与储能板块再度双双走弱，也反映出市场亏钱效应仍未完全修复。总体而言，在市场整体尚未出现明确的止跌企稳信号之前，应对上保持谨慎，或可更多关注热点板块轮动中的短线机会。月日午间涨停分析今日午盘两市共股涨停，连板股总数只，股封板未遂，封板率为（不含股、退市股及未开板新股）。个股方面，环保园林板块启迪环境板、美丽生态板、正和生态板，次新股碧兴物联科创板板、国泰环保创业板板、海通发展板，算力板块鸿博股份天板。午评：三大指数小幅下跌算力、环保概念股逆势活跃财联社月日电，市场早盘震荡下跌，三大指数盘中均续创调整新低，创业板指领跌。盘面上，概念股展开反弹，算力方向领涨，亚康股份、鸿博股份涨停；数据要素概念股震荡走强，新炬网络、达华智能涨停；信创概念股迎来反弹，久其软件、南天信息、英飞拓涨停。环保股盘中拉升，东方园林、太和水、启迪环境等多股涨停。次新股继续活跃，碧兴物联、国泰环保、海通发展涨停。下跌方面，机场股大跌，上海机场、白云机场双双跌停。券商股展开调整，华泰证券跌近。总体上个股涨多跌少，两市近只个上涨。沪深两市今日成交额亿，较上个交易日缩量亿。板块方面，算力租赁、环保、、国资云等板块涨幅居前，机场、证券、医药商业、物流等板块跌幅居前。截至收盘，沪指跌，深成指跌，创业板指跌。北向资金方面，沪股通早盘净流出亿，深股通早盘净流入亿。上海机场触及跌停成交金额超亿元财联社月日电，上海机场盘中股价触及跌停，成交金额超亿元，另外白云机场股价亦逼近跌停。主力资金监控：鸿博股份净买入超亿元财联社月日电，财联社星矿数据显示，今日早盘主力资金净流入计算机、通信、轻工制造等板块，净流出非银金融、证券、电新行业等板块，其中非银金融板块净流出超亿元。个股方面，鸿博股份涨停，主力资金净买入亿元，协昌、英飞拓、久其软件获主力资金净流入居前；东方财富遭净卖出超亿元，中信证券、盟固利、华泰证券主力资金净流出额居前。环保股再度拉升国泰环保等多股涨停财联社月日电，国泰环保、碧兴物联涨停，清研环境涨超，太和水、正和生态、启迪环境涨停，东方园林、同兴环保等涨超。储能板块低迷阳光电源等多股跌超财联社月日电，阳光电源、固德威、华宝新能均大跌超，孚能科技、德业股份、锦浪科技、阿特斯、华自科技等跌幅靠前。数据要素概念股持续走强首都在线涨超财联社月日电，首都在线涨超，达华智能涨停，铜牛信息、科创信息、慧博云通、山大地纬、海量数据等涨超。消息面上，月初以来，北京、上海、深圳、长沙、贵州等地相继发布了数据要素相关法规，政策密集落地。点快评：资金早盘回流算力方向短线情绪跌至低迷区市场早盘震荡调整，三大指数均小幅下跌。成交量方面，前半个小时两市成交量较上个交易日同时段放量亿。盘面上个股涨多跌少，两市超只个股上涨。板块方面，算力租赁、纺织服装、国资云、等板块涨幅居前，资金早盘回流算力方向；机场、证券、医药商业、物流等板块跌幅居前。情绪指标显示，市场短线情绪开盘后快速回落，跌至低迷区。板块震荡走高铭普光磁涨停财联社月日电，铭普光磁涨停，兆龙互连大涨，剑桥科技、博创科技、新易盛、中际旭创快速跟涨。算力概念持续走高鸿博股份天板财联社月日电，鸿博股份天板，亚康股份涨停，南凌科技、首都在线、科创信息、神州数码、铜牛信息等均涨超。消息面上，近日闭幕的中国算力大会、第二届“西部数谷”算力产业大会累计签订投资项目合同个、合同金额亿元。纺织服装板块异动拉升如意集团涨停财联社月日电，如意集团、联发股份涨停，安奈儿、日播时尚、彩蝶实业、报喜鸟等快速跟涨。创业板指跌逾回到点下方财联社月日电，指数走弱，创业板指下挫跌逾，沪指跌，深成指跌。机场、医药、物流、证券等板块跌幅居前，两市下跌个股近只。概念股持续调整多股跌超财联社月日电，合富中国、人民同泰、第一医药、开开实业跌超，英特集团、塞力医疗、药易购等跟跌。证券板块走低中信证券领跌财联社月日电，券商股早盘走低，中信证券跌超，华泰证券、东方财富、中信建投、东吴证券、中国银河等纷纷走低。民航机场板块下挫上海机场大跌财联社月日电，上海机场、白云机场均大跌，南方航空、中国东航、中国国航等跟跌。次新股板块表现分化碧兴物联连板财联社月日电，海通发展、碧兴物联连板，光华股份涨停，北方长龙涨超。锴威特、信宇人、金杨股份、威马、德福则跌超。信创概念股震荡反弹南天信息涨停财联社月日电，南天信息、久其软件、新炬网络涨停，天亿马、真视通、普联软件、中亦科技、英飞拓等涨超。消息面上，易方达、华夏等公募将上报信创。医药医疗板块走低多股跌超财联社月日电，医药医疗股早盘走低，合富中国跌近，人民同泰、华人健康、开开实业、宣泰医药等跌超。算力概念股快速拉升亚康股份涨超财联社月日电，亚康股份涨超，立昂技术、鸿博股份、铜牛信息、首都在线、城地香江等跟涨。消息面上，工信部部长金壮龙近日表示要加快建设全国一体化算力网络国家枢纽。供销社概念股开盘异动天禾股份涨停财联社月日电，天禾股份涨停，天鹅股份、中农联合、浙农股份、湖南发展、新力金融等跟涨。新型城镇化板块延续强势启迪环境连板财联社月日电，启迪环境连板，正和生态、霍普股份涨超，森赫股份、金埔园林、大宏立、美丽生态等跟涨。消息面上，央行、金融监管总局、中国证监会联合召开电视会议，研究落实金融支持实体经济发展和防范化解金融风险有关工作，提出积极推动城中村改造、“平急两用”公共基础设施建设。竞价看龙头财联社月日电，市场焦点股长青科技（板）平开，次新股盟固利（创业板板）高开、碧兴物联（科创板首板）高开、光格科技（科创板首板）低开，一带一路概念股哈焊华通（创业板板）高开、高铁电气（科创板首板）低开，环保园林板块启迪环境（板）高开、美丽生态（板）低开、建工修复（创业板首板）平开，机器人概念股新时达（板）高开。三大指数集体低开财联社月日电，沪指低开，深成指低开，创业板指低开，概念、跨境支付、证券等板块指数跌幅居前。;0.0041750841750841;-0.7702755537913791;0.6799699718837332;-0.05748538146310768
微资讯广州：将尽快推出促进楼市发展相关政策措施近日，住建部召开企业座谈会，提出将大力支持刚性和改善性住房需求，进一步落实好降低购买首套住房首付比例和贷款利率、改善性住房换购税费减免、个人住房贷款认房不认贷等政策措施。广州交通电台的微博视频;0.0002693602693602;0.99910562143294;0.5076523237986651;0.0035914320279762132
“认房不认贷”之下，房地产市场能否“回春”？;0.0005387205387205;0.909090909090909;0.5076523237986651;0.006535721824023089
政策解读住建部明确落实“认房不认贷”专家最新解读来了月日，据新华社报道，住房和城乡建设部部长倪虹在近日召开的企业座谈会上，就建筑业高质量发展和房地产市场平稳健康发展与企业进行深入交流，强调要进一步落实好个人住房贷款“认房不用认贷”等政策。对于不少希望买房、但此前曾有过贷款记录的消费者而言，这无疑是好消息。“各部门已经集中出台了一系列促进房地产市场稳定发展的政策，这次会议也是继续给房地产市场信心，并在政策上继续提供利好。”月日，北京大学经济学院教授、北京大学国民经济研究中心主任苏剑接受红星新闻采访时这样说。（昆明信息港）;0.0001346801346801;0.9999595130493192;0.5074668461502184;0.0017965940835737025
习近平主持召开中共中央政治局会议，分析研究当前经济形势和经济工作中共中央政治局月日召开会议，分析研究当前经济形势，部署下半年经济工作。中共中央总书记习近平主持会议。会议认为，今年以来，在以习近平同志为核心的党中央坚强领导下，各地区各部门更好统筹国内国际两个大局，更好统筹疫情防控和经济社会发展，更好统筹发展和安全，国民经济持续恢复、总体回升向好，高质量发展扎实推进，产业升级厚积薄发，粮食能源安全得到有效保障，社会大局保持稳定，为实现全年经济社会发展目标打下了良好基础。会议指出，当前经济运行面临新的困难挑战，主要是国内需求不足，一些企业经营困难，重点领域风险隐患较多，外部环境复杂严峻。疫情防控平稳转段后，经济恢复是一个波浪式发展、曲折式前进的过程。我国经济具有巨大的发展韧性和潜力，长期向好的基本面没有改变。会议强调，做好下半年经济工作，要坚持稳中求进工作总基调，完整、准确、全面贯彻新发展理念，加快构建新发展格局，全面深化改革开放，加大宏观政策调控力度，着力扩大内需、提振信心、防范风险，不断推动经济运行持续好转、内生动力持续增强、社会预期持续改善、风险隐患持续化解，推动经济实现质的有效提升和量的合理增长。会议指出，要用好政策空间、找准发力方向，扎实推动经济高质量发展。要精准有力实施宏观调控，加强逆周期调节和政策储备。要继续实施积极的财政政策和稳健的货币政策，延续、优化、完善并落实好减税降费政策，发挥总量和结构性货币政策工具作用，大力支持科技创新、实体经济和中小微企业发展。要保持人民币汇率在合理均衡水平上的基本稳定。要活跃资本市场，提振投资者信心。会议强调，要积极扩大国内需求，发挥消费拉动经济增长的基础性作用，通过增加居民收入扩大消费，通过终端需求带动有效供给，把实施扩大内需战略同深化供给侧结构性改革有机结合起来。要提振汽车、电子产品、家居等大宗消费，推动体育休闲、文化旅游等服务消费。要更好发挥政府投资带动作用，加快地方政府专项债券发行和使用。要制定出台促进民间投资的政策措施。要多措并举，稳住外贸外资基本盘。要增加国际航班，保障中欧班列稳定畅通。会议指出，要大力推动现代化产业体系建设，加快培育壮大战略性新兴产业、打造更多支柱产业。要推动数字经济与先进制造业、现代服务业深度融合，促进人工智能安全发展。要推动平台企业规范健康持续发展。会议强调，要持续深化改革开放，坚持“两个毫不动摇”，切实提高国有企业核心竞争力，切实优化民营企业发展环境。要坚决整治乱收费、乱罚款、乱摊派，解决政府拖欠企业账款问题。要建立健全与企业的常态化沟通交流机制，鼓励企业敢闯、敢投、敢担风险，积极创造市场。要支持有条件的自贸试验区和自由贸易港对接国际高标准经贸规则，推动改革开放先行先试。要精心办好第三届“一带一路”国际合作高峰论坛。会议指出，要切实防范化解重点领域风险，适应我国房地产市场供求关系发生重大变化的新形势，适时调整优化房地产政策，因城施策用好政策工具箱，更好满足居民刚性和改善性住房需求，促进房地产市场平稳健康发展。要加大保障性住房建设和供给，积极推动城中村改造和“平急两用”公共基础设施建设，盘活改造各类闲置房产。要有效防范化解地方债务风险，制定实施一揽子化债方案。要加强金融监管，稳步推动高风险中小金融机构改革化险。会议强调，要加大民生保障力度，把稳就业提高到战略高度通盘考虑，兜牢兜实基层“三保”底线，扩大中等收入群体。要加强耕地保护和质量提升，巩固拓展脱贫攻坚成果，全面推进乡村振兴。要坚决防范重特大安全事故发生，保障迎峰度夏能源电力供应。会议指出，要以学习贯彻习近平新时代中国特色社会主义思想主题教育为契机，教育引导广大党员干部牢固树立正确政绩观，更好激发干事创业的积极性，让勇于担当作为、善于攻坚克难的优秀干部脱颖而出、多作贡献，以新气象新作为推动高质量发展取得新成效。会议还研究了其他事项。新华社习近平主持召开中共中央政治局会议，分析研究当前经济形势和经济工作;0.0043097643097643;0.9969839709519406;0.5098780555800257;0.05759229032663122
中共中央政治局召开会议分析研究当前经济形势和经济工作中共中央总书记习近平主持会议新华社北京月日电中共中央政治局月日召开会议，分析研究当前经济形势，部署下半年经济工作。中共中央总书记习近平主持会议。会议认为，今年以来，在以习近平同志为核心的党中央坚强领导下，各地区各部门更好统筹国内国际两个大局，更好统筹疫情防控和经济社会发展，更好统筹发展和安全，国民经济持续恢复、总体回升向好，高质量发展扎实推进，产业升级厚积薄发，粮食能源安全得到有效保障，社会大局保持稳定，为实现全年经济社会发展目标打下了良好基础。会议指出，当前经济运行面临新的困难挑战，主要是国内需求不足，一些企业经营困难，重点领域风险隐患较多，外部环境复杂严峻。疫情防控平稳转段后，经济恢复是一个波浪式发展、曲折式前进的过程。我国经济具有巨大的发展韧性和潜力，长期向好的基本面没有改变。会议强调，做好下半年经济工作，要坚持稳中求进工作总基调，完整、准确、全面贯彻新发展理念，加快构建新发展格局，全面深化改革开放，加大宏观政策调控力度，着力扩大内需、提振信心、防范风险，不断推动经济运行持续好转、内生动力持续增强、社会预期持续改善、风险隐患持续化解，推动经济实现质的有效提升和量的合理增长。会议指出，要用好政策空间、找准发力方向，扎实推动经济高质量发展。要精准有力实施宏观调控，加强逆周期调节和政策储备。要继续实施积极的财政政策和稳健的货币政策，延续、优化、完善并落实好减税降费政策，发挥总量和结构性货币政策工具作用，大力支持科技创新、实体经济和中小微企业发展。要保持人民币汇率在合理均衡水平上的基本稳定。要活跃资本市场，提振投资者信心。会议强调，要积极扩大国内需求，发挥消费拉动经济增长的基础性作用，通过增加居民收入扩大消费，通过终端需求带动有效供给，把实施扩大内需战略同深化供给侧结构性改革有机结合起来。要提振汽车、电子产品、家居等大宗消费，推动体育休闲、文化旅游等服务消费。要更好发挥政府投资带动作用，加快地方政府专项债券发行和使用。要制定出台促进民间投资的政策措施。要多措并举，稳住外贸外资基本盘。要增加国际航班，保障中欧班列稳定畅通。会议指出，要大力推动现代化产业体系建设，加快培育壮大战略性新兴产业、打造更多支柱产业。要推动数字经济与先进制造业、现代服务业深度融合，促进人工智能安全发展。要推动平台企业规范健康持续发展。会议强调，要持续深化改革开放，坚持“两个毫不动摇”，切实提高国有企业核心竞争力，切实优化民营企业发展环境。要坚决整治乱收费、乱罚款、乱摊派，解决政府拖欠企业账款问题。要建立健全与企业的常态化沟通交流机制，鼓励企业敢闯、敢投、敢担风险，积极创造市场。要支持有条件的自贸试验区和自由贸易港对接国际高标准经贸规则，推动改革开放先行先试。要精心办好第三届“一带一路”国际合作高峰论坛。会议指出，要切实防范化解重点领域风险，适应我国房地产市场供求关系发生重大变化的新形势，适时调整优化房地产政策，因城施策用好政策工具箱，更好满足居民刚性和改善性住房需求，促进房地产市场平稳健康发展。要加大保障性住房建设和供给，积极推动城中村改造和“平急两用”公共基础设施建设，盘活改造各类闲置房产。要有效防范化解地方债务风险，制定实施一揽子化债方案。要加强金融监管，稳步推动高风险中小金融机构改革化险。会议强调，要加大民生保障力度，把稳就业提高到战略高度通盘考虑，兜牢兜实基层“三保”底线，扩大中等收入群体。要加强耕地保护和质量提升，巩固拓展脱贫攻坚成果，全面推进乡村振兴。要坚决防范重特大安全事故发生，保障迎峰度夏能源电力供应。会议指出，要以学习贯彻习近平新时代中国特色社会主义思想主题教育为契机，教育引导广大党员干部牢固树立正确政绩观，更好激发干事创业的积极性，让勇于担当作为、善于攻坚克难的优秀干部脱颖而出、多作贡献，以新气象新作为推动高质量发展取得新成效。会议还研究了其他事项。;0.0028282828282828;0.6274505647338711;0.4079194158610995;0.019029749038626448
多项房地产政策落地后大家会买房吗“认房不用认贷”等政策落地之后，大家就会买房吗？当下，房地产政策的走向引起社会广泛关注。继日政治局会议定调“适时调整优化房地产政策”、住建部明确房地产政策优化方向之后，北上广深等一线城市纷纷表态。这些表态透露出一种怎样的信号？当下受到热议的“认房不用认贷”等政策落地的可能性多大？持续释放的政策利好能否改善当下房地产市场的低沉情绪？下半年房地产市场走势如何？围绕上述问题，观察者网特邀广东省城规院住房政策研究中心首席研究员李宇嘉分享观点。观察者网：虽然现在还没有一些具体的举措出台，但是从中央到地方在房地产领域近来接连表态，在您看来是在透露出一种怎样的信号？李宇嘉：月日的政治局会议指出，要适应我国房地产市场供求关系发生重大变化的新形势，适时调整优化房地产政策，因城施策用好政策工具箱，更好满足居民刚性和改善性住房需求等。最高决策层定调之后，各地肯定要进行落实。一线城市是都市圈的核心，是外来人口、年轻人、新市民最集中的地方，也是刚需和改善最集中的城市，消费需求比较旺盛，所以会率先表态。观察者网：当下楼市政策的“工具箱”被打开，而且正在越开越大。比如说，当下备受关注的一个表述是“认房不用认贷”，大家普遍认为如果实施这一政策，对一线城市的影响会很大。您认为哪些政策比较有效或者实施的可能性比较大？李宇嘉：住建部明确提出了进一步落实好降低购买首套住房首付比例和贷款利率、改善性住房换购税费减免、个人住房贷款“认房不用认贷”等政策措施。这些措施都是在降低住房消费的门槛和成本，以释放住房消费需求。我认为，“认房不用认贷”政策实施的概率是比较大的。“认房又认贷”政策是在房地产过热、加杠杆炒房比较严重的阶段执行的，确实起到了抑制投机炒房的作用。但是在目前投资需求退出的情况下，这个政策确实应该调整，特别是在一线城市。一线城市的新市民、年轻人、外来人口集中，他们的买房意愿是比较强的。在上一轮楼市回升时，他们在一线城市买不起房，而当时二三线城市正在进行大规模的棚改，住房需求也很活跃，很多人就在那里买了，也贷了款。由于有贷款记录，现在他们想要在一线城市买房，只能适用于二套或者准二套的政策。所谓准二套就是，比购买第一套住房的首付比例要高，比完全二套的首付比例要低。比如在广州要付的首付，深圳要付的首付，北京要付的首付，这个比例确实比较高，可以向下调整。另外，还有可能出台一些降低交易成本的政策，比如说现在网上讨论度很高的“二手房交易的增值税免征期从年调回年”，这样可以降低房屋循环流通的成本。除此之外，利率下调之后，未来按揭利率可能还存在进一步下调的可能性。对于部分非热点城市，未来首付比例可能会降到两成。观察者网：最近的这些表态和政策是否能改善当下房地产持续低沉的市场情绪？会有更多居民选择买刚需或者改善性住房吗？李宇嘉：这些政策对于缓解房地产市场低迷是有帮助的，但是并不能从总体上扭转房地产市场低迷和下行的态势。最主要的原因是居民目前对于房地产市场的预期、对于收入和就业的预期发生了很大的逆转。尽管许多热点城市的房价已经跌了一年多了，但是整体住房价格还处在历史高位。刚刚我们提到的一些政策确实可以降低居民的购房门槛，但是无论是对刚需型还是改善型的购房者来说，购买新住房都会增加月供。这实际上是一种负担的增加，因此只有当购房者对收入和就业预期、对房地产的预期好转时，才会在政策利好下决定买房。如果没有好转，他们一定会很谨慎。我认为，最关键的是要扭转目前租房住房供求不匹配，也就是要“适应我国房地产市场供求关系发生重大变化的新形势”。住房需求主体应该是新市民、年轻人，外来人口，以及中产人群的换房。前面一部分是刚需，后面一部分是改善。目前对于刚需来说，除了需要低成本、低门槛买房之外，更重要的是要构建租购并举的住房消费模式。近年来尽管租房发展比较快，但是租赁供应同商品房供应相比，在公共服务享有、租购同权、房源的供应区位等方面做得还远远不够，未来需要加大这个方面的住房供给侧结构性改革力度。正如国务院转发发改委关于恢复和扩大消费措施的通知当中提到的，要把实施扩大内需战略同深化供给侧结构性改革有机结合起来，增强供给结构对需求变化的适应性和灵活性。以更好的供应去适应需求，而不是一味的刺激需求，掏空钱包来买房消费。而且上述文件中还提到“优化就业、收入分配和消费全链条良性循环促进机制”。也就是说，有了就业才有收入，有了收入才有消费，有了消费能力才会改善居住，才会买像住房这种高总价的消费品。我觉得供给侧改革才是解决住房供应最根本的路径，只有这样才能扭转目前供需不匹配的现状，才能够把消费能力提升起来。观察者网：在贷款利率方面，在月年期以上下降的带动下，我国房贷利率水平随之下降。但是现在大家关注度比较高的是存量贷款利率。中国人民银行货币政策司司长邹澜上月在记者会上表示，“按照市场化、法治化原则，我们支持和鼓励商业银行与借款人自主协商变更合同约定，或者是新发放贷款置换原来的存量贷款。”对此您怎么看？李宇嘉：个人住房贷款余额增速已经连续两个季度回落，标志着房贷的增量时代过去了，进入了存量时代。“资产越来越荒”的经营环境下，房贷还是优质资产，银行会乐于“抢”这样的资产。“抢”这一资产有两种方式，一是留住自己的客户，二是争夺别人的客户。为了留住自己的客户，银行需要通过下调利率，避免客户流向其他按揭利率较低的银行，兴业银行广州分行就是这么做的，该行针对存量按揭客户给予年期的利率优惠券。而为了“抢”来别人的客户，银行可以通过更低利率吸引其他行客户来办理“转按揭”，以置换旧的贷款。银行是市场化导向的机构，当按揭从卖方市场进入买方市场，从增量市场进入存量市场，银行的经营行为，也必然跟着转变。以低利率获得客户，是未来每一家银行最基础的营销手段。观察者网：从去年下半年开始了一股“提前还贷潮”，您认为原因是什么？现在房地产利好政策不断，接下来是否会扭转这种现象？李宇嘉：“提前还贷潮”是无可避免的，贷款利率高只是原因之一，最根本、最主要的原因还是房价下跌。之前大家之所以不惜承担比一般风险收益率或者存款利率都要高的利息去买房，就是看重房价会上涨，认为房价上涨的收益远比贷款的利息要高。现在房价下跌，购房者每个月还是和之前一样还月供，但持有的是一项价格下跌资产，这个是不划算的，所以很多人会提前还贷。原来加杠杆买房是因为房价涨的预期，现在去杠杆是因为房价跌的预期。因此，存量房贷利率下调可以缓解提前还贷的斜率，但是扭转不了提前还贷的趋势。观察者网：您觉得房地产在稳经济的过程中应该发挥怎样的作用？李宇嘉：房地产是国民经济的支柱产业，稳经济必须要稳地产，稳地产有助于稳经济。目前在稳经济的过程中，国家强调要充分发挥消费对经济发展的基础性作用。因此，未来会注重盘活存量房，包括城市改造、老旧小区改造、农村危房改造、公共配套服务补短板、鼓励居民二次装修、鼓励存量盘活后搞租赁等等。盘活存量将推动装饰装修、家具家电的消费，在学校、医院、公园等配套设施上补短板。另外，还可以围绕社区公共设施和公共服务，包括养老、托幼、助残、助学等，最大规模地带动以社区生活圈为主要载体的房屋和居住消费。这些对经济的拉动作用可能不如原来的投资，但是它更可持续、更健康，也更能带动就业和消费，我觉得这些才是房地产作为国民经济支柱产业的最根本的体现。观察者网：一季度在前期积压需求释放、政策显效等因素作用下，房地产市场活跃度回升，热点城市房地产市场出现“小阳春”行情。但二季度由于前期积压的需求释放完毕，市场明显降温。在当下各地不断优化房地产调控政策的背景下，您认为下半年房地产市场走势如何？李宇嘉：我认为，下半年肯定会比二季度好，但是第三或第四季度可能都不如一季度，今年整体来看应该比去年要好。去年（房地产规模）是近年来的最低值，这种快速的下行当然不可取，但是房地产不太可能回到过去几年的高速增长态势。刚刚我们讲到了房地产的存量盘活，接下来它对经济和就业的作用会很明显得体现出来。这就是房地产的新模式。;0.0647811447811447;0.0334745339974912;0.3485752123307178;0.01987082924812072
重庆市市长：要紧盯“金九银十”，有利于房地产市场的相关政策能出尽出、应出早出财联社新闻的微博视频;0.0028282828282828;-0.6868192705319345;0.5080232790955586;-0.02594210750025443
重庆市市长：要紧盯“金九银十”，有利于房地产市场的相关政策能出尽出、应出早出财联社财联社新闻的微博视频;0.0002693602693602;0.531914893617021;0.5074668461502184;0.0019113476863136607
重庆市长：要紧盯“金九银十”有利于房地产市场的相关政策能出尽出、应出早出重庆市长称房地产要紧盯金九银十月日，重庆市召开推动城市建设和房地产发展工作专题会议。重庆市市长胡衡华强调，要紧盯“金九银十”，进一步聚焦问题、攻坚克难，有力有效推进各项工作。要着力解决政策问题，研究落实好有利于房地产市场平稳健康发展的政策举措，相关政策能出尽出、应出早出。要着力解决房地产项目配套设施问题，加快推进前期工作，尽快启动建设。要着力解决保交楼和“两久”“两改”项目等资金问题，抓好向上争取和内部挖潜，多渠道筹集资金。要主动跨前一步，进一步压实责任、凝聚合力，打破思维定势，大力提升效能，做好政策宣传解读，着力引导预期、提振信心，形成良好的政策环境和舆论氛围。财联社;0.0001346801346801;0.2877814258285525;0.5076523237986651;0.0005172363199673461
重庆市市长：要紧盯“金九银十”有利于房地产市场的相关政策能出尽出、应出早出财联社月日电，重庆市召开推动城市建设和房地产发展工作专题会议。重庆市市长胡衡华强调，要紧盯“金九银十”，进一步聚焦问题、攻坚克难，有力有效推进各项工作。要着力解决政策问题，研究落实好有利于房地产市场平稳健康发展的政策举措，相关政策能出尽出、应出早出。要着力解决房地产项目配套设施问题，加快推进前期工作，尽快启动建设。要着力解决保交楼和“两久”“两改”项目等资金问题，抓好向上争取和内部挖潜，多渠道筹集资金。要主动跨前一步，进一步压实责任、凝聚合力，打破思维定势，大力提升效能，做好政策宣传解读，着力引导预期、提振信心，形成良好的政策环境和舆论氛围。;0.0071380471380471;0.2377770697660655;0.5104344885253659;0.022774336101229326
三部门推动落实首套房贷款认房不认贷近日住房城乡建设部、中国人民银行、金融监管总局联合印发了《关于优化个人住房贷款中住房套数认定标准的通知》，推动落实购买首套房贷款“认房不用认贷”政策措施。通知明确，居民家庭（包括借款人、配偶及未成年子女）申请贷款购买商品住房时，家庭成员在展开;0.0004040404040404;0.2150100493008921;0.4319691771971584;0.00098648990938799
认房不认贷谁将受益？专家解读专家解读认房不认贷政策近日住房城乡建设部、中国人民银行、金融监管总局联合印发了《关于优化个人住房贷款中住房套数认定标准的通知》，推动落实购买首套房贷款“认房不用认贷”政策措施。易居研究院研究总监严跃进表示，若是执行“认房又认贷”政策，部分有过贷款记录的购房者，其换房方面可能会被认定为二套房，进而导致认购首付比例和利率明显偏高，导致购房成本加大。而按照“认房不认贷”政策，只要名下无房，那就可以按首套房进行认定。这就使得一些有过贷款记录的购房者，也可以享受到首套房的标准，即使得购房的成本快速降低。中新经纬“认房不认贷”来了，谁将受益？专家解读查看图片;0.0152188552188552;0.1591636129888704;0.3266807373578256;0.020802025971853655
三部门：推动落实买首套房贷款认房不用认贷近日住房城乡建设部、中国人民银行、金融监管总局联合印发了《关于优化个人住房贷款中住房套数认定标准的通知》，推动落实购买首套房贷款“认房不用认贷”政策措施。通知明确，居民家庭（包括借款人、配偶及未成年子女）申请贷款购买商品住房时，家庭成展开;0.0004040404040404;-0.6720117231861931;0.5076523237986651;-0.0036234673903128016
住房城乡建设部中国人民银行金融监管总局关于优化个人住房贷款中住房套数认定标准的通知;0.0056565656565656;-0.3702434935052129;0.3728266978936013;-0.02052596596890048
深圳无房有贷购房者首付或降至近日，住房城乡建设部、中国人民银行、金融监管总局联合印发了《关于优化个人住房贷款中住房套数认定标准的通知》，推动落实购买首套房贷款“认房不用认贷”政策措施。通知明确，居民家庭（包括借款人、配偶及未成年子女）申请贷款购买商品住房时，家庭成员在当地名下无成套住房的，不论是否已利用贷款购买过住房，银行业金融机构均按首套住房执行住房信贷政策。此项政策作为政策工具，纳入“一城一策”工具箱，供城市自主选用。目前，深圳无房有贷户首付为，若实行“认房不认贷”政策，那么符合条件的购房者首付成本将降至。详情戳深圳无房有贷购房者首付或降至;0.0075420875420875;-0.327822755810949;0.6503546120619567;-0.04227048422579429
今日热点新闻一览、财政部日印发通知，从减税降费、加强财政金融政策协同、发挥资金引导作用等方面，加强财税支持政策落实，促进中小企业健康高质量发展。、住房和城乡建设部、中国人民银行、金融监管总局近日联合印发通知，明确居民家庭（包括借款人、配偶及未成年子女）申请贷款购买商品住房时，家庭成员在当地名下无成套住房的，银行业金融机构均按首套住房执行住房信贷政策。此项政策作为政策工具，纳入“一城一策”工具箱，供城市自主选用。、财政部、国家税务总局、住房和城乡建设部日前发布公告称，自年月日至年月日，对出售自有住房并在现住房出售后年内在市场重新购买住房的纳税人，对其出售现住房已缴纳的个人所得税予以退税优惠。、农业农村部、国家标准委、住房和城乡建设部近日联合印发《乡村振兴标准化行动方案》。《方案》经国务院标准化协调推进部际联席会议审议通过，共有个部门参与实施，提出到年，农业高质量发展标准体系基本建立。、日，中国外交部发言人针对日本强推核污染水排海表示：日方应当立即纠正向全世界转嫁核污染风险的自私自利行为，不要让“福岛之水”成为“日本之耻”。、市场监管总局日发布，严禁食品生产经营者采购、使用原产地为日本的水产品加工食品、制作餐食或进行销售；严查食盐囤积居奇、捏造散布食盐涨价信息等哄抬价格违法行为。、近日，市场监管总局等四部门部署秋季学校食品安全工作。督促校外供餐单位和学校在开学前全面开展自查，对发现的食品安全问题和隐患建立清单，限期及时整改。、国家外汇管理局日发布统计数据，年月，中国外汇市场（不含外币对市场，下同）总计成交万亿元人民币（等值万亿美元）。、近日，国家卫生健康委办公厅印发《基层卫生健康便民惠民服务举措》，从年间围绕方便居民就医、优化服务提供、简化就医流程、改善服务体验、做好慢病管理等方面提出条具体措施。、国铁集团日消息，月日至月日，铁路迎来学生客流高峰，全国铁路预计发送学生旅客万人次，高峰日预计发送万人次。、水利部日时针对江苏、安徽、山东、河南、湖北、湖南、重庆、四川、贵州、云南、西藏、陕西、甘肃等省区市启动洪水防御级应急响应。受强降雨影响，预计日至日多河流将出现明显涨水过程。、日，谷神星一号遥八运载火箭在我国酒泉卫星发射中心发射成功。、日，载重能力达到万吨的“四航永兴”号半潜驳船在广东江门交付投用。这艘船是目前全球最大的江海两用半潜驳船。、中央气象台日时发布暴雨黄色预警，预计日时至日时，四川东部、重庆、陕西南部和北部、山西、河南中西部、湖北西部等地部分地区有大到暴雨，其中，四川东北部、重庆北部、陕西南部、河南西部、湖北西北部等地部分地区有大暴雨。国际热点资讯一览、近日，经国家文物局授权，中国驻瑞士大使与瑞方签署返还协议，瑞士向我国返还件流失文物艺术品。、日前，美国前总统特朗普就涉嫌推翻年总统选举佐治亚州结果，向该州司法当局自首，并在完成自首流程后离开了富尔顿县监狱。、当地时间月日，美联储主席鲍威尔表示，为抑制通胀压力，美联储准备在适当的情况下进一步加息，同时保持限制性的政策立场，直到确保通胀率降至的目标水平。、当地时间月日，第十届东盟财长和央行行长会议在印尼首都雅加达举办期间，印尼央行与马来西亚央行和泰国央行签署了有关本币交易的谅解备忘录，以减少对美元的依赖。、当地时间月日，波兰农业部长泰卢斯在与保加利亚等四国农业部长会晤后宣布，五国已就乌克兰农产品问题达成一致立场，建议将乌克兰农产品进口禁令延长至今年年底。、全球环境基金第七届成员国大会近日在加拿大温哥华同意设立全球生物多样性框架基金，以加快对野生物种和生态系统的保护。;0.003097643097643;0.8890280509440514;0.5489998380693758;0.03974434931270128
三部门：推动落实买首套房贷款认房不用认贷近日住房城乡建设部、中国人民银行、金融监管总局联合印发了《关于优化个人住房贷款中住房套数认定标准的通知》，推动落实购买首套房贷款“认房不用认贷”政策措施。通知明确，居民家庭（包括借款人、配偶及未成年子女）申请贷款购买商品住房时，家庭成员在当地名下无成套住房的，不论是否已利用贷款购买过住房，银行业金融机构均按首套住房执行住房信贷政策。此项政策作为政策工具，纳入“一城一策”工具箱，供城市自主选用。据住房城乡建设部有关负责同志介绍，此项政策将使更多购房人能够享受首套房贷款的首付比例和利率优惠，有助于降低居民购房成本，更好满足刚性和改善性住房需求。的微博视频;0.0004040404040404;-0.6720117231861931;0.5076523237986651;-0.0036234673903128016
财科分钟新华社解读认房不认贷政策：认房不用认贷”将为购房者带来哪些实惠？推动落实购买首套房贷款“认房不用认贷”政策措施，延续实施支持居民换购住房有关个人所得税政策近日，我国房地产政策持续调整优化。这些政策将为居民购房带来哪些便利和实惠？;0.0002693602693602;0.7100365462170015;0.5074668461502184;0.0025513982144428167
延续优化完善税费优惠政策最新政策税收优惠政策财政部税务总局公告年第号：关于继续实施公共租赁住房税收优惠政策的公告;0.0016161616161616;-0.052292712146704;0.4313329839379587;-0.0009582855896835465
延续优化完善税费优惠政策最新政策税收优惠政策财政部税务总局公告年第号：关于继续实施公共租赁住房税收优惠政策的公告为继续支持公共租赁住房（以下称公租房）建设和运营，现将有关税收优惠政策公告如下：一、对公租房建设期间用地及公租房建成后占地，免征城镇土地使用税。在其他住房项目中配套建设公租房，按公租房建筑面积占总建筑面积的比例免征建设、管理公租房涉及的城镇土地使用税。二、对公租房经营管理单位免征建设、管理公租房涉及的印花税。在其他住房项目中配套建设公租房，按公租房建筑面积占总建筑面积的比例免征建设、管理公租房涉及的印花税。三、对公租房经营管理单位购买住房作为公租房，免征契税、印花税；对公租房租赁双方免征签订租赁协议涉及的印花税。四、对企事业单位、社会团体以及其他组织转让旧房作为公租房房源，且增值额未超过扣除项目金额的，免征土地增值税。五、企事业单位、社会团体以及其他组织捐赠住房作为公租房，符合税收法律法规规定的，对其公益性捐赠支出在年度利润总额以内的部分，准予在计算应纳税所得额时扣除，超过年度利润总额的部分，准予结转以后三年内在计算应纳税所得额时扣除。个人捐赠住房作为公租房，符合税收法律法规规定的，对其公益性捐赠支出未超过其申报的应纳税所得额的部分，准予从其应纳税所得额中扣除。六、对符合地方政府规定条件的城镇住房保障家庭从地方政府领取的住房租赁补贴，免征个人所得税。七、对公租房免征房产税。对经营公租房所取得的租金收入，免征增值税。公租房经营管理单位应单独核算公租房租金收入，未单独核算的，不得享受免征增值税、房产税优惠政策。八、享受上述税收优惠政策的公租房是指纳入省、自治区、直辖市、计划单列市人民政府及新疆生产建设兵团批准的公租房发展规划和年度计划，或者市、县人民政府批准建设（筹集），并按照《关于加快发展公共租赁住房的指导意见》（建保号）和市、县人民政府制定的具体管理办法进行管理的公租房。九、纳税人享受本公告规定的优惠政策，应按规定进行免税申报，并将不动产权属证明、载有房产原值的相关材料、纳入公租房及用地管理的相关材料、配套建设管理公租房相关材料、购买住房作为公租房相关材料、公租房租赁协议等留存备查。十、本公告执行至年月日。财政部税务总局年月日（点击链接查看公告网页链接）;0.0024242424242424;-0.291326661769877;0.3946489422066148;-0.007326955522541355
津报聚焦天津进一步调整优化房地产政策支持刚性和改善性住房需求日前，市住房城乡建设委等四部门印发《关于进一步调整优化房地产政策更好满足居民刚性和改善性住房需求的通知》，适应房地产市场供求关系发生重大变化的新形势，因区施策，精准调控，进一步调整优化房地产政策，更好满足居民刚性和改善性住房需求。《通知》主要包括五方面内容：一、支持刚性住房需求。继续实施促进房地产业良性循环和健康发展一揽子政策措施，促进住房供需精准对接，支持大学毕业生合理购房需求，非本市户籍大学毕业生在本市住房限购区域无住房的，可凭劳动合同或企业注册证明和毕业证购买一套住房。二、优化区域限购措施。进一步加强精准调控，将本市住房限购区域调整为市内六区，居民在住房限购区域内购买新建商品住房或二手住房的，仍然执行本市住房限购套数及资格政策。三、完善住房信贷政策。在本市非住房限购区域内，居民家庭购房办理商业性个人住房贷款的，按照不实施限购措施城市的差别化住房信贷政策执行。延长本市商业性个人住房贷款最长期限。四、鼓励发放购房补贴。鼓励各区人民政府向在本区购买新建商品住房的购房人发放一定补贴，减轻购房负担。具体补贴标准、操作程序和实施时间，由各区人民政府确定并组织实施。五、营造良好舆论环境。加强房地产市场正面宣传和舆论引导，及时发布房地产市场运行情况及政策信息，稳定住房消费预期。持续加强房地产领域负面舆情整治，坚决打击各类机构及个人制造传播不实信息等行为，营造良好房地产市场舆论环境。市住房城乡建设委有关负责同志表示，上述政策从适应我市房地产市场发展新形势出发，有利于更好支持合理住房需求，对于本市户籍居民，在限购区域内有住房的，可以在非限购区域继续购房，改善居住条件；对于外地户籍居民，可以直接在非限购区域购房居住生活。特别是方便京冀等周边区域居民来津工作生活，促进人才互通交流，服务京津冀协同发展。下一步，我市将继续完善住房市场和住房保障体系，加强市场监测和政策储备，持续优化房地产调控工作，促进房地产市场平稳健康发展。（记者陈璠）;0.0002693602693602;-0.0262327818078091;0.520964590848421;-9.677037483280356e-05
专家解读存量房利率调整直播降首付、降利率哪些人可以享受？财经课堂月日，中国人民银行、金融监管总局联手发布《关于调整优化差别化住房信贷政策的通知》和《关于降低存量首套住房贷款利率有关事项的通知》，明确首套房商贷首付比例下限降至，降低存量首套住房贷款利率，远远超出市场预期，极大提振市场信心，对房地产市场、居民购房将有积极而深远的影响。此次房贷新政将如何影响市场？哪些人群可以获益？具体操作如何落地？我们邀请多上述政策进行多次呼吁的招联首席研究员董希淼作客《财经课堂》为大家解答。南方日报的微博视频个关键问题看懂存量房利率调整存量房贷;0.0005387205387205;0.5226680328260231;0.5076523237986651;0.0037576141557462825
万存量房贷月供或有望减少元月日晚间，中国人民银行、国家金融监督管理总局联合发布《关于调整优化差别化住房信贷政策的通知》和《关于降低存量首套住房贷款利率有关事项的通知》。“整体来说，对于存量房贷的购房者，特别是动辄高息的购房者，很可能房贷能降低个基点以上，但具体的影响依然需要购房者与银行协商。”中原地产首席分析师张大伟表示，简单计算，大部分存量房贷发生时最低下限是，购房者基本是按照左右购房，也就是万年，可以月供从元每月降低到元左右，下调元左右。（中国新闻网）存量房贷;0.0005387205387205;0.782120474123499;0.5082087567440053;0.00562905723827444
西南证券首席分析师张刚：楼市政策有利于扩大可支配收入本周房地产政策持续加码，中国央行及金融监管总局近期联合发布《关于调整优化差别化住房信贷政策的通知》和《关于降低存量首套住房贷款利率有关事项的通知》，对于贷款购买商品住房的居民家庭，首套最低首付款比例统一为不低于，二套最低首付款比例统一为不低于；此外，存量首套房贷的借款人，可在月日起可向承贷金融机构提出申请，调降贷款利率。西南证券首席分析师张刚指出，对于借款人来说，有利于节约利息支出，扩大可支配收入。中国深度财经凤凰卫视的微博视频;0.0008080808080808;-0.3063304902980012;0.5078378014471119;-0.0033046568969796594
利息少了万购房者激动得一夜没睡降存量房贷利率央行、金融监管总局重磅发布有购房者激动得一夜没睡“总利息少了万，每月少还多元”你的月供究竟能降多少？月日晚间，中国人民银行和国家金融监督管理总局发布《关于降低存量首套住房贷款利率有关事项的通知》，自年月日起实施。借款人可选择新发放贷款置换存量房贷，或者协商变更合同约定利率水平两种方式，调整存量首套住房商业性个人住房贷款，预计这两种方式调整后的利率水平不会有明显区别。经测算，以万元、年期、原利率的存量房贷为例，假设房贷利率降至，可每年节约超元利息支出。新杭州人小陈在年月买了一套萧山市北的二手房，首套利率（。此后多次下调，但由于加点实在太高，目前还是在的利率高位。小陈说，昨晚得知这个消息，激动得一夜没睡好，按照此次存量首套房贷的调整办法，如果按照下限计算，原利率将降至（当时杭州首套房贷利率政策下限为不加点）。对于购房者，的利率降幅是一笔厚厚的息差。以万商业贷款，年本额等息还款为例，调整后，小陈的月供将从元降至元，每个月少了元，总利息少了万元。（视频）视频的微博视频;0.0006734006734006;-0.0163774821727455;0.4359010335659222;-0.0001263760896099533
降存量房贷利率有购房者激动得一夜没睡“总利息少了万，每月少还多元”月日晚间，中国人民银行和国家金融监督管理总局发布《关于降低存量首套住房贷款利率有关事项的通知》，自年月日起实施。借款人可选择新发放贷款置换存量房贷，或者协商变更合同约定利率水平两种方式，调整存量首套住房商业性个人住房贷款，预计这两种方式调整后的利率水平不会有明显区别。经测算，以万元、年期、原利率的存量房贷为例，假设房贷利率降至，可每年节约超元利息支出。新杭州人小陈在年月买了一套萧山市北的二手房，首套利率（。此后多次下调，但由于加点实在太高，目前还是在的利率高位。小陈说，昨晚得知这个消息，激动得一夜没睡好，按照此次存量首套房贷的调整办法，如果按照下限计算，原利率将降至（当时杭州首套房贷利率政策下限为不加点）。对于购房者，的利率降幅是一笔厚厚的息差。以万商业贷款，年本额等息还款为例，调整后，小陈的月供将从元降至元，每个月少了元，总利息少了万元。（视频）视频的微博视频;0.0017508417508417;-0.641939855895212;0.6815437561448596;-0.020136839602400473
淮安公安淮安分局超话利息少了万购房者激动得一夜没睡降存量房贷利率央行、金融监管总局重磅发布有购房者激动得一夜没睡“总利息少了万，每月少还多元”你的月供究竟能降多少？月日晚间，中国人民银行和国家金融监督管理总局发布《关于降低存量首套住房贷款利率有关事项的通知》，自年月日起实施。借款人可选择新发放贷款置换存量房贷，或者协商变更合同约定利率水平两种方式，调整存量首套住房商业性个人住房贷款，预计这两种方式调整后的利率水平不会有明显区别。经测算，以万元、年期、原利率的存量房贷为例，假设房贷利率降至，可每年节约超元利息支出。新杭州人小陈在年月买了一套萧山市北的二手房，首套利率（。此后多次下调，但由于加点实在太高，目前还是在的利率高位。小陈说，昨晚得知这个消息，激动得一夜没睡好，按照此次存量首套房贷的调整办法，如果按照下限计算，原利率将降至（当时杭州首套房贷利率政策下限为不加点）。对于购房者，的利率降幅是一笔厚厚的息差。以万商业贷款，年本额等息还款为例，调整后，小陈的月供将从元降至元，每个月少了元，总利息少了万元。（视频）视频的微博视频（来源：视频审核：蒋婵媛发布：蔡瑞永）;0.0033670033670033;-0.0534130585970776;0.4851746615776608;-0.0022937466251594504
财鑫闻丨北上广深等城市“认房不认贷”预计后期仍有政策跟进月日，北京、上海宣布执行“认房不认贷”政策，两日内，广州、深圳、厦门、武汉等城市官宣落实“认房不认贷”，北上广深四个一线城市均官宣“认房不认贷”。这也是对前一天重磅政策的落实响应。月日，中国人民银行、国家金融监督管理总局两部门连续发布《关于调整优化差别化住房信贷政策的通知》和《关于降低存量首套住房贷款利率有关事项的通知》（下文简称《通知》）两大重磅政策，意味购房者的购房门槛和成本大幅下调。对于密集出台的调控政策，专家称之为是近年来调控力度最大的楼市政策，预计后期仍会有相应政策出台。财鑫闻丨北上广深等城市“认房不认贷”预计后期仍有政策跟进;0.0002693602693602;0.6973695718771811;0.6657631580929914;0.003287551939058825
四川首套房贷利率执行下限发布月日晚，中国人民银行、国家金融监督管理总局联合发布《关于降低存量首套住房贷款利率有关事项的通知》。文件明确，从年月日起，存量首套住房商业性个人住房贷款的借款人可向承贷金融机构提出申请，由该金融机构新发放贷款置换存量贷款，但在贷款市场报价展开;0.0008080808080808;0.9444679342152652;0.5076523237986651;0.010185086488072809
存量房贷利率下调政策五大关键点能节省多少房贷利息？对于中国人民银行、金融监管总局发布的《关于降低存量首套住房贷款利率有关事项的通知》，我们该如何理解？降低存量首套住房贷款利率，具体又该怎么操作？接下来，通过梳理政策五大关键点来帮您解读。央视网的微博视频展开;0.0017508417508417;-0.014912192607996;0.3397751184394479;-0.0002332041656963088
首套房按揭利率政策下限公布月日晚，中国人民银行、国家金融监督管理总局联合发布《关于降低存量首套住房贷款利率有关事项的通知》。文件明确，从年月日起，存量首套住房商业性个人住房贷款的借款人可向承贷金融机构提出申请，由该金融机构新发放贷款置换存量贷款，但在贷款市场报价利展开;0.0008080808080808;0.8841305263761626;0.5626797972929659;0.010567903357425372
存量房贷利率下调政策五大关键点对于中国人民银行、金融监管总局发布的《关于降低存量首套住房贷款利率有关事项的通知》，我们该如何理解？降低存量首套住房贷款利率，具体又该怎么操作？接下来，通过梳理政策五大关键点来帮您解读。央视网的微博视频;0.0146801346801346;0.9408944740387806;0.5143295191427469;0.18675349627250498
利息少了万购房者激动得一夜没睡降存量房贷利率央行、金融监管总局重磅发布有购房者激动得一夜没睡“总利息少了万，每月少还多元”你的月供究竟能降多少？月日晚间，中国人民银行和国家金融监督管理总局发布《关于降低存量首套住房贷款利率有关事项的通知》，自年月日展开;0.0052525252525252;0.2683114399056618;0.3989061083311168;0.014778636191471543
江苏公布首套房贷款利率下限执行情况月日晚，中国人民银行、国家金融监督管理总局联合发布《关于降低存量首套住房贷款利率有关事项的通知》。文件明确，从年月日起，存量首套住房商业性个人住房贷款的借款人可向承贷金融机构提出申请，由该金融机构新发放贷款置换存量贷款，但在贷款市展开;0.0001346801346801;-0.6427213026808265;0.5076523237986651;-0.0011551781022910836
江苏公布首套房按揭利率政策下限江苏省各设区市首套房按揭利率政策下限公布月日晚，中国人民银行、国家金融监督管理总局联合发布《关于降低存量首套住房贷款利率有关事项的通知》。文件明确，从年月日起，存量首套住房商业性个人住房贷款的借款人可向承贷金融机构提出申请，由该金融机构新发放贷款置换存量贷款，但在贷款市场报价利率（）上的加点幅度，不得低于原贷款发放时所在城市首套房贷款利率政策下限。月日下午，中国人民银行江苏省分行官网发布消息，公布了近几年江苏省内各城市首套房贷款利率下限执行情况。;0.0002693602693602;-0.8305743696786934;0.5074668461502184;-0.0029845308316179806
楼市放出多年未见大招，房价是跌是涨？靴子终于落地。月日下午时许，中国人民银行、国家金融监督管理总局发布最新通知，调整优化住房信贷政策，其中，首套住房商贷最低首付款不低于，二套住房商贷最低首付款不低于。本次降低首付的力度可谓多年未有；此外，房贷利率也将进行较大力度的优化调整，包括降低存量房贷利率。这一政策组合拳可谓掷地有声，本次出台楼市新政，有何深意？楼市会迎来什么变化？首付比例几乎降至历史下限月日，中国人民银行、国家金融监督管理总局发布《关于调整优化差别化住房信贷政策的通知》，其中主要有四条内容。第一条是对于贷款购买商品住房的居民家庭，首套住房商业性个人住房贷款最低首付款比例统一为不低于，二套住房商业性个人住房贷款最低首付款比例统一为不低于。这一新政即为首套房首付、二套房首付，近十年前，这一政策曾出台过，其后多年，首套房首付最低、二套房首付最低的房贷政策在全国层面长期执行，部分城市有所加码，二套房首付比例要求更高。以一套总价万元的房子为例，此前首套房首付需要万元，而按照最新政策，首付只需要万元，首付资金低了很多；而如果是二套房，此前首付需要万，部分城市需要万元，而如今只需要万，购房门槛大为降低。对此，中指研究院指数研究部总经理曹晶晶表示，从首付比例来看，不论是首套房还是二套房，其最低首付比例几乎已经降至历史下限，这将能显著降低购房门槛，凸显了政策面保刚需、促改善、稳市场的用意。第二条是首套住房商业性个人住房贷款利率政策下限按现行规定执行，二套住房商业性个人住房贷款利率政策下限调整为不低于相应期限贷款市场报价利率加个基点。即首套房利率政策不变，目前五年期以上为，部分城市执行的是下调个基点、再优惠个左右基点的政策，其房贷利率为甚至更低，比如郑州、福州的首套房贷利率已调至左右。而对于二套房贷款利率，此前多个城市执行的是上调个基点，实际二套房贷利率为，根据此次最新政策，二套房上浮基点不低于个基点即可，这无疑赋予了下调二套房贷利率上浮基点的空间。第三、四条规定，中国人民银行、金融监管总局各派出机构按照因城施策原则，根据辖区内各城市房地产市场形势及当地调控要求，自主确定各城市首套和二套住房商贷最低首付款比例和利率下限；各大银行业金融机构应据此首付比例和利率下限，合理确定每笔贷款的具体首付款比例和利率水平。中国人民银行、国家金融监督管理总局有关负责人表示，此次差别化住房信贷政策调整优化的重点在于，一是统一全国商业性个人住房贷款最低首付款比例政策下限即不再区分实施“限购”城市和不实施“限购”城市，首套住房和二套住房商贷最低首付款比例政策下限统一为不低于和；二是将二套住房利率政策下限调整为不低于相应期限贷款市场报价利率（）加个基点。曹晶晶表示，此次金融监管部门打开了首付比例和利率下调的空间，根据目前的市场形势和金融监管部门的这一要求，首套房首付、二套房首付的新政将会逐步落地，二套房贷利率也将下调，尤其是由于当前多数城市房地产下行压力较大，因此预计二线城市将很快调整至下限水平等，从政策调整力度看，本次楼市新政具有较高的含金量。楼市仍处于下行期今年以来，楼市曾在、月份有所回升，但进入下半年，楼市多个指标均呈现下跌态势。国家统计局公布，月份，全国房地产开发投资亿元，同比下降；其中，住宅投资亿元，下降。月份，房地产开发企业房屋施工面积万平方米，同比下降。房屋新开工面积万平方米，下降。其中，住宅新开工面积万平方米，下降。与此同时，楼市成交量价也出现下滑，月份，商品房销售面积万平方米，同比下降。尤其是，今年上半年商品房销售额连续多月保持同比正增长的态势，但月份以来，前个月商品房销售额亿元，下降。月份，个大中城市中，新建商品住宅和二手住宅价格环比上涨城市分别有个和个，比上月分别减少个和个；同比上涨城市分别有个和个，比上月均减少个。对此，国家统计局城市司首席统计师绳国庆表示，年月份，个大中城市商品住宅销售价格上涨城市个数减少，各线城市商品住宅销售价格环比持平或下降、同比有涨有降。“目前市场显然是跌过头了，”月日，在万科年中期业绩推介会上，万科董事会主席郁亮表示，市场低迷持续了一段时间，市场情绪已经受到影响，容易出现各种“过度反应”。他表示，以新开工数来看，年新开工数下降，年新开工量下降，今年上半年继续下降约。如果以年作为基数，新开工数已经整体下降约，回到了年的水平。中国社科院财经战略研究院住房大数据项目组组长邹琳华向中国新闻周刊表示，房地产领域的风险点较多且连接面广，比如烂尾楼风险、房地产企业爆雷风险、土地财政风险、断供风险等，都属于非常棘手的风险。这些风险一旦触发，容易直接联接金融体系和地方财政。因而，房地产相对更容易率先引发经济风险。邹琳华认为，与日本房地产泡沫期相比，我国仍处于城市化阶段，人均收入和生活水平离发达国家还在差距，存在一定规模潜在的刚性和改善性住房需求。只要政策及时妥当，房地产领域的风险相对更为可控。但如果房价在内外部因素的综合作用下持续下滑且无有效抑制手段，这些风险点也容易被触发。由于房地产风险连接面广，抑制房地产风险的蔓延，就需要付出更大成本。中国人民银行、国家金融监督管理总局有关负责人表示，月日中央政治局会议明确，适应我国房地产市场供求关系发生重大变化的新形势，适时调整优化房地产政策，因城施策用好政策工具箱。月日国务院常务会议提出，根据不同需求、不同城市等推出有利于房地产市场平稳健康发展的政策举措，加快研究构建房地产业新发展模式。根据部署，此次对现行差别化住房信贷政策进行了调整优化，支持各地因城施策用好政策工具箱，引导个人住房贷款实际首付比例和利率下行，更好满足刚性和改善性住房需求。楼市会怎样走？邹琳华表示，为了及时有效应对周期性、结构性供大于求带来的市场冲击，以及防范可能由此触发的经济风险，同时支持刚性和改善性住房需求，可采取调整优化措施。为此，他建议，一是及时撤销对于住房需求不合时宜的管控限制。这些限制措施包括限购、限贷、限售、限价、限非普住宅等。这些限制措施大都是基于住房短缺、投资投机动力强大的市场背景所制订，既然房地产市场供求形势已经发生了重大变化，住房已经不再供不应求，甚至还出现了销售困难，住房投资投机者也不再涌入住房市场，这些限制政策显然已经不合时宜。此外，这些限制性政策还限制了居民刚性和改善性住房需求的释放，妨碍了市场信心的恢复，所以应该及时全面调整。二是大幅降低购房贷款利率。从当前的信贷市场供求看，无抵押的消费贷利率已经降至左右，且对这类资金的市场需求仍不足。参照无抵押消费贷利率的供求状况，目前的房贷利率水平还需要大幅降低，才可能会对市场信心恢复有一定作用。从这一角度看，楼市政策仍有调整空间。年月日，住房城乡建设部、中国人民银行、金融监管总局三部门发布《关于优化个人住房贷款中住房套数认定标准的通知》，“认房不认贷”政策终于要走向落地。月日，一线城市中的广州与深圳已经在同一天出台规定落实“认房不认贷政策”。邹琳华表示，“认房不认贷”可以释放部分购房需求，对市场信心有一定的提振作用。月日，中国人民银行、国家金融监督管理总局联合发布《关于降低存量首套住房贷款利率有关事项的通知》。自年月日起，降低存量首套住房商业性个人住房贷款利率。中国人民银行、国家金融监督管理总局有关负责人表示，对于符合条件的存量住房贷款，可由借款人主动向承贷银行提出申请，也鼓励银行以发布公告、批量办理等方式，为借款人提供更为便利的服务。调整方式上，既可以变更合同约定的住房贷款利率加点幅度，也可以由银行新发放贷款置换存量贷款，具体利率调整幅度由借贷双方协商确定。中国首席经济学家论坛理事长、上海市经济学会副会长连平表示，降低存量房贷利率可以减轻购房者的利息负担，对于刺激消费、推动房地产市场复苏会有积极作用。曹晶晶表示，整体来看，月底房地产政策优化节奏加快，多项利好政策集中赶在“金九银十”到来之前落地，将有助于促进房地产市场信心修复和预期改善，推动刚需和改善性需求入市，激活市场交易。郁亮认为，“楼市的确有前所未有的压力”，但是，政策正在发力，并且对“盘活存量项目”等对行业中长期有重大影响的方面都有提出要求，是一种对行业的鼓舞。首都经济贸易大学京津冀房地产研究院院长赵秀池告诉中国新闻周刊，楼市跟着人口走，作为人口基数大、新增人口多的一二线城市，其市场仍有一定的发展潜力。在郁亮看来，目前我国城镇化率，这个数字如果预计达到，保守估计全国每年应该有亿亿平方米的新开工数才是合理水平，目前是超跌了。房地产行业能回到健康的水平，过程中会有曲折和波浪。（中国新闻周刊）;0.0197979797979797;-0.173203795890983;0.3395117261999712;-0.03060478928792613
利息少了万购房者激动得一夜没睡降存量房贷利率有购房者激动得一夜没睡“总利息少了万，每月少还多元”你的月供究竟能降多少？月日晚间，中国人民银行和国家金融监督管理总局发布《关于降低存量首套住房贷款利率有关事项的通知》，自年月日起实施。借款人可选择新发放贷款置换存量房贷，或者协商变更合同约定利率水平两种方式，调整存量首套住房商业性个人住房贷款，预计这两种方式调整后的利率水平不会有明显区别。经测算，以万元、年期、原利率的存量房贷为例，假设房贷利率降至，可每年节约超元利息支出。新杭州人小陈在年月买了一套萧山市北的二手房，首套利率（。此后多次下调，但由于加点实在太高，目前还是在的利率高位。小陈说，昨晚得知这个消息，激动得一夜没睡好，按照此次存量首套房贷的调整办法，如果按照下限计算，原利率将降至（当时杭州首套房贷利率政策下限为不加点）。对于购房者，的利率降幅是一笔厚厚的息差。以万商业贷款，年本额等息还款为例，调整后，小陈的月供将从元降至元，每个月少了元，总利息少了万元。（视频）视频的微博视频;0.0017508417508417;-0.5888581590501889;0.4462567358230616;-0.012094800473227599
约三分之二存量房贷符合利率下调标准算笔账个税政策利好每月能省多少钱月的最后一天，多项与个人、家庭息息相关的利好政策官宣出台。昨天，国务院宣布提高岁以下婴幼儿照护、子女教育、赡养老人三项个税专项附加扣除标准，中国人民银行、国家金融监督管理总局发布《关于降低存量首套住房贷展开;0.0055218855218855;-0.0004987887541907;0.4291629227565278;-3.107295662992287e-05
江苏公布首套房按揭利率政策下限江苏省各设区市首套房按揭利率政策下限公布月日晚，中国人民银行、国家金融监督管理总局联合发布《关于降低存量首套住房贷款利率有关事项的通知》。文件明确，从年月日起，存量首套住房商业性个人住房贷款的借款人可向承贷金融机构提出申请，由该金融机构新发放贷款置换存量贷款，但在贷款市场报价利率（）上的加点幅度，不得低于原贷款发放时所在城市首套房贷款利率政策下限。月日下午，中国人民银行江苏省分行官网发布消息，公布了近几年江苏省内各城市首套房贷款利率下限执行情况。网页链接;0.0074074074074074;-0.264929283074248;0.3567786032920547;-0.01840565720791033
四川公布各市州首套房贷利率执行下限月日晚，中国人民银行、国家金融监督管理总局联合发布《关于降低存量首套住房贷款利率有关事项的通知》。文件明确，从年月日起，存量首套住房商业性个人住房贷款的借款人可向承贷金融机构提出申请，由该金融机构新发放贷款置换存量贷款，但在贷款市场报价利率（）上的加点幅度，不得低于原贷款发放时所在城市首套房贷款利率政策下限。月日，人民银行四川省分行公布了年以来四川省内各城市首套房贷款利率下限执行情况。（人民银行四川省分行）;0.0006734006734006;-0.2809885809668369;0.5078378014471119;-0.0025260594942224292
北上深公布首套房贷利率下限各地首套房贷利率下限公布月日，中国人民银行、金融监管总局联合发布的《关于降低存量首套住房贷款利率有关事项的通知》明确，自月日起，符合相关条件的存量房贷借款人，可向金融机构提出申请，既可以变更合同约定的住房贷款利率加点幅度，也可以由银行新发放贷款置换存量贷款。最关键的一句是：降低后的存量房贷利率，依然要符合贷款发放时当地的房地产政策，即不低于当时所在城市房贷利率政策下限。也就是说，存量房贷利率调整最多可以“抹平”银行在发放房贷时高于政策下限的“溢价”。为确保存量房贷利率调整顺利落地，央行分支机构陆续在官网公布首套商业性个人住房贷款利率自律下限有关情况。更多城市大家可以直接上央行官网的各个地方分行网站查看。;0.0002693602693602;-0.8388303379085074;0.5076523237986651;-0.0030152989603661525
四川公示首套房贷利率执行下限月日，人民银行四川省分行官网发布消息，公布了近几年四川省内各城市首套房贷款利率下限执行情况。记者注意到，根据公布的情况，成都今年月日至今执行利率下限为，年月日至今年月日利率下限为。月日晚，中国人民银行、国家金融监督管理总局联合发布《关于降低存量首套住房贷款利率有关事项的通知》。文件明确，从年月日起，存量首套住房商业性个人住房贷款的借款人可向承贷金融机构提出申请，由该金融机构新发放贷款置换存量贷款，但在贷款市场报价利率（）上的加点幅度，不得低于原贷款发放时所在城市首套房贷款利率政策下限。;0.0008080808080808;-0.21769273259802;0.5074668461502184;-0.0023467278643914567
四川首套房贷利率执行下限发布月日晚，中国人民银行、国家金融监督管理总局联合发布《关于降低存量首套住房贷款利率有关事项的通知》。文件明确，从年月日起，存量首套住房商业性个人住房贷款的借款人可向承贷金融机构提出申请，由该金融机构新发放贷款置换存量贷款，但在贷款市场报价利率（）上的加点幅度，不得低于原贷款发放时所在城市首套房贷款利率政策下限。月日下午，人民银行四川省分行官网发布消息，公布了近几年四川省内各城市首套房贷款利率下限执行情况。（来源：红星新闻）;0.0189898989898989;0.1271774228740442;0.3291821379809128;0.020898988597556917
有房贷的人开始焦虑排不上队利率真要降了买房人恨不得今天就是月日月日晚间点左右，中国人民银行、国家金融监督管理总局联合发布《关于降低存量首套住房贷款利率有关事项的通知》。据有关负责人介绍，符合条件的存量首套住房贷款是指，年月日前金融机构已发放，已签订合同但未发放的，以及借款人实际住房情况符合所在城市首套住房标准的存量住房商业性个人住房贷款。对于“高位站岗”买房者来说，这是不亚于过年的好消息。月日晚间，广州市民唐轩（化名）告诉时代财经，看到政策发布的那一刻，除了兴奋，还有一丝担忧，“恨不得明天就是月日，我现在就担心到时候要排队。”时代财经的微博视频;0.0001346801346801;-0.1179425191903087;0.5074668461502184;-0.00021190341150205706
存量首套房贷利率下调月日起可申请万存量房贷每年可省多元利息月日，中国人民银行、金融监管总局联合发布《关于降低存量首套住房贷款利率有关事项的通知》（下称“通知”）和《关于调整优化差别化住房信贷政策的通知》。通知明确，自月日起，符合相关条件的存量房贷借款人展开;0.0006734006734006;0.8912349145628771;0.5080232790955586;0.008015039816966468
房贷政策最新调整便民资讯日前，中国人民银行、国家金融监督管理总局联合发布《关于调整优化差别化住房信贷政策的通知》和《关于降低存量首套住房贷款利率有关事项的通知》。有关负责人就调整优化住房信贷政策有关问题答记者问。一起来看（来源：中国人民银行网站、新华社）房贷政策最新调整;0.0001346801346801;-0.0627980035757627;0.5080232790955586;-0.00011295080362342691
两部门调整优化住房信贷政策月日，中国人民银行、金融监管总局联合发布《关于调整优化差别化住房信贷政策的通知》和《关于降低存量首套住房贷款利率有关事项的通知》，对于贷款购买商品住房的居民家庭，首套住房商业性个人住房贷款最低首付款比例统一为不低于，二套住房商业性个人住房贷款最低首付款比例统一为不低于。同时，自月日起，存量首套住房商业性个人住房贷款的借款人可向承贷金融机构提出申请，由该金融机构新发放贷款置换存量首套住房商业性个人住房贷款。根据《关于调整优化差别化住房信贷政策的通知》，首套住房商业性个人住房贷款利率政策下限按现行规定执行，二套住房商业性个人住房贷款利率政策下限调整为不低于相应期限贷款市场报价利率加个基点。中国人民银行、金融监管总局各派出机构按照因城施策原则，指导各省级市场利率定价自律机制，根据辖区内各城市房地产市场形势及当地政府调控要求，自主确定辖区内各城市首套和二套住房商业性个人住房贷款最低首付款比例和利率下限。《关于降低存量首套住房贷款利率有关事项的通知》明确，存量首套住房商业性个人住房贷款，是指年月日前金融机构已发放的和已签订合同但未发放的首套住房商业性个人住房贷款，或借款人实际住房情况符合所在城市首套住房标准的其他存量住房商业性个人住房贷款。新发放贷款的利率水平由金融机构与借款人自主协商确定，但在贷款市场报价利率（）上的加点幅度，不得低于原贷款发放时所在城市首套住房商业性个人住房贷款利率政策下限。新发放的贷款只能用于偿还存量首套住房商业性个人住房贷款，仍纳入商业性个人住房贷款管理。此外，月日起，存量首套住房商业性个人住房贷款的借款人亦可向承贷金融机构提出申请，协商变更合同约定的利率水平。中国人民银行、金融监管总局有关负责人介绍，近年来我国房地产市场供求关系发生了重大变化，借款人和银行对于有序调整优化资产负债均有诉求。存量住房贷款利率的下降，对借款人来说，可节约利息支出，有利于扩大消费和投资。对银行来说，可有效减少提前还贷现象，减轻对银行利息收入的影响。同时，还可压缩违规使用经营贷、消费贷置换存量住房贷款的空间，减少风险隐患。为更好适应上述新形势，中国人民银行、金融监管总局明确按照市场化、法治化原则，支持鼓励银行与借款人协商调整存量首套住房贷款利率。（来源：《人民日报》）;0.0433670033670033;0.3774395202248418;0.4425228338894298;0.1904139677452221
全面放宽大城市落户条件月日，公安部发布服务保障高质量发展条措施，明确将推动各地全面取消城区常住人口万以下的城市落户限制，全面放宽城区常住人口万至万的型大城市落户条件，完善城区常住人口万以上的超大特大城市积分落户政策，确保社会保险缴纳年限和居住年限分数占主要比例，鼓励取消年度落户名额限制，同时进一步放宽集体户设立条件。（上海广播电视台）的微博视频;0.0004040404040404;0.0;0.5082087567440053;0.0
公安部：全面放宽大城市落户条件，完善特大城市积分落户政策月日，公安部在北京召开新闻发布会。公安部治安管理局副局长亓希国就大力推进以人为核心的新型城镇化方面的举措答记者问。亓希国表示，推动各地全面取消城区常住人口万以下的城市落户限制，全面放宽城区常住人口万至万的型大城市落户条件，完善城区常住人口万以上的超大特大城市积分落户政策，确保社会保险缴纳年限和居住年限分数占主要比例，鼓励取消年度落户名额限制。（来源人民网，编辑梁冬生，责编杨乐勇，审核陈园丽）人民视频的微博视频;0.0091582491582491;0.6259964193113202;0.2698192293617458;0.04066432183751743
公安部新闻发布会推动各地全面取消城区常住人口万以下的城市落户限制全面放宽城区常住人口万至万的型大城市落户条件完善城区常住人口万以上的超大特大城市积分落户政策，确保社会保险缴纳年限和居住年限分数占主要比例，鼓励取消年度落户名额限制。警民携手同行的微博视频;0.0008080808080808;0.2877814258285525;0.5096925779315791;0.0031158905530229136
公安部新闻发布会推动各地全面取消城区常住人口万以下的城市落户限制全面放宽城区常住人口万至万的型大城市落户条件完善城区常住人口万以上的超大特大城市积分落户政策，确保社会保险缴纳年限和居住年限分数占主要比例，鼓励取消年度落户名额限制。平安天津的微博视频;0.0002693602693602;-0.4662702229440636;0.5074668461502184;-0.0016754644822236512
公安部：全面放宽大城市落户条件完善特大城市积分落户政策公安部今天（日）发布服务保障高质量发展条措施，明确将推动各地全面取消城区常住人口万以下的城市落户限制，全面放宽城区常住人口万至万的型大城市落户条件，完善城区常住人口万以上的超大特大城市积分落户政策，确保社会保险缴纳年限和居住年限分数占主要比例，鼓励取消年度落户名额限制，同时进一步放宽集体户设立条件。此外，条措施还涉及加强制度供给、优化管理服务、严格安全监管等方面。（）的微博视频;0.0014814814814814;0.0190744729181939;0.450224412882772;0.0003344522686343071
公安部：人口万以下城市取消落户限制完善超大特大城市积分落户政策月日记者从公安部在京召开的新闻发布会获悉，公安部研究制定公安机关服务保障高质量发展若干措施，包括推进以人为核心的新型城镇化，全面放宽大城市落户条件，完善特大城市积分落户政策等。一是推动各地全面取消城区常住人口万以下的城市落户限制，全面放宽城区常住人口万至万的型大城市落户条件，完善城区常住人口万以上的超大特大城市积分落户政策，确保社会保险缴纳年限和居住年限分数占主要比例，鼓励取消年度落户名额限制。武汉市民热线全面放宽大城市落户政策公安部条改革措施来了;0.0006734006734006;-0.9999926387144884;0.5074715239510571;-0.00898335080404721
公安部：完善特大城市积分落户政策，鼓励取消特大城市年度落户名额限制放宽大城市落户条件月日消息，公安部将充分发挥人口管理对于人口有序流动的牵引作用，持续深化户籍制度改革。一是推动各地全面取消城区常住人口万以下的城市落户限制。全面放宽城区常住人口万至万的型大城市落户条件，完善城区常住人口万以上的超大特大城市积分落户政策，确保社会保险缴纳年限和居住年限分数占主要比例，鼓励取消年度落户名额限制。二是进一步放宽集体户设立条件，鼓励各地在人才市场、众创空间以及乡镇（街道）或者村（社区）设立集体户，更好地便利群众落户。;0.0002693602693602;0.6427970257356116;0.6881819259145217;0.003132326258301381
公安部：全面放宽大城市落户条件，完善特大城市积分落户政策月日记者从公安部在京召开的新闻发布会获悉，公安部研究制定公安机关服务保障高质量发展若干措施，包括推进以人为核心的新型城镇化，全面放宽大城市落户条件，完善特大城市积分落户政策等。公安部治安管理局副局长亓希国就大力推进以人为核心的新型城镇化方面的举措答记者问。亓希国表示，按照党中央统一部署，公安部充分发挥牵头部门职能作用，会同有关部门采取有力措施，推动全面建立城乡统一的户口登记制度、便利畅通农业转移人口落户渠道、全面提升基本公共服务水平，推动农业转移人口市民化工作取得重要进展。截至年，亿农业转移人口落户城镇，户籍人口城镇化率达。党的二十大报告强调，“推进以人为核心的新型城镇化，加快农业转移人口市民化”。推动农业转移人口进城落户是推进以人为核心的新型城镇化的关键一环。公安部将充分发挥人口管理对于人口有序流动的牵引作用，持续深化户籍制度改革。一是推动各地全面取消城区常住人口万以下的城市落户限制，全面放宽城区常住人口万至万的型大城市落户条件，完善城区常住人口万以上的超大特大城市积分落户政策，确保社会保险缴纳年限和居住年限分数占主要比例，鼓励取消年度落户名额限制。二是进一步放宽集体户设立条件，鼓励各地在人才市场、众创空间以及乡镇（街道）或者村（社区）设立集体户，更好地便利群众落户。（北京日报客户端）;0.0008080808080808;0.5593504787701209;0.6539013099425979;0.007769755391787511
公安部：全面放宽大城市落户条件，完善特大城市积分落户政策月日记者从公安部在京召开的新闻发布会获悉，公安部研究制定公安机关服务保障高质量发展若干措施，包括推进以人为核心的新型城镇化，全面放宽大城市落户条件，完善特大城市积分落户政策等。公安部治安管理局副局长亓希国就大力推进以人为核心的新型城镇化方面的举措答记者问。亓希国表示，按照党中央统一部署，公安部充分发挥牵头部门职能作用，会同有关部门采取有力措施，推动全面建立城乡统一的户口登记制度、便利畅通农业转移人口落户渠道、全面提升基本公共服务水平，推动农业转移人口市民化工作取得重要进展。截至年，亿农业转移人口落户城镇，户籍人口城镇化率达。党的二十大报告强调，“推进以人为核心的新型城镇化，加快农业转移人口市民化”。推动农业转移人口进城落户是推进以人为核心的新型城镇化的关键一环。公安部将充分发挥人口管理对于人口有序流动的牵引作用，持续深化户籍制度改革。一是推动各地全面取消城区常住人口万以下的城市落户限制，全面放宽城区常住人口万至万的型大城市落户条件，完善城区常住人口万以上的超大特大城市积分落户政策，确保社会保险缴纳年限和居住年限分数占主要比例，鼓励取消年度落户名额限制。二是进一步放宽集体户设立条件，鼓励各地在人才市场、众创空间以及乡镇（街道）或者村（社区）设立集体户，更好地便利群众落户。;0.0006734006734006;-0.0375100252743938;0.5074668461502184;-0.00033696509010241397
公安部：全面放宽大城市落户条件，完善特大城市积分落户政策月日记者从公安部在京召开的新闻发布会获悉，公安部研究制定公安机关服务保障高质量发展若干措施，包括推进以人为核心的新型城镇化，全面放宽大城市落户条件，完善特大城市积分落户政策等。公安部治安管理局副局长亓希国就大力推进以人为核心的新型城镇化方面的举措答记者问。亓希国表示，按照党中央统一部署，公安部充分发挥牵头部门职能作用，会同有关部门采取有力措施，推动全面建立城乡统一的户口登记制度、便利畅通农业转移人口落户渠道、全面提升基本公共服务水平，推动农业转移人口市民化工作取得重要进展。截至年，亿农业转移人口落户城镇，户籍人口城镇化率达。党的二十大报告强调，“推进以人为核心的新型城镇化，加快农业转移人口市民化”。推动农业转移人口进城落户是推进以人为核心的新型城镇化的关键一环。公安部将充分发挥人口管理对于人口有序流动的牵引作用，持续深化户籍制度改革。一是推动各地全面取消城区常住人口万以下的城市落户限制，全面放宽城区常住人口万至万的型大城市落户条件，完善城区常住人口万以上的超大特大城市积分落户政策，确保社会保险缴纳年限和居住年限分数占主要比例，鼓励取消年度落户名额限制。二是进一步放宽集体户设立条件，鼓励各地在人才市场、众创空间以及乡镇（街道）或者村（社区）设立集体户，更好地便利群众落户。（北京日报）;0.0051178451178451;0.312552237978117;0.3641455095882287;0.015312321641103892
江西一地买房抽奖最高得万元月日，江西省抚州市人民政府发布《关于进一步促进市中心城区房地产市场平稳健康发展的若干措施》。在实施购房补贴方面，在年月日至年月日期间，购买市中心城区范围内新建商品住房，且在年月日前（精装修商品住房在年月日前）缴清契税的购房人，由受益财政按购房面积给予元平方米的购房补贴。对以下类购房群体，实施差异化补贴标准：户籍迁入群体。对年月日以来户籍由抚州市行政区划以外迁入市中心城区的人员，由受益财政按购房面积给予元平方米的购房补贴；现役军人、消防救援人员，及其直系亲属。购房人为现役军人、消防救援人员（指在编消防救援人员和入职满年政府专职消防员），及其直系亲属（指父母、配偶和子女），由受益财政按购房面积给予元平方米的购房补贴；二孩、三孩家庭。对按照国家生育政策在年月日之后生育二孩、年月日之后生育三孩的抚州市户籍居民家庭，由受益财政按购房面积分别给予元平方米、元平方米的购房补贴。上述补贴不重复享受和叠加，只可按最高标准补贴一次。鼓励开发企业本着市场化原则，给予购房人相应的配套补贴。在契税补贴方面，对年月日至年月日期间，购买市中心城区范围内新建商品房（含非住宅），且在年月日前（精装修商品住房在年月日前）缴清契税的购房人，由受益财政给予其所缴纳契税的补贴。在个税补贴方面，对年月日至年月日期间，购买市中心城区范围内新建商品房（含非住宅），且在年月日前（精装修商品住房在年月日前）缴清契税的购房人，由受益财政补贴其年度实际所缴纳个人所得税（仅指综合所得）的地方留成部分，补贴额度最高不超过购房款的。《措施》还提到，要开展购房促销活动。在抚州市的市中心城区开展“买房抽大奖”活动，年月日至年月日期间，每完成网签备案套新建商品住房，组织开展一期抽奖活动，若最后一期备案的商品住房不足套，则该期抽奖活动取消。每期抽奖活动设特等奖名（奖励全额购房款同等现金，最高为万元）、一等奖名（奖现金万元）、二等奖名（奖现金万元）、三等奖名（奖现金万元）。在优化购房入学政策方面，对市中心城区的购房群体，分区域实施入学政策。临川区：父母在临川区所属学校学区范围内购买新建商品住房，待房屋交付并实际装修入住后，其子女可在房屋所属学区的学校就读（仅限每年秋季入学或转学）。东临新区：东临新区所属学校学区范围内购买新建商品住房，购房人完成购房合同网签备案后，其子女可在房屋所属学区的学校就读（仅限每年秋季入学或转学）。抚州高新区：抚州高新区学区范围内购买新建商品住房，在完成购房合同网签备案后，可安排至高新区第三小学、崇岗中学就读（仅限每年秋季入学或转学）；高新区其它区属学校学区范围内购买新建商品住房入学迁户口时间延长至当年月日。市直：抚州市实验学校（含曾巩校区）和市第二实验学校学区范围内购买新建商品住房入学迁户口时间延长至当年月日。此外，抚州鼓励棚户区改造项目或重大项目征迁的被征收人选择“房票”安置的方式购买新房，对一定时期内持“房票”购买新建商品住房的予以必要政策优惠，促进购房需求在本地释放。鼓励房地产开发企业通过房地产业协会与有关团体对接组织团购协议优惠价购房活动，对满足团购条件购房的（一次性购买套及以上），房地产业协会协调开发企业给予协议优惠价。（澎湃新闻）;0.0018855218855218;0.90190036522032;0.5080232790955586;0.02271067730422741
三部门：对个人购买保障性住房减按税率征收契税月日，为推进保障性住房建设，财政部、税务总局、住房城乡建设部发布《关于保障性住房有关税费政策的公告》（以下简称《公告》）。《公告》明确，对保障性住房项目建设用地免征城镇土地使用税。对保障性住房经营管理单位与保障性住房相关的印花税，以及保障性住房购买人涉及的印花税予以免征。此外，对个人购买保障性住房，减按的税率征收契税。易居研究院研究总监严跃进接受《每日经济新闻》记者采访时表示，这一政策反映出对保障房的重视程度在增加，税费优惠体现了对保障房在当前房地产结构调整和拉动投资消费方面的重视程度。对保障性住房项目建设用地免征城镇土地使用税中指研究院研究副总监徐跃进曾表示，保障性住房是我国住房供给体系的重要组成部分，是缓解当前人口净流入城市住房市场结构性供给不足，解决大城市房价较高、负担较重的重要手段，意在提高新市民、青年人的居住品质，不断增强人民群众的获得感、幸福感、安全感。《公告》明确，对保障性住房项目建设用地免征城镇土地使用税。对保障性住房经营管理单位与保障性住房相关的印花税，以及保障性住房购买人涉及的印花税予以免征。在商品住房等开发项目中配套建造保障性住房的，依据政府部门出具的相关材料，可按保障性住房建筑面积占总建筑面积的比例免征城镇土地使用税、印花税。记者注意到，《契税法》明确，在中华人民共和国境内转移土地、房屋权属，承受的单位和个人为契税的纳税人，应当依照本法规定缴纳契税。契税税率为百分之三至百分之五。《关于廉租住房经济适用住房和住房租赁有关税收政策的通知》曾提出，对个人购买经济适用住房，在法定税率基础上减半征收契税。而此次《公告》明确对个人购买保障性住房，减按的税率征收契税。严跃进表示，此次政策的主旨是为了降低成本，目的是要进一步增强保障房的保障功能。具体涉及印花税和城镇土地使用税，这使得保障房的用地成本进一步降低，有助于增强企业投资保障房的积极性，减轻保障房建设的压力，增加动力。政策具有非常明显的导向作用《公告》明确，企事业单位、社会团体以及其他组织转让旧房作为保障性住房房源且增值额未超过扣除项目金额的，免征土地增值税。对保障性住房经营管理单位回购保障性住房继续作为保障性住房房源的，免征契税。此外，保障性住房项目免收各项行政事业性收费和政府性基金，包括防空地下室易地建设费、城市基础设施配套费、教育费附加和地方教育附加等。数据显示，从年国务院决定深化城镇住房制度改革到年，全国共建设廉租房、经济适用房等保障性住房多万套。自年大规模实施保障性安居工程以来，全国累计开工建设各类保障性住房和棚改安置住房多万套，多万困难群众取得住房补贴，帮助亿多困难群众实现安居。我国已建成世界上最大的住房保障体系。严跃进表示，推进保障性住房建设，有利于保障和改善民生，有利于扩大有效投资，是促进房地产市场平稳健康发展、推动建立房地产业发展新模式的重要举措。此次政策具有非常明显的导向作用。来源每日经济新闻;0.0001346801346801;0.0037829584266535;0.5074668461502184;6.796715906032641e-06
三部门：对个人购买保障性住房减按税率征收契税财政部、税务总局、住房城乡建设部公告，为推进保障性住房建设，现将有关税费政策公告如下：一、对保障性住房项目建设用地免征城镇土地使用税。对保障性住房经营管理单位与保障性住房相关的印花税，以及保障性住房购买人涉及的印花税予以免征。在商品住房等开发项目中配套建造保障性住房的，依据政府部门出具的相关材料，可按保障性住房建筑面积占总建筑面积的比例免征城镇土地使用税、印花税。二、企事业单位、社会团体以及其他组织转让旧房作为保障性住房房源且增值额未超过扣除项目金额的，免征土地增值税。三、对保障性住房经营管理单位回购保障性住房继续作为保障性住房房源的，免征契税。四、对个人购买保障性住房，减按的税率征收契税。五、保障性住房项目免收各项行政事业性收费和政府性基金，包括防空地下室易地建设费、城市基础设施配套费、教育费附加和地方教育附加等。六、享受税费优惠政策的保障性住房项目，按照城市人民政府认定的范围确定。城市人民政府住房城乡建设部门将本地区保障性住房项目、保障性住房经营管理单位等信息及时提供给同级财政、税务部门。七、纳税人享受本公告规定的税费优惠政策，应按相关规定申报办理。本公告自年月日起执行。对保障性住房项目建设用地免征城镇土地使用税;0.0008080808080808;-0.6325532072931168;0.5076523237986651;-0.006821416472906774
三部门：对个人购买保障性住房减按的税率征收契税财联社月日电，财政部、税务总局、住房城乡建设部公告，为推进保障性住房建设，现将有关税费政策公告如下：一、对保障性住房项目建设用地免征城镇土地使用税。对保障性住房经营管理单位与保障性住房相关的印花税，以及保障性住房购买人涉及的印花税予以免征。在商品住房等开发项目中配套建造保障性住房的，依据政府部门出具的相关材料，可按保障性住房建筑面积占总建筑面积的比例免征城镇土地使用税、印花税。二、企事业单位、社会团体以及其他组织转让旧房作为保障性住房房源且增值额未超过扣除项目金额的，免征土地增值税。三、对保障性住房经营管理单位回购保障性住房继续作为保障性住房房源的，免征契税。四、对个人购买保障性住房，减按的税率征收契税。五、保障性住房项目免收各项行政事业性收费和政府性基金，包括防空地下室易地建设费、城市基础设施配套费、教育费附加和地方教育附加等。六、享受税费优惠政策的保障性住房项目，按照城市人民政府认定的范围确定。城市人民政府住房城乡建设部门将本地区保障性住房项目、保障性住房经营管理单位等信息及时提供给同级财政、税务部门。七、纳税人享受本公告规定的税费优惠政策，应按相关规定申报办理。本公告自年月日起执行。;0.0032323232323232;-0.120245499801923;0.4906605759809885;-0.005013270200973101
央行降准将释放超亿元中长期流动性银河证券首席经济学家章俊表示，央行连出降息、优化房地产金融政策等大招后，年内二度降准，笃定不移推动经济持续恢复、回升向好。股央行决定降准个百分点央视财经的微博视频;0.0037710437710437;0.5062869894283616;0.4047313782957972;0.02031334988120365
央行降准将释放超亿元中长期流动性经济学家解读央行降准央行决定降准个百分点;0.0018855218855218;0.6312262439106003;0.3459779322655011;0.010824836761490006
央行决定降准个百分点中国政府网的微博视频;0.0022895622895622;0.7631687250232734;0.599201005275764;0.0275233880832807
央行决定降准个百分点（人民日报）;0.0103703703703703;0.4739348103738841;0.3143613848385832;0.04061611702758571
央行决定降准个百分点当前，我国经济运行持续恢复，内生动力持续增强，社会预期持续改善。为巩固经济回升向好基础，保持流动性合理充裕，中国人民银行决定于年月日下调金融机构存款准备金率个百分点（不含已执行存款准备金率的金融机构）。本次下调后，金融机构加权平均存款准展开;0.0012121212121212;0.6095747678800849;0.6411951410387814;0.012454307622459342
央行降准将释放超亿元中长期流动性经济学家解读央行降准中国人民银行官网今日发布消息，决定于年月日下调金融机构存款准备金率个百分点（不含已执行存款准备金率的金融机构）。本次下调后，金融机构加权平均存款准备金率约为。光大证券首席宏观经济学家高瑞东表示，此展开;0.0002693602693602;0.7490758510217376;0.5971139966342789;0.003167181252242258
三城同日宣布取消限购月已有城全面取消限购三城同日官宣武汉、西安、无锡“取消限购”，月已有城全面取消限购月日，武汉市六部门发布通知，宣布从即日起取消二环线以内住房限购政策。同日，无锡和西安也宣布取消限购。值得注意的是，月日日，已有沈阳、南京、大连、兰州、青岛、济南、福州、郑州、合肥、无锡、武汉、西安个城市全面取消限购。而包括北上广深四个一线城市以及杭州、苏州、成都、长沙等城市依旧存在限购。“核心城市仍有优化空间：二线城市有望全面取消过去在市场过热阶段出台的限制性政策。一线城市政策调整取决于市场恢复程度，未来有望按照因区施策原则，优化限购政策。”中指研究院市场研究总监陈文静当日在接受《每日经济新闻》记者采访时指出。（艾塔）三城同日官宣武汉、西安、无锡“取消限购”，月已有城全面取消限购;0.0017508417508417;0.0;0.5091361449862389;0.0
武汉全面取消住房限购：生育多子女家庭购买的第二套住房认定为首套住房月日，武汉市住房保障和房屋管理局官网发布《关于进一步促进我市房地产市场平稳健康发展的通知》。该通知共有条内容，包括：取消住房限购。年月日起，取消武汉市二环线以内住房限购政策满足居民刚性和改善性购房需求。优化家庭住房贷款套数认定标准。对生育多子女家庭在购房贷款时，购买的第二套住房认定为首套住房，购买的第三套住房认定为第二套住房。对已有两套住房的家庭，在挂牌出售或出租一套的前提下新购一套住房的，购房贷款时认定为第二套住房。网页链接;0.0001346801346801;-0.5902253198490708;0.5078378014471119;-0.0010612134256878997
武汉取消二环线以内住房限购政策武汉：取消二环线以内住房限购政策月日，武汉市住房保障和房屋管理局发布《关于进一步促进我市房地产市场平稳健康发展的通知》，年月日起，取消武汉市二环线以内住房限购政策满足居民刚性和改善性购房需求。生育多子女家庭在购房贷款时，购买的第二套住房认定为首套住房，购买的第三套住房认定为第二套住房。对已有两套住房的家庭，在挂牌出售或出租一套的前提下新购一套住房的，购房贷款时认定为第二套住房。年月日起至月日前，对出售原有住房并在半年内购买新建商品住房和购买新建商品住房后至房屋交付前出售原有住房的纳税人，由购买新建商品住房所在区财政部门对其出售原有住房已缴纳的增值税按计税价格的给予补助。年月日前，对购买首套新建商品住房的，可享受万元家电家具数字消费券或购房消费券。持续开展线上线下房交会，对房交会期间购买首套住房的，按契税应缴额度给予补助优惠，购买第二套住房的，按契税应缴额度的给予补助优惠。年月日前，住房公积金缴存职工在我市购买普通自住住房的，贷款额度可按职工家庭当前可贷款额度上浮，同时不超出我市公积金贷款的最高贷款额度（即家庭首套房贷款最高可贷额度万元，家庭二套房贷款最高可贷额度万元）。（财联社记者陈业）;0.0106397306397306;0.0017174025370292;0.378422879620621;0.0001817759622020987
外汇存款准备金率下调释放哪些信号月日，央行宣布外汇存款准备金率下调至。业内专家认为，下调金融机构外汇存款准备金率，能够提升银行等金融机构的外汇资金运用能力，也会直接增加境内美元流动性，进而促进人民币稳定回升。专家建议，市场主体要避免偏离风险中性的“炒汇”行为，适度套保汇率敞口和控制货币错配，合理安排资产负债币种结构。新华网财经的微博视频;0.001077441077441;-0.0809014614615473;0.5076523237986651;-0.001163248783993115
中国人民银行决定下调金融机构外汇款准备金率为提升金融机构外汇资金运用能力，中国人民银行决定，自年月日起，下调金融机构外汇存款准备金率个百分点，即外汇存款准备金率由现行的下调至。;0.0025589225589225;0.1386342140297448;0.4512158709682661;0.004207927680044998
中国人民银行：外汇存款准备金率下调为为提升金融机构外汇资金运用能力，中国人民银行决定，自年月日起，下调金融机构外汇存款准备金率个百分点，即外汇存款准备金率由现行的下调至。（来源：央视新闻）;0.0051178451178451;0.6486594927450752;0.5964676564257633;0.052053165854351414
湖湘财经月维持不变中国人民银行授权全国银行间同业拆借中心公布，年月日贷款市场报价利率（）为：年期为，年期以上为。以上在下一次发布之前有效。;0.0005387205387205;0.8461538461538458;0.5076523237986651;0.006083248774667644
月维持不变：月年期和年期利率均维持不变据央行官网，年月日贷款市场报价利率（）为：年期为，年期以上为。以上在下一次发布之前有效。;0.0026936026936026;-0.1554342903438619;0.5653580041411337;-0.006222433301845975
拿诺奖在东莞买房补贴万元东莞特色人才购房补贴升至万元广东城市东莞的人才购房补贴，最高已经提升到万元。最近，东莞市人力资源和社会保障局发布消息称，年东莞特色人才的住房补贴、生活补助、引进人才奖励、创业贷款贴息的申报工作，已经开始。其中最受关注的是，东莞将特级人才的购房补贴，从原标准的万元提高到了万元。此外，其他层次人才的购房补贴标准也均有大幅提升。在人才争夺战越来越激烈的今天，大幅度提升人才补贴，能奏效吗？在不少业内专家看来，东莞尽管地处珠三角区域，但作为普通地级市，在“科教文卫”层面，存在先天短板。;0.0005387205387205;0.1369606326747322;0.4748285378758039;0.0009209847355554206
拿诺奖在东莞买房补贴万元东莞特色人才购房补贴升至万元广东城市东莞的人才购房补贴，最高已经提升到万元。最近，东莞市人力资源和社会保障局发布消息称，年东莞特色人才的住房补贴、生活补助、引进人才奖励、创业贷款贴息的申报工作，已经开始。其中最受关注的是，东莞将特展开;0.001077441077441;0.1856662792408037;0.4805280761558751;0.002526979178005853
拿诺奖在东莞买房补贴万东莞特色人才购房补贴升至万广东城市东莞的人才购房补贴，最高已经提升到万元。最近，东莞市人力资源和社会保障局发布消息称，年东莞特色人才的住房补贴、生活补助、引进人才奖励、创业贷款贴息的申报工作，已经开始。其中最受关注的是，东莞将特级人才的购房补贴，从原标准的万元提高到了万元。此外，其他层次人才的购房补贴标准也均有大幅提升。在人才争夺战越来越激烈的今天，大幅度提升人才补贴，能奏效吗？在不少业内专家看来，东莞尽管地处珠三角区域，但作为普通地级市，在“科教文卫”层面，存在先天短板。;0.0032323232323232;0.4658310813850317;0.2657261575704902;0.010518017433070508
拿诺奖在东莞买房补贴万东莞特色人才购房补贴升至万广东城市东莞的人才购房补贴，最高已经提升到万元。最近，东莞市人力资源和社会保障局发布消息称，年东莞特色人才的住房补贴、生活补助、引进人才奖励、创业贷款贴息的申报工作，已经开始。其中最受关注的是，东莞将特级人展开;0.0006734006734006;0.0486762853089708;0.5074668461502184;0.0004372753349271965
我市发布《关于进一步促进房地产市场平稳健康发展的若干措施（征求意见稿）》围绕四个方面给房地产市场赋能月日，记者从商丘市住房和城乡建设局获悉，为贯彻落实党中央、国务院和省委、省政府决策部署，优化房地产政策，促进我市房地产市场平稳健康发展，市住房和城乡建设局结合我市实际起草了《关于进一步促进房地产市场平稳健康发展的若干措施（征求意见稿）》（以下简称《意见稿》），并公开向社会征求意见。《意见稿》以稳定市场为关键，以支持企业发展为重点，以满足刚性和改善性住房需求为目的，优化房地产市场调控措施，因城施策，充分释放政策红利，促进我市房地产市场平稳健康发展。《意见稿》重点从支持合理住房需求、落实企业扶持措施、完善金融服务、优化房地产市场环境、多措并举去库存方面，本着实用性、灵活性和可操作性相结合的总体思路，归纳提出了条内容，主要从四个方面给房地产市场赋能：一是促进消费，加大住房公积金贷款支持力度，实行商品住房契税补贴，居民换购住房个人所得税退税优惠，支持存量房“带押过户”等条支持政策，一体保持新建房和二手房两个市场销售热度；二是促进投资，优化土地出让条件，允许分期缴纳土地出让价款，试行地下停车位办理预售，适当延缓缴纳城市基础设施配套费和社保费，支持产销对接商品住房，优化资金监管措施等条支持政策；三是加强金融支持，落实差别化住房信贷政策，开展融资服务对接，加大金融纾困帮扶力度等条支持政策；四是提高政务服务，优化联合验收备案制度，优化房屋网签备案服务，全面推行“交房即交证”，进一步优化房地产市场环境等条支持政策。其中，明确提高多子女家庭购买首套自住住房申请住房公积金贷款最高额度：自年月日起，对依法生育、抚养多子女的住房公积金缴存人家庭，在本市购买首套自住住房申请住房公积金贷款的，贷款最高额度在本市住房公积金贷款最高额度基础上提高万元；调整提取公积金后申请贷款条件：自年月日起，同一套自住住房购房提取后申请住房公积金贷款，其公积金贷款额与提取金额之和不得超过房屋总价；房地产开发企业在取得商品房预售许可证后，符合商丘市住房公积金管理中心楼盘合作要求，可以申请住房公积金按揭贷款合作。适时实施商品住房契税补贴。根据我市实际情况，经市政府同意，相关单位适时对个人在中心城区范围内购买商品住房（含二手商品住房）的，可以给予所缴纳契税总额的补贴，最高不超过万元。居民换购住房个人所得税政策。自年月日至年月日，对出售自有住房并在现住房出售后年内重新购买住房的纳税人，对其出售现住房已缴纳的个人所得税予以退税优惠。其中，新购住房金额大于或等于现住房转让金额的，全部退还已缴纳的个人所得税；新购住房金额小于现住房转让金额的，按新购住房金额占现住房转让金额的比例退还已缴纳的个人所得税。支持国有投融资平台公司或国有非银行业金融机构作为投资主体，购买存量房屋用作保障性租赁住房。实行多样化回迁安置，根据当前征收安置实际，市中心城区原则上不再新建安置房，通过购买商品住房、发放安置房票等货币化为主的方式实施安置。为有效降低二手房交易资金和时间成本，推行存量商品房“带押过户”模式，充分保障在押不动产依法转让，激发存量房市场交易活力，提高交易登记安全性，促进存量房交易市场良性循环和健康发展。继续支持产销对接商品住房。支持团购在售商品住房。支持新兴产业单位、科研机构、产业园区、大专院校、企事业等单位，集中团购商品住房解决职工住房问题。鼓励多市场主体按照利益共享、风险共担原则以多种合作方式开发建设商品房。进一步提升商品住房品质。大力发展绿色建筑和绿色建造。鼓励高品质、改善型住宅小区建设，优化住宅供应套型，提高新建住房设计建造水平和设施配置标准，推动住宅产品升级换代，逐步提高装修住宅供应比例。持续加强质量和安全监管，全面提升住宅工程质量品质。推进无障碍设施建设，促进家庭装修消费，增加智能家电消费，推动数字家庭发展。进一步提升物业服务管理水平。开展全市物业管理专项整治行动，对物业服务规范化、房屋质量监管、收费公开、电梯安全、违章搭建、涉黑涉恶、消防安全等七个方面专项整治，进一步提升全市物业管理水平，切实解决广大市民急难愁盼问题，不断提高广大市民幸福感、获得感和满意度。即日起至月日，市民可以通过以下方式提出意见建议：登录商丘市政府网《意见征集》（网页链接）栏目浏览相关正在征集意见的内容并在页面底部提交意见建议；通过信函方式，将意见寄至商丘市神火大道与雪苑路交叉口市住房和城乡建设局房地产市场监管科（邮政编码）；通过电子邮件方式将修改意见和建议发送至电子邮箱。记者鲁超;0.0002693602693602;0.790823950595974;0.5076523237986651;0.0028427329440781184
成都发布新政调整住房限购限价措施月日，成都出台《关于进一步优化政策措施促进房地产市场平稳健康发展的通知》，宣布调整住房限购措施。调整后，四川天府新区直管区、成都高新区南部园区、锦江区、青羊区、金牛区、武侯区、成华区继续实施住房限购，统一为一个限购区域，其他区域不再审核购房资格。在限购区域范围内，购买平方米以上（不含平方米）住房，不再审核购房资格，更好满足居民改善型住房需求。在限购区域范围内，购买平方米以下（含平方米）住房，须同时符合以下条件：居民家庭成员具有限购区域户籍，或户籍不在限购区域但在限购区域连续缴纳社保个月以上；新购房后，本地户籍两人及以上居民家庭在限购区域拥有自有产权住房总套数不超过套，本地户籍单身居民家庭、非本地户籍居民家庭在限购区域拥有自有产权住房总套数不超过套。在此基础上，二孩居民家庭总套数可增加套，三孩及以上居民家庭总套数可增加套。同时，调整住房限价措施。成品住宅装修价格由企业根据市场情况自主确定（土地出让合同等有约定的除外），严格落实样板间、销售现场、装修清单等管理要求，鼓励优质优价。不再执行二手住房成交参考价格发布机制。此外，个人转让住房增值税征免年限统一调整为了年。;0.0009427609427609;0.7770934539122236;0.6165379136985586;0.011873833469839482
成都调整住房限购限价措施，部分区域不再审核购房资格月日消息，成都出台《关于进一步优化政策措施促进房地产市场平稳健康发展的通知》，调整住房限购措施，四川天府新区直管区、成都高新区南部园区、锦江区、青羊区、金牛区、武侯区、成华区继续实施住房限购，统一为一个限购区域。其他区域不再审核购房资格。在限购区域范围内，购买平方米以上（不含平方米）住房，不再审核购房资格，更好满足居民改善型住房需求。调整住房限价措施，成品住宅装修价格由企业根据市场情况自主确定（土地出让合同等有约定的除外），严格落实样板间、销售现场、装修清单等管理要求，鼓励优质优价。不再执行二手住房成交参考价格发布机制。个人转让住房增值税征免年限统一调整为年。;0.0004040404040404;-0.6422636904298697;0.5074668461502184;-0.003461801596752919
成都调整住房限购措施成都部分区域不再审核购房资格成都出台《关于进一步优化政策措施促进房地产市场平稳健康发展的通知》，调整住房限购措施，四川天府新区直管区、成都高新区南部园区、锦江区、青羊区、金牛区、武侯区、成华区继续实施住房限购，统一为一个限购区域。其他区域不再审核购房资格。在限购区域范围内，购买平方米以上（不含平方米）住房，不再审核购房资格，更好满足居民改善型住房需求。调整住房限价措施，成品住宅装修价格由企业根据市场情况自主确定（土地出让合同等有约定的除外），严格落实样板间、销售现场、装修清单等管理要求，鼓励优质优价。不再执行二手住房成交参考价格发布机制。个人转让住房增值税征免年限统一调整为年。（财联社）四川日报的微博视频;0.0175084175084175;-0.2549143416708198;0.5473093857499524;-0.06421409891338802
成都调整住房限购限价措施成都：调整住房限购、限价措施部分区域不再审核购房资格财联社月日电，成都出台《关于进一步优化政策措施促进房地产市场平稳健康发展的通知》，调整住房限购措施，四川天府新区直管区、成都高新区南部园区、锦江区、青羊区、金牛区、武侯区、成华区继续实施住房限购，统一为一个限购区域。其他区域不再审核购房资格。在限购区域范围内，购买平方米以上（不含平方米）住房，不再审核购房资格，更好满足居民改善型住房需求。调整住房限价措施，成品住宅装修价格由企业根据市场情况自主确定（土地出让合同等有约定的除外），严格落实样板间、销售现场、装修清单等管理要求，鼓励优质优价。不再执行二手住房成交参考价格发布机制。个人转让住房增值税征免年限统一调整为年。;0.0024242424242424;-0.3026493603060605;0.5091361449862389;-0.009819877495242204
成都住建：关于进一步优化政策措施促进房地产市场平稳健康发展的通知据成都住建，为深入贯彻党中央、国务院决策部署，坚持“房子是用来住的，不是用来炒的”定位，适应房地产市场供求关系发生重大变化的新形势，更好满足居民合理住房需求，促进房地产市场平稳健康发展，成都市房地产市场平稳健康发展领导小组办公室印发《关于进一步优化政策措施促进房地产市场平稳健康发展的通知》。一、加大住房保障力度（一）进一步发挥好现有公共租赁住房、租赁补贴、保障性租赁住房等兜底保障作用。规划建设保障性住房，重点保障住房困难的工薪收入群体以及城市需要的人才群体。二、优化土地供应方式（二）中心城区商品住宅用地实施“竞地价”拍卖，新出让土地所建商品住房由企业根据市场情况自主定价。（三）除控制性详细规划明确的宗地内需叠建以及宗地周边绿地、道路、养老托育等公服配套设施外，原则上新出让住宅类用地不再设置配建要求。（四）调整新出让土地商业物业持有比例，在产业功能区（园区）内的，计容商业建筑面积持有比例不低于；在锦江区、青羊区、金牛区、武侯区、成华区产业功能区（园区）外的，计容商业建筑面积持有比例不低于；其他区（市）县的产业功能区（园区）外的，计容商业建筑面积持有比例，由属地政府按照相关规定制定并实施。宗地项目计容商业建筑面积持有比例部分，由区（市）县政府（管委会）自主确定自持或整体有条件转让。三、调整住房限购措施（五）四川天府新区直管区、成都高新区南部园区、锦江区、青羊区、金牛区、武侯区、成华区继续实施住房限购，统一为一个限购区域。其他区域不再审核购房资格。（六）在限购区域范围内，购买平方米以上（不含平方米）住房，不再审核购房资格，更好满足居民改善型住房需求。（七）在限购区域范围内，购买平方米以下（含平方米）住房，须同时符合以下条件：居民家庭成员具有限购区域户籍，或户籍不在限购区域但在限购区域连续缴纳社保个月以上；新购房后，本地户籍两人及以上居民家庭在限购区域拥有自有产权住房总套数不超过套，本地户籍单身居民家庭、非本地户籍居民家庭在限购区域拥有自有产权住房总套数不超过套。在此基础上，二孩居民家庭总套数可增加套，三孩及以上居民家庭总套数可增加套。四、调整住房限价措施（八）成品住宅装修价格由企业根据市场情况自主确定（土地出让合同等有约定的除外），严格落实样板间、销售现场、装修清单等管理要求，鼓励优质优价。（九）不再执行二手住房成交参考价格发布机制。五、落实信贷支持政策（十）落实差别化住房信贷政策。人民银行四川省分行指导四川省市场利率定价自律机制研究并决议通过，调整成都市差别化住房信贷政策。（十一）优化家庭住房套数认定标准。生育多子女家庭商业贷款购买第三套住房认定为二套住房。六、调整住房税收政策（十二）个人转让住房增值税征免年限统一调整为年。七、强化市场秩序监管（十三）加强预售资金监管。加大全过程监督监管力度，督促开发企业、商业银行、购房人将预售资金全部直接存入监管账户，确保监管额度内资金专款专用于工程建设，保障建设质量，严厉打击违法违规行为，鼓励购房人参与监督，确保商品房竣工交付。（十四）持续规范房地产市场秩序。强化部门联动，健全联合执法和惩戒机制，加大市场乱象整治力度，严厉查处捂盘惜售、囤积房源、恶意炒作、哄抬房价、发布虚假信息等扰乱市场秩序的行为，保障购房人合法权益。本通知自年月日起正式实施，凡以前规定与本通知不一致的，按本通知执行。;0.0009427609427609;0.180256484391846;0.330502114756014;0.0014764646518421515
优化房地产营商环境意义重大良好的营商环境是经济高质量发展的重要保障。近期，在各地出台促进房地产市场平稳健康发展的政策措施中，无锡把优化房地产营商环境摆在了更加突出的位置。月日，江苏省无锡市房地产调控领导小组办公室发布《关于促进我市房地产市场平稳健康发展若干政策措施的通知》，内容主要有六个方面：优化土地出让政策、用足用好房地产调控工具箱、进一步满足各群体的住房需求、加快城市更新建设和推动存量改造、进一步优化营商环境和调整改进相关管理办法。;0.0005387205387205;-0.2740467464716771;0.5076523237986651;-0.0019702026318892093
月日地产新闻联播上海房地产交易中心调研“认房不认贷”落地效果南京优化土地出让政策取消两项预售限制港股内房股午后飙升亿达中国涨幅更多内容，请观看视频中国房地产报信息的微博视频;0.0001346801346801;-0.6590844408273984;0.5076523237986651;-0.0011845879550419428
多城全面取消住房限购政策，业内人士：沈阳房地产市场由卖方市场转向买方市场本周，国内多个城市对当地房地产市场政策进行调整优化，以促进住房消费。其中，辽宁沈阳在本周宣布全面取消当地住房限购政策。记者了解到，限购政策取消后，沈阳市二环路内多个在售的新房项目举办了专门的集中销售、认筹活动，专门面向此前受限购政策影响无法获得购房资格的客户。业内人士告诉记者：当下，沈阳房地产市场的供需关系和前几年相比已经出现明显变化，由开发商主导的卖方市场转向购房人主导的买方市场，购房人的偏好也有明显变化。数据显示，今年月，沈阳新房及二手房平均销售价格指数，较去年同期分别下降和。为了对冲房地产市场的下行压力，沈阳本周下调首套及二套房首付款比例下限至和；针对高层次人才、二孩三孩家庭，推出多项公积金贷款优惠政策，并为高校毕业生等人才提供多类型的购房补贴。央视财经的微博视频;0.006060606060606;0.4414126637395795;0.3806610412547629;0.026770446091268198
重庆推出购房消费补贴政策重庆秋交会每套住宅最高补贴万元重庆秋交会各区政府推出购房消费补贴政策：住宅最高补贴万元套财联社月日电，据微信公众号“重庆住建”，重庆秋季房地产暨家居展示交易会正式开幕。秋交会展示商品房项目余个，提供可销售商品房面积万平方米，商品展开;0.0028282828282828;-0.301447166430983;0.468070834150337;-0.010490639325906133
