发布者;IP属地;帖子账号粉丝数;转发数;评论数;点赞数;文本;话题;一级账号粉丝数;用户名;评论属地;评论内容;评论时间;评论点赞数;主题相似度;标记;是否为官媒
风闻社区;;0;4;16;33;韩国又闹“萨德”中国安全决不能由别人来决定后沙月光本尊：据韩联社日报道，关于驻韩美军“萨德”（）反导基地，预计韩国防部相关计划最早将于月内完成，届时将走完“萨德”在韩正式部署所需程序。根据去年月韩国外交部和驻韩美军指挥官组成的《驻韩美军地位协定》（）联合委员会签署供地文件，韩方将为“萨德”基地再向美方供地万平方米。韩国一些“反萨德”民间团体对此进行了抗议，理由是环境保护。韩国官方和民间这样闹来闹去，是想将“萨德”转化为一个法律问题，掩人耳目，避开其事关地缘政治和东北亚安全问题的实质。;@后沙月光本尊;633;旗正飘飘1937;天津;多年不动刀，都真以为兔子吃素了！ http://t.cn/A69bPYvM;2023-01-15 20:00:44;6;8.804142343401807e-05;0;0
风闻社区;;0;4;16;33;韩国又闹“萨德”中国安全决不能由别人来决定后沙月光本尊：据韩联社日报道，关于驻韩美军“萨德”（）反导基地，预计韩国防部相关计划最早将于月内完成，届时将走完“萨德”在韩正式部署所需程序。根据去年月韩国外交部和驻韩美军指挥官组成的《驻韩美军地位协定》（）联合委员会签署供地文件，韩方将为“萨德”基地再向美方供地万平方米。韩国一些“反萨德”民间团体对此进行了抗议，理由是环境保护。韩国官方和民间这样闹来闹去，是想将“萨德”转化为一个法律问题，掩人耳目，避开其事关地缘政治和东北亚安全问题的实质。;@后沙月光本尊;5136;姚摩诃;广东;除了经济制裁，中国没有什么很好的反制手段[挖鼻];2023-01-15 20:24:07;1;8.804142343401807e-05;0;0
风闻社区;;0;4;16;33;韩国又闹“萨德”中国安全决不能由别人来决定后沙月光本尊：据韩联社日报道，关于驻韩美军“萨德”（）反导基地，预计韩国防部相关计划最早将于月内完成，届时将走完“萨德”在韩正式部署所需程序。根据去年月韩国外交部和驻韩美军指挥官组成的《驻韩美军地位协定》（）联合委员会签署供地文件，韩方将为“萨德”基地再向美方供地万平方米。韩国一些“反萨德”民间团体对此进行了抗议，理由是环境保护。韩国官方和民间这样闹来闹去，是想将“萨德”转化为一个法律问题，掩人耳目，避开其事关地缘政治和东北亚安全问题的实质。;@后沙月光本尊;5136;姚摩诃;广东;回复@薄荷糖1qaz:北边更加桀骜不驯，就是只喂不熟的狼，送了也不会听你的。而且这个国家太封闭了，你几乎没有影响他的办法。;2023-01-15 20:51:39;1;8.804142343401807e-05;1;0
风闻社区;;0;4;16;33;韩国又闹“萨德”中国安全决不能由别人来决定后沙月光本尊：据韩联社日报道，关于驻韩美军“萨德”（）反导基地，预计韩国防部相关计划最早将于月内完成，届时将走完“萨德”在韩正式部署所需程序。根据去年月韩国外交部和驻韩美军指挥官组成的《驻韩美军地位协定》（）联合委员会签署供地文件，韩方将为“萨德”基地再向美方供地万平方米。韩国一些“反萨德”民间团体对此进行了抗议，理由是环境保护。韩国官方和民间这样闹来闹去，是想将“萨德”转化为一个法律问题，掩人耳目，避开其事关地缘政治和东北亚安全问题的实质。;@后沙月光本尊;5136;薄荷糖1qaz;北京;给北边送10啊[doge];2023-01-15 20:45:11;0;8.804142343401807e-05;1;0
风闻社区;;0;4;16;33;韩国又闹“萨德”中国安全决不能由别人来决定后沙月光本尊：据韩联社日报道，关于驻韩美军“萨德”（）反导基地，预计韩国防部相关计划最早将于月内完成，届时将走完“萨德”在韩正式部署所需程序。根据去年月韩国外交部和驻韩美军指挥官组成的《驻韩美军地位协定》（）联合委员会签署供地文件，韩方将为“萨德”基地再向美方供地万平方米。韩国一些“反萨德”民间团体对此进行了抗议，理由是环境保护。韩国官方和民间这样闹来闹去，是想将“萨德”转化为一个法律问题，掩人耳目，避开其事关地缘政治和东北亚安全问题的实质。;@后沙月光本尊;434;疾风等劲草;其他;朝鲜也不会坐视不管吧;2023-01-17 13:28:58;0;8.804142343401807e-05;0;0
风闻社区;;0;4;16;33;韩国又闹“萨德”中国安全决不能由别人来决定后沙月光本尊：据韩联社日报道，关于驻韩美军“萨德”（）反导基地，预计韩国防部相关计划最早将于月内完成，届时将走完“萨德”在韩正式部署所需程序。根据去年月韩国外交部和驻韩美军指挥官组成的《驻韩美军地位协定》（）联合委员会签署供地文件，韩方将为“萨德”基地再向美方供地万平方米。韩国一些“反萨德”民间团体对此进行了抗议，理由是环境保护。韩国官方和民间这样闹来闹去，是想将“萨德”转化为一个法律问题，掩人耳目，避开其事关地缘政治和东北亚安全问题的实质。;@后沙月光本尊;1;Swalor233;江苏;对马穿行，仅此而已[笑cry][笑cry][笑cry];2023-01-16 08:56:33;0;8.804142343401807e-05;0;0
风闻社区;;0;4;16;33;韩国又闹“萨德”中国安全决不能由别人来决定后沙月光本尊：据韩联社日报道，关于驻韩美军“萨德”（）反导基地，预计韩国防部相关计划最早将于月内完成，届时将走完“萨德”在韩正式部署所需程序。根据去年月韩国外交部和驻韩美军指挥官组成的《驻韩美军地位协定》（）联合委员会签署供地文件，韩方将为“萨德”基地再向美方供地万平方米。韩国一些“反萨德”民间团体对此进行了抗议，理由是环境保护。韩国官方和民间这样闹来闹去，是想将“萨德”转化为一个法律问题，掩人耳目，避开其事关地缘政治和东北亚安全问题的实质。;@后沙月光本尊;251;展颜卿;其他;我比较想知道这方面我们会怎么反制[微笑];2023-01-15 23:12:17;0;8.804142343401807e-05;0;0
风闻社区;;0;4;16;33;韩国又闹“萨德”中国安全决不能由别人来决定后沙月光本尊：据韩联社日报道，关于驻韩美军“萨德”（）反导基地，预计韩国防部相关计划最早将于月内完成，届时将走完“萨德”在韩正式部署所需程序。根据去年月韩国外交部和驻韩美军指挥官组成的《驻韩美军地位协定》（）联合委员会签署供地文件，韩方将为“萨德”基地再向美方供地万平方米。韩国一些“反萨德”民间团体对此进行了抗议，理由是环境保护。韩国官方和民间这样闹来闹去，是想将“萨德”转化为一个法律问题，掩人耳目，避开其事关地缘政治和东北亚安全问题的实质。;@后沙月光本尊;410;70年chinatele-xs;江苏;咱们的地缘环境不是一般差[汗];2023-01-15 22:55:25;0;8.804142343401807e-05;0;0
风闻社区;;0;4;16;33;韩国又闹“萨德”中国安全决不能由别人来决定后沙月光本尊：据韩联社日报道，关于驻韩美军“萨德”（）反导基地，预计韩国防部相关计划最早将于月内完成，届时将走完“萨德”在韩正式部署所需程序。根据去年月韩国外交部和驻韩美军指挥官组成的《驻韩美军地位协定》（）联合委员会签署供地文件，韩方将为“萨德”基地再向美方供地万平方米。韩国一些“反萨德”民间团体对此进行了抗议，理由是环境保护。韩国官方和民间这样闹来闹去，是想将“萨德”转化为一个法律问题，掩人耳目，避开其事关地缘政治和东北亚安全问题的实质。;@后沙月光本尊;567;粕类要西;上海;布置萨德，韩国真的会更安全吗？[doge];2023-01-15 19:53:04;0;8.804142343401807e-05;0;0
风闻社区;;0;4;16;33;韩国又闹“萨德”中国安全决不能由别人来决定后沙月光本尊：据韩联社日报道，关于驻韩美军“萨德”（）反导基地，预计韩国防部相关计划最早将于月内完成，届时将走完“萨德”在韩正式部署所需程序。根据去年月韩国外交部和驻韩美军指挥官组成的《驻韩美军地位协定》（）联合委员会签署供地文件，韩方将为“萨德”基地再向美方供地万平方米。韩国一些“反萨德”民间团体对此进行了抗议，理由是环境保护。韩国官方和民间这样闹来闹去，是想将“萨德”转化为一个法律问题，掩人耳目，避开其事关地缘政治和东北亚安全问题的实质。;@后沙月光本尊;387;陈年老tang-new;北京;该炸就炸;2023-01-15 19:39:44;3;8.804142343401807e-05;0;0
风闻社区;;0;4;16;33;韩国又闹“萨德”中国安全决不能由别人来决定后沙月光本尊：据韩联社日报道，关于驻韩美军“萨德”（）反导基地，预计韩国防部相关计划最早将于月内完成，届时将走完“萨德”在韩正式部署所需程序。根据去年月韩国外交部和驻韩美军指挥官组成的《驻韩美军地位协定》（）联合委员会签署供地文件，韩方将为“萨德”基地再向美方供地万平方米。韩国一些“反萨德”民间团体对此进行了抗议，理由是环境保护。韩国官方和民间这样闹来闹去，是想将“萨德”转化为一个法律问题，掩人耳目，避开其事关地缘政治和东北亚安全问题的实质。;@后沙月光本尊;318;长江715;北京;主动发起第二次抗美援朝！;2023-01-15 19:45:37;0;8.804142343401807e-05;0;0
风闻社区;;0;4;16;33;韩国又闹“萨德”中国安全决不能由别人来决定后沙月光本尊：据韩联社日报道，关于驻韩美军“萨德”（）反导基地，预计韩国防部相关计划最早将于月内完成，届时将走完“萨德”在韩正式部署所需程序。根据去年月韩国外交部和驻韩美军指挥官组成的《驻韩美军地位协定》（）联合委员会签署供地文件，韩方将为“萨德”基地再向美方供地万平方米。韩国一些“反萨德”民间团体对此进行了抗议，理由是环境保护。韩国官方和民间这样闹来闹去，是想将“萨德”转化为一个法律问题，掩人耳目，避开其事关地缘政治和东北亚安全问题的实质。;@后沙月光本尊;1350;majumbo;山西;在中国的国家安全面前，韩国的主权算个屁~;2023-01-15 20:43:00;0;8.804142343401807e-05;0;0
风闻社区;;0;4;16;33;韩国又闹“萨德”中国安全决不能由别人来决定后沙月光本尊：据韩联社日报道，关于驻韩美军“萨德”（）反导基地，预计韩国防部相关计划最早将于月内完成，届时将走完“萨德”在韩正式部署所需程序。根据去年月韩国外交部和驻韩美军指挥官组成的《驻韩美军地位协定》（）联合委员会签署供地文件，韩方将为“萨德”基地再向美方供地万平方米。韩国一些“反萨德”民间团体对此进行了抗议，理由是环境保护。韩国官方和民间这样闹来闹去，是想将“萨德”转化为一个法律问题，掩人耳目，避开其事关地缘政治和东北亚安全问题的实质。;@后沙月光本尊;483;好吃不贵但会胖;新疆;俄罗斯已经打了样了，这要是真的，下手要快要狠不能再给机会和谈了;2023-01-15 19:56:03;3;8.804142343401807e-05;0;0
风闻社区;;0;4;16;33;韩国又闹“萨德”中国安全决不能由别人来决定后沙月光本尊：据韩联社日报道，关于驻韩美军“萨德”（）反导基地，预计韩国防部相关计划最早将于月内完成，届时将走完“萨德”在韩正式部署所需程序。根据去年月韩国外交部和驻韩美军指挥官组成的《驻韩美军地位协定》（）联合委员会签署供地文件，韩方将为“萨德”基地再向美方供地万平方米。韩国一些“反萨德”民间团体对此进行了抗议，理由是环境保护。韩国官方和民间这样闹来闹去，是想将“萨德”转化为一个法律问题，掩人耳目，避开其事关地缘政治和东北亚安全问题的实质。;@后沙月光本尊;4412;goodgaljan;其他;武装第一岛链哦，美国看来是真的要退到第二岛链后面了，让这些国家当炮灰呢……;2023-01-15 19:44:46;4;8.804142343401807e-05;0;0
合肥班长;安徽;0;0;10;10;肥西县产城融合示范区（花岗）最新卫星影像图，路网建设进度很快，随着紫云湖片区和滨湖西片区热点降温，肥西经开区供应宗地后优质地块减少，北雁湖供地难度大，年该片区可能会加大土地供应。;;63;稻草熊1012;安徽;繁华西厂房在拆迁;2023-01-15 18:13:57;0;0.0001919447117381;0;0
合肥班长;安徽;0;0;10;10;肥西县产城融合示范区（花岗）最新卫星影像图，路网建设进度很快，随着紫云湖片区和滨湖西片区热点降温，肥西经开区供应宗地后优质地块减少，北雁湖供地难度大，年该片区可能会加大土地供应。;;63;用心灵去旅行qwe;安徽;我咋没看到哪个厂房;2023-01-15 18:49:24;0;0.0001919447117381;1;0
合肥班长;安徽;0;0;10;10;肥西县产城融合示范区（花岗）最新卫星影像图，路网建设进度很快，随着紫云湖片区和滨湖西片区热点降温，肥西经开区供应宗地后优质地块减少，北雁湖供地难度大，年该片区可能会加大土地供应。;;154;A超人不会飞飞飞飞;安徽;离市区远;2023-01-15 15:45:17;0;0.0001919447117381;0;0
合肥班长;安徽;0;0;10;10;肥西县产城融合示范区（花岗）最新卫星影像图，路网建设进度很快，随着紫云湖片区和滨湖西片区热点降温，肥西经开区供应宗地后优质地块减少，北雁湖供地难度大，年该片区可能会加大土地供应。;;154;进击的茶业子;其他;你指的市里是庐阳区？那边人去政务滨湖多，本身离得就近;2023-01-15 21:23:35;0;0.0001919447117381;1;0
合肥班长;安徽;0;0;10;10;肥西县产城融合示范区（花岗）最新卫星影像图，路网建设进度很快，随着紫云湖片区和滨湖西片区热点降温，肥西经开区供应宗地后优质地块减少，北雁湖供地难度大，年该片区可能会加大土地供应。;;238;寂寞覆华殇;江苏;远离新站，拥抱肥西;2023-01-16 17:04:38;0;0.0001919447117381;0;0
合肥班长;安徽;0;0;10;10;肥西县产城融合示范区（花岗）最新卫星影像图，路网建设进度很快，随着紫云湖片区和滨湖西片区热点降温，肥西经开区供应宗地后优质地块减少，北雁湖供地难度大，年该片区可能会加大土地供应。;;188;ZZ观世界;安徽;花岗欢迎您;2023-01-15 12:54:51;0;0.0001919447117381;0;0
合肥班长;安徽;0;0;10;10;肥西县产城融合示范区（花岗）最新卫星影像图，路网建设进度很快，随着紫云湖片区和滨湖西片区热点降温，肥西经开区供应宗地后优质地块减少，北雁湖供地难度大，年该片区可能会加大土地供应。;;309;21cnzxb;安徽;先把地铁九号线安排上，地皮才好卖;2023-01-15 15:58:26;2;0.0001919447117381;0;0
中国水运报;;0;5;7;14;长三角一体化示范区重大建设项目三年行动计划（年）发布月日上午，长三角生态绿色一体化发展示范区新闻发布会在上海举办，上海市政府副秘书长、市发展改革委主任、长三角一体化示范区执委会主任顾军介绍了《长三角生态绿色一体化发展示范区重大建设项目三年行动计划（年）》（简称《行动计划》）有关情况。据介绍，《行动计划》聚焦“一厅三片”重点区域和生态环保、设施互通、产业创新、民生服务四大重点领域，明确开展项行动，共包括个项目。到年，一批生态环保、基础设施、科技创新、公共服务等凸显“五共”理念的重点项目落地，示范引领长三角地区更高质量一体化发展。在设施互通领域，实施轨道交通引领、区域道路连通、特色交通构建、数字智能支撑四项行动，共计个项目。沪苏湖高铁、上海号线西延伸将于年底建成通车，通苏嘉甬高铁、沪苏嘉城际铁路加快建设，轨道交通对示范区发展的带动作用将进一步发挥。在前期已经贯通的条跨省对接道路基础上，部分跨省对接道路工程也将进一步加速建设。在产业创新领域，《行动计划》提出，以打造绿色创新发展新高地为目标，实施创新平台共建、先进制造升级、文旅新经济培育、新型服务赋能四项行动。据悉，年长三角一体化示范区执委会将会同两省一市三级八方全面贯彻落实习近平总书记在深入推进长三角一体化发展座谈会上的重要讲话精神，坚持制度创新和项目建设双轮驱动，把长三角一体化发展宏伟蓝图在示范区转化为施工图、实景画，在为全国区域协调发展先行探路中交出更加优异的答卷。（全媒记者孙木子）;;7;天空里的一片云MM;江苏;[good][话筒][赞][微笑];2024-01-18 10:50:27;0;0.0145630947936165;0;0
中国水运报;;0;5;7;14;长三角一体化示范区重大建设项目三年行动计划（年）发布月日上午，长三角生态绿色一体化发展示范区新闻发布会在上海举办，上海市政府副秘书长、市发展改革委主任、长三角一体化示范区执委会主任顾军介绍了《长三角生态绿色一体化发展示范区重大建设项目三年行动计划（年）》（简称《行动计划》）有关情况。据介绍，《行动计划》聚焦“一厅三片”重点区域和生态环保、设施互通、产业创新、民生服务四大重点领域，明确开展项行动，共包括个项目。到年，一批生态环保、基础设施、科技创新、公共服务等凸显“五共”理念的重点项目落地，示范引领长三角地区更高质量一体化发展。在设施互通领域，实施轨道交通引领、区域道路连通、特色交通构建、数字智能支撑四项行动，共计个项目。沪苏湖高铁、上海号线西延伸将于年底建成通车，通苏嘉甬高铁、沪苏嘉城际铁路加快建设，轨道交通对示范区发展的带动作用将进一步发挥。在前期已经贯通的条跨省对接道路基础上，部分跨省对接道路工程也将进一步加速建设。在产业创新领域，《行动计划》提出，以打造绿色创新发展新高地为目标，实施创新平台共建、先进制造升级、文旅新经济培育、新型服务赋能四项行动。据悉，年长三角一体化示范区执委会将会同两省一市三级八方全面贯彻落实习近平总书记在深入推进长三角一体化发展座谈会上的重要讲话精神，坚持制度创新和项目建设双轮驱动，把长三角一体化发展宏伟蓝图在示范区转化为施工图、实景画，在为全国区域协调发展先行探路中交出更加优异的答卷。（全媒记者孙木子）;;7;天空里的一片云MM;江苏;[good][话筒][赞];2024-01-18 10:50:21;0;0.0145630947936165;0;0
中国水运报;;0;5;7;14;长三角一体化示范区重大建设项目三年行动计划（年）发布月日上午，长三角生态绿色一体化发展示范区新闻发布会在上海举办，上海市政府副秘书长、市发展改革委主任、长三角一体化示范区执委会主任顾军介绍了《长三角生态绿色一体化发展示范区重大建设项目三年行动计划（年）》（简称《行动计划》）有关情况。据介绍，《行动计划》聚焦“一厅三片”重点区域和生态环保、设施互通、产业创新、民生服务四大重点领域，明确开展项行动，共包括个项目。到年，一批生态环保、基础设施、科技创新、公共服务等凸显“五共”理念的重点项目落地，示范引领长三角地区更高质量一体化发展。在设施互通领域，实施轨道交通引领、区域道路连通、特色交通构建、数字智能支撑四项行动，共计个项目。沪苏湖高铁、上海号线西延伸将于年底建成通车，通苏嘉甬高铁、沪苏嘉城际铁路加快建设，轨道交通对示范区发展的带动作用将进一步发挥。在前期已经贯通的条跨省对接道路基础上，部分跨省对接道路工程也将进一步加速建设。在产业创新领域，《行动计划》提出，以打造绿色创新发展新高地为目标，实施创新平台共建、先进制造升级、文旅新经济培育、新型服务赋能四项行动。据悉，年长三角一体化示范区执委会将会同两省一市三级八方全面贯彻落实习近平总书记在深入推进长三角一体化发展座谈会上的重要讲话精神，坚持制度创新和项目建设双轮驱动，把长三角一体化发展宏伟蓝图在示范区转化为施工图、实景画，在为全国区域协调发展先行探路中交出更加优异的答卷。（全媒记者孙木子）;;7;天空里的一片云MM;江苏;[good];2024-01-18 10:50:17;0;0.0145630947936165;0;0
合肥高楼迷;安徽;0;1;16;19;安徽身边事这座皖西城市，怎么就“傍上”了合肥？安徽省会合肥，将要带动六安这个兄弟城市的发展。经国务院同意，国家发改委近日下发的相关文件显示，同意支持六安与合肥同城化发展。地处大别山北麓的六安，多年来经济发展水平在安徽省内处于中下游位置。与合肥的同城化，近年来被其视为发展的突破口。合肥与安徽省内的多个城市毗邻，但同城化发展，为什么选择了六安？为什么是六安六安别称“皋城”、“皖西”，是安徽省辖地级市，位于安徽省西部，湖北、河南、安徽三省交界处，毗邻省会合肥市，两城相距不到公里。截至年底，六安市常住人口万人。年，六安为亿元，在安徽个地级市中排第名。值得一提的是，六安位于大别山北麓，境内海拔米以上山峰多座、占大别山区的，山区达到以上。据了解，与省会合肥同城化发展，是国家支持大别山区域发展的重要政策，近期发布的《新时代大别山革命老区协同推进高质量发展实施方案》中就明确了六安与合肥同城化发展的政策。“与合肥的同城化，对六安而言是一种捆绑发展的策略，毫无疑问将提升城市的知名度，在招商引资等方面有不小作用。”中国社科院区域经济学研究员牛凤瑞告诉中国新闻周刊。除了上述原因，在不少业内专家看来，合肥与六安的同城化，与合肥寻找发展腹地息息相关。事实上，除了位于西部的六安，安徽东部、东南部几座与合肥接壤的城市，都是南京都市圈的成员。年月，国家发改委发布公告原则同意《南京都市圈发展规划》。在南京都市圈成员中，不仅包括江苏城市南京、镇江、扬州、淮安，还包括安徽城市芜湖、马鞍山、滁州和宣城。此外，安徽的蚌埠和淮南等城市也在申请加入南京都市圈。除了南京都市圈，在安徽省内，淮北的两座城市则加入了徐州都市圈。在年月，安徽北部的宿州市和淮北市，不约而同地在市政府官方微信平台发文称，安徽支持两市深度融入徐州都市圈。彼时，时任安徽省委常委、副省长的刘惠表示，皖北地区人口多、底子薄、基本公共服务历史欠账多，发展相对滞后。因此，安徽在区域联动方面将支持宿州、淮北深度融入徐州都市圈，推动省际毗邻地区探索一体化协同发展新机制，共同打造产城融合新城区。近日，最新编制的《合肥都市圈发展规划》已上报国家发改委。该规划显示，都市圈范围包括合肥市全域、淮南市的寿县、滁州市的定远县、六安市的金安区和舒城县、马鞍山市的含山县、芜湖市的无为市、安庆市的桐城市，总面积约万平方公里。不过，相比最初规划版本，目前合肥都市圈的范围，远远小于业界预期的。在牛凤瑞看来，都市圈范围的调整，意味着合肥将集中力量，带动上述区域发展。而入围合肥都市圈的六安的金安区和舒城县，也被认为是此次同城化重点发展的区域。安徽发改委副主任钟岚公开表示，年前三季度，合肥都市圈以占全省的面积和的人口，贡献了的地区生产总值、的进出口总额，集聚了近的新增高新技术企业和的新增外资企业。“六安山清水秀、建设空间（用地指标）潜力巨大，而合肥科教、行政（省会城市）资源丰富，合肥部分产业向六安转移可能性不小。”华东师范大学城市发展研究院院长曾刚对中国新闻周刊表示。虹吸风险作为中小城市，面对周边相对强势的大城市，如何避免被持续虹吸，一直都是业界探讨的焦点。曾刚告诉中国新闻周刊，大城市对周边中小城市是发挥虹吸，还是溢出作用，在很大程度上取决于区域所处的发展阶段和战略谋划方案。在工业化初期和中期，与中小城市相比，大城市在比较紧缺的基础设施配套、公共管理服务质量、对外交流合作通道建设等方面占有明显优势，一般加工业项目偏爱大城市，导致大城市对周边中小城市形成强烈的虹吸效应。他说，“到了工业化后期阶段，大城市与周边中小城市在基础设施、公共管理服务、对外交流合作通道等方面的差别不大，只要制定的城市发展战略科学合理，那么大中小城市就能取得的效果，中小城市也会享用更多的来自周边大城市的溢出效益。”年“六普”数据显示，六安市常住人口为万，到年底，六安市常住人口万人，与十二年前相比减少近万。而目前六安户籍人口万人，与常住人口相差约万人。由于毗邻，多年来六安一直是合肥人口迁入的第一大来源地。而为了配合同城化发展，两地交通便捷程度不断提升。年月，合肥发布消息称合六路工程的最后一个节点主体结构封顶，这也标志着工程项目主线实现全线贯通，主线道路很快将放行通车。届时，合肥、六安两市之间的联系将进一步加强。随着交通越来越便利，同城化又进一步促进两地的交流，六安是否可能进一步被虹吸？在曾刚看来，在同城化过程六安被合肥“虹吸”的风险不容小觑。为了避免合肥与六安发展差距的扩大，必须未雨绸缪，制定科学合理的同城化发展方案，适时采取有力措施，消除六安与合肥在公共服务方面的短板。他说，“合肥与六安等周边中小城市应该建立的是平等互动合作的伙伴关系，而非处理落后产能、外置低端城市功能的容器。”产业合作是关键除了公共服务等方面的合理布局规划，产业层面的合作，也被不少业内人士看作避免被虹吸的关键。“人口随着产业迁移，发展产业是留住常住人口极为关键的一点。”牛凤瑞分析。不少背靠大城市，在同城化中发展较好的城市，不少都受益于产业合作与供应链共享。多年来，广东的“广佛同城”持续、快速发展。佛山与广州的产业链，有着紧密配合。三大日系汽车品牌本田、丰田、日产在我国的主要生产基地，均在广州市内，而毗邻广州的佛山南海区，目前仅狮山镇就有整车及汽车零部件企业余家，涵盖了本田、丰田、日产三大汽车生产商的配件供应商。在总体布局上，形成了南海汽配、广州整车的产业格局。此前，六安在农业以及相关加工业层面，有一定优势。比如，茶产业已成为六安市最具区域特色的优势产业。而制定同城化战略后，六安也开始向合肥的产业结构靠拢。年月，六安出台了《电子信息发展三年行动计划（年）》，按照“五光示色”产业定位（“五”代表以技术为主的现代通信，“光”代表太阳能光伏，“示”代表新型显示，“色”代表电光源），打算利用毗邻合肥的区位优势，打造若干个电子信息产业集群。六安市经信局局长黄胜红最近公开表示，六安将智能电动汽车作为重要支柱产业，努力做好合肥新能源整车企业配套服务，力争进入合肥乃至全国新能源汽车供应链体系。据了解，六安市现有智能电动汽车配套企业家，其中一级配套企业户，二级配套企业户，三级配套企业户，年产值亿元，同比增长。在曾刚看来，合肥要发挥好辐射带动作用，还有多种模式可以探索。他说，“可以建立创新共同体，发挥合肥科教、人才资源以及六安等城市的生态环境、建设空间优势，通过建设跨区域科创平台、创新飞地等方式，推进跨区域政产学研用金一体化；此外，还可以建设跨地域产业集群，改革开发区管理机制，通过购买服务、委托经营等方式，引进高水平专业化园区管理公司，实现各市开发区的连锁管理，联合建设产业创新集群。”中国新闻周刊作者：赵越;#安徽身边事#;8;搬砖小程;其他;大别山区旅游业搞得不错;2024-01-15 12:27:44;1;0.0113016301964339;0;0
合肥高楼迷;安徽;0;1;16;19;安徽身边事这座皖西城市，怎么就“傍上”了合肥？安徽省会合肥，将要带动六安这个兄弟城市的发展。经国务院同意，国家发改委近日下发的相关文件显示，同意支持六安与合肥同城化发展。地处大别山北麓的六安，多年来经济发展水平在安徽省内处于中下游位置。与合肥的同城化，近年来被其视为发展的突破口。合肥与安徽省内的多个城市毗邻，但同城化发展，为什么选择了六安？为什么是六安六安别称“皋城”、“皖西”，是安徽省辖地级市，位于安徽省西部，湖北、河南、安徽三省交界处，毗邻省会合肥市，两城相距不到公里。截至年底，六安市常住人口万人。年，六安为亿元，在安徽个地级市中排第名。值得一提的是，六安位于大别山北麓，境内海拔米以上山峰多座、占大别山区的，山区达到以上。据了解，与省会合肥同城化发展，是国家支持大别山区域发展的重要政策，近期发布的《新时代大别山革命老区协同推进高质量发展实施方案》中就明确了六安与合肥同城化发展的政策。“与合肥的同城化，对六安而言是一种捆绑发展的策略，毫无疑问将提升城市的知名度，在招商引资等方面有不小作用。”中国社科院区域经济学研究员牛凤瑞告诉中国新闻周刊。除了上述原因，在不少业内专家看来，合肥与六安的同城化，与合肥寻找发展腹地息息相关。事实上，除了位于西部的六安，安徽东部、东南部几座与合肥接壤的城市，都是南京都市圈的成员。年月，国家发改委发布公告原则同意《南京都市圈发展规划》。在南京都市圈成员中，不仅包括江苏城市南京、镇江、扬州、淮安，还包括安徽城市芜湖、马鞍山、滁州和宣城。此外，安徽的蚌埠和淮南等城市也在申请加入南京都市圈。除了南京都市圈，在安徽省内，淮北的两座城市则加入了徐州都市圈。在年月，安徽北部的宿州市和淮北市，不约而同地在市政府官方微信平台发文称，安徽支持两市深度融入徐州都市圈。彼时，时任安徽省委常委、副省长的刘惠表示，皖北地区人口多、底子薄、基本公共服务历史欠账多，发展相对滞后。因此，安徽在区域联动方面将支持宿州、淮北深度融入徐州都市圈，推动省际毗邻地区探索一体化协同发展新机制，共同打造产城融合新城区。近日，最新编制的《合肥都市圈发展规划》已上报国家发改委。该规划显示，都市圈范围包括合肥市全域、淮南市的寿县、滁州市的定远县、六安市的金安区和舒城县、马鞍山市的含山县、芜湖市的无为市、安庆市的桐城市，总面积约万平方公里。不过，相比最初规划版本，目前合肥都市圈的范围，远远小于业界预期的。在牛凤瑞看来，都市圈范围的调整，意味着合肥将集中力量，带动上述区域发展。而入围合肥都市圈的六安的金安区和舒城县，也被认为是此次同城化重点发展的区域。安徽发改委副主任钟岚公开表示，年前三季度，合肥都市圈以占全省的面积和的人口，贡献了的地区生产总值、的进出口总额，集聚了近的新增高新技术企业和的新增外资企业。“六安山清水秀、建设空间（用地指标）潜力巨大，而合肥科教、行政（省会城市）资源丰富，合肥部分产业向六安转移可能性不小。”华东师范大学城市发展研究院院长曾刚对中国新闻周刊表示。虹吸风险作为中小城市，面对周边相对强势的大城市，如何避免被持续虹吸，一直都是业界探讨的焦点。曾刚告诉中国新闻周刊，大城市对周边中小城市是发挥虹吸，还是溢出作用，在很大程度上取决于区域所处的发展阶段和战略谋划方案。在工业化初期和中期，与中小城市相比，大城市在比较紧缺的基础设施配套、公共管理服务质量、对外交流合作通道建设等方面占有明显优势，一般加工业项目偏爱大城市，导致大城市对周边中小城市形成强烈的虹吸效应。他说，“到了工业化后期阶段，大城市与周边中小城市在基础设施、公共管理服务、对外交流合作通道等方面的差别不大，只要制定的城市发展战略科学合理，那么大中小城市就能取得的效果，中小城市也会享用更多的来自周边大城市的溢出效益。”年“六普”数据显示，六安市常住人口为万，到年底，六安市常住人口万人，与十二年前相比减少近万。而目前六安户籍人口万人，与常住人口相差约万人。由于毗邻，多年来六安一直是合肥人口迁入的第一大来源地。而为了配合同城化发展，两地交通便捷程度不断提升。年月，合肥发布消息称合六路工程的最后一个节点主体结构封顶，这也标志着工程项目主线实现全线贯通，主线道路很快将放行通车。届时，合肥、六安两市之间的联系将进一步加强。随着交通越来越便利，同城化又进一步促进两地的交流，六安是否可能进一步被虹吸？在曾刚看来，在同城化过程六安被合肥“虹吸”的风险不容小觑。为了避免合肥与六安发展差距的扩大，必须未雨绸缪，制定科学合理的同城化发展方案，适时采取有力措施，消除六安与合肥在公共服务方面的短板。他说，“合肥与六安等周边中小城市应该建立的是平等互动合作的伙伴关系，而非处理落后产能、外置低端城市功能的容器。”产业合作是关键除了公共服务等方面的合理布局规划，产业层面的合作，也被不少业内人士看作避免被虹吸的关键。“人口随着产业迁移，发展产业是留住常住人口极为关键的一点。”牛凤瑞分析。不少背靠大城市，在同城化中发展较好的城市，不少都受益于产业合作与供应链共享。多年来，广东的“广佛同城”持续、快速发展。佛山与广州的产业链，有着紧密配合。三大日系汽车品牌本田、丰田、日产在我国的主要生产基地，均在广州市内，而毗邻广州的佛山南海区，目前仅狮山镇就有整车及汽车零部件企业余家，涵盖了本田、丰田、日产三大汽车生产商的配件供应商。在总体布局上，形成了南海汽配、广州整车的产业格局。此前，六安在农业以及相关加工业层面，有一定优势。比如，茶产业已成为六安市最具区域特色的优势产业。而制定同城化战略后，六安也开始向合肥的产业结构靠拢。年月，六安出台了《电子信息发展三年行动计划（年）》，按照“五光示色”产业定位（“五”代表以技术为主的现代通信，“光”代表太阳能光伏，“示”代表新型显示，“色”代表电光源），打算利用毗邻合肥的区位优势，打造若干个电子信息产业集群。六安市经信局局长黄胜红最近公开表示，六安将智能电动汽车作为重要支柱产业，努力做好合肥新能源整车企业配套服务，力争进入合肥乃至全国新能源汽车供应链体系。据了解，六安市现有智能电动汽车配套企业家，其中一级配套企业户，二级配套企业户，三级配套企业户，年产值亿元，同比增长。在曾刚看来，合肥要发挥好辐射带动作用，还有多种模式可以探索。他说，“可以建立创新共同体，发挥合肥科教、人才资源以及六安等城市的生态环境、建设空间优势，通过建设跨区域科创平台、创新飞地等方式，推进跨区域政产学研用金一体化；此外，还可以建设跨地域产业集群，改革开发区管理机制，通过购买服务、委托经营等方式，引进高水平专业化园区管理公司，实现各市开发区的连锁管理，联合建设产业创新集群。”中国新闻周刊作者：赵越;#安徽身边事#;239461082;超话社区;北京;你好，你感兴趣的“安徽身边事”已开通了超话社区～ 超话社区是微博旗下兴趣互动社区，快来与志同道合的小伙伴们一起交流互动吧！ 戳我进入>> #安徽身边事[超话]#;2024-01-14 17:06:25;0;0.0113016301964339;0;0
合肥高楼迷;安徽;0;1;16;19;安徽身边事这座皖西城市，怎么就“傍上”了合肥？安徽省会合肥，将要带动六安这个兄弟城市的发展。经国务院同意，国家发改委近日下发的相关文件显示，同意支持六安与合肥同城化发展。地处大别山北麓的六安，多年来经济发展水平在安徽省内处于中下游位置。与合肥的同城化，近年来被其视为发展的突破口。合肥与安徽省内的多个城市毗邻，但同城化发展，为什么选择了六安？为什么是六安六安别称“皋城”、“皖西”，是安徽省辖地级市，位于安徽省西部，湖北、河南、安徽三省交界处，毗邻省会合肥市，两城相距不到公里。截至年底，六安市常住人口万人。年，六安为亿元，在安徽个地级市中排第名。值得一提的是，六安位于大别山北麓，境内海拔米以上山峰多座、占大别山区的，山区达到以上。据了解，与省会合肥同城化发展，是国家支持大别山区域发展的重要政策，近期发布的《新时代大别山革命老区协同推进高质量发展实施方案》中就明确了六安与合肥同城化发展的政策。“与合肥的同城化，对六安而言是一种捆绑发展的策略，毫无疑问将提升城市的知名度，在招商引资等方面有不小作用。”中国社科院区域经济学研究员牛凤瑞告诉中国新闻周刊。除了上述原因，在不少业内专家看来，合肥与六安的同城化，与合肥寻找发展腹地息息相关。事实上，除了位于西部的六安，安徽东部、东南部几座与合肥接壤的城市，都是南京都市圈的成员。年月，国家发改委发布公告原则同意《南京都市圈发展规划》。在南京都市圈成员中，不仅包括江苏城市南京、镇江、扬州、淮安，还包括安徽城市芜湖、马鞍山、滁州和宣城。此外，安徽的蚌埠和淮南等城市也在申请加入南京都市圈。除了南京都市圈，在安徽省内，淮北的两座城市则加入了徐州都市圈。在年月，安徽北部的宿州市和淮北市，不约而同地在市政府官方微信平台发文称，安徽支持两市深度融入徐州都市圈。彼时，时任安徽省委常委、副省长的刘惠表示，皖北地区人口多、底子薄、基本公共服务历史欠账多，发展相对滞后。因此，安徽在区域联动方面将支持宿州、淮北深度融入徐州都市圈，推动省际毗邻地区探索一体化协同发展新机制，共同打造产城融合新城区。近日，最新编制的《合肥都市圈发展规划》已上报国家发改委。该规划显示，都市圈范围包括合肥市全域、淮南市的寿县、滁州市的定远县、六安市的金安区和舒城县、马鞍山市的含山县、芜湖市的无为市、安庆市的桐城市，总面积约万平方公里。不过，相比最初规划版本，目前合肥都市圈的范围，远远小于业界预期的。在牛凤瑞看来，都市圈范围的调整，意味着合肥将集中力量，带动上述区域发展。而入围合肥都市圈的六安的金安区和舒城县，也被认为是此次同城化重点发展的区域。安徽发改委副主任钟岚公开表示，年前三季度，合肥都市圈以占全省的面积和的人口，贡献了的地区生产总值、的进出口总额，集聚了近的新增高新技术企业和的新增外资企业。“六安山清水秀、建设空间（用地指标）潜力巨大，而合肥科教、行政（省会城市）资源丰富，合肥部分产业向六安转移可能性不小。”华东师范大学城市发展研究院院长曾刚对中国新闻周刊表示。虹吸风险作为中小城市，面对周边相对强势的大城市，如何避免被持续虹吸，一直都是业界探讨的焦点。曾刚告诉中国新闻周刊，大城市对周边中小城市是发挥虹吸，还是溢出作用，在很大程度上取决于区域所处的发展阶段和战略谋划方案。在工业化初期和中期，与中小城市相比，大城市在比较紧缺的基础设施配套、公共管理服务质量、对外交流合作通道建设等方面占有明显优势，一般加工业项目偏爱大城市，导致大城市对周边中小城市形成强烈的虹吸效应。他说，“到了工业化后期阶段，大城市与周边中小城市在基础设施、公共管理服务、对外交流合作通道等方面的差别不大，只要制定的城市发展战略科学合理，那么大中小城市就能取得的效果，中小城市也会享用更多的来自周边大城市的溢出效益。”年“六普”数据显示，六安市常住人口为万，到年底，六安市常住人口万人，与十二年前相比减少近万。而目前六安户籍人口万人，与常住人口相差约万人。由于毗邻，多年来六安一直是合肥人口迁入的第一大来源地。而为了配合同城化发展，两地交通便捷程度不断提升。年月，合肥发布消息称合六路工程的最后一个节点主体结构封顶，这也标志着工程项目主线实现全线贯通，主线道路很快将放行通车。届时，合肥、六安两市之间的联系将进一步加强。随着交通越来越便利，同城化又进一步促进两地的交流，六安是否可能进一步被虹吸？在曾刚看来，在同城化过程六安被合肥“虹吸”的风险不容小觑。为了避免合肥与六安发展差距的扩大，必须未雨绸缪，制定科学合理的同城化发展方案，适时采取有力措施，消除六安与合肥在公共服务方面的短板。他说，“合肥与六安等周边中小城市应该建立的是平等互动合作的伙伴关系，而非处理落后产能、外置低端城市功能的容器。”产业合作是关键除了公共服务等方面的合理布局规划，产业层面的合作，也被不少业内人士看作避免被虹吸的关键。“人口随着产业迁移，发展产业是留住常住人口极为关键的一点。”牛凤瑞分析。不少背靠大城市，在同城化中发展较好的城市，不少都受益于产业合作与供应链共享。多年来，广东的“广佛同城”持续、快速发展。佛山与广州的产业链，有着紧密配合。三大日系汽车品牌本田、丰田、日产在我国的主要生产基地，均在广州市内，而毗邻广州的佛山南海区，目前仅狮山镇就有整车及汽车零部件企业余家，涵盖了本田、丰田、日产三大汽车生产商的配件供应商。在总体布局上，形成了南海汽配、广州整车的产业格局。此前，六安在农业以及相关加工业层面，有一定优势。比如，茶产业已成为六安市最具区域特色的优势产业。而制定同城化战略后，六安也开始向合肥的产业结构靠拢。年月，六安出台了《电子信息发展三年行动计划（年）》，按照“五光示色”产业定位（“五”代表以技术为主的现代通信，“光”代表太阳能光伏，“示”代表新型显示，“色”代表电光源），打算利用毗邻合肥的区位优势，打造若干个电子信息产业集群。六安市经信局局长黄胜红最近公开表示，六安将智能电动汽车作为重要支柱产业，努力做好合肥新能源整车企业配套服务，力争进入合肥乃至全国新能源汽车供应链体系。据了解，六安市现有智能电动汽车配套企业家，其中一级配套企业户，二级配套企业户，三级配套企业户，年产值亿元，同比增长。在曾刚看来，合肥要发挥好辐射带动作用，还有多种模式可以探索。他说，“可以建立创新共同体，发挥合肥科教、人才资源以及六安等城市的生态环境、建设空间优势，通过建设跨区域科创平台、创新飞地等方式，推进跨区域政产学研用金一体化；此外，还可以建设跨地域产业集群，改革开发区管理机制，通过购买服务、委托经营等方式，引进高水平专业化园区管理公司，实现各市开发区的连锁管理，联合建设产业创新集群。”中国新闻周刊作者：赵越;#安徽身边事#;135;星空下的闪耀光;安徽;因为就这一个小弟[doge];2024-01-14 19:00:53;5;0.0113016301964339;0;0
合肥高楼迷;安徽;0;1;16;19;安徽身边事这座皖西城市，怎么就“傍上”了合肥？安徽省会合肥，将要带动六安这个兄弟城市的发展。经国务院同意，国家发改委近日下发的相关文件显示，同意支持六安与合肥同城化发展。地处大别山北麓的六安，多年来经济发展水平在安徽省内处于中下游位置。与合肥的同城化，近年来被其视为发展的突破口。合肥与安徽省内的多个城市毗邻，但同城化发展，为什么选择了六安？为什么是六安六安别称“皋城”、“皖西”，是安徽省辖地级市，位于安徽省西部，湖北、河南、安徽三省交界处，毗邻省会合肥市，两城相距不到公里。截至年底，六安市常住人口万人。年，六安为亿元，在安徽个地级市中排第名。值得一提的是，六安位于大别山北麓，境内海拔米以上山峰多座、占大别山区的，山区达到以上。据了解，与省会合肥同城化发展，是国家支持大别山区域发展的重要政策，近期发布的《新时代大别山革命老区协同推进高质量发展实施方案》中就明确了六安与合肥同城化发展的政策。“与合肥的同城化，对六安而言是一种捆绑发展的策略，毫无疑问将提升城市的知名度，在招商引资等方面有不小作用。”中国社科院区域经济学研究员牛凤瑞告诉中国新闻周刊。除了上述原因，在不少业内专家看来，合肥与六安的同城化，与合肥寻找发展腹地息息相关。事实上，除了位于西部的六安，安徽东部、东南部几座与合肥接壤的城市，都是南京都市圈的成员。年月，国家发改委发布公告原则同意《南京都市圈发展规划》。在南京都市圈成员中，不仅包括江苏城市南京、镇江、扬州、淮安，还包括安徽城市芜湖、马鞍山、滁州和宣城。此外，安徽的蚌埠和淮南等城市也在申请加入南京都市圈。除了南京都市圈，在安徽省内，淮北的两座城市则加入了徐州都市圈。在年月，安徽北部的宿州市和淮北市，不约而同地在市政府官方微信平台发文称，安徽支持两市深度融入徐州都市圈。彼时，时任安徽省委常委、副省长的刘惠表示，皖北地区人口多、底子薄、基本公共服务历史欠账多，发展相对滞后。因此，安徽在区域联动方面将支持宿州、淮北深度融入徐州都市圈，推动省际毗邻地区探索一体化协同发展新机制，共同打造产城融合新城区。近日，最新编制的《合肥都市圈发展规划》已上报国家发改委。该规划显示，都市圈范围包括合肥市全域、淮南市的寿县、滁州市的定远县、六安市的金安区和舒城县、马鞍山市的含山县、芜湖市的无为市、安庆市的桐城市，总面积约万平方公里。不过，相比最初规划版本，目前合肥都市圈的范围，远远小于业界预期的。在牛凤瑞看来，都市圈范围的调整，意味着合肥将集中力量，带动上述区域发展。而入围合肥都市圈的六安的金安区和舒城县，也被认为是此次同城化重点发展的区域。安徽发改委副主任钟岚公开表示，年前三季度，合肥都市圈以占全省的面积和的人口，贡献了的地区生产总值、的进出口总额，集聚了近的新增高新技术企业和的新增外资企业。“六安山清水秀、建设空间（用地指标）潜力巨大，而合肥科教、行政（省会城市）资源丰富，合肥部分产业向六安转移可能性不小。”华东师范大学城市发展研究院院长曾刚对中国新闻周刊表示。虹吸风险作为中小城市，面对周边相对强势的大城市，如何避免被持续虹吸，一直都是业界探讨的焦点。曾刚告诉中国新闻周刊，大城市对周边中小城市是发挥虹吸，还是溢出作用，在很大程度上取决于区域所处的发展阶段和战略谋划方案。在工业化初期和中期，与中小城市相比，大城市在比较紧缺的基础设施配套、公共管理服务质量、对外交流合作通道建设等方面占有明显优势，一般加工业项目偏爱大城市，导致大城市对周边中小城市形成强烈的虹吸效应。他说，“到了工业化后期阶段，大城市与周边中小城市在基础设施、公共管理服务、对外交流合作通道等方面的差别不大，只要制定的城市发展战略科学合理，那么大中小城市就能取得的效果，中小城市也会享用更多的来自周边大城市的溢出效益。”年“六普”数据显示，六安市常住人口为万，到年底，六安市常住人口万人，与十二年前相比减少近万。而目前六安户籍人口万人，与常住人口相差约万人。由于毗邻，多年来六安一直是合肥人口迁入的第一大来源地。而为了配合同城化发展，两地交通便捷程度不断提升。年月，合肥发布消息称合六路工程的最后一个节点主体结构封顶，这也标志着工程项目主线实现全线贯通，主线道路很快将放行通车。届时，合肥、六安两市之间的联系将进一步加强。随着交通越来越便利，同城化又进一步促进两地的交流，六安是否可能进一步被虹吸？在曾刚看来，在同城化过程六安被合肥“虹吸”的风险不容小觑。为了避免合肥与六安发展差距的扩大，必须未雨绸缪，制定科学合理的同城化发展方案，适时采取有力措施，消除六安与合肥在公共服务方面的短板。他说，“合肥与六安等周边中小城市应该建立的是平等互动合作的伙伴关系，而非处理落后产能、外置低端城市功能的容器。”产业合作是关键除了公共服务等方面的合理布局规划，产业层面的合作，也被不少业内人士看作避免被虹吸的关键。“人口随着产业迁移，发展产业是留住常住人口极为关键的一点。”牛凤瑞分析。不少背靠大城市，在同城化中发展较好的城市，不少都受益于产业合作与供应链共享。多年来，广东的“广佛同城”持续、快速发展。佛山与广州的产业链，有着紧密配合。三大日系汽车品牌本田、丰田、日产在我国的主要生产基地，均在广州市内，而毗邻广州的佛山南海区，目前仅狮山镇就有整车及汽车零部件企业余家，涵盖了本田、丰田、日产三大汽车生产商的配件供应商。在总体布局上，形成了南海汽配、广州整车的产业格局。此前，六安在农业以及相关加工业层面，有一定优势。比如，茶产业已成为六安市最具区域特色的优势产业。而制定同城化战略后，六安也开始向合肥的产业结构靠拢。年月，六安出台了《电子信息发展三年行动计划（年）》，按照“五光示色”产业定位（“五”代表以技术为主的现代通信，“光”代表太阳能光伏，“示”代表新型显示，“色”代表电光源），打算利用毗邻合肥的区位优势，打造若干个电子信息产业集群。六安市经信局局长黄胜红最近公开表示，六安将智能电动汽车作为重要支柱产业，努力做好合肥新能源整车企业配套服务，力争进入合肥乃至全国新能源汽车供应链体系。据了解，六安市现有智能电动汽车配套企业家，其中一级配套企业户，二级配套企业户，三级配套企业户，年产值亿元，同比增长。在曾刚看来，合肥要发挥好辐射带动作用，还有多种模式可以探索。他说，“可以建立创新共同体，发挥合肥科教、人才资源以及六安等城市的生态环境、建设空间优势，通过建设跨区域科创平台、创新飞地等方式，推进跨区域政产学研用金一体化；此外，还可以建设跨地域产业集群，改革开发区管理机制，通过购买服务、委托经营等方式，引进高水平专业化园区管理公司，实现各市开发区的连锁管理，联合建设产业创新集群。”中国新闻周刊作者：赵越;#安徽身边事#;4;循证看世界;其他;六安旅游资源非常丰富。绝对是有潜力做下一个爆款的。;2024-01-14 19:08:37;2;0.0113016301964339;0;0
合肥高楼迷;安徽;0;1;16;19;安徽身边事这座皖西城市，怎么就“傍上”了合肥？安徽省会合肥，将要带动六安这个兄弟城市的发展。经国务院同意，国家发改委近日下发的相关文件显示，同意支持六安与合肥同城化发展。地处大别山北麓的六安，多年来经济发展水平在安徽省内处于中下游位置。与合肥的同城化，近年来被其视为发展的突破口。合肥与安徽省内的多个城市毗邻，但同城化发展，为什么选择了六安？为什么是六安六安别称“皋城”、“皖西”，是安徽省辖地级市，位于安徽省西部，湖北、河南、安徽三省交界处，毗邻省会合肥市，两城相距不到公里。截至年底，六安市常住人口万人。年，六安为亿元，在安徽个地级市中排第名。值得一提的是，六安位于大别山北麓，境内海拔米以上山峰多座、占大别山区的，山区达到以上。据了解，与省会合肥同城化发展，是国家支持大别山区域发展的重要政策，近期发布的《新时代大别山革命老区协同推进高质量发展实施方案》中就明确了六安与合肥同城化发展的政策。“与合肥的同城化，对六安而言是一种捆绑发展的策略，毫无疑问将提升城市的知名度，在招商引资等方面有不小作用。”中国社科院区域经济学研究员牛凤瑞告诉中国新闻周刊。除了上述原因，在不少业内专家看来，合肥与六安的同城化，与合肥寻找发展腹地息息相关。事实上，除了位于西部的六安，安徽东部、东南部几座与合肥接壤的城市，都是南京都市圈的成员。年月，国家发改委发布公告原则同意《南京都市圈发展规划》。在南京都市圈成员中，不仅包括江苏城市南京、镇江、扬州、淮安，还包括安徽城市芜湖、马鞍山、滁州和宣城。此外，安徽的蚌埠和淮南等城市也在申请加入南京都市圈。除了南京都市圈，在安徽省内，淮北的两座城市则加入了徐州都市圈。在年月，安徽北部的宿州市和淮北市，不约而同地在市政府官方微信平台发文称，安徽支持两市深度融入徐州都市圈。彼时，时任安徽省委常委、副省长的刘惠表示，皖北地区人口多、底子薄、基本公共服务历史欠账多，发展相对滞后。因此，安徽在区域联动方面将支持宿州、淮北深度融入徐州都市圈，推动省际毗邻地区探索一体化协同发展新机制，共同打造产城融合新城区。近日，最新编制的《合肥都市圈发展规划》已上报国家发改委。该规划显示，都市圈范围包括合肥市全域、淮南市的寿县、滁州市的定远县、六安市的金安区和舒城县、马鞍山市的含山县、芜湖市的无为市、安庆市的桐城市，总面积约万平方公里。不过，相比最初规划版本，目前合肥都市圈的范围，远远小于业界预期的。在牛凤瑞看来，都市圈范围的调整，意味着合肥将集中力量，带动上述区域发展。而入围合肥都市圈的六安的金安区和舒城县，也被认为是此次同城化重点发展的区域。安徽发改委副主任钟岚公开表示，年前三季度，合肥都市圈以占全省的面积和的人口，贡献了的地区生产总值、的进出口总额，集聚了近的新增高新技术企业和的新增外资企业。“六安山清水秀、建设空间（用地指标）潜力巨大，而合肥科教、行政（省会城市）资源丰富，合肥部分产业向六安转移可能性不小。”华东师范大学城市发展研究院院长曾刚对中国新闻周刊表示。虹吸风险作为中小城市，面对周边相对强势的大城市，如何避免被持续虹吸，一直都是业界探讨的焦点。曾刚告诉中国新闻周刊，大城市对周边中小城市是发挥虹吸，还是溢出作用，在很大程度上取决于区域所处的发展阶段和战略谋划方案。在工业化初期和中期，与中小城市相比，大城市在比较紧缺的基础设施配套、公共管理服务质量、对外交流合作通道建设等方面占有明显优势，一般加工业项目偏爱大城市，导致大城市对周边中小城市形成强烈的虹吸效应。他说，“到了工业化后期阶段，大城市与周边中小城市在基础设施、公共管理服务、对外交流合作通道等方面的差别不大，只要制定的城市发展战略科学合理，那么大中小城市就能取得的效果，中小城市也会享用更多的来自周边大城市的溢出效益。”年“六普”数据显示，六安市常住人口为万，到年底，六安市常住人口万人，与十二年前相比减少近万。而目前六安户籍人口万人，与常住人口相差约万人。由于毗邻，多年来六安一直是合肥人口迁入的第一大来源地。而为了配合同城化发展，两地交通便捷程度不断提升。年月，合肥发布消息称合六路工程的最后一个节点主体结构封顶，这也标志着工程项目主线实现全线贯通，主线道路很快将放行通车。届时，合肥、六安两市之间的联系将进一步加强。随着交通越来越便利，同城化又进一步促进两地的交流，六安是否可能进一步被虹吸？在曾刚看来，在同城化过程六安被合肥“虹吸”的风险不容小觑。为了避免合肥与六安发展差距的扩大，必须未雨绸缪，制定科学合理的同城化发展方案，适时采取有力措施，消除六安与合肥在公共服务方面的短板。他说，“合肥与六安等周边中小城市应该建立的是平等互动合作的伙伴关系，而非处理落后产能、外置低端城市功能的容器。”产业合作是关键除了公共服务等方面的合理布局规划，产业层面的合作，也被不少业内人士看作避免被虹吸的关键。“人口随着产业迁移，发展产业是留住常住人口极为关键的一点。”牛凤瑞分析。不少背靠大城市，在同城化中发展较好的城市，不少都受益于产业合作与供应链共享。多年来，广东的“广佛同城”持续、快速发展。佛山与广州的产业链，有着紧密配合。三大日系汽车品牌本田、丰田、日产在我国的主要生产基地，均在广州市内，而毗邻广州的佛山南海区，目前仅狮山镇就有整车及汽车零部件企业余家，涵盖了本田、丰田、日产三大汽车生产商的配件供应商。在总体布局上，形成了南海汽配、广州整车的产业格局。此前，六安在农业以及相关加工业层面，有一定优势。比如，茶产业已成为六安市最具区域特色的优势产业。而制定同城化战略后，六安也开始向合肥的产业结构靠拢。年月，六安出台了《电子信息发展三年行动计划（年）》，按照“五光示色”产业定位（“五”代表以技术为主的现代通信，“光”代表太阳能光伏，“示”代表新型显示，“色”代表电光源），打算利用毗邻合肥的区位优势，打造若干个电子信息产业集群。六安市经信局局长黄胜红最近公开表示，六安将智能电动汽车作为重要支柱产业，努力做好合肥新能源整车企业配套服务，力争进入合肥乃至全国新能源汽车供应链体系。据了解，六安市现有智能电动汽车配套企业家，其中一级配套企业户，二级配套企业户，三级配套企业户，年产值亿元，同比增长。在曾刚看来，合肥要发挥好辐射带动作用，还有多种模式可以探索。他说，“可以建立创新共同体，发挥合肥科教、人才资源以及六安等城市的生态环境、建设空间优势，通过建设跨区域科创平台、创新飞地等方式，推进跨区域政产学研用金一体化；此外，还可以建设跨地域产业集群，改革开发区管理机制，通过购买服务、委托经营等方式，引进高水平专业化园区管理公司，实现各市开发区的连锁管理，联合建设产业创新集群。”中国新闻周刊作者：赵越;#安徽身边事#;4;一眼千年01;其他;真正的合肥后花园;2024-01-14 21:22:06;0;0.0113016301964339;1;0
合肥高楼迷;安徽;0;1;16;19;安徽身边事这座皖西城市，怎么就“傍上”了合肥？安徽省会合肥，将要带动六安这个兄弟城市的发展。经国务院同意，国家发改委近日下发的相关文件显示，同意支持六安与合肥同城化发展。地处大别山北麓的六安，多年来经济发展水平在安徽省内处于中下游位置。与合肥的同城化，近年来被其视为发展的突破口。合肥与安徽省内的多个城市毗邻，但同城化发展，为什么选择了六安？为什么是六安六安别称“皋城”、“皖西”，是安徽省辖地级市，位于安徽省西部，湖北、河南、安徽三省交界处，毗邻省会合肥市，两城相距不到公里。截至年底，六安市常住人口万人。年，六安为亿元，在安徽个地级市中排第名。值得一提的是，六安位于大别山北麓，境内海拔米以上山峰多座、占大别山区的，山区达到以上。据了解，与省会合肥同城化发展，是国家支持大别山区域发展的重要政策，近期发布的《新时代大别山革命老区协同推进高质量发展实施方案》中就明确了六安与合肥同城化发展的政策。“与合肥的同城化，对六安而言是一种捆绑发展的策略，毫无疑问将提升城市的知名度，在招商引资等方面有不小作用。”中国社科院区域经济学研究员牛凤瑞告诉中国新闻周刊。除了上述原因，在不少业内专家看来，合肥与六安的同城化，与合肥寻找发展腹地息息相关。事实上，除了位于西部的六安，安徽东部、东南部几座与合肥接壤的城市，都是南京都市圈的成员。年月，国家发改委发布公告原则同意《南京都市圈发展规划》。在南京都市圈成员中，不仅包括江苏城市南京、镇江、扬州、淮安，还包括安徽城市芜湖、马鞍山、滁州和宣城。此外，安徽的蚌埠和淮南等城市也在申请加入南京都市圈。除了南京都市圈，在安徽省内，淮北的两座城市则加入了徐州都市圈。在年月，安徽北部的宿州市和淮北市，不约而同地在市政府官方微信平台发文称，安徽支持两市深度融入徐州都市圈。彼时，时任安徽省委常委、副省长的刘惠表示，皖北地区人口多、底子薄、基本公共服务历史欠账多，发展相对滞后。因此，安徽在区域联动方面将支持宿州、淮北深度融入徐州都市圈，推动省际毗邻地区探索一体化协同发展新机制，共同打造产城融合新城区。近日，最新编制的《合肥都市圈发展规划》已上报国家发改委。该规划显示，都市圈范围包括合肥市全域、淮南市的寿县、滁州市的定远县、六安市的金安区和舒城县、马鞍山市的含山县、芜湖市的无为市、安庆市的桐城市，总面积约万平方公里。不过，相比最初规划版本，目前合肥都市圈的范围，远远小于业界预期的。在牛凤瑞看来，都市圈范围的调整，意味着合肥将集中力量，带动上述区域发展。而入围合肥都市圈的六安的金安区和舒城县，也被认为是此次同城化重点发展的区域。安徽发改委副主任钟岚公开表示，年前三季度，合肥都市圈以占全省的面积和的人口，贡献了的地区生产总值、的进出口总额，集聚了近的新增高新技术企业和的新增外资企业。“六安山清水秀、建设空间（用地指标）潜力巨大，而合肥科教、行政（省会城市）资源丰富，合肥部分产业向六安转移可能性不小。”华东师范大学城市发展研究院院长曾刚对中国新闻周刊表示。虹吸风险作为中小城市，面对周边相对强势的大城市，如何避免被持续虹吸，一直都是业界探讨的焦点。曾刚告诉中国新闻周刊，大城市对周边中小城市是发挥虹吸，还是溢出作用，在很大程度上取决于区域所处的发展阶段和战略谋划方案。在工业化初期和中期，与中小城市相比，大城市在比较紧缺的基础设施配套、公共管理服务质量、对外交流合作通道建设等方面占有明显优势，一般加工业项目偏爱大城市，导致大城市对周边中小城市形成强烈的虹吸效应。他说，“到了工业化后期阶段，大城市与周边中小城市在基础设施、公共管理服务、对外交流合作通道等方面的差别不大，只要制定的城市发展战略科学合理，那么大中小城市就能取得的效果，中小城市也会享用更多的来自周边大城市的溢出效益。”年“六普”数据显示，六安市常住人口为万，到年底，六安市常住人口万人，与十二年前相比减少近万。而目前六安户籍人口万人，与常住人口相差约万人。由于毗邻，多年来六安一直是合肥人口迁入的第一大来源地。而为了配合同城化发展，两地交通便捷程度不断提升。年月，合肥发布消息称合六路工程的最后一个节点主体结构封顶，这也标志着工程项目主线实现全线贯通，主线道路很快将放行通车。届时，合肥、六安两市之间的联系将进一步加强。随着交通越来越便利，同城化又进一步促进两地的交流，六安是否可能进一步被虹吸？在曾刚看来，在同城化过程六安被合肥“虹吸”的风险不容小觑。为了避免合肥与六安发展差距的扩大，必须未雨绸缪，制定科学合理的同城化发展方案，适时采取有力措施，消除六安与合肥在公共服务方面的短板。他说，“合肥与六安等周边中小城市应该建立的是平等互动合作的伙伴关系，而非处理落后产能、外置低端城市功能的容器。”产业合作是关键除了公共服务等方面的合理布局规划，产业层面的合作，也被不少业内人士看作避免被虹吸的关键。“人口随着产业迁移，发展产业是留住常住人口极为关键的一点。”牛凤瑞分析。不少背靠大城市，在同城化中发展较好的城市，不少都受益于产业合作与供应链共享。多年来，广东的“广佛同城”持续、快速发展。佛山与广州的产业链，有着紧密配合。三大日系汽车品牌本田、丰田、日产在我国的主要生产基地，均在广州市内，而毗邻广州的佛山南海区，目前仅狮山镇就有整车及汽车零部件企业余家，涵盖了本田、丰田、日产三大汽车生产商的配件供应商。在总体布局上，形成了南海汽配、广州整车的产业格局。此前，六安在农业以及相关加工业层面，有一定优势。比如，茶产业已成为六安市最具区域特色的优势产业。而制定同城化战略后，六安也开始向合肥的产业结构靠拢。年月，六安出台了《电子信息发展三年行动计划（年）》，按照“五光示色”产业定位（“五”代表以技术为主的现代通信，“光”代表太阳能光伏，“示”代表新型显示，“色”代表电光源），打算利用毗邻合肥的区位优势，打造若干个电子信息产业集群。六安市经信局局长黄胜红最近公开表示，六安将智能电动汽车作为重要支柱产业，努力做好合肥新能源整车企业配套服务，力争进入合肥乃至全国新能源汽车供应链体系。据了解，六安市现有智能电动汽车配套企业家，其中一级配套企业户，二级配套企业户，三级配套企业户，年产值亿元，同比增长。在曾刚看来，合肥要发挥好辐射带动作用，还有多种模式可以探索。他说，“可以建立创新共同体，发挥合肥科教、人才资源以及六安等城市的生态环境、建设空间优势，通过建设跨区域科创平台、创新飞地等方式，推进跨区域政产学研用金一体化；此外，还可以建设跨地域产业集群，改革开发区管理机制，通过购买服务、委托经营等方式，引进高水平专业化园区管理公司，实现各市开发区的连锁管理，联合建设产业创新集群。”中国新闻周刊作者：赵越;#安徽身边事#;5;一眼千年01;其他;毗邻合肥最近最大的地级市，没有理由不同城化发展;2024-01-14 18:02:19;2;0.0113016301964339;0;0
合肥高楼迷;安徽;0;1;16;19;安徽身边事这座皖西城市，怎么就“傍上”了合肥？安徽省会合肥，将要带动六安这个兄弟城市的发展。经国务院同意，国家发改委近日下发的相关文件显示，同意支持六安与合肥同城化发展。地处大别山北麓的六安，多年来经济发展水平在安徽省内处于中下游位置。与合肥的同城化，近年来被其视为发展的突破口。合肥与安徽省内的多个城市毗邻，但同城化发展，为什么选择了六安？为什么是六安六安别称“皋城”、“皖西”，是安徽省辖地级市，位于安徽省西部，湖北、河南、安徽三省交界处，毗邻省会合肥市，两城相距不到公里。截至年底，六安市常住人口万人。年，六安为亿元，在安徽个地级市中排第名。值得一提的是，六安位于大别山北麓，境内海拔米以上山峰多座、占大别山区的，山区达到以上。据了解，与省会合肥同城化发展，是国家支持大别山区域发展的重要政策，近期发布的《新时代大别山革命老区协同推进高质量发展实施方案》中就明确了六安与合肥同城化发展的政策。“与合肥的同城化，对六安而言是一种捆绑发展的策略，毫无疑问将提升城市的知名度，在招商引资等方面有不小作用。”中国社科院区域经济学研究员牛凤瑞告诉中国新闻周刊。除了上述原因，在不少业内专家看来，合肥与六安的同城化，与合肥寻找发展腹地息息相关。事实上，除了位于西部的六安，安徽东部、东南部几座与合肥接壤的城市，都是南京都市圈的成员。年月，国家发改委发布公告原则同意《南京都市圈发展规划》。在南京都市圈成员中，不仅包括江苏城市南京、镇江、扬州、淮安，还包括安徽城市芜湖、马鞍山、滁州和宣城。此外，安徽的蚌埠和淮南等城市也在申请加入南京都市圈。除了南京都市圈，在安徽省内，淮北的两座城市则加入了徐州都市圈。在年月，安徽北部的宿州市和淮北市，不约而同地在市政府官方微信平台发文称，安徽支持两市深度融入徐州都市圈。彼时，时任安徽省委常委、副省长的刘惠表示，皖北地区人口多、底子薄、基本公共服务历史欠账多，发展相对滞后。因此，安徽在区域联动方面将支持宿州、淮北深度融入徐州都市圈，推动省际毗邻地区探索一体化协同发展新机制，共同打造产城融合新城区。近日，最新编制的《合肥都市圈发展规划》已上报国家发改委。该规划显示，都市圈范围包括合肥市全域、淮南市的寿县、滁州市的定远县、六安市的金安区和舒城县、马鞍山市的含山县、芜湖市的无为市、安庆市的桐城市，总面积约万平方公里。不过，相比最初规划版本，目前合肥都市圈的范围，远远小于业界预期的。在牛凤瑞看来，都市圈范围的调整，意味着合肥将集中力量，带动上述区域发展。而入围合肥都市圈的六安的金安区和舒城县，也被认为是此次同城化重点发展的区域。安徽发改委副主任钟岚公开表示，年前三季度，合肥都市圈以占全省的面积和的人口，贡献了的地区生产总值、的进出口总额，集聚了近的新增高新技术企业和的新增外资企业。“六安山清水秀、建设空间（用地指标）潜力巨大，而合肥科教、行政（省会城市）资源丰富，合肥部分产业向六安转移可能性不小。”华东师范大学城市发展研究院院长曾刚对中国新闻周刊表示。虹吸风险作为中小城市，面对周边相对强势的大城市，如何避免被持续虹吸，一直都是业界探讨的焦点。曾刚告诉中国新闻周刊，大城市对周边中小城市是发挥虹吸，还是溢出作用，在很大程度上取决于区域所处的发展阶段和战略谋划方案。在工业化初期和中期，与中小城市相比，大城市在比较紧缺的基础设施配套、公共管理服务质量、对外交流合作通道建设等方面占有明显优势，一般加工业项目偏爱大城市，导致大城市对周边中小城市形成强烈的虹吸效应。他说，“到了工业化后期阶段，大城市与周边中小城市在基础设施、公共管理服务、对外交流合作通道等方面的差别不大，只要制定的城市发展战略科学合理，那么大中小城市就能取得的效果，中小城市也会享用更多的来自周边大城市的溢出效益。”年“六普”数据显示，六安市常住人口为万，到年底，六安市常住人口万人，与十二年前相比减少近万。而目前六安户籍人口万人，与常住人口相差约万人。由于毗邻，多年来六安一直是合肥人口迁入的第一大来源地。而为了配合同城化发展，两地交通便捷程度不断提升。年月，合肥发布消息称合六路工程的最后一个节点主体结构封顶，这也标志着工程项目主线实现全线贯通，主线道路很快将放行通车。届时，合肥、六安两市之间的联系将进一步加强。随着交通越来越便利，同城化又进一步促进两地的交流，六安是否可能进一步被虹吸？在曾刚看来，在同城化过程六安被合肥“虹吸”的风险不容小觑。为了避免合肥与六安发展差距的扩大，必须未雨绸缪，制定科学合理的同城化发展方案，适时采取有力措施，消除六安与合肥在公共服务方面的短板。他说，“合肥与六安等周边中小城市应该建立的是平等互动合作的伙伴关系，而非处理落后产能、外置低端城市功能的容器。”产业合作是关键除了公共服务等方面的合理布局规划，产业层面的合作，也被不少业内人士看作避免被虹吸的关键。“人口随着产业迁移，发展产业是留住常住人口极为关键的一点。”牛凤瑞分析。不少背靠大城市，在同城化中发展较好的城市，不少都受益于产业合作与供应链共享。多年来，广东的“广佛同城”持续、快速发展。佛山与广州的产业链，有着紧密配合。三大日系汽车品牌本田、丰田、日产在我国的主要生产基地，均在广州市内，而毗邻广州的佛山南海区，目前仅狮山镇就有整车及汽车零部件企业余家，涵盖了本田、丰田、日产三大汽车生产商的配件供应商。在总体布局上，形成了南海汽配、广州整车的产业格局。此前，六安在农业以及相关加工业层面，有一定优势。比如，茶产业已成为六安市最具区域特色的优势产业。而制定同城化战略后，六安也开始向合肥的产业结构靠拢。年月，六安出台了《电子信息发展三年行动计划（年）》，按照“五光示色”产业定位（“五”代表以技术为主的现代通信，“光”代表太阳能光伏，“示”代表新型显示，“色”代表电光源），打算利用毗邻合肥的区位优势，打造若干个电子信息产业集群。六安市经信局局长黄胜红最近公开表示，六安将智能电动汽车作为重要支柱产业，努力做好合肥新能源整车企业配套服务，力争进入合肥乃至全国新能源汽车供应链体系。据了解，六安市现有智能电动汽车配套企业家，其中一级配套企业户，二级配套企业户，三级配套企业户，年产值亿元，同比增长。在曾刚看来，合肥要发挥好辐射带动作用，还有多种模式可以探索。他说，“可以建立创新共同体，发挥合肥科教、人才资源以及六安等城市的生态环境、建设空间优势，通过建设跨区域科创平台、创新飞地等方式，推进跨区域政产学研用金一体化；此外，还可以建设跨地域产业集群，改革开发区管理机制，通过购买服务、委托经营等方式，引进高水平专业化园区管理公司，实现各市开发区的连锁管理，联合建设产业创新集群。”中国新闻周刊作者：赵越;#安徽身边事#;5;久窝2027;其他;不是只有金安区和舒城县入圈吗？[疑问];2024-01-16 11:31:57;0;0.0113016301964339;0;0
合肥高楼迷;安徽;0;1;16;19;安徽身边事这座皖西城市，怎么就“傍上”了合肥？安徽省会合肥，将要带动六安这个兄弟城市的发展。经国务院同意，国家发改委近日下发的相关文件显示，同意支持六安与合肥同城化发展。地处大别山北麓的六安，多年来经济发展水平在安徽省内处于中下游位置。与合肥的同城化，近年来被其视为发展的突破口。合肥与安徽省内的多个城市毗邻，但同城化发展，为什么选择了六安？为什么是六安六安别称“皋城”、“皖西”，是安徽省辖地级市，位于安徽省西部，湖北、河南、安徽三省交界处，毗邻省会合肥市，两城相距不到公里。截至年底，六安市常住人口万人。年，六安为亿元，在安徽个地级市中排第名。值得一提的是，六安位于大别山北麓，境内海拔米以上山峰多座、占大别山区的，山区达到以上。据了解，与省会合肥同城化发展，是国家支持大别山区域发展的重要政策，近期发布的《新时代大别山革命老区协同推进高质量发展实施方案》中就明确了六安与合肥同城化发展的政策。“与合肥的同城化，对六安而言是一种捆绑发展的策略，毫无疑问将提升城市的知名度，在招商引资等方面有不小作用。”中国社科院区域经济学研究员牛凤瑞告诉中国新闻周刊。除了上述原因，在不少业内专家看来，合肥与六安的同城化，与合肥寻找发展腹地息息相关。事实上，除了位于西部的六安，安徽东部、东南部几座与合肥接壤的城市，都是南京都市圈的成员。年月，国家发改委发布公告原则同意《南京都市圈发展规划》。在南京都市圈成员中，不仅包括江苏城市南京、镇江、扬州、淮安，还包括安徽城市芜湖、马鞍山、滁州和宣城。此外，安徽的蚌埠和淮南等城市也在申请加入南京都市圈。除了南京都市圈，在安徽省内，淮北的两座城市则加入了徐州都市圈。在年月，安徽北部的宿州市和淮北市，不约而同地在市政府官方微信平台发文称，安徽支持两市深度融入徐州都市圈。彼时，时任安徽省委常委、副省长的刘惠表示，皖北地区人口多、底子薄、基本公共服务历史欠账多，发展相对滞后。因此，安徽在区域联动方面将支持宿州、淮北深度融入徐州都市圈，推动省际毗邻地区探索一体化协同发展新机制，共同打造产城融合新城区。近日，最新编制的《合肥都市圈发展规划》已上报国家发改委。该规划显示，都市圈范围包括合肥市全域、淮南市的寿县、滁州市的定远县、六安市的金安区和舒城县、马鞍山市的含山县、芜湖市的无为市、安庆市的桐城市，总面积约万平方公里。不过，相比最初规划版本，目前合肥都市圈的范围，远远小于业界预期的。在牛凤瑞看来，都市圈范围的调整，意味着合肥将集中力量，带动上述区域发展。而入围合肥都市圈的六安的金安区和舒城县，也被认为是此次同城化重点发展的区域。安徽发改委副主任钟岚公开表示，年前三季度，合肥都市圈以占全省的面积和的人口，贡献了的地区生产总值、的进出口总额，集聚了近的新增高新技术企业和的新增外资企业。“六安山清水秀、建设空间（用地指标）潜力巨大，而合肥科教、行政（省会城市）资源丰富，合肥部分产业向六安转移可能性不小。”华东师范大学城市发展研究院院长曾刚对中国新闻周刊表示。虹吸风险作为中小城市，面对周边相对强势的大城市，如何避免被持续虹吸，一直都是业界探讨的焦点。曾刚告诉中国新闻周刊，大城市对周边中小城市是发挥虹吸，还是溢出作用，在很大程度上取决于区域所处的发展阶段和战略谋划方案。在工业化初期和中期，与中小城市相比，大城市在比较紧缺的基础设施配套、公共管理服务质量、对外交流合作通道建设等方面占有明显优势，一般加工业项目偏爱大城市，导致大城市对周边中小城市形成强烈的虹吸效应。他说，“到了工业化后期阶段，大城市与周边中小城市在基础设施、公共管理服务、对外交流合作通道等方面的差别不大，只要制定的城市发展战略科学合理，那么大中小城市就能取得的效果，中小城市也会享用更多的来自周边大城市的溢出效益。”年“六普”数据显示，六安市常住人口为万，到年底，六安市常住人口万人，与十二年前相比减少近万。而目前六安户籍人口万人，与常住人口相差约万人。由于毗邻，多年来六安一直是合肥人口迁入的第一大来源地。而为了配合同城化发展，两地交通便捷程度不断提升。年月，合肥发布消息称合六路工程的最后一个节点主体结构封顶，这也标志着工程项目主线实现全线贯通，主线道路很快将放行通车。届时，合肥、六安两市之间的联系将进一步加强。随着交通越来越便利，同城化又进一步促进两地的交流，六安是否可能进一步被虹吸？在曾刚看来，在同城化过程六安被合肥“虹吸”的风险不容小觑。为了避免合肥与六安发展差距的扩大，必须未雨绸缪，制定科学合理的同城化发展方案，适时采取有力措施，消除六安与合肥在公共服务方面的短板。他说，“合肥与六安等周边中小城市应该建立的是平等互动合作的伙伴关系，而非处理落后产能、外置低端城市功能的容器。”产业合作是关键除了公共服务等方面的合理布局规划，产业层面的合作，也被不少业内人士看作避免被虹吸的关键。“人口随着产业迁移，发展产业是留住常住人口极为关键的一点。”牛凤瑞分析。不少背靠大城市，在同城化中发展较好的城市，不少都受益于产业合作与供应链共享。多年来，广东的“广佛同城”持续、快速发展。佛山与广州的产业链，有着紧密配合。三大日系汽车品牌本田、丰田、日产在我国的主要生产基地，均在广州市内，而毗邻广州的佛山南海区，目前仅狮山镇就有整车及汽车零部件企业余家，涵盖了本田、丰田、日产三大汽车生产商的配件供应商。在总体布局上，形成了南海汽配、广州整车的产业格局。此前，六安在农业以及相关加工业层面，有一定优势。比如，茶产业已成为六安市最具区域特色的优势产业。而制定同城化战略后，六安也开始向合肥的产业结构靠拢。年月，六安出台了《电子信息发展三年行动计划（年）》，按照“五光示色”产业定位（“五”代表以技术为主的现代通信，“光”代表太阳能光伏，“示”代表新型显示，“色”代表电光源），打算利用毗邻合肥的区位优势，打造若干个电子信息产业集群。六安市经信局局长黄胜红最近公开表示，六安将智能电动汽车作为重要支柱产业，努力做好合肥新能源整车企业配套服务，力争进入合肥乃至全国新能源汽车供应链体系。据了解，六安市现有智能电动汽车配套企业家，其中一级配套企业户，二级配套企业户，三级配套企业户，年产值亿元，同比增长。在曾刚看来，合肥要发挥好辐射带动作用，还有多种模式可以探索。他说，“可以建立创新共同体，发挥合肥科教、人才资源以及六安等城市的生态环境、建设空间优势，通过建设跨区域科创平台、创新飞地等方式，推进跨区域政产学研用金一体化；此外，还可以建设跨地域产业集群，改革开发区管理机制，通过购买服务、委托经营等方式，引进高水平专业化园区管理公司，实现各市开发区的连锁管理，联合建设产业创新集群。”中国新闻周刊作者：赵越;#安徽身边事#;116;帆屋阁688;其他;这个风景照片有原稿吗？;2024-01-15 08:09:24;0;0.0113016301964339;0;0
合肥高楼迷;安徽;0;1;16;19;安徽身边事这座皖西城市，怎么就“傍上”了合肥？安徽省会合肥，将要带动六安这个兄弟城市的发展。经国务院同意，国家发改委近日下发的相关文件显示，同意支持六安与合肥同城化发展。地处大别山北麓的六安，多年来经济发展水平在安徽省内处于中下游位置。与合肥的同城化，近年来被其视为发展的突破口。合肥与安徽省内的多个城市毗邻，但同城化发展，为什么选择了六安？为什么是六安六安别称“皋城”、“皖西”，是安徽省辖地级市，位于安徽省西部，湖北、河南、安徽三省交界处，毗邻省会合肥市，两城相距不到公里。截至年底，六安市常住人口万人。年，六安为亿元，在安徽个地级市中排第名。值得一提的是，六安位于大别山北麓，境内海拔米以上山峰多座、占大别山区的，山区达到以上。据了解，与省会合肥同城化发展，是国家支持大别山区域发展的重要政策，近期发布的《新时代大别山革命老区协同推进高质量发展实施方案》中就明确了六安与合肥同城化发展的政策。“与合肥的同城化，对六安而言是一种捆绑发展的策略，毫无疑问将提升城市的知名度，在招商引资等方面有不小作用。”中国社科院区域经济学研究员牛凤瑞告诉中国新闻周刊。除了上述原因，在不少业内专家看来，合肥与六安的同城化，与合肥寻找发展腹地息息相关。事实上，除了位于西部的六安，安徽东部、东南部几座与合肥接壤的城市，都是南京都市圈的成员。年月，国家发改委发布公告原则同意《南京都市圈发展规划》。在南京都市圈成员中，不仅包括江苏城市南京、镇江、扬州、淮安，还包括安徽城市芜湖、马鞍山、滁州和宣城。此外，安徽的蚌埠和淮南等城市也在申请加入南京都市圈。除了南京都市圈，在安徽省内，淮北的两座城市则加入了徐州都市圈。在年月，安徽北部的宿州市和淮北市，不约而同地在市政府官方微信平台发文称，安徽支持两市深度融入徐州都市圈。彼时，时任安徽省委常委、副省长的刘惠表示，皖北地区人口多、底子薄、基本公共服务历史欠账多，发展相对滞后。因此，安徽在区域联动方面将支持宿州、淮北深度融入徐州都市圈，推动省际毗邻地区探索一体化协同发展新机制，共同打造产城融合新城区。近日，最新编制的《合肥都市圈发展规划》已上报国家发改委。该规划显示，都市圈范围包括合肥市全域、淮南市的寿县、滁州市的定远县、六安市的金安区和舒城县、马鞍山市的含山县、芜湖市的无为市、安庆市的桐城市，总面积约万平方公里。不过，相比最初规划版本，目前合肥都市圈的范围，远远小于业界预期的。在牛凤瑞看来，都市圈范围的调整，意味着合肥将集中力量，带动上述区域发展。而入围合肥都市圈的六安的金安区和舒城县，也被认为是此次同城化重点发展的区域。安徽发改委副主任钟岚公开表示，年前三季度，合肥都市圈以占全省的面积和的人口，贡献了的地区生产总值、的进出口总额，集聚了近的新增高新技术企业和的新增外资企业。“六安山清水秀、建设空间（用地指标）潜力巨大，而合肥科教、行政（省会城市）资源丰富，合肥部分产业向六安转移可能性不小。”华东师范大学城市发展研究院院长曾刚对中国新闻周刊表示。虹吸风险作为中小城市，面对周边相对强势的大城市，如何避免被持续虹吸，一直都是业界探讨的焦点。曾刚告诉中国新闻周刊，大城市对周边中小城市是发挥虹吸，还是溢出作用，在很大程度上取决于区域所处的发展阶段和战略谋划方案。在工业化初期和中期，与中小城市相比，大城市在比较紧缺的基础设施配套、公共管理服务质量、对外交流合作通道建设等方面占有明显优势，一般加工业项目偏爱大城市，导致大城市对周边中小城市形成强烈的虹吸效应。他说，“到了工业化后期阶段，大城市与周边中小城市在基础设施、公共管理服务、对外交流合作通道等方面的差别不大，只要制定的城市发展战略科学合理，那么大中小城市就能取得的效果，中小城市也会享用更多的来自周边大城市的溢出效益。”年“六普”数据显示，六安市常住人口为万，到年底，六安市常住人口万人，与十二年前相比减少近万。而目前六安户籍人口万人，与常住人口相差约万人。由于毗邻，多年来六安一直是合肥人口迁入的第一大来源地。而为了配合同城化发展，两地交通便捷程度不断提升。年月，合肥发布消息称合六路工程的最后一个节点主体结构封顶，这也标志着工程项目主线实现全线贯通，主线道路很快将放行通车。届时，合肥、六安两市之间的联系将进一步加强。随着交通越来越便利，同城化又进一步促进两地的交流，六安是否可能进一步被虹吸？在曾刚看来，在同城化过程六安被合肥“虹吸”的风险不容小觑。为了避免合肥与六安发展差距的扩大，必须未雨绸缪，制定科学合理的同城化发展方案，适时采取有力措施，消除六安与合肥在公共服务方面的短板。他说，“合肥与六安等周边中小城市应该建立的是平等互动合作的伙伴关系，而非处理落后产能、外置低端城市功能的容器。”产业合作是关键除了公共服务等方面的合理布局规划，产业层面的合作，也被不少业内人士看作避免被虹吸的关键。“人口随着产业迁移，发展产业是留住常住人口极为关键的一点。”牛凤瑞分析。不少背靠大城市，在同城化中发展较好的城市，不少都受益于产业合作与供应链共享。多年来，广东的“广佛同城”持续、快速发展。佛山与广州的产业链，有着紧密配合。三大日系汽车品牌本田、丰田、日产在我国的主要生产基地，均在广州市内，而毗邻广州的佛山南海区，目前仅狮山镇就有整车及汽车零部件企业余家，涵盖了本田、丰田、日产三大汽车生产商的配件供应商。在总体布局上，形成了南海汽配、广州整车的产业格局。此前，六安在农业以及相关加工业层面，有一定优势。比如，茶产业已成为六安市最具区域特色的优势产业。而制定同城化战略后，六安也开始向合肥的产业结构靠拢。年月，六安出台了《电子信息发展三年行动计划（年）》，按照“五光示色”产业定位（“五”代表以技术为主的现代通信，“光”代表太阳能光伏，“示”代表新型显示，“色”代表电光源），打算利用毗邻合肥的区位优势，打造若干个电子信息产业集群。六安市经信局局长黄胜红最近公开表示，六安将智能电动汽车作为重要支柱产业，努力做好合肥新能源整车企业配套服务，力争进入合肥乃至全国新能源汽车供应链体系。据了解，六安市现有智能电动汽车配套企业家，其中一级配套企业户，二级配套企业户，三级配套企业户，年产值亿元，同比增长。在曾刚看来，合肥要发挥好辐射带动作用，还有多种模式可以探索。他说，“可以建立创新共同体，发挥合肥科教、人才资源以及六安等城市的生态环境、建设空间优势，通过建设跨区域科创平台、创新飞地等方式，推进跨区域政产学研用金一体化；此外，还可以建设跨地域产业集群，改革开发区管理机制，通过购买服务、委托经营等方式，引进高水平专业化园区管理公司，实现各市开发区的连锁管理，联合建设产业创新集群。”中国新闻周刊作者：赵越;#安徽身边事#;1784;小来来的爹;安徽;啥叫傍上，合肥六安本来就是一家亲;2024-01-15 00:17:22;0;0.0113016301964339;0;0
合肥高楼迷;安徽;0;1;16;19;安徽身边事这座皖西城市，怎么就“傍上”了合肥？安徽省会合肥，将要带动六安这个兄弟城市的发展。经国务院同意，国家发改委近日下发的相关文件显示，同意支持六安与合肥同城化发展。地处大别山北麓的六安，多年来经济发展水平在安徽省内处于中下游位置。与合肥的同城化，近年来被其视为发展的突破口。合肥与安徽省内的多个城市毗邻，但同城化发展，为什么选择了六安？为什么是六安六安别称“皋城”、“皖西”，是安徽省辖地级市，位于安徽省西部，湖北、河南、安徽三省交界处，毗邻省会合肥市，两城相距不到公里。截至年底，六安市常住人口万人。年，六安为亿元，在安徽个地级市中排第名。值得一提的是，六安位于大别山北麓，境内海拔米以上山峰多座、占大别山区的，山区达到以上。据了解，与省会合肥同城化发展，是国家支持大别山区域发展的重要政策，近期发布的《新时代大别山革命老区协同推进高质量发展实施方案》中就明确了六安与合肥同城化发展的政策。“与合肥的同城化，对六安而言是一种捆绑发展的策略，毫无疑问将提升城市的知名度，在招商引资等方面有不小作用。”中国社科院区域经济学研究员牛凤瑞告诉中国新闻周刊。除了上述原因，在不少业内专家看来，合肥与六安的同城化，与合肥寻找发展腹地息息相关。事实上，除了位于西部的六安，安徽东部、东南部几座与合肥接壤的城市，都是南京都市圈的成员。年月，国家发改委发布公告原则同意《南京都市圈发展规划》。在南京都市圈成员中，不仅包括江苏城市南京、镇江、扬州、淮安，还包括安徽城市芜湖、马鞍山、滁州和宣城。此外，安徽的蚌埠和淮南等城市也在申请加入南京都市圈。除了南京都市圈，在安徽省内，淮北的两座城市则加入了徐州都市圈。在年月，安徽北部的宿州市和淮北市，不约而同地在市政府官方微信平台发文称，安徽支持两市深度融入徐州都市圈。彼时，时任安徽省委常委、副省长的刘惠表示，皖北地区人口多、底子薄、基本公共服务历史欠账多，发展相对滞后。因此，安徽在区域联动方面将支持宿州、淮北深度融入徐州都市圈，推动省际毗邻地区探索一体化协同发展新机制，共同打造产城融合新城区。近日，最新编制的《合肥都市圈发展规划》已上报国家发改委。该规划显示，都市圈范围包括合肥市全域、淮南市的寿县、滁州市的定远县、六安市的金安区和舒城县、马鞍山市的含山县、芜湖市的无为市、安庆市的桐城市，总面积约万平方公里。不过，相比最初规划版本，目前合肥都市圈的范围，远远小于业界预期的。在牛凤瑞看来，都市圈范围的调整，意味着合肥将集中力量，带动上述区域发展。而入围合肥都市圈的六安的金安区和舒城县，也被认为是此次同城化重点发展的区域。安徽发改委副主任钟岚公开表示，年前三季度，合肥都市圈以占全省的面积和的人口，贡献了的地区生产总值、的进出口总额，集聚了近的新增高新技术企业和的新增外资企业。“六安山清水秀、建设空间（用地指标）潜力巨大，而合肥科教、行政（省会城市）资源丰富，合肥部分产业向六安转移可能性不小。”华东师范大学城市发展研究院院长曾刚对中国新闻周刊表示。虹吸风险作为中小城市，面对周边相对强势的大城市，如何避免被持续虹吸，一直都是业界探讨的焦点。曾刚告诉中国新闻周刊，大城市对周边中小城市是发挥虹吸，还是溢出作用，在很大程度上取决于区域所处的发展阶段和战略谋划方案。在工业化初期和中期，与中小城市相比，大城市在比较紧缺的基础设施配套、公共管理服务质量、对外交流合作通道建设等方面占有明显优势，一般加工业项目偏爱大城市，导致大城市对周边中小城市形成强烈的虹吸效应。他说，“到了工业化后期阶段，大城市与周边中小城市在基础设施、公共管理服务、对外交流合作通道等方面的差别不大，只要制定的城市发展战略科学合理，那么大中小城市就能取得的效果，中小城市也会享用更多的来自周边大城市的溢出效益。”年“六普”数据显示，六安市常住人口为万，到年底，六安市常住人口万人，与十二年前相比减少近万。而目前六安户籍人口万人，与常住人口相差约万人。由于毗邻，多年来六安一直是合肥人口迁入的第一大来源地。而为了配合同城化发展，两地交通便捷程度不断提升。年月，合肥发布消息称合六路工程的最后一个节点主体结构封顶，这也标志着工程项目主线实现全线贯通，主线道路很快将放行通车。届时，合肥、六安两市之间的联系将进一步加强。随着交通越来越便利，同城化又进一步促进两地的交流，六安是否可能进一步被虹吸？在曾刚看来，在同城化过程六安被合肥“虹吸”的风险不容小觑。为了避免合肥与六安发展差距的扩大，必须未雨绸缪，制定科学合理的同城化发展方案，适时采取有力措施，消除六安与合肥在公共服务方面的短板。他说，“合肥与六安等周边中小城市应该建立的是平等互动合作的伙伴关系，而非处理落后产能、外置低端城市功能的容器。”产业合作是关键除了公共服务等方面的合理布局规划，产业层面的合作，也被不少业内人士看作避免被虹吸的关键。“人口随着产业迁移，发展产业是留住常住人口极为关键的一点。”牛凤瑞分析。不少背靠大城市，在同城化中发展较好的城市，不少都受益于产业合作与供应链共享。多年来，广东的“广佛同城”持续、快速发展。佛山与广州的产业链，有着紧密配合。三大日系汽车品牌本田、丰田、日产在我国的主要生产基地，均在广州市内，而毗邻广州的佛山南海区，目前仅狮山镇就有整车及汽车零部件企业余家，涵盖了本田、丰田、日产三大汽车生产商的配件供应商。在总体布局上，形成了南海汽配、广州整车的产业格局。此前，六安在农业以及相关加工业层面，有一定优势。比如，茶产业已成为六安市最具区域特色的优势产业。而制定同城化战略后，六安也开始向合肥的产业结构靠拢。年月，六安出台了《电子信息发展三年行动计划（年）》，按照“五光示色”产业定位（“五”代表以技术为主的现代通信，“光”代表太阳能光伏，“示”代表新型显示，“色”代表电光源），打算利用毗邻合肥的区位优势，打造若干个电子信息产业集群。六安市经信局局长黄胜红最近公开表示，六安将智能电动汽车作为重要支柱产业，努力做好合肥新能源整车企业配套服务，力争进入合肥乃至全国新能源汽车供应链体系。据了解，六安市现有智能电动汽车配套企业家，其中一级配套企业户，二级配套企业户，三级配套企业户，年产值亿元，同比增长。在曾刚看来，合肥要发挥好辐射带动作用，还有多种模式可以探索。他说，“可以建立创新共同体，发挥合肥科教、人才资源以及六安等城市的生态环境、建设空间优势，通过建设跨区域科创平台、创新飞地等方式，推进跨区域政产学研用金一体化；此外，还可以建设跨地域产业集群，改革开发区管理机制，通过购买服务、委托经营等方式，引进高水平专业化园区管理公司，实现各市开发区的连锁管理，联合建设产业创新集群。”中国新闻周刊作者：赵越;#安徽身边事#;72;SOONER--;香港;六安人口流失非常严重，好像是安徽地级市流失比例第一;2024-01-14 22:03:05;0;0.0113016301964339;0;0
合肥高楼迷;安徽;0;1;16;19;安徽身边事这座皖西城市，怎么就“傍上”了合肥？安徽省会合肥，将要带动六安这个兄弟城市的发展。经国务院同意，国家发改委近日下发的相关文件显示，同意支持六安与合肥同城化发展。地处大别山北麓的六安，多年来经济发展水平在安徽省内处于中下游位置。与合肥的同城化，近年来被其视为发展的突破口。合肥与安徽省内的多个城市毗邻，但同城化发展，为什么选择了六安？为什么是六安六安别称“皋城”、“皖西”，是安徽省辖地级市，位于安徽省西部，湖北、河南、安徽三省交界处，毗邻省会合肥市，两城相距不到公里。截至年底，六安市常住人口万人。年，六安为亿元，在安徽个地级市中排第名。值得一提的是，六安位于大别山北麓，境内海拔米以上山峰多座、占大别山区的，山区达到以上。据了解，与省会合肥同城化发展，是国家支持大别山区域发展的重要政策，近期发布的《新时代大别山革命老区协同推进高质量发展实施方案》中就明确了六安与合肥同城化发展的政策。“与合肥的同城化，对六安而言是一种捆绑发展的策略，毫无疑问将提升城市的知名度，在招商引资等方面有不小作用。”中国社科院区域经济学研究员牛凤瑞告诉中国新闻周刊。除了上述原因，在不少业内专家看来，合肥与六安的同城化，与合肥寻找发展腹地息息相关。事实上，除了位于西部的六安，安徽东部、东南部几座与合肥接壤的城市，都是南京都市圈的成员。年月，国家发改委发布公告原则同意《南京都市圈发展规划》。在南京都市圈成员中，不仅包括江苏城市南京、镇江、扬州、淮安，还包括安徽城市芜湖、马鞍山、滁州和宣城。此外，安徽的蚌埠和淮南等城市也在申请加入南京都市圈。除了南京都市圈，在安徽省内，淮北的两座城市则加入了徐州都市圈。在年月，安徽北部的宿州市和淮北市，不约而同地在市政府官方微信平台发文称，安徽支持两市深度融入徐州都市圈。彼时，时任安徽省委常委、副省长的刘惠表示，皖北地区人口多、底子薄、基本公共服务历史欠账多，发展相对滞后。因此，安徽在区域联动方面将支持宿州、淮北深度融入徐州都市圈，推动省际毗邻地区探索一体化协同发展新机制，共同打造产城融合新城区。近日，最新编制的《合肥都市圈发展规划》已上报国家发改委。该规划显示，都市圈范围包括合肥市全域、淮南市的寿县、滁州市的定远县、六安市的金安区和舒城县、马鞍山市的含山县、芜湖市的无为市、安庆市的桐城市，总面积约万平方公里。不过，相比最初规划版本，目前合肥都市圈的范围，远远小于业界预期的。在牛凤瑞看来，都市圈范围的调整，意味着合肥将集中力量，带动上述区域发展。而入围合肥都市圈的六安的金安区和舒城县，也被认为是此次同城化重点发展的区域。安徽发改委副主任钟岚公开表示，年前三季度，合肥都市圈以占全省的面积和的人口，贡献了的地区生产总值、的进出口总额，集聚了近的新增高新技术企业和的新增外资企业。“六安山清水秀、建设空间（用地指标）潜力巨大，而合肥科教、行政（省会城市）资源丰富，合肥部分产业向六安转移可能性不小。”华东师范大学城市发展研究院院长曾刚对中国新闻周刊表示。虹吸风险作为中小城市，面对周边相对强势的大城市，如何避免被持续虹吸，一直都是业界探讨的焦点。曾刚告诉中国新闻周刊，大城市对周边中小城市是发挥虹吸，还是溢出作用，在很大程度上取决于区域所处的发展阶段和战略谋划方案。在工业化初期和中期，与中小城市相比，大城市在比较紧缺的基础设施配套、公共管理服务质量、对外交流合作通道建设等方面占有明显优势，一般加工业项目偏爱大城市，导致大城市对周边中小城市形成强烈的虹吸效应。他说，“到了工业化后期阶段，大城市与周边中小城市在基础设施、公共管理服务、对外交流合作通道等方面的差别不大，只要制定的城市发展战略科学合理，那么大中小城市就能取得的效果，中小城市也会享用更多的来自周边大城市的溢出效益。”年“六普”数据显示，六安市常住人口为万，到年底，六安市常住人口万人，与十二年前相比减少近万。而目前六安户籍人口万人，与常住人口相差约万人。由于毗邻，多年来六安一直是合肥人口迁入的第一大来源地。而为了配合同城化发展，两地交通便捷程度不断提升。年月，合肥发布消息称合六路工程的最后一个节点主体结构封顶，这也标志着工程项目主线实现全线贯通，主线道路很快将放行通车。届时，合肥、六安两市之间的联系将进一步加强。随着交通越来越便利，同城化又进一步促进两地的交流，六安是否可能进一步被虹吸？在曾刚看来，在同城化过程六安被合肥“虹吸”的风险不容小觑。为了避免合肥与六安发展差距的扩大，必须未雨绸缪，制定科学合理的同城化发展方案，适时采取有力措施，消除六安与合肥在公共服务方面的短板。他说，“合肥与六安等周边中小城市应该建立的是平等互动合作的伙伴关系，而非处理落后产能、外置低端城市功能的容器。”产业合作是关键除了公共服务等方面的合理布局规划，产业层面的合作，也被不少业内人士看作避免被虹吸的关键。“人口随着产业迁移，发展产业是留住常住人口极为关键的一点。”牛凤瑞分析。不少背靠大城市，在同城化中发展较好的城市，不少都受益于产业合作与供应链共享。多年来，广东的“广佛同城”持续、快速发展。佛山与广州的产业链，有着紧密配合。三大日系汽车品牌本田、丰田、日产在我国的主要生产基地，均在广州市内，而毗邻广州的佛山南海区，目前仅狮山镇就有整车及汽车零部件企业余家，涵盖了本田、丰田、日产三大汽车生产商的配件供应商。在总体布局上，形成了南海汽配、广州整车的产业格局。此前，六安在农业以及相关加工业层面，有一定优势。比如，茶产业已成为六安市最具区域特色的优势产业。而制定同城化战略后，六安也开始向合肥的产业结构靠拢。年月，六安出台了《电子信息发展三年行动计划（年）》，按照“五光示色”产业定位（“五”代表以技术为主的现代通信，“光”代表太阳能光伏，“示”代表新型显示，“色”代表电光源），打算利用毗邻合肥的区位优势，打造若干个电子信息产业集群。六安市经信局局长黄胜红最近公开表示，六安将智能电动汽车作为重要支柱产业，努力做好合肥新能源整车企业配套服务，力争进入合肥乃至全国新能源汽车供应链体系。据了解，六安市现有智能电动汽车配套企业家，其中一级配套企业户，二级配套企业户，三级配套企业户，年产值亿元，同比增长。在曾刚看来，合肥要发挥好辐射带动作用，还有多种模式可以探索。他说，“可以建立创新共同体，发挥合肥科教、人才资源以及六安等城市的生态环境、建设空间优势，通过建设跨区域科创平台、创新飞地等方式，推进跨区域政产学研用金一体化；此外，还可以建设跨地域产业集群，改革开发区管理机制，通过购买服务、委托经营等方式，引进高水平专业化园区管理公司，实现各市开发区的连锁管理，联合建设产业创新集群。”中国新闻周刊作者：赵越;#安徽身边事#;10;哪个剧本没有分生618;安徽;打开地图看看就知道一切都是地理决定论;2024-01-14 17:58:45;1;0.0113016301964339;0;0
合肥高楼迷;安徽;0;1;16;19;安徽身边事这座皖西城市，怎么就“傍上”了合肥？安徽省会合肥，将要带动六安这个兄弟城市的发展。经国务院同意，国家发改委近日下发的相关文件显示，同意支持六安与合肥同城化发展。地处大别山北麓的六安，多年来经济发展水平在安徽省内处于中下游位置。与合肥的同城化，近年来被其视为发展的突破口。合肥与安徽省内的多个城市毗邻，但同城化发展，为什么选择了六安？为什么是六安六安别称“皋城”、“皖西”，是安徽省辖地级市，位于安徽省西部，湖北、河南、安徽三省交界处，毗邻省会合肥市，两城相距不到公里。截至年底，六安市常住人口万人。年，六安为亿元，在安徽个地级市中排第名。值得一提的是，六安位于大别山北麓，境内海拔米以上山峰多座、占大别山区的，山区达到以上。据了解，与省会合肥同城化发展，是国家支持大别山区域发展的重要政策，近期发布的《新时代大别山革命老区协同推进高质量发展实施方案》中就明确了六安与合肥同城化发展的政策。“与合肥的同城化，对六安而言是一种捆绑发展的策略，毫无疑问将提升城市的知名度，在招商引资等方面有不小作用。”中国社科院区域经济学研究员牛凤瑞告诉中国新闻周刊。除了上述原因，在不少业内专家看来，合肥与六安的同城化，与合肥寻找发展腹地息息相关。事实上，除了位于西部的六安，安徽东部、东南部几座与合肥接壤的城市，都是南京都市圈的成员。年月，国家发改委发布公告原则同意《南京都市圈发展规划》。在南京都市圈成员中，不仅包括江苏城市南京、镇江、扬州、淮安，还包括安徽城市芜湖、马鞍山、滁州和宣城。此外，安徽的蚌埠和淮南等城市也在申请加入南京都市圈。除了南京都市圈，在安徽省内，淮北的两座城市则加入了徐州都市圈。在年月，安徽北部的宿州市和淮北市，不约而同地在市政府官方微信平台发文称，安徽支持两市深度融入徐州都市圈。彼时，时任安徽省委常委、副省长的刘惠表示，皖北地区人口多、底子薄、基本公共服务历史欠账多，发展相对滞后。因此，安徽在区域联动方面将支持宿州、淮北深度融入徐州都市圈，推动省际毗邻地区探索一体化协同发展新机制，共同打造产城融合新城区。近日，最新编制的《合肥都市圈发展规划》已上报国家发改委。该规划显示，都市圈范围包括合肥市全域、淮南市的寿县、滁州市的定远县、六安市的金安区和舒城县、马鞍山市的含山县、芜湖市的无为市、安庆市的桐城市，总面积约万平方公里。不过，相比最初规划版本，目前合肥都市圈的范围，远远小于业界预期的。在牛凤瑞看来，都市圈范围的调整，意味着合肥将集中力量，带动上述区域发展。而入围合肥都市圈的六安的金安区和舒城县，也被认为是此次同城化重点发展的区域。安徽发改委副主任钟岚公开表示，年前三季度，合肥都市圈以占全省的面积和的人口，贡献了的地区生产总值、的进出口总额，集聚了近的新增高新技术企业和的新增外资企业。“六安山清水秀、建设空间（用地指标）潜力巨大，而合肥科教、行政（省会城市）资源丰富，合肥部分产业向六安转移可能性不小。”华东师范大学城市发展研究院院长曾刚对中国新闻周刊表示。虹吸风险作为中小城市，面对周边相对强势的大城市，如何避免被持续虹吸，一直都是业界探讨的焦点。曾刚告诉中国新闻周刊，大城市对周边中小城市是发挥虹吸，还是溢出作用，在很大程度上取决于区域所处的发展阶段和战略谋划方案。在工业化初期和中期，与中小城市相比，大城市在比较紧缺的基础设施配套、公共管理服务质量、对外交流合作通道建设等方面占有明显优势，一般加工业项目偏爱大城市，导致大城市对周边中小城市形成强烈的虹吸效应。他说，“到了工业化后期阶段，大城市与周边中小城市在基础设施、公共管理服务、对外交流合作通道等方面的差别不大，只要制定的城市发展战略科学合理，那么大中小城市就能取得的效果，中小城市也会享用更多的来自周边大城市的溢出效益。”年“六普”数据显示，六安市常住人口为万，到年底，六安市常住人口万人，与十二年前相比减少近万。而目前六安户籍人口万人，与常住人口相差约万人。由于毗邻，多年来六安一直是合肥人口迁入的第一大来源地。而为了配合同城化发展，两地交通便捷程度不断提升。年月，合肥发布消息称合六路工程的最后一个节点主体结构封顶，这也标志着工程项目主线实现全线贯通，主线道路很快将放行通车。届时，合肥、六安两市之间的联系将进一步加强。随着交通越来越便利，同城化又进一步促进两地的交流，六安是否可能进一步被虹吸？在曾刚看来，在同城化过程六安被合肥“虹吸”的风险不容小觑。为了避免合肥与六安发展差距的扩大，必须未雨绸缪，制定科学合理的同城化发展方案，适时采取有力措施，消除六安与合肥在公共服务方面的短板。他说，“合肥与六安等周边中小城市应该建立的是平等互动合作的伙伴关系，而非处理落后产能、外置低端城市功能的容器。”产业合作是关键除了公共服务等方面的合理布局规划，产业层面的合作，也被不少业内人士看作避免被虹吸的关键。“人口随着产业迁移，发展产业是留住常住人口极为关键的一点。”牛凤瑞分析。不少背靠大城市，在同城化中发展较好的城市，不少都受益于产业合作与供应链共享。多年来，广东的“广佛同城”持续、快速发展。佛山与广州的产业链，有着紧密配合。三大日系汽车品牌本田、丰田、日产在我国的主要生产基地，均在广州市内，而毗邻广州的佛山南海区，目前仅狮山镇就有整车及汽车零部件企业余家，涵盖了本田、丰田、日产三大汽车生产商的配件供应商。在总体布局上，形成了南海汽配、广州整车的产业格局。此前，六安在农业以及相关加工业层面，有一定优势。比如，茶产业已成为六安市最具区域特色的优势产业。而制定同城化战略后，六安也开始向合肥的产业结构靠拢。年月，六安出台了《电子信息发展三年行动计划（年）》，按照“五光示色”产业定位（“五”代表以技术为主的现代通信，“光”代表太阳能光伏，“示”代表新型显示，“色”代表电光源），打算利用毗邻合肥的区位优势，打造若干个电子信息产业集群。六安市经信局局长黄胜红最近公开表示，六安将智能电动汽车作为重要支柱产业，努力做好合肥新能源整车企业配套服务，力争进入合肥乃至全国新能源汽车供应链体系。据了解，六安市现有智能电动汽车配套企业家，其中一级配套企业户，二级配套企业户，三级配套企业户，年产值亿元，同比增长。在曾刚看来，合肥要发挥好辐射带动作用，还有多种模式可以探索。他说，“可以建立创新共同体，发挥合肥科教、人才资源以及六安等城市的生态环境、建设空间优势，通过建设跨区域科创平台、创新飞地等方式，推进跨区域政产学研用金一体化；此外，还可以建设跨地域产业集群，改革开发区管理机制，通过购买服务、委托经营等方式，引进高水平专业化园区管理公司，实现各市开发区的连锁管理，联合建设产业创新集群。”中国新闻周刊作者：赵越;#安徽身边事#;188;起了半个小时;安徽;还不是没得选[泪];2024-01-14 20:38:33;0;0.0113016301964339;0;0
合肥高楼迷;安徽;0;1;16;19;安徽身边事这座皖西城市，怎么就“傍上”了合肥？安徽省会合肥，将要带动六安这个兄弟城市的发展。经国务院同意，国家发改委近日下发的相关文件显示，同意支持六安与合肥同城化发展。地处大别山北麓的六安，多年来经济发展水平在安徽省内处于中下游位置。与合肥的同城化，近年来被其视为发展的突破口。合肥与安徽省内的多个城市毗邻，但同城化发展，为什么选择了六安？为什么是六安六安别称“皋城”、“皖西”，是安徽省辖地级市，位于安徽省西部，湖北、河南、安徽三省交界处，毗邻省会合肥市，两城相距不到公里。截至年底，六安市常住人口万人。年，六安为亿元，在安徽个地级市中排第名。值得一提的是，六安位于大别山北麓，境内海拔米以上山峰多座、占大别山区的，山区达到以上。据了解，与省会合肥同城化发展，是国家支持大别山区域发展的重要政策，近期发布的《新时代大别山革命老区协同推进高质量发展实施方案》中就明确了六安与合肥同城化发展的政策。“与合肥的同城化，对六安而言是一种捆绑发展的策略，毫无疑问将提升城市的知名度，在招商引资等方面有不小作用。”中国社科院区域经济学研究员牛凤瑞告诉中国新闻周刊。除了上述原因，在不少业内专家看来，合肥与六安的同城化，与合肥寻找发展腹地息息相关。事实上，除了位于西部的六安，安徽东部、东南部几座与合肥接壤的城市，都是南京都市圈的成员。年月，国家发改委发布公告原则同意《南京都市圈发展规划》。在南京都市圈成员中，不仅包括江苏城市南京、镇江、扬州、淮安，还包括安徽城市芜湖、马鞍山、滁州和宣城。此外，安徽的蚌埠和淮南等城市也在申请加入南京都市圈。除了南京都市圈，在安徽省内，淮北的两座城市则加入了徐州都市圈。在年月，安徽北部的宿州市和淮北市，不约而同地在市政府官方微信平台发文称，安徽支持两市深度融入徐州都市圈。彼时，时任安徽省委常委、副省长的刘惠表示，皖北地区人口多、底子薄、基本公共服务历史欠账多，发展相对滞后。因此，安徽在区域联动方面将支持宿州、淮北深度融入徐州都市圈，推动省际毗邻地区探索一体化协同发展新机制，共同打造产城融合新城区。近日，最新编制的《合肥都市圈发展规划》已上报国家发改委。该规划显示，都市圈范围包括合肥市全域、淮南市的寿县、滁州市的定远县、六安市的金安区和舒城县、马鞍山市的含山县、芜湖市的无为市、安庆市的桐城市，总面积约万平方公里。不过，相比最初规划版本，目前合肥都市圈的范围，远远小于业界预期的。在牛凤瑞看来，都市圈范围的调整，意味着合肥将集中力量，带动上述区域发展。而入围合肥都市圈的六安的金安区和舒城县，也被认为是此次同城化重点发展的区域。安徽发改委副主任钟岚公开表示，年前三季度，合肥都市圈以占全省的面积和的人口，贡献了的地区生产总值、的进出口总额，集聚了近的新增高新技术企业和的新增外资企业。“六安山清水秀、建设空间（用地指标）潜力巨大，而合肥科教、行政（省会城市）资源丰富，合肥部分产业向六安转移可能性不小。”华东师范大学城市发展研究院院长曾刚对中国新闻周刊表示。虹吸风险作为中小城市，面对周边相对强势的大城市，如何避免被持续虹吸，一直都是业界探讨的焦点。曾刚告诉中国新闻周刊，大城市对周边中小城市是发挥虹吸，还是溢出作用，在很大程度上取决于区域所处的发展阶段和战略谋划方案。在工业化初期和中期，与中小城市相比，大城市在比较紧缺的基础设施配套、公共管理服务质量、对外交流合作通道建设等方面占有明显优势，一般加工业项目偏爱大城市，导致大城市对周边中小城市形成强烈的虹吸效应。他说，“到了工业化后期阶段，大城市与周边中小城市在基础设施、公共管理服务、对外交流合作通道等方面的差别不大，只要制定的城市发展战略科学合理，那么大中小城市就能取得的效果，中小城市也会享用更多的来自周边大城市的溢出效益。”年“六普”数据显示，六安市常住人口为万，到年底，六安市常住人口万人，与十二年前相比减少近万。而目前六安户籍人口万人，与常住人口相差约万人。由于毗邻，多年来六安一直是合肥人口迁入的第一大来源地。而为了配合同城化发展，两地交通便捷程度不断提升。年月，合肥发布消息称合六路工程的最后一个节点主体结构封顶，这也标志着工程项目主线实现全线贯通，主线道路很快将放行通车。届时，合肥、六安两市之间的联系将进一步加强。随着交通越来越便利，同城化又进一步促进两地的交流，六安是否可能进一步被虹吸？在曾刚看来，在同城化过程六安被合肥“虹吸”的风险不容小觑。为了避免合肥与六安发展差距的扩大，必须未雨绸缪，制定科学合理的同城化发展方案，适时采取有力措施，消除六安与合肥在公共服务方面的短板。他说，“合肥与六安等周边中小城市应该建立的是平等互动合作的伙伴关系，而非处理落后产能、外置低端城市功能的容器。”产业合作是关键除了公共服务等方面的合理布局规划，产业层面的合作，也被不少业内人士看作避免被虹吸的关键。“人口随着产业迁移，发展产业是留住常住人口极为关键的一点。”牛凤瑞分析。不少背靠大城市，在同城化中发展较好的城市，不少都受益于产业合作与供应链共享。多年来，广东的“广佛同城”持续、快速发展。佛山与广州的产业链，有着紧密配合。三大日系汽车品牌本田、丰田、日产在我国的主要生产基地，均在广州市内，而毗邻广州的佛山南海区，目前仅狮山镇就有整车及汽车零部件企业余家，涵盖了本田、丰田、日产三大汽车生产商的配件供应商。在总体布局上，形成了南海汽配、广州整车的产业格局。此前，六安在农业以及相关加工业层面，有一定优势。比如，茶产业已成为六安市最具区域特色的优势产业。而制定同城化战略后，六安也开始向合肥的产业结构靠拢。年月，六安出台了《电子信息发展三年行动计划（年）》，按照“五光示色”产业定位（“五”代表以技术为主的现代通信，“光”代表太阳能光伏，“示”代表新型显示，“色”代表电光源），打算利用毗邻合肥的区位优势，打造若干个电子信息产业集群。六安市经信局局长黄胜红最近公开表示，六安将智能电动汽车作为重要支柱产业，努力做好合肥新能源整车企业配套服务，力争进入合肥乃至全国新能源汽车供应链体系。据了解，六安市现有智能电动汽车配套企业家，其中一级配套企业户，二级配套企业户，三级配套企业户，年产值亿元，同比增长。在曾刚看来，合肥要发挥好辐射带动作用，还有多种模式可以探索。他说，“可以建立创新共同体，发挥合肥科教、人才资源以及六安等城市的生态环境、建设空间优势，通过建设跨区域科创平台、创新飞地等方式，推进跨区域政产学研用金一体化；此外，还可以建设跨地域产业集群，改革开发区管理机制，通过购买服务、委托经营等方式，引进高水平专业化园区管理公司，实现各市开发区的连锁管理，联合建设产业创新集群。”中国新闻周刊作者：赵越;#安徽身边事#;188;-风好漫过荒野;浙江;还想选谁？看看选南京的马鞍山过的怎么样;2024-01-14 22:32:19;0;0.0113016301964339;1;0
合肥高楼迷;安徽;0;1;16;19;安徽身边事这座皖西城市，怎么就“傍上”了合肥？安徽省会合肥，将要带动六安这个兄弟城市的发展。经国务院同意，国家发改委近日下发的相关文件显示，同意支持六安与合肥同城化发展。地处大别山北麓的六安，多年来经济发展水平在安徽省内处于中下游位置。与合肥的同城化，近年来被其视为发展的突破口。合肥与安徽省内的多个城市毗邻，但同城化发展，为什么选择了六安？为什么是六安六安别称“皋城”、“皖西”，是安徽省辖地级市，位于安徽省西部，湖北、河南、安徽三省交界处，毗邻省会合肥市，两城相距不到公里。截至年底，六安市常住人口万人。年，六安为亿元，在安徽个地级市中排第名。值得一提的是，六安位于大别山北麓，境内海拔米以上山峰多座、占大别山区的，山区达到以上。据了解，与省会合肥同城化发展，是国家支持大别山区域发展的重要政策，近期发布的《新时代大别山革命老区协同推进高质量发展实施方案》中就明确了六安与合肥同城化发展的政策。“与合肥的同城化，对六安而言是一种捆绑发展的策略，毫无疑问将提升城市的知名度，在招商引资等方面有不小作用。”中国社科院区域经济学研究员牛凤瑞告诉中国新闻周刊。除了上述原因，在不少业内专家看来，合肥与六安的同城化，与合肥寻找发展腹地息息相关。事实上，除了位于西部的六安，安徽东部、东南部几座与合肥接壤的城市，都是南京都市圈的成员。年月，国家发改委发布公告原则同意《南京都市圈发展规划》。在南京都市圈成员中，不仅包括江苏城市南京、镇江、扬州、淮安，还包括安徽城市芜湖、马鞍山、滁州和宣城。此外，安徽的蚌埠和淮南等城市也在申请加入南京都市圈。除了南京都市圈，在安徽省内，淮北的两座城市则加入了徐州都市圈。在年月，安徽北部的宿州市和淮北市，不约而同地在市政府官方微信平台发文称，安徽支持两市深度融入徐州都市圈。彼时，时任安徽省委常委、副省长的刘惠表示，皖北地区人口多、底子薄、基本公共服务历史欠账多，发展相对滞后。因此，安徽在区域联动方面将支持宿州、淮北深度融入徐州都市圈，推动省际毗邻地区探索一体化协同发展新机制，共同打造产城融合新城区。近日，最新编制的《合肥都市圈发展规划》已上报国家发改委。该规划显示，都市圈范围包括合肥市全域、淮南市的寿县、滁州市的定远县、六安市的金安区和舒城县、马鞍山市的含山县、芜湖市的无为市、安庆市的桐城市，总面积约万平方公里。不过，相比最初规划版本，目前合肥都市圈的范围，远远小于业界预期的。在牛凤瑞看来，都市圈范围的调整，意味着合肥将集中力量，带动上述区域发展。而入围合肥都市圈的六安的金安区和舒城县，也被认为是此次同城化重点发展的区域。安徽发改委副主任钟岚公开表示，年前三季度，合肥都市圈以占全省的面积和的人口，贡献了的地区生产总值、的进出口总额，集聚了近的新增高新技术企业和的新增外资企业。“六安山清水秀、建设空间（用地指标）潜力巨大，而合肥科教、行政（省会城市）资源丰富，合肥部分产业向六安转移可能性不小。”华东师范大学城市发展研究院院长曾刚对中国新闻周刊表示。虹吸风险作为中小城市，面对周边相对强势的大城市，如何避免被持续虹吸，一直都是业界探讨的焦点。曾刚告诉中国新闻周刊，大城市对周边中小城市是发挥虹吸，还是溢出作用，在很大程度上取决于区域所处的发展阶段和战略谋划方案。在工业化初期和中期，与中小城市相比，大城市在比较紧缺的基础设施配套、公共管理服务质量、对外交流合作通道建设等方面占有明显优势，一般加工业项目偏爱大城市，导致大城市对周边中小城市形成强烈的虹吸效应。他说，“到了工业化后期阶段，大城市与周边中小城市在基础设施、公共管理服务、对外交流合作通道等方面的差别不大，只要制定的城市发展战略科学合理，那么大中小城市就能取得的效果，中小城市也会享用更多的来自周边大城市的溢出效益。”年“六普”数据显示，六安市常住人口为万，到年底，六安市常住人口万人，与十二年前相比减少近万。而目前六安户籍人口万人，与常住人口相差约万人。由于毗邻，多年来六安一直是合肥人口迁入的第一大来源地。而为了配合同城化发展，两地交通便捷程度不断提升。年月，合肥发布消息称合六路工程的最后一个节点主体结构封顶，这也标志着工程项目主线实现全线贯通，主线道路很快将放行通车。届时，合肥、六安两市之间的联系将进一步加强。随着交通越来越便利，同城化又进一步促进两地的交流，六安是否可能进一步被虹吸？在曾刚看来，在同城化过程六安被合肥“虹吸”的风险不容小觑。为了避免合肥与六安发展差距的扩大，必须未雨绸缪，制定科学合理的同城化发展方案，适时采取有力措施，消除六安与合肥在公共服务方面的短板。他说，“合肥与六安等周边中小城市应该建立的是平等互动合作的伙伴关系，而非处理落后产能、外置低端城市功能的容器。”产业合作是关键除了公共服务等方面的合理布局规划，产业层面的合作，也被不少业内人士看作避免被虹吸的关键。“人口随着产业迁移，发展产业是留住常住人口极为关键的一点。”牛凤瑞分析。不少背靠大城市，在同城化中发展较好的城市，不少都受益于产业合作与供应链共享。多年来，广东的“广佛同城”持续、快速发展。佛山与广州的产业链，有着紧密配合。三大日系汽车品牌本田、丰田、日产在我国的主要生产基地，均在广州市内，而毗邻广州的佛山南海区，目前仅狮山镇就有整车及汽车零部件企业余家，涵盖了本田、丰田、日产三大汽车生产商的配件供应商。在总体布局上，形成了南海汽配、广州整车的产业格局。此前，六安在农业以及相关加工业层面，有一定优势。比如，茶产业已成为六安市最具区域特色的优势产业。而制定同城化战略后，六安也开始向合肥的产业结构靠拢。年月，六安出台了《电子信息发展三年行动计划（年）》，按照“五光示色”产业定位（“五”代表以技术为主的现代通信，“光”代表太阳能光伏，“示”代表新型显示，“色”代表电光源），打算利用毗邻合肥的区位优势，打造若干个电子信息产业集群。六安市经信局局长黄胜红最近公开表示，六安将智能电动汽车作为重要支柱产业，努力做好合肥新能源整车企业配套服务，力争进入合肥乃至全国新能源汽车供应链体系。据了解，六安市现有智能电动汽车配套企业家，其中一级配套企业户，二级配套企业户，三级配套企业户，年产值亿元，同比增长。在曾刚看来，合肥要发挥好辐射带动作用，还有多种模式可以探索。他说，“可以建立创新共同体，发挥合肥科教、人才资源以及六安等城市的生态环境、建设空间优势，通过建设跨区域科创平台、创新飞地等方式，推进跨区域政产学研用金一体化；此外，还可以建设跨地域产业集群，改革开发区管理机制，通过购买服务、委托经营等方式，引进高水平专业化园区管理公司，实现各市开发区的连锁管理，联合建设产业创新集群。”中国新闻周刊作者：赵越;#安徽身边事#;138;慕远帆;江苏;可以，好好发展;2024-01-14 17:51:04;0;0.0113016301964339;0;0
永川法院;;0;0;1;0;习近平同马尔代夫总统穆伊兹会谈新华社北京月日电月日下午，国家主席习近平在人民大会堂同来华进行国事访问的马尔代夫总统穆伊兹举行会谈。两国元首宣布，将中马关系提升为全面战略合作伙伴关系。习近平指出，中国和马尔代夫是传统友好近邻，两国人民通过古代海上丝绸之路建立友好联系。中马建交年来，两国始终相互尊重、相互支持，树立了大小国家平等相待、守望相助、互利共赢的典范。近年来，两国关系深入发展，共建“一带一路”和各领域交流合作取得丰硕成果。新形势下，中马关系面临承前启后、继往开来的历史契机。将中马关系提升为全面战略合作伙伴关系，符合中马关系发展需要和两国人民期待。中方愿同马方一道，不断拓展各领域交流合作，共同致力于打造中马命运共同体。习近平深刻阐释了中国共产党百年奋斗历程和宝贵经验。习近平强调，中方尊重和支持马方探索符合本国国情的发展道路，坚定支持马方维护国家主权独立、领土完整、民族尊严，愿同马方交流治国理政经验，加强发展战略对接，推进高质量共建“一带一路”，为中马友谊树立新标杆。双方要加强经贸投资、农业园区、蓝色经济、绿色经济、数字经济等领域合作，拓展海洋生态环境保护等合作，加强人文交流。中方支持更多马尔代夫优秀学生来华留学，推动增加两国直航航班。习近平指出，中马同为发展中国家，在国际和地区事务中拥有相近看法和立场。双方要密切多边沟通协作，维护真正的多边主义和发展中国家共同利益，共同努力推动构建人类命运共同体，让世界更加和平、更加安全、更加繁荣。中方愿同马方加强协调合作，落实联合国气候变化迪拜大会达成的共识，推动《巴黎协定》全面有效实施。穆伊兹表示，我非常荣幸携多位重要内阁部长对中国进行首次国事访问，成为今年中方接待的首位外国元首，这充分体现了我们双方对发展马中关系的高度重视。马方坚定奉行一个中国政策。坚定相互支持对方维护国家主权独立和领土完整，这是马中关系持续良好发展的坚实基础。今年是习近平主席对马尔代夫进行历史性国事访问十周年。中方为马经济社会发展提供了大量宝贵帮助，马中合作特别是共建“一带一路”，使马尔代夫人民受益良多，马中友谊大桥已经成为两国人民友谊的象征。我此次参访福建期间，亲眼目睹中国发展取得的巨大成就，亲身感受到习近平主席的卓越领导力。马方期待以构建全面战略合作伙伴关系为契机，进一步拓展双边合作新渠道，增加双边关系新内涵，推进高质量共建“一带一路”，推动马中关系取得更多新发展，为两国人民创造更多福祉。欢迎中方为促进人文交流采取的积极措施，期待更多中国游客赴马旅游。马方支持习近平主席提出的全球发展倡议、全球安全倡议、全球文明倡议，愿同中方在国际地区事务中密切沟通协作，加强相互支持。会谈后，两国元首共同见证签署关于构建中马全面战略合作伙伴关系行动计划以及共建“一带一路”、灾害管理、经济技术、蓝色经济、数字经济、绿色发展、基础设施和民生等领域多项双边合作文件。会谈前，习近平和夫人彭丽媛在人民大会堂北大厅为穆伊兹和夫人萨吉达举行欢迎仪式。天安门广场鸣放响礼炮，礼兵列队致敬。两国元首登上检阅台，军乐团奏中马两国国歌。穆伊兹在习近平陪同下检阅中国人民解放军仪仗队，并观看分列式。当晚，习近平和彭丽媛在人民大会堂金色大厅为穆伊兹夫妇举行欢迎宴会。王毅参加上述活动。穆伊兹访华期间，双方将发表《中华人民共和国和马尔代夫共和国联合新闻公报》。（新华社记者：朱超）;;33155;德州中院;其他;@永川法院;2024-01-12 07:05:52;0;0.0125945068357806;0;1
新时代中国外交思想库;;0;3;1;23;习主席今年接待的首位外国元首习近平同马尔代夫总统穆伊兹会谈年月日下午，国家主席习近平在人民大会堂同来华进行国事访问的马尔代夫总统穆伊兹举行会谈。两国元首宣布，将中马关系提升为全面战略合作伙伴关系。习近平指出，中国和马尔代夫是传统友好近邻，两国人民通过古代海上丝绸之路建立友好联系。中马建交年来，两国始终相互尊重、相互支持，树立了大小国家平等相待、守望相助、互利共赢的典范。近年来，两国关系深入发展，共建“一带一路”和各领域交流合作取得丰硕成果。新形势下，中马关系面临承前启后、继往开来的历史契机。将中马关系提升为全面战略合作伙伴关系，符合中马关系发展需要和两国人民期待。中方愿同马方一道，不断拓展各领域交流合作，共同致力于打造中马命运共同体。习近平深刻阐释了中国共产党百年奋斗历程和宝贵经验。习近平强调，中方尊重和支持马方探索符合本国国情的发展道路，坚定支持马方维护国家主权独立、领土完整、民族尊严，愿同马方交流治国理政经验，加强发展战略对接，推进高质量共建“一带一路”，为中马友谊树立新标杆。双方要加强经贸投资、农业园区、蓝色经济、绿色经济、数字经济等领域合作，拓展海洋生态环境保护等合作，加强人文交流。中方支持更多马尔代夫优秀学生来华留学，推动增加两国直航航班。习近平指出，中马同为发展中国家，在国际和地区事务中拥有相近看法和立场。双方要密切多边沟通协作，维护真正的多边主义和发展中国家共同利益，共同努力推动构建人类命运共同体，让世界更加和平、更加安全、更加繁荣。中方愿同马方加强协调合作，落实联合国气候变化迪拜大会达成的共识，推动《巴黎协定》全面有效实施。穆伊兹表示，我非常荣幸携多位重要内阁部长对中国进行首次国事访问，成为今年中方接待的首位外国元首，这充分体现了我们双方对发展马中关系的高度重视。马方坚定奉行一个中国政策。坚定相互支持对方维护国家主权独立和领土完整，这是马中关系持续良好发展的坚实基础。今年是习近平主席对马尔代夫进行历史性国事访问十周年。中方为马经济社会发展提供了大量宝贵帮助，马中合作特别是共建“一带一路”，使马尔代夫人民受益良多，马中友谊大桥已经成为两国人民友谊的象征。我此次参访福建期间，亲眼目睹中国发展取得的巨大成就，亲身感受到习近平主席的卓越领导力。马方期待以构建全面战略合作伙伴关系为契机，进一步拓展双边合作新渠道，增加双边关系新内涵，推进高质量共建“一带一路”，推动马中关系取得更多新发展，为两国人民创造更多福祉。欢迎中方为促进人文交流采取的积极措施，期待更多中国游客赴马旅游。马方支持习近平主席提出的全球发展倡议、全球安全倡议、全球文明倡议，愿同中方在国际地区事务中密切沟通协作，加强相互支持。会谈后，两国元首共同见证签署关于构建中马全面战略合作伙伴关系行动计划以及共建“一带一路”、灾害管理、经济技术、蓝色经济、数字经济、绿色发展、基础设施和民生等领域多项双边合作文件。会谈前，习近平和夫人彭丽媛在人民大会堂北大厅为穆伊兹和夫人萨吉达举行欢迎仪式。天安门广场鸣放响礼炮，礼兵列队致敬。两国元首登上检阅台，军乐团奏中马两国国歌。穆伊兹在习近平陪同下检阅中国人民解放军仪仗队，并观看分列式。当晚，习近平和彭丽媛在人民大会堂金色大厅为穆伊兹夫妇举行欢迎宴会。王毅参加上述活动。穆伊兹访华期间，双方将发表《中华人民共和国和马尔代夫共和国联合新闻公报》。央视新闻的微博视频;#习主席今年接待的首位外国元首##习近平同马尔代夫总统穆伊兹会谈##中马关系#央视新闻的微博视频;15;用户6105305299;其他;有朋来自远方，不亦乐乎[good];2024-01-11 17:13:45;0;0.0127656821519454;0;0
商丘日报;;0;1;1;0;商丘日报我市连续年获省政府质量工作考核等次近日，河南省年度政府质量工作考核结果公布，我市再次获得等次的佳绩，据了解，这已是商丘市连续三年在全省政府质量工作考核中获得等次。近年来，市委、市政府高度重视质量工作，深入实施质量强市和品牌发展战略，大力开展质量提升行动，进一步夯实质量发展基础，着力推动我市质量变革、效率变革、动力变革，为全市经济社会发展作出了新的贡献。提高站位，深入实施质量强市战略。认真学习贯彻《质量强国建设纲要》，我市组织多种形式的学习宣传活动，将《质量强国建设纲要》纳入市委党校培训课程；我市持续开展省质量强县示范县创建工作，目前全市共个县（市、区）创建省质量强县示范县，占全省创建总数的，在全省位列前茅；强化督导考核推动，充分发挥市质量强市工作领导小组办公室职责，认真做好统筹协调工作，促进各项工作落实落地；强化与质量强市工作领导小组办公室沟通，及时发现质量考核工作中存在的不足，查漏补缺，圆满完成余份考核印证材料的整理、审核、上报工作，为我市质量考核取得优异成绩打下了坚实基础。多措并举，强力推动品牌发展战略。我市出台《关于实施品牌建设争创“美豫名品”公共品牌三年行动计划（年）》，全市共征集个“美豫名品”培育单位；开展政府质量奖培育工作，印发《商丘市政府质量奖培育发展计划（年）》，从国家、省、市、县四个层面建立政府质量奖培育库，对家企业开展政府质量奖培育；扎实推进第八届市长质量奖申报评选工作，目前申报评选工作有序推进。突出重点，全面开展质量提升行动。加强消费品召回管理，确保人民群众生命健康和财产安全，我市出台《关于做好消费品召回管理工作的通知》，明确了属地管理责任和工作重点；为进一步拓宽产品伤害信息收集渠道，在全市布局产品伤害风险监测点个，构建我市产品伤害信息收集平台；推行企业首席质量官制度，助力企业高质量发展，目前全市有名企业首席质量官培训取证，有家企业推行首席质量官制度；在全市开展商丘市第二届优秀企业首席质量官评选活动，共评选出名优秀企业首席质量官；发动全市企业首席质量官申报企业首席质量官质量变革创新典型案例，经过遴选，柘城厚德钻石有限公司首席质量官案例上报国家市场监管总局；强化培训，提升企业质量管理水平，我市举办期企业首席质量官线上大讲堂，邀请省内质量管理专家授课，共人次参加培训；深入开展质量基础设施“一站式”服务，推动园区内质量技术服务事项就近集中解决，力求“进一扇门、填一张服务清单、办结所需事项”，最大限度发挥质量基础设施效能；组织质量基础管理专家，深入产业集聚区和一线企业，开展面对面质量基础设施“一站式”服务，“一揽子”解决企业急难愁盼问题。与此同时，商丘市加强社会共治，牵头组织个部门开展“质量月”活动；开展消费品安全教育“进社区、进校园、进乡镇”活动；组织专家开展质量基础设施“一站式”服务入园区活动，通过有力的宣传在全社会形成了关心质量安全的浓厚氛围。记者高会鹏;#商丘日报#;2;Pt_jay99;其他;[good][good][good];2024-01-09 23:27:10;0;0.0048290881124376;0;1
衡阳县公安局;;0;24;18;19;公安心向党奋进新征程“警察蓝”绘就“平安色”盘点年衡阳县公安工作“十大亮点”亮点七：夯实基层基础，在基层治理上推出新经验。召开了全县加强新时代公安派出所工作现场会，编印《加强新时代公安派出所工作三年行动计划工作指引》，推出《基层所队行》《咱们的派出所》等系列栏目，推动新一轮加强派出所工作三年行动；认真研究破解基层基础工作薄弱难题，坚持“一盘棋”，实施“一所一策”，充分融合盘活本地资源，以异地新建、置换改造、原址提质等多种方式，扎实推进基础设施提质升级行动，启动了城西、洪市、金兰、演陂和高新园区等个派出所新建，完成了长安、界牌、栏垅、杉桥等派出所项目提质改造，无房、危房派出所已经“清零”，基层基础建设实现了历史性的“跨越”；在岘山派出所成立模范好人调解室示范点，用向善力量化解矛盾，全面推进新时代派出所工作高质量发展。“警察蓝”绘就“平安色”盘点年衡阳县公安工作“十大亮点”;#公安心向党 奋进新征程#“警察蓝”绘就“平安色”！盘点2023年衡阳县公安工作“十大亮点”;1;O洪帅;其他;[话筒][话筒][话筒][话筒];2024-01-07 21:32:02;0;0.0088434045992841;0;0
衡阳县公安局;;0;24;18;19;公安心向党奋进新征程“警察蓝”绘就“平安色”盘点年衡阳县公安工作“十大亮点”亮点七：夯实基层基础，在基层治理上推出新经验。召开了全县加强新时代公安派出所工作现场会，编印《加强新时代公安派出所工作三年行动计划工作指引》，推出《基层所队行》《咱们的派出所》等系列栏目，推动新一轮加强派出所工作三年行动；认真研究破解基层基础工作薄弱难题，坚持“一盘棋”，实施“一所一策”，充分融合盘活本地资源，以异地新建、置换改造、原址提质等多种方式，扎实推进基础设施提质升级行动，启动了城西、洪市、金兰、演陂和高新园区等个派出所新建，完成了长安、界牌、栏垅、杉桥等派出所项目提质改造，无房、危房派出所已经“清零”，基层基础建设实现了历史性的“跨越”；在岘山派出所成立模范好人调解室示范点，用向善力量化解矛盾，全面推进新时代派出所工作高质量发展。“警察蓝”绘就“平安色”盘点年衡阳县公安工作“十大亮点”;#公安心向党 奋进新征程#“警察蓝”绘就“平安色”！盘点2023年衡阳县公安工作“十大亮点”;11;陈兰37256;其他;[话筒][话筒][话筒];2024-01-07 20:07:34;0;0.0088434045992841;0;0
衡阳县公安局;;0;24;18;19;公安心向党奋进新征程“警察蓝”绘就“平安色”盘点年衡阳县公安工作“十大亮点”亮点七：夯实基层基础，在基层治理上推出新经验。召开了全县加强新时代公安派出所工作现场会，编印《加强新时代公安派出所工作三年行动计划工作指引》，推出《基层所队行》《咱们的派出所》等系列栏目，推动新一轮加强派出所工作三年行动；认真研究破解基层基础工作薄弱难题，坚持“一盘棋”，实施“一所一策”，充分融合盘活本地资源，以异地新建、置换改造、原址提质等多种方式，扎实推进基础设施提质升级行动，启动了城西、洪市、金兰、演陂和高新园区等个派出所新建，完成了长安、界牌、栏垅、杉桥等派出所项目提质改造，无房、危房派出所已经“清零”，基层基础建设实现了历史性的“跨越”；在岘山派出所成立模范好人调解室示范点，用向善力量化解矛盾，全面推进新时代派出所工作高质量发展。“警察蓝”绘就“平安色”盘点年衡阳县公安工作“十大亮点”;#公安心向党 奋进新征程#“警察蓝”绘就“平安色”！盘点2023年衡阳县公安工作“十大亮点”;18;关市刘光明;湖南;[话筒][话筒][话筒];2024-01-07 16:59:14;0;0.0088434045992841;0;0
衡阳县公安局;;0;24;18;19;公安心向党奋进新征程“警察蓝”绘就“平安色”盘点年衡阳县公安工作“十大亮点”亮点七：夯实基层基础，在基层治理上推出新经验。召开了全县加强新时代公安派出所工作现场会，编印《加强新时代公安派出所工作三年行动计划工作指引》，推出《基层所队行》《咱们的派出所》等系列栏目，推动新一轮加强派出所工作三年行动；认真研究破解基层基础工作薄弱难题，坚持“一盘棋”，实施“一所一策”，充分融合盘活本地资源，以异地新建、置换改造、原址提质等多种方式，扎实推进基础设施提质升级行动，启动了城西、洪市、金兰、演陂和高新园区等个派出所新建，完成了长安、界牌、栏垅、杉桥等派出所项目提质改造，无房、危房派出所已经“清零”，基层基础建设实现了历史性的“跨越”；在岘山派出所成立模范好人调解室示范点，用向善力量化解矛盾，全面推进新时代派出所工作高质量发展。“警察蓝”绘就“平安色”盘点年衡阳县公安工作“十大亮点”;#公安心向党 奋进新征程#“警察蓝”绘就“平安色”！盘点2023年衡阳县公安工作“十大亮点”;26;罗艳军11;湖南;[话筒];2024-01-07 13:43:19;0;0.0088434045992841;0;0
衡阳县公安局;;0;24;18;19;公安心向党奋进新征程“警察蓝”绘就“平安色”盘点年衡阳县公安工作“十大亮点”亮点七：夯实基层基础，在基层治理上推出新经验。召开了全县加强新时代公安派出所工作现场会，编印《加强新时代公安派出所工作三年行动计划工作指引》，推出《基层所队行》《咱们的派出所》等系列栏目，推动新一轮加强派出所工作三年行动；认真研究破解基层基础工作薄弱难题，坚持“一盘棋”，实施“一所一策”，充分融合盘活本地资源，以异地新建、置换改造、原址提质等多种方式，扎实推进基础设施提质升级行动，启动了城西、洪市、金兰、演陂和高新园区等个派出所新建，完成了长安、界牌、栏垅、杉桥等派出所项目提质改造，无房、危房派出所已经“清零”，基层基础建设实现了历史性的“跨越”；在岘山派出所成立模范好人调解室示范点，用向善力量化解矛盾，全面推进新时代派出所工作高质量发展。“警察蓝”绘就“平安色”盘点年衡阳县公安工作“十大亮点”;#公安心向党 奋进新征程#“警察蓝”绘就“平安色”！盘点2023年衡阳县公安工作“十大亮点”;2;小平0910;其他;[话筒][话筒][话筒];2024-01-07 12:58:33;0;0.0088434045992841;0;0
衡阳县公安局;;0;24;18;19;公安心向党奋进新征程“警察蓝”绘就“平安色”盘点年衡阳县公安工作“十大亮点”亮点七：夯实基层基础，在基层治理上推出新经验。召开了全县加强新时代公安派出所工作现场会，编印《加强新时代公安派出所工作三年行动计划工作指引》，推出《基层所队行》《咱们的派出所》等系列栏目，推动新一轮加强派出所工作三年行动；认真研究破解基层基础工作薄弱难题，坚持“一盘棋”，实施“一所一策”，充分融合盘活本地资源，以异地新建、置换改造、原址提质等多种方式，扎实推进基础设施提质升级行动，启动了城西、洪市、金兰、演陂和高新园区等个派出所新建，完成了长安、界牌、栏垅、杉桥等派出所项目提质改造，无房、危房派出所已经“清零”，基层基础建设实现了历史性的“跨越”；在岘山派出所成立模范好人调解室示范点，用向善力量化解矛盾，全面推进新时代派出所工作高质量发展。“警察蓝”绘就“平安色”盘点年衡阳县公安工作“十大亮点”;#公安心向党 奋进新征程#“警察蓝”绘就“平安色”！盘点2023年衡阳县公安工作“十大亮点”;1;阳少合;其他;[话筒][话筒][话筒];2024-01-08 05:57:16;0;0.0088434045992841;0;0
衡阳县公安局;;0;24;18;19;公安心向党奋进新征程“警察蓝”绘就“平安色”盘点年衡阳县公安工作“十大亮点”亮点七：夯实基层基础，在基层治理上推出新经验。召开了全县加强新时代公安派出所工作现场会，编印《加强新时代公安派出所工作三年行动计划工作指引》，推出《基层所队行》《咱们的派出所》等系列栏目，推动新一轮加强派出所工作三年行动；认真研究破解基层基础工作薄弱难题，坚持“一盘棋”，实施“一所一策”，充分融合盘活本地资源，以异地新建、置换改造、原址提质等多种方式，扎实推进基础设施提质升级行动，启动了城西、洪市、金兰、演陂和高新园区等个派出所新建，完成了长安、界牌、栏垅、杉桥等派出所项目提质改造，无房、危房派出所已经“清零”，基层基础建设实现了历史性的“跨越”；在岘山派出所成立模范好人调解室示范点，用向善力量化解矛盾，全面推进新时代派出所工作高质量发展。“警察蓝”绘就“平安色”盘点年衡阳县公安工作“十大亮点”;#公安心向党 奋进新征程#“警察蓝”绘就“平安色”！盘点2023年衡阳县公安工作“十大亮点”;1;龙敏68669;其他;[话筒][话筒][话筒];2024-01-07 23:42:36;0;0.0088434045992841;0;0
衡阳县公安局;;0;24;18;19;公安心向党奋进新征程“警察蓝”绘就“平安色”盘点年衡阳县公安工作“十大亮点”亮点七：夯实基层基础，在基层治理上推出新经验。召开了全县加强新时代公安派出所工作现场会，编印《加强新时代公安派出所工作三年行动计划工作指引》，推出《基层所队行》《咱们的派出所》等系列栏目，推动新一轮加强派出所工作三年行动；认真研究破解基层基础工作薄弱难题，坚持“一盘棋”，实施“一所一策”，充分融合盘活本地资源，以异地新建、置换改造、原址提质等多种方式，扎实推进基础设施提质升级行动，启动了城西、洪市、金兰、演陂和高新园区等个派出所新建，完成了长安、界牌、栏垅、杉桥等派出所项目提质改造，无房、危房派出所已经“清零”，基层基础建设实现了历史性的“跨越”；在岘山派出所成立模范好人调解室示范点，用向善力量化解矛盾，全面推进新时代派出所工作高质量发展。“警察蓝”绘就“平安色”盘点年衡阳县公安工作“十大亮点”;#公安心向党 奋进新征程#“警察蓝”绘就“平安色”！盘点2023年衡阳县公安工作“十大亮点”;2;王炎6006;其他;[话筒];2024-01-07 22:33:20;0;0.0088434045992841;0;0
衡阳县公安局;;0;24;18;19;公安心向党奋进新征程“警察蓝”绘就“平安色”盘点年衡阳县公安工作“十大亮点”亮点七：夯实基层基础，在基层治理上推出新经验。召开了全县加强新时代公安派出所工作现场会，编印《加强新时代公安派出所工作三年行动计划工作指引》，推出《基层所队行》《咱们的派出所》等系列栏目，推动新一轮加强派出所工作三年行动；认真研究破解基层基础工作薄弱难题，坚持“一盘棋”，实施“一所一策”，充分融合盘活本地资源，以异地新建、置换改造、原址提质等多种方式，扎实推进基础设施提质升级行动，启动了城西、洪市、金兰、演陂和高新园区等个派出所新建，完成了长安、界牌、栏垅、杉桥等派出所项目提质改造，无房、危房派出所已经“清零”，基层基础建设实现了历史性的“跨越”；在岘山派出所成立模范好人调解室示范点，用向善力量化解矛盾，全面推进新时代派出所工作高质量发展。“警察蓝”绘就“平安色”盘点年衡阳县公安工作“十大亮点”;#公安心向党 奋进新征程#“警察蓝”绘就“平安色”！盘点2023年衡阳县公安工作“十大亮点”;2;万孝明;其他;[话筒][话筒][话筒];2024-01-07 20:57:06;0;0.0088434045992841;0;0
衡阳县公安局;;0;24;18;19;公安心向党奋进新征程“警察蓝”绘就“平安色”盘点年衡阳县公安工作“十大亮点”亮点七：夯实基层基础，在基层治理上推出新经验。召开了全县加强新时代公安派出所工作现场会，编印《加强新时代公安派出所工作三年行动计划工作指引》，推出《基层所队行》《咱们的派出所》等系列栏目，推动新一轮加强派出所工作三年行动；认真研究破解基层基础工作薄弱难题，坚持“一盘棋”，实施“一所一策”，充分融合盘活本地资源，以异地新建、置换改造、原址提质等多种方式，扎实推进基础设施提质升级行动，启动了城西、洪市、金兰、演陂和高新园区等个派出所新建，完成了长安、界牌、栏垅、杉桥等派出所项目提质改造，无房、危房派出所已经“清零”，基层基础建设实现了历史性的“跨越”；在岘山派出所成立模范好人调解室示范点，用向善力量化解矛盾，全面推进新时代派出所工作高质量发展。“警察蓝”绘就“平安色”盘点年衡阳县公安工作“十大亮点”;#公安心向党 奋进新征程#“警察蓝”绘就“平安色”！盘点2023年衡阳县公安工作“十大亮点”;1;王双林21;其他;[话筒][话筒][话筒];2024-01-07 20:50:57;0;0.0088434045992841;0;0
衡阳县公安局;;0;24;18;19;公安心向党奋进新征程“警察蓝”绘就“平安色”盘点年衡阳县公安工作“十大亮点”亮点七：夯实基层基础，在基层治理上推出新经验。召开了全县加强新时代公安派出所工作现场会，编印《加强新时代公安派出所工作三年行动计划工作指引》，推出《基层所队行》《咱们的派出所》等系列栏目，推动新一轮加强派出所工作三年行动；认真研究破解基层基础工作薄弱难题，坚持“一盘棋”，实施“一所一策”，充分融合盘活本地资源，以异地新建、置换改造、原址提质等多种方式，扎实推进基础设施提质升级行动，启动了城西、洪市、金兰、演陂和高新园区等个派出所新建，完成了长安、界牌、栏垅、杉桥等派出所项目提质改造，无房、危房派出所已经“清零”，基层基础建设实现了历史性的“跨越”；在岘山派出所成立模范好人调解室示范点，用向善力量化解矛盾，全面推进新时代派出所工作高质量发展。“警察蓝”绘就“平安色”盘点年衡阳县公安工作“十大亮点”;#公安心向党 奋进新征程#“警察蓝”绘就“平安色”！盘点2023年衡阳县公安工作“十大亮点”;2;李金莲7670;其他;[话筒][话筒][话筒];2024-01-07 20:28:23;0;0.0088434045992841;0;0
衡阳县公安局;;0;24;18;19;公安心向党奋进新征程“警察蓝”绘就“平安色”盘点年衡阳县公安工作“十大亮点”亮点七：夯实基层基础，在基层治理上推出新经验。召开了全县加强新时代公安派出所工作现场会，编印《加强新时代公安派出所工作三年行动计划工作指引》，推出《基层所队行》《咱们的派出所》等系列栏目，推动新一轮加强派出所工作三年行动；认真研究破解基层基础工作薄弱难题，坚持“一盘棋”，实施“一所一策”，充分融合盘活本地资源，以异地新建、置换改造、原址提质等多种方式，扎实推进基础设施提质升级行动，启动了城西、洪市、金兰、演陂和高新园区等个派出所新建，完成了长安、界牌、栏垅、杉桥等派出所项目提质改造，无房、危房派出所已经“清零”，基层基础建设实现了历史性的“跨越”；在岘山派出所成立模范好人调解室示范点，用向善力量化解矛盾，全面推进新时代派出所工作高质量发展。“警察蓝”绘就“平安色”盘点年衡阳县公安工作“十大亮点”;#公安心向党 奋进新征程#“警察蓝”绘就“平安色”！盘点2023年衡阳县公安工作“十大亮点”;1;V廖小华;湖南;[话筒][话筒][话筒];2024-01-07 18:40:20;0;0.0088434045992841;0;0
衡阳县公安局;;0;24;18;19;公安心向党奋进新征程“警察蓝”绘就“平安色”盘点年衡阳县公安工作“十大亮点”亮点七：夯实基层基础，在基层治理上推出新经验。召开了全县加强新时代公安派出所工作现场会，编印《加强新时代公安派出所工作三年行动计划工作指引》，推出《基层所队行》《咱们的派出所》等系列栏目，推动新一轮加强派出所工作三年行动；认真研究破解基层基础工作薄弱难题，坚持“一盘棋”，实施“一所一策”，充分融合盘活本地资源，以异地新建、置换改造、原址提质等多种方式，扎实推进基础设施提质升级行动，启动了城西、洪市、金兰、演陂和高新园区等个派出所新建，完成了长安、界牌、栏垅、杉桥等派出所项目提质改造，无房、危房派出所已经“清零”，基层基础建设实现了历史性的“跨越”；在岘山派出所成立模范好人调解室示范点，用向善力量化解矛盾，全面推进新时代派出所工作高质量发展。“警察蓝”绘就“平安色”盘点年衡阳县公安工作“十大亮点”;#公安心向党 奋进新征程#“警察蓝”绘就“平安色”！盘点2023年衡阳县公安工作“十大亮点”;1;粟兵0718;其他;[话筒][话筒][话筒];2024-01-07 18:10:59;0;0.0088434045992841;0;0
衡阳县公安局;;0;24;18;19;公安心向党奋进新征程“警察蓝”绘就“平安色”盘点年衡阳县公安工作“十大亮点”亮点七：夯实基层基础，在基层治理上推出新经验。召开了全县加强新时代公安派出所工作现场会，编印《加强新时代公安派出所工作三年行动计划工作指引》，推出《基层所队行》《咱们的派出所》等系列栏目，推动新一轮加强派出所工作三年行动；认真研究破解基层基础工作薄弱难题，坚持“一盘棋”，实施“一所一策”，充分融合盘活本地资源，以异地新建、置换改造、原址提质等多种方式，扎实推进基础设施提质升级行动，启动了城西、洪市、金兰、演陂和高新园区等个派出所新建，完成了长安、界牌、栏垅、杉桥等派出所项目提质改造，无房、危房派出所已经“清零”，基层基础建设实现了历史性的“跨越”；在岘山派出所成立模范好人调解室示范点，用向善力量化解矛盾，全面推进新时代派出所工作高质量发展。“警察蓝”绘就“平安色”盘点年衡阳县公安工作“十大亮点”;#公安心向党 奋进新征程#“警察蓝”绘就“平安色”！盘点2023年衡阳县公安工作“十大亮点”;1;徐明岩1123;其他;[话筒];2024-01-07 14:09:21;0;0.0088434045992841;0;0
衡阳县公安局;;0;24;18;19;公安心向党奋进新征程“警察蓝”绘就“平安色”盘点年衡阳县公安工作“十大亮点”亮点七：夯实基层基础，在基层治理上推出新经验。召开了全县加强新时代公安派出所工作现场会，编印《加强新时代公安派出所工作三年行动计划工作指引》，推出《基层所队行》《咱们的派出所》等系列栏目，推动新一轮加强派出所工作三年行动；认真研究破解基层基础工作薄弱难题，坚持“一盘棋”，实施“一所一策”，充分融合盘活本地资源，以异地新建、置换改造、原址提质等多种方式，扎实推进基础设施提质升级行动，启动了城西、洪市、金兰、演陂和高新园区等个派出所新建，完成了长安、界牌、栏垅、杉桥等派出所项目提质改造，无房、危房派出所已经“清零”，基层基础建设实现了历史性的“跨越”；在岘山派出所成立模范好人调解室示范点，用向善力量化解矛盾，全面推进新时代派出所工作高质量发展。“警察蓝”绘就“平安色”盘点年衡阳县公安工作“十大亮点”;#公安心向党 奋进新征程#“警察蓝”绘就“平安色”！盘点2023年衡阳县公安工作“十大亮点”;2;刘春红147qS;其他;[话筒][话筒][话筒];2024-01-07 19:40:23;0;0.0088434045992841;0;0
衡阳县公安局;;0;24;18;19;公安心向党奋进新征程“警察蓝”绘就“平安色”盘点年衡阳县公安工作“十大亮点”亮点七：夯实基层基础，在基层治理上推出新经验。召开了全县加强新时代公安派出所工作现场会，编印《加强新时代公安派出所工作三年行动计划工作指引》，推出《基层所队行》《咱们的派出所》等系列栏目，推动新一轮加强派出所工作三年行动；认真研究破解基层基础工作薄弱难题，坚持“一盘棋”，实施“一所一策”，充分融合盘活本地资源，以异地新建、置换改造、原址提质等多种方式，扎实推进基础设施提质升级行动，启动了城西、洪市、金兰、演陂和高新园区等个派出所新建，完成了长安、界牌、栏垅、杉桥等派出所项目提质改造，无房、危房派出所已经“清零”，基层基础建设实现了历史性的“跨越”；在岘山派出所成立模范好人调解室示范点，用向善力量化解矛盾，全面推进新时代派出所工作高质量发展。“警察蓝”绘就“平安色”盘点年衡阳县公安工作“十大亮点”;#公安心向党 奋进新征程#“警察蓝”绘就“平安色”！盘点2023年衡阳县公安工作“十大亮点”;1;用户7880341187;湖南;[话筒];2024-01-07 19:10:17;0;0.0088434045992841;0;0
衡阳县公安局;;0;24;18;19;公安心向党奋进新征程“警察蓝”绘就“平安色”盘点年衡阳县公安工作“十大亮点”亮点七：夯实基层基础，在基层治理上推出新经验。召开了全县加强新时代公安派出所工作现场会，编印《加强新时代公安派出所工作三年行动计划工作指引》，推出《基层所队行》《咱们的派出所》等系列栏目，推动新一轮加强派出所工作三年行动；认真研究破解基层基础工作薄弱难题，坚持“一盘棋”，实施“一所一策”，充分融合盘活本地资源，以异地新建、置换改造、原址提质等多种方式，扎实推进基础设施提质升级行动，启动了城西、洪市、金兰、演陂和高新园区等个派出所新建，完成了长安、界牌、栏垅、杉桥等派出所项目提质改造，无房、危房派出所已经“清零”，基层基础建设实现了历史性的“跨越”；在岘山派出所成立模范好人调解室示范点，用向善力量化解矛盾，全面推进新时代派出所工作高质量发展。“警察蓝”绘就“平安色”盘点年衡阳县公安工作“十大亮点”;#公安心向党 奋进新征程#“警察蓝”绘就“平安色”！盘点2023年衡阳县公安工作“十大亮点”;1;巡特警蒋东北;其他;[话筒];2024-01-08 09:45:29;0;0.0088434045992841;0;0
衡阳县公安局;;0;24;18;19;公安心向党奋进新征程“警察蓝”绘就“平安色”盘点年衡阳县公安工作“十大亮点”亮点七：夯实基层基础，在基层治理上推出新经验。召开了全县加强新时代公安派出所工作现场会，编印《加强新时代公安派出所工作三年行动计划工作指引》，推出《基层所队行》《咱们的派出所》等系列栏目，推动新一轮加强派出所工作三年行动；认真研究破解基层基础工作薄弱难题，坚持“一盘棋”，实施“一所一策”，充分融合盘活本地资源，以异地新建、置换改造、原址提质等多种方式，扎实推进基础设施提质升级行动，启动了城西、洪市、金兰、演陂和高新园区等个派出所新建，完成了长安、界牌、栏垅、杉桥等派出所项目提质改造，无房、危房派出所已经“清零”，基层基础建设实现了历史性的“跨越”；在岘山派出所成立模范好人调解室示范点，用向善力量化解矛盾，全面推进新时代派出所工作高质量发展。“警察蓝”绘就“平安色”盘点年衡阳县公安工作“十大亮点”;#公安心向党 奋进新征程#“警察蓝”绘就“平安色”！盘点2023年衡阳县公安工作“十大亮点”;1;陈兰6739-2;湖南;[话筒][话筒][话筒];2024-01-07 19:15:49;0;0.0088434045992841;0;0
伊川县融媒体中心;;0;4;8;42;视频县十五届人大四次会议隆重开幕月日上午，县十五届人大四次会议隆重开幕。来自全县各行各业、各条战线的人大代表肩负着全县人民的希冀和重托，认真履行宪法和法律赋予的神圣职责，为现代化伊川建设贡献智慧和力量。大会主席团常务主席仝宇鹏、王智朋、卫学军、马建民、魏淼、梁纪朋、王怀林、陈友宾、赵永川在主席台前排就座。程广勇、张利民、吉跃龙、齐小伟、翟迎辉、常光磊、刘伟、白力、梁光照、李其超、张孝先、刘翠香、毛国良、王瑞鹏、郭孟现、李建军、张绍宁、蒋艳萍、杨晓、杨鹏辉、李玉峰、韩海洋、王中可、李冰、姬向懿、郭燕燕、海建伟、邓聚欣、王妙云、范振国、刘建设及大会主席团其他成员在主席台就座。大会主席团常务主席马建民主持大会开幕式。本次大会应到代表人，实到人，符合法定人数。上午时，马建民宣布伊川县第十五届人民代表大会第四次会议开幕。全体起立，奏唱国歌。在热烈的掌声中，县长王智朋作政府工作报告。报告共分四个部分：一、年工作回顾；二、年主要目标任务；三、年重点工作；四、加强政府自身建设。王智朋在报告中说，年是全面贯彻党的二十大精神的开局之年，一年来，面对严峻复杂的外部环境、交织叠加的内部困难和艰巨繁重的发展任务，在市委、市政府和县委的坚强领导下，我们坚持以习近平新时代中国特色社会主义思想为指导，完整、准确、全面贯彻新发展理念，克难而为、稳中求进，有效应对了风险挑战、克服了重重困难、争取了工作主动，赢得了伊川高质量发展的新成效。全年生产总值预计增长，规上工业增加值增长，社会消费品零售总额增长，一般公共财政预算收入增长；乡村振兴全面发力，市场化建设乡村振兴示范区，实现良好开局，“伊川模式”受到央视媒体关注并在全国推广；全年累计投入民生资金亿元，件民生实事办成了“民心工程”；扎实开展主题教育，锚定“”总体工作思路，围绕“”工作重点，全县上下汇聚起谋发展、拼发展的磅礴力量，经济发展态势更稳，重点工作推进更快，群众民生福祉更实，干事创业氛围更浓。主要做了以下工作：精准施策，经济运行回升向好；创新赋能，产业发展提质增效：示范带动，乡村振兴全面发力；内外兼修，城市能级提档跃升；以人为本，民生福祉持续增进；党建引领，政府效能更加高效。王智朋说，今年政府工作的总体要求是：以习近平新时代中国特色社会主义思想为指导，全面贯彻党的二十大、二十届二中全会和中央经济工作会议精神，认真落实省委、市委和县委全会暨经济工作会议精神，深入落实省委关于锚定“两个确保”、持续实施“十大战略”和市委关于扭住“三项重点工作”、用好“三个重要抓手”的决策部署，坚持稳中求进工作总基调，完整准确全面贯彻新发展理念，抢抓构建新发展格局战略机遇，按照“”总体工作思路，围绕“”工作重点，不断优化、持续实施三年行动计划，着力稳定经济运行，加快推动转型发展，切实增进民生福祉，有效防范化解重大风险，持续推动经济实现质的有效提升和量的合理增长，不断开创现代化伊川建设新局面。王智朋说，围绕今年的发展目标，重点做好八个方面工作。一是扩投资促消费，在推进经济平稳增长上加压奋进。着力扩大有效投资，加快推进总投资亿元的个重点项目，确保年底前竣工达产个以上。持续激发消费潜能，大力开展各类消费活动，鼓励发展直播电商等平台经济，有效激发农村消费潜力。全力做好助企纾困，“一企一策”精准解决企业反映问题，确保办结率达到以上。大力支持民营企业健康发展，支持中小企业、个体工商户健康发展，全年新增四板挂牌企业家，力争全年实现“个转企”户、“小升规”家。二是抓创新强风口，在优化产业结构布局上加压奋进。发挥创新引领作用，全年新增高新技术企业家、科技型中小企业备案家、市级以上企业研发平台家。全年组织实施科技计划项目个以上，培育规模以上工业企业家、省级“专精特新”企业家、市级提质倍增企业家以上。做大做强产业集群，发挥龙头企业带动作用，做大做强铝加工、新型耐火耐磨材料两大产业集群。全年实施增资扩能和“三大改造”项目个以上，竣工投产个以上，新增产值亿元以上。聚力风口产业培育，紧盯光电信息、新能源、智能制造三大“风口产业”，打造经济发展新引擎。建强产业平台载体，推动伊川县主导产业及风口产业固链、延链、补链，聚链成群。推动文旅农旅融合，加快实施文旅文创“双工程”，大力发展乡村游、农耕游，大力推进研学旅游。三是重特色强带动，在全面推进乡村振兴上加压奋进。坚决守牢两条底线，守住不发生规模性返贫底线，坚决遏制耕地“非农化”、防止“非粮化”，确保全年粮食总产量稳定在亿公斤以上。全力推进乡村振兴示范区建设，实现高标准农田改造万亩以上，规模化经营万亩以上，加快构建“”县乡村三级技能培训体系，实现农村劳动力技能培训人以上。大力发展现代农业，围绕“”特色产业体系，加快推进鸦岭富硒食品深加工、江左食品加工产业园等项目，全力打造循环农业示范区，全年新增肉牛头以上、肉羊万只以上、肉鸡万羽以上。发展壮大集体经济，加大金融惠农力度，持续深化“三变”改革，实现农村集体经济持续增收，年底前实现以上行政村（社区）经营性收入达到万元以上，以上的行政村（社区）实现分红。扎实推进乡村建设，建成区域垃圾中转站座、乡镇供水及污水处理站座、改厕户，高标准打造个供排水一体化示范村，完成鸣皋、鸦岭个省级乡村建设示范镇和个县级乡村振兴示范村建设任务。谋划实施集镇建设项目个，统筹推进个中心镇和其他镇区道路等基础设施建设。提升乡村治理水平，扎实推进“五星”支部创建，夯实乡村社会治理基层基础。全面推进乡里中心建设，年底前全县个行政村（涉农社区）乡里中心实现全覆盖。四是夯基础提品质，在加快提升城市能级上加压奋进。建强综合交通体系，开工建设国道、省道改建工程，县客运物流中心、条乡村公路以及座危桥改造项目年底前竣工投用。加快城市更新步伐，年底前完成理学路大修、文博大道（龙凤大道至文化路段）改扩建工程，完成条背街小巷和个老旧小区改造。不断完善城市功能，新建改扩建体育公园个、公厕座、垃圾中转站个，新建、改造供热管网公里，新增入网面积万平方米。持续提升治理水平，加快推进“智慧城市”建设，深入开展交通秩序、市容市貌、农贸市场、小区物业等整治行动，营造更加宜居舒适的城市空间。五是深改革扩开放，在加速释放动能活力上加压奋进。深化重点领域改革，不断推进开发区“三化三制”改革，持续深化国企改革，纵深推进农村集体产权制度改革，加快财税体制改革。打造一流营商环境，加快数字政府建设，持续深化商事制度改革，大力推进服务型执法、柔性执法，营造公正透明的市场环境。狠抓招商引资质效，瞄准风口产业，扎实开展产业链招商、以商招商、园区招商，全年引进亿元以上项目个以上，投资额不低于亿元。六是惠民生增福祉，在实现人民美好生活上加压奋进。全面保障就业创业，开展各类职业技能培训万人次，新增技能人才万人，新增城镇就业人以上，确保零就业家庭动态清零。促进创业带动就业，新增就业岗位个以上。努力办好人民满意教育，实施中小学、幼儿园新建改扩建项目个，新增各阶段学位个以上，培养省市县名师和骨干教师名，初中毕业生接受高中阶段教育比例达到以上。大力推进健康伊川建设，年底前实现家庭病床服务全覆盖，医共体信息化平台上半年建成投用，年底前完成个国家卫生村和个省级文明村创建任务。持续提升公共服务水平，建成区域养老服务中心个、集中助老服务站点个、村级养老服务点个，新增养老床位张以上。七是严治理优生态，在不断夯实绿色基底上加压奋进。巩固提升生态质量，高标准完成荆山森林公园森林抚育工程亩，全年完成绿化造林万亩。加快绿色低碳转型，大力发展碳汇林和光伏发电，餐厨垃圾处理及综合利用项目上半年建成投用。八是防风险守底线，在有效提升治理能力上加压奋进。防范化解重大风险，强化公共安全保障，提升社会治理效能，坚持统筹发展和安全，筑牢防风险、保安全、护稳定的铜墙铁壁。关于加强政府自身建设，王智朋说，要强化政治引领，铸牢忠诚之魂；坚持依法行政，厚植法治之基；勇于担当作为，狠抓落实之要；全面从严治党，严守清廉之本。在奋进新征程的赶考路上，我们将牢记初心使命，忠诚履职、锐意进取，全力打造人民满意的服务型政府。王智朋最后说，没有等出来的辉煌，只有拼出来的精彩。让我们更加紧密团结在以习近平同志为核心的党中央周围，坚持以习近平新时代中国特色社会主义思想为指引，在省委省政府、市委市政府和县委的正确领导下，坚定信心、铆足干劲、攻坚克难，全力以赴为伊川高质量发展不懈奋斗。会议书面听取了伊川县年国民经济和社会发展计划执行情况与年国民经济和社会发展计划（草案）报告；听取了伊川县年财政预算执行情况和年财政预算（草案）报告。会议以举手表决的方式通过了大会选举办法和民生实事项目票决办法。出席县政协十届三次会议的全体委员，及县直有关部门负责同志列席会议。伊川县融媒体中心的微博视频;伊川县融媒体中心的微博视频;1;用户7728498387;其他;[good];2024-01-05 06:10:11;0;0.0094654514986352;0;0
北京大峰峰;北京;0;0;1;9;年延庆持续擦亮长城、世园、冬奥三张“金名片”新京报讯（记者曹晶瑞）年，延庆区将继续抢占文旅发展高地，持续擦亮长城、世园、冬奥三张“金名片”这是记者从延庆区两会上获悉的。年，延庆区文旅建设加速提档升级。在遗产利用联动提速方面，延庆区成功举办雪车和钢架雪车世界杯延庆站、全国雪车锦标赛、全国桥牌俱乐部锦标赛等场高级别赛事，成功申办年度高山滑雪远东杯等项国际国家级比赛，世园草莓音乐节入选文旅部全国旅游演艺精品名录，制定实施户外运动城市三年行动计划，举办冰雪经济发展论坛，世园之城、冬奥之城知名度不断提高。文旅融合联动提质方面，延庆区当好长城文化带建设“领头雁”，策划推出《长城筑梦》原创舞台剧和《洞见长城》专题片，举办北京长城音乐会，北京首家“燕京八绝非遗驿站”落户延庆。完成中国长城博物馆改造项目拆迁腾退，推进周边环境提升工程。氧吧骑行等个项目入选北京市体育旅游精品项目，永宁古城入选第二批北京市旅游休闲街区。举办首届京津冀晋生态旅游观鸟季活动和第届野鸭湖北京高校观鸟赛，夜长城、世园花灯、宝林夜市、花海夜市点亮夜经济，法定节假日乡村旅游接待量实现全市“五连冠”。资源整合联动提效方面，延庆区深化京张体育文化旅游带建设，举办第三届京张体育文化旅游带发展大会、第六届北方民宿大会，推出主题精品线路条，在个城市开展旅游产品推介，京外客源市场有效拓展，预计旅游综合收入亿元、同比增长。成功入选冰雪旅游城市十二佳、第九届中国冬游名城案例、全国避暑旅游优选地，八达岭长城景区获评第二批国家级文明旅游示范单位。新京报记者从延庆区“两会”上获悉，年，延庆区将精准施策抓经济，推动高质量绿色发展再上台阶。以“园区建设”为载体、“文旅建设”为特色、“财源建设”为抓手积蓄最美冬奥城发展动能。以产业政策的精准性驱动市场主体的活跃度，跑出经济发展加速度。延庆区将发挥园区引擎作用。加快“一园两区”建设，完善园区电力、道路、管网，补齐基础设施短板。推动出台北京市无人驾驶航空示范区方案，在产业、场景、先进技术、低空安全等方面形成示范效应。加快建设航天时代飞鸿无人系统创新基地一期工程、实现二期项目开工。优化招商平台动态管理，全年新引进企业不少于家，园区“六类企业”总收入达到亿元。同时，延庆区将在文旅发展层面持续发力。持续擦亮长城、世园、冬奥三张“金名片”，继续实施京张体育文化旅游带建设三年行动计划，开展“爱我中华修我长城”题词周年纪念系列文化活动，以八达岭长城景区为核心打造国家级文化旅游消费集聚区。高水平办好钢架雪车和雪橇世界杯、高山滑雪远东杯等系列赛事。实施新一轮世园会后利用三年行动计划，坚持“生态”运营模式，建好国际营地交流中心，建设国家级研学营地和“水陆空”综合体育公园，打造北京世园妫河国际旅游度假区。加快“户外运动城市”建设，加强文体旅商农消费跨界融合，全年接待游客不低于万人次，旅游综合收入不低于亿元。此外，延庆区还将开展“财源建设提升年”行动，持续强化全员招商意识，提高实体企业数量和有税率。高标准完成新一轮营商环境改革，持续提高市级“服务包”月考评成绩和高质量发展综合绩效评价指数。提升政务服务“好差评”质效，全面推广电子证照、电子签章、电子税票应用。深化“两区”建设，实现新增入库项目数、进出口金额和实际利用外资量进一步增加。;;270;台独粉碎机;其他;我实话说，虽然我是北京的，但在冰雪这块，你怎么搞也搞不过哈尔滨，人有天然优势[允悲]，我们这边撑死，就弄个冰车，雪场滑滑[允悲]，旅游这块，我们还是皇家园林。名胜古迹这些，比较有优势;2024-01-04 16:25:42;1;0.0080218429076702;0;0
菏泽日报;;0;21;28;23;菏泽日报今天，多位知名企业家共聚菏泽话发展月日，省工商联携手多位知名企业家共聚菏泽，召开助力菏泽市民营经济高质量发展大会，共享发展机遇，共创美好未来。省人大常委会副主任、省工商联主席、省总商会会长王随莲，省委统战部副部长、省工商联党组书记、常务副主席张鲲，市委书记张伦出席会议，市委副书记、市长李春英主持会议。王随莲在致辞中指出，以习近平同志为核心的党中央高度重视民营经济发展和工商联工作，年，党中央、国务院先后印发《关于促进民营经济发展壮大的意见》《关于加强新时代工商联工作的意见》，充分彰显了党中央鼓励支持民营经济发展壮大的鲜明态度和坚定决心。省委、省政府坚持把发展民营经济放在重要位置，高规格召开全省民营经济高质量发展工作会议、民营企业家座谈会，出台条支持民营经济高质量发展的意见，谋划实施民营经济发展十大专项行动等，为民营经济发展提供了坚强引领和有力保障。王随莲强调，今天的菏泽正处在积厚成势、蓄势跃升的新起点上，黄河重大国家战略、绿色低碳高质量发展先行区建设等深入推进，鲁西新区建设全面起势，特别是新一轮“突破菏泽鲁西崛起三年行动计划”深入实施，特色产业体系蓄能起势，重大基础设施加快完善，重点项目建设拉动强劲，区位交通优势更加彰显，干事创业氛围空前浓厚，这为民营经济发展开辟了广阔空间。省工商联、省总商会将进一步发挥优势作用，不断深化与菏泽方面的沟通联系，一如既往地支持引导民营企业与地方深度合作，共同助力菏泽经济社会高质量发展。张伦代表市委、市政府，对参会嘉宾的到来表示欢迎，对省工商联及各界人士长期以来给予菏泽的关心支持表示感谢，并介绍了我市基本情况。他说，近年来，菏泽始终把后来居上作为“总目标”用心笃行、把重点产业作为“强引擎”用心打造、把营商环境作为“金招牌”用心擦靓、把民营企业作为“自己人”用心呵护，民营经济实力持续壮大，已成为推动菏泽高质量发展的关键支撑。真诚希望借助省工商联搭建的重要平台，同企业家建立更紧密联系、结下更深厚友谊。诚挚邀请海内外企业家和创业者，来菏考察观光、投资兴业，共享发展机遇、共创美好明天。中国民间商会副会长、省总商会副会长、山东东明石化集团有限公司党委书记、董事局主席李湘平，省工商联副主席、即发集团有限公司党委书记、董事长杨为东先后发言，表示十分看好菏泽发展的前景和资源区位优势，愿积极把握商机、投资菏泽，在助推菏泽高质量发展中实现共赢。副市长张鹏作了招商引资推介。会上举行了项目集中签约仪式，签订合作项目个，投资总额达亿元，涵盖新能源、生物医药、机电设备制造、新材料、食品加工、商贸物流等产业。会后，与会嘉宾还深入部分县区进行实地考察。省工商联、省总商会、有关市领导，市直有关部门、各县区主要负责同志及市内外企业家代表等参加会议。（菏泽报业全媒体记者胡德光）;#菏泽日报#;573920;北京顺义;北京;@菏泽日报;2024-01-03 22:38:02;0;0.026637519480778;0;1
菏泽日报;;0;21;28;23;菏泽日报今天，多位知名企业家共聚菏泽话发展月日，省工商联携手多位知名企业家共聚菏泽，召开助力菏泽市民营经济高质量发展大会，共享发展机遇，共创美好未来。省人大常委会副主任、省工商联主席、省总商会会长王随莲，省委统战部副部长、省工商联党组书记、常务副主席张鲲，市委书记张伦出席会议，市委副书记、市长李春英主持会议。王随莲在致辞中指出，以习近平同志为核心的党中央高度重视民营经济发展和工商联工作，年，党中央、国务院先后印发《关于促进民营经济发展壮大的意见》《关于加强新时代工商联工作的意见》，充分彰显了党中央鼓励支持民营经济发展壮大的鲜明态度和坚定决心。省委、省政府坚持把发展民营经济放在重要位置，高规格召开全省民营经济高质量发展工作会议、民营企业家座谈会，出台条支持民营经济高质量发展的意见，谋划实施民营经济发展十大专项行动等，为民营经济发展提供了坚强引领和有力保障。王随莲强调，今天的菏泽正处在积厚成势、蓄势跃升的新起点上，黄河重大国家战略、绿色低碳高质量发展先行区建设等深入推进，鲁西新区建设全面起势，特别是新一轮“突破菏泽鲁西崛起三年行动计划”深入实施，特色产业体系蓄能起势，重大基础设施加快完善，重点项目建设拉动强劲，区位交通优势更加彰显，干事创业氛围空前浓厚，这为民营经济发展开辟了广阔空间。省工商联、省总商会将进一步发挥优势作用，不断深化与菏泽方面的沟通联系，一如既往地支持引导民营企业与地方深度合作，共同助力菏泽经济社会高质量发展。张伦代表市委、市政府，对参会嘉宾的到来表示欢迎，对省工商联及各界人士长期以来给予菏泽的关心支持表示感谢，并介绍了我市基本情况。他说，近年来，菏泽始终把后来居上作为“总目标”用心笃行、把重点产业作为“强引擎”用心打造、把营商环境作为“金招牌”用心擦靓、把民营企业作为“自己人”用心呵护，民营经济实力持续壮大，已成为推动菏泽高质量发展的关键支撑。真诚希望借助省工商联搭建的重要平台，同企业家建立更紧密联系、结下更深厚友谊。诚挚邀请海内外企业家和创业者，来菏考察观光、投资兴业，共享发展机遇、共创美好明天。中国民间商会副会长、省总商会副会长、山东东明石化集团有限公司党委书记、董事局主席李湘平，省工商联副主席、即发集团有限公司党委书记、董事长杨为东先后发言，表示十分看好菏泽发展的前景和资源区位优势，愿积极把握商机、投资菏泽，在助推菏泽高质量发展中实现共赢。副市长张鹏作了招商引资推介。会上举行了项目集中签约仪式，签订合作项目个，投资总额达亿元，涵盖新能源、生物医药、机电设备制造、新材料、食品加工、商贸物流等产业。会后，与会嘉宾还深入部分县区进行实地考察。省工商联、省总商会、有关市领导，市直有关部门、各县区主要负责同志及市内外企业家代表等参加会议。（菏泽报业全媒体记者胡德光）;#菏泽日报#;1035408;西安交警;陕西;关注;2024-01-03 20:39:37;0;0.026637519480778;0;1
菏泽日报;;0;21;28;23;菏泽日报今天，多位知名企业家共聚菏泽话发展月日，省工商联携手多位知名企业家共聚菏泽，召开助力菏泽市民营经济高质量发展大会，共享发展机遇，共创美好未来。省人大常委会副主任、省工商联主席、省总商会会长王随莲，省委统战部副部长、省工商联党组书记、常务副主席张鲲，市委书记张伦出席会议，市委副书记、市长李春英主持会议。王随莲在致辞中指出，以习近平同志为核心的党中央高度重视民营经济发展和工商联工作，年，党中央、国务院先后印发《关于促进民营经济发展壮大的意见》《关于加强新时代工商联工作的意见》，充分彰显了党中央鼓励支持民营经济发展壮大的鲜明态度和坚定决心。省委、省政府坚持把发展民营经济放在重要位置，高规格召开全省民营经济高质量发展工作会议、民营企业家座谈会，出台条支持民营经济高质量发展的意见，谋划实施民营经济发展十大专项行动等，为民营经济发展提供了坚强引领和有力保障。王随莲强调，今天的菏泽正处在积厚成势、蓄势跃升的新起点上，黄河重大国家战略、绿色低碳高质量发展先行区建设等深入推进，鲁西新区建设全面起势，特别是新一轮“突破菏泽鲁西崛起三年行动计划”深入实施，特色产业体系蓄能起势，重大基础设施加快完善，重点项目建设拉动强劲，区位交通优势更加彰显，干事创业氛围空前浓厚，这为民营经济发展开辟了广阔空间。省工商联、省总商会将进一步发挥优势作用，不断深化与菏泽方面的沟通联系，一如既往地支持引导民营企业与地方深度合作，共同助力菏泽经济社会高质量发展。张伦代表市委、市政府，对参会嘉宾的到来表示欢迎，对省工商联及各界人士长期以来给予菏泽的关心支持表示感谢，并介绍了我市基本情况。他说，近年来，菏泽始终把后来居上作为“总目标”用心笃行、把重点产业作为“强引擎”用心打造、把营商环境作为“金招牌”用心擦靓、把民营企业作为“自己人”用心呵护，民营经济实力持续壮大，已成为推动菏泽高质量发展的关键支撑。真诚希望借助省工商联搭建的重要平台，同企业家建立更紧密联系、结下更深厚友谊。诚挚邀请海内外企业家和创业者，来菏考察观光、投资兴业，共享发展机遇、共创美好明天。中国民间商会副会长、省总商会副会长、山东东明石化集团有限公司党委书记、董事局主席李湘平，省工商联副主席、即发集团有限公司党委书记、董事长杨为东先后发言，表示十分看好菏泽发展的前景和资源区位优势，愿积极把握商机、投资菏泽，在助推菏泽高质量发展中实现共赢。副市长张鹏作了招商引资推介。会上举行了项目集中签约仪式，签订合作项目个，投资总额达亿元，涵盖新能源、生物医药、机电设备制造、新材料、食品加工、商贸物流等产业。会后，与会嘉宾还深入部分县区进行实地考察。省工商联、省总商会、有关市领导，市直有关部门、各县区主要负责同志及市内外企业家代表等参加会议。（菏泽报业全媒体记者胡德光）;#菏泽日报#;75209;青春襄阳;湖北;关注;2024-01-03 19:54:23;0;0.026637519480778;0;1
菏泽日报;;0;21;28;23;菏泽日报今天，多位知名企业家共聚菏泽话发展月日，省工商联携手多位知名企业家共聚菏泽，召开助力菏泽市民营经济高质量发展大会，共享发展机遇，共创美好未来。省人大常委会副主任、省工商联主席、省总商会会长王随莲，省委统战部副部长、省工商联党组书记、常务副主席张鲲，市委书记张伦出席会议，市委副书记、市长李春英主持会议。王随莲在致辞中指出，以习近平同志为核心的党中央高度重视民营经济发展和工商联工作，年，党中央、国务院先后印发《关于促进民营经济发展壮大的意见》《关于加强新时代工商联工作的意见》，充分彰显了党中央鼓励支持民营经济发展壮大的鲜明态度和坚定决心。省委、省政府坚持把发展民营经济放在重要位置，高规格召开全省民营经济高质量发展工作会议、民营企业家座谈会，出台条支持民营经济高质量发展的意见，谋划实施民营经济发展十大专项行动等，为民营经济发展提供了坚强引领和有力保障。王随莲强调，今天的菏泽正处在积厚成势、蓄势跃升的新起点上，黄河重大国家战略、绿色低碳高质量发展先行区建设等深入推进，鲁西新区建设全面起势，特别是新一轮“突破菏泽鲁西崛起三年行动计划”深入实施，特色产业体系蓄能起势，重大基础设施加快完善，重点项目建设拉动强劲，区位交通优势更加彰显，干事创业氛围空前浓厚，这为民营经济发展开辟了广阔空间。省工商联、省总商会将进一步发挥优势作用，不断深化与菏泽方面的沟通联系，一如既往地支持引导民营企业与地方深度合作，共同助力菏泽经济社会高质量发展。张伦代表市委、市政府，对参会嘉宾的到来表示欢迎，对省工商联及各界人士长期以来给予菏泽的关心支持表示感谢，并介绍了我市基本情况。他说，近年来，菏泽始终把后来居上作为“总目标”用心笃行、把重点产业作为“强引擎”用心打造、把营商环境作为“金招牌”用心擦靓、把民营企业作为“自己人”用心呵护，民营经济实力持续壮大，已成为推动菏泽高质量发展的关键支撑。真诚希望借助省工商联搭建的重要平台，同企业家建立更紧密联系、结下更深厚友谊。诚挚邀请海内外企业家和创业者，来菏考察观光、投资兴业，共享发展机遇、共创美好明天。中国民间商会副会长、省总商会副会长、山东东明石化集团有限公司党委书记、董事局主席李湘平，省工商联副主席、即发集团有限公司党委书记、董事长杨为东先后发言，表示十分看好菏泽发展的前景和资源区位优势，愿积极把握商机、投资菏泽，在助推菏泽高质量发展中实现共赢。副市长张鹏作了招商引资推介。会上举行了项目集中签约仪式，签订合作项目个，投资总额达亿元，涵盖新能源、生物医药、机电设备制造、新材料、食品加工、商贸物流等产业。会后，与会嘉宾还深入部分县区进行实地考察。省工商联、省总商会、有关市领导，市直有关部门、各县区主要负责同志及市内外企业家代表等参加会议。（菏泽报业全媒体记者胡德光）;#菏泽日报#;1658312;陕西省文化和旅游厅;陕西;关注;2024-01-03 22:19:53;0;0.026637519480778;0;1
菏泽日报;;0;21;28;23;菏泽日报今天，多位知名企业家共聚菏泽话发展月日，省工商联携手多位知名企业家共聚菏泽，召开助力菏泽市民营经济高质量发展大会，共享发展机遇，共创美好未来。省人大常委会副主任、省工商联主席、省总商会会长王随莲，省委统战部副部长、省工商联党组书记、常务副主席张鲲，市委书记张伦出席会议，市委副书记、市长李春英主持会议。王随莲在致辞中指出，以习近平同志为核心的党中央高度重视民营经济发展和工商联工作，年，党中央、国务院先后印发《关于促进民营经济发展壮大的意见》《关于加强新时代工商联工作的意见》，充分彰显了党中央鼓励支持民营经济发展壮大的鲜明态度和坚定决心。省委、省政府坚持把发展民营经济放在重要位置，高规格召开全省民营经济高质量发展工作会议、民营企业家座谈会，出台条支持民营经济高质量发展的意见，谋划实施民营经济发展十大专项行动等，为民营经济发展提供了坚强引领和有力保障。王随莲强调，今天的菏泽正处在积厚成势、蓄势跃升的新起点上，黄河重大国家战略、绿色低碳高质量发展先行区建设等深入推进，鲁西新区建设全面起势，特别是新一轮“突破菏泽鲁西崛起三年行动计划”深入实施，特色产业体系蓄能起势，重大基础设施加快完善，重点项目建设拉动强劲，区位交通优势更加彰显，干事创业氛围空前浓厚，这为民营经济发展开辟了广阔空间。省工商联、省总商会将进一步发挥优势作用，不断深化与菏泽方面的沟通联系，一如既往地支持引导民营企业与地方深度合作，共同助力菏泽经济社会高质量发展。张伦代表市委、市政府，对参会嘉宾的到来表示欢迎，对省工商联及各界人士长期以来给予菏泽的关心支持表示感谢，并介绍了我市基本情况。他说，近年来，菏泽始终把后来居上作为“总目标”用心笃行、把重点产业作为“强引擎”用心打造、把营商环境作为“金招牌”用心擦靓、把民营企业作为“自己人”用心呵护，民营经济实力持续壮大，已成为推动菏泽高质量发展的关键支撑。真诚希望借助省工商联搭建的重要平台，同企业家建立更紧密联系、结下更深厚友谊。诚挚邀请海内外企业家和创业者，来菏考察观光、投资兴业，共享发展机遇、共创美好明天。中国民间商会副会长、省总商会副会长、山东东明石化集团有限公司党委书记、董事局主席李湘平，省工商联副主席、即发集团有限公司党委书记、董事长杨为东先后发言，表示十分看好菏泽发展的前景和资源区位优势，愿积极把握商机、投资菏泽，在助推菏泽高质量发展中实现共赢。副市长张鹏作了招商引资推介。会上举行了项目集中签约仪式，签订合作项目个，投资总额达亿元，涵盖新能源、生物医药、机电设备制造、新材料、食品加工、商贸物流等产业。会后，与会嘉宾还深入部分县区进行实地考察。省工商联、省总商会、有关市领导，市直有关部门、各县区主要负责同志及市内外企业家代表等参加会议。（菏泽报业全媒体记者胡德光）;#菏泽日报#;162;Y飞Sophie;山东;[赞][赞][赞];2024-01-03 19:51:26;0;0.026637519480778;0;1
爱股票APP;;0;7;1;20;工信部：年要出台未来产业发展行动计划瞄准人形机器人、量子信息等产业全国工业和信息化工作会议在京召开。会议强调，年要加快培育新兴产业。启动智能网联汽车准入和上路通行试点，推进北斗规模应用和卫星互联网发展。壮大新能源、新材料、高端装备、生物医药及高端医疗装备、安全应急装备等新兴产业，打造生物制造、商业航天、低空经济等新的增长点。出台未来产业发展行动计划，瞄准人形机器人、量子信息等产业，着力突破关键技术、培育重点产品、拓展场景应用。会议强调，年要推动信息通信业高质量发展。统筹“建、用、研”各项工作，推进、千兆光网规模部署，加快布局智能算力设施，加强预研。创新信息通信市场监管，纵深推进行风建设和纠风工作，完善应急通信预案和指挥体系。推动规模化应用，出台工业互联网高质量发展指导意见。开展关键信息基础设施防护提升专项行动，提升行业数据安全管理水平。（工信部）;;256;独出一峰;江苏;算力 新能源 无人驾驶 明天撸起来！;2023-12-21 20:20:11;0;0.0199099153955679;0;0
YIT看世界;广东;0;0;2;3;楼市早知道房地产超话楼市房地产深圳楼市、住建住建部部长倪虹：解决好新市民、青年人的住房问题让他们放开手脚为美好生活去奋斗、学校深圳海岸学校将动工将提供个学位，后海东角头项目附近、光明深圳将建高端医疗设备研发及制造基地，遴选方案公示，位于光明、浙江类人才可获万购房补贴为稳楼市这个县级市拼了、资讯知情人士：瑞银公司或将接替瑞士信贷担任万达商管整体协调人;房地产超话#楼市##房地产##深圳楼市#;22847;YIT看世界;广东;#房地产# #深圳楼市# #暴涨前夜#;2023-11-12 14:06:47;1;0.0123756571410925;0;0
YIT看世界;广东;0;0;2;3;楼市早知道房地产超话楼市房地产深圳楼市、住建住建部部长倪虹：解决好新市民、青年人的住房问题让他们放开手脚为美好生活去奋斗、学校深圳海岸学校将动工将提供个学位，后海东角头项目附近、光明深圳将建高端医疗设备研发及制造基地，遴选方案公示，位于光明、浙江类人才可获万购房补贴为稳楼市这个县级市拼了、资讯知情人士：瑞银公司或将接替瑞士信贷担任万达商管整体协调人;房地产超话#楼市##房地产##深圳楼市#;22847;YIT看世界;广东;【住建】住建部部长倪虹：解决好新市民、青年人的住房问题 让他们放开手脚为美好生活去奋斗;2023-11-12 14:06:16;1;0.0123756571410925;0;0
深圳熊大-;广东;0;2;3;3;部长喊话“解决好新市民、青年人的住房问题”住房深圳买房楼市调控房价部长喊话“解决好新市民、青年人的住房问题，让他们放开手脚为美好生活去奋斗”深圳熊大的微博视频;#住房##深圳买房##楼市调控##房价#深圳熊大-的微博视频;65;复古7号;北京;哎，艹，也不知道早干什么去了;2023-11-12 22:36:44;0;0.0443387224537185;0;0
深圳熊大-;广东;0;2;3;3;部长喊话“解决好新市民、青年人的住房问题”住房深圳买房楼市调控房价部长喊话“解决好新市民、青年人的住房问题，让他们放开手脚为美好生活去奋斗”深圳熊大的微博视频;#住房##深圳买房##楼市调控##房价#深圳熊大-的微博视频;239421570;超话社区;北京;你好，你感兴趣的“住房”已开通了超话社区～ 超话社区是微博旗下兴趣互动社区，快来与志同道合的小伙伴们一起交流互动吧！ 戳我进入>> #住房[超话]#;2023-11-12 11:44:39;0;0.0443387224537185;0;0
趋势巡航;湖北;0;1;1;26;住建部：解决好新市民、青年人的住房问题让他们放开手脚为美好生活去奋斗；国家金融监督管理总局：积极配合化解地方债务风险促进金融与房地产良性循环。每天都有房地产利好政策，但房地产股票就是不上涨，因为房子卖不出去，房地产暴雷的风险还没有解除。股票;#股票#;239421570;超话社区;北京;你好，你感兴趣的“股票”已开通了超话社区～ 超话社区是微博旗下兴趣互动社区，快来与志同道合的小伙伴们一起交流互动吧！ 戳我进入>> #股票[超话]#;2023-11-12 10:52:41;0;0.0173569079194983;0;0
深圳直辖室;广东;0;0;1;0;住建部部长倪虹：解决好新市民、青年人的住房问题让他们放开手脚为美好生活去奋斗财联社月日电，“三大工程”建设是党中央作出的重大战略部署，“三大工程”的基本要求是什么？对此，住房城乡建设部党组书记、部长倪虹在接受采访时表示，近日召开的中央金融工作会议提出，加快保障性住房等“三大工程”建设。这是中央作出的重大决策部署，是根据房地产市场新形势推出的重要举措。目前，有关工作已经启动。规划建设保障性住房，是完善住房制度和供应体系、重构市场和保障关系的重大改革。这次改革的重点是拓展了配售型保障性住房的新路子，最终是实现政府保障基本需求、市场满足多层次住房需求，建立租购并举的住房制度。要求是，城市党委、政府担负起主体责任，解决好群众的住房问题，尤其是新市民、青年人的住房问题，让他们放开手脚为美好生活去奋斗。青年人有希望，城市才能有未来。城中村改造，是解决群众急难愁盼问题的重大民生工程，重点是，消除安全风险隐患，改善居住环境，促进产业转型升级，推动城市高质量发展。“平急两用”公共基础设施建设，是统筹发展与安全、提高城市韧性的重大举措，关键是，平时用得着、急时用得上。;;4539;臻三海友哥;广东;住房都解决，我哪还需要拼命，赚点够吃喝的小钱就行了，彻底躺平了，这才是人性[可爱];2023-11-12 18:16:57;0;0.0191907108967571;0;0
最爱福州;福建;0;3;8;15;住建部部长倪虹：解决好新市民、青年人的住房问题让他们放开手脚为美好生活去奋斗;;1600;化学的本质是物理;福建;新时代的住房保障体系，终于想起来学新加坡了;2023-11-11 18:23:21;1;0.0672019604229063;0;0
最爱福州;福建;0;3;8;15;住建部部长倪虹：解决好新市民、青年人的住房问题让他们放开手脚为美好生活去奋斗;;705;为嘛芝麻不开门-专注胖脸20年;其他;先把烂尾楼搞一搞吧 什么房子预售·······;2023-11-12 00:56:38;0;0.0672019604229063;0;0
最爱福州;福建;0;3;8;15;住建部部长倪虹：解决好新市民、青年人的住房问题让他们放开手脚为美好生活去奋斗;;1619;飞太狼II0;其他;这是要给年轻人免费分房的新指示吗？[吃瓜];2023-11-11 17:30:00;1;0.0672019604229063;0;0
最爱福州;福建;0;3;8;15;住建部部长倪虹：解决好新市民、青年人的住房问题让他们放开手脚为美好生活去奋斗;;1619;我是柚子昵称;其他;[笑cry][笑cry];2023-11-11 18:42:15;0;0.0672019604229063;1;0
最爱福州;福建;0;3;8;15;住建部部长倪虹：解决好新市民、青年人的住房问题让他们放开手脚为美好生活去奋斗;;19;壹点数据;其他;甩开膀子，放开嗓子。;2023-11-11 18:21:05;0;0.0672019604229063;0;0
最爱福州;福建;0;3;8;15;住建部部长倪虹：解决好新市民、青年人的住房问题让他们放开手脚为美好生活去奋斗;;65;小钢钉7788;山东;都能住廉价保障房了，还奋斗什么，躺平吧;2023-11-12 12:03:47;0;0.0672019604229063;0;0
最爱福州;福建;0;3;8;15;住建部部长倪虹：解决好新市民、青年人的住房问题让他们放开手脚为美好生活去奋斗;;184;那么好兴情;福建;现在出来的00后根本不愁房子住;2023-11-11 16:00:09;0;0.0672019604229063;0;0
最爱福州;福建;0;3;8;15;住建部部长倪虹：解决好新市民、青年人的住房问题让他们放开手脚为美好生活去奋斗;;184;我是柚子昵称;其他;[笑cry][笑cry];2023-11-11 16:17:56;0;0.0672019604229063;1;0
财联社APP;;0;55;41;82;住建部部长倪虹：解决好新市民、青年人的住房问题让他们放开手脚为美好生活去奋斗财联社月日电，“三大工程”建设是党中央作出的重大战略部署，“三大工程”的基本要求是什么？对此，住房城乡建设部党组书记、部长倪虹在接受采访时表示，近日召开的中央金融工作会议提出，加快保障性住房等“三大工程”建设。这是中央作出的重大决策部署，是根据房地产市场新形势推出的重要举措。目前，有关工作已经启动。规划建设保障性住房，是完善住房制度和供应体系、重构市场和保障关系的重大改革。这次改革的重点是拓展了配售型保障性住房的新路子，最终是实现政府保障基本需求、市场满足多层次住房需求，建立租购并举的住房制度。要求是，城市党委、政府担负起主体责任，解决好群众的住房问题，尤其是新市民、青年人的住房问题，让他们放开手脚为美好生活去奋斗。青年人有希望，城市才能有未来。城中村改造，是解决群众急难愁盼问题的重大民生工程，重点是，消除安全风险隐患，改善居住环境，促进产业转型升级，推动城市高质量发展。“平急两用”公共基础设施建设，是统筹发展与安全、提高城市韧性的重大举措，关键是，平时用得着、急时用得上。;;226;MountainTopmm;四川;放开手脚消费;2023-11-11 21:11:26;1;0.0191907108967571;0;1
每日经济新闻;;0;1;8;6;倪虹称解决好新市民青年人的住房问题住建部部长倪虹：解决好新市民、青年人的住房问题让他们放开手脚为美好生活去奋斗每经快讯，月日，“三大工程”建设是党中央作出的重大战略部署，“三大工程”的基本要求是什么？对此，住房城乡建设部党组书记、部长倪虹在接受采访时表示，近日召开查看图片展开;#倪虹称解决好新市民青年人的住房问题#NBD视频的微博视频查看图片;20;老李头的少年生活;广东;说的比唱的好听，房价房租却还是年年涨;2023-11-11 13:30:17;0;0.0368827738723785;0;1
每日经济新闻;;0;1;8;6;倪虹称解决好新市民青年人的住房问题住建部部长倪虹：解决好新市民、青年人的住房问题让他们放开手脚为美好生活去奋斗每经快讯，月日，“三大工程”建设是党中央作出的重大战略部署，“三大工程”的基本要求是什么？对此，住房城乡建设部党组书记、部长倪虹在接受采访时表示，近日召开查看图片展开;#倪虹称解决好新市民青年人的住房问题#NBD视频的微博视频查看图片;40;阿鹏哥的美好生活;广东;真好听啊！;2023-11-11 12:54:45;1;0.0368827738723785;0;1
每日经济新闻;;0;1;8;6;倪虹称解决好新市民青年人的住房问题住建部部长倪虹：解决好新市民、青年人的住房问题让他们放开手脚为美好生活去奋斗每经快讯，月日，“三大工程”建设是党中央作出的重大战略部署，“三大工程”的基本要求是什么？对此，住房城乡建设部党组书记、部长倪虹在接受采访时表示，近日召开查看图片展开;#倪虹称解决好新市民青年人的住房问题#NBD视频的微博视频查看图片;4333;问路之心;其他;人有家有安;2023-11-11 12:46:28;0;0.0368827738723785;0;1
每日经济新闻;;0;1;8;6;倪虹称解决好新市民青年人的住房问题住建部部长倪虹：解决好新市民、青年人的住房问题让他们放开手脚为美好生活去奋斗每经快讯，月日，“三大工程”建设是党中央作出的重大战略部署，“三大工程”的基本要求是什么？对此，住房城乡建设部党组书记、部长倪虹在接受采访时表示，近日召开查看图片展开;#倪虹称解决好新市民青年人的住房问题#NBD视频的微博视频查看图片;72;mo道君行早;河南;饼画的太大了也是难以消化的;2023-11-11 13:01:32;0;0.0368827738723785;0;1
快兰斯24小时财经直播;广东;0;5;12;17;实时播报：住建部部长：解决好新市民、青年人的住房问题让他们放开手脚为美好生活去奋斗住房城乡建设部党组书记、部长倪虹表示，规划建设保障性住房，是完善住房制度和供应体系、重构市场和保障关系的重大改革。这次改革的重点是拓展了配售型保障性住房的新路子，最终是实现政府保障基本需求、市展开;;4791;皇马总裁;北京;不买不买，想的美，就不奋斗[喵喵];2023-11-11 12:25:10;1;0.0282411468646489;0;0
快兰斯24小时财经直播;广东;0;5;12;17;实时播报：住建部部长：解决好新市民、青年人的住房问题让他们放开手脚为美好生活去奋斗住房城乡建设部党组书记、部长倪虹表示，规划建设保障性住房，是完善住房制度和供应体系、重构市场和保障关系的重大改革。这次改革的重点是拓展了配售型保障性住房的新路子，最终是实现政府保障基本需求、市展开;;677992;满楼读书;上海;让年轻人过好点就降价呗！谁在阻挡趋势呢？;2023-11-11 13:49:29;0;0.0282411468646489;0;0
快兰斯24小时财经直播;广东;0;5;12;17;实时播报：住建部部长：解决好新市民、青年人的住房问题让他们放开手脚为美好生活去奋斗住房城乡建设部党组书记、部长倪虹表示，规划建设保障性住房，是完善住房制度和供应体系、重构市场和保障关系的重大改革。这次改革的重点是拓展了配售型保障性住房的新路子，最终是实现政府保障基本需求、市展开;;5481;冷悦一生平安;湖北;住建部部长：解决好新市民、青年人的住房问题 让他们放开手脚为美好生活去奋斗。;2023-11-11 11:17:08;0;0.0282411468646489;0;0
快兰斯24小时财经直播;广东;0;5;12;17;实时播报：住建部部长：解决好新市民、青年人的住房问题让他们放开手脚为美好生活去奋斗住房城乡建设部党组书记、部长倪虹表示，规划建设保障性住房，是完善住房制度和供应体系、重构市场和保障关系的重大改革。这次改革的重点是拓展了配售型保障性住房的新路子，最终是实现政府保障基本需求、市展开;;231;枪子-----;北京;房价太低，不利于年轻人奋斗，是这个意思[doge];2023-11-11 22:25:27;0;0.0282411468646489;0;0
快兰斯24小时财经直播;广东;0;5;12;17;实时播报：住建部部长：解决好新市民、青年人的住房问题让他们放开手脚为美好生活去奋斗住房城乡建设部党组书记、部长倪虹表示，规划建设保障性住房，是完善住房制度和供应体系、重构市场和保障关系的重大改革。这次改革的重点是拓展了配售型保障性住房的新路子，最终是实现政府保障基本需求、市展开;;860;手杺爱;江苏;就说哪家不是几套房吧，;2023-11-11 10:56:58;0;0.0282411468646489;0;0
快兰斯24小时财经直播;广东;0;5;12;17;实时播报：住建部部长：解决好新市民、青年人的住房问题让他们放开手脚为美好生活去奋斗住房城乡建设部党组书记、部长倪虹表示，规划建设保障性住房，是完善住房制度和供应体系、重构市场和保障关系的重大改革。这次改革的重点是拓展了配售型保障性住房的新路子，最终是实现政府保障基本需求、市展开;;205;公格尔刘;湖北;以前严重失职，任凭金融骗子横行。;2023-11-11 12:00:56;2;0.0282411468646489;0;0
快兰斯24小时财经直播;广东;0;5;12;17;实时播报：住建部部长：解决好新市民、青年人的住房问题让他们放开手脚为美好生活去奋斗住房城乡建设部党组书记、部长倪虹表示，规划建设保障性住房，是完善住房制度和供应体系、重构市场和保障关系的重大改革。这次改革的重点是拓展了配售型保障性住房的新路子，最终是实现政府保障基本需求、市展开;;198;这家伙挺笨;四川;晚了10年。;2023-11-11 19:29:35;0;0.0282411468646489;0;0
快兰斯24小时财经直播;广东;0;5;12;17;实时播报：住建部部长：解决好新市民、青年人的住房问题让他们放开手脚为美好生活去奋斗住房城乡建设部党组书记、部长倪虹表示，规划建设保障性住房，是完善住房制度和供应体系、重构市场和保障关系的重大改革。这次改革的重点是拓展了配售型保障性住房的新路子，最终是实现政府保障基本需求、市展开;;702;豆豆笆;浙江;屁话连篇，欺上瞒下;2023-11-11 13:58:26;1;0.0282411468646489;0;0
快兰斯24小时财经直播;广东;0;5;12;17;实时播报：住建部部长：解决好新市民、青年人的住房问题让他们放开手脚为美好生活去奋斗住房城乡建设部党组书记、部长倪虹表示，规划建设保障性住房，是完善住房制度和供应体系、重构市场和保障关系的重大改革。这次改革的重点是拓展了配售型保障性住房的新路子，最终是实现政府保障基本需求、市展开;;51;求阙2022;广东;老百姓加杠杆买房是对的;2023-11-11 11:20:39;0;0.0282411468646489;0;0
快兰斯24小时财经直播;广东;0;5;12;17;实时播报：住建部部长：解决好新市民、青年人的住房问题让他们放开手脚为美好生活去奋斗住房城乡建设部党组书记、部长倪虹表示，规划建设保障性住房，是完善住房制度和供应体系、重构市场和保障关系的重大改革。这次改革的重点是拓展了配售型保障性住房的新路子，最终是实现政府保障基本需求、市展开;;899;KeenHeb;其他;啥啊 人才共有产权房？;2023-11-11 11:03:32;1;0.0282411468646489;0;0
快兰斯24小时财经直播;广东;0;5;12;17;实时播报：住建部部长：解决好新市民、青年人的住房问题让他们放开手脚为美好生活去奋斗住房城乡建设部党组书记、部长倪虹表示，规划建设保障性住房，是完善住房制度和供应体系、重构市场和保障关系的重大改革。这次改革的重点是拓展了配售型保障性住房的新路子，最终是实现政府保障基本需求、市展开;;376;哎呦喂博aywb;上海;旧市民都解决好了？[doge];2023-11-11 11:00:57;0;0.0282411468646489;0;0
小猪爱上牛;江苏;0;1;3;7;南京超话杭州土地取消限价，南京还远吗？杭州第批次宗宅地挂牌，随之而来的是众望所归的土拍新规：土地恢复“价高者得”的竞价方式，不再摇号；上城、拱墅、滨江、西湖、萧山、余杭六区依然限房价，富阳、临安、临平、钱塘四区房价不再设限。;南京超话;239437497;超话社区;北京;好久不见，我和小伙伴们都在南京的超话社区等你，快点来看看吧，回家指路>>#南京[超话]#;2023-11-10 08:55:45;0;0.0511778091818899;0;0
小猪爱上牛;江苏;0;1;3;7;南京超话杭州土地取消限价，南京还远吗？杭州第批次宗宅地挂牌，随之而来的是众望所归的土拍新规：土地恢复“价高者得”的竞价方式，不再摇号；上城、拱墅、滨江、西湖、萧山、余杭六区依然限房价，富阳、临安、临平、钱塘四区房价不再设限。;南京超话;135;渣渣-呆;山东;刺激消费;2023-11-10 12:17:57;0;0.0511778091818899;0;0
小猪爱上牛;江苏;0;1;3;7;南京超话杭州土地取消限价，南京还远吗？杭州第批次宗宅地挂牌，随之而来的是众望所归的土拍新规：土地恢复“价高者得”的竞价方式，不再摇号；上城、拱墅、滨江、西湖、萧山、余杭六区依然限房价，富阳、临安、临平、钱塘四区房价不再设限。;南京超话;527;校园四霸ex;其他;🤔;2023-11-10 10:45:21;0;0.0511778091818899;0;0
财联社APP;;0;8;20;33;业内人士：取消地价限制有利于吸引房企拿地财联社月日电，杭州第批次宗宅地月日挂牌出让，土地限价规则取消，恢复“价高者得”的竞价方式。数据显示，个采取“两集中”土地出让方式的城市中，有个城市已经取消土地限价。业内人士表示，取消地价限制，有利于吸引房企拿地，进而逐步恢复投资热情。浙江大学国际联合商学院数字经济与金融创新研究中心联席主任、研究员盘和林对记者表示，目前，房企杠杆过高，绝大多数房企为了降杠杆都选择减少拿地，聚焦房屋存量去库存，而地方政府面临土地出让增加财政收入的压力，因此两者之间存在一定矛盾。取消地价限制，有利于吸引房企拿地，进而逐步恢复投资热情。中证报;;141;PiPhiEuler;其他;房子限价呢;2023-11-10 08:28:18;5;0.0258475239562052;0;1
财联社APP;;0;8;20;33;业内人士：取消地价限制有利于吸引房企拿地财联社月日电，杭州第批次宗宅地月日挂牌出让，土地限价规则取消，恢复“价高者得”的竞价方式。数据显示，个采取“两集中”土地出让方式的城市中，有个城市已经取消土地限价。业内人士表示，取消地价限制，有利于吸引房企拿地，进而逐步恢复投资热情。浙江大学国际联合商学院数字经济与金融创新研究中心联席主任、研究员盘和林对记者表示，目前，房企杠杆过高，绝大多数房企为了降杠杆都选择减少拿地，聚焦房屋存量去库存，而地方政府面临土地出让增加财政收入的压力，因此两者之间存在一定矛盾。取消地价限制，有利于吸引房企拿地，进而逐步恢复投资热情。中证报;;449;天堂音乐;浙江;地价放开了，房价还是控制，利润只会越来越少，怎么提高利润，那就是降低房子的质量;2023-11-10 08:41:45;3;0.0258475239562052;0;1
财联社APP;;0;8;20;33;业内人士：取消地价限制有利于吸引房企拿地财联社月日电，杭州第批次宗宅地月日挂牌出让，土地限价规则取消，恢复“价高者得”的竞价方式。数据显示，个采取“两集中”土地出让方式的城市中，有个城市已经取消土地限价。业内人士表示，取消地价限制，有利于吸引房企拿地，进而逐步恢复投资热情。浙江大学国际联合商学院数字经济与金融创新研究中心联席主任、研究员盘和林对记者表示，目前，房企杠杆过高，绝大多数房企为了降杠杆都选择减少拿地，聚焦房屋存量去库存，而地方政府面临土地出让增加财政收入的压力，因此两者之间存在一定矛盾。取消地价限制，有利于吸引房企拿地，进而逐步恢复投资热情。中证报;;449;山阴路的雨;上海;盒里;2023-11-10 09:24:29;0;0.0258475239562052;1;1
财联社APP;;0;8;20;33;业内人士：取消地价限制有利于吸引房企拿地财联社月日电，杭州第批次宗宅地月日挂牌出让，土地限价规则取消，恢复“价高者得”的竞价方式。数据显示，个采取“两集中”土地出让方式的城市中，有个城市已经取消土地限价。业内人士表示，取消地价限制，有利于吸引房企拿地，进而逐步恢复投资热情。浙江大学国际联合商学院数字经济与金融创新研究中心联席主任、研究员盘和林对记者表示，目前，房企杠杆过高，绝大多数房企为了降杠杆都选择减少拿地，聚焦房屋存量去库存，而地方政府面临土地出让增加财政收入的压力，因此两者之间存在一定矛盾。取消地价限制，有利于吸引房企拿地，进而逐步恢复投资热情。中证报;;807;赵健马甲;浙江;房子限价又没取消，面粉贵了，面包还不让涨，还吸引啥;2023-11-10 08:57:47;0;0.0258475239562052;0;1
财联社APP;;0;8;20;33;业内人士：取消地价限制有利于吸引房企拿地财联社月日电，杭州第批次宗宅地月日挂牌出让，土地限价规则取消，恢复“价高者得”的竞价方式。数据显示，个采取“两集中”土地出让方式的城市中，有个城市已经取消土地限价。业内人士表示，取消地价限制，有利于吸引房企拿地，进而逐步恢复投资热情。浙江大学国际联合商学院数字经济与金融创新研究中心联席主任、研究员盘和林对记者表示，目前，房企杠杆过高，绝大多数房企为了降杠杆都选择减少拿地，聚焦房屋存量去库存，而地方政府面临土地出让增加财政收入的压力，因此两者之间存在一定矛盾。取消地价限制，有利于吸引房企拿地，进而逐步恢复投资热情。中证报;;83;走过路过的自己;上海;因为没必要所以不如直接取消;2023-11-10 08:44:21;0;0.0258475239562052;0;1
财联社APP;;0;8;20;33;业内人士：取消地价限制有利于吸引房企拿地财联社月日电，杭州第批次宗宅地月日挂牌出让，土地限价规则取消，恢复“价高者得”的竞价方式。数据显示，个采取“两集中”土地出让方式的城市中，有个城市已经取消土地限价。业内人士表示，取消地价限制，有利于吸引房企拿地，进而逐步恢复投资热情。浙江大学国际联合商学院数字经济与金融创新研究中心联席主任、研究员盘和林对记者表示，目前，房企杠杆过高，绝大多数房企为了降杠杆都选择减少拿地，聚焦房屋存量去库存，而地方政府面临土地出让增加财政收入的压力，因此两者之间存在一定矛盾。取消地价限制，有利于吸引房企拿地，进而逐步恢复投资热情。中证报;;329;蒙地混沌;山东;面包与面粉的游戏;2023-11-10 08:34:29;0;0.0258475239562052;0;1
财联社APP;;0;8;20;33;业内人士：取消地价限制有利于吸引房企拿地财联社月日电，杭州第批次宗宅地月日挂牌出让，土地限价规则取消，恢复“价高者得”的竞价方式。数据显示，个采取“两集中”土地出让方式的城市中，有个城市已经取消土地限价。业内人士表示，取消地价限制，有利于吸引房企拿地，进而逐步恢复投资热情。浙江大学国际联合商学院数字经济与金融创新研究中心联席主任、研究员盘和林对记者表示，目前，房企杠杆过高，绝大多数房企为了降杠杆都选择减少拿地，聚焦房屋存量去库存，而地方政府面临土地出让增加财政收入的压力，因此两者之间存在一定矛盾。取消地价限制，有利于吸引房企拿地，进而逐步恢复投资热情。中证报;;16;噜啦幸福;其他;房企又不傻;2023-11-10 08:29:04;3;0.0258475239562052;0;1
财联社APP;;0;8;20;33;业内人士：取消地价限制有利于吸引房企拿地财联社月日电，杭州第批次宗宅地月日挂牌出让，土地限价规则取消，恢复“价高者得”的竞价方式。数据显示，个采取“两集中”土地出让方式的城市中，有个城市已经取消土地限价。业内人士表示，取消地价限制，有利于吸引房企拿地，进而逐步恢复投资热情。浙江大学国际联合商学院数字经济与金融创新研究中心联席主任、研究员盘和林对记者表示，目前，房企杠杆过高，绝大多数房企为了降杠杆都选择减少拿地，聚焦房屋存量去库存，而地方政府面临土地出让增加财政收入的压力，因此两者之间存在一定矛盾。取消地价限制，有利于吸引房企拿地，进而逐步恢复投资热情。中证报;;25;山阴路的雨;上海;取消房价限制，有利于民众购房[毛球];2023-11-10 08:34:14;2;0.0258475239562052;0;1
财联社APP;;0;8;20;33;业内人士：取消地价限制有利于吸引房企拿地财联社月日电，杭州第批次宗宅地月日挂牌出让，土地限价规则取消，恢复“价高者得”的竞价方式。数据显示，个采取“两集中”土地出让方式的城市中，有个城市已经取消土地限价。业内人士表示，取消地价限制，有利于吸引房企拿地，进而逐步恢复投资热情。浙江大学国际联合商学院数字经济与金融创新研究中心联席主任、研究员盘和林对记者表示，目前，房企杠杆过高，绝大多数房企为了降杠杆都选择减少拿地，聚焦房屋存量去库存，而地方政府面临土地出让增加财政收入的压力，因此两者之间存在一定矛盾。取消地价限制，有利于吸引房企拿地，进而逐步恢复投资热情。中证报;;10770;老兵观市;广东;转发微博;2023-11-10 08:31:34;0;0.0258475239562052;0;1
凤凰网财经;;0;2;6;22;多个热点城市取消土地限价，业内：有利于吸引房企拿地，逐步恢复投资热情月日，杭州第批次宗宅地挂牌出让，土地限价规则取消，恢复“价高者得”的竞价方式。放开地价的同时，杭州部分区域放开了新房限价政策。数据显示，个采取“两集中”土地出让方式的城市中，有个城市已经取消土地展开;#多个热点城市取消土地限价#;149270;职业投资人翁先生;浙江;这次真的要崩盘了;2023-11-10 07:50:35;4;0.0244250576619665;0;1
凤凰网财经;;0;2;6;22;多个热点城市取消土地限价，业内：有利于吸引房企拿地，逐步恢复投资热情月日，杭州第批次宗宅地挂牌出让，土地限价规则取消，恢复“价高者得”的竞价方式。放开地价的同时，杭州部分区域放开了新房限价政策。数据显示，个采取“两集中”土地出让方式的城市中，有个城市已经取消土地展开;#多个热点城市取消土地限价#;42126;财经殿下;北京;嗯嗯，核心是消费者没有购房信心（买涨不买跌），然后才是房g企没有投资热情（赔钱谁做呢？）;2023-11-10 08:03:33;0;0.0244250576619665;0;1
凤凰网财经;;0;2;6;22;多个热点城市取消土地限价，业内：有利于吸引房企拿地，逐步恢复投资热情月日，杭州第批次宗宅地挂牌出让，土地限价规则取消，恢复“价高者得”的竞价方式。放开地价的同时，杭州部分区域放开了新房限价政策。数据显示，个采取“两集中”土地出让方式的城市中，有个城市已经取消土地展开;#多个热点城市取消土地限价#;1230;河边青草地;江苏;不取消也是底价区域成交了;2023-11-10 08:02:25;10;0.0244250576619665;0;1
凤凰网财经;;0;2;6;22;多个热点城市取消土地限价，业内：有利于吸引房企拿地，逐步恢复投资热情月日，杭州第批次宗宅地挂牌出让，土地限价规则取消，恢复“价高者得”的竞价方式。放开地价的同时，杭州部分区域放开了新房限价政策。数据显示，个采取“两集中”土地出让方式的城市中，有个城市已经取消土地展开;#多个热点城市取消土地限价#;9;苏州好运;其他;牛奶倒掉为什么不价高者得？[吃瓜];2023-11-10 07:53:04;2;0.0244250576619665;0;1
凤凰网财经;;0;2;6;22;多个热点城市取消土地限价，业内：有利于吸引房企拿地，逐步恢复投资热情月日，杭州第批次宗宅地挂牌出让，土地限价规则取消，恢复“价高者得”的竞价方式。放开地价的同时，杭州部分区域放开了新房限价政策。数据显示，个采取“两集中”土地出让方式的城市中，有个城市已经取消土地展开;#多个热点城市取消土地限价#;9;Vsince1921;海南;还是那句话：“哪儿来的钱？钱去哪儿了？”[围观][围观][围观];2023-11-10 07:55:57;0;0.0244250576619665;0;1
第一财经日报;;0;3;4;3;多城调整土地限价政策月日，杭州第批次宗宅地挂牌出让，土地限价规则取消，恢复“价高者得”的竞价方式。数据显示，个采取“两集中”土地出让方式的城市中，有个城市已经取消土地限价。业内人士表示，取消地价限制，有利于吸引房企拿地，进而逐步恢复投资热情。浙江大学国际联合商学院数字经济与金融创新研究中心联席主任、研究员盘和林对记者表示，目前，房企杠杆过高，绝大多数房企为了降杠杆都选择减少拿地，聚焦房屋存量去库存，而地方政府面临土地出让增加财政收入的压力，因此两者之间存在一定矛盾。取消地价限制，有利于吸引房企拿地，进而逐步恢复投资热情。（中证报）;#多城调整土地限价政策#;18;不懂寂寞126;江苏;http://t.cn/A6Wh3KsU;2023-11-10 15:44:55;0;0.0216181905862245;0;1
第一财经日报;;0;3;4;3;多城调整土地限价政策月日，杭州第批次宗宅地挂牌出让，土地限价规则取消，恢复“价高者得”的竞价方式。数据显示，个采取“两集中”土地出让方式的城市中，有个城市已经取消土地限价。业内人士表示，取消地价限制，有利于吸引房企拿地，进而逐步恢复投资热情。浙江大学国际联合商学院数字经济与金融创新研究中心联席主任、研究员盘和林对记者表示，目前，房企杠杆过高，绝大多数房企为了降杠杆都选择减少拿地，聚焦房屋存量去库存，而地方政府面临土地出让增加财政收入的压力，因此两者之间存在一定矛盾。取消地价限制，有利于吸引房企拿地，进而逐步恢复投资热情。（中证报）;#多城调整土地限价政策#;372;yongyuanxiangshang;北京;房地产又恢复投资属性，房住不炒成空话;2023-11-10 07:32:06;1;0.0216181905862245;0;1
苏世山成长价值投资;山东;0;2;1;5;多个热点城市调整土地限价政策月日，杭州第批次宗宅地挂牌出让，土地限价规则取消，恢复“价高者得”的竞价方式。数据显示，个采取“两集中”土地出让方式的城市中，有个城市已经取消土地限价。业内人士表示，取消地价限制，有利于吸引房企拿地，进而逐步恢复投资热情。浙江大学国际联合商学院数字经济与金融创新研究中心联席主任、研究员盘和林对记者表示，目前，房企杠杆过高，绝大多数房企为了降杠杆都选择减少拿地，聚焦房屋存量去库存，而地方政府面临土地出让增加财政收入的压力，因此两者之间存在一定矛盾。取消地价限制，有利于吸引房企拿地，进而逐步恢复投资热情。;;154177;涛淼;山东;转发微博;2023-11-10 07:22:01;0;0.0244412950478436;0;0
每日经济新闻;;0;4;4;4;多个热点城市调整土地限价政策月日，杭州第批次宗宅地挂牌出让，土地限价规则取消，恢复“价高者得”的竞价方式。数据显示，个采取“两集中”土地出让方式的城市中，有个城市已经取消土地限价。业内人士表示，取消地价限制，有利于吸引房企拿地，进而逐步恢复投资热情。浙江大学国际联合商学院数字经济与金融创新研究中心联席主任、研究员盘和林对记者表示，目前，房企杠杆过高，绝大多数房企为了降杠杆都选择减少拿地，聚焦房屋存量去库存，而地方政府面临土地出让增加财政收入的压力，因此两者之间存在一定矛盾。取消地价限制，有利于吸引房企拿地，进而逐步恢复投资热情。（中证报；艾塔）多个热点城市调整土地限价政策;#多个热点城市调整土地限价政策#多个热点城市调整土地限价政策;687;流星一样美好;天津;[心];2023-11-10 06:54:17;0;0.0216498230046134;0;1
主持人狄可coco;浙江;0;0;1;0;限价取消杭州六大中心区土地限价取消，新房限价不变。四区双限全部取消。对你买房有啥影响？减配地王房屋质量杭州楼市买房主持人狄可的微博视频;#限价取消 杭州六大中心区土地限价取消，新房限价不变。四区双限全部取消。对你买房有啥影响？##地王 房屋质量 ##楼市##买房#主持人狄可coco的微博视频;110;唯取一飘;浙江;有人买吗;2023-11-10 08:05:12;0;0.0443462775010484;0;0
京城北先生;北京;0;7;10;32;没想到第一个吃螃蟹的竟然是杭州杭州土地取消限价;#杭州土地取消限价#;466;龙少爷在上海;上海;开涨。！ 4限3限已破;2023-11-09 18:44:42;2;0.0941025427358001;0;0
京城北先生;北京;0;7;10;32;没想到第一个吃螃蟹的竟然是杭州杭州土地取消限价;#杭州土地取消限价#;466;龙少爷在上海;上海;回复@小澳721:对以后会反过来了。 只是美国乡村不值钱;2023-11-11 15:25:33;0;0.0941025427358001;1;0
京城北先生;北京;0;7;10;32;没想到第一个吃螃蟹的竟然是杭州杭州土地取消限价;#杭州土地取消限价#;466;小澳721;其他;再翻几倍，买下美国！;2023-11-10 20:43:08;0;0.0941025427358001;1;0
京城北先生;北京;0;7;10;32;没想到第一个吃螃蟹的竟然是杭州杭州土地取消限价;#杭州土地取消限价#;686;阳光灿烂的日子啊99;浙江;房价会不会涨啊;2023-11-09 21:02:23;0;0.0941025427358001;0;0
京城北先生;北京;0;7;10;32;没想到第一个吃螃蟹的竟然是杭州杭州土地取消限价;#杭州土地取消限价#;686;iam囧囧;浙江;除了最核心区，不跌少跌就不错了;2023-11-09 22:08:19;1;0.0941025427358001;1;0
京城北先生;北京;0;7;10;32;没想到第一个吃螃蟹的竟然是杭州杭州土地取消限价;#杭州土地取消限价#;35;心路的心是心一直在路上的心;其他;江浙以后还是排头兵！广东不行了[doge][doge];2023-11-09 18:31:47;1;0.0941025427358001;0;0
京城北先生;北京;0;7;10;32;没想到第一个吃螃蟹的竟然是杭州杭州土地取消限价;#杭州土地取消限价#;13;彳亍而行2022;其他;真的勇士 敢于面对惨的;2023-11-09 23:30:23;1;0.0941025427358001;0;0
京城北先生;北京;0;7;10;32;没想到第一个吃螃蟹的竟然是杭州杭州土地取消限价;#杭州土地取消限价#;169;之颔;浙江;已经过了土拍涨二手房的，大环境不好，还想着涨房价？;2023-11-09 21:39:12;2;0.0941025427358001;0;0
京城北先生;北京;0;7;10;32;没想到第一个吃螃蟹的竟然是杭州杭州土地取消限价;#杭州土地取消限价#;38;kk无罪;江苏;郊区不限价的话，能把地卖给谁啊，除非有大型用地，但是大型用地，谁给你搞高价买地;2023-11-10 01:07:29;0;0.0941025427358001;0;0
京城北先生;北京;0;7;10;32;没想到第一个吃螃蟹的竟然是杭州杭州土地取消限价;#杭州土地取消限价#;19;大牛犇coolboy;北京;龙兴之地嘛~;2023-11-09 21:54:11;0;0.0941025427358001;0;0
互助卖房;上海;0;2;1;0;杭州土地取消限价和房东直接聊;#和房东直接聊#;97;让我發啦;其他;[酷];2023-11-09 17:19:43;0;0.0657682729204691;0;0
沉迷手账无法自拔的ACE;浙江;0;0;2;1;杭州土地取消限价首先我得买得起;#杭州土地取消限价#;0;先跳在飞;海外;政府就没打算让你买得起;2023-11-09 17:14:35;0;0.0769299281423009;0;0
浙江经视;;0;13;42;250;杭州区不再限房价杭州取消土地限价杭州第批次宗宅地挂牌，随之而来的是众望所归的土拍新规：土地恢复“价高者得”的竞价方式，不再摇号；上城、拱墅、滨江、西湖、萧山、余杭六区依然限房价，富阳、临安、临平、钱塘四区房价不再设限。今年月底，自然资源部下发有关文件，文件建议各省市自然资源部主管部门，取消土地拍卖中的地价限制、建议取消远郊容积率限制等。截至发稿，个集中供地城市中，有个城市已相继发布新挂牌宅地公告，包括杭州在内的城不再设置地价上限；其中，郑州的部分城区依然限制了地价；仅北京、上海则维持地价、房价“双限”。潮新闻浙江经视的微博视频;#杭州4区不再限房价##杭州取消土地限价#浙江经视的微博视频;135;ZNN疯批是我;浙江;哈哈哈真是没人要了[笑cry];2023-11-09 15:02:21;63;0.030679652061548;0;0
浙江经视;;0;13;42;250;杭州区不再限房价杭州取消土地限价杭州第批次宗宅地挂牌，随之而来的是众望所归的土拍新规：土地恢复“价高者得”的竞价方式，不再摇号；上城、拱墅、滨江、西湖、萧山、余杭六区依然限房价，富阳、临安、临平、钱塘四区房价不再设限。今年月底，自然资源部下发有关文件，文件建议各省市自然资源部主管部门，取消土地拍卖中的地价限制、建议取消远郊容积率限制等。截至发稿，个集中供地城市中，有个城市已相继发布新挂牌宅地公告，包括杭州在内的城不再设置地价上限；其中，郑州的部分城区依然限制了地价；仅北京、上海则维持地价、房价“双限”。潮新闻浙江经视的微博视频;#杭州4区不再限房价##杭州取消土地限价#浙江经视的微博视频;135;一度飘过;安徽;回复@never8860:轮到你要了，赶紧开心。[微笑];2023-11-10 09:10:40;1;0.030679652061548;1;0
浙江经视;;0;13;42;250;杭州区不再限房价杭州取消土地限价杭州第批次宗宅地挂牌，随之而来的是众望所归的土拍新规：土地恢复“价高者得”的竞价方式，不再摇号；上城、拱墅、滨江、西湖、萧山、余杭六区依然限房价，富阳、临安、临平、钱塘四区房价不再设限。今年月底，自然资源部下发有关文件，文件建议各省市自然资源部主管部门，取消土地拍卖中的地价限制、建议取消远郊容积率限制等。截至发稿，个集中供地城市中，有个城市已相继发布新挂牌宅地公告，包括杭州在内的城不再设置地价上限；其中，郑州的部分城区依然限制了地价；仅北京、上海则维持地价、房价“双限”。潮新闻浙江经视的微博视频;#杭州4区不再限房价##杭州取消土地限价#浙江经视的微博视频;135;ZNN疯批是我;浙江;回复@never8860:[摊手]这是怼什么呢;2023-11-09 23:44:36;0;0.030679652061548;1;0
浙江经视;;0;13;42;250;杭州区不再限房价杭州取消土地限价杭州第批次宗宅地挂牌，随之而来的是众望所归的土拍新规：土地恢复“价高者得”的竞价方式，不再摇号；上城、拱墅、滨江、西湖、萧山、余杭六区依然限房价，富阳、临安、临平、钱塘四区房价不再设限。今年月底，自然资源部下发有关文件，文件建议各省市自然资源部主管部门，取消土地拍卖中的地价限制、建议取消远郊容积率限制等。截至发稿，个集中供地城市中，有个城市已相继发布新挂牌宅地公告，包括杭州在内的城不再设置地价上限；其中，郑州的部分城区依然限制了地价；仅北京、上海则维持地价、房价“双限”。潮新闻浙江经视的微博视频;#杭州4区不再限房价##杭州取消土地限价#浙江经视的微博视频;135;你是我的小橘猫;四川;回复@never8860:你多买几套吧，马上增值了，房价上涨1万，你赶紧买，整个杭州的你都买了都可以，这样你就可以提高价格了;2023-11-09 20:27:48;12;0.030679652061548;1;0
浙江经视;;0;13;42;250;杭州区不再限房价杭州取消土地限价杭州第批次宗宅地挂牌，随之而来的是众望所归的土拍新规：土地恢复“价高者得”的竞价方式，不再摇号；上城、拱墅、滨江、西湖、萧山、余杭六区依然限房价，富阳、临安、临平、钱塘四区房价不再设限。今年月底，自然资源部下发有关文件，文件建议各省市自然资源部主管部门，取消土地拍卖中的地价限制、建议取消远郊容积率限制等。截至发稿，个集中供地城市中，有个城市已相继发布新挂牌宅地公告，包括杭州在内的城不再设置地价上限；其中，郑州的部分城区依然限制了地价；仅北京、上海则维持地价、房价“双限”。潮新闻浙江经视的微博视频;#杭州4区不再限房价##杭州取消土地限价#浙江经视的微博视频;135;大神的超级蓝牙;其他;回复@never8860:那该轮到你了[赞];2023-11-09 20:00:39;11;0.030679652061548;1;0
浙江经视;;0;13;42;250;杭州区不再限房价杭州取消土地限价杭州第批次宗宅地挂牌，随之而来的是众望所归的土拍新规：土地恢复“价高者得”的竞价方式，不再摇号；上城、拱墅、滨江、西湖、萧山、余杭六区依然限房价，富阳、临安、临平、钱塘四区房价不再设限。今年月底，自然资源部下发有关文件，文件建议各省市自然资源部主管部门，取消土地拍卖中的地价限制、建议取消远郊容积率限制等。截至发稿，个集中供地城市中，有个城市已相继发布新挂牌宅地公告，包括杭州在内的城不再设置地价上限；其中，郑州的部分城区依然限制了地价；仅北京、上海则维持地价、房价“双限”。潮新闻浙江经视的微博视频;#杭州4区不再限房价##杭州取消土地限价#浙江经视的微博视频;127;杨-梅hn;广东;👍👍;2023-11-09 16:31:35;1;0.030679652061548;0;0
浙江经视;;0;13;42;250;杭州区不再限房价杭州取消土地限价杭州第批次宗宅地挂牌，随之而来的是众望所归的土拍新规：土地恢复“价高者得”的竞价方式，不再摇号；上城、拱墅、滨江、西湖、萧山、余杭六区依然限房价，富阳、临安、临平、钱塘四区房价不再设限。今年月底，自然资源部下发有关文件，文件建议各省市自然资源部主管部门，取消土地拍卖中的地价限制、建议取消远郊容积率限制等。截至发稿，个集中供地城市中，有个城市已相继发布新挂牌宅地公告，包括杭州在内的城不再设置地价上限；其中，郑州的部分城区依然限制了地价；仅北京、上海则维持地价、房价“双限”。潮新闻浙江经视的微博视频;#杭州4区不再限房价##杭州取消土地限价#浙江经视的微博视频;127;众高餐厨分类;浙江;限价限得是低价[笑cry];2023-11-09 16:22:07;20;0.030679652061548;0;0
浙江经视;;0;13;42;250;杭州区不再限房价杭州取消土地限价杭州第批次宗宅地挂牌，随之而来的是众望所归的土拍新规：土地恢复“价高者得”的竞价方式，不再摇号；上城、拱墅、滨江、西湖、萧山、余杭六区依然限房价，富阳、临安、临平、钱塘四区房价不再设限。今年月底，自然资源部下发有关文件，文件建议各省市自然资源部主管部门，取消土地拍卖中的地价限制、建议取消远郊容积率限制等。截至发稿，个集中供地城市中，有个城市已相继发布新挂牌宅地公告，包括杭州在内的城不再设置地价上限；其中，郑州的部分城区依然限制了地价；仅北京、上海则维持地价、房价“双限”。潮新闻浙江经视的微博视频;#杭州4区不再限房价##杭州取消土地限价#浙江经视的微博视频;127;Lekqlp;其他;回复@半个青春半个你:谁喷了，喷什么了[doge];2023-11-09 19:24:35;4;0.030679652061548;1;0
浙江经视;;0;13;42;250;杭州区不再限房价杭州取消土地限价杭州第批次宗宅地挂牌，随之而来的是众望所归的土拍新规：土地恢复“价高者得”的竞价方式，不再摇号；上城、拱墅、滨江、西湖、萧山、余杭六区依然限房价，富阳、临安、临平、钱塘四区房价不再设限。今年月底，自然资源部下发有关文件，文件建议各省市自然资源部主管部门，取消土地拍卖中的地价限制、建议取消远郊容积率限制等。截至发稿，个集中供地城市中，有个城市已相继发布新挂牌宅地公告，包括杭州在内的城不再设置地价上限；其中，郑州的部分城区依然限制了地价；仅北京、上海则维持地价、房价“双限”。潮新闻浙江经视的微博视频;#杭州4区不再限房价##杭州取消土地限价#浙江经视的微博视频;127;madebyAlaric;北京;回复@半个青春半个你:所以你高位接盘了，限价接触的是地价的下限;2023-11-09 18:14:28;5;0.030679652061548;1;0
浙江经视;;0;13;42;250;杭州区不再限房价杭州取消土地限价杭州第批次宗宅地挂牌，随之而来的是众望所归的土拍新规：土地恢复“价高者得”的竞价方式，不再摇号；上城、拱墅、滨江、西湖、萧山、余杭六区依然限房价，富阳、临安、临平、钱塘四区房价不再设限。今年月底，自然资源部下发有关文件，文件建议各省市自然资源部主管部门，取消土地拍卖中的地价限制、建议取消远郊容积率限制等。截至发稿，个集中供地城市中，有个城市已相继发布新挂牌宅地公告，包括杭州在内的城不再设置地价上限；其中，郑州的部分城区依然限制了地价；仅北京、上海则维持地价、房价“双限”。潮新闻浙江经视的微博视频;#杭州4区不再限房价##杭州取消土地限价#浙江经视的微博视频;127;半个青春半个你;其他;那别乱喷 前两年摇号盛况历历在目 我没摇到买了高价二手房;2023-11-09 16:50:41;0;0.030679652061548;1;0
浙江经视;;0;13;42;250;杭州区不再限房价杭州取消土地限价杭州第批次宗宅地挂牌，随之而来的是众望所归的土拍新规：土地恢复“价高者得”的竞价方式，不再摇号；上城、拱墅、滨江、西湖、萧山、余杭六区依然限房价，富阳、临安、临平、钱塘四区房价不再设限。今年月底，自然资源部下发有关文件，文件建议各省市自然资源部主管部门，取消土地拍卖中的地价限制、建议取消远郊容积率限制等。截至发稿，个集中供地城市中，有个城市已相继发布新挂牌宅地公告，包括杭州在内的城不再设置地价上限；其中，郑州的部分城区依然限制了地价；仅北京、上海则维持地价、房价“双限”。潮新闻浙江经视的微博视频;#杭州4区不再限房价##杭州取消土地限价#浙江经视的微博视频;457;人行道远;其他;限房价都嫌高不好卖了，这不限房价，难不成是要降价？[doge];2023-11-09 17:27:56;8;0.030679652061548;0;0
浙江经视;;0;13;42;250;杭州区不再限房价杭州取消土地限价杭州第批次宗宅地挂牌，随之而来的是众望所归的土拍新规：土地恢复“价高者得”的竞价方式，不再摇号；上城、拱墅、滨江、西湖、萧山、余杭六区依然限房价，富阳、临安、临平、钱塘四区房价不再设限。今年月底，自然资源部下发有关文件，文件建议各省市自然资源部主管部门，取消土地拍卖中的地价限制、建议取消远郊容积率限制等。截至发稿，个集中供地城市中，有个城市已相继发布新挂牌宅地公告，包括杭州在内的城不再设置地价上限；其中，郑州的部分城区依然限制了地价；仅北京、上海则维持地价、房价“双限”。潮新闻浙江经视的微博视频;#杭州4区不再限房价##杭州取消土地限价#浙江经视的微博视频;457;Erinnnnnnnnn;浙江;限价比二手房要便宜的。。;2023-11-09 21:04:09;0;0.030679652061548;1;0
浙江经视;;0;13;42;250;杭州区不再限房价杭州取消土地限价杭州第批次宗宅地挂牌，随之而来的是众望所归的土拍新规：土地恢复“价高者得”的竞价方式，不再摇号；上城、拱墅、滨江、西湖、萧山、余杭六区依然限房价，富阳、临安、临平、钱塘四区房价不再设限。今年月底，自然资源部下发有关文件，文件建议各省市自然资源部主管部门，取消土地拍卖中的地价限制、建议取消远郊容积率限制等。截至发稿，个集中供地城市中，有个城市已相继发布新挂牌宅地公告，包括杭州在内的城不再设置地价上限；其中，郑州的部分城区依然限制了地价；仅北京、上海则维持地价、房价“双限”。潮新闻浙江经视的微博视频;#杭州4区不再限房价##杭州取消土地限价#浙江经视的微博视频;2311291;中国网财经;北京;#杭州等16城不再设置地价上限#;2023-11-09 15:09:21;3;0.030679652061548;0;0
浙江经视;;0;13;42;250;杭州区不再限房价杭州取消土地限价杭州第批次宗宅地挂牌，随之而来的是众望所归的土拍新规：土地恢复“价高者得”的竞价方式，不再摇号；上城、拱墅、滨江、西湖、萧山、余杭六区依然限房价，富阳、临安、临平、钱塘四区房价不再设限。今年月底，自然资源部下发有关文件，文件建议各省市自然资源部主管部门，取消土地拍卖中的地价限制、建议取消远郊容积率限制等。截至发稿，个集中供地城市中，有个城市已相继发布新挂牌宅地公告，包括杭州在内的城不再设置地价上限；其中，郑州的部分城区依然限制了地价；仅北京、上海则维持地价、房价“双限”。潮新闻浙江经视的微博视频;#杭州4区不再限房价##杭州取消土地限价#浙江经视的微博视频;0;易怒青年;其他;炒房还得是杭州啊[doge];2023-11-09 17:32:32;7;0.030679652061548;0;0
浙江经视;;0;13;42;250;杭州区不再限房价杭州取消土地限价杭州第批次宗宅地挂牌，随之而来的是众望所归的土拍新规：土地恢复“价高者得”的竞价方式，不再摇号；上城、拱墅、滨江、西湖、萧山、余杭六区依然限房价，富阳、临安、临平、钱塘四区房价不再设限。今年月底，自然资源部下发有关文件，文件建议各省市自然资源部主管部门，取消土地拍卖中的地价限制、建议取消远郊容积率限制等。截至发稿，个集中供地城市中，有个城市已相继发布新挂牌宅地公告，包括杭州在内的城不再设置地价上限；其中，郑州的部分城区依然限制了地价；仅北京、上海则维持地价、房价“双限”。潮新闻浙江经视的微博视频;#杭州4区不再限房价##杭州取消土地限价#浙江经视的微博视频;10606;許小锋与兔八哥;浙江;土地价格下限也别限了;2023-11-09 18:29:25;5;0.030679652061548;0;0
浙江经视;;0;13;42;250;杭州区不再限房价杭州取消土地限价杭州第批次宗宅地挂牌，随之而来的是众望所归的土拍新规：土地恢复“价高者得”的竞价方式，不再摇号；上城、拱墅、滨江、西湖、萧山、余杭六区依然限房价，富阳、临安、临平、钱塘四区房价不再设限。今年月底，自然资源部下发有关文件，文件建议各省市自然资源部主管部门，取消土地拍卖中的地价限制、建议取消远郊容积率限制等。截至发稿，个集中供地城市中，有个城市已相继发布新挂牌宅地公告，包括杭州在内的城不再设置地价上限；其中，郑州的部分城区依然限制了地价；仅北京、上海则维持地价、房价“双限”。潮新闻浙江经视的微博视频;#杭州4区不再限房价##杭州取消土地限价#浙江经视的微博视频;182;小陈沉不住气-;湖北;接着奏乐接着舞[哈哈][doge];2023-11-09 17:59:53;4;0.030679652061548;0;0
浙江经视;;0;13;42;250;杭州区不再限房价杭州取消土地限价杭州第批次宗宅地挂牌，随之而来的是众望所归的土拍新规：土地恢复“价高者得”的竞价方式，不再摇号；上城、拱墅、滨江、西湖、萧山、余杭六区依然限房价，富阳、临安、临平、钱塘四区房价不再设限。今年月底，自然资源部下发有关文件，文件建议各省市自然资源部主管部门，取消土地拍卖中的地价限制、建议取消远郊容积率限制等。截至发稿，个集中供地城市中，有个城市已相继发布新挂牌宅地公告，包括杭州在内的城不再设置地价上限；其中，郑州的部分城区依然限制了地价；仅北京、上海则维持地价、房价“双限”。潮新闻浙江经视的微博视频;#杭州4区不再限房价##杭州取消土地限价#浙江经视的微博视频;216;小福包福;安徽;有谁帮忙解释一下，限房价和不限房价的区别？;2023-11-10 15:55:52;0;0.030679652061548;0;0
浙江经视;;0;13;42;250;杭州区不再限房价杭州取消土地限价杭州第批次宗宅地挂牌，随之而来的是众望所归的土拍新规：土地恢复“价高者得”的竞价方式，不再摇号；上城、拱墅、滨江、西湖、萧山、余杭六区依然限房价，富阳、临安、临平、钱塘四区房价不再设限。今年月底，自然资源部下发有关文件，文件建议各省市自然资源部主管部门，取消土地拍卖中的地价限制、建议取消远郊容积率限制等。截至发稿，个集中供地城市中，有个城市已相继发布新挂牌宅地公告，包括杭州在内的城不再设置地价上限；其中，郑州的部分城区依然限制了地价；仅北京、上海则维持地价、房价“双限”。潮新闻浙江经视的微博视频;#杭州4区不再限房价##杭州取消土地限价#浙江经视的微博视频;1521;靶心挂在嘴角503;山东;没懂 取消上限怎么感觉不值钱了[苦涩];2023-11-09 21:11:01;1;0.030679652061548;0;0
浙江经视;;0;13;42;250;杭州区不再限房价杭州取消土地限价杭州第批次宗宅地挂牌，随之而来的是众望所归的土拍新规：土地恢复“价高者得”的竞价方式，不再摇号；上城、拱墅、滨江、西湖、萧山、余杭六区依然限房价，富阳、临安、临平、钱塘四区房价不再设限。今年月底，自然资源部下发有关文件，文件建议各省市自然资源部主管部门，取消土地拍卖中的地价限制、建议取消远郊容积率限制等。截至发稿，个集中供地城市中，有个城市已相继发布新挂牌宅地公告，包括杭州在内的城不再设置地价上限；其中，郑州的部分城区依然限制了地价；仅北京、上海则维持地价、房价“双限”。潮新闻浙江经视的微博视频;#杭州4区不再限房价##杭州取消土地限价#浙江经视的微博视频;33;億個壹;其他;他急了，这回让我做个好人;2023-11-09 18:10:49;0;0.030679652061548;0;0
浙江经视;;0;13;42;250;杭州区不再限房价杭州取消土地限价杭州第批次宗宅地挂牌，随之而来的是众望所归的土拍新规：土地恢复“价高者得”的竞价方式，不再摇号；上城、拱墅、滨江、西湖、萧山、余杭六区依然限房价，富阳、临安、临平、钱塘四区房价不再设限。今年月底，自然资源部下发有关文件，文件建议各省市自然资源部主管部门，取消土地拍卖中的地价限制、建议取消远郊容积率限制等。截至发稿，个集中供地城市中，有个城市已相继发布新挂牌宅地公告，包括杭州在内的城不再设置地价上限；其中，郑州的部分城区依然限制了地价；仅北京、上海则维持地价、房价“双限”。潮新闻浙江经视的微博视频;#杭州4区不再限房价##杭州取消土地限价#浙江经视的微博视频;28;花尾蛇;北京;降价也行嘛？;2023-11-09 17:13:29;0;0.030679652061548;0;0
浙江经视;;0;13;42;250;杭州区不再限房价杭州取消土地限价杭州第批次宗宅地挂牌，随之而来的是众望所归的土拍新规：土地恢复“价高者得”的竞价方式，不再摇号；上城、拱墅、滨江、西湖、萧山、余杭六区依然限房价，富阳、临安、临平、钱塘四区房价不再设限。今年月底，自然资源部下发有关文件，文件建议各省市自然资源部主管部门，取消土地拍卖中的地价限制、建议取消远郊容积率限制等。截至发稿，个集中供地城市中，有个城市已相继发布新挂牌宅地公告，包括杭州在内的城不再设置地价上限；其中，郑州的部分城区依然限制了地价；仅北京、上海则维持地价、房价“双限”。潮新闻浙江经视的微博视频;#杭州4区不再限房价##杭州取消土地限价#浙江经视的微博视频;1;理塘小丁真;其他;急了jpg[二哈];2023-11-09 16:21:40;1;0.030679652061548;0;0
浙江经视;;0;13;42;250;杭州区不再限房价杭州取消土地限价杭州第批次宗宅地挂牌，随之而来的是众望所归的土拍新规：土地恢复“价高者得”的竞价方式，不再摇号；上城、拱墅、滨江、西湖、萧山、余杭六区依然限房价，富阳、临安、临平、钱塘四区房价不再设限。今年月底，自然资源部下发有关文件，文件建议各省市自然资源部主管部门，取消土地拍卖中的地价限制、建议取消远郊容积率限制等。截至发稿，个集中供地城市中，有个城市已相继发布新挂牌宅地公告，包括杭州在内的城不再设置地价上限；其中，郑州的部分城区依然限制了地价；仅北京、上海则维持地价、房价“双限”。潮新闻浙江经视的微博视频;#杭州4区不再限房价##杭州取消土地限价#浙江经视的微博视频;174;不是芒果味的柠檬片;湖南;偷着乐咯[舔屏];2023-11-09 19:21:11;0;0.030679652061548;0;0
浙江经视;;0;13;42;250;杭州区不再限房价杭州取消土地限价杭州第批次宗宅地挂牌，随之而来的是众望所归的土拍新规：土地恢复“价高者得”的竞价方式，不再摇号；上城、拱墅、滨江、西湖、萧山、余杭六区依然限房价，富阳、临安、临平、钱塘四区房价不再设限。今年月底，自然资源部下发有关文件，文件建议各省市自然资源部主管部门，取消土地拍卖中的地价限制、建议取消远郊容积率限制等。截至发稿，个集中供地城市中，有个城市已相继发布新挂牌宅地公告，包括杭州在内的城不再设置地价上限；其中，郑州的部分城区依然限制了地价；仅北京、上海则维持地价、房价“双限”。潮新闻浙江经视的微博视频;#杭州4区不再限房价##杭州取消土地限价#浙江经视的微博视频;555;马克布克;北京;想炒房的是谁一目了然了;2023-11-11 10:29:15;0;0.030679652061548;0;0
浙江经视;;0;13;42;250;杭州区不再限房价杭州取消土地限价杭州第批次宗宅地挂牌，随之而来的是众望所归的土拍新规：土地恢复“价高者得”的竞价方式，不再摇号；上城、拱墅、滨江、西湖、萧山、余杭六区依然限房价，富阳、临安、临平、钱塘四区房价不再设限。今年月底，自然资源部下发有关文件，文件建议各省市自然资源部主管部门，取消土地拍卖中的地价限制、建议取消远郊容积率限制等。截至发稿，个集中供地城市中，有个城市已相继发布新挂牌宅地公告，包括杭州在内的城不再设置地价上限；其中，郑州的部分城区依然限制了地价；仅北京、上海则维持地价、房价“双限”。潮新闻浙江经视的微博视频;#杭州4区不再限房价##杭州取消土地限价#浙江经视的微博视频;0;-拒绝阴阳怪气-;浙江;[笑cry]二个没人要的区，忽悠外地人，富阳临平还算好点儿吧;2023-11-09 18:35:18;0;0.030679652061548;0;0
浙江经视;;0;13;42;250;杭州区不再限房价杭州取消土地限价杭州第批次宗宅地挂牌，随之而来的是众望所归的土拍新规：土地恢复“价高者得”的竞价方式，不再摇号；上城、拱墅、滨江、西湖、萧山、余杭六区依然限房价，富阳、临安、临平、钱塘四区房价不再设限。今年月底，自然资源部下发有关文件，文件建议各省市自然资源部主管部门，取消土地拍卖中的地价限制、建议取消远郊容积率限制等。截至发稿，个集中供地城市中，有个城市已相继发布新挂牌宅地公告，包括杭州在内的城不再设置地价上限；其中，郑州的部分城区依然限制了地价；仅北京、上海则维持地价、房价“双限”。潮新闻浙江经视的微博视频;#杭州4区不再限房价##杭州取消土地限价#浙江经视的微博视频;34;喜欢简单的生活_因为我很懒;浙江;[good][good][good]这波操作666呀。之前死命限房价。现在房价跌了，买的人少了，又开始不限价了。不就是脱裤子放屁，多此一举么[挖鼻][挖鼻];2023-11-09 20:11:56;0;0.030679652061548;0;0
浙江经视;;0;13;42;250;杭州区不再限房价杭州取消土地限价杭州第批次宗宅地挂牌，随之而来的是众望所归的土拍新规：土地恢复“价高者得”的竞价方式，不再摇号；上城、拱墅、滨江、西湖、萧山、余杭六区依然限房价，富阳、临安、临平、钱塘四区房价不再设限。今年月底，自然资源部下发有关文件，文件建议各省市自然资源部主管部门，取消土地拍卖中的地价限制、建议取消远郊容积率限制等。截至发稿，个集中供地城市中，有个城市已相继发布新挂牌宅地公告，包括杭州在内的城不再设置地价上限；其中，郑州的部分城区依然限制了地价；仅北京、上海则维持地价、房价“双限”。潮新闻浙江经视的微博视频;#杭州4区不再限房价##杭州取消土地限价#浙江经视的微博视频;7;Jeyoo_Haha;其他;不买;2023-11-09 17:54:21;4;0.030679652061548;0;0
浙江经视;;0;13;42;250;杭州区不再限房价杭州取消土地限价杭州第批次宗宅地挂牌，随之而来的是众望所归的土拍新规：土地恢复“价高者得”的竞价方式，不再摇号；上城、拱墅、滨江、西湖、萧山、余杭六区依然限房价，富阳、临安、临平、钱塘四区房价不再设限。今年月底，自然资源部下发有关文件，文件建议各省市自然资源部主管部门，取消土地拍卖中的地价限制、建议取消远郊容积率限制等。截至发稿，个集中供地城市中，有个城市已相继发布新挂牌宅地公告，包括杭州在内的城不再设置地价上限；其中，郑州的部分城区依然限制了地价；仅北京、上海则维持地价、房价“双限”。潮新闻浙江经视的微博视频;#杭州4区不再限房价##杭州取消土地限价#浙江经视的微博视频;0;先跳在飞;海外;再次证明政府不允许房价下跌，让年轻人能买得起房;2023-11-09 17:12:55;19;0.030679652061548;0;0
浙江经视;;0;13;42;250;杭州区不再限房价杭州取消土地限价杭州第批次宗宅地挂牌，随之而来的是众望所归的土拍新规：土地恢复“价高者得”的竞价方式，不再摇号；上城、拱墅、滨江、西湖、萧山、余杭六区依然限房价，富阳、临安、临平、钱塘四区房价不再设限。今年月底，自然资源部下发有关文件，文件建议各省市自然资源部主管部门，取消土地拍卖中的地价限制、建议取消远郊容积率限制等。截至发稿，个集中供地城市中，有个城市已相继发布新挂牌宅地公告，包括杭州在内的城不再设置地价上限；其中，郑州的部分城区依然限制了地价；仅北京、上海则维持地价、房价“双限”。潮新闻浙江经视的微博视频;#杭州4区不再限房价##杭州取消土地限价#浙江经视的微博视频;33;眼睛的意义;浙江;让你们炒啊;2023-11-09 16:11:24;0;0.030679652061548;0;0
浙江经视;;0;13;42;250;杭州区不再限房价杭州取消土地限价杭州第批次宗宅地挂牌，随之而来的是众望所归的土拍新规：土地恢复“价高者得”的竞价方式，不再摇号；上城、拱墅、滨江、西湖、萧山、余杭六区依然限房价，富阳、临安、临平、钱塘四区房价不再设限。今年月底，自然资源部下发有关文件，文件建议各省市自然资源部主管部门，取消土地拍卖中的地价限制、建议取消远郊容积率限制等。截至发稿，个集中供地城市中，有个城市已相继发布新挂牌宅地公告，包括杭州在内的城不再设置地价上限；其中，郑州的部分城区依然限制了地价；仅北京、上海则维持地价、房价“双限”。潮新闻浙江经视的微博视频;#杭州4区不再限房价##杭州取消土地限价#浙江经视的微博视频;2;劍鯮天下第壹;其他;那意思是能降价卖房咯，取消恶意降价啦？;2023-11-09 15:32:04;1;0.030679652061548;0;0
杭城吃喝玩乐;浙江;0;0;2;2;杭州土地取消限价月日，杭州第批次宗宅地挂牌，土地恢复“价高者得”的竞价方式，不再摇号，把选择权交给了市场;#杭州土地取消限价#;68;B--1;浙江;房价可以在稳住么[允悲];2023-11-09 13:02:28;1;0.0302750031280022;0;0
杭城吃喝玩乐;浙江;0;0;2;2;杭州土地取消限价月日，杭州第批次宗宅地挂牌，土地恢复“价高者得”的竞价方式，不再摇号，把选择权交给了市场;#杭州土地取消限价#;68;速趴_悲剧塔;海外;除了钱江新城等中心地段 不跌就不错了;2023-11-09 13:18:52;0;0.0302750031280022;1;0
贵溪发布;;0;2;2;2;杭州土地出让不再摇号恢复价高者得，六主城区新房仍限价月日，杭州宗宅地挂牌。公告明确，该批涉宅地块实行自由竞价，按照价高者得的原则确定竞得人。澎湃新闻注意到，这意味着杭州土地出让恢复“价高者得”竞价方式，不再摇号。同时，宗地块中，位于上城、拱墅、滨江、西湖、萧山、余杭六区的依然限新房房价，位于富阳、临安、临平、钱塘四区房价不再设限，取消“双限”。网页链接;#杭州土地出让不再摇号恢复价高者得#;1;汪汪WWL;江西;竞标？;2023-11-09 11:30:16;0;0.0356380031638685;0;0
贵溪发布;;0;2;2;2;杭州土地出让不再摇号恢复价高者得，六主城区新房仍限价月日，杭州宗宅地挂牌。公告明确，该批涉宅地块实行自由竞价，按照价高者得的原则确定竞得人。澎湃新闻注意到，这意味着杭州土地出让恢复“价高者得”竞价方式，不再摇号。同时，宗地块中，位于上城、拱墅、滨江、西湖、萧山、余杭六区的依然限新房房价，位于富阳、临安、临平、钱塘四区房价不再设限，取消“双限”。网页链接;#杭州土地出让不再摇号恢复价高者得#;1;黎诺诺诺诺诺;江西;[允悲][允悲][允悲]买不起啊;2023-11-09 14:50:37;0;0.0356380031638685;0;0
澎湃新闻;;0;9;20;38;杭州土地出让不再摇号恢复价高者得，六主城区新房仍限价月日，杭州宗宅地挂牌。公告明确，该批涉宅地块实行自由竞价，按照价高者得的原则确定竞得人。澎湃新闻注意到，这意味着杭州土地出让恢复“价高者得”竞价方式，不再摇号。同时，宗地块中，位于上城、拱墅、滨江、西湖、萧山、余杭六区的依然限新房房价，位于富阳、临安、临平、钱塘四区房价不再设限，取消“双限”。网页链接;#杭州土地出让不再摇号恢复价高者得#网页链接;95;黑白无常阿修罗;澳门;真奇怪！不是一直都是价高者得吗？不说不知道！;2023-11-09 11:31:51;9;0.0356380031638685;0;1
澎湃新闻;;0;9;20;38;杭州土地出让不再摇号恢复价高者得，六主城区新房仍限价月日，杭州宗宅地挂牌。公告明确，该批涉宅地块实行自由竞价，按照价高者得的原则确定竞得人。澎湃新闻注意到，这意味着杭州土地出让恢复“价高者得”竞价方式，不再摇号。同时，宗地块中，位于上城、拱墅、滨江、西湖、萧山、余杭六区的依然限新房房价，位于富阳、临安、临平、钱塘四区房价不再设限，取消“双限”。网页链接;#杭州土地出让不再摇号恢复价高者得#网页链接;95;卫洺;其他;前几年是有最高限价。到了最高限价之后就摇号按最高限价卖。现在是取消了最高限价，意味着可以一直拍，直到剩最后一家。;2023-11-10 01:45:05;0;0.0356380031638685;1;1
澎湃新闻;;0;9;20;38;杭州土地出让不再摇号恢复价高者得，六主城区新房仍限价月日，杭州宗宅地挂牌。公告明确，该批涉宅地块实行自由竞价，按照价高者得的原则确定竞得人。澎湃新闻注意到，这意味着杭州土地出让恢复“价高者得”竞价方式，不再摇号。同时，宗地块中，位于上城、拱墅、滨江、西湖、萧山、余杭六区的依然限新房房价，位于富阳、临安、临平、钱塘四区房价不再设限，取消“双限”。网页链接;#杭州土地出让不再摇号恢复价高者得#网页链接;257409;富在买房;海外;说明财政压力大了？;2023-11-09 11:37:41;3;0.0356380031638685;0;1
澎湃新闻;;0;9;20;38;杭州土地出让不再摇号恢复价高者得，六主城区新房仍限价月日，杭州宗宅地挂牌。公告明确，该批涉宅地块实行自由竞价，按照价高者得的原则确定竞得人。澎湃新闻注意到，这意味着杭州土地出让恢复“价高者得”竞价方式，不再摇号。同时，宗地块中，位于上城、拱墅、滨江、西湖、萧山、余杭六区的依然限新房房价，位于富阳、临安、临平、钱塘四区房价不再设限，取消“双限”。网页链接;#杭州土地出让不再摇号恢复价高者得#网页链接;2;Karhunen-Loeve;四川;就那几家还能拿地了，其他都快倒闭了;2023-11-09 16:42:22;1;0.0356380031638685;0;1
澎湃新闻;;0;9;20;38;杭州土地出让不再摇号恢复价高者得，六主城区新房仍限价月日，杭州宗宅地挂牌。公告明确，该批涉宅地块实行自由竞价，按照价高者得的原则确定竞得人。澎湃新闻注意到，这意味着杭州土地出让恢复“价高者得”竞价方式，不再摇号。同时，宗地块中，位于上城、拱墅、滨江、西湖、萧山、余杭六区的依然限新房房价，位于富阳、临安、临平、钱塘四区房价不再设限，取消“双限”。网页链接;#杭州土地出让不再摇号恢复价高者得#网页链接;179;启迪No1;四川;先放松，再收紧，价格又上去了;2023-11-09 12:01:33;0;0.0356380031638685;0;1
澎湃新闻;;0;9;20;38;杭州土地出让不再摇号恢复价高者得，六主城区新房仍限价月日，杭州宗宅地挂牌。公告明确，该批涉宅地块实行自由竞价，按照价高者得的原则确定竞得人。澎湃新闻注意到，这意味着杭州土地出让恢复“价高者得”竞价方式，不再摇号。同时，宗地块中，位于上城、拱墅、滨江、西湖、萧山、余杭六区的依然限新房房价，位于富阳、临安、临平、钱塘四区房价不再设限，取消“双限”。网页链接;#杭州土地出让不再摇号恢复价高者得#网页链接;596;老韭不走;湖北;开始新一轮炒房风波啦！快来买啊，走过路过不要错过[哈哈];2023-11-09 11:33:57;1;0.0356380031638685;0;1
澎湃新闻;;0;9;20;38;杭州土地出让不再摇号恢复价高者得，六主城区新房仍限价月日，杭州宗宅地挂牌。公告明确，该批涉宅地块实行自由竞价，按照价高者得的原则确定竞得人。澎湃新闻注意到，这意味着杭州土地出让恢复“价高者得”竞价方式，不再摇号。同时，宗地块中，位于上城、拱墅、滨江、西湖、萧山、余杭六区的依然限新房房价，位于富阳、临安、临平、钱塘四区房价不再设限，取消“双限”。网页链接;#杭州土地出让不再摇号恢复价高者得#网页链接;67;多看四方叔;其他;看来房市还是很赞啊;2023-11-09 11:31:35;0;0.0356380031638685;0;1
澎湃新闻;;0;9;20;38;杭州土地出让不再摇号恢复价高者得，六主城区新房仍限价月日，杭州宗宅地挂牌。公告明确，该批涉宅地块实行自由竞价，按照价高者得的原则确定竞得人。澎湃新闻注意到，这意味着杭州土地出让恢复“价高者得”竞价方式，不再摇号。同时，宗地块中，位于上城、拱墅、滨江、西湖、萧山、余杭六区的依然限新房房价，位于富阳、临安、临平、钱塘四区房价不再设限，取消“双限”。网页链接;#杭州土地出让不再摇号恢复价高者得#网页链接;113915;Light-Art;其他;炒得高的得[doge];2023-11-09 18:05:28;0;0.0356380031638685;0;1
澎湃新闻;;0;9;20;38;杭州土地出让不再摇号恢复价高者得，六主城区新房仍限价月日，杭州宗宅地挂牌。公告明确，该批涉宅地块实行自由竞价，按照价高者得的原则确定竞得人。澎湃新闻注意到，这意味着杭州土地出让恢复“价高者得”竞价方式，不再摇号。同时，宗地块中，位于上城、拱墅、滨江、西湖、萧山、余杭六区的依然限新房房价，位于富阳、临安、临平、钱塘四区房价不再设限，取消“双限”。网页链接;#杭州土地出让不再摇号恢复价高者得#网页链接;191;呆呆老憋;浙江;几个敢拿地的 进去了 不敢的资金链断和不断有什么区别;2023-11-09 18:06:06;0;0.0356380031638685;0;1
澎湃新闻;;0;9;20;38;杭州土地出让不再摇号恢复价高者得，六主城区新房仍限价月日，杭州宗宅地挂牌。公告明确，该批涉宅地块实行自由竞价，按照价高者得的原则确定竞得人。澎湃新闻注意到，这意味着杭州土地出让恢复“价高者得”竞价方式，不再摇号。同时，宗地块中，位于上城、拱墅、滨江、西湖、萧山、余杭六区的依然限新房房价，位于富阳、临安、临平、钱塘四区房价不再设限，取消“双限”。网页链接;#杭州土地出让不再摇号恢复价高者得#网页链接;29;帝魂雨遁;浙江;为了年年增长的GDP;2023-11-09 16:36:59;0;0.0356380031638685;0;1
澎湃新闻;;0;9;20;38;杭州土地出让不再摇号恢复价高者得，六主城区新房仍限价月日，杭州宗宅地挂牌。公告明确，该批涉宅地块实行自由竞价，按照价高者得的原则确定竞得人。澎湃新闻注意到，这意味着杭州土地出让恢复“价高者得”竞价方式，不再摇号。同时，宗地块中，位于上城、拱墅、滨江、西湖、萧山、余杭六区的依然限新房房价，位于富阳、临安、临平、钱塘四区房价不再设限，取消“双限”。网页链接;#杭州土地出让不再摇号恢复价高者得#网页链接;12;细胞公民;北京;问题是现在除了自己的城投公司以外，还能找到和你玩的吗！;2023-11-10 00:38:56;0;0.0356380031638685;0;1
澎湃新闻;;0;9;20;38;杭州土地出让不再摇号恢复价高者得，六主城区新房仍限价月日，杭州宗宅地挂牌。公告明确，该批涉宅地块实行自由竞价，按照价高者得的原则确定竞得人。澎湃新闻注意到，这意味着杭州土地出让恢复“价高者得”竞价方式，不再摇号。同时，宗地块中，位于上城、拱墅、滨江、西湖、萧山、余杭六区的依然限新房房价，位于富阳、临安、临平、钱塘四区房价不再设限，取消“双限”。网页链接;#杭州土地出让不再摇号恢复价高者得#网页链接;4;Simon35000;河南;放心，大招越多，买家越知道你扛不住了，就会更不买，真正想让房地产复兴，干脆大方点，取消公摊和70年产权试试永久产权和农村宅基地自由交易。;2023-11-13 11:09:16;0;0.0356380031638685;0;1
澎湃新闻;;0;9;20;38;杭州土地出让不再摇号恢复价高者得，六主城区新房仍限价月日，杭州宗宅地挂牌。公告明确，该批涉宅地块实行自由竞价，按照价高者得的原则确定竞得人。澎湃新闻注意到，这意味着杭州土地出让恢复“价高者得”竞价方式，不再摇号。同时，宗地块中，位于上城、拱墅、滨江、西湖、萧山、余杭六区的依然限新房房价，位于富阳、临安、临平、钱塘四区房价不再设限，取消“双限”。网页链接;#杭州土地出让不再摇号恢复价高者得#网页链接;497;熙熙杭州;浙江;杭州财政这么多年财政全靠卖地[允悲];2023-11-09 18:15:05;1;0.0356380031638685;0;1
澎湃新闻;;0;9;20;38;杭州土地出让不再摇号恢复价高者得，六主城区新房仍限价月日，杭州宗宅地挂牌。公告明确，该批涉宅地块实行自由竞价，按照价高者得的原则确定竞得人。澎湃新闻注意到，这意味着杭州土地出让恢复“价高者得”竞价方式，不再摇号。同时，宗地块中，位于上城、拱墅、滨江、西湖、萧山、余杭六区的依然限新房房价，位于富阳、临安、临平、钱塘四区房价不再设限，取消“双限”。网页链接;#杭州土地出让不再摇号恢复价高者得#网页链接;9;常年不看微博的人;其他;嗯嗯 一切为了人民[doge]有担当有作为，我很骄傲自己是中国人;2023-11-09 18:09:24;0;0.0356380031638685;0;1
澎湃新闻;;0;9;20;38;杭州土地出让不再摇号恢复价高者得，六主城区新房仍限价月日，杭州宗宅地挂牌。公告明确，该批涉宅地块实行自由竞价，按照价高者得的原则确定竞得人。澎湃新闻注意到，这意味着杭州土地出让恢复“价高者得”竞价方式，不再摇号。同时，宗地块中，位于上城、拱墅、滨江、西湖、萧山、余杭六区的依然限新房房价，位于富阳、临安、临平、钱塘四区房价不再设限，取消“双限”。网页链接;#杭州土地出让不再摇号恢复价高者得#网页链接;995;奥特奥尼玛;海外;往死里炒！什么时候100万/平;2023-11-09 17:16:43;1;0.0356380031638685;0;1
澎湃新闻;;0;9;20;38;杭州土地出让不再摇号恢复价高者得，六主城区新房仍限价月日，杭州宗宅地挂牌。公告明确，该批涉宅地块实行自由竞价，按照价高者得的原则确定竞得人。澎湃新闻注意到，这意味着杭州土地出让恢复“价高者得”竞价方式，不再摇号。同时，宗地块中，位于上城、拱墅、滨江、西湖、萧山、余杭六区的依然限新房房价，位于富阳、临安、临平、钱塘四区房价不再设限，取消“双限”。网页链接;#杭州土地出让不再摇号恢复价高者得#网页链接;1018;播米;安徽;#杭州土地出让不再摇号恢复价高者得#，六主城区新房仍限价;2023-11-09 16:36:00;0;0.0356380031638685;0;1
澎湃新闻;;0;9;20;38;杭州土地出让不再摇号恢复价高者得，六主城区新房仍限价月日，杭州宗宅地挂牌。公告明确，该批涉宅地块实行自由竞价，按照价高者得的原则确定竞得人。澎湃新闻注意到，这意味着杭州土地出让恢复“价高者得”竞价方式，不再摇号。同时，宗地块中，位于上城、拱墅、滨江、西湖、萧山、余杭六区的依然限新房房价，位于富阳、临安、临平、钱塘四区房价不再设限，取消“双限”。网页链接;#杭州土地出让不再摇号恢复价高者得#网页链接;0;真实而深刻;其他;所以不允许业主低价出售什么时候开放？市场供需变化不允许降价？;2023-11-09 12:50:01;2;0.0356380031638685;0;1
澎湃新闻;;0;9;20;38;杭州土地出让不再摇号恢复价高者得，六主城区新房仍限价月日，杭州宗宅地挂牌。公告明确，该批涉宅地块实行自由竞价，按照价高者得的原则确定竞得人。澎湃新闻注意到，这意味着杭州土地出让恢复“价高者得”竞价方式，不再摇号。同时，宗地块中，位于上城、拱墅、滨江、西湖、萧山、余杭六区的依然限新房房价，位于富阳、临安、临平、钱塘四区房价不再设限，取消“双限”。网页链接;#杭州土地出让不再摇号恢复价高者得#网页链接;0;嘿吼哈嘿咔咔;江苏;浙江玩土地经济那是出了名的;2023-11-09 11:50:45;0;0.0356380031638685;0;1
山水博士合肥楼市佣金守门员;安徽;0;0;4;5;杭州土地取消限价月日，杭州第批次宗宅地挂牌，随之而来的是众望所归的土拍新规：土地恢复价高者得的竞价方式，不再摇号；上城、拱墅、滨江、西湖、萧山、余杭六区依然限房价；富阳、临安、临平、钱塘四区房价不再设限。;;202;Me_turbo;安徽;乖乖;2023-11-09 12:36:23;1;0.0526688837062302;0;0
山水博士合肥楼市佣金守门员;安徽;0;0;4;5;杭州土地取消限价月日，杭州第批次宗宅地挂牌，随之而来的是众望所归的土拍新规：土地恢复价高者得的竞价方式，不再摇号；上城、拱墅、滨江、西湖、萧山、余杭六区依然限房价；富阳、临安、临平、钱塘四区房价不再设限。;;202;山水博士合肥楼市佣金守门员;其他;666啊;2023-11-12 00:11:18;1;0.0526688837062302;1;0
山水博士合肥楼市佣金守门员;安徽;0;0;4;5;杭州土地取消限价月日，杭州第批次宗宅地挂牌，随之而来的是众望所归的土拍新规：土地恢复价高者得的竞价方式，不再摇号；上城、拱墅、滨江、西湖、萧山、余杭六区依然限房价；富阳、临安、临平、钱塘四区房价不再设限。;;369;一个人间那点事;安徽;厉害;2023-11-09 16:15:34;0;0.0526688837062302;0;0
山水博士合肥楼市佣金守门员;安徽;0;0;4;5;杭州土地取消限价月日，杭州第批次宗宅地挂牌，随之而来的是众望所归的土拍新规：土地恢复价高者得的竞价方式，不再摇号；上城、拱墅、滨江、西湖、萧山、余杭六区依然限房价；富阳、临安、临平、钱塘四区房价不再设限。;;369;山水博士合肥楼市佣金守门员;其他;666;2023-11-12 00:11:15;1;0.0526688837062302;1;0
合肥楼大鱼;安徽;0;0;2;0;正确：杭州土地取消限价月日，杭州第批次宗宅地挂牌，随之而来的是众望所归的土拍新规：土地恢复价高者得的竞价方式，不再摇号；上城、拱墅、滨江、西湖、萧山、余杭六区依然限房价；富阳、临安、临平、钱塘四区房价不再设限。;;4;Ds_塰嬵寶;浙江;看来你对杭州不熟啊，富阳相当于合肥这边的六安，这么远没有意义了，这几个区。杭州主要还是拱墅区，西湖区，滨江区，包括武林门的西湖文化广场片区。;2023-11-09 12:45:25;0;0.0500813840792763;0;0
合肥楼大鱼;安徽;0;0;2;0;正确：杭州土地取消限价月日，杭州第批次宗宅地挂牌，随之而来的是众望所归的土拍新规：土地恢复价高者得的竞价方式，不再摇号；上城、拱墅、滨江、西湖、萧山、余杭六区依然限房价；富阳、临安、临平、钱塘四区房价不再设限。;;4;合肥楼大鱼;安徽;确实不熟，就去过一次;2023-11-09 14:39:30;0;0.0500813840792763;1;0
凤凰网财经;;0;3;7;13;杭州土地取消限价杭州第批次宗宅地挂牌，随之而来的是众望所归的土拍新规：土地恢复“价高者得”的竞价方式，不再摇号；上城、拱墅、滨江、西湖、萧山、余杭六区依然限房价，富阳、临安、临平、钱塘四区房价不再设限。今年月底，自然资源部下发有关文件，文件建议各省市自然资源部主管部门，取消土地拍卖中的地价限制、建议取消远郊容积率限制等。截至发稿，个集中供地城市中，有个城市已相继发布新挂牌宅地公告，包括杭州在内的城不再设置地价上限；其中，郑州的部分城区依然限制了地价；仅北京、上海则维持地价、房价“双限”。杭州土地取消限价;#杭州土地取消限价#杭州土地取消限价;2003;happy清风吹来;上海;开始急眼了么[允悲];2023-11-09 10:30:55;3;0.0361648775593626;0;1
凤凰网财经;;0;3;7;13;杭州土地取消限价杭州第批次宗宅地挂牌，随之而来的是众望所归的土拍新规：土地恢复“价高者得”的竞价方式，不再摇号；上城、拱墅、滨江、西湖、萧山、余杭六区依然限房价，富阳、临安、临平、钱塘四区房价不再设限。今年月底，自然资源部下发有关文件，文件建议各省市自然资源部主管部门，取消土地拍卖中的地价限制、建议取消远郊容积率限制等。截至发稿，个集中供地城市中，有个城市已相继发布新挂牌宅地公告，包括杭州在内的城不再设置地价上限；其中，郑州的部分城区依然限制了地价；仅北京、上海则维持地价、房价“双限”。杭州土地取消限价;#杭州土地取消限价#杭州土地取消限价;62;埃菲尔铁蛋6;海外;房子还要跌[跪了];2023-11-09 12:48:35;0;0.0361648775593626;0;1
凤凰网财经;;0;3;7;13;杭州土地取消限价杭州第批次宗宅地挂牌，随之而来的是众望所归的土拍新规：土地恢复“价高者得”的竞价方式，不再摇号；上城、拱墅、滨江、西湖、萧山、余杭六区依然限房价，富阳、临安、临平、钱塘四区房价不再设限。今年月底，自然资源部下发有关文件，文件建议各省市自然资源部主管部门，取消土地拍卖中的地价限制、建议取消远郊容积率限制等。截至发稿，个集中供地城市中，有个城市已相继发布新挂牌宅地公告，包括杭州在内的城不再设置地价上限；其中，郑州的部分城区依然限制了地价；仅北京、上海则维持地价、房价“双限”。杭州土地取消限价;#杭州土地取消限价#杭州土地取消限价;467;翼德欧巴;安徽;房子还要涨价……;2023-11-09 11:16:55;0;0.0361648775593626;0;1
凤凰网财经;;0;3;7;13;杭州土地取消限价杭州第批次宗宅地挂牌，随之而来的是众望所归的土拍新规：土地恢复“价高者得”的竞价方式，不再摇号；上城、拱墅、滨江、西湖、萧山、余杭六区依然限房价，富阳、临安、临平、钱塘四区房价不再设限。今年月底，自然资源部下发有关文件，文件建议各省市自然资源部主管部门，取消土地拍卖中的地价限制、建议取消远郊容积率限制等。截至发稿，个集中供地城市中，有个城市已相继发布新挂牌宅地公告，包括杭州在内的城不再设置地价上限；其中，郑州的部分城区依然限制了地价；仅北京、上海则维持地价、房价“双限”。杭州土地取消限价;#杭州土地取消限价#杭州土地取消限价;467;冻顶乌龙茶丶;浙江;这还涨？这分明是要跌的信号啊;2023-11-09 14:15:07;0;0.0361648775593626;1;1
凤凰网财经;;0;3;7;13;杭州土地取消限价杭州第批次宗宅地挂牌，随之而来的是众望所归的土拍新规：土地恢复“价高者得”的竞价方式，不再摇号；上城、拱墅、滨江、西湖、萧山、余杭六区依然限房价，富阳、临安、临平、钱塘四区房价不再设限。今年月底，自然资源部下发有关文件，文件建议各省市自然资源部主管部门，取消土地拍卖中的地价限制、建议取消远郊容积率限制等。截至发稿，个集中供地城市中，有个城市已相继发布新挂牌宅地公告，包括杭州在内的城不再设置地价上限；其中，郑州的部分城区依然限制了地价；仅北京、上海则维持地价、房价“双限”。杭州土地取消限价;#杭州土地取消限价#杭州土地取消限价;61;饮水机耗水员;浙江;又可以升官发财咯，毕竟刚欠下几千亿[偷笑];2023-11-09 11:04:35;0;0.0361648775593626;0;1
凤凰网财经;;0;3;7;13;杭州土地取消限价杭州第批次宗宅地挂牌，随之而来的是众望所归的土拍新规：土地恢复“价高者得”的竞价方式，不再摇号；上城、拱墅、滨江、西湖、萧山、余杭六区依然限房价，富阳、临安、临平、钱塘四区房价不再设限。今年月底，自然资源部下发有关文件，文件建议各省市自然资源部主管部门，取消土地拍卖中的地价限制、建议取消远郊容积率限制等。截至发稿，个集中供地城市中，有个城市已相继发布新挂牌宅地公告，包括杭州在内的城不再设置地价上限；其中，郑州的部分城区依然限制了地价；仅北京、上海则维持地价、房价“双限”。杭州土地取消限价;#杭州土地取消限价#杭州土地取消限价;57;HenrySnow;陕西;没钱了？着急了？马上会全国推广[费解];2023-11-09 10:35:57;1;0.0361648775593626;0;1
合肥土哥;安徽;0;0;2;4;杭州土地取消限价月日，杭州第批次宗宅地挂牌，随之而来的是众望所归的土拍新规：土地恢复价高者得的竞价方式，不再摇号；上城、拱墅、滨江、西湖、萧山、余杭六区依然限房价；富阳、临安、临平、钱塘四区房价不再设限。今年月底，自然资源部下发有关文件，文件建议各省市自然资源部主管部门，取消土地拍卖中的地价限制、建议取消远郊容积率限制等。截至发稿，个集中供地城市中，有个城市已相继发布新挂牌宅地公告，包括杭州在内的城不再设置地价上限；其中，郑州的部分城区依然限制了地价；仅北京、上海则维持地价、房价双限。杭州楼市房地产;#杭州楼市##房地产#;3;合肥安吉;其他;每出一个政策对空军都是一次心灵打击，焦虑[doge];2023-11-09 10:25:53;1;0.0332366765974241;0;0
合肥土哥;安徽;0;0;2;4;杭州土地取消限价月日，杭州第批次宗宅地挂牌，随之而来的是众望所归的土拍新规：土地恢复价高者得的竞价方式，不再摇号；上城、拱墅、滨江、西湖、萧山、余杭六区依然限房价；富阳、临安、临平、钱塘四区房价不再设限。今年月底，自然资源部下发有关文件，文件建议各省市自然资源部主管部门，取消土地拍卖中的地价限制、建议取消远郊容积率限制等。截至发稿，个集中供地城市中，有个城市已相继发布新挂牌宅地公告，包括杭州在内的城不再设置地价上限；其中，郑州的部分城区依然限制了地价；仅北京、上海则维持地价、房价双限。杭州楼市房地产;#杭州楼市##房地产#;3;合肥土哥;安徽;空军，现在挺好的啊;2023-11-09 10:26:36;0;0.0332366765974241;1;0
当铺大老板;浙江;0;2;3;18;熟悉的感觉都回来了，除了降价，都好谈杭州土地取消限价财联社月日电，杭州第批次宗宅地挂牌，随之而来的是众望所归的土拍新规：土地恢复“价高者得”的竞价方式，不再摇号；上城、拱墅、滨江、西湖、萧山、余杭六区依然限房价，富阳、临安、临平、钱塘四区房价不再设限。今年月底，自然资源部下发有关文件，文件建议各省市自然资源部主管部门，取消土地拍卖中的地价限制、建议取消远郊容积率限制等。截至发稿，个集中供地城市中，有个城市已相继发布新挂牌宅地公告，包括杭州在内的城不再设置地价上限；其中，郑州的部分城区依然限制了地价；仅北京、上海则维持地价、房价“双限”。当铺大老板的微博视频;#杭州土地取消限价#当铺大老板的微博视频;61;饮水机耗水员;浙江;高房价，大公摊，实际价格，独步全球，老百姓太难了[偷笑];2023-11-09 11:22:40;3;0.0287534848186466;0;0
深圳木子;广东;0;0;2;6;刚刚，杭州取消土地限价四区不再限房价月日，杭州第批次宗宅地挂牌，随之而来的是众望所归的土拍新规：、土地恢复“价高者得”的竞价方式，不再摇号；、上城、拱墅、滨江、西湖、萧山、余杭六区依然限房价，富阳、临安、临平、钱塘四区房价不再设限。;;75;RAUL鹏;广东;价高者得，有点像强买强卖啊;2023-11-09 12:25:39;0;0.0509347141076354;0;0
深圳木子;广东;0;0;2;6;刚刚，杭州取消土地限价四区不再限房价月日，杭州第批次宗宅地挂牌，随之而来的是众望所归的土拍新规：、土地恢复“价高者得”的竞价方式，不再摇号；、上城、拱墅、滨江、西湖、萧山、余杭六区依然限房价，富阳、临安、临平、钱塘四区房价不再设限。;;378;FreshPrince-Bel-Air;广东;又要涨了？;2023-11-09 10:08:04;0;0.0509347141076354;0;0
同花顺;;0;2;2;148;重磅杭州土地取消限价杭州第批次宗宅地挂牌，随之而来的是众望所归的土拍新规：土地恢复“价高者得”的竞价方式，不再摇号；上城、拱墅、滨江、西湖、萧山、余杭六区依然限房价，富阳、临安、临平、钱塘四区房价不再设限。今年月底，自然资源部下发有关文件，文件建议各省市自然资源部主管部门，取消土地拍卖中的地价限制、建议取消远郊容积率限制等。截至发稿，个集中供地城市中，有个城市已相继发布新挂牌宅地公告，包括杭州在内的城不再设置地价上限；其中，郑州的部分城区依然限制了地价；仅北京、上海则维持地价、房价“双限”。杭州今日看盘;杭州#今日看盘#;17;我在大a中等风更等你;浙江;杭州杠杠第一城;2023-11-09 10:05:22;0;0.0330908167352517;0;0
财联社APP;;0;13;3;21;杭州土地取消限价财联社月日电，杭州第批次宗宅地挂牌，随之而来的是众望所归的土拍新规：土地恢复“价高者得”的竞价方式，不再摇号；上城、拱墅、滨江、西湖、萧山、余杭六区依然限房价，富阳、临安、临平、钱塘四区房价不再设限。今年月底，自然资源部下发有关文件，文件建议各省市自然资源部主管部门，取消土地拍卖中的地价限制、建议取消远郊容积率限制等。截至发稿，个集中供地城市中，有个城市已相继发布新挂牌宅地公告，包括杭州在内的城不再设置地价上限；其中，郑州的部分城区依然限制了地价；仅北京、上海则维持地价、房价“双限”。潮新闻;#杭州土地取消限价#;1;鱼缸怕铁锤;北京;这行情还需要设上限？ 脱了裤子放屁;2023-11-09 09:45:16;2;0.0318926387741144;0;1
财联社APP;;0;13;3;21;杭州土地取消限价财联社月日电，杭州第批次宗宅地挂牌，随之而来的是众望所归的土拍新规：土地恢复“价高者得”的竞价方式，不再摇号；上城、拱墅、滨江、西湖、萧山、余杭六区依然限房价，富阳、临安、临平、钱塘四区房价不再设限。今年月底，自然资源部下发有关文件，文件建议各省市自然资源部主管部门，取消土地拍卖中的地价限制、建议取消远郊容积率限制等。截至发稿，个集中供地城市中，有个城市已相继发布新挂牌宅地公告，包括杭州在内的城不再设置地价上限；其中，郑州的部分城区依然限制了地价；仅北京、上海则维持地价、房价“双限”。潮新闻;#杭州土地取消限价#;1;墨一漠;其他;好的地段还是摇号的，以后就是商品房和保障两条线;2023-11-09 09:53:25;2;0.0318926387741144;1;1
财联社APP;;0;13;3;21;杭州土地取消限价财联社月日电，杭州第批次宗宅地挂牌，随之而来的是众望所归的土拍新规：土地恢复“价高者得”的竞价方式，不再摇号；上城、拱墅、滨江、西湖、萧山、余杭六区依然限房价，富阳、临安、临平、钱塘四区房价不再设限。今年月底，自然资源部下发有关文件，文件建议各省市自然资源部主管部门，取消土地拍卖中的地价限制、建议取消远郊容积率限制等。截至发稿，个集中供地城市中，有个城市已相继发布新挂牌宅地公告，包括杭州在内的城不再设置地价上限；其中，郑州的部分城区依然限制了地价；仅北京、上海则维持地价、房价“双限”。潮新闻;#杭州土地取消限价#;2275;Blue_Xcode;北京;前几天当地还在辟谣没这个事[允悲][允悲][允悲];2023-11-09 10:26:40;0;0.0318926387741144;0;1
钱江晚报;;0;0;6;718;杭州土地取消限价你近期有在杭州购房的打算吗？;#杭州土地取消限价#;226;syj2003;浙江;大势已去;2023-11-09 09:55:29;1;0.0558717183360485;0;0
钱江晚报;;0;0;6;718;杭州土地取消限价你近期有在杭州购房的打算吗？;#杭州土地取消限价#;226;一斗米2022;浙江;贵得地方会越来越贵，便宜的地方确实守不住得，以前杭州限价得世纪城4.8万，现在12万。去年前年控制得网红盘现在价格基本上是8万以上得。;2023-11-09 10:11:36;0;0.0558717183360485;1;0
钱江晚报;;0;0;6;718;杭州土地取消限价你近期有在杭州购房的打算吗？;#杭州土地取消限价#;957;范范胖胖;浙江;很重要的信息，房价会更加快速地下行;2023-11-09 17:45:25;2;0.0558717183360485;0;0
钱江晚报;;0;0;6;718;杭州土地取消限价你近期有在杭州购房的打算吗？;#杭州土地取消限价#;24;多汁蜜桃1999;其他;打算买了，非常便宜现在，还有挑选和讲价的余地[doge];2023-11-09 17:09:22;0;0.0558717183360485;0;0
钱江晚报;;0;0;6;718;杭州土地取消限价你近期有在杭州购房的打算吗？;#杭州土地取消限价#;8;夹总滚蛋;海南;买不起杭州的;2023-11-10 17:14:39;0;0.0558717183360485;0;0
钱江晚报;;0;0;6;718;杭州土地取消限价你近期有在杭州购房的打算吗？;#杭州土地取消限价#;33;底格拉酥;其他;近期买房不是四九入国军么[咯咯哒];2023-11-10 15:39:36;0;0.0558717183360485;0;0
华商报;;0;0;3;5;杭州土地取消限价月日，杭州第批次宗宅地挂牌，随之而来的是土拍新规：、土地恢复“价高者得”的竞价方式，不再摇号；、上城、拱墅、滨江、西湖、萧山、余杭六区依然限房价，富阳、临安、临平、钱塘四区房价不再设限。今年月底，自然资源部下发有关文件，文件建议各省市自然资源部主管部门，取消土地拍卖中的地价限制、建议取消远郊容积率限制等。截至发稿，个集中供地城市中，有个城市已相继发布新挂牌宅地公告，包括杭州在内的城不再设置地价上限；其中，郑州的部分城区依然限制了地价；仅北京、上海则维持地价、房价“双限”。;#杭州土地取消限价#;5761;i藝姝;陕西;使绝招了;2023-11-09 09:55:07;0;0.0329172845504883;0;0
华商报;;0;0;3;5;杭州土地取消限价月日，杭州第批次宗宅地挂牌，随之而来的是土拍新规：、土地恢复“价高者得”的竞价方式，不再摇号；、上城、拱墅、滨江、西湖、萧山、余杭六区依然限房价，富阳、临安、临平、钱塘四区房价不再设限。今年月底，自然资源部下发有关文件，文件建议各省市自然资源部主管部门，取消土地拍卖中的地价限制、建议取消远郊容积率限制等。截至发稿，个集中供地城市中，有个城市已相继发布新挂牌宅地公告，包括杭州在内的城不再设置地价上限；其中，郑州的部分城区依然限制了地价；仅北京、上海则维持地价、房价“双限”。;#杭州土地取消限价#;134;永不言弃201101;陕西;早该允许降价了;2023-11-09 16:00:36;1;0.0329172845504883;0;0
潮视频;;0;0;1;1;杭州土地取消限价月日，杭州第批次宗宅地挂牌，随之而来的是土拍新规：、土地恢复“价高者得”的竞价方式，不再摇号；、上城、拱墅、滨江、西湖、萧山、余杭六区依然限房价，富阳、临安、临平、钱塘四区房价不再设限。今年月底，自然资源部下发有关文件，文件建议各省市自然资源部主管部门，取消土地拍卖中的地价限制、建议取消远郊容积率限制等。截至发稿，个集中供地城市中，有个城市已相继发布新挂牌宅地公告，包括杭州在内的城不再设置地价上限；其中，郑州的部分城区依然限制了地价；仅北京、上海则维持地价、房价“双限”。点击图片查看完整新闻;#杭州土地取消限价#;40;半夜叫鸡的周扒皮;浙江;[笑哈哈];2023-11-09 12:18:23;0;0.0315697190296144;0;0
钱江晚报;;0;20;136;667;杭州土地取消限价月日，杭州第批次宗宅地挂牌，随之而来的是土拍新规：、土地恢复“价高者得”的竞价方式，不再摇号；、上城、拱墅、滨江、西湖、萧山、余杭六区依然限房价，富阳、临安、临平、钱塘四区房价不再设限。今年月底，自然资源部下发有关文件，文件建议各省市自然资源部主管部门，取消土地拍卖中的地价限制、建议取消远郊容积率限制等。截至发稿，个集中供地城市中，有个城市已相继发布新挂牌宅地公告，包括杭州在内的城不再设置地价上限；其中，郑州的部分城区依然限制了地价；仅北京、上海则维持地价、房价“双限”。点击图片查看完整新闻;#杭州土地取消限价#;223;番茄配吐司;浙江;《房子是用来住的，不是用来炒的》;2023-11-09 10:55:52;180;0.0315697190296144;0;0
钱江晚报;;0;20;136;667;杭州土地取消限价月日，杭州第批次宗宅地挂牌，随之而来的是土拍新规：、土地恢复“价高者得”的竞价方式，不再摇号；、上城、拱墅、滨江、西湖、萧山、余杭六区依然限房价，富阳、临安、临平、钱塘四区房价不再设限。今年月底，自然资源部下发有关文件，文件建议各省市自然资源部主管部门，取消土地拍卖中的地价限制、建议取消远郊容积率限制等。截至发稿，个集中供地城市中，有个城市已相继发布新挂牌宅地公告，包括杭州在内的城不再设置地价上限；其中，郑州的部分城区依然限制了地价；仅北京、上海则维持地价、房价“双限”。点击图片查看完整新闻;#杭州土地取消限价#;223;MonsieurWANG1;浙江;回复@惊若鸿12138:你想的太简单了，房子白菜价，就相当于建房子的材料钱，人工钱等等的东西就会更加白菜价，然后就是工人的工资也是白菜价，大家都不愿意上班了，说白了还是对普通打人工不友好[二哈];2023-11-10 09:49:51;1;0.0315697190296144;1;0
钱江晚报;;0;20;136;667;杭州土地取消限价月日，杭州第批次宗宅地挂牌，随之而来的是土拍新规：、土地恢复“价高者得”的竞价方式，不再摇号；、上城、拱墅、滨江、西湖、萧山、余杭六区依然限房价，富阳、临安、临平、钱塘四区房价不再设限。今年月底，自然资源部下发有关文件，文件建议各省市自然资源部主管部门，取消土地拍卖中的地价限制、建议取消远郊容积率限制等。截至发稿，个集中供地城市中，有个城市已相继发布新挂牌宅地公告，包括杭州在内的城不再设置地价上限；其中，郑州的部分城区依然限制了地价；仅北京、上海则维持地价、房价“双限”。点击图片查看完整新闻;#杭州土地取消限价#;223;别闹了我的宝;浙江;回复@饮水机耗水员:太敢说了兄弟;2023-11-10 08:47:21;0;0.0315697190296144;1;0
钱江晚报;;0;20;136;667;杭州土地取消限价月日，杭州第批次宗宅地挂牌，随之而来的是土拍新规：、土地恢复“价高者得”的竞价方式，不再摇号；、上城、拱墅、滨江、西湖、萧山、余杭六区依然限房价，富阳、临安、临平、钱塘四区房价不再设限。今年月底，自然资源部下发有关文件，文件建议各省市自然资源部主管部门，取消土地拍卖中的地价限制、建议取消远郊容积率限制等。截至发稿，个集中供地城市中，有个城市已相继发布新挂牌宅地公告，包括杭州在内的城不再设置地价上限；其中，郑州的部分城区依然限制了地价；仅北京、上海则维持地价、房价“双限”。点击图片查看完整新闻;#杭州土地取消限价#;223;惊若鸿12138;山东;回复@什么昵称都不可用2333:我就是人民，忽视个体，谈团体就是伪善。大众肯定希望房子白菜价，又不炒，一家一两套够了;2023-11-09 18:24:42;0;0.0315697190296144;1;0
钱江晚报;;0;20;136;667;杭州土地取消限价月日，杭州第批次宗宅地挂牌，随之而来的是土拍新规：、土地恢复“价高者得”的竞价方式，不再摇号；、上城、拱墅、滨江、西湖、萧山、余杭六区依然限房价，富阳、临安、临平、钱塘四区房价不再设限。今年月底，自然资源部下发有关文件，文件建议各省市自然资源部主管部门，取消土地拍卖中的地价限制、建议取消远郊容积率限制等。截至发稿，个集中供地城市中，有个城市已相继发布新挂牌宅地公告，包括杭州在内的城不再设置地价上限；其中，郑州的部分城区依然限制了地价；仅北京、上海则维持地价、房价“双限”。点击图片查看完整新闻;#杭州土地取消限价#;223;什么昵称都不可用2333;江苏;回复@惊若鸿12138:地价高低与土地收入政府财政的关系是复杂的，不是线性的。干预是程度的问题，不是0和1的关系。或许对于您而言，政府做什么都是错的，因为买不起房，但至少从经济学角度看，这条政策在让这个行业变好。最后说一句，一定会有普通人因这条政策受益，以及，你我都代表不了人民。;2023-11-09 18:17:05;0;0.0315697190296144;1;0
钱江晚报;;0;20;136;667;杭州土地取消限价月日，杭州第批次宗宅地挂牌，随之而来的是土拍新规：、土地恢复“价高者得”的竞价方式，不再摇号；、上城、拱墅、滨江、西湖、萧山、余杭六区依然限房价，富阳、临安、临平、钱塘四区房价不再设限。今年月底，自然资源部下发有关文件，文件建议各省市自然资源部主管部门，取消土地拍卖中的地价限制、建议取消远郊容积率限制等。截至发稿，个集中供地城市中，有个城市已相继发布新挂牌宅地公告，包括杭州在内的城不再设置地价上限；其中，郑州的部分城区依然限制了地价；仅北京、上海则维持地价、房价“双限”。点击图片查看完整新闻;#杭州土地取消限价#;223;惊若鸿12138;山东;回复@什么昵称都不可用2333:中国什么经济行为不受干预。我的房子降到一千一平，涨到一万对我来说一个样，不买不卖。降对未来的人是好事，可以享受生活，追求梦想。但是政府没钱了;2023-11-09 18:02:21;0;0.0315697190296144;1;0
钱江晚报;;0;20;136;667;杭州土地取消限价月日，杭州第批次宗宅地挂牌，随之而来的是土拍新规：、土地恢复“价高者得”的竞价方式，不再摇号；、上城、拱墅、滨江、西湖、萧山、余杭六区依然限房价，富阳、临安、临平、钱塘四区房价不再设限。今年月底，自然资源部下发有关文件，文件建议各省市自然资源部主管部门，取消土地拍卖中的地价限制、建议取消远郊容积率限制等。截至发稿，个集中供地城市中，有个城市已相继发布新挂牌宅地公告，包括杭州在内的城不再设置地价上限；其中，郑州的部分城区依然限制了地价；仅北京、上海则维持地价、房价“双限”。点击图片查看完整新闻;#杭州土地取消限价#;223;什么昵称都不可用2333;江苏;回复@惊若鸿12138:所以您认为房地产最优解仍然是行政干预？;2023-11-09 17:59:25;0;0.0315697190296144;1;0
钱江晚报;;0;20;136;667;杭州土地取消限价月日，杭州第批次宗宅地挂牌，随之而来的是土拍新规：、土地恢复“价高者得”的竞价方式，不再摇号；、上城、拱墅、滨江、西湖、萧山、余杭六区依然限房价，富阳、临安、临平、钱塘四区房价不再设限。今年月底，自然资源部下发有关文件，文件建议各省市自然资源部主管部门，取消土地拍卖中的地价限制、建议取消远郊容积率限制等。截至发稿，个集中供地城市中，有个城市已相继发布新挂牌宅地公告，包括杭州在内的城不再设置地价上限；其中，郑州的部分城区依然限制了地价；仅北京、上海则维持地价、房价“双限”。点击图片查看完整新闻;#杭州土地取消限价#;223;惊若鸿12138;山东;回复@什么昵称都不可用2333:拉动内需靠什么，中下层人民有钱花才行，大多数钱被绑在房子里，未来几十年他们没法花钱;2023-11-09 17:55:37;0;0.0315697190296144;1;0
钱江晚报;;0;20;136;667;杭州土地取消限价月日，杭州第批次宗宅地挂牌，随之而来的是土拍新规：、土地恢复“价高者得”的竞价方式，不再摇号；、上城、拱墅、滨江、西湖、萧山、余杭六区依然限房价，富阳、临安、临平、钱塘四区房价不再设限。今年月底，自然资源部下发有关文件，文件建议各省市自然资源部主管部门，取消土地拍卖中的地价限制、建议取消远郊容积率限制等。截至发稿，个集中供地城市中，有个城市已相继发布新挂牌宅地公告，包括杭州在内的城不再设置地价上限；其中，郑州的部分城区依然限制了地价；仅北京、上海则维持地价、房价“双限”。点击图片查看完整新闻;#杭州土地取消限价#;223;什么昵称都不可用2333;江苏;回复@惊若鸿12138:市场经济不是鸩酒，不是毒药。过去数十年无序的市场和收效甚微的干预才是毒药。;2023-11-09 17:53:28;0;0.0315697190296144;1;0
钱江晚报;;0;20;136;667;杭州土地取消限价月日，杭州第批次宗宅地挂牌，随之而来的是土拍新规：、土地恢复“价高者得”的竞价方式，不再摇号；、上城、拱墅、滨江、西湖、萧山、余杭六区依然限房价，富阳、临安、临平、钱塘四区房价不再设限。今年月底，自然资源部下发有关文件，文件建议各省市自然资源部主管部门，取消土地拍卖中的地价限制、建议取消远郊容积率限制等。截至发稿，个集中供地城市中，有个城市已相继发布新挂牌宅地公告，包括杭州在内的城不再设置地价上限；其中，郑州的部分城区依然限制了地价；仅北京、上海则维持地价、房价“双限”。点击图片查看完整新闻;#杭州土地取消限价#;223;惊若鸿12138;山东;回复@什么昵称都不可用2333:政府才是最大的炒房团，根据市场规律，卖不出去就得降价吧;2023-11-09 17:52:47;1;0.0315697190296144;1;0
钱江晚报;;0;20;136;667;杭州土地取消限价月日，杭州第批次宗宅地挂牌，随之而来的是土拍新规：、土地恢复“价高者得”的竞价方式，不再摇号；、上城、拱墅、滨江、西湖、萧山、余杭六区依然限房价，富阳、临安、临平、钱塘四区房价不再设限。今年月底，自然资源部下发有关文件，文件建议各省市自然资源部主管部门，取消土地拍卖中的地价限制、建议取消远郊容积率限制等。截至发稿，个集中供地城市中，有个城市已相继发布新挂牌宅地公告，包括杭州在内的城不再设置地价上限；其中，郑州的部分城区依然限制了地价；仅北京、上海则维持地价、房价“双限”。点击图片查看完整新闻;#杭州土地取消限价#;223;什么昵称都不可用2333;江苏;回复@惊若鸿12138:为什么是饮鸩止渴，恢复市场调控有什么不好吗？你要知道，行政干预不仅仅是限涨，还有限跌，只有房地价真正受供求关系影响，人民才有可能买得起房，当然是在没有炒房客的前提下。;2023-11-09 17:51:31;0;0.0315697190296144;1;0
钱江晚报;;0;20;136;667;杭州土地取消限价月日，杭州第批次宗宅地挂牌，随之而来的是土拍新规：、土地恢复“价高者得”的竞价方式，不再摇号；、上城、拱墅、滨江、西湖、萧山、余杭六区依然限房价，富阳、临安、临平、钱塘四区房价不再设限。今年月底，自然资源部下发有关文件，文件建议各省市自然资源部主管部门，取消土地拍卖中的地价限制、建议取消远郊容积率限制等。截至发稿，个集中供地城市中，有个城市已相继发布新挂牌宅地公告，包括杭州在内的城不再设置地价上限；其中，郑州的部分城区依然限制了地价；仅北京、上海则维持地价、房价“双限”。点击图片查看完整新闻;#杭州土地取消限价#;223;饮水机耗水员;浙江;回复 @惊若鸿12138:成语我会，饮鸩止渴，拔苗助长，竭泽而渔，杀鸡取卵，还有没有补充[偷笑];2023-11-09 17:47:04;0;0.0315697190296144;1;0
钱江晚报;;0;20;136;667;杭州土地取消限价月日，杭州第批次宗宅地挂牌，随之而来的是土拍新规：、土地恢复“价高者得”的竞价方式，不再摇号；、上城、拱墅、滨江、西湖、萧山、余杭六区依然限房价，富阳、临安、临平、钱塘四区房价不再设限。今年月底，自然资源部下发有关文件，文件建议各省市自然资源部主管部门，取消土地拍卖中的地价限制、建议取消远郊容积率限制等。截至发稿，个集中供地城市中，有个城市已相继发布新挂牌宅地公告，包括杭州在内的城不再设置地价上限；其中，郑州的部分城区依然限制了地价；仅北京、上海则维持地价、房价“双限”。点击图片查看完整新闻;#杭州土地取消限价#;223;MonsieurWANG1;浙江;回复@一卡1985:我靠你这个思维跳跃的。。那个只是一个例子而已，不是说买房跟喝水有关系[笑cry]本来就是市场经济，东西卖给愿意出高价格的人，这样做没毛病;2023-11-09 17:22:33;0;0.0315697190296144;1;0
钱江晚报;;0;20;136;667;杭州土地取消限价月日，杭州第批次宗宅地挂牌，随之而来的是土拍新规：、土地恢复“价高者得”的竞价方式，不再摇号；、上城、拱墅、滨江、西湖、萧山、余杭六区依然限房价，富阳、临安、临平、钱塘四区房价不再设限。今年月底，自然资源部下发有关文件，文件建议各省市自然资源部主管部门，取消土地拍卖中的地价限制、建议取消远郊容积率限制等。截至发稿，个集中供地城市中，有个城市已相继发布新挂牌宅地公告，包括杭州在内的城不再设置地价上限；其中，郑州的部分城区依然限制了地价；仅北京、上海则维持地价、房价“双限”。点击图片查看完整新闻;#杭州土地取消限价#;223;MonsieurWANG1;浙江;回复@番茄配吐司:你这人很奇怪，本来就是市场经济，好的地方的地价高不是很正常吗？既然拿地价贵了，开发商为了不亏钱加价销售不也很正常吗？买不起的开发商不去买就好了啊，同理，超出预算买不起那个房子的消费者也可以不用买，去买便宜点的地方啊。这很难理解吗？;2023-11-09 17:21:32;0;0.0315697190296144;1;0
钱江晚报;;0;20;136;667;杭州土地取消限价月日，杭州第批次宗宅地挂牌，随之而来的是土拍新规：、土地恢复“价高者得”的竞价方式，不再摇号；、上城、拱墅、滨江、西湖、萧山、余杭六区依然限房价，富阳、临安、临平、钱塘四区房价不再设限。今年月底，自然资源部下发有关文件，文件建议各省市自然资源部主管部门，取消土地拍卖中的地价限制、建议取消远郊容积率限制等。截至发稿，个集中供地城市中，有个城市已相继发布新挂牌宅地公告，包括杭州在内的城不再设置地价上限；其中，郑州的部分城区依然限制了地价；仅北京、上海则维持地价、房价“双限”。点击图片查看完整新闻;#杭州土地取消限价#;223;番茄配吐司;浙江;回复@MonsieurWANG1:笑死  你是不是读不懂上下文啊  房地产商购地的成本增加  他们会自掏腰包认了这笔成本吗？ 最终不还是购房人买单  羊毛出在羊身上  你还跟我在这沙漠卖水  你知不知之前为啥限价啊  这人真搞笑;2023-11-09 16:38:37;1;0.0315697190296144;1;0
钱江晚报;;0;20;136;667;杭州土地取消限价月日，杭州第批次宗宅地挂牌，随之而来的是土拍新规：、土地恢复“价高者得”的竞价方式，不再摇号；、上城、拱墅、滨江、西湖、萧山、余杭六区依然限房价，富阳、临安、临平、钱塘四区房价不再设限。今年月底，自然资源部下发有关文件，文件建议各省市自然资源部主管部门，取消土地拍卖中的地价限制、建议取消远郊容积率限制等。截至发稿，个集中供地城市中，有个城市已相继发布新挂牌宅地公告，包括杭州在内的城不再设置地价上限；其中，郑州的部分城区依然限制了地价；仅北京、上海则维持地价、房价“双限”。点击图片查看完整新闻;#杭州土地取消限价#;223;一卡1985;其他;回复@MonsieurWANG1:[笑cry]这概念偷换的，没房子难道能渴死;2023-11-09 16:27:10;2;0.0315697190296144;1;0
钱江晚报;;0;20;136;667;杭州土地取消限价月日，杭州第批次宗宅地挂牌，随之而来的是土拍新规：、土地恢复“价高者得”的竞价方式，不再摇号；、上城、拱墅、滨江、西湖、萧山、余杭六区依然限房价，富阳、临安、临平、钱塘四区房价不再设限。今年月底，自然资源部下发有关文件，文件建议各省市自然资源部主管部门，取消土地拍卖中的地价限制、建议取消远郊容积率限制等。截至发稿，个集中供地城市中，有个城市已相继发布新挂牌宅地公告，包括杭州在内的城不再设置地价上限；其中，郑州的部分城区依然限制了地价；仅北京、上海则维持地价、房价“双限”。点击图片查看完整新闻;#杭州土地取消限价#;223;颖火幂;海外;big胆;2023-11-09 15:52:35;1;0.0315697190296144;1;0
钱江晚报;;0;20;136;667;杭州土地取消限价月日，杭州第批次宗宅地挂牌，随之而来的是土拍新规：、土地恢复“价高者得”的竞价方式，不再摇号；、上城、拱墅、滨江、西湖、萧山、余杭六区依然限房价，富阳、临安、临平、钱塘四区房价不再设限。今年月底，自然资源部下发有关文件，文件建议各省市自然资源部主管部门，取消土地拍卖中的地价限制、建议取消远郊容积率限制等。截至发稿，个集中供地城市中，有个城市已相继发布新挂牌宅地公告，包括杭州在内的城不再设置地价上限；其中，郑州的部分城区依然限制了地价；仅北京、上海则维持地价、房价“双限”。点击图片查看完整新闻;#杭州土地取消限价#;223;acoop;上海;话是让你们来听的，不是让你当真的;2023-11-09 15:32:58;2;0.0315697190296144;1;0
钱江晚报;;0;20;136;667;杭州土地取消限价月日，杭州第批次宗宅地挂牌，随之而来的是土拍新规：、土地恢复“价高者得”的竞价方式，不再摇号；、上城、拱墅、滨江、西湖、萧山、余杭六区依然限房价，富阳、临安、临平、钱塘四区房价不再设限。今年月底，自然资源部下发有关文件，文件建议各省市自然资源部主管部门，取消土地拍卖中的地价限制、建议取消远郊容积率限制等。截至发稿，个集中供地城市中，有个城市已相继发布新挂牌宅地公告，包括杭州在内的城不再设置地价上限；其中，郑州的部分城区依然限制了地价；仅北京、上海则维持地价、房价“双限”。点击图片查看完整新闻;#杭州土地取消限价#;223;不想早上七点起床;浙江;图片评论 http://t.cn/A6WWamlV;2023-11-09 13:38:57;12;0.0315697190296144;1;0
钱江晚报;;0;20;136;667;杭州土地取消限价月日，杭州第批次宗宅地挂牌，随之而来的是土拍新规：、土地恢复“价高者得”的竞价方式，不再摇号；、上城、拱墅、滨江、西湖、萧山、余杭六区依然限房价，富阳、临安、临平、钱塘四区房价不再设限。今年月底，自然资源部下发有关文件，文件建议各省市自然资源部主管部门，取消土地拍卖中的地价限制、建议取消远郊容积率限制等。截至发稿，个集中供地城市中，有个城市已相继发布新挂牌宅地公告，包括杭州在内的城不再设置地价上限；其中，郑州的部分城区依然限制了地价；仅北京、上海则维持地价、房价“双限”。点击图片查看完整新闻;#杭州土地取消限价#;223;迷童BACK;其他;兄弟 你本末倒置了 赶紧撤回;2023-11-09 13:26:28;3;0.0315697190296144;1;0
钱江晚报;;0;20;136;667;杭州土地取消限价月日，杭州第批次宗宅地挂牌，随之而来的是土拍新规：、土地恢复“价高者得”的竞价方式，不再摇号；、上城、拱墅、滨江、西湖、萧山、余杭六区依然限房价，富阳、临安、临平、钱塘四区房价不再设限。今年月底，自然资源部下发有关文件，文件建议各省市自然资源部主管部门，取消土地拍卖中的地价限制、建议取消远郊容积率限制等。截至发稿，个集中供地城市中，有个城市已相继发布新挂牌宅地公告，包括杭州在内的城不再设置地价上限；其中，郑州的部分城区依然限制了地价；仅北京、上海则维持地价、房价“双限”。点击图片查看完整新闻;#杭州土地取消限价#;223;一口吞个榴莲;浙江;回复@AYEAUTUMN6789:大实话;2023-11-09 13:13:14;1;0.0315697190296144;1;0
钱江晚报;;0;20;136;667;杭州土地取消限价月日，杭州第批次宗宅地挂牌，随之而来的是土拍新规：、土地恢复“价高者得”的竞价方式，不再摇号；、上城、拱墅、滨江、西湖、萧山、余杭六区依然限房价，富阳、临安、临平、钱塘四区房价不再设限。今年月底，自然资源部下发有关文件，文件建议各省市自然资源部主管部门，取消土地拍卖中的地价限制、建议取消远郊容积率限制等。截至发稿，个集中供地城市中，有个城市已相继发布新挂牌宅地公告，包括杭州在内的城不再设置地价上限；其中，郑州的部分城区依然限制了地价；仅北京、上海则维持地价、房价“双限”。点击图片查看完整新闻;#杭州土地取消限价#;223;临窗赏云烟;浙江;回复@番茄配吐司:有什么问题吗;2023-11-09 13:10:23;1;0.0315697190296144;1;0
钱江晚报;;0;20;136;667;杭州土地取消限价月日，杭州第批次宗宅地挂牌，随之而来的是土拍新规：、土地恢复“价高者得”的竞价方式，不再摇号；、上城、拱墅、滨江、西湖、萧山、余杭六区依然限房价，富阳、临安、临平、钱塘四区房价不再设限。今年月底，自然资源部下发有关文件，文件建议各省市自然资源部主管部门，取消土地拍卖中的地价限制、建议取消远郊容积率限制等。截至发稿，个集中供地城市中，有个城市已相继发布新挂牌宅地公告，包括杭州在内的城不再设置地价上限；其中，郑州的部分城区依然限制了地价；仅北京、上海则维持地价、房价“双限”。点击图片查看完整新闻;#杭州土地取消限价#;223;AYEAUTUMN6789;其他;朝令夕改[doge];2023-11-09 12:46:34;5;0.0315697190296144;1;0
钱江晚报;;0;20;136;667;杭州土地取消限价月日，杭州第批次宗宅地挂牌，随之而来的是土拍新规：、土地恢复“价高者得”的竞价方式，不再摇号；、上城、拱墅、滨江、西湖、萧山、余杭六区依然限房价，富阳、临安、临平、钱塘四区房价不再设限。今年月底，自然资源部下发有关文件，文件建议各省市自然资源部主管部门，取消土地拍卖中的地价限制、建议取消远郊容积率限制等。截至发稿，个集中供地城市中，有个城市已相继发布新挂牌宅地公告，包括杭州在内的城不再设置地价上限；其中，郑州的部分城区依然限制了地价；仅北京、上海则维持地价、房价“双限”。点击图片查看完整新闻;#杭州土地取消限价#;223;几衣木;浙江;你是不是没有软肋 不卖地要不多收你点税[doge];2023-11-09 12:06:38;9;0.0315697190296144;1;0
钱江晚报;;0;20;136;667;杭州土地取消限价月日，杭州第批次宗宅地挂牌，随之而来的是土拍新规：、土地恢复“价高者得”的竞价方式，不再摇号；、上城、拱墅、滨江、西湖、萧山、余杭六区依然限房价，富阳、临安、临平、钱塘四区房价不再设限。今年月底，自然资源部下发有关文件，文件建议各省市自然资源部主管部门，取消土地拍卖中的地价限制、建议取消远郊容积率限制等。截至发稿，个集中供地城市中，有个城市已相继发布新挂牌宅地公告，包括杭州在内的城不再设置地价上限；其中，郑州的部分城区依然限制了地价；仅北京、上海则维持地价、房价“双限”。点击图片查看完整新闻;#杭州土地取消限价#;223;番茄配吐司;浙江;回复@什么昵称都不可用2333:然后重复历史  根本问题解决了吗[困];2023-11-09 11:41:57;2;0.0315697190296144;1;0
钱江晚报;;0;20;136;667;杭州土地取消限价月日，杭州第批次宗宅地挂牌，随之而来的是土拍新规：、土地恢复“价高者得”的竞价方式，不再摇号；、上城、拱墅、滨江、西湖、萧山、余杭六区依然限房价，富阳、临安、临平、钱塘四区房价不再设限。今年月底，自然资源部下发有关文件，文件建议各省市自然资源部主管部门，取消土地拍卖中的地价限制、建议取消远郊容积率限制等。截至发稿，个集中供地城市中，有个城市已相继发布新挂牌宅地公告，包括杭州在内的城不再设置地价上限；其中，郑州的部分城区依然限制了地价；仅北京、上海则维持地价、房价“双限”。点击图片查看完整新闻;#杭州土地取消限价#;223;惊若鸿12138;山东;回复@什么昵称都不可用2333:有，饮鸩止渴。透支人民幸福;2023-11-09 11:26:21;0;0.0315697190296144;1;0
钱江晚报;;0;20;136;667;杭州土地取消限价月日，杭州第批次宗宅地挂牌，随之而来的是土拍新规：、土地恢复“价高者得”的竞价方式，不再摇号；、上城、拱墅、滨江、西湖、萧山、余杭六区依然限房价，富阳、临安、临平、钱塘四区房价不再设限。今年月底，自然资源部下发有关文件，文件建议各省市自然资源部主管部门，取消土地拍卖中的地价限制、建议取消远郊容积率限制等。截至发稿，个集中供地城市中，有个城市已相继发布新挂牌宅地公告，包括杭州在内的城不再设置地价上限；其中，郑州的部分城区依然限制了地价；仅北京、上海则维持地价、房价“双限”。点击图片查看完整新闻;#杭州土地取消限价#;223;饮水机耗水员;浙江;这样怎么升官发财，一个周江勇倒下去了，还有千千万万要站起来[偷笑];2023-11-09 11:18:41;31;0.0315697190296144;1;0
钱江晚报;;0;20;136;667;杭州土地取消限价月日，杭州第批次宗宅地挂牌，随之而来的是土拍新规：、土地恢复“价高者得”的竞价方式，不再摇号；、上城、拱墅、滨江、西湖、萧山、余杭六区依然限房价，富阳、临安、临平、钱塘四区房价不再设限。今年月底，自然资源部下发有关文件，文件建议各省市自然资源部主管部门，取消土地拍卖中的地价限制、建议取消远郊容积率限制等。截至发稿，个集中供地城市中，有个城市已相继发布新挂牌宅地公告，包括杭州在内的城不再设置地价上限；其中，郑州的部分城区依然限制了地价；仅北京、上海则维持地价、房价“双限”。点击图片查看完整新闻;#杭州土地取消限价#;223;什么昵称都不可用2333;江苏;以前炒房严重的时候出限价政策调控房价，现在炒房客基本跑路或者灭绝了就恢复市场调控。有啥问题吗？;2023-11-09 11:09:40;8;0.0315697190296144;1;0
钱江晚报;;0;20;136;667;杭州土地取消限价月日，杭州第批次宗宅地挂牌，随之而来的是土拍新规：、土地恢复“价高者得”的竞价方式，不再摇号；、上城、拱墅、滨江、西湖、萧山、余杭六区依然限房价，富阳、临安、临平、钱塘四区房价不再设限。今年月底，自然资源部下发有关文件，文件建议各省市自然资源部主管部门，取消土地拍卖中的地价限制、建议取消远郊容积率限制等。截至发稿，个集中供地城市中，有个城市已相继发布新挂牌宅地公告，包括杭州在内的城不再设置地价上限；其中，郑州的部分城区依然限制了地价；仅北京、上海则维持地价、房价“双限”。点击图片查看完整新闻;#杭州土地取消限价#;108;沙漠的力量;江苏;这是要哄抬房价[允悲];2023-11-09 09:39:19;74;0.0315697190296144;0;0
钱江晚报;;0;20;136;667;杭州土地取消限价月日，杭州第批次宗宅地挂牌，随之而来的是土拍新规：、土地恢复“价高者得”的竞价方式，不再摇号；、上城、拱墅、滨江、西湖、萧山、余杭六区依然限房价，富阳、临安、临平、钱塘四区房价不再设限。今年月底，自然资源部下发有关文件，文件建议各省市自然资源部主管部门，取消土地拍卖中的地价限制、建议取消远郊容积率限制等。截至发稿，个集中供地城市中，有个城市已相继发布新挂牌宅地公告，包括杭州在内的城不再设置地价上限；其中，郑州的部分城区依然限制了地价；仅北京、上海则维持地价、房价“双限”。点击图片查看完整新闻;#杭州土地取消限价#;108;草率辽;其他;这几块地方是抬都抬不上的，你放心好了;2023-11-09 16:25:31;0;0.0315697190296144;1;0
钱江晚报;;0;20;136;667;杭州土地取消限价月日，杭州第批次宗宅地挂牌，随之而来的是土拍新规：、土地恢复“价高者得”的竞价方式，不再摇号；、上城、拱墅、滨江、西湖、萧山、余杭六区依然限房价，富阳、临安、临平、钱塘四区房价不再设限。今年月底，自然资源部下发有关文件，文件建议各省市自然资源部主管部门，取消土地拍卖中的地价限制、建议取消远郊容积率限制等。截至发稿，个集中供地城市中，有个城市已相继发布新挂牌宅地公告，包括杭州在内的城不再设置地价上限；其中，郑州的部分城区依然限制了地价；仅北京、上海则维持地价、房价“双限”。点击图片查看完整新闻;#杭州土地取消限价#;108;章小胖团子;浙江;回复@夏至星海:我再给你举个例子，临平良熟。没地铁没商业，公交车30分钟一班，杭州教育质量倒数的乔司中学学区。28000的限价，真石漆和涂料的外立面， 十来个楼盘的体量，不也卖完么？;2023-11-09 16:14:28;0;0.0315697190296144;1;0
钱江晚报;;0;20;136;667;杭州土地取消限价月日，杭州第批次宗宅地挂牌，随之而来的是土拍新规：、土地恢复“价高者得”的竞价方式，不再摇号；、上城、拱墅、滨江、西湖、萧山、余杭六区依然限房价，富阳、临安、临平、钱塘四区房价不再设限。今年月底，自然资源部下发有关文件，文件建议各省市自然资源部主管部门，取消土地拍卖中的地价限制、建议取消远郊容积率限制等。截至发稿，个集中供地城市中，有个城市已相继发布新挂牌宅地公告，包括杭州在内的城不再设置地价上限；其中，郑州的部分城区依然限制了地价；仅北京、上海则维持地价、房价“双限”。点击图片查看完整新闻;#杭州土地取消限价#;108;章小胖团子;浙江;回复@夏至星海:临平龙安这种鸟不拉屎的地方都能卖完，除非你说的是比去外地都远的临安;2023-11-09 16:03:40;0;0.0315697190296144;1;0
钱江晚报;;0;20;136;667;杭州土地取消限价月日，杭州第批次宗宅地挂牌，随之而来的是土拍新规：、土地恢复“价高者得”的竞价方式，不再摇号；、上城、拱墅、滨江、西湖、萧山、余杭六区依然限房价，富阳、临安、临平、钱塘四区房价不再设限。今年月底，自然资源部下发有关文件，文件建议各省市自然资源部主管部门，取消土地拍卖中的地价限制、建议取消远郊容积率限制等。截至发稿，个集中供地城市中，有个城市已相继发布新挂牌宅地公告，包括杭州在内的城不再设置地价上限；其中，郑州的部分城区依然限制了地价；仅北京、上海则维持地价、房价“双限”。点击图片查看完整新闻;#杭州土地取消限价#;108;Light-Art;其他;@紫光阁 @新华社 炒的价高者得[吃瓜];2023-11-09 15:49:47;0;0.0315697190296144;1;0
钱江晚报;;0;20;136;667;杭州土地取消限价月日，杭州第批次宗宅地挂牌，随之而来的是土拍新规：、土地恢复“价高者得”的竞价方式，不再摇号；、上城、拱墅、滨江、西湖、萧山、余杭六区依然限房价，富阳、临安、临平、钱塘四区房价不再设限。今年月底，自然资源部下发有关文件，文件建议各省市自然资源部主管部门，取消土地拍卖中的地价限制、建议取消远郊容积率限制等。截至发稿，个集中供地城市中，有个城市已相继发布新挂牌宅地公告，包括杭州在内的城不再设置地价上限；其中，郑州的部分城区依然限制了地价；仅北京、上海则维持地价、房价“双限”。点击图片查看完整新闻;#杭州土地取消限价#;108;章小胖团子;浙江;回复@偏偏风渐行远:杭州的土地和新房根本不愁卖，难卖的是老百姓的二手房;2023-11-09 13:18:30;0;0.0315697190296144;1;0
钱江晚报;;0;20;136;667;杭州土地取消限价月日，杭州第批次宗宅地挂牌，随之而来的是土拍新规：、土地恢复“价高者得”的竞价方式，不再摇号；、上城、拱墅、滨江、西湖、萧山、余杭六区依然限房价，富阳、临安、临平、钱塘四区房价不再设限。今年月底，自然资源部下发有关文件，文件建议各省市自然资源部主管部门，取消土地拍卖中的地价限制、建议取消远郊容积率限制等。截至发稿，个集中供地城市中，有个城市已相继发布新挂牌宅地公告，包括杭州在内的城不再设置地价上限；其中，郑州的部分城区依然限制了地价；仅北京、上海则维持地价、房价“双限”。点击图片查看完整新闻;#杭州土地取消限价#;108;Pinoy_J;其他;这是给炒房的信心[doge]但是今非昔比，炒房的不是傻子[笑cry];2023-11-09 13:16:46;1;0.0315697190296144;1;0
钱江晚报;;0;20;136;667;杭州土地取消限价月日，杭州第批次宗宅地挂牌，随之而来的是土拍新规：、土地恢复“价高者得”的竞价方式，不再摇号；、上城、拱墅、滨江、西湖、萧山、余杭六区依然限房价，富阳、临安、临平、钱塘四区房价不再设限。今年月底，自然资源部下发有关文件，文件建议各省市自然资源部主管部门，取消土地拍卖中的地价限制、建议取消远郊容积率限制等。截至发稿，个集中供地城市中，有个城市已相继发布新挂牌宅地公告，包括杭州在内的城不再设置地价上限；其中，郑州的部分城区依然限制了地价；仅北京、上海则维持地价、房价“双限”。点击图片查看完整新闻;#杭州土地取消限价#;108;004向阳;其他;回复@云淡风轻纵横四海:可是这是杭州啊[二哈]有钱人云集;2023-11-09 12:46:18;1;0.0315697190296144;1;0
钱江晚报;;0;20;136;667;杭州土地取消限价月日，杭州第批次宗宅地挂牌，随之而来的是土拍新规：、土地恢复“价高者得”的竞价方式，不再摇号；、上城、拱墅、滨江、西湖、萧山、余杭六区依然限房价，富阳、临安、临平、钱塘四区房价不再设限。今年月底，自然资源部下发有关文件，文件建议各省市自然资源部主管部门，取消土地拍卖中的地价限制、建议取消远郊容积率限制等。截至发稿，个集中供地城市中，有个城市已相继发布新挂牌宅地公告，包括杭州在内的城不再设置地价上限；其中，郑州的部分城区依然限制了地价；仅北京、上海则维持地价、房价“双限”。点击图片查看完整新闻;#杭州土地取消限价#;108;落日不会消逝;浙江;有人买吗？没人买谈何涨价;2023-11-09 12:03:07;3;0.0315697190296144;1;0
钱江晚报;;0;20;136;667;杭州土地取消限价月日，杭州第批次宗宅地挂牌，随之而来的是土拍新规：、土地恢复“价高者得”的竞价方式，不再摇号；、上城、拱墅、滨江、西湖、萧山、余杭六区依然限房价，富阳、临安、临平、钱塘四区房价不再设限。今年月底，自然资源部下发有关文件，文件建议各省市自然资源部主管部门，取消土地拍卖中的地价限制、建议取消远郊容积率限制等。截至发稿，个集中供地城市中，有个城市已相继发布新挂牌宅地公告，包括杭州在内的城不再设置地价上限；其中，郑州的部分城区依然限制了地价；仅北京、上海则维持地价、房价“双限”。点击图片查看完整新闻;#杭州土地取消限价#;108;昔余徐彨ri;黑龙江;关键得有人接盘啊;2023-11-09 12:00:09;0;0.0315697190296144;1;0
钱江晚报;;0;20;136;667;杭州土地取消限价月日，杭州第批次宗宅地挂牌，随之而来的是土拍新规：、土地恢复“价高者得”的竞价方式，不再摇号；、上城、拱墅、滨江、西湖、萧山、余杭六区依然限房价，富阳、临安、临平、钱塘四区房价不再设限。今年月底，自然资源部下发有关文件，文件建议各省市自然资源部主管部门，取消土地拍卖中的地价限制、建议取消远郊容积率限制等。截至发稿，个集中供地城市中，有个城市已相继发布新挂牌宅地公告，包括杭州在内的城不再设置地价上限；其中，郑州的部分城区依然限制了地价；仅北京、上海则维持地价、房价“双限”。点击图片查看完整新闻;#杭州土地取消限价#;108;不一样的世界201704;陕西;抓紧入手吧，一线新一线房价又要爆了;2023-11-09 11:41:32;2;0.0315697190296144;1;0
钱江晚报;;0;20;136;667;杭州土地取消限价月日，杭州第批次宗宅地挂牌，随之而来的是土拍新规：、土地恢复“价高者得”的竞价方式，不再摇号；、上城、拱墅、滨江、西湖、萧山、余杭六区依然限房价，富阳、临安、临平、钱塘四区房价不再设限。今年月底，自然资源部下发有关文件，文件建议各省市自然资源部主管部门，取消土地拍卖中的地价限制、建议取消远郊容积率限制等。截至发稿，个集中供地城市中，有个城市已相继发布新挂牌宅地公告，包括杭州在内的城不再设置地价上限；其中，郑州的部分城区依然限制了地价；仅北京、上海则维持地价、房价“双限”。点击图片查看完整新闻;#杭州土地取消限价#;108;饮水机耗水员;浙江;回复 @云淡风轻纵横四海:他们不敢喊马云回来接盘[偷笑];2023-11-09 11:28:13;0;0.0315697190296144;1;0
钱江晚报;;0;20;136;667;杭州土地取消限价月日，杭州第批次宗宅地挂牌，随之而来的是土拍新规：、土地恢复“价高者得”的竞价方式，不再摇号；、上城、拱墅、滨江、西湖、萧山、余杭六区依然限房价，富阳、临安、临平、钱塘四区房价不再设限。今年月底，自然资源部下发有关文件，文件建议各省市自然资源部主管部门，取消土地拍卖中的地价限制、建议取消远郊容积率限制等。截至发稿，个集中供地城市中，有个城市已相继发布新挂牌宅地公告，包括杭州在内的城不再设置地价上限；其中，郑州的部分城区依然限制了地价；仅北京、上海则维持地价、房价“双限”。点击图片查看完整新闻;#杭州土地取消限价#;108;银狼333;其他;搞得限价的时候就不哄抬房价了，人都没了我看他想卖给谁[鼓掌];2023-11-09 11:23:20;4;0.0315697190296144;1;0
钱江晚报;;0;20;136;667;杭州土地取消限价月日，杭州第批次宗宅地挂牌，随之而来的是土拍新规：、土地恢复“价高者得”的竞价方式，不再摇号；、上城、拱墅、滨江、西湖、萧山、余杭六区依然限房价，富阳、临安、临平、钱塘四区房价不再设限。今年月底，自然资源部下发有关文件，文件建议各省市自然资源部主管部门，取消土地拍卖中的地价限制、建议取消远郊容积率限制等。截至发稿，个集中供地城市中，有个城市已相继发布新挂牌宅地公告，包括杭州在内的城不再设置地价上限；其中，郑州的部分城区依然限制了地价；仅北京、上海则维持地价、房价“双限”。点击图片查看完整新闻;#杭州土地取消限价#;108;偏偏风渐行远;其他;这是没有人接盘了再限制就卖不出去了[doge];2023-11-09 11:16:38;1;0.0315697190296144;1;0
钱江晚报;;0;20;136;667;杭州土地取消限价月日，杭州第批次宗宅地挂牌，随之而来的是土拍新规：、土地恢复“价高者得”的竞价方式，不再摇号；、上城、拱墅、滨江、西湖、萧山、余杭六区依然限房价，富阳、临安、临平、钱塘四区房价不再设限。今年月底，自然资源部下发有关文件，文件建议各省市自然资源部主管部门，取消土地拍卖中的地价限制、建议取消远郊容积率限制等。截至发稿，个集中供地城市中，有个城市已相继发布新挂牌宅地公告，包括杭州在内的城不再设置地价上限；其中，郑州的部分城区依然限制了地价；仅北京、上海则维持地价、房价“双限”。点击图片查看完整新闻;#杭州土地取消限价#;108;云淡风轻纵横四海;其他;有钱人都跑了，现在情况不一样了。没有人接盘了;2023-11-09 11:12:06;22;0.0315697190296144;1;0
钱江晚报;;0;20;136;667;杭州土地取消限价月日，杭州第批次宗宅地挂牌，随之而来的是土拍新规：、土地恢复“价高者得”的竞价方式，不再摇号；、上城、拱墅、滨江、西湖、萧山、余杭六区依然限房价，富阳、临安、临平、钱塘四区房价不再设限。今年月底，自然资源部下发有关文件，文件建议各省市自然资源部主管部门，取消土地拍卖中的地价限制、建议取消远郊容积率限制等。截至发稿，个集中供地城市中，有个城市已相继发布新挂牌宅地公告，包括杭州在内的城不再设置地价上限；其中，郑州的部分城区依然限制了地价；仅北京、上海则维持地价、房价“双限”。点击图片查看完整新闻;#杭州土地取消限价#;108;回首君已逝物是人非;其他;得有人接盘，现在都在跑;2023-11-09 09:43:47;27;0.0315697190296144;1;0
钱江晚报;;0;20;136;667;杭州土地取消限价月日，杭州第批次宗宅地挂牌，随之而来的是土拍新规：、土地恢复“价高者得”的竞价方式，不再摇号；、上城、拱墅、滨江、西湖、萧山、余杭六区依然限房价，富阳、临安、临平、钱塘四区房价不再设限。今年月底，自然资源部下发有关文件，文件建议各省市自然资源部主管部门，取消土地拍卖中的地价限制、建议取消远郊容积率限制等。截至发稿，个集中供地城市中，有个城市已相继发布新挂牌宅地公告，包括杭州在内的城不再设置地价上限；其中，郑州的部分城区依然限制了地价；仅北京、上海则维持地价、房价“双限”。点击图片查看完整新闻;#杭州土地取消限价#;7;冷血草70933;其他;房住不炒就是个笑话，贻笑千年万年;2023-11-09 12:33:31;28;0.0315697190296144;0;0
钱江晚报;;0;20;136;667;杭州土地取消限价月日，杭州第批次宗宅地挂牌，随之而来的是土拍新规：、土地恢复“价高者得”的竞价方式，不再摇号；、上城、拱墅、滨江、西湖、萧山、余杭六区依然限房价，富阳、临安、临平、钱塘四区房价不再设限。今年月底，自然资源部下发有关文件，文件建议各省市自然资源部主管部门，取消土地拍卖中的地价限制、建议取消远郊容积率限制等。截至发稿，个集中供地城市中，有个城市已相继发布新挂牌宅地公告，包括杭州在内的城不再设置地价上限；其中，郑州的部分城区依然限制了地价；仅北京、上海则维持地价、房价“双限”。点击图片查看完整新闻;#杭州土地取消限价#;7;花剑影月舞;浙江;回复@饮水机耗水员: 相信政府决策，假如政府把地价和造房子的价格直接从百姓收取，绕过了开发商中介这些个中间商，算算房价会是多少一平，当然保障房位置会偏一点， 地价会更便宜;2023-11-10 09:12:34;0;0.0315697190296144;1;0
钱江晚报;;0;20;136;667;杭州土地取消限价月日，杭州第批次宗宅地挂牌，随之而来的是土拍新规：、土地恢复“价高者得”的竞价方式，不再摇号；、上城、拱墅、滨江、西湖、萧山、余杭六区依然限房价，富阳、临安、临平、钱塘四区房价不再设限。今年月底，自然资源部下发有关文件，文件建议各省市自然资源部主管部门，取消土地拍卖中的地价限制、建议取消远郊容积率限制等。截至发稿，个集中供地城市中，有个城市已相继发布新挂牌宅地公告，包括杭州在内的城不再设置地价上限；其中，郑州的部分城区依然限制了地价；仅北京、上海则维持地价、房价“双限”。点击图片查看完整新闻;#杭州土地取消限价#;7;冷血草70933;其他;回复@珠财入水:你个炒房客，也太憋不住了;2023-11-10 01:39:28;0;0.0315697190296144;1;0
钱江晚报;;0;20;136;667;杭州土地取消限价月日，杭州第批次宗宅地挂牌，随之而来的是土拍新规：、土地恢复“价高者得”的竞价方式，不再摇号；、上城、拱墅、滨江、西湖、萧山、余杭六区依然限房价，富阳、临安、临平、钱塘四区房价不再设限。今年月底，自然资源部下发有关文件，文件建议各省市自然资源部主管部门，取消土地拍卖中的地价限制、建议取消远郊容积率限制等。截至发稿，个集中供地城市中，有个城市已相继发布新挂牌宅地公告，包括杭州在内的城不再设置地价上限；其中，郑州的部分城区依然限制了地价；仅北京、上海则维持地价、房价“双限”。点击图片查看完整新闻;#杭州土地取消限价#;7;饮水机耗水员;浙江;回复 @扎针不:想屁吃[笑cry];2023-11-09 18:20:16;0;0.0315697190296144;1;0
钱江晚报;;0;20;136;667;杭州土地取消限价月日，杭州第批次宗宅地挂牌，随之而来的是土拍新规：、土地恢复“价高者得”的竞价方式，不再摇号；、上城、拱墅、滨江、西湖、萧山、余杭六区依然限房价，富阳、临安、临平、钱塘四区房价不再设限。今年月底，自然资源部下发有关文件，文件建议各省市自然资源部主管部门，取消土地拍卖中的地价限制、建议取消远郊容积率限制等。截至发稿，个集中供地城市中，有个城市已相继发布新挂牌宅地公告，包括杭州在内的城不再设置地价上限；其中，郑州的部分城区依然限制了地价；仅北京、上海则维持地价、房价“双限”。点击图片查看完整新闻;#杭州土地取消限价#;7;花剑影月舞;浙江; 政策变了，马上会有几千一平的保障房给你住的，这个才是房住不炒[doge];2023-11-09 17:50:06;0;0.0315697190296144;1;0
钱江晚报;;0;20;136;667;杭州土地取消限价月日，杭州第批次宗宅地挂牌，随之而来的是土拍新规：、土地恢复“价高者得”的竞价方式，不再摇号；、上城、拱墅、滨江、西湖、萧山、余杭六区依然限房价，富阳、临安、临平、钱塘四区房价不再设限。今年月底，自然资源部下发有关文件，文件建议各省市自然资源部主管部门，取消土地拍卖中的地价限制、建议取消远郊容积率限制等。截至发稿，个集中供地城市中，有个城市已相继发布新挂牌宅地公告，包括杭州在内的城不再设置地价上限；其中，郑州的部分城区依然限制了地价；仅北京、上海则维持地价、房价“双限”。点击图片查看完整新闻;#杭州土地取消限价#;7;潇弑Peternal;其他;回复@phb只有六块腹肌:是的。计划经济和市场经济相结合的;2023-11-09 16:30:53;0;0.0315697190296144;1;0
钱江晚报;;0;20;136;667;杭州土地取消限价月日，杭州第批次宗宅地挂牌，随之而来的是土拍新规：、土地恢复“价高者得”的竞价方式，不再摇号；、上城、拱墅、滨江、西湖、萧山、余杭六区依然限房价，富阳、临安、临平、钱塘四区房价不再设限。今年月底，自然资源部下发有关文件，文件建议各省市自然资源部主管部门，取消土地拍卖中的地价限制、建议取消远郊容积率限制等。截至发稿，个集中供地城市中，有个城市已相继发布新挂牌宅地公告，包括杭州在内的城不再设置地价上限；其中，郑州的部分城区依然限制了地价；仅北京、上海则维持地价、房价“双限”。点击图片查看完整新闻;#杭州土地取消限价#;7;phb只有六块腹肌;其他;回复@潇弑Peternal:那政府调控市场经济不是正常，政府不能调控市场经济那就不叫社会主义了;2023-11-09 16:29:27;0;0.0315697190296144;1;0
钱江晚报;;0;20;136;667;杭州土地取消限价月日，杭州第批次宗宅地挂牌，随之而来的是土拍新规：、土地恢复“价高者得”的竞价方式，不再摇号；、上城、拱墅、滨江、西湖、萧山、余杭六区依然限房价，富阳、临安、临平、钱塘四区房价不再设限。今年月底，自然资源部下发有关文件，文件建议各省市自然资源部主管部门，取消土地拍卖中的地价限制、建议取消远郊容积率限制等。截至发稿，个集中供地城市中，有个城市已相继发布新挂牌宅地公告，包括杭州在内的城不再设置地价上限；其中，郑州的部分城区依然限制了地价；仅北京、上海则维持地价、房价“双限”。点击图片查看完整新闻;#杭州土地取消限价#;7;潇弑Peternal;其他;回复@phb只有六块腹肌:社会主义国家也可以有市场经济啊;2023-11-09 16:28:12;0;0.0315697190296144;1;0
钱江晚报;;0;20;136;667;杭州土地取消限价月日，杭州第批次宗宅地挂牌，随之而来的是土拍新规：、土地恢复“价高者得”的竞价方式，不再摇号；、上城、拱墅、滨江、西湖、萧山、余杭六区依然限房价，富阳、临安、临平、钱塘四区房价不再设限。今年月底，自然资源部下发有关文件，文件建议各省市自然资源部主管部门，取消土地拍卖中的地价限制、建议取消远郊容积率限制等。截至发稿，个集中供地城市中，有个城市已相继发布新挂牌宅地公告，包括杭州在内的城不再设置地价上限；其中，郑州的部分城区依然限制了地价；仅北京、上海则维持地价、房价“双限”。点击图片查看完整新闻;#杭州土地取消限价#;7;phb只有六块腹肌;其他;回复@珠财入水:所以说中国是社会主义国家还是资本主义国家呀;2023-11-09 15:59:47;0;0.0315697190296144;1;0
钱江晚报;;0;20;136;667;杭州土地取消限价月日，杭州第批次宗宅地挂牌，随之而来的是土拍新规：、土地恢复“价高者得”的竞价方式，不再摇号；、上城、拱墅、滨江、西湖、萧山、余杭六区依然限房价，富阳、临安、临平、钱塘四区房价不再设限。今年月底，自然资源部下发有关文件，文件建议各省市自然资源部主管部门，取消土地拍卖中的地价限制、建议取消远郊容积率限制等。截至发稿，个集中供地城市中，有个城市已相继发布新挂牌宅地公告，包括杭州在内的城不再设置地价上限；其中，郑州的部分城区依然限制了地价；仅北京、上海则维持地价、房价“双限”。点击图片查看完整新闻;#杭州土地取消限价#;14;所念最星河;浙江;说房子真没人买了吧，大家都在跑！;2023-11-09 12:24:45;20;0.0315697190296144;0;0
钱江晚报;;0;20;136;667;杭州土地取消限价月日，杭州第批次宗宅地挂牌，随之而来的是土拍新规：、土地恢复“价高者得”的竞价方式，不再摇号；、上城、拱墅、滨江、西湖、萧山、余杭六区依然限房价，富阳、临安、临平、钱塘四区房价不再设限。今年月底，自然资源部下发有关文件，文件建议各省市自然资源部主管部门，取消土地拍卖中的地价限制、建议取消远郊容积率限制等。截至发稿，个集中供地城市中，有个城市已相继发布新挂牌宅地公告，包括杭州在内的城不再设置地价上限；其中，郑州的部分城区依然限制了地价；仅北京、上海则维持地价、房价“双限”。点击图片查看完整新闻;#杭州土地取消限价#;194;淘太郎-;四川;简单翻译一下：反正根本没人高价拍，限也没啥意义;2023-11-09 12:56:50;13;0.0315697190296144;0;0
钱江晚报;;0;20;136;667;杭州土地取消限价月日，杭州第批次宗宅地挂牌，随之而来的是土拍新规：、土地恢复“价高者得”的竞价方式，不再摇号；、上城、拱墅、滨江、西湖、萧山、余杭六区依然限房价，富阳、临安、临平、钱塘四区房价不再设限。今年月底，自然资源部下发有关文件，文件建议各省市自然资源部主管部门，取消土地拍卖中的地价限制、建议取消远郊容积率限制等。截至发稿，个集中供地城市中，有个城市已相继发布新挂牌宅地公告，包括杭州在内的城不再设置地价上限；其中，郑州的部分城区依然限制了地价；仅北京、上海则维持地价、房价“双限”。点击图片查看完整新闻;#杭州土地取消限价#;97;不唰微薄;其他;抗不住了;2023-11-09 11:14:13;11;0.0315697190296144;0;0
钱江晚报;;0;20;136;667;杭州土地取消限价月日，杭州第批次宗宅地挂牌，随之而来的是土拍新规：、土地恢复“价高者得”的竞价方式，不再摇号；、上城、拱墅、滨江、西湖、萧山、余杭六区依然限房价，富阳、临安、临平、钱塘四区房价不再设限。今年月底，自然资源部下发有关文件，文件建议各省市自然资源部主管部门，取消土地拍卖中的地价限制、建议取消远郊容积率限制等。截至发稿，个集中供地城市中，有个城市已相继发布新挂牌宅地公告，包括杭州在内的城不再设置地价上限；其中，郑州的部分城区依然限制了地价；仅北京、上海则维持地价、房价“双限”。点击图片查看完整新闻;#杭州土地取消限价#;335;聆聽葉落的聲音;四川;取消限价又如何，有人敢高价拍？;2023-11-09 11:37:08;18;0.0315697190296144;0;0
钱江晚报;;0;20;136;667;杭州土地取消限价月日，杭州第批次宗宅地挂牌，随之而来的是土拍新规：、土地恢复“价高者得”的竞价方式，不再摇号；、上城、拱墅、滨江、西湖、萧山、余杭六区依然限房价，富阳、临安、临平、钱塘四区房价不再设限。今年月底，自然资源部下发有关文件，文件建议各省市自然资源部主管部门，取消土地拍卖中的地价限制、建议取消远郊容积率限制等。截至发稿，个集中供地城市中，有个城市已相继发布新挂牌宅地公告，包括杭州在内的城不再设置地价上限；其中，郑州的部分城区依然限制了地价；仅北京、上海则维持地价、房价“双限”。点击图片查看完整新闻;#杭州土地取消限价#;335;Light-Art;其他;没热度，中介天天发，没人接盘，全跑了;2023-11-09 15:40:51;2;0.0315697190296144;1;0
钱江晚报;;0;20;136;667;杭州土地取消限价月日，杭州第批次宗宅地挂牌，随之而来的是土拍新规：、土地恢复“价高者得”的竞价方式，不再摇号；、上城、拱墅、滨江、西湖、萧山、余杭六区依然限房价，富阳、临安、临平、钱塘四区房价不再设限。今年月底，自然资源部下发有关文件，文件建议各省市自然资源部主管部门，取消土地拍卖中的地价限制、建议取消远郊容积率限制等。截至发稿，个集中供地城市中，有个城市已相继发布新挂牌宅地公告，包括杭州在内的城不再设置地价上限；其中，郑州的部分城区依然限制了地价；仅北京、上海则维持地价、房价“双限”。点击图片查看完整新闻;#杭州土地取消限价#;335;肉多win;其他;杭州西湖区上个月新开楼盘，三期加起来差不多600套房，摇号的人有6000+，单价四万多，热度超乎你想象;2023-11-09 14:45:13;0;0.0315697190296144;1;0
钱江晚报;;0;20;136;667;杭州土地取消限价月日，杭州第批次宗宅地挂牌，随之而来的是土拍新规：、土地恢复“价高者得”的竞价方式，不再摇号；、上城、拱墅、滨江、西湖、萧山、余杭六区依然限房价，富阳、临安、临平、钱塘四区房价不再设限。今年月底，自然资源部下发有关文件，文件建议各省市自然资源部主管部门，取消土地拍卖中的地价限制、建议取消远郊容积率限制等。截至发稿，个集中供地城市中，有个城市已相继发布新挂牌宅地公告，包括杭州在内的城不再设置地价上限；其中，郑州的部分城区依然限制了地价；仅北京、上海则维持地价、房价“双限”。点击图片查看完整新闻;#杭州土地取消限价#;92;王者贵来;浙江;赤膊上阵咯;2023-11-09 19:40:40;0;0.0315697190296144;0;0
钱江晚报;;0;20;136;667;杭州土地取消限价月日，杭州第批次宗宅地挂牌，随之而来的是土拍新规：、土地恢复“价高者得”的竞价方式，不再摇号；、上城、拱墅、滨江、西湖、萧山、余杭六区依然限房价，富阳、临安、临平、钱塘四区房价不再设限。今年月底，自然资源部下发有关文件，文件建议各省市自然资源部主管部门，取消土地拍卖中的地价限制、建议取消远郊容积率限制等。截至发稿，个集中供地城市中，有个城市已相继发布新挂牌宅地公告，包括杭州在内的城不再设置地价上限；其中，郑州的部分城区依然限制了地价；仅北京、上海则维持地价、房价“双限”。点击图片查看完整新闻;#杭州土地取消限价#;679;KING太的微博;浙江;慌了;2023-11-09 15:27:31;0;0.0315697190296144;0;0
钱江晚报;;0;20;136;667;杭州土地取消限价月日，杭州第批次宗宅地挂牌，随之而来的是土拍新规：、土地恢复“价高者得”的竞价方式，不再摇号；、上城、拱墅、滨江、西湖、萧山、余杭六区依然限房价，富阳、临安、临平、钱塘四区房价不再设限。今年月底，自然资源部下发有关文件，文件建议各省市自然资源部主管部门，取消土地拍卖中的地价限制、建议取消远郊容积率限制等。截至发稿，个集中供地城市中，有个城市已相继发布新挂牌宅地公告，包括杭州在内的城不再设置地价上限；其中，郑州的部分城区依然限制了地价；仅北京、上海则维持地价、房价“双限”。点击图片查看完整新闻;#杭州土地取消限价#;83;红尘枯渡;浙江;取消限价，想的很美价高者得，会不会出现，这个时候的价高者也比以前低太多。;2023-11-09 15:09:44;0;0.0315697190296144;0;0
钱江晚报;;0;20;136;667;杭州土地取消限价月日，杭州第批次宗宅地挂牌，随之而来的是土拍新规：、土地恢复“价高者得”的竞价方式，不再摇号；、上城、拱墅、滨江、西湖、萧山、余杭六区依然限房价，富阳、临安、临平、钱塘四区房价不再设限。今年月底，自然资源部下发有关文件，文件建议各省市自然资源部主管部门，取消土地拍卖中的地价限制、建议取消远郊容积率限制等。截至发稿，个集中供地城市中，有个城市已相继发布新挂牌宅地公告，包括杭州在内的城不再设置地价上限；其中，郑州的部分城区依然限制了地价；仅北京、上海则维持地价、房价“双限”。点击图片查看完整新闻;#杭州土地取消限价#;1;_安慕希酸奶_;其他;@不懂4399;2023-11-09 13:45:17;0;0.0315697190296144;0;0
钱江晚报;;0;20;136;667;杭州土地取消限价月日，杭州第批次宗宅地挂牌，随之而来的是土拍新规：、土地恢复“价高者得”的竞价方式，不再摇号；、上城、拱墅、滨江、西湖、萧山、余杭六区依然限房价，富阳、临安、临平、钱塘四区房价不再设限。今年月底，自然资源部下发有关文件，文件建议各省市自然资源部主管部门，取消土地拍卖中的地价限制、建议取消远郊容积率限制等。截至发稿，个集中供地城市中，有个城市已相继发布新挂牌宅地公告，包括杭州在内的城不再设置地价上限；其中，郑州的部分城区依然限制了地价；仅北京、上海则维持地价、房价“双限”。点击图片查看完整新闻;#杭州土地取消限价#;95;healyye;浙江;到底是啥意思？看不明白啊;2023-11-09 12:09:22;0;0.0315697190296144;0;0
钱江晚报;;0;20;136;667;杭州土地取消限价月日，杭州第批次宗宅地挂牌，随之而来的是土拍新规：、土地恢复“价高者得”的竞价方式，不再摇号；、上城、拱墅、滨江、西湖、萧山、余杭六区依然限房价，富阳、临安、临平、钱塘四区房价不再设限。今年月底，自然资源部下发有关文件，文件建议各省市自然资源部主管部门，取消土地拍卖中的地价限制、建议取消远郊容积率限制等。截至发稿，个集中供地城市中，有个城市已相继发布新挂牌宅地公告，包括杭州在内的城不再设置地价上限；其中，郑州的部分城区依然限制了地价；仅北京、上海则维持地价、房价“双限”。点击图片查看完整新闻;#杭州土地取消限价#;95;Light-Art;其他;要钱;2023-11-09 15:38:57;0;0.0315697190296144;1;0
钱江晚报;;0;20;136;667;杭州土地取消限价月日，杭州第批次宗宅地挂牌，随之而来的是土拍新规：、土地恢复“价高者得”的竞价方式，不再摇号；、上城、拱墅、滨江、西湖、萧山、余杭六区依然限房价，富阳、临安、临平、钱塘四区房价不再设限。今年月底，自然资源部下发有关文件，文件建议各省市自然资源部主管部门，取消土地拍卖中的地价限制、建议取消远郊容积率限制等。截至发稿，个集中供地城市中，有个城市已相继发布新挂牌宅地公告，包括杭州在内的城不再设置地价上限；其中，郑州的部分城区依然限制了地价；仅北京、上海则维持地价、房价“双限”。点击图片查看完整新闻;#杭州土地取消限价#;95;梦想LOVEme;浙江;涨地价不涨房价懂了吗;2023-11-09 14:36:14;0;0.0315697190296144;1;0
钱江晚报;;0;20;136;667;杭州土地取消限价月日，杭州第批次宗宅地挂牌，随之而来的是土拍新规：、土地恢复“价高者得”的竞价方式，不再摇号；、上城、拱墅、滨江、西湖、萧山、余杭六区依然限房价，富阳、临安、临平、钱塘四区房价不再设限。今年月底，自然资源部下发有关文件，文件建议各省市自然资源部主管部门，取消土地拍卖中的地价限制、建议取消远郊容积率限制等。截至发稿，个集中供地城市中，有个城市已相继发布新挂牌宅地公告，包括杭州在内的城不再设置地价上限；其中，郑州的部分城区依然限制了地价；仅北京、上海则维持地价、房价“双限”。点击图片查看完整新闻;#杭州土地取消限价#;95;冻顶乌龙茶丶;浙江;意思就是没钱了，要钱;2023-11-09 14:13:21;2;0.0315697190296144;1;0
钱江晚报;;0;20;136;667;杭州土地取消限价月日，杭州第批次宗宅地挂牌，随之而来的是土拍新规：、土地恢复“价高者得”的竞价方式，不再摇号；、上城、拱墅、滨江、西湖、萧山、余杭六区依然限房价，富阳、临安、临平、钱塘四区房价不再设限。今年月底，自然资源部下发有关文件，文件建议各省市自然资源部主管部门，取消土地拍卖中的地价限制、建议取消远郊容积率限制等。截至发稿，个集中供地城市中，有个城市已相继发布新挂牌宅地公告，包括杭州在内的城不再设置地价上限；其中，郑州的部分城区依然限制了地价；仅北京、上海则维持地价、房价“双限”。点击图片查看完整新闻;#杭州土地取消限价#;95;healyye;浙江;回复@冷血草70933:还会涨？？;2023-11-09 13:09:14;0;0.0315697190296144;1;0
钱江晚报;;0;20;136;667;杭州土地取消限价月日，杭州第批次宗宅地挂牌，随之而来的是土拍新规：、土地恢复“价高者得”的竞价方式，不再摇号；、上城、拱墅、滨江、西湖、萧山、余杭六区依然限房价，富阳、临安、临平、钱塘四区房价不再设限。今年月底，自然资源部下发有关文件，文件建议各省市自然资源部主管部门，取消土地拍卖中的地价限制、建议取消远郊容积率限制等。截至发稿，个集中供地城市中，有个城市已相继发布新挂牌宅地公告，包括杭州在内的城不再设置地价上限；其中，郑州的部分城区依然限制了地价；仅北京、上海则维持地价、房价“双限”。点击图片查看完整新闻;#杭州土地取消限价#;95;冷血草70933;其他;简单说就是房价涨的意思。;2023-11-09 12:32:35;2;0.0315697190296144;1;0
钱江晚报;;0;20;136;667;杭州土地取消限价月日，杭州第批次宗宅地挂牌，随之而来的是土拍新规：、土地恢复“价高者得”的竞价方式，不再摇号；、上城、拱墅、滨江、西湖、萧山、余杭六区依然限房价，富阳、临安、临平、钱塘四区房价不再设限。今年月底，自然资源部下发有关文件，文件建议各省市自然资源部主管部门，取消土地拍卖中的地价限制、建议取消远郊容积率限制等。截至发稿，个集中供地城市中，有个城市已相继发布新挂牌宅地公告，包括杭州在内的城不再设置地价上限；其中，郑州的部分城区依然限制了地价；仅北京、上海则维持地价、房价“双限”。点击图片查看完整新闻;#杭州土地取消限价#;7;捌方飘荡的灵魂;浙江;最搞笑的不是限制低价吗[doge];2023-11-09 11:41:27;1;0.0315697190296144;0;0
钱江晚报;;0;20;136;667;杭州土地取消限价月日，杭州第批次宗宅地挂牌，随之而来的是土拍新规：、土地恢复“价高者得”的竞价方式，不再摇号；、上城、拱墅、滨江、西湖、萧山、余杭六区依然限房价，富阳、临安、临平、钱塘四区房价不再设限。今年月底，自然资源部下发有关文件，文件建议各省市自然资源部主管部门，取消土地拍卖中的地价限制、建议取消远郊容积率限制等。截至发稿，个集中供地城市中，有个城市已相继发布新挂牌宅地公告，包括杭州在内的城不再设置地价上限；其中，郑州的部分城区依然限制了地价；仅北京、上海则维持地价、房价“双限”。点击图片查看完整新闻;#杭州土地取消限价#;30;11112222ccccc;四川;炒啊，怎么还不炒[doge];2023-11-09 11:59:25;4;0.0315697190296144;0;0
钱江晚报;;0;20;136;667;杭州土地取消限价月日，杭州第批次宗宅地挂牌，随之而来的是土拍新规：、土地恢复“价高者得”的竞价方式，不再摇号；、上城、拱墅、滨江、西湖、萧山、余杭六区依然限房价，富阳、临安、临平、钱塘四区房价不再设限。今年月底，自然资源部下发有关文件，文件建议各省市自然资源部主管部门，取消土地拍卖中的地价限制、建议取消远郊容积率限制等。截至发稿，个集中供地城市中，有个城市已相继发布新挂牌宅地公告，包括杭州在内的城不再设置地价上限；其中，郑州的部分城区依然限制了地价；仅北京、上海则维持地价、房价“双限”。点击图片查看完整新闻;#杭州土地取消限价#;2311291;中国网财经;北京;#杭州等16城不再设置地价上限#;2023-11-09 15:09:31;0;0.0315697190296144;0;0
钱江晚报;;0;20;136;667;杭州土地取消限价月日，杭州第批次宗宅地挂牌，随之而来的是土拍新规：、土地恢复“价高者得”的竞价方式，不再摇号；、上城、拱墅、滨江、西湖、萧山、余杭六区依然限房价，富阳、临安、临平、钱塘四区房价不再设限。今年月底，自然资源部下发有关文件，文件建议各省市自然资源部主管部门，取消土地拍卖中的地价限制、建议取消远郊容积率限制等。截至发稿，个集中供地城市中，有个城市已相继发布新挂牌宅地公告，包括杭州在内的城不再设置地价上限；其中，郑州的部分城区依然限制了地价；仅北京、上海则维持地价、房价“双限”。点击图片查看完整新闻;#杭州土地取消限价#;1;sunny17891420;江苏;这个符合市场规律;2023-11-09 10:58:17;5;0.0315697190296144;0;0
钱江晚报;;0;20;136;667;杭州土地取消限价月日，杭州第批次宗宅地挂牌，随之而来的是土拍新规：、土地恢复“价高者得”的竞价方式，不再摇号；、上城、拱墅、滨江、西湖、萧山、余杭六区依然限房价，富阳、临安、临平、钱塘四区房价不再设限。今年月底，自然资源部下发有关文件，文件建议各省市自然资源部主管部门，取消土地拍卖中的地价限制、建议取消远郊容积率限制等。截至发稿，个集中供地城市中，有个城市已相继发布新挂牌宅地公告，包括杭州在内的城不再设置地价上限；其中，郑州的部分城区依然限制了地价；仅北京、上海则维持地价、房价“双限”。点击图片查看完整新闻;#杭州土地取消限价#;0;丛生009;其他;可以，以后杭州房子全宇宙最贵，100万一平[doge];2023-11-09 15:43:24;2;0.0315697190296144;0;0
钱江晚报;;0;20;136;667;杭州土地取消限价月日，杭州第批次宗宅地挂牌，随之而来的是土拍新规：、土地恢复“价高者得”的竞价方式，不再摇号；、上城、拱墅、滨江、西湖、萧山、余杭六区依然限房价，富阳、临安、临平、钱塘四区房价不再设限。今年月底，自然资源部下发有关文件，文件建议各省市自然资源部主管部门，取消土地拍卖中的地价限制、建议取消远郊容积率限制等。截至发稿，个集中供地城市中，有个城市已相继发布新挂牌宅地公告，包括杭州在内的城不再设置地价上限；其中，郑州的部分城区依然限制了地价；仅北京、上海则维持地价、房价“双限”。点击图片查看完整新闻;#杭州土地取消限价#;9;无解之烦恼;其他;存量房都积压，还要鼓励供地？再这样下去14亿人有14套房。;2023-11-09 15:27:54;1;0.0315697190296144;0;0
钱江晚报;;0;20;136;667;杭州土地取消限价月日，杭州第批次宗宅地挂牌，随之而来的是土拍新规：、土地恢复“价高者得”的竞价方式，不再摇号；、上城、拱墅、滨江、西湖、萧山、余杭六区依然限房价，富阳、临安、临平、钱塘四区房价不再设限。今年月底，自然资源部下发有关文件，文件建议各省市自然资源部主管部门，取消土地拍卖中的地价限制、建议取消远郊容积率限制等。截至发稿，个集中供地城市中，有个城市已相继发布新挂牌宅地公告，包括杭州在内的城不再设置地价上限；其中，郑州的部分城区依然限制了地价；仅北京、上海则维持地价、房价“双限”。点击图片查看完整新闻;#杭州土地取消限价#;2915;饭大钵;广东;中石化五公司有专门修复土地的能力;2023-11-10 10:44:18;0;0.0315697190296144;0;0
钱江晚报;;0;20;136;667;杭州土地取消限价月日，杭州第批次宗宅地挂牌，随之而来的是土拍新规：、土地恢复“价高者得”的竞价方式，不再摇号；、上城、拱墅、滨江、西湖、萧山、余杭六区依然限房价，富阳、临安、临平、钱塘四区房价不再设限。今年月底，自然资源部下发有关文件，文件建议各省市自然资源部主管部门，取消土地拍卖中的地价限制、建议取消远郊容积率限制等。截至发稿，个集中供地城市中，有个城市已相继发布新挂牌宅地公告，包括杭州在内的城不再设置地价上限；其中，郑州的部分城区依然限制了地价；仅北京、上海则维持地价、房价“双限”。点击图片查看完整新闻;#杭州土地取消限价#;253;天天和乐乐爸;浙江;别限了，限什么，市场经济，让他们去炒去破产;2023-11-10 07:26:08;0;0.0315697190296144;0;0
钱江晚报;;0;20;136;667;杭州土地取消限价月日，杭州第批次宗宅地挂牌，随之而来的是土拍新规：、土地恢复“价高者得”的竞价方式，不再摇号；、上城、拱墅、滨江、西湖、萧山、余杭六区依然限房价，富阳、临安、临平、钱塘四区房价不再设限。今年月底，自然资源部下发有关文件，文件建议各省市自然资源部主管部门，取消土地拍卖中的地价限制、建议取消远郊容积率限制等。截至发稿，个集中供地城市中，有个城市已相继发布新挂牌宅地公告，包括杭州在内的城不再设置地价上限；其中，郑州的部分城区依然限制了地价；仅北京、上海则维持地价、房价“双限”。点击图片查看完整新闻;#杭州土地取消限价#;297;吃瓜小牧童;山东;垂死挣扎，最多回光返照一下，看你几时完，我等的起;2023-11-09 19:41:05;1;0.0315697190296144;0;0
钱江晚报;;0;20;136;667;杭州土地取消限价月日，杭州第批次宗宅地挂牌，随之而来的是土拍新规：、土地恢复“价高者得”的竞价方式，不再摇号；、上城、拱墅、滨江、西湖、萧山、余杭六区依然限房价，富阳、临安、临平、钱塘四区房价不再设限。今年月底，自然资源部下发有关文件，文件建议各省市自然资源部主管部门，取消土地拍卖中的地价限制、建议取消远郊容积率限制等。截至发稿，个集中供地城市中，有个城市已相继发布新挂牌宅地公告，包括杭州在内的城不再设置地价上限；其中，郑州的部分城区依然限制了地价；仅北京、上海则维持地价、房价“双限”。点击图片查看完整新闻;#杭州土地取消限价#;6;-咖啡不能停;浙江;现在又不限价了？为什么呢？;2023-11-09 17:06:30;0;0.0315697190296144;0;0
钱江晚报;;0;20;136;667;杭州土地取消限价月日，杭州第批次宗宅地挂牌，随之而来的是土拍新规：、土地恢复“价高者得”的竞价方式，不再摇号；、上城、拱墅、滨江、西湖、萧山、余杭六区依然限房价，富阳、临安、临平、钱塘四区房价不再设限。今年月底，自然资源部下发有关文件，文件建议各省市自然资源部主管部门，取消土地拍卖中的地价限制、建议取消远郊容积率限制等。截至发稿，个集中供地城市中，有个城市已相继发布新挂牌宅地公告，包括杭州在内的城不再设置地价上限；其中，郑州的部分城区依然限制了地价；仅北京、上海则维持地价、房价“双限”。点击图片查看完整新闻;#杭州土地取消限价#;68;冷暖自知Dante;浙江;哦;2023-11-09 15:59:48;0;0.0315697190296144;0;0
钱江晚报;;0;20;136;667;杭州土地取消限价月日，杭州第批次宗宅地挂牌，随之而来的是土拍新规：、土地恢复“价高者得”的竞价方式，不再摇号；、上城、拱墅、滨江、西湖、萧山、余杭六区依然限房价，富阳、临安、临平、钱塘四区房价不再设限。今年月底，自然资源部下发有关文件，文件建议各省市自然资源部主管部门，取消土地拍卖中的地价限制、建议取消远郊容积率限制等。截至发稿，个集中供地城市中，有个城市已相继发布新挂牌宅地公告，包括杭州在内的城不再设置地价上限；其中，郑州的部分城区依然限制了地价；仅北京、上海则维持地价、房价“双限”。点击图片查看完整新闻;#杭州土地取消限价#;55;失控的滚滚;江苏;因为开完亚运没钱了吗[并不简单];2023-11-09 15:49:15;0;0.0315697190296144;0;0
钱江晚报;;0;20;136;667;杭州土地取消限价月日，杭州第批次宗宅地挂牌，随之而来的是土拍新规：、土地恢复“价高者得”的竞价方式，不再摇号；、上城、拱墅、滨江、西湖、萧山、余杭六区依然限房价，富阳、临安、临平、钱塘四区房价不再设限。今年月底，自然资源部下发有关文件，文件建议各省市自然资源部主管部门，取消土地拍卖中的地价限制、建议取消远郊容积率限制等。截至发稿，个集中供地城市中，有个城市已相继发布新挂牌宅地公告，包括杭州在内的城不再设置地价上限；其中，郑州的部分城区依然限制了地价；仅北京、上海则维持地价、房价“双限”。点击图片查看完整新闻;#杭州土地取消限价#;113;六点喊我起来;浙江;符合市场规律就是好事;2023-11-09 15:46:17;0;0.0315697190296144;0;0
钱江晚报;;0;20;136;667;杭州土地取消限价月日，杭州第批次宗宅地挂牌，随之而来的是土拍新规：、土地恢复“价高者得”的竞价方式，不再摇号；、上城、拱墅、滨江、西湖、萧山、余杭六区依然限房价，富阳、临安、临平、钱塘四区房价不再设限。今年月底，自然资源部下发有关文件，文件建议各省市自然资源部主管部门，取消土地拍卖中的地价限制、建议取消远郊容积率限制等。截至发稿，个集中供地城市中，有个城市已相继发布新挂牌宅地公告，包括杭州在内的城不再设置地价上限；其中，郑州的部分城区依然限制了地价；仅北京、上海则维持地价、房价“双限”。点击图片查看完整新闻;#杭州土地取消限价#;22;有关ta的;安徽;房住不炒;2023-11-09 15:10:27;0;0.0315697190296144;0;0
钱江晚报;;0;20;136;667;杭州土地取消限价月日，杭州第批次宗宅地挂牌，随之而来的是土拍新规：、土地恢复“价高者得”的竞价方式，不再摇号；、上城、拱墅、滨江、西湖、萧山、余杭六区依然限房价，富阳、临安、临平、钱塘四区房价不再设限。今年月底，自然资源部下发有关文件，文件建议各省市自然资源部主管部门，取消土地拍卖中的地价限制、建议取消远郊容积率限制等。截至发稿，个集中供地城市中，有个城市已相继发布新挂牌宅地公告，包括杭州在内的城不再设置地价上限；其中，郑州的部分城区依然限制了地价；仅北京、上海则维持地价、房价“双限”。点击图片查看完整新闻;#杭州土地取消限价#;95;Aic_Ruan;浙江;其实空置房产税比限价有用多了;2023-11-09 14:23:30;0;0.0315697190296144;0;0
钱江晚报;;0;20;136;667;杭州土地取消限价月日，杭州第批次宗宅地挂牌，随之而来的是土拍新规：、土地恢复“价高者得”的竞价方式，不再摇号；、上城、拱墅、滨江、西湖、萧山、余杭六区依然限房价，富阳、临安、临平、钱塘四区房价不再设限。今年月底，自然资源部下发有关文件，文件建议各省市自然资源部主管部门，取消土地拍卖中的地价限制、建议取消远郊容积率限制等。截至发稿，个集中供地城市中，有个城市已相继发布新挂牌宅地公告，包括杭州在内的城不再设置地价上限；其中，郑州的部分城区依然限制了地价；仅北京、上海则维持地价、房价“双限”。点击图片查看完整新闻;#杭州土地取消限价#;17;臭周;广东;是不是上下都不限;2023-11-09 12:01:39;0;0.0315697190296144;0;0
钱江晚报;;0;20;136;667;杭州土地取消限价月日，杭州第批次宗宅地挂牌，随之而来的是土拍新规：、土地恢复“价高者得”的竞价方式，不再摇号；、上城、拱墅、滨江、西湖、萧山、余杭六区依然限房价，富阳、临安、临平、钱塘四区房价不再设限。今年月底，自然资源部下发有关文件，文件建议各省市自然资源部主管部门，取消土地拍卖中的地价限制、建议取消远郊容积率限制等。截至发稿，个集中供地城市中，有个城市已相继发布新挂牌宅地公告，包括杭州在内的城不再设置地价上限；其中，郑州的部分城区依然限制了地价；仅北京、上海则维持地价、房价“双限”。点击图片查看完整新闻;#杭州土地取消限价#;278;太子蛋;浙江;与时俱进;2023-11-09 11:16:38;0;0.0315697190296144;0;0
钱江晚报;;0;20;136;667;杭州土地取消限价月日，杭州第批次宗宅地挂牌，随之而来的是土拍新规：、土地恢复“价高者得”的竞价方式，不再摇号；、上城、拱墅、滨江、西湖、萧山、余杭六区依然限房价，富阳、临安、临平、钱塘四区房价不再设限。今年月底，自然资源部下发有关文件，文件建议各省市自然资源部主管部门，取消土地拍卖中的地价限制、建议取消远郊容积率限制等。截至发稿，个集中供地城市中，有个城市已相继发布新挂牌宅地公告，包括杭州在内的城不再设置地价上限；其中，郑州的部分城区依然限制了地价；仅北京、上海则维持地价、房价“双限”。点击图片查看完整新闻;#杭州土地取消限价#;42;萝卜干过泡饭;其他;哈哈哈权力真香[允悲];2023-11-09 11:13:52;8;0.0315697190296144;0;0
钱江晚报;;0;20;136;667;杭州土地取消限价月日，杭州第批次宗宅地挂牌，随之而来的是土拍新规：、土地恢复“价高者得”的竞价方式，不再摇号；、上城、拱墅、滨江、西湖、萧山、余杭六区依然限房价，富阳、临安、临平、钱塘四区房价不再设限。今年月底，自然资源部下发有关文件，文件建议各省市自然资源部主管部门，取消土地拍卖中的地价限制、建议取消远郊容积率限制等。截至发稿，个集中供地城市中，有个城市已相继发布新挂牌宅地公告，包括杭州在内的城不再设置地价上限；其中，郑州的部分城区依然限制了地价；仅北京、上海则维持地价、房价“双限”。点击图片查看完整新闻;#杭州土地取消限价#;7;你们可以打了;其他;接着奏乐接着舞;2023-11-09 17:33:56;0;0.0315697190296144;0;0
钱江晚报;;0;20;136;667;杭州土地取消限价月日，杭州第批次宗宅地挂牌，随之而来的是土拍新规：、土地恢复“价高者得”的竞价方式，不再摇号；、上城、拱墅、滨江、西湖、萧山、余杭六区依然限房价，富阳、临安、临平、钱塘四区房价不再设限。今年月底，自然资源部下发有关文件，文件建议各省市自然资源部主管部门，取消土地拍卖中的地价限制、建议取消远郊容积率限制等。截至发稿，个集中供地城市中，有个城市已相继发布新挂牌宅地公告，包括杭州在内的城不再设置地价上限；其中，郑州的部分城区依然限制了地价；仅北京、上海则维持地价、房价“双限”。点击图片查看完整新闻;#杭州土地取消限价#;4;海天一色一点帆2;湖北;是否有底价？;2023-11-09 10:09:42;0;0.0315697190296144;0;0
钱江晚报;;0;20;136;667;杭州土地取消限价月日，杭州第批次宗宅地挂牌，随之而来的是土拍新规：、土地恢复“价高者得”的竞价方式，不再摇号；、上城、拱墅、滨江、西湖、萧山、余杭六区依然限房价，富阳、临安、临平、钱塘四区房价不再设限。今年月底，自然资源部下发有关文件，文件建议各省市自然资源部主管部门，取消土地拍卖中的地价限制、建议取消远郊容积率限制等。截至发稿，个集中供地城市中，有个城市已相继发布新挂牌宅地公告，包括杭州在内的城不再设置地价上限；其中，郑州的部分城区依然限制了地价；仅北京、上海则维持地价、房价“双限”。点击图片查看完整新闻;#杭州土地取消限价#;90;做真实的人类9999999;其他;棺了集权制，人类之灾;2023-11-09 12:54:10;0;0.0315697190296144;0;0
钱江晚报;;0;20;136;667;杭州土地取消限价月日，杭州第批次宗宅地挂牌，随之而来的是土拍新规：、土地恢复“价高者得”的竞价方式，不再摇号；、上城、拱墅、滨江、西湖、萧山、余杭六区依然限房价，富阳、临安、临平、钱塘四区房价不再设限。今年月底，自然资源部下发有关文件，文件建议各省市自然资源部主管部门，取消土地拍卖中的地价限制、建议取消远郊容积率限制等。截至发稿，个集中供地城市中，有个城市已相继发布新挂牌宅地公告，包括杭州在内的城不再设置地价上限；其中，郑州的部分城区依然限制了地价；仅北京、上海则维持地价、房价“双限”。点击图片查看完整新闻;#杭州土地取消限价#;0;奔跑者201211;其他;西湖歌舞几时休;2023-11-10 07:45:49;1;0.0315697190296144;0;0
钱江晚报;;0;20;136;667;杭州土地取消限价月日，杭州第批次宗宅地挂牌，随之而来的是土拍新规：、土地恢复“价高者得”的竞价方式，不再摇号；、上城、拱墅、滨江、西湖、萧山、余杭六区依然限房价，富阳、临安、临平、钱塘四区房价不再设限。今年月底，自然资源部下发有关文件，文件建议各省市自然资源部主管部门，取消土地拍卖中的地价限制、建议取消远郊容积率限制等。截至发稿，个集中供地城市中，有个城市已相继发布新挂牌宅地公告，包括杭州在内的城不再设置地价上限；其中，郑州的部分城区依然限制了地价；仅北京、上海则维持地价、房价“双限”。点击图片查看完整新闻;#杭州土地取消限价#;331;大文文self;其他;哈哈哈，反正也不买，不当房奴。你们爱咋整咋整吧;2023-11-09 19:12:21;1;0.0315697190296144;0;0
钱江晚报;;0;20;136;667;杭州土地取消限价月日，杭州第批次宗宅地挂牌，随之而来的是土拍新规：、土地恢复“价高者得”的竞价方式，不再摇号；、上城、拱墅、滨江、西湖、萧山、余杭六区依然限房价，富阳、临安、临平、钱塘四区房价不再设限。今年月底，自然资源部下发有关文件，文件建议各省市自然资源部主管部门，取消土地拍卖中的地价限制、建议取消远郊容积率限制等。截至发稿，个集中供地城市中，有个城市已相继发布新挂牌宅地公告，包括杭州在内的城不再设置地价上限；其中，郑州的部分城区依然限制了地价；仅北京、上海则维持地价、房价“双限”。点击图片查看完整新闻;#杭州土地取消限价#;3;其疾如徐徐徐徐;其他;地价炒高了，房价才能卖的贵[二哈]反正有钱的会去接盘[doge]老百姓别去当韭菜就行[摊手];2023-11-09 17:26:54;1;0.0315697190296144;0;0
钱江晚报;;0;20;136;667;杭州土地取消限价月日，杭州第批次宗宅地挂牌，随之而来的是土拍新规：、土地恢复“价高者得”的竞价方式，不再摇号；、上城、拱墅、滨江、西湖、萧山、余杭六区依然限房价，富阳、临安、临平、钱塘四区房价不再设限。今年月底，自然资源部下发有关文件，文件建议各省市自然资源部主管部门，取消土地拍卖中的地价限制、建议取消远郊容积率限制等。截至发稿，个集中供地城市中，有个城市已相继发布新挂牌宅地公告，包括杭州在内的城不再设置地价上限；其中，郑州的部分城区依然限制了地价；仅北京、上海则维持地价、房价“双限”。点击图片查看完整新闻;#杭州土地取消限价#;24;钱塘老王;浙江;限价是为了保持不掉价，这下解除了，就是高的地方高。低的地方直接崩盘了;2023-11-09 16:22:05;0;0.0315697190296144;0;0
钱江晚报;;0;20;136;667;杭州土地取消限价月日，杭州第批次宗宅地挂牌，随之而来的是土拍新规：、土地恢复“价高者得”的竞价方式，不再摇号；、上城、拱墅、滨江、西湖、萧山、余杭六区依然限房价，富阳、临安、临平、钱塘四区房价不再设限。今年月底，自然资源部下发有关文件，文件建议各省市自然资源部主管部门，取消土地拍卖中的地价限制、建议取消远郊容积率限制等。截至发稿，个集中供地城市中，有个城市已相继发布新挂牌宅地公告，包括杭州在内的城不再设置地价上限；其中，郑州的部分城区依然限制了地价；仅北京、上海则维持地价、房价“双限”。点击图片查看完整新闻;#杭州土地取消限价#;24;Rick88771;其他;你在梦里是吧;2023-11-09 17:14:38;0;0.0315697190296144;1;0
钱江晚报;;0;20;136;667;杭州土地取消限价月日，杭州第批次宗宅地挂牌，随之而来的是土拍新规：、土地恢复“价高者得”的竞价方式，不再摇号；、上城、拱墅、滨江、西湖、萧山、余杭六区依然限房价，富阳、临安、临平、钱塘四区房价不再设限。今年月底，自然资源部下发有关文件，文件建议各省市自然资源部主管部门，取消土地拍卖中的地价限制、建议取消远郊容积率限制等。截至发稿，个集中供地城市中，有个城市已相继发布新挂牌宅地公告，包括杭州在内的城不再设置地价上限；其中，郑州的部分城区依然限制了地价；仅北京、上海则维持地价、房价“双限”。点击图片查看完整新闻;#杭州土地取消限价#;237;chanjay713;浙江;限价限购才是推动房价上涨的手段，强弩之末了，不得不放开，最后的挣扎罢了;2023-11-09 16:03:41;1;0.0315697190296144;0;0
钱江晚报;;0;20;136;667;杭州土地取消限价月日，杭州第批次宗宅地挂牌，随之而来的是土拍新规：、土地恢复“价高者得”的竞价方式，不再摇号；、上城、拱墅、滨江、西湖、萧山、余杭六区依然限房价，富阳、临安、临平、钱塘四区房价不再设限。今年月底，自然资源部下发有关文件，文件建议各省市自然资源部主管部门，取消土地拍卖中的地价限制、建议取消远郊容积率限制等。截至发稿，个集中供地城市中，有个城市已相继发布新挂牌宅地公告，包括杭州在内的城不再设置地价上限；其中，郑州的部分城区依然限制了地价；仅北京、上海则维持地价、房价“双限”。点击图片查看完整新闻;#杭州土地取消限价#;7;屋屋大维;其他;没办法啊，其他省份GDP负得太厉害，只能我们浙江变着法赚钱填坑了;2023-11-09 15:07:02;2;0.0315697190296144;0;0
钱江晚报;;0;20;136;667;杭州土地取消限价月日，杭州第批次宗宅地挂牌，随之而来的是土拍新规：、土地恢复“价高者得”的竞价方式，不再摇号；、上城、拱墅、滨江、西湖、萧山、余杭六区依然限房价，富阳、临安、临平、钱塘四区房价不再设限。今年月底，自然资源部下发有关文件，文件建议各省市自然资源部主管部门，取消土地拍卖中的地价限制、建议取消远郊容积率限制等。截至发稿，个集中供地城市中，有个城市已相继发布新挂牌宅地公告，包括杭州在内的城不再设置地价上限；其中，郑州的部分城区依然限制了地价；仅北京、上海则维持地价、房价“双限”。点击图片查看完整新闻;#杭州土地取消限价#;6;lixiaoli1314618;北京;公有制就是你只要出生在这就能用土地压你一辈子;2023-11-09 14:57:55;1;0.0315697190296144;0;0
钱江晚报;;0;20;136;667;杭州土地取消限价月日，杭州第批次宗宅地挂牌，随之而来的是土拍新规：、土地恢复“价高者得”的竞价方式，不再摇号；、上城、拱墅、滨江、西湖、萧山、余杭六区依然限房价，富阳、临安、临平、钱塘四区房价不再设限。今年月底，自然资源部下发有关文件，文件建议各省市自然资源部主管部门，取消土地拍卖中的地价限制、建议取消远郊容积率限制等。截至发稿，个集中供地城市中，有个城市已相继发布新挂牌宅地公告，包括杭州在内的城不再设置地价上限；其中，郑州的部分城区依然限制了地价；仅北京、上海则维持地价、房价“双限”。点击图片查看完整新闻;#杭州土地取消限价#;68;桥岛麻岱;辽宁;政府财政收紧，竭泽而渔;2023-11-09 14:48:54;1;0.0315697190296144;0;0
钱江晚报;;0;20;136;667;杭州土地取消限价月日，杭州第批次宗宅地挂牌，随之而来的是土拍新规：、土地恢复“价高者得”的竞价方式，不再摇号；、上城、拱墅、滨江、西湖、萧山、余杭六区依然限房价，富阳、临安、临平、钱塘四区房价不再设限。今年月底，自然资源部下发有关文件，文件建议各省市自然资源部主管部门，取消土地拍卖中的地价限制、建议取消远郊容积率限制等。截至发稿，个集中供地城市中，有个城市已相继发布新挂牌宅地公告，包括杭州在内的城不再设置地价上限；其中，郑州的部分城区依然限制了地价；仅北京、上海则维持地价、房价“双限”。点击图片查看完整新闻;#杭州土地取消限价#;3;君子狼71586;其他;即使这样公然放开炒，人家文件也还有脸说房住不炒;2023-11-09 14:09:03;1;0.0315697190296144;0;0
钱江晚报;;0;20;136;667;杭州土地取消限价月日，杭州第批次宗宅地挂牌，随之而来的是土拍新规：、土地恢复“价高者得”的竞价方式，不再摇号；、上城、拱墅、滨江、西湖、萧山、余杭六区依然限房价，富阳、临安、临平、钱塘四区房价不再设限。今年月底，自然资源部下发有关文件，文件建议各省市自然资源部主管部门，取消土地拍卖中的地价限制、建议取消远郊容积率限制等。截至发稿，个集中供地城市中，有个城市已相继发布新挂牌宅地公告，包括杭州在内的城不再设置地价上限；其中，郑州的部分城区依然限制了地价；仅北京、上海则维持地价、房价“双限”。点击图片查看完整新闻;#杭州土地取消限价#;29;博謇粑粑;海外;土地财政的垂死挣扎[二哈];2023-11-09 13:38:23;2;0.0315697190296144;0;0
钱江晚报;;0;20;136;667;杭州土地取消限价月日，杭州第批次宗宅地挂牌，随之而来的是土拍新规：、土地恢复“价高者得”的竞价方式，不再摇号；、上城、拱墅、滨江、西湖、萧山、余杭六区依然限房价，富阳、临安、临平、钱塘四区房价不再设限。今年月底，自然资源部下发有关文件，文件建议各省市自然资源部主管部门，取消土地拍卖中的地价限制、建议取消远郊容积率限制等。截至发稿，个集中供地城市中，有个城市已相继发布新挂牌宅地公告，包括杭州在内的城不再设置地价上限；其中，郑州的部分城区依然限制了地价；仅北京、上海则维持地价、房价“双限”。点击图片查看完整新闻;#杭州土地取消限价#;6;ysynobug;其他;当一个事情发展好的话[doge]不用频繁出政策啦;2023-11-09 12:13:50;1;0.0315697190296144;0;0
钱江晚报;;0;20;136;667;杭州土地取消限价月日，杭州第批次宗宅地挂牌，随之而来的是土拍新规：、土地恢复“价高者得”的竞价方式，不再摇号；、上城、拱墅、滨江、西湖、萧山、余杭六区依然限房价，富阳、临安、临平、钱塘四区房价不再设限。今年月底，自然资源部下发有关文件，文件建议各省市自然资源部主管部门，取消土地拍卖中的地价限制、建议取消远郊容积率限制等。截至发稿，个集中供地城市中，有个城市已相继发布新挂牌宅地公告，包括杭州在内的城不再设置地价上限；其中，郑州的部分城区依然限制了地价；仅北京、上海则维持地价、房价“双限”。点击图片查看完整新闻;#杭州土地取消限价#;1629;嗨乐个皮;海外;垂死挣扎[太开心];2023-11-09 12:13:06;1;0.0315697190296144;0;0
钱江晚报;;0;20;136;667;杭州土地取消限价月日，杭州第批次宗宅地挂牌，随之而来的是土拍新规：、土地恢复“价高者得”的竞价方式，不再摇号；、上城、拱墅、滨江、西湖、萧山、余杭六区依然限房价，富阳、临安、临平、钱塘四区房价不再设限。今年月底，自然资源部下发有关文件，文件建议各省市自然资源部主管部门，取消土地拍卖中的地价限制、建议取消远郊容积率限制等。截至发稿，个集中供地城市中，有个城市已相继发布新挂牌宅地公告，包括杭州在内的城不再设置地价上限；其中，郑州的部分城区依然限制了地价；仅北京、上海则维持地价、房价“双限”。点击图片查看完整新闻;#杭州土地取消限价#;70;啊轩家门后没有树;浙江;土地财政你还能玩多久？;2023-11-09 12:09:58;2;0.0315697190296144;0;0
钱江晚报;;0;20;136;667;杭州土地取消限价月日，杭州第批次宗宅地挂牌，随之而来的是土拍新规：、土地恢复“价高者得”的竞价方式，不再摇号；、上城、拱墅、滨江、西湖、萧山、余杭六区依然限房价，富阳、临安、临平、钱塘四区房价不再设限。今年月底，自然资源部下发有关文件，文件建议各省市自然资源部主管部门，取消土地拍卖中的地价限制、建议取消远郊容积率限制等。截至发稿，个集中供地城市中，有个城市已相继发布新挂牌宅地公告，包括杭州在内的城不再设置地价上限；其中，郑州的部分城区依然限制了地价；仅北京、上海则维持地价、房价“双限”。点击图片查看完整新闻;#杭州土地取消限价#;84;sb研究所所长;浙江;降@郝奈斯NiceHao的铲屎官;2023-11-09 12:07:29;0;0.0315697190296144;0;0
钱江晚报;;0;20;136;667;杭州土地取消限价月日，杭州第批次宗宅地挂牌，随之而来的是土拍新规：、土地恢复“价高者得”的竞价方式，不再摇号；、上城、拱墅、滨江、西湖、萧山、余杭六区依然限房价，富阳、临安、临平、钱塘四区房价不再设限。今年月底，自然资源部下发有关文件，文件建议各省市自然资源部主管部门，取消土地拍卖中的地价限制、建议取消远郊容积率限制等。截至发稿，个集中供地城市中，有个城市已相继发布新挂牌宅地公告，包括杭州在内的城不再设置地价上限；其中，郑州的部分城区依然限制了地价；仅北京、上海则维持地价、房价“双限”。点击图片查看完整新闻;#杭州土地取消限价#;6;olaVVVV;北京;zf没钱了;2023-11-09 11:49:36;0;0.0315697190296144;0;0
钱江晚报;;0;20;136;667;杭州土地取消限价月日，杭州第批次宗宅地挂牌，随之而来的是土拍新规：、土地恢复“价高者得”的竞价方式，不再摇号；、上城、拱墅、滨江、西湖、萧山、余杭六区依然限房价，富阳、临安、临平、钱塘四区房价不再设限。今年月底，自然资源部下发有关文件，文件建议各省市自然资源部主管部门，取消土地拍卖中的地价限制、建议取消远郊容积率限制等。截至发稿，个集中供地城市中，有个城市已相继发布新挂牌宅地公告，包括杭州在内的城不再设置地价上限；其中，郑州的部分城区依然限制了地价；仅北京、上海则维持地价、房价“双限”。点击图片查看完整新闻;#杭州土地取消限价#;61;饮水机耗水员;浙江;起来，不愿做奴隶的人们～[奋斗];2023-11-09 11:20:45;8;0.0315697190296144;0;0
钱江晚报;;0;20;136;667;杭州土地取消限价月日，杭州第批次宗宅地挂牌，随之而来的是土拍新规：、土地恢复“价高者得”的竞价方式，不再摇号；、上城、拱墅、滨江、西湖、萧山、余杭六区依然限房价，富阳、临安、临平、钱塘四区房价不再设限。今年月底，自然资源部下发有关文件，文件建议各省市自然资源部主管部门，取消土地拍卖中的地价限制、建议取消远郊容积率限制等。截至发稿，个集中供地城市中，有个城市已相继发布新挂牌宅地公告，包括杭州在内的城不再设置地价上限；其中，郑州的部分城区依然限制了地价；仅北京、上海则维持地价、房价“双限”。点击图片查看完整新闻;#杭州土地取消限价#;132;真情地学生;浙江;什么意思呢，钱塘区要涨价？;2023-11-09 10:14:05;0;0.0315697190296144;0;0
钱江晚报;;0;20;136;667;杭州土地取消限价月日，杭州第批次宗宅地挂牌，随之而来的是土拍新规：、土地恢复“价高者得”的竞价方式，不再摇号；、上城、拱墅、滨江、西湖、萧山、余杭六区依然限房价，富阳、临安、临平、钱塘四区房价不再设限。今年月底，自然资源部下发有关文件，文件建议各省市自然资源部主管部门，取消土地拍卖中的地价限制、建议取消远郊容积率限制等。截至发稿，个集中供地城市中，有个城市已相继发布新挂牌宅地公告，包括杭州在内的城不再设置地价上限；其中，郑州的部分城区依然限制了地价；仅北京、上海则维持地价、房价“双限”。点击图片查看完整新闻;#杭州土地取消限价#;355;sinbar;浙江;呵呵，还在扭捏，最后的垂死挣扎;2023-11-09 09:51:34;4;0.0315697190296144;0;0
杭州地铁爱好者;浙江;0;3;22;31;重磅杭州突发挂地，土地全部取消限价重磅，杭州刚刚多宗宝地挂牌，土地限价政策有变在等待许久之后，最新的土地挂牌终于登场，一共宗，涉及了杭州多个区域。最为关键的是，这批地块的双限政策有变划重点：上城区、拱墅区、滨江区、西湖区、萧山区、余杭区的土地限价取消，但是新房限价保持不变；临平区、钱塘区、富阳区、临安区，土地限价和新房限价全部取消。（小鸡评房）;;1353;醉_生;浙江;为啥这次没有萧山余杭除外了，奇葩了;2023-11-09 09:24:26;4;0.0491085137246816;0;0
杭州地铁爱好者;浙江;0;3;22;31;重磅杭州突发挂地，土地全部取消限价重磅，杭州刚刚多宗宝地挂牌，土地限价政策有变在等待许久之后，最新的土地挂牌终于登场，一共宗，涉及了杭州多个区域。最为关键的是，这批地块的双限政策有变划重点：上城区、拱墅区、滨江区、西湖区、萧山区、余杭区的土地限价取消，但是新房限价保持不变；临平区、钱塘区、富阳区、临安区，土地限价和新房限价全部取消。（小鸡评房）;;1353;ZeddRen;浙江;临平：[笑cry];2023-11-09 22:36:07;0;0.0491085137246816;1;0
杭州地铁爱好者;浙江;0;3;22;31;重磅杭州突发挂地，土地全部取消限价重磅，杭州刚刚多宗宝地挂牌，土地限价政策有变在等待许久之后，最新的土地挂牌终于登场，一共宗，涉及了杭州多个区域。最为关键的是，这批地块的双限政策有变划重点：上城区、拱墅区、滨江区、西湖区、萧山区、余杭区的土地限价取消，但是新房限价保持不变；临平区、钱塘区、富阳区、临安区，土地限价和新房限价全部取消。（小鸡评房）;;1353;钱塘梧桐;浙江;回复@gooner7777:举例说明;2023-11-09 11:29:12;0;0.0491085137246816;1;0
杭州地铁爱好者;浙江;0;3;22;31;重磅杭州突发挂地，土地全部取消限价重磅，杭州刚刚多宗宝地挂牌，土地限价政策有变在等待许久之后，最新的土地挂牌终于登场，一共宗，涉及了杭州多个区域。最为关键的是，这批地块的双限政策有变划重点：上城区、拱墅区、滨江区、西湖区、萧山区、余杭区的土地限价取消，但是新房限价保持不变；临平区、钱塘区、富阳区、临安区，土地限价和新房限价全部取消。（小鸡评房）;;1353;多汁蜜桃1999;其他;回复@gooner7777:春节禁止放烟花（余杭萧山除外）;2023-11-09 11:28:22;0;0.0491085137246816;1;0
杭州地铁爱好者;浙江;0;3;22;31;重磅杭州突发挂地，土地全部取消限价重磅，杭州刚刚多宗宝地挂牌，土地限价政策有变在等待许久之后，最新的土地挂牌终于登场，一共宗，涉及了杭州多个区域。最为关键的是，这批地块的双限政策有变划重点：上城区、拱墅区、滨江区、西湖区、萧山区、余杭区的土地限价取消，但是新房限价保持不变；临平区、钱塘区、富阳区、临安区，土地限价和新房限价全部取消。（小鸡评房）;;1353;有绪之风;北京;回复@工地逮偷钢筋的:几年前领养宠物也是余杭萧山除外[doge];2023-11-09 11:07:22;0;0.0491085137246816;1;0
杭州地铁爱好者;浙江;0;3;22;31;重磅杭州突发挂地，土地全部取消限价重磅，杭州刚刚多宗宝地挂牌，土地限价政策有变在等待许久之后，最新的土地挂牌终于登场，一共宗，涉及了杭州多个区域。最为关键的是，这批地块的双限政策有变划重点：上城区、拱墅区、滨江区、西湖区、萧山区、余杭区的土地限价取消，但是新房限价保持不变；临平区、钱塘区、富阳区、临安区，土地限价和新房限价全部取消。（小鸡评房）;;1353;工地逮偷钢筋的;其他;回复@gooner7777:涉及到财政的肯定除外啊;2023-11-09 10:45:15;3;0.0491085137246816;1;0
杭州地铁爱好者;浙江;0;3;22;31;重磅杭州突发挂地，土地全部取消限价重磅，杭州刚刚多宗宝地挂牌，土地限价政策有变在等待许久之后，最新的土地挂牌终于登场，一共宗，涉及了杭州多个区域。最为关键的是，这批地块的双限政策有变划重点：上城区、拱墅区、滨江区、西湖区、萧山区、余杭区的土地限价取消，但是新房限价保持不变；临平区、钱塘区、富阳区、临安区，土地限价和新房限价全部取消。（小鸡评房）;;1353;gooner7777;浙江;回复@钱塘梧桐:不除外的基本都是坏事;2023-11-09 10:05:40;1;0.0491085137246816;1;0
杭州地铁爱好者;浙江;0;3;22;31;重磅杭州突发挂地，土地全部取消限价重磅，杭州刚刚多宗宝地挂牌，土地限价政策有变在等待许久之后，最新的土地挂牌终于登场，一共宗，涉及了杭州多个区域。最为关键的是，这批地块的双限政策有变划重点：上城区、拱墅区、滨江区、西湖区、萧山区、余杭区的土地限价取消，但是新房限价保持不变；临平区、钱塘区、富阳区、临安区，土地限价和新房限价全部取消。（小鸡评房）;;1353;钱塘梧桐;浙江;回复@gooner7777:什么坏事呢？;2023-11-09 09:59:22;0;0.0491085137246816;1;0
杭州地铁爱好者;浙江;0;3;22;31;重磅杭州突发挂地，土地全部取消限价重磅，杭州刚刚多宗宝地挂牌，土地限价政策有变在等待许久之后，最新的土地挂牌终于登场，一共宗，涉及了杭州多个区域。最为关键的是，这批地块的双限政策有变划重点：上城区、拱墅区、滨江区、西湖区、萧山区、余杭区的土地限价取消，但是新房限价保持不变；临平区、钱塘区、富阳区、临安区，土地限价和新房限价全部取消。（小鸡评房）;;1353;gooner7777;浙江;回复@钱塘梧桐:坏事为什么不除外？;2023-11-09 09:55:37;0;0.0491085137246816;1;0
杭州地铁爱好者;浙江;0;3;22;31;重磅杭州突发挂地，土地全部取消限价重磅，杭州刚刚多宗宝地挂牌，土地限价政策有变在等待许久之后，最新的土地挂牌终于登场，一共宗，涉及了杭州多个区域。最为关键的是，这批地块的双限政策有变划重点：上城区、拱墅区、滨江区、西湖区、萧山区、余杭区的土地限价取消，但是新房限价保持不变；临平区、钱塘区、富阳区、临安区，土地限价和新房限价全部取消。（小鸡评房）;;1353;钱塘梧桐;浙江;回复@gooner7777:萧山余杭交市里财政吗？不交怎么可能享受好事？;2023-11-09 09:53:03;0;0.0491085137246816;1;0
杭州地铁爱好者;浙江;0;3;22;31;重磅杭州突发挂地，土地全部取消限价重磅，杭州刚刚多宗宝地挂牌，土地限价政策有变在等待许久之后，最新的土地挂牌终于登场，一共宗，涉及了杭州多个区域。最为关键的是，这批地块的双限政策有变划重点：上城区、拱墅区、滨江区、西湖区、萧山区、余杭区的土地限价取消，但是新房限价保持不变；临平区、钱塘区、富阳区、临安区，土地限价和新房限价全部取消。（小鸡评房）;;1353;gooner7777;浙江;通常好事才除外;2023-11-09 09:28:05;1;0.0491085137246816;1;0
杭州地铁爱好者;浙江;0;3;22;31;重磅杭州突发挂地，土地全部取消限价重磅，杭州刚刚多宗宝地挂牌，土地限价政策有变在等待许久之后，最新的土地挂牌终于登场，一共宗，涉及了杭州多个区域。最为关键的是，这批地块的双限政策有变划重点：上城区、拱墅区、滨江区、西湖区、萧山区、余杭区的土地限价取消，但是新房限价保持不变；临平区、钱塘区、富阳区、临安区，土地限价和新房限价全部取消。（小鸡评房）;;355;sinbar;浙江;扭扭捏捏;2023-11-09 09:17:51;2;0.0491085137246816;0;0
杭州地铁爱好者;浙江;0;3;22;31;重磅杭州突发挂地，土地全部取消限价重磅，杭州刚刚多宗宝地挂牌，土地限价政策有变在等待许久之后，最新的土地挂牌终于登场，一共宗，涉及了杭州多个区域。最为关键的是，这批地块的双限政策有变划重点：上城区、拱墅区、滨江区、西湖区、萧山区、余杭区的土地限价取消，但是新房限价保持不变；临平区、钱塘区、富阳区、临安区，土地限价和新房限价全部取消。（小鸡评房）;;196;Raul2021;浙江;那不是房子越来越烂了[允悲];2023-11-09 09:16:58;3;0.0491085137246816;0;0
杭州地铁爱好者;浙江;0;3;22;31;重磅杭州突发挂地，土地全部取消限价重磅，杭州刚刚多宗宝地挂牌，土地限价政策有变在等待许久之后，最新的土地挂牌终于登场，一共宗，涉及了杭州多个区域。最为关键的是，这批地块的双限政策有变划重点：上城区、拱墅区、滨江区、西湖区、萧山区、余杭区的土地限价取消，但是新房限价保持不变；临平区、钱塘区、富阳区、临安区，土地限价和新房限价全部取消。（小鸡评房）;;43;L-C赫兹;其他;开始薅羊毛;2023-11-09 09:13:56;2;0.0491085137246816;0;0
杭州地铁爱好者;浙江;0;3;22;31;重磅杭州突发挂地，土地全部取消限价重磅，杭州刚刚多宗宝地挂牌，土地限价政策有变在等待许久之后，最新的土地挂牌终于登场，一共宗，涉及了杭州多个区域。最为关键的是，这批地块的双限政策有变划重点：上城区、拱墅区、滨江区、西湖区、萧山区、余杭区的土地限价取消，但是新房限价保持不变；临平区、钱塘区、富阳区、临安区，土地限价和新房限价全部取消。（小鸡评房）;;69;白云苍狗5555jsjjej;其他;有卵用[doge];2023-11-09 10:49:03;3;0.0491085137246816;0;0
杭州地铁爱好者;浙江;0;3;22;31;重磅杭州突发挂地，土地全部取消限价重磅，杭州刚刚多宗宝地挂牌，土地限价政策有变在等待许久之后，最新的土地挂牌终于登场，一共宗，涉及了杭州多个区域。最为关键的是，这批地块的双限政策有变划重点：上城区、拱墅区、滨江区、西湖区、萧山区、余杭区的土地限价取消，但是新房限价保持不变；临平区、钱塘区、富阳区、临安区，土地限价和新房限价全部取消。（小鸡评房）;;362;奔跑的张仲景;浙江;人民的钱都去哪了？？？[doge];2023-11-13 18:40:27;0;0.0491085137246816;0;0
杭州地铁爱好者;浙江;0;3;22;31;重磅杭州突发挂地，土地全部取消限价重磅，杭州刚刚多宗宝地挂牌，土地限价政策有变在等待许久之后，最新的土地挂牌终于登场，一共宗，涉及了杭州多个区域。最为关键的是，这批地块的双限政策有变划重点：上城区、拱墅区、滨江区、西湖区、萧山区、余杭区的土地限价取消，但是新房限价保持不变；临平区、钱塘区、富阳区、临安区，土地限价和新房限价全部取消。（小鸡评房）;;2579;袁菜在这里;浙江;利好别墅排屋;2023-11-09 13:00:26;0;0.0491085137246816;0;0
杭州地铁爱好者;浙江;0;3;22;31;重磅杭州突发挂地，土地全部取消限价重磅，杭州刚刚多宗宝地挂牌，土地限价政策有变在等待许久之后，最新的土地挂牌终于登场，一共宗，涉及了杭州多个区域。最为关键的是，这批地块的双限政策有变划重点：上城区、拱墅区、滨江区、西湖区、萧山区、余杭区的土地限价取消，但是新房限价保持不变；临平区、钱塘区、富阳区、临安区，土地限价和新房限价全部取消。（小鸡评房）;;269;热爱榴莲芝士的中二少年;其他;房子越来越烂……;2023-11-09 10:32:43;0;0.0491085137246816;0;0
杭州地铁爱好者;浙江;0;3;22;31;重磅杭州突发挂地，土地全部取消限价重磅，杭州刚刚多宗宝地挂牌，土地限价政策有变在等待许久之后，最新的土地挂牌终于登场，一共宗，涉及了杭州多个区域。最为关键的是，这批地块的双限政策有变划重点：上城区、拱墅区、滨江区、西湖区、萧山区、余杭区的土地限价取消，但是新房限价保持不变；临平区、钱塘区、富阳区、临安区，土地限价和新房限价全部取消。（小鸡评房）;;186;瓦达卡拉木点;其他;经济好不好，一目了然[doge];2023-11-09 10:40:08;3;0.0491085137246816;0;0
杭州地铁爱好者;浙江;0;3;22;31;重磅杭州突发挂地，土地全部取消限价重磅，杭州刚刚多宗宝地挂牌，土地限价政策有变在等待许久之后，最新的土地挂牌终于登场，一共宗，涉及了杭州多个区域。最为关键的是，这批地块的双限政策有变划重点：上城区、拱墅区、滨江区、西湖区、萧山区、余杭区的土地限价取消，但是新房限价保持不变；临平区、钱塘区、富阳区、临安区，土地限价和新房限价全部取消。（小鸡评房）;;186;多汁蜜桃1999;其他;反正工资每年都在涨就好了[允悲];2023-11-09 11:29:03;0;0.0491085137246816;1;0
杭州地铁爱好者;浙江;0;3;22;31;重磅杭州突发挂地，土地全部取消限价重磅，杭州刚刚多宗宝地挂牌，土地限价政策有变在等待许久之后，最新的土地挂牌终于登场，一共宗，涉及了杭州多个区域。最为关键的是，这批地块的双限政策有变划重点：上城区、拱墅区、滨江区、西湖区、萧山区、余杭区的土地限价取消，但是新房限价保持不变；临平区、钱塘区、富阳区、临安区，土地限价和新房限价全部取消。（小鸡评房）;;188;gooner7777;浙江;利好碧桂园等安置房质量房产商;2023-11-09 09:28:45;0;0.0491085137246816;0;0
守望梦想80;河北;0;0;1;0;北京拆迁退出历史舞台换个说法而已，该拆还得拆;#北京拆迁退出历史舞台#;26813;专门讲笑话;浙江;下午好~~[给你小心心][给你小心心][给你小心心];2023-04-10 15:37:19;0;0.0667890444922875;0;0
哎呀Woc_;北京;0;0;13;0;北京拆迁退出历史舞台已经实行了一段时间了吧，在大兴的一个西城区对接安置房工程工作，很多业主都抱怨拆迁完搬过来装修的钱都没有了，拆迁款刚刚够买安置房的;#北京拆迁退出历史舞台#;90;f波波86;北京;请问是大兴哪个安置房？;2023-05-15 00:46:06;0;0.0329419668918541;0;0
哎呀Woc_;北京;0;0;13;0;北京拆迁退出历史舞台已经实行了一段时间了吧，在大兴的一个西城区对接安置房工程工作，很多业主都抱怨拆迁完搬过来装修的钱都没有了，拆迁款刚刚够买安置房的;#北京拆迁退出历史舞台#;90;哎呀Woc_;陕西;回复@f波波86:哈哈哈这样啊;2023-05-15 01:19:22;0;0.0329419668918541;1;0
哎呀Woc_;北京;0;0;13;0;北京拆迁退出历史舞台已经实行了一段时间了吧，在大兴的一个西城区对接安置房工程工作，很多业主都抱怨拆迁完搬过来装修的钱都没有了，拆迁款刚刚够买安置房的;#北京拆迁退出历史舞台#;90;f波波86;北京;回复@哎呀Woc_:不是的。闲来无事搜了一下西城安置房关键字，看到了您的微博[笑哈哈];2023-05-15 01:14:50;0;0.0329419668918541;1;0
哎呀Woc_;北京;0;0;13;0;北京拆迁退出历史舞台已经实行了一段时间了吧，在大兴的一个西城区对接安置房工程工作，很多业主都抱怨拆迁完搬过来装修的钱都没有了，拆迁款刚刚够买安置房的;#北京拆迁退出历史舞台#;90;哎呀Woc_;陕西;回复@f波波86:在那工作吗;2023-05-15 01:10:13;0;0.0329419668918541;1;0
哎呀Woc_;北京;0;0;13;0;北京拆迁退出历史舞台已经实行了一段时间了吧，在大兴的一个西城区对接安置房工程工作，很多业主都抱怨拆迁完搬过来装修的钱都没有了，拆迁款刚刚够买安置房的;#北京拆迁退出历史舞台#;90;f波波86;北京;回复@哎呀Woc_:嗯;2023-05-15 01:06:18;0;0.0329419668918541;1;0
哎呀Woc_;北京;0;0;13;0;北京拆迁退出历史舞台已经实行了一段时间了吧，在大兴的一个西城区对接安置房工程工作，很多业主都抱怨拆迁完搬过来装修的钱都没有了，拆迁款刚刚够买安置房的;#北京拆迁退出历史舞台#;90;哎呀Woc_;陕西;回复@f波波86:你说的是不是康璟家园;2023-05-15 01:00:29;0;0.0329419668918541;1;0
哎呀Woc_;北京;0;0;13;0;北京拆迁退出历史舞台已经实行了一段时间了吧，在大兴的一个西城区对接安置房工程工作，很多业主都抱怨拆迁完搬过来装修的钱都没有了，拆迁款刚刚够买安置房的;#北京拆迁退出历史舞台#;90;f波波86;北京;回复@哎呀Woc_:不是;2023-05-15 00:59:07;0;0.0329419668918541;1;0
哎呀Woc_;北京;0;0;13;0;北京拆迁退出历史舞台已经实行了一段时间了吧，在大兴的一个西城区对接安置房工程工作，很多业主都抱怨拆迁完搬过来装修的钱都没有了，拆迁款刚刚够买安置房的;#北京拆迁退出历史舞台#;90;哎呀Woc_;陕西;回复@f波波86:你是那的业主吗;2023-05-15 00:54:02;0;0.0329419668918541;1;0
哎呀Woc_;北京;0;0;13;0;北京拆迁退出历史舞台已经实行了一段时间了吧，在大兴的一个西城区对接安置房工程工作，很多业主都抱怨拆迁完搬过来装修的钱都没有了，拆迁款刚刚够买安置房的;#北京拆迁退出历史舞台#;90;哎呀Woc_;陕西;回复@f波波86:对，康璟家园;2023-05-15 00:53:12;0;0.0329419668918541;1;0
哎呀Woc_;北京;0;0;13;0;北京拆迁退出历史舞台已经实行了一段时间了吧，在大兴的一个西城区对接安置房工程工作，很多业主都抱怨拆迁完搬过来装修的钱都没有了，拆迁款刚刚够买安置房的;#北京拆迁退出历史舞台#;90;f波波86;北京;回复@哎呀Woc_:是旧宫那个吗？;2023-05-15 00:52:51;0;0.0329419668918541;1;0
哎呀Woc_;北京;0;0;13;0;北京拆迁退出历史舞台已经实行了一段时间了吧，在大兴的一个西城区对接安置房工程工作，很多业主都抱怨拆迁完搬过来装修的钱都没有了，拆迁款刚刚够买安置房的;#北京拆迁退出历史舞台#;90;哎呀Woc_;陕西;西城区对接安置房;2023-05-15 00:46:42;0;0.0329419668918541;1;0
临淄融媒;;0;13;5;11;重磅北京拆迁退出历史舞台，从此不再有“拆迁户”北京拟废止房屋拆迁许可证制度月末，北京市规划和自然资源委员会公布《北京市征收集体土地房屋补偿管理办法》（征求意见稿），其中拟对征收宅基地房屋的安置方式进行规定，并明确货币补偿标准。《办法》拟规定，北京市按照一户一宅的原则给予补偿，严格控制宅基地面积补偿标准。一户一宅的宅基地面积补偿控制标准：对认定为年（含）之前的宅基地，最高不超过平方米；对认定为年以后的宅基地，最高不超过平方米，具体宅基地面积补偿控制标准由各区人民政府根据本区实际确定。《办法》还对非住宅房屋的补偿进行了规定，表示应采取货币补偿的方式。根据北京市规划和自然资源委员会公布的起草说明，此次《办法》按照《土地管理法》的要求，将集体土地房屋“拆迁”改为“搬迁”，废止房屋拆迁许可证制度；规定集体土地上房屋搬迁补偿纳入征收集体土地征收程序，实现征地与房屋搬迁同步实施，各项补偿方案、标准广泛听取村民的意见。对于被征收人合法权益的维护，《办法》强化了以房屋安置方式为主，做到安置房先行，安置房源为期房的，尽量缩短安置周期。还本着“限高、扩中、托底”的原则，确定安置房安置面积。对宅基地面积超过补偿控制标准的部分，只给予货币补偿；对宅基地面积低于宅基地审批最低标准的，置换安置房面积按照最低标准的一定比例计算。根据《办法》，“拆迁”将退出历史舞台，以“搬迁”代替，同时房屋拆迁许可证制度也被废止。（每经，泽塔）重磅北京宣布：“拆迁”退出历史舞台，从此不再有“拆迁户”这个制度也被废止视频的微博视频;#北京拆迁退出历史舞台##北京拟废止房屋拆迁许可证制度#重磅！北京宣布：“拆迁”退出历史舞台，从此不再有“拆迁户”！这个制度也被废止…NBD视频的微博视频;1502;掌上临淄;山东;可以;2023-04-09 21:28:36;0;0.0119464203171493;0;1
临淄融媒;;0;13;5;11;重磅北京拆迁退出历史舞台，从此不再有“拆迁户”北京拟废止房屋拆迁许可证制度月末，北京市规划和自然资源委员会公布《北京市征收集体土地房屋补偿管理办法》（征求意见稿），其中拟对征收宅基地房屋的安置方式进行规定，并明确货币补偿标准。《办法》拟规定，北京市按照一户一宅的原则给予补偿，严格控制宅基地面积补偿标准。一户一宅的宅基地面积补偿控制标准：对认定为年（含）之前的宅基地，最高不超过平方米；对认定为年以后的宅基地，最高不超过平方米，具体宅基地面积补偿控制标准由各区人民政府根据本区实际确定。《办法》还对非住宅房屋的补偿进行了规定，表示应采取货币补偿的方式。根据北京市规划和自然资源委员会公布的起草说明，此次《办法》按照《土地管理法》的要求，将集体土地房屋“拆迁”改为“搬迁”，废止房屋拆迁许可证制度；规定集体土地上房屋搬迁补偿纳入征收集体土地征收程序，实现征地与房屋搬迁同步实施，各项补偿方案、标准广泛听取村民的意见。对于被征收人合法权益的维护，《办法》强化了以房屋安置方式为主，做到安置房先行，安置房源为期房的，尽量缩短安置周期。还本着“限高、扩中、托底”的原则，确定安置房安置面积。对宅基地面积超过补偿控制标准的部分，只给予货币补偿；对宅基地面积低于宅基地审批最低标准的，置换安置房面积按照最低标准的一定比例计算。根据《办法》，“拆迁”将退出历史舞台，以“搬迁”代替，同时房屋拆迁许可证制度也被废止。（每经，泽塔）重磅北京宣布：“拆迁”退出历史舞台，从此不再有“拆迁户”这个制度也被废止视频的微博视频;#北京拆迁退出历史舞台##北京拟废止房屋拆迁许可证制度#重磅！北京宣布：“拆迁”退出历史舞台，从此不再有“拆迁户”！这个制度也被废止…NBD视频的微博视频;2;姜冬暖夏凉;其他;好;2023-04-09 20:20:03;0;0.0119464203171493;0;1
F伯爵;北京;0;39;1;321;北京拆迁退出历史舞台;#北京拆迁退出历史舞台#;3284;ANDYXFORK;福建;换个词而已;2023-04-09 16:05:22;2;0.0800468736063894;0;0
思想人;江西;0;1;2;23;集体土地最高补偿面积拟不超过平方米，北京废止拆迁许可证，北京或将告别大批拆迁暴发户月末，北京市规划和自然资源委员会公布《北京市征收集体土地房屋补偿管理办法》，其中拟对征收宅基地房屋的安置方式进行规定，并明确货币补偿标准。根据《办法》，“拆迁”将退出历史舞台，以“搬迁”代替，同时房屋拆迁许可证制度也被废止。《办法》拟规定，北京市按照一户一宅的原则给予补偿，严格控制宅基地面积补偿标准。一户一宅的宅基地面积补偿控制标准：对认定为年（含）之前的宅基地，最高不超过平方米；对认定为年以后的宅基地，最高不超过平方米，具体宅基地面积补偿控制标准由各区人民政府根据本区实际确定。《办法》还对非住宅房屋的补偿进行了规定，表示应采取货币补偿的方式。;#北京废止拆迁许可证##北京或将告别大批拆迁暴发户#;1416;起名真难1566;河南;北京市规划和自然资源委的规定办法不得与上位法冲突。1982年的宅基地的征迁首先当依据国家《土地法》。;2023-04-09 12:36:31;1;0.010869959441738;0;0
思想人;江西;0;1;2;23;集体土地最高补偿面积拟不超过平方米，北京废止拆迁许可证，北京或将告别大批拆迁暴发户月末，北京市规划和自然资源委员会公布《北京市征收集体土地房屋补偿管理办法》，其中拟对征收宅基地房屋的安置方式进行规定，并明确货币补偿标准。根据《办法》，“拆迁”将退出历史舞台，以“搬迁”代替，同时房屋拆迁许可证制度也被废止。《办法》拟规定，北京市按照一户一宅的原则给予补偿，严格控制宅基地面积补偿标准。一户一宅的宅基地面积补偿控制标准：对认定为年（含）之前的宅基地，最高不超过平方米；对认定为年以后的宅基地，最高不超过平方米，具体宅基地面积补偿控制标准由各区人民政府根据本区实际确定。《办法》还对非住宅房屋的补偿进行了规定，表示应采取货币补偿的方式。;#北京废止拆迁许可证##北京或将告别大批拆迁暴发户#;740;崇烜;浙江;不应该存在的这段历史;2023-04-09 16:31:51;0;0.010869959441738;0;0
蒋东文;北京;0;3;2;25;“拆迁”马上要退出历史舞台了“拆迁户的快乐我们不懂，就像这两天火起来的“北电南柱赫”，自称家里发了万拆迁款。。。北京拆迁退出历史舞台;#北京拆迁退出历史舞台#;10;雨霖铃孤月诗经道藏;广东;这都是小钱，有个副省级老爹，那才是聚宝盆[哈哈][哈哈];2023-04-12 12:57:15;6;0.0522523623749177;0;0
蒋东文;北京;0;3;2;25;“拆迁”马上要退出历史舞台了“拆迁户的快乐我们不懂，就像这两天火起来的“北电南柱赫”，自称家里发了万拆迁款。。。北京拆迁退出历史舞台;#北京拆迁退出历史舞台#;4;风中雨___;其他;评论还在那样的新闻下发 真讽刺[哈哈];2023-04-10 12:51:43;0;0.0522523623749177;0;0
北京很美;福建;0;0;1;0;北京“拆迁”改“搬迁”，北京或将告别大批“拆迁暴发户”北京拆迁退出历史舞台观察者网的微博视频;#北京##北京拆迁退出历史舞台#观察者网的微博视频;239461082;超话社区;北京;好久不见，我和小伙伴们都在北京的超话社区等你，快点来看看吧，回家指路>>#北京[超话]#;2023-04-08 23:20:33;0;0.0601285419744744;0;0
玩遍北京城;福建;0;1;1;3;北京“拆迁”改“搬迁”，北京或将告别大批“拆迁暴发户”北京拆迁退出历史舞台观察者网的微博视频;#北京##北京拆迁退出历史舞台#观察者网的微博视频;239461082;超话社区;北京;好久不见，我和小伙伴们都在北京的超话社区等你，快点来看看吧，回家指路>>#北京[超话]#;2023-04-08 23:18:58;0;0.0601285419744744;0;0
房产律师王玉臣;北京;0;1;3;7;北京拆迁退出历史舞台北京“拆迁”退出历史舞台？不过是换了个叫法。拆迁是老的说法，以前不论是国有土地，还是集体土地，这方面都叫“拆迁”。拆迁从字面意思来说，包括拆除搬迁。后来拆迁引发了很多问题，国有土地上房屋征收补偿条例就开始把拆迁改为了征收，不再用拆迁这两个字，实际上本质还是一个意思。集体土地这一块之前北京有专门的集体土地拆迁管理办法，根据这个管理办法，如果集体土地要实施拆迁，必须取得拆迁许可证，取得这个许可证才能具体实施，否则就是违法拆迁。改为搬迁，纯粹从字面意思来说就是搬走迁移。而拆迁是为了拆而迁。北京的老规定沿用了很多年了，然而，新《土地管理法实施条例》已于年月日起实施。新条例中单设两节和宅基地的保护息息相关。其中，在第四章“建设用地”中特别设置了第三节“土地征收”，对包括征收农村宅基地在内的征收土地流程和要求做了详细的规定。作为上位法土地管理法实施条例已经发生了变化，而且进行了明确规定。所以北京的相关规定也在进行调整，向国家的规定看齐。而且，在新条例里，禁止强迫农村村民搬迁退出宅基地。对曾发生的一些侵犯宅基地的常见行为进行了明令禁止。新条例中用的就是“搬迁”。在征收土地流程中，拆迁是其中一个很重要的环节，征收土地就是把土地征为国有，进行土地收储。要想真正实现征地，必须对原来的土地使用权人进行拆迁安置。在以往，经常出现征地文件出来了，拆迁相对滞后的状况，相比而言是脱钩的。比如年就已经做出了征地批复，但是到了年才开始拆迁，这样原来的征地文件从某种意义上来说形同虚设。纳入征地手续之中，同时广泛听取农民意见，征收与房屋搬迁同步实施有利于保障被征收人的知情权、参与权。房屋安置补偿方案等各项补偿方案、标准都需要广泛听取被征收人的意见，例如在房屋安置补偿方案存在超过半数（不含）以上被征地的农村集体经济组织成员认为不符合法律、法规及本办法规定的，区政府需要组织听证，完善房屋补偿安置方案，也就是说，被征收人对于征收后的安置补偿情况能够更及时的知情、更深入的参与，更充分的发表意见。而且，征收与房屋搬迁同步实施有利于保障被征收人的居住权、财产权等相关权利。如前所述，集体土地上房屋搬迁补偿纳入征收集体土地征收程序，且被征收人可以充分的参与相关方案的制定，那么在一定程度上，被征收人的居住权、财产权等相关权益的具体保障方案都需要提前制定并且需征得各方同意，在保障被征收人相关权益的同时，也有利于促进征收工作的平稳推进。老王侃房新星计划;#北京拆迁退出历史舞台##老王侃房##新星v计划#;650079;Legal诗睿;吉林;换汤不换药，其实是话语的重新诠释;2023-04-08 20:58:46;0;0.0141813939672687;0;0
房产律师王玉臣;北京;0;1;3;7;北京拆迁退出历史舞台北京“拆迁”退出历史舞台？不过是换了个叫法。拆迁是老的说法，以前不论是国有土地，还是集体土地，这方面都叫“拆迁”。拆迁从字面意思来说，包括拆除搬迁。后来拆迁引发了很多问题，国有土地上房屋征收补偿条例就开始把拆迁改为了征收，不再用拆迁这两个字，实际上本质还是一个意思。集体土地这一块之前北京有专门的集体土地拆迁管理办法，根据这个管理办法，如果集体土地要实施拆迁，必须取得拆迁许可证，取得这个许可证才能具体实施，否则就是违法拆迁。改为搬迁，纯粹从字面意思来说就是搬走迁移。而拆迁是为了拆而迁。北京的老规定沿用了很多年了，然而，新《土地管理法实施条例》已于年月日起实施。新条例中单设两节和宅基地的保护息息相关。其中，在第四章“建设用地”中特别设置了第三节“土地征收”，对包括征收农村宅基地在内的征收土地流程和要求做了详细的规定。作为上位法土地管理法实施条例已经发生了变化，而且进行了明确规定。所以北京的相关规定也在进行调整，向国家的规定看齐。而且，在新条例里，禁止强迫农村村民搬迁退出宅基地。对曾发生的一些侵犯宅基地的常见行为进行了明令禁止。新条例中用的就是“搬迁”。在征收土地流程中，拆迁是其中一个很重要的环节，征收土地就是把土地征为国有，进行土地收储。要想真正实现征地，必须对原来的土地使用权人进行拆迁安置。在以往，经常出现征地文件出来了，拆迁相对滞后的状况，相比而言是脱钩的。比如年就已经做出了征地批复，但是到了年才开始拆迁，这样原来的征地文件从某种意义上来说形同虚设。纳入征地手续之中，同时广泛听取农民意见，征收与房屋搬迁同步实施有利于保障被征收人的知情权、参与权。房屋安置补偿方案等各项补偿方案、标准都需要广泛听取被征收人的意见，例如在房屋安置补偿方案存在超过半数（不含）以上被征地的农村集体经济组织成员认为不符合法律、法规及本办法规定的，区政府需要组织听证，完善房屋补偿安置方案，也就是说，被征收人对于征收后的安置补偿情况能够更及时的知情、更深入的参与，更充分的发表意见。而且，征收与房屋搬迁同步实施有利于保障被征收人的居住权、财产权等相关权利。如前所述，集体土地上房屋搬迁补偿纳入征收集体土地征收程序，且被征收人可以充分的参与相关方案的制定，那么在一定程度上，被征收人的居住权、财产权等相关权益的具体保障方案都需要提前制定并且需征得各方同意，在保障被征收人相关权益的同时，也有利于促进征收工作的平稳推进。老王侃房新星计划;#北京拆迁退出历史舞台##老王侃房##新星v计划#;650079;房产律师王玉臣;北京;[赞][赞][赞];2023-04-18 08:46:36;0;0.0141813939672687;1;0
Andy旎奥1106;湖北;0;0;110;126;杨紫超话民法典普法大使杨紫跟着杨紫学习普法请看案例公公生前有一处房产，拆迁时公公去世，以大伯哥名义签署了房屋安置协议，房屋还未建设，大伯哥又去世，请问此时安置房到底属于谁的遗产？北京拆迁退出历史舞台今日说法的微博视频;杨紫超话#民法典普法大使杨紫##北京拆迁退出历史舞台#CCTV今日说法的微博视频;10864;Andy旎奥1106;湖北;❤️跟随民法典普法大使杨紫，一同走近民法典，提高法律意识，做知法懂法守法好公民！#民法典普法大使杨紫#;2023-04-08 21:45:25;28;0.0128986165677886;0;0
Andy旎奥1106;湖北;0;0;110;126;杨紫超话民法典普法大使杨紫跟着杨紫学习普法请看案例公公生前有一处房产，拆迁时公公去世，以大伯哥名义签署了房屋安置协议，房屋还未建设，大伯哥又去世，请问此时安置房到底属于谁的遗产？北京拆迁退出历史舞台今日说法的微博视频;杨紫超话#民法典普法大使杨紫##北京拆迁退出历史舞台#CCTV今日说法的微博视频;12499;你挡着我发彪了;辽宁;法律是社会的约束也是个人权利的保障。而民法典更是与每个人的日常生活密不可分。让我们与民法典普法大使@杨紫   一起通过民法典普法系列视频了解民法典，做知法守法的好公民。;2023-04-08 22:22:09;7;0.0128986165677886;0;0
Andy旎奥1106;湖北;0;0;110;126;杨紫超话民法典普法大使杨紫跟着杨紫学习普法请看案例公公生前有一处房产，拆迁时公公去世，以大伯哥名义签署了房屋安置协议，房屋还未建设，大伯哥又去世，请问此时安置房到底属于谁的遗产？北京拆迁退出历史舞台今日说法的微博视频;杨紫超话#民法典普法大使杨紫##北京拆迁退出历史舞台#CCTV今日说法的微博视频;54710;唯爱奥奥的洋洋;河南;心中有法，畅行天下。跟着#民法典普法大使杨紫#学法普法！;2023-04-08 23:31:23;3;0.0128986165677886;0;0
Andy旎奥1106;湖北;0;0;110;126;杨紫超话民法典普法大使杨紫跟着杨紫学习普法请看案例公公生前有一处房产，拆迁时公公去世，以大伯哥名义签署了房屋安置协议，房屋还未建设，大伯哥又去世，请问此时安置房到底属于谁的遗产？北京拆迁退出历史舞台今日说法的微博视频;杨紫超话#民法典普法大使杨紫##北京拆迁退出历史舞台#CCTV今日说法的微博视频;11712;旎的小迷糊;山东;[给力]跟着#民法典普法大使杨紫#一起知法普法守法，每天学一点法律小知识;2023-04-09 16:01:12;3;0.0128986165677886;0;0
Andy旎奥1106;湖北;0;0;110;126;杨紫超话民法典普法大使杨紫跟着杨紫学习普法请看案例公公生前有一处房产，拆迁时公公去世，以大伯哥名义签署了房屋安置协议，房屋还未建设，大伯哥又去世，请问此时安置房到底属于谁的遗产？北京拆迁退出历史舞台今日说法的微博视频;杨紫超话#民法典普法大使杨紫##北京拆迁退出历史舞台#CCTV今日说法的微博视频;12398;一一67958;海南;[好喜欢][给力]善良是一种美德，善良是一种远见，善良是一种自信，善良是一种精神力量，善良是一种以逸待劳的沉稳，善良是一种文化，善良是一种快乐，善良一种乐观。;2023-04-09 17:47:26;2;0.0128986165677886;0;0
Andy旎奥1106;湖北;0;0;110;126;杨紫超话民法典普法大使杨紫跟着杨紫学习普法请看案例公公生前有一处房产，拆迁时公公去世，以大伯哥名义签署了房屋安置协议，房屋还未建设，大伯哥又去世，请问此时安置房到底属于谁的遗产？北京拆迁退出历史舞台今日说法的微博视频;杨紫超话#民法典普法大使杨紫##北京拆迁退出历史舞台#CCTV今日说法的微博视频;15477;老妞蛮蛮;上海;[给力]每日学典，增强法律素养，提高法律意识，了解更多法律知识，与#民法典普法大使杨紫# 一起参与民法典普法宣传活动。;2023-04-09 15:02:05;2;0.0128986165677886;0;0
Andy旎奥1106;湖北;0;0;110;126;杨紫超话民法典普法大使杨紫跟着杨紫学习普法请看案例公公生前有一处房产，拆迁时公公去世，以大伯哥名义签署了房屋安置协议，房屋还未建设，大伯哥又去世，请问此时安置房到底属于谁的遗产？北京拆迁退出历史舞台今日说法的微博视频;杨紫超话#民法典普法大使杨紫##北京拆迁退出历史舞台#CCTV今日说法的微博视频;49693;唯旎1106;江苏;慈善是有同情心的人们之间的互助行为， 慈善是高尚人格的真实标记， 滴水穿坚石，爱心美天下， 礼发于诚，声发于心，行出于义。 [单身狗];2023-04-09 11:08:38;2;0.0128986165677886;0;0
Andy旎奥1106;湖北;0;0;110;126;杨紫超话民法典普法大使杨紫跟着杨紫学习普法请看案例公公生前有一处房产，拆迁时公公去世，以大伯哥名义签署了房屋安置协议，房屋还未建设，大伯哥又去世，请问此时安置房到底属于谁的遗产？北京拆迁退出历史舞台今日说法的微博视频;杨紫超话#民法典普法大使杨紫##北京拆迁退出历史舞台#CCTV今日说法的微博视频;11803;糖糖甜奥;其他;学好民法典，做知法懂法守法好公民。#民法典普法大使杨紫#;2023-04-09 09:10:19;2;0.0128986165677886;0;0
Andy旎奥1106;湖北;0;0;110;126;杨紫超话民法典普法大使杨紫跟着杨紫学习普法请看案例公公生前有一处房产，拆迁时公公去世，以大伯哥名义签署了房屋安置协议，房屋还未建设，大伯哥又去世，请问此时安置房到底属于谁的遗产？北京拆迁退出历史舞台今日说法的微博视频;杨紫超话#民法典普法大使杨紫##北京拆迁退出历史舞台#CCTV今日说法的微博视频;23845;wuli_奥宝啊;安徽;学法以正，普法以诚，明法以精，尚法以恒。跟着#民法典普法大使杨紫#学法普法！;2023-04-09 06:32:16;2;0.0128986165677886;0;0
Andy旎奥1106;湖北;0;0;110;126;杨紫超话民法典普法大使杨紫跟着杨紫学习普法请看案例公公生前有一处房产，拆迁时公公去世，以大伯哥名义签署了房屋安置协议，房屋还未建设，大伯哥又去世，请问此时安置房到底属于谁的遗产？北京拆迁退出历史舞台今日说法的微博视频;杨紫超话#民法典普法大使杨紫##北京拆迁退出历史舞台#CCTV今日说法的微博视频;11479;ABCD小米粒;山东;每日学“典”，提高法律素养，增强法律意识，了解更多法律知识，与#民法典普法大使杨紫# 一起参与民法典普法宣传活动。 [给力];2023-04-09 00:37:11;2;0.0128986165677886;0;0
Andy旎奥1106;湖北;0;0;110;126;杨紫超话民法典普法大使杨紫跟着杨紫学习普法请看案例公公生前有一处房产，拆迁时公公去世，以大伯哥名义签署了房屋安置协议，房屋还未建设，大伯哥又去世，请问此时安置房到底属于谁的遗产？北京拆迁退出历史舞台今日说法的微博视频;杨紫超话#民法典普法大使杨紫##北京拆迁退出历史舞台#CCTV今日说法的微博视频;16778;六哥我帮你洗碗;北京;🌈民法典普法大使提醒您，传播正能量，做知法遵法守法的公民！🌈民法典普法大使提醒您，传播正能量，做知法遵法守法的公民！;2023-04-08 22:29:23;2;0.0128986165677886;0;0
Andy旎奥1106;湖北;0;0;110;126;杨紫超话民法典普法大使杨紫跟着杨紫学习普法请看案例公公生前有一处房产，拆迁时公公去世，以大伯哥名义签署了房屋安置协议，房屋还未建设，大伯哥又去世，请问此时安置房到底属于谁的遗产？北京拆迁退出历史舞台今日说法的微博视频;杨紫超话#民法典普法大使杨紫##北京拆迁退出历史舞台#CCTV今日说法的微博视频;12353;在意我在意喜欢我喜欢旎v;广东;民法典学得好，维护权益没烦恼。只有学法才能懂法遵法守法用法。让我们与民法典普法大使@杨紫 一起通过民法典普法系列视频走近民法典。;2023-04-08 22:22:20;2;0.0128986165677886;0;0
Andy旎奥1106;湖北;0;0;110;126;杨紫超话民法典普法大使杨紫跟着杨紫学习普法请看案例公公生前有一处房产，拆迁时公公去世，以大伯哥名义签署了房屋安置协议，房屋还未建设，大伯哥又去世，请问此时安置房到底属于谁的遗产？北京拆迁退出历史舞台今日说法的微博视频;杨紫超话#民法典普法大使杨紫##北京拆迁退出历史舞台#CCTV今日说法的微博视频;21217;隐形利剑;贵州;情让人间温馨，法令社会和谐。跟着#民法典普法大使杨紫#学法普法！;2023-04-09 13:20:49;2;0.0128986165677886;0;0
Andy旎奥1106;湖北;0;0;110;126;杨紫超话民法典普法大使杨紫跟着杨紫学习普法请看案例公公生前有一处房产，拆迁时公公去世，以大伯哥名义签署了房屋安置协议，房屋还未建设，大伯哥又去世，请问此时安置房到底属于谁的遗产？北京拆迁退出历史舞台今日说法的微博视频;杨紫超话#民法典普法大使杨紫##北京拆迁退出历史舞台#CCTV今日说法的微博视频;12873;瀛瀛旎心;广东;只有沉浸在爱与美之中的存在才是诗意地栖居——李银河;2023-04-09 09:45:59;2;0.0128986165677886;0;0
Andy旎奥1106;湖北;0;0;110;126;杨紫超话民法典普法大使杨紫跟着杨紫学习普法请看案例公公生前有一处房产，拆迁时公公去世，以大伯哥名义签署了房屋安置协议，房屋还未建设，大伯哥又去世，请问此时安置房到底属于谁的遗产？北京拆迁退出历史舞台今日说法的微博视频;杨紫超话#民法典普法大使杨紫##北京拆迁退出历史舞台#CCTV今日说法的微博视频;11;伱还不晒-;河南;杨紫[收到];2023-04-09 00:15:55;2;0.0128986165677886;0;0
Andy旎奥1106;湖北;0;0;110;126;杨紫超话民法典普法大使杨紫跟着杨紫学习普法请看案例公公生前有一处房产，拆迁时公公去世，以大伯哥名义签署了房屋安置协议，房屋还未建设，大伯哥又去世，请问此时安置房到底属于谁的遗产？北京拆迁退出历史舞台今日说法的微博视频;杨紫超话#民法典普法大使杨紫##北京拆迁退出历史舞台#CCTV今日说法的微博视频;1276;奥旎紫;其他;普及法律知识，共享法制文明。跟着#民法典普法大使杨紫#学法普法！[微风];2023-04-09 21:16:08;0;0.0128986165677886;0;0
Andy旎奥1106;湖北;0;0;110;126;杨紫超话民法典普法大使杨紫跟着杨紫学习普法请看案例公公生前有一处房产，拆迁时公公去世，以大伯哥名义签署了房屋安置协议，房屋还未建设，大伯哥又去世，请问此时安置房到底属于谁的遗产？北京拆迁退出历史舞台今日说法的微博视频;杨紫超话#民法典普法大使杨紫##北京拆迁退出历史舞台#CCTV今日说法的微博视频;736;从未被_记起;云南;人人守法，户户平安。跟着#民法典普法大使杨紫#学法普法！[悲伤];2023-04-09 21:07:35;0;0.0128986165677886;0;0
Andy旎奥1106;湖北;0;0;110;126;杨紫超话民法典普法大使杨紫跟着杨紫学习普法请看案例公公生前有一处房产，拆迁时公公去世，以大伯哥名义签署了房屋安置协议，房屋还未建设，大伯哥又去世，请问此时安置房到底属于谁的遗产？北京拆迁退出历史舞台今日说法的微博视频;杨紫超话#民法典普法大使杨紫##北京拆迁退出历史舞台#CCTV今日说法的微博视频;989;幸福_半阳光;云南;人生成功路，学法第一步。跟着#民法典普法大使杨紫#学法普法！[心];2023-04-09 20:35:57;0;0.0128986165677886;0;0
Andy旎奥1106;湖北;0;0;110;126;杨紫超话民法典普法大使杨紫跟着杨紫学习普法请看案例公公生前有一处房产，拆迁时公公去世，以大伯哥名义签署了房屋安置协议，房屋还未建设，大伯哥又去世，请问此时安置房到底属于谁的遗产？北京拆迁退出历史舞台今日说法的微博视频;杨紫超话#民法典普法大使杨紫##北京拆迁退出历史舞台#CCTV今日说法的微博视频;1082;回不去_时光;其他;实行依法治国，坚持执政为民。跟着#民法典普法大使杨紫#学法普法！[给力];2023-04-09 20:26:12;0;0.0128986165677886;0;0
Andy旎奥1106;湖北;0;0;110;126;杨紫超话民法典普法大使杨紫跟着杨紫学习普法请看案例公公生前有一处房产，拆迁时公公去世，以大伯哥名义签署了房屋安置协议，房屋还未建设，大伯哥又去世，请问此时安置房到底属于谁的遗产？北京拆迁退出历史舞台今日说法的微博视频;杨紫超话#民法典普法大使杨紫##北京拆迁退出历史舞台#CCTV今日说法的微博视频;629;心系中华有所作为;河南;[给力]和杨紫一同走近民法典，提高法律意识，做知法懂法守法好公民！#民法典普法大使杨紫#;2023-04-09 20:20:47;0;0.0128986165677886;0;0
Andy旎奥1106;湖北;0;0;110;126;杨紫超话民法典普法大使杨紫跟着杨紫学习普法请看案例公公生前有一处房产，拆迁时公公去世，以大伯哥名义签署了房屋安置协议，房屋还未建设，大伯哥又去世，请问此时安置房到底属于谁的遗产？北京拆迁退出历史舞台今日说法的微博视频;杨紫超话#民法典普法大使杨紫##北京拆迁退出历史舞台#CCTV今日说法的微博视频;2355;helanfenhe;浙江;学好民法典，做知法懂法守法好公民。#民法典普法大使杨紫#;2023-04-09 20:04:36;0;0.0128986165677886;0;0
Andy旎奥1106;湖北;0;0;110;126;杨紫超话民法典普法大使杨紫跟着杨紫学习普法请看案例公公生前有一处房产，拆迁时公公去世，以大伯哥名义签署了房屋安置协议，房屋还未建设，大伯哥又去世，请问此时安置房到底属于谁的遗产？北京拆迁退出历史舞台今日说法的微博视频;杨紫超话#民法典普法大使杨紫##北京拆迁退出历史舞台#CCTV今日说法的微博视频;1003;种花小队长;河北;善良是一种修养，善待他人就是善待自己，要想得到别人的爱，首先要学会爱别人，一个善良的人一定是温暖的人，乐于助人的人，懂得珍惜和感恩的人。[给力];2023-04-09 19:34:13;0;0.0128986165677886;0;0
Andy旎奥1106;湖北;0;0;110;126;杨紫超话民法典普法大使杨紫跟着杨紫学习普法请看案例公公生前有一处房产，拆迁时公公去世，以大伯哥名义签署了房屋安置协议，房屋还未建设，大伯哥又去世，请问此时安置房到底属于谁的遗产？北京拆迁退出历史舞台今日说法的微博视频;杨紫超话#民法典普法大使杨紫##北京拆迁退出历史舞台#CCTV今日说法的微博视频;11900;尉迟星夕Elaine;内蒙古;[给力]跟着#民法典普法大使杨紫#一起知法普法守法，每天学一点法律小知识;2023-04-09 19:31:16;0;0.0128986165677886;0;0
Andy旎奥1106;湖北;0;0;110;126;杨紫超话民法典普法大使杨紫跟着杨紫学习普法请看案例公公生前有一处房产，拆迁时公公去世，以大伯哥名义签署了房屋安置协议，房屋还未建设，大伯哥又去世，请问此时安置房到底属于谁的遗产？北京拆迁退出历史舞台今日说法的微博视频;杨紫超话#民法典普法大使杨紫##北京拆迁退出历史舞台#CCTV今日说法的微博视频;1322;板栗老老;天津;想和你情窦初开，也想和你两鬓斑白[给力];2023-04-09 19:04:14;0;0.0128986165677886;0;0
Andy旎奥1106;湖北;0;0;110;126;杨紫超话民法典普法大使杨紫跟着杨紫学习普法请看案例公公生前有一处房产，拆迁时公公去世，以大伯哥名义签署了房屋安置协议，房屋还未建设，大伯哥又去世，请问此时安置房到底属于谁的遗产？北京拆迁退出历史舞台今日说法的微博视频;杨紫超话#民法典普法大使杨紫##北京拆迁退出历史舞台#CCTV今日说法的微博视频;1157;旎奥青柠;其他;幸福其实真的很简单，有你有事做，有所期待[给力];2023-04-09 18:55:11;0;0.0128986165677886;0;0
Andy旎奥1106;湖北;0;0;110;126;杨紫超话民法典普法大使杨紫跟着杨紫学习普法请看案例公公生前有一处房产，拆迁时公公去世，以大伯哥名义签署了房屋安置协议，房屋还未建设，大伯哥又去世，请问此时安置房到底属于谁的遗产？北京拆迁退出历史舞台今日说法的微博视频;杨紫超话#民法典普法大使杨紫##北京拆迁退出历史舞台#CCTV今日说法的微博视频;1234;惜花芷兮;天津;想和你情窦初开，也想和你两鬓斑白[给力];2023-04-09 18:39:06;0;0.0128986165677886;0;0
Andy旎奥1106;湖北;0;0;110;126;杨紫超话民法典普法大使杨紫跟着杨紫学习普法请看案例公公生前有一处房产，拆迁时公公去世，以大伯哥名义签署了房屋安置协议，房屋还未建设，大伯哥又去世，请问此时安置房到底属于谁的遗产？北京拆迁退出历史舞台今日说法的微博视频;杨紫超话#民法典普法大使杨紫##北京拆迁退出历史舞台#CCTV今日说法的微博视频;1110;呦呦瑞奥;其他;幸福其实真的很简单，有你有事做，有所期待[给力];2023-04-09 18:29:21;0;0.0128986165677886;0;0
Andy旎奥1106;湖北;0;0;110;126;杨紫超话民法典普法大使杨紫跟着杨紫学习普法请看案例公公生前有一处房产，拆迁时公公去世，以大伯哥名义签署了房屋安置协议，房屋还未建设，大伯哥又去世，请问此时安置房到底属于谁的遗产？北京拆迁退出历史舞台今日说法的微博视频;杨紫超话#民法典普法大使杨紫##北京拆迁退出历史舞台#CCTV今日说法的微博视频;17;旎奥的觅儿;其他;我们没有理由说辛苦，为自己喜欢的事情坚持，为坚持的事情努力，看到自己的进步，其实是件很幸福的事。也正因为这些辛苦，才让人察觉白驹过隙，才知道自己没有浪费光阴。;2023-04-09 18:06:57;0;0.0128986165677886;0;0
Andy旎奥1106;湖北;0;0;110;126;杨紫超话民法典普法大使杨紫跟着杨紫学习普法请看案例公公生前有一处房产，拆迁时公公去世，以大伯哥名义签署了房屋安置协议，房屋还未建设，大伯哥又去世，请问此时安置房到底属于谁的遗产？北京拆迁退出历史舞台今日说法的微博视频;杨紫超话#民法典普法大使杨紫##北京拆迁退出历史舞台#CCTV今日说法的微博视频;23;旎奥的顿顿;其他;[送花花]自身的修为、精神的丰盈、内在的气度等都在定义一个人。修养和内涵给人留下的印象，同样也能给人机会。;2023-04-09 18:04:30;2;0.0128986165677886;0;0
Andy旎奥1106;湖北;0;0;110;126;杨紫超话民法典普法大使杨紫跟着杨紫学习普法请看案例公公生前有一处房产，拆迁时公公去世，以大伯哥名义签署了房屋安置协议，房屋还未建设，大伯哥又去世，请问此时安置房到底属于谁的遗产？北京拆迁退出历史舞台今日说法的微博视频;杨紫超话#民法典普法大使杨紫##北京拆迁退出历史舞台#CCTV今日说法的微博视频;11515;宋伊雪的小朋友;其他;用最少的悔恨面对过去，用最少的浪费面对现在；用最多的梦想面对未来。[给力];2023-04-09 18:01:14;2;0.0128986165677886;0;0
Andy旎奥1106;湖北;0;0;110;126;杨紫超话民法典普法大使杨紫跟着杨紫学习普法请看案例公公生前有一处房产，拆迁时公公去世，以大伯哥名义签署了房屋安置协议，房屋还未建设，大伯哥又去世，请问此时安置房到底属于谁的遗产？北京拆迁退出历史舞台今日说法的微博视频;杨紫超话#民法典普法大使杨紫##北京拆迁退出历史舞台#CCTV今日说法的微博视频;11515;宋伊雪的小朋友;其他;善良是一种智慧，是一种远见，是一种自信。是一种精神的力量，是一种精神的平安，是一种以逸待劳的沉稳。是一种文化，是一种快乐，一种乐观。 ​ ​​​[给力];2023-04-09 17:20:19;2;0.0128986165677886;0;0
Andy旎奥1106;湖北;0;0;110;126;杨紫超话民法典普法大使杨紫跟着杨紫学习普法请看案例公公生前有一处房产，拆迁时公公去世，以大伯哥名义签署了房屋安置协议，房屋还未建设，大伯哥又去世，请问此时安置房到底属于谁的遗产？北京拆迁退出历史舞台今日说法的微博视频;杨紫超话#民法典普法大使杨紫##北京拆迁退出历史舞台#CCTV今日说法的微博视频;1393;骑马驴约鱼生鱼仔;其他;你可能遇到很多让你心动的人，却难以让你遇到一直心安的人。;2023-04-09 15:50:03;2;0.0128986165677886;0;0
Andy旎奥1106;湖北;0;0;110;126;杨紫超话民法典普法大使杨紫跟着杨紫学习普法请看案例公公生前有一处房产，拆迁时公公去世，以大伯哥名义签署了房屋安置协议，房屋还未建设，大伯哥又去世，请问此时安置房到底属于谁的遗产？北京拆迁退出历史舞台今日说法的微博视频;杨紫超话#民法典普法大使杨紫##北京拆迁退出历史舞台#CCTV今日说法的微博视频;41;稍微有点深井冰;辽宁;即使一切看起来都暗淡无光，也要留意那些微弱的光芒。[给力];2023-04-09 15:43:02;2;0.0128986165677886;0;0
Andy旎奥1106;湖北;0;0;110;126;杨紫超话民法典普法大使杨紫跟着杨紫学习普法请看案例公公生前有一处房产，拆迁时公公去世，以大伯哥名义签署了房屋安置协议，房屋还未建设，大伯哥又去世，请问此时安置房到底属于谁的遗产？北京拆迁退出历史舞台今日说法的微博视频;杨紫超话#民法典普法大使杨紫##北京拆迁退出历史舞台#CCTV今日说法的微博视频;1415;wuli_旎旎啊;安徽;以德修身，以法治国。跟着#民法典普法大使杨紫#学法普法！;2023-04-09 15:26:59;2;0.0128986165677886;0;0
Andy旎奥1106;湖北;0;0;110;126;杨紫超话民法典普法大使杨紫跟着杨紫学习普法请看案例公公生前有一处房产，拆迁时公公去世，以大伯哥名义签署了房屋安置协议，房屋还未建设，大伯哥又去世，请问此时安置房到底属于谁的遗产？北京拆迁退出历史舞台今日说法的微博视频;杨紫超话#民法典普法大使杨紫##北京拆迁退出历史舞台#CCTV今日说法的微博视频;1236;美琳达人201703;天津;[给力]跟着#民法典普法大使杨紫#一起知法普法守法，每天学一点法律小知识;2023-04-09 15:13:42;2;0.0128986165677886;0;0
Andy旎奥1106;湖北;0;0;110;126;杨紫超话民法典普法大使杨紫跟着杨紫学习普法请看案例公公生前有一处房产，拆迁时公公去世，以大伯哥名义签署了房屋安置协议，房屋还未建设，大伯哥又去世，请问此时安置房到底属于谁的遗产？北京拆迁退出历史舞台今日说法的微博视频;杨紫超话#民法典普法大使杨紫##北京拆迁退出历史舞台#CCTV今日说法的微博视频;1766;wuli_旎宝啊;安徽;读书明理，普法医愚，守法律己，和谐添彩！跟着#民法典普法大使杨紫#学法普法！;2023-04-09 15:03:39;2;0.0128986165677886;0;0
Andy旎奥1106;湖北;0;0;110;126;杨紫超话民法典普法大使杨紫跟着杨紫学习普法请看案例公公生前有一处房产，拆迁时公公去世，以大伯哥名义签署了房屋安置协议，房屋还未建设，大伯哥又去世，请问此时安置房到底属于谁的遗产？北京拆迁退出历史舞台今日说法的微博视频;杨紫超话#民法典普法大使杨紫##北京拆迁退出历史舞台#CCTV今日说法的微博视频;1386;wuli_奥奥啊;安徽;和谐最幸福，守法最自由。跟着#民法典普法大使杨紫#学法普法！;2023-04-09 14:31:24;2;0.0128986165677886;0;0
Andy旎奥1106;湖北;0;0;110;126;杨紫超话民法典普法大使杨紫跟着杨紫学习普法请看案例公公生前有一处房产，拆迁时公公去世，以大伯哥名义签署了房屋安置协议，房屋还未建设，大伯哥又去世，请问此时安置房到底属于谁的遗产？北京拆迁退出历史舞台今日说法的微博视频;杨紫超话#民法典普法大使杨紫##北京拆迁退出历史舞台#CCTV今日说法的微博视频;736;瀛瀛1106;广东;懂法，遇事不再盲从；知法，是非终究可辨；用法，公平永远存在；宣传法，和谐社会与你同行。跟着#民法典普法大使杨紫#学法普法！;2023-04-09 14:11:32;1;0.0128986165677886;0;0
Andy旎奥1106;湖北;0;0;110;126;杨紫超话民法典普法大使杨紫跟着杨紫学习普法请看案例公公生前有一处房产，拆迁时公公去世，以大伯哥名义签署了房屋安置协议，房屋还未建设，大伯哥又去世，请问此时安置房到底属于谁的遗产？北京拆迁退出历史舞台今日说法的微博视频;杨紫超话#民法典普法大使杨紫##北京拆迁退出历史舞台#CCTV今日说法的微博视频;1964;皓翎王姬小名小夭的爱人;其他;与人相处，如果你感到格外的轻松，在轻松中感到真实的教益，我敢断定你一定遇到了你的同类，哪怕你们从事着截然不同的职业。——周国平《我喜欢生命本来的样子》 ​​​;2023-04-09 13:59:12;1;0.0128986165677886;0;0
Andy旎奥1106;湖北;0;0;110;126;杨紫超话民法典普法大使杨紫跟着杨紫学习普法请看案例公公生前有一处房产，拆迁时公公去世，以大伯哥名义签署了房屋安置协议，房屋还未建设，大伯哥又去世，请问此时安置房到底属于谁的遗产？北京拆迁退出历史舞台今日说法的微博视频;杨紫超话#民法典普法大使杨紫##北京拆迁退出历史舞台#CCTV今日说法的微博视频;1400;wuli_旎奥啊;安徽;开展普法教育，营造发展环境。跟着#民法典普法大使杨紫#学法普法！;2023-04-09 13:58:08;0;0.0128986165677886;0;0
Andy旎奥1106;湖北;0;0;110;126;杨紫超话民法典普法大使杨紫跟着杨紫学习普法请看案例公公生前有一处房产，拆迁时公公去世，以大伯哥名义签署了房屋安置协议，房屋还未建设，大伯哥又去世，请问此时安置房到底属于谁的遗产？北京拆迁退出历史舞台今日说法的微博视频;杨紫超话#民法典普法大使杨紫##北京拆迁退出历史舞台#CCTV今日说法的微博视频;1744;贩卖所以失落_-_;其他;和杨紫一同走近民法典，提高法律意识，做知法懂法守法好公民！#民法典普法大使杨紫#;2023-04-09 13:41:27;0;0.0128986165677886;0;0
Andy旎奥1106;湖北;0;0;110;126;杨紫超话民法典普法大使杨紫跟着杨紫学习普法请看案例公公生前有一处房产，拆迁时公公去世，以大伯哥名义签署了房屋安置协议，房屋还未建设，大伯哥又去世，请问此时安置房到底属于谁的遗产？北京拆迁退出历史舞台今日说法的微博视频;杨紫超话#民法典普法大使杨紫##北京拆迁退出历史舞台#CCTV今日说法的微博视频;809;繁花似锦觅旎奥;其他;当捷径上人满为患的时候，不妨绕点弯路，也许能更快的到达目的地。[给力];2023-04-09 13:40:40;0;0.0128986165677886;0;0
Andy旎奥1106;湖北;0;0;110;126;杨紫超话民法典普法大使杨紫跟着杨紫学习普法请看案例公公生前有一处房产，拆迁时公公去世，以大伯哥名义签署了房屋安置协议，房屋还未建设，大伯哥又去世，请问此时安置房到底属于谁的遗产？北京拆迁退出历史舞台今日说法的微博视频;杨紫超话#民法典普法大使杨紫##北京拆迁退出历史舞台#CCTV今日说法的微博视频;531;听旎spicy_;其他;做人存善念，做事留真誠，生活之中，那些覺得別人對不起自己的人，只是將放在別人身上的希望看得太重了而已，因此，做人，只要你不帶目的性的去和別人相處，你便會發現，自己收穫的便會驚喜。 ​[给力];2023-04-09 13:33:48;0;0.0128986165677886;0;0
Andy旎奥1106;湖北;0;0;110;126;杨紫超话民法典普法大使杨紫跟着杨紫学习普法请看案例公公生前有一处房产，拆迁时公公去世，以大伯哥名义签署了房屋安置协议，房屋还未建设，大伯哥又去世，请问此时安置房到底属于谁的遗产？北京拆迁退出历史舞台今日说法的微博视频;杨紫超话#民法典普法大使杨紫##北京拆迁退出历史舞台#CCTV今日说法的微博视频;874;Andy_楊_;安徽;法治之花遍地开，学法馨香拂面来。跟着#民法典普法大使杨紫#学法普法！;2023-04-09 13:18:02;0;0.0128986165677886;0;0
Andy旎奥1106;湖北;0;0;110;126;杨紫超话民法典普法大使杨紫跟着杨紫学习普法请看案例公公生前有一处房产，拆迁时公公去世，以大伯哥名义签署了房屋安置协议，房屋还未建设，大伯哥又去世，请问此时安置房到底属于谁的遗产？北京拆迁退出历史舞台今日说法的微博视频;杨紫超话#民法典普法大使杨紫##北京拆迁退出历史舞台#CCTV今日说法的微博视频;1308;旎我皆安好;广东;普就是人人皆知，法就是人人遵守。跟着#民法典普法大使杨紫#学法普法！;2023-04-09 13:11:28;0;0.0128986165677886;0;0
Andy旎奥1106;湖北;0;0;110;126;杨紫超话民法典普法大使杨紫跟着杨紫学习普法请看案例公公生前有一处房产，拆迁时公公去世，以大伯哥名义签署了房屋安置协议，房屋还未建设，大伯哥又去世，请问此时安置房到底属于谁的遗产？北京拆迁退出历史舞台今日说法的微博视频;杨紫超话#民法典普法大使杨紫##北京拆迁退出历史舞台#CCTV今日说法的微博视频;685;蒙蒙紫1106;其他;❤️跟随民法典普法大使杨紫，一同走近民法典，提高法律意识，做知法懂法守法好公民！#民法典普法大使杨紫#;2023-04-09 13:10:15;0;0.0128986165677886;0;0
Andy旎奥1106;湖北;0;0;110;126;杨紫超话民法典普法大使杨紫跟着杨紫学习普法请看案例公公生前有一处房产，拆迁时公公去世，以大伯哥名义签署了房屋安置协议，房屋还未建设，大伯哥又去世，请问此时安置房到底属于谁的遗产？北京拆迁退出历史舞台今日说法的微博视频;杨紫超话#民法典普法大使杨紫##北京拆迁退出历史舞台#CCTV今日说法的微博视频;817;珠珠-Amy;陕西;中华民族传统美德，倡导“格物、致知、诚意、正心、修身、齐家、治国、平天下”的实现人生理想的步骤和模式。这种为人处世的基本道德观念，是人类进行物质生产活动和自身生存发展的基本要求，也是人们共同生活的起码的行为准则。;2023-04-09 13:06:35;0;0.0128986165677886;0;0
Andy旎奥1106;湖北;0;0;110;126;杨紫超话民法典普法大使杨紫跟着杨紫学习普法请看案例公公生前有一处房产，拆迁时公公去世，以大伯哥名义签署了房屋安置协议，房屋还未建设，大伯哥又去世，请问此时安置房到底属于谁的遗产？北京拆迁退出历史舞台今日说法的微博视频;杨紫超话#民法典普法大使杨紫##北京拆迁退出历史舞台#CCTV今日说法的微博视频;2951;柒苒榆菘奥_;其他;跟随民法典普法大使杨紫，一同走近民法典，提高法律意识，做知法懂法守法好公民！#民法典普法大使杨紫#[给力];2023-04-09 12:24:38;0;0.0128986165677886;0;0
Andy旎奥1106;湖北;0;0;110;126;杨紫超话民法典普法大使杨紫跟着杨紫学习普法请看案例公公生前有一处房产，拆迁时公公去世，以大伯哥名义签署了房屋安置协议，房屋还未建设，大伯哥又去世，请问此时安置房到底属于谁的遗产？北京拆迁退出历史舞台今日说法的微博视频;杨紫超话#民法典普法大使杨紫##北京拆迁退出历史舞台#CCTV今日说法的微博视频;1962;21紫因有你小猴子02;江西;民法典，意义大，整合体系规范化；维权益，要靠它，民事法治理性化。感谢人民法院新闻传媒总社的邀请，让我们与民法典普法大使@杨紫  一起通过民法典普法系列视频走近民法典，做知法守法好公民！#杨紫谈未成年人打赏主播现象#;2023-04-09 12:13:10;0;0.0128986165677886;0;0
Andy旎奥1106;湖北;0;0;110;126;杨紫超话民法典普法大使杨紫跟着杨紫学习普法请看案例公公生前有一处房产，拆迁时公公去世，以大伯哥名义签署了房屋安置协议，房屋还未建设，大伯哥又去世，请问此时安置房到底属于谁的遗产？北京拆迁退出历史舞台今日说法的微博视频;杨紫超话#民法典普法大使杨紫##北京拆迁退出历史舞台#CCTV今日说法的微博视频;545;要一直玖玖爱;广东;[给力]#民法典普法大使杨紫#;2023-04-09 12:06:53;1;0.0128986165677886;0;0
Andy旎奥1106;湖北;0;0;110;126;杨紫超话民法典普法大使杨紫跟着杨紫学习普法请看案例公公生前有一处房产，拆迁时公公去世，以大伯哥名义签署了房屋安置协议，房屋还未建设，大伯哥又去世，请问此时安置房到底属于谁的遗产？北京拆迁退出历史舞台今日说法的微博视频;杨紫超话#民法典普法大使杨紫##北京拆迁退出历史舞台#CCTV今日说法的微博视频;672;愛心糖夹心;重庆;和杨紫一同走近民法典，提高法律意识，做知法懂法守法好公民！#民法典普法大使杨紫#;2023-04-09 11:56:26;0;0.0128986165677886;0;0
Andy旎奥1106;湖北;0;0;110;126;杨紫超话民法典普法大使杨紫跟着杨紫学习普法请看案例公公生前有一处房产，拆迁时公公去世，以大伯哥名义签署了房屋安置协议，房屋还未建设，大伯哥又去世，请问此时安置房到底属于谁的遗产？北京拆迁退出历史舞台今日说法的微博视频;杨紫超话#民法典普法大使杨紫##北京拆迁退出历史舞台#CCTV今日说法的微博视频;19479;21紫因有你小猴子;江西;民法典，意义大，整合体系规范化；维权益，要靠它，民事法治理性化。感谢人民法院新闻传媒总社的邀请，让我们与民法典普法大使@杨紫  一起通过民法典普法系列视频走近民法典，做知法守法好公民！#杨紫谈未成年人打赏主播现象#;2023-04-09 11:51:10;0;0.0128986165677886;0;0
Andy旎奥1106;湖北;0;0;110;126;杨紫超话民法典普法大使杨紫跟着杨紫学习普法请看案例公公生前有一处房产，拆迁时公公去世，以大伯哥名义签署了房屋安置协议，房屋还未建设，大伯哥又去世，请问此时安置房到底属于谁的遗产？北京拆迁退出历史舞台今日说法的微博视频;杨紫超话#民法典普法大使杨紫##北京拆迁退出历史舞台#CCTV今日说法的微博视频;1281;追旎的星光;河南;心中常有法，才能不犯法。懂法知法执法，利我利你利他。跟着#民法典普法大使杨紫#学法普法！;2023-04-09 11:32:31;0;0.0128986165677886;0;0
Andy旎奥1106;湖北;0;0;110;126;杨紫超话民法典普法大使杨紫跟着杨紫学习普法请看案例公公生前有一处房产，拆迁时公公去世，以大伯哥名义签署了房屋安置协议，房屋还未建设，大伯哥又去世，请问此时安置房到底属于谁的遗产？北京拆迁退出历史舞台今日说法的微博视频;杨紫超话#民法典普法大使杨紫##北京拆迁退出历史舞台#CCTV今日说法的微博视频;12316;聆舒愿桉紫ln;河北;和杨紫一同走近民法典，提高法律意识，做知法懂法守法好公民！#民法典普法大使杨紫#;2023-04-09 11:12:17;0;0.0128986165677886;0;0
Andy旎奥1106;湖北;0;0;110;126;杨紫超话民法典普法大使杨紫跟着杨紫学习普法请看案例公公生前有一处房产，拆迁时公公去世，以大伯哥名义签署了房屋安置协议，房屋还未建设，大伯哥又去世，请问此时安置房到底属于谁的遗产？北京拆迁退出历史舞台今日说法的微博视频;杨紫超话#民法典普法大使杨紫##北京拆迁退出历史舞台#CCTV今日说法的微博视频;1453;偏偏love旎;安徽;做人要诚信，做事要守法。跟着#民法典普法大使杨紫#学法普法！ [鲜花][心];2023-04-09 10:59:59;0;0.0128986165677886;0;0
Andy旎奥1106;湖北;0;0;110;126;杨紫超话民法典普法大使杨紫跟着杨紫学习普法请看案例公公生前有一处房产，拆迁时公公去世，以大伯哥名义签署了房屋安置协议，房屋还未建设，大伯哥又去世，请问此时安置房到底属于谁的遗产？北京拆迁退出历史舞台今日说法的微博视频;杨紫超话#民法典普法大使杨紫##北京拆迁退出历史舞台#CCTV今日说法的微博视频;17079;沐00653;辽宁;[给力]和杨紫一起学法;2023-04-09 10:28:58;1;0.0128986165677886;0;0
Andy旎奥1106;湖北;0;0;110;126;杨紫超话民法典普法大使杨紫跟着杨紫学习普法请看案例公公生前有一处房产，拆迁时公公去世，以大伯哥名义签署了房屋安置协议，房屋还未建设，大伯哥又去世，请问此时安置房到底属于谁的遗产？北京拆迁退出历史舞台今日说法的微博视频;杨紫超话#民法典普法大使杨紫##北京拆迁退出历史舞台#CCTV今日说法的微博视频;969;AndyYang的怼怼;河北;❤️跟随民法典普法大使杨紫，一同走近民法典，提高法律意识，做知法懂法守法好公民！#民法典普法大使杨紫#;2023-04-09 09:41:17;0;0.0128986165677886;0;0
Andy旎奥1106;湖北;0;0;110;126;杨紫超话民法典普法大使杨紫跟着杨紫学习普法请看案例公公生前有一处房产，拆迁时公公去世，以大伯哥名义签署了房屋安置协议，房屋还未建设，大伯哥又去世，请问此时安置房到底属于谁的遗产？北京拆迁退出历史舞台今日说法的微博视频;杨紫超话#民法典普法大使杨紫##北京拆迁退出历史舞台#CCTV今日说法的微博视频;13439;紫薯好运;广东;学法明权利，懂法尽义务。跟着#民法典普法大使杨紫#学法普法！;2023-04-09 09:24:01;0;0.0128986165677886;0;0
Andy旎奥1106;湖北;0;0;110;126;杨紫超话民法典普法大使杨紫跟着杨紫学习普法请看案例公公生前有一处房产，拆迁时公公去世，以大伯哥名义签署了房屋安置协议，房屋还未建设，大伯哥又去世，请问此时安置房到底属于谁的遗产？北京拆迁退出历史舞台今日说法的微博视频;杨紫超话#民法典普法大使杨紫##北京拆迁退出历史舞台#CCTV今日说法的微博视频;11589;晨love紫;其他;和杨紫一同走近民法典，提高法律意识，做知法懂法守法好公民！#民法典普法大使杨紫#;2023-04-09 08:31:19;0;0.0128986165677886;0;0
Andy旎奥1106;湖北;0;0;110;126;杨紫超话民法典普法大使杨紫跟着杨紫学习普法请看案例公公生前有一处房产，拆迁时公公去世，以大伯哥名义签署了房屋安置协议，房屋还未建设，大伯哥又去世，请问此时安置房到底属于谁的遗产？北京拆迁退出历史舞台今日说法的微博视频;杨紫超话#民法典普法大使杨紫##北京拆迁退出历史舞台#CCTV今日说法的微博视频;875;只为遇见_旎;其他;学好民法典，做知法懂法守法好公民。#民法典普法大使杨紫#;2023-04-09 08:12:52;0;0.0128986165677886;0;0
Andy旎奥1106;湖北;0;0;110;126;杨紫超话民法典普法大使杨紫跟着杨紫学习普法请看案例公公生前有一处房产，拆迁时公公去世，以大伯哥名义签署了房屋安置协议，房屋还未建设，大伯哥又去世，请问此时安置房到底属于谁的遗产？北京拆迁退出历史舞台今日说法的微博视频;杨紫超话#民法典普法大使杨紫##北京拆迁退出历史舞台#CCTV今日说法的微博视频;2486;wuli_杨杨啊;安徽;心中有法，畅行天下。跟着#民法典普法大使杨紫#学法普法！;2023-04-09 08:00:58;0;0.0128986165677886;0;0
Andy旎奥1106;湖北;0;0;110;126;杨紫超话民法典普法大使杨紫跟着杨紫学习普法请看案例公公生前有一处房产，拆迁时公公去世，以大伯哥名义签署了房屋安置协议，房屋还未建设，大伯哥又去世，请问此时安置房到底属于谁的遗产？北京拆迁退出历史舞台今日说法的微博视频;杨紫超话#民法典普法大使杨紫##北京拆迁退出历史舞台#CCTV今日说法的微博视频;13072;调皮Lucy;其他;树怕不发芽，人怕不懂法。跟着#民法典普法大使杨紫#学法普法！;2023-04-09 07:50:43;0;0.0128986165677886;0;0
Andy旎奥1106;湖北;0;0;110;126;杨紫超话民法典普法大使杨紫跟着杨紫学习普法请看案例公公生前有一处房产，拆迁时公公去世，以大伯哥名义签署了房屋安置协议，房屋还未建设，大伯哥又去世，请问此时安置房到底属于谁的遗产？北京拆迁退出历史舞台今日说法的微博视频;杨紫超话#民法典普法大使杨紫##北京拆迁退出历史舞台#CCTV今日说法的微博视频;1379;六哥好帅;其他;学好民法典，做知法懂法守法好公民。#民法典普法大使杨紫# [给力];2023-04-09 07:49:05;0;0.0128986165677886;0;0
Andy旎奥1106;湖北;0;0;110;126;杨紫超话民法典普法大使杨紫跟着杨紫学习普法请看案例公公生前有一处房产，拆迁时公公去世，以大伯哥名义签署了房屋安置协议，房屋还未建设，大伯哥又去世，请问此时安置房到底属于谁的遗产？北京拆迁退出历史舞台今日说法的微博视频;杨紫超话#民法典普法大使杨紫##北京拆迁退出历史舞台#CCTV今日说法的微博视频;2354;AndyYang的年画;湖北;思念像漫天星星，细碎却照亮整个天空，恰好等待是灯火阑珊，暮然回首是你。;2023-04-09 06:28:50;0;0.0128986165677886;0;0
Andy旎奥1106;湖北;0;0;110;126;杨紫超话民法典普法大使杨紫跟着杨紫学习普法请看案例公公生前有一处房产，拆迁时公公去世，以大伯哥名义签署了房屋安置协议，房屋还未建设，大伯哥又去世，请问此时安置房到底属于谁的遗产？北京拆迁退出历史舞台今日说法的微博视频;杨紫超话#民法典普法大使杨紫##北京拆迁退出历史舞台#CCTV今日说法的微博视频;1499;瑾沐流年19;广西;法是双刃剑，惩恶又扬善，跟着#民法典普法大使杨紫#一起学法普法！;2023-04-09 06:28:26;0;0.0128986165677886;0;0
Andy旎奥1106;湖北;0;0;110;126;杨紫超话民法典普法大使杨紫跟着杨紫学习普法请看案例公公生前有一处房产，拆迁时公公去世，以大伯哥名义签署了房屋安置协议，房屋还未建设，大伯哥又去世，请问此时安置房到底属于谁的遗产？北京拆迁退出历史舞台今日说法的微博视频;杨紫超话#民法典普法大使杨紫##北京拆迁退出历史舞台#CCTV今日说法的微博视频;2146;黑夜陪木偶;其他;gyr[给力][给力][给力]想和你一起在晚风里，说些可爱的废话数星星，直到月亮也悄悄凑过来听。[心];2023-04-09 00:58:11;0;0.0128986165677886;0;0
Andy旎奥1106;湖北;0;0;110;126;杨紫超话民法典普法大使杨紫跟着杨紫学习普法请看案例公公生前有一处房产，拆迁时公公去世，以大伯哥名义签署了房屋安置协议，房屋还未建设，大伯哥又去世，请问此时安置房到底属于谁的遗产？北京拆迁退出历史舞台今日说法的微博视频;杨紫超话#民法典普法大使杨紫##北京拆迁退出历史舞台#CCTV今日说法的微博视频;1211;榕紫奥;甘肃;一起普法学法守法;2023-04-09 00:56:18;1;0.0128986165677886;0;0
Andy旎奥1106;湖北;0;0;110;126;杨紫超话民法典普法大使杨紫跟着杨紫学习普法请看案例公公生前有一处房产，拆迁时公公去世，以大伯哥名义签署了房屋安置协议，房屋还未建设，大伯哥又去世，请问此时安置房到底属于谁的遗产？北京拆迁退出历史舞台今日说法的微博视频;杨紫超话#民法典普法大使杨紫##北京拆迁退出历史舞台#CCTV今日说法的微博视频;2287;爱哭的娃娃脸_;其他;[给力][给力][给力]想和你一起在晚风里，说些可爱的废话数星星，直到月亮也悄悄凑过来听。[心];2023-04-09 00:51:45;0;0.0128986165677886;0;0
Andy旎奥1106;湖北;0;0;110;126;杨紫超话民法典普法大使杨紫跟着杨紫学习普法请看案例公公生前有一处房产，拆迁时公公去世，以大伯哥名义签署了房屋安置协议，房屋还未建设，大伯哥又去世，请问此时安置房到底属于谁的遗产？北京拆迁退出历史舞台今日说法的微博视频;杨紫超话#民法典普法大使杨紫##北京拆迁退出历史舞台#CCTV今日说法的微博视频;577;1106号的小行星;河南;你学法，我学法，权益保障有办法；挣金山，赚银山，法治社会作靠山。跟着#民法典普法大使杨紫#学法普法！;2023-04-09 00:14:48;0;0.0128986165677886;0;0
Andy旎奥1106;湖北;0;0;110;126;杨紫超话民法典普法大使杨紫跟着杨紫学习普法请看案例公公生前有一处房产，拆迁时公公去世，以大伯哥名义签署了房屋安置协议，房屋还未建设，大伯哥又去世，请问此时安置房到底属于谁的遗产？北京拆迁退出历史舞台今日说法的微博视频;杨紫超话#民法典普法大使杨紫##北京拆迁退出历史舞台#CCTV今日说法的微博视频;1059;lynaf1106;湖北;[给力]我们对自己做出的每一件事，说出的每一句话，都应该有足够的理由让我们自身的心灵感到快乐和幸福。坎坷路途，给身边一份温暖；风雨人生，给自己一个微笑。生活，就是把快乐装在心中，一路向前。[给力];2023-04-08 23:58:57;1;0.0128986165677886;0;0
Andy旎奥1106;湖北;0;0;110;126;杨紫超话民法典普法大使杨紫跟着杨紫学习普法请看案例公公生前有一处房产，拆迁时公公去世，以大伯哥名义签署了房屋安置协议，房屋还未建设，大伯哥又去世，请问此时安置房到底属于谁的遗产？北京拆迁退出历史舞台今日说法的微博视频;杨紫超话#民法典普法大使杨紫##北京拆迁退出历史舞台#CCTV今日说法的微博视频;1071;--紫因有旎;其他;[给力]🍄愿灿烂的阳光，青春的活力，秀美的容貌，舒心的微笑永远属于你;2023-04-08 23:58:04;0;0.0128986165677886;0;0
Andy旎奥1106;湖北;0;0;110;126;杨紫超话民法典普法大使杨紫跟着杨紫学习普法请看案例公公生前有一处房产，拆迁时公公去世，以大伯哥名义签署了房屋安置协议，房屋还未建设，大伯哥又去世，请问此时安置房到底属于谁的遗产？北京拆迁退出历史舞台今日说法的微博视频;杨紫超话#民法典普法大使杨紫##北京拆迁退出历史舞台#CCTV今日说法的微博视频;1002;--紫因是旎;其他;[给力]🍄这世间青山灼灼星光杳杳 春风翩翩晚风渐渐 也抵不过你眉目间的星辰点点。;2023-04-08 23:54:28;0;0.0128986165677886;0;0
Andy旎奥1106;湖北;0;0;110;126;杨紫超话民法典普法大使杨紫跟着杨紫学习普法请看案例公公生前有一处房产，拆迁时公公去世，以大伯哥名义签署了房屋安置协议，房屋还未建设，大伯哥又去世，请问此时安置房到底属于谁的遗产？北京拆迁退出历史舞台今日说法的微博视频;杨紫超话#民法典普法大使杨紫##北京拆迁退出历史舞台#CCTV今日说法的微博视频;13205;紫式唯光;江西;学法辨是非，知法明荣辱，守法正社风，用法止纷争。跟着#民法典普法大使杨紫#学法普法！;2023-04-08 23:53:30;0;0.0128986165677886;0;0
Andy旎奥1106;湖北;0;0;110;126;杨紫超话民法典普法大使杨紫跟着杨紫学习普法请看案例公公生前有一处房产，拆迁时公公去世，以大伯哥名义签署了房屋安置协议，房屋还未建设，大伯哥又去世，请问此时安置房到底属于谁的遗产？北京拆迁退出历史舞台今日说法的微博视频;杨紫超话#民法典普法大使杨紫##北京拆迁退出历史舞台#CCTV今日说法的微博视频;1848;--有旎我在;其他;[给力]🍄愿灿烂的阳光，青春的活力，秀美的容貌，舒心的微笑永远属于;2023-04-08 23:51:36;0;0.0128986165677886;0;0
Andy旎奥1106;湖北;0;0;110;126;杨紫超话民法典普法大使杨紫跟着杨紫学习普法请看案例公公生前有一处房产，拆迁时公公去世，以大伯哥名义签署了房屋安置协议，房屋还未建设，大伯哥又去世，请问此时安置房到底属于谁的遗产？北京拆迁退出历史舞台今日说法的微博视频;杨紫超话#民法典普法大使杨紫##北京拆迁退出历史舞台#CCTV今日说法的微博视频;904;迎风向阳166;湖南;每日学“典”，提高法律素养，增强法律意识，了解更多法律知识，与#民法典普法大使杨紫# 一起参与民法典普法宣传活动。 [给力];2023-04-08 23:48:59;0;0.0128986165677886;0;0
Andy旎奥1106;湖北;0;0;110;126;杨紫超话民法典普法大使杨紫跟着杨紫学习普法请看案例公公生前有一处房产，拆迁时公公去世，以大伯哥名义签署了房屋安置协议，房屋还未建设，大伯哥又去世，请问此时安置房到底属于谁的遗产？北京拆迁退出历史舞台今日说法的微博视频;杨紫超话#民法典普法大使杨紫##北京拆迁退出历史舞台#CCTV今日说法的微博视频;1104;--为旎而来;北京;[给力]🍄这世间青山灼灼星光杳杳 春风翩翩晚风渐渐 也抵不过你眉目间的星辰点点。;2023-04-08 23:47:37;0;0.0128986165677886;0;0
Andy旎奥1106;湖北;0;0;110;126;杨紫超话民法典普法大使杨紫跟着杨紫学习普法请看案例公公生前有一处房产，拆迁时公公去世，以大伯哥名义签署了房屋安置协议，房屋还未建设，大伯哥又去世，请问此时安置房到底属于谁的遗产？北京拆迁退出历史舞台今日说法的微博视频;杨紫超话#民法典普法大使杨紫##北京拆迁退出历史舞台#CCTV今日说法的微博视频;818;--名杨天下;其他;[给力]🍄最美的风景不在远方，而在心上；有一种相遇不是在路上，而是在心里。;2023-04-08 23:44:15;0;0.0128986165677886;0;0
Andy旎奥1106;湖北;0;0;110;126;杨紫超话民法典普法大使杨紫跟着杨紫学习普法请看案例公公生前有一处房产，拆迁时公公去世，以大伯哥名义签署了房屋安置协议，房屋还未建设，大伯哥又去世，请问此时安置房到底属于谁的遗产？北京拆迁退出历史舞台今日说法的微博视频;杨紫超话#民法典普法大使杨紫##北京拆迁退出历史舞台#CCTV今日说法的微博视频;11338;敏庭愛小猴紫;香港;懂法，遇事不再盲從；知法，是非終究可辨；用法，公平永遠存在；宣傳法，和諧社會與你同行。跟著#民法典普法大使楊紫#學法普法！[給力];2023-04-08 23:43:01;0;0.0128986165677886;0;0
Andy旎奥1106;湖北;0;0;110;126;杨紫超话民法典普法大使杨紫跟着杨紫学习普法请看案例公公生前有一处房产，拆迁时公公去世，以大伯哥名义签署了房屋安置协议，房屋还未建设，大伯哥又去世，请问此时安置房到底属于谁的遗产？北京拆迁退出历史舞台今日说法的微博视频;杨紫超话#民法典普法大使杨紫##北京拆迁退出历史舞台#CCTV今日说法的微博视频;4463;--迷儿;其他;[给力]🍄愿灿烂的阳光，青春的活力，秀美的容貌，舒心的微笑永远属于你;2023-04-08 23:39:30;0;0.0128986165677886;0;0
Andy旎奥1106;湖北;0;0;110;126;杨紫超话民法典普法大使杨紫跟着杨紫学习普法请看案例公公生前有一处房产，拆迁时公公去世，以大伯哥名义签署了房屋安置协议，房屋还未建设，大伯哥又去世，请问此时安置房到底属于谁的遗产？北京拆迁退出历史舞台今日说法的微博视频;杨紫超话#民法典普法大使杨紫##北京拆迁退出历史舞台#CCTV今日说法的微博视频;11656;紫延降;其他;春夏秋冬，法在心中。跟着#民法典普法大使杨紫#学法普法！;2023-04-08 23:05:46;0;0.0128986165677886;0;0
Andy旎奥1106;湖北;0;0;110;126;杨紫超话民法典普法大使杨紫跟着杨紫学习普法请看案例公公生前有一处房产，拆迁时公公去世，以大伯哥名义签署了房屋安置协议，房屋还未建设，大伯哥又去世，请问此时安置房到底属于谁的遗产？北京拆迁退出历史舞台今日说法的微博视频;杨紫超话#民法典普法大使杨紫##北京拆迁退出历史舞台#CCTV今日说法的微博视频;11454;二月的甘蓝;内蒙古;[给力]跟着#民法典普法大使杨紫#一起知法普法守法，每天学一点法律小知识;2023-04-08 22:53:16;0;0.0128986165677886;0;0
Andy旎奥1106;湖北;0;0;110;126;杨紫超话民法典普法大使杨紫跟着杨紫学习普法请看案例公公生前有一处房产，拆迁时公公去世，以大伯哥名义签署了房屋安置协议，房屋还未建设，大伯哥又去世，请问此时安置房到底属于谁的遗产？北京拆迁退出历史舞台今日说法的微博视频;杨紫超话#民法典普法大使杨紫##北京拆迁退出历史舞台#CCTV今日说法的微博视频;874;红加蓝的小宝贝;其他;心有山海，静而无边;2023-04-08 22:47:38;0;0.0128986165677886;0;0
Andy旎奥1106;湖北;0;0;110;126;杨紫超话民法典普法大使杨紫跟着杨紫学习普法请看案例公公生前有一处房产，拆迁时公公去世，以大伯哥名义签署了房屋安置协议，房屋还未建设，大伯哥又去世，请问此时安置房到底属于谁的遗产？北京拆迁退出历史舞台今日说法的微博视频;杨紫超话#民法典普法大使杨紫##北京拆迁退出历史舞台#CCTV今日说法的微博视频;11347;专专紫爱你奥;黑龙江;普就是人人皆知，法就是人人遵守。跟着#民法典普法大使杨紫#学法普法！;2023-04-08 22:40:37;0;0.0128986165677886;0;0
Andy旎奥1106;湖北;0;0;110;126;杨紫超话民法典普法大使杨紫跟着杨紫学习普法请看案例公公生前有一处房产，拆迁时公公去世，以大伯哥名义签署了房屋安置协议，房屋还未建设，大伯哥又去世，请问此时安置房到底属于谁的遗产？北京拆迁退出历史舞台今日说法的微博视频;杨紫超话#民法典普法大使杨紫##北京拆迁退出历史舞台#CCTV今日说法的微博视频;13678;水晶瓶shui;陕西;[给力]跟着#民法典普法大使杨紫#一起知法普法守法，每天学一点法律小知识;2023-04-08 22:32:26;0;0.0128986165677886;0;0
Andy旎奥1106;湖北;0;0;110;126;杨紫超话民法典普法大使杨紫跟着杨紫学习普法请看案例公公生前有一处房产，拆迁时公公去世，以大伯哥名义签署了房屋安置协议，房屋还未建设，大伯哥又去世，请问此时安置房到底属于谁的遗产？北京拆迁退出历史舞台今日说法的微博视频;杨紫超话#民法典普法大使杨紫##北京拆迁退出历史舞台#CCTV今日说法的微博视频;1066;紫的剧迷;湖北;学法辨是非，知法明荣辱，守法正社风，用法止纷争。跟着#民法典普法大使杨紫#学法普法！;2023-04-08 22:21:42;0;0.0128986165677886;0;0
Andy旎奥1106;湖北;0;0;110;126;杨紫超话民法典普法大使杨紫跟着杨紫学习普法请看案例公公生前有一处房产，拆迁时公公去世，以大伯哥名义签署了房屋安置协议，房屋还未建设，大伯哥又去世，请问此时安置房到底属于谁的遗产？北京拆迁退出历史舞台今日说法的微博视频;杨紫超话#民法典普法大使杨紫##北京拆迁退出历史舞台#CCTV今日说法的微博视频;1411;平淡无奇一株草;其他;[给力]跟随民法典普法大使杨紫，一同走近民法典，提高法律意识，做知法懂法守法好公民！#民法典普法大使杨紫#;2023-04-08 22:13:34;1;0.0128986165677886;0;0
Andy旎奥1106;湖北;0;0;110;126;杨紫超话民法典普法大使杨紫跟着杨紫学习普法请看案例公公生前有一处房产，拆迁时公公去世，以大伯哥名义签署了房屋安置协议，房屋还未建设，大伯哥又去世，请问此时安置房到底属于谁的遗产？北京拆迁退出历史舞台今日说法的微博视频;杨紫超话#民法典普法大使杨紫##北京拆迁退出历史舞台#CCTV今日说法的微博视频;24671;秋天的菠菜紫;内蒙古;每日学“典”，提高法律素养，增强法律意识，了解更多法律知识，与#民法典普法大使杨紫# 一起参与民法典普法宣传活动。 [给力];2023-04-08 22:07:29;0;0.0128986165677886;0;0
Andy旎奥1106;湖北;0;0;110;126;杨紫超话民法典普法大使杨紫跟着杨紫学习普法请看案例公公生前有一处房产，拆迁时公公去世，以大伯哥名义签署了房屋安置协议，房屋还未建设，大伯哥又去世，请问此时安置房到底属于谁的遗产？北京拆迁退出历史舞台今日说法的微博视频;杨紫超话#民法典普法大使杨紫##北京拆迁退出历史舞台#CCTV今日说法的微博视频;1883;云淡风轻度此生;其他;[给力]跟随民法典普法大使杨紫，一同走近民法典，提高法律意识，做知法懂法守法好公民！#民法典普法大使杨紫#;2023-04-08 22:02:00;1;0.0128986165677886;0;0
Andy旎奥1106;湖北;0;0;110;126;杨紫超话民法典普法大使杨紫跟着杨紫学习普法请看案例公公生前有一处房产，拆迁时公公去世，以大伯哥名义签署了房屋安置协议，房屋还未建设，大伯哥又去世，请问此时安置房到底属于谁的遗产？北京拆迁退出历史舞台今日说法的微博视频;杨紫超话#民法典普法大使杨紫##北京拆迁退出历史舞台#CCTV今日说法的微博视频;10722;紫Y小可爱;浙江;[给力]跟着#民法典普法大使杨紫#一起知法普法守法，每天学一点法律小知识;2023-04-08 21:56:42;0;0.0128986165677886;0;0
Andy旎奥1106;湖北;0;0;110;126;杨紫超话民法典普法大使杨紫跟着杨紫学习普法请看案例公公生前有一处房产，拆迁时公公去世，以大伯哥名义签署了房屋安置协议，房屋还未建设，大伯哥又去世，请问此时安置房到底属于谁的遗产？北京拆迁退出历史舞台今日说法的微博视频;杨紫超话#民法典普法大使杨紫##北京拆迁退出历史舞台#CCTV今日说法的微博视频;12377;白漂亮的向日葵;重庆;风声、雨声、欢乐声，遵纪守法是心声；家事、国事、天下事，普及法律是大事。跟着#民法典普法大使杨紫#学法普法！;2023-04-08 21:53:43;2;0.0128986165677886;0;0
Andy旎奥1106;湖北;0;0;110;126;杨紫超话民法典普法大使杨紫跟着杨紫学习普法请看案例公公生前有一处房产，拆迁时公公去世，以大伯哥名义签署了房屋安置协议，房屋还未建设，大伯哥又去世，请问此时安置房到底属于谁的遗产？北京拆迁退出历史舞台今日说法的微博视频;杨紫超话#民法典普法大使杨紫##北京拆迁退出历史舞台#CCTV今日说法的微博视频;1838;Emily6128;海外;学好民法典，做知法懂法守法好公民。#民法典普法大使杨紫#[给力];2023-04-08 21:52:37;0;0.0128986165677886;0;0
Andy旎奥1106;湖北;0;0;110;126;杨紫超话民法典普法大使杨紫跟着杨紫学习普法请看案例公公生前有一处房产，拆迁时公公去世，以大伯哥名义签署了房屋安置协议，房屋还未建设，大伯哥又去世，请问此时安置房到底属于谁的遗产？北京拆迁退出历史舞台今日说法的微博视频;杨紫超话#民法典普法大使杨紫##北京拆迁退出历史舞台#CCTV今日说法的微博视频;11207;苡鹿上有旎;陕西;向前迈进，成为连自己也会爱上的人;2023-04-08 21:51:05;0;0.0128986165677886;0;0
Andy旎奥1106;湖北;0;0;110;126;杨紫超话民法典普法大使杨紫跟着杨紫学习普法请看案例公公生前有一处房产，拆迁时公公去世，以大伯哥名义签署了房屋安置协议，房屋还未建设，大伯哥又去世，请问此时安置房到底属于谁的遗产？北京拆迁退出历史舞台今日说法的微博视频;杨紫超话#民法典普法大使杨紫##北京拆迁退出历史舞台#CCTV今日说法的微博视频;2435;静静下来想想;四川;[给力]跟随民法典普法大使杨紫，一同走近民法典，提高法律意识，做知法懂法守法好公民！#民法典普法大使杨紫#;2023-04-08 21:50:52;1;0.0128986165677886;0;0
Andy旎奥1106;湖北;0;0;110;126;杨紫超话民法典普法大使杨紫跟着杨紫学习普法请看案例公公生前有一处房产，拆迁时公公去世，以大伯哥名义签署了房屋安置协议，房屋还未建设，大伯哥又去世，请问此时安置房到底属于谁的遗产？北京拆迁退出历史舞台今日说法的微博视频;杨紫超话#民法典普法大使杨紫##北京拆迁退出历史舞台#CCTV今日说法的微博视频;10096;年年的小葡萄;河北;🎙️跟随民法典普法大使杨紫，一同走近民法典，提高法律意识，做知法懂法守法好公民！#民法典普法大使杨紫#;2023-04-08 21:48:41;0;0.0128986165677886;0;0
蒙蒙紫1106;湖北;0;0;108;131;杨紫超话民法典普法大使杨紫跟着杨紫学习普法请看案例公公生前有一处房产，拆迁时公公去世，以大伯哥名义签署了房屋安置协议，房屋还未建设，大伯哥又去世，请问此时安置房到底属于谁的遗产？北京拆迁退出历史舞台今日说法的微博视频;杨紫超话#民法典普法大使杨紫##北京拆迁退出历史舞台#CCTV今日说法的微博视频;685;蒙蒙紫1106;其他;❤️跟随民法典普法大使杨紫，一同走近民法典，提高法律意识，做知法懂法守法好公民！#民法典普法大使杨紫#;2023-04-08 17:25:55;32;0.0128986165677886;0;0
蒙蒙紫1106;湖北;0;0;108;131;杨紫超话民法典普法大使杨紫跟着杨紫学习普法请看案例公公生前有一处房产，拆迁时公公去世，以大伯哥名义签署了房屋安置协议，房屋还未建设，大伯哥又去世，请问此时安置房到底属于谁的遗产？北京拆迁退出历史舞台今日说法的微博视频;杨紫超话#民法典普法大使杨紫##北京拆迁退出历史舞台#CCTV今日说法的微博视频;12499;你挡着我发彪了;辽宁;🎙️跟随民法典普法大使杨紫，一同走近民法典，提高法律意识，做知法懂法守法好公民！#民法典普法大使杨紫#;2023-04-08 22:22:02;8;0.0128986165677886;0;0
蒙蒙紫1106;湖北;0;0;108;131;杨紫超话民法典普法大使杨紫跟着杨紫学习普法请看案例公公生前有一处房产，拆迁时公公去世，以大伯哥名义签署了房屋安置协议，房屋还未建设，大伯哥又去世，请问此时安置房到底属于谁的遗产？北京拆迁退出历史舞台今日说法的微博视频;杨紫超话#民法典普法大使杨紫##北京拆迁退出历史舞台#CCTV今日说法的微博视频;54710;唯爱奥奥的洋洋;河南;人人学法用法，个个懂法护法。跟着#民法典普法大使杨紫#学法普法！;2023-04-08 23:31:18;4;0.0128986165677886;0;0
蒙蒙紫1106;湖北;0;0;108;131;杨紫超话民法典普法大使杨紫跟着杨紫学习普法请看案例公公生前有一处房产，拆迁时公公去世，以大伯哥名义签署了房屋安置协议，房屋还未建设，大伯哥又去世，请问此时安置房到底属于谁的遗产？北京拆迁退出历史舞台今日说法的微博视频;杨紫超话#民法典普法大使杨紫##北京拆迁退出历史舞台#CCTV今日说法的微博视频;15477;老妞蛮蛮;上海;[给力]每日学典，增强法律素养，提高法律意识，了解更多法律知识，与#民法典普法大使杨紫# 一起参与民法典普法宣传活动。;2023-04-09 15:01:57;2;0.0128986165677886;0;0
蒙蒙紫1106;湖北;0;0;108;131;杨紫超话民法典普法大使杨紫跟着杨紫学习普法请看案例公公生前有一处房产，拆迁时公公去世，以大伯哥名义签署了房屋安置协议，房屋还未建设，大伯哥又去世，请问此时安置房到底属于谁的遗产？北京拆迁退出历史舞台今日说法的微博视频;杨紫超话#民法典普法大使杨紫##北京拆迁退出历史舞台#CCTV今日说法的微博视频;11803;糖糖甜奥;其他;民法典，意义大，整合体系规范化；维权益，要靠它，民事法治理性化。让我们与民法典普法大使@杨紫  一起通过民法典普法系列视频走近民法典，做知法守法好公民！;2023-04-09 09:10:15;2;0.0128986165677886;0;0
蒙蒙紫1106;湖北;0;0;108;131;杨紫超话民法典普法大使杨紫跟着杨紫学习普法请看案例公公生前有一处房产，拆迁时公公去世，以大伯哥名义签署了房屋安置协议，房屋还未建设，大伯哥又去世，请问此时安置房到底属于谁的遗产？北京拆迁退出历史舞台今日说法的微博视频;杨紫超话#民法典普法大使杨紫##北京拆迁退出历史舞台#CCTV今日说法的微博视频;23845;wuli_奥宝啊;安徽;学法辨是非，知法明荣辱，守法正社风，用法止纷争。跟着#民法典普法大使杨紫#学法普法！;2023-04-09 06:32:10;2;0.0128986165677886;0;0
蒙蒙紫1106;湖北;0;0;108;131;杨紫超话民法典普法大使杨紫跟着杨紫学习普法请看案例公公生前有一处房产，拆迁时公公去世，以大伯哥名义签署了房屋安置协议，房屋还未建设，大伯哥又去世，请问此时安置房到底属于谁的遗产？北京拆迁退出历史舞台今日说法的微博视频;杨紫超话#民法典普法大使杨紫##北京拆迁退出历史舞台#CCTV今日说法的微博视频;11479;ABCD小米粒;山东;[给力]跟着#民法典普法大使杨紫#一起知法普法守法，每天学一点法律小知识;2023-04-09 00:37:01;2;0.0128986165677886;0;0
蒙蒙紫1106;湖北;0;0;108;131;杨紫超话民法典普法大使杨紫跟着杨紫学习普法请看案例公公生前有一处房产，拆迁时公公去世，以大伯哥名义签署了房屋安置协议，房屋还未建设，大伯哥又去世，请问此时安置房到底属于谁的遗产？北京拆迁退出历史舞台今日说法的微博视频;杨紫超话#民法典普法大使杨紫##北京拆迁退出历史舞台#CCTV今日说法的微博视频;16778;六哥我帮你洗碗;北京;🌈民法典普法大使提醒您，传播正能量，做知法遵法守法的公民！;2023-04-08 22:29:30;2;0.0128986165677886;0;0
"蒙蒙紫1106;湖北;0;0;108;131;杨紫超话民法典普法大使杨紫跟着杨紫学习普法请看案例公公生前有一处房产，拆迁时公公去世，以大伯哥名义签署了房屋安置协议，房屋还未建设，大伯哥又去世，请问此时安置房到底属于谁的遗产？北京拆迁退出历史舞台今日说法的微博视频;杨紫超话#民法典普法大使杨紫##北京拆迁退出历史舞台#CCTV今日说法的微博视频;12353;在意我在意喜欢我喜欢旎v;广东;""如果有梦想，就追求吧，如果有希望，就努力吧;如果有机会，就把握吧;如果有目标，就奋进吧;如果有道路，就坚持吧!如果有幸福，就珍惜吧! [给力]"";2023-04-08 22:22:12;2;0.0128986165677886;0;0"
蒙蒙紫1106;湖北;0;0;108;131;杨紫超话民法典普法大使杨紫跟着杨紫学习普法请看案例公公生前有一处房产，拆迁时公公去世，以大伯哥名义签署了房屋安置协议，房屋还未建设，大伯哥又去世，请问此时安置房到底属于谁的遗产？北京拆迁退出历史舞台今日说法的微博视频;杨紫超话#民法典普法大使杨紫##北京拆迁退出历史舞台#CCTV今日说法的微博视频;21217;隐形利剑;贵州;一个善良的人，就象一盏明灯，既照亮了周围的人，也温暖了自己，善良无须灌输和强迫，只会相互感染和传播。所以，做人不一定要顶天立地，轰轰烈烈，但一定要善良真诚 ​[给力];2023-04-09 13:20:41;2;0.0128986165677886;0;0
蒙蒙紫1106;湖北;0;0;108;131;杨紫超话民法典普法大使杨紫跟着杨紫学习普法请看案例公公生前有一处房产，拆迁时公公去世，以大伯哥名义签署了房屋安置协议，房屋还未建设，大伯哥又去世，请问此时安置房到底属于谁的遗产？北京拆迁退出历史舞台今日说法的微博视频;杨紫超话#民法典普法大使杨紫##北京拆迁退出历史舞台#CCTV今日说法的微博视频;12873;瀛瀛旎心;广东;今天是九宫格装不下的好看呀•͈˽•͈;2023-04-09 09:45:52;2;0.0128986165677886;0;0
蒙蒙紫1106;湖北;0;0;108;131;杨紫超话民法典普法大使杨紫跟着杨紫学习普法请看案例公公生前有一处房产，拆迁时公公去世，以大伯哥名义签署了房屋安置协议，房屋还未建设，大伯哥又去世，请问此时安置房到底属于谁的遗产？北京拆迁退出历史舞台今日说法的微博视频;杨紫超话#民法典普法大使杨紫##北京拆迁退出历史舞台#CCTV今日说法的微博视频;49693;唯旎1106;江苏;慈善是有同情心的人们之间的互助行为， 慈善是高尚人格的真实标记， 滴水穿坚石，爱心美天下， 礼发于诚，声发于心，行出于义。 [单身狗];2023-04-09 11:08:32;2;0.0128986165677886;0;0
蒙蒙紫1106;湖北;0;0;108;131;杨紫超话民法典普法大使杨紫跟着杨紫学习普法请看案例公公生前有一处房产，拆迁时公公去世，以大伯哥名义签署了房屋安置协议，房屋还未建设，大伯哥又去世，请问此时安置房到底属于谁的遗产？北京拆迁退出历史舞台今日说法的微博视频;杨紫超话#民法典普法大使杨紫##北京拆迁退出历史舞台#CCTV今日说法的微博视频;12398;一一67958;海南;[单身狗][玉兔捣药]🕊️善良是黑夜的月光，给夜行的人照亮前行的路；善良是寒冬的暖阳，给寒冷的人些许温暖的光；善良是酷暑的微风，给闷热的人一丝期待的凉。;2023-04-09 17:47:20;0;0.0128986165677886;0;0
蒙蒙紫1106;湖北;0;0;108;131;杨紫超话民法典普法大使杨紫跟着杨紫学习普法请看案例公公生前有一处房产，拆迁时公公去世，以大伯哥名义签署了房屋安置协议，房屋还未建设，大伯哥又去世，请问此时安置房到底属于谁的遗产？北京拆迁退出历史舞台今日说法的微博视频;杨紫超话#民法典普法大使杨紫##北京拆迁退出历史舞台#CCTV今日说法的微博视频;11712;旎的小迷糊;山东;每日学“典”，提高法律素养，增强法律意识，了解更多法律知识，与#民法典普法大使杨紫# 一起参与民法典普法宣传活动。 [给力];2023-04-09 16:01:18;0;0.0128986165677886;0;0
蒙蒙紫1106;湖北;0;0;108;131;杨紫超话民法典普法大使杨紫跟着杨紫学习普法请看案例公公生前有一处房产，拆迁时公公去世，以大伯哥名义签署了房屋安置协议，房屋还未建设，大伯哥又去世，请问此时安置房到底属于谁的遗产？北京拆迁退出历史舞台今日说法的微博视频;杨紫超话#民法典普法大使杨紫##北京拆迁退出历史舞台#CCTV今日说法的微博视频;1276;奥旎紫;其他;懂法，遇事不再盲从；知法，是非终究可辨；用法，公平永远存在；宣传法，和谐社会与你同行。跟着#民法典普法大使杨紫#学法普法！[奋斗];2023-04-09 21:16:03;0;0.0128986165677886;0;0
蒙蒙紫1106;湖北;0;0;108;131;杨紫超话民法典普法大使杨紫跟着杨紫学习普法请看案例公公生前有一处房产，拆迁时公公去世，以大伯哥名义签署了房屋安置协议，房屋还未建设，大伯哥又去世，请问此时安置房到底属于谁的遗产？北京拆迁退出历史舞台今日说法的微博视频;杨紫超话#民法典普法大使杨紫##北京拆迁退出历史舞台#CCTV今日说法的微博视频;736;从未被_记起;云南;学法辨是非，用法止纷争。跟着#民法典普法大使杨紫#学法普法！[尴尬];2023-04-09 21:07:24;0;0.0128986165677886;0;0
蒙蒙紫1106;湖北;0;0;108;131;杨紫超话民法典普法大使杨紫跟着杨紫学习普法请看案例公公生前有一处房产，拆迁时公公去世，以大伯哥名义签署了房屋安置协议，房屋还未建设，大伯哥又去世，请问此时安置房到底属于谁的遗产？北京拆迁退出历史舞台今日说法的微博视频;杨紫超话#民法典普法大使杨紫##北京拆迁退出历史舞台#CCTV今日说法的微博视频;989;幸福_半阳光;云南;和谐社会，普法先行。跟着#民法典普法大使杨紫#学法普法！[抱抱];2023-04-09 20:35:52;0;0.0128986165677886;0;0
蒙蒙紫1106;湖北;0;0;108;131;杨紫超话民法典普法大使杨紫跟着杨紫学习普法请看案例公公生前有一处房产，拆迁时公公去世，以大伯哥名义签署了房屋安置协议，房屋还未建设，大伯哥又去世，请问此时安置房到底属于谁的遗产？北京拆迁退出历史舞台今日说法的微博视频;杨紫超话#民法典普法大使杨紫##北京拆迁退出历史舞台#CCTV今日说法的微博视频;1082;回不去_时光;其他;法立于上，教弘于下，让我们和#民法典普法大使杨紫#一起增强法律素养，做新时代知法懂法守法的好公民。[抱一抱];2023-04-09 20:26:07;0;0.0128986165677886;0;0
蒙蒙紫1106;湖北;0;0;108;131;杨紫超话民法典普法大使杨紫跟着杨紫学习普法请看案例公公生前有一处房产，拆迁时公公去世，以大伯哥名义签署了房屋安置协议，房屋还未建设，大伯哥又去世，请问此时安置房到底属于谁的遗产？北京拆迁退出历史舞台今日说法的微博视频;杨紫超话#民法典普法大使杨紫##北京拆迁退出历史舞台#CCTV今日说法的微博视频;629;心系中华有所作为;河南;[给力]春为四时首，法居百业先。跟着#民法典普法大使杨紫#学法普法！[给力][给力][给力];2023-04-09 20:20:22;0;0.0128986165677886;0;0
蒙蒙紫1106;湖北;0;0;108;131;杨紫超话民法典普法大使杨紫跟着杨紫学习普法请看案例公公生前有一处房产，拆迁时公公去世，以大伯哥名义签署了房屋安置协议，房屋还未建设，大伯哥又去世，请问此时安置房到底属于谁的遗产？北京拆迁退出历史舞台今日说法的微博视频;杨紫超话#民法典普法大使杨紫##北京拆迁退出历史舞台#CCTV今日说法的微博视频;2355;helanfenhe;浙江;知法明是非，懂法正言行，守法创和谐，用法维权益。与民法典普法大使@杨紫 一起积极参与普法活动，增强法律素养，培养守法意识，做新时代知法懂法守法的好公民。我们一起观看民法典普法系列视频！;2023-04-09 20:04:31;0;0.0128986165677886;0;0
蒙蒙紫1106;湖北;0;0;108;131;杨紫超话民法典普法大使杨紫跟着杨紫学习普法请看案例公公生前有一处房产，拆迁时公公去世，以大伯哥名义签署了房屋安置协议，房屋还未建设，大伯哥又去世，请问此时安置房到底属于谁的遗产？北京拆迁退出历史舞台今日说法的微博视频;杨紫超话#民法典普法大使杨紫##北京拆迁退出历史舞台#CCTV今日说法的微博视频;1003;种花小队长;河北;善良是一束美丽的玫瑰，当你赠送他人时，也为你自己留下下了满室的芬芳；善良是冬天里的的太阳，在照耀了他人人的同时，也温暖了你自己。[给力];2023-04-09 19:34:07;0;0.0128986165677886;0;0
蒙蒙紫1106;湖北;0;0;108;131;杨紫超话民法典普法大使杨紫跟着杨紫学习普法请看案例公公生前有一处房产，拆迁时公公去世，以大伯哥名义签署了房屋安置协议，房屋还未建设，大伯哥又去世，请问此时安置房到底属于谁的遗产？北京拆迁退出历史舞台今日说法的微博视频;杨紫超话#民法典普法大使杨紫##北京拆迁退出历史舞台#CCTV今日说法的微博视频;11900;尉迟星夕Elaine;内蒙古;[给力]跟着#民法典普法大使杨紫#一起知法普法守法，每天学一点法律小知识;2023-04-09 19:31:06;0;0.0128986165677886;0;0
蒙蒙紫1106;湖北;0;0;108;131;杨紫超话民法典普法大使杨紫跟着杨紫学习普法请看案例公公生前有一处房产，拆迁时公公去世，以大伯哥名义签署了房屋安置协议，房屋还未建设，大伯哥又去世，请问此时安置房到底属于谁的遗产？北京拆迁退出历史舞台今日说法的微博视频;杨紫超话#民法典普法大使杨紫##北京拆迁退出历史舞台#CCTV今日说法的微博视频;1322;板栗老老;天津;想和你情窦初开，也想和你两鬓斑白[给力];2023-04-09 19:04:09;0;0.0128986165677886;0;0
蒙蒙紫1106;湖北;0;0;108;131;杨紫超话民法典普法大使杨紫跟着杨紫学习普法请看案例公公生前有一处房产，拆迁时公公去世，以大伯哥名义签署了房屋安置协议，房屋还未建设，大伯哥又去世，请问此时安置房到底属于谁的遗产？北京拆迁退出历史舞台今日说法的微博视频;杨紫超话#民法典普法大使杨紫##北京拆迁退出历史舞台#CCTV今日说法的微博视频;1157;旎奥青柠;其他;幸福其实真的很简单，有你有事做，有所期待[给力];2023-04-09 18:54:45;0;0.0128986165677886;0;0
蒙蒙紫1106;湖北;0;0;108;131;杨紫超话民法典普法大使杨紫跟着杨紫学习普法请看案例公公生前有一处房产，拆迁时公公去世，以大伯哥名义签署了房屋安置协议，房屋还未建设，大伯哥又去世，请问此时安置房到底属于谁的遗产？北京拆迁退出历史舞台今日说法的微博视频;杨紫超话#民法典普法大使杨紫##北京拆迁退出历史舞台#CCTV今日说法的微博视频;1234;惜花芷兮;天津;想和你情窦初开，也想和你两鬓斑白[给力];2023-04-09 18:38:59;0;0.0128986165677886;0;0
蒙蒙紫1106;湖北;0;0;108;131;杨紫超话民法典普法大使杨紫跟着杨紫学习普法请看案例公公生前有一处房产，拆迁时公公去世，以大伯哥名义签署了房屋安置协议，房屋还未建设，大伯哥又去世，请问此时安置房到底属于谁的遗产？北京拆迁退出历史舞台今日说法的微博视频;杨紫超话#民法典普法大使杨紫##北京拆迁退出历史舞台#CCTV今日说法的微博视频;1110;呦呦瑞奥;其他;想和你情窦初开，也想和你两鬓斑白;2023-04-09 18:29:16;0;0.0128986165677886;0;0
"蒙蒙紫1106;湖北;0;0;108;131;杨紫超话民法典普法大使杨紫跟着杨紫学习普法请看案例公公生前有一处房产，拆迁时公公去世，以大伯哥名义签署了房屋安置协议，房屋还未建设，大伯哥又去世，请问此时安置房到底属于谁的遗产？北京拆迁退出历史舞台今日说法的微博视频;杨紫超话#民法典普法大使杨紫##北京拆迁退出历史舞台#CCTV今日说法的微博视频;11515;宋伊雪的小朋友;其他;""成功时，自信的一笑鼓舞自己要戒骄戒躁继续努力;失败时，豁达的一笑显示出自己面对挫折时的超然与从容[给力]"";2023-04-09 17:20:06;0;0.0128986165677886;0;0"
蒙蒙紫1106;湖北;0;0;108;131;杨紫超话民法典普法大使杨紫跟着杨紫学习普法请看案例公公生前有一处房产，拆迁时公公去世，以大伯哥名义签署了房屋安置协议，房屋还未建设，大伯哥又去世，请问此时安置房到底属于谁的遗产？北京拆迁退出历史舞台今日说法的微博视频;杨紫超话#民法典普法大使杨紫##北京拆迁退出历史舞台#CCTV今日说法的微博视频;70;金秀2005;广东;精彩人生路，学法第一步。跟着#民法典普法大使杨紫#学法普法！;2023-04-09 16:29:37;0;0.0128986165677886;0;0
蒙蒙紫1106;湖北;0;0;108;131;杨紫超话民法典普法大使杨紫跟着杨紫学习普法请看案例公公生前有一处房产，拆迁时公公去世，以大伯哥名义签署了房屋安置协议，房屋还未建设，大伯哥又去世，请问此时安置房到底属于谁的遗产？北京拆迁退出历史舞台今日说法的微博视频;杨紫超话#民法典普法大使杨紫##北京拆迁退出历史舞台#CCTV今日说法的微博视频;1393;骑马驴约鱼生鱼仔;其他;你可能遇到很多让你心动的人，却难以让你遇到一直心安的人。;2023-04-09 15:49:58;0;0.0128986165677886;0;0
蒙蒙紫1106;湖北;0;0;108;131;杨紫超话民法典普法大使杨紫跟着杨紫学习普法请看案例公公生前有一处房产，拆迁时公公去世，以大伯哥名义签署了房屋安置协议，房屋还未建设，大伯哥又去世，请问此时安置房到底属于谁的遗产？北京拆迁退出历史舞台今日说法的微博视频;杨紫超话#民法典普法大使杨紫##北京拆迁退出历史舞台#CCTV今日说法的微博视频;41;稍微有点深井冰;辽宁;如果不能并肩同行，那就假装恰好路过，虽然你不知道这恰好的路过背后，是向着你的方向一路飞奔 [给力];2023-04-09 15:42:54;0;0.0128986165677886;0;0
蒙蒙紫1106;湖北;0;0;108;131;杨紫超话民法典普法大使杨紫跟着杨紫学习普法请看案例公公生前有一处房产，拆迁时公公去世，以大伯哥名义签署了房屋安置协议，房屋还未建设，大伯哥又去世，请问此时安置房到底属于谁的遗产？北京拆迁退出历史舞台今日说法的微博视频;杨紫超话#民法典普法大使杨紫##北京拆迁退出历史舞台#CCTV今日说法的微博视频;17;旎奥的觅儿;其他;有时你准备了一箩筐笑话，也取悦不了一个不再喜欢你的人 [给力];2023-04-09 15:35:46;0;0.0128986165677886;0;0
蒙蒙紫1106;湖北;0;0;108;131;杨紫超话民法典普法大使杨紫跟着杨紫学习普法请看案例公公生前有一处房产，拆迁时公公去世，以大伯哥名义签署了房屋安置协议，房屋还未建设，大伯哥又去世，请问此时安置房到底属于谁的遗产？北京拆迁退出历史舞台今日说法的微博视频;杨紫超话#民法典普法大使杨紫##北京拆迁退出历史舞台#CCTV今日说法的微博视频;23;旎奥的顿顿;其他;这世界每天都有太多错过的故事，却也有新的相遇 [给力];2023-04-09 15:32:18;2;0.0128986165677886;0;0
蒙蒙紫1106;湖北;0;0;108;131;杨紫超话民法典普法大使杨紫跟着杨紫学习普法请看案例公公生前有一处房产，拆迁时公公去世，以大伯哥名义签署了房屋安置协议，房屋还未建设，大伯哥又去世，请问此时安置房到底属于谁的遗产？北京拆迁退出历史舞台今日说法的微博视频;杨紫超话#民法典普法大使杨紫##北京拆迁退出历史舞台#CCTV今日说法的微博视频;1415;wuli_旎旎啊;安徽;学法天地宽，守法心自安，用法百事成。跟着#民法典普法大使杨紫#学法普法！;2023-04-09 15:26:55;2;0.0128986165677886;0;0
蒙蒙紫1106;湖北;0;0;108;131;杨紫超话民法典普法大使杨紫跟着杨紫学习普法请看案例公公生前有一处房产，拆迁时公公去世，以大伯哥名义签署了房屋安置协议，房屋还未建设，大伯哥又去世，请问此时安置房到底属于谁的遗产？北京拆迁退出历史舞台今日说法的微博视频;杨紫超话#民法典普法大使杨紫##北京拆迁退出历史舞台#CCTV今日说法的微博视频;1236;美琳达人201703;天津;[给力]跟着#民法典普法大使杨紫#一起知法普法守法，每天学一点法律小知识;2023-04-09 15:13:36;2;0.0128986165677886;0;0
蒙蒙紫1106;湖北;0;0;108;131;杨紫超话民法典普法大使杨紫跟着杨紫学习普法请看案例公公生前有一处房产，拆迁时公公去世，以大伯哥名义签署了房屋安置协议，房屋还未建设，大伯哥又去世，请问此时安置房到底属于谁的遗产？北京拆迁退出历史舞台今日说法的微博视频;杨紫超话#民法典普法大使杨紫##北京拆迁退出历史舞台#CCTV今日说法的微博视频;1766;wuli_旎宝啊;安徽;精彩人生路，学法第一步。跟着#民法典普法大使杨紫#学法普法！;2023-04-09 15:03:34;3;0.0128986165677886;0;0
蒙蒙紫1106;湖北;0;0;108;131;杨紫超话民法典普法大使杨紫跟着杨紫学习普法请看案例公公生前有一处房产，拆迁时公公去世，以大伯哥名义签署了房屋安置协议，房屋还未建设，大伯哥又去世，请问此时安置房到底属于谁的遗产？北京拆迁退出历史舞台今日说法的微博视频;杨紫超话#民法典普法大使杨紫##北京拆迁退出历史舞台#CCTV今日说法的微博视频;1386;wuli_奥奥啊;安徽;情让人间温馨，法令社会和谐。跟着#民法典普法大使杨紫#学法普法！;2023-04-09 14:31:19;2;0.0128986165677886;0;0
蒙蒙紫1106;湖北;0;0;108;131;杨紫超话民法典普法大使杨紫跟着杨紫学习普法请看案例公公生前有一处房产，拆迁时公公去世，以大伯哥名义签署了房屋安置协议，房屋还未建设，大伯哥又去世，请问此时安置房到底属于谁的遗产？北京拆迁退出历史舞台今日说法的微博视频;杨紫超话#民法典普法大使杨紫##北京拆迁退出历史舞台#CCTV今日说法的微博视频;736;瀛瀛1106;广东;法制走进万家，法治和谐天下。跟着#民法典普法大使杨紫#学法普法！;2023-04-09 14:11:26;2;0.0128986165677886;0;0
蒙蒙紫1106;湖北;0;0;108;131;杨紫超话民法典普法大使杨紫跟着杨紫学习普法请看案例公公生前有一处房产，拆迁时公公去世，以大伯哥名义签署了房屋安置协议，房屋还未建设，大伯哥又去世，请问此时安置房到底属于谁的遗产？北京拆迁退出历史舞台今日说法的微博视频;杨紫超话#民法典普法大使杨紫##北京拆迁退出历史舞台#CCTV今日说法的微博视频;1964;皓翎王姬小名小夭的爱人;其他;与人相处，如果你感到格外的轻松，在轻松中感到真实的教益，我敢断定你一定遇到了你的同类，哪怕你们从事着截然不同的职业。——周国平《我喜欢生命本来的样子》 ​​​;2023-04-09 13:59:18;2;0.0128986165677886;0;0
蒙蒙紫1106;湖北;0;0;108;131;杨紫超话民法典普法大使杨紫跟着杨紫学习普法请看案例公公生前有一处房产，拆迁时公公去世，以大伯哥名义签署了房屋安置协议，房屋还未建设，大伯哥又去世，请问此时安置房到底属于谁的遗产？北京拆迁退出历史舞台今日说法的微博视频;杨紫超话#民法典普法大使杨紫##北京拆迁退出历史舞台#CCTV今日说法的微博视频;1744;贩卖所以失落_-_;其他;❤️跟随民法典普法大使杨紫，一同走近民法典，提高法律意识，做知法懂法守法好公民！#民法典普法大使杨紫#;2023-04-09 13:41:21;2;0.0128986165677886;0;0
蒙蒙紫1106;湖北;0;0;108;131;杨紫超话民法典普法大使杨紫跟着杨紫学习普法请看案例公公生前有一处房产，拆迁时公公去世，以大伯哥名义签署了房屋安置协议，房屋还未建设，大伯哥又去世，请问此时安置房到底属于谁的遗产？北京拆迁退出历史舞台今日说法的微博视频;杨紫超话#民法典普法大使杨紫##北京拆迁退出历史舞台#CCTV今日说法的微博视频;809;繁花似锦觅旎奥;其他;最好的生活就是：不嫉妒别人，不看轻自己，岁月静好，别来无恙[给力];2023-04-09 13:40:35;2;0.0128986165677886;0;0
蒙蒙紫1106;湖北;0;0;108;131;杨紫超话民法典普法大使杨紫跟着杨紫学习普法请看案例公公生前有一处房产，拆迁时公公去世，以大伯哥名义签署了房屋安置协议，房屋还未建设，大伯哥又去世，请问此时安置房到底属于谁的遗产？北京拆迁退出历史舞台今日说法的微博视频;杨紫超话#民法典普法大使杨紫##北京拆迁退出历史舞台#CCTV今日说法的微博视频;874;Andy_楊_;安徽;法律进万家，幸福你我他。跟着#民法典普法大使杨紫#学法普法！;2023-04-09 13:17:57;2;0.0128986165677886;0;0
蒙蒙紫1106;湖北;0;0;108;131;杨紫超话民法典普法大使杨紫跟着杨紫学习普法请看案例公公生前有一处房产，拆迁时公公去世，以大伯哥名义签署了房屋安置协议，房屋还未建设，大伯哥又去世，请问此时安置房到底属于谁的遗产？北京拆迁退出历史舞台今日说法的微博视频;杨紫超话#民法典普法大使杨紫##北京拆迁退出历史舞台#CCTV今日说法的微博视频;10864;Andy旎奥1106;湖北;学好民法典，做知法懂法守法好公民。#民法典普法大使杨紫#;2023-04-09 13:16:58;1;0.0128986165677886;0;0
蒙蒙紫1106;湖北;0;0;108;131;杨紫超话民法典普法大使杨紫跟着杨紫学习普法请看案例公公生前有一处房产，拆迁时公公去世，以大伯哥名义签署了房屋安置协议，房屋还未建设，大伯哥又去世，请问此时安置房到底属于谁的遗产？北京拆迁退出历史舞台今日说法的微博视频;杨紫超话#民法典普法大使杨紫##北京拆迁退出历史舞台#CCTV今日说法的微博视频;1308;旎我皆安好;广东;天天学法明是非，时时想法强观念；处处守法树文明，事事用法维权益。跟着#民法典普法大使杨紫#学法普法！;2023-04-09 13:11:22;1;0.0128986165677886;0;0
蒙蒙紫1106;湖北;0;0;108;131;杨紫超话民法典普法大使杨紫跟着杨紫学习普法请看案例公公生前有一处房产，拆迁时公公去世，以大伯哥名义签署了房屋安置协议，房屋还未建设，大伯哥又去世，请问此时安置房到底属于谁的遗产？北京拆迁退出历史舞台今日说法的微博视频;杨紫超话#民法典普法大使杨紫##北京拆迁退出历史舞台#CCTV今日说法的微博视频;817;珠珠-Amy;陕西;以热爱祖国为荣、以危害祖国为耻。以服务人民为荣、以背离人民为耻。以崇尚科学为荣、以愚昧无知为耻。以辛勤劳动为荣、以好逸恶劳为耻。以团结互助为荣、以损人利己为耻。以诚实守信为荣、以见利忘义为耻。以遵纪守法为荣、以违法乱纪为耻。以艰苦奋斗为荣、以骄奢淫逸为耻。;2023-04-09 13:06:29;1;0.0128986165677886;0;0
蒙蒙紫1106;湖北;0;0;108;131;杨紫超话民法典普法大使杨紫跟着杨紫学习普法请看案例公公生前有一处房产，拆迁时公公去世，以大伯哥名义签署了房屋安置协议，房屋还未建设，大伯哥又去世，请问此时安置房到底属于谁的遗产？北京拆迁退出历史舞台今日说法的微博视频;杨紫超话#民法典普法大使杨紫##北京拆迁退出历史舞台#CCTV今日说法的微博视频;531;听旎spicy_;其他;经历过多少痛苦，就一定有多少快乐在等着你；你还年轻，可以成为你想成为的任何人。[给力];2023-04-09 12:48:20;0;0.0128986165677886;0;0
蒙蒙紫1106;湖北;0;0;108;131;杨紫超话民法典普法大使杨紫跟着杨紫学习普法请看案例公公生前有一处房产，拆迁时公公去世，以大伯哥名义签署了房屋安置协议，房屋还未建设，大伯哥又去世，请问此时安置房到底属于谁的遗产？北京拆迁退出历史舞台今日说法的微博视频;杨紫超话#民法典普法大使杨紫##北京拆迁退出历史舞台#CCTV今日说法的微博视频;2951;柒苒榆菘奥_;其他;跟随民法典普法大使杨紫，一同走近民法典，提高法律意识，做知法懂法守法好公民！#民法典普法大使杨紫#[给力];2023-04-09 12:24:32;0;0.0128986165677886;0;0
蒙蒙紫1106;湖北;0;0;108;131;杨紫超话民法典普法大使杨紫跟着杨紫学习普法请看案例公公生前有一处房产，拆迁时公公去世，以大伯哥名义签署了房屋安置协议，房屋还未建设，大伯哥又去世，请问此时安置房到底属于谁的遗产？北京拆迁退出历史舞台今日说法的微博视频;杨紫超话#民法典普法大使杨紫##北京拆迁退出历史舞台#CCTV今日说法的微博视频;1962;21紫因有你小猴子02;江西;[给力]跟着#民法典普法大使杨紫#一起知法普法守法，每天学一点法律小知识;2023-04-09 12:13:06;0;0.0128986165677886;0;0
蒙蒙紫1106;湖北;0;0;108;131;杨紫超话民法典普法大使杨紫跟着杨紫学习普法请看案例公公生前有一处房产，拆迁时公公去世，以大伯哥名义签署了房屋安置协议，房屋还未建设，大伯哥又去世，请问此时安置房到底属于谁的遗产？北京拆迁退出历史舞台今日说法的微博视频;杨紫超话#民法典普法大使杨紫##北京拆迁退出历史舞台#CCTV今日说法的微博视频;545;要一直玖玖爱;广东;[给力]#民法典普法大使杨紫#;2023-04-09 12:06:31;1;0.0128986165677886;0;0
蒙蒙紫1106;湖北;0;0;108;131;杨紫超话民法典普法大使杨紫跟着杨紫学习普法请看案例公公生前有一处房产，拆迁时公公去世，以大伯哥名义签署了房屋安置协议，房屋还未建设，大伯哥又去世，请问此时安置房到底属于谁的遗产？北京拆迁退出历史舞台今日说法的微博视频;杨紫超话#民法典普法大使杨紫##北京拆迁退出历史舞台#CCTV今日说法的微博视频;672;愛心糖夹心;重庆;❤️跟随民法典普法大使杨紫，一同走近民法典，提高法律意识，做知法懂法守法好公民！#民法典普法大使杨紫#;2023-04-09 11:56:17;0;0.0128986165677886;0;0
蒙蒙紫1106;湖北;0;0;108;131;杨紫超话民法典普法大使杨紫跟着杨紫学习普法请看案例公公生前有一处房产，拆迁时公公去世，以大伯哥名义签署了房屋安置协议，房屋还未建设，大伯哥又去世，请问此时安置房到底属于谁的遗产？北京拆迁退出历史舞台今日说法的微博视频;杨紫超话#民法典普法大使杨紫##北京拆迁退出历史舞台#CCTV今日说法的微博视频;19479;21紫因有你小猴子;江西;[给力]跟着#民法典普法大使杨紫#一起知法普法守法，每天学一点法律小知识;2023-04-09 11:51:04;0;0.0128986165677886;0;0
蒙蒙紫1106;湖北;0;0;108;131;杨紫超话民法典普法大使杨紫跟着杨紫学习普法请看案例公公生前有一处房产，拆迁时公公去世，以大伯哥名义签署了房屋安置协议，房屋还未建设，大伯哥又去世，请问此时安置房到底属于谁的遗产？北京拆迁退出历史舞台今日说法的微博视频;杨紫超话#民法典普法大使杨紫##北京拆迁退出历史舞台#CCTV今日说法的微博视频;1281;追旎的星光;河南;学法立行，守法做人。跟着#民法典普法大使杨紫#学法普法！;2023-04-09 11:32:20;0;0.0128986165677886;0;0
蒙蒙紫1106;湖北;0;0;108;131;杨紫超话民法典普法大使杨紫跟着杨紫学习普法请看案例公公生前有一处房产，拆迁时公公去世，以大伯哥名义签署了房屋安置协议，房屋还未建设，大伯哥又去世，请问此时安置房到底属于谁的遗产？北京拆迁退出历史舞台今日说法的微博视频;杨紫超话#民法典普法大使杨紫##北京拆迁退出历史舞台#CCTV今日说法的微博视频;12316;聆舒愿桉紫ln;河北;#中国消防宣传公益使者杨紫# @杨紫 提醒您哦，办公室电器设备多，消防常识一定要牢记，消除安全隐患！;2023-04-09 11:12:10;0;0.0128986165677886;0;0
蒙蒙紫1106;湖北;0;0;108;131;杨紫超话民法典普法大使杨紫跟着杨紫学习普法请看案例公公生前有一处房产，拆迁时公公去世，以大伯哥名义签署了房屋安置协议，房屋还未建设，大伯哥又去世，请问此时安置房到底属于谁的遗产？北京拆迁退出历史舞台今日说法的微博视频;杨紫超话#民法典普法大使杨紫##北京拆迁退出历史舞台#CCTV今日说法的微博视频;1453;偏偏love旎;安徽;做人要诚信，做事要守法。跟着#民法典普法大使杨紫#学法普法！ [鲜花][心];2023-04-09 10:59:48;0;0.0128986165677886;0;0
蒙蒙紫1106;湖北;0;0;108;131;杨紫超话民法典普法大使杨紫跟着杨紫学习普法请看案例公公生前有一处房产，拆迁时公公去世，以大伯哥名义签署了房屋安置协议，房屋还未建设，大伯哥又去世，请问此时安置房到底属于谁的遗产？北京拆迁退出历史舞台今日说法的微博视频;杨紫超话#民法典普法大使杨紫##北京拆迁退出历史舞台#CCTV今日说法的微博视频;17079;沐00653;辽宁;[给力]和杨紫一起学法;2023-04-09 10:28:49;1;0.0128986165677886;0;0
蒙蒙紫1106;湖北;0;0;108;131;杨紫超话民法典普法大使杨紫跟着杨紫学习普法请看案例公公生前有一处房产，拆迁时公公去世，以大伯哥名义签署了房屋安置协议，房屋还未建设，大伯哥又去世，请问此时安置房到底属于谁的遗产？北京拆迁退出历史舞台今日说法的微博视频;杨紫超话#民法典普法大使杨紫##北京拆迁退出历史舞台#CCTV今日说法的微博视频;1925;奥旎奥最甜啦;湖北;学法人人受益，守法处处和谐。跟着#民法典普法大使杨紫#学法普法！;2023-04-09 09:49:36;0;0.0128986165677886;0;0
蒙蒙紫1106;湖北;0;0;108;131;杨紫超话民法典普法大使杨紫跟着杨紫学习普法请看案例公公生前有一处房产，拆迁时公公去世，以大伯哥名义签署了房屋安置协议，房屋还未建设，大伯哥又去世，请问此时安置房到底属于谁的遗产？北京拆迁退出历史舞台今日说法的微博视频;杨紫超话#民法典普法大使杨紫##北京拆迁退出历史舞台#CCTV今日说法的微博视频;969;AndyYang的怼怼;河北;❤️跟随民法典普法大使杨紫，一同走近民法典，提高法律意识，做知法懂法守法好公民！#民法典普法大使杨紫#;2023-04-09 09:41:12;0;0.0128986165677886;0;0
蒙蒙紫1106;湖北;0;0;108;131;杨紫超话民法典普法大使杨紫跟着杨紫学习普法请看案例公公生前有一处房产，拆迁时公公去世，以大伯哥名义签署了房屋安置协议，房屋还未建设，大伯哥又去世，请问此时安置房到底属于谁的遗产？北京拆迁退出历史舞台今日说法的微博视频;杨紫超话#民法典普法大使杨紫##北京拆迁退出历史舞台#CCTV今日说法的微博视频;13439;紫薯好运;广东;法是双刃剑，惩恶又扬善，跟着#民法典普法大使杨紫#一起学法普法！;2023-04-09 09:23:55;0;0.0128986165677886;0;0
蒙蒙紫1106;湖北;0;0;108;131;杨紫超话民法典普法大使杨紫跟着杨紫学习普法请看案例公公生前有一处房产，拆迁时公公去世，以大伯哥名义签署了房屋安置协议，房屋还未建设，大伯哥又去世，请问此时安置房到底属于谁的遗产？北京拆迁退出历史舞台今日说法的微博视频;杨紫超话#民法典普法大使杨紫##北京拆迁退出历史舞台#CCTV今日说法的微博视频;11589;晨love紫;其他;🎙️跟随民法典普法大使杨紫，一同走近民法典，提高法律意识，做知法懂法守法好公民！#民法典普法大使杨紫#;2023-04-09 08:31:13;0;0.0128986165677886;0;0
蒙蒙紫1106;湖北;0;0;108;131;杨紫超话民法典普法大使杨紫跟着杨紫学习普法请看案例公公生前有一处房产，拆迁时公公去世，以大伯哥名义签署了房屋安置协议，房屋还未建设，大伯哥又去世，请问此时安置房到底属于谁的遗产？北京拆迁退出历史舞台今日说法的微博视频;杨紫超话#民法典普法大使杨紫##北京拆迁退出历史舞台#CCTV今日说法的微博视频;875;只为遇见_旎;其他;和杨紫一同走近民法典，提高法律意识，做知法懂法守法好公民！#民法典普法大使杨紫#;2023-04-09 08:12:47;0;0.0128986165677886;0;0
蒙蒙紫1106;湖北;0;0;108;131;杨紫超话民法典普法大使杨紫跟着杨紫学习普法请看案例公公生前有一处房产，拆迁时公公去世，以大伯哥名义签署了房屋安置协议，房屋还未建设，大伯哥又去世，请问此时安置房到底属于谁的遗产？北京拆迁退出历史舞台今日说法的微博视频;杨紫超话#民法典普法大使杨紫##北京拆迁退出历史舞台#CCTV今日说法的微博视频;2486;wuli_杨杨啊;安徽;树怕不发芽，人怕不懂法。跟着#民法典普法大使杨紫#学法普法！;2023-04-09 08:00:53;0;0.0128986165677886;0;0
蒙蒙紫1106;湖北;0;0;108;131;杨紫超话民法典普法大使杨紫跟着杨紫学习普法请看案例公公生前有一处房产，拆迁时公公去世，以大伯哥名义签署了房屋安置协议，房屋还未建设，大伯哥又去世，请问此时安置房到底属于谁的遗产？北京拆迁退出历史舞台今日说法的微博视频;杨紫超话#民法典普法大使杨紫##北京拆迁退出历史舞台#CCTV今日说法的微博视频;1379;六哥好帅;其他;❤️跟随民法典普法大使杨紫，一同走近民法典，提高法律意识，做知法懂法守法好公民！#民法典普法大使杨紫#[心];2023-04-09 07:48:59;0;0.0128986165677886;0;0
蒙蒙紫1106;湖北;0;0;108;131;杨紫超话民法典普法大使杨紫跟着杨紫学习普法请看案例公公生前有一处房产，拆迁时公公去世，以大伯哥名义签署了房屋安置协议，房屋还未建设，大伯哥又去世，请问此时安置房到底属于谁的遗产？北京拆迁退出历史舞台今日说法的微博视频;杨紫超话#民法典普法大使杨紫##北京拆迁退出历史舞台#CCTV今日说法的微博视频;2354;AndyYang的年画;湖北;思念像漫天星星，细碎却照亮整个天空，恰好等待是灯火阑珊，暮然回首是你。;2023-04-09 06:28:51;0;0.0128986165677886;0;0
蒙蒙紫1106;湖北;0;0;108;131;杨紫超话民法典普法大使杨紫跟着杨紫学习普法请看案例公公生前有一处房产，拆迁时公公去世，以大伯哥名义签署了房屋安置协议，房屋还未建设，大伯哥又去世，请问此时安置房到底属于谁的遗产？北京拆迁退出历史舞台今日说法的微博视频;杨紫超话#民法典普法大使杨紫##北京拆迁退出历史舞台#CCTV今日说法的微博视频;1499;瑾沐流年19;广西;与法同行，幸福安宁；诚信为道，法治先行。跟着#民法典普法大使杨紫#学法普法！;2023-04-09 06:28:18;0;0.0128986165677886;0;0
蒙蒙紫1106;湖北;0;0;108;131;杨紫超话民法典普法大使杨紫跟着杨紫学习普法请看案例公公生前有一处房产，拆迁时公公去世，以大伯哥名义签署了房屋安置协议，房屋还未建设，大伯哥又去世，请问此时安置房到底属于谁的遗产？北京拆迁退出历史舞台今日说法的微博视频;杨紫超话#民法典普法大使杨紫##北京拆迁退出历史舞台#CCTV今日说法的微博视频;14075;送旎朵紫玫瑰;海南;法治随心，和谐随行。跟着#民法典普法大使杨紫#学法普法！;2023-04-09 01:48:07;0;0.0128986165677886;0;0
蒙蒙紫1106;湖北;0;0;108;131;杨紫超话民法典普法大使杨紫跟着杨紫学习普法请看案例公公生前有一处房产，拆迁时公公去世，以大伯哥名义签署了房屋安置协议，房屋还未建设，大伯哥又去世，请问此时安置房到底属于谁的遗产？北京拆迁退出历史舞台今日说法的微博视频;杨紫超话#民法典普法大使杨紫##北京拆迁退出历史舞台#CCTV今日说法的微博视频;2146;黑夜陪木偶;其他;gyr[给力][给力][给力]想和你一起在晚风里，说些可爱的废话数星星，直到月亮也悄悄凑过来听。[心];2023-04-09 00:58:02;0;0.0128986165677886;0;0
蒙蒙紫1106;湖北;0;0;108;131;杨紫超话民法典普法大使杨紫跟着杨紫学习普法请看案例公公生前有一处房产，拆迁时公公去世，以大伯哥名义签署了房屋安置协议，房屋还未建设，大伯哥又去世，请问此时安置房到底属于谁的遗产？北京拆迁退出历史舞台今日说法的微博视频;杨紫超话#民法典普法大使杨紫##北京拆迁退出历史舞台#CCTV今日说法的微博视频;1211;榕紫奥;甘肃;一起普法;2023-04-09 00:56:03;1;0.0128986165677886;0;0
蒙蒙紫1106;湖北;0;0;108;131;杨紫超话民法典普法大使杨紫跟着杨紫学习普法请看案例公公生前有一处房产，拆迁时公公去世，以大伯哥名义签署了房屋安置协议，房屋还未建设，大伯哥又去世，请问此时安置房到底属于谁的遗产？北京拆迁退出历史舞台今日说法的微博视频;杨紫超话#民法典普法大使杨紫##北京拆迁退出历史舞台#CCTV今日说法的微博视频;2144;流星红玫瑰;其他;[给力][给力][给力]想和你一起在晚风里，说些可爱的废话数星星，直到月亮也悄悄凑过来听。[心];2023-04-09 00:26:07;0;0.0128986165677886;0;0
蒙蒙紫1106;湖北;0;0;108;131;杨紫超话民法典普法大使杨紫跟着杨紫学习普法请看案例公公生前有一处房产，拆迁时公公去世，以大伯哥名义签署了房屋安置协议，房屋还未建设，大伯哥又去世，请问此时安置房到底属于谁的遗产？北京拆迁退出历史舞台今日说法的微博视频;杨紫超话#民法典普法大使杨紫##北京拆迁退出历史舞台#CCTV今日说法的微博视频;577;1106号的小行星;河南;你学法，我学法，权益保障有办法；挣金山，赚银山，法治社会作靠山。跟着#民法典普法大使杨紫#学法普法！;2023-04-09 00:14:37;0;0.0128986165677886;0;0
蒙蒙紫1106;湖北;0;0;108;131;杨紫超话民法典普法大使杨紫跟着杨紫学习普法请看案例公公生前有一处房产，拆迁时公公去世，以大伯哥名义签署了房屋安置协议，房屋还未建设，大伯哥又去世，请问此时安置房到底属于谁的遗产？北京拆迁退出历史舞台今日说法的微博视频;杨紫超话#民法典普法大使杨紫##北京拆迁退出历史舞台#CCTV今日说法的微博视频;1059;lynaf1106;湖北;[给力]我们对自己做出的每一件事，说出的每一句话，都应该有足够的理由让我们自身的心灵感到快乐和幸福。坎坷路途，给身边一份温暖；风雨人生，给自己一个微笑。生活，就是把快乐装在心中，一路向前。[给力];2023-04-08 23:58:52;1;0.0128986165677886;0;0
蒙蒙紫1106;湖北;0;0;108;131;杨紫超话民法典普法大使杨紫跟着杨紫学习普法请看案例公公生前有一处房产，拆迁时公公去世，以大伯哥名义签署了房屋安置协议，房屋还未建设，大伯哥又去世，请问此时安置房到底属于谁的遗产？北京拆迁退出历史舞台今日说法的微博视频;杨紫超话#民法典普法大使杨紫##北京拆迁退出历史舞台#CCTV今日说法的微博视频;1071;--紫因有旎;其他;[给力]🍄这世间青山灼灼星光杳杳 春风翩翩晚风渐渐 也抵不过你眉目间的星辰点点。;2023-04-08 23:57:59;0;0.0128986165677886;0;0
蒙蒙紫1106;湖北;0;0;108;131;杨紫超话民法典普法大使杨紫跟着杨紫学习普法请看案例公公生前有一处房产，拆迁时公公去世，以大伯哥名义签署了房屋安置协议，房屋还未建设，大伯哥又去世，请问此时安置房到底属于谁的遗产？北京拆迁退出历史舞台今日说法的微博视频;杨紫超话#民法典普法大使杨紫##北京拆迁退出历史舞台#CCTV今日说法的微博视频;1002;--紫因是旎;其他;[给力]🍄愿灿烂的阳光，青春的活力，秀美的容貌，舒心的微笑永远属于你;2023-04-08 23:54:24;0;0.0128986165677886;0;0
蒙蒙紫1106;湖北;0;0;108;131;杨紫超话民法典普法大使杨紫跟着杨紫学习普法请看案例公公生前有一处房产，拆迁时公公去世，以大伯哥名义签署了房屋安置协议，房屋还未建设，大伯哥又去世，请问此时安置房到底属于谁的遗产？北京拆迁退出历史舞台今日说法的微博视频;杨紫超话#民法典普法大使杨紫##北京拆迁退出历史舞台#CCTV今日说法的微博视频;13205;紫式唯光;江西;学法人人受益，守法处处和谐。跟着#民法典普法大使杨紫#学法普法！;2023-04-08 23:53:21;0;0.0128986165677886;0;0
蒙蒙紫1106;湖北;0;0;108;131;杨紫超话民法典普法大使杨紫跟着杨紫学习普法请看案例公公生前有一处房产，拆迁时公公去世，以大伯哥名义签署了房屋安置协议，房屋还未建设，大伯哥又去世，请问此时安置房到底属于谁的遗产？北京拆迁退出历史舞台今日说法的微博视频;杨紫超话#民法典普法大使杨紫##北京拆迁退出历史舞台#CCTV今日说法的微博视频;1848;--有旎我在;其他;[给力]🍄起风了 风很大 正如我喜欢你 风有多大 我喜欢你的心就有多大;2023-04-08 23:51:31;0;0.0128986165677886;0;0
蒙蒙紫1106;湖北;0;0;108;131;杨紫超话民法典普法大使杨紫跟着杨紫学习普法请看案例公公生前有一处房产，拆迁时公公去世，以大伯哥名义签署了房屋安置协议，房屋还未建设，大伯哥又去世，请问此时安置房到底属于谁的遗产？北京拆迁退出历史舞台今日说法的微博视频;杨紫超话#民法典普法大使杨紫##北京拆迁退出历史舞台#CCTV今日说法的微博视频;904;迎风向阳166;湖南;跟着#民法典普法大使杨紫#一起知法普法守法，每天学一点法律小知识[给力];2023-04-08 23:48:40;0;0.0128986165677886;0;0
蒙蒙紫1106;湖北;0;0;108;131;杨紫超话民法典普法大使杨紫跟着杨紫学习普法请看案例公公生前有一处房产，拆迁时公公去世，以大伯哥名义签署了房屋安置协议，房屋还未建设，大伯哥又去世，请问此时安置房到底属于谁的遗产？北京拆迁退出历史舞台今日说法的微博视频;杨紫超话#民法典普法大使杨紫##北京拆迁退出历史舞台#CCTV今日说法的微博视频;1104;--为旎而来;北京;[给力]🍄最美的风景不在远方，而在心上；有一种相遇不是在路上，而是在心里。;2023-04-08 23:47:33;0;0.0128986165677886;0;0
蒙蒙紫1106;湖北;0;0;108;131;杨紫超话民法典普法大使杨紫跟着杨紫学习普法请看案例公公生前有一处房产，拆迁时公公去世，以大伯哥名义签署了房屋安置协议，房屋还未建设，大伯哥又去世，请问此时安置房到底属于谁的遗产？北京拆迁退出历史舞台今日说法的微博视频;杨紫超话#民法典普法大使杨紫##北京拆迁退出历史舞台#CCTV今日说法的微博视频;818;--名杨天下;其他;[给力]🍄起风了 风很大 正如我喜欢你 风有多大 我喜欢你的心就有多大;2023-04-08 23:44:11;0;0.0128986165677886;0;0
蒙蒙紫1106;湖北;0;0;108;131;杨紫超话民法典普法大使杨紫跟着杨紫学习普法请看案例公公生前有一处房产，拆迁时公公去世，以大伯哥名义签署了房屋安置协议，房屋还未建设，大伯哥又去世，请问此时安置房到底属于谁的遗产？北京拆迁退出历史舞台今日说法的微博视频;杨紫超话#民法典普法大使杨紫##北京拆迁退出历史舞台#CCTV今日说法的微博视频;283;想給旎説情話;其他;民法典学得好，维护权益没烦恼。只有学法才能懂法遵法守法用法.;2023-04-08 23:44:02;0;0.0128986165677886;0;0
蒙蒙紫1106;湖北;0;0;108;131;杨紫超话民法典普法大使杨紫跟着杨紫学习普法请看案例公公生前有一处房产，拆迁时公公去世，以大伯哥名义签署了房屋安置协议，房屋还未建设，大伯哥又去世，请问此时安置房到底属于谁的遗产？北京拆迁退出历史舞台今日说法的微博视频;杨紫超话#民法典普法大使杨紫##北京拆迁退出历史舞台#CCTV今日说法的微博视频;11338;敏庭愛小猴紫;香港;懂法，遇事不再盲從；知法，是非終究可辨；用法，公平永遠存在；宣傳法，和諧社會與你同行。跟著#民法典普法大使楊紫#學法普法！[給力];2023-04-08 23:42:53;0;0.0128986165677886;0;0
蒙蒙紫1106;湖北;0;0;108;131;杨紫超话民法典普法大使杨紫跟着杨紫学习普法请看案例公公生前有一处房产，拆迁时公公去世，以大伯哥名义签署了房屋安置协议，房屋还未建设，大伯哥又去世，请问此时安置房到底属于谁的遗产？北京拆迁退出历史舞台今日说法的微博视频;杨紫超话#民法典普法大使杨紫##北京拆迁退出历史舞台#CCTV今日说法的微博视频;4463;--迷儿;其他;[给力]🍄起风了 风很大 正如我喜欢你 风有多大 我喜欢你的心就有多大;2023-04-08 23:39:26;0;0.0128986165677886;0;0
蒙蒙紫1106;湖北;0;0;108;131;杨紫超话民法典普法大使杨紫跟着杨紫学习普法请看案例公公生前有一处房产，拆迁时公公去世，以大伯哥名义签署了房屋安置协议，房屋还未建设，大伯哥又去世，请问此时安置房到底属于谁的遗产？北京拆迁退出历史舞台今日说法的微博视频;杨紫超话#民法典普法大使杨紫##北京拆迁退出历史舞台#CCTV今日说法的微博视频;295;林恬梓会一直爱旎;广东;民法典学得好，维护权益没烦恼。只有学法才能懂法遵法守法用法.;2023-04-08 23:13:42;0;0.0128986165677886;0;0
蒙蒙紫1106;湖北;0;0;108;131;杨紫超话民法典普法大使杨紫跟着杨紫学习普法请看案例公公生前有一处房产，拆迁时公公去世，以大伯哥名义签署了房屋安置协议，房屋还未建设，大伯哥又去世，请问此时安置房到底属于谁的遗产？北京拆迁退出历史舞台今日说法的微博视频;杨紫超话#民法典普法大使杨紫##北京拆迁退出历史舞台#CCTV今日说法的微博视频;490;Asky奥;陕西;和#民法典普法大使杨紫# 一起知法懂法守法[心];2023-04-08 23:10:19;0;0.0128986165677886;0;0
蒙蒙紫1106;湖北;0;0;108;131;杨紫超话民法典普法大使杨紫跟着杨紫学习普法请看案例公公生前有一处房产，拆迁时公公去世，以大伯哥名义签署了房屋安置协议，房屋还未建设，大伯哥又去世，请问此时安置房到底属于谁的遗产？北京拆迁退出历史舞台今日说法的微博视频;杨紫超话#民法典普法大使杨紫##北京拆迁退出历史舞台#CCTV今日说法的微博视频;11656;紫延降;其他;天天学法明是非，时时想法强观念；处处守法树文明，事事用法维权益。跟着#民法典普法大使杨紫#学法普法！;2023-04-08 23:05:41;0;0.0128986165677886;0;0
蒙蒙紫1106;湖北;0;0;108;131;杨紫超话民法典普法大使杨紫跟着杨紫学习普法请看案例公公生前有一处房产，拆迁时公公去世，以大伯哥名义签署了房屋安置协议，房屋还未建设，大伯哥又去世，请问此时安置房到底属于谁的遗产？北京拆迁退出历史舞台今日说法的微博视频;杨紫超话#民法典普法大使杨紫##北京拆迁退出历史舞台#CCTV今日说法的微博视频;11454;二月的甘蓝;内蒙古;[给力]跟着#民法典普法大使杨紫#一起知法普法守法，每天学一点法律小知识;2023-04-08 22:53:11;0;0.0128986165677886;0;0
蒙蒙紫1106;湖北;0;0;108;131;杨紫超话民法典普法大使杨紫跟着杨紫学习普法请看案例公公生前有一处房产，拆迁时公公去世，以大伯哥名义签署了房屋安置协议，房屋还未建设，大伯哥又去世，请问此时安置房到底属于谁的遗产？北京拆迁退出历史舞台今日说法的微博视频;杨紫超话#民法典普法大使杨紫##北京拆迁退出历史舞台#CCTV今日说法的微博视频;874;红加蓝的小宝贝;其他;做自己并优雅地放下不属于你的东西;2023-04-08 22:47:32;0;0.0128986165677886;0;0
蒙蒙紫1106;湖北;0;0;108;131;杨紫超话民法典普法大使杨紫跟着杨紫学习普法请看案例公公生前有一处房产，拆迁时公公去世，以大伯哥名义签署了房屋安置协议，房屋还未建设，大伯哥又去世，请问此时安置房到底属于谁的遗产？北京拆迁退出历史舞台今日说法的微博视频;杨紫超话#民法典普法大使杨紫##北京拆迁退出历史舞台#CCTV今日说法的微博视频;11347;专专紫爱你奥;黑龙江;学法一点一滴，受益一生一世。跟着#民法典普法大使杨紫#学法普法！;2023-04-08 22:40:27;0;0.0128986165677886;0;0
蒙蒙紫1106;湖北;0;0;108;131;杨紫超话民法典普法大使杨紫跟着杨紫学习普法请看案例公公生前有一处房产，拆迁时公公去世，以大伯哥名义签署了房屋安置协议，房屋还未建设，大伯哥又去世，请问此时安置房到底属于谁的遗产？北京拆迁退出历史舞台今日说法的微博视频;杨紫超话#民法典普法大使杨紫##北京拆迁退出历史舞台#CCTV今日说法的微博视频;13678;水晶瓶shui;陕西;[给力]跟着#民法典普法大使杨紫#一起知法普法守法，每天学一点法律小知识;2023-04-08 22:32:19;0;0.0128986165677886;0;0
蒙蒙紫1106;湖北;0;0;108;131;杨紫超话民法典普法大使杨紫跟着杨紫学习普法请看案例公公生前有一处房产，拆迁时公公去世，以大伯哥名义签署了房屋安置协议，房屋还未建设，大伯哥又去世，请问此时安置房到底属于谁的遗产？北京拆迁退出历史舞台今日说法的微博视频;杨紫超话#民法典普法大使杨紫##北京拆迁退出历史舞台#CCTV今日说法的微博视频;1066;紫的剧迷;湖北;心中常有法，才能不犯法。懂法知法执法，利我利你利他。跟着#民法典普法大使杨紫#学法普法！;2023-04-08 22:21:33;0;0.0128986165677886;0;0
蒙蒙紫1106;湖北;0;0;108;131;杨紫超话民法典普法大使杨紫跟着杨紫学习普法请看案例公公生前有一处房产，拆迁时公公去世，以大伯哥名义签署了房屋安置协议，房屋还未建设，大伯哥又去世，请问此时安置房到底属于谁的遗产？北京拆迁退出历史舞台今日说法的微博视频;杨紫超话#民法典普法大使杨紫##北京拆迁退出历史舞台#CCTV今日说法的微博视频;1411;平淡无奇一株草;其他;[给力]跟随民法典普法大使杨紫，一同走近民法典，提高法律意识，做知法懂法守法好公民！#民法典普法大使杨紫#;2023-04-08 22:13:26;1;0.0128986165677886;0;0
蒙蒙紫1106;湖北;0;0;108;131;杨紫超话民法典普法大使杨紫跟着杨紫学习普法请看案例公公生前有一处房产，拆迁时公公去世，以大伯哥名义签署了房屋安置协议，房屋还未建设，大伯哥又去世，请问此时安置房到底属于谁的遗产？北京拆迁退出历史舞台今日说法的微博视频;杨紫超话#民法典普法大使杨紫##北京拆迁退出历史舞台#CCTV今日说法的微博视频;24671;秋天的菠菜紫;内蒙古;[给力]跟着#民法典普法大使杨紫#一起知法普法守法，每天学一点法律小知识;2023-04-08 22:07:24;0;0.0128986165677886;0;0
蒙蒙紫1106;湖北;0;0;108;131;杨紫超话民法典普法大使杨紫跟着杨紫学习普法请看案例公公生前有一处房产，拆迁时公公去世，以大伯哥名义签署了房屋安置协议，房屋还未建设，大伯哥又去世，请问此时安置房到底属于谁的遗产？北京拆迁退出历史舞台今日说法的微博视频;杨紫超话#民法典普法大使杨紫##北京拆迁退出历史舞台#CCTV今日说法的微博视频;1883;云淡风轻度此生;其他;[给力]跟随民法典普法大使杨紫，一同走近民法典，提高法律意识，做知法懂法守法好公民！#民法典普法大使杨紫#;2023-04-08 22:01:52;1;0.0128986165677886;0;0
蒙蒙紫1106;湖北;0;0;108;131;杨紫超话民法典普法大使杨紫跟着杨紫学习普法请看案例公公生前有一处房产，拆迁时公公去世，以大伯哥名义签署了房屋安置协议，房屋还未建设，大伯哥又去世，请问此时安置房到底属于谁的遗产？北京拆迁退出历史舞台今日说法的微博视频;杨紫超话#民法典普法大使杨紫##北京拆迁退出历史舞台#CCTV今日说法的微博视频;588;乱码KID;其他;虽然走了弯路，但也多看了很多风景;2023-04-08 22:01:18;0;0.0128986165677886;0;0
蒙蒙紫1106;湖北;0;0;108;131;杨紫超话民法典普法大使杨紫跟着杨紫学习普法请看案例公公生前有一处房产，拆迁时公公去世，以大伯哥名义签署了房屋安置协议，房屋还未建设，大伯哥又去世，请问此时安置房到底属于谁的遗产？北京拆迁退出历史舞台今日说法的微博视频;杨紫超话#民法典普法大使杨紫##北京拆迁退出历史舞台#CCTV今日说法的微博视频;10722;紫Y小可爱;浙江;[给力]跟着#民法典普法大使杨紫#一起知法普法守法，每天学一点法律小知识;2023-04-08 21:56:34;0;0.0128986165677886;0;0
蒙蒙紫1106;湖北;0;0;108;131;杨紫超话民法典普法大使杨紫跟着杨紫学习普法请看案例公公生前有一处房产，拆迁时公公去世，以大伯哥名义签署了房屋安置协议，房屋还未建设，大伯哥又去世，请问此时安置房到底属于谁的遗产？北京拆迁退出历史舞台今日说法的微博视频;杨紫超话#民法典普法大使杨紫##北京拆迁退出历史舞台#CCTV今日说法的微博视频;12377;白漂亮的向日葵;重庆;学法辨是非，用法止纷争。跟着#民法典普法大使杨紫#学法普法！;2023-04-08 21:53:39;1;0.0128986165677886;0;0
蒙蒙紫1106;湖北;0;0;108;131;杨紫超话民法典普法大使杨紫跟着杨紫学习普法请看案例公公生前有一处房产，拆迁时公公去世，以大伯哥名义签署了房屋安置协议，房屋还未建设，大伯哥又去世，请问此时安置房到底属于谁的遗产？北京拆迁退出历史舞台今日说法的微博视频;杨紫超话#民法典普法大使杨紫##北京拆迁退出历史舞台#CCTV今日说法的微博视频;1838;Emily6128;海外;学好民法典，做知法懂法守法好公民。#民法典普法大使杨紫#[给力];2023-04-08 21:52:31;0;0.0128986165677886;0;0
蒙蒙紫1106;湖北;0;0;108;131;杨紫超话民法典普法大使杨紫跟着杨紫学习普法请看案例公公生前有一处房产，拆迁时公公去世，以大伯哥名义签署了房屋安置协议，房屋还未建设，大伯哥又去世，请问此时安置房到底属于谁的遗产？北京拆迁退出历史舞台今日说法的微博视频;杨紫超话#民法典普法大使杨紫##北京拆迁退出历史舞台#CCTV今日说法的微博视频;11207;苡鹿上有旎;陕西;拼一载春秋，博一生无悔;2023-04-08 21:50:45;2;0.0128986165677886;0;0
蒙蒙紫1106;湖北;0;0;108;131;杨紫超话民法典普法大使杨紫跟着杨紫学习普法请看案例公公生前有一处房产，拆迁时公公去世，以大伯哥名义签署了房屋安置协议，房屋还未建设，大伯哥又去世，请问此时安置房到底属于谁的遗产？北京拆迁退出历史舞台今日说法的微博视频;杨紫超话#民法典普法大使杨紫##北京拆迁退出历史舞台#CCTV今日说法的微博视频;2435;静静下来想想;四川;[给力]跟随民法典普法大使杨紫，一同走近民法典，提高法律意识，做知法懂法守法好公民！#民法典普法大使杨紫#;2023-04-08 21:50:37;1;0.0128986165677886;0;0
蒙蒙紫1106;湖北;0;0;108;131;杨紫超话民法典普法大使杨紫跟着杨紫学习普法请看案例公公生前有一处房产，拆迁时公公去世，以大伯哥名义签署了房屋安置协议，房屋还未建设，大伯哥又去世，请问此时安置房到底属于谁的遗产？北京拆迁退出历史舞台今日说法的微博视频;杨紫超话#民法典普法大使杨紫##北京拆迁退出历史舞台#CCTV今日说法的微博视频;10096;年年的小葡萄;河北;和杨紫一同走近民法典，提高法律意识，做知法懂法守法好公民！#民法典普法大使杨紫#;2023-04-08 21:48:23;0;0.0128986165677886;0;0
巨野融媒;;0;2;9;62;重磅北京拆迁退出历史舞台，从此不再有“拆迁户”北京拟废止房屋拆迁许可证制度月末，北京市规划和自然资源委员会公布《北京市征收集体土地房屋补偿管理办法》（征求意见稿），其中拟对征收宅基地房屋的安置方式进行规定，并明确货币补偿标准。《办法》拟规定，北京市按照一户一宅的原则给予补偿，严格控制宅基地面积补偿标准。一户一宅的宅基地面积补偿控制标准：对认定为年（含）之前的宅基地，最高不超过平方米；对认定为年以后的宅基地，最高不超过平方米，具体宅基地面积补偿控制标准由各区人民政府根据本区实际确定。《办法》还对非住宅房屋的补偿进行了规定，表示应采取货币补偿的方式。根据北京市规划和自然资源委员会公布的起草说明，此次《办法》按照《土地管理法》的要求，将集体土地房屋“拆迁”改为“搬迁”，废止房屋拆迁许可证制度；规定集体土地上房屋搬迁补偿纳入征收集体土地征收程序，实现征地与房屋搬迁同步实施，各项补偿方案、标准广泛听取村民的意见。对于被征收人合法权益的维护，《办法》强化了以房屋安置方式为主，做到安置房先行，安置房源为期房的，尽量缩短安置周期。还本着“限高、扩中、托底”的原则，确定安置房安置面积。对宅基地面积超过补偿控制标准的部分，只给予货币补偿；对宅基地面积低于宅基地审批最低标准的，置换安置房面积按照最低标准的一定比例计算。根据《办法》，“拆迁”将退出历史舞台，以“搬迁”代替，同时房屋拆迁许可证制度也被废止。（每经，泽塔）重磅北京宣布：“拆迁”退出历史舞台，从此不再有“拆迁户”这个制度也被废止视频的微博视频视频的微博视频;#北京拆迁退出历史舞台##北京拟废止房屋拆迁许可证制度#NBD视频的微博视频;1;Sherly的夏洛克;西藏;赞;2023-04-10 20:59:15;0;0.0114113650219209;0;1
巨野融媒;;0;2;9;62;重磅北京拆迁退出历史舞台，从此不再有“拆迁户”北京拟废止房屋拆迁许可证制度月末，北京市规划和自然资源委员会公布《北京市征收集体土地房屋补偿管理办法》（征求意见稿），其中拟对征收宅基地房屋的安置方式进行规定，并明确货币补偿标准。《办法》拟规定，北京市按照一户一宅的原则给予补偿，严格控制宅基地面积补偿标准。一户一宅的宅基地面积补偿控制标准：对认定为年（含）之前的宅基地，最高不超过平方米；对认定为年以后的宅基地，最高不超过平方米，具体宅基地面积补偿控制标准由各区人民政府根据本区实际确定。《办法》还对非住宅房屋的补偿进行了规定，表示应采取货币补偿的方式。根据北京市规划和自然资源委员会公布的起草说明，此次《办法》按照《土地管理法》的要求，将集体土地房屋“拆迁”改为“搬迁”，废止房屋拆迁许可证制度；规定集体土地上房屋搬迁补偿纳入征收集体土地征收程序，实现征地与房屋搬迁同步实施，各项补偿方案、标准广泛听取村民的意见。对于被征收人合法权益的维护，《办法》强化了以房屋安置方式为主，做到安置房先行，安置房源为期房的，尽量缩短安置周期。还本着“限高、扩中、托底”的原则，确定安置房安置面积。对宅基地面积超过补偿控制标准的部分，只给予货币补偿；对宅基地面积低于宅基地审批最低标准的，置换安置房面积按照最低标准的一定比例计算。根据《办法》，“拆迁”将退出历史舞台，以“搬迁”代替，同时房屋拆迁许可证制度也被废止。（每经，泽塔）重磅北京宣布：“拆迁”退出历史舞台，从此不再有“拆迁户”这个制度也被废止视频的微博视频视频的微博视频;#北京拆迁退出历史舞台##北京拟废止房屋拆迁许可证制度#NBD视频的微博视频;47;清风明月19751001;山东;赞;2023-04-09 22:21:00;0;0.0114113650219209;0;1
巨野融媒;;0;2;9;62;重磅北京拆迁退出历史舞台，从此不再有“拆迁户”北京拟废止房屋拆迁许可证制度月末，北京市规划和自然资源委员会公布《北京市征收集体土地房屋补偿管理办法》（征求意见稿），其中拟对征收宅基地房屋的安置方式进行规定，并明确货币补偿标准。《办法》拟规定，北京市按照一户一宅的原则给予补偿，严格控制宅基地面积补偿标准。一户一宅的宅基地面积补偿控制标准：对认定为年（含）之前的宅基地，最高不超过平方米；对认定为年以后的宅基地，最高不超过平方米，具体宅基地面积补偿控制标准由各区人民政府根据本区实际确定。《办法》还对非住宅房屋的补偿进行了规定，表示应采取货币补偿的方式。根据北京市规划和自然资源委员会公布的起草说明，此次《办法》按照《土地管理法》的要求，将集体土地房屋“拆迁”改为“搬迁”，废止房屋拆迁许可证制度；规定集体土地上房屋搬迁补偿纳入征收集体土地征收程序，实现征地与房屋搬迁同步实施，各项补偿方案、标准广泛听取村民的意见。对于被征收人合法权益的维护，《办法》强化了以房屋安置方式为主，做到安置房先行，安置房源为期房的，尽量缩短安置周期。还本着“限高、扩中、托底”的原则，确定安置房安置面积。对宅基地面积超过补偿控制标准的部分，只给予货币补偿；对宅基地面积低于宅基地审批最低标准的，置换安置房面积按照最低标准的一定比例计算。根据《办法》，“拆迁”将退出历史舞台，以“搬迁”代替，同时房屋拆迁许可证制度也被废止。（每经，泽塔）重磅北京宣布：“拆迁”退出历史舞台，从此不再有“拆迁户”这个制度也被废止视频的微博视频视频的微博视频;#北京拆迁退出历史舞台##北京拟废止房屋拆迁许可证制度#NBD视频的微博视频;1;DLH段202205;其他;[good][good];2023-04-09 06:13:17;0;0.0114113650219209;0;1
巨野融媒;;0;2;9;62;重磅北京拆迁退出历史舞台，从此不再有“拆迁户”北京拟废止房屋拆迁许可证制度月末，北京市规划和自然资源委员会公布《北京市征收集体土地房屋补偿管理办法》（征求意见稿），其中拟对征收宅基地房屋的安置方式进行规定，并明确货币补偿标准。《办法》拟规定，北京市按照一户一宅的原则给予补偿，严格控制宅基地面积补偿标准。一户一宅的宅基地面积补偿控制标准：对认定为年（含）之前的宅基地，最高不超过平方米；对认定为年以后的宅基地，最高不超过平方米，具体宅基地面积补偿控制标准由各区人民政府根据本区实际确定。《办法》还对非住宅房屋的补偿进行了规定，表示应采取货币补偿的方式。根据北京市规划和自然资源委员会公布的起草说明，此次《办法》按照《土地管理法》的要求，将集体土地房屋“拆迁”改为“搬迁”，废止房屋拆迁许可证制度；规定集体土地上房屋搬迁补偿纳入征收集体土地征收程序，实现征地与房屋搬迁同步实施，各项补偿方案、标准广泛听取村民的意见。对于被征收人合法权益的维护，《办法》强化了以房屋安置方式为主，做到安置房先行，安置房源为期房的，尽量缩短安置周期。还本着“限高、扩中、托底”的原则，确定安置房安置面积。对宅基地面积超过补偿控制标准的部分，只给予货币补偿；对宅基地面积低于宅基地审批最低标准的，置换安置房面积按照最低标准的一定比例计算。根据《办法》，“拆迁”将退出历史舞台，以“搬迁”代替，同时房屋拆迁许可证制度也被废止。（每经，泽塔）重磅北京宣布：“拆迁”退出历史舞台，从此不再有“拆迁户”这个制度也被废止视频的微博视频视频的微博视频;#北京拆迁退出历史舞台##北京拟废止房屋拆迁许可证制度#NBD视频的微博视频;8;天随人愿WZY_96;山东;[good];2023-04-09 21:22:34;0;0.0114113650219209;0;1
巨野融媒;;0;2;9;62;重磅北京拆迁退出历史舞台，从此不再有“拆迁户”北京拟废止房屋拆迁许可证制度月末，北京市规划和自然资源委员会公布《北京市征收集体土地房屋补偿管理办法》（征求意见稿），其中拟对征收宅基地房屋的安置方式进行规定，并明确货币补偿标准。《办法》拟规定，北京市按照一户一宅的原则给予补偿，严格控制宅基地面积补偿标准。一户一宅的宅基地面积补偿控制标准：对认定为年（含）之前的宅基地，最高不超过平方米；对认定为年以后的宅基地，最高不超过平方米，具体宅基地面积补偿控制标准由各区人民政府根据本区实际确定。《办法》还对非住宅房屋的补偿进行了规定，表示应采取货币补偿的方式。根据北京市规划和自然资源委员会公布的起草说明，此次《办法》按照《土地管理法》的要求，将集体土地房屋“拆迁”改为“搬迁”，废止房屋拆迁许可证制度；规定集体土地上房屋搬迁补偿纳入征收集体土地征收程序，实现征地与房屋搬迁同步实施，各项补偿方案、标准广泛听取村民的意见。对于被征收人合法权益的维护，《办法》强化了以房屋安置方式为主，做到安置房先行，安置房源为期房的，尽量缩短安置周期。还本着“限高、扩中、托底”的原则，确定安置房安置面积。对宅基地面积超过补偿控制标准的部分，只给予货币补偿；对宅基地面积低于宅基地审批最低标准的，置换安置房面积按照最低标准的一定比例计算。根据《办法》，“拆迁”将退出历史舞台，以“搬迁”代替，同时房屋拆迁许可证制度也被废止。（每经，泽塔）重磅北京宣布：“拆迁”退出历史舞台，从此不再有“拆迁户”这个制度也被废止视频的微博视频视频的微博视频;#北京拆迁退出历史舞台##北京拟废止房屋拆迁许可证制度#NBD视频的微博视频;4;自若水滴yang;山东;👍🏻;2023-04-09 20:53:52;0;0.0114113650219209;0;1
巨野融媒;;0;2;9;62;重磅北京拆迁退出历史舞台，从此不再有“拆迁户”北京拟废止房屋拆迁许可证制度月末，北京市规划和自然资源委员会公布《北京市征收集体土地房屋补偿管理办法》（征求意见稿），其中拟对征收宅基地房屋的安置方式进行规定，并明确货币补偿标准。《办法》拟规定，北京市按照一户一宅的原则给予补偿，严格控制宅基地面积补偿标准。一户一宅的宅基地面积补偿控制标准：对认定为年（含）之前的宅基地，最高不超过平方米；对认定为年以后的宅基地，最高不超过平方米，具体宅基地面积补偿控制标准由各区人民政府根据本区实际确定。《办法》还对非住宅房屋的补偿进行了规定，表示应采取货币补偿的方式。根据北京市规划和自然资源委员会公布的起草说明，此次《办法》按照《土地管理法》的要求，将集体土地房屋“拆迁”改为“搬迁”，废止房屋拆迁许可证制度；规定集体土地上房屋搬迁补偿纳入征收集体土地征收程序，实现征地与房屋搬迁同步实施，各项补偿方案、标准广泛听取村民的意见。对于被征收人合法权益的维护，《办法》强化了以房屋安置方式为主，做到安置房先行，安置房源为期房的，尽量缩短安置周期。还本着“限高、扩中、托底”的原则，确定安置房安置面积。对宅基地面积超过补偿控制标准的部分，只给予货币补偿；对宅基地面积低于宅基地审批最低标准的，置换安置房面积按照最低标准的一定比例计算。根据《办法》，“拆迁”将退出历史舞台，以“搬迁”代替，同时房屋拆迁许可证制度也被废止。（每经，泽塔）重磅北京宣布：“拆迁”退出历史舞台，从此不再有“拆迁户”这个制度也被废止视频的微博视频视频的微博视频;#北京拆迁退出历史舞台##北京拟废止房屋拆迁许可证制度#NBD视频的微博视频;1;胡宗芹123;山东;赞;2023-04-09 08:27:14;0;0.0114113650219209;0;1
长春门咖;吉林;0;0;1;5;北京拆迁退出历史舞台北京拟废止房屋拆迁许可证制度补偿款万孩子吹牛皮么？;#北京拆迁退出历史舞台##北京拟废止房屋拆迁许可证制度#;318;不吃不喝辟谷成仙;吉林;深圳那些拆迁补偿的本地人真有过亿的;2023-04-08 13:42:40;0;0.0469705147166179;0;0
青白江房产保障;;0;1;2;0;重磅北京拆迁退出历史舞台，从此不再有“拆迁户”北京拟废止房屋拆迁许可证制度月末，北京市规划和自然资源委员会公布《北京市征收集体土地房屋补偿管理办法》（征求意见稿），其中拟对征收宅基地房屋的安置方式进行规定，并明确货币补偿标准。;#北京拆迁退出历史舞台##北京拟废止房屋拆迁许可证制度##北京拆迁退出历史舞台##北京拟废止房屋拆迁许可证制度#重磅！北京宣布：“拆迁”退出历史舞台，从此不再有“拆迁户”！这个制度也被废止…NBD视频的微博视频;12;金苏的摩卡;四川;[话筒][话筒];2023-04-08 12:03:26;0;0.0249742609177468;0;0
青白江房产保障;;0;1;2;0;重磅北京拆迁退出历史舞台，从此不再有“拆迁户”北京拟废止房屋拆迁许可证制度月末，北京市规划和自然资源委员会公布《北京市征收集体土地房屋补偿管理办法》（征求意见稿），其中拟对征收宅基地房屋的安置方式进行规定，并明确货币补偿标准。;#北京拆迁退出历史舞台##北京拟废止房屋拆迁许可证制度##北京拆迁退出历史舞台##北京拟废止房屋拆迁许可证制度#重磅！北京宣布：“拆迁”退出历史舞台，从此不再有“拆迁户”！这个制度也被废止…NBD视频的微博视频;12;青白江房产保障;四川;[心][心];2023-04-09 00:30:46;0;0.0249742609177468;1;0
笙歌儿呀;北京;0;1;2;2;北京拆迁退出历史舞台挺好的，拆迁暴富的时代终于结束了;#北京拆迁退出历史舞台#;11417;木时记·柒;辽宁;？这不是昨天的吗;2023-04-08 12:39:59;0;0.0578093950559114;0;0
笙歌儿呀;北京;0;1;2;2;北京拆迁退出历史舞台挺好的，拆迁暴富的时代终于结束了;#北京拆迁退出历史舞台#;11417;笙歌儿呀;重庆;就是看到这个词条了，觉得跟北京相关，想发表一下看法[哈哈];2023-04-08 13:44:26;0;0.0578093950559114;1;0
东南风起云飞扬;北京;0;0;1;2;北京拆迁退出历史舞台西四北八条保住了，东四十条也保住了西斜街，东斜街，劈柴胡同，大酱坊，兵马司里老地质，西四牌楼义达里；老砖塔，缸瓦市，甘石桥，西什库街嬷嬷院。不容易呀终于明白过味儿来了，有点晚了。;#北京拆迁退出历史舞台#;102;是沫儿姐鸭;北京;您好请问东斜街，劈柴是要腾退了吗;2023-04-10 09:15:26;0;0.0329229516471181;0;0
MingZhC;北京;0;2;1;0;重磅北京拆迁退出历史舞台，从此不再有“拆迁户”北京拟废止房屋拆迁许可证制度月末，北京市规划和自然资源委员会公布《北京市征收集体土地房屋补偿管理办法》（征求意见稿），其中拟对征收宅基地房屋的安置方式进行规定，并明确货币补偿标准。《办法》拟规定，北京市按照一户一宅的展开;#北京拆迁退出历史舞台##北京拟废止房屋拆迁许可证制度#;56;婉约派07;辽宁;转发微博;2023-04-08 11:23:34;0;0.0237027269344747;0;0
萝卜粉儿辣椒炒肉Xback;河北;0;0;2;4;北京拆迁退出历史舞台当下房拆十年了都还没安置房能住进去很多曾经有房的老人拆迁后只能在出租屋里去世了;#北京拆迁退出历史舞台#;79;喜欢自言自语的我-;北京;哎;2023-04-18 22:31:25;0;0.0365047614837833;0;0
萝卜粉儿辣椒炒肉Xback;河北;0;0;2;4;北京拆迁退出历史舞台当下房拆十年了都还没安置房能住进去很多曾经有房的老人拆迁后只能在出租屋里去世了;#北京拆迁退出历史舞台#;22;哎呀Woc_;陕西;确实有很多老人没能熬到搬进新房的时候;2023-04-10 00:56:01;0;0.0365047614837833;0;0
东方红人民法院;;0;14;13;40;东方正红播报重磅北京拆迁退出历史舞台，从此不再有“拆迁户”北京拟废止房屋拆迁许可证制度月末，北京市规划和自然资源委员会公布《北京市征收集体土地房屋补偿管理办法》（征求意见稿），其中拟对征收宅基地房屋的安置方式进行规定，并明确货币补偿标准。《办法》拟规定，北京市展开;#东方正红播报##北京拆迁退出历史舞台##北京拟废止房屋拆迁许可证制度#;50;为人民服务_198505;黑龙江;[赞][赞][微风][微风];2023-04-08 12:55:24;0;0.0218826227076248;0;1
东方红人民法院;;0;14;13;40;东方正红播报重磅北京拆迁退出历史舞台，从此不再有“拆迁户”北京拟废止房屋拆迁许可证制度月末，北京市规划和自然资源委员会公布《北京市征收集体土地房屋补偿管理办法》（征求意见稿），其中拟对征收宅基地房屋的安置方式进行规定，并明确货币补偿标准。《办法》拟规定，北京市展开;#东方正红播报##北京拆迁退出历史舞台##北京拟废止房屋拆迁许可证制度#;50;囍净xj;其他;回复@东方红人民法院:[互粉];2023-04-09 20:34:15;0;0.0218826227076248;1;1
东方红人民法院;;0;14;13;40;东方正红播报重磅北京拆迁退出历史舞台，从此不再有“拆迁户”北京拟废止房屋拆迁许可证制度月末，北京市规划和自然资源委员会公布《北京市征收集体土地房屋补偿管理办法》（征求意见稿），其中拟对征收宅基地房屋的安置方式进行规定，并明确货币补偿标准。《办法》拟规定，北京市展开;#东方正红播报##北京拆迁退出历史舞台##北京拟废止房屋拆迁许可证制度#;50;东方红人民法院;黑龙江;持续关注;2023-04-08 19:16:31;6;0.0218826227076248;1;1
东方红人民法院;;0;14;13;40;东方正红播报重磅北京拆迁退出历史舞台，从此不再有“拆迁户”北京拟废止房屋拆迁许可证制度月末，北京市规划和自然资源委员会公布《北京市征收集体土地房屋补偿管理办法》（征求意见稿），其中拟对征收宅基地房屋的安置方式进行规定，并明确货币补偿标准。《办法》拟规定，北京市展开;#东方正红播报##北京拆迁退出历史舞台##北京拟废止房屋拆迁许可证制度#;53;木杉dfh;其他;关注一下[话筒];2023-04-08 11:02:06;0;0.0218826227076248;0;1
东方红人民法院;;0;14;13;40;东方正红播报重磅北京拆迁退出历史舞台，从此不再有“拆迁户”北京拟废止房屋拆迁许可证制度月末，北京市规划和自然资源委员会公布《北京市征收集体土地房屋补偿管理办法》（征求意见稿），其中拟对征收宅基地房屋的安置方式进行规定，并明确货币补偿标准。《办法》拟规定，北京市展开;#东方正红播报##北京拆迁退出历史舞台##北京拟废止房屋拆迁许可证制度#;53;囍净xj;其他;回复@东方红人民法院:[音乐];2023-04-09 20:34:19;0;0.0218826227076248;1;1
东方红人民法院;;0;14;13;40;东方正红播报重磅北京拆迁退出历史舞台，从此不再有“拆迁户”北京拟废止房屋拆迁许可证制度月末，北京市规划和自然资源委员会公布《北京市征收集体土地房屋补偿管理办法》（征求意见稿），其中拟对征收宅基地房屋的安置方式进行规定，并明确货币补偿标准。《办法》拟规定，北京市展开;#东方正红播报##北京拆迁退出历史舞台##北京拟废止房屋拆迁许可证制度#;53;东方红人民法院;黑龙江;互关啦;2023-04-08 19:16:39;6;0.0218826227076248;1;1
东方红人民法院;;0;14;13;40;东方正红播报重磅北京拆迁退出历史舞台，从此不再有“拆迁户”北京拟废止房屋拆迁许可证制度月末，北京市规划和自然资源委员会公布《北京市征收集体土地房屋补偿管理办法》（征求意见稿），其中拟对征收宅基地房屋的安置方式进行规定，并明确货币补偿标准。《办法》拟规定，北京市展开;#东方正红播报##北京拆迁退出历史舞台##北京拟废止房屋拆迁许可证制度#;133;小丁做事小叮当D39;黑龙江;播报;2023-04-08 10:23:26;0;0.0218826227076248;0;1
东方红人民法院;;0;14;13;40;东方正红播报重磅北京拆迁退出历史舞台，从此不再有“拆迁户”北京拟废止房屋拆迁许可证制度月末，北京市规划和自然资源委员会公布《北京市征收集体土地房屋补偿管理办法》（征求意见稿），其中拟对征收宅基地房屋的安置方式进行规定，并明确货币补偿标准。《办法》拟规定，北京市展开;#东方正红播报##北京拆迁退出历史舞台##北京拟废止房屋拆迁许可证制度#;133;囍净xj;其他;回复@东方红人民法院:[话筒];2023-04-09 20:34:24;0;0.0218826227076248;1;1
东方红人民法院;;0;14;13;40;东方正红播报重磅北京拆迁退出历史舞台，从此不再有“拆迁户”北京拟废止房屋拆迁许可证制度月末，北京市规划和自然资源委员会公布《北京市征收集体土地房屋补偿管理办法》（征求意见稿），其中拟对征收宅基地房屋的安置方式进行规定，并明确货币补偿标准。《办法》拟规定，北京市展开;#东方正红播报##北京拆迁退出历史舞台##北京拟废止房屋拆迁许可证制度#;133;东方红人民法院;黑龙江;持续关注;2023-04-08 19:16:46;6;0.0218826227076248;1;1
东方红人民法院;;0;14;13;40;东方正红播报重磅北京拆迁退出历史舞台，从此不再有“拆迁户”北京拟废止房屋拆迁许可证制度月末，北京市规划和自然资源委员会公布《北京市征收集体土地房屋补偿管理办法》（征求意见稿），其中拟对征收宅基地房屋的安置方式进行规定，并明确货币补偿标准。《办法》拟规定，北京市展开;#东方正红播报##北京拆迁退出历史舞台##北京拟废止房屋拆迁许可证制度#;21;1991xj过来;其他;[微风][微风];2023-04-08 09:36:02;0;0.0218826227076248;0;1
东方红人民法院;;0;14;13;40;东方正红播报重磅北京拆迁退出历史舞台，从此不再有“拆迁户”北京拟废止房屋拆迁许可证制度月末，北京市规划和自然资源委员会公布《北京市征收集体土地房屋补偿管理办法》（征求意见稿），其中拟对征收宅基地房屋的安置方式进行规定，并明确货币补偿标准。《办法》拟规定，北京市展开;#东方正红播报##北京拆迁退出历史舞台##北京拟废止房屋拆迁许可证制度#;21;囍净xj;其他;回复@东方红人民法院:[绿丝带];2023-04-09 20:34:28;0;0.0218826227076248;1;1
东方红人民法院;;0;14;13;40;东方正红播报重磅北京拆迁退出历史舞台，从此不再有“拆迁户”北京拟废止房屋拆迁许可证制度月末，北京市规划和自然资源委员会公布《北京市征收集体土地房屋补偿管理办法》（征求意见稿），其中拟对征收宅基地房屋的安置方式进行规定，并明确货币补偿标准。《办法》拟规定，北京市展开;#东方正红播报##北京拆迁退出历史舞台##北京拟废止房屋拆迁许可证制度#;21;东方红人民法院;黑龙江;持续关注;2023-04-08 19:16:50;7;0.0218826227076248;1;1
X110729Z;上海;0;0;1;9;北京拆迁退出历史舞台是不是以前叫拆迁户，以后叫搬迁户？;#北京拆迁退出历史舞台#;1082;QQ若只如初见;其他;[允悲][允悲][允悲];2023-04-08 09:15:18;2;0.0604679601677311;0;0
风闻社区;;0;3;5;11;“拆迁”改“搬迁”，北京或将告别大批“拆迁暴发户”北京拆迁退出历史舞台北京拟废止房屋拆迁许可证制度观察者网的微博视频;#北京拆迁退出历史舞台##北京拟废止房屋拆迁许可证制度#观察者网的微博视频;75;奔跑的骆驼;北京;会不会有人后悔？[允悲];2023-04-08 09:40:51;0;0.0559431869443751;0;0
风闻社区;;0;3;5;11;“拆迁”改“搬迁”，北京或将告别大批“拆迁暴发户”北京拆迁退出历史舞台北京拟废止房屋拆迁许可证制度观察者网的微博视频;#北京拆迁退出历史舞台##北京拟废止房屋拆迁许可证制度#观察者网的微博视频;4173;段子手若愚;山东;跑路变移民。;2023-04-08 09:22:54;0;0.0559431869443751;0;0
北京月老牵线;安徽;0;0;4;4;北京超话北京身边事重磅北京拆迁退出历史舞台，从此不再有“拆迁户”北京拟废止房屋拆迁许可证制度月末，北京市规划和自然资源委员会公布《北京市征收集体土地房屋补偿管理办法》（征求意见稿），其中拟对征收宅基地房屋的安置方式进行规定，并明确货币补偿标准。《办法》拟规定，北京市按照一户一宅的原则给予补偿，严格控制宅基地面积补偿标准。一户一宅的宅基地面积补偿控制标准：对认定为年（含）之前的宅基地，最高不超过平方米；对认定为年以后的宅基地，最高不超过平方米，具体宅基地面积补偿控制标准由各区人民政府根据本区实际确定。《办法》还对非住宅房屋的补偿进行了规定，表示应采取货币补偿的方式。根据北京市规划和自然资源委员会公布的起草说明，此次《办法》按照《土地管理法》的要求，将集体土地房屋“拆迁”改为“搬迁”，废止房屋拆迁许可证制度；规定集体土地上房屋搬迁补偿纳入征收集体土地征收程序，实现征地与房屋搬迁同步实施，各项补偿方案、标准广泛听取村民的意见。对于被征收人合法权益的维护，《办法》强化了以房屋安置方式为主，做到安置房先行，安置房源为期房的，尽量缩短安置周期。还本着“限高、扩中、托底”的原则，确定安置房安置面积。对宅基地面积超过补偿控制标准的部分，只给予货币补偿；对宅基地面积低于宅基地审批最低标准的，置换安置房面积按照最低标准的一定比例计算。根据《办法》，“拆迁”将退出历史舞台，以“搬迁”代替，同时房屋拆迁许可证制度也被废止。（每经，泽塔）重磅北京宣布：“拆迁”退出历史舞台，从此不再有“拆迁户”这个制度也被废止视频的微博视频;北京超话#北京身边事##北京拆迁退出历史舞台##北京拟废止房屋拆迁许可证制度#重磅！北京宣布：“拆迁”退出历史舞台，从此不再有“拆迁户”！这个制度也被废止…NBD视频的微博视频;35;啊小小哇;其他;还好拆的早[doge][doge][doge];2023-04-09 20:18:41;0;0.0145262360508426;0;0
北京月老牵线;安徽;0;0;4;4;北京超话北京身边事重磅北京拆迁退出历史舞台，从此不再有“拆迁户”北京拟废止房屋拆迁许可证制度月末，北京市规划和自然资源委员会公布《北京市征收集体土地房屋补偿管理办法》（征求意见稿），其中拟对征收宅基地房屋的安置方式进行规定，并明确货币补偿标准。《办法》拟规定，北京市按照一户一宅的原则给予补偿，严格控制宅基地面积补偿标准。一户一宅的宅基地面积补偿控制标准：对认定为年（含）之前的宅基地，最高不超过平方米；对认定为年以后的宅基地，最高不超过平方米，具体宅基地面积补偿控制标准由各区人民政府根据本区实际确定。《办法》还对非住宅房屋的补偿进行了规定，表示应采取货币补偿的方式。根据北京市规划和自然资源委员会公布的起草说明，此次《办法》按照《土地管理法》的要求，将集体土地房屋“拆迁”改为“搬迁”，废止房屋拆迁许可证制度；规定集体土地上房屋搬迁补偿纳入征收集体土地征收程序，实现征地与房屋搬迁同步实施，各项补偿方案、标准广泛听取村民的意见。对于被征收人合法权益的维护，《办法》强化了以房屋安置方式为主，做到安置房先行，安置房源为期房的，尽量缩短安置周期。还本着“限高、扩中、托底”的原则，确定安置房安置面积。对宅基地面积超过补偿控制标准的部分，只给予货币补偿；对宅基地面积低于宅基地审批最低标准的，置换安置房面积按照最低标准的一定比例计算。根据《办法》，“拆迁”将退出历史舞台，以“搬迁”代替，同时房屋拆迁许可证制度也被废止。（每经，泽塔）重磅北京宣布：“拆迁”退出历史舞台，从此不再有“拆迁户”这个制度也被废止视频的微博视频;北京超话#北京身边事##北京拆迁退出历史舞台##北京拟废止房屋拆迁许可证制度#重磅！北京宣布：“拆迁”退出历史舞台，从此不再有“拆迁户”！这个制度也被废止…NBD视频的微博视频;83;用户天空真蓝;其他;什么意思[笑而不语][笑而不语];2023-04-08 16:59:36;0;0.0145262360508426;0;0
石家庄政法;;0;0;1;1;重磅北京拆迁退出历史舞台，从此不再有“拆迁户”北京拟废止房屋拆迁许可证制度月末，北京市规划和自然资源委员会公布《北京市征收集体土地房屋补偿管理办法》（征求意见稿），其中拟对征收宅基地房屋的安置方式进行规定，并明确货币补偿标准。《办法》拟规定，北京市按照一户一宅的原则给予补偿，严格控制宅基地面积补偿标准。一户一宅的宅基地面积补偿控制标准：对认定为年（含）之前的宅基地，最高不超过平方米；对认定为年以后的宅基地，最高不超过平方米，具体宅基地面积补偿控制标准由各区人民政府根据本区实际确定。《办法》还对非住宅房屋的补偿进行了规定，表示应采取货币补偿的方式。根据北京市规划和自然资源委员会公布的起草说明，此次《办法》按照《土地管理法》的要求，将集体土地房屋“拆迁”改为“搬迁”，废止房屋拆迁许可证制度；规定集体土地上房屋搬迁补偿纳入征收集体土地征收程序，实现征地与房屋搬迁同步实施，各项补偿方案、标准广泛听取村民的意见。对于被征收人合法权益的维护，《办法》强化了以房屋安置方式为主，做到安置房先行，安置房源为期房的，尽量缩短安置周期。还本着“限高、扩中、托底”的原则，确定安置房安置面积。对宅基地面积超过补偿控制标准的部分，只给予货币补偿；对宅基地面积低于宅基地审批最低标准的，置换安置房面积按照最低标准的一定比例计算。根据《办法》，“拆迁”将退出历史舞台，以“搬迁”代替，同时房屋拆迁许可证制度也被废止。（每经，泽塔）重磅北京宣布：“拆迁”退出历史舞台，从此不再有“拆迁户”这个制度也被废止视频的微博视频;#北京拆迁退出历史舞台##北京拟废止房屋拆迁许可证制度#重磅！北京宣布：“拆迁”退出历史舞台，从此不再有“拆迁户”！这个制度也被废止…NBD视频的微博视频;1159053;石家庄交警;河北;[话筒][话筒][话筒];2023-04-08 18:25:02;0;0.0119464203171493;0;1
李小安0626;湖南;0;1;2;3;北京拆迁退出历史舞台大多数家有千万亿万资产以上的人，不少都是靠拆迁发财的。有的人运气特别好，不仅能遇到一次拆迁，而且能遇到几次拆迁。;#北京拆迁退出历史舞台#;375721;漠宏庵;湖南;支持;2023-04-08 17:18:40;0;0.0477763838997308;0;0
李小安0626;湖南;0;1;2;3;北京拆迁退出历史舞台大多数家有千万亿万资产以上的人，不少都是靠拆迁发财的。有的人运气特别好，不仅能遇到一次拆迁，而且能遇到几次拆迁。;#北京拆迁退出历史舞台#;175;打小我就淘i1;河南;一次也没遇到……;2023-04-08 08:54:36;0;0.0477763838997308;0;0
wwwSerendipity;北京;0;0;1;0;北京拆迁退出历史舞台意思是不给拆迁款，直接给你个安置房搬走？;#北京拆迁退出历史舞台#;443;听说你心里有人le;北京;[挖鼻][挖鼻][挖鼻];2023-04-08 08:48:23;0;0.0579512750168996;0;0
超级无敌大晨子;河北;0;0;1;1;北京拆迁退出历史舞台之前的呢，集全国之力供养头部大城市拆迁户;#北京拆迁退出历史舞台#;1;完颜洛风;河北;七八十年代的宗旨，先富带动后富，集全国之力供小部分人先富，到了今天结果呢，人家富了以后翻脸不认人[doge];2023-04-08 08:51:02;0;0.0412101369067542;0;0
蒋东文;北京;0;0;1;0;“拆迁”曾经造富了多少人呐，北京的“拆迁户”，如今怕是要退出历史舞台了。。。;;11;因为我是专程来同你道别的;湖南;特别幸运遇到了老师让我有回血的机会、去年跟着#慧眼看征途#抄作业回了不少血，新的一年开始了收益了 明天等着老师票;2023-04-08 14:22:25;0;0.0742188090381011;0;0
旷野的风孤独却自由;河北;0;0;1;10;北京拆迁退出历史舞台愿意拆迁的都是城中村，直接改善生活品质，不愿意拆的是我们农村，拆迁后多交很多各种费用不说，还没有院子了，物业扯皮，车位占用，没有小菜园了，没有阳光了，没有可传万代的宅基地了时期就看出来了吧我们在院子里玩耍晒太阳，不出门买菜也能自给自足，住楼房后，新疆的大火事故。。。紧锁的大门。。。我们并不想;#北京拆迁退出历史舞台#;14;Wife大人身体倍棒吃嘛嘛香;北京;@一个灵魂孤独的遨游者;2023-04-08 08:36:26;0;0.0150430235847302;0;0
独行侠H;广西;0;0;1;7;拆迁从此不再有“拆迁户”？旧房子还是要拆，还是要搬迁，换一个名字而已。北京拟废止房屋拆迁许可证制度北京拆迁退出历史舞台;#拆迁##北京拟废止房屋拆迁许可证制度##北京拆迁退出历史舞台#;663690;霍小兵;北京;[阴险];2023-04-08 07:33:50;0;0.0436449086378545;0;0
鳄鱼十三;广东;0;10;46;143;未来你看好哪一行？北京拆迁退出历史舞台北京拆迁户政策没了，以后大家都靠勤劳的双手吧。有万人投票，未来你看好哪一行？银发经济排第一名，里面有什么机会呢？银发经济带来的哪些新兴职业？鳄鱼十三分享一下，去美国和日本看到的情况。比如没空照顾父母，销售拖老所。没空陪父母体检，销售跑腿。没空给父母做饭，销售保姆这也算银发市场。陪诊师：帮空巢老人挂号、排队、跑腿、拿报告养老规划师：为初老人群提供退休规划老年人能力评估师：健康评估健康照护师：为老年人提供健康照护及生活照料呼吸治疗师健康财富规划师：为中高净值客户做好量身订制。;#北京拆迁退出历史舞台#;1134583;鳄鱼十三;海外;[鲜花][鲜花][鲜花];2023-04-08 07:26:42;13;0.0090453621713982;0;0
鳄鱼十三;广东;0;10;46;143;未来你看好哪一行？北京拆迁退出历史舞台北京拆迁户政策没了，以后大家都靠勤劳的双手吧。有万人投票，未来你看好哪一行？银发经济排第一名，里面有什么机会呢？银发经济带来的哪些新兴职业？鳄鱼十三分享一下，去美国和日本看到的情况。比如没空照顾父母，销售拖老所。没空陪父母体检，销售跑腿。没空给父母做饭，销售保姆这也算银发市场。陪诊师：帮空巢老人挂号、排队、跑腿、拿报告养老规划师：为初老人群提供退休规划老年人能力评估师：健康评估健康照护师：为老年人提供健康照护及生活照料呼吸治疗师健康财富规划师：为中高净值客户做好量身订制。;#北京拆迁退出历史舞台#;1134583;13CC小可爱;其他;[许愿星];2023-04-08 09:06:18;1;0.0090453621713982;1;0
鳄鱼十三;广东;0;10;46;143;未来你看好哪一行？北京拆迁退出历史舞台北京拆迁户政策没了，以后大家都靠勤劳的双手吧。有万人投票，未来你看好哪一行？银发经济排第一名，里面有什么机会呢？银发经济带来的哪些新兴职业？鳄鱼十三分享一下，去美国和日本看到的情况。比如没空照顾父母，销售拖老所。没空陪父母体检，销售跑腿。没空给父母做饭，销售保姆这也算银发市场。陪诊师：帮空巢老人挂号、排队、跑腿、拿报告养老规划师：为初老人群提供退休规划老年人能力评估师：健康评估健康照护师：为老年人提供健康照护及生活照料呼吸治疗师健康财富规划师：为中高净值客户做好量身订制。;#北京拆迁退出历史舞台#;1134583;豆豆牛哦;山东;[二哈][二哈];2023-04-08 08:49:06;1;0.0090453621713982;1;0
鳄鱼十三;广东;0;10;46;143;未来你看好哪一行？北京拆迁退出历史舞台北京拆迁户政策没了，以后大家都靠勤劳的双手吧。有万人投票，未来你看好哪一行？银发经济排第一名，里面有什么机会呢？银发经济带来的哪些新兴职业？鳄鱼十三分享一下，去美国和日本看到的情况。比如没空照顾父母，销售拖老所。没空陪父母体检，销售跑腿。没空给父母做饭，销售保姆这也算银发市场。陪诊师：帮空巢老人挂号、排队、跑腿、拿报告养老规划师：为初老人群提供退休规划老年人能力评估师：健康评估健康照护师：为老年人提供健康照护及生活照料呼吸治疗师健康财富规划师：为中高净值客户做好量身订制。;#北京拆迁退出历史舞台#;1134583;善捨886;北京;[鲜花][哈哈][哈哈];2023-04-08 08:13:35;1;0.0090453621713982;1;0
鳄鱼十三;广东;0;10;46;143;未来你看好哪一行？北京拆迁退出历史舞台北京拆迁户政策没了，以后大家都靠勤劳的双手吧。有万人投票，未来你看好哪一行？银发经济排第一名，里面有什么机会呢？银发经济带来的哪些新兴职业？鳄鱼十三分享一下，去美国和日本看到的情况。比如没空照顾父母，销售拖老所。没空陪父母体检，销售跑腿。没空给父母做饭，销售保姆这也算银发市场。陪诊师：帮空巢老人挂号、排队、跑腿、拿报告养老规划师：为初老人群提供退休规划老年人能力评估师：健康评估健康照护师：为老年人提供健康照护及生活照料呼吸治疗师健康财富规划师：为中高净值客户做好量身订制。;#北京拆迁退出历史舞台#;1134583;鳄鱼奥力给;河北;[鲜花];2023-04-08 08:04:57;1;0.0090453621713982;1;0
鳄鱼十三;广东;0;10;46;143;未来你看好哪一行？北京拆迁退出历史舞台北京拆迁户政策没了，以后大家都靠勤劳的双手吧。有万人投票，未来你看好哪一行？银发经济排第一名，里面有什么机会呢？银发经济带来的哪些新兴职业？鳄鱼十三分享一下，去美国和日本看到的情况。比如没空照顾父母，销售拖老所。没空陪父母体检，销售跑腿。没空给父母做饭，销售保姆这也算银发市场。陪诊师：帮空巢老人挂号、排队、跑腿、拿报告养老规划师：为初老人群提供退休规划老年人能力评估师：健康评估健康照护师：为老年人提供健康照护及生活照料呼吸治疗师健康财富规划师：为中高净值客户做好量身订制。;#北京拆迁退出历史舞台#;1134583;鳄鱼十三;海外;[干饭人][干饭人][干饭人]早安;2023-04-08 07:26:45;13;0.0090453621713982;0;0
鳄鱼十三;广东;0;10;46;143;未来你看好哪一行？北京拆迁退出历史舞台北京拆迁户政策没了，以后大家都靠勤劳的双手吧。有万人投票，未来你看好哪一行？银发经济排第一名，里面有什么机会呢？银发经济带来的哪些新兴职业？鳄鱼十三分享一下，去美国和日本看到的情况。比如没空照顾父母，销售拖老所。没空陪父母体检，销售跑腿。没空给父母做饭，销售保姆这也算银发市场。陪诊师：帮空巢老人挂号、排队、跑腿、拿报告养老规划师：为初老人群提供退休规划老年人能力评估师：健康评估健康照护师：为老年人提供健康照护及生活照料呼吸治疗师健康财富规划师：为中高净值客户做好量身订制。;#北京拆迁退出历史舞台#;1134583;13CC小可爱;其他;[苦涩];2023-04-08 09:06:15;1;0.0090453621713982;1;0
鳄鱼十三;广东;0;10;46;143;未来你看好哪一行？北京拆迁退出历史舞台北京拆迁户政策没了，以后大家都靠勤劳的双手吧。有万人投票，未来你看好哪一行？银发经济排第一名，里面有什么机会呢？银发经济带来的哪些新兴职业？鳄鱼十三分享一下，去美国和日本看到的情况。比如没空照顾父母，销售拖老所。没空陪父母体检，销售跑腿。没空给父母做饭，销售保姆这也算银发市场。陪诊师：帮空巢老人挂号、排队、跑腿、拿报告养老规划师：为初老人群提供退休规划老年人能力评估师：健康评估健康照护师：为老年人提供健康照护及生活照料呼吸治疗师健康财富规划师：为中高净值客户做好量身订制。;#北京拆迁退出历史舞台#;1134583;豆豆牛哦;山东;[报税][报税];2023-04-08 08:49:04;1;0.0090453621713982;1;0
鳄鱼十三;广东;0;10;46;143;未来你看好哪一行？北京拆迁退出历史舞台北京拆迁户政策没了，以后大家都靠勤劳的双手吧。有万人投票，未来你看好哪一行？银发经济排第一名，里面有什么机会呢？银发经济带来的哪些新兴职业？鳄鱼十三分享一下，去美国和日本看到的情况。比如没空照顾父母，销售拖老所。没空陪父母体检，销售跑腿。没空给父母做饭，销售保姆这也算银发市场。陪诊师：帮空巢老人挂号、排队、跑腿、拿报告养老规划师：为初老人群提供退休规划老年人能力评估师：健康评估健康照护师：为老年人提供健康照护及生活照料呼吸治疗师健康财富规划师：为中高净值客户做好量身订制。;#北京拆迁退出历史舞台#;1134583;善捨886;北京;[给力][太开心][太开心];2023-04-08 08:13:32;1;0.0090453621713982;1;0
鳄鱼十三;广东;0;10;46;143;未来你看好哪一行？北京拆迁退出历史舞台北京拆迁户政策没了，以后大家都靠勤劳的双手吧。有万人投票，未来你看好哪一行？银发经济排第一名，里面有什么机会呢？银发经济带来的哪些新兴职业？鳄鱼十三分享一下，去美国和日本看到的情况。比如没空照顾父母，销售拖老所。没空陪父母体检，销售跑腿。没空给父母做饭，销售保姆这也算银发市场。陪诊师：帮空巢老人挂号、排队、跑腿、拿报告养老规划师：为初老人群提供退休规划老年人能力评估师：健康评估健康照护师：为老年人提供健康照护及生活照料呼吸治疗师健康财富规划师：为中高净值客户做好量身订制。;#北京拆迁退出历史舞台#;1134583;鳄鱼奥力给;河北;[挤眼];2023-04-08 08:04:55;1;0.0090453621713982;1;0
鳄鱼十三;广东;0;10;46;143;未来你看好哪一行？北京拆迁退出历史舞台北京拆迁户政策没了，以后大家都靠勤劳的双手吧。有万人投票，未来你看好哪一行？银发经济排第一名，里面有什么机会呢？银发经济带来的哪些新兴职业？鳄鱼十三分享一下，去美国和日本看到的情况。比如没空照顾父母，销售拖老所。没空陪父母体检，销售跑腿。没空给父母做饭，销售保姆这也算银发市场。陪诊师：帮空巢老人挂号、排队、跑腿、拿报告养老规划师：为初老人群提供退休规划老年人能力评估师：健康评估健康照护师：为老年人提供健康照护及生活照料呼吸治疗师健康财富规划师：为中高净值客户做好量身订制。;#北京拆迁退出历史舞台#;1134583;家有11猫;上海;[666];2023-04-08 07:33:05;1;0.0090453621713982;1;0
鳄鱼十三;广东;0;10;46;143;未来你看好哪一行？北京拆迁退出历史舞台北京拆迁户政策没了，以后大家都靠勤劳的双手吧。有万人投票，未来你看好哪一行？银发经济排第一名，里面有什么机会呢？银发经济带来的哪些新兴职业？鳄鱼十三分享一下，去美国和日本看到的情况。比如没空照顾父母，销售拖老所。没空陪父母体检，销售跑腿。没空给父母做饭，销售保姆这也算银发市场。陪诊师：帮空巢老人挂号、排队、跑腿、拿报告养老规划师：为初老人群提供退休规划老年人能力评估师：健康评估健康照护师：为老年人提供健康照护及生活照料呼吸治疗师健康财富规划师：为中高净值客户做好量身订制。;#北京拆迁退出历史舞台#;1134583;鳄鱼十三;海外;[爱你][爱你][爱你];2023-04-08 07:26:40;13;0.0090453621713982;0;0
鳄鱼十三;广东;0;10;46;143;未来你看好哪一行？北京拆迁退出历史舞台北京拆迁户政策没了，以后大家都靠勤劳的双手吧。有万人投票，未来你看好哪一行？银发经济排第一名，里面有什么机会呢？银发经济带来的哪些新兴职业？鳄鱼十三分享一下，去美国和日本看到的情况。比如没空照顾父母，销售拖老所。没空陪父母体检，销售跑腿。没空给父母做饭，销售保姆这也算银发市场。陪诊师：帮空巢老人挂号、排队、跑腿、拿报告养老规划师：为初老人群提供退休规划老年人能力评估师：健康评估健康照护师：为老年人提供健康照护及生活照料呼吸治疗师健康财富规划师：为中高净值客户做好量身订制。;#北京拆迁退出历史舞台#;1134583;13CC小可爱;其他;[哇];2023-04-08 09:06:22;1;0.0090453621713982;1;0
鳄鱼十三;广东;0;10;46;143;未来你看好哪一行？北京拆迁退出历史舞台北京拆迁户政策没了，以后大家都靠勤劳的双手吧。有万人投票，未来你看好哪一行？银发经济排第一名，里面有什么机会呢？银发经济带来的哪些新兴职业？鳄鱼十三分享一下，去美国和日本看到的情况。比如没空照顾父母，销售拖老所。没空陪父母体检，销售跑腿。没空给父母做饭，销售保姆这也算银发市场。陪诊师：帮空巢老人挂号、排队、跑腿、拿报告养老规划师：为初老人群提供退休规划老年人能力评估师：健康评估健康照护师：为老年人提供健康照护及生活照料呼吸治疗师健康财富规划师：为中高净值客户做好量身订制。;#北京拆迁退出历史舞台#;1134583;豆豆牛哦;山东;[送花花][送花花];2023-04-08 08:49:09;1;0.0090453621713982;1;0
鳄鱼十三;广东;0;10;46;143;未来你看好哪一行？北京拆迁退出历史舞台北京拆迁户政策没了，以后大家都靠勤劳的双手吧。有万人投票，未来你看好哪一行？银发经济排第一名，里面有什么机会呢？银发经济带来的哪些新兴职业？鳄鱼十三分享一下，去美国和日本看到的情况。比如没空照顾父母，销售拖老所。没空陪父母体检，销售跑腿。没空给父母做饭，销售保姆这也算银发市场。陪诊师：帮空巢老人挂号、排队、跑腿、拿报告养老规划师：为初老人群提供退休规划老年人能力评估师：健康评估健康照护师：为老年人提供健康照护及生活照料呼吸治疗师健康财富规划师：为中高净值客户做好量身订制。;#北京拆迁退出历史舞台#;1134583;善捨886;北京;[给力][太开心][太开心];2023-04-08 08:13:39;1;0.0090453621713982;1;0
鳄鱼十三;广东;0;10;46;143;未来你看好哪一行？北京拆迁退出历史舞台北京拆迁户政策没了，以后大家都靠勤劳的双手吧。有万人投票，未来你看好哪一行？银发经济排第一名，里面有什么机会呢？银发经济带来的哪些新兴职业？鳄鱼十三分享一下，去美国和日本看到的情况。比如没空照顾父母，销售拖老所。没空陪父母体检，销售跑腿。没空给父母做饭，销售保姆这也算银发市场。陪诊师：帮空巢老人挂号、排队、跑腿、拿报告养老规划师：为初老人群提供退休规划老年人能力评估师：健康评估健康照护师：为老年人提供健康照护及生活照料呼吸治疗师健康财富规划师：为中高净值客户做好量身订制。;#北京拆迁退出历史舞台#;1134583;鳄鱼奥力给;河北;[坏笑];2023-04-08 08:05:00;0;0.0090453621713982;1;0
鳄鱼十三;广东;0;10;46;143;未来你看好哪一行？北京拆迁退出历史舞台北京拆迁户政策没了，以后大家都靠勤劳的双手吧。有万人投票，未来你看好哪一行？银发经济排第一名，里面有什么机会呢？银发经济带来的哪些新兴职业？鳄鱼十三分享一下，去美国和日本看到的情况。比如没空照顾父母，销售拖老所。没空陪父母体检，销售跑腿。没空给父母做饭，销售保姆这也算银发市场。陪诊师：帮空巢老人挂号、排队、跑腿、拿报告养老规划师：为初老人群提供退休规划老年人能力评估师：健康评估健康照护师：为老年人提供健康照护及生活照料呼吸治疗师健康财富规划师：为中高净值客户做好量身订制。;#北京拆迁退出历史舞台#;1134583;家有11猫;上海;早安;2023-04-08 07:33:13;1;0.0090453621713982;1;0
鳄鱼十三;广东;0;10;46;143;未来你看好哪一行？北京拆迁退出历史舞台北京拆迁户政策没了，以后大家都靠勤劳的双手吧。有万人投票，未来你看好哪一行？银发经济排第一名，里面有什么机会呢？银发经济带来的哪些新兴职业？鳄鱼十三分享一下，去美国和日本看到的情况。比如没空照顾父母，销售拖老所。没空陪父母体检，销售跑腿。没空给父母做饭，销售保姆这也算银发市场。陪诊师：帮空巢老人挂号、排队、跑腿、拿报告养老规划师：为初老人群提供退休规划老年人能力评估师：健康评估健康照护师：为老年人提供健康照护及生活照料呼吸治疗师健康财富规划师：为中高净值客户做好量身订制。;#北京拆迁退出历史舞台#;48620;安娜ETF;广东;[憧憬];2023-04-08 07:43:58;4;0.0090453621713982;0;0
鳄鱼十三;广东;0;10;46;143;未来你看好哪一行？北京拆迁退出历史舞台北京拆迁户政策没了，以后大家都靠勤劳的双手吧。有万人投票，未来你看好哪一行？银发经济排第一名，里面有什么机会呢？银发经济带来的哪些新兴职业？鳄鱼十三分享一下，去美国和日本看到的情况。比如没空照顾父母，销售拖老所。没空陪父母体检，销售跑腿。没空给父母做饭，销售保姆这也算银发市场。陪诊师：帮空巢老人挂号、排队、跑腿、拿报告养老规划师：为初老人群提供退休规划老年人能力评估师：健康评估健康照护师：为老年人提供健康照护及生活照料呼吸治疗师健康财富规划师：为中高净值客户做好量身订制。;#北京拆迁退出历史舞台#;48620;安娜ETF;广东;[哇];2023-04-08 07:43:51;4;0.0090453621713982;0;0
鳄鱼十三;广东;0;10;46;143;未来你看好哪一行？北京拆迁退出历史舞台北京拆迁户政策没了，以后大家都靠勤劳的双手吧。有万人投票，未来你看好哪一行？银发经济排第一名，里面有什么机会呢？银发经济带来的哪些新兴职业？鳄鱼十三分享一下，去美国和日本看到的情况。比如没空照顾父母，销售拖老所。没空陪父母体检，销售跑腿。没空给父母做饭，销售保姆这也算银发市场。陪诊师：帮空巢老人挂号、排队、跑腿、拿报告养老规划师：为初老人群提供退休规划老年人能力评估师：健康评估健康照护师：为老年人提供健康照护及生活照料呼吸治疗师健康财富规划师：为中高净值客户做好量身订制。;#北京拆迁退出历史舞台#;617;鳄鱼奥力给;河北;🐊;2023-04-08 08:04:49;3;0.0090453621713982;0;0
鳄鱼十三;广东;0;10;46;143;未来你看好哪一行？北京拆迁退出历史舞台北京拆迁户政策没了，以后大家都靠勤劳的双手吧。有万人投票，未来你看好哪一行？银发经济排第一名，里面有什么机会呢？银发经济带来的哪些新兴职业？鳄鱼十三分享一下，去美国和日本看到的情况。比如没空照顾父母，销售拖老所。没空陪父母体检，销售跑腿。没空给父母做饭，销售保姆这也算银发市场。陪诊师：帮空巢老人挂号、排队、跑腿、拿报告养老规划师：为初老人群提供退休规划老年人能力评估师：健康评估健康照护师：为老年人提供健康照护及生活照料呼吸治疗师健康财富规划师：为中高净值客户做好量身订制。;#北京拆迁退出历史舞台#;48620;安娜ETF;广东;[喵喵];2023-04-08 07:43:54;3;0.0090453621713982;0;0
鳄鱼十三;广东;0;10;46;143;未来你看好哪一行？北京拆迁退出历史舞台北京拆迁户政策没了，以后大家都靠勤劳的双手吧。有万人投票，未来你看好哪一行？银发经济排第一名，里面有什么机会呢？银发经济带来的哪些新兴职业？鳄鱼十三分享一下，去美国和日本看到的情况。比如没空照顾父母，销售拖老所。没空陪父母体检，销售跑腿。没空给父母做饭，销售保姆这也算银发市场。陪诊师：帮空巢老人挂号、排队、跑腿、拿报告养老规划师：为初老人群提供退休规划老年人能力评估师：健康评估健康照护师：为老年人提供健康照护及生活照料呼吸治疗师健康财富规划师：为中高净值客户做好量身订制。;#北京拆迁退出历史舞台#;131;xyzheng2009;广东;健康陪游师[举手][举手][举手];2023-04-08 07:43:43;2;0.0090453621713982;0;0
鳄鱼十三;广东;0;10;46;143;未来你看好哪一行？北京拆迁退出历史舞台北京拆迁户政策没了，以后大家都靠勤劳的双手吧。有万人投票，未来你看好哪一行？银发经济排第一名，里面有什么机会呢？银发经济带来的哪些新兴职业？鳄鱼十三分享一下，去美国和日本看到的情况。比如没空照顾父母，销售拖老所。没空陪父母体检，销售跑腿。没空给父母做饭，销售保姆这也算银发市场。陪诊师：帮空巢老人挂号、排队、跑腿、拿报告养老规划师：为初老人群提供退休规划老年人能力评估师：健康评估健康照护师：为老年人提供健康照护及生活照料呼吸治疗师健康财富规划师：为中高净值客户做好量身订制。;#北京拆迁退出历史舞台#;378;13CC小可爱;其他;[嘻嘻];2023-04-08 09:06:30;1;0.0090453621713982;0;0
鳄鱼十三;广东;0;10;46;143;未来你看好哪一行？北京拆迁退出历史舞台北京拆迁户政策没了，以后大家都靠勤劳的双手吧。有万人投票，未来你看好哪一行？银发经济排第一名，里面有什么机会呢？银发经济带来的哪些新兴职业？鳄鱼十三分享一下，去美国和日本看到的情况。比如没空照顾父母，销售拖老所。没空陪父母体检，销售跑腿。没空给父母做饭，销售保姆这也算银发市场。陪诊师：帮空巢老人挂号、排队、跑腿、拿报告养老规划师：为初老人群提供退休规划老年人能力评估师：健康评估健康照护师：为老年人提供健康照护及生活照料呼吸治疗师健康财富规划师：为中高净值客户做好量身订制。;#北京拆迁退出历史舞台#;128;XX-Lin13;广东;我国逐步迈入老年化社会，银发经济是未来GDP最重要的构成要素，辽阔的大蓝海。尚需要更多顶层的政策设计、规制标准的出台与指引。;2023-04-08 17:40:04;0;0.0090453621713982;0;0
鳄鱼十三;广东;0;10;46;143;未来你看好哪一行？北京拆迁退出历史舞台北京拆迁户政策没了，以后大家都靠勤劳的双手吧。有万人投票，未来你看好哪一行？银发经济排第一名，里面有什么机会呢？银发经济带来的哪些新兴职业？鳄鱼十三分享一下，去美国和日本看到的情况。比如没空照顾父母，销售拖老所。没空陪父母体检，销售跑腿。没空给父母做饭，销售保姆这也算银发市场。陪诊师：帮空巢老人挂号、排队、跑腿、拿报告养老规划师：为初老人群提供退休规划老年人能力评估师：健康评估健康照护师：为老年人提供健康照护及生活照料呼吸治疗师健康财富规划师：为中高净值客户做好量身订制。;#北京拆迁退出历史舞台#;166;来往春天的列车;北京;[666][666][666];2023-04-09 06:42:41;0;0.0090453621713982;0;0
鳄鱼十三;广东;0;10;46;143;未来你看好哪一行？北京拆迁退出历史舞台北京拆迁户政策没了，以后大家都靠勤劳的双手吧。有万人投票，未来你看好哪一行？银发经济排第一名，里面有什么机会呢？银发经济带来的哪些新兴职业？鳄鱼十三分享一下，去美国和日本看到的情况。比如没空照顾父母，销售拖老所。没空陪父母体检，销售跑腿。没空给父母做饭，销售保姆这也算银发市场。陪诊师：帮空巢老人挂号、排队、跑腿、拿报告养老规划师：为初老人群提供退休规划老年人能力评估师：健康评估健康照护师：为老年人提供健康照护及生活照料呼吸治疗师健康财富规划师：为中高净值客户做好量身订制。;#北京拆迁退出历史舞台#;504;咖啡无语88;陕西;[赞][赞][赞];2023-04-08 13:13:31;2;0.0090453621713982;0;0
鳄鱼十三;广东;0;10;46;143;未来你看好哪一行？北京拆迁退出历史舞台北京拆迁户政策没了，以后大家都靠勤劳的双手吧。有万人投票，未来你看好哪一行？银发经济排第一名，里面有什么机会呢？银发经济带来的哪些新兴职业？鳄鱼十三分享一下，去美国和日本看到的情况。比如没空照顾父母，销售拖老所。没空陪父母体检，销售跑腿。没空给父母做饭，销售保姆这也算银发市场。陪诊师：帮空巢老人挂号、排队、跑腿、拿报告养老规划师：为初老人群提供退休规划老年人能力评估师：健康评估健康照护师：为老年人提供健康照护及生活照料呼吸治疗师健康财富规划师：为中高净值客户做好量身订制。;#北京拆迁退出历史舞台#;20178;Ai搞钱要紧;广东;[心][心][心];2023-04-08 11:05:55;1;0.0090453621713982;0;0
鳄鱼十三;广东;0;10;46;143;未来你看好哪一行？北京拆迁退出历史舞台北京拆迁户政策没了，以后大家都靠勤劳的双手吧。有万人投票，未来你看好哪一行？银发经济排第一名，里面有什么机会呢？银发经济带来的哪些新兴职业？鳄鱼十三分享一下，去美国和日本看到的情况。比如没空照顾父母，销售拖老所。没空陪父母体检，销售跑腿。没空给父母做饭，销售保姆这也算银发市场。陪诊师：帮空巢老人挂号、排队、跑腿、拿报告养老规划师：为初老人群提供退休规划老年人能力评估师：健康评估健康照护师：为老年人提供健康照护及生活照料呼吸治疗师健康财富规划师：为中高净值客户做好量身订制。;#北京拆迁退出历史舞台#;20178;Ai搞钱要紧;广东;[报税][报税];2023-04-08 11:05:53;1;0.0090453621713982;0;0
鳄鱼十三;广东;0;10;46;143;未来你看好哪一行？北京拆迁退出历史舞台北京拆迁户政策没了，以后大家都靠勤劳的双手吧。有万人投票，未来你看好哪一行？银发经济排第一名，里面有什么机会呢？银发经济带来的哪些新兴职业？鳄鱼十三分享一下，去美国和日本看到的情况。比如没空照顾父母，销售拖老所。没空陪父母体检，销售跑腿。没空给父母做饭，销售保姆这也算银发市场。陪诊师：帮空巢老人挂号、排队、跑腿、拿报告养老规划师：为初老人群提供退休规划老年人能力评估师：健康评估健康照护师：为老年人提供健康照护及生活照料呼吸治疗师健康财富规划师：为中高净值客户做好量身订制。;#北京拆迁退出历史舞台#;20178;Ai搞钱要紧;广东;[哆啦A梦害怕][哆啦A梦害怕];2023-04-08 11:05:51;1;0.0090453621713982;0;0
鳄鱼十三;广东;0;10;46;143;未来你看好哪一行？北京拆迁退出历史舞台北京拆迁户政策没了，以后大家都靠勤劳的双手吧。有万人投票，未来你看好哪一行？银发经济排第一名，里面有什么机会呢？银发经济带来的哪些新兴职业？鳄鱼十三分享一下，去美国和日本看到的情况。比如没空照顾父母，销售拖老所。没空陪父母体检，销售跑腿。没空给父母做饭，销售保姆这也算银发市场。陪诊师：帮空巢老人挂号、排队、跑腿、拿报告养老规划师：为初老人群提供退休规划老年人能力评估师：健康评估健康照护师：为老年人提供健康照护及生活照料呼吸治疗师健康财富规划师：为中高净值客户做好量身订制。;#北京拆迁退出历史舞台#;345;C_h-ruguo;其他;[心][心][心];2023-04-08 10:38:54;1;0.0090453621713982;0;0
鳄鱼十三;广东;0;10;46;143;未来你看好哪一行？北京拆迁退出历史舞台北京拆迁户政策没了，以后大家都靠勤劳的双手吧。有万人投票，未来你看好哪一行？银发经济排第一名，里面有什么机会呢？银发经济带来的哪些新兴职业？鳄鱼十三分享一下，去美国和日本看到的情况。比如没空照顾父母，销售拖老所。没空陪父母体检，销售跑腿。没空给父母做饭，销售保姆这也算银发市场。陪诊师：帮空巢老人挂号、排队、跑腿、拿报告养老规划师：为初老人群提供退休规划老年人能力评估师：健康评估健康照护师：为老年人提供健康照护及生活照料呼吸治疗师健康财富规划师：为中高净值客户做好量身订制。;#北京拆迁退出历史舞台#;345;C_h-ruguo;其他;[666][666][666];2023-04-08 10:38:52;1;0.0090453621713982;0;0
鳄鱼十三;广东;0;10;46;143;未来你看好哪一行？北京拆迁退出历史舞台北京拆迁户政策没了，以后大家都靠勤劳的双手吧。有万人投票，未来你看好哪一行？银发经济排第一名，里面有什么机会呢？银发经济带来的哪些新兴职业？鳄鱼十三分享一下，去美国和日本看到的情况。比如没空照顾父母，销售拖老所。没空陪父母体检，销售跑腿。没空给父母做饭，销售保姆这也算银发市场。陪诊师：帮空巢老人挂号、排队、跑腿、拿报告养老规划师：为初老人群提供退休规划老年人能力评估师：健康评估健康照护师：为老年人提供健康照护及生活照料呼吸治疗师健康财富规划师：为中高净值客户做好量身订制。;#北京拆迁退出历史舞台#;345;C_h-ruguo;其他;[微风][微风];2023-04-08 10:38:50;1;0.0090453621713982;0;0
鳄鱼十三;广东;0;10;46;143;未来你看好哪一行？北京拆迁退出历史舞台北京拆迁户政策没了，以后大家都靠勤劳的双手吧。有万人投票，未来你看好哪一行？银发经济排第一名，里面有什么机会呢？银发经济带来的哪些新兴职业？鳄鱼十三分享一下，去美国和日本看到的情况。比如没空照顾父母，销售拖老所。没空陪父母体检，销售跑腿。没空给父母做饭，销售保姆这也算银发市场。陪诊师：帮空巢老人挂号、排队、跑腿、拿报告养老规划师：为初老人群提供退休规划老年人能力评估师：健康评估健康照护师：为老年人提供健康照护及生活照料呼吸治疗师健康财富规划师：为中高净值客户做好量身订制。;#北京拆迁退出历史舞台#;345;C_h-ruguo;其他;[哆啦A梦害怕][哆啦A梦害怕];2023-04-08 10:38:47;1;0.0090453621713982;0;0
鳄鱼十三;广东;0;10;46;143;未来你看好哪一行？北京拆迁退出历史舞台北京拆迁户政策没了，以后大家都靠勤劳的双手吧。有万人投票，未来你看好哪一行？银发经济排第一名，里面有什么机会呢？银发经济带来的哪些新兴职业？鳄鱼十三分享一下，去美国和日本看到的情况。比如没空照顾父母，销售拖老所。没空陪父母体检，销售跑腿。没空给父母做饭，销售保姆这也算银发市场。陪诊师：帮空巢老人挂号、排队、跑腿、拿报告养老规划师：为初老人群提供退休规划老年人能力评估师：健康评估健康照护师：为老年人提供健康照护及生活照料呼吸治疗师健康财富规划师：为中高净值客户做好量身订制。;#北京拆迁退出历史舞台#;290;阿柒公仔;福建;[太阳];2023-04-08 09:12:07;0;0.0090453621713982;0;0
鳄鱼十三;广东;0;10;46;143;未来你看好哪一行？北京拆迁退出历史舞台北京拆迁户政策没了，以后大家都靠勤劳的双手吧。有万人投票，未来你看好哪一行？银发经济排第一名，里面有什么机会呢？银发经济带来的哪些新兴职业？鳄鱼十三分享一下，去美国和日本看到的情况。比如没空照顾父母，销售拖老所。没空陪父母体检，销售跑腿。没空给父母做饭，销售保姆这也算银发市场。陪诊师：帮空巢老人挂号、排队、跑腿、拿报告养老规划师：为初老人群提供退休规划老年人能力评估师：健康评估健康照护师：为老年人提供健康照护及生活照料呼吸治疗师健康财富规划师：为中高净值客户做好量身订制。;#北京拆迁退出历史舞台#;290;阿柒公仔;福建;[鲜花];2023-04-08 09:12:04;0;0.0090453621713982;0;0
鳄鱼十三;广东;0;10;46;143;未来你看好哪一行？北京拆迁退出历史舞台北京拆迁户政策没了，以后大家都靠勤劳的双手吧。有万人投票，未来你看好哪一行？银发经济排第一名，里面有什么机会呢？银发经济带来的哪些新兴职业？鳄鱼十三分享一下，去美国和日本看到的情况。比如没空照顾父母，销售拖老所。没空陪父母体检，销售跑腿。没空给父母做饭，销售保姆这也算银发市场。陪诊师：帮空巢老人挂号、排队、跑腿、拿报告养老规划师：为初老人群提供退休规划老年人能力评估师：健康评估健康照护师：为老年人提供健康照护及生活照料呼吸治疗师健康财富规划师：为中高净值客户做好量身订制。;#北京拆迁退出历史舞台#;663;秀小青;福建;24小时全智能守护[哈哈];2023-04-08 08:47:05;2;0.0090453621713982;0;0
鳄鱼十三;广东;0;10;46;143;未来你看好哪一行？北京拆迁退出历史舞台北京拆迁户政策没了，以后大家都靠勤劳的双手吧。有万人投票，未来你看好哪一行？银发经济排第一名，里面有什么机会呢？银发经济带来的哪些新兴职业？鳄鱼十三分享一下，去美国和日本看到的情况。比如没空照顾父母，销售拖老所。没空陪父母体检，销售跑腿。没空给父母做饭，销售保姆这也算银发市场。陪诊师：帮空巢老人挂号、排队、跑腿、拿报告养老规划师：为初老人群提供退休规划老年人能力评估师：健康评估健康照护师：为老年人提供健康照护及生活照料呼吸治疗师健康财富规划师：为中高净值客户做好量身订制。;#北京拆迁退出历史舞台#;663;秀小青;福建;买平安居家养老险;2023-04-08 08:45:20;2;0.0090453621713982;0;0
鳄鱼十三;广东;0;10;46;143;未来你看好哪一行？北京拆迁退出历史舞台北京拆迁户政策没了，以后大家都靠勤劳的双手吧。有万人投票，未来你看好哪一行？银发经济排第一名，里面有什么机会呢？银发经济带来的哪些新兴职业？鳄鱼十三分享一下，去美国和日本看到的情况。比如没空照顾父母，销售拖老所。没空陪父母体检，销售跑腿。没空给父母做饭，销售保姆这也算银发市场。陪诊师：帮空巢老人挂号、排队、跑腿、拿报告养老规划师：为初老人群提供退休规划老年人能力评估师：健康评估健康照护师：为老年人提供健康照护及生活照料呼吸治疗师健康财富规划师：为中高净值客户做好量身订制。;#北京拆迁退出历史舞台#;663;秀小青;福建;[兔子][兔子][兔子];2023-04-08 08:44:41;1;0.0090453621713982;0;0
鳄鱼十三;广东;0;10;46;143;未来你看好哪一行？北京拆迁退出历史舞台北京拆迁户政策没了，以后大家都靠勤劳的双手吧。有万人投票，未来你看好哪一行？银发经济排第一名，里面有什么机会呢？银发经济带来的哪些新兴职业？鳄鱼十三分享一下，去美国和日本看到的情况。比如没空照顾父母，销售拖老所。没空陪父母体检，销售跑腿。没空给父母做饭，销售保姆这也算银发市场。陪诊师：帮空巢老人挂号、排队、跑腿、拿报告养老规划师：为初老人群提供退休规划老年人能力评估师：健康评估健康照护师：为老年人提供健康照护及生活照料呼吸治疗师健康财富规划师：为中高净值客户做好量身订制。;#北京拆迁退出历史舞台#;106;善捨886;北京;[笑cry][笑cry]第一反应，居然是银行又发行什么玩意儿了[笑cry][笑cry]。转念才明白是老龄化问题[哈哈];2023-04-08 08:15:27;2;0.0090453621713982;0;0
鳄鱼十三;广东;0;10;46;143;未来你看好哪一行？北京拆迁退出历史舞台北京拆迁户政策没了，以后大家都靠勤劳的双手吧。有万人投票，未来你看好哪一行？银发经济排第一名，里面有什么机会呢？银发经济带来的哪些新兴职业？鳄鱼十三分享一下，去美国和日本看到的情况。比如没空照顾父母，销售拖老所。没空陪父母体检，销售跑腿。没空给父母做饭，销售保姆这也算银发市场。陪诊师：帮空巢老人挂号、排队、跑腿、拿报告养老规划师：为初老人群提供退休规划老年人能力评估师：健康评估健康照护师：为老年人提供健康照护及生活照料呼吸治疗师健康财富规划师：为中高净值客户做好量身订制。;#北京拆迁退出历史舞台#;14;乐极生悲喜自渡;其他;还是卖他们保健品认可;2023-04-08 07:33:55;3;0.0090453621713982;0;0
相处的季节制作;江西;0;1;90;204;北京拆迁退出历史舞台早上好相处的季节制作的微博视频;#北京拆迁退出历史舞台#相处的季节制作的微博视频;3404;深情不及久伴小鱼儿;河北;春风正好，万物可爱，人间值得，三月再见，四月你好；愿你心中有爱，遇见美好。希望在新的一个月，你事事顺心，天天好心情，好运不断，喜事连连，美梦成真！;2023-04-08 07:34:19;2;0.0358566073871373;0;0
相处的季节制作;江西;0;1;90;204;北京拆迁退出历史舞台早上好相处的季节制作的微博视频;#北京拆迁退出历史舞台#相处的季节制作的微博视频;3404;相处的季节制作;其他;鱼儿万事如意[鲜花][礼物];2023-04-08 07:35:32;1;0.0358566073871373;1;0
相处的季节制作;江西;0;1;90;204;北京拆迁退出历史舞台早上好相处的季节制作的微博视频;#北京拆迁退出历史舞台#相处的季节制作的微博视频;10845;相处的季节制作;其他;回复@用户7234151860捕风捉影 的表态:早上好[鲜花][鲜花];2023-04-08 07:29:53;4;0.0358566073871373;0;0
相处的季节制作;江西;0;1;90;204;北京拆迁退出历史舞台早上好相处的季节制作的微博视频;#北京拆迁退出历史舞台#相处的季节制作的微博视频;10845;相处的季节制作;其他;回复@小园小诗 的表态:早上好[心];2023-04-08 07:18:49;4;0.0358566073871373;0;0
相处的季节制作;江西;0;1;90;204;北京拆迁退出历史舞台早上好相处的季节制作的微博视频;#北京拆迁退出历史舞台#相处的季节制作的微博视频;10845;相处的季节制作;其他;[礼物][礼物][礼物][音乐][音乐][音乐];2023-04-08 07:16:40;4;0.0358566073871373;0;0
相处的季节制作;江西;0;1;90;204;北京拆迁退出历史舞台早上好相处的季节制作的微博视频;#北京拆迁退出历史舞台#相处的季节制作的微博视频;10845;相处的季节;海外;[喜][喜][喜][鲜花][鲜花][鲜花];2023-04-08 07:21:01;2;0.0358566073871373;1;0
相处的季节制作;江西;0;1;90;204;北京拆迁退出历史舞台早上好相处的季节制作的微博视频;#北京拆迁退出历史舞台#相处的季节制作的微博视频;10845;相处的季节制作;其他;[微风][微风][微风][微风];2023-04-08 07:16:36;4;0.0358566073871373;0;0
相处的季节制作;江西;0;1;90;204;北京拆迁退出历史舞台早上好相处的季节制作的微博视频;#北京拆迁退出历史舞台#相处的季节制作的微博视频;10845;相处的季节;海外;[礼物][礼物][礼物][握手][握手][握手];2023-04-08 07:20:56;2;0.0358566073871373;1;0
相处的季节制作;江西;0;1;90;204;北京拆迁退出历史舞台早上好相处的季节制作的微博视频;#北京拆迁退出历史舞台#相处的季节制作的微博视频;10845;相处的季节制作;其他;[心][心][心][心];2023-04-08 07:16:33;4;0.0358566073871373;0;0
相处的季节制作;江西;0;1;90;204;北京拆迁退出历史舞台早上好相处的季节制作的微博视频;#北京拆迁退出历史舞台#相处的季节制作的微博视频;10845;相处的季节;海外;[微风][微风][微风][微风][微风][微风];2023-04-08 07:20:52;1;0.0358566073871373;1;0
相处的季节制作;江西;0;1;90;204;北京拆迁退出历史舞台早上好相处的季节制作的微博视频;#北京拆迁退出历史舞台#相处的季节制作的微博视频;10845;相处的季节制作;其他;[礼物][礼物][礼物][礼物][礼物];2023-04-08 07:16:30;4;0.0358566073871373;0;0
相处的季节制作;江西;0;1;90;204;北京拆迁退出历史舞台早上好相处的季节制作的微博视频;#北京拆迁退出历史舞台#相处的季节制作的微博视频;10845;相处的季节;海外;[喜][喜][喜][喜][喜];2023-04-08 07:20:49;2;0.0358566073871373;1;0
相处的季节制作;江西;0;1;90;204;北京拆迁退出历史舞台早上好相处的季节制作的微博视频;#北京拆迁退出历史舞台#相处的季节制作的微博视频;10845;相处的季节制作;其他;[音乐][音乐][音乐][音乐][音乐];2023-04-08 07:16:28;4;0.0358566073871373;0;0
相处的季节制作;江西;0;1;90;204;北京拆迁退出历史舞台早上好相处的季节制作的微博视频;#北京拆迁退出历史舞台#相处的季节制作的微博视频;10845;相处的季节;海外;[鲜花][鲜花][鲜花][鲜花][鲜花];2023-04-08 07:20:45;2;0.0358566073871373;1;0
相处的季节制作;江西;0;1;90;204;北京拆迁退出历史舞台早上好相处的季节制作的微博视频;#北京拆迁退出历史舞台#相处的季节制作的微博视频;2740;魔都linda;上海;友早上好，周末愉快[咖啡][微风][鲜花];2023-04-08 10:41:33;2;0.0358566073871373;0;0
相处的季节制作;江西;0;1;90;204;北京拆迁退出历史舞台早上好相处的季节制作的微博视频;#北京拆迁退出历史舞台#相处的季节制作的微博视频;2740;相处的季节制作;其他;美友幸福快乐[鲜花][鲜花];2023-04-08 10:43:00;1;0.0358566073871373;1;0
相处的季节制作;江西;0;1;90;204;北京拆迁退出历史舞台早上好相处的季节制作的微博视频;#北京拆迁退出历史舞台#相处的季节制作的微博视频;10845;相处的季节制作;其他;回复@笑嫣然1202 的表态:上午好[鲜花][礼物];2023-04-08 09:20:00;2;0.0358566073871373;0;0
相处的季节制作;江西;0;1;90;204;北京拆迁退出历史舞台早上好相处的季节制作的微博视频;#北京拆迁退出历史舞台#相处的季节制作的微博视频;10845;笑嫣然1202;甘肃;谢友，午安！[作揖][给力][鲜花][微风][微风];2023-04-08 14:30:11;0;0.0358566073871373;1;0
相处的季节制作;江西;0;1;90;204;北京拆迁退出历史舞台早上好相处的季节制作的微博视频;#北京拆迁退出历史舞台#相处的季节制作的微博视频;10845;相处的季节制作;其他;回复@耕耘天地333 的表态:开心每天;2023-04-09 07:30:05;1;0.0358566073871373;0;0
相处的季节制作;江西;0;1;90;204;北京拆迁退出历史舞台早上好相处的季节制作的微博视频;#北京拆迁退出历史舞台#相处的季节制作的微博视频;10845;耕耘天地333;内蒙古;万事顺心[鲜花][鲜花];2023-04-09 07:36:16;1;0.0358566073871373;1;0
相处的季节制作;江西;0;1;90;204;北京拆迁退出历史舞台早上好相处的季节制作的微博视频;#北京拆迁退出历史舞台#相处的季节制作的微博视频;10845;相处的季节制作;其他;回复@耕耘天地333 的表态:万事如意;2023-04-08 20:12:10;1;0.0358566073871373;0;0
相处的季节制作;江西;0;1;90;204;北京拆迁退出历史舞台早上好相处的季节制作的微博视频;#北京拆迁退出历史舞台#相处的季节制作的微博视频;10845;耕耘天地333;内蒙古;幸福安康！[鲜花][微风];2023-04-08 20:17:18;1;0.0358566073871373;1;0
相处的季节制作;江西;0;1;90;204;北京拆迁退出历史舞台早上好相处的季节制作的微博视频;#北京拆迁退出历史舞台#相处的季节制作的微博视频;16315;燕子是猫猫;河南;好友，周末愉快[微笑][握手][赞][音乐][鲜花][微风];2023-04-08 18:48:06;1;0.0358566073871373;0;0
相处的季节制作;江西;0;1;90;204;北京拆迁退出历史舞台早上好相处的季节制作的微博视频;#北京拆迁退出历史舞台#相处的季节制作的微博视频;16315;相处的季节制作;其他;美燕子周末愉快[鲜花][鲜花];2023-04-08 18:48:41;1;0.0358566073871373;1;0
相处的季节制作;江西;0;1;90;204;北京拆迁退出历史舞台早上好相处的季节制作的微博视频;#北京拆迁退出历史舞台#相处的季节制作的微博视频;7382;馨雨9789;辽宁;[心][鲜花][鲜花][鲜花];2023-04-08 17:36:55;1;0.0358566073871373;0;0
相处的季节制作;江西;0;1;90;204;北京拆迁退出历史舞台早上好相处的季节制作的微博视频;#北京拆迁退出历史舞台#相处的季节制作的微博视频;7382;相处的季节制作;其他;[音乐][音乐][音乐][浪];2023-04-08 18:45:34;1;0.0358566073871373;1;0
相处的季节制作;江西;0;1;90;204;北京拆迁退出历史舞台早上好相处的季节制作的微博视频;#北京拆迁退出历史舞台#相处的季节制作的微博视频;131839;大公公橘猫Mike;上海;友友周末好[爱你][爱你][爱你];2023-04-08 15:33:27;1;0.0358566073871373;0;0
相处的季节制作;江西;0;1;90;204;北京拆迁退出历史舞台早上好相处的季节制作的微博视频;#北京拆迁退出历史舞台#相处的季节制作的微博视频;131839;相处的季节制作;其他;美友周末愉快[礼物];2023-04-08 16:16:39;1;0.0358566073871373;1;0
相处的季节制作;江西;0;1;90;204;北京拆迁退出历史舞台早上好相处的季节制作的微博视频;#北京拆迁退出历史舞台#相处的季节制作的微博视频;1923;沂蒙诗人;山东;好友上午好！周六愉快。[干杯][干杯][鲜花][鲜花][鲜花];2023-04-08 09:50:33;1;0.0358566073871373;0;0
相处的季节制作;江西;0;1;90;204;北京拆迁退出历史舞台早上好相处的季节制作的微博视频;#北京拆迁退出历史舞台#相处的季节制作的微博视频;1923;相处的季节制作;其他;友周末愉快[心][音乐];2023-04-08 10:43:09;1;0.0358566073871373;1;0
相处的季节制作;江西;0;1;90;204;北京拆迁退出历史舞台早上好相处的季节制作的微博视频;#北京拆迁退出历史舞台#相处的季节制作的微博视频;10845;相处的季节制作;其他;回复@榕下夜 的表态:美友上午好[鲜花][鲜花];2023-04-08 09:24:34;2;0.0358566073871373;0;0
相处的季节制作;江西;0;1;90;204;北京拆迁退出历史舞台早上好相处的季节制作的微博视频;#北京拆迁退出历史舞台#相处的季节制作的微博视频;10845;榕下夜;福建;友友下午好[咖啡][微风][鲜花];2023-04-08 14:10:46;0;0.0358566073871373;1;0
相处的季节制作;江西;0;1;90;204;北京拆迁退出历史舞台早上好相处的季节制作的微博视频;#北京拆迁退出历史舞台#相处的季节制作的微博视频;10845;相处的季节制作;其他;回复@泥巴汉6104751467 的表态:早上好[握手];2023-04-08 07:37:17;3;0.0358566073871373;0;0
相处的季节制作;江西;0;1;90;204;北京拆迁退出历史舞台早上好相处的季节制作的微博视频;#北京拆迁退出历史舞台#相处的季节制作的微博视频;10845;相处的季节制作;其他;回复@深情不及久伴小鱼儿 的表态:鱼儿幸福美满[鲜花][握手];2023-04-08 07:35:11;3;0.0358566073871373;0;0
相处的季节制作;江西;0;1;90;204;北京拆迁退出历史舞台早上好相处的季节制作的微博视频;#北京拆迁退出历史舞台#相处的季节制作的微博视频;10845;相处的季节制作;其他;回复@两脚东西 的表态:美友早上好[鲜花];2023-04-08 07:35:02;3;0.0358566073871373;0;0
相处的季节制作;江西;0;1;90;204;北京拆迁退出历史舞台早上好相处的季节制作的微博视频;#北京拆迁退出历史舞台#相处的季节制作的微博视频;10845;相处的季节制作;其他;回复@雨点大XL 的表态:万事如意[礼物][音乐][心];2023-04-09 07:29:53;2;0.0358566073871373;0;0
相处的季节制作;江西;0;1;90;204;北京拆迁退出历史舞台早上好相处的季节制作的微博视频;#北京拆迁退出历史舞台#相处的季节制作的微博视频;10845;相处的季节制作;其他;回复@用户7234151860捕风捉影 的表态:开心每天;2023-04-09 07:29:23;3;0.0358566073871373;0;0
相处的季节制作;江西;0;1;90;204;北京拆迁退出历史舞台早上好相处的季节制作的微博视频;#北京拆迁退出历史舞台#相处的季节制作的微博视频;10845;相处的季节制作;其他;回复@如鱼沉水 的表态:周末愉快[鲜花][心];2023-04-08 20:59:39;2;0.0358566073871373;0;0
相处的季节制作;江西;0;1;90;204;北京拆迁退出历史舞台早上好相处的季节制作的微博视频;#北京拆迁退出历史舞台#相处的季节制作的微博视频;10845;相处的季节制作;其他;回复@松怕常青 的表态:幸福快乐;2023-04-08 20:08:47;2;0.0358566073871373;0;0
相处的季节制作;江西;0;1;90;204;北京拆迁退出历史舞台早上好相处的季节制作的微博视频;#北京拆迁退出历史舞台#相处的季节制作的微博视频;10845;相处的季节制作;其他;回复@相思的债92781 的表态:开心每天[礼物];2023-04-08 20:08:34;2;0.0358566073871373;0;0
相处的季节制作;江西;0;1;90;204;北京拆迁退出历史舞台早上好相处的季节制作的微博视频;#北京拆迁退出历史舞台#相处的季节制作的微博视频;10845;相处的季节制作;其他;回复@燕子_ly45678 的表态:燕子周末愉快[鲜花][鲜花];2023-04-08 18:48:12;2;0.0358566073871373;0;0
相处的季节制作;江西;0;1;90;204;北京拆迁退出历史舞台早上好相处的季节制作的微博视频;#北京拆迁退出历史舞台#相处的季节制作的微博视频;10845;相处的季节制作;其他;回复@二木_201504_扈林原创歌词_诗词 的表态:晚上好[心][礼物][握手];2023-04-08 18:44:48;2;0.0358566073871373;0;0
相处的季节制作;江西;0;1;90;204;北京拆迁退出历史舞台早上好相处的季节制作的微博视频;#北京拆迁退出历史舞台#相处的季节制作的微博视频;10845;相处的季节制作;其他;回复@兴荣职业技能考培 的表态:晚上好[浪][音乐];2023-04-08 18:44:39;2;0.0358566073871373;0;0
相处的季节制作;江西;0;1;90;204;北京拆迁退出历史舞台早上好相处的季节制作的微博视频;#北京拆迁退出历史舞台#相处的季节制作的微博视频;10845;相处的季节制作;其他;回复@沙风爱看新闻联播 的表态:幸福快乐[心][鲜花];2023-04-08 17:30:27;2;0.0358566073871373;0;0
相处的季节制作;江西;0;1;90;204;北京拆迁退出历史舞台早上好相处的季节制作的微博视频;#北京拆迁退出历史舞台#相处的季节制作的微博视频;10845;相处的季节制作;其他;回复@豫章记忆 的表态:周末愉快[音乐];2023-04-08 17:29:59;2;0.0358566073871373;0;0
相处的季节制作;江西;0;1;90;204;北京拆迁退出历史舞台早上好相处的季节制作的微博视频;#北京拆迁退出历史舞台#相处的季节制作的微博视频;10845;相处的季节制作;其他;回复@豫章记忆 的表态:下午好[音乐][音乐][礼物][礼物];2023-04-08 16:14:44;2;0.0358566073871373;0;0
相处的季节制作;江西;0;1;90;204;北京拆迁退出历史舞台早上好相处的季节制作的微博视频;#北京拆迁退出历史舞台#相处的季节制作的微博视频;10845;相处的季节制作;其他;回复@大公公橘猫Mike 的表态:美友下午好[音乐][鲜花];2023-04-08 16:14:31;2;0.0358566073871373;0;0
相处的季节制作;江西;0;1;90;204;北京拆迁退出历史舞台早上好相处的季节制作的微博视频;#北京拆迁退出历史舞台#相处的季节制作的微博视频;10845;相处的季节制作;其他;回复@用户7536334594青叶 的表态:下午好[心][音乐];2023-04-08 14:01:01;2;0.0358566073871373;0;0
相处的季节制作;江西;0;1;90;204;北京拆迁退出历史舞台早上好相处的季节制作的微博视频;#北京拆迁退出历史舞台#相处的季节制作的微博视频;10845;相处的季节制作;其他;回复@汉唐狼烟 的表态:下午好[礼物][微风];2023-04-08 14:00:55;2;0.0358566073871373;0;0
相处的季节制作;江西;0;1;90;204;北京拆迁退出历史舞台早上好相处的季节制作的微博视频;#北京拆迁退出历史舞台#相处的季节制作的微博视频;10845;相处的季节制作;其他;回复@刘嘉妍J 的表态:妍妍周末愉快[鲜花][鲜花];2023-04-08 14:00:47;2;0.0358566073871373;0;0
相处的季节制作;江西;0;1;90;204;北京拆迁退出历史舞台早上好相处的季节制作的微博视频;#北京拆迁退出历史舞台#相处的季节制作的微博视频;10845;相处的季节制作;其他;回复@丽丽洋wb 的表态:中午好[礼物][鲜花];2023-04-08 12:17:37;2;0.0358566073871373;0;0
相处的季节制作;江西;0;1;90;204;北京拆迁退出历史舞台早上好相处的季节制作的微博视频;#北京拆迁退出历史舞台#相处的季节制作的微博视频;10845;相处的季节制作;其他;回复@二木_201504_扈林原创歌词_诗词 的表态:中午好;2023-04-08 12:17:17;2;0.0358566073871373;0;0
相处的季节制作;江西;0;1;90;204;北京拆迁退出历史舞台早上好相处的季节制作的微博视频;#北京拆迁退出历史舞台#相处的季节制作的微博视频;10845;相处的季节制作;其他;回复@肖家屋脊文化玉人 的表态:中午好[心][鲜花];2023-04-08 12:16:32;2;0.0358566073871373;0;0
相处的季节制作;江西;0;1;90;204;北京拆迁退出历史舞台早上好相处的季节制作的微博视频;#北京拆迁退出历史舞台#相处的季节制作的微博视频;10845;相处的季节制作;其他;回复@宋培贤202111 的表态:中午好[音乐][音乐];2023-04-08 11:34:51;2;0.0358566073871373;0;0
相处的季节制作;江西;0;1;90;204;北京拆迁退出历史舞台早上好相处的季节制作的微博视频;#北京拆迁退出历史舞台#相处的季节制作的微博视频;10845;相处的季节制作;其他;回复@枫叶荻花秋瑟瑟XM 的表态:中午好[音乐][心];2023-04-08 11:31:23;2;0.0358566073871373;0;0
相处的季节制作;江西;0;1;90;204;北京拆迁退出历史舞台早上好相处的季节制作的微博视频;#北京拆迁退出历史舞台#相处的季节制作的微博视频;10845;相处的季节制作;其他;回复@雪蝶snowbutterfly 的表态:中午好[鲜花][鲜花];2023-04-08 11:31:04;2;0.0358566073871373;0;0
相处的季节制作;江西;0;1;90;204;北京拆迁退出历史舞台早上好相处的季节制作的微博视频;#北京拆迁退出历史舞台#相处的季节制作的微博视频;10845;相处的季节制作;其他;回复@魔都linda 的表态:美友上午好[心][鲜花];2023-04-08 10:42:25;2;0.0358566073871373;0;0
相处的季节制作;江西;0;1;90;204;北京拆迁退出历史舞台早上好相处的季节制作的微博视频;#北京拆迁退出历史舞台#相处的季节制作的微博视频;10845;相处的季节制作;其他;回复@相思的债92781 的表态:上午好[微风][心];2023-04-08 10:41:05;2;0.0358566073871373;0;0
相处的季节制作;江西;0;1;90;204;北京拆迁退出历史舞台早上好相处的季节制作的微博视频;#北京拆迁退出历史舞台#相处的季节制作的微博视频;10845;相处的季节制作;其他;回复@鸿运当头5129 的表态:上午好[微风][握手];2023-04-08 10:40:52;2;0.0358566073871373;0;0
相处的季节制作;江西;0;1;90;204;北京拆迁退出历史舞台早上好相处的季节制作的微博视频;#北京拆迁退出历史舞台#相处的季节制作的微博视频;10845;相处的季节制作;其他;回复@二木_201504_扈林原创歌词_诗词 的表态:周末愉快[心][心];2023-04-08 10:40:41;2;0.0358566073871373;0;0
相处的季节制作;江西;0;1;90;204;北京拆迁退出历史舞台早上好相处的季节制作的微博视频;#北京拆迁退出历史舞台#相处的季节制作的微博视频;10845;相处的季节制作;其他;回复@沂蒙诗人 的表态:上午好[礼物][礼物];2023-04-08 10:40:30;2;0.0358566073871373;0;0
相处的季节制作;江西;0;1;90;204;北京拆迁退出历史舞台早上好相处的季节制作的微博视频;#北京拆迁退出历史舞台#相处的季节制作的微博视频;10845;相处的季节制作;其他;回复@二木_201504_扈林原创歌词_诗词 的表态:上午好[心][微风];2023-04-08 09:20:06;2;0.0358566073871373;0;0
相处的季节制作;江西;0;1;90;204;北京拆迁退出历史舞台早上好相处的季节制作的微博视频;#北京拆迁退出历史舞台#相处的季节制作的微博视频;10845;二木_201504_扈林原创歌词_诗词;辽宁;友中午好！[鲜花][鲜花][握手][握手][作揖][作揖];2023-04-08 14:40:38;0;0.0358566073871373;1;0
相处的季节制作;江西;0;1;90;204;北京拆迁退出历史舞台早上好相处的季节制作的微博视频;#北京拆迁退出历史舞台#相处的季节制作的微博视频;10845;相处的季节制作;其他;回复@轮椅诗人赵英环 的表态:上午好[礼物][心];2023-04-08 09:19:51;2;0.0358566073871373;0;0
相处的季节制作;江西;0;1;90;204;北京拆迁退出历史舞台早上好相处的季节制作的微博视频;#北京拆迁退出历史舞台#相处的季节制作的微博视频;10845;相处的季节制作;其他;回复@如鱼沉水 的表态:上午好[鲜花][鲜花];2023-04-08 09:19:42;2;0.0358566073871373;0;0
相处的季节制作;江西;0;1;90;204;北京拆迁退出历史舞台早上好相处的季节制作的微博视频;#北京拆迁退出历史舞台#相处的季节制作的微博视频;10845;相处的季节制作;其他;回复@莲花yh-17 的表态:上午好[礼物][礼物];2023-04-08 09:18:44;2;0.0358566073871373;0;0
相处的季节制作;江西;0;1;90;204;北京拆迁退出历史舞台早上好相处的季节制作的微博视频;#北京拆迁退出历史舞台#相处的季节制作的微博视频;10845;相处的季节制作;其他;回复@玫瑰佳人XY拒聊 的表态:美友上午好[鲜花][心];2023-04-08 09:18:37;2;0.0358566073871373;0;0
相处的季节制作;江西;0;1;90;204;北京拆迁退出历史舞台早上好相处的季节制作的微博视频;#北京拆迁退出历史舞台#相处的季节制作的微博视频;10845;相处的季节制作;其他;回复@北京分公司--李丽 的表态:上午好[礼物][握手];2023-04-08 09:18:25;2;0.0358566073871373;0;0
相处的季节制作;江西;0;1;90;204;北京拆迁退出历史舞台早上好相处的季节制作的微博视频;#北京拆迁退出历史舞台#相处的季节制作的微博视频;10845;相处的季节制作;其他;回复@二木_201504_扈林原创歌词_诗词 的表态:早上好[心][心];2023-04-08 08:10:58;2;0.0358566073871373;0;0
相处的季节制作;江西;0;1;90;204;北京拆迁退出历史舞台早上好相处的季节制作的微博视频;#北京拆迁退出历史舞台#相处的季节制作的微博视频;10845;二木_201504_扈林原创歌词_诗词;辽宁;友中午好！[鲜花][鲜花][握手][握手][作揖][作揖];2023-04-08 12:02:15;0;0.0358566073871373;1;0
相处的季节制作;江西;0;1;90;204;北京拆迁退出历史舞台早上好相处的季节制作的微博视频;#北京拆迁退出历史舞台#相处的季节制作的微博视频;10845;相处的季节制作;其他;回复@Y不老松 的表态:早上好[握手][礼物];2023-04-08 08:10:51;2;0.0358566073871373;0;0
相处的季节制作;江西;0;1;90;204;北京拆迁退出历史舞台早上好相处的季节制作的微博视频;#北京拆迁退出历史舞台#相处的季节制作的微博视频;10845;相处的季节制作;其他;回复@田露2019 的表态:露露早上好[鲜花];2023-04-08 08:10:44;2;0.0358566073871373;0;0
相处的季节制作;江西;0;1;90;204;北京拆迁退出历史舞台早上好相处的季节制作的微博视频;#北京拆迁退出历史舞台#相处的季节制作的微博视频;10845;相处的季节制作;其他;回复@韵景1 的表态:早上好[礼物][微风];2023-04-08 08:10:27;2;0.0358566073871373;0;0
相处的季节制作;江西;0;1;90;204;北京拆迁退出历史舞台早上好相处的季节制作的微博视频;#北京拆迁退出历史舞台#相处的季节制作的微博视频;10845;相处的季节制作;其他;回复@flyz枫林叶子 的表态:下午好[微风][心];2023-04-08 16:14:37;1;0.0358566073871373;0;0
相处的季节制作;江西;0;1;90;204;北京拆迁退出历史舞台早上好相处的季节制作的微博视频;#北京拆迁退出历史舞台#相处的季节制作的微博视频;10845;flyz枫林叶子;江苏;下午好！[抱抱][鲜花][绿丝带][心];2023-04-08 16:23:47;0;0.0358566073871373;1;0
相处的季节制作;江西;0;1;90;204;北京拆迁退出历史舞台早上好相处的季节制作的微博视频;#北京拆迁退出历史舞台#相处的季节制作的微博视频;10845;相处的季节制作;其他;回复@闲看雨落听花语 的表态:早上好[握手][心];2023-04-08 08:10:35;1;0.0358566073871373;0;0
相处的季节制作;江西;0;1;90;204;北京拆迁退出历史舞台早上好相处的季节制作的微博视频;#北京拆迁退出历史舞台#相处的季节制作的微博视频;10845;闲看雨落听花语;江苏;周末好[作揖][鲜花];2023-04-08 08:11:44;1;0.0358566073871373;1;0
相处的季节制作;江西;0;1;90;204;北京拆迁退出历史舞台早上好相处的季节制作的微博视频;#北京拆迁退出历史舞台#相处的季节制作的微博视频;4373;丽丽洋wb;天津;周末愉快！[鲜花][鲜花];2023-04-08 12:16:05;1;0.0358566073871373;0;0
相处的季节制作;江西;0;1;90;204;北京拆迁退出历史舞台早上好相处的季节制作的微博视频;#北京拆迁退出历史舞台#相处的季节制作的微博视频;4373;相处的季节制作;其他;友周末愉快[鲜花];2023-04-08 12:18:16;1;0.0358566073871373;1;0
相处的季节制作;江西;0;1;90;204;北京拆迁退出历史舞台早上好相处的季节制作的微博视频;#北京拆迁退出历史舞台#相处的季节制作的微博视频;4373;丽丽洋wb;天津;精彩佳作美博欣赏！[赞][赞][赞啊][赞啊];2023-04-08 12:15:58;1;0.0358566073871373;0;0
相处的季节制作;江西;0;1;90;204;北京拆迁退出历史舞台早上好相处的季节制作的微博视频;#北京拆迁退出历史舞台#相处的季节制作的微博视频;4373;相处的季节制作;其他;开心每天;2023-04-08 12:18:21;1;0.0358566073871373;1;0
相处的季节制作;江西;0;1;90;204;北京拆迁退出历史舞台早上好相处的季节制作的微博视频;#北京拆迁退出历史舞台#相处的季节制作的微博视频;4373;丽丽洋wb;天津;图片评论 http://t.cn/A6NL8rix;2023-04-08 12:15:51;1;0.0358566073871373;0;0
相处的季节制作;江西;0;1;90;204;北京拆迁退出历史舞台早上好相处的季节制作的微博视频;#北京拆迁退出历史舞台#相处的季节制作的微博视频;4373;相处的季节制作;其他;幸福快乐[心];2023-04-08 12:18:28;1;0.0358566073871373;1;0
相处的季节制作;江西;0;1;90;204;北京拆迁退出历史舞台早上好相处的季节制作的微博视频;#北京拆迁退出历史舞台#相处的季节制作的微博视频;24237;雪蝶snowbutterfly;广西;早上好[音乐][音乐];2023-04-08 10:57:19;2;0.0358566073871373;0;0
相处的季节制作;江西;0;1;90;204;北京拆迁退出历史舞台早上好相处的季节制作的微博视频;#北京拆迁退出历史舞台#相处的季节制作的微博视频;24237;相处的季节制作;其他;友幸福快乐[鲜花];2023-04-08 12:18:50;2;0.0358566073871373;1;0
相处的季节制作;江西;0;1;90;204;北京拆迁退出历史舞台早上好相处的季节制作的微博视频;#北京拆迁退出历史舞台#相处的季节制作的微博视频;10845;相处的季节制作;其他;回复@如鱼沉水 的表态:晚上好[鲜花][礼物];2023-04-09 20:37:19;1;0.0358566073871373;0;0
相处的季节制作;江西;0;1;90;204;北京拆迁退出历史舞台早上好相处的季节制作的微博视频;#北京拆迁退出历史舞台#相处的季节制作的微博视频;10845;相处的季节制作;其他;回复@放在星期八的日落 的表态:开心每天[礼物][鲜花];2023-04-16 20:21:47;0;0.0358566073871373;0;0
相处的季节制作;江西;0;1;90;204;北京拆迁退出历史舞台早上好相处的季节制作的微博视频;#北京拆迁退出历史舞台#相处的季节制作的微博视频;10845;相处的季节制作;其他;回复@如鱼沉水 的表态:下午好[音乐][鲜花];2023-04-11 14:44:41;0;0.0358566073871373;0;0
相处的季节制作;江西;0;1;90;204;北京拆迁退出历史舞台早上好相处的季节制作的微博视频;#北京拆迁退出历史舞台#相处的季节制作的微博视频;10845;相处的季节制作;其他;回复@马砚菲 的表态:晚上好[礼物];2023-04-10 18:53:54;0;0.0358566073871373;0;0
夫天妈妈;北京;0;1;1;3;北京拆迁退出历史舞台拆迁暴富正式退出历史的舞台。;#北京拆迁退出历史舞台#;46;葵花小哇;北京;#北京拆迁退出历史舞台#住了几代人的房子，还是有感情的。;2023-04-08 07:36:48;0;0.0737610239628039;0;0
漠宏庵;湖南;0;0;8;6;北京拆迁退出历史舞台这些年大江南北靠折迁不知打造出了多少富翁富婆希望不只是北京退出拆迁历史舞台，其它的一些城市都要跟进。;#北京拆迁退出历史舞台#;347;7345380241樱桃;辽宁;[赞][赞][赞];2023-04-08 21:02:24;0;0.0518417720942126;0;0
漠宏庵;湖南;0;0;8;6;北京拆迁退出历史舞台这些年大江南北靠折迁不知打造出了多少富翁富婆希望不只是北京退出拆迁历史舞台，其它的一些城市都要跟进。;#北京拆迁退出历史舞台#;347;漠宏庵;湖南;[咖啡];2023-04-08 21:07:38;0;0.0518417720942126;1;0
漠宏庵;湖南;0;0;8;6;北京拆迁退出历史舞台这些年大江南北靠折迁不知打造出了多少富翁富婆希望不只是北京退出拆迁历史舞台，其它的一些城市都要跟进。;#北京拆迁退出历史舞台#;467854;六月寒烟;上海;[话筒][话筒];2023-04-08 20:35:04;1;0.0518417720942126;0;0
漠宏庵;湖南;0;0;8;6;北京拆迁退出历史舞台这些年大江南北靠折迁不知打造出了多少富翁富婆希望不只是北京退出拆迁历史舞台，其它的一些城市都要跟进。;#北京拆迁退出历史舞台#;467854;漠宏庵;湖南;[鲜花][微风];2023-04-08 21:09:28;1;0.0518417720942126;1;0
漠宏庵;湖南;0;0;8;6;北京拆迁退出历史舞台这些年大江南北靠折迁不知打造出了多少富翁富婆希望不只是北京退出拆迁历史舞台，其它的一些城市都要跟进。;#北京拆迁退出历史舞台#;296;佛丽缘;湖南;[赞啊];2023-04-08 09:23:04;0;0.0518417720942126;0;0
漠宏庵;湖南;0;0;8;6;北京拆迁退出历史舞台这些年大江南北靠折迁不知打造出了多少富翁富婆希望不只是北京退出拆迁历史舞台，其它的一些城市都要跟进。;#北京拆迁退出历史舞台#;296;漠宏庵;湖南;[围观];2023-04-08 14:22:11;0;0.0518417720942126;1;0
漠宏庵;湖南;0;0;8;6;北京拆迁退出历史舞台这些年大江南北靠折迁不知打造出了多少富翁富婆希望不只是北京退出拆迁历史舞台，其它的一些城市都要跟进。;#北京拆迁退出历史舞台#;91;雨香婷;海外;支持你;2023-04-08 08:15:02;0;0.0518417720942126;0;0
漠宏庵;湖南;0;0;8;6;北京拆迁退出历史舞台这些年大江南北靠折迁不知打造出了多少富翁富婆希望不只是北京退出拆迁历史舞台，其它的一些城市都要跟进。;#北京拆迁退出历史舞台#;91;漠宏庵;湖南;[赞][赞];2023-04-08 14:23:03;0;0.0518417720942126;1;0
大连曲国胜;辽宁;0;0;11;6;中超联赛北京拆迁退出历史舞台拆迁暴富即将退出历史舞台王健林真敢逗乐子玩中国男足不就是个笑话吗？大连曲国胜的微博视频;#中超联赛##北京拆迁退出历史舞台##王健林#大连曲国胜的微博视频;635440;大连曲国胜;辽宁;【CBA联赛赛程与成绩】http://t.cn/A6CzACUn;2023-04-08 22:03:26;0;0.0482053833311882;0;0
大连曲国胜;辽宁;0;0;11;6;中超联赛北京拆迁退出历史舞台拆迁暴富即将退出历史舞台王健林真敢逗乐子玩中国男足不就是个笑话吗？大连曲国胜的微博视频;#中超联赛##北京拆迁退出历史舞台##王健林#大连曲国胜的微博视频;635440;大连曲国胜;辽宁;明天CBA季后赛来了;2023-04-08 22:03:44;0;0.0482053833311882;1;0
大连曲国胜;辽宁;0;0;11;6;中超联赛北京拆迁退出历史舞台拆迁暴富即将退出历史舞台王健林真敢逗乐子玩中国男足不就是个笑话吗？大连曲国胜的微博视频;#中超联赛##北京拆迁退出历史舞台##王健林#大连曲国胜的微博视频;22940;知心婆婆;辽宁;奋斗过程拿的住市场，更要拿的住自己！[赞][赞][赞];2023-04-08 07:03:48;0;0.0482053833311882;0;0
大连曲国胜;辽宁;0;0;11;6;中超联赛北京拆迁退出历史舞台拆迁暴富即将退出历史舞台王健林真敢逗乐子玩中国男足不就是个笑话吗？大连曲国胜的微博视频;#中超联赛##北京拆迁退出历史舞台##王健林#大连曲国胜的微博视频;22940;大连曲国胜;辽宁;精髓精湛精深！[心];2023-04-08 07:26:27;0;0.0482053833311882;1;0
大连曲国胜;辽宁;0;0;11;6;中超联赛北京拆迁退出历史舞台拆迁暴富即将退出历史舞台王健林真敢逗乐子玩中国男足不就是个笑话吗？大连曲国胜的微博视频;#中超联赛##北京拆迁退出历史舞台##王健林#大连曲国胜的微博视频;231;老李爱大连;辽宁;曲老师周末愉快，中国体育现在是臭大街了，各种新闻[允悲];2023-04-08 09:53:54;0;0.0482053833311882;0;0
大连曲国胜;辽宁;0;0;11;6;中超联赛北京拆迁退出历史舞台拆迁暴富即将退出历史舞台王健林真敢逗乐子玩中国男足不就是个笑话吗？大连曲国胜的微博视频;#中超联赛##北京拆迁退出历史舞台##王健林#大连曲国胜的微博视频;231;大连曲国胜;辽宁;也就是个乐子[哈哈];2023-04-08 09:59:44;0;0.0482053833311882;1;0
大连曲国胜;辽宁;0;0;11;6;中超联赛北京拆迁退出历史舞台拆迁暴富即将退出历史舞台王健林真敢逗乐子玩中国男足不就是个笑话吗？大连曲国胜的微博视频;#中超联赛##北京拆迁退出历史舞台##王健林#大连曲国胜的微博视频;635440;大连曲国胜;辽宁;看球指南 http://t.cn/A6XZ0aQm;2023-04-08 07:02:13;0;0.0482053833311882;0;0
大连曲国胜;辽宁;0;0;11;6;中超联赛北京拆迁退出历史舞台拆迁暴富即将退出历史舞台王健林真敢逗乐子玩中国男足不就是个笑话吗？大连曲国胜的微博视频;#中超联赛##北京拆迁退出历史舞台##王健林#大连曲国胜的微博视频;635440;大连曲国胜;辽宁;NBA赛程与排名 http://t.cn/A69H1DjJ;2023-04-08 07:01:28;0;0.0482053833311882;0;0
大连曲国胜;辽宁;0;0;11;6;中超联赛北京拆迁退出历史舞台拆迁暴富即将退出历史舞台王健林真敢逗乐子玩中国男足不就是个笑话吗？大连曲国胜的微博视频;#中超联赛##北京拆迁退出历史舞台##王健林#大连曲国胜的微博视频;1072;微笑的猎隼-小希望;辽宁;男足解散[哈哈];2023-04-08 07:24:13;0;0.0482053833311882;0;0
大连曲国胜;辽宁;0;0;11;6;中超联赛北京拆迁退出历史舞台拆迁暴富即将退出历史舞台王健林真敢逗乐子玩中国男足不就是个笑话吗？大连曲国胜的微博视频;#中超联赛##北京拆迁退出历史舞台##王健林#大连曲国胜的微博视频;1072;大连曲国胜;辽宁;还得乐乐[哈哈];2023-04-08 07:26:45;0;0.0482053833311882;1;0
大连曲国胜;辽宁;0;0;11;6;中超联赛北京拆迁退出历史舞台拆迁暴富即将退出历史舞台王健林真敢逗乐子玩中国男足不就是个笑话吗？大连曲国胜的微博视频;#中超联赛##北京拆迁退出历史舞台##王健林#大连曲国胜的微博视频;288;苏菲的移动厨房;陕西;她一人生个王思聪，你看能不能折腾完[偷笑]?;2023-04-12 20:05:28;0;0.0482053833311882;0;0
邵先生-易学;广东;0;0;8;40;北京拆迁退出历史舞台一个时代的产物，种种迹象都表明，靠房产暴富的机会越来越少，粗放型增长的尾声，必须往高精尖行业发展，未来你准备好了么？;#北京拆迁退出历史舞台#;88;元气松柏;其他;先生我很好奇，八字能分析出具体哪年买房吗？;2023-04-08 09:59:00;0;0.0234254294155006;0;0
邵先生-易学;广东;0;0;8;40;北京拆迁退出历史舞台一个时代的产物，种种迹象都表明，靠房产暴富的机会越来越少，粗放型增长的尾声，必须往高精尖行业发展，未来你准备好了么？;#北京拆迁退出历史舞台#;88;元气松柏;其他;回复@邵先生-易学:哈哈哈 是不是事业婚姻是重点研究;2023-04-08 11:29:41;0;0.0234254294155006;1;0
邵先生-易学;广东;0;0;8;40;北京拆迁退出历史舞台一个时代的产物，种种迹象都表明，靠房产暴富的机会越来越少，粗放型增长的尾声，必须往高精尖行业发展，未来你准备好了么？;#北京拆迁退出历史舞台#;88;邵先生-易学;广东;可以，但这个方面研究的比较少;2023-04-08 11:24:56;0;0.0234254294155006;1;0
邵先生-易学;广东;0;0;8;40;北京拆迁退出历史舞台一个时代的产物，种种迹象都表明，靠房产暴富的机会越来越少，粗放型增长的尾声，必须往高精尖行业发展，未来你准备好了么？;#北京拆迁退出历史舞台#;347;等光遇;浙江;大师可以看下袁一琦八字吗🙏;2023-04-08 08:15:39;0;0.0234254294155006;0;0
邵先生-易学;广东;0;0;8;40;北京拆迁退出历史舞台一个时代的产物，种种迹象都表明，靠房产暴富的机会越来越少，粗放型增长的尾声，必须往高精尖行业发展，未来你准备好了么？;#北京拆迁退出历史舞台#;347;等光遇;浙江;@邵先生-易学;2023-04-08 08:15:46;0;0.0234254294155006;1;0
邵先生-易学;广东;0;0;8;40;北京拆迁退出历史舞台一个时代的产物，种种迹象都表明，靠房产暴富的机会越来越少，粗放型增长的尾声，必须往高精尖行业发展，未来你准备好了么？;#北京拆迁退出历史舞台#;27;小7的备忘录;山东;律师算高精尖吗老师;2023-04-09 09:22:23;0;0.0234254294155006;0;0
邵先生-易学;广东;0;0;8;40;北京拆迁退出历史舞台一个时代的产物，种种迹象都表明，靠房产暴富的机会越来越少，粗放型增长的尾声，必须往高精尖行业发展，未来你准备好了么？;#北京拆迁退出历史舞台#;30;星棋4727;山西;高精尖感觉离我这个普通百姓好远[苦涩];2023-04-09 00:09:30;0;0.0234254294155006;0;0
富在买房;山东;0;1;6;57;北京拆迁退出历史舞台其实背后根本折射出的是，财政遇到了空前问题。;#北京拆迁退出历史舞台#;124;谈魈疯生;江苏;你是外国人吗？是间谍吗？你没看出来这仅仅是玩了个文字游戏吗。“拆迁”改为“搬迁”，当然没有拆迁户了，以后叫搬迁户而已。;2023-04-08 06:35:05;2;0.0475274858811755;0;0
富在买房;山东;0;1;6;57;北京拆迁退出历史舞台其实背后根本折射出的是，财政遇到了空前问题。;#北京拆迁退出历史舞台#;124;别拿暗恋当饭吃er;陕西;多读书;2023-04-08 22:13:37;0;0.0475274858811755;1;0
富在买房;山东;0;1;6;57;北京拆迁退出历史舞台其实背后根本折射出的是，财政遇到了空前问题。;#北京拆迁退出历史舞台#;124;LLLLLL1zzZ;北京;以前按户口补偿面积，一个人40平。现在有封顶了，多的部分只补偿货币(农村补偿价格远低于市场价)，可不只是文字游戏了;2023-04-08 09:10:12;7;0.0475274858811755;1;0
富在买房;山东;0;1;6;57;北京拆迁退出历史舞台其实背后根本折射出的是，财政遇到了空前问题。;#北京拆迁退出历史舞台#;116;pancakeeeee;江苏;可以展开讲讲吗;2023-04-08 06:30:13;1;0.0475274858811755;0;0
富在买房;山东;0;1;6;57;北京拆迁退出历史舞台其实背后根本折射出的是，财政遇到了空前问题。;#北京拆迁退出历史舞台#;116;Linxx9306;浙江;[允悲];2023-04-10 13:41:15;0;0.0475274858811755;1;0
鲸鱼的微笑11;河北;0;1;2;3;北京拆迁退出历史舞台把房子从市区换到郊区，现在补偿还少了，是这个意思么？;#北京拆迁退出历史舞台#;338;小黑球boom;其他;是的;2023-04-08 06:27:58;0;0.0502431182693842;0;0
彭公子随意八卦;内蒙古;0;0;1;1;北京拆迁退出历史舞台应该是政府手里空房子太多了。房子饱和。收购烂尾保交楼给搬迁户。;#北京拆迁退出历史舞台#;7;Confusedfuture201711;上海;你好，你也是股友吗？;2023-04-18 12:53:55;0;0.0294070452069662;0;0
地产大婶;北京;0;0;6;3;北京拆迁退出历史舞台很多钉子户，依然坚守，不知道是不是会后悔。;#北京拆迁退出历史舞台#;15;失落亚特兰蒂斯2020;北京;改个名字而已！;2023-04-08 08:18:37;1;0.050052850712883;0;0
地产大婶;北京;0;0;6;3;北京拆迁退出历史舞台很多钉子户，依然坚守，不知道是不是会后悔。;#北京拆迁退出历史舞台#;15;地产大婶;北京;现在不会因为拆迁暴富了，都是远点的地方房子;2023-04-08 08:55:11;0;0.050052850712883;1;0
地产大婶;北京;0;0;6;3;北京拆迁退出历史舞台很多钉子户，依然坚守，不知道是不是会后悔。;#北京拆迁退出历史舞台#;81;宅女论宅1;其他;一定后悔;2023-04-08 05:35:29;0;0.050052850712883;0;0
地产大婶;北京;0;0;6;3;北京拆迁退出历史舞台很多钉子户，依然坚守，不知道是不是会后悔。;#北京拆迁退出历史舞台#;81;地产大婶;北京;是的;2023-04-08 08:55:20;0;0.050052850712883;1;0
怪蜀黍含羞草;美国;0;0;2;2;北京拆迁退出历史舞台拆到我家小区旁边米处，求心理阴影面积。;#北京拆迁退出历史舞台#;565;寄个鹿给我;新疆;[允悲][允悲][允悲];2023-04-08 22:57:09;2;0.0432626336009408;0;0
怪蜀黍含羞草;美国;0;0;2;2;北京拆迁退出历史舞台拆到我家小区旁边米处，求心理阴影面积。;#北京拆迁退出历史舞台#;565;怪蜀黍含羞草;福建;[笑cry][笑cry][笑cry][笑cry];2023-04-08 23:13:23;0;0.0432626336009408;1;0
相机camera;新加坡;0;0;2;3;“生命的目的不是繁荣，而是转变。当一个人将自己投入未知时，他就得救了。”埃琳娜波尼亚托斯卡海伦娜阿尔梅达北京拆迁退出历史舞台;#北京拆迁退出历史舞台#;7242;人間黑白·;其他;[心];2023-04-08 01:56:01;0;0.0334872006186275;0;0
相机camera;新加坡;0;0;2;3;“生命的目的不是繁荣，而是转变。当一个人将自己投入未知时，他就得救了。”埃琳娜波尼亚托斯卡海伦娜阿尔梅达北京拆迁退出历史舞台;#北京拆迁退出历史舞台#;1034;Riteraveri;其他;[笑cry];2023-04-08 01:54:32;0;0.0334872006186275;0;0
恒信贵金属;广东;0;0;1;0;北京拆迁退出历史舞台改成搬迁而已微博竟然宁可忍辱负重跪舔骗徒，也不起诉本号侵权周知：本人公开举报本号诽谤微博为何无耻新浪微博却一直不敢起诉本人造谣诽谤？印证事出反常必有妖标题：新浪微博跪舔骗徒纪实（微博为恶意封号的回复）新话题微博跪舔骗徒（送给微博作为起诉本号侵权展开;#北京拆迁退出历史舞台##微博跪舔骗徒#;241;恒信贵金属;香港;第1503天;2023-04-08 01:50:23;0;0.0122984196635756;0;0
摄影师Eric_Ts;广东;0;0;4;7;北京拆迁退出历史舞台拆迁给人的印象就是会变暴发户，但是那些都是个别例子，其实拆迁好多都不是很好条件，之前网上不是有拆迁给代金券给你买房用，拆要还要自己补差价买房，你会接受吗。又例如我们村的拆迁谈了几年也没谈下来，是越拆越穷系列。不拆其实也挺好，就继续住自建房，还好停车不用给物业管理费。;#北京拆迁退出历史舞台#;1512;郭小跳啊;广东;拆到你吗[笑cry];2023-04-08 10:22:03;0;0.0235060494116037;0;0
摄影师Eric_Ts;广东;0;0;4;7;北京拆迁退出历史舞台拆迁给人的印象就是会变暴发户，但是那些都是个别例子，其实拆迁好多都不是很好条件，之前网上不是有拆迁给代金券给你买房用，拆要还要自己补差价买房，你会接受吗。又例如我们村的拆迁谈了几年也没谈下来，是越拆越穷系列。不拆其实也挺好，就继续住自建房，还好停车不用给物业管理费。;#北京拆迁退出历史舞台#;1512;摄影师Eric_Ts;广东;是在拆迁范围，但是不是地铁口那个位置，那个位置要先征。整个路东都是征收范围啊;2023-04-08 11:39:33;0;0.0235060494116037;1;0
辣叶摧秋;浙江;0;8;12;48;“拆迁”将退出历史舞台，以“搬迁”代替，同时房屋拆迁许可证制度也被废止北京拆迁退出历史舞台首都先行，接下来应该是全国推广。拆迁一夜暴富、钉子户、拆二代这些带着时代烙印的现象和名词，可以扫进历史了。辣叶记事;#北京拆迁退出历史舞台##辣叶记事#;15174;林溪燕语;浙江;“拆迁”退出历史舞台，有些人要后悔了吧;2023-04-08 08:50:10;1;0.0425898974103718;0;0
辣叶摧秋;浙江;0;8;12;48;“拆迁”将退出历史舞台，以“搬迁”代替，同时房屋拆迁许可证制度也被废止北京拆迁退出历史舞台首都先行，接下来应该是全国推广。拆迁一夜暴富、钉子户、拆二代这些带着时代烙印的现象和名词，可以扫进历史了。辣叶记事;#北京拆迁退出历史舞台##辣叶记事#;240;道可道非常道bing;广东;房子不值钱了，改送房子了;2023-04-09 09:19:21;0;0.0425898974103718;0;0
辣叶摧秋;浙江;0;8;12;48;“拆迁”将退出历史舞台，以“搬迁”代替，同时房屋拆迁许可证制度也被废止北京拆迁退出历史舞台首都先行，接下来应该是全国推广。拆迁一夜暴富、钉子户、拆二代这些带着时代烙印的现象和名词，可以扫进历史了。辣叶记事;#北京拆迁退出历史舞台##辣叶记事#;80;云门见玄;山东;穷的永远穷， 富的一直富了。;2023-04-09 05:28:09;0;0.0425898974103718;0;0
辣叶摧秋;浙江;0;8;12;48;“拆迁”将退出历史舞台，以“搬迁”代替，同时房屋拆迁许可证制度也被废止北京拆迁退出历史舞台首都先行，接下来应该是全国推广。拆迁一夜暴富、钉子户、拆二代这些带着时代烙印的现象和名词，可以扫进历史了。辣叶记事;#北京拆迁退出历史舞台##辣叶记事#;6;离开以后_囧神;江苏;估计和灵活就业一样    文字游戏;2023-04-08 18:35:32;0;0.0425898974103718;0;0
辣叶摧秋;浙江;0;8;12;48;“拆迁”将退出历史舞台，以“搬迁”代替，同时房屋拆迁许可证制度也被废止北京拆迁退出历史舞台首都先行，接下来应该是全国推广。拆迁一夜暴富、钉子户、拆二代这些带着时代烙印的现象和名词，可以扫进历史了。辣叶记事;#北京拆迁退出历史舞台##辣叶记事#;142;山谷里的百合也有春天;其他;换了一个字，实际没有改变什么，这流量媒体天天也不看内容么？有点良心吧，别标题党了。;2023-04-08 16:14:17;2;0.0425898974103718;0;0
辣叶摧秋;浙江;0;8;12;48;“拆迁”将退出历史舞台，以“搬迁”代替，同时房屋拆迁许可证制度也被废止北京拆迁退出历史舞台首都先行，接下来应该是全国推广。拆迁一夜暴富、钉子户、拆二代这些带着时代烙印的现象和名词，可以扫进历史了。辣叶记事;#北京拆迁退出历史舞台##辣叶记事#;61;残垣秋月;上海;换汤不换药;2023-04-09 09:43:46;1;0.0425898974103718;0;0
辣叶摧秋;浙江;0;8;12;48;“拆迁”将退出历史舞台，以“搬迁”代替，同时房屋拆迁许可证制度也被废止北京拆迁退出历史舞台首都先行，接下来应该是全国推广。拆迁一夜暴富、钉子户、拆二代这些带着时代烙印的现象和名词，可以扫进历史了。辣叶记事;#北京拆迁退出历史舞台##辣叶记事#;185;下方可看野生案例;广东;没有一个政策有利于xx;2023-04-08 09:59:27;1;0.0425898974103718;0;0
辣叶摧秋;浙江;0;8;12;48;“拆迁”将退出历史舞台，以“搬迁”代替，同时房屋拆迁许可证制度也被废止北京拆迁退出历史舞台首都先行，接下来应该是全国推广。拆迁一夜暴富、钉子户、拆二代这些带着时代烙印的现象和名词，可以扫进历史了。辣叶记事;#北京拆迁退出历史舞台##辣叶记事#;86;愤怒的大土豆-;江苏;还有哪些坐吃租金的包租公婆，必须从制度上铲除这些不劳而获的土壤[打call];2023-04-08 06:25:18;5;0.0425898974103718;0;0
辣叶摧秋;浙江;0;8;12;48;“拆迁”将退出历史舞台，以“搬迁”代替，同时房屋拆迁许可证制度也被废止北京拆迁退出历史舞台首都先行，接下来应该是全国推广。拆迁一夜暴富、钉子户、拆二代这些带着时代烙印的现象和名词，可以扫进历史了。辣叶记事;#北京拆迁退出历史舞台##辣叶记事#;86;多多静静安好;北京;[允悲]需要收更高的递增式房产税。;2023-04-08 16:10:16;0;0.0425898974103718;1;0
再不改昵称就要2025年了;广东;0;0;3;0;北京拆迁退出历史舞台说到这个，我就想到，我同事家（北京的）要拆迁了，据说补偿款有好几千万，真是太酸了;#北京拆迁退出历史舞台#;75;苑拾光;海外;不要酸，没拆的已经没有补偿了[doge];2023-04-07 23:33:11;0;0.0598897329667799;0;0
再不改昵称就要2025年了;广东;0;0;3;0;北京拆迁退出历史舞台说到这个，我就想到，我同事家（北京的）要拆迁了，据说补偿款有好几千万，真是太酸了;#北京拆迁退出历史舞台#;75;苑拾光;海外;回复@先驱之光:一张政府盖的房票😂😂😂然后没有了;2023-04-12 12:42:17;0;0.0598897329667799;1;0
再不改昵称就要2025年了;广东;0;0;3;0;北京拆迁退出历史舞台说到这个，我就想到，我同事家（北京的）要拆迁了，据说补偿款有好几千万，真是太酸了;#北京拆迁退出历史舞台#;75;先驱之光;海外;那得到了什么;2023-04-08 02:11:04;0;0.0598897329667799;1;0
火星跑步者;北京;0;1;2;2;北京拆迁退出历史舞台鼓楼就是腾退，给的钱很少，买一居共有产权房都添了万元，关键这种房子没有流通价值，商品房又买不起。;#北京拆迁退出历史舞台#;485;xhagl23;北京;可以选择不腾退吗;2023-04-08 00:02:48;0;0.0272405095216249;0;0
火星跑步者;北京;0;1;2;2;北京拆迁退出历史舞台鼓楼就是腾退，给的钱很少，买一居共有产权房都添了万元，关键这种房子没有流通价值，商品房又买不起。;#北京拆迁退出历史舞台#;485;火星跑步者;北京;可以，但各种施压，居住环境也特别差。;2023-04-08 00:14:04;0;0.0272405095216249;1;0
通货朋仗;北京;0;4;11;94;北京拆迁退出历史舞台拆迁暴富的时代结束了北京结束了，外地也别想了。现在回想一下十年前，及更早以前，普通人暴富的机会还是挺多的，时代的红利一轮接着一轮。;#北京拆迁退出历史舞台#;761;搬砖工人_张师傅;北京;还是允许置换和货币化安置，这和拆迁有什么区别;2023-04-08 00:49:45;7;0.0397198012511206;0;0
通货朋仗;北京;0;4;11;94;北京拆迁退出历史舞台拆迁暴富的时代结束了北京结束了，外地也别想了。现在回想一下十年前，及更早以前，普通人暴富的机会还是挺多的，时代的红利一轮接着一轮。;#北京拆迁退出历史舞台#;761;卧听北窗雨;江苏;没有安置房了[doge];2023-04-08 07:36:17;1;0.0397198012511206;1;0
通货朋仗;北京;0;4;11;94;北京拆迁退出历史舞台拆迁暴富的时代结束了北京结束了，外地也别想了。现在回想一下十年前，及更早以前，普通人暴富的机会还是挺多的，时代的红利一轮接着一轮。;#北京拆迁退出历史舞台#;433;666顺顺666;四川;少评论多观察。[嘻嘻];2023-04-08 09:06:00;3;0.0397198012511206;0;0
通货朋仗;北京;0;4;11;94;北京拆迁退出历史舞台拆迁暴富的时代结束了北京结束了，外地也别想了。现在回想一下十年前，及更早以前，普通人暴富的机会还是挺多的，时代的红利一轮接着一轮。;#北京拆迁退出历史舞台#;2930;多多静静安好;北京;[允悲]我同事的原话是此处是我家，此路是我开此树是我种，要从此路过请交拆迁费。;2023-04-08 16:09:35;0;0.0397198012511206;0;0
通货朋仗;北京;0;4;11;94;北京拆迁退出历史舞台拆迁暴富的时代结束了北京结束了，外地也别想了。现在回想一下十年前，及更早以前，普通人暴富的机会还是挺多的，时代的红利一轮接着一轮。;#北京拆迁退出历史舞台#;214;Bergwolke;海外;早就该这样了，极大的浪费和不公平;2023-04-08 13:38:01;1;0.0397198012511206;0;0
通货朋仗;北京;0;4;11;94;北京拆迁退出历史舞台拆迁暴富的时代结束了北京结束了，外地也别想了。现在回想一下十年前，及更早以前，普通人暴富的机会还是挺多的，时代的红利一轮接着一轮。;#北京拆迁退出历史舞台#;435;柠檬小狗;北京;下一波红利是什么 我能赶上热乎的不[偷笑][偷笑];2023-04-08 12:51:53;0;0.0397198012511206;0;0
通货朋仗;北京;0;4;11;94;北京拆迁退出历史舞台拆迁暴富的时代结束了北京结束了，外地也别想了。现在回想一下十年前，及更早以前，普通人暴富的机会还是挺多的，时代的红利一轮接着一轮。;#北京拆迁退出历史舞台#;1321;wuli嚎疯大王;北京;货币化安置我认为就是鼓励买房，现在是库存太多了吗？;2023-04-08 08:24:20;6;0.0397198012511206;0;0
lofter小竹子;北京;0;1;1;42;北京拆迁退出历史舞台只想说呵呵了，把人从交通方便周边齐全的好地方赶到鸟不拉屎的破地方，不给补偿还理所当然;#北京拆迁退出历史舞台#;20;安德嘎嘎嘎;江苏;对;2023-04-07 23:24:10;0;0.0344454567098169;0;0
朝阳暖暖201509;宁夏;0;0;2;4;北京拆迁退出历史舞台都拆光了？;#北京拆迁退出历史舞台#;2069;朝阳暖暖201509;其他;大动作没了;2023-04-07 22:29:59;2;0.0800468736063894;0;0
朝阳暖暖201509;宁夏;0;0;2;4;北京拆迁退出历史舞台都拆光了？;#北京拆迁退出历史舞台#;378;pjcxsd;其他;对;2023-04-07 22:36:31;1;0.0800468736063894;0;0
是水长流;广东;0;0;1;0;北京拆迁退出历史舞台广东这边现在都叫旧改了，一样的赔房子赔钱;#北京拆迁退出历史舞台#;0;明明不在乎123;北京;但是以前能赔几千万的，现在只给几百万了。不能一夜暴富了。;2023-04-07 22:30:25;0;0.0493196762217218;0;0
猫眼眼的丫丫;广东;0;0;3;4;北京拆迁退出历史舞台也不知道以后会搬迁到哪里？京城的夜色深沉猫眼眼的丫丫的微博视频;#北京拆迁退出历史舞台#猫眼眼的丫丫的微博视频;37671;七落35186;其他;晚安;2023-04-07 23:36:49;0;0.052183015489811;0;0
猫眼眼的丫丫;广东;0;0;3;4;北京拆迁退出历史舞台也不知道以后会搬迁到哪里？京城的夜色深沉猫眼眼的丫丫的微博视频;#北京拆迁退出历史舞台#猫眼眼的丫丫的微博视频;37671;七落35186;其他;随遇而安吧;2023-04-07 23:36:45;0;0.052183015489811;0;0
猫眼眼的丫丫;广东;0;0;3;4;北京拆迁退出历史舞台也不知道以后会搬迁到哪里？京城的夜色深沉猫眼眼的丫丫的微博视频;#北京拆迁退出历史舞台#猫眼眼的丫丫的微博视频;113901;聚笑话;浙江;晚安[给你小心心][给你小心心]<(*￣▽￣*)/;2023-04-07 22:23:14;0;0.052183015489811;0;0
锦鲤大王11;浙江;0;0;1;0;北京拆迁退出历史舞台应该不是字面意义的退出吧？不然动静会很大吧;#北京拆迁退出历史舞台#;0;明明不在乎123;北京;没有，简单理解就是少了很多赔偿款;2023-04-07 22:32:21;0;0.0549655906758942;0;0
磁偶极子;辽宁;0;0;3;1;北京拆迁退出历史舞台幸好哥们家拆迁的早记事以来拆迁了两次记事之前搬了一次家捏;#北京拆迁退出历史舞台#;7600;冰冰冰梓;浙江;富哥v我50看实力[奋斗][奋斗][爱你][爱你];2023-04-07 22:18:03;1;0.0495501103387272;0;0
磁偶极子;辽宁;0;0;3;1;北京拆迁退出历史舞台幸好哥们家拆迁的早记事以来拆迁了两次记事之前搬了一次家捏;#北京拆迁退出历史舞台#;7600;冰冰冰梓;浙江;回复@磁偶极子:我现在就打包镜头过去 房在哪里[送花花];2023-04-07 22:19:37;0;0.0495501103387272;1;0
磁偶极子;辽宁;0;0;3;1;北京拆迁退出历史舞台幸好哥们家拆迁的早记事以来拆迁了两次记事之前搬了一次家捏;#北京拆迁退出历史舞台#;7600;磁偶极子;河南;冰梓老师一套镜头抵我家一套房了[doge];2023-04-07 22:18:54;0;0.0495501103387272;1;0
邳州融媒;;0;2;1;4;重磅北京拆迁退出历史舞台，从此不再有“拆迁户”北京拟废止房屋拆迁许可证制度月末，北京市规划和自然资源委员会公布《北京市征收集体土地房屋补偿管理办法》（征求意见稿），其中拟对征收宅基地房屋的安置方式进行规定，并明确货币补偿标准。《办法》拟规定，北京市按照一户一宅的展开;#北京拆迁退出历史舞台##北京拟废止房屋拆迁许可证制度#;650768;江西气象微博;江西;[话筒][话筒][话筒][话筒];2023-04-07 23:52:11;1;0.0237027269344747;0;1
萌哒哒的阳光i;河北;0;0;2;0;北京拆迁退出历史舞台萌哒哒的阳光这样不公平，比如一个村的之前拆迁的拿到很多钱，而且还能给养老金。后面的没有拆迁的怎么办，目前什么也没有拿到，为什么一个村的都这么不公平，不符合公平的原则，反对;#北京拆迁退出历史舞台#@萌哒哒的阳光i;137;不惧风雨0;浙江;这样确实不公平可以找他们说;2023-05-01 20:31:57;0;0.0295897961654045;0;0
萌哒哒的阳光i;河北;0;0;2;0;北京拆迁退出历史舞台萌哒哒的阳光这样不公平，比如一个村的之前拆迁的拿到很多钱，而且还能给养老金。后面的没有拆迁的怎么办，目前什么也没有拿到，为什么一个村的都这么不公平，不符合公平的原则，反对;#北京拆迁退出历史舞台#@萌哒哒的阳光i;12429;美推陈晨旭子;北京;我也反对。1000平的房子就算200平，剩下的800平折合200块钱一平大概吧…北京;2023-04-15 00:11:43;0;0.0295897961654045;0;0
Shine佬贺;辽宁;0;1;18;0;北京拆迁退出历史舞台说的是集体产权土地和宅基地，土地拍卖还是现金，补偿安置房子，中间商土地财政不受影响、并且补偿周期拉长了（建房到交付）;#北京拆迁退出历史舞台#;146;绀野小树;香港;感觉没有区别🙉不懂为什么要限制补偿面积，请教您一下，那不是会给开发商更大的现金流压力吗？;2023-04-07 22:15:36;0;0.0176564322201273;0;0
Shine佬贺;辽宁;0;1;18;0;北京拆迁退出历史舞台说的是集体产权土地和宅基地，土地拍卖还是现金，补偿安置房子，中间商土地财政不受影响、并且补偿周期拉长了（建房到交付）;#北京拆迁退出历史舞台#;146;Shine佬贺;辽宁;回复@绀野小树:没有大的改变，因为楼市需求下降，土地市场没有大的浪花[允悲];2023-04-07 23:21:44;0;0.0176564322201273;1;0
Shine佬贺;辽宁;0;1;18;0;北京拆迁退出历史舞台说的是集体产权土地和宅基地，土地拍卖还是现金，补偿安置房子，中间商土地财政不受影响、并且补偿周期拉长了（建房到交付）;#北京拆迁退出历史舞台#;146;绀野小树;香港;回复@贺东亮Shine:好的，[奮鬥]我理解的还是这政策没有什么实质改变，具体标准还是由具体规划具体情况决定;2023-04-07 23:16:05;0;0.0176564322201273;1;0
Shine佬贺;辽宁;0;1;18;0;北京拆迁退出历史舞台说的是集体产权土地和宅基地，土地拍卖还是现金，补偿安置房子，中间商土地财政不受影响、并且补偿周期拉长了（建房到交付）;#北京拆迁退出历史舞台#;146;Shine佬贺;辽宁;回复@绀野小树:是超出标准部分，货币补偿，低于标准按最低标准，按这个理解是，超大户和超小户给与关照的意思吧，字面理解[允悲];2023-04-07 23:13:09;0;0.0176564322201273;1;0
Shine佬贺;辽宁;0;1;18;0;北京拆迁退出历史舞台说的是集体产权土地和宅基地，土地拍卖还是现金，补偿安置房子，中间商土地财政不受影响、并且补偿周期拉长了（建房到交付）;#北京拆迁退出历史舞台#;146;绀野小树;香港;回复@贺东亮Shine:大概理解了🫡那么最后想问一下您，降低补偿面积，由货币去补偿，这个地方的变化是为了啥呢？降低补偿标准还是延长交付周期？补偿太低了村民不可能同意拆吧🙉特别是好地段的;2023-04-07 23:03:58;0;0.0176564322201273;1;0
Shine佬贺;辽宁;0;1;18;0;北京拆迁退出历史舞台说的是集体产权土地和宅基地，土地拍卖还是现金，补偿安置房子，中间商土地财政不受影响、并且补偿周期拉长了（建房到交付）;#北京拆迁退出历史舞台#;146;Shine佬贺;辽宁;回复@绀野小树:不是的，土地出让金要走几轮财政程序的，拍地的💰不全是补偿款；房也是啊，开发商是交付给政府，政府分给村民，这中间有配套啊;2023-04-07 22:54:57;0;0.0176564322201273;1;0
Shine佬贺;辽宁;0;1;18;0;北京拆迁退出历史舞台说的是集体产权土地和宅基地，土地拍卖还是现金，补偿安置房子，中间商土地财政不受影响、并且补偿周期拉长了（建房到交付）;#北京拆迁退出历史舞台#;146;绀野小树;香港;回复@贺东亮Shine:贺先生，G方收储土地收取地价，但是支付给村民补款和房屋不都是开发商吗？🙉比如我们万科的旧改项目就是万科给村民钱和房。;2023-04-07 22:47:18;0;0.0176564322201273;1;0
Shine佬贺;辽宁;0;1;18;0;北京拆迁退出历史舞台说的是集体产权土地和宅基地，土地拍卖还是现金，补偿安置房子，中间商土地财政不受影响、并且补偿周期拉长了（建房到交付）;#北京拆迁退出历史舞台#;146;Shine佬贺;辽宁;跟开发商没关系，实际是减轻拆迁收地的成本和阻力，因为现在是G方收储土地，净地之后才走招拍挂卖地流程;2023-04-07 22:22:55;0;0.0176564322201273;1;0
Shine佬贺;辽宁;0;1;18;0;北京拆迁退出历史舞台说的是集体产权土地和宅基地，土地拍卖还是现金，补偿安置房子，中间商土地财政不受影响、并且补偿周期拉长了（建房到交付）;#北京拆迁退出历史舞台#;146;绀野小树;香港;补偿安置房和现在回迁房有什么区别吗？;2023-04-07 22:09:29;0;0.0176564322201273;0;0
Shine佬贺;辽宁;0;1;18;0;北京拆迁退出历史舞台说的是集体产权土地和宅基地，土地拍卖还是现金，补偿安置房子，中间商土地财政不受影响、并且补偿周期拉长了（建房到交付）;#北京拆迁退出历史舞台#;146;绀野小树;香港;回复@贺东亮Shine:确实，现在房价高的地方容积率都蛮高，开发商干到100米高，才有机会赚取利润。;2023-04-07 22:44:58;0;0.0176564322201273;1;0
Shine佬贺;辽宁;0;1;18;0;北京拆迁退出历史舞台说的是集体产权土地和宅基地，土地拍卖还是现金，补偿安置房子，中间商土地财政不受影响、并且补偿周期拉长了（建房到交付）;#北京拆迁退出历史舞台#;146;Shine佬贺;辽宁;回复@绀野小树:建筑容积率比较高的地块可以实现原地回迁，所以取决于规划指标，如果限高或限制容积率就难实现;2023-04-07 22:40:39;0;0.0176564322201273;1;0
Shine佬贺;辽宁;0;1;18;0;北京拆迁退出历史舞台说的是集体产权土地和宅基地，土地拍卖还是现金，补偿安置房子，中间商土地财政不受影响、并且补偿周期拉长了（建房到交付）;#北京拆迁退出历史舞台#;146;绀野小树;香港;回复@贺东亮Shine:广佛的核心地段都是原地回迁的呀;2023-04-07 22:35:03;0;0.0176564322201273;1;0
Shine佬贺;辽宁;0;1;18;0;北京拆迁退出历史舞台说的是集体产权土地和宅基地，土地拍卖还是现金，补偿安置房子，中间商土地财政不受影响、并且补偿周期拉长了（建房到交付）;#北京拆迁退出历史舞台#;146;Shine佬贺;辽宁;回复@绀野小树:如果位置好的城中村，还是很难原地回迁吧，这取决于地块和规划指标;2023-04-07 22:20:58;0;0.0176564322201273;1;0
Shine佬贺;辽宁;0;1;18;0;北京拆迁退出历史舞台说的是集体产权土地和宅基地，土地拍卖还是现金，补偿安置房子，中间商土地财政不受影响、并且补偿周期拉长了（建房到交付）;#北京拆迁退出历史舞台#;146;绀野小树;香港;回复@贺东亮Shine:谁来建造房子的这个问题是否取决于谁来拆你的村屋呢？若是开发商拍了你的村，最后还是开发商代建 原地回迁吧，现在都是这样。;2023-04-07 22:14:36;0;0.0176564322201273;1;0
Shine佬贺;辽宁;0;1;18;0;北京拆迁退出历史舞台说的是集体产权土地和宅基地，土地拍卖还是现金，补偿安置房子，中间商土地财政不受影响、并且补偿周期拉长了（建房到交付）;#北京拆迁退出历史舞台#;146;Shine佬贺;辽宁;理论上没区别，操作中如果异地应该政府自建，原地安置那应该开发商代建，但也是独立组团;2023-04-07 22:12:33;0;0.0176564322201273;1;0
Shine佬贺;辽宁;0;1;18;0;北京拆迁退出历史舞台说的是集体产权土地和宅基地，土地拍卖还是现金，补偿安置房子，中间商土地财政不受影响、并且补偿周期拉长了（建房到交付）;#北京拆迁退出历史舞台#;156;生威女郎007;浙江;这个主要是指农村那种拆迁户吧，城市里本来就是一户一宅;2023-04-07 23:23:59;0;0.0176564322201273;0;0
Shine佬贺;辽宁;0;1;18;0;北京拆迁退出历史舞台说的是集体产权土地和宅基地，土地拍卖还是现金，补偿安置房子，中间商土地财政不受影响、并且补偿周期拉长了（建房到交付）;#北京拆迁退出历史舞台#;156;Shine佬贺;辽宁;认定以82年为准，所有很多大城市城中平房应该也是宅基地性质;2023-04-07 23:27:11;0;0.0176564322201273;1;0
孔乙乙;内蒙古;0;0;2;2;北京拆迁退出历史舞台好多人没看明白，官方只是把拆迁这个词改为搬迁。该补偿房屋面积的还是补偿，只不过超过的就现金补偿，而不是几套房几栋楼的补偿。;#北京拆迁退出历史舞台#;146;绀野小树;香港;为什么要改为 现金补偿的政策呢？这对地产商的现金流压力不是更大吗;2023-04-07 22:10:13;0;0.0230825079666375;0;0
刀过不留痕;北京;0;0;1;0;北京拆迁退出历史舞台拼多多什么时候退出历史舞台？;#北京拆迁退出历史舞台#;208;东张西望的小渔;浙江;没有穷人的时候;2023-04-07 23:02:19;0;0.0901146901925758;0;0
AIY行者歌于途;安徽;0;0;1;0;北京拆迁退出历史舞台感觉拆迁不公平，因为我家没拆;#北京拆迁退出历史舞台#;153;Talent马-;北京;啊哈哈哈哈哈哈哈哈;2023-04-07 22:17:30;0;0.0545269435669049;0;0
馒头_控;北京;0;4;8;10;汉代陶俑的标准寸照半塑半陶俑（面部），汉景帝阳陵博物院藏五官清晰，眉目清秀、口涂红彩。发式为前额中分向后梳上盘出头顶打结，发髻为黑色。纸上探墓北京拆迁退出历史舞台;@汉景帝阳陵博物院#纸上探墓##北京拆迁退出历史舞台#;1827;呆呆伢子;上海;徐州博物馆[嘻嘻] http://t.cn/A6NL4YgA;2023-04-07 22:10:50;1;0.0175645481370838;0;0
馒头_控;北京;0;4;8;10;汉代陶俑的标准寸照半塑半陶俑（面部），汉景帝阳陵博物院藏五官清晰，眉目清秀、口涂红彩。发式为前额中分向后梳上盘出头顶打结，发髻为黑色。纸上探墓北京拆迁退出历史舞台;@汉景帝阳陵博物院#纸上探墓##北京拆迁退出历史舞台#;1827;呆呆伢子;上海;回复@馒头_控:他们想不到这么多年后好有人给照相;2023-04-07 22:12:36;0;0.0175645481370838;1;0
馒头_控;北京;0;4;8;10;汉代陶俑的标准寸照半塑半陶俑（面部），汉景帝阳陵博物院藏五官清晰，眉目清秀、口涂红彩。发式为前额中分向后梳上盘出头顶打结，发髻为黑色。纸上探墓北京拆迁退出历史舞台;@汉景帝阳陵博物院#纸上探墓##北京拆迁退出历史舞台#;1827;馒头_控;北京;[嘻嘻];2023-04-07 22:11:43;0;0.0175645481370838;1;0
馒头_控;北京;0;4;8;10;汉代陶俑的标准寸照半塑半陶俑（面部），汉景帝阳陵博物院藏五官清晰，眉目清秀、口涂红彩。发式为前额中分向后梳上盘出头顶打结，发髻为黑色。纸上探墓北京拆迁退出历史舞台;@汉景帝阳陵博物院#纸上探墓##北京拆迁退出历史舞台#;2890;优雅地游着Q;湖北;挺帅的[偷笑];2023-04-07 22:31:21;1;0.0175645481370838;0;0
馒头_控;北京;0;4;8;10;汉代陶俑的标准寸照半塑半陶俑（面部），汉景帝阳陵博物院藏五官清晰，眉目清秀、口涂红彩。发式为前额中分向后梳上盘出头顶打结，发髻为黑色。纸上探墓北京拆迁退出历史舞台;@汉景帝阳陵博物院#纸上探墓##北京拆迁退出历史舞台#;2890;馒头_控;北京;很和善的笑容[嘻嘻];2023-04-07 22:32:16;0;0.0175645481370838;1;0
馒头_控;北京;0;4;8;10;汉代陶俑的标准寸照半塑半陶俑（面部），汉景帝阳陵博物院藏五官清晰，眉目清秀、口涂红彩。发式为前额中分向后梳上盘出头顶打结，发髻为黑色。纸上探墓北京拆迁退出历史舞台;@汉景帝阳陵博物院#纸上探墓##北京拆迁退出历史舞台#;390922;陕西虎牙;陕西;#约会博物馆# ;2023-04-07 22:06:55;0;0.0175645481370838;0;0
馒头_控;北京;0;4;8;10;汉代陶俑的标准寸照半塑半陶俑（面部），汉景帝阳陵博物院藏五官清晰，眉目清秀、口涂红彩。发式为前额中分向后梳上盘出头顶打结，发髻为黑色。纸上探墓北京拆迁退出历史舞台;@汉景帝阳陵博物院#纸上探墓##北京拆迁退出历史舞台#;36391;路客看见;云南;真套娃🪆来了……http://t.cn/A6NL4chy ;2023-04-07 22:02:17;0;0.0175645481370838;0;0
馒头_控;北京;0;4;8;10;汉代陶俑的标准寸照半塑半陶俑（面部），汉景帝阳陵博物院藏五官清晰，眉目清秀、口涂红彩。发式为前额中分向后梳上盘出头顶打结，发髻为黑色。纸上探墓北京拆迁退出历史舞台;@汉景帝阳陵博物院#纸上探墓##北京拆迁退出历史舞台#;21817;史小东;北京;老蒋;2023-04-07 22:47:07;0;0.0175645481370838;0;0
静悄悄的夜靜静的我;宁夏;0;0;2;5;北京拆迁退出历史舞台回头成立个工作组就行;#北京拆迁退出历史舞台#;1350;静悄悄的夜靜静的我;陕西;换个说法;2023-04-07 21:57:56;2;0.049604147861795;0;0
静悄悄的夜靜静的我;宁夏;0;0;2;5;北京拆迁退出历史舞台回头成立个工作组就行;#北京拆迁退出历史舞台#;1350;朝阳暖暖201509;其他;[赞];2023-04-07 22:29:19;1;0.049604147861795;1;0
R嘉伦是心上任;广东;0;14;36;123;北京拆迁退出历史舞台所以是以后再也没有拆迁户了的意思吗？好还是不好呢;#北京拆迁退出历史舞台#;94492;半忆清浅;四川;不知道呢;2023-04-07 21:53:40;14;0.0611087448358705;0;0
R嘉伦是心上任;广东;0;14;36;123;北京拆迁退出历史舞台所以是以后再也没有拆迁户了的意思吗？好还是不好呢;#北京拆迁退出历史舞台#;94492;R嘉伦是心上任;四川;[月亮][月亮];2023-04-07 22:31:38;0;0.0611087448358705;1;0
R嘉伦是心上任;广东;0;14;36;123;北京拆迁退出历史舞台所以是以后再也没有拆迁户了的意思吗？好还是不好呢;#北京拆迁退出历史舞台#;5568;淘淘最爱天使伦;湖北;这个利大于弊;2023-04-07 21:59:39;13;0.0611087448358705;0;0
R嘉伦是心上任;广东;0;14;36;123;北京拆迁退出历史舞台所以是以后再也没有拆迁户了的意思吗？好还是不好呢;#北京拆迁退出历史舞台#;5568;R嘉伦是心上任;四川;是的;2023-04-07 22:31:45;0;0.0611087448358705;1;0
R嘉伦是心上任;广东;0;14;36;123;北京拆迁退出历史舞台所以是以后再也没有拆迁户了的意思吗？好还是不好呢;#北京拆迁退出历史舞台#;11169;坠星湾_果果;浙江;来了;2023-04-07 21:51:23;10;0.0611087448358705;0;0
R嘉伦是心上任;广东;0;14;36;123;北京拆迁退出历史舞台所以是以后再也没有拆迁户了的意思吗？好还是不好呢;#北京拆迁退出历史舞台#;11169;R嘉伦是心上任;四川;不咋滴[苦涩];2023-04-07 21:51:42;0;0.0611087448358705;1;0
R嘉伦是心上任;广东;0;14;36;123;北京拆迁退出历史舞台所以是以后再也没有拆迁户了的意思吗？好还是不好呢;#北京拆迁退出历史舞台#;15979;若与嘉伦为邻;其他;不明白;2023-04-07 22:18:59;7;0.0611087448358705;0;0
R嘉伦是心上任;广东;0;14;36;123;北京拆迁退出历史舞台所以是以后再也没有拆迁户了的意思吗？好还是不好呢;#北京拆迁退出历史舞台#;15979;R嘉伦是心上任;四川;[允悲][允悲];2023-04-07 22:31:50;0;0.0611087448358705;1;0
R嘉伦是心上任;广东;0;14;36;123;北京拆迁退出历史舞台所以是以后再也没有拆迁户了的意思吗？好还是不好呢;#北京拆迁退出历史舞台#;22447;肆月_玖月;广东;拆迁户已成过往了？;2023-04-07 22:23:25;6;0.0611087448358705;0;0
R嘉伦是心上任;广东;0;14;36;123;北京拆迁退出历史舞台所以是以后再也没有拆迁户了的意思吗？好还是不好呢;#北京拆迁退出历史舞台#;22447;R嘉伦是心上任;四川;好像是;2023-04-07 22:31:55;0;0.0611087448358705;1;0
R嘉伦是心上任;广东;0;14;36;123;北京拆迁退出历史舞台所以是以后再也没有拆迁户了的意思吗？好还是不好呢;#北京拆迁退出历史舞台#;10745;钢铁嘉男;北京;[春游家族][春游家族][春游家族];2023-04-07 22:03:08;2;0.0611087448358705;0;0
R嘉伦是心上任;广东;0;14;36;123;北京拆迁退出历史舞台所以是以后再也没有拆迁户了的意思吗？好还是不好呢;#北京拆迁退出历史舞台#;10745;R嘉伦是心上任;四川;[哈哈][哈哈];2023-04-07 22:32:00;0;0.0611087448358705;1;0
R嘉伦是心上任;广东;0;14;36;123;北京拆迁退出历史舞台所以是以后再也没有拆迁户了的意思吗？好还是不好呢;#北京拆迁退出历史舞台#;23883;星辰島_;陕西;来了[喵喵];2023-04-07 21:53:59;2;0.0611087448358705;0;0
R嘉伦是心上任;广东;0;14;36;123;北京拆迁退出历史舞台所以是以后再也没有拆迁户了的意思吗？好还是不好呢;#北京拆迁退出历史舞台#;23883;R嘉伦是心上任;四川;[嘻嘻][嘻嘻];2023-04-07 22:32:06;0;0.0611087448358705;1;0
R嘉伦是心上任;广东;0;14;36;123;北京拆迁退出历史舞台所以是以后再也没有拆迁户了的意思吗？好还是不好呢;#北京拆迁退出历史舞台#;10629;R嘉伦是心上任;四川;会全国实行吗;2023-04-07 21:53:28;2;0.0611087448358705;0;0
R嘉伦是心上任;广东;0;14;36;123;北京拆迁退出历史舞台所以是以后再也没有拆迁户了的意思吗？好还是不好呢;#北京拆迁退出历史舞台#;8702;爱超超的小十二;贵州;来了;2023-04-07 22:00:37;2;0.0611087448358705;0;0
R嘉伦是心上任;广东;0;14;36;123;北京拆迁退出历史舞台所以是以后再也没有拆迁户了的意思吗？好还是不好呢;#北京拆迁退出历史舞台#;8702;R嘉伦是心上任;四川;[月亮][月亮];2023-04-07 22:32:11;0;0.0611087448358705;1;0
R嘉伦是心上任;广东;0;14;36;123;北京拆迁退出历史舞台所以是以后再也没有拆迁户了的意思吗？好还是不好呢;#北京拆迁退出历史舞台#;3;kooe;其他;拆了的喊好，没拆的喊不好;2023-04-07 22:07:21;2;0.0611087448358705;0;0
R嘉伦是心上任;广东;0;14;36;123;北京拆迁退出历史舞台所以是以后再也没有拆迁户了的意思吗？好还是不好呢;#北京拆迁退出历史舞台#;3;R嘉伦是心上任;四川;有道理;2023-04-07 22:32:27;0;0.0611087448358705;1;0
R嘉伦是心上任;广东;0;14;36;123;北京拆迁退出历史舞台所以是以后再也没有拆迁户了的意思吗？好还是不好呢;#北京拆迁退出历史舞台#;982;樱若de星橙;浙江;[羞嗒嗒][羞嗒嗒];2023-04-07 22:07:03;4;0.0611087448358705;0;0
R嘉伦是心上任;广东;0;14;36;123;北京拆迁退出历史舞台所以是以后再也没有拆迁户了的意思吗？好还是不好呢;#北京拆迁退出历史舞台#;45;小幸运_rjl;广东;不知道;2023-04-07 22:23:54;2;0.0611087448358705;0;0
R嘉伦是心上任;广东;0;14;36;123;北京拆迁退出历史舞台所以是以后再也没有拆迁户了的意思吗？好还是不好呢;#北京拆迁退出历史舞台#;75;小幸运_Allen;广东;对没拆的不太好[doge];2023-04-07 22:18:09;2;0.0611087448358705;0;0
R嘉伦是心上任;广东;0;14;36;123;北京拆迁退出历史舞台所以是以后再也没有拆迁户了的意思吗？好还是不好呢;#北京拆迁退出历史舞台#;137;小嘉嘉的大宝贝;其他;不建议取消，因为我家没拆[二哈];2023-04-07 22:13:52;3;0.0611087448358705;0;0
R嘉伦是心上任;广东;0;14;36;123;北京拆迁退出历史舞台所以是以后再也没有拆迁户了的意思吗？好还是不好呢;#北京拆迁退出历史舞台#;56;坠梦见你;浙江;看位置吧[挖鼻];2023-04-07 22:07:57;2;0.0611087448358705;0;0
R嘉伦是心上任;广东;0;14;36;123;北京拆迁退出历史舞台所以是以后再也没有拆迁户了的意思吗？好还是不好呢;#北京拆迁退出历史舞台#;839;超超的果妃;其他;[赢牛奶];2023-04-07 22:06:33;2;0.0611087448358705;0;0
R嘉伦是心上任;广东;0;14;36;123;北京拆迁退出历史舞台所以是以后再也没有拆迁户了的意思吗？好还是不好呢;#北京拆迁退出历史舞台#;191;任嘉伦是大宝贝吖;广东;不好，因为我家还没拆[doge];2023-04-07 22:06:11;3;0.0611087448358705;0;0
R嘉伦是心上任;广东;0;14;36;123;北京拆迁退出历史舞台所以是以后再也没有拆迁户了的意思吗？好还是不好呢;#北京拆迁退出历史舞台#;165;嘉伦_大宝贝;广东;有好有坏吧;2023-04-07 22:04:40;2;0.0611087448358705;0;0
R嘉伦是心上任;广东;0;14;36;123;北京拆迁退出历史舞台所以是以后再也没有拆迁户了的意思吗？好还是不好呢;#北京拆迁退出历史舞台#;509;j是你de心上任吖l;其他;以前的拆迁户算是捞着了;2023-04-07 22:02:02;2;0.0611087448358705;0;0
R嘉伦是心上任;广东;0;14;36;123;北京拆迁退出历史舞台所以是以后再也没有拆迁户了的意思吗？好还是不好呢;#北京拆迁退出历史舞台#;647;Allen的小幸运;其他;再也没有拆二代了;2023-04-07 21:59:51;2;0.0611087448358705;0;0
R嘉伦是心上任;广东;0;14;36;123;北京拆迁退出历史舞台所以是以后再也没有拆迁户了的意思吗？好还是不好呢;#北京拆迁退出历史舞台#;69;磕超小瑶瑶;浙江;[挖鼻][挖鼻];2023-04-07 21:59:12;2;0.0611087448358705;0;0
R嘉伦是心上任;广东;0;14;36;123;北京拆迁退出历史舞台所以是以后再也没有拆迁户了的意思吗？好还是不好呢;#北京拆迁退出历史舞台#;912;唯爱_嘉伦j;其他;[允悲][允悲];2023-04-07 21:57:08;2;0.0611087448358705;0;0
R嘉伦是心上任;广东;0;14;36;123;北京拆迁退出历史舞台所以是以后再也没有拆迁户了的意思吗？好还是不好呢;#北京拆迁退出历史舞台#;10936;兜兜里面藏着肉肉;四川;没拆的是不是已经开始闹腾了[喵喵];2023-04-07 22:50:30;1;0.0611087448358705;0;0
R嘉伦是心上任;广东;0;14;36;123;北京拆迁退出历史舞台所以是以后再也没有拆迁户了的意思吗？好还是不好呢;#北京拆迁退出历史舞台#;10936;R嘉伦是心上任;四川;多少有点不平衡[哈哈];2023-04-07 22:53:19;0;0.0611087448358705;1;0
R嘉伦是心上任;广东;0;14;36;123;北京拆迁退出历史舞台所以是以后再也没有拆迁户了的意思吗？好还是不好呢;#北京拆迁退出历史舞台#;53;若流萤成星河;其他;所以以后叫搬迁户了吗;2023-04-07 22:20:49;1;0.0611087448358705;0;0
R嘉伦是心上任;广东;0;14;36;123;北京拆迁退出历史舞台所以是以后再也没有拆迁户了的意思吗？好还是不好呢;#北京拆迁退出历史舞台#;248;Allen的小嘉嘉吖;广东;[摊手][摊手];2023-04-07 22:03:43;0;0.0611087448358705;0;0
R嘉伦是心上任;广东;0;14;36;123;北京拆迁退出历史舞台所以是以后再也没有拆迁户了的意思吗？好还是不好呢;#北京拆迁退出历史舞台#;315;磕超小云朵;山东;[允悲][允悲];2023-04-07 21:58:19;0;0.0611087448358705;0;0
纽波特的岩石;河北;0;0;4;4;北京拆迁退出历史舞台我们村原来要拆迁结果有一家要一千和套房子然后不拆了。;#北京拆迁退出历史舞台#;1;白小仙儿_;湖北;啊[跪了]这么牛的吗;2023-04-07 21:51:18;0;0.0540693759335237;0;0
纽波特的岩石;河北;0;0;4;4;北京拆迁退出历史舞台我们村原来要拆迁结果有一家要一千和套房子然后不拆了。;#北京拆迁退出历史舞台#;1;纽波特的岩石;河北;嗯然后现在都没拆;2023-04-07 22:55:50;0;0.0540693759335237;1;0
投资伯乐;广东;0;19;2;35;小少焱的这个说唱好上头呀中华上下五千年就是这么帅不行我得让孩子背下来鹿晗被活蚕蛹吓出山歌北京拆迁退出历史舞台为什么说身体凉命更长投资伯乐的微博视频;#鹿晗被活蚕蛹吓出山歌##北京拆迁退出历史舞台##为什么说身体凉命更长#投资伯乐的微博视频;9;卧槽无情202011;其他;牛，历史说唱[赞];2023-04-09 00:03:56;1;0.0272473985814494;0;0
投资伯乐;广东;0;19;2;35;小少焱的这个说唱好上头呀中华上下五千年就是这么帅不行我得让孩子背下来鹿晗被活蚕蛹吓出山歌北京拆迁退出历史舞台为什么说身体凉命更长投资伯乐的微博视频;#鹿晗被活蚕蛹吓出山歌##北京拆迁退出历史舞台##为什么说身体凉命更长#投资伯乐的微博视频;3;江风山月tao;其他;[赞][赞];2023-07-10 23:45:52;0;0.0272473985814494;0;0
盱眙融媒;;0;0;164;132;晚安超话世间万般的美好，都不及家的温暖，努力有套自己的房子，属于自己小窝，那才是安全感北京拆迁退出历史舞台憨憨的一朵菌子盱眙融媒的微博视频;#晚安超话##北京拆迁退出历史舞台#@憨憨的一朵菌子盱眙融媒的微博视频;178954;盱眙融媒;江苏;晚安[心][咖啡];2023-04-07 21:47:57;4;0.0261372516461272;0;1
盱眙融媒;;0;0;164;132;晚安超话世间万般的美好，都不及家的温暖，努力有套自己的房子，属于自己小窝，那才是安全感北京拆迁退出历史舞台憨憨的一朵菌子盱眙融媒的微博视频;#晚安超话##北京拆迁退出历史舞台#@憨憨的一朵菌子盱眙融媒的微博视频;178954;盱眙融媒;江苏;[鲜花][鲜花][鲜花];2023-04-07 21:48:30;2;0.0261372516461272;1;1
盱眙融媒;;0;0;164;132;晚安超话世间万般的美好，都不及家的温暖，努力有套自己的房子，属于自己小窝，那才是安全感北京拆迁退出历史舞台憨憨的一朵菌子盱眙融媒的微博视频;#晚安超话##北京拆迁退出历史舞台#@憨憨的一朵菌子盱眙融媒的微博视频;11783;水漾月半暖;广东;晚安[月亮][月亮][月亮]好梦[鲜花][鲜花][鲜花];2023-04-07 22:03:48;2;0.0261372516461272;0;1
盱眙融媒;;0;0;164;132;晚安超话世间万般的美好，都不及家的温暖，努力有套自己的房子，属于自己小窝，那才是安全感北京拆迁退出历史舞台憨憨的一朵菌子盱眙融媒的微博视频;#晚安超话##北京拆迁退出历史舞台#@憨憨的一朵菌子盱眙融媒的微博视频;11783;盱眙融媒;江苏;[鲜花][鲜花][鲜花];2023-04-07 22:13:18;0;0.0261372516461272;1;1
盱眙融媒;;0;0;164;132;晚安超话世间万般的美好，都不及家的温暖，努力有套自己的房子，属于自己小窝，那才是安全感北京拆迁退出历史舞台憨憨的一朵菌子盱眙融媒的微博视频;#晚安超话##北京拆迁退出历史舞台#@憨憨的一朵菌子盱眙融媒的微博视频;16076;莫染尘埃的时光3;其他;晚安[月亮]盱眙;2023-04-07 21:56:49;2;0.0261372516461272;0;1
盱眙融媒;;0;0;164;132;晚安超话世间万般的美好，都不及家的温暖，努力有套自己的房子，属于自己小窝，那才是安全感北京拆迁退出历史舞台憨憨的一朵菌子盱眙融媒的微博视频;#晚安超话##北京拆迁退出历史舞台#@憨憨的一朵菌子盱眙融媒的微博视频;16076;盱眙融媒;江苏;晚安朋友[咖啡];2023-04-07 21:57:53;0;0.0261372516461272;1;1
盱眙融媒;;0;0;164;132;晚安超话世间万般的美好，都不及家的温暖，努力有套自己的房子，属于自己小窝，那才是安全感北京拆迁退出历史舞台憨憨的一朵菌子盱眙融媒的微博视频;#晚安超话##北京拆迁退出历史舞台#@憨憨的一朵菌子盱眙融媒的微博视频;8776;微笑的向日葵2019;陕西;晚安;2023-04-07 22:01:03;3;0.0261372516461272;0;1
盱眙融媒;;0;0;164;132;晚安超话世间万般的美好，都不及家的温暖，努力有套自己的房子，属于自己小窝，那才是安全感北京拆迁退出历史舞台憨憨的一朵菌子盱眙融媒的微博视频;#晚安超话##北京拆迁退出历史舞台#@憨憨的一朵菌子盱眙融媒的微博视频;8776;盱眙融媒;江苏;愿你抬头皆美好，所见皆温柔~ ​晚安[月亮][月亮][月亮];2023-04-07 22:14:05;0;0.0261372516461272;1;1
盱眙融媒;;0;0;164;132;晚安超话世间万般的美好，都不及家的温暖，努力有套自己的房子，属于自己小窝，那才是安全感北京拆迁退出历史舞台憨憨的一朵菌子盱眙融媒的微博视频;#晚安超话##北京拆迁退出历史舞台#@憨憨的一朵菌子盱眙融媒的微博视频;27790;浅浅乐DV;安徽;今晚月亮悄悄问我，想不想和她一起等待明天的太阳 𝓖𝓞𝓞𝓓𝓝𝓲𝓰𝓱𝓽 ✯☽;2023-04-07 22:16:12;1;0.0261372516461272;0;1
盱眙融媒;;0;0;164;132;晚安超话世间万般的美好，都不及家的温暖，努力有套自己的房子，属于自己小窝，那才是安全感北京拆迁退出历史舞台憨憨的一朵菌子盱眙融媒的微博视频;#晚安超话##北京拆迁退出历史舞台#@憨憨的一朵菌子盱眙融媒的微博视频;27790;盱眙融媒;江苏;生活不全是利益，更多的还是相互成就和相互温暖，晚安;2023-04-07 22:20:11;0;0.0261372516461272;1;1
盱眙融媒;;0;0;164;132;晚安超话世间万般的美好，都不及家的温暖，努力有套自己的房子，属于自己小窝，那才是安全感北京拆迁退出历史舞台憨憨的一朵菌子盱眙融媒的微博视频;#晚安超话##北京拆迁退出历史舞台#@憨憨的一朵菌子盱眙融媒的微博视频;27790;浅浅乐DV;安徽;周末愉快[心];2023-04-07 22:16:07;1;0.0261372516461272;0;1
盱眙融媒;;0;0;164;132;晚安超话世间万般的美好，都不及家的温暖，努力有套自己的房子，属于自己小窝，那才是安全感北京拆迁退出历史舞台憨憨的一朵菌子盱眙融媒的微博视频;#晚安超话##北京拆迁退出历史舞台#@憨憨的一朵菌子盱眙融媒的微博视频;27790;盱眙融媒;江苏;[咖啡][咖啡][咖啡];2023-04-07 22:20:15;0;0.0261372516461272;1;1
盱眙融媒;;0;0;164;132;晚安超话世间万般的美好，都不及家的温暖，努力有套自己的房子，属于自己小窝，那才是安全感北京拆迁退出历史舞台憨憨的一朵菌子盱眙融媒的微博视频;#晚安超话##北京拆迁退出历史舞台#@憨憨的一朵菌子盱眙融媒的微博视频;27790;浅浅乐DV;安徽;晚安[心];2023-04-07 22:16:03;1;0.0261372516461272;0;1
盱眙融媒;;0;0;164;132;晚安超话世间万般的美好，都不及家的温暖，努力有套自己的房子，属于自己小窝，那才是安全感北京拆迁退出历史舞台憨憨的一朵菌子盱眙融媒的微博视频;#晚安超话##北京拆迁退出历史舞台#@憨憨的一朵菌子盱眙融媒的微博视频;27790;盱眙融媒;江苏;[鲜花][鲜花][鲜花];2023-04-07 22:20:18;0;0.0261372516461272;1;1
盱眙融媒;;0;0;164;132;晚安超话世间万般的美好，都不及家的温暖，努力有套自己的房子，属于自己小窝，那才是安全感北京拆迁退出历史舞台憨憨的一朵菌子盱眙融媒的微博视频;#晚安超话##北京拆迁退出历史舞台#@憨憨的一朵菌子盱眙融媒的微博视频;18156;锦瑟慕蝶;江苏;晚安[月亮];2023-04-07 22:07:31;1;0.0261372516461272;0;1
盱眙融媒;;0;0;164;132;晚安超话世间万般的美好，都不及家的温暖，努力有套自己的房子，属于自己小窝，那才是安全感北京拆迁退出历史舞台憨憨的一朵菌子盱眙融媒的微博视频;#晚安超话##北京拆迁退出历史舞台#@憨憨的一朵菌子盱眙融媒的微博视频;18156;盱眙融媒;江苏;[咖啡][咖啡][咖啡];2023-04-07 22:14:23;0;0.0261372516461272;1;1
盱眙融媒;;0;0;164;132;晚安超话世间万般的美好，都不及家的温暖，努力有套自己的房子，属于自己小窝，那才是安全感北京拆迁退出历史舞台憨憨的一朵菌子盱眙融媒的微博视频;#晚安超话##北京拆迁退出历史舞台#@憨憨的一朵菌子盱眙融媒的微博视频;12267;吾爱-YIBO;浙江;晚安[心];2023-04-07 22:07:17;1;0.0261372516461272;0;1
盱眙融媒;;0;0;164;132;晚安超话世间万般的美好，都不及家的温暖，努力有套自己的房子，属于自己小窝，那才是安全感北京拆迁退出历史舞台憨憨的一朵菌子盱眙融媒的微博视频;#晚安超话##北京拆迁退出历史舞台#@憨憨的一朵菌子盱眙融媒的微博视频;12267;盱眙融媒;江苏;[鲜花][鲜花][鲜花];2023-04-07 22:14:39;0;0.0261372516461272;1;1
盱眙融媒;;0;0;164;132;晚安超话世间万般的美好，都不及家的温暖，努力有套自己的房子，属于自己小窝，那才是安全感北京拆迁退出历史舞台憨憨的一朵菌子盱眙融媒的微博视频;#晚安超话##北京拆迁退出历史舞台#@憨憨的一朵菌子盱眙融媒的微博视频;1375;夏日SUN晨曦;其他;愿平安喜乐，得偿所愿[月亮][月亮][月亮]晚安[微风][微风][微风];2023-04-07 22:02:31;1;0.0261372516461272;0;1
盱眙融媒;;0;0;164;132;晚安超话世间万般的美好，都不及家的温暖，努力有套自己的房子，属于自己小窝，那才是安全感北京拆迁退出历史舞台憨憨的一朵菌子盱眙融媒的微博视频;#晚安超话##北京拆迁退出历史舞台#@憨憨的一朵菌子盱眙融媒的微博视频;1375;盱眙融媒;江苏;愿你抬头皆美好，所见皆温柔~ ​晚安[月亮][月亮][月亮];2023-04-07 22:15:00;0;0.0261372516461272;1;1
盱眙融媒;;0;0;164;132;晚安超话世间万般的美好，都不及家的温暖，努力有套自己的房子，属于自己小窝，那才是安全感北京拆迁退出历史舞台憨憨的一朵菌子盱眙融媒的微博视频;#晚安超话##北京拆迁退出历史舞台#@憨憨的一朵菌子盱眙融媒的微博视频;1064;-曌宸;四川;晚安[微风];2023-04-07 22:01:46;1;0.0261372516461272;0;1
盱眙融媒;;0;0;164;132;晚安超话世间万般的美好，都不及家的温暖，努力有套自己的房子，属于自己小窝，那才是安全感北京拆迁退出历史舞台憨憨的一朵菌子盱眙融媒的微博视频;#晚安超话##北京拆迁退出历史舞台#@憨憨的一朵菌子盱眙融媒的微博视频;1064;盱眙融媒;江苏;[心][心][心];2023-04-07 22:15:24;0;0.0261372516461272;1;1
盱眙融媒;;0;0;164;132;晚安超话世间万般的美好，都不及家的温暖，努力有套自己的房子，属于自己小窝，那才是安全感北京拆迁退出历史舞台憨憨的一朵菌子盱眙融媒的微博视频;#晚安超话##北京拆迁退出历史舞台#@憨憨的一朵菌子盱眙融媒的微博视频;594;攒一口袋头头;其他;没有谁的幸运，是凭空而来，只有当你足够努力，你才会足够幸运。这世界不会辜负每一份努力和坚持，时光不会怠慢执着而勇敢的每一个人。晚安[月亮];2023-04-07 21:57:35;1;0.0261372516461272;0;1
盱眙融媒;;0;0;164;132;晚安超话世间万般的美好，都不及家的温暖，努力有套自己的房子，属于自己小窝，那才是安全感北京拆迁退出历史舞台憨憨的一朵菌子盱眙融媒的微博视频;#晚安超话##北京拆迁退出历史舞台#@憨憨的一朵菌子盱眙融媒的微博视频;594;盱眙融媒;江苏;[鲜花][鲜花][心][心];2023-04-07 21:58:20;0;0.0261372516461272;1;1
盱眙融媒;;0;0;164;132;晚安超话世间万般的美好，都不及家的温暖，努力有套自己的房子，属于自己小窝，那才是安全感北京拆迁退出历史舞台憨憨的一朵菌子盱眙融媒的微博视频;#晚安超话##北京拆迁退出历史舞台#@憨憨的一朵菌子盱眙融媒的微博视频;3486;乌缇尔;其他;融融晚安💤[抱一抱];2023-04-07 21:55:54;1;0.0261372516461272;0;1
盱眙融媒;;0;0;164;132;晚安超话世间万般的美好，都不及家的温暖，努力有套自己的房子，属于自己小窝，那才是安全感北京拆迁退出历史舞台憨憨的一朵菌子盱眙融媒的微博视频;#晚安超话##北京拆迁退出历史舞台#@憨憨的一朵菌子盱眙融媒的微博视频;3486;盱眙融媒;江苏;晚安[咖啡];2023-04-07 21:58:43;0;0.0261372516461272;1;1
盱眙融媒;;0;0;164;132;晚安超话世间万般的美好，都不及家的温暖，努力有套自己的房子，属于自己小窝，那才是安全感北京拆迁退出历史舞台憨憨的一朵菌子盱眙融媒的微博视频;#晚安超话##北京拆迁退出历史舞台#@憨憨的一朵菌子盱眙融媒的微博视频;594;攒一口袋头头;其他;晚安，本人电量不足，现在开始充电，明个儿见;2023-04-07 21:54:59;1;0.0261372516461272;0;1
盱眙融媒;;0;0;164;132;晚安超话世间万般的美好，都不及家的温暖，努力有套自己的房子，属于自己小窝，那才是安全感北京拆迁退出历史舞台憨憨的一朵菌子盱眙融媒的微博视频;#晚安超话##北京拆迁退出历史舞台#@憨憨的一朵菌子盱眙融媒的微博视频;594;盱眙融媒;江苏;[鲜花][鲜花][咖啡][咖啡];2023-04-07 21:55:14;0;0.0261372516461272;1;1
盱眙融媒;;0;0;164;132;晚安超话世间万般的美好，都不及家的温暖，努力有套自己的房子，属于自己小窝，那才是安全感北京拆迁退出历史舞台憨憨的一朵菌子盱眙融媒的微博视频;#晚安超话##北京拆迁退出历史舞台#@憨憨的一朵菌子盱眙融媒的微博视频;13687;千色雨22;广东;晚上好[心];2023-04-07 21:53:51;1;0.0261372516461272;0;1
盱眙融媒;;0;0;164;132;晚安超话世间万般的美好，都不及家的温暖，努力有套自己的房子，属于自己小窝，那才是安全感北京拆迁退出历史舞台憨憨的一朵菌子盱眙融媒的微博视频;#晚安超话##北京拆迁退出历史舞台#@憨憨的一朵菌子盱眙融媒的微博视频;13687;盱眙融媒;江苏;[心][鲜花][鲜花];2023-04-07 21:55:34;0;0.0261372516461272;1;1
盱眙融媒;;0;0;164;132;晚安超话世间万般的美好，都不及家的温暖，努力有套自己的房子，属于自己小窝，那才是安全感北京拆迁退出历史舞台憨憨的一朵菌子盱眙融媒的微博视频;#晚安超话##北京拆迁退出历史舞台#@憨憨的一朵菌子盱眙融媒的微博视频;16011;子非鱼亦非我·;上海;晚安[鲜花];2023-04-07 21:52:28;1;0.0261372516461272;0;1
盱眙融媒;;0;0;164;132;晚安超话世间万般的美好，都不及家的温暖，努力有套自己的房子，属于自己小窝，那才是安全感北京拆迁退出历史舞台憨憨的一朵菌子盱眙融媒的微博视频;#晚安超话##北京拆迁退出历史舞台#@憨憨的一朵菌子盱眙融媒的微博视频;16011;盱眙融媒;江苏;[咖啡][咖啡][咖啡];2023-04-07 21:55:53;0;0.0261372516461272;1;1
盱眙融媒;;0;0;164;132;晚安超话世间万般的美好，都不及家的温暖，努力有套自己的房子，属于自己小窝，那才是安全感北京拆迁退出历史舞台憨憨的一朵菌子盱眙融媒的微博视频;#晚安超话##北京拆迁退出历史舞台#@憨憨的一朵菌子盱眙融媒的微博视频;11169;坠星湾_果果;浙江;晚安;2023-04-07 21:51:31;1;0.0261372516461272;0;1
盱眙融媒;;0;0;164;132;晚安超话世间万般的美好，都不及家的温暖，努力有套自己的房子，属于自己小窝，那才是安全感北京拆迁退出历史舞台憨憨的一朵菌子盱眙融媒的微博视频;#晚安超话##北京拆迁退出历史舞台#@憨憨的一朵菌子盱眙融媒的微博视频;11169;盱眙融媒;江苏;世界不会辜负每一份努力和坚持，晚安！[心][月亮];2023-04-07 21:52:30;1;0.0261372516461272;1;1
盱眙融媒;;0;0;164;132;晚安超话世间万般的美好，都不及家的温暖，努力有套自己的房子，属于自己小窝，那才是安全感北京拆迁退出历史舞台憨憨的一朵菌子盱眙融媒的微博视频;#晚安超话##北京拆迁退出历史舞台#@憨憨的一朵菌子盱眙融媒的微博视频;594;攒一口袋头头;其他;我已经盖好被子了 ꍞ(:˒[▓︎▓︎] 就等你说晚安了。;2023-04-07 21:50:58;1;0.0261372516461272;0;1
盱眙融媒;;0;0;164;132;晚安超话世间万般的美好，都不及家的温暖，努力有套自己的房子，属于自己小窝，那才是安全感北京拆迁退出历史舞台憨憨的一朵菌子盱眙融媒的微博视频;#晚安超话##北京拆迁退出历史舞台#@憨憨的一朵菌子盱眙融媒的微博视频;594;盱眙融媒;江苏;世界不会辜负每一份努力和坚持，晚安！[心][月亮];2023-04-07 21:52:57;0;0.0261372516461272;1;1
盱眙融媒;;0;0;164;132;晚安超话世间万般的美好，都不及家的温暖，努力有套自己的房子，属于自己小窝，那才是安全感北京拆迁退出历史舞台憨憨的一朵菌子盱眙融媒的微博视频;#晚安超话##北京拆迁退出历史舞台#@憨憨的一朵菌子盱眙融媒的微博视频;10929;樱桃_Unicorn;其他;晚安😴;2023-04-07 21:48:07;1;0.0261372516461272;0;1
盱眙融媒;;0;0;164;132;晚安超话世间万般的美好，都不及家的温暖，努力有套自己的房子，属于自己小窝，那才是安全感北京拆迁退出历史舞台憨憨的一朵菌子盱眙融媒的微博视频;#晚安超话##北京拆迁退出历史舞台#@憨憨的一朵菌子盱眙融媒的微博视频;10929;盱眙融媒;江苏;世界不会辜负每一份努力和坚持[月亮];2023-04-07 21:50:13;1;0.0261372516461272;1;1
盱眙融媒;;0;0;164;132;晚安超话世间万般的美好，都不及家的温暖，努力有套自己的房子，属于自己小窝，那才是安全感北京拆迁退出历史舞台憨憨的一朵菌子盱眙融媒的微博视频;#晚安超话##北京拆迁退出历史舞台#@憨憨的一朵菌子盱眙融媒的微博视频;118;偷树的光头强;其他;晚安[月亮];2023-04-07 21:52:05;1;0.0261372516461272;0;1
盱眙融媒;;0;0;164;132;晚安超话世间万般的美好，都不及家的温暖，努力有套自己的房子，属于自己小窝，那才是安全感北京拆迁退出历史舞台憨憨的一朵菌子盱眙融媒的微博视频;#晚安超话##北京拆迁退出历史舞台#@憨憨的一朵菌子盱眙融媒的微博视频;118;盱眙融媒;江苏;[心][咖啡][咖啡][咖啡];2023-04-07 21:56:10;0;0.0261372516461272;1;1
盱眙融媒;;0;0;164;132;晚安超话世间万般的美好，都不及家的温暖，努力有套自己的房子，属于自己小窝，那才是安全感北京拆迁退出历史舞台憨憨的一朵菌子盱眙融媒的微博视频;#晚安超话##北京拆迁退出历史舞台#@憨憨的一朵菌子盱眙融媒的微博视频;9512;法治青白江;四川;晚安💤;2023-04-07 21:47:36;1;0.0261372516461272;0;1
盱眙融媒;;0;0;164;132;晚安超话世间万般的美好，都不及家的温暖，努力有套自己的房子，属于自己小窝，那才是安全感北京拆迁退出历史舞台憨憨的一朵菌子盱眙融媒的微博视频;#晚安超话##北京拆迁退出历史舞台#@憨憨的一朵菌子盱眙融媒的微博视频;9512;盱眙融媒;江苏;晚安朋友[咖啡];2023-04-07 21:48:05;0;0.0261372516461272;1;1
盱眙融媒;;0;0;164;132;晚安超话世间万般的美好，都不及家的温暖，努力有套自己的房子，属于自己小窝，那才是安全感北京拆迁退出历史舞台憨憨的一朵菌子盱眙融媒的微博视频;#晚安超话##北京拆迁退出历史舞台#@憨憨的一朵菌子盱眙融媒的微博视频;61;部落美嘉兰;其他;晚安;2023-04-07 22:13:23;1;0.0261372516461272;0;1
盱眙融媒;;0;0;164;132;晚安超话世间万般的美好，都不及家的温暖，努力有套自己的房子，属于自己小窝，那才是安全感北京拆迁退出历史舞台憨憨的一朵菌子盱眙融媒的微博视频;#晚安超话##北京拆迁退出历史舞台#@憨憨的一朵菌子盱眙融媒的微博视频;61;盱眙融媒;江苏;[鲜花][鲜花][鲜花];2023-04-07 22:21:07;1;0.0261372516461272;1;1
盱眙融媒;;0;0;164;132;晚安超话世间万般的美好，都不及家的温暖，努力有套自己的房子，属于自己小窝，那才是安全感北京拆迁退出历史舞台憨憨的一朵菌子盱眙融媒的微博视频;#晚安超话##北京拆迁退出历史舞台#@憨憨的一朵菌子盱眙融媒的微博视频;26664;易燚翊;吉林;晚安～;2023-04-07 22:05:08;1;0.0261372516461272;0;1
盱眙融媒;;0;0;164;132;晚安超话世间万般的美好，都不及家的温暖，努力有套自己的房子，属于自己小窝，那才是安全感北京拆迁退出历史舞台憨憨的一朵菌子盱眙融媒的微博视频;#晚安超话##北京拆迁退出历史舞台#@憨憨的一朵菌子盱眙融媒的微博视频;26664;盱眙融媒;江苏;[咖啡][咖啡][咖啡];2023-04-07 22:15:52;0;0.0261372516461272;1;1
盱眙融媒;;0;0;164;132;晚安超话世间万般的美好，都不及家的温暖，努力有套自己的房子，属于自己小窝，那才是安全感北京拆迁退出历史舞台憨憨的一朵菌子盱眙融媒的微博视频;#晚安超话##北京拆迁退出历史舞台#@憨憨的一朵菌子盱眙融媒的微博视频;10512;牛妞爱扭扭;其他;晚安;2023-04-07 21:58:35;1;0.0261372516461272;0;1
盱眙融媒;;0;0;164;132;晚安超话世间万般的美好，都不及家的温暖，努力有套自己的房子，属于自己小窝，那才是安全感北京拆迁退出历史舞台憨憨的一朵菌子盱眙融媒的微博视频;#晚安超话##北京拆迁退出历史舞台#@憨憨的一朵菌子盱眙融媒的微博视频;10512;盱眙融媒;江苏;愿你抬头皆美好，所见皆温柔~ ​晚安[月亮][月亮][月亮];2023-04-07 22:16:13;0;0.0261372516461272;1;1
盱眙融媒;;0;0;164;132;晚安超话世间万般的美好，都不及家的温暖，努力有套自己的房子，属于自己小窝，那才是安全感北京拆迁退出历史舞台憨憨的一朵菌子盱眙融媒的微博视频;#晚安超话##北京拆迁退出历史舞台#@憨憨的一朵菌子盱眙融媒的微博视频;19261;归舟_苍盐海;广西;晚安[心];2023-04-07 21:57:50;1;0.0261372516461272;0;1
盱眙融媒;;0;0;164;132;晚安超话世间万般的美好，都不及家的温暖，努力有套自己的房子，属于自己小窝，那才是安全感北京拆迁退出历史舞台憨憨的一朵菌子盱眙融媒的微博视频;#晚安超话##北京拆迁退出历史舞台#@憨憨的一朵菌子盱眙融媒的微博视频;19261;盱眙融媒;江苏;[心][鲜花][鲜花][鲜花];2023-04-07 22:16:30;0;0.0261372516461272;1;1
盱眙融媒;;0;0;164;132;晚安超话世间万般的美好，都不及家的温暖，努力有套自己的房子，属于自己小窝，那才是安全感北京拆迁退出历史舞台憨憨的一朵菌子盱眙融媒的微博视频;#晚安超话##北京拆迁退出历史舞台#@憨憨的一朵菌子盱眙融媒的微博视频;11757;此去漫年;安徽;晚安;2023-04-07 21:51:32;1;0.0261372516461272;0;1
盱眙融媒;;0;0;164;132;晚安超话世间万般的美好，都不及家的温暖，努力有套自己的房子，属于自己小窝，那才是安全感北京拆迁退出历史舞台憨憨的一朵菌子盱眙融媒的微博视频;#晚安超话##北京拆迁退出历史舞台#@憨憨的一朵菌子盱眙融媒的微博视频;11757;盱眙融媒;江苏;[鲜花][鲜花][咖啡][咖啡];2023-04-07 21:53:19;0;0.0261372516461272;1;1
盱眙融媒;;0;0;164;132;晚安超话世间万般的美好，都不及家的温暖，努力有套自己的房子，属于自己小窝，那才是安全感北京拆迁退出历史舞台憨憨的一朵菌子盱眙融媒的微博视频;#晚安超话##北京拆迁退出历史舞台#@憨憨的一朵菌子盱眙融媒的微博视频;666;Ralenti_;其他;晚安;2023-04-07 21:51:18;1;0.0261372516461272;0;1
盱眙融媒;;0;0;164;132;晚安超话世间万般的美好，都不及家的温暖，努力有套自己的房子，属于自己小窝，那才是安全感北京拆迁退出历史舞台憨憨的一朵菌子盱眙融媒的微博视频;#晚安超话##北京拆迁退出历史舞台#@憨憨的一朵菌子盱眙融媒的微博视频;666;盱眙融媒;江苏;[鲜花][鲜花][咖啡][咖啡][咖啡];2023-04-07 21:54:07;1;0.0261372516461272;1;1
盱眙融媒;;0;0;164;132;晚安超话世间万般的美好，都不及家的温暖，努力有套自己的房子，属于自己小窝，那才是安全感北京拆迁退出历史舞台憨憨的一朵菌子盱眙融媒的微博视频;#晚安超话##北京拆迁退出历史舞台#@憨憨的一朵菌子盱眙融媒的微博视频;254;葱油拌面吃几碗;上海;晚安;2023-04-07 22:10:52;1;0.0261372516461272;0;1
盱眙融媒;;0;0;164;132;晚安超话世间万般的美好，都不及家的温暖，努力有套自己的房子，属于自己小窝，那才是安全感北京拆迁退出历史舞台憨憨的一朵菌子盱眙融媒的微博视频;#晚安超话##北京拆迁退出历史舞台#@憨憨的一朵菌子盱眙融媒的微博视频;254;盱眙融媒;江苏;[咖啡][咖啡][咖啡];2023-04-07 22:16:49;0;0.0261372516461272;1;1
盱眙融媒;;0;0;164;132;晚安超话世间万般的美好，都不及家的温暖，努力有套自己的房子，属于自己小窝，那才是安全感北京拆迁退出历史舞台憨憨的一朵菌子盱眙融媒的微博视频;#晚安超话##北京拆迁退出历史舞台#@憨憨的一朵菌子盱眙融媒的微博视频;15755;小麦布-;湖南;晚安[送花花][送花花][送花花][送花花][送花花][送花花];2023-04-07 22:06:59;1;0.0261372516461272;0;1
盱眙融媒;;0;0;164;132;晚安超话世间万般的美好，都不及家的温暖，努力有套自己的房子，属于自己小窝，那才是安全感北京拆迁退出历史舞台憨憨的一朵菌子盱眙融媒的微博视频;#晚安超话##北京拆迁退出历史舞台#@憨憨的一朵菌子盱眙融媒的微博视频;15755;盱眙融媒;江苏;[心][心][鲜花][鲜花];2023-04-07 22:17:03;0;0.0261372516461272;1;1
盱眙融媒;;0;0;164;132;晚安超话世间万般的美好，都不及家的温暖，努力有套自己的房子，属于自己小窝，那才是安全感北京拆迁退出历史舞台憨憨的一朵菌子盱眙融媒的微博视频;#晚安超话##北京拆迁退出历史舞台#@憨憨的一朵菌子盱眙融媒的微博视频;615;Echo不emo;天津;晚安安;2023-04-07 22:06:50;1;0.0261372516461272;0;1
盱眙融媒;;0;0;164;132;晚安超话世间万般的美好，都不及家的温暖，努力有套自己的房子，属于自己小窝，那才是安全感北京拆迁退出历史舞台憨憨的一朵菌子盱眙融媒的微博视频;#晚安超话##北京拆迁退出历史舞台#@憨憨的一朵菌子盱眙融媒的微博视频;615;盱眙融媒;江苏;[咖啡][咖啡][咖啡];2023-04-07 22:17:23;0;0.0261372516461272;1;1
盱眙融媒;;0;0;164;132;晚安超话世间万般的美好，都不及家的温暖，努力有套自己的房子，属于自己小窝，那才是安全感北京拆迁退出历史舞台憨憨的一朵菌子盱眙融媒的微博视频;#晚安超话##北京拆迁退出历史舞台#@憨憨的一朵菌子盱眙融媒的微博视频;13125;温暖的w温;山东;晚安祝好梦[团圆兔];2023-04-07 22:06:39;1;0.0261372516461272;0;1
盱眙融媒;;0;0;164;132;晚安超话世间万般的美好，都不及家的温暖，努力有套自己的房子，属于自己小窝，那才是安全感北京拆迁退出历史舞台憨憨的一朵菌子盱眙融媒的微博视频;#晚安超话##北京拆迁退出历史舞台#@憨憨的一朵菌子盱眙融媒的微博视频;13125;盱眙融媒;江苏;[鲜花][鲜花][鲜花];2023-04-07 22:17:41;0;0.0261372516461272;1;1
盱眙融媒;;0;0;164;132;晚安超话世间万般的美好，都不及家的温暖，努力有套自己的房子，属于自己小窝，那才是安全感北京拆迁退出历史舞台憨憨的一朵菌子盱眙融媒的微博视频;#晚安超话##北京拆迁退出历史舞台#@憨憨的一朵菌子盱眙融媒的微博视频;17238;等飞机de_啵喵;其他;盱眙，晚安[送花花];2023-04-07 22:05:30;2;0.0261372516461272;0;1
盱眙融媒;;0;0;164;132;晚安超话世间万般的美好，都不及家的温暖，努力有套自己的房子，属于自己小窝，那才是安全感北京拆迁退出历史舞台憨憨的一朵菌子盱眙融媒的微博视频;#晚安超话##北京拆迁退出历史舞台#@憨憨的一朵菌子盱眙融媒的微博视频;17238;盱眙融媒;江苏;[心][咖啡][咖啡][咖啡];2023-04-07 22:18:04;0;0.0261372516461272;1;1
盱眙融媒;;0;0;164;132;晚安超话世间万般的美好，都不及家的温暖，努力有套自己的房子，属于自己小窝，那才是安全感北京拆迁退出历史舞台憨憨的一朵菌子盱眙融媒的微博视频;#晚安超话##北京拆迁退出历史舞台#@憨憨的一朵菌子盱眙融媒的微博视频;234;北极星下落不明;浙江;生活不全是利益，更多的还是相互成就和相互温暖，晚安;2023-04-07 22:02:10;1;0.0261372516461272;0;1
盱眙融媒;;0;0;164;132;晚安超话世间万般的美好，都不及家的温暖，努力有套自己的房子，属于自己小窝，那才是安全感北京拆迁退出历史舞台憨憨的一朵菌子盱眙融媒的微博视频;#晚安超话##北京拆迁退出历史舞台#@憨憨的一朵菌子盱眙融媒的微博视频;234;盱眙融媒;江苏;晚安朋友[咖啡][咖啡];2023-04-07 22:18:43;0;0.0261372516461272;1;1
盱眙融媒;;0;0;164;132;晚安超话世间万般的美好，都不及家的温暖，努力有套自己的房子，属于自己小窝，那才是安全感北京拆迁退出历史舞台憨憨的一朵菌子盱眙融媒的微博视频;#晚安超话##北京拆迁退出历史舞台#@憨憨的一朵菌子盱眙融媒的微博视频;234;北极星下落不明;浙江;把普通的烟火都过成精致，让每一个平凡的日子都溢满欢喜。晚安;2023-04-07 22:01:57;1;0.0261372516461272;0;1
盱眙融媒;;0;0;164;132;晚安超话世间万般的美好，都不及家的温暖，努力有套自己的房子，属于自己小窝，那才是安全感北京拆迁退出历史舞台憨憨的一朵菌子盱眙融媒的微博视频;#晚安超话##北京拆迁退出历史舞台#@憨憨的一朵菌子盱眙融媒的微博视频;234;盱眙融媒;江苏;[心][心][鲜花][鲜花][鲜花];2023-04-07 22:18:54;0;0.0261372516461272;1;1
盱眙融媒;;0;0;164;132;晚安超话世间万般的美好，都不及家的温暖，努力有套自己的房子，属于自己小窝，那才是安全感北京拆迁退出历史舞台憨憨的一朵菌子盱眙融媒的微博视频;#晚安超话##北京拆迁退出历史舞台#@憨憨的一朵菌子盱眙融媒的微博视频;147;多嘉点辣;广东;晚安;2023-04-07 21:54:05;1;0.0261372516461272;0;1
盱眙融媒;;0;0;164;132;晚安超话世间万般的美好，都不及家的温暖，努力有套自己的房子，属于自己小窝，那才是安全感北京拆迁退出历史舞台憨憨的一朵菌子盱眙融媒的微博视频;#晚安超话##北京拆迁退出历史舞台#@憨憨的一朵菌子盱眙融媒的微博视频;147;盱眙融媒;江苏;[咖啡][咖啡][咖啡];2023-04-07 21:56:31;0;0.0261372516461272;1;1
盱眙融媒;;0;0;164;132;晚安超话世间万般的美好，都不及家的温暖，努力有套自己的房子，属于自己小窝，那才是安全感北京拆迁退出历史舞台憨憨的一朵菌子盱眙融媒的微博视频;#晚安超话##北京拆迁退出历史舞台#@憨憨的一朵菌子盱眙融媒的微博视频;152;依旧在聽你说;广东;晚安;2023-04-07 21:53:19;1;0.0261372516461272;0;1
盱眙融媒;;0;0;164;132;晚安超话世间万般的美好，都不及家的温暖，努力有套自己的房子，属于自己小窝，那才是安全感北京拆迁退出历史舞台憨憨的一朵菌子盱眙融媒的微博视频;#晚安超话##北京拆迁退出历史舞台#@憨憨的一朵菌子盱眙融媒的微博视频;152;盱眙融媒;江苏;[鲜花][鲜花][鲜花];2023-04-07 21:56:48;0;0.0261372516461272;1;1
盱眙融媒;;0;0;164;132;晚安超话世间万般的美好，都不及家的温暖，努力有套自己的房子，属于自己小窝，那才是安全感北京拆迁退出历史舞台憨憨的一朵菌子盱眙融媒的微博视频;#晚安超话##北京拆迁退出历史舞台#@憨憨的一朵菌子盱眙融媒的微博视频;552;-小佳爱吃薯片-;其他;晚安;2023-04-07 21:52:48;1;0.0261372516461272;0;1
盱眙融媒;;0;0;164;132;晚安超话世间万般的美好，都不及家的温暖，努力有套自己的房子，属于自己小窝，那才是安全感北京拆迁退出历史舞台憨憨的一朵菌子盱眙融媒的微博视频;#晚安超话##北京拆迁退出历史舞台#@憨憨的一朵菌子盱眙融媒的微博视频;552;盱眙融媒;江苏;[心][咖啡][咖啡][咖啡];2023-04-07 21:57:03;0;0.0261372516461272;1;1
盱眙融媒;;0;0;164;132;晚安超话世间万般的美好，都不及家的温暖，努力有套自己的房子，属于自己小窝，那才是安全感北京拆迁退出历史舞台憨憨的一朵菌子盱眙融媒的微博视频;#晚安超话##北京拆迁退出历史舞台#@憨憨的一朵菌子盱眙融媒的微博视频;126;至远媛;其他;晚安[月亮];2023-04-07 21:52:18;1;0.0261372516461272;0;1
盱眙融媒;;0;0;164;132;晚安超话世间万般的美好，都不及家的温暖，努力有套自己的房子，属于自己小窝，那才是安全感北京拆迁退出历史舞台憨憨的一朵菌子盱眙融媒的微博视频;#晚安超话##北京拆迁退出历史舞台#@憨憨的一朵菌子盱眙融媒的微博视频;126;盱眙融媒;江苏;[心][咖啡][咖啡][咖啡];2023-04-07 21:57:20;0;0.0261372516461272;1;1
盱眙融媒;;0;0;164;132;晚安超话世间万般的美好，都不及家的温暖，努力有套自己的房子，属于自己小窝，那才是安全感北京拆迁退出历史舞台憨憨的一朵菌子盱眙融媒的微博视频;#晚安超话##北京拆迁退出历史舞台#@憨憨的一朵菌子盱眙融媒的微博视频;4513;珍霓玛士哆;北京;没有播种，何来收获；没有辛劳，何来成功；没有磨难，何来荣耀；没有挫折，何来辉煌。晚安;2023-04-07 21:51:19;1;0.0261372516461272;0;1
盱眙融媒;;0;0;164;132;晚安超话世间万般的美好，都不及家的温暖，努力有套自己的房子，属于自己小窝，那才是安全感北京拆迁退出历史舞台憨憨的一朵菌子盱眙融媒的微博视频;#晚安超话##北京拆迁退出历史舞台#@憨憨的一朵菌子盱眙融媒的微博视频;4513;盱眙融媒;江苏;晚安朋友[咖啡];2023-04-07 21:54:29;0;0.0261372516461272;1;1
盱眙融媒;;0;0;164;132;晚安超话世间万般的美好，都不及家的温暖，努力有套自己的房子，属于自己小窝，那才是安全感北京拆迁退出历史舞台憨憨的一朵菌子盱眙融媒的微博视频;#晚安超话##北京拆迁退出历史舞台#@憨憨的一朵菌子盱眙融媒的微博视频;1613;流水线上的彩虹格格;其他;晚安[月亮];2023-04-07 21:50:37;1;0.0261372516461272;0;1
盱眙融媒;;0;0;164;132;晚安超话世间万般的美好，都不及家的温暖，努力有套自己的房子，属于自己小窝，那才是安全感北京拆迁退出历史舞台憨憨的一朵菌子盱眙融媒的微博视频;#晚安超话##北京拆迁退出历史舞台#@憨憨的一朵菌子盱眙融媒的微博视频;1613;盱眙融媒;江苏;世界不会辜负每一份努力和坚持[月亮];2023-04-07 21:50:52;0;0.0261372516461272;1;1
盱眙融媒;;0;0;164;132;晚安超话世间万般的美好，都不及家的温暖，努力有套自己的房子，属于自己小窝，那才是安全感北京拆迁退出历史舞台憨憨的一朵菌子盱眙融媒的微博视频;#晚安超话##北京拆迁退出历史舞台#@憨憨的一朵菌子盱眙融媒的微博视频;1575;开心秋刀鱼;陕西;晚安[送花花];2023-04-07 21:50:14;1;0.0261372516461272;0;1
盱眙融媒;;0;0;164;132;晚安超话世间万般的美好，都不及家的温暖，努力有套自己的房子，属于自己小窝，那才是安全感北京拆迁退出历史舞台憨憨的一朵菌子盱眙融媒的微博视频;#晚安超话##北京拆迁退出历史舞台#@憨憨的一朵菌子盱眙融媒的微博视频;1575;盱眙融媒;江苏;世界不会辜负每一份努力和坚持[月亮];2023-04-07 21:51:18;0;0.0261372516461272;1;1
盱眙融媒;;0;0;164;132;晚安超话世间万般的美好，都不及家的温暖，努力有套自己的房子，属于自己小窝，那才是安全感北京拆迁退出历史舞台憨憨的一朵菌子盱眙融媒的微博视频;#晚安超话##北京拆迁退出历史舞台#@憨憨的一朵菌子盱眙融媒的微博视频;19468;我的实时被大眼偷走了;山东;晚安[团圆兔];2023-04-07 21:48:44;1;0.0261372516461272;0;1
盱眙融媒;;0;0;164;132;晚安超话世间万般的美好，都不及家的温暖，努力有套自己的房子，属于自己小窝，那才是安全感北京拆迁退出历史舞台憨憨的一朵菌子盱眙融媒的微博视频;#晚安超话##北京拆迁退出历史舞台#@憨憨的一朵菌子盱眙融媒的微博视频;19468;盱眙融媒;江苏;世界不会辜负每一份努力和坚持[月亮];2023-04-07 21:51:44;0;0.0261372516461272;1;1
盱眙融媒;;0;0;164;132;晚安超话世间万般的美好，都不及家的温暖，努力有套自己的房子，属于自己小窝，那才是安全感北京拆迁退出历史舞台憨憨的一朵菌子盱眙融媒的微博视频;#晚安超话##北京拆迁退出历史舞台#@憨憨的一朵菌子盱眙融媒的微博视频;1296;今天也对白鹿心动了;湖北;晚安;2023-04-07 21:48:13;1;0.0261372516461272;0;1
盱眙融媒;;0;0;164;132;晚安超话世间万般的美好，都不及家的温暖，努力有套自己的房子，属于自己小窝，那才是安全感北京拆迁退出历史舞台憨憨的一朵菌子盱眙融媒的微博视频;#晚安超话##北京拆迁退出历史舞台#@憨憨的一朵菌子盱眙融媒的微博视频;1296;盱眙融媒;江苏;晚安朋友[鲜花];2023-04-07 21:50:18;0;0.0261372516461272;1;1
盱眙融媒;;0;0;164;132;晚安超话世间万般的美好，都不及家的温暖，努力有套自己的房子，属于自己小窝，那才是安全感北京拆迁退出历史舞台憨憨的一朵菌子盱眙融媒的微博视频;#晚安超话##北京拆迁退出历史舞台#@憨憨的一朵菌子盱眙融媒的微博视频;11783;水漾月半暖;广东;愿你抬头皆美好，所见皆温柔~ ​晚安[月亮][月亮][月亮];2023-04-07 22:03:44;1;0.0261372516461272;0;1
盱眙融媒;;0;0;164;132;晚安超话世间万般的美好，都不及家的温暖，努力有套自己的房子，属于自己小窝，那才是安全感北京拆迁退出历史舞台憨憨的一朵菌子盱眙融媒的微博视频;#晚安超话##北京拆迁退出历史舞台#@憨憨的一朵菌子盱眙融媒的微博视频;11783;盱眙融媒;江苏;[咖啡][咖啡][咖啡];2023-04-07 22:13:22;0;0.0261372516461272;1;1
盱眙融媒;;0;0;164;132;晚安超话世间万般的美好，都不及家的温暖，努力有套自己的房子，属于自己小窝，那才是安全感北京拆迁退出历史舞台憨憨的一朵菌子盱眙融媒的微博视频;#晚安超话##北京拆迁退出历史舞台#@憨憨的一朵菌子盱眙融媒的微博视频;12216;爱永不失联223;辽宁;愿你长夜无梦，愿你夜夜好眠✯☽晚安💤;2023-04-08 01:17:14;1;0.0261372516461272;0;1
盱眙融媒;;0;0;164;132;晚安超话世间万般的美好，都不及家的温暖，努力有套自己的房子，属于自己小窝，那才是安全感北京拆迁退出历史舞台憨憨的一朵菌子盱眙融媒的微博视频;#晚安超话##北京拆迁退出历史舞台#@憨憨的一朵菌子盱眙融媒的微博视频;12216;爱永不失联223;辽宁;晚安❤好梦;2023-04-08 01:17:05;1;0.0261372516461272;0;1
盱眙融媒;;0;0;164;132;晚安超话世间万般的美好，都不及家的温暖，努力有套自己的房子，属于自己小窝，那才是安全感北京拆迁退出历史舞台憨憨的一朵菌子盱眙融媒的微博视频;#晚安超话##北京拆迁退出历史舞台#@憨憨的一朵菌子盱眙融媒的微博视频;10757;糖果果510;其他;晚安❤好梦;2023-04-08 01:04:32;1;0.0261372516461272;0;1
盱眙融媒;;0;0;164;132;晚安超话世间万般的美好，都不及家的温暖，努力有套自己的房子，属于自己小窝，那才是安全感北京拆迁退出历史舞台憨憨的一朵菌子盱眙融媒的微博视频;#晚安超话##北京拆迁退出历史舞台#@憨憨的一朵菌子盱眙融媒的微博视频;15054;赞··;北京;晚安安，盱眙[心][锦鲤附体];2023-04-07 23:59:00;1;0.0261372516461272;0;1
盱眙融媒;;0;0;164;132;晚安超话世间万般的美好，都不及家的温暖，努力有套自己的房子，属于自己小窝，那才是安全感北京拆迁退出历史舞台憨憨的一朵菌子盱眙融媒的微博视频;#晚安超话##北京拆迁退出历史舞台#@憨憨的一朵菌子盱眙融媒的微博视频;2272;心约暮色;江苏;周五愉快[兔子][兔子];2023-04-07 23:00:08;1;0.0261372516461272;0;1
盱眙融媒;;0;0;164;132;晚安超话世间万般的美好，都不及家的温暖，努力有套自己的房子，属于自己小窝，那才是安全感北京拆迁退出历史舞台憨憨的一朵菌子盱眙融媒的微博视频;#晚安超话##北京拆迁退出历史舞台#@憨憨的一朵菌子盱眙融媒的微博视频;2272;心约暮色;江苏;晚安融媒[月亮][月亮];2023-04-07 22:59:56;1;0.0261372516461272;0;1
盱眙融媒;;0;0;164;132;晚安超话世间万般的美好，都不及家的温暖，努力有套自己的房子，属于自己小窝，那才是安全感北京拆迁退出历史舞台憨憨的一朵菌子盱眙融媒的微博视频;#晚安超话##北京拆迁退出历史舞台#@憨憨的一朵菌子盱眙融媒的微博视频;144908;辰梦静入人心;河北;我想晚安大概就是“晚来思君，唯望君安”吧，晚安;2023-04-07 22:37:32;1;0.0261372516461272;0;1
盱眙融媒;;0;0;164;132;晚安超话世间万般的美好，都不及家的温暖，努力有套自己的房子，属于自己小窝，那才是安全感北京拆迁退出历史舞台憨憨的一朵菌子盱眙融媒的微博视频;#晚安超话##北京拆迁退出历史舞台#@憨憨的一朵菌子盱眙融媒的微博视频;144908;辰梦静入人心;河北;盱眙晚安好梦;2023-04-07 22:37:23;1;0.0261372516461272;0;1
盱眙融媒;;0;0;164;132;晚安超话世间万般的美好，都不及家的温暖，努力有套自己的房子，属于自己小窝，那才是安全感北京拆迁退出历史舞台憨憨的一朵菌子盱眙融媒的微博视频;#晚安超话##北京拆迁退出历史舞台#@憨憨的一朵菌子盱眙融媒的微博视频;20459;观景珍珠海-让候鸟飞;北京;[抱一抱][抱一抱]小鸟想回家了，你想回家吗？――关爱动物，关爱咱们共同的世界。 [微风][微风];2023-04-07 22:30:29;1;0.0261372516461272;0;1
盱眙融媒;;0;0;164;132;晚安超话世间万般的美好，都不及家的温暖，努力有套自己的房子，属于自己小窝，那才是安全感北京拆迁退出历史舞台憨憨的一朵菌子盱眙融媒的微博视频;#晚安超话##北京拆迁退出历史舞台#@憨憨的一朵菌子盱眙融媒的微博视频;20459;观景珍珠海-让候鸟飞;北京;周末愉快[月亮][月亮];2023-04-07 22:30:22;1;0.0261372516461272;0;1
盱眙融媒;;0;0;164;132;晚安超话世间万般的美好，都不及家的温暖，努力有套自己的房子，属于自己小窝，那才是安全感北京拆迁退出历史舞台憨憨的一朵菌子盱眙融媒的微博视频;#晚安超话##北京拆迁退出历史舞台#@憨憨的一朵菌子盱眙融媒的微博视频;20459;观景珍珠海-让候鸟飞;北京;晚安盱眙[月亮][月亮];2023-04-07 22:30:17;1;0.0261372516461272;0;1
盱眙融媒;;0;0;164;132;晚安超话世间万般的美好，都不及家的温暖，努力有套自己的房子，属于自己小窝，那才是安全感北京拆迁退出历史舞台憨憨的一朵菌子盱眙融媒的微博视频;#晚安超话##北京拆迁退出历史舞台#@憨憨的一朵菌子盱眙融媒的微博视频;11174;只为你盛开-暖心;安徽;陪伴本就是这世上最了不起的安慰方式，晚安！🌙 ✩⡱;2023-04-07 22:25:43;1;0.0261372516461272;0;1
盱眙融媒;;0;0;164;132;晚安超话世间万般的美好，都不及家的温暖，努力有套自己的房子，属于自己小窝，那才是安全感北京拆迁退出历史舞台憨憨的一朵菌子盱眙融媒的微博视频;#晚安超话##北京拆迁退出历史舞台#@憨憨的一朵菌子盱眙融媒的微博视频;11174;只为你盛开-暖心;安徽;晚安，祝好梦🌙;2023-04-07 22:25:38;1;0.0261372516461272;0;1
盱眙融媒;;0;0;164;132;晚安超话世间万般的美好，都不及家的温暖，努力有套自己的房子，属于自己小窝，那才是安全感北京拆迁退出历史舞台憨憨的一朵菌子盱眙融媒的微博视频;#晚安超话##北京拆迁退出历史舞台#@憨憨的一朵菌子盱眙融媒的微博视频;11174;只为你盛开-暖心;安徽;晚安盱眙[抱一抱];2023-04-07 22:25:34;1;0.0261372516461272;0;1
盱眙融媒;;0;0;164;132;晚安超话世间万般的美好，都不及家的温暖，努力有套自己的房子，属于自己小窝，那才是安全感北京拆迁退出历史舞台憨憨的一朵菌子盱眙融媒的微博视频;#晚安超话##北京拆迁退出历史舞台#@憨憨的一朵菌子盱眙融媒的微博视频;1951;西晚晚;上海;拨得闲云春日出，娇颜半掩也含羞。🍗;2023-04-08 06:41:58;0;0.0261372516461272;0;1
盱眙融媒;;0;0;164;132;晚安超话世间万般的美好，都不及家的温暖，努力有套自己的房子，属于自己小窝，那才是安全感北京拆迁退出历史舞台憨憨的一朵菌子盱眙融媒的微博视频;#晚安超话##北京拆迁退出历史舞台#@憨憨的一朵菌子盱眙融媒的微博视频;151650;·暗黑蒂蒂·;北京;晚安盱眙[心]好梦呀;2023-04-07 23:00:34;0;0.0261372516461272;0;1
盱眙融媒;;0;0;164;132;晚安超话世间万般的美好，都不及家的温暖，努力有套自己的房子，属于自己小窝，那才是安全感北京拆迁退出历史舞台憨憨的一朵菌子盱眙融媒的微博视频;#晚安超话##北京拆迁退出历史舞台#@憨憨的一朵菌子盱眙融媒的微博视频;151650;·暗黑蒂蒂·;北京;星星亮着，夜空就不会黑暗；问候伴着，心灵就不会孤单；祝福传递，温暖送你。;2023-04-07 23:00:26;0;0.0261372516461272;0;1
盱眙融媒;;0;0;164;132;晚安超话世间万般的美好，都不及家的温暖，努力有套自己的房子，属于自己小窝，那才是安全感北京拆迁退出历史舞台憨憨的一朵菌子盱眙融媒的微博视频;#晚安超话##北京拆迁退出历史舞台#@憨憨的一朵菌子盱眙融媒的微博视频;508;小兔子翠翠900;江苏;晚安呀[送花花][送花花][送花花];2023-04-07 22:35:58;0;0.0261372516461272;0;1
盱眙融媒;;0;0;164;132;晚安超话世间万般的美好，都不及家的温暖，努力有套自己的房子，属于自己小窝，那才是安全感北京拆迁退出历史舞台憨憨的一朵菌子盱眙融媒的微博视频;#晚安超话##北京拆迁退出历史舞台#@憨憨的一朵菌子盱眙融媒的微博视频;52690;想当一只喵喵喵;湖北;时常觉得事与愿违，人生艰难。但也还是相信，上天总会眷顾对生活依旧怀揣信心的人。晚安！;2023-04-07 22:35:00;0;0.0261372516461272;0;1
盱眙融媒;;0;0;164;132;晚安超话世间万般的美好，都不及家的温暖，努力有套自己的房子，属于自己小窝，那才是安全感北京拆迁退出历史舞台憨憨的一朵菌子盱眙融媒的微博视频;#晚安超话##北京拆迁退出历史舞台#@憨憨的一朵菌子盱眙融媒的微博视频;52690;想当一只喵喵喵;湖北;别幻想的太远太多，做好眼前该做的事，未来才不会辜负你，晚安！;2023-04-07 22:34:53;0;0.0261372516461272;0;1
盱眙融媒;;0;0;164;132;晚安超话世间万般的美好，都不及家的温暖，努力有套自己的房子，属于自己小窝，那才是安全感北京拆迁退出历史舞台憨憨的一朵菌子盱眙融媒的微博视频;#晚安超话##北京拆迁退出历史舞台#@憨憨的一朵菌子盱眙融媒的微博视频;52690;想当一只喵喵喵;湖北;晚安[抱一抱][抱一抱][抱一抱];2023-04-07 22:34:48;0;0.0261372516461272;0;1
盱眙融媒;;0;0;164;132;晚安超话世间万般的美好，都不及家的温暖，努力有套自己的房子，属于自己小窝，那才是安全感北京拆迁退出历史舞台憨憨的一朵菌子盱眙融媒的微博视频;#晚安超话##北京拆迁退出历史舞台#@憨憨的一朵菌子盱眙融媒的微博视频;17970;東卝月隱山野;辽宁;晚安好梦[送花花];2023-04-07 22:27:59;0;0.0261372516461272;0;1
盱眙融媒;;0;0;164;132;晚安超话世间万般的美好，都不及家的温暖，努力有套自己的房子，属于自己小窝，那才是安全感北京拆迁退出历史舞台憨憨的一朵菌子盱眙融媒的微博视频;#晚安超话##北京拆迁退出历史舞台#@憨憨的一朵菌子盱眙融媒的微博视频;211487;憨憨的一朵菌子;四川;☾˚‧º· 𝓖𝓸𝓸𝓭𝓝𝓲𝓰𝓱𝓽 ☾˚‧º·收好烦恼，挂好月亮，睡个好觉，晚安;2023-04-07 22:26:50;0;0.0261372516461272;0;1
盱眙融媒;;0;0;164;132;晚安超话世间万般的美好，都不及家的温暖，努力有套自己的房子，属于自己小窝，那才是安全感北京拆迁退出历史舞台憨憨的一朵菌子盱眙融媒的微博视频;#晚安超话##北京拆迁退出历史舞台#@憨憨的一朵菌子盱眙融媒的微博视频;211487;憨憨的一朵菌子;四川;生活不论好与坏，每天都是限量版ʕ๑•ɷ•๑ʔ;2023-04-07 22:26:44;0;0.0261372516461272;0;1
盱眙融媒;;0;0;164;132;晚安超话世间万般的美好，都不及家的温暖，努力有套自己的房子，属于自己小窝，那才是安全感北京拆迁退出历史舞台憨憨的一朵菌子盱眙融媒的微博视频;#晚安超话##北京拆迁退出历史舞台#@憨憨的一朵菌子盱眙融媒的微博视频;211487;憨憨的一朵菌子;四川;晚安[心]友友;2023-04-07 22:26:41;0;0.0261372516461272;0;1
盱眙融媒;;0;0;164;132;晚安超话世间万般的美好，都不及家的温暖，努力有套自己的房子，属于自己小窝，那才是安全感北京拆迁退出历史舞台憨憨的一朵菌子盱眙融媒的微博视频;#晚安超话##北京拆迁退出历史舞台#@憨憨的一朵菌子盱眙融媒的微博视频;204503;吉安气象;江西;早安;2023-04-08 09:03:01;0;0.0261372516461272;0;1
盱眙融媒;;0;0;164;132;晚安超话世间万般的美好，都不及家的温暖，努力有套自己的房子，属于自己小窝，那才是安全感北京拆迁退出历史舞台憨憨的一朵菌子盱眙融媒的微博视频;#晚安超话##北京拆迁退出历史舞台#@憨憨的一朵菌子盱眙融媒的微博视频;24312;还没想好诶丶;四川;晚安💤照照;2023-04-08 00:59:23;0;0.0261372516461272;0;1
盱眙融媒;;0;0;164;132;晚安超话世间万般的美好，都不及家的温暖，努力有套自己的房子，属于自己小窝，那才是安全感北京拆迁退出历史舞台憨憨的一朵菌子盱眙融媒的微博视频;#晚安超话##北京拆迁退出历史舞台#@憨憨的一朵菌子盱眙融媒的微博视频;941;莎莎所想皆如愿;山东;晚安[好爱哦];2023-04-07 22:46:25;0;0.0261372516461272;0;1
盱眙融媒;;0;0;164;132;晚安超话世间万般的美好，都不及家的温暖，努力有套自己的房子，属于自己小窝，那才是安全感北京拆迁退出历史舞台憨憨的一朵菌子盱眙融媒的微博视频;#晚安超话##北京拆迁退出历史舞台#@憨憨的一朵菌子盱眙融媒的微博视频;689;忘忧湾C929;其他;晚安[心];2023-04-07 22:11:14;0;0.0261372516461272;0;1
盱眙融媒;;0;0;164;132;晚安超话世间万般的美好，都不及家的温暖，努力有套自己的房子，属于自己小窝，那才是安全感北京拆迁退出历史舞台憨憨的一朵菌子盱眙融媒的微博视频;#晚安超话##北京拆迁退出历史舞台#@憨憨的一朵菌子盱眙融媒的微博视频;29;毛毛baby-my;江西;晚安;2023-04-07 22:10:51;0;0.0261372516461272;0;1
盱眙融媒;;0;0;164;132;晚安超话世间万般的美好，都不及家的温暖，努力有套自己的房子，属于自己小窝，那才是安全感北京拆迁退出历史舞台憨憨的一朵菌子盱眙融媒的微博视频;#晚安超话##北京拆迁退出历史舞台#@憨憨的一朵菌子盱眙融媒的微博视频;636;钟无艳蒂蒂;台湾;晚安呀 正在回家的路上[可愛];2023-04-07 22:06:10;0;0.0261372516461272;0;1
盱眙融媒;;0;0;164;132;晚安超话世间万般的美好，都不及家的温暖，努力有套自己的房子，属于自己小窝，那才是安全感北京拆迁退出历史舞台憨憨的一朵菌子盱眙融媒的微博视频;#晚安超话##北京拆迁退出历史舞台#@憨憨的一朵菌子盱眙融媒的微博视频;536;虎宝宝1220;台湾;晚安，好梦[鮮花][心];2023-04-08 01:13:17;0;0.0261372516461272;0;1
盱眙融媒;;0;0;164;132;晚安超话世间万般的美好，都不及家的温暖，努力有套自己的房子，属于自己小窝，那才是安全感北京拆迁退出历史舞台憨憨的一朵菌子盱眙融媒的微博视频;#晚安超话##北京拆迁退出历史舞台#@憨憨的一朵菌子盱眙融媒的微博视频;222;本体是傲娇虎斑猫;台湾;晚安，好梦[月亮][心];2023-04-08 00:45:43;0;0.0261372516461272;0;1
盱眙融媒;;0;0;164;132;晚安超话世间万般的美好，都不及家的温暖，努力有套自己的房子，属于自己小窝，那才是安全感北京拆迁退出历史舞台憨憨的一朵菌子盱眙融媒的微博视频;#晚安超话##北京拆迁退出历史舞台#@憨憨的一朵菌子盱眙融媒的微博视频;0;略略略_不爽而已l;其他;晚安[送花花];2023-04-07 22:02:44;0;0.0261372516461272;0;1
盱眙融媒;;0;0;164;132;晚安超话世间万般的美好，都不及家的温暖，努力有套自己的房子，属于自己小窝，那才是安全感北京拆迁退出历史舞台憨憨的一朵菌子盱眙融媒的微博视频;#晚安超话##北京拆迁退出历史舞台#@憨憨的一朵菌子盱眙融媒的微博视频;910;肥鱼儿啊;其他;每个人都有一条自己的路，无论平坦还是崎岖，只要是自己选择的，勇敢地走下去吧。明天又是一个新的开始，晚安！;2023-04-07 21:55:40;0;0.0261372516461272;0;1
盱眙融媒;;0;0;164;132;晚安超话世间万般的美好，都不及家的温暖，努力有套自己的房子，属于自己小窝，那才是安全感北京拆迁退出历史舞台憨憨的一朵菌子盱眙融媒的微博视频;#晚安超话##北京拆迁退出历史舞台#@憨憨的一朵菌子盱眙融媒的微博视频;910;肥鱼儿啊;其他;盱眙，晚安[月亮];2023-04-07 21:54:54;0;0.0261372516461272;0;1
盱眙融媒;;0;0;164;132;晚安超话世间万般的美好，都不及家的温暖，努力有套自己的房子，属于自己小窝，那才是安全感北京拆迁退出历史舞台憨憨的一朵菌子盱眙融媒的微博视频;#晚安超话##北京拆迁退出历史舞台#@憨憨的一朵菌子盱眙融媒的微博视频;10757;糖果果510;其他;☽ Good night~愿你安睡时山河入梦，愿你醒来时满目春风;2023-04-08 01:04:35;1;0.0261372516461272;0;1
盱眙融媒;;0;0;164;132;晚安超话世间万般的美好，都不及家的温暖，努力有套自己的房子，属于自己小窝，那才是安全感北京拆迁退出历史舞台憨憨的一朵菌子盱眙融媒的微博视频;#晚安超话##北京拆迁退出历史舞台#@憨憨的一朵菌子盱眙融媒的微博视频;622;鹤羽虎棣_DD;台湾;晚安，好梦[月亮][心];2023-04-08 00:15:31;0;0.0261372516461272;0;1
盱眙融媒;;0;0;164;132;晚安超话世间万般的美好，都不及家的温暖，努力有套自己的房子，属于自己小窝，那才是安全感北京拆迁退出历史舞台憨憨的一朵菌子盱眙融媒的微博视频;#晚安超话##北京拆迁退出历史舞台#@憨憨的一朵菌子盱眙融媒的微博视频;11435;妍梅舟吉_my;其他;晚安;2023-04-07 23:36:57;0;0.0261372516461272;0;1
盱眙融媒;;0;0;164;132;晚安超话世间万般的美好，都不及家的温暖，努力有套自己的房子，属于自己小窝，那才是安全感北京拆迁退出历史舞台憨憨的一朵菌子盱眙融媒的微博视频;#晚安超话##北京拆迁退出历史舞台#@憨憨的一朵菌子盱眙融媒的微博视频;839;小動物管理員X;其他;晚安[收到][收到];2023-04-07 23:36:55;0;0.0261372516461272;0;1
盱眙融媒;;0;0;164;132;晚安超话世间万般的美好，都不及家的温暖，努力有套自己的房子，属于自己小窝，那才是安全感北京拆迁退出历史舞台憨憨的一朵菌子盱眙融媒的微博视频;#晚安超话##北京拆迁退出历史舞台#@憨憨的一朵菌子盱眙融媒的微博视频;672;珍珠不累_爱莲版;安徽;晚安好梦;2023-04-07 23:33:56;0;0.0261372516461272;0;1
盱眙融媒;;0;0;164;132;晚安超话世间万般的美好，都不及家的温暖，努力有套自己的房子，属于自己小窝，那才是安全感北京拆迁退出历史舞台憨憨的一朵菌子盱眙融媒的微博视频;#晚安超话##北京拆迁退出历史舞台#@憨憨的一朵菌子盱眙融媒的微博视频;58;宝儿依依2003;湖北;晚安;2023-04-07 23:19:35;0;0.0261372516461272;0;1
盱眙融媒;;0;0;164;132;晚安超话世间万般的美好，都不及家的温暖，努力有套自己的房子，属于自己小窝，那才是安全感北京拆迁退出历史舞台憨憨的一朵菌子盱眙融媒的微博视频;#晚安超话##北京拆迁退出历史舞台#@憨憨的一朵菌子盱眙融媒的微博视频;13678;水晶瓶shui;陕西;晚安💤好梦[月亮];2023-04-07 23:09:20;0;0.0261372516461272;0;1
盱眙融媒;;0;0;164;132;晚安超话世间万般的美好，都不及家的温暖，努力有套自己的房子，属于自己小窝，那才是安全感北京拆迁退出历史舞台憨憨的一朵菌子盱眙融媒的微博视频;#晚安超话##北京拆迁退出历史舞台#@憨憨的一朵菌子盱眙融媒的微博视频;10132;鹅鹅是干饭人;浙江;晚安了[玉兔捣药];2023-04-07 23:04:02;0;0.0261372516461272;0;1
盱眙融媒;;0;0;164;132;晚安超话世间万般的美好，都不及家的温暖，努力有套自己的房子，属于自己小窝，那才是安全感北京拆迁退出历史舞台憨憨的一朵菌子盱眙融媒的微博视频;#晚安超话##北京拆迁退出历史舞台#@憨憨的一朵菌子盱眙融媒的微博视频;10132;鹅鹅是干饭人;浙江;我的小脑袋已经忙了一天了，好累啊，也该休息了。晚安！;2023-04-07 23:03:54;0;0.0261372516461272;0;1
盱眙融媒;;0;0;164;132;晚安超话世间万般的美好，都不及家的温暖，努力有套自己的房子，属于自己小窝，那才是安全感北京拆迁退出历史舞台憨憨的一朵菌子盱眙融媒的微博视频;#晚安超话##北京拆迁退出历史舞台#@憨憨的一朵菌子盱眙融媒的微博视频;16126;明月何時返;台湾;愿你静守清浅，笑对尘世沧桑；愿你笑对人生，淡看流年无恙！;2023-04-07 22:50:24;0;0.0261372516461272;0;1
盱眙融媒;;0;0;164;132;晚安超话世间万般的美好，都不及家的温暖，努力有套自己的房子，属于自己小窝，那才是安全感北京拆迁退出历史舞台憨憨的一朵菌子盱眙融媒的微博视频;#晚安超话##北京拆迁退出历史舞台#@憨憨的一朵菌子盱眙融媒的微博视频;16126;明月何時返;台湾;晚安，盱眙;2023-04-07 22:50:11;0;0.0261372516461272;0;1
盱眙融媒;;0;0;164;132;晚安超话世间万般的美好，都不及家的温暖，努力有套自己的房子，属于自己小窝，那才是安全感北京拆迁退出历史舞台憨憨的一朵菌子盱眙融媒的微博视频;#晚安超话##北京拆迁退出历史舞台#@憨憨的一朵菌子盱眙融媒的微博视频;13840;一撮碎星;河南;晚安💤;2023-04-07 22:27:37;0;0.0261372516461272;0;1
盱眙融媒;;0;0;164;132;晚安超话世间万般的美好，都不及家的温暖，努力有套自己的房子，属于自己小窝，那才是安全感北京拆迁退出历史舞台憨憨的一朵菌子盱眙融媒的微博视频;#晚安超话##北京拆迁退出历史舞台#@憨憨的一朵菌子盱眙融媒的微博视频;34;开心果-bmy;江西;晚安;2023-04-07 22:24:44;0;0.0261372516461272;0;1
盱眙融媒;;0;0;164;132;晚安超话世间万般的美好，都不及家的温暖，努力有套自己的房子，属于自己小窝，那才是安全感北京拆迁退出历史舞台憨憨的一朵菌子盱眙融媒的微博视频;#晚安超话##北京拆迁退出历史舞台#@憨憨的一朵菌子盱眙融媒的微博视频;5259;雁渡寒潭_my;江西;晚安;2023-04-07 22:23:48;0;0.0261372516461272;0;1
盱眙融媒;;0;0;164;132;晚安超话世间万般的美好，都不及家的温暖，努力有套自己的房子，属于自己小窝，那才是安全感北京拆迁退出历史舞台憨憨的一朵菌子盱眙融媒的微博视频;#晚安超话##北京拆迁退出历史舞台#@憨憨的一朵菌子盱眙融媒的微博视频;34;日渐富有198909;江西;晚安;2023-04-07 22:22:51;0;0.0261372516461272;0;1
盱眙融媒;;0;0;164;132;晚安超话世间万般的美好，都不及家的温暖，努力有套自己的房子，属于自己小窝，那才是安全感北京拆迁退出历史舞台憨憨的一朵菌子盱眙融媒的微博视频;#晚安超话##北京拆迁退出历史舞台#@憨憨的一朵菌子盱眙融媒的微博视频;13952;任·四月;广东;你是我在夜色里寄存的一万次心动☾˚‧º· 𝓖𝓸𝓸𝓭𝓝𝓲𝓰𝓱𝓽 ☾˚‧º·;2023-04-07 22:22:26;1;0.0261372516461272;0;1
盱眙融媒;;0;0;164;132;晚安超话世间万般的美好，都不及家的温暖，努力有套自己的房子，属于自己小窝，那才是安全感北京拆迁退出历史舞台憨憨的一朵菌子盱眙融媒的微博视频;#晚安超话##北京拆迁退出历史舞台#@憨憨的一朵菌子盱眙融媒的微博视频;13952;任·四月;广东;晚安[心];2023-04-07 22:22:17;1;0.0261372516461272;0;1
盱眙融媒;;0;0;164;132;晚安超话世间万般的美好，都不及家的温暖，努力有套自己的房子，属于自己小窝，那才是安全感北京拆迁退出历史舞台憨憨的一朵菌子盱眙融媒的微博视频;#晚安超话##北京拆迁退出历史舞台#@憨憨的一朵菌子盱眙融媒的微博视频;43;保时2022;江西;晚安;2023-04-07 22:19:42;0;0.0261372516461272;0;1
盱眙融媒;;0;0;164;132;晚安超话世间万般的美好，都不及家的温暖，努力有套自己的房子，属于自己小窝，那才是安全感北京拆迁退出历史舞台憨憨的一朵菌子盱眙融媒的微博视频;#晚安超话##北京拆迁退出历史舞台#@憨憨的一朵菌子盱眙融媒的微博视频;22;如切如磋2023;其他;晚安;2023-04-07 22:15:34;0;0.0261372516461272;0;1
盱眙融媒;;0;0;164;132;晚安超话世间万般的美好，都不及家的温暖，努力有套自己的房子，属于自己小窝，那才是安全感北京拆迁退出历史舞台憨憨的一朵菌子盱眙融媒的微博视频;#晚安超话##北京拆迁退出历史舞台#@憨憨的一朵菌子盱眙融媒的微博视频;27;薄荷之夏-2023;江西;晚安;2023-04-07 22:13:57;0;0.0261372516461272;0;1
盱眙融媒;;0;0;164;132;晚安超话世间万般的美好，都不及家的温暖，努力有套自己的房子，属于自己小窝，那才是安全感北京拆迁退出历史舞台憨憨的一朵菌子盱眙融媒的微博视频;#晚安超话##北京拆迁退出历史舞台#@憨憨的一朵菌子盱眙融媒的微博视频;513;为之悸动吖;广东;晚安[月亮];2023-04-07 22:11:15;0;0.0261372516461272;0;1
盱眙融媒;;0;0;164;132;晚安超话世间万般的美好，都不及家的温暖，努力有套自己的房子，属于自己小窝，那才是安全感北京拆迁退出历史舞台憨憨的一朵菌子盱眙融媒的微博视频;#晚安超话##北京拆迁退出历史舞台#@憨憨的一朵菌子盱眙融媒的微博视频;28;下雨天-妍妍;其他;晚安;2023-04-07 22:07:40;0;0.0261372516461272;0;1
盱眙融媒;;0;0;164;132;晚安超话世间万般的美好，都不及家的温暖，努力有套自己的房子，属于自己小窝，那才是安全感北京拆迁退出历史舞台憨憨的一朵菌子盱眙融媒的微博视频;#晚安超话##北京拆迁退出历史舞台#@憨憨的一朵菌子盱眙融媒的微博视频;2012;三番演贝挂件听奶奶的话;山东;晚安[团圆兔];2023-04-07 22:07:24;0;0.0261372516461272;0;1
空巢青年0019;江西;0;0;1;0;北京拆迁退出历史舞台农村人想逆袭的途径没了;#北京拆迁退出历史舞台#;84;幼uuuo;其他;平房和农村还是有区别的哈。北京拆迁一般拆不到农村。;2023-04-07 21:43:03;0;0.0502239216317008;0;0
空庭饶霜露;北京;0;0;1;0;北京拆迁退出历史舞台前几年拆的，只想说给的钱还不如不拆这几年房租赚的多十几年前拆还可能赚点现在没戏拆迁政策复杂着呢;#北京拆迁退出历史舞台#;36;是阳光下的雨露吗;其他;同感，武汉二环商品房18000，要钱5000一平，要房子各种条条框框，面积缩水再加公摊物业费等，最后确实没有不拆的时候好。;2023-04-07 21:53:30;0;0.045162402939979;0;0
于是我就拼命跑啊拼命跑;江苏;0;0;2;1;北京拆迁退出历史舞台看来仇富的人还是多啊;#北京拆迁退出历史舞台#;24;强化暴光;湖南;应该说不公平的太多了[doge][doge];2023-04-07 21:45:22;0;0.0800468736063894;0;0
于是我就拼命跑啊拼命跑;江苏;0;0;2;1;北京拆迁退出历史舞台看来仇富的人还是多啊;#北京拆迁退出历史舞台#;24;于是我就拼命跑啊拼命跑;江苏;其实没有人希望真正的公平吧。都是想让自己处在这个不公平社会的有利位置罢了[doge];2023-04-07 22:07:55;0;0.0800468736063894;1;0
Angel_拿铁不加冰;英国;0;0;1;0;北京拆迁退出历史舞台安居房在六环开外玉兔捣药;#北京拆迁退出历史舞台#;455;瓜丛中的猹;北京;还是共有产权[跪了];2023-04-08 00:26:34;0;0.0554812008190998;0;0
天狼50贵杰;河北;0;0;3;29;北京拆迁退出历史舞台拆一代没有了;#北京拆迁退出历史舞台#;75;Sumail11;其他;该发财的时候已经发过了;2023-04-07 22:17:47;0;0.0800468736063894;0;0
天狼50贵杰;河北;0;0;3;29;北京拆迁退出历史舞台拆一代没有了;#北京拆迁退出历史舞台#;54;eggofeggsandegg;湖北;老北京都拆完了，再拆就是新中国了;2023-04-08 07:06:27;0;0.0800468736063894;0;0
合肥班长;安徽;0;4;33;96;短期供地过多，热门也能变成冷门，前两年滨湖同样出现过这种情况，现在的神盘蘭园、和光尘樾同样滞销，融创滨湖印更是举步为艰，运河新城在前期楼盘还剩余较多库存的情况下，还计划供应宗约亩涉宅用地，任何一个普通人都知道这样供地行不通，不太清楚蜀山区为何会做如此计划？;;67;摸鱼罢了1213;其他;也有可能策略是对的，省得拖拖拉拉的起不来[笑cry][笑cry];2023-05-21 17:41:12;9;0.0445879433604084;0;0
合肥班长;安徽;0;4;33;96;短期供地过多，热门也能变成冷门，前两年滨湖同样出现过这种情况，现在的神盘蘭园、和光尘樾同样滞销，融创滨湖印更是举步为艰，运河新城在前期楼盘还剩余较多库存的情况下，还计划供应宗约亩涉宅用地，任何一个普通人都知道这样供地行不通，不太清楚蜀山区为何会做如此计划？;;141;CLL都有人用;海外;这样一看，运河的地也就两年左右的供应量就结束了;2023-05-21 22:11:16;4;0.0445879433604084;0;0
合肥班长;安徽;0;4;33;96;短期供地过多，热门也能变成冷门，前两年滨湖同样出现过这种情况，现在的神盘蘭园、和光尘樾同样滞销，融创滨湖印更是举步为艰，运河新城在前期楼盘还剩余较多库存的情况下，还计划供应宗约亩涉宅用地，任何一个普通人都知道这样供地行不通，不太清楚蜀山区为何会做如此计划？;;141;海上的蓝精灵;上海;哪有什么刚需;2023-05-22 08:52:44;0;0.0445879433604084;1;0
合肥班长;安徽;0;4;33;96;短期供地过多，热门也能变成冷门，前两年滨湖同样出现过这种情况，现在的神盘蘭园、和光尘樾同样滞销，融创滨湖印更是举步为艰，运河新城在前期楼盘还剩余较多库存的情况下，还计划供应宗约亩涉宅用地，任何一个普通人都知道这样供地行不通，不太清楚蜀山区为何会做如此计划？;;141;CLL都有人用;海外;回复@迷茫的自信1:刚需该下手还是下手，不然后面哪怕同样价格位置也更差了;2023-05-21 22:42:37;2;0.0445879433604084;1;0
合肥班长;安徽;0;4;33;96;短期供地过多，热门也能变成冷门，前两年滨湖同样出现过这种情况，现在的神盘蘭园、和光尘樾同样滞销，融创滨湖印更是举步为艰，运河新城在前期楼盘还剩余较多库存的情况下，还计划供应宗约亩涉宅用地，任何一个普通人都知道这样供地行不通，不太清楚蜀山区为何会做如此计划？;;141;迷茫的自信1;其他;没事，其实往南往北，往西扩地还是很多，不过位置差了些;2023-05-21 22:41:34;1;0.0445879433604084;1;0
合肥班长;安徽;0;4;33;96;短期供地过多，热门也能变成冷门，前两年滨湖同样出现过这种情况，现在的神盘蘭园、和光尘樾同样滞销，融创滨湖印更是举步为艰，运河新城在前期楼盘还剩余较多库存的情况下，还计划供应宗约亩涉宅用地，任何一个普通人都知道这样供地行不通，不太清楚蜀山区为何会做如此计划？;;12450;合肥经营贷呀;安徽;太过于依赖土地财政了;2023-05-21 18:52:57;5;0.0445879433604084;0;0
合肥班长;安徽;0;4;33;96;短期供地过多，热门也能变成冷门，前两年滨湖同样出现过这种情况，现在的神盘蘭园、和光尘樾同样滞销，融创滨湖印更是举步为艰，运河新城在前期楼盘还剩余较多库存的情况下，还计划供应宗约亩涉宅用地，任何一个普通人都知道这样供地行不通，不太清楚蜀山区为何会做如此计划？;;38;jnmy_;安徽;不卖小庙也没地方卖啊，哪个区都想好的差的搭配着卖，可蜀山实在没其他地;2023-05-21 17:33:01;5;0.0445879433604084;0;0
合肥班长;安徽;0;4;33;96;短期供地过多，热门也能变成冷门，前两年滨湖同样出现过这种情况，现在的神盘蘭园、和光尘樾同样滞销，融创滨湖印更是举步为艰，运河新城在前期楼盘还剩余较多库存的情况下，还计划供应宗约亩涉宅用地，任何一个普通人都知道这样供地行不通，不太清楚蜀山区为何会做如此计划？;;149;upupgogogo;安徽;地多啊，去了一次发现旁边都是空地;2023-05-21 17:51:23;3;0.0445879433604084;0;0
合肥班长;安徽;0;4;33;96;短期供地过多，热门也能变成冷门，前两年滨湖同样出现过这种情况，现在的神盘蘭园、和光尘樾同样滞销，融创滨湖印更是举步为艰，运河新城在前期楼盘还剩余较多库存的情况下，还计划供应宗约亩涉宅用地，任何一个普通人都知道这样供地行不通，不太清楚蜀山区为何会做如此计划？;;97;Jon_Snow_1;安徽;这样是对的，热门区域就应该加大供地，要坚持防住不炒的政策;2023-05-22 12:30:53;1;0.0445879433604084;0;0
合肥班长;安徽;0;4;33;96;短期供地过多，热门也能变成冷门，前两年滨湖同样出现过这种情况，现在的神盘蘭园、和光尘樾同样滞销，融创滨湖印更是举步为艰，运河新城在前期楼盘还剩余较多库存的情况下，还计划供应宗约亩涉宅用地，任何一个普通人都知道这样供地行不通，不太清楚蜀山区为何会做如此计划？;;19;壹零贰肆幢楼主;安徽;应该是要快速造城吧;2023-05-21 22:25:01;2;0.0445879433604084;0;0
合肥班长;安徽;0;4;33;96;短期供地过多，热门也能变成冷门，前两年滨湖同样出现过这种情况，现在的神盘蘭园、和光尘樾同样滞销，融创滨湖印更是举步为艰，运河新城在前期楼盘还剩余较多库存的情况下，还计划供应宗约亩涉宅用地，任何一个普通人都知道这样供地行不通，不太清楚蜀山区为何会做如此计划？;;147;正版露姐;安徽;但是价格还是很高呢，看着;2023-05-21 22:14:23;1;0.0445879433604084;0;0
合肥班长;安徽;0;4;33;96;短期供地过多，热门也能变成冷门，前两年滨湖同样出现过这种情况，现在的神盘蘭园、和光尘樾同样滞销，融创滨湖印更是举步为艰，运河新城在前期楼盘还剩余较多库存的情况下，还计划供应宗约亩涉宅用地，任何一个普通人都知道这样供地行不通，不太清楚蜀山区为何会做如此计划？;;28;空白格Laowu;安徽;滨湖印一波热度后 全城房价下行后也开始硬不起来了;2023-05-21 19:30:21;2;0.0445879433604084;0;0
合肥班长;安徽;0;4;33;96;短期供地过多，热门也能变成冷门，前两年滨湖同样出现过这种情况，现在的神盘蘭园、和光尘樾同样滞销，融创滨湖印更是举步为艰，运河新城在前期楼盘还剩余较多库存的情况下，还计划供应宗约亩涉宅用地，任何一个普通人都知道这样供地行不通，不太清楚蜀山区为何会做如此计划？;;227;罗马SPY;安徽;要钱[笑cry];2023-05-21 18:48:58;1;0.0445879433604084;0;0
合肥班长;安徽;0;4;33;96;短期供地过多，热门也能变成冷门，前两年滨湖同样出现过这种情况，现在的神盘蘭园、和光尘樾同样滞销，融创滨湖印更是举步为艰，运河新城在前期楼盘还剩余较多库存的情况下，还计划供应宗约亩涉宅用地，任何一个普通人都知道这样供地行不通，不太清楚蜀山区为何会做如此计划？;;843;梦幻丽莎发廊-;其他;确实，供这么多，怎么想的;2023-05-21 18:36:02;2;0.0445879433604084;0;0
合肥班长;安徽;0;4;33;96;短期供地过多，热门也能变成冷门，前两年滨湖同样出现过这种情况，现在的神盘蘭园、和光尘樾同样滞销，融创滨湖印更是举步为艰，运河新城在前期楼盘还剩余较多库存的情况下，还计划供应宗约亩涉宅用地，任何一个普通人都知道这样供地行不通，不太清楚蜀山区为何会做如此计划？;;1;想要的网名都不能用;其他;高新产业园都快交付一批了，人口会快速流入;2023-05-21 18:00:27;2;0.0445879433604084;0;0
合肥班长;安徽;0;4;33;96;短期供地过多，热门也能变成冷门，前两年滨湖同样出现过这种情况，现在的神盘蘭园、和光尘樾同样滞销，融创滨湖印更是举步为艰，运河新城在前期楼盘还剩余较多库存的情况下，还计划供应宗约亩涉宅用地，任何一个普通人都知道这样供地行不通，不太清楚蜀山区为何会做如此计划？;;50;西风0909的秋天;其他;给看好的人上车的机会[打call];2023-05-21 17:45:40;2;0.0445879433604084;0;0
合肥班长;安徽;0;4;33;96;短期供地过多，热门也能变成冷门，前两年滨湖同样出现过这种情况，现在的神盘蘭园、和光尘樾同样滞销，融创滨湖印更是举步为艰，运河新城在前期楼盘还剩余较多库存的情况下，还计划供应宗约亩涉宅用地，任何一个普通人都知道这样供地行不通，不太清楚蜀山区为何会做如此计划？;;4573;合肥米哥;安徽;不一定今年都推，看市场;2023-05-21 17:32:46;2;0.0445879433604084;0;0
合肥班长;安徽;0;4;33;96;短期供地过多，热门也能变成冷门，前两年滨湖同样出现过这种情况，现在的神盘蘭园、和光尘樾同样滞销，融创滨湖印更是举步为艰，运河新城在前期楼盘还剩余较多库存的情况下，还计划供应宗约亩涉宅用地，任何一个普通人都知道这样供地行不通，不太清楚蜀山区为何会做如此计划？;;78;静水踏歌172315;湖北;这是挂牌价;2023-05-21 17:27:04;1;0.0445879433604084;0;0
合肥班长;安徽;0;4;33;96;短期供地过多，热门也能变成冷门，前两年滨湖同样出现过这种情况，现在的神盘蘭园、和光尘樾同样滞销，融创滨湖印更是举步为艰，运河新城在前期楼盘还剩余较多库存的情况下，还计划供应宗约亩涉宅用地，任何一个普通人都知道这样供地行不通，不太清楚蜀山区为何会做如此计划？;;223;合肥大雷兄弟;安徽;表决心 不管你拿不拿 大哥我就是要干运河[并不简单];2023-05-22 09:30:46;0;0.0445879433604084;0;0
合肥班长;安徽;0;4;33;96;短期供地过多，热门也能变成冷门，前两年滨湖同样出现过这种情况，现在的神盘蘭园、和光尘樾同样滞销，融创滨湖印更是举步为艰，运河新城在前期楼盘还剩余较多库存的情况下，还计划供应宗约亩涉宅用地，任何一个普通人都知道这样供地行不通，不太清楚蜀山区为何会做如此计划？;;56;鹿鹿是我111;陕西;速战速决，尽快建好一个新城也挺好的;2023-05-22 17:46:02;1;0.0445879433604084;0;0
合肥班长;安徽;0;4;33;96;短期供地过多，热门也能变成冷门，前两年滨湖同样出现过这种情况，现在的神盘蘭园、和光尘樾同样滞销，融创滨湖印更是举步为艰，运河新城在前期楼盘还剩余较多库存的情况下，还计划供应宗约亩涉宅用地，任何一个普通人都知道这样供地行不通，不太清楚蜀山区为何会做如此计划？;;21;安徽探索发现;安徽;没钱呗;2023-05-22 12:29:26;0;0.0445879433604084;0;0
合肥班长;安徽;0;4;33;96;短期供地过多，热门也能变成冷门，前两年滨湖同样出现过这种情况，现在的神盘蘭园、和光尘樾同样滞销，融创滨湖印更是举步为艰，运河新城在前期楼盘还剩余较多库存的情况下，还计划供应宗约亩涉宅用地，任何一个普通人都知道这样供地行不通，不太清楚蜀山区为何会做如此计划？;;519;superfan小狮子;安徽;这六块地位置都很好啊;2023-05-22 09:10:15;0;0.0445879433604084;0;0
合肥班长;安徽;0;4;33;96;短期供地过多，热门也能变成冷门，前两年滨湖同样出现过这种情况，现在的神盘蘭园、和光尘樾同样滞销，融创滨湖印更是举步为艰，运河新城在前期楼盘还剩余较多库存的情况下，还计划供应宗约亩涉宅用地，任何一个普通人都知道这样供地行不通，不太清楚蜀山区为何会做如此计划？;;285;i亿点印象;安徽;新华:没关系我会出手;2023-05-21 22:37:59;1;0.0445879433604084;0;0
合肥班长;安徽;0;4;33;96;短期供地过多，热门也能变成冷门，前两年滨湖同样出现过这种情况，现在的神盘蘭园、和光尘樾同样滞销，融创滨湖印更是举步为艰，运河新城在前期楼盘还剩余较多库存的情况下，还计划供应宗约亩涉宅用地，任何一个普通人都知道这样供地行不通，不太清楚蜀山区为何会做如此计划？;;1;欧拉用户;其他;起飞🛫;2023-05-21 17:30:27;2;0.0445879433604084;0;0
合肥班长;安徽;0;4;33;96;短期供地过多，热门也能变成冷门，前两年滨湖同样出现过这种情况，现在的神盘蘭园、和光尘樾同样滞销，融创滨湖印更是举步为艰，运河新城在前期楼盘还剩余较多库存的情况下，还计划供应宗约亩涉宅用地，任何一个普通人都知道这样供地行不通，不太清楚蜀山区为何会做如此计划？;;339;Sun烤熟了嘛;安徽;这么卖，好多会不会烂尾啊;2023-05-21 19:54:55;1;0.0445879433604084;0;0
合肥班长;安徽;0;4;33;96;短期供地过多，热门也能变成冷门，前两年滨湖同样出现过这种情况，现在的神盘蘭园、和光尘樾同样滞销，融创滨湖印更是举步为艰，运河新城在前期楼盘还剩余较多库存的情况下，还计划供应宗约亩涉宅用地，任何一个普通人都知道这样供地行不通，不太清楚蜀山区为何会做如此计划？;;1105;A老铁匠;内蒙古;缺钱啊，政府要的是财政收入，不是给你们炒房客抬轿子[挖鼻];2023-05-21 18:41:58;8;0.0445879433604084;0;0
合肥班长;安徽;0;4;33;96;短期供地过多，热门也能变成冷门，前两年滨湖同样出现过这种情况，现在的神盘蘭园、和光尘樾同样滞销，融创滨湖印更是举步为艰，运河新城在前期楼盘还剩余较多库存的情况下，还计划供应宗约亩涉宅用地，任何一个普通人都知道这样供地行不通，不太清楚蜀山区为何会做如此计划？;;2;庐州一书生;其他;一个客观因素是，如果当时滨湖的那几个楼盘算难卖，其他的楼盘简直就是滞销。;2023-05-21 17:42:39;1;0.0445879433604084;0;0
明哥夜谈;广东;0;4;37;52;美国决定，帮助乌克兰以更大优势，在更短的时间内结束战争改写战场游戏规则的战斗机，几个月内将正式登场俄乌战场，对苏俄制式的战斗机形成碾压式的降维打击。日本当地时间月日下午，美国总统拜登在日本参加七国集团（）领导人会议期间宣布，他已经批准帮助乌克兰训练战斗机飞行员的计划。拜登表示，已经批准未来几个月可能在欧洲进行的培训计划，同时还与其他领导人宣布了针对俄罗斯的新制裁。拜登还表示，将在训练期间的未来几个月内决定提供时间、提供数量以及由谁提供和其他第四代战斗机供乌克兰作战使用。由于欧洲各国的战斗机，买自美国，当初签订了协议，假如向第三国（乌克兰）转移，必须得到美国的同意在先。在此之前，欧洲各国的援助计划，一直被美国压在案头。如今，美国开了金口，除了美国外，欧洲各国对乌克兰飞行员的培训、飞机的转交工作，已经紧锣密鼓地开展了。乌军将告别和俄军在陆地上，犬牙交错的打法，也不再和主力防守的俄军，进行据点拔牙式的直接面对面的战争。战机投入战场，将彻底改写二战之后最大战争的游戏规则。俄军的空天军，一开始还狂轰滥炸，在“爱国者”反导弹系统到位后，已经龟缩在俄本土境内，只敢远程发射导弹。如今战斗机登场，乌军将取得绝对优势的制空权。俄乌战争将告别过去年多类似于二战一般残酷的战壕、坦克对垒焦土作战方式，转向由空军主导的现代化战争。这种进攻方式，可以最大限度地减少乌军伤亡，同时可从任何地点发起进攻，直接威慑俄本土境内设施和基地。战争在年结束的曙光，已经很近了。;;98;ECT的小世界;其他;和以前比，变化真大，明哥，你为什么要这样呢[泪];2023-05-21 14:47:15;0;0.0101752378378926;0;0
明哥夜谈;广东;0;4;37;52;美国决定，帮助乌克兰以更大优势，在更短的时间内结束战争改写战场游戏规则的战斗机，几个月内将正式登场俄乌战场，对苏俄制式的战斗机形成碾压式的降维打击。日本当地时间月日下午，美国总统拜登在日本参加七国集团（）领导人会议期间宣布，他已经批准帮助乌克兰训练战斗机飞行员的计划。拜登表示，已经批准未来几个月可能在欧洲进行的培训计划，同时还与其他领导人宣布了针对俄罗斯的新制裁。拜登还表示，将在训练期间的未来几个月内决定提供时间、提供数量以及由谁提供和其他第四代战斗机供乌克兰作战使用。由于欧洲各国的战斗机，买自美国，当初签订了协议，假如向第三国（乌克兰）转移，必须得到美国的同意在先。在此之前，欧洲各国的援助计划，一直被美国压在案头。如今，美国开了金口，除了美国外，欧洲各国对乌克兰飞行员的培训、飞机的转交工作，已经紧锣密鼓地开展了。乌军将告别和俄军在陆地上，犬牙交错的打法，也不再和主力防守的俄军，进行据点拔牙式的直接面对面的战争。战机投入战场，将彻底改写二战之后最大战争的游戏规则。俄军的空天军，一开始还狂轰滥炸，在“爱国者”反导弹系统到位后，已经龟缩在俄本土境内，只敢远程发射导弹。如今战斗机登场，乌军将取得绝对优势的制空权。俄乌战争将告别过去年多类似于二战一般残酷的战壕、坦克对垒焦土作战方式，转向由空军主导的现代化战争。这种进攻方式，可以最大限度地减少乌军伤亡，同时可从任何地点发起进攻，直接威慑俄本土境内设施和基地。战争在年结束的曙光，已经很近了。;;179;藍見天下2006;其他;[good];2023-05-21 02:02:40;0;0.0101752378378926;0;0
明哥夜谈;广东;0;4;37;52;美国决定，帮助乌克兰以更大优势，在更短的时间内结束战争改写战场游戏规则的战斗机，几个月内将正式登场俄乌战场，对苏俄制式的战斗机形成碾压式的降维打击。日本当地时间月日下午，美国总统拜登在日本参加七国集团（）领导人会议期间宣布，他已经批准帮助乌克兰训练战斗机飞行员的计划。拜登表示，已经批准未来几个月可能在欧洲进行的培训计划，同时还与其他领导人宣布了针对俄罗斯的新制裁。拜登还表示，将在训练期间的未来几个月内决定提供时间、提供数量以及由谁提供和其他第四代战斗机供乌克兰作战使用。由于欧洲各国的战斗机，买自美国，当初签订了协议，假如向第三国（乌克兰）转移，必须得到美国的同意在先。在此之前，欧洲各国的援助计划，一直被美国压在案头。如今，美国开了金口，除了美国外，欧洲各国对乌克兰飞行员的培训、飞机的转交工作，已经紧锣密鼓地开展了。乌军将告别和俄军在陆地上，犬牙交错的打法，也不再和主力防守的俄军，进行据点拔牙式的直接面对面的战争。战机投入战场，将彻底改写二战之后最大战争的游戏规则。俄军的空天军，一开始还狂轰滥炸，在“爱国者”反导弹系统到位后，已经龟缩在俄本土境内，只敢远程发射导弹。如今战斗机登场，乌军将取得绝对优势的制空权。俄乌战争将告别过去年多类似于二战一般残酷的战壕、坦克对垒焦土作战方式，转向由空军主导的现代化战争。这种进攻方式，可以最大限度地减少乌军伤亡，同时可从任何地点发起进攻，直接威慑俄本土境内设施和基地。战争在年结束的曙光，已经很近了。;;14;马世川老头;其他;F22呢？35呢？;2023-05-22 21:09:21;0;0.0101752378378926;0;0
明哥夜谈;广东;0;4;37;52;美国决定，帮助乌克兰以更大优势，在更短的时间内结束战争改写战场游戏规则的战斗机，几个月内将正式登场俄乌战场，对苏俄制式的战斗机形成碾压式的降维打击。日本当地时间月日下午，美国总统拜登在日本参加七国集团（）领导人会议期间宣布，他已经批准帮助乌克兰训练战斗机飞行员的计划。拜登表示，已经批准未来几个月可能在欧洲进行的培训计划，同时还与其他领导人宣布了针对俄罗斯的新制裁。拜登还表示，将在训练期间的未来几个月内决定提供时间、提供数量以及由谁提供和其他第四代战斗机供乌克兰作战使用。由于欧洲各国的战斗机，买自美国，当初签订了协议，假如向第三国（乌克兰）转移，必须得到美国的同意在先。在此之前，欧洲各国的援助计划，一直被美国压在案头。如今，美国开了金口，除了美国外，欧洲各国对乌克兰飞行员的培训、飞机的转交工作，已经紧锣密鼓地开展了。乌军将告别和俄军在陆地上，犬牙交错的打法，也不再和主力防守的俄军，进行据点拔牙式的直接面对面的战争。战机投入战场，将彻底改写二战之后最大战争的游戏规则。俄军的空天军，一开始还狂轰滥炸，在“爱国者”反导弹系统到位后，已经龟缩在俄本土境内，只敢远程发射导弹。如今战斗机登场，乌军将取得绝对优势的制空权。俄乌战争将告别过去年多类似于二战一般残酷的战壕、坦克对垒焦土作战方式，转向由空军主导的现代化战争。这种进攻方式，可以最大限度地减少乌军伤亡，同时可从任何地点发起进攻，直接威慑俄本土境内设施和基地。战争在年结束的曙光，已经很近了。;;68;时光流逝的世界;贵州;一架f16单价超过3000万美元，，再加上配套维护和人员培训，总价在5000美元。这种飞机能提供多少？;2023-05-21 10:04:19;0;0.0101752378378926;0;0
明哥夜谈;广东;0;4;37;52;美国决定，帮助乌克兰以更大优势，在更短的时间内结束战争改写战场游戏规则的战斗机，几个月内将正式登场俄乌战场，对苏俄制式的战斗机形成碾压式的降维打击。日本当地时间月日下午，美国总统拜登在日本参加七国集团（）领导人会议期间宣布，他已经批准帮助乌克兰训练战斗机飞行员的计划。拜登表示，已经批准未来几个月可能在欧洲进行的培训计划，同时还与其他领导人宣布了针对俄罗斯的新制裁。拜登还表示，将在训练期间的未来几个月内决定提供时间、提供数量以及由谁提供和其他第四代战斗机供乌克兰作战使用。由于欧洲各国的战斗机，买自美国，当初签订了协议，假如向第三国（乌克兰）转移，必须得到美国的同意在先。在此之前，欧洲各国的援助计划，一直被美国压在案头。如今，美国开了金口，除了美国外，欧洲各国对乌克兰飞行员的培训、飞机的转交工作，已经紧锣密鼓地开展了。乌军将告别和俄军在陆地上，犬牙交错的打法，也不再和主力防守的俄军，进行据点拔牙式的直接面对面的战争。战机投入战场，将彻底改写二战之后最大战争的游戏规则。俄军的空天军，一开始还狂轰滥炸，在“爱国者”反导弹系统到位后，已经龟缩在俄本土境内，只敢远程发射导弹。如今战斗机登场，乌军将取得绝对优势的制空权。俄乌战争将告别过去年多类似于二战一般残酷的战壕、坦克对垒焦土作战方式，转向由空军主导的现代化战争。这种进攻方式，可以最大限度地减少乌军伤亡，同时可从任何地点发起进攻，直接威慑俄本土境内设施和基地。战争在年结束的曙光，已经很近了。;;1030;泰泰925;新疆;乌拉！;2023-05-21 00:12:03;0;0.0101752378378926;0;0
明哥夜谈;广东;0;4;37;52;美国决定，帮助乌克兰以更大优势，在更短的时间内结束战争改写战场游戏规则的战斗机，几个月内将正式登场俄乌战场，对苏俄制式的战斗机形成碾压式的降维打击。日本当地时间月日下午，美国总统拜登在日本参加七国集团（）领导人会议期间宣布，他已经批准帮助乌克兰训练战斗机飞行员的计划。拜登表示，已经批准未来几个月可能在欧洲进行的培训计划，同时还与其他领导人宣布了针对俄罗斯的新制裁。拜登还表示，将在训练期间的未来几个月内决定提供时间、提供数量以及由谁提供和其他第四代战斗机供乌克兰作战使用。由于欧洲各国的战斗机，买自美国，当初签订了协议，假如向第三国（乌克兰）转移，必须得到美国的同意在先。在此之前，欧洲各国的援助计划，一直被美国压在案头。如今，美国开了金口，除了美国外，欧洲各国对乌克兰飞行员的培训、飞机的转交工作，已经紧锣密鼓地开展了。乌军将告别和俄军在陆地上，犬牙交错的打法，也不再和主力防守的俄军，进行据点拔牙式的直接面对面的战争。战机投入战场，将彻底改写二战之后最大战争的游戏规则。俄军的空天军，一开始还狂轰滥炸，在“爱国者”反导弹系统到位后，已经龟缩在俄本土境内，只敢远程发射导弹。如今战斗机登场，乌军将取得绝对优势的制空权。俄乌战争将告别过去年多类似于二战一般残酷的战壕、坦克对垒焦土作战方式，转向由空军主导的现代化战争。这种进攻方式，可以最大限度地减少乌军伤亡，同时可从任何地点发起进攻，直接威慑俄本土境内设施和基地。战争在年结束的曙光，已经很近了。;;47;星动影视娱乐汇;其他;明哥，你变了;2023-05-20 23:56:01;0;0.0101752378378926;0;0
明哥夜谈;广东;0;4;37;52;美国决定，帮助乌克兰以更大优势，在更短的时间内结束战争改写战场游戏规则的战斗机，几个月内将正式登场俄乌战场，对苏俄制式的战斗机形成碾压式的降维打击。日本当地时间月日下午，美国总统拜登在日本参加七国集团（）领导人会议期间宣布，他已经批准帮助乌克兰训练战斗机飞行员的计划。拜登表示，已经批准未来几个月可能在欧洲进行的培训计划，同时还与其他领导人宣布了针对俄罗斯的新制裁。拜登还表示，将在训练期间的未来几个月内决定提供时间、提供数量以及由谁提供和其他第四代战斗机供乌克兰作战使用。由于欧洲各国的战斗机，买自美国，当初签订了协议，假如向第三国（乌克兰）转移，必须得到美国的同意在先。在此之前，欧洲各国的援助计划，一直被美国压在案头。如今，美国开了金口，除了美国外，欧洲各国对乌克兰飞行员的培训、飞机的转交工作，已经紧锣密鼓地开展了。乌军将告别和俄军在陆地上，犬牙交错的打法，也不再和主力防守的俄军，进行据点拔牙式的直接面对面的战争。战机投入战场，将彻底改写二战之后最大战争的游戏规则。俄军的空天军，一开始还狂轰滥炸，在“爱国者”反导弹系统到位后，已经龟缩在俄本土境内，只敢远程发射导弹。如今战斗机登场，乌军将取得绝对优势的制空权。俄乌战争将告别过去年多类似于二战一般残酷的战壕、坦克对垒焦土作战方式，转向由空军主导的现代化战争。这种进攻方式，可以最大限度地减少乌军伤亡，同时可从任何地点发起进攻，直接威慑俄本土境内设施和基地。战争在年结束的曙光，已经很近了。;;40;SNUT;河北;收回克里米亚和顿巴斯，泽连斯基需要多少架F16？从那个地界起飞？俄罗斯S400能让F16自由飞翔么？;2023-05-21 00:19:24;1;0.0101752378378926;0;0
明哥夜谈;广东;0;4;37;52;美国决定，帮助乌克兰以更大优势，在更短的时间内结束战争改写战场游戏规则的战斗机，几个月内将正式登场俄乌战场，对苏俄制式的战斗机形成碾压式的降维打击。日本当地时间月日下午，美国总统拜登在日本参加七国集团（）领导人会议期间宣布，他已经批准帮助乌克兰训练战斗机飞行员的计划。拜登表示，已经批准未来几个月可能在欧洲进行的培训计划，同时还与其他领导人宣布了针对俄罗斯的新制裁。拜登还表示，将在训练期间的未来几个月内决定提供时间、提供数量以及由谁提供和其他第四代战斗机供乌克兰作战使用。由于欧洲各国的战斗机，买自美国，当初签订了协议，假如向第三国（乌克兰）转移，必须得到美国的同意在先。在此之前，欧洲各国的援助计划，一直被美国压在案头。如今，美国开了金口，除了美国外，欧洲各国对乌克兰飞行员的培训、飞机的转交工作，已经紧锣密鼓地开展了。乌军将告别和俄军在陆地上，犬牙交错的打法，也不再和主力防守的俄军，进行据点拔牙式的直接面对面的战争。战机投入战场，将彻底改写二战之后最大战争的游戏规则。俄军的空天军，一开始还狂轰滥炸，在“爱国者”反导弹系统到位后，已经龟缩在俄本土境内，只敢远程发射导弹。如今战斗机登场，乌军将取得绝对优势的制空权。俄乌战争将告别过去年多类似于二战一般残酷的战壕、坦克对垒焦土作战方式，转向由空军主导的现代化战争。这种进攻方式，可以最大限度地减少乌军伤亡，同时可从任何地点发起进攻，直接威慑俄本土境内设施和基地。战争在年结束的曙光，已经很近了。;;55;于安YZD1;其他;几架破房16就绝对优势，脑子秀逗了;2023-05-22 05:58:39;0;0.0101752378378926;0;0
明哥夜谈;广东;0;4;37;52;美国决定，帮助乌克兰以更大优势，在更短的时间内结束战争改写战场游戏规则的战斗机，几个月内将正式登场俄乌战场，对苏俄制式的战斗机形成碾压式的降维打击。日本当地时间月日下午，美国总统拜登在日本参加七国集团（）领导人会议期间宣布，他已经批准帮助乌克兰训练战斗机飞行员的计划。拜登表示，已经批准未来几个月可能在欧洲进行的培训计划，同时还与其他领导人宣布了针对俄罗斯的新制裁。拜登还表示，将在训练期间的未来几个月内决定提供时间、提供数量以及由谁提供和其他第四代战斗机供乌克兰作战使用。由于欧洲各国的战斗机，买自美国，当初签订了协议，假如向第三国（乌克兰）转移，必须得到美国的同意在先。在此之前，欧洲各国的援助计划，一直被美国压在案头。如今，美国开了金口，除了美国外，欧洲各国对乌克兰飞行员的培训、飞机的转交工作，已经紧锣密鼓地开展了。乌军将告别和俄军在陆地上，犬牙交错的打法，也不再和主力防守的俄军，进行据点拔牙式的直接面对面的战争。战机投入战场，将彻底改写二战之后最大战争的游戏规则。俄军的空天军，一开始还狂轰滥炸，在“爱国者”反导弹系统到位后，已经龟缩在俄本土境内，只敢远程发射导弹。如今战斗机登场，乌军将取得绝对优势的制空权。俄乌战争将告别过去年多类似于二战一般残酷的战壕、坦克对垒焦土作战方式，转向由空军主导的现代化战争。这种进攻方式，可以最大限度地减少乌军伤亡，同时可从任何地点发起进攻，直接威慑俄本土境内设施和基地。战争在年结束的曙光，已经很近了。;;133;中年大叔201009;湖北;一次性接下6枚匕首以后，侵略者的丧钟已经敲响了;2023-05-21 07:49:54;2;0.0101752378378926;0;0
明哥夜谈;广东;0;4;37;52;美国决定，帮助乌克兰以更大优势，在更短的时间内结束战争改写战场游戏规则的战斗机，几个月内将正式登场俄乌战场，对苏俄制式的战斗机形成碾压式的降维打击。日本当地时间月日下午，美国总统拜登在日本参加七国集团（）领导人会议期间宣布，他已经批准帮助乌克兰训练战斗机飞行员的计划。拜登表示，已经批准未来几个月可能在欧洲进行的培训计划，同时还与其他领导人宣布了针对俄罗斯的新制裁。拜登还表示，将在训练期间的未来几个月内决定提供时间、提供数量以及由谁提供和其他第四代战斗机供乌克兰作战使用。由于欧洲各国的战斗机，买自美国，当初签订了协议，假如向第三国（乌克兰）转移，必须得到美国的同意在先。在此之前，欧洲各国的援助计划，一直被美国压在案头。如今，美国开了金口，除了美国外，欧洲各国对乌克兰飞行员的培训、飞机的转交工作，已经紧锣密鼓地开展了。乌军将告别和俄军在陆地上，犬牙交错的打法，也不再和主力防守的俄军，进行据点拔牙式的直接面对面的战争。战机投入战场，将彻底改写二战之后最大战争的游戏规则。俄军的空天军，一开始还狂轰滥炸，在“爱国者”反导弹系统到位后，已经龟缩在俄本土境内，只敢远程发射导弹。如今战斗机登场，乌军将取得绝对优势的制空权。俄乌战争将告别过去年多类似于二战一般残酷的战壕、坦克对垒焦土作战方式，转向由空军主导的现代化战争。这种进攻方式，可以最大限度地减少乌军伤亡，同时可从任何地点发起进攻，直接威慑俄本土境内设施和基地。战争在年结束的曙光，已经很近了。;;109937;青尘财经;其他;俄乌都是大国工具，政经军事傀儡游戏筹码而已，吹哪边都没有用脱离不了工具国家命运，多打几次大战，或时间拖的长更好消耗俄乌及G8。对中国越有利。[哈哈];2023-05-21 07:00:01;0;0.0101752378378926;0;0
明哥夜谈;广东;0;4;37;52;美国决定，帮助乌克兰以更大优势，在更短的时间内结束战争改写战场游戏规则的战斗机，几个月内将正式登场俄乌战场，对苏俄制式的战斗机形成碾压式的降维打击。日本当地时间月日下午，美国总统拜登在日本参加七国集团（）领导人会议期间宣布，他已经批准帮助乌克兰训练战斗机飞行员的计划。拜登表示，已经批准未来几个月可能在欧洲进行的培训计划，同时还与其他领导人宣布了针对俄罗斯的新制裁。拜登还表示，将在训练期间的未来几个月内决定提供时间、提供数量以及由谁提供和其他第四代战斗机供乌克兰作战使用。由于欧洲各国的战斗机，买自美国，当初签订了协议，假如向第三国（乌克兰）转移，必须得到美国的同意在先。在此之前，欧洲各国的援助计划，一直被美国压在案头。如今，美国开了金口，除了美国外，欧洲各国对乌克兰飞行员的培训、飞机的转交工作，已经紧锣密鼓地开展了。乌军将告别和俄军在陆地上，犬牙交错的打法，也不再和主力防守的俄军，进行据点拔牙式的直接面对面的战争。战机投入战场，将彻底改写二战之后最大战争的游戏规则。俄军的空天军，一开始还狂轰滥炸，在“爱国者”反导弹系统到位后，已经龟缩在俄本土境内，只敢远程发射导弹。如今战斗机登场，乌军将取得绝对优势的制空权。俄乌战争将告别过去年多类似于二战一般残酷的战壕、坦克对垒焦土作战方式，转向由空军主导的现代化战争。这种进攻方式，可以最大限度地减少乌军伤亡，同时可从任何地点发起进攻，直接威慑俄本土境内设施和基地。战争在年结束的曙光，已经很近了。;;176;haozi416;广东;听你那语气，很希望俄罗斯输，以美国为代表的代理人战争赢？最后赢得必是俄罗斯;2023-05-21 05:57:11;0;0.0101752378378926;0;0
明哥夜谈;广东;0;4;37;52;美国决定，帮助乌克兰以更大优势，在更短的时间内结束战争改写战场游戏规则的战斗机，几个月内将正式登场俄乌战场，对苏俄制式的战斗机形成碾压式的降维打击。日本当地时间月日下午，美国总统拜登在日本参加七国集团（）领导人会议期间宣布，他已经批准帮助乌克兰训练战斗机飞行员的计划。拜登表示，已经批准未来几个月可能在欧洲进行的培训计划，同时还与其他领导人宣布了针对俄罗斯的新制裁。拜登还表示，将在训练期间的未来几个月内决定提供时间、提供数量以及由谁提供和其他第四代战斗机供乌克兰作战使用。由于欧洲各国的战斗机，买自美国，当初签订了协议，假如向第三国（乌克兰）转移，必须得到美国的同意在先。在此之前，欧洲各国的援助计划，一直被美国压在案头。如今，美国开了金口，除了美国外，欧洲各国对乌克兰飞行员的培训、飞机的转交工作，已经紧锣密鼓地开展了。乌军将告别和俄军在陆地上，犬牙交错的打法，也不再和主力防守的俄军，进行据点拔牙式的直接面对面的战争。战机投入战场，将彻底改写二战之后最大战争的游戏规则。俄军的空天军，一开始还狂轰滥炸，在“爱国者”反导弹系统到位后，已经龟缩在俄本土境内，只敢远程发射导弹。如今战斗机登场，乌军将取得绝对优势的制空权。俄乌战争将告别过去年多类似于二战一般残酷的战壕、坦克对垒焦土作战方式，转向由空军主导的现代化战争。这种进攻方式，可以最大限度地减少乌军伤亡，同时可从任何地点发起进攻，直接威慑俄本土境内设施和基地。战争在年结束的曙光，已经很近了。;;176;Mr德赛;广东;希不希望，俄都必输了，时间问题，输的程度如何而已。;2023-05-21 13:03:24;1;0.0101752378378926;1;0
只做岚甄的小狗呀;新加坡;0;0;2;3;在年的某一个深夜我改了推特的介绍为“努力的去见你”当时满心满眼都是努力赚钱供自己读书，也供自己以后去追田馥甄的开销我也告诉自己考进大学的话我就有充分的理由去台湾追到了年因为所以不能去那也变成了我的遗憾年有八个月的假期我却不能去，年我依然还是去不了以前的我总盼望着可以去内地看音乐节，看着内地的田粉总是分享自己美好的记忆，我突然意识到自己没有属于自己的时刻只有羡慕别人能够不断地追她的记忆太空彩排，太空现场两次，其他翻唱，接机听着别人分享总会问自己几时有这个机会今年我追了两个自己最爱的老婆前前后后花了不少但是总告诉自己，努力的去见你（们），没了可以再赚回来，但机会没了就是没了大概是小时候想去团的爱而唯一演唱会却没能去，从那之后就变成了某种遗憾了现在计划去两个星期，我也告诉自己，疯了那也没关系，至少不留下遗憾或许可能这会是自己拥有最美好最难忘的时刻了不必过着一种只能听别人回味自己却发现属于自己的一份也没有;;14158;跟田馥甄見面超級緊張;台湾;你很棒！台北見！;2023-05-20 18:59:20;0;0.0055999744546434;0;0
只做岚甄的小狗呀;新加坡;0;0;2;3;在年的某一个深夜我改了推特的介绍为“努力的去见你”当时满心满眼都是努力赚钱供自己读书，也供自己以后去追田馥甄的开销我也告诉自己考进大学的话我就有充分的理由去台湾追到了年因为所以不能去那也变成了我的遗憾年有八个月的假期我却不能去，年我依然还是去不了以前的我总盼望着可以去内地看音乐节，看着内地的田粉总是分享自己美好的记忆，我突然意识到自己没有属于自己的时刻只有羡慕别人能够不断地追她的记忆太空彩排，太空现场两次，其他翻唱，接机听着别人分享总会问自己几时有这个机会今年我追了两个自己最爱的老婆前前后后花了不少但是总告诉自己，努力的去见你（们），没了可以再赚回来，但机会没了就是没了大概是小时候想去团的爱而唯一演唱会却没能去，从那之后就变成了某种遗憾了现在计划去两个星期，我也告诉自己，疯了那也没关系，至少不留下遗憾或许可能这会是自己拥有最美好最难忘的时刻了不必过着一种只能听别人回味自己却发现属于自己的一份也没有;;14158;只做岚甄的小狗呀;其他;台北见[失望] 新竹之旅靠你安排了[委屈];2023-05-20 21:21:09;0;0.0055999744546434;1;0
成都农业;;0;0;11;12;三农资讯成都都市圈共建“天府粮仓”个农业项目总投资逾百亿元成都平原自古有“天府之国”的美称，成德眉资作为“天府之国”的核心腹地，在建设“天府粮仓”中扮演着重要角色。记者日获悉，今年，成都都市圈将实施总投资超亿元的个现代农业项目建设，年计划投资逾亿元，协同打造新时代更展开;#三农资讯#7个农业项目总投资逾百亿元;181646;高新服务;四川;[话筒];2023-05-19 13:38:48;0;0.0106272917001791;0;1
成都农业;;0;0;11;12;三农资讯成都都市圈共建“天府粮仓”个农业项目总投资逾百亿元成都平原自古有“天府之国”的美称，成德眉资作为“天府之国”的核心腹地，在建设“天府粮仓”中扮演着重要角色。记者日获悉，今年，成都都市圈将实施总投资超亿元的个现代农业项目建设，年计划投资逾亿元，协同打造新时代更展开;#三农资讯#7个农业项目总投资逾百亿元;999684;安徽消防;安徽;[话筒];2023-05-19 10:39:51;0;0.0106272917001791;0;1
成都农业;;0;0;11;12;三农资讯成都都市圈共建“天府粮仓”个农业项目总投资逾百亿元成都平原自古有“天府之国”的美称，成德眉资作为“天府之国”的核心腹地，在建设“天府粮仓”中扮演着重要角色。记者日获悉，今年，成都都市圈将实施总投资超亿元的个现代农业项目建设，年计划投资逾亿元，协同打造新时代更展开;#三农资讯#7个农业项目总投资逾百亿元;2924;通渭检察;甘肃;[话筒][话筒];2023-05-19 10:35:54;0;0.0106272917001791;0;1
成都农业;;0;0;11;12;三农资讯成都都市圈共建“天府粮仓”个农业项目总投资逾百亿元成都平原自古有“天府之国”的美称，成德眉资作为“天府之国”的核心腹地，在建设“天府粮仓”中扮演着重要角色。记者日获悉，今年，成都都市圈将实施总投资超亿元的个现代农业项目建设，年计划投资逾亿元，协同打造新时代更展开;#三农资讯#7个农业项目总投资逾百亿元;25263;金牛法院;四川;[话筒][话筒];2023-05-19 13:55:02;0;0.0106272917001791;0;1
成都农业;;0;0;11;12;三农资讯成都都市圈共建“天府粮仓”个农业项目总投资逾百亿元成都平原自古有“天府之国”的美称，成德眉资作为“天府之国”的核心腹地，在建设“天府粮仓”中扮演着重要角色。记者日获悉，今年，成都都市圈将实施总投资超亿元的个现代农业项目建设，年计划投资逾亿元，协同打造新时代更展开;#三农资讯#7个农业项目总投资逾百亿元;2197755;平安银川;宁夏;[话筒][话筒];2023-05-19 10:44:24;0;0.0106272917001791;0;1
成都农业;;0;0;11;12;三农资讯成都都市圈共建“天府粮仓”个农业项目总投资逾百亿元成都平原自古有“天府之国”的美称，成德眉资作为“天府之国”的核心腹地，在建设“天府粮仓”中扮演着重要角色。记者日获悉，今年，成都都市圈将实施总投资超亿元的个现代农业项目建设，年计划投资逾亿元，协同打造新时代更展开;#三农资讯#7个农业项目总投资逾百亿元;139605;宜宾公安;四川;[话筒][话筒];2023-05-19 10:47:50;0;0.0106272917001791;0;1
成都农业;;0;0;11;12;三农资讯成都都市圈共建“天府粮仓”个农业项目总投资逾百亿元成都平原自古有“天府之国”的美称，成德眉资作为“天府之国”的核心腹地，在建设“天府粮仓”中扮演着重要角色。记者日获悉，今年，成都都市圈将实施总投资超亿元的个现代农业项目建设，年计划投资逾亿元，协同打造新时代更展开;#三农资讯#7个农业项目总投资逾百亿元;2804;正安县检察院;贵州;[话筒][话筒][话筒];2023-05-19 10:40:15;0;0.0106272917001791;0;1
成都农业;;0;0;11;12;三农资讯成都都市圈共建“天府粮仓”个农业项目总投资逾百亿元成都平原自古有“天府之国”的美称，成德眉资作为“天府之国”的核心腹地，在建设“天府粮仓”中扮演着重要角色。记者日获悉，今年，成都都市圈将实施总投资超亿元的个现代农业项目建设，年计划投资逾亿元，协同打造新时代更展开;#三农资讯#7个农业项目总投资逾百亿元;180678;鹰潭消防;江西;[话筒];2023-05-19 09:46:56;0;0.0106272917001791;0;1
成都农业;;0;0;11;12;三农资讯成都都市圈共建“天府粮仓”个农业项目总投资逾百亿元成都平原自古有“天府之国”的美称，成德眉资作为“天府之国”的核心腹地，在建设“天府粮仓”中扮演着重要角色。记者日获悉，今年，成都都市圈将实施总投资超亿元的个现代农业项目建设，年计划投资逾亿元，协同打造新时代更展开;#三农资讯#7个农业项目总投资逾百亿元;55937;黑龙江省文化和旅游厅;黑龙江;@成都农业;2023-05-19 11:19:53;0;0.0106272917001791;0;1
成都农业;;0;0;11;12;三农资讯成都都市圈共建“天府粮仓”个农业项目总投资逾百亿元成都平原自古有“天府之国”的美称，成德眉资作为“天府之国”的核心腹地，在建设“天府粮仓”中扮演着重要角色。记者日获悉，今年，成都都市圈将实施总投资超亿元的个现代农业项目建设，年计划投资逾亿元，协同打造新时代更展开;#三农资讯#7个农业项目总投资逾百亿元;2147;威远交警;四川;[话筒];2023-05-19 11:04:24;0;0.0106272917001791;0;1
成都农业;;0;0;11;12;三农资讯成都都市圈共建“天府粮仓”个农业项目总投资逾百亿元成都平原自古有“天府之国”的美称，成德眉资作为“天府之国”的核心腹地，在建设“天府粮仓”中扮演着重要角色。记者日获悉，今年，成都都市圈将实施总投资超亿元的个现代农业项目建设，年计划投资逾亿元，协同打造新时代更展开;#三农资讯#7个农业项目总投资逾百亿元;12805;泸州政法;四川;[话筒][话筒];2023-05-19 09:52:03;0;0.0106272917001791;0;1
寰球杂谈;海南;0;1;2;0;刚去某学校递交我儿子的个人资料（简历）（儿子小升初），门卫说你家就这么简单啊？我说是的。门卫接着说你家的太简单了，没有人家像你家这样的，别人都是一本书似的，我可不保证招生办看你家孩子的简历。我说先这样吧。边开车往家走，边想一个岁的即将升初一的娃娃，得多丰富的简历才能进了学校老师的法眼？我想着简历里就是基本信息，一目了然不挺好的吗？这社会病了，病的很重我看海南自贸港的建设和发展海南自贸港建设;#我看海南自贸港的建设和发展##海南自贸港建设#;495;寰球杂谈;北京;老来得子[666][笑cry];2023-05-25 16:49:50;0;0.0205706056281077;0;0
寰球杂谈;海南;0;1;2;0;刚去某学校递交我儿子的个人资料（简历）（儿子小升初），门卫说你家就这么简单啊？我说是的。门卫接着说你家的太简单了，没有人家像你家这样的，别人都是一本书似的，我可不保证招生办看你家孩子的简历。我说先这样吧。边开车往家走，边想一个岁的即将升初一的娃娃，得多丰富的简历才能进了学校老师的法眼？我想着简历里就是基本信息，一目了然不挺好的吗？这社会病了，病的很重我看海南自贸港的建设和发展海南自贸港建设;#我看海南自贸港的建设和发展##海南自贸港建设#;495;寰球杂谈;北京;我们70后很务实，没有那么多花里胡哨，凡事儿应该大道至简，过度繁冗是浪费大家时间！#海南自贸港建设# #我看海南自贸港的建设和发展# ;2023-05-25 16:36:37;0;0.0205706056281077;0;0
海南共青团;;0;0;10;8;海南青年五四奖章勇毅前行担使命奋勇争先创新局乐东黎族自治县人民法院，共有人，周岁以下青年占比为。乐东黎族自治县人民法院是全省基层法院首个开展“清廉自贸港法院”创建的单位。近年来，乐东法院坚持内强外拓、改革创新，大力加强队伍建设，狠抓诉讼服务和审判执行质效，诉讼服务质效评估各项指标综合得分一直处于全省法院前列，均衡结案工作领跑全省基层法院，率先在全省建立“一镇一乡村法治服务中心”、“一镇一包点法官”乐东法治乡村治理创新模式，该模式作为全省唯一案例入选第四批全国乡村治理典型案例和全国法院一站式建设优秀改革创新成果强案例评选。青年榜样力量青春闪耀团代会;#海南青年五四奖章##青年榜样力量##青春闪耀团代会#;71125;菏泽市人民检察院;山东;关注[话筒]关注[话筒];2023-05-26 08:29:08;0;0.0227407869300756;0;1
海南共青团;;0;0;10;8;海南青年五四奖章勇毅前行担使命奋勇争先创新局乐东黎族自治县人民法院，共有人，周岁以下青年占比为。乐东黎族自治县人民法院是全省基层法院首个开展“清廉自贸港法院”创建的单位。近年来，乐东法院坚持内强外拓、改革创新，大力加强队伍建设，狠抓诉讼服务和审判执行质效，诉讼服务质效评估各项指标综合得分一直处于全省法院前列，均衡结案工作领跑全省基层法院，率先在全省建立“一镇一乡村法治服务中心”、“一镇一包点法官”乐东法治乡村治理创新模式，该模式作为全省唯一案例入选第四批全国乡村治理典型案例和全国法院一站式建设优秀改革创新成果强案例评选。青年榜样力量青春闪耀团代会;#海南青年五四奖章##青年榜样力量##青春闪耀团代会#;71125;海南共青团;海南;[话筒];2023-05-26 10:44:40;0;0.0227407869300756;1;1
海南共青团;;0;0;10;8;海南青年五四奖章勇毅前行担使命奋勇争先创新局乐东黎族自治县人民法院，共有人，周岁以下青年占比为。乐东黎族自治县人民法院是全省基层法院首个开展“清廉自贸港法院”创建的单位。近年来，乐东法院坚持内强外拓、改革创新，大力加强队伍建设，狠抓诉讼服务和审判执行质效，诉讼服务质效评估各项指标综合得分一直处于全省法院前列，均衡结案工作领跑全省基层法院，率先在全省建立“一镇一乡村法治服务中心”、“一镇一包点法官”乐东法治乡村治理创新模式，该模式作为全省唯一案例入选第四批全国乡村治理典型案例和全国法院一站式建设优秀改革创新成果强案例评选。青年榜样力量青春闪耀团代会;#海南青年五四奖章##青年榜样力量##青春闪耀团代会#;630442;安徽气象;安徽;[话筒];2023-05-25 18:05:23;0;0.0227407869300756;0;1
海南共青团;;0;0;10;8;海南青年五四奖章勇毅前行担使命奋勇争先创新局乐东黎族自治县人民法院，共有人，周岁以下青年占比为。乐东黎族自治县人民法院是全省基层法院首个开展“清廉自贸港法院”创建的单位。近年来，乐东法院坚持内强外拓、改革创新，大力加强队伍建设，狠抓诉讼服务和审判执行质效，诉讼服务质效评估各项指标综合得分一直处于全省法院前列，均衡结案工作领跑全省基层法院，率先在全省建立“一镇一乡村法治服务中心”、“一镇一包点法官”乐东法治乡村治理创新模式，该模式作为全省唯一案例入选第四批全国乡村治理典型案例和全国法院一站式建设优秀改革创新成果强案例评选。青年榜样力量青春闪耀团代会;#海南青年五四奖章##青年榜样力量##青春闪耀团代会#;630442;海南共青团;海南;[话筒];2023-05-25 21:16:41;0;0.0227407869300756;1;1
海南共青团;;0;0;10;8;海南青年五四奖章勇毅前行担使命奋勇争先创新局乐东黎族自治县人民法院，共有人，周岁以下青年占比为。乐东黎族自治县人民法院是全省基层法院首个开展“清廉自贸港法院”创建的单位。近年来，乐东法院坚持内强外拓、改革创新，大力加强队伍建设，狠抓诉讼服务和审判执行质效，诉讼服务质效评估各项指标综合得分一直处于全省法院前列，均衡结案工作领跑全省基层法院，率先在全省建立“一镇一乡村法治服务中心”、“一镇一包点法官”乐东法治乡村治理创新模式，该模式作为全省唯一案例入选第四批全国乡村治理典型案例和全国法院一站式建设优秀改革创新成果强案例评选。青年榜样力量青春闪耀团代会;#海南青年五四奖章##青年榜样力量##青春闪耀团代会#;362524;李沧发布;山东;[话筒][话筒];2023-05-25 20:22:38;0;0.0227407869300756;0;1
海南共青团;;0;0;10;8;海南青年五四奖章勇毅前行担使命奋勇争先创新局乐东黎族自治县人民法院，共有人，周岁以下青年占比为。乐东黎族自治县人民法院是全省基层法院首个开展“清廉自贸港法院”创建的单位。近年来，乐东法院坚持内强外拓、改革创新，大力加强队伍建设，狠抓诉讼服务和审判执行质效，诉讼服务质效评估各项指标综合得分一直处于全省法院前列，均衡结案工作领跑全省基层法院，率先在全省建立“一镇一乡村法治服务中心”、“一镇一包点法官”乐东法治乡村治理创新模式，该模式作为全省唯一案例入选第四批全国乡村治理典型案例和全国法院一站式建设优秀改革创新成果强案例评选。青年榜样力量青春闪耀团代会;#海南青年五四奖章##青年榜样力量##青春闪耀团代会#;362524;海南共青团;海南;[话筒];2023-05-25 21:16:47;0;0.0227407869300756;1;1
海南共青团;;0;0;10;8;海南青年五四奖章勇毅前行担使命奋勇争先创新局乐东黎族自治县人民法院，共有人，周岁以下青年占比为。乐东黎族自治县人民法院是全省基层法院首个开展“清廉自贸港法院”创建的单位。近年来，乐东法院坚持内强外拓、改革创新，大力加强队伍建设，狠抓诉讼服务和审判执行质效，诉讼服务质效评估各项指标综合得分一直处于全省法院前列，均衡结案工作领跑全省基层法院，率先在全省建立“一镇一乡村法治服务中心”、“一镇一包点法官”乐东法治乡村治理创新模式，该模式作为全省唯一案例入选第四批全国乡村治理典型案例和全国法院一站式建设优秀改革创新成果强案例评选。青年榜样力量青春闪耀团代会;#海南青年五四奖章##青年榜样力量##青春闪耀团代会#;22814;南铁福州车务段;福建;[话筒][话筒][话筒];2023-05-25 18:42:07;0;0.0227407869300756;0;1
海南共青团;;0;0;10;8;海南青年五四奖章勇毅前行担使命奋勇争先创新局乐东黎族自治县人民法院，共有人，周岁以下青年占比为。乐东黎族自治县人民法院是全省基层法院首个开展“清廉自贸港法院”创建的单位。近年来，乐东法院坚持内强外拓、改革创新，大力加强队伍建设，狠抓诉讼服务和审判执行质效，诉讼服务质效评估各项指标综合得分一直处于全省法院前列，均衡结案工作领跑全省基层法院，率先在全省建立“一镇一乡村法治服务中心”、“一镇一包点法官”乐东法治乡村治理创新模式，该模式作为全省唯一案例入选第四批全国乡村治理典型案例和全国法院一站式建设优秀改革创新成果强案例评选。青年榜样力量青春闪耀团代会;#海南青年五四奖章##青年榜样力量##青春闪耀团代会#;22814;海南共青团;海南;[话筒];2023-05-25 21:16:44;0;0.0227407869300756;1;1
海南共青团;;0;0;10;8;海南青年五四奖章勇毅前行担使命奋勇争先创新局乐东黎族自治县人民法院，共有人，周岁以下青年占比为。乐东黎族自治县人民法院是全省基层法院首个开展“清廉自贸港法院”创建的单位。近年来，乐东法院坚持内强外拓、改革创新，大力加强队伍建设，狠抓诉讼服务和审判执行质效，诉讼服务质效评估各项指标综合得分一直处于全省法院前列，均衡结案工作领跑全省基层法院，率先在全省建立“一镇一乡村法治服务中心”、“一镇一包点法官”乐东法治乡村治理创新模式，该模式作为全省唯一案例入选第四批全国乡村治理典型案例和全国法院一站式建设优秀改革创新成果强案例评选。青年榜样力量青春闪耀团代会;#海南青年五四奖章##青年榜样力量##青春闪耀团代会#;8680;荆州市检察院;湖北;【勇毅前行担使命 奋勇争先创新局】@海南共青团;2023-05-25 16:27:30;0;0.0227407869300756;0;1
海南共青团;;0;0;10;8;海南青年五四奖章勇毅前行担使命奋勇争先创新局乐东黎族自治县人民法院，共有人，周岁以下青年占比为。乐东黎族自治县人民法院是全省基层法院首个开展“清廉自贸港法院”创建的单位。近年来，乐东法院坚持内强外拓、改革创新，大力加强队伍建设，狠抓诉讼服务和审判执行质效，诉讼服务质效评估各项指标综合得分一直处于全省法院前列，均衡结案工作领跑全省基层法院，率先在全省建立“一镇一乡村法治服务中心”、“一镇一包点法官”乐东法治乡村治理创新模式，该模式作为全省唯一案例入选第四批全国乡村治理典型案例和全国法院一站式建设优秀改革创新成果强案例评选。青年榜样力量青春闪耀团代会;#海南青年五四奖章##青年榜样力量##青春闪耀团代会#;8680;海南共青团;海南;[话筒];2023-05-25 16:50:24;0;0.0227407869300756;1;1
海南发布;;0;35;4;29;我和我的自贸港我为自贸港做贡献会说文昌话的洋女婿：我想在海南把生意做大“她是老板娘，我是老板爹”来自意大利的蓝豆边说着满是文昌口音的海南话，边深情地望着美丽的妻子郑女士，时而还哈哈大笑。蓝豆告诉记者，海南自贸港建设如火如荼，他不但学海南话，还要学普通话，将来把生意做大。（记者吴岳文文图）我和我的自贸港生活会说文昌话的洋女婿：我想在海南把生意做大海南发布微博的微博视频;#我和我的自贸港##我为自贸港做贡献#我和我的自贸港·生活 | 会说文昌话的洋女婿：我想在海南把生意做大海南发布微博的微博视频;4;uu酱子;海南;#我和我的自贸港#;2023-05-24 17:23:33;0;0.0152205699082598;0;1
海南发布;;0;35;4;29;我和我的自贸港我为自贸港做贡献会说文昌话的洋女婿：我想在海南把生意做大“她是老板娘，我是老板爹”来自意大利的蓝豆边说着满是文昌口音的海南话，边深情地望着美丽的妻子郑女士，时而还哈哈大笑。蓝豆告诉记者，海南自贸港建设如火如荼，他不但学海南话，还要学普通话，将来把生意做大。（记者吴岳文文图）我和我的自贸港生活会说文昌话的洋女婿：我想在海南把生意做大海南发布微博的微博视频;#我和我的自贸港##我为自贸港做贡献#我和我的自贸港·生活 | 会说文昌话的洋女婿：我想在海南把生意做大海南发布微博的微博视频;5368;海南社区;海南;#我为自贸港做贡献#[good];2023-05-24 17:41:51;0;0.0152205699082598;0;1
海南发布;;0;35;4;29;我和我的自贸港我为自贸港做贡献会说文昌话的洋女婿：我想在海南把生意做大“她是老板娘，我是老板爹”来自意大利的蓝豆边说着满是文昌口音的海南话，边深情地望着美丽的妻子郑女士，时而还哈哈大笑。蓝豆告诉记者，海南自贸港建设如火如荼，他不但学海南话，还要学普通话，将来把生意做大。（记者吴岳文文图）我和我的自贸港生活会说文昌话的洋女婿：我想在海南把生意做大海南发布微博的微博视频;#我和我的自贸港##我为自贸港做贡献#我和我的自贸港·生活 | 会说文昌话的洋女婿：我想在海南把生意做大海南发布微博的微博视频;7;韓71713;其他;#我为自贸港做贡献# ;2023-05-24 17:29:35;0;0.0152205699082598;0;1
海南发布;;0;35;4;29;我和我的自贸港我为自贸港做贡献会说文昌话的洋女婿：我想在海南把生意做大“她是老板娘，我是老板爹”来自意大利的蓝豆边说着满是文昌口音的海南话，边深情地望着美丽的妻子郑女士，时而还哈哈大笑。蓝豆告诉记者，海南自贸港建设如火如荼，他不但学海南话，还要学普通话，将来把生意做大。（记者吴岳文文图）我和我的自贸港生活会说文昌话的洋女婿：我想在海南把生意做大海南发布微博的微博视频;#我和我的自贸港##我为自贸港做贡献#我和我的自贸港·生活 | 会说文昌话的洋女婿：我想在海南把生意做大海南发布微博的微博视频;12;用户mf61ko1jyb;其他;#我为自贸港做贡献# ;2023-05-24 17:49:49;0;0.0152205699082598;0;1
海南田斌;海南;0;3;6;13;海南自贸港建设摘要：本文主要探讨了当前我国民营企业面临的营商环境问题，并提出了优化民营企业营商环境的建议。其中，完善政策支持、加强基础设施建设、加强政企合作等方面是优化民营企业营商环境的关键。关键词：民营企业；营商环境；优化民营企业是我国经济发展的重要动力和主体，对于促进经济增长、增加就业、推动创新发展等方面发挥着重要作用。然而，由于受到多种因素的影响，民营企业在发展过程中面临很多困难和挑战，其中营商环境问题是制约民营企业发展的一个重要因素。因此，优化民营企业营商环境，促进民营企业的稳健发展，已经成为当前亟待解决的问题。自贸港新视界海南省人民政府网站海南廖孝炳中国政府网特刊民营企业营商环境优化建议探讨;#海南自贸港建设##自贸港新视界#@海南省人民政府网站@海南廖孝炳@中国政府网特刊｜民营企业营商环境优化建议探讨;409023;顺势交易-专注3L;河南;[good][鲜花];2023-12-20 22:38:33;0;0.0189504371397054;0;0
海南田斌;海南;0;3;6;13;海南自贸港建设摘要：本文主要探讨了当前我国民营企业面临的营商环境问题，并提出了优化民营企业营商环境的建议。其中，完善政策支持、加强基础设施建设、加强政企合作等方面是优化民营企业营商环境的关键。关键词：民营企业；营商环境；优化民营企业是我国经济发展的重要动力和主体，对于促进经济增长、增加就业、推动创新发展等方面发挥着重要作用。然而，由于受到多种因素的影响，民营企业在发展过程中面临很多困难和挑战，其中营商环境问题是制约民营企业发展的一个重要因素。因此，优化民营企业营商环境，促进民营企业的稳健发展，已经成为当前亟待解决的问题。自贸港新视界海南省人民政府网站海南廖孝炳中国政府网特刊民营企业营商环境优化建议探讨;#海南自贸港建设##自贸港新视界#@海南省人民政府网站@海南廖孝炳@中国政府网特刊｜民营企业营商环境优化建议探讨;76760;月光随遇而安;上海;幸福美好绚烂;2023-10-29 12:58:24;0;0.0189504371397054;0;0
海南田斌;海南;0;3;6;13;海南自贸港建设摘要：本文主要探讨了当前我国民营企业面临的营商环境问题，并提出了优化民营企业营商环境的建议。其中，完善政策支持、加强基础设施建设、加强政企合作等方面是优化民营企业营商环境的关键。关键词：民营企业；营商环境；优化民营企业是我国经济发展的重要动力和主体，对于促进经济增长、增加就业、推动创新发展等方面发挥着重要作用。然而，由于受到多种因素的影响，民营企业在发展过程中面临很多困难和挑战，其中营商环境问题是制约民营企业发展的一个重要因素。因此，优化民营企业营商环境，促进民营企业的稳健发展，已经成为当前亟待解决的问题。自贸港新视界海南省人民政府网站海南廖孝炳中国政府网特刊民营企业营商环境优化建议探讨;#海南自贸港建设##自贸港新视界#@海南省人民政府网站@海南廖孝炳@中国政府网特刊｜民营企业营商环境优化建议探讨;76760;月光随遇而安;上海;你是落日弥漫的橘 天边透亮的星。;2023-10-27 14:16:32;0;0.0189504371397054;0;0
海南田斌;海南;0;3;6;13;海南自贸港建设摘要：本文主要探讨了当前我国民营企业面临的营商环境问题，并提出了优化民营企业营商环境的建议。其中，完善政策支持、加强基础设施建设、加强政企合作等方面是优化民营企业营商环境的关键。关键词：民营企业；营商环境；优化民营企业是我国经济发展的重要动力和主体，对于促进经济增长、增加就业、推动创新发展等方面发挥着重要作用。然而，由于受到多种因素的影响，民营企业在发展过程中面临很多困难和挑战，其中营商环境问题是制约民营企业发展的一个重要因素。因此，优化民营企业营商环境，促进民营企业的稳健发展，已经成为当前亟待解决的问题。自贸港新视界海南省人民政府网站海南廖孝炳中国政府网特刊民营企业营商环境优化建议探讨;#海南自贸港建设##自贸港新视界#@海南省人民政府网站@海南廖孝炳@中国政府网特刊｜民营企业营商环境优化建议探讨;16447;财经盈盈;浙江;晚安;2023-12-30 23:48:54;0;0.0189504371397054;0;0
海南田斌;海南;0;3;6;13;海南自贸港建设摘要：本文主要探讨了当前我国民营企业面临的营商环境问题，并提出了优化民营企业营商环境的建议。其中，完善政策支持、加强基础设施建设、加强政企合作等方面是优化民营企业营商环境的关键。关键词：民营企业；营商环境；优化民营企业是我国经济发展的重要动力和主体，对于促进经济增长、增加就业、推动创新发展等方面发挥着重要作用。然而，由于受到多种因素的影响，民营企业在发展过程中面临很多困难和挑战，其中营商环境问题是制约民营企业发展的一个重要因素。因此，优化民营企业营商环境，促进民营企业的稳健发展，已经成为当前亟待解决的问题。自贸港新视界海南省人民政府网站海南廖孝炳中国政府网特刊民营企业营商环境优化建议探讨;#海南自贸港建设##自贸港新视界#@海南省人民政府网站@海南廖孝炳@中国政府网特刊｜民营企业营商环境优化建议探讨;235918;三浪接力;河南;[good][鲜花];2023-12-16 20:24:52;0;0.0189504371397054;0;0
海南田斌;海南;0;3;6;13;海南自贸港建设摘要：本文主要探讨了当前我国民营企业面临的营商环境问题，并提出了优化民营企业营商环境的建议。其中，完善政策支持、加强基础设施建设、加强政企合作等方面是优化民营企业营商环境的关键。关键词：民营企业；营商环境；优化民营企业是我国经济发展的重要动力和主体，对于促进经济增长、增加就业、推动创新发展等方面发挥着重要作用。然而，由于受到多种因素的影响，民营企业在发展过程中面临很多困难和挑战，其中营商环境问题是制约民营企业发展的一个重要因素。因此，优化民营企业营商环境，促进民营企业的稳健发展，已经成为当前亟待解决的问题。自贸港新视界海南省人民政府网站海南廖孝炳中国政府网特刊民营企业营商环境优化建议探讨;#海南自贸港建设##自贸港新视界#@海南省人民政府网站@海南廖孝炳@中国政府网特刊｜民营企业营商环境优化建议探讨;130347;双山6407100951;福建;支持[心][心][心][心];2023-09-02 17:43:16;0;0.0189504371397054;0;0
南方日报;;0;0;1;4;徐闻打造湛江与海南联动发展先行区县委书记打擂台潮起潮落、船来船往，全球最大的客货滚装码头徐闻港的每一天都是忙碌而有序的。徐闻，位于我国大陆最南端，这里有闻名遐迩的“菠萝的海”，还有震撼人心的“风车的海”。徐闻如何扛起“与海南相向而行”的使命担当，高标准建设广东对接服务海南自贸港的南门户城市，全力打造湛江与海南联动发展的先行区，实现县域经济提档升级？一起寻找答案。广东高质量发展徐闻打造湛江与海南联动发展先行区广东人保财险特约县委书记打擂台第二季南方日报的微博视频;#县委书记打擂台##广东高质量发展#徐闻打造湛江与海南联动发展先行区｜广东人保财险特约•县委书记打擂台第二季南方日报的微博视频;1;菜友驿站;广东;[心];2023-05-25 20:03:46;0;0.016623142020691;0;1
赵庆英语;山东;0;1;1;2;海南省召开湛海高铁项目建设动员部署会月日，海南省召开湛海高铁项目建设动员部署会，强调要把思想和行动统一到重要批示精神上来，切实提高政治站位，按照省委、省政府工作部署，以强烈的历史使命感和等不起的紧迫感、慢不得的危机感，统筹调度各方面积极因素，全力以赴加快推进项目建设，把湛海展开;;95783;赵庆英语;山东;新建南北轮渡站！湛江至海口高铁用海预审等专题招标;2023-05-26 15:16:59;0;0.0883859585838394;0;0
股市实战-老枫;广东;0;0;1;122;板块分析：房地产政托底，反转在即住建部表示“保交楼”工作开展以来，各地加快项目复工和建设交付。保交楼专项借款项目总体复工率约为，计已完成住房交付超过万套，首批专项借款项目住房交付率超。农业农村部支持试点地区重点推动完善宅基地退出补偿机制，建立更加料学的宅基地和农展开;#房地产#$深振业Ａ sz000006$$京投发展 sh600683$;239461082;超话社区;北京;你好，你感兴趣的“房地产”已开通了超话社区～ 超话社区是微博旗下兴趣互动社区，快来与志同道合的小伙伴们一起交流互动吧！ 戳我进入>> #房地产[超话]#;2023-08-20 15:29:33;0;0.0095060081301244;0;0
谢丹阳;广东;0;10;4;13;经济政策宅基地制度改革。原文：网页链接您好，我是农业农村部的代表。关于宅基地制度改革您有什么问题吗？您好。你们提到了宅基地自愿有偿退出机制的试点。我想了解一下这个试点的具体情况和取得的成果。您提到的宅基地自愿有偿退出机制试点是我们在探索宅基地制度改革中的重要内容之一。从年月开始，全国个县（市、区）和个地级市启动了这一试点。在试点中，我们结合农民的实际需求，探索了多种方式，包括永久退出、暂时退出、产权置换和货币补偿等，以保障农民在退出宅基地时的居住权益。那么对于选择货币补偿的农民，你们是如何确定退出补偿标准的呢？对于选择货币补偿的农民，我们探索了一些科学方法来制订退出补偿标准。这包括村集体与农民自主协商、第三方评估以及参照土地征收区片价格等方式。我们会合理评估宅基地和农房的价值，以确保退出补偿标准的科学性和公平性。非常感谢你的回答。另外，我想了解一下你们接下来在宅基地制度改革方面的计划是什么？接下来，农业农村部将继续与相关部门稳慎推进农村宅基地制度改革试点。我们将进一步加强统筹协调，加大监督管理力度，并提供更多指导支持。我们将重点推动完善宅基地退出补偿机制，建立更科学的宅基地和农房价格评估体系。同时，我们还将总结试点地区的实践成果，形成一批可复制推广的经验。我还有一个问题，关于保障农民宅基地退出参与权。你们提到了中央农办、农业农村部出台的《通知》，但我想知道在实际执行中，这些保障措施是否真正得到了落实？在试点中，各地坚持依法自愿有偿的原则，并充分尊重农民的意愿。我们通过公开征求意见、建立协商机制以及进行退出公示等方式，保障农民的知情权和参与权。我们也严格要求各地不得以各种名义违背农民意愿强制流转宅基地和强迫农民上楼，不得违法收回农户合法取得的宅基地，也不得以退出宅基地作为农民进城落户的条件。谢谢你的回答。我希望这些保障措施能够确保农民的权益得到有效保护，并希望你们能够继续推动宅基地制度改革的进程。;#经济政策#网页链接;17407;梅花影春风;广东;去新疆买;2023-08-16 23:09:47;0;0.015061839194745;0;0
谢丹阳;广东;0;10;4;13;经济政策宅基地制度改革。原文：网页链接您好，我是农业农村部的代表。关于宅基地制度改革您有什么问题吗？您好。你们提到了宅基地自愿有偿退出机制的试点。我想了解一下这个试点的具体情况和取得的成果。您提到的宅基地自愿有偿退出机制试点是我们在探索宅基地制度改革中的重要内容之一。从年月开始，全国个县（市、区）和个地级市启动了这一试点。在试点中，我们结合农民的实际需求，探索了多种方式，包括永久退出、暂时退出、产权置换和货币补偿等，以保障农民在退出宅基地时的居住权益。那么对于选择货币补偿的农民，你们是如何确定退出补偿标准的呢？对于选择货币补偿的农民，我们探索了一些科学方法来制订退出补偿标准。这包括村集体与农民自主协商、第三方评估以及参照土地征收区片价格等方式。我们会合理评估宅基地和农房的价值，以确保退出补偿标准的科学性和公平性。非常感谢你的回答。另外，我想了解一下你们接下来在宅基地制度改革方面的计划是什么？接下来，农业农村部将继续与相关部门稳慎推进农村宅基地制度改革试点。我们将进一步加强统筹协调，加大监督管理力度，并提供更多指导支持。我们将重点推动完善宅基地退出补偿机制，建立更科学的宅基地和农房价格评估体系。同时，我们还将总结试点地区的实践成果，形成一批可复制推广的经验。我还有一个问题，关于保障农民宅基地退出参与权。你们提到了中央农办、农业农村部出台的《通知》，但我想知道在实际执行中，这些保障措施是否真正得到了落实？在试点中，各地坚持依法自愿有偿的原则，并充分尊重农民的意愿。我们通过公开征求意见、建立协商机制以及进行退出公示等方式，保障农民的知情权和参与权。我们也严格要求各地不得以各种名义违背农民意愿强制流转宅基地和强迫农民上楼，不得违法收回农户合法取得的宅基地，也不得以退出宅基地作为农民进城落户的条件。谢谢你的回答。我希望这些保障措施能够确保农民的权益得到有效保护，并希望你们能够继续推动宅基地制度改革的进程。;#经济政策#网页链接;79271;刘正山;北京;全国统一大市场，允许买卖即可;2023-08-15 15:23:24;0;0.015061839194745;0;0
克而瑞深圳区域;广东;0;0;1;0;房地产粤港澳大湾区资讯粤港澳大湾区每日地产资讯（）央行：月住户部门中长期贷款减少亿元证监会召集部分房企及金融机构开会：摸底房企债务及销售情况农业农村部：支持试点地区重点推动完善宅基地退出补偿机制长沙住建局：刚需和改需房按比例供应不再要求配建租赁住房厦门首批凭房票购买国企资产实现交房浙江舟山嵊泗县拟发放育儿津贴最高可补助元月重庆公积金租房提取额度每人每月再提高元加大对多子女家庭租房支持力度河南辉县：鼓励房企适当让利，可提公积金帮直系亲属买房成都：公积金提取可按月直付房租深圳大鹏新区、龙岗区城市更新动态深圳、惠州、肇庆和中山新增个项目取证深圳近期部分项目销售动态;#房地产##粤港澳大湾区##资讯#;239461082;超话社区;北京;你好，你感兴趣的“房地产”已开通了超话社区～ 超话社区是微博旗下兴趣互动社区，快来与志同道合的小伙伴们一起交流互动吧！ 戳我进入>> #房地产[超话]#;2023-08-14 09:57:53;0;0.0033113431135436;0;0
欧阳秋叶;山东;0;7;56;147;农业部回应宅基地退出月日，农业农村部网站公布对十四届全国人大一次会议第号建议的答复摘要，从建构公平合理的宅基地退出补偿机制、保障农民宅基地退出参与权、完善退出宅基地农户的社会保障机制等方面，回应保障乡村振兴战略下宅基地退出中农民土地权益有关建议。土地管理法规定，国家允许进城落户的农村村民依法自愿有偿退出宅基地。为探索完善宅基地分配、流转、退出、使用、收益、审批、监管等制度的方法路径，年月，全国个县（市、区）和个地级市启动实施新一轮农村宅基地制度改革试点。探索宅基地自愿有偿退出机制是试点重要内容之一。下一步，农业农村部将会同相关部门继续稳慎推进农村宅基地制度改革试点，探索完善宅基地流转、有偿使用和自愿有偿退出等方法路径，总结形成一批可行制度成果。;;68;百事顺遂1128;山东;发的文件很好，就怕到时候落实成“自愿”放弃补偿退出;2023-08-13 19:19:38;35;0.0175959759426873;0;0
欧阳秋叶;山东;0;7;56;147;农业部回应宅基地退出月日，农业农村部网站公布对十四届全国人大一次会议第号建议的答复摘要，从建构公平合理的宅基地退出补偿机制、保障农民宅基地退出参与权、完善退出宅基地农户的社会保障机制等方面，回应保障乡村振兴战略下宅基地退出中农民土地权益有关建议。土地管理法规定，国家允许进城落户的农村村民依法自愿有偿退出宅基地。为探索完善宅基地分配、流转、退出、使用、收益、审批、监管等制度的方法路径，年月，全国个县（市、区）和个地级市启动实施新一轮农村宅基地制度改革试点。探索宅基地自愿有偿退出机制是试点重要内容之一。下一步，农业农村部将会同相关部门继续稳慎推进农村宅基地制度改革试点，探索完善宅基地流转、有偿使用和自愿有偿退出等方法路径，总结形成一批可行制度成果。;;68;胖大海瘦小溪;其他;回复@月醉雨殇:依法也很有讲究[doge];2023-09-10 12:19:46;0;0.0175959759426873;1;0
欧阳秋叶;山东;0;7;56;147;农业部回应宅基地退出月日，农业农村部网站公布对十四届全国人大一次会议第号建议的答复摘要，从建构公平合理的宅基地退出补偿机制、保障农民宅基地退出参与权、完善退出宅基地农户的社会保障机制等方面，回应保障乡村振兴战略下宅基地退出中农民土地权益有关建议。土地管理法规定，国家允许进城落户的农村村民依法自愿有偿退出宅基地。为探索完善宅基地分配、流转、退出、使用、收益、审批、监管等制度的方法路径，年月，全国个县（市、区）和个地级市启动实施新一轮农村宅基地制度改革试点。探索宅基地自愿有偿退出机制是试点重要内容之一。下一步，农业农村部将会同相关部门继续稳慎推进农村宅基地制度改革试点，探索完善宅基地流转、有偿使用和自愿有偿退出等方法路径，总结形成一批可行制度成果。;;68;ameng0517;重庆;回复@月醉雨殇:哪有什么自愿，说不定会跟当年下岗工人👷一样的手段[doge];2023-08-26 13:14:03;0;0.0175959759426873;1;0
欧阳秋叶;山东;0;7;56;147;农业部回应宅基地退出月日，农业农村部网站公布对十四届全国人大一次会议第号建议的答复摘要，从建构公平合理的宅基地退出补偿机制、保障农民宅基地退出参与权、完善退出宅基地农户的社会保障机制等方面，回应保障乡村振兴战略下宅基地退出中农民土地权益有关建议。土地管理法规定，国家允许进城落户的农村村民依法自愿有偿退出宅基地。为探索完善宅基地分配、流转、退出、使用、收益、审批、监管等制度的方法路径，年月，全国个县（市、区）和个地级市启动实施新一轮农村宅基地制度改革试点。探索宅基地自愿有偿退出机制是试点重要内容之一。下一步，农业农村部将会同相关部门继续稳慎推进农村宅基地制度改革试点，探索完善宅基地流转、有偿使用和自愿有偿退出等方法路径，总结形成一批可行制度成果。;;68;月醉雨殇;河北;这个自愿，意味深长。;2023-08-14 16:47:38;4;0.0175959759426873;1;0
欧阳秋叶;山东;0;7;56;147;农业部回应宅基地退出月日，农业农村部网站公布对十四届全国人大一次会议第号建议的答复摘要，从建构公平合理的宅基地退出补偿机制、保障农民宅基地退出参与权、完善退出宅基地农户的社会保障机制等方面，回应保障乡村振兴战略下宅基地退出中农民土地权益有关建议。土地管理法规定，国家允许进城落户的农村村民依法自愿有偿退出宅基地。为探索完善宅基地分配、流转、退出、使用、收益、审批、监管等制度的方法路径，年月，全国个县（市、区）和个地级市启动实施新一轮农村宅基地制度改革试点。探索宅基地自愿有偿退出机制是试点重要内容之一。下一步，农业农村部将会同相关部门继续稳慎推进农村宅基地制度改革试点，探索完善宅基地流转、有偿使用和自愿有偿退出等方法路径，总结形成一批可行制度成果。;;12;无缺111;河南;城市韭菜割完了，韭菜的下一代不婚，不生育，躺平，影响了老爷们的收入，现在来农村收割了。;2023-08-14 21:51:57;16;0.0175959759426873;0;0
欧阳秋叶;山东;0;7;56;147;农业部回应宅基地退出月日，农业农村部网站公布对十四届全国人大一次会议第号建议的答复摘要，从建构公平合理的宅基地退出补偿机制、保障农民宅基地退出参与权、完善退出宅基地农户的社会保障机制等方面，回应保障乡村振兴战略下宅基地退出中农民土地权益有关建议。土地管理法规定，国家允许进城落户的农村村民依法自愿有偿退出宅基地。为探索完善宅基地分配、流转、退出、使用、收益、审批、监管等制度的方法路径，年月，全国个县（市、区）和个地级市启动实施新一轮农村宅基地制度改革试点。探索宅基地自愿有偿退出机制是试点重要内容之一。下一步，农业农村部将会同相关部门继续稳慎推进农村宅基地制度改革试点，探索完善宅基地流转、有偿使用和自愿有偿退出等方法路径，总结形成一批可行制度成果。;;130;临夏布政使;其他;农民如果失去赖以生存的土地，后果很严重的，看看历史就知道了，只要口子一开，后果很严重;2023-08-14 21:43:51;13;0.0175959759426873;0;0
欧阳秋叶;山东;0;7;56;147;农业部回应宅基地退出月日，农业农村部网站公布对十四届全国人大一次会议第号建议的答复摘要，从建构公平合理的宅基地退出补偿机制、保障农民宅基地退出参与权、完善退出宅基地农户的社会保障机制等方面，回应保障乡村振兴战略下宅基地退出中农民土地权益有关建议。土地管理法规定，国家允许进城落户的农村村民依法自愿有偿退出宅基地。为探索完善宅基地分配、流转、退出、使用、收益、审批、监管等制度的方法路径，年月，全国个县（市、区）和个地级市启动实施新一轮农村宅基地制度改革试点。探索宅基地自愿有偿退出机制是试点重要内容之一。下一步，农业农村部将会同相关部门继续稳慎推进农村宅基地制度改革试点，探索完善宅基地流转、有偿使用和自愿有偿退出等方法路径，总结形成一批可行制度成果。;;188;用户mpjq5m64zh;其他;又收割农民了，砖家;2023-08-19 07:32:56;4;0.0175959759426873;0;0
欧阳秋叶;山东;0;7;56;147;农业部回应宅基地退出月日，农业农村部网站公布对十四届全国人大一次会议第号建议的答复摘要，从建构公平合理的宅基地退出补偿机制、保障农民宅基地退出参与权、完善退出宅基地农户的社会保障机制等方面，回应保障乡村振兴战略下宅基地退出中农民土地权益有关建议。土地管理法规定，国家允许进城落户的农村村民依法自愿有偿退出宅基地。为探索完善宅基地分配、流转、退出、使用、收益、审批、监管等制度的方法路径，年月，全国个县（市、区）和个地级市启动实施新一轮农村宅基地制度改革试点。探索宅基地自愿有偿退出机制是试点重要内容之一。下一步，农业农村部将会同相关部门继续稳慎推进农村宅基地制度改革试点，探索完善宅基地流转、有偿使用和自愿有偿退出等方法路径，总结形成一批可行制度成果。;;681;DHBLT大亨保利通;其他;一出损招，贻害无穷;2023-08-14 19:53:43;14;0.0175959759426873;0;0
欧阳秋叶;山东;0;7;56;147;农业部回应宅基地退出月日，农业农村部网站公布对十四届全国人大一次会议第号建议的答复摘要，从建构公平合理的宅基地退出补偿机制、保障农民宅基地退出参与权、完善退出宅基地农户的社会保障机制等方面，回应保障乡村振兴战略下宅基地退出中农民土地权益有关建议。土地管理法规定，国家允许进城落户的农村村民依法自愿有偿退出宅基地。为探索完善宅基地分配、流转、退出、使用、收益、审批、监管等制度的方法路径，年月，全国个县（市、区）和个地级市启动实施新一轮农村宅基地制度改革试点。探索宅基地自愿有偿退出机制是试点重要内容之一。下一步，农业农村部将会同相关部门继续稳慎推进农村宅基地制度改革试点，探索完善宅基地流转、有偿使用和自愿有偿退出等方法路径，总结形成一批可行制度成果。;;67;谓证为实;其他;先让现在正式工，公务员家里有宅基地的，服从党的号召，主动自愿退出宅基地！;2023-08-16 09:46:07;3;0.0175959759426873;0;0
欧阳秋叶;山东;0;7;56;147;农业部回应宅基地退出月日，农业农村部网站公布对十四届全国人大一次会议第号建议的答复摘要，从建构公平合理的宅基地退出补偿机制、保障农民宅基地退出参与权、完善退出宅基地农户的社会保障机制等方面，回应保障乡村振兴战略下宅基地退出中农民土地权益有关建议。土地管理法规定，国家允许进城落户的农村村民依法自愿有偿退出宅基地。为探索完善宅基地分配、流转、退出、使用、收益、审批、监管等制度的方法路径，年月，全国个县（市、区）和个地级市启动实施新一轮农村宅基地制度改革试点。探索宅基地自愿有偿退出机制是试点重要内容之一。下一步，农业农村部将会同相关部门继续稳慎推进农村宅基地制度改革试点，探索完善宅基地流转、有偿使用和自愿有偿退出等方法路径，总结形成一批可行制度成果。;;67;沈思博宇;其他;这真的厉害;2023-08-21 21:19:35;0;0.0175959759426873;1;0
欧阳秋叶;山东;0;7;56;147;农业部回应宅基地退出月日，农业农村部网站公布对十四届全国人大一次会议第号建议的答复摘要，从建构公平合理的宅基地退出补偿机制、保障农民宅基地退出参与权、完善退出宅基地农户的社会保障机制等方面，回应保障乡村振兴战略下宅基地退出中农民土地权益有关建议。土地管理法规定，国家允许进城落户的农村村民依法自愿有偿退出宅基地。为探索完善宅基地分配、流转、退出、使用、收益、审批、监管等制度的方法路径，年月，全国个县（市、区）和个地级市启动实施新一轮农村宅基地制度改革试点。探索宅基地自愿有偿退出机制是试点重要内容之一。下一步，农业农村部将会同相关部门继续稳慎推进农村宅基地制度改革试点，探索完善宅基地流转、有偿使用和自愿有偿退出等方法路径，总结形成一批可行制度成果。;;7;Mm迷涂;其他;宅基地是个好东西，可以自建自己喜欢的款式，面积足够大，还能有自己家的花园，菜园等等。抗风险能力强，自己哪怕失业也不怕没饭吃，流行疾病流行时容易控制等等[允悲][允悲]劝大家哪怕再穷都不要出售自己的宅基地，出售了就再也不容易得到了;2023-08-14 20:40:12;4;0.0175959759426873;0;0
欧阳秋叶;山东;0;7;56;147;农业部回应宅基地退出月日，农业农村部网站公布对十四届全国人大一次会议第号建议的答复摘要，从建构公平合理的宅基地退出补偿机制、保障农民宅基地退出参与权、完善退出宅基地农户的社会保障机制等方面，回应保障乡村振兴战略下宅基地退出中农民土地权益有关建议。土地管理法规定，国家允许进城落户的农村村民依法自愿有偿退出宅基地。为探索完善宅基地分配、流转、退出、使用、收益、审批、监管等制度的方法路径，年月，全国个县（市、区）和个地级市启动实施新一轮农村宅基地制度改革试点。探索宅基地自愿有偿退出机制是试点重要内容之一。下一步，农业农村部将会同相关部门继续稳慎推进农村宅基地制度改革试点，探索完善宅基地流转、有偿使用和自愿有偿退出等方法路径，总结形成一批可行制度成果。;;193;Lyou洋;北京;呵呵;2023-08-14 16:41:13;1;0.0175959759426873;0;0
欧阳秋叶;山东;0;7;56;147;农业部回应宅基地退出月日，农业农村部网站公布对十四届全国人大一次会议第号建议的答复摘要，从建构公平合理的宅基地退出补偿机制、保障农民宅基地退出参与权、完善退出宅基地农户的社会保障机制等方面，回应保障乡村振兴战略下宅基地退出中农民土地权益有关建议。土地管理法规定，国家允许进城落户的农村村民依法自愿有偿退出宅基地。为探索完善宅基地分配、流转、退出、使用、收益、审批、监管等制度的方法路径，年月，全国个县（市、区）和个地级市启动实施新一轮农村宅基地制度改革试点。探索宅基地自愿有偿退出机制是试点重要内容之一。下一步，农业农村部将会同相关部门继续稳慎推进农村宅基地制度改革试点，探索完善宅基地流转、有偿使用和自愿有偿退出等方法路径，总结形成一批可行制度成果。;;53;能亮哥;其他;低价吸收宅基地，高价卖给开发商，开发商建好房子再高价卖给退出宅基地的农民，如此甚好[666][666];2023-08-25 07:24:22;2;0.0175959759426873;0;0
欧阳秋叶;山东;0;7;56;147;农业部回应宅基地退出月日，农业农村部网站公布对十四届全国人大一次会议第号建议的答复摘要，从建构公平合理的宅基地退出补偿机制、保障农民宅基地退出参与权、完善退出宅基地农户的社会保障机制等方面，回应保障乡村振兴战略下宅基地退出中农民土地权益有关建议。土地管理法规定，国家允许进城落户的农村村民依法自愿有偿退出宅基地。为探索完善宅基地分配、流转、退出、使用、收益、审批、监管等制度的方法路径，年月，全国个县（市、区）和个地级市启动实施新一轮农村宅基地制度改革试点。探索宅基地自愿有偿退出机制是试点重要内容之一。下一步，农业农村部将会同相关部门继续稳慎推进农村宅基地制度改革试点，探索完善宅基地流转、有偿使用和自愿有偿退出等方法路径，总结形成一批可行制度成果。;;8;终将逝去但留于心;河北;真想振兴农村，敢不敢提高下粮价，让粮价跟楼市似的，看看几年农村能起来;2023-08-14 23:12:54;2;0.0175959759426873;0;0
欧阳秋叶;山东;0;7;56;147;农业部回应宅基地退出月日，农业农村部网站公布对十四届全国人大一次会议第号建议的答复摘要，从建构公平合理的宅基地退出补偿机制、保障农民宅基地退出参与权、完善退出宅基地农户的社会保障机制等方面，回应保障乡村振兴战略下宅基地退出中农民土地权益有关建议。土地管理法规定，国家允许进城落户的农村村民依法自愿有偿退出宅基地。为探索完善宅基地分配、流转、退出、使用、收益、审批、监管等制度的方法路径，年月，全国个县（市、区）和个地级市启动实施新一轮农村宅基地制度改革试点。探索宅基地自愿有偿退出机制是试点重要内容之一。下一步，农业农村部将会同相关部门继续稳慎推进农村宅基地制度改革试点，探索完善宅基地流转、有偿使用和自愿有偿退出等方法路径，总结形成一批可行制度成果。;;697;郭某某19920805;山东;把镰刀伸向农民  没治了;2023-09-11 21:41:34;1;0.0175959759426873;0;0
欧阳秋叶;山东;0;7;56;147;农业部回应宅基地退出月日，农业农村部网站公布对十四届全国人大一次会议第号建议的答复摘要，从建构公平合理的宅基地退出补偿机制、保障农民宅基地退出参与权、完善退出宅基地农户的社会保障机制等方面，回应保障乡村振兴战略下宅基地退出中农民土地权益有关建议。土地管理法规定，国家允许进城落户的农村村民依法自愿有偿退出宅基地。为探索完善宅基地分配、流转、退出、使用、收益、审批、监管等制度的方法路径，年月，全国个县（市、区）和个地级市启动实施新一轮农村宅基地制度改革试点。探索宅基地自愿有偿退出机制是试点重要内容之一。下一步，农业农村部将会同相关部门继续稳慎推进农村宅基地制度改革试点，探索完善宅基地流转、有偿使用和自愿有偿退出等方法路径，总结形成一批可行制度成果。;;9;僧祇奴;北京;农民过不好可是要推翻船的[二哈][二哈][二哈];2023-08-30 01:09:53;1;0.0175959759426873;0;0
欧阳秋叶;山东;0;7;56;147;农业部回应宅基地退出月日，农业农村部网站公布对十四届全国人大一次会议第号建议的答复摘要，从建构公平合理的宅基地退出补偿机制、保障农民宅基地退出参与权、完善退出宅基地农户的社会保障机制等方面，回应保障乡村振兴战略下宅基地退出中农民土地权益有关建议。土地管理法规定，国家允许进城落户的农村村民依法自愿有偿退出宅基地。为探索完善宅基地分配、流转、退出、使用、收益、审批、监管等制度的方法路径，年月，全国个县（市、区）和个地级市启动实施新一轮农村宅基地制度改革试点。探索宅基地自愿有偿退出机制是试点重要内容之一。下一步，农业农村部将会同相关部门继续稳慎推进农村宅基地制度改革试点，探索完善宅基地流转、有偿使用和自愿有偿退出等方法路径，总结形成一批可行制度成果。;;152;789mkv;其他;自己怎么起家的都忘了，早早晚晚的事;2023-08-19 07:08:02;2;0.0175959759426873;0;0
欧阳秋叶;山东;0;7;56;147;农业部回应宅基地退出月日，农业农村部网站公布对十四届全国人大一次会议第号建议的答复摘要，从建构公平合理的宅基地退出补偿机制、保障农民宅基地退出参与权、完善退出宅基地农户的社会保障机制等方面，回应保障乡村振兴战略下宅基地退出中农民土地权益有关建议。土地管理法规定，国家允许进城落户的农村村民依法自愿有偿退出宅基地。为探索完善宅基地分配、流转、退出、使用、收益、审批、监管等制度的方法路径，年月，全国个县（市、区）和个地级市启动实施新一轮农村宅基地制度改革试点。探索宅基地自愿有偿退出机制是试点重要内容之一。下一步，农业农村部将会同相关部门继续稳慎推进农村宅基地制度改革试点，探索完善宅基地流转、有偿使用和自愿有偿退出等方法路径，总结形成一批可行制度成果。;;42;Tc7716;湖北;有偿使用和自愿有偿退出，直接把具体标准定下来，免得各个地方标准不一。;2023-08-14 14:09:56;2;0.0175959759426873;0;0
欧阳秋叶;山东;0;7;56;147;农业部回应宅基地退出月日，农业农村部网站公布对十四届全国人大一次会议第号建议的答复摘要，从建构公平合理的宅基地退出补偿机制、保障农民宅基地退出参与权、完善退出宅基地农户的社会保障机制等方面，回应保障乡村振兴战略下宅基地退出中农民土地权益有关建议。土地管理法规定，国家允许进城落户的农村村民依法自愿有偿退出宅基地。为探索完善宅基地分配、流转、退出、使用、收益、审批、监管等制度的方法路径，年月，全国个县（市、区）和个地级市启动实施新一轮农村宅基地制度改革试点。探索宅基地自愿有偿退出机制是试点重要内容之一。下一步，农业农村部将会同相关部门继续稳慎推进农村宅基地制度改革试点，探索完善宅基地流转、有偿使用和自愿有偿退出等方法路径，总结形成一批可行制度成果。;;8;浙东幽冥狂;其他;宅基地换商品房，增加土地，解决房产过剩。;2023-08-14 10:02:50;1;0.0175959759426873;0;0
欧阳秋叶;山东;0;7;56;147;农业部回应宅基地退出月日，农业农村部网站公布对十四届全国人大一次会议第号建议的答复摘要，从建构公平合理的宅基地退出补偿机制、保障农民宅基地退出参与权、完善退出宅基地农户的社会保障机制等方面，回应保障乡村振兴战略下宅基地退出中农民土地权益有关建议。土地管理法规定，国家允许进城落户的农村村民依法自愿有偿退出宅基地。为探索完善宅基地分配、流转、退出、使用、收益、审批、监管等制度的方法路径，年月，全国个县（市、区）和个地级市启动实施新一轮农村宅基地制度改革试点。探索宅基地自愿有偿退出机制是试点重要内容之一。下一步，农业农村部将会同相关部门继续稳慎推进农村宅基地制度改革试点，探索完善宅基地流转、有偿使用和自愿有偿退出等方法路径，总结形成一批可行制度成果。;;358;嘎嘎甄选;福建;不是鼓励城市退休人员去农村吗[允悲][允悲][允悲];2023-09-12 06:05:07;0;0.0175959759426873;0;0
欧阳秋叶;山东;0;7;56;147;农业部回应宅基地退出月日，农业农村部网站公布对十四届全国人大一次会议第号建议的答复摘要，从建构公平合理的宅基地退出补偿机制、保障农民宅基地退出参与权、完善退出宅基地农户的社会保障机制等方面，回应保障乡村振兴战略下宅基地退出中农民土地权益有关建议。土地管理法规定，国家允许进城落户的农村村民依法自愿有偿退出宅基地。为探索完善宅基地分配、流转、退出、使用、收益、审批、监管等制度的方法路径，年月，全国个县（市、区）和个地级市启动实施新一轮农村宅基地制度改革试点。探索宅基地自愿有偿退出机制是试点重要内容之一。下一步，农业农村部将会同相关部门继续稳慎推进农村宅基地制度改革试点，探索完善宅基地流转、有偿使用和自愿有偿退出等方法路径，总结形成一批可行制度成果。;;144;乾隆年制微波炉专用;其他;妈的，敢打宅基地的主意;2023-09-10 21:55:00;0;0.0175959759426873;0;0
欧阳秋叶;山东;0;7;56;147;农业部回应宅基地退出月日，农业农村部网站公布对十四届全国人大一次会议第号建议的答复摘要，从建构公平合理的宅基地退出补偿机制、保障农民宅基地退出参与权、完善退出宅基地农户的社会保障机制等方面，回应保障乡村振兴战略下宅基地退出中农民土地权益有关建议。土地管理法规定，国家允许进城落户的农村村民依法自愿有偿退出宅基地。为探索完善宅基地分配、流转、退出、使用、收益、审批、监管等制度的方法路径，年月，全国个县（市、区）和个地级市启动实施新一轮农村宅基地制度改革试点。探索宅基地自愿有偿退出机制是试点重要内容之一。下一步，农业农村部将会同相关部门继续稳慎推进农村宅基地制度改革试点，探索完善宅基地流转、有偿使用和自愿有偿退出等方法路径，总结形成一批可行制度成果。;;44;MYC小羊羔;广东;终于还是对农民下手了，这一刀下得秒[doge];2023-09-09 17:33:16;0;0.0175959759426873;0;0
欧阳秋叶;山东;0;7;56;147;农业部回应宅基地退出月日，农业农村部网站公布对十四届全国人大一次会议第号建议的答复摘要，从建构公平合理的宅基地退出补偿机制、保障农民宅基地退出参与权、完善退出宅基地农户的社会保障机制等方面，回应保障乡村振兴战略下宅基地退出中农民土地权益有关建议。土地管理法规定，国家允许进城落户的农村村民依法自愿有偿退出宅基地。为探索完善宅基地分配、流转、退出、使用、收益、审批、监管等制度的方法路径，年月，全国个县（市、区）和个地级市启动实施新一轮农村宅基地制度改革试点。探索宅基地自愿有偿退出机制是试点重要内容之一。下一步，农业农村部将会同相关部门继续稳慎推进农村宅基地制度改革试点，探索完善宅基地流转、有偿使用和自愿有偿退出等方法路径，总结形成一批可行制度成果。;;492;Kaka单挑TMAC;河南;水能载舟 亦？;2023-09-09 00:32:22;1;0.0175959759426873;0;0
欧阳秋叶;山东;0;7;56;147;农业部回应宅基地退出月日，农业农村部网站公布对十四届全国人大一次会议第号建议的答复摘要，从建构公平合理的宅基地退出补偿机制、保障农民宅基地退出参与权、完善退出宅基地农户的社会保障机制等方面，回应保障乡村振兴战略下宅基地退出中农民土地权益有关建议。土地管理法规定，国家允许进城落户的农村村民依法自愿有偿退出宅基地。为探索完善宅基地分配、流转、退出、使用、收益、审批、监管等制度的方法路径，年月，全国个县（市、区）和个地级市启动实施新一轮农村宅基地制度改革试点。探索宅基地自愿有偿退出机制是试点重要内容之一。下一步，农业农村部将会同相关部门继续稳慎推进农村宅基地制度改革试点，探索完善宅基地流转、有偿使用和自愿有偿退出等方法路径，总结形成一批可行制度成果。;;264;的萨芬G;浙江;天呐;2023-08-27 23:23:06;0;0.0175959759426873;0;0
欧阳秋叶;山东;0;7;56;147;农业部回应宅基地退出月日，农业农村部网站公布对十四届全国人大一次会议第号建议的答复摘要，从建构公平合理的宅基地退出补偿机制、保障农民宅基地退出参与权、完善退出宅基地农户的社会保障机制等方面，回应保障乡村振兴战略下宅基地退出中农民土地权益有关建议。土地管理法规定，国家允许进城落户的农村村民依法自愿有偿退出宅基地。为探索完善宅基地分配、流转、退出、使用、收益、审批、监管等制度的方法路径，年月，全国个县（市、区）和个地级市启动实施新一轮农村宅基地制度改革试点。探索宅基地自愿有偿退出机制是试点重要内容之一。下一步，农业农村部将会同相关部门继续稳慎推进农村宅基地制度改革试点，探索完善宅基地流转、有偿使用和自愿有偿退出等方法路径，总结形成一批可行制度成果。;;269;-明亮--;山东;放过农民吧;2023-08-22 16:51:40;0;0.0175959759426873;0;0
欧阳秋叶;山东;0;7;56;147;农业部回应宅基地退出月日，农业农村部网站公布对十四届全国人大一次会议第号建议的答复摘要，从建构公平合理的宅基地退出补偿机制、保障农民宅基地退出参与权、完善退出宅基地农户的社会保障机制等方面，回应保障乡村振兴战略下宅基地退出中农民土地权益有关建议。土地管理法规定，国家允许进城落户的农村村民依法自愿有偿退出宅基地。为探索完善宅基地分配、流转、退出、使用、收益、审批、监管等制度的方法路径，年月，全国个县（市、区）和个地级市启动实施新一轮农村宅基地制度改革试点。探索宅基地自愿有偿退出机制是试点重要内容之一。下一步，农业农村部将会同相关部门继续稳慎推进农村宅基地制度改革试点，探索完善宅基地流转、有偿使用和自愿有偿退出等方法路径，总结形成一批可行制度成果。;;60;Big_Yung;广东;开抢？;2023-08-20 05:53:52;0;0.0175959759426873;0;0
欧阳秋叶;山东;0;7;56;147;农业部回应宅基地退出月日，农业农村部网站公布对十四届全国人大一次会议第号建议的答复摘要，从建构公平合理的宅基地退出补偿机制、保障农民宅基地退出参与权、完善退出宅基地农户的社会保障机制等方面，回应保障乡村振兴战略下宅基地退出中农民土地权益有关建议。土地管理法规定，国家允许进城落户的农村村民依法自愿有偿退出宅基地。为探索完善宅基地分配、流转、退出、使用、收益、审批、监管等制度的方法路径，年月，全国个县（市、区）和个地级市启动实施新一轮农村宅基地制度改革试点。探索宅基地自愿有偿退出机制是试点重要内容之一。下一步，农业农村部将会同相关部门继续稳慎推进农村宅基地制度改革试点，探索完善宅基地流转、有偿使用和自愿有偿退出等方法路径，总结形成一批可行制度成果。;;61;好好练功好好学习的小徒弟;江苏;又祸害农民，农民太惨了;2023-08-19 23:55:00;1;0.0175959759426873;0;0
欧阳秋叶;山东;0;7;56;147;农业部回应宅基地退出月日，农业农村部网站公布对十四届全国人大一次会议第号建议的答复摘要，从建构公平合理的宅基地退出补偿机制、保障农民宅基地退出参与权、完善退出宅基地农户的社会保障机制等方面，回应保障乡村振兴战略下宅基地退出中农民土地权益有关建议。土地管理法规定，国家允许进城落户的农村村民依法自愿有偿退出宅基地。为探索完善宅基地分配、流转、退出、使用、收益、审批、监管等制度的方法路径，年月，全国个县（市、区）和个地级市启动实施新一轮农村宅基地制度改革试点。探索宅基地自愿有偿退出机制是试点重要内容之一。下一步，农业农村部将会同相关部门继续稳慎推进农村宅基地制度改革试点，探索完善宅基地流转、有偿使用和自愿有偿退出等方法路径，总结形成一批可行制度成果。;;2070;弓满剑长;海外;你咋说咋有理;2023-08-18 15:20:40;0;0.0175959759426873;0;0
欧阳秋叶;山东;0;7;56;147;农业部回应宅基地退出月日，农业农村部网站公布对十四届全国人大一次会议第号建议的答复摘要，从建构公平合理的宅基地退出补偿机制、保障农民宅基地退出参与权、完善退出宅基地农户的社会保障机制等方面，回应保障乡村振兴战略下宅基地退出中农民土地权益有关建议。土地管理法规定，国家允许进城落户的农村村民依法自愿有偿退出宅基地。为探索完善宅基地分配、流转、退出、使用、收益、审批、监管等制度的方法路径，年月，全国个县（市、区）和个地级市启动实施新一轮农村宅基地制度改革试点。探索宅基地自愿有偿退出机制是试点重要内容之一。下一步，农业农村部将会同相关部门继续稳慎推进农村宅基地制度改革试点，探索完善宅基地流转、有偿使用和自愿有偿退出等方法路径，总结形成一批可行制度成果。;;167;哲红子;湖南;穷得没底裤也不能退宅基地。;2023-08-17 07:59:05;0;0.0175959759426873;0;0
欧阳秋叶;山东;0;7;56;147;农业部回应宅基地退出月日，农业农村部网站公布对十四届全国人大一次会议第号建议的答复摘要，从建构公平合理的宅基地退出补偿机制、保障农民宅基地退出参与权、完善退出宅基地农户的社会保障机制等方面，回应保障乡村振兴战略下宅基地退出中农民土地权益有关建议。土地管理法规定，国家允许进城落户的农村村民依法自愿有偿退出宅基地。为探索完善宅基地分配、流转、退出、使用、收益、审批、监管等制度的方法路径，年月，全国个县（市、区）和个地级市启动实施新一轮农村宅基地制度改革试点。探索宅基地自愿有偿退出机制是试点重要内容之一。下一步，农业农村部将会同相关部门继续稳慎推进农村宅基地制度改革试点，探索完善宅基地流转、有偿使用和自愿有偿退出等方法路径，总结形成一批可行制度成果。;;133;亮世丿界_244;陕西;开始对农村，农民下手了……;2023-08-16 19:47:40;1;0.0175959759426873;0;0
欧阳秋叶;山东;0;7;56;147;农业部回应宅基地退出月日，农业农村部网站公布对十四届全国人大一次会议第号建议的答复摘要，从建构公平合理的宅基地退出补偿机制、保障农民宅基地退出参与权、完善退出宅基地农户的社会保障机制等方面，回应保障乡村振兴战略下宅基地退出中农民土地权益有关建议。土地管理法规定，国家允许进城落户的农村村民依法自愿有偿退出宅基地。为探索完善宅基地分配、流转、退出、使用、收益、审批、监管等制度的方法路径，年月，全国个县（市、区）和个地级市启动实施新一轮农村宅基地制度改革试点。探索宅基地自愿有偿退出机制是试点重要内容之一。下一步，农业农村部将会同相关部门继续稳慎推进农村宅基地制度改革试点，探索完善宅基地流转、有偿使用和自愿有偿退出等方法路径，总结形成一批可行制度成果。;;92;沉默的半颗花生;河北;省里根本就不按政策干;2023-08-15 05:00:52;0;0.0175959759426873;0;0
欧阳秋叶;山东;0;7;56;147;农业部回应宅基地退出月日，农业农村部网站公布对十四届全国人大一次会议第号建议的答复摘要，从建构公平合理的宅基地退出补偿机制、保障农民宅基地退出参与权、完善退出宅基地农户的社会保障机制等方面，回应保障乡村振兴战略下宅基地退出中农民土地权益有关建议。土地管理法规定，国家允许进城落户的农村村民依法自愿有偿退出宅基地。为探索完善宅基地分配、流转、退出、使用、收益、审批、监管等制度的方法路径，年月，全国个县（市、区）和个地级市启动实施新一轮农村宅基地制度改革试点。探索宅基地自愿有偿退出机制是试点重要内容之一。下一步，农业农村部将会同相关部门继续稳慎推进农村宅基地制度改革试点，探索完善宅基地流转、有偿使用和自愿有偿退出等方法路径，总结形成一批可行制度成果。;;13;洦汘;其他;房子没人买，开始把算盘打到农民头上;2023-08-14 22:46:08;0;0.0175959759426873;0;0
欧阳秋叶;山东;0;7;56;147;农业部回应宅基地退出月日，农业农村部网站公布对十四届全国人大一次会议第号建议的答复摘要，从建构公平合理的宅基地退出补偿机制、保障农民宅基地退出参与权、完善退出宅基地农户的社会保障机制等方面，回应保障乡村振兴战略下宅基地退出中农民土地权益有关建议。土地管理法规定，国家允许进城落户的农村村民依法自愿有偿退出宅基地。为探索完善宅基地分配、流转、退出、使用、收益、审批、监管等制度的方法路径，年月，全国个县（市、区）和个地级市启动实施新一轮农村宅基地制度改革试点。探索宅基地自愿有偿退出机制是试点重要内容之一。下一步，农业农村部将会同相关部门继续稳慎推进农村宅基地制度改革试点，探索完善宅基地流转、有偿使用和自愿有偿退出等方法路径，总结形成一批可行制度成果。;;171;我想成为您的骄傲;湖北;楼房滞销需要农民去接盘了[doge];2023-08-14 19:29:50;0;0.0175959759426873;0;0
欧阳秋叶;山东;0;7;56;147;农业部回应宅基地退出月日，农业农村部网站公布对十四届全国人大一次会议第号建议的答复摘要，从建构公平合理的宅基地退出补偿机制、保障农民宅基地退出参与权、完善退出宅基地农户的社会保障机制等方面，回应保障乡村振兴战略下宅基地退出中农民土地权益有关建议。土地管理法规定，国家允许进城落户的农村村民依法自愿有偿退出宅基地。为探索完善宅基地分配、流转、退出、使用、收益、审批、监管等制度的方法路径，年月，全国个县（市、区）和个地级市启动实施新一轮农村宅基地制度改革试点。探索宅基地自愿有偿退出机制是试点重要内容之一。下一步，农业农村部将会同相关部门继续稳慎推进农村宅基地制度改革试点，探索完善宅基地流转、有偿使用和自愿有偿退出等方法路径，总结形成一批可行制度成果。;;6;秋末0残雪48319;其他;我想问一下，由于农村山体滑坡，退出宅基地的，必须住商品房才能退出宅基地吗？;2023-08-13 20:29:13;0;0.0175959759426873;0;0
欧阳秋叶;山东;0;7;56;147;农业部回应宅基地退出月日，农业农村部网站公布对十四届全国人大一次会议第号建议的答复摘要，从建构公平合理的宅基地退出补偿机制、保障农民宅基地退出参与权、完善退出宅基地农户的社会保障机制等方面，回应保障乡村振兴战略下宅基地退出中农民土地权益有关建议。土地管理法规定，国家允许进城落户的农村村民依法自愿有偿退出宅基地。为探索完善宅基地分配、流转、退出、使用、收益、审批、监管等制度的方法路径，年月，全国个县（市、区）和个地级市启动实施新一轮农村宅基地制度改革试点。探索宅基地自愿有偿退出机制是试点重要内容之一。下一步，农业农村部将会同相关部门继续稳慎推进农村宅基地制度改革试点，探索完善宅基地流转、有偿使用和自愿有偿退出等方法路径，总结形成一批可行制度成果。;;32;谁提了店家一口锅;广东;可以买卖？;2023-08-13 20:24:39;0;0.0175959759426873;0;0
欧阳秋叶;山东;0;7;56;147;农业部回应宅基地退出月日，农业农村部网站公布对十四届全国人大一次会议第号建议的答复摘要，从建构公平合理的宅基地退出补偿机制、保障农民宅基地退出参与权、完善退出宅基地农户的社会保障机制等方面，回应保障乡村振兴战略下宅基地退出中农民土地权益有关建议。土地管理法规定，国家允许进城落户的农村村民依法自愿有偿退出宅基地。为探索完善宅基地分配、流转、退出、使用、收益、审批、监管等制度的方法路径，年月，全国个县（市、区）和个地级市启动实施新一轮农村宅基地制度改革试点。探索宅基地自愿有偿退出机制是试点重要内容之一。下一步，农业农村部将会同相关部门继续稳慎推进农村宅基地制度改革试点，探索完善宅基地流转、有偿使用和自愿有偿退出等方法路径，总结形成一批可行制度成果。;;8;人生就是一场孤独的旅程;其他;从上到下烂到根了，不破不立啊;2023-08-14 22:12:53;7;0.0175959759426873;0;0
欧阳秋叶;山东;0;7;56;147;农业部回应宅基地退出月日，农业农村部网站公布对十四届全国人大一次会议第号建议的答复摘要，从建构公平合理的宅基地退出补偿机制、保障农民宅基地退出参与权、完善退出宅基地农户的社会保障机制等方面，回应保障乡村振兴战略下宅基地退出中农民土地权益有关建议。土地管理法规定，国家允许进城落户的农村村民依法自愿有偿退出宅基地。为探索完善宅基地分配、流转、退出、使用、收益、审批、监管等制度的方法路径，年月，全国个县（市、区）和个地级市启动实施新一轮农村宅基地制度改革试点。探索宅基地自愿有偿退出机制是试点重要内容之一。下一步，农业农村部将会同相关部门继续稳慎推进农村宅基地制度改革试点，探索完善宅基地流转、有偿使用和自愿有偿退出等方法路径，总结形成一批可行制度成果。;;388;沙漠来的八戒1984;广东;土地回收;2023-08-13 19:17:15;0;0.0175959759426873;0;0
风闻社区;;0;11;20;71;农业农村部：支持试点地区重点推动完善宅基地退出补偿机制农村农业部网站月日发布对十四届全国人大一次会议第号建议的答复摘要：下一步，我部将会同有关部门继续稳慎推进农村宅基地制度改革试点，进一步强化统筹协调，加强监督管理，加大指导力度，支持试点地区在探索宅基地自愿有偿退出机制方面，重点推动完善宅基地退出补偿机制，建立更加科学的宅基地和农房价格评估体系，总结形成一批可复制推广的实践成果。充分保障宅基地农户资格权和农民房屋财产权，在总结试点地区经验的基础上，不断完善相关制度，加快推动出台农村宅基地管理暂行办法，对宅基地申请审批、使用、流转退出、监督管理等作出规定，进一步规范宅基地管理，加强农民合法权益保护。;;304;钚言之教;河北;有宅基地的别卖;2023-08-13 21:26:02;15;0.0146298355459405;0;0
风闻社区;;0;11;20;71;农业农村部：支持试点地区重点推动完善宅基地退出补偿机制农村农业部网站月日发布对十四届全国人大一次会议第号建议的答复摘要：下一步，我部将会同有关部门继续稳慎推进农村宅基地制度改革试点，进一步强化统筹协调，加强监督管理，加大指导力度，支持试点地区在探索宅基地自愿有偿退出机制方面，重点推动完善宅基地退出补偿机制，建立更加科学的宅基地和农房价格评估体系，总结形成一批可复制推广的实践成果。充分保障宅基地农户资格权和农民房屋财产权，在总结试点地区经验的基础上，不断完善相关制度，加快推动出台农村宅基地管理暂行办法，对宅基地申请审批、使用、流转退出、监督管理等作出规定，进一步规范宅基地管理，加强农民合法权益保护。;;265;穿过岁月拥抱你;安徽;给的补偿那么多够在城市中买房子么？！问过农民愿意不愿意了么？！每次出了窟窿眼就找农民，要不要只盯着农民欺负！;2023-08-14 22:36:49;16;0.0146298355459405;0;0
风闻社区;;0;11;20;71;农业农村部：支持试点地区重点推动完善宅基地退出补偿机制农村农业部网站月日发布对十四届全国人大一次会议第号建议的答复摘要：下一步，我部将会同有关部门继续稳慎推进农村宅基地制度改革试点，进一步强化统筹协调，加强监督管理，加大指导力度，支持试点地区在探索宅基地自愿有偿退出机制方面，重点推动完善宅基地退出补偿机制，建立更加科学的宅基地和农房价格评估体系，总结形成一批可复制推广的实践成果。充分保障宅基地农户资格权和农民房屋财产权，在总结试点地区经验的基础上，不断完善相关制度，加快推动出台农村宅基地管理暂行办法，对宅基地申请审批、使用、流转退出、监督管理等作出规定，进一步规范宅基地管理，加强农民合法权益保护。;;265;维尼L----y;重庆;啊。。。我同事她们家就是自愿的，因为都在城里面买房定居了，农村的宅基地就自己退了，这个肯定要自愿啊，我也搞不懂你在乱喷啥子。[笑cry];2023-08-30 15:05:15;0;0.0146298355459405;1;0
风闻社区;;0;11;20;71;农业农村部：支持试点地区重点推动完善宅基地退出补偿机制农村农业部网站月日发布对十四届全国人大一次会议第号建议的答复摘要：下一步，我部将会同有关部门继续稳慎推进农村宅基地制度改革试点，进一步强化统筹协调，加强监督管理，加大指导力度，支持试点地区在探索宅基地自愿有偿退出机制方面，重点推动完善宅基地退出补偿机制，建立更加科学的宅基地和农房价格评估体系，总结形成一批可复制推广的实践成果。充分保障宅基地农户资格权和农民房屋财产权，在总结试点地区经验的基础上，不断完善相关制度，加快推动出台农村宅基地管理暂行办法，对宅基地申请审批、使用、流转退出、监督管理等作出规定，进一步规范宅基地管理，加强农民合法权益保护。;;53;能亮哥;其他;要是被自愿呢？;2023-08-25 07:11:49;8;0.0146298355459405;0;0
风闻社区;;0;11;20;71;农业农村部：支持试点地区重点推动完善宅基地退出补偿机制农村农业部网站月日发布对十四届全国人大一次会议第号建议的答复摘要：下一步，我部将会同有关部门继续稳慎推进农村宅基地制度改革试点，进一步强化统筹协调，加强监督管理，加大指导力度，支持试点地区在探索宅基地自愿有偿退出机制方面，重点推动完善宅基地退出补偿机制，建立更加科学的宅基地和农房价格评估体系，总结形成一批可复制推广的实践成果。充分保障宅基地农户资格权和农民房屋财产权，在总结试点地区经验的基础上，不断完善相关制度，加快推动出台农村宅基地管理暂行办法，对宅基地申请审批、使用、流转退出、监督管理等作出规定，进一步规范宅基地管理，加强农民合法权益保护。;;4784;凉州农伯网;甘肃;房屋建在宅基地上，宅基地补偿了，房屋搁哪里？;2023-08-30 12:55:05;0;0.0146298355459405;0;0
风闻社区;;0;11;20;71;农业农村部：支持试点地区重点推动完善宅基地退出补偿机制农村农业部网站月日发布对十四届全国人大一次会议第号建议的答复摘要：下一步，我部将会同有关部门继续稳慎推进农村宅基地制度改革试点，进一步强化统筹协调，加强监督管理，加大指导力度，支持试点地区在探索宅基地自愿有偿退出机制方面，重点推动完善宅基地退出补偿机制，建立更加科学的宅基地和农房价格评估体系，总结形成一批可复制推广的实践成果。充分保障宅基地农户资格权和农民房屋财产权，在总结试点地区经验的基础上，不断完善相关制度，加快推动出台农村宅基地管理暂行办法，对宅基地申请审批、使用、流转退出、监督管理等作出规定，进一步规范宅基地管理，加强农民合法权益保护。;;58;深圳过客W;广东;农村自建房，危房改造，乡村振兴本身国家对老百姓一项福利政策，到地方基本都被偷换概念混淆视听，他们想尽一切办法给老百姓加高门槛把百姓按住，把正常合理需要建房的人拦住了，真正有几套房多套房的人又没拦住。;2023-08-14 08:07:51;6;0.0146298355459405;0;0
风闻社区;;0;11;20;71;农业农村部：支持试点地区重点推动完善宅基地退出补偿机制农村农业部网站月日发布对十四届全国人大一次会议第号建议的答复摘要：下一步，我部将会同有关部门继续稳慎推进农村宅基地制度改革试点，进一步强化统筹协调，加强监督管理，加大指导力度，支持试点地区在探索宅基地自愿有偿退出机制方面，重点推动完善宅基地退出补偿机制，建立更加科学的宅基地和农房价格评估体系，总结形成一批可复制推广的实践成果。充分保障宅基地农户资格权和农民房屋财产权，在总结试点地区经验的基础上，不断完善相关制度，加快推动出台农村宅基地管理暂行办法，对宅基地申请审批、使用、流转退出、监督管理等作出规定，进一步规范宅基地管理，加强农民合法权益保护。;;222;般若妙自在;四川;就怕几十年后出问题，那真是大面积危害………！可怕！;2023-08-31 19:10:32;1;0.0146298355459405;0;0
风闻社区;;0;11;20;71;农业农村部：支持试点地区重点推动完善宅基地退出补偿机制农村农业部网站月日发布对十四届全国人大一次会议第号建议的答复摘要：下一步，我部将会同有关部门继续稳慎推进农村宅基地制度改革试点，进一步强化统筹协调，加强监督管理，加大指导力度，支持试点地区在探索宅基地自愿有偿退出机制方面，重点推动完善宅基地退出补偿机制，建立更加科学的宅基地和农房价格评估体系，总结形成一批可复制推广的实践成果。充分保障宅基地农户资格权和农民房屋财产权，在总结试点地区经验的基础上，不断完善相关制度，加快推动出台农村宅基地管理暂行办法，对宅基地申请审批、使用、流转退出、监督管理等作出规定，进一步规范宅基地管理，加强农民合法权益保护。;;358;嘎嘎甄选;福建;鼓励城里退休人回农村[笑哈哈][笑哈哈][笑哈哈];2023-09-12 08:44:42;0;0.0146298355459405;0;0
风闻社区;;0;11;20;71;农业农村部：支持试点地区重点推动完善宅基地退出补偿机制农村农业部网站月日发布对十四届全国人大一次会议第号建议的答复摘要：下一步，我部将会同有关部门继续稳慎推进农村宅基地制度改革试点，进一步强化统筹协调，加强监督管理，加大指导力度，支持试点地区在探索宅基地自愿有偿退出机制方面，重点推动完善宅基地退出补偿机制，建立更加科学的宅基地和农房价格评估体系，总结形成一批可复制推广的实践成果。充分保障宅基地农户资格权和农民房屋财产权，在总结试点地区经验的基础上，不断完善相关制度，加快推动出台农村宅基地管理暂行办法，对宅基地申请审批、使用、流转退出、监督管理等作出规定，进一步规范宅基地管理，加强农民合法权益保护。;;304;找茬砖家;浙江;几十年后全是贫民窟;2023-09-11 20:58:17;0;0.0146298355459405;0;0
风闻社区;;0;11;20;71;农业农村部：支持试点地区重点推动完善宅基地退出补偿机制农村农业部网站月日发布对十四届全国人大一次会议第号建议的答复摘要：下一步，我部将会同有关部门继续稳慎推进农村宅基地制度改革试点，进一步强化统筹协调，加强监督管理，加大指导力度，支持试点地区在探索宅基地自愿有偿退出机制方面，重点推动完善宅基地退出补偿机制，建立更加科学的宅基地和农房价格评估体系，总结形成一批可复制推广的实践成果。充分保障宅基地农户资格权和农民房屋财产权，在总结试点地区经验的基础上，不断完善相关制度，加快推动出台农村宅基地管理暂行办法，对宅基地申请审批、使用、流转退出、监督管理等作出规定，进一步规范宅基地管理，加强农民合法权益保护。;;144;乾隆年制微波炉专用;其他;妈的，敢打宅基地的主意，炸了都不给你;2023-09-10 21:56:44;0;0.0146298355459405;0;0
风闻社区;;0;11;20;71;农业农村部：支持试点地区重点推动完善宅基地退出补偿机制农村农业部网站月日发布对十四届全国人大一次会议第号建议的答复摘要：下一步，我部将会同有关部门继续稳慎推进农村宅基地制度改革试点，进一步强化统筹协调，加强监督管理，加大指导力度，支持试点地区在探索宅基地自愿有偿退出机制方面，重点推动完善宅基地退出补偿机制，建立更加科学的宅基地和农房价格评估体系，总结形成一批可复制推广的实践成果。充分保障宅基地农户资格权和农民房屋财产权，在总结试点地区经验的基础上，不断完善相关制度，加快推动出台农村宅基地管理暂行办法，对宅基地申请审批、使用、流转退出、监督管理等作出规定，进一步规范宅基地管理，加强农民合法权益保护。;;16;自由之风_forever;其他;终于盯上翟鸡帝了;2023-09-06 11:27:44;0;0.0146298355459405;0;0
风闻社区;;0;11;20;71;农业农村部：支持试点地区重点推动完善宅基地退出补偿机制农村农业部网站月日发布对十四届全国人大一次会议第号建议的答复摘要：下一步，我部将会同有关部门继续稳慎推进农村宅基地制度改革试点，进一步强化统筹协调，加强监督管理，加大指导力度，支持试点地区在探索宅基地自愿有偿退出机制方面，重点推动完善宅基地退出补偿机制，建立更加科学的宅基地和农房价格评估体系，总结形成一批可复制推广的实践成果。充分保障宅基地农户资格权和农民房屋财产权，在总结试点地区经验的基础上，不断完善相关制度，加快推动出台农村宅基地管理暂行办法，对宅基地申请审批、使用、流转退出、监督管理等作出规定，进一步规范宅基地管理，加强农民合法权益保护。;;439;航海Gannicus;重庆;忽悠;2023-08-13 23:37:55;2;0.0146298355459405;0;0
风闻社区;;0;11;20;71;农业农村部：支持试点地区重点推动完善宅基地退出补偿机制农村农业部网站月日发布对十四届全国人大一次会议第号建议的答复摘要：下一步，我部将会同有关部门继续稳慎推进农村宅基地制度改革试点，进一步强化统筹协调，加强监督管理，加大指导力度，支持试点地区在探索宅基地自愿有偿退出机制方面，重点推动完善宅基地退出补偿机制，建立更加科学的宅基地和农房价格评估体系，总结形成一批可复制推广的实践成果。充分保障宅基地农户资格权和农民房屋财产权，在总结试点地区经验的基础上，不断完善相关制度，加快推动出台农村宅基地管理暂行办法，对宅基地申请审批、使用、流转退出、监督管理等作出规定，进一步规范宅基地管理，加强农民合法权益保护。;;10;lukeskywalker596;四川;都是为了配合地产商，占补平衡嘛！！农村少块宅基地，城里就多卖一块商品房用地！不把农民榨干吃尽，誓不罢休[怒][怒][怒];2023-08-29 00:14:44;3;0.0146298355459405;0;0
风闻社区;;0;11;20;71;农业农村部：支持试点地区重点推动完善宅基地退出补偿机制农村农业部网站月日发布对十四届全国人大一次会议第号建议的答复摘要：下一步，我部将会同有关部门继续稳慎推进农村宅基地制度改革试点，进一步强化统筹协调，加强监督管理，加大指导力度，支持试点地区在探索宅基地自愿有偿退出机制方面，重点推动完善宅基地退出补偿机制，建立更加科学的宅基地和农房价格评估体系，总结形成一批可复制推广的实践成果。充分保障宅基地农户资格权和农民房屋财产权，在总结试点地区经验的基础上，不断完善相关制度，加快推动出台农村宅基地管理暂行办法，对宅基地申请审批、使用、流转退出、监督管理等作出规定，进一步规范宅基地管理，加强农民合法权益保护。;;698;碧血琉璃青瓦剑;其他;又开始剥削农民了;2023-08-13 22:46:09;0;0.0146298355459405;0;0
风闻社区;;0;11;20;71;农业农村部：支持试点地区重点推动完善宅基地退出补偿机制农村农业部网站月日发布对十四届全国人大一次会议第号建议的答复摘要：下一步，我部将会同有关部门继续稳慎推进农村宅基地制度改革试点，进一步强化统筹协调，加强监督管理，加大指导力度，支持试点地区在探索宅基地自愿有偿退出机制方面，重点推动完善宅基地退出补偿机制，建立更加科学的宅基地和农房价格评估体系，总结形成一批可复制推广的实践成果。充分保障宅基地农户资格权和农民房屋财产权，在总结试点地区经验的基础上，不断完善相关制度，加快推动出台农村宅基地管理暂行办法，对宅基地申请审批、使用、流转退出、监督管理等作出规定，进一步规范宅基地管理，加强农民合法权益保护。;;183;一点言;云南;是保护还是盘剥，非要把人城里赶是图什么，本来农村在这个交易的社会就处于弱势，宅基地退出后村里建房又从农业用地里买回来是吧;2023-08-13 20:08:28;6;0.0146298355459405;0;0
叶青;湖北;0;2;1;1;农业农村部：支持试点地区重点推动完善宅基地退出补偿机制农业农村部发布对十四届全国人大一次会议第号建议的答复摘要，下一步，我部将会同有关部门继续稳慎推进农村宅基地制度改革试点，进一步强化统筹协调，加强监督管理，加大指导力度，支持试点地区在探索宅基地自愿有偿退出机制方面，重点推动完善宅基地退出补偿机制，建立更加科学的宅基地和农房价格评估体系，总结形成一批可复制推广的实践成果。充分保障宅基地农户资格权和农民房屋财产权，在总结试点地区经验的基础上，不断完善相关制度，加快推动出台农村宅基地管理暂行办法，对宅基地申请审批、使用、流转退出、监督管理等作出规定，进一步规范宅基地管理，加强农民合法权益保护。;;541;阿Q日-报;北京;这是要收农民仅有的不动产权益了？;2023-08-13 23:49:18;0;0.0152130148390354;0;0
逛龙城;甘肃;0;0;1;2;新闻早知道年月日星期日农历六月廿七农业农村部：支持试点地区重点推动完善宅基地退出补偿机制。历史性时刻中国超希腊成世界第一大船东国。青海玉树州治多县日时分发生级地震，震源深度千米。国铁回应高铁票越来越难买：长途列车票额优先满足长途旅客。过去年成医药领域受贿案与医疗器械有关，涉多家上市公司产品。辽宁：月日前，全面开通白血病等个病种的省内异地就医直接结算。安徽：对新认定的国家级、省级技能大师工作室，给予每个万元建设补助。华为官方声明：不对外经营房地产业务。碧桂园：境内只债券月日起停牌，拟就兑付安排召开债券持有人会议。欧盟气候专家：厄尔尼诺现象已出现，全球明年或更热。;;32188;一分安宁A;浙江;上午好【新闻早知道】[赞][赞][赞];2023-08-13 09:37:00;0;0.0050984193324122;0;0
商丘日报;;0;1;1;1;我市发布《关于进一步促进房地产市场平稳健康发展的若干措施（征求意见稿）》围绕四个方面给房地产市场赋能月日，记者从商丘市住房和城乡建设局获悉，为贯彻落实党中央、国务院和省委、省政府决策部署，优化房地产政策，促进我市房地产市场平稳健康发展，市住房和城乡建设局结合我市实际起草了《关于进一步促进房地产市场平稳健康发展的若干措施（征求意见稿）》（以下简称《意见稿》），并公开向社会征求意见。《意见稿》以稳定市场为关键，以支持企业发展为重点，以满足刚性和改善性住房需求为目的，优化房地产市场调控措施，因城施策，充分释放政策红利，促进我市房地产市场平稳健康发展。《意见稿》重点从支持合理住房需求、落实企业扶持措施、完善金融服务、优化房地产市场环境、多措并举去库存方面，本着实用性、灵活性和可操作性相结合的总体思路，归纳提出了条内容，主要从四个方面给房地产市场赋能：一是促进消费，加大住房公积金贷款支持力度，实行商品住房契税补贴，居民换购住房个人所得税退税优惠，支持存量房“带押过户”等条支持政策，一体保持新建房和二手房两个市场销售热度；二是促进投资，优化土地出让条件，允许分期缴纳土地出让价款，试行地下停车位办理预售，适当延缓缴纳城市基础设施配套费和社保费，支持产销对接商品住房，优化资金监管措施等条支持政策；三是加强金融支持，落实差别化住房信贷政策，开展融资服务对接，加大金融纾困帮扶力度等条支持政策；四是提高政务服务，优化联合验收备案制度，优化房屋网签备案服务，全面推行“交房即交证”，进一步优化房地产市场环境等条支持政策。其中，明确提高多子女家庭购买首套自住住房申请住房公积金贷款最高额度：自年月日起，对依法生育、抚养多子女的住房公积金缴存人家庭，在本市购买首套自住住房申请住房公积金贷款的，贷款最高额度在本市住房公积金贷款最高额度基础上提高万元；调整提取公积金后申请贷款条件：自年月日起，同一套自住住房购房提取后申请住房公积金贷款，其公积金贷款额与提取金额之和不得超过房屋总价；房地产开发企业在取得商品房预售许可证后，符合商丘市住房公积金管理中心楼盘合作要求，可以申请住房公积金按揭贷款合作。适时实施商品住房契税补贴。根据我市实际情况，经市政府同意，相关单位适时对个人在中心城区范围内购买商品住房（含二手商品住房）的，可以给予所缴纳契税总额的补贴，最高不超过万元。居民换购住房个人所得税政策。自年月日至年月日，对出售自有住房并在现住房出售后年内重新购买住房的纳税人，对其出售现住房已缴纳的个人所得税予以退税优惠。其中，新购住房金额大于或等于现住房转让金额的，全部退还已缴纳的个人所得税；新购住房金额小于现住房转让金额的，按新购住房金额占现住房转让金额的比例退还已缴纳的个人所得税。支持国有投融资平台公司或国有非银行业金融机构作为投资主体，购买存量房屋用作保障性租赁住房。实行多样化回迁安置，根据当前征收安置实际，市中心城区原则上不再新建安置房，通过购买商品住房、发放安置房票等货币化为主的方式实施安置。为有效降低二手房交易资金和时间成本，推行存量商品房“带押过户”模式，充分保障在押不动产依法转让，激发存量房市场交易活力，提高交易登记安全性，促进存量房交易市场良性循环和健康发展。继续支持产销对接商品住房。支持团购在售商品住房。支持新兴产业单位、科研机构、产业园区、大专院校、企事业等单位，集中团购商品住房解决职工住房问题。鼓励多市场主体按照利益共享、风险共担原则以多种合作方式开发建设商品房。进一步提升商品住房品质。大力发展绿色建筑和绿色建造。鼓励高品质、改善型住宅小区建设，优化住宅供应套型，提高新建住房设计建造水平和设施配置标准，推动住宅产品升级换代，逐步提高装修住宅供应比例。持续加强质量和安全监管，全面提升住宅工程质量品质。推进无障碍设施建设，促进家庭装修消费，增加智能家电消费，推动数字家庭发展。进一步提升物业服务管理水平。开展全市物业管理专项整治行动，对物业服务规范化、房屋质量监管、收费公开、电梯安全、违章搭建、涉黑涉恶、消防安全等七个方面专项整治，进一步提升全市物业管理水平，切实解决广大市民急难愁盼问题，不断提高广大市民幸福感、获得感和满意度。即日起至月日，市民可以通过以下方式提出意见建议：登录商丘市政府网《意见征集》（网页链接）栏目浏览相关正在征集意见的内容并在页面底部提交意见建议；通过信函方式，将意见寄至商丘市神火大道与雪苑路交叉口市住房和城乡建设局房地产市场监管科（邮政编码）；通过电子邮件方式将修改意见和建议发送至电子邮箱。记者鲁超;网页链接;5;闪灵公主;河南;[鼓掌][鼓掌];2023-09-27 19:49:29;0;0.006312130176448;0;1
成都市场监管;;0;1;1;1;成都住房限购限价措施有新调整月日，成都住建局发布《关于进一步优化政策措施促进房地产市场平稳健康发展的通知》。其中提到：调整住房限购措施，四川天府新区直管区、成都高新区南部园区、锦江区、青羊区、金牛区、武侯区、成华区继续实施住房限购，统一为一个限购区域。其他区域不再审核购房资格；在限购区域范围内，购买平方米以上（不含平方米）住房，不再审核购房资格，更好满足居民改善型住房需求。调整住房限价措施，成品住宅装修价格由企业根据市场情况自主确定（土地出让合同等有约定的除外），严格落实样板间、销售现场、装修清单等管理要求，鼓励优质优价；不再执行二手住房成交参考价格发布机制。;#成都住房限购限价措施有新调整#;1467328;成都公安;四川;关注[话筒][话筒];2023-09-27 09:25:34;1;0.0078663376791724;0;0
法治成都;;0;3;5;11;成都住房限购限价措施有新调整月日，成都住建局发布《关于进一步优化政策措施促进房地产市场平稳健康发展的通知》。其中提到：调整住房限购措施，四川天府新区直管区、成都高新区南部园区、锦江区、青羊区、金牛区、武侯区、成华区继续实施住房限购，统一为一个限购区域。其他区域不再审核购房资格；在限购区域范围内，购买平方米以上（不含平方米）住房，不再审核购房资格，更好满足居民改善型住房需求。调整住房限价措施，成品住宅装修价格由企业根据市场情况自主确定（土地出让合同等有约定的除外），严格落实样板间、销售现场、装修清单等管理要求，鼓励优质优价；不再执行二手住房成交参考价格发布机制。（成都住建）法治君播报成都区域外取消限购成都出台《关于进一步优化政策措施促进房地产市场平稳健康发展的通知》;#成都住房限购限价措施有新调整##法治君播报##成都5+2区域外取消限购#成都出台《关于进一步优化政策措施促进房地产市场平稳健康发展的通知》;2859;白梦妍人间理想;四川;[心];2023-09-26 22:52:11;0;0.0094926147145167;0;0
法治成都;;0;3;5;11;成都住房限购限价措施有新调整月日，成都住建局发布《关于进一步优化政策措施促进房地产市场平稳健康发展的通知》。其中提到：调整住房限购措施，四川天府新区直管区、成都高新区南部园区、锦江区、青羊区、金牛区、武侯区、成华区继续实施住房限购，统一为一个限购区域。其他区域不再审核购房资格；在限购区域范围内，购买平方米以上（不含平方米）住房，不再审核购房资格，更好满足居民改善型住房需求。调整住房限价措施，成品住宅装修价格由企业根据市场情况自主确定（土地出让合同等有约定的除外），严格落实样板间、销售现场、装修清单等管理要求，鼓励优质优价；不再执行二手住房成交参考价格发布机制。（成都住建）法治君播报成都区域外取消限购成都出台《关于进一步优化政策措施促进房地产市场平稳健康发展的通知》;#成都住房限购限价措施有新调整##法治君播报##成都5+2区域外取消限购#成都出台《关于进一步优化政策措施促进房地产市场平稳健康发展的通知》;602;婷米生0710;台湾;关注！！;2023-09-26 22:27:23;0;0.0094926147145167;0;0
法治成都;;0;3;5;11;成都住房限购限价措施有新调整月日，成都住建局发布《关于进一步优化政策措施促进房地产市场平稳健康发展的通知》。其中提到：调整住房限购措施，四川天府新区直管区、成都高新区南部园区、锦江区、青羊区、金牛区、武侯区、成华区继续实施住房限购，统一为一个限购区域。其他区域不再审核购房资格；在限购区域范围内，购买平方米以上（不含平方米）住房，不再审核购房资格，更好满足居民改善型住房需求。调整住房限价措施，成品住宅装修价格由企业根据市场情况自主确定（土地出让合同等有约定的除外），严格落实样板间、销售现场、装修清单等管理要求，鼓励优质优价；不再执行二手住房成交参考价格发布机制。（成都住建）法治君播报成都区域外取消限购成都出台《关于进一步优化政策措施促进房地产市场平稳健康发展的通知》;#成都住房限购限价措施有新调整##法治君播报##成都5+2区域外取消限购#成都出台《关于进一步优化政策措施促进房地产市场平稳健康发展的通知》;505;我叫氧气;四川;【#成都住房限购限价措施有新调整#[话筒]】 了解一下;2023-09-26 16:50:44;0;0.0094926147145167;0;0
法治成都;;0;3;5;11;成都住房限购限价措施有新调整月日，成都住建局发布《关于进一步优化政策措施促进房地产市场平稳健康发展的通知》。其中提到：调整住房限购措施，四川天府新区直管区、成都高新区南部园区、锦江区、青羊区、金牛区、武侯区、成华区继续实施住房限购，统一为一个限购区域。其他区域不再审核购房资格；在限购区域范围内，购买平方米以上（不含平方米）住房，不再审核购房资格，更好满足居民改善型住房需求。调整住房限价措施，成品住宅装修价格由企业根据市场情况自主确定（土地出让合同等有约定的除外），严格落实样板间、销售现场、装修清单等管理要求，鼓励优质优价；不再执行二手住房成交参考价格发布机制。（成都住建）法治君播报成都区域外取消限购成都出台《关于进一步优化政策措施促进房地产市场平稳健康发展的通知》;#成都住房限购限价措施有新调整##法治君播报##成都5+2区域外取消限购#成都出台《关于进一步优化政策措施促进房地产市场平稳健康发展的通知》;94;贝贝壳521;山东;关注;2023-09-27 12:39:27;0;0.0094926147145167;0;0
法治成都;;0;3;5;11;成都住房限购限价措施有新调整月日，成都住建局发布《关于进一步优化政策措施促进房地产市场平稳健康发展的通知》。其中提到：调整住房限购措施，四川天府新区直管区、成都高新区南部园区、锦江区、青羊区、金牛区、武侯区、成华区继续实施住房限购，统一为一个限购区域。其他区域不再审核购房资格；在限购区域范围内，购买平方米以上（不含平方米）住房，不再审核购房资格，更好满足居民改善型住房需求。调整住房限价措施，成品住宅装修价格由企业根据市场情况自主确定（土地出让合同等有约定的除外），严格落实样板间、销售现场、装修清单等管理要求，鼓励优质优价；不再执行二手住房成交参考价格发布机制。（成都住建）法治君播报成都区域外取消限购成都出台《关于进一步优化政策措施促进房地产市场平稳健康发展的通知》;#成都住房限购限价措施有新调整##法治君播报##成都5+2区域外取消限购#成都出台《关于进一步优化政策措施促进房地产市场平稳健康发展的通知》;511;深有所然;云南;关注;2023-09-26 20:57:23;0;0.0094926147145167;0;0
封面新闻;;0;1;2;3;成都住房限购限价措施有新调整成都区域外取消限购月日，成都住建局发布《关于进一步优化政策措施促进房地产市场平稳健康发展的通知》。其中提到：调整住房限购措施，四川天府新区直管区、成都高新区南部园区、锦江区、青羊区、金牛区、武侯区、成华区继续实施住房限购，统一为一个限购区域。其他区域不再审核购房资格；在限购区域范围内，购买平方米以上（不含平方米）住房，不再审核购房资格，更好满足居民改善型住房需求。调整住房限价措施，成品住宅装修价格由企业根据市场情况自主确定（土地出让合同等有约定的除外），严格落实样板间、销售现场、装修清单等管理要求，鼓励优质优价；不再执行二手住房成交参考价格发布机制。（成都住建）成都出台《关于进一步优化政策措施促进房地产市场平稳健康发展的通知》成都调整住房限购措施;#成都住房限购限价措施有新调整##成都5+2区域外取消限购#成都出台《关于进一步优化政策措施促进房地产市场平稳健康发展的通知》#成都调整住房限购措施#;385;天府数码科技;四川;三环内均价都3-5万了 工资平均也就4500;2023-09-26 16:51:13;0;0.0077857586497191;0;0
封面新闻;;0;1;2;3;成都住房限购限价措施有新调整成都区域外取消限购月日，成都住建局发布《关于进一步优化政策措施促进房地产市场平稳健康发展的通知》。其中提到：调整住房限购措施，四川天府新区直管区、成都高新区南部园区、锦江区、青羊区、金牛区、武侯区、成华区继续实施住房限购，统一为一个限购区域。其他区域不再审核购房资格；在限购区域范围内，购买平方米以上（不含平方米）住房，不再审核购房资格，更好满足居民改善型住房需求。调整住房限价措施，成品住宅装修价格由企业根据市场情况自主确定（土地出让合同等有约定的除外），严格落实样板间、销售现场、装修清单等管理要求，鼓励优质优价；不再执行二手住房成交参考价格发布机制。（成都住建）成都出台《关于进一步优化政策措施促进房地产市场平稳健康发展的通知》成都调整住房限购措施;#成都住房限购限价措施有新调整##成都5+2区域外取消限购#成都出台《关于进一步优化政策措施促进房地产市场平稳健康发展的通知》#成都调整住房限购措施#;56;火速归队-东;上海;再涨一波;2023-09-26 16:59:38;0;0.0077857586497191;0;0
合肥土哥;安徽;0;1;1;2;成都市房地产市场平稳健康发展领导小组办公室印发《关于进一步优化政策措施促进房地产市场平稳健康发展的通知》。一、加大住房保障力度（一）进一步发挥好现有公共租赁住房、租赁补贴、保障性租赁住房等兜底保障作用。规划建设保障性住房，重点保障住房困难的工薪收入群体以及城市需要的人才群体。二、优化土地供应方式（二）中心城区商品住宅用地实施“竞地价”拍卖，新出让土地所建商品住房由企业根据市场情况自主定价。（三）除控制性详细规划明确的宗地内需叠建以及宗地周边绿地、道路、养老托育等公服配套设施外，原则上新出让住宅类用地不再设置配建要求。（四）调整新出让土地商业物业持有比例，在产业功能区（园区）内的，计容商业建筑面积持有比例不低于；在锦江区、青羊区、金牛区、武侯区、成华区产业功能区（园区）外的，计容商业建筑面积持有比例不低于；其他区（市）县的产业功能区（园区）外的，计容商业建筑面积持有比例，由属地政府按照相关规定制定并实施。宗地项目计容商业建筑面积持有比例部分，由区（市）县政府（管委会）自主确定自持或整体有条件转三、调整住房限购措施（五）四川天府新区直管区、成都高新区南部园区、锦江区、青羊区、金牛区、武侯区、成华区继续实施住房限购，统一为一个限购区域。其他区域不再审核购房资格。（六）在限购区域范围内，购买平方米以上（不含平方米）住房，不再审核购房资格，更好满足居民改善型住房需求。（七）在限购区域范围内，购买平方米以下（含平方米）住房，须同时符合以下条件：居民家庭成员具有限购区域户籍，或户籍不在限购区域但在限购区域连续缴纳社保个月以上；新购房后，本地户籍两人及以上居民家庭在限购区域拥有自有产权住房总套数不超过套，本地户籍单身居民家庭、非本地户籍居民家庭在限购区域拥有自有产权住房总套数不超过套。在此基础上，二孩居民家庭总套数可增加套，三孩及以上居民家庭总套数可增加套。四、调整住房限价措施（八）成品住宅装修价格由企业根据市场情况自主确定（土地出让合同等有约定的除外），严格落实样板间、销售现场、装修清单等管理要求，鼓励优质优价。（九）不再执行二手住房成交参考价格发布机制。五、落实信贷支持政策（十）落实差别化住房信贷政策。人民银行四川省分行指导四川省市场利率定价自律机制研究并决议通过，调整成都市差别化住房信贷政策。（十一）优化家庭住房套数认定标准。生育多子女家庭商业贷款购买第三套住房认定为二套住房。六、调整住房税收政策（十二）个人转让住房增值税征免年限统一调整为年。七、强化市场秩序监管（十三）加强预售资金监管。加大全过程监督监管力度，督促开发企业、商业银行、购房人将预售资金全部直接存入监管账户，确保监管额度内资金专款专用于工程建设，保障建设质量，严厉打击违法违规行为，鼓励购房人参与监督，确保商品房竣工交付。（十四）持续规范房地产市场秩序。强化部门联动，健全联合执法和惩戒机制，加大市场乱象整治力度，严厉查处捂盘惜售、囤积房源、恶意炒作、哄抬房价、发布虚假信息等扰乱市场秩序的行为，保障购房人合法权益。本通知自年月日起正式实施，凡以前规定与本通知不一致的，按本通知执行。;;54743;合肥土哥;安徽;#成都楼市# #房地产# 成都中心城区商品住宅用地也实施“竞地价”拍卖，新出让土地所建商品住房由企业根据市场情况自主定价。;2023-09-26 16:54:22;0;0.0060338100430603;0;0
中国房地产报信息;;0;3;2;5;成都发布新政调整住房限购限价措施月日，成都出台《关于进一步优化政策措施促进房地产市场平稳健康发展的通知》，宣布调整住房限购措施。调整后，四川天府新区直管区、成都高新区南部园区、锦江区、青羊区、金牛区、武侯区、成华区继续实施住房限购，统一为一个限购区域，其他区域不再审核购房资格。在限购区域范围内，购买平方米以上（不含平方米）住房，不再审核购房资格，更好满足居民改善型住房需求。在限购区域范围内，购买平方米以下（含平方米）住房，须同时符合以下条件：居民家庭成员具有限购区域户籍，或户籍不在限购区域但在限购区域连续缴纳社保个月以上；新购房后，本地户籍两人及以上居民家庭在限购区域拥有自有产权住房总套数不超过套，本地户籍单身居民家庭、非本地户籍居民家庭在限购区域拥有自有产权住房总套数不超过套。在此基础上，二孩居民家庭总套数可增加套，三孩及以上居民家庭总套数可增加套。同时，调整住房限价措施。成品住宅装修价格由企业根据市场情况自主确定（土地出让合同等有约定的除外），严格落实样板间、销售现场、装修清单等管理要求，鼓励优质优价。不再执行二手住房成交参考价格发布机制。此外，个人转让住房增值税征免年限统一调整为了年。;#成都发布新政！调整住房限购限价措施#;199;黄三的投资笔记;北京;这个举措，其实和取消限购差不了多少了。单身可以买两套，家庭可以买3套。鼓励购买二套房。同时，鼓励购买大平米房。几乎可以理解为不限购了;2023-09-26 16:25:18;2;0.0072044944273128;0;1
中国房地产报信息;;0;3;2;5;成都发布新政调整住房限购限价措施月日，成都出台《关于进一步优化政策措施促进房地产市场平稳健康发展的通知》，宣布调整住房限购措施。调整后，四川天府新区直管区、成都高新区南部园区、锦江区、青羊区、金牛区、武侯区、成华区继续实施住房限购，统一为一个限购区域，其他区域不再审核购房资格。在限购区域范围内，购买平方米以上（不含平方米）住房，不再审核购房资格，更好满足居民改善型住房需求。在限购区域范围内，购买平方米以下（含平方米）住房，须同时符合以下条件：居民家庭成员具有限购区域户籍，或户籍不在限购区域但在限购区域连续缴纳社保个月以上；新购房后，本地户籍两人及以上居民家庭在限购区域拥有自有产权住房总套数不超过套，本地户籍单身居民家庭、非本地户籍居民家庭在限购区域拥有自有产权住房总套数不超过套。在此基础上，二孩居民家庭总套数可增加套，三孩及以上居民家庭总套数可增加套。同时，调整住房限价措施。成品住宅装修价格由企业根据市场情况自主确定（土地出让合同等有约定的除外），严格落实样板间、销售现场、装修清单等管理要求，鼓励优质优价。不再执行二手住房成交参考价格发布机制。此外，个人转让住房增值税征免年限统一调整为了年。;#成都发布新政！调整住房限购限价措施#;15;研究僧打堆堆;四川;是的！只能紧跟大都市步伐！#只有研究僧才能在这儿打堆堆# //@黄三的投资笔记:这个举措，其实和取消限购差不了多少了。单身可以买两套，家庭可以买3套。鼓励购买二套房。同时，鼓励购买大平米房。几乎可以理解为不限购了;2023-09-26 16:47:51;0;0.0072044944273128;0;1
经济观察报;;0;0;1;2;成都调整住房限购限价措施，部分区域不再审核购房资格月日消息，成都出台《关于进一步优化政策措施促进房地产市场平稳健康发展的通知》，调整住房限购措施，四川天府新区直管区、成都高新区南部园区、锦江区、青羊区、金牛区、武侯区、成华区继续实施住房限购，统一为一个限购区域。其他区域不再审核购房资格。在限购区域范围内，购买平方米以上（不含平方米）住房，不再审核购房资格，更好满足居民改善型住房需求。调整住房限价措施，成品住宅装修价格由企业根据市场情况自主确定（土地出让合同等有约定的除外），严格落实样板间、销售现场、装修清单等管理要求，鼓励优质优价。不再执行二手住房成交参考价格发布机制。个人转让住房增值税征免年限统一调整为年。;#成都调整住房限购限价措施#;6;傻子傻子爱大傻子;其他;房住不炒，租售同权;2023-09-26 19:28:05;0;0.0077807768788683;0;1
晓磊的基金生活;上海;0;1;11;22;基金超话成都出台《关于进一步优化政策措施促进房地产市场平稳健康发展的通知》，调整住房限购措施，四川天府新区直管区、成都高新区南部园区、锦江区、青羊区、金牛区、武侯区、成华区继续实施住房限购，统一为一个限购区域。其他区域不再审核购房资格。在限购区域范围内，购买平方米以上（不含平方米）住房，不再审核购房资格，更好满足居民改善型住房需求。调整住房限价措施，成品住宅装修价格由企业根据市场情况自主确定（土地出让合同等有约定的除外），严格落实样板间、销售现场、装修清单等管理要求，鼓励优质优价。不再执行二手住房成交参考价格发布机制。个人转让住房增值税征免年限统一调整为年。文章来源：证券时报车辆转弯请注意，车辆转弯请注意;基金超话;8;泡泡龙没泡泡;上海;磊哥，适应房地产市场供求关系发生重大变化的新形势，这句话是不是针对的是全国地产市场，但是对于局部城市并不适用，对于求大于供的城市，还是有上涨空间[作揖];2023-09-26 20:15:32;0;0.0083591921912066;0;0
晓磊的基金生活;上海;0;1;11;22;基金超话成都出台《关于进一步优化政策措施促进房地产市场平稳健康发展的通知》，调整住房限购措施，四川天府新区直管区、成都高新区南部园区、锦江区、青羊区、金牛区、武侯区、成华区继续实施住房限购，统一为一个限购区域。其他区域不再审核购房资格。在限购区域范围内，购买平方米以上（不含平方米）住房，不再审核购房资格，更好满足居民改善型住房需求。调整住房限价措施，成品住宅装修价格由企业根据市场情况自主确定（土地出让合同等有约定的除外），严格落实样板间、销售现场、装修清单等管理要求，鼓励优质优价。不再执行二手住房成交参考价格发布机制。个人转让住房增值税征免年限统一调整为年。文章来源：证券时报车辆转弯请注意，车辆转弯请注意;基金超话;8;泡泡龙没泡泡;上海;回复@晓磊的基金生活:谢谢磊哥回复[心];2023-09-26 20:22:31;0;0.0083591921912066;1;0
晓磊的基金生活;上海;0;1;11;22;基金超话成都出台《关于进一步优化政策措施促进房地产市场平稳健康发展的通知》，调整住房限购措施，四川天府新区直管区、成都高新区南部园区、锦江区、青羊区、金牛区、武侯区、成华区继续实施住房限购，统一为一个限购区域。其他区域不再审核购房资格。在限购区域范围内，购买平方米以上（不含平方米）住房，不再审核购房资格，更好满足居民改善型住房需求。调整住房限价措施，成品住宅装修价格由企业根据市场情况自主确定（土地出让合同等有约定的除外），严格落实样板间、销售现场、装修清单等管理要求，鼓励优质优价。不再执行二手住房成交参考价格发布机制。个人转让住房增值税征免年限统一调整为年。文章来源：证券时报车辆转弯请注意，车辆转弯请注意;基金超话;8;晓磊的基金生活;上海;我同意;2023-09-26 20:18:11;0;0.0083591921912066;1;0
晓磊的基金生活;上海;0;1;11;22;基金超话成都出台《关于进一步优化政策措施促进房地产市场平稳健康发展的通知》，调整住房限购措施，四川天府新区直管区、成都高新区南部园区、锦江区、青羊区、金牛区、武侯区、成华区继续实施住房限购，统一为一个限购区域。其他区域不再审核购房资格。在限购区域范围内，购买平方米以上（不含平方米）住房，不再审核购房资格，更好满足居民改善型住房需求。调整住房限价措施，成品住宅装修价格由企业根据市场情况自主确定（土地出让合同等有约定的除外），严格落实样板间、销售现场、装修清单等管理要求，鼓励优质优价。不再执行二手住房成交参考价格发布机制。个人转让住房增值税征免年限统一调整为年。文章来源：证券时报车辆转弯请注意，车辆转弯请注意;基金超话;1788;不凡可爱1998;天津;不让跌价吗？;2023-09-26 16:43:02;1;0.0083591921912066;0;0
晓磊的基金生活;上海;0;1;11;22;基金超话成都出台《关于进一步优化政策措施促进房地产市场平稳健康发展的通知》，调整住房限购措施，四川天府新区直管区、成都高新区南部园区、锦江区、青羊区、金牛区、武侯区、成华区继续实施住房限购，统一为一个限购区域。其他区域不再审核购房资格。在限购区域范围内，购买平方米以上（不含平方米）住房，不再审核购房资格，更好满足居民改善型住房需求。调整住房限价措施，成品住宅装修价格由企业根据市场情况自主确定（土地出让合同等有约定的除外），严格落实样板间、销售现场、装修清单等管理要求，鼓励优质优价。不再执行二手住房成交参考价格发布机制。个人转让住房增值税征免年限统一调整为年。文章来源：证券时报车辆转弯请注意，车辆转弯请注意;基金超话;943;石缝里的韭菜;四川;我们没有钱买了啊;2023-09-26 16:14:52;1;0.0083591921912066;0;0
晓磊的基金生活;上海;0;1;11;22;基金超话成都出台《关于进一步优化政策措施促进房地产市场平稳健康发展的通知》，调整住房限购措施，四川天府新区直管区、成都高新区南部园区、锦江区、青羊区、金牛区、武侯区、成华区继续实施住房限购，统一为一个限购区域。其他区域不再审核购房资格。在限购区域范围内，购买平方米以上（不含平方米）住房，不再审核购房资格，更好满足居民改善型住房需求。调整住房限价措施，成品住宅装修价格由企业根据市场情况自主确定（土地出让合同等有约定的除外），严格落实样板间、销售现场、装修清单等管理要求，鼓励优质优价。不再执行二手住房成交参考价格发布机制。个人转让住房增值税征免年限统一调整为年。文章来源：证券时报车辆转弯请注意，车辆转弯请注意;基金超话;139;柠檬百香果乳酪贝狗;陕西;这也太快了，前两年买的人好心累，各种圈层，各种落户什么的计较;2023-09-26 16:12:48;0;0.0083591921912066;0;0
晓磊的基金生活;上海;0;1;11;22;基金超话成都出台《关于进一步优化政策措施促进房地产市场平稳健康发展的通知》，调整住房限购措施，四川天府新区直管区、成都高新区南部园区、锦江区、青羊区、金牛区、武侯区、成华区继续实施住房限购，统一为一个限购区域。其他区域不再审核购房资格。在限购区域范围内，购买平方米以上（不含平方米）住房，不再审核购房资格，更好满足居民改善型住房需求。调整住房限价措施，成品住宅装修价格由企业根据市场情况自主确定（土地出让合同等有约定的除外），严格落实样板间、销售现场、装修清单等管理要求，鼓励优质优价。不再执行二手住房成交参考价格发布机制。个人转让住房增值税征免年限统一调整为年。文章来源：证券时报车辆转弯请注意，车辆转弯请注意;基金超话;6;-酒比烟还毒-ReformTheBody-;其他;力度不够啊，核心区还是没有放开限购啊。;2023-09-26 18:33:40;0;0.0083591921912066;0;0
财经网;;0;19;47;83;成都调整住房限购措施成都部分区域不再审核购房资格成都出台《关于进一步优化政策措施促进房地产市场平稳健康发展的通知》，调整住房限购措施，四川天府新区直管区、成都高新区南部园区、锦江区、青羊区、金牛区、武侯区、成华区继续实施住房限购，统一为一个限购区域。其他区域不再审核购房资格。在限购区域范围内，购买平方米以上（不含平方米）住房，不再审核购房资格，更好满足居民改善型住房需求。调整住房限价措施，成品住宅装修价格由企业根据市场情况自主确定（土地出让合同等有约定的除外），严格落实样板间、销售现场、装修清单等管理要求，鼓励优质优价。不再执行二手住房成交参考价格发布机制。个人转让住房增值税征免年限统一调整为年。（财联社）四川日报的微博视频;#成都调整住房限购措施##成都部分区域不再审核购房资格#四川日报的微博视频;30;钓者的生活;四川;最终会取消所有限购;2023-09-26 21:45:52;30;0.0061046954717432;0;1
财经网;;0;19;47;83;成都调整住房限购措施成都部分区域不再审核购房资格成都出台《关于进一步优化政策措施促进房地产市场平稳健康发展的通知》，调整住房限购措施，四川天府新区直管区、成都高新区南部园区、锦江区、青羊区、金牛区、武侯区、成华区继续实施住房限购，统一为一个限购区域。其他区域不再审核购房资格。在限购区域范围内，购买平方米以上（不含平方米）住房，不再审核购房资格，更好满足居民改善型住房需求。调整住房限价措施，成品住宅装修价格由企业根据市场情况自主确定（土地出让合同等有约定的除外），严格落实样板间、销售现场、装修清单等管理要求，鼓励优质优价。不再执行二手住房成交参考价格发布机制。个人转让住房增值税征免年限统一调整为年。（财联社）四川日报的微博视频;#成都调整住房限购措施##成都部分区域不再审核购房资格#四川日报的微博视频;339;正儿八经的想;广东;外地人能购买成都的房子吗？;2023-09-26 16:59:12;0;0.0061046954717432;0;1
财联社APP;;0;9;2;16;成都调整住房限购限价措施成都：调整住房限购、限价措施部分区域不再审核购房资格财联社月日电，成都出台《关于进一步优化政策措施促进房地产市场平稳健康发展的通知》，调整住房限购措施，四川天府新区直管区、成都高新区南部园区、锦江区、青羊区、金牛区、武侯区、成华区继续实施住房限购，统一为一个限购区域。其他区域不再审核购房资格。在限购区域范围内，购买平方米以上（不含平方米）住房，不再审核购房资格，更好满足居民改善型住房需求。调整住房限价措施，成品住宅装修价格由企业根据市场情况自主确定（土地出让合同等有约定的除外），严格落实样板间、销售现场、装修清单等管理要求，鼓励优质优价。不再执行二手住房成交参考价格发布机制。个人转让住房增值税征免年限统一调整为年。;#成都调整住房限购限价措施#;1565;shibor000888;北京;已阅，不买;2023-09-26 16:30:38;3;0.0078261626471191;0;1
成都商报;;0;3;8;1;成都住建：关于进一步优化政策措施促进房地产市场平稳健康发展的通知据成都住建，为深入贯彻党中央、国务院决策部署，坚持“房子是用来住的，不是用来炒的”定位，适应房地产市场供求关系发生重大变化的新形势，更好满足居民合理住房需求，促进房地产市场平稳健康发展，成都市房地产市场平稳健康发展领导小组办公室印发《关于进一步优化政策措施促进房地产市场平稳健康发展的通知》。一、加大住房保障力度（一）进一步发挥好现有公共租赁住房、租赁补贴、保障性租赁住房等兜底保障作用。规划建设保障性住房，重点保障住房困难的工薪收入群体以及城市需要的人才群体。二、优化土地供应方式（二）中心城区商品住宅用地实施“竞地价”拍卖，新出让土地所建商品住房由企业根据市场情况自主定价。（三）除控制性详细规划明确的宗地内需叠建以及宗地周边绿地、道路、养老托育等公服配套设施外，原则上新出让住宅类用地不再设置配建要求。（四）调整新出让土地商业物业持有比例，在产业功能区（园区）内的，计容商业建筑面积持有比例不低于；在锦江区、青羊区、金牛区、武侯区、成华区产业功能区（园区）外的，计容商业建筑面积持有比例不低于；其他区（市）县的产业功能区（园区）外的，计容商业建筑面积持有比例，由属地政府按照相关规定制定并实施。宗地项目计容商业建筑面积持有比例部分，由区（市）县政府（管委会）自主确定自持或整体有条件转让。三、调整住房限购措施（五）四川天府新区直管区、成都高新区南部园区、锦江区、青羊区、金牛区、武侯区、成华区继续实施住房限购，统一为一个限购区域。其他区域不再审核购房资格。（六）在限购区域范围内，购买平方米以上（不含平方米）住房，不再审核购房资格，更好满足居民改善型住房需求。（七）在限购区域范围内，购买平方米以下（含平方米）住房，须同时符合以下条件：居民家庭成员具有限购区域户籍，或户籍不在限购区域但在限购区域连续缴纳社保个月以上；新购房后，本地户籍两人及以上居民家庭在限购区域拥有自有产权住房总套数不超过套，本地户籍单身居民家庭、非本地户籍居民家庭在限购区域拥有自有产权住房总套数不超过套。在此基础上，二孩居民家庭总套数可增加套，三孩及以上居民家庭总套数可增加套。四、调整住房限价措施（八）成品住宅装修价格由企业根据市场情况自主确定（土地出让合同等有约定的除外），严格落实样板间、销售现场、装修清单等管理要求，鼓励优质优价。（九）不再执行二手住房成交参考价格发布机制。五、落实信贷支持政策（十）落实差别化住房信贷政策。人民银行四川省分行指导四川省市场利率定价自律机制研究并决议通过，调整成都市差别化住房信贷政策。（十一）优化家庭住房套数认定标准。生育多子女家庭商业贷款购买第三套住房认定为二套住房。六、调整住房税收政策（十二）个人转让住房增值税征免年限统一调整为年。七、强化市场秩序监管（十三）加强预售资金监管。加大全过程监督监管力度，督促开发企业、商业银行、购房人将预售资金全部直接存入监管账户，确保监管额度内资金专款专用于工程建设，保障建设质量，严厉打击违法违规行为，鼓励购房人参与监督，确保商品房竣工交付。（十四）持续规范房地产市场秩序。强化部门联动，健全联合执法和惩戒机制，加大市场乱象整治力度，严厉查处捂盘惜售、囤积房源、恶意炒作、哄抬房价、发布虚假信息等扰乱市场秩序的行为，保障购房人合法权益。本通知自年月日起正式实施，凡以前规定与本通知不一致的，按本通知执行。;;244;洲洲娃儿;四川;概括：有钱人可以随便买城区大房子;2023-09-26 18:56:05;0;0.0059108787944736;0;1
成都商报;;0;3;8;1;成都住建：关于进一步优化政策措施促进房地产市场平稳健康发展的通知据成都住建，为深入贯彻党中央、国务院决策部署，坚持“房子是用来住的，不是用来炒的”定位，适应房地产市场供求关系发生重大变化的新形势，更好满足居民合理住房需求，促进房地产市场平稳健康发展，成都市房地产市场平稳健康发展领导小组办公室印发《关于进一步优化政策措施促进房地产市场平稳健康发展的通知》。一、加大住房保障力度（一）进一步发挥好现有公共租赁住房、租赁补贴、保障性租赁住房等兜底保障作用。规划建设保障性住房，重点保障住房困难的工薪收入群体以及城市需要的人才群体。二、优化土地供应方式（二）中心城区商品住宅用地实施“竞地价”拍卖，新出让土地所建商品住房由企业根据市场情况自主定价。（三）除控制性详细规划明确的宗地内需叠建以及宗地周边绿地、道路、养老托育等公服配套设施外，原则上新出让住宅类用地不再设置配建要求。（四）调整新出让土地商业物业持有比例，在产业功能区（园区）内的，计容商业建筑面积持有比例不低于；在锦江区、青羊区、金牛区、武侯区、成华区产业功能区（园区）外的，计容商业建筑面积持有比例不低于；其他区（市）县的产业功能区（园区）外的，计容商业建筑面积持有比例，由属地政府按照相关规定制定并实施。宗地项目计容商业建筑面积持有比例部分，由区（市）县政府（管委会）自主确定自持或整体有条件转让。三、调整住房限购措施（五）四川天府新区直管区、成都高新区南部园区、锦江区、青羊区、金牛区、武侯区、成华区继续实施住房限购，统一为一个限购区域。其他区域不再审核购房资格。（六）在限购区域范围内，购买平方米以上（不含平方米）住房，不再审核购房资格，更好满足居民改善型住房需求。（七）在限购区域范围内，购买平方米以下（含平方米）住房，须同时符合以下条件：居民家庭成员具有限购区域户籍，或户籍不在限购区域但在限购区域连续缴纳社保个月以上；新购房后，本地户籍两人及以上居民家庭在限购区域拥有自有产权住房总套数不超过套，本地户籍单身居民家庭、非本地户籍居民家庭在限购区域拥有自有产权住房总套数不超过套。在此基础上，二孩居民家庭总套数可增加套，三孩及以上居民家庭总套数可增加套。四、调整住房限价措施（八）成品住宅装修价格由企业根据市场情况自主确定（土地出让合同等有约定的除外），严格落实样板间、销售现场、装修清单等管理要求，鼓励优质优价。（九）不再执行二手住房成交参考价格发布机制。五、落实信贷支持政策（十）落实差别化住房信贷政策。人民银行四川省分行指导四川省市场利率定价自律机制研究并决议通过，调整成都市差别化住房信贷政策。（十一）优化家庭住房套数认定标准。生育多子女家庭商业贷款购买第三套住房认定为二套住房。六、调整住房税收政策（十二）个人转让住房增值税征免年限统一调整为年。七、强化市场秩序监管（十三）加强预售资金监管。加大全过程监督监管力度，督促开发企业、商业银行、购房人将预售资金全部直接存入监管账户，确保监管额度内资金专款专用于工程建设，保障建设质量，严厉打击违法违规行为，鼓励购房人参与监督，确保商品房竣工交付。（十四）持续规范房地产市场秩序。强化部门联动，健全联合执法和惩戒机制，加大市场乱象整治力度，严厉查处捂盘惜售、囤积房源、恶意炒作、哄抬房价、发布虚假信息等扰乱市场秩序的行为，保障购房人合法权益。本通知自年月日起正式实施，凡以前规定与本通知不一致的，按本通知执行。;;48;雨夜梧桐er;其他;不知道外地户籍的限购政策有无调整。;2023-09-26 16:58:50;0;0.0059108787944736;0;1
成都商报;;0;3;8;1;成都住建：关于进一步优化政策措施促进房地产市场平稳健康发展的通知据成都住建，为深入贯彻党中央、国务院决策部署，坚持“房子是用来住的，不是用来炒的”定位，适应房地产市场供求关系发生重大变化的新形势，更好满足居民合理住房需求，促进房地产市场平稳健康发展，成都市房地产市场平稳健康发展领导小组办公室印发《关于进一步优化政策措施促进房地产市场平稳健康发展的通知》。一、加大住房保障力度（一）进一步发挥好现有公共租赁住房、租赁补贴、保障性租赁住房等兜底保障作用。规划建设保障性住房，重点保障住房困难的工薪收入群体以及城市需要的人才群体。二、优化土地供应方式（二）中心城区商品住宅用地实施“竞地价”拍卖，新出让土地所建商品住房由企业根据市场情况自主定价。（三）除控制性详细规划明确的宗地内需叠建以及宗地周边绿地、道路、养老托育等公服配套设施外，原则上新出让住宅类用地不再设置配建要求。（四）调整新出让土地商业物业持有比例，在产业功能区（园区）内的，计容商业建筑面积持有比例不低于；在锦江区、青羊区、金牛区、武侯区、成华区产业功能区（园区）外的，计容商业建筑面积持有比例不低于；其他区（市）县的产业功能区（园区）外的，计容商业建筑面积持有比例，由属地政府按照相关规定制定并实施。宗地项目计容商业建筑面积持有比例部分，由区（市）县政府（管委会）自主确定自持或整体有条件转让。三、调整住房限购措施（五）四川天府新区直管区、成都高新区南部园区、锦江区、青羊区、金牛区、武侯区、成华区继续实施住房限购，统一为一个限购区域。其他区域不再审核购房资格。（六）在限购区域范围内，购买平方米以上（不含平方米）住房，不再审核购房资格，更好满足居民改善型住房需求。（七）在限购区域范围内，购买平方米以下（含平方米）住房，须同时符合以下条件：居民家庭成员具有限购区域户籍，或户籍不在限购区域但在限购区域连续缴纳社保个月以上；新购房后，本地户籍两人及以上居民家庭在限购区域拥有自有产权住房总套数不超过套，本地户籍单身居民家庭、非本地户籍居民家庭在限购区域拥有自有产权住房总套数不超过套。在此基础上，二孩居民家庭总套数可增加套，三孩及以上居民家庭总套数可增加套。四、调整住房限价措施（八）成品住宅装修价格由企业根据市场情况自主确定（土地出让合同等有约定的除外），严格落实样板间、销售现场、装修清单等管理要求，鼓励优质优价。（九）不再执行二手住房成交参考价格发布机制。五、落实信贷支持政策（十）落实差别化住房信贷政策。人民银行四川省分行指导四川省市场利率定价自律机制研究并决议通过，调整成都市差别化住房信贷政策。（十一）优化家庭住房套数认定标准。生育多子女家庭商业贷款购买第三套住房认定为二套住房。六、调整住房税收政策（十二）个人转让住房增值税征免年限统一调整为年。七、强化市场秩序监管（十三）加强预售资金监管。加大全过程监督监管力度，督促开发企业、商业银行、购房人将预售资金全部直接存入监管账户，确保监管额度内资金专款专用于工程建设，保障建设质量，严厉打击违法违规行为，鼓励购房人参与监督，确保商品房竣工交付。（十四）持续规范房地产市场秩序。强化部门联动，健全联合执法和惩戒机制，加大市场乱象整治力度，严厉查处捂盘惜售、囤积房源、恶意炒作、哄抬房价、发布虚假信息等扰乱市场秩序的行为，保障购房人合法权益。本通知自年月日起正式实施，凡以前规定与本通知不一致的，按本通知执行。;;289;指尖含雪;四川;努力奋斗生活吧，房子莫想了;2023-09-26 16:49:57;0;0.0059108787944736;0;1
成都商报;;0;3;8;1;成都住建：关于进一步优化政策措施促进房地产市场平稳健康发展的通知据成都住建，为深入贯彻党中央、国务院决策部署，坚持“房子是用来住的，不是用来炒的”定位，适应房地产市场供求关系发生重大变化的新形势，更好满足居民合理住房需求，促进房地产市场平稳健康发展，成都市房地产市场平稳健康发展领导小组办公室印发《关于进一步优化政策措施促进房地产市场平稳健康发展的通知》。一、加大住房保障力度（一）进一步发挥好现有公共租赁住房、租赁补贴、保障性租赁住房等兜底保障作用。规划建设保障性住房，重点保障住房困难的工薪收入群体以及城市需要的人才群体。二、优化土地供应方式（二）中心城区商品住宅用地实施“竞地价”拍卖，新出让土地所建商品住房由企业根据市场情况自主定价。（三）除控制性详细规划明确的宗地内需叠建以及宗地周边绿地、道路、养老托育等公服配套设施外，原则上新出让住宅类用地不再设置配建要求。（四）调整新出让土地商业物业持有比例，在产业功能区（园区）内的，计容商业建筑面积持有比例不低于；在锦江区、青羊区、金牛区、武侯区、成华区产业功能区（园区）外的，计容商业建筑面积持有比例不低于；其他区（市）县的产业功能区（园区）外的，计容商业建筑面积持有比例，由属地政府按照相关规定制定并实施。宗地项目计容商业建筑面积持有比例部分，由区（市）县政府（管委会）自主确定自持或整体有条件转让。三、调整住房限购措施（五）四川天府新区直管区、成都高新区南部园区、锦江区、青羊区、金牛区、武侯区、成华区继续实施住房限购，统一为一个限购区域。其他区域不再审核购房资格。（六）在限购区域范围内，购买平方米以上（不含平方米）住房，不再审核购房资格，更好满足居民改善型住房需求。（七）在限购区域范围内，购买平方米以下（含平方米）住房，须同时符合以下条件：居民家庭成员具有限购区域户籍，或户籍不在限购区域但在限购区域连续缴纳社保个月以上；新购房后，本地户籍两人及以上居民家庭在限购区域拥有自有产权住房总套数不超过套，本地户籍单身居民家庭、非本地户籍居民家庭在限购区域拥有自有产权住房总套数不超过套。在此基础上，二孩居民家庭总套数可增加套，三孩及以上居民家庭总套数可增加套。四、调整住房限价措施（八）成品住宅装修价格由企业根据市场情况自主确定（土地出让合同等有约定的除外），严格落实样板间、销售现场、装修清单等管理要求，鼓励优质优价。（九）不再执行二手住房成交参考价格发布机制。五、落实信贷支持政策（十）落实差别化住房信贷政策。人民银行四川省分行指导四川省市场利率定价自律机制研究并决议通过，调整成都市差别化住房信贷政策。（十一）优化家庭住房套数认定标准。生育多子女家庭商业贷款购买第三套住房认定为二套住房。六、调整住房税收政策（十二）个人转让住房增值税征免年限统一调整为年。七、强化市场秩序监管（十三）加强预售资金监管。加大全过程监督监管力度，督促开发企业、商业银行、购房人将预售资金全部直接存入监管账户，确保监管额度内资金专款专用于工程建设，保障建设质量，严厉打击违法违规行为，鼓励购房人参与监督，确保商品房竣工交付。（十四）持续规范房地产市场秩序。强化部门联动，健全联合执法和惩戒机制，加大市场乱象整治力度，严厉查处捂盘惜售、囤积房源、恶意炒作、哄抬房价、发布虚假信息等扰乱市场秩序的行为，保障购房人合法权益。本通知自年月日起正式实施，凡以前规定与本通知不一致的，按本通知执行。;;198;滴答嘀嗒嘀;四川;朋友们不限购了，钱钱准备好没[思考];2023-09-26 16:45:47;0;0.0059108787944736;0;1
成都商报;;0;3;8;1;成都住建：关于进一步优化政策措施促进房地产市场平稳健康发展的通知据成都住建，为深入贯彻党中央、国务院决策部署，坚持“房子是用来住的，不是用来炒的”定位，适应房地产市场供求关系发生重大变化的新形势，更好满足居民合理住房需求，促进房地产市场平稳健康发展，成都市房地产市场平稳健康发展领导小组办公室印发《关于进一步优化政策措施促进房地产市场平稳健康发展的通知》。一、加大住房保障力度（一）进一步发挥好现有公共租赁住房、租赁补贴、保障性租赁住房等兜底保障作用。规划建设保障性住房，重点保障住房困难的工薪收入群体以及城市需要的人才群体。二、优化土地供应方式（二）中心城区商品住宅用地实施“竞地价”拍卖，新出让土地所建商品住房由企业根据市场情况自主定价。（三）除控制性详细规划明确的宗地内需叠建以及宗地周边绿地、道路、养老托育等公服配套设施外，原则上新出让住宅类用地不再设置配建要求。（四）调整新出让土地商业物业持有比例，在产业功能区（园区）内的，计容商业建筑面积持有比例不低于；在锦江区、青羊区、金牛区、武侯区、成华区产业功能区（园区）外的，计容商业建筑面积持有比例不低于；其他区（市）县的产业功能区（园区）外的，计容商业建筑面积持有比例，由属地政府按照相关规定制定并实施。宗地项目计容商业建筑面积持有比例部分，由区（市）县政府（管委会）自主确定自持或整体有条件转让。三、调整住房限购措施（五）四川天府新区直管区、成都高新区南部园区、锦江区、青羊区、金牛区、武侯区、成华区继续实施住房限购，统一为一个限购区域。其他区域不再审核购房资格。（六）在限购区域范围内，购买平方米以上（不含平方米）住房，不再审核购房资格，更好满足居民改善型住房需求。（七）在限购区域范围内，购买平方米以下（含平方米）住房，须同时符合以下条件：居民家庭成员具有限购区域户籍，或户籍不在限购区域但在限购区域连续缴纳社保个月以上；新购房后，本地户籍两人及以上居民家庭在限购区域拥有自有产权住房总套数不超过套，本地户籍单身居民家庭、非本地户籍居民家庭在限购区域拥有自有产权住房总套数不超过套。在此基础上，二孩居民家庭总套数可增加套，三孩及以上居民家庭总套数可增加套。四、调整住房限价措施（八）成品住宅装修价格由企业根据市场情况自主确定（土地出让合同等有约定的除外），严格落实样板间、销售现场、装修清单等管理要求，鼓励优质优价。（九）不再执行二手住房成交参考价格发布机制。五、落实信贷支持政策（十）落实差别化住房信贷政策。人民银行四川省分行指导四川省市场利率定价自律机制研究并决议通过，调整成都市差别化住房信贷政策。（十一）优化家庭住房套数认定标准。生育多子女家庭商业贷款购买第三套住房认定为二套住房。六、调整住房税收政策（十二）个人转让住房增值税征免年限统一调整为年。七、强化市场秩序监管（十三）加强预售资金监管。加大全过程监督监管力度，督促开发企业、商业银行、购房人将预售资金全部直接存入监管账户，确保监管额度内资金专款专用于工程建设，保障建设质量，严厉打击违法违规行为，鼓励购房人参与监督，确保商品房竣工交付。（十四）持续规范房地产市场秩序。强化部门联动，健全联合执法和惩戒机制，加大市场乱象整治力度，严厉查处捂盘惜售、囤积房源、恶意炒作、哄抬房价、发布虚假信息等扰乱市场秩序的行为，保障购房人合法权益。本通知自年月日起正式实施，凡以前规定与本通知不一致的，按本通知执行。;;198;指尖含雪;四川;自己生活都搞不够，准备🧵;2023-09-26 16:49:04;0;0.0059108787944736;1;1
成都商报;;0;3;8;1;成都住建：关于进一步优化政策措施促进房地产市场平稳健康发展的通知据成都住建，为深入贯彻党中央、国务院决策部署，坚持“房子是用来住的，不是用来炒的”定位，适应房地产市场供求关系发生重大变化的新形势，更好满足居民合理住房需求，促进房地产市场平稳健康发展，成都市房地产市场平稳健康发展领导小组办公室印发《关于进一步优化政策措施促进房地产市场平稳健康发展的通知》。一、加大住房保障力度（一）进一步发挥好现有公共租赁住房、租赁补贴、保障性租赁住房等兜底保障作用。规划建设保障性住房，重点保障住房困难的工薪收入群体以及城市需要的人才群体。二、优化土地供应方式（二）中心城区商品住宅用地实施“竞地价”拍卖，新出让土地所建商品住房由企业根据市场情况自主定价。（三）除控制性详细规划明确的宗地内需叠建以及宗地周边绿地、道路、养老托育等公服配套设施外，原则上新出让住宅类用地不再设置配建要求。（四）调整新出让土地商业物业持有比例，在产业功能区（园区）内的，计容商业建筑面积持有比例不低于；在锦江区、青羊区、金牛区、武侯区、成华区产业功能区（园区）外的，计容商业建筑面积持有比例不低于；其他区（市）县的产业功能区（园区）外的，计容商业建筑面积持有比例，由属地政府按照相关规定制定并实施。宗地项目计容商业建筑面积持有比例部分，由区（市）县政府（管委会）自主确定自持或整体有条件转让。三、调整住房限购措施（五）四川天府新区直管区、成都高新区南部园区、锦江区、青羊区、金牛区、武侯区、成华区继续实施住房限购，统一为一个限购区域。其他区域不再审核购房资格。（六）在限购区域范围内，购买平方米以上（不含平方米）住房，不再审核购房资格，更好满足居民改善型住房需求。（七）在限购区域范围内，购买平方米以下（含平方米）住房，须同时符合以下条件：居民家庭成员具有限购区域户籍，或户籍不在限购区域但在限购区域连续缴纳社保个月以上；新购房后，本地户籍两人及以上居民家庭在限购区域拥有自有产权住房总套数不超过套，本地户籍单身居民家庭、非本地户籍居民家庭在限购区域拥有自有产权住房总套数不超过套。在此基础上，二孩居民家庭总套数可增加套，三孩及以上居民家庭总套数可增加套。四、调整住房限价措施（八）成品住宅装修价格由企业根据市场情况自主确定（土地出让合同等有约定的除外），严格落实样板间、销售现场、装修清单等管理要求，鼓励优质优价。（九）不再执行二手住房成交参考价格发布机制。五、落实信贷支持政策（十）落实差别化住房信贷政策。人民银行四川省分行指导四川省市场利率定价自律机制研究并决议通过，调整成都市差别化住房信贷政策。（十一）优化家庭住房套数认定标准。生育多子女家庭商业贷款购买第三套住房认定为二套住房。六、调整住房税收政策（十二）个人转让住房增值税征免年限统一调整为年。七、强化市场秩序监管（十三）加强预售资金监管。加大全过程监督监管力度，督促开发企业、商业银行、购房人将预售资金全部直接存入监管账户，确保监管额度内资金专款专用于工程建设，保障建设质量，严厉打击违法违规行为，鼓励购房人参与监督，确保商品房竣工交付。（十四）持续规范房地产市场秩序。强化部门联动，健全联合执法和惩戒机制，加大市场乱象整治力度，严厉查处捂盘惜售、囤积房源、恶意炒作、哄抬房价、发布虚假信息等扰乱市场秩序的行为，保障购房人合法权益。本通知自年月日起正式实施，凡以前规定与本通知不一致的，按本通知执行。;;20;隐藏的房管;海外;省流省流：意义不大;2023-09-26 16:26:41;0;0.0059108787944736;0;1
成都商报;;0;3;8;1;成都住建：关于进一步优化政策措施促进房地产市场平稳健康发展的通知据成都住建，为深入贯彻党中央、国务院决策部署，坚持“房子是用来住的，不是用来炒的”定位，适应房地产市场供求关系发生重大变化的新形势，更好满足居民合理住房需求，促进房地产市场平稳健康发展，成都市房地产市场平稳健康发展领导小组办公室印发《关于进一步优化政策措施促进房地产市场平稳健康发展的通知》。一、加大住房保障力度（一）进一步发挥好现有公共租赁住房、租赁补贴、保障性租赁住房等兜底保障作用。规划建设保障性住房，重点保障住房困难的工薪收入群体以及城市需要的人才群体。二、优化土地供应方式（二）中心城区商品住宅用地实施“竞地价”拍卖，新出让土地所建商品住房由企业根据市场情况自主定价。（三）除控制性详细规划明确的宗地内需叠建以及宗地周边绿地、道路、养老托育等公服配套设施外，原则上新出让住宅类用地不再设置配建要求。（四）调整新出让土地商业物业持有比例，在产业功能区（园区）内的，计容商业建筑面积持有比例不低于；在锦江区、青羊区、金牛区、武侯区、成华区产业功能区（园区）外的，计容商业建筑面积持有比例不低于；其他区（市）县的产业功能区（园区）外的，计容商业建筑面积持有比例，由属地政府按照相关规定制定并实施。宗地项目计容商业建筑面积持有比例部分，由区（市）县政府（管委会）自主确定自持或整体有条件转让。三、调整住房限购措施（五）四川天府新区直管区、成都高新区南部园区、锦江区、青羊区、金牛区、武侯区、成华区继续实施住房限购，统一为一个限购区域。其他区域不再审核购房资格。（六）在限购区域范围内，购买平方米以上（不含平方米）住房，不再审核购房资格，更好满足居民改善型住房需求。（七）在限购区域范围内，购买平方米以下（含平方米）住房，须同时符合以下条件：居民家庭成员具有限购区域户籍，或户籍不在限购区域但在限购区域连续缴纳社保个月以上；新购房后，本地户籍两人及以上居民家庭在限购区域拥有自有产权住房总套数不超过套，本地户籍单身居民家庭、非本地户籍居民家庭在限购区域拥有自有产权住房总套数不超过套。在此基础上，二孩居民家庭总套数可增加套，三孩及以上居民家庭总套数可增加套。四、调整住房限价措施（八）成品住宅装修价格由企业根据市场情况自主确定（土地出让合同等有约定的除外），严格落实样板间、销售现场、装修清单等管理要求，鼓励优质优价。（九）不再执行二手住房成交参考价格发布机制。五、落实信贷支持政策（十）落实差别化住房信贷政策。人民银行四川省分行指导四川省市场利率定价自律机制研究并决议通过，调整成都市差别化住房信贷政策。（十一）优化家庭住房套数认定标准。生育多子女家庭商业贷款购买第三套住房认定为二套住房。六、调整住房税收政策（十二）个人转让住房增值税征免年限统一调整为年。七、强化市场秩序监管（十三）加强预售资金监管。加大全过程监督监管力度，督促开发企业、商业银行、购房人将预售资金全部直接存入监管账户，确保监管额度内资金专款专用于工程建设，保障建设质量，严厉打击违法违规行为，鼓励购房人参与监督，确保商品房竣工交付。（十四）持续规范房地产市场秩序。强化部门联动，健全联合执法和惩戒机制，加大市场乱象整治力度，严厉查处捂盘惜售、囤积房源、恶意炒作、哄抬房价、发布虚假信息等扰乱市场秩序的行为，保障购房人合法权益。本通知自年月日起正式实施，凡以前规定与本通知不一致的，按本通知执行。;;858;Anybody_Everywhere;海外;只买现房。城区买大house不限购[awsl];2023-09-26 16:24:28;0;0.0059108787944736;0;1
成都商报;;0;3;8;1;成都住建：关于进一步优化政策措施促进房地产市场平稳健康发展的通知据成都住建，为深入贯彻党中央、国务院决策部署，坚持“房子是用来住的，不是用来炒的”定位，适应房地产市场供求关系发生重大变化的新形势，更好满足居民合理住房需求，促进房地产市场平稳健康发展，成都市房地产市场平稳健康发展领导小组办公室印发《关于进一步优化政策措施促进房地产市场平稳健康发展的通知》。一、加大住房保障力度（一）进一步发挥好现有公共租赁住房、租赁补贴、保障性租赁住房等兜底保障作用。规划建设保障性住房，重点保障住房困难的工薪收入群体以及城市需要的人才群体。二、优化土地供应方式（二）中心城区商品住宅用地实施“竞地价”拍卖，新出让土地所建商品住房由企业根据市场情况自主定价。（三）除控制性详细规划明确的宗地内需叠建以及宗地周边绿地、道路、养老托育等公服配套设施外，原则上新出让住宅类用地不再设置配建要求。（四）调整新出让土地商业物业持有比例，在产业功能区（园区）内的，计容商业建筑面积持有比例不低于；在锦江区、青羊区、金牛区、武侯区、成华区产业功能区（园区）外的，计容商业建筑面积持有比例不低于；其他区（市）县的产业功能区（园区）外的，计容商业建筑面积持有比例，由属地政府按照相关规定制定并实施。宗地项目计容商业建筑面积持有比例部分，由区（市）县政府（管委会）自主确定自持或整体有条件转让。三、调整住房限购措施（五）四川天府新区直管区、成都高新区南部园区、锦江区、青羊区、金牛区、武侯区、成华区继续实施住房限购，统一为一个限购区域。其他区域不再审核购房资格。（六）在限购区域范围内，购买平方米以上（不含平方米）住房，不再审核购房资格，更好满足居民改善型住房需求。（七）在限购区域范围内，购买平方米以下（含平方米）住房，须同时符合以下条件：居民家庭成员具有限购区域户籍，或户籍不在限购区域但在限购区域连续缴纳社保个月以上；新购房后，本地户籍两人及以上居民家庭在限购区域拥有自有产权住房总套数不超过套，本地户籍单身居民家庭、非本地户籍居民家庭在限购区域拥有自有产权住房总套数不超过套。在此基础上，二孩居民家庭总套数可增加套，三孩及以上居民家庭总套数可增加套。四、调整住房限价措施（八）成品住宅装修价格由企业根据市场情况自主确定（土地出让合同等有约定的除外），严格落实样板间、销售现场、装修清单等管理要求，鼓励优质优价。（九）不再执行二手住房成交参考价格发布机制。五、落实信贷支持政策（十）落实差别化住房信贷政策。人民银行四川省分行指导四川省市场利率定价自律机制研究并决议通过，调整成都市差别化住房信贷政策。（十一）优化家庭住房套数认定标准。生育多子女家庭商业贷款购买第三套住房认定为二套住房。六、调整住房税收政策（十二）个人转让住房增值税征免年限统一调整为年。七、强化市场秩序监管（十三）加强预售资金监管。加大全过程监督监管力度，督促开发企业、商业银行、购房人将预售资金全部直接存入监管账户，确保监管额度内资金专款专用于工程建设，保障建设质量，严厉打击违法违规行为，鼓励购房人参与监督，确保商品房竣工交付。（十四）持续规范房地产市场秩序。强化部门联动，健全联合执法和惩戒机制，加大市场乱象整治力度，严厉查处捂盘惜售、囤积房源、恶意炒作、哄抬房价、发布虚假信息等扰乱市场秩序的行为，保障购房人合法权益。本通知自年月日起正式实施，凡以前规定与本通知不一致的，按本通知执行。;;858;费萝拉;其他;家庭限购3，单身限购2，二胎+1，三胎+2;2023-09-26 16:29:07;0;0.0059108787944736;1;1
中国房地产报信息;;0;1;2;2;优化房地产营商环境意义重大良好的营商环境是经济高质量发展的重要保障。近期，在各地出台促进房地产市场平稳健康发展的政策措施中，无锡把优化房地产营商环境摆在了更加突出的位置。月日，江苏省无锡市房地产调控领导小组办公室发布《关于促进我市房地产市场平稳健康发展若干政策措施的通知》，内容主要有六个方面：优化土地出让政策、用足用好房地产调控工具箱、进一步满足各群体的住房需求、加快城市更新建设和推动存量改造、进一步优化营商环境和调整改进相关管理办法。;#优化房地产营商环境意义重大#;246;珍珠奶盖whisky;上海;解决债务最重要;2023-09-23 14:39:43;1;0.0185561965944501;0;1
中国房地产报信息;;0;1;2;2;优化房地产营商环境意义重大良好的营商环境是经济高质量发展的重要保障。近期，在各地出台促进房地产市场平稳健康发展的政策措施中，无锡把优化房地产营商环境摆在了更加突出的位置。月日，江苏省无锡市房地产调控领导小组办公室发布《关于促进我市房地产市场平稳健康发展若干政策措施的通知》，内容主要有六个方面：优化土地出让政策、用足用好房地产调控工具箱、进一步满足各群体的住房需求、加快城市更新建设和推动存量改造、进一步优化营商环境和调整改进相关管理办法。;#优化房地产营商环境意义重大#;186;酱油想去桃花源;江苏;差评;2023-09-23 09:05:16;0;0.0185561965944501;0;1
新浪热点;;0;4;6;9;武汉取消住房限购今天（月日），武汉市住房保障和房屋管理局发布进一步促进武汉市房地产市场平稳健康发展的通知，全文如下：关于进一步促进我市房地产市场平稳健康发展的通知武房发号各区人民政府，各有关单位：为贯彻落实党中央、国务院决策部署，适时调整优化房地产政策，因城施策，用好政策工具箱，更好满足居民刚性和改善性住房需求，促进全市房地产市场持续平稳健康发展。结合我市当前实际，经市人民政府同意，现就有关事项通知如下：一、取消住房限购。年月日起，取消我市二环线以内住房限购政策满足居民刚性和改善性购房需求。二、优化家庭住房贷款套数认定标准。对生育多子女家庭在购房贷款时，购买的第二套住房认定为首套住房，购买的第三套住房认定为第二套住房。对已有两套住房的家庭，在挂牌出售或出租一套的前提下新购一套住房的，购房贷款时认定为第二套住房。三、支持居民换购住房。年月日起至月日前，对出售原有住房并在半年内购买新建商品住房和购买新建商品住房后至房屋交付前出售原有住房的纳税人，由购买新建商品住房所在区财政部门对其出售原有住房已缴纳的增值税按计税价格的给予补助。四、给予购房优惠支持。年月日前，对购买首套新建商品住房的，可享受万元家电家具数字消费券或购房消费券。持续开展线上线下房交会，对房交会期间购买首套住房的，按契税应缴额度给予补助优惠，购买第二套住房的，按契税应缴额度的给予补助优惠。五、阶段性调整住房公积金贷款额度。年月日前，住房公积金缴存职工在我市购买普通自住住房的，贷款额度可按职工家庭当前可贷款额度上浮，同时不超出我市公积金贷款的最高贷款额度（即家庭首套房贷款最高可贷额度万元，家庭二套房贷款最高可贷额度万元）。贷款额度上浮政策与其他住房公积金贷款上浮政策不叠加使用。六、盘活企业资产。对土地出让合同中约定由房地产开发企业自持的商办类房屋，在不改变房屋规划用途和不影响原土地出让合同履行的情况下，经辖区政府批准同意，允许以新建商品房形式整体转让。整体转让后，原土地出让合同约定的相关权利和义务由新的受让方承担。七、加强精准供地，鼓励居住户型设计创新。结合各区新房库存情况，实施土地精准投放，加快中心城区地段好、配套齐全的住宅净地供应，加快项目审批、开工建设、上市销售。支持企业转型发展，优化住宅阳台进深、面积比例控制要求等技术规范，推进新型住宅设计创新。八、加快盘活存量用地。对已出让尚未建设且没有法律纠纷的存量国有建设用地，由辖区政府组织开展土地收回和规划优化可行性研究，报市政府同意并按程序完善相关工作后，可重新实施土地供应。存量用地收回应符合相关规定，且规划优化后，可以满足公共服务设施和基础配套设施承载力、不影响重点功能区核心功能实施。九、积极助企纾困。因疫情影响，对年月日前未按土地出让合同或储备土地开发补偿协议约定缴付土地价款的项目按照省、市相关助企纾困文件要求执行，可延期缴纳。十、建立房地产开发企业“白名单”管理。在我市注册且经营状况良好，近三年未发生债务违约行为、集团及所属企业在我市未发生过重大质量安全事故、未因自身经营原因引起群体性信访、无被法院列为“失信”“限高”记录的房地产开发企业，可以纳入“白名单”管理。在风险可控前提下，对纳入“白名单”的房地产开发企业可申请提前办理预售许可。本《通知》自发布之日起执行，由市住房保障和房屋管理局负责解释。各区可结合实际制定促进本辖区房地产市场平稳健康发展的支持政策，相关措施可与本《通知》叠加使用。武汉市住房保障和房屋管理局武汉市自然资源和规划局武汉市城乡建设局武汉市财政局武汉市商务局武汉住房公积金管理中心年月日（长江云新闻）;#武汉取消住房限购#;622;巴拉巴拉我勒个去;江西;率先扯下遮羞布，不要了，不要了;2023-09-19 18:21:54;0;0.0100928900189353;0;0
新浪热点;;0;4;6;9;武汉取消住房限购今天（月日），武汉市住房保障和房屋管理局发布进一步促进武汉市房地产市场平稳健康发展的通知，全文如下：关于进一步促进我市房地产市场平稳健康发展的通知武房发号各区人民政府，各有关单位：为贯彻落实党中央、国务院决策部署，适时调整优化房地产政策，因城施策，用好政策工具箱，更好满足居民刚性和改善性住房需求，促进全市房地产市场持续平稳健康发展。结合我市当前实际，经市人民政府同意，现就有关事项通知如下：一、取消住房限购。年月日起，取消我市二环线以内住房限购政策满足居民刚性和改善性购房需求。二、优化家庭住房贷款套数认定标准。对生育多子女家庭在购房贷款时，购买的第二套住房认定为首套住房，购买的第三套住房认定为第二套住房。对已有两套住房的家庭，在挂牌出售或出租一套的前提下新购一套住房的，购房贷款时认定为第二套住房。三、支持居民换购住房。年月日起至月日前，对出售原有住房并在半年内购买新建商品住房和购买新建商品住房后至房屋交付前出售原有住房的纳税人，由购买新建商品住房所在区财政部门对其出售原有住房已缴纳的增值税按计税价格的给予补助。四、给予购房优惠支持。年月日前，对购买首套新建商品住房的，可享受万元家电家具数字消费券或购房消费券。持续开展线上线下房交会，对房交会期间购买首套住房的，按契税应缴额度给予补助优惠，购买第二套住房的，按契税应缴额度的给予补助优惠。五、阶段性调整住房公积金贷款额度。年月日前，住房公积金缴存职工在我市购买普通自住住房的，贷款额度可按职工家庭当前可贷款额度上浮，同时不超出我市公积金贷款的最高贷款额度（即家庭首套房贷款最高可贷额度万元，家庭二套房贷款最高可贷额度万元）。贷款额度上浮政策与其他住房公积金贷款上浮政策不叠加使用。六、盘活企业资产。对土地出让合同中约定由房地产开发企业自持的商办类房屋，在不改变房屋规划用途和不影响原土地出让合同履行的情况下，经辖区政府批准同意，允许以新建商品房形式整体转让。整体转让后，原土地出让合同约定的相关权利和义务由新的受让方承担。七、加强精准供地，鼓励居住户型设计创新。结合各区新房库存情况，实施土地精准投放，加快中心城区地段好、配套齐全的住宅净地供应，加快项目审批、开工建设、上市销售。支持企业转型发展，优化住宅阳台进深、面积比例控制要求等技术规范，推进新型住宅设计创新。八、加快盘活存量用地。对已出让尚未建设且没有法律纠纷的存量国有建设用地，由辖区政府组织开展土地收回和规划优化可行性研究，报市政府同意并按程序完善相关工作后，可重新实施土地供应。存量用地收回应符合相关规定，且规划优化后，可以满足公共服务设施和基础配套设施承载力、不影响重点功能区核心功能实施。九、积极助企纾困。因疫情影响，对年月日前未按土地出让合同或储备土地开发补偿协议约定缴付土地价款的项目按照省、市相关助企纾困文件要求执行，可延期缴纳。十、建立房地产开发企业“白名单”管理。在我市注册且经营状况良好，近三年未发生债务违约行为、集团及所属企业在我市未发生过重大质量安全事故、未因自身经营原因引起群体性信访、无被法院列为“失信”“限高”记录的房地产开发企业，可以纳入“白名单”管理。在风险可控前提下，对纳入“白名单”的房地产开发企业可申请提前办理预售许可。本《通知》自发布之日起执行，由市住房保障和房屋管理局负责解释。各区可结合实际制定促进本辖区房地产市场平稳健康发展的支持政策，相关措施可与本《通知》叠加使用。武汉市住房保障和房屋管理局武汉市自然资源和规划局武汉市城乡建设局武汉市财政局武汉市商务局武汉住房公积金管理中心年月日（长江云新闻）;#武汉取消住房限购#;30;一个潇洒的大叔;广东;之前去武汉玩，发现武汉建了一大堆房子，大部分是空的没人住;2023-09-19 17:54:10;0;0.0100928900189353;0;0
新浪热点;;0;4;6;9;武汉取消住房限购今天（月日），武汉市住房保障和房屋管理局发布进一步促进武汉市房地产市场平稳健康发展的通知，全文如下：关于进一步促进我市房地产市场平稳健康发展的通知武房发号各区人民政府，各有关单位：为贯彻落实党中央、国务院决策部署，适时调整优化房地产政策，因城施策，用好政策工具箱，更好满足居民刚性和改善性住房需求，促进全市房地产市场持续平稳健康发展。结合我市当前实际，经市人民政府同意，现就有关事项通知如下：一、取消住房限购。年月日起，取消我市二环线以内住房限购政策满足居民刚性和改善性购房需求。二、优化家庭住房贷款套数认定标准。对生育多子女家庭在购房贷款时，购买的第二套住房认定为首套住房，购买的第三套住房认定为第二套住房。对已有两套住房的家庭，在挂牌出售或出租一套的前提下新购一套住房的，购房贷款时认定为第二套住房。三、支持居民换购住房。年月日起至月日前，对出售原有住房并在半年内购买新建商品住房和购买新建商品住房后至房屋交付前出售原有住房的纳税人，由购买新建商品住房所在区财政部门对其出售原有住房已缴纳的增值税按计税价格的给予补助。四、给予购房优惠支持。年月日前，对购买首套新建商品住房的，可享受万元家电家具数字消费券或购房消费券。持续开展线上线下房交会，对房交会期间购买首套住房的，按契税应缴额度给予补助优惠，购买第二套住房的，按契税应缴额度的给予补助优惠。五、阶段性调整住房公积金贷款额度。年月日前，住房公积金缴存职工在我市购买普通自住住房的，贷款额度可按职工家庭当前可贷款额度上浮，同时不超出我市公积金贷款的最高贷款额度（即家庭首套房贷款最高可贷额度万元，家庭二套房贷款最高可贷额度万元）。贷款额度上浮政策与其他住房公积金贷款上浮政策不叠加使用。六、盘活企业资产。对土地出让合同中约定由房地产开发企业自持的商办类房屋，在不改变房屋规划用途和不影响原土地出让合同履行的情况下，经辖区政府批准同意，允许以新建商品房形式整体转让。整体转让后，原土地出让合同约定的相关权利和义务由新的受让方承担。七、加强精准供地，鼓励居住户型设计创新。结合各区新房库存情况，实施土地精准投放，加快中心城区地段好、配套齐全的住宅净地供应，加快项目审批、开工建设、上市销售。支持企业转型发展，优化住宅阳台进深、面积比例控制要求等技术规范，推进新型住宅设计创新。八、加快盘活存量用地。对已出让尚未建设且没有法律纠纷的存量国有建设用地，由辖区政府组织开展土地收回和规划优化可行性研究，报市政府同意并按程序完善相关工作后，可重新实施土地供应。存量用地收回应符合相关规定，且规划优化后，可以满足公共服务设施和基础配套设施承载力、不影响重点功能区核心功能实施。九、积极助企纾困。因疫情影响，对年月日前未按土地出让合同或储备土地开发补偿协议约定缴付土地价款的项目按照省、市相关助企纾困文件要求执行，可延期缴纳。十、建立房地产开发企业“白名单”管理。在我市注册且经营状况良好，近三年未发生债务违约行为、集团及所属企业在我市未发生过重大质量安全事故、未因自身经营原因引起群体性信访、无被法院列为“失信”“限高”记录的房地产开发企业，可以纳入“白名单”管理。在风险可控前提下，对纳入“白名单”的房地产开发企业可申请提前办理预售许可。本《通知》自发布之日起执行，由市住房保障和房屋管理局负责解释。各区可结合实际制定促进本辖区房地产市场平稳健康发展的支持政策，相关措施可与本《通知》叠加使用。武汉市住房保障和房屋管理局武汉市自然资源和规划局武汉市城乡建设局武汉市财政局武汉市商务局武汉住房公积金管理中心年月日（长江云新闻）;#武汉取消住房限购#;47;贺兰山上雪;陕西;穷的卖血取不取消没啥作用[允悲];2023-09-19 17:53:20;0;0.0100928900189353;0;0
新浪热点;;0;4;6;9;武汉取消住房限购今天（月日），武汉市住房保障和房屋管理局发布进一步促进武汉市房地产市场平稳健康发展的通知，全文如下：关于进一步促进我市房地产市场平稳健康发展的通知武房发号各区人民政府，各有关单位：为贯彻落实党中央、国务院决策部署，适时调整优化房地产政策，因城施策，用好政策工具箱，更好满足居民刚性和改善性住房需求，促进全市房地产市场持续平稳健康发展。结合我市当前实际，经市人民政府同意，现就有关事项通知如下：一、取消住房限购。年月日起，取消我市二环线以内住房限购政策满足居民刚性和改善性购房需求。二、优化家庭住房贷款套数认定标准。对生育多子女家庭在购房贷款时，购买的第二套住房认定为首套住房，购买的第三套住房认定为第二套住房。对已有两套住房的家庭，在挂牌出售或出租一套的前提下新购一套住房的，购房贷款时认定为第二套住房。三、支持居民换购住房。年月日起至月日前，对出售原有住房并在半年内购买新建商品住房和购买新建商品住房后至房屋交付前出售原有住房的纳税人，由购买新建商品住房所在区财政部门对其出售原有住房已缴纳的增值税按计税价格的给予补助。四、给予购房优惠支持。年月日前，对购买首套新建商品住房的，可享受万元家电家具数字消费券或购房消费券。持续开展线上线下房交会，对房交会期间购买首套住房的，按契税应缴额度给予补助优惠，购买第二套住房的，按契税应缴额度的给予补助优惠。五、阶段性调整住房公积金贷款额度。年月日前，住房公积金缴存职工在我市购买普通自住住房的，贷款额度可按职工家庭当前可贷款额度上浮，同时不超出我市公积金贷款的最高贷款额度（即家庭首套房贷款最高可贷额度万元，家庭二套房贷款最高可贷额度万元）。贷款额度上浮政策与其他住房公积金贷款上浮政策不叠加使用。六、盘活企业资产。对土地出让合同中约定由房地产开发企业自持的商办类房屋，在不改变房屋规划用途和不影响原土地出让合同履行的情况下，经辖区政府批准同意，允许以新建商品房形式整体转让。整体转让后，原土地出让合同约定的相关权利和义务由新的受让方承担。七、加强精准供地，鼓励居住户型设计创新。结合各区新房库存情况，实施土地精准投放，加快中心城区地段好、配套齐全的住宅净地供应，加快项目审批、开工建设、上市销售。支持企业转型发展，优化住宅阳台进深、面积比例控制要求等技术规范，推进新型住宅设计创新。八、加快盘活存量用地。对已出让尚未建设且没有法律纠纷的存量国有建设用地，由辖区政府组织开展土地收回和规划优化可行性研究，报市政府同意并按程序完善相关工作后，可重新实施土地供应。存量用地收回应符合相关规定，且规划优化后，可以满足公共服务设施和基础配套设施承载力、不影响重点功能区核心功能实施。九、积极助企纾困。因疫情影响，对年月日前未按土地出让合同或储备土地开发补偿协议约定缴付土地价款的项目按照省、市相关助企纾困文件要求执行，可延期缴纳。十、建立房地产开发企业“白名单”管理。在我市注册且经营状况良好，近三年未发生债务违约行为、集团及所属企业在我市未发生过重大质量安全事故、未因自身经营原因引起群体性信访、无被法院列为“失信”“限高”记录的房地产开发企业，可以纳入“白名单”管理。在风险可控前提下，对纳入“白名单”的房地产开发企业可申请提前办理预售许可。本《通知》自发布之日起执行，由市住房保障和房屋管理局负责解释。各区可结合实际制定促进本辖区房地产市场平稳健康发展的支持政策，相关措施可与本《通知》叠加使用。武汉市住房保障和房屋管理局武汉市自然资源和规划局武汉市城乡建设局武汉市财政局武汉市商务局武汉住房公积金管理中心年月日（长江云新闻）;#武汉取消住房限购#;97;小齐苏西Suzy;湖北;@好饭不怕晚好汉不怕懒;2023-09-19 17:50:11;1;0.0100928900189353;0;0
新浪热点;;0;4;6;9;武汉取消住房限购今天（月日），武汉市住房保障和房屋管理局发布进一步促进武汉市房地产市场平稳健康发展的通知，全文如下：关于进一步促进我市房地产市场平稳健康发展的通知武房发号各区人民政府，各有关单位：为贯彻落实党中央、国务院决策部署，适时调整优化房地产政策，因城施策，用好政策工具箱，更好满足居民刚性和改善性住房需求，促进全市房地产市场持续平稳健康发展。结合我市当前实际，经市人民政府同意，现就有关事项通知如下：一、取消住房限购。年月日起，取消我市二环线以内住房限购政策满足居民刚性和改善性购房需求。二、优化家庭住房贷款套数认定标准。对生育多子女家庭在购房贷款时，购买的第二套住房认定为首套住房，购买的第三套住房认定为第二套住房。对已有两套住房的家庭，在挂牌出售或出租一套的前提下新购一套住房的，购房贷款时认定为第二套住房。三、支持居民换购住房。年月日起至月日前，对出售原有住房并在半年内购买新建商品住房和购买新建商品住房后至房屋交付前出售原有住房的纳税人，由购买新建商品住房所在区财政部门对其出售原有住房已缴纳的增值税按计税价格的给予补助。四、给予购房优惠支持。年月日前，对购买首套新建商品住房的，可享受万元家电家具数字消费券或购房消费券。持续开展线上线下房交会，对房交会期间购买首套住房的，按契税应缴额度给予补助优惠，购买第二套住房的，按契税应缴额度的给予补助优惠。五、阶段性调整住房公积金贷款额度。年月日前，住房公积金缴存职工在我市购买普通自住住房的，贷款额度可按职工家庭当前可贷款额度上浮，同时不超出我市公积金贷款的最高贷款额度（即家庭首套房贷款最高可贷额度万元，家庭二套房贷款最高可贷额度万元）。贷款额度上浮政策与其他住房公积金贷款上浮政策不叠加使用。六、盘活企业资产。对土地出让合同中约定由房地产开发企业自持的商办类房屋，在不改变房屋规划用途和不影响原土地出让合同履行的情况下，经辖区政府批准同意，允许以新建商品房形式整体转让。整体转让后，原土地出让合同约定的相关权利和义务由新的受让方承担。七、加强精准供地，鼓励居住户型设计创新。结合各区新房库存情况，实施土地精准投放，加快中心城区地段好、配套齐全的住宅净地供应，加快项目审批、开工建设、上市销售。支持企业转型发展，优化住宅阳台进深、面积比例控制要求等技术规范，推进新型住宅设计创新。八、加快盘活存量用地。对已出让尚未建设且没有法律纠纷的存量国有建设用地，由辖区政府组织开展土地收回和规划优化可行性研究，报市政府同意并按程序完善相关工作后，可重新实施土地供应。存量用地收回应符合相关规定，且规划优化后，可以满足公共服务设施和基础配套设施承载力、不影响重点功能区核心功能实施。九、积极助企纾困。因疫情影响，对年月日前未按土地出让合同或储备土地开发补偿协议约定缴付土地价款的项目按照省、市相关助企纾困文件要求执行，可延期缴纳。十、建立房地产开发企业“白名单”管理。在我市注册且经营状况良好，近三年未发生债务违约行为、集团及所属企业在我市未发生过重大质量安全事故、未因自身经营原因引起群体性信访、无被法院列为“失信”“限高”记录的房地产开发企业，可以纳入“白名单”管理。在风险可控前提下，对纳入“白名单”的房地产开发企业可申请提前办理预售许可。本《通知》自发布之日起执行，由市住房保障和房屋管理局负责解释。各区可结合实际制定促进本辖区房地产市场平稳健康发展的支持政策，相关措施可与本《通知》叠加使用。武汉市住房保障和房屋管理局武汉市自然资源和规划局武汉市城乡建设局武汉市财政局武汉市商务局武汉住房公积金管理中心年月日（长江云新闻）;#武汉取消住房限购#;860;游走世间_dAnIeL;北京;武汉！！;2023-09-19 17:46:02;0;0.0100928900189353;0;0
无锡eTV全媒体;;0;2;2;4;重磅无锡房地产“条”出炉刚刚，无锡市房地产调控领导小组办公室发布《关于促进我市房地产市场平稳健康发展若干政策措施的通知》。本次政策措施和以往有较大不同，政策措施对我市房地产各个方面进行了优化和调整，既有调控政策，也有土地出让、规划、开发建设、价格备案、住房体系、建筑品质等方面系列小切口政策，还涉及到了近期中央和省出台的相关政策（如城中村改造、保障房体系）。划重点政策措施主要分为六个方面：优化土地出让政策、用足用好房地产调控工具箱、进一步满足各群体的住房需求、加快城市更新建设和推动存量改造、进一步优化营商环境、调整改进相关管理办法。政策措施主要条款的解读一是优化土地出让政策。土地出让金可用保函方式代替；预申请的企业竞得地块后，可分期办理工程规划许可证；对有特殊要求的地块可以带方案挂牌或带监管协议挂牌出让。二是用足用好房地产调控工具箱。全面取消限购区域和历年来购房限制性措施，但仍保留限售政策；落实“认房不认贷”政策；降低购买首套房首付比例，首套住房商业性个人住房贷款最低首付款不低于，二套住房商业性个人住房贷款最低首付款比例不低于；指导商业银行有序下调存量房贷利率。三是进一步满足各群体的住房需求。加强各类保障房筹集和建设工作统筹，优先保障和解决新市民、青年人、新就业人群、常住人口等刚需人群的住房需求。加快推进人才房多渠道、多方式供应；支持产业园区、院校、企事业等单位集中团购商品住房解决职工住房问题。原则上不再新建拆迁安置房，建立房票购房“房源信息库”，推进房票跨区域的全城通兑使用。探索建立商品房共有产权模式，有效满足各类人才、新就业群体的住房需求。四是加快城市更新建设和推动存量改造。推动城中村改造，城中村改造项目内土地可实施综合评价出让或带设计方案出让，鼓励和支持民间资本参与。加快解决城中村公共配套设施不足等问题，切实提升百姓居住品质。引导商办资源与产业落地相结合，助力新兴产业集聚和楼宇经济发展，鼓励支持存量商办的改造利用。五是进一步优化营商环境。实行商品住房“优质优价”备案管理，给予企业更高的定价自由度。积极为企业减负，取消交付样板房需要按不同户型设置多套的规定，按备案价格标准设置一套即可；在区域平衡下，对去化周期较长、区位比较偏的开发项目，可以适当调整商品住房的成品房比例，允许毛坯销售。进一步完善二手房“带抵押”过户，推进同行和跨行“带抵押”过户，加快二手房流通。逐步推进优化土地抵押分期分幢解押方式，确保已预售的在建商品房无土地抵押，加快商品房办证时效，进一步推进交付即办证，解决好原有的办证晚、办证难问题。激励企业参与城中村连片改造、高品质住区、海绵城市、加装电梯等项目试点，对发展业绩较好、试点项目较多的企业，给予表彰奖励。进一步优化营商环境，对新出让地块周边配套设施，明确了应同步规划同步实施。六是调整改进相关管理办法。对预售监管银行实施招投标制度；进一步完善农民工工资与预售监管资金联动监管；建立开发贷与预售监管资金联动监管机制和应急情况下预售监管资金的使用与管理机制，加强监管力度。优化高品质住宅项目的标准和认定方法。进一步提升商品住房建设品质，建立竣工验收公示制，推进建筑工程质量保险，推广前期物业管理介入竣工验收开展预承接查验，试点在项目内设立房屋质量售后服务中心，督促企业做好售后质量维护。通知还明确了，相关政策措施能够直接落实的，自公布之日起实施；需要相关部门出台配套政策实施的，以相关部门的另行通知为准。通知原文如下：关于促进我市房地产市场平稳健康发展若干政策措施的通知各区人民政府、经开区管委会，各相关部门：为深入贯彻落实中央和省有关工作要求，全面落实好市委市政府《关于促进全市经济持续回升向好努力走在前做示范多作贡献的若干政策措施》（锡委发号），持续推动我市房地产市场平稳健康发展，现就有关工作要求通知如下：一、优化土地出让政策进一步完善使用银行保函缴纳竞买保证金政策，支持房地产开发企业使用见索即付银行保函作为参与土地竞买的履约保证方式；预申请的企业竞得地块后，可分期办理工程规划许可证。对城市更新重点片区、有特殊要求的重点地块可采取带方案挂牌的方式；对市重大项目可采取带监管协议挂牌的方式。二、用足用好房地产调控工具箱全市域取消限购政策。将经开区太湖街道、华庄街道移出限购区域；取消现有的购房限制性措施，居民家庭（含非本市户籍居民家庭）在市区范围内购买商品住房（含二手住房）的，房地产企业、房地产经纪机构不再对购房资格进行核验；取消企事业单位购买新建商品住房的套数限制。落实“认房不认贷”政策。居民家庭（包括借款人、配偶及未成年子女）申请贷款购买商品住房时，家庭成员在我市名下无成套住房的，不论是否已利用贷款购买过住房，银行业金融机构均按首套住房执行住房信贷政策。降低购买首套房首付比例。按照人民银行、国家金融监管总局关于调整优化差别化住房信贷政策的通知，对于贷款购买商品住房的居民家庭，首套住房商业性个人住房贷款最低首付款不低于，二套住房商业性个人住房贷款最低首付款比例不低于。指导商业银行有序下调存量房贷利率。三、进一步满足各类群体的住房需求进一步加强各类保障房筹集和建设工作统筹，优先保障和解决新市民、青年人、新就业人群、常住人口等刚需人群的住房需求。加快推进人才房多渠道、多方式供应，对各类人才实施分档分类购房补贴；支持产业园区、院校、企事业等单位集中团购商品住房解决职工住房问题。进一步落实房票购房政策，原则上不再新建拆迁安置房。建立房票购房“房源信息库”，推进房票全城通兑，有效满足被征收群众多样化安置需求。采取租售并举、租售一体的方式，探索建立商品房共有产权模式，有效满足各类人才、新就业群体的住房需求。四、加快城市更新建设，推动存量改造推动城中村改造工作。实施区域统筹和成片开发，积极创新改造模式，鼓励和支持民间资本参与；城中村改造项目内土地可实施综合评价出让或带设计方案出让；促进各种新业态发展，实现可持续运营；加快解决公共配套设施不足等问题，切实提升百姓居住品质。促进商办市场良性发展。优化商办用地供应时序和布局，引导商办资源与产业落地相结合，助力新兴产业集聚和楼宇经济发展；鼓励支持存量商办的改造利用。五、进一步优化营商环境实行商品住房“优质优价”备案管理。优化商品住房价格备案流程，给予企业更高的定价自由度；取消交付样板房需要按不同户型设置多套的规定，按备案价格标准设置一套即可；在区域平衡下，对去化周期较长、区位比较偏的开发项目，可以适当调整商品住房的成品房比例，允许毛坯销售。优化行政审批服务时限。对所有房地产企业的各项行政服务承诺办结时限在法定办结时限的基础上压缩以上；支持新建项目在申领商品房预销售证时，可按施工形象进度或投资额进度两种方式进行办理；进一步压缩商品房预销售许可办理时间，满足条件的即时即办。进一步完善二手房“带抵押”过户。推进同行和跨行“带抵押”过户；增加二手房交易资金监管服务银行，由原先的家扩容至家。优化土地抵押分期分幢解押方式。确保已预售的在建商品住房无土地抵押，加快商品住房办证时效，进一步推进交付即办证。支持房地产企业总部（或区域总部）落户无锡；激励企业参与城中村连片改造、高品质住区、海绵城市、加装电梯等项目试点。对发展业绩较好、试点项目较多的企业，由市政府给予表彰奖励。对新出让地块周边配套设施，应同步规划同步实施。加快推进既有在建项目教育配套设施方案落实；对新建项目，教育配套设施具备条件的应在土地出让前公布，最晚应在首次预售之前明确实施方案；周边规划道路命名原则上应在项目领取规划许可证后一个月内完成。六、调整改进相关管理办法优化商品房预售监管资金管理办法。对预售监管银行实施招投标制度；进一步完善农民工工资与预售监管资金联动监管；建立开发贷与预售监管资金联动监管机制和应急情况下预售监管资金的使用与管理机制。优化高品质住宅项目认定标准。进一步优化高品质住宅的容积率、层高、车位配比、建筑风貌、绿色建筑、施工工艺等指标，高品质住宅的认定采用专家对各项指标综合评定方式来确定。实施商品住房建设品质提升行动。建立竣工验收公示制，推进建筑工程质量保险，推广前期物业管理介入竣工验收开展预承接查验，试点在项目内设立房屋质量售后服务中心。各地区各部门要加强统筹协调，因地制宜、灵活施策，进一步细化政策落地的配套措施，加大各类群体住房需求保障，合力提升营商环境，促进房地产市场平稳健康发展。本通知相关政策措施能够直接落实的，自公布之日起实施；需要相关部门出台配套政策实施的，以相关部门的另行通知为准。无锡市房地产调控领导小组办公室年月日（来源：无锡市住房和城乡建设局网站、江南晚报）;;2;no9925716371;其他;[允悲];2023-09-19 17:22:01;1;0.0094341220351818;0;0
无锡eTV全媒体;;0;2;2;4;重磅无锡房地产“条”出炉刚刚，无锡市房地产调控领导小组办公室发布《关于促进我市房地产市场平稳健康发展若干政策措施的通知》。本次政策措施和以往有较大不同，政策措施对我市房地产各个方面进行了优化和调整，既有调控政策，也有土地出让、规划、开发建设、价格备案、住房体系、建筑品质等方面系列小切口政策，还涉及到了近期中央和省出台的相关政策（如城中村改造、保障房体系）。划重点政策措施主要分为六个方面：优化土地出让政策、用足用好房地产调控工具箱、进一步满足各群体的住房需求、加快城市更新建设和推动存量改造、进一步优化营商环境、调整改进相关管理办法。政策措施主要条款的解读一是优化土地出让政策。土地出让金可用保函方式代替；预申请的企业竞得地块后，可分期办理工程规划许可证；对有特殊要求的地块可以带方案挂牌或带监管协议挂牌出让。二是用足用好房地产调控工具箱。全面取消限购区域和历年来购房限制性措施，但仍保留限售政策；落实“认房不认贷”政策；降低购买首套房首付比例，首套住房商业性个人住房贷款最低首付款不低于，二套住房商业性个人住房贷款最低首付款比例不低于；指导商业银行有序下调存量房贷利率。三是进一步满足各群体的住房需求。加强各类保障房筹集和建设工作统筹，优先保障和解决新市民、青年人、新就业人群、常住人口等刚需人群的住房需求。加快推进人才房多渠道、多方式供应；支持产业园区、院校、企事业等单位集中团购商品住房解决职工住房问题。原则上不再新建拆迁安置房，建立房票购房“房源信息库”，推进房票跨区域的全城通兑使用。探索建立商品房共有产权模式，有效满足各类人才、新就业群体的住房需求。四是加快城市更新建设和推动存量改造。推动城中村改造，城中村改造项目内土地可实施综合评价出让或带设计方案出让，鼓励和支持民间资本参与。加快解决城中村公共配套设施不足等问题，切实提升百姓居住品质。引导商办资源与产业落地相结合，助力新兴产业集聚和楼宇经济发展，鼓励支持存量商办的改造利用。五是进一步优化营商环境。实行商品住房“优质优价”备案管理，给予企业更高的定价自由度。积极为企业减负，取消交付样板房需要按不同户型设置多套的规定，按备案价格标准设置一套即可；在区域平衡下，对去化周期较长、区位比较偏的开发项目，可以适当调整商品住房的成品房比例，允许毛坯销售。进一步完善二手房“带抵押”过户，推进同行和跨行“带抵押”过户，加快二手房流通。逐步推进优化土地抵押分期分幢解押方式，确保已预售的在建商品房无土地抵押，加快商品房办证时效，进一步推进交付即办证，解决好原有的办证晚、办证难问题。激励企业参与城中村连片改造、高品质住区、海绵城市、加装电梯等项目试点，对发展业绩较好、试点项目较多的企业，给予表彰奖励。进一步优化营商环境，对新出让地块周边配套设施，明确了应同步规划同步实施。六是调整改进相关管理办法。对预售监管银行实施招投标制度；进一步完善农民工工资与预售监管资金联动监管；建立开发贷与预售监管资金联动监管机制和应急情况下预售监管资金的使用与管理机制，加强监管力度。优化高品质住宅项目的标准和认定方法。进一步提升商品住房建设品质，建立竣工验收公示制，推进建筑工程质量保险，推广前期物业管理介入竣工验收开展预承接查验，试点在项目内设立房屋质量售后服务中心，督促企业做好售后质量维护。通知还明确了，相关政策措施能够直接落实的，自公布之日起实施；需要相关部门出台配套政策实施的，以相关部门的另行通知为准。通知原文如下：关于促进我市房地产市场平稳健康发展若干政策措施的通知各区人民政府、经开区管委会，各相关部门：为深入贯彻落实中央和省有关工作要求，全面落实好市委市政府《关于促进全市经济持续回升向好努力走在前做示范多作贡献的若干政策措施》（锡委发号），持续推动我市房地产市场平稳健康发展，现就有关工作要求通知如下：一、优化土地出让政策进一步完善使用银行保函缴纳竞买保证金政策，支持房地产开发企业使用见索即付银行保函作为参与土地竞买的履约保证方式；预申请的企业竞得地块后，可分期办理工程规划许可证。对城市更新重点片区、有特殊要求的重点地块可采取带方案挂牌的方式；对市重大项目可采取带监管协议挂牌的方式。二、用足用好房地产调控工具箱全市域取消限购政策。将经开区太湖街道、华庄街道移出限购区域；取消现有的购房限制性措施，居民家庭（含非本市户籍居民家庭）在市区范围内购买商品住房（含二手住房）的，房地产企业、房地产经纪机构不再对购房资格进行核验；取消企事业单位购买新建商品住房的套数限制。落实“认房不认贷”政策。居民家庭（包括借款人、配偶及未成年子女）申请贷款购买商品住房时，家庭成员在我市名下无成套住房的，不论是否已利用贷款购买过住房，银行业金融机构均按首套住房执行住房信贷政策。降低购买首套房首付比例。按照人民银行、国家金融监管总局关于调整优化差别化住房信贷政策的通知，对于贷款购买商品住房的居民家庭，首套住房商业性个人住房贷款最低首付款不低于，二套住房商业性个人住房贷款最低首付款比例不低于。指导商业银行有序下调存量房贷利率。三、进一步满足各类群体的住房需求进一步加强各类保障房筹集和建设工作统筹，优先保障和解决新市民、青年人、新就业人群、常住人口等刚需人群的住房需求。加快推进人才房多渠道、多方式供应，对各类人才实施分档分类购房补贴；支持产业园区、院校、企事业等单位集中团购商品住房解决职工住房问题。进一步落实房票购房政策，原则上不再新建拆迁安置房。建立房票购房“房源信息库”，推进房票全城通兑，有效满足被征收群众多样化安置需求。采取租售并举、租售一体的方式，探索建立商品房共有产权模式，有效满足各类人才、新就业群体的住房需求。四、加快城市更新建设，推动存量改造推动城中村改造工作。实施区域统筹和成片开发，积极创新改造模式，鼓励和支持民间资本参与；城中村改造项目内土地可实施综合评价出让或带设计方案出让；促进各种新业态发展，实现可持续运营；加快解决公共配套设施不足等问题，切实提升百姓居住品质。促进商办市场良性发展。优化商办用地供应时序和布局，引导商办资源与产业落地相结合，助力新兴产业集聚和楼宇经济发展；鼓励支持存量商办的改造利用。五、进一步优化营商环境实行商品住房“优质优价”备案管理。优化商品住房价格备案流程，给予企业更高的定价自由度；取消交付样板房需要按不同户型设置多套的规定，按备案价格标准设置一套即可；在区域平衡下，对去化周期较长、区位比较偏的开发项目，可以适当调整商品住房的成品房比例，允许毛坯销售。优化行政审批服务时限。对所有房地产企业的各项行政服务承诺办结时限在法定办结时限的基础上压缩以上；支持新建项目在申领商品房预销售证时，可按施工形象进度或投资额进度两种方式进行办理；进一步压缩商品房预销售许可办理时间，满足条件的即时即办。进一步完善二手房“带抵押”过户。推进同行和跨行“带抵押”过户；增加二手房交易资金监管服务银行，由原先的家扩容至家。优化土地抵押分期分幢解押方式。确保已预售的在建商品住房无土地抵押，加快商品住房办证时效，进一步推进交付即办证。支持房地产企业总部（或区域总部）落户无锡；激励企业参与城中村连片改造、高品质住区、海绵城市、加装电梯等项目试点。对发展业绩较好、试点项目较多的企业，由市政府给予表彰奖励。对新出让地块周边配套设施，应同步规划同步实施。加快推进既有在建项目教育配套设施方案落实；对新建项目，教育配套设施具备条件的应在土地出让前公布，最晚应在首次预售之前明确实施方案；周边规划道路命名原则上应在项目领取规划许可证后一个月内完成。六、调整改进相关管理办法优化商品房预售监管资金管理办法。对预售监管银行实施招投标制度；进一步完善农民工工资与预售监管资金联动监管；建立开发贷与预售监管资金联动监管机制和应急情况下预售监管资金的使用与管理机制。优化高品质住宅项目认定标准。进一步优化高品质住宅的容积率、层高、车位配比、建筑风貌、绿色建筑、施工工艺等指标，高品质住宅的认定采用专家对各项指标综合评定方式来确定。实施商品住房建设品质提升行动。建立竣工验收公示制，推进建筑工程质量保险，推广前期物业管理介入竣工验收开展预承接查验，试点在项目内设立房屋质量售后服务中心。各地区各部门要加强统筹协调，因地制宜、灵活施策，进一步细化政策落地的配套措施，加大各类群体住房需求保障，合力提升营商环境，促进房地产市场平稳健康发展。本通知相关政策措施能够直接落实的，自公布之日起实施；需要相关部门出台配套政策实施的，以相关部门的另行通知为准。无锡市房地产调控领导小组办公室年月日（来源：无锡市住房和城乡建设局网站、江南晚报）;;1;Do咧个狗叼;其他;结论：卖不动;2023-09-20 07:48:50;0;0.0094341220351818;0;0
遇见锡引力;江苏;0;0;2;3;锡锡相关无锡取消限购区域和历年来购房限制性措施仍保留限售政策刚刚，无锡市房地产调控领导小组办公室发布《关于促进我市房地产市场平稳健康发展若干政策措施的通知》。政策措施主要分为六个方面：优化土地出让政策、用足用好房地产调控工具箱、进一步满足各群体的住房需求、加快城市更新建设和推动存量改造、进一步优化营商环境、调整改进相关管理办法。全面取消限购区域和历年来购房限制性措施，但仍保留限售政策；落实“认房不认贷”政策；降低购买首套房首付比例，首套住房商业性个人住房贷款最低首付款不低于，二套住房商业性个人住房贷款最低首付款比例不低于；指导商业银行有序下调存量房贷利率。（无锡市住房和城乡建设局网站、吾爱吾锡）无锡全面取消房地产限购;#锡锡相关##无锡取消限购区域和历年来购房限制性措施##无锡全面取消房地产限购#;1407;文侠2018;江苏;措施出台了，看能不能卖掉了;2023-09-19 19:18:02;0;0.0208634864963615;0;0
遇见锡引力;江苏;0;0;2;3;锡锡相关无锡取消限购区域和历年来购房限制性措施仍保留限售政策刚刚，无锡市房地产调控领导小组办公室发布《关于促进我市房地产市场平稳健康发展若干政策措施的通知》。政策措施主要分为六个方面：优化土地出让政策、用足用好房地产调控工具箱、进一步满足各群体的住房需求、加快城市更新建设和推动存量改造、进一步优化营商环境、调整改进相关管理办法。全面取消限购区域和历年来购房限制性措施，但仍保留限售政策；落实“认房不认贷”政策；降低购买首套房首付比例，首套住房商业性个人住房贷款最低首付款不低于，二套住房商业性个人住房贷款最低首付款比例不低于；指导商业银行有序下调存量房贷利率。（无锡市住房和城乡建设局网站、吾爱吾锡）无锡全面取消房地产限购;#锡锡相关##无锡取消限购区域和历年来购房限制性措施##无锡全面取消房地产限购#;1407;一起去小卖部吃辣条嘛;其他;[笑cry]，竟然让评论;2023-09-19 22:59:18;0;0.0208634864963615;1;0
谭浩俊微财经;北京;0;2;1;2;限购会从此退出历史舞台吗为支持刚性和改善性购房需求，进一步提振市场信心，各地楼市政策落地节奏加快。月以来全国已有超省市优化楼市政策，同时，越来越多的城市跟进解除限购限售政策。限购作为有形之手对市场的干预，在特殊时期、特殊阶段、特殊情况下确实发挥了非常重要的作用。如果没有限购政策，今天的房价，可能更加没谱，房企的负债，也会更多，市场的风险，则更大。在退出限购政策的同时，必须对限购政策的作用予以正确的评估和评价，而不应当否认限购政策对房地产市场的正面作用，更不能认为限购政策对房地产市场有什么负面影响。也许有人会认为，限购政策限制了刚需，也限购了市场的正常交易。显然，这是非常错误的，也是机械教条的。限购政策的作用，就是防止炒房，防止房产投机，而不是限制刚需。真正的刚需，并不在限购政策调控范畴，也没有受到消费限制。尤其在房地产市场十分火爆时，如果没有限购政策的及时出手，有些城市可能就会从“火爆”快速转向“雷暴”，爆发严重的房地产市场风险，甚至出现美国那样的次贷危机。肯定限购的作用，既是理性的，也是客观的，更是公正的。今天的房地产市场，能够处于比较平稳的格局，广大居民也可以不再为房价的过快上涨而担忧，不再为了买房而负债累累，不再对房地产市场心存恐惧心理，与限购政策的出台是密不可分的，是限购政策让炒房行为得到有效遏制。那么，限购政策是否可以全面退出，甚至退出历史舞台呢？笔者认为，限购政策确实已经到了全面退出的时刻了，退出历史舞台的条件，也基本具备。今后，再出台限购政策的可能性已经越来越小，甚至几乎没有什么可能了。首先，“房住不炒”定位，让限购政策失去了应有的作用，也让限购政策没有存在的价值。所谓“房住不炒”，就是明确房子的属性是居住，而不是炒作或投机。只要坚持“房子是用来住的、不是用来炒的”定位，就不能容忍对房子的炒作行为，就要打击，就得遏制。自然，要不要限购政策也就不重要了。限购的目的也是为了遏制炒房，“房住不炒”定位是非常明确的遏制炒房要求。如果继续存在炒房现象，就是与“房住不炒”定位对着干，就得打击和整治。房子必须回归居住属性，也只能回归居住属性。房子只要回归到居住属性，限购政策也就无用武之地了。其二，全面退出限购政策，并不是限购政策出现了问题，而是市场出现了变化，是市场不再属于政策主导型，而是市场主导型。所谓的市场主导，就是由广大居民根据其购房意愿决定市场走向，购房热情高，市场交易多，房价也可能出现同步上涨。反之，则市场交易量下降，房价也随之下跌。而目前的居民购房意愿，已经不足以支撑房价的快速上涨，不足以让市场再次出现供不应求现象。没有供不应求，房价就不可能上涨，而可能下跌。那么，继续实施限购政策，既没有效果，也没有意义，更不符合市场化需要，不适应市场变化。在这样的情况下，全面退出限购政策，也就十分正常，也是一种趋势。第三，限购政策是否已经到了退出历史舞台的时刻，有没有可能再次出台限购政策。我们的观点是，限购政策退出历史舞台的条件已经成熟，时机也已经到来。因为，限购政策作为一种行政手段，只有在无形之手没有能力对市场实施有效调节的情况下才能使用。出台限购政策，就是因为地方过于追求房地产市场火热、过于追求土地出让收入、过于在乎房价上涨，理性的想法当然是让地方冷静、让市场稳定、让房价平静。什么手段最有效，当然是限购。只要市场不再出现炒作现象，房价就会很快平稳。因此，只要不再出现地方用行政手段过于干预市场、推动房价上涨现象，限购政策也不会再出现在房地产市场。这是市场的进步，也是购房者的胜利，购房者用理性让市场平稳，用市场平稳让房价不再快速上涨，让房价不再快速上涨与消费者需求建立平衡关系，最终让限购等行政手段不再出现在房地产市场，并退出历史舞台。尽管如此，房地产市场并没有完全达到完全平稳的状态，今后，仍然会出台一些调控手段和调节措施。但是，像限购等十分强硬的政策手段，应当不会再有。对广大居民来说，已经有足够的力量对付房价的上涨，也有足够的手段对付开发商和炒房者，那就是等待观望或停止购房，那么，无论是购房者还是炒房者，就只能老老实实地按照市场规律办事。;#限购会从此退出历史舞台吗#;769590;皮海洲;湖北;转发微博;2023-09-14 20:39:14;0;0.022504070535413;0;0
中国房地产报信息;;0;1;1;0;月日地产新闻联播上海房地产交易中心调研“认房不认贷”落地效果南京优化土地出让政策取消两项预售限制港股内房股午后飙升亿达中国涨幅更多内容，请观看视频中国房地产报信息的微博视频;中国房地产报信息的微博视频;246;珍珠奶盖whisky;上海;把他们急的。那不是一个方面的事，各种债务得解决啊，市场各方才能循环才有信心。这风险越来越高。;2023-09-07 12:18:18;0;0.0179605495016368;0;1
云财经;广东;0;0;1;1;实时快报：多地优化土地出让条件业内：对房企销售去化形成利好云财经讯，近日，江苏南京、浙江嘉兴等地区相继出台了一系列优化土地市场的政策，旨在加快房地产项目的开发和上市进程，以减轻房企在开发资金方面的压力。其中一些地区强调增加优质地块的出让比例，减少非优质地块的出让数量。业内人士认为，这一举措对于房企销售去化形势非常有利，同时也能够吸引房企积极参与土地竞拍。;#多地优化土地出让条件 业内：对房企销售去化形成利好#;6;kaka200603;北京;🤣 我们都有美好的未来;2023-09-06 07:33:44;0;0.0155295916363405;0;0
同花顺;;0;2;2;2;南京市优化土地出让政策：缩短项目开发上市周期，取消两项预售限制今日看盘股超话月日，南京市规划和自然资源局发布关于进一步优化土地市场服务管理的通知，通知指出，在缩短项目开发上市周期方面，为加快项目上市节奏，南京市取消相关调控政策。取消《关于进一步完善住宅用地出让工作的通知》中的“在竞得土地后个月内，住宅部分不得申领预售许可证”的要求；取消《关于加强我市住宅类用地出让管理有关工作的通知》中的“网上交易达到最高限价须通过摇号确定竞得人的地块，对商品住宅预售条件提高至完成工程建设总投资”的要求。（南京市规划和自然资源局官网）茅台巧克力即将上线;#今日看盘#A股超话#茅台巧克力即将上线#;30;你说回忆最过长情;江苏;政府干点人事吧[允悲];2023-09-05 10:15:08;1;0.0146461951562805;0;0
同花顺;;0;2;2;2;南京市优化土地出让政策：缩短项目开发上市周期，取消两项预售限制今日看盘股超话月日，南京市规划和自然资源局发布关于进一步优化土地市场服务管理的通知，通知指出，在缩短项目开发上市周期方面，为加快项目上市节奏，南京市取消相关调控政策。取消《关于进一步完善住宅用地出让工作的通知》中的“在竞得土地后个月内，住宅部分不得申领预售许可证”的要求；取消《关于加强我市住宅类用地出让管理有关工作的通知》中的“网上交易达到最高限价须通过摇号确定竞得人的地块，对商品住宅预售条件提高至完成工程建设总投资”的要求。（南京市规划和自然资源局官网）茅台巧克力即将上线;#今日看盘#A股超话#茅台巧克力即将上线#;132177;三友化工小股民600409;河北;[赞][good][赞];2023-09-05 10:12:13;0;0.0146461951562805;0;0
