文本,群体情绪,时间
财经要闻央行：延续实施碳减排支持工具等三项结构性货币政策工具；多部门：鼓励支持有条件有意愿的搬迁群众进城落户；上海：促进汽车、家电等大宗消费，延续实施新能源车置换补贴。今日看盘超话股市分析,0.0137313592248007,2023-01-30 09:21:13
扶贫搬迁受益方向发改委等多部门：鼓励支持有条件有意愿的搬迁群众进城落户。据悉，发改委联合财政部等个部门发布《关于推动大型易地扶贫搬迁安置区融入新型城镇化实现高质量发展的指导意见》。其中提出，鼓励支持有条件有意愿的搬迁群众进城落户。对吸纳搬迁人口落户多的地区给予财政支持。看法：这是扶贫搬迁计划，这是好事情，而且是根据有意愿搬迁的才搬迁，对乡村城镇化建设也是有利的。消息上对房地产也有利好影响。股票方面，房地产上周四周五港股房地产板块也有反弹行情活跃上涨，对节后股房地产板块和地产链也有利于反弹行情。如中交地产中国武夷万科新城控股高斯贝尔,0.0,------
鼓励支持有条件有意愿的搬迁群众进城落户财联社月日电，国家发展改革委联合财政部等个部门发布《关于推动大型易地扶贫搬迁安置区融入新型城镇化实现高质量发展的指导意见》。因地制宜制定具体落户办法，积极推广新市民居住证制度，推动城镇基本公共服务财联社新闻的微博视频,0.0092165834133502,2023-01-30 07:24:55
发改委等多部门：鼓励支持有条件有意愿的搬迁群众进城落户充分尊重搬迁人口落户城镇意愿那个，很多人说此举是“掏”老百姓口袋里的钱，其实我感觉吧，有政策支持，总比没政策支持好得多。恕我直言，现在农村人还真有很多想在城市里买房子的，回老家农村问问就知道，在地市小县城买房的可多。所以，政策支持有条件有意愿的搬迁群众进城落户，那也挺好的。怎么说呢？你没有政策，一样有很多人去买，能给老百姓优惠点、便利点，总比没有强。,0.9719343044789136,------
部门：鼓励支持有条件有意愿的搬迁群众进城落户。春节后首地，郑州部分银行首套房贷利率降至，已有多地突破利率下限。点评：有没有可能地产的逻辑已经走完了？剩下的就是一些改善群体。,0.0340299703968607,2023-01-29 23:32:06
发改委等多部门：鼓励支持有条件有意愿的搬迁群众进城落户国家发展改革委联合财政部等个部门发布《关于推动大型易地扶贫搬迁安置区融入新型城镇化实现高质量发展的指导意见》。其中提出，推进有序落户城镇。充分尊重搬迁人口落户城镇意愿，因地制宜制定具体落户办法，提高户籍登记和迁移便利度，鼓励支持有条件有意愿的搬迁群众进城落户。积极稳妥推广新市民居住证制度，推动城镇基本公共服务逐步覆盖未落户搬迁人口。依法保障已落户城镇的搬迁群众在迁出地农村的合法权益。,0.0112864475028672,------
十九部门：鼓励支持有条件有意愿的搬迁群众进城落户国家发展改革委等十九部门发布《关于推动大型易地扶贫搬迁安置区融入新型城镇化实现高质量发展的指导意见》。其中提出，推进有序落户城镇。充分尊重搬迁人口落户城镇意愿，因地制宜制定具体落户办法，提高户籍登记和迁移便利度，鼓励支持有条件有意愿的搬迁群众进城落户。积极稳妥推广新市民居住证制度，推动城镇基本公共服务逐步覆盖未落户搬迁人口。依法保障已落户城镇的搬迁群众在迁出地农村的合法权益。,-0.0044679374735923,2023-01-29 22:39:25
部委发文鼓励支持有条件有意愿的搬迁群众进城落户近日，国家发展改革委联合财政部、中国人民银行等个部门印发意见提出：充分尊重搬迁人口落户城镇意愿，因地制宜制定具体落户办法，提高户籍登记和迁移便利度，鼓励支持有条件有意愿的搬迁群众进城落户。详情见图,0.0035387885390495,2023-01-30 00:00:01
部门联合发布：鼓励支持搬迁群众进城落户，推广新市民居住证制度国家发展改革委月日发布《关于推动大型易地扶贫搬迁安置区融入新型城镇化实现高质量发展的指导意见》推进有序落户城镇。充分尊重搬迁人口落户城镇意愿，因地制宜制定具体落户办法，提高户籍登记和迁移便利度，鼓励支持有条件有意愿的搬迁群众进城落户。积极稳妥推广新市民居住证制度，推动城镇基本公共服务逐步覆盖未落户搬迁人口。派财经官微派财经官微的微博视频,0.0488140727324943,2023-01-29 22:31:00
米虫之超话鼓励支持有条件有意愿的搬迁群众进城落户,0.0102583313058651,2023-01-29 23:46:24
今日看盘超话发改委鼓励支持有条件有意愿的搬迁群众进城落户。个人的真实体验：现在村里人越来越少，年轻人更少的可怜。就拿我的老家来说，村里岁的村户仅有几户，全村多户基本上都是岁以上的老年户。年轻人都进城了，村里的土地基本没有人种，全都荒废了，而市区仅仅北京市就承载了万人，挤的不行，导致房价高涨，就业竞争非常大。村里如果这样持续下去，基本上年后就绝户了，这也是现在的存在的现状。股票财经,0.0118081178005238,2023-01-29 23:26:38
发改委等多部门：鼓励支持有条件有意愿的搬迁群众进城落户,-0.048638383963066,2023-01-30 02:26:31
发改委等部门：发布《关于推动大型易地扶贫搬迁安置区融入新型城镇化实现高质量发展的指导意见》。推进有序落户城镇。充分尊重搬迁人口落户城镇意愿，因地制宜制定具体落户办法，提高户籍登记和迁移便利度，鼓励支持有条件有意愿的搬迁群众进城落户。积极稳妥推广新市民居住证制度，推动城镇基本公共服务逐步覆盖未落户搬迁人口。（现在的政策就是人都要往城市里跑）,0.0333722227092775,2023-01-29 22:54:51
一切为了房地产，城里没有人买了，只好把农村的人赶进去买。部门联合发文：鼓励支持有条件有意愿的搬迁群众进城落户，依法保障已落户城镇的搬迁群众在迁出地农村的合法权益，真是为了房地产耗尽脑汁，殚精竭虑。今天初八，农村又恢复往日的萧瑟，已经看不见几个人了，除了一部分留守的老人。这样一来农村的人口就会越来越少了，当最后留恋故土，喜欢日出而作，日又入而息的老一辈人逝水流年而去，农村就更成为了空城，除了春节有人会回来祭祖，有点人气之外，平时再无鸡鸣狗吠之声了。,0.0252331618599686,2023-01-30 09:57:43
华为浏览器十九部门：鼓励支持有条件有意愿搬迁群众进城落户观察者网,0.0090214485251626,2023-01-30 08:09:19
财经早餐星期日半导体设备厂商客户持续砍单泰国大米价格不到个月已飙升年全国发行新增地方政府债券亿元春节假期全国春运客流量超亿人次乌克兰危机推动美国财年军售额激增鼓励支持有条件有意愿的搬迁群众进城落户支付巨头据悉与投资者展开,0.0205204291443505,2023-01-30 08:00:46
会议指出，要深入落实稳经济一揽子政策和接续措施，推动重大项目建设、设备更新改造形成更多实物工作量，实施好原定延续执行的增值税减免等政策。坚持“两个毫不动摇”，依法保护民营企业权益。支持平台经济持续健康发展。推动企业节后快速复工复产。国常会：推动消费加快恢复多部门：鼓励支持有条件有意愿的搬迁群众进城落户网页链接,0.035483716779553,2023-01-30 00:44:16
月日下午，发改委，财政部等部等部门发布《关于推动大型易地扶贫搬迁安置区融入新型城镇化实现高质量发展的指导意见》，对股形成利好，分享给大家。发改委、财政部等多部门：鼓励支持有条件有意愿的搬迁群众进城落户。异地扶贫搬迁是利国利民的一项好国策，很多人口居住在资源并不丰富的贫困山区和农村，要想富裕起来，要走很长的路，异地搬迁也是一件好事情。搬迁后相关的城镇接纳他们落户，由农村户口变更为城镇户口，并积极就业，走出一条扶贫的新路。在子女教育，医疗卫生等社会服务体系方面享有与城镇人口一样的待遇，体现了我国社会主义的优越性。人口贫困的减少，富裕程度的增加，也将对国民经济产生重大的促进，利好股市场的繁荣和发展。发改委、财政部等部门。分类引导大型安置区融入新型城镇化。异地扶贫搬迁以后，将会形成大型的人口聚集区，不仅要解决他们的吃饭问题，还要在居住环境，社会服务方面进行全面的提升。这就会对县城相关的基础设施进行延伸覆盖，相关的配套设施做到提档升级，公共服务提标扩面都要做到位。上述的措施和行动对基本建设方面形成利好，属于基本建设、海绵城市、地下管网、通讯环保等板块，对钢铁，排水设备，环境安保，水泥等相关产业链个股起到提振和推动。在此消息的带动下，下周股市场相关产业链个股有望迎来触底反弹的行情。,1.0,2023-01-29 23:16:26
值得关注指导意见：鼓励支持有条件有意愿搬迁群众进城落户充分尊重搬迁人口落户城镇意愿近日，国家发展改革委联合财政部、中国人民银行、住房和城乡建设部、国家乡村振兴局等个部门印发《关于推动大型易地扶贫搬迁安置区融入新型城镇化实现高质量发展的指导意见》。意见中提到：加快搬迁人口市民化进程。推进有序落户城镇。充分尊重搬迁人口落户城镇意愿，因地制宜制定具体落户办法，提高户籍登记和迁移便利度，鼓励支持有条件有意愿的搬迁群众进城落户。积极稳妥推广新市民居住证制度，推动城镇基本公共服务逐步覆盖未落户搬迁人口。依法保障已落户城镇的搬迁群众在迁出地农村的合法权益。（国家发展改革委微信公众号）,0.0020331748987287,2023-01-30 09:47:51
十九部门：鼓励支持有条件有意愿的搬迁群众进城落户,0.0129303461314537,2023-01-29 23:18:18
充分尊重搬迁人口落户城镇意愿近日，国家发展改革委等个部门印发《关于推动大型易地扶贫搬迁安置区融入新型城镇化实现高质量发展的指导意见》。意见中提到：加快搬迁人口市民化进程。推进有序落户城镇。充分尊重搬迁人口落户城镇意愿，因地制宜制定具体落户办法，提高户籍登记和迁移便利度，鼓励支持有条件有意愿的搬迁群众进城落户。积极稳妥推广新市民居住证制度，推动城镇基本公共服务逐步覆盖未落户搬迁人口。依法保障已落户城镇的搬迁群众在迁出地农村的合法权益。,0.0010957627493266,2023-01-30 00:05:55
充分尊重搬迁人口落户城镇意愿发改委、财政部等多部门：鼓励支持有条件有意愿的搬迁群众进城落户。只想问问：进城送房子还是要自己买房子？如果自己买，我干嘛当这个冤大头，替你城里人去库存？,0.3032252219181547,2023-01-29 23:53:43
发改委等多部门：鼓励支持有条件有意愿的搬迁群众进城落户国家发展改革委联合财政部等多部门发布《关于推动大型易地扶贫搬迁安置区融入新型城镇化实现高质量发展的指导意见》。其中提出，推进有序落户城镇。充分尊重搬迁人口落户城镇意愿，因地制宜制定具体落户办法，提高户籍登记和迁移便利度，鼓励支持有条件有意愿的搬迁群众进城落户。积极稳妥推广新市民居住证制度，推动城镇基本公共服务逐步覆盖未落户搬迁人口。依法保障已落户城镇的搬迁群众在迁出地农村的合法权益。（发改委）,0.0179677121751495,2023-01-29 22:59:28
今起北京租住保障性租赁房可提取公积金月日，北京住房公积金管理中心发布《关于进一步优化住房公积金提取业务的通知》。据悉，即日起，在本市租住保障性租赁房的家庭可以申请提取住房公积金，且职工每月的住房公积金可直接冲抵房租，减少了租房提取的中间环节。房地产（新浪财经）,0.2455974752785253,2023-01-05 10:28:02
北京租住保障性租赁房可提取公积金为啥不能自由提取？可以规定按自己需求来提取，随便每个季度提取，但是提取后以后贷款额度什么的减少什么的也行。不提取贷款额度增加也行。不是说促进消费？钱都存在里面拿不出来我拿什么消费,-0.0082759591617724,2023-01-05 10:45:59
北京二手房白话数据年月日建委新房住宅网签套，二手房住宅网签套。（网签有滞后）大中介前台挂牌房源量套，持续关注。昨日楼市热点：北京公积金利好新年这类情况可按月提取。（看昨天微博）提供个学位北京中学东坝北校区开始招标。展开,-0.0768128617590655,2023-01-05 10:26:23
北京：租住保障性租赁房可提取公积金类公积金提取可调整周期年月日，北京住房公积金管理中心发布《关于进一步优化住房公积金提取业务的通知》（以下简称《通知》）。日起，在本市租住保障性租赁房的家庭可以申请提取住房公积金，且职工每月的住房公积金可直接冲抵房租，减少了提取的展开,-0.1037313652231964,2023-01-05 10:57:22
北京租住保障性租赁房可提取公积金真的会说到天花乱坠，只听他说的话，我觉得万一平不过分首护者的微博视频,0.4566277144620276,2023-01-05 10:45:39
今天起，在北京租住保租房可提取公积金月日，北京住房公积金管理中心发布《关于进一步优化住房公积金提取业务的通知》。即日起，在本市租住保障性租赁房的家庭可以申请提取住房公积金，且职工每月的住房公积金可直接冲抵房租，减少了租房提取的中间环节。《通知》明确，类住房公积金提取事项将展开,-0.2038006241292675,2023-01-05 10:43:16
白话身边事儿年月日，北京住房公积金管理中心发布《关于进一步优化住房公积金提取业务的通知》（以下简称《通知》）。据悉，即日起，在本市租住保障性租赁房的家庭可以申请提取住房公积金，且职工每月的住房公积金可直接冲抵房租，减少了提取的中间环节。同时，《通知》明确，类住房公积金展开,-0.1272916347618441,2023-01-05 10:35:31
月日起，北京市租住保障性租赁房可提取公积金月日，北京住房公积金管理中心发布《关于进一步优化住房公积金提取业务的通知》。即日起，在北京市租住保障性租赁房的家庭可以申请提取住房公积金，且职工每月的住房公积金可直接冲抵房租，减少了租房提取的中间环节。一、加大对租住保障性租赁展开,-0.1036221275470305,2023-01-05 10:35:26
北京：月日起，租住保障性租赁房可提取公积金月日，北京住房公积金管理中心发布《关于进一步优化住房公积金提取业务的通知》（以下简称《通知》）。据悉，即日起，在本市租住保障性租赁房的家庭可以申请提取住房公积金，且职工每月的住房公积金可直接冲抵房租，减少了租房提取的中间环节。为展开,0.9502236296474356,2023-01-05 10:31:18
各种支持政策出来了，帮助低收入人群。北京：月日起，租住保障性租赁房可提取公积金北京住房公积金管理中心发布《关于进一步优化住房公积金提取业务的通知》。即日起，在本市租住保障性租赁房的家庭可以申请提取住房公积金，且职工每月的住房公积金可直接冲抵房租，减少了租房提取的中间环节展开,0.2239901142563869,2023-01-05 10:26:05
月日起，北京市租住保障性租赁房可提取公积金月日，北京住房公积金管理中心发布《关于进一步优化住房公积金提取业务的通知》。即日起，在北京市租住保障性租赁房的家庭可以申请提取住房公积金，且职工每月的住房公积金可直接冲抵房租，减少了租房提取的中间环节。（北京住房公积金管理中心）,-0.5041603846137579,------
今起北京租住保障性租赁房可提取公积金月日，北京住房公积金管理中心发布《关于进一步优化住房公积金提取业务的通知》。据悉，即日起，在本市租住保障性租赁房的家庭可以申请提取住房公积金，且职工每月的住房公积金可直接冲抵房租，减少了租房提取的中间环节。,-0.074392221393034,2023-02-14 00:06:53
实时快报：北京：月日起，租住保障性租赁房可提取公积金云财经讯，北京住房公积金管理中心发布《关于进一步优化住房公积金提取业务的通知》。据悉，即日起，在本市租住保障性租赁房的家庭可以申请提取住房公积金，且职工每月的住房公积金可直接冲抵房租，减少了租房提取的中间环节。（北京日报展开,0.0011849059133133,2023-02-14 00:06:36
北京租住保障性租赁房可提取公积金北京：月日起，租住保障性租赁房可提取公积金据北京日报：月日，北京住房公积金管理中心发布《关于进一步优化住房公积金提取业务的通知》（以下简称《通知》）。据悉，即日起，在本市租住保障性租赁房的家庭可以申请提取住房公积金，且职工每月的住房公积金展开,-1.0,------
推动重大项目提速提质提效访郑州市市长何雄“三个一批”活动启动以来，郑州市牢固树立“项目为王”理念，建立党政主要领导齐抓共管的高位统筹推进机制，多措并举创环境、育链条、优服务、促达产，较好地实现了以项目建设强投资、扩内需、补短板、调结构、聚人才、惠民生的互促多赢，为稳增展开,0.00515004150489,2023-01-28 10:46:08
千万人口特大城市官宣：租房就能全家落户，中心城区也可以所在省也发布重磅楼市新政每日经济新闻新年上班第一天，从河南省会郑州传来大消息。近日，郑州市公安局在郑州年户籍制度改革的基础上，制定下发了《关于进一步深化户籍制度改革的实施意见》，于年月日起正式实施。此次户籍展开,-0.0806030703231585,------
提信心促经济激活市场、取消限制性政策、优化二套房认定标准河南“”政策举措实施房地产长效机制网页链接月日，河南省政府新闻办召开新闻发布会，重点介绍河南省大力提振市场信心、促进经济稳定向好有关工作，并回答记者提问。全力拼经济发布会上，河南省住房和城乡展开,-0.0118724304435756,2023-01-04 08:13:06
张捷财经说是倒逼开发商，其实是倒逼政府如何？办证时间长短，主要是政府测量办事的时间，交房即交证的政策看似很美，结果是期房的开发周期更长，老百姓拿到房子更晚，风险更大。现在房子盖好后的竣工验收和测量，经常就要三个月，等于是三个月不交等着，要是办证后才能够交，时间就要更长。而且交房后看到面积等各种问题，还可以争议等等，办证后交房，证都下来了，有面积、公摊等争议，就更难以维权了，因为已经把办证的政府绑架在上面了，要维权等于说政府办错了。河南：今年全面推行新建商品房“交房即交证”,-0.2550131607658572,2023-01-04 18:03:02
年哪些新规开始实施从年月日起，河南全省所有城镇规划范围内新取得国有建设用地使用权的预售商品房项目全面实施“交房即交证”，以切实解决群众关切的不动产权证“办证难”，优化营商环境，提升群众的获得感和满意度。尽管还有非常明显的短板，但这就是进步。至少，老百姓有了一定的保障和依靠。至少，楼市的向好面在逐渐展现。河南新建商品房交房即交证郭春江郭春江超话醒客超话醒客,0.0064486727269955,2023-01-04 08:51:30
实时快报：年河南全面推行新建商品房“交房即交证”云财经讯，从年月日起，河南省所有城镇规划范围内新取得国有建设用地使用权的预售商品房项目全面实施“交房即交证”，以切实解决群众关切的不动产权证“办证难”，优化营商环境，提升群众的获得感和满意度。（河南日报）,-0.0139145581565411,2023-01-04 09:21:27
今年河南全面推行新建商品房“交房即交证”河南推行新建商品房交房即交证据河南省政府网，从年月日起，河南省所有城镇规划范围内新取得国有建设用地使用权的预售商品房项目全面实施“交房即交证”，以切实解决群众关切的不动产权证“办证难”，优化营商环境，提升群众的获得感和满意度。,-1.0,2023-01-04 18:03:24
河南新建商品房交房即交证从年月日起，河南全面推行新建商品房“交房即交证”。根据规定，全省所有城镇规划范围内新取得国有建设用地使用权的预售商品房项目，房地产开发企业在向购房者交房的同时，还要交不动产登记证。为做好这项涉及千家万户切身利益的工作，郑州、开封、洛阳、安阳、漯河等省辖市先后开展了试点工作。省自然资源厅汇总全省实施经验，规范工作程序，建立了“交房即交证”不动产登记服务新模式，从源头上消除了过去交房与交证不同步带来的弊端，取得了积极的改革成效。截至年年底，全省已有个项目（小区）实现了“交房即交证”，共发证本。年的愿望清单（河南日报）,-0.2336453350242698,2023-01-05 07:03:23
河南新建商品房交房即交证从年月日起，河南全面推行新建商品房“交房即交证”。根据规定，全省所有城镇规划范围内新取得国有建设用地使用权的预售商品房项目，房地产开发企业在向购房者交房的同时，还要交不动产登记证。为做好这项涉及千家万户切身利益的工作，郑州、开封、洛阳、安阳、漯河等省辖市先后开展了试点工作。省自然资源厅汇总全省实施经验，规范工作程序，建立了“交房即交证”不动产登记服务新模式，从源头上消除了过去交房与交证不同步带来的弊端，取得了积极的改革成效。截至年年底，全省已有个项目（小区）实现了“交房即交证”，共发证本。年的愿望清单（记者李运海）,-0.0459107084712807,2023-01-05 07:04:28
今年河南全面推行新建商品房交房即交证从年月日起，全省所有城镇规划范围内新取得国有建设用地使用权的预售商品房项目全面实施“交房即交证”，以切实解决群众关切的不动产权证“办证难”，优化营商环境，提升群众的获得感和满意度。不动产登记涉及千家万户，面广量大，与广大群众的切身展开,-0.0307972220864592,2023-01-04 09:34:13
湖南身边事株洲市开始实施“认房不认贷”政策近日，株洲市住建局、株洲市资规局、中国人民银行株洲市分行、国家金融监督管理总局株洲监管分局、株洲市住房和公积金管理中心联合印发《关于优化个人住房贷款中住房套数认定标准的通知》（下称《通知》），“认房不认贷”政策正式在株洲落地实施。展开,0.1764607102044013,2023-11-21 19:36:37
扬州日报扬州发布“免申即享”条政策清单本报讯（通讯员政务宣记者程宝军）记者日从市政务办获悉，为进一步促进经济持续回升向好，让更多惠企利民政策和资金实现“免申即享”，我市发布一批“免申即享”政策清单。扬州市市级“免申即享”政策清单一共条，其中涉及市发改委的有年市展开,-0.1103137922997117,------
株洲“认房不认贷”落地实施月日，株洲市住建局、市资规局、中国人民银行株洲市分行、国家金融监督管理总局株洲监管分局、市住房和公积金管理中心联合印发《关于优化个人住房贷款中住房套数认定标准的通知》，“认房不认贷”政策正式在株洲落地实施。根据《通知》，居民家庭（包括借款人、配偶展开,0.1191660689359637,2023-11-17 19:45:54
厦门多子女家庭第二套住房认定为首套据界面新闻报道：厦门市促进房地产市场平稳健康发展领导小组办公室发布《关于进一步优化房地产市场相关政策的通知》。其中明确，在厦门市辖区范围内，多子女家庭（二孩及以上）购买的第二套住房认定为首套，购买的第三套住房认定为二套。多子女家庭根据政府相展开,1.0,------
最新的公积金政策；有关问题解答近期国家、市对住房信贷政策均做出了优化调整。《住房城乡建设部中国人民银行金融监管总局关于优化个人住房贷款中住房套数认定标准的通知》建房号明确优化个人住房贷款中住房套数认定标准有关事项纳入“一城一策”工具箱《广州市人民政府办公厅关于优化我市个人住房贷款中住房套数认定标准的通知》穗府办函号对银行业金融机构首套住房认定标准进行了规定。为坚持房子是用来住的，不是用来炒的定位，更好满足住房公积金缴存人刚性和改善性住房需求，结合我市当前商业住房贷款在住房套数认定标准、最低首付款比例等方面的信贷政策调整情况，制定本《通知》。相关问题解答一家庭名下住房套数如何计算根据《通知》第一点家庭名下住房套数仅计算我市住房外地住房不计算住房贷款记录无论是否已结清不再影响住房套数认定。购买我市第三套及以上住房的，不予发放住房公积金贷款。二在计算家庭名下住房套数时，已卖出的住房是否计算在计算家庭名下住房套数时仅按照《通知》第一点计算家庭当前拥有的住房套数已卖出且已不在家庭名下的住房不计入。三住房贷款记录的认定范围是本市还是全国全国。四购买普通住房和非普通住房的最低首付款比例是否有区别没有区别。购买普通住房和非普通住房适用相同的最低首付款比例。五正在办理过程中的住房公积金贷款，是否可以按《通知》政策执行如住房公积金贷款还未办理过户抵押，则可以向原贷款办理网点提出按《通知》政策办理的诉求，根据贷款办理网点的指引进行资料修改或者撤销贷款后重新申请。广州住房公积金管理中心,-0.0549116776785322,2023-11-16 12:35:25
公积金首付最低成广州官宣：住房公积金实行“认房不认贷”楼市又有大消息月日，广州住房公积金管理中心发布关于优化个人住房公积金贷款有关事项的通知，其中明确，广州住房公积金实行“认房不认贷”，公积金贷款首套房最低首付比例。广州：公积金实行“认房不认贷”月日，广州住房公积金管理中心发布关于优化个人住房公积金贷款有关事项，具体通知如下：一、家庭名下住房套数以我市不动产登记机构提供的《广州市自然人不动产（土地、房屋类）信息查询结果》显示家庭（含所有家庭成员）已拥有住房套数核算。二、对购买我市首套住房的购房人家庭，公积金贷款最低首付款比例为。三、对无住房贷款（含商业性住房贷款和公积金贷款，下同）记录或住房贷款记录已结清，且在我市拥有套住房的购房人家庭，公积金贷款最低首付款比例为。四、对有未结清住房贷款记录且在我市拥有套住房的购房人家庭，公积金贷款最低首付款比例为。五、本通知印发后，如国家、省、市有关住房公积金贷款政策进一步调整的，以最新政策为准。本通知自印发之日起施行，有效期为年。原有政策与本通知不一致的，以本通知为准。其他贷款条件及要求依据我市住房公积金贷款政策执行。多地陆续出台楼市新政月份以来，多地调整优化公积金政策。月日，河南商丘市出台房地产新政，其中提到，继续优化公积金贷款政策，提高多子女家庭购买首套自住住房申请住房公积金贷款最高额度，调整提取公积金后申请贷款条件。适时实施商品住房契税补贴，居民换购住房个人所得税政策，支持存量房“带押过户”等。月日，海南省宣布优化住房公积金个人住房贷款中住房套数认定标准。缴存职工家庭购买自住住房申请公积金贷款时，家庭成员名下在海南省行政区域范围内无成套住房且在全国范围内无公积金贷款使用记录的，所购买的自住住房适用首套住房公积金贷款政策；在海南省行政区域范围内已有套住房或在全国范围内已有次公积金贷款使用记录的，再次购买的自住住房适用二套住房公积金贷款政策。月日，山东省济南市住房公积金中心发布《关于继续执行首套房贷款最高额度的通知》，在济南市行政区域内购买首套普通自住住房申请住房公积金贷款，一人缴存住房公积金的职工家庭最高可贷款额度万元，两人及以上缴存住房公积金的职工家庭最高可贷款额度万元。月日，珠海市发布通知称，加大公积金政策支持，实施“认房不认贷”公积金配套政策，提高住房公积金贷款额度，双缴职工贷款最高限额调整为万元。此外对商品房备案价格管理、住房信贷政策、装配式建筑等方面进行政策优化。,0.0951170828621755,------
扬州日报刚性和改善性住房信贷需求稳步回升，上个月全市新发放个人房贷超亿元本报讯（记者孙小懿）记者日前从中国人民银行扬州市分行获悉，月，全市银行已实施“认房不认贷”政策，持续优化首套房贷的认定标准，最大限度扩大购房政策受惠面。据统计，月份全市新发放个人房贷亿元，较月、月分别增加亿元、亿元，刚性和改善性住房信贷需求稳步回升。据悉，今年以来，住房和城乡建设部、财政部、中国人民银行、国家金融监管总局等部门相继出台多项政策，提振市场信心，稳定市场预期，促进房地产市场平稳健康发展。我市也于今年月、月先后出台《关于积极支持刚需和改善性住房需求的通知》和《关于促进市区房地产市场平稳健康发展的通知》，内容涉及继续鼓励人才和生育二孩以上家庭购房、调整限售限购条件、完善二手房交易政策、阶段性上调住房公积金贷款最高额度等多方面。月份，扬城银行也纷纷执行“认房不认贷”新政，首套房贷的认定标准较之前更加优化。此外，首套房贷的利率也已经跌至的历史新低。诸多利好政策，无疑也进一步提振了市场信心。,-0.1654706884495677,2023-11-15 19:47:20
楼市大消息北京“认房不认商贷”证券时报月日，北京住房公积金管理中心发布通知，优化住房公积金“认房认贷”政策，宣布住房套数认定将不再考虑商业贷款情况。月日起，有商业贷款记录、无公积金贷款记录，且在北京市无房的公积金缴存职工家庭，可执行首套住房公积金贷款政策。对于随展开,-0.0747825300665694,2023-11-15 19:59:38
公积金北京再次松绑楼市调控已有余城执行公积金贷款“认房不认贷”继上海之后，北京也对楼市调控再度进行了松绑。月日，北京住房公积金管理中心发布通知，将优化住房公积金“认房又认贷”政策，自月日起，有商业贷款记录、无公积金贷款记录，且在北京市无房的公积金缴存职工家庭，可执行首套住房公积金贷款政策。不过，对于离婚一年内的借款申请人仍按原政策执行差别化住房信贷政策，即离婚未满一年申请公积金贷款的，仍按二套住房贷款政策执行。“此次公积金新政不再对购房者商业贷款记录进行审查，只核实全国范围内的公积金贷款记录，这一点与上海此前发布的公积金首套认定标准类似。但对于之前使用过一次公积金贷款且已结清的职工来说，北京的政策还是相对保守。”北京链家研究院分析师冷会表示。“北京自月号开始，商业贷款已经执行了认房不认贷，但公积金一直执行原有标准，导致很多购房者在申请组合贷款时难度很大。”某地产分析师告诉记者。冷会指出，此次公积金首套认定标准调整，是对月日北京商业贷款“认房不认贷”政策的有效补充，将惠及在北京市无房但有商业贷款记录的新市民和改善置换家庭。据悉，此次北京公积金新政在提升部分购房者公积金贷款额度的同时，也会降低其贷款成本。“由于公积金贷款的利率较低，因此在实际购房过程中，选择公积金贷款或公积金组合贷款的购房者不在少数。”冷会称。据北京链家研究院统计，年二手住房交易数量中，近成购房者采用公积金或公积金组合贷款方式付款。分析师认为，北京公积金贷款五年期以上首套房贷利率为，二套房贷为。而现在北京商贷的首套房利率为，因此公积金政策宽松，有利于降低部分购房者的购房成本。而据北京链家研究院测算，以贷款万元、年还清（等额本息）为例，北京施行公积金“认房不认商贷”新标准后，从商贷首套房转换为公积金首套每月利息可节省元，总利息可节省万元，从公积金二套转换为首套每月可节省元，总利息可节省万元。事实上，北京楼市在月日实行“认房不认贷”政策后，市场出现了短暂的上涨，但进入月，政策效果持续性不足，整体市场降温明显。从北京市场表现来看，据中指院数据，年月日日，北京新建住宅成交万平方米，环比小幅下降，同比下降；二手房月成交量较月亦有所回落，月日日二手住宅成交套，环比下降，同比下降。“从政策趋势来看，当前北京房地产市场调整压力逐渐显现。”中指研究院市场研究总监陈文静表示，北京未来有望按照因区施策原则，继续优化限购政策，同时或对普宅认定标准、房贷利率等进行调整。若政策能及时跟进调整，北京房地产市场或得到进一步修复。值得关注的是，优化公积金政策是近两年各地支持房地产市场发展、促进需求释放的主要手段之一，其中优化二套房认定标准、降低首付比例等方式，仍是当前各地公积金政策调整的重要方向。就在北京出台上述政策前一日，郑州住房公积金管理中心于月日发布通知，自年月日起，办理住房公积金个人住房贷款及组合贷款时，按“认房不认贷”原则认定家庭住房套数，住房套数按照郑州市行政区域内的现有成套住房认定。据中指院统计，今年以来已有上海优化首套公积金贷款认定标准，成都等二十余城执行公积金贷款“认房不认贷”。此外，广州住房公积金管理中心在月日发布公开征求意见，拟进一步放宽公积金提取范围，其中加装电梯提取范围有所扩大；生育二孩及以上（至少一个子女未成年）家庭，缴存人租房月提取额度可以上浮。”北京本次调整公积金贷款首套认定标准，进一步向市场释放出政策利好。预计接下来更多城市将跟进优化公积金贷款相关政策，广州、深圳跟进的预期也较强。“陈文静称。,0.0951170828621755,2023-11-15 19:58:54
省直住房公积金调整优化信贷，有关政策一起了解民生视角为进一步发挥住房公积金信贷作用，支持缴存职工刚性和改善性住房需求，省直住房公积金调整优化信贷有关政策，有关政策、问答一起来看浙江省直公积金,0.1909117554632198,2023-11-15 20:28:45
房地产粤港澳大湾区资讯粤港澳大湾区每日地产资讯（）人社部：月全国城镇新增就业万人，施政为企业减少亿成本四川省级公积金中心执行“认房不认贷”规定杭州：调整优化住房公积金信贷有关政策，住房限购区首套房首付最低云南德宏州：公积金支持“立提立贷”展开,0.0954472105636926,2023-11-15 19:49:00
楼市早知道房地产超话楼市房地产深圳楼市、住建住建部部长倪虹：解决好新市民、青年人的住房问题让他们放开手脚为美好生活去奋斗、学校深圳海岸学校将动工将提供个学位，后海东角头项目附近、光明深圳将建高端医疗设备研发及制造基地，遴选方案公示，位于光明、浙江类人才可获万购房补贴为稳楼市这个县级市拼了、资讯知情人士：瑞银公司或将接替瑞士信贷担任万达商管整体协调人,0.003598130994912,2023-11-12 14:06:47
部长喊话“解决好新市民、青年人的住房问题”住房深圳买房楼市调控房价部长喊话“解决好新市民、青年人的住房问题，让他们放开手脚为美好生活去奋斗”深圳熊大的微博视频,0.0024634567722928,2023-11-12 14:06:16
住建部：解决好新市民、青年人的住房问题让他们放开手脚为美好生活去奋斗；国家金融监督管理总局：积极配合化解地方债务风险促进金融与房地产良性循环。每天都有房地产利好政策，但房地产股票就是不上涨，因为房子卖不出去，房地产暴雷的风险还没有解除。股票,0.5009331894047435,------
住建部部长倪虹：解决好新市民、青年人的住房问题让他们放开手脚为美好生活去奋斗,0.7661655519437218,2023-11-12 22:36:44
住建部部长倪虹：解决好新市民、青年人的住房问题让他们放开手脚为美好生活去奋斗财联社月日电，“三大工程”建设是党中央作出的重大战略部署，“三大工程”的基本要求是什么？对此，住房城乡建设部党组书记、部长倪虹在接受采访时表示，近日召开的中央金融工作会议提出，加快保障性住房等“三大工程”建设。这是中央作出的重大决策部署，是根据房地产市场新形势推出的重要举措。目前，有关工作已经启动。规划建设保障性住房，是完善住房制度和供应体系、重构市场和保障关系的重大改革。这次改革的重点是拓展了配售型保障性住房的新路子，最终是实现政府保障基本需求、市场满足多层次住房需求，建立租购并举的住房制度。要求是，城市党委、政府担负起主体责任，解决好群众的住房问题，尤其是新市民、青年人的住房问题，让他们放开手脚为美好生活去奋斗。青年人有希望，城市才能有未来。城中村改造，是解决群众急难愁盼问题的重大民生工程，重点是，消除安全风险隐患，改善居住环境，促进产业转型升级，推动城市高质量发展。“平急两用”公共基础设施建设，是统筹发展与安全、提高城市韧性的重大举措，关键是，平时用得着、急时用得上。,-1.0,2023-11-12 11:44:39
倪虹称解决好新市民青年人的住房问题住建部部长倪虹：解决好新市民、青年人的住房问题让他们放开手脚为美好生活去奋斗每经快讯，月日，“三大工程”建设是党中央作出的重大战略部署，“三大工程”的基本要求是什么？对此，住房城乡建设部党组书记、部长倪虹在接受采访时表示，近日召开查看图片展开,0.0124170330968208,------
实时播报：住建部部长：解决好新市民、青年人的住房问题让他们放开手脚为美好生活去奋斗住房城乡建设部党组书记、部长倪虹表示，规划建设保障性住房，是完善住房制度和供应体系、重构市场和保障关系的重大改革。这次改革的重点是拓展了配售型保障性住房的新路子，最终是实现政府保障基本需求、市展开,0.0759967060639261,2023-11-12 10:52:41
南京超话杭州土地取消限价，南京还远吗？杭州第批次宗宅地挂牌，随之而来的是众望所归的土拍新规：土地恢复“价高者得”的竞价方式，不再摇号；上城、拱墅、滨江、西湖、萧山、余杭六区依然限房价，富阳、临安、临平、钱塘四区房价不再设限。,0.0216382075749039,2023-11-10 08:55:45
业内人士：取消地价限制有利于吸引房企拿地财联社月日电，杭州第批次宗宅地月日挂牌出让，土地限价规则取消，恢复“价高者得”的竞价方式。数据显示，个采取“两集中”土地出让方式的城市中，有个城市已经取消土地限价。业内人士表示，取消地价限制，有利于吸引房企拿地，进而逐步恢复投资热情。浙江大学国际联合商学院数字经济与金融创新研究中心联席主任、研究员盘和林对记者表示，目前，房企杠杆过高，绝大多数房企为了降杠杆都选择减少拿地，聚焦房屋存量去库存，而地方政府面临土地出让增加财政收入的压力，因此两者之间存在一定矛盾。取消地价限制，有利于吸引房企拿地，进而逐步恢复投资热情。中证报,-0.0993365130741325,2023-11-10 12:17:57
多个热点城市取消土地限价，业内：有利于吸引房企拿地，逐步恢复投资热情月日，杭州第批次宗宅地挂牌出让，土地限价规则取消，恢复“价高者得”的竞价方式。放开地价的同时，杭州部分区域放开了新房限价政策。数据显示，个采取“两集中”土地出让方式的城市中，有个城市已经取消土地展开,-0.0011908729620356,2023-11-10 10:45:21
多城调整土地限价政策月日，杭州第批次宗宅地挂牌出让，土地限价规则取消，恢复“价高者得”的竞价方式。数据显示，个采取“两集中”土地出让方式的城市中，有个城市已经取消土地限价。业内人士表示，取消地价限制，有利于吸引房企拿地，进而逐步恢复投资热情。浙江大学国际联合商学院数字经济与金融创新研究中心联席主任、研究员盘和林对记者表示，目前，房企杠杆过高，绝大多数房企为了降杠杆都选择减少拿地，聚焦房屋存量去库存，而地方政府面临土地出让增加财政收入的压力，因此两者之间存在一定矛盾。取消地价限制，有利于吸引房企拿地，进而逐步恢复投资热情。（中证报）,0.0209996034130051,------
多个热点城市调整土地限价政策月日，杭州第批次宗宅地挂牌出让，土地限价规则取消，恢复“价高者得”的竞价方式。数据显示，个采取“两集中”土地出让方式的城市中，有个城市已经取消土地限价。业内人士表示，取消地价限制，有利于吸引房企拿地，进而逐步恢复投资热情。浙江大学国际联合商学院数字经济与金融创新研究中心联席主任、研究员盘和林对记者表示，目前，房企杠杆过高，绝大多数房企为了降杠杆都选择减少拿地，聚焦房屋存量去库存，而地方政府面临土地出让增加财政收入的压力，因此两者之间存在一定矛盾。取消地价限制，有利于吸引房企拿地，进而逐步恢复投资热情。,0.0146221888652071,2023-11-10 08:28:18
多个热点城市调整土地限价政策月日，杭州第批次宗宅地挂牌出让，土地限价规则取消，恢复“价高者得”的竞价方式。数据显示，个采取“两集中”土地出让方式的城市中，有个城市已经取消土地限价。业内人士表示，取消地价限制，有利于吸引房企拿地，进而逐步恢复投资热情。浙江大学国际联合商学院数字经济与金融创新研究中心联席主任、研究员盘和林对记者表示，目前，房企杠杆过高，绝大多数房企为了降杠杆都选择减少拿地，聚焦房屋存量去库存，而地方政府面临土地出让增加财政收入的压力，因此两者之间存在一定矛盾。取消地价限制，有利于吸引房企拿地，进而逐步恢复投资热情。（中证报；艾塔）多个热点城市调整土地限价政策,0.0375974727253814,2023-11-10 08:41:45
限价取消杭州六大中心区土地限价取消，新房限价不变。四区双限全部取消。对你买房有啥影响？减配地王房屋质量杭州楼市买房主持人狄可的微博视频,0.0005951321551432,2023-11-10 08:57:47
没想到第一个吃螃蟹的竟然是杭州杭州土地取消限价,-0.0743843368365496,2023-11-10 08:44:21
杭州土地取消限价和房东直接聊,0.0040113197998797,2023-11-10 08:34:29
杭州土地取消限价首先我得买得起,-0.0127337988116787,2023-11-10 08:29:04
杭州区不再限房价杭州取消土地限价杭州第批次宗宅地挂牌，随之而来的是众望所归的土拍新规：土地恢复“价高者得”的竞价方式，不再摇号；上城、拱墅、滨江、西湖、萧山、余杭六区依然限房价，富阳、临安、临平、钱塘四区房价不再设限。今年月底，自然资源部下发有关文件，文件建议各省市自然资源部主管部门，取消土地拍卖中的地价限制、建议取消远郊容积率限制等。截至发稿，个集中供地城市中，有个城市已相继发布新挂牌宅地公告，包括杭州在内的城不再设置地价上限；其中，郑州的部分城区依然限制了地价；仅北京、上海则维持地价、房价“双限”。潮新闻浙江经视的微博视频,-1.0,2023-11-10 08:34:14
杭州土地取消限价月日，杭州第批次宗宅地挂牌，土地恢复“价高者得”的竞价方式，不再摇号，把选择权交给了市场,0.0344955813225749,2023-11-10 08:31:34
杭州土地出让不再摇号恢复价高者得，六主城区新房仍限价月日，杭州宗宅地挂牌。公告明确，该批涉宅地块实行自由竞价，按照价高者得的原则确定竞得人。澎湃新闻注意到，这意味着杭州土地出让恢复“价高者得”竞价方式，不再摇号。同时，宗地块中，位于上城、拱墅、滨江、西湖、萧山、余杭六区的依然限新房房价，位于富阳、临安、临平、钱塘四区房价不再设限，取消“双限”。网页链接,0.0623294543660558,------
杭州土地取消限价月日，杭州第批次宗宅地挂牌，随之而来的是众望所归的土拍新规：土地恢复价高者得的竞价方式，不再摇号；上城、拱墅、滨江、西湖、萧山、余杭六区依然限房价；富阳、临安、临平、钱塘四区房价不再设限。,-0.0156843762356233,2023-11-10 07:50:35
正确：杭州土地取消限价月日，杭州第批次宗宅地挂牌，随之而来的是众望所归的土拍新规：土地恢复价高者得的竞价方式，不再摇号；上城、拱墅、滨江、西湖、萧山、余杭六区依然限房价；富阳、临安、临平、钱塘四区房价不再设限。,-0.0035228831139338,2023-11-10 08:03:33
杭州土地取消限价杭州第批次宗宅地挂牌，随之而来的是众望所归的土拍新规：土地恢复“价高者得”的竞价方式，不再摇号；上城、拱墅、滨江、西湖、萧山、余杭六区依然限房价，富阳、临安、临平、钱塘四区房价不再设限。今年月底，自然资源部下发有关文件，文件建议各省市自然资源部主管部门，取消土地拍卖中的地价限制、建议取消远郊容积率限制等。截至发稿，个集中供地城市中，有个城市已相继发布新挂牌宅地公告，包括杭州在内的城不再设置地价上限；其中，郑州的部分城区依然限制了地价；仅北京、上海则维持地价、房价“双限”。杭州土地取消限价,-0.0253623317801908,2023-11-10 08:02:25
杭州土地取消限价月日，杭州第批次宗宅地挂牌，随之而来的是众望所归的土拍新规：土地恢复价高者得的竞价方式，不再摇号；上城、拱墅、滨江、西湖、萧山、余杭六区依然限房价；富阳、临安、临平、钱塘四区房价不再设限。今年月底，自然资源部下发有关文件，文件建议各省市自然资源部主管部门，取消土地拍卖中的地价限制、建议取消远郊容积率限制等。截至发稿，个集中供地城市中，有个城市已相继发布新挂牌宅地公告，包括杭州在内的城不再设置地价上限；其中，郑州的部分城区依然限制了地价；仅北京、上海则维持地价、房价双限。杭州楼市房地产,0.0476891660856479,2023-11-10 07:53:04
熟悉的感觉都回来了，除了降价，都好谈杭州土地取消限价财联社月日电，杭州第批次宗宅地挂牌，随之而来的是众望所归的土拍新规：土地恢复“价高者得”的竞价方式，不再摇号；上城、拱墅、滨江、西湖、萧山、余杭六区依然限房价，富阳、临安、临平、钱塘四区房价不再设限。今年月底，自然资源部下发有关文件，文件建议各省市自然资源部主管部门，取消土地拍卖中的地价限制、建议取消远郊容积率限制等。截至发稿，个集中供地城市中，有个城市已相继发布新挂牌宅地公告，包括杭州在内的城不再设置地价上限；其中，郑州的部分城区依然限制了地价；仅北京、上海则维持地价、房价“双限”。当铺大老板的微博视频,0.1617427553036995,2023-11-10 07:55:57
刚刚，杭州取消土地限价四区不再限房价月日，杭州第批次宗宅地挂牌，随之而来的是众望所归的土拍新规：、土地恢复“价高者得”的竞价方式，不再摇号；、上城、拱墅、滨江、西湖、萧山、余杭六区依然限房价，富阳、临安、临平、钱塘四区房价不再设限。,0.0286029162053927,------
重磅杭州土地取消限价杭州第批次宗宅地挂牌，随之而来的是众望所归的土拍新规：土地恢复“价高者得”的竞价方式，不再摇号；上城、拱墅、滨江、西湖、萧山、余杭六区依然限房价，富阳、临安、临平、钱塘四区房价不再设限。今年月底，自然资源部下发有关文件，文件建议各省市自然资源部主管部门，取消土地拍卖中的地价限制、建议取消远郊容积率限制等。截至发稿，个集中供地城市中，有个城市已相继发布新挂牌宅地公告，包括杭州在内的城不再设置地价上限；其中，郑州的部分城区依然限制了地价；仅北京、上海则维持地价、房价“双限”。杭州今日看盘,0.3033730694445787,2023-11-10 15:44:55
杭州土地取消限价财联社月日电，杭州第批次宗宅地挂牌，随之而来的是众望所归的土拍新规：土地恢复“价高者得”的竞价方式，不再摇号；上城、拱墅、滨江、西湖、萧山、余杭六区依然限房价，富阳、临安、临平、钱塘四区房价不再设限。今年月底，自然资源部下发有关文件，文件建议各省市自然资源部主管部门，取消土地拍卖中的地价限制、建议取消远郊容积率限制等。截至发稿，个集中供地城市中，有个城市已相继发布新挂牌宅地公告，包括杭州在内的城不再设置地价上限；其中，郑州的部分城区依然限制了地价；仅北京、上海则维持地价、房价“双限”。潮新闻,0.2490822984164459,2023-11-10 07:32:06
杭州土地取消限价你近期有在杭州购房的打算吗？,0.7169669620795969,------
杭州土地取消限价月日，杭州第批次宗宅地挂牌，随之而来的是土拍新规：、土地恢复“价高者得”的竞价方式，不再摇号；、上城、拱墅、滨江、西湖、萧山、余杭六区依然限房价，富阳、临安、临平、钱塘四区房价不再设限。今年月底，自然资源部下发有关文件，文件建议各省市自然资源部主管部门，取消土地拍卖中的地价限制、建议取消远郊容积率限制等。截至发稿，个集中供地城市中，有个城市已相继发布新挂牌宅地公告，包括杭州在内的城不再设置地价上限；其中，郑州的部分城区依然限制了地价；仅北京、上海则维持地价、房价“双限”。,-0.0020912835690826,2023-11-10 07:22:01
杭州土地取消限价月日，杭州第批次宗宅地挂牌，随之而来的是土拍新规：、土地恢复“价高者得”的竞价方式，不再摇号；、上城、拱墅、滨江、西湖、萧山、余杭六区依然限房价，富阳、临安、临平、钱塘四区房价不再设限。今年月底，自然资源部下发有关文件，文件建议各省市自然资源部主管部门，取消土地拍卖中的地价限制、建议取消远郊容积率限制等。截至发稿，个集中供地城市中，有个城市已相继发布新挂牌宅地公告，包括杭州在内的城不再设置地价上限；其中，郑州的部分城区依然限制了地价；仅北京、上海则维持地价、房价“双限”。点击图片查看完整新闻,-0.3060494730552329,------
重磅杭州突发挂地，土地全部取消限价重磅，杭州刚刚多宗宝地挂牌，土地限价政策有变在等待许久之后，最新的土地挂牌终于登场，一共宗，涉及了杭州多个区域。最为关键的是，这批地块的双限政策有变划重点：上城区、拱墅区、滨江区、西湖区、萧山区、余杭区的土地限价取消，但是新房限价保持不变；临平区、钱塘区、富阳区、临安区，土地限价和新房限价全部取消。（小鸡评房）,-0.0569746948564769,2023-11-10 06:54:17
“皇上，不可”诏狱失火，穆裴轩伺机逃出诏狱的消息正将送入行宫内，小皇帝萧珣怒不可遏，当场就拍了御案。萧珣着姚从率锦衣卫连夜追捕穆裴轩，秦穹和李承意便是此时来的。秦穹蹙着眉，沉声道：“靖南郡王私自离开诏狱虽不合规矩，可到底事出有因。在缉拿九莲教妖人途中，妖人挟持郡王妃潜逃了。”萧珣苍白的面色阴沉沉的，一言不发。殿外雷声轰隆，密雨如倾。半晌，萧珣扯了扯嘴角，道：“怎么就这般巧？他那郡王妃不是尚在病中吗？怎的跟着去缉拿妖人去了？偏偏还被人挟持了去？”“还这么巧，诏狱就失火了？”李承意乍听这话，抬起眼睛，拱手道：“皇上，此番能查出九莲教妖人藏匿之所，多亏郡王妃撬开了那青桐的嘴”一旁的姚从嘴唇轻动，想说此前被买通刺杀穆裴轩的人业已招供，正是出自玉安孟氏的手笔，信王妃正是出自孟氏可他见皇帝如此恼怒的模样，话在嘴边过了一圈，没有再说出口。皇帝前脚才下令要他带锦衣卫去追拿穆裴轩，穆裴轩本就是在他手中跑的，现在他再开口，就是引火烧身，说不得就要失去帝心。萧珣讥诮道：“李承意，你知道的倒是清楚。”李承意扑通一声跪在地上，“皇上。”秦穹开口道：“皇上，经三司审查，世子萧元启之死乃出自九莲教妖人之手，和靖南郡王无关。他既已离开诏狱，皇上不如下诏为之昭雪，如此，既可显司法之公正，也能彰显陛下之仁德。”萧珣冷笑道：“让穆裴轩待在诏狱，乃是朕钦命，他未得圣旨，就敢私自逃出诏狱，分明是藐视皇威，半点都不将朕这个天子放在眼里”“如此狂悖，朕不当罚，还要朕下旨？”萧珣道，“太师，有这样的道理吗？”秦穹心知皇帝心中对穆裴轩的忌惮，戍疆大吏，哪个皇帝能不忌惮，更何况有秦凤远这个先例，大梁又值此风雨飘摇之际。可便是想削藩，也不能如此激进。秦穹沉声道：“事急从权，也属常情，皇上宽宏大量，想来靖南郡王心中自会感恩戴德”“感恩戴德？”萧珣漠然道，“他若知感念皇恩，为何秦贼攻打梁都时，他不来救驾”“他要真知感恩，朕让他留在玉安，他就该留下可他没有他拥兵自重，居功自傲，朕看他分明就是想做下一个秦凤远”秦穹霍然抬起头，直直地看着萧珣，“皇上”老太师眼里露出几分严厉和不赞同，刹那间，萧珣心中瑟缩了一下，可转瞬又成了怒意，道：“太师，朕难道说错了吗？”秦穹看着少年人，问道：“皇上当真派了人去瑞州？”说着，他扫了眼姚从，姚从眼观鼻，鼻观口，和李承意都不敢做声。萧珣抿了抿嘴唇，道：“那又如何？”秦穹整个人都晃了晃，苍老了几分，轻叹道：“慎重则必成，轻发则多败，皇上，靖南郡王是功臣您太心急了。”萧珣面无表情道：“太师又要朕等吗？”“自父皇驾崩之后，朕就一直在等，等到除了林相，大梁的半壁江山也丢了，朕像个丧家犬似的一路南逃。你又要朕等，要朕忍，要忍几年？你告诉朕”“信王狼子野心，他会给朕徐徐图谋的时间吗？朕再忍下去，他就要逼朕写禅位诏书了”一道紫电劈下，台上的少年被皇权折磨得苍白消瘦，面容阴郁又陌生，不像先帝在时聪慧狡黠、玉雪可爱的小太子，更没有半点初登帝位时，仓皇不安地抓着他的手，叫着他秦尚书，问他孤要怎么办？孤不知怎么做皇帝时纯稚认真的影子。秦穹的脊背都似佝偻了几分，他想，当真是大梁的气数尽了吗？穆裴轩守了段临舟一眼，盏上的烛火燃尽了，窗纸渐渐透出天光。这一夜，牧柯累得脚不沾地，此一役受伤的不知段临舟一个，此处即便不是九莲教总坛，也是极为重要的分坛。段临舟的人，穆裴轩的人，双方均有死伤。当中柳三九是段临舟的心腹，江渔更是护送他们一路自瑞州到玉安。说来也险，江渔和那九莲教长老动手，江渔自是不敌的，可后来兴许是听见穆裴轩带人大肆闯进来的声响，那老妪担心云琢，便弃了江渔直奔云琢而去。章潮等人来得也及时，江渔因此捡了一条命。东方既白，山中雾气重，牧柯忙了一宿，周自瑾见他终于腾出手，便往他手里塞了碗热粥，一张煎软的饼，道是厨房里弄的，凑合先填几口肚子。他不说牧柯还不觉得，闻着白粥漫出来的米香，顿时想起自打昨儿中午就滴水未进，舔了舔干燥的嘴唇，说了声谢，先咕噜了半碗粥，才恶狠狠地咬了大口饼。周自瑾问他：“牧大夫，我们郡王妃”他欲言又止，牧柯看了周自瑾一眼，嚼巴嚼巴将饼咽下去才道：“不知道。”“如今是尽人事，听天命了。”这话听得周自瑾脸色一白，他愣愣地看着院外的青松，说：“好人有好报，郡王妃是好人，一定能没事的。”牧柯想了想，没戳破，点了下头。他就是在这时听到穆裴轩的声音的，高声又急促地叫他，“牧柯，牧柯”牧柯蹭地站直了，顾不得再吃，将手里的东西塞周自瑾怀里，说：“我瞧瞧去，”说完，咚咚咚地就小跑了过去，一边擦着自己的手，“来了”他迎面撞上寻过来的穆裴轩，青年天乾身上穿的还是昨日的劲装，挂着血，面容憔悴，熬得通红的双眼直直地看着牧柯，说：“快，临舟突然吐血了你看看他”他一把攥住牧柯的手，腿长，步子也迈得大，抓了牧柯就往禅房里拖去。牧柯脚下也急，二人都要跑起来，所幸没几步，牧柯迈进房内，直接就去了病床前。段临舟已经昏迷了过去，嘴边却都是黏腻的红里发黑的血，他心头跳了跳，伸手探向段临舟的脉搏，过了许久，才长长地舒了一口气。穆裴轩一眼也不敢眨，小心地擦着段临舟颊边的血，一边盯着牧柯的神情，见他撤回手，忙不迭问道：“怎么样？临舟怎么样？”牧柯道：“脉象虚浮如悬丝，不过暂时稳住了。”“一切还是要等他醒来再看。”穆裴轩肩头也落了落，悬了几日的心晃了晃，勉强着陆一般，几乎喜极而泣，他克制地深深地吸了好几口气，才道：“我就知道，我就知道他会没事的。”牧柯心道，这可离没事差得远呢。牧柯摇摇头，道：“你也去吃些东西吧，再这般下去，你要先病了。”穆裴轩道：“我不饿。”“怎么能不饿？”牧柯说，“这几日都没好好吃东西，便是照顾病人，也得先照顾好自己，自己好好的，才有余力照顾段老板。”穆裴轩应了，目光却仍黏在段临舟身上，牧柯叹了口气，道：“我去熬药，一会儿让自瑾送些吃的过来，你记着吃。”段临舟却是晚上才睁眼的，穆裴轩一直在床边守着，掌心里攥着段临舟的一只手，那几根手指一动，他猛地惊醒，直勾勾地盯着段临舟。段临舟缓缓睁开眼，禅房里烛火暗，昏昏里瞧见床边杵了个高大的身影，连声地叫他，“临舟，临舟，你醒了”过了好几息，段临舟才开口，可声音太低哑虚弱，穆裴轩没听清，俯下身来道：“可是哪里疼？”段临舟道：“你没事吧？”穆裴轩眼睛一热，低声道：“我好着呢。”段临舟：“云琢呢？”穆裴轩：“死了。”“三九江渔”“活着，都活着，”穆裴轩伸手轻轻摸了摸段临舟的脸颊，道：“一切已经结束了，你别担心，万事有我。”听着这话，段临舟似是露出一个极轻的笑，如天边云，袅袅将散。穆裴轩用力眨了眨眼睛，忍住了眼中涌起的热意，口中道：“你醒了就好了，等你再养养伤，我们就启程回瑞州。”“阮修拿着了那颗珠子，现在已经给了牧柯，他正在想方子，等他敲定了法子，就能拔出你体内的毒，段临舟，你会没事的。”阮修是穆裴轩也离开玉安之后跟上来的，他手中持有的正是自那申榷手中得来的南明珠，穆裴轩昔日送贡品上梁都时曾见过一眼，是真品无疑。可这颗珠子原是为解“见黄泉”做药引子的，如今段临舟体内不止一味“见黄泉”，便是牧柯，也不敢轻易妄动了。段临舟听着他絮絮叨叨地说着，尽都是为安他的心，眼里柔软，声音嘶哑道：“小皇帝派了人去瑞州你别担心。”“出发前，我让陆重，盯住了周庭，”段临舟说，“他要是有动作，陆重会拿下拿下他的亲眷，军中有徐英，他调动不了南军。”这几句话长，说得也吃力，穆裴轩垂下眼，怔怔地看着段临舟。段临舟行事素来走一步看十步，穆裴轩要和他一起离开瑞州，而周庭是朝廷派去南边的指挥使，为的就是盯住安南王府。周庭和穆裴轩相交多年，很有几分师徒情谊，可他到底是朝廷中人，穆裴轩也许会顾忌二人间的情分，段临舟却无法对他全然放心。段临舟不是官府中人，可官有官道，匪有匪道，他自有他的路子能拿住周庭。这些事本就是有备无患埋下的后手，没想到此刻都用上了。穆裴轩没想到段临舟竟在出发前做了这么多事，他当真是殚精竭虑地为他筹谋打算的。穆裴轩想笑，可眼睛却发热，他哑着嗓子道：“嗯，我不担心。”段临舟看着他颌下的青茬，眼下都是乌青，想伸手摸一下，却扯动了肩膀的伤口，顿时疼得冷汗涔涔，口中也溢出了一声闷哼。穆裴轩吓了大跳，道：“别动，你别动，伤着呢。”段临舟喘了几口气，才缓过了肩上的剧痛，道：“真憔悴，都不漂亮了。”穆裴轩听着他的话，瞪着段临舟，段临舟朝他笑了一下，说：“我们郡王，可是瑞州最英俊漂亮的天乾”他声音越低，体力不支，又昏睡了过去，骇得穆裴轩又冲出禅房将隔壁的牧柯抓了过来诊了片刻才放下心来。邋遢了好些日子的穆裴轩总算是剃干净了下颌冒的碎茬，换了身干净衣裳，出现在段临舟面前时，便又是那个挺拔俊美的天乾。这一日，章潮来报，道是四十里外，发现了官兵的踪迹。穆裴轩沉默了下来。这官兵，不是信王派来的，便是皇帝派来的。无论是谁遣来的，此刻他们寡不敌众，必然不能和他们相抗衡。别无他法，只能走。穆裴轩着周自瑾弄来了两辆马车，一辆给段临舟，一辆给柳三九和江渔。二人伤重，他们是段临舟的心腹，自是不能将他们丢下。段临舟虚弱，这两日昏睡的时候远多于清醒的时候，穆裴轩小心翼翼地将他抱上马车时，段临舟醒了片刻，问他：“怎么了？”穆裴轩若无其事道：“没事，咱们启程回家了。”段临舟何其敏锐，自是能听懂他话中背后的意思，他张了张口，想说什么却没有说出口，只是低低的嗯了声，又闭上了眼睛。追来的确实是朝廷的人马，他们撵得紧，赫然是不打算让穆裴轩一行人回去。双方交过手，来人调动的是地方戍军和锦衣卫，穆裴轩心想，没想到小皇帝会有和信王合作杀他的一天。穆裴轩的人大都在乾安城外，由顾云真率领，此刻还未和他们汇合。穆裴轩手中尚有千余人可用，足以斡旋几日。遣来的地方戍军和锦衣卫都是冲着要穆裴轩命来的，不是酒囊饭袋，饶是穆裴轩的人对上，也有几分吃力。双拳难敌四手。更遑论还带着伤患。穆裴轩无意和他们厮杀，他要的是回瑞州。一连几日疾奔，段临舟路上又发起了热，他昏昏沉沉地躺在车厢内，车内铺了厚厚的绒毯，已是竭力让段临舟能舒坦些。段临舟浑身发烫，穆裴轩给他喂了一盅药，摸着段临舟的脸颊，心如刀绞。段临舟清醒又不清醒，他哑声叫穆裴轩，“郡王你们走吧。”“没了我，他们拦不住你。”穆裴轩身体紧绷，咬着牙，下颌线明晰如刀削，道：“临舟，别说傻话。”段临舟脑袋靠在他胸口，吐息灼热又微弱，喃喃道：“不是傻话，我活不了了，你带着我，甩不脱他们。”穆裴轩却听不得那话，道：“你能活，谁说你活不了，你能活得好好的。”段临舟道：“走吧，在这儿放下我，换上马回家，谁都拦不住你。”“阿轩”车窗外，周自瑾道：“郡王，东边发现了朝廷的人马。”穆裴轩低头嘴唇贴着段临舟发烫的额头，道：“我不会舍下你。”“就算是死，要死一起死。”,0.6146533224367978,2024-01-16 23:47:50
东莞东莞楼市住建部的说法今年政策很多工作是开创性的，难也要干，生命力在于落实，在狠抓落实动则必快，动则必成。这个提法其实算比较激进了，也在预示着接下来的政策会更加果断，政策加速度，值得期待。,0.0031234669005013,2024-01-16 23:51:20
徐必成生日快乐。宝宝我嘴比较笨不会说那种很华丽的话，但是认识你是我最幸运的事情，认识你的每一天我都在想为什么我没有更早认识你更早一点，这样是不是可以陪伴你更久更久一点。今年挑杯时隔三年进了总决赛，我就在想克服千难险阻，也一定要见你一面，万一这是最后一次进总决赛呢，职业选手的生涯是未知数，超过二十岁的职业选手更是，可能前一天还在打比赛后一天就替补轮换默默淡出视线了呢，我不敢想。但和我紧张压抑的心情不同的是，总决赛现场气氛特别特别好，看见了很多很多很多跟我一样喜欢你支持你的粉丝，场馆外挥着旗子提着应援穿着队服的，很多人都是和我一样从全国各地赶来支持你的，我真的很受触动，那一瞬间真的很感慨，好庆幸能有那么多人同时和我一样喜欢你支持你。现场的气氛和直播里的真的完全不一样，我坐在观众席上看着你入场，看着你打比赛，看见屏幕中的人变得那么近，跟着观众席一起大声喊着口号，鼓声咚咚穿进我的耳膜，穿进我的心脏，在没有延迟的现场，我们的心跳会在某一刻共振。很可惜的是这一场比赛输了，其实输掉的那一刻我心里并没有很难过，这是我意料之中的结果，能拿到分在赛前我想都不敢想，好像我们小红作为一支成型一个月的新队伍，作为一个挑战者能走到总决赛这一步已经很不错了很不错了。但水晶被推掉后，我看见你坐着座位上迟迟没有动，握着手机盯着屏幕发呆的时候，后知后觉感觉到心脏一阵一阵的钝痛，这一刻我们心脏又共振了，你那个时候也是这么痛这么难过的吧，然后我站起身收了东西头也不回的就走了，结果一出场馆门就下了暴雨，狂风暴雨，吹倒了门口竖着的应援牌，也吹灭了我心里最后一盏灯。那段路上我一直在控诉老天爷偏心，为什么老天爷不肯眷顾你哪怕一次呢，为什么你的努力迟迟得不到应有的回报呢，为什么你的运气总是那么差呢，为什么骗你，为什么刚把你从谷底拉出又毫不犹豫的再次把你推下去呢，那个奖杯，那个开幕式时离你不到一米距离的奖杯，为什么实际距离感觉十万八千里，感觉这条路永远也走不尽呢。回到酒店躺到床上的时候我点开手机，看见你发了一条微博。你说“不要停下前进的步伐虽然会累有荆棘，但是这不就是我们所追求的挑战吗，下一个故事在等着我们”，真的一瞬间就有点绷不住了。宝宝，我好想哭好爱你，这段话又增强了我的信心，是啊宝宝，挫折，遗憾，失败，都是人生的常态，我们该做的是学习如何从一个个挫折遗憾失败中走出来，站起来，跨过它，击败它。我们的故事还没有到完结的时候，我们还要携手一直一直往前进，还会有下一个下下一个下下下一个故事等着我们一起去书写，爬山的道路是艰难的是辛苦的，但如果不经历这些痛苦，又怎能体会到达山巅的喜悦呢。这次世冠果然你们丝毫没有受到挑杯失利的影响，特别快的就调整了心态和状态，慢慢学习慢慢进步，踏踏实实的一步一步向前走，交出了一份又一份满意的答卷，也在这一个月中一次又一次的进步，战胜了一个又一个以前从未战胜的对手，突破了一个又一个必败的玄学，我说过，这次世冠我们就是破魔者，翻过一座一座大山，打破一个一个梦魇，突破一次一次上限。我相信你们，更加相信你徐必成，前天的比赛就是一个好的开头，赢了比赛才让我们争取到了今天的空闲，能给你放松一下过一天的生日，今天之后后面几场比赛都请继续全力以赴地拿下，每一步都踏踏实实的走下去，还差两步，山巅就在前方，这次我们不要再留遗憾了好不好，命运把握在自己手里，我希望岁的生日礼物是你送给自己的世冠冠军。这次总决赛我又来见你了，希望你也能稳稳的进总决赛来见我，以后你进的每一次总决赛我都会来，希望你还可以进好多好多次总决赛，希望我们还可以见好多好多次面，你还要打很久很久，答应我的要打到三十岁，不要消失。一条路再黑也会有光照进来，一条路再长也终会走到尽头，希望下次我可以亲眼见证你亲手捧起那座属于你的奖杯，而不是只能远远望着它了。生日快乐，希望在年的年末你可以如愿以偿。一诺,0.0095114812256614,2024-01-17 00:02:03
阳光信用超话每日一善超话每日一善阳光信用实时号测试大家上午好呀，周末愉快，天冷注意保暖月末起来动涨芬呀跟极好积极动涨芬更快喔，找找极好的好友互动起来每月认真互动是涨芬最关键的哦带字转蹭快锦鲤附体锦鲤附体今日份锦鲤，好运莲莲锦鲤附体锦鲤附体路虽远行则将至，事虽难做则必成。用你的智慧点燃梦想，用你的勤奋书写未来每天努力一点点，年底收获满满傅家果果苏苏的微博视频,0.0500549095221234,2024-01-17 00:31:39
楼市早知道房地产超话深圳楼市楼市启动前夜房地产经济、住建部住建部：“动则必快，动则必成”明年房地产工作狠抓落实、住建部住建部：明年因城施策、一城一策实现房地产供求关系平衡、市场京沪楼市新政发布一周：北京一楼盘半小时即卖余套，有楼盘客户量多到需限流、上海上海楼市新政后利率大降，期房业主能否集体重签贷款协议？、珠海横琴“总规”重磅发布，定调未来年发展蓝图,-0.0006648646197941,2024-01-16 23:46:45
每日一善阳光信用实时号测试大家上午好呀，周末愉快，天冷注意保暖月末起来动涨芬呀跟极好积极动涨芬更快喔，找找极好的好友互动起来每月认真互动是涨芬最关键的哦带字展开,0.443522519395773,2024-03-02 17:38:10
住建部称明年房地产工作狠抓落实坚持稳中求进、以进促稳、先立后破，明年做好四大板块、个方面工作。因城施策、一城一策，实现房地产供求关系平衡；进一步加大首套住房、二套住房政策落实力度；保交楼工作落实属地责任，加强预售资金监管，加快预售制度改革；一视同仁满足不同所有制房企合理融资展开,-0.0015017864202674,2024-01-17 22:49:08
进一步加大意思是继续降首付比例或者降利率好房子不够放开限价，打造好房子样板动则必快，动则必成,0.006746410305402,2024-01-17 11:48:55
全球早盘信息汇总美国和通胀数据增强降息预期，纳指涨超，标普涨，道指靠近历史高位。芯片股指收涨跑赢大盘、逼近历史高位，美光财报后创近两年新高。存款利率迎年内第三次下调：长期限存款利率降幅更大；工行率先出手。住建部：新一轮保障性住房严格封闭管理，“新房新政策，老房老办法”；明年房地产工作狠抓落实，“动则必快，动则必成”。美国三季度终值下修至，物价指数降温。特斯拉量产恐推迟，电池产量据称只能满足需求。工业和信息化部表示，年将全面实施制造业重点产业链高质量发展行动。,0.1066824948974904,2024-01-17 11:13:39
动则必快，动则必成。这小词整得，快可以理解，工具箱里的工具拿快点就行，成的含义是什么？这个理解准了，那就是人生中的一次大机会。,-0.0002365370348048,2024-01-17 10:51:24
财经要闻：、月日，国务院关税税则委员会发布公告：年月日起，对部分商品的进出口关税进行调整。按此公告，恢复煤炭进口关税。按照自贸协定，来自澳大利亚，东盟的进口煤继续实行关税来自其他国家的进口煤实行最惠国税率，无烟煤、炼焦煤、褐煤关税为，动力煤关税为。、继月下调后，大行与部分股份行存款挂牌利率今日再次下调。就工行、农行、中行、建行等大行而言，年、年期定存挂牌利率降幅最高，为。与此同时，也有股份行在今日与大行一同下调。月日，招商银行年、年、年、年期整存整取定期存款挂牌利率为、、、。另外，记者了解到，部分银行大额存单也出现调整，最高降幅达到。、工信部：促进稀土在航空航天、电子信息、新能源等领域高端应用，启动智能网联汽车准入和上路通行试点。、住建部：“动则必快，动则必成”，明年房地产工作狠抓落实。、工信部：年要出台未来产业发展行动计划瞄准人形机器人、量子信息等产业。、蓝筹权重股昨日午后走强，上证指数涨，资金再次跑步进入上证。华夏上证昨日成交额达到亿元，较前一日亿的成交额实现翻倍。只沪深巨头交易活跃，昨日合计成交额达到亿，较前一日亿明显放量。、美国三大股指全线收涨，道指涨报点，标普指数涨报点，纳指涨报点。英特尔涨，赛富时涨，领涨道指。万得美国科技指数涨，特斯拉涨，英伟达涨。中概股普遍上涨，晶科能源涨，新濠博亚娱乐涨。欧洲三大股指收盘小幅下跌，德国指数跌报点，法国指数跌报点，英国富时指数跌报点。国际油价小幅下跌，美油明年月合约跌，报美元桶。布油明年月合约跌，报美元桶。国际贵金属期货普遍收涨，黄金期货涨报美元盎司，白银期货涨报美元盎司。伦敦基本金属收盘涨跌不一，期铜涨报美元吨，期锌跌报美元吨，期镍跌报美元吨，期铝涨报美元吨，期锡涨报美元吨，期铅跌报美元吨。芝加哥期货交易所（）农产品期货主力合约收盘涨跌不一，大豆期货跌报美分蒲式耳；玉米期货涨报美分蒲式耳，小麦期货涨报美分蒲式耳。美债收益率集体上涨，年期美债收益率涨个基点报，年期美债收益率涨个基点报，年期美债收益率涨个基点报，年期美债收益率涨个基点报，年期美债收益率涨个基点报。纽约尾盘，美元指数跌报，非美货币普遍上涨，欧元兑美元涨报，英镑兑美元涨报，澳元兑美元涨报，美元兑日元跌报，美元兑瑞郎跌报，离岸人民币对美元涨个基点报。、上海有色网最新报价显示，月日，国产电池级碳酸锂价格下跌元报万元吨，连跌日，续创逾年新低。,0.042426056785117,2024-01-17 08:59:51
之前计生部们说放开计划生育，人口会迎来爆发性增长，国家资源承载不了。现在放开发现是负增长。去年说口罩放开，社会面临崩溃，很多人熬不过这一关。放开后两周后就恢复正常了。十年前各地户籍限制，认为入户人口太多挤占当地教育，医疗等资源，现在省会无条件入户，买房送户口。七年前房价上涨展开,1.0,2024-01-17 07:34:39
多家大行将于明起再下调定期存款及大额存单利率继今年月国有大行下调存款利率后，时隔三个月存款利率再迎“降息”。证券时报记者月日从多个信源核实到，月日起，多家国有大行将再下调存款挂牌利率，不同期限的定期存款及大额存单利率下调幅度不等，降幅一般为、、和，存款期限涵盖一年期到五年期。住建部：“动则必快，动则必成”明年房地产工作狠抓落实商务部：全力保障生活必需品市场供应商务部新闻发言人束珏婷日在例行新闻发布会上说，近期，全国多地出现强雨雪天气、气温大幅下降，对部分地区生活必需品供应造成一定影响。商务部第一时间积极采取措施，全力保障生活必需品市场供应。目前，国内生活必需品市场供应充足，受大范围寒潮天气影响，部分地区的蔬菜价格阶段性上涨，粮食、食用油、肉类、鸡蛋等商品价格总体平稳。束珏婷说，下一步，商务部将持续加强监测分析和工作调度，及时采取有效措施，积极应对低温雨雪冰冻灾害影响，保障生活必需品市场平稳运行。（新华社）本周，唐山主要仓库及港口同口径钢坯库存万吨，周环比减少万吨。调研周期内，下游轧材企业低价补库为主，社库持续走低；港口方面，内贸资源出口和进口板坯到港并存。本周，五大品种钢材总库存量万吨，环比增加万吨。其中，钢厂库存量万吨，环比增加万吨；社会库存量万吨，环比减少万吨。小评，我昨天晚上预计今天的库存与网报不同，主力采用了我的，这个白天与晚盘看一下盘就知道了。所以经常要用自己的估算库存比较实用。港口市场情绪偏弱，随着气温下降，终端需求提振有限，港口货源销售不畅，部分贸易商出货意愿增强，市场报价出现松动。有贸易商表示，市场报货见多，价格有下跌迹象，但近期港口调入量明显减少，港口库存快速下滑，大跌或也难出现。主产区煤矿价格整体较为平稳，个别矿价格止跌上涨。部分煤矿年度任务即将完成产量收紧，随着路况好转，部分煤矿拉煤车增多，库存压力减缓，但终端还是以刚需采购为主，贸易商不敢存煤，整体市场以去库存为主，需求释放有限，年底市场供需两弱,-0.0007331718996807,2024-01-17 06:41:05
住建部：明年因城施策、一城一策实现房地产供求关系平衡全国住房和城乡建设工作会议在北京召开，住房和城乡建设部部长倪虹在会上强调：坚持稳中求进、以进促稳、先立后破，明年做好四大板块、个方面工作。因城施策、一城一策，实现房地产供求关系平衡；进一步加大首套住房、二套住房政策落实展开,0.0145366804943933,2024-01-17 00:59:35
住建部的说法就是明年将会放开限购，限价，首套二套首付比例与利率都会降低。动则必快，动则必成，不达目的不罢休,0.0925973413905373,2024-01-17 00:00:09
住建部：“动则必快，动则必成”明年房地产工作狠抓落实月日上午九点，全国住房和城乡建设工作会议在北京召开，会议回顾总结年工作，系统部署年重点任务。住房和城乡建设部党组书记、部长倪虹在会上强调：坚持稳中求进、以进促稳、先立后破，明年做好四大板块、个方面工作。因城施展开,0.0031534942956529,2024-01-16 23:53:59
倪虹指出：房地产已经从“有没有”转入“好不好”的时代，好房子只有想不到，没有做不到。明年选择一些城市和企业试点，抓一批好房子样板出来，不同的价格下有不同的好房子。保交楼工作落实属地责任，加强预售资金监管，加快预售制度改革。倪虹表示，在狠抓落实上下更大功夫，“动则必快，动展开,0.0002897091403136,2024-01-16 23:52:12
住建部：“动则必快，动则必成”明年房地产工作狠抓落实,0.0230541974491672,2024-01-23 01:43:43
住建部称明年房地产工作狠抓落实住建部：“动则必快，动则必成”明年房地产工作狠抓落实月日上午九点，全国住房和城乡建设工作会议在北京召开，会议回顾总结年工作，系统部署年重点任务。住房和城乡建设部党组书记、部长倪虹在会上强调：坚持稳中求进、以进促稳、先立后破，明年做好四大板块、个方面工作。因城施策、一城一策，实现房地产供求关系平衡；进一步加大首套住房、二套住房政策落实力度；保交楼工作落实属地责任，加强预售资金监管，加快预售制度改革；一视同仁满足不同所有制房企合理融资需求，住建部将会同金融监管总局指导房地产融资；积极推动城市更新行动，抓好问题导向和目标导向两个工作等。“今年很多工作是开创性的，难也要干。”“政策生命力在于落实。”倪虹表示，在狠抓落实上下更大功夫，“动则必快，动则必成”。（中国房地产报）,-0.0124317707504714,2024-01-17 16:35:26
住建部称明年房地产工作狠抓落实：“动则必快，动则必成”月日上午九点，全国住房和城乡建设工作会议在北京召开，会议回顾总结年工作，系统部署年重点任务。住房和城乡建设部党组书记、部长倪虹在会上强调：坚持稳中求进、以进促稳、先立后破，明年做好四大板块、个方面工作。因展开,0.1992177975754871,2024-01-17 14:39:51
“防风险”仍是重点，支持刚性和改善性住房需求对房地产“托而不举”的态度不变政府工作报告中强调“有效防范化解优质头部房企风险”，表述与此前中央基调一致，稳住市场主体是今年行业重要工作，防止更多房企（特别是优质房企）风险暴露，才能稳定市场预期。与此同时，尽管政府工作报告中未提及“保交楼”工作，但保交楼的重要性在此前多次会议中均有体现，预计今年“保交楼”仍是“防风险”的重要发力点。另外，本次政府工作报告中虽未提“房住不炒”，但中指研究院认为年中央对房地产的支持态度仍然是“以稳为主”“托而不举”。经过多年贯彻执行，“房住不炒”已经成为房地产行业中长期的政策基调，年以来，监管部门频繁落地房地产支持政策，各地也在积极落实因城施策，但在“房住不炒”基调下，供需两端政策均有所侧重，优质房企、合理的住房需求才是政策支持对象，热点城市需求端政策也是渐进式推进，整体来看，中央及地方对房地产“托而不举”的态度较为明确。（：中指研究院）,0.0,2023-03-09 08:25:35
今年楼市肯定比去年更好，原因有点：一，今年目标左右，想要拉经济肯定要稳住房地产二，会议明确说了，要有效防范化解优质头部房企风险，促进房地产业平稳发展，利好信息很明显了三，官方还说，要支持刚性和改善性住房需求，今年肯定会出台鼓励买房的政策四，最重要的是，很多人都没意识到展开,0.0183510855052019,------
政府工作报告首提房地产金融风险加强住房保障体系建设，城市化进入下半场丨报告解读微观两会焦点针对年的房地产工作重点，报告从保障住房需求和防范风险两方面做出了安排。年的房地产工作建议中，重点之一是加强住房保障体系建设，支持刚性和改善性住房需求，解决好新市民、青年人等住房问题。北京大学房地产法研究中心主任楼建波表示，经过多年的探索，保障性住房体系已经形成“三房两改”（公共租赁住房、共有产权住房和保障性租赁住房；棚户区改造和老旧小区改造）的格局。有效防范化解重大经济金融风险是年的重点工作之一。具体到房地产方面，政府工作报告提出，要有效防范化解优质头部房企风险，改善资产负债状况，防止无序扩张，促进房地产业平稳发展。这是房地产金融风险的相关内容首次被写进政府工作报告。华南城市研究会会长、暨南大学教授胡刚表示，近几年一些头部房企在融资方面出了问题，因此从融资上做出规范才能保持房地产行业长久健康地发展，“防止无序扩张”并不是指打压房企发展。加强住房保障体系建设，城市化进入下半场丨报告解读,0.0347698619348672,2023-03-06 21:53:07
房地产相比往年，今年《报告》中涉及房地产相关的内容更加精简，而往年必然提到的“房住不炒”不仅未出现在“今年政府工作建议”一栏中，今年《报告》中对于房地产还多了一些新表述。年房地产工作被定调：“加强住房保障体系建设，支持刚性和改善性住房需求，解决好新市民、青年人等住房问题。有效防范化解优质头部房企风险，改善资产负债状况，防止无序扩张，促进房地产业平稳发展。”,0.0045492455624818,2023-03-07 18:47:54
西安饮食从官媒的态势来看梳理了一些政策要点：，推动更多优质企业登陆科创板，，制定实施新一轮深化国有企业改革行动方案，，加快新型基础设施建设，，支持刚性和改善性住房，新能源车等消费，，有效防范化解优质头部房企风险，从这几项政策走向看，实际上就是提前给大家强调的过程替代，内需等领域，不过从进一步实施举措看，这两种都比较重要，说明目前经济复苏是头等大事刻不容缓，因此今日消费板块中天鹅股份，西安饮食等都有了不错的异动，特别是天鹅这里，感觉资金依然在运作，后面还有拉升的空间,0.0084842320448886,2023-03-07 13:15:56
发布了头条文章：《定了国家定调房地产，释放了大政策信号，年有哪些变局？》其核心内容主要包含两方面：有效防范化解优质头部房企风险，改善资产负债状况，防止无序扩张，促进房地产业平稳发展。加强住房保障体系建设，支持刚性和改善性住房需求，解决好新市民、青年人等住房问题。房地产有效防范化解优质头部房企风险支持刚性和改善性住房需求,0.0045492455624818,2023-03-07 18:02:21
今年工作建议：“有效防范化解优质头部房企风险，改善资产负债状况，防止无序扩张，促进房地产业平稳发展。加强住房保障体系建设，支持刚性和改善性住房需求，解决好新市民、青年人等住房问题。”首先，重点强调化解房地产业风险。其次，因城施策精准对症，着力改善预期、扩大有效需求。最后，中长期来看，坚守“房住不炒”定位，向新发展模式转型。“房住不炒”这一长期定位不会动摇，短期内的纾困松绑政策是对市场过热时期间今晚七点直播,0.0094114041027265,2023-03-15 07:59:03
、“防风险”仍是重点，未提“房住不炒”政府工作报告中对于房地产现状的描述是这样的：房地产市场风险隐患较多，一些中小金融机构风险暴露，发展仍有不少体制机制障碍。同时，政府工作报告中强调“有效防范化解优质头部房企风险”，表述与此前中央基调一致，稳住市场主体是今年行业重要工作，防止更多房企（特别是优质房企）风险暴露，才能稳定市场预期。另外，本次政府工作报告中虽未提“房住不炒”，但该政策基调应该不会变。因为即便是在过去艰难的一年里，楼市政策的出台也都是循序渐进、因城施策，“以稳为主”的态度较为明确。、更大力度支持优质房企去年底“金融条”“三支箭”先后落地，今年月监管部门继续强调支持优质房企改善资产负债表，聚焦优质房企，重点推进“资产激活”、“负债接续”、“权益补充”、“预期提升”四个方面共项工作任务。本次再次强调“有效防范化解优质头部房企风险，改善资产负债状况，防止无序扩张，促进房地产业平稳发展”。这意味着，未来针对优质房企的资金支持力度有望继续加大，前期已出台的政策亦有望加快落实，促进企业资金面继续改善。此外，这次还首次提到“防止无序扩张”，这意味着未来针对企业的监管或保持严格，更加严格地控制市场风险。表：两会政府工作报告住房相关政策取向资料来源：中指研究院综合整理、支持刚性和改善性住房需求“支持刚性和改善性住房需求”被业界广泛认为是今年政府工作报告中房地产工作有关表述的亮点。从一定程度上来看，这符合此前住建部强调需求端要“精准施策”的要求。针对不同人群，年支持刚需群体的政策力度有望延续，支持改善性住房需求的政策有望进一步优化，促进以旧换新、以小换大的住房需求释放。另外，结合人口的最新变化和全国个省区、市的政府工作报告来看，给予多孩家庭、老年家庭、人才、产业人群等更多政策侧重，也是支持刚需和改善性住房需求的政策方向。,-0.0054515968653257,2023-03-08 12:49:39
关于房地产有以下最新表述：、有效防范化解优质头部房企风险，改善资产负债状况，防止无序扩张，促进房地产业平稳发展。、加强住房保障体系建设，支持刚性和改善性住房需求，解决好新市民、青年人等住房问题。、把恢复和扩大消费摆在优先位置。稳定大宗消费，推动生活服务消费恢复。政府投资和政策激励要有效带动全社会投资，实施城市更新行动。今年的经济增长目标定在，比较稳健。考虑到去年疫情影响，经济全年增速仅有，的目标还是考虑了诸多不确定后，比较稳健的数字。赤字率关系到的是放水的力度。年赤字率目标为，年赤字率在，年目标定在。可见，今年财政政策会继续发力，但也不希望年出现剧烈的通胀，市场回暖后，政策可能马上就会跟上调整。最后关于楼市，表述还是非常积极。首先是防范头部房企带来的系统性风险，其次还是鼓励刚需和改善的住房需求。这两点说过很多次，不排除两会后有新的支持政策的可能。比较值得关注的是，第三点的提法，投资和政策激励要有效带动全社会投资，还提到了城市更新与消费。说的可能还是货币化棚改要加量。总体来看，年楼市还是刺激为主，但整体还是强调稳定。所以，年的楼市，依旧不会有普涨，还将以结构性行情为主。基本面好，松绑力度足的城市，优质板块今年涨幅应该会很可观，但大多数城市可能仅仅止步于回暖而已。,-0.0089138967974346,2023-03-14 09:41:07
只有的话，那强预期低现实版本已确定了。消费：稳定大宗消费，推动生活服务消费恢复。数字经济：提升常态化监管水平，支持平台经济发展。医疗：推进疫苗迭代升级和新药研制，切实保障群众就医用药需求。推动优质医疗资源扩容下沉和区域均衡布局金融：有效防范化解优质头部房企风险，改善资产负债状况。防范化解地方政府债务风险，优化债务期限结构。环保：推动重点领域节能降碳，持续打好蓝天、碧水、净土保卫战。制造业重点产业链：集中优质资源合力推进关键核心技术攻关。弱水总结注重经济和股市关联性强的，今年可以止盈了。觉得经济和股市相关性弱的，可以见证一下预期的魅力。,0.0544526344947039,2023-03-13 18:28:17
字政府工作报告极简版一、过去一年和五年工作回顾过去一年：全年国内生产总值增长全年增值税留抵退税超过万亿元脱贫人口务工规模超过万人过去五年：国内生产总值增加到万亿元，五年年均增长粮食产量连年稳定在万亿斤以上城镇新增就业年均多万人经过八年持续努力，近亿农村贫困人口实现脱贫二、今年发展主要预期目标国内生产总值增长左右城镇新增就业万人左右居民消费价格涨幅左右粮食产量保持在万亿斤以上三、对今年政府工作的建议财政：积极的财政政策要加力提效。赤字率拟按安排税费优惠：对现行减税降费、退税缓税等措施，该延续的延续，该优化的优化就业：把促进青年特别是高校毕业生就业工作摆在更加突出的位置疫情防控：推进疫苗迭代升级和新药研制，切实保障群众就医用药需求消费：稳定大宗消费，推动生活服务消费恢复政府投资：今年拟安排地方政府专项债券万亿元制造业重点产业链：集中优质资源合力推进关键核心技术攻关数字经济：提升常态化监管水平，支持平台经济发展民营经济：依法保护民营企业产权和企业家权益，鼓励支持民营经济和民营企业发展壮大引进外资：推动外资标志性项目落地建设防范化解重大经济金融风险：有效防范化解优质头部房企风险，改善资产负债状况。防范化解地方政府债务风险，优化债务期限结构乡村振兴：发展乡村特色产业，拓宽农民增收致富渠道绿色转型：推动重点领域节能降碳，持续打好蓝天、碧水、净土保卫战住房：支持刚性和改善性住房需求，解决好新市民、青年人等住房问题教育：推进义务教育优质均衡发展和城乡一体化医疗：推动优质医疗资源扩容下沉和区域均衡布局社会保障：加强养老服务保障，完善生育支持政策体系港澳发展：支持港澳发展经济、改善民生台湾问题：坚定反“独”促统，推动两岸关系和平发展，推进祖国和平统一进程政府工作报告极简版来了只有字,1.0,2023-03-13 14:44:35
政府工作报告极简版：一、过去一年和五年工作回顾过去一年：全年国内生产总值增长全年增值税留抵退税超过万亿元脱贫人口务工规模超过万人过去五年：国内生产总值增加到万亿元，五年年均增长粮食产量连年稳定在万亿斤以上城镇新增就业年均多万人经过八年持续努力，近亿农村贫困人口实现脱贫二、今年发展主要预期目标国内生产总值增长左右城镇新增就业万人左右居民消费价格涨幅左右粮食产量保持在万亿斤以上三、对今年政府工作的建议财政：积极的财政政策要加力提效。赤字率拟按安排税费优惠：对现行减税降费、退税缓税等措施，该延续的延续，该优化的优化就业：把促进青年特别是高校毕业生就业工作摆在更加突出的位置疫情防控：推进疫苗迭代升级和新药研制，切实保障群众就医用药需求消费：稳定大宗消费，推动生活服务消费恢复政府投资：今年拟安排地方政府专项债券万亿元制造业重点产业链：集中优质资源合力推进关键核心技术攻关数字经济：提升常态化监管水平，支持平台经济发展民营经济：依法保护民营企业产权和企业家权益，鼓励支持民营经济和民营企业发展壮大引进外资：推动外资标志性项目落地建设防范化解重大经济金融风险：有效防范化解优质头部房企风险，改善资产负债状况。防范化解地方政府债务风险，优化债务期限结构乡村振兴：发展乡村特色产业，拓宽农民增收致富渠道绿色转型：推动重点领域节能降碳，持续打好蓝天、碧水、净土保卫战住房：支持刚性和改善性住房需求，解决好新市民、青年人等住房问题教育：推进义务教育优质均衡发展和城乡一体化医疗：推动优质医疗资源扩容下沉和区域均衡布局社会保障：加强养老服务保障，完善生育支持政策体系港澳发展：支持港澳发展经济、改善民生台湾问题：坚定反“独”促统，推动两岸关系和平发展，推进祖国和平统一进程新闻财经新闻全国两会两会快乐投资人李伟的主页,0.1451053425306795,2023-03-13 09:08:56
政府工作报告：有效防范化解重大经济金融风险深化金融体制改革，完善金融监管，压实各方责任，防止形成区域性、系统性金融风险。有效防范化解优质头部房企风险，改善资产负债状况，防止无序扩张，促进房地产业平稳发展。防范化解地方政府债务风险，优化债务期限结构，降低利息负担，遏制增量、化解存量。微观两会,0.1970732718477039,2023-03-12 13:13:14
政府工作报告：有效防范化解重大经济金融风险深化金融体制改革，完善金融监管，压实各方责任，防止形成区域性、系统性金融风险。有效防范化解优质头部房企风险，改善资产负债状况，防止无序扩张，促进房地产业平稳发展。防范化解地方政府债务风险，优化债务期限结构，降低利息负担，遏制增量、展开,0.2521850006202212,2023-03-10 17:12:58
楼市事关首付款又一城市稳楼市放大招近日，银川市住房和城乡建设局官网发文，银川住房公积金可支付购房首付。购房职工无需再使用自有资金支付首付，将大大减轻职工家庭购买新建商品房支付首付款的资金压力，进一步支持刚性和改善性住房需求。,0.1189919897772057,2023-05-16 09:40:45
多地宣布公积金可付首付北京商报记者梳理发现，目前已有郑州、银川、贵州、南京、厦门等多地官宣支持提取公积金负担购房首付款。郑州发布的《关于购买新建预售商品住房提取住房公积金支付购房首付款有关事项的通知（试行）》提到，月日起，拟认购郑州市中原区、二七区、金水区、管城回族区、惠济区新建预售商品住房，同时符合购房提取住房公积金条件的职工，可以预提住房公积金支付购房首付款。分析人士指出，允许公积金支付首付款有利于降低购房者的门槛，提高了购房效率，同时也能促进市场活跃度提升，预计后续将会有更多针对公积金方面的调整政策出台，充分发挥公积金政策对住房市场的作用。北京商报的微博视频,0.456819422941342,------
多地宣布公积金可付首付北京商报记者梳理发现，目前已有郑州、银川、贵州、南京、厦门等多地官宣支持提取公积金负担购房首付款。郑州发布的《关于购买新建预售商品住房提取住房公积金支付购房首付款有关事项的通知（试行）》提到，月日起，拟认购郑州市中原区、二七区、金水区、管城回族区、惠济区新建预售商品住房，同时符合购房提取住房公积金条件的职工，可以预提住房公积金支付购房首付款。分析人士指出，允许公积金支付首付款有利于降低购房者的门槛，提高了购房效率，同时也能促进市场活跃度提升，预计后续将会有更多针对公积金方面的调整政策出台，充分发挥公积金政策对住房市场的作用。北京商报北京商报的微博视频,-0.1398565132624658,2023-05-15 19:07:14
多地宣布公积金可付首付北京商报记者梳理发现，目前已有郑州、银川、贵州、南京、厦门等多地官宣支持提取公积金负担购房首付款。郑州发布的《关于购买新建预售商品住房提取住房公积金支付购房首付款有关事项的通知（试行）》提到，月日起，拟认购郑州市中原区、二七区、金水区、管城回族区展开,-0.9027435076645336,------
银川：住房公积金可支付购房首付银川房价银川楼市对于公务员和事业单位的人员，这个政策还是很友好的，最起码，可以拿公积金账户几十万的余额抵扣首付款，及时公积金账户用了余额，每个月的公积金进账，也能基本覆盖月供，比那些提高首付万，可好用的多，你举得呢？,0.1049372211328718,2023-05-15 20:21:32
银川住房公积金可支付购房首付银川：住房公积金可支付购房首付财联社月日电，银川市住房和城乡建设局房屋产权交易管理中心与市住房公积金管理中心近日联合印发《关于开展提取住房公积金支付购房首付款业务有关事项的通知（试行）》。《通知》提出，公积金缴存职工在购买新建商品住房与房地产企业签订《购房认购协议》和《购房职工提取住房公积金支付首付款承诺书》后，可向公积金中心申请提取住房公积金支付购房首付款，由公积金审核通过后，支付至协议约定的房地产企业的监管账户中，确保购房职工在约定的时间内办理《商品房买卖合同》备案。,1.0,2023-05-15 17:52:25
国家“清单”明确基本养老服务体系加速构建中共中央办公厅、国务院办公厅日前印发了《关于推进基本养老服务体系建设的意见》（以下简称《意见》）。《意见》明确了基本养老服务涵盖物质帮助、照护服务、关爱服务等主要内容。广东广播电视台的微博视频,0.0179379074168625,2023-05-25 19:00:01
确保国家基本养老服务清单“承诺必达”民政部养老服务司有关负责同志就《关于推进基本养老服务体系建设的意见》答记者问政策解读中国政府网手机浏览器确保国家基本养老服务清单“承诺必达”民政部养老服务司有关负责同志就《关于推进基本养老服务体系建设的意见》答记者问,0.0114184570208483,------
年翻译硕士考研：英语翻译基础：词条翻译热词（坚持就是胜利，）今日热词练习：）基本养老服务体系建设今日热词：）民族乐器）有旋律的）打击乐器）超凡脱俗的气氛）播放时间）全部曲目展开,0.0,2023-05-25 23:30:46
国家养老清单《关于推进基本养老服务体系建设的意见》国家养老条《关于年调整退休人员基本养老金的通知》,-0.0090138200594136,------
转给咱爸妈这项基本养老服务，国家安排了月日，中共中央办公厅、国务院办公厅印发《关于推进基本养老服务体系建设的意见》，明确“十四五”时期重点聚焦老年人面临家庭和个人难以应对的失能、残疾、无人照顾等困难时的基本养老服务需求并提出了项重点任务。同时发布《国家基本养老服务清单》，包含物质帮助、照护服务、关爱服务等三大类个服务项目，并分别明确了每个项目的服务对象和内容（人民网）,0.0891877247077277,2023-05-24 21:40:18
发布了头条文章：《民政部养老服务司有关负责同志就《关于推进基本养老服务体系建设的意》,0.0114184570208483,------
一起做个题年月日，中办、国办印发的《关于推进基本养老服务体系建设的意见》发布。它制定的《国家基本养老服务清单》以保障老年人的基本生活安全为主线，并分别明确了每个项目的服务对象和内容。将养老服务划分为基本养老服务和非基本养老服务，并且用清单化、标准化的方式将基本养老服务作为什么？考研杨加讲超话时事杨加讲决战考研,0.6416528749243253,2023-06-13 09:39:13
每日一词基本养老服务体系建设安阳市教育局殷都区教体局安阳市第二十五中学超话网页链接,0.1054359199414032,------
年翻译硕士考研：英语翻译基础：词条翻译热词（坚持就是胜利，）今日热词练习：）第三届中国中东欧国家博览会今日热词：）脱口秀）无限期暂停演出）擅自改动内容）行政处罚）没收）演出经纪人）演出场所经营单位）线下演出）基本养老服务体系建设）个人养老金）人口老龄化）人口高质量发展翻硕君超话翻硕翻译硕士考研英语笔译笔译翻译,0.0461125688698164,2023-05-24 16:51:33
风云聚焦《关于推进基本养老服务体系建设的意见》出台《关于推进基本养老服务体系建设的意见》出台，明确基本养老服务的对象、内容、标准等根据经济社会发展动态调整，“十四五”时期重点聚焦老年人面临家庭和个人难以应对的失能、残疾、无人照顾等困难时的基本养老服务需求。来源：新华社点击链接可订阅《检察风云》杂志电子刊：网页链接,-0.0174989981781418,2023-05-24 19:59:54
民政部养老服务司解读《关于推进基本养老服务体系建设的意见》中共中央办公厅、国务院办公厅印发了《关于推进基本养老服务体系建设的意见》，并发出通知，要求各地区各部门结合实际认真贯彻落实。民政部养老服务司有关负责同志就《意见》制定印发和贯彻落实相关问题，回答了记者提问。具体请看,-0.0754936759195059,2023-05-24 21:04:13
残疾人事业老有所养、残有所扶国家推进基本养老服务体系建设工作将惠及多万残疾老年人中共中央办公厅、国务院办公厅印发了《关于推进基本养老服务体系建设的意见》（以下简称《意见》）。基本养老服务是指由国家直接提供或者通过一定方式引导相关主体向老年人提供旨在实现老有所养、老有所依所必需的基础性、普惠性、兜底性服务。推进基本养老服务体系建设，是推动养老服务高质量发展的机制性措施；是构建政府、社会、市场和家庭各尽其责、有序协同养老服务供给格局的关键环节；是保障基本民生、促进社会公平、维护社会稳定的基础性制度安排，体现了我们党全心全意为人民服务的根本宗旨。,0.2419371812411656,------
人民日报发文，低龄健康老人是新红利人口结构呈现少子化和老龄化。少子化和老龄化是我国经济社会发展到一定阶段的客观结果。问：面对人口发展的新变化，如何正确看待当前我国人口形势？答：人口高质量发展是中国式现代化的有力支撑，关乎亿万家庭幸福安康、关乎中华民族世代永续。关于我国人口发展形势，有以下几方面基本判断：我国人口基数大、人口众多的基本国情没有改变。按照党的二十大总体部署，我国亿多人口将整体迈进现代化社会，规模超过现有发达国家人口的总和，艰巨性和复杂性前所未有。同时，人口规模巨大意味着我国拥有超大规模国内市场优势。在实施扩大内需战略中，充分释放这一巨大的市场优势，促进消费提质扩容，能够为我国经济社会发展提供强大动力。人口红利向人才红利转变的潜力巨大。目前，我国至岁劳动年龄人口近亿人，总量位居世界第一。新增劳动力平均受教育年限达年，劳动年龄人口平均受教育年限年。未来一段时期，我国劳动力总量仍保持足够规模，随着高等教育普及加快和劳动者的新老交替，劳动力素质将不断提高，人力资本存量将持续提升，人口红利有望加快向人才红利转变。我国人口结构中的“新红利”有待挖掘。第七次全国人口普查数据显示，我国低龄健康、基本健康的老年人规模达到亿人。他们综合素质高、经验丰富，再就业和志愿服务等社会参与热情高，是宝贵的社会财富，是中国式现代化建设中的“新红利”。问：面对人口发展新常态，应如何应对？答：人口发展形势对国家发展和经济社会运行的影响长期而深远，应加快完善人口服务体系，促进人的全面发展。一是构建家庭支持政策。着力加强更有助于家庭整体发展的社会政策，在生育政策、假期政策、住房政策等领域更多地向家庭整体倾斜，提高家庭人口再生产能力，保护和增强家庭对社会的基础支撑作用。二是完善养老服务体系。强调家庭对健康养老的重要作用，加强社区居家养老服务的支撑能力，实现机构的辐射功能，建立起健康养老服务体系的正向激励政策体系，在全社会树立起健康老龄化的思想观念。三是完善托育服务体系。扩大普惠托育市场规模，加大群众急需的优质放心的托育服务供给，鼓励各地创新“托幼一体化”模式，优化升级儿童用品市场。四是积极开发人力资源储备。综合考虑人均预期寿命提高、人口老龄化趋势加快、受教育年限增加、劳动力结构变化等因素，以大龄劳动力资源为重点，提升大龄劳动者技能，开发更适合大龄劳动者的岗位，促进大龄劳动者更好地参与社会建设，实现劳动参与率和劳动生产率双提升。,0.2512281332772185,2023-05-25 23:31:01
如意甘肃事关养老国家重磅发文中共中央办公厅国务院办公厅印发《关于推进基本养老服务体系建设的意见》新华社北京月日电中共中央办公厅、国务院办公厅印发了《关于推进基本养老服务体系建设的意见》，并发出通知，要求各地区各部门结合实际认真贯彻落实。《关于推进基本养老服务体系建设的意见》主要内容如下。基本养老服务在实现老有所养中发挥重要基础性作用，推进基本养老服务体系建设是实施积极应对人口老龄化国家战略，实现基本公共服务均等化的重要任务。党的十八大以来，在党中央坚强领导下，基本养老服务加快发展，内容逐步拓展，公平性、可及性持续增强。为贯彻落实党中央、国务院有关决策部署，健全基本养老服务体系，更好保障老年人生活，现提出如下意见。一、总体要求（一）指导思想。以习近平新时代中国特色社会主义思想为指导，立足新发展阶段，完整、准确、全面贯彻新发展理念，构建新发展格局，坚持党对基本养老服务体系建设的全面领导，坚持以人民为中心，坚持以改革创新为根本动力，加快建成覆盖全体老年人、权责清晰、保障适度、可持续的基本养老服务体系，不断增强老年人的获得感、幸福感、安全感。（二）主要任务。基本养老服务是指由国家直接提供或者通过一定方式支持相关主体向老年人提供的，旨在实现老有所养、老有所依必需的基础性、普惠性、兜底性服务，包括物质帮助、照护服务、关爱服务等内容。基本养老服务的对象、内容、标准等根据经济社会发展动态调整，“十四五”时期重点聚焦老年人面临家庭和个人难以应对的失能、残疾、无人照顾等困难时的基本养老服务需求。（三）工作原则基础性原则。立足我国基本国情，统筹考虑必要性和可能性，着眼保基本、广覆盖、可持续，尽力而为、量力而行，保障老年人的基本生活和照料需要。普惠性原则。在提高基本公共服务均等化水平的过程中，逐步拓展基本养老服务的对象和内容，使所有符合条件的老年人能够方便可及、大致均等地获得基本养老服务。共担性原则。在赡养人、扶养人切实履行赡养、扶养义务基础上，通过提供基本养老服务、发挥市场作用、引导社会互助共济等方式，帮助困难家庭分担供养、照料方面的负担。系统性原则。推动社会保险、社会救助、社会福利、慈善事业、老年优待等制度资源优化整合，强化各相关领域体制改革配套衔接，支持基本养老服务体系发展。二、重点工作（一）制定落实基本养老服务清单。各地区各有关部门要严格落实《国家基本养老服务清单》（见附件）。《国家基本养老服务清单》明确的对象、项目、内容等，根据经济社会发展水平、财力状况等因素动态调整，由民政部会同相关部门适时提出修订意见，按程序报批后以部门名义印发实施。省级政府应当对照《国家基本养老服务清单》制定并发布本地区基本养老服务具体实施方案及清单，明确具体服务对象、内容、标准等，其清单应当包含《国家基本养老服务清单》中的服务项目，且覆盖范围和实现程度不得低于《国家基本养老服务清单》要求。到年，基本养老服务制度体系基本健全，基本养老服务清单不断完善，服务对象、服务内容、服务标准等清晰明确，服务供给、服务保障、服务监管等机制不断健全，基本养老服务体系覆盖全体老年人。（二）建立精准服务主动响应机制。建立老年人状况统计调查和发布制度，开展老年人能力综合评估，制定完善全国统一的评估标准，推动评估结果全国范围互认、各部门按需使用。依托全国一体化政务服务平台，推进跨部门数据共享，建立困难老年人精准识别和动态管理机制，细化与常住人口、服务半径挂钩的制度安排，逐步实现从“人找服务”到“服务找人”。推动在残疾老年人身份识别、待遇享受、服务递送、无障碍环境建设等方面实现资源整合，加强残疾老年人养老服务保障。面向独居、空巢、留守、失能、重残、计划生育特殊家庭等老年人提供探访关爱服务。支持基层老年协会、志愿服务组织等参与探访关爱服务。依托基层管理服务平台，提供养老服务政策咨询、信息查询、业务办理等便民养老服务。（三）完善基本养老服务保障机制。推动建立相关保险、福利、救助相衔接的长期照护保障制度。合理确定经济困难失能老年人护理补贴覆盖范围和补贴标准。地方各级政府应当建立基本养老服务经费保障机制，中央财政统筹现有资金渠道给予支持。落实发展养老服务优惠扶持政策，鼓励社会力量参与提供基本养老服务，支持物业服务企业因地制宜提供居家社区养老服务。将政府购买服务与直接提供服务相结合，优先保障经济困难的失能、高龄、无人照顾等老年人的服务需求。具备条件的地方优化养老服务机构床位建设补助、运营补助等政策，支持养老服务机构提供基本养老服务。鼓励和引导企业、社会组织、个人等社会力量依法通过捐赠、设立慈善基金、志愿服务等方式，为基本养老服务提供支持和帮助。开展基本养老服务统计监测工作，建立基本养老服务项目统计调查制度。（四）提高基本养老服务供给能力。设区的市级以上地方政府应当将养老服务设施（含光荣院）建设纳入相关规划，结合当地经济社会发展水平、老年人口状况和发展趋势、环境条件等因素，分级编制推动养老服务设施发展的整体方案，合理确定设施种类、数量、规模以及布局，形成结构科学、功能完备、布局合理的养老服务设施网络。各地新建城区、新建居住区要按标准和要求配套建设养老服务设施；老城区和已建成居住区要结合城镇老旧小区改造、居住区建设补短板行动等，通过补建等方式完善养老服务设施。政府投入资源或者出资建设的养老服务设施要优先用于基本养老服务。发挥公办养老机构提供基本养老服务的基础作用，研究制定推进公办养老机构高质量发展的政策措施。建立公办养老机构入住管理制度，明确老年人入住条件和排序规则，强化对失能特困老年人的兜底保障。现役军人家属和烈士、因公牺牲军人、病故军人的遗属，符合规定条件申请入住公办养老机构的，同等条件下优先安排。保障特困人员供养服务机构有效运转。到年确保每个县（市、区、旗）至少有所以失能特困人员专业照护为主的县级特困人员供养服务机构。光荣院在保障好集中供养对象的前提下，可利用空余床位为其他无法定赡养人、扶养人或者法定赡养人、扶养人无赡养、扶养能力的老年优待抚恤对象提供优惠服务。鼓励支持党政机关和国有企事业单位所属培训疗养机构转型为普惠型养老服务设施。提升国有经济对养老服务体系的支持能力，强化国有经济在基本养老服务领域有效供给。（五）提升基本养老服务便利化可及化水平。依托和整合现有资源，发展街道（乡镇）区域养老服务中心或为老服务综合体。支持养老机构运营社区养老服务设施，可按规定统筹养老服务资源。支持社会力量为老年人提供日间照料、助餐助洁、康复护理等服务。依托街道（乡镇）区域养老服务中心或为老服务综合体、社区养老服务设施以及村民委员会、社区居委会等基层力量提供家庭养老指导服务，帮助老年人家庭成员提高照护能力。将失能老年人家庭成员照护培训纳入政府购买养老服务目录，符合条件的失能老年人家庭成员参加照护培训等相关职业技能培训的，按规定给予职业培训补贴。优先推进与老年人日常生活密切相关的公共服务设施改造，为老年人提供安全、便利和舒适的环境。鼓励开展无障碍环境认证，提升无障碍环境服务水平。以满足居家生活照料、起居行动、康复护理等需求为重点，采取政府补贴等方式，对纳入分散特困供养的失能、高龄、残疾老年人家庭实施居家适老化改造，有条件的地方可将改造对象范围扩大到城乡低保对象中的失能、高龄、残疾老年人家庭等，引导社会化专业机构为其他有需求的老年人家庭提供居家适老化改造服务。鼓励发展康复辅助器具社区租赁服务，提升老年人生活自理能力和居家养老品质。积极推进养老服务认证工作。加强信息无障碍建设，降低老年人应用数字技术的难度，保留线下服务途径，为老年人获取基本养老服务提供便利。依托国家人口基础信息库推进基本养老服务对象信息、服务保障信息统一归集、互认和开放共享。三、组织保障（一）加强组织领导。发挥党总揽全局、协调各方的领导核心作用，坚持党政主要负责人负总责。地方各级党委和政府要将基本养老服务体系建设纳入当地经济社会发展规划和重要议事日程。中央各有关部门和单位要按照职责分工，明确落实措施和进度安排。养老服务部际联席会议要发挥牵头协调作用，研究并推动解决基本养老服务体系建设工作中的重大问题。（二）强化督促指导和监管。省级政府要切实履行责任，落实支持政策，加强绩效评价和监督检查。民政部要会同国家发展改革委等部门，建立健全评价机制，把基本养老服务体系建设情况纳入积极应对人口老龄化综合绩效评估。各地要强化基本养老服务综合监管，确保服务质量和安全，对违法违规行为严肃追究责任。发挥标准对基本养老服务的技术支撑作用，开展服务质量第三方认证。（三）营造良好社会氛围。各地区各有关部门要主动做好基本养老服务政策宣传解读，及时公开基本养老服务信息。要凝聚社会共识，充分调动各方支持配合基本养老服务体系建设的积极性和主动性。附件：国家基本养老服务清单（来源：新华社）,0.0358752942515746,------
月日完整版新闻月日，中办、国办印发《关于推进基本养老服务体系建设的意见》，并首次公布《国家基本养老服务清单》，旨在实现老有所养老有所依所必需的基础性、普惠性、兜底性服务。到年，基本养老服务体系将覆盖全体老年人。新闻今晚邀请全国老龄委专家委员会委员、中国人民展开,0.0285770620786555,2023-05-24 08:01:23
确保国家基本养老服务清单“承诺必达”《关于推进基本养老服务体系建设的意见》月日公开发布。当中，基本养老服务内容有哪些？如何提供这些服务？在我国各地区的发展仍不均衡，老龄化程度差距明显的背景下，应当如何实现基本养老服务的公平保障？民政部养老服务司有关负责同志这样回答,0.011431551581652,2023-05-24 07:24:08
中共中央办公厅国务院办公厅印发《关于推进基本养老服务体系建设的意见》,1.0,2023-05-24 08:03:13
中共中央办公厅国务院办公厅印发《关于推进基本养老服务体系建设的意见》中办国办印发《关于推进基本养老服务体系建设的意见》（最高人民检察院）,0.1592501152778676,2023-05-24 08:02:35
上海租房超话泗泾站地铁口公寓分钟直达漕河泾分钟直达徐家汇保障性住房人才公寓民用水电燃气厨房办居住证租赁备案朝南带阳台卫生间干湿分离押一付一该房源位于泗泾地铁站）,-0.0603489893729457,2023-06-28 15:17:46
王炸消息：地产转向？地产王炸来啦深圳市多部门联合发布了大改革规划，重点就是共有产权房和公租房。如果深圳试点成功，未来就会辐射全国。内容简单，但是信息量很大，我给大家总结出三大点。、公共租赁住房租金为同期同期。市场参考租金的左右。、保障性租赁住房租金不超过同期同地段同品质市市场的。、共有产权住房的销售价格。按照土地出让时市场参考价格的左右确定。这样的改革意味着什么呢？共有产权房半价，会让很多渴望房子的年轻人能够快速入市。本来要卖万的房子，现在只要万，直接打对折，只是产权共有，并不影响居住。钱多买好房，钱少买共有房。其次，往深入思考，这能带动土地销量，维持地方土地收入，更能让楼市带动整个消费。还依然稳住房住不炒。这话怎么说呢？因为共有产权房的大量推广，商品房需求减少，房价也就正常了。是不是整个经济又重新启动了？民不加赋，而国用足？最后从大来说，房地产板块今年也算是稳住了，系统性风险瓦解。其实这也早已反应，在大盘上，大金融止跌企稳，不就是最好的答案吗？共有产权房对不少年轻人来说，对吧？,0.0307191585525023,------
根据《北京市住房和城乡建设委员会关于进一步加强公共租赁住房分配管理的通知》第四条，产权单位公告规定的申请期限届满后仍未配租的房源，可以面向社会单位组织本市城镇户籍无房职工集体租赁，承租一间公租房，在没有明确社会单位组织退出条件，却以重点保障公共服务行业以及解决符合条件的新北京人、青年人的住房困难为由不再与一般社会单位组织签订租赁合同，这到底是考虑了北京市谁的住房情况，是谁开着奔驰宝马住着保障性公租房？新闻特别关注北京新闻广播北京,-0.0126335770392347,2023-06-15 13:41:03
以涨价解决“住”的问题，就是在耍流氓作者：燕大来源：乌有之乡网站转自燕财局公众号年轻人想到大城市找机会或也将越来越难。昨天聊深圳统租房，其实月份统租房刚传出消息我就在关注，后面听到房租变相加价，就知道所谓“为加快解决新市民、青年人等群体住房问题”变成了嘘头。除展开,0.6010087444545227,2023-06-18 11:50:54
西安个保租房项目来了看看哪个离你最近近日，西安市住建局公示年认定的第一批个保障性租赁住房项目。西安保租房,-0.0538079549253452,------
北京超话开放活力看朝阳北京朝阳套房源即将完成建设筹集住有所居、安居宜居。预计今年年底，朝阳区将完成建设筹集保障性租赁住房套（间），安置房套，竣工各类保障性住房套（间），让更多群众实现“安居梦”。,0.0700056171185639,2023-06-22 15:54:24
深圳投亿改造城中村，要做最大“二房东”？白芒村位于深圳南山西丽，与宝安区石岩街道相邻，是深圳一处典型的城中村。白芒村搬迁通知，正式揭开了深圳“统租”的大幕。所谓的“统租”，指的是由政府主导，从房东手中统一租赁房源，进行装修、改造后，再出租给特定群体。可以看出，政府一手托房东，一手托租客，做的是“二房东”的事情。今年月日，深圳市属国企人才安居集团旗下的深圳市安居微棠住房租赁投资控股有限公司正式揭牌。安居微棠公司，就是这次“统租”行动的“二房东”。这个“二房东”，不简单。安居微棠公司注册资本亿，还获得了国家开发银行、工商银行、建设银行、中国银行、农业银行等大银行的亿元银行授信支持。除了安居微棠公司这家大的“二房东”，深圳市人才安居集团还与宝安、龙华、光明区签署了战略合作框架协议，共同出资成立区级城中村改造公司，即小的“二房东”。深圳城中村规模化统租改造，随即开始。深圳为何要投入这么多资金，来“统租”城中村？根源，还是房价太高了。众所周知，深圳的房价之高，位于全国前列。为了吸引年轻人，解决新市民的住房问题，深圳一直在建设保障性住房。以前，深圳采取的策略是紧盯增量，开工建设一批保障房。但要知道，深圳寸土寸金，土地资源本来就稀缺，新房建设成本也不低，新建保障房压力颇大。现在，深圳换了一个思路，盘活存量。即政府主导改造现有的房源，将其转化为保障性租赁住房。根据深圳市规土委的调研数据显示，深圳城中村用地总规模约平方公里，约占深圳土地总面积的，至少提供万套房源。这里面，改造的空间很大。这便是“统租”的由来。这一方式有几个好处：一是改善城中村的居住环境。城中村大多存在房屋老旧、管线老化等问题，部分还有消防、安全隐患。政府主导介入改造，能够提升环境，增加配套，消除隐患。二是提供高品质的租赁房源。城中村租房价格虽然便宜，但租客也备受房东随意涨价、租期不稳的困扰。“统租”提供的房源，经过改造后，居住环境、品质大为提升，价格更为透明，租期也更为稳定，有利于保障租客的利益。三是政府的支出更低。改造房屋，比新建房屋成本更低，有利于节约政府开支。今年，深圳计划通过城中村规模化品质化改造提升，筹集保障性住房万套（间），约占全市城中村租赁住房总量的。整体看，城中村改造，确实是一个不错的思路。来风闻看全文，参与更多讨论深圳投亿改造城中村，要做最大“二房东”？,-0.2978612900507394,2023-06-22 15:54:18
延安入选国家海绵城市建设示范城市未来年将获得中央财政补助亿元在近期财政部牵头开展的年海绵城市建设示范评审中，延安市入选国家海绵城市建设示范城市，未来年将获得中央财政补助亿元。西安公示个保障性租赁住房项目姑娘要结婚退租时扫干净房子留下喜糖,0.3044913054834015,2023-06-14 20:38:35
深圳光明保障房预计后年竣工约套房据了解，光明万丈坡保障房项目计划年竣工，建成后将提供保障性住房约套。项目位于光明街道华夏路与牛山路交会处西北侧，据了解，目前项目进度为基坑支护桩、冠梁、内支撑完成，工程桩完成，土方开挖完成。项目于年月进入开工建设展开,1.0,------
白话数据年月日建委新房住宅网签套，二手房住宅网签套（网签数据有滞后）。大中介前台挂牌房源量套（中介春节休假前），持续关注。昨日热点：紫金书院获预售许可证，均价约万；朝阳区今年将建设筹集万套保障性租赁住房；年全国结婚登记数据为万对，较年全年数量万对下降；离婚登记万对，比上年下降。,-0.093645961590001,2023-06-18 00:21:12
昆明市住建局昆明保障性租赁住房关于昆明市年第三批保障性租赁住房分配有关事项的通知网页链接,-0.0014968117991884,2023-07-01 19:00:12
走进天府前湾纪实（四）今日再赴前湾，比之此前，不少惊喜，甚至孕育出更多希望。从沈阳路地铁口出来，眼前赫然出现几个醒目的大字：合能麓山天筑。每个字拆开看，似乎都包含着无穷的力量，让人奋进不息，可是已破产清算的开发商到底能否找到下一个实力不俗、又能带来变革的接盘手，也许只有天知展开,0.6182857286420211,2023-06-14 15:08:19
深圳统租房计划阻力不小，到底问题出在哪里？国际情报员深圳西丽街道办回应白芒村统租统租房计划不难理解，就是深圳出面收购当地土著手里的房源，整修后面向广大租客二次出租，政府说是为了改善城中村居住环境但这些年公信力几乎较低，老百姓心里不相信会有这么好的事，更愿意相信是把收割财富的镰刀挥向了社会底层人群“租房客”。大家更愿意相信，深圳市这一通折腾是为了赚取差价底层租客们表现出抗拒心理也就不奇怪了。不过深圳官方及时回应了这种不信任猜测，对于改造后城中村房源租金是否会涨的问题，其中提到，“城中村保障性住房规模化、品质化改造提升由政府主导筹集，改造后的租金以不涨为原则，单套租金原则上与改造前基本持平，即便个别房源因改造成本高、投入较大、建筑结构复杂，也必须严格控制成本、严格控制价格、严格加强价格监督”。说的很好听，但房屋改造是要花钱的，深证真的会做赔本买卖吗？在土地财政难以为继的情况下，这很不合理不管怎么说，统租房是不可阻挡的大势，我们且看结果如何吧,-0.7184693667643752,2023-07-04 05:12:33
小湘速递深圳城中村改造后租金原则上不涨价深圳筹集保障房占全市城中村较小部分据深圳特区报，市住房建设局相关负责人表示：城中村保障性住房规模化品质化改造提升由政府主导筹集，改造后的租金以不涨为原则，单套租金原则上与改造前基本持平，即便个别房源因改造成本高、投入较大、建筑结构复杂，也必须严格控制成本、严格控制价格、严格加强价格监督。财经网的微博视频,-0.0087565954791834,2023-07-04 04:59:11
深圳城中村改造后租金原则上不涨价深圳筹集保障房占全市城中村较小部分据深圳特区报，市住房建设局相关负责人表示：城中村保障性住房规模化品质化改造提升由政府主导筹集，改造后的租金以不涨为原则，单套租金原则上与改造前基本持平，即便个别房源因改造成本高、投入较大、建筑结构复杂，也必须严格控制成本、严格控制价格、严格加强价格监督。财经网的微博视频,1.0,2023-07-04 10:53:31
深圳城中村改造后租金原则上不涨价深圳筹集保障房占全市城中村较小部分据深圳特区报，市住房建设局相关负责人表示：城中村保障性住房规模化品质化改造提升由政府主导筹集，改造后的租金以不涨为原则，单套租金原则上与改造前基本持平，即便个别房源因改造成本高、投入较大、建筑结构复杂，也必须严格控制成本、严格控制价格、严格加强价格监督。财经网财经网的微博视频,0.1036846637285774,2023-07-04 09:34:59
深圳官方回应城中村统租问题深圳城中村统租：有租客拿到补助火速搬离，有房东不愿给补贴官方回应“我们是公司统一安排居住在城中村的，现在因为统租不得不搬离，跟房东协商后，退了押金并补偿了一个月房租，我们现在打算搬回公司宿舍住。”月日下午，正在搬家的租户谢萍向记者介绍道。统租，顾名思义即由相关单位对城中村房源进行统一改造，然后对相关设施进行配套升级，再对外出租。但是，计划的好事因为深圳城中村租客的种种疑虑引发了舆论关注。在此之前，深圳已对多个城中村进行整治和改造，之所以此次引起广泛关注，主要有两点，一是统租范围偏大，二是引起了部分租户较大反弹。月日，据深圳发布官微，深圳市住建局相关负责人公开回应称，全市城中村整治提升划分为综合提升类、产业配套类、特色发展类、控制引导类和基本保障类等类。其中，仅部分综合提升类、产业配套类城中村涉及城中村保障性住房规模化品质化改造提升。其余类别均不涉及城中村保障性住房筹集。“城中村保障性住房规模化品质化改造提升由政府主导筹集，改造后的租金以不涨为原则，单套租金原则上与改造前基本持平，即便个别房源因改造成本高、投入较大、建筑结构复杂，也必须严格控制成本、严格控制价格、严格加强价格监督。”（每日经济新闻；阿法）深圳城中村统租：有租客拿到补助火速搬离，有房东不愿给补贴官方回应,-0.7635197271243864,2023-07-04 18:44:30
楼市“三大工程”有何带动效应？地方密集召开住建会议规划今年工作蓝图月以来，已有多个地方陆续召开了住房城乡建设工作会议，这其中包括浙江、河南、安徽、四川、山东、湖北、辽宁、黑龙江以及天津等地。从各地公布的年住建会议内容来看，多地不再强调“房住不炒”，而将保交楼、积极构建房地产发展新模式、加快落地实施“三大工程”等，作为今年主要的工作内容。这其中，推进城中村改造、保障性住房建设等，也被屡屡提及。事实上，这些表述均与去年月中央经济工作会议，以及全国住建工作会议的政策基调高度一致。“中央经济工作会议以及全国住建会议已经为年房地产定调，地方会议也在落实相关工作，但根据各地不同的情况，政策具体侧重点会有所不同。”一位房地产行业分析师表示。据记者不完全统计，目前仅有山东、湖北公布了年房地产全年投资金额。其中，山东计划全年完成房地产开发投资亿元以上；湖北计划年房地产开发投资完成亿元，与年的亿元基本持平。山东、安徽将“建立以城市为单元的房地产融资协调机制”从各省市召开的住建会议来看，山东、安徽、河南均提及“保交楼”以及“防风险”，而安徽和山东，则明确提到要“建立以城市为单元的房地产融资协调机制”。例如，山东提出，建立以城市为单元的房地产融资协调机制，“一项目一方案”落实资金支持，积极争取人民银行保交楼贷款，一视同仁满足不同所有制房地产企业合理融资需求。强化专项借款循环使用，加快剩余个保交楼项目建设交付。安徽提到，稳妥处置房企风险，建立以城市为单元的房地产融资协调机制，实现“保交楼”入库项目全部交付。“建立以城市为单元的房地产融资协调机制，将有助于减少项目交付风险，改善行业预期，有利于房地产市场企稳。”中指研究院企业研究总监刘水称。而保交楼压力较大的河南，在住建工作会议提到，年要“打好保交楼和征收安置问题项目整改歼灭战”，聚力攻坚、综合施策，进一步化风险稳预期、保民生保稳定。湖北也在住建工作会议上表示，将加快保交楼项目建设进度，坚决防止二次停工、再次逾期，完成万套保交楼任务。“保交楼仍是今年各地住建系统工作的重中之重，也是首要任务，预计各地将以更强力度做好保交楼相关工作。”上述分析师称。据天风证券研报，年四季度，央行推出了亿元保交楼支持贷款计划，但实际使用进度偏慢；截至年三季度，仅使用亿元，占总额度的。分析人士认为，年保交楼支持贷款计划仍有不少额度，在各地大力支持保交楼的情况下，预计年保交楼速度将进一步加快。城中村改造有望提速在构建房地产新模式方面，多个省市召开的住建会议表示，要全力实施“三大工程”，推动保障性住房、城中村改造等，形成更多增量投资。其中，浙江提出年要实施城中村改造万户；辽宁要在全省个地级城市全面开展城市体检，改造城中村项目个；四川将实施城中村改造项目个。山东还提出，探索发放房票及住房消费券等降低购房成本措施，建立“人房地钱”联动机制，有力有序推行现房销售。有专家表示，城中村改造、房票安置以及低息这套政策组合，将带动房地产市场建设，促进市场成交、助力楼市稳定增长。值得一提的是，中指研究院常务副院长黄瑜近日表示，据其测算，三大工程之一的城中村改造将带动约亿平方米的投资规模，会对房地产市场形成有效支撑。“万亿是个城市待改造城中村的总规模，没有具体时间限制，并不会在年内便全部释放完。”中指院方面表示。“若按年安置周期计算，平均到每一年，改造城中村带来的住宅新增需求约有万平方米。”黄瑜称，这个规模对于年启动阶段的实际拉动或有限，但对影响预期至关重要。此外，对于各地住建系统年的主要工作，不少地方还提出了包括继续完善保障性住房体系等相关措施。其中，浙江计划全年建设筹集保障性租赁住房万套（间），开工筹集公租房套以上；湖北计划筹集配租型保障性住房万套，建设配售型保障性住房套。山东将筹建保租房万套（间）、公租房套；安徽新增保障性租赁住房万套（间），发放公租房租赁补贴万户。与此同时，住房租赁市场的金融支持力度也在加大。月日，中国人民银行、金融监管总局联合发布《关于金融支持住房租赁市场发展的意见》，明确商业银行可按照市场化原则发放住房租赁团体购房贷款，支持企业和符合条件的事业单位依法依规批量购买存量闲置房屋用作宿舍型保障性租赁住房，支持专业化规模化住房租赁企业依法依规批量购买存量闲置房屋用作保障性或商业性租赁住房长期持有运营。“此举标志着我国住房租赁金融支持体系进一步完善。”中指研究院研究副总监徐跃进表示，这进一步加强了对住房租赁市场的金融支持力度，有利于拓宽住房租赁企业融资渠道，降低融资成本，使得租赁住房项目更能够“算得过来账”，从而提升住房租赁企业的投资运营积极性，促进住房租赁市场快速健康发展。,0.0029290992722783,2024-01-22 09:41:22
广东：稳定住房消费，支持广州、深圳结合城中村改造规模化建设保障性租赁住房中房报讯，月日，广东省人民政府办公厅印发《广东省进一步提振和扩大消费若干措施的通知》，共提出大方面条措施，其中包括稳定住房消费。通知明确，扩大保障性住房供给。推动重点城市规划建设保障性住房，加快筹建保障性租赁住房，年新增筹建保障性租赁住房不少于万套（间）。支持企事业单位利用自有空闲土地建设保障性租赁住房。鼓励机关事业单位、国有企业等单位将符合安全要求的现有物业改造为保障性租赁住房。简化利用存量土地和房屋改建保障性租赁住房调整规划的手续。支持广州、深圳结合城中村改造规模化建设保障性租赁住房。支持刚性和改善性住房需求。指导银行机构落实差别化住房信贷政策，优化个人住房贷款中住房套数认定标准，支持居民合理购房需求。指导商业银行依法有序调整存量个人住房贷款利率。在依法保障银行机构债权的前提下，推行一手房“带押过户”模式，提高一手房市场流通性。支持有条件的地市结合实际动态提高住房公积金租房提取额度，简化提取手续，推行全程网办。全面推行二手房交易“带押过户”。推进城中村、老旧小区和农房改造。支持广州、深圳、佛山、东莞等超大特大城市积极稳步推进城中村改造。允许住宅专项维修资金用于老旧小区改造和老旧住宅电梯更新改造，支持城镇老旧小区居民提取本人住房公积金用于本人及配偶双方父母的自住房加装电梯等改造，年新开工城镇老旧小区改造工程不少于个。鼓励有条件的地区对既有住宅加装电梯给予补贴，推行广州老旧小区成片连片加装电梯模式。深入实施农房质量安全风貌提升行动，大力推行装配式农房和绿色农房建设。此外，在促进家电和电子产品消费方面，通知提出要促进绿色智能家电消费。引导保障性租赁住房统一进行简单装修后交房，根据市场需求配置必要家电、家具。鼓励有条件的宿舍型保障性租赁住房和学生宿舍配置公共洗衣房、公共厨房，配备绿色智能家电。引导家电企业与房屋租赁企业、工业园区业主、学校等加强合作，开展家电租赁业务。,0.0071552406256706,------
支持广深结合城中村改造规模化建设保租房广东：支持广州、深圳结合城中村改造规模化建设保障性租赁住房广东提出全面落实带薪休假广东省印发广东省进一步提振和扩大消费若干措施。其中提出，扩大保障性住房供给。推动重点城市规划建设保障性住房，加快筹建保障性租赁住房，年新增筹建保障展开,-0.1037582256516607,2023-11-24 16:59:51
广东：支持广州深圳结合城中村改造规模化建设保障性租赁住房财联社月日电，广东省印发广东省进一步提振和扩大消费若干措施。其中提出，扩大保障性住房供给。推动重点城市规划建设保障性住房，加快筹建保障性租赁住房，年新增筹建保障性租赁住房不少于万套（间）。支持企事业单位利用自展开,0.0081135915852577,------
根据住房和城乡建设部消息，超大特大城市正积极稳步推进城中村改造，分三类推进实施：一类是符合条件的实施拆除新建，另一类是开展经常性整治提升，第三类是介于两者之间的实施拆整结合。年月，国务院办公厅印发《关于在超大特大城市积极稳步推进城中村改造的指导意见》，并召开电视电话会议进行部署。各地正按照部署，扎实开展配套政策制定、摸清城中村底数、编制改造项目方案等工作，住房城乡建设部城中村改造信息系统投入运行两个月以来，已入库城中村改造项目个。一线城市探索城中村改造新模式，把握政策释放利好期。广州推进最迅速、政策最丰富：广州年年初计划全年推进个城中村改造项目，完成亿元城市更新固定资产投资目标，并在月发布国内首个针对城中村改造的地方性法规条例《广州市城中村改造条例（征求意见稿）》，月广州安居集团成立，专责从事保障性住房投资、融资、建设和运营管理；北京月底发布《北京市征收集体土地房屋补偿管理办法（征求意见稿）》，明确以房屋安置方式为主，做到安置房先行，尽量缩短期房安置周期，以“限高、扩中、托底”为原则确定安置房安置面积；上海已批准城中村改造项目个，根据计划，年启动城中村改造项目个，到年底中心城区周边城中村项目全面启动，到年底中心城区周边城中村改造项目全面完成，五个新城等重点区域“城中村”改造规模化推进，到年底城中村改造项目全面完成。二三线城市积极推动“房票”补偿方式，去库存效果显著。以金华为例，金华商品房在年月份成交套，环比月份的套上涨，或得益于金华婺城区推出的具有地方特色的房票制度：）城市更新项目给予群众房票补偿：凡在婺城区范围内实施集体土地上房屋征迁的村（居）以房票形式结算的被征收人可自行向参与房票安置工作的房地产开发项目购买一手新建商品住宅；）房票可购买婺城区项目：房票可用于购买婺城新城区、仙源湖旅游度假区、一环以内、一环至二环及二环以外婺城区范围内取得预售许可的商品住宅；）房票可自由转让；）房票在购买一手房时，可在房票面值基础上膨胀至少抵购房款。未来或许将有更多城市探索城市更新及城中村改造补偿的新模式，商品房销售市场或将受益。,-0.0026720303327713,2023-11-26 18:09:51
深圳推进城中村住房改造为保障房月日起正式实施的《深圳市保障性租赁住房管理办法》提出，保障性租赁住房主要面向符合条件的新市民、青年人及各类人才配租。今年，深圳全市计划通过城中村规模化品质化改造提升，筹集保障性住房万套（间），约占全市城中村租赁住房总量的。深圳市安居微展开,0.5191909256831823,2023-11-24 16:29:08
年，深圳全市计划通过城中村规模化品质化改造提升，筹集保障性住房万套（间），约占全市城中村租赁住房总量的。,-0.020356513076139,------
早安深圳新闻资讯来了丨报名即将开始深圳最新招聘教师名今年，深圳启动城中村保障性住房规模化品质化改造提升行动，全市计划通过城中村规模化品质化改造提升，筹集保障性住房万套（间）。深圳市公办中小学面向毕业生公开招聘教师名招聘对象：年月日至年展开,0.0179170933853737,2023-11-24 23:10:28
今年月，深圳市住房和建设局发布了《深圳市城中村保障房规模化品质化改造提升指引》，其中提出了“安全、配套、建筑、绿色”四项改造要点，为全市规范、有序、高效推进城中村保障性住房规模化品质化改造提升提供明确指引。,-0.0019657397030921,------
今日看盘超话近期深圳正在开展城中村保障性住房规模化品质化改造提升工作，年全市计划通过城中村规模化品质化改造提升、筹集保障性住房万套（间），约占全市城中村租赁住房总量的。为避免提高居民住房负担，深圳同时要求城中村保障性住房规模化品质化改造提升由政府主导筹集，改造后的租金以不涨为原则，单套租金原则上与改造前基本持平。,0.0048437778408638,2023-10-14 09:29:18
统租潮下的深圳白芒村今年以来，为推进城中村保障性住房规模化、品质化改造提升，深圳正式拉开了“统租”序幕，位于南山区的白芒村也在此次改造范围内。一时间，数万名租客将面临限期搬离、周边房租上涨、子女上学等困境。月上旬，白芒村“统租”项目暂缓，但统租的“余波”仍改变着他们的生活展开,0.0023243879994531,------
元芬村保障性住房为市民安家全新改造元芬村以规模化、品质化、数字化提供保障性租赁住房，为推进城中村保障性住房规模化品质化改造提升提供明确指引，元芬村曾经过改造的楼栋，以规模化、品质化、数字化为市民提供保障性租赁住房，成为干净、整洁、现代的社区。大湾区新闻的微博视频,-0.0020546144777916,2023-08-06 22:26:54
元芬村保障性住房为市民安家全新改造元芬村以规模化、品质化、数字化提供保障性租赁住房，为推进城中村保障性住房规模化品质化改造提升提供明确指引，元芬村曾经过改造的楼栋，以规模化、品质化、数字化为市民提供保障性租赁住房，成为干净、整洁、现代的社区。保障性租房加速提质展开,0.0058423077803062,2023-08-02 10:23:37
深圳统租房计划阻力不小，到底问题出在哪里？国际情报员深圳西丽街道办回应白芒村统租统租房计划不难理解，就是深圳出面收购当地土著手里的房源，整修后面向广大租客二次出租，政府说是为了改善城中村居住环境但这些年公信力几乎较低，老百姓心里不相信会有这么好的事，更愿意相信是把收割财展开,-0.0157919797119089,2023-08-02 10:20:59
统租潮下白芒村今年以来，为推进城中村保障性住房规模化、品质化改造提升，深圳正式拉开了“统租”序幕，位于南山区的白芒村也在此次改造范围内。一时间，数万名租客将面临限期搬离、周边房租上涨、子女上学等困境。月上旬，白芒村“统租”项目暂缓，但统租的“余波”仍改变着他们的生活。展开,1.0,2023-08-02 10:23:09
深圳的统租改造影响有多大？近期深圳“白芒村统租，被迫搬家”的事件引爆网络，引发了一系列的讨论与猜测。根据此前媒体的报道，位于南山西丽的白芒村因为租金便宜，住着不少在深圳南山周边制造业工厂上班的打工人。但月日，部分房东在出租房上贴了一张通知。根据通知，因为白芒村在政府主导下进行综合整治，该栋楼在统租整治范围内，房东要行使合同解除权，通知租户在年月日前搬离。一石激起千层浪。白芒村的统租话题引发的“租客们被迫集中搬家”“租客遭房东通知限期搬离”，以及孩子上学等问题，通过社交媒体的传播一下展现在了全国人民面前，派生出各种猜测。一些视频中，住户们拉着大包小包，准备离开白芒村，表情复杂，同样引发了网友对深圳统租改造的质疑。月日，“深圳发布”转发了深圳市南山区西丽街道发布的“致居民的一封信”全文，对居民们产生的疑问，包括搬迁时间、补助、学位等问题进行解答。该公开信首先对部分租户收到的“要求在月日前限期搬离的通知”进行回应，西丽街道办事处表示，该通知为个别房东的要求，指挥部已调查并责令整改。租户可根据各自寻找房源的情况自行安排，对于不具备搬离条件的居民不强制搬离并维持房屋原租金标准。同时，还将对愿意搬离的居民给予搬迁补助，并将积极梳理周边房源的信息供有需要的居民参考，协助寻找房源。在保障学位方面，西丽街道办事处表示，符合入学条件在南山区内就读的学生，无论搬离与否都将为其提供保障。这封在舆情引爆半个月后才姗姗来迟的公开信，在一定程度上回应了部分问题，但仍有租户留言表示，有一些重要的问题并没有披露，比如搬迁补助的具体标准是多少？统租后对比统租前的实际租金会不会大涨？租户们的担心并非空穴来风。深圳的统租改造，是由当地一家国企统一收储城中村房源进行改造，并对周边配套升级再进行出租。据悉，此次深圳白芒村“统租”，是由政府出资补贴统租企业，银行提供授信，由统租企业负责推进。换句话说，深汇通从村里将房子统租过来改造后，将成为二房东。而“中间商赚差价”是市场对二房东最显著的印象。不过，由于此次承接统租改造的是深圳国企，租金失控增长的情况或许可以避免。月日，深圳市人才安居集团党委委员、副总经理、安居微棠董事长周柏新在接受深圳报业集团记者采访时说，“改造后的大部分房源，单套租金与改造前基本持平，即便个别房源存在改造成本高而造成租金小幅上涨，涨幅也不会超过原有租金的”。深圳市住房建设局相关负责人亦对媒体表示，城中村保障性住房规模化品质化改造提升由政府主导筹集，改造后的租金以不涨为原则，单套租金原则上与改造前基本持平，即便个别房源因改造成本高、投入较大、建筑结构复杂，也必须严格控制成本、严格控制价格、严格加强价格监督。不过，一些房东在政府提出“涨幅也不会超过原有租金的”的原则后，已经开始了一波涨价。据证券时报记者现场探访，有南山白芒村、平山村的居民告诉记者，自从村里开始“统租”后，一些未被收纳的房源和周边城中村的房源租金立刻水涨船高。“平山村里一些没有参加统租的房东，现在去租房的话租金都上涨了不少。”一位平山村的居民告诉记者，“之前这里的一房一厅月租金在元左右，现在房东刚刚说要元才租。”笔者算了下，从元涨到元，涨幅已经达到了，如果再加上改造后的涨幅，类似的涨幅已经将近，这个涨幅之高令人惊叹。深圳的统租改造影响有多大？（作者：秦朔朋友圈）,-0.0109956626648105,2023-08-02 10:22:06
深圳投亿改造城中村，要做最大“二房东”？白芒村位于深圳南山西丽，与宝安区石岩街道相邻，是深圳一处典型的城中村。白芒村搬迁通知，正式揭开了深圳“统租”的大幕。所谓的“统租”，指的是由政府主导，从房东手中统一租赁房源，进行装修、改造后，再出租给特定群体。可以看出，政府一手展开,-0.6754651746800407,2023-08-02 10:24:15
小湘速递深圳城中村改造后租金原则上不涨价深圳筹集保障房占全市城中村较小部分据深圳特区报，市住房建设局相关负责人表示：城中村保障性住房规模化品质化改造提升由政府主导筹集，改造后的租金以不涨为原则，单套租金原则上与改造前基本持平，即便个别房源因改造成本高、投入较大、建筑结展开,-0.001467152595983,2023-08-02 10:26:10
深圳城中村改造后租金原则上不涨价深圳筹集保障房占全市城中村较小部分据深圳特区报，市住房建设局相关负责人表示：城中村保障性住房规模化品质化改造提升由政府主导筹集，改造后的租金以不涨为原则，单套租金原则上与改造前基本持平，即便个别房源因改造成本高、投入较大、建筑结构复杂，也必须展开,0.1040496557079061,2023-08-02 10:25:20
深圳城中村改造后租金原则上不涨价深圳筹集保障房占全市城中村较小部分据深圳特区报，市住房建设局相关负责人表示：城中村保障性住房规模化品质化改造提升由政府主导筹集，改造后的租金以不涨为原则，单套租金原则上与改造前基本持平，即便个别房源因改造成本高、投入较大、建筑结构复杂，也展开,0.0173721880740804,2023-08-02 18:13:34
深圳官方回应城中村统租问题深圳城中村统租：有租客拿到补助火速搬离，有房东不愿给补贴官方回应“我们是公司统一安排居住在城中村的，现在因为统租不得不搬离，跟房东协商后，退了押金并补偿了一个月房租，我们现在打算搬回公司宿舍住。”月日下午，正在搬家的租户谢萍向记者介绍道。统租，顾名思义即由相关单位对城中村房源进行统一改造，然后对相关设施进行配套升级，再对外出租。但是，计划的好事因为深圳城中村租客的种种疑虑引发了舆论关注。在此之前，深圳已对多个城中村进行整治和改造，之所以此次引起广泛关注，主要有两点，一是统租范围偏大，二是引起了部分租户较大反弹。月日，据深圳发布官微，深圳市住建局相关负责人公开回应称，全市城中村整治提升划分为综合提升类、产业配套类、特色发展类、控制引导类和基本保障类等类。其中，仅部分综合提升类、产业配套类城中村涉及城中村保障性住房规模化品质化改造提升。其余类别均不涉及城中村保障性住房筹集。“城中村保障性住房规模化品质化改造提升由政府主导筹集，改造后的租金以不涨为原则，单套租金原则上与改造前基本持平，即便个别房源因改造成本高、投入较大、建筑结构复杂，也必须严格控制成本、严格控制价格、严格加强价格监督。”（每日经济新闻；阿法）深圳城中村统租：有租客拿到补助火速搬离，有房东不愿给补贴官方回应,-0.1241818942255442,2023-08-02 13:52:20
国家发展改革委等部门印发《关于促进电子产品消费的若干措施》。其中提出，加快电子产品技术创新。顺应新一轮科技革命和产业变革趋势，推动供给端技术创新和产业升级，促进电子产品消费升级。鼓励科研院所和市场主体积极应用国产人工智能技术提升电子产品智能化水平，增强人机交互便利性。依托虚拟现实、超高清视频等新一代信息技术，提升电子产品创新能力，培育电子产品消费新增长点。持续推动家电下乡。有条件的地区可对绿色智能家电下乡、家电以旧换新等予以适当补贴，按照产品能效、水效等予以差异化政策支持。有序推进农村地区清洁取暖，提升农村用能电气化水平和可再生能源比重。因地制宜支持环保灶具、空气源热泵、燃气壁挂炉、太阳能热水器、家用储能设备等绿色节能家电推广使用。商务部等部门印发关于促进家居消费若干措施的通知。其中提到，组织开展家居焕新活动，鼓励有条件的地区出台针对性政策措施，引导企业提高家居消费供给质量和水平，提供更多高品质、个性化、定制化家居产品，加大优惠力度，支持居民更换或新购绿色智能家居产品、开展旧房装修。月日，财政部税政司副司长魏岩表示，下一步，财政部在落实好今年已出台的多项政策基础上，针对形势的变化，加强政策储备，积极谋划针对性强、务实管用的税费优惠政策，着力为经营主体纾困解难，不断增强发展动能，优化经济结构，推动经济持续回升向好。月日，商务部外国投资管理司司长朱冰表示，我们将推动合理缩减外资准入负面清单，进一步取消或放宽外资准入限制。修订《外国投资者对上市公司战略投资管理办法》，进一步放宽外国投资者对上市公司战略投资限制。中国经济“半年报”重磅出炉。上半年国内生产总值同比增长，比一季度加快个百分点。其中，二季度同比增长，环比增长。上半年全国规模以上工业增加值同比增长。上半年社会消费品零售总额同比增长。上半年固定资产投资（不含农户）同比增长。分领域看，基础设施投资增长，制造业投资增长，房地产开发投资下降。为进一步完善全口径跨境融资宏观审慎管理，继续增加企业和金融机构跨境资金来源，引导其优化资产负债结构，中国人民银行、国家外汇局决定将企业和金融机构的跨境融资宏观审慎调节参数从上调至，于年月日实施。月日，最新一期贷款市场报价利率（）出炉，年期报，上月为；年期以上报，上月为。均维持不变。美国截至月日当周，美国初请失业金人数下降到万，远低于预期的万，这是自月份以来的最低水平。数据表明，就业市场依然强劲。这在支撑消费者支出方面发挥了重要作用，并为今年经济避免衰退带来了希望,0.0029649627772524,2023-07-25 00:29:52
最新事关你的家，部门发文近日印发的《商务部等部门关于促进家居消费若干措施的通知》日对外公布。通知提出，组织开展家居焕新活动，加大优惠力度，支持居民更换或新购绿色智能家居产品、开展旧房装修。网页链接,0.0025640160709329,2023-07-24 19:16:15
近日印发的《商务部等部门关于促进家居消费若干措施的通知》日对外公布。通知提出，组织开展家居焕新活动，加大优惠力度，支持居民更换或新购绿色智能家居产品、开展旧房装修。通知涵盖大力提升供给质量、积极创新消费场景、有效改善消费条件、着力优化消费环境等四方面条具体措施。在大力提升供给质量方面，方案提出，完善绿色供应链、创新培育智能消费、提高家居适老化水平。包括促进企业加大绿色家居产品研发力度，大力发展绿色家装、装配式装修；加快智能家电等家居产品研发；制定发布老年用品产品推广目录，加快制定家居产品适老化设计通用标准。在积极创新消费场景方面，方案提出，推动业态模式创新发展、支持旧房装修、开展促消费活动。包括鼓励有条件的地区有序发展二手家居流通产业；通过政府支持、企业促销等多种方式，支持居民开展旧房装修和局部升级改造；引导企业提高家居消费供给质量和水平，提供更多高品质、个性化、定制化家居产品。在有效改善消费条件方面，方案提出，发展社区便民服务、完善废旧物资回收网络、促进农村家居消费。包括引导家居企业、电商平台等下沉农村市场；深入开展绿色建材下乡活动，有条件的地区应对绿色建材消费予以适当补贴或贷款贴息；鼓励有条件的地区开展家电家具家装下乡。在着力优化消费环境方面，方案提出，规范市场秩序、加强政策支持。包括依法打击家居消费领域假冒伪劣、偷工减料、价格欺诈等行为；鼓励行业协会等探索实施家居行业“黑名单”制度；鼓励金融机构在依法合规、风险可控前提下，加强对家居消费的信贷支持。,0.0311682466730181,2023-07-23 17:02:53
券商观点华泰证券：促消政策细则落地提振家居消费活力板块估值有望修复华泰证券发布研究报告称，月日，商务部等部门发布《关于促进家居消费若干措施的通知》，通知从提升供给质量、创新消费场景、改善消费条件、优化消费环境四大方面提出具体举措促进家居消费。其中，供给端强调支持绿色展开,0.0050182222180073,------
特别关注部门促进家居消费近日印发的《商务部等部门关于促进家居消费若干措施的通知》日对外公布。通知提出，组织开展家居焕新活动，加大优惠力度，支持居民更换或新购绿色智能家居产品、开展旧房装修。通知涵盖大力提升供给质量、积极创新消费场景、有效改善消费条件、着力优化消费环境等四方面条具体措施。详情请看网页链接（刘宏宇）,0.0025722704700038,2023-07-20 16:28:00
事关你的家，部门发文栖霞融媒部门促进家居消费支持居民家居焕新近日印发的《商务部等部门关于促进家居消费若干措施的通知》日对外公布。通知提出，组织开展家居焕新活动，加大优惠力度，支持居民更换或新购绿色智能家居产品、开展旧房装修。通知涵盖大力提升供给质量、积极创新消费场景、有效改善消费条件、着力优化消费环境等四方面条具体措施。在大力提升供给质量方面，方案提出，完善绿色供应链、创新培育智能消费、提高家居适老化水平。包括促进企业加大绿色家居产品研发力度，大力发展绿色家装、装配式装修；加快智能家电等家居产品研发；制定发布老年用品产品推广目录，加快制定家居产品适老化设计通用标准。在积极创新消费场景方面，方案提出，推动业态模式创新发展、支持旧房装修、开展促消费活动。包括鼓励有条件的地区有序发展二手家居流通产业；通过政府支持、企业促销等多种方式，支持居民开展旧房装修和局部升级改造；引导企业提高家居消费供给质量和水平，提供更多高品质、个性化、定制化家居产品。在有效改善消费条件方面，方案提出，发展社区便民服务、完善废旧物资回收网络、促进农村家居消费。包括引导家居企业、电商平台等下沉农村市场；深入开展绿色建材下乡活动，有条件的地区应对绿色建材消费予以适当补贴或贷款贴息；鼓励有条件的地区开展家电家具家装下乡。在着力优化消费环境方面，方案提出，规范市场秩序、加强政策支持。包括依法打击家居消费领域假冒伪劣、偷工减料、价格欺诈等行为；鼓励行业协会等探索实施家居行业“黑名单”制度；鼓励金融机构在依法合规、风险可控前提下，加强对家居消费的信贷支持。来源：新华社,0.0,------
月日，商务部、住建部等部门发布的关于促进家居消费若干措施的通知指出，鼓励各地结合城镇老旧小区改造等工作，支持居民开展旧房装修和局部升级改造,0.0158229115868012,2023-07-20 21:30:01
条政策措施，如何促进家居消费？月日，商务部等部门发布《关于促进家居消费若干措施的通知》。个方面、条政策措施，以绿色化、智能化、适老化为“发力点”，鼓励各地结合老旧小区改造，通过政府支持、企业促销等多种方式，支持居民开展旧房装修和局部升级改造。点击视频，一起观看。新闻一加一的微博视频,0.0163891514528757,2023-07-20 09:38:49
“商务部等部门发文支持居民开展旧房装修和局部升级改造”，居民很高兴，还需要钱和时间助阵,-0.0466583767445826,2023-07-20 09:28:10
部门：支持居民开展旧房装修改造近日，商务部等部门发文促进家居消费，鼓励家居消费促销，支持居民开展旧房装修和局部升级改造。网友评论：政府给钱吗？有钱谁不想把房子装修得好些，住得舒服些？这还用你鼓励吗？简直大言不惭,-0.0016523186055398,2023-07-20 15:56:46
部门发布促进家居消费若干措施支持居民开展旧房装修和局部升级改造发布时间：新华社电近日印发的《商务部等部门关于促进家居消费若干措施的通知》月日对外公布。通知提出，组织开展家居焕新活动，加大优惠力度，支持居民更换或新购绿色智能家居产品、开展旧房装修。展开,-0.0051921956773865,2023-07-20 11:01:46
部门：发布促进家居消费若干措施商务部等部门关于促进家居消费若干措施的通知。明确提出支持旧房装修、促进绿色家居消费、智能家居消费、提升家居适老化水平，促进农村家居消费等。重点提到的“家居消费”，涨幅不算大，逻辑是家居本是房地产的一环，现在促消费政策跨过了房子，直接从装修着展开,0.0005588024174153,2023-07-20 10:28:07
部门鼓励金融机构加强对家居消费的信贷支持事件：近日，商务部等部门发布关于促进家居消费若干措施的通知。其中提出，组织开展家居焕新活动，鼓励有条件的地区出台针对性政策措施，引导企业提高家居消费供给质量和水平，提供更多高品质、个性化、定制化家居产品，加大优惠力度，支持居民更展开,1.0,------
鼓励出台针对性政策措施促进家居消费商务部等部门发布关于促进家居消费若干措施的通知，其中提出，组织开展家居焕新活动，鼓励有条件的地区出台针对性政策措施，引导企业提高家居消费供给质量和水平，提供更多高品质、个性化、定制化家居产品，加大优惠力度，支持居民更换或新购绿色智能家居产品、开展旧房装修。相关个股：顶固集创（）、喜临门（）等。,-0.2221093476867237,2023-07-20 08:52:22
正在装修的朋友注意啦部门发文促进家居消费商务部等部门关于促进家居消费若干措施的通知商消费发号各省、自治区、直辖市人民政府，新疆生产建设兵团家居消费涵盖家电、家具、家纺、家装等多个领域，是居民消费的重要组成部分，是人民对美好生活需要的直接体现。为贯彻落实党中展开,-0.0085544273983872,------
部门促进家居消费支持居民家居焕新部门促进家居消费支持居民家居焕新近日印发的《商务部等部门关于促进家居消费若干措施的通知》日对外公布。通知提出，组织开展家居焕新活动，加大优惠力度，支持居民更换或新购绿色智能家居产品、开展旧房装修。通知涵盖大力提升供给质量、积极展开,-0.0017997604171223,2023-07-20 08:04:00
部门发文支持旧房装修部门发文促进家居消费商务部等部门发布关于促进家居消费若干措施的通知。通知里提到，支持旧房装修。鼓励各地结合城镇老旧小区改造等工作，通过政府支持、企业促销等多种方式，支持居民开展旧房装修和局部升级改造。鼓励企业开展旧房翻新设计大赛，展示升级改造优秀展开,0.0023391053792758,------
部门发文支持旧房装修部门发文促进家居消费商务部等部门发布关于促进家居消费若干措施的通知。通知里提到，支持旧房装修。鼓励各地结合城镇老旧小区改造等工作，通过政府支持、企业促销等多种方式，支持居民开展旧房装修和局部升级改造。鼓励企业开展旧房翻新设计大赛，展示升级改造优秀案例，打造旧房装修和局部改造样板间，推出价格实惠的产品和服务套餐，满足多样化消费需求。（来源：央视财经）,0.6763007010353937,2023-07-20 16:00:59
促进家居消费，支持旧房装修商务部等部门发文月日，商务部等部门关于促进家居消费若干措施的通知指出，支持家居企业开展绿色制造，鼓励有条件的地区对绿色制造示范企业出台针对性政策措施，鼓励有条件的地区对居民购买绿色家电、绿色家具、绿色建材等绿色家居产品给予支持；制定发布老年用品产品推广目录，加快制定家居产品适老化设计通用标准。支持符合条件的家居卖场等商业网点项目发行；鼓励金融机构在依法合规、风险可控前提下，加强对家居消费的信贷支持。支持旧房装修，鼓励各地结合城镇老旧小区改造等工作，通过政府支持、企业促销等方式，支持居民开展旧房装修和局部升级改造。鼓励企业开展旧房翻新设计大赛，展示升级改造优秀案例，打造旧房装修和局部改造样板间，推出价格实惠的产品和服务套餐，满足多样化消费需求。,-0.0021178722345777,------
月日，中国人民银行、金融监管总局中国证监会联合召开电视会议，研究落实金融支持实体经济发展和防范化解金融风险有关工作。会议强调，要注意挖掘新的信贷增长点，大力支持中小微企业、绿色发展、科技创新、制造业等重点领域，积极推动城中村改造、“平急两用”公共基础设施建设。,0.6691039786119044,2023-08-21 15:10:37
一行一局一会首次开会新意？针对哪两个重点和焦点问题？月日，中国人民银行、金融监管总局、中国证监会联合召开电视会议，研究落实金融支持实体经济发展和防范化解金融风险有关工作。这是国务院机构改革以来金融监管层面首次联合举办会议，针对的是支持实体经济发展和防控风险两大难题。这是当下市场迫切关注的焦点问题。宏观政策陆续推出，但是经济增速还在下降，恒大、碧桂园多家巨型房企暴雷，多个理财产品暴雷、股市走低风声鹤唳的当下，一行一局一会的会议受到高度重视。央行一把手、金融监管总局二把手，中国证监会第一副主席出席会议并讲话。会议首先总结了成绩，今年以来金融持续支持实体经济恢复和回升向好。今年月，新增人民币贷款万亿元，同比多增万亿元，广义货币供应量（）、社会融资规模、人民币贷款余额保持较快增长。社会融资成本继续下降，月企业贷款利率为，同比下降个百分点。信贷结构持续优化，普惠小微贷款、绿色贷款、制造业中长期贷款增速均高于各项贷款增速，金融支持重点领域和薄弱环节取得显著成效。会议指出问题，我国经济恢复是一个波浪式发展、曲折式前进的过程。金融部门继续落实好稳健货币政策精准有力的要求，用好政策空间、找准发力方向，不断推动经济运行持续好转、内生动力持续增强、社会预期持续改善、风险隐患持续化解。会议然后强调，金融支持实体经济力度要够、节奏要稳、结构要优、价格要可持续，这是政治局会议尚未提及，也是金融部门的新提法，也是贯彻宏观调控的逆周期和跨周期调剂，要从从力度、节奏、结构以及价格等四方面来强调金融如何大力支持实体经济。具体做法分别为，一是从力度上，主要金融机构要主动担当作为，加大贷款投放力度，国有大行要继续发挥支柱作用。二是从节奏上，要注重保持好贷款平稳增长的节奏，适当引导平缓信贷波动，增强金融支持实体经济力度的稳定性。三是从重点上，要注意挖掘新的信贷增长点，大力支持中小微企业、绿色发展、科技创新、制造业等重点领域，积极推动城中村改造、“平急两用”公共基础设施建设。调整优化房地产信贷政策。四是从价格上，要继续推动实体经济融资成本稳中有降，规范贷款利率定价秩序，统筹考虑增量、存量及其他金融产品价格关系。五是从路径上，要发挥好存款利率市场化调整机制的重要作用，增强金融支持实体经济的可持续性，切实发挥好金融在促消费、稳投资、扩内需中的积极作用。会议要求，金融部门要防范化解重点领域风险的精神，统筹协调金融支持地方债务风险化解工作，丰富防范化解债务风险的工具和手段，强化风险监测、评估和防控机制，推动重点地区风险处置，牢牢守住不发生系统性风险的底线。与会者包括政策性金融机构、商业性金融机构等负责人。金融机构需要高度重视，加强对实体经济的支持，促进经济恢复和增长，至少到经济潜在增速，同时加强防范化解重点领域风险，通过促进发展来解决发展中的风险问题。经济增长风险防控一行一局一会,0.042932662144961,------
股盘面直播持续更新与小财一起看盘月日股盘面直播：股月日涨停分析今日共股涨停，连板股总数只，股封板未遂，封板率为（不含股、退市股及未开板新股）。个股方面，次新股长青科技板、碧兴物联科创板板、海通发展板、联合水务板，环保板块启迪环境板、国泰环保创业板板、正和生态板，基建股美丽生态板，智能驾驶的华是科技创业板天板，算力板块鸿博股份天板、亚康股份创业板首板。今日收涨个股只，收跌个股只。收评：沪指跌失守点两市成交金额不足亿财联社月日电，大盘全天低开低走，三大指数均跌超，沪指跌破点。盘面上，环保股震荡走强，清研环境、超越科技、东方园林等多股涨停。次新股继续活跃，美能能源、联合水务、光华股份等涨停。概念股展开反弹，算力方向领涨，亚康股份、鸿博股份、英飞拓涨停。下跌方面，券商股集体调整，华泰证券跌超。总体上个股跌多涨少，两市超只个股下跌。沪深两市今日成交额亿，较上个交易日缩量亿。板块方面，算力租赁、环保、燃气、次新股等板块涨幅居前，证券、医药商业、物流、机场等板块跌幅居前。截至收盘，沪指跌，深成指跌，创业板指跌。北向资金全天净卖出亿元，其中沪股通净卖出亿元，深股通净卖出亿元。沪指跌破点财联社月日电，指数持续走低，沪指盘中跌破点关口。三大指数均跌逾沪指逼近点关口财联社月日电，指数走弱，沪指下挫跌逾，逼近点，深成指跌，创业板指跌。机场、证券、房地产、物流等方向跌幅居前，两市下跌个股近只。深成指跌逾下跌个股近只财联社月日电，指数走弱，深成指下挫跌逾，沪指跌，创业板指跌。机场、证券、房地产、物流等方向跌幅居前，两市下跌个股近只。主力资金监控：东方财富净卖出超亿元财联社月日电，财联社星矿数据显示，今日主力资金净流入计算机、轻工制造、通信等板块，净流出非银金融、证券、电新行业等板块，其中非银金融板块净流出亿元。个股方面，鸿博股份涨停，主力资金净买入亿元，协昌、英飞拓、久其软件获主力资金净流入居前；东方财富遭净卖出超亿元，中信证券、华泰证券、上海机场等主力资金净流出额居前。天然气板块异动走高水发燃气触及涨停财联社月日电，水发燃气触及涨停，首华燃气、陕天然气、美能能源、贵州燃气等快速跟涨。消息面上，受澳大利亚工厂罢工担忧影响，欧洲基准天然气价格一度涨。另据德国经济部日前发布的最新报告称，德国的天然气价格可能会飙升，并至少在年之前保持在高位。点快评：下跌个股明显增多短线情绪逆势反弹大盘午后震荡回落，三大指数跌幅扩大，创业板指跌近。盘面上个股跌多涨少，两市超只个股下跌，午后下跌个股明显增多。午后第一个小时市场成交量较上个交易日缩量亿。板块方面，算力、环保、、次新等板块涨幅居前，午后市场新增热点匮乏，短线资金再度炒作次新股；机场、医药商业、证券、物流等板块跌幅居前。短线情绪指标显示，市场短线情绪午后逆势反弹，目前处于轴下方。农业板块下挫万辰生物跌超财联社月日电，万辰生物、华绿生物双双跌超，众兴菌业、万向德农、雪榕生物等跌幅靠前。消息面上，万辰生物上半年业绩由盈转亏万元。次新股继续活跃长青科技连板财联社月日电，碧兴物联、国泰环保涨停，长青科技连板，海通发展、光华股份涨停。市场主线：次新股持续活跃券商板块陷入调整留意热点轮动中的短线机会今日市场延续震荡整理态势，其中算力以及数字经济方向再度逆势走强，而环保与次新股方向同样延续了上周五强势表现。总体而言，市场小票的赚钱效应相对较好。另一方面，券商板块陷入整理，其中大市值龙头遭遇补跌，东方财富与中信证券双双跌超。此外机场与储能板块再度双双走弱，也反映出市场亏钱效应仍未完全修复。总体而言，在市场整体尚未出现明确的止跌企稳信号之前，应对上保持谨慎，或可更多关注热点板块轮动中的短线机会。月日午间涨停分析今日午盘两市共股涨停，连板股总数只，股封板未遂，封板率为（不含股、退市股及未开板新股）。个股方面，环保园林板块启迪环境板、美丽生态板、正和生态板，次新股碧兴物联科创板板、国泰环保创业板板、海通发展板，算力板块鸿博股份天板。午评：三大指数小幅下跌算力、环保概念股逆势活跃财联社月日电，市场早盘震荡下跌，三大指数盘中均续创调整新低，创业板指领跌。盘面上，概念股展开反弹，算力方向领涨，亚康股份、鸿博股份涨停；数据要素概念股震荡走强，新炬网络、达华智能涨停；信创概念股迎来反弹，久其软件、南天信息、英飞拓涨停。环保股盘中拉升，东方园林、太和水、启迪环境等多股涨停。次新股继续活跃，碧兴物联、国泰环保、海通发展涨停。下跌方面，机场股大跌，上海机场、白云机场双双跌停。券商股展开调整，华泰证券跌近。总体上个股涨多跌少，两市近只个上涨。沪深两市今日成交额亿，较上个交易日缩量亿。板块方面，算力租赁、环保、、国资云等板块涨幅居前，机场、证券、医药商业、物流等板块跌幅居前。截至收盘，沪指跌，深成指跌，创业板指跌。北向资金方面，沪股通早盘净流出亿，深股通早盘净流入亿。上海机场触及跌停成交金额超亿元财联社月日电，上海机场盘中股价触及跌停，成交金额超亿元，另外白云机场股价亦逼近跌停。主力资金监控：鸿博股份净买入超亿元财联社月日电，财联社星矿数据显示，今日早盘主力资金净流入计算机、通信、轻工制造等板块，净流出非银金融、证券、电新行业等板块，其中非银金融板块净流出超亿元。个股方面，鸿博股份涨停，主力资金净买入亿元，协昌、英飞拓、久其软件获主力资金净流入居前；东方财富遭净卖出超亿元，中信证券、盟固利、华泰证券主力资金净流出额居前。环保股再度拉升国泰环保等多股涨停财联社月日电，国泰环保、碧兴物联涨停，清研环境涨超，太和水、正和生态、启迪环境涨停，东方园林、同兴环保等涨超。储能板块低迷阳光电源等多股跌超财联社月日电，阳光电源、固德威、华宝新能均大跌超，孚能科技、德业股份、锦浪科技、阿特斯、华自科技等跌幅靠前。数据要素概念股持续走强首都在线涨超财联社月日电，首都在线涨超，达华智能涨停，铜牛信息、科创信息、慧博云通、山大地纬、海量数据等涨超。消息面上，月初以来，北京、上海、深圳、长沙、贵州等地相继发布了数据要素相关法规，政策密集落地。点快评：资金早盘回流算力方向短线情绪跌至低迷区市场早盘震荡调整，三大指数均小幅下跌。成交量方面，前半个小时两市成交量较上个交易日同时段放量亿。盘面上个股涨多跌少，两市超只个股上涨。板块方面，算力租赁、纺织服装、国资云、等板块涨幅居前，资金早盘回流算力方向；机场、证券、医药商业、物流等板块跌幅居前。情绪指标显示，市场短线情绪开盘后快速回落，跌至低迷区。板块震荡走高铭普光磁涨停财联社月日电，铭普光磁涨停，兆龙互连大涨，剑桥科技、博创科技、新易盛、中际旭创快速跟涨。算力概念持续走高鸿博股份天板财联社月日电，鸿博股份天板，亚康股份涨停，南凌科技、首都在线、科创信息、神州数码、铜牛信息等均涨超。消息面上，近日闭幕的中国算力大会、第二届“西部数谷”算力产业大会累计签订投资项目合同个、合同金额亿元。纺织服装板块异动拉升如意集团涨停财联社月日电，如意集团、联发股份涨停，安奈儿、日播时尚、彩蝶实业、报喜鸟等快速跟涨。创业板指跌逾回到点下方财联社月日电，指数走弱，创业板指下挫跌逾，沪指跌，深成指跌。机场、医药、物流、证券等板块跌幅居前，两市下跌个股近只。概念股持续调整多股跌超财联社月日电，合富中国、人民同泰、第一医药、开开实业跌超，英特集团、塞力医疗、药易购等跟跌。证券板块走低中信证券领跌财联社月日电，券商股早盘走低，中信证券跌超，华泰证券、东方财富、中信建投、东吴证券、中国银河等纷纷走低。民航机场板块下挫上海机场大跌财联社月日电，上海机场、白云机场均大跌，南方航空、中国东航、中国国航等跟跌。次新股板块表现分化碧兴物联连板财联社月日电，海通发展、碧兴物联连板，光华股份涨停，北方长龙涨超。锴威特、信宇人、金杨股份、威马、德福则跌超。信创概念股震荡反弹南天信息涨停财联社月日电，南天信息、久其软件、新炬网络涨停，天亿马、真视通、普联软件、中亦科技、英飞拓等涨超。消息面上，易方达、华夏等公募将上报信创。医药医疗板块走低多股跌超财联社月日电，医药医疗股早盘走低，合富中国跌近，人民同泰、华人健康、开开实业、宣泰医药等跌超。算力概念股快速拉升亚康股份涨超财联社月日电，亚康股份涨超，立昂技术、鸿博股份、铜牛信息、首都在线、城地香江等跟涨。消息面上，工信部部长金壮龙近日表示要加快建设全国一体化算力网络国家枢纽。供销社概念股开盘异动天禾股份涨停财联社月日电，天禾股份涨停，天鹅股份、中农联合、浙农股份、湖南发展、新力金融等跟涨。新型城镇化板块延续强势启迪环境连板财联社月日电，启迪环境连板，正和生态、霍普股份涨超，森赫股份、金埔园林、大宏立、美丽生态等跟涨。消息面上，央行、金融监管总局、中国证监会联合召开电视会议，研究落实金融支持实体经济发展和防范化解金融风险有关工作，提出积极推动城中村改造、“平急两用”公共基础设施建设。竞价看龙头财联社月日电，市场焦点股长青科技（板）平开，次新股盟固利（创业板板）高开、碧兴物联（科创板首板）高开、光格科技（科创板首板）低开，一带一路概念股哈焊华通（创业板板）高开、高铁电气（科创板首板）低开，环保园林板块启迪环境（板）高开、美丽生态（板）低开、建工修复（创业板首板）平开，机器人概念股新时达（板）高开。三大指数集体低开财联社月日电，沪指低开，深成指低开，创业板指低开，概念、跨境支付、证券等板块指数跌幅居前。,-1.0,2023-08-21 14:35:55
清检分享三部门推动落实首套房贷款认房不认贷近日住房城乡建设部、中国人民银行、金融监管总局联合印发了《关于优化个人住房贷款中住房套数认定标准的通知》，推动落实购买首套房贷款“认房不用认贷”政策措施。通知明确，居民家庭（包括借款人、配偶及未成年子女）申请贷款购买商品住房时，家庭成员在当地名下无成套住房的，不论是否已利用贷款购买过住房，银行业金融机构均按首套住房执行住房信贷政策。此项政策作为政策工具，纳入“一城一策”工具箱，供城市自主选用。据住房城乡建设部有关负责同志介绍，此项政策将使更多购房人能够享受首套房贷款的首付比例和利率优惠，有助于降低居民购房成本，更好满足刚性和改善性住房需求。首套房贷款认房不认贷网页链接,0.0,2023-08-27 18:00:18
三部门印发通知推动释放购房需求“认房不认贷”是否会在广东落地？近日，住房城乡建设部、中国人民银行、金融监管总局联合印发了《关于优化个人住房贷款中住房套数认定标准的通知》，推动落实购买首套房贷款“认房不认贷”政策措施。这一政策能释放多大购房需求？在广东会如何落地？记者采访了相关人士。《通知》明确，居民家庭（包括借款人、配偶及未成年子女）申请贷款购买商品住房时，家庭成员在当地名下无成套住房的，不论是否已利用贷款购买过住房，银行业金融机构均按首套住房执行住房信贷政策。如果执行“认房不认贷”政策，只要所在城市无房，即便有贷款（记录或在偿）也可以首套房身份买房；并且此次政策提出将“以家庭为单位”来认定首套房产，调整到“家庭成员为单位”，意味着可以释放出更多的需求。那么接下来在广东，尤其是广州、深圳等地是否会落地“认房不认贷”措施呢？目前，房地产政策是“一城一策”，此次住建部的表述为：此项政策作为政策工具，纳入“一城一策”工具箱，供城市自主选用。因此，具体是否实行“认房不认贷”，要由各个城市决定。目前，广州市住房和城乡建设局官网暂未公布相关政策。也有专家表示，当前“房住不炒”仍是主基调，对于一线热门城市，特别是涉及二套房的政策，要看各城市的具体情况。广东新闻联播的微博视频,-0.2265222010718378,2023-08-28 08:54:17
三部门推动落实首套房贷款认房不认贷近日住房城乡建设部、中国人民银行、金融监管总局联合印发了《关于优化个人住房贷款中住房套数认定标准的通知》，推动落实购买首套房贷款“认房不用认贷”政策措施。通知明确，居民家庭（包括借款人、配偶及未成年子女）申请贷款购买商品住房时，家庭成员在当地名下无成套住房的，不论是否已利用贷款购买过住房，银行业金融机构均按首套住房执行住房信贷政策。此项政策作为政策工具，纳入“一城一策”工具箱，供城市自主选用。据住房城乡建设部有关负责同志介绍，此项政策将使更多购房人能够享受首套房贷款的首付比例和利率优惠，有助于降低居民购房成本，更好满足刚性和改善性住房需求。首套房贷款认房不认贷网页链接,0.0295493066930979,------
深圳无房有贷购房者首付或降至近日，住房城乡建设部、中国人民银行、金融监管总局联合印发了《关于优化个人住房贷款中住房套数认定标准的通知》，推动落实购买首套房贷款“认房不用认贷”政策措施。通知明确，居民家庭（包括借款人、配偶及未成年子女）申请贷款购买商品住房时，家庭成员在展开,-0.0582283571339983,2023-08-26 23:04:50
推动落实买首套房贷款认房不用认贷近日，住房城乡建设部、中国人民银行、金融监管总局联合印发了《关于优化个人住房贷款中住房套数认定标准的通知》，推动落实购买首套房贷款“认房不用认贷”政策措施。通知明确，居民家庭（包括借款人、配偶及未成年子女）申请贷款购买商品住房时，家庭成员在当地名下无成套住房的，不论是否已利用贷款购买过住房，银行业金融机构均按首套住房执行住房信贷政策。此项政策作为政策工具，纳入“一城一策”工具箱，供城市自主选用。新华社央视新闻出彩焦作向未来行走怀川纷享焦作央视新闻的微博视频,0.0271626073508489,2023-08-26 22:44:41
三部门推动落实首套房贷款认房不认贷近日住房城乡建设部、中国人民银行、金融监管总局联合印发了《关于优化个人住房贷款中住房套数认定标准的通知》，推动落实购买首套房贷款“认房不用认贷”政策措施。通知明确，居民家庭（包括借款人、配偶及未成年子女）申请贷款购买商品住房时，家庭成员在展开,0.0051073126534792,2023-08-26 23:19:17
关于贷款套数认定、个税退税优惠，这些重磅购房政策明确日从住房和城乡建设部获悉，近日住房城乡建设部、中国人民银行、金融监管总局联合印发了《关于优化个人住房贷款中住房套数认定标准的通知》，推动落实购买首套房贷款“认房不用认贷”政策措施。通知明确，居民家庭（包括借款人、配偶及未成年子女）申请贷款购买商品住房时，家庭成员在当地名下无成套住房的，不论是否已利用贷款购买过住房，银行业金融机构均按首套住房执行住房信贷政策。此项政策作为政策工具，纳入“一城一策”工具箱，供城市自主选用。据住房城乡建设部有关负责同志介绍，此项政策将使更多购房人能够享受首套房贷款的首付比例和利率优惠，有助于降低居民购房成本，更好满足刚性和改善性住房需求。三部门：延续实施支持居民换购住房有关个人所得财政部、税务总局、住房城乡建设部发布《关于延续实施支持居民换购住房有关个人所得税政策的公告》。自年月日至年月日，对出售自有住房并在现住房出售后年内在市场重新购买住房的纳税人，对其出售现住房已缴纳的个人所得税予以退税优惠。其中，新购住房金额大于或等于现住房转让金额的，全部退还已缴纳的个人所得税；新购住房金额小于现住房转让金额的，按新购住房金额占现住房转让金额的比例退还出售现住房已缴纳的个人所得税。本公告所称现住房转让金额为该房屋转让的市场成交价格。新购住房为新房的，购房金额为纳税人在住房城乡建设部门网签备案的购房合同中注明的成交价格；新购住房为二手房的，购房金额为房屋的成交价格。来源：新华社、央视新闻客户端,1.0,2023-08-28 07:26:13
三部门推动落实首套房认房不认贷相比之前的认房又认贷，住房城乡建设部、中国人民银行、金融监管总局近期联合印发的《关于优化个人住房贷款中住房套数认定标准的通知》，未来的政策是认房不认贷。我以为，这种改变在很大程度上体现出在坚持房住不炒的同时，对住房刚需以及改善性住房需求的保障力度增强。一方面，认房就是为了防止炒作，落实房住不炒，避免个别人占用过多住房。另一方面，不认贷意味着只要是为了满足合理的住房需求，至少从房贷上不再是一个硬杠杠。在当下，要稳定房价，促进房地产行业健康发展，三部委出台这个通知是十分必要的，是非常及时的，但还需要有后续配套动作跟进。,-0.0073398633281021,2023-08-27 10:07:01
深圳无房有贷购房者首付或降至近日，住房城乡建设部、中国人民银行、金融监管总局联合印发了《关于优化个人住房贷款中住房套数认定标准的通知》，推动落实购买首套房贷款“认房不用认贷”政策措施。通知明确，居民家庭（包括借款人、配偶及未成年子女）申请贷款购买商品住房时，家庭成员在当地名下无成套住房的，不论是否已利用贷款购买过住房，银行业金融机构均按首套住房执行住房信贷政策。此项政策作为政策工具，纳入“一城一策”工具箱，供城市自主选用。目前，深圳无房有贷户首付为，若实行“认房不认贷”政策，那么符合条件的购房者首付成本将降至。详情戳深圳无房有贷购房者首付或降至,-0.2740121034229416,2023-08-27 01:25:45
住建部、央行、金融监管总局发布《关于优化个人住房贷款中住房套数认定标准的通知》，推动落实购买首套房贷款“认房不用认贷”政策措施。居民家庭（包括借款人、配偶及未成年子女）申请贷款购买商品住房时，家庭成员在当地名下无成套住房的，不论是否已利用贷款购买过住房，银行业金融机构均按首套住房执行住房信贷政策。此项政策作为政策工具，纳入“一城一策”工具箱，供城市自主选用。,0.0223889938239382,2023-08-27 01:19:38
重磅首套房贷款“认房不用认贷”三部门推动落实购买首套房贷款“认房不用认贷”政策措施记者日从住房和城乡建设部获悉，近日住房城乡建设部、中国人民银行、金融监管总局联合印发了《关于优化个人住房贷款中住房套数认定标准的通知》，推动落实购买首套房贷款“认房不用认贷”政策措施。通知明确，居民家庭（包括借款人、配偶及未成年子女）申请贷款购买商品住房时，家庭成员在当地名下无成套住房的，不论是否已利用贷款购买过住房，银行业金融机构均按首套住房执行住房信贷政策。此项政策作为政策工具，纳入“一城一策”工具箱，供城市自主选用。据住房城乡建设部有关负责同志介绍，此项政策将使更多购房人能够享受首套房贷款的首付比例和利率优惠，有助于降低居民购房成本，更好满足刚性和改善性住房需求。来源：新华社山东潍坊坊子融媒：杨敏彭海程,0.0883032010199607,2023-08-27 06:37:20
重磅三部门发文推动首套房“认房不用认贷”记者月日从住房和城乡建设部获悉，近日住房城乡建设部、中国人民银行、金融监管总局联合印发了《关于优化个人住房贷款中住房套数认定标准的通知》，推动落实购买首套房贷款“认房不用认贷”政策措施。通知明确，居民家庭（包括借款人、配偶及未成年展开,0.3487619828612237,2023-08-27 07:18:36
全文《关于优化个人住房贷款中住房套数认定标准的通知》住房城乡建设部中国人民银行金融监管总局关于优化个人住房贷款中住房套数认定标准的通知建房号各省、自治区、直辖市住房城乡建设厅（委、管委），新疆生产建设兵团住房城乡建设局，中国人民银行上海总部、各省、自治区、直辖市、计划单列市分行，各金融监管局，各国有商业银行、中国邮政储蓄银行、各股份制商业银行：为贯彻落实党中央、国务院决策部署，坚持房子是用来住的、不是用来炒的定位，因城施策用好政策工具箱，优化个人住房贷款中住房套数认定标准，更好满足居民刚性和改善性住房需求，现就有关事项通知如下：一、居民家庭（包括借款人、配偶及未成年子女，下同）申请贷款购买商品住房时，家庭成员在当地名下无成套住房的，不论是否已利用贷款购买过住房，银行业金融机构均按首套住房执行住房信贷政策。二、家庭住房套数由城市政府指定的住房套数查询或认定责任部门，根据居民家庭申请或授权，提供查询服务并出具查询结果或认定证明。三、此项政策作为政策工具，纳入“一城一策”工具箱。《住房城乡建设部中国人民银行中国银行业监督管理委员会关于规范商业性个人住房贷款中第二套住房认定标准的通知》（建房号）、《中国人民银行中国银行业监督管理委员会关于进一步做好住房金融服务工作的通知》（银发号）与本通知不一致的，以本通知为准。住房城乡建设部中国人民银行金融监管总局年月日,-0.0647156847723643,2023-08-27 07:17:19
认房不认贷谁将受益？专家解读专家解读认房不认贷政策近日住房城乡建设部、中国人民银行、金融监管总局联合印发了《关于优化个人住房贷款中住房套数认定标准的通知》，推动落实购买首套房贷款“认房不用认贷”政策措施。易居研究院研究总监严跃进表示，若是执行“认房又认贷”政策，部分有过贷款记录的购房者，其换房方面可能会被认定为二套房，进而导致认购首付比例和利率明显偏高，导致购房成本加大。而按照“认房不认贷”政策，只要名下无房，那就可以按首套房进行认定。这就使得一些有过贷款记录的购房者，也可以享受到首套房的标准，即使得购房的成本快速降低。中新经纬“认房不认贷”来了，谁将受益？专家解读查看图片,0.8503329903681993,2023-08-26 21:43:26
个人住房贷款认房不认贷楼市楼市超话三部门推动落实首套房贷款“认房不用认贷”近日，住房城乡建设部、中国人民银行、金融监管总局联合印发了《关于优化个人住房贷款中住房套数认定标准的通知》，推动落实购买首套房贷款“认房不用认贷”政策措施。笔者观点，会释放一定的需求，但目前楼市观望情绪极厚，刺激效果有待观察。,0.0333655638053269,2023-08-27 04:15:33
住建部等三部门印发通知，推动落实购买首套房贷款认房不认贷三部门推动落实首套房认房不用认贷近日住房城乡建设部、中国人民银行、金融监管总局联合印发了《关于优化个人住房贷款中住房套数认定标准的通知》，推动落实购买首套房贷款“认房不用认贷”政策措施。通知明确，居民家庭（包括借款人、配偶及未成年子女）申请贷款购买商品住房时，家庭成员在当地名下无成套住房的，不论是否已利用贷款购买过住房，银行业金融机构均按首套住房执行住房信贷政策。此项政策作为政策工具，纳入“一城一策”工具箱，供城市自主选用。,-0.08251334230411,------
三部门明确首套房贷款“认房不用认贷”记者日从住房和城乡建设部获悉，近日住房城乡建设部、中国人民银行、金融监管总局联合印发了《关于优化个人住房贷款中住房套数认定标准的通知》，推动落实购买首套房贷款“认房不用认贷”政策措施。通知明确，居民家庭（包括借款人、配偶及未成年子女）申请贷款购买商品住房时，家庭成员在当地名下无成套住房的，不论是否已利用贷款购买过住房，银行业金融机构均按首套住房执行住房信贷政策。此项政策作为政策工具，纳入“一城一策”工具箱，供城市自主选用。据住房城乡建设部有关负责同志介绍，此项政策将使更多购房人能够享受首套房贷款的首付比例和利率优惠，有助于降低居民购房成本，更好满足刚性和改善性住房需求。香港衛視的微博视频,0.02955157071229,2023-08-28 09:48:07
三部门推动购买首套房认房不认贷重磅三部门明确首套房贷款“认房不用认贷”近日住房城乡建设部、中国人民银行、金融监管总局联合印发了《关于优化个人住房贷款中住房套数认定标准的通知》，推动落实购买首套房贷款“认房不用认贷”政策措施。通知明确，居民家庭申请贷款购买商品住房时，家庭成员在当地名下无成套住房的，不论是否已利用贷款购买过住房，银行业金融机构均按首套住房执行住房信贷政策。据介绍，此项政策将使更多购房人能够享受首套房贷款的首付比例和利率优惠，有助于降低居民购房成本，更好满足刚性和改善性住房需求。派财经官微派财经官微的微博视频,-0.0071699875450843,------
三部门：推动落实买首套房贷款认房不用认贷近日住房城乡建设部、中国人民银行、金融监管总局联合印发了《关于优化个人住房贷款中住房套数认定标准的通知》，推动落实购买首套房贷款“认房不用认贷”政策措施。通知明确，居民家庭（包括借款人、配偶及未成年子女）申请贷款购买商品住房时，家庭成展开,-0.0186911204314558,2023-08-27 01:23:14
住房城乡建设部中国人民银行金融监管总局关于优化个人住房贷款中住房套数认定标准的通知,-0.1637589013028449,2023-08-26 17:24:01
三部门推动落实首套房贷款认房不认贷近日住房城乡建设部、中国人民银行、金融监管总局联合印发了《关于优化个人住房贷款中住房套数认定标准的通知》，推动落实购买首套房贷款“认房不用认贷”政策措施。通知明确，居民家庭（包括借款人、配偶及未成年子女）申请贷款购买商品住房时，家庭成员在当地名下无成套住房的，不论是否已利用贷款购买过住房，银行业金融机构均按首套住房执行住房信贷政策。此项政策作为政策工具，纳入“一城一策”工具箱，供城市自主选用。据住房城乡建设部有关负责同志介绍，此项政策将使更多购房人能够享受首套房贷款的首付比例和利率优惠，有助于降低居民购房成本，更好满足刚性和改善性住房需求。首套房贷款认房不认贷网页链接,0.0045071694772096,2023-08-28 09:48:07
这队的运营就没个正常人吗作为二娃人迷，我是百分百支持他离开这个队。他现在又不是七老八十踢不动了，去个能踢上比赛的球队，健健康康、快快乐乐过完职业生涯。有些人凭啥用道德绑架他，非要“一人一城”。现在职业生涯末期，他职业生涯早期和中期这队又有多少支持他炒了范加尔，海因克斯带回了高档，穆勒从十号位变成哪里需要哪里搬的人。俱乐部强行给瓜迪奥拉塞个格策，也是因为不肯为内马尔花钱内马尔要是来打的也是穆勒当时的位置。给安切洛蒂租来了罗，给科瓦奇租来了酷鸟，纳格尔斯曼扶正了穆夏拉，还有现在空降的秃鹤。除了弗里克，哪个教练来，不是先拿穆勒开刀这剧情一次次重复，穆勒不累，穆勒的球迷看都看累了。一面说穆勒不可或缺，一面对他的态度就是可有可无。别再说人家皇马没人情味，你拜仁又有多少人情味。大家好聚好散希望二娃别再愚忠了，这队不值得,0.0015617681459957,------
深圳无房有贷购房者首付或降至近日，住房城乡建设部、中国人民银行、金融监管总局联合印发了《关于优化个人住房贷款中住房套数认定标准的通知》，推动落实购买首套房贷款“认房不用认贷”政策措施。通知明确，居民家庭（包括借款人、配偶及未成年子女）申请贷款购买商品住房时，家庭成员在当地名下无成套住房的，不论是否已利用贷款购买过住房，银行业金融机构均按首套住房执行住房信贷政策。此项政策作为政策工具，纳入“一城一策”工具箱，供城市自主选用。目前，深圳无房有贷户首付为，若实行“认房不认贷”政策，那么符合条件的购房者首付成本将降至。,-0.0073351374743774,2023-08-26 19:03:06
凤检转播推动落实购买首套房贷款认房不用认贷近日，住房城乡建设部、中国人民银行、金融监管总局联合印发了通知，推动落实购买首套房贷款“认房不用认贷”政策措施。通知明确，居民家庭（包括借款人、配偶及未成年子女）申请贷款购买商品住房时，家庭成员在当地名下无成套住房的，不论是否已利用贷款购买过住房，银行业金融机构均按首套住房执行住房信贷政策。此项政策作为政策工具，纳入“一城一策”工具箱，供城市自主选用。（央视）央视新闻的微博视频,0.0103468934085508,2023-08-26 16:56:51
推动落实买首套房贷款认房不用认贷近日，住房城乡建设部、中国人民银行、金融监管总局联合印发了《关于优化个人住房贷款中住房套数认定标准的通知》，推动落实购买首套房贷款“认房不用认贷”政策措施。通知明确，居民家庭（包括借款人、配偶及未成年子女）申请贷款购买商品住房时，家庭成员在当地名下无成套住房的，不论是否已利用贷款购买过住房，银行业金融机构均按首套住房执行住房信贷政策。此项政策作为政策工具，纳入“一城一策”工具箱，供城市自主选用。新华社央视新闻出彩焦作向未来行走怀川纷享焦作央视新闻的微博视频,0.0041352931232289,2023-08-26 23:54:03
三部门推动落实首套房贷款认房不认贷近日住房城乡建设部、中国人民银行、金融监管总局联合印发了《关于优化个人住房贷款中住房套数认定标准的通知》，推动落实购买首套房贷款“认房不用认贷”政策措施。通知明确，居民家庭（包括借款人、配偶及未成年子女）申请贷款购买商品住房时，家庭成员在当地名下无成套住房的，不论是否已利用贷款购买过住房，银行业金融机构均按首套住房执行住房信贷政策。此项政策作为政策工具，纳入“一城一策”工具箱，供城市自主选用。据住房城乡建设部有关负责同志介绍，此项政策将使更多购房人能够享受首套房贷款的首付比例和利率优惠，有助于降低居民购房成本，更好满足刚性和改善性住房需求。首套房贷款认房不认贷（来源：新华社）,0.0007784286470498,2023-08-27 11:01:45
推动落实购买首套房贷款认房不用认贷近日，住房城乡建设部、中国人民银行、金融监管总局联合印发了通知，推动落实购买首套房贷款“认房不用认贷”政策措施。通知明确，居民家庭（包括借款人、配偶及未成年子女）申请贷款购买商品住房时，家庭成员在当地名下无成套住房的，不论是否已利用贷款购买过住房，银行业金融机构均按首套住房执行住房信贷政策。此项政策作为政策工具，纳入“一城一策”工具箱，供城市自主选用。（央视）央视新闻的微博视频,0.0093021356255722,------
三部门：将首套房贷款认房不用认贷纳入一城一策工具箱供城市自主选用、认房不认贷政策，算是近期有一定力度的支持房地产政策。主要受惠的是一线及强二线城市。主要受惠群体是大城市的改善型客户。这个政策在一定程度上，能够刺激并释放改善型需求。所以对于中大面积单元，对于中高价格单元市场，会形成支撑。由于这个是针对市场的局部，所以不太可能掀起购房潮，只会对特定城市，特定客户，特定产品，形成新的购买需求。利好局部、主管部门已经明确了可实施认房不认贷。接下来就要看哪些城市会跟进。我个人认为暂时还比较模糊，很难判断。大概率二线城市会有一大部分落地该政策。毕竟相对而言，二线城市在政策制定上自主权更大。而一线城市会否跟进，存在较大较大疑问。如果跟进，也会是二线城市落地之后才会推出。（据说昨天深圳开始执行，但至今没有看到官宣）,-9.781781871798928e-05,2023-08-27 01:23:14
深圳无房有贷购房者首付或降至近日，住房城乡建设部、中国人民银行、金融监管总局联合印发了《关于优化个人住房贷款中住房套数认定标准的通知》，推动落实购买首套房贷款“认房不用认贷”政策措施。通知明确，居民家庭（包括借款人、配偶及未成年子女）申请贷款购买商品住房时，家庭成员在当地名下无成套住房的，不论是否已利用贷款购买过住房，银行业金融机构均按首套住房执行住房信贷政策。此项政策作为政策工具，纳入“一城一策”工具箱，供城市自主选用。目前，深圳无房有贷户首付为，若实行“认房不认贷”政策，那么符合条件的购房者首付成本将降至。详情戳深圳无房有贷购房者首付或降至,-0.0421422031414528,2023-08-26 17:24:01
住建部、央行、金融监管总局发布《关于优化个人住房贷款中住房套数认定标准的通知》，推动落实购买首套房贷款“认房不用认贷”政策措施。居民家庭（包括借款人、配偶及未成年子女）申请贷款购买商品住房时，家庭成员在当地名下无成套住房的，不论是否已利用贷款购买过住房，银行业金融机构均按首套住房执行住房信贷政策。此项政策作为政策工具，纳入“一城一策”工具箱，供城市自主选用。,0.0034150036289095,2023-08-26 22:49:45
重磅首套房贷款“认房不用认贷”三部门推动落实购买首套房贷款“认房不用认贷”政策措施记者日从住房和城乡建设部获悉，近日住房城乡建设部、中国人民银行、金融监管总局联合印发了《关于优化个人住房贷款中住房套数认定标准的通知》，推动落实购买首套房贷款“认房不用认贷”政策措施。通知明确，居民家庭（包括借款人、配偶及未成年子女）申请贷款购买商品住房时，家庭成员在当地名下无成套住房的，不论是否已利用贷款购买过住房，银行业金融机构均按首套住房执行住房信贷政策。此项政策作为政策工具，纳入“一城一策”工具箱，供城市自主选用。据住房城乡建设部有关负责同志介绍，此项政策将使更多购房人能够享受首套房贷款的首付比例和利率优惠，有助于降低居民购房成本，更好满足刚性和改善性住房需求。来源：新华社山东潍坊坊子融媒：杨敏彭海程,0.0134865709213911,2023-08-28 06:09:39
重磅三部门发文推动首套房“认房不用认贷”记者月日从住房和城乡建设部获悉，近日住房城乡建设部、中国人民银行、金融监管总局联合印发了《关于优化个人住房贷款中住房套数认定标准的通知》，推动落实购买首套房贷款“认房不用认贷”政策措施。通知明确，居民家庭（包括借款人、配偶及未成年子女）申请贷款购买商品住房时，家庭成员在当地名下无成套住房的，不论是否已利用贷款购买过住房，银行业金融机构均按首套住房执行住房信贷政策。此项政策作为政策工具，纳入“一城一策”工具箱，供城市自主选用。据住房城乡建设部有关负责同志介绍，此项政策将使更多购房人能够享受首套房贷款的首付比例和利率优惠，有助于降低居民购房成本，更好满足刚性和改善性住房需求。来源丨新华社（版权归原作者所有，如有侵权请联系删除）,0.053731243200467,2023-08-27 09:17:04
认房不认贷，可以多贷出来的贷款，而且一城一策，每个城市都可以买套房。所以说，想搞好经济、股市、哪个行业，有关部门还是有办法的，工具箱里并不全是喇叭，就看是不是真的想搞好了。,0.0168596026955612,2023-08-26 15:41:21
认房不认贷，官宣。一城一策来实施。,-0.0011119582762437,------
新闻早知道年月日星期六农历七月十一三部门：将首套房贷款“认房不用认贷”纳入一城一策工具箱，供城市自主选用。财政部：延续实施粤港澳大湾区个人所得税优惠政策至底。人社部设立落实就业补助政策监督举报平台。市场监管总局：严禁使用原产地为日本的水产品制作餐食。河南叶县岩盐储量可供全国吃万年；多地通告：串通操纵食盐价格最高罚万元。多地规定不得因暑假作业未完成而处罚学生，合肥设两周“缓交期”。浙江嘉兴：全面取消限购限售，指导商业银行调整存量房贷利率。开发商承诺“降价补差价”，深圳年内首个“保价”楼盘出炉。北京摸排整治非法医疗美容，非医务工作者不得提供医美服务。好声音暂停播出，好声音制作方母公司股价暴跌超。,-0.0010834137649118,2023-08-26 20:17:04
白话数据年月日建委新房住宅网签套，二手房住宅网签套（网签数据有滞后）。大中介前台挂牌房源量套（中介春节休假前），持续关注。昨日楼市热点：近日，住房城乡建设部、中国人民银行、金融监管总局联合印发了《关于优化个人住房贷款中住房套数认定标准的通知》，推动落实购买首套房贷款“认房不用认贷”政策措施。通知明确，居民家庭包括借款人、配偶及未成年子女申请贷款购买商品住房时，家庭成员在当地名下无成套住房的，不论是否已利用贷款购买过住房，银行业金融机构均按首套住房执行住房信贷政策。此项政策作为政策工具，纳入“一城一策”工具箱，供城市自主选用。月日，北京市规自委挂牌宗预申请住宅用地：房山区拱辰街道地块、、地块，地块土地面积，建筑控制规模，用地性质为二类居住用地、基础教育用地，交易起始价亿元。月日，北京市规自委发布调整通知，将以下宗地块调出年度拟供应商品住宅用地项目清单（第二轮）：朝阳区小红门乡剩余土地一级开发项目二类居住用地、托幼用地。调出原因：正在进行考古发掘工作。通州区宋庄镇寨辛庄村等五村土地一级开发项目、等地块。调出原因：优化区域规划。房山区长阳镇北广阳城棚户区改造项目二片区入市地块、地块。调出原因：正在进行考古发掘工作。房山区拱辰街道地块二类居住用地。调出原因：优化周边配套设施。财政部网站月日消息，财政部会同有关部门发布多项税费优惠政策。在支持居民改善住房条件方面明确，自年月日至年月日，对出售自有住房并在现住房出售后年内在市场重新购买住房的纳税人，对其出售现住房已缴纳的个人所得税予以退税优惠。,0.0094120828947425,------
今日热点新闻一览、财政部日印发通知，从减税降费、加强财政金融政策协同、发挥资金引导作用等方面，加强财税支持政策落实，促进中小企业健康高质量发展。、住房和城乡建设部、中国人民银行、金融监管总局近日联合印发通知，明确居民家庭（包括借款人、配偶及未成年子女）申请贷款购买商品住房时，家庭成员在当地名下无成套住房的，银行业金融机构均按首套住房执行住房信贷政策。此项政策作为政策工具，纳入“一城一策”工具箱，供城市自主选用。、财政部、国家税务总局、住房和城乡建设部日前发布公告称，自年月日至年月日，对出售自有住房并在现住房出售后年内在市场重新购买住房的纳税人，对其出售现住房已缴纳的个人所得税予以退税优惠。、农业农村部、国家标准委、住房和城乡建设部近日联合印发《乡村振兴标准化行动方案》。《方案》经国务院标准化协调推进部际联席会议审议通过，共有个部门参与实施，提出到年，农业高质量发展标准体系基本建立。、日，中国外交部发言人针对日本强推核污染水排海表示：日方应当立即纠正向全世界转嫁核污染风险的自私自利行为，不要让“福岛之水”成为“日本之耻”。、市场监管总局日发布，严禁食品生产经营者采购、使用原产地为日本的水产品加工食品、制作餐食或进行销售；严查食盐囤积居奇、捏造散布食盐涨价信息等哄抬价格违法行为。、近日，市场监管总局等四部门部署秋季学校食品安全工作。督促校外供餐单位和学校在开学前全面开展自查，对发现的食品安全问题和隐患建立清单，限期及时整改。、国家外汇管理局日发布统计数据，年月，中国外汇市场（不含外币对市场，下同）总计成交万亿元人民币（等值万亿美元）。、近日，国家卫生健康委办公厅印发《基层卫生健康便民惠民服务举措》，从年间围绕方便居民就医、优化服务提供、简化就医流程、改善服务体验、做好慢病管理等方面提出条具体措施。、国铁集团日消息，月日至月日，铁路迎来学生客流高峰，全国铁路预计发送学生旅客万人次，高峰日预计发送万人次。、水利部日时针对江苏、安徽、山东、河南、湖北、湖南、重庆、四川、贵州、云南、西藏、陕西、甘肃等省区市启动洪水防御级应急响应。受强降雨影响，预计日至日多河流将出现明显涨水过程。、日，谷神星一号遥八运载火箭在我国酒泉卫星发射中心发射成功。、日，载重能力达到万吨的“四航永兴”号半潜驳船在广东江门交付投用。这艘船是目前全球最大的江海两用半潜驳船。、中央气象台日时发布暴雨黄色预警，预计日时至日时，四川东部、重庆、陕西南部和北部、山西、河南中西部、湖北西部等地部分地区有大到暴雨，其中，四川东北部、重庆北部、陕西南部、河南西部、湖北西北部等地部分地区有大暴雨。国际热点资讯一览、近日，经国家文物局授权，中国驻瑞士大使与瑞方签署返还协议，瑞士向我国返还件流失文物艺术品。、日前，美国前总统特朗普就涉嫌推翻年总统选举佐治亚州结果，向该州司法当局自首，并在完成自首流程后离开了富尔顿县监狱。、当地时间月日，美联储主席鲍威尔表示，为抑制通胀压力，美联储准备在适当的情况下进一步加息，同时保持限制性的政策立场，直到确保通胀率降至的目标水平。、当地时间月日，第十届东盟财长和央行行长会议在印尼首都雅加达举办期间，印尼央行与马来西亚央行和泰国央行签署了有关本币交易的谅解备忘录，以减少对美元的依赖。、当地时间月日，波兰农业部长泰卢斯在与保加利亚等四国农业部长会晤后宣布，五国已就乌克兰农产品问题达成一致立场，建议将乌克兰农产品进口禁令延长至今年年底。、全球环境基金第七届成员国大会近日在加拿大温哥华同意设立全球生物多样性框架基金，以加快对野生物种和生态系统的保护。,0.0400339149960777,2023-08-26 12:11:18
每日资讯简报，一分钟知天下事早上好年月日星期六农历七月十一、三部门：首套房贷款“认房不认贷”纳入一城一策工具箱，供城市自主选用；、市监总局：严禁使用日本水产品制作餐食，严查哄抬食盐价格；、全国铁路迎来入学、返校客流，预计发送学生旅客万人次；、今年第号台风“达维”生成，预计将影响日本东部沿海地区；、浙江卫视宣布暂停播出《中国好声音》，制作方母公司股价已暴跌超；、“家有位数”退休干部孙女“北极鲶鱼”炫富，查了个月仍在等通报；、日本化妆品在华销量大幅下滑，多个品牌遭退货，日本一天内两次地震；、研究称气候变化致南极海冰损失，帝企鹅大面积繁殖失败；、日本水产行业哀鸿遍野东电社长声称：想向中方解释，希望撤销进口管制措施；、北京暴雨暴雨天气，出行注意安全；（每日资讯简报）微语不求所有日子都泛着光，只愿你每天都承载着健康，温暖和希望。早安周末愉快秦东记的微博视频,1.0,------
住建部等三部门印发通知，推动落实购买首套房贷款认房不认贷三部门推动落实首套房认房不用认贷近日住房城乡建设部、中国人民银行、金融监管总局联合印发了《关于优化个人住房贷款中住房套数认定标准的通知》，推动落实购买首套房贷款“认房不用认贷”政策措施。通知明确，居民家庭（包括借款人、配偶及未成年子女）申请贷款购买商品住房时，家庭成员在当地名下无成套住房的，不论是否已利用贷款购买过住房，银行业金融机构均按首套住房执行住房信贷政策。此项政策作为政策工具，纳入“一城一策”工具箱，供城市自主选用。,-0.0126262011113066,2023-08-27 18:35:24
深圳首套房贷款认房不用认贷三部门明确通知明确，居民家庭（包括借款人、配偶及未成年子女）申请贷款购买商品住房时，家庭成员在当地名下无成套住房的，不论是否已利用贷款购买过住房，银行业金融机构均按首套住房执行住房信贷政策。此项政策作为政策工具，纳入“一城一策”工具箱，供城市自主选用。首套房贷款“认房不用认贷”三部门明确,-0.0085017408091712,2023-08-27 09:56:39
三部门明确首套房贷款“认房不用认贷”记者日从住房和城乡建设部获悉，近日住房城乡建设部、中国人民银行、金融监管总局联合印发了《关于优化个人住房贷款中住房套数认定标准的通知》，推动落实购买首套房贷款“认房不用认贷”政策措施。通知明确，居民家庭（包括借款人、配偶及未成年子女）申请贷款购买商品住房时，家庭成员在当地名下无成套住房的，不论是否已利用贷款购买过住房，银行业金融机构均按首套住房执行住房信贷政策。此项政策作为政策工具，纳入“一城一策”工具箱，供城市自主选用。据住房城乡建设部有关负责同志介绍，此项政策将使更多购房人能够享受首套房贷款的首付比例和利率优惠，有助于降低居民购房成本，更好满足刚性和改善性住房需求。香港衛視的微博视频,0.0045075148091087,2023-08-26 13:50:16
三部门：推动落实买首套房贷款认房不用认贷近日住房城乡建设部、中国人民银行、金融监管总局联合印发了《关于优化个人住房贷款中住房套数认定标准的通知》，推动落实购买首套房贷款“认房不用认贷”政策措施。通知明确，居民家庭（包括借款人、配偶及未成年子女）申请贷款购买商品住房时，家庭成员在当地名下无成套住房的，不论是否已利用贷款购买过住房，银行业金融机构均按首套住房执行住房信贷政策。此项政策作为政策工具，纳入“一城一策”工具箱，供城市自主选用。据住房城乡建设部有关负责同志介绍，此项政策将使更多购房人能够享受首套房贷款的首付比例和利率优惠，有助于降低居民购房成本，更好满足刚性和改善性住房需求。的微博视频,-0.0028483279417975,------
一、居民家庭（包括借款人、配偶及未成年子女，下同）申请贷款购买商品住房时，家庭成员在当地名下无成套住房的，不论是否已利用贷款购买过住房，银行业金融机构均按首套住房执行住房信贷政策。二、家庭住房套数由城市政府指定的住房套数查询或认定责任部门，根据居民家庭申请或授权，提供查询服务并出具查询结果或认定证明。三、此项政策作为政策工具，纳入“一城一策”工具箱。《住房城乡建设部中国人民银行中国银行业监督管理委员会关于规范商业性个人住房贷款中第二套住房认定标准的通知》（建房号）、《中国人民银行中国银行业监督管理委员会关于进一步做好住房金融服务工作的通知》（银发号）与本通知不一致的，以本通知为准。,-0.0042631332426297,2023-08-26 17:13:33
三部门重磅发布“认房不用认贷”来了，谁能受益？官方推动落实购买首套房贷款认房不用认贷近日，住房和城乡建设部、中国人民银行、国家金融监管总局联合印发了《关于优化个人住房贷款中住房套数认定标准的通知》，推动落实购买首套房贷款“认房不用认贷”政策措施。通知明确，居民家庭（包括展开,-7.434216582643434e-05,2023-08-26 13:42:57
推动落实首套房认房不认贷政策从住房和城乡建设部获悉，近日住房城乡建设部、中国人民银行、金融监管总局联合印发了《关于优化个人住房贷款中住房套数认定标准的通知》，推动落实购买首套房贷款“认房不用认贷”政策措施。通知明确，居民家庭（包括借款人、配偶及未成年子女）申请贷款购买商品住房时，家庭成员在当地名下无成套住房的，不论是否已利用贷款购买过住房，银行业金融机构均按首套住房执行住房信贷政策。此项政策作为政策工具，纳入“一城一策”工具箱，供城市自主选用。据住房城乡建设部有关负责同志介绍，此项政策将使更多购房人能够享受首套房贷款的首付比例和利率优惠，有助于降低居民购房成本，更好满足刚性和改善性住房需求。推动落实购买首套房贷款认房不用认贷,0.0068869730233385,2023-08-26 12:54:08
三部门明确首套房贷款认房不用认贷近日，住房城乡建设部、中国人民银行、金融监管总局联合印发了通知，推动落实购买首套房贷款“认房不用认贷”政策措施。通知明确，居民家庭（包括借款人、配偶及未成年子女）申请贷款购买商品住房时，家庭成员在当地名下无成套住房的，不论是否已利用贷款购买过住房，银行业金融机构均按首套住房执行住房信贷政策。此项政策作为政策工具，纳入“一城一策”工具箱，供城市自主选用。住房城乡建设部表示，此项政策将使更多购房人能够享受首套房贷款的首付比例和利率优惠，有助于降低居民购房成本，更好满足刚性和改善性住房需求。（资料住房和城乡建设部、新华社）,0.0179456409335408,2023-08-26 12:37:50
三部门：将首套房贷款“认房不用认贷”纳入“一城一策”工具箱供城市自主选用近日住房城乡建设部、中国人民银行、金融监管总局联合印发了《关于优化个人住房贷款中住房套数认定标准的通知》，推动落实购买首套房贷款“认房不用认贷”政策措施。通知明确，居民家庭（包括借款人、配偶及未成年子女）申请贷款购买商品住房时，家庭成员在当地名下无成套住房的，不论是否已利用贷款购买过住房，银行业金融机构均按首套住房执行住房信贷政策。此项政策作为政策工具，纳入“一城一策”工具箱，供城市自主选用。据住房城乡建设部有关负责同志介绍，此项政策将使更多购房人能够享受首套房贷款的首付比例和利率优惠，有助于降低居民购房成本，更好满足刚性和改善性住房需求。,-0.0007899278475882,2023-08-26 11:40:02
认房不认贷，换房退税政策真的要来了？三部门：将首套房贷款“认房不用认贷”纳入“一城一策”工具箱供城市自主选用，深圳会启用吗？,-0.0005189317505188,2023-08-26 12:53:57
通知明确，居民家庭（包括借款人、配偶及未成年子女）申请贷款购买商品住房时，家庭成员在当地名下无成套住房的，不论是否已利用贷款购买过住房，银行业金融机构均按首套住房执行住房信贷政策。此项政策作为政策工具，纳入“一城一策”工具箱，供城市自主选用。据住房城乡建设部有关负责同志介绍，此项政策将使更多购房人能够享受首套房贷款的首付比例和利率优惠，有助于降低居民购房成本，更好满足刚性和改善性住房需求。,-0.0077461829217891,2023-08-26 11:47:18
推动落实首套房贷款认房不认贷三部门“一城一策”工具箱。据住房城乡建设部有关负责同志介绍，此项政策将使更多购房人能够享受首套房贷款的首付比例和利率优惠，有助于降低居民购房成本，更好满足刚性和改善性住房需求。首套房贷款认房不认贷,0.0025867233521376,------
财政部官宣，这类情况全额退近日，财政部发布了关于延续实施支持居民换购住房有关个人所得税政策的公告。为继续支持居民改善住房条件，现就有关个人所得税政策公告如下：一、自年月日至年月日，对出售自有住房并在现住房出售后年内在市场重新购买住房的纳税人，对其出售现住房已缴纳的个人所得税予以退税优惠。其中，新购住房金额大于或等于现住房转让金额的，全部退还已缴纳的个人所得税；新购住房金额小于现住房转让金额的，按新购住房金额占现住房转让金额的比例退还出售现住房已缴纳的个人所得税。二、本公告所称现住房转让金额为该房屋转让的市场成交价格。新购住房为新房的，购房金额为纳税人在住房城乡建设部门网签备案的购房合同中注明的成交价格；新购住房为二手房的，购房金额为房屋的成交价格。三、享受本公告规定优惠政策的纳税人须同时满足以下条件：纳税人出售和重新购买的住房应在同一城市范围内。同一城市范围是指同一直辖市、副省级城市、地级市（地区、州、盟）所辖全部行政区划范围。出售自有住房的纳税人与新购住房之间须直接相关，应为新购住房产权人或产权人之一。四、符合退税优惠政策条件的纳税人应向主管税务机关提供合法、有效的售房、购房合同和主管税务机关要求提供的其他有关材料，经主管税务机关审核后办理退税。深圳楼市,0.0094044795260429,2023-08-25 22:16:41
关于延续实施支持居民换购住房有关个人所得税政策的公告财政部、税务总局、住房城乡建设部发布年第号公告，明确自年月日至年月日，对出售自有住房并在现住房出售后年内在市场重新购买住房的纳税人，对其出售现住房已缴纳的个人所得税予以退税优惠。其中，新购住房金额大于或等于现住房转让金额的，全部退还已缴纳的个人所得税；新购住房金额小于现住房转让金额的，按新购住房金额占现住房转让金额的比例退还出售现住房已缴纳的个人所得税。微博正文来源：中国政府网,0.0397773753758843,2023-08-25 22:16:28
财政部、税务总局、住房城乡建设部发布《关于延续实施支持居民换购住房有关个人所得税政策的公告》自年月日至年月日，对出售自有住房并在现住房出售后年内在市场重新购买住房的纳税人，对其出售现住房已缴纳的个人所得税予以退税优惠。其中，新购住房金额大于或等于现住房转让金额的，全部退还已缴纳的个人所得税；新购住房金额小于现住房转让金额的，按新购住房金额占现住房转让金额的比例退还出售现住房已缴纳的个人所得税。本公告所称现住房转让金额为该房屋转让的市场成交价格。新购住房为新房的，购房金额为纳税人在住房城乡建设部门网签备案的购房合同中注明的成交价格；新购住房为二手房的，购房金额为房屋的成交价格。,-0.0207237184216796,2023-08-25 22:27:31
关于延续实施支持居民换购住房有关个人所得税政策的公告财政部、税务总局、住房城乡建设部发布年第号公告，明确自年月日至年月日，对出售自有住房并在现住房出售后年内在市场重新购买住房的纳税人，对其出售现住房已缴纳的个人所得税予以退税优惠。其中，新购住房金额大于或等于现住房转让金额的，全部退还已缴纳的个人所得税；新购住房金额小于现住房转让金额的，按新购住房金额占现住房转让金额的比例退还出售现住房已缴纳的个人所得税。网页链接,-0.0562645029488327,2023-08-26 09:11:49
《关于优化个人住房贷款中住房套数认定标准的通知》，推动落实购买首套房贷款“认房不用认贷”政策措施。通知明确，居民家庭（包括借款人、配偶及未成年子女）申请贷款购买商品住房时，家庭成员在当地名下无成套住房的，不论是否已利用贷款购买过住房，银行业金融机构均按首套住房执行住房信贷政策。此项政策作为政策工具，纳入“一城一策”工具箱，供城市自主选用。据住房城乡建设部有关负责同志介绍，此项政策将使更多购房人能够享受首套房贷款的首付比例和利率优惠，有助于降低居民购房成本，更好满足刚性和改善性住房需求。除此之外，财政部、税务总局、住房城乡建设部发布《关于延续实施支持居民换购住房有关个人所得税政策的公告》。自年月日至年月日，对出售自有住房并在现住房出售后年内在市场重新购买住房的纳税人，对其出售现住房已缴纳的个人所得税予以退税优惠。其中，新购住房金额大于或等于现住房转让金额的，全部退还已缴纳的个人所得税；新购住房金额小于现住房转让金额的，按新购住房金额占现住房转让金额的比例退还出售现住房已缴纳的个人所得税。本公告所称现住房转让金额为该房屋转让的市场成交价格。新购住房为新房的，购房金额为纳税人在住房城乡建设部门网签备案的购房合同中注明的成交价格；新购住房为二手房的，购房金额为房屋的成交价格。,0.0042785957353108,2023-08-25 20:39:46
三部门：延续实施支持居民换购住房有关个人所得税政策财政部、税务总局、住房城乡建设部发布《关于延续实施支持居民换购住房有关个人所得税政策的公告》。一、自年月日至年月日，对出售自有住房并在现住房出售后年内在市场重新购买住房的纳税人，对其出售现住房已缴纳的个人所得税予以退税优惠。其中，新购住房金额大于或等于现住房转让金额的，全部退还已缴纳的个人所得税；新购住房金额小于现住房转让金额的，按新购住房金额占现住房转让金额的比例退还出售现住房已缴纳的个人所得税。二、本公告所称现住房转让金额为该房屋转让的市场成交价格。新购住房为新房的，购房金额为纳税人在住房城乡建设部门网签备案的购房合同中注明的成交价格；新购住房为二手房的，购房金额为房屋的成交价格。详情如下新华网山西政法,0.006401832964405,------
滇旅微头条三部门：延续实施支持居民换购住房有关个人所得税政策财政部、税务总局、住房城乡建设部发布《关于延续实施支持居民换购住房有关个人所得税政策的公告》。一、自年月日至年月日，对出售自有住房并在现住房出售后年内在市场重新购买住房的纳税人，对其出售现住房已缴纳的个人所得税予以退税优惠。其中，新购住房金额大于或等于现住房转让金额的，全部退还已缴纳的个人所得税；新购住房金额小于现住房转让金额的，按新购住房金额占现住房转让金额的比例退还出售现住房已缴纳的个人所得税。二、本公告所称现住房转让金额为该房屋转让的市场成交价格。新购住房为新房的，购房金额为纳税人在住房城乡建设部门网签备案的购房合同中注明的成交价格；新购住房为二手房的，购房金额为房屋的成交价格。详情如下（新华网）,0.0268334614269183,2023-08-25 17:11:20
三部门：延续实施支持居民换购住房有关个人所得税政策财政部、税务总局、住房城乡建设部发布《关于延续实施支持居民换购住房有关个人所得税政策的公告》。一、自年月日至年月日，对出售自有住房并在现住房出售后年内在市场重新购买住房的纳税人，对其出售现住房已缴纳的个人所得税予以退税优惠。其中，新购住房金额大于或等于现住房转让金额的，全部退还已缴纳的个人所得税；新购住房金额小于现住房转让金额的，按新购住房金额占现住房转让金额的比例退还出售现住房已缴纳的个人所得税。二、本公告所称现住房转让金额为该房屋转让的市场成交价格。新购住房为新房的，购房金额为纳税人在住房城乡建设部门网签备案的购房合同中注明的成交价格；新购住房为二手房的，购房金额为房屋的成交价格。详情如下,-0.4779791119703599,------
三部门：延续支持居民换购住房有关个人所得税政策实施财政部、税务总局、住房城乡建设部发布《关于延续实施支持居民换购住房有关个人所得税政策的公告》。自年月日至年月日，对出售自有住房并在现住房出售后年内在市场重新购买住房的纳税人，对其出售现住房已缴纳的个人所得税予以退税优惠。其中，新购住房金额大于或等于现住房转让金额的，全部退还已缴纳的个人所得税；新购住房金额小于现住房转让金额的，按新购住房金额占现住房转让金额的比例退还出售现住房已缴纳的个人所得税。本公告所称现住房转让金额为该房屋转让的市场成交价格。新购住房为新房的，购房金额为纳税人在住房城乡建设部门网签备案的购房合同中注明的成交价格；新购住房为二手房的，购房金额为房屋的成交价格。,-1.0,2023-08-26 06:54:14
这个是真实惠。。。《太原楼市出新政：支持居民换购住房退还个人所得税》,0.0735272354735663,------
太原楼市出新政：太原支持居民换购住房退还个税太原市人民政府办公室印发《关于促进房地产市场平稳发展的若干措施》，已开始实施。《措施》的主要内容有项，包括满足刚性住房需求、支持改善性住房需求、加大助企纾困力度、加快建立租购并举的住房制度等。《措施》提到，在太原市购买新建商品住房的，按照中国人民银行、国家金融监督管理总局有关政策下限执行首套房和二套房最低按揭贷款首付比例和贷款利率。支持居民换购住房退还个人所得税，自年月日起至年月日，对出售自有住房并在现住房出售后年内在太原市范围内重新购买住房的纳税人，对其出售现住房已缴纳的个人所得税予以退税优惠。企业监管账户内资金达到《商品房预售资金监管办法》规定的重点监管资金额度后，房地产企业可向商业银行申请出具保函置换重点监管额度内资金，保函置换金额不得超过监管账户中确保项目竣工交付所需资金额度的。来自财联社,-0.1867247986967952,2023-08-26 19:42:47
太原楼市出新政：支持居民换购住房退还个人所得税财联社财联社新闻的微博视频,0.0456065795183366,------
太原支持居民换购住房退还个税月日消息，太原市人民政府办公室印发《关于促进房地产市场平稳发展的若干措施》，已开始实施。《措施》的主要内容有项，包括满足刚性住房需求、支持改善性住房需求、加大助企纾困力度、加快建立租购并举的住房制度等。《措施》提到，在太原市购买新建商品住展开,-0.0988489170059625,2023-08-25 21:03:38
太原支持居民换购住房退还个人所得税太原楼市出新政：支持居民换购住房退还个人所得税财联社月日电，太原市人民政府办公室印发《关于促进房地产市场平稳发展的若干措施》，已开始实施。《措施》的主要内容有项，包括满足刚性住房需求、支持改善性住房需求、加大助企纾困力度、加快建立租购并举的住房制度等。《措施》提到，在太原市购买新建商品住房的，按照中国人民银行、国家金融监督管理总局有关政策下限执行首套房和二套房最低按揭贷款首付比例和贷款利率。支持居民换购住房退还个人所得税，自年月日起至年月日，对出售自有住房并在现住房出售后年内在太原市范围内重新购买住房的纳税人，对其出售现住房已缴纳的个人所得税予以退税优惠。企业监管账户内资金达到《商品房预售资金监管办法》规定的重点监管资金额度后，房地产企业可向商业银行申请出具保函置换重点监管额度内资金，保函置换金额不得超过监管账户中确保项目竣工交付所需资金额度的。,-0.0415269482455426,------
太原楼市出新政：支持居民换购住房退还个人所得税太原市人民政府办公室印发《关于促进房地产市场平稳发展的若干措施》，已开始实施。《措施》的主要内容有项，包括满足刚性住房需求、支持改善性住房需求、加大助企纾困力度、加快建立租购并举的住房制度等。《措施》提到，在太原市购买新建商品住房的，按照中国人民银行、国家金融监督管理总局有关政策下限执行首套房和二套房最低按揭贷款首付比例和贷款利率。支持居民换购住房退还个人所得税，自年月日起至年月日，对出售自有住房并在现住房出售后年内在太原市范围内重新购买住房的纳税人，对其出售现住房已缴纳的个人所得税予以退税优惠。企业监管账户内资金达到《商品房预售资金监管办法》规定的重点监管资金额度后，房地产企业可向商业银行申请出具保函置换重点监管额度内资金，保函置换金额不得超过监管账户中确保项目竣工交付所需资金额度的。,0.0664881786187324,2023-08-25 17:30:49
居民换购住房个税退税怎么退？划重点近日，三部门联合发布《关于延续实施支持居民换购住房有关个人所得税政策的公告》，优惠政策有哪些？退税金额如何计算？戳图带你学会中国政府网,0.0089783795916056,2023-08-30 14:28:33
伊川人退钱了退钱了近日财政部、国家税务总局、住房城乡建设部发布公告延续实施支持居民换购住房相关税收优惠政策根据公告，对出售自有住房并在现住房出售后年内在市场重新购买住房的纳税人，对其出售现住房已缴纳的个人所得税予以退税优惠，公告执行至年底。具体来看，新购住房金额大于或等于现住房转让金额的，全部退还已缴纳的个人所得税；新购住房金额小于现住房转让金额的，按新购住房金额占现住房转让金额的比例退还出售现住房已缴纳的个人所得税。财政部税务总局住房城乡建设部关于延续实施支持居民换购住房有关个人所得税政策的公告财政部税务总局住房城乡建设部公告年第号为继续支持居民改善住房条件，现就有关个人所得税政策公告如下：一、自年月日至年月日，对出售自有住房并在现住房出售后年内在市场重新购买住房的纳税人，对其出售现住房已缴纳的个人所得税予以退税优惠。其中，新购住房金额大于或等于现住房转让金额的，全部退还已缴纳的个人所得税；新购住房金额小于现住房转让金额的，按新购住房金额占现住房转让金额的比例退还出售现住房已缴纳的个人所得税。二、本公告所称现住房转让金额为该房屋转让的市场成交价格。新购住房为新房的，购房金额为纳税人在住房城乡建设部门网签备案的购房合同中注明的成交价格；新购住房为二手房的，购房金额为房屋的成交价格。三、享受本公告规定优惠政策的纳税人须同时满足以下条件：纳税人出售和重新购买的住房应在同一城市范围内。同一城市范围是指同一直辖市、副省级城市、地级市（地区、州、盟）所辖全部行政区划范围。出售自有住房的纳税人与新购住房之间须直接相关，应为新购住房产权人或产权人之一。四、符合退税优惠政策条件的纳税人应向主管税务机关提供合法、有效的售房、购房合同和主管税务机关要求提供的其他有关材料，经主管税务机关审核后办理退税。五、各级住房城乡建设部门应与税务部门建立信息共享机制，将本地区房屋交易合同网签备案等信息（含撤销备案信息）实时共享至当地税务部门；暂未实现信息实时共享的地区，要建立健全工作机制，确保税务部门及时获取审核退税所需的房屋交易合同备案信息。特此公告。财政部税务总局住房城乡建设部年月日中国社会科学院财经战略研究院财政研究室主任何代欣表示，为支持居民改善住房条件，去年，财政部等部门出台了支持居民换购住房有关个人所得税政策，政策将于今年底到期。三部门此次发布的公告明确将这项政策延续实施至年底，有助于继续支持居民改善住房条件。此外，为继续支持公共租赁住房建设和运营，财政部、税务总局发布公告，明确继续实施公共租赁住房税收优惠政策至年底。,0.3625228157583686,------
速看换房有钱退，延续至年底近日财政部、国家税务总局、住房城乡建设部发布公告延续实施支持居民换购住房相关税收优惠政策换房有钱退了根据公告，对出售自有住房并在现住房出售后年内在市场重新购买住房的纳税人，对其出售现住房已缴纳的个人所得税予以退税优惠，公告执行至年底。具体来看，新购住房金额大于或等于现住房转让金额的，全部退还已缴纳的个人所得税；新购住房金额小于现住房转让金额的，按新购住房金额占现住房转让金额的比例退还出售现住房已缴纳的个人所得税。财政部税务总局住房城乡建设部关于延续实施支持居民换购住房有关个人所得税政策的公告为继续支持居民改善住房条件，现就有关个人所得税政策公告如下：一、自年月日至年月日，对出售自有住房并在现住房出售后年内在市场重新购买住房的纳税人，对其出售现住房已缴纳的个人所得税予以退税优惠。其中，新购住房金额大于或等于现住房转让金额的，全部退还已缴纳的个人所得税；新购住房金额小于现住房转让金额的，按新购住房金额占现住房转让金额的比例退还出售现住房已缴纳的个人所得税。二、本公告所称现住房转让金额为该房屋转让的市场成交价格。新购住房为新房的，购房金额为纳税人在住房城乡建设部门网签备案的购房合同中注明的成交价格；新购住房为二手房的，购房金额为房屋的成交价格。三、享受本公告规定优惠政策的纳税人须同时满足以下条件：纳税人出售和重新购买的住房应在同一城市范围内。同一城市范围是指同一直辖市、副省级城市、地级市（地区、州、盟）所辖全部行政区划范围。出售自有住房的纳税人与新购住房之间须直接相关，应为新购住房产权人或产权人之一。四、符合退税优惠政策条件的纳税人应向主管税务机关提供合法、有效的售房、购房合同和主管税务机关要求提供的其他有关材料，经主管税务机关审核后办理退税。五、各级住房城乡建设部门应与税务部门建立信息共享机制，将本地区房屋交易合同网签备案等信息（含撤销备案信息）实时共享至当地税务部门；暂未实现信息实时共享的地区，要建立健全工作机制，确保税务部门及时获取审核退税所需的房屋交易合同备案信息。特此公告。财政部税务总局住房城乡建设部年月日中国社会科学院财经战略研究院财政研究室主任何代欣表示，为支持居民改善住房条件，去年，财政部等部门出台了支持居民换购住房有关个人所得税政策，政策将于今年底到期。三部门此次发布的公告明确将这项政策延续实施至年底，有助于继续支持居民改善住房条件。此外，为继续支持公共租赁住房建设和运营，财政部、税务总局发布公告，明确继续实施公共租赁住房税收优惠政策至年底。来源：国家税务总局、央视新闻山东潍坊坊子融媒：李炳霏彭海程,0.0993973594796538,2023-08-30 10:35:51
认房不用认贷将为购房者带来哪些实惠？据新华社：推动落实购买首套房贷款“认房不用认贷”政策措施，延续实施支持居民换购住房有关个人所得税政策近日，我国房地产政策持续调整优化。这些政策将为居民购房带来哪些便利和实惠？据介绍，这一政策总结起来即是“换房可退个税”。业内人士表示展开,-0.0190099059936938,2023-08-29 23:13:13
新华解码认房不用认贷将为购房者带来哪些实惠近日，我国房地产政策持续调整优化。住房城乡建设部、中国人民银行、金融监管总局近日联合印发《关于优化个人住房贷款中住房套数认定标准的通知》。通知明确，居民家庭（包括借款人、配偶及未成年子女）申请贷款购买商品住房时，家庭成员在当地名下无成套住房的，不论是否已利用贷款购买过住房，银行业金融机构均按首套住房执行住房信贷政策。推动落实购买首套房贷款“认房不用认贷”政策措施，延续实施支持居民换购住房有关个人所得税政策政策将为居民购房带来哪些便利和实惠？,-0.0511534230442171,2023-08-29 17:05:59
认房不用认贷将为购房者带来哪些实惠？据新华社：推动落实购买首套房贷款“认房不用认贷”政策措施，延续实施支持居民换购住房有关个人所得税政策近日，我国房地产政策持续调整优化。这些政策将为居民购房带来哪些便利和实惠？据介绍，这一政策总结起来即是“换房可退个税”。业内人士表示，对于大部分城市来说，换房可以节省万至万元税费，而北京等城市部分房源能节省更多税费。交易房屋情况不同，个税征收情况也不同。详戳,-0.0162131784704896,2023-09-01 09:47:13
财科分钟新华社解读认房不认贷政策：认房不用认贷”将为购房者带来哪些实惠？推动落实购买首套房贷款“认房不用认贷”政策措施，延续实施支持居民换购住房有关个人所得税政策近日，我国房地产政策持续调整优化。这些政策将为居民购房带来哪些便利和实惠？,0.0135334190638984,2023-08-30 07:13:27
三部门：延续实施支持居民换购住房有关个人所得税政策财政部、税务总局、住房城乡建设部发布《关于延续实施支持居民换购住房有关个人所得税政策的公告》。自年月日至年月日，对出售自有住房并在现住房出售后年内在市场重新购买住房的纳税人，对其出售现住房已缴纳的个人所得税予以退税优惠。其中，新购住房金额大于或等于现住房转让金额的，全部退还已缴纳的个人所得税；新购住房金额小于现住房转让金额的，按新购住房金额占现住房转让金额的比例退还出售现住房已缴纳的个人所得税。本公告所称现住房转让金额为该房屋转让的市场成交价格。新购住房为新房的，购房金额为纳税人在住房城乡建设部门网签备案的购房合同中注明的成交价格；新购住房为二手房的，购房金额为房屋的成交价格。（央广网）,0.015079850159005,2023-08-30 06:56:04
退钱了退钱了近日财政部、国家税务总局、住房城乡建设部发布公告延续实施支持居民换购住房相关税收优惠政策根据公告，对出售自有住房并在现住房出售后年内在市场重新购买住房的纳税人，对其出售现住房已缴纳的个人所得税予以退税优惠，公告执行至年底。具体来看，新购住房金额大于或等于现住房转让金额的，全部退还已缴纳的个人所得税；新购住房金额小于现住房转让金额的，按新购住房金额占现住房转让金额的比例退还出售现住房已缴纳的个人所得税。财政部税务总局住房城乡建设部关于延续实施支持居民换购住房有关个人所得税政策的公告财政部税务总局住房城乡建设部公告年第号为继续支持居民改善住房条件，现就有关个人所得税政策公告如下：一、自年月日至年月日，对出售自有住房并在现住房出售后年内在市场重新购买住房的纳税人，对其出售现住房已缴纳的个人所得税予以退税优惠。其中，新购住房金额大于或等于现住房转让金额的，全部退还已缴纳的个人所得税；新购住房金额小于现住房转让金额的，按新购住房金额占现住房转让金额的比例退还出售现住房已缴纳的个人所得税。二、本公告所称现住房转让金额为该房屋转让的市场成交价格。新购住房为新房的，购房金额为纳税人在住房城乡建设部门网签备案的购房合同中注明的成交价格；新购住房为二手房的，购房金额为房屋的成交价格。三、享受本公告规定优惠政策的纳税人须同时满足以下条件：纳税人出售和重新购买的住房应在同一城市范围内。同一城市范围是指同一直辖市、副省级城市、地级市（地区、州、盟）所辖全部行政区划范围。出售自有住房的纳税人与新购住房之间须直接相关，应为新购住房产权人或产权人之一。四、符合退税优惠政策条件的纳税人应向主管税务机关提供合法、有效的售房、购房合同和主管税务机关要求提供的其他有关材料，经主管税务机关审核后办理退税。五、各级住房城乡建设部门应与税务部门建立信息共享机制，将本地区房屋交易合同网签备案等信息（含撤销备案信息）实时共享至当地税务部门；暂未实现信息实时共享的地区，要建立健全工作机制，确保税务部门及时获取审核退税所需的房屋交易合同备案信息。特此公告。财政部税务总局住房城乡建设部年月日中国社会科学院财经战略研究院财政研究室主任何代欣表示，为支持居民改善住房条件，去年，财政部等部门出台了支持居民换购住房有关个人所得税政策，政策将于今年底到期。三部门此次发布的公告明确将这项政策延续实施至年底，有助于继续支持居民改善住房条件。此外，为继续支持公共租赁住房建设和运营，财政部、税务总局发布公告，明确继续实施公共租赁住房税收优惠政策至年底。来源：国家税务总局、央视新闻,0.293365310418896,2023-08-29 21:47:52
明确可以退钱了近日，财政部、国家税务总局、住房城乡建设部发布公告，延续实施支持居民换购住房相关税收优惠政策。根据公告，对出售自有住房并在现住房出售后年内在市场重新购买住房的纳税人，对其出售现住房已缴纳的个人所得税予以退税优惠，公告执行至年底。具体来看，新购住房金额大于或等于现住房转让金额的，全部退还已缴纳的个人所得税；新购住房金额小于现住房转让金额的，按新购住房金额占现住房转让金额的比例退还出售现住房已缴纳的个人所得税。财政部税务总局住房城乡建设部关于延续实施支持居民换购住房有关个人所得税政策的公告财政部税务总局住房城乡建设部公告年第号为继续支持居民改善住房条件，现就有关个人所得税政策公告如下：一、自年月日至年月日，对出售自有住房并在现住房出售后年内在市场重新购买住房的纳税人，对其出售现住房已缴纳的个人所得税予以退税优惠。其中，新购住房金额大于或等于现住房转让金额的，全部退还已缴纳的个人所得税；新购住房金额小于现住房转让金额的，按新购住房金额占现住房转让金额的比例退还出售现住房已缴纳的个人所得税。二、本公告所称现住房转让金额为该房屋转让的市场成交价格。新购住房为新房的，购房金额为纳税人在住房城乡建设部门网签备案的购房合同中注明的成交价格；新购住房为二手房的，购房金额为房屋的成交价格。三、享受本公告规定优惠政策的纳税人须同时满足以下条件：纳税人出售和重新购买的住房应在同一城市范围内。同一城市范围是指同一直辖市、副省级城市、地级市（地区、州、盟）所辖全部行政区划范围。出售自有住房的纳税人与新购住房之间须直接相关，应为新购住房产权人或产权人之一。四、符合退税优惠政策条件的纳税人应向主管税务机关提供合法、有效的售房、购房合同和主管税务机关要求提供的其他有关材料，经主管税务机关审核后办理退税。五、各级住房城乡建设部门应与税务部门建立信息共享机制，将本地区房屋交易合同网签备案等信息（含撤销备案信息）实时共享至当地税务部门；暂未实现信息实时共享的地区，要建立健全工作机制，确保税务部门及时获取审核退税所需的房屋交易合同备案信息。特此公告。财政部税务总局住房城乡建设部年月日中国社会科学院财经战略研究院财政研究室主任何代欣表示，为支持居民改善住房条件，去年，财政部等部门出台了支持居民换购住房有关个人所得税政策，政策将于今年底到期。三部门此次发布的公告明确将这项政策延续实施至年底，有助于继续支持居民改善住房条件。此外，为继续支持公共租赁住房建设和运营，财政部、税务总局发布公告，明确继续实施公共租赁住房税收优惠政策至年底。来源：国家税务总局央视新闻大众日报,0.501486796819679,2023-08-29 15:57:23
三部门发布延续实施支持居民换购住房有关个人所得税政策《关于延续实施支持居民换购住房有关个人所得税政策的公告》发布，明确自年月日至年月日，对出售自有住房并在现住房出售后年内在市场重新购买住房的纳税人，对其出售现住房已缴纳的个人所得税予以退税优惠。（中国建设报）网页链接,0.0287971090224799,------
个税全退，换房正当时月日，财政部、税务总局、住建部发布《关于延续实施支持居民换购住房有关个人所得税政策的公告》。自年月日至年月日，出售自有住房并在年内重新购买住房的纳税人，售房缴纳的个人所得税全部退还。点评：个税是很大一项税负，尤其是豪宅的交易，个税很高，这个政策对于前期已经在房价上涨中获利的人来说是很有好处的，前期房价已经上涨很多，但是房龄过了多年，继续涨价潜力变弱，或者自己有更好的居住需求，都可以卖旧换新，这就是我们说的，当下应该趁机整理房产资产的时候，不要被网上的舆论影响情绪，那些跟你有关系也没关系，凡是在国内的钱，未来都会随着现金而贬值，还不如整理为优质房产呢。北京微博房产,-0.7280234601827509,2023-08-29 10:42:55
关于延续实施支持居民换购住房有关个人所得税政策的公告财政部、税务总局、住房城乡建设部发布年第号公告，明确自年月日至年月日，对出售自有住房并在现住房出售后年内在市场重新购买住房的纳税人，对其出售现住房已缴纳的个人所得税予以退税优惠。其中，新购住房金额大于或等于现住房转让金额的，全部退还已缴纳的个人所得税；新购住房金额小于现住房转让金额的，按新购住房金额占现住房转让金额的比例退还出售现住房已缴纳的个人所得税。（中国政府网）,0.009000860881211,2023-08-29 09:58:56
三部门：居民换购住房有关个人所得税政策延续实施财政部、国家税务总局、住房城乡建设部近日发布公告，延续实施支持居民换购住房相关税收优惠政策。三部门：居民换购住房有关个人所得税政策延续实施,0.0,2023-08-29 20:44:41
三部门：延续实施支持居民换购住房有关个人所得税政策财政部、税务总局、住房城乡建设部发布《关于延续实施支持居民换购住房有关个人所得税政策的公告》。一、自年月日至年月日，对出售自有住房并在现住房出售后年内在市场重新购买住房的纳税人，对其出售现住房已缴纳的个人所得税予以退税优惠。其中，新购住房金额大于或等于现住房转让金额的，全部退还已缴纳的个人所得税；新购住房金额小于现住房转让金额的，按新购住房金额占现住房转让金额的比例退还出售现住房已缴纳的个人所得税。二、本公告所称现住房转让金额为该房屋转让的市场成交价格。新购住房为新房的，购房金额为纳税人在住房城乡建设部门网签备案的购房合同中注明的成交价格；新购住房为二手房的，购房金额为房屋的成交价格。详情如下,0.0263175407181902,2023-08-29 10:02:40
伊川人刚刚购房新政接连发布据新华社消息，记者日从住房和城乡建设部获悉，近日住房城乡建设部、中国人民银行、金融监管总局联合印发了《关于优化个人住房贷款中住房套数认定标准的通知》，推动落实购买首套房贷款“认房不用认贷”政策措施。通知明确，居民家庭（包括借款人、配偶及未成年子女）申请贷款购买商品住房时，家庭成员在当地名下无成套住房的，不论是否已利用贷款购买过住房，银行业金融机构均按首套住房执行住房信贷政策。此项政策作为政策工具，纳入“一城一策”工具箱，供城市自主选用。据住房城乡建设部有关负责同志介绍，此项政策将使更多购房人能够享受首套房贷款的首付比例和利率优惠，有助于降低居民购房成本，更好满足刚性和改善性住房需求。同在月日，财政部、税务总局、住房城乡建设部发布《关于延续实施支持居民换购住房有关个人所得税政策的公告》。关于延续实施支持居民换购住房有关个人所得税政策的公告财政部税务总局住房城乡建设部公告年第号为继续支持居民改善住房条件，现就有关个人所得税政策公告如下：一、自年月日至年月日，对出售自有住房并在现住房出售后年内在市场重新购买住房的纳税人，对其出售现住房已缴纳的个人所得税予以退税优惠。其中，新购住房金额大于或等于现住房转让金额的，全部退还已缴纳的个人所得税；新购住房金额小于现住房转让金额的，按新购住房金额占现住房转让金额的比例退还出售现住房已缴纳的个人所得税。二、本公告所称现住房转让金额为该房屋转让的市场成交价格。新购住房为新房的，购房金额为纳税人在住房城乡建设部门网签备案的购房合同中注明的成交价格；新购住房为二手房的，购房金额为房屋的成交价格。三、享受本公告规定优惠政策的纳税人须同时满足以下条件：纳税人出售和重新购买的住房应在同一城市范围内。同一城市范围是指同一直辖市、副省级城市、地级市（地区、州、盟）所辖全部行政区划范围。出售自有住房的纳税人与新购住房之间须直接相关，应为新购住房产权人或产权人之一。四、符合退税优惠政策条件的纳税人应向主管税务机关提供合法、有效的售房、购房合同和主管税务机关要求提供的其他有关材料，经主管税务机关审核后办理退税。五、各级住房城乡建设部门应与税务部门建立信息共享机制，将本地区房屋交易合同网签备案等信息（含撤销备案信息）实时共享至当地税务部门；暂未实现信息实时共享的地区，要建立健全工作机制，确保税务部门及时获取审核退税所需的房屋交易合同备案信息。特此公告。财政部税务总局住房城乡建设部年月日,0.3436163173187518,2023-08-29 21:38:54
关于贷款套数认定、个税退税优惠，这些重磅购房政策明确日从住房和城乡建设部获悉，近日住房城乡建设部、中国人民银行、金融监管总局联合印发了《关于优化个人住房贷款中住房套数认定标准的通知》，推动落实购买首套房贷款“认房不用认贷”政策措施。通知明确，居民家庭（包括借款人、配偶及未成年子女）申请贷款购买商品住房时，家庭成员在当地名下无成套住房的，不论是否已利用贷款购买过住房，银行业金融机构均按首套住房执行住房信贷政策。此项政策作为政策工具，纳入“一城一策”工具箱，供城市自主选用。据住房城乡建设部有关负责同志介绍，此项政策将使更多购房人能够享受首套房贷款的首付比例和利率优惠，有助于降低居民购房成本，更好满足刚性和改善性住房需求。三部门：延续实施支持居民换购住房有关个人所得财政部、税务总局、住房城乡建设部发布《关于延续实施支持居民换购住房有关个人所得税政策的公告》。自年月日至年月日，对出售自有住房并在现住房出售后年内在市场重新购买住房的纳税人，对其出售现住房已缴纳的个人所得税予以退税优惠。其中，新购住房金额大于或等于现住房转让金额的，全部退还已缴纳的个人所得税；新购住房金额小于现住房转让金额的，按新购住房金额占现住房转让金额的比例退还出售现住房已缴纳的个人所得税。本公告所称现住房转让金额为该房屋转让的市场成交价格。新购住房为新房的，购房金额为纳税人在住房城乡建设部门网签备案的购房合同中注明的成交价格；新购住房为二手房的，购房金额为房屋的成交价格。来源：新华社、央视新闻客户端,1.0,2023-08-29 10:16:53
三部门：延续实施支持居民换购住房有关个人所得税政策财政部、税务总局、住房城乡建设部发布《关于延续实施支持居民换购住房有关个人所得税政策的公告》。一、自年月日至年月日，对出售自有住房并在现住房出售后年内在市场重新购买住房的纳税人，对其出售现住房已缴纳的个人所展开,0.0456774121032048,2023-08-29 09:59:18
三部门：延续实施支持居民换购住房有关个人所得税政策评：没啥影响,0.3018714370905217,2023-08-29 09:53:26
关于延续实施支持居民换购住房有关个人所得税政策的公告财政部、税务总局、住房城乡建设部发布年第号公告，明确自年月日至年月日，对出售自有住房并在现住房出售后年内在市场重新购买住房的纳税人，对其出售现住房已缴纳的个人所得税予以退税优惠。其中，新购住房金额大于或展开,0.0190186559806182,------
速看换房有钱退，延续至年底近日财政部、国家税务总局、住房城乡建设部发布公告延续实施支持居民换购住房相关税收优惠政策换房有钱退了根据公告，对出售自有住房并在现住房出售后年内在市场重新购买住房的纳税人，对其出售现住房已缴纳的个人所得税予以退税优惠，公告执行至年底。具体来看，新购住房金额大于或等于现住房转让金额的，全部退还已缴纳的个人所得税；新购住房金额小于现住房转让金额的，按新购住房金额占现住房转让金额的比例退还出售现住房已缴纳的个人所得税。财政部税务总局住房城乡建设部关于延续实施支持居民换购住房有关个人所得税政策的公告为继续支持居民改善住房条件，现就有关个人所得税政策公告如下：一、自年月日至年月日，对出售自有住房并在现住房出售后年内在市场重新购买住房的纳税人，对其出售现住房已缴纳的个人所得税予以退税优惠。其中，新购住房金额大于或等于现住房转让金额的，全部退还已缴纳的个人所得税；新购住房金额小于现住房转让金额的，按新购住房金额占现住房转让金额的比例退还出售现住房已缴纳的个人所得税。二、本公告所称现住房转让金额为该房屋转让的市场成交价格。新购住房为新房的，购房金额为纳税人在住房城乡建设部门网签备案的购房合同中注明的成交价格；新购住房为二手房的，购房金额为房屋的成交价格。三、享受本公告规定优惠政策的纳税人须同时满足以下条件：纳税人出售和重新购买的住房应在同一城市范围内。同一城市范围是指同一直辖市、副省级城市、地级市（地区、州、盟）所辖全部行政区划范围。出售自有住房的纳税人与新购住房之间须直接相关，应为新购住房产权人或产权人之一。四、符合退税优惠政策条件的纳税人应向主管税务机关提供合法、有效的售房、购房合同和主管税务机关要求提供的其他有关材料，经主管税务机关审核后办理退税。五、各级住房城乡建设部门应与税务部门建立信息共享机制，将本地区房屋交易合同网签备案等信息（含撤销备案信息）实时共享至当地税务部门；暂未实现信息实时共享的地区，要建立健全工作机制，确保税务部门及时获取审核退税所需的房屋交易合同备案信息。特此公告。财政部税务总局住房城乡建设部年月日中国社会科学院财经战略研究院财政研究室主任何代欣表示，为支持居民改善住房条件，去年，财政部等部门出台了支持居民换购住房有关个人所得税政策，政策将于今年底到期。三部门此次发布的公告明确将这项政策延续实施至年底，有助于继续支持居民改善住房条件。此外，为继续支持公共租赁住房建设和运营，财政部、税务总局发布公告，明确继续实施公共租赁住房税收优惠政策至年底。来源：国家税务总局、央视新闻山东潍坊坊子融媒：李炳霏彭海程,0.2256892460663507,2023-08-29 10:42:55
退钱了退钱了近日财政部、国家税务总局、住房城乡建设部发布公告延续实施支持居民换购住房相关税收优惠政策根据公告，对出售自有住房并在现住房出售后年内在市场重新购买住房的纳税人，对其出售现住房已缴纳的个人所得税予以退税优惠，公告执行至年底。具体来看，新购住房金额展开,0.5044203926465762,2023-08-29 09:58:56
明确可以退钱了近日，财政部、国家税务总局、住房城乡建设部发布公告，延续实施支持居民换购住房相关税收优惠政策。根据公告，对出售自有住房并在现住房出售后年内在市场重新购买住房的纳税人，对其出售现住房已缴纳的个人所得税予以退税优惠，公告执行至年底。具体来看，新购住房金额大于或等于现住房转让金额的，全部退还已缴纳的个人所得税；新购住房金额小于现住房转让金额的，按新购住房金额占现住房转让金额的比例退还出售现住房已缴纳的个人所得税。财政部税务总局住房城乡建设部关于延续实施支持居民换购住房有关个人所得税政策的公告财政部税务总局住房城乡建设部公告年第号为继续支持居民改善住房条件，现就有关个人所得税政策公告如下：一、自年月日至年月日，对出售自有住房并在现住房出售后年内在市场重新购买住房的纳税人，对其出售现住房已缴纳的个人所得税予以退税优惠。其中，新购住房金额大于或等于现住房转让金额的，全部退还已缴纳的个人所得税；新购住房金额小于现住房转让金额的，按新购住房金额占现住房转让金额的比例退还出售现住房已缴纳的个人所得税。二、本公告所称现住房转让金额为该房屋转让的市场成交价格。新购住房为新房的，购房金额为纳税人在住房城乡建设部门网签备案的购房合同中注明的成交价格；新购住房为二手房的，购房金额为房屋的成交价格。三、享受本公告规定优惠政策的纳税人须同时满足以下条件：纳税人出售和重新购买的住房应在同一城市范围内。同一城市范围是指同一直辖市、副省级城市、地级市（地区、州、盟）所辖全部行政区划范围。出售自有住房的纳税人与新购住房之间须直接相关，应为新购住房产权人或产权人之一。四、符合退税优惠政策条件的纳税人应向主管税务机关提供合法、有效的售房、购房合同和主管税务机关要求提供的其他有关材料，经主管税务机关审核后办理退税。五、各级住房城乡建设部门应与税务部门建立信息共享机制，将本地区房屋交易合同网签备案等信息（含撤销备案信息）实时共享至当地税务部门；暂未实现信息实时共享的地区，要建立健全工作机制，确保税务部门及时获取审核退税所需的房屋交易合同备案信息。特此公告。财政部税务总局住房城乡建设部年月日中国社会科学院财经战略研究院财政研究室主任何代欣表示，为支持居民改善住房条件，去年，财政部等部门出台了支持居民换购住房有关个人所得税政策，政策将于今年底到期。三部门此次发布的公告明确将这项政策延续实施至年底，有助于继续支持居民改善住房条件。此外，为继续支持公共租赁住房建设和运营，财政部、税务总局发布公告，明确继续实施公共租赁住房税收优惠政策至年底。来源：国家税务总局央视新闻大众日报,1.0,2023-08-29 20:44:41
延续优化完善税费优惠政策最新政策税收优惠政策财政部税务总局公告年第号：关于继续实施公共租赁住房税收优惠政策的公告,-0.0189560603905164,2023-08-29 10:02:40
延续优化完善税费优惠政策最新政策税收优惠政策财政部税务总局公告年第号：关于继续实施公共租赁住房税收优惠政策的公告为继续支持公共租赁住房（以下称公租房）建设和运营，现将有关税收优惠政策公告如下：一、对公租房建设期间用地及公租房建成后占地，免征城镇土地使用税。在其他住房项目中配套建设公租房，按公租房建筑面积占总建筑面积的比例免征建设、管理公租房涉及的城镇土地使用税。二、对公租房经营管理单位免征建设、管理公租房涉及的印花税。在其他住房项目中配套建设公租房，按公租房建筑面积占总建筑面积的比例免征建设、管理公租房涉及的印花税。三、对公租房经营管理单位购买住房作为公租房，免征契税、印花税；对公租房租赁双方免征签订租赁协议涉及的印花税。四、对企事业单位、社会团体以及其他组织转让旧房作为公租房房源，且增值额未超过扣除项目金额的，免征土地增值税。五、企事业单位、社会团体以及其他组织捐赠住房作为公租房，符合税收法律法规规定的，对其公益性捐赠支出在年度利润总额以内的部分，准予在计算应纳税所得额时扣除，超过年度利润总额的部分，准予结转以后三年内在计算应纳税所得额时扣除。个人捐赠住房作为公租房，符合税收法律法规规定的，对其公益性捐赠支出未超过其申报的应纳税所得额的部分，准予从其应纳税所得额中扣除。六、对符合地方政府规定条件的城镇住房保障家庭从地方政府领取的住房租赁补贴，免征个人所得税。七、对公租房免征房产税。对经营公租房所取得的租金收入，免征增值税。公租房经营管理单位应单独核算公租房租金收入，未单独核算的，不得享受免征增值税、房产税优惠政策。八、享受上述税收优惠政策的公租房是指纳入省、自治区、直辖市、计划单列市人民政府及新疆生产建设兵团批准的公租房发展规划和年度计划，或者市、县人民政府批准建设（筹集），并按照《关于加快发展公共租赁住房的指导意见》（建保号）和市、县人民政府制定的具体管理办法进行管理的公租房。九、纳税人享受本公告规定的优惠政策，应按规定进行免税申报，并将不动产权属证明、载有房产原值的相关材料、纳入公租房及用地管理的相关材料、配套建设管理公租房相关材料、购买住房作为公租房相关材料、公租房租赁协议等留存备查。十、本公告执行至年月日。财政部税务总局年月日（点击链接查看公告网页链接）,-0.1497573505489537,2023-08-29 21:38:54
今天，三个部委新政下饺子的节奏不知道是否还有别的待批露？除了认房不用认贷、换房退税之外，这第三个是是关于公租房减税的新政：月日，财政部、税务总局联合发布关于继续实施公共租赁住房税收优惠政策的公告。具体来看，一是对公租房建设期间用地及公租房建成后占地，免征城镇土地使用税。在其他住房项目中配套建设公租房，按公租房建筑面积占总建筑面积的比例免征建设、管理公租房涉及的城镇土地使用税。二是对公租房经营管理单位免征建设、管理公租房涉及的印花税。在其他住房项目中配套建设公租房，按公租房建筑面积占总建筑面积的比例免征建设、管理公租房涉及的印花税。三是对公租房经营管理单位购买住房作为公租房，免征契税、印花税；对公租房租赁双方免征签订租赁协议涉及的印花税。四是对企事业单位、社会团体以及其他组织转让旧房作为公租房房源，且增值额未超过扣除项目金额的，免征土地增值税。五是企事业单位、社会团体以及其他组织捐赠住房作为公租房，符合税收法律法规规定的，对其公益性捐赠支出在年度利润总额以内的部分，准予在计算应纳税所得额时扣除，超过年度利润总额的部分，准予结转以后三年内在计算应纳税所得额时扣除。个人捐赠住房作为公租房，符合税收法律法规规定的，对其公益性捐赠支出未超过其申报的应纳税所得额的部分，准予从其应纳税所得额中扣除。六是对符合地方政府规定条件的城镇住房保障家庭从地方政府领取的住房租赁补贴，免征个人所得税。七是对公租房免征房产税。对经营公租房所取得的租金收入，免征增值税。公租房经营管理单位应单独核算公租房租金收入，未单独核算的，不得享受免征增值税、房产税优惠政策。八是享受上述税收优惠政策的公租房是指纳入省、自治区、直辖市、计划单列市人民政府及新疆生产建设兵团批准的公租房发展规划和年度计划，或者市、县人民政府批准建设（筹集），并按照《关于加快发展公共租赁住房的指导意见》（建保号）和市、县人民政府制定的具体管理办法进行管理的公租房。九是纳税人享受本公告规定的优惠政策，应按规定进行免税申报，并将不动产权属证明、载有房产原值的相关材料、纳入公租房及用地管理的相关材料、配套建设管理公租房相关材料、购买住房作为公租房相关材料、公租房租赁协议等留存备查。杨评：公租房，现在是租房领域中的纯保障房了，各种减税，其实也是在为各类国企减税，等于是左口袋的钱转至右口袋。而近两年很多大中城市着力推进的是保障性租赁房，这东东是带有一定保障色彩的、具有一定市场化程度的租赁房，真正该大力减税的是这个东东。当然，还应大力减税是纯市场化的长租公寓，很多经营企业近几年一直在亏钱，同时受上面两类租赁的冲击越来越大,-0.9299132752820246,2023-08-29 10:16:53
宏观经济住建部、央行、金融监管总局：推动落实购买首套房贷款“认房不用认贷”政策措施。降低居民购房成本，更好满足刚性和改善性住房需求。财政部、税务总局：延续实施支持居民换购住房有关个人所得税政策。继续实施公共租赁住房税收优惠政策。,-0.014393232562115,2023-08-29 09:59:18
实时快报：财政部、税务总局：继续实施公共租赁住房税收优惠政策云财经讯，对公租房建设期间用地及公租房建成后占地，免征城镇土地使用税。在其他住房项目中配套建设公租房，按公租房建筑面积占总建筑面积的比例免征建设、管理公租房涉及的城镇土地使用税。对公租房经营管理单位免征建设、管理公租房涉及的印花税。在其他住房项目中配套建设公租房，按公租房建筑面积占总建筑面积的比例免征建设、管理公租房涉及的印花税。对公租房经营管理单位购买住房作为公租房，免征契税、印花税；对公租房租赁双方免征签订租赁协议涉及的印花税。,-0.00697667278921,2023-08-29 09:53:26
户籍新政来了关系你的户口中新网北京月日电记者李金磊户籍政策迎来新措施。月日，公安部发布公安机关服务保障高质量发展若干措施，其中在户籍政策方面提出一系列举措。进一步放宽落户条件、降低落户门槛根据上述措施，大力推进以人为核心的新型城镇化。健全以常住地登记户口制度，进一步放宽落户条件、降低落户门槛，促进有能力在城镇稳定就业和生活的农业转移人口举家进城落户。公安部治安管理局副局长亓希国在新闻发布会上指出，公安部充分发挥牵头部门职能作用，会同有关部门采取有力措施，推动全面建立城乡统一的户口登记制度、便利畅通农业转移人口落户渠道、全面提升基本公共服务水平，推动农业转移人口市民化工作取得重要进展。截至年，亿农业转移人口落户城镇，户籍人口城镇化率达。调整优化超大、特大城市落户政策上述措施提出，调整优化超大、特大城市落户政策，完善积分落户制度，更好地解决进城普通劳动者的落户问题。“推动农业转移人口进城落户是推进以人为核心的新型城镇化的关键一环。”亓希国表示，公安部充分发挥人口管理对于人口有序流动的牵引作用，持续深化户籍制度改革。其中，推动各地全面取消城区常住人口万以下的城市落户限制，全面放宽城区常住人口万至万的型大城市落户条件，完善城区常住人口万以上的超大特大城市积分落户政策，确保社会保险缴纳年限和居住年限分数占主要比例，鼓励取消年度落户名额限制。进一步放宽集体户设立条件上述措施要求，进一步放宽集体户设立条件，鼓励有条件的地方取消人才市场、众创空间等单位设立集体户限制，推行乡镇街道或村社区设立公共集体户，便利各类人员落户。探索户籍准入同城化上述措施指出，支持具备条件的都市圈或城市群探索实行户籍准入年限同城化累计互认、居住证互通互认。中新财经注意到，中共中央办公厅、国务院办公厅年印发的《建设高标准市场体系行动方案》提出，推动户籍准入年限同城化累计互认。除超大、特大城市外，在具备条件的都市圈或城市群探索实行户籍准入年限同城化累计互认。受访专家对中新财经记者表示，这些年都市圈或城市群发展的一个新趋势就是，人口在同一个都市圈或城市群范围内流动越来越频繁，所以，适应这种趋势，探索实行户籍准入年限同城化累计互认、居住证互通互认，将促使人员流动更加便利。试点实施灵活落户政策上述措施指出，对农村籍大学生、科技人才、退伍军人因实际居住、就业创业等申请落户的，可以迁入原籍地或就业创业地，助力城乡融合发展。专家表示，上述户籍制度改革措施具有“含金量”，将进一步使更多的农业转移人口进城落户，推动新型城镇化的发展，从而服务和助力高质量发展。完来源：中国新闻网,0.2242793202295512,2023-08-05 20:35:26
户籍新政继续推动城市化进程推动各地全面取消城区常住人口万以下的城市落户限制，全面放宽城区常住人口万至万的型大城市落户条件，完善城区常住人口万以上的超大特大城市积分落户政策，确保社会保险缴纳年限和居住年限分数占主要比例，鼓励取消年度落户名额限制。进一步放宽集体户设立条件，鼓励有条件的地方取消人才市场、众创空间等单位设立集体户限制，推行乡镇街道或村社区设立公共集体户，便利各类人员落户。,0.0050606454063472,2023-08-06 08:02:47
公安部新闻发布会推动各地全面取消城区常住人口万以下的城市落户限制全面放宽城区常住人口万至万的型大城市落户条件完善城区常住人口万以上的超大特大城市积分落户政策，确保社会保险缴纳年限和居住年限分数占主要比例，鼓励取消年度落户名额限制。警民携手同行警民携手同行的微博视频,0.0535899145417952,2023-08-05 23:15:51
全面放宽大城市落户条件月日，公安部发布服务保障高质量发展条措施，明确将推动各地全面取消城区常住人口万以下的城市落户限制，全面放宽城区常住人口万至万的型大城市落户条件，完善城区常住人口万以上的超大特大城市积分落户政策，确保社会保险缴纳年限和居住年限分数占主要比例，鼓励取消年度落户名额限制，同时进一步放宽集体户设立条件。（上海广播电视台）的微博视频,-0.0009621094762664,2023-08-05 16:51:42
月日，中公简报，星期五，农历六月十八，早安事业单位早报公安部：全面放宽大城市落户条件，完善特大城市积分落户政策，鼓励取消年度落户名额限制。“疯狂小杨哥”宣布捐款万救灾；顺丰、蜜雪冰城各捐了万；苹果、百度、蚂蚁、宝马、新东方也出手了。郑州：落实“认房展开,0.1162889795271237,2023-08-11 09:55:46
公安部：全面放宽大城市落户条件，完善特大城市积分落户政策月日，公安部在北京召开新闻发布会。公安部治安管理局副局长亓希国就大力推进以人为核心的新型城镇化方面的举措答记者问。亓希国表示，推动各地全面取消城区常住人口万以下的城市落户限制，全面放宽城区常住人口万至万的型大城市落户条件，完善城区常住人口万以上的超大特大城市积分落户政策，确保社会保险缴纳年限和居住年限分数占主要比例，鼓励取消年度落户名额限制。（来源人民网，编辑梁冬生，责编杨乐勇，审核陈园丽）人民视频的微博视频,1.0,2023-08-09 01:09:51
公安部新闻发布会推动各地全面取消城区常住人口万以下的城市落户限制全面放宽城区常住人口万至万的型大城市落户条件完善城区常住人口万以上的超大特大城市积分落户政策，确保社会保险缴纳年限和居住年限分数占主要比例，鼓励取消年度落户名额限制。平安天津的微博视频,0.0010529417124803,2023-08-06 18:56:53
公安部新闻发布会推动各地全面取消城区常住人口万以下的城市落户限制全面放宽城区常住人口万至万的型大城市落户条件完善城区常住人口万以上的超大特大城市积分落户政策，确保社会保险缴纳年限和居住年限分数占主要比例，鼓励取消年度落户名额限制。警民携手同行的微博视频,0.221662287733253,2023-08-06 18:16:38
公安部：全面放宽大城市落户条件完善特大城市积分落户政策公安部今天（日）发布服务保障高质量发展条措施，明确将推动各地全面取消城区常住人口万以下的城市落户限制，全面放宽城区常住人口万至万的型大城市落户条件，完善城区常住人口万以上的超大特大城市积分落户政策，确保社会保险缴纳年限和居住年限分数占主要比例，鼓励取消年度落户名额限制，同时进一步放宽集体户设立条件。此外，条措施还涉及加强制度供给、优化管理服务、严格安全监管等方面。（）的微博视频,0.0028235342156158,2023-08-05 23:07:39
公安部：人口万以下城市取消落户限制完善超大特大城市积分落户政策月日记者从公安部在京召开的新闻发布会获悉，公安部研究制定公安机关服务保障高质量发展若干措施，包括推进以人为核心的新型城镇化，全面放宽大城市落户条件，完善特大城市积分落户政策等。一是推动各地全面取消城区常住人口万以下的城市落户限制，全面放宽城区常住人口万至万的型大城市落户条件，完善城区常住人口万以上的超大特大城市积分落户政策，确保社会保险缴纳年限和居住年限分数占主要比例，鼓励取消年度落户名额限制。武汉市民热线全面放宽大城市落户政策公安部条改革措施来了,-0.1234229941849292,2023-08-05 23:05:14
公安部：完善特大城市积分落户政策，鼓励取消特大城市年度落户名额限制放宽大城市落户条件月日消息，公安部将充分发挥人口管理对于人口有序流动的牵引作用，持续深化户籍制度改革。一是推动各地全面取消城区常住人口万以下的城市落户限制。全面放宽城区常住人口万至万的型大城市落户条件，完善城区常住人口万以上的超大特大城市积分落户政策，确保社会保险缴纳年限和居住年限分数占主要比例，鼓励取消年度落户名额限制。二是进一步放宽集体户设立条件，鼓励各地在人才市场、众创空间以及乡镇（街道）或者村（社区）设立集体户，更好地便利群众落户。,0.0259199665100265,2023-08-05 22:47:46
深圳落户的门槛，应该很快就要放松了。今天公安部发文，全面放宽大城市落户条件。完善超大特大城市积分落户政策，支持具备条件的都市圈或城市群。探索实行户籍准入年限同城化累计互认、居住证互通互认。杭州前几天就已经放松了，取消城区积分落户名额限制。深圳估计也快松绑了,-0.1105456592453037,2023-08-05 20:39:35
公安部：完善特大城市积分落户政策，鼓励取消特大城市年度落户名额限制放宽大城市落户条件月日消息，公安部将充分发挥人口管理对于人口有序流动的牵引作用，持续深化户籍制度改革。一是推动各地全面取消城区常住人口万以下的城市落户限制。全面放宽城区常住人口万至万的型大城市落户条件，完善城区常住人口万以上的超大特大城市积分落户政策，确保社会保险缴纳年限和居住年限分数占主要比例，鼓励取消年度落户名额限制。二是进一步放宽集体户设立条件，鼓励各地在人才市场、众创空间以及乡镇（街道）或者村（社区）设立集体户，更好地便利群众落户。视频的微博视频,-0.0102827382310195,2023-08-05 20:13:04
公安部：全面放宽大城市落户条件，完善特大城市积分落户政策，鼓励取消年度落户名额限制。,-0.057559528528372,2023-08-05 19:17:03
公安部：全面放宽大城市落户条件，完善特大城市积分落户政策月日记者从公安部在京召开的新闻发布会获悉，公安部研究制定公安机关服务保障高质量发展若干措施，包括推进以人为核心的新型城镇化，全面放宽大城市落户条件，完善特大城市积分落户政策等。公安部治安管理局副局长亓希国就大力推进以人为核心的新型城镇化方面的举措答记者问。亓希国表示，按照党中央统一部署，公安部充分发挥牵头部门职能作用，会同有关部门采取有力措施，推动全面建立城乡统一的户口登记制度、便利畅通农业转移人口落户渠道、全面提升基本公共服务水平，推动农业转移人口市民化工作取得重要进展。截至年，亿农业转移人口落户城镇，户籍人口城镇化率达。党的二十大报告强调，“推进以人为核心的新型城镇化，加快农业转移人口市民化”。推动农业转移人口进城落户是推进以人为核心的新型城镇化的关键一环。公安部将充分发挥人口管理对于人口有序流动的牵引作用，持续深化户籍制度改革。一是推动各地全面取消城区常住人口万以下的城市落户限制，全面放宽城区常住人口万至万的型大城市落户条件，完善城区常住人口万以上的超大特大城市积分落户政策，确保社会保险缴纳年限和居住年限分数占主要比例，鼓励取消年度落户名额限制。二是进一步放宽集体户设立条件，鼓励各地在人才市场、众创空间以及乡镇（街道）或者村（社区）设立集体户，更好地便利群众落户。（北京日报客户端）,0.064613234343785,2023-08-05 17:45:16
公安部：全面放宽大城市落户条件，完善特大城市积分落户政策月日记者从公安部在京召开的新闻发布会获悉，公安部研究制定公安机关服务保障高质量发展若干措施，包括推进以人为核心的新型城镇化，全面放宽大城市落户条件，完善特大城市积分落户政策等。公安部治安管理局副局长亓希国就大力推进以人为核心的新型城镇化方面的举措答记者问。亓希国表示，按照党中央统一部署，公安部充分发挥牵头部门职能作用，会同有关部门采取有力措施，推动全面建立城乡统一的户口登记制度、便利畅通农业转移人口落户渠道、全面提升基本公共服务水平，推动农业转移人口市民化工作取得重要进展。截至年，亿农业转移人口落户城镇，户籍人口城镇化率达。党的二十大报告强调，“推进以人为核心的新型城镇化，加快农业转移人口市民化”。推动农业转移人口进城落户是推进以人为核心的新型城镇化的关键一环。公安部将充分发挥人口管理对于人口有序流动的牵引作用，持续深化户籍制度改革。一是推动各地全面取消城区常住人口万以下的城市落户限制，全面放宽城区常住人口万至万的型大城市落户条件，完善城区常住人口万以上的超大特大城市积分落户政策，确保社会保险缴纳年限和居住年限分数占主要比例，鼓励取消年度落户名额限制。二是进一步放宽集体户设立条件，鼓励各地在人才市场、众创空间以及乡镇（街道）或者村（社区）设立集体户，更好地便利群众落户。,-0.0027700587220124,2023-08-05 16:59:55
公安部：全面放宽大城市落户条件，完善特大城市积分落户政策月日记者从公安部在京召开的新闻发布会获悉，公安部研究制定公安机关服务保障高质量发展若干措施，包括推进以人为核心的新型城镇化，全面放宽大城市落户条件，完善特大城市积分落户政策等。公安部治安管理局副局长亓希国就大力推进展开,0.0039377675611316,2023-08-05 16:12:41
公安部：全面放宽大城市落户条件，完善特大城市积分落户政策月日记者从公安部在京召开的新闻发布会获悉，公安部研究制定公安机关服务保障高质量发展若干措施，包括推进以人为核心的新型城镇化，全面放宽大城市落户条件，完善特大城市积分落户政策等。公安部治安管理局副局长亓希国就大力推进以人为核心的新型城镇化方面的举措答记者问。亓希国表示，按照党中央统一部署，公安部充分发挥牵头部门职能作用，会同有关部门采取有力措施，推动全面建立城乡统一的户口登记制度、便利畅通农业转移人口落户渠道、全面提升基本公共服务水平，推动农业转移人口市民化工作取得重要进展。截至年，亿农业转移人口落户城镇，户籍人口城镇化率达。党的二十大报告强调，“推进以人为核心的新型城镇化，加快农业转移人口市民化”。推动农业转移人口进城落户是推进以人为核心的新型城镇化的关键一环。公安部将充分发挥人口管理对于人口有序流动的牵引作用，持续深化户籍制度改革。一是推动各地全面取消城区常住人口万以下的城市落户限制，全面放宽城区常住人口万至万的型大城市落户条件，完善城区常住人口万以上的超大特大城市积分落户政策，确保社会保险缴纳年限和居住年限分数占主要比例，鼓励取消年度落户名额限制。二是进一步放宽集体户设立条件，鼓励各地在人才市场、众创空间以及乡镇（街道）或者村（社区）设立集体户，更好地便利群众落户。（北京日报）,0.1214401642621397,2023-08-05 14:57:35
可以让作文锦上添花的高分题目一、青年青春《不坠吾辈青云志》《最美青春献祖国》《青年当奋斗学习》《奋斗的青春最美》《百舸争流搏劲浪》《以驾行丰盈青春》《做不负时代的青年》《青年者应与平庸相斥》《以梦为马，不负韶华》《无悔青春，逐梦星河》《不展开,0.0117338142337273,2023-09-15 23:17:41
受是攻包养的情人，因为攻喜欢的人早已结婚，并且定居国外，而受和那人长得很像。说到底，替身而已。受是因为缺钱才答应的，在他的印象里有钱人都玩得很花，一个不开心就会就会打人惩罚人。没想到的是攻完全不会，他长得好看，待人温柔有礼，脸上始终挂着谦逊的笑，甚至一开始在受好不容易做好心理建设后一咬牙脱光了衣服爬上攻的床的时候，攻还一边安慰着颤抖的受，一边给他穿上了衣服。他甚至都没有碰过受，他很尊重受，不会嘲笑他，拿他当玩具，知道受对未来很迷茫，他会带受去学很多的东西，各种课程。目的是为了让受了解到自己喜欢什么，以后要为什么而奋斗。可结了婚也是会离婚的，攻喜欢的人婚姻并不幸福，后来在其他人的明示暗示下知道攻对他有意思，他便开始用各种理由去见攻。后来因为另一半找回来，更是借口害怕以此住进了攻的家里。攻所喜欢的人早知道攻家里住着一个情人，听说攻很喜欢，他绞尽脑汁地想着该怎么顶替受的位置，直到他看到受的脸，他知道自己赢了。他偷偷问受：“你是不是喜欢他？”他还想再说点什么好宣示主权，叫受知难而退，受却已经用力地摇摇头。“不，我不喜欢他，我已经有喜欢的人了。”受撒了谎，声音越说越小，“我和他只是交易，我待在他身边是因为我需要钱。”接下来的很长时间里，攻忙于照顾喜欢的人，不论什么场合，都带着那个人。受和攻见面的次数屈指可数，见到了也只是打个照面，每次受都想主动说点什么，但攻就好像没看到他似的。受黯然神伤，但他能理解，好不容易有机会和喜欢的人在一起了，难不成还要跟以前一样把时间浪费在他这个替身的身上吗？日子一天天过去，有一天，受鼓起勇气去找了攻，他支支吾吾道：“我们之前约定好了半年，还有几天就到了”“那就走啊，去找你喜欢的人。”攻看到受时脸上还带着笑，受还以为他今天心情还算不错，哪知道在后一秒在听到他的话后，攻面色立刻阴沉了下来，“你难道以为我会求着你留下来吗？如果不是因为长得像他，你根本没有待在我身边的机会。”攻以前对受都是温温柔柔的，忽然间像是变了一个人，把话说得这么难听，叫受如同被利剑刺心，整个人都呆住了。但攻说的是实话，受想了想，安安静静地收拾好自己的东西离开了，连再见都没有跟攻说。几个月后的某一天，受接到攻的电话，看到手机屏幕上的备注时，受吓了一跳，正犹豫着要不要接，电话就这么挂断了。那天晚上受辗转反侧，怎么也睡不着，最终还是没能克制住自己，打了电话过去，却没想到是医生接的。坏消息，攻出了车祸，出事的地点就在他居住地方的附近。好消息，失忆了。对于其他人来说这或许也算是坏消息，但对于受来说，那就是好消息，他带攻回了自己租的小房子里。医生说攻是失忆，但受总有种攻实际上是失智的感觉，非常的孩子气。一开始还肯老老实实睡沙发，后来有一晚上下了雨，一边说着害怕，一边就往受的床上爬。这爬过一次，就再也没下去了，从规规矩矩各睡各的，到必须抱着受睡，否则能气得在一边瞪着受干坐一晚上。好在他爱闹脾气，但也十分的好哄，简单到一个吻就能解决。医生说攻失忆了，但具体说的是头部受到了创伤，有淤血，但并不严重，失忆的状况是短暂的。短暂的意思就会很快就会好，所以在受在上班时受到攻的短信，说他在医院时，受就已经意识到自己要再次失去他了。因为在失忆的这段时间里，受是不让攻出门的，怕攻身体没好全再出什么事情，更怕被人发现，把攻从他的身边带走。受一开始提出这个要求的时候很忐忑，因为这完全是在限制攻的人身自由，哪知攻想也不想地就答应了。攻委委屈屈地道，“反正我只有你，我愿意每天等你回家，但你不能够忘记我一直在这里，不可以丢下我，好吗？”受还没开口说话，攻便自己伸出指头去勾了勾受的小指，把这个誓言给落定了。受忽然想起哪天赶到医院，对上攻茫然的目光，正愁着不知道该给自己按个什么身份，找什么理由，到最后只是不停地支支吾吾说着：“我是，我是”攻一下子就笑了，眼睛亮晶晶的，接过了受的话，“你是我喜欢的人，对不对？”受一下子哽住了，他觉得攻会说这句话是另外一个人，他不敢直面这个问题，犹豫再三，自私地说，“我带你走吧。”受知道攻会回复记忆，他早就做好了终有一日回和他分别的准备，他想他可以像第一次一样，到时候洒脱地离开。最初受因为攻对他的尊重与好产生好感，然后在这几个月日日夜夜的陪伴里心动。心一动，该怎么洒脱？只有不舍与对未来没有攻的日子的害怕。受赶去了医院，却没有进去，因为他在病房外看到攻已经睡着，他喜欢的人正趴在床边休息，整个画面是说不出的温馨与恬静。他想，如果他当时没有自私地带攻走，攻出车祸的那段时间攻和喜欢的人大概也是这样，他们应该早在一起了。他好像做错了事。受在病房外站了很久很久，最后独自一个人回到了他的小房子里。攻是在第二天下午回来的，西装革履，盛气凌人，哪有之前连受一句话不理他就立刻委屈得要哭的窝囊样。受还以为攻不会再愿意见他了，他惊喜地看着攻，嗓子发哑，“你回来了。”“是的。”攻没说话，他身后，喜欢的人走上前来，说，“他说有东西要拿，我来陪他收拾行李。”“这样啊。”受脸上的笑容迅速消融，他低下头，不再看攻，说，“我来收拾吧，你们等一下，很快就好。”受找出行李箱，打开柜门，把攻的衣服叠好，一件件放进去。柜子很小，攻的衣服一拿，立刻就空了一半，反观受的衣服就那么几件。受收拾的很慢，他猜到自己以后可能见不到攻了，有意拖延着时间，然后他就听到攻喜欢的人鄙夷道：“你这几个月里就一直住在这种地方？这么小的床，每天晚上都睡不好吧？”攻没回答，他盯着受专心致志给他整理东西的背影，见受半天了一句挽留的话都没有，忽然气不打一处来，“你买的那些衣服跟个破烂似的，算了，我不要了。”受这才扭过头，重新把目光放到了他的脸上，震惊又受伤。受是被领养的，没两年养父母生了自己的儿子，看他便是越来越不顺眼，知道养父生了病需要钱，为了报答养育之恩他才和攻有了交集，钱全部给了养父母后，他和那个家也就脱离了关系。他如今刚上班，没什么钱，这些衣服买的都是地摊货，最开始拿回家的时候他也很不好意思，但攻别提多开心了，抱着他亲个没完，说这是他收到的最好的礼物。那些衣服是一件一件买回来的，完全没有任何的关联，但攻就是硬要挑出那么一两件来，受穿白的，他就要穿黑的，受穿黑的他就要穿白的，开开心心地宣布说这是情侣装。“那，那就没有什么东西需要收拾了。”受磕磕巴巴地说，想到以后可能再也见不到面，受捏紧了拳头，鼓起勇气挤出一抹笑容来问攻，“要不然吃完晚餐再走吧？我今天买了土豆，你之前不是一直想吃黄焖鸡吗？我前几天都太忙了，今天给你做好吗？”攻一听脸色更难看了，“谁要吃你做的东西？我早吃腻了，如果不是因为你像他，你以为我当时会跟你回来吗？”这话与当初的那句如果不是因为长得像他，你根本没有待在我身边的机会重叠，受再次低下头，再吐不出一个字。受忍不住在想：以前攻爱吃的时候，他为什么就不做呢？明明知道他总有一天会离开自己，当时为什么不满足他的心愿呢？攻喜欢的人听到攻这么说，立马挽住攻的胳膊，拖着他往外走，“我还以为是什么重要的东西，那些衣服送出去都没有人愿意正眼瞧的，我们走吧。”攻跟着他走了，走到门口，回头往里看，看到受已经站起身，从冰箱里将土豆拿来出来，看样子是打算做晚餐，一点也不在乎自己的离开。攻气呼呼地走了，结果回家没几个小时就后悔了，他恢复记忆，想到受有喜欢的人生气，因为受不来医院看他生气，更因为不挽留他生气。攻连夜赶去找受，可不论他怎么敲门，始终没有人应答，他以为受在生他的气，直到邻居告诉他受已经搬走了。攻在垃圾桶旁边看到了受用碗装着的黄焖鸡，大概是准备喂给流浪狗的。可是那原本该是给他的。除此之外，他还看到了用塑料袋打包得好好的，放在一边空地的衣服。那些他所谓的情侣装，只要是和他有关的东西，受全部都扔掉了。攻只将受的衣服拿了回去，再没有和受重逢的很多年里，怕弄脏了，他连抱都不敢抱，都是把衣服好好地叠在一边，陪着他入睡。,1.0,------
每日一善超话熊猫守护者阳光信用你可以哭但不能输，你可以难过但不可以落魄，你不努力怎么会知道自己可以赢得多少掌声？如果你能每天呐喊遍“我用不着为这一点小事而烦恼”，你会发现，你心里有一种不可思议的力量，试试看，很管用的。自暴自弃便是命运的奴隶，自强不息是生命的天使；我不想用别人的汗水浇灌自己的心灵，我愿意用别人的棉袄，来温暖自己的躯体。我只想堂堂正正的做人，我只愿光明磊落做事，该记得的我不会遗忘，该遗忘的我不会存放。不要吝啬你的笑容，不要隐藏你的善良，记住卡耐基这一段话，你将尽享完美丰富的人生“人的生命只有一次，任何能够奉献出来的好的东西和善的行为，我们都应该现在去做，因为生命只有一次”对身边好的、不好的人微笑、以礼相待，尽量避免发生任何的正面冲突。少些埋怨，多些感恩，人生会更美好。走不出去，眼前就是你的世界，走出去，世界就在你眼前如果你不花时间去创造你想要的生活，你将被迫花很多时间去应付你所不想要的生活选择意味着改变，改变意味着行动，行动意味着执行，执行意味着收获结果做最好的自己。,0.0006919552134014,2023-09-15 21:09:29
《有哪些超级文艺又干净的短句。》总之岁月漫长，然而值得等待。村上春树凡是过去，皆为序章。莎士比亚少年与爱永不老去，即便披荆斩棘，丢失怒马鲜衣。莫峻没有一个冬天不可逾越，没有一个春天不会来临。南方周末浅水是喧哗的，深水是沉默的。雪莱四方食事，不过一碗人间烟火。小灯泡儿天可补，海可填，南山可移。日月既往，不可复追。曾国藩我走得很慢，但我从不后退。林肯花看半开，酒饮微醺。《菜根谭》花开如火，也如寂寞。顾城愿你一生努力，一生被爱。想要的都拥有，得不到的都释怀。八月长安纵使黑夜吞噬了一切，太阳还可以重新回来。汪国真一星陨落，黯淡不了星空灿烂；一花凋零，荒芜不了整个春天。巴尔扎克我有一瓢酒，可以慰风尘。韦应物鲸落海底，哺暗界众生十五年。加里斯奈德我荒废了时间，时间便把我荒废了。莎士比亚只有流过血的手指，才能弹出世间的绝唱。泰戈尔夜暗方显万颗星，灯明始见一缕尘。七堇年月缺不改光，剑折不改刚。梅尧臣活着不一定要鲜艳，但一定要有自己的颜色。张曙光掉头一去是风吹黑发，回首再来已雪满白头。余光中万物皆有裂痕，那是光照进来的地方。莱昂纳德科恩每个人都在愤世疾俗，每个人又都在同流合污。《自由在高处》你生而有翼，为何竟愿一生匍匐前进，形如虫蚁。贾拉尔阿德丁鲁米浮名浮利，虚苦劳神。叹隙中驹，石中火，梦中身。苏轼少年安得长少年，海波尚变为桑田。李贺谁终将声震人间，必长久深自缄默；谁终将点燃闪电，必长久如云漂泊。尼采容颜会老去，四季不会停。那些散碎在笔尖的光阴，寂静欢喜。陆苏当华美的叶片落尽，生命的脉络才历历可见。聂鲁达日出之美便在于它脱胎于最深的黑暗。辛夷坞情感初秋多巴胺情感生活宠粉季微博宠粉季雾野秋白的微博视频,0.0010548007755852,2023-09-15 21:54:24
