文本,群体情绪,时间
住建部终于发话了，对于购买第一套住房的要大力支持，首付能降下来的要降下来，二套要合理支持，但是特别强调，三套以上原则上不支持，也就是说不给投机炒房者重新入市留有空间。房地产落实金融支持房地产条措施住建部部长谈买房租房,0.0118069568514694,2023-01-06 22:22:39
央行：落实金融条措施，支持房地产市场平稳健康发展，具体哪条感兴趣的可以自己去看，提振经济，刺激房地产也是迫不得已之举，但是效果本都督有些怀疑没钱才是硬道理，重要的是，房子以后的投资价值越来越小，综合多方数据判断，年应该是人口负增长元年，未来很多年都是这个趋势，所以有钱人大概率也不会做这方面的投资刺激新能源汽车效果估计要好些,0.0323240382206578,2023-01-06 11:21:10
央行：落实金融条措施，支持房地产市场平稳健康发展月日，年中国人民银行工作会议以视频形式召开。观点新媒体了解，会议要求，一是精准有力实施好稳健的货币政策。综合运用多种货币政策工具，保持流动性合理充裕。保持广义货币供应量和社会融资规模增速同名义经济增速基本匹配。多措并举降低市场主体融资成本。保持人民币汇率在合理均衡水平上的基本稳定。二是加大金融对国内需求和供给体系的支持力度。支持恢复和扩大消费、重点基础设施和重大项目建设。坚持对各类所有制企业一视同仁，引导金融机构进一步解决好民营小微企业融资问题。落实金融条措施，支持房地产市场平稳健康发展。三是持续推动金融风险防范化解。进一步发挥国务院金融委办公室牵头抓总作用。健全金融稳定保障基金管理制度。四是持续完善宏观审慎管理体系。优化宏观审慎压力测试机制。强化系统重要性银行监管。加强金融控股公司监管。五是持续深化国际金融合作和对外开放。做好二十国集团可持续金融牵头工作。稳步扩大规则、规制、管理、标准等制度型开放。有序推进人民币国际化。六是持续深化金融改革。继续完善金融基础设施统筹监管框架。加强平台企业金融业务常态化监管。继续深化外汇领域改革开放。七是全面提升金融服务和管理水平。持续推进金融立法。扎实做好金融统计和研究工作。不断提升支付监管质效。深化金融科技应用与管理。强化人民币现金管理。有序推进数字人民币试点。持续提升国库业务信息化水平。全面加强征信体系建设。扎实开展反洗钱监管。强化金融消费权益保护。（：观点网）,0.0285308349087087,------
落实金融支持房地产条措施房地产已经救不活了，没用的，死了这条心吧,-0.0185060386454274,2023-01-05 14:38:53
落实金融支持房地产条措施央行多方面发力推动经济运行整体好转中国人民银行日表示，将从精准有力实施好稳健的货币政策，加大金融对国内需求和供给体系的支持力度等方面发力，推动经济运行整体好转，实现质的有效提升和量的合理增长。当日召开的年中国人民银行工作会议要求，展开,0.0114478519342325,2023-01-05 14:24:31
重要消息：、美股周三收高，标普指数涨，纳斯达克指数涨，道琼斯指数涨；热门中概股普涨，纳斯达克中国金龙指数涨，新年两日累涨；、央行：加大金融对国内需求和供给体系的支持力度支持房地产市场平稳健康发展；年有序推进数字人民币试点；年要精准有力实施展开,1.0,------
央妈释放利好，主要亮点：、落实金融条措施，支持房地产市场平稳健康发展；、年有序推进数字人民币试点；、支持恢复和扩大消费、重点基础设施和重大项目建设。、持续推动金融风险防范化解，健全金融稳定保障基金管理制度。、年要精准有力实施好稳健的货币政策，多措并举降低市场主体融资成本。种种迹象都表明了年行情不会很差，有政策支持其次金融稳定保障基金，关键时候可以护盘；还有货币宽松为主，对于后市走势都是利好,0.0986030668974389,2023-01-05 14:47:13
央行：落实金融条措施支持房地产市场平稳健康发展。年有序推进数字人民币试点。支持恢复和扩大消费、重点基础设施和重大项目建设。自然资源部部长：适当增加今年土地计划指标支持“十四五”规划重大工程。中国信通院：月国内手机出货量万，下降。硅料价格从最高块多直接跌到元。展开,0.0,2023-01-05 14:47:03
口号喊得够多的了，关键看怎么落实落实金融支持房地产条措施,0.0166013573542544,------
股超话股今日影响盘面因素今日将迎来大反击：，英飞拓：年净利预亏亿亿去年亏损亿元英飞拓公告，预计年归母净利亏损亿亿，上年同期亏损亿元。、央行年会：落实金融条措施支持房地产市场平稳健康发展央行要求，年有序推进数字人民币试点，支持恢复和展开,-0.0011585891797981,2023-01-05 12:25:20
月日盘前阅读：盘前财经要闻：国内：央行工作重点来了涉及货币政策、房地产、平台经济、数字人民币等央行：落实金融条措施支持房地产市场平稳健康发展国常会：部署进一步做好重要民生商品和能源保供稳价等工作自然资源部部长：适当增加今年土地计划指标支持“十四五”展开,0.1847896526803412,------
落实金融支持房地产条措施央行多方面发力推动经济运行整体好转中国人民银行日表示，将从精准有力实施好稳健的货币政策，加大金融对国内需求和供给体系的支持力度等方面发力，推动经济运行整体好转，实现质的有效提升和量的合理增长。当日召开的年中国人民银行工作会议要求，年人民银行系统要综合运用多种货币政策工具，保持流动性合理充裕。多措并举降低市场主体融资成本。支持恢复和扩大消费、重点基础设施和重大项目建设。坚持对各类所有制企业一视同仁，引导金融机构进一步解决好民营小微企业融资问题。落实金融支持房地产条措施，支持房地产市场平稳健康发展。会议提出，要持续推动金融风险防范化解。进一步发挥国务院金融委办公室牵头抓总作用。健全金融稳定保障基金管理制度。持续完善宏观审慎管理体系。加强金融控股公司监管。此外，会议还明确，要持续深化国际金融合作和对外开放。稳步扩大规则、规制、管理、标准等制度型开放。有序推进人民币国际化。持续深化金融改革。加强平台企业金融业务常态化监管。全面提升金融服务和管理水平。持续推进金融立法。有序推进数字人民币试点。强化金融消费权益保护。人民银行表示，年要突出做好稳增长、稳就业、稳物价工作，推动经济运行整体好转，实现质的有效提升和量的合理增长，有效防范化解重大金融风险，持续深化金融改革开放，为全面建设社会主义现代化国家开好局起好步提供有力的金融支持。（记者吴雨）,-0.1515853727064936,2023-01-05 12:32:25
加大金融对国内需求和供给体系的支持力度。支持恢复和扩大消费、重点基础设施和重大项目建设。坚持对各类所有制企业一视同仁，引导金融机构进一步解决好民营小微企业融资问题。落实金融条措施，支持房地产市场平稳健康发展。青岛万和“信万和”品牌民营企业房地产税房地产超话房地产政策再读看书学习分享超话今日看盘超话大美中国央行：年要加大金融对国内需求和供给体系的支持力度网页链接,-0.0023771426397513,2023-01-05 11:44:53
刚刚，央行召开重磅会议落实金融条措施，支持房地产市场平稳健康发展打压房地产不符合市场经济原则作为实体经济的支柱产业不要妖魔化房地产有人的地方就有居住需求多生孩子多买房，不然一年又白忙,-0.0009624668518356,2023-01-05 12:24:24
周三舆情热度：地产链传言政策将对房企加大支持力度，计划出台《优质房企资产负债表支持计划》（中交地产、滨江集团、新城控股等）；央行工作会议有序推进数字人民币试点加强平台企业金融业务常态化监管要加大金融对国内需求和供给体系的支持力度落实金融条措施支持房地产市场平稳健康发展（数字货币，平台经济，大金融，地产）；种业月日国际种业科学家大会将在海南三亚举行转基因审定预计结果最快春节前落地（敦煌种业、万向德农、大北农等）；元宇宙百度即将在月日的开发者大会上，发布全球首个独立元宇宙解决方案希壤元宇宙底座（百度希壤蓝色光标、中文在线、风语筑等）；有色自然资源部部长全面启动新一轮战略性矿产国内找矿行动（河钢资源、中国铝业、云南铜业等）；,0.1684246557029516,2023-01-05 10:39:13
今晚主要两大利好消息，，央行落实金融条措施，支持房地产市场平稳健康发展。这段时间地产利好真是太多了，而且利好一直在叠加，这样下去非把地产盘活不可，而且每年一季度事工程建筑类股票的开工旺季，真不排除地产出一波短期机会。建议短线操作，地产销售成交低迷，中长期难突破困局，上升动能不足。，央行年有序推进数字人民币试点，对计算机、信创和数字经济是利好消息。，多家银行下调存款利率。这是央妈在放水操作，这可不得了。从外盘表现看，全球形势对多头是有利。,-0.0944272836485333,------
今晚主要几个消息，央行：落实金融条措施，支持房地产市场平稳健康发展。建议短线操作，地产销售成交低迷，中长期难突破困局，上升动能不足。，央行：年有序推进数字人民币试点，对计算机、信创和数字经济是利好消息。，多家银行下调存款利率。这是央妈在放水操作。、美股三大股指集展开,0.1895713318452998,2023-01-05 09:11:42
央行：落实金融条措施支持房地产市场平稳健康发展网页链接,0.2548914638920265,2023-01-05 09:13:26
，央行：落实金融条措施，支持房地产市场平稳健康发展。，央行：年有序推进数字人民币试点，多家银行下调存款利率。评，央妈，亲的多家中小银行调整存款利率炒股吧超话银行房地产苏世山成长价值投资牛市的微博视频,0.1423176036735479,2023-01-05 09:11:49
央行：落实金融条措施，支持房地产市场平稳健康发展支持恢复和扩大消费、重点基础设施和重大项目建设。坚持对各类所有制企业一视同仁，引导金融机构进一步解决好民营小微企业融资问题。落实金融条措施，支持房地产市场平稳健康发展。,-0.0232034535921265,2023-01-05 09:12:33
一，想把投资做好，一定要关注市场和消息面的变化。今晚主要三大利好消息，，央行：落实金融条措施，支持房地产市场平稳健康发展。评：这段时间地产利好真是太多了，而且利好一直在叠加，这样下去非把地产盘活不可，而且每年一季度事工程建筑类股票的开工旺季，真不排除地产出一波短期机会。展开,0.1730354457690264,2023-01-05 09:09:35
央行：落实金融条措施，支持房地产市场平稳健康发展央行：持续完善宏观审慎管理体系，强化系统重要性银行监管央行：保持人民币汇率在合理均衡水平上的基本稳定来源：网页链接,0.0232859122544752,2023-01-05 09:09:57
央妈指明今年投资方向央行：年要加大金融对国内需求和供给体系的支持力度年中国人民银行工作会议月日上午以视频形式召开。会议要求，加大金融对国内需求和供给体系的支持力度。支持恢复和扩大消费、重点基础设施和重大项目建设。坚持对各类所有制企业一视同仁，引导金融机构进一步解决好民营小微企业融资问题。落实金融条措施，支持房地产市场平稳健康发展。,0.0804802104092016,2023-01-05 09:10:54
央行：支持恢复和扩大消费、重点基础设施和重大项目建设。坚持对各类所有制企业一视同仁，引导金融机构进一步解决好民营小微企业融资问题。落实金融条措施，支持房地产市场平稳健康发展。综合运用多种货币政策工具，保持流动性合理充裕。保持广义货币供应量和社会融资规模增速同名义经济增速基本匹配。多措并举降低市场主体融资成本。保持人民币汇率在合理均衡水平上的基本稳定。,0.0,2023-01-05 09:11:14
央行：年要加大金融对国内需求和供给体系的支持力度每经快讯，年中国人民银行工作会议月日上午以视频形式召开。会议要求，加大金融对国内需求和供给体系的支持力度。支持恢复和扩大消费、重点基础设施和重大项目建设。坚持对各类所有制企业一视同仁，引导金融机构进一步解决好民营小展开,0.0096587555943943,2023-01-05 09:09:52
央行：年要加大金融对国内需求和供给体系的支持力度年中国人民银行工作会议月日上午以视频形式召开。会议要求，加大金融对国内需求和供给体系的支持力度。支持恢复和扩大消费、重点基础设施和重大项目建设。坚持对各类所有制企业一视同仁，引导金融机构进一步解决好民营小微企业融资问题展开,-0.0389430103541308,2023-01-05 09:09:48
年中国人民银行工作会议召开，会议指出，加大金融对国内需求和供给体系的支持力度。支持恢复和扩大消费、重点基础设施和重大项目建设。坚持对各类所有制企业一视同仁，引导金融机构进一步解决好民营小微企业融资问题。落实金融条措施，支持房地产市场平稳健康发展。,0.0931704428985129,2023-01-05 13:47:20
支持实体经济年银行业交出这份成绩单透过财经看世界财经金融是实体经济的血脉，为实体经济服务是金融的天职，是金融的宗旨。年，在复杂严峻的国内外形势下，银行业以服务实体经济为根本，加大金融资源对国民经济重点领域和薄弱环节的支持力度，积极向实体经济让利，为促进我国社会展开,-6.054975953831047e-05,2023-01-05 09:41:02
新年第二个交易日（月日），地产板块持续火热，中证地产指数早盘大幅冲高，只成份股全面上涨，中南建设，新城控股相继涨停，华发股份涨超，招商蛇口、滨江集团涨超，万科、保利发展涨幅超。方面，地产（）盘中涨幅持续放大，截至发稿上涨，成交金额超万元，换手率，交投持续活跃。消息面上，月日，重庆发布地产条政策措施，强化楼市精准施策、系统调控，从加大金融支持、激活市场需求等方面提出措施。河南月日亦发文提出取消不必要的房地产需求限制。国金证券统计显示，多个二线城市放开限购，需求端放松政策加速落地。继去年月杭州、成都、西安等城市优化购房政策，月初厦门、南京、武汉、合肥等二线城市加入放松需求端政策的队伍。,-0.0006204601107921,2023-01-05 09:16:31
河南昨天开会内容：取消和调整房地产过热时期妨碍消费释放的限制性政策。最终目的：要稳住房地产投资。核心：全面落实金融支持房地产条政策措施，全力保交楼、稳预期、拓供给，着力促进房地产市场平稳健康发展。楼市房地产楼市资讯,0.0146498495557076,2023-02-02 11:19:14
什么信号？一线城市新房价格止跌业内人士认为，一线城市率先出现止跌企稳态势，显示去年四季度以来供需两端积极的政策产生一定效果。预计年需求端政策力度有望加码，热点城市交易量或在二季度开始企稳并慢慢回升，并在下半年带动都市圈周围城市好转。月日，国家统计局个大中城市房价数据出炉从年月房价数据来看，房价环比下降城市个数增加，其中，二手房价环比下降城市个数达到个。不过，从新房价格来看，一线城市在连跌个月后出现止跌现象。业内人士认为，一线城市率先出现止跌企稳态势，显示去年四季度以来供需两端积极的政策产生一定效果。预计年需求端政策力度有望加码，热点城市交易量或在二季度开始企稳并慢慢回升，并在下半年带动都市圈周围城市好转。一线城市新房价格止跌国家统计局的数据显示，年月份，个大中城市中房价下降城市个数有所增加，其中，新房价格环比下降城市有个，比上月增加个；二手房价格环比下降城市有个，比上月增加个。分城市来看，一线城市新房和二手房价格环比一平一降，二三线城市环比下降。其中，一线城市新房价格环比由上月下降转为持平；二手房价格环比下降，降幅比上月扩大个百分点。二线城市新房价格环比下降，降幅比上月扩大个百分点；二手房价格环比下降，降幅与上月相同。三线城市新房价格环比下降，降幅与上月相同；二手房价格环比下降，降幅比上月收窄个百分点。上海易居房地产研究院研究总监严跃进认为，根据简单算术平均计算，年月份全国个城市新房价格指数环比跌幅为，同比跌幅为。当前房价指数跌幅总体上没有扩大，说明去年四季度持续性的“三支箭”政策，减少了房企恐慌性降价的心理。最明显的变化是，一线城市连跌个月后，当前已经有止跌现象。预计新房价格指数的积极变化后续也会逐渐传导到二手房市场中。广东省城规院住房政策研究中心首席研究员李宇嘉也认为，年月份，一线城市基本止跌，显示去年四季度以来供需两端积极的政策产生一定效果。比如，供给端加快“三支箭”等资金投放、推进保交楼，改善房企资产负债表，推动收并购；需求端积极降低按揭利率，鼓励住房购置和改善等，政策叠加部分缓解了风险预期，购房需求释放也有所稳定。反映在房价上，一线城市率先出现止跌企稳态势。不过，李宇嘉同时指出，年月房价下跌城市增加，市场仍较为疲弱。中原地产首席分析师张大伟也指出，二手房价格表现更值得关注，年月，二手房价环比下降城市有个，刷新最近多年记录，说明当前市场全面低迷。政策助力年内楼市或企稳今年以来，中央和地方楼市支持政策密集出台。月日，央行、银保监会宣布对首套房贷利率政策实行动态调整，即新房价格环比和同比连续个月均下降的城市，可阶段性维持、下调或取消当地首套房贷利率下限。住建部部长倪虹在接受媒体专访时也表示，对购买第一套住房的，要大力支持，首付比例、首套利率该降的，都要降下来；对于购买第二套住房的要合理支持，以旧换新、以小换大、生育多子女家庭都要给予政策支持。他还表示今年要因城施策、精准施策，提振市场信心。与此同时，各地稳楼市步伐加快，新疆乌鲁木齐、安徽六安、河南荥阳等多地发布了刺激住房消费需求的多项政策举措，包括下调首套房贷利率下限、暂停限购政策、放宽首套房认定标准、降低首套房首付比例、换购住房个税减免、支持团购住房、发购房补贴、提高住房公积金贷款额度等。河南更是明确表示，要取消和调整妨碍消费需求释放的限制性政策。李宇嘉认为，稳房价是稳预期、稳需求、纾困供给端保交楼、“三支箭”资金投放、收并购的关键。近期央行对房价连续下跌城市祭出了利率不设下限的政策，目的也是为了稳房价，为稳楼市交易、开发创造条件。预计热点城市交易量或在二季度开始企稳并慢慢回升，并在下半年带动都市圈周围城市好转。对于今年的政策预期，上海易居房地产研究院执行院长丁祖昱认为，年将继续因城施策用足用好政策工具箱，地方需求端政策力度有望加码。其中，一线及重点二线城市调控政策或将局部放松，市场下行压力较大的远郊区域局部放松限购，定向优化二孩、三孩家庭以及各类人才购房资格等。作为政策风向标的一线城市，调控政策仍需从紧执行，但也存在局部放松的可能性。杭州、成都等重点二线市场倘若出现走弱迹象，不排除政策加码放松的可能性，以便给市场“保温”。丁祖昱还认为，非重点二线及三四线城市或将全面取消“四限”。非重点二线及三四线城市仍需在政策层面适度刺激居民购房需求，涉及全面取消“四限”，加码购房补贴、税费减免等。而在佛山全面取消限购之后，预计长春、南宁、常州这类非重点二线及三四线城市或将效仿全面取消“四限”，以便支持刚性和改善性需求，促进市场尽快回稳。文章来源：证券时报,0.1829172870543121,2023-01-17 00:49:16
中房报社评：改善房地产需求端是今年的重心，还需要优化调整一些限制性政策住建部主管的中房报发布社评指出，改善房地产需求端是今年的重心。目前，在支持刚性和改善性住房需求这件重要事情上，各地和有关部门还需要优化调整一些妨碍消费需求释放的限制性政策，如在首套房、卖旧换新和二套改善性住房的首付比例、贷款利率上要加快下调步伐，对“认房又认贷”等措施要及时进行优化或者取消；对限购政策，可考虑适当优化和放开一二线城市限购政策；在住房消费契税上，对家庭新购住房要给予优惠政策。,-0.1832337659998706,------
很多城市没有限购，首套首付，利率也是减点，一样还在跌中房报社评：改善房地产需求端是今年的重心，还需要优化调整一些限制性政策住建部主管的中房报发布社评指出，改善房地产需求端是今年的重心。目前，在支持刚性和改善性住房需求这件重要事情上，各地和有关部门还需要优化调整一些妨碍消费需求释放的限制性政策，如在首套房、卖旧换新和二套改善性住房的首付比例、贷款利率上要加快下调步伐，对“认房又认贷”等措施要及时进行优化或者取消；对限购政策，可考虑适当优化和放开一二线城市限购政策；在住房消费契税上，对家庭新购住房要给予优惠政策。,-0.1560459051289249,2023-01-08 18:10:22
全国范围看，年需求端将会出台更多宽松举措是必然，主要围绕释放住房消费潜力。在住房消费领域还存在一些妨碍消费需求释放的限制性政策，这些消费潜力要予以释放，主要体现在：一首套房的认定标准扩大，也就是松动“认房又认贷”的政策，很多首套购房者都是采用贷款的方式购房，“认房又认贷”置换房屋的往往通过“卖一买一”的方式实现，“双认”的实行会大幅限制改善需求的界定标准，若以二套的标准进行购房，高额的首付比例会降低改善性需求释放，因此年大概率会取消“双认”。二下调二套房的首付比例，虽然年也有不少城市下调二套首付比例，但并不普遍，核心热点城市的二套房首付比例高达、成，较高的换房门槛也降低了居民换房的动力，年二套房首付比例有望全面下调。三取消限购，目前仍有大部分城市执行区域限购，本地户口和外地户口均有购买套数限制，随着佛山、东莞全面取消限购，年更多热点二线城市或将跟进。除一线城市外，年限购或将全面松动。购房限制性政策尤其是“五限”政策加速调整或取消将成为年房地产政策调整的重要趋势。展望后市，除了一线城市外，二线及三四线城市有望全面取消“四限”，部分核心二线城市或将会采取从局部到全市的循序渐进方式放松。四预计新房商品房销售面积增速，销售金额增速。年的房地产市场销售规模创下年以来新低，全年销售面积约万，较去年同期下降；销售额约为亿元，较去年同期下降。由于近两年拿地规模锐减，在资金承压下，房企新开工动力不足，年，整体销售规模难以呈现大幅上涨，全年成交规模或与今年基本持平。年全国商品房销售面积上升，销售额上升，销售面积万，销售金额约为亿元。从年年内趋势来看，年房地产市场将摆脱疫情防控的拖累，保交楼专项借款的落地也减缓购房者对于交付的担忧，行业风险进一步缩减，购房信心逐步恢复。年市场下行的根本原因在于经济拖累地产，居民收入预期降低，购买力弱，居民购房信心回升后还有待经济好转，预计年上半年市场仍在恢复期，明年的市场前低后高，年中销售规模转正，全年成交水平与年基本保持一致。五二手房成交比重有望进一步上升。近几年，一些重点城市已经进入存量房时代，尤其是一线城市，二手房成交占比大于新房成交占比。年月，二手房成交占比，已经超过。从城市上看，年一些热点二线城市加速进入存量房市场，如重庆、天津年二手房成交占比超。年，由于二手房小区参考价格的发酵，二手房成交占比略有下降。年购房者出于对新房交付的担忧，导致二手房更受到购房者的青睐，二手房成交占比进一步走高，且在集中停贷事件后，二手房环比增速明显高于新房。年，房企走出资金风险还需要时间，购房者对新房交付的担忧仍存，外加上在二手房高库存下，价格较为平稳，购房者有更多选择的空间，预计二手房成交比重进一步上升。六年新房房价有望加速企稳，二手房价继续承压。目前的房价正处在下探的周期，无论是新房还是二手房，大中城房价同比指数连续多月下滑；从环比指数上看，大中城房价新房连续个月下滑，二手房连续个月下滑。在年销售端创年来新低的背景下，企业降价跑量，价格上涨动力不足，长时间处于下行周期。分等级城市看，一线城市房价更为坚挺，处于上升阶段，二线及三四线房价下滑，三四线的降幅最大。展望年，预计企业降价态势难改，虽然销售逐步回稳，但房价变化滞后于销售变化，上半年房价上涨动力仍不足，预计房价仍呈小幅下跌的态势，随着金融条对房企的资金支持的落地，房企降价促销的手段或将减缓，新房价格跌幅收窄，下半年有望转升。年二手房房价或继续承压，价格涨幅不及新房，主要是由于退税政策的出台，全国二手房挂牌量激增，影响房价预期，预计年二手房继续趋于稳中趋降的局面。,-0.087161539421978,------
月日中公早报，星期三，农历腊月十三，早安油价迎年首涨，此次调价折合、号汽油、号柴油每升分别上调、、元。开年大涨：在岸、离岸人民币对美元一度双双升破。乐视宣布每周四天半工作制：每周三实行弹性的半天工作制，薪资不变。河南：全力稳住房地产投资，取消和调整过热时期妨碍消费需求释放的限制性政策；郑州出台户籍制度改革新政：不受社保缴费、居住年限限制，父母、子女均可落。杭州在闭环管理的入境人员中检测出、毒株。中国大熊猫保护研究中心：年共繁育存活大熊猫幼仔胎只。澳门非高等教育学校下周一复课，所有师生每日回校前须完成抗原快测。浙江部分医院开出“阳康”门诊，涉及中医养疗、心理咨询。中国台球协会宣布，停止赵心童、张健康所有国内台球比赛资格，坚决反对操纵比赛与赌博。民调：的英国人支持举行重入欧盟公投。新年初始欧洲温暖天气破纪录：至少八个国家经历创纪录高温。向德国索要二战赔款万亿元波兰称已请求联合国帮助，并向欧盟国家、北约等发出多份通知。早报,0.345906917349343,2023-01-08 11:54:30
时政中公早报油价迎年首涨，此次调价折合、号汽油、号柴油每升分别上调、、元。开年大涨：在岸、离岸人民币对美元一度双双升破。乐视宣布每周四天半工作制：每周三实行弹性的半天工作制，薪资不变。河南：全力稳住房地产投资，取消和调整过热时期妨碍消费需求释放的限制性政策；郑州出台户籍制度改革新政：不受社保缴费、居住年限限制，父母、子女均可落。杭州在闭环管理的入境人员中检测出、毒株。中国大熊猫保护研究中心：年共繁育存活大熊猫幼仔胎只。澳门非高等教育学校下周一复课，所有师生每日回校前须完成抗原快测。浙江部分医院开出“阳康”门诊，涉及中医养疗、心理咨询。中国台球协会宣布，停止赵心童、张健康所有国内台球比赛资格，坚决反对操纵比赛与赌博。民调：的英国人支持举行重入欧盟公投。新年初始欧洲温暖天气破纪录：至少八个国家经历创纪录高温。向德国索要二战赔款万亿元波兰称已请求联合国帮助，并向欧盟国家、北约等发出多份通知。,0.062336242880877,2023-01-08 11:52:09
月日中公早报，星期三，农历腊月十三，早安油价迎年首涨，此次调价折合、号汽油、号柴油每升分别上调、、元。开年大涨：在岸、离岸人民币对美元一度双双升破。乐视宣布每周四天半工作制：每周三实行弹性的半天工作制，薪资不变。河南：全力稳住房地产投资，取消和调整过热时期妨碍消费需求释放的限制性政策；郑州出台户籍制度改革新政：不受社保缴费、居住年限限制，父母、子女均可落。杭州在闭环管理的入境人员中检测出、毒株。中国大熊猫保护研究中心：年共繁育存活大熊猫幼仔胎只。澳门非高等教育学校下周一复课，所有师生每日回校前须完成抗原快测。浙江部分医院开出“阳康”门诊，涉及中医养疗、心理咨询。中国台球协会宣布，停止赵心童、张健康所有国内台球比赛资格，坚决反对操纵比赛与赌博。民调：的英国人支持举行重入欧盟公投。新年初始欧洲温暖天气破纪录：至少八个国家经历创纪录高温。向德国索要二战赔款万亿元波兰称已请求联合国帮助，并向欧盟国家、北约等发出多份通知。,-0.054390815853374,2023-01-08 11:47:17
时政时政热点年月日，星期三，农历腊月十三油价迎年首涨，此次调价折合、号汽油、号柴油每升分别上调、、元。开年大涨：在岸、离岸人民币对美元一度双双升破。乐视宣布每周四天半工作制：每周三实行弹性的半天工作制，薪资不变。河南：全力稳住房地产投资，取消和调整过热时期妨碍消费需求释放的限制性政策；郑州出台户籍制度改革新政：不受社保缴费、居住年限限制，父母、子女均可落。杭州在闭环管理的入境人员中检测出、毒株。中国大熊猫保护研究中心：年共繁育存活大熊猫幼仔胎只。澳门非高等教育学校下周一复课，所有师生每日回校前须完成抗原快测。浙江部分医院开出“阳康”门诊，涉及中医养疗、心理咨询。中国台球协会宣布，停止赵心童、张健康所有国内台球比赛资格，坚决反对操纵比赛与赌博。民调：的英国人支持举行重入欧盟公投。新年初始欧洲温暖天气破纪录：至少八个国家经历创纪录高温。向德国索要二战赔款万亿元波兰称已请求联合国帮助，并向欧盟国家、北约等发出多份通知。,0.062336242880877,2023-01-08 12:22:54
早安时政年月日，星期三，农历腊月十三油价迎年首涨，此次调价折合、号汽油、号柴油每升分别上调、、元。开年大涨：在岸、离岸人民币对美元一度双双升破。乐视宣布每周四天半工作制：每周三实行弹性的半天工作制，薪资不变。河南：全力稳住房地产投资，取消和调整过热时期妨碍消费需求释放的限制性政策；郑州出台户籍制度改革新政：不受社保缴费、居住年限限制，父母、子女均可落。杭州在闭环管理的入境人员中检测出、毒株。中国大熊猫保护研究中心：年共繁育存活大熊猫幼仔胎只。澳门非高等教育学校下周一复课，所有师生每日回校前须完成抗原快测。浙江部分医院开出“阳康”门诊，涉及中医养疗、心理咨询。中国台球协会宣布，停止赵心童、张健康所有国内台球比赛资格，坚决反对操纵比赛与赌博。民调：的英国人支持举行重入欧盟公投。新年初始欧洲温暖天气破纪录：至少八个国家经历创纪录高温。向德国索要二战赔款万亿元波兰称已请求联合国帮助，并向欧盟国家、北约等发出多份通知。,-0.0118053734156476,2023-01-08 11:44:57
蓟州中公教育月日时政简报，星期三，农历腊月十三，早安油价迎年首涨，此次调价折合、号汽油、号柴油每升分别上调、、元。开年大涨：在岸、离岸人民币对美元一度双双升破。乐视宣布每周四天半工作制：每周三实行弹性的半天工作制，薪资不变。河南：全力稳住房地产投资，取消和调整过热时期妨碍消费需求释放的限制性政策；郑州出台户籍制度改革新政：不受社保缴费、居住年限限制，父母、子女均可落。杭州在闭环管理的入境人员中检测出、毒株。中国大熊猫保护研究中心：年共繁育存活大熊猫幼仔胎只。澳门非高等教育学校下周一复课，所有师生每日回校前须完成抗原快测。浙江部分医院开出“阳康”门诊，涉及中医养疗、心理咨询。中国台球协会宣布，停止赵心童、张健康所有国内台球比赛资格，坚决反对操纵比赛与赌博。民调：的英国人支持举行重入欧盟公投。新年初始欧洲温暖天气破纪录：至少八个国家经历创纪录高温。向德国索要二战赔款万亿元波兰称已请求联合国帮助，并向欧盟国家、北约等发出多份通知。,-0.0236022236338679,------
月日简报，星期三，农历腊月十三油价迎年首涨，此次调价折合、号汽油、号柴油每升分别上调、、元。开年大涨：在岸、离岸人民币对美元一度双双升破。乐视宣布每周四天半工作制：每周三实行弹性的半天工作制，薪资不变。河南：全力稳住房地产投资，取消展开,0.3020167355621384,2023-01-05 11:04:01
千万人口特大城市官宣：租房就能全家落户，中心城区也可以所在省也发布重磅楼市新政每日经济新闻新年上班第一天，从河南省会郑州传来大消息。近日，郑州市公安局在郑州年户籍制度改革的基础上，制定下发了《关于进一步深化户籍制度改革的实施意见》，于年月日起正式实施。此次户籍制度改革进一步放宽了郑州市中心城区落户条件，凡在郑州市中心城区具有合法稳定就业或合法稳定住所（含租赁）的人员，不受社保缴费年限和居住年限的限制，本人及其共同居住生活的配偶、子女和父母，可以在郑州市申请登记城镇居民户口。你心动了吗？郑州郑东新区夜景，图片来源：摄图网新旧政策调整主要内容和年定下的户籍制度相比，郑州户籍新政的主要有三个方面的变动：（一）实施中心城区和县（市）、上街区无差别化落户政策。年政策规定，郑州市中心城区有条件的设定落户标准，县（市）、上街区全面放开落户限制。此次调整为全市统一的以经常居住地登记户口的政策。（二）放宽在中心城区稳定生活的农业转移人口及其他常住人口落户条件。一是年政策规定，郑州市农业转移人口在中心城区持居住证落户需满年。此次调整为不受居住证办理年限和地区属性的限制。二是年政策规定，郑州市中心城区租赁房屋入户需满年。此次调整为不受居住年限限制。（三）放宽在中心城区普通劳动者参加城镇社会保险落户条件。年政策规定，在郑州市中心城区务工且参加城镇社会保险落户需满个月。此次调整为不受社保缴费年限的限制。符合十项入户条件之一的，即可申请户口迁移（一）缴纳社会保险金入户。在郑州市中心城区近两年内参加城镇社会保险的人员，不受社保缴费年限的限制，本人及其共同居住生活的配偶、子女和父母，可以在郑州市中心城区申请登记城镇居民户口。（二）流动人口居住登记入户。在郑州市中心城区居住生活（含租赁）的外地市人员（以郑州市流动人口信息平台登记信息为准），不受居住年限的限制，本人及其共同居住生活的配偶、子女和父母，可以在郑州市中心城区申请登记城镇居民户口。周岁以下人员须随其父（母）或其他法定监护人申请迁入。（三）直系亲属投靠入户。申请人在郑州市中心城区有常住户口，经户主同意，可申请其共同居住生活的配偶、子女和父母的户口迁入。（四）人才引进入户。国家机关、企事业单位引进人才入户，往届高校毕业生、技术工人、职业院校毕业生入户，应届中专以上学历毕业生入户，留学归国人员入户，准予其本人及其共同居住生活的配偶、子女和父母的户口迁入。（五）购房入户。在郑州市中心城区购买住房的人员，可申请房主及其居住生活的配偶、子女和父母的户口迁入。（六）工作调动入户。国家机关、企事业单位工作人员调入郑州市中心城区工作的，可申请本人及其共同居住生活的配偶、子女和父母的户口迁入。（七）投资纳税入户。在郑州市中心城区投资、经商、办企业的外地公民，连续经营年以上，每年纳税金额达到万元以上的，或一年纳税达到万元以上的，可申请本人及其共同居住生活的配偶、子女和父母的户口迁入；外商投资企业按其实际投入外资额，每万美元可迁入名管理生产骨干。（八）迁入城镇的农村籍退伍转业军人入户。参军前户口在农村的退伍转业军人，可根据本人意愿申请本人及其共同居住生活的配偶、子女和父母的户口迁入。（九）成建制迁移人员入户。外地企业成建制迁入郑州市的职工，经市政府批准，准予迁入。（十）高校招生入户。户口住址在省市外学生被郑州市高校录取后，可将户口迁至高校所在地学校集体户口。“落户只是一个开始，如何把人留下来更为关键”值得注意的是，去年月郑州市公安局就《郑州市公安局关于进一步深化户籍制度改革的实施意见》公开征求意见，有媒体便解读为“一人租房全家落户”。当时，易居研究院智库中心研究总监严跃进表示，河南是全国城镇化推进工作较好的省份，也是潜力较大的省份，此次其省会郑州放开落户，进一步体现了支持城镇化发展的导向，从政策效应来看，放开落户具有非常好的作用，有助于释放人口红利。“落户只是一个开始，如何把人留下来更为关键。”据新京报去年月报道，河南省当地一位接近政府部门的人士表示，如果想进一步发展，郑州等地将地区经济平稳健康发展与人口战略相结合，要在充分利用人力资源的同时，满足相关人群的收入需求；同时，要重视优化和细化人口公共服务政策，如优质教育资源、医疗服务资源等配套措施要跟上。郑州是河南省省会、特大城市、九个国家中心城市之一，年郑州市完成生产总值亿元。根据年郑州市人口抽样调查结果，截至年年末，郑州市常住人口万人，比年年末增加万人，常住人口占全省常住人口的，比年年末提高个百分点，常住人口总量在全国城市排名第位。郑州市统计局报告介绍，年，郑州市常住人口呈现总量增加、自增率继续走低、人口总抚养比略降、人口老龄化继续加深、婚姻状况保持稳定、城镇化水平继续提高、人口文化素质不断提升等特征。人口城镇化水平与地区的经济发展水平有较强的正相关。报告显示，郑州市城镇化率继续平稳增长，但增速放缓。年年末郑州市常住人口中，居住在城镇地域的人口为万人，占常住人口的，城镇人口比重提高个百分点，分别比全国的和全省的高出个和个百分点。河南将取消限制楼市需求的政策值得注意的是，据河南省政府网站消息，在河南省政府新闻办月日召开的新闻发布会，河南省住房和城乡建设厅党组副书记、副厅长王艺在答记者问中介绍，今年河南将继续因城施策，稳妥实施房地产长效机制，把握好“增、扩、优、化、强、促”六字方针，出台“”政策举措，着力改善市场预期，支持刚性和改善性住房需求，促进居住消费健康发展。增融资落实中央金融条支持政策和河南省金融支持房地产平稳健康发展举措，从信贷、股权、债券融资三方面纵深拓展房地产融资渠道，更好满足居民购房和房企合理融资需求。扩需求进一步激活房地产市场，取消妨碍消费需求释放的限制性政策，优化二套房认定标准、降低二手房交易环节税费成本，落实生育、人才引进政策，更好满足新市民、青年人才住房需求，支持集中团购商品住房，支持郑州都市圈、洛阳、南阳等副中心城市及重要节点城市覆盖范围的居民家庭，在对应中心城市购房时享受中心城市市民待遇。优供给推进住房供给侧结构性改革，建立“人房地钱”四位一体的联动机制，大力实施城市更新行动，打造安全健康、设施完善、管理有序的完整社区，建设高品质绿色智慧小区，顺应消费升级、产业转型的新形势，着力提升改善性住房供给。化风险扎实做好保交楼、保民生、保稳定工作，压实房企主体责任和地方政府属地责任，坚决依法打击违法犯罪行为，持续攻坚推动已售逾期项目加快建设交付。强服务建立房企“白名单”制度，深化“万人助万企”活动助推优质头部房企纾困，优化房屋交易服务，实行房屋交易网签备案掌上办理、不见面办理，全面推行新建商品房“交房即交证”。促转型稳慎推进房地产业改革，推动房地产企业改变“高负债、高杠杆、高周转”模式，完善商品房销售制度，构建多主体供给、多渠道保障、租购并举的住房体系，有序构建房地产健康发展新模式。每日经济新闻综合大河报、新京报、河南日报、中新经纬,-1.0,2023-01-05 12:33:00
提信心促经济激活市场、取消限制性政策、优化二套房认定标准河南“”政策举措实施房地产长效机制网页链接月日，河南省政府新闻办召开新闻发布会，重点介绍河南省大力提振市场信心、促进经济稳定向好有关工作，并回答记者提问。全力拼经济发布会上，河南省住房和城乡建设厅党组副书记、副厅长王艺在答记者问中介绍，今年是全面贯彻落实党的二十大精神的开局之年，也是实施十四五规划承上启下的关键之年，河南将继续因城施策，稳妥实施房地产长效机制，把握好“增、扩、优、化、强、促”六字方针，出台“”政策举措，着力改善市场预期，支持刚性和改善性住房需求，促进居住消费健康发展。增融资落实中央金融条支持政策和河南省金融支持房地产平稳健康发展举措，从信贷、股权、债券融资三方面纵深拓展房地产融资渠道，更好满足居民购房和房企合理融资需求。扩需求进一步激活房地产市场，取消妨碍消费需求释放的限制性政策，优化二套房认定标准、降低二手房交易环节税费成本，落实生育、人才引进政策，更好满足新市民、青年人才住房需求，支持集中团购商品住房，支持郑州都市圈、洛阳、南阳等副中心城市及重要节点城市覆盖范围的居民家庭，在对应中心城市购房时享受中心城市市民待遇。优供给推进住房供给侧结构性改革，建立“人房地钱”四位一体的联动机制，大力实施城市更新行动，打造安全健康、设施完善、管理有序的完整社区，建设高品质绿色智慧小区，顺应消费升级、产业转型的新形势，着力提升改善性住房供给。化风险扎实做好保交楼、保民生、保稳定工作，压实房企主体责任和地方政府属地责任，坚决依法打击违法犯罪行为，持续攻坚推动已售逾期项目加快建设交付。强服务建立房企“白名单”制度，深化“万人助万企”活动助推优质头部房企纾困，优化房屋交易服务，实行房屋交易网签备案掌上办理、不见面办理，全面推行新建商品房“交房即交证”。促转型稳慎推进房地产业改革，推动房地产企业改变“高负债、高杠杆、高周转”模式，完善商品房销售制度，构建多主体供给、多渠道保障、租购并举的住房体系，有序构建房地产健康发展新模式。,-0.719794700017399,2023-01-05 11:03:19
河南取消和调整楼市限制性政策据河南省政府网站消息，月日，河南省政府新闻办召开新闻发布会，重点介绍河南省大力提振市场信心、促进经济稳定向好有关工作，并回答记者提问。其中提出，稳住房地产投资。核心就是全面落实金融支持房地产条政策措施，全力保交楼、稳预期、拓供给，着力促进房地产市场平稳健康发展。加大对居民购房和房企合理融资支持力度，从信贷、股权、债券融资三方面纵深拓展房地产融资渠道。取消和调整过热时期妨碍消费需求释放的限制性政策，完善二套房认定标准，支持集中团购商品住房，鼓励各地结合保障性租赁住房、人才住房房源征集加快存量商品房去化。强化“保交楼”项目配套融资支持，持续攻坚推动已售逾期项目加快建设交付。（中新财经）,0.7889713157957284,2023-01-05 14:02:17
河南：取消和调整房地产过热时期妨碍消费释放的限制性政策河南省委常委、常务副省长孙守刚今日在新闻发布会上表示，要稳住房地产投资。其中核心就是全面落实金融支持房地产条政策措施，全力保交楼、稳预期、拓供给，着力促进房地产市场平稳健康发展。要加大对居民购房和房企合理融资支持力度，从信贷、股权、债券融资三方面纵深拓展房地产融资渠道。“取消和调整过热时期妨碍消费需求释放的限制性政策，完善二套房认定标准，支持集中团购商品住房，鼓励各地结合保障性租赁住房、人才住房房源征集，加快存量商品房去化。”孙守刚说，要强化“保交楼”项目配套融资支持，持续攻坚推动已售逾期项目加快建设交付。,0.0309992259418297,------
提信心促经济“开局即冲刺”提振河南大领域条政策措施释放海量积极信号网页链接在年工作日第一天，河南召开重要发布会释放一系列稳经济、促发展积极信号全力拼经济月日，河南省政府新闻办召开新闻发布会，重点介绍河南省大力提振市场信心、促进经济稳定向好有关工作，并回答记者提问。发布会上介绍，河南制定了《大力提振市场信心促进经济稳定向好政策措施》，在消费、投资、产业、市场主体、外资外贸、民生等大领域研究谋划了条政策措施，在统筹优化疫情防控举措、千方百计“保健康”的同时，奋力拼经济、促就业、保民生，改善社会心理预期、提振发展信心，推动经济运行整体好转，保持快速恢复的强劲势头。在年这个贯彻党的二十大精神的开局之年，努力创造出“保健康、稳增长、稳就业、稳物价、防风险”的新业绩。全力以赴保健康新冠疫情发生以来，河南省委省政府始终坚持人民至上、生命至上，不断优化防控措施，提升防控能力，牢牢把握了抗击疫情斗争的主动权。河南将全面、准确、坚决贯彻关于优化疫情防控的部署要求，切实把工作重心放在保健康、防重症、强救治、优服务上，紧盯重点地区、重点场所、重点人群，全力抓好医疗体系、救治力量、药品供应等关键环节，特别是扎实做好农村地区疫情防控工作，坚决守护好人民群众生命安全和身体健康，最大限度减少疫情对经济社会发展的影响。集中力量促消费总需求不足是当前经济运行面临的突出矛盾，消费不振是这一矛盾的主要方面。河南将坚持把恢复和扩大消费摆在优先位置，积极推动广大群众能消费、想消费、愿消费，把巨大的消费潜力充分释放出来。能消费方面，最大限度发挥财政资金的杠杆作用，精准加大消费补贴力度，让老百姓得到“真金白银”的实惠。比如，将延续省级汽车、家用电器促消费支持政策到今年月底，对在省内新购汽车按购车价格的给予消费者补贴，对各地家用电器消费补贴按不超过给予奖补，鼓励各地通过发放购房券、购房补贴、契税补贴等方式，支持人才购房落户和城乡居民合理住房消费需求。元旦前夕，郑州市就率先出台了支持房地产市场平稳健康发展的条政策，月日还将发放万元汽车消费券。想消费方面，河南将开展“河南人游河南”系列文旅消费惠民活动，鼓励级景区、星级旅游饭店举行联游套票、门票打折等优惠活动，鼓励各级机关事业单位、大中型企业工会统筹工会经费，发放以小微企业和个体工商户为主要核销对象的消费券，以更多优质消费供给、消费体验，激发广大居民长期被疫情抑制的消费热情。元旦期间各地街头巷尾的烟火气正在加速回归。愿消费方面，河南将重点实施都市精品商业街区提升和县域商业体系建设行动，通过数字赋能、商旅文体融合打造一批特色消费新场景，完善省辖市城区和普通干线公路服务区充电设施网络，全力打造高效便捷舒心的消费服务环境。持续聚力抓投资去年以来，投资拉动是河南省稳经济的最大亮点。河南将继续用足用好重要项目集中攻坚行动这一行之有效的工作机制，以实施重大项目“双百工程”为牵引，建立健全重大项目谋划储备机制，建设重要项目挂图作战系统，更好发挥投资的关键作用。目前，河南已遴选省重点项目个左右，年度投资万亿元。一是加力制造业投资。滚动开展“三个一批”项目建设活动，谋划推进个投资亿元以上的重点产业链延链补链强链项目，加大新技改工程支持力度，推动制造业投资持续保持强劲势头。二是提速基础设施投资。加强政策性开发性金融工具、制造业中长期贷款、设备购置与更新改造贴息等领域项目储备，同步建立重大项目资金保障协调机制，统筹用好政府专项债券、政策性开发性金融工具等各类政策资金，集中支持具备条件的重大项目快建设、早投产。三是稳住房地产投资。核心就是全面落实金融支持房地产条政策措施，全力保交楼、稳预期、拓供给，着力促进房地产市场平稳健康发展。加大对居民购房和房企合理融资支持力度，从信贷、股权、债券融资三方面纵深拓展房地产融资渠道。取消和调整过热时期妨碍消费需求释放的限制性政策，完善二套房认定标准，支持集中团购商品住房，鼓励各地结合保障性租赁住房、人才住房房源征集加快存量商品房去化。强化“保交楼”项目配套融资支持，持续攻坚推动已售逾期项目加快建设交付。多措并举强主体去年，河南省市场主体突破了万户、跃居全国第位，其中小微企业和个体工商户就占到近。河南将坚持“两个毫不动摇”，持续深化优化营商环境改革，不断完善助企服务网络，坚定不移地鼓励支持民营经济和民营企业发展壮大。一是持续深化“万人助万企”活动。健全“个转企、小升规、规改股、股上市”机制，建立规模以上工业企业培育库，力争年新培育“头雁”企业家、省级专精特新中小企业家、国家级专精特新“小巨人”企业家，新增规模以上工业企业家。二是加大财政支持力度。落实促进中小企业发展的政府采购政策，今年将预留面向中小企业采购的份额由以上阶段性提高至以上；到年底前对河南省增值税小规模纳税人、小型微利企业和个体工商户，按的税额幅度减征资源税、城市维护建设税、房产税、城镇土地使用税、印花税、耕地占用税等。三是强化金融支撑保障。落实普惠小微贷款支持工具，按符合条件的地方法人银行普惠小微贷款余额增量的提供资金支持；对今年月底前到期的小微企业贷款，鼓励金融机构按照市场化、法治化原则实行延期还本付息，延期贷款正常计息，免收罚息，还本付息日期原则上最长可延至今年月底。双向联动拓开放河南将深入实施制度型开放战略，更大力度推动外贸稳规模、优结构，更大力度促进外资稳存量、扩增量。外贸方面，大力发展口岸经济，深化郑州卢森堡“双枢纽”合作，实施中欧班列省内货源发掘和“班列园区”行动，加快建设中欧班列（郑州）集结中心和郑州陆港型国家物流枢纽，整合重组省内港口资源，加快推进综保区、运输类海关监管作业场所申建。同时，对中小微企业出口信用保险费和开展境外商标注册、境外专利申请等费用予以补贴，加大对省级跨境电商示范园区、省级海外仓示范企业、省级外贸综合服务企业的奖补力度。目前，航空港区富士康产能已经恢复到旺季峰值状态，与去年同期基本持平。外资方面，充分发挥四个外资专班（港资、台资、日韩、世界强）作用，全力推进各种方式的招商引资活动，鼓励企业走出去拓市场、拿订单、引技术、找伙伴。推动郑州卢森堡“空中丝绸之路”国际合作论坛机制化、平台化发展，联动办好全球跨境电子商务大会、中国（郑州）产业转移系列对接活动等重大招商活动，启动实施对欧合作专项行动，组织赴日韩、香港开展系列经贸活动，加大对存量外资企业使用境内利润增资或新设企业的奖补力度，形成“引进一个、带动一批、辐射一片”的集聚效应。精准施策惠民生坚持尽力而为、量力而行，围绕全生命周期加强基础性、普惠性、兜底性民生建设，持续提升人民群众的幸福感、安全感。一是全力稳住就业基本盘。坚持把促就业作为优先目标，持续深化“人人持证、技能河南”建设，继续实施应届高校毕业生就业目标引领计划，推动“豫见省外”劳务输出活动扩面升级，对个人创业担保贷款实行财政全额贴息，促进更多劳动力通过微商电商、网络直播、网约车、外卖跑腿等灵活渠道就业，力争全年城镇新增就业万人。二是全面提升医疗救治能力。尽快扩充发热门诊资源，充分发挥三级医院医疗救治核心骨干和兜底作用，建立医疗力量常态储备和动态调派有机结合的工作机制，配足配齐医疗力量、药品和必要救治设备。加大重点药品生产企业原料保供力度，鼓励支持重点企业开足马力生产，强化价格和质量监管，全力保障群众用药需求。强化医疗卫生资源调配、力量下沉，全面加强县医院、乡镇卫生院、村卫生室的接诊和服务能力建设，全年培训基层卫生技术人员万名。加快国家和省级区域医疗中心建设，积极创建国家中医医学中心。三是增强其他公共服务均衡性和可及性。实施基本公共服务便民化工程，深化义务教育集团化办学、普惠性幼儿园建设，力争全年新开工乡镇寄宿制小学所以上，三年内基本解决农村薄弱学校和教学点问题。强化“一老一小”普惠性服务保障，开展托育服务能力提升倍增行动，统筹推进区域性养老机构、社区日间照料中心、农村幸福院等建设，全年完成符合条件的特殊困难老年人家庭适老化改造万户。四是健全社会保障体系。深入实施全民参保计划攻坚行动，接续开展“关爱你我他（她）温暖千万家”行动，加强低收入人口动态监测和救助帮扶，动态实施社会救助和保障标准与物价上涨挂钩联动机制，对低保对象、低保边缘人口、防止返贫监测对象（含脱贫不稳定户、边缘易致贫户、突发严重困难户）等困难群众参加年城乡居民基本医疗保险的，按元人的标准给予一次性全额资助，近期，将向全省城乡低保对象、特困人员发放“爱心消费券”。豫新发布,0.3103117713995449,2023-01-04 10:27:13
提信心促经济河南：取消和调整房地产过热时期妨碍消费释放的限制性政策网页链接月日，河南省政府新闻办召开河南省“大力提振市场信心促进经济稳定向好”新闻发布会。河南省委常委、常务副省长孙守刚作为主发布人，介绍解读河南省大力提振市场信心，促进经济稳定向好政策措施的展开,-0.0218395361693651,2023-01-05 05:42:20
河南取消和调整房地产过热时限制性政策河南：取消和调整房地产过热时期妨碍消费释放的限制性政策河南取消妨碍房地产消费的限制性政策月日，河南省委常委、常务副省长孙守刚今日在新闻发布会上表示，要稳住房地产投资。其中核心就是全面落实金融支持房地产条政策措施，全力保交楼、稳预期、拓供给，着力促进房地产市场平稳健康发展。要加大对居民购房和房企合理融资支持力度，从信贷、股权、债券融资三方面纵深拓展房地产融资渠道。“取消和调整过热时期妨碍消费需求释放的限制性政策，完善二套房认定标准，支持集中团购商品住房，鼓励各地结合保障性租赁住房、人才住房房源征集，加快存量商品房去化。”孙守刚说，要强化“保交楼”项目配套融资支持，持续攻坚推动已售逾期项目加快建设交付。（河南省政府网）,0.03559897489109,------
河南：取消和调整房地产过热时期妨碍消费释放的限制性政策财联社月日电，河南省委常委、常务副省长孙守刚今日在新闻发布会上表示，要稳住房地产投资。其中核心就是全面落实金融支持房地产条政策措施，全力保交楼、稳预期、拓供给，着力促进房地产市场平稳健康发展。要加大对居民购房和房企合理融资支持力度，从信贷、股权、债券融资三方面纵深拓展房地产融资渠道。“取消和调整过热时期妨碍消费需求释放的限制性政策，完善二套房认定标准，支持集中团购商品住房，鼓励各地结合保障性租赁住房、人才住房房源征集，加快存量商品房去化。”孙守刚说，要强化“保交楼”项目配套融资支持，持续攻坚推动已售逾期项目加快建设交付。,-0.6412422791560681,2023-01-04 09:33:17
全面放开限购樊纲、刘世锦等达成共识，启动楼市要靠超常规举措新京报近期，中央高层领导和中央财办相关负责人均重申房地产业是国民经济支柱产业，房地产的重要性被再次提升，如何理解房地产业是国民经济支柱产业？房地产过热时期推出的限购限贷政策是否到了退出历史舞台的时刻？长短期内房地产业的发展趋势如何？日前，在孟晓苏牵头的“北京房地产健康发展研讨会”上，仇保兴、刘世锦、樊纲、贾康、马光远等多位知名经济学家、学者发表了观点，为房地产业的健康发展建言献策。与会专家一致认为，房地产政策框架应及时调整，限购和现在的过时的部分政策应及时取消，要注意房地产政策的连贯性、时效性。实践反复证明房地产业是国民经济支柱产业中央经济工作会议上提出了一系列保证房地产市场平稳发展的要求，房地产的重要性被再次提升，值得注意的是，房地产业是国民经济的支柱产业的重申引起了业内的关注，有业内人士都表示，时隔多年房地产再成支柱产业；也有声音质疑该提法与“不将房地产作为短期刺激经济的手段”的表述是否有所矛盾。“房地产作为国民经济支柱产业的定位没有什么可争议的，人的一生中单项最大的消费就是房子。”中国经济体制改革研究会副会长，中国（深圳）综合开发研究院院长樊纲表示。财政部财政科学研究院博导，研究员贾康也表示，实践反复证明中国的房地产业就是国民经济的支柱产业。“我们的工业化、城镇化现在只是走到了中途，后面还有相当可观的发展空间。”“当前城镇化的真实水平，不能看常住人口城镇化率将近，要看户籍人口城镇化率只有，要完成真实城镇化水平左右，中国有个点以上的空间。”贾康认为，“一年上一个点我们还得走年以上，在这个过程中，房地产业不是支柱产业是不可想象的。”精瑞人居发展基金会主席，全联房地产商会创会会长聂梅生强调，房地产政策的连贯性和时效性很重要，要明确房地产政策中哪些是方向性的不能动摇的，哪些是可以调整具有时效性的。改变调控思维，限购限贷到了退出历史舞台的时刻？近期，中央财办有关负责人表示，在住房消费等领域还存在一些妨碍消费需求释放的限制性政策，这些消费潜力要予以释放。多位业内人士将“妨碍消费需求释放的限制性政策”指向了限购、限贷、限售等政策。据了解，年内全国各大城市关于楼市放松的政策持续不断，东莞、佛山已取消限购，南京、成都、西安等新一线城市也优化了楼市限购。独立经济学家马光远强调，我们应尽快改变调控思维，对于限购政策不要留尾巴，中国所有的城市限购完全可以放弃，同时，不仅仅是限购，所有的“限”都应该取消。“限购政策本来是临时办法，是在房地产过热的时候出来的，也就是在夏天你开了空调，如今已经天寒地冻你为什么还开空调（冷风）？”汇力基金董事长，原中房集团董事长孟晓苏指出，中财办要求释放住房消费领域的限制性措施，各地应尽快调整过时的政策，从整体上全面取消限购。孟晓苏认为，下半年以来，监管机构和各个金融机构出台很多政策来促进房地产业的发展，但这些都是非核心政策，直接启动房地产市场核心政策是取消限购限贷。在他看来，启动全国房地产市场要从一线城市开始。“已有的经验告诉我们，全国的房地产形势要靠北京、上海、广东、深圳，特别是北上深这三个城市的拉动。北京应该紧跟中央，发挥首善之区的优势地位。”樊纲以房地产的迁移性需求为主题表达了自己的观点，他认为，中国房地产业发展还有巨大潜力，主要来自于人口迁移。建议在城市群周边的中小城市取消对外地人的限购，逐步释放迁移性需求。最终通过大城市的复苏，通过企业内部资金链的传导，化解部分小城镇的债务问题和烂尾楼问题。“现在回顾来看，房地产到了目前这个阶段实际上要软着陆。”全国政协经济委员会副主任、中国发展研究基金会副理事长刘世锦强调，最近我们在纠偏，房地产十六条等相关政策出台，希望后续情况有所好转。刘世锦也强调，中国房地产市场还有相当大的扩展空间，关键在于都市圈的发力。业内：稳房地产一定要出台超常规的措施谈及明年的房地产形势时，马光远表示，考虑到目前市场的基本面已和过去有很大不同，所以对于明年整个房地产市场的表现不要太乐观。“明年目标是先稳下来，稳下来的关键是政策一定要猛，现在政策的力度不够，对市场信心的提振不够。”中国房地产业协会副会长王惠敏也指出，稳经济必须先稳房地产，而稳房地产一定要出台超常规的措施，不能简单地依靠市场制度初心解决问题。“我们绝不能寄希望通过现有的政策来促使房地产回到过去的模样。”对此，王惠敏建议把重点转移到刺激改善性购房需求。北京市住宅房地产商会会长黎乃超认为，优化房地产政策的根本是纠行业的偏见，所以第一件事要把妖魔化、灰犀牛的说法去掉。“中国房地产行业不缺资金，不缺信心，只要政策能够到位，借着党的二十大，借着中央经济工作会议的春风，地产的第二个、第三个春天一定会到来。”中央财经大学法学院教授宋志红认为，未来如果房地产业要平稳健康发展，要提振市场信息，尤其稳预期的话，首先要从房地产调控政策的法治化做起，法治才是深化市场机制改革的前提。在她看来，在新的形势下，当务之急是对过去已有的现在还在生效的调控政策进行全面的评估清理，对于其中科学合理且在新形势下确实需要继续保留的政策手段，应当把它纳入法治的轨道。对于那些已经不适应新形势的政策应该果断进行废止。“现在已经到了房地产非常脆弱的时候，我们要挽救房地产势必要大调整。”中国城市科学研究会理事长，住建部原副部长仇保兴认为，当前房地产业发展的关键是增强韧性。仇保兴表示，各级政府要尽快复工复产，扭转经济预期，这是稳定房地产市场预期的基础性工作；而保交楼仍是重中之重，是修复市场秩序的当务之急。他还建议扩大刚需和改善型住房需求，多渠道扩大住房消费需求，协调好住房信贷优惠、房地产解困基金和老旧小区改造补贴等政策工具，稳住重点城市房地产市场，形成风向标。,0.7742606700689328,2023-01-04 09:21:53
地产观点更新：）本周新房、二手房成交量延续年下半年水平，期待政策效果显现。新房：本周（）城销售万方，环比（年底冲刺），同比。二手房：本周（）城销售万方，环比，同比。）三部门积极表态，需求侧再获宽松支持。住建部部长关于大力支持首套房、合理支持二套房、原则上不支持三套房的表态延续了中央经济工作会议对房地产的定调，支持刚性和改善性需求；同时“以旧换新、以小换大、生育多子女家庭都要给予政策支持”也预示了在认房认贷标准上的调整。央行和银保监会决定建立首套住房贷款利率政策动态调整机制是年月底政策的延续（彼时政策截止时间为年底），这是审时度势的动态调整，即只要房价一直跌的城市，就允许房贷利率持续低于下限，支持房价企稳的意图明显。从价上看，年月个大中城市，有城满足新建商品住宅销售价格环比和同比连续个月均下降的条件，而月有城满足上述条件。住建部、央行和银保监会再次表态对需求侧的支持，充分表明政府支持房地产企稳复苏的决心。）预计未来需求侧大力度宽松将持续落地支持销售，以来持续积极拿地的房企或引领市场复苏。,-0.4096629360273132,2023-01-08 22:46:55
央妈连夜发话，药还要继续加量，建立首套住房贷款利率政策动态调整机制，直白说就是首套房利率继续下调。随后住建部紧接着跟上，特意强调对第一套住房要大力支持首付比，首套房利率该降就降。两大最顶级部门的出手，只有一句话，楼市起不来，大家不买房，那利率就接着降，降到让你心动的水平，直到买房的人肯掏钱出来为止，可以说这就是高层给年的楼市定的调，这剂药没有停也不敢停，至于存量房贷业主不甘忍受高位站岗提前还贷潮如何应对，是考虑存量打折还是一直按兵不动，央妈还在静观其变只字未提。社会房地产对于购买第一套住房的要大力支持,-0.0375511308346621,------
三明微分享重磅事关首套房贷款利率近日，人民银行、银保监会发布通知，决定建立首套住房贷款利率政策动态调整机制。新建商品住宅销售价格环比和同比连续个月均下降的城市，可阶段性维持、下调或取消当地首套住房贷款利率政策下限。：中国人民银行,0.0208685843008071,2023-01-08 18:01:57
热点新闻回放我国外汇储备规模为亿美元两部门建立首套住房贷款利率政策动态调整机制银保监会：拟规定个人消费贷款期限不得超过年乡镇卫生院和社区卫生服务中心开设发热诊室日起对违反新冠疫情防控等行为不再以妨害传染病防治罪等论处学生票不再规定乘火锅车时间限展开,-0.0263985862539271,2023-01-08 22:07:34
月日，住房和城乡建设部网站显示，近日，住房和城乡建设部部长倪虹在接受媒体采访时表示，毫不动摇坚持房子是用来住的、不是用来炒的定位，因城施策、精准施策，提振市场信心。多位业内专家认为，月日央行、银保监会明确“建立首套住房贷款利率政策动态调整机制”仅是年楼市精准施策的一个部展开,-0.1065725275169017,2023-01-08 20:37:33
事关首套房贷央行、银保监会最新通知央行、银保监会建立首套住房贷款利率政策动态调整机制中国人民银行月日发布消息称，近日人民银行、银保监会发布通知，决定建立首套住房贷款利率政策动态调整机制。新建商品住宅销售价格环比和同比连续个月均下降的城市，可阶段性维持、下调或取消当地首套展开,0.0331806062522596,------
淮安买房人注意事关首套房近日，人民银行、银保监会发布通知，决定建立首套住房贷款利率政策动态调整机制。新建商品住宅销售价格环比和同比连续个月均下降的城市，可阶段性维持、下调或取消当地首套住房贷款利率政策下限。住房贷款利率政策与新建住房价格走势挂钩、动态调整，有利于支持展开,0.011341990188701,2023-01-08 17:16:02
东莞的步子走得比深圳快多了，首套一律，利率深圳利率，这是支持刚需还是阻碍刚需？月日起东莞市最新住房差别化信贷政策调整如下：全市不分区域统一政策，且不查房。不再区分普通住房和非普通住房，即面积的执行同样的首付款成数和利率政策。首次购房（无房无贷）展开,-0.4101380985806925,------
人民银行、银保监会决定建立首套住房贷款利率政策动态调整机制。新建商品住宅销售价格环比和同比连续个月均下降的城市，可阶段性维持、下调或取消当地首套住房贷款利率政策下限，有个城市符合条件。建立首套住房贷款利率政策动态调整机制,-0.1213428487631988,2023-01-08 11:07:48
刚需族注意首套住房个人住房贷款利率再迎动态调整月日，央行、银保监会发布《关于建立新发放首套住房个人住房贷款利率政策动态调整长效机制的通知》，决定建立首套住房贷款利率政策动态调整机制。专家表示，与降低首付等举措相比，降低房贷利率是推升商品房销售面积累计同比更有效的展开,-0.2965539354490731,------
南京买房央行发文新房价格连续个月下跌，首套房贷利率可下调乐居新媒体南京讯近日，人民银行、银保监会发布通知，决定建立首套住房贷款利率政策动态调整机制。新建商品住宅销售价格环比和同比连续个月均下降的城市，可阶段性维持、下调或取消当地首套住房贷款利率政策下限。住房贷款利展开,0.064477255465031,2023-01-07 23:57:41
有利于新建住房降价人民银行、银保监会建立首套住房贷款利率政策动态调整机制人民银行、银保监会建立首套住房贷款利率政策动态调整机制,0.0191781055322915,2023-01-08 08:35:18
央行、银保监会重磅消息涉首套房贷利率问题月日，人民银行、中国银行保险监督管理委员会发布《关于建立新发放首套住房个人住房贷款利率政策动态调整长效机制的通知》。《通知》提出，新建商品住宅销售价格环比和同比连续个月均下降的城市，可阶段性维持、下调或取消当地展开,-0.0122661085966392,------
华尔街见闻快讯月日星期四财政部：坚持中央不救助原则，建立市场化、法治化的债务违约处置机制财政部近期公布了人大代表、政协委员建议的答复函。其中提到，稳妥化解隐性债务存量。坚持中央不救助原则，做到谁家的孩子谁抱。建立市场化、法治化的债务违约处置机制，稳妥化解隐性展开,-0.0534510920761658,2023-01-07 19:21:30
全面促进居住消费需求释放超城推行二手房“带押过户”充分释放居住消费需求，近期好消息不断。月日，深圳也加入了推行二手房“带押过户”的队伍，意在提高二手房交易效率和便利度，降低二手房交易成本。叠加近日人民银行、银保监会决定建立首套住房贷款利率政策动态调整机制的动作，全方位促展开,0.1351902939979345,------
皋城百事通最新通知事关首套房贷中国人民银行月日发布消息称，近日人民银行、银保监会发布通知，决定建立首套住房贷款利率政策动态调整机制。新建商品住宅销售价格环比和同比连续个月均下降的城市，可阶段性维持、下调或取消当地首套住房贷款利率政策下限。人民银行表示，住房贷款利率政策展开,0.0393347382876412,2023-01-07 16:19:19
年房地产怎么干？相关部门释放大信号，这些人买房将获支持。据央视月日消息，住建部接受了专访，对房地产做了全方位的阐述。月日，央行官网也发布通知，决定建立首套住房贷款利率政策动态调整机制。透过央行和住建部的表态，年房地产会有哪些动作呢？、落实房住不炒，支持首套房二展开,0.1461514688286053,2023-01-07 17:11:36
关注事关首套房贷款利率四川城市服务台中国人民银行月日发布消息称，近日人民银行、银保监会发布通知，决定建立首套住房贷款利率政策动态调整机制。新建商品住宅销售价格环比和同比连续个月均下降的城市，可阶段性维持、下调或取消当地首套住房贷款利率政策下限。网页链接,-0.0274596386585446,------
最近，央行发布通知，决定建立首套住房贷款利率政策动态调整机制，新房售价环同比均连续个月下降的城市，可阶段性维持、下调或取消当地首套住房贷款利率政策下限。也就是说，房贷利率可以没有下限了。那哪些城市符合呢？我们看个大中城市里有个城市符合这个标准。你看看跟您的预期相符吗？房地产展开,-0.0076227355479864,2023-01-07 16:19:26
光计划宋鸿兵年终盛典首套房贷利率央行发布首套房贷款利率新政策，房地产可望回暖？人民银行、银保监会本月日发布通知，决定建立首套住房贷款利率政策动态调整机制。通知指出，自年第四季度起，各城市政府可于每季度末月，以上季度末月至本季度第二个月为评估期，对当地新建商展开,0.8175602292302552,2023-01-07 15:32:13
法律小常识事关首套房贷央行、银保监会最新通知近日，人民银行、银保监会发布通知，决定建立首套住房贷款利率政策动态调整机制。新建商品住宅销售价格环比和同比连续个月均下降的城市，可阶段性维持、下调或取消当地首套住房贷款利率政策下限。首套住房贷款利率政策动态调整机制人民日报,0.0003135604070426,2023-01-08 17:02:34
陈雳：对于改善型住房需求的政策支持可以更多一些首席观大势近日，人民银行、银保监会发布通知，决定建立首套住房贷款利率政策动态调整机制。新建商品住宅销售价格环比和同比连续个月均下降的城市，可阶段性维持、下调或取消当地首套住房贷款利率政策下限。川财证券首席经济学家陈雳认为，政策展开,0.0417560136434651,------
转自猫笔刀：、人民银行、银保监发布通知，决定建立首套住房贷款利率政策动态调整机制。新售商品房价格环比和同比连续个月均下降的城市，可阶段性维持、下调或取消当地首套房贷利率政策下限。简单说就是房价连跌月，利率可以突破之前的下限继续优惠，之前的下限是比市场报价利率低个基点，也就展开,0.0763420382176669,2023-01-07 22:14:00
首套房利率如何大力支持帝一套住房人民银行月日发布消息称，近日银行、银发布通知，决定建立首套住房贷款利率政策动态调整机制。新建商品住宅销售价格环比和同比连续个月均下降的城市，可阶段性维持、下调或取消当地首套住房贷款利率政策下限。也就是降低利率是好展开,0.1811774566571241,2023-01-07 23:08:08
听不懂人话一样。我们说房价高了。他们说知道了降利率。我们说房价高了。他们说知道了降首付比例。我们说：房价高了楼市动态首付比首套利率该降的都要降下来建立首套住房贷款利率政策动态调整机制,0.1453100600554777,2023-01-07 13:51:19
发布了头条文章：《首套房贷利率政策动态调整机制来了，城市房价受影响》临近春节，央行发放又一房地产政策大礼包。月日，央行、银保监会联合发布通知称，决定建立建立首套住房贷款利率政策动态调整机制。新建商品住宅销售价格环比和同比连续个月均下降的城市，可阶段性维持、下调或取消当展开,0.0208753355225979,------
邓海清：告别全国“一刀切”强化“因城施策”将是未来趋势首席观大势近日，人民银行、银保监会发布通知，决定建立首套住房贷款利率政策动态调整机制。新建商品住宅销售价格环比和同比连续个月均下降的城市，可阶段性维持、下调或取消当地首套住房贷款利率政策下限。中航基金首席经济学家邓海展开,-0.0379912299998042,2023-01-08 09:47:55
央行银保监会针对首套房贷发布通知中国人民银行月日发布消息称，近日人民银行、银保监会发布通知，决定建立首套住房贷款利率政策动态调整机制。新建商品住宅销售价格环比和同比连续个月均下降的城市，可阶段性维持、下调或取消当地首套住房贷款利率政策下限。人民银行表示，住房贷款利率政策展开,0.0334053590218825,------
港股午评：恒指涨内房股集体上涨财联社月日电，港股三大指数午间集体收涨，恒指涨，恒生科技指数涨，国指涨。南下资金半日净流入亿港元，大市成交额为亿港元。盘面上，大型科技股继续上涨，哔哩哔哩涨，阿里巴巴、腾讯涨，京东、百度涨。央行、银保监会建立首套住房贷款利率政策动态调整机制，内房股涨幅居前；教育股、手游股、半导体股、建材水泥、香港银行股等多股普涨；新东方在线涨，拟更名为“东方甄选控股有限公司”。,-0.2155960265959155,2023-01-08 11:18:30
港股午评：恒指涨内房股集体上涨港股三大指数午间集体收涨，恒指涨，恒生科技指数涨，国指涨。南下资金半日净流入亿港元，大市成交额为亿港元。盘面上，大型科技股继续上涨，哔哩哔哩涨，阿里巴巴、腾讯涨，京东、百度涨。央行、银保监会建立首套住房贷款利率政策动态调整机制，内房股涨幅居前；教育股、手游股、半导体股、建材水泥、香港银行股等多股普涨；新东方在线涨，拟更名为“东方甄选控股有限公司”。,0.0416027943322586,------
人民银行、银保监会建立首套住房贷款利率政策动态调整机制,-0.010592691969255,2023-01-07 18:02:15
楼市快讯央行、银保监会建立首套住房贷款利率政策动态调整机制中国人民银行月日发布消息称，近日人民银行、银保监会发布通知，决定建立首套住房贷款利率政策动态调整机制。新建商品住宅销售价格环比和同比连续个月均下降的城市，可阶段性维持、下调或取消当地首套住房贷款利率政策下限。人民银行表示，住房贷款利率政策与新建住房价格走势挂钩、动态调整，有利于支持城市政府科学评估当地商品住宅销售价格变化情况，“因城施策”用足用好政策工具箱，更好地支持刚性住房需求，形成支持房地产市场平稳健康运行的长效机制。,0.0208725468209657,------
首套住房贷款利率政策动态调整机制建立首套住房贷款利率政策动态调整机制建立,0.0004247708897066,2023-01-07 05:01:54
人民银行、银保监会建立首套住房贷款利率政策动态调整机制近日，人民银行、银保监会发布通知，决定建立首套住房贷款利率政策动态调整机制。新建商品住宅销售价格环比和同比连续个月均下降的城市，可阶段性维持、下调或取消当地首套住房贷款利率政策下限。第一时间的微博视频,-0.0277569058912782,------
昨天央妈发布的首套房贷款利率动态调整机制，真的是太有意思了。前有美联储无上限，今有首套房利率无下限。连续个月房价下跌的城市，可以在这么伟大的政策呵护之下，毫无下限调整房贷的利率。对于这个问题，目前市场上是褒贬不一的评价。说实话，乐空没有啥想说的，唯一能做的事情就是“鼓掌”，而且要用力的那种。高层面认为房子卖不出去，是利率在捣乱，不然怎么会发布这样的措施呢？当然，这也只是乐空一家之言哈，具体情况会怎么样，谁又能说得清楚呢？总之，政策是好的，至于结果会怎么样，一切都交给市场就得了建立首套住房贷款利率政策动态调整机制,-0.2717211776902902,2023-01-07 18:10:49
老牌国企期货手续费加保证金调交易所标准央行、银保监会：决定建立首套住房贷款利率政策动态调整机制。新建商品住宅销售价格环比和同比连续个月均下降的城市，可阶段性维持、下调或取消当地首套住房贷款利率政策下限。财经超话期货投资交流超话,0.0186731783999871,------
正观早参，一夜醒来知天下郑州市新一届政协领导班子选出国务院联防联控机发出春节返乡倡议公安部发布年春运交通安全提示月日香港与内地首阶段通关机票燃油附加费下调首套房贷款利率政策动态调整机制建立购买三套以上住房原则上不支持首付比首套利率该降的都要降下来欧盟：“北溪”管道爆炸是蓄意破坏普京下令停火小时河南省考月日开始报名日河南最高温维持以上早安欢迎阅读，感谢分享,0.6903799737423535,2023-01-07 10:23:24
中国人民银行月日发布消息称，近日人民银行、银保监会发布通知，决定建立首套住房贷款利率政策动态调整机制。新建商品住宅销售价格环比和同比连续个月均下降的城市，可阶段性维持、下调或取消当地首套住房贷款利率政策下限。,-0.0021907887360814,------
研究了高层发声，地主近期给的表面意见：首套资质适合买新房，但如果非要买二手的，年前北京应该没有政策出台，可以年后回来行动，本月盯盘看看目标房源，与经纪人和购房师保持信息畅通。新房大部分楼盘优惠依旧延续去年年底的政策，部分小幅缩减优惠，按照首套贷款比例优势为王，新房依旧是首选，产品确是代差。需要置换的伙伴需要尽可能不让价太多的情况下遇到有缘人，能卖则卖，因为不是一般资产置换优质资产，真有政策起飞，一般的涨可怜的、万，优质资产、万开外。资产变现的，过完年再说等小政策出来可以。啰嗦两句希望能有所帮助，有具体问题，可私信我。地主今年过年哪里都不去，把握市场底。本月起部分购房贷款月供将下降建立首套住房贷款利率政策动态调整机制楼市观察北京豪宅超话望京北京楼市北京楼市超话,0.0827726085418925,2023-01-06 20:21:41
首套个人住房贷款利率下限调整迎长效机制：更多城市利率或低于“”月日，央行、银保监会发布《关于建立新发放首套住房个人住房贷款利率政策动态调整长效机制的通知》，决定建立新发放首套住房商业性个人住房贷款利率政策动态调整长效机制，即：对于评估期内新建商品住宅销售价格环比和同比连续个月均下降的城市，阶段性放宽首套住房商业性个人住房贷款利率下限。地方政府按照因城施策原则，可自主决定自下一个季度起，阶段性维持、下调或取消当地首套住房商业性个人住房贷款利率下限。“整体来看，本次政策较去年的政策更加灵活，结合各个城市最新房价变动及时动态调整利率，降低购房成本，有利于更好地支持刚性和改善性住房需求。”中指研究院指数事业部市场研究总监陈文静认为，本次政策出台，意味着部分城市的首套房贷利率有望延续此前水平或有望进一步下调。按照相关政策规定，目前首套个人住房贷款利率下限为不低于相应期限贷款市场报价利率减个基点。目前年期以上为，即可低于。在此次《通知》发布前，央行、银保监会已经在去年四季度进行了“试点”。年月日发布的《关于阶段性调整差别化住房信贷政策的通知》规定，对于年月份新建商品住宅销售价格环比、同比均连续下降的城市，在年底前，阶段性放宽首套住房商业性个人住房贷款利率下限。二套住房商业性个人住房贷款利率政策下限按现行规定执行。据国家统计局公布的个主要城市数据，符合“年月份新建商品住宅销售价格环比、同比均连续下降”条件的城市有个，其中个二线城市，个三线城市。二线城市包括天津、石家庄、大连、哈尔滨、武汉、贵阳、昆明、兰州；三线城市包括泉州、温州、泸州、岳阳、宜昌、北海、大理、秦皇岛、湛江、包头、安庆、济宁、常德、襄阳和桂林。世纪经济报道记者了解到，在去年四季度期间，上述不少城市将首套个人住房贷款利率下限下调至低于，但也有城市未做调整，此外还有不少不在上述名单但符合条件的城市直接取消了首套个人住房贷款利率下限，由银行自主决定。详见：首套个人住房贷款利率下限调整迎长效机制：更多城市利率或低于“”（财经）购买三套以上住房原则上不支持首付比首套利率该降的都要降下来住建部部长谈买房租房,1.0,------
今天不论是工作中还是网络上，都有不少人问我，金融工作会议对房地产会有什么影响。作为一名影视博主里的房地产爱好者，就再简单讲讲吧。一是仍然将房地产作为“风险”在看待。这一点，是看待、分析和预测这个行业的判断基础。这么重要的一次会议，用这么多字来说房地产，特别是，既没提“房住不炒”、几天前的另一个会议上又说了“让房屋回归商品属性”，再加上一堆的财经博主大声呐喊又放水啦、要起飞啦，的确让很多习惯了从网络上获得知识人又迷惑了。实际上，会议公报中对房地产的描述，是放在“全面加强金融监管，有效防范化解金融风险”这个段落中的。说明，这是风险，不是要推动发展的产业、更不是支柱产业。二是用语极其精准。一共个字。咱们一句句来说。促进金融与房地产良性循环。（没啥说道的，算是目标，注意状态用的是良性，还有“循环”这个词，不是单向的，而是金融帮房地产、房地产回哺金融，不能只是房地产把金融的钱拿去了，然后，然后没了，那不行。当然，这是对行业而言，不是对购房户说的）健全房地产企业主体监管制度和资金监管。（简单说，就是抓两个重点，一个是房开企业，别管股东怎么换、离婚怎么离，找的就是你。管啥呢？不管你地在哪、项目在哪、注册在哪，就管你钱在哪）完善房地产金融宏观审慎管理。（宏观审慎管理是与微观审慎监管相对应的，微观审慎，往往注重一个企业、一个行业的安全，往往会出现，我不能出事啊，你不能让我出事啊。而宏观的意思是，就算你这个企业、行业出事，但不许外溢。你不重要，整个体系才重要，没有你惹事才最重要）一视同仁满足不同所有制房地产企业合理融资需求。（这话对大家都是个提醒，保利你也别狂、万科你也别怕，合理的要求，都给。不合理的哭穷，都打）因城施策用好政策工具箱。（不要指望一幅药方全国吃。自己看着办。少动不动一脸无辜的发个城市公众号，好像房价大涨和大跌，都是上面让你干的。我就要良性，你能干好就干，干不好就换。中国啥都缺，不缺干部）更好支持刚性和改善性住房需求。（言下之意，不支持投资和投机。但这种不支持，不是禁止，回到金融工作会议的本意，就是不支持用金融手段投资和投机。全款玩，您随意，而且鼓励。为国交税嘛）加快保障性住房等“三大工程”建设。（这三大工程，是安置房、城中村和平急两用。你觉得，这跟“改善性”、“高端”住宅，有啥关系？而且，城中村现在的思路，并不是拆改留、而是留改拆。以改造为主，并不象上一轮所谓棚，以拆迁人为创造购房需求。平急两用，你们不懂吧？安徽省芜湖市，在三山区造过三十幢安置房，空的，条件很好，有水有电有网有气有空调，去年合肥出了些事，把人都接过来住。平时，芜湖人想去住，三百块钱一个月。急时，人就拉过去，三百块钱一天）构建房地产发展新模式。（啥叫新模式？这一讲，要从中国式房地产现代化的五大内容、八项特点、十个坚持讲了。以前在公众号上写过一篇一万多字的，太多了，微博不写了。总之你觉得旧模式的毛病在哪，新模式就是解决这些毛病的。但新模式是不是就没毛病了呢？当然不是。先解决了再说）你看，我这一讲，所有抖音、微博、公众号上的视频、文章、课程，是不是全是糊你们的？正常，人家要吃饭的嘛。我是影视博主。我要是财经或者房地产博主，我当然也讲抓紧买、抓紧卖。你不买卖，我吃什么？从今天起，把所有财经和房地产博主全部拉黑，你会安全很多。这就是家庭的总体安全观。三是为啥不提房住不炒？呵呵，都这么多字了，还用提？而且我敢肯定提了。再写在公报里，烦不烦？而且，来，现在让你炒，欢迎你炒，你炒炒试试。四是啥叫回归商品属性？商品属性，不是跟安置属性对立的，要知道这是什么会，所以，它是跟金融属性相对。虽然商品往往带有金融属性，但一定要防止金融属性超过商品属性。商品属性主要是使用价值，价值也是劳动凝聚，但不能先是价格偏离紧接着由于不断形成套利空间进而变成金融载体，这是一个大道理，涉及到马克思资本论全卷对于资本主义进步性和必然灭亡性的分析，就不多讲了。五是到底涨不涨呢？能不能买呢？我该怎么办呢？是这样的，人人有房，居者有屋，不代表人人都有市中心学区房和豪宅啊。你到底是啥收入啥年龄啥工作，不一样的人，选不一样的房啊。居住焦虑是可以的，也是必须解决的。但财产和金融焦虑，就算了吧。另外，针对不同个人，当然有完全不同的策略。但对于房企、地方政府、银行之类的，反而不用因人而异，统一八个字：摆脱依赖、抓紧转型。最后，再看看这一段结尾的话，感受下那种肃杀之气：防范化解金融风险，要把握好权和责的关系，健全权责一致、激励约束相容的风险处置责任机制；把握好快和稳的关系，在稳定大局的前提下把握时度效，扎实稳妥化解风险，坚决惩治违法犯罪和腐败行为，严防道德风险；对风险早识别、早预警、早暴露、早处置，健全具有硬约束的金融风险早期纠正机制。说说就算了？呵呵。过去十一年，啥事是说说就算了的？至于什么房地产崩了经济会不会丸，呵呵。现在难道还没崩？你查查今年前三季度啥交易量、啥税费量、啥出让量、啥开工量、啥库存量，怎么样了呢？耽误啥了么？耽误下饺子了么、耽误卫星上天了么、耽误奇瑞膨胀了么、耽误方便面涨价了么？以前的不正常成为正常后，正常的显得不正常而已。那以后这种你觉得不正常的就是正常了。知道不？叫新常态。,1.0,2023-11-02 20:26:40
中央金融工作会议：促进金融与房地产良性循环中央金融工作会议月日至日在北京举行。会议强调，促进金融与房地产良性循环，健全房地产企业主体监管制度和资金监管，完善房地产金融宏观审慎管理，一视同仁满足不同所有制房地产企业合理融资需求，因城施策用好政策工具箱，更好支持刚性和改善性住房需求，加快保障性住房等“三大工程”建设，构建房地产发展新模式。（中国新闻网）,0.0131577050723898,2023-11-02 21:52:20
楼市动态中央金融工作会议强调加快保障性住房建设房地产迎发展新模式中央金融工作会议月日至日在北京举行。会议强调，促进金融与房地产良性循环，健全房地产企业主体监管制度和资金监管，完善房地产金融宏观审慎管理，一视同仁满足不同所有制房地产企业合理融资需求，因城施策用好政策工展开,0.0035130028379332,2023-11-02 19:31:13
对于房地产行业发展，会议强调要促进金融与房地产良性循环，健全房地产企业主体监管制度和资金监管，完善房地产金融宏观审慎管理，一视同仁满足不同所有制房地产企业合理融资需求，因城施策用好政策工具箱，更好支持刚性和改善性住房需求，加快保障性住房等“三大工程”建设，构建房地产发展新模式。房地产,-0.0029890260227442,2023-11-08 05:29:12
促进金融与房地产良性循环，健全房地产企业主体监管制度和资金监管，完善房地产金融宏观审慎管理，一视同仁满足不同所有制房地产企业合理融资需求，因城施策用好政策工具箱，更好支持刚性和改善性住房需求，加快保障性住房等“三大工程”建设，构建房地产发展新模式。,-0.1151585700867414,2023-11-02 20:41:37
促进金融与房地产良性循环，健全房地产企业主体监管制度和资金监管，完善房地产金融宏观审慎管理，一视同仁满足不同所有制房地产企业合理融资需求，因城施策用好政策工具箱，更好支持刚性和改善性住房需求，加快保障性住房等“三大工程”建设，构建房地产发展新模式。房地产进入新时代了。,0.0141524864852323,2023-11-02 22:08:01
中央金融工作会议：促进金融与房地产良性循环中央金融工作会议月日至日在北京举行。会议强调，促进金融与房地产良性循环，健全房地产企业主体监管制度和资金监管，完善房地产金融宏观审慎管理，一视同仁满足不同所有制房地产企业合理融资需求，因城施策用好政策工具箱，更好支持刚性和改善性住房需求，加快保障性住房等“三大工程”建设，构建房地产发展新模式。,0.0352354704340776,2023-11-02 19:33:53
会议强调，要全面加强金融监管，有效防范化解金融风险。切实提高金融监管有效性，依法将所有金融活动全部纳入监管，全面强化机构监管、行为监管、功能监管、穿透式监管、持续监管，消除监管空白和盲区，严格执法、敢于亮剑，严厉打击非法金融活动。及时处置中小金融机构风险。建立防范化解地方债务风险长效机制，建立同高质量发展相适应的政府债务管理机制，优化中央和地方政府债务结构。促进金融与房地产良性循环，健全房地产企业主体监管制度和资金监管，完善房地产金融宏观审慎管理，一视同仁满足不同所有制房地产企业合理融资需求，因城施策用好政策工具箱，更好支持刚性和改善性住房需求，加快保障性住房等“三大工程”建设，构建房地产发展新模式。维护金融市场稳健运行，规范金融市场发行和交易行为，合理引导预期，防范风险跨区域、跨市场、跨境传递共振。加强外汇市场管理，保持人民币汇率在合理均衡水平上的基本稳定。防范化解金融风险，要把握好权和责的关系，健全权责一致、激励约束相容的风险处置责任机制；把握好快和稳的关系，在稳定大局的前提下把握时度效，扎实稳妥化解风险，坚决惩治违法犯罪和腐败行为，严防道德风险；对风险早识别、早预警、早暴露、早处置，健全具有硬约束的金融风险早期纠正机制。,0.3546123967033957,2023-11-02 20:51:06
中央金融工作会议全文中央金融工作会议月日至日在北京举行。中共中央总书记、国家主席、中央军委主席习近平出席会议并发表重要讲话。中共中央政治局常委李强、赵乐际、王沪宁、蔡奇、丁薛祥、李希出席会议。习近平在重要讲话中总结党的十八大以来金融工作，分析金融高质量发展面临的形势，部署当前和今后一个时期的金融工作。李强对做好金融工作作了具体部署。会议强调，金融是国民经济的血脉，是国家核心竞争力的重要组成部分，要加快建设金融强国，全面加强金融监管，完善金融体制，优化金融服务，防范化解风险，坚定不移走中国特色金融发展之路，推动我国金融高质量发展，为以中国式现代化全面推进强国建设、民族复兴伟业提供有力支撑。会议指出，党的十八大以来，在党中央集中统一领导下，金融系统有力支撑经济社会发展大局，坚决打好防范化解重大风险攻坚战，为如期全面建成小康社会、实现第一个百年奋斗目标作出了重要贡献。党中央把马克思主义金融理论同当代中国具体实际相结合、同中华优秀传统文化相结合，努力把握新时代金融发展规律，持续推进我国金融事业实践创新、理论创新、制度创新，奋力开拓中国特色金融发展之路，强调必须坚持党中央对金融工作的集中统一领导，坚持以人民为中心的价值取向，坚持把金融服务实体经济作为根本宗旨，坚持把防控风险作为金融工作的永恒主题，坚持在市场化法治化轨道上推进金融创新发展，坚持深化金融供给侧结构性改革，坚持统筹金融开放和安全，坚持稳中求进工作总基调。这些实践成果、理论成果来之不易。同时要清醒看到，金融领域各种矛盾和问题相互交织、相互影响，有的还很突出，经济金融风险隐患仍然较多，金融服务实体经济的质效不高，金融乱象和腐败问题屡禁不止，金融监管和治理能力薄弱。金融系统要切实提高政治站位，胸怀“国之大者”，强化使命担当，下决心从根本上解决这些问题，以金融高质量发展助力强国建设、民族复兴伟业。会议强调，当前和今后一个时期，做好金融工作必须坚持和加强党的全面领导，以习近平新时代中国特色社会主义思想为指导，全面贯彻党的二十大精神，完整、准确、全面贯彻新发展理念，深刻把握金融工作的政治性、人民性，以加快建设金融强国为目标，以推进金融高质量发展为主题，以深化金融供给侧结构性改革为主线，以金融队伍的纯洁性、专业性、战斗力为重要支撑，以全面加强监管、防范化解风险为重点，坚持稳中求进工作总基调，统筹发展和安全，牢牢守住不发生系统性金融风险的底线，坚定不移走中国特色金融发展之路，加快建设中国特色现代金融体系，不断满足经济社会发展和人民群众日益增长的金融需求，不断开创新时代金融工作新局面。会议指出，高质量发展是全面建设社会主义现代化国家的首要任务，金融要为经济社会发展提供高质量服务。要着力营造良好的货币金融环境，切实加强对重大战略、重点领域和薄弱环节的优质金融服务。始终保持货币政策的稳健性，更加注重做好跨周期和逆周期调节，充实货币政策工具箱。优化资金供给结构，把更多金融资源用于促进科技创新、先进制造、绿色发展和中小微企业，大力支持实施创新驱动发展战略、区域协调发展战略，确保国家粮食和能源安全等。盘活被低效占用的金融资源，提高资金使用效率。做好科技金融、绿色金融、普惠金融、养老金融、数字金融五篇大文章。要着力打造现代金融机构和市场体系，疏通资金进入实体经济的渠道。优化融资结构，更好发挥资本市场枢纽功能，推动股票发行注册制走深走实，发展多元化股权融资，大力提高上市公司质量，培育一流投资银行和投资机构。促进债券市场高质量发展。完善机构定位，支持国有大型金融机构做优做强，当好服务实体经济的主力军和维护金融稳定的压舱石，严格中小金融机构准入标准和监管要求，立足当地开展特色化经营，强化政策性金融机构职能定位，发挥保险业的经济减震器和社会稳定器功能。强化市场规则，打造规则统一、监管协同的金融市场，促进长期资本形成。健全法人治理，完善中国特色现代金融企业制度，完善国有金融资本管理，拓宽银行资本金补充渠道，做好产融风险隔离。要着力推进金融高水平开放，确保国家金融和经济安全。坚持“引进来”和“走出去”并重，稳步扩大金融领域制度型开放，提升跨境投融资便利化，吸引更多外资金融机构和长期资本来华展业兴业。增强上海国际金融中心的竞争力和影响力，巩固提升香港国际金融中心地位。会议强调，要全面加强金融监管，有效防范化解金融风险。切实提高金融监管有效性，依法将所有金融活动全部纳入监管，全面强化机构监管、行为监管、功能监管、穿透式监管、持续监管，消除监管空白和盲区，严格执法、敢于亮剑，严厉打击非法金融活动。及时处置中小金融机构风险。建立防范化解地方债务风险长效机制，建立同高质量发展相适应的政府债务管理机制，优化中央和地方政府债务结构。促进金融与房地产良性循环，健全房地产企业主体监管制度和资金监管，完善房地产金融宏观审慎管理，一视同仁满足不同所有制房地产企业合理融资需求，因城施策用好政策工具箱，更好支持刚性和改善性住房需求，加快保障性住房等“三大工程”建设，构建房地产发展新模式。维护金融市场稳健运行，规范金融市场发行和交易行为，合理引导预期，防范风险跨区域、跨市场、跨境传递共振。加强外汇市场管理，保持人民币汇率在合理均衡水平上的基本稳定。防范化解金融风险，要把握好权和责的关系，健全权责一致、激励约束相容的风险处置责任机制；把握好快和稳的关系，在稳定大局的前提下把握时度效，扎实稳妥化解风险，坚决惩治违法犯罪和腐败行为，严防道德风险；对风险早识别、早预警、早暴露、早处置，健全具有硬约束的金融风险早期纠正机制。会议指出，加强党中央对金融工作的集中统一领导，是做好金融工作的根本保证。要完善党领导金融工作的体制机制，发挥好中央金融委员会的作用，做好统筹协调把关。发挥好中央金融工作委员会的作用，切实加强金融系统党的建设。发挥好地方党委金融委员会和金融工委的作用，落实属地责任。要坚持政治过硬、能力过硬、作风过硬标准，锻造忠诚干净担当的高素质专业化金融干部人才队伍。要在金融系统大力弘扬中华优秀传统文化，坚持诚实守信、以义取利、稳健审慎、守正创新、依法合规。要加强金融法治建设，及时推进金融重点领域和新兴领域立法，为金融业发展保驾护航。会议强调，习近平总书记的重要讲话，科学回答了金融事业发展的一系列重大理论和实践问题，是习近平经济思想的重要组成部分，是马克思主义政治经济学关于金融问题的重要创新成果，为新时代新征程推动金融高质量发展提供了根本遵循和行动指南。各地区各部门要深入学习领会、自觉贯彻落实。要完善金融宏观调控，准确把握货币信贷供需规律和新特点，加强货币供应总量和结构双重调节。加强优质金融服务，扩大金融高水平开放，服务好“走出去”和“一带一路”建设，稳慎扎实推进人民币国际化。健全金融监管机制，建立健全监管责任落实和问责制度，有效防范化解重点领域金融风险。着力做好当前金融领域重点工作，加大政策实施和工作推进力度，保持流动性合理充裕、融资成本持续下降，活跃资本市场，更好支持扩大内需，促进稳外贸稳外资，加强对新科技、新赛道、新市场的金融支持，加快培育新动能新优势。会议要求，各地区各部门特别是金融系统要进一步把思想和行动统一到习近平总书记重要讲话精神和党中央决策部署上来，坚持目标导向、问题导向，全面加强党对金融工作的领导，扎实做好加强金融监管、防范化解金融风险、推动金融高质量发展等重点工作，加快建设金融强国，抓好会议精神宣传贯彻，加强金融干部人才队伍建设，确保工作部署落实落地。何立峰作总结讲话。中国人民银行、金融监管总局、中国证监会、北京市、辽宁省、湖北省、四川省负责同志作交流发言。中共中央政治局委员、中央书记处书记，全国人大常委会有关领导同志，国务委员，最高人民法院院长，全国政协有关领导同志出席会议。中央金融委员会委员，各省区市和计划单列市、新疆生产建设兵团，中央和国家机关有关部门、有关人民团体、中央军委机关有关部门，中央管理的金融机构、部分企业主要负责同志等参加会议。中央金融工作会议在北京举行,-0.4210855829344682,2023-11-02 20:33:15
中央金融工作会议在北京举行新华社北京月日电中央金融工作会议月日至日在北京举行。中共中央总书记、国家主席、中央军委主席习近平出席会议并发表重要讲话。中共中央政治局常委李强、赵乐际、王沪宁、蔡奇、丁薛祥、李希出席会议。习近平在重要讲话中总结党的十八大以来金融工作，分析金融高质量发展面临的形势，部署当前和今后一个时期的金融工作。李强对做好金融工作作了具体部署。会议强调，金融是国民经济的血脉，是国家核心竞争力的重要组成部分，要加快建设金融强国，全面加强金融监管，完善金融体制，优化金融服务，防范化解风险，坚定不移走中国特色金融发展之路，推动我国金融高质量发展，为以中国式现代化全面推进强国建设、民族复兴伟业提供有力支撑。会议指出，党的十八大以来，在党中央集中统一领导下，金融系统有力支撑经济社会发展大局，坚决打好防范化解重大风险攻坚战，为如期全面建成小康社会、实现第一个百年奋斗目标作出了重要贡献。党中央把马克思主义金融理论同当代中国具体实际相结合、同中华优秀传统文化相结合，努力把握新时代金融发展规律，持续推进我国金融事业实践创新、理论创新、制度创新，奋力开拓中国特色金融发展之路，强调必须坚持党中央对金融工作的集中统一领导，坚持以人民为中心的价值取向，坚持把金融服务实体经济作为根本宗旨，坚持把防控风险作为金融工作的永恒主题，坚持在市场化法治化轨道上推进金融创新发展，坚持深化金融供给侧结构性改革，坚持统筹金融开放和安全，坚持稳中求进工作总基调。这些实践成果、理论成果来之不易。同时要清醒看到，金融领域各种矛盾和问题相互交织、相互影响，有的还很突出，经济金融风险隐患仍然较多，金融服务实体经济的质效不高，金融乱象和腐败问题屡禁不止，金融监管和治理能力薄弱。金融系统要切实提高政治站位，胸怀“国之大者”，强化使命担当，下决心从根本上解决这些问题，以金融高质量发展助力强国建设、民族复兴伟业。会议强调，当前和今后一个时期，做好金融工作必须坚持和加强党的全面领导，以习近平新时代中国特色社会主义思想为指导，全面贯彻党的二十大精神，完整、准确、全面贯彻新发展理念，深刻把握金融工作的政治性、人民性，以加快建设金融强国为目标，以推进金融高质量发展为主题，以深化金融供给侧结构性改革为主线，以金融队伍的纯洁性、专业性、战斗力为重要支撑，以全面加强监管、防范化解风险为重点，坚持稳中求进工作总基调，统筹发展和安全，牢牢守住不发生系统性金融风险的底线，坚定不移走中国特色金融发展之路，加快建设中国特色现代金融体系，不断满足经济社会发展和人民群众日益增长的金融需求，不断开创新时代金融工作新局面。会议指出，高质量发展是全面建设社会主义现代化国家的首要任务，金融要为经济社会发展提供高质量服务。要着力营造良好的货币金融环境，切实加强对重大战略、重点领域和薄弱环节的优质金融服务。始终保持货币政策的稳健性，更加注重做好跨周期和逆周期调节，充实货币政策工具箱。优化资金供给结构，把更多金融资源用于促进科技创新、先进制造、绿色发展和中小微企业，大力支持实施创新驱动发展战略、区域协调发展战略，确保国家粮食和能源安全等。盘活被低效占用的金融资源，提高资金使用效率。做好科技金融、绿色金融、普惠金融、养老金融、数字金融五篇大文章。要着力打造现代金融机构和市场体系，疏通资金进入实体经济的渠道。优化融资结构，更好发挥资本市场枢纽功能，推动股票发行注册制走深走实，发展多元化股权融资，大力提高上市公司质量，培育一流投资银行和投资机构。促进债券市场高质量发展。完善机构定位，支持国有大型金融机构做优做强，当好服务实体经济的主力军和维护金融稳定的压舱石，严格中小金融机构准入标准和监管要求，立足当地开展特色化经营，强化政策性金融机构职能定位，发挥保险业的经济减震器和社会稳定器功能。强化市场规则，打造规则统一、监管协同的金融市场，促进长期资本形成。健全法人治理，完善中国特色现代金融企业制度，完善国有金融资本管理，拓宽银行资本金补充渠道，做好产融风险隔离。要着力推进金融高水平开放，确保国家金融和经济安全。坚持“引进来”和“走出去”并重，稳步扩大金融领域制度型开放，提升跨境投融资便利化，吸引更多外资金融机构和长期资本来华展业兴业。增强上海国际金融中心的竞争力和影响力，巩固提升香港国际金融中心地位。会议强调，要全面加强金融监管，有效防范化解金融风险。切实提高金融监管有效性，依法将所有金融活动全部纳入监管，全面强化机构监管、行为监管、功能监管、穿透式监管、持续监管，消除监管空白和盲区，严格执法、敢于亮剑，严厉打击非法金融活动。及时处置中小金融机构风险。建立防范化解地方债务风险长效机制，建立同高质量发展相适应的政府债务管理机制，优化中央和地方政府债务结构。促进金融与房地产良性循环，健全房地产企业主体监管制度和资金监管，完善房地产金融宏观审慎管理，一视同仁满足不同所有制房地产企业合理融资需求，因城施策用好政策工具箱，更好支持刚性和改善性住房需求，加快保障性住房等“三大工程”建设，构建房地产发展新模式。维护金融市场稳健运行，规范金融市场发行和交易行为，合理引导预期，防范风险跨区域、跨市场、跨境传递共振。加强外汇市场管理，保持人民币汇率在合理均衡水平上的基本稳定。防范化解金融风险，要把握好权和责的关系，健全权责一致、激励约束相容的风险处置责任机制；把握好快和稳的关系，在稳定大局的前提下把握时度效，扎实稳妥化解风险，坚决惩治违法犯罪和腐败行为，严防道德风险；对风险早识别、早预警、早暴露、早处置，健全具有硬约束的金融风险早期纠正机制。会议指出，加强党中央对金融工作的集中统一领导，是做好金融工作的根本保证。要完善党领导金融工作的体制机制，发挥好中央金融委员会的作用，做好统筹协调把关。发挥好中央金融工作委员会的作用，切实加强金融系统党的建设。发挥好地方党委金融委员会和金融工委的作用，落实属地责任。要坚持政治过硬、能力过硬、作风过硬标准，锻造忠诚干净担当的高素质专业化金融干部人才队伍。要在金融系统大力弘扬中华优秀传统文化，坚持诚实守信、以义取利、稳健审慎、守正创新、依法合规。要加强金融法治建设，及时推进金融重点领域和新兴领域立法，为金融业发展保驾护航。会议强调，习近平总书记的重要讲话，科学回答了金融事业发展的一系列重大理论和实践问题，是习近平经济思想的重要组成部分，是马克思主义政治经济学关于金融问题的重要创新成果，为新时代新征程推动金融高质量发展提供了根本遵循和行动指南。各地区各部门要深入学习领会、自觉贯彻落实。要完善金融宏观调控，准确把握货币信贷供需规律和新特点，加强货币供应总量和结构双重调节。加强优质金融服务，扩大金融高水平开放，服务好“走出去”和“一带一路”建设，稳慎扎实推进人民币国际化。健全金融监管机制，建立健全监管责任落实和问责制度，有效防范化解重点领域金融风险。着力做好当前金融领域重点工作，加大政策实施和工作推进力度，保持流动性合理充裕、融资成本持续下降，活跃资本市场，更好支持扩大内需，促进稳外贸稳外资，加强对新科技、新赛道、新市场的金融支持，加快培育新动能新优势。会议要求，各地区各部门特别是金融系统要进一步把思想和行动统一到习近平总书记重要讲话精神和党中央决策部署上来，坚持目标导向、问题导向，全面加强党对金融工作的领导，扎实做好加强金融监管、防范化解金融风险、推动金融高质量发展等重点工作，加快建设金融强国，抓好会议精神宣传贯彻，加强金融干部人才队伍建设，确保工作部署落实落地。何立峰作总结讲话。中国人民银行、金融监管总局、中国证监会、北京市、辽宁省、湖北省、四川省负责同志作交流发言。中共中央政治局委员、中央书记处书记，全国人大常委会有关领导同志，国务委员，最高人民法院院长，全国政协有关领导同志出席会议。中央金融委员会委员，各省区市和计划单列市、新疆生产建设兵团，中央和国家机关有关部门、有关人民团体、中央军委机关有关部门，中央管理的金融机构、部分企业主要负责同志等参加会议。（新华社）网页链接,0.0899055308371676,2023-11-02 22:40:29
房地产债务问题如何化解？国家金融监督管理总局：积极配合化解地方债务风险，促进金融与房地产良性循环。地方化债，目前采取的是发行特别债。房地产化债怎么处理，貌似没有一个明确的方向。靠房地产行业自身解决嘛？有问题的房企比没问题的房企多，而且没问题的房企也不见得资金特别充裕。靠地方政府解决嘛？过去一年多也的确这样搞，但地方现在也没钱了。靠中央支持？暂时也没有一个说法。反正这事让人头疼。,-0.0005504444594134,2023-11-13 08:21:26
国家金融监督管理总局：积极配合化解地方债务风险，促进金融与房地产良性循环钛媒体月日消息，月日至日，金融监管总局召开学习贯彻中央金融工作会议精神专题研讨班暨监管工作座谈会，会议强调，要坚持目标导向、问题导向，对风险早识别、早预警、早暴露、早处置，牢牢守住不发生系统性金融风险底线。深入推进中小金融机构改革转型。更好发挥保险业经济“减震器”和社会“稳定器”功能。积极配合化解地方债务风险。促进金融与房地产良性循环。大力支持超大特大城市“平急两用”公共基础设施、城中村改造、保障性住房等“三大工程”建设。,0.0017813222629286,2023-11-13 20:40:25
住建部：解决好新市民、青年人的住房问题让他们放开手脚为美好生活去奋斗；国家金融监督管理总局：积极配合化解地方债务风险促进金融与房地产良性循环。每天都有房地产利好政策，但房地产股票就是不上涨，因为房子卖不出去，房地产暴雷的风险还没有解除。股票,0.8399158414803227,2023-11-13 08:27:17
周末重磅金融监管总局发声事关地方债、房地产、超大特大城市建设会议强调，要坚持目标导向、问题导向，对风险早识别、早预警、早暴露、早处置，牢牢守住不发生系统性金融风险底线。深入推进中小金融机构改革转型。更好发挥保险业经济“减震器”和社会“稳定器”功能。积极配合化解地方债务风险。促进金融与房地产良性循环。大力支持超大特大城市“平急两用”公共基础设施、城中村改造、保障性住房等“三大工程”建设。,-0.0268346106585717,2023-11-13 08:22:44
这个周六不简单股市场再传利好而且一个比一个重磅、证监会：修订辅导规定，关键少数的“口碑声誉”纳入验收内容、沪深交易所：修订转融通指南，杜绝“高瓴”式钻空子，避免“同益中”式误读、住建部：构建房地产发展新模式，推动房地产高质量发展、国家金融监督管理总局：积极配合化解地方债务风险，促进金融与房地产良性循环、央行、外汇局最新修订持续深化外汇领域改革开放或许很多人面对利好，已经麻木了，但千万不要忽视了他们的影响力所有的利好，不仅是对现有制度的补充和完善，也是在为股的中长期走强做铺垫只有基础扎实了，未来的反转行情，才能爬的更高走的更远,-0.9581526764701256,2023-11-13 12:09:10
金融监管总局召开学习贯彻中央金融工作会议精神专题研讨班暨监管工作座谈会，会议强调，要坚持目标导向、问题导向，对风险早识别、早预警、早暴露、早处置，牢牢守住不发生系统性金融风险底线。积极配合化解地方债务风险。促进金融与房地产良性循环。大力支持超大特大城市“平急两用”公共基础设施、城中村改造、保障性住房等“三大工程”建设。网页链接,0.0330780813703643,------
国家金融监督管理总局：牢牢守住不发生系统性金融风险底线金融监管总局召开学习贯彻中央金融工作会议精神专题研讨班暨监管工作座谈会，会议强调，要坚持目标导向、问题导向，对风险早识别、早预警、早暴露、早处置，牢牢守住不发生系统性金融风险底线。深入推进中小金融机构改革转型。更好发挥保险业经济“减震器”和社会“稳定器”功能。积极配合化解地方债务风险。促进金融与房地产良性循环。大力支持超大特大城市“平急两用”公共基础设施、城中村改造、保障性住房等“三大工程”建设。会议要求，不断提升经济金融适配性，全力以赴支持中国式现代化建设。聚焦国家重大战略优化金融供给，服务建设现代化产业体系。助力实施区域协调发展战略。着力推进金融高水平开放。聚焦难点堵点提升科技金融质效，聚焦“双碳”目标健全绿色金融体系，聚焦薄弱环节加强普惠金融服务，聚焦现实需求加快发展养老金融，聚焦效能和安全促进数字金融发展，切实做好五篇大文章。,0.7957498137260438,2023-11-12 12:33:59
国家金融监督管理总局：牢牢守住不发生系统性金融风险底线月日至日，金融监管总局召开学习贯彻中央金融工作会议精神专题研讨班暨监管工作座谈会，会议强调，要坚持目标导向、问题导向，对风险早识别、早预警、早暴露、早处置，牢牢守住不发生系统性金融风险底线。深入推进中小金融机构改革转型。更好发挥保险业经济“减震器”和社会“稳定器”功能。积极配合化解地方债务风险。促进金融与房地产良性循环。大力支持超大特大城市“平急两用”公共基础设施、城中村改造、保障性住房等“三大工程”建设。,-0.0079157882875488,2023-11-12 19:05:50
国家金融监督管理总局：积极配合化解地方债务风险促进金融与房地产良性循环金融监管总局召开学习贯彻中央金融工作会议精神专题研讨班暨监管工作座谈会，会议强调，要坚持目标导向、问题导向，对风险早识别、早预警、早暴露、早处置，牢牢守住不发生系统性金融风险底线。深入推进中小金融机构改革转型。更好发挥保险业经济“减震器”和社会“稳定器”功能。积极配合化解地方债务风险。促进金融与房地产良性循环。大力支持超大特大城市“平急两用”公共基础设施、城中村改造、保障性住房等“三大工程”建设。,0.0282746678682307,------
牢牢守住不发生系统性金融风险底线，积极配合化解地方债务风险，促进金融与房地产良性循环。,1.0,2023-11-12 10:52:41
实时播报：国家金融监督管理总局：牢牢守住不发生系统性金融风险底线金融监管总局召开学习贯彻中央金融工作会议精神专题研讨班暨监管工作座谈会，会议强调，要坚持目标导向、问题导向，对风险早识别、早预警、早暴露、早处置，牢牢守住不发生系统性金融风险底线。深入推进中小金融机构改革转型。更好发挥保险业经济“减震器”和社会“稳定器”功能。积极配合化解地方债务风险。促进金融与房地产良性循环。大力支持超大特大城市“平急两用”公共基础设施、城中村改造、保障性住房等“三大工程”建设。（国家金融监督管理总局）,0.2675004282044494,------
国家金融监督管理总局：积极配合化解地方债务风险促进金融与房地产良性循环财联社月日电，金融监管总局召开学习贯彻中央金融工作会议精神专题研讨班暨监管工作座谈会，会议强调，要坚持目标导向、问题导向，对风险早识别、早预警、早暴露、早处置，牢牢守住不发生系统性金融风险底线。深入推进中小金融机构改革转型。更好发挥保险业经济“减震器”和社会“稳定器”功能。积极配合化解地方债务风险。促进金融与房地产良性循环。大力支持超大特大城市“平急两用”公共基础设施、城中村改造、保障性住房等“三大工程”建设。,-0.1619624329075142,2023-11-12 10:18:33
三部门联合要求一视同仁支持房企合理融资三部门联合召开机构座谈会，资本市场支持房企融资两大要点明确在月日中国人民银行、金融监管总局、中国证监会联合召开的金融机构座谈会上，房地产金融是会议研究的重点内容之一。会议明确，将一视同仁满足不同所有制房地产企业合理融资需求，对正常经营的房地产企业不惜贷、抽贷、断贷。同时，继续用好“第二支箭”支持民营房地产企业发债融资。支持房地产企业通过资本市场合理股权融资。第一财经记者获悉，金融管理部门将贯彻中央金融工作会议部署要求，积极支持稳妥防范化解大型房企风险，共同做好房地产企业合理融资支持和融资监管，支持促进房地产行业平稳健康发展。一视同仁满足不同所有制房地产企业合理融资需求，同时，稳妥做好房地产金融相关风险处置和违规查处。,0.0144073411115176,2023-11-19 20:03:05
三部门联合要求一视同仁支持房企合理融资三部门联合召开机构座谈会，资本市场支持房企融资两大要点明确在月日中国人民银行、金融监管总局、中国证监会联合召开的金融机构座谈会上，房地产金融是会议研究的重点内容之一。会议明确，将一视同仁满足不同所有制房地产企业合理融资需求，对正常经营的房地产企业不惜贷、抽贷、断贷。同时，继续用好“第二支箭”支持民营房地产企业发债融资。支持房地产企业通过资本市场合理股权融资。第一财经记者获悉，金融管理部门将贯彻中央金融工作会议部署要求，积极支持稳妥防范化解大型房企风险，共同做好房地产企业合理融资支持和融资监管，支持促进房地产行业平稳健康发展。一视同仁满足不同所有制房地产企业合理融资需求，同时，稳妥做好房地产金融相关风险处置和违规查处。三部门联合召开机构座谈会，资本市场支持房企融资两大要点明确,0.3466669220943667,------
中国人民银行、金融监管总局、中国证监会联合召开金融机构座谈会，要求各金融机构要深入贯彻落实中央金融工作会议部署，坚持“两个毫不动摇”，一视同仁满足不同所有制房地产企业合理融资需求，对正常经营的房地产企业不惜贷、抽贷、断贷。继续用好“第二支箭”支持民营房地产企业发债融资。支持房地产展开,-0.0661272358187567,2023-11-19 18:50:32
央行要求一视同仁满足不同所有制房地产企业合理融资需求，对正常经营的房地产企业不惜贷、抽贷、断贷。继续用好“第二支箭”支持民营房地产企业发债融资。支持房地产企业通过资本市场合理股权融资。西风凋碧树独上高楼望尽天涯明月所以指望老板降低杠杆稳健经营是不可能的，,1.0,2023-11-19 19:12:21
央行、金融监管总局、证监会联合召开金融机构座谈会。会议强调，各金融机构要深入贯彻落实中央金融工作会议部署，坚持“两个毫不动摇”，一视同仁满足不同所有制房地产企业合理融资需求，对正常经营的房地产企业不惜贷、抽贷、断贷。继续用好“第二支箭”支持民营房地产企业发债融资。支持房地产企业通展开,-0.0031599923659056,2023-11-19 19:28:10
三部门：各金融机构要深入贯彻落实中央金融工作会议部署，坚持“两个毫不动摇”，一视同仁满足不同所有制房地产企业合理融资需求，对正常经营的房地产企业不惜贷、抽贷、断贷。继续用好“第二支箭”支持民营房地产企业发债融资。支持房地产企业通过资本市场合理股权融资。要继续配合地方政府和相关部门展开,0.7885937080802237,2023-11-19 23:38:06
央行、金融监管总局、证监会联合召开金融机构座谈会。会议强调，各金融机构要深入贯彻落实中央金融工作会议部署，坚持“两个毫不动摇”，一视同仁满足不同所有制房地产企业合理融资需求，对正常经营的房地产企业不惜贷、抽贷、断贷。继续用好“第二支箭”支持民营房地产企业发债融资。支持房地产企业通过资本市场合理股权融资。要继续配合地方政府和相关部门，坚持市场化、法治化原则，加大保交楼金融支持，推动行业并购重组。要积极服务保障性住房等“三大工程”建设，加快房地产金融供给侧改革，推动构建房地产发展新模式。,-0.1778863369808412,2023-11-20 05:12:40
涉及信贷、房地产、地方债务三部委金融机构座谈会传递多个信号月日晚，中国人民银行、金融监管总局、中国证监会联合召开金融机构座谈会。会议强调，下一步，要继续加大政策落实和工作推进力度，持之以恒营造良好的货币金融环境。同时，会议还对房地产市场着墨颇多。会议指出，各金融机构要一视同仁满足不同所有制房地产企业合理融资需求，对正常经营的房地产企业不惜贷、抽贷、断贷；继续用好“第二支箭”支持民营房地产企业发债融资等。多位受访的分析人士认为，座谈会聚焦并着力解决当前金融领域面临的主要矛盾和突出问题，预计下一步有关部门将加快落实中央金融工作会议精神，稳经济政策应继续发力，必要时加大实施力度并出台新的对策措施，更有力地促进宏观经济稳定和恢复。,-0.0158556461172489,2023-11-19 21:28:49
三部门：各金融机构要深入贯彻落实中央金融工作会议部署，坚持“两个毫不动摇”，一视同仁满足不同所有制房地产企业合理融资需求，对正常经营的房地产企业不惜贷、抽贷、断贷。继续用好“第二支箭”支持民营房地产企业发债融资。支持房地产企业通过资本市场合理股权融资。要继续配合地方政府和相关部门，坚持法治化、市场化原则，加大保交楼金融支持，推动行业并购重组。要积极服务保障性住房等“三大工程”建设，加快房地产金融供给侧改革，推动构建房地产发展新模式。,0.788325804168008,2023-11-29 17:00:45
央行、金融监管总局、证监会座谈会：各金融机构要深入贯彻落实中央金融工作会议部署，坚持“两个毫不动摇”，一视同仁满足不同所有制房地产企业合理融资需求，对正常经营的房地产企业不惜贷、抽贷、断贷。继续用好“第二支箭”支持民营房地产企业发债融资。支持房地产企业通过资本市场合理股权融资。,-0.1309876880472472,2023-11-20 13:06:12
对正常经营的房企不惜贷抽贷断贷中国人民银行、金融监管总局、中国证监会联合召开金融机构座谈会会议强调，过去一段时间，金融部门积极配合行业主管部门和地方政府，从房地产市场的供需两端综合施策，保持信贷、债券、股权等重点融资渠道稳定，支持改善行业经营，优化调整个人住房贷款政策，着力稳定房地产市场，取得了良好的效果。近日金融部门和行业主管部门联合召开代表性房地产企业座谈会，调研了解行业风险化解和高质量发展的主要金融需求。各金融机构要深入贯彻落实中央金融工作会议部署，坚持“两个毫不动摇”，一视同仁满足不同所有制房地产企业合理融资需求，对正常经营的房地产企业不惜贷、抽贷、断贷。继续用好“第二支箭”支持民营房地产企业发债融资。支持房地产企业通过资本市场合理股权融资。要继续配合地方政府和相关部门，坚持法治化、市场化原则，加大保交楼金融支持，推动行业并购重组。要积极服务保障性住房等“三大工程”建设，加快房地产金融供给侧改革，推动构建房地产发展新模式。（来自华尔街见闻）,0.8003023914497759,2023-11-20 12:36:34
月日，中国人民银行、金融监管总局、中国证监会联合召开金融机构座谈会，会议强调，过去一段时间，金融部门积极配合行业主管部门和地方政府，从房地产市场的供需两端综合施策，保持信贷、债券、股权等重点融资渠道稳定，支持改善行业经营，优化调整个人住房贷款政策，着力稳定房地产市场，取得了良好的效果。近日金融部门和行业主管部门联合召开代表性房地产企业座谈会，调研了解行业风险化解和高质量发展的主要金融需求。各金融机构要深入贯彻落实中央金融工作会议部署，坚持“两个毫不动摇”，一视同仁满足不同所有制房地产企业合理融资需求，对正常经营的房地产企业不惜贷、抽贷、断贷。继续用好“第二支箭”支持民营房地产企业发债融资。支持房地产企业通过资本市场合理股权融资。要继续配合地方政府和相关部门，坚持法治化、市场化原则，加大保交楼金融支持，推动行业并购重组。要积极服务保障性住房等“三大工程”建设，加快房地产金融供给侧改革，推动构建房地产发展新模式。,0.0125964958435287,2023-11-20 11:41:02
月日，中国人民银行、金融监管总局、中国证监会联合召开金融机构座谈会，研究近期房地产金融、信贷投放、融资平台债务风险化解等重点工作。会议强调，近日金融部门和行业主管部门联合召开代表性房地产企业座谈会，调研了解行业风险化解和高质量发展的主要金融需求。各金融机构要深入贯彻落实中央金融工作会议部署，坚持“两个毫不动摇”，一视同仁满足不同所有制房地产企业合理融资需求，对正常经营的房地产企业不惜贷、抽贷、断贷。继续用好“第二支箭”支持民营房地产企业发债融资。支持房地产企业通过资本市场合理股权融资。要继续配合地方政府和相关部门，坚持法治化、市场化原则，加大保交楼金融支持，推动行业并购重组。要积极服务保障性住房等“三大工程”建设，加快房地产金融供给侧改革，推动构建房地产发展新模式。,0.2973681617341642,2023-11-19 23:17:06
三部门：一视同仁满足不同所有制房地产企业合理融资需求月日，中国人民银行、金融监管总局、中国证监会联合召开金融机构座谈会。会议强调，过去一段时间，金融部门积极配合行业主管部门和地方政府，从房地产市场的供需两端综合施策，保持信贷、债券、股权等重点融资渠道稳定，支持改善行业经营，优化调整个人住房贷款政策，着力稳定房地产市场，取得了良好的效果。近日金融部门和行业主管部门联合召开代表性房地产企业座谈会，调研了解行业风险化解和高质量发展的主要金融需求。各金融机构要深入贯彻落实中央金融工作会议部署，坚持“两个毫不动摇”，一视同仁满足不同所有制房地产企业合理融资需求，对正常经营的房地产企业不惜贷、抽贷、断贷。继续用好“第二支箭”支持民营房地产企业发债融资。支持房地产企业通过资本市场合理股权融资。要继续配合地方政府和相关部门，坚持法治化、市场化原则，加大保交楼金融支持，推动行业并购重组。要积极服务保障性住房等“三大工程”建设，加快房地产金融供给侧改革，推动构建房地产发展新模式。,-0.0115348784722499,2023-11-19 19:40:23
“一视同仁满足不同所有制房地产企业合理融资需求，对正常经营的房地产企业不惜贷、抽贷、断贷。继续用好“第二支箭”支持民营房地产企业发债融资。支持房地产企业通过资本市场合理股权融资。”,0.2281669221449557,2023-11-19 18:46:07
三部门：对正常经营的房地产企业不惜贷、抽贷、断贷，支持房地产企业通过资本市场合理融资中国人民银行、金融监管总局、中国证监会联合召开金融机构座谈会，研究近期房地产金融、信贷投放、融资平台债务风险化解等重点工作。会议强调，过去一段时间，金融部门积极配合行业主管部门和地方政府，从房地产市场的供需两端综合施策，保持信贷、债券、股权等重点融资渠道稳定，支持改善行业经营，优化调整个人住房贷款政策，着力稳定房地产市场，取得了良好的效果。近日金融部门和行业主管部门联合召开代表性房地产企业座谈会，调研了解行业风险化解和高质量发展的主要金融需求。各金融机构要深入贯彻落实中央金融工作会议部署，坚持“两个毫不动摇”，一视同仁满足不同所有制房地产企业合理融资需求，对正常经营的房地产企业不惜贷、抽贷、断贷。继续用好“第二支箭”支持民营房地产企业发债融资。支持房地产企业通过资本市场合理股权融资。要继续配合地方政府和相关部门，坚持法治化、市场化原则，加大保交楼金融支持，推动行业并购重组。要积极服务保障性住房等“三大工程”建设，加快房地产金融供给侧改革，推动构建房地产发展新模式。（财联社）,0.0346926174129923,2023-11-22 07:41:27
三部门：统筹考虑信贷投放以信贷增长稳定性促进经济稳定增长月日，中国人民银行、金融监管总局、中国证监会联合召开金融机构座谈会，研究近期房地产金融、信贷投放、融资平台债务风险化解等重点工作。中国人民银行党委书记、行长潘功胜，金融监管总局党委书记、局长李云泽，中国证监会党委委员、副主席王建军出席会议并讲话。中央金融委员会办公室副主任夏先德应邀出席会议并讲话。会议认为，下一步，要坚定信心、持续发力、久久为功，继续加大政策落实和工作推进力度，持之以恒营造良好的货币金融环境。要落实好跨周期和逆周期调节的要求，着力加强信贷均衡投放，统筹考虑今年后两个月和明年开年的信贷投放，以信贷增长的稳定性促进我国经济稳定增长。要优化资金供给结构，盘活存量金融资源，加大对重大战略、重点领域和薄弱环节的金融支持，增强金融支持实体经济的可持续性。近日金融部门和行业主管部门联合召开代表性房地产企业座谈会，调研了解行业风险化解和高质量发展的主要金融需求。各金融机构要深入贯彻落实中央金融工作会议部署，坚持“两个毫不动摇”，一视同仁满足不同所有制房地产企业合理融资需求，对正常经营的房地产企业不惜贷、抽贷、断贷。继续用好“第二支箭”支持民营房地产企业发债融资。支持房地产企业通过资本市场合理股权融资。要继续配合地方政府和相关部门，坚持法治化、市场化原则，加大保交楼金融支持，推动行业并购重组。要积极服务保障性住房等“三大工程”建设，加快房地产金融供给侧改革，推动构建房地产发展新模式。（证监会）,0.1049142000193523,2023-11-20 08:13:32
三部门：一视同仁满足不同所有制房地产企业合理融资需求中国人民银行、金融监管总局、中国证监会联合召开金融机构座谈会，研究近期房地产金融、信贷投放、融资平台债务风险化解等重点工作。会议强调，过去一段时间，金融部门积极配合行业主管部门和地方政府，从房地产市场的供需两端综合施策，保持信贷、债券、股权等重点融资渠道稳定，支持改善行业经营，优化调整个人住房贷款政策，着力稳定房地产市场，取得了良好的效果。近日金融部门和行业主管部门联合召开代表性房地产企业座谈会，调研了解行业风险化解和高质量发展的主要金融需求。各金融机构要深入贯彻落实中央金融工作会议部署，坚持“两个毫不动摇”，一视同仁满足不同所有制房地产企业合理融资需求，对正常经营的房地产企业不惜贷、抽贷、断贷。继续用好“第二支箭”支持民营房地产企业发债融资。支持房地产企业通过资本市场合理股权融资。要继续配合地方政府和相关部门，坚持法治化、市场化原则，加大保交楼金融支持，推动行业并购重组。要积极服务保障性住房等“三大工程”建设，加快房地产金融供给侧改革，推动构建房地产发展新模式。（财联社）,-0.075688019863133,2023-11-20 05:16:58
三部门：一视同仁满足不同所有制房地产企业合理融资需求中国人民银行、金融监管总局、中国证监会联合召开金融机构座谈会会议强调，过去一段时间，金融部门积极配合行业主管部门和地方政府，从房地产市场的供需两端综合施策，保持信贷、债券、股权等重点融资渠道稳定，支持改善行业经营，优化调整个人住房贷款政策，着力稳定房地产市场，取得了良好的效果。近日金融部门和行业主管部门联合召开代表性房地产企业座谈会，调研了解行业风险化解和高质量发展的主要金融需求。各金融机构要深入贯彻落实中央金融工作会议部署，坚持“两个毫不动摇”，一视同仁满足不同所有制房地产企业合理融资需求，对正常经营的房地产企业不惜贷、抽贷、断贷。继续用好“第二支箭”支持民营房地产企业发债融资。支持房地产企业通过资本市场合理股权融资。要继续配合地方政府和相关部门，坚持法治化、市场化原则，加大保交楼金融支持，推动行业并购重组。要积极服务保障性住房等“三大工程”建设，加快房地产金融供给侧改革，推动构建房地产发展新模式。,0.0149096259680874,2023-11-19 18:35:22
年月日，中国人民银行授权全国银行间同业拆借中心公布，贷款市场报价利率（）为：年期为，年期以上为。已经连续个月保持不变。年期与民间借贷利率有关，年期以上与房贷挂钩。,-0.014129228557247,2023-02-23 22:18:57
月报价出炉中国人民银行授权全国银行间同业拆借中心公布，年月日贷款市场报价利率（）为：年期为，年期以上为。以上在下一次发布之前有效。,0.0378683343971156,------
日早间新闻精选、证监会：近日，证监会启动了不动产私募投资基金试点工作。此次试点工作是证监会落实党中央和国务院有关“促进房地产业良性循环和健康发展”决策部署，健全资本市场功能，促进房地产市场盘活存量，支持私募基金行业发挥服务实体经济功能的重要举措。、工信部总工程师：将进一步加强新能源汽车政策供给，优化发展环境，编制好汽车产业绿色发展路线图，保障好关键原材料和零部件的供应，加快制定动力电池回收利用管理办法，健全回收利用体系。、证券日报：连续个月“按兵不动”，年期以上品种仍有下调空间。年月日，年期为，年期以上为，均与上月保持一致，至此，已连续六个月保持不变。专家表示，月份报价维持不变，主要与中期借贷便利等政策利率维持不变、市场利率快速上行使得银行负债成本抬升、资负两端叠加作用下净息差进一步承压等因素有关。、上观新闻：发布以来，基于指令学习技术的类模型在我国能否开发成功，成为业界关注的一个焦点。记者从复旦大学自然语言处理实验室获悉，国内第一个对话式大型语言模型已由邱锡鹏教授团队发布至公开平台，邀公众参与内测。、国家发改委：组织召开投资咨询评估工作会。家承担国家发展改革委投资咨询评估工作的咨询评估机构参加会议。投资司法规处通报了年投资咨询评估工作情况，并结合刚颁布实施的《投资咨询评估工作指引》等项制度，介绍了年工作考虑。、中国证券报：项目建设势头正酣，交通投资提速加力。眼下，大江南北，多条重大铁路项目建设势头正酣，多地铁路投资建设计划相继明确，多路资金为铁路投资提供持续保障。专家认为，铁路等传统基建投资将为经济增长提供有力支撑，预计年交通有效投资规模会继续扩大，为促进经济增长提供有力有效支持。、澎湃新闻：上周末，国内媒体爆出宁德时代正在与一些新能源车企协商一个“锂矿返利”计划。宁德时代主动降低电芯价格，让出一部分利润，换来对车企客户的进一步绑定，从而巩固市场份额。对于外界预测并担忧的国内动力电池价格战一触即发的态势，月日，国内动力电池装车前十位中的国轩高科和孚能科技两家公司却对记者表示，近期没有下调电池价格的计划。、中信证券：下调存量房贷利率虽然有助于降低居民部门负债压力、刺激消费，但客观上仍然存在银行息差压力制约和政策设计落地的挑战。我们认为，当前暂时不急于下调存量房贷利率，但也不能完全排除这一政策实施的可能性。、证券日报：工商银行、农业银行、交通银行这家国有大行月份个人消费类贷款规模同比均出现快速增长，同比分别增长、、。此外，中国银行、建设银行、邮储银行也将个人消费类贷款作为重要发力点。、上证报：从上海钢联了解到，近期云南省电解铝企业再度收到压减负荷的口头要求。当地电解铝企业要以年月限电压产初期的企业生产及用电情况为基数，压减负荷比例扩大至不等其中个别铝厂暂不要求。上海钢联了解到，当地几家铝厂已经开始落实停槽，表明云南省电力供应仍存在较大缺口。龙虎榜年月日，大智慧数据中心显示，龙虎榜中机构净买入亿元。其中，净买入的个股只，机构净买入较多个股分别是中国电信、徐工机械、神州数码等，净买入金额占当日成交额比例达、、。净卖出的个股只，机构净卖出居前个股分别为真兰仪表、智微智能、亨迪药业等，净卖出金额占当日成交额比例达、、。北向资金月日大幅净买入亿元。贵州茅台、科大讯飞、迈瑞医疗分别获净买入亿元、亿元、亿元。陕西煤业净卖出额居首，金额为亿元。环球市场美股：月日因“华盛顿诞辰纪念日”美股休市一天。原油：布伦特月原油期货结算价收涨美元，涨幅，报美元桶。机构策略国金证券表示，国内政策红利期，海外紧缩预期缓和期，双期叠加，内外共振，股市场或有望重演反转级别的行情，进击中小成长。尽管近期全球市场在紧缩预期变化之下波动有所加大，但随着美国经济持续下行和通胀回落，紧缩缓和大势所趋，这将持续成为市场交易主线。股做多窗口或延续至年一季度末和二季度初，一方面全国两会召开引领政策预期达到高潮，另一方面美联储最后一次加息或发生在月下旬或月初的议息会议。新股申购一彬科技代码，发行价元，申购上限万股，主营汽车零部件。公司公告和预警业绩和邦生物：年实现净利润亿元，同比增长康缘药业年实现净利润亿元，同比增长金洲管道：年实现净利润亿元同比下降海正生材：年净利同比增，净利润万元章源钨业：年实现净利润亿元同比增长广联达：年实现净利润亿元同比增长东鹏饮料：年净利润同比增长杭华股份：年净利同比降美迪西：年度净利润同比增长神工股份：年度净利润同比下降重大事项中矿资源：拟亿加元投建加拿大矿区万吨采选项目香山股份股价涨停公司回应市场传闻：没有接到军工资产注入通知高能环境：中标亿元武汉市环境修复项目盛帮股份：比亚迪决定选择公司作为个机型的零部件供应商东阿阿胶：董事长高登锋辞职国机汽车：子公司中标亿元项目浪潮信息：“源”与存在差距存在短期内无法大规模落地应用的风险润和软件：操作系统在技术上可以实现与人工智能聊天系统的适配佛慈制药：实际控制人筹划控制权变更股票停牌增减持日盈电子：嘉兴鼎峰拟减持不超过嘉美包装：股东合计拟减持股份不超过元隆雅图：控股股东减持万股公司股份海思科：股东拟减持不超公司股份郑州煤电：中豫信增拟减持不超过嘉泽新能：宁夏比泰拟减持不超股份可立克：控股股东及一致行动人拟合计减持不超股份金房节能：领誉基石及其一致行动人拟减持不超的股份海天瑞声：中移投资拟减持不超过公司股份圆通速递：董事兼总裁增持万股公司股份预警和邦生物：公司董事会秘书协助调查中炬高新：公司副总经理被留置调查万里股份：因未就标的公司估值等方案调整达成一致终止收购特瑞电池股权,1.0,2023-02-22 16:27:02
月维持不变：年期年期以上据人民银行官网消息，人民银行授权全国银行间同业拆借中心公布，年月日贷款市场报价利率（）为：年期为，年期以上为，均维持不变。据介绍，由各报价行按公开市场操作利率（主要指中期借贷便利利率）加点形成的方式报价，由全国银行间同业拆借中心计算得出，为银行贷款提供定价参考。目前，包括年期和年期以上两个品种。月维持不变：年期年期以上,0.0,2023-02-22 16:27:02
存量房贷利率会下调吗据中国人民银行月日消息，中国人民银行授权全国银行间同业拆借中心公布，年月日贷款市场报价利率（）为：年期为，年期以上为。均与上期相同。需要注意的是，房贷利率多为年期加基点完成。下调后，尽管房贷利率会随着下调而降低，但加基点部分并不会变化。实际上，针对存量房贷利率调降的呼吁一直集中在银行的加点部分，因为挂钩年期的部分在今年的重定价周期之后会自动下调。经历了年三次共个基点的下调后，年期已由年年底的降至。再持稳，后续调降空间仍存值得关注的是，近期出现的“提前还房贷潮”让存量房贷利率与新发房贷利率之前存在的“利差”浮出水面，调降存量房贷利率的呼声也日渐高涨。尽管本次与房贷利率挂钩的年期以上仍维持前值，但有观点认为，后续年期以上下降具有一定必要性。招联金融首席研究员、复旦大学金融研究院兼职研究员董希淼认为，适度降低存量房贷利率，有助于减轻居民住房消费负担，减少居民提前还款行为，促进房地产市场健康平稳发展。金融管理部门可以加强对商业银行的指导，通过市场利率定价自律机制引导银行降低存量房贷利率。比如，对利率过高的存量房贷利率提供额外打折或减少加点等优惠政策，逐步缩窄存量房贷与新增房贷之间的利差。王青认为，伴随银行存款利率下行，当前银行具备适度下调年期以上加点的条件。年月日起国有大行启动新一轮存款利率下调，其他银行随后跟进；整体上看，此轮存款利率下调幅度明显大于年月的首次存款利率调整。“尽管近期市场利率上升较快，结合存款利率走势来看，我们判断后期年期以上仍有一定下调空间，能否落地主要取决于楼市走向。”王青表示。不过也有专家认为，下调存量房贷利率仍面临挑战。中信证券首席经济学家明明指出，一方面，银行息差压力会制约存量房贷利率调整，下调存量房贷利率会进一步压低银行利润空间。经测算，目前存量按揭贷款利率较加点幅度高出约个基点，如果的存量按揭贷款利率下调个基点，商业银行年利息收入或将减少亿元亿元。另一方面，基于购房时间、购房地点的不同，存量房贷利率差异较大，需要制定差异化的下调政策，但在实践中容易带来套利空间，引发新的不公。“如果存量房贷利率调降，预计在方案设计上会更加灵活精准，既要精准支持还贷压力较高的群体，又要避免给银行增加过大的经营压力。”明明表示。今日灼见，房贷,0.0626772809502883,------
连续个月保持不变月出炉，年期和年期均维持不变。报价已连续个月保持不变。月日，中国人民银行授权全国银行间同业拆借中心公布，年月日贷款市场报价利率（）为：年期为，年期以上为。东方金城认为，月报价保持不变，主要原因是月操作利率不变，且近期银行边际资金成本有所上升，报价行压缩报价加点动力不足；与此同时，各方也在密切关注楼市能否随经济回升而企稳回暖。民生银行张丽云表示，首先，月平价续作，降息预期落空，使得的报价基础未发生变化；第二，银行的负债成本依然较高，下调空间受限；第三，近期银行的净息差进一步缩窄，调整的空间和动力不足。（第一财经，泽塔）,-0.0029734444417247,2023-02-21 09:22:06
央行公告：不变存量房贷利率会下调吗？“提前还房贷难”何时缓解？据中国人民银行月日消息，中国人民银行授权全国银行间同业拆借中心公布，年月日贷款市场报价利率（）为：年期为，年期以上为。均与上期相同。需要注意的是，房贷利率多为年期加基点完成。下调后，尽管房贷利率会随着下调而降低，但加基点部分并不会变化。针对提前还贷潮，人民银行、银保监会月日召开部分商业银行座谈会，要求商业银行强化以客户为中心的理念，保障客户合法权益，改进提升服务质量，按照合同约定做好客户提前还款服务工作。同时，针对部分借款人违规使用经营贷、消费贷提前还款的情况，人民银行、银保监会要求商业银行持续做好贷前贷后管理，加强风险警示；监管部门将加大检查处罚力度，及时查处违规中介并披露典型案例。房贷（每日经济新闻）,0.054887524053599,2023-02-21 09:22:06
年月日贷款市场报价利率（）为：年期为，年期以上为，均维持不变。这样看存量房额外加点取消希望渺茫了，该提前还贷就提前还贷吧，其他优质的贷款非常多，平替省利息吧。,-0.2789483421289156,------
月日晚，证监会启动了不动产私募投资基金试点工作，投资范围包括特定居住用房（包括存量商品住宅、保障性住房、市场化租赁住房）、商业经营用房、基础设施项目等。业内人士认为，不动产私募投资基金试点是“第三支箭”重要内容的响应，房企股权融资再开一扇门，将有助于房企盘活存量资产，增加融资渠道，支持房地产市场纾困。评：私募投资基金、信托投资产品，呵呵以前是，明修栈道，暗度陈仓。现在是，房地产危机爆发，管不了那么多了，弃暗度挑明了直接走栈道。从末路的实业身上已吸不到血，改吸资本市场，毕竟愿意购买基金曲线接盘的大冤种还很多。（这就是之前本博提醒大家要远离基金、理财产品的原因。）,0.5042042986556408,2023-02-20 17:44:20
年月日贷款市场报价利率（）中国人民银行授权全国银行间同业拆借中心公布，年月日贷款市场报价利率（）为：年期为，年期以上为。以上在下一次发布之前有效。,-0.7588650798312657,2023-02-20 16:14:55
证监会启动不动产私募投资基金试点启动不动产私募投资基金试点，支持不动产市场平稳发展，让印钞机的轮子多转一会。,-0.2971173083252641,2023-02-20 16:18:23
证监会启动不动产私募投资基金试点重磅利好，楼市进入了“你不买房别人买”的时代。就在昨天晚上，中国证监会宣布，启动不动产私募投资基金试点，支持不动产市场健康平稳发展。可能很多朋友不理解这是什么意思，我告诉你，这意味着我们的楼市进入了“你不买房别人买”的时代。的确，房地产再次回到支柱产业的重要地位，我们不能要求每一个人去买房，但是那些不买房的人我们可以不管他了，因为你不买房别人要买，不能因为你不买也不让别人买。,0.0,2023-02-20 17:44:20
微博股票超话今日早盘，股冲高回落，上证指数点得而复失，深证成指也于点无功而返。板块方面，房地产板块早盘放量高开，盘中一度涨逾，半日成交接近昨日全天成交。板块内绝大部分个股飘红，光大嘉宝大幅高开后秒涨停，深振业、天地源、南山控股、深深房等均高开高走。港股市场，恒展开,0.2972972972972971,------
股超话港股超话“煤飞色舞”行情爆发亿龙头突发跳水，紧急回应继昨日市场大涨后，月日股开盘情绪平淡：上证指数高开，深证成指微跌，创业板指跌。受证监会启动不动产私募投资基金试点政策影响，早盘地产股集体走强，软饮、煤炭表现居前；概念略有降温，大金融小幅回撤。在周期股的带动下，上午上证指数成功收复点。港股市场上，三大指数开盘微跌：恒指低开，恒生国企指数低开，恒生科技指数低开。盘面上，华润啤酒早盘跌超，领跌蓝筹。昨日闪崩跌超的绿新亲水胶体，今日开盘涨近。详情见网页链接,0.0119463525689395,2023-02-20 16:14:55
楼市动态楼市重磅政策月日晚上，中国证监会宣布：“启动不动产私募投资基金试点支持不动产市场平稳健康发展”。地产融资“第三支箭”再次迎来新突破。说白了就是把开发商的债务危机放到投资市场中，由投资者参与并买单未来你不买房自然有资金雄厚的人去买。开发商的房子不愁卖，房子不愁卖钱就不缺。房价会什么样？各位看官自行脑补吧。,0.055125649183043,2023-02-20 16:18:23
地产融资“第三支箭”再迎新突破月日，证监会宣布启动不动产私募投资基金试点。此次试点将发挥私募基金优势，推动房企降负债、降杠杆，补充流动性，优化资产负债表，促进房地产市场盘活存量。“这次试点，既是支持房地产市场纾困和转型发展的一次探索，也是丰富私募基金产品的一项创新。”证监会市场部相关负责人对第一财经表示，金融系统在推动房地产行业纾困，推动房地产行业从高杠杆模式向高质量发展转型方面做了很多努力，此次启动不动产私募投资基金试点，动员私募基金去收购房企短期内不能变现的资产，提供流动性，降低杠杆率，对整个行业而言，都会是很大的支持。为了地产，各个部门可是各显神通，手段齐出。地产的基本面也在悄悄的改变，地产股的机会不容忽视啊。,0.0507274598447698,2023-02-20 15:56:20
证监会启动不动产私募投资基金试点支持不动产市场平稳健康发展今日分享近日，证监会启动了不动产私募投资基金试点工作，在现有私募股权投资基金框架下，新设“不动产私募投资基金”类别。主要是支持房地产市场平稳健康发展、促进不动产市场盘活存量、转型发展等方面发挥积极作用。其中一条提到鼓励境外投资者以方式投资不动产私募投资基金。实际上，不动产私募投资基金在境外成熟市场已发展成为一个重要的投资品类，在国内也有探索。近年来，我国已有一些私募机构陆续设立投向商业地产、基础设施的私募基金并在基金业协会备案，不断探索积累不动产投资运作经验。,0.0826984521339073,2023-02-20 14:55:00
地产接盘侠，终于找到了？房地产证监会启动不动产私募投资基金试点我是雁姐的微博视频,0.0894234875810465,2023-02-23 17:58:07
证监会启动不动产私募投资基金试点什么样的标地能切成小份放进里让普通人进场玩？认真想想,-0.0724942167459956,2023-02-24 07:10:13
证监会启动不动产私募投资基金试点房住不炒,0.1148627068578154,------
“房住不炒”过时了？散户让一让欢迎大户炒房团登场证监会启动不动产私募投资基金试点十四五明确房住不炒关于不动产私募投资基金，我有一句话不知当讲不当讲？？如标题所示月日，证监会启动不动产私募投资基金试点，同时中国证券投资基金业协会发布了不动产私募展开,-0.0519964028445068,2023-02-23 23:25:22
证监会启动不动产私募投资基金试点到今天早上，宝宝两天半的成交量是亿股，均价，按亿股自由流通筹码计算是的换手率。把跟朋友讨论的内容转述如下：技术面看看日线和周线，月线，季线，中短期均线都是底部黄金交叉，一根大阳线带动了均线多头排列。自年下跌至今，通过五展开,0.0853408889764393,------
证监会启动不动产私募投资基金试点，深房理版来了？以后到底是买房还是买房产基金呢？给我的感觉是，以前房地产是块肥肉，不让有钱人碰（不让资本投资不动产），但是现在肥肉炒不熟了（需要盘活），只好把牛肉，羊肉，兔肉（存量商品住宅、保障性住房、市场化租赁住房）端到有钱人、看好楼市的投资者（甚至境外投资者）、想投资楼市的基金操盘手们面前说：来，现在你们可以用私募基金（房产类的投资基金）这双筷子来随便夹了。深房理很像是温州老太太集资代持买房的版，而现在不动产私募投资基金，又很像是深房理的版以后可能不需要直接买房，而是拿钱去买房产类基金就行了？就像炒股那样？这到底是为了房企好，保交楼好，在找接盘的人，还是为了重新加强房地产的金融属性，推高房价呢？你们怎么看？证监会启动不动产私募投资基金试点重庆楼市,-0.0335914022357207,2023-02-25 16:15:22
证监会启动不动产私募投资基金试点楼市里面赚钱越来越难了。很多人解读这个是像美国的那种房地产证券化，还有人说这是像深房理的那种炒房方式。但实际上，这个摆明了，就是给楼市，做最后接盘用的。如果说，楼市还能用过去的方式，正常发展，还需要这个私募基金吗虽然说是可以买住宅项目，但展开,0.4498641795768455,------
证监会启动不动产私募投资基金试点启动不动产投资私募基金试点，可投特定居住用房（包括存量商品住宅、保障性住房等）、商业经营用房、基础设施项目等。也网友评论：机构合规下海交易商品房的时代来了吗？也有网友表示：美国次贷危机前就是这么玩的。赵铮同志的微博视频,0.0652156922727328,2023-02-23 13:53:30
证监会启动不动产私募投资基金试点不动产私募投资基金试点启动，可以合法集资投资房地产，是不是我出一点钱，就可以合资购买一线城市的豪宅的平米产权啦？以后我成为汤臣一品的业主（之一），也不是没有可能咯？上海楼市房地产,0.141850563148479,------
证监会启动不动产私募投资基金试点坚持房炒不住,-0.0210484860242392,2023-02-23 13:26:13
城下调首套房贷利率地产的政策都是为了去库存。不动产私募新规意味着什么？不动产私募投资基金有望与公募一起推动房地产的现代化，即建设“投融管退”的通路。雨哥看盘超话证监会启动不动产私募投资基金试点,-0.059914293044836,2023-02-23 12:49:10
证监会启动不动产私募投资基金试点这个话题，居然没什么热度。是门槛太高了吗？,0.0631446804711362,------
“把简单的东西复杂化往往是骗局的开始证监会启动不动产私募投资基金试点,0.162822310029953,2023-02-22 23:13:38
证监会启动不动产私募投资基金试点把垃圾资产打包后去银行转几圈（资产证券化），由投资银行找评级单位出具虚假评级，再混合包装成优质资产卖给最后一棒。这剧情美帝演过一遍了，这万恶的资本主义。,0.0014763788744935,------
证监会启动不动产私募投资基金试点对于这条新闻，有两种截然不同的解读，一种是这个基金可以直接参与购买住宅，类似炒房团，夸张点地说“合法版深房理”；另一种解释说这个基金只能投资存量房地产项目，帮助房企纾困加快保交楼进度。在房住不炒的大前提下，前者可能性不大，后者比较符合实际。,0.0852160650400477,2023-02-24 18:37:35
证监会启动不动产私募投资基金试点既然不动产是投资品，接下来会不会取消限购,0.001885854465708,------
证监会启动不动产私募投资基金试点房地产市场再迎重磅利好。月日，证监会发文称，为进一步发挥私募基金多元化资产配置、专业投资运作优势，满足不动产领域合理融资需求，近日，证监会启动了不动产私募投资基金试点工作。证监会表示，此次试点工作是证监会落实党中央和国务院有关“促进房地产业良性循环和健康发展”决策部署，健全资本市场功能，促进房地产市场盘活存量，支持私募基金行业发挥服务实体经济功能的重要举措。,0.0012982695933951,2023-02-22 23:35:31
证监会启动不动产私募投资基金试点启动不动产私募投资基金试点，支持不动产市场平稳发展，让印钞机的轮子多转一会。,-0.2248802871572149,2023-02-22 18:58:57
房地产迎利好证监会启动不动产私募投资基金试点证监会网站月日发布消息，为进一步发挥私募基金多元化资产配置、专业投资运作优势，满足不动产领域合理融资需求，近日，证监会启动了不动产私募投资基金试点工作。此次试点工作是证监会落实党中央和国务院有关“促进房地产业良性循环和健康发展”决策部署，健全资本市场功能，促进房地产市场盘活存量，支持私募基金行业发挥服务实体经济功能的重要举措。,-0.0387901921183284,2023-02-22 22:15:11
房地产又迎利好：证监会启动不动产私募投资基金试点证监会启动不动产私募投资基金试点,0.3114862662721562,2023-02-26 10:48:32
证监会启动不动产私募投资基金试点重磅利好，楼市进入了“你不买房别人买”的时代。就在昨天晚上，中国证监会宣布，启动不动产私募投资基金试点，支持不动产市场健康平稳发展。可能很多朋友不理解这是什么意思，我告诉你，这意味着我们的楼市进入了“你不买房别人买”的时代。的确，房地产再次回到支柱产业的重要地位，我们不能要求每一个人去买房，但是那些不买房的人我们可以不管他了，因为你不买房别人要买，不能因为你不买也不让别人买。,0.0,------
证监会启动不动产私募投资基金试点等于承认房子的投资品属性，接下来意味着巨额资金袭来哪些房子是带头大哥？,0.1661884000490776,2023-02-22 11:42:43
证监会启动不动产私募投资基金试点昨晚上峰又出实质性利好，今天唯一候选股宝宝居然没开盘就板，中间还开了一次闸。过去几年见利好就出货的习惯思维还在延续中。球上明叔说这简直是为了安石度身定制的，个里面你还真找不出几家符合试点要求的。大能炒一把的只有宝宝与锦和，锦和还明显各展开,1.0,------
东方财富股票东方财富财经早餐月日周二证监会启动不动产私募投资基金试点东方财富财经早餐月日周二来自东方财富网,0.0315692048608962,2023-02-22 09:51:36
证监会启动不动产私募投资基金试点，房地产引入“活水”,-0.0127595769900247,------
重磅利好证监会重大宣布影响太大了房地产市场再迎重磅利好月日，证监会发文称，为进一步发挥私募基金多元化资产配置、专业投资运作优势，满足不动产领域合理融资需求，近日，证监会启动了不动产私募投资基金试点工作。证监会表示，此次试点工作是证监会落实党中央和国务院有关“促进房地产业良性循环和健康发展”决策部署，健全资本市场功能，促进房地产市场盘活存量，支持私募基金行业发挥服务实体经济功能的重要举措。详情见网页链接,0.0315681713974727,2023-02-22 09:05:32
地产融资“第三支箭”再迎新突破月日，证监会宣布启动不动产私募投资基金试点。此次试点将发挥私募基金优势，推动房企降负债、降杠杆，补充流动性，优化资产负债表，促进房地产市场盘活存量。“这次试点，既是支持房地产市场纾困和转型发展的一次探索，也是丰富私募基金产品的一项创新。”证监会市场部相关负责人对第一财经表示，金融系统在推动房地产行业纾困，推动房地产行业从高杠杆模式向高质量发展转型方面做了很多努力，此次启动不动产私募投资基金试点，动员私募基金去收购房企短期内不能变现的资产，提供流动性，降低杠杆率，对整个行业而言，都会是很大的支持。为了地产，各个部门可是各显神通，手段齐出。地产的基本面也在悄悄的改变，地产股的机会不容忽视啊。,0.05810022316182,------
证监会启动不动产私募投资基金试点，房地产引入“活水”又一实质举措，机构正待资金入场向房企提供资金支持，是政策端近两年释放的主要信号，如今私募投资领域也再迎政策最新“礼包”。据证监会月日官网消息，近日，证监会启动了不动产私募投资基金试点工作，在现有私募股权投资基金框架下，新设“不动产私募投资基金”类别，并采取差异化的监管政策，以期进一步发挥私募基金多元化资产配置、专业投资运作优势，满足不动产领域合理融资需求。,-0.057278308940313,2023-02-22 07:57:01
证监会启动不动产私募投资基金试点工作证监会网站月日发布消息，为进一步发挥私募基金多元化资产配置、专业投资运作优势，满足不动产领域合理融资需求，近日，证监会启动了不动产私募投资基金试点工作。此次试点工作是证监会落实党中央和国务院有关“促进房地产业良性循环和健康发展”决策部署，展开,-0.0117666743888406,------
证监会启动不动产私募投资基金试点支持不动产市场平稳健康发展今日分享近日，证监会启动了不动产私募投资基金试点工作，在现有私募股权投资基金框架下，新设“不动产私募投资基金”类别。主要是支持房地产市场平稳健康发展、促进不动产市场盘活存量、转型发展等方面发挥积极作用。其中一条提到鼓励境外投资者以方式投资不动产私募投资基金。实际上，不动产私募投资基金在境外成熟市场已发展成为一个重要的投资品类，在国内也有探索。近年来，我国已有一些私募机构陆续设立投向商业地产、基础设施的私募基金并在基金业协会备案，不断探索积累不动产投资运作经验。,0.0947179010898669,2023-02-22 02:23:21
房地产房地产迎利好，房地产开发板块开盘领涨，光大嘉宝涨停，三湘印象，世荣兆业，中交地产，中国武夷等跟涨证监会启动不动产私募投资基金试点。不动产私募投资基金试点启动，股债比放宽，扩募“松绑”,0.0315681713974727,2023-02-22 02:11:42
股票超话量价结构分析房地产板块开盘冲高光大嘉宝快速涨停光大嘉宝快速涨停，三湘印象、世荣兆业、中国武夷、中交地产、信达地产、华发股份等跟涨。消息面上，证监会启动不动产私募投资基金试点，支持不动产市场平稳健康发展。不动产私募投资基金的投资范围包括特定居住用房、商业经营用房、基础设施项目等。财经,-0.0074202414670901,2023-02-22 01:23:51
财经超话万一免五万一免五多家头部券商券商开户支持同花顺通达信港股内房股开盘活跃，祥生控股集团涨近，正荣地产、旭辉控股集团涨近，消息面上，月日，证监会启动不动产私募投资基金试点工作。,-0.0180943292545079,------
期盼已久的降息，终于来了今天早上，月的贷款市场报价利率（）发布了，年期维持的利率不变，年期降息个基点至。无论是降息方式，还是力度，都让市场略感意外。首先，这是一次在（中期借贷便利）维持利率不变的情况下的降息，非常罕见。当前最重要的政策利率是年期，一展开,0.0081087858495389,2024-02-21 16:59:42
楼市房贷利率换锚以来最大幅降息落地大部分城市首套房贷利率进入字头，楼市“小阳春”稳了？年月日，中国人民银行授权全国银行间同业拆借中心公布最新贷款市场报价利率（），年期保持不变，年期以上下调个基点，由调整至。为何非对称降息？中指研展开,0.0010615287424919,------
期盼已久的降息，终于来了今天早上，月的贷款市场报价利率（）发布了，年期维持的利率不变，年期降息个基点至。无论是降息方式，还是力度，都让市场略感意外。首先，这是一次在（中期借贷便利）维持利率不变的情况下的降息，非常罕见。当前最重要的政策利率是年期，一般在每月日发布，本月由于春节因素，是月日操作的，维持利率不变。为什么利率没有降低，而利率降低了？主要原因是本月降准落地，资金充裕，市场利率走低，给降息提供了空间。其次，这是一次“不对称降息”，年期没有降息，只给年期降息了。年期是实体经济贷款参考的基准利率；而年期，主要是给房贷定价参考的基准利率。所以，本次降息相当于给房地产行业“吃小灶”，只把利好给这个行业。第三，这是一次大力度的降息，幅度达到了个基点，相当于近年来常见降息幅度的倍左右。早些年，央行每次降息一般是个基点（再早是个基点）；采用方式后，尤其是最近两年降息幅度往往在个基点左右，甚至只有个基点。我把它比喻为“一个馒头掰几瓣”。刚刚官宣的降息，一下子降低了个基点，力度比较大。这也符合我之前的建议和预期。为什么此次降息只降低年期的，把利好主要给房地产行业？主要原因是进入年以后楼市继续降温，月成交数据非常难看。正是在这种情况下，北京、上海、深圳等城市出台了新一轮力度更大的楼市新政。春节期间，一线城市和个别二线城市成交有所回暖，但全国成交数据仍然在下滑。在这种时候，加大降息力度，给楼市送上更多温暖非常有必要。最近正在各地建立的“城市房地产融资协调机制”（项目白名单），力度非常大。目前仅六大国有银行对接的楼盘项目，就超过了万个，至少可以发放万亿以上的贷款。而年新增的开发贷，也不过多亿。当前楼市的主要问题，是需求端乏力，大家因为收入降低、收入不稳定而不敢、不愿买房。所以，未来政策的发力点应该在需求端下更大功夫。年期降息个基点，对需求端就是不错的利好。假设一个购房者贷款万元，按照年等额本息计算，如果之前买房利率是（基本上所有的城市，都允许在基准利率基础上下浮个基点），现在降低到（仍然是基准利率下浮个基点），月供可以减少元，总利息可以减少万元。对于已经在供楼的购房者来说，本次降息带来的利好，要到“下一定价日”之后才能享受。如果你选的“下一定价日”是月日，那么需要到年月日之后，才能享受到这次降息。目前公积金贷款利率是首套房（年期以上），二套房（年期以上）。随着不断降息，未来公积金贷款利率也可能会降低。本次降息官宣后，上证指数反而翻绿（到上午点半）。显示出当前市场心态仍然偏弱，说明有一些资金有“借利好兑现出货”的迹象。进入年，宏观政策有明显的“轰油门”的迹象。比如月日的降准，幅度达到了个百分点，是此前降准力度的两倍；今天的降息，也是此前降息力度的倍。这跟股市不断下跌，楼市迟迟不能回暖，有密切的关系。希望宏观政策继续发力，包括楼市的松绑力度还要加码。北京、上海、深圳要尽早取消非核心城区的限购，广州和其他城市要全面取消限购、限价、限贷等。股市上护盘的国家队，也要给予无限量流动性支持，彻底打赢这场人民币资产的保卫战。,-0.002576067307881,2024-02-21 15:45:03
钟正生：四问“非对称”降息作者：钟正生、常艺馨（钟正生系中国首席经济学家论坛理事、平安证券首席经济学家）事项：年月日，央行公布的年期报价维持不变，年期以上下调。、央行为何此时降息？）地产销售开年弱势。今年初至月日，我们统计的个样本城市新房销售面积展开,-0.0023062210173834,------
楼市小阳春要来了吗大幅下调百万房贷每月减元，楼市小阳春会来吗？据新京报：月日，年期以上正式下调，再次拉动房贷利率下降。当天上午，中国人民银行授权全国银行间同业拆借中心公布，年月日贷款市场报价利率（）为：年期贷款市场报价利率（）报；年期以上报。其中，年期以上由上期的降低为，直接下调个基点，创造了历史上有记录以来最大下调幅度。年期以上大幅度下调，对房贷利率有何影响？每月的房贷成本又能减轻多少？百万贷款每月减少约元“此次一次性下调了个基点，为历史上有记录以来最大下调幅度。”广东省规划院住房政策研究中心首席研究员李宇嘉认为：“过去最大下调也仅仅个基点。之所以大幅度下调，一方面在于楼市需求端基本面依旧疲弱，居民加杠杆购房的预期较低；另一方面，开年大幅度、一次性下调到位，避免挤牙膏，产生利率还会下调，再等等买房和贷款的市场预期，导致购买力观望。此次将红利一次性释放到位，产生明显的降成本效应，促进居民贷款买房。”“从历史上的调整来说，共有次五年期的下调，但过去下调幅度一般都在个基点进行。而此次一次性下调了个基点，属于历史上降息幅度最大的一次，这是强烈的信号。”易居研究院研究总监严跃进点评称：“降息对于房地产市场的影响积极。房地产市场当前正处于企稳复苏的阶段，但复苏过程需要巩固。降息利好资金成本的下调，直接引导房贷利率的下调，这对于房贷市场有积极影响。”具体就北京而言，去年月北京调整了住房商业贷款的利率。据机构测算，对于首套房贷，如果购买北京城六区内的住房，为当期个基点，之前为；如果购买城六区外的住房，则为当期，之前是。对于二套房贷，如果购买城六区内住房，为当期个基点，之前为；如果购买城六区外住房，则为当期个基点，之前是。而在此次下调后，如果是首套房贷，购买城六区内的住房贷款利率则降至，购买城六区外住房贷款利率则降至。如果是二套住房，购买城六区内的住房贷款利率则降至，购买城六区外住房利率则降至。那么，对于购房者来说，这次大力度降息能够减负多少呢？据测算，若按万贷款本金、年等额本息偿还方式计算，此次降息后购房者月供大约可以减少约元。“今年一次性降到位以后，后续降低的可能性不大。”李宇嘉补充说。非对称下调凸显“稳楼市”目标中泰证券首席分析师杨畅：“不同期限利率非对称下调，表明政策希望发挥作用的对象有所侧重。保持年期不变，或表明对制造业投资和消费的刺激意图相对平稳；由于年期与房地产市场的关联度相对较强，从前期来看，下调年期利率也是房地产市场需求端政策组合拳的一部分，现阶段大幅降低年期利率个基点，再结合近期围绕房地产市场密集出台了较多政策措施，充分体现了利率政策参与激活房地产市场、推动房地产市场良性循环的政策意图。”中原地产首席分析师张大伟指出：“如果说过去降息的目标是稳定经济，那么这一次单独对年期贷款利率进行降息，就是稳楼市，稳楼市才能稳经济。过去非对称降息都是只降一年期，而本次只降年期，对于楼市而言可以说是最近几年来的最大利好。”事实上，春节后，市场对于年期以上下调已有预期。从政策面来看，年伊始，央行就降准个百分点，释放长期资金超万亿元，同时，下调支农支小再贷款、再贴现利率个百分点，这些举措有利于降低金融机构的资金成本。再加上此前银行下调存款挂牌利率，商业银行负债端成本压力得到有效缓解，为进一步传导降低企业居民的信贷成本创造了有利条件。央行行长潘功胜此前在国新办发布会上表示，这些措施都将有助于推动信贷定价基准的贷款市场报价利率（）下行。需要额外补充的是，下降对于购房者来说，可以立刻享受到降息的利好。但是，对于存量房贷来说并非立即调整。一般来说，房贷利率的重新定价日是每年的月日或贷款的发放日（不同银行政策不同，用户可在签订贷款协议时进行选择），所以对于存量房贷，会在利率重定价日当天，按照最新报价利率加上合同约定的基点得出新的利率，在下一周期执行。业内：一二线城市楼市“小阳春”可期张大伟指出：“这次降息更多地影响一二线热点城市。在本次降息之前全国不少三四线城市已经出现了首套房利率普遍在，只有少数一二线城市还维持在上下。”据贝壳研究院监测的数据显示，年月百城首套主流房贷利率平均为，较上月降低（基点）；二套主流房贷利率平均为，与上月持平。其中，一线城市首套、二套房贷利率分别为、；二线城市首套利率降低至，三四线城市首套利率降低至。事实上，年月楼市表现不及预期，复苏乏力。月份，尽管作为房地产“领头羊”的一线城市调整了限购政策，降低了首付比例，但市场仍然低迷。据克而瑞数据显示，月份个重点城市新建商品住房整体成交万平方米，单月环比下降、同比下降，绝对量创年以来同期新低。“降息有利于保持房地产预期稳定，部分城市特别是一二线城市逐渐见底，市场快速企稳将是趋势，因此有望在年初再现一定范围的小阳春行情。”张大伟预计。,6.728845214676921e-05,2024-02-26 14:59:31
楼市房贷利率换锚以来最大幅降息落地大部分城市首套房贷利率进入字头，楼市“小阳春”稳了？年月日，中国人民银行授权全国银行间同业拆借中心公布最新贷款市场报价利率（），年期保持不变，年期以上下调个基点，由调整至。为何非对称降息？中指研究院市场研究总监陈文静表示，年年初，央行下调了再贷款、再贴现利率，降准个百分点，释放了约万亿元中长期低成本资金，同时，去年底主要银行也下调了中长期存款利率，这些举措有效降低了银行的中长期负债成本，一定程度助推了下行。东方金诚解读称，报价由操作利率和报价加点共同决定，其中，报价加点主要受银行资金成本变化、信贷市场供求状况和信用风险溢价等因素影响。月操作利率保持稳定，这意味着当月报价的定价基础未发生变化，但当月降准落地，释放长期资金万亿，可为银行每年节约资金成本亿左右，增加了报价行下调报价加点的动力。回溯历史，自年月报价改革以来，在操作利率不变的情况下，年月、年月年期报价和年月年期以上报价进行过三次单独下调，主要受当时降准为银行节约资金成本等因素带动。另外，年月、月国内主要银行下调存款利率，再加上央行月日下调支农支小再贷款、再贴现利率个百分点，也对近期银行资金成本的下行起到了一定推动作用。万房贷年等额本息每月少还约元对于近期有购房打算的人群来讲，此次下调，意味着可以享受个基点的利率优惠，粗算，万元的房贷、年期等额本息还款，每月按揭将可减少约元，年最多可以省下万元利息支出。不过，需要注意的是，调整后，用户的房贷利率并非立即调整。一般来说，房贷利率的重定价日是每年的月日或贷款的发放日（不同银行政策不同，用户可在签订贷款协议时进行选择）。所以，对于存量房贷来说，会在利率重定价日当天，按照最新报价利率加上合同约定的基点得出新的利率，在下一周期执行。房贷利率换锚以来最大幅度降息落地东方金诚分析，年期以上报价是个人住房贷款和企事业单位中长期贷款的定价基准，当前楼市持续低位运行，投资稳增长需求较高，较大幅度下调年期以上报价有较强的必要性。在陈文静看来，本次非对称降息也体现了央行对于房地产行业的呵护，加大楼市托底力度，释放更加积极信号有利于稳定行业信心，促进投资和住房消费，进一步促进房地产市场平稳健康发展。年期以上大幅下调，降幅为年房贷利率换锚以来的最大幅度，此次也是历史上较为罕见的在利率不变的情况下非对称降息。下调后，当前购买首套和二套房房贷利率下限分别降至（年期以上个基点）、（年期以上个基点），进一步接近历史最低点，部分城市房贷利率已降至历史最低水平。诸葛数据研究中心首席分析师王小嫱也指出，由于现在大部分城市实行减点，意味着大部分城市首套房贷利率进入字头，以一线城市首套为例，北京城六区执行加基点为；非城六区执行为。“自去年季度以来，金融监管总局频频表态也支持房地产市场，本次开年降息也在意料之中，下调幅度超预期。”王小嫱表示，虽然一线城市政策优化细则落地，但从市场端来看年月市场表现平平，新房市场供需规模双缩，二手房成交量维稳、价格持续下滑，市场并未现明显改善。本次下调惠及群体较广，进一步降低购房成本，刺激有购房需求的购房者入市。东方金诚指出，年政策面的一个重点是要推动房地产行业实现软着陆，其中适度降低居民房贷利率是关键一招。东方金诚预计，今年除了作为居民房贷利率定价基础的年期以上报价会持续下调外，监管层还将通过下调首套房贷和二套房贷利率下限等方式，推动居民房贷利率下行。这在近期京、沪楼市新政以及此前央行和金融监管总局发布的《关于调整优化差别化住房信贷政策的通知》中已有所体现。楼市“小阳春”稳了？陈文静分析，当前行业调整态势未改，多项政策叠加有望助推市场情绪修复，预计将进一步巩固“小阳春”市场行情。年以来，房地产行业供需两端政策持续落地，需求端，春节前，一线城市接连放松限购政策，信号意义明显，意味着年楼市政策整体仍处于宽松阶段，更多城市将结合自身情况及时优化调整相关政策。供给端，月地方房地产融资协调机制加快建立，各地积极上报融资支持项目白名单，银行金融机构也积极对接，根据五大国有银行最新披露，其对接的房地产融资白名单项目已超过个。项目资金逐渐到位，一方面力促“保交付”，另一方面也有利于稳定企业预期，进一步稳定购房者信心。除此之外，今年以来，三大工程建设也在持续推进，北京、上海、广州、深圳、福州等地陆续公布年度或首批配售型保障房建设规模，合肥、广州、南宁等地公布首轮城中村改造计划，广州发放了第二批房票，对稳投资、促需求均将产生积极影响。从市场情况来看，受春节假期影响，今年以来供需两端政策落地的政策效果尚不明显，根据中指监测数据，年春节假期期间（），个代表城市新房日均成交面积较上年春节假期（）下降约，新房市场表现较为平淡。春节后，居民工作、购房置业逐渐进入正轨，一线及核心二线等前期出台政策的城市，政策效果有望进一步显现。本次年期以上大幅下调后，购房者置业成本下降，有望强化核心城市政策效果，“小阳春”行情或逐渐开启。但值得关注的是，去年同期高基数效应逐渐显现，接下来个月，不管是新房还是二手房销售规模同比表现或整体偏弱。,0.6670182304433342,2024-02-23 17:32:21
楼市小阳春要来了吗大幅下调百万房贷每月减元，楼市小阳春会来吗？据新京报：月日，年期以上正式下调，再次拉动房贷利率下降。当天上午，中国人民银行授权全国银行间同业拆借中心公布，年月日贷款市场报价利率（）为：年期贷款市场报价利率（）报；年期以上报。其中，年期以上由上期的降低为，直接下调个基点，创造了历史上有记录以来最大下调幅度。年期以上大幅度下调，对房贷利率有何影响？每月的房贷成本又能减轻多少？百万贷款每月减少约元“此次一次性下调了个基点，为历史上有记录以来最大下调幅度。”广东省规划院住房政策研究中心首席研究员李宇嘉认为：“过去最大下调也仅仅个基点。之所以大幅度下调，一方面在于楼市需求端基本面依旧疲弱，居民加杠杆购房的预期较低；另一方面，开年大幅度、一次性下调到位，避免挤牙膏，产生利率还会下调，再等等买房和贷款的市场预期，导致购买力观望。此次将红利一次性释放到位，产生明显的降成本效应，促进居民贷款买房。”“从历史上的调整来说，共有次五年期的下调，但过去下调幅度一般都在个基点进行。而此次一次性下调了个基点，属于历史上降息幅度最大的一次，这是强烈的信号。”易居研究院研究总监严跃进点评称：“降息对于房地产市场的影响积极。房地产市场当前正处于企稳复苏的阶段，但复苏过程需要巩固。降息利好资金成本的下调，直接引导房贷利率的下调，这对于房贷市场有积极影响。”具体就北京而言，去年月北京调整了住房商业贷款的利率。据机构测算，对于首套房贷，如果购买北京城六区内的住房，为当期个基点，之前为；如果购买城六区外的住房，则为当期，之前是。对于二套房贷，如果购买城六区内住房，为当期个基点，之前为；如果购买城六区外住房，则为当期个基点，之前是。而在此次下调后，如果是首套房贷，购买城六区内的住房贷款利率则降至，购买城六区外住房贷款利率则降至。如果是二套住房，购买城六区内的住房贷款利率则降至，购买城六区外住房利率则降至。那么，对于购房者来说，这次大力度降息能够减负多少呢？据测算，若按万贷款本金、年等额本息偿还方式计算，此次降息后购房者月供大约可以减少约元。“今年一次性降到位以后，后续降低的可能性不大。”李宇嘉补充说。非对称下调凸显“稳楼市”目标中泰证券首席分析师杨畅：“不同期限利率非对称下调，表明政策希望发挥作用的对象有所侧重。保持年期不变，或表明对制造业投资和消费的刺激意图相对平稳；由于年期与房地产市场的关联度相对较强，从前期来看，下调年期利率也是房地产市场需求端政策组合拳的一部分，现阶段大幅降低年期利率个基点，再结合近期围绕房地产市场密集出台了较多政策措施，充分体现了利率政策参与激活房地产市场、推动房地产市场良性循环的政策意图。”中原地产首席分析师张大伟指出：“如果说过去降息的目标是稳定经济，那么这一次单独对年期贷款利率进行降息，就是稳楼市，稳楼市才能稳经济。过去非对称降息都是只降一年期，而本次只降年期，对于楼市而言可以说是最近几年来的最大利好。”事实上，春节后，市场对于年期以上下调已有预期。从政策面来看，年伊始，央行就降准个百分点，释放长期资金超万亿元，同时，下调支农支小再贷款、再贴现利率个百分点，这些举措有利于降低金融机构的资金成本。再加上此前银行下调存款挂牌利率，商业银行负债端成本压力得到有效缓解，为进一步传导降低企业居民的信贷成本创造了有利条件。央行行长潘功胜此前在国新办发布会上表示，这些措施都将有助于推动信贷定价基准的贷款市场报价利率（）下行。需要额外补充的是，下降对于购房者来说，可以立刻享受到降息的利好。但是，对于存量房贷来说并非立即调整。一般来说，房贷利率的重新定价日是每年的月日或贷款的发放日（不同银行政策不同，用户可在签订贷款协议时进行选择），所以对于存量房贷，会在利率重定价日当天，按照最新报价利率加上合同约定的基点得出新的利率，在下一周期执行。业内：一二线城市楼市“小阳春”可期张大伟指出：“这次降息更多地影响一二线热点城市。在本次降息之前全国不少三四线城市已经出现了首套房利率普遍在，只有少数一二线城市还维持在上下。”据贝壳研究院监测的数据显示，年月百城首套主流房贷利率平均为，较上月降低（基点）；二套主流房贷利率平均为，与上月持平。其中，一线城市首套、二套房贷利率分别为、；二线城市首套利率降低至，三四线城市首套利率降低至。事实上，年月楼市表现不及预期，复苏乏力。月份，尽管作为房地产“领头羊”的一线城市调整了限购政策，降低了首付比例，但市场仍然低迷。据克而瑞数据显示，月份个重点城市新建商品住房整体成交万平方米，单月环比下降、同比下降，绝对量创年以来同期新低。“降息有利于保持房地产预期稳定，部分城市特别是一二线城市逐渐见底，市场快速企稳将是趋势，因此有望在年初再现一定范围的小阳春行情。”张大伟预计。专家称现在不买房五年又白忙,1.0,2024-02-23 17:24:40
、央行今日进行亿元天期逆回购操作，中标利率为，与此前持平；、进行亿元年期操作，中标利率为，与此前持平。月日，人民银行下调金融机构存款准备金率个百分点，释放长期资金约万亿元。央行主管的《金融时报》指出，结合央行前期对外表态释放的信号，有分析师认为展开,-0.0306353928347447,2024-02-23 17:18:57
钟正生：四问“非对称”降息作者：钟正生、常艺馨（钟正生系中国首席经济学家论坛理事、平安证券首席经济学家）事项：年月日，央行公布的年期报价维持不变，年期以上下调。、央行为何此时降息？）地产销售开年弱势。今年初至月日，我们统计的个样本城市新房销售面积较去年同期回落；克而瑞统计的月百强房企销售操盘金额同比降。春节假期国内出行火热、消费量增，新房销售却不尽如人意，正月初一至初十的商品房销售农历同比增速为，四五线城市返乡置业“缺席”形成拖累。）实际利率升至潜在增速附近。尽管年四季度一般贷款、个人按揭贷款名义利率均降至历史低位，但经通胀调整的实际利率水平仍然较高。年月同比增速为，较上月回落个百分点，意味着的一般贷款名义利率将对应的实际利率，或已超出当前中国潜在增速，不利于内生融资需求的充分释放。、如何平衡降息与银行息差？年二季度货币政策执行报告中，专栏为“合理看待我国商业银行利润水平”。可见，保持商业银行净息差基本稳定，已成为降息的一项考量。本次报价下调之前，“稳息差”已有铺垫。）降低银行计息负债成本。一方面，存款利率下调。年月下旬，国有大行率先调降挂牌存款利率，股份行、城农商行陆续跟进。另一方面，存单利率回落。去年月中旬，年期股份行同业存单发行利率一度接近高位。跨年后央行流动性投放力度较大，资金利率向政策利率回归，同业存单发行利率逐步降至年期利率之下，截止月日最新数据为，客观上也有助于降低商业银行负债成本。）降准和结构性工具支持。央行今年月下旬调降支农支小再贷款和再贴现利率，月初降准，去年四季度下调利率（详见结构性工具情况表），我们测算，分别节约商业银行年化资金成本亿元、亿元和亿元，三项政策合计约可提振商业银行净息差。、为何更大幅度调降年期？本次年期报价下调，为历史最大幅度调整，一年期却持平于此前。这既是“稳息差”约束下的腾挪平衡，又暗含“曲线平坦化”的政策诉求。一方面，着眼于中长期，更大力度支持重点项目的融资需求。注意到，地方专项债的剩余平均年限已从年末的年升至年末的年，体现重点项目的融资和偿还久期明显拉长。另一方面，维持短端利率在合理水平，也有“防空转”的政策意图。在期限利差较大的情形下，无论是非银机构还是优质企业，都存在以短期低息借款套取中长期高息收益的可能性，或削弱金融对实体经济的支持力度。详情链接：钟正生：四问“非对称”降息,-0.0862253418101369,2024-02-20 23:57:39
月非对称降息：年期以上降个基点年期不变网页链接月非对称降息：年期以上降个基点年期不变澎湃新闻贷款市场报价利率（）迎来年首度下调，年期以上品种大幅下降个基点，年期品种保持不变。中国人民银行授权全国银行间同业拆借中心公布，年月日贷款市场报价利率（）为：年期为，保持不变，年期以上为，下调个基点。上一次调整要追溯到年月，当时年期下调个基点，年期以上按兵不动。年全年，年期累计下调个基点，年期以上下调幅度为个基点。尽管作为中期政策利率的利率在月保持不变，但市场对本月下调存在较强预期。年伊始，央行降准个百分点，释放长期资金超万亿元，同时，下调支农支小再贷款、再贴现利率个百分点，这些举措有利于降低金融机构的资金成本。再加上此前银行下调存款挂牌利率，商业银行负债端成本压力得到有效缓解，为进一步传导降低企业居民的信贷成本创造了有利条件。,-0.0067400233114946,------
、央行今日进行亿元天期逆回购操作，中标利率为，与此前持平；、进行亿元年期操作，中标利率为，与此前持平。月日，人民银行下调金融机构存款准备金率个百分点，释放长期资金约万亿元。央行主管的《金融时报》指出，结合央行前期对外表态释放的信号，有分析师认为，连续超额续作，银行体系流动性合理充裕，作为贷款市场基准利率的还可能下行，年期以上下降可能性更大。年四季度以来，央行通过净投放资金超万亿元，充分满足了金融机构流动性需求。利率通过公开招标形成，本月利率保持不变，同业存单利率等市场利率也较为平稳，表明利率稳定基本符合市场预期。也要看到，历史上有过利率不变但下降的先例，报价行会根据资金成本、市场供求和风险溢价等因素下调报价。月报价或将单独下调浙商证券认为，短期看，受汇率压力的掣肘，全面降息即降低逆回购、利率的概率不高，尤其是在央行近期刚实施“定向降息”的情况下。视线拉长至上半年维度，即相对较长的时间维度内，仍有降息概率，判断逆回购、利率是否降息核心关注走势，若其持续、大幅低于天逆回购利率，则有降息概率。从银行报价的角度，在当前“市场利率央行引导贷款利率”的机制下，全面降准定向降息有助于推动下行，预计月下降的概率大，并进一步传导至实体部门融资成本的降低。民生银行首席经济学家温彬表示，在降准释放万亿元流动性、定向降息以及前期存款利率调降的合力作用下，月份（贷款市场报价利率）调降的概率加大，推动融资成本稳中有降。在总需求磨底阶段，出于逆周期调节，下调（中期借贷便利）利率的可能性也依然存在，但何时调降尚存不确定性。传了好久的降息，终于要落地了？,0.0130735131410729,2024-02-23 17:13:03
央行降准降息会如何影响市场？央行如期下调存款准备金率个百分点，向市场提供长期流动性约万亿元。对于此次降准，多家券商表示，本次降准幅度较大、力度较大、释放资金体量也较大，均超出市场预期，传递了积极信号，提振了当前偏弱的市场信心，同时也为春节提供了流动性支撑。展开,-0.0126130173735017,2024-02-26 16:54:45
近日（月日），从国家开发银行获悉，截至月日，该行已发放城中村改造专项借款亿元。据介绍，已发放的专项借款涉及北京、上海、广州、武汉等个城市的个项目，惠及城中村居民约万户，支持建设安置房万套。城中村改造乡村振兴,0.0215564092367319,2024-03-11 10:24:27
房地产粤港澳大湾区资讯粤港澳大湾区每日地产资讯（）住建部部长倪虹：有力有序推行现房销售，下力气建设好房子最高法：明确老旧小区加装电梯规则并保护超龄劳动者权益国开行：发放亿元专项借款，助力全国城城中村改造广州：部分银行实施新政策，长租或挂牌出售房产可核减限贷套数佛山：允许新建商品房“带押过户”贵阳：公积金异地贷款政策再优化，取消异地户籍限制，购买一二手房均可贷款深圳坪山、龙岗和罗湖区城市更新动态惠州出让宗土地大湾区城中珠海、广州、惠州、深圳新增个项目取证深圳近期部分项目销售动态,0.0216034438155645,------
目前，国开行正在按照在广州召开的服务“三大工程”现场推动会的工作部署，全力以赴推进服务保障性住房建设和城中村改造工作取得扎实新成效。截至月日，国开行已发放城中村改造专项借款亿元，涉及北京、上海、广州、武汉等个城市的个项目，惠及城中村居民约万户，支持建设安置房万套。,-0.0275125166898089,2024-03-11 09:58:20
国开行已发放城中村改造专项借款亿元涉及个项目财联社月日电，国家开发银行全力以赴推进服务保障性住房建设和城中村改造工作，取得扎实新成效。截至月日，国开行已发放城中村改造专项借款亿元，涉及北京、上海、广州、武汉等个城市的个项目，惠及城中村居民约万户，支持建设安置房万套。上证报,0.0833156006409655,------
据仓山区自然资源和规划局对外透露，目前福州市个城中村改造项目获得国家开发银行城中村改造专项借款授信亿元。其中，仓山区高宅片区城中村亿元改造项目合同已签订，并完成首笔贷款发放。,-0.1977655376782249,2024-03-08 20:24:46
日前，福州市个城中村改造项目获得国家开发银行城中村改造专项借款授信亿元其中，仓山区高宅片区城中村亿元改造项目合同已签订并完成首笔贷款发放。,0.0540890128477003,------
按照政策，凡是省会城市或城区常住人口超过万的城市，省会城市或城区常住人口超过万的城市。按照相关指标推算，纳入城中村改造、保障房建设的城市分别是个、个。广州市个城中村改造项目获得国家开发银行、农业发展银行首批城中村改造专项借款授信亿元，首笔发放亿元。合肥市包河区周谷堆片区等个城中村改造项目全部通过住建部审查，获得国家开发银行、中国农业发展银行首批城中村改造专项借款授信亿元，已签订借款合同亿元。郑州市申报首批城中村改造专项借款的个项目全部通过住建部审批，年计划发放额度亿元。发放当天，国家开发银行河南分行、中国农业发展银行河南省分行已向航空港区、惠济区放款亿元。济南也获得了首批城中村改造专项借款授信亿元，已发放款项亿元。,-0.0332782892518229,2024-03-08 17:02:48
各地加速推进城中村改造专项贷款城获授信额度超万亿财联社月日讯（记者王海春）各地城中村改造专项贷款相关事宜，正在加速推进。据深圳当地媒体报道，日前深圳大鹏新区白石岗片区城中村改造项目获得国开银深圳市分行专项贷款支持，成功发放首笔借款。据悉，该笔贷款是深圳发放的首笔超大特大城市城中村改造项目专项贷款，将全部用于白石岗项目前期工作、征收补偿安置、安置住房建设以及安置住房小区的配套基础设施建设等。而在月日，上海首单城中村改造专项借款落地，规模亿元。国开行上海市分行向上海金桥集团有限公司发放首笔城中村改造专项借款，用于浦东新区唐镇小湾村、暮二村等地块城中村改造项目的前期工作和征收补偿。在此之前，广州、郑州、青岛、济南、合肥、沈阳、石家庄等地，先后公布了城中村改造借款最新进展。,0.0878141712977919,------
深圳城中村改造新玩法改造资金来自哪里？放水又一凭证。以前是房企申请贷款，现在的新模式城投牵头，央企代建，向国家开发银行申请专项贷款，然后深圳市分行批复专款支持。如今，深圳已成功发放首笔城中村改造借款。该笔借款要专款专用，首个落地项目为大鹏新区白石岗项目前期工作、征收补偿安置、展开,-0.0425421816167804,2024-03-08 13:29:53
农文旅产业振兴研究院中关村物联网产业联盟高质量发展专精特新企业高质量发展促进工程城中村改造农村金融时报多个城中村改造项目获得专项借款在接受《农村金融时报》记者采访时表示，城中村改造，既是一项保障民生的托底工程，也是一项提升品质的发展工程。城中村改造专项借款的落地不仅有效缓解项目改造建设资金压力，也为改善城市空间结构、优化产业布局、改善民生和扩大内需注入了强劲动力。国家开发银行和农发行的相关分行在发放城中村改造专项借款时，需要进行严格的项目评估和风险控制。这包括：评估项目的可行性、预期收益、还款来源等，确保资金的安全性与合规性。针对不同城中村改造项目的特点和需求，国家开发银行和农发行的相关分行可以设计定制化的金融产品。比如：提供不同期限、利率和还款方式的贷款，以满足项目方的具体需求。链接地址：多个城中村改造项目获得专项借款,0.1350841508613679,2024-03-07 20:37:08
亿元，全国超大特大城市城中村改造专项借款在上海首单落地月日，国家开发银行上海市分行向上海金桥（集团）有限公司发放首笔城中村改造专项借款亿元，用于浦东新区唐镇小湾村、暮二村等地块城中村改造项目前期工作、征收补偿等，该项目列入住建部年城中村改造专项借款项目清单。展开,0.0266518525504745,2024-03-07 19:50:34
上海首单城中村改造专项借款落地，规模亿元月日，国家开发银行上海市分行向上海金桥（集团）有限公司发放首笔城中村改造专项借款亿元，用于浦东新区唐镇小湾村、暮二村等地块城中村改造项目前期工作、征收补偿等，该项目列入住建部年城中村改造专项借款项目清单。（上观新闻）,0.1529234292126991,2024-03-09 14:13:38
全国首批城中村改造专项借款成功落地西安据西安市住房和城乡建设局官方微信公众号“西安住建”日消息，月日，西安市高新区、浐灞生态区个城中村改造项目获得国家开发银行陕西省分行全国首批城中村改造专项借款亿元。此次全国首批城中村改造亿元专项借款的发放，标志着西安市新城中村改造工作实现良好开局。新闻发布会超话,0.0321754270420564,------
亿元国家首批城中村改造专项借款落地郑州月日，国家首批城中村改造专项借款发放，郑州市申报首批城中村改造专项借款的个项目全部通过住建部审批，年计划发放额度亿元。发放当天，国家开发银行河南分行、中国农业发展银行河南省分行已向航空港区、惠济区放款亿元，用于项目前期工作、征收补偿、安置房和配套基础设施建设等。城中村改造是加快建设宜居、韧性、智慧的现代化城市的重要依托，也是满足人民群众对美好城市生活全新期待的实践路径。年月，国务院办公厅印发《关于在超大特大城市积极稳步推进城中村改造的指导意见》，郑州被列入个国家政策支持的试点城市之一。以此为契机，郑州市结合安置房建设和城市更新工作，制定了积极稳步推进城中村改造实施方案，以及历史文化传承保护方案、优化提升规划设计政策措施等，为城中村改造工作提供了有力政策支撑。年月，郑州市个城中村改造项目集中开工，总投资约亿元。改造重点是“消化存量、控制增量”，对于已拆迁项目，在加快建设改造进度的同时，积极采取“建设租赁购买”及货币化组合安置方式，确保尽快实现首套房未回迁群众户均套安置住房。对于尚未拆迁的村庄，坚持“非必要不拆迁”，以整治提升为主，确需拆除新建的，坚持规划先行、依法征收，先谋后动、动则必快、动则必成，确保把好事办好、实事办实。省住房城乡建设厅相关负责人表示，此次城中村改造专项借款资金到位后，将积极加强对郑州市城中村改造工作的调度指导，快速审批、拨付，迅速转化为有效投资，助推城中村改造工作提速增效。（来源：河南日报客户端）,-1.0,2024-03-07 09:17:08
亿元国家首批城中村改造专项借款落地郑州月日，国家首批城中村改造专项借款发放，郑州市申报首批城中村改造专项借款的个项目全部通过住建部审批，年计划发放额度亿元。发放当天，国家开发银行河南分行、中国农业发展银行河南省分行已向航空港区、惠济区放款亿元，用于项目前期工作、征收补偿、安置房和配套基础设施建设等。,0.0310031425717656,------
实时快报：亿元国家首批城中村改造专项借款落地郑州云财经讯，月日，国家首批城中村改造专项借款发放。郑州市的个项目已通过住建部审批，计划在年发放总额为亿元的借款。发放当天，国家开发银行河南分行和中国农业发展银行河南省分行已向航空港区和惠济区放款亿元，用于项目前期工作、征收补偿、安置房和配套基础设施建设等。,0.0182928514250041,2024-03-03 11:04:01
亿元国家首批城中村改造专项借款落地郑州财联社月日电，国家首批城中村改造专项借款月日发放，郑州市申报首批城中村改造专项借款的个项目全部通过住建部审批，年计划发放额度亿元。发放当天，国家开发银行河南分行、中国农业发展银行河南省分行已向航空港区、惠济区放款亿元，用于项目前期工作、征收补偿、安置房和配套基础设施建设等。河南日报,0.0226973849421554,------
首批城中村改造项目专项借款发放据国家开发银行、中国农业发展银行，首批城中村改造项目专项借款，月日起陆续在广州、郑州等城市发放，涉及项目超过个。（中国建设报）网页链接,0.1345806931040979,2024-02-29 20:30:05
今天住建部召开城市房地产融资协调机制部署会，要求月底前，首批房地产项目名单将落地并争取贷款。这不是新的消息，是月初《金融监管总局关于建立城市房地产融资协调机制的通知》就提出的要求。注意是“房地产项目”名单，而不是房企名单，延续了年救项目不救企业是房地产基金底线原则，救项目不救房企。,1.0,2024-01-26 23:08:57
住建部：充分赋予城市房地产调控自主权推动融资协调机制落地住建部：充分赋予城市房地产调控自主权推动融资协调机制落地房地产融资端和需求端再出支持性政策。住建部和金融监管总局联合发文建立城市房地产融资协调机制后，月日，住建部在北京召开城市房地产融资协调机制部署会，推动落实这一机制在各地落地。据财新了解，除了金融监管部门人员出席外，另有个重点城市相关部门分管人员参会。一名接近住建部的人士向财新表示，协调机制的建立主要为改善房企融资环境，此次会议主要是“把责任压实到城市”，针对一些“保交楼”资金有困难、短期内因市场环境变化而遇到资金问题、融资难导致交付有压力等项目，“政府列名单、金融机构给支持”。,0.0684246581170968,2024-01-26 21:42:25
月日，国家金融监督管理总局召开会议部署落实城市房地产融资协调机制相关工作。会议强调，金融机构要高度重视，加强组织领导，建立内部机制，明确工作规则。对符合授信条件的项目，要建立授信绿色通道，优化审批流程、缩短审批时限，积极满足合理融资需求。对开发建设暂时遇到困难但资金基本能够平衡的项目，不盲目抽贷、断贷、压贷，通过存量贷款展期、调整还款安排、新增贷款等方式予以支持。同时，金融机构要加强资金封闭管理，严防信贷资金被挪用。会议要求，各监管局要积极参与协调机制，主动配合地方政府和住建部门，稳妥有序开展相关工作，共同推动协调机制落地见效，促进房地产市场平稳健康发展。,-0.6375874613747428,2024-01-26 22:23:47
东方财富股票利好来袭金融监管总局最新发声事关房地产融资月日，金融监管总局召开会议，部署推动落实城市房地产融资协调机制相关工作。利好来袭金融监管总局最新发声事关房地产融资来自东方财富网,0.0461697828358022,2024-01-27 03:08:04
两部门放大招，全面推进房产“带押过户”，释放什么信号？房地产带押过户北京正式启动存量住房交易带押过户刘光宇的微博视频,0.0154079414708719,2023-04-02 22:41:47
目前我国家庭户人均居住面积达平方米，平均每户住房间数为间，平均每户居住面积达到平方米。这一数据涵盖城乡，其中城市家庭人均居住面积为平方米。城市家庭户均居住面积平方米你家达到了吗？中国目前城镇住房套户比为，一线、二线、三四线城市分别为、、，可以告诉大家的是中国现在肯定不缺房子了，但是现在和未来还是会缺高品质的花园式小区房，因为大家都想住好的中国以后会越来越发达，所以新建小区的品质会越来越精美，在人口下滑的情况下，如果你现在购买老破小，我觉得是有风险的。反正我是建议大家购买那些小区环境、户型设计、面积大小都比较合适的房子，而且价格也能太贵，位置可以偏一些，但是周边环境就算不发达，那一定得优美才可以。比如可以去郊区的湖边、河边、大公园边淘下宝房地产我国将全面推进房产带押过户,0.4358381754684732,------
购房新政，房产“带押过户”有好处，也有风险购房新政，房产可以“带押过户”了，该模式是对《民法典》第四百零六条规定的落地和实施。根据该规定，“抵押期间，抵押人可以转让抵押财产。当事人另有约定的，按照其约定。抵押财产转让的，抵押权不受影响。”带押过户的模式，好处是缩短了房产交易流程，买家不用担心买了带抵押的房子无法过户了，卖家不用担心先凑钱还贷后卖房，银行也不用担心借款人还不了钱。但是，这个模式刚刚实施，实践操作还不那么完善，可能存在以下风险：、原贷款银行、新贷款银行、公积金中心、房管局等多方的配合才能实现，需要跨行合作互认、多部门合作。、目前旧贷与新贷之间不能使用公积金贷款，只能是商业贷款。、产权过户后，发现原产权存在争议，导致新贷落空等。因此“带押过户”虽然便捷，但是购房人在购房之前还是有必要调查了解房屋产权是否存在查封等纠纷情况，避免不必要的麻烦。,-0.0141436053638884,2023-04-02 22:32:23
成都买房超话全面推行带押过户的影响,0.1322455216439414,------
银行允许带押过户，有利于二手房产交易，市场损失一笔过桥费，中介公司想哭。,0.2147113706167011,2023-04-05 18:10:25
深圳楼市房地产带押过户最新明确我国将全面推进房产“带押过户”模式日，自然资源部、中国银保监会印发《关于协同做好不动产“带押过户”便民利企服务的通知》，对协同做好不动产“带押过户”作出全面部署。不动产“带押过户”是指，已经抵押的不动产买卖转移时，不需要提前归还旧贷款、注销抵押权，即可完成过户、再次抵押和发放新贷款等手续，实现不动产登记和抵押贷款的有效衔接。两部门明确，各地要在已有工作的基础上，以“三个拓展”全面推进“带押过户”：推动省会城市、计划单列市率先实现，并逐步向其他市县拓展；推动同一银行业金融机构率先实现，并逐步向跨银行业金融机构拓展；推动住宅类不动产率先实现，并逐步向工业、商业等类型不动产拓展，最终实现地域范围、金融机构和不动产类型“带押过户”全覆盖。两部门要求各地结合本地实际，确定适宜的办理模式。尤其是买卖双方涉及不同贷款方的业务，鼓励各地积极引入预告登记，防止“一房二卖”，防范抵押权悬空等风险，维护各方当事人合法权益，保障金融安全。北京已启动存量住房交易“带押过户”模式据了解，目前，全国共有个省份多个地市开展了不动产“带押过户”，共办理业务万多笔。今天（日），北京银保监局、人民银行营业管理部、北京市规划和自然资源委、北京市住房和城乡建设委联合发布通知，正式在北京市启动存量住房“带押过户”模式。通知明确，从月日起，居民出售在京住房，买卖双方可以在原按揭贷款抵押权不解除的情况下办理住房所有权转移登记，以切实提升居民住房交易、登记和金融服务水平。据介绍，北京的二手房交易要想实现“带押过户”，必须满足四方面的条件。首先必须是个人名下的住房，其次是交易的房产当前在北京的银行仅存在一次有效抵押，不存在被多次抵押的情况；此外，要求卖方还没有结清的贷款为个人住房商业贷款，如果是组合贷的话，其中的公积金贷款必须是已经结清。最后要求买方是全款买房或者是申请个人住房商业贷款购房。以上内容来源：央视新闻微信公众号。据了解深圳“带押过户”必须满足四个条件房子是个人产权，公司产权不行；只能有一次抵押，二抵的不行；房子是商业按揭贷款，经营贷不行，组合贷必须还清公积金部分；买方必须是全款或者纯商贷。,-0.0102158542664846,2023-04-06 14:21:21
发布了头条文章：《北京启动二手房“带押过户”，有利于提高交易效率、提振市场》赵秀池超话房地产金融北京正式启动存量住房交易带押过户,0.0076639899583533,------
网友认为带押过户，可为炒房客解套，利好炒房利益集团。,-0.0068751612338915,2023-04-02 17:36:17
事关房产过户，最新明确来源：央视新闻日，自然资源部、中国银保监会印发《关于协同做好不动产“带押过户”便民利企服务的通知》，对协同做好不动产“带押过户”作出全面部署。不动产“带押过户”是指，已经抵押的不动产买卖转移时，不需要提前归还旧贷款、注销抵押权，即可完成过户、再次抵押和发放新贷款等手续，实现不动产登记和抵押贷款的有效衔接。两部门明确，各地要在已有工作的基础上，以“三个拓展”全面推进“带押过户”：推动省会城市、计划单列市率先实现，并逐步向其他市县拓展；推动同一银行业金融机构率先实现，并逐步向跨银行业金融机构拓展；推动住宅类不动产率先实现，并逐步向工业、商业等类型不动产拓展，最终实现地域范围、金融机构和不动产类型“带押过户”全覆盖。两部门要求各地结合本地实际，确定适宜的办理模式。尤其是买卖双方涉及不同贷款方的业务，鼓励各地积极引入预告登记，防止“一房二卖”，防范抵押权悬空等风险，维护各方当事人合法权益，保障金融安全。北京已启动存量住房交易“带押过户”模式据了解，目前，全国共有个省份多个地市开展了不动产“带押过户”，共办理业务万多笔。今天（日），北京银保监局、人民银行营业管理部、北京市规划和自然资源委、北京市住房和城乡建设委联合发布通知，正式在北京市启动存量住房“带押过户”模式。通知明确，从月日起，居民出售在京住房，买卖双方可以在原按揭贷款抵押权不解除的情况下办理住房所有权转移登记，以切实提升居民住房交易、登记和金融服务水平。据介绍，北京的二手房交易要想实现“带押过户”，必须满足四方面的条件。首先必须是个人名下的住房，其次是交易的房产当前在北京的银行仅存在一次有效抵押，不存在被多次抵押的情况；此外，要求卖方还没有结清的贷款为个人住房商业贷款，如果是组合贷的话，其中的公积金贷款必须是已经结清。最后要求买方是全款买房或者是申请个人住房商业贷款购房。制片人王兴栋主编孙雪总台央视记者王雷张道峰,0.1554642491213097,2023-04-09 21:07:41
月日，两部门明确：全面推进不动产“带押过户”。房产带押过户（来源：中国经济网）黑龙江网的微博视频,0.0045268614547605,------
房屋符合这个条件才可以带押过户带押过户为房屋买卖双方带来哪些实惠据介绍，北京的二手房交易要想实现“带押过户”，必须满足四方面的条件。必须是个人名下的住房。交易的房产当前在北京的银行仅存在一次有效抵押，不存在被多次抵押的情况。要求卖方还没有结清的贷款为个人住房商业贷款，如果是组合贷的话，其中的公积金贷款必须是已经结清。要求买方是全款买房或者是申请个人住房商业贷款购房。无需提前还贷就可以进行房屋买卖，房子可以在短时间内变现，对于房主来说真是省了不少事儿。当然，“带押过户”最大的好处是可以让买卖双方省钱。央视网的微博视频央视网,0.2146030109784439,2023-04-02 16:48:06
不动产“带押过户”，能带来哪些便利网页链接,-0.0251905636764834,2023-04-02 23:06:52
买房卖房大消息两部门明确：这件事将全面推进房产带押过户房产带押过户是什么意思不愧是影帝的微博视频,0.006729253907767,2023-04-02 17:45:41
中介可能会少赚一笔，对于买卖双方确实省钱了。,-0.5043501719195588,------
解读：将全面推进房产“带押过户”。此事，还要从年的涨价去库存说起，当年抢到房地产卖家最后一捧的举债买家，如今就像进入了另一个悲惨的世界，大批买家因债务过于沉重陷入困境，随时面临断供法拍的风险。推进房产“带押过户”。就是可以在卖家按揭房产未完全解押期间，卖家如想卖出手上带押房产，就可以与买家协商一个价格成交。这里注意：这个价格可能是由卖家支付给买家几十万现金才会成交（对，你没有看错），再由买家接手卖家剩余的房贷余额及利息，后可经相关部门合法将房产“带押过户”。第一个问题：为什么现在要适时推出房产“带押过户”？答案二个：简单的说就是，救银行、保房价。先说救银行，假设（只是假设），全国已有千万套以上房贷断供，接下来不得不进入法拍程序，最终成交价预估在折以下。举一现实中案例，一套万的房产断供法拍，供房者首付万加上前年还款已亏光，（本金和利息算法），在未来年，还欠银行万外加利息。最终，法拍价万（市场价万），断供者仍倒欠银行几十万（简述）。如此，千万套断供砸下来，最终就是打死这些断供者，也再拿不出钱来偿还剩余的银行欠款，成为暴增的银行坏帐，这不是银行的巨大损失吗？所以，推出房产“带押过户”，在市场上找一个接债侠接过这个已被抽干血的人偶的债务继续吸血，也可理解为寻找替死鬼。再说保房价，还是上例，一套万的房产，年后市场价万，法拍价万。还是千万套法拍房砸下来，不光银行是亏钱的，市场价格也会被快速拉向底部，如此恶性循环，将有更多的供房者断供，当更多便宜的法拍房涌向市场。结果就是，高房价再也无法被人为托举，必呈崩盘溃败之势。所以，适时推出房产“带押过户”，也是在保房价。第二个问题：断供接盘侠与下家的接债侠的利弊得失及风险？上面已经谈到接盘侠被迫断供进入法拍程序的弊端，如果实现房产“带押过户”自救成功，好处在于接盘侠找到接债侠迅速接走其债务，则规避了法拍的不利结果，虽然亏掉首付及前年的供房款，但彻底甩掉了身上的负债。反之，对于接债侠来说，在首付都凑不够的穷困下，先前根本不具备买房的资格，现在相当于零首付或负首付，就能接到一个次高价位的按揭房，在其信仰的房价继续上涨或根本就跌不动的信仰支撑下，这岂不是一个天大的举债买房子的好机会吗？结语：人经常会做岀错误的决定，是因为错误的决定往往会有短期的回报。一次危机的解除，必有人要付出代价彼之蜜糖，吾之砒霜。这句话你懂吗？房产“带押过户”，确实给了断供者一条活路，但付出的代价也是巨大的，最终也是一无所有。至于下家的接债者，是乘人之危捡了个便宜，还是自行服用了一包毒药，杀身成仁做了替死鬼，结局还要因人而异。而银行在整个房产“带押过户”中，则是无风险继续谋利，任凭风浪起，稳坐钓鱼船。如此而已。,1.0,2023-04-02 15:01:42
法治微课堂房屋符合这个条件才可以带押过户带押过户为房屋买卖双方带来哪些实惠据介绍，北京的二手房交易要想实现“带押过户”，必须满足四方面的条件。必须是个人名下的住房。交易的房产当前在北京的银行仅存在一次有效抵押，不存在被多次抵押的情况。要求卖方还没有结清的贷款为展开,0.038364870431614,------
《“带押过户”是向好的第一步》短期看“带押过户”是为了盘活存量房资源、加快存量房流通和交易，长期看“带押过户”是依法促进房地产市场健康发展的重要过程之一，因为我国民法典第条明确规定：抵押期间，除了另有约定之外，抵押人可以转让抵押财产。也就是说“带押过户”有法可依。为什么以前没有大范围实施“带押过户”，主要原因有两个，一是部门之间信息没有互联互通互享。比如抵押人抵押房产的时候把房本上交给放贷银行，放贷银行在房本上他项权限一栏注明已抵押，但是不动产登记部门不一定知道这个房产已抵押。由此一来，不良抵押人就可以利用不动产登记部门不知情的漏洞，把已经抵押的房产全款卖给同样不知情的买房人，并且“正常”办理了房本的过户手续。这就是通常所说的“一房二卖”。以前没有大范围实施“带押过户”的第二个主要原因是各部门之间业务工作不能有效衔接。比如在存量房交易过程中，如果不动产登记部门先把卖方房本过户给买方，银行部门据此审核，可能会出现买方征信不通过，不能发放贷款的问题，此时不动产登记部门就要重新把房本过户回到原房主名下。反之，如果银行部门先审核买方征信，然后通知不动产登记部门过户，此时不动产登记部门可能会发现该房屋因为其他原因不能过户。不动产登记部门和银行部门谁先谁后，有时会产生预料不到的矛盾。再加上买卖双方不同贷款银行之间也存在着业务工作欠有效衔接的问题，因此“带押过户”难以大范围实施。现在实施的“带押过户”应该是房地产市场健康发展的第一步。无论是理论还是实践，存量房买卖双方都不能产生相互牵连的债权债务关系，卖方的抵押贷款应由市场的第三方即中介机构垫资还清，中介机构负责厘清卖方所有的包括维修基金物业费等等债权债务。买方从中介机构手上买到的是具有完全产权、没有任何债权债务的房屋，买方的贷款由买方自行负责。这种买卖双方加第三方的存量房交易体系是房地产市场健康发展的必然趋势，等到这个体系健全后，“带押过户”也就可以功成身退了。,0.0029294507701783,2023-04-02 12:23:17
房产带押过户是什么意思楼市大消息卖房不必先还清贷款，我国将全面推广不动产“带押过户”近日有一个房地产重磅新闻：我国将全面推广不动产“带押过户”，这对买房人和卖房人来说都是大利好。什么是不动产“带押过户”？即在卖房时，如果房子没有还完贷款，以前是需要卖家还清贷款才能够进行过户交易的。现在“带押过户”政策实施后，不需要还清贷款、注销抵押权就可以完成过户了，对买方来说，也不需要再次抵押等复杂的手续。过去，当卖家想要卖房子时，需要先把银行贷款还清。但是如果你手头没有这么多钱怎么办呢？有些卖房者会通过“过桥贷”来解决贷款问题。实行“带押过户”后，相当于卖方直接把贷款转到了买方手上，手续简单。“带押过户”后，卖家没还完的贷款，买家该怎么处理这部分贷款呢？以北京为例，小红买了小蓝的房子，小蓝还有万元的贷款没有还完，带押过户后，小红相当于把这万元贷款“平移”给自己了，小红既可以选择小蓝房贷所在银行办理贷款，也可以选择其他银行办理贷款。如果选择了其他银行，这两个银行间自行结算，不需要小红办理更复杂的流程。（央视财经）央视财经的微博视频,0.0065172940409648,------
金牛普法房屋符合这个条件才可以带押过户带押过户为房屋买卖双方带来哪些实惠据介绍，北京的二手房交易要想实现“带押过户”，必须满足四方面的条件。必须是个人名下的住房。交易的房产当前在北京的银行仅存在一次有效抵押，不存在被多次抵押的情况。要求卖方还没有结清的贷款为个展开,-0.0043909209490425,2023-04-02 11:06:30
多地迅速跟进带押过户政策风险点请记住在多地推广实施二手房“带押过户”实践的基础上，月日，中国自然资源部、中国银保监会发布了通知。业内人士认为，该项政策的推广落地，将进一步减少二手房交易时间，降低买卖双方交易成本，促进二手房流通。根据自然资源部、银保监会公布的数据，中国有个省份多个地市开展了“带押过户”，其中，天津、山西、山东、江苏、浙江、福建、湖北等省份已经全面开展。,0.0,------
股市早评一、财经消息、美股三大指数涨跌不一，热门中概股普涨。、商务部：年月，我国对外投资持续增长，对外非金融类直接投资亿元人民币，同比增长、央行：授权全国银行间同业拆借中心公布，年月日贷款市场报价利率（）为：年期为，年期以上为、国家新闻出版署：月国产网络游戏审批信息发布，腾讯旗下《王牌战士》、网易旗下《七日世界》等共款游戏获批。、北京商报：中国工程院院士钟南山表示，月底、月初有一个新冠病毒感染的小高峰，波峰感染数量约万每周。而到月底预测将出现本轮疫情的高峰，感染数量约万每周。二、市场分析、昨天三大指数低开探低回升，全线收涨，上证指数最低探至点回升，反弹当天高点点后回落，遇阻天均线，收盘涨，深成指、创业板基本和上证同步，分别收涨，两市成交量比上周五萎缩，北向资金全天净买入亿。、盘面观察，供销社概念、电力行业、减速器、统一大市场概念等板块涨幅居前，概念、游戏、教育、算力概念等板块跌幅居前。两市个股涨多跌少，超只个股上涨。、板块方面，电力产业链表现强势。消息面，国家发改委对《电力需求侧管理办法（征求意见稿）》《电力负荷管理办法（征求意见稿）》向社会公开征求意见。其中，《电力需求侧管理办法（征求意见稿）》提出，建立和完善需求侧资源与电力运行调节的衔接机制，逐步将需求侧资源以虚拟电厂等方式纳入电力平衡，提高电力系统的灵活性。在利好政策密集推进、实际需求日益旺盛、电力现货市场日益发展等多因素的推动下，能够聚合、优化、协调海量分布式资源的虚拟电厂迎来发展机遇期，预计到年虚拟电厂整体容量空间有望达亿元，到年市场空间或将达亿元。统一大市场概念异军突起，仓储物流板块和供销社概念活跃。国常会研究落实建设全国统一大市场部署总体工作方案或将标志着全国统一大市场建设进程的进一步加速，这将促进规模经济效应的释放，一方面提升有效需求，另一方面便利要素流动，提升资源配置和科技创新效率，为中国经济增长注入新动能。、技术面看，昨日上证指数收出一颗低开冲高遇阻的且上影线较长的阳线，并且量能是继续萎缩的，说明市场观望情绪浓厚。从均线系统来看，上证大盘重新回到了日均线和日均线上方，但依然受到了上方日均线和日均线的压制，技术面上方的压力较大。、总体看，沪指站上日均线，创业板指收十字星，短线维持震荡整理。目前股增量资金仍缺乏，市场流动性处于紧平衡状态。在存量博弈思维下，股的风格轮动或仍延续。股票财经,1.0,2023-05-23 09:04:45
月维持不变：年期为年期以上为月日，中国人民银行授权全国银行间同业拆借中心公布，年月日贷款市场报价利率（）为：年期为，年期以上为。以上在下一次发布之前有效。据了解，自年月以来，已维持个月不变。,0.0,2023-05-23 09:18:03
年月日贷款市场报价利率（），连续个月不变买房买房小知识房地产,0.0813147336677952,2023-05-23 08:45:29
刚刚公布最新报价已连续月保持不变社会热点正发声中国人民银行授权全国银行间同业拆借中心公布，年月日贷款市场报价利率（）为：年期为，年期以上为。以上在下一次发布之前有效。已连续月保持不变，对此你怎么看？贷款市场报价利率连续两个不调整展开,0.0270196690694008,2023-05-23 08:41:13
月日午间资讯汇总年月日贷款市场报价利率（）为：年期为，年期以上为网页链接,0.055334276240174,2023-05-23 09:17:51
利率报价中国人民银行授权全国银行间同业拆借中心公布，年月日贷款市场报价利率（）为：年期为，年期以上为。两个品种均与上月水平持平。经济，楼市，股市，需要一点刺激了,0.1337159713513766,2023-05-23 08:51:01
房产资讯月报价出炉：年期和年期均维持不变中国人民银行授权全国银行间同业拆借中心公布，年月日贷款市场报价利率（）为：年期为，年期以上为。以上在下一次发布之前有效。（福州微博房产）,0.0115918854164849,2023-05-23 09:16:55
连续月不变央行公布月报价月日，中国人民银行公布最新全国银行间同业拆借中心受权公布贷款市场报价利率（）公告。中国人民银行授权全国银行间同业拆借中心公布，年月日贷款市场报价利率（）为：年期为，年期以上为。以上在下一次发布之前有效。年期贷款市场报价利率（）和年期以上，均连续个月维持不变。深圳房产新闻,-0.0138083334594226,2023-05-23 07:17:51
明年能不能降到？中国人民银行授权全国银行间同业拆借中心公布，年月日贷款市场报价利率（）为：年期为，年期以上为。以上在下一次发布之前有效。贷款市场报价利率,-0.0112766414775536,2023-05-23 07:23:30
房产资讯月报价出炉：年期和年期均维持不变中国人民银行授权全国银行间同业拆借中心公布，年月日贷款市场报价利率（）为：年期为，年期以上为。以上在下一次发布之前有效。,0.0115918854164849,2023-05-23 07:16:49
月贷款市场报价利率不变今天（月日），中国人民银行授权全国银行间同业拆借中心公布，年月日贷款市场报价利率（）为：年期为，年期以上为，均与上月持平。网页链接（央视财经）,0.0039172646552256,2023-05-23 07:18:42
年月日贷款市场报价利率（）中国人民银行授权全国银行间同业拆借中心公布，年月日贷款市场报价利率（）为：年期为，年期以上为。以上在下一次发布之前有效。,-0.51824838646615,2023-05-23 07:18:24
南京公积金付房租提取额每月涨元月日起，南京公积金逐月还贷后剩余部分可还商贷月日，南京住房公积金管理中心发布“关于调整部分住房公积金政策的通知”。自月日起，缴存职工提取公积金支付房租限额每人每月增加元。同时，使用公积金购买二套房的，首套房人均面积只要不超平方米即可；多子女家庭购买首套房的公积金贷款额度和租房提取额度均上浮。政策自月日起施行。现代快报快快看视频的微博视频,0.0429598222405047,2023-05-25 22:40:29
南京公积金付房租提取额每月涨元月日起，南京公积金逐月还贷后剩余部分可还商贷月日，南京住房公积金管理中心发布“关于调整部分住房公积金政策的通知”。自月日起，缴存职工提取公积金支付房租限额每人每月增加元。同时，使用公积金购买二套房的，首套房人均面积只要不超平方展开,0.0401501393210133,------
南京调整住房公积金政策南京多子女家庭公积金贷款额度最高每户万南京住房公积金管理中心网站今日发布《关于调整部分住房公积金政策的通知》，其中，加大对多子女家庭住房公积金购房租房支持力度：多子女家庭（有两个及以上未成年子女），首次使用住房公积金贷款购买首套住房最高可贷额度，在普通家庭贷款最高限额基础上上浮，即多子女家庭最高可贷额度为万元人、万元户；对于无房的多子女家庭，每月提取住房公积金支付房租的限额提高。,1.0,2023-05-25 21:20:25
央行下调常备借贷便利利率个基点财联社月日电，央行下调常备借贷便利利率，隔夜期下调个基点至，天期下调个基点至，个月期下调个基点至。：界面的微博视频,0.0,2023-06-16 08:37:49
央行数字货币超话利好央行重磅官宣：降息个基点年月日中国证券报在月日公开市场逆回购操作利率和各期限常备借贷便利利率均下调个基点后，“麻辣粉”（）降息也应声落地月日，人民银行开展亿元年期（中期借贷便利，市场俗称“麻辣粉”）操作，中标利率为，较上月下降个基点。,0.1220739298418576,------
刚刚，央行正式官宣：降息为维护银行体系流动性合理充裕，年月日人民银行开展亿元中期借贷便利（）操作和亿元公开市场逆回购操作，充分满足了金融机构需求。中标利率分别为和，继逆回购利率下调后，中标利率正式下调个基点。中标利率已经持续个月未降，本次直接下降了个基点。天后（月日）即将公布的利率，房贷利率是否再次下降？央行下调常备借贷便利利率个基点,0.7991450049756261,2023-06-15 21:09:56
央行下调常备借贷便利利率有助于带动实体经济融资成本下降央行下调常备借贷便利利率有助于带动实体经济融资成本下降,0.0090629756790571,------
“降息”中国央行将利率下调，中国央行今日进行亿元一年期（中期借贷便利：央行提供中期基础货币的货币政策工具），利率，此前为。今日有亿元到期。后续关注号的（贷款基准利率）央行下调常备借贷便利利率个基点,0.0360578726493993,2023-06-15 13:11:49
我查了一下、当今世界大事频发，有降息的国家，也有涨息的。,0.036691539227096,2023-06-15 16:03:09
央行下调常备借贷便利利率个基点参考了解下,-0.4548583461176829,2023-06-15 17:22:51
月美联储大概率的停止加息，加上昨天央行下调常备借贷便利利率，隔夜期下调个基点至，传递出政策利率有松动的迹象，所以，今天工业品指数报收大阳线，可能反弹随时会结束，再一次的建议大家：短期休息观望，不要追涨。,0.1120397384494786,2023-06-15 13:17:08
午后市场发生了什么？原因找到了一、弟兄们稳住，不要慌。从盘面看，午后市场再次小幅回落，三大指数全面小阴线调整，两市个股也是跌多涨少，市场赚钱效应不强。但需要注意的是，大消费和制造业依然强于大势，这说明什么？答：说明机构们在真做多，目前市场唯一不好的负面消息就是人民币居高不下，对大盘形成压制，但问题不大，人民币应该也快结束贬值回升了。二、另外就是注意这个大信号。昨天一天之内两次“降息”释放不同凡响的大信号，政策刺激这是要火力全开的节奏啊，如果我没预料错，大放水悄悄的开始了。昨天上午逆回购工具降息，昨晚据央行官网消息，央行下调常备借贷便利利率（），隔夜期下调个基点至，天期下调个基点至，个月期下调个基点至。三、昨晚这次降息确实来的很突然，说明政策对这次提振经济迫在眉睫了，出手速度很快，下半年经济将从弱复苏逐渐提速。年初文章就给大家讲过，美联储连续加息压制了咱们刺激经济的手段，等美联储加息触顶的时候，咱们国内自然会降准降息提振经济。现在回想这段话，绝对解读正确。而且看架势，货币政策已经进入新一轮降息降准的周期，更大更全面的降准降息已经在路上了。只要是懂点金融市场的人就会知道，今日市场跌不下去的。四、另外，就是昨晚披露的这些国内数据，整体还是可以的，并不是很多人解读的利空，居民存款已经开始减少，这就是好消息，所以金融数据一定要结合市场的位置和经济形势去分析，而不是单纯的看百分比。、央行：月社会融资规模增量为万亿元比上月多亿元、央行：月货币供应量同比增长预估为、央行：月份人民币贷款增加万亿元同比少增亿元、央行：月份人民币存款增加万亿元同比少增万亿元五、所以总结，现在策略就是做多市场，持股持基待涨就行了，至于今天午后市场出现回落，别太当回事，内容不便细说，就是双方电话各自阐明立场罢了，没啥的。今日看盘美股股,-0.0166288516402232,------
中国人民银行：下调常备借贷便利利率（）个基点金融超话经济超话财经资讯央行下调常备借贷便利利率个基点个基点如小意小额贷的微博视频,0.0038879689059734,2023-06-15 12:41:57
今天开始有举手内参的整数可以发一下就一天，看了一下盘面小谈自己的感觉与盘子黑色品的位置小看法。消息面不多说了，网上都有央行开展亿元天期逆回购操作，中标利率，较前日下调个基点，为年月以来首次调整，并创历史新低。央行还同步下调常备借贷便利利率个基点，隔夜、天、个月期分别下调至、和。美国月同比上升，连续第次下降，创年月以来新低，预估为，前值为。数据公布后，市场普遍预期美联储将在本周的政策会议上暂停加息基本以可能的降息或降准、新债增发为主的宏观利多。那么降息后能更大程度的促使钱更多的流入市场。活跃市场，活跃实体，活跃经济，从美国的情况看也相对是利多消息。港口市场呈现弱稳走势，上游受成本倒挂影响，报价坚挺低价不愿出货，需求询货量略增加，但也在压价采购，报还盘价差较大，成交较少。部分市场参与者表示，近期刚需补货支撑价格下行节奏有所放缓，在长协价附近低位震荡运行。华南某电厂大卡煤中标价，元，较上周中标价下降元，再次回到前期低点。进口商表示，高卡进口煤货盘不多，预计后期跌幅有限，相比之下，印尼中低卡尤其中卡价格倒挂较多，预计后期还有一定下降空间或将迎来短春调研了解到秦皇岛市本轮限产后，该市家钢厂表示计划烧结限产，因此高炉需要适当控产但非限产和停产。,0.0137999851012224,------
股票超话中国央行宣布下调常备借贷便利利率个基点，政策利率降息进行时国内宏观中国央行本轮政策利率降息正持续推进中，在周二早间调降公开市场逆回购利率后，央行当晚宣布常备借贷便利（）跟进降息，幅度与逆回购一致均为个基点（）。分析人士认为，国内银行新一轮存款利率下调之际，市场资金利率亦低位徘徊，央行此举将进一步推动资金向实体经济流动，亦意味着后续包括（中期借贷便利）及（贷款市场报价利率）在内的新一轮“降息”之门开启。本周末大概率会开启降息之窗财经,1.0,2023-06-15 12:15:12
央行降息央行下调常备借贷便利利率各期限均下调个基点在天期逆回购利率下调后，央行同一天还下调了常备借贷便利（）利率。月日晚间，中国人民银行更新的常备借贷便利利率表显示，隔夜常备借贷便利利率下调个基点至，天期常备借贷便利利率下调个基点至，个月期常备借贷展开,0.0077598442661049,------
央行下调常备借贷便利利率，隔夜期下调个基点至，天期下调个基点至，个月期下调个基点至。央行下调常备借贷便利利率个基点,0.0853048781083903,2023-06-15 20:16:13
“常备借贷便利利率”是啥？说起来比较专业、比较难懂，简言之就是央行为了解决流动性问题的一种货币政策工具。下调这一利率有助于降低实体经济融资成本，助力稳增长。在我看来近期“存款利率”、“逆回购利率”、”常备借贷便利利率”的连续下调反应出银行的“窘境”，也是为了刺激信贷需求、推动消展开,0.0004176054771234,2023-06-15 17:12:40
利好来了，股起码得涨一个上午。中国央行意外“降息”，将天期逆回购利率下调个基点，下调常备借贷便利利率个基点，分析称后续利率体系的同步下调是大势所趋。中国月新增社融和新增人民币贷款均较去年同期下降，社融新增万亿元，居民中长期贷款增加亿元，居民存款增加亿元，剪刀差缩窄。发改委等四部门：推动贷款利率稳中有降，引导金融资源精准滴灌。,0.1280554270603414,------
央行年内首次降息，市场预计利率和下调可能性较大月日，中国人民银行发布公告称，为维护银行体系流动性合理充裕，以利率招标方式开展了亿元天期逆回购操作，中标利率下降个基点至，为去年月中旬以来首次下调。同日，央行下调常备借贷便利利率，隔夜期下调个基点至，天展开,-0.0067300951352667,2023-06-14 23:11:24
小湘速递央行下调常备借贷便利利率个基点月日，央行下调常备借贷便利利率，隔夜期下调个基点至，天期下调个基点至，个月期下调个基点至。（央行）,0.0159564946027196,2023-06-15 22:50:59
央行下调常备借贷便利利率个基点：政策转向，全力拼经济财联社月日电，央行下调常备借贷便利利率，隔夜期下调个基点至，天期下调个基点至，个月期下调个基点至。,-0.0050522252861099,2023-06-15 05:44:30
早盘：央行下调常备借贷便利利率，虽然都是短期的。也是维护金融机构之间的流动性。只能说是个小小利好盘面：继续等待中阳突破区域,0.0065064903051479,2023-08-16 09:38:55
央行下调常备借贷便利利率个基点发改委昨天宣布利率郑策以后稳中有降，这等于正式进入降息周期，大势已定之前降存款利率，并不能给股市带来增量资金。但降贷款利率就不一样了。这会降低企业和投资机构的资金成本。小股民无所谓，反正都是自己的钱，又不贷款。但大机构的钱大多来自企业，核算资金成本是企业会计重要工作。资金成本低了，企业能拿出来的钱就多。股市不好，但买业绩稳定分红多的大蓝筹还是划算的。中特估首当其冲。,-0.1542558494542744,2023-06-15 09:33:23
国务院常务会李强主持召开国务院常务会议研究推动经济持续回升向好的一批政策措施审议通过《加大力度支持科技型企业融资行动方案》审议通过《私募投资基金监督管理条例（草案）》讨论《中华人民共和国学位法（草案）》李强主持召开国务院常务会议研究推动经济持续回升向好的一批政策措施展开,0.094626401712761,2023-06-20 11:17:32
李强主持召开国务院常务会议研究推动经济持续回升向好的一批政策措施审议通过《加大力度支持科技型企业融资行动方案》审议通过《私募投资基金监督管理条例（草案）》讨论《中华人民共和国学位法（草案）》网页链接,0.0248207506363435,2023-06-19 18:47:20
李强主持召开国务院常务会议研究推动经济持续回升向好的一批政策措施审议通过《加大力度支持科技型企业融资行动方案》审议通过《私募投资基金监督管理条例（草案）》详情请戳网页链接,0.1136427682462244,2023-06-20 09:26:27
国务院常务会李强主持召开国务院常务会议研究推动经济持续回升向好的一批政策措施审议通过《加大力度支持科技型企业融资行动方案》审议通过《私募投资基金监督管理条例（草案）》讨论《中华人民共和国学位法（草案）》,0.6608279499353673,2023-06-20 09:24:04
李强主持召开国务院常务会议研究推动经济持续回升向好的一批政策措施审议通过《加大力度支持科技型企业融资行动方案》审议通过《私募投资基金监督管理条例（草案）》讨论《中华人民共和国学位法（草案）》李强主持召开国务院常务会议研究推动经济持续回升向好的一批政策措施审议通过《加大力度支持科技型企业融资行动方案》审议通过《私募投资基金监督管理条例（草案）》讨论《中华人民共和国学位法（草案）》,0.092230463652352,2023-06-19 23:08:02
逆周期调节政策性金融要发挥逆周期调节作用，加大对符合国家发展规划和产业政策导向重大项目的融资支持力度，兼顾好经济效益和社会效益。展开,0.002914131436888,2023-06-19 18:08:23
李强主持召开国务院常务会议研究推动经济持续回升向好的一批政策措施审议通过《加大力度支持科技型企业融资行动方案》审议通过《私募投资基金监督管理条例（草案）》讨论《中华人民共和国学位法（草案）》（来源：中华人民共和国中央人民政府）,0.0331490679288877,2023-06-19 18:08:20
盘前热点事件一、股首单房企重组项目注册生效招商蛇口发行股份购买资产并募集配套资金申请获证监会注册生效，成为中国证监会关于资本市场支持房地产企业股权融资政策出台后，股市场首单成功取得注册批文项目，标志着房企股权融资“第三支箭”在实操层面的正式落地。房地产：招商蛇口、特发服务、中交地产、沙河股份、华联控股、万通发展二、华为轮值董事长：到年人工智能算力将增加倍、华为轮值董事长胡厚崑今天在年工商领导人中国论坛上表示，以为代表的新的人工智能时代已到来，所有的个人、工业应用都将被这种新的人工智能所改写。由于计算无所不及，以及算力需求的成倍增长，如到年，通用算力将增加倍，人工智能算力将增加倍，我们将建设大量的数据中心、人工智能计算中心等基础设施。、大数据、人工智能等领域的快速发展推动算力需求（特别是大模型和行业应用等方面）迅速增长。据了解，需求旺盛并已陷入供应短缺，即使付款抢到订单，拿货也可能需要等上半年。从价格层面看，多款价格从、月至今涨幅接近。月份的时候（订单）大概还能排到月份，现在已经到明年上半年了。这一背景下，租用计算资源的算力租赁模式当前正在兴起。算力数据中心：美利云、云赛智联、利通电子、城地香江、浪潮信息算力光模块：华西股份、高斯贝尔、光库科技、富信科技、天通股份三、百亿光刻胶概念股单季净利料创历史新高总市值近亿元的光刻胶概念股容大感光周末公告，预计上半年实现净利润万元万元，同比增长。谈其业绩预增的原因，容大感光在公告里表示，本期公司销售毛利率上升以及公司股权激励费用下降。光刻胶：容大感光、南大光电、同益股份、晶瑞电材、彤程新材四、国常会审议通过《私募投资基金监督管理条例草案》公募基金近日正式推出交易员、审议通过《私募投资基金监督管理条例草案》。会议指出，近年来，我国私募投资基金行业发展较快，在服务实体经济、支持创业创新等方面发挥了积极作用。制定专门行政法规，将私募投资基金业务活动纳入法治化、规范化轨道进行监管，有利于更好保护投资者合法权益，促进行业规范健康发展。对不同类别私募投资基金特别是创业投资基金实施差异化监管，抓紧出台促进创业投资基金发展的具体政策。、兴证全球日前宣布，旗下交易员正式上线，成为首家将技术应用于资金交易领域的基金公司。兴业基金也官宣，自研开发“兴小二”债券交易机器人，兴业基金也由此成为在外汇交易中心平台首家上线智能询价机器人的公募基金公司。金融：同花顺、财富趋势、金证股份期货：弘业期货、瑞达期货券商：国盛金控、中国银河、首创证券、信达证券五、马斯克：计划今年进行首例脑机接口人体试验马斯克在法国巴黎的活动上表示，他的脑机接口创业公司计划今年进行首例人体试验。马斯克说，打算在一名四肢瘫痪或截肢的患者身上植入一个设备。脑机接口：创新医疗、三博脑科、冠昊生物、爱朋医疗六、月日腾讯大模型及应用产品发布会腾讯集团高级执行副总裁、云与智慧产业事业群汤道生表示，腾讯正在研发类聊天机器人，聊天机器人将集成到微信、以及通过腾讯云向端提供的用户服务中。无论实在端还是端，价值稀缺、价值潜力巨大。在广告领域，腾讯混元大模型能够支持广告智能制作，即利用将广告文案自动生成为广告视频，大大降低了广告视频制作成本。随着腾讯大模型发布落地，后续在行业端及端的应用有望带来巨大的商业潜力。腾讯大模型：岭南股份、世纪华通、天地在线、华塑科技七、五部门印发《关于金融支持全面推进乡村振兴加快建设农业强国的指导意见》加强乡村基础设施建设支持。鼓励建立健全农业农村基础设施建设融资项目库，强化信息共享和服务对接，加大对产业园区、旅游景区、乡村旅游重点村一体化建设信贷支持力度。在依法合规前提下，根据借款人资信状况和偿债能力、项目建设进度、投资回报周期等，创新匹配度高的金融产品和融资模式，合理满足农村规模化供水工程建设和小型供水工程标准化改造等金融需求。鼓励金融机构通过组建银团等方式，合力支持乡村基础设施建设。乡村振兴：天鹅股份、中农联合、中粮科工、智慧农业八、深圳将签订南方区域虚拟电厂首个并网调度协议南方电网电力调度控制中心主管邓韦斯在虚拟电厂与电力市场发展论坛上表示，虚拟电厂以怎样的主体身份参与电网，目前在国家现有规范和顶层设计中，定义暂时并不明确。但虚拟电厂作为市场主体，要与电网签订三个协议，即并网协议、购售电合同和并网调度协议。南方电网预计于今年以深圳作为试点，签署南方区域首个并网调度协议。虚拟电厂：迦南智能、万胜智能、国能日新,-0.0089459797345403,2023-06-19 18:08:15
一、股首单房企重组项目注册生效招商蛇口发行股份购买资产并募集配套资金申请获证监会注册生效，成为中国证监会关于资本市场支持房地产企业股权融资政策出台后，股市场首单成功取得注册批文项目，标志着房企股权融资“第三支箭”在实操层面的正式落地。房地产：招商蛇口、特发服务、中交地产、沙河股份、华联控股、万通发展二、华为轮值董事长：到年人工智能算力将增加倍、华为轮值董事长胡厚崑今天在年工商领导人中国论坛上表示，以为代表的新的人工智能时代已到来，所有的个人、工业应用都将被这种新的人工智能所改写。由于计算无所不及，以及算力需求的成倍增长，如到年，通用算力将增加倍，人工智能算力将增加倍，我们将建设大量的数据中心、人工智能计算中心等基础设施。、大数据、人工智能等领域的快速发展推动算力需求（特别是大模型和行业应用等方面）迅速增长。据了解，需求旺盛并已陷入供应短缺，即使付款抢到订单，拿货也可能需要等上半年。从价格层面看，多款价格从、月至今涨幅接近。月份的时候（订单）大概还能排到月份，现在已经到明年上半年了。这一背景下，租用计算资源的算力租赁模式当前正在兴起。算力数据中心：美利云、云赛智联、利通电子、城地香江、浪潮信息算力光模块：华西股份、高斯贝尔、光库科技、富信科技、天通股份三、百亿光刻胶概念股单季净利料创历史新高总市值近亿元的光刻胶概念股容大感光周末公告，预计上半年实现净利润万元万元，同比增长。谈其业绩预增的原因，容大感光在公告里表示，本期公司销售毛利率上升以及公司股权激励费用下降。光刻胶：容大感光、南大光电、同益股份、晶瑞电材、彤程新材四、国常会审议通过《私募投资基金监督管理条例草案》，公募基金近日正式推出交易员、审议通过《私募投资基金监督管理条例草案》。会议指出，近年来，我国私募投资基金行业发展较快，在服务实体经济、支持创业创新等方面发挥了积极作用。制定专门行政法规，将私募投资基金业务活动纳入法治化、规范化轨道进行监管，有利于更好保护投资者合法权益，促进行业规范健康发展。对不同类别私募投资基金特别是创业投资基金实施差异化监管，抓紧出台促进创业投资基金发展的具体政策。、兴证全球日前宣布，旗下交易员正式上线，成为首家将技术应用于资金交易领域的基金公司。兴业基金也官宣，自研开发“兴小二”债券交易机器人，兴业基金也由此成为在外汇交易中心平台首家上线智能询价机器人的公募基金公司。金融：同花顺、财富趋势、金证股份期货：弘业期货、瑞达期货券商：国盛金控、中国银河、首创证券、信达证券五、马斯克：计划今年进行首例脑机接口人体试验马斯克在法国巴黎的活动上表示，他的脑机接口创业公司计划今年进行首例人体试验。马斯克说，打算在一名四肢瘫痪或截肢的患者身上植入一个设备。脑机接口：创新医疗、三博脑科、冠昊生物、爱朋医疗六、月日腾讯大模型及应用产品发布会腾讯集团高级执行副总裁、云与智慧产业事业群汤道生表示，腾讯正在研发类聊天机器人，聊天机器人将集成到微信、以及通过腾讯云向端提供的用户服务中。无论实在端还是端，价值稀缺、价值潜力巨大。在广告领域，腾讯混元大模型能够支持广告智能制作，即利用将广告文案自动生成为广告视频，降低了广告视频制作成本。随着腾讯大模型发布落地，后续在行业端及端的应用有望带来巨大的商业潜力。腾讯大模型：岭南股份、世纪华通、天地在线、华塑科技七、五部门印发《关于金融支持全面推进乡村振兴加快建设农业强国的指导意见》加强乡村基础设施建设支持。鼓励建立健全农业农村基础设施建设融资项目库，强化信息共享和服务对接，加大对产业园区、旅游景区、乡村旅游重点村一体化建设信贷支持力度。在依法合规前提下，根据借款人资信状况和偿债能力、项目建设进度、投资回报周期等，创新匹配度高的金融产品和融资模式，合理满足农村规模化供水工程建设和小型供水工程标准化改造等金融需求。鼓励金融机构通过组建银团等方式，合力支持乡村基础设施建设。乡村振兴：天鹅股份、中农联合、中粮科工、智慧农业八、深圳将签订南方区域虚拟电厂首个并网调度协议南方电网电力调度控制中心主管邓韦斯在虚拟电厂与电力市场发展论坛上表示，虚拟电厂以怎样的主体身份参与电网，目前在国家现有规范和顶层设计中，定义暂时并不明确。但虚拟电厂作为市场主体，要与电网签订三个协议，即并网协议、购售电合同和并网调度协议。南方电网预计于今年以深圳作为试点，签署南方区域首个并网调度协议。虚拟电厂：迦南智能、万胜智能、国能日新九、行业要闻、国常会研究推动经济持续回升向好的一批政策措施。、美国务卿布林肯日抵达北京，开启两天的访华行程。、先正达亿元股主板申请获上交所审议通过。（安道麦、荃银高科）、需求暴增且涨价倍。（香农芯创、雅克科技）、维珍银河将进行首次商业化飞行。（天银机电、欧比特）、第二十九届北京国际图书博览会于月日至日在北京国家会议中心举办。（中信出版、读客文化）、推动经济持续回升向好政策措施出台、暑期来临旅游景气开启。（宋城演艺、天目湖）、国内通用人形机器人将发布、产业加速突破。（神思电子、天奇股份）、消息称台积电三巨头下周访陆、供应链或受益。（新宙邦、新莱应材）、中国跨境电商年进出口规模首次突破万亿元。（若羽臣、焦点科技）、欧委会将不再采购华为、中兴公司设备。,0.0140207331805158,2023-06-20 11:37:08
月日盘前股市要闻：盘前热点事件一、股首单房企重组项目注册生效招商蛇口发行股份购买资产并募集配套资金申请获证监会注册生效，成为中国证监会关于资本市场支持房地产企业股权融资政策出台后，股市场首单成功取得注册批文项目，标志着房企股权融资“第三支箭”在实操层面的正式落地。房展开,0.0377081051288417,2023-06-20 08:34:55
一、五部门印发《关于金融支持全面推进乡村振兴加快建设农业强国的指导意见》加强乡村基础设施建设支持。鼓励建立健全农业农村基础设施建设融资项目库，强化信息共享和服务对接，加大对产业园区、旅游景区、乡村旅游重点村一体化建设信贷支持力度。在依法合规前提下，根据借款人资信状况和偿债能力、项目建设进度、投资回报周期等，创新匹配度高的金融产品和融资模式，合理满足农村规模化供水工程建设和小型供水工程标准化改造等金融需求。鼓励金融机构通过组建银团等方式，合力支持乡村基础设施建设。乡村振兴：天鹅股份、中农联合、中粮科工、智慧农业二、马斯克：计划今年进行首例脑机接口人体试验马斯克在法国巴黎的活动上表示，他的脑机接口创业公司计划今年进行首例人体试验。马斯克说，打算在一名四肢瘫痪或截肢的患者身上植入一个设备。脑机接口：创新医疗、三博脑科、冠昊生物、爱朋医疗三、股首单房企重组项目注册生效招商蛇口发行股份购买资产并募集配套资金申请获证监会注册生效，成为中国证监会关于资本市场支持房地产企业股权融资政策出台后，股市场首单成功取得注册批文项目，标志着房企股权融资“第三支箭”在实操层面的正式落地。房地产：招商蛇口、特发服务、中交地产、沙河股份、华联控股、万通发展四、华为轮值董事长：到年人工智能算力将增加倍、华为轮值董事长胡厚崑今天在年工商领导人中国论坛上表示，以为代表的新的人工智能时代已到来，所有的个人、工业应用都将被这种新的人工智能所改写。由于计算无所不及，以及算力需求的成倍增长，如到年，通用算力将增加倍，人工智能算力将增加倍，我们将建设大量的数据中心、人工智能计算中心等基础设施。、大数据、人工智能等领域的快速发展推动算力需求（特别是大模型和行业应用等方面）迅速增长。据了解，需求旺盛并已陷入供应短缺，即使付款抢到订单，拿货也可能需要等上半年。从价格层面看，多款价格从、月至今涨幅接近。月份的时候（订单）大概还能排到月份，现在已经到明年上半年了。这一背景下，租用计算资源的算力租赁模式当前正在兴起。五、百亿光刻胶概念股单季净利料创历史新高总市值近亿元的光刻胶概念股容大感光周末公告，预计上半年实现净利润万元万元，同比增长。谈其业绩预增的原因，容大感光在公告里表示，本期公司销售毛利率上升以及公司股权激励费用下降。光刻胶：容大感光、南大光电、同益股份、晶瑞电材、彤程新材六、国常会审议通过《私募投资基金监督管理条例草案》公募基金近日正式推出交易员、审议通过《私募投资基金监督管理条例草案》。会议指出，近年来，我国私募投资基金行业发展较快，在服务实体经济、支持创业创新等方面发挥了积极作用。制定专门行政法规，将私募投资基金业务活动纳入法治化、规范化轨道进行监管，有利于更好保护投资者合法权益，促进行业规范健康发展。对不同类别私募投资基金特别是创业投资基金实施差异化监管，抓紧出台促进创业投资基金发展的具体政策。、兴证全球日前宣布，旗下交易员正式上线，成为首家将技术应用于资金交易领域的基金公司。兴业基金也官宣，自研开发“兴小二”债券交易机器人，兴业基金也由此成为在外汇交易中心平台首家上线智能询价机器人的公募基金公司。金融：同花顺、金证股份，指南针、大智慧,0.1517505962732166,2023-06-19 19:19:59
清华大学中国经济思想与实践研究院院长李稻葵澎湃新闻记者周頔摄“过去年以来（中国经济）增长速度逐年下滑，每年下滑，这个态势必须逆转。宏观经济治理工作的思路要变，要从过去防过热变成防过冷。”月日，在清华大学中国经济思想与实践研究院（）主办的“清华大学中国与世界经济论坛：年半年度经济形势分析”上，政府与市场经济学国际学会（）联席会长，清华大学中国经济思想与实践研究院院长李稻葵如是说。针对当前经济面临的诸多问题与挑战，李稻葵研究团队发布了最新研究的成果《防过冷是新时期宏观经济治理基础性任务：下半年中国经济发展报告》（下称“《报告》”）。《报告》针对当前经济问题给出了相应的对策建议：第一，重振消费增长，构建消费推动经济增长新机制。短期内由中央政府推出消费补贴政策，在支付环节补贴消费者；增值税收入划分，由依据生产地原则改为部分依据消费地原则，推动地方政府从抓生产到促消费的思路转变；健全汽车消费的中长期机制，建议宣布未来燃油车排放标准不影响已经购车的消费者，鼓励特大型城市和大型城市推出车牌改革措施，盘活存量。第二，存量地方债务可由中央政府与地方政府合力化解，建议对债务负担过重的地区采取试点，由中央政府发行特别国债置换地方存量债务；设立债务重组基金，借鉴四大国有银行重组经验，对不良债务逐项化解；对于当前及未来的新增债务，应建立新的举债机制；成立全国性的基础设施投资公司；构建多维度、长周期的地方官员评价体系；深化国企改革。第三，稳预期、稳信心是稳定房地产市场的关键。稳预期和稳信心需要在政策上多管齐下，稳定购房者和房地产企业的预期和信心。建议短期内在政策上明确不会开征房产税，避免房产税开征时间这一不确定性因素，在经济恢复时期对房地产真实需求和价格都产生影响；减少对真实需求的限制，在坚持“房住不炒”的基础上，需要进一步因城施策，很多核心区域的限购政策和信贷政策对于购房者仍然过于严格，抑制了真实的刚需和改善型需求释放；增加对合理融资的支持：当前对于民营房地产企业，特别是头部民营房地产企业，以及涉房企业和房地产产业链上下游企业合理融资需求的支持力度还有增加空间，房地产企业在土地招拍挂市场上拿地积极性不高。第四，稳定民营经济信心。明确民营经济的政治地位；以放开一两个民营企业进入困难的产业、培育一两个新兴产业为案例，引导民营经济大规模投资。第五，提振外需，加大非对称主动对外开放。加大力度稳外资稳外贸，越被限制越开放；简化外商来华签证流程，灵活处理签证对等问题；缩短外资负面清单；加快落地。,0.3646381009943591,2023-06-20 09:01:27
李强主持召开国务院常务会议李强主持召开国务院常务会议研究推动经济持续回升向好的一批政策措施审议通过《加大力度支持科技型企业融资行动方案》审议通过《私募投资基金监督管理条例（草案）》讨论《中华人民共和国学位法（草案）》中国政府网,0.0024805312992813,2023-06-19 18:50:27
债权怎么办？爆雷房企未来的三种前途最近找我咨询买房的人少了，因为市场不好嘛。但咨询我怎么收回房企欠款的企业多了许多。去年和前年，房企普遍爆雷，由于行业规模大，产业链长，所以牵扯的企业也相当多。当然还有买了房企股票的，债券的，期房的大家都关心爆雷房企的情况，他们未来会怎样？能不能安然度过？我的房子能不能收？我的债权还能不能要回？这些问题我简单谈几点看法：目前还有很多除了刚刚在香港被强制退市新力控股外，蓝光发展、泛海控股、中天金融、泰禾也已岌岌可危。一旦强制退市，投资人手中股票将变得一文不值。出现债务危机的房企大致可以分为三类：、倒闭在所难免型。基本都是严重资不抵债的房企，部分项目已经停工烂尾多时，由于背后债务严重，也找不到接盘侠。这类房企已经被相关部门列为没有挽救价值的类型。上述几家只是部分。某大房企应该也属于这种类型。只不过规模太大，而且牵扯范围包括金融，汽车等多个产业，还有大量未交付房源，社会影响面较广，所以相关部门不得不介入，希望尽量减少对社会和金融系统的冲击。实际上这类房企已经失去了挽救的意义。对于这类房企的债权人，我认为能拿回什么算什么，而且动作要快。我就见过拖了一年的工抵房，由折变原价，变倍，倍。由有住宅可选，到公寓，商铺，车位。到现在干净可低的房源也没有了的情况。、断臂求生类型。有债务问题，但规模不小，但家当较多，自救积极。比较典型的情况是，最近经常看到他们卖项目的新闻，比如卖酒店，卖写字楼，卖在建楼盘，甚至卖总部的。这类房企活下来不成问题，保交房没有问题，但企业的规模肯定会比高峰期少去不少。未来少一半，就算很厉害了，减少也很正常。由于这类房企不但能活下来，后续还有继续拿地的可能，所以相关部门给予的支持力度较大，或引导银行给予宽松的融资政策，或积极搭台协助找买家。这类房企或许还值得等一下，毕竟存活下来概率比较大，能活下来债务自然能够大部分解决。至于选择等不到，我认为不在欠债企业上，而在于你公司的财务状况上。、前途未卜型。基本是爆过雷、问题多多、资产负债情况扑朔迷离。这类房企介于上述两种类型之间，情况虽然不怎么好，但也有挽救的可能。主要看政府支持的力度，还有重仓城市的市场复苏情况。比如某三线发家的房企，年底岌岌可危，但由于所在城市领导给予了全力扶持，再加上其重仓的某南方地区市场明显升温，一下子回笼一大笔资金，问题立马缓解。当然这是好的情况，也可能命不好的，政策支持不足，重仓城市的市场低迷。拖着拖着就越陷越深。当然，民营房企中，也有一点问题都没有，甚至近期还在全国谨慎拿地的，比如龙湖，星河等。但这类型占比相对较少。而上述各大房企属于哪一类型？这里就不方便展开了。有需要了解这个话题更多内容的朋友可以私信我，或加我咨询号进行交流。,-0.0982526468479683,2023-06-19 18:39:56
李强主持召开国务院常务会议研究推动经济持续回升向好的一批政策措施审议通过《加大力度支持科技型企业融资行动方案》审议通过《私募投资基金监督管理条例（草案）》讨论《中华人民共和国学位法（草案）》,1.0,2023-06-19 18:32:12
时隔十个月，贷款市场报价利率（）迎来下调。中国人民银行授权全国银行间同业拆借中心公布，年月日贷款市场报价利率（）为：年期为，下调个基点，年期以上为，同样下调个基点。评：金融机构下调了针对家庭和企业的基准贷款利率，本博早就分析过，这是此前一系列展开,-0.0503111664406238,2023-06-21 07:36:31
中国人民银行授权全国银行间同业拆借中心公布，年月日贷款市场报价利率（）为：年期为，年期以上为网页链接,0.0,2023-06-21 02:04:07
中国人民银行授权全国银行间同业拆借中心公布，年月日贷款市场报价利率（）为：年期为，年期以上为。月两项均下调个基点。,0.0138864907641671,2023-06-20 22:23:26
今年首次下调贷款百万比四年前少还近万据央行网站消息，年月日贷款市场报价利率（）为：年期为，年期以上为，均下降个基点。这是自年月以来，首次调整，此次下调释放出什么信号？对此，记者连线相关专家，专家指出，本月下降，传递出稳增长、促发展的政策信号，有利于降低实体经济融资成本，以及促进房地产市场平稳健康发展。中新视频的微博视频,-0.1201143048643889,------
降息来了下降个基点，部分首套房贷利率将历史首次降至以下中国人民银行授权全国银行间同业拆借中心公布，年月日贷款市场报价利率（）为：年期为，年期以上为，均下降个基点。以上在下一次发布之前有效。这是年月日以来，首次调整。（广州日报）广州日报的微博视频,-0.0337387242177022,2023-06-21 09:22:36
月简评：年月日贷款市场报价利率（）为：年期为，此前为；年期以上为，此前为均下调。点评：年期和年期利率下调符合市场预期。自去年月利率下调以后，已经是连续个月“按兵不动”了，但基于月日利率调降的背景，作为贷款市场报价利率（）的定价基准，下调是必然的。此次对于存量房贷是一个好事情，下调意味着月供压力降低，但当前房地产市场比较低迷，在目前经济环境下，暂时利好效果有限，购房者更多的是担心后续的收入不稳。降息只是一方面，更重要的是其他宽松政策的出台。,0.1270942598312762,------
月报价下调中国人民银行授权全国银行间同业拆借中心公布，年月日贷款市场报价利率下调个基点，开启了新一轮宽松政策。年期为，年期以上为。利率降低了，这对于贷款人来说，意味着还款额度也会随之降低，对于整个经济来说，利率下降也有一定的刺激作用，能够促进投资和消费。楼市成交或有望因降息而提振，为扩大内需、提振经济带来一系列“正反馈”。未来政策性降息还有空间，下半年年期报价和年期以上报价也存在跟进下调的可能。你认为呢？时隔个月下调下调下调年期调降释放出什么信号超话,-0.0240506647648166,2023-06-23 08:34:05
小湘速递时隔个月下调万元房贷年将少万元央行授权全国银行间同业拆借中心公布，年月日，年期贷款市场报价利率（）为，年期以上为。二者较上月均下调个基点，结束了连续个月的“按兵不动”。专家预计，下调有利于促进房地产市场平稳健康发展，存量房贷和新增房贷利率都将下降。如以商贷额度万元、贷款年、等额本息还款方式计算，此次下降个基点，月供减少元，累积年月供减少万元。（来源：中新财经）：中国新闻网的微博视频,0.0,2023-06-22 09:48:50
专家建议房贷控制在家庭收入内降息能提高你的买房意愿吗中国人民银行授权全国银行间同业拆借中心公布，年月日贷款市场报价利率（）为：年期为，下调个基点，年期以上为，同样下调个基点。如以商贷额度万元、贷款年、等额本息还款方式计算，此次下降个基点，月供减少元，累积年月供减少万元。御风集团董事长、万通集团创始人冯仑曾建议年轻人买房的时候要算账，用于贷款的金额控制在家庭收入的以内，只要控制好这个风险边界，对于买房的年轻人来说，应该就没有太大压力。房贷（新浪财经）麦穗财经的微博视频,0.0123648289793847,------
专家建议房贷控制在家庭收入内降息能提高你的买房意愿吗中国人民银行授权全国银行间同业拆借中心公布，年月日贷款市场报价利率（）为：年期为，下调个基点，年期以上为，同样下调个基点。如以商贷额度万元、贷款年、等额本息还款方式计算，此次下降个基点，月供减少元，累积年月供减少万元。御风集团董事长、万通集团创始人冯仑曾建议年轻人买房的时候要算账，用于贷款的金额控制在家庭收入的以内，只要控制好这个风险边界，对于买房的年轻人来说，应该就没有太大压力。房贷麦穗财经麦穗财经的微博视频,-0.0172116535458178,2023-06-21 09:41:46
你目前会考虑买房吗？万房贷年减少万时隔十个月，贷款市场报价利率（）迎来下调。中国人民银行授权全国银行间同业拆借中心公布，年月日贷款市场报价利率（）为：年期为，下调个基点，年期以上为，同样下调个基点。以万元贷款金额、年期等额展开,-1.0,2023-06-20 20:41:27
房贷下调个基点今年房贷首次降息据中国人民银行消息，中国人民银行授权全国银行间同业拆借中心公布，年月日贷款市场报价利率（）为：年期为，年期以上为。以上在下一次发布之前有效。此次下调个基点，以首套房贷万元贷款年为例计算，每月房展开,-0.0298902456636035,------
专家建议房贷控制在家庭收入内降息能提高你的买房意愿吗中国人民银行授权全国银行间同业拆借中心公布，年月日贷款市场报价利率（）为：年期为，下调个基点，年期以上为，同样下调个基点。如以商贷额度万元、贷款年、等额本息还款方式计算，此次下展开,0.0153055578779084,2023-06-20 20:57:50
时隔个月下调万元房贷年将少万元央行授权全国银行间同业拆借中心公布，年月日，年期贷款市场报价利率（）为，年期以上为。二者较上月均下调个基点，结束了连续个月的“按兵不动”。专家预计，下调有利于促进房地产市场平稳健康发展，存量房贷和新增房贷利率都将下降。如以商贷额度万元、贷款年、等额本息还款方式计算，此次下降个基点，月供减少元，累积年月供减少万元。中国新闻网的微博视频,0.1179726590799245,------
刚刚，央行宣布下调今天中国人民银行授权全国银行间同业拆借中心公布，年月日贷款市场报价利率（）为：年期为，年期以上为，均下降个基点。,0.0881464375426226,2023-06-20 18:47:47
一辈子租房你愿意吗房贷今日，央行授权全国银行间同业拆借中心公布，年月日，年期贷款市场报价利率（）为，年期以上为。专家预计，下调有利于促进房地产市场平稳健康发展，存量房贷和新增房贷利率都将下降。但也有年轻人觉得，随着购房观念的更新，一辈子租房也成为了一种人生可能。来聊聊，一辈子租房你愿意吗？,0.1455566113918041,------
央行授权全国银行间同业拆借中心公布，年月日，年期贷款市场报价利率（）为，年期以上为。二者较上月均下调个基点房贷利率降了，地产股和银行股都跌了,0.4957877559746004,2023-06-20 16:36:08
时隔个月下调万元房贷年将少万元央行授权全国银行间同业拆借中心公布，年月日，年期贷款市场报价利率（）为，年期以上为。二者较上月均下调个基点，结束了连续个月的“按兵不动”。专家预计，下调有利于促进房地产市场平稳健康发展，存量房贷和新增房贷利率都将下降。如以商贷额度万元、贷款年、等额本息还款方式计算，此次下降个基点，月供减少元，累积年月供减少万元。（来源：中新财经）中国新闻网的微博视频,0.0,2023-06-20 16:36:04
你今年有买房计划吗房贷时隔十个月，贷款市场报价利率（）迎来下调。月日，中国人民银行授权全国银行间同业拆借中心公布，年月日贷款市场报价利率（）为：一年期为，五年期以上为，均下降个基点。如以商贷额度万元、贷款年、等额本息还款方式计算，此次展开,0.6341818619420255,2023-06-20 16:36:00
时隔个月下调央行授权全国银行间同业拆借中心公布，年月日，年期贷款市场报价利率（）为，年期以上为。二者较上月均下调个基点，结束了连续个月的“按兵不动”。专家预计，下调有利于促进房地产市场平稳健康发展，存量房贷和新增房贷利率都将下降。如以商贷额度万元、贷款年、等额本息还款方式计算，此次下降个基点，月供减少元，累积年月供减少万元。（中新财经）中国新闻网的微博视频,0.1002134601242496,------
万元房贷年将少万元央行授权全国银行间同业拆借中心公布，年月日，年期贷款市场报价利率（）为，年期以上为。二者较上月均下调个基点，结束了连续个月的“按兵不动”。专家预计，下调有利于促进房地产市场平稳健康发展，存量房贷和新增房贷利率都将下降。如以商贷额度万元、贷款年、等额本息还款方式计算，此次下降个基点，月供减少元，累积年月供减少万元。中国新闻网的微博视频,0.6972758281618646,2023-06-21 08:45:19
时隔个月下调万元房贷年将少万元央行授权全国银行间同业拆借中心公布，年月日，年期贷款市场报价利率（）为，年期以上为。二者较上月均下调个基点，结束了连续个月的“按兵不动”。专家预计，下调有利于促进房地产市场平稳健康发展，存量房贷和新增房贷利率都将下降。如以商贷额度万元、贷款年、等额本息还款方式计算，此次下降个基点，月供减少元，累积年月供减少万元。中国新闻网中国新闻网的微博视频,0.2178184040101718,------
房贷再降息中国人民银行授权全国银行间同业拆借中心公布，年月日贷款市场报价利率（）为：年期为，年期以上为。以上在下一次发布之前有效。这是自年月以来首次下调。（来源：中国人民银行）,0.0407306395802372,2023-06-20 16:19:12
房贷降息后月供能省多少房贷时隔十个月，贷款市场报价利率（）迎来下调。月日，中国人民银行授权全国银行间同业拆借中心公布，年月日贷款市场报价利率（）为：一年期为，五年期以上为，均下降个基点。如以商贷额度万元、贷款年、等额本息还款方式计算，此次下降个基点，月供减少元，累积年月供减少万元。来聊聊：你如何看待这次房贷降息？,0.8582607964109153,------
房贷利率终于降了月日，中国人民银行货币政策司发布公告，中国人民银行授权全国银行间同业拆借中心公布，年月日贷款市场报价利率（）为：年期为，年期以上为。以上在下一次发布之前有效。万房贷年减少万以贷款万、等额本息年计算，降到展开,0.1769732221855382,2023-06-20 16:44:28
时隔个月下调万元房贷年将少万元央行授权全国银行间同业拆借中心公布，年月日，年期贷款市场报价利率（）为，年期以上为。二者较上月均下调个基点，结束了连续个月的“按兵不动”。专家预计，下调有利于促进房地产市场平稳健康发展，存量房贷和新展开,0.7509248834820708,2023-06-20 16:01:45
年月日，年期贷款市场报价利率（）为，年期以上为,0.6800082998336032,------
时隔个月下调万元房贷年将少万元央行授权全国银行间同业拆借中心公布，年月日，年期贷款市场报价利率（）为，年期以上为。二者较上月均下调个基点，结束了连续个月的“按兵不动”。专家预计，下调有利于促进房地产市场平稳健康发展，存量房贷和新增房贷利率都将下降。如以商贷额度万元、贷款年、等额本息还款方式计算，此次下降个基点，月供减少元，累积年月供减少万元。（中新财经）中国新闻网的微博视频,-0.0158781436938063,2023-06-20 15:49:28
下调会不会影响购房意愿？房贷年月日，年期贷款市场报价利率（）为，年期以上为。二者较上月均下调个基点，结束了连续个月的“按兵不动”。如以商贷额度万元、贷款年、等额本息还款方式计算，此次下降个基点，月供减少元，累积年月供减少万元。来聊聊，今年你准备买房吗？万房贷年减少万你说这个我就不困了,-0.1885912947392124,2023-06-20 16:48:04
盐城楼市超话盐城人，房贷降息了中国人民银行授权全国银行间同业拆借中心公布，年月日贷款市场报价利率（）为：年期为，年期以上为。以上在下一次发布之前有效。这是自年月以来首次下调。本次下调已在市场预期之中。以贷款万、等额本息年计算，降到，总利息节省约万元，月供少了约元。在此机制下，越来越多的城市下调了首套房贷款利率下限。中国人民银行数据显示，截至今年月末，在个符合放宽首套房贷利率下限条件的城市中，有个城市下调了首套房贷利率下限，有个城市取消了首套房贷利率下限。,-0.096376367591114,2023-06-20 16:05:21
降息来了，房贷也要降了，月供压力减轻能否提振房地产？房贷时隔个月，央行再次下调利率。今日早间，中国人民银行授权全国银行间同业拆借中心公布，年月日贷款市场报价利率（）为：年期为，年期以上为。两个品种同步下调个基点。分析人士认为，本轮展开,-0.0809887685912635,2023-06-20 15:38:52
万元房贷年将少万元央行授权全国银行间同业拆借中心公布，年月日，年期贷款市场报价利率（）为，年期以上为。二者较上月均下调个基点，结束了连续个月的“按兵不动”。专家预计，下调有利于促进房地产市场平稳健康发展，存量房贷和新增房贷利率都将下降。如以商贷额度万元、贷款年、等额本息还款方式计算，此次下降个基点，月供减少元，累积年月供减少万元。房贷（中新财经）中国新闻网的微博视频,-0.0099036724282387,------
刚刚宣布房贷再降息中国人民银行授权全国银行间同业拆借中心公布，年月日贷款市场报价利率（）为：年期为，年期以上为。以上在下一次发布之前有效。以贷款万、等额本息年计算，降到，总利息节省约万元，月供少了约元。刚刚宣布房贷再降息（宿迁发布微信公众号）房贷,-0.0124388267027836,2023-06-20 15:31:54
中国人民银行授权全国银行间同业拆借中心公布，年月日贷款市场报价利率（）为：年期为，较上月水平（）下降个基点；年期以上为，较上月水平（）下降个基点。,0.0008418005002465,------
金融权重股（保险，银行，地产，证券等）弱势的原因：继月后，贷款市场报价利率（）再度迎来下调，但年期以上品种按兵不动超乎市场预期。中国人民银行授权全国银行间同业拆借中心公布，年月日贷款市场报价利率（）为：年期为，下调个基点，年期以上为，按兵不动。由于是在中期借贷便利（）利率基础上加点形成，在月日利率下调个基点的背景下，市场对月调降已基本形成共识，但年期以上按兵不动超乎市场预期。,0.1796699222384195,2023-08-21 22:11:20
房产资讯央行公布月：年期降个基点福州首套房的贷款利率历史新低月日，中国人民银行授权全国银行间同业拆借中心公布，年月日贷款市场报价利率（）为：年期为，年期以上为。据悉，上次年期为，年期以上为。就在一周前，月日，央行公布了最新一轮的和逆回购操作情况，降息个基点。目前，福州各大银行首套房的贷款利率基本为，即在基础上下调个基点，二套房贷利率为，都已经创历史新低。本次下调个基点，房贷利率很大概率将再次下调，届时，福州首套房的贷款利率也有望下调至，再度刷新历史新低。福州身边事福州,0.0157795409981573,2023-08-23 11:53:21
中国人民银行授权全国银行间同业拆借中心公布，年月日贷款市场报价利率（）为：年期为，年期以上为。以上在下一次发布之前有效。月是来自本专业的抱怨，算利息嘛没几个钱，却算的很烦,-0.3268750457355022,------
年月日贷款市场报价利率（）为：年期为，降低；年期以上为。年期利率罕见的没有跟进降息，这说明存量房贷利率真的要降了应该是昨天商量好了，用保来对冲存量房贷利率下调的损失。昨天的周末开会后喊话，就是为了让咱们今天别失望。,-0.0586655341378883,2023-08-21 10:35:23
年期下调中国人民银行授权全国银行间同业拆借中心公布，年月日贷款市场报价利率（）为：年期贷款市场报价利率（）报，上月为。年期以上报，上月为。以上在下一次发布之前有效。大河财立方的微博视频,-0.0060894670237845,2023-08-21 10:10:10
月不对称降息厦门首套房贷利率维持刚刚，央行公布新一轮报价：年期市场报价利率为，下降个基点，年期维持在。中国人民银行授权全国银行间同业拆借中心公布，年月日贷款市场报价利率（）为：年期为，年期以上为。以上在下一次发布展开,-0.0145827477190053,2023-08-21 10:11:34
月报价出炉中国人民银行授权全国银行间同业拆借中心公布，年月日贷款市场报价利率（）为：年期为，年期以上为。以上在下一次发布之前有效。月一年期下调个基点,-0.0250304113950651,------
月日发布来了来了，稳中有降稳：年期没变，跟、、月持平降：年期下降个基点月：年月日贷款市场报价利率（）为：年期为，年期以上为。月：年月日贷款市场报价利率（）为：年期为，年期以上为。月：年月日贷款市场报价利率（）为：年期为，年期以上为。月：年月日贷款市场报价利率（）为：年期为，年期以上为。散了散了，雷声大，雨点小,-0.05804159229371,2023-08-21 13:35:57
记录生活中国人民银行授权全国银行间同业拆借中心公布，年月日贷款市场报价利率（）为：年期为，年期以上为。以上在下一次发布之前有效。,0.0260579357259509,2023-08-21 14:06:44
央行降息了月年期下调个基点年期以上不变月日，中国人民银行授权全国银行间同业拆借中心公布，年月日贷款市场报价利率（）为：年期为，年期以上为。以上在下一次发布之前有效。年期贷款市场报价利率（）报，上月为，相较上月下降；年期以上报，上月为，与上月持平。深圳楼市楼市重磅,-0.0031185427707335,2023-08-21 12:04:25
月报价出炉：年期为，年期以上为中国人民银行授权全国银行间同业拆借中心公布，年月日贷款市场报价利率（）为：年期为，年期以上为。来源：央广网,0.0145883198200405,2023-08-21 14:49:40
一年期下调个基点意味着什么一年期下调个基点中国人民银行授权全国银行间同业拆借中心公布，年月日贷款市场报价利率（）为：年期为，年期以上为。以上在下一次发布之前有效。,-0.0828061478253895,------
年月日贷款市场报价利率（）中国人民银行授权全国银行间同业拆借中心公布，年月日贷款市场报价利率（）为：年期为，年期以上为。以上在下一次发布之前有效。,-1.0,2023-08-21 09:56:24
月报价出炉月一年期下调个基点中国人民银行授权全国银行间同业拆借中心公布，年月日贷款市场报价利率（）为：年期为，年期以上为。以上在下一次发布之前有效。一年期下调个基点,-0.3117561371223434,2023-08-21 13:12:47
重庆市市长：要紧盯“金九银十”，有利于房地产市场的相关政策能出尽出、应出早出重庆市长是个明白人,0.9618667944666838,2023-08-22 11:42:19
重庆市市长胡衡华强调，要紧盯“金九银十”，进一步聚焦问题、攻坚克难，有力有效推进各项工作。要着力解决政策问题，研究落实好有利于房地产市场平稳健康发展的政策举措，相关政策能出尽出、应出早出。,-0.1734338110002531,2023-08-23 18:45:37
盘前打卡星期二隔夜美股大涨，今天股怎么走？周一沪深两市全天低开低走，两市共计成交亿元，较上个交易日缩量亿元。算力租赁、环保、燃气、次新股等板块涨幅居前，证券、医药商业、物流、机场等板块跌幅居前。北向资金月日净卖出亿元。隔夜美股涨跌互现，道指跌，纳指涨。、大力发展数字经济核心产业加快推动产业数字化转型；、央视：频繁上演的“抹黑小作文”扰乱资本市场正常秩序投资一定擦亮双眼；、网传“高盛（中国）办公室所有人被带走”北京、上海办事处双双回应：正常营业；、重庆：要紧盯“金九银十”有利于房地产市场的相关政策能出尽出、应出早出；、三部门：合理增加对消费者购买汽车、家电、家居等产品的消费信贷支持持续优化利率和费用水平；、海关总署发布《关于防止猴痘疫情传入我国的公告；、财政部：月证券交易印花税亿元同比下降；、家头部券商、基金开启“自购潮”，合计出资超亿元。技术上，上证指数延续调整走势收阴线，指数重心继续下移。从均线系统看，日、日等多条均线呈现下行趋势，耐心等待指数企稳。月以来随美元指数上行，人民币汇率出现持续贬值现象，北向资金连续日减仓外流对市场造成一定压力。另一方面，投资者在政策预期与现实经济之间仍存在较大分歧，场外资金观望情绪较浓。而面对当前偏弱环境，管理层维护市场态度较为积极。家头部券商、基金开启“自购潮”，合计出资超亿元。此外、再融资都有放缓迹象，叠加多家上市公司推出回购计划。整体认为当下股市场估值处于历史偏低水平，政策升温期机会大于风险，耐心等待积极因素从量变到质变对市场产生实质性利好，底部区域不宜过度悲观。一旦压制市场的主要因素出现边际改善，市场随时可能触底反弹。配置上重点关注，一是与经济修复相关度较高的汽车、食品饮料、消费医疗；二是关注科技产业，自主可控领域建议持续关注信创、国产化的催化；三是“中特估”主题投资下受一带一路带动的央国企机会；四是全球半导体周期接近见底自主可控逻辑下，看好半导体产业链机会。哈莉财经以上分析仅供参考，投资有风险入市需谨慎。基金超话,0.0357590547230764,2023-08-22 12:23:33
月日盘前阅读：盘前财经要闻：国内：万亿级市场利好商务部重磅发声，加快出台服务贸易相关政策举措，推动出台关于数字贸易改革创新发展的政策性文件大力发展数字经济核心产业加快推动产业数字化转型数据资产入表正式落地将开启数据要素产业化大时代数据：降低“印花税”呼展开,0.8473884690134706,2023-08-23 07:00:00
重庆市市长：要紧盯“金九银十”，有利于房地产市场的相关政策能出尽出、应出早出财联社新闻的微博视频,-0.4644526842729241,2023-08-22 10:09:34
重庆市市长要紧盯“金九银十”有利于房地产市场的相关政策能出尽出、应出早出,0.0147146803207588,2023-08-22 14:29:05
要紧盯“金九银十”，进一步聚焦问题、攻坚克难，有力有效推进各项工作。要着力解决政策问题，研究落实好有利于房地产市场平稳健康发展的政策举措，相关政策能出尽出、应出早出,-0.2020646562175788,2023-08-22 09:46:43
重庆市市长：有利于房地产市场相关政策能出尽出应出早出大家耐心等待吧，最近消息频出。显然不是买房的好时间。兰州楼市,0.0056872583550309,2023-08-23 15:55:53
重庆市市长：要紧盯“金九银十”，有利于房地产市场的相关政策能出尽出、应出早出财联社财联社新闻的微博视频,0.0313208681205072,2023-08-23 08:39:28
重庆市长：要紧盯“金九银十”有利于房地产市场的相关政策能出尽出、应出早出重庆市长称房地产要紧盯金九银十月日，重庆市召开推动城市建设和房地产发展工作专题会议。重庆市市长胡衡华强调，要紧盯“金九银十”，进一步聚焦问题、攻坚克难，有力有效推进各项工作。要着力解决政策问题，研究落实好有利于房地产市场平稳健康发展的政策举措，相关政策能出尽出、应出早出。要着力解决房地产项目配套设施问题，加快推进前期工作，尽快启动建设。要着力解决保交楼和“两久”“两改”项目等资金问题，抓好向上争取和内部挖潜，多渠道筹集资金。要主动跨前一步，进一步压实责任、凝聚合力，打破思维定势，大力提升效能，做好政策宣传解读，着力引导预期、提振信心，形成良好的政策环境和舆论氛围。财联社,0.0087375236857766,2023-08-31 11:57:26
必须出重拳出猛拳才能巩固企稳回升零利率零首付开搞重庆市市长表示利于房地产政策能出尽出重庆市市长：要紧盯“金九银十”有利于房地产市场的相关政策能出尽出、应出早出重庆市召开推动城市建设和房地产发展工作专题会议。重庆市市长胡衡华强调，要紧盯“金九银十”，进一步聚焦问题、攻坚克难，有力有效推进各项工作。要着力解决政策问题，研究落实好有利于房地产市场平稳健康发展的政策举措，相关政策能出尽出、应出早出。要着力解决房地产项目配套设施问题，加快推进前期工作，尽快启动建设。,-1.0,2023-08-31 09:25:43
重庆市市长：要紧盯“金九银十”有利于房地产市场的相关政策能出尽出、应出早出财联社月日电，重庆市召开推动城市建设和房地产发展工作专题会议。重庆市市长胡衡华强调，要紧盯“金九银十”，进一步聚焦问题、攻坚克难，有力有效推进各项工作。要着力解决政策问题，研究落实好有利于房地产市场平稳健康发展的政策举措，相关政策能出尽出、应出早出。要着力解决房地产项目配套设施问题，加快推进前期工作，尽快启动建设。要着力解决保交楼和“两久”“两改”项目等资金问题，抓好向上争取和内部挖潜，多渠道筹集资金。要主动跨前一步，进一步压实责任、凝聚合力，打破思维定势，大力提升效能，做好政策宣传解读，着力引导预期、提振信心，形成良好的政策环境和舆论氛围。,0.5565430245708308,2023-08-26 15:23:03
清检分享三部门推动落实首套房贷款认房不认贷近日住房城乡建设部、中国人民银行、金融监管总局联合印发了《关于优化个人住房贷款中住房套数认定标准的通知》，推动落实购买首套房贷款“认房不用认贷”政策措施。通知明确，居民家庭（包括借款人、配偶及未成年子女）申请贷款购买商品住房时，家庭成员在当地名下无成套住房的，不论是否已利用贷款购买过住房，银行业金融机构均按首套住房执行住房信贷政策。此项政策作为政策工具，纳入“一城一策”工具箱，供城市自主选用。据住房城乡建设部有关负责同志介绍，此项政策将使更多购房人能够享受首套房贷款的首付比例和利率优惠，有助于降低居民购房成本，更好满足刚性和改善性住房需求。首套房贷款认房不认贷网页链接,0.0,2023-08-27 18:00:18
三部门印发通知推动释放购房需求“认房不认贷”是否会在广东落地？近日，住房城乡建设部、中国人民银行、金融监管总局联合印发了《关于优化个人住房贷款中住房套数认定标准的通知》，推动落实购买首套房贷款“认房不认贷”政策措施。这一政策能释放多大购房需求？在广东会如何落地？记者采访了相关人士。《通知》明确，居民家庭（包括借款人、配偶及未成年子女）申请贷款购买商品住房时，家庭成员在当地名下无成套住房的，不论是否已利用贷款购买过住房，银行业金融机构均按首套住房执行住房信贷政策。如果执行“认房不认贷”政策，只要所在城市无房，即便有贷款（记录或在偿）也可以首套房身份买房；并且此次政策提出将“以家庭为单位”来认定首套房产，调整到“家庭成员为单位”，意味着可以释放出更多的需求。那么接下来在广东，尤其是广州、深圳等地是否会落地“认房不认贷”措施呢？目前，房地产政策是“一城一策”，此次住建部的表述为：此项政策作为政策工具，纳入“一城一策”工具箱，供城市自主选用。因此，具体是否实行“认房不认贷”，要由各个城市决定。目前，广州市住房和城乡建设局官网暂未公布相关政策。也有专家表示，当前“房住不炒”仍是主基调，对于一线热门城市，特别是涉及二套房的政策，要看各城市的具体情况。广东新闻联播的微博视频,-0.2265222010718378,2023-08-28 08:54:17
三部门推动落实首套房贷款认房不认贷近日住房城乡建设部、中国人民银行、金融监管总局联合印发了《关于优化个人住房贷款中住房套数认定标准的通知》，推动落实购买首套房贷款“认房不用认贷”政策措施。通知明确，居民家庭（包括借款人、配偶及未成年子女）申请贷款购买商品住房时，家庭成员在当地名下无成套住房的，不论是否已利用贷款购买过住房，银行业金融机构均按首套住房执行住房信贷政策。此项政策作为政策工具，纳入“一城一策”工具箱，供城市自主选用。据住房城乡建设部有关负责同志介绍，此项政策将使更多购房人能够享受首套房贷款的首付比例和利率优惠，有助于降低居民购房成本，更好满足刚性和改善性住房需求。首套房贷款认房不认贷网页链接,0.0295493066930979,------
深圳无房有贷购房者首付或降至近日，住房城乡建设部、中国人民银行、金融监管总局联合印发了《关于优化个人住房贷款中住房套数认定标准的通知》，推动落实购买首套房贷款“认房不用认贷”政策措施。通知明确，居民家庭（包括借款人、配偶及未成年子女）申请贷款购买商品住房时，家庭成员在展开,-0.0582283571339983,2023-08-26 23:04:50
推动落实买首套房贷款认房不用认贷近日，住房城乡建设部、中国人民银行、金融监管总局联合印发了《关于优化个人住房贷款中住房套数认定标准的通知》，推动落实购买首套房贷款“认房不用认贷”政策措施。通知明确，居民家庭（包括借款人、配偶及未成年子女）申请贷款购买商品住房时，家庭成员在当地名下无成套住房的，不论是否已利用贷款购买过住房，银行业金融机构均按首套住房执行住房信贷政策。此项政策作为政策工具，纳入“一城一策”工具箱，供城市自主选用。新华社央视新闻出彩焦作向未来行走怀川纷享焦作央视新闻的微博视频,0.0271626073508489,2023-08-26 22:44:41
三部门推动落实首套房贷款认房不认贷近日住房城乡建设部、中国人民银行、金融监管总局联合印发了《关于优化个人住房贷款中住房套数认定标准的通知》，推动落实购买首套房贷款“认房不用认贷”政策措施。通知明确，居民家庭（包括借款人、配偶及未成年子女）申请贷款购买商品住房时，家庭成员在展开,0.0051073126534792,2023-08-26 23:19:17
关于贷款套数认定、个税退税优惠，这些重磅购房政策明确日从住房和城乡建设部获悉，近日住房城乡建设部、中国人民银行、金融监管总局联合印发了《关于优化个人住房贷款中住房套数认定标准的通知》，推动落实购买首套房贷款“认房不用认贷”政策措施。通知明确，居民家庭（包括借款人、配偶及未成年子女）申请贷款购买商品住房时，家庭成员在当地名下无成套住房的，不论是否已利用贷款购买过住房，银行业金融机构均按首套住房执行住房信贷政策。此项政策作为政策工具，纳入“一城一策”工具箱，供城市自主选用。据住房城乡建设部有关负责同志介绍，此项政策将使更多购房人能够享受首套房贷款的首付比例和利率优惠，有助于降低居民购房成本，更好满足刚性和改善性住房需求。三部门：延续实施支持居民换购住房有关个人所得财政部、税务总局、住房城乡建设部发布《关于延续实施支持居民换购住房有关个人所得税政策的公告》。自年月日至年月日，对出售自有住房并在现住房出售后年内在市场重新购买住房的纳税人，对其出售现住房已缴纳的个人所得税予以退税优惠。其中，新购住房金额大于或等于现住房转让金额的，全部退还已缴纳的个人所得税；新购住房金额小于现住房转让金额的，按新购住房金额占现住房转让金额的比例退还出售现住房已缴纳的个人所得税。本公告所称现住房转让金额为该房屋转让的市场成交价格。新购住房为新房的，购房金额为纳税人在住房城乡建设部门网签备案的购房合同中注明的成交价格；新购住房为二手房的，购房金额为房屋的成交价格。来源：新华社、央视新闻客户端,1.0,2023-08-28 07:26:13
三部门推动落实首套房认房不认贷相比之前的认房又认贷，住房城乡建设部、中国人民银行、金融监管总局近期联合印发的《关于优化个人住房贷款中住房套数认定标准的通知》，未来的政策是认房不认贷。我以为，这种改变在很大程度上体现出在坚持房住不炒的同时，对住房刚需以及改善性住房需求的保障力度增强。一方面，认房就是为了防止炒作，落实房住不炒，避免个别人占用过多住房。另一方面，不认贷意味着只要是为了满足合理的住房需求，至少从房贷上不再是一个硬杠杠。在当下，要稳定房价，促进房地产行业健康发展，三部委出台这个通知是十分必要的，是非常及时的，但还需要有后续配套动作跟进。,-0.0073398633281021,2023-08-27 10:07:01
深圳无房有贷购房者首付或降至近日，住房城乡建设部、中国人民银行、金融监管总局联合印发了《关于优化个人住房贷款中住房套数认定标准的通知》，推动落实购买首套房贷款“认房不用认贷”政策措施。通知明确，居民家庭（包括借款人、配偶及未成年子女）申请贷款购买商品住房时，家庭成员在当地名下无成套住房的，不论是否已利用贷款购买过住房，银行业金融机构均按首套住房执行住房信贷政策。此项政策作为政策工具，纳入“一城一策”工具箱，供城市自主选用。目前，深圳无房有贷户首付为，若实行“认房不认贷”政策，那么符合条件的购房者首付成本将降至。详情戳深圳无房有贷购房者首付或降至,-0.2740121034229416,2023-08-27 01:25:45
住建部、央行、金融监管总局发布《关于优化个人住房贷款中住房套数认定标准的通知》，推动落实购买首套房贷款“认房不用认贷”政策措施。居民家庭（包括借款人、配偶及未成年子女）申请贷款购买商品住房时，家庭成员在当地名下无成套住房的，不论是否已利用贷款购买过住房，银行业金融机构均按首套住房执行住房信贷政策。此项政策作为政策工具，纳入“一城一策”工具箱，供城市自主选用。,0.0223889938239382,2023-08-27 01:19:38
重磅首套房贷款“认房不用认贷”三部门推动落实购买首套房贷款“认房不用认贷”政策措施记者日从住房和城乡建设部获悉，近日住房城乡建设部、中国人民银行、金融监管总局联合印发了《关于优化个人住房贷款中住房套数认定标准的通知》，推动落实购买首套房贷款“认房不用认贷”政策措施。通知明确，居民家庭（包括借款人、配偶及未成年子女）申请贷款购买商品住房时，家庭成员在当地名下无成套住房的，不论是否已利用贷款购买过住房，银行业金融机构均按首套住房执行住房信贷政策。此项政策作为政策工具，纳入“一城一策”工具箱，供城市自主选用。据住房城乡建设部有关负责同志介绍，此项政策将使更多购房人能够享受首套房贷款的首付比例和利率优惠，有助于降低居民购房成本，更好满足刚性和改善性住房需求。来源：新华社山东潍坊坊子融媒：杨敏彭海程,0.0883032010199607,2023-08-27 06:37:20
重磅三部门发文推动首套房“认房不用认贷”记者月日从住房和城乡建设部获悉，近日住房城乡建设部、中国人民银行、金融监管总局联合印发了《关于优化个人住房贷款中住房套数认定标准的通知》，推动落实购买首套房贷款“认房不用认贷”政策措施。通知明确，居民家庭（包括借款人、配偶及未成年展开,0.3487619828612237,2023-08-27 07:18:36
全文《关于优化个人住房贷款中住房套数认定标准的通知》住房城乡建设部中国人民银行金融监管总局关于优化个人住房贷款中住房套数认定标准的通知建房号各省、自治区、直辖市住房城乡建设厅（委、管委），新疆生产建设兵团住房城乡建设局，中国人民银行上海总部、各省、自治区、直辖市、计划单列市分行，各金融监管局，各国有商业银行、中国邮政储蓄银行、各股份制商业银行：为贯彻落实党中央、国务院决策部署，坚持房子是用来住的、不是用来炒的定位，因城施策用好政策工具箱，优化个人住房贷款中住房套数认定标准，更好满足居民刚性和改善性住房需求，现就有关事项通知如下：一、居民家庭（包括借款人、配偶及未成年子女，下同）申请贷款购买商品住房时，家庭成员在当地名下无成套住房的，不论是否已利用贷款购买过住房，银行业金融机构均按首套住房执行住房信贷政策。二、家庭住房套数由城市政府指定的住房套数查询或认定责任部门，根据居民家庭申请或授权，提供查询服务并出具查询结果或认定证明。三、此项政策作为政策工具，纳入“一城一策”工具箱。《住房城乡建设部中国人民银行中国银行业监督管理委员会关于规范商业性个人住房贷款中第二套住房认定标准的通知》（建房号）、《中国人民银行中国银行业监督管理委员会关于进一步做好住房金融服务工作的通知》（银发号）与本通知不一致的，以本通知为准。住房城乡建设部中国人民银行金融监管总局年月日,-0.0647156847723643,2023-08-27 07:17:19
认房不认贷谁将受益？专家解读专家解读认房不认贷政策近日住房城乡建设部、中国人民银行、金融监管总局联合印发了《关于优化个人住房贷款中住房套数认定标准的通知》，推动落实购买首套房贷款“认房不用认贷”政策措施。易居研究院研究总监严跃进表示，若是执行“认房又认贷”政策，部分有过贷款记录的购房者，其换房方面可能会被认定为二套房，进而导致认购首付比例和利率明显偏高，导致购房成本加大。而按照“认房不认贷”政策，只要名下无房，那就可以按首套房进行认定。这就使得一些有过贷款记录的购房者，也可以享受到首套房的标准，即使得购房的成本快速降低。中新经纬“认房不认贷”来了，谁将受益？专家解读查看图片,0.8503329903681993,2023-08-26 21:43:26
个人住房贷款认房不认贷楼市楼市超话三部门推动落实首套房贷款“认房不用认贷”近日，住房城乡建设部、中国人民银行、金融监管总局联合印发了《关于优化个人住房贷款中住房套数认定标准的通知》，推动落实购买首套房贷款“认房不用认贷”政策措施。笔者观点，会释放一定的需求，但目前楼市观望情绪极厚，刺激效果有待观察。,0.0333655638053269,2023-08-27 04:15:33
住建部等三部门印发通知，推动落实购买首套房贷款认房不认贷三部门推动落实首套房认房不用认贷近日住房城乡建设部、中国人民银行、金融监管总局联合印发了《关于优化个人住房贷款中住房套数认定标准的通知》，推动落实购买首套房贷款“认房不用认贷”政策措施。通知明确，居民家庭（包括借款人、配偶及未成年子女）申请贷款购买商品住房时，家庭成员在当地名下无成套住房的，不论是否已利用贷款购买过住房，银行业金融机构均按首套住房执行住房信贷政策。此项政策作为政策工具，纳入“一城一策”工具箱，供城市自主选用。,-0.08251334230411,------
三部门明确首套房贷款“认房不用认贷”记者日从住房和城乡建设部获悉，近日住房城乡建设部、中国人民银行、金融监管总局联合印发了《关于优化个人住房贷款中住房套数认定标准的通知》，推动落实购买首套房贷款“认房不用认贷”政策措施。通知明确，居民家庭（包括借款人、配偶及未成年子女）申请贷款购买商品住房时，家庭成员在当地名下无成套住房的，不论是否已利用贷款购买过住房，银行业金融机构均按首套住房执行住房信贷政策。此项政策作为政策工具，纳入“一城一策”工具箱，供城市自主选用。据住房城乡建设部有关负责同志介绍，此项政策将使更多购房人能够享受首套房贷款的首付比例和利率优惠，有助于降低居民购房成本，更好满足刚性和改善性住房需求。香港衛視的微博视频,0.02955157071229,2023-08-28 09:48:07
三部门推动购买首套房认房不认贷重磅三部门明确首套房贷款“认房不用认贷”近日住房城乡建设部、中国人民银行、金融监管总局联合印发了《关于优化个人住房贷款中住房套数认定标准的通知》，推动落实购买首套房贷款“认房不用认贷”政策措施。通知明确，居民家庭申请贷款购买商品住房时，家庭成员在当地名下无成套住房的，不论是否已利用贷款购买过住房，银行业金融机构均按首套住房执行住房信贷政策。据介绍，此项政策将使更多购房人能够享受首套房贷款的首付比例和利率优惠，有助于降低居民购房成本，更好满足刚性和改善性住房需求。派财经官微派财经官微的微博视频,-0.0071699875450843,------
三部门：推动落实买首套房贷款认房不用认贷近日住房城乡建设部、中国人民银行、金融监管总局联合印发了《关于优化个人住房贷款中住房套数认定标准的通知》，推动落实购买首套房贷款“认房不用认贷”政策措施。通知明确，居民家庭（包括借款人、配偶及未成年子女）申请贷款购买商品住房时，家庭成展开,-0.0186911204314558,2023-08-27 01:23:14
住房城乡建设部中国人民银行金融监管总局关于优化个人住房贷款中住房套数认定标准的通知,-0.1637589013028449,2023-08-26 17:24:01
三部门推动落实首套房贷款认房不认贷近日住房城乡建设部、中国人民银行、金融监管总局联合印发了《关于优化个人住房贷款中住房套数认定标准的通知》，推动落实购买首套房贷款“认房不用认贷”政策措施。通知明确，居民家庭（包括借款人、配偶及未成年子女）申请贷款购买商品住房时，家庭成员在当地名下无成套住房的，不论是否已利用贷款购买过住房，银行业金融机构均按首套住房执行住房信贷政策。此项政策作为政策工具，纳入“一城一策”工具箱，供城市自主选用。据住房城乡建设部有关负责同志介绍，此项政策将使更多购房人能够享受首套房贷款的首付比例和利率优惠，有助于降低居民购房成本，更好满足刚性和改善性住房需求。首套房贷款认房不认贷网页链接,0.0045071694772096,2023-08-28 09:48:07
这队的运营就没个正常人吗作为二娃人迷，我是百分百支持他离开这个队。他现在又不是七老八十踢不动了，去个能踢上比赛的球队，健健康康、快快乐乐过完职业生涯。有些人凭啥用道德绑架他，非要“一人一城”。现在职业生涯末期，他职业生涯早期和中期这队又有多少支持他炒了范加尔，海因克斯带回了高档，穆勒从十号位变成哪里需要哪里搬的人。俱乐部强行给瓜迪奥拉塞个格策，也是因为不肯为内马尔花钱内马尔要是来打的也是穆勒当时的位置。给安切洛蒂租来了罗，给科瓦奇租来了酷鸟，纳格尔斯曼扶正了穆夏拉，还有现在空降的秃鹤。除了弗里克，哪个教练来，不是先拿穆勒开刀这剧情一次次重复，穆勒不累，穆勒的球迷看都看累了。一面说穆勒不可或缺，一面对他的态度就是可有可无。别再说人家皇马没人情味，你拜仁又有多少人情味。大家好聚好散希望二娃别再愚忠了，这队不值得,0.0015617681459957,------
深圳无房有贷购房者首付或降至近日，住房城乡建设部、中国人民银行、金融监管总局联合印发了《关于优化个人住房贷款中住房套数认定标准的通知》，推动落实购买首套房贷款“认房不用认贷”政策措施。通知明确，居民家庭（包括借款人、配偶及未成年子女）申请贷款购买商品住房时，家庭成员在当地名下无成套住房的，不论是否已利用贷款购买过住房，银行业金融机构均按首套住房执行住房信贷政策。此项政策作为政策工具，纳入“一城一策”工具箱，供城市自主选用。目前，深圳无房有贷户首付为，若实行“认房不认贷”政策，那么符合条件的购房者首付成本将降至。,-0.0073351374743774,2023-08-26 19:03:06
凤检转播推动落实购买首套房贷款认房不用认贷近日，住房城乡建设部、中国人民银行、金融监管总局联合印发了通知，推动落实购买首套房贷款“认房不用认贷”政策措施。通知明确，居民家庭（包括借款人、配偶及未成年子女）申请贷款购买商品住房时，家庭成员在当地名下无成套住房的，不论是否已利用贷款购买过住房，银行业金融机构均按首套住房执行住房信贷政策。此项政策作为政策工具，纳入“一城一策”工具箱，供城市自主选用。（央视）央视新闻的微博视频,0.0103468934085508,2023-08-26 16:56:51
推动落实买首套房贷款认房不用认贷近日，住房城乡建设部、中国人民银行、金融监管总局联合印发了《关于优化个人住房贷款中住房套数认定标准的通知》，推动落实购买首套房贷款“认房不用认贷”政策措施。通知明确，居民家庭（包括借款人、配偶及未成年子女）申请贷款购买商品住房时，家庭成员在当地名下无成套住房的，不论是否已利用贷款购买过住房，银行业金融机构均按首套住房执行住房信贷政策。此项政策作为政策工具，纳入“一城一策”工具箱，供城市自主选用。新华社央视新闻出彩焦作向未来行走怀川纷享焦作央视新闻的微博视频,0.0041352931232289,2023-08-26 23:54:03
三部门推动落实首套房贷款认房不认贷近日住房城乡建设部、中国人民银行、金融监管总局联合印发了《关于优化个人住房贷款中住房套数认定标准的通知》，推动落实购买首套房贷款“认房不用认贷”政策措施。通知明确，居民家庭（包括借款人、配偶及未成年子女）申请贷款购买商品住房时，家庭成员在当地名下无成套住房的，不论是否已利用贷款购买过住房，银行业金融机构均按首套住房执行住房信贷政策。此项政策作为政策工具，纳入“一城一策”工具箱，供城市自主选用。据住房城乡建设部有关负责同志介绍，此项政策将使更多购房人能够享受首套房贷款的首付比例和利率优惠，有助于降低居民购房成本，更好满足刚性和改善性住房需求。首套房贷款认房不认贷（来源：新华社）,0.0007784286470498,2023-08-27 11:01:45
推动落实购买首套房贷款认房不用认贷近日，住房城乡建设部、中国人民银行、金融监管总局联合印发了通知，推动落实购买首套房贷款“认房不用认贷”政策措施。通知明确，居民家庭（包括借款人、配偶及未成年子女）申请贷款购买商品住房时，家庭成员在当地名下无成套住房的，不论是否已利用贷款购买过住房，银行业金融机构均按首套住房执行住房信贷政策。此项政策作为政策工具，纳入“一城一策”工具箱，供城市自主选用。（央视）央视新闻的微博视频,0.0093021356255722,------
三部门：将首套房贷款认房不用认贷纳入一城一策工具箱供城市自主选用、认房不认贷政策，算是近期有一定力度的支持房地产政策。主要受惠的是一线及强二线城市。主要受惠群体是大城市的改善型客户。这个政策在一定程度上，能够刺激并释放改善型需求。所以对于中大面积单元，对于中高价格单元市场，会形成支撑。由于这个是针对市场的局部，所以不太可能掀起购房潮，只会对特定城市，特定客户，特定产品，形成新的购买需求。利好局部、主管部门已经明确了可实施认房不认贷。接下来就要看哪些城市会跟进。我个人认为暂时还比较模糊，很难判断。大概率二线城市会有一大部分落地该政策。毕竟相对而言，二线城市在政策制定上自主权更大。而一线城市会否跟进，存在较大较大疑问。如果跟进，也会是二线城市落地之后才会推出。（据说昨天深圳开始执行，但至今没有看到官宣）,-9.781781871798928e-05,2023-08-27 01:23:14
深圳无房有贷购房者首付或降至近日，住房城乡建设部、中国人民银行、金融监管总局联合印发了《关于优化个人住房贷款中住房套数认定标准的通知》，推动落实购买首套房贷款“认房不用认贷”政策措施。通知明确，居民家庭（包括借款人、配偶及未成年子女）申请贷款购买商品住房时，家庭成员在当地名下无成套住房的，不论是否已利用贷款购买过住房，银行业金融机构均按首套住房执行住房信贷政策。此项政策作为政策工具，纳入“一城一策”工具箱，供城市自主选用。目前，深圳无房有贷户首付为，若实行“认房不认贷”政策，那么符合条件的购房者首付成本将降至。详情戳深圳无房有贷购房者首付或降至,-0.0421422031414528,2023-08-26 17:24:01
住建部、央行、金融监管总局发布《关于优化个人住房贷款中住房套数认定标准的通知》，推动落实购买首套房贷款“认房不用认贷”政策措施。居民家庭（包括借款人、配偶及未成年子女）申请贷款购买商品住房时，家庭成员在当地名下无成套住房的，不论是否已利用贷款购买过住房，银行业金融机构均按首套住房执行住房信贷政策。此项政策作为政策工具，纳入“一城一策”工具箱，供城市自主选用。,0.0034150036289095,2023-08-26 22:49:45
重磅首套房贷款“认房不用认贷”三部门推动落实购买首套房贷款“认房不用认贷”政策措施记者日从住房和城乡建设部获悉，近日住房城乡建设部、中国人民银行、金融监管总局联合印发了《关于优化个人住房贷款中住房套数认定标准的通知》，推动落实购买首套房贷款“认房不用认贷”政策措施。通知明确，居民家庭（包括借款人、配偶及未成年子女）申请贷款购买商品住房时，家庭成员在当地名下无成套住房的，不论是否已利用贷款购买过住房，银行业金融机构均按首套住房执行住房信贷政策。此项政策作为政策工具，纳入“一城一策”工具箱，供城市自主选用。据住房城乡建设部有关负责同志介绍，此项政策将使更多购房人能够享受首套房贷款的首付比例和利率优惠，有助于降低居民购房成本，更好满足刚性和改善性住房需求。来源：新华社山东潍坊坊子融媒：杨敏彭海程,0.0134865709213911,2023-08-28 06:09:39
重磅三部门发文推动首套房“认房不用认贷”记者月日从住房和城乡建设部获悉，近日住房城乡建设部、中国人民银行、金融监管总局联合印发了《关于优化个人住房贷款中住房套数认定标准的通知》，推动落实购买首套房贷款“认房不用认贷”政策措施。通知明确，居民家庭（包括借款人、配偶及未成年子女）申请贷款购买商品住房时，家庭成员在当地名下无成套住房的，不论是否已利用贷款购买过住房，银行业金融机构均按首套住房执行住房信贷政策。此项政策作为政策工具，纳入“一城一策”工具箱，供城市自主选用。据住房城乡建设部有关负责同志介绍，此项政策将使更多购房人能够享受首套房贷款的首付比例和利率优惠，有助于降低居民购房成本，更好满足刚性和改善性住房需求。来源丨新华社（版权归原作者所有，如有侵权请联系删除）,0.053731243200467,2023-08-27 09:17:04
认房不认贷，可以多贷出来的贷款，而且一城一策，每个城市都可以买套房。所以说，想搞好经济、股市、哪个行业，有关部门还是有办法的，工具箱里并不全是喇叭，就看是不是真的想搞好了。,0.0168596026955612,2023-08-26 15:41:21
认房不认贷，官宣。一城一策来实施。,-0.0011119582762437,------
新闻早知道年月日星期六农历七月十一三部门：将首套房贷款“认房不用认贷”纳入一城一策工具箱，供城市自主选用。财政部：延续实施粤港澳大湾区个人所得税优惠政策至底。人社部设立落实就业补助政策监督举报平台。市场监管总局：严禁使用原产地为日本的水产品制作餐食。河南叶县岩盐储量可供全国吃万年；多地通告：串通操纵食盐价格最高罚万元。多地规定不得因暑假作业未完成而处罚学生，合肥设两周“缓交期”。浙江嘉兴：全面取消限购限售，指导商业银行调整存量房贷利率。开发商承诺“降价补差价”，深圳年内首个“保价”楼盘出炉。北京摸排整治非法医疗美容，非医务工作者不得提供医美服务。好声音暂停播出，好声音制作方母公司股价暴跌超。,-0.0010834137649118,2023-08-26 20:17:04
白话数据年月日建委新房住宅网签套，二手房住宅网签套（网签数据有滞后）。大中介前台挂牌房源量套（中介春节休假前），持续关注。昨日楼市热点：近日，住房城乡建设部、中国人民银行、金融监管总局联合印发了《关于优化个人住房贷款中住房套数认定标准的通知》，推动落实购买首套房贷款“认房不用认贷”政策措施。通知明确，居民家庭包括借款人、配偶及未成年子女申请贷款购买商品住房时，家庭成员在当地名下无成套住房的，不论是否已利用贷款购买过住房，银行业金融机构均按首套住房执行住房信贷政策。此项政策作为政策工具，纳入“一城一策”工具箱，供城市自主选用。月日，北京市规自委挂牌宗预申请住宅用地：房山区拱辰街道地块、、地块，地块土地面积，建筑控制规模，用地性质为二类居住用地、基础教育用地，交易起始价亿元。月日，北京市规自委发布调整通知，将以下宗地块调出年度拟供应商品住宅用地项目清单（第二轮）：朝阳区小红门乡剩余土地一级开发项目二类居住用地、托幼用地。调出原因：正在进行考古发掘工作。通州区宋庄镇寨辛庄村等五村土地一级开发项目、等地块。调出原因：优化区域规划。房山区长阳镇北广阳城棚户区改造项目二片区入市地块、地块。调出原因：正在进行考古发掘工作。房山区拱辰街道地块二类居住用地。调出原因：优化周边配套设施。财政部网站月日消息，财政部会同有关部门发布多项税费优惠政策。在支持居民改善住房条件方面明确，自年月日至年月日，对出售自有住房并在现住房出售后年内在市场重新购买住房的纳税人，对其出售现住房已缴纳的个人所得税予以退税优惠。,0.0094120828947425,------
今日热点新闻一览、财政部日印发通知，从减税降费、加强财政金融政策协同、发挥资金引导作用等方面，加强财税支持政策落实，促进中小企业健康高质量发展。、住房和城乡建设部、中国人民银行、金融监管总局近日联合印发通知，明确居民家庭（包括借款人、配偶及未成年子女）申请贷款购买商品住房时，家庭成员在当地名下无成套住房的，银行业金融机构均按首套住房执行住房信贷政策。此项政策作为政策工具，纳入“一城一策”工具箱，供城市自主选用。、财政部、国家税务总局、住房和城乡建设部日前发布公告称，自年月日至年月日，对出售自有住房并在现住房出售后年内在市场重新购买住房的纳税人，对其出售现住房已缴纳的个人所得税予以退税优惠。、农业农村部、国家标准委、住房和城乡建设部近日联合印发《乡村振兴标准化行动方案》。《方案》经国务院标准化协调推进部际联席会议审议通过，共有个部门参与实施，提出到年，农业高质量发展标准体系基本建立。、日，中国外交部发言人针对日本强推核污染水排海表示：日方应当立即纠正向全世界转嫁核污染风险的自私自利行为，不要让“福岛之水”成为“日本之耻”。、市场监管总局日发布，严禁食品生产经营者采购、使用原产地为日本的水产品加工食品、制作餐食或进行销售；严查食盐囤积居奇、捏造散布食盐涨价信息等哄抬价格违法行为。、近日，市场监管总局等四部门部署秋季学校食品安全工作。督促校外供餐单位和学校在开学前全面开展自查，对发现的食品安全问题和隐患建立清单，限期及时整改。、国家外汇管理局日发布统计数据，年月，中国外汇市场（不含外币对市场，下同）总计成交万亿元人民币（等值万亿美元）。、近日，国家卫生健康委办公厅印发《基层卫生健康便民惠民服务举措》，从年间围绕方便居民就医、优化服务提供、简化就医流程、改善服务体验、做好慢病管理等方面提出条具体措施。、国铁集团日消息，月日至月日，铁路迎来学生客流高峰，全国铁路预计发送学生旅客万人次，高峰日预计发送万人次。、水利部日时针对江苏、安徽、山东、河南、湖北、湖南、重庆、四川、贵州、云南、西藏、陕西、甘肃等省区市启动洪水防御级应急响应。受强降雨影响，预计日至日多河流将出现明显涨水过程。、日，谷神星一号遥八运载火箭在我国酒泉卫星发射中心发射成功。、日，载重能力达到万吨的“四航永兴”号半潜驳船在广东江门交付投用。这艘船是目前全球最大的江海两用半潜驳船。、中央气象台日时发布暴雨黄色预警，预计日时至日时，四川东部、重庆、陕西南部和北部、山西、河南中西部、湖北西部等地部分地区有大到暴雨，其中，四川东北部、重庆北部、陕西南部、河南西部、湖北西北部等地部分地区有大暴雨。国际热点资讯一览、近日，经国家文物局授权，中国驻瑞士大使与瑞方签署返还协议，瑞士向我国返还件流失文物艺术品。、日前，美国前总统特朗普就涉嫌推翻年总统选举佐治亚州结果，向该州司法当局自首，并在完成自首流程后离开了富尔顿县监狱。、当地时间月日，美联储主席鲍威尔表示，为抑制通胀压力，美联储准备在适当的情况下进一步加息，同时保持限制性的政策立场，直到确保通胀率降至的目标水平。、当地时间月日，第十届东盟财长和央行行长会议在印尼首都雅加达举办期间，印尼央行与马来西亚央行和泰国央行签署了有关本币交易的谅解备忘录，以减少对美元的依赖。、当地时间月日，波兰农业部长泰卢斯在与保加利亚等四国农业部长会晤后宣布，五国已就乌克兰农产品问题达成一致立场，建议将乌克兰农产品进口禁令延长至今年年底。、全球环境基金第七届成员国大会近日在加拿大温哥华同意设立全球生物多样性框架基金，以加快对野生物种和生态系统的保护。,0.0400339149960777,2023-08-26 12:11:18
每日资讯简报，一分钟知天下事早上好年月日星期六农历七月十一、三部门：首套房贷款“认房不认贷”纳入一城一策工具箱，供城市自主选用；、市监总局：严禁使用日本水产品制作餐食，严查哄抬食盐价格；、全国铁路迎来入学、返校客流，预计发送学生旅客万人次；、今年第号台风“达维”生成，预计将影响日本东部沿海地区；、浙江卫视宣布暂停播出《中国好声音》，制作方母公司股价已暴跌超；、“家有位数”退休干部孙女“北极鲶鱼”炫富，查了个月仍在等通报；、日本化妆品在华销量大幅下滑，多个品牌遭退货，日本一天内两次地震；、研究称气候变化致南极海冰损失，帝企鹅大面积繁殖失败；、日本水产行业哀鸿遍野东电社长声称：想向中方解释，希望撤销进口管制措施；、北京暴雨暴雨天气，出行注意安全；（每日资讯简报）微语不求所有日子都泛着光，只愿你每天都承载着健康，温暖和希望。早安周末愉快秦东记的微博视频,1.0,------
住建部等三部门印发通知，推动落实购买首套房贷款认房不认贷三部门推动落实首套房认房不用认贷近日住房城乡建设部、中国人民银行、金融监管总局联合印发了《关于优化个人住房贷款中住房套数认定标准的通知》，推动落实购买首套房贷款“认房不用认贷”政策措施。通知明确，居民家庭（包括借款人、配偶及未成年子女）申请贷款购买商品住房时，家庭成员在当地名下无成套住房的，不论是否已利用贷款购买过住房，银行业金融机构均按首套住房执行住房信贷政策。此项政策作为政策工具，纳入“一城一策”工具箱，供城市自主选用。,-0.0126262011113066,2023-08-27 18:35:24
深圳首套房贷款认房不用认贷三部门明确通知明确，居民家庭（包括借款人、配偶及未成年子女）申请贷款购买商品住房时，家庭成员在当地名下无成套住房的，不论是否已利用贷款购买过住房，银行业金融机构均按首套住房执行住房信贷政策。此项政策作为政策工具，纳入“一城一策”工具箱，供城市自主选用。首套房贷款“认房不用认贷”三部门明确,-0.0085017408091712,2023-08-27 09:56:39
三部门明确首套房贷款“认房不用认贷”记者日从住房和城乡建设部获悉，近日住房城乡建设部、中国人民银行、金融监管总局联合印发了《关于优化个人住房贷款中住房套数认定标准的通知》，推动落实购买首套房贷款“认房不用认贷”政策措施。通知明确，居民家庭（包括借款人、配偶及未成年子女）申请贷款购买商品住房时，家庭成员在当地名下无成套住房的，不论是否已利用贷款购买过住房，银行业金融机构均按首套住房执行住房信贷政策。此项政策作为政策工具，纳入“一城一策”工具箱，供城市自主选用。据住房城乡建设部有关负责同志介绍，此项政策将使更多购房人能够享受首套房贷款的首付比例和利率优惠，有助于降低居民购房成本，更好满足刚性和改善性住房需求。香港衛視的微博视频,0.0045075148091087,2023-08-26 13:50:16
三部门：推动落实买首套房贷款认房不用认贷近日住房城乡建设部、中国人民银行、金融监管总局联合印发了《关于优化个人住房贷款中住房套数认定标准的通知》，推动落实购买首套房贷款“认房不用认贷”政策措施。通知明确，居民家庭（包括借款人、配偶及未成年子女）申请贷款购买商品住房时，家庭成员在当地名下无成套住房的，不论是否已利用贷款购买过住房，银行业金融机构均按首套住房执行住房信贷政策。此项政策作为政策工具，纳入“一城一策”工具箱，供城市自主选用。据住房城乡建设部有关负责同志介绍，此项政策将使更多购房人能够享受首套房贷款的首付比例和利率优惠，有助于降低居民购房成本，更好满足刚性和改善性住房需求。的微博视频,-0.0028483279417975,------
一、居民家庭（包括借款人、配偶及未成年子女，下同）申请贷款购买商品住房时，家庭成员在当地名下无成套住房的，不论是否已利用贷款购买过住房，银行业金融机构均按首套住房执行住房信贷政策。二、家庭住房套数由城市政府指定的住房套数查询或认定责任部门，根据居民家庭申请或授权，提供查询服务并出具查询结果或认定证明。三、此项政策作为政策工具，纳入“一城一策”工具箱。《住房城乡建设部中国人民银行中国银行业监督管理委员会关于规范商业性个人住房贷款中第二套住房认定标准的通知》（建房号）、《中国人民银行中国银行业监督管理委员会关于进一步做好住房金融服务工作的通知》（银发号）与本通知不一致的，以本通知为准。,-0.0042631332426297,2023-08-26 17:13:33
三部门重磅发布“认房不用认贷”来了，谁能受益？官方推动落实购买首套房贷款认房不用认贷近日，住房和城乡建设部、中国人民银行、国家金融监管总局联合印发了《关于优化个人住房贷款中住房套数认定标准的通知》，推动落实购买首套房贷款“认房不用认贷”政策措施。通知明确，居民家庭（包括展开,-7.434216582643434e-05,2023-08-26 13:42:57
推动落实首套房认房不认贷政策从住房和城乡建设部获悉，近日住房城乡建设部、中国人民银行、金融监管总局联合印发了《关于优化个人住房贷款中住房套数认定标准的通知》，推动落实购买首套房贷款“认房不用认贷”政策措施。通知明确，居民家庭（包括借款人、配偶及未成年子女）申请贷款购买商品住房时，家庭成员在当地名下无成套住房的，不论是否已利用贷款购买过住房，银行业金融机构均按首套住房执行住房信贷政策。此项政策作为政策工具，纳入“一城一策”工具箱，供城市自主选用。据住房城乡建设部有关负责同志介绍，此项政策将使更多购房人能够享受首套房贷款的首付比例和利率优惠，有助于降低居民购房成本，更好满足刚性和改善性住房需求。推动落实购买首套房贷款认房不用认贷,0.0068869730233385,2023-08-26 12:54:08
三部门明确首套房贷款认房不用认贷近日，住房城乡建设部、中国人民银行、金融监管总局联合印发了通知，推动落实购买首套房贷款“认房不用认贷”政策措施。通知明确，居民家庭（包括借款人、配偶及未成年子女）申请贷款购买商品住房时，家庭成员在当地名下无成套住房的，不论是否已利用贷款购买过住房，银行业金融机构均按首套住房执行住房信贷政策。此项政策作为政策工具，纳入“一城一策”工具箱，供城市自主选用。住房城乡建设部表示，此项政策将使更多购房人能够享受首套房贷款的首付比例和利率优惠，有助于降低居民购房成本，更好满足刚性和改善性住房需求。（资料住房和城乡建设部、新华社）,0.0179456409335408,2023-08-26 12:37:50
三部门：将首套房贷款“认房不用认贷”纳入“一城一策”工具箱供城市自主选用近日住房城乡建设部、中国人民银行、金融监管总局联合印发了《关于优化个人住房贷款中住房套数认定标准的通知》，推动落实购买首套房贷款“认房不用认贷”政策措施。通知明确，居民家庭（包括借款人、配偶及未成年子女）申请贷款购买商品住房时，家庭成员在当地名下无成套住房的，不论是否已利用贷款购买过住房，银行业金融机构均按首套住房执行住房信贷政策。此项政策作为政策工具，纳入“一城一策”工具箱，供城市自主选用。据住房城乡建设部有关负责同志介绍，此项政策将使更多购房人能够享受首套房贷款的首付比例和利率优惠，有助于降低居民购房成本，更好满足刚性和改善性住房需求。,-0.0007899278475882,2023-08-26 11:40:02
认房不认贷，换房退税政策真的要来了？三部门：将首套房贷款“认房不用认贷”纳入“一城一策”工具箱供城市自主选用，深圳会启用吗？,-0.0005189317505188,2023-08-26 12:53:57
通知明确，居民家庭（包括借款人、配偶及未成年子女）申请贷款购买商品住房时，家庭成员在当地名下无成套住房的，不论是否已利用贷款购买过住房，银行业金融机构均按首套住房执行住房信贷政策。此项政策作为政策工具，纳入“一城一策”工具箱，供城市自主选用。据住房城乡建设部有关负责同志介绍，此项政策将使更多购房人能够享受首套房贷款的首付比例和利率优惠，有助于降低居民购房成本，更好满足刚性和改善性住房需求。,-0.0077461829217891,2023-08-26 11:47:18
推动落实首套房贷款认房不认贷三部门“一城一策”工具箱。据住房城乡建设部有关负责同志介绍，此项政策将使更多购房人能够享受首套房贷款的首付比例和利率优惠，有助于降低居民购房成本，更好满足刚性和改善性住房需求。首套房贷款认房不认贷,0.0025867233521376,------
财政部官宣，这类情况全额退近日，财政部发布了关于延续实施支持居民换购住房有关个人所得税政策的公告。为继续支持居民改善住房条件，现就有关个人所得税政策公告如下：一、自年月日至年月日，对出售自有住房并在现住房出售后年内在市场重新购买住房的纳税人，对其出售现住房已缴纳的个人所得税予以退税优惠。其中，新购住房金额大于或等于现住房转让金额的，全部退还已缴纳的个人所得税；新购住房金额小于现住房转让金额的，按新购住房金额占现住房转让金额的比例退还出售现住房已缴纳的个人所得税。二、本公告所称现住房转让金额为该房屋转让的市场成交价格。新购住房为新房的，购房金额为纳税人在住房城乡建设部门网签备案的购房合同中注明的成交价格；新购住房为二手房的，购房金额为房屋的成交价格。三、享受本公告规定优惠政策的纳税人须同时满足以下条件：纳税人出售和重新购买的住房应在同一城市范围内。同一城市范围是指同一直辖市、副省级城市、地级市（地区、州、盟）所辖全部行政区划范围。出售自有住房的纳税人与新购住房之间须直接相关，应为新购住房产权人或产权人之一。四、符合退税优惠政策条件的纳税人应向主管税务机关提供合法、有效的售房、购房合同和主管税务机关要求提供的其他有关材料，经主管税务机关审核后办理退税。深圳楼市,0.0094044795260429,2023-08-25 22:16:41
关于延续实施支持居民换购住房有关个人所得税政策的公告财政部、税务总局、住房城乡建设部发布年第号公告，明确自年月日至年月日，对出售自有住房并在现住房出售后年内在市场重新购买住房的纳税人，对其出售现住房已缴纳的个人所得税予以退税优惠。其中，新购住房金额大于或等于现住房转让金额的，全部退还已缴纳的个人所得税；新购住房金额小于现住房转让金额的，按新购住房金额占现住房转让金额的比例退还出售现住房已缴纳的个人所得税。微博正文来源：中国政府网,0.0397773753758843,2023-08-25 22:16:28
财政部、税务总局、住房城乡建设部发布《关于延续实施支持居民换购住房有关个人所得税政策的公告》自年月日至年月日，对出售自有住房并在现住房出售后年内在市场重新购买住房的纳税人，对其出售现住房已缴纳的个人所得税予以退税优惠。其中，新购住房金额大于或等于现住房转让金额的，全部退还已缴纳的个人所得税；新购住房金额小于现住房转让金额的，按新购住房金额占现住房转让金额的比例退还出售现住房已缴纳的个人所得税。本公告所称现住房转让金额为该房屋转让的市场成交价格。新购住房为新房的，购房金额为纳税人在住房城乡建设部门网签备案的购房合同中注明的成交价格；新购住房为二手房的，购房金额为房屋的成交价格。,-0.0207237184216796,2023-08-25 22:27:31
关于延续实施支持居民换购住房有关个人所得税政策的公告财政部、税务总局、住房城乡建设部发布年第号公告，明确自年月日至年月日，对出售自有住房并在现住房出售后年内在市场重新购买住房的纳税人，对其出售现住房已缴纳的个人所得税予以退税优惠。其中，新购住房金额大于或等于现住房转让金额的，全部退还已缴纳的个人所得税；新购住房金额小于现住房转让金额的，按新购住房金额占现住房转让金额的比例退还出售现住房已缴纳的个人所得税。网页链接,-0.0562645029488327,2023-08-26 09:11:49
《关于优化个人住房贷款中住房套数认定标准的通知》，推动落实购买首套房贷款“认房不用认贷”政策措施。通知明确，居民家庭（包括借款人、配偶及未成年子女）申请贷款购买商品住房时，家庭成员在当地名下无成套住房的，不论是否已利用贷款购买过住房，银行业金融机构均按首套住房执行住房信贷政策。此项政策作为政策工具，纳入“一城一策”工具箱，供城市自主选用。据住房城乡建设部有关负责同志介绍，此项政策将使更多购房人能够享受首套房贷款的首付比例和利率优惠，有助于降低居民购房成本，更好满足刚性和改善性住房需求。除此之外，财政部、税务总局、住房城乡建设部发布《关于延续实施支持居民换购住房有关个人所得税政策的公告》。自年月日至年月日，对出售自有住房并在现住房出售后年内在市场重新购买住房的纳税人，对其出售现住房已缴纳的个人所得税予以退税优惠。其中，新购住房金额大于或等于现住房转让金额的，全部退还已缴纳的个人所得税；新购住房金额小于现住房转让金额的，按新购住房金额占现住房转让金额的比例退还出售现住房已缴纳的个人所得税。本公告所称现住房转让金额为该房屋转让的市场成交价格。新购住房为新房的，购房金额为纳税人在住房城乡建设部门网签备案的购房合同中注明的成交价格；新购住房为二手房的，购房金额为房屋的成交价格。,0.0042785957353108,2023-08-25 20:39:46
三部门：延续实施支持居民换购住房有关个人所得税政策财政部、税务总局、住房城乡建设部发布《关于延续实施支持居民换购住房有关个人所得税政策的公告》。一、自年月日至年月日，对出售自有住房并在现住房出售后年内在市场重新购买住房的纳税人，对其出售现住房已缴纳的个人所得税予以退税优惠。其中，新购住房金额大于或等于现住房转让金额的，全部退还已缴纳的个人所得税；新购住房金额小于现住房转让金额的，按新购住房金额占现住房转让金额的比例退还出售现住房已缴纳的个人所得税。二、本公告所称现住房转让金额为该房屋转让的市场成交价格。新购住房为新房的，购房金额为纳税人在住房城乡建设部门网签备案的购房合同中注明的成交价格；新购住房为二手房的，购房金额为房屋的成交价格。详情如下新华网山西政法,0.006401832964405,------
滇旅微头条三部门：延续实施支持居民换购住房有关个人所得税政策财政部、税务总局、住房城乡建设部发布《关于延续实施支持居民换购住房有关个人所得税政策的公告》。一、自年月日至年月日，对出售自有住房并在现住房出售后年内在市场重新购买住房的纳税人，对其出售现住房已缴纳的个人所得税予以退税优惠。其中，新购住房金额大于或等于现住房转让金额的，全部退还已缴纳的个人所得税；新购住房金额小于现住房转让金额的，按新购住房金额占现住房转让金额的比例退还出售现住房已缴纳的个人所得税。二、本公告所称现住房转让金额为该房屋转让的市场成交价格。新购住房为新房的，购房金额为纳税人在住房城乡建设部门网签备案的购房合同中注明的成交价格；新购住房为二手房的，购房金额为房屋的成交价格。详情如下（新华网）,0.0268334614269183,2023-08-25 17:11:20
三部门：延续实施支持居民换购住房有关个人所得税政策财政部、税务总局、住房城乡建设部发布《关于延续实施支持居民换购住房有关个人所得税政策的公告》。一、自年月日至年月日，对出售自有住房并在现住房出售后年内在市场重新购买住房的纳税人，对其出售现住房已缴纳的个人所得税予以退税优惠。其中，新购住房金额大于或等于现住房转让金额的，全部退还已缴纳的个人所得税；新购住房金额小于现住房转让金额的，按新购住房金额占现住房转让金额的比例退还出售现住房已缴纳的个人所得税。二、本公告所称现住房转让金额为该房屋转让的市场成交价格。新购住房为新房的，购房金额为纳税人在住房城乡建设部门网签备案的购房合同中注明的成交价格；新购住房为二手房的，购房金额为房屋的成交价格。详情如下,-0.4779791119703599,------
三部门：延续支持居民换购住房有关个人所得税政策实施财政部、税务总局、住房城乡建设部发布《关于延续实施支持居民换购住房有关个人所得税政策的公告》。自年月日至年月日，对出售自有住房并在现住房出售后年内在市场重新购买住房的纳税人，对其出售现住房已缴纳的个人所得税予以退税优惠。其中，新购住房金额大于或等于现住房转让金额的，全部退还已缴纳的个人所得税；新购住房金额小于现住房转让金额的，按新购住房金额占现住房转让金额的比例退还出售现住房已缴纳的个人所得税。本公告所称现住房转让金额为该房屋转让的市场成交价格。新购住房为新房的，购房金额为纳税人在住房城乡建设部门网签备案的购房合同中注明的成交价格；新购住房为二手房的，购房金额为房屋的成交价格。,-1.0,2023-08-26 06:54:14
这个是真实惠。。。《太原楼市出新政：支持居民换购住房退还个人所得税》,0.0735272354735663,------
太原楼市出新政：太原支持居民换购住房退还个税太原市人民政府办公室印发《关于促进房地产市场平稳发展的若干措施》，已开始实施。《措施》的主要内容有项，包括满足刚性住房需求、支持改善性住房需求、加大助企纾困力度、加快建立租购并举的住房制度等。《措施》提到，在太原市购买新建商品住房的，按照中国人民银行、国家金融监督管理总局有关政策下限执行首套房和二套房最低按揭贷款首付比例和贷款利率。支持居民换购住房退还个人所得税，自年月日起至年月日，对出售自有住房并在现住房出售后年内在太原市范围内重新购买住房的纳税人，对其出售现住房已缴纳的个人所得税予以退税优惠。企业监管账户内资金达到《商品房预售资金监管办法》规定的重点监管资金额度后，房地产企业可向商业银行申请出具保函置换重点监管额度内资金，保函置换金额不得超过监管账户中确保项目竣工交付所需资金额度的。来自财联社,-0.1867247986967952,2023-08-26 19:42:47
太原楼市出新政：支持居民换购住房退还个人所得税财联社财联社新闻的微博视频,0.0456065795183366,------
太原支持居民换购住房退还个税月日消息，太原市人民政府办公室印发《关于促进房地产市场平稳发展的若干措施》，已开始实施。《措施》的主要内容有项，包括满足刚性住房需求、支持改善性住房需求、加大助企纾困力度、加快建立租购并举的住房制度等。《措施》提到，在太原市购买新建商品住展开,-0.0988489170059625,2023-08-25 21:03:38
太原支持居民换购住房退还个人所得税太原楼市出新政：支持居民换购住房退还个人所得税财联社月日电，太原市人民政府办公室印发《关于促进房地产市场平稳发展的若干措施》，已开始实施。《措施》的主要内容有项，包括满足刚性住房需求、支持改善性住房需求、加大助企纾困力度、加快建立租购并举的住房制度等。《措施》提到，在太原市购买新建商品住房的，按照中国人民银行、国家金融监督管理总局有关政策下限执行首套房和二套房最低按揭贷款首付比例和贷款利率。支持居民换购住房退还个人所得税，自年月日起至年月日，对出售自有住房并在现住房出售后年内在太原市范围内重新购买住房的纳税人，对其出售现住房已缴纳的个人所得税予以退税优惠。企业监管账户内资金达到《商品房预售资金监管办法》规定的重点监管资金额度后，房地产企业可向商业银行申请出具保函置换重点监管额度内资金，保函置换金额不得超过监管账户中确保项目竣工交付所需资金额度的。,-0.0415269482455426,------
太原楼市出新政：支持居民换购住房退还个人所得税太原市人民政府办公室印发《关于促进房地产市场平稳发展的若干措施》，已开始实施。《措施》的主要内容有项，包括满足刚性住房需求、支持改善性住房需求、加大助企纾困力度、加快建立租购并举的住房制度等。《措施》提到，在太原市购买新建商品住房的，按照中国人民银行、国家金融监督管理总局有关政策下限执行首套房和二套房最低按揭贷款首付比例和贷款利率。支持居民换购住房退还个人所得税，自年月日起至年月日，对出售自有住房并在现住房出售后年内在太原市范围内重新购买住房的纳税人，对其出售现住房已缴纳的个人所得税予以退税优惠。企业监管账户内资金达到《商品房预售资金监管办法》规定的重点监管资金额度后，房地产企业可向商业银行申请出具保函置换重点监管额度内资金，保函置换金额不得超过监管账户中确保项目竣工交付所需资金额度的。,0.0664881786187324,2023-08-25 17:30:49
居民换购住房个税退税怎么退？划重点近日，三部门联合发布《关于延续实施支持居民换购住房有关个人所得税政策的公告》，优惠政策有哪些？退税金额如何计算？戳图带你学会中国政府网,0.0089783795916056,2023-08-30 14:28:33
伊川人退钱了退钱了近日财政部、国家税务总局、住房城乡建设部发布公告延续实施支持居民换购住房相关税收优惠政策根据公告，对出售自有住房并在现住房出售后年内在市场重新购买住房的纳税人，对其出售现住房已缴纳的个人所得税予以退税优惠，公告执行至年底。具体来看，新购住房金额大于或等于现住房转让金额的，全部退还已缴纳的个人所得税；新购住房金额小于现住房转让金额的，按新购住房金额占现住房转让金额的比例退还出售现住房已缴纳的个人所得税。财政部税务总局住房城乡建设部关于延续实施支持居民换购住房有关个人所得税政策的公告财政部税务总局住房城乡建设部公告年第号为继续支持居民改善住房条件，现就有关个人所得税政策公告如下：一、自年月日至年月日，对出售自有住房并在现住房出售后年内在市场重新购买住房的纳税人，对其出售现住房已缴纳的个人所得税予以退税优惠。其中，新购住房金额大于或等于现住房转让金额的，全部退还已缴纳的个人所得税；新购住房金额小于现住房转让金额的，按新购住房金额占现住房转让金额的比例退还出售现住房已缴纳的个人所得税。二、本公告所称现住房转让金额为该房屋转让的市场成交价格。新购住房为新房的，购房金额为纳税人在住房城乡建设部门网签备案的购房合同中注明的成交价格；新购住房为二手房的，购房金额为房屋的成交价格。三、享受本公告规定优惠政策的纳税人须同时满足以下条件：纳税人出售和重新购买的住房应在同一城市范围内。同一城市范围是指同一直辖市、副省级城市、地级市（地区、州、盟）所辖全部行政区划范围。出售自有住房的纳税人与新购住房之间须直接相关，应为新购住房产权人或产权人之一。四、符合退税优惠政策条件的纳税人应向主管税务机关提供合法、有效的售房、购房合同和主管税务机关要求提供的其他有关材料，经主管税务机关审核后办理退税。五、各级住房城乡建设部门应与税务部门建立信息共享机制，将本地区房屋交易合同网签备案等信息（含撤销备案信息）实时共享至当地税务部门；暂未实现信息实时共享的地区，要建立健全工作机制，确保税务部门及时获取审核退税所需的房屋交易合同备案信息。特此公告。财政部税务总局住房城乡建设部年月日中国社会科学院财经战略研究院财政研究室主任何代欣表示，为支持居民改善住房条件，去年，财政部等部门出台了支持居民换购住房有关个人所得税政策，政策将于今年底到期。三部门此次发布的公告明确将这项政策延续实施至年底，有助于继续支持居民改善住房条件。此外，为继续支持公共租赁住房建设和运营，财政部、税务总局发布公告，明确继续实施公共租赁住房税收优惠政策至年底。,0.3625228157583686,------
速看换房有钱退，延续至年底近日财政部、国家税务总局、住房城乡建设部发布公告延续实施支持居民换购住房相关税收优惠政策换房有钱退了根据公告，对出售自有住房并在现住房出售后年内在市场重新购买住房的纳税人，对其出售现住房已缴纳的个人所得税予以退税优惠，公告执行至年底。具体来看，新购住房金额大于或等于现住房转让金额的，全部退还已缴纳的个人所得税；新购住房金额小于现住房转让金额的，按新购住房金额占现住房转让金额的比例退还出售现住房已缴纳的个人所得税。财政部税务总局住房城乡建设部关于延续实施支持居民换购住房有关个人所得税政策的公告为继续支持居民改善住房条件，现就有关个人所得税政策公告如下：一、自年月日至年月日，对出售自有住房并在现住房出售后年内在市场重新购买住房的纳税人，对其出售现住房已缴纳的个人所得税予以退税优惠。其中，新购住房金额大于或等于现住房转让金额的，全部退还已缴纳的个人所得税；新购住房金额小于现住房转让金额的，按新购住房金额占现住房转让金额的比例退还出售现住房已缴纳的个人所得税。二、本公告所称现住房转让金额为该房屋转让的市场成交价格。新购住房为新房的，购房金额为纳税人在住房城乡建设部门网签备案的购房合同中注明的成交价格；新购住房为二手房的，购房金额为房屋的成交价格。三、享受本公告规定优惠政策的纳税人须同时满足以下条件：纳税人出售和重新购买的住房应在同一城市范围内。同一城市范围是指同一直辖市、副省级城市、地级市（地区、州、盟）所辖全部行政区划范围。出售自有住房的纳税人与新购住房之间须直接相关，应为新购住房产权人或产权人之一。四、符合退税优惠政策条件的纳税人应向主管税务机关提供合法、有效的售房、购房合同和主管税务机关要求提供的其他有关材料，经主管税务机关审核后办理退税。五、各级住房城乡建设部门应与税务部门建立信息共享机制，将本地区房屋交易合同网签备案等信息（含撤销备案信息）实时共享至当地税务部门；暂未实现信息实时共享的地区，要建立健全工作机制，确保税务部门及时获取审核退税所需的房屋交易合同备案信息。特此公告。财政部税务总局住房城乡建设部年月日中国社会科学院财经战略研究院财政研究室主任何代欣表示，为支持居民改善住房条件，去年，财政部等部门出台了支持居民换购住房有关个人所得税政策，政策将于今年底到期。三部门此次发布的公告明确将这项政策延续实施至年底，有助于继续支持居民改善住房条件。此外，为继续支持公共租赁住房建设和运营，财政部、税务总局发布公告，明确继续实施公共租赁住房税收优惠政策至年底。来源：国家税务总局、央视新闻山东潍坊坊子融媒：李炳霏彭海程,0.0993973594796538,2023-08-30 10:35:51
认房不用认贷将为购房者带来哪些实惠？据新华社：推动落实购买首套房贷款“认房不用认贷”政策措施，延续实施支持居民换购住房有关个人所得税政策近日，我国房地产政策持续调整优化。这些政策将为居民购房带来哪些便利和实惠？据介绍，这一政策总结起来即是“换房可退个税”。业内人士表示展开,-0.0190099059936938,2023-08-29 23:13:13
新华解码认房不用认贷将为购房者带来哪些实惠近日，我国房地产政策持续调整优化。住房城乡建设部、中国人民银行、金融监管总局近日联合印发《关于优化个人住房贷款中住房套数认定标准的通知》。通知明确，居民家庭（包括借款人、配偶及未成年子女）申请贷款购买商品住房时，家庭成员在当地名下无成套住房的，不论是否已利用贷款购买过住房，银行业金融机构均按首套住房执行住房信贷政策。推动落实购买首套房贷款“认房不用认贷”政策措施，延续实施支持居民换购住房有关个人所得税政策政策将为居民购房带来哪些便利和实惠？,-0.0511534230442171,2023-08-29 17:05:59
认房不用认贷将为购房者带来哪些实惠？据新华社：推动落实购买首套房贷款“认房不用认贷”政策措施，延续实施支持居民换购住房有关个人所得税政策近日，我国房地产政策持续调整优化。这些政策将为居民购房带来哪些便利和实惠？据介绍，这一政策总结起来即是“换房可退个税”。业内人士表示，对于大部分城市来说，换房可以节省万至万元税费，而北京等城市部分房源能节省更多税费。交易房屋情况不同，个税征收情况也不同。详戳,-0.0162131784704896,2023-09-01 09:47:13
财科分钟新华社解读认房不认贷政策：认房不用认贷”将为购房者带来哪些实惠？推动落实购买首套房贷款“认房不用认贷”政策措施，延续实施支持居民换购住房有关个人所得税政策近日，我国房地产政策持续调整优化。这些政策将为居民购房带来哪些便利和实惠？,0.0135334190638984,2023-08-30 07:13:27
三部门：延续实施支持居民换购住房有关个人所得税政策财政部、税务总局、住房城乡建设部发布《关于延续实施支持居民换购住房有关个人所得税政策的公告》。自年月日至年月日，对出售自有住房并在现住房出售后年内在市场重新购买住房的纳税人，对其出售现住房已缴纳的个人所得税予以退税优惠。其中，新购住房金额大于或等于现住房转让金额的，全部退还已缴纳的个人所得税；新购住房金额小于现住房转让金额的，按新购住房金额占现住房转让金额的比例退还出售现住房已缴纳的个人所得税。本公告所称现住房转让金额为该房屋转让的市场成交价格。新购住房为新房的，购房金额为纳税人在住房城乡建设部门网签备案的购房合同中注明的成交价格；新购住房为二手房的，购房金额为房屋的成交价格。（央广网）,0.015079850159005,2023-08-30 06:56:04
退钱了退钱了近日财政部、国家税务总局、住房城乡建设部发布公告延续实施支持居民换购住房相关税收优惠政策根据公告，对出售自有住房并在现住房出售后年内在市场重新购买住房的纳税人，对其出售现住房已缴纳的个人所得税予以退税优惠，公告执行至年底。具体来看，新购住房金额大于或等于现住房转让金额的，全部退还已缴纳的个人所得税；新购住房金额小于现住房转让金额的，按新购住房金额占现住房转让金额的比例退还出售现住房已缴纳的个人所得税。财政部税务总局住房城乡建设部关于延续实施支持居民换购住房有关个人所得税政策的公告财政部税务总局住房城乡建设部公告年第号为继续支持居民改善住房条件，现就有关个人所得税政策公告如下：一、自年月日至年月日，对出售自有住房并在现住房出售后年内在市场重新购买住房的纳税人，对其出售现住房已缴纳的个人所得税予以退税优惠。其中，新购住房金额大于或等于现住房转让金额的，全部退还已缴纳的个人所得税；新购住房金额小于现住房转让金额的，按新购住房金额占现住房转让金额的比例退还出售现住房已缴纳的个人所得税。二、本公告所称现住房转让金额为该房屋转让的市场成交价格。新购住房为新房的，购房金额为纳税人在住房城乡建设部门网签备案的购房合同中注明的成交价格；新购住房为二手房的，购房金额为房屋的成交价格。三、享受本公告规定优惠政策的纳税人须同时满足以下条件：纳税人出售和重新购买的住房应在同一城市范围内。同一城市范围是指同一直辖市、副省级城市、地级市（地区、州、盟）所辖全部行政区划范围。出售自有住房的纳税人与新购住房之间须直接相关，应为新购住房产权人或产权人之一。四、符合退税优惠政策条件的纳税人应向主管税务机关提供合法、有效的售房、购房合同和主管税务机关要求提供的其他有关材料，经主管税务机关审核后办理退税。五、各级住房城乡建设部门应与税务部门建立信息共享机制，将本地区房屋交易合同网签备案等信息（含撤销备案信息）实时共享至当地税务部门；暂未实现信息实时共享的地区，要建立健全工作机制，确保税务部门及时获取审核退税所需的房屋交易合同备案信息。特此公告。财政部税务总局住房城乡建设部年月日中国社会科学院财经战略研究院财政研究室主任何代欣表示，为支持居民改善住房条件，去年，财政部等部门出台了支持居民换购住房有关个人所得税政策，政策将于今年底到期。三部门此次发布的公告明确将这项政策延续实施至年底，有助于继续支持居民改善住房条件。此外，为继续支持公共租赁住房建设和运营，财政部、税务总局发布公告，明确继续实施公共租赁住房税收优惠政策至年底。来源：国家税务总局、央视新闻,0.293365310418896,2023-08-29 21:47:52
明确可以退钱了近日，财政部、国家税务总局、住房城乡建设部发布公告，延续实施支持居民换购住房相关税收优惠政策。根据公告，对出售自有住房并在现住房出售后年内在市场重新购买住房的纳税人，对其出售现住房已缴纳的个人所得税予以退税优惠，公告执行至年底。具体来看，新购住房金额大于或等于现住房转让金额的，全部退还已缴纳的个人所得税；新购住房金额小于现住房转让金额的，按新购住房金额占现住房转让金额的比例退还出售现住房已缴纳的个人所得税。财政部税务总局住房城乡建设部关于延续实施支持居民换购住房有关个人所得税政策的公告财政部税务总局住房城乡建设部公告年第号为继续支持居民改善住房条件，现就有关个人所得税政策公告如下：一、自年月日至年月日，对出售自有住房并在现住房出售后年内在市场重新购买住房的纳税人，对其出售现住房已缴纳的个人所得税予以退税优惠。其中，新购住房金额大于或等于现住房转让金额的，全部退还已缴纳的个人所得税；新购住房金额小于现住房转让金额的，按新购住房金额占现住房转让金额的比例退还出售现住房已缴纳的个人所得税。二、本公告所称现住房转让金额为该房屋转让的市场成交价格。新购住房为新房的，购房金额为纳税人在住房城乡建设部门网签备案的购房合同中注明的成交价格；新购住房为二手房的，购房金额为房屋的成交价格。三、享受本公告规定优惠政策的纳税人须同时满足以下条件：纳税人出售和重新购买的住房应在同一城市范围内。同一城市范围是指同一直辖市、副省级城市、地级市（地区、州、盟）所辖全部行政区划范围。出售自有住房的纳税人与新购住房之间须直接相关，应为新购住房产权人或产权人之一。四、符合退税优惠政策条件的纳税人应向主管税务机关提供合法、有效的售房、购房合同和主管税务机关要求提供的其他有关材料，经主管税务机关审核后办理退税。五、各级住房城乡建设部门应与税务部门建立信息共享机制，将本地区房屋交易合同网签备案等信息（含撤销备案信息）实时共享至当地税务部门；暂未实现信息实时共享的地区，要建立健全工作机制，确保税务部门及时获取审核退税所需的房屋交易合同备案信息。特此公告。财政部税务总局住房城乡建设部年月日中国社会科学院财经战略研究院财政研究室主任何代欣表示，为支持居民改善住房条件，去年，财政部等部门出台了支持居民换购住房有关个人所得税政策，政策将于今年底到期。三部门此次发布的公告明确将这项政策延续实施至年底，有助于继续支持居民改善住房条件。此外，为继续支持公共租赁住房建设和运营，财政部、税务总局发布公告，明确继续实施公共租赁住房税收优惠政策至年底。来源：国家税务总局央视新闻大众日报,0.501486796819679,2023-08-29 15:57:23
三部门发布延续实施支持居民换购住房有关个人所得税政策《关于延续实施支持居民换购住房有关个人所得税政策的公告》发布，明确自年月日至年月日，对出售自有住房并在现住房出售后年内在市场重新购买住房的纳税人，对其出售现住房已缴纳的个人所得税予以退税优惠。（中国建设报）网页链接,0.0287971090224799,------
个税全退，换房正当时月日，财政部、税务总局、住建部发布《关于延续实施支持居民换购住房有关个人所得税政策的公告》。自年月日至年月日，出售自有住房并在年内重新购买住房的纳税人，售房缴纳的个人所得税全部退还。点评：个税是很大一项税负，尤其是豪宅的交易，个税很高，这个政策对于前期已经在房价上涨中获利的人来说是很有好处的，前期房价已经上涨很多，但是房龄过了多年，继续涨价潜力变弱，或者自己有更好的居住需求，都可以卖旧换新，这就是我们说的，当下应该趁机整理房产资产的时候，不要被网上的舆论影响情绪，那些跟你有关系也没关系，凡是在国内的钱，未来都会随着现金而贬值，还不如整理为优质房产呢。北京微博房产,-0.7280234601827509,2023-08-29 10:42:55
关于延续实施支持居民换购住房有关个人所得税政策的公告财政部、税务总局、住房城乡建设部发布年第号公告，明确自年月日至年月日，对出售自有住房并在现住房出售后年内在市场重新购买住房的纳税人，对其出售现住房已缴纳的个人所得税予以退税优惠。其中，新购住房金额大于或等于现住房转让金额的，全部退还已缴纳的个人所得税；新购住房金额小于现住房转让金额的，按新购住房金额占现住房转让金额的比例退还出售现住房已缴纳的个人所得税。（中国政府网）,0.009000860881211,2023-08-29 09:58:56
三部门：居民换购住房有关个人所得税政策延续实施财政部、国家税务总局、住房城乡建设部近日发布公告，延续实施支持居民换购住房相关税收优惠政策。三部门：居民换购住房有关个人所得税政策延续实施,0.0,2023-08-29 20:44:41
三部门：延续实施支持居民换购住房有关个人所得税政策财政部、税务总局、住房城乡建设部发布《关于延续实施支持居民换购住房有关个人所得税政策的公告》。一、自年月日至年月日，对出售自有住房并在现住房出售后年内在市场重新购买住房的纳税人，对其出售现住房已缴纳的个人所得税予以退税优惠。其中，新购住房金额大于或等于现住房转让金额的，全部退还已缴纳的个人所得税；新购住房金额小于现住房转让金额的，按新购住房金额占现住房转让金额的比例退还出售现住房已缴纳的个人所得税。二、本公告所称现住房转让金额为该房屋转让的市场成交价格。新购住房为新房的，购房金额为纳税人在住房城乡建设部门网签备案的购房合同中注明的成交价格；新购住房为二手房的，购房金额为房屋的成交价格。详情如下,0.0263175407181902,2023-08-29 10:02:40
伊川人刚刚购房新政接连发布据新华社消息，记者日从住房和城乡建设部获悉，近日住房城乡建设部、中国人民银行、金融监管总局联合印发了《关于优化个人住房贷款中住房套数认定标准的通知》，推动落实购买首套房贷款“认房不用认贷”政策措施。通知明确，居民家庭（包括借款人、配偶及未成年子女）申请贷款购买商品住房时，家庭成员在当地名下无成套住房的，不论是否已利用贷款购买过住房，银行业金融机构均按首套住房执行住房信贷政策。此项政策作为政策工具，纳入“一城一策”工具箱，供城市自主选用。据住房城乡建设部有关负责同志介绍，此项政策将使更多购房人能够享受首套房贷款的首付比例和利率优惠，有助于降低居民购房成本，更好满足刚性和改善性住房需求。同在月日，财政部、税务总局、住房城乡建设部发布《关于延续实施支持居民换购住房有关个人所得税政策的公告》。关于延续实施支持居民换购住房有关个人所得税政策的公告财政部税务总局住房城乡建设部公告年第号为继续支持居民改善住房条件，现就有关个人所得税政策公告如下：一、自年月日至年月日，对出售自有住房并在现住房出售后年内在市场重新购买住房的纳税人，对其出售现住房已缴纳的个人所得税予以退税优惠。其中，新购住房金额大于或等于现住房转让金额的，全部退还已缴纳的个人所得税；新购住房金额小于现住房转让金额的，按新购住房金额占现住房转让金额的比例退还出售现住房已缴纳的个人所得税。二、本公告所称现住房转让金额为该房屋转让的市场成交价格。新购住房为新房的，购房金额为纳税人在住房城乡建设部门网签备案的购房合同中注明的成交价格；新购住房为二手房的，购房金额为房屋的成交价格。三、享受本公告规定优惠政策的纳税人须同时满足以下条件：纳税人出售和重新购买的住房应在同一城市范围内。同一城市范围是指同一直辖市、副省级城市、地级市（地区、州、盟）所辖全部行政区划范围。出售自有住房的纳税人与新购住房之间须直接相关，应为新购住房产权人或产权人之一。四、符合退税优惠政策条件的纳税人应向主管税务机关提供合法、有效的售房、购房合同和主管税务机关要求提供的其他有关材料，经主管税务机关审核后办理退税。五、各级住房城乡建设部门应与税务部门建立信息共享机制，将本地区房屋交易合同网签备案等信息（含撤销备案信息）实时共享至当地税务部门；暂未实现信息实时共享的地区，要建立健全工作机制，确保税务部门及时获取审核退税所需的房屋交易合同备案信息。特此公告。财政部税务总局住房城乡建设部年月日,0.3436163173187518,2023-08-29 21:38:54
关于贷款套数认定、个税退税优惠，这些重磅购房政策明确日从住房和城乡建设部获悉，近日住房城乡建设部、中国人民银行、金融监管总局联合印发了《关于优化个人住房贷款中住房套数认定标准的通知》，推动落实购买首套房贷款“认房不用认贷”政策措施。通知明确，居民家庭（包括借款人、配偶及未成年子女）申请贷款购买商品住房时，家庭成员在当地名下无成套住房的，不论是否已利用贷款购买过住房，银行业金融机构均按首套住房执行住房信贷政策。此项政策作为政策工具，纳入“一城一策”工具箱，供城市自主选用。据住房城乡建设部有关负责同志介绍，此项政策将使更多购房人能够享受首套房贷款的首付比例和利率优惠，有助于降低居民购房成本，更好满足刚性和改善性住房需求。三部门：延续实施支持居民换购住房有关个人所得财政部、税务总局、住房城乡建设部发布《关于延续实施支持居民换购住房有关个人所得税政策的公告》。自年月日至年月日，对出售自有住房并在现住房出售后年内在市场重新购买住房的纳税人，对其出售现住房已缴纳的个人所得税予以退税优惠。其中，新购住房金额大于或等于现住房转让金额的，全部退还已缴纳的个人所得税；新购住房金额小于现住房转让金额的，按新购住房金额占现住房转让金额的比例退还出售现住房已缴纳的个人所得税。本公告所称现住房转让金额为该房屋转让的市场成交价格。新购住房为新房的，购房金额为纳税人在住房城乡建设部门网签备案的购房合同中注明的成交价格；新购住房为二手房的，购房金额为房屋的成交价格。来源：新华社、央视新闻客户端,1.0,2023-08-29 10:16:53
三部门：延续实施支持居民换购住房有关个人所得税政策财政部、税务总局、住房城乡建设部发布《关于延续实施支持居民换购住房有关个人所得税政策的公告》。一、自年月日至年月日，对出售自有住房并在现住房出售后年内在市场重新购买住房的纳税人，对其出售现住房已缴纳的个人所展开,0.0456774121032048,2023-08-29 09:59:18
三部门：延续实施支持居民换购住房有关个人所得税政策评：没啥影响,0.3018714370905217,2023-08-29 09:53:26
关于延续实施支持居民换购住房有关个人所得税政策的公告财政部、税务总局、住房城乡建设部发布年第号公告，明确自年月日至年月日，对出售自有住房并在现住房出售后年内在市场重新购买住房的纳税人，对其出售现住房已缴纳的个人所得税予以退税优惠。其中，新购住房金额大于或展开,0.0190186559806182,------
速看换房有钱退，延续至年底近日财政部、国家税务总局、住房城乡建设部发布公告延续实施支持居民换购住房相关税收优惠政策换房有钱退了根据公告，对出售自有住房并在现住房出售后年内在市场重新购买住房的纳税人，对其出售现住房已缴纳的个人所得税予以退税优惠，公告执行至年底。具体来看，新购住房金额大于或等于现住房转让金额的，全部退还已缴纳的个人所得税；新购住房金额小于现住房转让金额的，按新购住房金额占现住房转让金额的比例退还出售现住房已缴纳的个人所得税。财政部税务总局住房城乡建设部关于延续实施支持居民换购住房有关个人所得税政策的公告为继续支持居民改善住房条件，现就有关个人所得税政策公告如下：一、自年月日至年月日，对出售自有住房并在现住房出售后年内在市场重新购买住房的纳税人，对其出售现住房已缴纳的个人所得税予以退税优惠。其中，新购住房金额大于或等于现住房转让金额的，全部退还已缴纳的个人所得税；新购住房金额小于现住房转让金额的，按新购住房金额占现住房转让金额的比例退还出售现住房已缴纳的个人所得税。二、本公告所称现住房转让金额为该房屋转让的市场成交价格。新购住房为新房的，购房金额为纳税人在住房城乡建设部门网签备案的购房合同中注明的成交价格；新购住房为二手房的，购房金额为房屋的成交价格。三、享受本公告规定优惠政策的纳税人须同时满足以下条件：纳税人出售和重新购买的住房应在同一城市范围内。同一城市范围是指同一直辖市、副省级城市、地级市（地区、州、盟）所辖全部行政区划范围。出售自有住房的纳税人与新购住房之间须直接相关，应为新购住房产权人或产权人之一。四、符合退税优惠政策条件的纳税人应向主管税务机关提供合法、有效的售房、购房合同和主管税务机关要求提供的其他有关材料，经主管税务机关审核后办理退税。五、各级住房城乡建设部门应与税务部门建立信息共享机制，将本地区房屋交易合同网签备案等信息（含撤销备案信息）实时共享至当地税务部门；暂未实现信息实时共享的地区，要建立健全工作机制，确保税务部门及时获取审核退税所需的房屋交易合同备案信息。特此公告。财政部税务总局住房城乡建设部年月日中国社会科学院财经战略研究院财政研究室主任何代欣表示，为支持居民改善住房条件，去年，财政部等部门出台了支持居民换购住房有关个人所得税政策，政策将于今年底到期。三部门此次发布的公告明确将这项政策延续实施至年底，有助于继续支持居民改善住房条件。此外，为继续支持公共租赁住房建设和运营，财政部、税务总局发布公告，明确继续实施公共租赁住房税收优惠政策至年底。来源：国家税务总局、央视新闻山东潍坊坊子融媒：李炳霏彭海程,0.2256892460663507,2023-08-29 10:42:55
退钱了退钱了近日财政部、国家税务总局、住房城乡建设部发布公告延续实施支持居民换购住房相关税收优惠政策根据公告，对出售自有住房并在现住房出售后年内在市场重新购买住房的纳税人，对其出售现住房已缴纳的个人所得税予以退税优惠，公告执行至年底。具体来看，新购住房金额展开,0.5044203926465762,2023-08-29 09:58:56
明确可以退钱了近日，财政部、国家税务总局、住房城乡建设部发布公告，延续实施支持居民换购住房相关税收优惠政策。根据公告，对出售自有住房并在现住房出售后年内在市场重新购买住房的纳税人，对其出售现住房已缴纳的个人所得税予以退税优惠，公告执行至年底。具体来看，新购住房金额大于或等于现住房转让金额的，全部退还已缴纳的个人所得税；新购住房金额小于现住房转让金额的，按新购住房金额占现住房转让金额的比例退还出售现住房已缴纳的个人所得税。财政部税务总局住房城乡建设部关于延续实施支持居民换购住房有关个人所得税政策的公告财政部税务总局住房城乡建设部公告年第号为继续支持居民改善住房条件，现就有关个人所得税政策公告如下：一、自年月日至年月日，对出售自有住房并在现住房出售后年内在市场重新购买住房的纳税人，对其出售现住房已缴纳的个人所得税予以退税优惠。其中，新购住房金额大于或等于现住房转让金额的，全部退还已缴纳的个人所得税；新购住房金额小于现住房转让金额的，按新购住房金额占现住房转让金额的比例退还出售现住房已缴纳的个人所得税。二、本公告所称现住房转让金额为该房屋转让的市场成交价格。新购住房为新房的，购房金额为纳税人在住房城乡建设部门网签备案的购房合同中注明的成交价格；新购住房为二手房的，购房金额为房屋的成交价格。三、享受本公告规定优惠政策的纳税人须同时满足以下条件：纳税人出售和重新购买的住房应在同一城市范围内。同一城市范围是指同一直辖市、副省级城市、地级市（地区、州、盟）所辖全部行政区划范围。出售自有住房的纳税人与新购住房之间须直接相关，应为新购住房产权人或产权人之一。四、符合退税优惠政策条件的纳税人应向主管税务机关提供合法、有效的售房、购房合同和主管税务机关要求提供的其他有关材料，经主管税务机关审核后办理退税。五、各级住房城乡建设部门应与税务部门建立信息共享机制，将本地区房屋交易合同网签备案等信息（含撤销备案信息）实时共享至当地税务部门；暂未实现信息实时共享的地区，要建立健全工作机制，确保税务部门及时获取审核退税所需的房屋交易合同备案信息。特此公告。财政部税务总局住房城乡建设部年月日中国社会科学院财经战略研究院财政研究室主任何代欣表示，为支持居民改善住房条件，去年，财政部等部门出台了支持居民换购住房有关个人所得税政策，政策将于今年底到期。三部门此次发布的公告明确将这项政策延续实施至年底，有助于继续支持居民改善住房条件。此外，为继续支持公共租赁住房建设和运营，财政部、税务总局发布公告，明确继续实施公共租赁住房税收优惠政策至年底。来源：国家税务总局央视新闻大众日报,1.0,2023-08-29 20:44:41
延续优化完善税费优惠政策最新政策税收优惠政策财政部税务总局公告年第号：关于继续实施公共租赁住房税收优惠政策的公告,-0.0189560603905164,2023-08-29 10:02:40
延续优化完善税费优惠政策最新政策税收优惠政策财政部税务总局公告年第号：关于继续实施公共租赁住房税收优惠政策的公告为继续支持公共租赁住房（以下称公租房）建设和运营，现将有关税收优惠政策公告如下：一、对公租房建设期间用地及公租房建成后占地，免征城镇土地使用税。在其他住房项目中配套建设公租房，按公租房建筑面积占总建筑面积的比例免征建设、管理公租房涉及的城镇土地使用税。二、对公租房经营管理单位免征建设、管理公租房涉及的印花税。在其他住房项目中配套建设公租房，按公租房建筑面积占总建筑面积的比例免征建设、管理公租房涉及的印花税。三、对公租房经营管理单位购买住房作为公租房，免征契税、印花税；对公租房租赁双方免征签订租赁协议涉及的印花税。四、对企事业单位、社会团体以及其他组织转让旧房作为公租房房源，且增值额未超过扣除项目金额的，免征土地增值税。五、企事业单位、社会团体以及其他组织捐赠住房作为公租房，符合税收法律法规规定的，对其公益性捐赠支出在年度利润总额以内的部分，准予在计算应纳税所得额时扣除，超过年度利润总额的部分，准予结转以后三年内在计算应纳税所得额时扣除。个人捐赠住房作为公租房，符合税收法律法规规定的，对其公益性捐赠支出未超过其申报的应纳税所得额的部分，准予从其应纳税所得额中扣除。六、对符合地方政府规定条件的城镇住房保障家庭从地方政府领取的住房租赁补贴，免征个人所得税。七、对公租房免征房产税。对经营公租房所取得的租金收入，免征增值税。公租房经营管理单位应单独核算公租房租金收入，未单独核算的，不得享受免征增值税、房产税优惠政策。八、享受上述税收优惠政策的公租房是指纳入省、自治区、直辖市、计划单列市人民政府及新疆生产建设兵团批准的公租房发展规划和年度计划，或者市、县人民政府批准建设（筹集），并按照《关于加快发展公共租赁住房的指导意见》（建保号）和市、县人民政府制定的具体管理办法进行管理的公租房。九、纳税人享受本公告规定的优惠政策，应按规定进行免税申报，并将不动产权属证明、载有房产原值的相关材料、纳入公租房及用地管理的相关材料、配套建设管理公租房相关材料、购买住房作为公租房相关材料、公租房租赁协议等留存备查。十、本公告执行至年月日。财政部税务总局年月日（点击链接查看公告网页链接）,-0.1497573505489537,2023-08-29 21:38:54
今天，三个部委新政下饺子的节奏不知道是否还有别的待批露？除了认房不用认贷、换房退税之外，这第三个是是关于公租房减税的新政：月日，财政部、税务总局联合发布关于继续实施公共租赁住房税收优惠政策的公告。具体来看，一是对公租房建设期间用地及公租房建成后占地，免征城镇土地使用税。在其他住房项目中配套建设公租房，按公租房建筑面积占总建筑面积的比例免征建设、管理公租房涉及的城镇土地使用税。二是对公租房经营管理单位免征建设、管理公租房涉及的印花税。在其他住房项目中配套建设公租房，按公租房建筑面积占总建筑面积的比例免征建设、管理公租房涉及的印花税。三是对公租房经营管理单位购买住房作为公租房，免征契税、印花税；对公租房租赁双方免征签订租赁协议涉及的印花税。四是对企事业单位、社会团体以及其他组织转让旧房作为公租房房源，且增值额未超过扣除项目金额的，免征土地增值税。五是企事业单位、社会团体以及其他组织捐赠住房作为公租房，符合税收法律法规规定的，对其公益性捐赠支出在年度利润总额以内的部分，准予在计算应纳税所得额时扣除，超过年度利润总额的部分，准予结转以后三年内在计算应纳税所得额时扣除。个人捐赠住房作为公租房，符合税收法律法规规定的，对其公益性捐赠支出未超过其申报的应纳税所得额的部分，准予从其应纳税所得额中扣除。六是对符合地方政府规定条件的城镇住房保障家庭从地方政府领取的住房租赁补贴，免征个人所得税。七是对公租房免征房产税。对经营公租房所取得的租金收入，免征增值税。公租房经营管理单位应单独核算公租房租金收入，未单独核算的，不得享受免征增值税、房产税优惠政策。八是享受上述税收优惠政策的公租房是指纳入省、自治区、直辖市、计划单列市人民政府及新疆生产建设兵团批准的公租房发展规划和年度计划，或者市、县人民政府批准建设（筹集），并按照《关于加快发展公共租赁住房的指导意见》（建保号）和市、县人民政府制定的具体管理办法进行管理的公租房。九是纳税人享受本公告规定的优惠政策，应按规定进行免税申报，并将不动产权属证明、载有房产原值的相关材料、纳入公租房及用地管理的相关材料、配套建设管理公租房相关材料、购买住房作为公租房相关材料、公租房租赁协议等留存备查。杨评：公租房，现在是租房领域中的纯保障房了，各种减税，其实也是在为各类国企减税，等于是左口袋的钱转至右口袋。而近两年很多大中城市着力推进的是保障性租赁房，这东东是带有一定保障色彩的、具有一定市场化程度的租赁房，真正该大力减税的是这个东东。当然，还应大力减税是纯市场化的长租公寓，很多经营企业近几年一直在亏钱，同时受上面两类租赁的冲击越来越大,-0.9299132752820246,2023-08-29 10:16:53
宏观经济住建部、央行、金融监管总局：推动落实购买首套房贷款“认房不用认贷”政策措施。降低居民购房成本，更好满足刚性和改善性住房需求。财政部、税务总局：延续实施支持居民换购住房有关个人所得税政策。继续实施公共租赁住房税收优惠政策。,-0.014393232562115,2023-08-29 09:59:18
实时快报：财政部、税务总局：继续实施公共租赁住房税收优惠政策云财经讯，对公租房建设期间用地及公租房建成后占地，免征城镇土地使用税。在其他住房项目中配套建设公租房，按公租房建筑面积占总建筑面积的比例免征建设、管理公租房涉及的城镇土地使用税。对公租房经营管理单位免征建设、管理公租房涉及的印花税。在其他住房项目中配套建设公租房，按公租房建筑面积占总建筑面积的比例免征建设、管理公租房涉及的印花税。对公租房经营管理单位购买住房作为公租房，免征契税、印花税；对公租房租赁双方免征签订租赁协议涉及的印花税。,-0.00697667278921,2023-08-29 09:53:26
天津：非本市户籍大学毕业生在本市住房限购区域无住房的可凭劳动合同或企业注册证明和毕业证购买一套住房财联社月日电，天津市住房城乡建设委等四部门发布关于进一步调整优化房地产政策更好满足居民刚性和改善性住房需求的通知。继续实施促进房地产业良性循环和健康发展一揽子政策措施，促进住房供需精准对接，支持大学毕业生合理购房需求，非本市户籍大学毕业生在本市住房限购区域无住房的，可凭劳动合同或企业注册证明和毕业证购买一套住房。进一步加强精准调控，将本市住房限购区域调整为市内六区，居民在住房限购区域内购买新建商品住房或二手住房的，仍然执行本市住房限购套数及资格政策。在本市非住房限购区域内，居民家庭购房办理商业性个人住房贷款的，按照不实施限购措施城市的差别化住房信贷政策执行。延长本市商业性个人住房贷款最长期限。鼓励各区人民政府向在本区购买新建商品住房的购房人发放一定补贴，减轻购房负担。具体补贴标准、操作程序和实施时间，由各区人民政府确定并组织实施。,0.1692712335901798,2023-09-01 20:29:59
“金九银十”前夜，楼市重磅金融支持政策落地，购房门槛、成本将明显降低。月日晚间，央行、国家金管总局发出《关于调整优化差别化住房信贷政策的通知》，《关于降低存量首套住房贷款利率有关事项的通知》，以支持各地因城施策用好政策工具箱，引导个人住房贷款实际首付比例和利率下行。,0.0131353077894763,------
津报聚焦天津进一步调整优化房地产政策支持刚性和改善性住房需求日前，市住房城乡建设委等四部门印发《关于进一步调整优化房地产政策更好满足居民刚性和改善性住房需求的通知》，适应房地产市场供求关系发生重大变化的新形势，因区施策，精准调控，进一步调整优化房地产政策，更好满足居民刚性和改善性住房需求。《通知》主要包括五方面内容：一、支持刚性住房需求。继续实施促进房地产业良性循环和健康发展一揽子政策措施，促进住房供需精准对接，支持大学毕业生合理购房需求，非本市户籍大学毕业生在本市住房限购区域无住房的，可凭劳动合同或企业注册证明和毕业证购买一套住房。二、优化区域限购措施。进一步加强精准调控，将本市住房限购区域调整为市内六区，居民在住房限购区域内购买新建商品住房或二手住房的，仍然执行本市住房限购套数及资格政策。三、完善住房信贷政策。在本市非住房限购区域内，居民家庭购房办理商业性个人住房贷款的，按照不实施限购措施城市的差别化住房信贷政策执行。延长本市商业性个人住房贷款最长期限。四、鼓励发放购房补贴。鼓励各区人民政府向在本区购买新建商品住房的购房人发放一定补贴，减轻购房负担。具体补贴标准、操作程序和实施时间，由各区人民政府确定并组织实施。五、营造良好舆论环境。加强房地产市场正面宣传和舆论引导，及时发布房地产市场运行情况及政策信息，稳定住房消费预期。持续加强房地产领域负面舆情整治，坚决打击各类机构及个人制造传播不实信息等行为，营造良好房地产市场舆论环境。市住房城乡建设委有关负责同志表示，上述政策从适应我市房地产市场发展新形势出发，有利于更好支持合理住房需求，对于本市户籍居民，在限购区域内有住房的，可以在非限购区域继续购房，改善居住条件；对于外地户籍居民，可以直接在非限购区域购房居住生活。特别是方便京冀等周边区域居民来津工作生活，促进人才互通交流，服务京津冀协同发展。下一步，我市将继续完善住房市场和住房保障体系，加强市场监测和政策储备，持续优化房地产调控工作，促进房地产市场平稳健康发展。（记者陈璠）,-0.0002988393617504,2023-09-05 08:14:57
人民银行山东省分行公示各地市首套房贷款利率政策下限情况根据《中国人民银行国家金融监督管理总局关于降低存量首套住房贷款利率有关事项的通知》《中国人民银行国家金融监督管理总局关于调整优化差别化住房信贷政策的通知》有关工作安排，现将山东人民银行山东省分行公示各地市首套房贷款利率政策下限情况,-0.0288946509558943,2023-09-04 07:24:36
住建动态市住房城乡建设委等四部门关于进一步调整优化房地产政策更好满足居民刚性和改善性住房需求的通知各区人民政府，各有关单位：为贯彻落实党中央、国务院决策部署，适应房地产市场供求关系发生重大变化的新形势，因区施策，精准调控，更好满足居民刚性和改善性住房需求，促进房地产市场平稳健康发展，经市人民政府同意，现就调整优化的房地产政策通知如下：一、支持刚性住房需求继续实施促进房地产业良性循环和健康发展一揽子政策措施，促进住房供需精准对接，支持大学毕业生合理购房需求，非本市户籍大学毕业生在本市住房限购区域无住房的，可凭劳动合同或企业注册证明和毕业证购买一套住房。二、优化区域限购措施进一步加强精准调控，将本市住房限购区域调整为市内六区，居民在住房限购区域内购买新建商品住房或二手住房的，仍然执行本市住房限购套数及资格政策。三、完善住房信贷政策在本市非住房限购区域内，居民家庭购房办理商业性个人住房贷款的，按照不实施限购措施城市的差别化住房信贷政策执行。延长本市商业性个人住房贷款最长期限。四、鼓励发放购房补贴鼓励各区人民政府向在本区购买新建商品住房的购房人发放一定补贴，减轻购房负担。具体补贴标准、操作程序和实施时间，由各区人民政府确定并组织实施。五、营造良好舆论环境加强房地产市场正面宣传和舆论引导，及时发布房地产市场运行情况及政策信息，稳定住房消费预期。持续加强房地产领域负面舆情整治，坚决打击各类机构及个人制造传播不实信息等行为，营造良好房地产市场舆论环境。本通知自年月日起施行，此前有关政策规定与本通知不一致的，以本通知为准。市住房城乡建设委市规划资源局中国人民银行天津市分行国家金融监督管理总局天津监管局年月日,-0.0002812477924878,2023-09-03 08:39:27
皋城百事通最新房贷政策重要调整月日，中国人民银行网站发布《中国人民银行国家金融监督管理总局关于调整优化差别化住房信贷政策的通知》、《中国人民银行国家金融监督管理总局关于降低存量首套住房贷款利率有关事项的通知》。最新房贷政策重要调整,-0.0053610113335007,2023-09-02 09:24:35
重庆购房新政解读重庆购房新政重庆购房新政有这些重大变化如何办理看这里月日晚，重庆市住房城乡建委发布了《关于进一步支持刚性和改善性购房需求的通知》，新旧政策有何不同？该如何办理？对于居民的疑问，相关负责人进行了解读。问：实施支持居民换购住房个人所得税政策与原政策有何不同？如何办理？答：年月日，财政部、税务总局联合发布公告（年第号），明确在年月日至年月日期间，纳税人出售自有住房并在现住房出售后年内，在同一城市重新购买住房的，可按规定申请退还其出售现住房已缴纳的个人所得税。今年月日，财政部、税务总局、住房城乡建设部再次联合发布公告（年第号），明确自年月日至年月日，对出售自有住房并在现住房出售后年内在市场重新购买住房的纳税人，对其出售现住房已缴纳的个人所得税予以退税优惠。新政策是对原政策的延续实施。按照公告要求，符合退税优惠政策条件的纳税人应向主管税务机关提供合法、有效的售房、购房合同和主管税务机关要求提供的其他有关材料，经主管税务机关审核后办理退税。本条政策由市财政局、市住房城乡建委负责解释和执行。问：新购住房再交易管理政策有什么调整变化？答：为更好适应当前房地产市场形势，我市在坚持“新房新政策、老房老政策”的原则下，对新购住房再交易管理政策进行了优化调整：一是原有已纳入限售范围的住房，统一按原政策执行，限售期满后予以解除；二是本《通知》印发执行后，在中心城区新购的新建商品住房和二手住房，由“须取得不动产权证满年后才能上市交易”调整为“取得房屋买卖合同备案证明满年，且取得不动产权证后才能上市交易”。本条政策由市住房城乡建委负责解释和执行。问：年市级秋交会期间购房有哪些优惠政策？答：年市级秋交会期间，在中心城区购买房屋的，由房屋所在地区政府（管委会）给予一定的购房补贴。主要有：一是契税返还，一般为、最高可达；二是现金补贴，住宅为元套、非住房为元套；三是对人才和多孩家庭提高补贴标准。本条具体政策由中心城区各区政府（管委会）负责解释和执行。问：个人住房套数认定标准有哪些新调整？答：按照住房城乡建设部、中国人民银行、金融监管总局关于“认房不认贷”政策规定，对居民家庭（包括借款人、配偶及未成年子女）在我市申请贷款购买商品住房时，家庭成员在当地名下无成套住房的，不论是否已利用贷款购买过住房，银行业金融机构均按首套住房执行住房信贷政策。本条政策由市住房城乡建委、中国人民银行重庆市分行、国家金融监督管理总局重庆监管局负责解释和执行。问：如何执行差别化住房信贷政策？答：按照今年月日《中国人民银行金融监管总局关于调整优化差别化住房信贷政策的通知》要求，调整首套和二套住房商业性个人住房贷款最低首付款比例和利率下限。对于贷款购买商品住房的居民家庭，首套住房商业性个人住房贷款最低首付款比例由调整为不低于，二套住房商业性个人住房贷款最低首付款比例由调整为不低于。首套住房商业性个人住房贷款利率政策下限按现行规定执行，即不低于相应期限贷款市场报价利率减个基点；二套住房商业性个人住房贷款利率政策下限由不低于相应期限贷款市场报价利率加个基点调整为不低于相应期限贷款市场报价利率加个基点。对拥有套及以上住房并已结清相应购房贷款的家庭，又申请贷款购买住房的，银行业金融机构应根据借款人偿付能力、信用状况等因素审慎把握并具体确定首付款比例和贷款利率水平，但不得低于二套房最低首付比例和最低利率水平。本条政策由中国人民银行重庆市分行负责解释和执行。（上游新闻记者陈竹）上游新闻,-0.140665178400696,------
重庆执行认房不认贷重庆市住房城乡建委网站月日消息，重庆市促进房地产市场平稳健康发展领导小组办公室发布《关于进一步支持刚性和改善性购房需求的通知》，具体内容如下。重庆市促进房地产市场平稳健康发展领导小组办公室关于进一步支持刚性和改善性购房需求的通知各区县（自治县）人民政府，市级有关部门，有关单位：为认真贯彻落实月日中央政治局会议精神，以及住房城乡建设部、财政部、中国人民银行等相关部委要求，因城施策用好政策工具箱，更好满足居民刚性和改善性住房需求，促进房地产市场健康发展，经报请市政府同意，现将有关事项通知如下。一、延续实施支持居民换购住房个人所得税政策自年月日至年月日，对出售自有住房并在现住房出售后年内在市场重新购买住房的纳税人，对其出售现住房已缴纳的个人所得税予以退税优惠。二、优化新购住房再交易管理将中心城区范围内新购的住房由“须取得不动产权证满年后才能上市交易”调整为“取得房屋买卖合同备案证明满年，且取得不动产权证后才能上市交易”。三、实施市级秋交会期间购房补贴政策年市级秋交会期间，在中心城区购买房屋的，给予一定的购房补贴。购房补贴政策由各区政府（管委会）根据实际情况制定和执行。四、优化个人住房套数认定标准居民家庭（包括借款人、配偶及未成年子女）申请贷款购买商品住房时，家庭成员在当地名下无成套住房的，不论是否已利用贷款购买过住房，银行业金融机构均按首套住房执行住房信贷政策。五、调整优化差别化住房信贷政策对于贷款购买商品住房的居民家庭，首套住房商业性个人住房贷款最低首付款比例为不低于，二套住房商业性个人住房贷款最低首付款比例为不低于。首套住房商业性个人住房贷款利率政策下限按现行规定执行，二套住房商业性个人住房贷款利率政策下限调整为不低于相应期限贷款市场报价利率加个基点。对拥有二套及以上住房并已结清相应购房贷款的家庭，又申请贷款购买住房，银行业金融机构应根据借款人偿付能力、信用状况等因素审慎把握并具体确定首付款比例和贷款利率水平，但不得低于二套房最低首付比例和最低利率水平。本通知自印发之日起执行，原有相关规定与本通知不一致的，以本通知为准。重庆市促进房地产市场平稳健康发展领导小组办公室年月日,0.0226488553851938,2023-09-01 20:56:38
重庆官宣认房不认贷重磅重庆认房不认贷二手房交易、购房首付比例有调整月日，重庆发布《重庆市促进房地产市场平稳健康发展领导小组办公室关于进一步支持刚性和改善性购房需求的通知》，全文如下：各区县（自治县）人民政府，市级有关部门，有关单位：为认真贯彻落实月日中央政治局会议精神，以及住房城乡建设部、财政部、中国人民银行等相关部委要求，因城施策用好政策工具箱，更好满足居民刚性和改善性住房需求，促进房地产市场健康发展，经报请市政府同意，现将有关事项通知如下。一、延续实施支持居民换购住房个人所得税政策自年月日至年月日，对出售自有住房并在现住房出售后年内在市场重新购买住房的纳税人，对其出售现住房已缴纳的个人所得税予以退税优惠。二、优化新购住房再交易管理将中心城区范围内新购的住房由“须取得不动产权证满年后才能上市交易”调整为“取得房屋买卖合同备案证明满年，且取得不动产权证后才能上市交易”。三、实施市级秋交会期间购房补贴政策年市级秋交会期间，在中心城区购买房屋的，给予一定的购房补贴。购房补贴政策（附后）由各区政府（管委会）根据实际情况制定和执行。四、优化个人住房套数认定标准居民家庭（包括借款人、配偶及未成年子女）申请贷款购买商品住房时，家庭成员在当地名下无成套住房的，不论是否已利用贷款购买过住房，银行业金融机构均按首套住房执行住房信贷政策。调整优化差别化住房信贷政策对于贷款购买商品住房的居民家庭，首套住房商业性个人住房贷款最低首付款比例为不低于，二套住房商业性个人住房贷款最低首付款比例为不低于。首套住房商业性个人住房贷款利率政策下限按现行规定执行，二套住房商业性个人住房贷款利率政策下限调整为不低于相应期限贷款市场报价利率加个基点。对拥有二套及以上住房并已结清相应购房贷款的家庭，又申请贷款购买住房，银行业金融机构应根据借款人偿付能力、信用状况等因素审慎把握并具体确定首付款比例和贷款利率水平，但不得低于二套房最低首付比例和最低利率水平。本通知自印发之日起执行，原有相关规定与本通知不一致的，以本通知为准。,-0.0070933094590834,2023-09-01 21:19:32
楼市放出多年未见大招，房价是跌是涨？靴子终于落地。月日下午时许，中国人民银行、国家金融监督管理总局发布最新通知，调整优化住房信贷政策，其中，首套住房商贷最低首付款不低于，二套住房商贷最低首付款不低于。本次降低首付的力度可谓多年未有；此外，房贷利率也将进行较大力度的优化调整，包括降低存量房贷利率。这一政策组合拳可谓掷地有声，本次出台楼市新政，有何深意？楼市会迎来什么变化？首付比例几乎降至历史下限月日，中国人民银行、国家金融监督管理总局发布《关于调整优化差别化住房信贷政策的通知》，其中主要有四条内容。第一条是对于贷款购买商品住房的居民家庭，首套住房商业性个人住房贷款最低首付款比例统一为不低于，二套住房商业性个人住房贷款最低首付款比例统一为不低于。这一新政即为首套房首付、二套房首付，近十年前，这一政策曾出台过，其后多年，首套房首付最低、二套房首付最低的房贷政策在全国层面长期执行，部分城市有所加码，二套房首付比例要求更高。以一套总价万元的房子为例，此前首套房首付需要万元，而按照最新政策，首付只需要万元，首付资金低了很多；而如果是二套房，此前首付需要万，部分城市需要万元，而如今只需要万，购房门槛大为降低。对此，中指研究院指数研究部总经理曹晶晶表示，从首付比例来看，不论是首套房还是二套房，其最低首付比例几乎已经降至历史下限，这将能显著降低购房门槛，凸显了政策面保刚需、促改善、稳市场的用意。第二条是首套住房商业性个人住房贷款利率政策下限按现行规定执行，二套住房商业性个人住房贷款利率政策下限调整为不低于相应期限贷款市场报价利率加个基点。即首套房利率政策不变，目前五年期以上为，部分城市执行的是下调个基点、再优惠个左右基点的政策，其房贷利率为甚至更低，比如郑州、福州的首套房贷利率已调至左右。而对于二套房贷款利率，此前多个城市执行的是上调个基点，实际二套房贷利率为，根据此次最新政策，二套房上浮基点不低于个基点即可，这无疑赋予了下调二套房贷利率上浮基点的空间。第三、四条规定，中国人民银行、金融监管总局各派出机构按照因城施策原则，根据辖区内各城市房地产市场形势及当地调控要求，自主确定各城市首套和二套住房商贷最低首付款比例和利率下限；各大银行业金融机构应据此首付比例和利率下限，合理确定每笔贷款的具体首付款比例和利率水平。中国人民银行、国家金融监督管理总局有关负责人表示，此次差别化住房信贷政策调整优化的重点在于，一是统一全国商业性个人住房贷款最低首付款比例政策下限即不再区分实施“限购”城市和不实施“限购”城市，首套住房和二套住房商贷最低首付款比例政策下限统一为不低于和；二是将二套住房利率政策下限调整为不低于相应期限贷款市场报价利率（）加个基点。曹晶晶表示，此次金融监管部门打开了首付比例和利率下调的空间，根据目前的市场形势和金融监管部门的这一要求，首套房首付、二套房首付的新政将会逐步落地，二套房贷利率也将下调，尤其是由于当前多数城市房地产下行压力较大，因此预计二线城市将很快调整至下限水平等，从政策调整力度看，本次楼市新政具有较高的含金量。楼市仍处于下行期今年以来，楼市曾在、月份有所回升，但进入下半年，楼市多个指标均呈现下跌态势。国家统计局公布，月份，全国房地产开发投资亿元，同比下降；其中，住宅投资亿元，下降。月份，房地产开发企业房屋施工面积万平方米，同比下降。房屋新开工面积万平方米，下降。其中，住宅新开工面积万平方米，下降。与此同时，楼市成交量价也出现下滑，月份，商品房销售面积万平方米，同比下降。尤其是，今年上半年商品房销售额连续多月保持同比正增长的态势，但月份以来，前个月商品房销售额亿元，下降。月份，个大中城市中，新建商品住宅和二手住宅价格环比上涨城市分别有个和个，比上月分别减少个和个；同比上涨城市分别有个和个，比上月均减少个。对此，国家统计局城市司首席统计师绳国庆表示，年月份，个大中城市商品住宅销售价格上涨城市个数减少，各线城市商品住宅销售价格环比持平或下降、同比有涨有降。“目前市场显然是跌过头了，”月日，在万科年中期业绩推介会上，万科董事会主席郁亮表示，市场低迷持续了一段时间，市场情绪已经受到影响，容易出现各种“过度反应”。他表示，以新开工数来看，年新开工数下降，年新开工量下降，今年上半年继续下降约。如果以年作为基数，新开工数已经整体下降约，回到了年的水平。中国社科院财经战略研究院住房大数据项目组组长邹琳华向中国新闻周刊表示，房地产领域的风险点较多且连接面广，比如烂尾楼风险、房地产企业爆雷风险、土地财政风险、断供风险等，都属于非常棘手的风险。这些风险一旦触发，容易直接联接金融体系和地方财政。因而，房地产相对更容易率先引发经济风险。邹琳华认为，与日本房地产泡沫期相比，我国仍处于城市化阶段，人均收入和生活水平离发达国家还在差距，存在一定规模潜在的刚性和改善性住房需求。只要政策及时妥当，房地产领域的风险相对更为可控。但如果房价在内外部因素的综合作用下持续下滑且无有效抑制手段，这些风险点也容易被触发。由于房地产风险连接面广，抑制房地产风险的蔓延，就需要付出更大成本。中国人民银行、国家金融监督管理总局有关负责人表示，月日中央政治局会议明确，适应我国房地产市场供求关系发生重大变化的新形势，适时调整优化房地产政策，因城施策用好政策工具箱。月日国务院常务会议提出，根据不同需求、不同城市等推出有利于房地产市场平稳健康发展的政策举措，加快研究构建房地产业新发展模式。根据部署，此次对现行差别化住房信贷政策进行了调整优化，支持各地因城施策用好政策工具箱，引导个人住房贷款实际首付比例和利率下行，更好满足刚性和改善性住房需求。楼市会怎样走？邹琳华表示，为了及时有效应对周期性、结构性供大于求带来的市场冲击，以及防范可能由此触发的经济风险，同时支持刚性和改善性住房需求，可采取调整优化措施。为此，他建议，一是及时撤销对于住房需求不合时宜的管控限制。这些限制措施包括限购、限贷、限售、限价、限非普住宅等。这些限制措施大都是基于住房短缺、投资投机动力强大的市场背景所制订，既然房地产市场供求形势已经发生了重大变化，住房已经不再供不应求，甚至还出现了销售困难，住房投资投机者也不再涌入住房市场，这些限制政策显然已经不合时宜。此外，这些限制性政策还限制了居民刚性和改善性住房需求的释放，妨碍了市场信心的恢复，所以应该及时全面调整。二是大幅降低购房贷款利率。从当前的信贷市场供求看，无抵押的消费贷利率已经降至左右，且对这类资金的市场需求仍不足。参照无抵押消费贷利率的供求状况，目前的房贷利率水平还需要大幅降低，才可能会对市场信心恢复有一定作用。从这一角度看，楼市政策仍有调整空间。年月日，住房城乡建设部、中国人民银行、金融监管总局三部门发布《关于优化个人住房贷款中住房套数认定标准的通知》，“认房不认贷”政策终于要走向落地。月日，一线城市中的广州与深圳已经在同一天出台规定落实“认房不认贷政策”。邹琳华表示，“认房不认贷”可以释放部分购房需求，对市场信心有一定的提振作用。月日，中国人民银行、国家金融监督管理总局联合发布《关于降低存量首套住房贷款利率有关事项的通知》。自年月日起，降低存量首套住房商业性个人住房贷款利率。中国人民银行、国家金融监督管理总局有关负责人表示，对于符合条件的存量住房贷款，可由借款人主动向承贷银行提出申请，也鼓励银行以发布公告、批量办理等方式，为借款人提供更为便利的服务。调整方式上，既可以变更合同约定的住房贷款利率加点幅度，也可以由银行新发放贷款置换存量贷款，具体利率调整幅度由借贷双方协商确定。中国首席经济学家论坛理事长、上海市经济学会副会长连平表示，降低存量房贷利率可以减轻购房者的利息负担，对于刺激消费、推动房地产市场复苏会有积极作用。曹晶晶表示，整体来看，月底房地产政策优化节奏加快，多项利好政策集中赶在“金九银十”到来之前落地，将有助于促进房地产市场信心修复和预期改善，推动刚需和改善性需求入市，激活市场交易。郁亮认为，“楼市的确有前所未有的压力”，但是，政策正在发力，并且对“盘活存量项目”等对行业中长期有重大影响的方面都有提出要求，是一种对行业的鼓舞。首都经济贸易大学京津冀房地产研究院院长赵秀池告诉中国新闻周刊，楼市跟着人口走，作为人口基数大、新增人口多的一二线城市，其市场仍有一定的发展潜力。在郁亮看来，目前我国城镇化率，这个数字如果预计达到，保守估计全国每年应该有亿亿平方米的新开工数才是合理水平，目前是超跌了。房地产行业能回到健康的水平，过程中会有曲折和波浪。（中国新闻周刊）,-0.7640150151391868,------
房贷政策调整谁获益最大？日前，中国人民银行、国家金融监督管理总局联合下发《关于调整优化差别化住房信贷政策的通知》和《关于降低存量首套住房贷款利率有关事项的通知》，相关政策一经发布当即引发市场强烈关注。你的月供究竟能降多少两项通知内容均直接指向与房地产消费者最为关心的项目。差别化住房信贷政策调整优化的重点是，将统一全国商业性个人住房贷款最低首付款比例政策下限，首套为、二套为，不再区分实施“限购”城市和不实施“限购”城市。住房利率政策下限亦调整。各地可按照因城施策原则，在不低于上述全国统一政策基础上，自主确定辖区内首套和二套住房最低首付款比例和利率下限。《关于降低存量房首套住房贷款利率有关事项的通知》明确，年月日起，存量首套住房商业性个人住房贷款的借款人可向金融机构提出申请，由金融机构新发放贷款置换存量首套住房商业性个人住房贷款。据不完全统计和测算，目前，大部分城市存量房贷的利率最低下限是，此前购房者基本是按照左右的房贷利率购房，此次存量房贷利率调整后，房贷利率或能降低个基点以上。加上近日一些地方出台的“认房不认贷”新规，一些住房可能重新被认定为“首套”，从而享受新出台政策优惠。几千万户、上亿居民的财务负担或会有较明显下降，平均降幅或约为个百分点，预计对市场影响颇大。市场供求变化的必然结果“新政”晚间出通告，似乎非常突然，其实市场预期已久。月日金融统计数据情况新闻发布会上，央行政策司司长邹澜表示：“按照市场化、法治化原则，我们支持和鼓励商业银行与借款人自主协商变更合同约定，或者是新发放贷款置换原来的存量贷款。”这已经拉开政策调整市场沟通和预期的序幕。随后，月日，中国人民银行、国家外汇管理局召开年下半年工作会议，提出“将因城施策精准实施差别化住房信贷政策，继续引导个人住房贷款利率和首付比例下行，更好满足居民刚性和改善性住房需求。指导商业银行依法有序调整存量个人住房贷款利率。”月日，央行、金监局、证监会联合召开金融支持实体经济和防范化解金融风险电视会议，强调“要继续推动实体经济融资成本稳中有降，规范贷款利率定价秩序，统筹考虑增量、存量及其他金融产品价格关系”。月日开始，各大银行针对存量住房贷款利率下调发声，至此，市场基本上有共识，认为“箭在弦上”了。当然，政策密集发声、“步步为营”旨在引导市场预期，但市场预期的基础还是宏观经济形势，政策设置也同样是大形势下的相机顺应。在月日的发布会上，关于存量贷款表述前还有一段叙述，谈及房地产相关问题时，邹澜表示，“部分房企长期积累的风险仍然需要一段时间才能逐步消化考虑到我国房地产市场供求关系已经发生深刻变化”这个“深刻变化”在两个新政《通知》出台时，似也有相关监管部门工作人员提及。年，人民币个人住房贷款加权平均利率均值为，而年上半年新发放个人住房贷款加权平均利率为，前者高出后者。由于经济还在弱复苏过程中，居民资产端收益率也明显回落，如个月理财产品预期年化收益率降至、为历史最低水平。存量房贷利率高于理财、存款等稳健收益产品，居民“借新还旧、借短还长”等提前还贷意愿明显增加，提前偿还房贷需求提升。今年月，新增居民中长期贷款为负，或为居民提前偿还房贷超过当月新增贷款所致。由此可见，存量房贷利率调降是市场供求变化带来的必然结果。金融市场健康稳定发展所需降低存量房贷利率有什么好处呢？从购房端来看，居民固然会因房贷付息压力减轻，获得益处。对于房地产供给方而言，也可能刺激更多一些的需求。而对于银行等金融机构来说，虽然表面上看，存量房贷降息将会带来利息的损失，但若利率水平与市场供求形势发生扭曲，提前还贷等实则为居民对资产负债表的调整，居民资产负债表呈现收缩，商业银行经营收益也受到一定影响，并可能对金融市场造成扰动，调降利率也不能不说是金融市场健康稳定发展的需求。回看历史，年月，央行宣布决定“商业性个人住房贷款利率的下限扩大为贷款基准利率的倍”，该优惠举措主要针对于新增客户，但不少存量贷款客户通过转按揭的方式再度成为“新增客户”，从而享受七折利率优惠。房地产对经济有相当重要的支撑作用，而住房贷款是居民债务最主要的构成部分。如何稳定市场信心、降低负债端成本、稳定地产行业、提升消费能力，始终是经济的重要命题和目标。非常时期更加需要非常办法。当然，今时不同往日，就房贷而言，对比年已是更大的规模和挑战，对银行净息差和利润的影响也在加大。就房地产市场和其他消费市场而言，其规模和挑战都与十多年前不可同日而语。当我们看到一项政策的出台时，更多的配套政策和工具也需要都在路上，以保证每项政策的实际操作性，以及所有政策和工具的相互配合度，更重要的是，要不断适应变化的市场。（新京报）利息少了万购房者激动得一夜没睡,0.0001890335942662,2023-09-01 20:54:46
房贷首付比例下调，一线城市及热点二线城市最受益，但北上深存量房贷利率或难受益。央行月日发布《关于调整优化差别化住房信贷政策的通知》和《关于降低存量首套住房贷款利率有关事项的通知》引发市场一片欢腾。对于首套房，成首付，这大概是年之后第二次全国范围如此大力度普遍调整了。二套房成首付也是相当可以了。不过，对于很多城市，其实早享受到成首付，所以，此次调整或许对一线城市以及热点二线城市影响最大。在这些城市带动下，楼市向好的局面将会更加清晰。宏观上的信心提升不代表实际的购买力提升，毕竟首付比例下调仅仅是个门槛降低的问题，并没有带动购房者的购买力。所以也不可盲目乐观。现在经济与收入预期仍不稳定且不乐观，即使购房者看到如此利好很冲动我也要劝你慎重。但有一些需求将得以释放，这些人不差钱就差政策。对于存量房贷利率下调，这一次也是敲定了方案。月日北京、上海、深圳等也都相继公布房贷利率下限，不过恐怕要泼点冷水了，可能难以受益存量按揭利率下调。北京：年月至今首套商业性个人住房贷款利率下限为个。上海：年月日至今执行的利率下限水平为。深圳：年月日至今执行首套房贷利率下限水平为。央行规定的原则是，新发放贷款的利率水平，在贷款市场报价利率上的加点幅度，不得低于原贷款发放时所在城市首套住房商业性个人住房贷款利率政策下限。目前北京首套房新发放房贷利率下限为（加点），上海为（加点），深圳为（加点）。因为各地市场下行趋势下，除北上深以外，基本上都大幅下调了贷款的加点幅度，而北上深房贷利率加点政策基本上保持了稳定，所以，预计北上深很难受益存量按揭利率的可能下调，除非地方下调加点幅度。对于一些人来说，可能盼来盼去，等了个寂寞，也别光听别人怎么说，最好还是到你的承贷银行问一问，看看是否具备下调条件，能下调多少。首套房贷款最低首付比例不低于降存量首套房贷利率万存量房贷每年可省多元利息,-0.0055304566323944,2023-09-02 07:13:57
首套房贷款最低首付款比例不低于二套房贷款最低首付款比例不低于中国人民银行、国家金融监督管理总局发布关于调整优化差别化住房信贷政策的通知：对于贷款购买商品住房的居民家庭，首套住房商业性个人住房贷款最低首付款比例统一为不低于，二套住房商业性个人住房贷款最低首付款比例统一为不低于。万存量房贷每年可省多元利息（中国人民银行）中国新闻网的微博视频,-0.133414553956379,2023-09-01 23:01:53
月楼市发布的三个重大文件将有力提振市场信心楼市房地产月日住建部、人民银行、金融监管总局联合发布《关于优化个人住房贷款中住房套数认定标准的通知》，之后重点城市也陆续发布认房不认贷的通知。月日人民银行、金融监管总局联合发布《关于调整优化差别化住房信贷政策的通知》和《关于降低存量首套住房贷款利率有关事项的通知》两个文件，不再区分限购和不限购城市，将首套和二套住房贷款的最低首付比例下限统一为不低于和；二套住房利率政策下限调整为，首套住房利率政策下限仍为。,0.0053979193466161,2023-09-01 21:50:56
基金股票钛媒体每日收评今日股收评：沪指收涨，煤炭板块涨幅居前截止月日收盘，沪指报点，涨，成交额为亿元（上一交易日成交额为亿元）；深成指报点，涨，成交额为亿元（上一交易日成交额为亿元）；创业板指报点，跌，成交额为亿元（上一交易日成交额为亿元）。两市全天成交额亿元，较上一交易日缩量亿元，超股上涨。今日，受台风天气影响，沪深股通暂停交易。板块方面，煤炭板块涨幅居前，云煤能源、陕西黑猫涨停，华阳股份、兖矿能源、山西焦煤等个股涨超；大消费板块迎来全面反弹，商贸零售板块大涨，杭州解百、中央商场、人人乐、中兴商业、国芳集团、国光连锁涨停；乳品、白酒指数走高，西部牧业涨停，麦趣尔涨停，皇台酒业涨近，舍得酒业涨超；汽车整车板块涨幅靠前，众泰汽车涨超，中通客车、中国重汽等跟涨；杭州亚运会概念股盘中异动，杭州园林涨停，杭州解百、中装建设涨停。消息面：、昨日中国人民银行、国家金融监督管理总局联合发布《关于降低存量首套住房贷款利率有关事项的通知》，明确借款人可选择新发放贷款置换存量房贷，或者协商变更合同约定利率水平两种方式，调整存量首套住房商业性个人住房贷款。上述两部门还联合下发了《关于调整优化差别化住房信贷政策的通知》，明确统一全国商业性个人住房贷款最低首付款比例政策下限，首套住房和二套住房商业性个人住房贷款最低首付款比例政策下限统一为不低于和。、开源证券表示，稳增长政策有望在下半年发挥效力，尤其是在施工旺季的月、月。本周多部门推动落实首套房贷认房不认贷，推动房贷利率调整，后续有望对地产新开工带来边际改善，利多黑色产业链。当前稳增长政策超预期，煤炭股同样也会成为进攻品种，作为上游资源环节必然受到下游需求的拉升而反映出价格上涨。从安全性而言，煤炭股的估值已经处在历史的底部区域，配置性价比高。、数据显示，股家百货类上市公司中有家上半年实现盈利，家公司业绩同比正增长，家上市公司净利润为亏损，整体看，百货零售类上市公司盈利能力明显修复。从百货上市公司披露的财报看，在上半年线下消费强势复苏背景下，有不少连锁百货店持续加码线上渠道建设，线上收入也实现较大幅度增长，数智化转型逐渐提速，这也是半年报中一大特点。、中信建投表示，白酒板块月短暂反弹后，再次进入到“低情绪”“低预期”状态中，市场交易拥挤度、活跃度回落至历史较低水平，板块估值仍处于合理偏低分位。展望中秋国庆，酒厂预计加大促销支持力度，且场景复苏低基数加持，上市酒企有望取得高于行业的动销增长。长期来看，龙头酒企的竞争优势也将持续凸显，当前估值低位正是布局时机，建议积极把握低估值下龙头标的的布局机会。、业内人士表示，由于上半年积压的需求在月释放，月需求环比相对减弱，部分车企开启降价，影响板块情绪。在本届成都国际车展，比亚迪方程豹首款车型豹、智己开启预售，比亚迪宋、长安启源、极越等车型首发亮相，优质供给加速。月虽是传统淡季，但整体需求与年及历史同期相比仍然坚挺，待后续“金九银十”购车旺季到来，叠加去年低基数，需求有望快速回暖。,0.0285703804579948,------
存量首套房贷利率下调月日起可申请万存量房贷每年可省多元利息月日，中国人民银行、金融监管总局联合发布《关于降低存量首套住房贷款利率有关事项的通知》（下称“通知”）和《关于调整优化差别化住房信贷政策的通知》。通知明确，自月日起，符合相关条件的存量房贷借款人，可向金融机构提出申请，既可以变更合同约定的住房贷款利率加点幅度，也可以由银行新发放贷款置换存量贷款。降低后的存量房贷利率，依然要符合贷款发放时当地的房地产政策，即不低于当时所在城市房贷利率政策下限。接近监管的有关人士表示，存量首套住房商业性个人住房贷款利率调整后，购房者财务负担会有明显下降，利率平均降幅约为个百分点。据估算，本次调整涉及的客户可能超过万，涉及调整的贷款规模可能达万亿元。以万元、年期、原利率的存量房贷为例，假设房贷利率降至，可节约借款人利息支出每年超元。“存量住房贷款利率的下降，对借款人来说，可节约利息支出，有利于扩大消费和投资。对银行来说，可有效减少提前还贷现象，减轻对银行利息收入的影响。”上述人士说，存量住房贷款利率的下降还可压缩违规使用经营贷、消费贷置换存量住房贷款的空间，减少风险隐患。那么，在两种调整方式中，借款人应该如何选择？上述人士告诉上海证券报记者，从调整结果上看，由于中国人民银行已经明确存量房贷利率调整的具体要求，即需要符合贷款发放时的当地房贷利率下限政策，预计这两种方式调整后的利率水平不会有明显区别。下一步，调整存量房贷利率在具体操作层面将如何落地、借款人又应怎样操作？对于符合条件的存量住房贷款，自月日起，可由借款人向承贷银行提出申请，新发放贷款置换存量首套房贷，或协商变更合同利率水平。在月日前，银行进行修订合同文本、改造调整系统、识别符合标准的客户等准备工作，并尽快向借款人公布办理流程和需要准备的申请材料。中国人民银行将督促银行尽快发布本行降低存量房贷利率的公告，明确申请调整利率水平或新发放贷款置换的具体安排。借款人可根据贷款银行的公告进行操作。中国人民银行还将指导利率自律机制，督促金融机构做好贯彻落实工作，维护市场竞争秩序。通知要求，各金融机构要抓紧制定具体操作细则，做好组织实施，提高服务水平，及时响应借款人申请，尽可能采取便捷措施，降低借款人操作成本，确保有关要求落实到位。截至记者发稿时，建行、农行等银行发布了关于调整存量房贷利率的公告。建行称，将提供高效便捷的线上线下服务，按照通知规定，做好降低存量首套住房商业性个人住房贷款利率工作。农行称，正在积极依法有序开展存量首套个人住房贷款利率调整的准备工作。后续具体事宜，将在该行官网、微信公众号、网点等渠道公告。（上海证券报新华财经官方微博）新华财经官方微博的微博视频,0.024888285510194,2023-09-01 20:06:52
房贷政策最新调整便民资讯日前，中国人民银行、国家金融监督管理总局联合发布《关于调整优化差别化住房信贷政策的通知》和《关于降低存量首套住房贷款利率有关事项的通知》。有关负责人就调整优化住房信贷政策有关问题答记者问。一起来看（来源：中国人民银行网站、新华社）房贷政策最新调整,-0.0003507346081095,------
两部门调整优化住房信贷政策月日，中国人民银行、金融监管总局联合发布《关于调整优化差别化住房信贷政策的通知》和《关于降低存量首套住房贷款利率有关事项的通知》，对于贷款购买商品住房的居民家庭，首套住房商业性个人住房贷款最低首付款比例统一为不低于，二套住房商业性个人住房贷款最低首付款比例统一为不低于。同时，自月日起，存量首套住房商业性个人住房贷款的借款人可向承贷金融机构提出申请，由该金融机构新发放贷款置换存量首套住房商业性个人住房贷款。根据《关于调整优化差别化住房信贷政策的通知》，首套住房商业性个人住房贷款利率政策下限按现行规定执行，二套住房商业性个人住房贷款利率政策下限调整为不低于相应期限贷款市场报价利率加个基点。中国人民银行、金融监管总局各派出机构按照因城施策原则，指导各省级市场利率定价自律机制，根据辖区内各城市房地产市场形势及当地政府调控要求，自主确定辖区内各城市首套和二套住房商业性个人住房贷款最低首付款比例和利率下限。《关于降低存量首套住房贷款利率有关事项的通知》明确，存量首套住房商业性个人住房贷款，是指年月日前金融机构已发放的和已签订合同但未发放的首套住房商业性个人住房贷款，或借款人实际住房情况符合所在城市首套住房标准的其他存量住房商业性个人住房贷款。新发放贷款的利率水平由金融机构与借款人自主协商确定，但在贷款市场报价利率（）上的加点幅度，不得低于原贷款发放时所在城市首套住房商业性个人住房贷款利率政策下限。新发放的贷款只能用于偿还存量首套住房商业性个人住房贷款，仍纳入商业性个人住房贷款管理。此外，月日起，存量首套住房商业性个人住房贷款的借款人亦可向承贷金融机构提出申请，协商变更合同约定的利率水平。中国人民银行、金融监管总局有关负责人介绍，近年来我国房地产市场供求关系发生了重大变化，借款人和银行对于有序调整优化资产负债均有诉求。存量住房贷款利率的下降，对借款人来说，可节约利息支出，有利于扩大消费和投资。对银行来说，可有效减少提前还贷现象，减轻对银行利息收入的影响。同时，还可压缩违规使用经营贷、消费贷置换存量住房贷款的空间，减少风险隐患。为更好适应上述新形势，中国人民银行、金融监管总局明确按照市场化、法治化原则，支持鼓励银行与借款人协商调整存量首套住房贷款利率。（来源：《人民日报》）,0.7744212163501311,2023-09-01 21:20:13
降低存量房贷利率有什么好处房贷政策调整哪些人获益最大？日前，中国人民银行、国家金融监督管理总局联合下发《关于调整优化差别化住房信贷政策的通知》和《关于降低存量首套住房贷款利率有关事项的通知》，相关政策一经发布当即引发市场强烈关注。存量房贷据不完全统计和测算，目前，大部分城市存量房贷的利率最低下限是，此前购房者基本是按照左右的房贷利率购房，此次存量房贷利率调整后，房贷利率或能降低个基点以上。加上近日一些地方出台的“认房不认贷”新规，一些住房可能重新被认定为“首套”，从而享受新出台政策优惠。几千万户、上亿居民的财务负担或会有较明显下降，平均降幅或约为个百分点，预计对市场影响颇大。,0.0125380959332088,------
权威发布重磅调整降降月日，中国人民银行、国家金融监督管理总局联合发布《关于调整优化差别化住房信贷政策的通知》和《关于降低存量首套住房贷款利率有关事项的通知》。,0.0110577577482246,2023-09-01 19:58:08
波浪玩家超话、隔夜美股，道指跌，纳指涨，标普指数跌。、央行、国家金融监管总局联合下发《关于降低存量首套住房贷款利率有关事项的通知》。通知提出，存量首套房贷利率可申请降低，自年月日起，可申请置换贷款、可协商变更合同约定利率水平。、央行、国家金融监管总局联合下发《关于调整优化差别化住房信贷政策的通知》。通知提出，首套住房商贷最低首付比例不低于，二套房首付比例不低于。将二套住房利率政策下限调整为不低于相应期限贷款市场报价利率加个基点，首套住房利率政策下限仍为不低于相应期限减个基点。、据财联社记者统计，今年月，证监会核发批文、企业首次公开发行和企业首发上市数量分别比去年同期减少家、家、家，此外，融资实现亿元，比年同期下降。、商务部新闻发言人束珏婷日前表示，近期，将陆续出台提升加工贸易发展水平、促进新能源汽车贸易合作等专项政策措施，全力推动进出口促稳提质。、香港交易所宣布，由于天文台现已发出八号台风信号，今天证券市场（包括沪深港通北向交易）及衍生产品市场之上午交易时段会延迟开市。,0.1159031633254401,2023-09-01 20:10:15
重磅房贷政策重要调整昨日，中国人民银行、国家金融监督管理总局联合发布《关于调整优化差别化住房信贷政策的通知》和《关于降低存量首套住房贷款利率有关事项的通知》。有关负责人就调整优化住房信贷政策有关问题答记者问，一起了解。遇见美好杭州,-0.0012247126642624,2023-09-01 20:09:52
房贷新政央行、金融监管总局重磅发布（附答问）月日晚间，中国人民银行、国家金融监管总局连续发布《关于降低存量首套住房贷款利率有关事项的通知》和《关于调整优化差别化住房信贷政策的通知》，并发布两部门有关负责人就调整优化住房信贷政策有关问题答记者问。具体如下（川观新闻）房贷新政央行、金融监管总局重磅发布（附答问）,0.0198216542244808,2023-09-01 20:07:47
最新房贷政策重要调整中国人民银行网站月日发布了《中国人民银行国家金融监督管理总局关于降低存量首套住房贷款利率有关事项的通知》和《中国人民银行国家金融监督管理总局关于调整优化差别化住房信贷政策的通知》。,-0.0028750809346416,2023-09-01 20:06:51
蜀安君播报首套房贷款最低首付款比例不低于二套房贷款最低首付款比例不低于中国人民银行、国家金融监督管理总局发布关于调整优化差别化住房信贷政策的通知：对于贷款购买商品住房的居民家庭，首套住房商业性个人住房贷款最低首付款比例统一为不低于，二套住房商业性个人住房贷款最低首付款比例统一为不低于。首套房贷款最低首付比例不低于（中国人民银行）中国新闻网的微博视频,0.1097169368500659,2023-09-01 20:06:11
专家解读存量房利率调整直播降首付、降利率哪些人可以享受？财经课堂月日，中国人民银行、金融监管总局联手发布《关于调整优化差别化住房信贷政策的通知》和《关于降低存量首套住房贷款利率有关事项的通知》，明确首套房商贷首付比例下限降至，降低存量首套住房贷款利率，远远超出市场预期，极大提振市场信心，对房地产市场、居民购房将有积极而深远的影响。此次房贷新政将如何影响市场？哪些人群可以获益？具体操作如何落地？我们邀请多上述政策进行多次呼吁的招联首席研究员董希淼作客《财经课堂》为大家解答。南方日报的微博视频个关键问题看懂存量房利率调整存量房贷,0.0116048057550329,2023-09-01 20:04:38
存量房贷利率下调会省多少钱百万房贷月供有望减少元月日晚间，中国人民银行、国家金融监督管理总局联合发布《关于调整优化差别化住房信贷政策的通知》和《关于降低存量首套住房贷款利率有关事项的通知》。存量房贷利率下调政策靴子落地。“整体来说，对于存量房贷的购房者，特别是动辄高息的购房者，很可能房贷能降低个基点以上，但具体的影响依然需要购房者与银行协商。”中原地产首席分析师张大伟表示，简单计算，大部分存量房贷发生时最低下限是，购房者基本是按照左右购房，也就是万年，可以月供从元每月降低到元左右，下调元左右。存量房贷,0.0760180961513417,2023-09-01 20:04:30
存量房贷月日，中国人民银行、国家金融监督管理总局发布《关于调整优化差别化住房信贷政策的通知》和《关于降低存量首套住房贷款利率有关事项的通知》，对现行差别化住房信贷政策进行了调整优化。备受市场关注的存量房贷利率调整政策也落地。《通知》指出，自年月日起，存量首套住房商业性个人住房贷款的借款人可向承贷金融机构提出申请，由该金融机构新发放贷款置换存量首套住房商业性个人住房贷款。新发放贷款的利率水平由金融机构与借款人自主协商确定，但在贷款市场报价利率（）上的加点幅度，不得低于原贷款发放时所在城市首套住房商业性个人住房贷款利率政策下限。新发放的贷款只能用于偿还存量首套住房商业性个人住房贷款，仍纳入商业性个人住房贷款管理。降低存量房贷利率的意义在于促进房地产市场的稳定发展和经济的持续增长。存量房贷利率是指已经发放的房屋贷款利率，降低这一利率可以为购房者提供更加优惠的融资条件，减轻购房压力，同时也有助于提高购房需求。降低存量房贷利率可以刺激购房市场的活跃度。较低的贷款利率将使得购房成本降低，吸引更多的购房者进入市场，增加购房需求。这将有助于促进房地产市场的交易量，推动房价的稳定增长。降低存量房贷利率有助于缓解购房者的经济压力。房屋贷款是一项长期的财务责任，较高的利率将增加购房者的还款负担。通过降低存量房贷利率，购房者可以享受到更低的月供，减轻经济负担，提高购房者的还款能力。降低存量房贷利率也有助于提升购房者的购房意愿。较低的利率将使得购房者更容易获得贷款，提高购房的可及性。这将鼓励更多的人选择购房，推动房地产市场的发展。不过，目前这个《通知》规定过于繁杂，理解很费劲。建议存量房贷利率调整政策更加通俗易懂、便于操作、有利于提高效率、交易成本低一些鸿儒计划透过财经看世界,-0.0166149404889312,2023-09-01 20:09:23
楼市放大招房价是跌是涨？首付比例几乎降至历史下限据中国新闻周刊月日，中国人民银行、国家金融监督管理总局发布《关于调整优化差别化住房信贷政策的通知》，其中主要有四条内容。第一条是对于贷款购买商品住房的居民家庭，首套住房商业性个人住房贷款最低首付款比例统一为不低于，二套住房商业性个人住房贷款最低首付款比例统一为不低于。这一新政即为首套房首付、二套房首付，近十年前，这一政策曾出台过，其后多年，首套房首付最低、二套房首付最低的房贷政策在全国层面长期执行，部分城市有所加码，二套房首付比例要求更高。以一套总价万元的房子为例，此前首套房首付需要万元，而按照最新政策，首付只需要万元，首付资金低了很多；而如果是二套房，此前首付需要万，部分城市需要万元，而如今只需要万，购房门槛大为降低。本次出台楼市新政，有何深意？楼市会迎来什么变化？存量房贷,-0.0008486788805929,2023-09-01 20:09:13
地产股开盘拉升中迪投资快速涨停中迪投资快速涨停，金科股份、天房发展、荣盛发展、金地集团等跟涨。消息面上，央行、国家金融监管总局联合下发《关于调整优化差别化住房信贷政策的通知》。通知提出，首套住房商贷最低首付比例不低于，二套房首付比例不低于。将二套住房利率政策下限调整为不低于相应期限贷款市场报价利率加个基点，首套住房利率政策下限仍为不低于相应期限减个基点。,0.0511873770646897,2023-09-01 20:09:18
股地产股开盘拉升，中迪投资快速涨停中迪投资快速涨停，金科股份、天房发展、荣盛发展、金地集团等跟涨。消息面上，央行、国家金融监管总局联合下发《关于调整优化差别化住房信贷政策的通知》。通知提出，首套住房商贷最低首付比例不低于，二套房首付比例不低于。将二套住房利率政策下限调整为不低于相应期限贷款市场报价利率加个基点，首套住房利率政策下限仍为不低于相应期限减个基点。,0.0322221535441455,------
首套房贷款最低首付款比例不低于二套房贷款最低首付款比例不低于中国人民银行、国家金融监督管理总局发布关于调整优化差别化住房信贷政策的通知：对于贷款购买商品住房的居民家庭，首套住房商业性个人住房贷款最低首付款比例统一为不低于，二套住房商业性个人住房贷款最低首付款比例统一为不低于。首套房贷款最低首付比例不低于（中国人民银行）中国新闻网中国新闻网的微博视频,0.0192846708849884,2023-09-01 20:16:05
首套房贷款最低首付款比例不低于二套房贷款最低首付款比例不低于中国人民银行、国家金融监督管理总局发布关于调整优化差别化住房信贷政策的通知：对于贷款购买商品住房的居民家庭，首套住房商业性个人住房贷款最低首付款比例统一为不低于，二套住房商业性个人住房贷款最低首付款比例统一为不低于。首套房贷款最低首付比例不低于（中国人民银行）中国新闻网的微博视频,-0.0005119160336889,------
、存款利率降了：工商银行年期定期存款挂牌利率下调个基点，降到。之前年期下调个基点，降到。之前，为什么要降？刺激消费刺激投资，去买房去股市什么的、存量首套房贷利率也降了：中国人民银行发布《关于调整优化差别化住房信贷政策的通知》和《关于降低存量首套住房贷款利率有关事项的通知》。工农建交等六银行，推进存量首套房贷利率调整，万房贷月供可降元。放出了除降价以外的一切措施,1.0,2023-09-01 21:30:11
房贷有新政月日，《中国人民银行国家金融监督管理总局关于调整优化差别化住房信贷政策的通知》发布，其中规定，对于贷款购买商品住房的居民家庭，首套住房商业性个人住房贷款最低首付款比例统一为不低于，二套住房商业性个人住房贷款最低首付款比例统一为不低于。我要说家乡,0.0166342068804019,2023-09-01 19:23:19
一、《关于降低存量首套住房贷款利率有关事项的通知》、《关于调整优化差别化住房信贷政策的通知》、贝壳网（房产中介）隔夜上涨，盘中最高涨幅。、中国人民银行、国家金融监督管理总局下发《关于降低存量首套住房贷款利率有关事项的通知》，存量首套住房商业性个人住房贷款利率调整后，几千万户、上亿居民的财务负担会有明显下降，平均降幅大约为个百分点。、中国人民银行、国家金融监督管理总局联合下发《关于调整优化差别化住房信贷政策的通知》，一是统一全国商业性个人住房贷款最低首付款比例政策下限。不再区分实施“限购”城市和不实施“限购”城市，首套住房和二套住房商业性个人住房贷款最低首付款比例政策下限统一为不低于和。二是将二套住房利率政策下限调整为不低于相应期限贷款市场报价利率加个基点。房产中介：三六五网、我爱我家地产相关：天房发展、金科股份、京投发展、特发服务二、特斯拉新款将于月日正式发布特斯拉决定在本周五（月日），正式发布内部代号“”的新款。据接近特斯拉的消息人士表示，目前公司全员都已进入“战备”姿态，卯足劲迎接新款的降临。改款将采用宁德时代的新型电池（磷酸锰铁锂电池）。磷酸锰铁锂电池：红星发展、湘潭电化、中银绒业三、合约价拉涨根据集邦咨询，月下旬原厂进一步与部分中国指标模组厂议定新一笔订单，并成功拉抬合约价，涨幅约。隔夜美光股价上涨，西部数据上涨。存储芯片：佰维存储、江波龙、华海诚科、香农芯创、德明利四、外交部：中方将于月举办第三届一带一路国际合作高峰论坛外交部发言人汪文斌月日主持例行记者会。汪文斌介绍，中方将于今年月在北京举办第三届“一带一路”国际合作高峰论坛，这不仅是纪念“一带一路”倡议提出周年最隆重的活动，也是各方共商高质量共建“一带一路”合作的重要平台。一带一路：新疆交建、青松建化、长久物流、北方国际、中工国际、金鹰重工五、拜登政府批准首次通过外国军事融资计划、在月日的外交部例行记者会上，有记者提问称，根据美国国务院日向国会发布的通报文件，拜登政府已批准首次通过所谓“外国军事融资”（）计划向地区提供万美元军事融资贷款。、据美媒报道，美国将在关岛新增处配备地对空拦截导弹、雷达等设备的防空阵地，意图将关岛打造成“全球防御最严密的地区”。军工：北方长龙、国科军工、昆船智能、新余国科、晨曦航空、长城军工六、国务院：提高岁以下婴幼儿照护等三项个人所得税专项附加扣除标准岁以下婴幼儿照护专项附加扣除标准，由每个婴幼儿每月元提高到元。子女教育专项附加扣除标准，由每个子女每月元提高到元。赡养老人专项附加扣除标准，由每月元提高到元。其中，独生子女按照每月元的标准定额扣除；非独生子女与兄弟姐妹分摊每月元的扣除额度，每人分摊的额度不能超过每月元。生育养老：金发拉比、美吉姆、悦心健康、澳洋健康七、行业要闻、商务部：近期将陆续出台促进新能源汽车贸易合作等专项政策措施。、大基金提前终止减持沪硅产业。（大基金芯片持股）、国家网络安全宣传周将举办。（三六零、美亚柏科）、工信部推进轻量化技术演进和应用创新发展。（移远通信、广和通）、华为智能手表销量刷新单季最高纪录。（恒玄科技、硕贝德）、年暑期档总票房达亿，创中国影史新高。（金逸影视、幸福蓝海）,0.0135065375845197,------
多家银行将下调定期存款利率新一轮定存降息来了对市场绝对是利好《关于调整优化差别化住房信贷政策的通知》和《关于降低存量首套住房贷款利率有关事项的通知》，调整优化住房信贷政策。有房贷的铁铁们，第一时间联系你的贷款银行，咨询什么时候解决存量贷款利率问题，大家可记得要及时联系哇。,0.0453494223387415,2023-09-01 18:35:33
月日早间财经新闻精选、央行、国家金融监管总局联合下发《关于降低存量首套住房贷款利率有关事项的通知》。通知提出，存量首套房贷利率可申请降低，自年月日起，可申请置换贷款、可协商变更合同约定利率水平。、央行、国家金融监管总局联合下发《关于调整优化差别化住房信贷政策的通知》。通知提出，首套住房商贷最低首付比例不低于，二套房首付比例不低于。将二套住房利率政策下限调整为不低于相应期限贷款市场报价利率加个基点，首套住房利率政策下限仍为不低于相应期限减个基点。、国务院发布关于提高个人所得税有关专项附加扣除标准。提高岁以下婴幼儿照护、子女教育、赡养老人等三项个人所得税专项附加扣除标准，每项分别较此前提高元。调整后的扣除标准自年月日起实施。、股指数月日放量下挫，最大跌幅超过，最终收跌。业内人士表示，股大跌通常发生在股成交低迷、酝酿反转行情之际。、北向资金月日再度净卖出亿元，连续日净卖出，月累计减仓接近亿元，单月净卖出额创历史新高。、有媒体提问，此前荷兰宣布实施半导体出口管制并将于月日正式生效，中荷双方对此事有没有更新的磋商结果？对此，商务部新闻发言人束珏婷月日表示，中国政府与相关国家在出口管制领域保持沟通交流。、据官网数据显示，工商银行与农业银行下调一年期、两年期、三年期和五年期人民币定期存款利率至、、、（此前分别为、、、）。、据财联社记者统计，今年月，证监会核发批文、企业首次公开发行和企业首发上市数量分别比去年同期减少家、家、家，此外，融资实现亿元，比年同期下降。、商务部新闻发言人束珏婷日前表示，近期，将陆续出台提升加工贸易发展水平、促进新能源汽车贸易合作等专项政策措施，全力推动进出口促稳提质。、江苏省政府日前召开新闻发布会提出，落实降低购买首套房首付比例和首套房、二套房贷款利率，改善性住房换购税费优惠，个人首套房”认房不认贷”等政策，指导商业银行依法有序调整存量个人住房贷款利率。、武汉市住房保障和房屋管理局日前发布相关通知，宣布“认房不认贷”，自月日起施行。厦门市发改委月日发布征求意见稿，拟实施首套房贷款“认房不用认贷”政策。、央行行长潘功胜会见来访的彭博公司创始人布隆伯格，就中国债券市场开放、可持续金融等议题交换了意见。、据中央纪委国家监委驻中国太平保险集团有限责任公司纪检监察组、福建省纪委监委消息，太平人寿保险有限公司原党委书记、总经理张可接受纪律审查和监察调查。、经纬纺机公告，无法在法定期限内披露年半年度报告，股票月日起停牌。、沪硅产业公告，国家集成电路基金提前终止减持计划。、三连板中马传动公告，公司生产不涉及机器人概念，减速器占营收比例极小。、香港交易所宣布，由于天文台现已发出八号台风信号，今天证券市场（包括沪深港通北向交易）及衍生产品市场之上午交易时段会延迟开市。、美股三大指数周四收盘涨跌不一，道指跌，月累计下跌；纳指涨，月累计下跌；标普指数跌，月累计下跌。热门中概股普跌，纳斯达克中国金龙指数跌，月累跌。、美联储青睐的通胀指标核心价格指数在月份连续第二个月环比上涨，创下年末以来最小两月涨幅。、美国能源部将为汽车制造商提供高达亿美元的资金，以便制造商改造设施，生产电动汽车、混合动力汽车和其他清洁能源汽车。、欧元区月消费者价格同比上涨，未如预期放缓，向欧洲央行发出警示信号。、俄罗斯副总理诺瓦克对该国总统普京表示，俄罗斯与就进一步缩减石油出口达成一致，将于下周宣布相关措施。万存量房贷每年可省多元利息,0.018640462744249,2023-09-01 18:42:28
白话数据年月日建委新房住宅网签套，二手房住宅网签套（网签数据有滞后）。大中介前台挂牌房源量套（中介春节休假前），持续关注。昨日楼市热点：月日晚间，中国人民银行、国家金融监督管理总局联合发布《关于调整优化差别化住房信贷政策的通知》以及《关于降低存量首套住房贷款利率有关事项的通知》，不再区分实施“限购”城市和不实施“限购”城市，首套住房和二套住房商业性个人住房贷款最低首付款比例政策下限统一为不低于和。并将二套住房利率政策下限调整为不低于相应期限贷款市场报价利率（）加个基点。首套住房利率政策下限仍为不低于相应期限减个基点。北京市规自委官网信息显示，房山拱辰、密云水源路两宗宅地转正，总起始价亿元。计划月日竞拍。,0.2263999152700826,2023-09-01 18:43:25
《关于降低存量首套住房贷款利率有关事项的通知》、《关于调整优化差别化住房信贷政策的通知》、贝壳网（房产中介）隔夜上涨，盘中最高涨幅。银行、国金融监督管理总局下发《关于降低存量首套住房贷款利率有关事项的通知》，存量首套住房商业性个人住房贷款利率调整后，几千万户、上亿居民的财务负担会有明显下降，平均降幅大约为个百分点。、中民银行、家金融监督管理总局联合下发《关于调整优化差别化住房信贷政策的通知》，一是统一全国商业性个人住房贷款最低首付款比例政策下限。不再区分实施“限购”城市和不实施“限购”城市，首套住房和二套住房商业性个人住房贷款最低首付款比例政策下限统一为不低于和。二是将二套住房利率政策下限调整为不低于相应期限贷款市场报价利率加个基点。房产中介：三六五网、我爱我家地产相关：天房发展、金科股份、京投发展、特发服务特斯拉新款将于月日正式发布特斯拉决定在本周五（月日），正式发布内部代号“”的新款。据接近特斯拉的消息人士表示，目前公司全员都已进入“战备”姿态，卯足劲迎接新款的降临。改款将采用宁德时代的新型电池（磷酸锰铁锂电池）。磷酸锰铁锂电池：红星发展、湘潭电化、中银绒业合约价拉涨根据集邦咨询，月下旬原厂进一步与部分中国指标模组厂议定新一笔订单，并成功拉抬合约价，涨幅约。隔夜美光股价上涨，西部数据上涨。存储芯片：佰维存储、江波龙、华海诚科、香农芯创、德明利,0.184095779571955,2023-09-01 18:44:23
股市早餐短线刀客一、重要资讯、央行、金融监管总局：发布关于降低存量首套住房贷款利率有关事项的通知。自年月日起，存量首套住房商业性个人住房贷款的借款人可向承贷金融机构提出申请，由该金融机构新发放贷款置换存量首套住房商业性个人住房贷款。、央行、金融监管总局：发布关于调展开,0.0940945808442221,2023-09-01 18:37:45
万存量房贷月供或有望减少元月日晚间，中国人民银行、国家金融监督管理总局联合发布《关于调整优化差别化住房信贷政策的通知》和《关于降低存量首套住房贷款利率有关事项的通知》。“整体来说，对于存量房贷的购房者，特别是动辄高息的购房者，很可能房贷能降低个基点以上，但具体的影响依然需要购房者与银行协商。”中原地产首席分析师张大伟表示，简单计算，大部分存量房贷发生时最低下限是，购房者基本是按照左右购房，也就是万年，可以月供从元每月降低到元左右，下调元左右。（中国新闻网）存量房贷,0.0175267208355849,2023-09-02 10:27:25
住房新政出炉到底能省多少钱？海宁多家银行回应重磅万众期待的存量房贷利率下调终于落地月日晚间，中国人民银行国家金融监督管理总局，日下发《关于调整优化差别化住房信贷政策的通知》《关于降低存量首套住房贷款利率有关事项的通知》决定调整优化差别化住房信贷政策，其中提到，自年月日起，存量房贷利率下调。就在昨天下午，浙江公布首套住房商业性个人住房贷款利率政策下限，可作为接下来降存量的具体标准。按照该数据，年月至年月嘉兴存量首套房贷调整后最低可降至，年月至今的存量首套房贷利率调整后最低降至。不少在年期间买房的海宁人，房贷利率都高达个点存量首套房贷利率下调后，到底能为大家省多少利息呢？以万房贷为例，按照等额本息的方式还款，如果当时存量房贷发生时最低下限是，购房者当初最高是按左右购房，调整之后，万年期限的房贷，月供可从每月元降至元，最多下调元左右。大潮网,-0.0282316618277155,2023-09-02 23:29:14
最新消息有关无锡首套房贷利率月日晚，中国人民银行、国家金融监督管理总局联合发布《关于降低存量首套住房贷款利率有关事项的通知》。文件明确，从年月日起，存量首套住房商业性个人住房贷款的借款人可向承贷金融机构提出申请，由该金融机构新发放贷款置换存量贷款，但在贷款市场报价利率（）上的加点幅度，不得低于原贷款发放时所在城市首套房贷款利率政策下限。月日下午，中国人民银行江苏省分行官网发布消息，公布了近几年江苏省内各城市首套房贷款利率下限执行情况。（中国人民银行江苏省分行官网）,0.009325324034424,2023-09-02 22:24:48
山东首套房商贷利率政策下限情况公示月日下午，中国人民银行山东省分行官网发布《关于山东省各地市首套住房商业性个人住房贷款利率政策下限情况的公示》。根据《中国人民银行国家金融监督管理总局关于降低存量首套住房贷款利率有关事项的通知》《中国人民银行国家金融监督管理总局关于调整优化差别化住房信贷政策的通知》有关工作安排，现将山东省各地市首套住房商业性个人住房贷款利率政策下限数据予以公示。山东省各地市首套住房商业性个人住房贷款利率政策下限数据表注：为贷款市场报价利率，由中国人民银行授权全国银行间同业拆借中心于每月日公布；。中国人民银行山东省分行年月日来源：观海客户端,0.0479216284827019,2023-09-02 22:04:59
西南证券首席分析师张刚：楼市政策有利于扩大可支配收入本周房地产政策持续加码，中国央行及金融监管总局近期联合发布《关于调整优化差别化住房信贷政策的通知》和《关于降低存量首套住房贷款利率有关事项的通知》，对于贷款购买商品住房的居民家庭，首套最低首付款比例统一为不低于，二套最低首付款比例统一为不低于；此外，存量首套房贷的借款人，可在月日起可向承贷金融机构提出申请，调降贷款利率。西南证券首席分析师张刚指出，对于借款人来说，有利于节约利息支出，扩大可支配收入。中国深度财经凤凰卫视的微博视频,-0.0148895871689511,------
特别关注重要调整事关房贷中国人民银行、金融监管总局月日联合发布《关于调整优化差别化住房信贷政策的通知》和《关于降低存量首套住房贷款利率有关事项的通知》。有关负责同志就政策调整回答了记者提问。详情请看重要调整事关房贷,0.0007565844273525,2023-09-02 23:40:22
首套房按揭利率政策下限公布宿迁月日晚，中国人民银行国家金融监督管理总局发布关于调整优化差别化住房信贷政策的通知、关于降低存量首套住房贷款利率、有关事项的通知。月日下午，中国人民银行江苏省分行发文公布江苏省各设区市首套房按揭利率政策下限，供大家参考。具体如下：,-0.0020836857738225,------
房贷利率下调个贷经理电话被打爆沉寂许久的楼市热情，在月日晚间被点燃。当天，中国人民银行、国家金融监督管理总局联合发布《关于降低存量首套住房贷款利率有关事项的通知》（下文简称《通知》），存量首套房贷利率下调政策落地，购房族迎来重大利好。“今天我的电话就没停过，喉咙都要干了。”杭州某国有银行个贷楚经理昨天告诉记者，他的微信、电话，完全停不下来。什么时候可以申请？需要符合什么条件？能省多少钱？点击下方图片查看全文,-0.0020528901699364,2023-09-03 09:03:29
皋城百事通南通首套房按揭利率政策下限公布月日晚，中国人民银行国家金融监督管理总局发布关于调整优化差别化住房信贷政策的通知，关于降低存量首套住房贷款利率有关事项的通知。政策发布后，很多人纷纷猜测自己的房贷利率到底能降低多少，月日下午，中国人民银行江苏省分行发文公布江展开,0.0038126099682382,2023-09-03 09:00:40
月日起杭州人可申请下调房贷利率了月日，中国人民银行、国家金融监管管理总局发布《关于降低存量首套住房贷款利率有关事项的通知》（下称《通知》，提出自今年月日起，存量首套住房商业性个人住房贷款的借款人可向金融机构提出申请，由金融机构新发放贷款置换存量首套商业性个人住房贷款，或协商变更合同约定的利率水平。月日，浙江公布首套住房商业性个人住房贷款利率政策下限，可作为接下来降存量的具体标准。按照该数据，年月至年月杭州存量首套房贷调整后最低可降至，年月至今的存量首套房贷利率调整后最低降至。利率下调杭州人抓紧存钱浙江经视记者初步统计，杭州包括中农工建等六大国有行，以及兴业银行、杭州银行等股份制银行都已发布通告，将会落实执行政策，而宁波银行表示暂未街接到相关通知。现在可以买房了吗？浙江经视的微博视频,-0.048309795863295,2023-09-03 06:44:41
小鲁说事存量房贷利率下调政策五大关键点对于中国人民银行、金融监管总局发布的《关于降低存量首套住房贷款利率有关事项的通知》，我们该如何理解？降低存量首套住房贷款利率，具体又该怎么操作？接下来，通过梳理政策五大关键点来帮您解读。央视网的微博视频,0.0487007847617261,2023-09-02 20:18:54
降存量房贷利率有购房者激动得一夜没睡“总利息少了万，每月少还多元”月日晚间，中国人民银行和国家金融监督管理总局发布《关于降低存量首套住房贷款利率有关事项的通知》，自年月日起实施。借款人可选择新发放贷款置换存量房贷，或者协商变更合同约定利率水平两种方式，调整存量首套住房商业性个人住房贷款，预计这两种方式调整后的利率水平不会有明显区别。经测算，以万元、年期、原利率的存量房贷为例，假设房贷利率降至，可每年节约超元利息支出。新杭州人小陈在年月买了一套萧山市北的二手房，首套利率（。此后多次下调，但由于加点实在太高，目前还是在的利率高位。小陈说，昨晚得知这个消息，激动得一夜没睡好，按照此次存量首套房贷的调整办法，如果按照下限计算，原利率将降至（当时杭州首套房贷利率政策下限为不加点）。对于购房者，的利率降幅是一笔厚厚的息差。以万商业贷款，年本额等息还款为例，调整后，小陈的月供将从元降至元，每个月少了元，总利息少了万元。（视频）视频的微博视频,-0.0228233994675558,2023-09-02 20:59:33
淮安公安淮安分局超话利息少了万购房者激动得一夜没睡降存量房贷利率央行、金融监管总局重磅发布有购房者激动得一夜没睡“总利息少了万，每月少还多元”你的月供究竟能降多少？月日晚间，中国人民银行和国家金融监督管理总局发布《关于降低存量首套住房贷款利率有关事项的通知》，自年月日起实施。借款人可选择新发放贷款置换存量房贷，或者协商变更合同约定利率水平两种方式，调整存量首套住房商业性个人住房贷款，预计这两种方式调整后的利率水平不会有明显区别。经测算，以万元、年期、原利率的存量房贷为例，假设房贷利率降至，可每年节约超元利息支出。新杭州人小陈在年月买了一套萧山市北的二手房，首套利率（。此后多次下调，但由于加点实在太高，目前还是在的利率高位。小陈说，昨晚得知这个消息，激动得一夜没睡好，按照此次存量首套房贷的调整办法，如果按照下限计算，原利率将降至（当时杭州首套房贷利率政策下限为不加点）。对于购房者，的利率降幅是一笔厚厚的息差。以万商业贷款，年本额等息还款为例，调整后，小陈的月供将从元降至元，每个月少了元，总利息少了万元。（视频）视频的微博视频（来源：视频审核：蒋婵媛发布：蔡瑞永）,-0.0103395150733496,2023-09-02 19:30:28
利息少了万购房者激动得一夜没睡降存量房贷利率央行、金融监管总局重磅发布你的月供究竟能降多少？月日晚间，中国人民银行和国家金融监督管理总局发布《关于降低存量首套住房贷款利率有关事项的通知》，自年月日起实施。借款人可选择新发放贷款置换存量房贷，或者协商变更合同约定利率水平两种方式，调整存量首套住房商业性个人住房贷款，预计这两种方式调整后的利率水平不会有明显区别。经测算，以万元、年期、原利率的存量房贷为例，假设房贷利率降至，可每年节约超元利息支出。新杭州人小陈在年月买了一套萧山市北的二手房，首套利率（。此后多次下调，但由于加点实在太高，目前还是在的利率高位。小陈说，昨晚得知这个消息，激动得一夜没睡好，按照此次存量首套房贷的调整办法，如果按照下限计算，原利率将降至（当时杭州首套房贷利率政策下限为不加点）。对于购房者，的利率降幅是一笔厚厚的息差。以万商业贷款，年本额等息还款为例，调整后，小陈的月供将从元降至元，每个月少了元，总利息少了万元。（视频）视频的微博视频,-0.1006985166053463,2023-09-02 17:59:41
上海、北京、深圳等多地披露首套房贷款利率下限执行情况据不完全统计，上海、北京、深圳、福建、河南、江西、湖南、吉林、甘肃、西藏、内蒙古、贵州等地的市场利率定价自律机制通过中国人民银行分支机构官网发布公告，披露近几年当地或省内各城市首套房贷款利率下限执行情况，以确保存量房贷利率调整顺利落地。多地披露首套房贷款利率下限全国首套房贷利率政策下限为：年月至年月为，年月至今为个基点。月日，中国人民银行、金融监管总局联合发布的《关于降低存量首套住房贷款利率有关事项的通知》明确，自月日起，符合相关条件的存量房贷借款人，可向金融机构提出申请，既可以变更合同约定的住房贷款利率加点幅度，也可以由银行新发放贷款置换存量贷款。降低后的存量房贷利率，依然要符合贷款发放时当地的房地产政策，即不低于当时所在城市房贷利率政策下限。也就是说，存量房贷利率调整最多可以“抹平”银行在发放房贷时高于政策下限的“溢价”。（上证报）,-0.0025513664460329,2023-09-02 17:29:31
财鑫闻丨北上广深等城市“认房不认贷”预计后期仍有政策跟进月日，北京、上海宣布执行“认房不认贷”政策，两日内，广州、深圳、厦门、武汉等城市官宣落实“认房不认贷”，北上广深四个一线城市均官宣“认房不认贷”。这也是对前一天重磅政策的落实响应。月日，中国人民银行、国家金融监督管理总局两部门连续发布《关于调整优化差别化住房信贷政策的通知》和《关于降低存量首套住房贷款利率有关事项的通知》（下文简称《通知》）两大重磅政策，意味购房者的购房门槛和成本大幅下调。对于密集出台的调控政策，专家称之为是近年来调控力度最大的楼市政策，预计后期仍会有相应政策出台。财鑫闻丨北上广深等城市“认房不认贷”预计后期仍有政策跟进,0.0148192884320701,2023-09-02 16:43:01
特别关注重要调整事关房贷中国人民银行、金融监管总局月日联合发布《关于调整优化差别化住房信贷政策的通知》和《关于降低存量首套住房贷款利率有关事项的通知》。有关负责同志就政策调整回答了记者提问。详情请看重要调整事关房贷（刘宏宇）,0.0080980163275829,2023-09-02 18:04:24
利息少了万购房者激动得一夜没睡月日晚间，中国人民银行和国家金融监督管理总局发布《关于降低存量首套住房贷款利率有关事项的通知》，自年月日起实施。借款人可选择新发放贷款置换存量房贷，或者协商变更合同约定利率水平两种方式，调整存量首套住房商业性个人住房贷款，预计这两种方式调整后的利率水平不会有明显区别。经测算，以万元、年期、原利率的存量房贷为例，假设房贷利率降至，可每年节约超元利息支出。新杭州人小陈在年月买了一套萧山市北的二手房，首套利率（。此后多次下调，但由于加点实在太高，目前还是在的利率高位。小陈说，昨晚得知这个消息，激动得一夜没睡好，按照此次存量首套房贷的调整办法，如果按照下限计算，原利率将降至（当时杭州首套房贷利率政策下限为不加点）。对于购房者，的利率降幅是一笔厚厚的息差。以万商业贷款，年本额等息还款为例，调整后，小陈的月供将从元降至元，每个月少了元，总利息少了万元。,-0.0005910991405593,2023-09-02 17:59:04
降存量房贷利率利息少了万购房者激动得一夜没睡一线城市全部认房不认贷月日晚间，中国人民银行和国家金融监督管理总局发布《关于降低存量首套住房贷款利率有关事项的通知》，自年月日起实施。借款人可选择新发放贷款置换存量房贷，或者协商变更合同约定利率水平两种方式，调整展开,0.0040040663773265,2023-09-02 17:20:46
利息少了万购房者激动得一夜没睡降存量房贷利率央行、金融监管总局重磅发布有购房者激动得一夜没睡“总利息少了万，每月少还多元”你的月供究竟能降多少？月日晚间，中国人民银行和国家金融监督管理总局发布《关于降低存量首套住房贷款利率有关事项的通知》，自年月日起实施。借款人可选择新发放贷款置换存量房贷，或者协商变更合同约定利率水平两种方式，调整存量首套住房商业性个人住房贷款，预计这两种方式调整后的利率水平不会有明显区别。经测算，以万元、年期、原利率的存量房贷为例，假设房贷利率降至，可每年节约超元利息支出。新杭州人小陈在年月买了一套萧山市北的二手房，首套利率（。此后多次下调，但由于加点实在太高，目前还是在的利率高位。小陈说，昨晚得知这个消息，激动得一夜没睡好，按照此次存量首套房贷的调整办法，如果按照下限计算，原利率将降至（当时杭州首套房贷利率政策下限为不加点）。对于购房者，的利率降幅是一笔厚厚的息差。以万商业贷款，年本额等息还款为例，调整后，小陈的月供将从元降至元，每个月少了元，总利息少了万元。,0.0035471035530435,2023-09-02 22:32:36
四川首套房贷利率执行下限发布月日晚，中国人民银行、国家金融监督管理总局联合发布《关于降低存量首套住房贷款利率有关事项的通知》。文件明确，从年月日起，存量首套住房商业性个人住房贷款的借款人可向承贷金融机构提出申请，由该金融机构新发放贷款置换存量贷款，但在贷款市场报价展开,0.0137032709570009,------
存量房贷下调政策有点难懂？几个典型案例告诉你如何降、能不能降哪些房贷利率可以调整？据第一财经，月日，中国人民银行、国家金融监督管理总局联合发布《关于降低存量首套住房贷款利率有关事项的通知》。《通知》明确，自年月日起，存量首套住房商业性个人住房贷款的借款人可向金融机展开,-0.005949356345767,2023-09-02 16:55:14
存量房贷利率下调政策五大关键点能节省多少房贷利息？对于中国人民银行、金融监管总局发布的《关于降低存量首套住房贷款利率有关事项的通知》，我们该如何理解？降低存量首套住房贷款利率，具体又该怎么操作？接下来，通过梳理政策五大关键点来帮您解读。央视网的微博视频展开,-0.0038391137520057,2023-09-03 00:49:30
存量房贷利率下调政策五大关键点对于中国人民银行、金融监管总局发布的《关于降低存量首套住房贷款利率有关事项的通知》，该如何理解？降低存量首套住房贷款利率，具体又该怎么操作？央视网的微博视频,0.0199576181624366,------
利息少了万购房者激动得一夜没睡降存量房贷利率央行、金融监管总局重磅发布有购房者激动得一夜没睡“总利息少了万，每月少还多元”你的月供究竟能降多少？月日晚间，中国人民银行和国家金融监督管理总局发布《关于降低存量首套住房贷款利率有关事项的通知》，自年月日起实施。借款人可选择新发放贷款置换存量房贷，或者协商变更合同约定利率水平两种方式，调整存量首套住房商业性个人住房贷款，预计这两种方式调整后的利率水平不会有明显区别。经测算，以万元、年期、原利率的存量房贷为例，假设房贷利率降至，可每年节约超元利息支出。新杭州人小陈在年月买了一套萧山市北的二手房，首套利率（。此后多次下调，但由于加点实在太高，目前还是在的利率高位。小陈说，昨晚得知这个消息，激动得一夜没睡好，按照此次存量首套房贷的调整办法，如果按照下限计算，原利率将降至（当时杭州首套房贷利率政策下限为不加点）。对于购房者，的利率降幅是一笔厚厚的息差。以万商业贷款，年本额等息还款为例，调整后，小陈的月供将从元降至元，每个月少了元，总利息少了万元。搜狐视频的微博视频,0.019642031191556,2023-09-02 20:05:08
首套房按揭利率政策下限公布月日晚，中国人民银行、国家金融监督管理总局联合发布《关于降低存量首套住房贷款利率有关事项的通知》。文件明确，从年月日起，存量首套住房商业性个人住房贷款的借款人可向承贷金融机构提出申请，由该金融机构新发放贷款置换存量贷款，但在贷款市场报价利展开,0.0377214141060177,2023-09-02 15:23:28
存量房贷利率下调政策五大关键点对于中国人民银行、金融监管总局发布的《关于降低存量首套住房贷款利率有关事项的通知》，我们该如何理解？降低存量首套住房贷款利率，具体又该怎么操作？接下来，通过梳理政策五大关键点来帮您解读。央视网的微博视频,0.8348032904733774,2023-09-02 15:20:06
利息少了万购房者激动得一夜没睡降存量房贷利率央行、金融监管总局重磅发布有购房者激动得一夜没睡“总利息少了万，每月少还多元”你的月供究竟能降多少？月日晚间，中国人民银行和国家金融监督管理总局发布《关于降低存量首套住房贷款利率有关事项的通知》，自年月日展开,0.0665982438700915,2023-09-04 15:15:06
“金九银十”前夜，楼市重磅金融支持政策落地，购房门槛、成本将明显降低。月日晚间，央行、国家金管总局发出《关于调整优化差别化住房信贷政策的通知》，《关于降低存量首套住房贷款利率有关事项的通知》，以支持各地因城施策用好政策工具箱，引导个人住房贷款实际首付比例和利率下行。展开,0.0186710703497885,2023-09-04 11:39:26
江苏公布首套房贷款利率下限执行情况月日晚，中国人民银行、国家金融监督管理总局联合发布《关于降低存量首套住房贷款利率有关事项的通知》。文件明确，从年月日起，存量首套住房商业性个人住房贷款的借款人可向承贷金融机构提出申请，由该金融机构新发放贷款置换存量贷款，但在贷款市展开,-0.0052060031579383,2023-09-04 08:42:49
江苏公布首套房按揭利率政策下限江苏省各设区市首套房按揭利率政策下限公布月日晚，中国人民银行、国家金融监督管理总局联合发布《关于降低存量首套住房贷款利率有关事项的通知》。文件明确，从年月日起，存量首套住房商业性个人住房贷款的借款人可向承贷金融机构提出申请，由该金融机构新发放贷款置换存量贷款，但在贷款市场报价利率（）上的加点幅度，不得低于原贷款发放时所在城市首套房贷款利率政策下限。月日下午，中国人民银行江苏省分行官网发布消息，公布了近几年江苏省内各城市首套房贷款利率下限执行情况。,-0.0013999237491395,2023-09-03 19:28:05
楼市放出多年未见大招，房价是跌是涨？靴子终于落地。月日下午时许，中国人民银行、国家金融监督管理总局发布最新通知，调整优化住房信贷政策，其中，首套住房商贷最低首付款不低于，二套住房商贷最低首付款不低于。本次降低首付的力度可谓多年未有；此外，房贷利率也将进行较大力度的优化调整，包括降低存量房贷利率。这一政策组合拳可谓掷地有声，本次出台楼市新政，有何深意？楼市会迎来什么变化？首付比例几乎降至历史下限月日，中国人民银行、国家金融监督管理总局发布《关于调整优化差别化住房信贷政策的通知》，其中主要有四条内容。第一条是对于贷款购买商品住房的居民家庭，首套住房商业性个人住房贷款最低首付款比例统一为不低于，二套住房商业性个人住房贷款最低首付款比例统一为不低于。这一新政即为首套房首付、二套房首付，近十年前，这一政策曾出台过，其后多年，首套房首付最低、二套房首付最低的房贷政策在全国层面长期执行，部分城市有所加码，二套房首付比例要求更高。以一套总价万元的房子为例，此前首套房首付需要万元，而按照最新政策，首付只需要万元，首付资金低了很多；而如果是二套房，此前首付需要万，部分城市需要万元，而如今只需要万，购房门槛大为降低。对此，中指研究院指数研究部总经理曹晶晶表示，从首付比例来看，不论是首套房还是二套房，其最低首付比例几乎已经降至历史下限，这将能显著降低购房门槛，凸显了政策面保刚需、促改善、稳市场的用意。第二条是首套住房商业性个人住房贷款利率政策下限按现行规定执行，二套住房商业性个人住房贷款利率政策下限调整为不低于相应期限贷款市场报价利率加个基点。即首套房利率政策不变，目前五年期以上为，部分城市执行的是下调个基点、再优惠个左右基点的政策，其房贷利率为甚至更低，比如郑州、福州的首套房贷利率已调至左右。而对于二套房贷款利率，此前多个城市执行的是上调个基点，实际二套房贷利率为，根据此次最新政策，二套房上浮基点不低于个基点即可，这无疑赋予了下调二套房贷利率上浮基点的空间。第三、四条规定，中国人民银行、金融监管总局各派出机构按照因城施策原则，根据辖区内各城市房地产市场形势及当地调控要求，自主确定各城市首套和二套住房商贷最低首付款比例和利率下限；各大银行业金融机构应据此首付比例和利率下限，合理确定每笔贷款的具体首付款比例和利率水平。中国人民银行、国家金融监督管理总局有关负责人表示，此次差别化住房信贷政策调整优化的重点在于，一是统一全国商业性个人住房贷款最低首付款比例政策下限即不再区分实施“限购”城市和不实施“限购”城市，首套住房和二套住房商贷最低首付款比例政策下限统一为不低于和；二是将二套住房利率政策下限调整为不低于相应期限贷款市场报价利率（）加个基点。曹晶晶表示，此次金融监管部门打开了首付比例和利率下调的空间，根据目前的市场形势和金融监管部门的这一要求，首套房首付、二套房首付的新政将会逐步落地，二套房贷利率也将下调，尤其是由于当前多数城市房地产下行压力较大，因此预计二线城市将很快调整至下限水平等，从政策调整力度看，本次楼市新政具有较高的含金量。楼市仍处于下行期今年以来，楼市曾在、月份有所回升，但进入下半年，楼市多个指标均呈现下跌态势。国家统计局公布，月份，全国房地产开发投资亿元，同比下降；其中，住宅投资亿元，下降。月份，房地产开发企业房屋施工面积万平方米，同比下降。房屋新开工面积万平方米，下降。其中，住宅新开工面积万平方米，下降。与此同时，楼市成交量价也出现下滑，月份，商品房销售面积万平方米，同比下降。尤其是，今年上半年商品房销售额连续多月保持同比正增长的态势，但月份以来，前个月商品房销售额亿元，下降。月份，个大中城市中，新建商品住宅和二手住宅价格环比上涨城市分别有个和个，比上月分别减少个和个；同比上涨城市分别有个和个，比上月均减少个。对此，国家统计局城市司首席统计师绳国庆表示，年月份，个大中城市商品住宅销售价格上涨城市个数减少，各线城市商品住宅销售价格环比持平或下降、同比有涨有降。“目前市场显然是跌过头了，”月日，在万科年中期业绩推介会上，万科董事会主席郁亮表示，市场低迷持续了一段时间，市场情绪已经受到影响，容易出现各种“过度反应”。他表示，以新开工数来看，年新开工数下降，年新开工量下降，今年上半年继续下降约。如果以年作为基数，新开工数已经整体下降约，回到了年的水平。中国社科院财经战略研究院住房大数据项目组组长邹琳华向中国新闻周刊表示，房地产领域的风险点较多且连接面广，比如烂尾楼风险、房地产企业爆雷风险、土地财政风险、断供风险等，都属于非常棘手的风险。这些风险一旦触发，容易直接联接金融体系和地方财政。因而，房地产相对更容易率先引发经济风险。邹琳华认为，与日本房地产泡沫期相比，我国仍处于城市化阶段，人均收入和生活水平离发达国家还在差距，存在一定规模潜在的刚性和改善性住房需求。只要政策及时妥当，房地产领域的风险相对更为可控。但如果房价在内外部因素的综合作用下持续下滑且无有效抑制手段，这些风险点也容易被触发。由于房地产风险连接面广，抑制房地产风险的蔓延，就需要付出更大成本。中国人民银行、国家金融监督管理总局有关负责人表示，月日中央政治局会议明确，适应我国房地产市场供求关系发生重大变化的新形势，适时调整优化房地产政策，因城施策用好政策工具箱。月日国务院常务会议提出，根据不同需求、不同城市等推出有利于房地产市场平稳健康发展的政策举措，加快研究构建房地产业新发展模式。根据部署，此次对现行差别化住房信贷政策进行了调整优化，支持各地因城施策用好政策工具箱，引导个人住房贷款实际首付比例和利率下行，更好满足刚性和改善性住房需求。楼市会怎样走？邹琳华表示，为了及时有效应对周期性、结构性供大于求带来的市场冲击，以及防范可能由此触发的经济风险，同时支持刚性和改善性住房需求，可采取调整优化措施。为此，他建议，一是及时撤销对于住房需求不合时宜的管控限制。这些限制措施包括限购、限贷、限售、限价、限非普住宅等。这些限制措施大都是基于住房短缺、投资投机动力强大的市场背景所制订，既然房地产市场供求形势已经发生了重大变化，住房已经不再供不应求，甚至还出现了销售困难，住房投资投机者也不再涌入住房市场，这些限制政策显然已经不合时宜。此外，这些限制性政策还限制了居民刚性和改善性住房需求的释放，妨碍了市场信心的恢复，所以应该及时全面调整。二是大幅降低购房贷款利率。从当前的信贷市场供求看，无抵押的消费贷利率已经降至左右，且对这类资金的市场需求仍不足。参照无抵押消费贷利率的供求状况，目前的房贷利率水平还需要大幅降低，才可能会对市场信心恢复有一定作用。从这一角度看，楼市政策仍有调整空间。年月日，住房城乡建设部、中国人民银行、金融监管总局三部门发布《关于优化个人住房贷款中住房套数认定标准的通知》，“认房不认贷”政策终于要走向落地。月日，一线城市中的广州与深圳已经在同一天出台规定落实“认房不认贷政策”。邹琳华表示，“认房不认贷”可以释放部分购房需求，对市场信心有一定的提振作用。月日，中国人民银行、国家金融监督管理总局联合发布《关于降低存量首套住房贷款利率有关事项的通知》。自年月日起，降低存量首套住房商业性个人住房贷款利率。中国人民银行、国家金融监督管理总局有关负责人表示，对于符合条件的存量住房贷款，可由借款人主动向承贷银行提出申请，也鼓励银行以发布公告、批量办理等方式，为借款人提供更为便利的服务。调整方式上，既可以变更合同约定的住房贷款利率加点幅度，也可以由银行新发放贷款置换存量贷款，具体利率调整幅度由借贷双方协商确定。中国首席经济学家论坛理事长、上海市经济学会副会长连平表示，降低存量房贷利率可以减轻购房者的利息负担，对于刺激消费、推动房地产市场复苏会有积极作用。曹晶晶表示，整体来看，月底房地产政策优化节奏加快，多项利好政策集中赶在“金九银十”到来之前落地，将有助于促进房地产市场信心修复和预期改善，推动刚需和改善性需求入市，激活市场交易。郁亮认为，“楼市的确有前所未有的压力”，但是，政策正在发力，并且对“盘活存量项目”等对行业中长期有重大影响的方面都有提出要求，是一种对行业的鼓舞。首都经济贸易大学京津冀房地产研究院院长赵秀池告诉中国新闻周刊，楼市跟着人口走，作为人口基数大、新增人口多的一二线城市，其市场仍有一定的发展潜力。在郁亮看来，目前我国城镇化率，这个数字如果预计达到，保守估计全国每年应该有亿亿平方米的新开工数才是合理水平，目前是超跌了。房地产行业能回到健康的水平，过程中会有曲折和波浪。（中国新闻周刊）,-0.1440889843796753,2023-09-02 16:36:00
有房贷的人开始焦虑排不上队利率真要降了买房人恨不得今天就是月日月日晚间点左右，中国人民银行、国家金融监督管理总局联合发布《关于降低存量首套住房贷款利率有关事项的通知》。据有关负责人介绍，符合条件的存量首套住房贷款是指，年月日前金融机构已发放，已签订合同但展开,-0.057786591151737,2023-09-02 14:34:42
房贷政策调整谁获益最大？日前，中国人民银行、国家金融监督管理总局联合下发《关于调整优化差别化住房信贷政策的通知》和《关于降低存量首套住房贷款利率有关事项的通知》，相关政策一经发布当即引发市场强烈关注。你的月供究竟能降多少两项通知内容均直接指向与房地产消费者最为关心的项目。差别化住房信贷政策调整优化的重点是，将统一全国商业性个人住房贷款最低首付款比例政策下限，首套为、二套为，不再区分实施“限购”城市和不实施“限购”城市。住房利率政策下限亦调整。各地可按照因城施策原则，在不低于上述全国统一政策基础上，自主确定辖区内首套和二套住房最低首付款比例和利率下限。《关于降低存量房首套住房贷款利率有关事项的通知》明确，年月日起，存量首套住房商业性个人住房贷款的借款人可向金融机构提出申请，由金融机构新发放贷款置换存量首套住房商业性个人住房贷款。据不完全统计和测算，目前，大部分城市存量房贷的利率最低下限是，此前购房者基本是按照左右的房贷利率购房，此次存量房贷利率调整后，房贷利率或能降低个基点以上。加上近日一些地方出台的“认房不认贷”新规，一些住房可能重新被认定为“首套”，从而享受新出台政策优惠。几千万户、上亿居民的财务负担或会有较明显下降，平均降幅或约为个百分点，预计对市场影响颇大。市场供求变化的必然结果“新政”晚间出通告，似乎非常突然，其实市场预期已久。月日金融统计数据情况新闻发布会上，央行政策司司长邹澜表示：“按照市场化、法治化原则，我们支持和鼓励商业银行与借款人自主协商变更合同约定，或者是新发放贷款置换原来的存量贷款。”这已经拉开政策调整市场沟通和预期的序幕。随后，月日，中国人民银行、国家外汇管理局召开年下半年工作会议，提出“将因城施策精准实施差别化住房信贷政策，继续引导个人住房贷款利率和首付比例下行，更好满足居民刚性和改善性住房需求。指导商业银行依法有序调整存量个人住房贷款利率。”月日，央行、金监局、证监会联合召开金融支持实体经济和防范化解金融风险电视会议，强调“要继续推动实体经济融资成本稳中有降，规范贷款利率定价秩序，统筹考虑增量、存量及其他金融产品价格关系”。月日开始，各大银行针对存量住房贷款利率下调发声，至此，市场基本上有共识，认为“箭在弦上”了。当然，政策密集发声、“步步为营”旨在引导市场预期，但市场预期的基础还是宏观经济形势，政策设置也同样是大形势下的相机顺应。在月日的发布会上，关于存量贷款表述前还有一段叙述，谈及房地产相关问题时，邹澜表示，“部分房企长期积累的风险仍然需要一段时间才能逐步消化考虑到我国房地产市场供求关系已经发生深刻变化”这个“深刻变化”在两个新政《通知》出台时，似也有相关监管部门工作人员提及。年，人民币个人住房贷款加权平均利率均值为，而年上半年新发放个人住房贷款加权平均利率为，前者高出后者。由于经济还在弱复苏过程中，居民资产端收益率也明显回落，如个月理财产品预期年化收益率降至、为历史最低水平。存量房贷利率高于理财、存款等稳健收益产品，居民“借新还旧、借短还长”等提前还贷意愿明显增加，提前偿还房贷需求提升。今年月，新增居民中长期贷款为负，或为居民提前偿还房贷超过当月新增贷款所致。由此可见，存量房贷利率调降是市场供求变化带来的必然结果。金融市场健康稳定发展所需降低存量房贷利率有什么好处呢？从购房端来看，居民固然会因房贷付息压力减轻，获得益处。对于房地产供给方而言，也可能刺激更多一些的需求。而对于银行等金融机构来说，虽然表面上看，存量房贷降息将会带来利息的损失，但若利率水平与市场供求形势发生扭曲，提前还贷等实则为居民对资产负债表的调整，居民资产负债表呈现收缩，商业银行经营收益也受到一定影响，并可能对金融市场造成扰动，调降利率也不能不说是金融市场健康稳定发展的需求。回看历史，年月，央行宣布决定“商业性个人住房贷款利率的下限扩大为贷款基准利率的倍”，该优惠举措主要针对于新增客户，但不少存量贷款客户通过转按揭的方式再度成为“新增客户”，从而享受七折利率优惠。房地产对经济有相当重要的支撑作用，而住房贷款是居民债务最主要的构成部分。如何稳定市场信心、降低负债端成本、稳定地产行业、提升消费能力，始终是经济的重要命题和目标。非常时期更加需要非常办法。当然，今时不同往日，就房贷而言，对比年已是更大的规模和挑战，对银行净息差和利润的影响也在加大。就房地产市场和其他消费市场而言，其规模和挑战都与十多年前不可同日而语。当我们看到一项政策的出台时，更多的配套政策和工具也需要都在路上，以保证每项政策的实际操作性，以及所有政策和工具的相互配合度，更重要的是，要不断适应变化的市场。（新京报）利息少了万购房者激动得一夜没睡,0.000275626361526,2023-09-25 09:41:55
利息少了万购房者激动得一夜没睡降存量房贷利率有购房者激动得一夜没睡“总利息少了万，每月少还多元”你的月供究竟能降多少？月日晚间，中国人民银行和国家金融监督管理总局发布《关于降低存量首套住房贷款利率有关事项的通知》，自年月日起实施。借款人可选择新发放贷款置换存量房贷，或者协商变更合同约定利率水平两种方式，调整存量首套住房商业性个人住房贷款，预计这两种方式调整后的利率水平不会有明显区别。经测算，以万元、年期、原利率的存量房贷为例，假设房贷利率降至，可每年节约超元利息支出。新杭州人小陈在年月买了一套萧山市北的二手房，首套利率（。此后多次下调，但由于加点实在太高，目前还是在的利率高位。小陈说，昨晚得知这个消息，激动得一夜没睡好，按照此次存量首套房贷的调整办法，如果按照下限计算，原利率将降至（当时杭州首套房贷利率政策下限为不加点）。对于购房者，的利率降幅是一笔厚厚的息差。以万商业贷款，年本额等息还款为例，调整后，小陈的月供将从元降至元，每个月少了元，总利息少了万元。（视频）视频的微博视频,-0.0545055255324393,2023-09-08 08:58:37
四川公示首套房贷利率执行下限月日晚，中国人民银行、国家金融监督管理总局联合发布《关于降低存量首套住房贷款利率有关事项的通知》。文件明确，从年月日起，存量首套住房商业性个人住房贷款的借款人可向承贷金融机构提出申请，由该金融机构新发放贷款置换存量贷款，但在贷款市场报价利率（）上的加点幅度，不得低于原贷款发放时所在城市首套房贷款利率政策下限。月日下午，人民银行四川省分行官网发布消息，公布了近几年四川省内各城市首套房贷款利率下限执行情况网页链接（中国人民银行四川省分行）,0.0519564826301562,2023-09-07 17:28:55
约三分之二存量房贷符合利率下调标准算笔账个税政策利好每月能省多少钱月的最后一天，多项与个人、家庭息息相关的利好政策官宣出台。昨天，国务院宣布提高岁以下婴幼儿照护、子女教育、赡养老人三项个税专项附加扣除标准，中国人民银行、国家金融监督管理总局发布《关于降低存量首套住房贷展开,0.0093466395362585,2023-09-06 09:35:23
江苏公布首套房按揭利率政策下限江苏省各设区市首套房按揭利率政策下限公布月日晚，中国人民银行、国家金融监督管理总局联合发布《关于降低存量首套住房贷款利率有关事项的通知》。文件明确，从年月日起，存量首套住房商业性个人住房贷款的借款人可向承贷金融机构提出申请，由该金融机构新发放贷款置换存量贷款，但在贷款市场报价利率（）上的加点幅度，不得低于原贷款发放时所在城市首套房贷款利率政策下限。月日下午，中国人民银行江苏省分行官网发布消息，公布了近几年江苏省内各城市首套房贷款利率下限执行情况。网页链接,-0.0849604227336721,2023-09-05 16:35:44
四川公布各市州首套房贷利率执行下限月日晚，中国人民银行、国家金融监督管理总局联合发布《关于降低存量首套住房贷款利率有关事项的通知》。文件明确，从年月日起，存量首套住房商业性个人住房贷款的借款人可向承贷金融机构提出申请，由该金融机构新发放贷款置换存量贷款，但在贷款市场报价利率（）上的加点幅度，不得低于原贷款发放时所在城市首套房贷款利率政策下限。月日，人民银行四川省分行公布了年以来四川省内各城市首套房贷款利率下限执行情况。（人民银行四川省分行）,-0.01138150924762,2023-09-05 16:22:47
房贷首付比例下调，一线城市及热点二线城市最受益，但北上深存量房贷利率或难受益。央行月日发布《关于调整优化差别化住房信贷政策的通知》和《关于降低存量首套住房贷款利率有关事项的通知》引发市场一片欢腾。对于首套房，成首付，这大概是年之后第二次全国范围如此大力度普遍调整了。二套房成首付也是相当可以了。不过，对于很多城市，其实早享受到成首付，所以，此次调整或许对一线城市以及热点二线城市影响最大。在这些城市带动下，楼市向好的局面将会更加清晰。宏观上的信心提升不代表实际的购买力提升，毕竟首付比例下调仅仅是个门槛降低的问题，并没有带动购房者的购买力。所以也不可盲目乐观。现在经济与收入预期仍不稳定且不乐观，即使购房者看到如此利好很冲动我也要劝你慎重。但有一些需求将得以释放，这些人不差钱就差政策。对于存量房贷利率下调，这一次也是敲定了方案。月日北京、上海、深圳等也都相继公布房贷利率下限，不过恐怕要泼点冷水了，可能难以受益存量按揭利率下调。北京：年月至今首套商业性个人住房贷款利率下限为个。上海：年月日至今执行的利率下限水平为。深圳：年月日至今执行首套房贷利率下限水平为。央行规定的原则是，新发放贷款的利率水平，在贷款市场报价利率上的加点幅度，不得低于原贷款发放时所在城市首套住房商业性个人住房贷款利率政策下限。目前北京首套房新发放房贷利率下限为（加点），上海为（加点），深圳为（加点）。因为各地市场下行趋势下，除北上深以外，基本上都大幅下调了贷款的加点幅度，而北上深房贷利率加点政策基本上保持了稳定，所以，预计北上深很难受益存量按揭利率的可能下调，除非地方下调加点幅度。对于一些人来说，可能盼来盼去，等了个寂寞，也别光听别人怎么说，最好还是到你的承贷银行问一问，看看是否具备下调条件，能下调多少。首套房贷款最低首付比例不低于降存量首套房贷利率万存量房贷每年可省多元利息,-0.0080942753340954,2023-09-05 16:12:50
北上深公布首套房贷利率下限各地首套房贷利率下限公布月日，中国人民银行、金融监管总局联合发布的《关于降低存量首套住房贷款利率有关事项的通知》明确，自月日起，符合相关条件的存量房贷借款人，可向金融机构提出申请，既可以变更合同约定的住房贷款利率加点幅度，也可以由银行新发放贷款置换存量贷款。最关键的一句是：降低后的存量房贷利率，依然要符合贷款发放时当地的房地产政策，即不低于当时所在城市房贷利率政策下限。也就是说，存量房贷利率调整最多可以“抹平”银行在发放房贷时高于政策下限的“溢价”。为确保存量房贷利率调整顺利落地，央行分支机构陆续在官网公布首套商业性个人住房贷款利率自律下限有关情况。更多城市大家可以直接上央行官网的各个地方分行网站查看。,-0.0135889486466726,2023-09-05 10:18:04
四川公示首套房贷利率执行下限月日晚，中国人民银行、国家金融监督管理总局联合发布《关于降低存量首套住房贷款利率有关事项的通知》。文件明确，从年月日起，存量首套住房商业性个人住房贷款的借款人可向承贷金融机构提出申请，由该金融机构新发放贷款置换存量贷款，但在贷款市场报价利率（）上的加点幅度，不得低于原贷款发放时所在城市首套房贷款利率政策下限。月日下午，人民银行四川省分行官网发布消息，公布了近几年四川省内各城市首套房贷款利率下限执行情况。红星视频的微博视频,-0.0105688066748034,2023-09-04 18:24:01
四川公示首套房贷利率执行下限月日，人民银行四川省分行官网发布消息，公布了近几年四川省内各城市首套房贷款利率下限执行情况。记者注意到，根据公布的情况，成都今年月日至今执行利率下限为，年月日至今年月日利率下限为。月日晚，中国人民银行、国家金融监督管理总局联合发布《关于降低存量首套住房贷款利率有关事项的通知》。文件明确，从年月日起，存量首套住房商业性个人住房贷款的借款人可向承贷金融机构提出申请，由该金融机构新发放贷款置换存量贷款，但在贷款市场报价利率（）上的加点幅度，不得低于原贷款发放时所在城市首套房贷款利率政策下限。,-0.0105783384532444,2023-09-04 18:04:16
四川首套房贷利率执行下限发布月日晚，中国人民银行、国家金融监督管理总局联合发布《关于降低存量首套住房贷款利率有关事项的通知》。文件明确，从年月日起，存量首套住房商业性个人住房贷款的借款人可向承贷金融机构提出申请，由该金融机构新发放贷款置换存量贷款，但在贷款市场报价利率（）上的加点幅度，不得低于原贷款发放时所在城市首套房贷款利率政策下限。月日下午，人民银行四川省分行官网发布消息，公布了近几年四川省内各城市首套房贷款利率下限执行情况。（来源：红星新闻）,0.0990275291505452,2023-09-04 17:58:26
有房贷的人开始焦虑排不上队利率真要降了买房人恨不得今天就是月日月日晚间点左右，中国人民银行、国家金融监督管理总局联合发布《关于降低存量首套住房贷款利率有关事项的通知》。据有关负责人介绍，符合条件的存量首套住房贷款是指，年月日前金融机构已发放，已签订合同但未发放的，以及借款人实际住房情况符合所在城市首套住房标准的存量住房商业性个人住房贷款。对于“高位站岗”买房者来说，这是不亚于过年的好消息。月日晚间，广州市民唐轩（化名）告诉时代财经，看到政策发布的那一刻，除了兴奋，还有一丝担忧，“恨不得明天就是月日，我现在就担心到时候要排队。”存量房贷,0.0,2023-09-04 17:58:16
月楼市发布的三个重大文件将有力提振市场信心楼市房地产月日住建部、人民银行、金融监管总局联合发布《关于优化个人住房贷款中住房套数认定标准的通知》，之后重点城市也陆续发布认房不认贷的通知。月日人民银行、金融监管总局联合发布《关于调整优化差别化住房信贷政策的通知》和《关于降低存量首套住房贷款利率有关事项的通知》两个文件，不再区分限购和不限购城市，将首套和二套住房贷款的最低首付比例下限统一为不低于和；二套住房利率政策下限调整为，首套住房利率政策下限仍为。,0.0079002961829274,2023-09-04 17:57:27
有房贷的人开始焦虑排不上队利率真要降了买房人恨不得今天就是月日月日晚间点左右，中国人民银行、国家金融监督管理总局联合发布《关于降低存量首套住房贷款利率有关事项的通知》。据有关负责人介绍，符合条件的存量首套住房贷款是指，年月日前金融机构已发放，已签订合同但未发放的，以及借款人实际住房情况符合所在城市首套住房标准的存量住房商业性个人住房贷款。对于“高位站岗”买房者来说，这是不亚于过年的好消息。月日晚间，广州市民唐轩（化名）告诉时代财经，看到政策发布的那一刻，除了兴奋，还有一丝担忧，“恨不得明天就是月日，我现在就担心到时候要排队。”时代财经的微博视频,-0.0011095283850652,2023-09-04 17:49:46
注意通知里的这句话“不得低于原贷款发放时所在城市首套住房商业性个人住房贷款利率政策下限”假如原来的政策最低是，加了，就是，那按照通知里的要求，银行给你降个，变成了，也按照央行的要求给降了，也满足不低于当时最低利率政策。降个寂寞啊降，哥不差那几块钱。房贷展开,-0.0039466170563193,2023-09-04 17:40:04
存量首套房贷利率下调月日起可申请万存量房贷每年可省多元利息月日，中国人民银行、金融监管总局联合发布《关于降低存量首套住房贷款利率有关事项的通知》（下称“通知”）和《关于调整优化差别化住房信贷政策的通知》。通知明确，自月日起，符合相关条件的存量房贷借款人展开,0.0361046231127169,2023-09-04 17:34:57
利息少了万购房者激动得一夜没睡降存量房贷利率央行、金融监管总局重磅发布有购房者激动得一夜没睡“总利息少了万，每月少还多元”你的月供究竟能降多少？月日晚间，中国人民银行和国家金融监督管理总局发布《关于降低存量首套住房贷款利率有关事项的通知》，自年月日起实施。借款人可选择新发放贷款置换存量房贷，或者协商变更合同约定利率水平两种方式，调整存量首套住房商业性个人住房贷款，预计这两种方式调整后的利率水平不会有明显区别。经测算，以万元、年期、原利率的存量房贷为例，假设房贷利率降至，可每年节约超元利息支出。新杭州人小陈在年月买了一套萧山市北的二手房，首套利率（。此后多次下调，但由于加点实在太高，目前还是在的利率高位。小陈说，昨晚得知这个消息，激动得一夜没睡好，按照此次存量首套房贷的调整办法，如果按照下限计算，原利率将降至（当时杭州首套房贷利率政策下限为不加点）。对于购房者，的利率降幅是一笔厚厚的息差。以万商业贷款，年本额等息还款为例，调整后，小陈的月供将从元降至元，每个月少了元，总利息少了万元。（视频）视频的微博视频,-1.0,2023-09-04 17:31:21
房贷政策最新调整便民资讯日前，中国人民银行、国家金融监督管理总局联合发布《关于调整优化差别化住房信贷政策的通知》和《关于降低存量首套住房贷款利率有关事项的通知》。有关负责人就调整优化住房信贷政策有关问题答记者问。一起来看（来源：中国人民银行网站、新华社）房贷政策最新调整,-0.000508799243451,2023-09-04 17:24:57
两部门调整优化住房信贷政策月日，中国人民银行、金融监管总局联合发布《关于调整优化差别化住房信贷政策的通知》和《关于降低存量首套住房贷款利率有关事项的通知》，对于贷款购买商品住房的居民家庭，首套住房商业性个人住房贷款最低首付款比例统一为不低于，二套住房商业性个人住房贷款最低首付款比例统一为不低于。同时，自月日起，存量首套住房商业性个人住房贷款的借款人可向承贷金融机构提出申请，由该金融机构新发放贷款置换存量首套住房商业性个人住房贷款。根据《关于调整优化差别化住房信贷政策的通知》，首套住房商业性个人住房贷款利率政策下限按现行规定执行，二套住房商业性个人住房贷款利率政策下限调整为不低于相应期限贷款市场报价利率加个基点。中国人民银行、金融监管总局各派出机构按照因城施策原则，指导各省级市场利率定价自律机制，根据辖区内各城市房地产市场形势及当地政府调控要求，自主确定辖区内各城市首套和二套住房商业性个人住房贷款最低首付款比例和利率下限。《关于降低存量首套住房贷款利率有关事项的通知》明确，存量首套住房商业性个人住房贷款，是指年月日前金融机构已发放的和已签订合同但未发放的首套住房商业性个人住房贷款，或借款人实际住房情况符合所在城市首套住房标准的其他存量住房商业性个人住房贷款。新发放贷款的利率水平由金融机构与借款人自主协商确定，但在贷款市场报价利率（）上的加点幅度，不得低于原贷款发放时所在城市首套住房商业性个人住房贷款利率政策下限。新发放的贷款只能用于偿还存量首套住房商业性个人住房贷款，仍纳入商业性个人住房贷款管理。此外，月日起，存量首套住房商业性个人住房贷款的借款人亦可向承贷金融机构提出申请，协商变更合同约定的利率水平。中国人民银行、金融监管总局有关负责人介绍，近年来我国房地产市场供求关系发生了重大变化，借款人和银行对于有序调整优化资产负债均有诉求。存量住房贷款利率的下降，对借款人来说，可节约利息支出，有利于扩大消费和投资。对银行来说，可有效减少提前还贷现象，减轻对银行利息收入的影响。同时，还可压缩违规使用经营贷、消费贷置换存量住房贷款的空间，减少风险隐患。为更好适应上述新形势，中国人民银行、金融监管总局明确按照市场化、法治化原则，支持鼓励银行与借款人协商调整存量首套住房贷款利率。（来源：《人民日报》）,0.8353789055232073,2023-09-04 17:24:54
中国人民银行党委书记、行长潘功胜月日主持召开金融支持民营企业发展座谈会，听取有关意见建议，推动银企供需对接，研究加强金融支持民营企业工作举措。金融机构要精准实施差别化住房信贷政策，满足民营房地产企业合理融资需求。楼市房地产,0.0150307936193562,2023-08-04 15:19:43
房地产房地产好消息不断。一是郑州暂停执行住房限售政策。字少事大，虽然还有“改善性住房”等限制，但郑州房地产头上的紧箍咒确实也取得七七八八了，给当地房地产交易市场下了一剂猛药，交易量妥妥的会上升，到什么程度就不好说了。话说郑州前两年比较多灾多难，之前出差去过几次，感觉烂尾楼不少，去库存的压力估计也不小。所以郑州市政府对于房地产的扶持力度一直挺大。不管怎样，这都是第一个解除限售的省会城市，信号意义还是很足的。另外，郑州市住房保障和房地产管理局还提及，鼓励在郑各商业银行依法有序调整存量个人住房贷款利率，引导个人住房贷款利率和首付比例下行。二是金融层面。央行召开金融支持民营企业发展座谈会，继续强调金融机构对房地产的支持。其中，会上提出，要精准实施差别化住房信贷政策，满足民营房地产企业合理融资需求，促进房地产行业平稳健康发展。今天深圳租房人迎来了一个好消息，深圳拟上调住房公积金租房额度至，也就是说每个月租房提取的金额可能会变多。这个消息很难说对房价有啥刺激，主要还是温暖了深漂打工人吧。,-0.0800789380502299,------
央行：精准实施差别化住房信贷政策，满足民营房地产企业合理融资需求央行是这样说，但商业银行依然非常谨慎，不太愿意借钱给房企。金融的天性就是如此：你好的时候，给你锦上添花。你不好的时候，没有人愿意雪中送炭。没办法，大家都想规避风险。至于这头“灰犀牛”是怎么被带出来的，这不能说。,0.040723027706008,2023-08-04 11:42:05
今日看盘超话得知个最新消息，立即给所有人提个醒，请大家一起、近日央妈表态：精准实施差别化住房信贷政策满足民营房地产企业合理融资需求央妈最近表态，将精准实施差别化住房信贷政策，满足民营房地产企业的合理融资需求。这一政策表明在房地产市场持续获得政策支持的背景下，目前将展开,0.3691175860192109,------
得知个最新消息，立即给所有人提个醒，请大家一起、近日央妈表态：精准实施差别化住房信贷政策满足民营房地产企业合理融资需求央妈最近表态，将精准实施差别化住房信贷政策，满足民营房地产企业的合理融资需求。这一政策表明在房地产市场持续获得政策支持的背景下，目前将继续给予更宽松的支持。这一政策有助于恢复市场信心，民营房地产企业将获得更便捷的融资渠道，提高企业发展的灵活性和稳健性。增加了企业融资的便利性，将促进产业链的良性循环，助力房地产市场持续健康发展。此外，这一举措也将对整体经济产生积极影响。房地产行业作为重要的支柱产业之一，其稳定和发展将对经济稳定和增长起到关键作用。通过优化融资环境，央妈有望进一步推动经济复苏，并增强市场参与者的信心。综上所述，央妈表态的精准差别化住房信贷政策为近期房地产市场信心不足问题带来了积极解决方向。通过支持民营房地产企业的融资需求，推动房地产行业稳健发展，也将为整体经济增长带来积极影响。而地产市场方面利好政策的不断加码，也将为整个板块在二级市场带来更加积极的促进作用，这一点是值得高兴的。股票财经,1.0,2023-08-04 19:15:19
周五盘前重要消息面：中国结算：将进一步降低股票类业务最低结算备付金缴纳比例如何活跃资本市场？一日之内大官媒齐发声降低印花税呼声高央行：精准实施差别化住房信贷政策满足民营房地产企业合理融资需求三部委：做好可再生能源绿色电力证书全覆盖工作促进可再生能源电力消费公安部表态“一窗通办”进一步促进汽车消费缅甸佤邦禁矿执行力度或超预期锡价有望迎来上涨,-0.4600591101363825,2023-08-04 14:13:54
一、证券业定向降准、中国结算：拟自月起将股票类业务最低结算备付金缴纳比例由现行的调降至平均接近，并正式实施股票类业务最低结算备付金缴纳比例差异化安排。、为活跃深圳证券交易市场，助力深圳加快建设国际财富管理中心，深圳市证券业协会于月日组织招商证券、国信证券、中信证券深圳分公司等会员单位相关业务负责人召开活跃深圳证券交易市场座谈会。券商：国联证券（港股通）、天晟新材、华鑫股份、方正证券、太平洋、财达证券二、郑州暂停执行住房限售政策、郑州市住房保障和房地产管理局等部门发布《关于进一步促进我市房地产市场平稳健康发展的通知》。其中提出，满足改善性住房需求。购买改善性住房的，其原有住房暂停执行郑政办号文“在郑州市行政区域内，年月日（含）之后购买的住房，自取得《不动产权证书》之日不满年的不得上市转让”的规定。稳定住房消费预期。鼓励在郑各商业银行依法有序调整存量个人住房贷款利率，引导个人住房贷款利率和首付比例下行，稳定居民消费预期。、中国人民银行召开金融支持民营企业发展座谈会，精准实施差别化住房信贷政策满足民营房地产企业合理融资需求。郑州地产：设研院、中原高速其他地产：云南城投、京投发展、财信发展、荣盛发展三、麒麟软件独家中标中交集团国产操作系统采购项目麒麟软件消息，独家中标中交集团国产操作系统采购项目，万套。国产操作系统：中国软件四、可再生能源绿色电力证书全覆盖国家发展改革委等三部门近日发布做好可再生能源绿色电力证书全覆盖工作，促进可再生能源电力消费的通知。将鼓励跨国公司及其产业链企业、外向型企业、行业龙头企业购买绿证、使用绿电，发挥示范带动作用推动中央企业、地方国有企业机关和事业单位发挥先行带头作用，稳步提升绿电消费比例。绿电证书：南网能源、金开新能、晶科科技、林洋能源五、发改委“打好宏观政策组合拳，推动经济高质量发展”发布会国家发展改革委将于月日举行新闻发布会，国家发展改革委、财政部、中国人民银行、国家税务总局有关负责同志共同出席，介绍“打好宏观政策组合拳，推动经济高质量发展”有关情况。具体内容详见发布会直播。六、行业要闻、外媒：英伟达部分服务器订单从纬创转至工业富联。（工业富联、鸿博股份）、缅甸佤邦禁矿执行力度或超预期，锡价有望迎来上涨。（锡业股份）、行业巨头联手推进氮化镓加速“上车”。（海特高新、晶方科技）、持续增长，我国工业机器人装机稳居世界首位。（中大力德、埃斯顿）、公安部表态“一窗通办”进一步促进汽车消费。（海马汽车、长安汽车）、特斯拉有望年底实现完全自动驾驶。（奥联电子、光弘科技）、创业投资助力科技创新驱动发展，行业迎政策支持。（四川双马、大众公用）、韩国超导低温学会：不是常温超导体，没有表现出迈斯纳效应。、深圳拟上调住房公积金租房提取额度至。,0.0376096725254445,2023-08-04 11:01:01
昨天大盘最后一小时缩量上涨，外围股市普遍上涨，消息面偏向利好。今天大盘应该高开，上攻时关注点附近的压力，强压力在点附近回落时关注点附近的支撑，强支撑在点附近。一、房地产利好堆积近期房地产板块走势很强，晚间利好再次堆积、深圳拟上调住房公积金租房提取额度至。、央行实施差别化住房信贷政策满足民营房地产企业合理融资需求。、郑州鼓励在郑各商业银行依法有序调整存量个人住房贷款利率，暂停执行住房限售政策。昨天下午房地产板块开始拉升，不是没有原因的，晚间就出现了多条利好，特别是郑州暂停执行住房限售政策。郑州是省会城市，是第一个取消限购的省会城市，不出意外的话，周末还会有省会城市跟进，受到利好预期影响，今天房地产板块还有活跃。二、中国结算拟自月起将股票类业务最低结算备付金缴纳比例由现行的调降至平均接近降低股票类业务最低结算备付金缴纳比例，相当于给券商定向降准，上次降低结算备付金缴纳比例还是去年月份，随后大盘从点开启了上攻点附近的历程，这次大盘还会大涨吗受此影响，昨晚富时大涨近，今天股有望继续反弹。三、剑桥科技上半年净利亿元剑桥科技发布业绩快报，上半年公司实现营业总收入约亿元，同比增长净利润亿元，同比扭亏，上年同期亏损万元。剑桥科技第一季度净利万元，据此计算，第二净利万元，环比增长。剑桥科技业绩增长的原因是公司在数通与电信高速光模块、无线家庭路由器、海外小基站和电信宽带接入等各项业务都取得了显著增长。剑桥科技是光模块科技股行业的龙头股，近期因为消息面刺激的原因，市场热点主要在金融、地产和消费板块，科技板块成为狗不理，主要原因就是现在的市场还是一个存量资金博弈的市场，资金炒作一个板块，必将从另外一个板块中撤离，今天看科技股能否在剑桥业绩大幅增长的影响下出现一定的反弹吧。四、华虹公司公司股票将于月日在科创板上市发行价为元股该来的还是要来，华虹公司将在下周一正式上市，发行价元，但在港股目前的价格是元，翻了一倍多，到底是股钱多人傻还是港股人太精下周一将见分晓，但华虹不会破发，否则，后期的先正达不好上市，脸是个好东西。技术上，昨天大盘探底回升，说明大盘还有反弹，华虹上市也要营造一种氛围，所以，今天大盘还有上行，整体还是建议大家持股为主。,0.114082841990643,2023-08-04 10:59:03
可转债推荐超话早评，周四，证券时报、经济日报、央广网等三大官媒共同发声，分别从降低印花税、完善制度等多方面，为活跃资本市场、提振投资者信心出谋划策。，央行召开座谈会满足民营地产企业合理融资需求推进“第二支箭”扩容增量，促进房地产行业平稳健康发展，热门中概股普涨，纳斯达克中国金龙指数涨。今日债关注：测绘转债，北方转债，海泰转债,0.0323902739923645,------
早上好，周五隔夜美股小幅收跌，热门中概股普涨。期指上涨。消息面，央行金融支持民营企业发展座谈会上，要求精准实施差别化住房信贷政策，满足民营房地产企业合理融资需求。证券时报、经济日报、央广网等三大官媒分别从降低印花税、完善制度等多方面，为活跃资本市场、提振投资者信心出谋划策。三部委发布通知。要求健全绿证交易，扩大绿电消费。将于月日在科创板上市，本次发行价格为元股。今天的新闻发布会，介绍“打好宏观政策组合拳，推动经济高质量发展”有关情况。综合看市场，当前的私募发行又创了年内新低，月也有了缓和，而从外资的购买力度来看，他们拼命买买买的权重品种最近涨幅也是小的可怜。眼下认真观察市场是拉指数还是炒题材概念就行，阶段性的底部是确定的，只要风格确定，逢低找机会加仓就是了，但这不是一两天的事儿，是三季度的事儿。市场还在振荡反弹中。最近的好消息很密集，上周五的一根大阳之后，本周只是维持了振荡。其实，市场真好的时候是不需要消息刺激的。强不强，等一等，不浪费时间，更不浪费钱。三季度需要信心和耐心，别太玻璃心。振荡市，下跌再加仓。乞丐说事大咖说财经,0.2721392360834327,2023-08-04 10:49:28
郑州暂停执行住房限售政策、郑州市住房保障和房地产管理局等部门发布《关于进一步促进我市房地产市场平稳健康发展的通知》。其中提出，满足改善性住房需求。购买改善性住房的，其原有住房暂停执行郑政办号文“在郑州市行政区域内，年月日（含）之后购买的住房，自取得《不动产权证书》之日不满年的不得上市转让”的规定。稳定住房消费预期。鼓励在郑各商业银行依法有序调整存量个人住房贷款利率，引导个人住房贷款利率和首付比例下行，稳定居民消费预期。、中国人民银行召开金融支持民营企业发展座谈会，精准实施差别化住房信贷政策满足民营房地产企业合理融资需求。,0.2313116637550725,2023-08-04 11:04:47
、美股昨晚略跌。但逆势大涨。盘后和亚马逊公布年第二季度财报，业绩好于预期。、股权重方面。整体看，外资买入最多的还是宁德时代，其次是茅台、比亚迪。、财报方面，爱美客预计上半年净利润亿元至亿元，同比增长。亿纬锂能预计上半年净利润亿元亿元，同比增长，储能电池收入规模实现倍增。、华虹公司将于月日在上海证券交易所科创板上市，本次发行价格为元股。、央行召开金融支持民营企业发展座谈会，要求要精准实施差别化住房信贷政策，满足民营房地产企业合理融资需求，促进房地产行业平稳健康发展。国家发改委表示，将研究出台促进创业投资健康发展的政策措施。此外，四部门将于明日召开新闻发布会，介绍“打好宏观政策组合拳，推动经济高质量发展”有关情况。此处强调：对点的喊话会预期不必过高。不要过高。、印度以“税费缴纳不足”为由，要求比亚迪补缴亿卢比的税费，折合人民币约万。阿三是跨国公司坟场。、摩根士丹利下调中国股票评级。外资投行不懂我国国情。,0.0673653363848591,------
月日中国人民银行行长潘功胜主持召开金融支持民营企业发展座谈会听取有关意见建议推动银企供需对接研究加强金融支持民营企业工作举措。会议提出金融机构要深入了解民营企业金融需求回应民营企业关切和诉求做好银企融资对接为民营企业提供可靠、高效、便捷的金融服务。要精准实施差别化住房信贷政策满足民营房地产企业合理融资需求促进房地产行业平稳健康发展。,0.0124735606170595,2023-08-04 10:54:50
白话数据年月日建委新房住宅网签套，二手房住宅网签套（网签数据有滞后）。大中介前台挂牌房源量套（中介春节休假前），持续关注。昨日热点：央行：精准实施差别化住房信贷政策满足民营房地产企业合理融资需求；亿湖州中石摘黄村中建壹品竞得大兴新城地块；北京市住建委：流程调整房屋漏雨可快速使用住宅专维资金；顺义新城、地块案名公布：龙湖御湖境二期。,-0.1345793727503152,2023-08-04 10:53:26
基金超话月日上证指数涨跌预测及期权操作计划：消息亮点：央行：精准实施差别化住房信贷政策满足民营房地产企业合理融资需求。技术分析：上一交易日指数表现如料。小时技术指标收盘时进入中位区。今日指数预计冲高回落。期权操作计划：昨日按计划再一次通过认购赚到。展开,0.0154084212415271,2023-08-04 11:00:54
这几天的利好，多到是看都看不过来从城中村改造、活跃资本市场，到央妈出手降低存量房利率，以及月以来沪深两市零申报等利好接踵而至今天比较有趣的是，一天之内，就出现三大官媒集体发声经济日报让居民通过股票、基金也能赚到钱从而化消费意愿为消费能力证券时报提振亿多股民、亿多基民信心市场期待降印花税、优化交易制度等政策央广网可以考虑降低印花税以降低交易成本、实施交易活跃市场交易上一次这么多家官媒同时出来唱多，还是年那波牛市呢今晚，房地产这类又出利好了：央妈：精准实施差别化住房信贷政策满足民营房地产企业合理融资需求这对民营房地产企业来说，也是实质性利好了总的来说，还是济太差，消费太低迷，上面也开始着急了，所以加速推出了一系列利好，重点还是为了推动济明天上午还有一个比较重要的会议，多部门共同出席，介绍“打好宏观政策组合拳，推动经济高质量发展”有关情况从近期的策的风向来看，大概率还是会围绕大消费、房地产这类顺周期这块，可持续的行情大概率会出现在策明确推动的板块，所以我个人是认为房地产和消费是比较值得关注的白酒继续中长线看好中免这类底部核心资产可进一步博弈反弹空间房地产，主看低估值的，安全边际会高一些，例如，之前说过的建发股份，此外就是金地集团、天健集团这类都挺好的祝好,0.2072144217342308,2023-08-04 10:52:49
指数开盘价出来了创业板：反正被嫌弃的只有我呗无奖竞猜，这个局面能保持多久？今天会继续红呢，还是会央行决定降准个百分点财经知识分享官股票沪深,-0.1063052189150788,2023-09-19 06:55:11
央行决定降准山西日报发表于山西中国人民银行决定于年月日下调金融机构存款准备金率山西日报新媒体综合报道当前，我国经济运行持续恢复，内生动力持续增强，社会预期持续改善。为巩固经济回升向好基础，保持流动性合理充裕，中国人民银行决定于年月日下调金融机构存款准备金率个百分点（不含已执行存款准备金率的金融机构）。本次下调后，金融机构加权平均存款准备金率约为。中国人民银行始终坚持以习近平新时代中国特色社会主义思想为指导，坚决贯彻落实党的二十大和中央经济工作会议精神，按照党中央、国务院决策部署，精准有力实施好稳健货币政策，保持流动性合理充裕，保持信贷合理增长，保持货币供应量和社会融资规模增速同名义经济增速基本匹配，更好地支持重点领域和薄弱环节，兼顾内外平衡，保持汇率基本稳定，稳固支持实体经济持续恢复向好，推动经济实现质的有效提升和量的合理增长。,0.0,2023-09-15 13:31:49
基金超话央行决定降准个百分点然后就这开盘嘛早上竞价还有一堆喜欢玩核按钮,0.0333152796490894,------
央行降准将释放超亿元中长期流动性银河证券首席经济学家章俊表示，央行连出降息、优化房地产金融政策等大招后，年内二度降准，笃定不移推动经济持续恢复、回升向好。股央行决定降准个百分点央视财经的微博视频,0.182040283158128,2023-09-16 16:26:44
央行降准将释放超亿元中长期流动性经济学家解读央行降准央行决定降准个百分点,0.1912657072387498,------
央行决定降准个百分点中国政府网的微博视频,0.2254315559424807,2023-09-15 12:04:40
昨天晚上，央行降准了。有同学对降准这事是懵的，但应该都听说过降息。降息，就是降低存银行的利息，之前存银行一年给，现在只给，这就是降息。降了息之后，有两个效果。第一个，大家会觉得把钱存银行不划算，就会拿出来花，或者投资；第二个，降息之后，银行拿到钱的成本变低了，所以它展开,-0.0677804479383757,2023-09-30 12:17:55
央行决定降准个百分点（人民日报）,1.0,2023-09-15 09:39:12
哟昨晚突发“利好”，又降准啦所谓降准，就是降低存款准备金率存款准备金银行存在央行那里的押金每吸收一点存款，就要交一点押金这样万一出了问题，央行才有备货来救命降准少交押金市场上的钱变多了那么降准究竟是多大程度的利好呢图统计了近十年央行展开,-0.0151442750094051,2023-09-15 09:27:55
央行决定降准个百分点当前，我国经济运行持续恢复，内生动力持续增强，社会预期持续改善。为巩固经济回升向好基础，保持流动性合理充裕，中国人民银行决定于年月日下调金融机构存款准备金率个百分点（不含已执行存款准备金率的金融机构）。本次下调后，金融机构加权平均存款准展开,0.1020075703260791,2023-09-15 10:40:57
无忧差评央行决定降准个百分点不真正规范量化交易，再多的政策都白搭。量化交易已经在股对冲国运了只有散户无罪任泽平花荣胡锡进,0.0148221487678629,2023-09-15 09:41:00
热点要闻人民银行时隔半年再度降准据人民银行网站，为巩固经济回升向好基础，保持流动性合理充裕，中国人民银行决定于年月日下调金融机构存款准备金率个百分点（不含已执行存款准备金率的金融机构）。本次下调后，金融机构加权平均存款准备金率约为。欧洲央行意外将三大利率上调个基点欧洲央行决定将欧元区三大关键利率均上调个基点，超出市场预期；这也是该行连续的第次加息，共计加息个基点。欧洲央行在作出加息个基点的决定后，在决议中明确表示利率“已经达到了能够在足够长的时间内维持的水平，将为通胀率降低到的目标做出重大贡献”。交易员押注欧洲央行年将降息个基点，为月日以来首次。美国公布首次申领失业救济人数和月美国上周首次申领失业救济人数为万人，预估为万人，前值为万人。美国月同比上升，预估为，前值为。国际油价触及年内新高供应趋紧主导市场情绪周四，由于市场担心今年剩余时间石油供应趋紧，国际油价上涨，布油日内突破美元桶，美油突破美元桶，双双刷新年内新高。年内全球最大：上市首日收涨年内全球最大在纳斯达克交易所交出漂亮的首日走势，分析称这给美股市场回归常态提供了最重要的信心。根据零售券商的数据显示，不仅获得苹果、英伟达等产业公司的力捧，在散户这一边也超有人气，获得超过万笔买入订单，轻松力压特斯拉、英伟达等散户偏爱的个股。财报营收和业绩展望符合预期周四盘后，披露第三财季调整后每股收益为美元，分析师预期美元；第三财季营收亿美元，分析师预期亿美元。预计第四财季每股收益为美元，分析师预期美元；预计第四财季营收亿亿美元，分析师预期亿美元。,0.0060257004938314,2023-12-06 07:42:47
央行降准将释放超亿元中长期流动性经济学家解读央行降准中国人民银行官网今日发布消息，决定于年月日下调金融机构存款准备金率个百分点（不含已执行存款准备金率的金融机构）。本次下调后，金融机构加权平均存款准备金率约为。光大证券首席宏观经济学家高瑞东表示，此展开,0.028359824311645,2023-09-15 11:06:30
外汇存款准备金率下调释放哪些信号月日，央行宣布外汇存款准备金率下调至。业内专家认为，下调金融机构外汇存款准备金率，能够提升银行等金融机构的外汇资金运用能力，也会直接增加境内美元流动性，进而促进人民币稳定回升。专家建议，市场主体要避免偏离风险中性的“炒汇”行为，适度套保汇率敞口和控制货币错配，合理安排资产负债币种结构。新华网财经的微博视频,-0.0039764331627336,2023-09-04 07:44:04
转发央行出手，人民币急升，什么信号？近期人民币汇率跌破关口后，央行出手了日，央行宣布，为提升金融机构外汇资金运用能力，自月日起，下调金融机构外汇存款准备金率个百分点，即外汇存款准备金率由现行的下调至。人民币汇率随后闻声大涨，快速收复关口。什么是外汇存款储备金？为何能提振汇率？（中新财经宫宏宇中国新闻网）央行出手，人民币急升，什么信号？,0.0037173767153204,2023-09-02 19:14:49
央行下调外汇存款准备金率至央行发布通知，为提升金融机构外汇资金运用能力，中国人民银行决定，自年月日起，下调金融机构外汇存款准备金率个百分点，即外汇存款准备金率由现行的下调至。下调金融机构外汇存款准备金率新浪财经的微博视频,1.0,------
中国人民银行决定下调金融机构外汇款准备金率为提升金融机构外汇资金运用能力，中国人民银行决定，自年月日起，下调金融机构外汇存款准备金率个百分点，即外汇存款准备金率由现行的下调至。,0.0159993825316083,2023-09-01 16:43:56
汇率政策出手外汇存款准备金率由现行的下调至人民币汇率应声而起。月日，央行官网消息称，为提升金融机构外汇资金运用能力，决定自年月日起，下调金融机构外汇存款准备金率个百分点，即外汇存款准备金率由现行的下调至。现在是股、汇、楼、债四市政策联动频出,-0.6249164416881342,------
人民币汇率反弹至人民币汇率快速上涨月日，央行宣布，为提升金融机构外汇资金运用能力，自月日起，下调金融机构外汇存款准备金率个百分点，即外汇存款准备金率由现行的下调至。随后，人民币汇率闻声反弹，快速涨至附近。中国银行研究院高级研究员王有鑫表示，央行此时出手调整外汇存款准备金率有利于增加金融体系外汇供给，改善市场外汇供求形势，同时通过释放政策信号，起到稳定汇率和市场情绪的作用。（中新财经）,0.0160662052999826,2023-09-01 16:49:02
东方财富央行：月日起下调金融机构外汇存款准备金率个百分点央行：外汇存款准备金率由现行的下调至东方财富,0.005850723239608,2023-09-01 16:40:55
中国人民银行决定下调金融机构外汇存款准备金率为提升金融机构外汇资金运用能力，中国人民银行决定，自年月日起，下调金融机构外汇存款准备金率个百分点，即外汇存款准备金率由现行的下调至。,0.0116799962414982,2023-09-01 16:40:12
中国人民银行：外汇存款准备金率下调为为提升金融机构外汇资金运用能力，中国人民银行决定，自年月日起，下调金融机构外汇存款准备金率个百分点，即外汇存款准备金率由现行的下调至。,0.0073044027235611,2023-09-01 16:40:01
中国人民银行：外汇存款准备金率下调为为提升金融机构外汇资金运用能力，中国人民银行决定，自年月日起，下调金融机构外汇存款准备金率个百分点，即外汇存款准备金率由现行的下调至。（来源：央视新闻）,0.1695265146993159,------
