文本,群体情绪,时间
第三次房地产救市开始了，这次救市利好因素还是很多的，但要客观看待。、每年大学毕业生接近万人，不缺刚性和改善性购房需求。（现在的毕业生父母基本都已准备好房子了）、首套房利率最低已经降到，买房月供大幅降低。（差的不是利率，是没钱）、高层一再强调，房地产依然是国民经济的支柱产业。（给信心，保交付，继续坚持房住不炒）、楼市长期萧条，房价长期滞涨，潜在的购房需求不断累积。（生活还有衣食行）、看空房地产的人越来越多说明，需要买房的人越来越多。（房子话题已经淡了）,0.0005488346117969,2023-01-24 22:02:34
第三次房地产救市开始了，大家觉得救得起来吗？这次救市利好因素还是很多的，比如：、每年大学毕业生接近万人，不缺刚性和改善性购房需求。、首套房利率最低已经降到，买房月供大幅降低。、高层一再强调，房地产依然是国民经济的支柱产业。、楼市长期萧条，房价长期滞涨，潜在的购房需求不断累积。、看空房地产的人越来越多说明，需要买房的人越来越多。房地产是国民经济的支柱产业,1.0,2023-01-23 13:17:15
连平：二季度房地产市场有望走出谷底，房价或先抑后稳植信投资首席经济学家兼研究院院长、中国首席经济学家论坛理事长连平预计，年二季度开始，房地产市场有望逐步走出“谷底”。不过，政策加码到市场回暖仍然需要耐心，预计房地产市场将逐步摆脱底部区间。对于入市时机，连平提到，“考虑到当期购房政策条件相对宽松，门槛是近年来较低的，一方面购房贷款利率，无论是首套房还是二套房，很多城市都已经降到或接近历史最低水平；购房首付比例在几十个城市也有不同程度的调降，就刚性和改善性住房需求而言，尤其是在大城市的购房者，应该说是不错的购房时机。”（澎湃）网页链接,0.0021793125561103,2023-01-24 20:54:57
年月日贷款市场报价利率（）为：年期为，年期以上为，连续个月未发生变化。北京二手房,-0.0082860783090835,2023-01-24 20:31:32
这个利率表的阶段我正在银行工作，那时候并不懂这么高的利率到底是怎么造成的，现在能够理解那时候外面的资金市场一定已经是惊涛骇浪了。贷款市场报价利率,0.0109359345513632,2023-02-01 20:28:28
今起北京租住保障性租赁房可提取公积金月日，北京住房公积金管理中心发布《关于进一步优化住房公积金提取业务的通知》。据悉，即日起，在本市租住保障性租赁房的家庭可以申请提取住房公积金，且职工每月的住房公积金可直接冲抵房租，减少了租房提取的中间环节。房地产（新浪财经）,0.2455974752785253,2023-01-05 10:28:02
北京租住保障性租赁房可提取公积金为啥不能自由提取？可以规定按自己需求来提取，随便每个季度提取，但是提取后以后贷款额度什么的减少什么的也行。不提取贷款额度增加也行。不是说促进消费？钱都存在里面拿不出来我拿什么消费,-0.0082759591617724,2023-01-05 10:45:59
北京二手房白话数据年月日建委新房住宅网签套，二手房住宅网签套。（网签有滞后）大中介前台挂牌房源量套，持续关注。昨日楼市热点：北京公积金利好新年这类情况可按月提取。（看昨天微博）提供个学位北京中学东坝北校区开始招标。展开,-0.0768128617590655,2023-01-05 10:26:23
北京：租住保障性租赁房可提取公积金类公积金提取可调整周期年月日，北京住房公积金管理中心发布《关于进一步优化住房公积金提取业务的通知》（以下简称《通知》）。日起，在本市租住保障性租赁房的家庭可以申请提取住房公积金，且职工每月的住房公积金可直接冲抵房租，减少了提取的展开,-0.1037313652231964,2023-01-05 10:57:22
北京租住保障性租赁房可提取公积金真的会说到天花乱坠，只听他说的话，我觉得万一平不过分首护者的微博视频,0.4566277144620276,2023-01-05 10:45:39
今天起，在北京租住保租房可提取公积金月日，北京住房公积金管理中心发布《关于进一步优化住房公积金提取业务的通知》。即日起，在本市租住保障性租赁房的家庭可以申请提取住房公积金，且职工每月的住房公积金可直接冲抵房租，减少了租房提取的中间环节。《通知》明确，类住房公积金提取事项将展开,-0.2038006241292675,2023-01-05 10:43:16
白话身边事儿年月日，北京住房公积金管理中心发布《关于进一步优化住房公积金提取业务的通知》（以下简称《通知》）。据悉，即日起，在本市租住保障性租赁房的家庭可以申请提取住房公积金，且职工每月的住房公积金可直接冲抵房租，减少了提取的中间环节。同时，《通知》明确，类住房公积金展开,-0.1272916347618441,2023-01-05 10:35:31
月日起，北京市租住保障性租赁房可提取公积金月日，北京住房公积金管理中心发布《关于进一步优化住房公积金提取业务的通知》。即日起，在北京市租住保障性租赁房的家庭可以申请提取住房公积金，且职工每月的住房公积金可直接冲抵房租，减少了租房提取的中间环节。一、加大对租住保障性租赁展开,-0.1036221275470305,2023-01-05 10:35:26
北京：月日起，租住保障性租赁房可提取公积金月日，北京住房公积金管理中心发布《关于进一步优化住房公积金提取业务的通知》（以下简称《通知》）。据悉，即日起，在本市租住保障性租赁房的家庭可以申请提取住房公积金，且职工每月的住房公积金可直接冲抵房租，减少了租房提取的中间环节。为展开,0.9502236296474356,2023-01-05 10:31:18
各种支持政策出来了，帮助低收入人群。北京：月日起，租住保障性租赁房可提取公积金北京住房公积金管理中心发布《关于进一步优化住房公积金提取业务的通知》。即日起，在本市租住保障性租赁房的家庭可以申请提取住房公积金，且职工每月的住房公积金可直接冲抵房租，减少了租房提取的中间环节展开,0.2239901142563869,2023-01-05 10:26:05
月日起，北京市租住保障性租赁房可提取公积金月日，北京住房公积金管理中心发布《关于进一步优化住房公积金提取业务的通知》。即日起，在北京市租住保障性租赁房的家庭可以申请提取住房公积金，且职工每月的住房公积金可直接冲抵房租，减少了租房提取的中间环节。（北京住房公积金管理中心）,-0.5041603846137579,------
今起北京租住保障性租赁房可提取公积金月日，北京住房公积金管理中心发布《关于进一步优化住房公积金提取业务的通知》。据悉，即日起，在本市租住保障性租赁房的家庭可以申请提取住房公积金，且职工每月的住房公积金可直接冲抵房租，减少了租房提取的中间环节。,-0.074392221393034,2023-02-14 00:06:53
实时快报：北京：月日起，租住保障性租赁房可提取公积金云财经讯，北京住房公积金管理中心发布《关于进一步优化住房公积金提取业务的通知》。据悉，即日起，在本市租住保障性租赁房的家庭可以申请提取住房公积金，且职工每月的住房公积金可直接冲抵房租，减少了租房提取的中间环节。（北京日报展开,0.0011849059133133,2023-02-14 00:06:36
北京租住保障性租赁房可提取公积金北京：月日起，租住保障性租赁房可提取公积金据北京日报：月日，北京住房公积金管理中心发布《关于进一步优化住房公积金提取业务的通知》（以下简称《通知》）。据悉，即日起，在本市租住保障性租赁房的家庭可以申请提取住房公积金，且职工每月的住房公积金展开,-1.0,------
推动重大项目提速提质提效访郑州市市长何雄“三个一批”活动启动以来，郑州市牢固树立“项目为王”理念，建立党政主要领导齐抓共管的高位统筹推进机制，多措并举创环境、育链条、优服务、促达产，较好地实现了以项目建设强投资、扩内需、补短板、调结构、聚人才、惠民生的互促多赢，为稳增展开,0.00515004150489,2023-01-28 10:46:08
千万人口特大城市官宣：租房就能全家落户，中心城区也可以所在省也发布重磅楼市新政每日经济新闻新年上班第一天，从河南省会郑州传来大消息。近日，郑州市公安局在郑州年户籍制度改革的基础上，制定下发了《关于进一步深化户籍制度改革的实施意见》，于年月日起正式实施。此次户籍展开,-0.0806030703231585,------
提信心促经济激活市场、取消限制性政策、优化二套房认定标准河南“”政策举措实施房地产长效机制网页链接月日，河南省政府新闻办召开新闻发布会，重点介绍河南省大力提振市场信心、促进经济稳定向好有关工作，并回答记者提问。全力拼经济发布会上，河南省住房和城乡展开,-0.0118724304435756,2023-01-04 08:13:06
张捷财经说是倒逼开发商，其实是倒逼政府如何？办证时间长短，主要是政府测量办事的时间，交房即交证的政策看似很美，结果是期房的开发周期更长，老百姓拿到房子更晚，风险更大。现在房子盖好后的竣工验收和测量，经常就要三个月，等于是三个月不交等着，要是办证后才能够交，时间就要更长。而且交房后看到面积等各种问题，还可以争议等等，办证后交房，证都下来了，有面积、公摊等争议，就更难以维权了，因为已经把办证的政府绑架在上面了，要维权等于说政府办错了。河南：今年全面推行新建商品房“交房即交证”,-0.2550131607658572,2023-01-04 18:03:02
年哪些新规开始实施从年月日起，河南全省所有城镇规划范围内新取得国有建设用地使用权的预售商品房项目全面实施“交房即交证”，以切实解决群众关切的不动产权证“办证难”，优化营商环境，提升群众的获得感和满意度。尽管还有非常明显的短板，但这就是进步。至少，老百姓有了一定的保障和依靠。至少，楼市的向好面在逐渐展现。河南新建商品房交房即交证郭春江郭春江超话醒客超话醒客,0.0064486727269955,2023-01-04 08:51:30
实时快报：年河南全面推行新建商品房“交房即交证”云财经讯，从年月日起，河南省所有城镇规划范围内新取得国有建设用地使用权的预售商品房项目全面实施“交房即交证”，以切实解决群众关切的不动产权证“办证难”，优化营商环境，提升群众的获得感和满意度。（河南日报）,-0.0139145581565411,2023-01-04 09:21:27
今年河南全面推行新建商品房“交房即交证”河南推行新建商品房交房即交证据河南省政府网，从年月日起，河南省所有城镇规划范围内新取得国有建设用地使用权的预售商品房项目全面实施“交房即交证”，以切实解决群众关切的不动产权证“办证难”，优化营商环境，提升群众的获得感和满意度。,-1.0,2023-01-04 18:03:24
河南新建商品房交房即交证从年月日起，河南全面推行新建商品房“交房即交证”。根据规定，全省所有城镇规划范围内新取得国有建设用地使用权的预售商品房项目，房地产开发企业在向购房者交房的同时，还要交不动产登记证。为做好这项涉及千家万户切身利益的工作，郑州、开封、洛阳、安阳、漯河等省辖市先后开展了试点工作。省自然资源厅汇总全省实施经验，规范工作程序，建立了“交房即交证”不动产登记服务新模式，从源头上消除了过去交房与交证不同步带来的弊端，取得了积极的改革成效。截至年年底，全省已有个项目（小区）实现了“交房即交证”，共发证本。年的愿望清单（河南日报）,-0.2336453350242698,2023-01-05 07:03:23
河南新建商品房交房即交证从年月日起，河南全面推行新建商品房“交房即交证”。根据规定，全省所有城镇规划范围内新取得国有建设用地使用权的预售商品房项目，房地产开发企业在向购房者交房的同时，还要交不动产登记证。为做好这项涉及千家万户切身利益的工作，郑州、开封、洛阳、安阳、漯河等省辖市先后开展了试点工作。省自然资源厅汇总全省实施经验，规范工作程序，建立了“交房即交证”不动产登记服务新模式，从源头上消除了过去交房与交证不同步带来的弊端，取得了积极的改革成效。截至年年底，全省已有个项目（小区）实现了“交房即交证”，共发证本。年的愿望清单（记者李运海）,-0.0459107084712807,2023-01-05 07:04:28
今年河南全面推行新建商品房交房即交证从年月日起，全省所有城镇规划范围内新取得国有建设用地使用权的预售商品房项目全面实施“交房即交证”，以切实解决群众关切的不动产权证“办证难”，优化营商环境，提升群众的获得感和满意度。不动产登记涉及千家万户，面广量大，与广大群众的切身展开,-0.0307972220864592,2023-01-04 09:34:13
住建部终于发话了，对于购买第一套住房的要大力支持，首付能降下来的要降下来，二套要合理支持，但是特别强调，三套以上原则上不支持，也就是说不给投机炒房者重新入市留有空间。房地产落实金融支持房地产条措施住建部部长谈买房租房,0.0118069568514694,2023-01-06 22:22:39
央行：落实金融条措施，支持房地产市场平稳健康发展，具体哪条感兴趣的可以自己去看，提振经济，刺激房地产也是迫不得已之举，但是效果本都督有些怀疑没钱才是硬道理，重要的是，房子以后的投资价值越来越小，综合多方数据判断，年应该是人口负增长元年，未来很多年都是这个趋势，所以有钱人大概率也不会做这方面的投资刺激新能源汽车效果估计要好些,0.0323240382206578,2023-01-06 11:21:10
央行：落实金融条措施，支持房地产市场平稳健康发展月日，年中国人民银行工作会议以视频形式召开。观点新媒体了解，会议要求，一是精准有力实施好稳健的货币政策。综合运用多种货币政策工具，保持流动性合理充裕。保持广义货币供应量和社会融资规模增速同名义经济增速基本匹配。多措并举降低市场主体融资成本。保持人民币汇率在合理均衡水平上的基本稳定。二是加大金融对国内需求和供给体系的支持力度。支持恢复和扩大消费、重点基础设施和重大项目建设。坚持对各类所有制企业一视同仁，引导金融机构进一步解决好民营小微企业融资问题。落实金融条措施，支持房地产市场平稳健康发展。三是持续推动金融风险防范化解。进一步发挥国务院金融委办公室牵头抓总作用。健全金融稳定保障基金管理制度。四是持续完善宏观审慎管理体系。优化宏观审慎压力测试机制。强化系统重要性银行监管。加强金融控股公司监管。五是持续深化国际金融合作和对外开放。做好二十国集团可持续金融牵头工作。稳步扩大规则、规制、管理、标准等制度型开放。有序推进人民币国际化。六是持续深化金融改革。继续完善金融基础设施统筹监管框架。加强平台企业金融业务常态化监管。继续深化外汇领域改革开放。七是全面提升金融服务和管理水平。持续推进金融立法。扎实做好金融统计和研究工作。不断提升支付监管质效。深化金融科技应用与管理。强化人民币现金管理。有序推进数字人民币试点。持续提升国库业务信息化水平。全面加强征信体系建设。扎实开展反洗钱监管。强化金融消费权益保护。（：观点网）,0.0285308349087087,------
落实金融支持房地产条措施房地产已经救不活了，没用的，死了这条心吧,-0.0185060386454274,2023-01-05 14:38:53
落实金融支持房地产条措施央行多方面发力推动经济运行整体好转中国人民银行日表示，将从精准有力实施好稳健的货币政策，加大金融对国内需求和供给体系的支持力度等方面发力，推动经济运行整体好转，实现质的有效提升和量的合理增长。当日召开的年中国人民银行工作会议要求，展开,0.0114478519342325,2023-01-05 14:24:31
重要消息：、美股周三收高，标普指数涨，纳斯达克指数涨，道琼斯指数涨；热门中概股普涨，纳斯达克中国金龙指数涨，新年两日累涨；、央行：加大金融对国内需求和供给体系的支持力度支持房地产市场平稳健康发展；年有序推进数字人民币试点；年要精准有力实施展开,1.0,------
央妈释放利好，主要亮点：、落实金融条措施，支持房地产市场平稳健康发展；、年有序推进数字人民币试点；、支持恢复和扩大消费、重点基础设施和重大项目建设。、持续推动金融风险防范化解，健全金融稳定保障基金管理制度。、年要精准有力实施好稳健的货币政策，多措并举降低市场主体融资成本。种种迹象都表明了年行情不会很差，有政策支持其次金融稳定保障基金，关键时候可以护盘；还有货币宽松为主，对于后市走势都是利好,0.0986030668974389,2023-01-05 14:47:13
央行：落实金融条措施支持房地产市场平稳健康发展。年有序推进数字人民币试点。支持恢复和扩大消费、重点基础设施和重大项目建设。自然资源部部长：适当增加今年土地计划指标支持“十四五”规划重大工程。中国信通院：月国内手机出货量万，下降。硅料价格从最高块多直接跌到元。展开,0.0,2023-01-05 14:47:03
口号喊得够多的了，关键看怎么落实落实金融支持房地产条措施,0.0166013573542544,------
股超话股今日影响盘面因素今日将迎来大反击：，英飞拓：年净利预亏亿亿去年亏损亿元英飞拓公告，预计年归母净利亏损亿亿，上年同期亏损亿元。、央行年会：落实金融条措施支持房地产市场平稳健康发展央行要求，年有序推进数字人民币试点，支持恢复和展开,-0.0011585891797981,2023-01-05 12:25:20
月日盘前阅读：盘前财经要闻：国内：央行工作重点来了涉及货币政策、房地产、平台经济、数字人民币等央行：落实金融条措施支持房地产市场平稳健康发展国常会：部署进一步做好重要民生商品和能源保供稳价等工作自然资源部部长：适当增加今年土地计划指标支持“十四五”展开,0.1847896526803412,------
落实金融支持房地产条措施央行多方面发力推动经济运行整体好转中国人民银行日表示，将从精准有力实施好稳健的货币政策，加大金融对国内需求和供给体系的支持力度等方面发力，推动经济运行整体好转，实现质的有效提升和量的合理增长。当日召开的年中国人民银行工作会议要求，年人民银行系统要综合运用多种货币政策工具，保持流动性合理充裕。多措并举降低市场主体融资成本。支持恢复和扩大消费、重点基础设施和重大项目建设。坚持对各类所有制企业一视同仁，引导金融机构进一步解决好民营小微企业融资问题。落实金融支持房地产条措施，支持房地产市场平稳健康发展。会议提出，要持续推动金融风险防范化解。进一步发挥国务院金融委办公室牵头抓总作用。健全金融稳定保障基金管理制度。持续完善宏观审慎管理体系。加强金融控股公司监管。此外，会议还明确，要持续深化国际金融合作和对外开放。稳步扩大规则、规制、管理、标准等制度型开放。有序推进人民币国际化。持续深化金融改革。加强平台企业金融业务常态化监管。全面提升金融服务和管理水平。持续推进金融立法。有序推进数字人民币试点。强化金融消费权益保护。人民银行表示，年要突出做好稳增长、稳就业、稳物价工作，推动经济运行整体好转，实现质的有效提升和量的合理增长，有效防范化解重大金融风险，持续深化金融改革开放，为全面建设社会主义现代化国家开好局起好步提供有力的金融支持。（记者吴雨）,-0.1515853727064936,2023-01-05 12:32:25
加大金融对国内需求和供给体系的支持力度。支持恢复和扩大消费、重点基础设施和重大项目建设。坚持对各类所有制企业一视同仁，引导金融机构进一步解决好民营小微企业融资问题。落实金融条措施，支持房地产市场平稳健康发展。青岛万和“信万和”品牌民营企业房地产税房地产超话房地产政策再读看书学习分享超话今日看盘超话大美中国央行：年要加大金融对国内需求和供给体系的支持力度网页链接,-0.0023771426397513,2023-01-05 11:44:53
刚刚，央行召开重磅会议落实金融条措施，支持房地产市场平稳健康发展打压房地产不符合市场经济原则作为实体经济的支柱产业不要妖魔化房地产有人的地方就有居住需求多生孩子多买房，不然一年又白忙,-0.0009624668518356,2023-01-05 12:24:24
周三舆情热度：地产链传言政策将对房企加大支持力度，计划出台《优质房企资产负债表支持计划》（中交地产、滨江集团、新城控股等）；央行工作会议有序推进数字人民币试点加强平台企业金融业务常态化监管要加大金融对国内需求和供给体系的支持力度落实金融条措施支持房地产市场平稳健康发展（数字货币，平台经济，大金融，地产）；种业月日国际种业科学家大会将在海南三亚举行转基因审定预计结果最快春节前落地（敦煌种业、万向德农、大北农等）；元宇宙百度即将在月日的开发者大会上，发布全球首个独立元宇宙解决方案希壤元宇宙底座（百度希壤蓝色光标、中文在线、风语筑等）；有色自然资源部部长全面启动新一轮战略性矿产国内找矿行动（河钢资源、中国铝业、云南铜业等）；,0.1684246557029516,2023-01-05 10:39:13
今晚主要两大利好消息，，央行落实金融条措施，支持房地产市场平稳健康发展。这段时间地产利好真是太多了，而且利好一直在叠加，这样下去非把地产盘活不可，而且每年一季度事工程建筑类股票的开工旺季，真不排除地产出一波短期机会。建议短线操作，地产销售成交低迷，中长期难突破困局，上升动能不足。，央行年有序推进数字人民币试点，对计算机、信创和数字经济是利好消息。，多家银行下调存款利率。这是央妈在放水操作，这可不得了。从外盘表现看，全球形势对多头是有利。,-0.0944272836485333,------
今晚主要几个消息，央行：落实金融条措施，支持房地产市场平稳健康发展。建议短线操作，地产销售成交低迷，中长期难突破困局，上升动能不足。，央行：年有序推进数字人民币试点，对计算机、信创和数字经济是利好消息。，多家银行下调存款利率。这是央妈在放水操作。、美股三大股指集展开,0.1895713318452998,2023-01-05 09:11:42
央行：落实金融条措施支持房地产市场平稳健康发展网页链接,0.2548914638920265,2023-01-05 09:13:26
，央行：落实金融条措施，支持房地产市场平稳健康发展。，央行：年有序推进数字人民币试点，多家银行下调存款利率。评，央妈，亲的多家中小银行调整存款利率炒股吧超话银行房地产苏世山成长价值投资牛市的微博视频,0.1423176036735479,2023-01-05 09:11:49
央行：落实金融条措施，支持房地产市场平稳健康发展支持恢复和扩大消费、重点基础设施和重大项目建设。坚持对各类所有制企业一视同仁，引导金融机构进一步解决好民营小微企业融资问题。落实金融条措施，支持房地产市场平稳健康发展。,-0.0232034535921265,2023-01-05 09:12:33
一，想把投资做好，一定要关注市场和消息面的变化。今晚主要三大利好消息，，央行：落实金融条措施，支持房地产市场平稳健康发展。评：这段时间地产利好真是太多了，而且利好一直在叠加，这样下去非把地产盘活不可，而且每年一季度事工程建筑类股票的开工旺季，真不排除地产出一波短期机会。展开,0.1730354457690264,2023-01-05 09:09:35
央行：落实金融条措施，支持房地产市场平稳健康发展央行：持续完善宏观审慎管理体系，强化系统重要性银行监管央行：保持人民币汇率在合理均衡水平上的基本稳定来源：网页链接,0.0232859122544752,2023-01-05 09:09:57
央妈指明今年投资方向央行：年要加大金融对国内需求和供给体系的支持力度年中国人民银行工作会议月日上午以视频形式召开。会议要求，加大金融对国内需求和供给体系的支持力度。支持恢复和扩大消费、重点基础设施和重大项目建设。坚持对各类所有制企业一视同仁，引导金融机构进一步解决好民营小微企业融资问题。落实金融条措施，支持房地产市场平稳健康发展。,0.0804802104092016,2023-01-05 09:10:54
央行：支持恢复和扩大消费、重点基础设施和重大项目建设。坚持对各类所有制企业一视同仁，引导金融机构进一步解决好民营小微企业融资问题。落实金融条措施，支持房地产市场平稳健康发展。综合运用多种货币政策工具，保持流动性合理充裕。保持广义货币供应量和社会融资规模增速同名义经济增速基本匹配。多措并举降低市场主体融资成本。保持人民币汇率在合理均衡水平上的基本稳定。,0.0,2023-01-05 09:11:14
央行：年要加大金融对国内需求和供给体系的支持力度每经快讯，年中国人民银行工作会议月日上午以视频形式召开。会议要求，加大金融对国内需求和供给体系的支持力度。支持恢复和扩大消费、重点基础设施和重大项目建设。坚持对各类所有制企业一视同仁，引导金融机构进一步解决好民营小展开,0.0096587555943943,2023-01-05 09:09:52
央行：年要加大金融对国内需求和供给体系的支持力度年中国人民银行工作会议月日上午以视频形式召开。会议要求，加大金融对国内需求和供给体系的支持力度。支持恢复和扩大消费、重点基础设施和重大项目建设。坚持对各类所有制企业一视同仁，引导金融机构进一步解决好民营小微企业融资问题展开,-0.0389430103541308,2023-01-05 09:09:48
年中国人民银行工作会议召开，会议指出，加大金融对国内需求和供给体系的支持力度。支持恢复和扩大消费、重点基础设施和重大项目建设。坚持对各类所有制企业一视同仁，引导金融机构进一步解决好民营小微企业融资问题。落实金融条措施，支持房地产市场平稳健康发展。,0.0931704428985129,2023-01-05 13:47:20
支持实体经济年银行业交出这份成绩单透过财经看世界财经金融是实体经济的血脉，为实体经济服务是金融的天职，是金融的宗旨。年，在复杂严峻的国内外形势下，银行业以服务实体经济为根本，加大金融资源对国民经济重点领域和薄弱环节的支持力度，积极向实体经济让利，为促进我国社会展开,-6.054975953831047e-05,2023-01-05 09:41:02
新年第二个交易日（月日），地产板块持续火热，中证地产指数早盘大幅冲高，只成份股全面上涨，中南建设，新城控股相继涨停，华发股份涨超，招商蛇口、滨江集团涨超，万科、保利发展涨幅超。方面，地产（）盘中涨幅持续放大，截至发稿上涨，成交金额超万元，换手率，交投持续活跃。消息面上，月日，重庆发布地产条政策措施，强化楼市精准施策、系统调控，从加大金融支持、激活市场需求等方面提出措施。河南月日亦发文提出取消不必要的房地产需求限制。国金证券统计显示，多个二线城市放开限购，需求端放松政策加速落地。继去年月杭州、成都、西安等城市优化购房政策，月初厦门、南京、武汉、合肥等二线城市加入放松需求端政策的队伍。,-0.0006204601107921,2023-01-05 09:16:31
河南昨天开会内容：取消和调整房地产过热时期妨碍消费释放的限制性政策。最终目的：要稳住房地产投资。核心：全面落实金融支持房地产条政策措施，全力保交楼、稳预期、拓供给，着力促进房地产市场平稳健康发展。楼市房地产楼市资讯,0.0146498495557076,2023-02-02 11:19:14
什么信号？一线城市新房价格止跌业内人士认为，一线城市率先出现止跌企稳态势，显示去年四季度以来供需两端积极的政策产生一定效果。预计年需求端政策力度有望加码，热点城市交易量或在二季度开始企稳并慢慢回升，并在下半年带动都市圈周围城市好转。月日，国家统计局个大中城市房价数据出炉从年月房价数据来看，房价环比下降城市个数增加，其中，二手房价环比下降城市个数达到个。不过，从新房价格来看，一线城市在连跌个月后出现止跌现象。业内人士认为，一线城市率先出现止跌企稳态势，显示去年四季度以来供需两端积极的政策产生一定效果。预计年需求端政策力度有望加码，热点城市交易量或在二季度开始企稳并慢慢回升，并在下半年带动都市圈周围城市好转。一线城市新房价格止跌国家统计局的数据显示，年月份，个大中城市中房价下降城市个数有所增加，其中，新房价格环比下降城市有个，比上月增加个；二手房价格环比下降城市有个，比上月增加个。分城市来看，一线城市新房和二手房价格环比一平一降，二三线城市环比下降。其中，一线城市新房价格环比由上月下降转为持平；二手房价格环比下降，降幅比上月扩大个百分点。二线城市新房价格环比下降，降幅比上月扩大个百分点；二手房价格环比下降，降幅与上月相同。三线城市新房价格环比下降，降幅与上月相同；二手房价格环比下降，降幅比上月收窄个百分点。上海易居房地产研究院研究总监严跃进认为，根据简单算术平均计算，年月份全国个城市新房价格指数环比跌幅为，同比跌幅为。当前房价指数跌幅总体上没有扩大，说明去年四季度持续性的“三支箭”政策，减少了房企恐慌性降价的心理。最明显的变化是，一线城市连跌个月后，当前已经有止跌现象。预计新房价格指数的积极变化后续也会逐渐传导到二手房市场中。广东省城规院住房政策研究中心首席研究员李宇嘉也认为，年月份，一线城市基本止跌，显示去年四季度以来供需两端积极的政策产生一定效果。比如，供给端加快“三支箭”等资金投放、推进保交楼，改善房企资产负债表，推动收并购；需求端积极降低按揭利率，鼓励住房购置和改善等，政策叠加部分缓解了风险预期，购房需求释放也有所稳定。反映在房价上，一线城市率先出现止跌企稳态势。不过，李宇嘉同时指出，年月房价下跌城市增加，市场仍较为疲弱。中原地产首席分析师张大伟也指出，二手房价格表现更值得关注，年月，二手房价环比下降城市有个，刷新最近多年记录，说明当前市场全面低迷。政策助力年内楼市或企稳今年以来，中央和地方楼市支持政策密集出台。月日，央行、银保监会宣布对首套房贷利率政策实行动态调整，即新房价格环比和同比连续个月均下降的城市，可阶段性维持、下调或取消当地首套房贷利率下限。住建部部长倪虹在接受媒体专访时也表示，对购买第一套住房的，要大力支持，首付比例、首套利率该降的，都要降下来；对于购买第二套住房的要合理支持，以旧换新、以小换大、生育多子女家庭都要给予政策支持。他还表示今年要因城施策、精准施策，提振市场信心。与此同时，各地稳楼市步伐加快，新疆乌鲁木齐、安徽六安、河南荥阳等多地发布了刺激住房消费需求的多项政策举措，包括下调首套房贷利率下限、暂停限购政策、放宽首套房认定标准、降低首套房首付比例、换购住房个税减免、支持团购住房、发购房补贴、提高住房公积金贷款额度等。河南更是明确表示，要取消和调整妨碍消费需求释放的限制性政策。李宇嘉认为，稳房价是稳预期、稳需求、纾困供给端保交楼、“三支箭”资金投放、收并购的关键。近期央行对房价连续下跌城市祭出了利率不设下限的政策，目的也是为了稳房价，为稳楼市交易、开发创造条件。预计热点城市交易量或在二季度开始企稳并慢慢回升，并在下半年带动都市圈周围城市好转。对于今年的政策预期，上海易居房地产研究院执行院长丁祖昱认为，年将继续因城施策用足用好政策工具箱，地方需求端政策力度有望加码。其中，一线及重点二线城市调控政策或将局部放松，市场下行压力较大的远郊区域局部放松限购，定向优化二孩、三孩家庭以及各类人才购房资格等。作为政策风向标的一线城市，调控政策仍需从紧执行，但也存在局部放松的可能性。杭州、成都等重点二线市场倘若出现走弱迹象，不排除政策加码放松的可能性，以便给市场“保温”。丁祖昱还认为，非重点二线及三四线城市或将全面取消“四限”。非重点二线及三四线城市仍需在政策层面适度刺激居民购房需求，涉及全面取消“四限”，加码购房补贴、税费减免等。而在佛山全面取消限购之后，预计长春、南宁、常州这类非重点二线及三四线城市或将效仿全面取消“四限”，以便支持刚性和改善性需求，促进市场尽快回稳。文章来源：证券时报,0.1829172870543121,2023-01-17 00:49:16
中房报社评：改善房地产需求端是今年的重心，还需要优化调整一些限制性政策住建部主管的中房报发布社评指出，改善房地产需求端是今年的重心。目前，在支持刚性和改善性住房需求这件重要事情上，各地和有关部门还需要优化调整一些妨碍消费需求释放的限制性政策，如在首套房、卖旧换新和二套改善性住房的首付比例、贷款利率上要加快下调步伐，对“认房又认贷”等措施要及时进行优化或者取消；对限购政策，可考虑适当优化和放开一二线城市限购政策；在住房消费契税上，对家庭新购住房要给予优惠政策。,-0.1832337659998706,------
很多城市没有限购，首套首付，利率也是减点，一样还在跌中房报社评：改善房地产需求端是今年的重心，还需要优化调整一些限制性政策住建部主管的中房报发布社评指出，改善房地产需求端是今年的重心。目前，在支持刚性和改善性住房需求这件重要事情上，各地和有关部门还需要优化调整一些妨碍消费需求释放的限制性政策，如在首套房、卖旧换新和二套改善性住房的首付比例、贷款利率上要加快下调步伐，对“认房又认贷”等措施要及时进行优化或者取消；对限购政策，可考虑适当优化和放开一二线城市限购政策；在住房消费契税上，对家庭新购住房要给予优惠政策。,-0.1560459051289249,2023-01-08 18:10:22
全国范围看，年需求端将会出台更多宽松举措是必然，主要围绕释放住房消费潜力。在住房消费领域还存在一些妨碍消费需求释放的限制性政策，这些消费潜力要予以释放，主要体现在：一首套房的认定标准扩大，也就是松动“认房又认贷”的政策，很多首套购房者都是采用贷款的方式购房，“认房又认贷”置换房屋的往往通过“卖一买一”的方式实现，“双认”的实行会大幅限制改善需求的界定标准，若以二套的标准进行购房，高额的首付比例会降低改善性需求释放，因此年大概率会取消“双认”。二下调二套房的首付比例，虽然年也有不少城市下调二套首付比例，但并不普遍，核心热点城市的二套房首付比例高达、成，较高的换房门槛也降低了居民换房的动力，年二套房首付比例有望全面下调。三取消限购，目前仍有大部分城市执行区域限购，本地户口和外地户口均有购买套数限制，随着佛山、东莞全面取消限购，年更多热点二线城市或将跟进。除一线城市外，年限购或将全面松动。购房限制性政策尤其是“五限”政策加速调整或取消将成为年房地产政策调整的重要趋势。展望后市，除了一线城市外，二线及三四线城市有望全面取消“四限”，部分核心二线城市或将会采取从局部到全市的循序渐进方式放松。四预计新房商品房销售面积增速，销售金额增速。年的房地产市场销售规模创下年以来新低，全年销售面积约万，较去年同期下降；销售额约为亿元，较去年同期下降。由于近两年拿地规模锐减，在资金承压下，房企新开工动力不足，年，整体销售规模难以呈现大幅上涨，全年成交规模或与今年基本持平。年全国商品房销售面积上升，销售额上升，销售面积万，销售金额约为亿元。从年年内趋势来看，年房地产市场将摆脱疫情防控的拖累，保交楼专项借款的落地也减缓购房者对于交付的担忧，行业风险进一步缩减，购房信心逐步恢复。年市场下行的根本原因在于经济拖累地产，居民收入预期降低，购买力弱，居民购房信心回升后还有待经济好转，预计年上半年市场仍在恢复期，明年的市场前低后高，年中销售规模转正，全年成交水平与年基本保持一致。五二手房成交比重有望进一步上升。近几年，一些重点城市已经进入存量房时代，尤其是一线城市，二手房成交占比大于新房成交占比。年月，二手房成交占比，已经超过。从城市上看，年一些热点二线城市加速进入存量房市场，如重庆、天津年二手房成交占比超。年，由于二手房小区参考价格的发酵，二手房成交占比略有下降。年购房者出于对新房交付的担忧，导致二手房更受到购房者的青睐，二手房成交占比进一步走高，且在集中停贷事件后，二手房环比增速明显高于新房。年，房企走出资金风险还需要时间，购房者对新房交付的担忧仍存，外加上在二手房高库存下，价格较为平稳，购房者有更多选择的空间，预计二手房成交比重进一步上升。六年新房房价有望加速企稳，二手房价继续承压。目前的房价正处在下探的周期，无论是新房还是二手房，大中城房价同比指数连续多月下滑；从环比指数上看，大中城房价新房连续个月下滑，二手房连续个月下滑。在年销售端创年来新低的背景下，企业降价跑量，价格上涨动力不足，长时间处于下行周期。分等级城市看，一线城市房价更为坚挺，处于上升阶段，二线及三四线房价下滑，三四线的降幅最大。展望年，预计企业降价态势难改，虽然销售逐步回稳，但房价变化滞后于销售变化，上半年房价上涨动力仍不足，预计房价仍呈小幅下跌的态势，随着金融条对房企的资金支持的落地，房企降价促销的手段或将减缓，新房价格跌幅收窄，下半年有望转升。年二手房房价或继续承压，价格涨幅不及新房，主要是由于退税政策的出台，全国二手房挂牌量激增，影响房价预期，预计年二手房继续趋于稳中趋降的局面。,-0.087161539421978,------
月日中公早报，星期三，农历腊月十三，早安油价迎年首涨，此次调价折合、号汽油、号柴油每升分别上调、、元。开年大涨：在岸、离岸人民币对美元一度双双升破。乐视宣布每周四天半工作制：每周三实行弹性的半天工作制，薪资不变。河南：全力稳住房地产投资，取消和调整过热时期妨碍消费需求释放的限制性政策；郑州出台户籍制度改革新政：不受社保缴费、居住年限限制，父母、子女均可落。杭州在闭环管理的入境人员中检测出、毒株。中国大熊猫保护研究中心：年共繁育存活大熊猫幼仔胎只。澳门非高等教育学校下周一复课，所有师生每日回校前须完成抗原快测。浙江部分医院开出“阳康”门诊，涉及中医养疗、心理咨询。中国台球协会宣布，停止赵心童、张健康所有国内台球比赛资格，坚决反对操纵比赛与赌博。民调：的英国人支持举行重入欧盟公投。新年初始欧洲温暖天气破纪录：至少八个国家经历创纪录高温。向德国索要二战赔款万亿元波兰称已请求联合国帮助，并向欧盟国家、北约等发出多份通知。早报,0.345906917349343,2023-01-08 11:54:30
时政中公早报油价迎年首涨，此次调价折合、号汽油、号柴油每升分别上调、、元。开年大涨：在岸、离岸人民币对美元一度双双升破。乐视宣布每周四天半工作制：每周三实行弹性的半天工作制，薪资不变。河南：全力稳住房地产投资，取消和调整过热时期妨碍消费需求释放的限制性政策；郑州出台户籍制度改革新政：不受社保缴费、居住年限限制，父母、子女均可落。杭州在闭环管理的入境人员中检测出、毒株。中国大熊猫保护研究中心：年共繁育存活大熊猫幼仔胎只。澳门非高等教育学校下周一复课，所有师生每日回校前须完成抗原快测。浙江部分医院开出“阳康”门诊，涉及中医养疗、心理咨询。中国台球协会宣布，停止赵心童、张健康所有国内台球比赛资格，坚决反对操纵比赛与赌博。民调：的英国人支持举行重入欧盟公投。新年初始欧洲温暖天气破纪录：至少八个国家经历创纪录高温。向德国索要二战赔款万亿元波兰称已请求联合国帮助，并向欧盟国家、北约等发出多份通知。,0.062336242880877,2023-01-08 11:52:09
月日中公早报，星期三，农历腊月十三，早安油价迎年首涨，此次调价折合、号汽油、号柴油每升分别上调、、元。开年大涨：在岸、离岸人民币对美元一度双双升破。乐视宣布每周四天半工作制：每周三实行弹性的半天工作制，薪资不变。河南：全力稳住房地产投资，取消和调整过热时期妨碍消费需求释放的限制性政策；郑州出台户籍制度改革新政：不受社保缴费、居住年限限制，父母、子女均可落。杭州在闭环管理的入境人员中检测出、毒株。中国大熊猫保护研究中心：年共繁育存活大熊猫幼仔胎只。澳门非高等教育学校下周一复课，所有师生每日回校前须完成抗原快测。浙江部分医院开出“阳康”门诊，涉及中医养疗、心理咨询。中国台球协会宣布，停止赵心童、张健康所有国内台球比赛资格，坚决反对操纵比赛与赌博。民调：的英国人支持举行重入欧盟公投。新年初始欧洲温暖天气破纪录：至少八个国家经历创纪录高温。向德国索要二战赔款万亿元波兰称已请求联合国帮助，并向欧盟国家、北约等发出多份通知。,-0.054390815853374,2023-01-08 11:47:17
时政时政热点年月日，星期三，农历腊月十三油价迎年首涨，此次调价折合、号汽油、号柴油每升分别上调、、元。开年大涨：在岸、离岸人民币对美元一度双双升破。乐视宣布每周四天半工作制：每周三实行弹性的半天工作制，薪资不变。河南：全力稳住房地产投资，取消和调整过热时期妨碍消费需求释放的限制性政策；郑州出台户籍制度改革新政：不受社保缴费、居住年限限制，父母、子女均可落。杭州在闭环管理的入境人员中检测出、毒株。中国大熊猫保护研究中心：年共繁育存活大熊猫幼仔胎只。澳门非高等教育学校下周一复课，所有师生每日回校前须完成抗原快测。浙江部分医院开出“阳康”门诊，涉及中医养疗、心理咨询。中国台球协会宣布，停止赵心童、张健康所有国内台球比赛资格，坚决反对操纵比赛与赌博。民调：的英国人支持举行重入欧盟公投。新年初始欧洲温暖天气破纪录：至少八个国家经历创纪录高温。向德国索要二战赔款万亿元波兰称已请求联合国帮助，并向欧盟国家、北约等发出多份通知。,0.062336242880877,2023-01-08 12:22:54
早安时政年月日，星期三，农历腊月十三油价迎年首涨，此次调价折合、号汽油、号柴油每升分别上调、、元。开年大涨：在岸、离岸人民币对美元一度双双升破。乐视宣布每周四天半工作制：每周三实行弹性的半天工作制，薪资不变。河南：全力稳住房地产投资，取消和调整过热时期妨碍消费需求释放的限制性政策；郑州出台户籍制度改革新政：不受社保缴费、居住年限限制，父母、子女均可落。杭州在闭环管理的入境人员中检测出、毒株。中国大熊猫保护研究中心：年共繁育存活大熊猫幼仔胎只。澳门非高等教育学校下周一复课，所有师生每日回校前须完成抗原快测。浙江部分医院开出“阳康”门诊，涉及中医养疗、心理咨询。中国台球协会宣布，停止赵心童、张健康所有国内台球比赛资格，坚决反对操纵比赛与赌博。民调：的英国人支持举行重入欧盟公投。新年初始欧洲温暖天气破纪录：至少八个国家经历创纪录高温。向德国索要二战赔款万亿元波兰称已请求联合国帮助，并向欧盟国家、北约等发出多份通知。,-0.0118053734156476,2023-01-08 11:44:57
蓟州中公教育月日时政简报，星期三，农历腊月十三，早安油价迎年首涨，此次调价折合、号汽油、号柴油每升分别上调、、元。开年大涨：在岸、离岸人民币对美元一度双双升破。乐视宣布每周四天半工作制：每周三实行弹性的半天工作制，薪资不变。河南：全力稳住房地产投资，取消和调整过热时期妨碍消费需求释放的限制性政策；郑州出台户籍制度改革新政：不受社保缴费、居住年限限制，父母、子女均可落。杭州在闭环管理的入境人员中检测出、毒株。中国大熊猫保护研究中心：年共繁育存活大熊猫幼仔胎只。澳门非高等教育学校下周一复课，所有师生每日回校前须完成抗原快测。浙江部分医院开出“阳康”门诊，涉及中医养疗、心理咨询。中国台球协会宣布，停止赵心童、张健康所有国内台球比赛资格，坚决反对操纵比赛与赌博。民调：的英国人支持举行重入欧盟公投。新年初始欧洲温暖天气破纪录：至少八个国家经历创纪录高温。向德国索要二战赔款万亿元波兰称已请求联合国帮助，并向欧盟国家、北约等发出多份通知。,-0.0236022236338679,------
月日简报，星期三，农历腊月十三油价迎年首涨，此次调价折合、号汽油、号柴油每升分别上调、、元。开年大涨：在岸、离岸人民币对美元一度双双升破。乐视宣布每周四天半工作制：每周三实行弹性的半天工作制，薪资不变。河南：全力稳住房地产投资，取消展开,0.3020167355621384,2023-01-05 11:04:01
千万人口特大城市官宣：租房就能全家落户，中心城区也可以所在省也发布重磅楼市新政每日经济新闻新年上班第一天，从河南省会郑州传来大消息。近日，郑州市公安局在郑州年户籍制度改革的基础上，制定下发了《关于进一步深化户籍制度改革的实施意见》，于年月日起正式实施。此次户籍制度改革进一步放宽了郑州市中心城区落户条件，凡在郑州市中心城区具有合法稳定就业或合法稳定住所（含租赁）的人员，不受社保缴费年限和居住年限的限制，本人及其共同居住生活的配偶、子女和父母，可以在郑州市申请登记城镇居民户口。你心动了吗？郑州郑东新区夜景，图片来源：摄图网新旧政策调整主要内容和年定下的户籍制度相比，郑州户籍新政的主要有三个方面的变动：（一）实施中心城区和县（市）、上街区无差别化落户政策。年政策规定，郑州市中心城区有条件的设定落户标准，县（市）、上街区全面放开落户限制。此次调整为全市统一的以经常居住地登记户口的政策。（二）放宽在中心城区稳定生活的农业转移人口及其他常住人口落户条件。一是年政策规定，郑州市农业转移人口在中心城区持居住证落户需满年。此次调整为不受居住证办理年限和地区属性的限制。二是年政策规定，郑州市中心城区租赁房屋入户需满年。此次调整为不受居住年限限制。（三）放宽在中心城区普通劳动者参加城镇社会保险落户条件。年政策规定，在郑州市中心城区务工且参加城镇社会保险落户需满个月。此次调整为不受社保缴费年限的限制。符合十项入户条件之一的，即可申请户口迁移（一）缴纳社会保险金入户。在郑州市中心城区近两年内参加城镇社会保险的人员，不受社保缴费年限的限制，本人及其共同居住生活的配偶、子女和父母，可以在郑州市中心城区申请登记城镇居民户口。（二）流动人口居住登记入户。在郑州市中心城区居住生活（含租赁）的外地市人员（以郑州市流动人口信息平台登记信息为准），不受居住年限的限制，本人及其共同居住生活的配偶、子女和父母，可以在郑州市中心城区申请登记城镇居民户口。周岁以下人员须随其父（母）或其他法定监护人申请迁入。（三）直系亲属投靠入户。申请人在郑州市中心城区有常住户口，经户主同意，可申请其共同居住生活的配偶、子女和父母的户口迁入。（四）人才引进入户。国家机关、企事业单位引进人才入户，往届高校毕业生、技术工人、职业院校毕业生入户，应届中专以上学历毕业生入户，留学归国人员入户，准予其本人及其共同居住生活的配偶、子女和父母的户口迁入。（五）购房入户。在郑州市中心城区购买住房的人员，可申请房主及其居住生活的配偶、子女和父母的户口迁入。（六）工作调动入户。国家机关、企事业单位工作人员调入郑州市中心城区工作的，可申请本人及其共同居住生活的配偶、子女和父母的户口迁入。（七）投资纳税入户。在郑州市中心城区投资、经商、办企业的外地公民，连续经营年以上，每年纳税金额达到万元以上的，或一年纳税达到万元以上的，可申请本人及其共同居住生活的配偶、子女和父母的户口迁入；外商投资企业按其实际投入外资额，每万美元可迁入名管理生产骨干。（八）迁入城镇的农村籍退伍转业军人入户。参军前户口在农村的退伍转业军人，可根据本人意愿申请本人及其共同居住生活的配偶、子女和父母的户口迁入。（九）成建制迁移人员入户。外地企业成建制迁入郑州市的职工，经市政府批准，准予迁入。（十）高校招生入户。户口住址在省市外学生被郑州市高校录取后，可将户口迁至高校所在地学校集体户口。“落户只是一个开始，如何把人留下来更为关键”值得注意的是，去年月郑州市公安局就《郑州市公安局关于进一步深化户籍制度改革的实施意见》公开征求意见，有媒体便解读为“一人租房全家落户”。当时，易居研究院智库中心研究总监严跃进表示，河南是全国城镇化推进工作较好的省份，也是潜力较大的省份，此次其省会郑州放开落户，进一步体现了支持城镇化发展的导向，从政策效应来看，放开落户具有非常好的作用，有助于释放人口红利。“落户只是一个开始，如何把人留下来更为关键。”据新京报去年月报道，河南省当地一位接近政府部门的人士表示，如果想进一步发展，郑州等地将地区经济平稳健康发展与人口战略相结合，要在充分利用人力资源的同时，满足相关人群的收入需求；同时，要重视优化和细化人口公共服务政策，如优质教育资源、医疗服务资源等配套措施要跟上。郑州是河南省省会、特大城市、九个国家中心城市之一，年郑州市完成生产总值亿元。根据年郑州市人口抽样调查结果，截至年年末，郑州市常住人口万人，比年年末增加万人，常住人口占全省常住人口的，比年年末提高个百分点，常住人口总量在全国城市排名第位。郑州市统计局报告介绍，年，郑州市常住人口呈现总量增加、自增率继续走低、人口总抚养比略降、人口老龄化继续加深、婚姻状况保持稳定、城镇化水平继续提高、人口文化素质不断提升等特征。人口城镇化水平与地区的经济发展水平有较强的正相关。报告显示，郑州市城镇化率继续平稳增长，但增速放缓。年年末郑州市常住人口中，居住在城镇地域的人口为万人，占常住人口的，城镇人口比重提高个百分点，分别比全国的和全省的高出个和个百分点。河南将取消限制楼市需求的政策值得注意的是，据河南省政府网站消息，在河南省政府新闻办月日召开的新闻发布会，河南省住房和城乡建设厅党组副书记、副厅长王艺在答记者问中介绍，今年河南将继续因城施策，稳妥实施房地产长效机制，把握好“增、扩、优、化、强、促”六字方针，出台“”政策举措，着力改善市场预期，支持刚性和改善性住房需求，促进居住消费健康发展。增融资落实中央金融条支持政策和河南省金融支持房地产平稳健康发展举措，从信贷、股权、债券融资三方面纵深拓展房地产融资渠道，更好满足居民购房和房企合理融资需求。扩需求进一步激活房地产市场，取消妨碍消费需求释放的限制性政策，优化二套房认定标准、降低二手房交易环节税费成本，落实生育、人才引进政策，更好满足新市民、青年人才住房需求，支持集中团购商品住房，支持郑州都市圈、洛阳、南阳等副中心城市及重要节点城市覆盖范围的居民家庭，在对应中心城市购房时享受中心城市市民待遇。优供给推进住房供给侧结构性改革，建立“人房地钱”四位一体的联动机制，大力实施城市更新行动，打造安全健康、设施完善、管理有序的完整社区，建设高品质绿色智慧小区，顺应消费升级、产业转型的新形势，着力提升改善性住房供给。化风险扎实做好保交楼、保民生、保稳定工作，压实房企主体责任和地方政府属地责任，坚决依法打击违法犯罪行为，持续攻坚推动已售逾期项目加快建设交付。强服务建立房企“白名单”制度，深化“万人助万企”活动助推优质头部房企纾困，优化房屋交易服务，实行房屋交易网签备案掌上办理、不见面办理，全面推行新建商品房“交房即交证”。促转型稳慎推进房地产业改革，推动房地产企业改变“高负债、高杠杆、高周转”模式，完善商品房销售制度，构建多主体供给、多渠道保障、租购并举的住房体系，有序构建房地产健康发展新模式。每日经济新闻综合大河报、新京报、河南日报、中新经纬,-1.0,2023-01-05 12:33:00
提信心促经济激活市场、取消限制性政策、优化二套房认定标准河南“”政策举措实施房地产长效机制网页链接月日，河南省政府新闻办召开新闻发布会，重点介绍河南省大力提振市场信心、促进经济稳定向好有关工作，并回答记者提问。全力拼经济发布会上，河南省住房和城乡建设厅党组副书记、副厅长王艺在答记者问中介绍，今年是全面贯彻落实党的二十大精神的开局之年，也是实施十四五规划承上启下的关键之年，河南将继续因城施策，稳妥实施房地产长效机制，把握好“增、扩、优、化、强、促”六字方针，出台“”政策举措，着力改善市场预期，支持刚性和改善性住房需求，促进居住消费健康发展。增融资落实中央金融条支持政策和河南省金融支持房地产平稳健康发展举措，从信贷、股权、债券融资三方面纵深拓展房地产融资渠道，更好满足居民购房和房企合理融资需求。扩需求进一步激活房地产市场，取消妨碍消费需求释放的限制性政策，优化二套房认定标准、降低二手房交易环节税费成本，落实生育、人才引进政策，更好满足新市民、青年人才住房需求，支持集中团购商品住房，支持郑州都市圈、洛阳、南阳等副中心城市及重要节点城市覆盖范围的居民家庭，在对应中心城市购房时享受中心城市市民待遇。优供给推进住房供给侧结构性改革，建立“人房地钱”四位一体的联动机制，大力实施城市更新行动，打造安全健康、设施完善、管理有序的完整社区，建设高品质绿色智慧小区，顺应消费升级、产业转型的新形势，着力提升改善性住房供给。化风险扎实做好保交楼、保民生、保稳定工作，压实房企主体责任和地方政府属地责任，坚决依法打击违法犯罪行为，持续攻坚推动已售逾期项目加快建设交付。强服务建立房企“白名单”制度，深化“万人助万企”活动助推优质头部房企纾困，优化房屋交易服务，实行房屋交易网签备案掌上办理、不见面办理，全面推行新建商品房“交房即交证”。促转型稳慎推进房地产业改革，推动房地产企业改变“高负债、高杠杆、高周转”模式，完善商品房销售制度，构建多主体供给、多渠道保障、租购并举的住房体系，有序构建房地产健康发展新模式。,-0.719794700017399,2023-01-05 11:03:19
河南取消和调整楼市限制性政策据河南省政府网站消息，月日，河南省政府新闻办召开新闻发布会，重点介绍河南省大力提振市场信心、促进经济稳定向好有关工作，并回答记者提问。其中提出，稳住房地产投资。核心就是全面落实金融支持房地产条政策措施，全力保交楼、稳预期、拓供给，着力促进房地产市场平稳健康发展。加大对居民购房和房企合理融资支持力度，从信贷、股权、债券融资三方面纵深拓展房地产融资渠道。取消和调整过热时期妨碍消费需求释放的限制性政策，完善二套房认定标准，支持集中团购商品住房，鼓励各地结合保障性租赁住房、人才住房房源征集加快存量商品房去化。强化“保交楼”项目配套融资支持，持续攻坚推动已售逾期项目加快建设交付。（中新财经）,0.7889713157957284,2023-01-05 14:02:17
河南：取消和调整房地产过热时期妨碍消费释放的限制性政策河南省委常委、常务副省长孙守刚今日在新闻发布会上表示，要稳住房地产投资。其中核心就是全面落实金融支持房地产条政策措施，全力保交楼、稳预期、拓供给，着力促进房地产市场平稳健康发展。要加大对居民购房和房企合理融资支持力度，从信贷、股权、债券融资三方面纵深拓展房地产融资渠道。“取消和调整过热时期妨碍消费需求释放的限制性政策，完善二套房认定标准，支持集中团购商品住房，鼓励各地结合保障性租赁住房、人才住房房源征集，加快存量商品房去化。”孙守刚说，要强化“保交楼”项目配套融资支持，持续攻坚推动已售逾期项目加快建设交付。,0.0309992259418297,------
提信心促经济“开局即冲刺”提振河南大领域条政策措施释放海量积极信号网页链接在年工作日第一天，河南召开重要发布会释放一系列稳经济、促发展积极信号全力拼经济月日，河南省政府新闻办召开新闻发布会，重点介绍河南省大力提振市场信心、促进经济稳定向好有关工作，并回答记者提问。发布会上介绍，河南制定了《大力提振市场信心促进经济稳定向好政策措施》，在消费、投资、产业、市场主体、外资外贸、民生等大领域研究谋划了条政策措施，在统筹优化疫情防控举措、千方百计“保健康”的同时，奋力拼经济、促就业、保民生，改善社会心理预期、提振发展信心，推动经济运行整体好转，保持快速恢复的强劲势头。在年这个贯彻党的二十大精神的开局之年，努力创造出“保健康、稳增长、稳就业、稳物价、防风险”的新业绩。全力以赴保健康新冠疫情发生以来，河南省委省政府始终坚持人民至上、生命至上，不断优化防控措施，提升防控能力，牢牢把握了抗击疫情斗争的主动权。河南将全面、准确、坚决贯彻关于优化疫情防控的部署要求，切实把工作重心放在保健康、防重症、强救治、优服务上，紧盯重点地区、重点场所、重点人群，全力抓好医疗体系、救治力量、药品供应等关键环节，特别是扎实做好农村地区疫情防控工作，坚决守护好人民群众生命安全和身体健康，最大限度减少疫情对经济社会发展的影响。集中力量促消费总需求不足是当前经济运行面临的突出矛盾，消费不振是这一矛盾的主要方面。河南将坚持把恢复和扩大消费摆在优先位置，积极推动广大群众能消费、想消费、愿消费，把巨大的消费潜力充分释放出来。能消费方面，最大限度发挥财政资金的杠杆作用，精准加大消费补贴力度，让老百姓得到“真金白银”的实惠。比如，将延续省级汽车、家用电器促消费支持政策到今年月底，对在省内新购汽车按购车价格的给予消费者补贴，对各地家用电器消费补贴按不超过给予奖补，鼓励各地通过发放购房券、购房补贴、契税补贴等方式，支持人才购房落户和城乡居民合理住房消费需求。元旦前夕，郑州市就率先出台了支持房地产市场平稳健康发展的条政策，月日还将发放万元汽车消费券。想消费方面，河南将开展“河南人游河南”系列文旅消费惠民活动，鼓励级景区、星级旅游饭店举行联游套票、门票打折等优惠活动，鼓励各级机关事业单位、大中型企业工会统筹工会经费，发放以小微企业和个体工商户为主要核销对象的消费券，以更多优质消费供给、消费体验，激发广大居民长期被疫情抑制的消费热情。元旦期间各地街头巷尾的烟火气正在加速回归。愿消费方面，河南将重点实施都市精品商业街区提升和县域商业体系建设行动，通过数字赋能、商旅文体融合打造一批特色消费新场景，完善省辖市城区和普通干线公路服务区充电设施网络，全力打造高效便捷舒心的消费服务环境。持续聚力抓投资去年以来，投资拉动是河南省稳经济的最大亮点。河南将继续用足用好重要项目集中攻坚行动这一行之有效的工作机制，以实施重大项目“双百工程”为牵引，建立健全重大项目谋划储备机制，建设重要项目挂图作战系统，更好发挥投资的关键作用。目前，河南已遴选省重点项目个左右，年度投资万亿元。一是加力制造业投资。滚动开展“三个一批”项目建设活动，谋划推进个投资亿元以上的重点产业链延链补链强链项目，加大新技改工程支持力度，推动制造业投资持续保持强劲势头。二是提速基础设施投资。加强政策性开发性金融工具、制造业中长期贷款、设备购置与更新改造贴息等领域项目储备，同步建立重大项目资金保障协调机制，统筹用好政府专项债券、政策性开发性金融工具等各类政策资金，集中支持具备条件的重大项目快建设、早投产。三是稳住房地产投资。核心就是全面落实金融支持房地产条政策措施，全力保交楼、稳预期、拓供给，着力促进房地产市场平稳健康发展。加大对居民购房和房企合理融资支持力度，从信贷、股权、债券融资三方面纵深拓展房地产融资渠道。取消和调整过热时期妨碍消费需求释放的限制性政策，完善二套房认定标准，支持集中团购商品住房，鼓励各地结合保障性租赁住房、人才住房房源征集加快存量商品房去化。强化“保交楼”项目配套融资支持，持续攻坚推动已售逾期项目加快建设交付。多措并举强主体去年，河南省市场主体突破了万户、跃居全国第位，其中小微企业和个体工商户就占到近。河南将坚持“两个毫不动摇”，持续深化优化营商环境改革，不断完善助企服务网络，坚定不移地鼓励支持民营经济和民营企业发展壮大。一是持续深化“万人助万企”活动。健全“个转企、小升规、规改股、股上市”机制，建立规模以上工业企业培育库，力争年新培育“头雁”企业家、省级专精特新中小企业家、国家级专精特新“小巨人”企业家，新增规模以上工业企业家。二是加大财政支持力度。落实促进中小企业发展的政府采购政策，今年将预留面向中小企业采购的份额由以上阶段性提高至以上；到年底前对河南省增值税小规模纳税人、小型微利企业和个体工商户，按的税额幅度减征资源税、城市维护建设税、房产税、城镇土地使用税、印花税、耕地占用税等。三是强化金融支撑保障。落实普惠小微贷款支持工具，按符合条件的地方法人银行普惠小微贷款余额增量的提供资金支持；对今年月底前到期的小微企业贷款，鼓励金融机构按照市场化、法治化原则实行延期还本付息，延期贷款正常计息，免收罚息，还本付息日期原则上最长可延至今年月底。双向联动拓开放河南将深入实施制度型开放战略，更大力度推动外贸稳规模、优结构，更大力度促进外资稳存量、扩增量。外贸方面，大力发展口岸经济，深化郑州卢森堡“双枢纽”合作，实施中欧班列省内货源发掘和“班列园区”行动，加快建设中欧班列（郑州）集结中心和郑州陆港型国家物流枢纽，整合重组省内港口资源，加快推进综保区、运输类海关监管作业场所申建。同时，对中小微企业出口信用保险费和开展境外商标注册、境外专利申请等费用予以补贴，加大对省级跨境电商示范园区、省级海外仓示范企业、省级外贸综合服务企业的奖补力度。目前，航空港区富士康产能已经恢复到旺季峰值状态，与去年同期基本持平。外资方面，充分发挥四个外资专班（港资、台资、日韩、世界强）作用，全力推进各种方式的招商引资活动，鼓励企业走出去拓市场、拿订单、引技术、找伙伴。推动郑州卢森堡“空中丝绸之路”国际合作论坛机制化、平台化发展，联动办好全球跨境电子商务大会、中国（郑州）产业转移系列对接活动等重大招商活动，启动实施对欧合作专项行动，组织赴日韩、香港开展系列经贸活动，加大对存量外资企业使用境内利润增资或新设企业的奖补力度，形成“引进一个、带动一批、辐射一片”的集聚效应。精准施策惠民生坚持尽力而为、量力而行，围绕全生命周期加强基础性、普惠性、兜底性民生建设，持续提升人民群众的幸福感、安全感。一是全力稳住就业基本盘。坚持把促就业作为优先目标，持续深化“人人持证、技能河南”建设，继续实施应届高校毕业生就业目标引领计划，推动“豫见省外”劳务输出活动扩面升级，对个人创业担保贷款实行财政全额贴息，促进更多劳动力通过微商电商、网络直播、网约车、外卖跑腿等灵活渠道就业，力争全年城镇新增就业万人。二是全面提升医疗救治能力。尽快扩充发热门诊资源，充分发挥三级医院医疗救治核心骨干和兜底作用，建立医疗力量常态储备和动态调派有机结合的工作机制，配足配齐医疗力量、药品和必要救治设备。加大重点药品生产企业原料保供力度，鼓励支持重点企业开足马力生产，强化价格和质量监管，全力保障群众用药需求。强化医疗卫生资源调配、力量下沉，全面加强县医院、乡镇卫生院、村卫生室的接诊和服务能力建设，全年培训基层卫生技术人员万名。加快国家和省级区域医疗中心建设，积极创建国家中医医学中心。三是增强其他公共服务均衡性和可及性。实施基本公共服务便民化工程，深化义务教育集团化办学、普惠性幼儿园建设，力争全年新开工乡镇寄宿制小学所以上，三年内基本解决农村薄弱学校和教学点问题。强化“一老一小”普惠性服务保障，开展托育服务能力提升倍增行动，统筹推进区域性养老机构、社区日间照料中心、农村幸福院等建设，全年完成符合条件的特殊困难老年人家庭适老化改造万户。四是健全社会保障体系。深入实施全民参保计划攻坚行动，接续开展“关爱你我他（她）温暖千万家”行动，加强低收入人口动态监测和救助帮扶，动态实施社会救助和保障标准与物价上涨挂钩联动机制，对低保对象、低保边缘人口、防止返贫监测对象（含脱贫不稳定户、边缘易致贫户、突发严重困难户）等困难群众参加年城乡居民基本医疗保险的，按元人的标准给予一次性全额资助，近期，将向全省城乡低保对象、特困人员发放“爱心消费券”。豫新发布,0.3103117713995449,2023-01-04 10:27:13
提信心促经济河南：取消和调整房地产过热时期妨碍消费释放的限制性政策网页链接月日，河南省政府新闻办召开河南省“大力提振市场信心促进经济稳定向好”新闻发布会。河南省委常委、常务副省长孙守刚作为主发布人，介绍解读河南省大力提振市场信心，促进经济稳定向好政策措施的展开,-0.0218395361693651,2023-01-05 05:42:20
河南取消和调整房地产过热时限制性政策河南：取消和调整房地产过热时期妨碍消费释放的限制性政策河南取消妨碍房地产消费的限制性政策月日，河南省委常委、常务副省长孙守刚今日在新闻发布会上表示，要稳住房地产投资。其中核心就是全面落实金融支持房地产条政策措施，全力保交楼、稳预期、拓供给，着力促进房地产市场平稳健康发展。要加大对居民购房和房企合理融资支持力度，从信贷、股权、债券融资三方面纵深拓展房地产融资渠道。“取消和调整过热时期妨碍消费需求释放的限制性政策，完善二套房认定标准，支持集中团购商品住房，鼓励各地结合保障性租赁住房、人才住房房源征集，加快存量商品房去化。”孙守刚说，要强化“保交楼”项目配套融资支持，持续攻坚推动已售逾期项目加快建设交付。（河南省政府网）,0.03559897489109,------
河南：取消和调整房地产过热时期妨碍消费释放的限制性政策财联社月日电，河南省委常委、常务副省长孙守刚今日在新闻发布会上表示，要稳住房地产投资。其中核心就是全面落实金融支持房地产条政策措施，全力保交楼、稳预期、拓供给，着力促进房地产市场平稳健康发展。要加大对居民购房和房企合理融资支持力度，从信贷、股权、债券融资三方面纵深拓展房地产融资渠道。“取消和调整过热时期妨碍消费需求释放的限制性政策，完善二套房认定标准，支持集中团购商品住房，鼓励各地结合保障性租赁住房、人才住房房源征集，加快存量商品房去化。”孙守刚说，要强化“保交楼”项目配套融资支持，持续攻坚推动已售逾期项目加快建设交付。,-0.6412422791560681,2023-01-04 09:33:17
全面放开限购樊纲、刘世锦等达成共识，启动楼市要靠超常规举措新京报近期，中央高层领导和中央财办相关负责人均重申房地产业是国民经济支柱产业，房地产的重要性被再次提升，如何理解房地产业是国民经济支柱产业？房地产过热时期推出的限购限贷政策是否到了退出历史舞台的时刻？长短期内房地产业的发展趋势如何？日前，在孟晓苏牵头的“北京房地产健康发展研讨会”上，仇保兴、刘世锦、樊纲、贾康、马光远等多位知名经济学家、学者发表了观点，为房地产业的健康发展建言献策。与会专家一致认为，房地产政策框架应及时调整，限购和现在的过时的部分政策应及时取消，要注意房地产政策的连贯性、时效性。实践反复证明房地产业是国民经济支柱产业中央经济工作会议上提出了一系列保证房地产市场平稳发展的要求，房地产的重要性被再次提升，值得注意的是，房地产业是国民经济的支柱产业的重申引起了业内的关注，有业内人士都表示，时隔多年房地产再成支柱产业；也有声音质疑该提法与“不将房地产作为短期刺激经济的手段”的表述是否有所矛盾。“房地产作为国民经济支柱产业的定位没有什么可争议的，人的一生中单项最大的消费就是房子。”中国经济体制改革研究会副会长，中国（深圳）综合开发研究院院长樊纲表示。财政部财政科学研究院博导，研究员贾康也表示，实践反复证明中国的房地产业就是国民经济的支柱产业。“我们的工业化、城镇化现在只是走到了中途，后面还有相当可观的发展空间。”“当前城镇化的真实水平，不能看常住人口城镇化率将近，要看户籍人口城镇化率只有，要完成真实城镇化水平左右，中国有个点以上的空间。”贾康认为，“一年上一个点我们还得走年以上，在这个过程中，房地产业不是支柱产业是不可想象的。”精瑞人居发展基金会主席，全联房地产商会创会会长聂梅生强调，房地产政策的连贯性和时效性很重要，要明确房地产政策中哪些是方向性的不能动摇的，哪些是可以调整具有时效性的。改变调控思维，限购限贷到了退出历史舞台的时刻？近期，中央财办有关负责人表示，在住房消费等领域还存在一些妨碍消费需求释放的限制性政策，这些消费潜力要予以释放。多位业内人士将“妨碍消费需求释放的限制性政策”指向了限购、限贷、限售等政策。据了解，年内全国各大城市关于楼市放松的政策持续不断，东莞、佛山已取消限购，南京、成都、西安等新一线城市也优化了楼市限购。独立经济学家马光远强调，我们应尽快改变调控思维，对于限购政策不要留尾巴，中国所有的城市限购完全可以放弃，同时，不仅仅是限购，所有的“限”都应该取消。“限购政策本来是临时办法，是在房地产过热的时候出来的，也就是在夏天你开了空调，如今已经天寒地冻你为什么还开空调（冷风）？”汇力基金董事长，原中房集团董事长孟晓苏指出，中财办要求释放住房消费领域的限制性措施，各地应尽快调整过时的政策，从整体上全面取消限购。孟晓苏认为，下半年以来，监管机构和各个金融机构出台很多政策来促进房地产业的发展，但这些都是非核心政策，直接启动房地产市场核心政策是取消限购限贷。在他看来，启动全国房地产市场要从一线城市开始。“已有的经验告诉我们，全国的房地产形势要靠北京、上海、广东、深圳，特别是北上深这三个城市的拉动。北京应该紧跟中央，发挥首善之区的优势地位。”樊纲以房地产的迁移性需求为主题表达了自己的观点，他认为，中国房地产业发展还有巨大潜力，主要来自于人口迁移。建议在城市群周边的中小城市取消对外地人的限购，逐步释放迁移性需求。最终通过大城市的复苏，通过企业内部资金链的传导，化解部分小城镇的债务问题和烂尾楼问题。“现在回顾来看，房地产到了目前这个阶段实际上要软着陆。”全国政协经济委员会副主任、中国发展研究基金会副理事长刘世锦强调，最近我们在纠偏，房地产十六条等相关政策出台，希望后续情况有所好转。刘世锦也强调，中国房地产市场还有相当大的扩展空间，关键在于都市圈的发力。业内：稳房地产一定要出台超常规的措施谈及明年的房地产形势时，马光远表示，考虑到目前市场的基本面已和过去有很大不同，所以对于明年整个房地产市场的表现不要太乐观。“明年目标是先稳下来，稳下来的关键是政策一定要猛，现在政策的力度不够，对市场信心的提振不够。”中国房地产业协会副会长王惠敏也指出，稳经济必须先稳房地产，而稳房地产一定要出台超常规的措施，不能简单地依靠市场制度初心解决问题。“我们绝不能寄希望通过现有的政策来促使房地产回到过去的模样。”对此，王惠敏建议把重点转移到刺激改善性购房需求。北京市住宅房地产商会会长黎乃超认为，优化房地产政策的根本是纠行业的偏见，所以第一件事要把妖魔化、灰犀牛的说法去掉。“中国房地产行业不缺资金，不缺信心，只要政策能够到位，借着党的二十大，借着中央经济工作会议的春风，地产的第二个、第三个春天一定会到来。”中央财经大学法学院教授宋志红认为，未来如果房地产业要平稳健康发展，要提振市场信息，尤其稳预期的话，首先要从房地产调控政策的法治化做起，法治才是深化市场机制改革的前提。在她看来，在新的形势下，当务之急是对过去已有的现在还在生效的调控政策进行全面的评估清理，对于其中科学合理且在新形势下确实需要继续保留的政策手段，应当把它纳入法治的轨道。对于那些已经不适应新形势的政策应该果断进行废止。“现在已经到了房地产非常脆弱的时候，我们要挽救房地产势必要大调整。”中国城市科学研究会理事长，住建部原副部长仇保兴认为，当前房地产业发展的关键是增强韧性。仇保兴表示，各级政府要尽快复工复产，扭转经济预期，这是稳定房地产市场预期的基础性工作；而保交楼仍是重中之重，是修复市场秩序的当务之急。他还建议扩大刚需和改善型住房需求，多渠道扩大住房消费需求，协调好住房信贷优惠、房地产解困基金和老旧小区改造补贴等政策工具，稳住重点城市房地产市场，形成风向标。,0.7742606700689328,2023-01-04 09:21:53
七年之痒，“房住不炒”开窗了吗？年，国家首提房住不炒，随后几年，表述都是“支持合理自住需求，遏制投资投机性需求”。年，中国十四五发展规划中，在房地产方面，同样是这个表述。不过，到了最困难的年，说法开始有变化。年月，高层开会研究经济形势，强调，支持各地从当地实际出发完善房地产政策、支持刚性和改善性住房需求。“合理自住需求”直接明确为“刚性和改善性住房需求”，这又向前迈了一大步。随后，年月，中国人民银行报告中，重点强调了这一表述：支持刚性和改善性住房需求。此后，各地围绕这个新的指导精神，纷纷开启政策小马达，大做文章：二孩、养老投靠可以再买一套，二套房首付利率降低，这是基操。取消限售、本地户籍可以再买一套等也不奇怪了。今年月，住建部长更是简单直接喊话：对于购买第一套住房的要大力支持。首付比、首套利率该降的都要降下来。对于购买第二套住房的，要合理支持。以旧换新、以小换大、生育多子女家庭都要给予政策支持。对于购买三套以上住房的，原则上不支持，就是不给投机炒房者重新入市留有空间。不积跬步无以至千里，政策不放无以至回暖。从到，七年之痒，动态优化。于是，年的这个春天，楼市触底反弹，成交大涨，就不奇怪了。武汉楼市回暖信号被技术性放大武汉楼市小阳春,0.0171217847090828,2023-03-03 11:55:47
从省到市，房地产入列高质量发展大会头号工程，释放了什么信号？房地产房价对于购买第一套住房的要大力支持（：房地内参的微博视频）,0.0032973102070647,------
首付比首套利率该降的都要降下来张捷财经房地产首付与金融福利张捷财经房地产对于购买第一套住房的要大力支持住建部部长谈买房租房张捷观察谁是谁非任评说的微博视频,1.0,2023-02-07 15:22:00
至少城可放宽“首套房贷利率下限”至以下郑州部分楼盘开始执行首付政策近日，人民银行、银保监会发布通知，决定建立首套住房贷款利率政策动态调整机制。符合条件的城市，可阶段性维持、下调或取消当地首套住房贷款利率政策下限。随后，住建部表示，对于购买第一套住房的要大力支持，首展开,0.0001442425158964,------
月日晚，央行和银保监会发布《关于建立新发放首套住房个人住房贷款利率政策动态调整长效机制的通知》，对首套住房贷款利率进行了下调。该政策在阶段性调整差别化住房信贷政策的基础上，建立新发放首套住房商业性个人住房贷款利率政策动态调整长效机制。对于评估期内新建商品住宅销售价格环比和同比连续个月均下降的城市，地方政府可自主决定自下一个季度起，阶段性维持、下调或取消当地首套住房商业性个人住房贷款利率下限。此次首套房贷利率政策适用城市范围有所扩大，且在原阶段性政策常态化延续的基础上增补了细节，设立了相对宽松的退出机制，意味着需求侧托底政策再加码。同日，住建部部长倪虹接受央视采访表示：“对于购买第一套住房的要大力支持。首付比、首套利率该降的都要降下来。对于购买第二套住房的，要合理支持。以旧换新、以小换大、生育多子女家庭都要给予政策支持。对于购买三套以上住房的，原则上不支持，就是不给投机炒房者重新入市留有空间。”住建部部长的发言仍强调了通过降利率来刺激房地产市场，进一步强化了房地产需求端政策放松预期，也意味着需求端的政策空间仍存。二级市场来看，前期受政策等诸多因素的压制，地产销售长期处于负增长，作为旧动能的代表，房地产的下行已成为了我国经济的一大拖累，板块个股的估值也已处于历低位。,0.025006129776285,2023-01-17 13:02:29
从政策面来看。最近大家应该看到，大会小会一直在提“扩内需”。内需，其实一直围绕着大件来开展，典型的房子、汽车这些大宗消费。房子，其实和资金面的信用扩张是密切相关的。用政策的宽松，刺激房子的购房需求，才会实现信用扩张。就在过去的这一周，上面的领导发话了，年要因城施策，精准施策，提振市场信心。对于购买第一套住房的大力支持，首付比，首套利率该降的都要降下来。购买二套的要合理支持。购买三套以上的，原则上不支持。这段话，其实非常明显，就是对刚需要支持。特别是第一套房子的，接下来一些城市是有可能要降低首付比例的，以前是三成首付，接下来是两成，这其实也算是一波大招，所以接下来要看到各个城市出关于楼市的重磅政策。当然，三四线城市即使降低首付比，可能刺激的经济总量也有限。我个人倾向于，一二线这重点多个城市，还会有进一步购房宽松的政策在年陆续出台，地产政策肯定还会有大招要出来。全国多个城市，但这多个城市购房的销售额占到成，才是真正实现信用扩张的重点区域。只是，大家都清楚，因为房子这个药不能再嗑得过猛，在政策上只会慢慢去释放，而不是猛然就给你来个过量的药。对应的楼市从去年开始看未来两三年，应该是一个逐步慢的复苏，对应到经济上，其实也是一个弱的经济复苏。,0.0163223590895572,2023-01-17 12:35:05
楼市杂谈住建部部长谈买房租房住房和城乡建设部部长倪虹接受总台记者专访时表示：“对于购买第一套住房的，大力支持，首付比、首套利率该降的都要降下来；对于购买第二套住房的，要合理支持，以旧换新、以小换大等都要给予政策支持。同时，增加保障性租赁住房供给和长租房市场建设，让新市民展开,0.0065947567760657,2023-01-17 13:56:49
住建部部长谈买房租房住房和城乡建设部部长倪虹接受总台记者专访时表示：“对于购买第一套住房的，大力支持，首付比、首套利率该降的都要降下来；对于购买第二套住房的，要合理支持，以旧换新、以小换大等都要给予政策支持。同时，增加保障性租赁住房供给和长租房市场建设，让新市民、青年人能展开,-0.0023118770708713,2023-01-17 13:02:07
央妈连夜发话，药还要继续加量，建立首套住房贷款利率政策动态调整机制，直白说就是首套房利率继续下调。随后住建部紧接着跟上，特意强调对第一套住房要大力支持首付比，首套房利率该降就降。两大最顶级部门的出手，只有一句话，楼市起不来，大家不买房，那利率就接着降，降到让你心动的水平，直到买房的人肯掏钱出来为止，可以说这就是高层给年的楼市定的调，这剂药没有停也不敢停，至于存量房贷业主不甘忍受高位站岗提前还贷潮如何应对，是考虑存量打折还是一直按兵不动，央妈还在静观其变只字未提。社会房地产对于购买第一套住房的要大力支持,-0.0058427139231359,2023-01-17 12:29:43
住建部部长谈买房租房年房地产市场走向如何年房地产市场走向如何？住房和城乡建设部部长倪虹在接受总台央视记者的专访时，对这些备受关注的问题进行了解答。对于购买第一套住房的要大力支持购买三套以上住房原则上不支持首付比、首套利率该降的都要降下来。对于购展开,1.1764497299566904e-05,2023-01-17 13:43:41
住建部部长对于购买第一套住房的要大力支持。首付比、首套利率该降的都要降下来。对于购买第二套住房的，要合理支持。以旧换新、以小换大、生育多子女家庭都要给予政策支持。抓住机会，别让自己后悔,-0.0020838164610612,2023-01-17 13:24:42
对于购买第一套住房的，要大力支持；对于购买第二套住房的，要合理支持；对于购买三套以上住房的，原则上不支持。那么问题来了，如何按照首套房资格去买房。购买三套以上住房原则上不支持对于购买第一套住房的要大力支持年房地产市场走向如何,0.030177941031497,2023-01-17 14:00:32
对于购买第一套住房的要大力支持改稻为桑，上利国家下利你们，为什么就是困难重重,-0.014769467860862,2023-01-17 14:57:23
购买三套以上住房原则上不支持荥阳蹲荥阳蹲，荥阳蹲完中牟蹲？第一枪很重要，后继者谁？会不会全域推行？全面解除对楼市的限制性政策，只是第一步，降低存量房利率、复活烂尾楼、解决就业、盘活百姓消费、实质购房补贴，才是一揽子计划。对于购买第一套住房的要大力支持郭春江郭春江超话展开,0.0164924786388831,2023-01-17 12:26:27
对于购买第一套住房的要大力支持年：推动去库存，拯救房地产。年：棚改货币化。年：推动限购令，房住不炒。年：推动廉租房。年：继续遏制炒房。年：土地财政突破万亿。年：推动房产税遭强烈反对。年：大规模烂尾。年：重振房地产。,0.0061174981842945,2023-01-17 13:52:09
购买三套以上住房原则上不支持对于购买第一套住房的要大力支持。首付比、首套利率该降的都要降下来。对于购买第二套住房的，要合理支持。以旧换新、以小换大、生育多子女家庭都要给予政策支持。对于购买三套以上住房的，原则上不支持，就是不给投机炒房者重新入市留有空间。,0.3467553335631521,2023-01-17 13:07:15
杭州楼市杭州买房杭州楼市超话杭州房产住建部部长：对于购买第一套住房的要大力支持，首付比、首套利率该降的都要降下来,-0.0030516072373957,2023-01-17 13:06:40
购买三套以上住房原则上不支持住建部：对于购买第一套住房的要大力支持首付比首套利率该降的都要降下来住房和城乡建设部部长倪虹表示：对于购买第一套住房的要大力支持。首付比、首套利率该降的都要降下来。对于购买第二套住房的，要合理支持。以旧换新、以小换大、生育多子女家庭都要给予政策支持。对于购买三套以上住房的，原则上不支持，就是不给投机炒房者重新入市留有空间。央视新闻）央视新闻的微博视频,-0.107747000378012,2023-01-17 15:16:54
购买三套以上住房原则上不支持住建部：对于购买第一套住房的要大力支持首付比首套利率该降的都要降下来住房和城乡建设部部长倪虹表示：对于购买第一套住房的要大力支持。首付比、首套利率该降的都要降下来。对于购买第二套住房的，要合理支持。以旧换新、以小换大、生育多子女家庭都要给予政展开,0.3010896741437271,2023-01-17 14:55:05
住建部对于购买第一套住房的要大力支持首付比、首套利率该降的都要降下来购买三套以上住房原则上不支持,0.0017937324256317,2023-01-17 12:59:52
因城施策精准施策住建部部长谈买房租房住房和城乡建设部部长倪虹接受总台记者专访时表示：“对于购买第一套住房的，大力支持，首付比、首套利率该降的都要降下来；对于购买第二套住房的，要合理支持，以旧换新、以小换大等都要给予政策支持。同时，增加保障性租赁住房供给和长租房市场建展开,0.0128353545286633,2023-01-17 12:53:34
住建部部长：大力支持购买首套房原则上不支持购买三套以上房月日，据央视新闻，住建部部长倪虹接受专访时表示：对购买第一套住房的要大力支持，首付比、首套利率该降的都要降下来；对于购买三套以上住房的，原则上不支持，就是不给投机炒房者重新入市留有空间。增加保障性租赁住房的供给和长租展开,0.0038249253589565,2023-01-17 13:58:03
购买三套以上住房原则上不支持昨天还说了对于年轻人购买第一套住房要大力支持，但我对今年楼市的预期不太乐观。、楼市已经二级分化了，少数一二线城市看多，其他大部分价格都下行，买房都是追涨心理，今年的大环境下不一定能逆转。、本来生育率就明显下滑，口罩原因，今年估计更多人不敢结婚生展开,0.0431194299776267,2023-01-17 13:10:36
购买三套以上住房原则上不支持，这是不给炒房客机会。住建部：对于购买第一套住房的，要大力支持，首付比，首套利率都要降下来对资本也好，对房地产来说，向来不是靠拉动刚需能活跃起来的，百姓表示：我也想买房，可是既缺首付，又缺月供啊既想要男欢女爱，又想立贞洁牌坊。呵呵哒不矛盾吗？楼市房地产,-0.0039462357049012,2023-01-17 12:23:40
住建部：对于购买第一套住房的要大力支持，首付比、首套利率该降的都要降下来对于购买第一套住房的要大力支持。首付比、首套利率该降的都要降下来。对于购买第二套住房的，要合理支持。以旧换新、以小换大、生育多子女家庭都要给予政策支持。对于购买三套以上住房的，原则上不支持，就是不给投机炒展开,-0.0294908018312883,2023-01-17 21:47:18
购买三套以上住房原则上不支持住建部：对于购买第一套住房的要大力支持首付比首套利率该降的都要降下来住房和城乡建设部部长倪虹表示，我们住房城乡建设工作千头万绪，又和人民群众利益相关，我们要实现质的有效提升和量的合理增长，必须要在精准上下功夫。首先问题要找得准，目标要瞄得准，展开,0.0368909406376511,2023-01-17 13:54:41
对于购买第一套住房的要大力支持花三十年的工资还房贷还想让人生娃养娃还想老人生病有钱去治疗既要又要做梦呢,-0.0130093550266155,2023-01-17 12:43:56
住建部部长谈买房租房住房和城乡建设部部长倪虹接受总台记者专访时表示：“对于购买第一套住房的，大力支持，首付比、首套利率该降的都要降下来；对于购买第二套住房的，要合理支持，以旧换新、以小换大等都要给予政策支持。同时，增加保障性租赁住房供给和长租房市场建设，让新市民、青年人展开,0.0063148248335788,2023-01-19 22:55:47
港股内房股高开龙光集团涨超月日，港股内房股高开。龙光集团、大发地产涨超，中骏集团涨超，宝龙地产、旭辉控股集团涨超，时代中国控股、合生创展集团、弘阳地产等跟涨。消息面上，住房和城乡建设部部长倪虹在接受新华社记者采访时表示，对于购买第一套住房的要大力支持，首付比、首套利率该降的都要降下来。对于购买第二套住房的，要合理支持。以旧换新、以小换大、生育多子女家庭都要给予政策支持。人民银行、银保监会也发布通知，决定建立首套住房贷款利率政策动态调整机制。新建商品住宅销售价格环比和同比连续个月均下降的城市，可阶段性维持、下调或取消当地首套住房贷款利率政策下限。,-0.0069457302964271,2023-01-17 15:02:45
住建部部长谈买房租房住建部：对于购买第一套住房的要大力支持首付比首套利率该降的都要降下来住房和城乡建设部部长倪虹表示，我们住房城乡建设工作千头万绪，又和人民群众利益相关，我们要实现质的有效提升和量的合理增长，必须要在精准上下功夫。首先问题要找得准，目标要瞄得准，政策展开,0.0100142787383248,2023-02-18 09:48:08
杭州调整住房限购范围据“杭州住保房管”公众号消息，今天，杭州市房地产市场平稳健康发展领导小组办公室发布《关于优化调整房地产市场调控措施的通知》。《通知》明确优化住房限购政策，将本市住房限购范围调整为上城区、拱墅区、西湖区、滨江区。本市户籍家庭在本市限购范围内限购套住房；非展开,-0.0282636926232856,2023-10-16 09:54:45
杭州市最新楼市文件，几乎全面放开限购了。新政策后，就只有四个区进行限购了。但是所谓的限购是：在限购区内，本市户口可以最多购买两套，外地户口只要有过社保和纳税记录就可以购买一套。所以几乎全部放开了，目前的限购政策已经没有任何威力了。我早几天就在说杭州亚运会后是一定会放开的，果不其然。杭州调整住房限购范围杭州优化调整房地产市场调控措施,0.4777871290242472,2023-10-16 09:58:17
房地产杭州松绑限购。作为去杭州买卖过的外地人，说几句：除上城西湖拱墅滨江之外全部打开限购。但实际上，杭州楼市最有价值的，是这四区的限价新盘；其余完全放开限购。其中唯二有价值的，奥体未来科技城。用意很明显，这两个明星板块吸引外地人。和西安的奥体高新一样，提升楼市热度，推动市场；摇号弃选弃购，不再限制购房登记。直到你满意的买到房为止。杭州今年小阳春短暂虚火，二手又继续阴跌。急需外地新鲜血液；杭州不限购的片区，结合多的规划供应量，大部分短期都没有投资价值。杭州优化调整房地产市场调控措施,0.4854744768597829,2023-10-16 09:56:52
杭州优化调整房地产市场调控措施杭州楼市出政策了但核心是保卖地，不是保二手房价呀。我预测杭州绝大多数二手向下的趋势不变。真正利于杭州杭州政策的只有三个：不限购，放开准入，低首付比例。（但是这个影响程度非常小，现在限购也部分区域放开了，低首付也来了）。核心是减少土地供应。展开,0.1343075236045735,2023-10-16 09:55:59
杭州限购范围调整为上城区、拱墅区、西湖区、滨江区为认真贯彻落实党中央、国务院决策部署，坚持房子是用来住的、不是用来炒的定位，适应房地产市场供求关系发生重大变化的新形势，持续加大保障性住房建设和供给力度，更好满足刚性和改善性住房需求，促进房地产市场平稳健康发展，今天，杭州市房地产市场平稳健康发展领导小组办公室发布《关于优化调整房地产市场调控措施的通知》（以下简称《通知》），从加大保障性住房建设和供给、优化住房限购政策、加强住房信贷支持力度、优化住宅用地供应、强化预售资金监管、规范房地产市场秩序等方面进一步完善房地产市场调控。《通知》明确加大保障性住房建设和供给，提高保障性住房在住房总供给中的比例，加快解决工薪收入群体住房困难，推动建立房地产业转型发展新模式。《通知》明确优化住房限购政策，将本市住房限购范围调整为上城区、拱墅区、西湖区、滨江区。本市户籍家庭在本市限购范围内限购套住房；非本市户籍家庭在本市市区范围内有缴纳城镇社保或个人所得税记录的，在本市限购范围内限购套住房。此外，对参与本市限购范围内住房司法拍卖的竞买人，取消“须符合本市住房限购政策”限制。网页链接,0.0137798249748552,2023-10-16 09:55:50
杭州优化调整房地产市场调控措施将本市住房限购范围调整为上城区、拱墅区、西湖区、滨江区月日，据“杭州住保房管”公众号消息，今天，杭州市房地产市场平稳健康发展领导小组办公室发布《关于优化调整房地产市场调控措施的通知》。《通知》明确优化住房限购政策，将本市住房限购范围调整为上城区、拱墅区、西湖区、滨江区。本市户籍家庭在本市限购范围内限购套住房；非本市户籍家庭在本市市区范围内有缴纳城镇社保或个人所得税记录的，在本市限购范围内限购套住房。此外，对参与本市限购范围内住房司法拍卖的竞买人，取消“须符合本市住房限购政策”限制。,-0.0218068012985306,2023-10-16 09:55:39
杭州房产政策调整：非杭州户籍凭社保个税缴纳记录限购套房月日，杭州市房地产市场平稳健康发展领导小组办公室发布《关于优化调整房地产市场调控措施的通知》，从加大保障性住房建设和供给、优化住房限购政策、加强住房信贷支持力度、优化住宅用地供应、强化预售资金监管、规范房地产市场秩序等方面进一步完善房地产市场调控。杭州住房限购范围调整为上城区、拱墅区、西湖区、滨江区。本市户籍家庭在本市限购范围内限购套住房；非本市户籍家庭在本市市区范围内有缴纳城镇社保或个人所得税记录的，在本市限购范围内限购套住房。此外，对参与本市限购范围内住房司法拍卖的竞买人，取消“须符合本市住房限购政策”限制。都市快报,0.1333828977854514,2023-10-16 09:54:20
微互动丨你会在杭州买房吗？杭州优化调整房地产市场调控措施，杭州调整限购范围，你会在杭州买房吗？杭州调整住房限购范围,-0.9779941862366722,------
重磅杭州优化调整房地产市场调控措施杭州调整限购范围今天，杭州市房地产市场平稳健康发展领导小组办公室发布《关于优化调整房地产市场调控措施的通知》，从加大保障性住房建设和供给、优化住房限购政策、加强住房信贷支持力度、优化住宅用地供应、强化预售资金监管、规范房地产市场秩序等方面进一步完善房地产市场调控。详情戳关于优化调整房地产市场调控措施的通知（资料市住保房管局）,0.4995717267390573,2023-10-16 09:51:06
杭州优化调整房地产市场调控措施今天，杭州市房地产市场平稳健康发展领导小组办公室发布《关于优化调整房地产市场调控措施的通知》，从加大保障性住房建设和供给、优化住房限购政策、加强住房信贷支持力度、优化住宅用地供应、强化预售资金监管、规范房地产市场秩序等方面进一步完善房地产市场调控。中国蓝新闻,1.0,2023-10-16 11:27:40
杭州限购由个区调整为个区今天（月日），杭州发布《关于优化调整房地产市场调控措施的通知》，明确从加大保障性住房建设和供给、优化住房限购政策、加强住房信贷支持力度、优化住宅用地供应、强化预售资金监管、规范房地产市场秩序等方面进一步完善房地产市场调控。《通知》明确优化住房限购政策，将本市住房限购范围调整为上城区、拱墅区、西湖区、滨江区。本市户籍家庭在本市限购范围内限购套住房；非本市户籍家庭在本市市区范围内有缴纳城镇社保或个人所得税记录的，在本市限购范围内限购套住房。此外，对参与本市限购范围内住房司法拍卖的竞买人，取消“须符合本市住房限购政策”限制。,-0.037199793831432,2023-10-16 12:21:13
杭州楼市松绑继续“挤牙膏”，杭州优化调整房地产市场调控措施,0.1374275520992197,2023-10-16 15:03:48
杭州调整限购范围中国蓝新闻记者了解到，杭州将本市住房限购范围调整为上城区、拱墅区、西湖区、滨江区。本市户籍家庭在本市限购范围内限购套住房；非本市户籍家庭在本市市区范围内有缴纳城镇社保或个人所得税记录的，在本市限购范围内限购套住房。此外，对参与本市限购范围内住房司法拍卖的竞买人，取消“须符合本市住房限购政策”限制。杭州优化调整房地产市场调控措施,0.514316030134003,2023-10-16 12:35:26
杭州限购政策调整月日，杭州市房地产市场平稳健康发展领导小组办公室发布《关于优化调整房地产市场调控措施的通知》：限购范围调整为上城区、拱墅区、西湖区、滨江区。本市户籍家庭在本市限购范围内限购套住房；非本市户籍家庭在本市市区范围内有缴纳城镇社保或个人所得税记录的，在本市限购范围内限购套住房。此外，对参与本市限购范围内住房司法拍卖的竞买人，取消“须符合本市住房限购政策”限制。详情戳杭州优化调整房地产市场调控措施，更好满足刚性和改善性住房需求,-0.0328841384545023,2023-10-16 10:03:49
杭州调整房地产市场调控措施财联社月日电，据“杭州住保房管”公众号消息，今天，杭州市房地产市场平稳健康发展领导小组办公室发布《关于优化调整房地产市场调控措施的通知》。《通知》明确优化住房限购政策，将本市住房限购范围调整为上城区、拱墅区、西湖区、滨江区。本市户籍家庭在本市限购范围内限购套住房；非本市户籍家庭在本市市区范围内有缴纳城镇社保或个人所得税记录的，在本市限购范围内限购套住房。此外，对参与本市限购范围内住房司法拍卖的竞买人，取消“须符合本市住房限购政策”限制。,0.2426606426306665,2023-10-16 12:49:14
刚刚，杭州优化调整房地产市场调控措施，调整住房限购政策。,9.086409273337073e-06,2023-10-16 14:34:26
杭州优化调整房地产市场调控措施将本市住房限购范围调整为上城区、拱墅区、西湖区、滨江区财联社月日电，据“杭州住保房管”公众号消息，今天，杭州市房地产市场平稳健康发展领导小组办公室发布《关于优化调整房地产市场调控措施的通知》。《通知》明确优化住房限购政策，将本市住房限购范围调整为上城区、拱墅区、西湖区、滨江区。本市户籍家庭在本市限购范围内限购套住房；非本市户籍家庭在本市市区范围内有缴纳城镇社保或个人所得税记录的，在本市限购范围内限购套住房。此外，对参与本市限购范围内住房司法拍卖的竞买人，取消“须符合本市住房限购政策”限制。,-0.2610493932678043,2023-10-16 10:49:25
杭州优化调整房地产市场调控措施，更好满足刚性和改善性住房需求今天，杭州市房地产市场平稳健康发展领导小组办公室发布《关于优化调整房地产市场调控措施的通知》，从加大保障性住房建设和供给、优化住房限购政策、加强住房信贷支持力度、优化住宅用地供应、强化预售资金监管、规范房地产市场秩序等方面进一步完善房地产市场调控。一起来看杭州优化调整房地产市场调控措施，更好满足刚性和改善性住房需求,0.0076967690864007,2023-10-16 11:15:00
杭州优化调整房地产市场调控措施今天，杭州市房地产市场平稳健康发展领导小组办公室发布《关于优化调整房地产市场调控措施的通知》，从加大保障性住房建设和供给、优化住房限购政策、加强住房信贷支持力度、优化住宅用地供应、强化预售资金监管、规范房地产市场秩序等方面进一步完善房地产市场调控。杭州调整限购范围杭州调整住房限购范围,0.2158287873580806,2023-10-16 11:28:30
上海金山区非沪籍人才购房资格调整为个人谁买在金山啊。。。,0.0712953572045559,2023-10-24 18:07:35
上海金山区非沪籍人才购房资格调整为个人咱能不能别挤牙膏，大大方方的放开不好吗？,-0.0791423859421076,------
上海金山区非沪籍人才社保满年可购套房上海金山区非沪籍人才购房资格调整为个人月日，上海金山区出台人才安居新政。根据区域转型发展和产城融合需要确定金山区重点转型区域人才购房政策实施范围，包括滨海城区、高新社区以及亭枫社区三个重点区域，共计平方公里。方案提出，要聚焦重展开,0.0128212238289699,2023-10-24 18:33:38
上海金山区非沪籍人才购房资格调整为个人单身乐园吗？,-0.5362315574428238,2023-10-24 22:01:31
上海金山区非沪籍人才社保满年可购套房上海金山区非沪籍人才购房资格调整为个人为深入落实《关于加快推进南北转型发展的实施意见》中关于“人才安居置业优选地”的工作要求，促进产城融合、实现职住平衡，月日，金山区出台人才安居新政。其中提到，要推动建立与职住平衡相适应的多主体供应、多渠道保障、租购并举的人才安居体系，将“分层次、有梯度”的人才住房政策作为集聚人才、留住人才的重要抓手。方案提出，要通过集中新建、商品房配建、非居住房屋改建转化、企业自筹等方式，多渠道筹措人才公寓房源，重点在产业集中、商务集聚等交通便捷、生产生活便利的区域选址布局。到“十四五”期末，争取金山区人才公寓房源规模达到万套以上。方案提出，要聚焦重点行业，实行人才积分认定管理，对符合一定积分标准的人才分类给予租房补贴；聚焦高层次人才，实行分等定级管理，对符合一定认定标准的人才分类给予购房补贴。同时，结合城镇布局、产业规划和转型需求，划定重点转型区域人才购房政策实施范围。经区人才管理部门认定，同时符合单位条件、个人条件以及工作年限条件的非本市户籍人才，按规定在沪缴纳职工社会保险或个人所得税年及以上、且在本市无住房的，可购买套住房，同时购房资格由居民家庭调整为个人。据悉，该方案的制定主要基于以下三个方面的考虑，一是紧扣金山区功能布局调整和经济结构升级需求，按照“智造集聚、文旅赋能、门户枢纽、生态宜居”的总体要求，聚焦重点产业、重大项目和社会事业等各类人才安居需求，推动区域职住平衡。二是以稳定就业、改善居住为导向，稳妥有序推进满足人才刚性住房需求，租购并举，营造人才安居宜居住房环境，保持区域内房地产市场供需平衡。三是坚持系统思维和整体观念，统筹区域经济和社会发展重点，系统谋划产业发展、人才建设和住房服务等多方面工作，突出产城融合，强化条块结合和部门协作，合力推进人才安居宜居。上海金山：非沪籍人才社保满年可购买套住房购房资格由家庭调整为个人查看图片,1.0,2023-10-24 18:42:06
上海金山区非沪籍人才社保满年可购套房上海金山区非沪籍人才购房资格调整为个人,0.0130036676879473,2023-10-25 00:10:18
上海金山区非沪籍人才社保满年可购套房上海金山区非沪籍人才购房资格调整为个人月日，上海金山区出台人才安居新政。根据区域转型发展和产城融合需要确定金山区重点转型区域人才购房政策实施范围，包括滨海城区、高新社区以及亭枫社区三个重点区域，共计平方公里。方案提出，要聚焦重点行业，实行人才积分认定管理，对符合一定积分标准的人才分类给予租房补贴；聚焦高层次人才，实行分等定级管理，对符合一定认定标准的人才分类给予购房补贴。同时，结合城镇布局、产业规划和转型需求，划定重点转型区域人才购房政策实施范围。经区人才管理部门认定，同时符合单位条件、个人条件以及工作年限条件的非本市户籍人才，按规定在沪缴纳职工社会保险或个人所得税年及以上、且在本市无住房的，可购买套住房，同时购房资格由居民家庭调整为个人。（一财）,-0.0052670454318232,2023-10-24 19:22:48
上海金山区非沪籍人才社保满年可购套房符合相关条件的非本市户籍人才，在沪缴纳社保或个税年及以上、且在本市无住房的，可购买套住房，同时购房资格由居民家庭调整为个人。,0.0058862394784257,2023-10-25 08:38:25
刚刚上海金山区出台政策：非沪籍人才社保满年可购买套住房，购房资格由家庭调整为个人。,0.0151188250803203,2023-10-25 01:03:12
上海金山区调整限购政策：非沪籍人才社保满年可购买套住房，购房资格由家庭调整为个人是不是意味着一线城市一区一策要开始了？房地产上海金山区非沪籍人才社保满年可购套房,0.0057886199386657,2023-10-24 22:23:12
上海金山区非沪籍人才社保满年可购套房，购房资格由家庭调整为个人月日，上海金山区出台人才安居新政。根据区域转型发展和产城融合需要确定金山区重点转型区域人才购房政策实施范围，包括滨海城区、高新社区以及亭枫社区三个重点区域，共计平方公里。方案提出，要聚焦重点行业，实行人才积分认定管理，对符合一定积分标准的人才分类给予租房补贴；聚焦高层次人才，实行分等定级管理，对符合一定认定标准的人才分类给予购房补贴。同时，结合城镇布局、产业规划和转型需求，划定重点转型区域人才购房政策实施范围。经区人才管理部门认定，同时符合单位条件、个人条件以及工作年限条件的非本市户籍人才，按规定在沪缴纳职工社会保险或个人所得税年及以上、且在本市无住房的，可购买套住房，同时购房资格由居民家庭调整为个人。（第一财经）,-0.6733607531079328,2023-10-25 03:25:44
上海金山区非沪籍人才社保满年可购套房上海金山区非沪籍人才购房资格调整为个人月日，上海金山区出台人才安居新政。根据区域转型发展和产城融合需要确定金山区重点转型区域人才购房政策实施范围，包括滨海城区、高新社区以及亭枫社区三个重点区域，共计平方公里。方案提出，要聚焦重点行业，实行人才积分认定管理，对符合一定积分标准的人才分类给予租房补贴；聚焦高层次人才，实行分等定级管理，对符合一定认定标准的人才分类给予购房补贴。同时，结合城镇布局、产业规划和转型需求，划定重点转型区域人才购房政策实施范围。经区人才管理部门认定，同时符合单位条件、个人条件以及工作年限条件的非本市户籍人才，按规定在沪缴纳职工社会保险或个人所得税年及以上、且在本市无住房的，可购买套住房，同时购房资格由居民家庭调整为个人。,0.1801613819419849,2023-10-25 00:39:38
上海金山：非沪籍人才社保满年可购买套住房，购房资格由家庭调整为个人。上海金山区月日出台人才安居新政。根据区域转型发展和产城融合需要确定金山区重点转型区域人才购房政策实施范围，包括滨海城区、高新社区以及亭枫社区三个重点区域，共计平方公里。要聚焦重点行业，实行人才积分认定管理，对符合一定积分标准的人才分类给予租房补贴；聚焦高层次人才，实行分等定级管理，对符合一定认定标准的人才分类给予购房补贴。经区人才管理部门认定，同时符合单位条件、个人条件以及工作年限条件的非本市户籍人才，按规定在沪缴纳职工社会保险或个人所得税年及以上、且在本市无住房的，可购买套住房，同时购房资格由居民家庭调整为个人。,0.0056271068503368,2023-10-24 23:19:21
上海金山非沪籍人才社保满年可购买套住房上海金山：非沪籍人才社保满年可购买套住房购房资格由家庭调整为个人财联社月日电，上海金山区月日出台人才安居新政。根据区域转型发展和产城融合需要确定金山区重点转型区域人才购房政策实施范围，包括滨海城区、高新社区以及亭枫社区三个重点区域，共计平方公里。要聚焦重点行业，实行人才积分认定管理，对符合一定积分标准的人才分类给予租房补贴；聚焦高层次人才，实行分等定级管理，对符合一定认定标准的人才分类给予购房补贴。经区人才管理部门认定，同时符合单位条件、个人条件以及工作年限条件的非本市户籍人才，按规定在沪缴纳职工社会保险或个人所得税年及以上、且在本市无住房的，可购买套住房，同时购房资格由居民家庭调整为个人。上海金山区非沪籍人才购房资格调整为个人,0.035849463513646,------
涉及信贷、房地产、地方债务三部委金融机构座谈会传递多个信号月日晚，中国人民银行、金融监管总局、中国证监会联合召开金融机构座谈会。会议强调，下一步，要继续加大政策落实和工作推进力度，持之以恒营造良好的货币金融环境。同时，会议还对房地产市场着墨颇多。会议指出，各金融机构要一视同仁满足不同所有制房地产企业合理融资需求，对正常经营的房地产企业不惜贷、抽贷、断贷；继续用好“第二支箭”支持民营房地产企业发债融资等。多位受访的分析人士认为，座谈会聚焦并着力解决当前金融领域面临的主要矛盾和突出问题，预计下一步有关部门将加快落实中央金融工作会议精神，稳经济政策应继续发力，必要时加大实施力度并出台新的对策措施，更有力地促进宏观经济稳定和恢复。,-0.0175859365373012,2023-11-18 14:21:26
平凉超话平凉官宣“认房不认贷”政策，年月日起执行月日，平凉市住房公积金管理委员会印发《关于优化住房公积金“认房不认贷”政策的通知的通知》。通知自年月日起执行。已申请过一次住房公积金个人住房贷款的缴存职工，在结清贷款后，再次申请住房公积金个人住房贷款，经核查家庭成员在购房地无住房的，执行首套房贷款金额和贷款利率；已申请过一次住房公积金个人住房贷款的缴存职工，在结清贷款后，再次申请住房公积金个人住房贷款，经核查家庭成员在购房地有一套住房的，执行二套房贷款金额和贷款利率。商业性银行住房贷款次数不作为住房公积金贷款次数的认定标准。据悉，月日，广州和深圳实施“认房不认贷”政策。月日，上海和北京先后宣布执行“认房不认贷”政策。至此，一线城市全部落地“认房不认贷”政策。之后陆续有多个城市开始实施这一政策。充分发挥了住房公积金互助保障作用有效解决缴存职工购买改善性住房申请贷款利率上浮、换房门槛高等急难愁盼问题。,0.0404056579877241,2023-11-25 19:12:00
楼市条海南楼市放开了月日，一份《关于优化调整房地产调控政策有关工作的通知》（以下简称“通知”）在海南房地产市场流传，引发关注。记者从上述通知中了解到，内容一共有三大项，主要内容涉及当前海南楼市调控政策的优化调整事宜。主要包括个人住房贷款中住房套数认定标准、降低存量首套住房贷款利率、不动产“带押过户”、二手房交易转让年限、人才购房政策，以及增加多孩（二孩及以上）家庭购买商品住房套数等。通知还称，各市县可结合当地实际自主选择并及时出台相关政策措施。中国房地产报记者通过多渠道了解，上述通知内容属实。另据媒体消息，月日下午，海口市住建部门召开会议，向当地房企“口头转达”政策变化；海南其他市县或将跟进优化调整房地产政策。条优化调整楼市政策记者了解到，海南地产圈流传的《关于优化调整房地产调控政策有关工作的通知》文件，落款单位为“海南省住房和城乡建设厅”，落款时间为“年月日”，并盖有前述单位的公章。通知发送对象为海南省各市县政府。通知称，充分赋予城市政府房地产调控政策自主权，由各市县落实城市主体责任，因城施策实施调控。各市县政府可结合实际，自主选择并及时出台下列政策措施：优化本市县个人住房贷款中住房套数认定标准。调整优化本市县差别化住房信贷政策；鼓励银行业金融机构降低存量首套住房的贷款利率。深化不动产登记和金融便民利企合作，制定落实本市县协同做好不动产“带押过户”的政策。优化调整各市县已出台的、严于省级调控政策要求的相关条款。优化调整二手房交易转让年限等限制性条件。优化调整有关产权式酒店、酒店式公寓的限购政策。在坚持不得将商业、办公类项目变相开发建设成为“类住宅”项目的前提下，对于存量项目可优化调整“商业、办公类项目产权分割销售最小单元建筑面积不得小于平方米”的限制性政策。结合经济发展、招商引资、产业结构等具体需求，制定本市县的急需紧缺人才目录，优化调整人才购房政策。对多孩（二孩及以上）家庭购买商品住房的，可在现行政策允许购买套数的基础上增加一套。加强市县房地产调控政策与公积金政策联动，加大职工提取住房公积金直接支付住房首付款、住房公积金贷款不见面审批等政策的落实力度。省会海口率先跟进通知强调，要审慎调整与购房资格相关的限购政策。针对年以来海南省陆续出台的房地产调控政策，涉及购房资格方面的，应审慎调整，保持政策调控定力。各市县应从引进人才、招商引资、产业扶持等方面适时出台更加精准的调控政策，分批次施行。除上述条政策措施外，其他涉及购房资格方面调整的，应严格落实事前报备制度。通知还表示，各市县在出台相关调控政策前，加强政策解读和舆情引导，为促进海南自贸港房地产市场平稳健康发展莫定坚实基础。通知亦强调，坚持“房子是用来住的、不是用来炒的”定位，因城施策用好政策工具箱，更好满足居民刚性和改善性住房需求，促进房地产市场平稳健康发展。记者就上述通知中的相关内容向多方求证，得到的答复是“确有其事”。记者了解到，在当地地产圈人士间流传的“口头转达”版本内容，一共包括项“政策措施”，其中包括“调整人才引进范围：原限定需在海口注册企业的总部引进人才可购房，改成在海南注册企业的总部引进人才均可根据人才引进政策购房”“以家庭为单位，多孩家庭（二孩及以上）购房商品住房，可在现行政策允许购买套数基础上增加套”等。,-0.0016231817728032,------
房贷利率下调有望助力房地产企稳“太幸运了，昨天上午收到贷款银行的消息，说房贷利率可以下调到了，月供立省元。”日，在某房产中介公司营业门店内，北京的梁女士告诉记者。“月底在顺义区交了新房的定金，销售给了个月的首付期限，这几天正准备去银行办理贷款面签，就接到了北京实行新政策的通知。”梁女士表示。记者走访并致电北京、上海地区多家银行了解到，两地分别出台调整优化住房贷款新政，日起京沪两地多家银行根据自律机制，下调房贷利率下限。其中，北京首套房贷利率下限最低调整为，上海地区首套房贷利率下限最低可至。此外，新政对贷款期限、首付比例等也作出调整。业内人士指出，结合目前实际情况与市场变化，将北京市普宅占比提高至七成左右，将有更多家庭能够享受住房转让时的增值税优惠政策。多位业内人士分析，京沪两地楼市政策调整发布后，有利于更好满足刚性和改善性住房需求，两地房地产市场有望企稳。“此次住房优化政策有助于降低购房者资金门槛、减少房贷利息支出、降低住房交易成本。这有利于进一步稳定预期，促进房地产市场平稳健康发展。”易居研究院研究总监严跃进认为。招联首席研究员董希淼分析称，本次政策调整预计对商业银行影响不大。财经超话股票股票超话新浪财经今日看盘上证指数上证指数,0.1262157212640073,2023-12-23 06:26:20
行业动态为贯彻落实党中央、国务院决策部署，适时调整优化房地产政策，因城施策，更好满足居民刚性和改善性住房需求，促进全市房地产市场持续平稳健康发展，经武汉市人民政府同意，现就有关事项通知如下：一、取消住房限购，二、优化家庭住房贷款套数认定标准，三、支持居民换购住房，四、给予购房优惠支持，五、阶段性调整住房公积金贷款额度，六、盘活企业资产，七、加强精准供地，鼓励居住户型设计创新，八、加快盘活存量用地，九、建立房地产开发企业“白名单”管理，十、积极助企纾困。,0.0650901069169367,------
一线城市调整优化楼市调控政策，释放哪些信号？财经聚焦一线城市调整优化楼市调控政策影响几何日，北京、上海分别降低购房首付比例、下调住房贷款利率，并调整普通住房标准。至此，北上广深四个一线城市均已调整优化楼市调控政策。降首付、降利率、降税费等政策调整释放哪些信号？将给市场带来哪些变化？京沪两地同步调整优化继广州和深圳调整优化楼市调控、推出二套房首付比例成等政策后，月日，北京、上海同一天调整优化楼市调控政策，从降首付、降利率、降税费等方面，适应房地产市场供求关系发生重大变化的新形势，更好地满足居民刚性和改善性住房需求。北京、上海同步下调首套房、二套房首付比例，其中首套房首付比例下限统一降至，二套房均分区实行差异化政策，重点区域首付比例，其他区域。并且京沪两地都下调了商业性个人住房贷款利率下限。北京此次调整还取消了房价过快上行阶段对房贷年限的从严管控，由最长年恢复至年。与此同时，京沪两地还对普通住房认定标准进行了优化，让更多的住房可以纳入到普通住房范围，使更多家庭能够享受住房转让时的税收优惠政策。调整后，北京普宅占比提高至成左右，上海普宅占比超过成。广东省住房政策研究中心首席研究员李宇嘉说，调整优化楼市调控政策，降低购房门槛，有利于从需求端促进回暖，促进房地产交易循环，恢复房企自我造血功能，缓解开发商资金链紧张的态势，实现防风险和稳增长的双重目的。有利释放购房需求新政策出台后，很多购房者感受到购房门槛降低带来的实惠。“政策出来后，我已经新关注了好几个卖房的视频号，刷了一晚上。”北京市民高女士说。她近年一直想买一套面积更大的改善性住房，但又不想卖掉现有住房，苦于手头资金不足以支付成首付款而迟迟未能如愿。如今，二套房首付比例最低只需，而且普通住宅标准的调整还可以降低交易税费，让高女士觉得“这回能够得着了”。上海市民董先生相中了一套价值五六百万元的住宅，得知新政策后，立刻算了一笔账：预估税费方面能省多万元，且作为刚需首套房贷款利率下调至，还能省不少月供。贝壳研究院首席分析师许小乐表示，首套、二套住房首付比例下降，降低了首套刚需、二套改善住房需求的入市门槛。房贷利率下降，降低了月供压力。调整普通住房标准，使与其关联的税收优惠政策扩大了覆盖面。这些都实实在在地降低了购房门槛和成本，减负效果明显，利好住房需求释放。一线城市调整优化楼市调控政策，有助于推动住宅销售。政策发布当晚，上海多个新盘项目借势打出宣传海报，一些开发商还推出了“今夜不打烊”活动，连夜蓄客。在上海浦东宏辉地产从事地产经纪业务的老张，连夜打电话给手头上的客户，告知和解读新政策。月日，上海房地产中介门店迅速更新了价格展板。新华社记者郑钧天摄促进房地产市场平稳健康发展业内人士认为，一线城市调整优化楼市调控政策，有利于进一步释放购房需求，稳定预期、提振信心，促进房地产市场平稳健康发展。许小乐说，从广州、深圳降首付、降房贷利率的市场效果看，本次京沪降首付政策叠加月“认房不认贷”政策，将促进购房需求入市。四个一线城市都已发布调整优化楼市调控政策，新政策带来“降门槛”和“减税费”导向，利好预期稳定。深圳新政策已实施三周，市场呈现稳中有进态势。乐有家研究中心监测数据显示，深圳月日起执行调整优化楼市调控政策，对市场信心恢复有一定的激励作用，市场稳中有涨：深圳二手房带看量涨幅超过；业主心态较为理性；深圳二手房网签量连续周超过套，乐有家深圳门店二手房成交量环比上涨后，稳定在下半年的高位。中指研究院市场研究总监陈文静认为，一线城市出台这些政策，有利于促进刚需和改善性住房需求释放。来源：新华社,0.405711222394004,2023-12-29 16:52:02
最新通知事关余杭房地产市场杭州一地实施契税补助政策余杭发布为进一步贯彻落实国家、省、市有关决策部署，适应房地产市场供求关系新形势，更好满足居民住房需求，促进余杭区房地产市场平稳健康发展，现将有关事项通知如下：（一）持续优化市场环境全面落实国家、省、市房地产市场政策，大力支持刚性和改善性住房需求，全力保障民生、促进市场发展。优化办理项目立项、工程规划许可证、施工许可证、预售许可证等相关业务流程，持续缩链减负，为房地产企业高质量发展创造更好的市场环境。（二）加大住房保障力度加大保障性住房建设和供给，提高保障性住房在住房总供给中的比例，加快解决工薪收入群体住房困难，推动建立房地产业转型发展新模式。（三）完善拆迁安置政策推进“方安置房方货币化”安置模式，满足被征迁群众多样化、个性化住房需求。（四）实施契税补助政策对年月日至年月日期间购买新建商品住宅和非住宅新建商品房的购房人（以网签备案时间为准），在办理不动产权证后，分别按照实际缴纳契税金额的标准和标准给予补助，减轻置业压力，更好惠及民生。（五）促进商办用房销售鼓励房地产开发企业开展各种形式商业办公用房促销活动。搭建推介平台，支持有需求的企业购置新建商业办公用房。鼓励区属国有企业发挥带头示范效应，积极购买商业办公用房，用于工业园区改造、腾笼换鸟、企业征迁等工作，探索安置新模式。（六）优化提升公积金服务购买余杭区住房的本市缴存职工，可向公积金余杭分中心申请提取本人住房公积金账户余额直接冲抵购房首付款。对高层次人才家庭、多子女家庭和无房职工家庭实施差异化公积金信贷政策，满足不同群体服务需求。（七）支持二手房市场发展落实换购住房个人所得税优惠政策，支持改善性住房需求。大力推广二手房自主交易模式，全面推行二手房“带押过户”，降低制度性交易成本，减轻买卖双方交易负担。（八）加快推进配套建设加快凤都路南延、良睦路南延等道路建设，实现交通畅达。加快推进天元公学、瓶窑第二中学、科技文化中心国际体育中心等配套建设，完善公共配套。,0.1153091391109377,------
重磅北京、上海出台楼市新政。合肥楼市超话合肥身边事超话整体来看，北京、上海的楼市新政属于有限度地松绑，象征意义大于实际意义，但这是一个积极的风向标，政策端更加支持居民刚性和改善性住房需求。一线城市不会全面放开限购，否则将全面虹吸其它城市的高端购买力人群。下面是北京、上海的楼市新政重点提炼：楼市鹰眼北京楼市新政一、调整普通住房标准自年月日起，本市享受税收优惠政策的普通住房，应同时满足以下条件：（一）住宅小区建筑容积率在（含）以上；（二）单套住房建筑面积在平方米（含）以下；（三）环内住房成交价格在元平方米（含）以下、环住房成交价格在元平方米（含）以下、环外住房成交价格在元平方米（含）以下。二、优化个人住房贷款政策加大购房信贷支持力度，更好满足居民家庭刚性和改善性住房需求。自本通知印发之日起，个人住房贷款政策执行以下规定：（一）降低首付款比例。对于贷款购买首套住房的居民家庭，最低首付款比例不低于。对于贷款购买二套住房的居民家庭，所购住房位于城六区（东城、西城、朝阳、海淀、丰台、石景山区）的，最低首付款比例不低于；所购住房位于城六区以外的，最低首付款比例不低于。（二）个人住房贷款年限最长年。上海楼市新政一、调整普通住房标准上海市住房城乡建设管理委、市房屋管理局、市规划资源局、市财政局、市税务局联合印发《关于调整本市普通住房标准的通知》，规定可以享受优惠政策的普通住房，应同时满足以下条件：（一）五层以上（含五层）的多高层住房，以及不足五层的老式公寓、新式里弄、旧式里弄等；（二）单套住房建筑面积在平方米以下（含平方米）。二、优化差别化住房信贷政策（一）首套住房商业性个人住房贷款利率下限调整为不低于相应期限贷款市场报价利率（）减个基点，最低首付款比例调整为不低于。（二）二套住房商业性个人住房贷款利率下限调整为不低于相应期限贷款市场报价利率（）加个基点，最低首付款比例调整为不低于。（三）为支持推进“五个新城”和南北转型重点区域高质量发展，促进产城融合、职住平衡，在自贸区临港新片区以及嘉定、青浦、松江、奉贤、宝山、金山个行政区全域实行差异化政策，二套住房商业性个人住房贷款利率下限调整为不低于相应期限贷款市场报价利率（）加个基点，最低首付款比例调整为不低于。原报道链接：,0.6894913095956443,2023-12-17 15:19:17
北京首套房首付比例降至成北京调整优化购房政策为落实“更好满足居民刚性和改善性住房需求”要求，月日，北京市住建委、国家税务总局北京市税务局、中国人民银行北京市分行、国家金融监督管理总局北京监管局、北京住房公积金管理中心等五部门联合发布《关于调整优化本市普通住房标准和个人住房贷款政策的通知》，降低首付款比例。对于贷款购买首套住房的居民家庭，最低首付款比例不低于。对于贷款购买二套住房的居民家庭，所购住房位于城六区（东城、西城、朝阳、海淀、丰台、石景山区）的，最低首付款比例不低于；所购住房位于城六区以外的，最低首付款比例不低于。（北京市人民政府）,0.180028620356956,2023-12-17 15:12:09
北京调整优化购房政策首套房首付比例降至成北京调整优化购房政策首套房首付比例降至成据北京市住建委月日消息，北京市住房和城乡建设委员会、国家税务总局北京市税务局、中国人民银行北京市分行、国家金融监督管理总局北京监管局、北京住房公积金管理中心发布关于调整优化本市普通住房标准和个人住房贷款政策的通知。全文如下：各有关单位：为深入贯彻落实党中央、国务院决策部署，坚持房子是用来住的、不是用来炒的定位，适应房地产市场供求关系发生重大变化的新形势，更好满足居民刚性和改善性住房需求，促进本市房地产市场平稳健康发展，根据本市房地产市场实际，现就有关事项通知如下：一、调整普通住房标准自年月日起，本市享受税收优惠政策的普通住房，应同时满足以下条件：（一）住宅小区建筑容积率在（含）以上；（二）单套住房建筑面积在平方米（含）以下；（三）环内住房成交价格在元平方米（含）以下、环住房成交价格在元平方米（含）以下、环外住房成交价格在元平方米（含）以下。二、优化个人住房贷款政策加大购房信贷支持力度，更好满足居民家庭刚性和改善性住房需求。自本通知印发之日起，个人住房贷款政策执行以下规定：（一）降低首付款比例。对于贷款购买首套住房的居民家庭，最低首付款比例不低于。对于贷款购买二套住房的居民家庭，所购住房位于城六区（东城、西城、朝阳、海淀、丰台、石景山区）的，最低首付款比例不低于；所购住房位于城六区以外的，最低首付款比例不低于。（二）个人住房贷款年限最长年。三、原有政策与本通知不一致的，以本通知为准。,0.4273522507901333,2023-12-17 15:08:53
北京首套房首付比例降至成月日，北京市住房和城乡建设委员会网站显示，北京市住房和城乡建设委员会、国家税务总局北京市税务局、中国人民银行北京市分行、国家金融监督管理总局北京监管局、北京住房公积金管理中心等五部门联合发布《关于调整优化本市普通住房标准和个人住房贷款政策的通知》显示，为加大购房信贷支持力度，更好满足居民家庭刚性和改善性住房需求。自本通知印发之日起，个人住房贷款政策执行以下规定：一是降低首付款比例。对于贷款购买首套住房的居民家庭，最低首付款比例不低于。对于贷款购买二套住房的居民家庭，所购住房位于城六区东城、西城、朝阳、海淀、丰台、石景山区的，最低首付款比例不低于；所购住房位于城六区以外的，最低首付款比例不低于。二是个人住房贷款年限最长年。,-0.5759079729911668,2023-12-17 14:59:05
北京下调房贷首付比例、贷款利率，普宅标准调整北京购房政策调整优化的“靴子”终于落地。为落实“更好满足居民刚性和改善性住房需求”要求，月日，北京市住建委、中国人民银行北京市分行、国家金融监督管理总局北京监管局、北京住房公积金管理中心、国家税务总局北京市税务局等五部门联合发布《关于调整优化本市普通住房标准和个人住房贷款政策的通知》，调整首套房、二套房的首付比例，首套房首付比例统一降至，二套房首付比例最低为。此外，商业银行新发放房贷利率政策下限也将调整，按月贷款市场报价利率（）计算，首套房贷利率最低为。优政策更好满足合理住房需求调整优化房地产政策，市场期待已久。月日召开的中共中央政治局会议上，在谈及房地产市场时，首次提出，适应中国房地产市场供求关系发生重大变化的新形势，适时调整优化房地产政策，更好满足居民刚性和改善性住房需求。一个月后，月日，中国人民银行、国家金融监督管理总局发布《关于调整优化差别化住房信贷政策的通知》，明确首套住房商业性个人住房贷款最低首付款比例统一为不低于，二套住房商业性个人住房贷款最低首付款比例统一为不低于。各城市可根据房地产市场形势和当地政府调控要求，自主确定首套和二套住房商业性个人住房贷款最低首付款比例和利率下限。“继认房不认贷后，此次再次调整相关政策，既是落实央行、国家金融监督管理总局文件精神，也是适应北京房地产市场的实际情况，目的就是更好地满足刚性和改善性住房需求。”市住建委相关负责人表示。降首付首套房首付统一为成此次优化的一大内容，就是降低首付。北京市目前的政策是，个人购买政策性住房以外的商品房，无论是使用商业性住房贷款还是公积金贷款，均区分普通住宅和非普通住宅、首套房和二套房，执行不同的首付比例。具体而言，个人购房首套房，普通住宅首付比例为，非普通住宅首付比例为；个人购买二套房，普通住宅首付比例为，非普通住宅首付比例为。“执行差别化的首付比例，是年为抑制投资投机需求、落实房住不炒定位所采取的调控措施，从当时看也的确稳定了市场预期，让楼市快速降温。”业内人士分析，随着市场形势发生变化，继续执行当年的标准，的确会误伤部分购房人，特别是改善型购房人。通知提出，自新规执行起，个人购买政策性住房以外的商品房，无论是使用商业性住房贷款还是公积金贷款，不再区分普通住宅和非普通住宅，首套房的首付比例均为；二套房则按城六区和非城六区划分，首付比例分别为和。同时，贷款最长年限也从年恢复至年。“购买城六区之外的住房首付比例略低，这既符合北京城市功能和布局优化调整的要求，也结合了近几年土地供应实际，以促进职住平衡。”市住建委相关负责人介绍，近几年北京在土地供应上，重点是向城市副中心和顺义、大兴、亦庄、昌平等平原新城倾斜。记者以市民王先生举例，因为家有二孩，准备在大兴购买二套房，房款万元。按照新规，其首付比例从过去的降低至，减少了万元。调标准普通住宅认定不再看总价此次优化的另一内容，就是调整普通住宅认定标准。北京目前的普通住宅认定标准，制定于年，包含三个方面：住宅小区建筑容积率在（含）以上；单套建筑面积在平方米（含）以下；实际成交价格低于确定的价格标准，其中五环内单价低于元平方米或总价低于万元，五至六环之间单价低于元平方米或总价低于万元，六环以外单价低于元平方米或总价低于万元。沿用了年的普通住宅认定标准，已不适用当前形势。此前，就有购房人反映，家有三胎想换套大一点的房子，却不符合普通住宅标准，全家压力很大。来自中指研究院的一份数据显示，年，北京四环至五环、五环至六环、六环外新建商品住宅成交套总价均值分别为万元、万元、万元，均高于普通住宅标准。新的普通住宅如何认定？根据通知，仍须满足三个方面：住宅小区建筑容积率在（含）以上；单套建筑面积在平方米（含）以下；实际成交价格低于确定的价格标准，其中五环内单价低于元平方米，五至六环之间单价低于元平方米，六环以外单价低于平方米。记者注意到，对比新老标准，最大的变化在于价格，不仅各环线的单价上限相比之前均明显提高，且不再看总价。“只看单价不看总价，一来是更多惠及卖小买大的改善型家庭，不因总价上限被误伤；二来是有利于控制部分区域小户型单价异动。”有专家认为。机构人士预测，执行新标准后，目前市场上可被认定为普通住宅的商品房将从过去的约三成提高到约七成。普通住宅认定标准调整后，对购房人有何好处？记者了解到，在二手房交易中，普通住宅与税收优惠挂钩，其中最主要的就是增值税。根据规定，个人出售年以上的普通住宅，免征增值税；个人出售年以上的非普通住宅，差额征收增值税，税率为。根据通知，购房人可自年月日起按新标准享受税收优惠。降利率新发放房贷利率最低新购房的利息负担也将有所减轻。记者了解到，商业银行新发放房贷利率政策下限也将调整，月日起新发放的商业性个人住房贷款将执行新的利率政策下限。具体看，城六区首套、二套房利率下限分别为不低于相应期限（基点）、；非城六区首套、二套房利率下限分别为不低于相应期限、。相较调整前首套房、二套房的利率下限水平，有明显下调。央行最新公布的月份报价，年期以上为。按此计算，城六区首套房、二套房利率下限分别为和；非城六区首套房、二套房利率下限分别为和。据悉，各银行应根据北京地区市场利率定价自律机制确定的政策下限，结合本机构经营情况、客户风险状况等因素，按照市场化、法制化原则，合理确定每笔新发放房贷利率水平。,0.0319377632377691,2023-12-17 14:59:46
北京首套房首付比例降至据北京日报报道：北京购房政策调整优化的“靴子”终于落地。为落实“更好满足居民刚性和改善性住房需求”要求，月日，北京市住建委、中国人民银行北京市分行、国家金融监督管理总局北京监管局、北京住房公积金管理中心、国家税务总局北京市税务局等五部门联合发布展开,0.002411072935348,2023-12-17 14:59:33
北京首套房首付比例降至据北京日报报道：北京购房政策调整优化的“靴子”终于落地。为落实“更好满足居民刚性和改善性住房需求”要求，月日，北京市住建委、中国人民银行北京市分行、国家金融监督管理总局北京监管局、北京住房公积金管理中心、国家税务总局北京市税务局等五部门联合发布《关于调整优化本市普通住房标准和个人住房贷款政策的通知》，调整首套房、二套房的首付比例，首套房首付比例统一降至，二套房首付比例最低为。此外，商业银行新发放房贷利率政策下限也将调整，按月贷款市场报价利率（）计算，首套房贷利率最低为。优政策更好满足合理住房需求调整优化房地产政策，市场期待已久。月日召开的中共中央政治局会议上，在谈及房地产市场时，首次提出，适应中国房地产市场供求关系发生重大变化的新形势，适时调整优化房地产政策，更好满足居民刚性和改善性住房需求。一个月后，月日，中国人民银行、国家金融监督管理总局发布《关于调整优化差别化住房信贷政策的通知》，明确首套住房商业性个人住房贷款最低首付款比例统一为不低于，二套住房商业性个人住房贷款最低首付款比例统一为不低于。各城市可根据房地产市场形势和当地政府调控要求，自主确定首套和二套住房商业性个人住房贷款最低首付款比例和利率下限。“继认房不认贷后，此次再次调整相关政策，既是落实央行、国家金融监督管理总局文件精神，也是适应北京房地产市场的实际情况，目的就是更好地满足刚性和改善性住房需求。”市住建委相关负责人表示。降首付首套房首付统一为成此次优化的一大内容，就是降低首付。北京市目前的政策是，个人购买政策性住房以外的商品房，无论是使用商业性住房贷款还是公积金贷款，均区分普通住宅和非普通住宅、首套房和二套房，执行不同的首付比例。具体而言，个人购房首套房，普通住宅首付比例为，非普通住宅首付比例为；个人购买二套房，普通住宅首付比例为，非普通住宅首付比例为。“执行差别化的首付比例，是年为抑制投资投机需求、落实房住不炒定位所采取的调控措施，从当时看也的确稳定了市场预期，让楼市快速降温。”业内人士分析，随着市场形势发生变化，继续执行当年的标准，的确会误伤部分购房人，特别是改善型购房人。通知提出，自新规执行起，个人购买政策性住房以外的商品房，无论是使用商业性住房贷款还是公积金贷款，不再区分普通住宅和非普通住宅，首套房的首付比例均为；二套房则按城六区和非城六区划分，首付比例分别为和。同时，贷款最长年限也从年恢复至年。“购买城六区之外的住房首付比例略低，这既符合北京城市功能和布局优化调整的要求，也结合了近几年土地供应实际，以促进职住平衡。”市住建委相关负责人介绍，近几年北京在土地供应上，重点是向城市副中心和顺义、大兴、亦庄、昌平等平原新城倾斜。记者以市民王先生举例，因为家有二孩，准备在大兴购买二套房，房款万元。按照新规，其首付比例从过去的降低至，减少了万元。调标准普通住宅认定不再看总价此次优化的另一内容，就是调整普通住宅认定标准。北京目前的普通住宅认定标准，制定于年，包含三个方面：住宅小区建筑容积率在（含）以上；单套建筑面积在平方米（含）以下；实际成交价格低于确定的价格标准，其中五环内单价低于元平方米或总价低于万元，五至六环之间单价低于元平方米或总价低于万元，六环以外单价低于元平方米或总价低于万元。沿用了年的普通住宅认定标准，已不适用当前形势。此前，就有购房人反映，家有三胎想换套大一点的房子，却不符合普通住宅标准，全家压力很大。来自中指研究院的一份数据显示，年，北京四环至五环、五环至六环、六环外新建商品住宅成交套总价均值分别为万元、万元、万元，均高于普通住宅标准。新的普通住宅如何认定？根据通知，仍须满足三个方面：住宅小区建筑容积率在（含）以上；单套建筑面积在平方米（含）以下；实际成交价格低于确定的价格标准，其中五环内单价低于元平方米，五至六环之间单价低于元平方米，六环以外单价低于平方米。记者注意到，对比新老标准，最大的变化在于价格，不仅各环线的单价上限相比之前均明显提高，且不再看总价。“只看单价不看总价，一来是更多惠及卖小买大的改善型家庭，不因总价上限被误伤；二来是有利于控制部分区域小户型单价异动。”有专家认为。机构人士预测，执行新标准后，目前市场上可被认定为普通住宅的商品房将从过去的约三成提高到约七成。普通住宅认定标准调整后，对购房人有何好处？记者了解到，在二手房交易中，普通住宅与税收优惠挂钩，其中最主要的就是增值税。根据规定，个人出售年以上的普通住宅，免征增值税；个人出售年以上的非普通住宅，差额征收增值税，税率为。根据通知，购房人可自年月日起按新标准享受税收优惠。降利率新发放房贷利率最低新购房的利息负担也将有所减轻。记者了解到，商业银行新发放房贷利率政策下限也将调整，月日起新发放的商业性个人住房贷款将执行新的利率政策下限。具体看，城六区首套、二套房利率下限分别为不低于相应期限（基点）、；非城六区首套、二套房利率下限分别为不低于相应期限、。相较调整前首套房、二套房的利率下限水平，有明显下调。央行最新公布的月份报价，年期以上为。按此计算，城六区首套房、二套房利率下限分别为和；非城六区首套房、二套房利率下限分别为和。据悉，各银行应根据北京地区市场利率定价自律机制确定的政策下限，结合本机构经营情况、客户风险状况等因素，按照市场化、法制化原则，合理确定每笔新发放房贷利率水平。,-0.2625245754482219,------
连云港发布房地产新政为进一步支持刚性和改善性住房需求，促进房地产市场平稳健康发展，我市发布《关于进一步优化政策措施促进房地产市场平稳健康发展的通知》。根据《通知》，普通职工家庭单方缴存公积金的，公积金贷款额度由原来的万元提高至万元；双缴存职工家庭额度提高至万元。二孩家庭额度单方缴存的提高至万元，双方缴存的提高至万元；三孩家庭额度单方缴存的提高至万元，双方缴存提高至万元；高层次人才最高贷款额度类以上、类、硕士（或副高职称、高级技师）和全日制普通高校本科生分别上调至万元、万元、万元，夫妻双方可叠加使用。该规定暂定执行至年月日。支持使用直系亲属公积金支付购房首付款。在本市行政区域内购买家庭首套新建商品房的，公积金缴存人可申请提取本人及其配偶、父母、子女的公积金账户余额用于支付首付款。该规定暂定执行至年月日。推进灵活就业人员参加住房公积金制度。进一步推进灵活就业人员参加公积金制度的工作，吸引更多灵活就业人员通过参加住房公积金制度，提高相关群体的购房能力，解决其住房困难问题。详情请点击最新通知事关连云港房地产市场查看,-0.0098006587885535,2023-12-17 20:43:48
长沙取消第套房购买时间限制今日，长沙市住建局发布《关于优化本市居民家庭改善性住房政策的通知》，明确在本市购买第套商品住房，不受首套房网签时间的限制。月日，长沙市对部分房地产限购、限售政策进行优化，明确居民家庭在长沙购买首套房不再需要提供购房证明，住房网签备案满年可转让。政策出台后，对促进住房合理消费、提振市场信心起到积极作用。《通知》强调，为更好满足改善性住房需求，形成政策叠加效应，此次长沙进一步优化居民家庭改善性住房政策，其中明确，在本市购买第套商品住房，不受首套房网签时间的限制。居民家庭名下商品住房单套面积均不足平方米的，可购买套平方米及以上改善性住房，从而满足部分家庭改善性购房需求。居民家庭既包括本市户籍家庭、非本市户籍家庭，也包括单身家庭。长沙市住建局相关负责人表示，本次政策优化，在支持刚性住房的基础上，进一步满足改善性住房需求，发挥长沙房价比较优势、城市竞争优势和宜居宜业优势，助推长沙全力建设全球研发中心城市，促进房地产转型升级、高质量发展，下一步将按照“绿色低碳好房子、智慧安全好小区、功能配套好社区、宜居宜业好城区”等“四好”建设要求，推动房地产业由“有没有”向“好不好”发展，确保长沙房地产市场平稳健康发展。（全媒体记者卜岚通讯员肖海贝）,-0.0135576017180635,2023-12-17 10:59:54
七大利好重磅发布股即将有大动作、上交所：大力发展中国特色指数体系和指数化投资、证监会：多措并举推动提高上市公司质量，更精准有力支持高水平科技自立自强、证监会：严厉打击编造传播资本市场虚假信息以及误导性信息的行为、证监会：对杭州瑜瑶、深圳汇盛等私募机构立案调查、广东：支持广州、深圳结合城中村改造规模化建设保障性租赁住房、广东：扩大新能源汽车消费积极开展新能源汽车下乡活动、长沙：优化家庭改善性购房政策，取消购买第套房时间限制最近的行情，可谓是一波三折，但在这个位置，可千万不要慌，更不能怂大终归会好起来的，涨上去也只是时间问题，我们一定要有信心和耐心记住如今有多痛苦，后期就会有多疯狂股票交流股市分析股民交流,-0.5045736265862868,2023-12-17 15:58:42
长沙优化家庭改善性购房政策，取消购买第套房时间限制长沙月日，长沙市住建局发布《关于优化本市居民家庭改善性住房政策的通知》，明确在本市购买第套商品住房，不受首套房网签时间的限制；居民家庭名下商品住房单套面积均不足平方米的，可购买套改善性住房（平方米及以上）。此举旨在因城施策用好政策工具箱，更好支持刚性和改善性住房需求，促进房地产市场平稳健康发展。（长沙晚报）,0.0018257261422233,2023-12-17 11:00:47
七大利好重磅发布股即将有大动作、上交所：大力发展中国特色指数体系和指数化投资、证监会：多措并举推动提高上市公司质量，更精准有力支持高水平科技自立自强、证监会：严厉打击编造传播资本市场虚假信息以及误导性信息的行为、证监会：对杭州瑜瑶、深圳汇盛等私募机构立案调查、广东：支持广州、深圳结合城中村改造规模化建设保障性租赁住房、广东：扩大新能源汽车消费积极开展新能源汽车下乡活动、长沙：优化家庭改善性购房政策，取消购买第套房时间限制最近的行情，可谓是一波三折，但在这个位置，可千万不要慌，更不能怂大终归会好起来的，涨上去也只是时间问题，我们一定要有信心和耐心记住如今有多痛苦，后期就会有多疯狂,0.564496479851111,2023-12-17 10:43:39
长沙取消购买第二套房时间限制长沙优化家庭改善性购房政策，取消购买第套房时间限制长沙身边事,-0.110026783093211,2023-12-15 21:05:59
满足家庭改善居住需求长沙市优化家庭改善性购房政策今日，长沙市住建局发布《关于优化本市居民家庭改善性住房政策的通知》，明确在本市购买第套商品住房，不受首套房网签时间的限制；居民家庭名下商品住房单套面积均不足平方米的，可购买套改善性住房（平方米及以上）。此举旨在因城施策用好政策工具箱，更好支持刚性和改善性住房需求，促进房地产市场平稳健康发展。（长沙晚报）,1.0,------
取消购买第套房时间限制长沙优化家庭改善性购房政策和房东直接聊,0.0158720982391799,2023-12-15 21:55:00
财经超话助力房地产复苏的举措在路上，不断加码，不断落地。房地产取消购买第套房时间限制长沙优化家庭改善性购房政策月日，长沙市住建局发布《关于优化本市居民家庭改善性住房政策的通知》，明确在该市购买第套商品住房，不受首套房网签时间的限制；居民家庭名下商品住房单套面积均不足平方米的，可购买套改善性住房（平方米及以上）。此举旨在因城施策用好政策工具箱，更好支持刚性和改善性住房需求，促进房地产市场平稳健康发展。读书看报吃喝睡觉说财经,0.0736762265875803,2023-12-15 19:06:24
长沙放松二套房限购优化家庭改善性购房政策长沙取消购买第套房时间限制月日，长沙市住建局发布《关于优化本市居民家庭改善性住房政策的通知》，明确在该市购买第套商品住房，不受首套房网签时间的限制；居民家庭名下商品住房单套面积均不足平方米的，可购买套改善性住房（平方米及以上）。此举旨在因城施策用好政策工具箱，更好支持刚性和改善性住房需求，促进房地产市场平稳健康发展。湖南交通频道官方微博,-0.2250841588534049,2023-12-15 16:10:54
长沙取消第套房购买时间限制今日，长沙市住建局发布《关于优化本市居民家庭改善性住房政策的通知》，明确在本市购买第套商品住房，不受首套房网签时间的限制。月日，长沙市对部分房地产限购、限售政策进行优化，明确居民家庭在长沙购买首套房不再需要提供购房证明，住房网签备案满年可展开,-0.0392026351542148,2023-12-15 11:52:50
长沙取消购买第套房时间限制，长沙优化家庭改善性购房政策月日，长沙市住建局发布《关于优化本市居民家庭改善性住房政策的通知》，明确在该市购买第套商品住房，不受首套房网签时间的限制；居民家庭名下商品住房单套面积均不足平方米的，可购买套改善性住房（平方米及以上）。此举旨在因城施策用好政策工具箱，更好支持刚性和改善性住房需求，促进房地产市场平稳健康发展。月日，长沙市对部分房地产限购、限售政策进行优化，明确居民家庭在长沙购买首套房不再需要提供购房证明，住房网签备案满年可转让。政策出台后，对促进住房合理消费、提振市场信心起到积极作用。,-0.082756397556949,2023-12-15 01:29:04
长沙优化家庭改善性购房政策：长沙取消购买第套房时间限制月日，长沙市住建局发布《关于优化本市居民家庭改善性住房政策的通知》，明确在长沙购买第套商品住房，不受首套房网签时间的限制；居民家庭名下商品住房单套面积均不足平方米的，可购买套改善性住房（平方米及以上）。（财联社）,-0.2374224607230649,2023-12-14 23:35:24
长沙取消购买第二套房时间限制长沙优化家庭改善性购房政策长沙市住建局发布《关于优化本市居民家庭改善性住房政策的通知》，明确在该市购买第套商品住房，不受首套房网签时间的限制；居民家庭名下商品住房单套面积均不足平方米的，可购买套改善性住房（平方米及以上）。此举旨在因城施展开,0.0233018314936514,2023-12-14 22:36:07
长沙取消第套房购买时间限制今日，长沙市住建局发布《关于优化本市居民家庭改善性住房政策的通知》，明确在本市购买第套商品住房，不受首套房网签时间的限制；居民家庭名下商品住房单套面积均不足平方米的，可购买套改善性住房（平方米及以上）。此举旨在因城施策用好政策工具箱，更好支持刚性和改善性住房需求，促进房地产市场平稳健康发展。月日，长沙市对部分房地产限购、限售政策进行优化，明确居民家庭在长沙购买首套房不再需要提供购房证明，住房网签备案满年可转让。政策出台后，对促进住房合理消费、提振市场信心起到积极作用。为更好满足改善性住房需求，形成政策叠加效应，此次长沙进一步优化居民家庭改善性住房政策，其中明确，在本市购买第套商品住房，不受首套房网签时间的限制；居民家庭名下商品住房单套面积均不足平方米的，可购买套平方米及以上改善性住房，从而满足部分家庭改善性购房需求。居民家庭既包括本市户籍家庭、非本市户籍家庭，也包括单身家庭。长沙市住建局相关负责人表示，本次政策优化，在支持刚性住房的基础上，进一步满足改善性住房需求，发挥长沙房价比较优势、城市竞争优势和宜居宜业优势，助推长沙全力建设全球研发中心城市，促进房地产转型升级、高质量发展，下一步将按照“绿色低碳好房子、智慧安全好小区、功能配套好社区、宜居宜业好城区”等“四好”建设要求，推动房地产业由“有没有”向“好不好”发展，确保长沙房地产市场平稳健康发展。（全媒体记者卜岚通讯员肖海贝）三湘都市报的微博视频,0.0479356232471866,2023-12-14 21:34:01
长沙优化家庭改善性购房政策：取消购买第套房时间限制名下无平方米以上改善性住房可购买套财联社月日电，长沙市住建局发布《关于优化本市居民家庭改善性住房政策的通知》，明确在本市购买第套商品住房，不受首套房网签时间的限制；居民家庭名下商品住房单套面积均不足平方米的，可购买套改善性住房（平方米及以上）。此举旨在因城施策用好政策工具箱，更好支持刚性和改善性住房需求，促进房地产市场平稳健康发展。长沙取消购买第套房时间限制,-0.0474321757754287,2023-12-14 19:57:38
长沙取消购买套房时间限制长沙优化改善性购房政策月日，长沙市住建局发布《关于优化本市居民家庭改善性住房政策的通知》，明确在该市购买第套商品住房，不受首套房网签时间的限制；居民家庭名下商品住房单套面积均不足平方米的，可购买套改善性住房（平方米及以上）。此举旨在因城施策用好政策工具箱，更好支持刚性和改善性住房需求，促进房地产市场平稳健康发展。（长沙晚报）,-0.0360355515393097,2023-12-14 19:01:20
长沙取消购买第二套房时间限制长沙优化家庭改善性购房政策长沙市住建局发布《关于优化本市居民家庭改善性住房政策的通知》，明确在该市购买第套商品住房，不受首套房网签时间的限制；居民家庭名下商品住房单套面积均不足平方米的，可购买套改善性住房（平方米及以上）。此举旨在因城施策用好政策工具箱，更好支持刚性和改善性住房需求，促进房地产市场平稳健康发展。（中国房地产报）,-0.3031027165569788,2023-12-14 19:08:23
长沙取消购买第套房时间限制满足家庭改善居住需求长沙优化家庭改善性购房政策，取消购买第套房时间限制今日，长沙市住建局发布《关于优化本市居民家庭改善性住房政策的通知》，明确在本市购买第套商品住房，不受首套房网签时间的限制；居民家庭名下商品住房单套面积均不足平方米的，可购展开,0.0826223517406677,2023-12-16 00:00:23
今天房地产应该有所表现吧博士聊基金超话北京、上海两大一线城市在同一日调整优化了购房相关政策。北京首套住房个人住房贷款最低首付款比例统一下调为；二套住房个人住房贷款最低首付款比例下调为城六区、非城六区。上海首套住房商业性个人住房贷款利率下限调整为不低于相应期限贷款市场报价利率（）减个基点，最低首付款比例调整为不低于。,-0.0123127423466078,2023-12-17 07:13:39
京沪同时释放多重楼市利好，业内称“意义重大”上海有千万级二手房当晚签约两大一线城市同步进行楼市重大调整。月日，北京、上海先后发布重磅新政，对普通住宅标准、购房首付比例、房贷利率等进行了优化调整，在降低购房资金门槛、减少房贷利息支出、降低住房交易成本等多个层面上释放利好。有在上海的一项目营销主管向第一财经记者表示，日常在案场时常会遇到很多客户要改善的需求，却因置换门槛高，好楼盘买不起、能买的项目又不符合需求，于是“悬在那里”，新政策对这部分客群会形成刺激作用。某央企在沪营销负责人也直言，新政策有望精准释放一部分需求，“冲一波年底业绩”。上海新政后多个售楼处小时不打烊具体来看，由于首套、二套住房首付比例下降，直接降低了首套刚需、二套改善住房需求的入市门槛，有助于缓解购房者前期购房资金压力，促进部分购房需求的释放。京沪同时释放多重楼市利好，业内称“意义重大”,-0.0020269953770496,2023-12-15 14:27:54
喇叭花快报北京购房政策调整优化的“靴子”终于落地。昨天（月日），北京市住建委等五部门联合发布《关于调整优化本市普通住房标准和个人住房贷款政策的通知》，调整首套房、二套房的首付比例，首套房首付比例统一降至，二套房首付比例最低为。,0.0843088284159365,2023-12-15 10:16:37
房地产京沪楼市政策大招。一线政策底，二线步入市场底。北京上海调整优化购房政策,0.6289829861466846,2023-12-15 09:28:11
今日看盘超话股市早评一、财经消息、隔夜美股三大指数集体收涨，道指续创收盘新高。、每日经济新闻：北京、上海两大一线城市在同一日调整优化了购房相关政策。、证监会：加大力度支持国企改革和民营经济发展壮大、数据宝：四部门日前联合印发了《关于加快推进现代航运服务业高质量发展的指导意见。股市早评：、美股三大指数集体收涨，道指续创收盘新高；、北京、上海两大一线城市在同一日调整优化了购房相关政策；、证监会：加大力度支持国企改革和民营经济发展壮大；、四部门联合印发了《关于加快推进现代航运服务业高质量发展的指导意见。、月份，中国进口煤炭万吨，同比增长；、央行：将加大稳健货币政策实施力度，保持流动性合理充裕。、技术面来看，昨日上证大盘收出一颗高开冲高遇阻回落的阴线，量能较昨日继续萎缩，市场谨慎观望情绪有增无减。、国企改革概念仍大概率在后续盘面中反复活跃，但需注意分化。市场仍需保持谨慎，重点留意局部的题材或个股性的机会。,0.2495320843084428,2023-12-15 09:24:18
天风地产降成本走向第一线北上调整优化购房政策点评北京：降首付、降利率、调标准月日，北京市住建委等五部门发布《关于调整优化本市普通住房标准和个人住房贷款政策的通知》。）降首付：首套房首付比例统一降至（前：普宅，非普），二套房首付城六区，非城六区（前：普宅，非普）。）降利率：城六区首套、二套房贷利率下限降至、；非城六区降至、（前：首套、二套）。）调标准：单套住房认定标准提至平前：平，取消总价要求，环线单价上限较此前提高。上海：调整普宅标准，优化差别化信贷政策月日，上海住建委等五部门联合印发通知，调整普通住房标准和优化差别化住房信贷政策。）降首付：首套商贷首付比例降至（前：）；二套全市降至，临港及嘉定、青浦、松江、奉贤、宝山、金山区降至（前：普宅，非普）；）降利率：首套房贷利率下限降至（前：）；二套全市降至、临港及区降至（前：）。）调标准：单套住房认定标准提至平前：平，并剔除总价要求。在一线全面落实“认房不认贷”，广深相继下调二套首付后，北上限贷政策调整如期而至。从力度看，一线四城调整后首、二套首付标准及利率加点大体相当，且在特定区域及限购方面仍留有政策空间。普宅认定放松将扩大增值税费优惠普及面，同时利好改善需求。月单月北、上新房成交分别度同比，量价层面均有压力，本次政策将降低购房者入市门槛及购房成本，我们认为或对一线城市住房需求释放形成有效刺激，对稳定市场预期、促进基本面回稳等均起到积极作用。标的方面，：）优质地产龙头：招商蛇口、保利发展、中国海外发展，建议关注越秀地产；）优质物管企业：招商积余、保利物业，建议关注中海物业、万物云；）保障房及城中村改造主题：绿城管理控股，建议关注城建发展。,-0.0697105460626208,2023-12-15 09:21:48
就在（月日），一线城市中购房政策最为坚挺的两个城市，北京、上海，在同一天里，出台了购房新政。北京五大部门联合发通知，对当前的购房政策进行优化，包括：首套房首付比例统一降至；二套房首付比例最低为；城六区和非城六区，首套房贷利率下限分别调整为和。同时，贷款最长年限也从年恢复至年。上海也同样迎来了双降，降首付、降利率一起上。首套房首付比例统一降低至；二套房首付比例统一降低至；首套房、二套房贷款利率分别降至和。此外，北京、上海此次都对普通住宅的认定标准进行了大幅调整。面积上限从提升到；非普宅认定，不再看成交总价；上海是直接剔除了价格指标，北京虽然保留了成交单价的认定标准，但上限相较之前也进行了大幅上调。根据预测，执行新标准后，目前北京市场上可被认定为普通住宅的商品房，将从过去的约三成提高到约七成。大量二手房将不再需要缴纳豪宅税，大大降低了换房的交易成本。这类政策虽然对沈阳不会有波及但对全国的示范效应还是非常明显预计个别城市还会有一波调整直播今晚七点直播,0.013953310613052,2023-12-15 10:06:33
天风证券：北上调整优化购房政策，降成本走向第一线北京：降首付、降利率、调标准月日，北京市住建委等五部门发布《关于调整优化本市普通住房标准和个人住房贷款政策的通知》。）降首付：首套房首付比例统一降至（前：普宅，非普），二套房首付城六区，非城六区（前：普宅，非普）。）降利率：城六区首套、二套房贷利率下限降至、；非城六区降至、（前：首套、二套）。）调标准：单套住房认定标准提至平前：平，取消总价要求，环线单价上限较此前提高。上海：调整普宅标准，优化差别化信贷政策月日，上海住建委等五部门联合印发通知，调整普通住房标准和优化差别化住房信贷政策。）降首付：首套商贷首付比例降至（前：）；二套全市降至，临港及嘉定、青浦、松江、奉贤、宝山、金山区降至（前：普宅，非普）；）降利率：首套房贷利率下限降至（前：）；二套全市降至、临港及区降至（前：）。）调标准：单套住房认定标准提至平前：平，并剔除总价要求。在一线全面落实“认房不认贷”，广深相继下调二套首付后，北上限贷政策调整如期而至。从力度看，一线四城调整后首、二套首付标准及利率加点大体相当，且在特定区域及限购方面仍留有政策空间。普宅认定放松将扩大增值税费优惠普及面，同时利好改善需求。月单月北、上新房成交分别度同比，量价层面均有压力，本次政策将降低购房者入市门槛及购房成本，我们认为或对一线城市住房需求释放形成有效刺激，对稳定市场预期、促进基本面回稳等均起到积极作用。标的方面，重点推荐：）优质地产龙头：招商蛇口、保利发展、中国海外发展，建议关注越秀地产；）优质物管企业：招商积余、保利物业，建议关注中海物业、万物云；）保障房及城中村改造主题：绿城管理控股，建议关注城建发展。,-0.031147078875608,2023-12-15 09:27:45
南方早新闻低至广东将迎来“蹦极式”降温广东最低温跌至度成为广寒宫广州多个路段电动自行车今起禁行汕汕高铁预计本月底通车北京上海调整优化购房政策美国众议院决定对拜登展开弹劾调查拜登为何陷入弹劾门医院职工泄露周海媚病历被行拘,0.0091639968443009,------
最新消息证监会重磅发声全力维护资本市场平稳运行；北京、上海放大招，调整优化购房政策。、证监会：全力维护资本市场平稳运行；、北京、上海调整优化购房政策；、美股三大指数集体收涨，道指续创收盘新高；、鸿蒙系统即将走向独立：多家高校设立“鸿蒙班”，部分已替代安卓成课程核心；、泸州老窖：控股股东拟亿元至亿元增持公司股份。政策解读新浪看点网页链接,0.192054060510076,2023-12-15 10:10:22
今天稳了期指大涨主要原因可能是下面两点：一，证监会召开会议：全力维护资本市场平稳运行，把促进投融资动态平衡放在更突出位置。资本市场是连接企业和投资者的重要枢纽，只有市场平稳向上，才能很好发挥场挥投融资功能。企业才能更好地融资发展，投资者也能享受到企业发展的红利。二，北京上海调整优化购房相关政策。一线城市调整购房相关政策可以更好满足民众刚需和改善性需求。对房地产行业健康持续发展也起到重要作用。住房销售增长也能带动相关行业发展，对刺激消费也能起到带动作用。,-1.0,2023-12-15 10:10:11
基金超话月日上证指数涨跌预测及期权操作计划：消息亮点：北京、上海调整优化购房相关政策。技术分析：上一交易日指数表现如料。小时技术指标收盘时进入低位区。今日指数预计止跌企稳。期权操作计划昨日仍未出现盈利场景，原因是标的波动变小。今日等待波动再加大。（期权投资风险极大，不怕死的可放马过来）,0.0140963989128492,2023-12-15 10:05:53
东方财富股票重磅北京、上海调整优化购房相关政策北京、上海两大一线城市在同一日调整优化了购房相关政策。重磅北京、上海集体出手调整优化购房相关政策来自东方财富网,0.0070474560961259,2023-12-15 10:05:42
早间重磅消息汇总，突发重要信号，三大利好出现，今天大怎么走？证监会主席易会满：全力维护资本市场平稳运行更好发挥资本市场枢纽功能。利好希望将来是稳步有升的股市，而不是稳步运行而已。重要信号国资委大消息坚决防范化解中央企业金融板块业务风险问题。大利好稳定军心金融板块的企稳，才是大企稳的基础。如果金融板块今天出现集体拉升，大有可能再次逆转下跌趋势。潘功胜：主动适应我国房地产市场重大转型，战略上，牢牢坚持房子是用来住的、不是用来炒的定位。定位很清楚了，而且也很合理。接下来更多的应该是实体产业，而不是房地产。市场人士指出，三大力量集体做多，成为中国股市长牛慢牛的坚实基础。而从五到十年维度看，多万亿元居民储蓄中的左右（即万亿元万亿元居民储蓄）未来还会进入到权益市场中。大利好但是真的有这么多钱愿意进场吗？没有赚钱效应的市场，是不可能有这么多资金进来的，只有让市场有赚钱效应，才能吸引更多的投资者。国家新闻出版署：发布月国产网络游戏审批信息，共款游戏获批。利好游戏板块游戏板块今天将继续上涨再融资从严从紧“五条红线”提高门槛多家上市公司定增“搁浅”。大利好大幅减少上市公司的再融资行为，有利于市场稳定，至少市场失血大幅减少。中信证券：申请发行不超亿元公司债券获证监会同意注册批复。大利空欧美普跌，纳斯达克跌近，中概股普跌，金龙指数下跌超，人民币下跌。利空港股和大开盘。小结：今天大预计还会继续调整，而且会尝试破点。但是在接近时，市场很可能会迎来一波抄底反弹，大概率还是国家队出手，另外大金融今天也会充当稳定器作用。点今天还是能守住的今天热点还是泛科技方向，当然大金融应该也会有机会。,-0.2396304015666058,2023-12-05 08:04:50
行长潘功胜的文章：主动适应我国房地产市场重大转型。主动适应我国房地产市场重大转型，战略上，牢牢坚持房子是用来住的、不是用来炒的定位。策略上，弱化房地产市场风险水平，防范房地产市场风险外溢，一视同仁满足不同所有制房地产企业合理融资需求，维护房地产市场稳健运行。为保障性住房等“三大工程”建设提供中长期低成本资金支持，完善住房租赁金融政策体系，加快构建房地产发展新模式。,0.570843455948212,2023-12-05 11:40:21
潘功胜人民日报撰文：主动适应我国房地产市场重大转型，战略上牢牢坚持“房住不炒”定位金融是国民经济的血脉，是国家核心竞争力的重要组成部分，事关经济兴衰和国家安危，事关人民群众安居乐业，必须坚持党中央对金融工作的集中统一领导。金融管理主要是中央事权，必须毫不动摇坚持党中央集中统一领导。金融工作会议时隔年再次召开，从“全国金融工作会议”更名为“中央金融工作会议”，进一步凸显了党中央对金融工作的高度重视，金融在党和国家事业全局中的重要地位。中央金融工作会议围绕奋力开拓中国特色金融发展之路强调“八个坚持”，坚持党中央对金融工作的集中统一领导是根本保证。,0.0202386515037904,2023-12-05 11:34:15
潘功胜人民日报撰文：主动适应我国房地产市场重大转型主动适应我国房地产市场重大转型，战略上牢牢坚持房子是用来住的、不是用来炒的定位；策略上弱化房地产市场风险水平，防范房地产市场风险外溢，一视同仁满足不同所有制房地产企业合理融资需求，维护房地产市场稳健运行。为保障性住房等“三大工程”建设提供中长期低成本资金支持，完善住房租赁金融政策体系，加快构建房地产发展新模式。,0.0148825375547412,2023-12-05 11:25:29
“主动适应我国房地产市场重大转型战略上牢牢坚持“房住不炒”定位”。房住不炒，也就意味着房价不涨，房价不涨也就意味着房子不再具有金融属性，不再具有投资属性，也就意味着前期被套牢的投资性房产家庭永不得翻身，也就意味着房地产及其产业链不会再有复苏之可能。前浪死在沙滩上，从此不会有后浪。后来因住买房者，当是应感恩新时代好政策。,0.0137968719917279,2023-12-05 20:56:31
潘功胜：主动适应我国房地产市场重大转型战略上牢牢坚持“房住不炒”定位保利发展持续大跌所以啊，在房地产行业大转型的情况下，别以为躲在央企就安全，他最多只能保证不像恒大、碧桂园等暴雷，但不代表不跌,-0.0671276163325656,2023-12-05 09:27:40
央行潘功胜：主动适应我国房地产市场重大转型战略上牢牢坚持“房住不炒”定位,-0.1415431737399363,2023-12-05 08:57:50
潘功胜：主动适应我国房地产市场重大转型战略上牢牢坚持“房住不炒”定位非常认同这位央行行长，无论是在认识还是在操作。市场变了，不能死抱着老思维不放,0.6026719407901796,2023-12-05 14:59:56
央行行长潘功胜在《人民日报》发表文章指出，要加强与财政、监管等政策的协调配合，持续增加对重大战略、重点领域和薄弱环节的支持。高质量发展是首要任务，继续利用支农支小再贷款、再贴现和普惠小微贷款等支持工具，延续实施碳减排支持工具、支持企业技术进步专项再贷款、普惠养老专项再贷款等，支持科技创新、民营小微、先进制造、绿色发展、普惠养老等领域健康发展，积极开展科技金融、绿色金融、普惠金融、养老金融、数字金融等五个方面的工作。要主动适应我国房地产市场的重大转型，战略上坚持房子是用来住的、不是用来炒的定位；策略上，要降低房地产市场风险水平，防止风险外溢，平等对待不同所有制房地产企业的合理融资需求，维护房地产市场的稳健运行。要为保障性住房等“三大工程”的建设提供中长期低成本资金支持，完善住房租赁金融政策体系，加快构建房地产发展新模式。目前，我国银行体系贷款余额超过万亿元，社会融资规模余额超过万亿元；近年来，我国每年贷款新增万亿元左右，社会融资规模新增多万亿元。盘活存量贷款、提升存量贷款使用效率、优化新增贷款投向，这三个方面对支撑经济增长的意义本质上是相同的。,-0.1937136859222621,------
央行行长潘功胜主动适应我国房地产市场重大转型战略上牢牢坚持“房住不炒”定位还有人在炒房？,-0.0512804919893159,2023-12-04 20:48:06
央行行长称要主动适应我国房地产重大转型潘功胜：主动适应我国房地产市场重大转型央行行长潘功胜在《人民日报》版撰文指出，主动适应我国房地产市场重大转型，战略上，牢牢坚持房子是用来住的、不是用来炒的定位；策略上，弱化房地产市场风险水平，防范房地产市场风险外溢，一视同仁满足不同所有制房地产企业合理融资需求，维护房地产市场稳健运行。为保障性住房等“三大工程”建设提供中长期低成本资金支持，完善住房租赁金融政策体系，加快构建房地产发展新模式。（每经）,0.0100900433576224,2023-12-04 16:12:24
央行行长潘功胜在《人民日报》撰文指出，主动适应我国房地产市场重大转型战略上牢牢坚持“房住不炒”定位。股票分析超话,0.0184994974046422,------
潘功胜：主动适应我国房地产市场重大转型战略上牢牢坚持“房住不炒”定位,1.0,2023-12-04 16:19:44
潘功胜：主动适应我国房地产市场重大转型战略上牢牢坚持“房住不炒”定位。,0.0092897826057085,------
潘功胜：主动适应我国房地产市场重大转型中国央行行长潘功胜今日在人民日报刊发题为《加快现代中央银行制度建设构建中国特色现代金融体系》的文章指出，主动适应我国房地产市场重大转型，战略上，牢牢坚持房子是用来住的、不是用来炒的定位；策略上，弱化房地产市场风险水平，防范房地产市场风险外溢，一视同仁满足不同所有制房地产企业合理融资需求，维护房地产市场稳健运行。为保障性住房等“三大工程”建设提供中长期低成本资金支持，完善住房租赁金融政策体系，加快构建房地产发展新模式。房地产如何，这已经说得很清楚了，请自己好好适应,0.4278320211502207,2023-12-04 15:06:26
潘功胜：主动适应我国房地产市场重大转型战略上牢牢坚持“房住不炒”定位财联社月日电，央行行长潘功胜在《人民日报》撰文指出，加强与财政、监管等政策的协调配合，持续加大对重大战略、重点领域和薄弱环节的支持力度。服务高质量发展首要任务，继续用好支农支小再贷款、再贴现和普惠小微贷款支持工具，延续实施碳减排支持工具、支持企业技术进步专项再贷款、普惠养老专项再贷款等，支持科技创新、民营小微、先进制造、绿色发展、普惠养老等领域健康发展，做好科技金融、绿色金融、普惠金融、养老金融、数字金融五篇大文章。主动适应我国房地产市场重大转型，战略上，牢牢坚持房子是用来住的、不是用来炒的定位；策略上，弱化房地产市场风险水平，防范房地产市场风险外溢，一视同仁满足不同所有制房地产企业合理融资需求，维护房地产市场稳健运行。为保障性住房等“三大工程”建设提供中长期低成本资金支持，完善住房租赁金融政策体系，加快构建房地产发展新模式。,0.9124211092709412,------
央行行长称要主动适应我国房地产市场重大转型潘功胜：主动适应我国房地产市场重大转型央行行长潘功胜在《人民日报》版撰文指出，主动适应我国房地产市场重大转型，战略上，牢牢坚持房子是用来住的、不是用来炒的定位；策略上，弱化房地产市场风险水平，防范房地产市场风险外溢，一视同仁满足不同所有制房地产企业合理融资需求，维护房地产市场稳健运行。为保障性住房等“三大工程”建设提供中长期低成本资金支持，完善住房租赁金融政策体系，加快构建房地产发展新模式。（每经）,0.8812785871287434,2023-12-04 16:29:14
财联社月日电，央行行长潘功胜在《人民日报》撰文指出：、潘功胜：合理把握利率水平推动实体经济融资成本稳中有降、潘功胜：深化利率汇率市场化改革健全市场化利率形成、调控和传导机制、潘功胜：更加注重跨周期和逆周期调节保持货币信贷总量和社会融资规模合理增长、潘功胜：推动金融稳定立法健全金融稳定保障基金制度、潘功胜：主动适应我国房地产市场重大转型牢牢坚持房子是用来住的、不是用来炒的定位、潘功胜：推动稳妥化解重点区域和重点机构金融风险,0.0897823402113377,------
宏观跟踪：投资宏观经济深圳发布优化住房限购政策：本地户籍取消落户年限以及缴纳个人所得税、社会保险年限要求财联社月日电，深圳市住房和建设局发布关于优化住房限购政策的通知，一、本市户籍居民家庭（含部分家庭成员为本市户籍居民的家庭）限购套住房，本市户籍成年单身人士（含离异）限购套住房；取消落户年限以及缴纳个人所得税、社会保险年限要求。二、非本市户籍居民家庭及成年单身人士（含离异）能提供购房之日前年在本市连续缴纳个人所得税或社会保险证明的，限购套住房。本通知自印发之日起执行。来自财联社新政简单解读：深户：一入深户即可在深圳买房之前政策入深户年交社保年非深户：交年社保可在深圳买房之前政策交年社保此前市场预期为放开部分非核心区域的限购，本次新政超预期放松，基本回到年落户就能买房的时期，基本等于全面放开，因为落户深圳的门槛很低。,0.0111215510333426,2024-02-08 09:13:19
转：深圳楼市连夜出新政策，深圳楼市年后要逆风翻盘了。深户就可以买房了，不用看社保非深户三年社保即可买房这样大大释放了购房需求，深圳楼市新策详解非深户单身家庭套、社保年改年深户单身套、不看社保和落户年限深户家庭套、不看用看社保和落户年限觉得这个解读是对的吗？,0.0043175324623276,------
深圳优化调整购房政策深圳放松限购，落户即可买房；社保或个税年改年。成都春节后会迎来楼市放松吗？楼市调控楼市松绑,0.0064149740348195,2024-02-08 08:40:20
北京通州限购优化月日下午，北京市通州区松绑限购政策，四类家庭，可在通州区购买套商品住房。一是在京未拥有住房的北京户籍居民家庭；二是在京已拥有套住房的通州区户籍居民家庭；三是在京已拥有套住房，与在通州区注册或经营的企业、疏解搬迁至通州区的党政机关、企事业单位存在劳动关系的北京户籍居民家庭；四是在京未拥有住房，与在通州区注册或经营的企业、疏解搬迁至通州区的企事业单位存在劳动关系的非京籍居民家庭。调整后，在通州区落户或就业的家庭，如需购买通州区商品住房，符合本市限购条件即可，取消了在通州落户或纳税、社保满三年的限制，更有利于促进疏解单位、企业从业人员在城市副中心安居置业，实现职住平衡。和之前的“双限”政策相比，第一类家庭无变化；第二类开庭取消了须在通州区落户、社保或社保年的限制；第三类家庭，京籍非通州户，只要劳动关系在通州，就可以再购买一套住房；第四类家庭，非京籍无房家庭不再“双限”，只要劳动关系在通州，北京社保或个税满年，就可以在通州区买房。,-0.0020655555381527,------
最新北京通州限购政策调整北京市住建委今天发布通知，在京具备购房资格的类家庭，可在通州区购买套商品住房。新政策变化最大的就是在通州区落户和就业的家庭，只要符合北京整体限购政策即可，取消了落户、社保或纳税需满年的要求。通州区落户或就业家庭买房不再双限（总台央视记者王丰）,0.067858952749767,2024-02-08 18:28:31
北京调整通州楼市限购政策据媒体报道：新政策变化最大的就是在通州区落户和就业的家庭，只要是符合北京整体限购政策即可，取消了落户、社保或纳税需满年的要求。这个是不是可以这么理解了？张三想在北京通州买房，只要有钱就可以了。对吗？疑问：那么买房了是否就可以通州落户呢？可以正常参加通州高考吗？补充：刚才看到的媒体报道是不完整的，在话题置顶的微博里看到了这图二张图片，解答了疑问。,-0.4696141234294352,------
北京通州落户或就业家庭不再双限北京通州楼市限购政策优化你会在通州买房吗北京市住建委和通州区政府月日发布，即日起，在京具备购房资格的四类家庭，可以在通州区购买一套商品住房。新政策变化最大的就是在通州区落户和就业的家庭，只要符合北京整体限购政策即可，取消了落户、社保或纳税需满年的要求。（北京日报）你计划在北京通州买房吗？新浪财经的微博投票,1.0,2024-02-06 17:38:19
最新北京通州限购政策调整北京市住建委今天发布通知，在京具备购房资格的类家庭，可在通州区购买套商品住房。新政策变化最大的就是在通州区落户和就业的家庭，只要符合北京整体限购政策即可，取消了落户、社保或纳税需满年的要求。通州区落户或就业家庭买房不再双限,-0.0019721060948067,2024-02-06 16:40:41
上海苏州同日优化住房限购政策上海优化住房限购政策经观上海单身也能买房了，苏州可以随便买月日，上海印发《关于优化本市住房限购政策的通知》，宣布优化住房限购政策，明确非沪籍居民缴满年社保，可在外环以外区域（崇明区除外）限购套住房。此前，上海要求非上海户籍单身人士购房，需满足“年社保已婚”条件。同日上午，苏州也对新房、二手房全面取消限购。苏州市房地产市场和交易管理中心一位工作人员告诉经济观察网，从月日起，苏州不再进行购房资格的审核。“无论是本地、外地人，名下有多少套住房，都可以在苏州买房。”实际上，早在年月，金山区便打响了上海放开单身限购的“第一枪”，到了年月日，上海青浦、奉贤两区也跟进人才购房政策，非沪籍单身人才交满年社保即可购房。经济观察报视频的微博视频,-0.0014779363206788,------
感觉到今年年底，京沪市内区，单身年社保可买房，其余区域，单身年社保即可。然后到明年，全市区单身社保年可买，然后买房送户口广州：优化调整限购政策放开平方米户型限购广州市人民政府办公厅发布关于进一步优化我市房地产市场平稳健康发展政策措施的通知。其中提出，优化调整限购政策。在限购区域范围内，购买建筑面积平方米以上（不含平方米）住房，不纳入限购范围。在限购区域范围内，居民家庭将自有住房用作租赁住房并办理房屋租赁登记备案手续的，或者在我市存量房交易系统取得房源信息编码并挂牌计划出售的，购买住房时相应核减家庭住房套数。（广州市政府）,-0.1181124824241024,2024-02-06 22:52:54
上海终于彻底不装了松绑，松绑，再松绑在严峻的现实面前，“贵族”上海，终于敞开怀抱欢迎外地人在上海买房了。月日，上海青浦、奉贤两个区同时官宣：凡在沪缴纳职工社会保险或个人所得税满年及以上、且在本市无住房，与青浦区、奉贤区用人单位签订年及以上劳动（聘用）合同且工作满年的非沪籍人才，可以在上海购买住房。注意，这里的非沪籍人才的界定，其要求是相对低的，不像之前的国内应届研究生或全球百强名校留学生，而是“具有大学本科及以上学历或学士及以上学位”等即可。上海松绑尺度如此之大，这在一年前是不可想象的。要知道，这次青浦、奉贤的超级松绑（所谓上海外地人才满年社保即可购房），已经是近期上海楼市新政的第二次紧急推进。上一次，月下旬，上海金山区突然官宣，金山外地人才社保满年可购房。短短三个月，上海大幅调降购房社保年限的试点，就从一个区扩大到三个区，再加上此前一直执行非沪籍年可购房的浦东偏远地带的临港新片区，上海非主城区购房的社保年限下调，事实上已经覆盖了一大半的区域。“贵族”上海终于不装了，终于褪下贵族的新装，这是什么节奏？这是上海楼市超级承压的节奏。这是中国城市博弈极限内卷的节奏。要知道，上海执行外地人满年社保方可购房的政策，从年上半年到现在，事实已经近年，但是，现在，上海多个非主城区均将外地人“年社保要求”紧急下调到“年社保要求”。更重要的，这事实松绑的，不仅仅是社保年限的“从年调低为年”，更是所谓人才界定的大幅放宽在特定试点区域，人才界定已经从之前的高级，调降为现在的事实中级。当下上海楼市局部区域的大幅松绑，这为下一步上海楼市全域的大幅松绑，事实已经做了一个铺垫。如果不出意外，如果上海楼市接下来继续承压，那么，可以预料，最迟年，上海楼市超大概率将会迎来全域范围的大幅松绑，从社保交缴年限的下调到人才要求的下调等等。当下上海楼市局部区域的大幅松绑，这其实是上海楼市超级承压的一个折射。刚刚过去的年，全国楼市整体承压，上海楼市也不例外，从住宅到商业和写字楼，从高端楼盘到中低楼盘，从上海核心主城区到类似青浦、奉贤、金山等外围区域，整个上海楼市都事实迎来了过去二三十年从未遭遇的楼市超级降温。尤其是住宅地产，上海所谓万以上的豪宅，大跌幅度的比比皆是，传统老破小的跌幅局部区域更甚，许多年较高位入手贷款购房的，首付款突然被跌没的、有的甚至因偿还不了贷款而遭遇法拍的，其数量也是呈几何级上升。在楼市如此惨淡的背景下，上海不得不紧急祭出大招，不得不先行启动局部外围区域楼市的大幅松绑，以期维稳楼市，以期维稳地方财政。当下上海楼市局部区域的大幅松绑，这更是中国城市博弈极限内卷的节奏。上海楼市遭遇超级承压，上海可以出招通过降低外地人购房门槛，从而起到消解上海楼市压力、以及吸纳外地人口的作用。但是，广大二三线城市、以及能量更低的城市呢，目前几乎已经无招可用，维稳政策空间几乎已经没有了能降低的门槛现在几乎已经全部降低了，当下遵循的，几乎已经是外地人零门槛购房、零门槛落户的，至多也就是补缴几个月社保而已（注意是“至多补缴”）。而上海现在还仅仅是局部非主城区降低门槛而已，接下来，还有主城区的降低门槛呢，还有主城区针对人才的界定呢，未来几年，上海维稳房价、维稳经济的政策空间，事实还有很多很多。这就一个残酷的现实这是一个存量博弈的时代，产业如此，楼市和城市也是如此。在前天的直播中，我曾经讲过，一线头部城市的上海和北京，即便未来房价还有一定的下行空间，但是，其整体的下行空间，一定会比全国其他城市小。上海和北京，即便未来房价还要下跌震荡一段时期，但是，其整体探底平稳的时间点，一定会比全国其他城市来得更早一些。比如，假设上海北京房价还有的下行空间，那么，全国其他城市房价的平均下行空间至少要有。比如，假设上海北京房价还要震荡下跌年，那么，全国其他城市房价的平均震荡下跌至少要有年。,-0.9951345408078116,2024-02-06 22:30:01
上海楼市上海楼市再出大招：青浦、奉贤两区非沪籍人口社保年即可买房，业内称：预计其他一线城市也会跟进。,0.0053757917374701,2024-02-06 22:03:15
东方财富股票非沪籍单身也能买房了上海青浦、奉贤限购“定向松绑”非沪籍单身人士可以在上海买房的范围再扩大。月日，上海青浦、奉贤两区先后发布人才购房，在规定区域内，符合要求的非沪籍单身人才，社保交满年即可购房。两区的新政均放松了婚后方可买套房的限制，并将社保缴纳年限从年降低至年。上海青浦、奉贤新城区购房新政：非户籍人口社保三年可购房来自东方财富网,0.0028077200810005,2024-02-06 21:39:44
非沪籍单身也能买房了上海青浦、奉贤限购“定向松绑”上海青浦人才新城区购房新政非沪籍单身人士可以在上海买房的范围再扩大。月日，上海青浦、奉贤两区先后发布人才购房，在规定区域内，符合要求的非沪籍单身人才，社保交满年即可购房。两区的新政均放松了婚后方可买套房的限制，并将社保缴纳年限从年降低至年。盛松成称本轮房地产调控是必要的具体来看，青浦区与奉贤区均要求，在沪缴纳职工社会保险或个人所得税满年及以上、且在上海市无住房，与区域内用人单位签订年及以上劳动（聘用）合同且工作满年的非沪籍人才，同时用人单位和个人符合相关条件，可在青浦新城、奉贤新城区域范围内购买套住房，同时购房资格由居民家庭调整为个人。其中，青浦区购房范围为青浦新城东至老通波塘，南至沪青平公路（新），西至青浦大道，北至沪常高速，总面积平方公里。此外，根据城镇发展实际和产业升级需求，该购房区域范围可适当优化。奉贤区的人才购房区域总面积约平方公里，范围设定：北至大叶公路，东至浦星公路，南至上海绕城高速，西至沪杭公路南竹港；北至芝泽路，东至沪杭公路改线，南至八字桥路附近，西至地灵路。上海中原地产资深市场分析师卢文曦向第一财经记者表示，青浦和奉贤的购房新政，和临港最早的人才购房政策较为相似，对吸引人才进入重点发展的新城具有积极意义，同时对区域内楼市交易注入新的动力。卢文曦称，青浦和奉贤的两个新城本身就是楼市交易重点关注区域，在年初释放利好政策也显示出地方政府对产业、对楼市等多方面呵护，即便短期之内楼市不会有太直接的反应，预计也会在年后的小阳春兑现利好。非沪籍单身也能买房了上海青浦、奉贤限购“定向松绑”,-0.1017949299284694,2024-02-06 21:24:28
上海突发楼市新政：青浦、奉贤两区取消单身限购，社保年即可买房月日上午，上海部分区域突发购房新政，对原先的购房条件进行调整。据青浦区、奉贤区政府新闻办公室官方信息平台披露，凡在上海缴纳职工社会保险或个人所得税满年及以上、且在本市无住房，与区域内的用人单位签订年及以上劳动（聘用）合同且工作满年的非沪籍人才，并符合单位条件之一、个人条件之一的，可购买套住房，购房资格由居民家庭调整为个人。青浦区出台的人才新城区域购房政策显示，购房区域范围为青浦新城，东至老通波塘，南至沪青平公路（新），西至青浦大道，北至沪常高速，总面积平方公里。根据城镇发展实际和产业升级需求，上述购房区域范围可适当优化。在单位条件方面，若想符合上述条件购房，需要购房者的单位为青浦区产业发展方向，且工商注册地和税收户管地均在青浦区的企业，同时，是青浦区重点支持引进或为青浦区经济社会发展做出突出贡献的其他单位。个人条件方面，需具有大学本科及以上学历或学士及以上学位；具有中级及以上职称或职业资格；取得国家三级职业资格（高级工）及以上证书的高技能人才，工种与证书相符，且符合单位主导产业或行业（单位提供证明）；最近年内累计个月在本市缴纳职工社会保险基数大于等于本市上年度职工社会平均工资倍；入选“青峰”人才计划、市级及以上人才计划或具有相当层次的人才；青浦区经济社会发展紧缺急需或为青浦区经济社会发展做出特殊贡献的其他人才。需由用人单位提出、行业主管部门推荐并经区委人才办审核认定。青浦区委人才办方面表示，下一步，将进一步发挥多重战略叠加优势，通过华为、美的等龙头企业的带动作用，不断优化人才安居政策，提升人才吸引力，以新城为出发点加大对周边区域的辐射，把青浦打造成人才近悦远来的“幸福温暖家”。奉贤新城此次的人才购房新政实施范围约平方米公里。奉贤区新城区域人才购房实施细则显示，人才购房准入条件与青浦区相差不多，去年以来，市场对于上海五个新城（即青浦新城、奉贤新城、南汇新城、嘉定新城、松江新城）放松限购的呼声较高。目前，临港新片区（南汇新城）、奉贤新城、青浦新城以及金山区已相继放宽购房条件。截至发稿，嘉定和松江暂未公布购房新政。易居研究院研究总监严跃进认为，青浦与奉贤两个区域购房政策调整，跟此前金山政策的调整方向是一样的，针对人才适当放宽购房条件，认定条件较为宽松，将很大程度让更多人享受购房新政。严跃进表示，上述区域将是上海年新房供应较多的区域，市场关注度高。此次调整体现了上海落实差异化购房政策调整的导向，也充分体现地方政府对于人才的重视，反过来有助于区域实现“职住平衡”，提振购房需求。每日经济新闻,0.0,2024-02-06 20:20:45
突发上海奉贤、青浦区最新发布社保满年，无需以家庭为单位，单身即可买房。虽然取消上海郊区限购，对整个楼市行情不痛不痒，但也看得出政策导向趋势明显在变。甲辰年，是破土重生年，也是离运首年，楼市仍然是经济中流砥柱。只不过当任何商品迭代足够成熟后，必然会产生价格分化，有的是永远也坚挺不起来的焦土，有的却成为不断增高的珠峰。,0.0456719210854571,2024-02-06 17:42:17
海口回应放松楼市限售政策属实针对网传海口放松楼市限售政策，限售年限由“五年”改为“两年”的市场传闻，记者向海口市住房和城乡建设局进行了求证。海口市住房和城乡建设局工作人员回应称，消息属实，政策是上周五开始执行，但目前文件没有对外公开。房地产（中证金牛座）,0.0086378467239474,2024-01-11 10:03:56
海口放松楼市限售政策：限售年限由“五年”改为“两年”近日，海口市住房和城乡建设局发布关于优化房地产政策的通知，对商品住房限制转让政策进行优化，即居民家庭购买的商品住房，在购房合同备案满年并取得不动产权证后可转让。据悉，此前海口的楼市“限售”政策为购房合同备案满年才可对外销售。（蓝鲸记者陈业）楼市动态房地产超话,0.0191000103313879,2024-01-11 10:03:26
楼市动态网传海口放松楼市限售政策？官方回应消息属实月日，针对网传海口放松楼市限售政策，限售年限由“五年”改为“两年”的市场传闻，记者向海口市住房和城乡建设局进行了求证。海口市住房和城乡建设局工作人员回应称，消息属实，政策是上周五开始执行，但目前文件没有对外公开。针对网络广泛流传的红头文件内容，上述工作人员回复称，内容均属实。其中，多孩家庭可以购买第三套住房。,0.0020449753442889,2024-01-11 10:04:10
海口楼市限售年限由五年改为两年尿壶里都没几滴尿了，还在扭捏，还可以继续放松，哪怕全部解开也问题不大。,0.0019395822631307,2024-01-11 10:00:44
海口楼市限售改为两年海口楼市限售由五年改为两年月日，针对网传海口放松楼市限售政策，限售年限由原来“五年”改为“两年”的市场消息，向海口市产权交易中心购房资格审核部门进行求证，相关工作人员表示，“政策已经执行，备案满两年有证即可交易。”澎湃新闻，泽塔,0.0096268117788433,2024-01-11 10:00:08
海口放松楼市限售政策：限售年限由“五年”改为“两年”深圳楼市论谈海口放松楼市限售政策海口楼市动态海口楼市最新消息深圳楼市论谈的微博视频,-0.0033776030188752,2024-01-11 10:03:22
网传海口放松楼市限售政策？官方回应消息属实据中国证券报报道，月日，针对网传海口放松楼市限售政策，限售年限由“五年”改为“两年”的市场传闻，记者向海口市住房和城乡建设局进行了求证。海口市住房和城乡建设局工作人员回应称，消息属实，政策是上周五开始执行，但目前文件没有对外公开。针对网络广泛流传的红头文件内容，上述工作人员回复称，内容均属实。其中，多孩家庭可以购买第三套住房。,-0.0003514410379173,2024-01-11 10:00:24
官方确认海口放松楼市限售政策：海口多孩家庭可购买第三套住房月日，针对网传海口放松楼市限售政策，限售年限由“五年”改为“两年”的市场传闻，海口市住房和城乡建设局工作人员回应称，消息属实，政策是上周五开始执行，但目前文件没有对外公开。针对网络广泛流传的红头文件内容，上述工作人员回复称，内容均属实。其中，多孩家庭可以购买第三套住房。（中证金牛座）,-0.0032272310927901,2024-01-11 10:03:15
海口放松楼市限售政策消息属实月日，针对网传海口放松楼市限售政策，限售年限由“五年”改为“两年”的市场传闻，记者向海口市住房和城乡建设局进行了求证。海口市住房和城乡建设局工作人员回应称，消息属实，政策是上周五开始执行，但目前文件没有对外公开。（中证金牛座）,0.0088154568756191,2024-01-11 10:02:07
实时播报：网传海口放松楼市限售政策？官方回应称消息属实月日，针对网传海口放松楼市限售政策，限售年限由“五年”改为“两年”的市场传闻，海口市住房和城乡建设局工作人员回应称，消息属实，政策是上周五开始执行，但目前文件没有对外公开。针对网络广泛流传的红头文件内容，上述工作人员回复称，内容均属实。其中，多孩家庭可以购买第三套住房。（中证金牛座）,-0.0207632813134316,------
海口回应放松楼市限售政策属实针对网传海口放松楼市限售政策，限售年限由“五年”改为“两年”的市场传闻，记者向海口市住房和城乡建设局进行了求证。海口市住房和城乡建设局工作人员回应称，消息属实，政策是上周五开始执行，但目前文件没有对外公开。（中证金牛座）,0.0080431245064169,2024-01-11 15:20:41
行业要闻、由谷歌旗下拆分而来的医药公司宣布与礼来和诺华签署了首个制药合作伙伴关系合同，将技术用于新药物的发现。、美迎来第二大新冠感染浪潮警告：已成全球最主流新冠病毒。、全球首个通过碱基编辑疗法治愈的血红蛋白病患者诞生。、民航业主要指标有望创新高，国际市场成重要增长点。、瑞银：股倍投资机会全球难寻。、月日至日，全国商务工作会议在京召开，推动消费持续扩大，打造投资中国品牌。、海口放松楼市限售政策，限售年限由“五年”改为“两年”,-0.0158518509141858,2024-01-11 14:07:27
每日简报早上好年月日星期二农历冬月廿八、教育：推进义务教育教学改革，在全国设立个实验区、所实验校；、全国铁路日起实行新运行图，每天旅客列车增列；、继甲流后乙流患病比例明显升高，儿科医生：休息好是最好的药物；、我国大部三九期间气温偏高，南方多地暖如三月；、年春运月日开始，共天；、波音全球停飞股价暴跌；、陕西新添个国家级生态农场；、在华销量同比大跌；、广州：房票全市通用，可以转让、限转一次；、海口放松楼市限售政策：限售年限由“五年”改为“两年”；、东航京沪航线启用国产大飞机，经济舱票价元起；、“足球皇帝”贝肯鲍尔去世，享年岁，世界足坛悼念贝肯鲍尔；微语你之所以觉得时间一年比一年过得快，是因为时间对你一年比一年重要。早安秦东记的微博视频,1.0,2024-01-11 13:10:35
海口放松楼市限售政策：限售年限由“五年”改为“两年”月日据蓝鲸，近日，海口市住房和城乡建设局发布关于优化房地产政策的通知，对商品住房限制转让政策进行优化，即居民家庭购买的商品住房，在购房合同备案满年并取得不动产权证后可转让。据悉，此前海口的楼市“限售”政策为购房合同备案满年才可对外销售。股票,-0.0022208693509195,2024-01-11 09:14:34
年月日星期二农历十一月廿八六部门部署无偿献血者激励奖励工作：优先用血、免费乘坐公交等。人社部：要对所有灵活就业人员免费提供基本就业公共服务。民航局：春运民航旅客运输量预计将达万人次，有望创历史新高。全国铁路明日起实行新运行图，每日旅客列车增加列。北京丰台：将探索建立教师退出机制，打破“铁饭碗”观念。浙江“个转企”新政：允许直接变更，无需注销个体户再设企业。海口放松楼市限售政策：限售年限由“五年”改为“两年”。广州“房票安置”政策细化：房票全市通用，可以转让、限转一次。客机舱门掉落事件后，多国航司停飞波音型客机。沙特发现世界级金矿，矿床长达公里，初步估算蕴含超过吨黄金。美国私营企业首次挑战登月任务，发射“游隼”月球着陆器。日本志贺核电站变压器因地震泄漏近万升油，油污流入大海。日本外相宣布：将向北约拨款约万美元，用于支持乌克兰。韩军：因朝鲜连续天炮击，朝韩再无缓冲区。也门胡塞武装提议：只要船只声明与以色列无关，就不会遇袭。,0.0091014584469965,2024-01-11 08:16:52
专家称现在不买房五年又白忙再不来接盘，未来年肯定是白忙活了啊毕竟，谁也不能保证，后面的房地产市场会走出什么样的行情。各种各样的刺激行为都用出来了，还会有什么后续的大招,0.6205245994864695,2024-02-21 10:49:31
大师七情六欲我只剩食欲了专家称现在不买房五年又白忙,-0.0481395678319926,2024-02-21 10:48:40
专家称现在不买房五年又白忙凡是没有名字的专家，都是假语录,0.0567534499888102,2024-02-21 10:39:54
现阶段这个时间点，买房确实合算吗？专家称现在不买房五年又白忙,0.3079306839023035,2024-02-21 10:37:36
昨天央行宣布降息后，又有专家跳出来鼓吹，“现在不买房，五年又白忙”。大家对此怎么看？,0.9528752506449828,2024-02-21 10:37:31
专家称现在不买房五年又白忙也没看到到底是哪个专家说的啊,-0.0348384872048276,2024-02-21 10:37:25
专家称现在不买房五年又白忙以后专家称能不能把专家的大名打在前面让我看看什么专家,0.1103382990280046,2024-02-21 10:37:03
专家称现在不买房五年又白忙现在不买房是因为我不想买吗,-0.0574350555144226,2024-02-21 10:37:02
专家称现在不买房五年又白忙对于刚需买深圳，到底要不要出手了？深圳,-0.6840192429663907,2024-02-21 10:36:40
专家称现在不买房五年又白忙谢谢专家隔三差五的提醒我们知道了,1.0,2024-02-21 08:12:51
专家称现在不买房五年又白忙知道了，假期结束了专家又上班了,-0.1164106315528609,2024-02-21 08:12:46
专家称现在不买房五年又白忙那专家自己肯定都买好了，肯定不止不白忙一个五年,0.2526161627278358,------
专家称现在不买房五年又白忙不买房，年白忙。买了房，年白忙,0.5882838122931716,2024-02-21 07:58:01
长知识买房，你应知道的那些事买房，是一件大事。买房应注意什么？送你买房攻略，从选地段、户型，到签合同、交定金，以及交房验房，为你详细解答。（人民日报）专家称现在不买房五年又白忙,0.4782205134368758,------
专家称现在不买房五年又白忙家又来制造焦虑了,-0.0584051730438364,2024-02-21 08:05:21
专家称现在不买房五年又白忙救命，我看了半天那个专家叫我现在买房，好炸裂，我的眼睛，我的眼睛。,-0.0649768606035106,------
专家称现在不买房五年又白忙砖家的砖又滞销了,0.4510972885636616,2024-02-21 08:03:57
年前两个百强房企销售业绩排行榜，幅继续扩大，同比下降月的房地产市场依然在调整，房企还在挣扎阶段。年月日，各大房地产机构都公布了今年前两个月房企的销售业绩情况。据中指数据显示，今年前两个月，百强房企销售总额为亿元，同比大幅下降了。仅从月来看，销售额为亿元，环比大幅下降了，可见，降幅仍维持高位。我们看看头部房企有没有在座次上有调整，据显示，保利发展仍然位居第一名，其全口径销售额为亿元，如果跟自己去年同期相比，大幅下滑。万科、绿城中国、招商蛇口及华润置地分别排在第二三四五的位置。跟上个月略有差异。特别值得关注的是碧桂园，其在年风波不断，业绩上也受到了很大影响，同比大跌，而且还跌出了前五名的地位。综合来看，各销售阵营成绩都有下滑趋势，比如，超百亿的只有家，跟去年相比少了家。超亿元房企也减少了家，可见，头部房企的规模也都在大幅缩水。出现这样的情况，跟当下楼市低迷有很大关系，尽管政策利好不断，但是效果并没有作用到市场上，需求不足依然是当下最重要的问题。加上去年楼市小阳春导致成绩基数较高，今年跟去年同比就有点尴尬了。面对销售业绩大幅下滑，各大房企也都在做战略收缩，比如调整组织架构，合并战区等，以此来应对低迷的市场，降本增效。房企最大的感触就是，尽管一线城市及热点城市都在松绑，但从成交数据看并未见明显复苏。所以，主动争取机会要比被动强得多。向购房者让利是不变的原则，只有让购房者看到实惠，他们才愿意也才能出手买房，所以，开发商应该抓住金三银四的机会，多多推出购房让利活动。政策上也要继续降低房贷利率等。更要为房企降价打开通道。事实证明，以价换量是有效的。房地产,-0.0003479205104779,2024-03-02 09:58:48
过完年后，楼市都有一段小阳春行情，但是今年的市场有点反常，以我的亲身经历啊，最近约了三个房东，三个房东都跳价了。挂牌价不能少，就是好房东了。有的房东直接就是不卖了说等着涨价。最离谱的是去年谈的万全包，房东要万没谈成。过完年之后客户同意出万，结果房东又变成了万。不知道这些房东是哪里来的勇气在涨价，看不见吗？现在拆迁都变成房票了，利率又在下降。房地产超话,0.0038846984738044,2024-03-01 22:25:04
楼市大说第期楼市小阳春能否如期相关数据显示，年日，重点城市新房成交环比上涨，二手房成交环比上涨，其中北京二手房成交量涨幅居首。气温回暖，春意悄然萌发，在这万物复苏之际，楼市小阳春能否如期？北京新房、二手房市场会有哪些变化？来听听大们怎么说。,0.0035415891219093,------
新北苑已死，朝阳再死，从到再到，这次朝阳官方出货套，后面还有几百套旁边奶西瑟瑟发抖新北苑中铁国际城这个户型的三居一直是最抢手的，因为面积小户型紧凑实用，而且南北通透双卫，同户型的成交记录，同户型成交记录：去年初成交单价还在出头，现在这批竞拍房的均价在，相比去年小阳春的高点跌了北京楼市超话,0.0023252215095233,2024-03-01 22:32:14
楼市小阳春不存在：业绩：月房企销售总额为亿元，同比下降年月，房企销售总额为亿元，同比下降。其中房企月单月销售额环比下降，主要为年春节房市出现了部分反弹，销售额基数较大。销售额超百亿房企家，较去年同期减少家；超五展开,0.0116704225917057,2024-03-02 10:02:41
最近几天除了持续出台的政策利好之外，几乎没看到什么地产行业特别积极的消息。万科、碧桂园、金科几乎都到了举步维艰的地步，这些之前都是优等生，都活得很不错呢，现在却只想活下去如果有好消息的话，那么招商昨天在合肥弄个地王算是，香港房企股价上涨也是一个。但这些消息在迅速增长的二手房面前展开,0.0073696348574103,------
长沙二手房量价整理（）：最近家有喜事女儿降生，加上过年，本月只能在最后一天复盘长沙二手房数据。整体市场挂牌均价近一年来首次跌破万元，来到。挂牌价跌幅最大的是岳麓区（从的元每平米跌到元每平米），千元跌幅，这个确实没有想到。长沙身边事长沙楼市展开,0.0010738250252745,2024-03-02 13:11:37
无锡的楼市还没到底，最近朋友圈新房二手房降价房源频出。去年的小阳春是疫情刚放开，老百姓因为害怕涨价所以纷纷挤踏式去买房。造成的结果就是上半年有多热，下半年就有多冷。同样的户型面积，年初和年末成交的价格能相差近百万。今年的市场肯定不会像去年那样大起大落。因为经历了去年的过山车一样的回落，老百姓似乎对所有的“救市政策”都开始免疫了。越刺激越不买。政策出的越多，越是让人心里惶恐。就像销售员对你越热情，你越觉得他是对你“别有所图”。市场就像一个大筛子，筛掉了那些想靠跟风买房翻身改命的一群人，也筛掉了那些自认为聪明能捡到市场大漏大赚一笔的人。但是它再怎么筛，也筛不掉刚需，筛不掉改善。所以未来几年，甚至可能几十年。在无锡买房的主体一定是刚需和改善。供大于求的情况下，一些劣质资产依旧会不断贬值。相应的，优质核心资产还是会备受追捧。区别就在于优质核心资产如何被定义了微头条首发挑战赛无锡买房,0.0021428512107037,2024-03-01 17:55:02
马航失联乘客家属再次赴马参会太给力了，楼市再次传来了重磅利好消息，又有城市取消了新房限价，难道房价真的要暴涨了吗？月份的小阳春来了吗？一大早起来我就看到了这个重磅利好消息，杭州的萧山和余杭区地块已经取消了新房限价，也就是说不再限制新房的价格了，新房的价格可以涨上去了。而现在全网都在传房地产要迎来春天了，月份的小阳春很快就会袭来，而且房价就要暴涨了，难道这是在为新一轮的房价上涨做好充足的准备吗？如果真的是这个样子，我建议那些还没买房的朋友，还有需求买房的朋友就赶快去买吧，不要再等待了。,-0.0005100116674276,------
楼盘降价遭业主威胁断供背后故事曲折年的深圳楼市，迎来了和年十分相似的魔幻开局。前几天，坪山区玺悦台被业主投诉大幅降价，从约万元平方米降至万平方米，业主怒斥监管“完全不履行监管职责”，并要挟将“断贷断供”。操盘方则将所有责任撇清，称网传的价格“均为中介等第三方个人所为，与我司无关”。深圳中介最终承担了所有。大幅的促销消息没有吸引来新的购买者，只引来了老业主的愤怒。操盘方到底在急什么？详解深圳一楼盘降价遭业主威胁断供实探城楼市小阳春你会在今年出手买房吗,-1.0,2024-03-03 23:59:25
专家预测全球楼市拐点已至，年来最严重的房地产低迷局面将结束大多数国家的房价下跌已经触底不少专家对当下中国房地产的接下来恢复情况比较乐观，虽然整体上不会有大的上涨，但是可能会扭转一直调整的局面，有望迎来楼市小阳春。中国房地产在全球市场中也占据着重要地位，那么全球房地产市场是个什么样子了呢？据英国《金融时报》网站月日报道，数据分析结果显示，全球房价广泛下跌的情况已基本消退，十年来最严重的房地产低迷局面已经到了一个拐点。大多数国家的房价下跌已经触底。大多数发达国家的房价正在上涨或趋于稳定，其他国家的房价下跌速度也在放慢，大部分房价下跌已经过去。中国房地产是不是也将趋于稳定呢？或者说下跌速度也在放慢呢？虽然就目前来看，中国各种利好政策的出台不一定能让楼市改变方向，毕竟过去透支太严重，但一线城市或将率先走出不一样的行情基本上得到专家们的共识。近日，月份个大中城市房价数据公布，市场已经呈现出“弱复苏”态势，二手房和新房销售价格环比下跌的城市数量在减少，同时一线城市一二手房、以及二三线城市二手房环比降幅也呈现收窄态势。所以，市场如同全球行情一样，有了一个微妙的恢复情况，但并不代表市场已出现房价整体性全面上涨的局面。楼市复苏还有很长的路要走，尤其是要看一线城市政策松绑力度能否继续加强，全国楼市都在看着。如果月一线城市迎来楼市小阳春，对市场的信心恢复将起到积极影响。我希望要珍惜这来之不易的效果，别自己给毁了房地产,0.0013838846967526,2024-03-05 10:40:14
年春节，大家都阳了，躺在家里休养。即使在这个前提下，二手房的春节转化率，也比今年高。整个的心气，可见一斑。今年这个小阳春，不会有年初这样的成交火爆。不温不火。但是也够了。现在，要的又不是大鸣大放，要的，是信心的回复。从买房人，卖房人，开发商到其他，现在最需要的，就展开,0.0031734097315453,2024-03-04 14:35:11
发布了头条文章：《上海楼市小阳春来了上周新房成交量暴涨二手房成交数据可观》,-0.0006499096803625,2024-03-01 13:12:01
楼市杂谈前几天一个粉丝问我，他住昌平，想卖掉手里回龙观的一个房子，就是卖不出去，尽管朱辛庄卖的那么火，回龙观二手房卖的还是不行，他说今年小阳春是不是没有了，各位，尽管各种新政出来了，现在楼市还是不温不火，你觉得今年小阳春还能有吗？,-0.0264347174290851,------
北京超话楼市房产北京楼市超话北京月份二手房单日网签量首次突破套北京月日网签数据出炉，快来了解其中期房套，其中住宅套，现房套，其中住宅套；二手房，其中住宅套，你觉得今年北京楼市会有小阳春吗，评论区聊聊你的看法,0.0021469465819371,2024-03-01 09:02:12
一夜之间，深圳楼市又炸锅了。市场的预期变了。从目前掌握的信息来看，新年开工之后，受利好政策眷顾的深圳楼市，逐渐出现复苏的迹象。现在人们讨论深圳楼市，不再是谈房色变，而是开始有了期待：小阳春真的来了吗？这次有没有持续性？能持续多久？,0.0075059883307552,2024-03-01 08:50:37
北京顶级豪宅万柳书院成交两套法拍房，价格一亿的三室两厅单价万平。年万柳书院法拍，当时万平。两年时间几乎腰斩。连核心地段顶级学区永久绿地流通盘少的顶豪价格都崩盘了，房地产市场该有多差？今年的楼市小阳春就别想了。,0.0101349395690155,2024-03-01 09:24:28
年西安楼市还有小阳春吗？年春节后的全国楼市，活跃度都不行。西安的二手房市场，目前交易量很一般，跟春节前差异不大，从上周末开始带看量回暖了一些。今年春节后的楼市小阳春基本可以宣布不存在，最多只有小小阳春。纵观全国，西安如此一般的市场在全国已经算不错，在各个新一线城市里基本只逊色于成都。贝壳新增房源数成交数比值越低，代表市场越活跃。西安西安楼市房产,-0.0025880033966412,2024-03-03 08:44:05
年楼市小阳春可期吗？专家称“大概率是最弱的一次”年以来，利好政策密集出台，传统楼市“小阳春”会如期而至吗？楼市风向标上海正传递出一定积极信号。据上海中原地产数据显示，上周（）新建商品住宅成交面积万平方米，环比增加。不过，在上海中原地产市场分展开,-0.0003321726994664,2024-03-01 14:57:17
据深圳贝壳研究院监测，今年春节假期结束后四天，深圳二手实际成交量创五年新高，同比去年春节后四天增长，比年增长。深圳乐有家门店数据显示，上周（），深圳二手住宅成交量对比春节前上涨近成，对比年春节后首周上涨；门店二手带看量对比节前上涨近，对比年节后首周上涨成。你们觉得月份深圳楼市是否会迎来小阳春？深圳楼市深圳买房二手成交,8.953666385977538e-05,2024-03-03 10:58:59
北京楼市小阳春还有没有了？我就是内谁内谁的微博视频,0.0208383689975658,2024-03-01 09:06:29
上海一饭堂发生情杀案致人死亡太神奇了，小阳春已经扑面而来了吗？房价又要暴涨了吗？这么给力吗？一大早起来我就看到了这样一个消息，有人说楼市的小阳春已经扑灭而来了，真的是把我给震惊掉了，我身边都没有人买房子了，小阳春居然来了。我身边很多朋友不是想买房，而是想卖房，因为前几年亏损的太多了，他们不想承担房价下跌带来的压力，现在只想把生活过得踏实一点，过得好一点。但没想到楼市小王村就这样如约而至了，看样子我们又要开始转变思想了，这个时候是不是要多买几套房子了呢？,-0.0040977095851162,------
小阳春没有了，应该赶紧出楼市刺激组合拳，比如免税免过户费房贷利率降到,0.0091504850330859,2024-03-02 15:49:12
首套房贷利率接近历史低点楼市小阳春或将到来购房最佳时机到了吗据北京青年报：春节假期前，北京、上海、深圳等一线城市相继放松楼市政策以求为小阳春的到来做好铺垫。春节返工后首周，央行的降息政策出台，率先给房地产市场来了一针强心剂北京首套房贷款利率降至月日展开,0.002654456599183,------
链家二手房实时成交对比年春节后第一个周末（）年春节后第一个周末（）周末总量同比降了成很明显今年的小阳春还在酝酿中北京楼市北京楼市,0.000377038909937,2024-02-29 22:11:53
杭州二手房最近成交量低迷，平均每天成交套数只有出头，相比去年月的日均套有明显下降，所以，今年的小阳春应该是没了，年前不愿意出货的卖家，急用钱的可以不用再等了，能走就走吧楼市杂谈杭州楼市杭州未来科技城,0.0010762267786203,------
星星之火，可以燎原。在楼市利好频出的刺激下，四个一线城市中，深圳率先出现回暖。此前市场行情差的时候，人们普遍担心小阳春不来；现在小阳春如约而至，人们又开始担心市场是不是真的回暖了。,-0.0025328377410762,2024-02-29 23:10:46
住房新政出炉到底能省多少钱？海宁多家银行回应重磅万众期待的存量房贷利率下调终于落地月日晚间，中国人民银行国家金融监督管理总局，日下发《关于调整优化差别化住房信贷政策的通知》《关于降低存量首套住房贷款利率有关事项的通知》决定调整优化差别化住房信贷政策，其中提到，自年月日起，存量房贷利率下调。就在昨天下午，浙江公布首套住房商业性个人住房贷款利率政策下限，可作为接下来降存量的具体标准。按照该数据，年月至年月嘉兴存量首套房贷调整后最低可降至，年月至今的存量首套房贷利率调整后最低降至。不少在年期间买房的海宁人，房贷利率都高达个点存量首套房贷利率下调后，到底能为大家省多少利息呢？以万房贷为例，按照等额本息的方式还款，如果当时存量房贷发生时最低下限是，购房者当初最高是按左右购房，调整之后，万年期限的房贷，月供可从每月元降至元，最多下调元左右。大潮网,-0.0282316618277155,2023-09-02 23:29:14
最新消息有关无锡首套房贷利率月日晚，中国人民银行、国家金融监督管理总局联合发布《关于降低存量首套住房贷款利率有关事项的通知》。文件明确，从年月日起，存量首套住房商业性个人住房贷款的借款人可向承贷金融机构提出申请，由该金融机构新发放贷款置换存量贷款，但在贷款市场报价利率（）上的加点幅度，不得低于原贷款发放时所在城市首套房贷款利率政策下限。月日下午，中国人民银行江苏省分行官网发布消息，公布了近几年江苏省内各城市首套房贷款利率下限执行情况。（中国人民银行江苏省分行官网）,0.009325324034424,2023-09-02 22:24:48
山东首套房商贷利率政策下限情况公示月日下午，中国人民银行山东省分行官网发布《关于山东省各地市首套住房商业性个人住房贷款利率政策下限情况的公示》。根据《中国人民银行国家金融监督管理总局关于降低存量首套住房贷款利率有关事项的通知》《中国人民银行国家金融监督管理总局关于调整优化差别化住房信贷政策的通知》有关工作安排，现将山东省各地市首套住房商业性个人住房贷款利率政策下限数据予以公示。山东省各地市首套住房商业性个人住房贷款利率政策下限数据表注：为贷款市场报价利率，由中国人民银行授权全国银行间同业拆借中心于每月日公布；。中国人民银行山东省分行年月日来源：观海客户端,0.0479216284827019,2023-09-02 22:04:59
西南证券首席分析师张刚：楼市政策有利于扩大可支配收入本周房地产政策持续加码，中国央行及金融监管总局近期联合发布《关于调整优化差别化住房信贷政策的通知》和《关于降低存量首套住房贷款利率有关事项的通知》，对于贷款购买商品住房的居民家庭，首套最低首付款比例统一为不低于，二套最低首付款比例统一为不低于；此外，存量首套房贷的借款人，可在月日起可向承贷金融机构提出申请，调降贷款利率。西南证券首席分析师张刚指出，对于借款人来说，有利于节约利息支出，扩大可支配收入。中国深度财经凤凰卫视的微博视频,-0.0148895871689511,------
特别关注重要调整事关房贷中国人民银行、金融监管总局月日联合发布《关于调整优化差别化住房信贷政策的通知》和《关于降低存量首套住房贷款利率有关事项的通知》。有关负责同志就政策调整回答了记者提问。详情请看重要调整事关房贷,0.0007565844273525,2023-09-02 23:40:22
首套房按揭利率政策下限公布宿迁月日晚，中国人民银行国家金融监督管理总局发布关于调整优化差别化住房信贷政策的通知、关于降低存量首套住房贷款利率、有关事项的通知。月日下午，中国人民银行江苏省分行发文公布江苏省各设区市首套房按揭利率政策下限，供大家参考。具体如下：,-0.0020836857738225,------
房贷利率下调个贷经理电话被打爆沉寂许久的楼市热情，在月日晚间被点燃。当天，中国人民银行、国家金融监督管理总局联合发布《关于降低存量首套住房贷款利率有关事项的通知》（下文简称《通知》），存量首套房贷利率下调政策落地，购房族迎来重大利好。“今天我的电话就没停过，喉咙都要干了。”杭州某国有银行个贷楚经理昨天告诉记者，他的微信、电话，完全停不下来。什么时候可以申请？需要符合什么条件？能省多少钱？点击下方图片查看全文,-0.0020528901699364,2023-09-03 09:03:29
皋城百事通南通首套房按揭利率政策下限公布月日晚，中国人民银行国家金融监督管理总局发布关于调整优化差别化住房信贷政策的通知，关于降低存量首套住房贷款利率有关事项的通知。政策发布后，很多人纷纷猜测自己的房贷利率到底能降低多少，月日下午，中国人民银行江苏省分行发文公布江展开,0.0038126099682382,2023-09-03 09:00:40
月日起杭州人可申请下调房贷利率了月日，中国人民银行、国家金融监管管理总局发布《关于降低存量首套住房贷款利率有关事项的通知》（下称《通知》，提出自今年月日起，存量首套住房商业性个人住房贷款的借款人可向金融机构提出申请，由金融机构新发放贷款置换存量首套商业性个人住房贷款，或协商变更合同约定的利率水平。月日，浙江公布首套住房商业性个人住房贷款利率政策下限，可作为接下来降存量的具体标准。按照该数据，年月至年月杭州存量首套房贷调整后最低可降至，年月至今的存量首套房贷利率调整后最低降至。利率下调杭州人抓紧存钱浙江经视记者初步统计，杭州包括中农工建等六大国有行，以及兴业银行、杭州银行等股份制银行都已发布通告，将会落实执行政策，而宁波银行表示暂未街接到相关通知。现在可以买房了吗？浙江经视的微博视频,-0.048309795863295,2023-09-03 06:44:41
小鲁说事存量房贷利率下调政策五大关键点对于中国人民银行、金融监管总局发布的《关于降低存量首套住房贷款利率有关事项的通知》，我们该如何理解？降低存量首套住房贷款利率，具体又该怎么操作？接下来，通过梳理政策五大关键点来帮您解读。央视网的微博视频,0.0487007847617261,2023-09-02 20:18:54
降存量房贷利率有购房者激动得一夜没睡“总利息少了万，每月少还多元”月日晚间，中国人民银行和国家金融监督管理总局发布《关于降低存量首套住房贷款利率有关事项的通知》，自年月日起实施。借款人可选择新发放贷款置换存量房贷，或者协商变更合同约定利率水平两种方式，调整存量首套住房商业性个人住房贷款，预计这两种方式调整后的利率水平不会有明显区别。经测算，以万元、年期、原利率的存量房贷为例，假设房贷利率降至，可每年节约超元利息支出。新杭州人小陈在年月买了一套萧山市北的二手房，首套利率（。此后多次下调，但由于加点实在太高，目前还是在的利率高位。小陈说，昨晚得知这个消息，激动得一夜没睡好，按照此次存量首套房贷的调整办法，如果按照下限计算，原利率将降至（当时杭州首套房贷利率政策下限为不加点）。对于购房者，的利率降幅是一笔厚厚的息差。以万商业贷款，年本额等息还款为例，调整后，小陈的月供将从元降至元，每个月少了元，总利息少了万元。（视频）视频的微博视频,-0.0228233994675558,2023-09-02 20:59:33
淮安公安淮安分局超话利息少了万购房者激动得一夜没睡降存量房贷利率央行、金融监管总局重磅发布有购房者激动得一夜没睡“总利息少了万，每月少还多元”你的月供究竟能降多少？月日晚间，中国人民银行和国家金融监督管理总局发布《关于降低存量首套住房贷款利率有关事项的通知》，自年月日起实施。借款人可选择新发放贷款置换存量房贷，或者协商变更合同约定利率水平两种方式，调整存量首套住房商业性个人住房贷款，预计这两种方式调整后的利率水平不会有明显区别。经测算，以万元、年期、原利率的存量房贷为例，假设房贷利率降至，可每年节约超元利息支出。新杭州人小陈在年月买了一套萧山市北的二手房，首套利率（。此后多次下调，但由于加点实在太高，目前还是在的利率高位。小陈说，昨晚得知这个消息，激动得一夜没睡好，按照此次存量首套房贷的调整办法，如果按照下限计算，原利率将降至（当时杭州首套房贷利率政策下限为不加点）。对于购房者，的利率降幅是一笔厚厚的息差。以万商业贷款，年本额等息还款为例，调整后，小陈的月供将从元降至元，每个月少了元，总利息少了万元。（视频）视频的微博视频（来源：视频审核：蒋婵媛发布：蔡瑞永）,-0.0103395150733496,2023-09-02 19:30:28
利息少了万购房者激动得一夜没睡降存量房贷利率央行、金融监管总局重磅发布你的月供究竟能降多少？月日晚间，中国人民银行和国家金融监督管理总局发布《关于降低存量首套住房贷款利率有关事项的通知》，自年月日起实施。借款人可选择新发放贷款置换存量房贷，或者协商变更合同约定利率水平两种方式，调整存量首套住房商业性个人住房贷款，预计这两种方式调整后的利率水平不会有明显区别。经测算，以万元、年期、原利率的存量房贷为例，假设房贷利率降至，可每年节约超元利息支出。新杭州人小陈在年月买了一套萧山市北的二手房，首套利率（。此后多次下调，但由于加点实在太高，目前还是在的利率高位。小陈说，昨晚得知这个消息，激动得一夜没睡好，按照此次存量首套房贷的调整办法，如果按照下限计算，原利率将降至（当时杭州首套房贷利率政策下限为不加点）。对于购房者，的利率降幅是一笔厚厚的息差。以万商业贷款，年本额等息还款为例，调整后，小陈的月供将从元降至元，每个月少了元，总利息少了万元。（视频）视频的微博视频,-0.1006985166053463,2023-09-02 17:59:41
上海、北京、深圳等多地披露首套房贷款利率下限执行情况据不完全统计，上海、北京、深圳、福建、河南、江西、湖南、吉林、甘肃、西藏、内蒙古、贵州等地的市场利率定价自律机制通过中国人民银行分支机构官网发布公告，披露近几年当地或省内各城市首套房贷款利率下限执行情况，以确保存量房贷利率调整顺利落地。多地披露首套房贷款利率下限全国首套房贷利率政策下限为：年月至年月为，年月至今为个基点。月日，中国人民银行、金融监管总局联合发布的《关于降低存量首套住房贷款利率有关事项的通知》明确，自月日起，符合相关条件的存量房贷借款人，可向金融机构提出申请，既可以变更合同约定的住房贷款利率加点幅度，也可以由银行新发放贷款置换存量贷款。降低后的存量房贷利率，依然要符合贷款发放时当地的房地产政策，即不低于当时所在城市房贷利率政策下限。也就是说，存量房贷利率调整最多可以“抹平”银行在发放房贷时高于政策下限的“溢价”。（上证报）,-0.0025513664460329,2023-09-02 17:29:31
财鑫闻丨北上广深等城市“认房不认贷”预计后期仍有政策跟进月日，北京、上海宣布执行“认房不认贷”政策，两日内，广州、深圳、厦门、武汉等城市官宣落实“认房不认贷”，北上广深四个一线城市均官宣“认房不认贷”。这也是对前一天重磅政策的落实响应。月日，中国人民银行、国家金融监督管理总局两部门连续发布《关于调整优化差别化住房信贷政策的通知》和《关于降低存量首套住房贷款利率有关事项的通知》（下文简称《通知》）两大重磅政策，意味购房者的购房门槛和成本大幅下调。对于密集出台的调控政策，专家称之为是近年来调控力度最大的楼市政策，预计后期仍会有相应政策出台。财鑫闻丨北上广深等城市“认房不认贷”预计后期仍有政策跟进,0.0148192884320701,2023-09-02 16:43:01
特别关注重要调整事关房贷中国人民银行、金融监管总局月日联合发布《关于调整优化差别化住房信贷政策的通知》和《关于降低存量首套住房贷款利率有关事项的通知》。有关负责同志就政策调整回答了记者提问。详情请看重要调整事关房贷（刘宏宇）,0.0080980163275829,2023-09-02 18:04:24
利息少了万购房者激动得一夜没睡月日晚间，中国人民银行和国家金融监督管理总局发布《关于降低存量首套住房贷款利率有关事项的通知》，自年月日起实施。借款人可选择新发放贷款置换存量房贷，或者协商变更合同约定利率水平两种方式，调整存量首套住房商业性个人住房贷款，预计这两种方式调整后的利率水平不会有明显区别。经测算，以万元、年期、原利率的存量房贷为例，假设房贷利率降至，可每年节约超元利息支出。新杭州人小陈在年月买了一套萧山市北的二手房，首套利率（。此后多次下调，但由于加点实在太高，目前还是在的利率高位。小陈说，昨晚得知这个消息，激动得一夜没睡好，按照此次存量首套房贷的调整办法，如果按照下限计算，原利率将降至（当时杭州首套房贷利率政策下限为不加点）。对于购房者，的利率降幅是一笔厚厚的息差。以万商业贷款，年本额等息还款为例，调整后，小陈的月供将从元降至元，每个月少了元，总利息少了万元。,-0.0005910991405593,2023-09-02 17:59:04
降存量房贷利率利息少了万购房者激动得一夜没睡一线城市全部认房不认贷月日晚间，中国人民银行和国家金融监督管理总局发布《关于降低存量首套住房贷款利率有关事项的通知》，自年月日起实施。借款人可选择新发放贷款置换存量房贷，或者协商变更合同约定利率水平两种方式，调整展开,0.0040040663773265,2023-09-02 17:20:46
利息少了万购房者激动得一夜没睡降存量房贷利率央行、金融监管总局重磅发布有购房者激动得一夜没睡“总利息少了万，每月少还多元”你的月供究竟能降多少？月日晚间，中国人民银行和国家金融监督管理总局发布《关于降低存量首套住房贷款利率有关事项的通知》，自年月日起实施。借款人可选择新发放贷款置换存量房贷，或者协商变更合同约定利率水平两种方式，调整存量首套住房商业性个人住房贷款，预计这两种方式调整后的利率水平不会有明显区别。经测算，以万元、年期、原利率的存量房贷为例，假设房贷利率降至，可每年节约超元利息支出。新杭州人小陈在年月买了一套萧山市北的二手房，首套利率（。此后多次下调，但由于加点实在太高，目前还是在的利率高位。小陈说，昨晚得知这个消息，激动得一夜没睡好，按照此次存量首套房贷的调整办法，如果按照下限计算，原利率将降至（当时杭州首套房贷利率政策下限为不加点）。对于购房者，的利率降幅是一笔厚厚的息差。以万商业贷款，年本额等息还款为例，调整后，小陈的月供将从元降至元，每个月少了元，总利息少了万元。,0.0035471035530435,2023-09-02 22:32:36
四川首套房贷利率执行下限发布月日晚，中国人民银行、国家金融监督管理总局联合发布《关于降低存量首套住房贷款利率有关事项的通知》。文件明确，从年月日起，存量首套住房商业性个人住房贷款的借款人可向承贷金融机构提出申请，由该金融机构新发放贷款置换存量贷款，但在贷款市场报价展开,0.0137032709570009,------
存量房贷下调政策有点难懂？几个典型案例告诉你如何降、能不能降哪些房贷利率可以调整？据第一财经，月日，中国人民银行、国家金融监督管理总局联合发布《关于降低存量首套住房贷款利率有关事项的通知》。《通知》明确，自年月日起，存量首套住房商业性个人住房贷款的借款人可向金融机展开,-0.005949356345767,2023-09-02 16:55:14
存量房贷利率下调政策五大关键点能节省多少房贷利息？对于中国人民银行、金融监管总局发布的《关于降低存量首套住房贷款利率有关事项的通知》，我们该如何理解？降低存量首套住房贷款利率，具体又该怎么操作？接下来，通过梳理政策五大关键点来帮您解读。央视网的微博视频展开,-0.0038391137520057,2023-09-03 00:49:30
存量房贷利率下调政策五大关键点对于中国人民银行、金融监管总局发布的《关于降低存量首套住房贷款利率有关事项的通知》，该如何理解？降低存量首套住房贷款利率，具体又该怎么操作？央视网的微博视频,0.0199576181624366,------
利息少了万购房者激动得一夜没睡降存量房贷利率央行、金融监管总局重磅发布有购房者激动得一夜没睡“总利息少了万，每月少还多元”你的月供究竟能降多少？月日晚间，中国人民银行和国家金融监督管理总局发布《关于降低存量首套住房贷款利率有关事项的通知》，自年月日起实施。借款人可选择新发放贷款置换存量房贷，或者协商变更合同约定利率水平两种方式，调整存量首套住房商业性个人住房贷款，预计这两种方式调整后的利率水平不会有明显区别。经测算，以万元、年期、原利率的存量房贷为例，假设房贷利率降至，可每年节约超元利息支出。新杭州人小陈在年月买了一套萧山市北的二手房，首套利率（。此后多次下调，但由于加点实在太高，目前还是在的利率高位。小陈说，昨晚得知这个消息，激动得一夜没睡好，按照此次存量首套房贷的调整办法，如果按照下限计算，原利率将降至（当时杭州首套房贷利率政策下限为不加点）。对于购房者，的利率降幅是一笔厚厚的息差。以万商业贷款，年本额等息还款为例，调整后，小陈的月供将从元降至元，每个月少了元，总利息少了万元。搜狐视频的微博视频,0.019642031191556,2023-09-02 20:05:08
首套房按揭利率政策下限公布月日晚，中国人民银行、国家金融监督管理总局联合发布《关于降低存量首套住房贷款利率有关事项的通知》。文件明确，从年月日起，存量首套住房商业性个人住房贷款的借款人可向承贷金融机构提出申请，由该金融机构新发放贷款置换存量贷款，但在贷款市场报价利展开,0.0377214141060177,2023-09-02 15:23:28
存量房贷利率下调政策五大关键点对于中国人民银行、金融监管总局发布的《关于降低存量首套住房贷款利率有关事项的通知》，我们该如何理解？降低存量首套住房贷款利率，具体又该怎么操作？接下来，通过梳理政策五大关键点来帮您解读。央视网的微博视频,0.8348032904733774,2023-09-02 15:20:06
利息少了万购房者激动得一夜没睡降存量房贷利率央行、金融监管总局重磅发布有购房者激动得一夜没睡“总利息少了万，每月少还多元”你的月供究竟能降多少？月日晚间，中国人民银行和国家金融监督管理总局发布《关于降低存量首套住房贷款利率有关事项的通知》，自年月日展开,0.0665982438700915,2023-09-04 15:15:06
“金九银十”前夜，楼市重磅金融支持政策落地，购房门槛、成本将明显降低。月日晚间，央行、国家金管总局发出《关于调整优化差别化住房信贷政策的通知》，《关于降低存量首套住房贷款利率有关事项的通知》，以支持各地因城施策用好政策工具箱，引导个人住房贷款实际首付比例和利率下行。展开,0.0186710703497885,2023-09-04 11:39:26
江苏公布首套房贷款利率下限执行情况月日晚，中国人民银行、国家金融监督管理总局联合发布《关于降低存量首套住房贷款利率有关事项的通知》。文件明确，从年月日起，存量首套住房商业性个人住房贷款的借款人可向承贷金融机构提出申请，由该金融机构新发放贷款置换存量贷款，但在贷款市展开,-0.0052060031579383,2023-09-04 08:42:49
江苏公布首套房按揭利率政策下限江苏省各设区市首套房按揭利率政策下限公布月日晚，中国人民银行、国家金融监督管理总局联合发布《关于降低存量首套住房贷款利率有关事项的通知》。文件明确，从年月日起，存量首套住房商业性个人住房贷款的借款人可向承贷金融机构提出申请，由该金融机构新发放贷款置换存量贷款，但在贷款市场报价利率（）上的加点幅度，不得低于原贷款发放时所在城市首套房贷款利率政策下限。月日下午，中国人民银行江苏省分行官网发布消息，公布了近几年江苏省内各城市首套房贷款利率下限执行情况。,-0.0013999237491395,2023-09-03 19:28:05
楼市放出多年未见大招，房价是跌是涨？靴子终于落地。月日下午时许，中国人民银行、国家金融监督管理总局发布最新通知，调整优化住房信贷政策，其中，首套住房商贷最低首付款不低于，二套住房商贷最低首付款不低于。本次降低首付的力度可谓多年未有；此外，房贷利率也将进行较大力度的优化调整，包括降低存量房贷利率。这一政策组合拳可谓掷地有声，本次出台楼市新政，有何深意？楼市会迎来什么变化？首付比例几乎降至历史下限月日，中国人民银行、国家金融监督管理总局发布《关于调整优化差别化住房信贷政策的通知》，其中主要有四条内容。第一条是对于贷款购买商品住房的居民家庭，首套住房商业性个人住房贷款最低首付款比例统一为不低于，二套住房商业性个人住房贷款最低首付款比例统一为不低于。这一新政即为首套房首付、二套房首付，近十年前，这一政策曾出台过，其后多年，首套房首付最低、二套房首付最低的房贷政策在全国层面长期执行，部分城市有所加码，二套房首付比例要求更高。以一套总价万元的房子为例，此前首套房首付需要万元，而按照最新政策，首付只需要万元，首付资金低了很多；而如果是二套房，此前首付需要万，部分城市需要万元，而如今只需要万，购房门槛大为降低。对此，中指研究院指数研究部总经理曹晶晶表示，从首付比例来看，不论是首套房还是二套房，其最低首付比例几乎已经降至历史下限，这将能显著降低购房门槛，凸显了政策面保刚需、促改善、稳市场的用意。第二条是首套住房商业性个人住房贷款利率政策下限按现行规定执行，二套住房商业性个人住房贷款利率政策下限调整为不低于相应期限贷款市场报价利率加个基点。即首套房利率政策不变，目前五年期以上为，部分城市执行的是下调个基点、再优惠个左右基点的政策，其房贷利率为甚至更低，比如郑州、福州的首套房贷利率已调至左右。而对于二套房贷款利率，此前多个城市执行的是上调个基点，实际二套房贷利率为，根据此次最新政策，二套房上浮基点不低于个基点即可，这无疑赋予了下调二套房贷利率上浮基点的空间。第三、四条规定，中国人民银行、金融监管总局各派出机构按照因城施策原则，根据辖区内各城市房地产市场形势及当地调控要求，自主确定各城市首套和二套住房商贷最低首付款比例和利率下限；各大银行业金融机构应据此首付比例和利率下限，合理确定每笔贷款的具体首付款比例和利率水平。中国人民银行、国家金融监督管理总局有关负责人表示，此次差别化住房信贷政策调整优化的重点在于，一是统一全国商业性个人住房贷款最低首付款比例政策下限即不再区分实施“限购”城市和不实施“限购”城市，首套住房和二套住房商贷最低首付款比例政策下限统一为不低于和；二是将二套住房利率政策下限调整为不低于相应期限贷款市场报价利率（）加个基点。曹晶晶表示，此次金融监管部门打开了首付比例和利率下调的空间，根据目前的市场形势和金融监管部门的这一要求，首套房首付、二套房首付的新政将会逐步落地，二套房贷利率也将下调，尤其是由于当前多数城市房地产下行压力较大，因此预计二线城市将很快调整至下限水平等，从政策调整力度看，本次楼市新政具有较高的含金量。楼市仍处于下行期今年以来，楼市曾在、月份有所回升，但进入下半年，楼市多个指标均呈现下跌态势。国家统计局公布，月份，全国房地产开发投资亿元，同比下降；其中，住宅投资亿元，下降。月份，房地产开发企业房屋施工面积万平方米，同比下降。房屋新开工面积万平方米，下降。其中，住宅新开工面积万平方米，下降。与此同时，楼市成交量价也出现下滑，月份，商品房销售面积万平方米，同比下降。尤其是，今年上半年商品房销售额连续多月保持同比正增长的态势，但月份以来，前个月商品房销售额亿元，下降。月份，个大中城市中，新建商品住宅和二手住宅价格环比上涨城市分别有个和个，比上月分别减少个和个；同比上涨城市分别有个和个，比上月均减少个。对此，国家统计局城市司首席统计师绳国庆表示，年月份，个大中城市商品住宅销售价格上涨城市个数减少，各线城市商品住宅销售价格环比持平或下降、同比有涨有降。“目前市场显然是跌过头了，”月日，在万科年中期业绩推介会上，万科董事会主席郁亮表示，市场低迷持续了一段时间，市场情绪已经受到影响，容易出现各种“过度反应”。他表示，以新开工数来看，年新开工数下降，年新开工量下降，今年上半年继续下降约。如果以年作为基数，新开工数已经整体下降约，回到了年的水平。中国社科院财经战略研究院住房大数据项目组组长邹琳华向中国新闻周刊表示，房地产领域的风险点较多且连接面广，比如烂尾楼风险、房地产企业爆雷风险、土地财政风险、断供风险等，都属于非常棘手的风险。这些风险一旦触发，容易直接联接金融体系和地方财政。因而，房地产相对更容易率先引发经济风险。邹琳华认为，与日本房地产泡沫期相比，我国仍处于城市化阶段，人均收入和生活水平离发达国家还在差距，存在一定规模潜在的刚性和改善性住房需求。只要政策及时妥当，房地产领域的风险相对更为可控。但如果房价在内外部因素的综合作用下持续下滑且无有效抑制手段，这些风险点也容易被触发。由于房地产风险连接面广，抑制房地产风险的蔓延，就需要付出更大成本。中国人民银行、国家金融监督管理总局有关负责人表示，月日中央政治局会议明确，适应我国房地产市场供求关系发生重大变化的新形势，适时调整优化房地产政策，因城施策用好政策工具箱。月日国务院常务会议提出，根据不同需求、不同城市等推出有利于房地产市场平稳健康发展的政策举措，加快研究构建房地产业新发展模式。根据部署，此次对现行差别化住房信贷政策进行了调整优化，支持各地因城施策用好政策工具箱，引导个人住房贷款实际首付比例和利率下行，更好满足刚性和改善性住房需求。楼市会怎样走？邹琳华表示，为了及时有效应对周期性、结构性供大于求带来的市场冲击，以及防范可能由此触发的经济风险，同时支持刚性和改善性住房需求，可采取调整优化措施。为此，他建议，一是及时撤销对于住房需求不合时宜的管控限制。这些限制措施包括限购、限贷、限售、限价、限非普住宅等。这些限制措施大都是基于住房短缺、投资投机动力强大的市场背景所制订，既然房地产市场供求形势已经发生了重大变化，住房已经不再供不应求，甚至还出现了销售困难，住房投资投机者也不再涌入住房市场，这些限制政策显然已经不合时宜。此外，这些限制性政策还限制了居民刚性和改善性住房需求的释放，妨碍了市场信心的恢复，所以应该及时全面调整。二是大幅降低购房贷款利率。从当前的信贷市场供求看，无抵押的消费贷利率已经降至左右，且对这类资金的市场需求仍不足。参照无抵押消费贷利率的供求状况，目前的房贷利率水平还需要大幅降低，才可能会对市场信心恢复有一定作用。从这一角度看，楼市政策仍有调整空间。年月日，住房城乡建设部、中国人民银行、金融监管总局三部门发布《关于优化个人住房贷款中住房套数认定标准的通知》，“认房不认贷”政策终于要走向落地。月日，一线城市中的广州与深圳已经在同一天出台规定落实“认房不认贷政策”。邹琳华表示，“认房不认贷”可以释放部分购房需求，对市场信心有一定的提振作用。月日，中国人民银行、国家金融监督管理总局联合发布《关于降低存量首套住房贷款利率有关事项的通知》。自年月日起，降低存量首套住房商业性个人住房贷款利率。中国人民银行、国家金融监督管理总局有关负责人表示，对于符合条件的存量住房贷款，可由借款人主动向承贷银行提出申请，也鼓励银行以发布公告、批量办理等方式，为借款人提供更为便利的服务。调整方式上，既可以变更合同约定的住房贷款利率加点幅度，也可以由银行新发放贷款置换存量贷款，具体利率调整幅度由借贷双方协商确定。中国首席经济学家论坛理事长、上海市经济学会副会长连平表示，降低存量房贷利率可以减轻购房者的利息负担，对于刺激消费、推动房地产市场复苏会有积极作用。曹晶晶表示，整体来看，月底房地产政策优化节奏加快，多项利好政策集中赶在“金九银十”到来之前落地，将有助于促进房地产市场信心修复和预期改善，推动刚需和改善性需求入市，激活市场交易。郁亮认为，“楼市的确有前所未有的压力”，但是，政策正在发力，并且对“盘活存量项目”等对行业中长期有重大影响的方面都有提出要求，是一种对行业的鼓舞。首都经济贸易大学京津冀房地产研究院院长赵秀池告诉中国新闻周刊，楼市跟着人口走，作为人口基数大、新增人口多的一二线城市，其市场仍有一定的发展潜力。在郁亮看来，目前我国城镇化率，这个数字如果预计达到，保守估计全国每年应该有亿亿平方米的新开工数才是合理水平，目前是超跌了。房地产行业能回到健康的水平，过程中会有曲折和波浪。（中国新闻周刊）,-0.1440889843796753,2023-09-02 16:36:00
有房贷的人开始焦虑排不上队利率真要降了买房人恨不得今天就是月日月日晚间点左右，中国人民银行、国家金融监督管理总局联合发布《关于降低存量首套住房贷款利率有关事项的通知》。据有关负责人介绍，符合条件的存量首套住房贷款是指，年月日前金融机构已发放，已签订合同但展开,-0.057786591151737,2023-09-02 14:34:42
房贷政策调整谁获益最大？日前，中国人民银行、国家金融监督管理总局联合下发《关于调整优化差别化住房信贷政策的通知》和《关于降低存量首套住房贷款利率有关事项的通知》，相关政策一经发布当即引发市场强烈关注。你的月供究竟能降多少两项通知内容均直接指向与房地产消费者最为关心的项目。差别化住房信贷政策调整优化的重点是，将统一全国商业性个人住房贷款最低首付款比例政策下限，首套为、二套为，不再区分实施“限购”城市和不实施“限购”城市。住房利率政策下限亦调整。各地可按照因城施策原则，在不低于上述全国统一政策基础上，自主确定辖区内首套和二套住房最低首付款比例和利率下限。《关于降低存量房首套住房贷款利率有关事项的通知》明确，年月日起，存量首套住房商业性个人住房贷款的借款人可向金融机构提出申请，由金融机构新发放贷款置换存量首套住房商业性个人住房贷款。据不完全统计和测算，目前，大部分城市存量房贷的利率最低下限是，此前购房者基本是按照左右的房贷利率购房，此次存量房贷利率调整后，房贷利率或能降低个基点以上。加上近日一些地方出台的“认房不认贷”新规，一些住房可能重新被认定为“首套”，从而享受新出台政策优惠。几千万户、上亿居民的财务负担或会有较明显下降，平均降幅或约为个百分点，预计对市场影响颇大。市场供求变化的必然结果“新政”晚间出通告，似乎非常突然，其实市场预期已久。月日金融统计数据情况新闻发布会上，央行政策司司长邹澜表示：“按照市场化、法治化原则，我们支持和鼓励商业银行与借款人自主协商变更合同约定，或者是新发放贷款置换原来的存量贷款。”这已经拉开政策调整市场沟通和预期的序幕。随后，月日，中国人民银行、国家外汇管理局召开年下半年工作会议，提出“将因城施策精准实施差别化住房信贷政策，继续引导个人住房贷款利率和首付比例下行，更好满足居民刚性和改善性住房需求。指导商业银行依法有序调整存量个人住房贷款利率。”月日，央行、金监局、证监会联合召开金融支持实体经济和防范化解金融风险电视会议，强调“要继续推动实体经济融资成本稳中有降，规范贷款利率定价秩序，统筹考虑增量、存量及其他金融产品价格关系”。月日开始，各大银行针对存量住房贷款利率下调发声，至此，市场基本上有共识，认为“箭在弦上”了。当然，政策密集发声、“步步为营”旨在引导市场预期，但市场预期的基础还是宏观经济形势，政策设置也同样是大形势下的相机顺应。在月日的发布会上，关于存量贷款表述前还有一段叙述，谈及房地产相关问题时，邹澜表示，“部分房企长期积累的风险仍然需要一段时间才能逐步消化考虑到我国房地产市场供求关系已经发生深刻变化”这个“深刻变化”在两个新政《通知》出台时，似也有相关监管部门工作人员提及。年，人民币个人住房贷款加权平均利率均值为，而年上半年新发放个人住房贷款加权平均利率为，前者高出后者。由于经济还在弱复苏过程中，居民资产端收益率也明显回落，如个月理财产品预期年化收益率降至、为历史最低水平。存量房贷利率高于理财、存款等稳健收益产品，居民“借新还旧、借短还长”等提前还贷意愿明显增加，提前偿还房贷需求提升。今年月，新增居民中长期贷款为负，或为居民提前偿还房贷超过当月新增贷款所致。由此可见，存量房贷利率调降是市场供求变化带来的必然结果。金融市场健康稳定发展所需降低存量房贷利率有什么好处呢？从购房端来看，居民固然会因房贷付息压力减轻，获得益处。对于房地产供给方而言，也可能刺激更多一些的需求。而对于银行等金融机构来说，虽然表面上看，存量房贷降息将会带来利息的损失，但若利率水平与市场供求形势发生扭曲，提前还贷等实则为居民对资产负债表的调整，居民资产负债表呈现收缩，商业银行经营收益也受到一定影响，并可能对金融市场造成扰动，调降利率也不能不说是金融市场健康稳定发展的需求。回看历史，年月，央行宣布决定“商业性个人住房贷款利率的下限扩大为贷款基准利率的倍”，该优惠举措主要针对于新增客户，但不少存量贷款客户通过转按揭的方式再度成为“新增客户”，从而享受七折利率优惠。房地产对经济有相当重要的支撑作用，而住房贷款是居民债务最主要的构成部分。如何稳定市场信心、降低负债端成本、稳定地产行业、提升消费能力，始终是经济的重要命题和目标。非常时期更加需要非常办法。当然，今时不同往日，就房贷而言，对比年已是更大的规模和挑战，对银行净息差和利润的影响也在加大。就房地产市场和其他消费市场而言，其规模和挑战都与十多年前不可同日而语。当我们看到一项政策的出台时，更多的配套政策和工具也需要都在路上，以保证每项政策的实际操作性，以及所有政策和工具的相互配合度，更重要的是，要不断适应变化的市场。（新京报）利息少了万购房者激动得一夜没睡,0.000275626361526,2023-09-25 09:41:55
利息少了万购房者激动得一夜没睡降存量房贷利率有购房者激动得一夜没睡“总利息少了万，每月少还多元”你的月供究竟能降多少？月日晚间，中国人民银行和国家金融监督管理总局发布《关于降低存量首套住房贷款利率有关事项的通知》，自年月日起实施。借款人可选择新发放贷款置换存量房贷，或者协商变更合同约定利率水平两种方式，调整存量首套住房商业性个人住房贷款，预计这两种方式调整后的利率水平不会有明显区别。经测算，以万元、年期、原利率的存量房贷为例，假设房贷利率降至，可每年节约超元利息支出。新杭州人小陈在年月买了一套萧山市北的二手房，首套利率（。此后多次下调，但由于加点实在太高，目前还是在的利率高位。小陈说，昨晚得知这个消息，激动得一夜没睡好，按照此次存量首套房贷的调整办法，如果按照下限计算，原利率将降至（当时杭州首套房贷利率政策下限为不加点）。对于购房者，的利率降幅是一笔厚厚的息差。以万商业贷款，年本额等息还款为例，调整后，小陈的月供将从元降至元，每个月少了元，总利息少了万元。（视频）视频的微博视频,-0.0545055255324393,2023-09-08 08:58:37
四川公示首套房贷利率执行下限月日晚，中国人民银行、国家金融监督管理总局联合发布《关于降低存量首套住房贷款利率有关事项的通知》。文件明确，从年月日起，存量首套住房商业性个人住房贷款的借款人可向承贷金融机构提出申请，由该金融机构新发放贷款置换存量贷款，但在贷款市场报价利率（）上的加点幅度，不得低于原贷款发放时所在城市首套房贷款利率政策下限。月日下午，人民银行四川省分行官网发布消息，公布了近几年四川省内各城市首套房贷款利率下限执行情况网页链接（中国人民银行四川省分行）,0.0519564826301562,2023-09-07 17:28:55
约三分之二存量房贷符合利率下调标准算笔账个税政策利好每月能省多少钱月的最后一天，多项与个人、家庭息息相关的利好政策官宣出台。昨天，国务院宣布提高岁以下婴幼儿照护、子女教育、赡养老人三项个税专项附加扣除标准，中国人民银行、国家金融监督管理总局发布《关于降低存量首套住房贷展开,0.0093466395362585,2023-09-06 09:35:23
江苏公布首套房按揭利率政策下限江苏省各设区市首套房按揭利率政策下限公布月日晚，中国人民银行、国家金融监督管理总局联合发布《关于降低存量首套住房贷款利率有关事项的通知》。文件明确，从年月日起，存量首套住房商业性个人住房贷款的借款人可向承贷金融机构提出申请，由该金融机构新发放贷款置换存量贷款，但在贷款市场报价利率（）上的加点幅度，不得低于原贷款发放时所在城市首套房贷款利率政策下限。月日下午，中国人民银行江苏省分行官网发布消息，公布了近几年江苏省内各城市首套房贷款利率下限执行情况。网页链接,-0.0849604227336721,2023-09-05 16:35:44
四川公布各市州首套房贷利率执行下限月日晚，中国人民银行、国家金融监督管理总局联合发布《关于降低存量首套住房贷款利率有关事项的通知》。文件明确，从年月日起，存量首套住房商业性个人住房贷款的借款人可向承贷金融机构提出申请，由该金融机构新发放贷款置换存量贷款，但在贷款市场报价利率（）上的加点幅度，不得低于原贷款发放时所在城市首套房贷款利率政策下限。月日，人民银行四川省分行公布了年以来四川省内各城市首套房贷款利率下限执行情况。（人民银行四川省分行）,-0.01138150924762,2023-09-05 16:22:47
房贷首付比例下调，一线城市及热点二线城市最受益，但北上深存量房贷利率或难受益。央行月日发布《关于调整优化差别化住房信贷政策的通知》和《关于降低存量首套住房贷款利率有关事项的通知》引发市场一片欢腾。对于首套房，成首付，这大概是年之后第二次全国范围如此大力度普遍调整了。二套房成首付也是相当可以了。不过，对于很多城市，其实早享受到成首付，所以，此次调整或许对一线城市以及热点二线城市影响最大。在这些城市带动下，楼市向好的局面将会更加清晰。宏观上的信心提升不代表实际的购买力提升，毕竟首付比例下调仅仅是个门槛降低的问题，并没有带动购房者的购买力。所以也不可盲目乐观。现在经济与收入预期仍不稳定且不乐观，即使购房者看到如此利好很冲动我也要劝你慎重。但有一些需求将得以释放，这些人不差钱就差政策。对于存量房贷利率下调，这一次也是敲定了方案。月日北京、上海、深圳等也都相继公布房贷利率下限，不过恐怕要泼点冷水了，可能难以受益存量按揭利率下调。北京：年月至今首套商业性个人住房贷款利率下限为个。上海：年月日至今执行的利率下限水平为。深圳：年月日至今执行首套房贷利率下限水平为。央行规定的原则是，新发放贷款的利率水平，在贷款市场报价利率上的加点幅度，不得低于原贷款发放时所在城市首套住房商业性个人住房贷款利率政策下限。目前北京首套房新发放房贷利率下限为（加点），上海为（加点），深圳为（加点）。因为各地市场下行趋势下，除北上深以外，基本上都大幅下调了贷款的加点幅度，而北上深房贷利率加点政策基本上保持了稳定，所以，预计北上深很难受益存量按揭利率的可能下调，除非地方下调加点幅度。对于一些人来说，可能盼来盼去，等了个寂寞，也别光听别人怎么说，最好还是到你的承贷银行问一问，看看是否具备下调条件，能下调多少。首套房贷款最低首付比例不低于降存量首套房贷利率万存量房贷每年可省多元利息,-0.0080942753340954,2023-09-05 16:12:50
北上深公布首套房贷利率下限各地首套房贷利率下限公布月日，中国人民银行、金融监管总局联合发布的《关于降低存量首套住房贷款利率有关事项的通知》明确，自月日起，符合相关条件的存量房贷借款人，可向金融机构提出申请，既可以变更合同约定的住房贷款利率加点幅度，也可以由银行新发放贷款置换存量贷款。最关键的一句是：降低后的存量房贷利率，依然要符合贷款发放时当地的房地产政策，即不低于当时所在城市房贷利率政策下限。也就是说，存量房贷利率调整最多可以“抹平”银行在发放房贷时高于政策下限的“溢价”。为确保存量房贷利率调整顺利落地，央行分支机构陆续在官网公布首套商业性个人住房贷款利率自律下限有关情况。更多城市大家可以直接上央行官网的各个地方分行网站查看。,-0.0135889486466726,2023-09-05 10:18:04
四川公示首套房贷利率执行下限月日晚，中国人民银行、国家金融监督管理总局联合发布《关于降低存量首套住房贷款利率有关事项的通知》。文件明确，从年月日起，存量首套住房商业性个人住房贷款的借款人可向承贷金融机构提出申请，由该金融机构新发放贷款置换存量贷款，但在贷款市场报价利率（）上的加点幅度，不得低于原贷款发放时所在城市首套房贷款利率政策下限。月日下午，人民银行四川省分行官网发布消息，公布了近几年四川省内各城市首套房贷款利率下限执行情况。红星视频的微博视频,-0.0105688066748034,2023-09-04 18:24:01
四川公示首套房贷利率执行下限月日，人民银行四川省分行官网发布消息，公布了近几年四川省内各城市首套房贷款利率下限执行情况。记者注意到，根据公布的情况，成都今年月日至今执行利率下限为，年月日至今年月日利率下限为。月日晚，中国人民银行、国家金融监督管理总局联合发布《关于降低存量首套住房贷款利率有关事项的通知》。文件明确，从年月日起，存量首套住房商业性个人住房贷款的借款人可向承贷金融机构提出申请，由该金融机构新发放贷款置换存量贷款，但在贷款市场报价利率（）上的加点幅度，不得低于原贷款发放时所在城市首套房贷款利率政策下限。,-0.0105783384532444,2023-09-04 18:04:16
四川首套房贷利率执行下限发布月日晚，中国人民银行、国家金融监督管理总局联合发布《关于降低存量首套住房贷款利率有关事项的通知》。文件明确，从年月日起，存量首套住房商业性个人住房贷款的借款人可向承贷金融机构提出申请，由该金融机构新发放贷款置换存量贷款，但在贷款市场报价利率（）上的加点幅度，不得低于原贷款发放时所在城市首套房贷款利率政策下限。月日下午，人民银行四川省分行官网发布消息，公布了近几年四川省内各城市首套房贷款利率下限执行情况。（来源：红星新闻）,0.0990275291505452,2023-09-04 17:58:26
有房贷的人开始焦虑排不上队利率真要降了买房人恨不得今天就是月日月日晚间点左右，中国人民银行、国家金融监督管理总局联合发布《关于降低存量首套住房贷款利率有关事项的通知》。据有关负责人介绍，符合条件的存量首套住房贷款是指，年月日前金融机构已发放，已签订合同但未发放的，以及借款人实际住房情况符合所在城市首套住房标准的存量住房商业性个人住房贷款。对于“高位站岗”买房者来说，这是不亚于过年的好消息。月日晚间，广州市民唐轩（化名）告诉时代财经，看到政策发布的那一刻，除了兴奋，还有一丝担忧，“恨不得明天就是月日，我现在就担心到时候要排队。”存量房贷,0.0,2023-09-04 17:58:16
月楼市发布的三个重大文件将有力提振市场信心楼市房地产月日住建部、人民银行、金融监管总局联合发布《关于优化个人住房贷款中住房套数认定标准的通知》，之后重点城市也陆续发布认房不认贷的通知。月日人民银行、金融监管总局联合发布《关于调整优化差别化住房信贷政策的通知》和《关于降低存量首套住房贷款利率有关事项的通知》两个文件，不再区分限购和不限购城市，将首套和二套住房贷款的最低首付比例下限统一为不低于和；二套住房利率政策下限调整为，首套住房利率政策下限仍为。,0.0079002961829274,2023-09-04 17:57:27
有房贷的人开始焦虑排不上队利率真要降了买房人恨不得今天就是月日月日晚间点左右，中国人民银行、国家金融监督管理总局联合发布《关于降低存量首套住房贷款利率有关事项的通知》。据有关负责人介绍，符合条件的存量首套住房贷款是指，年月日前金融机构已发放，已签订合同但未发放的，以及借款人实际住房情况符合所在城市首套住房标准的存量住房商业性个人住房贷款。对于“高位站岗”买房者来说，这是不亚于过年的好消息。月日晚间，广州市民唐轩（化名）告诉时代财经，看到政策发布的那一刻，除了兴奋，还有一丝担忧，“恨不得明天就是月日，我现在就担心到时候要排队。”时代财经的微博视频,-0.0011095283850652,2023-09-04 17:49:46
注意通知里的这句话“不得低于原贷款发放时所在城市首套住房商业性个人住房贷款利率政策下限”假如原来的政策最低是，加了，就是，那按照通知里的要求，银行给你降个，变成了，也按照央行的要求给降了，也满足不低于当时最低利率政策。降个寂寞啊降，哥不差那几块钱。房贷展开,-0.0039466170563193,2023-09-04 17:40:04
存量首套房贷利率下调月日起可申请万存量房贷每年可省多元利息月日，中国人民银行、金融监管总局联合发布《关于降低存量首套住房贷款利率有关事项的通知》（下称“通知”）和《关于调整优化差别化住房信贷政策的通知》。通知明确，自月日起，符合相关条件的存量房贷借款人展开,0.0361046231127169,2023-09-04 17:34:57
利息少了万购房者激动得一夜没睡降存量房贷利率央行、金融监管总局重磅发布有购房者激动得一夜没睡“总利息少了万，每月少还多元”你的月供究竟能降多少？月日晚间，中国人民银行和国家金融监督管理总局发布《关于降低存量首套住房贷款利率有关事项的通知》，自年月日起实施。借款人可选择新发放贷款置换存量房贷，或者协商变更合同约定利率水平两种方式，调整存量首套住房商业性个人住房贷款，预计这两种方式调整后的利率水平不会有明显区别。经测算，以万元、年期、原利率的存量房贷为例，假设房贷利率降至，可每年节约超元利息支出。新杭州人小陈在年月买了一套萧山市北的二手房，首套利率（。此后多次下调，但由于加点实在太高，目前还是在的利率高位。小陈说，昨晚得知这个消息，激动得一夜没睡好，按照此次存量首套房贷的调整办法，如果按照下限计算，原利率将降至（当时杭州首套房贷利率政策下限为不加点）。对于购房者，的利率降幅是一笔厚厚的息差。以万商业贷款，年本额等息还款为例，调整后，小陈的月供将从元降至元，每个月少了元，总利息少了万元。（视频）视频的微博视频,-1.0,2023-09-04 17:31:21
房贷政策最新调整便民资讯日前，中国人民银行、国家金融监督管理总局联合发布《关于调整优化差别化住房信贷政策的通知》和《关于降低存量首套住房贷款利率有关事项的通知》。有关负责人就调整优化住房信贷政策有关问题答记者问。一起来看（来源：中国人民银行网站、新华社）房贷政策最新调整,-0.000508799243451,2023-09-04 17:24:57
两部门调整优化住房信贷政策月日，中国人民银行、金融监管总局联合发布《关于调整优化差别化住房信贷政策的通知》和《关于降低存量首套住房贷款利率有关事项的通知》，对于贷款购买商品住房的居民家庭，首套住房商业性个人住房贷款最低首付款比例统一为不低于，二套住房商业性个人住房贷款最低首付款比例统一为不低于。同时，自月日起，存量首套住房商业性个人住房贷款的借款人可向承贷金融机构提出申请，由该金融机构新发放贷款置换存量首套住房商业性个人住房贷款。根据《关于调整优化差别化住房信贷政策的通知》，首套住房商业性个人住房贷款利率政策下限按现行规定执行，二套住房商业性个人住房贷款利率政策下限调整为不低于相应期限贷款市场报价利率加个基点。中国人民银行、金融监管总局各派出机构按照因城施策原则，指导各省级市场利率定价自律机制，根据辖区内各城市房地产市场形势及当地政府调控要求，自主确定辖区内各城市首套和二套住房商业性个人住房贷款最低首付款比例和利率下限。《关于降低存量首套住房贷款利率有关事项的通知》明确，存量首套住房商业性个人住房贷款，是指年月日前金融机构已发放的和已签订合同但未发放的首套住房商业性个人住房贷款，或借款人实际住房情况符合所在城市首套住房标准的其他存量住房商业性个人住房贷款。新发放贷款的利率水平由金融机构与借款人自主协商确定，但在贷款市场报价利率（）上的加点幅度，不得低于原贷款发放时所在城市首套住房商业性个人住房贷款利率政策下限。新发放的贷款只能用于偿还存量首套住房商业性个人住房贷款，仍纳入商业性个人住房贷款管理。此外，月日起，存量首套住房商业性个人住房贷款的借款人亦可向承贷金融机构提出申请，协商变更合同约定的利率水平。中国人民银行、金融监管总局有关负责人介绍，近年来我国房地产市场供求关系发生了重大变化，借款人和银行对于有序调整优化资产负债均有诉求。存量住房贷款利率的下降，对借款人来说，可节约利息支出，有利于扩大消费和投资。对银行来说，可有效减少提前还贷现象，减轻对银行利息收入的影响。同时，还可压缩违规使用经营贷、消费贷置换存量住房贷款的空间，减少风险隐患。为更好适应上述新形势，中国人民银行、金融监管总局明确按照市场化、法治化原则，支持鼓励银行与借款人协商调整存量首套住房贷款利率。（来源：《人民日报》）,0.8353789055232073,2023-09-04 17:24:54
后女孩存下万后买了房是一个很经典的房地产“故事”。就是讲一个女孩子本来手里有万，不慌；有了万之后，就和大家一样很担心钱贬值，所以就急忙把手里的钱加上贷款变成了房子。再然后就是讲杭州突然放开二手房限购其实没对市场造成什么影响，大家也都很淡定。最后落到性别问题上，好像买房不是靠钱，而是靠观念，也就是所谓的“女性独立买房”。你作为女人不买房，就不独立。非常经典的房市文章。里面所有的说法都是大众惯常的认知。钱存着要贬值，变成房子更好；贷款不用担忧，买了再说。政策波动也对所谓的“刚需”没什么影响，该买就买；尤其是女孩子，买房更是一种独立，社会上有很多不好的观念在阻碍女性独立买房。而现实中买房可以说是一个普通人一辈子最重要也是最大的投资了。过去这几年房价暴涨，大家经常就是会拿出全家所有的积蓄，然后背上年无限连带责任的贷款去买房。万一失业了，收入不稳定了，房贷还不起了怎么办？把房子当二手房卖掉不就可以了？很多人都会那么想。接着我们就遇到了一个问题：杭州为什么全面开放二手房的限购？因为二手房市场的买家很少，二手房卖不掉。接着一对比，你是不是就发现问题了？这个女孩子那笔看上去很“稳妥”的投资其实有很大的风险。她把自己手里全部的钱拿出来做首付，背上贷款之后，真遇到问题，房子不一定能立刻变成钱。尤其是市场不好的时候，她甚至可能遭遇非常严重的损失。拥有住房不是刚需，还贷才是。接着我们再来看这里的背景问题。过去我们宣传上经常会突出一个所谓的“刚需”概念。也就是外来人口进入大城市，比如杭州这样的城市，就有一种“刚性需求”，要在这个城市里面买一套属于自己的房子。怎么鉴别刚需呢？缴纳社保。你作为外来人，交了社保，满足一定年限，又没有房子就可以优先购房。你有购房资格，人家没有。是不是政府对你这个“刚需”很偏爱呢？所以很多年轻人只要家里有钱都是满足了限购年限就全力加杠杆去买房。那么现在呢？看着全面放开的二手房限购，他们又怎么想？接着你肯定会说，不是还有一手房在限购吗？一手房过去也在抽签啊。对了，这就是大城市房地产市场的特点。过去一直用二手房市场的挂牌价宣传一二手倒挂。所以杭州就有大量人去打新买房，觉得是政府压低了一手房的房价给自己送福利。现在二手房根本卖不掉，所以全面解除限购，你觉得现在还有倒挂吗？更或者说，过去的倒挂真的存在过吗？钱变成房子，一旦变不成钱，你的钱就亏掉了。只是大家还没有习惯在房地产市场上亏钱而已。,0.757541310162039,2024-03-24 11:21:57
后女孩存下万后买了房“存下人生第一笔万时非常兴奋，但是存到第一笔万的时候反而很空虚，因为这笔钱马上要给银行了。”月日上午，杭州突发新政，全面放开二手房限购，后女孩小金也在这一天下午付完了首付。小金告诉记者：“也许和从事影视行业有关，近几年影视行业风头正盛，收入也高，身边很多制片、导演都是靠自己买房的，所以没觉得靠自己买房很特殊。或许对女生来说，做出自己去买房这一决定才是更难的。”年春节时，她存到人生第一笔万元时决定靠自己买房，起初家人没当回事，也没有鼓励。春节后，她按照自己的预算开始约中介到处看房。“看了后也就发现杭州的房子没有想象中的贵，市中心老破小或者近郊的次新房，万到万区间的选择竟然很多。所以信心一下子更足了，自己买房似乎不难。”她回忆到，“虽然赶上新政，不过无论房东和我都心态很稳，房东没提涨价，我也没有还价，我们迅速办完网签，接下来就等银行放款了。”,0.0079688869597824,2024-03-24 11:48:16
后女孩存下万后买了房“存下人生第一笔万时非常兴奋，但是存到第一笔万的时候反而很空虚，因为这笔钱马上要给银行了。”月日上午，杭州突发新政，全面放开二手房限购，后女孩小金也在这一天下午付完了首付。她告诉记者：“虽然赶上新政，不过无论房东和我都心态很稳，房东没提涨价，我也没有还价，我们迅速办完网签，接下来就等银行放款了。”年春节时，她存到人生第一笔万时决定靠自己买房，起初家人没当回事，也没有鼓励。春节后，她按照自己的预算开始约中介到处看房。“看了也就发现杭州的房子没有想象中的贵，市中心老破小或者近郊的次新房，万到万区间的选择竟然很多。所以信心一下子更足了，自己买房似乎不难。”她回忆到。于是，明确目标的小金这两年在工作赚首付之余，空闲时间几乎都在看房。成功靠自己买房的小金认为：“也许和从事影视行业有关，近几年影视行业风头正盛，收入也高，身边很多制片、导演都是靠自己买房的，所以没觉得靠自己买房很特殊。或许对女生来说，做出自己去买房这一决定才是更难的。”（钱报房产）,0.03558225772899,2024-03-24 11:22:02
后女孩存下万后买了房“存下人生第一笔万时非常兴奋，但是存到第一笔万的时候反而很空虚，因为这笔钱马上要给银行了。”月日上午，杭州突发新政，全面放开二手房限购，后女孩小金也在这一天下午付完了首付。她告诉记者：“虽然赶上新政，不过无论房东和我都心态很稳，房东没提展开,0.7593383418200536,2024-03-24 11:27:24
杭州临平区推出住房以旧换新重磅杭州临平推出楼市以旧换新模式，可免费锁定目标房源天，今起实施房子也能以旧换新了最近，楼市消息频出，上周杭州宣布二手房全面取消限购，放开了二套以上房贷，今天最新消息，临平推出重磅房产新模式，住房可以“以旧换新”。据临平区融媒体中心报道，从区住建局了解到，今天临平区正式启动旧房换新购活动。一、签署四方协议，锁定意向房源。购房者在活动参与楼盘中选定心仪的新建商品住房房源，与开发企业、经纪企业、租赁企业四方签署买、卖、租一体的四方协议。开发企业在协议规定期限内（倡议期限在天，具体以协议约定为准）为购房者锁定意向房源。二、旧房优先卖，并享优先租经纪企业通过帮客户线上流量倾斜，加速推广销售的“优先卖”服务，缩短旧房售出周期。若在约定期限内未出售旧房，购房者可选择租赁企业对房屋进行优先租赁。三、无忧退订，保障权益若旧房在约定时间内售出，购房者履约完成新房购买手续；若旧房在约定时间内未售出及未出租的，则开发企业履约退还商品住房认购金，购房者无需承担违约责任。当然旧房无租赁需求的，购房者可与开发企业和经纪企业签订三方协议。也就是说，想要置换房屋的买家，可以提前锁定新房房源，由经纪企业“优先卖”。如果规定时间内未达成交易，开发商履约退还认购金，买家不承担违约。同时置换房如需租赁，也有一定的流量倾斜。楼市新政杭州超话,-0.001548821509644,2024-03-24 11:23:20
重磅临平住房以旧换新，今起实施楼市新政重大利好最近，楼市消息频出，上周杭州宣布二手房全面取消限购，放开了二套以上房贷，今天最新消息，临平推出重磅房产新模式，住房可以“以旧换新”,0.001119852930006,2024-03-24 11:23:48
新政后杭州上周二手房成交量创新高潮新闻美好生活研究院数据显示，上周（月日月日）杭州市区（含富阳、临安）二手房共成交套，是去年月以来周成交量的新高。上周四，杭州楼市发布新政，二手房全面取消限购，同时优化二手房交易时增值税免征年限，满两年就全部免征。实际上在新展开,0.0066588159472437,2024-03-24 11:42:39
“以价换量”能否持续？如果“以价换量”能持续，那么也没什么好担忧的。但问题是，如果后续没有进一步的提振信心的政策出台，部分城市房价可能持续跌，量未必能持续涨。长江证券今年月中旬发表过一篇研报，里面提出一个观点，城二手房价格指数于年月见顶，房价可能在年年之间的某个位置找到相对均衡。当前，除了高线城市，多数城市房价已经深度回调，房价已经跌回重置成本。这也意味着，部分高线城市的房价有回调空间，也面临着继续回调的压力，但多数城市的房价已经跌至底部，跌无可跌。但也不需要过分悲观。从杭州来看，自月日全面放开二手房限购后，带看量、成交量均出现明显上升。据杭州贝壳研究院数据，新政后（月日日）杭州的二手房日均新增客户咨询量增长了，带看量增长了，下定量增长了，挂牌房源量增长了。这也说明高线城市限购的松绑，仍会带动刚性和改善性需求入市。如果接下来有高线城市跟进松绑限购，那么月份楼市成交预计也不会差，月份有小长假带动，上半年楼市就能维持住热度，下半年可期待。所以，一线及仍然限购的热点二线城市会不会松绑，成为楼市走势的关键，否则单靠“以价换量”预计也难以维持市场热度。有业内人士表示，那些去年下半年还信心满满，想吃下以前同行市场份额的头部房企，“现在也怕了”。,-0.00100077336037,2024-03-24 11:24:04
买二手房，还能砍多少？杭州买房二手房杭州全面取消二手房限购买房攻略杭州全面放开二手房限购主持人狄可的微博视频,0.0052413870986579,2024-03-24 11:39:03
在北京上海之前，杭州全面放开二手房限购。枪声一响，有人就跑以后杭州的房子，包括全国的房子，都会慢慢回到房子应有的价值。这印证教科书上的那句话：“供需决定价格”。人口预期不足，供需平衡自然被打破了。杭州二手房一放开，周边县市二手房感到一阵凉意袭来。北京上海如果比杭州先放开，杭州二手房也出货不顺利。预测一下，上海放开限购指日可待，也许在年中，也许在年底。至于北京，那应该排在更后面，也许也不会放开。,0.0188799766075169,2024-03-24 11:27:05
杭州二手房超话杭州二手房火了楼市政策还会放松吗？这几天，杭州二手房市场比较火爆。月日上午，杭州市房地产市场平稳健康发展领导小组办公室发布通知，全面放开二手房限购。该利好消息的刺激效果立竿见影据杭州当地媒体报道，上述楼市新政发布后的第二天，二手房签约中心内人头攒动，大厅、电梯间、过道上都是办理签约或交易谈判的客户。杭州市住房保障和房产管理局相关负责人表示，希望通过激活二手房市场，提升二手房市场活跃度，促进一手房、二手房联动，使整个市场平稳健康发展。“后续在新房限购、二套房贷利率等方面或有进一步宽松空间。”天风证券研报称。东吴证券研报认为，随着春节前放松政策逐步起效，叠加月传统销售旺季的到来，若开发商加大供货推盘力度，地产销售有望温和复苏。值得注意的是，近期，有关积极信号持续释放，股房地产开发板块总体呈现上涨态势。,-0.0004306981126142,2024-03-24 12:13:04
中国商报杭州二手房火了，股房地产开发板块涨了，楼市政策还会放松吗？这几天，杭州二手房市场比较火爆。月日上午，杭州市房地产市场平稳健康发展领导小组办公室发布通知，全面放开二手房限购。该利好消息的刺激效果立竿见影据杭州当地媒体报道，上述楼市新政发布后的第二天，二手房签约中心内人头攒动，大厅、电梯间、过道上都是办理签约或交易谈判的客户。“后续在新房限购、二套房贷利率等方面或有进一步宽松空间。”天风证券研报称。值得注意的是，近期，有关积极信号持续释放，股房地产开发板块总体呈现上涨态势。你会在今年出手买房吗,0.0016926978587451,2024-03-24 11:59:00
杭州二手房火了，股房地产开发板块涨了，楼市政策还会放松吗？这几天，杭州二手房市场比较火爆。月日上午，杭州市房地产市场平稳健康发展领导小组办公室发布通知，全面放开二手房限购。该利好消息的刺激效果立竿见影据杭州当地媒体报道，上述楼市新政发布后的第二天，二手房签约中心内人头攒动，大厅、电梯间、过道上都是办理签约或交易谈判的客户。“后续在新房限购、二套房贷利率等方面或有进一步宽松空间。”天风证券研报称。值得注意的是，近期，有关积极信号持续释放，股房地产开发板块总体呈现上涨态势。你会在今年出手买房吗,0.0016926978587451,2024-03-24 12:28:09
房地产杭州全面放开二手房限购杭州放开，但成交量依旧冷冷清清，凄凄惨惨戚戚。有人说，年前放开，杭州房价还有救。有道理，然而，如果那时放开，必然产生虹吸效应，周边城市的资金被吸引到杭州，那周边的三四线城市的房地产就彻底跨了。整体在一个链条上，不是你说放开就放开的。一条绳子上的蚂蚱，一个也跑不了。杭州只是一个代表，浙江如此，其余省份无不如此。目前没有任何一个行业可以取代房地产的缺位，所以，上到国家，下到城市都在积极想办法救市。但，房子是不能再涨了，必须有一个新的行业新的市场，来代替房地产的缺位。现在没有这样一个市场，所以，整个国家的好经济表现就很“平静”，因房地产上中下游涉及几百个行业萎靡不振，居民消费不足。虽然房价不涨了，但人们还是不买房，人们的收入普遍没有增加，对未来预期不是那么乐观，所以不会大手大脚去消费，于是消费不振。人们把工资存银行，普遍不去消费升级，而是消费降级。这样下去，经济是不行的。怎么办？柜台交易央行最新的政策就是各银行开放柜台交易，让人们可以更大自由的购买国债，金融债信用债等各种债。就是说国家给你利息把钱借走。为什么这样？因为，国家的经济正常运行，需要资金的正常流通，如果大家普遍消费降级，普遍存银行，资金就不流通，经济就不发展，就会有危机（流水不腐户枢不蠹）。既然大家都存钱，不去各种投资，那国家想办法就替你去投资，要把这个钱流通出去，进入整个经济流通环节，让经济运转起来，赚了钱给你利息。这是基本原理。从国家的基本经济现状看，如果要渡过难关，必须让股票市场起来，让亿多股民赚到钱，是非常关键的一环。,0.0087731865724087,2024-03-24 12:36:14
越来越多城市开始脱光了，我劝你快跑昨天，杭州动了。二手房全面取消限购，增值税免征改。毕竟是强二线的典型代表，杭州的政策，市场讨论度还是有的。这在意料之内，我之前说过，一线城市就算放开限购也正常。今年的趋势大概就是：二线城市全面取消限购。最后倒逼一线城市也放开限购，至于什么程度的取消，暂时未知。今天我们聊几个问题：、杭州放开二手房限购，效果如何？、一线城市何时启动？、本轮救市，楼市周期有没有可能启动？不得不说，杭州只针对二手房取消限购，不够大气，但目的性极强。大家应该了解杭州的楼市，过去火起来就是因为打新。新房和二手房极大的利差成为炒房客最大的吸引力。所以搅动了杭州的楼市，但现在房价下跌，新房二手房价差哪怕有，也不像以前那么大了。新房都不用抢了，二手房怎么可能好卖。所以你看到的杭州：截至年月份，杭州二手房挂盘量达到了万套。另有数据显示，杭州楼市二手房挂盘量已经接近万套。不管是多少套，杭州的二手房库存量都真的很大。按照杭州去年二手房成交量万套来算，杭州要消耗现有的二手房库存，至少需要年，也就是个月。这已经远超于一个健康的去库存周期。所以你说这个政策的目的还不明显吗？加速二手房的去化速度呗。说真的，目的性太强，没考虑全局。现在当务之急，难道不是彻底扭转市场预期吗？只放开二手房，从信心维度来看，效果真没想象中大。从杭州的动作来看，现在还是走挤牙膏的路子。不是说挤牙膏不行，只是挤牙膏的方式反而会让人觉得后面的招数还会更大，这种逻辑之下，加速大家的观望和纠结。反而达不到促进楼市成交的效果。我对杭州此轮救市效果的预判，是成交量会起来，但延续时间不会太长。此时此刻，杭州算是打了一个样，我觉得再往后，取消新房限购，其他城市陆续跟上，完全有可能。再然后，应该就是到一线城市了。全部的目光都集中在一线，现在民间传言还没停过，对于一些话题的讨论都收得很紧，所以有些话题我不便在文中说。粉丝也应该发现了，我没有对会的话题延伸，说得面上大家觉得都懂，说深入了，可能又要被和谐了所以有些深入话题分析，包括住建部针对房企的态度，万科事件等等，我都放在了闭门直播进一步分析。大家想关注信息，且读懂背后信号的，可以扫码加我微信，我在闭门直播中给大家把一些基本逻辑说清楚了，现在大家到底是留现金，还是抓紧时间买资产，给大家一次性讲透。会不会轮到一线城市，这才是大家最关注的。二线城市全面放开，等于抢三四线城市的资金和购买力。那一线城市放开，才等于抢二线城市的。你说一线城市会不会无动于衷？现在我感觉很巧妙，各个城市好像在打一个时间差一样。都为了给能级低一点的城市，一些机会。早点出，早点抢人和抢钱，如果大哥出手，你觉得小弟日子还会好过吗？我想起之前说过一个话题，要让农民变成市民。既要主观上让他们愿意且可以，又有一些辅助性的手段。三四线城市的降价，降利率，给了很多农民一些进城也能安居的机会。一二线城市也是如此，降低交易成本、减税、降利息、降首付、降门槛，都是为了先把人吸引进来。短时间你或许仍然有住房压力，没关系，大城市还有保障房，买不起可以租，而且地方可以给你低成本的租房过度。在人口生育率降低的当下，已经从抢人才变成抢人口，先把人口框进来，再慢慢筛选。这是大城市大力推动保障房建设的原因之一。你想想，深圳如果房租元，但月薪元，小城市房租，但月薪元。你觉得哪个吸引力大？大家都知道，除了住房成本以外，其余的生活成本差异真的不大，大家买的猪肉买菜价格，小城市真没比大城市便宜。这就是大城市的聪明之处。为什么一线城市还不动呢？一个是要让保障房建设先逐渐落地，这毕竟去年才提出要大力建设。其次呢，还是要让二线城市先抢一点时间差，也抢点人口。况且，确实也不可能所有人都会涌入一线城市吧。所以你说一线城市会不会放开，我觉得会，但是会和二线城市打时间差，政策估计也会是挤牙膏一样的出。而且四大一线城市不会都松，毕竟北上最贵的不是房子，而是户口和户口背后的资源。除非，真正落实租售同权，以后不看户口。不过不排除北上会采取远郊放开，比如上海五大新城、北京的环外取消限购。总之，招数肯定有，但不会立马给够，也要给操盘手一些应对时间和让某些政策落地的时间。各位，有时候我们会容易站在自己的角度去想问题，站在自己利益去思考。很正常，人性使然。所以我们往往会忽略了每个政策之间的联系以及他们之间盘根错节的影响，推动城中村旧改、保障房建设、重启、以旧换新、好房子等等这些一系列表态背后到底什么信号？对于普通人而言，我们又应该关注背后的什么信号？今年，在政策频出的当下，城市的价值和机会可能在重塑，这种情况下，是各位资产和财富重新洗牌的机会。我之前说过，房子是财富再分配的工具，我们要懂得把财富放到优质的城市中，买入的是城市的股票，所谓房价上涨，是城市发展的红利。所以到底哪些城市是未来年最值得关注的，在一线城市也逐渐放开的当下，如何做好资产的重新优化，把老家房子一步步置换到大城市来？本轮救市，周期会启动吗？我觉得这个问题太复杂，因为每一个变量发生变化，都会有完全不一样的结果。比如国降息、地缘性问题、货币政策和财政政策的落实流畅性等等。这些都是变量，但根本还是要理解：楼市本身是经济周期的体现。而经济周期从几百上千年的历史来看，都是周而复始的。如果要关注，那大家关注一个最核心的：嗵胀。今年我估计还会继续降准，让贷款利率和存款利率进一步下调，再释放一波资金出来。不用考虑短期楼市的变化，而是站在长期个月甚至年时间，过去年淤积的水一定要放出去，关键是放出来的方式和时间周期。房价能不能涨的底层逻辑，其实就是个：、通胀、供需只要放水，没什么逻辑，房价就是会涨。其次就是供需，这也是经济学原理，但供需不要看总量，要看结构性的供需。全国来看，房子已经过剩，但大家心里多少有点数：老家的房子，真的很多人稀罕，或者回去住吗？多数人都是出来打工，一年回去住个来天，一旦以后大城市大力推动保障房建设，折也能在大城市有套房，普通人更不想回去了。所以看供需，要看哪里人多、地少、房子少。你跑到鹤岗，那房子比人还多，怎么涨。而且未来依然有亿年轻人，他们会用脚投票去到一些有产业，能找到高薪工作的地方，这样的城市依然有足够强的动力。,0.0353900817574563,2024-03-24 12:25:11
关于杭州房价，讲点没有技术含量的东西。我现在住的房子，是杭州第一梯队公立学校的学区房，老破小，平，年购入价格是每平米万元，总价万，按揭万。那会儿杭州楼市已经热起来了，中间还经历了一个，正是发烫的时候，当时四个买家同时看中，我记得很清楚，为了抢房简直使出了吃奶的展开,0.0,2024-03-24 12:12:46
新政第天二手房签约中心坐满了这几天，杭州二手房市场才终于有了“小阳春”该有的状态。月日起，杭州市区（含富阳、临安）二手房日均签约量都在套左右。中介门店、签约中心也都是人头攒动。有业内人士表示，这一波热度的来源主要是新政。从猜测新政要落地，到杭州二手房限购全面放开，这展开,0.0111230768588397,2024-03-24 14:28:41
杭州全面放开二手房限购未来还有必要买学区房吗想知道,-7.982458015218672e-05,2024-03-24 14:36:16
杭州二手房签约中心坐满了人这几天，杭州二手房市场才终于有了“小阳春”该有的状态。月日起，杭州市区（含富阳、临安）二手房日均签约量都在套左右。中介门店、签约中心也都是人头攒动。有业内人士表示，这一波热度的来源主要是新政。从猜测新政要落地，到杭州二手房限购全面放开，这中间的过程刺激了许多摇摆不定的购房者赶快下单落定。网页链接,0.0069330836175416,2024-03-24 13:42:43
杭州二手房市场迎来小阳春成交已连续天破套这几天，杭州二手房市场才终于有了“小阳春”该有的状态。月日起，杭州市区（含富阳、临安）二手房日均签约量都在套左右。中介门店、签约中心也都是人头攒动。有业内人士表示，这一波热度的来源主要是新政。从猜测新政要落地，到杭州二手房展开,-0.0029600700222237,2024-03-24 11:37:57
杭州二手房市场迎来小阳春成交已连续天破套这几天，杭州二手房市场才终于有了“小阳春”该有的状态。月日起，杭州市区（含富阳、临安）二手房日均签约量都在套左右。中介门店、签约中心也都是人头攒动。有业内人士表示，这一波热度的来源主要是新政。从猜测新政要落地，到杭州二手房限购全面放开，这中间的过程刺激了许多摇摆不定的购房者赶快下单落定。从数据上来看，进入“金三”，杭州二手房却一直没有“小阳春”的热度。月前天杭州市区二手房平均签约量只有套，直到月日起突然上升至了套左右。杭州贝壳研究院数据显示，本周起各项数据也有了变化。本周一到周四，新增房源量同比上周提升了；带看量提升了；下定量提升了。其中月日新政当天，贝壳平台房产买卖咨询量环比增长了。业内人士分析，本周起的二手房回温现象应该与新政有关。实际上在昨天新政出炉前，坊间已早有关于新政的传言。这对于部分正在观望的购房者有一定的刺激作用，会促使他们尽快下单。月的成交中，学区房的表现依旧抢眼。像西湖区的学军小学、行知小学、文三街小学和文一街小学的学区房自月以来看房量增加了不少。西湖区的学区房中介小方告诉记者，本周以来，即使是工作日自己每天也至少有五六个看房的客户，上周末甚至一天接待了个看房客户。不过小方表示，自己这些客户与新政没有关系，都是跟着自己孩子上学的需求来买房的。另外，进入月以来，不少学区房房东也都想趁着这个机会出售自己手里的学区房，开始纷纷调低价格，也吸引了更多的购房者。今天刚公布的国家统计局数据显示，月杭州二手房价格环比下跌了。贝壳指数显示，月杭州二手房挂牌均价为元，这比月的元又下降了。这也是自去年月以来连续个月下滑。证明如今的杭州二手房市场依旧是“以价换量”（潮新闻记者吴佳怡）钱江晚报的微博视频,0.0099594432157153,2024-03-24 11:23:04
杭州取消二手房限购老破小房东担心更难卖杭州全面取消二手房限购，新杭州人开心：对我们很友好，老破小房东担心：会不会更难卖月日早上，杭州市住房保障和房产管理局通过其官微发布《关于进一步优化房地产市场调控措施的通知》，杭州全面取消二手房限购，并且满年房源即可免除增值税。政策一出，楼市立刻掀起涟漪。从街头的普通市民，到二手房市场的房东、中介和意向买家，都有自己的判断和看法。计划换房者：不急了，可以慢慢挑“很好啊，放开了越来越多的人会来杭州，城市也会更加有活力。”在街头随机采访中，杭州市民程阿姨告诉钱报记者。在程阿姨看来，放开二手房限购对外地来杭的打工人来说是个利好。外地来杭的张先生也认为这项政策对他们这样的“新杭州人”很友好：“我印象中过去要缴纳社保一定时限才能买房，现在放开了限制，有助于外地人更安心地在杭州奋斗。”而在杭州已经有一套房、近期也不打算再购房的陈女士认为，新政对她来说“没什么意义”，“现在房价还在高位，有购房刚需的人，买得起的话已经买了，没钱的话放开了也还是买不起。”对有着置换计划的购房者来说，该政策则无疑是一大利好。打算今年换房的佟先生告诉记者，原本要先卖掉市区两套房中的一套，才能拿到房票，“现在我完全可以先选好心仪的房源，再去卖手头的房子了。”老小区房东：担心房子更难卖“市中心的老破小这下是雪上加霜。”德佑文晖店店长黄建军向钱报记者直言，“对于老小区来说，新政的出台，意味着客群再一次变窄。满两年的房源也免收增值税，更多人自然会倾向于购买次新房。”据中介反馈，相比老小区，申花、钱江新城等主城区次新房板块昨日的咨询量、来访量都有明显提升，不少房东催促中介尽快趁热度推房，但还未出现降价急售的房源。“本来我这套是满五年的算有点优势，现在满二的房源也免增值税了，肯定有更多房源挂出来。”勾庄某二手房东告诉记者，他觉得新政后挂牌量会增加，他这套房子会更难卖。二手房限购放开，短期内对新房市场的影响似乎不大。记者询问杭州多个楼盘的营销负责人，他们更关心二手房市场能否变活跃，然后传导到新房市场。某楼盘营销总监则认为今年是房企“卷”品质大年，可以说是购买新房的一个窗口期，最新出台的政策对二手房的流动性有很大刺激，对刚改、置换的家庭是个机会，可以趁着这个机会置换买品质更好的房子。（潮新闻记者楼肖桑孙晨吴佳怡张孙超王怿婷）,-0.0003498950311335,2024-03-24 11:21:35
杭州放开二手房限购这些区域或受益最大昨日，杭州二手房全面取消限购，这一新政出台，意味着着全国购房者都可以无条件来杭州购买二手房。在杭州拱墅区湖墅板块的一家中介机构，店长表示，新政一发布，客户的线上咨询量就有了明显提升。有身在国外的房东都第一时间来咨询新政政策。中房大数据研究中心总经理陈焕春表示：政策对二手房市场的信心肯定是个提振，它有可能会让主城区比较核心区域的，然后品质又相对比较不错的房源可能更受关注。浙江经视的微博视频,-0.0077066301401768,2024-03-24 12:33:33
财经投资《重磅杭州全面取消二手房限购》全面放开二手房限购，并且个人出售住房的增值税征免年限也统一调整为年。大家预期此项政策将全面全面激活杭州的二手房市场交易量。杭州楼市再次放大招全面放开二手房限购，并且个人出售住房的增值税征免年限也统一调整为年。大家预期此项政策将全面全面激活杭州的二手房市场交易量。网页链接,0.0058216337458997,2024-03-24 15:02:27
杭州抢跑解除限购之后，具有一定的标杆意义，因为杭州现在的地位，你可以说他是新一线，也可是说他是二线龙头，所以他完全解除限购之后，其他城市大概率是要跟进的，那么也就是说，未来起码除了北上广深之外，限购基本就不存在了。而北上广深还得分开看，广深也极有可能进一步取消限购，甚至全面取消，也并不意外。这两个城市之前也搞了太多的房地产，新房供应也很多。最近年，房价下降速度也是非常的快。所以他们也很有动力这么干。再加上，城市发展战略上，广深本身就希望吸引更多优质的年轻人口，做强他的大湾区，而香港已经全面撤辣，导致内地人过去抢房，把大陆的购买力带到了香港，对于广深的压力也是非常的大。所以未来广深也全面放开，其实也并不奇怪。最尴尬的就是北上，作为多万人口的超级大都市，一直在控制人口流入，所以全面放松限购的可能性是最低的。所以他们得先留下来掩护兄弟城市，顶多先把远郊区县放开，如果北上也全面放开限购，那么很可能会造成虹吸效应，就跟香港撤辣一样，周边城市可能会更加艰难。甚至不排除可能会引发流动性的暴跌。反而不利于全国房地产销售和化债。那些最困难的房企，比如某园，在三四线下沉的最多。所以到时候很可能会引发新的风险。所以现在全国就这么点购买力了，所以每个城市都想去抢，但是有个悖论，抢的人越多，购买力很可能就会越少。要知道全面放开限购，这已经是二手房最后的念想了，一旦放开成交和价格还没起色，对于房东的信心打击将是致命的。所以从这点来说，未来个月，杭州的成交和价格，值得密切关注。要是还不行，可能会引发一波新的降价潮。杭州全面放开二手房限购股市财经楼市,-0.018481023055241,2024-03-24 13:42:21
全面取消二手房限购对杭州楼市有何影响月日一早，杭州市发布楼市新政。从加大住房保障力度、优化二手住房限购政策、优化增值税征免年限等方面优化楼市调控。其中最吸睛的，是二手房限购政策和增值税征免年限政策的调整。新政明确，在杭州范围内购买二手住房，不再审核购房人资格。同时，杭州展开,-0.0013649264489643,2024-03-24 12:51:19
又有多家医院停止产科分娩服务地产短期看金融，中期看土地，长期看人口。现在情况是金融偏松了，市场仍不好，手里多套的，除了核心城市核心地段，该怎样就怎样，放大久真不知道怎样杭州全面放开二手房限购,0.0033074607399149,2024-03-24 12:04:34
杭州全面放开二手房限购杭州全面放开二手房限购,-0.0004603566323896,2024-03-26 02:59:27
全面取消二手房限购对杭州楼市有何影响月日一早，杭州市发布楼市新政。从加大住房保障力度、优化二手住房限购政策、优化增值税征免年限等方面优化楼市调控。其中最吸睛的，是二手房限购政策和增值税征免年限政策的调整。新政明确，在杭州范围内购买二手住房，不再审核购房人资格。同时，杭州市范围内个人出售住房的增值税征免年限统一调整为年。也就是说，二手房限购完全放开，全国人民可以买杭州任何区的二手房，没有套数限制。此次杭州楼市政策调整，表现为“二手房优于一手房”，对于市场有何激活作用？看看新闻正能量的微博视频,0.0043667908782536,2024-03-25 07:14:50
全面取消限购，持续大幅降息，组建万亿住房银行收购开发商库存。杭州全面放开二手房限购国家已经定调因城施策，一二线城市不用担心放松限购就会报复性反弹，时代一去不返了，广州、苏州等放松限购后市场并未明显复苏就是明证。逻辑变了，预期变了。,1.0,2024-03-24 23:55:44
南方早新闻未来三周，广深港跨境高铁将加开近趟年广东消费维权“成绩单”出炉广东加强电动自行车行业行政指导燕郊爆燃事故原因初步判断为燃气管道泄漏杭州全面放开二手房限购“星舰”任务提前结束华为年销售收入超亿元张家胜已任中国足协党委书记,0.0067716289854252,2024-03-24 17:55:51
杭州全面放开二手房限购放开了还是不买，那可咋整？,0.001672225605974,2024-03-24 16:59:08
经济日报：探索房地产业发展新模式经济日报文章指出，房地产业未来发展的大势是基本清晰的，发展新模式也须顺应大势。过去高杠杆、高负债、高周转的模式积弊已久，已行不通。我国已经从过去的大拆大建走向开发与改造并重的城市更新阶段；租购并举之下，住房租赁在解决居住问题方面将发挥更突出作用；美好居住生活不仅需要更优质的房子，还需要更好的配套和服务等。在城中村改造过程中发展住房租赁，有利于租购并举解决好城镇居民的居住问题，值得推广借鉴。在超大特大城市推进“平急两用”公共基础设施建设，有助于更好统筹发展与安全。各地应以保障性租赁住房为重点，持续推进保障性住房的规划建设。,-0.0450112433978443,2023-05-11 16:03:01
经济日报：探索房地产业发展新模式月日，经济日报文章指出，房地产业未来发展的大势是基本清晰的，发展新模式也须顺应大势。过去高杠杆、高负债、高周转的模式积弊已久，已行不通。我国已经从过去的大拆大建走向开发与改造并重的城市更新阶段；租购并举之下，住房租赁在解决居住问题方面将发挥更突出作用；美好居住生活不仅需要更优质的房子，还需要更好的配套和服务等。在城中村改造过程中发展住房租赁，有利于租购并举解决好城镇居民的居住问题，值得推广借鉴。在超大特大城市推进“平急两用”公共基础设施建设，有助于更好统筹发展与安全。各地应以保障性租赁住房为重点，持续推进保障性住房的规划建设。,0.6590364393354522,------
关于葛根粉的问答兼谈葛根的功效葛根是一味中药，其性略凉，味甘，有解肌退热，透疹，生津止渴，升阳止泻之功。常用于表证发热，项背强痛，麻疹不透，热病口渴，阴虚消渴，热泻热痢，脾虚泄泻。我推荐葛根粉，这是一味药食两用之品。既可补益气血以养生，又有不错的治病功效。而且，绝对安全，没有任何的毒副作用。不少人在生活中用葛根粉来作为早餐，味道甚好，且服后感觉非常舒服。以下就读者常有的一些问题作统一解答。问：脾胃不好的人能吃吗？答：能吃。葛根有和胃之功。金元时张元素在《脏脏标本用药式》中提出：大肠虚者，以葛根等升陷固脱。近代，亦中医人用葛根治疗胃下垂、便秘、胆汁分泌不良，及一般平滑肌运动不良等症者。我自己体会，每每胃肠不适时，若能冲服一碗葛根粉，即觉胃肠非常舒服。显然，葛根粉可以调畅胃肠平衡。问：葛根性凉，常服会不会伤损脾阳？答：我的观点是，完全不必担心。以大米为例，大米性偏凉，但大家吃了一辈子，也并没有出现伤损脾阳的现象。况且，大米煮成粥，还是天下第一等的补药，最能安养脾胃。同理，我认为常服葛根粉并无伤损脾阳之弊。即使是脾胃虚寒者亦可常服。当然，建议趁热温服葛根粉，最有养胃益胃功，不建议凉服。问：感冒了可以继续服葛根粉吗？答：葛根有发表解肌效果，即能治疗感冒。比如，《名医别录》谓葛根能“解肌发表”。医圣张仲景有葛根汤、桂枝加葛根汤、葛根加半夏汤，都可用于普通感冒或流行性感冒。其中无汗，身热，畏风寒者，属表实证，宜用葛根汤；外感病伴项背紧痛，出汗怕风者，属表虚证，宜用桂枝加葛根；以恶心呕吐，腹泻为主，或伴咳嗽，咯痰，胸痛者，为太阳阳明少阳合病，宜用葛根加半夏汤。问：发烧时也能喝葛根粉吗？答：能。因为葛根有清热解表作用，可用于治疗类似上呼吸道感染的病证，这在古代医籍中有大量的记载。《神农本草经》就指出葛根可以治疗“身大热”；《本草备要》谓能“治阳明头痛”。若头痛兼壮热较著者，可用《千金要方》解肌汤，即葛根汤去辛温的桂枝、生姜，加苦寒的黄芩。对表里俱热之症，《伤寒六书》推荐柴葛解肌汤（柴胡、葛根、羌活、白芷、石膏等）。凡外感发热、表证未解，里热炽盛，身恶风寒，壮热无汗，头目胀痛，周身骨痛，鼻干，唇燥，便干，舌白而糙，舌质微红，脉滑数者，皆可应用此方。上述种种，都证明葛根有解热作用。问：咳嗽或哮喘的人可以喝葛根粉吗？答：能用。不管是外感咳嗽，还是内伤咳嗽，都需要透邪外出，葛根即有发表解肌的功效。葛根能治喘症，这在古代医籍中亦屡有记载。如《伤寒论》谓：“喘而汗出者，葛根芩连汤主之”。《医宗己任编》也谓：“邪气内攻，喘而汗出者，用葛根芩连汤治疗”。《症因脉治》推荐干葛竹茹汤（干葛根、竹茹、陈皮、白茯苓、半夏、甘草），用于治疗“风寒喘逆”。《薛生白医案》介绍一病人“火升痰喘，喉间窒塞，喘促不宁，气道不利”，选用方药为紫菀、葛根、枳壳、半夏、橘红、杏仁、苏子。可见葛根用于治疗喘症的历史已久。近代药理研究亦发现，葛根有“解痉”作用，可解除支气管的痉挛。问：葛根粉适合于孩子吃吗？答：葛根粉属于药食两用之品，其性非常平和，兼能补益气血，调和肠胃，完全适合地孩子吃。问：孩子学习成绩不好，脑子不开窍，有什么办法吗？答：推荐常服葛根粉，因为葛根能升阳醒脑，有促进开脑窍的作用。现代研究发现，葛根对学习记忆障碍有明显作用，可用于治疗老年性痴呆、健忘诸症。我临床常用葛根汤治疗青少年学习成绩差，亦用于中考、高考前提高学习能力，疗效满意。问：有多种基础病的人，能喝葛根粉吗？答：能。有研究发现，葛根能使毛细血管扩张，血黏度降低，微循环改善，能软化和保护血管，并能降低人体中过高的血脂和胆固醇。大凡是基础病，往往存在着血瘀、气血不和、痰湿内滞等病机。葛根有一定的缓解作用。问：有高血压的人喝葛根粉有哪些好处？答：有学者认为，葛根对高血压导致的头痛而兼项背紧痛者，有较好的疗效。我的临床观察是，葛根亦能缓解高血压患者的头晕、头胀、耳鸣、眼花等不适症状。葛根能降血压，这是历代医家的共识。从历代中医文献来看，不少治疗类似高血压或中风等病的药方中多包括葛根。比如，《千金要方》葛根汤、四石汤，以及其后的葛根续命汤（葛根、桂枝、黄芩、防风、麻黄、杏仁、川芎、白芍、人参、甘草、防己、附子），主治范围有“眩晕困顿，气息迫急，瘛疭闷满（手足或肌肉的拘挛、颤抖及心胸不适），或卒中风，口噤，不知人”等病症，颇似高血压病或脑血管急症。我临床治疗高血压，常喜在辨证方中加一味葛根，即取其缓解血管痉挛，活血化瘀之功。问：降压药导致血压降低，也能喝葛根粉吗？答：能。现代有研究发现，葛根对血压有一定的调整作用，对药物所致的升压及降压反应，均有抑制作用，能增加心肌对氧的利用率。显然，若因过度应用降压西药导致血压过低，还可赶紧服葛根粉来调节血压平衡。从中医来分析，因为葛根有升阳之功，可以避免血压下降过低。问：有糖尿病的人能喝葛根粉吗？答：当然能。年《南京药学院学报》报告实验结果，证实葛根有降血糖作用。历代不少用于治疗类似于糖尿病的药方，其中即用到了葛根。比如，猪肾荠苨汤（猪肾、荠苨、黑大豆、石膏、人参、茯苓、知母、葛根、黄芩、磁石、天花粉、甘草）；猪肚丸（黄连、粟米、花粉、茯神、知母、麦冬、地黄、葛根）；白术散（人参、茯苓、白术、甘草、五味子、柴胡、葛根、藿香、木香）；宣明麦门冬饮子（人参、茯神、麦冬、五味子、生地、炙甘草、知母、葛根、花粉）；天花粉散（天花粉、生地、麦冬、葛根、五味子、甘草）等。我临床上常用葛根来治疗高血糖，且有显著疗效。比如，我常用葛根芩连汤。问：有心脏病的人能喝葛根粉吗？答：能。因为葛根有扩张血管，改善微循环，降低血管阻力，使血流量增加的作用，临床上常用于防治心肌缺血、心肌梗死、心律失常、高血压、动脉硬化等病症。问：冠心病患者喝葛根粉有哪些好处呢？答：葛根有轻微的活血化瘀之功，正好适合于冠心病的病机。从临床来观察，对于较频发的冠心病心绞痛，多伴见唇舌偏暗，或舌有瘀点，脉弦涩，痛而固定不移者，一般都认为有心脉阻滞，气滞血瘀。中医把活血化瘀法作为治疗的重要一环。当代医家创制了不少治疗冠心病的药方，都离不开葛根。比如，心舒二号（葛根、红花、桃仁、郁金、丹参）；融冠一号（葛根、丹皮、郁金、山楂）；冠心片（葛根、红花、川芎）；冠心二号（红花、川芎、丹参、赤芍、降香、葛根）。《上海中医药杂志》（：，年），“葛瓜舒心汤治疗冠心病例”一文，其方剂组成：葛根克，全瓜蒌克，广郁金克，泽兰克，刘寄奴克，当归克，川芎克，延胡索克，失笑散克。治疗结果：服后不仅有缓解心绞痛的效果，其它症状也都有所改善。可见，葛根配伍相应药味，对于治疗冠心病心绞痛有着广阔的前景。我的观点是，葛根粉单味应用，也有好处。冠心病患者若能常喝葛根粉，可在一定程度上缓解瘀血，能改善症状，并能改善预后。问：解酒可以用葛根粉吗？答：完全可以。《本草纲目》认为葛根有解酒毒的功效。现代研究发现，葛根能解乙醇毒性，并能迅速排泄乙醇，临床上常用葛根治疗酒后头痛、头胀、脸红等症，并能保护胃粘膜。我自己体会，若饮酒稍多，感觉头晕沉，思维不清晰时，冲点葛根粉喝，往往可以半小时之内消除酒毒，让我完全恢复到神清气爽的状态。我自认为，葛根粉可谓是每位经常外出应酬者的家庭所必备。而且既解酒，又护胃，一举两得。问：葛根粉能养颜、丰胸吗？答：可以。葛根入阳明经，而阳明经多气多血。葛根又能补益气血，可让阳明经气血旺盛起来。阳明经起于面部，向下循胸过乳房，由此说若阳明经气血旺盛，不但能美颜，还能丰胸。也有研究发现，葛根还能增强皮肤的抗损伤能力。显然，这应该于葛根补益气血，调和营卫相关。问：经常咽干的人可以喝葛根粉吗？答：能，因为葛根有生津止渴之功。葛根养阴、润喉、去燥，使人清爽舒适，适宜于所有与干燥相关的症状，包括口干、咽干、眼干等不适。《圣惠方》记载，治疗烦躁热渴，可用葛粉四两，先以水浸粟米半升，一夜漉出，拌匀，煮粥食之。问：男子阳痿、遗精也能喝葛根粉吗？答：能。有研究发现，葛根能够促进性功能，提高精液质量，增强精子活力，用于治疗肾阳虚所致的阳痿、遗精等男子性功能障碍。问：常服葛根粉还有哪些好处呢？答：《神农本草经》认为，葛根有“解诸毒”的作用。我的理解是，葛根能调畅五脏六腑的平衡，从而促进提成出五脏六腑之间积滞的阴霾浊毒。《日华子本草》谓葛根有“排脓破血”功用。今人根据葛根具有“排脓破血”功用，用于治疗若干外科感染性疾病。《本草备要》谓葛根可治“痘疹、温疟”。《大明本草》及《本草备要》都说葛根能治血痢，与张仲景在《伤寒论》中介绍的葛根芩连汤治“利遂不止”（腹泻不止），颇为一致。清代雷丰《时病论》中述及关于“风痢”的治疗经验时，也提出宜在方剂中加用葛根等药。《大明本草》认为，葛根还能治疗胸膈烦热。《圣惠方》认为，葛根还能辟瘴不染，其法，用生葛捣汁一小盏服，去热毒瓦斯也。今时有人用葛根治疗传染性肝炎，获得一定效果。儿科在治疗风疹、麻疹等病症时，也常加用葛根。由此可见，葛根的功效非常多。不但可以养生养正，还能治病。以葛根打成极细粉，其功效不失。我的观点是，葛根适合于一般人食用，尤其适宜高血压、高血脂、高血糖及偏头痛等心脑血管病患者、更年期妇女、易上火人群、久年吸烟饮酒者。另外，适合于女性滋容养颜、丰胸、中老年人日常饮食调理等。我平时即常喝葛根粉，味道清香。冲好葛根粉后若能加点蜂蜜，味道更为香甜可口。今时不少人感染了新冠病毒后，虽然已经阳康，但疫毒伤损了正气，容易出现各种后遗症状，包括乏力、胃肠不适、咳嗽、恶风等。我推荐不妨常服葛根粉，有益于促进康复。市售的不少葛根粉掺入木薯粉，但木薯有毒，其中毒症状为恶心、呕吐、腹泻、头晕，重者呼吸困难，心跳加快。我们选择中医工作室即有质量上量的纯正葛根粉，有兴趣的读者可在微信里搜索：南宁选择中医馆，或保存图片微信扫描二维码进入官方商城购买即可。,0.5311170309984441,2023-05-10 08:51:21
盘前早评：大家早上好。上周五美国三大股指反弹，中概股以及恒生科技指数期货夜盘均是反弹。恒生科技指数短期主要压力在附近。消息方面，中央财经委员会提出把握人工智能等新科技革命浪潮。同时，拜登计划在日到日的七国集团领导人广岛峰会前后签署一项行政令，严格限制美国企业对中国部分高科技产业投资；其中，人工智能、半导体和量子技术领域可能面临全面投资禁令。自主可控时不我待。另外，中央财经委员会提出以人口高质量发展支撑中国式现代化，涉及到教育、生育率提升、托育、老龄化服务等板块。国常会的会议中两个重点，一是建设充电桩，二是支持新能源汽车下乡。上周五地产板块异动，与小作文“个特大及以上城市允许棚改，平急两用基础设施建设”的消息有关，不过在盘后住建系统相关人士进行了辟谣。不过从周五晚间国内黑色系期货价格是继续维持涨势，螺纹、铁矿、焦煤焦炭涨幅还不小，只能说明是真得跌多了，也该反弹反弹，双焦日线最低都不到，大家都看空，那就该反弹了。同时，国际油价由于美国非农数据表现不错出现反弹，预计今日强周期板块可以反弹，包括煤炭和石油。板块方面，板块整体继续回落符合预期，日线尚未金叉，因此价格可能还会有所波折。目前云计算、软件服务、通信设备板块短期恐贪值处于极度恐惧区域，支撑在下轨附近，下跌空间不大。科创芯片也一样。创新药开始从极恐区域反弹，但只有吞掉月日的大阴线才有机会转强，港股创新药也一样，但强于股，中药走势强劲，短期压力在上轨。新能源板块（光伏、新能源车）在下轨附近止跌反弹，但在中轨受阻，行情能否更进一步取决于能否站上中轨。主板这边，基建、大金融板块短期恐贪值均处于极度贪婪阶段，需要注意，保险板块在打上轨后出现回落，符合预期，要震荡休整一下。中特估短期震荡或者回调对权重指数会有影响，此时就看其他权重板块能不能顶上，比如像上周五的白酒、地产。白酒跟新能源一样，超跌反弹后受阻于中轨，说明整体趋势尚未转强。,-0.0459729403770766,2023-05-08 20:02:47
昨天地产股集体猛涨，传言国家要出台利好政策，推出棚改利好和平急两用支持基建棚改政策，大家已经见识过它的威力，靠着货币化安置，拆迁分钱分房子，一波把三四线库存很很去化了一波，现在楼市疲软，很重要的原因就是大家都没钱，要么是刚需上不了车，要么是置换换不动，如果国家定向贴钱去搞，楼市肯定能被盘活，唯一的问题就是谁来出钱平急两用，是今年的新提法，是平时用作旅游、康养等功能，遇重大公共突发事件时可立即转换为应急场所的设施，能够有效补齐大城市应急能力建设短板，主要用于特大超大城市，比如北上广深、杭州、重庆、成都等地方，既然高层会议提到了，那么基建也需要花钱月底的政治局会议，关于房地产除了提到房住不炒，也提到了城中村改造和平急两用，昨天传言似乎就对应着利好政策，如果想拉动地产，再来一波棚改和万亿计划肯定是最快的，当然代价也很大，就看高层是具体怎么决策，用多大力度去推动行情，预计今年地产整体还是偏宽松，不会有加码严厉的政策，只是看放松力度到底有多大了深圳楼市深圳买房,-0.0724859134769134,2023-05-08 20:38:21
昨天地产股集体猛涨，传言国家要出台利好政策，推出棚改利好和平急两用支持基建棚改政策，大家已经见识过它的威力，靠着货币化安置，拆迁分钱分房子，一波把三四线库存很很去化了一波，现在楼市疲软，很重要的原因就是大家都没钱，要么是刚需上不了车，要么是置换换不动，如果国家定向贴钱去搞，楼市展开,0.0968808560006652,2023-05-08 20:24:27
促进房地产市场平稳健康发展在超大特大城市积极稳步推进城中村改造和“平急两用”公共基础设施建设。房地产求生欲望很强，估计短期不会打呆湾了。,-0.7971144549767096,2023-05-08 20:09:06
股票涨得好，全靠“作文”炒星期五，一则“个特大及以上城市允许棚改，还有平急两用基础设施建设”的消息在股票圈内，迅速流传。不少人纷纷转发，炒作起这个“利好消息”。很快，地产板块大面积翻红，其中不少房地产板块表现最为出色，创下新高股散户以身作则，将“传言即真相，发现即猛干，证实即跑路”的精神，落实到位戏剧性的一幕来了，这则消息的真实性遭到多位住建系统人士的怀疑，其中一位地方住建局官员更是对这则消息提出了质疑，表示“没听过”，并直言，这只是资金没有出路，借机炒作的嫌疑。尤其周五晚间，住建部站出来，辟谣了这则消息。但“小作文”就能掀起金钱的居然，充分说明：资金对房地产的热爱，从来没有放弃。当然，就眼下的舆论环境，辟谣也未必就代表着真相，甚至可能指向相反的方向。比如：不止个特大及以上城市允许棚改。但有一说一，地产行业的核心矛盾并不在于政策，而在于需求与老百姓的收入修复。所以，我们看到近期地产的高频数据并不好，居民就业问题更是媒体碰不得的“雷区”。这才是一个需要我们认真思考和面对的问题。,-0.363668963431595,2023-05-11 13:05:03
大规模棚改重启？住建系统人士：没听说月日，一张写着“个特大及以上城市允许棚改还有平急两用基础设施建设”等字眼、没有来源出处的截图在地产圈内流传。当日，地产股大面积翻红。多位不同层级住建系统人士对此都表示没听说。（阅读原文：网页链接）,0.0249658857219396,2023-05-09 09:37:43
大规模棚改重启？住建系统人士：没听说据经济观察网消息，月日，一张写着“个特大及以上城市允许棚改还有平急两用基础设施建设”等字眼、没有来源出处的截图在地产圈内流传。当日，地产股大面积翻红。对于网传的“个特大及以上城市允许棚改”“平急两用基础设施建设”政策利好，多位不同层级住建系统人士表示：没听说。一位地方住建局官员对网传消息真实性存疑，“资金没有出路，有出点消息就借机炒作的嫌疑”。首先，棚改在年前后大规模启动，经历数年，已经基本谢幕，而且棚改要配合专项贷款，如果银行端不放，用处不大；其次，“平急两用”虽是新提法，但和楼市买卖没有直接关系。也有地产分析师认为，超大特大城市“平急两用”的基础设施缺口较大，或带来较大体量的投资机会。,0.0066111955512989,2023-05-08 22:45:01
中央政治局会议释放房地产市场新信号本报记者周雪松月日，中共中央政治局召开会议，分析研究当前经济形势和经济工作。结合会议释放的相关信号，接受中国经济时报记者采访的专家认为，预计短期房地产政策仍将保持宽松状态，稳定购房者置业信心和预期至关重要。强调建立发展新模式和保障性住房建设会议指出，要有效防范化解重点领域风险，要坚持房子是用来住的、不是用来炒的定位，因城施策，支持刚性和改善性住房需求，做好保交楼、保民生、保稳定工作，促进房地产市场平稳健康发展，推动建立房地产业发展新模式。在超大特大城市积极稳步推进城中村改造和“平急两用”公共基础设施建设。规划建设保障性住房。易居研究院研究总监严跃进在接受中国经济时报记者采访时表示，此次会议继续强调“房住不炒”的定位，既是房地产健康发展的必然要求，也和近期市场的新情况有关系。此前央行也提及了“既防冷又防热”的内容，近期部分城市学区房、房地产广告等方面又出现了炒作，所以牢牢把握“房住不炒”的总基调很关键。严跃进说，根据易居研究院最新发布的省份房地产市场报告，当前各地房地产市场复苏状态有很大的差异，这次会议继续强调“因城施策”很重要。同时，在这次会议上“保交楼”也继续被强调，各地“保交楼”工作还有欠缺，还须继续强化。民生银行首席经济学家温彬对中国经济时报记者表示，从当下来看，房地产市场反弹乏力。积压需求释放临近尾声，居民对期房信心偏弱和加杠杆能力不足，使房地产开发投资难有明显回暖。此外，会议有两处提法的变化值得关注：一是“推动建立房地产业发展新模式”，而去年底召开的中央经济工作会议是“推动房地产业向新发展模式平稳过渡”；二是“规划建设保障性住房”，而此前是“推进保障性住房建设”。这意味着下一阶段在建立发展新模式和建设保障性住房方面或将提速。严跃进认为，这次会议明确推动建立房地产业发展新模式，说明后续会持续发力，相关房企等要密切注意此类模式下的战略要点。另外，城中村、基础设施和保障房等被重点强调，这恰是在购房市场回暖过程中，各地二季度要积极开展的工作。楼市交易“南强北弱”不均衡正被修正易居房地产研究院最新发布的全国省份房地产市场研究报告指出，今年一季度全国各省份尤其是个经济大省，房地产市场总体步入复苏通道。该研究报告显示，从房屋销售价格看，普遍走出下跌空间，纷纷步入正增长区间，充分说明各地稳房价工作积极有效。同时这也说明一季度房屋销售行情提振，客观上对价格指标产生了积极影响。总体上来看，一些楼市疲软的北方省份，当前房地产市场也迎来一波较好的行情，扭转了去年“南强北弱”的不均衡性。不过，在上述个省份中，有个省份房地产开发投资额同比增速为负，个省份房屋新开工面积同比增速为负。从需求端来看，有个省份商品房销售面积同比增速为负。值得一提的是，天津楼市表现亮眼，商品房销售面积同比增速最高，达到。惠誉评级认为，我国新建商品住宅销售的可持续性回暖仍面临长期宏观挑战，尽管多数内陆及经济实力较弱省份年一季度的新建商品住宅销售面积也超过了年一季度水平，但是，相较于年前个月，多数地区月的反弹程度趋弱，或销售面积表现不佳。惠誉评级相关负责人告诉记者，经济发展与人口结构的不利因素、棚改货币化安置收缩、政策宽松空间有限或会掣肘欠发达地区房地产市场的持续复苏。严跃进认为，总体来看，一季度各地房地产市场有较好的开局和表现。但是也需要看到，楼市回稳的基础还是很薄弱，尤其是从月份各地反馈数据看，部分还有下降的风险。中指研究院市场研究总监陈文静在接受中国经济时报记者采访时表示，从市场运行情况来看，一季度全国房地产市场呈现一定修复态势，特别是热点城市市场恢复节奏较快，但月份以来，重点城市市场活跃度下行，部分城市市场降温明显，根据中指数据初步统计，月份重点城商品住宅成交面积环比下降近两成，购房者置业预期仍不稳固。今年以来房地产市场运行的好转与宏观经济类似，更多地为恢复性好转，市场内生动力仍偏弱；另外，近期“我国全面实现不动产统一登记”引发了市场对于房产税征收的猜想与关注，亦对市场预期产生了一定扰动。“整体来看，中央政治局召开的这次会议释放了积极信号，一方面宏观经济呈现回升向好态势，但内生动力不强，恢复和扩大需求仍是经济持续好转的关键，对于房地产来说，促需求也将是未来的侧重点；另一方面，这次会议为房地产市场定调，整体基调并未受一季度局部市场升温影响，短期房地产政策仍将保持宽松状态，稳定购房者置业信心和预期至关重要。”陈文静说。来源：中国经济时报,0.1599565406423685,2023-05-08 20:29:58
房地产新政策：要有效防范化解重点领域风险，要坚持房子是用来住的、不是用来炒的定位，因城施策，支持刚性和改善性住房需求，做好保交楼、保民生、保稳定工作，促进房地产市场平稳健康发展，推动建立房地产业发展新模式。在超大特大城市积极稳步推进城中村改造和“平急两用”公共基础设施建设。规划建设保障性住房。,0.0150069207334212,2023-05-08 20:29:04
上午地产直线拉升后漂在市场的传闻包括：、降（固收那边传了一阵子的）、传银行牵头化债、传重启棚改（原因是重庆发了一个三年棚改计划、然后就有人开始联想了会议提到的个特大及大城市旧改平急两用）本质还是已经绝对低估了，那么大一个市场，前二十强，现在的都是啥市值啊炒中特估炒的沸沸扬扬，炒的中移动都快二十倍估值，到头来一看，嗷喝原来某些地产股比起来还算便宜了，龙头市值也低的离谱，十万亿级别的市场，市值才那么点。,0.1350382744208173,2023-05-09 09:02:59
盘后，又有小作文说，中国将重启棚改，以及推进平急两用设施建设。住建部辟谣，说没这事儿。其实这个问题是号那个会上说的，只是稍微有些出入，原话是“在超大特大城市积极稳步推进城中村改造和“平急两用”公共基础设施建设。”至于房地产板块突然大涨的原因，不过是跌多了，然后小阳线了四天，突然拉升一次出货罢了，跟今天的小作文不沾边。另外值得说明的是，万科、保利等出四月份的销售数据了，保利不错。,0.0986754654951197,2023-05-08 21:41:36
辟谣的内容是：不是棚改，跟楼市没有关系。平急两用是新提法，对此没有任何评价。黑色不仅仅是棚改与房地产，钱是有了，去哪里呢？,0.0050447032140394,2023-10-16 23:49:51
大规模棚改重启？住建系统人士：没听说财联社月日电，今日一张写着“个特大及以上城市允许棚改还有平急两用基础设施建设”等字眼、没有来源出处的截图在地产圈内流传，地产股大面积翻红。对于网传的“个特大及以上城市允许棚改”、“平急两用基础设施建设”政策利好，记者求证了多位不同层级住建系统人士，得到的反馈为：没听说。一位地方住建局官员对网传消息真实性存疑，“资金没有出路，有出点消息就借机炒作的嫌疑”。首先，棚改在年前后大规模启动，经历数年，已经基本谢幕，而且棚改要配合专项贷款，如果银行端不放，用处不大；其次，“平急两用”虽是新提法，但和楼市买卖没有直接关系。经济观察网,0.0630219462262085,2023-05-09 14:15:57
大规模棚改重启？住建系统人士：没听说今日一张写着“个特大及以上城市允许棚改还有平急两用基础设施建设”等字眼、没有来源出处的截图在地产圈内流传，地产股大面积翻红。对于网传的“个特大及以上城市允许棚改”、“平急两用基础设施建设”政策利好，记者求证了多位不同层级住建系统人士，得到的反馈为：没听说。一位地方住建局官员对网传消息真实性存疑，“资金没有出路，有出点消息就借机炒作的嫌疑”。首先，棚改在年前后大规模启动，经历数年，已经基本谢幕，而且棚改要配合专项贷款，如果银行端不放，用处不大；其次，“平急两用”虽是新提法，但和楼市买卖没有直接关系。经济观察网,0.1674657704817321,2023-05-08 21:23:15
基金股票钛媒体每日收评今日港股收评：恒指涨，融创中国涨超月日收盘，恒生指数涨，报点；恒生科技指数涨，报点；国企指数涨，报点；红筹指数涨，报点；今日，南下资金净流入亿港元，其中港股通（沪）净流入亿港元，港股通（深）净流出亿港元。板块方面，大金融股继续受捧、中资券商股走强，中国银河涨、中信建投证券涨、光大证券涨，海通证券、华泰证券等涨超；教育股拉升明显，职业教育股反弹，新高教集团涨，中教控股涨，中国科培涨，中国东方教育、希望教育、中汇集团涨超；内房股回弹，融创中国涨超，龙光集团涨，合景泰富、佳兆业集团、佳兆业集团涨超，中骏集团涨，时代中国控股、绿城中国等涨超；家电股集体下跌，海信家电跌，海尔智家跌，电子跌，创维集团跌；海运股走弱，港股海丰国际跌，太平洋航运跌。消息面：、数据显示，家上市券商年一季度全部实现盈利，其中家扭亏为盈，家净利润同比实现翻倍或以上增长。券商自营业务回暖是其一季度业绩高增长的关键。展望二季度，业内人士认为，财富管理、投行等业务的环比改善值得期待。、近日，多家职业教育公司发布中期业绩，其中中教控股中期经调整净利润同比增加；中国职业教育中期税前利润同比增加约；新高教集团中期归母净利同比增长；中国科培中期溢利同比增加；中汇集团中期归母净利同比增加。、中央政治局月日召开的会议指出，在超大特大城市积极稳步推进城中村改造和“平急两用”公共基础设施建设。规划建设保障性住房。、马士基昨日公布一季度业绩，收入同比跌约至亿美元，暴跌至亿美元，胜市场预期的亿美元。公司指，首季货柜运量同比跌，运费率平均跌。全年度指引维持不变，不过公司警告，随着市场正常化，第一季度将是今年最好的季度。、欧舒丹大涨，报港元股，股价创个月新高。消息面上，欧舒丹月日公布，截至今年月底止全年销售净额亿欧元，同比增长，按固定汇率计算增长。单计第四季度，销售净额亿欧元，按固定汇率计算同比增长，可比销售增长。就地区而言，美洲为表现最佳地区，全年按固定汇率计算增长。亚太地区全年恢复增长，乃归功于旅游零售渠道及中国第四季度的状况改善。、融创中国涨，报港元股。消息面上，公司发布境外债务重组进展公告。公告显示，在经延长同意费截止日期（即截至月日下午时），占现有债务约的同意债权人已加入重组支持协议。、巨子生物巨额限售股解禁来袭，公司股价开盘一度大跌，最终收跌，报港元股。从本次解禁股份来看，上市前投资者亿股全部解禁，同时控股股东部分股份也于月日解禁。,0.0782200122677423,2023-05-09 09:02:59
中共中央政治局：促进房地产市场平稳健康发展，在超大特大城市积极稳步推进城中村改造和“平急两用”公共基础设施建设中共中央政治局月日召开会议，分析研究当前经济形势和经济工作。会议指出，要有效防范化解重点领域风险，统筹做好中小银行、保险和信托机构改革化险工作。要坚持房子是用来住的、不是用来炒的定位，因城施策，支持刚性和改善性住房需求，做好保交楼、保民生、保稳定工作，促进房地产市场平稳健康发展，推动建立房地产业发展新模式。在超大特大城市积极稳步推进城中村改造和“平急两用”公共基础设施建设。规划建设保障性住房。要加强地方政府债务管理，严控新增隐性债务。要继续抓好新冠疫情防控工作。（新华社）,0.0026469053586994,2023-05-08 21:41:36
资金没有出路，有出点消息就借机炒作的嫌疑大规模棚改重启？住建系统人士：没听说月日，一张写着“个特大及以上城市允许棚改还有平急两用基础设施建设”等字眼、没有来源出处的截图在地产圈内流传。当日，地产股大面积翻红。对于网传的“个特大及以上城市允许棚改”、“平急两用基础设施建设”政策利好，经济观察网求证了多位不同层级住建系统人士，得到的反馈为：没听说。一位地方住建局官员对网传消息真实性存疑，“资金没有出路，有出点消息就借机炒作的嫌疑”。首先，棚改在年前后大规模启动，经历数年，已经基本谢幕，而且棚改要配合专项贷款，如果银行端不放，用处不大；其次，“平急两用”虽是新提法，但和楼市买卖没有直接关系。,0.0289866427132108,2023-10-16 23:49:51
实时快报：大规模棚改重启？住建系统人士：没听说云财经讯，一张写着“个特大及以上城市允许棚改还有平急两用基础设施建设”等字眼、没有来源出处的截图在地产圈内流传。对于网传的政策利好，多位不同层级住建系统人士反馈：没听说。（经济观察网）,0.0236063912918545,2023-05-09 14:15:57
基金股票钛媒体每日收评今日股收评：沪指跌，教育板块活跃截止月日收盘，沪指报点，跌，成交额为亿元（上一交易日成交额为亿元）；深成指报点，跌，成交额为亿元（上一交易日成交额为亿元）；创业板指报点，跌，成交额为亿元（上一交易日成交额为亿元）。两市全天成交额连续第个交易日突破万亿元，较上一交易日缩量亿元，超股下跌。今日，北上资金净流入亿元，其中沪股通净流入亿元，深股通净流入亿元。板块方面，教育股领涨，科德教育涨停，学大教育、国新文化涨停，美吉姆涨，全通教育涨；概念涨幅居前，星环科技涨超，万达信息涨，科大国创涨，宇信科技涨；地产股活跃，华夏幸福、中交地产、天保基建涨停，沙河股份、万通发展、金地集团涨超；券商股上涨，中国银河涨超，海通证券涨超，光大证券、中信证券、申万宏源涨超；光电共封装跌幅居前，东田微跌超，德科立、联特科技跌超，中际旭创、剑桥科技、通宇通讯跌超；手游概念股下跌，宝通科技跌超，慈文传媒、恺英网络跌超，盛天网络、星辉娱乐跌超，神州泰岳跌；新冠特效药概念股大幅回撤，众生药业跌，拓新药业跌，新华制药跌，森萱医药、前沿生物跌超。消息面：、中央政治局月日召开的会议指出，在超大特大城市积极稳步推进城中村改造和“平急两用”公共基础设施建设。规划建设保障性住房。、数据显示，家上市券商年一季度全部实现盈利，其中家扭亏为盈，家净利润同比实现翻倍或以上增长。券商自营业务回暖是其一季度业绩高增长的关键。展望二季度，业内人士认为，财富管理、投行等业务的环比改善值得期待。、月日，好未来宣布承建的智慧教育国家新一代人工智能开放创新平台正式上线云课堂。目前，好未来云课堂聚焦个智慧教育前沿领域提供课程服务，已正式上线个互联网职业方向、余门课程。、当地时间周四月日，微软公司在官网宣布了对搜索引擎必应和浏览器一系列的重磅升级，称这些举措是人工智能技术的新一轮创新。,0.0469320073606453,2023-05-08 21:23:15
上午房地产直线拉升后漂在市场的传闻包括：、降（固收那边传了一阵子的）、传银行牵头化债、传重启棚改（原因是重庆发了一个三年棚改计划、然后就有人开始联想了会议提到的个特大及大城市旧改平急两用）转：今天传的小作文引起了黑色一波反弹，其实在月底的会议上已经有提到，只是跌成这样，已经不关心这些了。里头有这样一段话：在超大特大城市积极稳步推进城中村改造和“平急两用”公共基础设施建设，规划建设保障性住房,0.3528801379594914,------
午评：下午晚点有个会议，所以先提前写点东西了。这波传媒游戏影视的分歧也是昨天复盘预料到的。昨天讲了，带路和方向没有互抢流动性，是因为昨天是放量的。那么今天早上缩量行情，肯定是要跷跷板的。早上竞价很多人都去顶了秦港股份的，说明带路方向今天是有预期的。昨天的小商品城，尾盘的时候我还说了下，今天是有反包预期的。昨天尾盘还给了一只陕西建工，逻辑就是带路陕西了。因为月的会议是在西安开的。早上竞价带路，那就看两只，陕西建工和中船科技了。陕西建工的买点应该是站稳均线，中船科技的买点是早上一波拉上轴。有很多人不知道早上为什么拉了地产。这里讲下。因为有消息，个特大几以上城市允许棚改，还有平急两用的基础设施建设，含以上人口的城市。所以中交地产等地产基建方向的拉升是这个原因。方向的话，早上倒是看到中际旭创抢到红开，所以稍微观察了一下，但是这个方向开出来就往下了。那今天的是没有参与的条件的。早上证券、银行、保险都在抢资金和流动性。剑桥往下按的话，这里看二波末期的。上周五有多少股神去喊大三波呢？我前天的复盘明确说了，这里只能看反抽，而不是真正意义上的反转。为什么呢？因为你们去看上周五的龙虎榜，有多少机构入场呢？很少吧。为什么呢。因为机构会认为，方向会有更低的位置可以介入，不会去抢高。昨天传媒方向的高潮确实是预料之外的。复盘计划看的这里，因为周五很多人融资买入，昨天上午是有降杠杆降成本的需求的。但是市场承接住了，而且是放量的。只能说场外的观望和踏空资金的动手。但是大势所趋是不能违背的。昨天有个明确的信号就是中际旭创的走弱。今天早上没有往上冲，市场开始拉了创业黑马、金桥信息、汉王科技这些老龙，说明啥。说明市场没有什么可以拉的了。可以回忆下这几个月拉老龙的情况下是什么行情？去拉西安饮食了去拉英飞拓了。说明市场很混沌。所以这里不是大三波开启，只是一个反抽。忘了昨天有没有说了，这两个交易日，分歧是释放不完的，昨天没释放，那就今天来释放。半导体方向我这阵子没做了。昨天看到小漂亮还，倒是考虑先看看，硬件端的北方华创、拓荆科技、中芯国际都还不错的。但是这里，半导体这里只有技术性买点，并非是容量共振的。所以半导体目前还是持谨慎态度的。的话，下午可能还有一波恐慌杀。杀一杀应该会有资金抢修复。反抽修复，我觉得都是卖点。降降仓位吧。下午有个开仓想法的票就是上海建科了。次新带路。先这些吧。收盘复盘可能要晚点了。,0.0252707769034775,2023-05-08 20:02:47
政治局会议提出在超大特大城市积极稳步推进城中村改造和“平急两用”公共基础设施建设，怎么理解“平急两用”？中国国际经济交流中心副理事长杨伟民：这个范围是有限的，不要过度解读，实际上是对疫情期间我们防控措施的一个经验总结。“平急两用”这个平是说平时，急就是应急，应哪个急呢？应重大公共安全事件的急。所以平时我们要建一些设施，平时用作旅游、康养等等，因为我们超大特大城市的周边游，旅游设施实际上是不足的，重大公共事件发生的时就可以用于应急，主要是收治和防治，我觉得一方面有利于增强公共卫生防控的救助能力，另一方面也有利于缓解特大超大城市周边旅游设施不足的问题。新闻一加一的微博视频新闻一加一的微博视频,0.0140622062877524,2023-05-08 20:38:21
政治局会议提出在超大特大城市积极稳步推进城中村改造和“平急两用”公共基础设施建设，怎么理解“平急两用”？中国国际经济交流中心副理事长杨伟民：这个范围是有限的，不要过度解读，实际上是对疫情期间我们防控措施的一个经验总结。“平急两用”这个平是说平时，急就是应急，应哪个急呢？应重大公共安全事件的急。所以平时我们要建一些设施，平时用作旅游、康养等等，因为我们超大特大城市的周边游，旅游设施实际上是不足的，重大公共事件发生的时就可以用于应急，主要是收治和防治，我觉得一方面有利于增强公共卫生防控的救助能力，另一方面也有利于缓解特大超大城市周边旅游设施不足的问题。新闻一加一的微博视频,-0.0309384015758227,2023-05-08 20:24:27
月政治局会议十大要点：五一假期对经济形势环比更加乐观。仍然强调质重于量，不走老路。房住不炒基调不变，表述与前期一致。防风险工作不能松懈。基建领域一个较新的方向：改造“平急两用”公共基础设施建设。“高质量发展”的抓手在于实体经济。短板领域加快突破主要对应国产替代、科技自立。优势领域做大做强主要对应新能源等优势产业。安全领域仍是重中之重。平台经济监管态度转暖进一步得到确认。,0.153562129557555,2023-05-08 20:09:06
前几天某会看点，平急两用魔都贸易新规别想野蛮生长,0.075116857182773,2023-05-11 13:05:03
平急两用。这么多卖方小朋友，趁着取代之前，闲着也是闲着，赶紧写两句？这概念可是新玩意，也还不懂。卖方不表现一下岂不是浪费了就业机会？,0.0071369777162614,2023-05-09 09:37:43
房地产新提法：“平急两用”公共基础设施建设值得高度重视中共中央政治局月日召开会议，分析研究当前经济形势和经济工作。关于房地产有三个新提法：由“推动房地产业向新发展模式平稳过渡”改为“推动建立房地产业发展新模式”，“建制度”任务更为明确；提及“超大特大城市城中村改造”和“保障房建设”，既可视为青年人住房问题的对应解决方案，也可视为对地方财政发力承托地产建设的明确指引；提及“平急两用”公共基础设施建设，或指通过拓展居住功能，提高疫情防控相关建设项目的利用效率。其中，“平急两用”公共基础设施建设值得高度重视。月日，发改委，联合农村农业部、国家疾控局、国开行等个部门就“平急两用”设施建设召开会议。所谓“平急两用”是指，平时用作旅游、康养等，重大公共事件突发时立即转换为隔离收治设施，将“平急两用”理念融入城市整体规划，建设改造一批“平急两用”的民宿和酒店、储备一批单体大型方舱医院、升级一批应急医疗服务点。浙商证券首席经济学家李超分析，此举一方面体现统筹发展与安全的政策思路，有效促进超大特大城市“安全供给”发展，提升避灾防御能力、补齐公共卫生救治短板，从而更好应对突发紧急事件；另一方面体现城市更新更具体化的落地，不仅是提升人居环境、解决城市发展问题，更重要的是做好应对各种突发情况的全面民生保障；同时，也有助于提振地产投资及相关居住、安防等领域的需求。信达证券首席宏观分析师解运亮月日研报解读称，在超大特大城市积极稳步推进城中村改造和“平急两用”公共基础设施建设，可能带来经济新的增长点，值得高度重视。信达宏观研报指出，目前，超大城市包括上海、北京、深圳、重庆、广州、成都、天津城，特大城市包括武汉、东莞、西安、杭州等城。信达宏观指出，个超大特大城市的“平急两用”设施建设，不仅对房地产投资，乃至对整体固定资产投资，都有望带来新的增长点。（金融界网站）,0.057556271905334,2023-05-08 22:45:01
“要坚持房子是用来住的、不是用来炒的定位，因城施策，支持刚性和改善性住房需求，做好保交楼、保民生、保稳定工作，促进房地产市场平稳健康发展”老调重弹，会继续放松。“推动建立房地产业发展新模式”新模式说好久了也没说明白是什么。“在超大特大城市积极稳步推进城中村改造和平急两用公共基础设施建设。”这个是新内容，一个层面是通过城中村改造拉动地产，另一个可以理解为“平战”两用，结合最近对退林还耕农管的种种动作，人民币资产随时可能重新估值越来越可能发生。“规划建设保障性住房。”也是老调重弹。,-0.0170643415356984,2023-05-08 20:29:58
会议开完了，大家都看到了自己想看的话：炒的看到了“要重视通用人工智能发展。”炒半导体的看到了“要夯实科技自立自强根培育壮大新动能。”炒新能源的看到了“要巩固和扩大新能源汽车发展优势，加快推进充电桩、储能等设施建设和配套电网改造。”炒一带一路的看到了“要把吸引外商投资放在更加重要的位置，稳住外贸外资基本盘。要支持有条件的自贸试验区和自由贸易港对接国际高标准经贸规则，开展改革开放先行先试。”炒金融的看到了“要有效防范化解重点领域风险，保险和信托机够改革化险工作。”炒基建的看到了“在超大特大城市积极稳步推进城中村改造和平急两用”公共基础设施建设。规划建设保障性住房。”炒电力的看到了“要做好迎峰度夏电力供应保障。”炒消费的看到了“形成扩大需求的合力。要多渠道增加城乡居民收入，改善消费环境”炒文旅的看到了“促进文化旅游等服务消费。”炒互联网的看到了“要推动平台企业规范健康发展，鼓励头部平台企业探索创新。”炒农业的看到了“抓好粮食生产和重要农产品供应保障，全面推进乡村振兴。”等刺激政策的看到了“内生动力还不强，需求仍然不足，经济转型升级面临新的阻力，推动高质量发展仍需要克服不少困难挑战。”只讲重点，第一，对经济形势判断上肯定了经济稳步恢复，增长好于预期，但内生动力不强，基础不牢靠；整体政策表述延续去年经济会议表述，继续强调积极的财政政策要加力提效，稳健的货币政策要精准有力。这意味着政策暂时不会全面转向，但是也不用预期强刺激政策出台，宏观政策还是维持稳定。第二，政治局会议层面首次提及人工智能，其中强调要重视通用人工智能发展。通用人工智能（）是具有一般人类智慧，可以执行人类能够执行的任何智力任务的机器智能，意味着政策支持更高级的大模型的发展。此外，文中提到的重视防范风险，主要是目前在使用中暴露出了数据隐私泄露、生成虚假信息、数据来源的合法性等等问题。月日，国家互联网信息办公室发布《生成式人工智能服务管理办法》，提出二十一条举措，加强对人工智能的监管。相关厂商可以通过提供内容审查工具、保障数据隐私、协定数据使用范围等措施来保障安全性。第三，首次提及“平急两用”公共基础设施建设，“平急两用”公共基础设施建设主要指的是类似于疫情时期的方舱医院、隔离酒店这种，平时作为基础社区或者度假景点，遇到突发事件时可以统筹应急的场所，用以补齐公共卫生防控救治能力建设短板，比如旅游度假村，露营民宿等。第四，首次单独点名充电桩、储能等。充电桩、储能、配电网改造都是当前新能源产业相对的短板，持续的政策扶持是有必要的。充电桩层面，当前新能源汽车保有量提升过程中，车桩比仍有提升的空间，且公共充电桩中直流快充占比仅，带来电车补能效率低下，一定程度上阻碍了产业的进一步发展；储能与配电网则是在光伏、风电这些新能源电力并网的过程中，由于新能源电力天然的不稳定性会对电网形成冲击，借用储能设施与智能配电网改造可以打造新型电力系统，进而完成新能源电力的消纳。今日看盘,-0.0372531681148228,2023-05-08 20:29:04
假期后这几个方向或将展开行情、重要会议召开，月份这几个板块方向或有行情月底的重要会议召开，分析了当前的经济形势，对下一阶段的经济工作做出了指导，大市场架构更加清晰了，哪些方向获得更多支持？老郑我为你一一梳理。（）肯定复苏周期，认为需求、供给、预期三个方面的问题已经缓解，增长好于预期，市场需求在恢复，年开局良好。（）新能源汽车：巩固和扩大优势，推进充电桩、储能等设施建设，以及配套电网的发展。（）人工智能：推动通用人工智能发展，通用主要指向工业人工智能方向。（）大消费：进一步确认，恢复和扩大需求是当前经济持续回升向好的关键。接下来，要多渠道增加居民收入，改善消费环境，促进文化旅游等服务消费。旅游酒店餐饮民航商超等场景消费的复苏会被加持。（）房地产开发：房住不炒原则不变。有一个新提法，城建工作推进“平急两用”公共基础设施建设。建设一批平急两用型民宿、酒店、储备库，平时用于旅游、康养，急用时可以当作一些临时医院等。总体来看，老郑讲解过的“消费成长”是今年的主体风格，月份，股市场可以继续围绕消费多条主线进行布局；同时，成长方向，新能源、人工智能和半导体可观察波段低位洼地。消费方面的补贴措施正在路上，我们拭目以待。、上海车展结束了，新能源汽车品牌步入竞争的第二回合上海车展结束，今年车展首发款新车型，纯电、插混和轻混动力的新能源车型的发布超过款，燃油车仅占款。不到三年，汽车行业的结构已经发生了根本性的转变。市场数据显示，年中国乘用车市场的总需求会同比上涨，其中新能源汽车的增长预计高达。汽车行业的第一回合结束，燃油车时代正在落幕。汽车行业的第二回合是优胜劣汰，“鲶鱼”特斯拉的到来，催动着汽车行业这个鱼塘必须因应时事进行改变，否则就会被清退。价格战之后，清退与并购会提速。市场数据显示，年我们的家新能源车企，现在仅剩下多家，但这还是不够的清退在今年还将加速。目前的新能源汽车行业的格局是“一超，一霸，多强”。一超是特斯拉，一霸是迪王，至于多强并立还有多久，我的看法不会超过一年，多强就会变为三到五强。新能源汽车行业的第三回合是智能化，这将彻底拉开品牌之间的技术差距，头部前沿车企将跻身科技制造类企业，头部车企吃下市场的份额，留给其他车企的时间不多了，要么被淘汰，要么合作代工。目前智能驾驶大部分停留在阶段，部分车企提出直接跳过，进入，高算力芯片和算法支持的智能驾驶系统，将实现封闭路段的智能无人驾驶。现在的唯一问题，是成本太高了。除了驾驶功能以外，未来的汽车更像是一个电子产品；这就类似于当年的功能手机和智能手机的升维，交通运输功能只是汽车的基本功能，但除此之外，汽车内部的各类电子软件将提供使用者更多的娱乐功能。从股市场的角度来看，新能源汽车可分为上游、中游、下游，以及新兴的后期服务赛道。上游是电池产业链和零部件，这一块大家最熟悉，我就不多说了；中游是三电系统，电机、电控、模具开模；下游是整车组装和品牌方；新兴的后期市场包括充电桩、换电站、电池回收，以及车用功能电子软件服务商，这些软件的业绩增长我认为将是超预期的。所以，短期来看，今年已经卷的风生水起的汽车品牌概念就不用太花心思了；零部件及出海，压铸一体化，短期可以来观察；中期以上赛道是车用电子软件题材。财经超话股市超话,0.1119335854247353,2023-05-09 09:02:59
会议说要在超大特大城市积极稳步推进城中村改造和“平急两用”公共基础设施建设。深圳城中村机会很多,0.0836305697799974,2023-05-08 21:41:36
新事儿赶事儿流水版年月日防长访问印度经济工作会议释放保守经济措施工业企业利润一季度大幅下降今日新闻服务推送，请大家取用。也欢迎转发让更多人享受到这个服务。谢谢。音频版本内容完整：在这三个软件，搜索“翻转电台”可以听到，节目名称为“世界苦茶”。或通过地址：网页链接关于另一版本，请去被收购的搜索“”。我国新闻：我国防长近日访问印度，日与印度防长辛格进行了两国自年月爆发边境冲突以来的首次会谈。席间，辛格强调了新德里对与北京的紧张关系的立场。并明确表示“边境地区的和平与安宁”是印中发展关系的前提。印方认为，中方对两国现有协议的“违反”已经“侵蚀了双边关系的整体基础”，但局势缓解后，两国自然可在边境井水不犯河水。江西“豫章书院”案月日重审宣判。原告的附带民事诉讼部分再次被全部驳回；刑事部分，各被告刑期亦与一审判决同，惟增加适用教育相关从业禁止措施。此案被告人吴军豹、任伟强等人，均被一审法院认定构成非法拘禁罪，其中人被判刑，另有人免于刑事处罚。法院判决书显示：被告人吴军豹被判有期徒刑二年十个月；被告人任伟强被判有期徒刑二年七个月；被告人张顺、屈文宽分别被判刑一年十个月、十一个月；被告人陈宾犯非法拘禁罪，免于刑事处罚。附带民事诉讼的两名原告人当庭表示上诉。中央月日开会研究经济，认为目前经济运行好转主要是恢复性的，内生动力还不强、需求仍不足，须继续改善社会预期、化解风险隐患。会议要求：巩固和扩大新能源汽车发展优势，加快推进充电桩、储能等设施建设和配套电网改造。重视通用人工智能发展，营造创新生态，重视防范风险。下决心从根本上解决企业账款拖欠问题。推动平台企业规范健康发展，鼓励头部平台企业探索创新。统筹做好中小银行、保险和信托机构改革和风险化解。做好保交楼、保民生、保稳定，推动建立房地产业发展新模式。在超大特大城市积极稳步推进城中村改造、“平急两用”公共基础设施建设。（翻评：这是一次政策非常缓和的经济会议，甚至重提了“房住不炒”的说法，没有任何成规模的经济刺激措施。要么是经济恢复真的特别好，要么是我们已经接近手段出清。）开展“优化营商网络环境”专项行动，自月日起为期三个月。重点治理的内容包括：以“贴标签”“带节奏”“放大镜”等方式，恶意散布“民营企业卖国论”“民营企业离场论”“国进民退”等论调，渲染丑化或煽动抵触国有经济或民营企业；泄露企业商业秘密，虚构企业家私生活话题，炒作或泄露企业家金融账户、行踪轨迹等个人隐私；歪曲新闻原意、断章取义企业家过往言论、片面解读企业财务报表等方式干扰企业正常经营；恶意集纳企业负面信息、谋取非法利益；跨平台多账号密集发帖恶意攻击企业、企业家。（翻评：从前放纵恶意攻击，现在又对恶意攻击严惩。但企业家和社会真正需要的，是有人当然可以自由攻击，企业家和支持者可以自由反驳。而不是今天不许攻击，明天默许攻击，但一切维护市场的言论和推进改革的言论都被严格控制。言论自由比行政控制言论重要得多，社会的活力和创造力不是靠“控制”能控出来的。）财经新闻：阿根廷政府宣布，该国将停止使用美元来支付从我国进口的商品，转而使用人民币结算。阿方认为，此举有助于促进中阿贸易，同时也将增强阿根廷外汇储备，缓冲该国持续降低的美元储备。未来数月，阿根廷有望节省约亿美元的外汇开支。（翻评：阿中年的出口贸易规模美元，亿美元大概占了贸易额的，此举冲动还是来源自阿根廷长期逆差和外债，导致美元储备下降所致。那么阿根廷和我们长期逆差，手里哪来的人民币呢？那就是阿根廷和我国的货币互换协议，刚好今年年初给了亿人民币，大概亿美元的额度，我们和一个货币贬值国家搞以人民币美元为基准的货币互换，用稳定的与美元汇率，交换不稳定的美元汇率回拨，就是扶贫嘛。）国家统计局月日公布的数据显示，月全国规模以上工业企业利润总额累计同比下降，其中月当月下降，降幅较月收窄个百分点。规模以上工业企业中，国有控股企业实现利润总额亿元，同比下降；股份制企业实现利润总额亿元，下降；外商及港澳台商投资企业实现利润总额亿元，下降；私营企业实现利润总额亿元，下降。（翻评：为何经济复苏强劲，工业企业利润下降如此之大？且营业收入下降幅度大幅小于利润幅度，这说明企业出厂产品价格在下降，也就是企业用更低的价格销售了更多的商品，导致营业额微降，但是利润大降，企业在此的合理决策就是缩减生产规模，这也是持续低迷的原因，这种现象就是通缩。）特斯拉竞争对手比亚迪报告第一季度净利润增长逾倍。沃伦巴菲特投资的这家我国汽车制造商摆脱了激烈价格战和汽车行业销售增长放缓的冲击，而外资品牌和本土竞争对手普遍受到了打击。比亚迪周四表示，今年头三个月净利润增长，至亿元人民币。这家总部位于深圳的集团扩大了其在我国插电式混合动力汽车和电池驱动电动汽车领域的主导地位。（翻评：新能源汽车又成为了天字第一号产业，但这个领域的产值和对整体经济的拉动，与房地产和互联网不在一个规模下。可以今年超越日本成为全球第一大汽车出口国成为一个“显著成就”，但并不是对整体经济形成足够支持，而且这也在国内乘用车市场持续低迷的背景下。）美国商务部于当地周四发表声明，指美国和南韩同意在先进半导体领域上加强紧密合作，在尽量不干扰全球半导体供应链的前提之下，采取必要措施以保护国家安全。双方同意维护半导体行业的生存力和鼓励技术进步，并且同意由美国提出的半导体相关计划，以及由南韩提出的降低相关企业投资不确定性和企业负担的倡议。就相关议题，美韩双方未来会展开进一步磋商。一位知情人士周五表示，美国联邦存款保险公司即将准备接管第一共和银行。该行股价在周五收盘已跌逾的情况下，盘后又应声暴跌近。俄乌战争：罗刹国日早些时候向乌克兰基辅等地发射十余枚巡航导弹。基辅响起空袭警报，当局称乌克兰空军拦截了枚导弹和架无人机，在乌克兰境内，至少有名平民在罗刹国新一轮巡航导弹袭击中丧生，还有许多人受伤。首都基辅时隔天再次遭到袭击。北约秘书长斯托尔滕贝格宣布，盟友已向乌克兰交付了超过辆装甲车、辆坦克等装备以及大量的弹药，训练和装备了超过个旅的乌克兰士兵。“这将有助于乌克兰处于继续夺回被占领土的有利地位”。罗刹国总统签署法令，允许将未获得罗刹国公民身份的乌克兰临时占领区居民驱逐出境。瓦格纳私人军事公司的所有者普里戈津表示，瓦格纳成员即将耗尽，公司可能很快就会消失。他说：“截至今天，我们正接近瓦格纳私人军事公司终结的时刻。在不久的将来，瓦格纳将不复存在。”其他新闻：阿根廷总统阿尔贝托费尔南德斯下令支付美元赔偿金，以赔偿年月被绑架和折磨的乌拉圭夫妇。此前，美洲国家人权委员会因阿根廷未对上一次军事独裁统治期间发生的罪行进行调查和赔偿而首次谴责阿根廷。前巴西总统贾伊尔博尔索纳罗本周三向联邦警察调查人员表示，他在药物影响下错误地在社交网络上发布了一段质疑电子投票机器公正性的视频，而那是在三权分立总部遭受政变分子袭击的两天后。在经济疲软的背景下，土耳其总统雷杰普塔伊普埃尔多安在即将于月日举行的选举中面临不确定因素。年轻的土耳其人对执政的党感情逐渐淡化，反对派则终于团结起来。通常是埃尔多安选民基础的保守派妇女的支持也在投票前显得不那么坚定。（每天都有大量内容在另一版本中。）欢迎在和爱发电支持翻转电台：网页链接爱发电：网页链接要记得敢于去相信，也敢于分享你的相信。,0.2886018963115457,2023-10-16 23:49:51
这一次的局会议，“房地产”终于被重新提及，篇幅还不少，足足个字。表述是这样的：要坚持房子是用来住的、不是用来炒的定位，因城施策，支持刚性和改善性住房需求，做好保交楼、保民生、保稳定工作，促进房地产市场平稳健康发展，推动建立房地产业发展新模式。在超大特大城市积极稳步推进城中村改造，和“平急两用”公共基础设施建设，规划建设保障性住房。凌斌飞扬看房话说探家,0.0591652610220818,2023-05-09 14:15:57
钱眼观世财经早餐星期六当前经济持续回升向好的关键所在新一轮成品油调价窗口开启鼓励头部平台企业探索创新“”减产倒计时上海推出今年第四批次集中供应楼盘月日股收评近千份股一季报诠释“开年就起跑”科创板不必急于“跑步”扩容上市公司要闻一览稳步推进城中村改造和“平急两用”基础设施建设一季度我国规模以上互联网企业利润大增物流需求加快恢复，物流运行开局平稳一季度全球智能手机出货量下降香奈儿排除上市可能性热点出不停，追踪你想听。阿奴平湖宁今天的财秘追踪主题是财经早餐的微博视频,0.0484402046690028,2023-05-08 21:23:15
中共中央政治局召开会议习近平主持会议中共中央政治局召开会议分析研究当前经济形势和经济工作中共中央总书记习近平主持会议中共中央政治局月日召开会议，分析研究当前经济形势和经济工作。中共中央总书记习近平主持会议。会议认为，今年以来，在以习近平同志为核心的党中央坚强领导下，各地区各部门更好统筹国内国际两个大局，更好统筹疫情防控和经济社会发展，更好统筹发展和安全，我国疫情防控取得重大决定性胜利，经济社会全面恢复常态化运行，宏观政策靠前协同发力，需求收缩、供给冲击、预期转弱三重压力得到缓解，经济增长好于预期，市场需求逐步恢复，经济发展呈现回升向好态势，经济运行实现良好开局。会议指出，当前我国经济运行好转主要是恢复性的，内生动力还不强，需求仍然不足，经济转型升级面临新的阻力，推动高质量发展仍需要克服不少困难挑战。会议强调，要深入开展学习贯彻习近平新时代中国特色社会主义思想主题教育，认真落实中央经济工作会议精神，坚持稳中求进工作总基调，完整、准确、全面贯彻新发展理念，加快构建新发展格局，全面深化改革开放，把发挥政策效力和激发经营主体活力结合起来，形成推动高质量发展的强大动力，统筹推动经济运行持续好转、内生动力持续增强、社会预期持续改善、风险隐患持续化解，乘势而上，推动经济实现质的有效提升和量的合理增长。会议指出，要加快建设以实体经济为支撑的现代化产业体系，既要逆势而上，在短板领域加快突破，也要顺势而为，在优势领域做大做强。要夯实科技自立自强根基，培育壮大新动能。要巩固和扩大新能源汽车发展优势，加快推进充电桩、储能等设施建设和配套电网改造。要重视通用人工智能发展，营造创新生态，重视防范风险。会议强调，恢复和扩大需求是当前经济持续回升向好的关键所在。积极的财政政策要加力提效，稳健的货币政策要精准有力，形成扩大需求的合力。要多渠道增加城乡居民收入，改善消费环境，促进文化旅游等服务消费。要发挥好政府投资和政策激励的引导作用，有效带动激发民间投资。会议指出，要坚持“两个毫不动摇”，破除影响各类所有制企业公平竞争、共同发展的法律法规障碍和隐性壁垒，持续提振经营主体信心，帮助企业恢复元气。各类企业都要依法合规经营。要下决心从根本上解决企业账款拖欠问题。要推动平台企业规范健康发展，鼓励头部平台企业探索创新。会议强调，要全面深化改革、扩大高水平对外开放。认真落实党和国家机构改革方案，推进国家治理体系和治理能力现代化。要把吸引外商投资放在更加重要的位置，稳住外贸外资基本盘。要支持有条件的自贸试验区和自由贸易港对接国际高标准经贸规则，开展改革开放先行先试。会议指出，要有效防范化解重点领域风险，统筹做好中小银行、保险和信托机构改革化险工作。要坚持房子是用来住的、不是用来炒的定位，因城施策，支持刚性和改善性住房需求，做好保交楼、保民生、保稳定工作，促进房地产市场平稳健康发展，推动建立房地产业发展新模式。在超大特大城市积极稳步推进城中村改造和“平急两用”公共基础设施建设。规划建设保障性住房。要加强地方政府债务管理，严控新增隐性债务。要继续抓好新冠疫情防控工作。会议强调，要切实保障和改善民生，强化就业优先导向，扩大高校毕业生就业渠道，稳定农民工等重点群体就业。要以“时时放心不下”的责任感，持续抓好安全生产。要做好迎峰度夏电力供应保障。要巩固拓展脱贫攻坚成果，抓好粮食生产和重要农产品供应保障，全面推进乡村振兴。要加强生态环境系统治理。各级领导干部要带头大兴调查研究，奔着问题去，切实帮助企业和基层解决困难。中共中央政治局召开会议习近平主持会议,0.0114319388238764,------
财经早餐星期六当前经济持续回升向好的关键所在新一轮成品油调价窗口开启鼓励头部平台企业探索创新“”减产倒计时上海推出今年第四批次集中供应楼盘月日股收评近千份股一季报诠释“开年就起跑”科创板不必急于“跑步”扩容上市公司要闻一览稳步推进城中村改造和“平急两用”基础设施建设一季度我国规模以上互联网企业利润大增物流需求加快恢复，物流运行开局平稳一季度全球智能手机出货量下降香奈儿排除上市可能性热点出不停，追踪你想听。今天的财秘追踪主题是财经早餐的微博视频,-0.1310871398515626,2023-05-06 22:06:42
解读来了政治局会议定调：楼市基调不变推动建立发展新模式月日，中央政治局召开会议，分析研究当前经济形势和经济工作。有关房地产部分，会议指出，要坚持房子是用来住的、不是用来炒的定位，因城施策，支持刚性和改善性住房需求，做好保交楼、保民生、保稳定工作，促进房地产市场平稳健康发展，推动建立房地产业发展新模式。在超大特大城市积极稳步推进城中村改造和“平急两用”公共基础设施建设。规划建设保障性住房。月日，中央政治局召开会议，分析研究当前经济形势和经济工作。有关房地产部分，会议指出，要坚持房子是用来住的、不是用来炒的定位，因城施策，支持刚性和改善性住房需求，做好保交楼、保民生、保稳定工作，促进房地产市场平稳健康发展，推动建立房地产业发展新模式。在超大特大城市积极稳步推进城中村改造和“平急两用”公共基础设施建设。规划建设保障性住房。中指研究院市场研究总监陈文静指出，此次高层会议针对房地产的关键词“房住不炒”、“因城施策”、“支持刚性和改善性住房需求”、“保交楼”、“房地产业发展新模式”均延续了此前提法，依然在“要有效防范化解重点领域风险”后面，由此可见，防范房地产风险仍是重点，在当前的市场环境下，房地产政策环境整体仍处于宽松状态。易居研究院研究总监严跃进也认为，此次会议对房地产相关工作的总思路不变。“继续强调支持刚性和改善性住房需求，这个是总纲，也是楼市回暖的最关键的内容。所以各地依然要把提振住房消费作为一项重要的工作。”严跃进说，“同时要密切关注一些新的问题，要确保楼市稳定发展。”从市场运行情况来看，年前个月，全国房地产市场呈现一定修复态势，特别是热点城市市场恢复节奏较快。但月以来，重点城市市场活跃度下行，部分城市市场降温明显。根据中指数据初步统计，月重点城商品住宅成交面积环比下降近两成，购房者置业预期仍不稳固。整体来看，今年以来房地产市场运行更多体现为恢复性好转，市场内生动力仍偏弱；另外，近期“我国全面实现不动产统一登记”引发了市场对于房产税征收的猜想与关注，亦对市场预期产生了一定扰动。陈文静认为，短期来看，稳定购房者置业信心和预期仍是促进房地产市场恢复的关键。二季度，前期已出台的保交楼、加大“三支箭”支持房企融资等政策有望继续落实到位。各地楼市政策或继续优化，如重点一二线城市库存较高的郊区，或按照一区一策原则，优化限购条件和认房认贷政策；结合生育政策，对二孩以上家庭的限购套数、首付比例、房贷利率等给予支持；降低房屋交易税费等。“整体来看，本次会议释放了积极信号。”陈文静补充说，一方面宏观经济呈现回升向好态势，但内生动力不强，恢复和扩大需求仍是经济持续好转的关键，对于房地产来说，促需求也将是未来的侧重点；另一方面，会议为房地产市场定调，整体基调并未受一季度局部市场升温影响，短期房地产政策仍将保持宽松状态，稳定购房者置业信心和预期至关重要。值得注意的是，“促进房地产市场平稳健康发展，推动建立房地产业发展新模式”的提法，再次指明了房企未来的工作方向。严跃进进一步解释说：“当前房地产市场基本上稳住了，所以一些新的工作会陆续部署。房企要两头抓，一头抓既有的住房销售提振的工作，一头抓一些新提法新发展模式等。唯有这样，才能兼顾短期发展和中长期转型需要，进而促进企业健康发展。”,0.0954780176625043,2023-05-07 14:50:44
中共中央政治局召开会议主持会议会议指出，要加快建设以实体经济为支撑的现代化产业体系，既要逆势而上，在短板领域加快突破，也要顺势而为，在优势领域做大做强。要夯实科技自立自强根基，培育壮大新动能。要巩固和扩大新能源汽车发展优势，加快推进充电桩、储能等设施建设和配套电网改造。要重视通用人工智能发展，营造创新生态，重视防范风险。会议强调，恢复和扩大需求是当前经济持续回升向好的关键所在。积极的财政政策要加力提效，稳健的货币政策要精准有力，形成扩大需求的合力。要多渠道增加城乡居民收入，改善消费环境，促进文化旅游等服务消费。要发挥好政府投资和政策激励的引导作用，有效带动激发民间投资。会议指出，要坚持“两个毫不动摇”，破除影响各类所有制企业公平竞争、共同发展的法律法规障碍和隐性壁垒，持续提振经营主体信心，帮助企业恢复元气。各类企业都要依法合规经营。要下决心从根本上解决企业账款拖欠问题。要推动平台企业规范健康发展，鼓励头部平台企业探索创新。会议强调，要全面深化改革、扩大高水平对外开放。认真落实党和国家机构改革方案，推进国家治理体系和治理能力现代化。要把吸引外商投资放在更加重要的位置，稳住外贸外资基本盘。要支持有条件的自贸试验区和自由贸易港对接国际高标准经贸规则，开展改革开放先行先试。会议指出，要有效防范化解重点领域风险，统筹做好中小银行、保险和信托机构改革化险工作。要坚持房子是用来住的、不是用来炒的定位，因城施策，支持刚性和改善性住房需求，做好保交楼、保民生、保稳定工作，促进房地产市场平稳健康发展，推动建立房地产业发展新模式。在超大特大城市积极稳步推进城中村改造和“平急两用”公共基础设施建设。规划建设保障性住房。要加强地方政府债务管理，严控新增隐性债务。要继续抓好新冠疫情防控工作。,-0.0127639734140524,2023-05-07 07:44:40
在超大特大城市积极稳步推进城中村改造和“平急两用”公共基础设施建设。站七点档的一句话。,0.0186251144657811,2023-05-06 23:58:41
解读丨政治局会议定调经济好转主要是恢复性的，继续扩内需稳外贸有这些重点举措月日，中共中央政治局召开会议，分析研究当前经济形势和经济工作。会议认为，今年以来，我国经济增长好于预期，市场需求逐步恢复，经济发展呈现回升向好态势，经济运行实现良好开局。当前我国经济运行好转主要是恢复性的，内生动力还不强，需求仍然不足，经济转型升级面临新的阻力，推动高质量发展仍需要克服不少困难挑战。会议强调，恢复和扩大需求是当前经济持续回升向好的关键所在。积极的财政政策要加力提效，稳健的货币政策要精准有力，形成扩大需求的合力。要促进文化旅游等服务消费，有效带动激发民间投资，持续提振经营主体信心，稳住外贸外资基本盘等。会议还明确了一些重要的具体举措：要巩固和扩大新能源汽车发展优势，加快推进充电桩、储能等设施建设和配套电网改造；要下决心从根本上解决企业账款拖欠问题；要推动平台企业规范健康发展，鼓励头部平台企业探索创新；要把吸引外商投资放在更加重要的位置，稳住外贸外资基本盘；支持刚性和改善性住房需求，做好保交楼、保民生、保稳定工作，促进房地产市场平稳健康发展；在超大特大城市积极稳步推进城中村改造和“平急两用”公共基础设施建设；扩大高校毕业生就业渠道，稳定农民工等重点群体就业等。解读丨政治局会议定调经济好转主要是恢复性的，继续扩内需稳外贸有这些重点举措（财经）,0.0377992105014787,2023-05-07 16:16:10
中共中央政治局召开会议主持会议会议指出，要加快建设以实体经济为支撑的现代化产业体系，既要逆势而上，在短板领域加快突破，也要顺势而为，在优势领域做大做强。要夯实科技自立自强根基，培育壮大新动能。要巩固和扩大新能源汽车发展优势，加快推进充电桩、储能等设施建设和配套电网改造。要重展开,-1.0,2023-05-06 22:35:10
平急两用，细思。,0.0216479196862856,2023-05-06 22:16:50
股票超话靴子落地周五沪指涨点，给亿股民一个好心情进入假期，盘后再为大家做则消息的分析，假期后这几个方向或将展开行情、重要会议召开，月份这几个板块方向或有行情月底的重要会议召开，分析了当前的经济形势，对下一阶段的经济工作做出了指导，大市场架构更加清晰了，哪些方向获得更多支持？耀哥为你一一梳理。（）肯定复苏周期，认为需求、供给、预期三个方面的问题已经缓解，增长好于预期，市场需求在恢复，年开局良好。（）新能源汽车：巩固和扩大优势，推进充电桩、储能等设施建设，以及配套电网的发展。（）人工智能：推动通用人工智能发展，通用主要指向工业人工智能方向。（）大消费：进一步确认，恢复和扩大需求是当前经济持续回升向好的关键。接下来，要多渠道增加居民收入，改善消费环境，促进文化旅游等服务消费。旅游酒店餐饮民航商超等场景消费的复苏会被加持。（）房地产开发：房住不炒原则不变。有一个新提法，城建工作推进“平急两用”公共基础设施建设。建设一批平急两用型民宿、酒店、储备库，平时用于旅游、康养，急用时可以当作一些临时医院等。总体来看，老苏讲解过的“消费成长”是今年的主体风格，月份，股市场可以继续围绕消费多条主线进行布局；同时，成长方向，新能源、人工智能和半导体可观察波段低位洼地。消费方面的补贴措施正在路上，我们拭目以待。、上海车展结束了，新能源汽车品牌步入竞争的第二回合上海车展结束，今年车展首发款新车型，纯电、插混和轻混动力的新能源车型的发布超过款，燃油车仅占款。不到三年，汽车行业的结构已经发生了根本性的转变。市场数据显示，年中国乘用车市场的总需求会同比上涨，其中新能源汽车的增长预计高达。汽车行业的第一回合结束，燃油车时代正在落幕。汽车行业的第二回合是优胜劣汰，“鲶鱼”特斯拉的到来，催动着汽车行业这个鱼塘必须因应时事进行改变，否则就会被清退。价格战之后，清退与并购会提速。市场数据显示，年我们的家新能源车企，现在仅剩下多家，但这还是不够的清退在今年还将加速。目前的新能源汽车行业的格局是“一超，一霸，多强”。一超是特斯拉，一霸是迪王，至于多强并立还有多久，我的看法不会超过一年，多强就会变为三到五强。新能源汽车行业的第三回合是智能化，这将彻底拉开品牌之间的技术差距，头部前沿车企将跻身科技制造类企业，头部车企吃下市场的份额，留给其他车企的时间不多了，要么被淘汰，要么合作代工。目前智能驾驶大部分停留在阶段，部分车企提出直接跳过，进入，高算力芯片和算法支持的智能驾驶系统，将实现封闭路段的智能无人驾驶。现在的唯一问题，是成本太高了。除了驾驶功能以外，未来的汽车更像是一个电子产品；这就类似于当年的功能手机和智能手机的升维，交通运输功能只是汽车的基本功能，但除此之外，汽车内部的各类电子软件将提供使用者更多的娱乐功能。从股市场的角度来看，新能源汽车可分为上游、中游、下游，以及新兴的后期服务赛道。上游是电池产业链和零部件，这一块大家最熟悉，我就不多说了；中游是三电系统，电机、电控、模具开模；下游是整车组装和品牌方；新兴的后期市场包括充电桩、换电站、电池回收，以及车用功能电子软件服务商，这些软件的业绩增长我认为将是超预期的。所以，短期来看，今年已经卷的风生水起的汽车品牌概念就不用太花心思了；零部件及出海，压铸一体化，短期可以来观察；中期以上赛道是车用电子软件题材。财经股票,0.3770824267304405,2023-05-07 09:08:04
学习贯彻习近平新时代中国特色社会主义思想主题教育动员大会当前我国经济运行好转主要是恢复性的，内生动力还不强，需求仍然不足，经济转型升级面临新的阻力，推动高质量发展仍需要克服不少困难挑战。要深入开展学习贯彻习近平新时代中国特色社会主义思想主题教育，认真落实中央经济工作会议精神，坚持稳中求进工作总基调，完整、准确、全面贯彻新发展理念，加快构建新发展格局，全面深化改革开放，把发挥政策效力和激发经营主体活力结合起来，形成推动高质量发展的强大动力，统筹推动经济运行持续好转、内生动力持续增强、社会预期持续改善、风险隐患持续化解，乘势而上，推动经济实现质的有效提升和量的合理增长。要加快建设以实体经济为支撑的现代化产业体系，既要逆势而上，在短板领域加快突破，也要顺势而为，在优势领域做大做强。要夯实科技自立自强根基，培育壮大新动能。要巩固和扩大新能源汽车发展优势，加快推进充电桩、储能等设施建设和配套电网改造。要重视通用人工智能发展，营造创新生态，重视防范风险。恢复和扩大需求是当前经济持续回升向好的关键所在。积极的财政政策要加力提效，稳健的货币政策要精准有力，形成扩大需求的合力。要多渠道增加城乡居民收入，改善消费环境，促进文化旅游等服务消费。要发挥好政府投资和政策激励的引导作用，有效带动激发民间投资。要坚持“两个毫不动摇”，破除影响各类所有制企业公平竞争、共同发展的法律法规障碍和隐性壁垒，持续提振经营主体信心，帮助企业恢复元气。各类企业都要依法合规经营。要下决心从根本上解决企业账款拖欠问题。要推动平台企业规范健康发展，鼓励头部平台企业探索创新。要全面深化改革、扩大高水平对外开放。认真落实党和国家机构改革方案，推进国家治理体系和治理能力现代化。要把吸引外商投资放在更加重要的位置，稳住外贸外资基本盘。要支持有条件的自贸试验区和自由贸易港对接国际高标准经贸规则，开展改革开放先行先试。要有效防范化解重点领域风险，统筹做好中小银行、保险和信托机构改革化险工作。要坚持房子是用来住的、不是用来炒的定位，因城施策，支持刚性和改善性住房需求，做好保交楼、保民生、保稳定工作，促进房地产市场平稳健康发展，推动建立房地产业发展新模式。在超大特大城市积极稳步推进城中村改造和“平急两用”公共基础设施建设。规划建设保障性住房。要加强地方政府债务管理，严控新增隐性债务。要继续抓好新冠疫情防控工作。要切实保障和改善民生，强化就业优先导向，扩大高校毕业生就业渠道，稳定农民工等重点群体就业。要以“时时放心不下”的责任感，持续抓好安全生产。要做好迎峰度夏电力供应保障。要巩固拓展脱贫攻坚成果，抓好粮食生产和重要农产品供应保障，全面推进乡村振兴。要加强生态环境系统治理。各级领导干部要带头大兴调查研究，奔着问题去，切实帮助企业和基层解决困难。,0.0076522618433266,2023-05-08 13:27:31
国家发改委发布恢复和扩大消费二十条措施月日，国务院办公厅转发国家发展改革委关于恢复和扩大消费措施的通知，就住房、汽车、休假、文旅等方面提出二十条针对性举措。其中提出，扩大服务消费，丰富文旅消费，全面落实带薪休假制度，鼓励错峰休假、弹性作息，促进假日消费；促进文娱体育会展消费，优化审批流程，加强安全监管和服务保障，增加戏剧节、音乐节、艺术节、动漫节、演唱会等大型活动供给；稳定大宗消费，各地不得新增汽车限购措施，支持刚性和改善性住房需求，提升家装家居和电子产品消费；提升健康服务消费，坚持中西医并重，开发面向老年人健康服务产品。,-0.0088805413176909,2023-08-01 10:13:31
上证指数摸高点，两市成交再破万亿，股稳了吗？股三大指数在月最后一个交易日纷纷收涨，沪指涨，收报点；深证成指涨，收报点；创业板指涨，收报点。市场成交额继续放大，沪市成交亿元，深市成交亿元，两市合计成交亿元，较前一交易日的亿元明显放量，为月日以来首次成交额超过万亿，其中北向资金净买入近百亿元。有人调侃称，自从胡锡进月日入市后，整个月上证指数均未跌破其入市当日创下低点点，而随着政治局会议利好及相应利好政策频发，上证指数更是在月底一路走高，今日一度摸高点创下月度新高，“胡锡进底”或日渐牢固。而真正决定市场走向的还是基本面因素。政策层面，今日国家统计局公布了月份制造业采购经理指数（）为，比上月上升个百分点，制造业景气水平持续改善。从企业规模看，大型企业为，与上月持平；中型企业为，比上月上升个百分点；小型企业为，比上月上升个百分点，数据反映出了中国经济持续复苏的迹象。同一时间，国务院办公厅转发国家发展改革委《关于恢复和扩大消费措施》的通知。该措施要求，把恢复和扩大消费摆在优先位置，优化就业、收入分配和消费全链条良性循环促进机制，增强消费能力，改善消费条件，创新消费场景，充分挖掘超大规模市场优势。针对稳定大宗消费、扩大服务消费、促进农村消费、拓展新型消费、完善消费设施、优化消费环境，发改委提出了二十条措施，被市场普遍解读为政策利好。在板块表现层面，今日地产相关板块继续走强，华远地产、中南建投、荣盛发展等多股涨停。地产股本轮强势的表现源于其直接受益于政策利好，继月日中央政治局会议提出“适时调整优化房地产政策”及住建部表态进一步落实好各项政策措施后，一线城市密集表态，目前北上广深四大城市已经有三座城市放风。月日，北京市住建委表示，将更好满足刚性和改善性住房需求，促进北京房地产市场平稳健康发展。月日，深圳市住房建设局表示，将结合深圳市房地产实际情况，会同市有关部门、中央驻深机构和各区抓好贯彻落实，更好满足居民刚性和改善性住房需求，扎实推进保交楼工作，切实维护房地产市场秩序，促进深圳市房地产市场平稳健康发展。同日，媒体援引广州市住建局工作人员回应称，将结合广州实际尽快推出有关政策措施，大力支持、更好满足刚性和改善性住房需求。上周五券商龙头中信证券强势涨停，带动证券指数大涨后，今日非银金融板块开盘冲高，随后涨幅明显回落，天风证券、西南证券、太平洋等多股涨停。在最新的一篇安信证券的研报中，其复盘了年至今共次券商大涨（券商指数单日涨）后市场表现，表示后续大盘指数上涨概率较高。而随着暑期档电影票房火爆，传媒板块拉升领涨，星辉娱乐涨超，华谊兄弟大涨。根据灯塔专业版数据，截至月日时分，年暑期档（月日月日）总票房（含预售）突破亿。除了电影热映的因素外，巨丰投顾高级投资顾问李建杰表示：传媒板块作为人工智能主要受益方向之一，也是板块的重要方向，未来与“”深度融合的发展前景值得期待，预计带来的商业模式、收入、利润率影响将在明年开始逐渐体现。短期来看，关注版号驱动和边际应用变化；长期来看，助力游戏编辑平台释放用户端生产力，带来游戏内容与用户体量螺旋式上升，看好传媒板块的后续发展。受国家整治医药腐败影响，今日医药生物板块领跌，恒瑞医药大跌超。月日，纪检监察机关配合开展全国医药领域腐败问题集中整治工作动员部署视频会议在北京召开。会议指出，集中整治医药领域腐败问题是推动健康中国战略实施、净化医药行业生态、维护群众切身利益的必然要求。要以监督的外部推力激发履行主体责任的内生动力，深入开展医药行业全领域、全链条、全覆盖的系统治理。加大执纪执法力度，紧盯领导干部和关键岗位人员，坚持受贿行贿一起查，集中力量查处一批医药领域腐败案件，形成声势震慑。强化以案促改，推动深化改革、完善制度等。对于股月的上涨走势，各大券商也纷纷发表了自己的看法，并积极看好后市。中金公司看好本轮股行情，其看好政策层面自上而下的积极信号催化券商板块估值修复行情。券商股的走势短期看市场流动性及风险偏好、中期看政策导向、长期则体现为公司战略及执行所带来的经营差异。当前板块估值及持仓仍处于低位，政策信号以及市场风险偏好的正反馈催化板块的弹性及修复空间明显。国泰君安则认为本轮地产股表现不会昙花一现，其认为在验证行业改善之前，密切关注政策密度，一线城市政策松动之前，都是政策蜜月期，政策密度决定板块表现的高度。楼市切实改善的结果验证，会逐步临近，但这需要先打出政策底牌，因此，在一线城市切实出台具体政策之前，政策密度将决定板块高度，目前已经是蜜月期。天风证券研报则指出，技术面上，市场上周强力反弹后，成交仍未放大，并未出现放量滞涨信号，显示反弹后续动力较强。中期视角，市场估值也处于中等偏低位置。从日历效应角度，年以来，券商指数单日上涨以上，同时过去日累计涨幅超过以上，一共出现次，其中次随后一周券商指数均呈现不同程度的上涨；综合来看，指数中期视角估值处于低位，宏观政策对短期风险偏好较为友好，市场反弹仍未出现放量滞涨，有望维持持续周期较长的一轮反弹。交银国际首席原董事总经理，思睿集团首席经济学家洪灏今日发文表达了对市场的看法，文中没有别的内容，只有一张买字的图片。,0.0081246388969871,------
涛粉早大风来了消费国条的重点给大家捋一捋，千万不要简单的看待，国家战略的重心往往意味着牛股摇篮为什么呢？巨量的政策支持巨量的资金支持，得到的是什么？毫无疑问就是巨量的订单，也就是催化业绩主升浪。有点长，一个字一个字，耐心看懂看完国家施政的重点，去年年底是全力以赴支持科技，终结了科技股年的调整，形成了上半年科技股这波牛市。一年以后的今天，国家重心全力以赴支持消费，会不会引发消费的牛市呢？绝大多数人是不信的，那就对了国家为什么要大力支持消费，看一组数据你就明白了：美国年总量为亿美元，美国消费占比例达，这就是美国货币这么紧缩人家经济依然是这么强悍的根本原因年，我国居民消费总额在中的占比为，中的消费率为，印度的消费率也高达，你说消费有多大的空间？如果每年上升个百分点，猜猜十年后会诞生多少千倍牛股呢？别扯犊子，看重点国条重点：、稳定大宗消费：扩大新能源汽车消费。落实构建高质量充电基础设施体系、支持新能源汽车下乡、延续和优化新能源汽车车辆购置税减免等政策。适度超前建设充电基础设施体系，加快换电模式推广应用。、支持刚性和改善性住房需求，稳步推进老旧小区改造，进一步发挥住宅专项维修资金在老旧小区改造和老旧住宅电梯更新改造中的作用。、提升家装家居和电子产品消费。推广智能家电、集成家电、功能化家具等产品。、扩大餐饮服务消费。培育“种养殖基地中央厨房冷链物流餐饮门店”模式，挖掘预制菜市场潜力，加快推进预制菜基地建设。、加强区域旅游品牌和服务整合，积极举办文化和旅游消费促进活动。、提升健康服务消费。坚持中西医并重，共建城市医疗集团和县域医共体等医疗联合体。着力增加高质量的中医医疗、养生保健、康复、健康旅游等服务。发展“互联网医疗健康”，进一步完善互联网诊疗收费政策，逐步将符合条件的“互联网”医疗服务纳入医保支付范围。评：就是这六条重点个方向，牛股都诞生在板块强者牢牢抱紧消费优质公司的筹码，打死也不下车，收到请统一回复“”剩下的时间怎么办？多跟涛哥学学怎么养生，怎么保养好身体，毕竟哥是从死里走回来的，多学点中医中药知识，无论是结节和息肉，在亚健康状态的时候把它搞定搞死。坚持服用孢子粉石斛，提高免疫力，降低多种慢性病（如失眠、糖尿病，高血压，胃肠道疾病，心脑血管疾病等）对身体的伤害。身体的器官用了几十年，哪会没有毛病呢？养成健康体检的习惯，养成提高免疫力的习惯，在亚健康的时候就把它搞好，活得又健康又尊严有什么不好呢？这，就是白马大道早间签到，在线的铁粉集合，右下角点赞图标点一个，早安涛哥祝福大家身体健康万事如意,1.0,2023-08-01 09:58:13
重磅“条”发布支持刚性和改善性住房需求今日（月日），国务院办公厅转发国家发展改革委关于恢复和扩大消费措施的通知。《措施》从稳定大宗消费、扩大服务消费、促进农村消费、扩展新型消费、完善消费设施、优化消费环境等几个方面提出条针对性举措。关于房地产方面，《通知》提出，支持刚性和改善性住房需求。做好保交楼、保民生、保稳定工作，完善住房保障基础性制度和支持政策，扩大保障性租赁住房供给，着力解决新市民、青年人等住房困难群体的住房问题。稳步推进老旧小区改造，进一步发挥住宅专项维修资金在老旧小区改造和老旧住宅电梯更新改造中的作用，继续支持城镇老旧小区居民提取住房公积金用于加装电梯等自住住房改造。在超大特大城市积极稳步推进城中村改造。持续推进农房质量安全提升工程，继续实施农村危房改造，支持度及以上设防地区农房抗震改造，鼓励同步开展农房节能改造和品质提升，改善农村居民居住条件。,-0.0052245474157753,2023-08-01 09:57:03
国家发改委副主任：促消费政策不是所谓的掏空钱包透支需求月日下午时，国务院新闻办公室举行国务院政策例行吹风会，国家发展改革委副主任李春临和工业和信息化部、商务部、文化和旅游部、市场监管总局有关负责人介绍恢复和扩大消费的措施有关情况，并答记者问。南方日报南方记者：面对有展开,-0.0968444246617021,------
发改委公布恢复和扩大消费条涉汽车餐饮住房等国家发改委公布关于恢复和扩大消费措施的通知，涉及方面条措施，包括稳定汽车、房地产、家居和电子产品等大宗消费，以及扩大服务消费、促进农村消费等。在稳定大宗消费方面，发改委提到各地区不得新增汽车限购措施，已实施限购的地区，因地制宜优化汽车限购措施。着力推动全面取消二手车限迁、便利二手车交易登记等已出台政策落地见效；促进汽车更新消费。当局又指要扩大新能源汽车消费，支持新能源汽车下乡、延续和优化新能源汽车车辆购置税减免等；促进家庭装修消费，深入开展家电以旧换新。通知又提出，支持刚性和改善性住房需求，做好保交楼、保民生、保稳定工作；着力解决新市民、青年人等住房困难群体的住房问题。稳步推进老旧小区改造，在超大特大城市积极稳步推动城中村改造。在扩大服务消费上，发改委提出，全面落实带薪休假制度，鼓励“错峰休假”、弹性作息，促进假日消费，又将鼓励各地制定实施景区门票减免、淡季免费开放、引导博物馆、文化馆等延长开放时间等措施，又指要促进文娱体育会展消息、提升健康服务消费。发改委亦将促进农村消费，包括大力发展乡村旅游、完善农村电子商务和快递物流配送体系等。当局同时会加快传统消费数字化转型，促进电子商务、直播经济、在线文娱等数字消费规范发展，拓展新型消费。香港卫视综合报道。,0.0016063025711125,2023-08-01 09:11:39
《关于恢复和扩大消费的措施》内容节选分段：为深入实施扩大内需战略，充分发挥消费对经济发展的基础性作用，不断增强高质量发展的持久动力。把恢复和扩大消费摆在优先位置，优化就业、收入分配和消费全链条良性循环促进机制。增强消费能力，改善消费条件，创新消费场景，充分挖掘超大规模市场优势，畅通经济循环，释放消费潜力。坚持有效市场和有为政府更好结合。。。提升服务质量，激发市场活力，释放潜在需求，着力营造推动消费升级的良好生态。坚持优化供给和扩大需求更好结合。把实施扩大内需战略同深化供给侧结构性改革有机结合起来。。。以高质量供给引领和创造市场新需求。坚持提质升级和创新发展更好结合。突出体现大众化、普惠性，加快城乡消费基础设施建设，完善扩大居民消费的长效机制，切实保护消费者权益。。。稳定大宗消费优化汽车购买使用管理。各地区不得新增汽车限购措施。。。着力推动全面取消二手车限迁、便利二手车交易登记等已出台政策落地见效。。。增加城市停车位供给。。扩大新能源汽车消费。落实构建高质量充电基础设施体系、支持新能源汽车下乡。。。支持刚性和改善性住房需求。。。稳步推进老旧小区改造。。。在超大特大城市积极稳步推进城中村改造。持续推进农房质量安全提升工程，继续实施农村危房改造。。。改善农村居民居住条件。提升家装家居和电子产品消费。促进家庭装修消费，鼓励室内全智能装配一体化。。。支持可穿戴设备、智能产品消费，打造电子产品消费应用新场景。扩大服务消费扩大餐饮服务消费。。支持各地举办美食节，打造特色美食街区，开展餐饮促消费活动。因地制宜优化餐饮场所延长营业时间相关规定。。。丰富文旅消费。全面落实带薪休假制度，鼓励错峰休假、弹性作息，促进假日消费。。。推动夜间文旅消费规范创新发展，引导博物馆、文化馆、游乐园等延长开放时间，支持有条件的地区建设“小时生活圈”。。促进文娱体育会展消费。加快审批等工作进度，持续投放优秀电影作品和文艺演出。优化审批流程，增加戏剧节、音乐节、艺术节、动漫节、演唱会等大型活动供给。实施全民健身场地设施提升行动，加强体育公园建设，补齐全民健身设施短板。提升健康服务消费。坚持中西医并重，推动优质医疗资源下沉，加强基本医疗卫生服务。。。开发面向老年人的健康管理、生活照护、康养疗养等服务和产品。促进农村消费开展绿色产品下乡。完善农村电子商务和快递物流配送体系。。支持县级物流配送中心、乡镇物流站点建设改造。推行集约化配送，鼓励农村客运车辆代运邮件快件。建设村级寄递物流综合服务站，增加农村零售网点密度。推动特色产品进城。深入推进农业生产和农产品“三品一标”。。。大力发展乡村旅游。推广浙江“千万工程”经验，建设宜居宜业和美乡村。保护传承优秀乡土文化，盘活和挖掘乡村文旅资源。推动实施乡村民宿服务认证。。。拓展新型消费壮大数字消费。推进数字消费基础设施建设，丰富第五代移动通信（）网络和千兆光网应用场景。。。推动平台经济规范健康持续发展。。推广绿色消费。完善消费设施加快培育多层级消费中心。深化国际消费中心城市建设。。发展智慧商圈，打造“一刻钟”便民生活圈，构建分层分类的城市消费载体，提高居民消费便利度。加强社区便民服务。。着力补齐消费基础设施短板。。加强县域商业体系建设，建设改造一批乡镇商贸中心、集贸市场、农村新型便民商店，推动重点商贸街巷改造升级。完善消费基础设施建设支持政策。。将符合条件的项目纳入地方政府专项债券支持范围。。允许企业在符合国土空间规划、不改变用地结构和性质、确保安全的前提下，严格按文明城市规范要求和所在地临时建设、规划管理相关规定，在建设用地上搭建临时简易建筑，拓展消费新场景。优化消费环境加强金融对消费领域的支持。。加强消费信贷用途和流向监管，推动合理增加消费信贷。。持续提升消费服务质量水平。全面开展放心消费行动，完善重点服务消费领域服务标准。依法打击假冒伪劣行为。。营造放心消费环境。完善促进消费长效机制。。探索建立消费动态大数据监测平台系统，开展消费前瞻指数研究和编制。。加快消费信用体系建设。。加快清理制约消费的各种规定和做法，有序破除消费领域的体制机制障碍和隐性壁垒。。,0.0499465894717934,2023-08-02 08:56:17
全面落实带薪休假制度发改委发布恢复和扩大消费二十条措施国务院办公厅转发国家发展改革委关于恢复和扩大消费措施的通知国办函号各省、自治区、直辖市人民政府，国务院各部委、各直属机构：国家发展改革委《关于恢复和扩大消费的措施》已经国务院同意，现转发给你们，请认真贯彻落实。国务院办公厅年月日（此件公开发布）关于恢复和扩大消费的措施国家发展改革委为深入实施扩大内需战略，充分发挥消费对经济发展的基础性作用，不断增强高质量发展的持久动力，按照党中央、国务院决策部署，现就恢复和扩大消费提出如下措施。一、总体要求以习近平新时代中国特色社会主义思想为指导，深入贯彻党的二十大精神，坚持稳中求进工作总基调，完整、准确、全面贯彻新发展理念，加快构建新发展格局，着力推动高质量发展，把恢复和扩大消费摆在优先位置，优化就业、收入分配和消费全链条良性循环促进机制，增强消费能力，改善消费条件，创新消费场景，充分挖掘超大规模市场优势，畅通经济循环，释放消费潜力，更好满足人民群众对高品质生活的需要。坚持有效市场和有为政府更好结合。顺应市场规律和消费趋势，充分发挥市场在资源配置中的决定性作用，更好发挥政府作用，加快建设全国统一大市场，提升服务质量，激发市场活力，释放潜在需求，着力营造推动消费升级的良好生态。坚持优化供给和扩大需求更好结合。把实施扩大内需战略同深化供给侧结构性改革有机结合起来，增强供给结构对需求变化的适应性和灵活性，拓展消费新空间，打造消费新场景，丰富消费体验，以高质量供给引领和创造市场新需求。坚持提质升级和创新发展更好结合。突出体现大众化、普惠性，加快城乡消费基础设施建设，完善扩大居民消费的长效机制，切实保护消费者权益，营造便利消费、放心消费环境，不断提升消费便利度、舒适度、满意度。二、稳定大宗消费（一）优化汽车购买使用管理。各地区不得新增汽车限购措施，已实施限购的地区因地制宜优化汽车限购措施。着力推动全面取消二手车限迁、便利二手车交易登记等已出台政策落地见效。促进汽车更新消费，鼓励以旧换新，不得对非本地生产的汽车实施歧视性政策。加大汽车消费金融支持力度。增加城市停车位供给，改善人员密集场所和景区停车条件，推进车位资源共享利用。（二）扩大新能源汽车消费。落实构建高质量充电基础设施体系、支持新能源汽车下乡、延续和优化新能源汽车车辆购置税减免等政策。科学布局、适度超前建设充电基础设施体系，加快换电模式推广应用，有效满足居民出行充换电需求。推动居住区内公共充电基础设施优化布局并执行居民电价，研究对充电基础设施用电执行峰谷分时电价政策，推动降低新能源汽车用电成本。（三）支持刚性和改善性住房需求。做好保交楼、保民生、保稳定工作，完善住房保障基础性制度和支持政策，扩大保障性租赁住房供给，着力解决新市民、青年人等住房困难群体的住房问题。稳步推进老旧小区改造，进一步发挥住宅专项维修资金在老旧小区改造和老旧住宅电梯更新改造中的作用，继续支持城镇老旧小区居民提取住房公积金用于加装电梯等自住住房改造。在超大特大城市积极稳步推进城中村改造。持续推进农房质量安全提升工程，继续实施农村危房改造，支持度及以上设防地区农房抗震改造，鼓励同步开展农房节能改造和品质提升，改善农村居民居住条件。（四）提升家装家居和电子产品消费。促进家庭装修消费，鼓励室内全智能装配一体化。推广智能家电、集成家电、功能化家具等产品，提升家居智能化绿色化水平。加快实施家电售后服务提升行动。深入开展家电以旧换新，加强废旧家电回收。利用超高清视频、虚拟现实、柔性显示等新技术，推进供给端技术创新和电子产品升级换代。支持可穿戴设备、智能产品消费，打造电子产品消费应用新场景。三、扩大服务消费（五）扩大餐饮服务消费。倡导健康餐饮消费、反对餐饮浪费，支持各地举办美食节，打造特色美食街区，开展餐饮促消费活动。因地制宜优化餐饮场所延长营业时间相关规定。培育“种养殖基地中央厨房冷链物流餐饮门店”模式，挖掘预制菜市场潜力，加快推进预制菜基地建设，充分体现安全、营养、健康的原则，提升餐饮质量和配送标准化水平。推广透明厨房，让消费者吃得放心。（六）丰富文旅消费。全面落实带薪休假制度，鼓励错峰休假、弹性作息，促进假日消费。加强区域旅游品牌和服务整合，积极举办文化和旅游消费促进活动。健全旅游基础设施，强化智慧景区建设，提高旅游服务质量。鼓励各地制定实施景区门票减免、淡季免费开放等政策。在保障游客自主选择权的基础上，支持不同区域景区合作推行联票模式，鼓励景区结合实际实施一票多次多日使用制，更好满足游客多样化需求。推动夜间文旅消费规范创新发展，引导博物馆、文化馆、游乐园等延长开放时间，支持有条件的地区建设“小时生活圈”。打造沉浸式演艺新空间，建设新型文旅消费集聚区。（七）促进文娱体育会展消费。加快审批等工作进度，持续投放优秀电影作品和文艺演出。优化审批流程，加强安全监管和服务保障，增加戏剧节、音乐节、艺术节、动漫节、演唱会等大型活动供给。鼓励举办各类体育赛事活动，增加受众面广的线下线上体育赛事。大力发展智能体育装备，提升科学健身智慧化水平。实施全民健身场地设施提升行动，加强体育公园建设，补齐全民健身设施短板。遴选确定新一批国家体育消费试点城市。鼓励各地加大对商品展销会、博览会、交易会、购物节、民俗节、品牌展、特色市集等活动的政策支持力度，进一步扩大会展消费。开展“老字号嘉年华”等活动，促进品牌消费。（八）提升健康服务消费。坚持中西医并重，推动优质医疗资源下沉，共建城市医疗集团和县域医共体等医疗联合体，加强基本医疗卫生服务，提高服务质量和水平，着力增加高质量的中医医疗、养生保健、康复、健康旅游等服务。发展“互联网医疗健康”，进一步完善互联网诊疗收费政策，逐步将符合条件的“互联网”医疗服务纳入医保支付范围。开发面向老年人的健康管理、生活照护、康养疗养等服务和产品，支持各类机构举办老年大学、参与老年教育。积极扩大普惠型服务供给，推动公共消费提质增效。四、促进农村消费（九）开展绿色产品下乡。有条件的地区可对绿色智能家电下乡、家电以旧换新等予以适当补贴，按照产品能效、水效等予以差异化政策支持。开展绿色建材下乡活动，鼓励有条件的地区对绿色建材消费予以适当补贴或贷款贴息。（十）完善农村电子商务和快递物流配送体系。大力发展农村直播电商、即时零售，推动电商平台和企业丰富面向农村的产品和服务供给。完善县乡村三级快递物流配送体系，加快提升电商、快递进农村综合水平，支持县级物流配送中心、乡镇物流站点建设改造，整合邮政、快递、供销、电商等资源，推行集约化配送，鼓励农村客运车辆代运邮件快件。建设村级寄递物流综合服务站，在有条件的乡村布设智能快件箱，增加农村零售网点密度，逐步降低物流配送成本。（十一）推动特色产品进城。深入推进农业生产和农产品“三品一标”，开发具有鲜明地域特点、民族特色、乡土特征的产品产业，大力发展农村电子商务和订单农业，拓宽特色农产品上行通道。引导线上线下各类平台持续加大消费帮扶力度，开设专馆专区专柜促进脱贫地区特色产品顺畅销售，带动农民增收致富、增强消费能力。（十二）大力发展乡村旅游。推广浙江“千万工程”经验，建设宜居宜业和美乡村。实施文化产业赋能乡村振兴计划，保护传承优秀乡土文化，盘活和挖掘乡村文旅资源，提升乡村文旅设施效能。推动实施乡村民宿服务认证，培育发布一批等级旅游民宿，打造一批品质民宿。支持经营主体开发森林人家、林间步道、健康氧吧、星空露营、汽车旅馆等产品，因地制宜打造一批美丽田园、景观农业、农耕体验、野外探险、户外运动、研学旅行等新业态，拓展乡村生态游、休闲游。五、拓展新型消费（十三）壮大数字消费。推进数字消费基础设施建设，丰富第五代移动通信（）网络和千兆光网应用场景。加快传统消费数字化转型，促进电子商务、直播经济、在线文娱等数字消费规范发展。支持线上线下商品消费融合发展，提升网上购物节质量水平。发展即时零售、智慧商店等新零售业态。鼓励数字技术企业搭建面向生活服务的数字化平台，推进数字生活智能化，打造数字消费业态、智能化沉浸式服务体验。加强移动支付等安全监管。升级信息消费，促进信息消费体验中心建设改造，提升信息消费示范城市建设水平，高质量举办信息消费系列特色活动，推动新一代信息技术与更多消费领域融合应用。推动平台经济规范健康持续发展，持续推动创新突破，开辟更多新领域新赛道，进一步完善相关领域服务标准。（十四）推广绿色消费。积极发展绿色低碳消费市场，健全绿色低碳产品生产和推广机制，促进居民耐用消费品绿色更新和品质升级。健全节能低碳和绿色制造标准体系，完善绿色产品认证与标识体系，鼓励先行制定团体标准和企业标准。广泛开展节约型机关、绿色家庭、绿色社区、绿色出行等创建行动，反对奢侈浪费和过度消费，倡导理性消费，加快形成简约适度、绿色低碳的生活方式和消费模式。六、完善消费设施（十五）加快培育多层级消费中心。深化国际消费中心城市建设，科学布局、培育发展一批区域消费中心和地方特色消费中心。深入推进海南国际旅游消费中心建设。提升城市商业体系，推动步行街改造提升，发展智慧商圈，打造“一刻钟”便民生活圈，构建分层分类的城市消费载体，提高居民消费便利度。加强社区便民服务，合理布局养老、托育、餐饮、家政、零售、快递、健身、美发、维修、废旧物品回收等便民生活服务业态，推进完整社区建设。（十六）着力补齐消费基础设施短板。结合推进城市更新，强化存量片区改造与支持消费新场景发展的硬件功能衔接。加强县域商业体系建设，建设改造一批乡镇商贸中心、集贸市场、农村新型便民商店，推动重点商贸街巷改造升级。稳步推动产地销地冷链设施建设，补齐农产品仓储保鲜冷链物流设施短板，推动城乡冷链网络双向融合。（十七）完善消费基础设施建设支持政策。实施消费促进专项投资政策，支持消费基础设施建设、设备更新改造和关键生产线改造升级，将符合条件的项目纳入地方政府专项债券支持范围。支持符合条件的消费基础设施发行不动产投资信托基金（）。支持各地保障消费基础设施建设合理用地需求。允许企业在符合国土空间规划、不改变用地结构和性质、确保安全的前提下，严格按文明城市规范要求和所在地临时建设、规划管理相关规定，在建设用地上搭建临时简易建筑，拓展消费新场景。七、优化消费环境（十八）加强金融对消费领域的支持。引导金融机构按市场化方式，加大对住宿餐饮、文化旅游、体育健康、养老托育、家政服务等的综合金融支持力度。更注重以真实消费行为为基础，加强消费信贷用途和流向监管，推动合理增加消费信贷。在加强征信体系建设的基础上，合理优化小额消费信贷和信用卡利率、还款期限、授信额度。（十九）持续提升消费服务质量水平。全面开展放心消费行动，完善重点服务消费领域服务标准。依法打击假冒伪劣行为，持续推动创建放心市场、放心商店、放心网店、放心餐饮、放心景区、放心工厂，加快形成退换货、质量追溯、明码标价、监管、评价的放心消费制度闭环，营造放心消费环境。（二十）完善促进消费长效机制。进一步完善促进消费体制机制。探索建立消费动态大数据监测平台系统，开展消费前瞻指数研究和编制。加快消费信用体系建设。持续深化改革，加快清理制约消费的各种规定和做法，有序破除消费领域的体制机制障碍和隐性壁垒，促进不同地区和行业标准、规则、政策协调统一。各有关部门要充分发挥现有部门间协作机制作用，强化协同联动，加强督促落实，结合实际细化出台工作方案和配套政策。各地区要压实属地责任，完善工作机制，精心组织实施，因地制宜采取有效举措、探索有效做法，切实推动各项措施落地见效。,0.2187688907339768,2023-08-01 08:38:47
国家发改委：下半年将出台实施恢复和扩大消费的政策文件研究出台实施大力发展银发经济政策举措国家发展改革委主要负责人表示，下半年，在扩大内需方面，一是更好发挥消费拉动经济增长的基础性作用。出台实施恢复和扩大消费的政策文件。通过大力推动就业等措施，增加居民收入。提振大宗消费，加快推进充电和停车设施建设，鼓励汽车限购地区优化限购管理政策。继续做好保交楼、保民生、保稳定工作，适时调整优化房地产政策，因城施策用好政策工具箱，更好满足居民刚性和改善性住房需求。促进服务消费“好上加好”，以暑期、中秋、国庆等假期为契机，扩大节假日消费；充分用好大运会、亚运会等各类赛事活动，发展文化、体育消费。研究出台实施大力发展银发经济政策举措。二是积极发挥投资对优化供给结构的关键作用。民间投资始终是有效投资的重点之一，要明确一批鼓励民间资本参与的重点细分领域，加强民间投资融资、用地等要素保障，支持民间资本参与盘活国有存量资产，促进民间投资逐步恢复。更好发挥政府投资带动作用，扎实推进“十四五”规划项重大工程及其他经济社会发展重大项目，加快地方政府专项债券发行和使用。,0.0388146328272893,2023-08-01 08:47:34
国家发改委：下半年将出台实施恢复和扩大消费的政策文件研究出台实施大力发展银发经济政策举措据央视新闻，国家发展改革委主要负责人表示，下半年，在扩大内需方面，一是更好发挥消费拉动经济增长的基础性作用。出台实施恢复和扩大消费的政策文件。通过大力推动就业等措施，增加居民收入。提振大宗消费，加快推进充电和停车设施建设，鼓励汽车限购地区优化限购管理政策。继续做好保交楼、保民生、保稳定工作，适时调整优化房地产政策，因城施策用好政策工具箱，更好满足居民刚性和改善性住房需求。,0.0369797971118016,2023-08-01 09:09:00
周一盘前重要消息面：在超大特大城市积极稳步推进城中村改造工作部署会议召开证监会召集头部券商开会就活跃资本市场及提振投资者信心征求意见中金所发布实施“长风计划”助力中长期资金入市全国消费促进工作年中推进会召开：提振汽车、家居等大宗消费预告：国新办今日举行恢复和扩大消费的措施新展开,0.5912321109793219,2023-08-01 08:42:46
重要利好国家发改委：下半年将出台实施恢复和扩大消费的政策文件，研究出台实施大力发展银发经济政策举措据央视新闻，国家发展改革委主要负责人表示，下半年，在扩大内需方面，一是更好发挥消费拉动经济增长的基础性作用。出台实施恢复和扩大消费的政策文件。通过大力推动就业等措施，增加居民收展开,-0.030189365304312,2023-08-01 08:41:10
国家发改委：下半年将出台实施恢复和扩大消费的政策文件研究出台实施大力发展银发经济政策举措国家发展改革委主要负责人表示，下半年，在扩大内需方面，一是更好发挥消费拉动经济增长的基础性作用。出台实施恢复和扩大消费的政策文件。通过大力推动就业等措施，增加居民收入。提振大宗消费，展开,0.0339677736576467,2023-08-01 11:43:29
国家发改委：研究出台实施大力发展银发经济政策举措财联社月日电，下半年在扩大内需方面还有哪些举措？国家发展改革委主要负责同志表示，下半年，在扩大内需方面，一是更好发挥消费拉动经济增长的基础性作用。出台实施恢复和扩大消费的政策文件。通过大力推动就业等措施，增加居民收入。提振大宗消费，加快推进充电和停车设施建设，鼓励汽车限购地区优化限购管理政策。继续做好保交楼、保民生、保稳定工作，适时调整优化房地产政策，因城施策用好政策工具箱，更好满足居民刚性和改善性住房需求。促进服务消费“好上加好”，以暑期、中秋、国庆等假期为契机，扩大节假日消费；充分用好大运会、亚运会等各类赛事活动，发展文化、体育消费。研究出台实施大力发展银发经济政策举措。二是积极发挥投资对优化供给结构的关键作用。民间投资始终是有效投资的重点之一，要明确一批鼓励民间资本参与的重点细分领域，加强民间投资融资、用地等要素保障，支持民间资本参与盘活国有存量资产，促进民间投资逐步恢复。更好发挥政府投资带动作用，扎实推进“十四五”规划项重大工程及其他经济社会发展重大项目，加快地方政府专项债券发行和使用。央视新闻,-0.0452825572415878,2023-08-01 09:43:18
基金超话周末消息杰哥的投资笔记超话、关于金融市场）监管：召集头部券商开会就活跃资本市场及提振投资者信心征求意见）中金所发布实施“长风计划”助力中长期资金入市）监管：降低北交所做市商门槛新增更符合北交所特点的两项指标）监管：上市公司大股东、董监高不得以离婚、解散清算、分立等任何方式规避减持限制、地产相关）在超大特大城市积极稳步推进城中村改造工作部署电视电话会议日在京召开）多地关于地产政策的响应合肥：为避免公摊面积比例过大要积极探索商品房销售按套内面积计价北京：抓好贯彻落实更好满足刚性和改善性住房需求深圳：更好满足居民刚性和改善性住房需求扎实推进保交楼工作广州：将尽快推出有关政策措施满足刚性和改善性住房需求、消费相关）全国消费促进工作年中推进会召开提振汽车、家居等大宗消费）国新办将举行恢复和扩大消费的措施新闻发布会国新办定于月日下午时举行新闻发布会，发改委副主任李春临和工业和信息化部、商务部、文化和旅游部、市场监管总局有关负责人介绍恢复和扩大消费的措施有关情况，并答记者问。,0.0044320470956393,2023-08-01 09:41:26
转：周末重要新闻汇总：中金所发布实施“长风计划”助力中长期资金入市全国消费促进工作年中推进会召开提振汽车、家居等大宗消费月国有企业利润总额亿元同比增长北交所：以投资端建设为主线多措并举提升交投活跃度证监会降低北交所做市商门槛新增更符合北交所特点的两项指标国务院“互联网督查”平台公开征集阻碍民营经济发展壮大问题线证监会召集头部券商开会就活跃资本市场及提振投资者信心征求意见合肥：为避免公摊面积比例过大要积极探索商品房销售按套内面积计价北京市住建委：抓好贯彻落实更好满足刚性和改善性住房需求深圳市住房和建设局：更好满足居民刚性和改善性住房需求扎实推进保交楼工作美媒又放风：拜登计划月中旬前签署行政令限制美对华关键技术投资财政部发布第九次中法高级别经济财金对话联合情况说明高盛：中国股市的战术性反弹窗口已打开，沪深有望涨至点中信证券：月有望开启今年第三个关键做多窗口，行情将持续数月国务院宣布任命刘烈宏为国家数据局局长这是自年月中央、国务院印发《党和国家机构改革方案》，提出组建国家数据局后，在数据要素领域又一重要进展,0.030872522385257,2023-08-01 09:39:53
策略思路周五大盘放量亿，再次拉长阳，突破日线。归功于券商爆发涨停潮，同时权重也集体拉升。周五证券涨停潮，明天龙头太平洋一字预期，这里明天参与要谨慎，只有大盘继续放量才能持续性集体大涨，否则资金只会聚焦核心。房地产周五放量滞涨，明天这里回调也有低吸机会，后续金融分歧短线资金回流房地产概率大。消费方向，海马汽车、国芳集团明天大概率会开一字，能不能全天顶住要看整体市场情绪了。周末几个重要的消息面：中金所发布实施“长风计划”助力中长期资金入市全国消费促进工作年中推进会召开提振汽车、家居等大宗消费证监会降低北交所做市商门槛新增更符合北交所特点的两项指标证监会召集头部券商开会就活跃资本市场及提振投资者信心征求意见深圳市住房和建设局：更好满足居民刚性和改善性住房需求扎实推进保交楼工作广州：将尽快推出有关政策措施满足刚性和改善性住房需求周末发酵比较多的集中在金融和消费，活跃资本市场、促销费拉经济。后续市场的机会多关注证券、房地产、零售。（声明：本微博所有内容仅为个人操作记录，个人操作计划会员可见，仅供参考，不作为任何投资建议，据此操作，盈亏自负）,0.0687257099492785,2023-08-01 09:39:35
周末消息：中金所发布实施“长风计划”助力中长期资金入市全国消费促进工作年中推进会召开提振汽车、家居等大宗消费月国有企业利润总额亿元同比增长北交所：以投资端建设为主线多措并举提升交投活跃度证监会降低北交所做市商门槛新增更符合北交所特点的两项指标国务院“互联网督查”平台公开征集阻碍民营经济发展壮大问题线索证监会召集头部券商开会就活跃资本市场及提振投资者信心征求意见合肥：为避免公摊面积比例过大要积极探索商品房销售按套内面积计价北京市住建委：抓好贯彻落实更好满足刚性和改善性住房需求深圳市住房和建设局：更好满足居民刚性和改善性住房需求扎实推进保交楼工作广州：将尽快推出有关政策措施满足刚性和改善性住房需求美媒又放风：拜登计划月中旬前签署行政令限制美对华关键技术投资财政部发布第九次中法高级别经济财金对话联合情况说明周五美股三大指数收涨，道指，纳指，标普。热门中概股普涨，纳斯达克中国金龙指数涨周末发酵比较多的是大金融，毕竟周五涨最多的，大家都在车上，聊起来自然火热，其次还有房地产（多地出消息）、基建水利（台风暴雨）、汽车（消息刺激美股中概汽车股上涨）（非荐股，纯分享自己的心路）,0.0,2023-08-01 09:25:33
周末消息：中金所发布实施“长风计划”助力中长期资金入市全国消费促进工作年中推进会召开提振汽车、家居等大宗消费月国有企业利润总额亿元同比增长北交所：以投资端建设为主线多措并举提升交投活跃度证监会降低北交所做市商门槛新增更符合北交所特点的两项指展开,0.0369684007272031,2023-08-01 09:18:28
今日看盘超话股市大事（）、汇率，人民币升值，北上资金流入（消费，新能源，医药等传统价值白马）。、浪潮信息的中报暴雷，最新预告上半年业绩大降。（想想？：浪潮是不是就是一家做组装的公司？）。如果人工智能熄火了，资金就会流向底部的核心资产。、存量房贷利率终于要降了支持商业银行和贷款人重新签合同，用新发放的贷款置换存量房的贷款。央行邹澜谈“提前还款大幅增加”：支持和鼓励商业银行与借款人自主协商变更合同约定、月社融超预期、美国低于预期股票财经,0.3717772790304189,2023-07-17 06:48:33
存量房贷利率下调有戏？鼓励自主协商变更房贷合同肉肉酱的基金选谷日记月日，在国新办举行的新闻发布会上，央行货币政策司司长邹澜在谈到房贷“提前还款大幅增加”现象时，明确表示：“按照市场化、法治化原则，我们支持和鼓励商业银行与借款人自主协商变更合同约定，或者是新发放贷款置换原展开,0.7652925845550188,2023-07-17 06:46:00
央行邹澜谈“提前还款大幅增加：支持和鼓励商业银行与借款人，自主协商变更合同约定存量房贷有将的希望了房地产,0.0258725386741765,2023-07-17 06:49:08
央行邹澜谈提前还款大幅增加：支持和鼓励商业银行与借款人自主协商变更合同约定月日，人民银行货币政策司司长邹澜表示，今年上半年，个人住房贷款累计发放万亿元，较去年同期多发放超过亿元，对住房销售支持力度明显加大。居民使用存款或者减少其他投资提前偿还存量贷款的现象大幅增加。这种现象对住房需求并不构成影响，它是一个居民资产配置的调整。提前还款客观上对商业银行的收益也有一定的影响。按照市场化、法治化原则，我们支持和鼓励商业银行与借款人自主协商变更合同约定，或者是新发放贷款置换原来的存量贷款。央行邹澜回应银行主动下调存款利率公摊面积为何不能取消（中国网）界面的微博视频,0.112990459329452,2023-07-17 06:47:46
央行邹澜谈提前还款大幅增加：支持和鼓励商业银行与借款人自主协商变更合同约定据中国网报道，月日，人民银行货币政策司司长邹澜表示，今年上半年，个人住房贷款累计发放万亿元，较去年同期多发放超过亿元，对住房销售支持力度明显加大。居民使用存款或者减少其他投资提前偿还存量贷款的现象大幅增加。这种现象对住房需求并不构成影响，它是一个居民资产配置的调整。提前还款客观上对商业银行的收益也有一定的影响。按照市场化、法治化原则，我们支持和鼓励商业银行与借款人自主协商变更合同约定，或者是新发放贷款置换原来的存量贷款。央行邹澜回应银行主动下调存款利率公摊面积为何不能取消红星资本局界面的微博视频,0.0026280263537838,2023-07-17 06:47:11
央行谈提前还贷：支持鼓励商业银行与借款人自主协商变更合同约定新京报来自北京新京报官方账号新京报讯（记者姜慧梓）在月日举行的国新办新闻发布会上，中国人民银行货币政策司司长邹澜对居民提前还贷大幅增加的情况做出回应。今年上半年，个人住房贷款累计发放万亿元，较去年同期多发放超过亿元，对住房销售支持力度明显加大，但统计数据显示的个人住房贷款余额总体略有减少。邹澜解释，这主要是因为理财收益率、房贷利率等价格关系发生变化，居民使用存款或者减少其他投资提前偿还存量贷款的现象大幅增加。他表示，这种现象对住房需求并不构成影响，是居民资产配置的调整。尽管贷款市场报价利率下行了个百分点，但因为合同约定的加点幅度在合同期限内是固定不变的，前些年发放的存量房贷利率仍然处在相对较高的水平上，这与提前还款大幅增加有比较大的关系。邹澜表示，提前还款客观上对商业银行的收益有一定影响，但按照市场化、法治化原则，我们支持和鼓励商业银行与借款人自主协商变更合同约定，或者是新发放贷款置换原来的存量贷款。,-0.4005948228520519,2023-07-17 06:46:46
央行邹澜谈提前还款大幅增加：支持和鼓励商业银行与借款人自主协商变更合同约定月日，人民银行货币政策司司长邹澜表示，今年上半年，个人住房贷款累计发放万亿元，较去年同期多发放超过亿元，对住房销售支持力度明显加大。居民使用存款或者减少其他投资提前偿还存量贷款的现象大幅增加展开,0.0974004476495666,------
央行邹澜谈“提前还款大幅增加”：鼓励商业银行与借款人自主协商变更合同约定新浪新闻,-0.4836393078897846,2023-07-15 08:52:10
央行：支持鼓励商业银行与个人房贷借款人自主协商，用新发放贷款置换存量贷款央行邹澜谈提前还款大幅增加月日，国新办就年上半年金融统计数据情况举行发布会。人民银行货币政策司司长邹澜表示，居民使用存款或者减少其他投资提前偿还存量贷款的现象大幅增加。这种现象对住房需求并不构展开,0.0025305937484008,2023-07-16 07:10:11
财联社电报央行邹澜谈提前还款大幅增加支持和鼓励商业银行与借款人自主协商变更合同约定想想我那个的房贷利率，是该降降了，希望这个政策能落地房地产超话央行邹澜回应银行主动下调存款利率深圳房产超话深圳新政调控楼市,0.0,2023-07-17 10:26:27
央行：支持鼓励商业银行与个人房贷借款人自主协商，用新发放贷款置换存量贷款央行邹澜谈提前还款大幅增加月日，国新办就年上半年金融统计数据情况举行发布会。人民银行货币政策司司长邹澜表示，居民使用存款或者减少其他投资提前偿还存量贷款的现象大幅增加。这种现象对住房需求并不构成展开,-0.1964353064431853,2023-07-17 00:20:52
央行邹澜谈“提前还款大幅增加”：支持和鼓励商业银行与借款人自主协商变更合同约定按照市场化、法治化原则，我们支持和鼓励商业银行与借款人自主协商变更合同约定，或者是新发放贷款置换原来的存量贷款。这句话是近期最大的消息如果、假设对于你的房贷利率可以下降一个百分点你是不是要大宴三天。小宴一周。买买买玩玩玩消费不就起来了？这招比发消费券，牛多了（问了一圈机构解读不会动存量）,-1.0,2023-07-16 23:38:33
央行回应居民提前还款大幅增加央行邹澜谈“提前还款大幅增加”：支持和鼓励商业银行与借款人自主协商变更合同约定人民银行货币政策司司长邹澜表示，今年上半年，个人住房贷款累计发放万亿元，较去年同期多发放超过亿元，对住房销售支持力度明显加大。但统计数据显示的个人住房贷款余额总体还略微减少一点，这主要是因为理财收益率、房贷利率等价格关系已经发生了变化，居民使用存款或者减少其他投资提前偿还存量贷款的现象大幅增加。这种现象对住房需求并不构成影响，它是一个居民资产配置的调整。尽管贷款市场报价利率下行了个百分点，但因为合同约定的加点幅度在合同期限内是固定不变的，前些年发放的存量房贷利率仍然处在相对较高的水平上，这与提前还款大幅增加有比较大的关系。提前还款客观上对商业银行的收益也有一定的影响。按照市场化、法治化原则，我们支持和鼓励商业银行与借款人自主协商变更合同约定，或者是新发放贷款置换原来的存量贷款。,-0.0622638595461398,2023-07-16 14:18:10
央行邹澜谈提前还款大幅增加：支持和鼓励商业银行与借款人自主协商变更合同约定。,-0.1512310668158576,2023-07-16 08:20:59
央行邹澜谈提前还款大幅增加央行邹澜谈“提前还款大幅增加”：支持和鼓励商业银行与借款人自主协商变更合同约定财联社月日电，人民银行货币政策司司长邹澜表示，今年上半年，个人住房贷款累计发放万亿元，较去年同期多发放超过亿元，对住房销售支持力度明显加大。但统计数据显示的个人住房贷款余额总体还略微减少一点，这主要是因为理财收益率、房贷利率等价格关系已经发生了变化，居民使用存款或者减少其他投资提前偿还存量贷款的现象大幅增加。这种现象对住房需求并不构成影响，它是一个居民资产配置的调整。尽管贷款市场报价利率下行了个百分点，但因为合同约定的加点幅度在合同期限内是固定不变的，前些年发放的存量房贷利率仍然处在相对较高的水平上，这与提前还款大幅增加有比较大的关系。提前还款客观上对商业银行的收益也有一定的影响。按照市场化、法治化原则，我们支持和鼓励商业银行与借款人自主协商变更合同约定，或者是新发放贷款置换原来的存量贷款。,0.4356325952214143,2023-07-16 00:43:22
深房中协数据：月日，深圳全市有效在售二手房源套，比上周减少套，在售房源连续两周下降。上周（月日）全市二手房录得套，比上周减少套，也是连续两周小幅减少。在售房源和上周二手房录得量都是连续两周小幅减少。随着年政策满年和双证合一政策的实施，深圳将释放出大展开,0.0689771653730014,2023-07-20 13:11:54
海曙区房票购房再享补贴在新一轮房地产市场调整中，全国已有多个城市推行了“房票”政策。据市住建部门发布的消息，宁波市级房票政策开始落地施行，市六区及高新区房票政策也已陆续发布。随着《海曙区房屋征迁安置房票实施办法（试行）》（以下简称《办法》）正式出台，海曙区的房屋征收补偿将迎来哪些变化，选择房票补偿方式会有哪些利好？记者邀请海曙区房屋征管中心相关负责人进行了权威解读。,-0.0234879203679861,2023-07-20 09:01:54
二、热点和机会现在的热点博弈都偏向于政策，像周二上涨的磷化工，钛白粉，草甘膦，还包括部分的化肥这些，这玩意都多少年没涨了，没有持续性的上涨，因为周期跟经济关联度比较高，而今年在一、二季度的旺季经济不旺，那周期都杀成狗了，所以这些我认为可能算超跌反弹。而市场关注度比较高的，像先进展开,0.0709001645705694,------
从未下载过拼多多，看数位作家和多多打官司，因为多多卖的都是盗版，但合法合理的作家没赢。为什么没赢？唉以下为转发：很多人根本不懂拼多多的流氓佣金政策到底有多可怕。我从年开始做淘宝，年开始做天猫，去年开始入驻抖店。这三个平台上这样的，淘宝的个人店是不收佣金的，也展开,-1.0,2023-07-19 15:40:07
肥东县的房票政策来了重要通知：为了满足征迁群众对安置房多样化选择，现推出房票政策，征迁群众可使用房票购买商品房（肥东县范围）房票票面金额应安置面积安置房市场评估单价附属物补偿费搬迁补偿费搬迁奖励补助政策规定的补助原签订的产权调换协议中的应得款或减应付款。,-0.0673536694268287,------
挽救楼市断流的政策建议以深圳为例，来说我的一个想法。现在深圳以及所有的一线城市，还是处于限购、限售当中的。这就导致房地产市场出现了断流的情况，影响是很恶劣的。但是房租不炒这个政策肯定是正确的，那么如何在不违背这个政策的情况下，避免房地产的断流进一步持续呢？我觉得要有具体做展开,0.2890909454967101,2023-07-19 09:26:00
周四舆情热度（附股）无人驾驶两部门：到年系统形成能够支撑组合驾驶辅助和自动驾驶通用功能的智能网联汽车标准体系（深城交、浙江世宝、索菱股份、均胜电子、德赛西威等）；小鹏汽车大众汽车品牌与小鹏汽车达成了技术合作框架协议，大众汽车将向小鹏汽车增资约亿美元，收购后者约的股权（鹏翎股份、正强股份、隆基机械、三花智控、万安科技等）；存储芯片美光推出业界首款内存层能效提升倍（江波龙、佰维存储、兆易创新、北京君正、同有科技等）；核电核能近日国家能源局发布月份全国电力工业统计数据显示，月份，全国主要发电企业电源工程完成核电投资亿元，同比增长（龙泉股份、盛邦股份、哈空调、纳川股份、哈焊华通等）；地产链会议：政治局会议指出，适时调整优化房地产政策，因城施策用好政策工具箱（光明地产、金科股份、山水比德、中达安、建科股份等）；船舶制造中信机械：造船周期持续上行，新能源动力换船驱动因素强大，下半年进入业绩兑现期（中国动力、亚星锚链、中国船舶、中船防务、中船科技等）；,0.7166962401959308,2023-07-27 18:21:36
刚看到个最新消息，立即给所有人提个醒，请大家一起来看看：、消息一：孟晓苏：商业银行应拿出资金来支持老百姓购房让老百姓提前实现自己的住房梦。解读：近日，全国著名房地产专家、原国家房改课题组组长孟晓苏表示，商业银行应该降低存量房贷利率，减轻了购房者的压力，能够鼓励老百姓改善居住需求，同时也可以释放消费能力，建立消费信心。这个提议还是非常好的，降低贷款利率，老百姓的购房成本下降了，减轻了负担了，同时最好的就是直接房价下调，老百姓买房负担更加轻松了，全世界最高的房价估计也就是我们了。近期房地产政策重点讲的是适时优化政策。股市场房地产板块也迎来了底部超跌反弹行情，后市有望进一步反弹。、消息二：任泽平：牛市会不会来？振兴股正当时一举多得有百利而无一害。解读：任泽平发文指出，振兴股市，提振市场信心，对于经济复苏、居民收入、消费者信心、科技创新、高质量发展等都具有重要意义，一举多得，如果力度把握的好，有百利而无一害。都说是股市是经济的晴雨表，都说我们的经济实现不错的恢复增长，都说全球资本看中国，都说外资逐步增加流入中国，但是我们目前股市却有点让人瞠目结舌，外围股市今年已经再次走出牛市，德股、法股、日股、印度股市都创多年的新高了，道指都连阳准备再创历史新高了。我们的大股震荡筑底个月了，近期还跌破点，所以股雄起已经是人心所向，人心思涨，股必须雄起活跃资本市场，提振投资者信心，今年股先涨个几百点提振信心让股市上涨点，消费力更加活跃，经济就增加快速增长，很多新股民套在点，股市需要再次雄起、消息三：恒生科技指数势将进入技术性牛市。解读：香港恒生科技指数从月低点累计上涨，势将进入技术性牛市。中股股指数也就是相当于我们的恒生科技指数。恒生科技指数和中概股指数再次从月底连续上涨到今天月号，确实正在走出一波不错的反弹行情。我在月初的时候也曾经表示，中概股指数已经正在走今年的第三浪主升浪行情，中概股指数在去年的月份开启底部见底上涨行情，连续上涨到今年的月号上涨幅度超过，这是底部反弹的第一浪上涨行情，随后在月号连续回落震荡调整到月点是浪震荡调整，月份已经开启走第三浪主升浪行情，所以我们股就是底部，就是底的双底结构，开启下半年的吃饭行情了。最后，看完点赞是一种美德，祝大吉大利，旗开得胜,-0.16740647675914,------
最新消息，请所有人注意了今天是年的月号的星期四，现在是中午时间点分，我刚看到个最新消息，立即给所有人提个醒，请大家一起来看看：、消息一：孟晓苏：商业银行应拿出资金来支持老百姓购房让老百姓提前实现自己的住房梦。解读：近日，全国著名房地产专家、原国家房改课题组组长孟晓苏表示，商业银行应该降低存量房贷利率，减轻了购房者的压力，能够鼓励老百姓改善居住需求，同时也可以释放消费能力，建立消费信心。这个提议还是非常好的，降低贷款利率，老百姓的购房成本下降了，减轻了负担了，同时最好的就是直接房价下调，老百姓买房负担更加轻松了，全世界最高的房价估计也就是我们了。近期房地产政策重点讲的是适时优化政策。股市场房地产板块也迎来了底部超跌反弹行情，后市有望进一步反弹。、消息二：任泽平：牛市会不会来？振兴股正当时一举多得有百利而无一害。解读：任泽平发文指出，振兴股市，提振市场信心，对于经济复苏、居民收入、消费者信心、科技创新、高质量发展等都具有重要意义，一举多得，如果力度把握的好，有百利而无一害。都说是股市是经济的晴雨表，都说我们的经济实现不错的恢复增长，都说全球资本看中国，都说外资逐步增加流入中国，但是我们目前股市却有点让人瞠目结舌，外围股市今年已经再次走出牛市，德股、法股、日股、印度股市都创多年的新高了，道指都连阳准备再创历史新高了。我们的大股震荡筑底个月了，近期还跌破点，所以股雄起已经是人心所向，人心思涨，股必须雄起活跃资本市场，提振投资者信心，今年股先涨个几百点提振信心让股市上涨点，消费力更加活跃，经济就增加快速增长，很多新股民套在点，股市需要再次雄起、消息三：恒生科技指数势将进入技术性牛市。解读：香港恒生科技指数从月低点累计上涨，势将进入技术性牛市。中股股指数也就是相当于我们的恒生科技指数。恒生科技指数和中概股指数再次从月底连续上涨到今天月号，确实正在走出一波不错的反弹行情。我在月初的时候也曾经表示，中概股指数已经正在走今年的第三浪主升浪行情，中概股指数在去年的月份开启底部见底上涨行情，连续上涨到今年的月号上涨幅度超过，这是底部反弹的第一浪上涨行情，随后在月号连续回落震荡调整到月点是浪震荡调整，月份已经开启走第三浪主升浪行情，所以我们股就是底部，就是底的双底结构，开启下半年的吃饭行情了。最后，看完点赞是一种美德，祝大吉大利，旗开得胜,-0.6449654065807444,2023-07-27 15:40:08
第一张图片是笑话第三张图片文字内容刀郎歌声是讽刺。当今社会人和事，应该好好品。评论速写心得与体会情绪房地产超话适时调整优化房地产政策再读看书学习分享超话家庭节能新能源静音门窗超话选择哈哈哈哈哈情绪展开,0.0583624631119458,------
今日早评：股月日周三大盘震荡回调，三大指数均小幅下跌：沪深两市全天成交亿元，较上个交易日大幅缩量亿元；个股跌多涨少，近家跌逾。板块方面：地产股继续走强，多股贡献涨停，新型城镇化方向领涨；化工化肥股盘中拉升，食品、零售以及钢铁股午后异动；概念与汽车产业链陷入调整，减速器、一体化压铸、液冷服务器、手机游戏等板块跌幅居前。午后行情波动不大，量能较中午封盘时进一步萎缩，但北上资金小幅回流（截止收盘净流入亿元）。总体而言，大盘目前还算是良性回调，接下来个交易日的表现将比较关键要么向上补缺并尝试突破日线，要么受阻回落弱势震荡。后市需要关注的，主要有两点热点板块及个股一、来深度介绍一下地产的情况消息面：周一高层开会，说了一句非常重要的话，“适应我国房地产市场供求关系发生重大变化的新形势，适时调整优化房地产政策”。且删除了房住不炒。这是重磅利好催化剂。技术面：地产板块长期超跌，调整早就到位，筹码结构抛压不重。只需要少量资金点火就能实现反转的行情。业绩面：中报业绩来看，大部分都是亏损的，但是这也是利空出尽就是利好。加上下半年房地产政策的调整，业绩会有所改善，这也是一大潜在的利好。从盘面看，还有一个方向就是炒小炒低，小是小盘的意思，低是低价的意思，几块钱的个股重新被资金青睐。金科股份，作为市场核心龙头，以及算是超跌情绪代表，是资金在指数前面弱势的情况下抱团的选择。作为核心，又是政策利好直接导向，昨天日内完成了弱转强高开缩量上板，今天大单一字加速带领地产大涨。接下来会带动更多的地产龙头做补涨。,1.0,2023-07-27 20:10:17
前日热点解读、房地产理由：政治局会议：适时调整优化房地产政策，因城施策用好政策工具箱荣盛发展：河北省房地产龙头企业；预计上半年归母净利润亿元亿元，上年同期净亏损亿元锦和商管：公司为国内规模领先的文化创意产业园区运营商金科股份：公司是全国性社区地产商，住宅开发为主；长城国富有意向作为重整投资人参与公司预重整程序中南建设：、公司是全国布局的优质地产商；、公司持有上海数据交易中心有限公司股份天房发展：公司为专注天津的优质地产商华远地产：主要布局北京、天津、长沙地产商，公司通州花园好天地项目是距环球影城最近的项目迪马股份：全资子公司东原地产拥有房地产一级开发资质，主要从事住宅地产、商业地产及产业地产开发，业务覆盖华东、华西、华中、西南等各大区域新黄浦：公司是上海黄浦优质园区企业，坐拥上海市中心城区唯一一家高科技创业园区天保基建：、公司是专注天津滨海新区的开发商；、公司持股的天津中天航空持有空中客车（天津）总装有限公司的股权，空客公司的经营范围为接收完全装配并经测试的飞机组成部分和所有相关零部件，向空中客车中国有限公司提供总装服务国创高新：、公司核心业务是新房代理业务和房屋经纪业务，房屋经纪业务主要是二手房买卖与租赁；、公司云房源大数据运营平台项目已正式投入使用南国置业：、武汉商业地产小龙头、公司控股股东中国电建地产集团有限公司拟置换房地产和电网业务华夏幸福：京津冀产业地产龙头特发服务：公司聚焦园区物管赛道，在最主要的科技园区及办公物业赛道，已拥有华为、阿里巴巴、腾讯、蚂蚁金服、中国移动、大疆科技等国内顶尖的企业客户资源，其中与华为已合作近年、新型城镇化理由：国常会审议通过《关于在超大特大城市积极稳步推进城中村改造的指导意见》东方园林：生态修复行业龙头，子公司上海立源专注于水处理工艺、技术、设备的研发、制造与应用；子公司中山环保主要从事污水处理工程施工、污水处理设施运营山水比德：、民营景观设计龙头企业之一，专注于园林景观设计业务；、公司发布的自主研发的数智化产品体系山水智境和山水智能绿化属于应用。柯利达：国内知名的建筑装饰企业，江苏省内业务占比超，位列江苏省装饰行业第二清研环境：公司参与新型城镇污水处理设施建设，主要提供污水处理工艺包和核心装备正和生态：公司主营业务为滨水生态治理、生态修复及生态景观安居宝：国内楼宇对讲行业的龙头企业，主营楼宇对讲系统、智能家居系统、停车场系统、监控、防盗报警系统等启迪环境：、公司拥有较为完整的固废处置业务产业链，覆盖生活垃圾处理、有机固废资源化利用、医疗废弃物处理处置等类型项目的投资等；、公司参股子公司桑顿新能源，业务覆盖锂电池正极材料、前躯体、电芯生产；电池管理系统（）、电池封装（）、电池云平台研发；互联网二手电池回收、二手电池梯级利用、废电池再生技术等领域。超越科技：安徽省领先的固废处理环保企业；公司主要从事工业危险废物和医疗废物处置服务以及废弃电器电子产品拆解服务，工业危险废物处置能力排名省内前列，属于区域龙头之一法尔胜：控股子公司广泰源是一家以高难度废水处理、液体分离、化工浓缩为业务的高科技环保公司苏州规划：公司是江苏省内知名的规划设计与工程设计企业，为政府及各类开发建设主体提供准确有效并兼具操作性的城市规划建设解决方案森泰股份：公司的主要产品是高性能木塑复合材料、新型石木塑复合材料及装配式建筑上海凯鑫：国内领先的工业流体特种分离方案供应商；公司主营膜分离技术的研究与开发，为工业客户提供减排降耗和废弃物资源化综合利用的整体解决方案霍普股份：公司是国内知名的建筑设计技术与咨询服务提供商，以建筑方案设计为核心开展建筑设计业务，并严格按照国家各项建筑节能设计相关法规及标准进行规范设计蕾奥规划：公司在智慧城市测量、智慧城市三维仿真影像设计等方面经验丰富，年报表示建设基础平台，实现对城市中多源、异构的二三维空间数据进行统一管理，并提供对空间数据的空间计算能力和可视化能力尤安设计：国内民营建筑设计企业第一梯队；主要从事建筑设计业务的研发、咨询与技术服务，业务范围涵盖居住建筑、公共建筑及功能混合型社区等领域，拥有建筑行业（建筑工程）甲级资质嘉戎技术：公司主营业务为膜分离装备、高性能膜组件等产品的研产销，以及提供高浓度污废水处理服务、磷化工理由：草甘膦价格一个月大涨五成六国化工：华东地区规模最大的磷复肥和磷化工一体化专业制造企业，化肥品种包括氮肥、磷肥、钾肥、复合肥清水源：公司是国内主要水处理剂产品生产企业之一，水处理剂产能规模较大、产品系列丰富，包括有机磷类产品和聚合类产品，有机磷类产品主要包括、、和等；公司新老厂区共具备三氯化磷年产能万吨，公司生产的三氯化磷主要用于水处理剂产品的生产、钢铁理由：基建有望带动钢铁需求重庆钢铁：公司一季报净利润同比增长倍，因全线提产扩能提质增效，公司是重庆地区唯一符合国家产业政策的大型钢铁联合企业；主要产品板材、型材、线材、棒材、钢坯、薄板带等凌钢股份：东北地区重要的长材生产企业；公司主要产品有热轧圆钢、螺纹钢、中宽热带、线材、焊接钢管等、大消费理由：政治局会议：发挥消费拉动经济增长的基础性作用人人乐：公司实控人为西安曲江新区管理委员会；主营业务为商品零售连锁经营，拥有人人乐购电子商务平台与全球商品跨境采购平台功能国光连锁：江西省商贸流通行业首家上市企业；公司主营连锁超市、百货商场的运营业务美邦服饰：国内休闲服饰龙头之一，旗下拥有（中国驰名商标）、等国芳集团：甘肃省内最大的连锁零售企业海融科技：烘焙原料知名企业，布局新式茶饮赛道股票超话,-0.0531983124324175,------
周三舆情热度：地产链会议提出适应我国房地产市场供求关系发生重大变化的新形势，适时调整优化房地产政策（地产金科股份、华远地产等，钢铁水泥，建材家具等）；城中村改造新一轮城中村改造将启，同步推进扩内需惠民生（苏州规划、山水比德、霍普股份等）；无人驾驶两部门印发《国家车联网产业标准体系建设指南（智能网联汽车）（版）》（浙江世宝、德赛西威、兴民智通等）；鸿蒙华为官宣月日正式发布（润和软件、诚迈科技、常山北明等）；游戏国家新闻出版署发布月国产网络游戏审批信息（《墨迹大侠》中青宝，《梁山传奇》恺英网络，《骑士冲呀》吉比特）；电力电网国家发改委将加快推动印发《电力需求侧管理办法》发改委入夏以来全国日调度发电量三创历史新高，最高用电负荷两创历史新高（虚拟电厂国能日新、科远智慧等，电力国电电力、粤电力等）；室温超导韩国的物理学家声称发现世界首个室温常压超导体（法尔胜、西部超导、永鼎股份等）；,0.1609072767227059,2023-07-27 14:18:15
有学生问，与新一轮城中村改造相关的个超大城市和个特大城市，房价会起飞吗？我回答说，随着房地产政策的调整优化和城中村改造的实施，房价暂时会止跌，不排除轻微上涨，但绝不会起飞。从中长期看，房地产市场供求关系已经发生重大变化，城中村改造和政策刺激也不可能增加绝大多数普通老百姓口袋里展开,0.0066397827694702,2023-07-27 10:39:04
重磅信号已至解读下半年的关键政策时点政治局会议这两天市场反弹得很强，相信大家都看了解读，也了解到反弹是受到政治局会议的影响。对于我们宏观分析师来说，这样的重磅政策时点肯定是我们关注的重中之重了，所以在会议结束后，我也第一时间认真研读本次政治局会议的发言稿。整体感受是展开,0.0085217174225966,2023-07-27 11:49:50
最新消息，请所有人注意了今天是年的月号的星期三，现在是下午时间点分，我刚看到个劲爆的最新消息，立即给所有人提个醒，请大家一起来看看：、消息一：国税总局发布最新税费优惠政策多项涉房产交易或出租。解读：近日，国家税务总局发布了《支持协调发展税费优惠政策指引》，其中提及，个人销售住房减免增值税、个人购买家庭唯一住房或第二套改善性住房减征契税、居民换购住房退还个人所得税等多项政策。相关的地产专家解析，这是对此类诸多优惠政策进行了梳理、总结和再宣传，更好释放税费政策宽松的信号和导向。近年来，我国对很多方面都实现了减免税政策，对房地产是我国最大的支柱的产业，实行相应的减免税收优惠政策这是必然的。对房地产产业链也是给予相当的政策温暖支持的，对维护房地产的平稳健康发展是非常有利的。近期，有关房地产相关的政策利好不断，房地产也是老百姓最为关心的话题，房地产目前依然是我国的最大的支持产业也是不争的事实，虽然房地产的高峰发展已经过去了，但是维持平稳发展也是相当于是成熟型的行业，优质的公司也会从中占比一定的市场份额。、消息二：马光远：如果不救恒大可能会引发系统性金融风险。解读：根据，在网易新闻《光远观察》节目中，著名经济学家马光远表示，恒大不是个案，如果它处理不好，一旦引发连锁效应，引发系统性金融风险，他表示，希望有一个协调机制来救恒大。近日，中国恒大披露了最新的业绩亏损超过了万亿，这大概相当于股王贵州茅台要干年才能赚的钱，相当于我们中国亿人每人拿出元才能达到的惊人数字。恒大的问题肯定要解决的，但关键看怎么解决的，资产重组并购或将是大概率事情。近期，证券市场的房地产板块也是走出了超跌反弹行情，房地产板块同样存在预期的就是资产并购重组，一些低价的房地产股票却走出了强劲的反弹行情趋势，而一些相对优质的房地产企业却反弹比较缓慢，这就是证券市场的预期炒作，对于这些我们散户一定要注意连续亏损的房企都是短期的超跌反弹，不宜恋战，不然怎么涨就会怎么跌。、消息三：沪指缩量调整跌房地产产业链持续大涨。解读：今天周三的股维持全天的缩量震荡整理的行情走势，今天缩量成交两市全天成交亿，较昨日缩量亿，外资净买入亿，收盘上证指数跌，深证成指跌，创业板指跌。近日政策消息上房地产政策暖风不断，适时调整优化房地产政策，城中村改造，坚持股债联动，继续保持房企资本市场融资渠道稳定等利好不断，今天股市场房地产产业链持续大涨。周三的股市行情，不单止股震荡调整，港股恒生指数、恒生科技指数也是小幅震荡调整，韩国股市跌超，日经指数也是震荡下跌，刚刚欧盘开市欧洲股市也是震荡下跌为主，美股三大股指期货也是小幅震荡下跌，全球金融市场在等待月号美联储的议息会议决议。周三周四股小阴小阳是震荡蓄势，健康良性的震荡，本周依然看高。最后，看完点赞是一种美德，祝大吉大利，旗开得胜,0.1550168569454371,------
最新消息，最新消息，所有人注意了今天是年的月号的星期三，现在是下午时间点分，我刚看到个劲爆的最新消息，立即给所有人提个醒，请大家一起来看看：、消息一：国税总局发布最新税费优惠政策多项涉房产交易或出租。解读：近日，国家税务总局发布了《支持协调发展税费优惠政策指引》，其中提及，个人销售住房减免增值税、个人购买家庭唯一住房或第二套改善性住房减征契税、居民换购住房退还个人所得税等多项政策。相关的地产专家解析，这是对此类诸多优惠政策进行了梳理、总结和再宣传，更好释放税费政策宽松的信号和导向。近年来，我国对很多方面都实现了减免税政策，对房地产是我国最大的支柱的产业，实行相应的减免税收优惠政策这是必然的。对房地产产业链也是给予相当的政策温暖支持的，对维护房地产的平稳健康发展是非常有利的。近期，有关房地产相关的政策利好不断，房地产也是老百姓最为关心的话题，房地产目前依然是我国的最大的支持产业也是不争的事实，虽然房地产的高峰发展已经过去了，但是维持平稳发展也是相当于是成熟型的行业，优质的公司也会从中占比一定的市场份额。、消息二：马光远：如果不救恒大可能会引发系统性金融风险。解读：根据，在网易新闻《光远观察》节目中，著名经济学家马光远表示，恒大不是个案，如果它处理不好，一旦引发连锁效应，引发系统性金融风险，他表示，希望有一个协调机制来救恒大。近日，中国恒大披露了最新的业绩亏损超过了万亿，这大概相当于股王贵州茅台要干年才能赚的钱，相当于我们中国亿人每人拿出元才能达到的惊人数字。恒大的问题肯定要解决的，但关键看怎么解决的，资产重组并购或将是大概率事情。近期，证券市场的房地产板块也是走出了超跌反弹行情，房地产板块同样存在预期的就是资产并购重组，一些低价的房地产股票却走出了强劲的反弹行情趋势，而一些相对优质的房地产企业却反弹比较缓慢，这就是证券市场的预期炒作，对于这些我们散户一定要注意连续亏损的房企都是短期的超跌反弹，不宜恋战，不然怎么涨就会怎么跌。、消息三：沪指缩量调整跌房地产产业链持续大涨。解读：今天周三的股维持全天的缩量震荡整理的行情走势，今天缩量成交两市全天成交亿，较昨日缩量亿，外资净买入亿，收盘上证指数跌，深证成指跌，创业板指跌。近日政策消息上房地产政策暖风不断，适时调整优化房地产政策，城中村改造，坚持股债联动，继续保持房企资本市场融资渠道稳定等利好不断，今天股市场房地产产业链持续大涨。周三的股市行情，不单止股震荡调整，港股恒生指数、恒生科技指数也是小幅震荡调整，韩国股市跌超，日经指数也是震荡下跌，刚刚欧盘开市欧洲股市也是震荡下跌为主，美股三大股指期货也是小幅震荡下跌，全球金融市场在等待月号美联储的议息会议决议。周三周四股小阴小阳是震荡蓄势，健康良性的震荡，本周依然看高。最后，看完点赞是一种美德，祝大吉大利，旗开得胜,-0.7854047443358131,2023-07-27 09:31:57
基金股票钛媒体每日收评今日股收评：沪指收跌，房地产板块掀涨停潮截止月日收盘，沪指报点，跌，成交额为亿元（上一交易日成交额为亿元）；深成指报点，跌，成交额为亿元（上一交易日成交额为亿元）；创业板指报点，跌，成交额为亿元（上一交易日成交额为亿元）。两市全天成交额亿元，较上一交易日大幅缩量亿元，近股下跌。今日，北上资金净流入亿元，其中沪股通净流入亿元，深股通净流入亿元。板块方面，减速器板块震荡走低，丰立智能、领益智造跌超，通力科技、中马传动跌超，昊志机电跌，秦川机床、奥联电子、优德精密、汉宇集团跌超；传媒板块全天低迷，南方传媒、广西广电等跌超，果麦文化、电广传媒、人民网等跌超；汽车零部件板块走低，泰祥股份领跌，维科精密跌；汽车整车板块持续走弱，赛力斯跌超，江淮汽车、众泰汽车跌超，安凯客车、东风汽车、中通客车、金龙汽车跌超；房地产服务板块涨幅居前，特发服务涨超，我爱我家涨，南都物业涨，新正大、世联行涨超；房地产开发板块掀涨停潮，南国置业、中南建设等十余股相继涨停；新型城镇化板块表现活跃，清研环境、苏州规划、山水比德涨停，清水源、蕾奥规划、尤安设计、霍普股份涨超；磷化工板块普涨，六国化工涨停，川金诺涨，金正大涨，湖北宜化晨化股份、云图控股涨超；贵金属概念全线飘红，中润资源、四川黄金涨超，西部黄金、山东黄金、银泰黄金涨超；钢铁板块午后冲高，凌钢股份、重庆钢铁双双涨停，山东钢铁涨，酒钢宏兴涨超，安阳钢铁涨。消息面：、乘联会预测月狭义乘用车零售销量万辆，环比下降，同比下降，其中新能源零售万辆左右，环比下降，同比增长，渗透率约。、中共中央政治局月日召开会议，会议指出，要切实防范化解重点领域风险，适应我国房地产市场供求关系发生重大变化的新形势，适时调整优化房地产政策，因城施策用好政策工具箱，更好满足居民刚性和改善性住房需求，促进房地产市场平稳健康发展。、近期粗钢限产政策再起，市场有传闻称，“河北、江苏、天津，山东等地钢厂压粗钢平控落地”。国投安信期货指出，如果进行粗钢平控，下半年粗钢产量基本同比持平，粗钢平控的主要压力会在于河北和山东省，压力时间段会主要集中于四季度；对应的三、四季度铁水产量将环比下滑和，炼钢利润会有所扩张。、中核钛白公告，月日起，全面上调公司各型号钛白粉销售价格；其中国内客户销售价格上调元人民币吨，国际客户销售价格上调美元吨。,-0.0004772960937277,------
认房不认贷最近讨论比较热烈，提供一个跳出跳出房地产的视角，此次主推的降首付和放松认房认贷，实际上还是希望居民部门能够继续负担起加杠杠的任务。你说为什么不不加政府和企业部门？其实在加，年到现在一直在尝试，无论是去年的政府专项债还是支持小微企业贷款一直在做，但效果的确很一般，地方政府今年开始暴雷，前段时间昆明和贵州还有印象吧：企业跟不用说，大家随便找个移民中介问问就能感受出来。回到居民部门看来，问题来了，老百姓还加的动吗？虽然号称我国居民部门杠杆率还处于世界中等水平，但考虑到前面的丹麦、挪威甚至棒子国，在育儿、教育、医疗方面提供的社会保障都远超我们，中国普通老百姓的实际杠杠率应该更接近“掏空六个钱包”，那这波效果如何？在具体政策落地三个月后大家再观察。最后回到房地产的视角，你说这次放松是后续一系列放松的第一步，我觉得大概率不会，不要看说辞是什么，核心是希望居民部门加杠杆，后面大家讨论的放松限购限售，其实跟加杠杠已经没有直接关系了，现在走的是经济一整盘棋，而不是单独一个行业去调整。,0.1291816338351293,2023-08-27 16:15:45
天内提支持“住房需求”月日至月日，近期官方密集表态支持刚性和改善性住房需求。月日，中政局召开会议，分析研究当前经济形势，部署下半年经济工作。会议指出，要适应我国房地产市场供求关系发生重大变化的新形势，促进房地产市场平稳健康发展。适时调整优化房地产政策。因城施策用好政策工具箱。更好满足居民刚性和改善性住房需求。月日，住房和城乡建设部召开企业座谈会，会上住建部部长倪虹表示，要继续巩固房地产市场企稳回升态势：大力支持刚性和改善性住房需求。进一步落实好降低购买首套住房首付比例和贷款利率、改善性住房换购税费减免、个人住房贷款“认房不用认贷”等政策措施。继续做好保交楼工作，加快项目建设交付，切实保障人民群众的合法权益。月日，发改委发布恢复和扩大消费二十条措施，在房地产方面，重点提出了“支持刚性和改善性住房需求”。月日，国常会：要调整优化房地产政策，根据不同需求、不同城市等推出有利于房地产市场平稳健康发展的政策举措，加快研究构建房地产业新发展模式。这和之前中政局所提出的政策支持方向一脉相承。,0.2628903948991584,------
你们怎么定义这次房地产政策变化？松绑而已绑得太紧了，有点痛，松一松，绳子还在身上呢认房不认贷，还有个认房在呢也就是说限购和限贷还在。支持的是刚需和改善，首次购房和卖旧换新，可不是鼓励你多买房。这一轮宏观调控持续了近年。从年月一线城市开始限购限贷限售，毫无作用，限制政策扩展到所有一线和二线城市，也没能刹住车，开发商销售规模和杠杆反而继续飙升。直到三根红线，掐住开发商的融资命脉，才算把火灭了。本轮调控政策还没有结束，（口径是优化而不是取消），但应该接近尾声了。这大概是人类有史以来持续时间最长的调控政策了。什么时候这些限制政策都取消了，这轮调控才算结束。不过，个人猜测，限购政策取消之日，就是房产税开征之时。（都是认房嘛）,0.3240022006861797,2023-07-31 21:03:13
东莞楼市东莞房贷多年的调空，搞出了这么多复杂的东西认房又认贷，认房不认贷，认贷不认房，认房又认贷款记录，认货款记录不认房。,0.067764963817645,------
这个红色的图片，此时在网络上热议，好几个公众号推送过来了，不会解读，对市场到底是起什么作用？今天中午大家一起聊天，这两天在说认房不认贷，后应该是主力军，这个年龄段现在是各个领域的消费主力，对于还会不会买房，一致认为如果不用考虑孩子选学校，根本不会考虑买房换房，每个月要还贷的感觉非常不好。那么也就是说，孩子的教育是她们的重中之重，只有有利于孩子读书的，才会让她们甘愿贷款透支未来来消费。出台这个出台那个，究竟有没有用，只有交给时间了。,0.0163700738548197,2023-08-01 01:14:31
刚需房价格稳定性较差反而豪宅、核心地段房价坚挺住房和城乡建设部部长倪虹在近日召开的企业座谈会上说，要继续巩固房地产市场企稳回升态势，大力支持刚性和改善性住房需求，进一步落实好降低购买首套住房首付比例和贷款利率、改善性住房换购税费减免、个人住房贷款“认房不用认贷”等政策措施。展开,0.0,2023-08-01 01:34:15
住建部明确落实“认房不认贷”意味着什么？专家解读新浪新闻,-0.0048360265962488,2023-08-04 01:49:08
微资讯广州：将尽快推出促进楼市发展相关政策措施近日，住建部召开企业座谈会，提出将大力支持刚性和改善性住房需求，进一步落实好降低购买首套住房首付比例和贷款利率、改善性住房换购税费减免、个人住房贷款认房不认贷等政策措施。广州交通电台的微博视频,0.0237315893089256,2023-07-31 20:28:12
“认房不认贷”威力在哪？已有业主和购房者转变态度，一线城市或有条件落地因吸取香港的教训。房地产房地产政策认房不认贷“认房不认贷”威力在哪？已有业主和购房者转变态度，一线城市或有条件落地,0.4424122998093027,------
碧桂园撑不住了，碧都说这么明白。碧桂园也是不给监管面子吗？明明政策利好就在眼前，君子不在危墙之下。中国民营房地产都站在悬崖边缘、狼来了的故事、健康发展房地产市场、支持民营施工企业，哈哈、狼来了嘴炮、解决不了房企资金问题啊我觉得那个首套房比例，还有认房不认贷的政策引导销售、就看购房者的需求了、认房不认贷真的落实了，对销售端还是明显利好啊。实际情况是银行和政府政策是割裂的，地方政府并不能完全约束银行，银行对房企的各种支持都是很谨慎的。碧桂园可能真的知道生命危险了、撑不了多久了，现在已经是负经营性现金流了，新增的融资金额又比到期的少，即便房市真回稳要受益到他的三四线能传导到多少及需要多少时间也是未知，年、三年、五年？房地产政策再读看书学习分享超话家庭节能新能源静音门窗超话再读看书学习分享超话青春故事看中国爆雷房企退市第一例,0.6689095409126532,2023-07-31 20:12:09
认房不认贷，你们说卖掉二三线城市的房子的人，准备在大城市买的人，这类群体有多少人？,-0.0032468599008461,2023-07-31 19:54:41
落实认房不认贷，透露着什么信号？财经红股摆渡人的微博视频,0.01170749629026,------
“认房不认贷”之下，房地产市场能否“回春”？,0.0431869696981212,2023-08-01 06:40:54
预计将取消此前房地产市场过热时期的限制性措施，比如限购、限贷、限价，“认房不认贷”是此次重大利好，这意味着无论购房者是否有贷款记录，只要购房者证明自己名下没有房产，就可以按照第一套房贷款标准按揭买房。目前，限购较严格且执行认房又认贷政策的城市主要包括北京、上海、广州、深圳、成都等十余个核心城市。而包括杭州、南京、苏州、郑州、无锡、天津、佛山、珠海等超城已经对“认房又认贷”政策进行过优化调整。当前北京二套商业贷款最低首付普宅，非普通住房为，房贷利率。如果改为“认房不用认贷”，换房家庭首付比例可以调整为、房贷利率可以降至。上海当前同样也执行认房又认贷政策，二套首付比例高达、房贷利率。若“认房不认贷”，则首付比例可以调整为、房贷利率可以降至。对于购房者来说，如果一二线城市取消认房认贷，将是一个重磅利好，不仅可以大幅降低购房首付降低改善门槛，还可以降低购房成本、减轻还款压力。,1.0,------
荔湾播报楼市大消息住建部最新明确住房和城乡建设部近日召开企业座谈会，会上强调，要继续巩固房地产市场企稳回升态势，大力支持刚性和改善性住房需求，进一步落实好降低购买首套住房首付比例和贷款利率、改善性住房换购税费减免、个人住房贷款“认房不用认贷”等政策措施；继续做好保交楼工作，加快项目建设交付，切实保障人民群众的合法权益。,0.0102534363664753,2023-08-04 08:33:12
螺纹钢螺纹：认房不认贷，大家认为是利好房产吗？目前的政策对一些有购买能力的是好事，但是目前大家差的是信心啊，不差负债啊，对于刚需来说，无所谓，本来就一套，而且房产火热的时候市场最多的是炒房客，是买升值的预期，是买经济的预期，就目前的态势来说，可能这个需要很久的情绪回暖，基调还是只住不炒，目前笔者认为就是在炒现饭，不管你加了多少调味剂，饭的本质没改变也好吃不到哪里去。,0.0234348405988727,------
北京推出认房不认贷的政策，这个政策完全正确。当时，认房又认贷，是基于炒房而制定的，现在购房的都是改善性需求了，银行理应支持。,0.0253238403825273,2023-07-31 18:56:00
说是北京己启动认房不认贷了，也许能刺激很多人改善住房，买些新房，或者换大一点的房子，那这样二手房或许更多卖不出去了,-0.0088738740455439,------
认房又认贷的杀伤力究竟在哪里？看看图表就知道了。有些城市因此将二套房的首付比例达，普通住宅最低，房贷利率最低。而目前有北京、上海、广州、深圳、长沙、合肥、成都、海口、厦门、福州、三亚、重庆等十几个核心一二线城市还在执行“认房又认贷”政策。如果实施“认房不认贷”，那么商业银行在确定贷款比例时，只按照家庭名下在当地是否有房来认定，不管购房家庭是否有住房贷款记录。,-0.2602047863788616,2023-07-31 17:31:00
卡努楼市重大转折，史诗级重磅利好消息来了认房不认贷才刚刚开始，现在一线城市也迎来了重磅，利好消息，北京住建委，深圳住房和建设局，广州都发出了同样的信息。北京：“抓好贯彻落实，更好满足刚性和改善性住房需求”深圳：“更好满足居民刚性和改善性住房需求，扎实推进保交楼工作”广州：“将尽快推出有关政策措施，满足刚性和改善性住房需求”目前来看四大一线城市当中就差上海了，估计啊很快也会出炉了，我们可以看到都在呼吁要满足刚性和改善性的住房需求。换句话说啊，只要你是合理的买房需求，我们都应该大力的支持，也就是说房价不会暴跌，你们到底还在等什么？,0.0233722692633075,------
来自于楼市的消息，住建部表态之后，北京，深圳，广州三个一线城市纷纷跟进，而且说法都一样，结合本地市场的实际情况，会同相关部门抓紧落实，大力支持和更好的满足居民的刚性和改善性住房需求。促进当地房地产市场的平稳健康发展。但是，到底是降低首付比例，还是打破认房又认贷的限制，又或者是限购政策调整，还有大家关心的存量房贷到底怎么弄，这些都没提。看到这几个一线城市的表态，心里比较想笑，这些人真挺鬼的，都想先出个模糊的表态，然后看看别人的动作。看谁能先走一步，好了自己再跟进，不好，马上站在道德的制高点批判。但大家都鬼一块去了，最后谁也没有实际措施。其实这次楼市政策调整，一线城市是关键中的关键，到底政策怎么动，不但大家心里没底，连政策制定者心里也没底。他们也怕出乱子。这种放松的消息刚出，据说有些地方的房东已经开始要涨价了，这其实是政策最怕看到的结果。比如北京一放松，房价再涨一波，就守着领导的眼皮底下，这还真不好交代。所以现在也是十分纠结。反正老齐依旧是原来的观点，一线城市放开的意义不大，先把二三四线松了就行。一线即便要松，也必须有条件的松。决不能原地掉头。否则危害无穷。这次受损的主要是中产的资产负债表，富人并未受到太大的损失，如果让富人去加杠杆，他们是有这个能力的。也就是说，高端的住宅甚至豪宅是有被继续炒高可能的。所以这块不得不防，富人可以不限购，但是不能再让他们贷款，如果要让贷款，就必须加上限购。决不能两个都松。楼市财经股市一线城市,0.2423351536661958,2023-08-01 07:09:18
发布了头条文章：《月日天津、北京、深圳、郑州四城房产资讯》央行超话贷款个人住房贷款认房不认贷人才公寓,0.0116830527722491,2023-07-31 17:29:04
政策解读住建部明确落实“认房不认贷”专家最新解读来了月日，据新华社报道，住房和城乡建设部部长倪虹在近日召开的企业座谈会上，就建筑业高质量发展和房地产市场平稳健康发展与企业进行深入交流，强调要进一步落实好个人住房贷款“认房不用认贷”等政策。对于不少希望买房、但此前曾有过贷款记录的消费者而言，这无疑是好消息。“各部门已经集中出台了一系列促进房地产市场稳定发展的政策，这次会议也是继续给房地产市场信心，并在政策上继续提供利好。”月日，北京大学经济学院教授、北京大学国民经济研究中心主任苏剑接受红星新闻采访时这样说。（昆明信息港）,0.0117175900160595,------
当下管理层出台两个核心政策，认房不认贷，降低首付。这将对全国的房地产，乃至经济，股市都有深远的影响。降低首付好理解，从三成降到二成，甚至降到成。这个认房不贷是什么意思？就是你只要证明你名下没有房产，不管以前有没有过房贷，就算第一套。这最主要的还是针对一线大城市，放宽了整个购买资格，让被资格挡在地产外面的人群，进场入市，让楼市产生更大的成交量。有三重解读：一，房地产利率会不断下降，不管是存量房，还是一手房，必然会降，这是趋势。未来有可能降到，，房贷捆绑了消费，利率降低，能解决很多问题。当然，贷款利率降低，存款利率一定会降低。如果存银行没有利息，钱流往何处，必然要进入股市，股市将成为一个巨大的蓄水池。二，降低首付比例，如果不降利息，其实你将还更多利息，后半生可能都将为银行打工，所以只降首付，未必能起到逆转市场的作用。三，现在是稳定地产不跌，并不是重新鼓励炒房，是为了用房地产经济减缓眼下的经济问题。即使重启地产，也只是权宜之计，不可能长期依赖地产，最终一定要走科技兴国路线。全力发展制造业，打通并繁荣一带一路，找到中国新的增长点。,-0.2147732619465489,2023-07-31 18:22:48
房地产“认房不认贷”有望全国落地，你认为这个政策对于促进买房意义大不大？,0.5590733060867151,2023-07-31 22:09:56
房地产财联社年月日适应我国房地产市场供求关系发生重大变化的新形势，适时调整优化房地产政策，因城施策用好政策工具箱，更好满足居民刚性和改善性住房需求，促进房地产市场平稳健康发展。要加大保障性住房建设和供给，积极推动城中村改造和平急两用公共基础设施建设，盘活改造各类闲置房产。年月日坚持房子是用来住的、不是用来炒的定位，因城施策，支持刚性和改善性住房需求，做好保交楼、保民生、保稳定工作，促进房地产市场平稳健康发展，推动建立房地产业发展新模式。在超大特大城市积极稳步推进城中村改造和平急两用公共基础设施建设。规划建设保障性住房。在超大特大城市积极稳步推进城中村改造生活服务家庭节能新能源静音门窗超话房地产超话房地产青岛超话育儿家庭生活健康生活,-0.0041994121074728,2023-07-25 11:05:56
经济财经头条文章政策市场喊口号不能替代具体举措牛市是真金白银堆出来的不是喊口号喊出来的政治局月日召开会议，分析研究当前经济形势，部署下半年经济工作。会议认为，今年来，国民经济持续恢复、总体回升向好，高质量发展扎实推进，产业升级厚积薄发，粮食能源安全得到有效保障，社会大局保持稳定，为实现全年经济社会发展目标打下了良好基础。会议指出，当前经济运行面临新的困难挑战，主要是国内需求不足，一些企业经营困难，重点领域风险隐患较多，外部环境复杂严峻。疫情防控平稳转段后，经济恢复是一个波浪式发展、曲折式前进的过程。我国经济具有巨大的发展韧性和潜力，长期向好的基本面没有改变。会议强调，做好下半年经济工作，要坚持稳中求进工作总基调，完整、准确、全面贯彻新发展理念，加快构建新发展格局，全面深化改革开放，加大宏观政策调控力度，着力扩大内需、提振信心、防范风险，不断推动经济运行持续好转、内生动力持续增强、社会预期持续改善、风险隐患持续化解，推动经济实现质的有效提升和量的合理增长。会议指出，要用好政策空间、找准发力方向，扎实推动经济高质量发展。延续、优化、完善并落实好减税降费政策，大力支持科技创新、实体经济和中小微企业发展。要活跃资本市场，提振投资者信心。会议强调，发挥消费拉动经济增长的基础性作用，通过增加居民收入扩大消费。要提振汽车、电子产品、家居等大宗消费，推动体育休闲、文化旅游等服务消费。会议指出，要大力推动现代化产业体系建设，加快培育壮大战略性新兴产业、打造更多支柱产业。要推动数字经济与先进制造业、现代服务业深度融合，促进人工智能安全发展。会议强调，坚决整治乱收费、乱罚款、乱摊派，解决政府拖欠企业账款问题。精心办好第三届“一带一路”国际合作高峰论坛。会议指出，要切实防范化解重点领域风险，适应我国房地产市场供求关系发生重大变化的新形势，适时调整优化房地产政策，因城施策用好政策工具箱，更好满足居民刚性和改善性住房需求，促进房地产市场平稳健康发展。会议强调，要加大民生保障力度，把稳就业提高到战略高度通盘考虑，兜牢兜实基层“三保”底线，扩大中等收入群体。要加强耕地保护和质量提升，巩固拓展脱贫攻坚成果，全面推进乡村振兴。要坚决防范重特大安全事故发生，保障迎峰度夏能源电力供应。,0.0346970792734827,------
看了今天的大会，生和我这两个月对经济的判断和对未来经济趋势的预判基本都能对应上吧？搞战略投资，趋势投资就要看大方向。我不怕岁月史书，月以来的微博都在，生产队队员应该都知道。我上周说因为上半年的经济数据，年中一定会出政策，会托一托地产，没错吧？今天最重要的几项，我捞干的说：第一，不再提“芳住吵”对吧，要降低房地产风险，结合上周五的“城中村改造”一起看，就很明白了吧。原话：适时调整优化房地产政策，因城施策用好政策工具箱，更好满足居民刚性和改善性住房需求，促进房地产市场平稳健康发展。不需要更清楚的说了吧？我预估对存量房贷款利率会有调整，下半年至少还有一次甚至两次降息。第二，刺激经济和地产的钱从哪里来，民间是大头，保护民间资本投资，这点上周也说过了，马花疼还特意表态了，也就是民间资本有地方投资，不要怕。原话：要建立健全与企业的常态化沟通交流机制，鼓励企业敢闯、敢投、敢担风险，积极创造市场。要支持有条件的自贸试验区和自由贸易港对接国际高标准经贸规则，推动改革开放先行先试，这个应该是。第三，要积极扩大国内需求，发挥消费拉动经济增长的基础性作用，提振汽车、电子产品、家居等大宗消费，这点没问题，下半年汽车刺激政策会陆续加码和落地，家居的大宗消费和房地产连在一起。不过最后我还是要说，降低地产在里的份额，长期要降低地产的杠杆，这点没变，只是要权衡这个过程对经济和就的影响，不能降的太快，太快经济撑不住，还有央财税博弈的问题，显然现在是需要缓和对冲的，不是激烈交锋的时候，时机不对，地方太大的问题需要第三次全面配套改革（地产金数字）。我这两个月做的判断是基于理性的经济和工业分析，基于我这快年在工业领域的工作经验和对国内外经济的观察，不是用念经和取悦粉丝去分析经济。,-1.0,2023-07-25 12:38:22
下半年经济工作会议（月日）一、困难挑战：主要是国内需求不足，一些企业经营困难，重点领域风险隐患较多，外部环境复杂严峻。疫情防控平稳转段后，经济恢复是一个波浪式发展、曲折式前进的过程。二、下半年经济工作总体要求：坚持稳中求进总基调；着力扩大内需、提振信心、防范风险，推动经济运行持续好转、内生动力持续增强、社会预期持续改善、风险隐患持续化解，推动经济实现质的有效提升和量的合理增长。三、具体措施：、用好政策空间、找准发力方向，扎实推动经济高质量发展；、精准有力实施宏观调控，加强逆周期调节和政策储备；、实施积极的财政政策和稳健的货币政策，延续、优化、完善并落实好减税降费政策，发挥总量和结构性货币政策工具作用，大力支持科技创新、实体经济和中小微企业发展；、保持人民币汇率在合理均衡水平上的基本稳定；、活跃资本市场，提振投资者信心；、扩大国内需求，发挥消费拉动经济增长，增加居民收入扩大消费，通过终端需求带动有效供给，把扩大内需战略同深化供给侧结构性改革结合；、提振汽车、电子产品、家居等大宗消费，推动体育休闲、文化旅游等服务消费；、发挥政府投资带动作用，加快地方政府专项债券发行和使用；、制定出台促进民间投资的政策措施；、多措并举，稳住外贸外资基本盘；、增加国际航班，保障中欧班列稳定畅通。、大力推动现代化产业体系建设，加快培育壮大战略性新兴产业、打造更多支柱产业；、推动数字经济与先进制造业、现代服务业深度融合，促进人工智能安全发展；、推动平台企业规范健康持续发展；、持续深化改革开放，坚持“两个毫不动摇”，提高国有企业核心竞争力，优化民营企业发展环境；、坚决整治乱收费、乱罚款、乱摊派，解决政府拖欠企业账款问题；、建立健全与企业常态化沟通交流机制，鼓励企业敢闯、敢投、敢担风险，积极创造市场；、支持有条件自贸区和自贸港对接国际高标准经贸规则，推动改革开放先行先试；办好第三届“一带一路”国际合作高峰论坛；、防范化解重点领域风险，适时调整优化房地产政策，因城施策用好政策工具箱，更好满足居民刚性和改善性住房需求，促进房地产市场平稳健康发展；、保障性住房建设和供给，积极推动城中村改造和“平急两用”公共基础设施建设，盘活改造各类闲置房产；、有效防范化解地方债务风险，制定实施一揽子化债方案；、加强金融监管，稳步推动高风险中小金融机构改革化险；、加大民生保障力度，把稳就业提高到战略高度通盘考虑，兜牢兜实基层“三保”底线，扩大中等收入群体；、加强耕地保护和质量提升，巩固拓展脱贫攻坚成果，全面推进乡村振兴；、坚决防范重特大安全事故发生，保障迎峰度夏能源电力供应。四、机制保障：牢固树立正确政绩观，激发干事创业的积极性，勇于担当作为，善于攻坚克难，推动高质量发展取得新成效。,0.0320009184242073,2023-07-24 22:17:12
习近平主持召开中共中央政治局会议，分析研究当前经济形势和经济工作中共中央政治局月日召开会议，分析研究当前经济形势，部署下半年经济工作。中共中央总书记习近平主持会议。会议认为，今年以来，在以习近平同志为核心的党中央坚强领导下，各地区各部门更好统筹国内国际两个大局，更好统筹疫情防控和经济社会发展，更好统筹发展和安全，国民经济持续恢复、总体回升向好，高质量发展扎实推进，产业升级厚积薄发，粮食能源安全得到有效保障，社会大局保持稳定，为实现全年经济社会发展目标打下了良好基础。会议指出，当前经济运行面临新的困难挑战，主要是国内需求不足，一些企业经营困难，重点领域风险隐患较多，外部环境复杂严峻。疫情防控平稳转段后，经济恢复是一个波浪式发展、曲折式前进的过程。我国经济具有巨大的发展韧性和潜力，长期向好的基本面没有改变。会议强调，做好下半年经济工作，要坚持稳中求进工作总基调，完整、准确、全面贯彻新发展理念，加快构建新发展格局，全面深化改革开放，加大宏观政策调控力度，着力扩大内需、提振信心、防范风险，不断推动经济运行持续好转、内生动力持续增强、社会预期持续改善、风险隐患持续化解，推动经济实现质的有效提升和量的合理增长。会议指出，要用好政策空间、找准发力方向，扎实推动经济高质量发展。要精准有力实施宏观调控，加强逆周期调节和政策储备。要继续实施积极的财政政策和稳健的货币政策，延续、优化、完善并落实好减税降费政策，发挥总量和结构性货币政策工具作用，大力支持科技创新、实体经济和中小微企业发展。要保持人民币汇率在合理均衡水平上的基本稳定。要活跃资本市场，提振投资者信心。会议强调，要积极扩大国内需求，发挥消费拉动经济增长的基础性作用，通过增加居民收入扩大消费，通过终端需求带动有效供给，把实施扩大内需战略同深化供给侧结构性改革有机结合起来。要提振汽车、电子产品、家居等大宗消费，推动体育休闲、文化旅游等服务消费。要更好发挥政府投资带动作用，加快地方政府专项债券发行和使用。要制定出台促进民间投资的政策措施。要多措并举，稳住外贸外资基本盘。要增加国际航班，保障中欧班列稳定畅通。会议指出，要大力推动现代化产业体系建设，加快培育壮大战略性新兴产业、打造更多支柱产业。要推动数字经济与先进制造业、现代服务业深度融合，促进人工智能安全发展。要推动平台企业规范健康持续发展。会议强调，要持续深化改革开放，坚持“两个毫不动摇”，切实提高国有企业核心竞争力，切实优化民营企业发展环境。要坚决整治乱收费、乱罚款、乱摊派，解决政府拖欠企业账款问题。要建立健全与企业的常态化沟通交流机制，鼓励企业敢闯、敢投、敢担风险，积极创造市场。要支持有条件的自贸试验区和自由贸易港对接国际高标准经贸规则，推动改革开放先行先试。要精心办好第三届“一带一路”国际合作高峰论坛。会议指出，要切实防范化解重点领域风险，适应我国房地产市场供求关系发生重大变化的新形势，适时调整优化房地产政策，因城施策用好政策工具箱，更好满足居民刚性和改善性住房需求，促进房地产市场平稳健康发展。要加大保障性住房建设和供给，积极推动城中村改造和“平急两用”公共基础设施建设，盘活改造各类闲置房产。要有效防范化解地方债务风险，制定实施一揽子化债方案。要加强金融监管，稳步推动高风险中小金融机构改革化险。会议强调，要加大民生保障力度，把稳就业提高到战略高度通盘考虑，兜牢兜实基层“三保”底线，扩大中等收入群体。要加强耕地保护和质量提升，巩固拓展脱贫攻坚成果，全面推进乡村振兴。要坚决防范重特大安全事故发生，保障迎峰度夏能源电力供应。会议指出，要以学习贯彻习近平新时代中国特色社会主义思想主题教育为契机，教育引导广大党员干部牢固树立正确政绩观，更好激发干事创业的积极性，让勇于担当作为、善于攻坚克难的优秀干部脱颖而出、多作贡献，以新气象新作为推动高质量发展取得新成效。会议还研究了其他事项。新华社习近平主持召开中共中央政治局会议，分析研究当前经济形势和经济工作,0.2017273099316017,------
中共中央政治局召开会议分析研究当前经济形势和经济工作中共中央总书记习近平主持会议新华社北京月日电中共中央政治局月日召开会议，分析研究当前经济形势，部署下半年经济工作。中共中央总书记习近平主持会议。会议认为，今年以来，在以习近平同志为核心的党中央坚强领导下，各地区各部门更好统筹国内国际两个大局，更好统筹疫情防控和经济社会发展，更好统筹发展和安全，国民经济持续恢复、总体回升向好，高质量发展扎实推进，产业升级厚积薄发，粮食能源安全得到有效保障，社会大局保持稳定，为实现全年经济社会发展目标打下了良好基础。会议指出，当前经济运行面临新的困难挑战，主要是国内需求不足，一些企业经营困难，重点领域风险隐患较多，外部环境复杂严峻。疫情防控平稳转段后，经济恢复是一个波浪式发展、曲折式前进的过程。我国经济具有巨大的发展韧性和潜力，长期向好的基本面没有改变。会议强调，做好下半年经济工作，要坚持稳中求进工作总基调，完整、准确、全面贯彻新发展理念，加快构建新发展格局，全面深化改革开放，加大宏观政策调控力度，着力扩大内需、提振信心、防范风险，不断推动经济运行持续好转、内生动力持续增强、社会预期持续改善、风险隐患持续化解，推动经济实现质的有效提升和量的合理增长。会议指出，要用好政策空间、找准发力方向，扎实推动经济高质量发展。要精准有力实施宏观调控，加强逆周期调节和政策储备。要继续实施积极的财政政策和稳健的货币政策，延续、优化、完善并落实好减税降费政策，发挥总量和结构性货币政策工具作用，大力支持科技创新、实体经济和中小微企业发展。要保持人民币汇率在合理均衡水平上的基本稳定。要活跃资本市场，提振投资者信心。会议强调，要积极扩大国内需求，发挥消费拉动经济增长的基础性作用，通过增加居民收入扩大消费，通过终端需求带动有效供给，把实施扩大内需战略同深化供给侧结构性改革有机结合起来。要提振汽车、电子产品、家居等大宗消费，推动体育休闲、文化旅游等服务消费。要更好发挥政府投资带动作用，加快地方政府专项债券发行和使用。要制定出台促进民间投资的政策措施。要多措并举，稳住外贸外资基本盘。要增加国际航班，保障中欧班列稳定畅通。会议指出，要大力推动现代化产业体系建设，加快培育壮大战略性新兴产业、打造更多支柱产业。要推动数字经济与先进制造业、现代服务业深度融合，促进人工智能安全发展。要推动平台企业规范健康持续发展。会议强调，要持续深化改革开放，坚持“两个毫不动摇”，切实提高国有企业核心竞争力，切实优化民营企业发展环境。要坚决整治乱收费、乱罚款、乱摊派，解决政府拖欠企业账款问题。要建立健全与企业的常态化沟通交流机制，鼓励企业敢闯、敢投、敢担风险，积极创造市场。要支持有条件的自贸试验区和自由贸易港对接国际高标准经贸规则，推动改革开放先行先试。要精心办好第三届“一带一路”国际合作高峰论坛。会议指出，要切实防范化解重点领域风险，适应我国房地产市场供求关系发生重大变化的新形势，适时调整优化房地产政策，因城施策用好政策工具箱，更好满足居民刚性和改善性住房需求，促进房地产市场平稳健康发展。要加大保障性住房建设和供给，积极推动城中村改造和“平急两用”公共基础设施建设，盘活改造各类闲置房产。要有效防范化解地方债务风险，制定实施一揽子化债方案。要加强金融监管，稳步推动高风险中小金融机构改革化险。会议强调，要加大民生保障力度，把稳就业提高到战略高度通盘考虑，兜牢兜实基层“三保”底线，扩大中等收入群体。要加强耕地保护和质量提升，巩固拓展脱贫攻坚成果，全面推进乡村振兴。要坚决防范重特大安全事故发生，保障迎峰度夏能源电力供应。会议指出，要以学习贯彻习近平新时代中国特色社会主义思想主题教育为契机，教育引导广大党员干部牢固树立正确政绩观，更好激发干事创业的积极性，让勇于担当作为、善于攻坚克难的优秀干部脱颖而出、多作贡献，以新气象新作为推动高质量发展取得新成效。会议还研究了其他事项。,0.0649221708860447,2023-07-24 21:50:55
经济日报：促进房地产市场企稳回升今年上半年，房地产主要指标相较去年全年均有所改善，市场逐步呈现企稳态势，但总体上还处于调整阶段。应进一步采取积极措施，释放金融支持等政策效能，提振购房者、房企信心，促进房地产市场持续企稳回升。今年以来，各地区各部门坚持“房住不炒”、因城施策，展开,0.0217350631935214,2023-07-24 23:00:19
政治局会议定调房地产政策释放了什么信号？房地产房地产市场供求关系发生重大变化月日，中共中央政治局召开会议，对上半年我国的经济形势进行了分析，并对下半年的经济工作进行了部署。会议指出，我国房地产市场供求关系发生重大变化，应适时调整优化房地产政策，因城施策用好政策工具箱展开,0.2016133832453195,2023-08-03 14:17:20
多项房地产政策落地后大家会买房吗“认房不用认贷”等政策落地之后，大家就会买房吗？当下，房地产政策的走向引起社会广泛关注。继日政治局会议定调“适时调整优化房地产政策”、住建部明确房地产政策优化方向之后，北上广深等一线城市纷纷表态。这些表态透露出一种怎样的信号？当下受到热议的“认房不用认贷”等政策落地的可能性多大？持续释放的政策利好能否改善当下房地产市场的低沉情绪？下半年房地产市场走势如何？围绕上述问题，观察者网特邀广东省城规院住房政策研究中心首席研究员李宇嘉分享观点。观察者网：虽然现在还没有一些具体的举措出台，但是从中央到地方在房地产领域近来接连表态，在您看来是在透露出一种怎样的信号？李宇嘉：月日的政治局会议指出，要适应我国房地产市场供求关系发生重大变化的新形势，适时调整优化房地产政策，因城施策用好政策工具箱，更好满足居民刚性和改善性住房需求等。最高决策层定调之后，各地肯定要进行落实。一线城市是都市圈的核心，是外来人口、年轻人、新市民最集中的地方，也是刚需和改善最集中的城市，消费需求比较旺盛，所以会率先表态。观察者网：当下楼市政策的“工具箱”被打开，而且正在越开越大。比如说，当下备受关注的一个表述是“认房不用认贷”，大家普遍认为如果实施这一政策，对一线城市的影响会很大。您认为哪些政策比较有效或者实施的可能性比较大？李宇嘉：住建部明确提出了进一步落实好降低购买首套住房首付比例和贷款利率、改善性住房换购税费减免、个人住房贷款“认房不用认贷”等政策措施。这些措施都是在降低住房消费的门槛和成本，以释放住房消费需求。我认为，“认房不用认贷”政策实施的概率是比较大的。“认房又认贷”政策是在房地产过热、加杠杆炒房比较严重的阶段执行的，确实起到了抑制投机炒房的作用。但是在目前投资需求退出的情况下，这个政策确实应该调整，特别是在一线城市。一线城市的新市民、年轻人、外来人口集中，他们的买房意愿是比较强的。在上一轮楼市回升时，他们在一线城市买不起房，而当时二三线城市正在进行大规模的棚改，住房需求也很活跃，很多人就在那里买了，也贷了款。由于有贷款记录，现在他们想要在一线城市买房，只能适用于二套或者准二套的政策。所谓准二套就是，比购买第一套住房的首付比例要高，比完全二套的首付比例要低。比如在广州要付的首付，深圳要付的首付，北京要付的首付，这个比例确实比较高，可以向下调整。另外，还有可能出台一些降低交易成本的政策，比如说现在网上讨论度很高的“二手房交易的增值税免征期从年调回年”，这样可以降低房屋循环流通的成本。除此之外，利率下调之后，未来按揭利率可能还存在进一步下调的可能性。对于部分非热点城市，未来首付比例可能会降到两成。观察者网：最近的这些表态和政策是否能改善当下房地产持续低沉的市场情绪？会有更多居民选择买刚需或者改善性住房吗？李宇嘉：这些政策对于缓解房地产市场低迷是有帮助的，但是并不能从总体上扭转房地产市场低迷和下行的态势。最主要的原因是居民目前对于房地产市场的预期、对于收入和就业的预期发生了很大的逆转。尽管许多热点城市的房价已经跌了一年多了，但是整体住房价格还处在历史高位。刚刚我们提到的一些政策确实可以降低居民的购房门槛，但是无论是对刚需型还是改善型的购房者来说，购买新住房都会增加月供。这实际上是一种负担的增加，因此只有当购房者对收入和就业预期、对房地产的预期好转时，才会在政策利好下决定买房。如果没有好转，他们一定会很谨慎。我认为，最关键的是要扭转目前租房住房供求不匹配，也就是要“适应我国房地产市场供求关系发生重大变化的新形势”。住房需求主体应该是新市民、年轻人，外来人口，以及中产人群的换房。前面一部分是刚需，后面一部分是改善。目前对于刚需来说，除了需要低成本、低门槛买房之外，更重要的是要构建租购并举的住房消费模式。近年来尽管租房发展比较快，但是租赁供应同商品房供应相比，在公共服务享有、租购同权、房源的供应区位等方面做得还远远不够，未来需要加大这个方面的住房供给侧结构性改革力度。正如国务院转发发改委关于恢复和扩大消费措施的通知当中提到的，要把实施扩大内需战略同深化供给侧结构性改革有机结合起来，增强供给结构对需求变化的适应性和灵活性。以更好的供应去适应需求，而不是一味的刺激需求，掏空钱包来买房消费。而且上述文件中还提到“优化就业、收入分配和消费全链条良性循环促进机制”。也就是说，有了就业才有收入，有了收入才有消费，有了消费能力才会改善居住，才会买像住房这种高总价的消费品。我觉得供给侧改革才是解决住房供应最根本的路径，只有这样才能扭转目前供需不匹配的现状，才能够把消费能力提升起来。观察者网：在贷款利率方面，在月年期以上下降的带动下，我国房贷利率水平随之下降。但是现在大家关注度比较高的是存量贷款利率。中国人民银行货币政策司司长邹澜上月在记者会上表示，“按照市场化、法治化原则，我们支持和鼓励商业银行与借款人自主协商变更合同约定，或者是新发放贷款置换原来的存量贷款。”对此您怎么看？李宇嘉：个人住房贷款余额增速已经连续两个季度回落，标志着房贷的增量时代过去了，进入了存量时代。“资产越来越荒”的经营环境下，房贷还是优质资产，银行会乐于“抢”这样的资产。“抢”这一资产有两种方式，一是留住自己的客户，二是争夺别人的客户。为了留住自己的客户，银行需要通过下调利率，避免客户流向其他按揭利率较低的银行，兴业银行广州分行就是这么做的，该行针对存量按揭客户给予年期的利率优惠券。而为了“抢”来别人的客户，银行可以通过更低利率吸引其他行客户来办理“转按揭”，以置换旧的贷款。银行是市场化导向的机构，当按揭从卖方市场进入买方市场，从增量市场进入存量市场，银行的经营行为，也必然跟着转变。以低利率获得客户，是未来每一家银行最基础的营销手段。观察者网：从去年下半年开始了一股“提前还贷潮”，您认为原因是什么？现在房地产利好政策不断，接下来是否会扭转这种现象？李宇嘉：“提前还贷潮”是无可避免的，贷款利率高只是原因之一，最根本、最主要的原因还是房价下跌。之前大家之所以不惜承担比一般风险收益率或者存款利率都要高的利息去买房，就是看重房价会上涨，认为房价上涨的收益远比贷款的利息要高。现在房价下跌，购房者每个月还是和之前一样还月供，但持有的是一项价格下跌资产，这个是不划算的，所以很多人会提前还贷。原来加杠杆买房是因为房价涨的预期，现在去杠杆是因为房价跌的预期。因此，存量房贷利率下调可以缓解提前还贷的斜率，但是扭转不了提前还贷的趋势。观察者网：您觉得房地产在稳经济的过程中应该发挥怎样的作用？李宇嘉：房地产是国民经济的支柱产业，稳经济必须要稳地产，稳地产有助于稳经济。目前在稳经济的过程中，国家强调要充分发挥消费对经济发展的基础性作用。因此，未来会注重盘活存量房，包括城市改造、老旧小区改造、农村危房改造、公共配套服务补短板、鼓励居民二次装修、鼓励存量盘活后搞租赁等等。盘活存量将推动装饰装修、家具家电的消费，在学校、医院、公园等配套设施上补短板。另外，还可以围绕社区公共设施和公共服务，包括养老、托幼、助残、助学等，最大规模地带动以社区生活圈为主要载体的房屋和居住消费。这些对经济的拉动作用可能不如原来的投资，但是它更可持续、更健康，也更能带动就业和消费，我觉得这些才是房地产作为国民经济支柱产业的最根本的体现。观察者网：一季度在前期积压需求释放、政策显效等因素作用下，房地产市场活跃度回升，热点城市房地产市场出现“小阳春”行情。但二季度由于前期积压的需求释放完毕，市场明显降温。在当下各地不断优化房地产调控政策的背景下，您认为下半年房地产市场走势如何？李宇嘉：我认为，下半年肯定会比二季度好，但是第三或第四季度可能都不如一季度，今年整体来看应该比去年要好。去年（房地产规模）是近年来的最低值，这种快速的下行当然不可取，但是房地产不太可能回到过去几年的高速增长态势。刚刚我们讲到了房地产的存量盘活，接下来它对经济和就业的作用会很明显得体现出来。这就是房地产的新模式。,1.0,------
中国人民银行国家金融监督管理总局关于调整优化差别化住房信贷政策的通知中国人民银行上海总部，各省、自治区、直辖市、计划单列市分行；国家金融监督管理总局各监管局；各国有商业银行，中国邮政储蓄银行，各股份制商业银行：为落实党中央、国务院决策部署，坚持房子是用来住的、不是用来炒的定位，适应我国房地产市场供求关系发生重大变化的新形势，更好满足刚性和改善性住房需求，促进房地产市场平稳健康发展，中国人民银行、国家金融监督管理总局决定调整优化差别化住房信贷政策。现就有关事项通知如下：一、对于贷款购买商品住房的居民家庭，首套住房商业性个人住房贷款最低首付款比例统一为不低于，二套住房商业性个人住房贷款最低首付款比例统一为不低于。二、首套住房商业性个人住房贷款利率政策下限按现行规定执行，二套住房商业性个人住房贷款利率政策下限调整为不低于相应期限贷款市场报价利率加个基点。三、中国人民银行、国家金融监督管理总局各派出机构按照因城施策原则，指导各省级市场利率定价自律机制，根据辖区内各城市房地产市场形势及当地政府调控要求，自主确定辖区内各城市首套和二套住房商业性个人住房贷款最低首付款比例和利率下限。四、银行业金融机构应根据各省级市场利率定价自律机制确定的最低首付款比例和利率下限，结合本机构经营状况、客户风险状况等因素，合理确定每笔贷款的具体首付款比例和利率水平。中国人民银行国家金融监督管理总局年月日中国人民银行国家金融监督管理总局关于降低存量首套住房贷款利率有关事项的通知中国人民银行上海总部，各省、自治区、直辖市、计划单列市分行；国家金融监督管理总局各监管局；各国有商业银行，中国邮政储蓄银行，各股份制商业银行：为落实党中央、国务院决策部署，坚持房子是用来住的、不是用来炒的定位，引导商业性个人住房贷款借贷双方有序调整优化资产负债，规范住房信贷市场秩序，现就降低存量首套住房商业性个人住房贷款利率有关事项通知如下：一、存量首套住房商业性个人住房贷款，是指年月日前金融机构已发放的和已签订合同但未发放的首套住房商业性个人住房贷款，或借款人实际住房情况符合所在城市首套住房标准的其他存量住房商业性个人住房贷款。二、自年月日起，存量首套住房商业性个人住房贷款的借款人可向承贷金融机构提出申请，由该金融机构新发放贷款置换存量首套住房商业性个人住房贷款。新发放贷款的利率水平由金融机构与借款人自主协商确定，但在贷款市场报价利率（）上的加点幅度，不得低于原贷款发放时所在城市首套住房商业性个人住房贷款利率政策下限。新发放的贷款只能用于偿还存量首套住房商业性个人住房贷款，仍纳入商业性个人住房贷款管理。三、自年月日起，存量首套住房商业性个人住房贷款的借款人亦可向承贷金融机构提出申请，协商变更合同约定的利率水平，变更后的贷款合同利率水平应符合本通知第二条的规定。四、金融机构应严格落实相关监管要求，对借款人申请经营性贷款和个人消费贷款等贷款的用途进行穿透式、实质性审核，并明确提示风险。对存在协助借款人利用经营性贷款和个人消费贷款等违规置换存量商业性个人住房贷款行为的中介机构一律不得进行合作，并严肃处理存在上述行为的内部人员。五、各金融机构要抓紧制定具体操作细则，做好组织实施，提高服务水平，及时响应借款人申请，尽可能采取便捷措施，降低借款人操作成本，确保本通知有关要求落实到位。六、中国人民银行和金融监管总局各分支机构要将本通知立即转发辖内地方法人金融机构，督促贯彻执行，有效维护市场秩序。本通知自年月日起实施。此前相关规定与本通知不一致的，以本通知为准。中国人民银行国家金融监督管理总局年月日中国人民银行、国家金融监督管理总局有关负责人就调整优化住房信贷政策有关问题答记者问中国人民银行、金融监管总局月日联合发布《关于调整优化差别化住房信贷政策的通知》和《关于降低存量首套住房贷款利率有关事项的通知》。有关负责同志就政策调整回答了记者提问。问：差别化住房信贷政策调整优化的背景是什么？答：月日中央政治局会议明确，适应我国房地产市场供求关系发生重大变化的新形势，适时调整优化房地产政策，因城施策用好政策工具箱。月日国务院常务会议提出，根据不同需求、不同城市等推出有利于房地产市场平稳健康发展的政策举措，加快研究构建房地产业新发展模式。为贯彻落实党中央、国务院决策部署，中国人民银行、金融监管总局发布通知，对现行差别化住房信贷政策进行了调整优化，支持各地因城施策用好政策工具箱，引导个人住房贷款实际首付比例和利率下行，更好满足刚性和改善性住房需求。问：此次差别化住房信贷政策调整优化的重点是什么？答：一是统一全国商业性个人住房贷款最低首付款比例政策下限。不再区分实施“限购”城市和不实施“限购”城市，首套住房和二套住房商业性个人住房贷款最低首付款比例政策下限统一为不低于和。二是将二套住房利率政策下限调整为不低于相应期限贷款市场报价利率（）加个基点。首套住房利率政策下限仍为不低于相应期限减个基点。各地可按照因城施策原则，根据当地房地产市场形势和调控需要，自主确定辖区内首套和二套住房最低首付款比例和利率下限。问：为什么要降低存量首套住房贷款利率？答：近年来我国房地产市场供求关系发生了重大变化，借款人和银行对于有序调整优化资产负债均有诉求。存量住房贷款利率的下降，对借款人来说，可节约利息支出，有利于扩大消费和投资。对银行来说，可有效减少提前还贷现象，减轻对银行利息收入的影响。同时，还可压缩违规使用经营贷、消费贷置换存量住房贷款的空间，减少风险隐患。为更好适应上述新形势，中国人民银行、金融监管总局明确按照市场化、法治化原则，支持鼓励银行与借款人协商调整存量首套住房贷款利率。问：哪些存量首套住房贷款可以申请降低利率？如何申请？答：符合条件的存量首套住房贷款是指，年月日前金融机构已发放，已签订合同但未发放的，以及借款人实际住房情况符合所在城市首套住房标准的存量住房商业性个人住房贷款。对于符合条件的存量住房贷款，自年月日起，可由借款人主动向承贷银行提出申请，也鼓励银行以发布公告、批量办理等方式，为借款人提供更为便利的服务。调整方式上，既可以变更合同约定的住房贷款利率加点幅度，也可以由银行新发放贷款置换存量贷款。具体利率调整幅度由借贷双方协商确定，但调整后的利率，不能低于原贷款发放时所在城市的首套住房贷款利率政策下限。新发放贷款只能用于偿还存量贷款，仍纳入商业性个人住房贷款管理。中国人民银行、金融监管总局将密切关注市场动态，引导银行与客户遵循市场化、法治化原则进行自主协商，有序降低存量住房贷款利率，维护好市场竞争秩序。,0.0247206913144333,2023-08-01 21:41:23
金融权重股（保险，银行，地产，证券等）弱势的原因：继月后，贷款市场报价利率（）再度迎来下调，但年期以上品种按兵不动超乎市场预期。中国人民银行授权全国银行间同业拆借中心公布，年月日贷款市场报价利率（）为：年期为，下调个基点，年期以上为，按兵不动。由于是在中期借贷便利（）利率基础上加点形成，在月日利率下调个基点的背景下，市场对月调降已基本形成共识，但年期以上按兵不动超乎市场预期。,0.1796699222384195,2023-08-21 22:11:20
房产资讯央行公布月：年期降个基点福州首套房的贷款利率历史新低月日，中国人民银行授权全国银行间同业拆借中心公布，年月日贷款市场报价利率（）为：年期为，年期以上为。据悉，上次年期为，年期以上为。就在一周前，月日，央行公布了最新一轮的和逆回购操作情况，降息个基点。目前，福州各大银行首套房的贷款利率基本为，即在基础上下调个基点，二套房贷利率为，都已经创历史新低。本次下调个基点，房贷利率很大概率将再次下调，届时，福州首套房的贷款利率也有望下调至，再度刷新历史新低。福州身边事福州,0.0157795409981573,2023-08-23 11:53:21
中国人民银行授权全国银行间同业拆借中心公布，年月日贷款市场报价利率（）为：年期为，年期以上为。以上在下一次发布之前有效。月是来自本专业的抱怨，算利息嘛没几个钱，却算的很烦,-0.3268750457355022,------
年月日贷款市场报价利率（）为：年期为，降低；年期以上为。年期利率罕见的没有跟进降息，这说明存量房贷利率真的要降了应该是昨天商量好了，用保来对冲存量房贷利率下调的损失。昨天的周末开会后喊话，就是为了让咱们今天别失望。,-0.0586655341378883,2023-08-21 10:35:23
年期下调中国人民银行授权全国银行间同业拆借中心公布，年月日贷款市场报价利率（）为：年期贷款市场报价利率（）报，上月为。年期以上报，上月为。以上在下一次发布之前有效。大河财立方的微博视频,-0.0060894670237845,2023-08-21 10:10:10
月不对称降息厦门首套房贷利率维持刚刚，央行公布新一轮报价：年期市场报价利率为，下降个基点，年期维持在。中国人民银行授权全国银行间同业拆借中心公布，年月日贷款市场报价利率（）为：年期为，年期以上为。以上在下一次发布展开,-0.0145827477190053,2023-08-21 10:11:34
月报价出炉中国人民银行授权全国银行间同业拆借中心公布，年月日贷款市场报价利率（）为：年期为，年期以上为。以上在下一次发布之前有效。月一年期下调个基点,-0.0250304113950651,------
月日发布来了来了，稳中有降稳：年期没变，跟、、月持平降：年期下降个基点月：年月日贷款市场报价利率（）为：年期为，年期以上为。月：年月日贷款市场报价利率（）为：年期为，年期以上为。月：年月日贷款市场报价利率（）为：年期为，年期以上为。月：年月日贷款市场报价利率（）为：年期为，年期以上为。散了散了，雷声大，雨点小,-0.05804159229371,2023-08-21 13:35:57
记录生活中国人民银行授权全国银行间同业拆借中心公布，年月日贷款市场报价利率（）为：年期为，年期以上为。以上在下一次发布之前有效。,0.0260579357259509,2023-08-21 14:06:44
央行降息了月年期下调个基点年期以上不变月日，中国人民银行授权全国银行间同业拆借中心公布，年月日贷款市场报价利率（）为：年期为，年期以上为。以上在下一次发布之前有效。年期贷款市场报价利率（）报，上月为，相较上月下降；年期以上报，上月为，与上月持平。深圳楼市楼市重磅,-0.0031185427707335,2023-08-21 12:04:25
月报价出炉：年期为，年期以上为中国人民银行授权全国银行间同业拆借中心公布，年月日贷款市场报价利率（）为：年期为，年期以上为。来源：央广网,0.0145883198200405,2023-08-21 14:49:40
一年期下调个基点意味着什么一年期下调个基点中国人民银行授权全国银行间同业拆借中心公布，年月日贷款市场报价利率（）为：年期为，年期以上为。以上在下一次发布之前有效。,-0.0828061478253895,------
年月日贷款市场报价利率（）中国人民银行授权全国银行间同业拆借中心公布，年月日贷款市场报价利率（）为：年期为，年期以上为。以上在下一次发布之前有效。,-1.0,2023-08-21 09:56:24
月报价出炉月一年期下调个基点中国人民银行授权全国银行间同业拆借中心公布，年月日贷款市场报价利率（）为：年期为，年期以上为。以上在下一次发布之前有效。一年期下调个基点,-0.3117561371223434,2023-08-21 13:12:47
重庆市市长：要紧盯“金九银十”，有利于房地产市场的相关政策能出尽出、应出早出重庆市长是个明白人,0.9618667944666838,2023-08-22 11:42:19
重庆市市长胡衡华强调，要紧盯“金九银十”，进一步聚焦问题、攻坚克难，有力有效推进各项工作。要着力解决政策问题，研究落实好有利于房地产市场平稳健康发展的政策举措，相关政策能出尽出、应出早出。,-0.1734338110002531,2023-08-23 18:45:37
盘前打卡星期二隔夜美股大涨，今天股怎么走？周一沪深两市全天低开低走，两市共计成交亿元，较上个交易日缩量亿元。算力租赁、环保、燃气、次新股等板块涨幅居前，证券、医药商业、物流、机场等板块跌幅居前。北向资金月日净卖出亿元。隔夜美股涨跌互现，道指跌，纳指涨。、大力发展数字经济核心产业加快推动产业数字化转型；、央视：频繁上演的“抹黑小作文”扰乱资本市场正常秩序投资一定擦亮双眼；、网传“高盛（中国）办公室所有人被带走”北京、上海办事处双双回应：正常营业；、重庆：要紧盯“金九银十”有利于房地产市场的相关政策能出尽出、应出早出；、三部门：合理增加对消费者购买汽车、家电、家居等产品的消费信贷支持持续优化利率和费用水平；、海关总署发布《关于防止猴痘疫情传入我国的公告；、财政部：月证券交易印花税亿元同比下降；、家头部券商、基金开启“自购潮”，合计出资超亿元。技术上，上证指数延续调整走势收阴线，指数重心继续下移。从均线系统看，日、日等多条均线呈现下行趋势，耐心等待指数企稳。月以来随美元指数上行，人民币汇率出现持续贬值现象，北向资金连续日减仓外流对市场造成一定压力。另一方面，投资者在政策预期与现实经济之间仍存在较大分歧，场外资金观望情绪较浓。而面对当前偏弱环境，管理层维护市场态度较为积极。家头部券商、基金开启“自购潮”，合计出资超亿元。此外、再融资都有放缓迹象，叠加多家上市公司推出回购计划。整体认为当下股市场估值处于历史偏低水平，政策升温期机会大于风险，耐心等待积极因素从量变到质变对市场产生实质性利好，底部区域不宜过度悲观。一旦压制市场的主要因素出现边际改善，市场随时可能触底反弹。配置上重点关注，一是与经济修复相关度较高的汽车、食品饮料、消费医疗；二是关注科技产业，自主可控领域建议持续关注信创、国产化的催化；三是“中特估”主题投资下受一带一路带动的央国企机会；四是全球半导体周期接近见底自主可控逻辑下，看好半导体产业链机会。哈莉财经以上分析仅供参考，投资有风险入市需谨慎。基金超话,0.0357590547230764,2023-08-22 12:23:33
月日盘前阅读：盘前财经要闻：国内：万亿级市场利好商务部重磅发声，加快出台服务贸易相关政策举措，推动出台关于数字贸易改革创新发展的政策性文件大力发展数字经济核心产业加快推动产业数字化转型数据资产入表正式落地将开启数据要素产业化大时代数据：降低“印花税”呼展开,0.8473884690134706,2023-08-23 07:00:00
重庆市市长：要紧盯“金九银十”，有利于房地产市场的相关政策能出尽出、应出早出财联社新闻的微博视频,-0.4644526842729241,2023-08-22 10:09:34
重庆市市长要紧盯“金九银十”有利于房地产市场的相关政策能出尽出、应出早出,0.0147146803207588,2023-08-22 14:29:05
要紧盯“金九银十”，进一步聚焦问题、攻坚克难，有力有效推进各项工作。要着力解决政策问题，研究落实好有利于房地产市场平稳健康发展的政策举措，相关政策能出尽出、应出早出,-0.2020646562175788,2023-08-22 09:46:43
重庆市市长：有利于房地产市场相关政策能出尽出应出早出大家耐心等待吧，最近消息频出。显然不是买房的好时间。兰州楼市,0.0056872583550309,2023-08-23 15:55:53
重庆市市长：要紧盯“金九银十”，有利于房地产市场的相关政策能出尽出、应出早出财联社财联社新闻的微博视频,0.0313208681205072,2023-08-23 08:39:28
重庆市长：要紧盯“金九银十”有利于房地产市场的相关政策能出尽出、应出早出重庆市长称房地产要紧盯金九银十月日，重庆市召开推动城市建设和房地产发展工作专题会议。重庆市市长胡衡华强调，要紧盯“金九银十”，进一步聚焦问题、攻坚克难，有力有效推进各项工作。要着力解决政策问题，研究落实好有利于房地产市场平稳健康发展的政策举措，相关政策能出尽出、应出早出。要着力解决房地产项目配套设施问题，加快推进前期工作，尽快启动建设。要着力解决保交楼和“两久”“两改”项目等资金问题，抓好向上争取和内部挖潜，多渠道筹集资金。要主动跨前一步，进一步压实责任、凝聚合力，打破思维定势，大力提升效能，做好政策宣传解读，着力引导预期、提振信心，形成良好的政策环境和舆论氛围。财联社,0.0087375236857766,2023-08-31 11:57:26
必须出重拳出猛拳才能巩固企稳回升零利率零首付开搞重庆市市长表示利于房地产政策能出尽出重庆市市长：要紧盯“金九银十”有利于房地产市场的相关政策能出尽出、应出早出重庆市召开推动城市建设和房地产发展工作专题会议。重庆市市长胡衡华强调，要紧盯“金九银十”，进一步聚焦问题、攻坚克难，有力有效推进各项工作。要着力解决政策问题，研究落实好有利于房地产市场平稳健康发展的政策举措，相关政策能出尽出、应出早出。要着力解决房地产项目配套设施问题，加快推进前期工作，尽快启动建设。,-1.0,2023-08-31 09:25:43
重庆市市长：要紧盯“金九银十”有利于房地产市场的相关政策能出尽出、应出早出财联社月日电，重庆市召开推动城市建设和房地产发展工作专题会议。重庆市市长胡衡华强调，要紧盯“金九银十”，进一步聚焦问题、攻坚克难，有力有效推进各项工作。要着力解决政策问题，研究落实好有利于房地产市场平稳健康发展的政策举措，相关政策能出尽出、应出早出。要着力解决房地产项目配套设施问题，加快推进前期工作，尽快启动建设。要着力解决保交楼和“两久”“两改”项目等资金问题，抓好向上争取和内部挖潜，多渠道筹集资金。要主动跨前一步，进一步压实责任、凝聚合力，打破思维定势，大力提升效能，做好政策宣传解读，着力引导预期、提振信心，形成良好的政策环境和舆论氛围。,0.5565430245708308,2023-08-26 15:23:03
清检分享三部门推动落实首套房贷款认房不认贷近日住房城乡建设部、中国人民银行、金融监管总局联合印发了《关于优化个人住房贷款中住房套数认定标准的通知》，推动落实购买首套房贷款“认房不用认贷”政策措施。通知明确，居民家庭（包括借款人、配偶及未成年子女）申请贷款购买商品住房时，家庭成员在当地名下无成套住房的，不论是否已利用贷款购买过住房，银行业金融机构均按首套住房执行住房信贷政策。此项政策作为政策工具，纳入“一城一策”工具箱，供城市自主选用。据住房城乡建设部有关负责同志介绍，此项政策将使更多购房人能够享受首套房贷款的首付比例和利率优惠，有助于降低居民购房成本，更好满足刚性和改善性住房需求。首套房贷款认房不认贷网页链接,0.0,2023-08-27 18:00:18
三部门印发通知推动释放购房需求“认房不认贷”是否会在广东落地？近日，住房城乡建设部、中国人民银行、金融监管总局联合印发了《关于优化个人住房贷款中住房套数认定标准的通知》，推动落实购买首套房贷款“认房不认贷”政策措施。这一政策能释放多大购房需求？在广东会如何落地？记者采访了相关人士。《通知》明确，居民家庭（包括借款人、配偶及未成年子女）申请贷款购买商品住房时，家庭成员在当地名下无成套住房的，不论是否已利用贷款购买过住房，银行业金融机构均按首套住房执行住房信贷政策。如果执行“认房不认贷”政策，只要所在城市无房，即便有贷款（记录或在偿）也可以首套房身份买房；并且此次政策提出将“以家庭为单位”来认定首套房产，调整到“家庭成员为单位”，意味着可以释放出更多的需求。那么接下来在广东，尤其是广州、深圳等地是否会落地“认房不认贷”措施呢？目前，房地产政策是“一城一策”，此次住建部的表述为：此项政策作为政策工具，纳入“一城一策”工具箱，供城市自主选用。因此，具体是否实行“认房不认贷”，要由各个城市决定。目前，广州市住房和城乡建设局官网暂未公布相关政策。也有专家表示，当前“房住不炒”仍是主基调，对于一线热门城市，特别是涉及二套房的政策，要看各城市的具体情况。广东新闻联播的微博视频,-0.2265222010718378,2023-08-28 08:54:17
三部门推动落实首套房贷款认房不认贷近日住房城乡建设部、中国人民银行、金融监管总局联合印发了《关于优化个人住房贷款中住房套数认定标准的通知》，推动落实购买首套房贷款“认房不用认贷”政策措施。通知明确，居民家庭（包括借款人、配偶及未成年子女）申请贷款购买商品住房时，家庭成员在当地名下无成套住房的，不论是否已利用贷款购买过住房，银行业金融机构均按首套住房执行住房信贷政策。此项政策作为政策工具，纳入“一城一策”工具箱，供城市自主选用。据住房城乡建设部有关负责同志介绍，此项政策将使更多购房人能够享受首套房贷款的首付比例和利率优惠，有助于降低居民购房成本，更好满足刚性和改善性住房需求。首套房贷款认房不认贷网页链接,0.0295493066930979,------
深圳无房有贷购房者首付或降至近日，住房城乡建设部、中国人民银行、金融监管总局联合印发了《关于优化个人住房贷款中住房套数认定标准的通知》，推动落实购买首套房贷款“认房不用认贷”政策措施。通知明确，居民家庭（包括借款人、配偶及未成年子女）申请贷款购买商品住房时，家庭成员在展开,-0.0582283571339983,2023-08-26 23:04:50
推动落实买首套房贷款认房不用认贷近日，住房城乡建设部、中国人民银行、金融监管总局联合印发了《关于优化个人住房贷款中住房套数认定标准的通知》，推动落实购买首套房贷款“认房不用认贷”政策措施。通知明确，居民家庭（包括借款人、配偶及未成年子女）申请贷款购买商品住房时，家庭成员在当地名下无成套住房的，不论是否已利用贷款购买过住房，银行业金融机构均按首套住房执行住房信贷政策。此项政策作为政策工具，纳入“一城一策”工具箱，供城市自主选用。新华社央视新闻出彩焦作向未来行走怀川纷享焦作央视新闻的微博视频,0.0271626073508489,2023-08-26 22:44:41
三部门推动落实首套房贷款认房不认贷近日住房城乡建设部、中国人民银行、金融监管总局联合印发了《关于优化个人住房贷款中住房套数认定标准的通知》，推动落实购买首套房贷款“认房不用认贷”政策措施。通知明确，居民家庭（包括借款人、配偶及未成年子女）申请贷款购买商品住房时，家庭成员在展开,0.0051073126534792,2023-08-26 23:19:17
关于贷款套数认定、个税退税优惠，这些重磅购房政策明确日从住房和城乡建设部获悉，近日住房城乡建设部、中国人民银行、金融监管总局联合印发了《关于优化个人住房贷款中住房套数认定标准的通知》，推动落实购买首套房贷款“认房不用认贷”政策措施。通知明确，居民家庭（包括借款人、配偶及未成年子女）申请贷款购买商品住房时，家庭成员在当地名下无成套住房的，不论是否已利用贷款购买过住房，银行业金融机构均按首套住房执行住房信贷政策。此项政策作为政策工具，纳入“一城一策”工具箱，供城市自主选用。据住房城乡建设部有关负责同志介绍，此项政策将使更多购房人能够享受首套房贷款的首付比例和利率优惠，有助于降低居民购房成本，更好满足刚性和改善性住房需求。三部门：延续实施支持居民换购住房有关个人所得财政部、税务总局、住房城乡建设部发布《关于延续实施支持居民换购住房有关个人所得税政策的公告》。自年月日至年月日，对出售自有住房并在现住房出售后年内在市场重新购买住房的纳税人，对其出售现住房已缴纳的个人所得税予以退税优惠。其中，新购住房金额大于或等于现住房转让金额的，全部退还已缴纳的个人所得税；新购住房金额小于现住房转让金额的，按新购住房金额占现住房转让金额的比例退还出售现住房已缴纳的个人所得税。本公告所称现住房转让金额为该房屋转让的市场成交价格。新购住房为新房的，购房金额为纳税人在住房城乡建设部门网签备案的购房合同中注明的成交价格；新购住房为二手房的，购房金额为房屋的成交价格。来源：新华社、央视新闻客户端,1.0,2023-08-28 07:26:13
三部门推动落实首套房认房不认贷相比之前的认房又认贷，住房城乡建设部、中国人民银行、金融监管总局近期联合印发的《关于优化个人住房贷款中住房套数认定标准的通知》，未来的政策是认房不认贷。我以为，这种改变在很大程度上体现出在坚持房住不炒的同时，对住房刚需以及改善性住房需求的保障力度增强。一方面，认房就是为了防止炒作，落实房住不炒，避免个别人占用过多住房。另一方面，不认贷意味着只要是为了满足合理的住房需求，至少从房贷上不再是一个硬杠杠。在当下，要稳定房价，促进房地产行业健康发展，三部委出台这个通知是十分必要的，是非常及时的，但还需要有后续配套动作跟进。,-0.0073398633281021,2023-08-27 10:07:01
深圳无房有贷购房者首付或降至近日，住房城乡建设部、中国人民银行、金融监管总局联合印发了《关于优化个人住房贷款中住房套数认定标准的通知》，推动落实购买首套房贷款“认房不用认贷”政策措施。通知明确，居民家庭（包括借款人、配偶及未成年子女）申请贷款购买商品住房时，家庭成员在当地名下无成套住房的，不论是否已利用贷款购买过住房，银行业金融机构均按首套住房执行住房信贷政策。此项政策作为政策工具，纳入“一城一策”工具箱，供城市自主选用。目前，深圳无房有贷户首付为，若实行“认房不认贷”政策，那么符合条件的购房者首付成本将降至。详情戳深圳无房有贷购房者首付或降至,-0.2740121034229416,2023-08-27 01:25:45
住建部、央行、金融监管总局发布《关于优化个人住房贷款中住房套数认定标准的通知》，推动落实购买首套房贷款“认房不用认贷”政策措施。居民家庭（包括借款人、配偶及未成年子女）申请贷款购买商品住房时，家庭成员在当地名下无成套住房的，不论是否已利用贷款购买过住房，银行业金融机构均按首套住房执行住房信贷政策。此项政策作为政策工具，纳入“一城一策”工具箱，供城市自主选用。,0.0223889938239382,2023-08-27 01:19:38
重磅首套房贷款“认房不用认贷”三部门推动落实购买首套房贷款“认房不用认贷”政策措施记者日从住房和城乡建设部获悉，近日住房城乡建设部、中国人民银行、金融监管总局联合印发了《关于优化个人住房贷款中住房套数认定标准的通知》，推动落实购买首套房贷款“认房不用认贷”政策措施。通知明确，居民家庭（包括借款人、配偶及未成年子女）申请贷款购买商品住房时，家庭成员在当地名下无成套住房的，不论是否已利用贷款购买过住房，银行业金融机构均按首套住房执行住房信贷政策。此项政策作为政策工具，纳入“一城一策”工具箱，供城市自主选用。据住房城乡建设部有关负责同志介绍，此项政策将使更多购房人能够享受首套房贷款的首付比例和利率优惠，有助于降低居民购房成本，更好满足刚性和改善性住房需求。来源：新华社山东潍坊坊子融媒：杨敏彭海程,0.0883032010199607,2023-08-27 06:37:20
重磅三部门发文推动首套房“认房不用认贷”记者月日从住房和城乡建设部获悉，近日住房城乡建设部、中国人民银行、金融监管总局联合印发了《关于优化个人住房贷款中住房套数认定标准的通知》，推动落实购买首套房贷款“认房不用认贷”政策措施。通知明确，居民家庭（包括借款人、配偶及未成年展开,0.3487619828612237,2023-08-27 07:18:36
全文《关于优化个人住房贷款中住房套数认定标准的通知》住房城乡建设部中国人民银行金融监管总局关于优化个人住房贷款中住房套数认定标准的通知建房号各省、自治区、直辖市住房城乡建设厅（委、管委），新疆生产建设兵团住房城乡建设局，中国人民银行上海总部、各省、自治区、直辖市、计划单列市分行，各金融监管局，各国有商业银行、中国邮政储蓄银行、各股份制商业银行：为贯彻落实党中央、国务院决策部署，坚持房子是用来住的、不是用来炒的定位，因城施策用好政策工具箱，优化个人住房贷款中住房套数认定标准，更好满足居民刚性和改善性住房需求，现就有关事项通知如下：一、居民家庭（包括借款人、配偶及未成年子女，下同）申请贷款购买商品住房时，家庭成员在当地名下无成套住房的，不论是否已利用贷款购买过住房，银行业金融机构均按首套住房执行住房信贷政策。二、家庭住房套数由城市政府指定的住房套数查询或认定责任部门，根据居民家庭申请或授权，提供查询服务并出具查询结果或认定证明。三、此项政策作为政策工具，纳入“一城一策”工具箱。《住房城乡建设部中国人民银行中国银行业监督管理委员会关于规范商业性个人住房贷款中第二套住房认定标准的通知》（建房号）、《中国人民银行中国银行业监督管理委员会关于进一步做好住房金融服务工作的通知》（银发号）与本通知不一致的，以本通知为准。住房城乡建设部中国人民银行金融监管总局年月日,-0.0647156847723643,2023-08-27 07:17:19
认房不认贷谁将受益？专家解读专家解读认房不认贷政策近日住房城乡建设部、中国人民银行、金融监管总局联合印发了《关于优化个人住房贷款中住房套数认定标准的通知》，推动落实购买首套房贷款“认房不用认贷”政策措施。易居研究院研究总监严跃进表示，若是执行“认房又认贷”政策，部分有过贷款记录的购房者，其换房方面可能会被认定为二套房，进而导致认购首付比例和利率明显偏高，导致购房成本加大。而按照“认房不认贷”政策，只要名下无房，那就可以按首套房进行认定。这就使得一些有过贷款记录的购房者，也可以享受到首套房的标准，即使得购房的成本快速降低。中新经纬“认房不认贷”来了，谁将受益？专家解读查看图片,0.8503329903681993,2023-08-26 21:43:26
个人住房贷款认房不认贷楼市楼市超话三部门推动落实首套房贷款“认房不用认贷”近日，住房城乡建设部、中国人民银行、金融监管总局联合印发了《关于优化个人住房贷款中住房套数认定标准的通知》，推动落实购买首套房贷款“认房不用认贷”政策措施。笔者观点，会释放一定的需求，但目前楼市观望情绪极厚，刺激效果有待观察。,0.0333655638053269,2023-08-27 04:15:33
住建部等三部门印发通知，推动落实购买首套房贷款认房不认贷三部门推动落实首套房认房不用认贷近日住房城乡建设部、中国人民银行、金融监管总局联合印发了《关于优化个人住房贷款中住房套数认定标准的通知》，推动落实购买首套房贷款“认房不用认贷”政策措施。通知明确，居民家庭（包括借款人、配偶及未成年子女）申请贷款购买商品住房时，家庭成员在当地名下无成套住房的，不论是否已利用贷款购买过住房，银行业金融机构均按首套住房执行住房信贷政策。此项政策作为政策工具，纳入“一城一策”工具箱，供城市自主选用。,-0.08251334230411,------
三部门明确首套房贷款“认房不用认贷”记者日从住房和城乡建设部获悉，近日住房城乡建设部、中国人民银行、金融监管总局联合印发了《关于优化个人住房贷款中住房套数认定标准的通知》，推动落实购买首套房贷款“认房不用认贷”政策措施。通知明确，居民家庭（包括借款人、配偶及未成年子女）申请贷款购买商品住房时，家庭成员在当地名下无成套住房的，不论是否已利用贷款购买过住房，银行业金融机构均按首套住房执行住房信贷政策。此项政策作为政策工具，纳入“一城一策”工具箱，供城市自主选用。据住房城乡建设部有关负责同志介绍，此项政策将使更多购房人能够享受首套房贷款的首付比例和利率优惠，有助于降低居民购房成本，更好满足刚性和改善性住房需求。香港衛視的微博视频,0.02955157071229,2023-08-28 09:48:07
三部门推动购买首套房认房不认贷重磅三部门明确首套房贷款“认房不用认贷”近日住房城乡建设部、中国人民银行、金融监管总局联合印发了《关于优化个人住房贷款中住房套数认定标准的通知》，推动落实购买首套房贷款“认房不用认贷”政策措施。通知明确，居民家庭申请贷款购买商品住房时，家庭成员在当地名下无成套住房的，不论是否已利用贷款购买过住房，银行业金融机构均按首套住房执行住房信贷政策。据介绍，此项政策将使更多购房人能够享受首套房贷款的首付比例和利率优惠，有助于降低居民购房成本，更好满足刚性和改善性住房需求。派财经官微派财经官微的微博视频,-0.0071699875450843,------
三部门：推动落实买首套房贷款认房不用认贷近日住房城乡建设部、中国人民银行、金融监管总局联合印发了《关于优化个人住房贷款中住房套数认定标准的通知》，推动落实购买首套房贷款“认房不用认贷”政策措施。通知明确，居民家庭（包括借款人、配偶及未成年子女）申请贷款购买商品住房时，家庭成展开,-0.0186911204314558,2023-08-27 01:23:14
住房城乡建设部中国人民银行金融监管总局关于优化个人住房贷款中住房套数认定标准的通知,-0.1637589013028449,2023-08-26 17:24:01
三部门推动落实首套房贷款认房不认贷近日住房城乡建设部、中国人民银行、金融监管总局联合印发了《关于优化个人住房贷款中住房套数认定标准的通知》，推动落实购买首套房贷款“认房不用认贷”政策措施。通知明确，居民家庭（包括借款人、配偶及未成年子女）申请贷款购买商品住房时，家庭成员在当地名下无成套住房的，不论是否已利用贷款购买过住房，银行业金融机构均按首套住房执行住房信贷政策。此项政策作为政策工具，纳入“一城一策”工具箱，供城市自主选用。据住房城乡建设部有关负责同志介绍，此项政策将使更多购房人能够享受首套房贷款的首付比例和利率优惠，有助于降低居民购房成本，更好满足刚性和改善性住房需求。首套房贷款认房不认贷网页链接,0.0045071694772096,2023-08-28 09:48:07
这队的运营就没个正常人吗作为二娃人迷，我是百分百支持他离开这个队。他现在又不是七老八十踢不动了，去个能踢上比赛的球队，健健康康、快快乐乐过完职业生涯。有些人凭啥用道德绑架他，非要“一人一城”。现在职业生涯末期，他职业生涯早期和中期这队又有多少支持他炒了范加尔，海因克斯带回了高档，穆勒从十号位变成哪里需要哪里搬的人。俱乐部强行给瓜迪奥拉塞个格策，也是因为不肯为内马尔花钱内马尔要是来打的也是穆勒当时的位置。给安切洛蒂租来了罗，给科瓦奇租来了酷鸟，纳格尔斯曼扶正了穆夏拉，还有现在空降的秃鹤。除了弗里克，哪个教练来，不是先拿穆勒开刀这剧情一次次重复，穆勒不累，穆勒的球迷看都看累了。一面说穆勒不可或缺，一面对他的态度就是可有可无。别再说人家皇马没人情味，你拜仁又有多少人情味。大家好聚好散希望二娃别再愚忠了，这队不值得,0.0015617681459957,------
深圳无房有贷购房者首付或降至近日，住房城乡建设部、中国人民银行、金融监管总局联合印发了《关于优化个人住房贷款中住房套数认定标准的通知》，推动落实购买首套房贷款“认房不用认贷”政策措施。通知明确，居民家庭（包括借款人、配偶及未成年子女）申请贷款购买商品住房时，家庭成员在当地名下无成套住房的，不论是否已利用贷款购买过住房，银行业金融机构均按首套住房执行住房信贷政策。此项政策作为政策工具，纳入“一城一策”工具箱，供城市自主选用。目前，深圳无房有贷户首付为，若实行“认房不认贷”政策，那么符合条件的购房者首付成本将降至。,-0.0073351374743774,2023-08-26 19:03:06
凤检转播推动落实购买首套房贷款认房不用认贷近日，住房城乡建设部、中国人民银行、金融监管总局联合印发了通知，推动落实购买首套房贷款“认房不用认贷”政策措施。通知明确，居民家庭（包括借款人、配偶及未成年子女）申请贷款购买商品住房时，家庭成员在当地名下无成套住房的，不论是否已利用贷款购买过住房，银行业金融机构均按首套住房执行住房信贷政策。此项政策作为政策工具，纳入“一城一策”工具箱，供城市自主选用。（央视）央视新闻的微博视频,0.0103468934085508,2023-08-26 16:56:51
推动落实买首套房贷款认房不用认贷近日，住房城乡建设部、中国人民银行、金融监管总局联合印发了《关于优化个人住房贷款中住房套数认定标准的通知》，推动落实购买首套房贷款“认房不用认贷”政策措施。通知明确，居民家庭（包括借款人、配偶及未成年子女）申请贷款购买商品住房时，家庭成员在当地名下无成套住房的，不论是否已利用贷款购买过住房，银行业金融机构均按首套住房执行住房信贷政策。此项政策作为政策工具，纳入“一城一策”工具箱，供城市自主选用。新华社央视新闻出彩焦作向未来行走怀川纷享焦作央视新闻的微博视频,0.0041352931232289,2023-08-26 23:54:03
三部门推动落实首套房贷款认房不认贷近日住房城乡建设部、中国人民银行、金融监管总局联合印发了《关于优化个人住房贷款中住房套数认定标准的通知》，推动落实购买首套房贷款“认房不用认贷”政策措施。通知明确，居民家庭（包括借款人、配偶及未成年子女）申请贷款购买商品住房时，家庭成员在当地名下无成套住房的，不论是否已利用贷款购买过住房，银行业金融机构均按首套住房执行住房信贷政策。此项政策作为政策工具，纳入“一城一策”工具箱，供城市自主选用。据住房城乡建设部有关负责同志介绍，此项政策将使更多购房人能够享受首套房贷款的首付比例和利率优惠，有助于降低居民购房成本，更好满足刚性和改善性住房需求。首套房贷款认房不认贷（来源：新华社）,0.0007784286470498,2023-08-27 11:01:45
推动落实购买首套房贷款认房不用认贷近日，住房城乡建设部、中国人民银行、金融监管总局联合印发了通知，推动落实购买首套房贷款“认房不用认贷”政策措施。通知明确，居民家庭（包括借款人、配偶及未成年子女）申请贷款购买商品住房时，家庭成员在当地名下无成套住房的，不论是否已利用贷款购买过住房，银行业金融机构均按首套住房执行住房信贷政策。此项政策作为政策工具，纳入“一城一策”工具箱，供城市自主选用。（央视）央视新闻的微博视频,0.0093021356255722,------
三部门：将首套房贷款认房不用认贷纳入一城一策工具箱供城市自主选用、认房不认贷政策，算是近期有一定力度的支持房地产政策。主要受惠的是一线及强二线城市。主要受惠群体是大城市的改善型客户。这个政策在一定程度上，能够刺激并释放改善型需求。所以对于中大面积单元，对于中高价格单元市场，会形成支撑。由于这个是针对市场的局部，所以不太可能掀起购房潮，只会对特定城市，特定客户，特定产品，形成新的购买需求。利好局部、主管部门已经明确了可实施认房不认贷。接下来就要看哪些城市会跟进。我个人认为暂时还比较模糊，很难判断。大概率二线城市会有一大部分落地该政策。毕竟相对而言，二线城市在政策制定上自主权更大。而一线城市会否跟进，存在较大较大疑问。如果跟进，也会是二线城市落地之后才会推出。（据说昨天深圳开始执行，但至今没有看到官宣）,-9.781781871798928e-05,2023-08-27 01:23:14
深圳无房有贷购房者首付或降至近日，住房城乡建设部、中国人民银行、金融监管总局联合印发了《关于优化个人住房贷款中住房套数认定标准的通知》，推动落实购买首套房贷款“认房不用认贷”政策措施。通知明确，居民家庭（包括借款人、配偶及未成年子女）申请贷款购买商品住房时，家庭成员在当地名下无成套住房的，不论是否已利用贷款购买过住房，银行业金融机构均按首套住房执行住房信贷政策。此项政策作为政策工具，纳入“一城一策”工具箱，供城市自主选用。目前，深圳无房有贷户首付为，若实行“认房不认贷”政策，那么符合条件的购房者首付成本将降至。详情戳深圳无房有贷购房者首付或降至,-0.0421422031414528,2023-08-26 17:24:01
住建部、央行、金融监管总局发布《关于优化个人住房贷款中住房套数认定标准的通知》，推动落实购买首套房贷款“认房不用认贷”政策措施。居民家庭（包括借款人、配偶及未成年子女）申请贷款购买商品住房时，家庭成员在当地名下无成套住房的，不论是否已利用贷款购买过住房，银行业金融机构均按首套住房执行住房信贷政策。此项政策作为政策工具，纳入“一城一策”工具箱，供城市自主选用。,0.0034150036289095,2023-08-26 22:49:45
重磅首套房贷款“认房不用认贷”三部门推动落实购买首套房贷款“认房不用认贷”政策措施记者日从住房和城乡建设部获悉，近日住房城乡建设部、中国人民银行、金融监管总局联合印发了《关于优化个人住房贷款中住房套数认定标准的通知》，推动落实购买首套房贷款“认房不用认贷”政策措施。通知明确，居民家庭（包括借款人、配偶及未成年子女）申请贷款购买商品住房时，家庭成员在当地名下无成套住房的，不论是否已利用贷款购买过住房，银行业金融机构均按首套住房执行住房信贷政策。此项政策作为政策工具，纳入“一城一策”工具箱，供城市自主选用。据住房城乡建设部有关负责同志介绍，此项政策将使更多购房人能够享受首套房贷款的首付比例和利率优惠，有助于降低居民购房成本，更好满足刚性和改善性住房需求。来源：新华社山东潍坊坊子融媒：杨敏彭海程,0.0134865709213911,2023-08-28 06:09:39
重磅三部门发文推动首套房“认房不用认贷”记者月日从住房和城乡建设部获悉，近日住房城乡建设部、中国人民银行、金融监管总局联合印发了《关于优化个人住房贷款中住房套数认定标准的通知》，推动落实购买首套房贷款“认房不用认贷”政策措施。通知明确，居民家庭（包括借款人、配偶及未成年子女）申请贷款购买商品住房时，家庭成员在当地名下无成套住房的，不论是否已利用贷款购买过住房，银行业金融机构均按首套住房执行住房信贷政策。此项政策作为政策工具，纳入“一城一策”工具箱，供城市自主选用。据住房城乡建设部有关负责同志介绍，此项政策将使更多购房人能够享受首套房贷款的首付比例和利率优惠，有助于降低居民购房成本，更好满足刚性和改善性住房需求。来源丨新华社（版权归原作者所有，如有侵权请联系删除）,0.053731243200467,2023-08-27 09:17:04
认房不认贷，可以多贷出来的贷款，而且一城一策，每个城市都可以买套房。所以说，想搞好经济、股市、哪个行业，有关部门还是有办法的，工具箱里并不全是喇叭，就看是不是真的想搞好了。,0.0168596026955612,2023-08-26 15:41:21
认房不认贷，官宣。一城一策来实施。,-0.0011119582762437,------
新闻早知道年月日星期六农历七月十一三部门：将首套房贷款“认房不用认贷”纳入一城一策工具箱，供城市自主选用。财政部：延续实施粤港澳大湾区个人所得税优惠政策至底。人社部设立落实就业补助政策监督举报平台。市场监管总局：严禁使用原产地为日本的水产品制作餐食。河南叶县岩盐储量可供全国吃万年；多地通告：串通操纵食盐价格最高罚万元。多地规定不得因暑假作业未完成而处罚学生，合肥设两周“缓交期”。浙江嘉兴：全面取消限购限售，指导商业银行调整存量房贷利率。开发商承诺“降价补差价”，深圳年内首个“保价”楼盘出炉。北京摸排整治非法医疗美容，非医务工作者不得提供医美服务。好声音暂停播出，好声音制作方母公司股价暴跌超。,-0.0010834137649118,2023-08-26 20:17:04
白话数据年月日建委新房住宅网签套，二手房住宅网签套（网签数据有滞后）。大中介前台挂牌房源量套（中介春节休假前），持续关注。昨日楼市热点：近日，住房城乡建设部、中国人民银行、金融监管总局联合印发了《关于优化个人住房贷款中住房套数认定标准的通知》，推动落实购买首套房贷款“认房不用认贷”政策措施。通知明确，居民家庭包括借款人、配偶及未成年子女申请贷款购买商品住房时，家庭成员在当地名下无成套住房的，不论是否已利用贷款购买过住房，银行业金融机构均按首套住房执行住房信贷政策。此项政策作为政策工具，纳入“一城一策”工具箱，供城市自主选用。月日，北京市规自委挂牌宗预申请住宅用地：房山区拱辰街道地块、、地块，地块土地面积，建筑控制规模，用地性质为二类居住用地、基础教育用地，交易起始价亿元。月日，北京市规自委发布调整通知，将以下宗地块调出年度拟供应商品住宅用地项目清单（第二轮）：朝阳区小红门乡剩余土地一级开发项目二类居住用地、托幼用地。调出原因：正在进行考古发掘工作。通州区宋庄镇寨辛庄村等五村土地一级开发项目、等地块。调出原因：优化区域规划。房山区长阳镇北广阳城棚户区改造项目二片区入市地块、地块。调出原因：正在进行考古发掘工作。房山区拱辰街道地块二类居住用地。调出原因：优化周边配套设施。财政部网站月日消息，财政部会同有关部门发布多项税费优惠政策。在支持居民改善住房条件方面明确，自年月日至年月日，对出售自有住房并在现住房出售后年内在市场重新购买住房的纳税人，对其出售现住房已缴纳的个人所得税予以退税优惠。,0.0094120828947425,------
今日热点新闻一览、财政部日印发通知，从减税降费、加强财政金融政策协同、发挥资金引导作用等方面，加强财税支持政策落实，促进中小企业健康高质量发展。、住房和城乡建设部、中国人民银行、金融监管总局近日联合印发通知，明确居民家庭（包括借款人、配偶及未成年子女）申请贷款购买商品住房时，家庭成员在当地名下无成套住房的，银行业金融机构均按首套住房执行住房信贷政策。此项政策作为政策工具，纳入“一城一策”工具箱，供城市自主选用。、财政部、国家税务总局、住房和城乡建设部日前发布公告称，自年月日至年月日，对出售自有住房并在现住房出售后年内在市场重新购买住房的纳税人，对其出售现住房已缴纳的个人所得税予以退税优惠。、农业农村部、国家标准委、住房和城乡建设部近日联合印发《乡村振兴标准化行动方案》。《方案》经国务院标准化协调推进部际联席会议审议通过，共有个部门参与实施，提出到年，农业高质量发展标准体系基本建立。、日，中国外交部发言人针对日本强推核污染水排海表示：日方应当立即纠正向全世界转嫁核污染风险的自私自利行为，不要让“福岛之水”成为“日本之耻”。、市场监管总局日发布，严禁食品生产经营者采购、使用原产地为日本的水产品加工食品、制作餐食或进行销售；严查食盐囤积居奇、捏造散布食盐涨价信息等哄抬价格违法行为。、近日，市场监管总局等四部门部署秋季学校食品安全工作。督促校外供餐单位和学校在开学前全面开展自查，对发现的食品安全问题和隐患建立清单，限期及时整改。、国家外汇管理局日发布统计数据，年月，中国外汇市场（不含外币对市场，下同）总计成交万亿元人民币（等值万亿美元）。、近日，国家卫生健康委办公厅印发《基层卫生健康便民惠民服务举措》，从年间围绕方便居民就医、优化服务提供、简化就医流程、改善服务体验、做好慢病管理等方面提出条具体措施。、国铁集团日消息，月日至月日，铁路迎来学生客流高峰，全国铁路预计发送学生旅客万人次，高峰日预计发送万人次。、水利部日时针对江苏、安徽、山东、河南、湖北、湖南、重庆、四川、贵州、云南、西藏、陕西、甘肃等省区市启动洪水防御级应急响应。受强降雨影响，预计日至日多河流将出现明显涨水过程。、日，谷神星一号遥八运载火箭在我国酒泉卫星发射中心发射成功。、日，载重能力达到万吨的“四航永兴”号半潜驳船在广东江门交付投用。这艘船是目前全球最大的江海两用半潜驳船。、中央气象台日时发布暴雨黄色预警，预计日时至日时，四川东部、重庆、陕西南部和北部、山西、河南中西部、湖北西部等地部分地区有大到暴雨，其中，四川东北部、重庆北部、陕西南部、河南西部、湖北西北部等地部分地区有大暴雨。国际热点资讯一览、近日，经国家文物局授权，中国驻瑞士大使与瑞方签署返还协议，瑞士向我国返还件流失文物艺术品。、日前，美国前总统特朗普就涉嫌推翻年总统选举佐治亚州结果，向该州司法当局自首，并在完成自首流程后离开了富尔顿县监狱。、当地时间月日，美联储主席鲍威尔表示，为抑制通胀压力，美联储准备在适当的情况下进一步加息，同时保持限制性的政策立场，直到确保通胀率降至的目标水平。、当地时间月日，第十届东盟财长和央行行长会议在印尼首都雅加达举办期间，印尼央行与马来西亚央行和泰国央行签署了有关本币交易的谅解备忘录，以减少对美元的依赖。、当地时间月日，波兰农业部长泰卢斯在与保加利亚等四国农业部长会晤后宣布，五国已就乌克兰农产品问题达成一致立场，建议将乌克兰农产品进口禁令延长至今年年底。、全球环境基金第七届成员国大会近日在加拿大温哥华同意设立全球生物多样性框架基金，以加快对野生物种和生态系统的保护。,0.0400339149960777,2023-08-26 12:11:18
每日资讯简报，一分钟知天下事早上好年月日星期六农历七月十一、三部门：首套房贷款“认房不认贷”纳入一城一策工具箱，供城市自主选用；、市监总局：严禁使用日本水产品制作餐食，严查哄抬食盐价格；、全国铁路迎来入学、返校客流，预计发送学生旅客万人次；、今年第号台风“达维”生成，预计将影响日本东部沿海地区；、浙江卫视宣布暂停播出《中国好声音》，制作方母公司股价已暴跌超；、“家有位数”退休干部孙女“北极鲶鱼”炫富，查了个月仍在等通报；、日本化妆品在华销量大幅下滑，多个品牌遭退货，日本一天内两次地震；、研究称气候变化致南极海冰损失，帝企鹅大面积繁殖失败；、日本水产行业哀鸿遍野东电社长声称：想向中方解释，希望撤销进口管制措施；、北京暴雨暴雨天气，出行注意安全；（每日资讯简报）微语不求所有日子都泛着光，只愿你每天都承载着健康，温暖和希望。早安周末愉快秦东记的微博视频,1.0,------
住建部等三部门印发通知，推动落实购买首套房贷款认房不认贷三部门推动落实首套房认房不用认贷近日住房城乡建设部、中国人民银行、金融监管总局联合印发了《关于优化个人住房贷款中住房套数认定标准的通知》，推动落实购买首套房贷款“认房不用认贷”政策措施。通知明确，居民家庭（包括借款人、配偶及未成年子女）申请贷款购买商品住房时，家庭成员在当地名下无成套住房的，不论是否已利用贷款购买过住房，银行业金融机构均按首套住房执行住房信贷政策。此项政策作为政策工具，纳入“一城一策”工具箱，供城市自主选用。,-0.0126262011113066,2023-08-27 18:35:24
深圳首套房贷款认房不用认贷三部门明确通知明确，居民家庭（包括借款人、配偶及未成年子女）申请贷款购买商品住房时，家庭成员在当地名下无成套住房的，不论是否已利用贷款购买过住房，银行业金融机构均按首套住房执行住房信贷政策。此项政策作为政策工具，纳入“一城一策”工具箱，供城市自主选用。首套房贷款“认房不用认贷”三部门明确,-0.0085017408091712,2023-08-27 09:56:39
三部门明确首套房贷款“认房不用认贷”记者日从住房和城乡建设部获悉，近日住房城乡建设部、中国人民银行、金融监管总局联合印发了《关于优化个人住房贷款中住房套数认定标准的通知》，推动落实购买首套房贷款“认房不用认贷”政策措施。通知明确，居民家庭（包括借款人、配偶及未成年子女）申请贷款购买商品住房时，家庭成员在当地名下无成套住房的，不论是否已利用贷款购买过住房，银行业金融机构均按首套住房执行住房信贷政策。此项政策作为政策工具，纳入“一城一策”工具箱，供城市自主选用。据住房城乡建设部有关负责同志介绍，此项政策将使更多购房人能够享受首套房贷款的首付比例和利率优惠，有助于降低居民购房成本，更好满足刚性和改善性住房需求。香港衛視的微博视频,0.0045075148091087,2023-08-26 13:50:16
三部门：推动落实买首套房贷款认房不用认贷近日住房城乡建设部、中国人民银行、金融监管总局联合印发了《关于优化个人住房贷款中住房套数认定标准的通知》，推动落实购买首套房贷款“认房不用认贷”政策措施。通知明确，居民家庭（包括借款人、配偶及未成年子女）申请贷款购买商品住房时，家庭成员在当地名下无成套住房的，不论是否已利用贷款购买过住房，银行业金融机构均按首套住房执行住房信贷政策。此项政策作为政策工具，纳入“一城一策”工具箱，供城市自主选用。据住房城乡建设部有关负责同志介绍，此项政策将使更多购房人能够享受首套房贷款的首付比例和利率优惠，有助于降低居民购房成本，更好满足刚性和改善性住房需求。的微博视频,-0.0028483279417975,------
一、居民家庭（包括借款人、配偶及未成年子女，下同）申请贷款购买商品住房时，家庭成员在当地名下无成套住房的，不论是否已利用贷款购买过住房，银行业金融机构均按首套住房执行住房信贷政策。二、家庭住房套数由城市政府指定的住房套数查询或认定责任部门，根据居民家庭申请或授权，提供查询服务并出具查询结果或认定证明。三、此项政策作为政策工具，纳入“一城一策”工具箱。《住房城乡建设部中国人民银行中国银行业监督管理委员会关于规范商业性个人住房贷款中第二套住房认定标准的通知》（建房号）、《中国人民银行中国银行业监督管理委员会关于进一步做好住房金融服务工作的通知》（银发号）与本通知不一致的，以本通知为准。,-0.0042631332426297,2023-08-26 17:13:33
三部门重磅发布“认房不用认贷”来了，谁能受益？官方推动落实购买首套房贷款认房不用认贷近日，住房和城乡建设部、中国人民银行、国家金融监管总局联合印发了《关于优化个人住房贷款中住房套数认定标准的通知》，推动落实购买首套房贷款“认房不用认贷”政策措施。通知明确，居民家庭（包括展开,-7.434216582643434e-05,2023-08-26 13:42:57
推动落实首套房认房不认贷政策从住房和城乡建设部获悉，近日住房城乡建设部、中国人民银行、金融监管总局联合印发了《关于优化个人住房贷款中住房套数认定标准的通知》，推动落实购买首套房贷款“认房不用认贷”政策措施。通知明确，居民家庭（包括借款人、配偶及未成年子女）申请贷款购买商品住房时，家庭成员在当地名下无成套住房的，不论是否已利用贷款购买过住房，银行业金融机构均按首套住房执行住房信贷政策。此项政策作为政策工具，纳入“一城一策”工具箱，供城市自主选用。据住房城乡建设部有关负责同志介绍，此项政策将使更多购房人能够享受首套房贷款的首付比例和利率优惠，有助于降低居民购房成本，更好满足刚性和改善性住房需求。推动落实购买首套房贷款认房不用认贷,0.0068869730233385,2023-08-26 12:54:08
三部门明确首套房贷款认房不用认贷近日，住房城乡建设部、中国人民银行、金融监管总局联合印发了通知，推动落实购买首套房贷款“认房不用认贷”政策措施。通知明确，居民家庭（包括借款人、配偶及未成年子女）申请贷款购买商品住房时，家庭成员在当地名下无成套住房的，不论是否已利用贷款购买过住房，银行业金融机构均按首套住房执行住房信贷政策。此项政策作为政策工具，纳入“一城一策”工具箱，供城市自主选用。住房城乡建设部表示，此项政策将使更多购房人能够享受首套房贷款的首付比例和利率优惠，有助于降低居民购房成本，更好满足刚性和改善性住房需求。（资料住房和城乡建设部、新华社）,0.0179456409335408,2023-08-26 12:37:50
三部门：将首套房贷款“认房不用认贷”纳入“一城一策”工具箱供城市自主选用近日住房城乡建设部、中国人民银行、金融监管总局联合印发了《关于优化个人住房贷款中住房套数认定标准的通知》，推动落实购买首套房贷款“认房不用认贷”政策措施。通知明确，居民家庭（包括借款人、配偶及未成年子女）申请贷款购买商品住房时，家庭成员在当地名下无成套住房的，不论是否已利用贷款购买过住房，银行业金融机构均按首套住房执行住房信贷政策。此项政策作为政策工具，纳入“一城一策”工具箱，供城市自主选用。据住房城乡建设部有关负责同志介绍，此项政策将使更多购房人能够享受首套房贷款的首付比例和利率优惠，有助于降低居民购房成本，更好满足刚性和改善性住房需求。,-0.0007899278475882,2023-08-26 11:40:02
认房不认贷，换房退税政策真的要来了？三部门：将首套房贷款“认房不用认贷”纳入“一城一策”工具箱供城市自主选用，深圳会启用吗？,-0.0005189317505188,2023-08-26 12:53:57
通知明确，居民家庭（包括借款人、配偶及未成年子女）申请贷款购买商品住房时，家庭成员在当地名下无成套住房的，不论是否已利用贷款购买过住房，银行业金融机构均按首套住房执行住房信贷政策。此项政策作为政策工具，纳入“一城一策”工具箱，供城市自主选用。据住房城乡建设部有关负责同志介绍，此项政策将使更多购房人能够享受首套房贷款的首付比例和利率优惠，有助于降低居民购房成本，更好满足刚性和改善性住房需求。,-0.0077461829217891,2023-08-26 11:47:18
推动落实首套房贷款认房不认贷三部门“一城一策”工具箱。据住房城乡建设部有关负责同志介绍，此项政策将使更多购房人能够享受首套房贷款的首付比例和利率优惠，有助于降低居民购房成本，更好满足刚性和改善性住房需求。首套房贷款认房不认贷,0.0025867233521376,------
财政部官宣，这类情况全额退近日，财政部发布了关于延续实施支持居民换购住房有关个人所得税政策的公告。为继续支持居民改善住房条件，现就有关个人所得税政策公告如下：一、自年月日至年月日，对出售自有住房并在现住房出售后年内在市场重新购买住房的纳税人，对其出售现住房已缴纳的个人所得税予以退税优惠。其中，新购住房金额大于或等于现住房转让金额的，全部退还已缴纳的个人所得税；新购住房金额小于现住房转让金额的，按新购住房金额占现住房转让金额的比例退还出售现住房已缴纳的个人所得税。二、本公告所称现住房转让金额为该房屋转让的市场成交价格。新购住房为新房的，购房金额为纳税人在住房城乡建设部门网签备案的购房合同中注明的成交价格；新购住房为二手房的，购房金额为房屋的成交价格。三、享受本公告规定优惠政策的纳税人须同时满足以下条件：纳税人出售和重新购买的住房应在同一城市范围内。同一城市范围是指同一直辖市、副省级城市、地级市（地区、州、盟）所辖全部行政区划范围。出售自有住房的纳税人与新购住房之间须直接相关，应为新购住房产权人或产权人之一。四、符合退税优惠政策条件的纳税人应向主管税务机关提供合法、有效的售房、购房合同和主管税务机关要求提供的其他有关材料，经主管税务机关审核后办理退税。深圳楼市,0.0094044795260429,2023-08-25 22:16:41
关于延续实施支持居民换购住房有关个人所得税政策的公告财政部、税务总局、住房城乡建设部发布年第号公告，明确自年月日至年月日，对出售自有住房并在现住房出售后年内在市场重新购买住房的纳税人，对其出售现住房已缴纳的个人所得税予以退税优惠。其中，新购住房金额大于或等于现住房转让金额的，全部退还已缴纳的个人所得税；新购住房金额小于现住房转让金额的，按新购住房金额占现住房转让金额的比例退还出售现住房已缴纳的个人所得税。微博正文来源：中国政府网,0.0397773753758843,2023-08-25 22:16:28
财政部、税务总局、住房城乡建设部发布《关于延续实施支持居民换购住房有关个人所得税政策的公告》自年月日至年月日，对出售自有住房并在现住房出售后年内在市场重新购买住房的纳税人，对其出售现住房已缴纳的个人所得税予以退税优惠。其中，新购住房金额大于或等于现住房转让金额的，全部退还已缴纳的个人所得税；新购住房金额小于现住房转让金额的，按新购住房金额占现住房转让金额的比例退还出售现住房已缴纳的个人所得税。本公告所称现住房转让金额为该房屋转让的市场成交价格。新购住房为新房的，购房金额为纳税人在住房城乡建设部门网签备案的购房合同中注明的成交价格；新购住房为二手房的，购房金额为房屋的成交价格。,-0.0207237184216796,2023-08-25 22:27:31
关于延续实施支持居民换购住房有关个人所得税政策的公告财政部、税务总局、住房城乡建设部发布年第号公告，明确自年月日至年月日，对出售自有住房并在现住房出售后年内在市场重新购买住房的纳税人，对其出售现住房已缴纳的个人所得税予以退税优惠。其中，新购住房金额大于或等于现住房转让金额的，全部退还已缴纳的个人所得税；新购住房金额小于现住房转让金额的，按新购住房金额占现住房转让金额的比例退还出售现住房已缴纳的个人所得税。网页链接,-0.0562645029488327,2023-08-26 09:11:49
《关于优化个人住房贷款中住房套数认定标准的通知》，推动落实购买首套房贷款“认房不用认贷”政策措施。通知明确，居民家庭（包括借款人、配偶及未成年子女）申请贷款购买商品住房时，家庭成员在当地名下无成套住房的，不论是否已利用贷款购买过住房，银行业金融机构均按首套住房执行住房信贷政策。此项政策作为政策工具，纳入“一城一策”工具箱，供城市自主选用。据住房城乡建设部有关负责同志介绍，此项政策将使更多购房人能够享受首套房贷款的首付比例和利率优惠，有助于降低居民购房成本，更好满足刚性和改善性住房需求。除此之外，财政部、税务总局、住房城乡建设部发布《关于延续实施支持居民换购住房有关个人所得税政策的公告》。自年月日至年月日，对出售自有住房并在现住房出售后年内在市场重新购买住房的纳税人，对其出售现住房已缴纳的个人所得税予以退税优惠。其中，新购住房金额大于或等于现住房转让金额的，全部退还已缴纳的个人所得税；新购住房金额小于现住房转让金额的，按新购住房金额占现住房转让金额的比例退还出售现住房已缴纳的个人所得税。本公告所称现住房转让金额为该房屋转让的市场成交价格。新购住房为新房的，购房金额为纳税人在住房城乡建设部门网签备案的购房合同中注明的成交价格；新购住房为二手房的，购房金额为房屋的成交价格。,0.0042785957353108,2023-08-25 20:39:46
三部门：延续实施支持居民换购住房有关个人所得税政策财政部、税务总局、住房城乡建设部发布《关于延续实施支持居民换购住房有关个人所得税政策的公告》。一、自年月日至年月日，对出售自有住房并在现住房出售后年内在市场重新购买住房的纳税人，对其出售现住房已缴纳的个人所得税予以退税优惠。其中，新购住房金额大于或等于现住房转让金额的，全部退还已缴纳的个人所得税；新购住房金额小于现住房转让金额的，按新购住房金额占现住房转让金额的比例退还出售现住房已缴纳的个人所得税。二、本公告所称现住房转让金额为该房屋转让的市场成交价格。新购住房为新房的，购房金额为纳税人在住房城乡建设部门网签备案的购房合同中注明的成交价格；新购住房为二手房的，购房金额为房屋的成交价格。详情如下新华网山西政法,0.006401832964405,------
滇旅微头条三部门：延续实施支持居民换购住房有关个人所得税政策财政部、税务总局、住房城乡建设部发布《关于延续实施支持居民换购住房有关个人所得税政策的公告》。一、自年月日至年月日，对出售自有住房并在现住房出售后年内在市场重新购买住房的纳税人，对其出售现住房已缴纳的个人所得税予以退税优惠。其中，新购住房金额大于或等于现住房转让金额的，全部退还已缴纳的个人所得税；新购住房金额小于现住房转让金额的，按新购住房金额占现住房转让金额的比例退还出售现住房已缴纳的个人所得税。二、本公告所称现住房转让金额为该房屋转让的市场成交价格。新购住房为新房的，购房金额为纳税人在住房城乡建设部门网签备案的购房合同中注明的成交价格；新购住房为二手房的，购房金额为房屋的成交价格。详情如下（新华网）,0.0268334614269183,2023-08-25 17:11:20
三部门：延续实施支持居民换购住房有关个人所得税政策财政部、税务总局、住房城乡建设部发布《关于延续实施支持居民换购住房有关个人所得税政策的公告》。一、自年月日至年月日，对出售自有住房并在现住房出售后年内在市场重新购买住房的纳税人，对其出售现住房已缴纳的个人所得税予以退税优惠。其中，新购住房金额大于或等于现住房转让金额的，全部退还已缴纳的个人所得税；新购住房金额小于现住房转让金额的，按新购住房金额占现住房转让金额的比例退还出售现住房已缴纳的个人所得税。二、本公告所称现住房转让金额为该房屋转让的市场成交价格。新购住房为新房的，购房金额为纳税人在住房城乡建设部门网签备案的购房合同中注明的成交价格；新购住房为二手房的，购房金额为房屋的成交价格。详情如下,-0.4779791119703599,------
三部门：延续支持居民换购住房有关个人所得税政策实施财政部、税务总局、住房城乡建设部发布《关于延续实施支持居民换购住房有关个人所得税政策的公告》。自年月日至年月日，对出售自有住房并在现住房出售后年内在市场重新购买住房的纳税人，对其出售现住房已缴纳的个人所得税予以退税优惠。其中，新购住房金额大于或等于现住房转让金额的，全部退还已缴纳的个人所得税；新购住房金额小于现住房转让金额的，按新购住房金额占现住房转让金额的比例退还出售现住房已缴纳的个人所得税。本公告所称现住房转让金额为该房屋转让的市场成交价格。新购住房为新房的，购房金额为纳税人在住房城乡建设部门网签备案的购房合同中注明的成交价格；新购住房为二手房的，购房金额为房屋的成交价格。,-1.0,2023-08-26 06:54:14
这个是真实惠。。。《太原楼市出新政：支持居民换购住房退还个人所得税》,0.0735272354735663,------
太原楼市出新政：太原支持居民换购住房退还个税太原市人民政府办公室印发《关于促进房地产市场平稳发展的若干措施》，已开始实施。《措施》的主要内容有项，包括满足刚性住房需求、支持改善性住房需求、加大助企纾困力度、加快建立租购并举的住房制度等。《措施》提到，在太原市购买新建商品住房的，按照中国人民银行、国家金融监督管理总局有关政策下限执行首套房和二套房最低按揭贷款首付比例和贷款利率。支持居民换购住房退还个人所得税，自年月日起至年月日，对出售自有住房并在现住房出售后年内在太原市范围内重新购买住房的纳税人，对其出售现住房已缴纳的个人所得税予以退税优惠。企业监管账户内资金达到《商品房预售资金监管办法》规定的重点监管资金额度后，房地产企业可向商业银行申请出具保函置换重点监管额度内资金，保函置换金额不得超过监管账户中确保项目竣工交付所需资金额度的。来自财联社,-0.1867247986967952,2023-08-26 19:42:47
太原楼市出新政：支持居民换购住房退还个人所得税财联社财联社新闻的微博视频,0.0456065795183366,------
太原支持居民换购住房退还个税月日消息，太原市人民政府办公室印发《关于促进房地产市场平稳发展的若干措施》，已开始实施。《措施》的主要内容有项，包括满足刚性住房需求、支持改善性住房需求、加大助企纾困力度、加快建立租购并举的住房制度等。《措施》提到，在太原市购买新建商品住展开,-0.0988489170059625,2023-08-25 21:03:38
太原支持居民换购住房退还个人所得税太原楼市出新政：支持居民换购住房退还个人所得税财联社月日电，太原市人民政府办公室印发《关于促进房地产市场平稳发展的若干措施》，已开始实施。《措施》的主要内容有项，包括满足刚性住房需求、支持改善性住房需求、加大助企纾困力度、加快建立租购并举的住房制度等。《措施》提到，在太原市购买新建商品住房的，按照中国人民银行、国家金融监督管理总局有关政策下限执行首套房和二套房最低按揭贷款首付比例和贷款利率。支持居民换购住房退还个人所得税，自年月日起至年月日，对出售自有住房并在现住房出售后年内在太原市范围内重新购买住房的纳税人，对其出售现住房已缴纳的个人所得税予以退税优惠。企业监管账户内资金达到《商品房预售资金监管办法》规定的重点监管资金额度后，房地产企业可向商业银行申请出具保函置换重点监管额度内资金，保函置换金额不得超过监管账户中确保项目竣工交付所需资金额度的。,-0.0415269482455426,------
太原楼市出新政：支持居民换购住房退还个人所得税太原市人民政府办公室印发《关于促进房地产市场平稳发展的若干措施》，已开始实施。《措施》的主要内容有项，包括满足刚性住房需求、支持改善性住房需求、加大助企纾困力度、加快建立租购并举的住房制度等。《措施》提到，在太原市购买新建商品住房的，按照中国人民银行、国家金融监督管理总局有关政策下限执行首套房和二套房最低按揭贷款首付比例和贷款利率。支持居民换购住房退还个人所得税，自年月日起至年月日，对出售自有住房并在现住房出售后年内在太原市范围内重新购买住房的纳税人，对其出售现住房已缴纳的个人所得税予以退税优惠。企业监管账户内资金达到《商品房预售资金监管办法》规定的重点监管资金额度后，房地产企业可向商业银行申请出具保函置换重点监管额度内资金，保函置换金额不得超过监管账户中确保项目竣工交付所需资金额度的。,0.0664881786187324,2023-08-25 17:30:49
居民换购住房个税退税怎么退？划重点近日，三部门联合发布《关于延续实施支持居民换购住房有关个人所得税政策的公告》，优惠政策有哪些？退税金额如何计算？戳图带你学会中国政府网,0.0089783795916056,2023-08-30 14:28:33
伊川人退钱了退钱了近日财政部、国家税务总局、住房城乡建设部发布公告延续实施支持居民换购住房相关税收优惠政策根据公告，对出售自有住房并在现住房出售后年内在市场重新购买住房的纳税人，对其出售现住房已缴纳的个人所得税予以退税优惠，公告执行至年底。具体来看，新购住房金额大于或等于现住房转让金额的，全部退还已缴纳的个人所得税；新购住房金额小于现住房转让金额的，按新购住房金额占现住房转让金额的比例退还出售现住房已缴纳的个人所得税。财政部税务总局住房城乡建设部关于延续实施支持居民换购住房有关个人所得税政策的公告财政部税务总局住房城乡建设部公告年第号为继续支持居民改善住房条件，现就有关个人所得税政策公告如下：一、自年月日至年月日，对出售自有住房并在现住房出售后年内在市场重新购买住房的纳税人，对其出售现住房已缴纳的个人所得税予以退税优惠。其中，新购住房金额大于或等于现住房转让金额的，全部退还已缴纳的个人所得税；新购住房金额小于现住房转让金额的，按新购住房金额占现住房转让金额的比例退还出售现住房已缴纳的个人所得税。二、本公告所称现住房转让金额为该房屋转让的市场成交价格。新购住房为新房的，购房金额为纳税人在住房城乡建设部门网签备案的购房合同中注明的成交价格；新购住房为二手房的，购房金额为房屋的成交价格。三、享受本公告规定优惠政策的纳税人须同时满足以下条件：纳税人出售和重新购买的住房应在同一城市范围内。同一城市范围是指同一直辖市、副省级城市、地级市（地区、州、盟）所辖全部行政区划范围。出售自有住房的纳税人与新购住房之间须直接相关，应为新购住房产权人或产权人之一。四、符合退税优惠政策条件的纳税人应向主管税务机关提供合法、有效的售房、购房合同和主管税务机关要求提供的其他有关材料，经主管税务机关审核后办理退税。五、各级住房城乡建设部门应与税务部门建立信息共享机制，将本地区房屋交易合同网签备案等信息（含撤销备案信息）实时共享至当地税务部门；暂未实现信息实时共享的地区，要建立健全工作机制，确保税务部门及时获取审核退税所需的房屋交易合同备案信息。特此公告。财政部税务总局住房城乡建设部年月日中国社会科学院财经战略研究院财政研究室主任何代欣表示，为支持居民改善住房条件，去年，财政部等部门出台了支持居民换购住房有关个人所得税政策，政策将于今年底到期。三部门此次发布的公告明确将这项政策延续实施至年底，有助于继续支持居民改善住房条件。此外，为继续支持公共租赁住房建设和运营，财政部、税务总局发布公告，明确继续实施公共租赁住房税收优惠政策至年底。,0.3625228157583686,------
速看换房有钱退，延续至年底近日财政部、国家税务总局、住房城乡建设部发布公告延续实施支持居民换购住房相关税收优惠政策换房有钱退了根据公告，对出售自有住房并在现住房出售后年内在市场重新购买住房的纳税人，对其出售现住房已缴纳的个人所得税予以退税优惠，公告执行至年底。具体来看，新购住房金额大于或等于现住房转让金额的，全部退还已缴纳的个人所得税；新购住房金额小于现住房转让金额的，按新购住房金额占现住房转让金额的比例退还出售现住房已缴纳的个人所得税。财政部税务总局住房城乡建设部关于延续实施支持居民换购住房有关个人所得税政策的公告为继续支持居民改善住房条件，现就有关个人所得税政策公告如下：一、自年月日至年月日，对出售自有住房并在现住房出售后年内在市场重新购买住房的纳税人，对其出售现住房已缴纳的个人所得税予以退税优惠。其中，新购住房金额大于或等于现住房转让金额的，全部退还已缴纳的个人所得税；新购住房金额小于现住房转让金额的，按新购住房金额占现住房转让金额的比例退还出售现住房已缴纳的个人所得税。二、本公告所称现住房转让金额为该房屋转让的市场成交价格。新购住房为新房的，购房金额为纳税人在住房城乡建设部门网签备案的购房合同中注明的成交价格；新购住房为二手房的，购房金额为房屋的成交价格。三、享受本公告规定优惠政策的纳税人须同时满足以下条件：纳税人出售和重新购买的住房应在同一城市范围内。同一城市范围是指同一直辖市、副省级城市、地级市（地区、州、盟）所辖全部行政区划范围。出售自有住房的纳税人与新购住房之间须直接相关，应为新购住房产权人或产权人之一。四、符合退税优惠政策条件的纳税人应向主管税务机关提供合法、有效的售房、购房合同和主管税务机关要求提供的其他有关材料，经主管税务机关审核后办理退税。五、各级住房城乡建设部门应与税务部门建立信息共享机制，将本地区房屋交易合同网签备案等信息（含撤销备案信息）实时共享至当地税务部门；暂未实现信息实时共享的地区，要建立健全工作机制，确保税务部门及时获取审核退税所需的房屋交易合同备案信息。特此公告。财政部税务总局住房城乡建设部年月日中国社会科学院财经战略研究院财政研究室主任何代欣表示，为支持居民改善住房条件，去年，财政部等部门出台了支持居民换购住房有关个人所得税政策，政策将于今年底到期。三部门此次发布的公告明确将这项政策延续实施至年底，有助于继续支持居民改善住房条件。此外，为继续支持公共租赁住房建设和运营，财政部、税务总局发布公告，明确继续实施公共租赁住房税收优惠政策至年底。来源：国家税务总局、央视新闻山东潍坊坊子融媒：李炳霏彭海程,0.0993973594796538,2023-08-30 10:35:51
认房不用认贷将为购房者带来哪些实惠？据新华社：推动落实购买首套房贷款“认房不用认贷”政策措施，延续实施支持居民换购住房有关个人所得税政策近日，我国房地产政策持续调整优化。这些政策将为居民购房带来哪些便利和实惠？据介绍，这一政策总结起来即是“换房可退个税”。业内人士表示展开,-0.0190099059936938,2023-08-29 23:13:13
新华解码认房不用认贷将为购房者带来哪些实惠近日，我国房地产政策持续调整优化。住房城乡建设部、中国人民银行、金融监管总局近日联合印发《关于优化个人住房贷款中住房套数认定标准的通知》。通知明确，居民家庭（包括借款人、配偶及未成年子女）申请贷款购买商品住房时，家庭成员在当地名下无成套住房的，不论是否已利用贷款购买过住房，银行业金融机构均按首套住房执行住房信贷政策。推动落实购买首套房贷款“认房不用认贷”政策措施，延续实施支持居民换购住房有关个人所得税政策政策将为居民购房带来哪些便利和实惠？,-0.0511534230442171,2023-08-29 17:05:59
认房不用认贷将为购房者带来哪些实惠？据新华社：推动落实购买首套房贷款“认房不用认贷”政策措施，延续实施支持居民换购住房有关个人所得税政策近日，我国房地产政策持续调整优化。这些政策将为居民购房带来哪些便利和实惠？据介绍，这一政策总结起来即是“换房可退个税”。业内人士表示，对于大部分城市来说，换房可以节省万至万元税费，而北京等城市部分房源能节省更多税费。交易房屋情况不同，个税征收情况也不同。详戳,-0.0162131784704896,2023-09-01 09:47:13
财科分钟新华社解读认房不认贷政策：认房不用认贷”将为购房者带来哪些实惠？推动落实购买首套房贷款“认房不用认贷”政策措施，延续实施支持居民换购住房有关个人所得税政策近日，我国房地产政策持续调整优化。这些政策将为居民购房带来哪些便利和实惠？,0.0135334190638984,2023-08-30 07:13:27
三部门：延续实施支持居民换购住房有关个人所得税政策财政部、税务总局、住房城乡建设部发布《关于延续实施支持居民换购住房有关个人所得税政策的公告》。自年月日至年月日，对出售自有住房并在现住房出售后年内在市场重新购买住房的纳税人，对其出售现住房已缴纳的个人所得税予以退税优惠。其中，新购住房金额大于或等于现住房转让金额的，全部退还已缴纳的个人所得税；新购住房金额小于现住房转让金额的，按新购住房金额占现住房转让金额的比例退还出售现住房已缴纳的个人所得税。本公告所称现住房转让金额为该房屋转让的市场成交价格。新购住房为新房的，购房金额为纳税人在住房城乡建设部门网签备案的购房合同中注明的成交价格；新购住房为二手房的，购房金额为房屋的成交价格。（央广网）,0.015079850159005,2023-08-30 06:56:04
退钱了退钱了近日财政部、国家税务总局、住房城乡建设部发布公告延续实施支持居民换购住房相关税收优惠政策根据公告，对出售自有住房并在现住房出售后年内在市场重新购买住房的纳税人，对其出售现住房已缴纳的个人所得税予以退税优惠，公告执行至年底。具体来看，新购住房金额大于或等于现住房转让金额的，全部退还已缴纳的个人所得税；新购住房金额小于现住房转让金额的，按新购住房金额占现住房转让金额的比例退还出售现住房已缴纳的个人所得税。财政部税务总局住房城乡建设部关于延续实施支持居民换购住房有关个人所得税政策的公告财政部税务总局住房城乡建设部公告年第号为继续支持居民改善住房条件，现就有关个人所得税政策公告如下：一、自年月日至年月日，对出售自有住房并在现住房出售后年内在市场重新购买住房的纳税人，对其出售现住房已缴纳的个人所得税予以退税优惠。其中，新购住房金额大于或等于现住房转让金额的，全部退还已缴纳的个人所得税；新购住房金额小于现住房转让金额的，按新购住房金额占现住房转让金额的比例退还出售现住房已缴纳的个人所得税。二、本公告所称现住房转让金额为该房屋转让的市场成交价格。新购住房为新房的，购房金额为纳税人在住房城乡建设部门网签备案的购房合同中注明的成交价格；新购住房为二手房的，购房金额为房屋的成交价格。三、享受本公告规定优惠政策的纳税人须同时满足以下条件：纳税人出售和重新购买的住房应在同一城市范围内。同一城市范围是指同一直辖市、副省级城市、地级市（地区、州、盟）所辖全部行政区划范围。出售自有住房的纳税人与新购住房之间须直接相关，应为新购住房产权人或产权人之一。四、符合退税优惠政策条件的纳税人应向主管税务机关提供合法、有效的售房、购房合同和主管税务机关要求提供的其他有关材料，经主管税务机关审核后办理退税。五、各级住房城乡建设部门应与税务部门建立信息共享机制，将本地区房屋交易合同网签备案等信息（含撤销备案信息）实时共享至当地税务部门；暂未实现信息实时共享的地区，要建立健全工作机制，确保税务部门及时获取审核退税所需的房屋交易合同备案信息。特此公告。财政部税务总局住房城乡建设部年月日中国社会科学院财经战略研究院财政研究室主任何代欣表示，为支持居民改善住房条件，去年，财政部等部门出台了支持居民换购住房有关个人所得税政策，政策将于今年底到期。三部门此次发布的公告明确将这项政策延续实施至年底，有助于继续支持居民改善住房条件。此外，为继续支持公共租赁住房建设和运营，财政部、税务总局发布公告，明确继续实施公共租赁住房税收优惠政策至年底。来源：国家税务总局、央视新闻,0.293365310418896,2023-08-29 21:47:52
明确可以退钱了近日，财政部、国家税务总局、住房城乡建设部发布公告，延续实施支持居民换购住房相关税收优惠政策。根据公告，对出售自有住房并在现住房出售后年内在市场重新购买住房的纳税人，对其出售现住房已缴纳的个人所得税予以退税优惠，公告执行至年底。具体来看，新购住房金额大于或等于现住房转让金额的，全部退还已缴纳的个人所得税；新购住房金额小于现住房转让金额的，按新购住房金额占现住房转让金额的比例退还出售现住房已缴纳的个人所得税。财政部税务总局住房城乡建设部关于延续实施支持居民换购住房有关个人所得税政策的公告财政部税务总局住房城乡建设部公告年第号为继续支持居民改善住房条件，现就有关个人所得税政策公告如下：一、自年月日至年月日，对出售自有住房并在现住房出售后年内在市场重新购买住房的纳税人，对其出售现住房已缴纳的个人所得税予以退税优惠。其中，新购住房金额大于或等于现住房转让金额的，全部退还已缴纳的个人所得税；新购住房金额小于现住房转让金额的，按新购住房金额占现住房转让金额的比例退还出售现住房已缴纳的个人所得税。二、本公告所称现住房转让金额为该房屋转让的市场成交价格。新购住房为新房的，购房金额为纳税人在住房城乡建设部门网签备案的购房合同中注明的成交价格；新购住房为二手房的，购房金额为房屋的成交价格。三、享受本公告规定优惠政策的纳税人须同时满足以下条件：纳税人出售和重新购买的住房应在同一城市范围内。同一城市范围是指同一直辖市、副省级城市、地级市（地区、州、盟）所辖全部行政区划范围。出售自有住房的纳税人与新购住房之间须直接相关，应为新购住房产权人或产权人之一。四、符合退税优惠政策条件的纳税人应向主管税务机关提供合法、有效的售房、购房合同和主管税务机关要求提供的其他有关材料，经主管税务机关审核后办理退税。五、各级住房城乡建设部门应与税务部门建立信息共享机制，将本地区房屋交易合同网签备案等信息（含撤销备案信息）实时共享至当地税务部门；暂未实现信息实时共享的地区，要建立健全工作机制，确保税务部门及时获取审核退税所需的房屋交易合同备案信息。特此公告。财政部税务总局住房城乡建设部年月日中国社会科学院财经战略研究院财政研究室主任何代欣表示，为支持居民改善住房条件，去年，财政部等部门出台了支持居民换购住房有关个人所得税政策，政策将于今年底到期。三部门此次发布的公告明确将这项政策延续实施至年底，有助于继续支持居民改善住房条件。此外，为继续支持公共租赁住房建设和运营，财政部、税务总局发布公告，明确继续实施公共租赁住房税收优惠政策至年底。来源：国家税务总局央视新闻大众日报,0.501486796819679,2023-08-29 15:57:23
三部门发布延续实施支持居民换购住房有关个人所得税政策《关于延续实施支持居民换购住房有关个人所得税政策的公告》发布，明确自年月日至年月日，对出售自有住房并在现住房出售后年内在市场重新购买住房的纳税人，对其出售现住房已缴纳的个人所得税予以退税优惠。（中国建设报）网页链接,0.0287971090224799,------
个税全退，换房正当时月日，财政部、税务总局、住建部发布《关于延续实施支持居民换购住房有关个人所得税政策的公告》。自年月日至年月日，出售自有住房并在年内重新购买住房的纳税人，售房缴纳的个人所得税全部退还。点评：个税是很大一项税负，尤其是豪宅的交易，个税很高，这个政策对于前期已经在房价上涨中获利的人来说是很有好处的，前期房价已经上涨很多，但是房龄过了多年，继续涨价潜力变弱，或者自己有更好的居住需求，都可以卖旧换新，这就是我们说的，当下应该趁机整理房产资产的时候，不要被网上的舆论影响情绪，那些跟你有关系也没关系，凡是在国内的钱，未来都会随着现金而贬值，还不如整理为优质房产呢。北京微博房产,-0.7280234601827509,2023-08-29 10:42:55
关于延续实施支持居民换购住房有关个人所得税政策的公告财政部、税务总局、住房城乡建设部发布年第号公告，明确自年月日至年月日，对出售自有住房并在现住房出售后年内在市场重新购买住房的纳税人，对其出售现住房已缴纳的个人所得税予以退税优惠。其中，新购住房金额大于或等于现住房转让金额的，全部退还已缴纳的个人所得税；新购住房金额小于现住房转让金额的，按新购住房金额占现住房转让金额的比例退还出售现住房已缴纳的个人所得税。（中国政府网）,0.009000860881211,2023-08-29 09:58:56
三部门：居民换购住房有关个人所得税政策延续实施财政部、国家税务总局、住房城乡建设部近日发布公告，延续实施支持居民换购住房相关税收优惠政策。三部门：居民换购住房有关个人所得税政策延续实施,0.0,2023-08-29 20:44:41
三部门：延续实施支持居民换购住房有关个人所得税政策财政部、税务总局、住房城乡建设部发布《关于延续实施支持居民换购住房有关个人所得税政策的公告》。一、自年月日至年月日，对出售自有住房并在现住房出售后年内在市场重新购买住房的纳税人，对其出售现住房已缴纳的个人所得税予以退税优惠。其中，新购住房金额大于或等于现住房转让金额的，全部退还已缴纳的个人所得税；新购住房金额小于现住房转让金额的，按新购住房金额占现住房转让金额的比例退还出售现住房已缴纳的个人所得税。二、本公告所称现住房转让金额为该房屋转让的市场成交价格。新购住房为新房的，购房金额为纳税人在住房城乡建设部门网签备案的购房合同中注明的成交价格；新购住房为二手房的，购房金额为房屋的成交价格。详情如下,0.0263175407181902,2023-08-29 10:02:40
伊川人刚刚购房新政接连发布据新华社消息，记者日从住房和城乡建设部获悉，近日住房城乡建设部、中国人民银行、金融监管总局联合印发了《关于优化个人住房贷款中住房套数认定标准的通知》，推动落实购买首套房贷款“认房不用认贷”政策措施。通知明确，居民家庭（包括借款人、配偶及未成年子女）申请贷款购买商品住房时，家庭成员在当地名下无成套住房的，不论是否已利用贷款购买过住房，银行业金融机构均按首套住房执行住房信贷政策。此项政策作为政策工具，纳入“一城一策”工具箱，供城市自主选用。据住房城乡建设部有关负责同志介绍，此项政策将使更多购房人能够享受首套房贷款的首付比例和利率优惠，有助于降低居民购房成本，更好满足刚性和改善性住房需求。同在月日，财政部、税务总局、住房城乡建设部发布《关于延续实施支持居民换购住房有关个人所得税政策的公告》。关于延续实施支持居民换购住房有关个人所得税政策的公告财政部税务总局住房城乡建设部公告年第号为继续支持居民改善住房条件，现就有关个人所得税政策公告如下：一、自年月日至年月日，对出售自有住房并在现住房出售后年内在市场重新购买住房的纳税人，对其出售现住房已缴纳的个人所得税予以退税优惠。其中，新购住房金额大于或等于现住房转让金额的，全部退还已缴纳的个人所得税；新购住房金额小于现住房转让金额的，按新购住房金额占现住房转让金额的比例退还出售现住房已缴纳的个人所得税。二、本公告所称现住房转让金额为该房屋转让的市场成交价格。新购住房为新房的，购房金额为纳税人在住房城乡建设部门网签备案的购房合同中注明的成交价格；新购住房为二手房的，购房金额为房屋的成交价格。三、享受本公告规定优惠政策的纳税人须同时满足以下条件：纳税人出售和重新购买的住房应在同一城市范围内。同一城市范围是指同一直辖市、副省级城市、地级市（地区、州、盟）所辖全部行政区划范围。出售自有住房的纳税人与新购住房之间须直接相关，应为新购住房产权人或产权人之一。四、符合退税优惠政策条件的纳税人应向主管税务机关提供合法、有效的售房、购房合同和主管税务机关要求提供的其他有关材料，经主管税务机关审核后办理退税。五、各级住房城乡建设部门应与税务部门建立信息共享机制，将本地区房屋交易合同网签备案等信息（含撤销备案信息）实时共享至当地税务部门；暂未实现信息实时共享的地区，要建立健全工作机制，确保税务部门及时获取审核退税所需的房屋交易合同备案信息。特此公告。财政部税务总局住房城乡建设部年月日,0.3436163173187518,2023-08-29 21:38:54
关于贷款套数认定、个税退税优惠，这些重磅购房政策明确日从住房和城乡建设部获悉，近日住房城乡建设部、中国人民银行、金融监管总局联合印发了《关于优化个人住房贷款中住房套数认定标准的通知》，推动落实购买首套房贷款“认房不用认贷”政策措施。通知明确，居民家庭（包括借款人、配偶及未成年子女）申请贷款购买商品住房时，家庭成员在当地名下无成套住房的，不论是否已利用贷款购买过住房，银行业金融机构均按首套住房执行住房信贷政策。此项政策作为政策工具，纳入“一城一策”工具箱，供城市自主选用。据住房城乡建设部有关负责同志介绍，此项政策将使更多购房人能够享受首套房贷款的首付比例和利率优惠，有助于降低居民购房成本，更好满足刚性和改善性住房需求。三部门：延续实施支持居民换购住房有关个人所得财政部、税务总局、住房城乡建设部发布《关于延续实施支持居民换购住房有关个人所得税政策的公告》。自年月日至年月日，对出售自有住房并在现住房出售后年内在市场重新购买住房的纳税人，对其出售现住房已缴纳的个人所得税予以退税优惠。其中，新购住房金额大于或等于现住房转让金额的，全部退还已缴纳的个人所得税；新购住房金额小于现住房转让金额的，按新购住房金额占现住房转让金额的比例退还出售现住房已缴纳的个人所得税。本公告所称现住房转让金额为该房屋转让的市场成交价格。新购住房为新房的，购房金额为纳税人在住房城乡建设部门网签备案的购房合同中注明的成交价格；新购住房为二手房的，购房金额为房屋的成交价格。来源：新华社、央视新闻客户端,1.0,2023-08-29 10:16:53
三部门：延续实施支持居民换购住房有关个人所得税政策财政部、税务总局、住房城乡建设部发布《关于延续实施支持居民换购住房有关个人所得税政策的公告》。一、自年月日至年月日，对出售自有住房并在现住房出售后年内在市场重新购买住房的纳税人，对其出售现住房已缴纳的个人所展开,0.0456774121032048,2023-08-29 09:59:18
三部门：延续实施支持居民换购住房有关个人所得税政策评：没啥影响,0.3018714370905217,2023-08-29 09:53:26
关于延续实施支持居民换购住房有关个人所得税政策的公告财政部、税务总局、住房城乡建设部发布年第号公告，明确自年月日至年月日，对出售自有住房并在现住房出售后年内在市场重新购买住房的纳税人，对其出售现住房已缴纳的个人所得税予以退税优惠。其中，新购住房金额大于或展开,0.0190186559806182,------
速看换房有钱退，延续至年底近日财政部、国家税务总局、住房城乡建设部发布公告延续实施支持居民换购住房相关税收优惠政策换房有钱退了根据公告，对出售自有住房并在现住房出售后年内在市场重新购买住房的纳税人，对其出售现住房已缴纳的个人所得税予以退税优惠，公告执行至年底。具体来看，新购住房金额大于或等于现住房转让金额的，全部退还已缴纳的个人所得税；新购住房金额小于现住房转让金额的，按新购住房金额占现住房转让金额的比例退还出售现住房已缴纳的个人所得税。财政部税务总局住房城乡建设部关于延续实施支持居民换购住房有关个人所得税政策的公告为继续支持居民改善住房条件，现就有关个人所得税政策公告如下：一、自年月日至年月日，对出售自有住房并在现住房出售后年内在市场重新购买住房的纳税人，对其出售现住房已缴纳的个人所得税予以退税优惠。其中，新购住房金额大于或等于现住房转让金额的，全部退还已缴纳的个人所得税；新购住房金额小于现住房转让金额的，按新购住房金额占现住房转让金额的比例退还出售现住房已缴纳的个人所得税。二、本公告所称现住房转让金额为该房屋转让的市场成交价格。新购住房为新房的，购房金额为纳税人在住房城乡建设部门网签备案的购房合同中注明的成交价格；新购住房为二手房的，购房金额为房屋的成交价格。三、享受本公告规定优惠政策的纳税人须同时满足以下条件：纳税人出售和重新购买的住房应在同一城市范围内。同一城市范围是指同一直辖市、副省级城市、地级市（地区、州、盟）所辖全部行政区划范围。出售自有住房的纳税人与新购住房之间须直接相关，应为新购住房产权人或产权人之一。四、符合退税优惠政策条件的纳税人应向主管税务机关提供合法、有效的售房、购房合同和主管税务机关要求提供的其他有关材料，经主管税务机关审核后办理退税。五、各级住房城乡建设部门应与税务部门建立信息共享机制，将本地区房屋交易合同网签备案等信息（含撤销备案信息）实时共享至当地税务部门；暂未实现信息实时共享的地区，要建立健全工作机制，确保税务部门及时获取审核退税所需的房屋交易合同备案信息。特此公告。财政部税务总局住房城乡建设部年月日中国社会科学院财经战略研究院财政研究室主任何代欣表示，为支持居民改善住房条件，去年，财政部等部门出台了支持居民换购住房有关个人所得税政策，政策将于今年底到期。三部门此次发布的公告明确将这项政策延续实施至年底，有助于继续支持居民改善住房条件。此外，为继续支持公共租赁住房建设和运营，财政部、税务总局发布公告，明确继续实施公共租赁住房税收优惠政策至年底。来源：国家税务总局、央视新闻山东潍坊坊子融媒：李炳霏彭海程,0.2256892460663507,2023-08-29 10:42:55
退钱了退钱了近日财政部、国家税务总局、住房城乡建设部发布公告延续实施支持居民换购住房相关税收优惠政策根据公告，对出售自有住房并在现住房出售后年内在市场重新购买住房的纳税人，对其出售现住房已缴纳的个人所得税予以退税优惠，公告执行至年底。具体来看，新购住房金额展开,0.5044203926465762,2023-08-29 09:58:56
明确可以退钱了近日，财政部、国家税务总局、住房城乡建设部发布公告，延续实施支持居民换购住房相关税收优惠政策。根据公告，对出售自有住房并在现住房出售后年内在市场重新购买住房的纳税人，对其出售现住房已缴纳的个人所得税予以退税优惠，公告执行至年底。具体来看，新购住房金额大于或等于现住房转让金额的，全部退还已缴纳的个人所得税；新购住房金额小于现住房转让金额的，按新购住房金额占现住房转让金额的比例退还出售现住房已缴纳的个人所得税。财政部税务总局住房城乡建设部关于延续实施支持居民换购住房有关个人所得税政策的公告财政部税务总局住房城乡建设部公告年第号为继续支持居民改善住房条件，现就有关个人所得税政策公告如下：一、自年月日至年月日，对出售自有住房并在现住房出售后年内在市场重新购买住房的纳税人，对其出售现住房已缴纳的个人所得税予以退税优惠。其中，新购住房金额大于或等于现住房转让金额的，全部退还已缴纳的个人所得税；新购住房金额小于现住房转让金额的，按新购住房金额占现住房转让金额的比例退还出售现住房已缴纳的个人所得税。二、本公告所称现住房转让金额为该房屋转让的市场成交价格。新购住房为新房的，购房金额为纳税人在住房城乡建设部门网签备案的购房合同中注明的成交价格；新购住房为二手房的，购房金额为房屋的成交价格。三、享受本公告规定优惠政策的纳税人须同时满足以下条件：纳税人出售和重新购买的住房应在同一城市范围内。同一城市范围是指同一直辖市、副省级城市、地级市（地区、州、盟）所辖全部行政区划范围。出售自有住房的纳税人与新购住房之间须直接相关，应为新购住房产权人或产权人之一。四、符合退税优惠政策条件的纳税人应向主管税务机关提供合法、有效的售房、购房合同和主管税务机关要求提供的其他有关材料，经主管税务机关审核后办理退税。五、各级住房城乡建设部门应与税务部门建立信息共享机制，将本地区房屋交易合同网签备案等信息（含撤销备案信息）实时共享至当地税务部门；暂未实现信息实时共享的地区，要建立健全工作机制，确保税务部门及时获取审核退税所需的房屋交易合同备案信息。特此公告。财政部税务总局住房城乡建设部年月日中国社会科学院财经战略研究院财政研究室主任何代欣表示，为支持居民改善住房条件，去年，财政部等部门出台了支持居民换购住房有关个人所得税政策，政策将于今年底到期。三部门此次发布的公告明确将这项政策延续实施至年底，有助于继续支持居民改善住房条件。此外，为继续支持公共租赁住房建设和运营，财政部、税务总局发布公告，明确继续实施公共租赁住房税收优惠政策至年底。来源：国家税务总局央视新闻大众日报,1.0,2023-08-29 20:44:41
延续优化完善税费优惠政策最新政策税收优惠政策财政部税务总局公告年第号：关于继续实施公共租赁住房税收优惠政策的公告,-0.0189560603905164,2023-08-29 10:02:40
延续优化完善税费优惠政策最新政策税收优惠政策财政部税务总局公告年第号：关于继续实施公共租赁住房税收优惠政策的公告为继续支持公共租赁住房（以下称公租房）建设和运营，现将有关税收优惠政策公告如下：一、对公租房建设期间用地及公租房建成后占地，免征城镇土地使用税。在其他住房项目中配套建设公租房，按公租房建筑面积占总建筑面积的比例免征建设、管理公租房涉及的城镇土地使用税。二、对公租房经营管理单位免征建设、管理公租房涉及的印花税。在其他住房项目中配套建设公租房，按公租房建筑面积占总建筑面积的比例免征建设、管理公租房涉及的印花税。三、对公租房经营管理单位购买住房作为公租房，免征契税、印花税；对公租房租赁双方免征签订租赁协议涉及的印花税。四、对企事业单位、社会团体以及其他组织转让旧房作为公租房房源，且增值额未超过扣除项目金额的，免征土地增值税。五、企事业单位、社会团体以及其他组织捐赠住房作为公租房，符合税收法律法规规定的，对其公益性捐赠支出在年度利润总额以内的部分，准予在计算应纳税所得额时扣除，超过年度利润总额的部分，准予结转以后三年内在计算应纳税所得额时扣除。个人捐赠住房作为公租房，符合税收法律法规规定的，对其公益性捐赠支出未超过其申报的应纳税所得额的部分，准予从其应纳税所得额中扣除。六、对符合地方政府规定条件的城镇住房保障家庭从地方政府领取的住房租赁补贴，免征个人所得税。七、对公租房免征房产税。对经营公租房所取得的租金收入，免征增值税。公租房经营管理单位应单独核算公租房租金收入，未单独核算的，不得享受免征增值税、房产税优惠政策。八、享受上述税收优惠政策的公租房是指纳入省、自治区、直辖市、计划单列市人民政府及新疆生产建设兵团批准的公租房发展规划和年度计划，或者市、县人民政府批准建设（筹集），并按照《关于加快发展公共租赁住房的指导意见》（建保号）和市、县人民政府制定的具体管理办法进行管理的公租房。九、纳税人享受本公告规定的优惠政策，应按规定进行免税申报，并将不动产权属证明、载有房产原值的相关材料、纳入公租房及用地管理的相关材料、配套建设管理公租房相关材料、购买住房作为公租房相关材料、公租房租赁协议等留存备查。十、本公告执行至年月日。财政部税务总局年月日（点击链接查看公告网页链接）,-0.1497573505489537,2023-08-29 21:38:54
今天，三个部委新政下饺子的节奏不知道是否还有别的待批露？除了认房不用认贷、换房退税之外，这第三个是是关于公租房减税的新政：月日，财政部、税务总局联合发布关于继续实施公共租赁住房税收优惠政策的公告。具体来看，一是对公租房建设期间用地及公租房建成后占地，免征城镇土地使用税。在其他住房项目中配套建设公租房，按公租房建筑面积占总建筑面积的比例免征建设、管理公租房涉及的城镇土地使用税。二是对公租房经营管理单位免征建设、管理公租房涉及的印花税。在其他住房项目中配套建设公租房，按公租房建筑面积占总建筑面积的比例免征建设、管理公租房涉及的印花税。三是对公租房经营管理单位购买住房作为公租房，免征契税、印花税；对公租房租赁双方免征签订租赁协议涉及的印花税。四是对企事业单位、社会团体以及其他组织转让旧房作为公租房房源，且增值额未超过扣除项目金额的，免征土地增值税。五是企事业单位、社会团体以及其他组织捐赠住房作为公租房，符合税收法律法规规定的，对其公益性捐赠支出在年度利润总额以内的部分，准予在计算应纳税所得额时扣除，超过年度利润总额的部分，准予结转以后三年内在计算应纳税所得额时扣除。个人捐赠住房作为公租房，符合税收法律法规规定的，对其公益性捐赠支出未超过其申报的应纳税所得额的部分，准予从其应纳税所得额中扣除。六是对符合地方政府规定条件的城镇住房保障家庭从地方政府领取的住房租赁补贴，免征个人所得税。七是对公租房免征房产税。对经营公租房所取得的租金收入，免征增值税。公租房经营管理单位应单独核算公租房租金收入，未单独核算的，不得享受免征增值税、房产税优惠政策。八是享受上述税收优惠政策的公租房是指纳入省、自治区、直辖市、计划单列市人民政府及新疆生产建设兵团批准的公租房发展规划和年度计划，或者市、县人民政府批准建设（筹集），并按照《关于加快发展公共租赁住房的指导意见》（建保号）和市、县人民政府制定的具体管理办法进行管理的公租房。九是纳税人享受本公告规定的优惠政策，应按规定进行免税申报，并将不动产权属证明、载有房产原值的相关材料、纳入公租房及用地管理的相关材料、配套建设管理公租房相关材料、购买住房作为公租房相关材料、公租房租赁协议等留存备查。杨评：公租房，现在是租房领域中的纯保障房了，各种减税，其实也是在为各类国企减税，等于是左口袋的钱转至右口袋。而近两年很多大中城市着力推进的是保障性租赁房，这东东是带有一定保障色彩的、具有一定市场化程度的租赁房，真正该大力减税的是这个东东。当然，还应大力减税是纯市场化的长租公寓，很多经营企业近几年一直在亏钱，同时受上面两类租赁的冲击越来越大,-0.9299132752820246,2023-08-29 10:16:53
宏观经济住建部、央行、金融监管总局：推动落实购买首套房贷款“认房不用认贷”政策措施。降低居民购房成本，更好满足刚性和改善性住房需求。财政部、税务总局：延续实施支持居民换购住房有关个人所得税政策。继续实施公共租赁住房税收优惠政策。,-0.014393232562115,2023-08-29 09:59:18
实时快报：财政部、税务总局：继续实施公共租赁住房税收优惠政策云财经讯，对公租房建设期间用地及公租房建成后占地，免征城镇土地使用税。在其他住房项目中配套建设公租房，按公租房建筑面积占总建筑面积的比例免征建设、管理公租房涉及的城镇土地使用税。对公租房经营管理单位免征建设、管理公租房涉及的印花税。在其他住房项目中配套建设公租房，按公租房建筑面积占总建筑面积的比例免征建设、管理公租房涉及的印花税。对公租房经营管理单位购买住房作为公租房，免征契税、印花税；对公租房租赁双方免征签订租赁协议涉及的印花税。,-0.00697667278921,2023-08-29 09:53:26
天津：非本市户籍大学毕业生在本市住房限购区域无住房的可凭劳动合同或企业注册证明和毕业证购买一套住房财联社月日电，天津市住房城乡建设委等四部门发布关于进一步调整优化房地产政策更好满足居民刚性和改善性住房需求的通知。继续实施促进房地产业良性循环和健康发展一揽子政策措施，促进住房供需精准对接，支持大学毕业生合理购房需求，非本市户籍大学毕业生在本市住房限购区域无住房的，可凭劳动合同或企业注册证明和毕业证购买一套住房。进一步加强精准调控，将本市住房限购区域调整为市内六区，居民在住房限购区域内购买新建商品住房或二手住房的，仍然执行本市住房限购套数及资格政策。在本市非住房限购区域内，居民家庭购房办理商业性个人住房贷款的，按照不实施限购措施城市的差别化住房信贷政策执行。延长本市商业性个人住房贷款最长期限。鼓励各区人民政府向在本区购买新建商品住房的购房人发放一定补贴，减轻购房负担。具体补贴标准、操作程序和实施时间，由各区人民政府确定并组织实施。,0.1692712335901798,2023-09-01 20:29:59
“金九银十”前夜，楼市重磅金融支持政策落地，购房门槛、成本将明显降低。月日晚间，央行、国家金管总局发出《关于调整优化差别化住房信贷政策的通知》，《关于降低存量首套住房贷款利率有关事项的通知》，以支持各地因城施策用好政策工具箱，引导个人住房贷款实际首付比例和利率下行。,0.0131353077894763,------
津报聚焦天津进一步调整优化房地产政策支持刚性和改善性住房需求日前，市住房城乡建设委等四部门印发《关于进一步调整优化房地产政策更好满足居民刚性和改善性住房需求的通知》，适应房地产市场供求关系发生重大变化的新形势，因区施策，精准调控，进一步调整优化房地产政策，更好满足居民刚性和改善性住房需求。《通知》主要包括五方面内容：一、支持刚性住房需求。继续实施促进房地产业良性循环和健康发展一揽子政策措施，促进住房供需精准对接，支持大学毕业生合理购房需求，非本市户籍大学毕业生在本市住房限购区域无住房的，可凭劳动合同或企业注册证明和毕业证购买一套住房。二、优化区域限购措施。进一步加强精准调控，将本市住房限购区域调整为市内六区，居民在住房限购区域内购买新建商品住房或二手住房的，仍然执行本市住房限购套数及资格政策。三、完善住房信贷政策。在本市非住房限购区域内，居民家庭购房办理商业性个人住房贷款的，按照不实施限购措施城市的差别化住房信贷政策执行。延长本市商业性个人住房贷款最长期限。四、鼓励发放购房补贴。鼓励各区人民政府向在本区购买新建商品住房的购房人发放一定补贴，减轻购房负担。具体补贴标准、操作程序和实施时间，由各区人民政府确定并组织实施。五、营造良好舆论环境。加强房地产市场正面宣传和舆论引导，及时发布房地产市场运行情况及政策信息，稳定住房消费预期。持续加强房地产领域负面舆情整治，坚决打击各类机构及个人制造传播不实信息等行为，营造良好房地产市场舆论环境。市住房城乡建设委有关负责同志表示，上述政策从适应我市房地产市场发展新形势出发，有利于更好支持合理住房需求，对于本市户籍居民，在限购区域内有住房的，可以在非限购区域继续购房，改善居住条件；对于外地户籍居民，可以直接在非限购区域购房居住生活。特别是方便京冀等周边区域居民来津工作生活，促进人才互通交流，服务京津冀协同发展。下一步，我市将继续完善住房市场和住房保障体系，加强市场监测和政策储备，持续优化房地产调控工作，促进房地产市场平稳健康发展。（记者陈璠）,-0.0002988393617504,2023-09-05 08:14:57
人民银行山东省分行公示各地市首套房贷款利率政策下限情况根据《中国人民银行国家金融监督管理总局关于降低存量首套住房贷款利率有关事项的通知》《中国人民银行国家金融监督管理总局关于调整优化差别化住房信贷政策的通知》有关工作安排，现将山东人民银行山东省分行公示各地市首套房贷款利率政策下限情况,-0.0288946509558943,2023-09-04 07:24:36
住建动态市住房城乡建设委等四部门关于进一步调整优化房地产政策更好满足居民刚性和改善性住房需求的通知各区人民政府，各有关单位：为贯彻落实党中央、国务院决策部署，适应房地产市场供求关系发生重大变化的新形势，因区施策，精准调控，更好满足居民刚性和改善性住房需求，促进房地产市场平稳健康发展，经市人民政府同意，现就调整优化的房地产政策通知如下：一、支持刚性住房需求继续实施促进房地产业良性循环和健康发展一揽子政策措施，促进住房供需精准对接，支持大学毕业生合理购房需求，非本市户籍大学毕业生在本市住房限购区域无住房的，可凭劳动合同或企业注册证明和毕业证购买一套住房。二、优化区域限购措施进一步加强精准调控，将本市住房限购区域调整为市内六区，居民在住房限购区域内购买新建商品住房或二手住房的，仍然执行本市住房限购套数及资格政策。三、完善住房信贷政策在本市非住房限购区域内，居民家庭购房办理商业性个人住房贷款的，按照不实施限购措施城市的差别化住房信贷政策执行。延长本市商业性个人住房贷款最长期限。四、鼓励发放购房补贴鼓励各区人民政府向在本区购买新建商品住房的购房人发放一定补贴，减轻购房负担。具体补贴标准、操作程序和实施时间，由各区人民政府确定并组织实施。五、营造良好舆论环境加强房地产市场正面宣传和舆论引导，及时发布房地产市场运行情况及政策信息，稳定住房消费预期。持续加强房地产领域负面舆情整治，坚决打击各类机构及个人制造传播不实信息等行为，营造良好房地产市场舆论环境。本通知自年月日起施行，此前有关政策规定与本通知不一致的，以本通知为准。市住房城乡建设委市规划资源局中国人民银行天津市分行国家金融监督管理总局天津监管局年月日,-0.0002812477924878,2023-09-03 08:39:27
皋城百事通最新房贷政策重要调整月日，中国人民银行网站发布《中国人民银行国家金融监督管理总局关于调整优化差别化住房信贷政策的通知》、《中国人民银行国家金融监督管理总局关于降低存量首套住房贷款利率有关事项的通知》。最新房贷政策重要调整,-0.0053610113335007,2023-09-02 09:24:35
重庆购房新政解读重庆购房新政重庆购房新政有这些重大变化如何办理看这里月日晚，重庆市住房城乡建委发布了《关于进一步支持刚性和改善性购房需求的通知》，新旧政策有何不同？该如何办理？对于居民的疑问，相关负责人进行了解读。问：实施支持居民换购住房个人所得税政策与原政策有何不同？如何办理？答：年月日，财政部、税务总局联合发布公告（年第号），明确在年月日至年月日期间，纳税人出售自有住房并在现住房出售后年内，在同一城市重新购买住房的，可按规定申请退还其出售现住房已缴纳的个人所得税。今年月日，财政部、税务总局、住房城乡建设部再次联合发布公告（年第号），明确自年月日至年月日，对出售自有住房并在现住房出售后年内在市场重新购买住房的纳税人，对其出售现住房已缴纳的个人所得税予以退税优惠。新政策是对原政策的延续实施。按照公告要求，符合退税优惠政策条件的纳税人应向主管税务机关提供合法、有效的售房、购房合同和主管税务机关要求提供的其他有关材料，经主管税务机关审核后办理退税。本条政策由市财政局、市住房城乡建委负责解释和执行。问：新购住房再交易管理政策有什么调整变化？答：为更好适应当前房地产市场形势，我市在坚持“新房新政策、老房老政策”的原则下，对新购住房再交易管理政策进行了优化调整：一是原有已纳入限售范围的住房，统一按原政策执行，限售期满后予以解除；二是本《通知》印发执行后，在中心城区新购的新建商品住房和二手住房，由“须取得不动产权证满年后才能上市交易”调整为“取得房屋买卖合同备案证明满年，且取得不动产权证后才能上市交易”。本条政策由市住房城乡建委负责解释和执行。问：年市级秋交会期间购房有哪些优惠政策？答：年市级秋交会期间，在中心城区购买房屋的，由房屋所在地区政府（管委会）给予一定的购房补贴。主要有：一是契税返还，一般为、最高可达；二是现金补贴，住宅为元套、非住房为元套；三是对人才和多孩家庭提高补贴标准。本条具体政策由中心城区各区政府（管委会）负责解释和执行。问：个人住房套数认定标准有哪些新调整？答：按照住房城乡建设部、中国人民银行、金融监管总局关于“认房不认贷”政策规定，对居民家庭（包括借款人、配偶及未成年子女）在我市申请贷款购买商品住房时，家庭成员在当地名下无成套住房的，不论是否已利用贷款购买过住房，银行业金融机构均按首套住房执行住房信贷政策。本条政策由市住房城乡建委、中国人民银行重庆市分行、国家金融监督管理总局重庆监管局负责解释和执行。问：如何执行差别化住房信贷政策？答：按照今年月日《中国人民银行金融监管总局关于调整优化差别化住房信贷政策的通知》要求，调整首套和二套住房商业性个人住房贷款最低首付款比例和利率下限。对于贷款购买商品住房的居民家庭，首套住房商业性个人住房贷款最低首付款比例由调整为不低于，二套住房商业性个人住房贷款最低首付款比例由调整为不低于。首套住房商业性个人住房贷款利率政策下限按现行规定执行，即不低于相应期限贷款市场报价利率减个基点；二套住房商业性个人住房贷款利率政策下限由不低于相应期限贷款市场报价利率加个基点调整为不低于相应期限贷款市场报价利率加个基点。对拥有套及以上住房并已结清相应购房贷款的家庭，又申请贷款购买住房的，银行业金融机构应根据借款人偿付能力、信用状况等因素审慎把握并具体确定首付款比例和贷款利率水平，但不得低于二套房最低首付比例和最低利率水平。本条政策由中国人民银行重庆市分行负责解释和执行。（上游新闻记者陈竹）上游新闻,-0.140665178400696,------
重庆执行认房不认贷重庆市住房城乡建委网站月日消息，重庆市促进房地产市场平稳健康发展领导小组办公室发布《关于进一步支持刚性和改善性购房需求的通知》，具体内容如下。重庆市促进房地产市场平稳健康发展领导小组办公室关于进一步支持刚性和改善性购房需求的通知各区县（自治县）人民政府，市级有关部门，有关单位：为认真贯彻落实月日中央政治局会议精神，以及住房城乡建设部、财政部、中国人民银行等相关部委要求，因城施策用好政策工具箱，更好满足居民刚性和改善性住房需求，促进房地产市场健康发展，经报请市政府同意，现将有关事项通知如下。一、延续实施支持居民换购住房个人所得税政策自年月日至年月日，对出售自有住房并在现住房出售后年内在市场重新购买住房的纳税人，对其出售现住房已缴纳的个人所得税予以退税优惠。二、优化新购住房再交易管理将中心城区范围内新购的住房由“须取得不动产权证满年后才能上市交易”调整为“取得房屋买卖合同备案证明满年，且取得不动产权证后才能上市交易”。三、实施市级秋交会期间购房补贴政策年市级秋交会期间，在中心城区购买房屋的，给予一定的购房补贴。购房补贴政策由各区政府（管委会）根据实际情况制定和执行。四、优化个人住房套数认定标准居民家庭（包括借款人、配偶及未成年子女）申请贷款购买商品住房时，家庭成员在当地名下无成套住房的，不论是否已利用贷款购买过住房，银行业金融机构均按首套住房执行住房信贷政策。五、调整优化差别化住房信贷政策对于贷款购买商品住房的居民家庭，首套住房商业性个人住房贷款最低首付款比例为不低于，二套住房商业性个人住房贷款最低首付款比例为不低于。首套住房商业性个人住房贷款利率政策下限按现行规定执行，二套住房商业性个人住房贷款利率政策下限调整为不低于相应期限贷款市场报价利率加个基点。对拥有二套及以上住房并已结清相应购房贷款的家庭，又申请贷款购买住房，银行业金融机构应根据借款人偿付能力、信用状况等因素审慎把握并具体确定首付款比例和贷款利率水平，但不得低于二套房最低首付比例和最低利率水平。本通知自印发之日起执行，原有相关规定与本通知不一致的，以本通知为准。重庆市促进房地产市场平稳健康发展领导小组办公室年月日,0.0226488553851938,2023-09-01 20:56:38
重庆官宣认房不认贷重磅重庆认房不认贷二手房交易、购房首付比例有调整月日，重庆发布《重庆市促进房地产市场平稳健康发展领导小组办公室关于进一步支持刚性和改善性购房需求的通知》，全文如下：各区县（自治县）人民政府，市级有关部门，有关单位：为认真贯彻落实月日中央政治局会议精神，以及住房城乡建设部、财政部、中国人民银行等相关部委要求，因城施策用好政策工具箱，更好满足居民刚性和改善性住房需求，促进房地产市场健康发展，经报请市政府同意，现将有关事项通知如下。一、延续实施支持居民换购住房个人所得税政策自年月日至年月日，对出售自有住房并在现住房出售后年内在市场重新购买住房的纳税人，对其出售现住房已缴纳的个人所得税予以退税优惠。二、优化新购住房再交易管理将中心城区范围内新购的住房由“须取得不动产权证满年后才能上市交易”调整为“取得房屋买卖合同备案证明满年，且取得不动产权证后才能上市交易”。三、实施市级秋交会期间购房补贴政策年市级秋交会期间，在中心城区购买房屋的，给予一定的购房补贴。购房补贴政策（附后）由各区政府（管委会）根据实际情况制定和执行。四、优化个人住房套数认定标准居民家庭（包括借款人、配偶及未成年子女）申请贷款购买商品住房时，家庭成员在当地名下无成套住房的，不论是否已利用贷款购买过住房，银行业金融机构均按首套住房执行住房信贷政策。调整优化差别化住房信贷政策对于贷款购买商品住房的居民家庭，首套住房商业性个人住房贷款最低首付款比例为不低于，二套住房商业性个人住房贷款最低首付款比例为不低于。首套住房商业性个人住房贷款利率政策下限按现行规定执行，二套住房商业性个人住房贷款利率政策下限调整为不低于相应期限贷款市场报价利率加个基点。对拥有二套及以上住房并已结清相应购房贷款的家庭，又申请贷款购买住房，银行业金融机构应根据借款人偿付能力、信用状况等因素审慎把握并具体确定首付款比例和贷款利率水平，但不得低于二套房最低首付比例和最低利率水平。本通知自印发之日起执行，原有相关规定与本通知不一致的，以本通知为准。,-0.0070933094590834,2023-09-01 21:19:32
楼市放出多年未见大招，房价是跌是涨？靴子终于落地。月日下午时许，中国人民银行、国家金融监督管理总局发布最新通知，调整优化住房信贷政策，其中，首套住房商贷最低首付款不低于，二套住房商贷最低首付款不低于。本次降低首付的力度可谓多年未有；此外，房贷利率也将进行较大力度的优化调整，包括降低存量房贷利率。这一政策组合拳可谓掷地有声，本次出台楼市新政，有何深意？楼市会迎来什么变化？首付比例几乎降至历史下限月日，中国人民银行、国家金融监督管理总局发布《关于调整优化差别化住房信贷政策的通知》，其中主要有四条内容。第一条是对于贷款购买商品住房的居民家庭，首套住房商业性个人住房贷款最低首付款比例统一为不低于，二套住房商业性个人住房贷款最低首付款比例统一为不低于。这一新政即为首套房首付、二套房首付，近十年前，这一政策曾出台过，其后多年，首套房首付最低、二套房首付最低的房贷政策在全国层面长期执行，部分城市有所加码，二套房首付比例要求更高。以一套总价万元的房子为例，此前首套房首付需要万元，而按照最新政策，首付只需要万元，首付资金低了很多；而如果是二套房，此前首付需要万，部分城市需要万元，而如今只需要万，购房门槛大为降低。对此，中指研究院指数研究部总经理曹晶晶表示，从首付比例来看，不论是首套房还是二套房，其最低首付比例几乎已经降至历史下限，这将能显著降低购房门槛，凸显了政策面保刚需、促改善、稳市场的用意。第二条是首套住房商业性个人住房贷款利率政策下限按现行规定执行，二套住房商业性个人住房贷款利率政策下限调整为不低于相应期限贷款市场报价利率加个基点。即首套房利率政策不变，目前五年期以上为，部分城市执行的是下调个基点、再优惠个左右基点的政策，其房贷利率为甚至更低，比如郑州、福州的首套房贷利率已调至左右。而对于二套房贷款利率，此前多个城市执行的是上调个基点，实际二套房贷利率为，根据此次最新政策，二套房上浮基点不低于个基点即可，这无疑赋予了下调二套房贷利率上浮基点的空间。第三、四条规定，中国人民银行、金融监管总局各派出机构按照因城施策原则，根据辖区内各城市房地产市场形势及当地调控要求，自主确定各城市首套和二套住房商贷最低首付款比例和利率下限；各大银行业金融机构应据此首付比例和利率下限，合理确定每笔贷款的具体首付款比例和利率水平。中国人民银行、国家金融监督管理总局有关负责人表示，此次差别化住房信贷政策调整优化的重点在于，一是统一全国商业性个人住房贷款最低首付款比例政策下限即不再区分实施“限购”城市和不实施“限购”城市，首套住房和二套住房商贷最低首付款比例政策下限统一为不低于和；二是将二套住房利率政策下限调整为不低于相应期限贷款市场报价利率（）加个基点。曹晶晶表示，此次金融监管部门打开了首付比例和利率下调的空间，根据目前的市场形势和金融监管部门的这一要求，首套房首付、二套房首付的新政将会逐步落地，二套房贷利率也将下调，尤其是由于当前多数城市房地产下行压力较大，因此预计二线城市将很快调整至下限水平等，从政策调整力度看，本次楼市新政具有较高的含金量。楼市仍处于下行期今年以来，楼市曾在、月份有所回升，但进入下半年，楼市多个指标均呈现下跌态势。国家统计局公布，月份，全国房地产开发投资亿元，同比下降；其中，住宅投资亿元，下降。月份，房地产开发企业房屋施工面积万平方米，同比下降。房屋新开工面积万平方米，下降。其中，住宅新开工面积万平方米，下降。与此同时，楼市成交量价也出现下滑，月份，商品房销售面积万平方米，同比下降。尤其是，今年上半年商品房销售额连续多月保持同比正增长的态势，但月份以来，前个月商品房销售额亿元，下降。月份，个大中城市中，新建商品住宅和二手住宅价格环比上涨城市分别有个和个，比上月分别减少个和个；同比上涨城市分别有个和个，比上月均减少个。对此，国家统计局城市司首席统计师绳国庆表示，年月份，个大中城市商品住宅销售价格上涨城市个数减少，各线城市商品住宅销售价格环比持平或下降、同比有涨有降。“目前市场显然是跌过头了，”月日，在万科年中期业绩推介会上，万科董事会主席郁亮表示，市场低迷持续了一段时间，市场情绪已经受到影响，容易出现各种“过度反应”。他表示，以新开工数来看，年新开工数下降，年新开工量下降，今年上半年继续下降约。如果以年作为基数，新开工数已经整体下降约，回到了年的水平。中国社科院财经战略研究院住房大数据项目组组长邹琳华向中国新闻周刊表示，房地产领域的风险点较多且连接面广，比如烂尾楼风险、房地产企业爆雷风险、土地财政风险、断供风险等，都属于非常棘手的风险。这些风险一旦触发，容易直接联接金融体系和地方财政。因而，房地产相对更容易率先引发经济风险。邹琳华认为，与日本房地产泡沫期相比，我国仍处于城市化阶段，人均收入和生活水平离发达国家还在差距，存在一定规模潜在的刚性和改善性住房需求。只要政策及时妥当，房地产领域的风险相对更为可控。但如果房价在内外部因素的综合作用下持续下滑且无有效抑制手段，这些风险点也容易被触发。由于房地产风险连接面广，抑制房地产风险的蔓延，就需要付出更大成本。中国人民银行、国家金融监督管理总局有关负责人表示，月日中央政治局会议明确，适应我国房地产市场供求关系发生重大变化的新形势，适时调整优化房地产政策，因城施策用好政策工具箱。月日国务院常务会议提出，根据不同需求、不同城市等推出有利于房地产市场平稳健康发展的政策举措，加快研究构建房地产业新发展模式。根据部署，此次对现行差别化住房信贷政策进行了调整优化，支持各地因城施策用好政策工具箱，引导个人住房贷款实际首付比例和利率下行，更好满足刚性和改善性住房需求。楼市会怎样走？邹琳华表示，为了及时有效应对周期性、结构性供大于求带来的市场冲击，以及防范可能由此触发的经济风险，同时支持刚性和改善性住房需求，可采取调整优化措施。为此，他建议，一是及时撤销对于住房需求不合时宜的管控限制。这些限制措施包括限购、限贷、限售、限价、限非普住宅等。这些限制措施大都是基于住房短缺、投资投机动力强大的市场背景所制订，既然房地产市场供求形势已经发生了重大变化，住房已经不再供不应求，甚至还出现了销售困难，住房投资投机者也不再涌入住房市场，这些限制政策显然已经不合时宜。此外，这些限制性政策还限制了居民刚性和改善性住房需求的释放，妨碍了市场信心的恢复，所以应该及时全面调整。二是大幅降低购房贷款利率。从当前的信贷市场供求看，无抵押的消费贷利率已经降至左右，且对这类资金的市场需求仍不足。参照无抵押消费贷利率的供求状况，目前的房贷利率水平还需要大幅降低，才可能会对市场信心恢复有一定作用。从这一角度看，楼市政策仍有调整空间。年月日，住房城乡建设部、中国人民银行、金融监管总局三部门发布《关于优化个人住房贷款中住房套数认定标准的通知》，“认房不认贷”政策终于要走向落地。月日，一线城市中的广州与深圳已经在同一天出台规定落实“认房不认贷政策”。邹琳华表示，“认房不认贷”可以释放部分购房需求，对市场信心有一定的提振作用。月日，中国人民银行、国家金融监督管理总局联合发布《关于降低存量首套住房贷款利率有关事项的通知》。自年月日起，降低存量首套住房商业性个人住房贷款利率。中国人民银行、国家金融监督管理总局有关负责人表示，对于符合条件的存量住房贷款，可由借款人主动向承贷银行提出申请，也鼓励银行以发布公告、批量办理等方式，为借款人提供更为便利的服务。调整方式上，既可以变更合同约定的住房贷款利率加点幅度，也可以由银行新发放贷款置换存量贷款，具体利率调整幅度由借贷双方协商确定。中国首席经济学家论坛理事长、上海市经济学会副会长连平表示，降低存量房贷利率可以减轻购房者的利息负担，对于刺激消费、推动房地产市场复苏会有积极作用。曹晶晶表示，整体来看，月底房地产政策优化节奏加快，多项利好政策集中赶在“金九银十”到来之前落地，将有助于促进房地产市场信心修复和预期改善，推动刚需和改善性需求入市，激活市场交易。郁亮认为，“楼市的确有前所未有的压力”，但是，政策正在发力，并且对“盘活存量项目”等对行业中长期有重大影响的方面都有提出要求，是一种对行业的鼓舞。首都经济贸易大学京津冀房地产研究院院长赵秀池告诉中国新闻周刊，楼市跟着人口走，作为人口基数大、新增人口多的一二线城市，其市场仍有一定的发展潜力。在郁亮看来，目前我国城镇化率，这个数字如果预计达到，保守估计全国每年应该有亿亿平方米的新开工数才是合理水平，目前是超跌了。房地产行业能回到健康的水平，过程中会有曲折和波浪。（中国新闻周刊）,-0.7640150151391868,------
房贷政策调整谁获益最大？日前，中国人民银行、国家金融监督管理总局联合下发《关于调整优化差别化住房信贷政策的通知》和《关于降低存量首套住房贷款利率有关事项的通知》，相关政策一经发布当即引发市场强烈关注。你的月供究竟能降多少两项通知内容均直接指向与房地产消费者最为关心的项目。差别化住房信贷政策调整优化的重点是，将统一全国商业性个人住房贷款最低首付款比例政策下限，首套为、二套为，不再区分实施“限购”城市和不实施“限购”城市。住房利率政策下限亦调整。各地可按照因城施策原则，在不低于上述全国统一政策基础上，自主确定辖区内首套和二套住房最低首付款比例和利率下限。《关于降低存量房首套住房贷款利率有关事项的通知》明确，年月日起，存量首套住房商业性个人住房贷款的借款人可向金融机构提出申请，由金融机构新发放贷款置换存量首套住房商业性个人住房贷款。据不完全统计和测算，目前，大部分城市存量房贷的利率最低下限是，此前购房者基本是按照左右的房贷利率购房，此次存量房贷利率调整后，房贷利率或能降低个基点以上。加上近日一些地方出台的“认房不认贷”新规，一些住房可能重新被认定为“首套”，从而享受新出台政策优惠。几千万户、上亿居民的财务负担或会有较明显下降，平均降幅或约为个百分点，预计对市场影响颇大。市场供求变化的必然结果“新政”晚间出通告，似乎非常突然，其实市场预期已久。月日金融统计数据情况新闻发布会上，央行政策司司长邹澜表示：“按照市场化、法治化原则，我们支持和鼓励商业银行与借款人自主协商变更合同约定，或者是新发放贷款置换原来的存量贷款。”这已经拉开政策调整市场沟通和预期的序幕。随后，月日，中国人民银行、国家外汇管理局召开年下半年工作会议，提出“将因城施策精准实施差别化住房信贷政策，继续引导个人住房贷款利率和首付比例下行，更好满足居民刚性和改善性住房需求。指导商业银行依法有序调整存量个人住房贷款利率。”月日，央行、金监局、证监会联合召开金融支持实体经济和防范化解金融风险电视会议，强调“要继续推动实体经济融资成本稳中有降，规范贷款利率定价秩序，统筹考虑增量、存量及其他金融产品价格关系”。月日开始，各大银行针对存量住房贷款利率下调发声，至此，市场基本上有共识，认为“箭在弦上”了。当然，政策密集发声、“步步为营”旨在引导市场预期，但市场预期的基础还是宏观经济形势，政策设置也同样是大形势下的相机顺应。在月日的发布会上，关于存量贷款表述前还有一段叙述，谈及房地产相关问题时，邹澜表示，“部分房企长期积累的风险仍然需要一段时间才能逐步消化考虑到我国房地产市场供求关系已经发生深刻变化”这个“深刻变化”在两个新政《通知》出台时，似也有相关监管部门工作人员提及。年，人民币个人住房贷款加权平均利率均值为，而年上半年新发放个人住房贷款加权平均利率为，前者高出后者。由于经济还在弱复苏过程中，居民资产端收益率也明显回落，如个月理财产品预期年化收益率降至、为历史最低水平。存量房贷利率高于理财、存款等稳健收益产品，居民“借新还旧、借短还长”等提前还贷意愿明显增加，提前偿还房贷需求提升。今年月，新增居民中长期贷款为负，或为居民提前偿还房贷超过当月新增贷款所致。由此可见，存量房贷利率调降是市场供求变化带来的必然结果。金融市场健康稳定发展所需降低存量房贷利率有什么好处呢？从购房端来看，居民固然会因房贷付息压力减轻，获得益处。对于房地产供给方而言，也可能刺激更多一些的需求。而对于银行等金融机构来说，虽然表面上看，存量房贷降息将会带来利息的损失，但若利率水平与市场供求形势发生扭曲，提前还贷等实则为居民对资产负债表的调整，居民资产负债表呈现收缩，商业银行经营收益也受到一定影响，并可能对金融市场造成扰动，调降利率也不能不说是金融市场健康稳定发展的需求。回看历史，年月，央行宣布决定“商业性个人住房贷款利率的下限扩大为贷款基准利率的倍”，该优惠举措主要针对于新增客户，但不少存量贷款客户通过转按揭的方式再度成为“新增客户”，从而享受七折利率优惠。房地产对经济有相当重要的支撑作用，而住房贷款是居民债务最主要的构成部分。如何稳定市场信心、降低负债端成本、稳定地产行业、提升消费能力，始终是经济的重要命题和目标。非常时期更加需要非常办法。当然，今时不同往日，就房贷而言，对比年已是更大的规模和挑战，对银行净息差和利润的影响也在加大。就房地产市场和其他消费市场而言，其规模和挑战都与十多年前不可同日而语。当我们看到一项政策的出台时，更多的配套政策和工具也需要都在路上，以保证每项政策的实际操作性，以及所有政策和工具的相互配合度，更重要的是，要不断适应变化的市场。（新京报）利息少了万购房者激动得一夜没睡,0.0001890335942662,2023-09-01 20:54:46
房贷首付比例下调，一线城市及热点二线城市最受益，但北上深存量房贷利率或难受益。央行月日发布《关于调整优化差别化住房信贷政策的通知》和《关于降低存量首套住房贷款利率有关事项的通知》引发市场一片欢腾。对于首套房，成首付，这大概是年之后第二次全国范围如此大力度普遍调整了。二套房成首付也是相当可以了。不过，对于很多城市，其实早享受到成首付，所以，此次调整或许对一线城市以及热点二线城市影响最大。在这些城市带动下，楼市向好的局面将会更加清晰。宏观上的信心提升不代表实际的购买力提升，毕竟首付比例下调仅仅是个门槛降低的问题，并没有带动购房者的购买力。所以也不可盲目乐观。现在经济与收入预期仍不稳定且不乐观，即使购房者看到如此利好很冲动我也要劝你慎重。但有一些需求将得以释放，这些人不差钱就差政策。对于存量房贷利率下调，这一次也是敲定了方案。月日北京、上海、深圳等也都相继公布房贷利率下限，不过恐怕要泼点冷水了，可能难以受益存量按揭利率下调。北京：年月至今首套商业性个人住房贷款利率下限为个。上海：年月日至今执行的利率下限水平为。深圳：年月日至今执行首套房贷利率下限水平为。央行规定的原则是，新发放贷款的利率水平，在贷款市场报价利率上的加点幅度，不得低于原贷款发放时所在城市首套住房商业性个人住房贷款利率政策下限。目前北京首套房新发放房贷利率下限为（加点），上海为（加点），深圳为（加点）。因为各地市场下行趋势下，除北上深以外，基本上都大幅下调了贷款的加点幅度，而北上深房贷利率加点政策基本上保持了稳定，所以，预计北上深很难受益存量按揭利率的可能下调，除非地方下调加点幅度。对于一些人来说，可能盼来盼去，等了个寂寞，也别光听别人怎么说，最好还是到你的承贷银行问一问，看看是否具备下调条件，能下调多少。首套房贷款最低首付比例不低于降存量首套房贷利率万存量房贷每年可省多元利息,-0.0055304566323944,2023-09-02 07:13:57
首套房贷款最低首付款比例不低于二套房贷款最低首付款比例不低于中国人民银行、国家金融监督管理总局发布关于调整优化差别化住房信贷政策的通知：对于贷款购买商品住房的居民家庭，首套住房商业性个人住房贷款最低首付款比例统一为不低于，二套住房商业性个人住房贷款最低首付款比例统一为不低于。万存量房贷每年可省多元利息（中国人民银行）中国新闻网的微博视频,-0.133414553956379,2023-09-01 23:01:53
月楼市发布的三个重大文件将有力提振市场信心楼市房地产月日住建部、人民银行、金融监管总局联合发布《关于优化个人住房贷款中住房套数认定标准的通知》，之后重点城市也陆续发布认房不认贷的通知。月日人民银行、金融监管总局联合发布《关于调整优化差别化住房信贷政策的通知》和《关于降低存量首套住房贷款利率有关事项的通知》两个文件，不再区分限购和不限购城市，将首套和二套住房贷款的最低首付比例下限统一为不低于和；二套住房利率政策下限调整为，首套住房利率政策下限仍为。,0.0053979193466161,2023-09-01 21:50:56
基金股票钛媒体每日收评今日股收评：沪指收涨，煤炭板块涨幅居前截止月日收盘，沪指报点，涨，成交额为亿元（上一交易日成交额为亿元）；深成指报点，涨，成交额为亿元（上一交易日成交额为亿元）；创业板指报点，跌，成交额为亿元（上一交易日成交额为亿元）。两市全天成交额亿元，较上一交易日缩量亿元，超股上涨。今日，受台风天气影响，沪深股通暂停交易。板块方面，煤炭板块涨幅居前，云煤能源、陕西黑猫涨停，华阳股份、兖矿能源、山西焦煤等个股涨超；大消费板块迎来全面反弹，商贸零售板块大涨，杭州解百、中央商场、人人乐、中兴商业、国芳集团、国光连锁涨停；乳品、白酒指数走高，西部牧业涨停，麦趣尔涨停，皇台酒业涨近，舍得酒业涨超；汽车整车板块涨幅靠前，众泰汽车涨超，中通客车、中国重汽等跟涨；杭州亚运会概念股盘中异动，杭州园林涨停，杭州解百、中装建设涨停。消息面：、昨日中国人民银行、国家金融监督管理总局联合发布《关于降低存量首套住房贷款利率有关事项的通知》，明确借款人可选择新发放贷款置换存量房贷，或者协商变更合同约定利率水平两种方式，调整存量首套住房商业性个人住房贷款。上述两部门还联合下发了《关于调整优化差别化住房信贷政策的通知》，明确统一全国商业性个人住房贷款最低首付款比例政策下限，首套住房和二套住房商业性个人住房贷款最低首付款比例政策下限统一为不低于和。、开源证券表示，稳增长政策有望在下半年发挥效力，尤其是在施工旺季的月、月。本周多部门推动落实首套房贷认房不认贷，推动房贷利率调整，后续有望对地产新开工带来边际改善，利多黑色产业链。当前稳增长政策超预期，煤炭股同样也会成为进攻品种，作为上游资源环节必然受到下游需求的拉升而反映出价格上涨。从安全性而言，煤炭股的估值已经处在历史的底部区域，配置性价比高。、数据显示，股家百货类上市公司中有家上半年实现盈利，家公司业绩同比正增长，家上市公司净利润为亏损，整体看，百货零售类上市公司盈利能力明显修复。从百货上市公司披露的财报看，在上半年线下消费强势复苏背景下，有不少连锁百货店持续加码线上渠道建设，线上收入也实现较大幅度增长，数智化转型逐渐提速，这也是半年报中一大特点。、中信建投表示，白酒板块月短暂反弹后，再次进入到“低情绪”“低预期”状态中，市场交易拥挤度、活跃度回落至历史较低水平，板块估值仍处于合理偏低分位。展望中秋国庆，酒厂预计加大促销支持力度，且场景复苏低基数加持，上市酒企有望取得高于行业的动销增长。长期来看，龙头酒企的竞争优势也将持续凸显，当前估值低位正是布局时机，建议积极把握低估值下龙头标的的布局机会。、业内人士表示，由于上半年积压的需求在月释放，月需求环比相对减弱，部分车企开启降价，影响板块情绪。在本届成都国际车展，比亚迪方程豹首款车型豹、智己开启预售，比亚迪宋、长安启源、极越等车型首发亮相，优质供给加速。月虽是传统淡季，但整体需求与年及历史同期相比仍然坚挺，待后续“金九银十”购车旺季到来，叠加去年低基数，需求有望快速回暖。,0.0285703804579948,------
存量首套房贷利率下调月日起可申请万存量房贷每年可省多元利息月日，中国人民银行、金融监管总局联合发布《关于降低存量首套住房贷款利率有关事项的通知》（下称“通知”）和《关于调整优化差别化住房信贷政策的通知》。通知明确，自月日起，符合相关条件的存量房贷借款人，可向金融机构提出申请，既可以变更合同约定的住房贷款利率加点幅度，也可以由银行新发放贷款置换存量贷款。降低后的存量房贷利率，依然要符合贷款发放时当地的房地产政策，即不低于当时所在城市房贷利率政策下限。接近监管的有关人士表示，存量首套住房商业性个人住房贷款利率调整后，购房者财务负担会有明显下降，利率平均降幅约为个百分点。据估算，本次调整涉及的客户可能超过万，涉及调整的贷款规模可能达万亿元。以万元、年期、原利率的存量房贷为例，假设房贷利率降至，可节约借款人利息支出每年超元。“存量住房贷款利率的下降，对借款人来说，可节约利息支出，有利于扩大消费和投资。对银行来说，可有效减少提前还贷现象，减轻对银行利息收入的影响。”上述人士说，存量住房贷款利率的下降还可压缩违规使用经营贷、消费贷置换存量住房贷款的空间，减少风险隐患。那么，在两种调整方式中，借款人应该如何选择？上述人士告诉上海证券报记者，从调整结果上看，由于中国人民银行已经明确存量房贷利率调整的具体要求，即需要符合贷款发放时的当地房贷利率下限政策，预计这两种方式调整后的利率水平不会有明显区别。下一步，调整存量房贷利率在具体操作层面将如何落地、借款人又应怎样操作？对于符合条件的存量住房贷款，自月日起，可由借款人向承贷银行提出申请，新发放贷款置换存量首套房贷，或协商变更合同利率水平。在月日前，银行进行修订合同文本、改造调整系统、识别符合标准的客户等准备工作，并尽快向借款人公布办理流程和需要准备的申请材料。中国人民银行将督促银行尽快发布本行降低存量房贷利率的公告，明确申请调整利率水平或新发放贷款置换的具体安排。借款人可根据贷款银行的公告进行操作。中国人民银行还将指导利率自律机制，督促金融机构做好贯彻落实工作，维护市场竞争秩序。通知要求，各金融机构要抓紧制定具体操作细则，做好组织实施，提高服务水平，及时响应借款人申请，尽可能采取便捷措施，降低借款人操作成本，确保有关要求落实到位。截至记者发稿时，建行、农行等银行发布了关于调整存量房贷利率的公告。建行称，将提供高效便捷的线上线下服务，按照通知规定，做好降低存量首套住房商业性个人住房贷款利率工作。农行称，正在积极依法有序开展存量首套个人住房贷款利率调整的准备工作。后续具体事宜，将在该行官网、微信公众号、网点等渠道公告。（上海证券报新华财经官方微博）新华财经官方微博的微博视频,0.024888285510194,2023-09-01 20:06:52
房贷政策最新调整便民资讯日前，中国人民银行、国家金融监督管理总局联合发布《关于调整优化差别化住房信贷政策的通知》和《关于降低存量首套住房贷款利率有关事项的通知》。有关负责人就调整优化住房信贷政策有关问题答记者问。一起来看（来源：中国人民银行网站、新华社）房贷政策最新调整,-0.0003507346081095,------
两部门调整优化住房信贷政策月日，中国人民银行、金融监管总局联合发布《关于调整优化差别化住房信贷政策的通知》和《关于降低存量首套住房贷款利率有关事项的通知》，对于贷款购买商品住房的居民家庭，首套住房商业性个人住房贷款最低首付款比例统一为不低于，二套住房商业性个人住房贷款最低首付款比例统一为不低于。同时，自月日起，存量首套住房商业性个人住房贷款的借款人可向承贷金融机构提出申请，由该金融机构新发放贷款置换存量首套住房商业性个人住房贷款。根据《关于调整优化差别化住房信贷政策的通知》，首套住房商业性个人住房贷款利率政策下限按现行规定执行，二套住房商业性个人住房贷款利率政策下限调整为不低于相应期限贷款市场报价利率加个基点。中国人民银行、金融监管总局各派出机构按照因城施策原则，指导各省级市场利率定价自律机制，根据辖区内各城市房地产市场形势及当地政府调控要求，自主确定辖区内各城市首套和二套住房商业性个人住房贷款最低首付款比例和利率下限。《关于降低存量首套住房贷款利率有关事项的通知》明确，存量首套住房商业性个人住房贷款，是指年月日前金融机构已发放的和已签订合同但未发放的首套住房商业性个人住房贷款，或借款人实际住房情况符合所在城市首套住房标准的其他存量住房商业性个人住房贷款。新发放贷款的利率水平由金融机构与借款人自主协商确定，但在贷款市场报价利率（）上的加点幅度，不得低于原贷款发放时所在城市首套住房商业性个人住房贷款利率政策下限。新发放的贷款只能用于偿还存量首套住房商业性个人住房贷款，仍纳入商业性个人住房贷款管理。此外，月日起，存量首套住房商业性个人住房贷款的借款人亦可向承贷金融机构提出申请，协商变更合同约定的利率水平。中国人民银行、金融监管总局有关负责人介绍，近年来我国房地产市场供求关系发生了重大变化，借款人和银行对于有序调整优化资产负债均有诉求。存量住房贷款利率的下降，对借款人来说，可节约利息支出，有利于扩大消费和投资。对银行来说，可有效减少提前还贷现象，减轻对银行利息收入的影响。同时，还可压缩违规使用经营贷、消费贷置换存量住房贷款的空间，减少风险隐患。为更好适应上述新形势，中国人民银行、金融监管总局明确按照市场化、法治化原则，支持鼓励银行与借款人协商调整存量首套住房贷款利率。（来源：《人民日报》）,0.7744212163501311,2023-09-01 21:20:13
降低存量房贷利率有什么好处房贷政策调整哪些人获益最大？日前，中国人民银行、国家金融监督管理总局联合下发《关于调整优化差别化住房信贷政策的通知》和《关于降低存量首套住房贷款利率有关事项的通知》，相关政策一经发布当即引发市场强烈关注。存量房贷据不完全统计和测算，目前，大部分城市存量房贷的利率最低下限是，此前购房者基本是按照左右的房贷利率购房，此次存量房贷利率调整后，房贷利率或能降低个基点以上。加上近日一些地方出台的“认房不认贷”新规，一些住房可能重新被认定为“首套”，从而享受新出台政策优惠。几千万户、上亿居民的财务负担或会有较明显下降，平均降幅或约为个百分点，预计对市场影响颇大。,0.0125380959332088,------
权威发布重磅调整降降月日，中国人民银行、国家金融监督管理总局联合发布《关于调整优化差别化住房信贷政策的通知》和《关于降低存量首套住房贷款利率有关事项的通知》。,0.0110577577482246,2023-09-01 19:58:08
波浪玩家超话、隔夜美股，道指跌，纳指涨，标普指数跌。、央行、国家金融监管总局联合下发《关于降低存量首套住房贷款利率有关事项的通知》。通知提出，存量首套房贷利率可申请降低，自年月日起，可申请置换贷款、可协商变更合同约定利率水平。、央行、国家金融监管总局联合下发《关于调整优化差别化住房信贷政策的通知》。通知提出，首套住房商贷最低首付比例不低于，二套房首付比例不低于。将二套住房利率政策下限调整为不低于相应期限贷款市场报价利率加个基点，首套住房利率政策下限仍为不低于相应期限减个基点。、据财联社记者统计，今年月，证监会核发批文、企业首次公开发行和企业首发上市数量分别比去年同期减少家、家、家，此外，融资实现亿元，比年同期下降。、商务部新闻发言人束珏婷日前表示，近期，将陆续出台提升加工贸易发展水平、促进新能源汽车贸易合作等专项政策措施，全力推动进出口促稳提质。、香港交易所宣布，由于天文台现已发出八号台风信号，今天证券市场（包括沪深港通北向交易）及衍生产品市场之上午交易时段会延迟开市。,0.1159031633254401,2023-09-01 20:10:15
重磅房贷政策重要调整昨日，中国人民银行、国家金融监督管理总局联合发布《关于调整优化差别化住房信贷政策的通知》和《关于降低存量首套住房贷款利率有关事项的通知》。有关负责人就调整优化住房信贷政策有关问题答记者问，一起了解。遇见美好杭州,-0.0012247126642624,2023-09-01 20:09:52
房贷新政央行、金融监管总局重磅发布（附答问）月日晚间，中国人民银行、国家金融监管总局连续发布《关于降低存量首套住房贷款利率有关事项的通知》和《关于调整优化差别化住房信贷政策的通知》，并发布两部门有关负责人就调整优化住房信贷政策有关问题答记者问。具体如下（川观新闻）房贷新政央行、金融监管总局重磅发布（附答问）,0.0198216542244808,2023-09-01 20:07:47
最新房贷政策重要调整中国人民银行网站月日发布了《中国人民银行国家金融监督管理总局关于降低存量首套住房贷款利率有关事项的通知》和《中国人民银行国家金融监督管理总局关于调整优化差别化住房信贷政策的通知》。,-0.0028750809346416,2023-09-01 20:06:51
蜀安君播报首套房贷款最低首付款比例不低于二套房贷款最低首付款比例不低于中国人民银行、国家金融监督管理总局发布关于调整优化差别化住房信贷政策的通知：对于贷款购买商品住房的居民家庭，首套住房商业性个人住房贷款最低首付款比例统一为不低于，二套住房商业性个人住房贷款最低首付款比例统一为不低于。首套房贷款最低首付比例不低于（中国人民银行）中国新闻网的微博视频,0.1097169368500659,2023-09-01 20:06:11
专家解读存量房利率调整直播降首付、降利率哪些人可以享受？财经课堂月日，中国人民银行、金融监管总局联手发布《关于调整优化差别化住房信贷政策的通知》和《关于降低存量首套住房贷款利率有关事项的通知》，明确首套房商贷首付比例下限降至，降低存量首套住房贷款利率，远远超出市场预期，极大提振市场信心，对房地产市场、居民购房将有积极而深远的影响。此次房贷新政将如何影响市场？哪些人群可以获益？具体操作如何落地？我们邀请多上述政策进行多次呼吁的招联首席研究员董希淼作客《财经课堂》为大家解答。南方日报的微博视频个关键问题看懂存量房利率调整存量房贷,0.0116048057550329,2023-09-01 20:04:38
存量房贷利率下调会省多少钱百万房贷月供有望减少元月日晚间，中国人民银行、国家金融监督管理总局联合发布《关于调整优化差别化住房信贷政策的通知》和《关于降低存量首套住房贷款利率有关事项的通知》。存量房贷利率下调政策靴子落地。“整体来说，对于存量房贷的购房者，特别是动辄高息的购房者，很可能房贷能降低个基点以上，但具体的影响依然需要购房者与银行协商。”中原地产首席分析师张大伟表示，简单计算，大部分存量房贷发生时最低下限是，购房者基本是按照左右购房，也就是万年，可以月供从元每月降低到元左右，下调元左右。存量房贷,0.0760180961513417,2023-09-01 20:04:30
存量房贷月日，中国人民银行、国家金融监督管理总局发布《关于调整优化差别化住房信贷政策的通知》和《关于降低存量首套住房贷款利率有关事项的通知》，对现行差别化住房信贷政策进行了调整优化。备受市场关注的存量房贷利率调整政策也落地。《通知》指出，自年月日起，存量首套住房商业性个人住房贷款的借款人可向承贷金融机构提出申请，由该金融机构新发放贷款置换存量首套住房商业性个人住房贷款。新发放贷款的利率水平由金融机构与借款人自主协商确定，但在贷款市场报价利率（）上的加点幅度，不得低于原贷款发放时所在城市首套住房商业性个人住房贷款利率政策下限。新发放的贷款只能用于偿还存量首套住房商业性个人住房贷款，仍纳入商业性个人住房贷款管理。降低存量房贷利率的意义在于促进房地产市场的稳定发展和经济的持续增长。存量房贷利率是指已经发放的房屋贷款利率，降低这一利率可以为购房者提供更加优惠的融资条件，减轻购房压力，同时也有助于提高购房需求。降低存量房贷利率可以刺激购房市场的活跃度。较低的贷款利率将使得购房成本降低，吸引更多的购房者进入市场，增加购房需求。这将有助于促进房地产市场的交易量，推动房价的稳定增长。降低存量房贷利率有助于缓解购房者的经济压力。房屋贷款是一项长期的财务责任，较高的利率将增加购房者的还款负担。通过降低存量房贷利率，购房者可以享受到更低的月供，减轻经济负担，提高购房者的还款能力。降低存量房贷利率也有助于提升购房者的购房意愿。较低的利率将使得购房者更容易获得贷款，提高购房的可及性。这将鼓励更多的人选择购房，推动房地产市场的发展。不过，目前这个《通知》规定过于繁杂，理解很费劲。建议存量房贷利率调整政策更加通俗易懂、便于操作、有利于提高效率、交易成本低一些鸿儒计划透过财经看世界,-0.0166149404889312,2023-09-01 20:09:23
楼市放大招房价是跌是涨？首付比例几乎降至历史下限据中国新闻周刊月日，中国人民银行、国家金融监督管理总局发布《关于调整优化差别化住房信贷政策的通知》，其中主要有四条内容。第一条是对于贷款购买商品住房的居民家庭，首套住房商业性个人住房贷款最低首付款比例统一为不低于，二套住房商业性个人住房贷款最低首付款比例统一为不低于。这一新政即为首套房首付、二套房首付，近十年前，这一政策曾出台过，其后多年，首套房首付最低、二套房首付最低的房贷政策在全国层面长期执行，部分城市有所加码，二套房首付比例要求更高。以一套总价万元的房子为例，此前首套房首付需要万元，而按照最新政策，首付只需要万元，首付资金低了很多；而如果是二套房，此前首付需要万，部分城市需要万元，而如今只需要万，购房门槛大为降低。本次出台楼市新政，有何深意？楼市会迎来什么变化？存量房贷,-0.0008486788805929,2023-09-01 20:09:13
地产股开盘拉升中迪投资快速涨停中迪投资快速涨停，金科股份、天房发展、荣盛发展、金地集团等跟涨。消息面上，央行、国家金融监管总局联合下发《关于调整优化差别化住房信贷政策的通知》。通知提出，首套住房商贷最低首付比例不低于，二套房首付比例不低于。将二套住房利率政策下限调整为不低于相应期限贷款市场报价利率加个基点，首套住房利率政策下限仍为不低于相应期限减个基点。,0.0511873770646897,2023-09-01 20:09:18
股地产股开盘拉升，中迪投资快速涨停中迪投资快速涨停，金科股份、天房发展、荣盛发展、金地集团等跟涨。消息面上，央行、国家金融监管总局联合下发《关于调整优化差别化住房信贷政策的通知》。通知提出，首套住房商贷最低首付比例不低于，二套房首付比例不低于。将二套住房利率政策下限调整为不低于相应期限贷款市场报价利率加个基点，首套住房利率政策下限仍为不低于相应期限减个基点。,0.0322221535441455,------
首套房贷款最低首付款比例不低于二套房贷款最低首付款比例不低于中国人民银行、国家金融监督管理总局发布关于调整优化差别化住房信贷政策的通知：对于贷款购买商品住房的居民家庭，首套住房商业性个人住房贷款最低首付款比例统一为不低于，二套住房商业性个人住房贷款最低首付款比例统一为不低于。首套房贷款最低首付比例不低于（中国人民银行）中国新闻网中国新闻网的微博视频,0.0192846708849884,2023-09-01 20:16:05
首套房贷款最低首付款比例不低于二套房贷款最低首付款比例不低于中国人民银行、国家金融监督管理总局发布关于调整优化差别化住房信贷政策的通知：对于贷款购买商品住房的居民家庭，首套住房商业性个人住房贷款最低首付款比例统一为不低于，二套住房商业性个人住房贷款最低首付款比例统一为不低于。首套房贷款最低首付比例不低于（中国人民银行）中国新闻网的微博视频,-0.0005119160336889,------
、存款利率降了：工商银行年期定期存款挂牌利率下调个基点，降到。之前年期下调个基点，降到。之前，为什么要降？刺激消费刺激投资，去买房去股市什么的、存量首套房贷利率也降了：中国人民银行发布《关于调整优化差别化住房信贷政策的通知》和《关于降低存量首套住房贷款利率有关事项的通知》。工农建交等六银行，推进存量首套房贷利率调整，万房贷月供可降元。放出了除降价以外的一切措施,1.0,2023-09-01 21:30:11
房贷有新政月日，《中国人民银行国家金融监督管理总局关于调整优化差别化住房信贷政策的通知》发布，其中规定，对于贷款购买商品住房的居民家庭，首套住房商业性个人住房贷款最低首付款比例统一为不低于，二套住房商业性个人住房贷款最低首付款比例统一为不低于。我要说家乡,0.0166342068804019,2023-09-01 19:23:19
一、《关于降低存量首套住房贷款利率有关事项的通知》、《关于调整优化差别化住房信贷政策的通知》、贝壳网（房产中介）隔夜上涨，盘中最高涨幅。、中国人民银行、国家金融监督管理总局下发《关于降低存量首套住房贷款利率有关事项的通知》，存量首套住房商业性个人住房贷款利率调整后，几千万户、上亿居民的财务负担会有明显下降，平均降幅大约为个百分点。、中国人民银行、国家金融监督管理总局联合下发《关于调整优化差别化住房信贷政策的通知》，一是统一全国商业性个人住房贷款最低首付款比例政策下限。不再区分实施“限购”城市和不实施“限购”城市，首套住房和二套住房商业性个人住房贷款最低首付款比例政策下限统一为不低于和。二是将二套住房利率政策下限调整为不低于相应期限贷款市场报价利率加个基点。房产中介：三六五网、我爱我家地产相关：天房发展、金科股份、京投发展、特发服务二、特斯拉新款将于月日正式发布特斯拉决定在本周五（月日），正式发布内部代号“”的新款。据接近特斯拉的消息人士表示，目前公司全员都已进入“战备”姿态，卯足劲迎接新款的降临。改款将采用宁德时代的新型电池（磷酸锰铁锂电池）。磷酸锰铁锂电池：红星发展、湘潭电化、中银绒业三、合约价拉涨根据集邦咨询，月下旬原厂进一步与部分中国指标模组厂议定新一笔订单，并成功拉抬合约价，涨幅约。隔夜美光股价上涨，西部数据上涨。存储芯片：佰维存储、江波龙、华海诚科、香农芯创、德明利四、外交部：中方将于月举办第三届一带一路国际合作高峰论坛外交部发言人汪文斌月日主持例行记者会。汪文斌介绍，中方将于今年月在北京举办第三届“一带一路”国际合作高峰论坛，这不仅是纪念“一带一路”倡议提出周年最隆重的活动，也是各方共商高质量共建“一带一路”合作的重要平台。一带一路：新疆交建、青松建化、长久物流、北方国际、中工国际、金鹰重工五、拜登政府批准首次通过外国军事融资计划、在月日的外交部例行记者会上，有记者提问称，根据美国国务院日向国会发布的通报文件，拜登政府已批准首次通过所谓“外国军事融资”（）计划向地区提供万美元军事融资贷款。、据美媒报道，美国将在关岛新增处配备地对空拦截导弹、雷达等设备的防空阵地，意图将关岛打造成“全球防御最严密的地区”。军工：北方长龙、国科军工、昆船智能、新余国科、晨曦航空、长城军工六、国务院：提高岁以下婴幼儿照护等三项个人所得税专项附加扣除标准岁以下婴幼儿照护专项附加扣除标准，由每个婴幼儿每月元提高到元。子女教育专项附加扣除标准，由每个子女每月元提高到元。赡养老人专项附加扣除标准，由每月元提高到元。其中，独生子女按照每月元的标准定额扣除；非独生子女与兄弟姐妹分摊每月元的扣除额度，每人分摊的额度不能超过每月元。生育养老：金发拉比、美吉姆、悦心健康、澳洋健康七、行业要闻、商务部：近期将陆续出台促进新能源汽车贸易合作等专项政策措施。、大基金提前终止减持沪硅产业。（大基金芯片持股）、国家网络安全宣传周将举办。（三六零、美亚柏科）、工信部推进轻量化技术演进和应用创新发展。（移远通信、广和通）、华为智能手表销量刷新单季最高纪录。（恒玄科技、硕贝德）、年暑期档总票房达亿，创中国影史新高。（金逸影视、幸福蓝海）,0.0135065375845197,------
多家银行将下调定期存款利率新一轮定存降息来了对市场绝对是利好《关于调整优化差别化住房信贷政策的通知》和《关于降低存量首套住房贷款利率有关事项的通知》，调整优化住房信贷政策。有房贷的铁铁们，第一时间联系你的贷款银行，咨询什么时候解决存量贷款利率问题，大家可记得要及时联系哇。,0.0453494223387415,2023-09-01 18:35:33
月日早间财经新闻精选、央行、国家金融监管总局联合下发《关于降低存量首套住房贷款利率有关事项的通知》。通知提出，存量首套房贷利率可申请降低，自年月日起，可申请置换贷款、可协商变更合同约定利率水平。、央行、国家金融监管总局联合下发《关于调整优化差别化住房信贷政策的通知》。通知提出，首套住房商贷最低首付比例不低于，二套房首付比例不低于。将二套住房利率政策下限调整为不低于相应期限贷款市场报价利率加个基点，首套住房利率政策下限仍为不低于相应期限减个基点。、国务院发布关于提高个人所得税有关专项附加扣除标准。提高岁以下婴幼儿照护、子女教育、赡养老人等三项个人所得税专项附加扣除标准，每项分别较此前提高元。调整后的扣除标准自年月日起实施。、股指数月日放量下挫，最大跌幅超过，最终收跌。业内人士表示，股大跌通常发生在股成交低迷、酝酿反转行情之际。、北向资金月日再度净卖出亿元，连续日净卖出，月累计减仓接近亿元，单月净卖出额创历史新高。、有媒体提问，此前荷兰宣布实施半导体出口管制并将于月日正式生效，中荷双方对此事有没有更新的磋商结果？对此，商务部新闻发言人束珏婷月日表示，中国政府与相关国家在出口管制领域保持沟通交流。、据官网数据显示，工商银行与农业银行下调一年期、两年期、三年期和五年期人民币定期存款利率至、、、（此前分别为、、、）。、据财联社记者统计，今年月，证监会核发批文、企业首次公开发行和企业首发上市数量分别比去年同期减少家、家、家，此外，融资实现亿元，比年同期下降。、商务部新闻发言人束珏婷日前表示，近期，将陆续出台提升加工贸易发展水平、促进新能源汽车贸易合作等专项政策措施，全力推动进出口促稳提质。、江苏省政府日前召开新闻发布会提出，落实降低购买首套房首付比例和首套房、二套房贷款利率，改善性住房换购税费优惠，个人首套房”认房不认贷”等政策，指导商业银行依法有序调整存量个人住房贷款利率。、武汉市住房保障和房屋管理局日前发布相关通知，宣布“认房不认贷”，自月日起施行。厦门市发改委月日发布征求意见稿，拟实施首套房贷款“认房不用认贷”政策。、央行行长潘功胜会见来访的彭博公司创始人布隆伯格，就中国债券市场开放、可持续金融等议题交换了意见。、据中央纪委国家监委驻中国太平保险集团有限责任公司纪检监察组、福建省纪委监委消息，太平人寿保险有限公司原党委书记、总经理张可接受纪律审查和监察调查。、经纬纺机公告，无法在法定期限内披露年半年度报告，股票月日起停牌。、沪硅产业公告，国家集成电路基金提前终止减持计划。、三连板中马传动公告，公司生产不涉及机器人概念，减速器占营收比例极小。、香港交易所宣布，由于天文台现已发出八号台风信号，今天证券市场（包括沪深港通北向交易）及衍生产品市场之上午交易时段会延迟开市。、美股三大指数周四收盘涨跌不一，道指跌，月累计下跌；纳指涨，月累计下跌；标普指数跌，月累计下跌。热门中概股普跌，纳斯达克中国金龙指数跌，月累跌。、美联储青睐的通胀指标核心价格指数在月份连续第二个月环比上涨，创下年末以来最小两月涨幅。、美国能源部将为汽车制造商提供高达亿美元的资金，以便制造商改造设施，生产电动汽车、混合动力汽车和其他清洁能源汽车。、欧元区月消费者价格同比上涨，未如预期放缓，向欧洲央行发出警示信号。、俄罗斯副总理诺瓦克对该国总统普京表示，俄罗斯与就进一步缩减石油出口达成一致，将于下周宣布相关措施。万存量房贷每年可省多元利息,0.018640462744249,2023-09-01 18:42:28
白话数据年月日建委新房住宅网签套，二手房住宅网签套（网签数据有滞后）。大中介前台挂牌房源量套（中介春节休假前），持续关注。昨日楼市热点：月日晚间，中国人民银行、国家金融监督管理总局联合发布《关于调整优化差别化住房信贷政策的通知》以及《关于降低存量首套住房贷款利率有关事项的通知》，不再区分实施“限购”城市和不实施“限购”城市，首套住房和二套住房商业性个人住房贷款最低首付款比例政策下限统一为不低于和。并将二套住房利率政策下限调整为不低于相应期限贷款市场报价利率（）加个基点。首套住房利率政策下限仍为不低于相应期限减个基点。北京市规自委官网信息显示，房山拱辰、密云水源路两宗宅地转正，总起始价亿元。计划月日竞拍。,0.2263999152700826,2023-09-01 18:43:25
《关于降低存量首套住房贷款利率有关事项的通知》、《关于调整优化差别化住房信贷政策的通知》、贝壳网（房产中介）隔夜上涨，盘中最高涨幅。银行、国金融监督管理总局下发《关于降低存量首套住房贷款利率有关事项的通知》，存量首套住房商业性个人住房贷款利率调整后，几千万户、上亿居民的财务负担会有明显下降，平均降幅大约为个百分点。、中民银行、家金融监督管理总局联合下发《关于调整优化差别化住房信贷政策的通知》，一是统一全国商业性个人住房贷款最低首付款比例政策下限。不再区分实施“限购”城市和不实施“限购”城市，首套住房和二套住房商业性个人住房贷款最低首付款比例政策下限统一为不低于和。二是将二套住房利率政策下限调整为不低于相应期限贷款市场报价利率加个基点。房产中介：三六五网、我爱我家地产相关：天房发展、金科股份、京投发展、特发服务特斯拉新款将于月日正式发布特斯拉决定在本周五（月日），正式发布内部代号“”的新款。据接近特斯拉的消息人士表示，目前公司全员都已进入“战备”姿态，卯足劲迎接新款的降临。改款将采用宁德时代的新型电池（磷酸锰铁锂电池）。磷酸锰铁锂电池：红星发展、湘潭电化、中银绒业合约价拉涨根据集邦咨询，月下旬原厂进一步与部分中国指标模组厂议定新一笔订单，并成功拉抬合约价，涨幅约。隔夜美光股价上涨，西部数据上涨。存储芯片：佰维存储、江波龙、华海诚科、香农芯创、德明利,0.184095779571955,2023-09-01 18:44:23
股市早餐短线刀客一、重要资讯、央行、金融监管总局：发布关于降低存量首套住房贷款利率有关事项的通知。自年月日起，存量首套住房商业性个人住房贷款的借款人可向承贷金融机构提出申请，由该金融机构新发放贷款置换存量首套住房商业性个人住房贷款。、央行、金融监管总局：发布关于调展开,0.0940945808442221,2023-09-01 18:37:45
万存量房贷月供或有望减少元月日晚间，中国人民银行、国家金融监督管理总局联合发布《关于调整优化差别化住房信贷政策的通知》和《关于降低存量首套住房贷款利率有关事项的通知》。“整体来说，对于存量房贷的购房者，特别是动辄高息的购房者，很可能房贷能降低个基点以上，但具体的影响依然需要购房者与银行协商。”中原地产首席分析师张大伟表示，简单计算，大部分存量房贷发生时最低下限是，购房者基本是按照左右购房，也就是万年，可以月供从元每月降低到元左右，下调元左右。（中国新闻网）存量房贷,0.0175267208355849,2023-09-02 10:27:25
住房新政出炉到底能省多少钱？海宁多家银行回应重磅万众期待的存量房贷利率下调终于落地月日晚间，中国人民银行国家金融监督管理总局，日下发《关于调整优化差别化住房信贷政策的通知》《关于降低存量首套住房贷款利率有关事项的通知》决定调整优化差别化住房信贷政策，其中提到，自年月日起，存量房贷利率下调。就在昨天下午，浙江公布首套住房商业性个人住房贷款利率政策下限，可作为接下来降存量的具体标准。按照该数据，年月至年月嘉兴存量首套房贷调整后最低可降至，年月至今的存量首套房贷利率调整后最低降至。不少在年期间买房的海宁人，房贷利率都高达个点存量首套房贷利率下调后，到底能为大家省多少利息呢？以万房贷为例，按照等额本息的方式还款，如果当时存量房贷发生时最低下限是，购房者当初最高是按左右购房，调整之后，万年期限的房贷，月供可从每月元降至元，最多下调元左右。大潮网,-0.0282316618277155,2023-09-02 23:29:14
最新消息有关无锡首套房贷利率月日晚，中国人民银行、国家金融监督管理总局联合发布《关于降低存量首套住房贷款利率有关事项的通知》。文件明确，从年月日起，存量首套住房商业性个人住房贷款的借款人可向承贷金融机构提出申请，由该金融机构新发放贷款置换存量贷款，但在贷款市场报价利率（）上的加点幅度，不得低于原贷款发放时所在城市首套房贷款利率政策下限。月日下午，中国人民银行江苏省分行官网发布消息，公布了近几年江苏省内各城市首套房贷款利率下限执行情况。（中国人民银行江苏省分行官网）,0.009325324034424,2023-09-02 22:24:48
山东首套房商贷利率政策下限情况公示月日下午，中国人民银行山东省分行官网发布《关于山东省各地市首套住房商业性个人住房贷款利率政策下限情况的公示》。根据《中国人民银行国家金融监督管理总局关于降低存量首套住房贷款利率有关事项的通知》《中国人民银行国家金融监督管理总局关于调整优化差别化住房信贷政策的通知》有关工作安排，现将山东省各地市首套住房商业性个人住房贷款利率政策下限数据予以公示。山东省各地市首套住房商业性个人住房贷款利率政策下限数据表注：为贷款市场报价利率，由中国人民银行授权全国银行间同业拆借中心于每月日公布；。中国人民银行山东省分行年月日来源：观海客户端,0.0479216284827019,2023-09-02 22:04:59
西南证券首席分析师张刚：楼市政策有利于扩大可支配收入本周房地产政策持续加码，中国央行及金融监管总局近期联合发布《关于调整优化差别化住房信贷政策的通知》和《关于降低存量首套住房贷款利率有关事项的通知》，对于贷款购买商品住房的居民家庭，首套最低首付款比例统一为不低于，二套最低首付款比例统一为不低于；此外，存量首套房贷的借款人，可在月日起可向承贷金融机构提出申请，调降贷款利率。西南证券首席分析师张刚指出，对于借款人来说，有利于节约利息支出，扩大可支配收入。中国深度财经凤凰卫视的微博视频,-0.0148895871689511,------
特别关注重要调整事关房贷中国人民银行、金融监管总局月日联合发布《关于调整优化差别化住房信贷政策的通知》和《关于降低存量首套住房贷款利率有关事项的通知》。有关负责同志就政策调整回答了记者提问。详情请看重要调整事关房贷,0.0007565844273525,2023-09-02 23:40:22
首套房按揭利率政策下限公布宿迁月日晚，中国人民银行国家金融监督管理总局发布关于调整优化差别化住房信贷政策的通知、关于降低存量首套住房贷款利率、有关事项的通知。月日下午，中国人民银行江苏省分行发文公布江苏省各设区市首套房按揭利率政策下限，供大家参考。具体如下：,-0.0020836857738225,------
房贷利率下调个贷经理电话被打爆沉寂许久的楼市热情，在月日晚间被点燃。当天，中国人民银行、国家金融监督管理总局联合发布《关于降低存量首套住房贷款利率有关事项的通知》（下文简称《通知》），存量首套房贷利率下调政策落地，购房族迎来重大利好。“今天我的电话就没停过，喉咙都要干了。”杭州某国有银行个贷楚经理昨天告诉记者，他的微信、电话，完全停不下来。什么时候可以申请？需要符合什么条件？能省多少钱？点击下方图片查看全文,-0.0020528901699364,2023-09-03 09:03:29
皋城百事通南通首套房按揭利率政策下限公布月日晚，中国人民银行国家金融监督管理总局发布关于调整优化差别化住房信贷政策的通知，关于降低存量首套住房贷款利率有关事项的通知。政策发布后，很多人纷纷猜测自己的房贷利率到底能降低多少，月日下午，中国人民银行江苏省分行发文公布江展开,0.0038126099682382,2023-09-03 09:00:40
月日起杭州人可申请下调房贷利率了月日，中国人民银行、国家金融监管管理总局发布《关于降低存量首套住房贷款利率有关事项的通知》（下称《通知》，提出自今年月日起，存量首套住房商业性个人住房贷款的借款人可向金融机构提出申请，由金融机构新发放贷款置换存量首套商业性个人住房贷款，或协商变更合同约定的利率水平。月日，浙江公布首套住房商业性个人住房贷款利率政策下限，可作为接下来降存量的具体标准。按照该数据，年月至年月杭州存量首套房贷调整后最低可降至，年月至今的存量首套房贷利率调整后最低降至。利率下调杭州人抓紧存钱浙江经视记者初步统计，杭州包括中农工建等六大国有行，以及兴业银行、杭州银行等股份制银行都已发布通告，将会落实执行政策，而宁波银行表示暂未街接到相关通知。现在可以买房了吗？浙江经视的微博视频,-0.048309795863295,2023-09-03 06:44:41
小鲁说事存量房贷利率下调政策五大关键点对于中国人民银行、金融监管总局发布的《关于降低存量首套住房贷款利率有关事项的通知》，我们该如何理解？降低存量首套住房贷款利率，具体又该怎么操作？接下来，通过梳理政策五大关键点来帮您解读。央视网的微博视频,0.0487007847617261,2023-09-02 20:18:54
降存量房贷利率有购房者激动得一夜没睡“总利息少了万，每月少还多元”月日晚间，中国人民银行和国家金融监督管理总局发布《关于降低存量首套住房贷款利率有关事项的通知》，自年月日起实施。借款人可选择新发放贷款置换存量房贷，或者协商变更合同约定利率水平两种方式，调整存量首套住房商业性个人住房贷款，预计这两种方式调整后的利率水平不会有明显区别。经测算，以万元、年期、原利率的存量房贷为例，假设房贷利率降至，可每年节约超元利息支出。新杭州人小陈在年月买了一套萧山市北的二手房，首套利率（。此后多次下调，但由于加点实在太高，目前还是在的利率高位。小陈说，昨晚得知这个消息，激动得一夜没睡好，按照此次存量首套房贷的调整办法，如果按照下限计算，原利率将降至（当时杭州首套房贷利率政策下限为不加点）。对于购房者，的利率降幅是一笔厚厚的息差。以万商业贷款，年本额等息还款为例，调整后，小陈的月供将从元降至元，每个月少了元，总利息少了万元。（视频）视频的微博视频,-0.0228233994675558,2023-09-02 20:59:33
淮安公安淮安分局超话利息少了万购房者激动得一夜没睡降存量房贷利率央行、金融监管总局重磅发布有购房者激动得一夜没睡“总利息少了万，每月少还多元”你的月供究竟能降多少？月日晚间，中国人民银行和国家金融监督管理总局发布《关于降低存量首套住房贷款利率有关事项的通知》，自年月日起实施。借款人可选择新发放贷款置换存量房贷，或者协商变更合同约定利率水平两种方式，调整存量首套住房商业性个人住房贷款，预计这两种方式调整后的利率水平不会有明显区别。经测算，以万元、年期、原利率的存量房贷为例，假设房贷利率降至，可每年节约超元利息支出。新杭州人小陈在年月买了一套萧山市北的二手房，首套利率（。此后多次下调，但由于加点实在太高，目前还是在的利率高位。小陈说，昨晚得知这个消息，激动得一夜没睡好，按照此次存量首套房贷的调整办法，如果按照下限计算，原利率将降至（当时杭州首套房贷利率政策下限为不加点）。对于购房者，的利率降幅是一笔厚厚的息差。以万商业贷款，年本额等息还款为例，调整后，小陈的月供将从元降至元，每个月少了元，总利息少了万元。（视频）视频的微博视频（来源：视频审核：蒋婵媛发布：蔡瑞永）,-0.0103395150733496,2023-09-02 19:30:28
利息少了万购房者激动得一夜没睡降存量房贷利率央行、金融监管总局重磅发布你的月供究竟能降多少？月日晚间，中国人民银行和国家金融监督管理总局发布《关于降低存量首套住房贷款利率有关事项的通知》，自年月日起实施。借款人可选择新发放贷款置换存量房贷，或者协商变更合同约定利率水平两种方式，调整存量首套住房商业性个人住房贷款，预计这两种方式调整后的利率水平不会有明显区别。经测算，以万元、年期、原利率的存量房贷为例，假设房贷利率降至，可每年节约超元利息支出。新杭州人小陈在年月买了一套萧山市北的二手房，首套利率（。此后多次下调，但由于加点实在太高，目前还是在的利率高位。小陈说，昨晚得知这个消息，激动得一夜没睡好，按照此次存量首套房贷的调整办法，如果按照下限计算，原利率将降至（当时杭州首套房贷利率政策下限为不加点）。对于购房者，的利率降幅是一笔厚厚的息差。以万商业贷款，年本额等息还款为例，调整后，小陈的月供将从元降至元，每个月少了元，总利息少了万元。（视频）视频的微博视频,-0.1006985166053463,2023-09-02 17:59:41
上海、北京、深圳等多地披露首套房贷款利率下限执行情况据不完全统计，上海、北京、深圳、福建、河南、江西、湖南、吉林、甘肃、西藏、内蒙古、贵州等地的市场利率定价自律机制通过中国人民银行分支机构官网发布公告，披露近几年当地或省内各城市首套房贷款利率下限执行情况，以确保存量房贷利率调整顺利落地。多地披露首套房贷款利率下限全国首套房贷利率政策下限为：年月至年月为，年月至今为个基点。月日，中国人民银行、金融监管总局联合发布的《关于降低存量首套住房贷款利率有关事项的通知》明确，自月日起，符合相关条件的存量房贷借款人，可向金融机构提出申请，既可以变更合同约定的住房贷款利率加点幅度，也可以由银行新发放贷款置换存量贷款。降低后的存量房贷利率，依然要符合贷款发放时当地的房地产政策，即不低于当时所在城市房贷利率政策下限。也就是说，存量房贷利率调整最多可以“抹平”银行在发放房贷时高于政策下限的“溢价”。（上证报）,-0.0025513664460329,2023-09-02 17:29:31
财鑫闻丨北上广深等城市“认房不认贷”预计后期仍有政策跟进月日，北京、上海宣布执行“认房不认贷”政策，两日内，广州、深圳、厦门、武汉等城市官宣落实“认房不认贷”，北上广深四个一线城市均官宣“认房不认贷”。这也是对前一天重磅政策的落实响应。月日，中国人民银行、国家金融监督管理总局两部门连续发布《关于调整优化差别化住房信贷政策的通知》和《关于降低存量首套住房贷款利率有关事项的通知》（下文简称《通知》）两大重磅政策，意味购房者的购房门槛和成本大幅下调。对于密集出台的调控政策，专家称之为是近年来调控力度最大的楼市政策，预计后期仍会有相应政策出台。财鑫闻丨北上广深等城市“认房不认贷”预计后期仍有政策跟进,0.0148192884320701,2023-09-02 16:43:01
特别关注重要调整事关房贷中国人民银行、金融监管总局月日联合发布《关于调整优化差别化住房信贷政策的通知》和《关于降低存量首套住房贷款利率有关事项的通知》。有关负责同志就政策调整回答了记者提问。详情请看重要调整事关房贷（刘宏宇）,0.0080980163275829,2023-09-02 18:04:24
利息少了万购房者激动得一夜没睡月日晚间，中国人民银行和国家金融监督管理总局发布《关于降低存量首套住房贷款利率有关事项的通知》，自年月日起实施。借款人可选择新发放贷款置换存量房贷，或者协商变更合同约定利率水平两种方式，调整存量首套住房商业性个人住房贷款，预计这两种方式调整后的利率水平不会有明显区别。经测算，以万元、年期、原利率的存量房贷为例，假设房贷利率降至，可每年节约超元利息支出。新杭州人小陈在年月买了一套萧山市北的二手房，首套利率（。此后多次下调，但由于加点实在太高，目前还是在的利率高位。小陈说，昨晚得知这个消息，激动得一夜没睡好，按照此次存量首套房贷的调整办法，如果按照下限计算，原利率将降至（当时杭州首套房贷利率政策下限为不加点）。对于购房者，的利率降幅是一笔厚厚的息差。以万商业贷款，年本额等息还款为例，调整后，小陈的月供将从元降至元，每个月少了元，总利息少了万元。,-0.0005910991405593,2023-09-02 17:59:04
降存量房贷利率利息少了万购房者激动得一夜没睡一线城市全部认房不认贷月日晚间，中国人民银行和国家金融监督管理总局发布《关于降低存量首套住房贷款利率有关事项的通知》，自年月日起实施。借款人可选择新发放贷款置换存量房贷，或者协商变更合同约定利率水平两种方式，调整展开,0.0040040663773265,2023-09-02 17:20:46
利息少了万购房者激动得一夜没睡降存量房贷利率央行、金融监管总局重磅发布有购房者激动得一夜没睡“总利息少了万，每月少还多元”你的月供究竟能降多少？月日晚间，中国人民银行和国家金融监督管理总局发布《关于降低存量首套住房贷款利率有关事项的通知》，自年月日起实施。借款人可选择新发放贷款置换存量房贷，或者协商变更合同约定利率水平两种方式，调整存量首套住房商业性个人住房贷款，预计这两种方式调整后的利率水平不会有明显区别。经测算，以万元、年期、原利率的存量房贷为例，假设房贷利率降至，可每年节约超元利息支出。新杭州人小陈在年月买了一套萧山市北的二手房，首套利率（。此后多次下调，但由于加点实在太高，目前还是在的利率高位。小陈说，昨晚得知这个消息，激动得一夜没睡好，按照此次存量首套房贷的调整办法，如果按照下限计算，原利率将降至（当时杭州首套房贷利率政策下限为不加点）。对于购房者，的利率降幅是一笔厚厚的息差。以万商业贷款，年本额等息还款为例，调整后，小陈的月供将从元降至元，每个月少了元，总利息少了万元。,0.0035471035530435,2023-09-02 22:32:36
四川首套房贷利率执行下限发布月日晚，中国人民银行、国家金融监督管理总局联合发布《关于降低存量首套住房贷款利率有关事项的通知》。文件明确，从年月日起，存量首套住房商业性个人住房贷款的借款人可向承贷金融机构提出申请，由该金融机构新发放贷款置换存量贷款，但在贷款市场报价展开,0.0137032709570009,------
存量房贷下调政策有点难懂？几个典型案例告诉你如何降、能不能降哪些房贷利率可以调整？据第一财经，月日，中国人民银行、国家金融监督管理总局联合发布《关于降低存量首套住房贷款利率有关事项的通知》。《通知》明确，自年月日起，存量首套住房商业性个人住房贷款的借款人可向金融机展开,-0.005949356345767,2023-09-02 16:55:14
存量房贷利率下调政策五大关键点能节省多少房贷利息？对于中国人民银行、金融监管总局发布的《关于降低存量首套住房贷款利率有关事项的通知》，我们该如何理解？降低存量首套住房贷款利率，具体又该怎么操作？接下来，通过梳理政策五大关键点来帮您解读。央视网的微博视频展开,-0.0038391137520057,2023-09-03 00:49:30
存量房贷利率下调政策五大关键点对于中国人民银行、金融监管总局发布的《关于降低存量首套住房贷款利率有关事项的通知》，该如何理解？降低存量首套住房贷款利率，具体又该怎么操作？央视网的微博视频,0.0199576181624366,------
利息少了万购房者激动得一夜没睡降存量房贷利率央行、金融监管总局重磅发布有购房者激动得一夜没睡“总利息少了万，每月少还多元”你的月供究竟能降多少？月日晚间，中国人民银行和国家金融监督管理总局发布《关于降低存量首套住房贷款利率有关事项的通知》，自年月日起实施。借款人可选择新发放贷款置换存量房贷，或者协商变更合同约定利率水平两种方式，调整存量首套住房商业性个人住房贷款，预计这两种方式调整后的利率水平不会有明显区别。经测算，以万元、年期、原利率的存量房贷为例，假设房贷利率降至，可每年节约超元利息支出。新杭州人小陈在年月买了一套萧山市北的二手房，首套利率（。此后多次下调，但由于加点实在太高，目前还是在的利率高位。小陈说，昨晚得知这个消息，激动得一夜没睡好，按照此次存量首套房贷的调整办法，如果按照下限计算，原利率将降至（当时杭州首套房贷利率政策下限为不加点）。对于购房者，的利率降幅是一笔厚厚的息差。以万商业贷款，年本额等息还款为例，调整后，小陈的月供将从元降至元，每个月少了元，总利息少了万元。搜狐视频的微博视频,0.019642031191556,2023-09-02 20:05:08
首套房按揭利率政策下限公布月日晚，中国人民银行、国家金融监督管理总局联合发布《关于降低存量首套住房贷款利率有关事项的通知》。文件明确，从年月日起，存量首套住房商业性个人住房贷款的借款人可向承贷金融机构提出申请，由该金融机构新发放贷款置换存量贷款，但在贷款市场报价利展开,0.0377214141060177,2023-09-02 15:23:28
存量房贷利率下调政策五大关键点对于中国人民银行、金融监管总局发布的《关于降低存量首套住房贷款利率有关事项的通知》，我们该如何理解？降低存量首套住房贷款利率，具体又该怎么操作？接下来，通过梳理政策五大关键点来帮您解读。央视网的微博视频,0.8348032904733774,2023-09-02 15:20:06
利息少了万购房者激动得一夜没睡降存量房贷利率央行、金融监管总局重磅发布有购房者激动得一夜没睡“总利息少了万，每月少还多元”你的月供究竟能降多少？月日晚间，中国人民银行和国家金融监督管理总局发布《关于降低存量首套住房贷款利率有关事项的通知》，自年月日展开,0.0665982438700915,2023-09-04 15:15:06
“金九银十”前夜，楼市重磅金融支持政策落地，购房门槛、成本将明显降低。月日晚间，央行、国家金管总局发出《关于调整优化差别化住房信贷政策的通知》，《关于降低存量首套住房贷款利率有关事项的通知》，以支持各地因城施策用好政策工具箱，引导个人住房贷款实际首付比例和利率下行。展开,0.0186710703497885,2023-09-04 11:39:26
江苏公布首套房贷款利率下限执行情况月日晚，中国人民银行、国家金融监督管理总局联合发布《关于降低存量首套住房贷款利率有关事项的通知》。文件明确，从年月日起，存量首套住房商业性个人住房贷款的借款人可向承贷金融机构提出申请，由该金融机构新发放贷款置换存量贷款，但在贷款市展开,-0.0052060031579383,2023-09-04 08:42:49
江苏公布首套房按揭利率政策下限江苏省各设区市首套房按揭利率政策下限公布月日晚，中国人民银行、国家金融监督管理总局联合发布《关于降低存量首套住房贷款利率有关事项的通知》。文件明确，从年月日起，存量首套住房商业性个人住房贷款的借款人可向承贷金融机构提出申请，由该金融机构新发放贷款置换存量贷款，但在贷款市场报价利率（）上的加点幅度，不得低于原贷款发放时所在城市首套房贷款利率政策下限。月日下午，中国人民银行江苏省分行官网发布消息，公布了近几年江苏省内各城市首套房贷款利率下限执行情况。,-0.0013999237491395,2023-09-03 19:28:05
楼市放出多年未见大招，房价是跌是涨？靴子终于落地。月日下午时许，中国人民银行、国家金融监督管理总局发布最新通知，调整优化住房信贷政策，其中，首套住房商贷最低首付款不低于，二套住房商贷最低首付款不低于。本次降低首付的力度可谓多年未有；此外，房贷利率也将进行较大力度的优化调整，包括降低存量房贷利率。这一政策组合拳可谓掷地有声，本次出台楼市新政，有何深意？楼市会迎来什么变化？首付比例几乎降至历史下限月日，中国人民银行、国家金融监督管理总局发布《关于调整优化差别化住房信贷政策的通知》，其中主要有四条内容。第一条是对于贷款购买商品住房的居民家庭，首套住房商业性个人住房贷款最低首付款比例统一为不低于，二套住房商业性个人住房贷款最低首付款比例统一为不低于。这一新政即为首套房首付、二套房首付，近十年前，这一政策曾出台过，其后多年，首套房首付最低、二套房首付最低的房贷政策在全国层面长期执行，部分城市有所加码，二套房首付比例要求更高。以一套总价万元的房子为例，此前首套房首付需要万元，而按照最新政策，首付只需要万元，首付资金低了很多；而如果是二套房，此前首付需要万，部分城市需要万元，而如今只需要万，购房门槛大为降低。对此，中指研究院指数研究部总经理曹晶晶表示，从首付比例来看，不论是首套房还是二套房，其最低首付比例几乎已经降至历史下限，这将能显著降低购房门槛，凸显了政策面保刚需、促改善、稳市场的用意。第二条是首套住房商业性个人住房贷款利率政策下限按现行规定执行，二套住房商业性个人住房贷款利率政策下限调整为不低于相应期限贷款市场报价利率加个基点。即首套房利率政策不变，目前五年期以上为，部分城市执行的是下调个基点、再优惠个左右基点的政策，其房贷利率为甚至更低，比如郑州、福州的首套房贷利率已调至左右。而对于二套房贷款利率，此前多个城市执行的是上调个基点，实际二套房贷利率为，根据此次最新政策，二套房上浮基点不低于个基点即可，这无疑赋予了下调二套房贷利率上浮基点的空间。第三、四条规定，中国人民银行、金融监管总局各派出机构按照因城施策原则，根据辖区内各城市房地产市场形势及当地调控要求，自主确定各城市首套和二套住房商贷最低首付款比例和利率下限；各大银行业金融机构应据此首付比例和利率下限，合理确定每笔贷款的具体首付款比例和利率水平。中国人民银行、国家金融监督管理总局有关负责人表示，此次差别化住房信贷政策调整优化的重点在于，一是统一全国商业性个人住房贷款最低首付款比例政策下限即不再区分实施“限购”城市和不实施“限购”城市，首套住房和二套住房商贷最低首付款比例政策下限统一为不低于和；二是将二套住房利率政策下限调整为不低于相应期限贷款市场报价利率（）加个基点。曹晶晶表示，此次金融监管部门打开了首付比例和利率下调的空间，根据目前的市场形势和金融监管部门的这一要求，首套房首付、二套房首付的新政将会逐步落地，二套房贷利率也将下调，尤其是由于当前多数城市房地产下行压力较大，因此预计二线城市将很快调整至下限水平等，从政策调整力度看，本次楼市新政具有较高的含金量。楼市仍处于下行期今年以来，楼市曾在、月份有所回升，但进入下半年，楼市多个指标均呈现下跌态势。国家统计局公布，月份，全国房地产开发投资亿元，同比下降；其中，住宅投资亿元，下降。月份，房地产开发企业房屋施工面积万平方米，同比下降。房屋新开工面积万平方米，下降。其中，住宅新开工面积万平方米，下降。与此同时，楼市成交量价也出现下滑，月份，商品房销售面积万平方米，同比下降。尤其是，今年上半年商品房销售额连续多月保持同比正增长的态势，但月份以来，前个月商品房销售额亿元，下降。月份，个大中城市中，新建商品住宅和二手住宅价格环比上涨城市分别有个和个，比上月分别减少个和个；同比上涨城市分别有个和个，比上月均减少个。对此，国家统计局城市司首席统计师绳国庆表示，年月份，个大中城市商品住宅销售价格上涨城市个数减少，各线城市商品住宅销售价格环比持平或下降、同比有涨有降。“目前市场显然是跌过头了，”月日，在万科年中期业绩推介会上，万科董事会主席郁亮表示，市场低迷持续了一段时间，市场情绪已经受到影响，容易出现各种“过度反应”。他表示，以新开工数来看，年新开工数下降，年新开工量下降，今年上半年继续下降约。如果以年作为基数，新开工数已经整体下降约，回到了年的水平。中国社科院财经战略研究院住房大数据项目组组长邹琳华向中国新闻周刊表示，房地产领域的风险点较多且连接面广，比如烂尾楼风险、房地产企业爆雷风险、土地财政风险、断供风险等，都属于非常棘手的风险。这些风险一旦触发，容易直接联接金融体系和地方财政。因而，房地产相对更容易率先引发经济风险。邹琳华认为，与日本房地产泡沫期相比，我国仍处于城市化阶段，人均收入和生活水平离发达国家还在差距，存在一定规模潜在的刚性和改善性住房需求。只要政策及时妥当，房地产领域的风险相对更为可控。但如果房价在内外部因素的综合作用下持续下滑且无有效抑制手段，这些风险点也容易被触发。由于房地产风险连接面广，抑制房地产风险的蔓延，就需要付出更大成本。中国人民银行、国家金融监督管理总局有关负责人表示，月日中央政治局会议明确，适应我国房地产市场供求关系发生重大变化的新形势，适时调整优化房地产政策，因城施策用好政策工具箱。月日国务院常务会议提出，根据不同需求、不同城市等推出有利于房地产市场平稳健康发展的政策举措，加快研究构建房地产业新发展模式。根据部署，此次对现行差别化住房信贷政策进行了调整优化，支持各地因城施策用好政策工具箱，引导个人住房贷款实际首付比例和利率下行，更好满足刚性和改善性住房需求。楼市会怎样走？邹琳华表示，为了及时有效应对周期性、结构性供大于求带来的市场冲击，以及防范可能由此触发的经济风险，同时支持刚性和改善性住房需求，可采取调整优化措施。为此，他建议，一是及时撤销对于住房需求不合时宜的管控限制。这些限制措施包括限购、限贷、限售、限价、限非普住宅等。这些限制措施大都是基于住房短缺、投资投机动力强大的市场背景所制订，既然房地产市场供求形势已经发生了重大变化，住房已经不再供不应求，甚至还出现了销售困难，住房投资投机者也不再涌入住房市场，这些限制政策显然已经不合时宜。此外，这些限制性政策还限制了居民刚性和改善性住房需求的释放，妨碍了市场信心的恢复，所以应该及时全面调整。二是大幅降低购房贷款利率。从当前的信贷市场供求看，无抵押的消费贷利率已经降至左右，且对这类资金的市场需求仍不足。参照无抵押消费贷利率的供求状况，目前的房贷利率水平还需要大幅降低，才可能会对市场信心恢复有一定作用。从这一角度看，楼市政策仍有调整空间。年月日，住房城乡建设部、中国人民银行、金融监管总局三部门发布《关于优化个人住房贷款中住房套数认定标准的通知》，“认房不认贷”政策终于要走向落地。月日，一线城市中的广州与深圳已经在同一天出台规定落实“认房不认贷政策”。邹琳华表示，“认房不认贷”可以释放部分购房需求，对市场信心有一定的提振作用。月日，中国人民银行、国家金融监督管理总局联合发布《关于降低存量首套住房贷款利率有关事项的通知》。自年月日起，降低存量首套住房商业性个人住房贷款利率。中国人民银行、国家金融监督管理总局有关负责人表示，对于符合条件的存量住房贷款，可由借款人主动向承贷银行提出申请，也鼓励银行以发布公告、批量办理等方式，为借款人提供更为便利的服务。调整方式上，既可以变更合同约定的住房贷款利率加点幅度，也可以由银行新发放贷款置换存量贷款，具体利率调整幅度由借贷双方协商确定。中国首席经济学家论坛理事长、上海市经济学会副会长连平表示，降低存量房贷利率可以减轻购房者的利息负担，对于刺激消费、推动房地产市场复苏会有积极作用。曹晶晶表示，整体来看，月底房地产政策优化节奏加快，多项利好政策集中赶在“金九银十”到来之前落地，将有助于促进房地产市场信心修复和预期改善，推动刚需和改善性需求入市，激活市场交易。郁亮认为，“楼市的确有前所未有的压力”，但是，政策正在发力，并且对“盘活存量项目”等对行业中长期有重大影响的方面都有提出要求，是一种对行业的鼓舞。首都经济贸易大学京津冀房地产研究院院长赵秀池告诉中国新闻周刊，楼市跟着人口走，作为人口基数大、新增人口多的一二线城市，其市场仍有一定的发展潜力。在郁亮看来，目前我国城镇化率，这个数字如果预计达到，保守估计全国每年应该有亿亿平方米的新开工数才是合理水平，目前是超跌了。房地产行业能回到健康的水平，过程中会有曲折和波浪。（中国新闻周刊）,-0.1440889843796753,2023-09-02 16:36:00
有房贷的人开始焦虑排不上队利率真要降了买房人恨不得今天就是月日月日晚间点左右，中国人民银行、国家金融监督管理总局联合发布《关于降低存量首套住房贷款利率有关事项的通知》。据有关负责人介绍，符合条件的存量首套住房贷款是指，年月日前金融机构已发放，已签订合同但展开,-0.057786591151737,2023-09-02 14:34:42
房贷政策调整谁获益最大？日前，中国人民银行、国家金融监督管理总局联合下发《关于调整优化差别化住房信贷政策的通知》和《关于降低存量首套住房贷款利率有关事项的通知》，相关政策一经发布当即引发市场强烈关注。你的月供究竟能降多少两项通知内容均直接指向与房地产消费者最为关心的项目。差别化住房信贷政策调整优化的重点是，将统一全国商业性个人住房贷款最低首付款比例政策下限，首套为、二套为，不再区分实施“限购”城市和不实施“限购”城市。住房利率政策下限亦调整。各地可按照因城施策原则，在不低于上述全国统一政策基础上，自主确定辖区内首套和二套住房最低首付款比例和利率下限。《关于降低存量房首套住房贷款利率有关事项的通知》明确，年月日起，存量首套住房商业性个人住房贷款的借款人可向金融机构提出申请，由金融机构新发放贷款置换存量首套住房商业性个人住房贷款。据不完全统计和测算，目前，大部分城市存量房贷的利率最低下限是，此前购房者基本是按照左右的房贷利率购房，此次存量房贷利率调整后，房贷利率或能降低个基点以上。加上近日一些地方出台的“认房不认贷”新规，一些住房可能重新被认定为“首套”，从而享受新出台政策优惠。几千万户、上亿居民的财务负担或会有较明显下降，平均降幅或约为个百分点，预计对市场影响颇大。市场供求变化的必然结果“新政”晚间出通告，似乎非常突然，其实市场预期已久。月日金融统计数据情况新闻发布会上，央行政策司司长邹澜表示：“按照市场化、法治化原则，我们支持和鼓励商业银行与借款人自主协商变更合同约定，或者是新发放贷款置换原来的存量贷款。”这已经拉开政策调整市场沟通和预期的序幕。随后，月日，中国人民银行、国家外汇管理局召开年下半年工作会议，提出“将因城施策精准实施差别化住房信贷政策，继续引导个人住房贷款利率和首付比例下行，更好满足居民刚性和改善性住房需求。指导商业银行依法有序调整存量个人住房贷款利率。”月日，央行、金监局、证监会联合召开金融支持实体经济和防范化解金融风险电视会议，强调“要继续推动实体经济融资成本稳中有降，规范贷款利率定价秩序，统筹考虑增量、存量及其他金融产品价格关系”。月日开始，各大银行针对存量住房贷款利率下调发声，至此，市场基本上有共识，认为“箭在弦上”了。当然，政策密集发声、“步步为营”旨在引导市场预期，但市场预期的基础还是宏观经济形势，政策设置也同样是大形势下的相机顺应。在月日的发布会上，关于存量贷款表述前还有一段叙述，谈及房地产相关问题时，邹澜表示，“部分房企长期积累的风险仍然需要一段时间才能逐步消化考虑到我国房地产市场供求关系已经发生深刻变化”这个“深刻变化”在两个新政《通知》出台时，似也有相关监管部门工作人员提及。年，人民币个人住房贷款加权平均利率均值为，而年上半年新发放个人住房贷款加权平均利率为，前者高出后者。由于经济还在弱复苏过程中，居民资产端收益率也明显回落，如个月理财产品预期年化收益率降至、为历史最低水平。存量房贷利率高于理财、存款等稳健收益产品，居民“借新还旧、借短还长”等提前还贷意愿明显增加，提前偿还房贷需求提升。今年月，新增居民中长期贷款为负，或为居民提前偿还房贷超过当月新增贷款所致。由此可见，存量房贷利率调降是市场供求变化带来的必然结果。金融市场健康稳定发展所需降低存量房贷利率有什么好处呢？从购房端来看，居民固然会因房贷付息压力减轻，获得益处。对于房地产供给方而言，也可能刺激更多一些的需求。而对于银行等金融机构来说，虽然表面上看，存量房贷降息将会带来利息的损失，但若利率水平与市场供求形势发生扭曲，提前还贷等实则为居民对资产负债表的调整，居民资产负债表呈现收缩，商业银行经营收益也受到一定影响，并可能对金融市场造成扰动，调降利率也不能不说是金融市场健康稳定发展的需求。回看历史，年月，央行宣布决定“商业性个人住房贷款利率的下限扩大为贷款基准利率的倍”，该优惠举措主要针对于新增客户，但不少存量贷款客户通过转按揭的方式再度成为“新增客户”，从而享受七折利率优惠。房地产对经济有相当重要的支撑作用，而住房贷款是居民债务最主要的构成部分。如何稳定市场信心、降低负债端成本、稳定地产行业、提升消费能力，始终是经济的重要命题和目标。非常时期更加需要非常办法。当然，今时不同往日，就房贷而言，对比年已是更大的规模和挑战，对银行净息差和利润的影响也在加大。就房地产市场和其他消费市场而言，其规模和挑战都与十多年前不可同日而语。当我们看到一项政策的出台时，更多的配套政策和工具也需要都在路上，以保证每项政策的实际操作性，以及所有政策和工具的相互配合度，更重要的是，要不断适应变化的市场。（新京报）利息少了万购房者激动得一夜没睡,0.000275626361526,2023-09-25 09:41:55
利息少了万购房者激动得一夜没睡降存量房贷利率有购房者激动得一夜没睡“总利息少了万，每月少还多元”你的月供究竟能降多少？月日晚间，中国人民银行和国家金融监督管理总局发布《关于降低存量首套住房贷款利率有关事项的通知》，自年月日起实施。借款人可选择新发放贷款置换存量房贷，或者协商变更合同约定利率水平两种方式，调整存量首套住房商业性个人住房贷款，预计这两种方式调整后的利率水平不会有明显区别。经测算，以万元、年期、原利率的存量房贷为例，假设房贷利率降至，可每年节约超元利息支出。新杭州人小陈在年月买了一套萧山市北的二手房，首套利率（。此后多次下调，但由于加点实在太高，目前还是在的利率高位。小陈说，昨晚得知这个消息，激动得一夜没睡好，按照此次存量首套房贷的调整办法，如果按照下限计算，原利率将降至（当时杭州首套房贷利率政策下限为不加点）。对于购房者，的利率降幅是一笔厚厚的息差。以万商业贷款，年本额等息还款为例，调整后，小陈的月供将从元降至元，每个月少了元，总利息少了万元。（视频）视频的微博视频,-0.0545055255324393,2023-09-08 08:58:37
四川公示首套房贷利率执行下限月日晚，中国人民银行、国家金融监督管理总局联合发布《关于降低存量首套住房贷款利率有关事项的通知》。文件明确，从年月日起，存量首套住房商业性个人住房贷款的借款人可向承贷金融机构提出申请，由该金融机构新发放贷款置换存量贷款，但在贷款市场报价利率（）上的加点幅度，不得低于原贷款发放时所在城市首套房贷款利率政策下限。月日下午，人民银行四川省分行官网发布消息，公布了近几年四川省内各城市首套房贷款利率下限执行情况网页链接（中国人民银行四川省分行）,0.0519564826301562,2023-09-07 17:28:55
约三分之二存量房贷符合利率下调标准算笔账个税政策利好每月能省多少钱月的最后一天，多项与个人、家庭息息相关的利好政策官宣出台。昨天，国务院宣布提高岁以下婴幼儿照护、子女教育、赡养老人三项个税专项附加扣除标准，中国人民银行、国家金融监督管理总局发布《关于降低存量首套住房贷展开,0.0093466395362585,2023-09-06 09:35:23
江苏公布首套房按揭利率政策下限江苏省各设区市首套房按揭利率政策下限公布月日晚，中国人民银行、国家金融监督管理总局联合发布《关于降低存量首套住房贷款利率有关事项的通知》。文件明确，从年月日起，存量首套住房商业性个人住房贷款的借款人可向承贷金融机构提出申请，由该金融机构新发放贷款置换存量贷款，但在贷款市场报价利率（）上的加点幅度，不得低于原贷款发放时所在城市首套房贷款利率政策下限。月日下午，中国人民银行江苏省分行官网发布消息，公布了近几年江苏省内各城市首套房贷款利率下限执行情况。网页链接,-0.0849604227336721,2023-09-05 16:35:44
四川公布各市州首套房贷利率执行下限月日晚，中国人民银行、国家金融监督管理总局联合发布《关于降低存量首套住房贷款利率有关事项的通知》。文件明确，从年月日起，存量首套住房商业性个人住房贷款的借款人可向承贷金融机构提出申请，由该金融机构新发放贷款置换存量贷款，但在贷款市场报价利率（）上的加点幅度，不得低于原贷款发放时所在城市首套房贷款利率政策下限。月日，人民银行四川省分行公布了年以来四川省内各城市首套房贷款利率下限执行情况。（人民银行四川省分行）,-0.01138150924762,2023-09-05 16:22:47
房贷首付比例下调，一线城市及热点二线城市最受益，但北上深存量房贷利率或难受益。央行月日发布《关于调整优化差别化住房信贷政策的通知》和《关于降低存量首套住房贷款利率有关事项的通知》引发市场一片欢腾。对于首套房，成首付，这大概是年之后第二次全国范围如此大力度普遍调整了。二套房成首付也是相当可以了。不过，对于很多城市，其实早享受到成首付，所以，此次调整或许对一线城市以及热点二线城市影响最大。在这些城市带动下，楼市向好的局面将会更加清晰。宏观上的信心提升不代表实际的购买力提升，毕竟首付比例下调仅仅是个门槛降低的问题，并没有带动购房者的购买力。所以也不可盲目乐观。现在经济与收入预期仍不稳定且不乐观，即使购房者看到如此利好很冲动我也要劝你慎重。但有一些需求将得以释放，这些人不差钱就差政策。对于存量房贷利率下调，这一次也是敲定了方案。月日北京、上海、深圳等也都相继公布房贷利率下限，不过恐怕要泼点冷水了，可能难以受益存量按揭利率下调。北京：年月至今首套商业性个人住房贷款利率下限为个。上海：年月日至今执行的利率下限水平为。深圳：年月日至今执行首套房贷利率下限水平为。央行规定的原则是，新发放贷款的利率水平，在贷款市场报价利率上的加点幅度，不得低于原贷款发放时所在城市首套住房商业性个人住房贷款利率政策下限。目前北京首套房新发放房贷利率下限为（加点），上海为（加点），深圳为（加点）。因为各地市场下行趋势下，除北上深以外，基本上都大幅下调了贷款的加点幅度，而北上深房贷利率加点政策基本上保持了稳定，所以，预计北上深很难受益存量按揭利率的可能下调，除非地方下调加点幅度。对于一些人来说，可能盼来盼去，等了个寂寞，也别光听别人怎么说，最好还是到你的承贷银行问一问，看看是否具备下调条件，能下调多少。首套房贷款最低首付比例不低于降存量首套房贷利率万存量房贷每年可省多元利息,-0.0080942753340954,2023-09-05 16:12:50
北上深公布首套房贷利率下限各地首套房贷利率下限公布月日，中国人民银行、金融监管总局联合发布的《关于降低存量首套住房贷款利率有关事项的通知》明确，自月日起，符合相关条件的存量房贷借款人，可向金融机构提出申请，既可以变更合同约定的住房贷款利率加点幅度，也可以由银行新发放贷款置换存量贷款。最关键的一句是：降低后的存量房贷利率，依然要符合贷款发放时当地的房地产政策，即不低于当时所在城市房贷利率政策下限。也就是说，存量房贷利率调整最多可以“抹平”银行在发放房贷时高于政策下限的“溢价”。为确保存量房贷利率调整顺利落地，央行分支机构陆续在官网公布首套商业性个人住房贷款利率自律下限有关情况。更多城市大家可以直接上央行官网的各个地方分行网站查看。,-0.0135889486466726,2023-09-05 10:18:04
四川公示首套房贷利率执行下限月日晚，中国人民银行、国家金融监督管理总局联合发布《关于降低存量首套住房贷款利率有关事项的通知》。文件明确，从年月日起，存量首套住房商业性个人住房贷款的借款人可向承贷金融机构提出申请，由该金融机构新发放贷款置换存量贷款，但在贷款市场报价利率（）上的加点幅度，不得低于原贷款发放时所在城市首套房贷款利率政策下限。月日下午，人民银行四川省分行官网发布消息，公布了近几年四川省内各城市首套房贷款利率下限执行情况。红星视频的微博视频,-0.0105688066748034,2023-09-04 18:24:01
四川公示首套房贷利率执行下限月日，人民银行四川省分行官网发布消息，公布了近几年四川省内各城市首套房贷款利率下限执行情况。记者注意到，根据公布的情况，成都今年月日至今执行利率下限为，年月日至今年月日利率下限为。月日晚，中国人民银行、国家金融监督管理总局联合发布《关于降低存量首套住房贷款利率有关事项的通知》。文件明确，从年月日起，存量首套住房商业性个人住房贷款的借款人可向承贷金融机构提出申请，由该金融机构新发放贷款置换存量贷款，但在贷款市场报价利率（）上的加点幅度，不得低于原贷款发放时所在城市首套房贷款利率政策下限。,-0.0105783384532444,2023-09-04 18:04:16
四川首套房贷利率执行下限发布月日晚，中国人民银行、国家金融监督管理总局联合发布《关于降低存量首套住房贷款利率有关事项的通知》。文件明确，从年月日起，存量首套住房商业性个人住房贷款的借款人可向承贷金融机构提出申请，由该金融机构新发放贷款置换存量贷款，但在贷款市场报价利率（）上的加点幅度，不得低于原贷款发放时所在城市首套房贷款利率政策下限。月日下午，人民银行四川省分行官网发布消息，公布了近几年四川省内各城市首套房贷款利率下限执行情况。（来源：红星新闻）,0.0990275291505452,2023-09-04 17:58:26
有房贷的人开始焦虑排不上队利率真要降了买房人恨不得今天就是月日月日晚间点左右，中国人民银行、国家金融监督管理总局联合发布《关于降低存量首套住房贷款利率有关事项的通知》。据有关负责人介绍，符合条件的存量首套住房贷款是指，年月日前金融机构已发放，已签订合同但未发放的，以及借款人实际住房情况符合所在城市首套住房标准的存量住房商业性个人住房贷款。对于“高位站岗”买房者来说，这是不亚于过年的好消息。月日晚间，广州市民唐轩（化名）告诉时代财经，看到政策发布的那一刻，除了兴奋，还有一丝担忧，“恨不得明天就是月日，我现在就担心到时候要排队。”存量房贷,0.0,2023-09-04 17:58:16
月楼市发布的三个重大文件将有力提振市场信心楼市房地产月日住建部、人民银行、金融监管总局联合发布《关于优化个人住房贷款中住房套数认定标准的通知》，之后重点城市也陆续发布认房不认贷的通知。月日人民银行、金融监管总局联合发布《关于调整优化差别化住房信贷政策的通知》和《关于降低存量首套住房贷款利率有关事项的通知》两个文件，不再区分限购和不限购城市，将首套和二套住房贷款的最低首付比例下限统一为不低于和；二套住房利率政策下限调整为，首套住房利率政策下限仍为。,0.0079002961829274,2023-09-04 17:57:27
有房贷的人开始焦虑排不上队利率真要降了买房人恨不得今天就是月日月日晚间点左右，中国人民银行、国家金融监督管理总局联合发布《关于降低存量首套住房贷款利率有关事项的通知》。据有关负责人介绍，符合条件的存量首套住房贷款是指，年月日前金融机构已发放，已签订合同但未发放的，以及借款人实际住房情况符合所在城市首套住房标准的存量住房商业性个人住房贷款。对于“高位站岗”买房者来说，这是不亚于过年的好消息。月日晚间，广州市民唐轩（化名）告诉时代财经，看到政策发布的那一刻，除了兴奋，还有一丝担忧，“恨不得明天就是月日，我现在就担心到时候要排队。”时代财经的微博视频,-0.0011095283850652,2023-09-04 17:49:46
注意通知里的这句话“不得低于原贷款发放时所在城市首套住房商业性个人住房贷款利率政策下限”假如原来的政策最低是，加了，就是，那按照通知里的要求，银行给你降个，变成了，也按照央行的要求给降了，也满足不低于当时最低利率政策。降个寂寞啊降，哥不差那几块钱。房贷展开,-0.0039466170563193,2023-09-04 17:40:04
存量首套房贷利率下调月日起可申请万存量房贷每年可省多元利息月日，中国人民银行、金融监管总局联合发布《关于降低存量首套住房贷款利率有关事项的通知》（下称“通知”）和《关于调整优化差别化住房信贷政策的通知》。通知明确，自月日起，符合相关条件的存量房贷借款人展开,0.0361046231127169,2023-09-04 17:34:57
利息少了万购房者激动得一夜没睡降存量房贷利率央行、金融监管总局重磅发布有购房者激动得一夜没睡“总利息少了万，每月少还多元”你的月供究竟能降多少？月日晚间，中国人民银行和国家金融监督管理总局发布《关于降低存量首套住房贷款利率有关事项的通知》，自年月日起实施。借款人可选择新发放贷款置换存量房贷，或者协商变更合同约定利率水平两种方式，调整存量首套住房商业性个人住房贷款，预计这两种方式调整后的利率水平不会有明显区别。经测算，以万元、年期、原利率的存量房贷为例，假设房贷利率降至，可每年节约超元利息支出。新杭州人小陈在年月买了一套萧山市北的二手房，首套利率（。此后多次下调，但由于加点实在太高，目前还是在的利率高位。小陈说，昨晚得知这个消息，激动得一夜没睡好，按照此次存量首套房贷的调整办法，如果按照下限计算，原利率将降至（当时杭州首套房贷利率政策下限为不加点）。对于购房者，的利率降幅是一笔厚厚的息差。以万商业贷款，年本额等息还款为例，调整后，小陈的月供将从元降至元，每个月少了元，总利息少了万元。（视频）视频的微博视频,-1.0,2023-09-04 17:31:21
房贷政策最新调整便民资讯日前，中国人民银行、国家金融监督管理总局联合发布《关于调整优化差别化住房信贷政策的通知》和《关于降低存量首套住房贷款利率有关事项的通知》。有关负责人就调整优化住房信贷政策有关问题答记者问。一起来看（来源：中国人民银行网站、新华社）房贷政策最新调整,-0.000508799243451,2023-09-04 17:24:57
两部门调整优化住房信贷政策月日，中国人民银行、金融监管总局联合发布《关于调整优化差别化住房信贷政策的通知》和《关于降低存量首套住房贷款利率有关事项的通知》，对于贷款购买商品住房的居民家庭，首套住房商业性个人住房贷款最低首付款比例统一为不低于，二套住房商业性个人住房贷款最低首付款比例统一为不低于。同时，自月日起，存量首套住房商业性个人住房贷款的借款人可向承贷金融机构提出申请，由该金融机构新发放贷款置换存量首套住房商业性个人住房贷款。根据《关于调整优化差别化住房信贷政策的通知》，首套住房商业性个人住房贷款利率政策下限按现行规定执行，二套住房商业性个人住房贷款利率政策下限调整为不低于相应期限贷款市场报价利率加个基点。中国人民银行、金融监管总局各派出机构按照因城施策原则，指导各省级市场利率定价自律机制，根据辖区内各城市房地产市场形势及当地政府调控要求，自主确定辖区内各城市首套和二套住房商业性个人住房贷款最低首付款比例和利率下限。《关于降低存量首套住房贷款利率有关事项的通知》明确，存量首套住房商业性个人住房贷款，是指年月日前金融机构已发放的和已签订合同但未发放的首套住房商业性个人住房贷款，或借款人实际住房情况符合所在城市首套住房标准的其他存量住房商业性个人住房贷款。新发放贷款的利率水平由金融机构与借款人自主协商确定，但在贷款市场报价利率（）上的加点幅度，不得低于原贷款发放时所在城市首套住房商业性个人住房贷款利率政策下限。新发放的贷款只能用于偿还存量首套住房商业性个人住房贷款，仍纳入商业性个人住房贷款管理。此外，月日起，存量首套住房商业性个人住房贷款的借款人亦可向承贷金融机构提出申请，协商变更合同约定的利率水平。中国人民银行、金融监管总局有关负责人介绍，近年来我国房地产市场供求关系发生了重大变化，借款人和银行对于有序调整优化资产负债均有诉求。存量住房贷款利率的下降，对借款人来说，可节约利息支出，有利于扩大消费和投资。对银行来说，可有效减少提前还贷现象，减轻对银行利息收入的影响。同时，还可压缩违规使用经营贷、消费贷置换存量住房贷款的空间，减少风险隐患。为更好适应上述新形势，中国人民银行、金融监管总局明确按照市场化、法治化原则，支持鼓励银行与借款人协商调整存量首套住房贷款利率。（来源：《人民日报》）,0.8353789055232073,2023-09-04 17:24:54
西安二环外不限购的同一天武汉取消二环线以内住房限购政策确实总要有个拉手亲脑门的过程然后才,0.0225086582086532,2023-09-20 09:36:04
认房不认贷能拯救房地产市场吗多地密集发布楼市利好。武汉宣布取消二环线以内住房限购政策，西安二环以外区域取消限购。无锡全市域取消限购政策，青岛将执行认房不认贷。尽管核心城市仍有政策优化空间，但一线城市政策调整取决于市场恢复程度，未来有望按照因区施策原则，优化限购政策。,0.3666368495429503,2023-09-20 11:38:33
重磅刚刚，武汉宣布全面取消住房限购。月日下午，武汉市房管局官方发布《关于进一步促进我市房地产市场平稳健康发展的通知》，正式对外宣布，年月日起，取消武汉市二环线以内住房限购政策满足居民刚性和改善性购房需求。,-0.0680571542188765,2023-09-20 11:37:47
三城同日宣布取消限购月已有城全面取消限购三城同日官宣武汉、西安、无锡“取消限购”，月已有城全面取消限购月日，武汉市六部门发布通知，宣布从即日起取消二环线以内住房限购政策。同日，无锡和西安也宣布取消限购。值得注意的是，月日日，已有沈阳、南京、大连、兰州、青岛、济南、福州、郑州、合肥、无锡、武汉、西安个城市全面取消限购。而包括北上广深四个一线城市以及杭州、苏州、成都、长沙等城市依旧存在限购。“核心城市仍有优化空间：二线城市有望全面取消过去在市场过热阶段出台的限制性政策。一线城市政策调整取决于市场恢复程度，未来有望按照因区施策原则，优化限购政策。”中指研究院市场研究总监陈文静当日在接受《每日经济新闻》记者采访时指出。（艾塔）三城同日官宣武汉、西安、无锡“取消限购”，月已有城全面取消限购,0.0,2023-09-20 08:55:36
月日，两大省会城市发布楼市新政，其中武汉市宣布取消二环线以内住房限购政策，西安市二环以外区域取消限购。此外，无锡全市域取消限购政策，青岛将执行“认房不认贷”。这四个城市年均超万亿。下一步，深圳会不会部分区域取消限购？,-0.1044610030141071,2023-09-20 04:03:39
武汉取消住房限购政策，给予购房优惠支持月日，武汉市住房保障和房屋管理局发布《关于进一步促进我市房地产市场平稳健康发展的通知》，通知提及，年月日起，取消武汉市二环线以内住房限购政策满足居民刚性和改善性购房需求。同时，通知表示，生育多子女家庭在购房贷款时，购买的第二展开,-0.1017835659054304,2023-09-20 10:51:14
武汉：取消二环线以内住房限购政策月日，武汉市住房保障和房屋管理局发布《关于进一步促进我市房地产市场平稳健康发展的通知》，通知提及，年月日起，取消武汉市二环线以内住房限购政策满足居民刚性和改善性购房需求。同时，通知表示，生育多子女家庭在购房贷款时，购买的第二套住房认定为首套住房，购买的第三套住房认定为第二套住房。对已有两套住房的家庭，在挂牌出售或出租一套的前提下新购一套住房的，购房贷款时认定为第二套住房。,-0.0801034766536694,2023-09-20 12:56:02
武汉：取消二环线以内住房限购政策月日，通知表示，生育多子女家庭在购房贷款时，购买的第二套住房认定为首套住房，购买的第三套住房认定为第二套住房。二套房按照首套房政策，武汉走在全国前列,-1.0,2023-09-20 06:55:20
武汉：取消二环线以内住房限购政策月日，武汉市住房保障和房屋管理局发布《关于进一步促进我市房地产市场平稳健康发展的通知》，年月日起，取消武汉市二环线以内住房限购政策满足居民刚性和改善性购房需求。生育多子女家庭在购房贷款时，购买的第二套住房认定为首套住房，购买的第三套住房认定为第二套住房。对已有两套住房的家庭，在挂牌出售或出租一套的前提下新购一套住房的，购房贷款时认定为第二套住房。年月日起至月日前，对出售原有住房并在半年内购买新建商品住房和购买新建商品住房后至房屋交付前出售原有住房的纳税人，由购买新建商品住房所在区财政部门对其出售原有住房已缴纳的增值税按计税价格的给予补助。年月日前，对购买首套新建商品住房的，可享受万元家电家具数字消费券或购房消费券。持续开展线上线下房交会，对房交会期间购买首套住房的，按契税应缴额度给予补助优惠，购买第二套住房的，按契税应缴额度的给予补助优惠。年月日前，住房公积金缴存职工在我市购买普通自住住房的，贷款额度可按职工家庭当前可贷款额度上浮，同时不超出我市公积金贷款的最高贷款额度（即家庭首套房贷款最高可贷额度万元，家庭二套房贷款最高可贷额度万元）。,-0.1388783006293982,------
武汉全面取消住房限购：生育多子女家庭购买的第二套住房认定为首套住房月日，武汉市住房保障和房屋管理局官网发布《关于进一步促进我市房地产市场平稳健康发展的通知》。该通知共有条内容，包括：取消住房限购。年月日起，取消武汉市二环线以内住房限购政策满足居民刚性和改善性购房需求。优化家庭住房贷款套数认定标准。对生育多子女家庭在购房贷款时，购买的第二套住房认定为首套住房，购买的第三套住房认定为第二套住房。对已有两套住房的家庭，在挂牌出售或出租一套的前提下新购一套住房的，购房贷款时认定为第二套住房。网页链接,-0.0174064387230858,2023-09-19 22:48:06
武汉取消二环线以内住房限购政策月日，武汉市住房保障和房屋管理局发布《关于进一步促进我市房地产市场平稳健康发展的通知》。通知明确，自年月日起，取消武汉市二环线以内住房限购政策满足居民刚性和改善性购房需求。生育多子女家庭在购房贷款时，购买的第二套住房认定为首套住房，购展开,-0.008774868273473,------
武汉：取消二环线以内住房限购政策,-0.0775280960116476,2023-09-19 22:39:33
湖北新鲜事超话武汉取消二环内住房限购政策年月日起，取消武汉市二环线以内住房限购政策，满足居民刚性和改善性购房需求。详情,-0.0424099490532184,------
武汉取消二环内住房限购政策月日，武汉市住房保障和房屋管理局发布《关于进一步促进我市房地产市场平稳健康发展的通知》，通知提及，年月日起，取消武汉市二环线以内住房限购政策满足居民刚性和改善性购房需求。同时，通知表示，生育多子女家庭在购房贷款时，购买的第二套住房认定为展开,-0.4846076645377118,2023-09-19 21:40:02
武汉取消二环线以内住房限购政策天津武清区：购新房最高给予万补贴天津市静海区购房补贴政策天津武清区：根据购房人申请，按照总购房款的给予购房补贴，补贴金额最高不超过万元（含）天津市静海区购房补贴政策便民服务为贯彻落实《市住房城乡建设委等四部门关于进一步调整优化房地产政策更好满足居民刚性和改善性住房需求的通知》（津住建房改号）政策文件精神，适应房地产市场供求关系发生重大变化的新形势，进一步支持刚性和改善性住房需求，促进住房消费，结合静海区实际情况，发布实施《天津市静海区购房补贴政策》。（静海融媒）月日，武汉市住房保障和房屋管理局发布《关于进一步促进我市房地产市场平稳健康发展的通知》，通知提及，年月日起，取消武汉市二环线以内住房限购政策满足居民刚性和改善性购房需求。同时，通知表示，生育多子女家庭在购房贷款时，购买的第二套住房认定为首套住房，购买的第三套住房认定为第二套住房。对已有两套住房的家庭，在挂牌出售或出租一套的前提下新购一套住房的，购房贷款时认定为第二套住房。（财联社记者陈业）,-0.5073040775890805,------
重磅武汉全面取消住房限购月日，武汉市住房保障和房屋管理局、市自然资源和规划局等六部门印发《关于进一步促进我市房地产市场平稳健康发展的通知》，其中明确，年月日起，取消武汉市二环线以内住房限购政策满足居民刚性和改善性购房需求。生育多子女家庭在购房贷款时，购买的第二套展开,-0.0317448951631074,2023-09-19 22:34:08
武汉取消二环线以内住房限购政策鼓励购房，鼓励生育。二环外呢，限购吗？武汉：取消二环线以内住房限购政策钛媒体月日消息，武汉市住房保障和房屋管理局发布《关于进一步促进我市房地产市场平稳健康发展的通知》，通知提及，年月日起，取消武汉市二环线以内住房限购政策，满展开,-0.0359975666378887,2023-09-19 22:58:25
武汉取消住房限购今天（月日），武汉市住房保障和房屋管理局发布进一步促进武汉市房地产市场平稳健康发展的通知，全文如下：关于进一步促进我市房地产市场平稳健康发展的通知武房发号各区人民政府，各有关单位：为贯彻落实党中央、国务院决策部署，适时调整优化房地产政策，因城施策，用好政策工具箱，更好满足居民刚性和改善性住房需求，促进全市房地产市场持续平稳健康发展。结合我市当前实际，经市人民政府同意，现就有关事项通知如下：一、取消住房限购。年月日起，取消我市二环线以内住房限购政策满足居民刚性和改善性购房需求。二、优化家庭住房贷款套数认定标准。对生育多子女家庭在购房贷款时，购买的第二套住房认定为首套住房，购买的第三套住房认定为第二套住房。对已有两套住房的家庭，在挂牌出售或出租一套的前提下新购一套住房的，购房贷款时认定为第二套住房。三、支持居民换购住房。年月日起至月日前，对出售原有住房并在半年内购买新建商品住房和购买新建商品住房后至房屋交付前出售原有住房的纳税人，由购买新建商品住房所在区财政部门对其出售原有住房已缴纳的增值税按计税价格的给予补助。四、给予购房优惠支持。年月日前，对购买首套新建商品住房的，可享受万元家电家具数字消费券或购房消费券。持续开展线上线下房交会，对房交会期间购买首套住房的，按契税应缴额度给予补助优惠，购买第二套住房的，按契税应缴额度的给予补助优惠。五、阶段性调整住房公积金贷款额度。年月日前，住房公积金缴存职工在我市购买普通自住住房的，贷款额度可按职工家庭当前可贷款额度上浮，同时不超出我市公积金贷款的最高贷款额度（即家庭首套房贷款最高可贷额度万元，家庭二套房贷款最高可贷额度万元）。贷款额度上浮政策与其他住房公积金贷款上浮政策不叠加使用。六、盘活企业资产。对土地出让合同中约定由房地产开发企业自持的商办类房屋，在不改变房屋规划用途和不影响原土地出让合同履行的情况下，经辖区政府批准同意，允许以新建商品房形式整体转让。整体转让后，原土地出让合同约定的相关权利和义务由新的受让方承担。七、加强精准供地，鼓励居住户型设计创新。结合各区新房库存情况，实施土地精准投放，加快中心城区地段好、配套齐全的住宅净地供应，加快项目审批、开工建设、上市销售。支持企业转型发展，优化住宅阳台进深、面积比例控制要求等技术规范，推进新型住宅设计创新。八、加快盘活存量用地。对已出让尚未建设且没有法律纠纷的存量国有建设用地，由辖区政府组织开展土地收回和规划优化可行性研究，报市政府同意并按程序完善相关工作后，可重新实施土地供应。存量用地收回应符合相关规定，且规划优化后，可以满足公共服务设施和基础配套设施承载力、不影响重点功能区核心功能实施。九、积极助企纾困。因疫情影响，对年月日前未按土地出让合同或储备土地开发补偿协议约定缴付土地价款的项目按照省、市相关助企纾困文件要求执行，可延期缴纳。十、建立房地产开发企业“白名单”管理。在我市注册且经营状况良好，近三年未发生债务违约行为、集团及所属企业在我市未发生过重大质量安全事故、未因自身经营原因引起群体性信访、无被法院列为“失信”“限高”记录的房地产开发企业，可以纳入“白名单”管理。在风险可控前提下，对纳入“白名单”的房地产开发企业可申请提前办理预售许可。本《通知》自发布之日起执行，由市住房保障和房屋管理局负责解释。各区可结合实际制定促进本辖区房地产市场平稳健康发展的支持政策，相关措施可与本《通知》叠加使用。武汉市住房保障和房屋管理局武汉市自然资源和规划局武汉市城乡建设局武汉市财政局武汉市商务局武汉住房公积金管理中心年月日（长江云新闻）,-0.1493214780824848,2023-09-19 22:03:17
武汉取消二环线以内住房限购政策武汉：取消二环线以内住房限购政策月日，武汉市住房保障和房屋管理局发布《关于进一步促进我市房地产市场平稳健康发展的通知》，年月日起，取消武汉市二环线以内住房限购政策满足居民刚性和改善性购房需求。生育多子女家庭在购房贷款时，购买的第二套住房认定为首套住房，购买的第三套住房认定为第二套住房。对已有两套住房的家庭，在挂牌出售或出租一套的前提下新购一套住房的，购房贷款时认定为第二套住房。年月日起至月日前，对出售原有住房并在半年内购买新建商品住房和购买新建商品住房后至房屋交付前出售原有住房的纳税人，由购买新建商品住房所在区财政部门对其出售原有住房已缴纳的增值税按计税价格的给予补助。年月日前，对购买首套新建商品住房的，可享受万元家电家具数字消费券或购房消费券。持续开展线上线下房交会，对房交会期间购买首套住房的，按契税应缴额度给予补助优惠，购买第二套住房的，按契税应缴额度的给予补助优惠。年月日前，住房公积金缴存职工在我市购买普通自住住房的，贷款额度可按职工家庭当前可贷款额度上浮，同时不超出我市公积金贷款的最高贷款额度（即家庭首套房贷款最高可贷额度万元，家庭二套房贷款最高可贷额度万元）。（财联社记者陈业）,0.0043622600998199,2023-09-19 21:57:24
刚刚，武汉全面取消住房限购武汉市住房保障和房屋管理局：年月日起，取消我市二环线以内住房限购政策，满足居民刚性和改善性购房需求。武汉取消二环线以内住房限购政策,-0.0342469011629585,------
江苏省无锡市：全市域取消限购政策，降低购买首套房首付比例。武汉：取消二环线以内住房限购政策。,-0.0097756648601109,2023-09-19 20:47:17
