文本;宏观集群密度;帖子平均情绪值;宏观集群信任度值;群体情绪指数1
韩国又闹“萨德”中国安全决不能由别人来决定后沙月光本尊：据韩联社日报道，关于驻韩美军“萨德”（）反导基地，预计韩国防部相关计划最早将于月内完成，届时将走完“萨德”在韩正式部署所需程序。根据去年月韩国外交部和驻韩美军指挥官组成的《驻韩美军地位协定》（）联合委员会签署供地文件，韩方将为“萨德”基地再向美方供地万平方米。韩国一些“反萨德”民间团体对此进行了抗议，理由是环境保护。韩国官方和民间这样闹来闹去，是想将“萨德”转化为一个法律问题，掩人耳目，避开其事关地缘政治和东北亚安全问题的实质。;0.0050021285653469;0.2303506455160222;0.4253047214711803;0.005976269721929475
肥西县产城融合示范区（花岗）最新卫星影像图，路网建设进度很快，随着紫云湖片区和滨湖西片区热点降温，肥西经开区供应宗地后优质地块减少，北雁湖供地难度大，年该片区可能会加大土地供应。;0.0019157088122605;0.2413339867615086;0.8795440057819773;0.004958967476439651
第十四届全国政协委员、四川大学华西医院教授甘华田建议第三孩免费教育至高中“学前教育入园难和贵的问题，依然是阻碍大多数家庭不愿生育多孩的原因之一。公办幼儿园的名额少，民办幼儿园的费用普遍较高，而高中教育不是义务教育，学费相对较贵”年全国“两会”召开在即，第十四届全国政协委员、四川大学华西医院教授甘华田告诉红星新闻记者，为更有效地鼓励生育，他将提交“关于进一步优化生育配套公共服务供给，提高生育意愿，优化人口结构的提案”，建议“为生育二孩、三孩的家庭发放教育专项补贴，为第三孩提供从幼儿园到高中毕业阶段的免费教育”。全国政协委员甘华田观点：面对生育主导型人口负增长，需要提高适龄人口的生育意愿和生育水平甘华田告诉红星新闻记者，我国人口多年来首次出现负增长，面对生育主导型人口负增长，努力提高适龄人口的生育意愿和生育水平是当务之急。与此同时，甘华田认为，目前，适龄的生育人群生育观念相对固化，“二孩”“三孩”政策对我国总体生育率的影响不如预期。“不愿生的原因很多，但是主要是两个，第一个是教育问题，第二个是医疗问题。实际上，教育问题是最重要的一个拦路虎，要解决这一问题，给三孩提供免费教育是一个很好的选择。而给三孩提供免费教育，国家财政是完全能够承受的，因为小学和初中已经是义务教育了，仅仅需要提供幼儿园和高中的费用。”甘华田如是说。建议：为生育二孩、三孩的家庭发放教育专项补贴减轻育儿家庭医疗负担甘华田表示，探索更有效的鼓励生育政策，应鼓励地方在降低养育、教育成本方面大胆创新。那么，如何降低多孩家庭的教育成本？对此，甘华田建议，为生育二孩、三孩的家庭发放教育专项补贴，为第三孩提供从幼儿园到高中毕业阶段的免费教育。此外，甘华田还建议减轻育儿家庭医疗负担，实行岁以下儿童免费医疗，提高儿童健康水平和人口素质；运用好税收政策，在个人所得税征收中，关于抚养子女支出的专项附加扣除标准按照子女数量进行差异化个税抵扣，并且覆盖从怀孕到孩子年满周岁。在养育、教育成本之外，甘华田对多孩家庭住房保障问题也有关注。甘华田提出，针对多孩家庭出台住房保障政策，降低多孩家庭的养育成本。而从地方实践上，目前福建省龙岩市已出台《龙岩中心城区三孩家庭购买新建商品住房补贴实施办法》，助力缓解多孩家庭购房压力。如若实行上述一系列举措，其带来的医疗、教育成本是否会增加财政负担？对此，甘华田认为，随着我国经济实力的不断提升，综合国力的不断增强，费用应该是国家财政能够承受的。“这实际上是一个鼓励性的、引导性的政策，表明国家鼓励生育的决心，也充分彰显党和政府以人民为中心的为民情怀。”现状：多地探索生育支持措施以现金补贴和购房政策为主那么，为何建议为三孩提供免费教育，而不从二孩开始？甘华田表示，这是出于对财政负担的现实考虑。给三孩提供免费教育不会太增加国家财政负担，有可行性的同时，也起到了鼓励生育的作用。红星新闻记者检索发现，目前多地已经出台针对三孩的生育支持措施。比如，湖北荆门部分地区对三孩家庭给予一次性购房补贴万元。年月，湖北荆门市人民政府官网发布了《关于优化生育政策促进人口长期均衡发展的实施方案》，其中明确二孩、三孩家庭还可以受到住房政策支持。对夫妻双方中至少一方为荆门市户籍，在东宝区、荆门高新区掇刀区、漳河新区等三区购买首套或改善型普通住房的生育二孩及三孩家庭发放购房补贴，其中二孩家庭给予一次性补贴万元，三孩家庭给予一次性补贴万元；有两个及以上未成年子女的职工家庭在市里购买首套或改善型住房时，住房公积金购房贷款额度最高可达到规定限额的倍。湖南长沙对三孩及以上每孩一次性发放育儿补贴万元。年月，湖南长沙市委、市政府印发了《关于优化生育政策促进人口长期均衡发展的工作方案》。长沙市卫生健康委员会主任刘激扬在解读该方案时表示，夫妻双方共同依法生育三个及以上子女的本地户籍家庭，三孩及以上每孩可享受一次性育儿补贴万元。对依法生育两个及以上子女的本地户籍家庭，增加套购房指标。根据家庭未成年子女数量在户型选择等方面给予适当照顾。红星新闻记者王辰元张炎良北京报道;0.0002128565346956;0.7999999999999998;0.6666854161677557;0.0013844702629375505
鼓励生育多地明确对二孩三孩家庭发放生育补贴梳理发现，多地陆续推进一系列积极生育支持措施，如发放生育津贴和育儿补贴，加强住房保障支持等。云南：二孩生育补贴元、三孩补贴元年月日，云南省委、省政府印发《关于优化生育政策促进人口长期均衡发展的实施方案》，明确自年月日起，对符合政策条件的家庭发放一次性生育补贴（二孩补贴元、三孩补贴元），育儿补助（二孩、三孩岁期间每人每年补助元），对婴幼儿意外伤害险参保给予补贴（婴幼儿岁期间每人每年补助元）。山东济南：每孩每月发放元育儿补贴根据《济南市优化生育政策促进人口长期均衡发展实施方案》，明确建立健全积极生育支持政策体系。济南市户籍年月日以后出生的二孩、三孩家庭，每孩每月发放元育儿补贴，对其中的最低生活保障、特困供养人员及领取失业保险金期间的生育妇女每月加发元育儿生活补贴，直至孩子周岁。对按照国家政策生育二孩的缴存职工家庭，申请住房公积金贷款购买首套自住住房的，一人缴存住房公积金的职工家庭最高可贷额度提高至万元，两人及以上缴存住房公积金的职工家庭最高可贷额度提高至万元；生育三孩的缴存职工家庭，申请住房公积金贷款购买首套自住住房的，一人缴存住房公积金的职工家庭最高可贷额度提高至万元，两人及以上缴存住房公积金的职工家庭最高可贷额度提高至万元。湖南长沙：一次性发放育儿补贴万元根据湖南长沙市委、市政府印发的《关于优化生育政策促进人口长期均衡发展的工作方案》。长沙市卫生健康委员会主任刘激扬在解读《工作方案》时表示，夫妻双方共同依法生育三个及以上子女的本地户籍家庭，三孩及以上每孩可享受一次性育儿补贴万元。对依法生育两个及以上子女的本地户籍家庭，增加套购房指标。根据家庭未成年子女数量在户型选择等方面给予适当照顾。辽宁沈阳：三孩每月发放元育儿补贴据辽宁沈阳市印发的《实施积极生育支持措施促进人口长期均衡发展实施方案》。方案在降低生育、养育和教育成本方面明确了六项支持政策，其中包括建立家庭育儿补贴制度，对夫妻双方共同依法生育三个子女的本地户籍家庭，三孩每月发放元育儿补贴，直至孩子周岁止；实施住房支持政策，对生育二孩、三孩未满周岁的居民家庭在沈阳行政区域内已拥有套住房的，可在沈阳市限购区域内再购买套新建商品住房。对生育二孩、三孩未满周岁的住房公积金缴存职工家庭，使用住房公积金贷款购买自住房的，贷款限额可放宽到当期最高贷款额度的倍。黑龙江哈尔滨：三个子女家庭每月每孩发放元育儿补贴根据黑龙江哈尔滨市印发的《哈尔滨市优化生育政策促进人口长期均衡发展的实施方案》，其中明确将完善生育支持政策措施，减轻养育负担。建立育儿补贴制度，减轻家庭育儿负担，按政策生育第二个子女的家庭，每孩每月发放元育儿补贴；按政策生育第三个子女的家庭，每月每孩发放元育儿补贴，直至子女周岁。此外，要求健全支持生育的住房保障政策，政策内二孩及以上家庭，申请住房公积金贷款，连续缴存时间降低至半年；政策内生育第二个、第三个子女的家庭，在城区购买新建住房的，分别给予万元、万元的购房补贴。湖北荆门：三孩家庭每月发放元住房补贴年月日，湖北荆门市人民政府官网发布了《关于优化生育政策促进人口长期均衡发展的实施方案》，其中明确要对三孩家庭加强财税政策支持，减免经济困难家庭入托、入园、入学等费用。对夫妻双方中至少一方为我市户籍、在市内医疗机构生育三孩的家庭，每月发放元育儿补贴，直至孩子满周岁。此外，二孩、三孩家庭还可以受到住房政策支持。对夫妻双方中至少一方为荆门市户籍，在东宝区、荆门高新区掇刀区、漳河新区等三区购买首套或改善型普通住房的生育二孩及三孩家庭发放购房补贴，其中二孩家庭给予一次性补贴万元，三孩家庭给予一次性补贴万元；有两个及以上未成年子女的职工家庭在我市购买首套或改善型住房时，住房公积金购房贷款额度最高可达到规定限额的倍。（人民日报健康客户端）;0.0057471264367816;-0.0453077347832301;0.5004588978337808;-0.0015891951058152605
多地发布鼓励生育新政策人民日报汇总报道云南：二孩生育补贴元、三孩补贴元年月日，云南省委、省政府印发《关于优化生育政策促进人口长期均衡发展的实施方案》，明确自年月日起，对符合政策条件的家庭发放一次性生育补贴（二孩补贴元、三孩补贴元），育儿补助（二孩、三孩岁期间每人每年补助元），对婴幼儿意外伤害险参保给予补贴（婴幼儿岁期间每人每年补助元）。山东济南：每孩每月发放元育儿补贴根据《济南市优化生育政策促进人口长期均衡发展实施方案》，明确建立健全积极生育支持政策体系。济南市户籍年月日以后出生的二孩、三孩家庭，每孩每月发放元育儿补贴，对其中的最低生活保障、特困供养人员及领取失业保险金期间的生育妇女每月加发元育儿生活补贴，直至孩子周岁。对按照国家政策生育二孩的缴存职工家庭，申请住房公积金贷款购买首套自住住房的，一人缴存住房公积金的职工家庭最高可贷额度提高至万元，两人及以上缴存住房公积金的职工家庭最高可贷额度提高至万元；生育三孩的缴存职工家庭，申请住房公积金贷款购买首套自住住房的，一人缴存住房公积金的职工家庭最高可贷额度提高至万元，两人及以上缴存住房公积金的职工家庭最高可贷额度提高至万元。湖南长沙：一次性发放育儿补贴万元根据湖南长沙市委、市政府印发的《关于优化生育政策促进人口长期均衡发展的工作方案》。长沙市卫生健康委员会主任刘激扬在解读《工作方案》时表示，夫妻双方共同依法生育三个及以上子女的本地户籍家庭，三孩及以上每孩可享受一次性育儿补贴万元。对依法生育两个及以上子女的本地户籍家庭，增加套购房指标。根据家庭未成年子女数量在户型选择等方面给予适当照顾。辽宁沈阳：三孩每月发放元育儿补贴据辽宁沈阳市印发的《实施积极生育支持措施促进人口长期均衡发展实施方案》。方案在降低生育、养育和教育成本方面明确了六项支持政策，其中包括建立家庭育儿补贴制度，对夫妻双方共同依法生育三个子女的本地户籍家庭，三孩每月发放元育儿补贴，直至孩子周岁止；实施住房支持政策，对生育二孩、三孩未满周岁的居民家庭在沈阳行政区域内已拥有套住房的，可在沈阳市限购区域内再购买套新建商品住房。对生育二孩、三孩未满周岁的住房公积金缴存职工家庭，使用住房公积金贷款购买自住房的，贷款限额可放宽到当期最高贷款额度的倍。黑龙江哈尔滨：三个子女家庭每月每孩发放元育儿补贴根据黑龙江哈尔滨市印发的《哈尔滨市优化生育政策促进人口长期均衡发展的实施方案》，其中明确将完善生育支持政策措施，减轻养育负担。建立育儿补贴制度，减轻家庭育儿负担，按政策生育第二个子女的家庭，每孩每月发放元育儿补贴；按政策生育第三个子女的家庭，每月每孩发放元育儿补贴，直至子女周岁。此外，要求健全支持生育的住房保障政策，政策内二孩及以上家庭，申请住房公积金贷款，连续缴存时间降低至半年；政策内生育第二个、第三个子女的家庭，在城区购买新建住房的，分别给予万元、万元的购房补贴。湖北荆门：三孩家庭每月发放元住房补贴年月日，湖北荆门市人民政府官网发布了《关于优化生育政策促进人口长期均衡发展的实施方案》，其中明确要对三孩家庭加强财税政策支持，减免经济困难家庭入托、入园、入学等费用。对夫妻双方中至少一方为我市户籍、在市内医疗机构生育三孩的家庭，每月发放元育儿补贴，直至孩子满周岁。此外，二孩、三孩家庭还可以受到住房政策支持。对夫妻双方中至少一方为荆门市户籍，在东宝区、荆门高新区掇刀区、漳河新区等三区购买首套或改善型普通住房的生育二孩及三孩家庭发放购房补贴，其中二孩家庭给予一次性补贴万元，三孩家庭给予一次性补贴万元；有两个及以上未成年子女的职工家庭在我市购买首套或改善型住房时，住房公积金购房贷款额度最高可达到规定限额的倍。;0.0219242230736483;-0.0981410567835599;0.461956631660985;-0.012121653093712577
鼓励生育多地明确对二孩、三孩家庭发放生育补贴多地陆续推进一系列积极生育支持措施，如发放生育津贴和育儿补贴，加强住房保障支持等。云南：二孩生育补贴元、三孩补贴元年月日，云南省委、省政府印发《关于优化生育政策促进人口长期均衡发展的实施方案》，明确自年月日起，对符合政策条件的家庭发放一次性生育补贴（二孩补贴元、三孩补贴元），育儿补助（二孩、三孩岁期间每人每年补助元），对婴幼儿意外伤害险参保给予补贴（婴幼儿岁期间每人每年补助元）。山东济南：每孩每月发放元育儿补贴根据《济南市优化生育政策促进人口长期均衡发展实施方案》，明确建立健全积极生育支持政策体系。济南市户籍年月日以后出生的二孩、三孩家庭，每孩每月发放元育儿补贴，对其中的最低生活保障、特困供养人员及领取失业保险金期间的生育妇女每月加发元育儿生活补贴，直至孩子周岁。对按照国家政策生育二孩的缴存职工家庭，申请住房公积金贷款购买首套自住住房的，一人缴存住房公积金的职工家庭最高可贷额度提高至万元，两人及以上缴存住房公积金的职工家庭最高可贷额度提高至万元；生育三孩的缴存职工家庭，申请住房公积金贷款购买首套自住住房的，一人缴存住房公积金的职工家庭最高可贷额度提高至万元，两人及以上缴存住房公积金的职工家庭最高可贷额度提高至万元。湖南长沙：一次性发放育儿补贴万元根据湖南长沙市委、市政府印发的《关于优化生育政策促进人口长期均衡发展的工作方案》。长沙市卫生健康委员会主任刘激扬在解读《工作方案》时表示，夫妻双方共同依法生育三个及以上子女的本地户籍家庭，三孩及以上每孩可享受一次性育儿补贴万元。对依法生育两个及以上子女的本地户籍家庭，增加套购房指标。根据家庭未成年子女数量在户型选择等方面给予适当照顾。辽宁沈阳：三孩每月发放元育儿补贴据辽宁沈阳市印发的《实施积极生育支持措施促进人口长期均衡发展实施方案》。方案在降低生育、养育和教育成本方面明确了六项支持政策，其中包括建立家庭育儿补贴制度，对夫妻双方共同依法生育三个子女的本地户籍家庭，三孩每月发放元育儿补贴，直至孩子周岁止；实施住房支持政策，对生育二孩、三孩未满周岁的居民家庭在沈阳行政区域内已拥有套住房的，可在沈阳市限购区域内再购买套新建商品住房。对生育二孩、三孩未满周岁的住房公积金缴存职工家庭，使用住房公积金贷款购买自住房的，贷款限额可放宽到当期最高贷款额度的倍。黑龙江哈尔滨：三个子女家庭每月每孩发放元育儿补贴根据黑龙江哈尔滨市印发的《哈尔滨市优化生育政策促进人口长期均衡发展的实施方案》，其中明确将完善生育支持政策措施，减轻养育负担。建立育儿补贴制度，减轻家庭育儿负担，按政策生育第二个子女的家庭，每孩每月发放元育儿补贴；按政策生育第三个子女的家庭，每月每孩发放元育儿补贴，直至子女周岁。此外，要求健全支持生育的住房保障政策，政策内二孩及以上家庭，申请住房公积金贷款，连续缴存时间降低至半年；政策内生育第二个、第三个子女的家庭，在城区购买新建住房的，分别给予万元、万元的购房补贴。湖北荆门：三孩家庭每月发放元住房补贴年月日，湖北荆门市人民政府官网发布了《关于优化生育政策促进人口长期均衡发展的实施方案》，其中明确要对三孩家庭加强财税政策支持，减免经济困难家庭入托、入园、入学等费用。对夫妻双方中至少一方为我市户籍、在市内医疗机构生育三孩的家庭，每月发放元育儿补贴，直至孩子满周岁。此外，二孩、三孩家庭还可以受到住房政策支持。对夫妻双方中至少一方为荆门市户籍，在东宝区、荆门高新区掇刀区、漳河新区等三区购买首套或改善型普通住房的生育二孩及三孩家庭发放购房补贴，其中二孩家庭给予一次性补贴万元，三孩家庭给予一次性补贴万元；有两个及以上未成年子女的职工家庭在我市购买首套或改善型住房时，住房公积金购房贷款额度最高可达到规定限额的倍。（原文链接鼓励生育多地明确对二孩、三孩家庭发放生育补贴）态度岛的微博视频;0.0041507024265644;0.2193798620001694;0.5025516340404527;0.005580649535971319
最新官方答疑：长沙离异单亲家庭享受二孩购房政策今年月上旬，长沙下发《依法生育两个及以上子女的本地户籍家庭购买商品住宅实施细则》，长沙市房产交易中心相关负责人强调，根据《实施细则》，由于二孩以上家庭增加套购房指标，在享受购房政策的二孩及以上本市户籍家庭，需同时满足以下展开;0.0002128565346956;0.9966908750093464;0.6665968906842651;0.0017246320624371106
长沙：二孩及以上本地户籍家庭增加套购房指标长沙市住建局、市卫健委、市公安局三部门今日联合下发的《依法生育两个及以上子女的本地户籍家庭购买商品住宅实施细则》明确，依法生育两个及以上子女的长沙市户籍家庭，符合二孩及以上家庭购房政策认定条件的，可在原有家庭限购套的基础上增加套购房指标。（观察者网）;0.0003192848020434;0.0102825665468362;0.5521408014124966;2.210626231960619e-05
长沙：二孩及以上本地户籍家庭增加套购房指标长沙市住建局、市卫健委、市公安局三部门今日联合下发的《依法生育两个及以上子女的本地户籍家庭购买商品住宅实施细则》明确，依法生育两个及以上子女的长沙市户籍家庭，符合二孩及以上家庭购房政策认定条件的，可在原有家庭限购套的基础上增加套购展开;0.000532141336739;-0.60721902098159;0.6666854161677557;-0.0026271146176220753
湖南消费投诉已通过长沙二孩及以上家庭增加套购房指标，正按程序报备“对依法生育两个及以上子女的本地户籍家庭，增加套购房指标。根据家庭未成年子女数量在户型选择等方面给予适当照顾。”这是去年长沙市委、市政府《关于优化生育政策促进人口长期均衡发展的工作方案》对外公布后，长沙楼市关注的热门热点。那么，这一政策何时落地实施？月日，长沙市住房和城乡建设局在问政湖南上回复网友消息称，相关政策已通过市政府常务会议审议，正在按程序报备。;0.0004257130693912;0.4210526315789474;0.9473577911927096;0.002070871269245599
实时快报：长沙依法生育二孩及以上本地户籍家庭增加套购房指标云财经讯，长沙市政府常务会议日前审议通过了《依法生育两个及以上子女的本地户籍家庭购买商品住宅实施细则》，目前《实施细则》已完成备案，即日起实施。政策的适用对象为依法生育两个及以上子女的长沙本市户籍家庭，符合二孩及以上家庭购房政策认定条件的，可在原有家庭限购套的基础上增加套购房指标，长沙户籍家庭购买限购区域第三套商品住房不受缴交社保或个税、房屋网签或办理不动产证时间等限制。;0.0003192848020434;0.9816246838331366;0.6666854161677557;0.0025481815952483485
长沙孩及以上家庭增加套购房指标长沙对孩及以上家庭增加套购房指标，已通过市政府常务会议审议，正按程序报备“对依法生育两个及以上子女的本地户籍家庭，增加套购房指标。根据家庭未成年子女数量在户型选择等方面给予适当照顾。”这是去年长沙市委、市政府《关于优化生育政策促进人口长期均衡发展的工作方案》（简称工作方案）对外公布后，长沙楼市关注的热门热点。那么，这一政策何时落地实施？月日，长沙市住房和城乡建设局在问政湖南上回复网友消息称，相关政策已通过市政府常务会议审议，正在按程序报备。潇湘晨报的微博视频;0.0009578544061302;-0.4763101682497328;0.6117451021918445;-0.00340365519419487
第三次房地产救市开始了，这次救市利好因素还是很多的，但要客观看待。、每年大学毕业生接近万人，不缺刚性和改善性购房需求。（现在的毕业生父母基本都已准备好房子了）、首套房利率最低已经降到，买房月供大幅降低。（差的不是利率，是没钱）、高层一再强调，房地产依然是国民经济的支柱产业。（给信心，保交付，继续坚持房住不炒）、楼市长期萧条，房价长期滞涨，潜在的购房需求不断累积。（生活还有衣食行）、看空房地产的人越来越多说明，需要买房的人越来越多。（房子话题已经淡了）;0.0423584504044274;-0.0294175719992329;0.5507600484724144;-0.008369413418328593
连平：二季度房地产市场有望走出谷底，房价或先抑后稳植信投资首席经济学家兼研究院院长、中国首席经济学家论坛理事长连平预计，年二季度开始，房地产市场有望逐步走出“谷底”。不过，政策加码到市场回暖仍然需要耐心，预计房地产市场将逐步摆脱底部区间。对于入市时机，连平提到，“考虑到当期购房政策条件相对宽松，门槛是近年来较低的，一方面购房贷款利率，无论是首套房还是二套房，很多城市都已经降到或接近历史最低水平；购房首付比例在几十个城市也有不同程度的调降，就刚性和改善性住房需求而言，尤其是在大城市的购房者，应该说是不错的购房时机。”（澎湃）网页链接;-0.0043635589612601;0.2711672200202026;0.4640081956315902;-0.006695598312972158
年月日贷款市场报价利率（）为：年期为，年期以上为，连续个月未发生变化。北京二手房;0.0021285653469561;-0.2851507479722194;0.5635141225005228;-0.004171113520244971
这个利率表的阶段我正在银行工作，那时候并不懂这么高的利率到底是怎么造成的，现在能够理解那时候外面的资金市场一定已经是惊涛骇浪了。贷款市场报价利率;0.0007449978714346;0.6105973923221492;0.9520876101984675;0.0052816861779750235
一周经济评论楼市利好政策意在释放合理购房需求国家统计局近日发布年月全国个大中城市商品住宅销售价格变动情况，总体看，一线城市商品住宅销售价格环比转涨、二三线城市环比降势趋缓。具体来看，月份个大中城市中，新建商品住宅和二手住宅销售价格环比上涨城市分别有个和个，比上月分别增加个和个；一线城市商品住宅销售价格环比转涨、二三线城市环比降势趋缓；一线城市商品住宅销售价格同比上涨、二三线城市同比下降。我省纳入统计的济南、青岛、烟台、济宁市中，青岛新建商品住宅环同比均上涨，济南、烟台、济宁仍整体呈现降势。与去年同期相比，济南、青岛新建商品住宅均上涨，二手住宅价格仍下降。单从月数据来看，一线城市的楼市已经开始出现了回暖向好的苗头，二三线城市降势趋缓也能在一定程度上提振市场信心。但对于大多数城市来说，经历了去年的深度调整，楼市整体走向尚待观察。春节以来，全国消费市场，包括房地产市场，已然能够感受到明显的变化。大街小巷卖房的传单多了，居民小区里中介忙了，城市会展中心也开始办房展了这些变化的背后，是支持刚需买房、信贷放宽、首付降低等一系列政策的推动。首先是金融支持。自今年月央行、银保监会宣布建立首套住房贷款利率政策动态调整机制后，已有多地调整首套房贷款利率，从最开始的三四线城市，向郑州、厦门等二线城市蔓延。据不完全统计，截至目前，已有约个城市调整了首套房贷利率，其中多个二线城市开始执行首套房贷款利率最低为的政策。在部分三四线城市，个别银行首套房贷利率已开始按执行。同时，购房门槛降低，改善型置业需求被激发。多地优化限购政策，部分二线城市允许符合一定条件的群体购买第三套房，长沙出台《依法生育两个及以上子女的本地户籍家庭购买商品住宅实施细则》，明确二孩及以上家庭购房，可增加一套购房指标。再看我省，各项利好政策也在为支持刚性和改善性住房需求发力。省政府日前出台的《关于促进经济加快恢复发展的若干政策措施暨年“稳中向好、进中提质”政策清单（第二批）》明确提出，支持各市采取发放购房消费券等多种形式促进住房消费。对新购买家庭唯一住房或第二套改善性住房，可通过适当方式予以支持。全面推行二手房交易“带押过户”登记模式，优化二手房交易流程。对多子女家庭购买首套自住住房的，允许各市适当上浮公积金可贷额度。面对当前的房地产市场政策，不少有购房需求的消费者难免担忧：房价会不会再次大涨？炒房团会不会卷土重来？实际上，“房住不炒”的定位始终没有改变。当前接连出台的利好政策，其目的在于稳定市场预期，释放合理购房需求。从最新公布的房地产价格数据来看，房价环比下降的城市数量在减少，但与去年同期相比，二三线城市房价下跌数量依然众多。业内人士表示，房地产经过长时间调整后，从低谷爬起来没有想象中简单，市场能走多远取决于购房者有多大的购买意愿。有权威人士建议，接下来房地产调控政策应进一步提升精准度，聚焦刚性和改善性住房需求。需求端，应继续加大差别化住房信贷政策实施力度。不仅应继续给予刚需购房者大力支持，改善性住房需求的相关支持政策也应进一步细化和落实。;0.0018092805449127;0.0;0.6677477219696429;0.0
第三次房地产救市开始了，这次救市利好因素还是很多的，但要客观看待。、每年大学毕业生接近万人，不缺刚性和改善性购房需求。（现在的毕业生父母基本都已准备好房子了）、首套房利率最低已经降到，买房月供大幅降低。（差的不是利率，是没钱）、高层一再强调，房地产依然是国展开;0.042571306939123;0.0029195982802394;0.6050047822696344;0.000917032214637935
第三次房地产救市开始了，大家觉得救得起来吗？这次救市利好因素还是很多的，比如：、每年大学毕业生接近万人，不缺刚性和改善性购房需求。、首套房利率最低已经降到，买房月供大幅降低。、高层一再强调，房地产依然是国民经济的支柱产业。、楼市长期萧条，房价长期滞涨，潜在的购房需求不断累积。、看空房地产的人越来越多说明，需要买房的人越来越多。房地产是国民经济的支柱产业;0.1164325244785014;0.4210526315789474;0.9538201514875236;0.5702468513270039
一条微博晒年味第三次房地产救市开始了，大家觉得救得起来吗？这次救市利好因素还是很多的，比如：、每年大学毕业生接近万人，不缺刚性和改善性购房需求。、首套房利率最低已经降到，买房月供大幅降低。、高层一再强调，房地产依然是国民经济的支柱产业。、楼市长期萧条，房价长期滞涨，潜在的购房需求不断累积。、看空房地产的人越来越多说明，需要买房的人越来越多。;0.0002128565346956;0.9816246838331366;0.6669509926182274;0.0016994644481566022
接连发布重磅新政，长沙楼市正起变化春节前十天，长沙楼市连续发布重磅新闻。先是月日起《依法生育两个及以上子女的本地户籍家庭购买商品住宅实施细则》实施。“长沙依法生育二孩及以上本地户籍家庭，增加套购房指标”落地。再是月日消息，《关于强省会人才购房实施细则》近日印发。周岁（含）以下的，具有专科及以上学历（博士、硕士学历不限年龄）或中级及以上专业技术资格（高级专业技术资格不限年龄）的人才，落户长沙并缴纳社保或个税后，可在限购区域内购买首套商品住房。这两条新政的核心，都直指限购放松。很明显，在新一轮楼市政策优化的浪潮里，长沙终于也撕开了口子。那么，新政实施之后，楼市又将发生什么变化？房票春节前接连发布的两条新政，最为明显的是，带来了购房资格的改变。前者，主要面向改善群体。长沙依法生育二孩及以上本地户籍家庭，增加套购房指标。不仅仅是二孩及以上家庭，事实上，去年以来，长沙多次优化了改善群体的购房政策。还比如以租换购，首套房网签四年后可购房套等。后者，直接扩充了刚需群体。周岁以下专科及以上的人才落户，且在购房当月有社保和个税记录的，可在限购区域内购买首套商品住房。此前，则需要落户与社保或个税均满一年。也正因为这项改变，被业内广泛看作是年以来，长沙楼市调控政策中覆盖面最广，力度最大的一次。人才购房条件的放宽，将直接加强长沙对人才的吸引力，尤其是引流市州及外地人口落户长沙。与之同时而来的是，一大批房票将进入长沙。新政实施后，今年长沙楼市的理论房票，远超此前第三方机构测算的万张。整体来看，长沙去年至今出台的优化政策，做到了支持刚性和改善性住房需求。长沙房产长沙房事儿（：潇湘晨报）;0.0004257130693912;-0.4763101682497328;0.6114795257413728;-0.00151207891905479
促消费、稳投资，推动经济全面快速恢复随着各地陆续进入“两会”时间，一些万亿城市年经济“成绩单”和年经济社会发展主要目标也随之出炉。如济南、青岛、长沙、合肥、郑州、福州、东莞等地，已经公布了相关数据。特别是年的经济增长目标，都在以上，其中，郑州、长沙更是把目标确定在左右，显示出地方发展经济的决心是非常大的，热情也是非常高的。从地方推出的发展举措来看，也都把扩内需、促消费放在了首位，如加快消费提质升级、推动文化旅游、住宿餐饮、批发零售等行业加快恢复、把恢复和扩大消费摆在优先位置，全面提升消费能级等。事实也是，推动经济增长的“三驾马车”，消费、投资和出口，由于出口受国际经济环境的影响很大，特别在目前的形势下，欧美发达国家加大了对中国企业的打压和限制力度，出口的难度会越来越大。即便有东南亚、“一带一路”沿线国家的支撑和保障，要想出口保持很高的增长速度，还是比较困难的，能够维持正常的贸易水平，不拖发展的后腿，就已经相当不错。因此，出口不可能再像过去一样，成为拉动中国经济增长的主动力。自然，推动中国经济增长的重任，就落到了消费与投资两驾马车身上。而从目前的实际情况来看，从疫情发生以来的情况看，消费总体处于低迷状态，特别是传统消费，受疫情的制约和影响很大，不仅居民的消费信心不足，企业供给的热情也不高，不敢去提供更多可供选择的商品和服务，担心供给得不到市场的回报。因此，供给端和消费端都没有对需求形成有效力量，导致消费市场只能在低迷中前行。也正是在这样的情况下，为了稳定经济增长、稳定就业，就只能依赖投资发力，依靠投资来提振发展信心。因此，疫情年来，投资总体保持了较好的发展态势，特别是基础设施投资、民生设施投资，是近年来投资的主角。如果没有投资做支撑，经济增长和就业就会面临很大压力。只是，就基建投资、民生投资来说，也已经到了比较吃紧的关口，无论是政府还是国有企业，都已经没有继续扩大投资的能力和条件。继续依靠基建投资、民生投资来稳增长、稳就业，空间已经越来越小。当然，基建投资、民生投资继续快速增长的空间变小，不代表整个投资已经没有发挥空间。因为，生产性投资的空间依然较大。如何激活企业投资信心，激发企业家发展的热情，生产性投资还是大有可为的。只要生产性投资活力激发，投资对经济增长、就业的作用依然十分强劲。而生产性投资能否激活，与消费市场能否恢复有着密切关系。如果消费市场恢复较好，市场需求扩大，对生产性投资也是会产生非常重要的促进作用的，是能够让企业家看到希望和信心的。这也意味着，消费这把钥匙，不仅要打开推动经济增长的锁，还要打开促进生产性投资的锁。如果两把锁都能打开，经济恢复就将步入快车道，年的经济增长就值得期待，就业也会有更加充足的保证。一旦就业有保证，消费也就更有希望、更有潜力、更有爆发力，形成良性循环。事实也是，与投资靠政府、出口靠企业相比，消费的基础是居民，需要靠广大居民消费热情的激发。很显然，随着疫情政策的调整，消费的窗口已经打开。最近一段时间以来，单从旅游消费来看，已经出现了疫情前的景象，广大居民旅游的热情十分高涨，航空、铁路等的订票率大大提高，海南等地的宾馆、饭店一房难订，元旦期间一些景区再度出现人满为患现象。同时，餐饮、电影、娱乐等场所也开始全面恢复，基础消费已经开始了“报复性消费”。预计春节期间，各种消费会进一步激发。不仅如此，在政策已经全面到位的情况下，居民被锁紧的住房消费，也可能伴随着各项消费的全面恢复，也出现缓慢恢复现象，刚性和改善性购房会逐步启动，关键就看，开发商能否趁热打铁，出台降价政策，把居民的购房热情点燃。如果居民的购房热情被点燃了，住房消费会成为消费市场最亮眼的一个，从而带动其他方面的消费全面恢复。消费的全面恢复，必然会对经济增长产生积极的推动作用。同时，给工业企业也会产生强大的促进作用，生产性投资会随之恢复，企业家投资的热情释放。如此一来，生产性投资会成为未来拉动经济增长不可忽视的重要力量，从而形成消费、投资共同拉动经济增长、拉动就业的“双引擎”。关键就看，地方政府采用什么样的手段和措施，把消费激活，把生产性投资激活、把企业家的信心激活了。;0.0004257130693912;0.2877814258285525;0.6667739416512463;0.000996194327307671
财经要闻央行：延续实施碳减排支持工具等三项结构性货币政策工具；多部门：鼓励支持有条件有意愿的搬迁群众进城落户；上海：促进汽车、家电等大宗消费，延续实施新能源车置换补贴。今日看盘超话股市分析;0.0003192848020434;0.993229246327766;0.6665968906842651;0.002577963308158684
扶贫搬迁受益方向发改委等多部门：鼓励支持有条件有意愿的搬迁群众进城落户。据悉，发改委联合财政部等个部门发布《关于推动大型易地扶贫搬迁安置区融入新型城镇化实现高质量发展的指导意见》。其中提出，鼓励支持有条件有意愿的搬迁群众进城落户。对吸纳搬迁人口落户多的地区给予财政支持。看法：这是扶贫搬迁计划，这是好事情，而且是根据有意愿搬迁的才搬迁，对乡村城镇化建设也是有利的。消息上对房地产也有利好影响。股票方面，房地产上周四周五港股房地产板块也有反弹行情活跃上涨，对节后股房地产板块和地产链也有利于反弹行情。如中交地产中国武夷万科新城控股高斯贝尔;0.0001064282673478;0.0;0.6665968906842651;0.0
鼓励支持有条件有意愿的搬迁群众进城落户财联社月日电，国家发展改革委联合财政部等个部门发布《关于推动大型易地扶贫搬迁安置区融入新型城镇化实现高质量发展的指导意见》。因地制宜制定具体落户办法，积极推广新市民居住证制度，推动城镇基本公共服务财联社新闻的微博视频;0.0002128565346956;0.9999935236737344;0.6665968906842651;0.0017303468270851918
发改委等多部门：鼓励支持有条件有意愿的搬迁群众进城落户充分尊重搬迁人口落户城镇意愿那个，很多人说此举是“掏”老百姓口袋里的钱，其实我感觉吧，有政策支持，总比没政策支持好得多。恕我直言，现在农村人还真有很多想在城市里买房子的，回老家农村问问就知道，在地市小县城买房的可多。所以，政策支持有条件有意愿的搬迁群众进城落户，那也挺好的。怎么说呢？你没有政策，一样有很多人去买，能给老百姓优惠点、便利点，总比没有强。;0.0155385270327799;0.3994850006360736;0.4802273025708544;0.036353219211606905
部门：鼓励支持有条件有意愿的搬迁群众进城落户。春节后首地，郑州部分银行首套房贷利率降至，已有多地突破利率下限。点评：有没有可能地产的逻辑已经走完了？剩下的就是一些改善群体。;0.0021285653469561;0.4112131337115389;0.5985288751639902;0.006388880636258367
发改委等多部门：鼓励支持有条件有意愿的搬迁群众进城落户国家发展改革委联合财政部等个部门发布《关于推动大型易地扶贫搬迁安置区融入新型城镇化实现高质量发展的指导意见》。其中提出，推进有序落户城镇。充分尊重搬迁人口落户城镇意愿，因地制宜制定具体落户办法，提高户籍登记和迁移便利度，鼓励支持有条件有意愿的搬迁群众进城落户。积极稳妥推广新市民居住证制度，推动城镇基本公共服务逐步覆盖未落户搬迁人口。依法保障已落户城镇的搬迁群众在迁出地农村的合法权益。;0.0003192848020434;0.8163816533722186;0.6665968906842651;0.002118948828408725
十九部门：鼓励支持有条件有意愿的搬迁群众进城落户国家发展改革委等十九部门发布《关于推动大型易地扶贫搬迁安置区融入新型城镇化实现高质量发展的指导意见》。其中提出，推进有序落户城镇。充分尊重搬迁人口落户城镇意愿，因地制宜制定具体落户办法，提高户籍登记和迁移便利度，鼓励支持有条件有意愿的搬迁群众进城落户。积极稳妥推广新市民居住证制度，推动城镇基本公共服务逐步覆盖未落户搬迁人口。依法保障已落户城镇的搬迁群众在迁出地农村的合法权益。;0.0001064282673478;-0.9307553577929596;0.6666854161677557;-0.0008053769468338455
部委发文鼓励支持有条件有意愿的搬迁群众进城落户近日，国家发展改革委联合财政部、中国人民银行等个部门印发意见提出：充分尊重搬迁人口落户城镇意愿，因地制宜制定具体落户办法，提高户籍登记和迁移便利度，鼓励支持有条件有意愿的搬迁群众进城落户。详情见图;0.0002128565346956;0.3839563384816185;0.6665968906842651;0.0006643819347850912
部门联合发布：鼓励支持搬迁群众进城落户，推广新市民居住证制度国家发展改革委月日发布《关于推动大型易地扶贫搬迁安置区融入新型城镇化实现高质量发展的指导意见》推进有序落户城镇。充分尊重搬迁人口落户城镇意愿，因地制宜制定具体落户办法，提高户籍登记和迁移便利度，鼓励支持有条件有意愿的搬迁群众进城落户。积极稳妥推广新市民居住证制度，推动城镇基本公共服务逐步覆盖未落户搬迁人口。派财经官微派财经官微的微博视频;0.0011707109408258;0.8888888888888888;0.6667739416512463;0.008461775050155796
米虫之超话鼓励支持有条件有意愿的搬迁群众进城落户;0.0008514261387824;0.2818379182223229;0.6027514491420115;0.0017638854052480367
今日看盘超话发改委鼓励支持有条件有意愿的搬迁群众进城落户。个人的真实体验：现在村里人越来越少，年轻人更少的可怜。就拿我的老家来说，村里岁的村户仅有几户，全村多户基本上都是岁以上的老年户。年轻人都进城了，村里的土地基本没有人种，全都荒废了，而市区仅仅北京市就承载了万人，挤的不行，导致房价高涨，就业竞争非常大。村里如果这样持续下去，基本上年后就绝户了，这也是现在的存在的现状。股票财经;0.0004257130693912;0.5016698992112222;0.8511834107808639;0.0022168886509927946
发改委等多部门：鼓励支持有条件有意愿的搬迁群众进城落户;0.006598552575564;-0.1504216882559587;0.5329019751804606;-0.006450482070632642
十九部门：鼓励支持有条件有意愿的搬迁群众进城落户;0.0011707109408258;0.4085711257012063;0.9520425488156112;0.005553405793727197
发改委等部门：发布《关于推动大型易地扶贫搬迁安置区融入新型城镇化实现高质量发展的指导意见》。推进有序落户城镇。充分尊重搬迁人口落户城镇意愿，因地制宜制定具体落户办法，提高户籍登记和迁移便利度，鼓励支持有条件有意愿的搬迁群众进城落户。积极稳妥推广新市民居住证制度，推动城镇基本公共服务逐步覆盖未落户搬迁人口。（现在的政策就是人都要往城市里跑）;0.0043635589612601;0.081350585962686;0.4796823075232568;0.002076543039170425
一切为了房地产，城里没有人买了，只好把农村的人赶进去买。部门联合发文：鼓励支持有条件有意愿的搬迁群众进城落户，依法保障已落户城镇的搬迁群众在迁出地农村的合法权益，真是为了房地产耗尽脑汁，殚精竭虑。今天初八，农村又恢复往日的萧瑟，已经看不见几个人了，除了一部分留守的老人。这样一来农村的人口就会越来越少了，当最后留恋故土，喜欢日出而作，日又入而息的老一辈人逝水流年而去，农村就更成为了空城，除了春节有人会回来祭祖，有点人气之外，平时再无鸡鸣狗吠之声了。;0.0015964240102171;0.3958141638905403;0.4443438455278978;0.003424084342002787
财经早餐星期日半导体设备厂商客户持续砍单泰国大米价格不到个月已飙升年全国发行新增地方政府债券亿元春节假期全国春运客流量超亿人次乌克兰危机推动美国财年军售额激增鼓励支持有条件有意愿的搬迁群众进城落户支付巨头据悉与投资者展开;0.0008514261387824;0.3673373984066151;0.8993254164407445;0.00343016249942666
会议指出，要深入落实稳经济一揽子政策和接续措施，推动重大项目建设、设备更新改造形成更多实物工作量，实施好原定延续执行的增值税减免等政策。坚持“两个毫不动摇”，依法保护民营企业权益。支持平台经济持续健康发展。推动企业节后快速复工复产。国常会：推动消费加快恢复多部门：鼓励支持有条件有意愿的搬迁群众进城落户网页链接;0.0029799914857386;0.2010680775924559;0.5794565151823788;0.004234135007488693
月日下午，发改委，财政部等部等部门发布《关于推动大型易地扶贫搬迁安置区融入新型城镇化实现高质量发展的指导意见》，对股形成利好，分享给大家。发改委、财政部等多部门：鼓励支持有条件有意愿的搬迁群众进城落户。异地扶贫搬迁是利国利民的一项好国策，很多人口居住在资源并不丰富的贫困山区和农村，要想富裕起来，要走很长的路，异地搬迁也是一件好事情。搬迁后相关的城镇接纳他们落户，由农村户口变更为城镇户口，并积极就业，走出一条扶贫的新路。在子女教育，医疗卫生等社会服务体系方面享有与城镇人口一样的待遇，体现了我国社会主义的优越性。人口贫困的减少，富裕程度的增加，也将对国民经济产生重大的促进，利好股市场的繁荣和发展。发改委、财政部等部门。分类引导大型安置区融入新型城镇化。异地扶贫搬迁以后，将会形成大型的人口聚集区，不仅要解决他们的吃饭问题，还要在居住环境，社会服务方面进行全面的提升。这就会对县城相关的基础设施进行延伸覆盖，相关的配套设施做到提档升级，公共服务提标扩面都要做到位。上述的措施和行动对基本建设方面形成利好，属于基本建设、海绵城市、地下管网、通讯环保等板块，对钢铁，排水设备，环境安保，水泥等相关产业链个股起到提振和推动。在此消息的带动下，下周股市场相关产业链个股有望迎来触底反弹的行情。;0.0230949340144742;0.9999942233211858;0.6665968906842651;0.18774276209326016
值得关注指导意见：鼓励支持有条件有意愿搬迁群众进城落户充分尊重搬迁人口落户城镇意愿近日，国家发展改革委联合财政部、中国人民银行、住房和城乡建设部、国家乡村振兴局等个部门印发《关于推动大型易地扶贫搬迁安置区融入新型城镇化实现高质量发展的指导意见》。意见中提到：加快搬迁人口市民化进程。推进有序落户城镇。充分尊重搬迁人口落户城镇意愿，因地制宜制定具体落户办法，提高户籍登记和迁移便利度，鼓励支持有条件有意愿的搬迁群众进城落户。积极稳妥推广新市民居住证制度，推动城镇基本公共服务逐步覆盖未落户搬迁人口。依法保障已落户城镇的搬迁群众在迁出地农村的合法权益。（国家发展改革委微信公众号）;0.000532141336739;0.0983246993104901;0.5705359804347291;0.0003640477604489137
充分尊重搬迁人口落户城镇意愿近日，国家发展改革委等个部门印发《关于推动大型易地扶贫搬迁安置区融入新型城镇化实现高质量发展的指导意见》。意见中提到：加快搬迁人口市民化进程。推进有序落户城镇。充分尊重搬迁人口落户城镇意愿，因地制宜制定具体落户办法，提高户籍登记和迁移便利度，鼓励支持有条件有意愿的搬迁群众进城落户。积极稳妥推广新市民居住证制度，推动城镇基本公共服务逐步覆盖未落户搬迁人口。依法保障已落户城镇的搬迁群众在迁出地农村的合法权益。;0.001064282673478;0.3022205976887118;0.6666854161677557;0.002615096439670216
充分尊重搬迁人口落户城镇意愿发改委、财政部等多部门：鼓励支持有条件有意愿的搬迁群众进城落户。只想问问：进城送房子还是要自己买房子？如果自己买，我干嘛当这个冤大头，替你城里人去库存？;0.0086206896551724;0.5209779072467811;0.956338076353746;0.052379152535309254
发改委等多部门：鼓励支持有条件有意愿的搬迁群众进城落户国家发展改革委联合财政部等多部门发布《关于推动大型易地扶贫搬迁安置区融入新型城镇化实现高质量发展的指导意见》。其中提出，推进有序落户城镇。充分尊重搬迁人口落户城镇意愿，因地制宜制定具体落户办法，提高户籍登记和迁移便利度，鼓励支持有条件有意愿的搬迁群众进城落户。积极稳妥推广新市民居住证制度，推动城镇基本公共服务逐步覆盖未落户搬迁人口。依法保障已落户城镇的搬迁群众在迁出地农村的合法权益。（发改委）;0.0004257130693912;0.974742754693518;0.6665968906842651;0.003373307912259051
今起北京租住保障性租赁房可提取公积金月日，北京住房公积金管理中心发布《关于进一步优化住房公积金提取业务的通知》。据悉，即日起，在本市租住保障性租赁房的家庭可以申请提取住房公积金，且职工每月的住房公积金可直接冲抵房租，减少了租房提取的中间环节。房地产（新浪财经）;0.0077692635163899;0.2123769882819858;0.4268850634810069;0.00858981818539557
北京租住保障性租赁房可提取公积金为啥不能自由提取？可以规定按自己需求来提取，随便每个季度提取，但是提取后以后贷款额度什么的减少什么的也行。不提取贷款额度增加也行。不是说促进消费？钱都存在里面拿不出来我拿什么消费;0.0002128565346956;-0.296116712297691;0.6665968906842651;-0.0005123879319626302
北京二手房白话数据年月日建委新房住宅网签套，二手房住宅网签套。（网签有滞后）大中介前台挂牌房源量套，持续关注。昨日楼市热点：北京公积金利好新年这类情况可按月提取。（看昨天微博）提供个学位北京中学东坝北校区开始招标。展开;0.0057471264367816;-0.150579381223866;0.5531288876842733;-0.005837518942135117
北京租住保障性租赁房可提取公积金真的会说到天花乱坠，只听他说的话，我觉得万一平不过分首护者的微博视频;0.0029799914857386;0.8082103699987461;0.8529429910161517;0.02505215839644249
今天起，在北京租住保租房可提取公积金月日，北京住房公积金管理中心发布《关于进一步优化住房公积金提取业务的通知》。即日起，在本市租住保障性租赁房的家庭可以申请提取住房公积金，且职工每月的住房公积金可直接冲抵房租，减少了租房提取的中间环节。《通知》明确，类住房公积金提取事项将展开;0.0017028522775649;-0.893978213584528;0.6667739416512463;-0.012378505979606488
白话身边事儿年月日，北京住房公积金管理中心发布《关于进一步优化住房公积金提取业务的通知》（以下简称《通知》）。据悉，即日起，在本市租住保障性租赁房的家庭可以申请提取住房公积金，且职工每月的住房公积金可直接冲抵房租，减少了提取的中间环节。同时，《通知》明确，类住房公积金展开;0.0053214133673903;-0.18561737647102;0.5268014509106858;-0.006345681803096331
月日起，北京市租住保障性租赁房可提取公积金月日，北京住房公积金管理中心发布《关于进一步优化住房公积金提取业务的通知》。即日起，在北京市租住保障性租赁房的家庭可以申请提取住房公积金，且职工每月的住房公积金可直接冲抵房租，减少了租房提取的中间环节。（北京住房公积金管理中心）;0.0025542784163473;0.1442371877599678;0.6145152307464112;0.0027609836420328113
月日起，北京市租住保障性租赁房可提取公积金月日，北京住房公积金管理中心发布《关于进一步优化住房公积金提取业务的通知》。即日起，在北京市租住保障性租赁房的家庭可以申请提取住房公积金，且职工每月的住房公积金可直接冲抵房租，减少了租房提取的中间环节。一、加大对租住保障性租赁展开;0.0055342699020859;-0.0889936585180316;0.5086715169121718;-0.0030552202146977305
各种支持政策出来了，帮助低收入人群。北京：月日起，租住保障性租赁房可提取公积金北京住房公积金管理中心发布《关于进一步优化住房公积金提取业务的通知》。即日起，在本市租住保障性租赁房的家庭可以申请提取住房公积金，且职工每月的住房公积金可直接冲抵房租，减少了租房提取的中间环节展开;0.0042571306939123;0.4397905298889242;0.6009337632923893;0.013720665113074586
今起北京租住保障性租赁房可提取公积金月日，北京住房公积金管理中心发布《关于进一步优化住房公积金提取业务的通知》。据悉，即日起，在本市租住保障性租赁房的家庭可以申请提取住房公积金，且职工每月的住房公积金可直接冲抵房租，减少了租房提取的中间环节。;0.0024478501489995;-0.3003785592501959;0.4943113562053875;-0.004432411246968772
实时快报：北京：月日起，租住保障性租赁房可提取公积金云财经讯，北京住房公积金管理中心发布《关于进一步优化住房公积金提取业务的通知》。据悉，即日起，在本市租住保障性租赁房的家庭可以申请提取住房公积金，且职工每月的住房公积金可直接冲抵房租，减少了租房提取的中间环节。（北京日报展开;0.0001064282673478;0.0839694656488549;0.6666854161677557;7.265826761599735e-05
千万人口特大城市官宣：租房就能全家落户，中心城区也可以所在省也发布重磅楼市新政每日经济新闻新年上班第一天，从河南省会郑州传来大消息。近日，郑州市公安局在郑州年户籍制度改革的基础上，制定下发了《关于进一步深化户籍制度改革的实施意见》，于年月日起正式实施。此次户籍展开;0.0075564069816943;-0.2705832041078354;0.5042424064595499;-0.012573067437844341
张捷财经说是倒逼开发商，其实是倒逼政府如何？办证时间长短，主要是政府测量办事的时间，交房即交证的政策看似很美，结果是期房的开发周期更长，老百姓拿到房子更晚，风险更大。现在房子盖好后的竣工验收和测量，经常就要三个月，等于是三个月不交等着，要是办证后才能够交，时间就要更长。而且交房后看到面积等各种问题，还可以争议等等，办证后交房，证都下来了，有面积、公摊等争议，就更难以维权了，因为已经把办证的政府绑架在上面了，要维权等于说政府办错了。河南：今年全面推行新建商品房“交房即交证”;0.0456577266922094;-0.1022352446515535;0.4939035026989749;-0.028115300731770664
年哪些新规开始实施从年月日起，河南全省所有城镇规划范围内新取得国有建设用地使用权的预售商品房项目全面实施“交房即交证”，以切实解决群众关切的不动产权证“办证难”，优化营商环境，提升群众的获得感和满意度。尽管还有非常明显的短板，但这就是进步。至少，老百姓有了一定的保障和依靠。至少，楼市的向好面在逐渐展现。河南新建商品房交房即交证郭春江郭春江超话醒客超话醒客;0.0004257130693912;0.3117256417880858;0.6665968906842651;0.0010787939369997282
河南新建商品房交房即交证从年月日起，河南全面推行新建商品房“交房即交证”。根据规定，全省所有城镇规划范围内新取得国有建设用地使用权的预售商品房项目，房地产开发企业在向购房者交房的同时，还要交不动产登记证。为做好这项涉及千家万户切身利益的工作，郑州、开封、洛阳、安阳、漯河等省辖市先后开展了试点工作。省自然资源厅汇总全省实施经验，规范工作程序，建立了“交房即交证”不动产登记服务新模式，从源头上消除了过去交房与交证不同步带来的弊端，取得了积极的改革成效。截至年年底，全省已有个项目（小区）实现了“交房即交证”，共发证本。年的愿望清单（河南日报）;0.0003192848020434;-0.0486922693893712;0.6667739416512463;-0.00012641615700988685
实时快报：年河南全面推行新建商品房“交房即交证”云财经讯，从年月日起，河南省所有城镇规划范围内新取得国有建设用地使用权的预售商品房项目全面实施“交房即交证”，以切实解决群众关切的不动产权证“办证难”，优化营商环境，提升群众的获得感和满意度。（河南日报）;0.0004257130693912;-0.8961745075507286;0.6665968906842651;-0.003101405517024086
今年河南全面推行新建商品房交房即交证从年月日起，全省所有城镇规划范围内新取得国有建设用地使用权的预售商品房项目全面实施“交房即交证”，以切实解决群众关切的不动产权证“办证难”，优化营商环境，提升群众的获得感和满意度。不动产登记涉及千家万户，面广量大，与广大群众的切身展开;0.0031928480204342;-0.2052163394526075;0.6286871011153913;-0.00502354660390858
住建部终于发话了，对于购买第一套住房的要大力支持，首付能降下来的要降下来，二套要合理支持，但是特别强调，三套以上原则上不支持，也就是说不给投机炒房者重新入市留有空间。房地产落实金融支持房地产条措施住建部部长谈买房租房;0.0003192848020434;0.1559782999673009;0.6665968906842651;0.00040484745658805877
央行：落实金融条措施，支持房地产市场平稳健康发展，具体哪条感兴趣的可以自己去看，提振经济，刺激房地产也是迫不得已之举，但是效果本都督有些怀疑没钱才是硬道理，重要的是，房子以后的投资价值越来越小，综合多方数据判断，年应该是人口负增长元年，未来很多年都是这个趋势，所以有钱人大概率也不会做这方面的投资刺激新能源汽车效果估计要好些;0.0007449978714346;0.0671494114395583;0.6666854161677557;0.0004067278394892434
央行：落实金融条措施，支持房地产市场平稳健康发展月日，年中国人民银行工作会议以视频形式召开。观点新媒体了解，会议要求，一是精准有力实施好稳健的货币政策。综合运用多种货币政策工具，保持流动性合理充裕。保持广义货币供应量和社会融资规模增速同名义经济增速基本匹配。多措并举降低市场主体融资成本。保持人民币汇率在合理均衡水平上的基本稳定。二是加大金融对国内需求和供给体系的支持力度。支持恢复和扩大消费、重点基础设施和重大项目建设。坚持对各类所有制企业一视同仁，引导金融机构进一步解决好民营小微企业融资问题。落实金融条措施，支持房地产市场平稳健康发展。三是持续推动金融风险防范化解。进一步发挥国务院金融委办公室牵头抓总作用。健全金融稳定保障基金管理制度。四是持续完善宏观审慎管理体系。优化宏观审慎压力测试机制。强化系统重要性银行监管。加强金融控股公司监管。五是持续深化国际金融合作和对外开放。做好二十国集团可持续金融牵头工作。稳步扩大规则、规制、管理、标准等制度型开放。有序推进人民币国际化。六是持续深化金融改革。继续完善金融基础设施统筹监管框架。加强平台企业金融业务常态化监管。继续深化外汇领域改革开放。七是全面提升金融服务和管理水平。持续推进金融立法。扎实做好金融统计和研究工作。不断提升支付监管质效。深化金融科技应用与管理。强化人民币现金管理。有序推进数字人民币试点。持续提升国库业务信息化水平。全面加强征信体系建设。扎实开展反洗钱监管。强化金融消费权益保护。（：观点网）;0.000532141336739;0.8514330287091444;0.7526807866890325;0.004158857329896903
落实金融支持房地产条措施房地产已经救不活了，没用的，死了这条心吧;0.0004257130693912;-0.7810278835306703;0.6665968906842651;-0.0027029157452289508
重要消息：、美股周三收高，标普指数涨，纳斯达克指数涨，道琼斯指数涨；热门中概股普涨，纳斯达克中国金龙指数涨，新年两日累涨；、央行：加大金融对国内需求和供给体系的支持力度支持房地产市场平稳健康发展；年有序推进数字人民币试点；年要精准有力实施展开;0.0594934014474244;0.3147058416416302;0.327143973149621;0.07469615217001538
央妈释放利好，主要亮点：、落实金融条措施，支持房地产市场平稳健康发展；、年有序推进数字人民币试点；、支持恢复和扩大消费、重点基础设施和重大项目建设。、持续推动金融风险防范化解，健全金融稳定保障基金管理制度。、年要精准有力实施好稳健的货币政策，多措并举降低市场主体融资成本。种种迹象都表明了年行情不会很差，有政策支持其次金融稳定保障基金，关键时候可以护盘；还有货币宽松为主，对于后市走势都是利好;0.0108556832694763;0.200933505667123;0.5486637304717449;0.014594911958214232
央行：落实金融条措施支持房地产市场平稳健康发展。年有序推进数字人民币试点。支持恢复和扩大消费、重点基础设施和重大项目建设。自然资源部部长：适当增加今年土地计划指标支持“十四五”规划重大工程。中国信通院：月国内手机出货量万，下降。硅料价格从最高块多直接跌到元。展开;0.0008514261387824;0.0;0.6665968906842651;0.0
口号喊得够多的了，关键看怎么落实落实金融支持房地产条措施;0.0007449978714346;0.4326380870402447;0.6168749822938646;0.0024247258446136338
股超话股今日影响盘面因素今日将迎来大反击：，英飞拓：年净利预亏亿亿去年亏损亿元英飞拓公告，预计年归母净利亏损亿亿，上年同期亏损亿元。、央行年会：落实金融条措施支持房地产市场平稳健康发展央行要求，年有序推进数字人民币试点，支持恢复和展开;0.0001064282673478;-0.1955881476996475;0.6665968906842651;-0.00016921876130968598
月日盘前阅读：盘前财经要闻：国内：央行工作重点来了涉及货币政策、房地产、平台经济、数字人民币等央行：落实金融条措施支持房地产市场平稳健康发展国常会：部署进一步做好重要民生商品和能源保供稳价等工作自然资源部部长：适当增加今年土地计划指标支持“十四五”展开;0.0111749680715197;0.4995895608274023;0.3829963624337664;0.026075941473103013
加大金融对国内需求和供给体系的支持力度。支持恢复和扩大消费、重点基础设施和重大项目建设。坚持对各类所有制企业一视同仁，引导金融机构进一步解决好民营小微企业融资问题。落实金融条措施，支持房地产市场平稳健康发展。青岛万和“信万和”品牌民营企业房地产税房地产超话房地产政策再读看书学习分享超话今日看盘超话大美中国央行：年要加大金融对国内需求和供给体系的支持力度网页链接;0.0003192848020434;-0.1337664042422701;0.6665968906842651;-0.00034719565827917185
刚刚，央行召开重磅会议落实金融条措施，支持房地产市场平稳健康发展打压房地产不符合市场经济原则作为实体经济的支柱产业不要妖魔化房地产有人的地方就有居住需求多生孩子多买房，不然一年又白忙;0.0022349936143039;-0.00822008597057;0.6214673749928624;-0.00013923764950394093
周三舆情热度：地产链传言政策将对房企加大支持力度，计划出台《优质房企资产负债表支持计划》（中交地产、滨江集团、新城控股等）；央行工作会议有序推进数字人民币试点加强平台企业金融业务常态化监管要加大金融对国内需求和供给体系的支持力度落实金融条措施支持房地产市场平稳健康发展（数字货币，平台经济，大金融，地产）；种业月日国际种业科学家大会将在海南三亚举行转基因审定预计结果最快春节前落地（敦煌种业、万向德农、大北农等）；元宇宙百度即将在月日的开发者大会上，发布全球首个独立元宇宙解决方案希壤元宇宙底座（百度希壤蓝色光标、中文在线、风语筑等）；有色自然资源部部长全面启动新一轮战略性矿产国内找矿行动（河钢资源、中国铝业、云南铜业等）；;0.0114942528735632;0.2377203839992349;0.7307748128369809;0.024350979961979897
今晚主要两大利好消息，，央行落实金融条措施，支持房地产市场平稳健康发展。这段时间地产利好真是太多了，而且利好一直在叠加，这样下去非把地产盘活不可，而且每年一季度事工程建筑类股票的开工旺季，真不排除地产出一波短期机会。建议短线操作，地产销售成交低迷，中长期难突破困局，上升动能不足。，央行年有序推进数字人民币试点，对计算机、信创和数字经济是利好消息。，多家银行下调存款利率。这是央妈在放水操作，这可不得了。从外盘表现看，全球形势对多头是有利。;0.0059599829714772;-0.2839844882764728;0.6666854161677557;-0.013760882770401918
今晚主要几个消息，央行：落实金融条措施，支持房地产市场平稳健康发展。建议短线操作，地产销售成交低迷，中长期难突破困局，上升动能不足。，央行：年有序推进数字人民币试点，对计算机、信创和数字经济是利好消息。，多家银行下调存款利率。这是央妈在放水操作。、美股三大股指集展开;0.0036185610898254;0.939028758989757;0.6666854161677557;0.02762621959837153
央行：落实金融条措施支持房地产市场平稳健康发展网页链接;0.0123456790123456;0.3470933370947294;0.6691641297054927;0.034968710141156795
，央行：落实金融条措施，支持房地产市场平稳健康发展。，央行：年有序推进数字人民币试点，多家银行下调存款利率。评，央妈，亲的多家中小银行调整存款利率炒股吧超话银行房地产苏世山成长价值投资牛市的微博视频;0.0081949765857811;0.4470876825844377;0.4368820056987134;0.019520470531943973
央行：落实金融条措施，支持房地产市场平稳健康发展支持恢复和扩大消费、重点基础设施和重大项目建设。坚持对各类所有制企业一视同仁，引导金融机构进一步解决好民营小微企业融资问题。落实金融条措施，支持房地产市场平稳健康发展。;0.0004257130693912;-0.8668657371132907;0.7530384467281094;-0.003389000815328165
一，想把投资做好，一定要关注市场和消息面的变化。今晚主要三大利好消息，，央行：落实金融条措施，支持房地产市场平稳健康发展。评：这段时间地产利好真是太多了，而且利好一直在叠加，这样下去非把地产盘活不可，而且每年一季度事工程建筑类股票的开工旺季，真不排除地产出一波短期机会。展开;0.0030864197530864;0.9978218174142244;0.6669509926182274;0.025048839558718075
央行：落实金融条措施，支持房地产市场平稳健康发展央行：持续完善宏观审慎管理体系，强化系统重要性银行监管央行：保持人民币汇率在合理均衡水平上的基本稳定来源：网页链接;0.0023414218816517;0.2082509510252214;0.5704613710035499;0.003392177817818331
央妈指明今年投资方向央行：年要加大金融对国内需求和供给体系的支持力度年中国人民银行工作会议月日上午以视频形式召开。会议要求，加大金融对国内需求和供给体系的支持力度。支持恢复和扩大消费、重点基础设施和重大项目建设。坚持对各类所有制企业一视同仁，引导金融机构进一步解决好民营小微企业融资问题。落实金融条措施，支持房地产市场平稳健康发展。;0.003299276287782;0.4790569286963642;0.6083499311693976;0.011725867359972055
央行：支持恢复和扩大消费、重点基础设施和重大项目建设。坚持对各类所有制企业一视同仁，引导金融机构进一步解决好民营小微企业融资问题。落实金融条措施，支持房地产市场平稳健康发展。综合运用多种货币政策工具，保持流动性合理充裕。保持广义货币供应量和社会融资规模增速同名义经济增速基本匹配。多措并举降低市场主体融资成本。保持人民币汇率在合理均衡水平上的基本稳定。;0.0024478501489995;0.0;0.6666854161677557;0.0
央行：年要加大金融对国内需求和供给体系的支持力度每经快讯，年中国人民银行工作会议月日上午以视频形式召开。会议要求，加大金融对国内需求和供给体系的支持力度。支持恢复和扩大消费、重点基础设施和重大项目建设。坚持对各类所有制企业一视同仁，引导金融机构进一步解决好民营小展开;0.0006385696040868;0.2704765300947951;0.6667739416512463;0.001404436635414522
央行：年要加大金融对国内需求和供给体系的支持力度年中国人民银行工作会议月日上午以视频形式召开。会议要求，加大金融对国内需求和供给体系的支持力度。支持恢复和扩大消费、重点基础设施和重大项目建设。坚持对各类所有制企业一视同仁，引导金融机构进一步解决好民营小微企业融资问题展开;0.0039378458918688;-0.2141090058650843;0.5960419311048568;-0.006128527885095595
年中国人民银行工作会议召开，会议指出，加大金融对国内需求和供给体系的支持力度。支持恢复和扩大消费、重点基础设施和重大项目建设。坚持对各类所有制企业一视同仁，引导金融机构进一步解决好民营小微企业融资问题。落实金融条措施，支持房地产市场平稳健康发展。;0.0018092805449127;0.9252142308646158;0.6665968906842651;0.01360809095481819
支持实体经济年银行业交出这份成绩单透过财经看世界财经金融是实体经济的血脉，为实体经济服务是金融的天职，是金融的宗旨。年，在复杂严峻的国内外形势下，银行业以服务实体经济为根本，加大金融资源对国民经济重点领域和薄弱环节的支持力度，积极向实体经济让利，为促进我国社会展开;0.0003192848020434;-0.0033991968618525;0.6666854161677557;-8.823913074572677e-06
新年第二个交易日（月日），地产板块持续火热，中证地产指数早盘大幅冲高，只成份股全面上涨，中南建设，新城控股相继涨停，华发股份涨超，招商蛇口、滨江集团涨超，万科、保利发展涨幅超。方面，地产（）盘中涨幅持续放大，截至发稿上涨，成交金额超万元，换手率，交投持续活跃。消息面上，月日，重庆发布地产条政策措施，强化楼市精准施策、系统调控，从加大金融支持、激活市场需求等方面提出措施。河南月日亦发文提出取消不必要的房地产需求限制。国金证券统计显示，多个二线城市放开限购，需求端放松政策加速落地。继去年月杭州、成都、西安等城市优化购房政策，月初厦门、南京、武汉、合肥等二线城市加入放松需求端政策的队伍。;0.0001064282673478;0.0;0.6665968906842651;0.0
河南昨天开会内容：取消和调整房地产过热时期妨碍消费释放的限制性政策。最终目的：要稳住房地产投资。核心：全面落实金融支持房地产条政策措施，全力保交楼、稳预期、拓供给，着力促进房地产市场平稳健康发展。楼市房地产楼市资讯;0.0019157088122605;0.1871696672538562;0.4893296598034632;0.0021396966572931704
什么信号？一线城市新房价格止跌业内人士认为，一线城市率先出现止跌企稳态势，显示去年四季度以来供需两端积极的政策产生一定效果。预计年需求端政策力度有望加码，热点城市交易量或在二季度开始企稳并慢慢回升，并在下半年带动都市圈周围城市好转。月日，国家统计局个大中城市房价数据出炉从年月房价数据来看，房价环比下降城市个数增加，其中，二手房价环比下降城市个数达到个。不过，从新房价格来看，一线城市在连跌个月后出现止跌现象。业内人士认为，一线城市率先出现止跌企稳态势，显示去年四季度以来供需两端积极的政策产生一定效果。预计年需求端政策力度有望加码，热点城市交易量或在二季度开始企稳并慢慢回升，并在下半年带动都市圈周围城市好转。一线城市新房价格止跌国家统计局的数据显示，年月份，个大中城市中房价下降城市个数有所增加，其中，新房价格环比下降城市有个，比上月增加个；二手房价格环比下降城市有个，比上月增加个。分城市来看，一线城市新房和二手房价格环比一平一降，二三线城市环比下降。其中，一线城市新房价格环比由上月下降转为持平；二手房价格环比下降，降幅比上月扩大个百分点。二线城市新房价格环比下降，降幅比上月扩大个百分点；二手房价格环比下降，降幅与上月相同。三线城市新房价格环比下降，降幅与上月相同；二手房价格环比下降，降幅比上月收窄个百分点。上海易居房地产研究院研究总监严跃进认为，根据简单算术平均计算，年月份全国个城市新房价格指数环比跌幅为，同比跌幅为。当前房价指数跌幅总体上没有扩大，说明去年四季度持续性的“三支箭”政策，减少了房企恐慌性降价的心理。最明显的变化是，一线城市连跌个月后，当前已经有止跌现象。预计新房价格指数的积极变化后续也会逐渐传导到二手房市场中。广东省城规院住房政策研究中心首席研究员李宇嘉也认为，年月份，一线城市基本止跌，显示去年四季度以来供需两端积极的政策产生一定效果。比如，供给端加快“三支箭”等资金投放、推进保交楼，改善房企资产负债表，推动收并购；需求端积极降低按揭利率，鼓励住房购置和改善等，政策叠加部分缓解了风险预期，购房需求释放也有所稳定。反映在房价上，一线城市率先出现止跌企稳态势。不过，李宇嘉同时指出，年月房价下跌城市增加，市场仍较为疲弱。中原地产首席分析师张大伟也指出，二手房价格表现更值得关注，年月，二手房价环比下降城市有个，刷新最近多年记录，说明当前市场全面低迷。政策助力年内楼市或企稳今年以来，中央和地方楼市支持政策密集出台。月日，央行、银保监会宣布对首套房贷利率政策实行动态调整，即新房价格环比和同比连续个月均下降的城市，可阶段性维持、下调或取消当地首套房贷利率下限。住建部部长倪虹在接受媒体专访时也表示，对购买第一套住房的，要大力支持，首付比例、首套利率该降的，都要降下来；对于购买第二套住房的要合理支持，以旧换新、以小换大、生育多子女家庭都要给予政策支持。他还表示今年要因城施策、精准施策，提振市场信心。与此同时，各地稳楼市步伐加快，新疆乌鲁木齐、安徽六安、河南荥阳等多地发布了刺激住房消费需求的多项政策举措，包括下调首套房贷利率下限、暂停限购政策、放宽首套房认定标准、降低首套房首付比例、换购住房个税减免、支持团购住房、发购房补贴、提高住房公积金贷款额度等。河南更是明确表示，要取消和调整妨碍消费需求释放的限制性政策。李宇嘉认为，稳房价是稳预期、稳需求、纾困供给端保交楼、“三支箭”资金投放、收并购的关键。近期央行对房价连续下跌城市祭出了利率不设下限的政策，目的也是为了稳房价，为稳楼市交易、开发创造条件。预计热点城市交易量或在二季度开始企稳并慢慢回升，并在下半年带动都市圈周围城市好转。对于今年的政策预期，上海易居房地产研究院执行院长丁祖昱认为，年将继续因城施策用足用好政策工具箱，地方需求端政策力度有望加码。其中，一线及重点二线城市调控政策或将局部放松，市场下行压力较大的远郊区域局部放松限购，定向优化二孩、三孩家庭以及各类人才购房资格等。作为政策风向标的一线城市，调控政策仍需从紧执行，但也存在局部放松的可能性。杭州、成都等重点二线市场倘若出现走弱迹象，不排除政策加码放松的可能性，以便给市场“保温”。丁祖昱还认为，非重点二线及三四线城市或将全面取消“四限”。非重点二线及三四线城市仍需在政策层面适度刺激居民购房需求，涉及全面取消“四限”，加码购房补贴、税费减免等。而在佛山全面取消限购之后，预计长春、南宁、常州这类非重点二线及三四线城市或将效仿全面取消“四限”，以便支持刚性和改善性需求，促进市场尽快回稳。文章来源：证券时报;0.0008514261387824;0.2877814258285525;0.6679247729366242;0.0019958274560638286
中房报社评：改善房地产需求端是今年的重心，还需要优化调整一些限制性政策住建部主管的中房报发布社评指出，改善房地产需求端是今年的重心。目前，在支持刚性和改善性住房需求这件重要事情上，各地和有关部门还需要优化调整一些妨碍消费需求释放的限制性政策，如在首套房、卖旧换新和二套改善性住房的首付比例、贷款利率上要加快下调步伐，对“认房又认贷”等措施要及时进行优化或者取消；对限购政策，可考虑适当优化和放开一二线城市限购政策；在住房消费契税上，对家庭新购住房要给予优惠政策。;0.000532141336739;-0.5847952287206175;0.6665968906842651;-0.002529762804847498
很多城市没有限购，首套首付，利率也是减点，一样还在跌中房报社评：改善房地产需求端是今年的重心，还需要优化调整一些限制性政策住建部主管的中房报发布社评指出，改善房地产需求端是今年的重心。目前，在支持刚性和改善性住房需求这件重要事情上，各地和有关部门还需要优化调整一些妨碍消费需求释放的限制性政策，如在首套房、卖旧换新和二套改善性住房的首付比例、贷款利率上要加快下调步伐，对“认房又认贷”等措施要及时进行优化或者取消；对限购政策，可考虑适当优化和放开一二线城市限购政策；在住房消费契税上，对家庭新购住房要给予优惠政策。;0.0014899957428693;-0.2292537979869976;0.4935472571897095;-0.0020559663958862767
全国范围看，年需求端将会出台更多宽松举措是必然，主要围绕释放住房消费潜力。在住房消费领域还存在一些妨碍消费需求释放的限制性政策，这些消费潜力要予以释放，主要体现在：一首套房的认定标准扩大，也就是松动“认房又认贷”的政策，很多首套购房者都是采用贷款的方式购房，“认房又认贷”置换房屋的往往通过“卖一买一”的方式实现，“双认”的实行会大幅限制改善需求的界定标准，若以二套的标准进行购房，高额的首付比例会降低改善性需求释放，因此年大概率会取消“双认”。二下调二套房的首付比例，虽然年也有不少城市下调二套首付比例，但并不普遍，核心热点城市的二套房首付比例高达、成，较高的换房门槛也降低了居民换房的动力，年二套房首付比例有望全面下调。三取消限购，目前仍有大部分城市执行区域限购，本地户口和外地户口均有购买套数限制，随着佛山、东莞全面取消限购，年更多热点二线城市或将跟进。除一线城市外，年限购或将全面松动。购房限制性政策尤其是“五限”政策加速调整或取消将成为年房地产政策调整的重要趋势。展望后市，除了一线城市外，二线及三四线城市有望全面取消“四限”，部分核心二线城市或将会采取从局部到全市的循序渐进方式放松。四预计新房商品房销售面积增速，销售金额增速。年的房地产市场销售规模创下年以来新低，全年销售面积约万，较去年同期下降；销售额约为亿元，较去年同期下降。由于近两年拿地规模锐减，在资金承压下，房企新开工动力不足，年，整体销售规模难以呈现大幅上涨，全年成交规模或与今年基本持平。年全国商品房销售面积上升，销售额上升，销售面积万，销售金额约为亿元。从年年内趋势来看，年房地产市场将摆脱疫情防控的拖累，保交楼专项借款的落地也减缓购房者对于交付的担忧，行业风险进一步缩减，购房信心逐步恢复。年市场下行的根本原因在于经济拖累地产，居民收入预期降低，购买力弱，居民购房信心回升后还有待经济好转，预计年上半年市场仍在恢复期，明年的市场前低后高，年中销售规模转正，全年成交水平与年基本保持一致。五二手房成交比重有望进一步上升。近几年，一些重点城市已经进入存量房时代，尤其是一线城市，二手房成交占比大于新房成交占比。年月，二手房成交占比，已经超过。从城市上看，年一些热点二线城市加速进入存量房市场，如重庆、天津年二手房成交占比超。年，由于二手房小区参考价格的发酵，二手房成交占比略有下降。年购房者出于对新房交付的担忧，导致二手房更受到购房者的青睐，二手房成交占比进一步走高，且在集中停贷事件后，二手房环比增速明显高于新房。年，房企走出资金风险还需要时间，购房者对新房交付的担忧仍存，外加上在二手房高库存下，价格较为平稳，购房者有更多选择的空间，预计二手房成交比重进一步上升。六年新房房价有望加速企稳，二手房价继续承压。目前的房价正处在下探的周期，无论是新房还是二手房，大中城房价同比指数连续多月下滑；从环比指数上看，大中城房价新房连续个月下滑，二手房连续个月下滑。在年销售端创年来新低的背景下，企业降价跑量，价格上涨动力不足，长时间处于下行周期。分等级城市看，一线城市房价更为坚挺，处于上升阶段，二线及三四线房价下滑，三四线的降幅最大。展望年，预计企业降价态势难改，虽然销售逐步回稳，但房价变化滞后于销售变化，上半年房价上涨动力仍不足，预计房价仍呈小幅下跌的态势，随着金融条对房企的资金支持的落地，房企降价促销的手段或将减缓，新房价格跌幅收窄，下半年有望转升。年二手房房价或继续承压，价格涨幅不及新房，主要是由于退税政策的出台，全国二手房挂牌量激增，影响房价预期，预计年二手房继续趋于稳中趋降的局面。;0.0011707109408258;-0.1401595600861542;0.5777390815409157;-0.0011560852277318115
月日中公早报，星期三，农历腊月十三，早安油价迎年首涨，此次调价折合、号汽油、号柴油每升分别上调、、元。开年大涨：在岸、离岸人民币对美元一度双双升破。乐视宣布每周四天半工作制：每周三实行弹性的半天工作制，薪资不变。河南：全力稳住房地产投资，取消和调整过热时期妨碍消费需求释放的限制性政策；郑州出台户籍制度改革新政：不受社保缴费、居住年限限制，父母、子女均可落。杭州在闭环管理的入境人员中检测出、毒株。中国大熊猫保护研究中心：年共繁育存活大熊猫幼仔胎只。澳门非高等教育学校下周一复课，所有师生每日回校前须完成抗原快测。浙江部分医院开出“阳康”门诊，涉及中医养疗、心理咨询。中国台球协会宣布，停止赵心童、张健康所有国内台球比赛资格，坚决反对操纵比赛与赌博。民调：的英国人支持举行重入欧盟公投。新年初始欧洲温暖天气破纪录：至少八个国家经历创纪录高温。向德国索要二战赔款万亿元波兰称已请求联合国帮助，并向欧盟国家、北约等发出多份通知。早报;0.0001064282673478;0.0139529250242688;0.6665968906842651;1.2071777952923174e-05
时政中公早报油价迎年首涨，此次调价折合、号汽油、号柴油每升分别上调、、元。开年大涨：在岸、离岸人民币对美元一度双双升破。乐视宣布每周四天半工作制：每周三实行弹性的半天工作制，薪资不变。河南：全力稳住房地产投资，取消和调整过热时期妨碍消费需求释放的限制性政策；郑州出台户籍制度改革新政：不受社保缴费、居住年限限制，父母、子女均可落。杭州在闭环管理的入境人员中检测出、毒株。中国大熊猫保护研究中心：年共繁育存活大熊猫幼仔胎只。澳门非高等教育学校下周一复课，所有师生每日回校前须完成抗原快测。浙江部分医院开出“阳康”门诊，涉及中医养疗、心理咨询。中国台球协会宣布，停止赵心童、张健康所有国内台球比赛资格，坚决反对操纵比赛与赌博。民调：的英国人支持举行重入欧盟公投。新年初始欧洲温暖天气破纪录：至少八个国家经历创纪录高温。向德国索要二战赔款万亿元波兰称已请求联合国帮助，并向欧盟国家、北约等发出多份通知。;0.0001064282673478;0.9947385301553038;0.6665968906842651;0.0008606269034174282
月日中公早报，星期三，农历腊月十三，早安油价迎年首涨，此次调价折合、号汽油、号柴油每升分别上调、、元。开年大涨：在岸、离岸人民币对美元一度双双升破。乐视宣布每周四天半工作制：每周三实行弹性的半天工作制，薪资不变。河南：全力稳住房地产投资，取消和调整过热时期妨碍消费需求释放的限制性政策；郑州出台户籍制度改革新政：不受社保缴费、居住年限限制，父母、子女均可落。杭州在闭环管理的入境人员中检测出、毒株。中国大熊猫保护研究中心：年共繁育存活大熊猫幼仔胎只。澳门非高等教育学校下周一复课，所有师生每日回校前须完成抗原快测。浙江部分医院开出“阳康”门诊，涉及中医养疗、心理咨询。中国台球协会宣布，停止赵心童、张健康所有国内台球比赛资格，坚决反对操纵比赛与赌博。民调：的英国人支持举行重入欧盟公投。新年初始欧洲温暖天气破纪录：至少八个国家经历创纪录高温。向德国索要二战赔款万亿元波兰称已请求联合国帮助，并向欧盟国家、北约等发出多份通知。;0.0001064282673478;-0.8679483670410753;0.6665968906842651;-0.0007509307147639607
时政时政热点年月日，星期三，农历腊月十三油价迎年首涨，此次调价折合、号汽油、号柴油每升分别上调、、元。开年大涨：在岸、离岸人民币对美元一度双双升破。乐视宣布每周四天半工作制：每周三实行弹性的半天工作制，薪资不变。河南：全力稳住房地产投资，取消和调整过热时期妨碍消费需求释放的限制性政策；郑州出台户籍制度改革新政：不受社保缴费、居住年限限制，父母、子女均可落。杭州在闭环管理的入境人员中检测出、毒株。中国大熊猫保护研究中心：年共繁育存活大熊猫幼仔胎只。澳门非高等教育学校下周一复课，所有师生每日回校前须完成抗原快测。浙江部分医院开出“阳康”门诊，涉及中医养疗、心理咨询。中国台球协会宣布，停止赵心童、张健康所有国内台球比赛资格，坚决反对操纵比赛与赌博。民调：的英国人支持举行重入欧盟公投。新年初始欧洲温暖天气破纪录：至少八个国家经历创纪录高温。向德国索要二战赔款万亿元波兰称已请求联合国帮助，并向欧盟国家、北约等发出多份通知。;0.0001064282673478;0.9947385301553038;0.6665968906842651;0.0008606269034174282
早安时政年月日，星期三，农历腊月十三油价迎年首涨，此次调价折合、号汽油、号柴油每升分别上调、、元。开年大涨：在岸、离岸人民币对美元一度双双升破。乐视宣布每周四天半工作制：每周三实行弹性的半天工作制，薪资不变。河南：全力稳住房地产投资，取消和调整过热时期妨碍消费需求释放的限制性政策；郑州出台户籍制度改革新政：不受社保缴费、居住年限限制，父母、子女均可落。杭州在闭环管理的入境人员中检测出、毒株。中国大熊猫保护研究中心：年共繁育存活大熊猫幼仔胎只。澳门非高等教育学校下周一复课，所有师生每日回校前须完成抗原快测。浙江部分医院开出“阳康”门诊，涉及中医养疗、心理咨询。中国台球协会宣布，停止赵心童、张健康所有国内台球比赛资格，坚决反对操纵比赛与赌博。民调：的英国人支持举行重入欧盟公投。新年初始欧洲温暖天气破纪录：至少八个国家经历创纪录高温。向德国索要二战赔款万亿元波兰称已请求联合国帮助，并向欧盟国家、北约等发出多份通知。;0.0001064282673478;-0.1883857489110609;0.6665968906842651;-0.00016298739700772118
蓟州中公教育月日时政简报，星期三，农历腊月十三，早安油价迎年首涨，此次调价折合、号汽油、号柴油每升分别上调、、元。开年大涨：在岸、离岸人民币对美元一度双双升破。乐视宣布每周四天半工作制：每周三实行弹性的半天工作制，薪资不变。河南：全力稳住房地产投资，取消和调整过热时期妨碍消费需求释放的限制性政策；郑州出台户籍制度改革新政：不受社保缴费、居住年限限制，父母、子女均可落。杭州在闭环管理的入境人员中检测出、毒株。中国大熊猫保护研究中心：年共繁育存活大熊猫幼仔胎只。澳门非高等教育学校下周一复课，所有师生每日回校前须完成抗原快测。浙江部分医院开出“阳康”门诊，涉及中医养疗、心理咨询。中国台球协会宣布，停止赵心童、张健康所有国内台球比赛资格，坚决反对操纵比赛与赌博。民调：的英国人支持举行重入欧盟公投。新年初始欧洲温暖天气破纪录：至少八个国家经历创纪录高温。向德国索要二战赔款万亿元波兰称已请求联合国帮助，并向欧盟国家、北约等发出多份通知。;0.0001064282673478;-0.3766354878143121;0.6665968906842651;-0.0003258571210106209
月日简报，星期三，农历腊月十三油价迎年首涨，此次调价折合、号汽油、号柴油每升分别上调、、元。开年大涨：在岸、离岸人民币对美元一度双双升破。乐视宣布每周四天半工作制：每周三实行弹性的半天工作制，薪资不变。河南：全力稳住房地产投资，取消展开;0.0014899957428693;0.435450822671175;0.5502207588871547;0.004353582883081129
千万人口特大城市官宣：租房就能全家落户，中心城区也可以所在省也发布重磅楼市新政每日经济新闻新年上班第一天，从河南省会郑州传来大消息。近日，郑州市公安局在郑州年户籍制度改革的基础上，制定下发了《关于进一步深化户籍制度改革的实施意见》，于年月日起正式实施。此次户籍制度改革进一步放宽了郑州市中心城区落户条件，凡在郑州市中心城区具有合法稳定就业或合法稳定住所（含租赁）的人员，不受社保缴费年限和居住年限的限制，本人及其共同居住生活的配偶、子女和父母，可以在郑州市申请登记城镇居民户口。你心动了吗？郑州郑东新区夜景，图片来源：摄图网新旧政策调整主要内容和年定下的户籍制度相比，郑州户籍新政的主要有三个方面的变动：（一）实施中心城区和县（市）、上街区无差别化落户政策。年政策规定，郑州市中心城区有条件的设定落户标准，县（市）、上街区全面放开落户限制。此次调整为全市统一的以经常居住地登记户口的政策。（二）放宽在中心城区稳定生活的农业转移人口及其他常住人口落户条件。一是年政策规定，郑州市农业转移人口在中心城区持居住证落户需满年。此次调整为不受居住证办理年限和地区属性的限制。二是年政策规定，郑州市中心城区租赁房屋入户需满年。此次调整为不受居住年限限制。（三）放宽在中心城区普通劳动者参加城镇社会保险落户条件。年政策规定，在郑州市中心城区务工且参加城镇社会保险落户需满个月。此次调整为不受社保缴费年限的限制。符合十项入户条件之一的，即可申请户口迁移（一）缴纳社会保险金入户。在郑州市中心城区近两年内参加城镇社会保险的人员，不受社保缴费年限的限制，本人及其共同居住生活的配偶、子女和父母，可以在郑州市中心城区申请登记城镇居民户口。（二）流动人口居住登记入户。在郑州市中心城区居住生活（含租赁）的外地市人员（以郑州市流动人口信息平台登记信息为准），不受居住年限的限制，本人及其共同居住生活的配偶、子女和父母，可以在郑州市中心城区申请登记城镇居民户口。周岁以下人员须随其父（母）或其他法定监护人申请迁入。（三）直系亲属投靠入户。申请人在郑州市中心城区有常住户口，经户主同意，可申请其共同居住生活的配偶、子女和父母的户口迁入。（四）人才引进入户。国家机关、企事业单位引进人才入户，往届高校毕业生、技术工人、职业院校毕业生入户，应届中专以上学历毕业生入户，留学归国人员入户，准予其本人及其共同居住生活的配偶、子女和父母的户口迁入。（五）购房入户。在郑州市中心城区购买住房的人员，可申请房主及其居住生活的配偶、子女和父母的户口迁入。（六）工作调动入户。国家机关、企事业单位工作人员调入郑州市中心城区工作的，可申请本人及其共同居住生活的配偶、子女和父母的户口迁入。（七）投资纳税入户。在郑州市中心城区投资、经商、办企业的外地公民，连续经营年以上，每年纳税金额达到万元以上的，或一年纳税达到万元以上的，可申请本人及其共同居住生活的配偶、子女和父母的户口迁入；外商投资企业按其实际投入外资额，每万美元可迁入名管理生产骨干。（八）迁入城镇的农村籍退伍转业军人入户。参军前户口在农村的退伍转业军人，可根据本人意愿申请本人及其共同居住生活的配偶、子女和父母的户口迁入。（九）成建制迁移人员入户。外地企业成建制迁入郑州市的职工，经市政府批准，准予迁入。（十）高校招生入户。户口住址在省市外学生被郑州市高校录取后，可将户口迁至高校所在地学校集体户口。“落户只是一个开始，如何把人留下来更为关键”值得注意的是，去年月郑州市公安局就《郑州市公安局关于进一步深化户籍制度改革的实施意见》公开征求意见，有媒体便解读为“一人租房全家落户”。当时，易居研究院智库中心研究总监严跃进表示，河南是全国城镇化推进工作较好的省份，也是潜力较大的省份，此次其省会郑州放开落户，进一步体现了支持城镇化发展的导向，从政策效应来看，放开落户具有非常好的作用，有助于释放人口红利。“落户只是一个开始，如何把人留下来更为关键。”据新京报去年月报道，河南省当地一位接近政府部门的人士表示，如果想进一步发展，郑州等地将地区经济平稳健康发展与人口战略相结合，要在充分利用人力资源的同时，满足相关人群的收入需求；同时，要重视优化和细化人口公共服务政策，如优质教育资源、医疗服务资源等配套措施要跟上。郑州是河南省省会、特大城市、九个国家中心城市之一，年郑州市完成生产总值亿元。根据年郑州市人口抽样调查结果，截至年年末，郑州市常住人口万人，比年年末增加万人，常住人口占全省常住人口的，比年年末提高个百分点，常住人口总量在全国城市排名第位。郑州市统计局报告介绍，年，郑州市常住人口呈现总量增加、自增率继续走低、人口总抚养比略降、人口老龄化继续加深、婚姻状况保持稳定、城镇化水平继续提高、人口文化素质不断提升等特征。人口城镇化水平与地区的经济发展水平有较强的正相关。报告显示，郑州市城镇化率继续平稳增长，但增速放缓。年年末郑州市常住人口中，居住在城镇地域的人口为万人，占常住人口的，城镇人口比重提高个百分点，分别比全国的和全省的高出个和个百分点。河南将取消限制楼市需求的政策值得注意的是，据河南省政府网站消息，在河南省政府新闻办月日召开的新闻发布会，河南省住房和城乡建设厅党组副书记、副厅长王艺在答记者问中介绍，今年河南将继续因城施策，稳妥实施房地产长效机制，把握好“增、扩、优、化、强、促”六字方针，出台“”政策举措，着力改善市场预期，支持刚性和改善性住房需求，促进居住消费健康发展。增融资落实中央金融条支持政策和河南省金融支持房地产平稳健康发展举措，从信贷、股权、债券融资三方面纵深拓展房地产融资渠道，更好满足居民购房和房企合理融资需求。扩需求进一步激活房地产市场，取消妨碍消费需求释放的限制性政策，优化二套房认定标准、降低二手房交易环节税费成本，落实生育、人才引进政策，更好满足新市民、青年人才住房需求，支持集中团购商品住房，支持郑州都市圈、洛阳、南阳等副中心城市及重要节点城市覆盖范围的居民家庭，在对应中心城市购房时享受中心城市市民待遇。优供给推进住房供给侧结构性改革，建立“人房地钱”四位一体的联动机制，大力实施城市更新行动，打造安全健康、设施完善、管理有序的完整社区，建设高品质绿色智慧小区，顺应消费升级、产业转型的新形势，着力提升改善性住房供给。化风险扎实做好保交楼、保民生、保稳定工作，压实房企主体责任和地方政府属地责任，坚决依法打击违法犯罪行为，持续攻坚推动已售逾期项目加快建设交付。强服务建立房企“白名单”制度，深化“万人助万企”活动助推优质头部房企纾困，优化房屋交易服务，实行房屋交易网签备案掌上办理、不见面办理，全面推行新建商品房“交房即交证”。促转型稳慎推进房地产业改革，推动房地产企业改变“高负债、高杠杆、高周转”模式，完善商品房销售制度，构建多主体供给、多渠道保障、租购并举的住房体系，有序构建房地产健康发展新模式。每日经济新闻综合大河报、新京报、河南日报、中新经纬;0.0075564069816943;-0.2705832041078354;0.5042424064595499;-0.012573067437844341
提信心促经济激活市场、取消限制性政策、优化二套房认定标准河南“”政策举措实施房地产长效机制网页链接月日，河南省政府新闻办召开新闻发布会，重点介绍河南省大力提振市场信心、促进经济稳定向好有关工作，并回答记者提问。全力拼经济发布会上，河南省住房和城乡建设厅党组副书记、副厅长王艺在答记者问中介绍，今年是全面贯彻落实党的二十大精神的开局之年，也是实施十四五规划承上启下的关键之年，河南将继续因城施策，稳妥实施房地产长效机制，把握好“增、扩、优、化、强、促”六字方针，出台“”政策举措，着力改善市场预期，支持刚性和改善性住房需求，促进居住消费健康发展。增融资落实中央金融条支持政策和河南省金融支持房地产平稳健康发展举措，从信贷、股权、债券融资三方面纵深拓展房地产融资渠道，更好满足居民购房和房企合理融资需求。扩需求进一步激活房地产市场，取消妨碍消费需求释放的限制性政策，优化二套房认定标准、降低二手房交易环节税费成本，落实生育、人才引进政策，更好满足新市民、青年人才住房需求，支持集中团购商品住房，支持郑州都市圈、洛阳、南阳等副中心城市及重要节点城市覆盖范围的居民家庭，在对应中心城市购房时享受中心城市市民待遇。优供给推进住房供给侧结构性改革，建立“人房地钱”四位一体的联动机制，大力实施城市更新行动，打造安全健康、设施完善、管理有序的完整社区，建设高品质绿色智慧小区，顺应消费升级、产业转型的新形势，着力提升改善性住房供给。化风险扎实做好保交楼、保民生、保稳定工作，压实房企主体责任和地方政府属地责任，坚决依法打击违法犯罪行为，持续攻坚推动已售逾期项目加快建设交付。强服务建立房企“白名单”制度，深化“万人助万企”活动助推优质头部房企纾困，优化房屋交易服务，实行房屋交易网签备案掌上办理、不见面办理，全面推行新建商品房“交房即交证”。促转型稳慎推进房地产业改革，推动房地产企业改变“高负债、高杠杆、高周转”模式，完善商品房销售制度，构建多主体供给、多渠道保障、租购并举的住房体系，有序构建房地产健康发展新模式。;0.001064282673478;-0.1031322883012471;0.4061523556531338;-0.0005436586780540671
河南取消和调整楼市限制性政策据河南省政府网站消息，月日，河南省政府新闻办召开新闻发布会，重点介绍河南省大力提振市场信心、促进经济稳定向好有关工作，并回答记者提问。其中提出，稳住房地产投资。核心就是全面落实金融支持房地产条政策措施，全力保交楼、稳预期、拓供给，着力促进房地产市场平稳健康发展。加大对居民购房和房企合理融资支持力度，从信贷、股权、债券融资三方面纵深拓展房地产融资渠道。取消和调整过热时期妨碍消费需求释放的限制性政策，完善二套房认定标准，支持集中团购商品住房，鼓励各地结合保障性租赁住房、人才住房房源征集加快存量商品房去化。强化“保交楼”项目配套融资支持，持续攻坚推动已售逾期项目加快建设交付。（中新财经）;0.0046828437633035;0.3590977297797754;0.5337722183065543;0.010946215559508555
河南：取消和调整房地产过热时期妨碍消费释放的限制性政策河南省委常委、常务副省长孙守刚今日在新闻发布会上表示，要稳住房地产投资。其中核心就是全面落实金融支持房地产条政策措施，全力保交楼、稳预期、拓供给，着力促进房地产市场平稳健康发展。要加大对居民购房和房企合理融资支持力度，从信贷、股权、债券融资三方面纵深拓展房地产融资渠道。“取消和调整过热时期妨碍消费需求释放的限制性政策，完善二套房认定标准，支持集中团购商品住房，鼓励各地结合保障性租赁住房、人才住房房源征集，加快存量商品房去化。”孙守刚说，要强化“保交楼”项目配套融资支持，持续攻坚推动已售逾期项目加快建设交付。;0.0007449978714346;0.1386513535719377;0.6665968906842651;0.000839707692255926
提信心促经济“开局即冲刺”提振河南大领域条政策措施释放海量积极信号网页链接在年工作日第一天，河南召开重要发布会释放一系列稳经济、促发展积极信号全力拼经济月日，河南省政府新闻办召开新闻发布会，重点介绍河南省大力提振市场信心、促进经济稳定向好有关工作，并回答记者提问。发布会上介绍，河南制定了《大力提振市场信心促进经济稳定向好政策措施》，在消费、投资、产业、市场主体、外资外贸、民生等大领域研究谋划了条政策措施，在统筹优化疫情防控举措、千方百计“保健康”的同时，奋力拼经济、促就业、保民生，改善社会心理预期、提振发展信心，推动经济运行整体好转，保持快速恢复的强劲势头。在年这个贯彻党的二十大精神的开局之年，努力创造出“保健康、稳增长、稳就业、稳物价、防风险”的新业绩。全力以赴保健康新冠疫情发生以来，河南省委省政府始终坚持人民至上、生命至上，不断优化防控措施，提升防控能力，牢牢把握了抗击疫情斗争的主动权。河南将全面、准确、坚决贯彻关于优化疫情防控的部署要求，切实把工作重心放在保健康、防重症、强救治、优服务上，紧盯重点地区、重点场所、重点人群，全力抓好医疗体系、救治力量、药品供应等关键环节，特别是扎实做好农村地区疫情防控工作，坚决守护好人民群众生命安全和身体健康，最大限度减少疫情对经济社会发展的影响。集中力量促消费总需求不足是当前经济运行面临的突出矛盾，消费不振是这一矛盾的主要方面。河南将坚持把恢复和扩大消费摆在优先位置，积极推动广大群众能消费、想消费、愿消费，把巨大的消费潜力充分释放出来。能消费方面，最大限度发挥财政资金的杠杆作用，精准加大消费补贴力度，让老百姓得到“真金白银”的实惠。比如，将延续省级汽车、家用电器促消费支持政策到今年月底，对在省内新购汽车按购车价格的给予消费者补贴，对各地家用电器消费补贴按不超过给予奖补，鼓励各地通过发放购房券、购房补贴、契税补贴等方式，支持人才购房落户和城乡居民合理住房消费需求。元旦前夕，郑州市就率先出台了支持房地产市场平稳健康发展的条政策，月日还将发放万元汽车消费券。想消费方面，河南将开展“河南人游河南”系列文旅消费惠民活动，鼓励级景区、星级旅游饭店举行联游套票、门票打折等优惠活动，鼓励各级机关事业单位、大中型企业工会统筹工会经费，发放以小微企业和个体工商户为主要核销对象的消费券，以更多优质消费供给、消费体验，激发广大居民长期被疫情抑制的消费热情。元旦期间各地街头巷尾的烟火气正在加速回归。愿消费方面，河南将重点实施都市精品商业街区提升和县域商业体系建设行动，通过数字赋能、商旅文体融合打造一批特色消费新场景，完善省辖市城区和普通干线公路服务区充电设施网络，全力打造高效便捷舒心的消费服务环境。持续聚力抓投资去年以来，投资拉动是河南省稳经济的最大亮点。河南将继续用足用好重要项目集中攻坚行动这一行之有效的工作机制，以实施重大项目“双百工程”为牵引，建立健全重大项目谋划储备机制，建设重要项目挂图作战系统，更好发挥投资的关键作用。目前，河南已遴选省重点项目个左右，年度投资万亿元。一是加力制造业投资。滚动开展“三个一批”项目建设活动，谋划推进个投资亿元以上的重点产业链延链补链强链项目，加大新技改工程支持力度，推动制造业投资持续保持强劲势头。二是提速基础设施投资。加强政策性开发性金融工具、制造业中长期贷款、设备购置与更新改造贴息等领域项目储备，同步建立重大项目资金保障协调机制，统筹用好政府专项债券、政策性开发性金融工具等各类政策资金，集中支持具备条件的重大项目快建设、早投产。三是稳住房地产投资。核心就是全面落实金融支持房地产条政策措施，全力保交楼、稳预期、拓供给，着力促进房地产市场平稳健康发展。加大对居民购房和房企合理融资支持力度，从信贷、股权、债券融资三方面纵深拓展房地产融资渠道。取消和调整过热时期妨碍消费需求释放的限制性政策，完善二套房认定标准，支持集中团购商品住房，鼓励各地结合保障性租赁住房、人才住房房源征集加快存量商品房去化。强化“保交楼”项目配套融资支持，持续攻坚推动已售逾期项目加快建设交付。多措并举强主体去年，河南省市场主体突破了万户、跃居全国第位，其中小微企业和个体工商户就占到近。河南将坚持“两个毫不动摇”，持续深化优化营商环境改革，不断完善助企服务网络，坚定不移地鼓励支持民营经济和民营企业发展壮大。一是持续深化“万人助万企”活动。健全“个转企、小升规、规改股、股上市”机制，建立规模以上工业企业培育库，力争年新培育“头雁”企业家、省级专精特新中小企业家、国家级专精特新“小巨人”企业家，新增规模以上工业企业家。二是加大财政支持力度。落实促进中小企业发展的政府采购政策，今年将预留面向中小企业采购的份额由以上阶段性提高至以上；到年底前对河南省增值税小规模纳税人、小型微利企业和个体工商户，按的税额幅度减征资源税、城市维护建设税、房产税、城镇土地使用税、印花税、耕地占用税等。三是强化金融支撑保障。落实普惠小微贷款支持工具，按符合条件的地方法人银行普惠小微贷款余额增量的提供资金支持；对今年月底前到期的小微企业贷款，鼓励金融机构按照市场化、法治化原则实行延期还本付息，延期贷款正常计息，免收罚息，还本付息日期原则上最长可延至今年月底。双向联动拓开放河南将深入实施制度型开放战略，更大力度推动外贸稳规模、优结构，更大力度促进外资稳存量、扩增量。外贸方面，大力发展口岸经济，深化郑州卢森堡“双枢纽”合作，实施中欧班列省内货源发掘和“班列园区”行动，加快建设中欧班列（郑州）集结中心和郑州陆港型国家物流枢纽，整合重组省内港口资源，加快推进综保区、运输类海关监管作业场所申建。同时，对中小微企业出口信用保险费和开展境外商标注册、境外专利申请等费用予以补贴，加大对省级跨境电商示范园区、省级海外仓示范企业、省级外贸综合服务企业的奖补力度。目前，航空港区富士康产能已经恢复到旺季峰值状态，与去年同期基本持平。外资方面，充分发挥四个外资专班（港资、台资、日韩、世界强）作用，全力推进各种方式的招商引资活动，鼓励企业走出去拓市场、拿订单、引技术、找伙伴。推动郑州卢森堡“空中丝绸之路”国际合作论坛机制化、平台化发展，联动办好全球跨境电子商务大会、中国（郑州）产业转移系列对接活动等重大招商活动，启动实施对欧合作专项行动，组织赴日韩、香港开展系列经贸活动，加大对存量外资企业使用境内利润增资或新设企业的奖补力度，形成“引进一个、带动一批、辐射一片”的集聚效应。精准施策惠民生坚持尽力而为、量力而行，围绕全生命周期加强基础性、普惠性、兜底性民生建设，持续提升人民群众的幸福感、安全感。一是全力稳住就业基本盘。坚持把促就业作为优先目标，持续深化“人人持证、技能河南”建设，继续实施应届高校毕业生就业目标引领计划，推动“豫见省外”劳务输出活动扩面升级，对个人创业担保贷款实行财政全额贴息，促进更多劳动力通过微商电商、网络直播、网约车、外卖跑腿等灵活渠道就业，力争全年城镇新增就业万人。二是全面提升医疗救治能力。尽快扩充发热门诊资源，充分发挥三级医院医疗救治核心骨干和兜底作用，建立医疗力量常态储备和动态调派有机结合的工作机制，配足配齐医疗力量、药品和必要救治设备。加大重点药品生产企业原料保供力度，鼓励支持重点企业开足马力生产，强化价格和质量监管，全力保障群众用药需求。强化医疗卫生资源调配、力量下沉，全面加强县医院、乡镇卫生院、村卫生室的接诊和服务能力建设，全年培训基层卫生技术人员万名。加快国家和省级区域医疗中心建设，积极创建国家中医医学中心。三是增强其他公共服务均衡性和可及性。实施基本公共服务便民化工程，深化义务教育集团化办学、普惠性幼儿园建设，力争全年新开工乡镇寄宿制小学所以上，三年内基本解决农村薄弱学校和教学点问题。强化“一老一小”普惠性服务保障，开展托育服务能力提升倍增行动，统筹推进区域性养老机构、社区日间照料中心、农村幸福院等建设，全年完成符合条件的特殊困难老年人家庭适老化改造万户。四是健全社会保障体系。深入实施全民参保计划攻坚行动，接续开展“关爱你我他（她）温暖千万家”行动，加强低收入人口动态监测和救助帮扶，动态实施社会救助和保障标准与物价上涨挂钩联动机制，对低保对象、低保边缘人口、防止返贫监测对象（含脱贫不稳定户、边缘易致贫户、突发严重困难户）等困难群众参加年城乡居民基本医疗保险的，按元人的标准给予一次性全额资助，近期，将向全省城乡低保对象、特困人员发放“爱心消费券”。豫新发布;0.000532141336739;0.9729930421904188;0.6666854161677557;0.0042096247904930524
提信心促经济河南：取消和调整房地产过热时期妨碍消费释放的限制性政策网页链接月日，河南省政府新闻办召开河南省“大力提振市场信心促进经济稳定向好”新闻发布会。河南省委常委、常务副省长孙守刚作为主发布人，介绍解读河南省大力提振市场信心，促进经济稳定向好政策措施的展开;0.0002128565346956;-0.1711965086082572;0.6666854161677557;-0.00029627059410858064
河南取消和调整房地产过热时限制性政策河南：取消和调整房地产过热时期妨碍消费释放的限制性政策河南取消妨碍房地产消费的限制性政策月日，河南省委常委、常务副省长孙守刚今日在新闻发布会上表示，要稳住房地产投资。其中核心就是全面落实金融支持房地产条政策措施，全力保交楼、稳预期、拓供给，着力促进房地产市场平稳健康发展。要加大对居民购房和房企合理融资支持力度，从信贷、股权、债券融资三方面纵深拓展房地产融资渠道。“取消和调整过热时期妨碍消费需求释放的限制性政策，完善二套房认定标准，支持集中团购商品住房，鼓励各地结合保障性租赁住房、人才住房房源征集，加快存量商品房去化。”孙守刚说，要强化“保交楼”项目配套融资支持，持续攻坚推动已售逾期项目加快建设交付。（河南省政府网）;0.0006385696040868;0.0946791954985943;0.6665968906842651;0.000491486719594265
河南：取消和调整房地产过热时期妨碍消费释放的限制性政策财联社月日电，河南省委常委、常务副省长孙守刚今日在新闻发布会上表示，要稳住房地产投资。其中核心就是全面落实金融支持房地产条政策措施，全力保交楼、稳预期、拓供给，着力促进房地产市场平稳健康发展。要加大对居民购房和房企合理融资支持力度，从信贷、股权、债券融资三方面纵深拓展房地产融资渠道。“取消和调整过热时期妨碍消费需求释放的限制性政策，完善二套房认定标准，支持集中团购商品住房，鼓励各地结合保障性租赁住房、人才住房房源征集，加快存量商品房去化。”孙守刚说，要强化“保交楼”项目配套融资支持，持续攻坚推动已售逾期项目加快建设交付。;0.0043635589612601;-0.2118339917186142;0.5845150458530549;-0.0065889755458653195
全面放开限购樊纲、刘世锦等达成共识，启动楼市要靠超常规举措新京报近期，中央高层领导和中央财办相关负责人均重申房地产业是国民经济支柱产业，房地产的重要性被再次提升，如何理解房地产业是国民经济支柱产业？房地产过热时期推出的限购限贷政策是否到了退出历史舞台的时刻？长短期内房地产业的发展趋势如何？日前，在孟晓苏牵头的“北京房地产健康发展研讨会”上，仇保兴、刘世锦、樊纲、贾康、马光远等多位知名经济学家、学者发表了观点，为房地产业的健康发展建言献策。与会专家一致认为，房地产政策框架应及时调整，限购和现在的过时的部分政策应及时取消，要注意房地产政策的连贯性、时效性。实践反复证明房地产业是国民经济支柱产业中央经济工作会议上提出了一系列保证房地产市场平稳发展的要求，房地产的重要性被再次提升，值得注意的是，房地产业是国民经济的支柱产业的重申引起了业内的关注，有业内人士都表示，时隔多年房地产再成支柱产业；也有声音质疑该提法与“不将房地产作为短期刺激经济的手段”的表述是否有所矛盾。“房地产作为国民经济支柱产业的定位没有什么可争议的，人的一生中单项最大的消费就是房子。”中国经济体制改革研究会副会长，中国（深圳）综合开发研究院院长樊纲表示。财政部财政科学研究院博导，研究员贾康也表示，实践反复证明中国的房地产业就是国民经济的支柱产业。“我们的工业化、城镇化现在只是走到了中途，后面还有相当可观的发展空间。”“当前城镇化的真实水平，不能看常住人口城镇化率将近，要看户籍人口城镇化率只有，要完成真实城镇化水平左右，中国有个点以上的空间。”贾康认为，“一年上一个点我们还得走年以上，在这个过程中，房地产业不是支柱产业是不可想象的。”精瑞人居发展基金会主席，全联房地产商会创会会长聂梅生强调，房地产政策的连贯性和时效性很重要，要明确房地产政策中哪些是方向性的不能动摇的，哪些是可以调整具有时效性的。改变调控思维，限购限贷到了退出历史舞台的时刻？近期，中央财办有关负责人表示，在住房消费等领域还存在一些妨碍消费需求释放的限制性政策，这些消费潜力要予以释放。多位业内人士将“妨碍消费需求释放的限制性政策”指向了限购、限贷、限售等政策。据了解，年内全国各大城市关于楼市放松的政策持续不断，东莞、佛山已取消限购，南京、成都、西安等新一线城市也优化了楼市限购。独立经济学家马光远强调，我们应尽快改变调控思维，对于限购政策不要留尾巴，中国所有的城市限购完全可以放弃，同时，不仅仅是限购，所有的“限”都应该取消。“限购政策本来是临时办法，是在房地产过热的时候出来的，也就是在夏天你开了空调，如今已经天寒地冻你为什么还开空调（冷风）？”汇力基金董事长，原中房集团董事长孟晓苏指出，中财办要求释放住房消费领域的限制性措施，各地应尽快调整过时的政策，从整体上全面取消限购。孟晓苏认为，下半年以来，监管机构和各个金融机构出台很多政策来促进房地产业的发展，但这些都是非核心政策，直接启动房地产市场核心政策是取消限购限贷。在他看来，启动全国房地产市场要从一线城市开始。“已有的经验告诉我们，全国的房地产形势要靠北京、上海、广东、深圳，特别是北上深这三个城市的拉动。北京应该紧跟中央，发挥首善之区的优势地位。”樊纲以房地产的迁移性需求为主题表达了自己的观点，他认为，中国房地产业发展还有巨大潜力，主要来自于人口迁移。建议在城市群周边的中小城市取消对外地人的限购，逐步释放迁移性需求。最终通过大城市的复苏，通过企业内部资金链的传导，化解部分小城镇的债务问题和烂尾楼问题。“现在回顾来看，房地产到了目前这个阶段实际上要软着陆。”全国政协经济委员会副主任、中国发展研究基金会副理事长刘世锦强调，最近我们在纠偏，房地产十六条等相关政策出台，希望后续情况有所好转。刘世锦也强调，中国房地产市场还有相当大的扩展空间，关键在于都市圈的发力。业内：稳房地产一定要出台超常规的措施谈及明年的房地产形势时，马光远表示，考虑到目前市场的基本面已和过去有很大不同，所以对于明年整个房地产市场的表现不要太乐观。“明年目标是先稳下来，稳下来的关键是政策一定要猛，现在政策的力度不够，对市场信心的提振不够。”中国房地产业协会副会长王惠敏也指出，稳经济必须先稳房地产，而稳房地产一定要出台超常规的措施，不能简单地依靠市场制度初心解决问题。“我们绝不能寄希望通过现有的政策来促使房地产回到过去的模样。”对此，王惠敏建议把重点转移到刺激改善性购房需求。北京市住宅房地产商会会长黎乃超认为，优化房地产政策的根本是纠行业的偏见，所以第一件事要把妖魔化、灰犀牛的说法去掉。“中国房地产行业不缺资金，不缺信心，只要政策能够到位，借着党的二十大，借着中央经济工作会议的春风，地产的第二个、第三个春天一定会到来。”中央财经大学法学院教授宋志红认为，未来如果房地产业要平稳健康发展，要提振市场信息，尤其稳预期的话，首先要从房地产调控政策的法治化做起，法治才是深化市场机制改革的前提。在她看来，在新的形势下，当务之急是对过去已有的现在还在生效的调控政策进行全面的评估清理，对于其中科学合理且在新形势下确实需要继续保留的政策手段，应当把它纳入法治的轨道。对于那些已经不适应新形势的政策应该果断进行废止。“现在已经到了房地产非常脆弱的时候，我们要挽救房地产势必要大调整。”中国城市科学研究会理事长，住建部原副部长仇保兴认为，当前房地产业发展的关键是增强韧性。仇保兴表示，各级政府要尽快复工复产，扭转经济预期，这是稳定房地产市场预期的基础性工作；而保交楼仍是重中之重，是修复市场秩序的当务之急。他还建议扩大刚需和改善型住房需求，多渠道扩大住房消费需求，协调好住房信贷优惠、房地产解困基金和老旧小区改造补贴等政策工具，稳住重点城市房地产市场，形成风向标。;0.0105363984674329;0.0352748770203917;0.4192493825047104;0.0019002722612190947
地产观点更新：）本周新房、二手房成交量延续年下半年水平，期待政策效果显现。新房：本周（）城销售万方，环比（年底冲刺），同比。二手房：本周（）城销售万方，环比，同比。）三部门积极表态，需求侧再获宽松支持。住建部部长关于大力支持首套房、合理支持二套房、原则上不支持三套房的表态延续了中央经济工作会议对房地产的定调，支持刚性和改善性需求；同时“以旧换新、以小换大、生育多子女家庭都要给予政策支持”也预示了在认房认贷标准上的调整。央行和银保监会决定建立首套住房贷款利率政策动态调整机制是年月底政策的延续（彼时政策截止时间为年底），这是审时度势的动态调整，即只要房价一直跌的城市，就允许房贷利率持续低于下限，支持房价企稳的意图明显。从价上看，年月个大中城市，有城满足新建商品住宅销售价格环比和同比连续个月均下降的条件，而月有城满足上述条件。住建部、央行和银保监会再次表态对需求侧的支持，充分表明政府支持房地产企稳复苏的决心。）预计未来需求侧大力度宽松将持续落地支持销售，以来持续积极拿地的房企或引领市场复苏。;0.0003192848020434;-0.3245503608674172;0.6665968906842651;-0.0008423824862782555
三明微分享重磅事关首套房贷款利率近日，人民银行、银保监会发布通知，决定建立首套住房贷款利率政策动态调整机制。新建商品住宅销售价格环比和同比连续个月均下降的城市，可阶段性维持、下调或取消当地首套住房贷款利率政策下限。：中国人民银行;0.0001064282673478;0.0732989101861059;0.4781280402903378;4.5486699526662444e-05
月日，住房和城乡建设部网站显示，近日，住房和城乡建设部部长倪虹在接受媒体采访时表示，毫不动摇坚持房子是用来住的、不是用来炒的定位，因城施策、精准施策，提振市场信心。多位业内专家认为，月日央行、银保监会明确“建立首套住房贷款利率政策动态调整机制”仅是年楼市精准施策的一个部展开;0.0003192848020434;0.5581016272251504;0.9611552711373984;0.0020886746213965796
事关首套房贷央行、银保监会最新通知央行、银保监会建立首套住房贷款利率政策动态调整机制中国人民银行月日发布消息称，近日人民银行、银保监会发布通知，决定建立首套住房贷款利率政策动态调整机制。新建商品住宅销售价格环比和同比连续个月均下降的城市，可阶段性维持、下调或取消当地首套展开;0.0003192848020434;0.5297450424929182;0.6665968906842651;0.0013749728849356058
淮安买房人注意事关首套房近日，人民银行、银保监会发布通知，决定建立首套住房贷款利率政策动态调整机制。新建商品住宅销售价格环比和同比连续个月均下降的城市，可阶段性维持、下调或取消当地首套住房贷款利率政策下限。住房贷款利率政策与新建住房价格走势挂钩、动态调整，有利于支持展开;0.0002128565346956;0.271620854157475;0.6665968906842651;0.00047000132704349575
东莞的步子走得比深圳快多了，首套一律，利率深圳利率，这是支持刚需还是阻碍刚需？月日起东莞市最新住房差别化信贷政策调整如下：全市不分区域统一政策，且不查房。不再区分普通住房和非普通住房，即面积的执行同样的首付款成数和利率政策。首次购房（无房无贷）展开;0.0008514261387824;-0.3104505825267123;0.5944104788002911;-0.0019160710862072003
人民银行、银保监会决定建立首套住房贷款利率政策动态调整机制。新建商品住宅销售价格环比和同比连续个月均下降的城市，可阶段性维持、下调或取消当地首套住房贷款利率政策下限，有个城市符合条件。建立首套住房贷款利率政策动态调整机制;0.0008514261387824;-0.5075902860359479;0.9152076431620936;-0.004823537085594889
南京买房央行发文新房价格连续个月下跌，首套房贷利率可下调乐居新媒体南京讯近日，人民银行、银保监会发布通知，决定建立首套住房贷款利率政策动态调整机制。新建商品住宅销售价格环比和同比连续个月均下降的城市，可阶段性维持、下调或取消当地首套住房贷款利率政策下限。住房贷款利展开;0.0006385696040868;0.4999999999999998;0.6667739416512463;0.002596226435843254
有利于新建住房降价人民银行、银保监会建立首套住房贷款利率政策动态调整机制人民银行、银保监会建立首套住房贷款利率政策动态调整机制;0.0001064282673478;0.9185642588533728;0.6665968906842651;0.0007947225222727421
央行、银保监会重磅消息涉首套房贷利率问题月日，人民银行、中国银行保险监督管理委员会发布《关于建立新发放首套住房个人住房贷款利率政策动态调整长效机制的通知》。《通知》提出，新建商品住宅销售价格环比和同比连续个月均下降的城市，可阶段性维持、下调或取消当地展开;0.0001064282673478;-0.587503751771284;0.6665968906842651;-0.00050829591827925
华尔街见闻快讯月日星期四财政部：坚持中央不救助原则，建立市场化、法治化的债务违约处置机制财政部近期公布了人大代表、政协委员建议的答复函。其中提到，稳妥化解隐性债务存量。坚持中央不救助原则，做到谁家的孩子谁抱。建立市场化、法治化的债务违约处置机制，稳妥化解隐性展开;0.0003192848020434;-0.8410057964381741;0.6666854161677557;-0.0021831515927376805
全面促进居住消费需求释放超城推行二手房“带押过户”充分释放居住消费需求，近期好消息不断。月日，深圳也加入了推行二手房“带押过户”的队伍，意在提高二手房交易效率和便利度，降低二手房交易成本。叠加近日人民银行、银保监会决定建立首套住房贷款利率政策动态调整机制的动作，全方位促展开;0.0007449978714346;0.9116143091207158;0.6666854161677557;0.005521700197326211
皋城百事通最新通知事关首套房贷中国人民银行月日发布消息称，近日人民银行、银保监会发布通知，决定建立首套住房贷款利率政策动态调整机制。新建商品住宅销售价格环比和同比连续个月均下降的城市，可阶段性维持、下调或取消当地首套住房贷款利率政策下限。人民银行表示，住房贷款利率政策展开;0.0002128565346956;0.9150840401924618;0.6667739416512463;0.0015838435841106144
年房地产怎么干？相关部门释放大信号，这些人买房将获支持。据央视月日消息，住建部接受了专访，对房地产做了全方位的阐述。月日，央行官网也发布通知，决定建立首套住房贷款利率政策动态调整机制。透过央行和住建部的表态，年房地产会有哪些动作呢？、落实房住不炒，支持首套房二展开;0.0007449978714346;0.9999322798134962;0.6666558254221554;0.00605637839179502
最近，央行发布通知，决定建立首套住房贷款利率政策动态调整机制，新房售价环同比均连续个月下降的城市，可阶段性维持、下调或取消当地首套住房贷款利率政策下限。也就是说，房贷利率可以没有下限了。那哪些城市符合呢？我们看个大中城市里有个城市符合这个标准。你看看跟您的预期相符吗？房地产展开;0.0002128565346956;-0.1825512018713669;0.6665968906842651;-0.00031587893867377533
光计划宋鸿兵年终盛典首套房贷利率央行发布首套房贷款利率新政策，房地产可望回暖？人民银行、银保监会本月日发布通知，决定建立首套住房贷款利率政策动态调整机制。通知指出，自年第四季度起，各城市政府可于每季度末月，以上季度末月至本季度第二个月为评估期，对当地新建商展开;0.0139421030225627;0.1681582256827175;0.4843506450913927;0.013848157323336127
法律小常识事关首套房贷央行、银保监会最新通知近日，人民银行、银保监会发布通知，决定建立首套住房贷款利率政策动态调整机制。新建商品住宅销售价格环比和同比连续个月均下降的城市，可阶段性维持、下调或取消当地首套住房贷款利率政策下限。首套住房贷款利率政策动态调整机制人民日报;0.0007449978714346;0.0022293023358706;0.6123933318524211;1.2403383121137181e-05
陈雳：对于改善型住房需求的政策支持可以更多一些首席观大势近日，人民银行、银保监会发布通知，决定建立首套住房贷款利率政策动态调整机制。新建商品住宅销售价格环比和同比连续个月均下降的城市，可阶段性维持、下调或取消当地首套住房贷款利率政策下限。川财证券首席经济学家陈雳认为，政策展开;0.0002128565346956;0.9999835922400924;0.6665968906842651;0.0017303296421492058
转自猫笔刀：、人民银行、银保监发布通知，决定建立首套住房贷款利率政策动态调整机制。新售商品房价格环比和同比连续个月均下降的城市，可阶段性维持、下调或取消当地首套房贷利率政策下限。简单说就是房价连跌月，利率可以突破之前的下限继续优惠，之前的下限是比市场报价利率低个基点，也就展开;0.0012771392081736;0.2877814258285525;0.6669509926182274;0.0029893765514880477
首套房利率如何大力支持帝一套住房人民银行月日发布消息称，近日银行、银发布通知，决定建立首套住房贷款利率政策动态调整机制。新建商品住宅销售价格环比和同比连续个月均下降的城市，可阶段性维持、下调或取消当地首套住房贷款利率政策下限。也就是降低利率是好展开;0.0001064282673478;-0.4653471810656617;0.6665968906842651;-0.00040260861654976116
听不懂人话一样。我们说房价高了。他们说知道了降利率。我们说房价高了。他们说知道了降首付比例。我们说：房价高了楼市动态首付比首套利率该降的都要降下来建立首套住房贷款利率政策动态调整机制;0.0007449978714346;0.7366026550615938;0.8997699502925927;0.006021511209459595
发布了头条文章：《首套房贷利率政策动态调整机制来了，城市房价受影响》临近春节，央行发放又一房地产政策大礼包。月日，央行、银保监会联合发布通知称，决定建立建立首套住房贷款利率政策动态调整机制。新建商品住宅销售价格环比和同比连续个月均下降的城市，可阶段性维持、下调或取消当展开;0.0001064282673478;0.9998556463433704;0.6665968906842651;0.0008650541249694832
邓海清：告别全国“一刀切”强化“因城施策”将是未来趋势首席观大势近日，人民银行、银保监会发布通知，决定建立首套住房贷款利率政策动态调整机制。新建商品住宅销售价格环比和同比连续个月均下降的城市，可阶段性维持、下调或取消当地首套住房贷款利率政策下限。中航基金首席经济学家邓海展开;0.0002128565346956;-0.740552901456841;0.8189632118698242;-0.0015743205750354788
港股午评：恒指涨内房股集体上涨港股三大指数午间集体收涨，恒指涨，恒生科技指数涨，国指涨。南下资金半日净流入亿港元，大市成交额为亿港元。盘面上，大型科技股继续上涨，哔哩哔哩涨，阿里巴巴、腾讯涨，京东、百度涨。央行、银保监会建立首套住房贷款利率政策动态调整机制，内房股涨幅居前；教育股、手游股、半导体股、建材水泥、香港银行股等多股普涨；新东方在线涨，拟更名为“东方甄选控股有限公司”。;0.0002128565346956;0.9963142573622676;0.6665968906842651;0.0017239803790659494
人民银行、银保监会建立首套住房贷款利率政策动态调整机制;0.0001064282673478;-0.4999999999999998;0.6666854161677557;-0.00043264695716798443
楼市快讯央行、银保监会建立首套住房贷款利率政策动态调整机制中国人民银行月日发布消息称，近日人民银行、银保监会发布通知，决定建立首套住房贷款利率政策动态调整机制。新建商品住宅销售价格环比和同比连续个月均下降的城市，可阶段性维持、下调或取消当地首套住房贷款利率政策下限。人民银行表示，住房贷款利率政策与新建住房价格走势挂钩、动态调整，有利于支持城市政府科学评估当地商品住宅销售价格变化情况，“因城施策”用足用好政策工具箱，更好地支持刚性住房需求，形成支持房地产市场平稳健康运行的长效机制。;0.0001064282673478;0.9997220772771418;0.6665968906842651;0.0008649385638160987
人民银行、银保监会建立首套住房贷款利率政策动态调整机制近日，人民银行、银保监会发布通知，决定建立首套住房贷款利率政策动态调整机制。新建商品住宅销售价格环比和同比连续个月均下降的城市，可阶段性维持、下调或取消当地首套住房贷款利率政策下限。第一时间的微博视频;0.0002128565346956;-0.6647294135793171;0.6665968906842651;-0.0011502198808563972
昨天央妈发布的首套房贷款利率动态调整机制，真的是太有意思了。前有美联储无上限，今有首套房利率无下限。连续个月房价下跌的城市，可以在这么伟大的政策呵护之下，毫无下限调整房贷的利率。对于这个问题，目前市场上是褒贬不一的评价。说实话，乐空没有啥想说的，唯一能做的事情就是“鼓掌”，而且要用力的那种。高层面认为房子卖不出去，是利率在捣乱，不然怎么会发布这样的措施呢？当然，这也只是乐空一家之言哈，具体情况会怎么样，谁又能说得清楚呢？总之，政策是好的，至于结果会怎么样，一切都交给市场就得了建立首套住房贷款利率政策动态调整机制;0.0002128565346956;0.0081179241985936;0.6665968906842651;1.404691535196138e-05
老牌国企期货手续费加保证金调交易所标准央行、银保监会：决定建立首套住房贷款利率政策动态调整机制。新建商品住宅销售价格环比和同比连续个月均下降的城市，可阶段性维持、下调或取消当地首套住房贷款利率政策下限。财经超话期货投资交流超话;0.0001064282673478;0.8943800131113104;0.6665968906842651;0.0007737988203214087
正观早参，一夜醒来知天下郑州市新一届政协领导班子选出国务院联防联控机发出春节返乡倡议公安部发布年春运交通安全提示月日香港与内地首阶段通关机票燃油附加费下调首套房贷款利率政策动态调整机制建立购买三套以上住房原则上不支持首付比首套利率该降的都要降下来欧盟：“北溪”管道爆炸是蓄意破坏普京下令停火小时河南省考月日开始报名日河南最高温维持以上早安欢迎阅读，感谢分享;0.0002128565346956;0.5678922848313785;0.6665968906842651;0.0009826569771913274
中国人民银行月日发布消息称，近日人民银行、银保监会发布通知，决定建立首套住房贷款利率政策动态调整机制。新建商品住宅销售价格环比和同比连续个月均下降的城市，可阶段性维持、下调或取消当地首套住房贷款利率政策下限。;0.0002128565346956;-0.0524655636156183;0.6665968906842651;-9.078420948168179e-05
研究了高层发声，地主近期给的表面意见：首套资质适合买新房，但如果非要买二手的，年前北京应该没有政策出台，可以年后回来行动，本月盯盘看看目标房源，与经纪人和购房师保持信息畅通。新房大部分楼盘优惠依旧延续去年年底的政策，部分小幅缩减优惠，按照首套贷款比例优势为王，新房依旧是首选，产品确是代差。需要置换的伙伴需要尽可能不让价太多的情况下遇到有缘人，能卖则卖，因为不是一般资产置换优质资产，真有政策起飞，一般的涨可怜的、万，优质资产、万开外。资产变现的，过完年再说等小政策出来可以。啰嗦两句希望能有所帮助，有具体问题，可私信我。地主今年过年哪里都不去，把握市场底。本月起部分购房贷款月供将下降建立首套住房贷款利率政策动态调整机制楼市观察北京豪宅超话望京北京楼市北京楼市超话;0.0003192848020434;-0.2058628631863088;0.6665968906842651;-0.0005343246886546692
七年之痒，“房住不炒”开窗了吗？年，国家首提房住不炒，随后几年，表述都是“支持合理自住需求，遏制投资投机性需求”。年，中国十四五发展规划中，在房地产方面，同样是这个表述。不过，到了最困难的年，说法开始有变化。年月，高层开会研究经济形势，强调，支持各地从当地实际出发完善房地产政策、支持刚性和改善性住房需求。“合理自住需求”直接明确为“刚性和改善性住房需求”，这又向前迈了一大步。随后，年月，中国人民银行报告中，重点强调了这一表述：支持刚性和改善性住房需求。此后，各地围绕这个新的指导精神，纷纷开启政策小马达，大做文章：二孩、养老投靠可以再买一套，二套房首付利率降低，这是基操。取消限售、本地户籍可以再买一套等也不奇怪了。今年月，住建部长更是简单直接喊话：对于购买第一套住房的要大力支持。首付比、首套利率该降的都要降下来。对于购买第二套住房的，要合理支持。以旧换新、以小换大、生育多子女家庭都要给予政策支持。对于购买三套以上住房的，原则上不支持，就是不给投机炒房者重新入市留有空间。不积跬步无以至千里，政策不放无以至回暖。从到，七年之痒，动态优化。于是，年的这个春天，楼市触底反弹，成交大涨，就不奇怪了。武汉楼市回暖信号被技术性放大武汉楼市小阳春;0.0007449978714346;-0.188321587464759;0.6669509926182274;-0.0011411290567129976
从省到市，房地产入列高质量发展大会头号工程，释放了什么信号？房地产房价对于购买第一套住房的要大力支持（：房地内参的微博视频）;0.0001064282673478;0.9998556463433704;0.6665968906842651;0.0008650541249694832
首付比首套利率该降的都要降下来张捷财经房地产首付与金融福利张捷财经房地产对于购买第一套住房的要大力支持住建部部长谈买房租房张捷观察谁是谁非任评说的微博视频;0.0729033631332481;0.2250234004093027;0.4593613109530108;0.09189996872060169
月日晚，央行和银保监会发布《关于建立新发放首套住房个人住房贷款利率政策动态调整长效机制的通知》，对首套住房贷款利率进行了下调。该政策在阶段性调整差别化住房信贷政策的基础上，建立新发放首套住房商业性个人住房贷款利率政策动态调整长效机制。对于评估期内新建商品住宅销售价格环比和同比连续个月均下降的城市，地方政府可自主决定自下一个季度起，阶段性维持、下调或取消当地首套住房商业性个人住房贷款利率下限。此次首套房贷利率政策适用城市范围有所扩大，且在原阶段性政策常态化延续的基础上增补了细节，设立了相对宽松的退出机制，意味着需求侧托底政策再加码。同日，住建部部长倪虹接受央视采访表示：“对于购买第一套住房的要大力支持。首付比、首套利率该降的都要降下来。对于购买第二套住房的，要合理支持。以旧换新、以小换大、生育多子女家庭都要给予政策支持。对于购买三套以上住房的，原则上不支持，就是不给投机炒房者重新入市留有空间。”住建部部长的发言仍强调了通过降利率来刺激房地产市场，进一步强化了房地产需求端政策放松预期，也意味着需求端的政策空间仍存。二级市场来看，前期受政策等诸多因素的压制，地产销售长期处于负增长，作为旧动能的代表，房地产的下行已成为了我国经济的一大拖累，板块个股的估值也已处于历低位。;0.0017028522775649;0.4315391879131262;0.7320606079941455;0.006560394489469294
从政策面来看。最近大家应该看到，大会小会一直在提“扩内需”。内需，其实一直围绕着大件来开展，典型的房子、汽车这些大宗消费。房子，其实和资金面的信用扩张是密切相关的。用政策的宽松，刺激房子的购房需求，才会实现信用扩张。就在过去的这一周，上面的领导发话了，年要因城施策，精准施策，提振市场信心。对于购买第一套住房的大力支持，首付比，首套利率该降的都要降下来。购买二套的要合理支持。购买三套以上的，原则上不支持。这段话，其实非常明显，就是对刚需要支持。特别是第一套房子的，接下来一些城市是有可能要降低首付比例的，以前是三成首付，接下来是两成，这其实也算是一波大招，所以接下来要看到各个城市出关于楼市的重磅政策。当然，三四线城市即使降低首付比，可能刺激的经济总量也有限。我个人倾向于，一二线这重点多个城市，还会有进一步购房宽松的政策在年陆续出台，地产政策肯定还会有大招要出来。全国多个城市，但这多个城市购房的销售额占到成，才是真正实现信用扩张的重点区域。只是，大家都清楚，因为房子这个药不能再嗑得过猛，在政策上只会慢慢去释放，而不是猛然就给你来个过量的药。对应的楼市从去年开始看未来两三年，应该是一个逐步慢的复苏，对应到经济上，其实也是一个弱的经济复苏。;0.0011707109408258;0.6553610440291595;0.4576678447959835;0.004282194629247106
楼市杂谈住建部部长谈买房租房住房和城乡建设部部长倪虹接受总台记者专访时表示：“对于购买第一套住房的，大力支持，首付比、首套利率该降的都要降下来；对于购买第二套住房的，要合理支持，以旧换新、以小换大等都要给予政策支持。同时，增加保障性租赁住房供给和长租房市场建设，让新市民展开;0.0002128565346956;0.9998763211120844;0.6665968906842651;0.0017301440246911
住建部部长谈买房租房住房和城乡建设部部长倪虹接受总台记者专访时表示：“对于购买第一套住房的，大力支持，首付比、首套利率该降的都要降下来；对于购买第二套住房的，要合理支持，以旧换新、以小换大等都要给予政策支持。同时，增加保障性租赁住房供给和长租房市场建设，让新市民、青年人能展开;0.000532141336739;-0.1381151637582561;0.6667739416512463;-0.0005976303989000081
央妈连夜发话，药还要继续加量，建立首套住房贷款利率政策动态调整机制，直白说就是首套房利率继续下调。随后住建部紧接着跟上，特意强调对第一套住房要大力支持首付比，首套房利率该降就降。两大最顶级部门的出手，只有一句话，楼市起不来，大家不买房，那利率就接着降，降到让你心动的水平，直到买房的人肯掏钱出来为止，可以说这就是高层给年的楼市定的调，这剂药没有停也不敢停，至于存量房贷业主不甘忍受高位站岗提前还贷潮如何应对，是考虑存量打折还是一直按兵不动，央妈还在静观其变只字未提。社会房地产对于购买第一套住房的要大力支持;0.0008514261387824;-0.235445548553219;0.6170877684857947;-0.0015085861053808225
住建部部长对于购买第一套住房的要大力支持。首付比、首套利率该降的都要降下来。对于购买第二套住房的，要合理支持。以旧换新、以小换大、生育多子女家庭都要给予政策支持。抓住机会，别让自己后悔;0.0002128565346956;-0.9196648470702826;0.6665968906842651;-0.001591349456208133
对于购买第一套住房的，要大力支持；对于购买第二套住房的，要合理支持；对于购买三套以上住房的，原则上不支持。那么问题来了，如何按照首套房资格去买房。购买三套以上住房原则上不支持对于购买第一套住房的要大力支持年房地产市场走向如何;0.000532141336739;0.7992141060430926;0.6665968906842651;0.003457316372092313
对于购买第一套住房的要大力支持改稻为桑，上利国家下利你们，为什么就是困难重重;0.0002128565346956;0.9657997815044302;0.6836401024506256;0.0017139072795898174
购买三套以上住房原则上不支持荥阳蹲荥阳蹲，荥阳蹲完中牟蹲？第一枪很重要，后继者谁？会不会全域推行？全面解除对楼市的限制性政策，只是第一步，降低存量房利率、复活烂尾楼、解决就业、盘活百姓消费、实质购房补贴，才是一揽子计划。对于购买第一套住房的要大力支持郭春江郭春江超话展开;0.000532141336739;0.8945042935051546;0.6666854161677557;0.00387004560758703
对于购买第一套住房的要大力支持年：推动去库存，拯救房地产。年：棚改货币化。年：推动限购令，房住不炒。年：推动廉租房。年：继续遏制炒房。年：土地财政突破万亿。年：推动房产税遭强烈反对。年：大规模烂尾。年：重振房地产。;0.0002128565346956;0.927515871566592;0.6665968906842651;0.0016049345395161218
购买三套以上住房原则上不支持对于购买第一套住房的要大力支持。首付比、首套利率该降的都要降下来。对于购买第二套住房的，要合理支持。以旧换新、以小换大、生育多子女家庭都要给予政策支持。对于购买三套以上住房的，原则上不支持，就是不给投机炒房者重新入市留有空间。;0.0808854831843337;0.169271858217016;0.4864833972743799;0.08122861936463951
杭州楼市杭州买房杭州楼市超话杭州房产住建部部长：对于购买第一套住房的要大力支持，首付比、首套利率该降的都要降下来;0.0003192848020434;-0.3084500734563393;0.6665968906842651;-0.0008005935937843761
住建部部长谈买房租房住房和城乡建设部部长倪虹接受总台记者专访时表示：“对于购买第一套住房的，大力支持，首付比、首套利率该降的都要降下来；对于购买第二套住房的，要合理支持，以旧换新、以小换大等都要给予政策支持。同时，增加保障性租赁住房供给和长租房市场建设，让新市民、青年人展开;0.0019157088122605;0.686469044886116;0.4676611715420817;0.007500107202001538
购买三套以上住房原则上不支持住建部：对于购买第一套住房的要大力支持首付比首套利率该降的都要降下来住房和城乡建设部部长倪虹表示：对于购买第一套住房的要大力支持。首付比、首套利率该降的都要降下来。对于购买第二套住房的，要合理支持。以旧换新、以小换大、生育多子女家庭都要给予政展开;0.0122392507449978;0.1217572333270167;0.4048683396385166;0.00735781937813418
住建部对于购买第一套住房的要大力支持首付比、首套利率该降的都要降下来购买三套以上住房原则上不支持;0.0001064282673478;0.5398305342554861;0.6666854161677557;0.0004671120760640071
购买三套以上住房原则上不支持昨天还说了对于年轻人购买第一套住房要大力支持，但我对今年楼市的预期不太乐观。、楼市已经二级分化了，少数一二线城市看多，其他大部分价格都下行，买房都是追涨心理，今年的大环境下不一定能逆转。、本来生育率就明显下滑，口罩原因，今年估计更多人不敢结婚生展开;0.0002128565346956;-0.2998371282988363;0.6665968906842651;-0.0005188255836779818
购买三套以上住房原则上不支持，这是不给炒房客机会。住建部：对于购买第一套住房的，要大力支持，首付比，首套利率都要降下来对资本也好，对房地产来说，向来不是靠拉动刚需能活跃起来的，百姓表示：我也想买房，可是既缺首付，又缺月供啊既想要男欢女爱，又想立贞洁牌坊。呵呵哒不矛盾吗？楼市房地产;0.0008514261387824;0.6525714268615193;0.6665968906842651;0.004516728843474789
住建部：对于购买第一套住房的要大力支持，首付比、首套利率该降的都要降下来对于购买第一套住房的要大力支持。首付比、首套利率该降的都要降下来。对于购买第二套住房的，要合理支持。以旧换新、以小换大、生育多子女家庭都要给予政策支持。对于购买三套以上住房的，原则上不支持，就是不给投机炒展开;0.0042571306939123;0.1113202769271839;0.4857025995621422;0.0028070321809635567
对于购买第一套住房的要大力支持花三十年的工资还房贷还想让人生娃养娃还想老人生病有钱去治疗既要又要做梦呢;0.0006385696040868;0.3643866885979354;0.5684152435397272;0.0016129546773339194
港股内房股高开龙光集团涨超月日，港股内房股高开。龙光集团、大发地产涨超，中骏集团涨超，宝龙地产、旭辉控股集团涨超，时代中国控股、合生创展集团、弘阳地产等跟涨。消息面上，住房和城乡建设部部长倪虹在接受新华社记者采访时表示，对于购买第一套住房的要大力支持，首付比、首套利率该降的都要降下来。对于购买第二套住房的，要合理支持。以旧换新、以小换大、生育多子女家庭都要给予政策支持。人民银行、银保监会也发布通知，决定建立首套住房贷款利率政策动态调整机制。新建商品住宅销售价格环比和同比连续个月均下降的城市，可阶段性维持、下调或取消当地首套住房贷款利率政策下限。;0.0003192848020434;-0.696781237293358;0.6666854161677557;-0.0018087616927602882
住建部部长谈买房租房住建部：对于购买第一套住房的要大力支持首付比首套利率该降的都要降下来住房和城乡建设部部长倪虹表示，我们住房城乡建设工作千头万绪，又和人民群众利益相关，我们要实现质的有效提升和量的合理增长，必须要在精准上下功夫。首先问题要找得准，目标要瞄得准，政策展开;0.0003192848020434;0.9612471123310476;0.6672165690686993;0.002497271839374956
杭州调整住房限购范围据“杭州住保房管”公众号消息，今天，杭州市房地产市场平稳健康发展领导小组办公室发布《关于优化调整房地产市场调控措施的通知》。《通知》明确优化住房限购政策，将本市住房限购范围调整为上城区、拱墅区、西湖区、滨江区。本市户籍家庭在本市限购范围内限购套住房；非展开;0.0023414218816517;-0.0572224000264574;0.5186215857555532;-0.0008473874602516552
杭州市最新楼市文件，几乎全面放开限购了。新政策后，就只有四个区进行限购了。但是所谓的限购是：在限购区内，本市户口可以最多购买两套，外地户口只要有过社保和纳税记录就可以购买一套。所以几乎全部放开了，目前的限购政策已经没有任何威力了。我早几天就在说杭州亚运会后是一定会放开的，果不其然。杭州调整住房限购范围杭州优化调整房地产市场调控措施;0.0144742443593018;0.160295799056721;0.5326160640247172;0.015070164895914152
房地产杭州松绑限购。作为去杭州买卖过的外地人，说几句：除上城西湖拱墅滨江之外全部打开限购。但实际上，杭州楼市最有价值的，是这四区的限价新盘；其余完全放开限购。其中唯二有价值的，奥体未来科技城。用意很明显，这两个明星板块吸引外地人。和西安的奥体高新一样，提升楼市热度，推动市场；摇号弃选弃购，不再限制购房登记。直到你满意的买到房为止。杭州今年小阳春短暂虚火，二手又继续阴跌。急需外地新鲜血液；杭州不限购的片区，结合多的规划供应量，大部分短期都没有投资价值。杭州优化调整房地产市场调控措施;0.0091528309919114;0.0355278644320622;0.5016107679237065;0.001989193811003663
杭州优化调整房地产市场调控措施杭州楼市出政策了但核心是保卖地，不是保二手房价呀。我预测杭州绝大多数二手向下的趋势不变。真正利于杭州杭州政策的只有三个：不限购，放开准入，低首付比例。（但是这个影响程度非常小，现在限购也部分区域放开了，低首付也来了）。核心是减少土地供应。展开;0.001064282673478;-0.0208741786876445;0.6666854161677557;-0.00018062299785180376
杭州限购范围调整为上城区、拱墅区、西湖区、滨江区为认真贯彻落实党中央、国务院决策部署，坚持房子是用来住的、不是用来炒的定位，适应房地产市场供求关系发生重大变化的新形势，持续加大保障性住房建设和供给力度，更好满足刚性和改善性住房需求，促进房地产市场平稳健康发展，今天，杭州市房地产市场平稳健康发展领导小组办公室发布《关于优化调整房地产市场调控措施的通知》（以下简称《通知》），从加大保障性住房建设和供给、优化住房限购政策、加强住房信贷支持力度、优化住宅用地供应、强化预售资金监管、规范房地产市场秩序等方面进一步完善房地产市场调控。《通知》明确加大保障性住房建设和供给，提高保障性住房在住房总供给中的比例，加快解决工薪收入群体住房困难，推动建立房地产业转型发展新模式。《通知》明确优化住房限购政策，将本市住房限购范围调整为上城区、拱墅区、西湖区、滨江区。本市户籍家庭在本市限购范围内限购套住房；非本市户籍家庭在本市市区范围内有缴纳城镇社保或个人所得税记录的，在本市限购范围内限购套住房。此外，对参与本市限购范围内住房司法拍卖的竞买人，取消“须符合本市住房限购政策”限制。网页链接;0.0001064282673478;0.541998486868593;0.6665968906842651;0.00046892571793496617
杭州优化调整房地产市场调控措施将本市住房限购范围调整为上城区、拱墅区、西湖区、滨江区月日，据“杭州住保房管”公众号消息，今天，杭州市房地产市场平稳健康发展领导小组办公室发布《关于优化调整房地产市场调控措施的通知》。《通知》明确优化住房限购政策，将本市住房限购范围调整为上城区、拱墅区、西湖区、滨江区。本市户籍家庭在本市限购范围内限购套住房；非本市户籍家庭在本市市区范围内有缴纳城镇社保或个人所得税记录的，在本市限购范围内限购套住房。此外，对参与本市限购范围内住房司法拍卖的竞买人，取消“须符合本市住房限购政策”限制。;0.0001064282673478;-0.8486929359320601;0.6666854161677557;-0.0007343688326019382
杭州房产政策调整：非杭州户籍凭社保个税缴纳记录限购套房月日，杭州市房地产市场平稳健康发展领导小组办公室发布《关于优化调整房地产市场调控措施的通知》，从加大保障性住房建设和供给、优化住房限购政策、加强住房信贷支持力度、优化住宅用地供应、强化预售资金监管、规范房地产市场秩序等方面进一步完善房地产市场调控。杭州住房限购范围调整为上城区、拱墅区、西湖区、滨江区。本市户籍家庭在本市限购范围内限购套住房；非本市户籍家庭在本市市区范围内有缴纳城镇社保或个人所得税记录的，在本市限购范围内限购套住房。此外，对参与本市限购范围内住房司法拍卖的竞买人，取消“须符合本市住房限购政策”限制。都市快报;0.0105363984674329;-0.2290052944707881;0.5046834332382967;-0.014850547349225902
微互动丨你会在杭州买房吗？杭州优化调整房地产市场调控措施，杭州调整限购范围，你会在杭州买房吗？杭州调整住房限购范围;0.0296934865900383;-0.1655397449273832;0.5551974265669483;-0.03328101966128962
重磅杭州优化调整房地产市场调控措施杭州调整限购范围今天，杭州市房地产市场平稳健康发展领导小组办公室发布《关于优化调整房地产市场调控措施的通知》，从加大保障性住房建设和供给、优化住房限购政策、加强住房信贷支持力度、优化住宅用地供应、强化预售资金监管、规范房地产市场秩序等方面进一步完善房地产市场调控。详情戳关于优化调整房地产市场调控措施的通知（资料市住保房管局）;0.0039378458918688;0.5045216202778564;0.3725340187891023;0.00902589210490471
杭州优化调整房地产市场调控措施今天，杭州市房地产市场平稳健康发展领导小组办公室发布《关于优化调整房地产市场调控措施的通知》，从加大保障性住房建设和供给、优化住房限购政策、加强住房信贷支持力度、优化住宅用地供应、强化预售资金监管、规范房地产市场秩序等方面进一步完善房地产市场调控。中国蓝新闻;0.0044699872286079;0.660457874578654;0.7561198461793973;0.027222483587162623
杭州楼市松绑继续“挤牙膏”，杭州优化调整房地产市场调控措施;0.001064282673478;-0.0223373514957134;0.5364330789660217;-0.0001555213162302534
杭州调整限购范围中国蓝新闻记者了解到，杭州将本市住房限购范围调整为上城区、拱墅区、西湖区、滨江区。本市户籍家庭在本市限购范围内限购套住房；非本市户籍家庭在本市市区范围内有缴纳城镇社保或个人所得税记录的，在本市限购范围内限购套住房。此外，对参与本市限购范围内住房司法拍卖的竞买人，取消“须符合本市住房限购政策”限制。杭州优化调整房地产市场调控措施;0.0025542784163473;0.3247580080582067;0.9106172898643198;0.009211910226909871
杭州限购政策调整月日，杭州市房地产市场平稳健康发展领导小组办公室发布《关于优化调整房地产市场调控措施的通知》：限购范围调整为上城区、拱墅区、西湖区、滨江区。本市户籍家庭在本市限购范围内限购套住房；非本市户籍家庭在本市市区范围内有缴纳城镇社保或个人所得税记录的，在本市限购范围内限购套住房。此外，对参与本市限购范围内住房司法拍卖的竞买人，取消“须符合本市住房限购政策”限制。详情戳杭州优化调整房地产市场调控措施，更好满足刚性和改善性住房需求;0.0080885483184333;0.0893258549920262;0.5176210050223282;0.004560845493903765
杭州调整房地产市场调控措施财联社月日电，据“杭州住保房管”公众号消息，今天，杭州市房地产市场平稳健康发展领导小组办公室发布《关于优化调整房地产市场调控措施的通知》。《通知》明确优化住房限购政策，将本市住房限购范围调整为上城区、拱墅区、西湖区、滨江区。本市户籍家庭在本市限购范围内限购套住房；非本市户籍家庭在本市市区范围内有缴纳城镇社保或个人所得税记录的，在本市限购范围内限购套住房。此外，对参与本市限购范围内住房司法拍卖的竞买人，取消“须符合本市住房限购政策”限制。;0.0014899957428693;0.5075623534236993;0.8813580000716568;0.00812853880518007
刚刚，杭州优化调整房地产市场调控措施，调整住房限购政策。;0.0002128565346956;0.0001786967572594;0.6665968906842651;3.092093694749766e-07
杭州优化调整房地产市场调控措施将本市住房限购范围调整为上城区、拱墅区、西湖区、滨江区财联社月日电，据“杭州住保房管”公众号消息，今天，杭州市房地产市场平稳健康发展领导小组办公室发布《关于优化调整房地产市场调控措施的通知》。《通知》明确优化住房限购政策，将本市住房限购范围调整为上城区、拱墅区、西湖区、滨江区。本市户籍家庭在本市限购范围内限购套住房；非本市户籍家庭在本市市区范围内有缴纳城镇社保或个人所得税记录的，在本市限购范围内限购套住房。此外，对参与本市限购范围内住房司法拍卖的竞买人，取消“须符合本市住房限购政策”限制。;0.0040442741592166;-0.2405107282359747;0.5878299427813564;-0.006972884131199645
杭州优化调整房地产市场调控措施，更好满足刚性和改善性住房需求今天，杭州市房地产市场平稳健康发展领导小组办公室发布《关于优化调整房地产市场调控措施的通知》，从加大保障性住房建设和供给、优化住房限购政策、加强住房信贷支持力度、优化住宅用地供应、强化预售资金监管、规范房地产市场秩序等方面进一步完善房地产市场调控。一起来看杭州优化调整房地产市场调控措施，更好满足刚性和改善性住房需求;0.0003192848020434;0.5598152274808982;0.8323267390522038;0.0018142724399932485
杭州优化调整房地产市场调控措施今天，杭州市房地产市场平稳健康发展领导小组办公室发布《关于优化调整房地产市场调控措施的通知》，从加大保障性住房建设和供给、优化住房限购政策、加强住房信贷支持力度、优化住宅用地供应、强化预售资金监管、规范房地产市场秩序等方面进一步完善房地产市场调控。杭州调整限购范围杭州调整住房限购范围;0.0127713920817369;0.0024838142838726;0.4298167263404484;0.00016627477649735578
最高万中牟发布多子女家庭购房补贴办法月日，中牟发布多子女家庭购房补贴办法。符合国家生育政策生育二孩、三孩且子女未成年的家庭，年月日至年月日（含起止日）期间，在中牟县范围购买新建商品住房（不含安置房、公租房、经适房）并完成契税缴纳（以购房合同网签时间为准）。展开;0.0003192848020434;-0.4261991218682854;0.6665968906842651;-0.0011062156115601446
河南周口出台购房补贴新政近日，周口市住建部门发布“关于办理周口市中心城区商品住房购房补贴的公告”，将多个群体纳入购房补贴范围，进一步激活购房消费。公告中提到，对有未成年子女的二孩、三孩家庭群体，分别给予二孩元补贴、三孩元补贴；三年内新毕业的本科生、大专生，分别给予展开;0.0004257130693912;0.1497155358812435;0.6666854161677557;0.0005181917683183538
郑州高新区多孩家庭购房每套最高补贴万郑州高新区发布多子女家庭购房补贴办法最高补贴万元套据“郑州高新发布”，近日，郑州高新技术产业开发区管委会发布关于年多子女家庭购房补贴办法的通告。对于符合国家生育政策生育二孩、三孩且子女未成年的家庭，年月日至年月日（含起止日）期间，在高新区范围购买新建商品住房（不含安置房、公租房、经适房）并完成契税缴纳（以购房合同网签时间为准）的，二孩家庭给予一次性万元套的购房补贴；三孩家庭给予一次性万元套的购房补贴。;0.0014899957428693;-0.3184561553727192;0.6176584136885979;-0.003574116787878954
湖北大冶三孩家庭可多获元每平米奖补据微信公众号“大冶发布”消息，近日，湖北省黄石市大冶市出台《关于推进以县城为重要载体的新型城镇化建设，进一步促进我市房地产市场平稳健康发展的若干措施》，涉及购房补贴、支持多子女家庭购房等项措施。《措施》有效期年，执行期限为年月日至年月日。《措施》提出，对本市社区居民在大冶城区购买首套新建普通商品住房（建筑面积平方米以下）的，给予元平方米补贴。对非大冶户籍人员在本市购买首套新建普通商品住房（建筑面积平方米以下）的，给予元平方米补贴；对本市农村居民在大冶城区、建制镇购买首套新建普通商品住房（建筑面积平方米以下）的，分别给予元平方米、元平方米补贴，并享受同等教育、就业、医疗、养老等待遇。文件还提出，对政策执行期限内，生育二孩、三孩家庭购买新建商品住房的，在享受购房款补贴政策基础上，再分别给予元平方米、元平方米奖补。;0.0053214133673903;0.1496611942964677;0.5331221855074636;0.005177840414754965
最高万一次性发放高新区发布多子女家庭购房补贴办法根据市住房保障局、市财政局等部门联合印发的《关于进一步促进房地产市场平稳健康发展的通知》（郑房号），为落实多子女家庭购房补贴政策，做好多子女家庭购房补贴申领、发放等工作，更好满足辖区居民刚性和改善性住房需求，展开;0.0011707109408258;-0.2843317085893377;0.5151514617496593;-0.002091200195082861
上海金山区非沪籍人才购房资格调整为个人谁买在金山啊。。。;0.0026607066836951;0.9688164236674328;0.6665968906842651;0.020954991020371596
上海金山区非沪籍人才购房资格调整为个人咱能不能别挤牙膏，大大方方的放开不好吗？;0.0114942528735632;0.2459890271596593;0.4733139651400671;0.016320426475547257
上海金山区非沪籍人才购房资格调整为个人单身乐园吗？;0.0002128565346956;-0.2792695160061365;0.6665968906842651;-0.0004832362505184573
上海金山区非沪籍人才社保满年可购套房上海金山区非沪籍人才购房资格调整为个人月日，上海金山区出台人才安居新政。根据区域转型发展和产城融合需要确定金山区重点转型区域人才购房政策实施范围，包括滨海城区、高新社区以及亭枫社区三个重点区域，共计平方公里。方案提出，要聚焦重点行业，实行人才积分认定管理，对符合一定积分标准的人才分类给予租房补贴；聚焦高层次人才，实行分等定级管理，对符合一定认定标准的人才分类给予购房补贴。同时，结合城镇布局、产业规划和转型需求，划定重点转型区域人才购房政策实施范围。经区人才管理部门认定，同时符合单位条件、个人条件以及工作年限条件的非本市户籍人才，按规定在沪缴纳职工社会保险或个人所得税年及以上、且在本市无住房的，可购买套住房，同时购房资格由居民家庭调整为个人。（一财）;0.0031928480204342;-0.070143166496764;0.5638208782288011;-0.001539892735732154
上海金山区非沪籍人才社保满年可购套房符合相关条件的非本市户籍人才，在沪缴纳社保或个税年及以上、且在本市无住房的，可购买套住房，同时购房资格由居民家庭调整为个人。;0.0002128565346956;0.999834649817516;0.6665968906842651;0.0017300719184317795
刚刚上海金山区出台政策：非沪籍人才社保满年可购买套住房，购房资格由家庭调整为个人。;0.0006385696040868;0.8520813529183147;0.6666854161677557;0.00442380485519626
上海金山区调整限购政策：非沪籍人才社保满年可购买套住房，购房资格由家庭调整为个人是不是意味着一线城市一区一策要开始了？房地产上海金山区非沪籍人才社保满年可购套房;0.000532141336739;0.393301211105354;0.6665968906842651;0.0017013797755028094
上海金山区非沪籍人才社保满年可购套房，购房资格由家庭调整为个人月日，上海金山区出台人才安居新政。根据区域转型发展和产城融合需要确定金山区重点转型区域人才购房政策实施范围，包括滨海城区、高新社区以及亭枫社区三个重点区域，共计平方公里。方案提出，要聚焦重点行业，实行人才积分认定管理，对符合一定积分标准的人才分类给予租房补贴；聚焦高层次人才，实行分等定级管理，对符合一定认定标准的人才分类给予购房补贴。同时，结合城镇布局、产业规划和转型需求，划定重点转型区域人才购房政策实施范围。经区人才管理部门认定，同时符合单位条件、个人条件以及工作年限条件的非本市户籍人才，按规定在沪缴纳职工社会保险或个人所得税年及以上、且在本市无住房的，可购买套住房，同时购房资格由居民家庭调整为个人。（第一财经）;0.0012771392081736;-0.2065089979829513;0.5997324564890824;-0.0019289477882428454
上海金山：非沪籍人才社保满年可购买套住房，购房资格由家庭调整为个人。上海金山区月日出台人才安居新政。根据区域转型发展和产城融合需要确定金山区重点转型区域人才购房政策实施范围，包括滨海城区、高新社区以及亭枫社区三个重点区域，共计平方公里。要聚焦重点行业，实行人才积分认定管理，对符合一定积分标准的人才分类给予租房补贴；聚焦高层次人才，实行分等定级管理，对符合一定认定标准的人才分类给予购房补贴。经区人才管理部门认定，同时符合单位条件、个人条件以及工作年限条件的非本市户籍人才，按规定在沪缴纳职工社会保险或个人所得税年及以上、且在本市无住房的，可购买套住房，同时购房资格由居民家庭调整为个人。;0.0002128565346956;0.9558184691284326;0.6665968906842651;0.0016539081665747088
湖南身边事株洲市开始实施“认房不认贷”政策近日，株洲市住建局、株洲市资规局、中国人民银行株洲市分行、国家金融监督管理总局株洲监管分局、株洲市住房和公积金管理中心联合印发《关于优化个人住房贷款中住房套数认定标准的通知》（下称《通知》），“认房不认贷”政策正式在株洲落地实施。展开;0.0002128565346956;0.8357487922705313;0.6666854161677557;0.0014463366877306538
株洲“认房不认贷”落地实施月日，株洲市住建局、市资规局、中国人民银行株洲市分行、国家金融监督管理总局株洲监管分局、市住房和公积金管理中心联合印发《关于优化个人住房贷款中住房套数认定标准的通知》，“认房不认贷”政策正式在株洲落地实施。根据《通知》，居民家庭（包括借款人、配偶展开;0.0002128565346956;0.6241610738255037;0.6665968906842651;0.001080022128259723
最新的公积金政策；有关问题解答近期国家、市对住房信贷政策均做出了优化调整。《住房城乡建设部中国人民银行金融监管总局关于优化个人住房贷款中住房套数认定标准的通知》建房号明确优化个人住房贷款中住房套数认定标准有关事项纳入“一城一策”工具箱《广州市人民政府办公厅关于优化我市个人住房贷款中住房套数认定标准的通知》穗府办函号对银行业金融机构首套住房认定标准进行了规定。为坚持房子是用来住的，不是用来炒的定位，更好满足住房公积金缴存人刚性和改善性住房需求，结合我市当前商业住房贷款在住房套数认定标准、最低首付款比例等方面的信贷政策调整情况，制定本《通知》。相关问题解答一家庭名下住房套数如何计算根据《通知》第一点家庭名下住房套数仅计算我市住房外地住房不计算住房贷款记录无论是否已结清不再影响住房套数认定。购买我市第三套及以上住房的，不予发放住房公积金贷款。二在计算家庭名下住房套数时，已卖出的住房是否计算在计算家庭名下住房套数时仅按照《通知》第一点计算家庭当前拥有的住房套数已卖出且已不在家庭名下的住房不计入。三住房贷款记录的认定范围是本市还是全国全国。四购买普通住房和非普通住房的最低首付款比例是否有区别没有区别。购买普通住房和非普通住房适用相同的最低首付款比例。五正在办理过程中的住房公积金贷款，是否可以按《通知》政策执行如住房公积金贷款还未办理过户抵押，则可以向原贷款办理网点提出按《通知》政策办理的诉求，根据贷款办理网点的指引进行资料修改或者撤销贷款后重新申请。广州住房公积金管理中心;0.0002128565346956;-0.2876131772359653;0.6665968906842651;-0.0004976737717558632
公积金首付最低成广州官宣：住房公积金实行“认房不认贷”楼市又有大消息月日，广州住房公积金管理中心发布关于优化个人住房公积金贷款有关事项的通知，其中明确，广州住房公积金实行“认房不认贷”，公积金贷款首套房最低首付比例。广州：公积金实行“认房不认贷”月日，广州住房公积金管理中心发布关于优化个人住房公积金贷款有关事项，具体通知如下：一、家庭名下住房套数以我市不动产登记机构提供的《广州市自然人不动产（土地、房屋类）信息查询结果》显示家庭（含所有家庭成员）已拥有住房套数核算。二、对购买我市首套住房的购房人家庭，公积金贷款最低首付款比例为。三、对无住房贷款（含商业性住房贷款和公积金贷款，下同）记录或住房贷款记录已结清，且在我市拥有套住房的购房人家庭，公积金贷款最低首付款比例为。四、对有未结清住房贷款记录且在我市拥有套住房的购房人家庭，公积金贷款最低首付款比例为。五、本通知印发后，如国家、省、市有关住房公积金贷款政策进一步调整的，以最新政策为准。本通知自印发之日起施行，有效期为年。原有政策与本通知不一致的，以本通知为准。其他贷款条件及要求依据我市住房公积金贷款政策执行。多地陆续出台楼市新政月份以来，多地调整优化公积金政策。月日，河南商丘市出台房地产新政，其中提到，继续优化公积金贷款政策，提高多子女家庭购买首套自住住房申请住房公积金贷款最高额度，调整提取公积金后申请贷款条件。适时实施商品住房契税补贴，居民换购住房个人所得税政策，支持存量房“带押过户”等。月日，海南省宣布优化住房公积金个人住房贷款中住房套数认定标准。缴存职工家庭购买自住住房申请公积金贷款时，家庭成员名下在海南省行政区域范围内无成套住房且在全国范围内无公积金贷款使用记录的，所购买的自住住房适用首套住房公积金贷款政策；在海南省行政区域范围内已有套住房或在全国范围内已有次公积金贷款使用记录的，再次购买的自住住房适用二套住房公积金贷款政策。月日，山东省济南市住房公积金中心发布《关于继续执行首套房贷款最高额度的通知》，在济南市行政区域内购买首套普通自住住房申请住房公积金贷款，一人缴存住房公积金的职工家庭最高可贷款额度万元，两人及以上缴存住房公积金的职工家庭最高可贷款额度万元。月日，珠海市发布通知称，加大公积金政策支持，实施“认房不认贷”公积金配套政策，提高住房公积金贷款额度，双缴职工贷款最高限额调整为万元。此外对商品房备案价格管理、住房信贷政策、装配式建筑等方面进行政策优化。;0.0001064282673478;0.9963973991675046;0.6665968906842651;0.0008620621220782783
楼市大消息北京“认房不认商贷”证券时报月日，北京住房公积金管理中心发布通知，优化住房公积金“认房认贷”政策，宣布住房套数认定将不再考虑商业贷款情况。月日起，有商业贷款记录、无公积金贷款记录，且在北京市无房的公积金缴存职工家庭，可执行首套住房公积金贷款政策。对于随展开;0.0002128565346956;-0.3829873099143683;0.6666854161677557;-0.0006627931770736133
公积金北京再次松绑楼市调控已有余城执行公积金贷款“认房不认贷”继上海之后，北京也对楼市调控再度进行了松绑。月日，北京住房公积金管理中心发布通知，将优化住房公积金“认房又认贷”政策，自月日起，有商业贷款记录、无公积金贷款记录，且在北京市无房的公积金缴存职工家庭，可执行首套住房公积金贷款政策。不过，对于离婚一年内的借款申请人仍按原政策执行差别化住房信贷政策，即离婚未满一年申请公积金贷款的，仍按二套住房贷款政策执行。“此次公积金新政不再对购房者商业贷款记录进行审查，只核实全国范围内的公积金贷款记录，这一点与上海此前发布的公积金首套认定标准类似。但对于之前使用过一次公积金贷款且已结清的职工来说，北京的政策还是相对保守。”北京链家研究院分析师冷会表示。“北京自月号开始，商业贷款已经执行了认房不认贷，但公积金一直执行原有标准，导致很多购房者在申请组合贷款时难度很大。”某地产分析师告诉记者。冷会指出，此次公积金首套认定标准调整，是对月日北京商业贷款“认房不认贷”政策的有效补充，将惠及在北京市无房但有商业贷款记录的新市民和改善置换家庭。据悉，此次北京公积金新政在提升部分购房者公积金贷款额度的同时，也会降低其贷款成本。“由于公积金贷款的利率较低，因此在实际购房过程中，选择公积金贷款或公积金组合贷款的购房者不在少数。”冷会称。据北京链家研究院统计，年二手住房交易数量中，近成购房者采用公积金或公积金组合贷款方式付款。分析师认为，北京公积金贷款五年期以上首套房贷利率为，二套房贷为。而现在北京商贷的首套房利率为，因此公积金政策宽松，有利于降低部分购房者的购房成本。而据北京链家研究院测算，以贷款万元、年还清（等额本息）为例，北京施行公积金“认房不认商贷”新标准后，从商贷首套房转换为公积金首套每月利息可节省元，总利息可节省万元，从公积金二套转换为首套每月可节省元，总利息可节省万元。事实上，北京楼市在月日实行“认房不认贷”政策后，市场出现了短暂的上涨，但进入月，政策效果持续性不足，整体市场降温明显。从北京市场表现来看，据中指院数据，年月日日，北京新建住宅成交万平方米，环比小幅下降，同比下降；二手房月成交量较月亦有所回落，月日日二手住宅成交套，环比下降，同比下降。“从政策趋势来看，当前北京房地产市场调整压力逐渐显现。”中指研究院市场研究总监陈文静表示，北京未来有望按照因区施策原则，继续优化限购政策，同时或对普宅认定标准、房贷利率等进行调整。若政策能及时跟进调整，北京房地产市场或得到进一步修复。值得关注的是，优化公积金政策是近两年各地支持房地产市场发展、促进需求释放的主要手段之一，其中优化二套房认定标准、降低首付比例等方式，仍是当前各地公积金政策调整的重要方向。就在北京出台上述政策前一日，郑州住房公积金管理中心于月日发布通知，自年月日起，办理住房公积金个人住房贷款及组合贷款时，按“认房不认贷”原则认定家庭住房套数，住房套数按照郑州市行政区域内的现有成套住房认定。据中指院统计，今年以来已有上海优化首套公积金贷款认定标准，成都等二十余城执行公积金贷款“认房不认贷”。此外，广州住房公积金管理中心在月日发布公开征求意见，拟进一步放宽公积金提取范围，其中加装电梯提取范围有所扩大；生育二孩及以上（至少一个子女未成年）家庭，缴存人租房月提取额度可以上浮。”北京本次调整公积金贷款首套认定标准，进一步向市场释放出政策利好。预计接下来更多城市将跟进优化公积金贷款相关政策，广州、深圳跟进的预期也较强。“陈文静称。;0.0001064282673478;0.9963973991675046;0.6665968906842651;0.0008620621220782783
房地产粤港澳大湾区资讯粤港澳大湾区每日地产资讯（）人社部：月全国城镇新增就业万人，施政为企业减少亿成本四川省级公积金中心执行“认房不认贷”规定杭州：调整优化住房公积金信贷有关政策，住房限购区首套房首付最低云南德宏州：公积金支持“立提立贷”展开;0.0001064282673478;0.9998556463433704;0.6665968906842651;0.0008650541249694832
今天不论是工作中还是网络上，都有不少人问我，金融工作会议对房地产会有什么影响。作为一名影视博主里的房地产爱好者，就再简单讲讲吧。一是仍然将房地产作为“风险”在看待。这一点，是看待、分析和预测这个行业的判断基础。这么重要的一次会议，用这么多字来说房地产，特别是，既没提“房住不炒”、几天前的另一个会议上又说了“让房屋回归商品属性”，再加上一堆的财经博主大声呐喊又放水啦、要起飞啦，的确让很多习惯了从网络上获得知识人又迷惑了。实际上，会议公报中对房地产的描述，是放在“全面加强金融监管，有效防范化解金融风险”这个段落中的。说明，这是风险，不是要推动发展的产业、更不是支柱产业。二是用语极其精准。一共个字。咱们一句句来说。促进金融与房地产良性循环。（没啥说道的，算是目标，注意状态用的是良性，还有“循环”这个词，不是单向的，而是金融帮房地产、房地产回哺金融，不能只是房地产把金融的钱拿去了，然后，然后没了，那不行。当然，这是对行业而言，不是对购房户说的）健全房地产企业主体监管制度和资金监管。（简单说，就是抓两个重点，一个是房开企业，别管股东怎么换、离婚怎么离，找的就是你。管啥呢？不管你地在哪、项目在哪、注册在哪，就管你钱在哪）完善房地产金融宏观审慎管理。（宏观审慎管理是与微观审慎监管相对应的，微观审慎，往往注重一个企业、一个行业的安全，往往会出现，我不能出事啊，你不能让我出事啊。而宏观的意思是，就算你这个企业、行业出事，但不许外溢。你不重要，整个体系才重要，没有你惹事才最重要）一视同仁满足不同所有制房地产企业合理融资需求。（这话对大家都是个提醒，保利你也别狂、万科你也别怕，合理的要求，都给。不合理的哭穷，都打）因城施策用好政策工具箱。（不要指望一幅药方全国吃。自己看着办。少动不动一脸无辜的发个城市公众号，好像房价大涨和大跌，都是上面让你干的。我就要良性，你能干好就干，干不好就换。中国啥都缺，不缺干部）更好支持刚性和改善性住房需求。（言下之意，不支持投资和投机。但这种不支持，不是禁止，回到金融工作会议的本意，就是不支持用金融手段投资和投机。全款玩，您随意，而且鼓励。为国交税嘛）加快保障性住房等“三大工程”建设。（这三大工程，是安置房、城中村和平急两用。你觉得，这跟“改善性”、“高端”住宅，有啥关系？而且，城中村现在的思路，并不是拆改留、而是留改拆。以改造为主，并不象上一轮所谓棚，以拆迁人为创造购房需求。平急两用，你们不懂吧？安徽省芜湖市，在三山区造过三十幢安置房，空的，条件很好，有水有电有网有气有空调，去年合肥出了些事，把人都接过来住。平时，芜湖人想去住，三百块钱一个月。急时，人就拉过去，三百块钱一天）构建房地产发展新模式。（啥叫新模式？这一讲，要从中国式房地产现代化的五大内容、八项特点、十个坚持讲了。以前在公众号上写过一篇一万多字的，太多了，微博不写了。总之你觉得旧模式的毛病在哪，新模式就是解决这些毛病的。但新模式是不是就没毛病了呢？当然不是。先解决了再说）你看，我这一讲，所有抖音、微博、公众号上的视频、文章、课程，是不是全是糊你们的？正常，人家要吃饭的嘛。我是影视博主。我要是财经或者房地产博主，我当然也讲抓紧买、抓紧卖。你不买卖，我吃什么？从今天起，把所有财经和房地产博主全部拉黑，你会安全很多。这就是家庭的总体安全观。三是为啥不提房住不炒？呵呵，都这么多字了，还用提？而且我敢肯定提了。再写在公报里，烦不烦？而且，来，现在让你炒，欢迎你炒，你炒炒试试。四是啥叫回归商品属性？商品属性，不是跟安置属性对立的，要知道这是什么会，所以，它是跟金融属性相对。虽然商品往往带有金融属性，但一定要防止金融属性超过商品属性。商品属性主要是使用价值，价值也是劳动凝聚，但不能先是价格偏离紧接着由于不断形成套利空间进而变成金融载体，这是一个大道理，涉及到马克思资本论全卷对于资本主义进步性和必然灭亡性的分析，就不多讲了。五是到底涨不涨呢？能不能买呢？我该怎么办呢？是这样的，人人有房，居者有屋，不代表人人都有市中心学区房和豪宅啊。你到底是啥收入啥年龄啥工作，不一样的人，选不一样的房啊。居住焦虑是可以的，也是必须解决的。但财产和金融焦虑，就算了吧。另外，针对不同个人，当然有完全不同的策略。但对于房企、地方政府、银行之类的，反而不用因人而异，统一八个字：摆脱依赖、抓紧转型。最后，再看看这一段结尾的话，感受下那种肃杀之气：防范化解金融风险，要把握好权和责的关系，健全权责一致、激励约束相容的风险处置责任机制；把握好快和稳的关系，在稳定大局的前提下把握时度效，扎实稳妥化解风险，坚决惩治违法犯罪和腐败行为，严防道德风险；对风险早识别、早预警、早暴露、早处置，健全具有硬约束的金融风险早期纠正机制。说说就算了？呵呵。过去十一年，啥事是说说就算了的？至于什么房地产崩了经济会不会丸，呵呵。现在难道还没崩？你查查今年前三季度啥交易量、啥税费量、啥出让量、啥开工量、啥库存量，怎么样了呢？耽误啥了么？耽误下饺子了么、耽误卫星上天了么、耽误奇瑞膨胀了么、耽误方便面涨价了么？以前的不正常成为正常后，正常的显得不正常而已。那以后这种你觉得不正常的就是正常了。知道不？叫新常态。;0.0262877820349084;0.646495515117065;0.4359412646679245;0.09035103746759782
中央金融工作会议：促进金融与房地产良性循环中央金融工作会议月日至日在北京举行。会议强调，促进金融与房地产良性循环，健全房地产企业主体监管制度和资金监管，完善房地产金融宏观审慎管理，一视同仁满足不同所有制房地产企业合理融资需求，因城施策用好政策工具箱，更好支持刚性和改善性住房需求，加快保障性住房等“三大工程”建设，构建房地产发展新模式。（中国新闻网）;0.0006385696040868;0.6241610738255037;0.6665968906842651;0.0032400663847791692
楼市动态中央金融工作会议强调加快保障性住房建设房地产迎发展新模式中央金融工作会议月日至日在北京举行。会议强调，促进金融与房地产良性循环，健全房地产企业主体监管制度和资金监管，完善房地产金融宏观审慎管理，一视同仁满足不同所有制房地产企业合理融资需求，因城施策用好政策工展开;0.0001064282673478;0.9998763211120844;0.6665968906842651;0.00086507201234555
对于房地产行业发展，会议强调要促进金融与房地产良性循环，健全房地产企业主体监管制度和资金监管，完善房地产金融宏观审慎管理，一视同仁满足不同所有制房地产企业合理融资需求，因城施策用好政策工具箱，更好支持刚性和改善性住房需求，加快保障性住房等“三大工程”建设，构建房地产发展新模式。房地产;0.0001064282673478;-0.8458798481444907;0.6666854161677557;-0.0007319346848588615
促进金融与房地产良性循环，健全房地产企业主体监管制度和资金监管，完善房地产金融宏观审慎管理，一视同仁满足不同所有制房地产企业合理融资需求，因城施策用好政策工具箱，更好支持刚性和改善性住房需求，加快保障性住房等“三大工程”建设，构建房地产发展新模式。;0.0001064282673478;-0.0578925011377787;0.4673816919678222;-3.5118560308090694e-05
促进金融与房地产良性循环，健全房地产企业主体监管制度和资金监管，完善房地产金融宏观审慎管理，一视同仁满足不同所有制房地产企业合理融资需求，因城施策用好政策工具箱，更好支持刚性和改善性住房需求，加快保障性住房等“三大工程”建设，构建房地产发展新模式。房地产进入新时代了。;0.0004257130693912;0.9797354818396148;0.6851647120305919;0.0034850299098180366
会议强调，要全面加强金融监管，有效防范化解金融风险。切实提高金融监管有效性，依法将所有金融活动全部纳入监管，全面强化机构监管、行为监管、功能监管、穿透式监管、持续监管，消除监管空白和盲区，严格执法、敢于亮剑，严厉打击非法金融活动。及时处置中小金融机构风险。建立防范化解地方债务风险长效机制，建立同高质量发展相适应的政府债务管理机制，优化中央和地方政府债务结构。促进金融与房地产良性循环，健全房地产企业主体监管制度和资金监管，完善房地产金融宏观审慎管理，一视同仁满足不同所有制房地产企业合理融资需求，因城施策用好政策工具箱，更好支持刚性和改善性住房需求，加快保障性住房等“三大工程”建设，构建房地产发展新模式。维护金融市场稳健运行，规范金融市场发行和交易行为，合理引导预期，防范风险跨区域、跨市场、跨境传递共振。加强外汇市场管理，保持人民币汇率在合理均衡水平上的基本稳定。防范化解金融风险，要把握好权和责的关系，健全权责一致、激励约束相容的风险处置责任机制；把握好快和稳的关系，在稳定大局的前提下把握时度效，扎实稳妥化解风险，坚决惩治违法犯罪和腐败行为，严防道德风险；对风险早识别、早预警、早暴露、早处置，健全具有硬约束的金融风险早期纠正机制。;0.0150063856960408;-0.0097875022324738;0.5262567792914751;-0.0009426085714238308
中央金融工作会议在北京举行新华社北京月日电中央金融工作会议月日至日在北京举行。中共中央总书记、国家主席、中央军委主席习近平出席会议并发表重要讲话。中共中央政治局常委李强、赵乐际、王沪宁、蔡奇、丁薛祥、李希出席会议。习近平在重要讲话中总结党的十八大以来金融工作，分析金融高质量发展面临的形势，部署当前和今后一个时期的金融工作。李强对做好金融工作作了具体部署。会议强调，金融是国民经济的血脉，是国家核心竞争力的重要组成部分，要加快建设金融强国，全面加强金融监管，完善金融体制，优化金融服务，防范化解风险，坚定不移走中国特色金融发展之路，推动我国金融高质量发展，为以中国式现代化全面推进强国建设、民族复兴伟业提供有力支撑。会议指出，党的十八大以来，在党中央集中统一领导下，金融系统有力支撑经济社会发展大局，坚决打好防范化解重大风险攻坚战，为如期全面建成小康社会、实现第一个百年奋斗目标作出了重要贡献。党中央把马克思主义金融理论同当代中国具体实际相结合、同中华优秀传统文化相结合，努力把握新时代金融发展规律，持续推进我国金融事业实践创新、理论创新、制度创新，奋力开拓中国特色金融发展之路，强调必须坚持党中央对金融工作的集中统一领导，坚持以人民为中心的价值取向，坚持把金融服务实体经济作为根本宗旨，坚持把防控风险作为金融工作的永恒主题，坚持在市场化法治化轨道上推进金融创新发展，坚持深化金融供给侧结构性改革，坚持统筹金融开放和安全，坚持稳中求进工作总基调。这些实践成果、理论成果来之不易。同时要清醒看到，金融领域各种矛盾和问题相互交织、相互影响，有的还很突出，经济金融风险隐患仍然较多，金融服务实体经济的质效不高，金融乱象和腐败问题屡禁不止，金融监管和治理能力薄弱。金融系统要切实提高政治站位，胸怀“国之大者”，强化使命担当，下决心从根本上解决这些问题，以金融高质量发展助力强国建设、民族复兴伟业。会议强调，当前和今后一个时期，做好金融工作必须坚持和加强党的全面领导，以习近平新时代中国特色社会主义思想为指导，全面贯彻党的二十大精神，完整、准确、全面贯彻新发展理念，深刻把握金融工作的政治性、人民性，以加快建设金融强国为目标，以推进金融高质量发展为主题，以深化金融供给侧结构性改革为主线，以金融队伍的纯洁性、专业性、战斗力为重要支撑，以全面加强监管、防范化解风险为重点，坚持稳中求进工作总基调，统筹发展和安全，牢牢守住不发生系统性金融风险的底线，坚定不移走中国特色金融发展之路，加快建设中国特色现代金融体系，不断满足经济社会发展和人民群众日益增长的金融需求，不断开创新时代金融工作新局面。会议指出，高质量发展是全面建设社会主义现代化国家的首要任务，金融要为经济社会发展提供高质量服务。要着力营造良好的货币金融环境，切实加强对重大战略、重点领域和薄弱环节的优质金融服务。始终保持货币政策的稳健性，更加注重做好跨周期和逆周期调节，充实货币政策工具箱。优化资金供给结构，把更多金融资源用于促进科技创新、先进制造、绿色发展和中小微企业，大力支持实施创新驱动发展战略、区域协调发展战略，确保国家粮食和能源安全等。盘活被低效占用的金融资源，提高资金使用效率。做好科技金融、绿色金融、普惠金融、养老金融、数字金融五篇大文章。要着力打造现代金融机构和市场体系，疏通资金进入实体经济的渠道。优化融资结构，更好发挥资本市场枢纽功能，推动股票发行注册制走深走实，发展多元化股权融资，大力提高上市公司质量，培育一流投资银行和投资机构。促进债券市场高质量发展。完善机构定位，支持国有大型金融机构做优做强，当好服务实体经济的主力军和维护金融稳定的压舱石，严格中小金融机构准入标准和监管要求，立足当地开展特色化经营，强化政策性金融机构职能定位，发挥保险业的经济减震器和社会稳定器功能。强化市场规则，打造规则统一、监管协同的金融市场，促进长期资本形成。健全法人治理，完善中国特色现代金融企业制度，完善国有金融资本管理，拓宽银行资本金补充渠道，做好产融风险隔离。要着力推进金融高水平开放，确保国家金融和经济安全。坚持“引进来”和“走出去”并重，稳步扩大金融领域制度型开放，提升跨境投融资便利化，吸引更多外资金融机构和长期资本来华展业兴业。增强上海国际金融中心的竞争力和影响力，巩固提升香港国际金融中心地位。会议强调，要全面加强金融监管，有效防范化解金融风险。切实提高金融监管有效性，依法将所有金融活动全部纳入监管，全面强化机构监管、行为监管、功能监管、穿透式监管、持续监管，消除监管空白和盲区，严格执法、敢于亮剑，严厉打击非法金融活动。及时处置中小金融机构风险。建立防范化解地方债务风险长效机制，建立同高质量发展相适应的政府债务管理机制，优化中央和地方政府债务结构。促进金融与房地产良性循环，健全房地产企业主体监管制度和资金监管，完善房地产金融宏观审慎管理，一视同仁满足不同所有制房地产企业合理融资需求，因城施策用好政策工具箱，更好支持刚性和改善性住房需求，加快保障性住房等“三大工程”建设，构建房地产发展新模式。维护金融市场稳健运行，规范金融市场发行和交易行为，合理引导预期，防范风险跨区域、跨市场、跨境传递共振。加强外汇市场管理，保持人民币汇率在合理均衡水平上的基本稳定。防范化解金融风险，要把握好权和责的关系，健全权责一致、激励约束相容的风险处置责任机制；把握好快和稳的关系，在稳定大局的前提下把握时度效，扎实稳妥化解风险，坚决惩治违法犯罪和腐败行为，严防道德风险；对风险早识别、早预警、早暴露、早处置，健全具有硬约束的金融风险早期纠正机制。会议指出，加强党中央对金融工作的集中统一领导，是做好金融工作的根本保证。要完善党领导金融工作的体制机制，发挥好中央金融委员会的作用，做好统筹协调把关。发挥好中央金融工作委员会的作用，切实加强金融系统党的建设。发挥好地方党委金融委员会和金融工委的作用，落实属地责任。要坚持政治过硬、能力过硬、作风过硬标准，锻造忠诚干净担当的高素质专业化金融干部人才队伍。要在金融系统大力弘扬中华优秀传统文化，坚持诚实守信、以义取利、稳健审慎、守正创新、依法合规。要加强金融法治建设，及时推进金融重点领域和新兴领域立法，为金融业发展保驾护航。会议强调，习近平总书记的重要讲话，科学回答了金融事业发展的一系列重大理论和实践问题，是习近平经济思想的重要组成部分，是马克思主义政治经济学关于金融问题的重要创新成果，为新时代新征程推动金融高质量发展提供了根本遵循和行动指南。各地区各部门要深入学习领会、自觉贯彻落实。要完善金融宏观调控，准确把握货币信贷供需规律和新特点，加强货币供应总量和结构双重调节。加强优质金融服务，扩大金融高水平开放，服务好“走出去”和“一带一路”建设，稳慎扎实推进人民币国际化。健全金融监管机制，建立健全监管责任落实和问责制度，有效防范化解重点领域金融风险。着力做好当前金融领域重点工作，加大政策实施和工作推进力度，保持流动性合理充裕、融资成本持续下降，活跃资本市场，更好支持扩大内需，促进稳外贸稳外资，加强对新科技、新赛道、新市场的金融支持，加快培育新动能新优势。会议要求，各地区各部门特别是金融系统要进一步把思想和行动统一到习近平总书记重要讲话精神和党中央决策部署上来，坚持目标导向、问题导向，全面加强党对金融工作的领导，扎实做好加强金融监管、防范化解金融风险、推动金融高质量发展等重点工作，加快建设金融强国，抓好会议精神宣传贯彻，加强金融干部人才队伍建设，确保工作部署落实落地。何立峰作总结讲话。中国人民银行、金融监管总局、中国证监会、北京市、辽宁省、湖北省、四川省负责同志作交流发言。中共中央政治局委员、中央书记处书记，全国人大常委会有关领导同志，国务委员，最高人民法院院长，全国政协有关领导同志出席会议。中央金融委员会委员，各省区市和计划单列市、新疆生产建设兵团，中央和国家机关有关部门、有关人民团体、中央军委机关有关部门，中央管理的金融机构、部分企业主要负责同志等参加会议。（新华社）网页链接;0.0089399744572158;0.2399801981605215;0.640343038968607;0.016753674781455778
长三角一体化示范区重大建设项目三年行动计划（年）发布月日上午，长三角生态绿色一体化发展示范区新闻发布会在上海举办，上海市政府副秘书长、市发展改革委主任、长三角一体化示范区执委会主任顾军介绍了《长三角生态绿色一体化发展示范区重大建设项目三年行动计划（年）》（简称《行动计划》）有关情况。据介绍，《行动计划》聚焦“一厅三片”重点区域和生态环保、设施互通、产业创新、民生服务四大重点领域，明确开展项行动，共包括个项目。到年，一批生态环保、基础设施、科技创新、公共服务等凸显“五共”理念的重点项目落地，示范引领长三角地区更高质量一体化发展。在设施互通领域，实施轨道交通引领、区域道路连通、特色交通构建、数字智能支撑四项行动，共计个项目。沪苏湖高铁、上海号线西延伸将于年底建成通车，通苏嘉甬高铁、沪苏嘉城际铁路加快建设，轨道交通对示范区发展的带动作用将进一步发挥。在前期已经贯通的条跨省对接道路基础上，部分跨省对接道路工程也将进一步加速建设。在产业创新领域，《行动计划》提出，以打造绿色创新发展新高地为目标，实施创新平台共建、先进制造升级、文旅新经济培育、新型服务赋能四项行动。据悉，年长三角一体化示范区执委会将会同两省一市三级八方全面贯彻落实习近平总书记在深入推进长三角一体化发展座谈会上的重要讲话精神，坚持制度创新和项目建设双轮驱动，把长三角一体化发展宏伟蓝图在示范区转化为施工图、实景画，在为全国区域协调发展先行探路中交出更加优异的答卷。（全媒记者孙木子）;0.0022349936143039;0.6542031661284823;0.9754337539341614;0.017392916441931024
安徽身边事这座皖西城市，怎么就“傍上”了合肥？安徽省会合肥，将要带动六安这个兄弟城市的发展。经国务院同意，国家发改委近日下发的相关文件显示，同意支持六安与合肥同城化发展。地处大别山北麓的六安，多年来经济发展水平在安徽省内处于中下游位置。与合肥的同城化，近年来被其视为发展的突破口。合肥与安徽省内的多个城市毗邻，但同城化发展，为什么选择了六安？为什么是六安六安别称“皋城”、“皖西”，是安徽省辖地级市，位于安徽省西部，湖北、河南、安徽三省交界处，毗邻省会合肥市，两城相距不到公里。截至年底，六安市常住人口万人。年，六安为亿元，在安徽个地级市中排第名。值得一提的是，六安位于大别山北麓，境内海拔米以上山峰多座、占大别山区的，山区达到以上。据了解，与省会合肥同城化发展，是国家支持大别山区域发展的重要政策，近期发布的《新时代大别山革命老区协同推进高质量发展实施方案》中就明确了六安与合肥同城化发展的政策。“与合肥的同城化，对六安而言是一种捆绑发展的策略，毫无疑问将提升城市的知名度，在招商引资等方面有不小作用。”中国社科院区域经济学研究员牛凤瑞告诉中国新闻周刊。除了上述原因，在不少业内专家看来，合肥与六安的同城化，与合肥寻找发展腹地息息相关。事实上，除了位于西部的六安，安徽东部、东南部几座与合肥接壤的城市，都是南京都市圈的成员。年月，国家发改委发布公告原则同意《南京都市圈发展规划》。在南京都市圈成员中，不仅包括江苏城市南京、镇江、扬州、淮安，还包括安徽城市芜湖、马鞍山、滁州和宣城。此外，安徽的蚌埠和淮南等城市也在申请加入南京都市圈。除了南京都市圈，在安徽省内，淮北的两座城市则加入了徐州都市圈。在年月，安徽北部的宿州市和淮北市，不约而同地在市政府官方微信平台发文称，安徽支持两市深度融入徐州都市圈。彼时，时任安徽省委常委、副省长的刘惠表示，皖北地区人口多、底子薄、基本公共服务历史欠账多，发展相对滞后。因此，安徽在区域联动方面将支持宿州、淮北深度融入徐州都市圈，推动省际毗邻地区探索一体化协同发展新机制，共同打造产城融合新城区。近日，最新编制的《合肥都市圈发展规划》已上报国家发改委。该规划显示，都市圈范围包括合肥市全域、淮南市的寿县、滁州市的定远县、六安市的金安区和舒城县、马鞍山市的含山县、芜湖市的无为市、安庆市的桐城市，总面积约万平方公里。不过，相比最初规划版本，目前合肥都市圈的范围，远远小于业界预期的。在牛凤瑞看来，都市圈范围的调整，意味着合肥将集中力量，带动上述区域发展。而入围合肥都市圈的六安的金安区和舒城县，也被认为是此次同城化重点发展的区域。安徽发改委副主任钟岚公开表示，年前三季度，合肥都市圈以占全省的面积和的人口，贡献了的地区生产总值、的进出口总额，集聚了近的新增高新技术企业和的新增外资企业。“六安山清水秀、建设空间（用地指标）潜力巨大，而合肥科教、行政（省会城市）资源丰富，合肥部分产业向六安转移可能性不小。”华东师范大学城市发展研究院院长曾刚对中国新闻周刊表示。虹吸风险作为中小城市，面对周边相对强势的大城市，如何避免被持续虹吸，一直都是业界探讨的焦点。曾刚告诉中国新闻周刊，大城市对周边中小城市是发挥虹吸，还是溢出作用，在很大程度上取决于区域所处的发展阶段和战略谋划方案。在工业化初期和中期，与中小城市相比，大城市在比较紧缺的基础设施配套、公共管理服务质量、对外交流合作通道建设等方面占有明显优势，一般加工业项目偏爱大城市，导致大城市对周边中小城市形成强烈的虹吸效应。他说，“到了工业化后期阶段，大城市与周边中小城市在基础设施、公共管理服务、对外交流合作通道等方面的差别不大，只要制定的城市发展战略科学合理，那么大中小城市就能取得的效果，中小城市也会享用更多的来自周边大城市的溢出效益。”年“六普”数据显示，六安市常住人口为万，到年底，六安市常住人口万人，与十二年前相比减少近万。而目前六安户籍人口万人，与常住人口相差约万人。由于毗邻，多年来六安一直是合肥人口迁入的第一大来源地。而为了配合同城化发展，两地交通便捷程度不断提升。年月，合肥发布消息称合六路工程的最后一个节点主体结构封顶，这也标志着工程项目主线实现全线贯通，主线道路很快将放行通车。届时，合肥、六安两市之间的联系将进一步加强。随着交通越来越便利，同城化又进一步促进两地的交流，六安是否可能进一步被虹吸？在曾刚看来，在同城化过程六安被合肥“虹吸”的风险不容小觑。为了避免合肥与六安发展差距的扩大，必须未雨绸缪，制定科学合理的同城化发展方案，适时采取有力措施，消除六安与合肥在公共服务方面的短板。他说，“合肥与六安等周边中小城市应该建立的是平等互动合作的伙伴关系，而非处理落后产能、外置低端城市功能的容器。”产业合作是关键除了公共服务等方面的合理布局规划，产业层面的合作，也被不少业内人士看作避免被虹吸的关键。“人口随着产业迁移，发展产业是留住常住人口极为关键的一点。”牛凤瑞分析。不少背靠大城市，在同城化中发展较好的城市，不少都受益于产业合作与供应链共享。多年来，广东的“广佛同城”持续、快速发展。佛山与广州的产业链，有着紧密配合。三大日系汽车品牌本田、丰田、日产在我国的主要生产基地，均在广州市内，而毗邻广州的佛山南海区，目前仅狮山镇就有整车及汽车零部件企业余家，涵盖了本田、丰田、日产三大汽车生产商的配件供应商。在总体布局上，形成了南海汽配、广州整车的产业格局。此前，六安在农业以及相关加工业层面，有一定优势。比如，茶产业已成为六安市最具区域特色的优势产业。而制定同城化战略后，六安也开始向合肥的产业结构靠拢。年月，六安出台了《电子信息发展三年行动计划（年）》，按照“五光示色”产业定位（“五”代表以技术为主的现代通信，“光”代表太阳能光伏，“示”代表新型显示，“色”代表电光源），打算利用毗邻合肥的区位优势，打造若干个电子信息产业集群。六安市经信局局长黄胜红最近公开表示，六安将智能电动汽车作为重要支柱产业，努力做好合肥新能源整车企业配套服务，力争进入合肥乃至全国新能源汽车供应链体系。据了解，六安市现有智能电动汽车配套企业家，其中一级配套企业户，二级配套企业户，三级配套企业户，年产值亿元，同比增长。在曾刚看来，合肥要发挥好辐射带动作用，还有多种模式可以探索。他说，“可以建立创新共同体，发挥合肥科教、人才资源以及六安等城市的生态环境、建设空间优势，通过建设跨区域科创平台、创新飞地等方式，推进跨区域政产学研用金一体化；此外，还可以建设跨地域产业集群，改革开发区管理机制，通过购买服务、委托经营等方式，引进高水平专业化园区管理公司，实现各市开发区的连锁管理，联合建设产业创新集群。”中国新闻周刊作者：赵越;0.0035121328224776;0.252265732037601;0.4393007235199689;0.004746536363606103
习近平同马尔代夫总统穆伊兹会谈新华社北京月日电月日下午，国家主席习近平在人民大会堂同来华进行国事访问的马尔代夫总统穆伊兹举行会谈。两国元首宣布，将中马关系提升为全面战略合作伙伴关系。习近平指出，中国和马尔代夫是传统友好近邻，两国人民通过古代海上丝绸之路建立友好联系。中马建交年来，两国始终相互尊重、相互支持，树立了大小国家平等相待、守望相助、互利共赢的典范。近年来，两国关系深入发展，共建“一带一路”和各领域交流合作取得丰硕成果。新形势下，中马关系面临承前启后、继往开来的历史契机。将中马关系提升为全面战略合作伙伴关系，符合中马关系发展需要和两国人民期待。中方愿同马方一道，不断拓展各领域交流合作，共同致力于打造中马命运共同体。习近平深刻阐释了中国共产党百年奋斗历程和宝贵经验。习近平强调，中方尊重和支持马方探索符合本国国情的发展道路，坚定支持马方维护国家主权独立、领土完整、民族尊严，愿同马方交流治国理政经验，加强发展战略对接，推进高质量共建“一带一路”，为中马友谊树立新标杆。双方要加强经贸投资、农业园区、蓝色经济、绿色经济、数字经济等领域合作，拓展海洋生态环境保护等合作，加强人文交流。中方支持更多马尔代夫优秀学生来华留学，推动增加两国直航航班。习近平指出，中马同为发展中国家，在国际和地区事务中拥有相近看法和立场。双方要密切多边沟通协作，维护真正的多边主义和发展中国家共同利益，共同努力推动构建人类命运共同体，让世界更加和平、更加安全、更加繁荣。中方愿同马方加强协调合作，落实联合国气候变化迪拜大会达成的共识，推动《巴黎协定》全面有效实施。穆伊兹表示，我非常荣幸携多位重要内阁部长对中国进行首次国事访问，成为今年中方接待的首位外国元首，这充分体现了我们双方对发展马中关系的高度重视。马方坚定奉行一个中国政策。坚定相互支持对方维护国家主权独立和领土完整，这是马中关系持续良好发展的坚实基础。今年是习近平主席对马尔代夫进行历史性国事访问十周年。中方为马经济社会发展提供了大量宝贵帮助，马中合作特别是共建“一带一路”，使马尔代夫人民受益良多，马中友谊大桥已经成为两国人民友谊的象征。我此次参访福建期间，亲眼目睹中国发展取得的巨大成就，亲身感受到习近平主席的卓越领导力。马方期待以构建全面战略合作伙伴关系为契机，进一步拓展双边合作新渠道，增加双边关系新内涵，推进高质量共建“一带一路”，推动马中关系取得更多新发展，为两国人民创造更多福祉。欢迎中方为促进人文交流采取的积极措施，期待更多中国游客赴马旅游。马方支持习近平主席提出的全球发展倡议、全球安全倡议、全球文明倡议，愿同中方在国际地区事务中密切沟通协作，加强相互支持。会谈后，两国元首共同见证签署关于构建中马全面战略合作伙伴关系行动计划以及共建“一带一路”、灾害管理、经济技术、蓝色经济、数字经济、绿色发展、基础设施和民生等领域多项双边合作文件。会谈前，习近平和夫人彭丽媛在人民大会堂北大厅为穆伊兹和夫人萨吉达举行欢迎仪式。天安门广场鸣放响礼炮，礼兵列队致敬。两国元首登上检阅台，军乐团奏中马两国国歌。穆伊兹在习近平陪同下检阅中国人民解放军仪仗队，并观看分列式。当晚，习近平和彭丽媛在人民大会堂金色大厅为穆伊兹夫妇举行欢迎宴会。王毅参加上述活动。穆伊兹访华期间，双方将发表《中华人民共和国和马尔代夫共和国联合新闻公报》。（新华社记者：朱超）;0.0001064282673478;0.1492617186216107;0.6665968906842651;0.00012913810695160734
习主席今年接待的首位外国元首习近平同马尔代夫总统穆伊兹会谈年月日下午，国家主席习近平在人民大会堂同来华进行国事访问的马尔代夫总统穆伊兹举行会谈。两国元首宣布，将中马关系提升为全面战略合作伙伴关系。习近平指出，中国和马尔代夫是传统友好近邻，两国人民通过古代海上丝绸之路建立友好联系。中马建交年来，两国始终相互尊重、相互支持，树立了大小国家平等相待、守望相助、互利共赢的典范。近年来，两国关系深入发展，共建“一带一路”和各领域交流合作取得丰硕成果。新形势下，中马关系面临承前启后、继往开来的历史契机。将中马关系提升为全面战略合作伙伴关系，符合中马关系发展需要和两国人民期待。中方愿同马方一道，不断拓展各领域交流合作，共同致力于打造中马命运共同体。习近平深刻阐释了中国共产党百年奋斗历程和宝贵经验。习近平强调，中方尊重和支持马方探索符合本国国情的发展道路，坚定支持马方维护国家主权独立、领土完整、民族尊严，愿同马方交流治国理政经验，加强发展战略对接，推进高质量共建“一带一路”，为中马友谊树立新标杆。双方要加强经贸投资、农业园区、蓝色经济、绿色经济、数字经济等领域合作，拓展海洋生态环境保护等合作，加强人文交流。中方支持更多马尔代夫优秀学生来华留学，推动增加两国直航航班。习近平指出，中马同为发展中国家，在国际和地区事务中拥有相近看法和立场。双方要密切多边沟通协作，维护真正的多边主义和发展中国家共同利益，共同努力推动构建人类命运共同体，让世界更加和平、更加安全、更加繁荣。中方愿同马方加强协调合作，落实联合国气候变化迪拜大会达成的共识，推动《巴黎协定》全面有效实施。穆伊兹表示，我非常荣幸携多位重要内阁部长对中国进行首次国事访问，成为今年中方接待的首位外国元首，这充分体现了我们双方对发展马中关系的高度重视。马方坚定奉行一个中国政策。坚定相互支持对方维护国家主权独立和领土完整，这是马中关系持续良好发展的坚实基础。今年是习近平主席对马尔代夫进行历史性国事访问十周年。中方为马经济社会发展提供了大量宝贵帮助，马中合作特别是共建“一带一路”，使马尔代夫人民受益良多，马中友谊大桥已经成为两国人民友谊的象征。我此次参访福建期间，亲眼目睹中国发展取得的巨大成就，亲身感受到习近平主席的卓越领导力。马方期待以构建全面战略合作伙伴关系为契机，进一步拓展双边合作新渠道，增加双边关系新内涵，推进高质量共建“一带一路”，推动马中关系取得更多新发展，为两国人民创造更多福祉。欢迎中方为促进人文交流采取的积极措施，期待更多中国游客赴马旅游。马方支持习近平主席提出的全球发展倡议、全球安全倡议、全球文明倡议，愿同中方在国际地区事务中密切沟通协作，加强相互支持。会谈后，两国元首共同见证签署关于构建中马全面战略合作伙伴关系行动计划以及共建“一带一路”、灾害管理、经济技术、蓝色经济、数字经济、绿色发展、基础设施和民生等领域多项双边合作文件。会谈前，习近平和夫人彭丽媛在人民大会堂北大厅为穆伊兹和夫人萨吉达举行欢迎仪式。天安门广场鸣放响礼炮，礼兵列队致敬。两国元首登上检阅台，军乐团奏中马两国国歌。穆伊兹在习近平陪同下检阅中国人民解放军仪仗队，并观看分列式。当晚，习近平和彭丽媛在人民大会堂金色大厅为穆伊兹夫妇举行欢迎宴会。王毅参加上述活动。穆伊兹访华期间，双方将发表《中华人民共和国和马尔代夫共和国联合新闻公报》。央视新闻的微博视频;0.0025542784163473;0.9948216831612308;0.6668624671347368;0.020665002085440056
商丘日报我市连续年获省政府质量工作考核等次近日，河南省年度政府质量工作考核结果公布，我市再次获得等次的佳绩，据了解，这已是商丘市连续三年在全省政府质量工作考核中获得等次。近年来，市委、市政府高度重视质量工作，深入实施质量强市和品牌发展战略，大力开展质量提升行动，进一步夯实质量发展基础，着力推动我市质量变革、效率变革、动力变革，为全市经济社会发展作出了新的贡献。提高站位，深入实施质量强市战略。认真学习贯彻《质量强国建设纲要》，我市组织多种形式的学习宣传活动，将《质量强国建设纲要》纳入市委党校培训课程；我市持续开展省质量强县示范县创建工作，目前全市共个县（市、区）创建省质量强县示范县，占全省创建总数的，在全省位列前茅；强化督导考核推动，充分发挥市质量强市工作领导小组办公室职责，认真做好统筹协调工作，促进各项工作落实落地；强化与质量强市工作领导小组办公室沟通，及时发现质量考核工作中存在的不足，查漏补缺，圆满完成余份考核印证材料的整理、审核、上报工作，为我市质量考核取得优异成绩打下了坚实基础。多措并举，强力推动品牌发展战略。我市出台《关于实施品牌建设争创“美豫名品”公共品牌三年行动计划（年）》，全市共征集个“美豫名品”培育单位；开展政府质量奖培育工作，印发《商丘市政府质量奖培育发展计划（年）》，从国家、省、市、县四个层面建立政府质量奖培育库，对家企业开展政府质量奖培育；扎实推进第八届市长质量奖申报评选工作，目前申报评选工作有序推进。突出重点，全面开展质量提升行动。加强消费品召回管理，确保人民群众生命健康和财产安全，我市出台《关于做好消费品召回管理工作的通知》，明确了属地管理责任和工作重点；为进一步拓宽产品伤害信息收集渠道，在全市布局产品伤害风险监测点个，构建我市产品伤害信息收集平台；推行企业首席质量官制度，助力企业高质量发展，目前全市有名企业首席质量官培训取证，有家企业推行首席质量官制度；在全市开展商丘市第二届优秀企业首席质量官评选活动，共评选出名优秀企业首席质量官；发动全市企业首席质量官申报企业首席质量官质量变革创新典型案例，经过遴选，柘城厚德钻石有限公司首席质量官案例上报国家市场监管总局；强化培训，提升企业质量管理水平，我市举办期企业首席质量官线上大讲堂，邀请省内质量管理专家授课，共人次参加培训；深入开展质量基础设施“一站式”服务，推动园区内质量技术服务事项就近集中解决，力求“进一扇门、填一张服务清单、办结所需事项”，最大限度发挥质量基础设施效能；组织质量基础管理专家，深入产业集聚区和一线企业，开展面对面质量基础设施“一站式”服务，“一揽子”解决企业急难愁盼问题。与此同时，商丘市加强社会共治，牵头组织个部门开展“质量月”活动；开展消费品安全教育“进社区、进校园、进乡镇”活动；组织专家开展质量基础设施“一站式”服务入园区活动，通过有力的宣传在全社会形成了关心质量安全的浓厚氛围。记者高会鹏;0.0001064282673478;0.0;0.6666854161677557;0.0
公安心向党奋进新征程“警察蓝”绘就“平安色”盘点年衡阳县公安工作“十大亮点”亮点七：夯实基层基础，在基层治理上推出新经验。召开了全县加强新时代公安派出所工作现场会，编印《加强新时代公安派出所工作三年行动计划工作指引》，推出《基层所队行》《咱们的派出所》等系列栏目，推动新一轮加强派出所工作三年行动；认真研究破解基层基础工作薄弱难题，坚持“一盘棋”，实施“一所一策”，充分融合盘活本地资源，以异地新建、置换改造、原址提质等多种方式，扎实推进基础设施提质升级行动，启动了城西、洪市、金兰、演陂和高新园区等个派出所新建，完成了长安、界牌、栏垅、杉桥等派出所项目提质改造，无房、危房派出所已经“清零”，基层基础建设实现了历史性的“跨越”；在岘山派出所成立模范好人调解室示范点，用向善力量化解矛盾，全面推进新时代派出所工作高质量发展。“警察蓝”绘就“平安色”盘点年衡阳县公安工作“十大亮点”;0.0039378458918688;0.941634492864268;0.7272765438159262;0.03288715899840155
视频县十五届人大四次会议隆重开幕月日上午，县十五届人大四次会议隆重开幕。来自全县各行各业、各条战线的人大代表肩负着全县人民的希冀和重托，认真履行宪法和法律赋予的神圣职责，为现代化伊川建设贡献智慧和力量。大会主席团常务主席仝宇鹏、王智朋、卫学军、马建民、魏淼、梁纪朋、王怀林、陈友宾、赵永川在主席台前排就座。程广勇、张利民、吉跃龙、齐小伟、翟迎辉、常光磊、刘伟、白力、梁光照、李其超、张孝先、刘翠香、毛国良、王瑞鹏、郭孟现、李建军、张绍宁、蒋艳萍、杨晓、杨鹏辉、李玉峰、韩海洋、王中可、李冰、姬向懿、郭燕燕、海建伟、邓聚欣、王妙云、范振国、刘建设及大会主席团其他成员在主席台就座。大会主席团常务主席马建民主持大会开幕式。本次大会应到代表人，实到人，符合法定人数。上午时，马建民宣布伊川县第十五届人民代表大会第四次会议开幕。全体起立，奏唱国歌。在热烈的掌声中，县长王智朋作政府工作报告。报告共分四个部分：一、年工作回顾；二、年主要目标任务；三、年重点工作；四、加强政府自身建设。王智朋在报告中说，年是全面贯彻党的二十大精神的开局之年，一年来，面对严峻复杂的外部环境、交织叠加的内部困难和艰巨繁重的发展任务，在市委、市政府和县委的坚强领导下，我们坚持以习近平新时代中国特色社会主义思想为指导，完整、准确、全面贯彻新发展理念，克难而为、稳中求进，有效应对了风险挑战、克服了重重困难、争取了工作主动，赢得了伊川高质量发展的新成效。全年生产总值预计增长，规上工业增加值增长，社会消费品零售总额增长，一般公共财政预算收入增长；乡村振兴全面发力，市场化建设乡村振兴示范区，实现良好开局，“伊川模式”受到央视媒体关注并在全国推广；全年累计投入民生资金亿元，件民生实事办成了“民心工程”；扎实开展主题教育，锚定“”总体工作思路，围绕“”工作重点，全县上下汇聚起谋发展、拼发展的磅礴力量，经济发展态势更稳，重点工作推进更快，群众民生福祉更实，干事创业氛围更浓。主要做了以下工作：精准施策，经济运行回升向好；创新赋能，产业发展提质增效：示范带动，乡村振兴全面发力；内外兼修，城市能级提档跃升；以人为本，民生福祉持续增进；党建引领，政府效能更加高效。王智朋说，今年政府工作的总体要求是：以习近平新时代中国特色社会主义思想为指导，全面贯彻党的二十大、二十届二中全会和中央经济工作会议精神，认真落实省委、市委和县委全会暨经济工作会议精神，深入落实省委关于锚定“两个确保”、持续实施“十大战略”和市委关于扭住“三项重点工作”、用好“三个重要抓手”的决策部署，坚持稳中求进工作总基调，完整准确全面贯彻新发展理念，抢抓构建新发展格局战略机遇，按照“”总体工作思路，围绕“”工作重点，不断优化、持续实施三年行动计划，着力稳定经济运行，加快推动转型发展，切实增进民生福祉，有效防范化解重大风险，持续推动经济实现质的有效提升和量的合理增长，不断开创现代化伊川建设新局面。王智朋说，围绕今年的发展目标，重点做好八个方面工作。一是扩投资促消费，在推进经济平稳增长上加压奋进。着力扩大有效投资，加快推进总投资亿元的个重点项目，确保年底前竣工达产个以上。持续激发消费潜能，大力开展各类消费活动，鼓励发展直播电商等平台经济，有效激发农村消费潜力。全力做好助企纾困，“一企一策”精准解决企业反映问题，确保办结率达到以上。大力支持民营企业健康发展，支持中小企业、个体工商户健康发展，全年新增四板挂牌企业家，力争全年实现“个转企”户、“小升规”家。二是抓创新强风口，在优化产业结构布局上加压奋进。发挥创新引领作用，全年新增高新技术企业家、科技型中小企业备案家、市级以上企业研发平台家。全年组织实施科技计划项目个以上，培育规模以上工业企业家、省级“专精特新”企业家、市级提质倍增企业家以上。做大做强产业集群，发挥龙头企业带动作用，做大做强铝加工、新型耐火耐磨材料两大产业集群。全年实施增资扩能和“三大改造”项目个以上，竣工投产个以上，新增产值亿元以上。聚力风口产业培育，紧盯光电信息、新能源、智能制造三大“风口产业”，打造经济发展新引擎。建强产业平台载体，推动伊川县主导产业及风口产业固链、延链、补链，聚链成群。推动文旅农旅融合，加快实施文旅文创“双工程”，大力发展乡村游、农耕游，大力推进研学旅游。三是重特色强带动，在全面推进乡村振兴上加压奋进。坚决守牢两条底线，守住不发生规模性返贫底线，坚决遏制耕地“非农化”、防止“非粮化”，确保全年粮食总产量稳定在亿公斤以上。全力推进乡村振兴示范区建设，实现高标准农田改造万亩以上，规模化经营万亩以上，加快构建“”县乡村三级技能培训体系，实现农村劳动力技能培训人以上。大力发展现代农业，围绕“”特色产业体系，加快推进鸦岭富硒食品深加工、江左食品加工产业园等项目，全力打造循环农业示范区，全年新增肉牛头以上、肉羊万只以上、肉鸡万羽以上。发展壮大集体经济，加大金融惠农力度，持续深化“三变”改革，实现农村集体经济持续增收，年底前实现以上行政村（社区）经营性收入达到万元以上，以上的行政村（社区）实现分红。扎实推进乡村建设，建成区域垃圾中转站座、乡镇供水及污水处理站座、改厕户，高标准打造个供排水一体化示范村，完成鸣皋、鸦岭个省级乡村建设示范镇和个县级乡村振兴示范村建设任务。谋划实施集镇建设项目个，统筹推进个中心镇和其他镇区道路等基础设施建设。提升乡村治理水平，扎实推进“五星”支部创建，夯实乡村社会治理基层基础。全面推进乡里中心建设，年底前全县个行政村（涉农社区）乡里中心实现全覆盖。四是夯基础提品质，在加快提升城市能级上加压奋进。建强综合交通体系，开工建设国道、省道改建工程，县客运物流中心、条乡村公路以及座危桥改造项目年底前竣工投用。加快城市更新步伐，年底前完成理学路大修、文博大道（龙凤大道至文化路段）改扩建工程，完成条背街小巷和个老旧小区改造。不断完善城市功能，新建改扩建体育公园个、公厕座、垃圾中转站个，新建、改造供热管网公里，新增入网面积万平方米。持续提升治理水平，加快推进“智慧城市”建设，深入开展交通秩序、市容市貌、农贸市场、小区物业等整治行动，营造更加宜居舒适的城市空间。五是深改革扩开放，在加速释放动能活力上加压奋进。深化重点领域改革，不断推进开发区“三化三制”改革，持续深化国企改革，纵深推进农村集体产权制度改革，加快财税体制改革。打造一流营商环境，加快数字政府建设，持续深化商事制度改革，大力推进服务型执法、柔性执法，营造公正透明的市场环境。狠抓招商引资质效，瞄准风口产业，扎实开展产业链招商、以商招商、园区招商，全年引进亿元以上项目个以上，投资额不低于亿元。六是惠民生增福祉，在实现人民美好生活上加压奋进。全面保障就业创业，开展各类职业技能培训万人次，新增技能人才万人，新增城镇就业人以上，确保零就业家庭动态清零。促进创业带动就业，新增就业岗位个以上。努力办好人民满意教育，实施中小学、幼儿园新建改扩建项目个，新增各阶段学位个以上，培养省市县名师和骨干教师名，初中毕业生接受高中阶段教育比例达到以上。大力推进健康伊川建设，年底前实现家庭病床服务全覆盖，医共体信息化平台上半年建成投用，年底前完成个国家卫生村和个省级文明村创建任务。持续提升公共服务水平，建成区域养老服务中心个、集中助老服务站点个、村级养老服务点个，新增养老床位张以上。七是严治理优生态，在不断夯实绿色基底上加压奋进。巩固提升生态质量，高标准完成荆山森林公园森林抚育工程亩，全年完成绿化造林万亩。加快绿色低碳转型，大力发展碳汇林和光伏发电，餐厨垃圾处理及综合利用项目上半年建成投用。八是防风险守底线，在有效提升治理能力上加压奋进。防范化解重大风险，强化公共安全保障，提升社会治理效能，坚持统筹发展和安全，筑牢防风险、保安全、护稳定的铜墙铁壁。关于加强政府自身建设，王智朋说，要强化政治引领，铸牢忠诚之魂；坚持依法行政，厚植法治之基；勇于担当作为，狠抓落实之要；全面从严治党，严守清廉之本。在奋进新征程的赶考路上，我们将牢记初心使命，忠诚履职、锐意进取，全力打造人民满意的服务型政府。王智朋最后说，没有等出来的辉煌，只有拼出来的精彩。让我们更加紧密团结在以习近平同志为核心的党中央周围，坚持以习近平新时代中国特色社会主义思想为指引，在省委省政府、市委市政府和县委的正确领导下，坚定信心、铆足干劲、攻坚克难，全力以赴为伊川高质量发展不懈奋斗。会议书面听取了伊川县年国民经济和社会发展计划执行情况与年国民经济和社会发展计划（草案）报告；听取了伊川县年财政预算执行情况和年财政预算（草案）报告。会议以举手表决的方式通过了大会选举办法和民生实事项目票决办法。出席县政协十届三次会议的全体委员，及县直有关部门负责同志列席会议。伊川县融媒体中心的微博视频;0.0053214133673903;0.0;0.6669509926182274;0.0
年延庆持续擦亮长城、世园、冬奥三张“金名片”新京报讯（记者曹晶瑞）年，延庆区将继续抢占文旅发展高地，持续擦亮长城、世园、冬奥三张“金名片”这是记者从延庆区两会上获悉的。年，延庆区文旅建设加速提档升级。在遗产利用联动提速方面，延庆区成功举办雪车和钢架雪车世界杯延庆站、全国雪车锦标赛、全国桥牌俱乐部锦标赛等场高级别赛事，成功申办年度高山滑雪远东杯等项国际国家级比赛，世园草莓音乐节入选文旅部全国旅游演艺精品名录，制定实施户外运动城市三年行动计划，举办冰雪经济发展论坛，世园之城、冬奥之城知名度不断提高。文旅融合联动提质方面，延庆区当好长城文化带建设“领头雁”，策划推出《长城筑梦》原创舞台剧和《洞见长城》专题片，举办北京长城音乐会，北京首家“燕京八绝非遗驿站”落户延庆。完成中国长城博物馆改造项目拆迁腾退，推进周边环境提升工程。氧吧骑行等个项目入选北京市体育旅游精品项目，永宁古城入选第二批北京市旅游休闲街区。举办首届京津冀晋生态旅游观鸟季活动和第届野鸭湖北京高校观鸟赛，夜长城、世园花灯、宝林夜市、花海夜市点亮夜经济，法定节假日乡村旅游接待量实现全市“五连冠”。资源整合联动提效方面，延庆区深化京张体育文化旅游带建设，举办第三届京张体育文化旅游带发展大会、第六届北方民宿大会，推出主题精品线路条，在个城市开展旅游产品推介，京外客源市场有效拓展，预计旅游综合收入亿元、同比增长。成功入选冰雪旅游城市十二佳、第九届中国冬游名城案例、全国避暑旅游优选地，八达岭长城景区获评第二批国家级文明旅游示范单位。新京报记者从延庆区“两会”上获悉，年，延庆区将精准施策抓经济，推动高质量绿色发展再上台阶。以“园区建设”为载体、“文旅建设”为特色、“财源建设”为抓手积蓄最美冬奥城发展动能。以产业政策的精准性驱动市场主体的活跃度，跑出经济发展加速度。延庆区将发挥园区引擎作用。加快“一园两区”建设，完善园区电力、道路、管网，补齐基础设施短板。推动出台北京市无人驾驶航空示范区方案，在产业、场景、先进技术、低空安全等方面形成示范效应。加快建设航天时代飞鸿无人系统创新基地一期工程、实现二期项目开工。优化招商平台动态管理，全年新引进企业不少于家，园区“六类企业”总收入达到亿元。同时，延庆区将在文旅发展层面持续发力。持续擦亮长城、世园、冬奥三张“金名片”，继续实施京张体育文化旅游带建设三年行动计划，开展“爱我中华修我长城”题词周年纪念系列文化活动，以八达岭长城景区为核心打造国家级文化旅游消费集聚区。高水平办好钢架雪车和雪橇世界杯、高山滑雪远东杯等系列赛事。实施新一轮世园会后利用三年行动计划，坚持“生态”运营模式，建好国际营地交流中心，建设国家级研学营地和“水陆空”综合体育公园，打造北京世园妫河国际旅游度假区。加快“户外运动城市”建设，加强文体旅商农消费跨界融合，全年接待游客不低于万人次，旅游综合收入不低于亿元。此外，延庆区还将开展“财源建设提升年”行动，持续强化全员招商意识，提高实体企业数量和有税率。高标准完成新一轮营商环境改革，持续提高市级“服务包”月考评成绩和高质量发展综合绩效评价指数。提升政务服务“好差评”质效，全面推广电子证照、电子签章、电子税票应用。深化“两区”建设，实现新增入库项目数、进出口金额和实际利用外资量进一步增加。;0.001064282673478;0.9971076541087888;0.6665968906842651;0.00862676619750002
菏泽日报今天，多位知名企业家共聚菏泽话发展月日，省工商联携手多位知名企业家共聚菏泽，召开助力菏泽市民营经济高质量发展大会，共享发展机遇，共创美好未来。省人大常委会副主任、省工商联主席、省总商会会长王随莲，省委统战部副部长、省工商联党组书记、常务副主席张鲲，市委书记张伦出席会议，市委副书记、市长李春英主持会议。王随莲在致辞中指出，以习近平同志为核心的党中央高度重视民营经济发展和工商联工作，年，党中央、国务院先后印发《关于促进民营经济发展壮大的意见》《关于加强新时代工商联工作的意见》，充分彰显了党中央鼓励支持民营经济发展壮大的鲜明态度和坚定决心。省委、省政府坚持把发展民营经济放在重要位置，高规格召开全省民营经济高质量发展工作会议、民营企业家座谈会，出台条支持民营经济高质量发展的意见，谋划实施民营经济发展十大专项行动等，为民营经济发展提供了坚强引领和有力保障。王随莲强调，今天的菏泽正处在积厚成势、蓄势跃升的新起点上，黄河重大国家战略、绿色低碳高质量发展先行区建设等深入推进，鲁西新区建设全面起势，特别是新一轮“突破菏泽鲁西崛起三年行动计划”深入实施，特色产业体系蓄能起势，重大基础设施加快完善，重点项目建设拉动强劲，区位交通优势更加彰显，干事创业氛围空前浓厚，这为民营经济发展开辟了广阔空间。省工商联、省总商会将进一步发挥优势作用，不断深化与菏泽方面的沟通联系，一如既往地支持引导民营企业与地方深度合作，共同助力菏泽经济社会高质量发展。张伦代表市委、市政府，对参会嘉宾的到来表示欢迎，对省工商联及各界人士长期以来给予菏泽的关心支持表示感谢，并介绍了我市基本情况。他说，近年来，菏泽始终把后来居上作为“总目标”用心笃行、把重点产业作为“强引擎”用心打造、把营商环境作为“金招牌”用心擦靓、把民营企业作为“自己人”用心呵护，民营经济实力持续壮大，已成为推动菏泽高质量发展的关键支撑。真诚希望借助省工商联搭建的重要平台，同企业家建立更紧密联系、结下更深厚友谊。诚挚邀请海内外企业家和创业者，来菏考察观光、投资兴业，共享发展机遇、共创美好明天。中国民间商会副会长、省总商会副会长、山东东明石化集团有限公司党委书记、董事局主席李湘平，省工商联副主席、即发集团有限公司党委书记、董事长杨为东先后发言，表示十分看好菏泽发展的前景和资源区位优势，愿积极把握商机、投资菏泽，在助推菏泽高质量发展中实现共赢。副市长张鹏作了招商引资推介。会上举行了项目集中签约仪式，签订合作项目个，投资总额达亿元，涵盖新能源、生物医药、机电设备制造、新材料、食品加工、商贸物流等产业。会后，与会嘉宾还深入部分县区进行实地考察。省工商联、省总商会、有关市领导，市直有关部门、各县区主要负责同志及市内外企业家代表等参加会议。（菏泽报业全媒体记者胡德光）;0.0054278416347381;0.7436614667181501;0.7710016365822799;0.03795276743124672
工信部：年要出台未来产业发展行动计划瞄准人形机器人、量子信息等产业全国工业和信息化工作会议在京召开。会议强调，年要加快培育新兴产业。启动智能网联汽车准入和上路通行试点，推进北斗规模应用和卫星互联网发展。壮大新能源、新材料、高端装备、生物医药及高端医疗装备、安全应急装备等新兴产业，打造生物制造、商业航天、低空经济等新的增长点。出台未来产业发展行动计划，瞄准人形机器人、量子信息等产业，着力突破关键技术、培育重点产品、拓展场景应用。会议强调，年要推动信息通信业高质量发展。统筹“建、用、研”各项工作，推进、千兆光网规模部署，加快布局智能算力设施，加强预研。创新信息通信市场监管，纵深推进行风建设和纠风工作，完善应急通信预案和指挥体系。推动规模化应用，出台工业互联网高质量发展指导意见。开展关键信息基础设施防护提升专项行动，提升行业数据安全管理水平。（工信部）;0.0022349936143039;-0.8121623659194361;0.6672165690686993;-0.014769699961383487
房地产债务问题如何化解？国家金融监督管理总局：积极配合化解地方债务风险，促进金融与房地产良性循环。地方化债，目前采取的是发行特别债。房地产化债怎么处理，貌似没有一个明确的方向。靠房地产行业自身解决嘛？有问题的房企比没问题的房企多，而且没问题的房企也不见得资金特别充裕。靠地方政府解决嘛？过去一年多也的确这样搞，但地方现在也没钱了。靠中央支持？暂时也没有一个说法。反正这事让人头疼。;0.0011707109408258;-0.0018951938292637;0.5638517423595633;-1.5256465803704425e-05
周末重磅金融监管总局发声事关地方债、房地产、超大特大城市建设会议强调，要坚持目标导向、问题导向，对风险早识别、早预警、早暴露、早处置，牢牢守住不发生系统性金融风险底线。深入推进中小金融机构改革转型。更好发挥保险业经济“减震器”和社会“稳定器”功能。积极配合化解地方债务风险。促进金融与房地产良性循环。大力支持超大特大城市“平急两用”公共基础设施、城中村改造、保障性住房等“三大工程”建设。;0.0026607066836951;0.0072818891077129;0.4728554297761286;0.00011172622996014872
这个周六不简单股市场再传利好而且一个比一个重磅、证监会：修订辅导规定，关键少数的“口碑声誉”纳入验收内容、沪深交易所：修订转融通指南，杜绝“高瓴”式钻空子，避免“同益中”式误读、住建部：构建房地产发展新模式，推动房地产高质量发展、国家金融监督管理总局：积极配合化解地方债务风险，促进金融与房地产良性循环、央行、外汇局最新修订持续深化外汇领域改革开放或许很多人面对利好，已经麻木了，但千万不要忽视了他们的影响力所有的利好，不仅是对现有制度的补充和完善，也是在为股的中长期走强做铺垫只有基础扎实了，未来的反转行情，才能爬的更高走的更远;0.0145806726266496;-0.3133923289334093;0.6255412901886894;-0.03485841249582171
金融监管总局召开学习贯彻中央金融工作会议精神专题研讨班暨监管工作座谈会，会议强调，要坚持目标导向、问题导向，对风险早识别、早预警、早暴露、早处置，牢牢守住不发生系统性金融风险底线。积极配合化解地方债务风险。促进金融与房地产良性循环。大力支持超大特大城市“平急两用”公共基础设施、城中村改造、保障性住房等“三大工程”建设。网页链接;0.0002128565346956;0.5409423443924979;0.6665968906842651;0.0009360239312519552
国家金融监督管理总局：牢牢守住不发生系统性金融风险底线金融监管总局召开学习贯彻中央金融工作会议精神专题研讨班暨监管工作座谈会，会议强调，要坚持目标导向、问题导向，对风险早识别、早预警、早暴露、早处置，牢牢守住不发生系统性金融风险底线。深入推进中小金融机构改革转型。更好发挥保险业经济“减震器”和社会“稳定器”功能。积极配合化解地方债务风险。促进金融与房地产良性循环。大力支持超大特大城市“平急两用”公共基础设施、城中村改造、保障性住房等“三大工程”建设。会议要求，不断提升经济金融适配性，全力以赴支持中国式现代化建设。聚焦国家重大战略优化金融供给，服务建设现代化产业体系。助力实施区域协调发展战略。着力推进金融高水平开放。聚焦难点堵点提升科技金融质效，聚焦“双碳”目标健全绿色金融体系，聚焦薄弱环节加强普惠金融服务，聚焦现实需求加快发展养老金融，聚焦效能和安全促进数字金融发展，切实做好五篇大文章。;0.0023414218816517;0.1098611050229826;0.6311959391727027;0.0019800380418512516
国家金融监督管理总局：牢牢守住不发生系统性金融风险底线月日至日，金融监管总局召开学习贯彻中央金融工作会议精神专题研讨班暨监管工作座谈会，会议强调，要坚持目标导向、问题导向，对风险早识别、早预警、早暴露、早处置，牢牢守住不发生系统性金融风险底线。深入推进中小金融机构改革转型。更好发挥保险业经济“减震器”和社会“稳定器”功能。积极配合化解地方债务风险。促进金融与房地产良性循环。大力支持超大特大城市“平急两用”公共基础设施、城中村改造、保障性住房等“三大工程”建设。;0.0003192848020434;-0.0863005530467415;0.6665968906842651;-0.00022399628288319993
国家金融监督管理总局：积极配合化解地方债务风险促进金融与房地产良性循环金融监管总局召开学习贯彻中央金融工作会议精神专题研讨班暨监管工作座谈会，会议强调，要坚持目标导向、问题导向，对风险早识别、早预警、早暴露、早处置，牢牢守住不发生系统性金融风险底线。深入推进中小金融机构改革转型。更好发挥保险业经济“减震器”和社会“稳定器”功能。积极配合化解地方债务风险。促进金融与房地产良性循环。大力支持超大特大城市“平急两用”公共基础设施、城中村改造、保障性住房等“三大工程”建设。;0.0003192848020434;0.3082598201974957;0.6665968906842651;0.0008000997844021314
牢牢守住不发生系统性金融风险底线，积极配合化解地方债务风险，促进金融与房地产良性循环。;0.01213282247765;0.0544279222102159;0.48367793187633;0.00389516244152296
实时播报：国家金融监督管理总局：牢牢守住不发生系统性金融风险底线金融监管总局召开学习贯彻中央金融工作会议精神专题研讨班暨监管工作座谈会，会议强调，要坚持目标导向、问题导向，对风险早识别、早预警、早暴露、早处置，牢牢守住不发生系统性金融风险底线。深入推进中小金融机构改革转型。更好发挥保险业经济“减震器”和社会“稳定器”功能。积极配合化解地方债务风险。促进金融与房地产良性循环。大力支持超大特大城市“平急两用”公共基础设施、城中村改造、保障性住房等“三大工程”建设。（国家金融监督管理总局）;0.0020221370796083;0.4945780601103565;0.5733803505379772;0.006993167778807038
楼市早知道房地产超话楼市房地产深圳楼市、住建住建部部长倪虹：解决好新市民、青年人的住房问题让他们放开手脚为美好生活去奋斗、学校深圳海岸学校将动工将提供个学位，后海东角头项目附近、光明深圳将建高端医疗设备研发及制造基地，遴选方案公示，位于光明、浙江类人才可获万购房补贴为稳楼市这个县级市拼了、资讯知情人士：瑞银公司或将接替瑞士信贷担任万达商管整体协调人;0.000532141336739;0.039124343203973;0.6665968906842651;0.00016924780391596483
部长喊话“解决好新市民、青年人的住房问题”住房深圳买房楼市调控房价部长喊话“解决好新市民、青年人的住房问题，让他们放开手脚为美好生活去奋斗”深圳熊大的微博视频;0.0006385696040868;0.021923427465005;0.6667739416512463;0.00011383636389787615
住建部：解决好新市民、青年人的住房问题让他们放开手脚为美好生活去奋斗；国家金融监督管理总局：积极配合化解地方债务风险促进金融与房地产良性循环。每天都有房地产利好政策，但房地产股票就是不上涨，因为房子卖不出去，房地产暴雷的风险还没有解除。股票;0.0028735632183908;0.9995990690656704;0.6666854161677557;0.02335356876343909
住建部部长倪虹：解决好新市民、青年人的住房问题让他们放开手脚为美好生活去奋斗财联社月日电，“三大工程”建设是党中央作出的重大战略部署，“三大工程”的基本要求是什么？对此，住房城乡建设部党组书记、部长倪虹在接受采访时表示，近日召开的中央金融工作会议提出，加快保障性住房等“三大工程”建设。这是中央作出的重大决策部署，是根据房地产市场新形势推出的重要举措。目前，有关工作已经启动。规划建设保障性住房，是完善住房制度和供应体系、重构市场和保障关系的重大改革。这次改革的重点是拓展了配售型保障性住房的新路子，最终是实现政府保障基本需求、市场满足多层次住房需求，建立租购并举的住房制度。要求是，城市党委、政府担负起主体责任，解决好群众的住房问题，尤其是新市民、青年人的住房问题，让他们放开手脚为美好生活去奋斗。青年人有希望，城市才能有未来。城中村改造，是解决群众急难愁盼问题的重大民生工程，重点是，消除安全风险隐患，改善居住环境，促进产业转型升级，推动城市高质量发展。“平急两用”公共基础设施建设，是统筹发展与安全、提高城市韧性的重大举措，关键是，平时用得着、急时用得上。;0.0001064282673478;-0.0042344351830132;0.6665968906842651;-3.6635444680216613e-06
住建部部长倪虹：解决好新市民、青年人的住房问题让他们放开手脚为美好生活去奋斗;0.0022349936143039;0.4412624403354797;0.4564724880084296;0.005490015351799032
实时播报：住建部部长：解决好新市民、青年人的住房问题让他们放开手脚为美好生活去奋斗住房城乡建设部党组书记、部长倪虹表示，规划建设保障性住房，是完善住房制度和供应体系、重构市场和保障关系的重大改革。这次改革的重点是拓展了配售型保障性住房的新路子，最终是实现政府保障基本需求、市展开;0.0030864197530864;0.1711040847931874;0.5252025637349762;0.003382422910320916
南京超话杭州土地取消限价，南京还远吗？杭州第批次宗宅地挂牌，随之而来的是众望所归的土拍新规：土地恢复“价高者得”的竞价方式，不再摇号；上城、拱墅、滨江、西湖、萧山、余杭六区依然限房价，富阳、临安、临平、钱塘四区房价不再设限。;0.001064282673478;0.277582533301943;0.627716512286894;0.002261509322390002
多个热点城市调整土地限价政策月日，杭州第批次宗宅地挂牌出让，土地限价规则取消，恢复“价高者得”的竞价方式。数据显示，个采取“两集中”土地出让方式的城市中，有个城市已经取消土地限价。业内人士表示，取消地价限制，有利于吸引房企拿地，进而逐步恢复投资热情。浙江大学国际联合商学院数字经济与金融创新研究中心联席主任、研究员盘和林对记者表示，目前，房企杠杆过高，绝大多数房企为了降杠杆都选择减少拿地，聚焦房屋存量去库存，而地方政府面临土地出让增加财政收入的压力，因此两者之间存在一定矛盾。取消地价限制，有利于吸引房企拿地，进而逐步恢复投资热情。;0.0006385696040868;0.2877814258285525;0.6667739416512463;0.0014942914909615063
限价取消杭州六大中心区土地限价取消，新房限价不变。四区双限全部取消。对你买房有啥影响？减配地王房屋质量杭州楼市买房主持人狄可的微博视频;0.0001064282673478;0.0737911597898814;0.6665968906842651;6.384256306994693e-05
没想到第一个吃螃蟹的竟然是杭州杭州土地取消限价;0.0041507024265644;-0.2575682653077294;0.4482276443342107;-0.005843839672744
杭州土地取消限价和房东直接聊;0.0001064282673478;0.4736842105263161;0.6667739416512463;0.000409930489869988
杭州土地取消限价首先我得买得起;0.0003192848020434;-0.5262930676961013;0.6665968906842651;-0.0013660131564542058
杭州区不再限房价杭州取消土地限价杭州第批次宗宅地挂牌，随之而来的是众望所归的土拍新规：土地恢复“价高者得”的竞价方式，不再摇号；上城、拱墅、滨江、西湖、萧山、余杭六区依然限房价，富阳、临安、临平、钱塘四区房价不再设限。今年月底，自然资源部下发有关文件，文件建议各省市自然资源部主管部门，取消土地拍卖中的地价限制、建议取消远郊容积率限制等。截至发稿，个集中供地城市中，有个城市已相继发布新挂牌宅地公告，包括杭州在内的城不再设置地价上限；其中，郑州的部分城区依然限制了地价；仅北京、上海则维持地价、房价“双限”。潮新闻浙江经视的微博视频;0.0302256279267773;-0.3365972927789756;0.4056274076654086;-0.05032675690324831
杭州土地取消限价月日，杭州第批次宗宅地挂牌，土地恢复“价高者得”的竞价方式，不再摇号，把选择权交给了市场;0.0003192848020434;0.910206962113456;0.6665968906842651;0.0023624758934904858
杭州土地出让不再摇号恢复价高者得，六主城区新房仍限价月日，杭州宗宅地挂牌。公告明确，该批涉宅地块实行自由竞价，按照价高者得的原则确定竞得人。澎湃新闻注意到，这意味着杭州土地出让恢复“价高者得”竞价方式，不再摇号。同时，宗地块中，位于上城、拱墅、滨江、西湖、萧山、余杭六区的依然限新房房价，位于富阳、临安、临平、钱塘四区房价不再设限，取消“双限”。网页链接;0.0004257130693912;0.4998914081442767;1.0;0.002595244970453885
杭州土地取消限价月日，杭州第批次宗宅地挂牌，随之而来的是众望所归的土拍新规：土地恢复价高者得的竞价方式，不再摇号；上城、拱墅、滨江、西湖、萧山、余杭六区依然限房价；富阳、临安、临平、钱塘四区房价不再设限。;0.0007449978714346;-0.276714513556619;0.6692547730235167;-0.0016825351653105094
正确：杭州土地取消限价月日，杭州第批次宗宅地挂牌，随之而来的是众望所归的土拍新规：土地恢复价高者得的竞价方式，不再摇号；上城、拱墅、滨江、西湖、萧山、余杭六区依然限房价；富阳、临安、临平、钱塘四区房价不再设限。;0.0001064282673478;-0.0513067376723703;0.6665968906842651;-4.438951285070712e-05
杭州土地取消限价月日，杭州第批次宗宅地挂牌，随之而来的是众望所归的土拍新规：土地恢复价高者得的竞价方式，不再摇号；上城、拱墅、滨江、西湖、萧山、余杭六区依然限房价；富阳、临安、临平、钱塘四区房价不再设限。今年月底，自然资源部下发有关文件，文件建议各省市自然资源部主管部门，取消土地拍卖中的地价限制、建议取消远郊容积率限制等。截至发稿，个集中供地城市中，有个城市已相继发布新挂牌宅地公告，包括杭州在内的城不再设置地价上限；其中，郑州的部分城区依然限制了地价；仅北京、上海则维持地价、房价双限。杭州楼市房地产;0.000532141336739;0.9363404667089924;0.6665968906842651;0.0040505106215317594
熟悉的感觉都回来了，除了降价，都好谈杭州土地取消限价财联社月日电，杭州第批次宗宅地挂牌，随之而来的是众望所归的土拍新规：土地恢复“价高者得”的竞价方式，不再摇号；上城、拱墅、滨江、西湖、萧山、余杭六区依然限房价，富阳、临安、临平、钱塘四区房价不再设限。今年月底，自然资源部下发有关文件，文件建议各省市自然资源部主管部门，取消土地拍卖中的地价限制、建议取消远郊容积率限制等。截至发稿，个集中供地城市中，有个城市已相继发布新挂牌宅地公告，包括杭州在内的城不再设置地价上限；其中，郑州的部分城区依然限制了地价；仅北京、上海则维持地价、房价“双限”。当铺大老板的微博视频;0.0022349936143039;0.9095093406684986;0.6667739416512463;0.01652904535723022
刚刚，杭州取消土地限价四区不再限房价月日，杭州第批次宗宅地挂牌，随之而来的是众望所归的土拍新规：、土地恢复“价高者得”的竞价方式，不再摇号；、上城、拱墅、滨江、西湖、萧山、余杭六区依然限房价，富阳、临安、临平、钱塘四区房价不再设限。;0.0008514261387824;0.4270275413500124;0.6920199978297378;0.00306836635534781
重磅杭州土地取消限价杭州第批次宗宅地挂牌，随之而来的是众望所归的土拍新规：土地恢复“价高者得”的竞价方式，不再摇号；上城、拱墅、滨江、西湖、萧山、余杭六区依然限房价，富阳、临安、临平、钱塘四区房价不再设限。今年月底，自然资源部下发有关文件，文件建议各省市自然资源部主管部门，取消土地拍卖中的地价限制、建议取消远郊容积率限制等。截至发稿，个集中供地城市中，有个城市已相继发布新挂牌宅地公告，包括杭州在内的城不再设置地价上限；其中，郑州的部分城区依然限制了地价；仅北京、上海则维持地价、房价“双限”。杭州今日看盘;0.0159642401021711;0.2388291801933513;0.6667739416512463;0.031002731563439693
杭州土地取消限价你近期有在杭州购房的打算吗？;0.0769476372924648;0.1451439617996086;0.5519059612856166;0.07517008648351446
杭州土地取消限价月日，杭州第批次宗宅地挂牌，随之而来的是土拍新规：、土地恢复“价高者得”的竞价方式，不再摇号；、上城、拱墅、滨江、西湖、萧山、余杭六区依然限房价，富阳、临安、临平、钱塘四区房价不再设限。今年月底，自然资源部下发有关文件，文件建议各省市自然资源部主管部门，取消土地拍卖中的地价限制、建议取消远郊容积率限制等。截至发稿，个集中供地城市中，有个城市已相继发布新挂牌宅地公告，包括杭州在内的城不再设置地价上限；其中，郑州的部分城区依然限制了地价；仅北京、上海则维持地价、房价“双限”。;0.0008514261387824;-0.0324125991761826;0.6665968906842651;-0.0002243416054777987
杭州土地取消限价月日，杭州第批次宗宅地挂牌，随之而来的是土拍新规：、土地恢复“价高者得”的竞价方式，不再摇号；、上城、拱墅、滨江、西湖、萧山、余杭六区依然限房价，富阳、临安、临平、钱塘四区房价不再设限。今年月底，自然资源部下发有关文件，文件建议各省市自然资源部主管部门，取消土地拍卖中的地价限制、建议取消远郊容积率限制等。截至发稿，个集中供地城市中，有个城市已相继发布新挂牌宅地公告，包括杭州在内的城不再设置地价上限；其中，郑州的部分城区依然限制了地价；仅北京、上海则维持地价、房价“双限”。点击图片查看完整新闻;0.0792890591741166;0.0242050710844406;0.4607957478015448;0.010784842130902939
重磅杭州突发挂地，土地全部取消限价重磅，杭州刚刚多宗宝地挂牌，土地限价政策有变在等待许久之后，最新的土地挂牌终于登场，一共宗，涉及了杭州多个区域。最为关键的是，这批地块的双限政策有变划重点：上城区、拱墅区、滨江区、西湖区、萧山区、余杭区的土地限价取消，但是新房限价保持不变；临平区、钱塘区、富阳区、临安区，土地限价和新房限价全部取消。（小鸡评房）;0.0044699872286079;-0.0815771753901929;0.4524353623680204;-0.002011950032112571
福建房价地图出炉刚刚，厦门发布关于进一步优化房地产市场相关政策的通知：在思明区、湖里区购买商品住房，不再审核购房人资格。贷款购买思明区、湖里区商品住房的居民家庭，首套住房商业性个人住房贷款最低首付款比例为，二套住房商业性个人住房贷款最低首付款比例为。多子女家庭（二孩及以上）购买的第二套住房认定为首套，购买的第三套住房认定为二套。（来源：厦门市住房保障和房屋管理局）;0.0086206896551724;0.1813212216086193;0.3436372577143894;0.006550532326323985
厦门岛内、岛外买房全面取消限购多子女家庭购买第二套住房认定为首套。厦门房价本就不便宜，你看看放开之后会涨吗？老老实实发展经济吧，别再盯着房子了;0.0701362281822051;0.0;0.6674821455191711;0.0
厦门岛内、岛外买房全面取消限购多子女家庭购买第二套住房认定为首套;0.0002128565346956;-0.031111111111111;0.6665968906842651;-5.3833361040615845e-05
福建房价地图出炉刚刚，厦门发布关于进一步优化房地产市场相关政策的通知：在思明区、湖里区购买商品住房，不再审核购房人资格。贷款购买思明区、湖里区商品住房的居民家庭，首套住房商业性个人住房贷款最低首付款比例为，二套住房商业性个人住房贷款最低首付款比例为。多子女家庭（二孩及以展开;0.0124521072796934;-0.7884093122703975;0.6666854161677557;-0.07981807624987079
厦门多子女家庭二孩及以上购买的第二套住房认定为首套厦门市住房保障和房屋管理局发布关于进一步优化房地产市场相关政策的通知。在思明区、湖里区购买一手、二手商品住房，不再审核购房人资格，限售措施保持不变。优化家庭住房套数认定标准。在厦门市辖区范围内，多子女家庭（二孩及以上）购买的第二套住房认定为首套，购买的第三套住房认定为二套。（厦门市住房保障和房屋管理局）;0.0015964240102171;0.1847276368366432;0.6666854161677557;0.0023976554994663353
多子女家庭购买的第二套住房认定为首套这是鼓励买房又鼔励生娃啊，这措施一举两得强;0.0004257130693912;0.4122712285205556;0.6665968906842651;0.0014267536644603466
这是高招啊，体制内有能人，既卖房子又提高出生率，希望再多出实招，对老百姓有利的招儿厦门：多子女家庭（二孩及以上）购买的第二套住房认定为首套厦门市发布进一步优化房地产市场相关政策。其中包括：在思明区、湖里区购买一手、二手商品住房，不再审核购房人资格，限售措施保持不变。优化家庭住房套数认定标准。在厦门市辖区范围内，多子女家庭（二孩及以上）购买的第二套住房认定为首套，购买的第三套住房认定为二套。万科上证指数;0.0250106428267347;0.374330715234069;0.4131154846521641;0.047166917469232184
这是高招啊，体制内有能人，既卖房子又提高出生率，希望再多出实招，对老百姓有利的招儿厦门：多子女家庭（二孩及以上）购买的第二套住房认定为首套厦门市发布进一步优化房地产市场相关政策。其中包括：在思明区、湖里区购买一手、二手商品住房，不再审核购房人资格，限售措施保持不变。优化家庭展开;0.0250106428267347;-0.198030779027922;0.4767588731571093;-0.028796654590569796
厦门已全面取消限购厦门多子女家庭二套房认定为首套刚刚，厦门发布关于进一步优化房地产市场相关政策的通知：在思明区、湖里区购买商品住房，不再审核购房人资格。贷款购买思明区、湖里区商品住房的居民家庭，首套住房商业性个人住房贷款最低首付款比例为，二套住房商业性个人住房贷款最低展开;0.1599616858237547;-0.0246942386070912;0.4831067371020843;-0.02327235906931319
厦门多子女家庭第二套住房认定为首套据界面新闻报道：厦门市促进房地产市场平稳健康发展领导小组办公室发布《关于进一步优化房地产市场相关政策的通知》。其中明确，在厦门市辖区范围内，多子女家庭（二孩及以上）购买的第二套住房认定为首套，购买的第三套住房认定为二套。多子女家庭根据政府相关部门出具的住房套数认定证明，向银行申请商业性个人住房贷款。有关部门按照现行政策适时组织配套执行。住房套数认定未涉及住房税收政策。关于进一步优化房地产市场相关政策的通知各相关单位：为贯彻落实党中央、国务院决策部署，坚持房子是用来住的、不是用来炒的定位，适应房地产市场供求关系发生重大变化的新形势，加大保障性住房建设和供给，让商品住房回归商品属性，更好满足改善性住房需求，促进“稳地价、稳房价、稳预期”，推动房地产业转型和高质量发展，现将有关事项通知如下：一、调整思明区、湖里区调控措施在思明区、湖里区购买商品住房，不再审核购房人资格（商品住房项目土地出让合同中另有约定的除外）。二、适时调整思明区、湖里区住房贷款政策适时调整优化思明区、湖里区首套和二套住房商业性个人住房贷款最低首付比例和利率下限。三、优化家庭住房套数认定标准在我市辖区范围内，调整优化多子女家庭（二孩及以上）住房套数认定标准。有关部门按照现行政策适时组织配套执行。四、优化住房公积金提取及贷款政策阶段性支持住房公积金异地贷款（执行至年月日）。允许缴存人按年提取住房公积金偿还住房贷款本金。完善住房公积金贷款缩期，支持住房公积金贷款展期和变更还款方式。五、提升商品住宅品质支持房地产开发企业针对购房人需求提供不同档次装修标准，提升住宅品质，实现差异化产品供给。鼓励住宅户型设计创新，探索推行高品质、低强度的绿色、生态、科技住宅小区。六、降低开发企业成本支持企业使用银行保函缴纳土地竞买保证金，加快土拍后土地竞买保证金退还，免除新出让商住用地土地出让金支付期限内的利息。七、支持开发企业加快销售延续商品住房预售许可工程形象进度标准支持政策，《关于调整商品住房预售许可工程形象进度标准的通知》（厦房号）实施期限延至年月日。本通知自发布之日起实施。厦门市促进房地产市场平稳健康发展领导小组办公室年月日;0.0003192848020434;-0.2724723134309607;0.5125916335580858;-0.0005438233384417733
权威政策解读：厦门全面取消限购在思明区、湖里区购买一手、二手商品住房，不再审核购房人资格，限售措施保持不变。对于贷款购买思明区、湖里区商品住房的居民家庭，首套住房商业性个人住房贷款最低首付款比例为，二套住房商业性个人住房贷款最低首付款比例为。在我市辖区范围内，多子女家庭（二孩及以上）购买的第二套住房认定为首套，购买的第三套住房认定为二套。更多详情厦门买房全面取消限购（厦门市住房保障和房屋管理局）;0.0017028522775649;0.2867614275136092;0.5456961704553538;0.0032496330025289567
厦门岛内、岛外买房全面取消限购多子女家庭购买第二套住房认定为首套财联社月日电，厦门市发布进一步优化房地产市场相关政策。其中包括：在思明区、湖里区购买一手、二手商品住房，不再审核购房人资格，这也意味着在厦门岛内、岛外买房全面取消限购。限售措施保持不变。对于贷款购买思明区、湖里区商品住房的居民家庭，首套住房商业性个人住房贷款最低首付款比例为，二套住房商业性个人住房贷款最低首付款比例为。优化家庭住房套数认定标准。在厦门市辖区范围内，多子女家庭（二孩及以上）购买的第二套住房认定为首套，购买的第三套住房认定为二套。来自财联社;0.0030864197530864;-0.6157834423245176;0.8497336363346653;-0.019694797021586528
划重点，多子女。厦门多子女家庭二孩及以上购买的第二套住房认定为首套，首套住房商业性个人住房贷款最低首付款比例为，二套住房商业性个人住房贷款最低首付款比例为。;0.0004257130693912;0.280896326278751;0.5373269209175524;0.0007835872212298249
厦门多子女家庭购买的第二套住房认定为首套厦门：多子女家庭（二孩及以上）购买的第二套住房认定为首套厦门市发布进一步优化房地产市场相关政策。其中包括：在思明区、湖里区购买一手、二手商品住房，不再审核购房人资格，限售措施保持不变。优化家庭住房套数认定标准。在厦门市辖区范围内，多子女家庭（二孩及以上）购买的第二套住房认定为首套，购买的第三套住房认定为二套。厦门多子女家庭购买第二套住房认定为首套;0.0015964240102171;0.0918911050034509;0.4386440874843496;0.0007847290086602826
厦门：多子女家庭（二孩及以上）购买的第二套住房认定为首套月日讯，厦门市发布进一步优化房地产市场相关政策。其中包括：在思明区、湖里区购买一手、二手商品住房，不再审核购房人资格，限售措施保持不变。优化家庭住房套数认定标准。在厦门市辖区范围内，多子女家庭（二孩及以上）购买的第二套住房认定为首套，购买的第三套住房认定为二套。（来自汇通财经）;0.0003192848020434;0.058493581352528;0.6665968906842651;0.00015182225759776915
厦门多子女家庭买的第二套住房认定为首套厦门市发布进一步优化房地产市场相关政策。其中包括：在思明区、湖里区购买一手、二手商品住房，不再审核购房人资格，限售措施保持不变。优化家庭住房套数认定标准。在厦门市辖区范围内，多子女家庭（二孩及以上）购买的第二套住房认定为首套，购买的第三套住房认定为二套。;0.0002128565346956;0.9865192367490832;0.6667739416512463;0.001707484881277254
厦门多子女家庭购买的第二套住房认定为首套厦门：多子女家庭（二孩及以上）购买的第二套住房认定为首套厦门市发布进一步优化房地产市场相关政策。其中包括：在思明区、湖里区购买一手、二手商品住房，不再审核购房人资格，限售措施保持不变。优化家庭住房套数认定标准。在厦门市辖区范围内，多子展开;0.0015964240102171;0.0918911050034509;0.4386440874843496;0.0007847290086602826
厦门多子女家庭买的第二套住房认定为首套厦门市发布进一步优化房地产市场相关政策。其中包括：在思明区、湖里区购买一手、二手商品住房，不再审核购房人资格，限售措施保持不变。优化家庭住房套数认定标准。在厦门市辖区范围内，多子女家庭（二孩及以上）购买的第二套住房认定为首套，购买的第三展开;0.0003192848020434;0.058493581352528;0.667039518101718;0.0001519230691897995
三部门联合要求一视同仁支持房企合理融资三部门联合召开机构座谈会，资本市场支持房企融资两大要点明确在月日中国人民银行、金融监管总局、中国证监会联合召开的金融机构座谈会上，房地产金融是会议研究的重点内容之一。会议明确，将一视同仁满足不同所有制房地产企业合理融资需求，对正常经营的房地产企业不惜贷、抽贷、断贷。同时，继续用好“第二支箭”支持民营房地产企业发债融资。支持房地产企业通过资本市场合理股权融资。第一财经记者获悉，金融管理部门将贯彻中央金融工作会议部署要求，积极支持稳妥防范化解大型房企风险，共同做好房地产企业合理融资支持和融资监管，支持促进房地产行业平稳健康发展。一视同仁满足不同所有制房地产企业合理融资需求，同时，稳妥做好房地产金融相关风险处置和违规查处。;0.0001064282673478;0.8089241176321276;0.6665968906842651;0.0006998641726974443
中国人民银行、金融监管总局、中国证监会联合召开金融机构座谈会，要求各金融机构要深入贯彻落实中央金融工作会议部署，坚持“两个毫不动摇”，一视同仁满足不同所有制房地产企业合理融资需求，对正常经营的房地产企业不惜贷、抽贷、断贷。继续用好“第二支箭”支持民营房地产企业发债融资。支持房地产展开;0.0008514261387824;-0.4448545327775959;0.6673050945521899;-0.003082301672328583
央行要求一视同仁满足不同所有制房地产企业合理融资需求，对正常经营的房地产企业不惜贷、抽贷、断贷。继续用好“第二支箭”支持民营房地产企业发债融资。支持房地产企业通过资本市场合理股权融资。西风凋碧树独上高楼望尽天涯明月所以指望老板降低杠杆稳健经营是不可能的，;0.0061728395061728;0.7999421239678552;0.6691641297054927;0.040295997175968275
央行、金融监管总局、证监会联合召开金融机构座谈会。会议强调，各金融机构要深入贯彻落实中央金融工作会议部署，坚持“两个毫不动摇”，一视同仁满足不同所有制房地产企业合理融资需求，对正常经营的房地产企业不惜贷、抽贷、断贷。继续用好“第二支箭”支持民营房地产企业发债融资。支持房地产企业通展开;0.0034057045551298;-0.0064279170449398;0.5607547129118943;-0.00014970484927869253
三部门：各金融机构要深入贯彻落实中央金融工作会议部署，坚持“两个毫不动摇”，一视同仁满足不同所有制房地产企业合理融资需求，对正常经营的房地产企业不惜贷、抽贷、断贷。继续用好“第二支箭”支持民营房地产企业发债融资。支持房地产企业通过资本市场合理股权融资。要继续配合地方政府和相关部门展开;0.023201362281822;0.1032034363643462;0.4615514698345611;0.013477628601823197
央行、金融监管总局、证监会联合召开金融机构座谈会。会议强调，各金融机构要深入贯彻落实中央金融工作会议部署，坚持“两个毫不动摇”，一视同仁满足不同所有制房地产企业合理融资需求，对正常经营的房地产企业不惜贷、抽贷、断贷。继续用好“第二支箭”支持民营房地产企业发债融资。支持房地产企业通过资本市场合理股权融资。要继续配合地方政府和相关部门，坚持市场化、法治化原则，加大保交楼金融支持，推动行业并购重组。要积极服务保障性住房等“三大工程”建设，加快房地产金融供给侧改革，推动构建房地产发展新模式。;0.0034057045551298;-0.3689906953347445;0.5496254341261039;-0.008423157263397518
三部门：各金融机构要深入贯彻落实中央金融工作会议部署，坚持“两个毫不动摇”，一视同仁满足不同所有制房地产企业合理融资需求，对正常经营的房地产企业不惜贷、抽贷、断贷。继续用好“第二支箭”支持民营房地产企业发债融资。支持房地产企业通过资本市场合理股权融资。要继续配合地方政府和相关部门，坚持法治化、市场化原则，加大保交楼金融支持，推动行业并购重组。要积极服务保障性住房等“三大工程”建设，加快房地产金融供给侧改革，推动构建房地产发展新模式。;0.023201362281822;0.1032034363643462;0.4615514698345611;0.013477628601823197
央行、金融监管总局、证监会座谈会：各金融机构要深入贯彻落实中央金融工作会议部署，坚持“两个毫不动摇”，一视同仁满足不同所有制房地产企业合理融资需求，对正常经营的房地产企业不惜贷、抽贷、断贷。继续用好“第二支箭”支持民营房地产企业发债融资。支持房地产企业通过资本市场合理股权融资。;0.0008514261387824;-0.9128348627694516;0.6713291424424308;-0.006362977680555522
对正常经营的房企不惜贷抽贷断贷中国人民银行、金融监管总局、中国证监会联合召开金融机构座谈会会议强调，过去一段时间，金融部门积极配合行业主管部门和地方政府，从房地产市场的供需两端综合施策，保持信贷、债券、股权等重点融资渠道稳定，支持改善行业经营，优化调整个人住房贷款政策，着力稳定房地产市场，取得了良好的效果。近日金融部门和行业主管部门联合召开代表性房地产企业座谈会，调研了解行业风险化解和高质量发展的主要金融需求。各金融机构要深入贯彻落实中央金融工作会议部署，坚持“两个毫不动摇”，一视同仁满足不同所有制房地产企业合理融资需求，对正常经营的房地产企业不惜贷、抽贷、断贷。继续用好“第二支箭”支持民营房地产企业发债融资。支持房地产企业通过资本市场合理股权融资。要继续配合地方政府和相关部门，坚持法治化、市场化原则，加大保交楼金融支持，推动行业并购重组。要积极服务保障性住房等“三大工程”建设，加快房地产金融供给侧改革，推动构建房地产发展新模式。（来自华尔街见闻）;0.0009578544061302;0.8336888806089;0.6665968906842651;0.006491611133811862
月日，中国人民银行、金融监管总局、中国证监会联合召开金融机构座谈会，会议强调，过去一段时间，金融部门积极配合行业主管部门和地方政府，从房地产市场的供需两端综合施策，保持信贷、债券、股权等重点融资渠道稳定，支持改善行业经营，优化调整个人住房贷款政策，着力稳定房地产市场，取得了良好的效果。近日金融部门和行业主管部门联合召开代表性房地产企业座谈会，调研了解行业风险化解和高质量发展的主要金融需求。各金融机构要深入贯彻落实中央金融工作会议部署，坚持“两个毫不动摇”，一视同仁满足不同所有制房地产企业合理融资需求，对正常经营的房地产企业不惜贷、抽贷、断贷。继续用好“第二支箭”支持民营房地产企业发债融资。支持房地产企业通过资本市场合理股权融资。要继续配合地方政府和相关部门，坚持法治化、市场化原则，加大保交楼金融支持，推动行业并购重组。要积极服务保障性住房等“三大工程”建设，加快房地产金融供给侧改革，推动构建房地产发展新模式。;0.0002128565346956;0.3510815307820303;0.6666854161677557;0.0006075774240428941
月日，中国人民银行、金融监管总局、中国证监会联合召开金融机构座谈会，研究近期房地产金融、信贷投放、融资平台债务风险化解等重点工作。会议强调，近日金融部门和行业主管部门联合召开代表性房地产企业座谈会，调研了解行业风险化解和高质量发展的主要金融需求。各金融机构要深入贯彻落实中央金融工作会议部署，坚持“两个毫不动摇”，一视同仁满足不同所有制房地产企业合理融资需求，对正常经营的房地产企业不惜贷、抽贷、断贷。继续用好“第二支箭”支持民营房地产企业发债融资。支持房地产企业通过资本市场合理股权融资。要继续配合地方政府和相关部门，坚持法治化、市场化原则，加大保交楼金融支持，推动行业并购重组。要积极服务保障性住房等“三大工程”建设，加快房地产金融供给侧改革，推动构建房地产发展新模式。;0.0059599829714772;0.3404452559977512;0.5316154425890838;0.01315453788789252
“一视同仁满足不同所有制房地产企业合理融资需求，对正常经营的房地产企业不惜贷、抽贷、断贷。继续用好“第二支箭”支持民营房地产企业发债融资。支持房地产企业通过资本市场合理股权融资。”;0.0095785440613026;0.1816181327070646;0.432345150711277;0.009172231388026267
三部门：统筹考虑信贷投放以信贷增长稳定性促进经济稳定增长月日，中国人民银行、金融监管总局、中国证监会联合召开金融机构座谈会，研究近期房地产金融、信贷投放、融资平台债务风险化解等重点工作。中国人民银行党委书记、行长潘功胜，金融监管总局党委书记、局长李云泽，中国证监会党委委员、副主席王建军出席会议并讲话。中央金融委员会办公室副主任夏先德应邀出席会议并讲话。会议认为，下一步，要坚定信心、持续发力、久久为功，继续加大政策落实和工作推进力度，持之以恒营造良好的货币金融环境。要落实好跨周期和逆周期调节的要求，着力加强信贷均衡投放，统筹考虑今年后两个月和明年开年的信贷投放，以信贷增长的稳定性促进我国经济稳定增长。要优化资金供给结构，盘活存量金融资源，加大对重大战略、重点领域和薄弱环节的金融支持，增强金融支持实体经济的可持续性。近日金融部门和行业主管部门联合召开代表性房地产企业座谈会，调研了解行业风险化解和高质量发展的主要金融需求。各金融机构要深入贯彻落实中央金融工作会议部署，坚持“两个毫不动摇”，一视同仁满足不同所有制房地产企业合理融资需求，对正常经营的房地产企业不惜贷、抽贷、断贷。继续用好“第二支箭”支持民营房地产企业发债融资。支持房地产企业通过资本市场合理股权融资。要继续配合地方政府和相关部门，坚持法治化、市场化原则，加大保交楼金融支持，推动行业并购重组。要积极服务保障性住房等“三大工程”建设，加快房地产金融供给侧改革，推动构建房地产发展新模式。（证监会）;0.0006385696040868;0.9608751058479434;0.6668624671347368;0.004989961116221534
涉及信贷、房地产、地方债务三部委金融机构座谈会传递多个信号月日晚，中国人民银行、金融监管总局、中国证监会联合召开金融机构座谈会。会议强调，下一步，要继续加大政策落实和工作推进力度，持之以恒营造良好的货币金融环境。同时，会议还对房地产市场着墨颇多。会议指出，各金融机构要一视同仁满足不同所有制房地产企业合理融资需求，对正常经营的房地产企业不惜贷、抽贷、断贷；继续用好“第二支箭”支持民营房地产企业发债融资等。多位受访的分析人士认为，座谈会聚焦并着力解决当前金融领域面临的主要矛盾和突出问题，预计下一步有关部门将加快落实中央金融工作会议精神，稳经济政策应继续发力，必要时加大实施力度并出台新的对策措施，更有力地促进宏观经济稳定和恢复。;0.0011707109408258;-0.0777119234744936;0.6847261688403163;-0.0007596962173467123
平凉超话平凉官宣“认房不认贷”政策，年月日起执行月日，平凉市住房公积金管理委员会印发《关于优化住房公积金“认房不认贷”政策的通知的通知》。通知自年月日起执行。已申请过一次住房公积金个人住房贷款的缴存职工，在结清贷款后，再次申请住房公积金个人住房贷款，经核查家庭成员在购房地无住房的，执行首套房贷款金额和贷款利率；已申请过一次住房公积金个人住房贷款的缴存职工，在结清贷款后，再次申请住房公积金个人住房贷款，经核查家庭成员在购房地有一套住房的，执行二套房贷款金额和贷款利率。商业性银行住房贷款次数不作为住房公积金贷款次数的认定标准。据悉，月日，广州和深圳实施“认房不认贷”政策。月日，上海和北京先后宣布执行“认房不认贷”政策。至此，一线城市全部落地“认房不认贷”政策。之后陆续有多个城市开始实施这一政策。充分发挥了住房公积金互助保障作用有效解决缴存职工购买改善性住房申请贷款利率上浮、换房门槛高等急难愁盼问题。;0.0003192848020434;0.7226824355300543;0.6665968906842651;0.0018757490369271978
楼市条海南楼市放开了月日，一份《关于优化调整房地产调控政策有关工作的通知》（以下简称“通知”）在海南房地产市场流传，引发关注。记者从上述通知中了解到，内容一共有三大项，主要内容涉及当前海南楼市调控政策的优化调整事宜。主要包括个人住房贷款中住房套数认定标准、降低存量首套住房贷款利率、不动产“带押过户”、二手房交易转让年限、人才购房政策，以及增加多孩（二孩及以上）家庭购买商品住房套数等。通知还称，各市县可结合当地实际自主选择并及时出台相关政策措施。中国房地产报记者通过多渠道了解，上述通知内容属实。另据媒体消息，月日下午，海口市住建部门召开会议，向当地房企“口头转达”政策变化；海南其他市县或将跟进优化调整房地产政策。条优化调整楼市政策记者了解到，海南地产圈流传的《关于优化调整房地产调控政策有关工作的通知》文件，落款单位为“海南省住房和城乡建设厅”，落款时间为“年月日”，并盖有前述单位的公章。通知发送对象为海南省各市县政府。通知称，充分赋予城市政府房地产调控政策自主权，由各市县落实城市主体责任，因城施策实施调控。各市县政府可结合实际，自主选择并及时出台下列政策措施：优化本市县个人住房贷款中住房套数认定标准。调整优化本市县差别化住房信贷政策；鼓励银行业金融机构降低存量首套住房的贷款利率。深化不动产登记和金融便民利企合作，制定落实本市县协同做好不动产“带押过户”的政策。优化调整各市县已出台的、严于省级调控政策要求的相关条款。优化调整二手房交易转让年限等限制性条件。优化调整有关产权式酒店、酒店式公寓的限购政策。在坚持不得将商业、办公类项目变相开发建设成为“类住宅”项目的前提下，对于存量项目可优化调整“商业、办公类项目产权分割销售最小单元建筑面积不得小于平方米”的限制性政策。结合经济发展、招商引资、产业结构等具体需求，制定本市县的急需紧缺人才目录，优化调整人才购房政策。对多孩（二孩及以上）家庭购买商品住房的，可在现行政策允许购买套数的基础上增加一套。加强市县房地产调控政策与公积金政策联动，加大职工提取住房公积金直接支付住房首付款、住房公积金贷款不见面审批等政策的落实力度。省会海口率先跟进通知强调，要审慎调整与购房资格相关的限购政策。针对年以来海南省陆续出台的房地产调控政策，涉及购房资格方面的，应审慎调整，保持政策调控定力。各市县应从引进人才、招商引资、产业扶持等方面适时出台更加精准的调控政策，分批次施行。除上述条政策措施外，其他涉及购房资格方面调整的，应严格落实事前报备制度。通知还表示，各市县在出台相关调控政策前，加强政策解读和舆情引导，为促进海南自贸港房地产市场平稳健康发展莫定坚实基础。通知亦强调，坚持“房子是用来住的、不是用来炒的”定位，因城施策用好政策工具箱，更好满足居民刚性和改善性住房需求，促进房地产市场平稳健康发展。记者就上述通知中的相关内容向多方求证，得到的答复是“确有其事”。记者了解到，在当地地产圈人士间流传的“口头转达”版本内容，一共包括项“政策措施”，其中包括“调整人才引进范围：原限定需在海口注册企业的总部引进人才可购房，改成在海南注册企业的总部引进人才均可根据人才引进政策购房”“以家庭为单位，多孩家庭（二孩及以上）购房商品住房，可在现行政策允许购买套数基础上增加套”等。;0.0001064282673478;-0.083869356690591;0.6666854161677557;-7.257164394364109e-05
房贷利率下调有望助力房地产企稳“太幸运了，昨天上午收到贷款银行的消息，说房贷利率可以下调到了，月供立省元。”日，在某房产中介公司营业门店内，北京的梁女士告诉记者。“月底在顺义区交了新房的定金，销售给了个月的首付期限，这几天正准备去银行办理贷款面签，就接到了北京实行新政策的通知。”梁女士表示。记者走访并致电北京、上海地区多家银行了解到，两地分别出台调整优化住房贷款新政，日起京沪两地多家银行根据自律机制，下调房贷利率下限。其中，北京首套房贷利率下限最低调整为，上海地区首套房贷利率下限最低可至。此外，新政对贷款期限、首付比例等也作出调整。业内人士指出，结合目前实际情况与市场变化，将北京市普宅占比提高至七成左右，将有更多家庭能够享受住房转让时的增值税优惠政策。多位业内人士分析，京沪两地楼市政策调整发布后，有利于更好满足刚性和改善性住房需求，两地房地产市场有望企稳。“此次住房优化政策有助于降低购房者资金门槛、减少房贷利息支出、降低住房交易成本。这有利于进一步稳定预期，促进房地产市场平稳健康发展。”易居研究院研究总监严跃进认为。招联首席研究员董希淼分析称，本次政策调整预计对商业银行影响不大。财经超话股票股票超话新浪财经今日看盘上证指数上证指数;0.0015964240102171;0.568058932641571;0.5298081750800734;0.0058593036073802925
行业动态为贯彻落实党中央、国务院决策部署，适时调整优化房地产政策，因城施策，更好满足居民刚性和改善性住房需求，促进全市房地产市场持续平稳健康发展，经武汉市人民政府同意，现就有关事项通知如下：一、取消住房限购，二、优化家庭住房贷款套数认定标准，三、支持居民换购住房，四、给予购房优惠支持，五、阶段性调整住房公积金贷款额度，六、盘活企业资产，七、加强精准供地，鼓励居住户型设计创新，八、加快盘活存量用地，九、建立房地产开发企业“白名单”管理，十、积极助企纾困。;0.0006385696040868;0.4033797575232296;0.936371365734982;0.002941414098978745
一线城市调整优化楼市调控政策，释放哪些信号？财经聚焦一线城市调整优化楼市调控政策影响几何日，北京、上海分别降低购房首付比例、下调住房贷款利率，并调整普通住房标准。至此，北上广深四个一线城市均已调整优化楼市调控政策。降首付、降利率、降税费等政策调整释放哪些信号？将给市场带来哪些变化？京沪两地同步调整优化继广州和深圳调整优化楼市调控、推出二套房首付比例成等政策后，月日，北京、上海同一天调整优化楼市调控政策，从降首付、降利率、降税费等方面，适应房地产市场供求关系发生重大变化的新形势，更好地满足居民刚性和改善性住房需求。北京、上海同步下调首套房、二套房首付比例，其中首套房首付比例下限统一降至，二套房均分区实行差异化政策，重点区域首付比例，其他区域。并且京沪两地都下调了商业性个人住房贷款利率下限。北京此次调整还取消了房价过快上行阶段对房贷年限的从严管控，由最长年恢复至年。与此同时，京沪两地还对普通住房认定标准进行了优化，让更多的住房可以纳入到普通住房范围，使更多家庭能够享受住房转让时的税收优惠政策。调整后，北京普宅占比提高至成左右，上海普宅占比超过成。广东省住房政策研究中心首席研究员李宇嘉说，调整优化楼市调控政策，降低购房门槛，有利于从需求端促进回暖，促进房地产交易循环，恢复房企自我造血功能，缓解开发商资金链紧张的态势，实现防风险和稳增长的双重目的。有利释放购房需求新政策出台后，很多购房者感受到购房门槛降低带来的实惠。“政策出来后，我已经新关注了好几个卖房的视频号，刷了一晚上。”北京市民高女士说。她近年一直想买一套面积更大的改善性住房，但又不想卖掉现有住房，苦于手头资金不足以支付成首付款而迟迟未能如愿。如今，二套房首付比例最低只需，而且普通住宅标准的调整还可以降低交易税费，让高女士觉得“这回能够得着了”。上海市民董先生相中了一套价值五六百万元的住宅，得知新政策后，立刻算了一笔账：预估税费方面能省多万元，且作为刚需首套房贷款利率下调至，还能省不少月供。贝壳研究院首席分析师许小乐表示，首套、二套住房首付比例下降，降低了首套刚需、二套改善住房需求的入市门槛。房贷利率下降，降低了月供压力。调整普通住房标准，使与其关联的税收优惠政策扩大了覆盖面。这些都实实在在地降低了购房门槛和成本，减负效果明显，利好住房需求释放。一线城市调整优化楼市调控政策，有助于推动住宅销售。政策发布当晚，上海多个新盘项目借势打出宣传海报，一些开发商还推出了“今夜不打烊”活动，连夜蓄客。在上海浦东宏辉地产从事地产经纪业务的老张，连夜打电话给手头上的客户，告知和解读新政策。月日，上海房地产中介门店迅速更新了价格展板。新华社记者郑钧天摄促进房地产市场平稳健康发展业内人士认为，一线城市调整优化楼市调控政策，有利于进一步释放购房需求，稳定预期、提振信心，促进房地产市场平稳健康发展。许小乐说，从广州、深圳降首付、降房贷利率的市场效果看，本次京沪降首付政策叠加月“认房不认贷”政策，将促进购房需求入市。四个一线城市都已发布调整优化楼市调控政策，新政策带来“降门槛”和“减税费”导向，利好预期稳定。深圳新政策已实施三周，市场呈现稳中有进态势。乐有家研究中心监测数据显示，深圳月日起执行调整优化楼市调控政策，对市场信心恢复有一定的激励作用，市场稳中有涨：深圳二手房带看量涨幅超过；业主心态较为理性；深圳二手房网签量连续周超过套，乐有家深圳门店二手房成交量环比上涨后，稳定在下半年的高位。中指研究院市场研究总监陈文静认为，一线城市出台这些政策，有利于促进刚需和改善性住房需求释放。来源：新华社;0.0009578544061302;0.5526307036237431;0.4007301495561642;0.002586855872161885
最新通知事关余杭房地产市场杭州一地实施契税补助政策余杭发布为进一步贯彻落实国家、省、市有关决策部署，适应房地产市场供求关系新形势，更好满足居民住房需求，促进余杭区房地产市场平稳健康发展，现将有关事项通知如下：（一）持续优化市场环境全面落实国家、省、市房地产市场政策，大力支持刚性和改善性住房需求，全力保障民生、促进市场发展。优化办理项目立项、工程规划许可证、施工许可证、预售许可证等相关业务流程，持续缩链减负，为房地产企业高质量发展创造更好的市场环境。（二）加大住房保障力度加大保障性住房建设和供给，提高保障性住房在住房总供给中的比例，加快解决工薪收入群体住房困难，推动建立房地产业转型发展新模式。（三）完善拆迁安置政策推进“方安置房方货币化”安置模式，满足被征迁群众多样化、个性化住房需求。（四）实施契税补助政策对年月日至年月日期间购买新建商品住宅和非住宅新建商品房的购房人（以网签备案时间为准），在办理不动产权证后，分别按照实际缴纳契税金额的标准和标准给予补助，减轻置业压力，更好惠及民生。（五）促进商办用房销售鼓励房地产开发企业开展各种形式商业办公用房促销活动。搭建推介平台，支持有需求的企业购置新建商业办公用房。鼓励区属国有企业发挥带头示范效应，积极购买商业办公用房，用于工业园区改造、腾笼换鸟、企业征迁等工作，探索安置新模式。（六）优化提升公积金服务购买余杭区住房的本市缴存职工，可向公积金余杭分中心申请提取本人住房公积金账户余额直接冲抵购房首付款。对高层次人才家庭、多子女家庭和无房职工家庭实施差异化公积金信贷政策，满足不同群体服务需求。（七）支持二手房市场发展落实换购住房个人所得税优惠政策，支持改善性住房需求。大力推广二手房自主交易模式，全面推行二手房“带押过户”，降低制度性交易成本，减轻买卖双方交易负担。（八）加快推进配套建设加快凤都路南延、良睦路南延等道路建设，实现交通畅达。加快推进天元公学、瓶窑第二中学、科技文化中心国际体育中心等配套建设，完善公共配套。;0.0008514261387824;0.7447489461607104;0.6666854161677557;0.005155413846567912
重磅北京、上海出台楼市新政。合肥楼市超话合肥身边事超话整体来看，北京、上海的楼市新政属于有限度地松绑，象征意义大于实际意义，但这是一个积极的风向标，政策端更加支持居民刚性和改善性住房需求。一线城市不会全面放开限购，否则将全面虹吸其它城市的高端购买力人群。下面是北京、上海的楼市新政重点提炼：楼市鹰眼北京楼市新政一、调整普通住房标准自年月日起，本市享受税收优惠政策的普通住房，应同时满足以下条件：（一）住宅小区建筑容积率在（含）以上；（二）单套住房建筑面积在平方米（含）以下；（三）环内住房成交价格在元平方米（含）以下、环住房成交价格在元平方米（含）以下、环外住房成交价格在元平方米（含）以下。二、优化个人住房贷款政策加大购房信贷支持力度，更好满足居民家庭刚性和改善性住房需求。自本通知印发之日起，个人住房贷款政策执行以下规定：（一）降低首付款比例。对于贷款购买首套住房的居民家庭，最低首付款比例不低于。对于贷款购买二套住房的居民家庭，所购住房位于城六区（东城、西城、朝阳、海淀、丰台、石景山区）的，最低首付款比例不低于；所购住房位于城六区以外的，最低首付款比例不低于。（二）个人住房贷款年限最长年。上海楼市新政一、调整普通住房标准上海市住房城乡建设管理委、市房屋管理局、市规划资源局、市财政局、市税务局联合印发《关于调整本市普通住房标准的通知》，规定可以享受优惠政策的普通住房，应同时满足以下条件：（一）五层以上（含五层）的多高层住房，以及不足五层的老式公寓、新式里弄、旧式里弄等；（二）单套住房建筑面积在平方米以下（含平方米）。二、优化差别化住房信贷政策（一）首套住房商业性个人住房贷款利率下限调整为不低于相应期限贷款市场报价利率（）减个基点，最低首付款比例调整为不低于。（二）二套住房商业性个人住房贷款利率下限调整为不低于相应期限贷款市场报价利率（）加个基点，最低首付款比例调整为不低于。（三）为支持推进“五个新城”和南北转型重点区域高质量发展，促进产城融合、职住平衡，在自贸区临港新片区以及嘉定、青浦、松江、奉贤、宝山、金山个行政区全域实行差异化政策，二套住房商业性个人住房贷款利率下限调整为不低于相应期限贷款市场报价利率（）加个基点，最低首付款比例调整为不低于。原报道链接：;0.0062792677735206;0.4955091615646293;0.4284059522695039;0.01625555833357671
北京首套房首付比例降至成北京调整优化购房政策为落实“更好满足居民刚性和改善性住房需求”要求，月日，北京市住建委、国家税务总局北京市税务局、中国人民银行北京市分行、国家金融监督管理总局北京监管局、北京住房公积金管理中心等五部门联合发布《关于调整优化本市普通住房标准和个人住房贷款政策的通知》，降低首付款比例。对于贷款购买首套住房的居民家庭，最低首付款比例不低于。对于贷款购买二套住房的居民家庭，所购住房位于城六区（东城、西城、朝阳、海淀、丰台、石景山区）的，最低首付款比例不低于；所购住房位于城六区以外的，最低首付款比例不低于。（北京市人民政府）;0.0023414218816517;-0.1961690923984821;0.4839783836525302;-0.0027109525909687804
北京调整优化购房政策首套房首付比例降至成北京调整优化购房政策首套房首付比例降至成据北京市住建委月日消息，北京市住房和城乡建设委员会、国家税务总局北京市税务局、中国人民银行北京市分行、国家金融监督管理总局北京监管局、北京住房公积金管理中心发布关于调整优化本市普通住房标准和个人住房贷款政策的通知。全文如下：各有关单位：为深入贯彻落实党中央、国务院决策部署，坚持房子是用来住的、不是用来炒的定位，适应房地产市场供求关系发生重大变化的新形势，更好满足居民刚性和改善性住房需求，促进本市房地产市场平稳健康发展，根据本市房地产市场实际，现就有关事项通知如下：一、调整普通住房标准自年月日起，本市享受税收优惠政策的普通住房，应同时满足以下条件：（一）住宅小区建筑容积率在（含）以上；（二）单套住房建筑面积在平方米（含）以下；（三）环内住房成交价格在元平方米（含）以下、环住房成交价格在元平方米（含）以下、环外住房成交价格在元平方米（含）以下。二、优化个人住房贷款政策加大购房信贷支持力度，更好满足居民家庭刚性和改善性住房需求。自本通知印发之日起，个人住房贷款政策执行以下规定：（一）降低首付款比例。对于贷款购买首套住房的居民家庭，最低首付款比例不低于。对于贷款购买二套住房的居民家庭，所购住房位于城六区（东城、西城、朝阳、海淀、丰台、石景山区）的，最低首付款比例不低于；所购住房位于城六区以外的，最低首付款比例不低于。（二）个人住房贷款年限最长年。三、原有政策与本通知不一致的，以本通知为准。;0.0045764154959557;-0.0252586606071176;0.4977916792849073;-0.000701728475824663
北京首套房首付比例降至成月日，北京市住房和城乡建设委员会网站显示，北京市住房和城乡建设委员会、国家税务总局北京市税务局、中国人民银行北京市分行、国家金融监督管理总局北京监管局、北京住房公积金管理中心等五部门联合发布《关于调整优化本市普通住房标准和个人住房贷款政策的通知》显示，为加大购房信贷支持力度，更好满足居民家庭刚性和改善性住房需求。自本通知印发之日起，个人住房贷款政策执行以下规定：一是降低首付款比例。对于贷款购买首套住房的居民家庭，最低首付款比例不低于。对于贷款购买二套住房的居民家庭，所购住房位于城六区东城、西城、朝阳、海淀、丰台、石景山区的，最低首付款比例不低于；所购住房位于城六区以外的，最低首付款比例不低于。二是个人住房贷款年限最长年。;0.0369306087696892;-0.1190646349576888;0.4966845931267276;-0.026633953829393372
北京下调房贷首付比例、贷款利率，普宅标准调整北京购房政策调整优化的“靴子”终于落地。为落实“更好满足居民刚性和改善性住房需求”要求，月日，北京市住建委、中国人民银行北京市分行、国家金融监督管理总局北京监管局、北京住房公积金管理中心、国家税务总局北京市税务局等五部门联合发布《关于调整优化本市普通住房标准和个人住房贷款政策的通知》，调整首套房、二套房的首付比例，首套房首付比例统一降至，二套房首付比例最低为。此外，商业银行新发放房贷利率政策下限也将调整，按月贷款市场报价利率（）计算，首套房贷利率最低为。优政策更好满足合理住房需求调整优化房地产政策，市场期待已久。月日召开的中共中央政治局会议上，在谈及房地产市场时，首次提出，适应中国房地产市场供求关系发生重大变化的新形势，适时调整优化房地产政策，更好满足居民刚性和改善性住房需求。一个月后，月日，中国人民银行、国家金融监督管理总局发布《关于调整优化差别化住房信贷政策的通知》，明确首套住房商业性个人住房贷款最低首付款比例统一为不低于，二套住房商业性个人住房贷款最低首付款比例统一为不低于。各城市可根据房地产市场形势和当地政府调控要求，自主确定首套和二套住房商业性个人住房贷款最低首付款比例和利率下限。“继认房不认贷后，此次再次调整相关政策，既是落实央行、国家金融监督管理总局文件精神，也是适应北京房地产市场的实际情况，目的就是更好地满足刚性和改善性住房需求。”市住建委相关负责人表示。降首付首套房首付统一为成此次优化的一大内容，就是降低首付。北京市目前的政策是，个人购买政策性住房以外的商品房，无论是使用商业性住房贷款还是公积金贷款，均区分普通住宅和非普通住宅、首套房和二套房，执行不同的首付比例。具体而言，个人购房首套房，普通住宅首付比例为，非普通住宅首付比例为；个人购买二套房，普通住宅首付比例为，非普通住宅首付比例为。“执行差别化的首付比例，是年为抑制投资投机需求、落实房住不炒定位所采取的调控措施，从当时看也的确稳定了市场预期，让楼市快速降温。”业内人士分析，随着市场形势发生变化，继续执行当年的标准，的确会误伤部分购房人，特别是改善型购房人。通知提出，自新规执行起，个人购买政策性住房以外的商品房，无论是使用商业性住房贷款还是公积金贷款，不再区分普通住宅和非普通住宅，首套房的首付比例均为；二套房则按城六区和非城六区划分，首付比例分别为和。同时，贷款最长年限也从年恢复至年。“购买城六区之外的住房首付比例略低，这既符合北京城市功能和布局优化调整的要求，也结合了近几年土地供应实际，以促进职住平衡。”市住建委相关负责人介绍，近几年北京在土地供应上，重点是向城市副中心和顺义、大兴、亦庄、昌平等平原新城倾斜。记者以市民王先生举例，因为家有二孩，准备在大兴购买二套房，房款万元。按照新规，其首付比例从过去的降低至，减少了万元。调标准普通住宅认定不再看总价此次优化的另一内容，就是调整普通住宅认定标准。北京目前的普通住宅认定标准，制定于年，包含三个方面：住宅小区建筑容积率在（含）以上；单套建筑面积在平方米（含）以下；实际成交价格低于确定的价格标准，其中五环内单价低于元平方米或总价低于万元，五至六环之间单价低于元平方米或总价低于万元，六环以外单价低于元平方米或总价低于万元。沿用了年的普通住宅认定标准，已不适用当前形势。此前，就有购房人反映，家有三胎想换套大一点的房子，却不符合普通住宅标准，全家压力很大。来自中指研究院的一份数据显示，年，北京四环至五环、五环至六环、六环外新建商品住宅成交套总价均值分别为万元、万元、万元，均高于普通住宅标准。新的普通住宅如何认定？根据通知，仍须满足三个方面：住宅小区建筑容积率在（含）以上；单套建筑面积在平方米（含）以下；实际成交价格低于确定的价格标准，其中五环内单价低于元平方米，五至六环之间单价低于元平方米，六环以外单价低于平方米。记者注意到，对比新老标准，最大的变化在于价格，不仅各环线的单价上限相比之前均明显提高，且不再看总价。“只看单价不看总价，一来是更多惠及卖小买大的改善型家庭，不因总价上限被误伤；二来是有利于控制部分区域小户型单价异动。”有专家认为。机构人士预测，执行新标准后，目前市场上可被认定为普通住宅的商品房将从过去的约三成提高到约七成。普通住宅认定标准调整后，对购房人有何好处？记者了解到，在二手房交易中，普通住宅与税收优惠挂钩，其中最主要的就是增值税。根据规定，个人出售年以上的普通住宅，免征增值税；个人出售年以上的非普通住宅，差额征收增值税，税率为。根据通知，购房人可自年月日起按新标准享受税收优惠。降利率新发放房贷利率最低新购房的利息负担也将有所减轻。记者了解到，商业银行新发放房贷利率政策下限也将调整，月日起新发放的商业性个人住房贷款将执行新的利率政策下限。具体看，城六区首套、二套房利率下限分别为不低于相应期限（基点）、；非城六区首套、二套房利率下限分别为不低于相应期限、。相较调整前首套房、二套房的利率下限水平，有明显下调。央行最新公布的月份报价，年期以上为。按此计算，城六区首套房、二套房利率下限分别为和；非城六区首套房、二套房利率下限分别为和。据悉，各银行应根据北京地区市场利率定价自律机制确定的政策下限，结合本机构经营情况、客户风险状况等因素，按照市场化、法制化原则，合理确定每笔新发放房贷利率水平。;0.0004257130693912;0.4648122396647182;0.5633082859016454;0.0013593346291313141
北京首套房首付比例降至据北京日报报道：北京购房政策调整优化的“靴子”终于落地。为落实“更好满足居民刚性和改善性住房需求”要求，月日，北京市住建委、中国人民银行北京市分行、国家金融监督管理总局北京监管局、北京住房公积金管理中心、国家税务总局北京市税务局等五部门联合发布展开;0.0003192848020434;0.0443362883316365;0.6228152614073343;0.00010751833435123707
北京首套房首付比例降至据北京日报报道：北京购房政策调整优化的“靴子”终于落地。为落实“更好满足居民刚性和改善性住房需求”要求，月日，北京市住建委、中国人民银行北京市分行、国家金融监督管理总局北京监管局、北京住房公积金管理中心、国家税务总局北京市税务局等五部门联合发布《关于调整优化本市普通住房标准和个人住房贷款政策的通知》，调整首套房、二套房的首付比例，首套房首付比例统一降至，二套房首付比例最低为。此外，商业银行新发放房贷利率政策下限也将调整，按月贷款市场报价利率（）计算，首套房贷利率最低为。优政策更好满足合理住房需求调整优化房地产政策，市场期待已久。月日召开的中共中央政治局会议上，在谈及房地产市场时，首次提出，适应中国房地产市场供求关系发生重大变化的新形势，适时调整优化房地产政策，更好满足居民刚性和改善性住房需求。一个月后，月日，中国人民银行、国家金融监督管理总局发布《关于调整优化差别化住房信贷政策的通知》，明确首套住房商业性个人住房贷款最低首付款比例统一为不低于，二套住房商业性个人住房贷款最低首付款比例统一为不低于。各城市可根据房地产市场形势和当地政府调控要求，自主确定首套和二套住房商业性个人住房贷款最低首付款比例和利率下限。“继认房不认贷后，此次再次调整相关政策，既是落实央行、国家金融监督管理总局文件精神，也是适应北京房地产市场的实际情况，目的就是更好地满足刚性和改善性住房需求。”市住建委相关负责人表示。降首付首套房首付统一为成此次优化的一大内容，就是降低首付。北京市目前的政策是，个人购买政策性住房以外的商品房，无论是使用商业性住房贷款还是公积金贷款，均区分普通住宅和非普通住宅、首套房和二套房，执行不同的首付比例。具体而言，个人购房首套房，普通住宅首付比例为，非普通住宅首付比例为；个人购买二套房，普通住宅首付比例为，非普通住宅首付比例为。“执行差别化的首付比例，是年为抑制投资投机需求、落实房住不炒定位所采取的调控措施，从当时看也的确稳定了市场预期，让楼市快速降温。”业内人士分析，随着市场形势发生变化，继续执行当年的标准，的确会误伤部分购房人，特别是改善型购房人。通知提出，自新规执行起，个人购买政策性住房以外的商品房，无论是使用商业性住房贷款还是公积金贷款，不再区分普通住宅和非普通住宅，首套房的首付比例均为；二套房则按城六区和非城六区划分，首付比例分别为和。同时，贷款最长年限也从年恢复至年。“购买城六区之外的住房首付比例略低，这既符合北京城市功能和布局优化调整的要求，也结合了近几年土地供应实际，以促进职住平衡。”市住建委相关负责人介绍，近几年北京在土地供应上，重点是向城市副中心和顺义、大兴、亦庄、昌平等平原新城倾斜。记者以市民王先生举例，因为家有二孩，准备在大兴购买二套房，房款万元。按照新规，其首付比例从过去的降低至，减少了万元。调标准普通住宅认定不再看总价此次优化的另一内容，就是调整普通住宅认定标准。北京目前的普通住宅认定标准，制定于年，包含三个方面：住宅小区建筑容积率在（含）以上；单套建筑面积在平方米（含）以下；实际成交价格低于确定的价格标准，其中五环内单价低于元平方米或总价低于万元，五至六环之间单价低于元平方米或总价低于万元，六环以外单价低于元平方米或总价低于万元。沿用了年的普通住宅认定标准，已不适用当前形势。此前，就有购房人反映，家有三胎想换套大一点的房子，却不符合普通住宅标准，全家压力很大。来自中指研究院的一份数据显示，年，北京四环至五环、五环至六环、六环外新建商品住宅成交套总价均值分别为万元、万元、万元，均高于普通住宅标准。新的普通住宅如何认定？根据通知，仍须满足三个方面：住宅小区建筑容积率在（含）以上；单套建筑面积在平方米（含）以下；实际成交价格低于确定的价格标准，其中五环内单价低于元平方米，五至六环之间单价低于元平方米，六环以外单价低于平方米。记者注意到，对比新老标准，最大的变化在于价格，不仅各环线的单价上限相比之前均明显提高，且不再看总价。“只看单价不看总价，一来是更多惠及卖小买大的改善型家庭，不因总价上限被误伤；二来是有利于控制部分区域小户型单价异动。”有专家认为。机构人士预测，执行新标准后，目前市场上可被认定为普通住宅的商品房将从过去的约三成提高到约七成。普通住宅认定标准调整后，对购房人有何好处？记者了解到，在二手房交易中，普通住宅与税收优惠挂钩，其中最主要的就是增值税。根据规定，个人出售年以上的普通住宅，免征增值税；个人出售年以上的非普通住宅，差额征收增值税，税率为。根据通知，购房人可自年月日起按新标准享受税收优惠。降利率新发放房贷利率最低新购房的利息负担也将有所减轻。记者了解到，商业银行新发放房贷利率政策下限也将调整，月日起新发放的商业性个人住房贷款将执行新的利率政策下限。具体看，城六区首套、二套房利率下限分别为不低于相应期限（基点）、；非城六区首套、二套房利率下限分别为不低于相应期限、。相较调整前首套房、二套房的利率下限水平，有明显下调。央行最新公布的月份报价，年期以上为。按此计算，城六区首套房、二套房利率下限分别为和；非城六区首套房、二套房利率下限分别为和。据悉，各银行应根据北京地区市场利率定价自律机制确定的政策下限，结合本机构经营情况、客户风险状况等因素，按照市场化、法制化原则，合理确定每笔新发放房贷利率水平。;0.0251170710940825;0.0183639627488879;0.4333312042942402;0.0024374800187251574
连云港发布房地产新政为进一步支持刚性和改善性住房需求，促进房地产市场平稳健康发展，我市发布《关于进一步优化政策措施促进房地产市场平稳健康发展的通知》。根据《通知》，普通职工家庭单方缴存公积金的，公积金贷款额度由原来的万元提高至万元；双缴存职工家庭额度提高至万元。二孩家庭额度单方缴存的提高至万元，双方缴存的提高至万元；三孩家庭额度单方缴存的提高至万元，双方缴存提高至万元；高层次人才最高贷款额度类以上、类、硕士（或副高职称、高级技师）和全日制普通高校本科生分别上调至万元、万元、万元，夫妻双方可叠加使用。该规定暂定执行至年月日。支持使用直系亲属公积金支付购房首付款。在本市行政区域内购买家庭首套新建商品房的，公积金缴存人可申请提取本人及其配偶、父母、子女的公积金账户余额用于支付首付款。该规定暂定执行至年月日。推进灵活就业人员参加住房公积金制度。进一步推进灵活就业人员参加公积金制度的工作，吸引更多灵活就业人员通过参加住房公积金制度，提高相关群体的购房能力，解决其住房困难问题。详情请点击最新通知事关连云港房地产市场查看;0.0001064282673478;-0.5258741707854016;0.6665968906842651;-0.00045497529800076066
长沙取消第套房购买时间限制今日，长沙市住建局发布《关于优化本市居民家庭改善性住房政策的通知》，明确在本市购买第套商品住房，不受首套房网签时间的限制。月日，长沙市对部分房地产限购、限售政策进行优化，明确居民家庭在长沙购买首套房不再需要提供购房证明，住房网签备案满年可转让。政策出台后，对促进住房合理消费、提振市场信心起到积极作用。《通知》强调，为更好满足改善性住房需求，形成政策叠加效应，此次长沙进一步优化居民家庭改善性住房政策，其中明确，在本市购买第套商品住房，不受首套房网签时间的限制。居民家庭名下商品住房单套面积均不足平方米的，可购买套平方米及以上改善性住房，从而满足部分家庭改善性购房需求。居民家庭既包括本市户籍家庭、非本市户籍家庭，也包括单身家庭。长沙市住建局相关负责人表示，本次政策优化，在支持刚性住房的基础上，进一步满足改善性住房需求，发挥长沙房价比较优势、城市竞争优势和宜居宜业优势，助推长沙全力建设全球研发中心城市，促进房地产转型升级、高质量发展，下一步将按照“绿色低碳好房子、智慧安全好小区、功能配套好社区、宜居宜业好城区”等“四好”建设要求，推动房地产业由“有没有”向“好不好”发展，确保长沙房地产市场平稳健康发展。（全媒体记者卜岚通讯员肖海贝）;0.0003192848020434;-0.0737580354039812;0.5635231248015029;-0.00016183968781559579
七大利好重磅发布股即将有大动作、上交所：大力发展中国特色指数体系和指数化投资、证监会：多措并举推动提高上市公司质量，更精准有力支持高水平科技自立自强、证监会：严厉打击编造传播资本市场虚假信息以及误导性信息的行为、证监会：对杭州瑜瑶、深圳汇盛等私募机构立案调查、广东：支持广州、深圳结合城中村改造规模化建设保障性租赁住房、广东：扩大新能源汽车消费积极开展新能源汽车下乡活动、长沙：优化家庭改善性购房政策，取消购买第套房时间限制最近的行情，可谓是一波三折，但在这个位置，可千万不要慌，更不能怂大终归会好起来的，涨上去也只是时间问题，我们一定要有信心和耐心记住如今有多痛苦，后期就会有多疯狂股票交流股市分析股民交流;0.0112813963388676;0.1480554503287134;0.3694230223778519;0.007524833871428775
长沙优化家庭改善性购房政策，取消购买第套房时间限制长沙月日，长沙市住建局发布《关于优化本市居民家庭改善性住房政策的通知》，明确在本市购买第套商品住房，不受首套房网签时间的限制；居民家庭名下商品住房单套面积均不足平方米的，可购买套改善性住房（平方米及以上）。此举旨在因城施策用好政策工具箱，更好支持刚性和改善性住房需求，促进房地产市场平稳健康发展。（长沙晚报）;0.0001064282673478;0.1288761357517965;0.5067024251815799;8.475555710561216e-05
七大利好重磅发布股即将有大动作、上交所：大力发展中国特色指数体系和指数化投资、证监会：多措并举推动提高上市公司质量，更精准有力支持高水平科技自立自强、证监会：严厉打击编造传播资本市场虚假信息以及误导性信息的行为、证监会：对杭州瑜瑶、深圳汇盛等私募机构立案调查、广东：支持广州、深圳结合城中村改造规模化建设保障性租赁住房、广东：扩大新能源汽车消费积极开展新能源汽车下乡活动、长沙：优化家庭改善性购房政策，取消购买第套房时间限制最近的行情，可谓是一波三折，但在这个位置，可千万不要慌，更不能怂大终归会好起来的，涨上去也只是时间问题，我们一定要有信心和耐心记住如今有多痛苦，后期就会有多疯狂;0.0230949340144742;0.1782544801114735;0.5219764443407516;0.026205580633070616
长沙取消购买第二套房时间限制长沙优化家庭改善性购房政策，取消购买第套房时间限制长沙身边事;0.0002128565346956;-0.859303281000056;0.6665968906842651;-0.0014869023354469916
满足家庭改善居住需求长沙市优化家庭改善性购房政策今日，长沙市住建局发布《关于优化本市居民家庭改善性住房政策的通知》，明确在本市购买第套商品住房，不受首套房网签时间的限制；居民家庭名下商品住房单套面积均不足平方米的，可购买套改善性住房（平方米及以上）。此举旨在因城施策用好政策工具箱，更好支持刚性和改善性住房需求，促进房地产市场平稳健康发展。（长沙晚报）;0.0071306939123031;0.6428236233694254;0.4983209989385639;0.027855984615777988
取消购买第套房时间限制长沙优化家庭改善性购房政策和房东直接聊;0.0001064282673478;0.8201069596480905;0.6666854161677557;0.000709633561288067
财经超话助力房地产复苏的举措在路上，不断加码，不断落地。房地产取消购买第套房时间限制长沙优化家庭改善性购房政策月日，长沙市住建局发布《关于优化本市居民家庭改善性住房政策的通知》，明确在该市购买第套商品住房，不受首套房网签时间的限制；居民家庭名下商品住房单套面积均不足平方米的，可购买套改善性住房（平方米及以上）。此举旨在因城施策用好政策工具箱，更好支持刚性和改善性住房需求，促进房地产市场平稳健康发展。读书看报吃喝睡觉说财经;0.0004257130693912;0.9883117400381072;0.6665968906842651;0.0034202663178525576
长沙放松二套房限购优化家庭改善性购房政策长沙取消购买第套房时间限制月日，长沙市住建局发布《关于优化本市居民家庭改善性住房政策的通知》，明确在该市购买第套商品住房，不受首套房网签时间的限制；居民家庭名下商品住房单套面积均不足平方米的，可购买套改善性住房（平方米及以上）。此举旨在因城施策用好政策工具箱，更好支持刚性和改善性住房需求，促进房地产市场平稳健康发展。湖南交通频道官方微博;0.0056406981694338;-0.1774830772101303;0.4444473716709773;-0.005426200738102363
长沙取消第套房购买时间限制今日，长沙市住建局发布《关于优化本市居民家庭改善性住房政策的通知》，明确在本市购买第套商品住房，不受首套房网签时间的限制。月日，长沙市对部分房地产限购、限售政策进行优化，明确居民家庭在长沙购买首套房不再需要提供购房证明，住房网签备案满年可展开;0.0004257130693912;-0.5258741707854016;0.6665968906842651;-0.0018199011920030427
长沙取消购买第套房时间限制，长沙优化家庭改善性购房政策月日，长沙市住建局发布《关于优化本市居民家庭改善性住房政策的通知》，明确在该市购买第套商品住房，不受首套房网签时间的限制；居民家庭名下商品住房单套面积均不足平方米的，可购买套改善性住房（平方米及以上）。此举旨在因城施策用好政策工具箱，更好支持刚性和改善性住房需求，促进房地产市场平稳健康发展。月日，长沙市对部分房地产限购、限售政策进行优化，明确居民家庭在长沙购买首套房不再需要提供购房证明，住房网签备案满年可转让。政策出台后，对促进住房合理消费、提振市场信心起到积极作用。;0.0009578544061302;0.0509959539371303;0.6483505435588046;0.0003862164816626391
长沙优化家庭改善性购房政策：长沙取消购买第套房时间限制月日，长沙市住建局发布《关于优化本市居民家庭改善性住房政策的通知》，明确在长沙购买第套商品住房，不受首套房网签时间的限制；居民家庭名下商品住房单套面积均不足平方米的，可购买套改善性住房（平方米及以上）。（财联社）;0.0025542784163473;0.15279599615271;0.3827244334719211;0.001821596147378845
长沙取消购买第二套房时间限制长沙优化家庭改善性购房政策长沙市住建局发布《关于优化本市居民家庭改善性住房政策的通知》，明确在该市购买第套商品住房，不受首套房网签时间的限制；居民家庭名下商品住房单套面积均不足平方米的，可购买套改善性住房（平方米及以上）。此举旨在因城施展开;0.0002128565346956;0.6251534503382823;0.6665968906842651;0.0010817392949308152
长沙取消第套房购买时间限制今日，长沙市住建局发布《关于优化本市居民家庭改善性住房政策的通知》，明确在本市购买第套商品住房，不受首套房网签时间的限制；居民家庭名下商品住房单套面积均不足平方米的，可购买套改善性住房（平方米及以上）。此举旨在因城施策用好政策工具箱，更好支持刚性和改善性住房需求，促进房地产市场平稳健康发展。月日，长沙市对部分房地产限购、限售政策进行优化，明确居民家庭在长沙购买首套房不再需要提供购房证明，住房网签备案满年可转让。政策出台后，对促进住房合理消费、提振市场信心起到积极作用。为更好满足改善性住房需求，形成政策叠加效应，此次长沙进一步优化居民家庭改善性住房政策，其中明确，在本市购买第套商品住房，不受首套房网签时间的限制；居民家庭名下商品住房单套面积均不足平方米的，可购买套平方米及以上改善性住房，从而满足部分家庭改善性购房需求。居民家庭既包括本市户籍家庭、非本市户籍家庭，也包括单身家庭。长沙市住建局相关负责人表示，本次政策优化，在支持刚性住房的基础上，进一步满足改善性住房需求，发挥长沙房价比较优势、城市竞争优势和宜居宜业优势，助推长沙全力建设全球研发中心城市，促进房地产转型升级、高质量发展，下一步将按照“绿色低碳好房子、智慧安全好小区、功能配套好社区、宜居宜业好城区”等“四好”建设要求，推动房地产业由“有没有”向“好不好”发展，确保长沙房地产市场平稳健康发展。（全媒体记者卜岚通讯员肖海贝）三湘都市报的微博视频;0.0084078331204767;0.0291633806691363;0.4886908839059594;0.0014613084313843726
长沙优化家庭改善性购房政策：取消购买第套房时间限制名下无平方米以上改善性住房可购买套财联社月日电，长沙市住建局发布《关于优化本市居民家庭改善性住房政策的通知》，明确在本市购买第套商品住房，不受首套房网签时间的限制；居民家庭名下商品住房单套面积均不足平方米的，可购买套改善性住房（平方米及以上）。此举旨在因城施策用好政策工具箱，更好支持刚性和改善性住房需求，促进房地产市场平稳健康发展。长沙取消购买第套房时间限制;0.0029799914857386;-0.0787759554773557;0.6669509926182274;-0.0019093622345843493
长沙取消购买套房时间限制长沙优化改善性购房政策月日，长沙市住建局发布《关于优化本市居民家庭改善性住房政策的通知》，明确在该市购买第套商品住房，不受首套房网签时间的限制；居民家庭名下商品住房单套面积均不足平方米的，可购买套改善性住房（平方米及以上）。此举旨在因城施策用好政策工具箱，更好支持刚性和改善性住房需求，促进房地产市场平稳健康发展。（长沙晚报）;0.0002128565346956;-0.9667802029115212;0.6665968906842651;-0.0016728758906867987
长沙取消购买第二套房时间限制长沙优化家庭改善性购房政策长沙市住建局发布《关于优化本市居民家庭改善性住房政策的通知》，明确在该市购买第套商品住房，不受首套房网签时间的限制；居民家庭名下商品住房单套面积均不足平方米的，可购买套改善性住房（平方米及以上）。此举旨在因城施策用好政策工具箱，更好支持刚性和改善性住房需求，促进房地产市场平稳健康发展。（中国房地产报）;0.0021285653469561;-0.4627145025321006;0.6239016371872461;-0.007493797042678686
长沙取消购买第套房时间限制满足家庭改善居住需求长沙优化家庭改善性购房政策，取消购买第套房时间限制今日，长沙市住建局发布《关于优化本市居民家庭改善性住房政策的通知》，明确在本市购买第套商品住房，不受首套房网签时间的限制；居民家庭名下商品住房单套面积均不足平方米的，可购展开;0.0013835674755214;0.2860173806637717;0.667039518101718;0.003219067146601052
政协委员谈地贵伤房：别让高地价挤占保障房屋质量的成本年全国两会进行时据中国青年报报道：今天下午，在全国政协十四届二次会议经济界别的小组会上，柴强委员发言后，主持会议的宁吉喆委员向他提问，“请教一下房地产发展新模式”。柴强是中国房地产估价师与房地产经纪人学会会长，他从“租购并举”“保障加市场的双轨制”“人房地钱联动”等几个方面解释自己对“房地产发展新模式”的理解。此外，他专门提到了“好房子”的概念。他表示，住房质量差的问题，“光是喊一喊没有用”，要在机制上做工作。比如，目前我国国有土地使用权出让实行“招拍挂制度”，这样能减少人为干扰因素，让土地以更公平、合理的价格出让，遏制腐败产生；但是，“拍”出的地价太高，则会挤占保障房屋质量的必要成本。“地价和房价之间应该留有合理区间，好房子才能实现。”柴强感慨，“这是最难的”;0.0012771392081736;0.525545203475386;0.6665968906842651;0.005456288188643363
今天房地产应该有所表现吧博士聊基金超话北京、上海两大一线城市在同一日调整优化了购房相关政策。北京首套住房个人住房贷款最低首付款比例统一下调为；二套住房个人住房贷款最低首付款比例下调为城六区、非城六区。上海首套住房商业性个人住房贷款利率下限调整为不低于相应期限贷款市场报价利率（）减个基点，最低首付款比例调整为不低于。;0.0051085568326947;-0.0412054257067107;0.5721880468861974;-0.0014688488856383721
喇叭花快报北京购房政策调整优化的“靴子”终于落地。昨天（月日），北京市住建委等五部门联合发布《关于调整优化本市普通住房标准和个人住房贷款政策的通知》，调整首套房、二套房的首付比例，首套房首付比例统一降至，二套房首付比例最低为。;0.0039378458918688;0.2807040728244178;0.4361959305351402;0.005879965012784189
房地产京沪楼市政策大招。一线政策底，二线步入市场底。北京上海调整优化购房政策;0.0076628352490421;-0.0986825276515266;0.4850298973391322;-0.004472846200532642
今日看盘超话股市早评一、财经消息、隔夜美股三大指数集体收涨，道指续创收盘新高。、每日经济新闻：北京、上海两大一线城市在同一日调整优化了购房相关政策。、证监会：加大力度支持国企改革和民营经济发展壮大、数据宝：四部门日前联合印发了《关于加快推进现代航运服务业高质量发展的指导意见。股市早评：、美股三大指数集体收涨，道指续创收盘新高；、北京、上海两大一线城市在同一日调整优化了购房相关政策；、证监会：加大力度支持国企改革和民营经济发展壮大；、四部门联合印发了《关于加快推进现代航运服务业高质量发展的指导意见。、月份，中国进口煤炭万吨，同比增长；、央行：将加大稳健货币政策实施力度，保持流动性合理充裕。、技术面来看，昨日上证大盘收出一颗高开冲高遇阻回落的阴线，量能较昨日继续萎缩，市场谨慎观望情绪有增无减。、国企改革概念仍大概率在后续盘面中反复活跃，但需注意分化。市场仍需保持谨慎，重点留意局部的题材或个股性的机会。;0.0021285653469561;0.6107252579230075;0.8954496665364468;0.014195796030663035
天风地产降成本走向第一线北上调整优化购房政策点评北京：降首付、降利率、调标准月日，北京市住建委等五部门发布《关于调整优化本市普通住房标准和个人住房贷款政策的通知》。）降首付：首套房首付比例统一降至（前：普宅，非普），二套房首付城六区，非城六区（前：普宅，非普）。）降利率：城六区首套、二套房贷利率下限降至、；非城六区降至、（前：首套、二套）。）调标准：单套住房认定标准提至平前：平，取消总价要求，环线单价上限较此前提高。上海：调整普宅标准，优化差别化信贷政策月日，上海住建委等五部门联合印发通知，调整普通住房标准和优化差别化住房信贷政策。）降首付：首套商贷首付比例降至（前：）；二套全市降至，临港及嘉定、青浦、松江、奉贤、宝山、金山区降至（前：普宅，非普）；）降利率：首套房贷利率下限降至（前：）；二套全市降至、临港及区降至（前：）。）调标准：单套住房认定标准提至平前：平，并剔除总价要求。在一线全面落实“认房不认贷”，广深相继下调二套首付后，北上限贷政策调整如期而至。从力度看，一线四城调整后首、二套首付标准及利率加点大体相当，且在特定区域及限购方面仍留有政策空间。普宅认定放松将扩大增值税费优惠普及面，同时利好改善需求。月单月北、上新房成交分别度同比，量价层面均有压力，本次政策将降低购房者入市门槛及购房成本，我们认为或对一线城市住房需求释放形成有效刺激，对稳定市场预期、促进基本面回稳等均起到积极作用。标的方面，：）优质地产龙头：招商蛇口、保利发展、中国海外发展，建议关注越秀地产；）优质物管企业：招商积余、保利物业，建议关注中海物业、万物云；）保障房及城中村改造主题：绿城管理控股，建议关注城建发展。;0.0119199659429544;-0.1002159561085141;0.5708128792756998;-0.008315557190243923
就在（月日），一线城市中购房政策最为坚挺的两个城市，北京、上海，在同一天里，出台了购房新政。北京五大部门联合发通知，对当前的购房政策进行优化，包括：首套房首付比例统一降至；二套房首付比例最低为；城六区和非城六区，首套房贷利率下限分别调整为和。同时，贷款最长年限也从年恢复至年。上海也同样迎来了双降，降首付、降利率一起上。首套房首付比例统一降低至；二套房首付比例统一降低至；首套房、二套房贷款利率分别降至和。此外，北京、上海此次都对普通住宅的认定标准进行了大幅调整。面积上限从提升到；非普宅认定，不再看成交总价；上海是直接剔除了价格指标，北京虽然保留了成交单价的认定标准，但上限相较之前也进行了大幅上调。根据预测，执行新标准后，目前北京市场上可被认定为普通住宅的商品房，将从过去的约三成提高到约七成。大量二手房将不再需要缴纳豪宅税，大大降低了换房的交易成本。这类政策虽然对沈阳不会有波及但对全国的示范效应还是非常明显预计个别城市还会有一波调整直播今晚七点直播;0.0019157088122605;0.1409522779636818;0.4869810147933177;0.0016036121156442799
天风证券：北上调整优化购房政策，降成本走向第一线北京：降首付、降利率、调标准月日，北京市住建委等五部门发布《关于调整优化本市普通住房标准和个人住房贷款政策的通知》。）降首付：首套房首付比例统一降至（前：普宅，非普），二套房首付城六区，非城六区（前：普宅，非普）。）降利率：城六区首套、二套房贷利率下限降至、；非城六区降至、（前：首套、二套）。）调标准：单套住房认定标准提至平前：平，取消总价要求，环线单价上限较此前提高。上海：调整普宅标准，优化差别化信贷政策月日，上海住建委等五部门联合印发通知，调整普通住房标准和优化差别化住房信贷政策。）降首付：首套商贷首付比例降至（前：）；二套全市降至，临港及嘉定、青浦、松江、奉贤、宝山、金山区降至（前：普宅，非普）；）降利率：首套房贷利率下限降至（前：）；二套全市降至、临港及区降至（前：）。）调标准：单套住房认定标准提至平前：平，并剔除总价要求。在一线全面落实“认房不认贷”，广深相继下调二套首付后，北上限贷政策调整如期而至。从力度看，一线四城调整后首、二套首付标准及利率加点大体相当，且在特定区域及限购方面仍留有政策空间。普宅认定放松将扩大增值税费优惠普及面，同时利好改善需求。月单月北、上新房成交分别度同比，量价层面均有压力，本次政策将降低购房者入市门槛及购房成本，我们认为或对一线城市住房需求释放形成有效刺激，对稳定市场预期、促进基本面回稳等均起到积极作用。标的方面，重点推荐：）优质地产龙头：招商蛇口、保利发展、中国海外发展，建议关注越秀地产；）优质物管企业：招商积余、保利物业，建议关注中海物业、万物云；）保障房及城中村改造主题：绿城管理控股，建议关注城建发展。;0.0014899957428693;-0.2936296887011238;0.6668624671347368;-0.003558008403619952
最新消息证监会重磅发声全力维护资本市场平稳运行；北京、上海放大招，调整优化购房政策。、证监会：全力维护资本市场平稳运行；、北京、上海调整优化购房政策；、美股三大指数集体收涨，道指续创收盘新高；、鸿蒙系统即将走向独立：多家高校设立“鸿蒙班”，部分已替代安卓成课程核心；、泸州老窖：控股股东拟亿元至亿元增持公司股份。政策解读新浪看点网页链接;0.0012771392081736;0.3028387364484121;0.5679361212232853;0.00267876648645239
今天稳了期指大涨主要原因可能是下面两点：一，证监会召开会议：全力维护资本市场平稳运行，把促进投融资动态平衡放在更突出位置。资本市场是连接企业和投资者的重要枢纽，只有市场平稳向上，才能很好发挥场挥投融资功能。企业才能更好地融资发展，投资者也能享受到企业发展的红利。二，北京上海调整优化购房相关政策。一线城市调整购房相关政策可以更好满足民众刚需和改善性需求。对房地产行业健康持续发展也起到重要作用。住房销售增长也能带动相关行业发展，对刺激消费也能起到带动作用。;0.0218177948063005;-0.6920943134535369;0.6665968906842651;-0.1227510229068055
基金超话月日上证指数涨跌预测及期权操作计划：消息亮点：北京、上海调整优化购房相关政策。技术分析：上一交易日指数表现如料。小时技术指标收盘时进入低位区。今日指数预计止跌企稳。期权操作计划昨日仍未出现盈利场景，原因是标的波动变小。今日等待波动再加大。（期权投资风险极大，不怕死的可放马过来）;0.0002128565346956;0.9999938465949476;0.6665968906842651;0.0017303473858545076
东方财富股票重磅北京、上海调整优化购房相关政策北京、上海两大一线城市在同一日调整优化了购房相关政策。重磅北京、上海集体出手调整优化购房相关政策来自东方财富网;0.0001064282673478;0.9998883791306556;0.6665968906842651;0.0008650824446902012
“皇上，不可”诏狱失火，穆裴轩伺机逃出诏狱的消息正将送入行宫内，小皇帝萧珣怒不可遏，当场就拍了御案。萧珣着姚从率锦衣卫连夜追捕穆裴轩，秦穹和李承意便是此时来的。秦穹蹙着眉，沉声道：“靖南郡王私自离开诏狱虽不合规矩，可到底事出有因。在缉拿九莲教妖人途中，妖人挟持郡王妃潜逃了。”萧珣苍白的面色阴沉沉的，一言不发。殿外雷声轰隆，密雨如倾。半晌，萧珣扯了扯嘴角，道：“怎么就这般巧？他那郡王妃不是尚在病中吗？怎的跟着去缉拿妖人去了？偏偏还被人挟持了去？”“还这么巧，诏狱就失火了？”李承意乍听这话，抬起眼睛，拱手道：“皇上，此番能查出九莲教妖人藏匿之所，多亏郡王妃撬开了那青桐的嘴”一旁的姚从嘴唇轻动，想说此前被买通刺杀穆裴轩的人业已招供，正是出自玉安孟氏的手笔，信王妃正是出自孟氏可他见皇帝如此恼怒的模样，话在嘴边过了一圈，没有再说出口。皇帝前脚才下令要他带锦衣卫去追拿穆裴轩，穆裴轩本就是在他手中跑的，现在他再开口，就是引火烧身，说不得就要失去帝心。萧珣讥诮道：“李承意，你知道的倒是清楚。”李承意扑通一声跪在地上，“皇上。”秦穹开口道：“皇上，经三司审查，世子萧元启之死乃出自九莲教妖人之手，和靖南郡王无关。他既已离开诏狱，皇上不如下诏为之昭雪，如此，既可显司法之公正，也能彰显陛下之仁德。”萧珣冷笑道：“让穆裴轩待在诏狱，乃是朕钦命，他未得圣旨，就敢私自逃出诏狱，分明是藐视皇威，半点都不将朕这个天子放在眼里”“如此狂悖，朕不当罚，还要朕下旨？”萧珣道，“太师，有这样的道理吗？”秦穹心知皇帝心中对穆裴轩的忌惮，戍疆大吏，哪个皇帝能不忌惮，更何况有秦凤远这个先例，大梁又值此风雨飘摇之际。可便是想削藩，也不能如此激进。秦穹沉声道：“事急从权，也属常情，皇上宽宏大量，想来靖南郡王心中自会感恩戴德”“感恩戴德？”萧珣漠然道，“他若知感念皇恩，为何秦贼攻打梁都时，他不来救驾”“他要真知感恩，朕让他留在玉安，他就该留下可他没有他拥兵自重，居功自傲，朕看他分明就是想做下一个秦凤远”秦穹霍然抬起头，直直地看着萧珣，“皇上”老太师眼里露出几分严厉和不赞同，刹那间，萧珣心中瑟缩了一下，可转瞬又成了怒意，道：“太师，朕难道说错了吗？”秦穹看着少年人，问道：“皇上当真派了人去瑞州？”说着，他扫了眼姚从，姚从眼观鼻，鼻观口，和李承意都不敢做声。萧珣抿了抿嘴唇，道：“那又如何？”秦穹整个人都晃了晃，苍老了几分，轻叹道：“慎重则必成，轻发则多败，皇上，靖南郡王是功臣您太心急了。”萧珣面无表情道：“太师又要朕等吗？”“自父皇驾崩之后，朕就一直在等，等到除了林相，大梁的半壁江山也丢了，朕像个丧家犬似的一路南逃。你又要朕等，要朕忍，要忍几年？你告诉朕”“信王狼子野心，他会给朕徐徐图谋的时间吗？朕再忍下去，他就要逼朕写禅位诏书了”一道紫电劈下，台上的少年被皇权折磨得苍白消瘦，面容阴郁又陌生，不像先帝在时聪慧狡黠、玉雪可爱的小太子，更没有半点初登帝位时，仓皇不安地抓着他的手，叫着他秦尚书，问他孤要怎么办？孤不知怎么做皇帝时纯稚认真的影子。秦穹的脊背都似佝偻了几分，他想，当真是大梁的气数尽了吗？穆裴轩守了段临舟一眼，盏上的烛火燃尽了，窗纸渐渐透出天光。这一夜，牧柯累得脚不沾地，此一役受伤的不知段临舟一个，此处即便不是九莲教总坛，也是极为重要的分坛。段临舟的人，穆裴轩的人，双方均有死伤。当中柳三九是段临舟的心腹，江渔更是护送他们一路自瑞州到玉安。说来也险，江渔和那九莲教长老动手，江渔自是不敌的，可后来兴许是听见穆裴轩带人大肆闯进来的声响，那老妪担心云琢，便弃了江渔直奔云琢而去。章潮等人来得也及时，江渔因此捡了一条命。东方既白，山中雾气重，牧柯忙了一宿，周自瑾见他终于腾出手，便往他手里塞了碗热粥，一张煎软的饼，道是厨房里弄的，凑合先填几口肚子。他不说牧柯还不觉得，闻着白粥漫出来的米香，顿时想起自打昨儿中午就滴水未进，舔了舔干燥的嘴唇，说了声谢，先咕噜了半碗粥，才恶狠狠地咬了大口饼。周自瑾问他：“牧大夫，我们郡王妃”他欲言又止，牧柯看了周自瑾一眼，嚼巴嚼巴将饼咽下去才道：“不知道。”“如今是尽人事，听天命了。”这话听得周自瑾脸色一白，他愣愣地看着院外的青松，说：“好人有好报，郡王妃是好人，一定能没事的。”牧柯想了想，没戳破，点了下头。他就是在这时听到穆裴轩的声音的，高声又急促地叫他，“牧柯，牧柯”牧柯蹭地站直了，顾不得再吃，将手里的东西塞周自瑾怀里，说：“我瞧瞧去，”说完，咚咚咚地就小跑了过去，一边擦着自己的手，“来了”他迎面撞上寻过来的穆裴轩，青年天乾身上穿的还是昨日的劲装，挂着血，面容憔悴，熬得通红的双眼直直地看着牧柯，说：“快，临舟突然吐血了你看看他”他一把攥住牧柯的手，腿长，步子也迈得大，抓了牧柯就往禅房里拖去。牧柯脚下也急，二人都要跑起来，所幸没几步，牧柯迈进房内，直接就去了病床前。段临舟已经昏迷了过去，嘴边却都是黏腻的红里发黑的血，他心头跳了跳，伸手探向段临舟的脉搏，过了许久，才长长地舒了一口气。穆裴轩一眼也不敢眨，小心地擦着段临舟颊边的血，一边盯着牧柯的神情，见他撤回手，忙不迭问道：“怎么样？临舟怎么样？”牧柯道：“脉象虚浮如悬丝，不过暂时稳住了。”“一切还是要等他醒来再看。”穆裴轩肩头也落了落，悬了几日的心晃了晃，勉强着陆一般，几乎喜极而泣，他克制地深深地吸了好几口气，才道：“我就知道，我就知道他会没事的。”牧柯心道，这可离没事差得远呢。牧柯摇摇头，道：“你也去吃些东西吧，再这般下去，你要先病了。”穆裴轩道：“我不饿。”“怎么能不饿？”牧柯说，“这几日都没好好吃东西，便是照顾病人，也得先照顾好自己，自己好好的，才有余力照顾段老板。”穆裴轩应了，目光却仍黏在段临舟身上，牧柯叹了口气，道：“我去熬药，一会儿让自瑾送些吃的过来，你记着吃。”段临舟却是晚上才睁眼的，穆裴轩一直在床边守着，掌心里攥着段临舟的一只手，那几根手指一动，他猛地惊醒，直勾勾地盯着段临舟。段临舟缓缓睁开眼，禅房里烛火暗，昏昏里瞧见床边杵了个高大的身影，连声地叫他，“临舟，临舟，你醒了”过了好几息，段临舟才开口，可声音太低哑虚弱，穆裴轩没听清，俯下身来道：“可是哪里疼？”段临舟道：“你没事吧？”穆裴轩眼睛一热，低声道：“我好着呢。”段临舟：“云琢呢？”穆裴轩：“死了。”“三九江渔”“活着，都活着，”穆裴轩伸手轻轻摸了摸段临舟的脸颊，道：“一切已经结束了，你别担心，万事有我。”听着这话，段临舟似是露出一个极轻的笑，如天边云，袅袅将散。穆裴轩用力眨了眨眼睛，忍住了眼中涌起的热意，口中道：“你醒了就好了，等你再养养伤，我们就启程回瑞州。”“阮修拿着了那颗珠子，现在已经给了牧柯，他正在想方子，等他敲定了法子，就能拔出你体内的毒，段临舟，你会没事的。”阮修是穆裴轩也离开玉安之后跟上来的，他手中持有的正是自那申榷手中得来的南明珠，穆裴轩昔日送贡品上梁都时曾见过一眼，是真品无疑。可这颗珠子原是为解“见黄泉”做药引子的，如今段临舟体内不止一味“见黄泉”，便是牧柯，也不敢轻易妄动了。段临舟听着他絮絮叨叨地说着，尽都是为安他的心，眼里柔软，声音嘶哑道：“小皇帝派了人去瑞州你别担心。”“出发前，我让陆重，盯住了周庭，”段临舟说，“他要是有动作，陆重会拿下拿下他的亲眷，军中有徐英，他调动不了南军。”这几句话长，说得也吃力，穆裴轩垂下眼，怔怔地看着段临舟。段临舟行事素来走一步看十步，穆裴轩要和他一起离开瑞州，而周庭是朝廷派去南边的指挥使，为的就是盯住安南王府。周庭和穆裴轩相交多年，很有几分师徒情谊，可他到底是朝廷中人，穆裴轩也许会顾忌二人间的情分，段临舟却无法对他全然放心。段临舟不是官府中人，可官有官道，匪有匪道，他自有他的路子能拿住周庭。这些事本就是有备无患埋下的后手，没想到此刻都用上了。穆裴轩没想到段临舟竟在出发前做了这么多事，他当真是殚精竭虑地为他筹谋打算的。穆裴轩想笑，可眼睛却发热，他哑着嗓子道：“嗯，我不担心。”段临舟看着他颌下的青茬，眼下都是乌青，想伸手摸一下，却扯动了肩膀的伤口，顿时疼得冷汗涔涔，口中也溢出了一声闷哼。穆裴轩吓了大跳，道：“别动，你别动，伤着呢。”段临舟喘了几口气，才缓过了肩上的剧痛，道：“真憔悴，都不漂亮了。”穆裴轩听着他的话，瞪着段临舟，段临舟朝他笑了一下，说：“我们郡王，可是瑞州最英俊漂亮的天乾”他声音越低，体力不支，又昏睡了过去，骇得穆裴轩又冲出禅房将隔壁的牧柯抓了过来诊了片刻才放下心来。邋遢了好些日子的穆裴轩总算是剃干净了下颌冒的碎茬，换了身干净衣裳，出现在段临舟面前时，便又是那个挺拔俊美的天乾。这一日，章潮来报，道是四十里外，发现了官兵的踪迹。穆裴轩沉默了下来。这官兵，不是信王派来的，便是皇帝派来的。无论是谁遣来的，此刻他们寡不敌众，必然不能和他们相抗衡。别无他法，只能走。穆裴轩着周自瑾弄来了两辆马车，一辆给段临舟，一辆给柳三九和江渔。二人伤重，他们是段临舟的心腹，自是不能将他们丢下。段临舟虚弱，这两日昏睡的时候远多于清醒的时候，穆裴轩小心翼翼地将他抱上马车时，段临舟醒了片刻，问他：“怎么了？”穆裴轩若无其事道：“没事，咱们启程回家了。”段临舟何其敏锐，自是能听懂他话中背后的意思，他张了张口，想说什么却没有说出口，只是低低的嗯了声，又闭上了眼睛。追来的确实是朝廷的人马，他们撵得紧，赫然是不打算让穆裴轩一行人回去。双方交过手，来人调动的是地方戍军和锦衣卫，穆裴轩心想，没想到小皇帝会有和信王合作杀他的一天。穆裴轩的人大都在乾安城外，由顾云真率领，此刻还未和他们汇合。穆裴轩手中尚有千余人可用，足以斡旋几日。遣来的地方戍军和锦衣卫都是冲着要穆裴轩命来的，不是酒囊饭袋，饶是穆裴轩的人对上，也有几分吃力。双拳难敌四手。更遑论还带着伤患。穆裴轩无意和他们厮杀，他要的是回瑞州。一连几日疾奔，段临舟路上又发起了热，他昏昏沉沉地躺在车厢内，车内铺了厚厚的绒毯，已是竭力让段临舟能舒坦些。段临舟浑身发烫，穆裴轩给他喂了一盅药，摸着段临舟的脸颊，心如刀绞。段临舟清醒又不清醒，他哑声叫穆裴轩，“郡王你们走吧。”“没了我，他们拦不住你。”穆裴轩身体紧绷，咬着牙，下颌线明晰如刀削，道：“临舟，别说傻话。”段临舟脑袋靠在他胸口，吐息灼热又微弱，喃喃道：“不是傻话，我活不了了，你带着我，甩不脱他们。”穆裴轩却听不得那话，道：“你能活，谁说你活不了，你能活得好好的。”段临舟道：“走吧，在这儿放下我，换上马回家，谁都拦不住你。”“阿轩”车窗外，周自瑾道：“郡王，东边发现了朝廷的人马。”穆裴轩低头嘴唇贴着段临舟发烫的额头，道：“我不会舍下你。”“就算是死，要死一起死。”;0.0633248190719455;0.7026789139031678;0.4086781745851169;0.2217675641460309
东莞东莞楼市住建部的说法今年政策很多工作是开创性的，难也要干，生命力在于落实，在狠抓落实动则必快，动则必成。这个提法其实算比较激进了，也在预示着接下来的政策会更加果断，政策加速度，值得期待。;0.0006385696040868;0.1731835572065727;0.6665968906842651;0.0008990086784206767
徐必成生日快乐。宝宝我嘴比较笨不会说那种很华丽的话，但是认识你是我最幸运的事情，认识你的每一天我都在想为什么我没有更早认识你更早一点，这样是不是可以陪伴你更久更久一点。今年挑杯时隔三年进了总决赛，我就在想克服千难险阻，也一定要见你一面，万一这是最后一次进总决赛呢，职业选手的生涯是未知数，超过二十岁的职业选手更是，可能前一天还在打比赛后一天就替补轮换默默淡出视线了呢，我不敢想。但和我紧张压抑的心情不同的是，总决赛现场气氛特别特别好，看见了很多很多很多跟我一样喜欢你支持你的粉丝，场馆外挥着旗子提着应援穿着队服的，很多人都是和我一样从全国各地赶来支持你的，我真的很受触动，那一瞬间真的很感慨，好庆幸能有那么多人同时和我一样喜欢你支持你。现场的气氛和直播里的真的完全不一样，我坐在观众席上看着你入场，看着你打比赛，看见屏幕中的人变得那么近，跟着观众席一起大声喊着口号，鼓声咚咚穿进我的耳膜，穿进我的心脏，在没有延迟的现场，我们的心跳会在某一刻共振。很可惜的是这一场比赛输了，其实输掉的那一刻我心里并没有很难过，这是我意料之中的结果，能拿到分在赛前我想都不敢想，好像我们小红作为一支成型一个月的新队伍，作为一个挑战者能走到总决赛这一步已经很不错了很不错了。但水晶被推掉后，我看见你坐着座位上迟迟没有动，握着手机盯着屏幕发呆的时候，后知后觉感觉到心脏一阵一阵的钝痛，这一刻我们心脏又共振了，你那个时候也是这么痛这么难过的吧，然后我站起身收了东西头也不回的就走了，结果一出场馆门就下了暴雨，狂风暴雨，吹倒了门口竖着的应援牌，也吹灭了我心里最后一盏灯。那段路上我一直在控诉老天爷偏心，为什么老天爷不肯眷顾你哪怕一次呢，为什么你的努力迟迟得不到应有的回报呢，为什么你的运气总是那么差呢，为什么骗你，为什么刚把你从谷底拉出又毫不犹豫的再次把你推下去呢，那个奖杯，那个开幕式时离你不到一米距离的奖杯，为什么实际距离感觉十万八千里，感觉这条路永远也走不尽呢。回到酒店躺到床上的时候我点开手机，看见你发了一条微博。你说“不要停下前进的步伐虽然会累有荆棘，但是这不就是我们所追求的挑战吗，下一个故事在等着我们”，真的一瞬间就有点绷不住了。宝宝，我好想哭好爱你，这段话又增强了我的信心，是啊宝宝，挫折，遗憾，失败，都是人生的常态，我们该做的是学习如何从一个个挫折遗憾失败中走出来，站起来，跨过它，击败它。我们的故事还没有到完结的时候，我们还要携手一直一直往前进，还会有下一个下下一个下下下一个故事等着我们一起去书写，爬山的道路是艰难的是辛苦的，但如果不经历这些痛苦，又怎能体会到达山巅的喜悦呢。这次世冠果然你们丝毫没有受到挑杯失利的影响，特别快的就调整了心态和状态，慢慢学习慢慢进步，踏踏实实的一步一步向前走，交出了一份又一份满意的答卷，也在这一个月中一次又一次的进步，战胜了一个又一个以前从未战胜的对手，突破了一个又一个必败的玄学，我说过，这次世冠我们就是破魔者，翻过一座一座大山，打破一个一个梦魇，突破一次一次上限。我相信你们，更加相信你徐必成，前天的比赛就是一个好的开头，赢了比赛才让我们争取到了今天的空闲，能给你放松一下过一天的生日，今天之后后面几场比赛都请继续全力以赴地拿下，每一步都踏踏实实的走下去，还差两步，山巅就在前方，这次我们不要再留遗憾了好不好，命运把握在自己手里，我希望岁的生日礼物是你送给自己的世冠冠军。这次总决赛我又来见你了，希望你也能稳稳的进总决赛来见我，以后你进的每一次总决赛我都会来，希望你还可以进好多好多次总决赛，希望我们还可以见好多好多次面，你还要打很久很久，答应我的要打到三十岁，不要消失。一条路再黑也会有光照进来，一条路再长也终会走到尽头，希望下次我可以亲眼见证你亲手捧起那座属于你的奖杯，而不是只能远远望着它了。生日快乐，希望在年的年末你可以如愿以偿。一诺;0.0004257130693912;0.9998401699896926;0.6665968906842651;0.003460162940612103
阳光信用超话每日一善超话每日一善阳光信用实时号测试大家上午好呀，周末愉快，天冷注意保暖月末起来动涨芬呀跟极好积极动涨芬更快喔，找找极好的好友互动起来每月认真互动是涨芬最关键的哦带字转蹭快锦鲤附体锦鲤附体今日份锦鲤，好运莲莲锦鲤附体锦鲤附体路虽远行则将至，事虽难做则必成。用你的智慧点燃梦想，用你的勤奋书写未来每天努力一点点，年底收获满满傅家果果苏苏的微博视频;0.0046828437633035;0.5251422896834449;0.4306253955591497;0.012914333647483471
楼市早知道房地产超话深圳楼市楼市启动前夜房地产经济、住建部住建部：“动则必快，动则必成”明年房地产工作狠抓落实、住建部住建部：明年因城施策、一城一策实现房地产供求关系平衡、市场京沪楼市新政发布一周：北京一楼盘半小时即卖余套，有楼盘客户量多到需限流、上海上海楼市新政后利率大降，期房业主能否集体重签贷款协议？、珠海横琴“总规”重磅发布，定调未来年发展蓝图;0.0003192848020434;-0.0920256714973546;0.675007617947258;-0.00024186978487947426
每日一善阳光信用实时号测试大家上午好呀，周末愉快，天冷注意保暖月末起来动涨芬呀跟极好积极动涨芬更快喔，找找极好的好友互动起来每月认真互动是涨芬最关键的哦带字展开;0.0341634738186462;0.5791137498925195;0.4431718261275346;0.10692610482006629
住建部称明年房地产工作狠抓落实坚持稳中求进、以进促稳、先立后破，明年做好四大板块、个方面工作。因城施策、一城一策，实现房地产供求关系平衡；进一步加大首套住房、二套住房政策落实力度；保交楼工作落实属地责任，加强预售资金监管，加快预售制度改革；一视同仁满足不同所有制房企合理融资展开;0.0004257130693912;-0.1578667248669216;0.6665968906842651;-0.0005463319111753236
进一步加大意思是继续降首付比例或者降利率好房子不够放开限价，打造好房子样板动则必快，动则必成;0.0004257130693912;0.6974097492881819;0.6666854161677557;0.002413857647430551
全球早盘信息汇总美国和通胀数据增强降息预期，纳指涨超，标普涨，道指靠近历史高位。芯片股指收涨跑赢大盘、逼近历史高位，美光财报后创近两年新高。存款利率迎年内第三次下调：长期限存款利率降幅更大；工行率先出手。住建部：新一轮保障性住房严格封闭管理，“新房新政策，老房老办法”；明年房地产工作狠抓落实，“动则必快，动则必成”。美国三季度终值下修至，物价指数降温。特斯拉量产恐推迟，电池产量据称只能满足需求。工业和信息化部表示，年将全面实施制造业重点产业链高质量发展行动。;0.0233077905491698;0.3131086324142931;0.4360735130264942;0.03880981379224533
动则必快，动则必成。这小词整得，快可以理解，工具箱里的工具拿快点就行，成的含义是什么？这个理解准了，那就是人生中的一次大机会。;0.0001064282673478;-0.0994584222907517;0.6665968906842651;-8.604934000245147e-05
财经要闻：、月日，国务院关税税则委员会发布公告：年月日起，对部分商品的进出口关税进行调整。按此公告，恢复煤炭进口关税。按照自贸协定，来自澳大利亚，东盟的进口煤继续实行关税来自其他国家的进口煤实行最惠国税率，无烟煤、炼焦煤、褐煤关税为，动力煤关税为。、继月下调后，大行与部分股份行存款挂牌利率今日再次下调。就工行、农行、中行、建行等大行而言，年、年期定存挂牌利率降幅最高，为。与此同时，也有股份行在今日与大行一同下调。月日，招商银行年、年、年、年期整存整取定期存款挂牌利率为、、、。另外，记者了解到，部分银行大额存单也出现调整，最高降幅达到。、工信部：促进稀土在航空航天、电子信息、新能源等领域高端应用，启动智能网联汽车准入和上路通行试点。、住建部：“动则必快，动则必成”，明年房地产工作狠抓落实。、工信部：年要出台未来产业发展行动计划瞄准人形机器人、量子信息等产业。、蓝筹权重股昨日午后走强，上证指数涨，资金再次跑步进入上证。华夏上证昨日成交额达到亿元，较前一日亿的成交额实现翻倍。只沪深巨头交易活跃，昨日合计成交额达到亿，较前一日亿明显放量。、美国三大股指全线收涨，道指涨报点，标普指数涨报点，纳指涨报点。英特尔涨，赛富时涨，领涨道指。万得美国科技指数涨，特斯拉涨，英伟达涨。中概股普遍上涨，晶科能源涨，新濠博亚娱乐涨。欧洲三大股指收盘小幅下跌，德国指数跌报点，法国指数跌报点，英国富时指数跌报点。国际油价小幅下跌，美油明年月合约跌，报美元桶。布油明年月合约跌，报美元桶。国际贵金属期货普遍收涨，黄金期货涨报美元盎司，白银期货涨报美元盎司。伦敦基本金属收盘涨跌不一，期铜涨报美元吨，期锌跌报美元吨，期镍跌报美元吨，期铝涨报美元吨，期锡涨报美元吨，期铅跌报美元吨。芝加哥期货交易所（）农产品期货主力合约收盘涨跌不一，大豆期货跌报美分蒲式耳；玉米期货涨报美分蒲式耳，小麦期货涨报美分蒲式耳。美债收益率集体上涨，年期美债收益率涨个基点报，年期美债收益率涨个基点报，年期美债收益率涨个基点报，年期美债收益率涨个基点报，年期美债收益率涨个基点报。纽约尾盘，美元指数跌报，非美货币普遍上涨，欧元兑美元涨报，英镑兑美元涨报，澳元兑美元涨报，美元兑日元跌报，美元兑瑞郎跌报，离岸人民币对美元涨个基点报。、上海有色网最新报价显示，月日，国产电池级碳酸锂价格下跌元报万元吨，连跌日，续创逾年新低。;0.0020221370796083;0.9109326624639636;0.6667739416512463;0.014978253910560223
之前计生部们说放开计划生育，人口会迎来爆发性增长，国家资源承载不了。现在放开发现是负增长。去年说口罩放开，社会面临崩溃，很多人熬不过这一关。放开后两周后就恢复正常了。十年前各地户籍限制，认为入户人口太多挤占当地教育，医疗等资源，现在省会无条件入户，买房送户口。七年前房价上涨展开;0.1176032354193273;0.1934568458446583;0.4490939005153727;0.1246023495565535
多家大行将于明起再下调定期存款及大额存单利率继今年月国有大行下调存款利率后，时隔三个月存款利率再迎“降息”。证券时报记者月日从多个信源核实到，月日起，多家国有大行将再下调存款挂牌利率，不同期限的定期存款及大额存单利率下调幅度不等，降幅一般为、、和，存款期限涵盖一年期到五年期。住建部：“动则必快，动则必成”明年房地产工作狠抓落实商务部：全力保障生活必需品市场供应商务部新闻发言人束珏婷日在例行新闻发布会上说，近期，全国多地出现强雨雪天气、气温大幅下降，对部分地区生活必需品供应造成一定影响。商务部第一时间积极采取措施，全力保障生活必需品市场供应。目前，国内生活必需品市场供应充足，受大范围寒潮天气影响，部分地区的蔬菜价格阶段性上涨，粮食、食用油、肉类、鸡蛋等商品价格总体平稳。束珏婷说，下一步，商务部将持续加强监测分析和工作调度，及时采取有效措施，积极应对低温雨雪冰冻灾害影响，保障生活必需品市场平稳运行。（新华社）本周，唐山主要仓库及港口同口径钢坯库存万吨，周环比减少万吨。调研周期内，下游轧材企业低价补库为主，社库持续走低；港口方面，内贸资源出口和进口板坯到港并存。本周，五大品种钢材总库存量万吨，环比增加万吨。其中，钢厂库存量万吨，环比增加万吨；社会库存量万吨，环比减少万吨。小评，我昨天晚上预计今天的库存与网报不同，主力采用了我的，这个白天与晚盘看一下盘就知道了。所以经常要用自己的估算库存比较实用。港口市场情绪偏弱，随着气温下降，终端需求提振有限，港口货源销售不畅，部分贸易商出货意愿增强，市场报价出现松动。有贸易商表示，市场报货见多，价格有下跌迹象，但近期港口调入量明显减少，港口库存快速下滑，大跌或也难出现。主产区煤矿价格整体较为平稳，个别矿价格止跌上涨。部分煤矿年度任务即将完成产量收紧，随着路况好转，部分煤矿拉煤车增多，库存压力减缓，但终端还是以刚需采购为主，贸易商不敢存煤，整体市场以去库存为主，需求释放有限，年底市场供需两弱;0.0004257130693912;-0.0916324129758898;0.557280314114714;-0.0002651096343071832
住建部的说法就是明年将会放开限购，限价，首套二套首付比例与利率都会降低。动则必快，动则必成，不达目的不罢休;0.0166028097062579;0.1885652120420749;0.5046641452972832;0.01926776395132003
住建部：“动则必快，动则必成”明年房地产工作狠抓落实月日上午九点，全国住房和城乡建设工作会议在北京召开，会议回顾总结年工作，系统部署年重点任务。住房和城乡建设部党组书记、部长倪虹在会上强调：坚持稳中求进、以进促稳、先立后破，明年做好四大板块、个方面工作。因城施展开;0.0019157088122605;0.073764792727393;0.6487795968489132;0.0011180507296115127
倪虹指出：房地产已经从“有没有”转入“好不好”的时代，好房子只有想不到，没有做不到。明年选择一些城市和企业试点，抓一批好房子样板出来，不同的价格下有不同的好房子。保交楼工作落实属地责任，加强预售资金监管，加快预售制度改革。倪虹表示，在狠抓落实上下更大功夫，“动则必快，动展开;0.0002128565346956;-0.0524655636156183;0.6665968906842651;-9.078420948168179e-05
住建部：“动则必快，动则必成”明年房地产工作狠抓落实;0.0011707109408258;0.7214015673422086;0.7973861607862507;0.00821260915595099
住建部：保障性住房不得上市交易需实施严格封闭管理。;0.0013835674755214;0.8533840311897534;0.6665968906842651;0.009598289440907353
早间重磅消息汇总，突发重要信号，三大利好出现，今天大怎么走？证监会主席易会满：全力维护资本市场平稳运行更好发挥资本市场枢纽功能。利好希望将来是稳步有升的股市，而不是稳步运行而已。重要信号国资委大消息坚决防范化解中央企业金融板块业务风险问题。大利好稳定军心金融板块的企稳，才是大企稳的基础。如果金融板块今天出现集体拉升，大有可能再次逆转下跌趋势。潘功胜：主动适应我国房地产市场重大转型，战略上，牢牢坚持房子是用来住的、不是用来炒的定位。定位很清楚了，而且也很合理。接下来更多的应该是实体产业，而不是房地产。市场人士指出，三大力量集体做多，成为中国股市长牛慢牛的坚实基础。而从五到十年维度看，多万亿元居民储蓄中的左右（即万亿元万亿元居民储蓄）未来还会进入到权益市场中。大利好但是真的有这么多钱愿意进场吗？没有赚钱效应的市场，是不可能有这么多资金进来的，只有让市场有赚钱效应，才能吸引更多的投资者。国家新闻出版署：发布月国产网络游戏审批信息，共款游戏获批。利好游戏板块游戏板块今天将继续上涨再融资从严从紧“五条红线”提高门槛多家上市公司定增“搁浅”。大利好大幅减少上市公司的再融资行为，有利于市场稳定，至少市场失血大幅减少。中信证券：申请发行不超亿元公司债券获证监会同意注册批复。大利空欧美普跌，纳斯达克跌近，中概股普跌，金龙指数下跌超，人民币下跌。利空港股和大开盘。小结：今天大预计还会继续调整，而且会尝试破点。但是在接近时，市场很可能会迎来一波抄底反弹，大概率还是国家队出手，另外大金融今天也会充当稳定器作用。点今天还是能守住的今天热点还是泛科技方向，当然大金融应该也会有机会。;0.0224563644103873;-0.2648110055630693;0.5423177761800488;-0.039329191637388045
行长潘功胜的文章：主动适应我国房地产市场重大转型。主动适应我国房地产市场重大转型，战略上，牢牢坚持房子是用来住的、不是用来炒的定位。策略上，弱化房地产市场风险水平，防范房地产市场风险外溢，一视同仁满足不同所有制房地产企业合理融资需求，维护房地产市场稳健运行。为保障性住房等“三大工程”建设提供中长期低成本资金支持，完善住房租赁金融政策体系，加快构建房地产发展新模式。;0.0008514261387824;0.3619717508081548;0.9082402362224832;0.003413564375702054
潘功胜人民日报撰文：主动适应我国房地产市场重大转型，战略上牢牢坚持“房住不炒”定位金融是国民经济的血脉，是国家核心竞争力的重要组成部分，事关经济兴衰和国家安危，事关人民群众安居乐业，必须坚持党中央对金融工作的集中统一领导。金融管理主要是中央事权，必须毫不动摇坚持党中央集中统一领导。金融工作会议时隔年再次召开，从“全国金融工作会议”更名为“中央金融工作会议”，进一步凸显了党中央对金融工作的高度重视，金融在党和国家事业全局中的重要地位。中央金融工作会议围绕奋力开拓中国特色金融发展之路强调“八个坚持”，坚持党中央对金融工作的集中统一领导是根本保证。;0.0003192848020434;0.636462685390601;0.6685444513210583;0.0016567889317912808
潘功胜人民日报撰文：主动适应我国房地产市场重大转型主动适应我国房地产市场重大转型，战略上牢牢坚持房子是用来住的、不是用来炒的定位；策略上弱化房地产市场风险水平，防范房地产市场风险外溢，一视同仁满足不同所有制房地产企业合理融资需求，维护房地产市场稳健运行。为保障性住房等“三大工程”建设提供中长期低成本资金支持，完善住房租赁金融政策体系，加快构建房地产发展新模式。;0.0002128565346956;0.8036469136884137;0.6665968906842651;0.0013905968931567378
“主动适应我国房地产市场重大转型战略上牢牢坚持“房住不炒”定位”。房住不炒，也就意味着房价不涨，房价不涨也就意味着房子不再具有金融属性，不再具有投资属性，也就意味着前期被套牢的投资性房产家庭永不得翻身，也就意味着房地产及其产业链不会再有复苏之可能。前浪死在沙滩上，从此不会有后浪。后来因住买房者，当是应感恩新时代好政策。;0.0002128565346956;0.7450217111109505;0.6665968906842651;0.0012891543029142861
潘功胜：主动适应我国房地产市场重大转型战略上牢牢坚持“房住不炒”定位保利发展持续大跌所以啊，在房地产行业大转型的情况下，别以为躲在央企就安全，他最多只能保证不像恒大、碧桂园等暴雷，但不代表不跌;0.0013835674755214;-0.1449108574614099;0.6964785937638225;-0.0017029219595041689
央行潘功胜：主动适应我国房地产市场重大转型战略上牢牢坚持“房住不炒”定位;0.0112813963388676;-0.1936404602305197;0.4749571148132159;-0.012653161857507375
潘功胜：主动适应我国房地产市场重大转型战略上牢牢坚持“房住不炒”定位非常认同这位央行行长，无论是在认识还是在操作。市场变了，不能死抱着老思维不放;0.0037249893571732;0.2118308456245754;0.5234065915166053;0.005036619310173665
央行行长潘功胜在《人民日报》发表文章指出，要加强与财政、监管等政策的协调配合，持续增加对重大战略、重点领域和薄弱环节的支持。高质量发展是首要任务，继续利用支农支小再贷款、再贴现和普惠小微贷款等支持工具，延续实施碳减排支持工具、支持企业技术进步专项再贷款、普惠养老专项再贷款等，支持科技创新、民营小微、先进制造、绿色发展、普惠养老等领域健康发展，积极开展科技金融、绿色金融、普惠金融、养老金融、数字金融等五个方面的工作。要主动适应我国房地产市场的重大转型，战略上坚持房子是用来住的、不是用来炒的定位；策略上，要降低房地产市场风险水平，防止风险外溢，平等对待不同所有制房地产企业的合理融资需求，维护房地产市场的稳健运行。要为保障性住房等“三大工程”的建设提供中长期低成本资金支持，完善住房租赁金融政策体系，加快构建房地产发展新模式。目前，我国银行体系贷款余额超过万亿元，社会融资规模余额超过万亿元；近年来，我国每年贷款新增万亿元左右，社会融资规模新增多万亿元。盘活存量贷款、提升存量贷款使用效率、优化新增贷款投向，这三个方面对支撑经济增长的意义本质上是相同的。;-0.0001064282673478;0.0058560307125191;0.4664415677247723;-3.5452207818165434e-06
央行行长潘功胜主动适应我国房地产市场重大转型战略上牢牢坚持“房住不炒”定位还有人在炒房？;0.0022349936143039;-0.3645772064269273;0.5693004705469751;-0.005657089434322716
央行行长称要主动适应我国房地产重大转型潘功胜：主动适应我国房地产市场重大转型央行行长潘功胜在《人民日报》版撰文指出，主动适应我国房地产市场重大转型，战略上，牢牢坚持房子是用来住的、不是用来炒的定位；策略上，弱化房地产市场风险水平，防范房地产市场风险外溢，一视同仁满足不同所有制房地产企业合理融资需求，维护房地产市场稳健运行。为保障性住房等“三大工程”建设提供中长期低成本资金支持，完善住房租赁金融政策体系，加快构建房地产发展新模式。（每经）;0.0006385696040868;0.1917669181181711;0.6227262118586613;0.000929961094500737
央行行长潘功胜在《人民日报》撰文指出，主动适应我国房地产市场重大转型战略上牢牢坚持“房住不炒”定位。股票分析超话;0.0002128565346956;0.9989602874740466;0.6665968906842651;0.0017285589585266125
潘功胜：主动适应我国房地产市场重大转型战略上牢牢坚持“房住不炒”定位;0.0076628352490421;0.9999795306197262;0.6733327108425076;0.06292105765236079
潘功胜：主动适应我国房地产市场重大转型战略上牢牢坚持“房住不炒”定位。;0.0001064282673478;0.99672648354931;0.6666854161677557;0.0008624613604727086
潘功胜：主动适应我国房地产市场重大转型中国央行行长潘功胜今日在人民日报刊发题为《加快现代中央银行制度建设构建中国特色现代金融体系》的文章指出，主动适应我国房地产市场重大转型，战略上，牢牢坚持房子是用来住的、不是用来炒的定位；策略上，弱化房地产市场风险水平，防范房地产市场风险外溢，一视同仁满足不同所有制房地产企业合理融资需求，维护房地产市场稳健运行。为保障性住房等“三大工程”建设提供中长期低成本资金支持，完善住房租赁金融政策体系，加快构建房地产发展新模式。房地产如何，这已经说得很清楚了，请自己好好适应;0.0261813537675606;0.1820219902881532;0.4241229034644402;0.024648664074086325
潘功胜：主动适应我国房地产市场重大转型战略上牢牢坚持“房住不炒”定位财联社月日电，央行行长潘功胜在《人民日报》撰文指出，加强与财政、监管等政策的协调配合，持续加大对重大战略、重点领域和薄弱环节的支持力度。服务高质量发展首要任务，继续用好支农支小再贷款、再贴现和普惠小微贷款支持工具，延续实施碳减排支持工具、支持企业技术进步专项再贷款、普惠养老专项再贷款等，支持科技创新、民营小微、先进制造、绿色发展、普惠养老等领域健康发展，做好科技金融、绿色金融、普惠金融、养老金融、数字金融五篇大文章。主动适应我国房地产市场重大转型，战略上，牢牢坚持房子是用来住的、不是用来炒的定位；策略上，弱化房地产市场风险水平，防范房地产市场风险外溢，一视同仁满足不同所有制房地产企业合理融资需求，维护房地产市场稳健运行。为保障性住房等“三大工程”建设提供中长期低成本资金支持，完善住房租赁金融政策体系，加快构建房地产发展新模式。;0.0104299702000851;0.5303076273533451;0.93735927661326;0.06322702176300439
央行行长称要主动适应我国房地产市场重大转型潘功胜：主动适应我国房地产市场重大转型央行行长潘功胜在《人民日报》版撰文指出，主动适应我国房地产市场重大转型，战略上，牢牢坚持房子是用来住的、不是用来炒的定位；策略上，弱化房地产市场风险水平，防范房地产市场风险外溢，一视同仁满足不同所有制房地产企业合理融资需求，维护房地产市场稳健运行。为保障性住房等“三大工程”建设提供中长期低成本资金支持，完善住房租赁金融政策体系，加快构建房地产发展新模式。（每经）;0.0184120902511707;0.1846794126137966;0.3761582693532625;0.015598322515370435
财联社月日电，央行行长潘功胜在《人民日报》撰文指出：、潘功胜：合理把握利率水平推动实体经济融资成本稳中有降、潘功胜：深化利率汇率市场化改革健全市场化利率形成、调控和传导机制、潘功胜：更加注重跨周期和逆周期调节保持货币信贷总量和社会融资规模合理增长、潘功胜：推动金融稳定立法健全金融稳定保障基金制度、潘功胜：主动适应我国房地产市场重大转型牢牢坚持房子是用来住的、不是用来炒的定位、潘功胜：推动稳妥化解重点区域和重点机构金融风险;0.0048957002979991;0.1498739605252432;0.7699549006210621;0.006889568104029231
杭州将全力稳住房地产投资大盘杭州：将全力稳住房地产投资大盘优化经营性用地结构和出让时序杭州市政府日前印发关于推动经济高质量发展若干政策的通知，其中提到，将全力稳住房地产投资大盘，优化经营性用地结构和出让时序，加快已出让用地项目开工，计划年全市出让经营性用地亩。推进展开;0.0129842486164325;-0.052912023366981;0.5891204763187121;-0.004935839308383651
年月日，中国人民银行授权全国银行间同业拆借中心公布，贷款市场报价利率（）为：年期为，年期以上为。已经连续个月保持不变。年期与民间借贷利率有关，年期以上与房贷挂钩。;0.0001064282673478;-0.5125556353291052;0.6665968906842651;-0.0004434523805904759
月报价出炉中国人民银行授权全国银行间同业拆借中心公布，年月日贷款市场报价利率（）为：年期为，年期以上为。以上在下一次发布之前有效。;0.0004257130693912;0.3434304307048155;0.6665968906842651;0.0011885152094014244
日早间新闻精选、证监会：近日，证监会启动了不动产私募投资基金试点工作。此次试点工作是证监会落实党中央和国务院有关“促进房地产业良性循环和健康发展”决策部署，健全资本市场功能，促进房地产市场盘活存量，支持私募基金行业发挥服务实体经济功能的重要举措。、工信部总工程师：将进一步加强新能源汽车政策供给，优化发展环境，编制好汽车产业绿色发展路线图，保障好关键原材料和零部件的供应，加快制定动力电池回收利用管理办法，健全回收利用体系。、证券日报：连续个月“按兵不动”，年期以上品种仍有下调空间。年月日，年期为，年期以上为，均与上月保持一致，至此，已连续六个月保持不变。专家表示，月份报价维持不变，主要与中期借贷便利等政策利率维持不变、市场利率快速上行使得银行负债成本抬升、资负两端叠加作用下净息差进一步承压等因素有关。、上观新闻：发布以来，基于指令学习技术的类模型在我国能否开发成功，成为业界关注的一个焦点。记者从复旦大学自然语言处理实验室获悉，国内第一个对话式大型语言模型已由邱锡鹏教授团队发布至公开平台，邀公众参与内测。、国家发改委：组织召开投资咨询评估工作会。家承担国家发展改革委投资咨询评估工作的咨询评估机构参加会议。投资司法规处通报了年投资咨询评估工作情况，并结合刚颁布实施的《投资咨询评估工作指引》等项制度，介绍了年工作考虑。、中国证券报：项目建设势头正酣，交通投资提速加力。眼下，大江南北，多条重大铁路项目建设势头正酣，多地铁路投资建设计划相继明确，多路资金为铁路投资提供持续保障。专家认为，铁路等传统基建投资将为经济增长提供有力支撑，预计年交通有效投资规模会继续扩大，为促进经济增长提供有力有效支持。、澎湃新闻：上周末，国内媒体爆出宁德时代正在与一些新能源车企协商一个“锂矿返利”计划。宁德时代主动降低电芯价格，让出一部分利润，换来对车企客户的进一步绑定，从而巩固市场份额。对于外界预测并担忧的国内动力电池价格战一触即发的态势，月日，国内动力电池装车前十位中的国轩高科和孚能科技两家公司却对记者表示，近期没有下调电池价格的计划。、中信证券：下调存量房贷利率虽然有助于降低居民部门负债压力、刺激消费，但客观上仍然存在银行息差压力制约和政策设计落地的挑战。我们认为，当前暂时不急于下调存量房贷利率，但也不能完全排除这一政策实施的可能性。、证券日报：工商银行、农业银行、交通银行这家国有大行月份个人消费类贷款规模同比均出现快速增长，同比分别增长、、。此外，中国银行、建设银行、邮储银行也将个人消费类贷款作为重要发力点。、上证报：从上海钢联了解到，近期云南省电解铝企业再度收到压减负荷的口头要求。当地电解铝企业要以年月限电压产初期的企业生产及用电情况为基数，压减负荷比例扩大至不等其中个别铝厂暂不要求。上海钢联了解到，当地几家铝厂已经开始落实停槽，表明云南省电力供应仍存在较大缺口。龙虎榜年月日，大智慧数据中心显示，龙虎榜中机构净买入亿元。其中，净买入的个股只，机构净买入较多个股分别是中国电信、徐工机械、神州数码等，净买入金额占当日成交额比例达、、。净卖出的个股只，机构净卖出居前个股分别为真兰仪表、智微智能、亨迪药业等，净卖出金额占当日成交额比例达、、。北向资金月日大幅净买入亿元。贵州茅台、科大讯飞、迈瑞医疗分别获净买入亿元、亿元、亿元。陕西煤业净卖出额居首，金额为亿元。环球市场美股：月日因“华盛顿诞辰纪念日”美股休市一天。原油：布伦特月原油期货结算价收涨美元，涨幅，报美元桶。机构策略国金证券表示，国内政策红利期，海外紧缩预期缓和期，双期叠加，内外共振，股市场或有望重演反转级别的行情，进击中小成长。尽管近期全球市场在紧缩预期变化之下波动有所加大，但随着美国经济持续下行和通胀回落，紧缩缓和大势所趋，这将持续成为市场交易主线。股做多窗口或延续至年一季度末和二季度初，一方面全国两会召开引领政策预期达到高潮，另一方面美联储最后一次加息或发生在月下旬或月初的议息会议。新股申购一彬科技代码，发行价元，申购上限万股，主营汽车零部件。公司公告和预警业绩和邦生物：年实现净利润亿元，同比增长康缘药业年实现净利润亿元，同比增长金洲管道：年实现净利润亿元同比下降海正生材：年净利同比增，净利润万元章源钨业：年实现净利润亿元同比增长广联达：年实现净利润亿元同比增长东鹏饮料：年净利润同比增长杭华股份：年净利同比降美迪西：年度净利润同比增长神工股份：年度净利润同比下降重大事项中矿资源：拟亿加元投建加拿大矿区万吨采选项目香山股份股价涨停公司回应市场传闻：没有接到军工资产注入通知高能环境：中标亿元武汉市环境修复项目盛帮股份：比亚迪决定选择公司作为个机型的零部件供应商东阿阿胶：董事长高登锋辞职国机汽车：子公司中标亿元项目浪潮信息：“源”与存在差距存在短期内无法大规模落地应用的风险润和软件：操作系统在技术上可以实现与人工智能聊天系统的适配佛慈制药：实际控制人筹划控制权变更股票停牌增减持日盈电子：嘉兴鼎峰拟减持不超过嘉美包装：股东合计拟减持股份不超过元隆雅图：控股股东减持万股公司股份海思科：股东拟减持不超公司股份郑州煤电：中豫信增拟减持不超过嘉泽新能：宁夏比泰拟减持不超股份可立克：控股股东及一致行动人拟合计减持不超股份金房节能：领誉基石及其一致行动人拟减持不超的股份海天瑞声：中移投资拟减持不超过公司股份圆通速递：董事兼总裁增持万股公司股份预警和邦生物：公司董事会秘书协助调查中炬高新：公司副总经理被留置调查万里股份：因未就标的公司估值等方案调整达成一致终止收购特瑞电池股权;0.0039378458918688;0.9804395868300536;0.6665968906842651;0.03138546303457205
月维持不变：年期年期以上据人民银行官网消息，人民银行授权全国银行间同业拆借中心公布，年月日贷款市场报价利率（）为：年期为，年期以上为，均维持不变。据介绍，由各报价行按公开市场操作利率（主要指中期借贷便利利率）加点形成的方式报价，由全国银行间同业拆借中心计算得出，为银行贷款提供定价参考。目前，包括年期和年期以上两个品种。月维持不变：年期年期以上;0.0;0.3918393492320832;0.9105042017270848;0.0
存量房贷利率会下调吗据中国人民银行月日消息，中国人民银行授权全国银行间同业拆借中心公布，年月日贷款市场报价利率（）为：年期为，年期以上为。均与上期相同。需要注意的是，房贷利率多为年期加基点完成。下调后，尽管房贷利率会随着下调而降低，但加基点部分并不会变化。实际上，针对存量房贷利率调降的呼吁一直集中在银行的加点部分，因为挂钩年期的部分在今年的重定价周期之后会自动下调。经历了年三次共个基点的下调后，年期已由年年底的降至。再持稳，后续调降空间仍存值得关注的是，近期出现的“提前还房贷潮”让存量房贷利率与新发房贷利率之前存在的“利差”浮出水面，调降存量房贷利率的呼声也日渐高涨。尽管本次与房贷利率挂钩的年期以上仍维持前值，但有观点认为，后续年期以上下降具有一定必要性。招联金融首席研究员、复旦大学金融研究院兼职研究员董希淼认为，适度降低存量房贷利率，有助于减轻居民住房消费负担，减少居民提前还款行为，促进房地产市场健康平稳发展。金融管理部门可以加强对商业银行的指导，通过市场利率定价自律机制引导银行降低存量房贷利率。比如，对利率过高的存量房贷利率提供额外打折或减少加点等优惠政策，逐步缩窄存量房贷与新增房贷之间的利差。王青认为，伴随银行存款利率下行，当前银行具备适度下调年期以上加点的条件。年月日起国有大行启动新一轮存款利率下调，其他银行随后跟进；整体上看，此轮存款利率下调幅度明显大于年月的首次存款利率调整。“尽管近期市场利率上升较快，结合存款利率走势来看，我们判断后期年期以上仍有一定下调空间，能否落地主要取决于楼市走向。”王青表示。不过也有专家认为，下调存量房贷利率仍面临挑战。中信证券首席经济学家明明指出，一方面，银行息差压力会制约存量房贷利率调整，下调存量房贷利率会进一步压低银行利润空间。经测算，目前存量按揭贷款利率较加点幅度高出约个基点，如果的存量按揭贷款利率下调个基点，商业银行年利息收入或将减少亿元亿元。另一方面，基于购房时间、购房地点的不同，存量房贷利率差异较大，需要制定差异化的下调政策，但在实践中容易带来套利空间，引发新的不公。“如果存量房贷利率调降，预计在方案设计上会更加灵活精准，既要精准支持还贷压力较高的群体，又要避免给银行增加过大的经营压力。”明明表示。今日灼见，房贷;0.0011707109408258;0.2010259352904969;0.5968857486505229;0.0017130840857886515
连续个月保持不变月出炉，年期和年期均维持不变。报价已连续个月保持不变。月日，中国人民银行授权全国银行间同业拆借中心公布，年月日贷款市场报价利率（）为：年期为，年期以上为。东方金城认为，月报价保持不变，主要原因是月操作利率不变，且近期银行边际资金成本有所上升，报价行压缩报价加点动力不足；与此同时，各方也在密切关注楼市能否随经济回升而企稳回暖。民生银行张丽云表示，首先，月平价续作，降息预期落空，使得的报价基础未发生变化；第二，银行的负债成本依然较高，下调空间受限；第三，近期银行的净息差进一步缩窄，调整的空间和动力不足。（第一财经，泽塔）;0.0003192848020434;-0.0359551525588497;0.6665968906842651;-9.332293061110109e-05
央行公告：不变存量房贷利率会下调吗？“提前还房贷难”何时缓解？据中国人民银行月日消息，中国人民银行授权全国银行间同业拆借中心公布，年月日贷款市场报价利率（）为：年期为，年期以上为。均与上期相同。需要注意的是，房贷利率多为年期加基点完成。下调后，尽管房贷利率会随着下调而降低，但加基点部分并不会变化。针对提前还贷潮，人民银行、银保监会月日召开部分商业银行座谈会，要求商业银行强化以客户为中心的理念，保障客户合法权益，改进提升服务质量，按照合同约定做好客户提前还款服务工作。同时，针对部分借款人违规使用经营贷、消费贷提前还款的情况，人民银行、银保监会要求商业银行持续做好贷前贷后管理，加强风险警示；监管部门将加大检查处罚力度，及时查处违规中介并披露典型案例。房贷（每日经济新闻）;0.0002128565346956;0.9955571759968552;0.6665968906842651;0.0017226703572433342
年月日贷款市场报价利率（）为：年期为，年期以上为，均维持不变。这样看存量房额外加点取消希望渺茫了，该提前还贷就提前还贷吧，其他优质的贷款非常多，平替省利息吧。;0.0009578544061302;0.0188265093678343;0.3928119131222982;8.638526284333102e-05
月日晚，证监会启动了不动产私募投资基金试点工作，投资范围包括特定居住用房（包括存量商品住宅、保障性住房、市场化租赁住房）、商业经营用房、基础设施项目等。业内人士认为，不动产私募投资基金试点是“第三支箭”重要内容的响应，房企股权融资再开一扇门，将有助于房企盘活存量资产，增加融资渠道，支持房地产市场纾困。评：私募投资基金、信托投资产品，呵呵以前是，明修栈道，暗度陈仓。现在是，房地产危机爆发，管不了那么多了，弃暗度挑明了直接走栈道。从末路的实业身上已吸不到血，改吸资本市场，毕竟愿意购买基金曲线接盘的大冤种还很多。（这就是之前本博提醒大家要远离基金、理财产品的原因。）;0.0062792677735206;0.2864246478879459;0.5444384919921648;0.01194136343355981
微博股票超话今日早盘，股冲高回落，上证指数点得而复失，深证成指也于点无功而返。板块方面，房地产板块早盘放量高开，盘中一度涨逾，半日成交接近昨日全天成交。板块内绝大部分个股飘红，光大嘉宝大幅高开后秒涨停，深振业、天地源、南山控股、深深房等均高开高走。港股市场，恒展开;0.0007449978714346;-0.0265246692754691;0.5107402748589822;-0.00012308094379268064
股超话港股超话“煤飞色舞”行情爆发亿龙头突发跳水，紧急回应继昨日市场大涨后，月日股开盘情绪平淡：上证指数高开，深证成指微跌，创业板指跌。受证监会启动不动产私募投资基金试点政策影响，早盘地产股集体走强，软饮、煤炭表现居前；概念略有降温，大金融小幅回撤。在周期股的带动下，上午上证指数成功收复点。港股市场上，三大指数开盘微跌：恒指低开，恒生国企指数低开，恒生科技指数低开。盘面上，华润啤酒早盘跌超，领跌蓝筹。昨日闪崩跌超的绿新亲水胶体，今日开盘涨近。详情见网页链接;0.0002128565346956;0.2166845240711195;0.6665968906842651;0.00037494180695039897
楼市动态楼市重磅政策月日晚上，中国证监会宣布：“启动不动产私募投资基金试点支持不动产市场平稳健康发展”。地产融资“第三支箭”再次迎来新突破。说白了就是把开发商的债务危机放到投资市场中，由投资者参与并买单未来你不买房自然有资金雄厚的人去买。开发商的房子不愁卖，房子不愁卖钱就不缺。房价会什么样？各位看官自行脑补吧。;0.0002128565346956;0.9998763211120844;0.6665968906842651;0.0017301440246911
地产接盘侠，终于找到了？房地产证监会启动不动产私募投资基金试点我是雁姐的微博视频;0.0020221370796083;0.5502752625048659;0.5830688957981907;0.007912180008114581
证监会启动不动产私募投资基金试点什么样的标地能切成小份放进里让普通人进场玩？认真想想;0.0002128565346956;-0.1080105320073481;0.6666854161677557;-0.00018692171206029747
证监会启动不动产私募投资基金试点房住不炒;0.0004257130693912;-0.5105117883635866;0.6665968906842651;-0.001766736348330055
“房住不炒”过时了？散户让一让欢迎大户炒房团登场证监会启动不动产私募投资基金试点十四五明确房住不炒关于不动产私募投资基金，我有一句话不知当讲不当讲？？如标题所示月日，证监会启动不动产私募投资基金试点，同时中国证券投资基金业协会发布了不动产私募展开;0.0002128565346956;-0.8135175787382223;0.6666854161677557;-0.0014078636201750327
证监会启动不动产私募投资基金试点到今天早上，宝宝两天半的成交量是亿股，均价，按亿股自由流通筹码计算是的换手率。把跟朋友讨论的内容转述如下：技术面看看日线和周线，月线，季线，中短期均线都是底部黄金交叉，一根大阳线带动了均线多头排列。自年下跌至今，通过五展开;0.0030864197530864;0.4708275902904683;0.6668624671347368;0.011817860832825069
证监会启动不动产私募投资基金试点，深房理版来了？以后到底是买房还是买房产基金呢？给我的感觉是，以前房地产是块肥肉，不让有钱人碰（不让资本投资不动产），但是现在肥肉炒不熟了（需要盘活），只好把牛肉，羊肉，兔肉（存量商品住宅、保障性住房、市场化租赁住房）端到有钱人、看好楼市的投资者（甚至境外投资者）、想投资楼市的基金操盘手们面前说：来，现在你们可以用私募基金（房产类的投资基金）这双筷子来随便夹了。深房理很像是温州老太太集资代持买房的版，而现在不动产私募投资基金，又很像是深房理的版以后可能不需要直接买房，而是拿钱去买房产类基金就行了？就像炒股那样？这到底是为了房企好，保交楼好，在找接盘的人，还是为了重新加强房地产的金融属性，推高房价呢？你们怎么看？证监会启动不动产私募投资基金试点重庆楼市;0.0007449978714346;-0.1483722003370671;0.6667739416512463;-0.0008988182673384255
证监会启动不动产私募投资基金试点楼市里面赚钱越来越难了。很多人解读这个是像美国的那种房地产证券化，还有人说这是像深房理的那种炒房方式。但实际上，这个摆明了，就是给楼市，做最后接盘用的。如果说，楼市还能用过去的方式，正常发展，还需要这个私募基金吗虽然说是可以买住宅项目，但展开;0.0013835674755214;0.9986131532674618;0.6673050945521899;0.011243661678119313
证监会启动不动产私募投资基金试点启动不动产投资私募基金试点，可投特定居住用房（包括存量商品住宅、保障性住房等）、商业经营用房、基础设施项目等。也网友评论：机构合规下海交易商品房的时代来了吗？也有网友表示：美国次贷危机前就是这么玩的。赵铮同志的微博视频;0.0059599829714772;0.0380038260990721;0.5906906936603489;0.0016316168138169717
证监会启动不动产私募投资基金试点不动产私募投资基金试点启动，可以合法集资投资房地产，是不是我出一点钱，就可以合资购买一线城市的豪宅的平米产权啦？以后我成为汤臣一品的业主（之一），也不是没有可能咯？上海楼市房地产;0.0002128565346956;0.9996260161841788;0.6666854161677557;0.0017299406168321577
证监会启动不动产私募投资基金试点坚持房炒不住;0.0001064282673478;-0.6666666666666665;0.6665968906842651;-0.0005767860111494575
城下调首套房贷利率地产的政策都是为了去库存。不动产私募新规意味着什么？不动产私募投资基金有望与公募一起推动房地产的现代化，即建设“投融管退”的通路。雨哥看盘超话证监会启动不动产私募投资基金试点;0.0003192848020434;-0.6325532072931168;0.6665968906842651;-0.0016418152857347675
证监会启动不动产私募投资基金试点这个话题，居然没什么热度。是门槛太高了吗？;0.0002128565346956;0.9999876855500736;0.6665968906842651;0.001730336725041015
“把简单的东西复杂化往往是骗局的开始证监会启动不动产私募投资基金试点;0.0003192848020434;-0.0476594092657722;0.5911093911304464;-0.00010969339125018205
证监会启动不动产私募投资基金试点把垃圾资产打包后去银行转几圈（资产证券化），由投资银行找评级单位出具虚假评级，再混合包装成优质资产卖给最后一棒。这剧情美帝演过一遍了，这万恶的资本主义。;0.0001064282673478;0.0456478435826597;0.6667739416512463;3.950404608284634e-05
证监会启动不动产私募投资基金试点对于这条新闻，有两种截然不同的解读，一种是这个基金可以直接参与购买住宅，类似炒房团，夸张点地说“合法版深房理”；另一种解释说这个基金只能投资存量房地产项目，帮助房企纾困加快保交楼进度。在房住不炒的大前提下，前者可能性不大，后者比较符合实际。;0.000532141336739;0.5207559924289993;0.6668624671347368;0.0022536332917125223
证监会启动不动产私募投资基金试点既然不动产是投资品，接下来会不会取消限购;0.0003192848020434;0.0199101621691331;0.6665968906842651;5.1677563584929003e-05
证监会启动不动产私募投资基金试点启动不动产私募投资基金试点，支持不动产市场平稳发展，让印钞机的轮子多转一会。;0.000532141336739;-0.9940020787203844;0.6669509926182274;-0.0043022328747445385
房地产迎利好证监会启动不动产私募投资基金试点证监会网站月日发布消息，为进一步发挥私募基金多元化资产配置、专业投资运作优势，满足不动产领域合理融资需求，近日，证监会启动了不动产私募投资基金试点工作。此次试点工作是证监会落实党中央和国务院有关“促进房地产业良性循环和健康发展”决策部署，健全资本市场功能，促进房地产市场盘活存量，支持私募基金行业发挥服务实体经济功能的重要举措。;0.0023414218816517;-0.0557236063771398;0.6600127204743556;-0.001050163444566213
房地产又迎利好：证监会启动不动产私募投资基金试点证监会启动不动产私募投资基金试点;0.0011707109408258;-0.1213429928300196;0.597231805550785;-0.0010346489223882393
证监会启动不动产私募投资基金试点重磅利好，楼市进入了“你不买房别人买”的时代。就在昨天晚上，中国证监会宣布，启动不动产私募投资基金试点，支持不动产市场健康平稳发展。可能很多朋友不理解这是什么意思，我告诉你，这意味着我们的楼市进入了“你不买房别人买”的时代。的确，房地产再次回到支柱产业的重要地位，我们不能要求每一个人去买房，但是那些不买房的人我们可以不管他了，因为你不买房别人要买，不能因为你不买也不让别人买。;0.0001064282673478;0.0;0.6665968906842651;0.0
证监会启动不动产私募投资基金试点等于承认房子的投资品属性，接下来意味着巨额资金袭来哪些房子是带头大哥？;0.0003192848020434;0.5964063589772182;0.6665968906842651;0.0015479948016838853
证监会启动不动产私募投资基金试点昨晚上峰又出实质性利好，今天唯一候选股宝宝居然没开盘就板，中间还开了一次闸。过去几年见利好就出货的习惯思维还在延续中。球上明叔说这简直是为了安石度身定制的，个里面你还真找不出几家符合试点要求的。大能炒一把的只有宝宝与锦和，锦和还明显各展开;0.0061728395061728;0.3841694254759623;0.5444055728695036;0.01574403506227598
东方财富股票东方财富财经早餐月日周二证监会启动不动产私募投资基金试点东方财富财经早餐月日周二来自东方财富网;0.0001064282673478;0.9998883791306556;0.6665968906842651;0.0008650824446902012
证监会启动不动产私募投资基金试点，房地产引入“活水”;0.0001064282673478;-0.4041328507057773;0.6665968906842651;-0.00034964726239956683
地产融资“第三支箭”再迎新突破月日，证监会宣布启动不动产私募投资基金试点。此次试点将发挥私募基金优势，推动房企降负债、降杠杆，补充流动性，优化资产负债表，促进房地产市场盘活存量。“这次试点，既是支持房地产市场纾困和转型发展的一次探索，也是丰富私募基金产品的一项创新。”证监会市场部相关负责人对第一财经表示，金融系统在推动房地产行业纾困，推动房地产行业从高杠杆模式向高质量发展转型方面做了很多努力，此次启动不动产私募投资基金试点，动员私募基金去收购房企短期内不能变现的资产，提供流动性，降低杠杆率，对整个行业而言，都会是很大的支持。为了地产，各个部门可是各显神通，手段齐出。地产的基本面也在悄悄的改变，地产股的机会不容忽视啊。;0.0002128565346956;0.9201013807661712;0.6665968906842651;0.0015921048157956845
证监会启动不动产私募投资基金试点工作证监会网站月日发布消息，为进一步发挥私募基金多元化资产配置、专业投资运作优势，满足不动产领域合理融资需求，近日，证监会启动了不动产私募投资基金试点工作。此次试点工作是证监会落实党中央和国务院有关“促进房地产业良性循环和健康发展”决策部署，展开;0.000532141336739;-0.3466035990855023;0.8662979353835826;-0.0019485566931291185
证监会启动不动产私募投资基金试点支持不动产市场平稳健康发展今日分享近日，证监会启动了不动产私募投资基金试点工作，在现有私募股权投资基金框架下，新设“不动产私募投资基金”类别。主要是支持房地产市场平稳健康发展、促进不动产市场盘活存量、转型发展等方面发挥积极作用。其中一条提到鼓励境外投资者以方式投资不动产私募投资基金。实际上，不动产私募投资基金在境外成熟市场已发展成为一个重要的投资品类，在国内也有探索。近年来，我国已有一些私募机构陆续设立投向商业地产、基础设施的私募基金并在基金业协会备案，不断探索积累不动产投资运作经验。;0.0003192848020434;0.9999969803137236;0.6665968906842651;0.002595529212464949
房地产房地产迎利好，房地产开发板块开盘领涨，光大嘉宝涨停，三湘印象，世荣兆业，中交地产，中国武夷等跟涨证监会启动不动产私募投资基金试点。不动产私募投资基金试点启动，股债比放宽，扩募“松绑”;0.0001064282673478;0.9998556463433704;0.6665968906842651;0.0008650541249694832
股票超话量价结构分析房地产板块开盘冲高光大嘉宝快速涨停光大嘉宝快速涨停，三湘印象、世荣兆业、中国武夷、中交地产、信达地产、华发股份等跟涨。消息面上，证监会启动不动产私募投资基金试点，支持不动产市场平稳健康发展。不动产私募投资基金的投资范围包括特定居住用房、商业经营用房、基础设施项目等。财经;0.0001064282673478;-0.2350205919337862;0.6665968906842651;-0.0002033348846392094
财经超话万一免五万一免五多家头部券商券商开户支持同花顺通达信港股内房股开盘活跃，祥生控股集团涨近，正荣地产、旭辉控股集团涨近，消息面上，月日，证监会启动不动产私募投资基金试点工作。;0.0001064282673478;-0.5730999443751177;0.6665968906842651;-0.0004958340463591503
月的第一天，那就好好告个别吧。三区三线国土空间规划始于年月，止于年月。毕业已将近四年，从事国空工作亦如此。从适应环境生存，到学习技术扎根；从迷茫不知何处，到坚持初心向前；熬夜加班通宵至凌晨已不知多少次，驻场办公七天七夜精神紧绷更不在话下，也常因项目压力大分身乏术失眠多梦。在经历了无数次的思想斗争后，最终还是败给了生活，选择了离职。人生是充满遗憾的，每个转角的选择真的很重要。不知道这次的抉择是否正确？或许多年以后才会明白吧每月的第一天都是新的开始，每一天也都是新的一天。过往不究，重启新篇。愿得偿所愿，万事胜意。;0.0045764154959557;0.3769404588599617;0.4626981785284607;0.00973378377495358
问卷累计人参与，木有达成人的小目标，详细数据已邮件给参与者，请查收。收入样本太少没啥统计必要了，一句话总结大院分享最后一题如图三区三线国土空间规划;0.0017028522775649;-0.1437264762277144;0.6666854161677557;-0.0019898503233408307
榆林：奋力推进各项工作开新局近日，榆林市召开优化营商环境系列新闻发布会。年，榆林市自然资源和规划局完成国土空间总体规划“三区三线”划定并或自然资源部审批，在全国唯一争取到能化项目单独核算新增建设用地规模万亩，将在市、县国土空间总体规划批准后落实。通过编制过渡期国土空间规划，解决了个项目、万亩建设用地规划指标。统征储备土地万亩，上报建设用地万亩，获批建设用地万亩，获批同比增长；供应建设用地万亩，其中中心城区供应住宅用地亩，同比增长。个省级园区按“标准地”方式出让亩，占比，超额完成省定任务。不动产登记一周办结率达到，件均办理时间压缩至个工作日；的业务“一次也不跑”。市本级新供应土地全面实现“交地即交证”，新建商品房逐步开启“交房即交证”。化解历史遗留问题小区个、房屋万套，同比增长，超额完成目标任务。年，榆林市自然资源和规划局将认真贯彻落实省委省政府、市委市政府安排部署，紧紧围绕全市重点项目开工建设，助推经济社会高质量发展。完成国土空间总体规划编制，保障单选项目建设用地规划指标，保障集体建设用地规划指标，压缩组件审查时间，简化文件办理程序、，建立联审联批机制，提前制定供地方案，全面推行“标准地”供应，探索多元供地方式，优化业务办理流程，推进信息互通共享，强化部门业务协同。来源：陕西科技报;0.0001064282673478;0.6666666666666665;0.6665968906842651;0.0005767860111494575
证监会：强化对“伪市值管理”的精准打击严惩相关违规证券基金经营机构、专业操盘手等证监会表示，针对“伪市值管理”类操纵案件，证监会一方面坚持稳字当头，在打击违法违规行为的同时，稳妥处理案件查办与公司经营、风险处置等的关系，谨慎把握调查工作节奏、时间节点等，严把证据关、法律适用关，密切上下游执法协作，精准施策，避免“误打误伤”。另一方面，坚持全覆盖全方位追责，对参与配合“伪市值管理”违法违规行为的上中下游全面调查，严肃惩处相关违规证券基金经营机构、私募机构及从业人员、配资中介、专业操盘手等。证监会：强化对“伪市值管理”的精准打击坚持全覆盖全方位追责;0.0001064282673478;0.9999592463344718;0.6666854161677557;0.0008652586504372008
证监会：强化对伪市值管理的精准打击严惩相关违规证券基金经营机构、专业操盘手等月日，证监会表示，针对“伪市值管理”类操纵案件，证监会一方面坚持稳字当头，在打击违法违规行为的同时，稳妥处理案件查办与公司经营、风险处置等的关系，谨慎把握调查工作节奏、时间节点等，严把证据关、法律适用关，密切上下游执法协作，精准施策，避免“误打误伤”。另一方面，坚持全覆盖全方位追责，对参与配合“伪市值管理”违法违规行为的上中下游全面调查，严肃惩处相关违规证券基金经营机构、私募机构及从业人员、配资中介、专业操盘手等。;0.0023414218816517;0.8585469557939769;0.724235652541726;0.017754536053876554
证监会：强化对“伪市值管理”的精准打击严惩相关违规证券基金经营机构、专业操盘手等证监会表示，针对“伪市值管理”类操纵案件，证监会一方面坚持稳字当头，在打击违法违规行为的同时，稳妥处理案件查办与公司经营、风险处置等的关系，谨慎把握调查工作节奏、时间节点等，严把证据关、法律适用关，密切上下游执法协作，精准施策，避免“误打误伤”。另一方面，坚持全覆盖全方位追责，对参与配合“伪市值管理”违法违规行为的上中下游全面调查，严肃惩处相关违规证券基金经营机构、私募机构及从业人员、配资中介、专业操盘手等。（财联社）;0.0006385696040868;-0.4837311524980154;0.6669509926182274;-0.0025124181665625487
贵阳市城乡居民收入持续增长月日，记者从国家统计局贵阳调查队获悉，年，贵阳市坚持稳字当头、稳中求进，高效统筹疫情防控和经济发展，落实好各项稳经济政策举措，城乡居民收入稳步增长，继续在全省保持领先优势。融媒看贵阳这一年，贵阳市城镇居民人均可支配收入达到了元，比上年名义增长，绝对值、增加值、增速在全省九个市州中均排第一；农村居民人均可支配收入元，比上年名义增长，绝对值、增加值在全省排第一。农村收入再上新台阶，县域农村居民可支配收入在全省率先全面突破万元。年，贵阳市城乡居民收入持续增长（贵阳网甲秀新闻李波记者杨源）微博区域热点;0.0002128565346956;0.0;0.6666854161677557;0.0
日股市收评：群聊今日沪深两市指数几乎平开，大盘维持多空平衡的震荡，双创则小幅调整。午后大盘延续震荡，最后半小时有所发力，收于全天高点附近。双创绿盘报收，其他指数收涨。两市成交量比昨日缩量亿达亿，超只个股收跌。大盘今天走出下跌修复行情。昨天盘后消息，月日，证监会宣布启动不动产私募投资基金试点。房地产融资迎利好，股债比放宽，扩募“松绑”。上午顺周期品种领涨，盘面震荡上行，盘中突破出现一轮跳水，下午股指较长时间维持在昨日收盘点位附近窄幅整理，下午两点后持续上涨，高位报收。今天煤炭板块卷土重来，盘江股份领涨。煤炭板块经过了一轮充分调整，现在估值不高，有业绩和分红潜力作为重要支持，是攻守兼备的品种，这可能是煤炭新一轮行情的开端。当前正处在煤炭经济新一轮周期上行的初期，基本面、政策面共振，现阶段配置煤炭板块正当时。国内煤炭下游需求加速复苏，电厂日耗不断攀升，沿海八省动力煤日耗已经高于往年同期水平，非电煤下游开工率亦稳步提高，煤炭价格有望迎来企稳回升。煤炭板块个人建议可以持续关注，特别是那些有业绩支撑，股价处于低位调整足够充分的个股，后市的机会多多。今天有色板块也处于涨幅前列。经济复苏拉动了对有色的需求，另一方面，供给端没有同步扩大。铜这个品种值得持续关注。美国矿业公司自由港旗下，位于印尼的全球第二大铜矿因为洪水而发生停产。年以来，继秘鲁铜矿和铜矿先后停产之后，再有印尼超大型铜矿意外停产，全球铜矿干扰加剧。所以这个板块还是值得我们继续关注，有超跌企稳的个股可以找机会低吸。整体看，今天盘中股指虽然出现不明原因的跳水，但与上周相比，今天的跌幅显然温柔多了，很快就止跌企稳，说明市场内在支撑力度足够强劲。下午收盘前出现会议消息：坚持稳字当头、稳中求进，实施积极的财政政策和稳健的货币政策，加强各类政策协调配合，形成共促高质量发展合力。这表明扩张性政策将会持续，经济升温的预期再次提升。盘面迅速结束萎靡观望状态，股指坚定上行。春节后股指多次上攻点未果，今天收盘站在点上方是有效突破。上证区间，在去年三季度和今天春节后，已经形成两个震荡箱体，这是底部区域的颈线位置，一旦突破，上升空间打开，可能会出现上涨加速。主攻板块第一轮应该就是权重股，昨天工程机械和金融，今天是资源、钢铁等，带动大盘冲关，突破之后打出空间才轮到小盘股表现。所以还是建议大家不要乱调仓，大行情来的时候，所有板块都会轮动，也都有机会表现的股票今日看盘股票推荐大智若愚龙云;0.0129842486164325;0.2420714166349217;0.9552057549249796;0.03661364505928287
今天盘中出现不明原因的跳水，内外找了半圈也没有找到什么事件导致的，另外，与上周相比，今天的跌幅还是温柔的，很快就止跌企稳，说明市场内在支撑力度足够强劲。下午收盘前有重要会议消息：坚持稳字当头、稳中求进，实施积极的财政政策和稳健的货币政策，加强各类政策协调配合，形成共促高质量发展合力，这表明扩张性政策将会持续，经济升温的预期再次提升。盘面迅速结束萎靡观望状态，股指坚定上行。春节后股指多次上攻点未果，今天收盘站在点上方，但是这里须三天站上才算有效，并且，这里压力位是有的。上证区间，在去年三季度和今天春节后，已经形成两个震荡箱体，这是底部区域的颈线位置，因此要耗一点时间，但一旦突破，上升空间打开，可能会出现上涨加速。主攻板块第一轮应该就是权重股，昨天工程机械和金融，今天是资源、钢铁等，带动大盘冲关，突破之后打出空间才轮到小盘股表现。不要乱调仓，大行情来的时候，所有板块都有机会表现。莞哥投资在线超话;0.0050021285653469;0.4875581875005564;0.8655771312601618;0.025743807534795164
中共中央政治局召开会议决定召开二十届二中全会中共中央总书记习近平主持会议党和国家机构改革方案中共中央政治局月日召开会议，决定今年月日至日在北京召开中国共产党第二十届中央委员会第二次全体会议。中共中央总书记习近平主持会议。会议讨论了中共中央政治局向中央委员会作的工作报告。会议讨论了《党和国家机构改革方案》稿，决定根据这次会议讨论的意见进行修改后将文件稿提请二十届二中全会审议。会议指出，党的十八大以来，以习近平同志为核心的党中央把深化党和国家机构改革作为推进国家治理体系和治理能力现代化的重要任务，按照坚持党的全面领导、坚持以人民为中心、坚持优化协同高效、坚持全面依法治国的原则，全面深化党和国家机构改革，党和国家机构职能实现系统性、整体性重构，为党和国家事业取得历史性成就、发生历史性变革提供了有力保障，也为继续深化党和国家机构改革积累了宝贵经验。会议强调，党的二十大对深化机构改革作出重要部署，对于全面建设社会主义现代化国家、全面推进中华民族伟大复兴意义重大而深远。必须以习近平新时代中国特色社会主义思想为指导，以加强党中央集中统一领导为统领，以推进国家治理体系和治理能力现代化为导向，坚持稳中求进工作总基调，适应统筹推进“五位一体”总体布局、协调推进“四个全面”战略布局的要求，适应构建新发展格局、推动高质量发展的需要，坚持问题导向，统筹党中央机构、全国人大机构、国务院机构、全国政协机构，统筹中央和地方，深化重点领域机构改革，推动党对社会主义现代化建设的领导在机构设置上更加科学、在职能配置上更加优化、在体制机制上更加完善、在运行管理上更加高效。会议讨论了向第十四届全国人民代表大会第一次会议推荐的国家机构领导人员建议人选和向政协第十四届全国委员会第一次会议推荐的全国政协领导人员建议人选。会议确定将以上内容作为二十届二中全会的议题。会议讨论了国务院拟提请第十四届全国人民代表大会第一次会议审议的《政府工作报告》稿。会议认为，过去一年是党和国家历史上极为重要的一年。我们胜利召开党的二十大，描绘了全面建设社会主义现代化国家的宏伟蓝图。以习近平同志为核心的党中央团结带领全国各族人民迎难而上，全面落实疫情要防住、经济要稳住、发展要安全的要求，加大宏观调控力度，经济社会大局保持稳定。过去年极不寻常、极不平凡，我们有力应对各种困难和风险挑战，高效统筹疫情防控和经济社会发展，如期打赢脱贫攻坚战，如期全面建成小康社会，我国经济社会发展取得举世瞩目的重大成就。会议强调，今年是全面贯彻党的二十大精神的开局之年，做好政府工作，要在以习近平同志为核心的党中央坚强领导下，以习近平新时代中国特色社会主义思想为指导，全面贯彻落实党的二十大精神，按照中央经济工作会议部署，扎实推进中国式现代化，坚持稳中求进工作总基调，完整、准确、全面贯彻新发展理念，加快构建新发展格局，着力推动高质量发展，更好统筹国内国际两个大局，更好统筹疫情防控和经济社会发展，更好统筹发展和安全，全面深化改革开放，大力提振市场信心，把实施扩大内需战略同深化供给侧结构性改革有机结合起来，突出做好稳增长、稳就业、稳物价工作，有效防范化解重大风险，推动经济运行整体好转，实现质的有效提升和量的合理增长，持续改善民生，保持社会大局稳定，为全面建设社会主义现代化国家开好局起好步。会议指出，要全面贯彻落实党中央决策部署，坚持稳字当头、稳中求进，实施积极的财政政策和稳健的货币政策，加强各类政策协调配合，形成共促高质量发展合力。要着力扩大国内需求，加快建设现代化产业体系，切实落实“两个毫不动摇”，更大力度吸引和利用外资，有效防范化解重大经济金融风险，稳定粮食生产和推进乡村振兴，推动发展方式绿色转型，保障基本民生和发展社会事业，努力完成今年经济社会发展目标任务。要加强政府自身建设，大兴调查研究之风。会议还研究了其他事项。人民日报;0.0025542784163473;0.5428463665398122;0.8834168082963756;0.014938140140800084
中共中央政治局召开会议决定召开二十届二中全会中共中央总书记习近平主持会议新华社北京月日电中共中央政治局月日召开会议，决定今年月日至日在北京召开中国共产党第二十届中央委员会第二次全体会议。中共中央总书记习近平主持会议。会议讨论了中共中央政治局向中央委员会作的工作报告。会议讨论了《党和国家机构改革方案》稿，决定根据这次会议讨论的意见进行修改后将文件稿提请二十届二中全会审议。会议指出，党的十八大以来，以习近平同志为核心的党中央把深化党和国家机构改革作为推进国家治理体系和治理能力现代化的重要任务，按照坚持党的全面领导、坚持以人民为中心、坚持优化协同高效、坚持全面依法治国的原则，全面深化党和国家机构改革，党和国家机构职能实现系统性、整体性重构，为党和国家事业取得历史性成就、发生历史性变革提供了有力保障，也为继续深化党和国家机构改革积累了宝贵经验。会议强调，党的二十大对深化机构改革作出重要部署，对于全面建设社会主义现代化国家、全面推进中华民族伟大复兴意义重大而深远。必须以习近平新时代中国特色社会主义思想为指导，以加强党中央集中统一领导为统领，以推进国家治理体系和治理能力现代化为导向，坚持稳中求进工作总基调，适应统筹推进“五位一体”总体布局、协调推进“四个全面”战略布局的要求，适应构建新发展格局、推动高质量发展的需要，坚持问题导向，统筹党中央机构、全国人大机构、国务院机构、全国政协机构，统筹中央和地方，深化重点领域机构改革，推动党对社会主义现代化建设的领导在机构设置上更加科学、在职能配置上更加优化、在体制机制上更加完善、在运行管理上更加高效。会议讨论了向第十四届全国人民代表大会第一次会议推荐的国家机构领导人员建议人选和向政协第十四届全国委员会第一次会议推荐的全国政协领导人员建议人选。会议确定将以上内容作为二十届二中全会的议题。会议讨论了国务院拟提请第十四届全国人民代表大会第一次会议审议的《政府工作报告》稿。会议认为，过去一年是党和国家历史上极为重要的一年。我们胜利召开党的二十大，描绘了全面建设社会主义现代化国家的宏伟蓝图。以习近平同志为核心的党中央团结带领全国各族人民迎难而上，全面落实疫情要防住、经济要稳住、发展要安全的要求，加大宏观调控力度，经济社会大局保持稳定。过去年极不寻常、极不平凡，我们有力应对各种困难和风险挑战，高效统筹疫情防控和经济社会发展，如期打赢脱贫攻坚战，如期全面建成小康社会，我国经济社会发展取得举世瞩目的重大成就。会议强调，今年是全面贯彻党的二十大精神的开局之年，做好政府工作，要在以习近平同志为核心的党中央坚强领导下，以习近平新时代中国特色社会主义思想为指导，全面贯彻落实党的二十大精神，按照中央经济工作会议部署，扎实推进中国式现代化，坚持稳中求进工作总基调，完整、准确、全面贯彻新发展理念，加快构建新发展格局，着力推动高质量发展，更好统筹国内国际两个大局，更好统筹疫情防控和经济社会发展，更好统筹发展和安全，全面深化改革开放，大力提振市场信心，把实施扩大内需战略同深化供给侧结构性改革有机结合起来，突出做好稳增长、稳就业、稳物价工作，有效防范化解重大风险，推动经济运行整体好转，实现质的有效提升和量的合理增长，持续改善民生，保持社会大局稳定，为全面建设社会主义现代化国家开好局起好步。会议指出，要全面贯彻落实党中央决策部署，坚持稳字当头、稳中求进，实施积极的财政政策和稳健的货币政策，加强各类政策协调配合，形成共促高质量发展合力。要着力扩大国内需求，加快建设现代化产业体系，切实落实“两个毫不动摇”，更大力度吸引和利用外资，有效防范化解重大经济金融风险，稳定粮食生产和推进乡村振兴，推动发展方式绿色转型，保障基本民生和发展社会事业，努力完成今年经济社会发展目标任务。要加强政府自身建设，大兴调查研究之风。会议还研究了其他事项。;0.0669433801617709;0.364727915111355;0.4755043678660622;0.14158487264070632
中共中央政治局召开会议决定召开二十届二中全会中共中央总书记习近平主持会议中共中央政治局月日召开会议，决定今年月日至日在北京召开中国共产党第二十届中央委员会第二次全体会议。中共中央总书记习近平主持会议。会议讨论了中共中央政治局向中央委员会作的工作报告。会议讨论了《党和国家机构改革方案》稿，决定根据这次会议讨论的意见进行修改后将文件稿提请二十届二中全会审议。会议指出，党的十八大以来，以习近平同志为核心的党中央把深化党和国家机构改革作为推进国家治理体系和治理能力现代化的重要任务，按照坚持党的全面领导、坚持以人民为中心、坚持优化协同高效、坚持全面依法治国的原则，全面深化党和国家机构改革，党和国家机构职能实现系统性、整体性重构，为党和国家事业取得历史性成就、发生历史性变革提供了有力保障，也为继续深化党和国家机构改革积累了宝贵经验。会议强调，党的二十大对深化机构改革作出重要部署，对于全面建设社会主义现代化国家、全面推进中华民族伟大复兴意义重大而深远。必须以习近平新时代中国特色社会主义思想为指导，以加强党中央集中统一领导为统领，以推进国家治理体系和治理能力现代化为导向，坚持稳中求进工作总基调，适应统筹推进“五位一体”总体布局、协调推进“四个全面”战略布局的要求，适应构建新发展格局、推动高质量发展的需要，坚持问题导向，统筹党中央机构、全国人大机构、国务院机构、全国政协机构，统筹中央和地方，深化重点领域机构改革，推动党对社会主义现代化建设的领导在机构设置上更加科学、在职能配置上更加优化、在体制机制上更加完善、在运行管理上更加高效。会议讨论了向第十四届全国人民代表大会第一次会议推荐的国家机构领导人员建议人选和向政协第十四届全国委员会第一次会议推荐的全国政协领导人员建议人选。会议确定将以上内容作为二十届二中全会的议题。会议讨论了国务院拟提请第十四届全国人民代表大会第一次会议审议的《政府工作报告》稿。会议认为，过去一年是党和国家历史上极为重要的一年。我们胜利召开党的二十大，描绘了全面建设社会主义现代化国家的宏伟蓝图。以习近平同志为核心的党中央团结带领全国各族人民迎难而上，全面落实疫情要防住、经济要稳住、发展要安全的要求，加大宏观调控力度，经济社会大局保持稳定。过去年极不寻常、极不平凡，我们有力应对各种困难和风险挑战，高效统筹疫情防控和经济社会发展，如期打赢脱贫攻坚战，如期全面建成小康社会，我国经济社会发展取得举世瞩目的重大成就。会议强调，今年是全面贯彻党的二十大精神的开局之年，做好政府工作，要在以习近平同志为核心的党中央坚强领导下，以习近平新时代中国特色社会主义思想为指导，全面贯彻落实党的二十大精神，按照中央经济工作会议部署，扎实推进中国式现代化，坚持稳中求进工作总基调，完整、准确、全面贯彻新发展理念，加快构建新发展格局，着力推动高质量发展，更好统筹国内国际两个大局，更好统筹疫情防控和经济社会发展，更好统筹发展和安全，全面深化改革开放，大力提振市场信心，把实施扩大内需战略同深化供给侧结构性改革有机结合起来，突出做好稳增长、稳就业、稳物价工作，有效防范化解重大风险，推动经济运行整体好转，实现质的有效提升和量的合理增长，持续改善民生，保持社会大局稳定，为全面建设社会主义现代化国家开好局起好步。会议指出，要全面贯彻落实党中央决策部署，坚持稳字当头、稳中求进，实施积极的财政政策和稳健的货币政策，加强各类政策协调配合，形成共促高质量发展合力。要着力扩大国内需求，加快建设现代化产业体系，切实落实“两个毫不动摇”，更大力度吸引和利用外资，有效防范化解重大经济金融风险，稳定粮食生产和推进乡村振兴，推动发展方式绿色转型，保障基本民生和发展社会事业，努力完成今年经济社会发展目标任务。要加强政府自身建设，大兴调查研究之风。会议还研究了其他事项。;0.0224563644103873;0.3323620670564322;0.5927655082697915;0.05395348795980472
三区三线到底什么时候能真正的结束，心累;0.000532141336739;-0.012994027205553;0.6665968906842651;-5.6210798404938366e-05
为什么基本农田又要调啊啊啊啊啊啊啊啊啊啊啊啊啊啊啊啊啊三区三线;0.0004257130693912;0.3191934183219849;0.6665968906842651;0.0011046377912345873
江苏宿迁：中心城区购商品住房给予购房补贴契税最高补贴江苏省宿迁市住房和城乡建设局印发《关于进一步促进中心城区房地产平稳健康发展的若干政策措施》。在减轻购房压力释放消费潜力方面，新政明确给予契税补贴，对个人在中心城区范围内购买商品住房（含二手商品住房）的，给予所缴纳契税总额的补贴，最高不超过万元，生育二孩、三孩的家庭分别给予所缴纳契税总额、的补贴。;0.0007449978714346;0.921502417288462;0.6667739416512463;0.005582334185068127
哈尔滨拟出台楼市新政三孩家庭购首套或二套新房可获万元补贴哈尔滨市政府今日发布通知，对进一步促进房地产市场平稳健康发展的措施公开征求意见。征求意见稿提到，具有哈尔滨市户籍（包括区县（市）），符合生育政策，在年月日以后生育第二、第三胎的家庭在主城区内购买首套或第二套新建商品住房，凭相关有效证明分别给予万元、万元的一次性购房补贴。此外，非哈尔滨市户籍个人在主城区内购买首套或第二套新建商品住房，凭相关有效证明，给予万元一次性购房补贴。;0.0004257130693912;-0.939246430630766;0.6665968906842651;-0.0032504652132593114
哈尔滨拟出台楼市新政，哈尔滨三孩家庭购房可获补贴月日，哈尔滨市政府发布通知，对进一步促进房地产市场平稳健康发展的措施公开征求意见。征求意见稿提到，具有哈尔滨市户籍（包括区县（市）），符合生育政策，在年月日以后生育第二、第三胎的家庭在主城区内购买首套或第二套新展开;0.0022349936143039;-0.5629842567077841;0.8892056976936746;-0.013644589560592104
哈尔滨三孩家庭购新房可获万元补贴哈尔滨拟出新政：三孩家庭购首套或二套新房可获万元补贴征求意见稿提到，具有哈尔滨市户籍（包括区县（市）），符合生育政策，在年月日以后生育第二、第三胎的家庭在主城区内购买首套或第二套新建商品住房，凭相关有效证明分别给予万元、万元的一次性购房补贴，补贴资金由市级财政承担。;0.0134099616858237;-0.2017392476630859;0.3772830605758894;-0.012447179222218083
量化对冲基金哈尔滨拟出台楼市新政三孩家庭购首套或二套新房可获万元补贴哈尔滨市政府今日发布通知，对进一步促进房地产市场平稳健康发展的措施公开征求意见。征求意见稿提到，具有哈尔滨市户籍（包括区县（市）），符合生育政策，在年月日以后生育第二、第三胎的家庭在主城区内购买首套或第二套新建商品住房，凭相关有效证明分别给予万元、万元的一次性购房补贴。此外，非哈尔滨市户籍个人在主城区内购买首套或第二套新建商品住房，凭相关有效证明，给予万元一次性购房补贴。;0.0001064282673478;-0.97467031961395;0.6665968906842651;-0.0008432643087538459
任泽平建议：增加大城市住宅土地供应，给予有孩家庭购房补贴近日，经济学家任泽平发文指出，年结婚登记对数下降到万对，连续八年下降。另外，初婚年龄大幅推迟。年安徽省初婚平均年龄分别为男岁，女岁。他认为，结婚人数下降的原因一是年轻人数量下降，二是适婚人口男多女少，三是养育成本高，四是结婚成本高，五是社会竞争激烈、就业压力大，六是年轻一代的婚姻观念已经发生改变。任泽平建议，增加大城市住宅土地供应，给予有孩家庭购房补贴；降低生育、养育、教育成本；建立男女平等、生育友好的社会支持系统；放宽收养和送养条件；保障单身女性生育权。中国网财经的微博视频;0.0001064282673478;0.0700588830015689;0.6665968906842651;6.06134755080922e-05
任泽平建议：增加大城市住宅土地供应，给予有孩家庭购房补贴近日，经济学家任泽平发文指出，年结婚登记对数下降到万对，连续八年下降。另外，初婚年龄大幅推迟。年安徽省初婚平均年龄分别为男岁，女岁。他认为，结婚人数下降的原因一是年轻人数量下降，二是适婚人口男多女少，三是养育成本高，四是结婚成本高，五是社会竞争激烈、就业压力大，六是年轻一代的婚姻观念已经发生改变。任泽平建议，增加大城市住宅土地供应，给予有孩家庭购房补贴；降低生育、养育、教育成本；建立男女平等、生育友好的社会支持系统；放宽收养和送养条件；保障单身女性生育权。：中国网财经的微博视频;0.0004257130693912;0.4902197934150267;0.9934644062100952;0.0025284003403131037
大咖说房任泽平建议：增加大城市住宅土地供应，给予有孩家庭购房补贴近日，经济学家任泽平发文指出，年结婚登记对数下降到万对，连续八年下降。另外，初婚年龄大幅推迟。年安徽省初婚平均年龄分别为男岁，女岁。他认为，结婚人数下降的原因一是年轻人数量下降，二是适婚人口男多女少，三是养育成本高，四是结婚成本高，五是社会竞争激烈、就业压力大，六是年轻一代的婚姻观念已经发生改变。任泽平建议，增加大城市住宅土地供应，给予有孩家庭购房补贴；降低生育、养育、教育成本；建立男女平等、生育友好的社会支持系统；放宽收养和送养条件；保障单身女性生育权。中国网财经的微博视频;0.0003192848020434;-0.7438173079713895;0.6665968906842651;-0.001930605381399354
有专家建议法定婚龄降到岁，保障单身女性生育权新人结婚用六台百万元拖拉机接亲近日，经济学家任泽平发文指出，年结婚登记对数下降到万对，连续八年下降。另外，初婚年龄大幅推迟。年安徽省初婚平均年龄分别为男岁，女岁。他认为，结婚人数下降的原因一是年轻人数量下降，二是适婚人口男多女少，三是养育成本高，四是结婚成本高，五是社会竞争激烈、就业压力大，六是年轻一代的婚姻观念已经发生改变。任泽平建议，增加大城市住宅土地供应，给予有孩家庭购房补贴；降低生育、养育、教育成本；建立男女平等、生育友好的社会支持系统；放宽收养和送养条件；法定婚龄降到岁；保障单身女性生育权。对此你怎么看？（中国网财经）中国网财经的微博视频;0.0179863771817794;0.0531035749552916;0.4292772189908379;0.005000241724132302
任泽平建议：增加大城市住宅土地供应，给予有孩家庭购房补贴近日，经济学家任泽平发文指出，年结婚登记对数下降到万对，连续八年下降。另外，初婚年龄大幅推迟。年安徽省初婚平均年龄分别为男岁，女岁。他认为，结婚人数下降的原因一是年轻人数量下降，二是适婚人口男多女少，三是养育成本高，四是结婚成本高，五是社会竞争激烈、就业压力大，六是年轻一代的婚姻观念已经发生改变。任泽平建议，增加大城市住宅土地供应，给予有孩家庭购房补贴；降低生育、养育、教育成本；建立男女平等、生育友好的社会支持系统；放宽收养和送养条件；任泽平建议法定婚龄降到岁；保障单身女性生育权。对此你怎么看？中国网财经的微博视频;0.0001064282673478;-0.9956557864546502;0.6665968906842651;-0.0008614204943205809
非哈尔滨户籍在哈购新房可享万元补贴哈尔滨：非哈市户籍在哈购新房可享万元补贴哈尔滨市政府日前下发了《关于进一步促进哈尔滨市房地产市场平稳健康发展的若干措施》以下简称《措施》。根据《措施》，公积金贷款房龄年限由年提升至年，二孩、三孩家庭购买首套或第二套新房可享补贴。根据《措施》，具有哈市户籍、符合生育政策，在年月日以后生育第二或第三胎的家庭在区购买首套或第二套新建商品住房，凭网签备案《商品房买卖合同》、本人身份证明、购房交款票据、《不动产权证书》、户口簿和出生医学证明等，分别给予万元、万元的一次性购房补贴。同时，对与在哈用人单位签订聘用合同或服务协议，购房前已缴纳个月以上社保并纳入社保系统管理且处于存续状态的，以及自主创业、年龄在周岁以下的各类人才无户籍限制，在区购买首套或第二套新建商品住房，凭网签备案《商品房买卖合同》、本人身份证明、购房交款票据、《不动产权证书》、学历证明等，按照博士毕业生万元、硕士毕业生万元、本科毕业生及大中专毕业生含技工院校预备技师班、高级工班毕业生万元的标准给予一次性购房补贴。本项补贴以家庭为单位，夫妻双方不能同时享受。根据《措施》，非哈市户籍的个人在区购买首套或第二套新建商品住房，凭网签备案《商品房买卖合同》、本人身份证明、户口簿、购房交款票据、《不动产权证书》，给予万元一次性购房补贴。个人在区购买首套或第二套新建商品住房，且在线上、线下新建商品房展销会期间完成《商品房买卖合同》网签备案的，凭本人身份证明、《商品房买卖合同》、购房交款票据、《不动产权证书》，按实际购房款的给予购房补贴。单位或个人在区购买新建非住宅商品房商业、办公、公寓，凭网签备案《商品房买卖合同》、购房交款票据、《不动产权证书》，按实际购房款的给予购房补贴。此外，农业户籍的购房人在区购买首套或第二套新建商品住房，凭网签备案《商品房买卖合同》、本人身份证明、户口簿、《不动产权证书》，给予万元一次性购房补贴，补贴资金由市财政承担。农业户籍的购房人进城购房并取得居住证且满足进城务工人员随迁子女接受义务教育相关条件的，由所在区教育部门根据实际情况统筹安置，保障其子女进城接受义务教育，确保“应入尽入”。退役军人和取得省、市、区县市相关主管部门职业资格证明的教师，在区购买首套或第二套新建商品住房，凭网签备案《商品房买卖合同》、本人身份证明、职业资格证明、《不动产权证书》，给予万元一次性购房补贴。根据《措施》，在确保房屋抵押物价值的前提下，二手房公积金贷款房龄年限由年提高到年，且贷款年限与房龄之和不超过年。单职工贷款最高额度由万元提高至万元，双职工贷款最高额度由万元提高至万元。;0.0014899957428693;0.2139220672486876;0.7901485450180327;0.0030713906758663874
日常超话如何看待任泽平建议法定婚龄降到岁任泽平建议法定婚龄降到岁，保障单身女性生育权。近日，经济学家任泽平发文指出，年结婚登记对数下降到万对，连续八年下降。另外，初婚年龄大幅推迟。年安徽省初婚平均年龄分别为男岁，女岁。他认为，结婚人数下降的原因一是年轻人数量下降，二是适婚人口男多女少，三是养育成本高，四是结婚成本高，五是社会竞争激烈、就业压力大，六是年轻一代的婚姻观念已经发生改变。任泽平建议，增加大城市住宅土地供应，给予有孩家庭购房补贴；降低生育、养育、教育成本；建立男女平等、生育友好的社会支持系统；放宽收养和送养条件；法定婚龄降到岁；保障单身女性生育权。对此你怎么看？中国网财经的微博视频;0.0008514261387824;0.5871887302011929;0.8327165943618876;0.005077005248098094
豫论场丨法定婚龄降到岁就能让年轻人多生孩吗？薛世君经济学家任泽平建议法定婚龄降到岁。说实话，看到这个消息蹿上热搜，我的第一反应是不相信，以任博士平日的专业范儿，应该不至于有这样无聊的建议。但他微博上赫然有这个建议。我国结婚率从年的上升到年的之后，就逐年下降，年结婚率下降到，离婚率上升到。我国结婚登记对数已连续八年下降，初婚年龄也大幅推迟。看到这样的数据，自然会对未来人口结构产生一些忧虑，但是任泽平看到了病征，却似乎开偏了药方。按照分析，结婚人数下降的原因大致有六：一是年轻人数量下降，二是适婚人口男多女少，三是养育成本高，四是结婚成本高，五是社会竞争激烈、就业压力大，六是年轻一代的婚姻观念已经发生改变。这六大问题，不管哪一个，都不是将法定婚龄降到岁就能解决的。年轻人结婚晚、生孩少，根本原因不是年龄问题，也不是生育政策问题，而是很直接、很现实的两条钱从哪里来？孩子怎么带？婚车、婚房、彩礼、婚宴，哪个步骤都要花钱。生孩、养孩、带孩、上学接送，哪个环节都需要人力。哪个环节卡壳，事情就不好办。法定婚龄降到岁，能有多大用？所以说，问题的关键还在于提高年轻人的收入、完善年轻人的社会保障，包括但不限于任泽平提的其他建议给予有孩家庭购房补贴；降低生育、养育、教育成本；保障单身女性生育权说白了，得减少年轻人的后顾之忧。生育补贴、创建家庭友好型工作场所、普惠托育服务体系发展提速各地已经在构筑财政、税收、教育、保险、住房、就业、休假等多领域积极支持措施，这才“药对症”、实打实。学者提建议，最好是提到点子上，建议到关键处，搞些无关痛痒的观点，倒是吸引眼球了，能落地见效吗？任泽平建议法定婚龄降到岁;0.0003192848020434;0.9679164494088546;0.6879735614411877;0.0025928271667756326
任泽平建议法定婚龄降到岁，保障单身女性生育权近日，经济学家任泽平发文指出，年结婚登记对数下降到万对，连续八年下降。另外，初婚年龄大幅推迟。年安徽省初婚平均年龄分别为男岁，女岁。他认为，结婚人数下降的原因一是年轻人数量下降，二是适婚人口男多女少，三是养育成本高，四是结婚成本高，五是社会竞争激烈、就业压力大，六是年轻一代的婚姻观念已经发生改变。任泽平建议，增加大城市住宅土地供应，给予有孩家庭购房补贴；降低生育、养育、教育成本；建立男女平等、生育友好的社会支持系统；放宽收养和送养条件；法定婚龄降到岁；保障单身女性生育权。对此你怎么看？;0.0003192848020434;0.2793185136306428;0.5980855917184252;0.0006504696105412363
任泽平专家建议法定婚龄降到岁保障单身女性生育权月日，经济学家任泽平在社交平台建议法定婚龄降到岁，保障单身女性生育权，引发关注。全文如下：我国结婚率从年的上升到年的，随后逐年下降，年结婚率下降到；离婚率从年的上升到年的。年，我国结婚登记对数为万对，年结婚登记对数下降到万对，连续八年下降。另外，初婚年龄大幅推迟。年安徽省初婚平均年龄分别为男岁，女岁。结婚人数下降的原因：一是年轻人数量下降，二是适婚人口男多女少，三是养育成本高，四是结婚成本高，五是社会竞争激烈、就业压力大，六是年轻一代的婚姻观念已经发生改变。建议：增加大城市住宅土地供应，给予有孩家庭购房补贴；降低生育、养育、教育成本；建立男女平等、生育友好的社会支持系统；放宽收养和送养条件；法定婚龄降到岁；保障单身女性生育权。超低生育率以及年轻人口的迅速萎缩，已成为中国社会面临的重大挑战。要提升生育率，政府部门需出台相关政策措施鼓励年轻人结婚生育，积极出台相关政策降低年轻人的结婚生育成本。此外，社会各方也需要引导年轻人树立积极的婚恋观，共同关心适婚人群的婚姻问题，积极创造有利条件，帮助更多的单身青年走进婚姻、建立家庭。更多详细内容请查看原文网页链接;0.0120263942103022;0.1378038905331333;0.4018024953788287;0.00812073327439282
专家建议法定婚龄降到岁保障单身女性生育权月日，经济学家任泽平在社交平台建议法定婚龄降到岁，保障单身女性生育权，引发关注。如何看待专家建议法定婚龄降到岁全文如下：我国结婚率从年的上升到年的，随后逐年下降，年结婚率下降到；离婚率从年的上升到年的。年，我国结婚登记对数为万对，年结婚登记对数下降到万对，连续八年下降。另外，初婚年龄大幅推迟。年安徽省初婚平均年龄分别为男岁，女岁。结婚人数下降的原因：一是年轻人数量下降，二是适婚人口男多女少，三是养育成本高，四是结婚成本高，五是社会竞争激烈、就业压力大，六是年轻一代的婚姻观念已经发生改变。建议：增加大城市住宅土地供应，给予有孩家庭购房补贴；降低生育、养育、教育成本；建立男女平等、生育友好的社会支持系统；放宽收养和送养条件；法定婚龄降到岁；保障单身女性生育权。超低生育率以及年轻人口的迅速萎缩，已成为中国社会面临的重大挑战。要提升生育率，政府部门需出台相关政策措施鼓励年轻人结婚生育，积极出台相关政策降低年轻人的结婚生育成本。此外，社会各方也需要引导年轻人树立积极的婚恋观，共同关心适婚人群的婚姻问题，积极创造有利条件，帮助更多的单身青年走进婚姻、建立家庭。对此，你怎么看？;0.1444231587909749;0.4078164958807754;0.4534744531395664;0.32571679775195195
开始执行淄博购房新政来了月日，记者从淄博市住房和城乡建设局获悉，今起至年月日期间，“二孩”三孩”家庭购房，享契税总额和的购房补贴；推行二手房“带押过户”我市刚需和改善购房者迎来新的购房政策利好。因房子太小而不敢要“二孩”“三孩”？政府的配套措施将减少展开;0.0002128565346956;-0.0752214314776256;0.6667739416512463;-0.0001301945792961224
今起执行淄博刚刚明确：购房有重大变化今起至年月日期间，“二孩”三孩”家庭购房，享契税总额和的购房补贴；二孩及以上家庭购买首套或二套自住住房的，住房公积金可贷额度上浮。享契税总额和的购房补贴；可按规定申请退还其出售现住房已缴纳的个人所得税。在二手房交易时，推行二手房资金监管和二手房“带押过户”机制。；支持群（团）购商品房多地试行二手房带押过户;0.0023414218816517;0.0786736264845623;0.4792867770108969;0.0010766882960822934
宏观跟踪：投资宏观经济深圳发布优化住房限购政策：本地户籍取消落户年限以及缴纳个人所得税、社会保险年限要求财联社月日电，深圳市住房和建设局发布关于优化住房限购政策的通知，一、本市户籍居民家庭（含部分家庭成员为本市户籍居民的家庭）限购套住房，本市户籍成年单身人士（含离异）限购套住房；取消落户年限以及缴纳个人所得税、社会保险年限要求。二、非本市户籍居民家庭及成年单身人士（含离异）能提供购房之日前年在本市连续缴纳个人所得税或社会保险证明的，限购套住房。本通知自印发之日起执行。来自财联社新政简单解读：深户：一入深户即可在深圳买房之前政策入深户年交社保年非深户：交年社保可在深圳买房之前政策交年社保此前市场预期为放开部分非核心区域的限购，本次新政超预期放松，基本回到年落户就能买房的时期，基本等于全面放开，因为落户深圳的门槛很低。;0.0004257130693912;0.99015476216785;0.6665968906842651;0.003426644494148605
转：深圳楼市连夜出新政策，深圳楼市年后要逆风翻盘了。深户就可以买房了，不用看社保非深户三年社保即可买房这样大大释放了购房需求，深圳楼市新策详解非深户单身家庭套、社保年改年深户单身套、不看社保和落户年限深户家庭套、不看用看社保和落户年限觉得这个解读是对的吗？;0.0004257130693912;0.6552713930878156;0.6665968906842651;0.0022677082382368163
深圳优化调整购房政策深圳放松限购，落户即可买房；社保或个税年改年。成都春节后会迎来楼市放松吗？楼市调控楼市松绑;0.0004257130693912;0.5711269112299835;0.6665968906842651;0.0019765080779307154
北京通州限购优化月日下午，北京市通州区松绑限购政策，四类家庭，可在通州区购买套商品住房。一是在京未拥有住房的北京户籍居民家庭；二是在京已拥有套住房的通州区户籍居民家庭；三是在京已拥有套住房，与在通州区注册或经营的企业、疏解搬迁至通州区的党政机关、企事业单位存在劳动关系的北京户籍居民家庭；四是在京未拥有住房，与在通州区注册或经营的企业、疏解搬迁至通州区的企事业单位存在劳动关系的非京籍居民家庭。调整后，在通州区落户或就业的家庭，如需购买通州区商品住房，符合本市限购条件即可，取消了在通州落户或纳税、社保满三年的限制，更有利于促进疏解单位、企业从业人员在城市副中心安居置业，实现职住平衡。和之前的“双限”政策相比，第一类家庭无变化；第二类开庭取消了须在通州区落户、社保或社保年的限制；第三类家庭，京籍非通州户，只要劳动关系在通州，就可以再购买一套住房；第四类家庭，非京籍无房家庭不再“双限”，只要劳动关系在通州，北京社保或个税满年，就可以在通州区买房。;0.0003192848020434;-0.2451959738939879;0.6665968906842651;-0.0006364152347949892
最新北京通州限购政策调整北京市住建委今天发布通知，在京具备购房资格的类家庭，可在通州区购买套商品住房。新政策变化最大的就是在通州区落户和就业的家庭，只要符合北京整体限购政策即可，取消了落户、社保或纳税需满年的要求。通州区落户或就业家庭买房不再双限（总台央视记者王丰）;0.0058535547041294;0.5169160279354253;0.5093904137537018;0.018796463685568063
北京调整通州楼市限购政策据媒体报道：新政策变化最大的就是在通州区落户和就业的家庭，只要是符合北京整体限购政策即可，取消了落户、社保或纳税需满年的要求。这个是不是可以这么理解了？张三想在北京通州买房，只要有钱就可以了。对吗？疑问：那么买房了是否就可以通州落户呢？可以正常参加通州高考吗？补充：刚才看到的媒体报道是不完整的，在话题置顶的微博里看到了这图二张图片，解答了疑问。;0.0169220945083014;0.0171756429720294;0.3970618085115752;0.0014073785865492486
北京通州落户或就业家庭不再双限北京通州楼市限购政策优化你会在通州买房吗北京市住建委和通州区政府月日发布，即日起，在京具备购房资格的四类家庭，可以在通州区购买一套商品住房。新政策变化最大的就是在通州区落户和就业的家庭，只要符合北京整体限购政策即可，取消了落户、社保或纳税需满年的要求。（北京日报）你计划在北京通州买房吗？新浪财经的微博投票;0.0724776500638569;0.5994527178124724;0.582981273654986;0.30888679643482725
最新北京通州限购政策调整北京市住建委今天发布通知，在京具备购房资格的类家庭，可在通州区购买套商品住房。新政策变化最大的就是在通州区落户和就业的家庭，只要符合北京整体限购政策即可，取消了落户、社保或纳税需满年的要求。通州区落户或就业家庭买房不再双限;0.0001064282673478;-0.7023086026109036;0.6665968906842651;-0.0006076226662438389
上海苏州同日优化住房限购政策上海优化住房限购政策经观上海单身也能买房了，苏州可以随便买月日，上海印发《关于优化本市住房限购政策的通知》，宣布优化住房限购政策，明确非沪籍居民缴满年社保，可在外环以外区域（崇明区除外）限购套住房。此前，上海要求非上海户籍单身人士购房，需满足“年社保已婚”条件。同日上午，苏州也对新房、二手房全面取消限购。苏州市房地产市场和交易管理中心一位工作人员告诉经济观察网，从月日起，苏州不再进行购房资格的审核。“无论是本地、外地人，名下有多少套住房，都可以在苏州买房。”实际上，早在年月，金山区便打响了上海放开单身限购的“第一枪”，到了年月日，上海青浦、奉贤两区也跟进人才购房政策，非沪籍单身人才交满年社保即可购房。经济观察报视频的微博视频;0.0003192848020434;-0.1754414387841749;0.6665968906842651;-0.00045536475449990693
感觉到今年年底，京沪市内区，单身年社保可买房，其余区域，单身年社保即可。然后到明年，全市区单身社保年可买，然后买房送户口广州：优化调整限购政策放开平方米户型限购广州市人民政府办公厅发布关于进一步优化我市房地产市场平稳健康发展政策措施的通知。其中提出，优化调整限购政策。在限购区域范围内，购买建筑面积平方米以上（不含平方米）住房，不纳入限购范围。在限购区域范围内，居民家庭将自有住房用作租赁住房并办理房屋租赁登记备案手续的，或者在我市存量房交易系统取得房源信息编码并挂牌计划出售的，购买住房时相应核减家庭住房套数。（广州市政府）;0.0034057045551298;-0.4877081775186094;0.4408806288608674;-0.00893045790497689
上海终于彻底不装了松绑，松绑，再松绑在严峻的现实面前，“贵族”上海，终于敞开怀抱欢迎外地人在上海买房了。月日，上海青浦、奉贤两个区同时官宣：凡在沪缴纳职工社会保险或个人所得税满年及以上、且在本市无住房，与青浦区、奉贤区用人单位签订年及以上劳动（聘用）合同且工作满年的非沪籍人才，可以在上海购买住房。注意，这里的非沪籍人才的界定，其要求是相对低的，不像之前的国内应届研究生或全球百强名校留学生，而是“具有大学本科及以上学历或学士及以上学位”等即可。上海松绑尺度如此之大，这在一年前是不可想象的。要知道，这次青浦、奉贤的超级松绑（所谓上海外地人才满年社保即可购房），已经是近期上海楼市新政的第二次紧急推进。上一次，月下旬，上海金山区突然官宣，金山外地人才社保满年可购房。短短三个月，上海大幅调降购房社保年限的试点，就从一个区扩大到三个区，再加上此前一直执行非沪籍年可购房的浦东偏远地带的临港新片区，上海非主城区购房的社保年限下调，事实上已经覆盖了一大半的区域。“贵族”上海终于不装了，终于褪下贵族的新装，这是什么节奏？这是上海楼市超级承压的节奏。这是中国城市博弈极限内卷的节奏。要知道，上海执行外地人满年社保方可购房的政策，从年上半年到现在，事实已经近年，但是，现在，上海多个非主城区均将外地人“年社保要求”紧急下调到“年社保要求”。更重要的，这事实松绑的，不仅仅是社保年限的“从年调低为年”，更是所谓人才界定的大幅放宽在特定试点区域，人才界定已经从之前的高级，调降为现在的事实中级。当下上海楼市局部区域的大幅松绑，这为下一步上海楼市全域的大幅松绑，事实已经做了一个铺垫。如果不出意外，如果上海楼市接下来继续承压，那么，可以预料，最迟年，上海楼市超大概率将会迎来全域范围的大幅松绑，从社保交缴年限的下调到人才要求的下调等等。当下上海楼市局部区域的大幅松绑，这其实是上海楼市超级承压的一个折射。刚刚过去的年，全国楼市整体承压，上海楼市也不例外，从住宅到商业和写字楼，从高端楼盘到中低楼盘，从上海核心主城区到类似青浦、奉贤、金山等外围区域，整个上海楼市都事实迎来了过去二三十年从未遭遇的楼市超级降温。尤其是住宅地产，上海所谓万以上的豪宅，大跌幅度的比比皆是，传统老破小的跌幅局部区域更甚，许多年较高位入手贷款购房的，首付款突然被跌没的、有的甚至因偿还不了贷款而遭遇法拍的，其数量也是呈几何级上升。在楼市如此惨淡的背景下，上海不得不紧急祭出大招，不得不先行启动局部外围区域楼市的大幅松绑，以期维稳楼市，以期维稳地方财政。当下上海楼市局部区域的大幅松绑，这更是中国城市博弈极限内卷的节奏。上海楼市遭遇超级承压，上海可以出招通过降低外地人购房门槛，从而起到消解上海楼市压力、以及吸纳外地人口的作用。但是，广大二三线城市、以及能量更低的城市呢，目前几乎已经无招可用，维稳政策空间几乎已经没有了能降低的门槛现在几乎已经全部降低了，当下遵循的，几乎已经是外地人零门槛购房、零门槛落户的，至多也就是补缴几个月社保而已（注意是“至多补缴”）。而上海现在还仅仅是局部非主城区降低门槛而已，接下来，还有主城区的降低门槛呢，还有主城区针对人才的界定呢，未来几年，上海维稳房价、维稳经济的政策空间，事实还有很多很多。这就一个残酷的现实这是一个存量博弈的时代，产业如此，楼市和城市也是如此。在前天的直播中，我曾经讲过，一线头部城市的上海和北京，即便未来房价还有一定的下行空间，但是，其整体的下行空间，一定会比全国其他城市小。上海和北京，即便未来房价还要下跌震荡一段时期，但是，其整体探底平稳的时间点，一定会比全国其他城市来得更早一些。比如，假设上海北京房价还有的下行空间，那么，全国其他城市房价的平均下行空间至少要有。比如，假设上海北京房价还要震荡下跌年，那么，全国其他城市房价的平均震荡下跌至少要有年。;0.0731162196679438;-0.1298075679192741;0.4469186933954356;-0.051728271275504695
上海楼市上海楼市再出大招：青浦、奉贤两区非沪籍人口社保年即可买房，业内称：预计其他一线城市也会跟进。;0.0002128565346956;0.9572164481951422;0.6665968906842651;0.0016563271708833825
东方财富股票非沪籍单身也能买房了上海青浦、奉贤限购“定向松绑”非沪籍单身人士可以在上海买房的范围再扩大。月日，上海青浦、奉贤两区先后发布人才购房，在规定区域内，符合要求的非沪籍单身人才，社保交满年即可购房。两区的新政均放松了婚后方可买套房的限制，并将社保缴纳年限从年降低至年。上海青浦、奉贤新城区购房新政：非户籍人口社保三年可购房来自东方财富网;0.0001064282673478;0.9998883791306556;0.6665968906842651;0.0008650824446902012
上海突发楼市新政：青浦、奉贤两区取消单身限购，社保年即可买房月日上午，上海部分区域突发购房新政，对原先的购房条件进行调整。据青浦区、奉贤区政府新闻办公室官方信息平台披露，凡在上海缴纳职工社会保险或个人所得税满年及以上、且在本市无住房，与区域内的用人单位签订年及以上劳动（聘用）合同且工作满年的非沪籍人才，并符合单位条件之一、个人条件之一的，可购买套住房，购房资格由居民家庭调整为个人。青浦区出台的人才新城区域购房政策显示，购房区域范围为青浦新城，东至老通波塘，南至沪青平公路（新），西至青浦大道，北至沪常高速，总面积平方公里。根据城镇发展实际和产业升级需求，上述购房区域范围可适当优化。在单位条件方面，若想符合上述条件购房，需要购房者的单位为青浦区产业发展方向，且工商注册地和税收户管地均在青浦区的企业，同时，是青浦区重点支持引进或为青浦区经济社会发展做出突出贡献的其他单位。个人条件方面，需具有大学本科及以上学历或学士及以上学位；具有中级及以上职称或职业资格；取得国家三级职业资格（高级工）及以上证书的高技能人才，工种与证书相符，且符合单位主导产业或行业（单位提供证明）；最近年内累计个月在本市缴纳职工社会保险基数大于等于本市上年度职工社会平均工资倍；入选“青峰”人才计划、市级及以上人才计划或具有相当层次的人才；青浦区经济社会发展紧缺急需或为青浦区经济社会发展做出特殊贡献的其他人才。需由用人单位提出、行业主管部门推荐并经区委人才办审核认定。青浦区委人才办方面表示，下一步，将进一步发挥多重战略叠加优势，通过华为、美的等龙头企业的带动作用，不断优化人才安居政策，提升人才吸引力，以新城为出发点加大对周边区域的辐射，把青浦打造成人才近悦远来的“幸福温暖家”。奉贤新城此次的人才购房新政实施范围约平方米公里。奉贤区新城区域人才购房实施细则显示，人才购房准入条件与青浦区相差不多，去年以来，市场对于上海五个新城（即青浦新城、奉贤新城、南汇新城、嘉定新城、松江新城）放松限购的呼声较高。目前，临港新片区（南汇新城）、奉贤新城、青浦新城以及金山区已相继放宽购房条件。截至发稿，嘉定和松江暂未公布购房新政。易居研究院研究总监严跃进认为，青浦与奉贤两个区域购房政策调整，跟此前金山政策的调整方向是一样的，针对人才适当放宽购房条件，认定条件较为宽松，将很大程度让更多人享受购房新政。严跃进表示，上述区域将是上海年新房供应较多的区域，市场关注度高。此次调整体现了上海落实差异化购房政策调整的导向，也充分体现地方政府对于人才的重视，反过来有助于区域实现“职住平衡”，提振购房需求。每日经济新闻;0.0004257130693912;0.0;0.6668624671347368;0.0
突发上海奉贤、青浦区最新发布社保满年，无需以家庭为单位，单身即可买房。虽然取消上海郊区限购，对整个楼市行情不痛不痒，但也看得出政策导向趋势明显在变。甲辰年，是破土重生年，也是离运首年，楼市仍然是经济中流砥柱。只不过当任何商品迭代足够成熟后，必然会产生价格分化，有的是永远也坚挺不起来的焦土，有的却成为不断增高的珠峰。;0.001064282673478;0.874478481500264;0.6666854161677557;0.007566809082599379
北京房地产调控将强化一区一策月日，在国新办举办的“推动高质量发展”系列主题新闻发布会北京专场上，北京市委常委、常务副市长夏林茂在回答楼市调控相关提问时表示，北京始终坚持房子是用来住的，不是用来炒的。在这个过程中全面落实北京的总体规划，强化因区施策、一区一策、精准施策。北京今年将筹建万套保障性租赁住房夏林茂介绍，北京市今年将筹集建设万套保障性租赁住房，要完工竣工各类保障性住房万套，特别是要加大对一张床一间房的产品的供给力度，着重解决好新市民年轻人和一线务工人员的住房问题。（北京商报记者王寅浩视频制作林琴）北京商报的微博视频;0.0052149851000425;-0.0983530541900667;0.4861615764695852;-0.003040935836996399
今年北京新增普惠托位万个新增普惠托位万个，竣工保障性住房万套北京今年将重点解决这些民生大事今天上午，国新办举行“推动高质量发展”系列主题首场新闻发布会，北京市委副书记、市长殷勇介绍，北京深化接诉即办改革，努力解决群众操心事、烦心事、揪心事；加强交通综合治理，争取中心城区绿色出行比例达到；更加关注解决“老老人”“小小孩”问题，为失能失智老年人提供更多照护支持，面向岁以下幼儿新增普惠托位万个；根据群众看病就医需求，不断深化“三医联动”改革；建设筹集保障性租赁住房万套，竣工各类保障性住房万套。北京领衔推动高质量发展首场发布会京视频的微博视频;0.0002128565346956;0.5;0.9998953360263976;0.0012977685250862795
期盼已久的降息，终于来了今天早上，月的贷款市场报价利率（）发布了，年期维持的利率不变，年期降息个基点至。无论是降息方式，还是力度，都让市场略感意外。首先，这是一次在（中期借贷便利）维持利率不变的情况下的降息，非常罕见。当前最重要的政策利率是年期，一展开;0.0008514261387824;0.9032151656373808;0.6668624671347368;0.0062540331255431635
楼市房贷利率换锚以来最大幅降息落地大部分城市首套房贷利率进入字头，楼市“小阳春”稳了？年月日，中国人民银行授权全国银行间同业拆借中心公布最新贷款市场报价利率（），年期保持不变，年期以上下调个基点，由调整至。为何非对称降息？中指研展开;0.0001064282673478;0.9754861249694886;0.6665968906842651;0.0008439701264291892
期盼已久的降息，终于来了今天早上，月的贷款市场报价利率（）发布了，年期维持的利率不变，年期降息个基点至。无论是降息方式，还是力度，都让市场略感意外。首先，这是一次在（中期借贷便利）维持利率不变的情况下的降息，非常罕见。当前最重要的政策利率是年期，一般在每月日发布，本月由于春节因素，是月日操作的，维持利率不变。为什么利率没有降低，而利率降低了？主要原因是本月降准落地，资金充裕，市场利率走低，给降息提供了空间。其次，这是一次“不对称降息”，年期没有降息，只给年期降息了。年期是实体经济贷款参考的基准利率；而年期，主要是给房贷定价参考的基准利率。所以，本次降息相当于给房地产行业“吃小灶”，只把利好给这个行业。第三，这是一次大力度的降息，幅度达到了个基点，相当于近年来常见降息幅度的倍左右。早些年，央行每次降息一般是个基点（再早是个基点）；采用方式后，尤其是最近两年降息幅度往往在个基点左右，甚至只有个基点。我把它比喻为“一个馒头掰几瓣”。刚刚官宣的降息，一下子降低了个基点，力度比较大。这也符合我之前的建议和预期。为什么此次降息只降低年期的，把利好主要给房地产行业？主要原因是进入年以后楼市继续降温，月成交数据非常难看。正是在这种情况下，北京、上海、深圳等城市出台了新一轮力度更大的楼市新政。春节期间，一线城市和个别二线城市成交有所回暖，但全国成交数据仍然在下滑。在这种时候，加大降息力度，给楼市送上更多温暖非常有必要。最近正在各地建立的“城市房地产融资协调机制”（项目白名单），力度非常大。目前仅六大国有银行对接的楼盘项目，就超过了万个，至少可以发放万亿以上的贷款。而年新增的开发贷，也不过多亿。当前楼市的主要问题，是需求端乏力，大家因为收入降低、收入不稳定而不敢、不愿买房。所以，未来政策的发力点应该在需求端下更大功夫。年期降息个基点，对需求端就是不错的利好。假设一个购房者贷款万元，按照年等额本息计算，如果之前买房利率是（基本上所有的城市，都允许在基准利率基础上下浮个基点），现在降低到（仍然是基准利率下浮个基点），月供可以减少元，总利息可以减少万元。对于已经在供楼的购房者来说，本次降息带来的利好，要到“下一定价日”之后才能享受。如果你选的“下一定价日”是月日，那么需要到年月日之后，才能享受到这次降息。目前公积金贷款利率是首套房（年期以上），二套房（年期以上）。随着不断降息，未来公积金贷款利率也可能会降低。本次降息官宣后，上证指数反而翻绿（到上午点半）。显示出当前市场心态仍然偏弱，说明有一些资金有“借利好兑现出货”的迹象。进入年，宏观政策有明显的“轰油门”的迹象。比如月日的降准，幅度达到了个百分点，是此前降准力度的两倍；今天的降息，也是此前降息力度的倍。这跟股市不断下跌，楼市迟迟不能回暖，有密切的关系。希望宏观政策继续发力，包括楼市的松绑力度还要加码。北京、上海、深圳要尽早取消非核心城区的限购，广州和其他城市要全面取消限购、限价、限贷等。股市上护盘的国家队，也要给予无限量流动性支持，彻底打赢这场人民币资产的保卫战。;0.0008514261387824;-0.3793518852462115;0.4994035941863919;-0.0019671006941562774
钟正生：四问“非对称”降息作者：钟正生、常艺馨（钟正生系中国首席经济学家论坛理事、平安证券首席经济学家）事项：年月日，央行公布的年期报价维持不变，年期以上下调。、央行为何此时降息？）地产销售开年弱势。今年初至月日，我们统计的个样本城市新房销售面积展开;0.000532141336739;-0.4152077176724985;0.6667739416512463;-0.0017966220883124725
楼市小阳春要来了吗大幅下调百万房贷每月减元，楼市小阳春会来吗？据新京报：月日，年期以上正式下调，再次拉动房贷利率下降。当天上午，中国人民银行授权全国银行间同业拆借中心公布，年月日贷款市场报价利率（）为：年期贷款市场报价利率（）报；年期以上报。其中，年期以上由上期的降低为，直接下调个基点，创造了历史上有记录以来最大下调幅度。年期以上大幅度下调，对房贷利率有何影响？每月的房贷成本又能减轻多少？百万贷款每月减少约元“此次一次性下调了个基点，为历史上有记录以来最大下调幅度。”广东省规划院住房政策研究中心首席研究员李宇嘉认为：“过去最大下调也仅仅个基点。之所以大幅度下调，一方面在于楼市需求端基本面依旧疲弱，居民加杠杆购房的预期较低；另一方面，开年大幅度、一次性下调到位，避免挤牙膏，产生利率还会下调，再等等买房和贷款的市场预期，导致购买力观望。此次将红利一次性释放到位，产生明显的降成本效应，促进居民贷款买房。”“从历史上的调整来说，共有次五年期的下调，但过去下调幅度一般都在个基点进行。而此次一次性下调了个基点，属于历史上降息幅度最大的一次，这是强烈的信号。”易居研究院研究总监严跃进点评称：“降息对于房地产市场的影响积极。房地产市场当前正处于企稳复苏的阶段，但复苏过程需要巩固。降息利好资金成本的下调，直接引导房贷利率的下调，这对于房贷市场有积极影响。”具体就北京而言，去年月北京调整了住房商业贷款的利率。据机构测算，对于首套房贷，如果购买北京城六区内的住房，为当期个基点，之前为；如果购买城六区外的住房，则为当期，之前是。对于二套房贷，如果购买城六区内住房，为当期个基点，之前为；如果购买城六区外住房，则为当期个基点，之前是。而在此次下调后，如果是首套房贷，购买城六区内的住房贷款利率则降至，购买城六区外住房贷款利率则降至。如果是二套住房，购买城六区内的住房贷款利率则降至，购买城六区外住房利率则降至。那么，对于购房者来说，这次大力度降息能够减负多少呢？据测算，若按万贷款本金、年等额本息偿还方式计算，此次降息后购房者月供大约可以减少约元。“今年一次性降到位以后，后续降低的可能性不大。”李宇嘉补充说。非对称下调凸显“稳楼市”目标中泰证券首席分析师杨畅：“不同期限利率非对称下调，表明政策希望发挥作用的对象有所侧重。保持年期不变，或表明对制造业投资和消费的刺激意图相对平稳；由于年期与房地产市场的关联度相对较强，从前期来看，下调年期利率也是房地产市场需求端政策组合拳的一部分，现阶段大幅降低年期利率个基点，再结合近期围绕房地产市场密集出台了较多政策措施，充分体现了利率政策参与激活房地产市场、推动房地产市场良性循环的政策意图。”中原地产首席分析师张大伟指出：“如果说过去降息的目标是稳定经济，那么这一次单独对年期贷款利率进行降息，就是稳楼市，稳楼市才能稳经济。过去非对称降息都是只降一年期，而本次只降年期，对于楼市而言可以说是最近几年来的最大利好。”事实上，春节后，市场对于年期以上下调已有预期。从政策面来看，年伊始，央行就降准个百分点，释放长期资金超万亿元，同时，下调支农支小再贷款、再贴现利率个百分点，这些举措有利于降低金融机构的资金成本。再加上此前银行下调存款挂牌利率，商业银行负债端成本压力得到有效缓解，为进一步传导降低企业居民的信贷成本创造了有利条件。央行行长潘功胜此前在国新办发布会上表示，这些措施都将有助于推动信贷定价基准的贷款市场报价利率（）下行。需要额外补充的是，下降对于购房者来说，可以立刻享受到降息的利好。但是，对于存量房贷来说并非立即调整。一般来说，房贷利率的重新定价日是每年的月日或贷款的发放日（不同银行政策不同，用户可在签订贷款协议时进行选择），所以对于存量房贷，会在利率重定价日当天，按照最新报价利率加上合同约定的基点得出新的利率，在下一周期执行。业内：一二线城市楼市“小阳春”可期张大伟指出：“这次降息更多地影响一二线热点城市。在本次降息之前全国不少三四线城市已经出现了首套房利率普遍在，只有少数一二线城市还维持在上下。”据贝壳研究院监测的数据显示，年月百城首套主流房贷利率平均为，较上月降低（基点）；二套主流房贷利率平均为，与上月持平。其中，一线城市首套、二套房贷利率分别为、；二线城市首套利率降低至，三四线城市首套利率降低至。事实上，年月楼市表现不及预期，复苏乏力。月份，尽管作为房地产“领头羊”的一线城市调整了限购政策，降低了首付比例，但市场仍然低迷。据克而瑞数据显示，月份个重点城市新建商品住房整体成交万平方米，单月环比下降、同比下降，绝对量创年以来同期新低。“降息有利于保持房地产预期稳定，部分城市特别是一二线城市逐渐见底，市场快速企稳将是趋势，因此有望在年初再现一定范围的小阳春行情。”张大伟预计。;0.0001064282673478;0.0618343609667709;0.6665968906842651;5.349779162099926e-05
楼市房贷利率换锚以来最大幅降息落地大部分城市首套房贷利率进入字头，楼市“小阳春”稳了？年月日，中国人民银行授权全国银行间同业拆借中心公布最新贷款市场报价利率（），年期保持不变，年期以上下调个基点，由调整至。为何非对称降息？中指研究院市场研究总监陈文静表示，年年初，央行下调了再贷款、再贴现利率，降准个百分点，释放了约万亿元中长期低成本资金，同时，去年底主要银行也下调了中长期存款利率，这些举措有效降低了银行的中长期负债成本，一定程度助推了下行。东方金诚解读称，报价由操作利率和报价加点共同决定，其中，报价加点主要受银行资金成本变化、信贷市场供求状况和信用风险溢价等因素影响。月操作利率保持稳定，这意味着当月报价的定价基础未发生变化，但当月降准落地，释放长期资金万亿，可为银行每年节约资金成本亿左右，增加了报价行下调报价加点的动力。回溯历史，自年月报价改革以来，在操作利率不变的情况下，年月、年月年期报价和年月年期以上报价进行过三次单独下调，主要受当时降准为银行节约资金成本等因素带动。另外，年月、月国内主要银行下调存款利率，再加上央行月日下调支农支小再贷款、再贴现利率个百分点，也对近期银行资金成本的下行起到了一定推动作用。万房贷年等额本息每月少还约元对于近期有购房打算的人群来讲，此次下调，意味着可以享受个基点的利率优惠，粗算，万元的房贷、年期等额本息还款，每月按揭将可减少约元，年最多可以省下万元利息支出。不过，需要注意的是，调整后，用户的房贷利率并非立即调整。一般来说，房贷利率的重定价日是每年的月日或贷款的发放日（不同银行政策不同，用户可在签订贷款协议时进行选择）。所以，对于存量房贷来说，会在利率重定价日当天，按照最新报价利率加上合同约定的基点得出新的利率，在下一周期执行。房贷利率换锚以来最大幅度降息落地东方金诚分析，年期以上报价是个人住房贷款和企事业单位中长期贷款的定价基准，当前楼市持续低位运行，投资稳增长需求较高，较大幅度下调年期以上报价有较强的必要性。在陈文静看来，本次非对称降息也体现了央行对于房地产行业的呵护，加大楼市托底力度，释放更加积极信号有利于稳定行业信心，促进投资和住房消费，进一步促进房地产市场平稳健康发展。年期以上大幅下调，降幅为年房贷利率换锚以来的最大幅度，此次也是历史上较为罕见的在利率不变的情况下非对称降息。下调后，当前购买首套和二套房房贷利率下限分别降至（年期以上个基点）、（年期以上个基点），进一步接近历史最低点，部分城市房贷利率已降至历史最低水平。诸葛数据研究中心首席分析师王小嫱也指出，由于现在大部分城市实行减点，意味着大部分城市首套房贷利率进入字头，以一线城市首套为例，北京城六区执行加基点为；非城六区执行为。“自去年季度以来，金融监管总局频频表态也支持房地产市场，本次开年降息也在意料之中，下调幅度超预期。”王小嫱表示，虽然一线城市政策优化细则落地，但从市场端来看年月市场表现平平，新房市场供需规模双缩，二手房成交量维稳、价格持续下滑，市场并未现明显改善。本次下调惠及群体较广，进一步降低购房成本，刺激有购房需求的购房者入市。东方金诚指出，年政策面的一个重点是要推动房地产行业实现软着陆，其中适度降低居民房贷利率是关键一招。东方金诚预计，今年除了作为居民房贷利率定价基础的年期以上报价会持续下调外，监管层还将通过下调首套房贷和二套房贷利率下限等方式，推动居民房贷利率下行。这在近期京、沪楼市新政以及此前央行和金融监管总局发布的《关于调整优化差别化住房信贷政策的通知》中已有所体现。楼市“小阳春”稳了？陈文静分析，当前行业调整态势未改，多项政策叠加有望助推市场情绪修复，预计将进一步巩固“小阳春”市场行情。年以来，房地产行业供需两端政策持续落地，需求端，春节前，一线城市接连放松限购政策，信号意义明显，意味着年楼市政策整体仍处于宽松阶段，更多城市将结合自身情况及时优化调整相关政策。供给端，月地方房地产融资协调机制加快建立，各地积极上报融资支持项目白名单，银行金融机构也积极对接，根据五大国有银行最新披露，其对接的房地产融资白名单项目已超过个。项目资金逐渐到位，一方面力促“保交付”，另一方面也有利于稳定企业预期，进一步稳定购房者信心。除此之外，今年以来，三大工程建设也在持续推进，北京、上海、广州、深圳、福州等地陆续公布年度或首批配售型保障房建设规模，合肥、广州、南宁等地公布首轮城中村改造计划，广州发放了第二批房票，对稳投资、促需求均将产生积极影响。从市场情况来看，受春节假期影响，今年以来供需两端政策落地的政策效果尚不明显，根据中指监测数据，年春节假期期间（），个代表城市新房日均成交面积较上年春节假期（）下降约，新房市场表现较为平淡。春节后，居民工作、购房置业逐渐进入正轨，一线及核心二线等前期出台政策的城市，政策效果有望进一步显现。本次年期以上大幅下调后，购房者置业成本下降，有望强化核心城市政策效果，“小阳春”行情或逐渐开启。但值得关注的是，去年同期高基数效应逐渐显现，接下来个月，不管是新房还是二手房销售规模同比表现或整体偏弱。;-0.0011707109408258;-0.0437103955351522;0.4478982048980071;0.0002795113435605069
楼市小阳春要来了吗大幅下调百万房贷每月减元，楼市小阳春会来吗？据新京报：月日，年期以上正式下调，再次拉动房贷利率下降。当天上午，中国人民银行授权全国银行间同业拆借中心公布，年月日贷款市场报价利率（）为：年期贷款市场报价利率（）报；年期以上报。其中，年期以上由上期的降低为，直接下调个基点，创造了历史上有记录以来最大下调幅度。年期以上大幅度下调，对房贷利率有何影响？每月的房贷成本又能减轻多少？百万贷款每月减少约元“此次一次性下调了个基点，为历史上有记录以来最大下调幅度。”广东省规划院住房政策研究中心首席研究员李宇嘉认为：“过去最大下调也仅仅个基点。之所以大幅度下调，一方面在于楼市需求端基本面依旧疲弱，居民加杠杆购房的预期较低；另一方面，开年大幅度、一次性下调到位，避免挤牙膏，产生利率还会下调，再等等买房和贷款的市场预期，导致购买力观望。此次将红利一次性释放到位，产生明显的降成本效应，促进居民贷款买房。”“从历史上的调整来说，共有次五年期的下调，但过去下调幅度一般都在个基点进行。而此次一次性下调了个基点，属于历史上降息幅度最大的一次，这是强烈的信号。”易居研究院研究总监严跃进点评称：“降息对于房地产市场的影响积极。房地产市场当前正处于企稳复苏的阶段，但复苏过程需要巩固。降息利好资金成本的下调，直接引导房贷利率的下调，这对于房贷市场有积极影响。”具体就北京而言，去年月北京调整了住房商业贷款的利率。据机构测算，对于首套房贷，如果购买北京城六区内的住房，为当期个基点，之前为；如果购买城六区外的住房，则为当期，之前是。对于二套房贷，如果购买城六区内住房，为当期个基点，之前为；如果购买城六区外住房，则为当期个基点，之前是。而在此次下调后，如果是首套房贷，购买城六区内的住房贷款利率则降至，购买城六区外住房贷款利率则降至。如果是二套住房，购买城六区内的住房贷款利率则降至，购买城六区外住房利率则降至。那么，对于购房者来说，这次大力度降息能够减负多少呢？据测算，若按万贷款本金、年等额本息偿还方式计算，此次降息后购房者月供大约可以减少约元。“今年一次性降到位以后，后续降低的可能性不大。”李宇嘉补充说。非对称下调凸显“稳楼市”目标中泰证券首席分析师杨畅：“不同期限利率非对称下调，表明政策希望发挥作用的对象有所侧重。保持年期不变，或表明对制造业投资和消费的刺激意图相对平稳；由于年期与房地产市场的关联度相对较强，从前期来看，下调年期利率也是房地产市场需求端政策组合拳的一部分，现阶段大幅降低年期利率个基点，再结合近期围绕房地产市场密集出台了较多政策措施，充分体现了利率政策参与激活房地产市场、推动房地产市场良性循环的政策意图。”中原地产首席分析师张大伟指出：“如果说过去降息的目标是稳定经济，那么这一次单独对年期贷款利率进行降息，就是稳楼市，稳楼市才能稳经济。过去非对称降息都是只降一年期，而本次只降年期，对于楼市而言可以说是最近几年来的最大利好。”事实上，春节后，市场对于年期以上下调已有预期。从政策面来看，年伊始，央行就降准个百分点，释放长期资金超万亿元，同时，下调支农支小再贷款、再贴现利率个百分点，这些举措有利于降低金融机构的资金成本。再加上此前银行下调存款挂牌利率，商业银行负债端成本压力得到有效缓解，为进一步传导降低企业居民的信贷成本创造了有利条件。央行行长潘功胜此前在国新办发布会上表示，这些措施都将有助于推动信贷定价基准的贷款市场报价利率（）下行。需要额外补充的是，下降对于购房者来说，可以立刻享受到降息的利好。但是，对于存量房贷来说并非立即调整。一般来说，房贷利率的重新定价日是每年的月日或贷款的发放日（不同银行政策不同，用户可在签订贷款协议时进行选择），所以对于存量房贷，会在利率重定价日当天，按照最新报价利率加上合同约定的基点得出新的利率，在下一周期执行。业内：一二线城市楼市“小阳春”可期张大伟指出：“这次降息更多地影响一二线热点城市。在本次降息之前全国不少三四线城市已经出现了首套房利率普遍在，只有少数一二线城市还维持在上下。”据贝壳研究院监测的数据显示，年月百城首套主流房贷利率平均为，较上月降低（基点）；二套主流房贷利率平均为，与上月持平。其中，一线城市首套、二套房贷利率分别为、；二线城市首套利率降低至，三四线城市首套利率降低至。事实上，年月楼市表现不及预期，复苏乏力。月份，尽管作为房地产“领头羊”的一线城市调整了限购政策，降低了首付比例，但市场仍然低迷。据克而瑞数据显示，月份个重点城市新建商品住房整体成交万平方米，单月环比下降、同比下降，绝对量创年以来同期新低。“降息有利于保持房地产预期稳定，部分城市特别是一二线城市逐渐见底，市场快速企稳将是趋势，因此有望在年初再现一定范围的小阳春行情。”张大伟预计。专家称现在不买房五年又白忙;0.087909748829289;0.6284534259306533;0.8509982444265982;0.5733561877933437
、央行今日进行亿元天期逆回购操作，中标利率为，与此前持平；、进行亿元年期操作，中标利率为，与此前持平。月日，人民银行下调金融机构存款准备金率个百分点，释放长期资金约万亿元。央行主管的《金融时报》指出，结合央行前期对外表态释放的信号，有分析师认为展开;0.0036185610898254;0.3581969440111878;0.6666854161677557;0.010538151616745753
钟正生：四问“非对称”降息作者：钟正生、常艺馨（钟正生系中国首席经济学家论坛理事、平安证券首席经济学家）事项：年月日，央行公布的年期报价维持不变，年期以上下调。、央行为何此时降息？）地产销售开年弱势。今年初至月日，我们统计的个样本城市新房销售面积较去年同期回落；克而瑞统计的月百强房企销售操盘金额同比降。春节假期国内出行火热、消费量增，新房销售却不尽如人意，正月初一至初十的商品房销售农历同比增速为，四五线城市返乡置业“缺席”形成拖累。）实际利率升至潜在增速附近。尽管年四季度一般贷款、个人按揭贷款名义利率均降至历史低位，但经通胀调整的实际利率水平仍然较高。年月同比增速为，较上月回落个百分点，意味着的一般贷款名义利率将对应的实际利率，或已超出当前中国潜在增速，不利于内生融资需求的充分释放。、如何平衡降息与银行息差？年二季度货币政策执行报告中，专栏为“合理看待我国商业银行利润水平”。可见，保持商业银行净息差基本稳定，已成为降息的一项考量。本次报价下调之前，“稳息差”已有铺垫。）降低银行计息负债成本。一方面，存款利率下调。年月下旬，国有大行率先调降挂牌存款利率，股份行、城农商行陆续跟进。另一方面，存单利率回落。去年月中旬，年期股份行同业存单发行利率一度接近高位。跨年后央行流动性投放力度较大，资金利率向政策利率回归，同业存单发行利率逐步降至年期利率之下，截止月日最新数据为，客观上也有助于降低商业银行负债成本。）降准和结构性工具支持。央行今年月下旬调降支农支小再贷款和再贴现利率，月初降准，去年四季度下调利率（详见结构性工具情况表），我们测算，分别节约商业银行年化资金成本亿元、亿元和亿元，三项政策合计约可提振商业银行净息差。、为何更大幅度调降年期？本次年期报价下调，为历史最大幅度调整，一年期却持平于此前。这既是“稳息差”约束下的腾挪平衡，又暗含“曲线平坦化”的政策诉求。一方面，着眼于中长期，更大力度支持重点项目的融资需求。注意到，地方专项债的剩余平均年限已从年末的年升至年末的年，体现重点项目的融资和偿还久期明显拉长。另一方面，维持短端利率在合理水平，也有“防空转”的政策意图。在期限利差较大的情形下，无论是非银机构还是优质企业，都存在以短期低息借款套取中长期高息收益的可能性，或削弱金融对实体经济的支持力度。详情链接：钟正生：四问“非对称”降息;0.0003192848020434;-0.8800745764993488;0.7464158579684463;-0.0025577864480017245
月非对称降息：年期以上降个基点年期不变网页链接月非对称降息：年期以上降个基点年期不变澎湃新闻贷款市场报价利率（）迎来年首度下调，年期以上品种大幅下降个基点，年期品种保持不变。中国人民银行授权全国银行间同业拆借中心公布，年月日贷款市场报价利率（）为：年期为，保持不变，年期以上为，下调个基点。上一次调整要追溯到年月，当时年期下调个基点，年期以上按兵不动。年全年，年期累计下调个基点，年期以上下调幅度为个基点。尽管作为中期政策利率的利率在月保持不变，但市场对本月下调存在较强预期。年伊始，央行降准个百分点，释放长期资金超万亿元，同时，下调支农支小再贷款、再贴现利率个百分点，这些举措有利于降低金融机构的资金成本。再加上此前银行下调存款挂牌利率，商业银行负债端成本压力得到有效缓解，为进一步传导降低企业居民的信贷成本创造了有利条件。;0.0002128565346956;-0.8800745764993488;0.746504383451937;-0.001705393202268544
、央行今日进行亿元天期逆回购操作，中标利率为，与此前持平；、进行亿元年期操作，中标利率为，与此前持平。月日，人民银行下调金融机构存款准备金率个百分点，释放长期资金约万亿元。央行主管的《金融时报》指出，结合央行前期对外表态释放的信号，有分析师认为，连续超额续作，银行体系流动性合理充裕，作为贷款市场基准利率的还可能下行，年期以上下降可能性更大。年四季度以来，央行通过净投放资金超万亿元，充分满足了金融机构流动性需求。利率通过公开招标形成，本月利率保持不变，同业存单利率等市场利率也较为平稳，表明利率稳定基本符合市场预期。也要看到，历史上有过利率不变但下降的先例，报价行会根据资金成本、市场供求和风险溢价等因素下调报价。月报价或将单独下调浙商证券认为，短期看，受汇率压力的掣肘，全面降息即降低逆回购、利率的概率不高，尤其是在央行近期刚实施“定向降息”的情况下。视线拉长至上半年维度，即相对较长的时间维度内，仍有降息概率，判断逆回购、利率是否降息核心关注走势，若其持续、大幅低于天逆回购利率，则有降息概率。从银行报价的角度，在当前“市场利率央行引导贷款利率”的机制下，全面降准定向降息有助于推动下行，预计月下降的概率大，并进一步传导至实体部门融资成本的降低。民生银行首席经济学家温彬表示，在降准释放万亿元流动性、定向降息以及前期存款利率调降的合力作用下，月份（贷款市场报价利率）调降的概率加大，推动融资成本稳中有降。在总需求磨底阶段，出于逆周期调节，下调（中期借贷便利）利率的可能性也依然存在，但何时调降尚存不确定性。传了好久的降息，终于要落地了？;0.0037249893571732;0.3961397859005098;0.570746455128528;0.010270756285862371
央行降准降息会如何影响市场？央行如期下调存款准备金率个百分点，向市场提供长期流动性约万亿元。对于此次降准，多家券商表示，本次降准幅度较大、力度较大、释放资金体量也较大，均超出市场预期，传递了积极信号，提振了当前偏弱的市场信心，同时也为春节提供了流动性支撑。展开;0.0013835674755214;-0.8645717060733984;0.6668624671347368;-0.009727995032871226
海口放松楼市限售政策：限售年限由“五年”改为“两年”近日，海口市住房和城乡建设局发布关于优化房地产政策的通知，对商品住房限制转让政策进行优化，即居民家庭购买的商品住房，在购房合同备案满年并取得不动产权证后可转让。据悉，此前海口的楼市“限售”政策为购房合同备案满年才可对外销售。（蓝鲸记者陈业）楼市动态房地产超话;0.0020221370796083;0.3226285900714006;0.4445011571997366;0.0035364868002091846
海口楼市限售年限由五年改为两年尿壶里都没几滴尿了，还在扭捏，还可以继续放松，哪怕全部解开也问题不大。;0.0001064282673478;0.9491542675921772;0.7004965793332468;0.0008629497712541976
海口放松楼市限售政策：限售年限由“五年”改为“两年”深圳楼市论谈海口放松楼市限售政策海口楼市动态海口楼市最新消息深圳楼市论谈的微博视频;0.0002128565346956;-0.8257276279935684;0.6665968906842651;-0.0014288044345389405
官方确认海口放松楼市限售政策：海口多孩家庭可购买第三套住房月日，针对网传海口放松楼市限售政策，限售年限由“五年”改为“两年”的市场传闻，海口市住房和城乡建设局工作人员回应称，消息属实，政策是上周五开始执行，但目前文件没有对外公开。针对网络广泛流传的红头文件内容，上述工作人员回复称，内容均属实。其中，多孩家庭可以购买第三套住房。（中证金牛座）;0.0003192848020434;-0.4325836058933341;0.8105134850852318;-0.0013651936213024752
行业要闻、由谷歌旗下拆分而来的医药公司宣布与礼来和诺华签署了首个制药合作伙伴关系合同，将技术用于新药物的发现。、美迎来第二大新冠感染浪潮警告：已成全球最主流新冠病毒。、全球首个通过碱基编辑疗法治愈的血红蛋白病患者诞生。、民航业主要指标有望创新高，国际市场成重要增长点。、瑞银：股倍投资机会全球难寻。、月日至日，全国商务工作会议在京召开，推动消费持续扩大，打造投资中国品牌。、海口放松楼市限售政策，限售年限由“五年”改为“两年”;0.0104299702000851;-0.1535249503848951;0.3322621217436675;-0.00648826485539091
每日简报早上好年月日星期二农历冬月廿八、教育：推进义务教育教学改革，在全国设立个实验区、所实验校；、全国铁路日起实行新运行图，每天旅客列车增列；、继甲流后乙流患病比例明显升高，儿科医生：休息好是最好的药物；、我国大部三九期间气温偏高，南方多地暖如三月；、年春运月日开始，共天；、波音全球停飞股价暴跌；、陕西新添个国家级生态农场；、在华销量同比大跌；、广州：房票全市通用，可以转让、限转一次；、海口放松楼市限售政策：限售年限由“五年”改为“两年”；、东航京沪航线启用国产大飞机，经济舱票价元起；、“足球皇帝”贝肯鲍尔去世，享年岁，世界足坛悼念贝肯鲍尔；微语你之所以觉得时间一年比一年过得快，是因为时间对你一年比一年重要。早安秦东记的微博视频;0.0738612175393784;0.6579552516968916;0.3543799997762495;0.21002341992708726
海口放松楼市限售政策：限售年限由“五年”改为“两年”月日据蓝鲸，近日，海口市住房和城乡建设局发布关于优化房地产政策的通知，对商品住房限制转让政策进行优化，即居民家庭购买的商品住房，在购房合同备案满年并取得不动产权证后可转让。据悉，此前海口的楼市“限售”政策为购房合同备案满年才可对外销售。股票;0.000532141336739;-0.205745392298152;0.6666854161677557;-0.0008901511792912876
年月日星期二农历十一月廿八六部门部署无偿献血者激励奖励工作：优先用血、免费乘坐公交等。人社部：要对所有灵活就业人员免费提供基本就业公共服务。民航局：春运民航旅客运输量预计将达万人次，有望创历史新高。全国铁路明日起实行新运行图，每日旅客列车增加列。北京丰台：将探索建立教师退出机制，打破“铁饭碗”观念。浙江“个转企”新政：允许直接变更，无需注销个体户再设企业。海口放松楼市限售政策：限售年限由“五年”改为“两年”。广州“房票安置”政策细化：房票全市通用，可以转让、限转一次。客机舱门掉落事件后，多国航司停飞波音型客机。沙特发现世界级金矿，矿床长达公里，初步估算蕴含超过吨黄金。美国私营企业首次挑战登月任务，发射“游隼”月球着陆器。日本志贺核电站变压器因地震泄漏近万升油，油污流入大海。日本外相宣布：将向北约拨款约万美元，用于支持乌克兰。韩军：因朝鲜连续天炮击，朝韩再无缓冲区。也门胡塞武装提议：只要船只声明与以色列无关，就不会遇袭。;0.000532141336739;0.649915101625469;0.6668624671347368;0.0028125846482881895
近日（月日），从国家开发银行获悉，截至月日，该行已发放城中村改造专项借款亿元。据介绍，已发放的专项借款涉及北京、上海、广州、武汉等个城市的个项目，惠及城中村居民约万户，支持建设安置房万套。城中村改造乡村振兴;0.0001064282673478;0.9976787809500258;0.6665968906842651;0.0008631707467089283
房地产粤港澳大湾区资讯粤港澳大湾区每日地产资讯（）住建部部长倪虹：有力有序推行现房销售，下力气建设好房子最高法：明确老旧小区加装电梯规则并保护超龄劳动者权益国开行：发放亿元专项借款，助力全国城城中村改造广州：部分银行实施新政策，长租或挂牌出售房产可核减限贷套数佛山：允许新建商品房“带押过户”贵阳：公积金异地贷款政策再优化，取消异地户籍限制，购买一二手房均可贷款深圳坪山、龙岗和罗湖区城市更新动态惠州出让宗土地大湾区城中珠海、广州、惠州、深圳新增个项目取证深圳近期部分项目销售动态;0.0001064282673478;0.9998556463433704;0.6665968906842651;0.0008650541249694832
目前，国开行正在按照在广州召开的服务“三大工程”现场推动会的工作部署，全力以赴推进服务保障性住房建设和城中村改造工作取得扎实新成效。截至月日，国开行已发放城中村改造专项借款亿元，涉及北京、上海、广州、武汉等个城市的个项目，惠及城中村居民约万户，支持建设安置房万套。;0.000532141336739;-0.2546681482107282;0.6665968906842651;-0.0011016676902996362
据仓山区自然资源和规划局对外透露，目前福州市个城中村改造项目获得国家开发银行城中村改造专项借款授信亿元。其中，仓山区高宅片区城中村亿元改造项目合同已签订，并完成首笔贷款发放。;0.0013835674755214;-0.5084949276160463;0.904564581631253;-0.007760902913403096
日前，福州市个城中村改造项目获得国家开发银行城中村改造专项借款授信亿元其中，仓山区高宅片区城中村亿元改造项目合同已签订并完成首笔贷款发放。;0.0013835674755214;0.1925661815866759;0.6665968906842651;0.0021658548553133883
按照政策，凡是省会城市或城区常住人口超过万的城市，省会城市或城区常住人口超过万的城市。按照相关指标推算，纳入城中村改造、保障房建设的城市分别是个、个。广州市个城中村改造项目获得国家开发银行、农业发展银行首批城中村改造专项借款授信亿元，首笔发放亿元。合肥市包河区周谷堆片区等个城中村改造项目全部通过住建部审查，获得国家开发银行、中国农业发展银行首批城中村改造专项借款授信亿元，已签订借款合同亿元。郑州市申报首批城中村改造专项借款的个项目全部通过住建部审批，年计划发放额度亿元。发放当天，国家开发银行河南分行、中国农业发展银行河南省分行已向航空港区、惠济区放款亿元。济南也获得了首批城中村改造专项借款授信亿元，已发放款项亿元。;0.0004257130693912;-0.3850483942878429;0.6665968906842651;-0.001332543164644731
深圳城中村改造新玩法改造资金来自哪里？放水又一凭证。以前是房企申请贷款，现在的新模式城投牵头，央企代建，向国家开发银行申请专项贷款，然后深圳市分行批复专款支持。如今，深圳已成功发放首笔城中村改造借款。该笔借款要专款专用，首个落地项目为大鹏新区白石岗项目前期工作、征收补偿安置、展开;0.000532141336739;0.3423369579647412;0.5434222425839551;0.0012072685750978414
农文旅产业振兴研究院中关村物联网产业联盟高质量发展专精特新企业高质量发展促进工程城中村改造农村金融时报多个城中村改造项目获得专项借款在接受《农村金融时报》记者采访时表示，城中村改造，既是一项保障民生的托底工程，也是一项提升品质的发展工程。城中村改造专项借款的落地不仅有效缓解项目改造建设资金压力，也为改善城市空间结构、优化产业布局、改善民生和扩大内需注入了强劲动力。国家开发银行和农发行的相关分行在发放城中村改造专项借款时，需要进行严格的项目评估和风险控制。这包括：评估项目的可行性、预期收益、还款来源等，确保资金的安全性与合规性。针对不同城中村改造项目的特点和需求，国家开发银行和农发行的相关分行可以设计定制化的金融产品。比如：提供不同期限、利率和还款方式的贷款，以满足项目方的具体需求。链接地址：多个城中村改造项目获得专项借款;0.0006385696040868;0.937799446166972;0.6669509926182274;0.004870772438316062
亿元，全国超大特大城市城中村改造专项借款在上海首单落地月日，国家开发银行上海市分行向上海金桥（集团）有限公司发放首笔城中村改造专项借款亿元，用于浦东新区唐镇小湾村、暮二村等地块城中村改造项目前期工作、征收补偿等，该项目列入住建部年城中村改造专项借款项目清单。展开;0.0002128565346956;0.6167536408918277;0.6665968906842651;0.001067204617175707
全国首批城中村改造专项借款成功落地西安据西安市住房和城乡建设局官方微信公众号“西安住建”日消息，月日，西安市高新区、浐灞生态区个城中村改造项目获得国家开发银行陕西省分行全国首批城中村改造专项借款亿元。此次全国首批城中村改造亿元专项借款的发放，标志着西安市新城中村改造工作实现良好开局。新闻发布会超话;0.0003192848020434;0.4963835500204105;0.6665968906842651;0.0012883818951741595
亿元国家首批城中村改造专项借款落地郑州月日，国家首批城中村改造专项借款发放，郑州市申报首批城中村改造专项借款的个项目全部通过住建部审批，年计划发放额度亿元。发放当天，国家开发银行河南分行、中国农业发展银行河南省分行已向航空港区、惠济区放款亿元，用于项目前期工作、征收补偿、安置房和配套基础设施建设等。城中村改造是加快建设宜居、韧性、智慧的现代化城市的重要依托，也是满足人民群众对美好城市生活全新期待的实践路径。年月，国务院办公厅印发《关于在超大特大城市积极稳步推进城中村改造的指导意见》，郑州被列入个国家政策支持的试点城市之一。以此为契机，郑州市结合安置房建设和城市更新工作，制定了积极稳步推进城中村改造实施方案，以及历史文化传承保护方案、优化提升规划设计政策措施等，为城中村改造工作提供了有力政策支撑。年月，郑州市个城中村改造项目集中开工，总投资约亿元。改造重点是“消化存量、控制增量”，对于已拆迁项目，在加快建设改造进度的同时，积极采取“建设租赁购买”及货币化组合安置方式，确保尽快实现首套房未回迁群众户均套安置住房。对于尚未拆迁的村庄，坚持“非必要不拆迁”，以整治提升为主，确需拆除新建的，坚持规划先行、依法征收，先谋后动、动则必快、动则必成，确保把好事办好、实事办实。省住房城乡建设厅相关负责人表示，此次城中村改造专项借款资金到位后，将积极加强对郑州市城中村改造工作的调度指导，快速审批、拨付，迅速转化为有效投资，助推城中村改造工作提速增效。（来源：河南日报客户端）;0.0098978288633461;-0.2546526250372294;0.4499187572328015;-0.013829545249860308
亿元国家首批城中村改造专项借款落地郑州月日，国家首批城中村改造专项借款发放，郑州市申报首批城中村改造专项借款的个项目全部通过住建部审批，年计划发放额度亿元。发放当天，国家开发银行河南分行、中国农业发展银行河南省分行已向航空港区、惠济区放款亿元，用于项目前期工作、征收补偿、安置房和配套基础设施建设等。;0.0007449978714346;0.2049849579500501;0.6665968906842651;0.0012414407905373115
首批城中村改造项目专项借款发放据国家开发银行、中国农业发展银行，首批城中村改造项目专项借款，月日起陆续在广州、郑州等城市发放，涉及项目超过个。（中国建设报）网页链接;0.0007449978714346;0.6092938767732693;0.8813587182177436;0.004878881307118603
专家称现在不买房五年又白忙再不来接盘，未来年肯定是白忙活了啊毕竟，谁也不能保证，后面的房地产市场会走出什么样的行情。各种各样的刺激行为都用出来了，还会有什么后续的大招;0.0022349936143039;0.6884872607496536;0.4515954678380949;0.008474370990784724
大师七情六欲我只剩食欲了专家称现在不买房五年又白忙;0.0001064282673478;-0.7598794135802727;0.6665968906842651;-0.0006574317238703317
专家称现在不买房五年又白忙凡是没有名字的专家，都是假语录;0.0002128565346956;0.4479244438448595;0.6665968906842651;0.0007750696597848473
现阶段这个时间点，买房确实合算吗？专家称现在不买房五年又白忙;0.0095785440613026;0.0912046790260795;0.3892110139974875;0.004146555137036242
昨天央行宣布降息后，又有专家跳出来鼓吹，“现在不买房，五年又白忙”。大家对此怎么看？;0.0219242230736483;0.0998882311193053;0.3625381194221879;0.00968228617557959
专家称现在不买房五年又白忙也没看到到底是哪个专家说的啊;0.0001064282673478;-0.5499228684316264;0.6665968906842651;-0.0004757817265838187
专家称现在不买房五年又白忙以后专家称能不能把专家的大名打在前面让我看看什么专家;0.0003192848020434;0.3723209318506948;0.8279662076695016;0.0012003116296836977
专家称现在不买房五年又白忙现在不买房是因为我不想买吗;0.0011707109408258;-0.0999243208753184;0.5498179700515459;-0.0007843781998462495
专家称现在不买房五年又白忙对于刚需买深圳，到底要不要出手了？深圳;0.0002128565346956;-0.8065546510725761;0.6665968906842651;-0.0013956283198985813
专家称现在不买房五年又白忙谢谢专家隔三差五的提醒我们知道了;0.0031928480204342;0.3027139648223633;0.422617197658167;0.0049813100164083565
专家称现在不买房五年又白忙知道了，假期结束了专家又上班了;0.0006385696040868;-0.3062554928744392;0.6665968906842651;-0.0015897949571489303
专家称现在不买房五年又白忙那专家自己肯定都买好了，肯定不止不白忙一个五年;0.0004257130693912;0.9444285164606496;0.703619433733363;0.0034499246008871747
专家称现在不买房五年又白忙不买房，年白忙。买了房，年白忙;0.001064282673478;0.2864140321037276;0.6149162432051634;0.0022858774891998885
专家称现在不买房五年又白忙家又来制造焦虑了;0.0001064282673478;-0.9219212103750968;0.6665968906842651;-0.0007976268862894981
专家称现在不买房五年又白忙救命，我看了半天那个专家叫我现在买房，好炸裂，我的眼睛，我的眼睛。;0.0026607066836951;-0.0403594741861895;0.3450184867887433;-0.00045182532387299374
专家称现在不买房五年又白忙砖家的砖又滞销了;0.0009578544061302;0.7911707066643898;0.6665968906842651;0.006160538646475889
房贷又要降了五年期下调至一直以来，房贷利率作为购房成本的重要组成部分，其细微变化都牵动着无数家庭的神经，房贷利率下调虽能提振市场，但也需警惕可能引发的投资炒作行为。面对房贷利率的下调，作为普通购房者或关注房地产市场的你，又该如何理性看待并做出最佳决策？是抓住机遇尽早入手，还是保持观望等待更多政策明朗？房贷利率下调后，你会选择提前还款还是继续保持原有贷款计划？又将如何影响你我他的购房决策呢？欢迎您在留言区分享您的观点和见解。;0.0004257130693912;0.9951193806369496;0.6665968906842651;0.00344382562905063
海口回应放松楼市限售政策属实针对网传海口放松楼市限售政策，限售年限由“五年”改为“两年”的市场传闻，记者向海口市住房和城乡建设局进行了求证。海口市住房和城乡建设局工作人员回应称，消息属实，政策是上周五开始执行，但目前文件没有对外公开。房地产（中证金牛座）;0.0018092805449127;0.2056909513053453;0.4726224757998415;0.0021449697575854606
楼市动态网传海口放松楼市限售政策？官方回应消息属实月日，针对网传海口放松楼市限售政策，限售年限由“五年”改为“两年”的市场传闻，记者向海口市住房和城乡建设局进行了求证。海口市住房和城乡建设局工作人员回应称，消息属实，政策是上周五开始执行，但目前文件没有对外公开。针对网络广泛流传的红头文件内容，上述工作人员回复称，内容均属实。其中，多孩家庭可以购买第三套住房。;0.0001064282673478;0.9998763211120844;0.6665968906842651;0.00086507201234555
网传海口放松楼市限售政策？官方回应消息属实据中国证券报报道，月日，针对网传海口放松楼市限售政策，限售年限由“五年”改为“两年”的市场传闻，记者向海口市住房和城乡建设局进行了求证。海口市住房和城乡建设局工作人员回应称，消息属实，政策是上周五开始执行，但目前文件没有对外公开。针对网络广泛流传的红头文件内容，上述工作人员回复称，内容均属实。其中，多孩家庭可以购买第三套住房。;0.0001064282673478;-0.1627906976744191;0.6666854161677557;-0.00014086180000818146
能领多少，能领多久。领导顶着上限，员工卡着底线，这中间天差地别。这种工作强度，您还打算延退，积劳成疾的身体，领不到养老金，钱都给了医院，也就快再见了。原来担心养老金，现在要担心，下个月吃什么了。财政部回应养老金担忧;0.0167092379736057;-0.0319852953954518;0.5053770031471625;-0.0032938831487737104
财政部回应养老金担忧数据显示，截至年底，基本养老保险基金委托投资运营规模达万亿元，较前三季度增加万亿元。;0.0001064282673478;0.0655472988680687;0.6665968906842651;5.671014758360206e-05
财政部回应养老金担忧养老金基金怎么办呢？;0.0027671349510429;0.4755210803517975;0.946477697431598;0.015187846582710001
戳图快速了解个人养老金制度为何要发展个人养老金制度？个人养老金缴纳金额是多少？个人养老金如何领取、是否可继承？解答来了，快戳图了解学习相关法律知识人力资源和社会保障部浙江发布网友讨论财政部回应养老金担忧，相关知识了解一下，退休后养老保障很重要，转存微分享法姐讲法四川监狱浙江天气厦门天气在线转给更多人;0.0025542784163473;0.5236436442698649;0.3715580085892773;0.006060610853595559
财政部回应养老金担忧只生一个好（）来养老。广大农村的老人有没有退休一说？有没有养老金？保险是怎么个情况？苦。;0.001064282673478;-0.1278159783328059;0.6665968906842651;-0.001105837024556169
海口放松楼市限售政策消息属实月日，针对网传海口放松楼市限售政策，限售年限由“五年”改为“两年”的市场传闻，记者向海口市住房和城乡建设局进行了求证。海口市住房和城乡建设局工作人员回应称，消息属实，政策是上周五开始执行，但目前文件没有对外公开。（中证金牛座）;0.0015964240102171;0.8251578472288473;0.8245638050339508;0.013246320375228954
实时播报：网传海口放松楼市限售政策？官方回应称消息属实月日，针对网传海口放松楼市限售政策，限售年限由“五年”改为“两年”的市场传闻，海口市住房和城乡建设局工作人员回应称，消息属实，政策是上周五开始执行，但目前文件没有对外公开。针对网络广泛流传的红头文件内容，上述工作人员回复称，内容均属实。其中，多孩家庭可以购买第三套住房。（中证金牛座）;0.0011707109408258;-0.1486390720881537;0.5300792763424125;-0.0011248877584509747
海口回应放松楼市限售政策属实针对网传海口放松楼市限售政策，限售年限由“五年”改为“两年”的市场传闻，记者向海口市住房和城乡建设局进行了求证。海口市住房和城乡建设局工作人员回应称，消息属实，政策是上周五开始执行，但目前文件没有对外公开。（中证金牛座）;0.0004257130693912;0.9831572987153612;0.6665968906842651;0.003402428259951054
很多人杞人忧天了财政部回应养老金担忧养老金按时足额发放有保证在月日的国新办新闻发布会上，财政部相关负责人表示，近几年我国养老保险基金收支状况得到有效改善。截至年底，全国企业职工基本养老保险基金累计结余接近万亿元，养老金按时足额发放是能够保证的。;0.0051085568326947;0.3834401824058222;0.6668624671347368;0.015930075315364382
财政部：养老金按时足额发放有保证月日上午，国新办举行年全年财政收支情况新闻发布会。有记者提问，随着我国人口老龄化程度加深，人们对养老金的按时足额发放，以及养老金制度能否持续有所担忧。请问财政部对此有何回应？财政部资产管理司司长侯俊明应询表示，为确保养老金按时足额发放，近年来各级财政部门积极发挥职能作用，重点从三个方面发力：一是不断加大财政补助力度。年，中央财政安排基本养老保险补助资金约万亿元，重点向基金收支困难的中西部地区和老工业基地倾斜；地方各级财政也积极落实相关支出责任，确保及时足额发放基本养老金。二是实施养老保险全国统筹。按照中央部署，这项制度自年起开始实施，在全国范围内对各地基金结余进行合理调剂。年全国统筹调剂资金规模达到亿元，有效解决了地区间养老负担和基金结余分布不均衡的问题。三是加强养老保险基金管理。配合有关部门，规范各地基金收支行为，促进筹资和待遇政策更加公平合理，推动养老保险制度更加公平更可持续。“通过落实上述措施，近几年基金收支状况得到有效改善。截至年底，全国企业职工基本养老保险基金累计结余已接近万亿元，养老金按时足额发放是能够保证的。”侯俊明说。;0.0019157088122605;0.9831572987153612;0.6667739416512463;0.01531499381710319
财政部回应养老金担忧这万亿够股亏几天的？？据彭博社统计，中国的股市（包括香港）过去年跌掉了万亿的市值。股超话基金超话;0.003831417624521;0.0536244561241376;0.6666854161677557;0.0016704329595766158
财政部回应养老金担忧我比较担心的是后的养老金以后能足额发放吗？;0.0027671349510429;-0.61236790213595;0.9241499946843598;-0.01909725408354485
财政部回应养老金担忧以后以后以后，不是现在;0.7034908471690081;0.2312457648637448;0.4513148263855567;0.8953596989111444
财政部回应养老金担忧财政部：养老金按时足额发放是能够保证的，去年不存在财政支出收缩的情况;0.001064282673478;-0.230021490562731;0.6666854161677557;-0.0019903619595041974
财政部回应养老金担忧当下是足够的，我们担心的是我等我们老了;0.0019157088122605;0.0733126156836591;0.6665968906842651;0.001141713661512054
我觉得现在的年轻人就应该多生孩子，有足够多的年轻人来工作这样以后就不怕养老金不够用了财政部回应养老金担忧;0.0221370796083439;0.2145323643162915;0.3954087500026531;0.0229005083991903
财政部回应养老金担忧养老金稳中向好。不缺请大家放心。;0.0076628352490421;-0.0312059442290522;0.4598382050000536;-0.001340965392966934
财政部回应养老金担忧：结余近万亿，能够保证按时足额发放月日上午，国务院新闻办召开新闻发布会，介绍年全年财政收支情况，并回答问题。有记者提问，随着我国人口老龄化程度加深，人们对养老金的按时足额发放，以及养老金制度能否持续有所担忧。请问财政部对此有何回应？财政部资产管理司司长侯俊明表示，这是一个大家都非常关心的问题。我国人口老龄化加快发展，老有所养是一项重要的民生工程。养老金的发放，关系到千家万户，关系到百姓福祉。为确保养老金按时足额发放，近年来各级财政部门积极发挥职能作用，重点从三个方面发力：一是不断加大财政补助力度。年，中央财政安排基本养老保险补助资金约万亿元，重点向基金收支困难的中西部地区和老工业基地倾斜；地方各级财政也积极落实相关支出责任，确保及时足额发放基本养老金。二是实施养老保险全国统筹。按照中央部署，这项制度自年起开始实施，在全国范围内对各地基金结余进行合理调剂。年全国统筹调剂资金规模达到亿元，有效解决了地区间养老负担和基金结余分布不均衡的问题。三是加强养老保险基金管理。配合有关部门，规范各地基金收支行为，促进筹资和待遇政策更加公平合理，推动养老保险制度更加公平更可持续。通过落实上述措施，近几年基金收支状况得到有效改善。截至年底，全国企业职工基本养老保险基金累计结余已接近万亿元，养老金按时足额发放是能够保证的。同时，按照党中央、国务院决策部署，我们还安排专门资金，支持实施居家和社区基本养老服务提升行动、经济困难失能老年人集中照护等养老服务项目，出台一系列支持养老服务业发展的税费优惠政策，大力支持银发经济发展，让老年人有了“养老钱”，还能够享受买得起、用得好的养老服务。年，我们将重点做好两方面工作。一方面，进一步加大中央财政补助力度，深入实施养老保险全国统筹制度，健全相关体制机制，管好守好人民群众的“养老钱”。另一方面，进一步加大对养老服务的支持力度，健全机构、社区和居家养老服务网络，推动养老事业和养老产业协同发展，促进养老服务提质增效。来源：国新网;0.0002128565346956;0.6420480233179139;0.8888649704681162;0.0014814124647809348
财政部回应养老金担忧：结余近万亿，能够保证按时足额发放养老金按时足额发放有保证在月日的国新办新闻发布会上，财政部相关负责人表示，近几年我国养老保险基金收支状况得到有效改善。截至年底，全国企业职工基本养老保险基金累计结余接近万亿元，养老金按时足额发放是能够保证的。随着我国人口老龄化程度加深，人们对养老金的按时足额发放，以及养老金制度能否持续有所担忧。对此，财政部资产管理司司长侯俊明表示，为确保养老金按时足额发放，近年来各级财政部门不断加大财政补助力度，年，中央财政安排基本养老保险补助资金约万亿元，重点向基金收支困难的中西部地区和老工业基地倾斜；地方各级财政也积极落实相关支出责任，确保及时足额发放基本养老金。年起，我国实施养老保险全国统筹。在全国范围内对各地基金结余进行合理调剂。年全国统筹调剂资金规模为亿元，有效解决了地区间养老负担和基金结余分布不均衡的问题。此外，财政部配合有关部门，规范各地基金收支行为，促进筹资和待遇政策更加公平合理，推动养老保险制度更加公平更可持续。对年的养老金发放，侯俊明表示，将进一步加大中央财政补助力度，深入实施养老保险全国统筹制度，健全相关体制机制。同时，进一步加大对养老服务的支持力度，健全机构、社区和居家养老服务网络，推动养老事业和养老产业协同发展。;0.7366964665815241;0.0651597059098952;0.4791387711369311;0.2804882801237103
财政部回应民众对养老金发放的担忧网页链接;0.0001064282673478;-0.454545454545455;0.6665968906842651;-0.0003932631894200851
今天住建部召开城市房地产融资协调机制部署会，要求月底前，首批房地产项目名单将落地并争取贷款。这不是新的消息，是月初《金融监管总局关于建立城市房地产融资协调机制的通知》就提出的要求。注意是“房地产项目”名单，而不是房企名单，延续了年救项目不救企业是房地产基金底线原则，救项目不救房企。;0.0083014048531289;0.2514991091794929;0.4047382242526202;0.010304999381594683
住建部：充分赋予城市房地产调控自主权推动融资协调机制落地住建部：充分赋予城市房地产调控自主权推动融资协调机制落地房地产融资端和需求端再出支持性政策。住建部和金融监管总局联合发文建立城市房地产融资协调机制后，月日，住建部在北京召开城市房地产融资协调机制部署会，推动落实这一机制在各地落地。据财新了解，除了金融监管部门人员出席外，另有个重点城市相关部门分管人员参会。一名接近住建部的人士向财新表示，协调机制的建立主要为改善房企融资环境，此次会议主要是“把责任压实到城市”，针对一些“保交楼”资金有困难、短期内因市场环境变化而遇到资金问题、融资难导致交付有压力等项目，“政府列名单、金融机构给支持”。;0.0055342699020859;0.0296010160445194;0.448556057125733;0.0008961266269599545
月日，国家金融监督管理总局召开会议部署落实城市房地产融资协调机制相关工作。会议强调，金融机构要高度重视，加强组织领导，建立内部机制，明确工作规则。对符合授信条件的项目，要建立授信绿色通道，优化审批流程、缩短审批时限，积极满足合理融资需求。对开发建设暂时遇到困难但资金基本能够平衡的项目，不盲目抽贷、断贷、压贷，通过存量贷款展期、调整还款安排、新增贷款等方式予以支持。同时，金融机构要加强资金封闭管理，严防信贷资金被挪用。会议要求，各监管局要积极参与协调机制，主动配合地方政府和住建部门，稳妥有序开展相关工作，共同推动协调机制落地见效，促进房地产市场平稳健康发展。;0.0003192848020434;0.2099205559702321;0.6665968906842651;0.0005448565806135598
东方财富股票利好来袭金融监管总局最新发声事关房地产融资月日，金融监管总局召开会议，部署推动落实城市房地产融资协调机制相关工作。利好来袭金融监管总局最新发声事关房地产融资来自东方财富网;0.0001064282673478;0.9998883791306556;0.6665968906842651;0.0008650824446902012
西南证券首席分析师张刚：楼市政策有利于扩大可支配收入本周房地产政策持续加码，中国央行及金融监管总局近期联合发布《关于调整优化差别化住房信贷政策的通知》和《关于降低存量首套住房贷款利率有关事项的通知》，对于贷款购买商品住房的居民家庭，首套最低首付款比例统一为不低于，二套最低首付款比例统一为不低于；此外，存量首套房贷的借款人，可在月日起可向承贷金融机构提出申请，调降贷款利率。西南证券首席分析师张刚指出，对于借款人来说，有利于节约利息支出，扩大可支配收入。中国深度财经凤凰卫视的微博视频;0.0006385696040868;0.0835759125717695;0.4765882210983591;0.000310183274688111
降存量房贷利率有购房者激动得一夜没睡“总利息少了万，每月少还多元”月日晚间，中国人民银行和国家金融监督管理总局发布《关于降低存量首套住房贷款利率有关事项的通知》，自年月日起实施。借款人可选择新发放贷款置换存量房贷，或者协商变更合同约定利率水平两种方式，调整存量首套住房商业性个人住房贷款，预计这两种方式调整后的利率水平不会有明显区别。经测算，以万元、年期、原利率的存量房贷为例，假设房贷利率降至，可每年节约超元利息支出。新杭州人小陈在年月买了一套萧山市北的二手房，首套利率（。此后多次下调，但由于加点实在太高，目前还是在的利率高位。小陈说，昨晚得知这个消息，激动得一夜没睡好，按照此次存量首套房贷的调整办法，如果按照下限计算，原利率将降至（当时杭州首套房贷利率政策下限为不加点）。对于购房者，的利率降幅是一笔厚厚的息差。以万商业贷款，年本额等息还款为例，调整后，小陈的月供将从元降至元，每个月少了元，总利息少了万元。（视频）视频的微博视频;0.0011707109408258;0.1223583340904129;0.2439614074903031;0.0004261770561949672
淮安公安淮安分局超话利息少了万购房者激动得一夜没睡降存量房贷利率央行、金融监管总局重磅发布有购房者激动得一夜没睡“总利息少了万，每月少还多元”你的月供究竟能降多少？月日晚间，中国人民银行和国家金融监督管理总局发布《关于降低存量首套住房贷款利率有关事项的通知》，自年月日起实施。借款人可选择新发放贷款置换存量房贷，或者协商变更合同约定利率水平两种方式，调整存量首套住房商业性个人住房贷款，预计这两种方式调整后的利率水平不会有明显区别。经测算，以万元、年期、原利率的存量房贷为例，假设房贷利率降至，可每年节约超元利息支出。新杭州人小陈在年月买了一套萧山市北的二手房，首套利率（。此后多次下调，但由于加点实在太高，目前还是在的利率高位。小陈说，昨晚得知这个消息，激动得一夜没睡好，按照此次存量首套房贷的调整办法，如果按照下限计算，原利率将降至（当时杭州首套房贷利率政策下限为不加点）。对于购房者，的利率降幅是一笔厚厚的息差。以万商业贷款，年本额等息还款为例，调整后，小陈的月供将从元降至元，每个月少了元，总利息少了万元。（视频）视频的微博视频（来源：视频审核：蒋婵媛发布：蔡瑞永）;0.0026607066836951;-0.0534130585970776;0.6373143847720899;-0.0011045461640449329
财鑫闻丨北上广深等城市“认房不认贷”预计后期仍有政策跟进月日，北京、上海宣布执行“认房不认贷”政策，两日内，广州、深圳、厦门、武汉等城市官宣落实“认房不认贷”，北上广深四个一线城市均官宣“认房不认贷”。这也是对前一天重磅政策的落实响应。月日，中国人民银行、国家金融监督管理总局两部门连续发布《关于调整优化差别化住房信贷政策的通知》和《关于降低存量首套住房贷款利率有关事项的通知》（下文简称《通知》）两大重磅政策，意味购房者的购房门槛和成本大幅下调。对于密集出台的调控政策，专家称之为是近年来调控力度最大的楼市政策，预计后期仍会有相应政策出台。财鑫闻丨北上广深等城市“认房不认贷”预计后期仍有政策跟进;0.0001064282673478;-0.0596236849458349;0.4853303059692361;-3.755769397854864e-05
存量房贷利率下调政策五大关键点能节省多少房贷利息？对于中国人民银行、金融监管总局发布的《关于降低存量首套住房贷款利率有关事项的通知》，我们该如何理解？降低存量首套住房贷款利率，具体又该怎么操作？接下来，通过梳理政策五大关键点来帮您解读。央视网的微博视频展开;0.0011707109408258;0.1939465935101657;0.420363709901732;0.0011639725856135339
首套房按揭利率政策下限公布月日晚，中国人民银行、国家金融监督管理总局联合发布《关于降低存量首套住房贷款利率有关事项的通知》。文件明确，从年月日起，存量首套住房商业性个人住房贷款的借款人可向承贷金融机构提出申请，由该金融机构新发放贷款置换存量贷款，但在贷款市场报价利展开;0.0003192848020434;0.1442683335850029;0.4159784124993548;0.0002336715060172965
江苏公布首套房贷款利率下限执行情况月日晚，中国人民银行、国家金融监督管理总局联合发布《关于降低存量首套住房贷款利率有关事项的通知》。文件明确，从年月日起，存量首套住房商业性个人住房贷款的借款人可向承贷金融机构提出申请，由该金融机构新发放贷款置换存量贷款，但在贷款市展开;0.0001064282673478;0.2602829516675716;0.3905379237128771;0.00013193245091713625
江苏公布首套房按揭利率政策下限江苏省各设区市首套房按揭利率政策下限公布月日晚，中国人民银行、国家金融监督管理总局联合发布《关于降低存量首套住房贷款利率有关事项的通知》。文件明确，从年月日起，存量首套住房商业性个人住房贷款的借款人可向承贷金融机构提出申请，由该金融机构新发放贷款置换存量贷款，但在贷款市场报价利率（）上的加点幅度，不得低于原贷款发放时所在城市首套房贷款利率政策下限。月日下午，中国人民银行江苏省分行官网发布消息，公布了近几年江苏省内各城市首套房贷款利率下限执行情况。;0.0001064282673478;-0.2124895088716969;0.5462254320439776;-0.00015064409194737985
利息少了万购房者激动得一夜没睡降存量房贷利率有购房者激动得一夜没睡“总利息少了万，每月少还多元”你的月供究竟能降多少？月日晚间，中国人民银行和国家金融监督管理总局发布《关于降低存量首套住房贷款利率有关事项的通知》，自年月日起实施。借款人可选择新发放贷款置换存量房贷，或者协商变更合同约定利率水平两种方式，调整存量首套住房商业性个人住房贷款，预计这两种方式调整后的利率水平不会有明显区别。经测算，以万元、年期、原利率的存量房贷为例，假设房贷利率降至，可每年节约超元利息支出。新杭州人小陈在年月买了一套萧山市北的二手房，首套利率（。此后多次下调，但由于加点实在太高，目前还是在的利率高位。小陈说，昨晚得知这个消息，激动得一夜没睡好，按照此次存量首套房贷的调整办法，如果按照下限计算，原利率将降至（当时杭州首套房贷利率政策下限为不加点）。对于购房者，的利率降幅是一笔厚厚的息差。以万商业贷款，年本额等息还款为例，调整后，小陈的月供将从元降至元，每个月少了元，总利息少了万元。（视频）视频的微博视频;0.0009578544061302;-0.2341116704958858;0.4047595047087258;-0.0011068921907017336
四川公布各市州首套房贷利率执行下限月日晚，中国人民银行、国家金融监督管理总局联合发布《关于降低存量首套住房贷款利率有关事项的通知》。文件明确，从年月日起，存量首套住房商业性个人住房贷款的借款人可向承贷金融机构提出申请，由该金融机构新发放贷款置换存量贷款，但在贷款市场报价利率（）上的加点幅度，不得低于原贷款发放时所在城市首套房贷款利率政策下限。月日，人民银行四川省分行公布了年以来四川省内各城市首套房贷款利率下限执行情况。（人民银行四川省分行）;-0.000532141336739;0.0708263615944272;0.4725831878669707;-0.0002172130423735361
北上深公布首套房贷利率下限各地首套房贷利率下限公布月日，中国人民银行、金融监管总局联合发布的《关于降低存量首套住房贷款利率有关事项的通知》明确，自月日起，符合相关条件的存量房贷借款人，可向金融机构提出申请，既可以变更合同约定的住房贷款利率加点幅度，也可以由银行新发放贷款置换存量贷款。最关键的一句是：降低后的存量房贷利率，依然要符合贷款发放时当地的房地产政策，即不低于当时所在城市房贷利率政策下限。也就是说，存量房贷利率调整最多可以“抹平”银行在发放房贷时高于政策下限的“溢价”。为确保存量房贷利率调整顺利落地，央行分支机构陆续在官网公布首套商业性个人住房贷款利率自律下限有关情况。更多城市大家可以直接上央行官网的各个地方分行网站查看。;0.0002128565346956;-0.919133983114399;0.7202155763726154;-0.001718359480525762
四川公示首套房贷利率执行下限月日，人民银行四川省分行官网发布消息，公布了近几年四川省内各城市首套房贷款利率下限执行情况。记者注意到，根据公布的情况，成都今年月日至今执行利率下限为，年月日至今年月日利率下限为。月日晚，中国人民银行、国家金融监督管理总局联合发布《关于降低存量首套住房贷款利率有关事项的通知》。文件明确，从年月日起，存量首套住房商业性个人住房贷款的借款人可向承贷金融机构提出申请，由该金融机构新发放贷款置换存量贷款，但在贷款市场报价利率（）上的加点幅度，不得低于原贷款发放时所在城市首套房贷款利率政策下限。;0.0006385696040868;-0.2175797680362836;0.6132969043703786;-0.0010391619272611496
有房贷的人开始焦虑排不上队利率真要降了买房人恨不得今天就是月日月日晚间点左右，中国人民银行、国家金融监督管理总局联合发布《关于降低存量首套住房贷款利率有关事项的通知》。据有关负责人介绍，符合条件的存量首套住房贷款是指，年月日前金融机构已发放，已签订合同但未发放的，以及借款人实际住房情况符合所在城市首套住房标准的存量住房商业性个人住房贷款。对于“高位站岗”买房者来说，这是不亚于过年的好消息。月日晚间，广州市民唐轩（化名）告诉时代财经，看到政策发布的那一刻，除了兴奋，还有一丝担忧，“恨不得明天就是月日，我现在就担心到时候要排队。”时代财经的微博视频;-0.0034057045551298;0.1196493060390073;0.4213943429727573;-0.0020940717491294185
存量首套房贷利率下调月日起可申请万存量房贷每年可省多元利息月日，中国人民银行、金融监管总局联合发布《关于降低存量首套住房贷款利率有关事项的通知》（下称“通知”）和《关于调整优化差别化住房信贷政策的通知》。通知明确，自月日起，符合相关条件的存量房贷借款人展开;0.000532141336739;0.2019639226628883;0.6668624671347368;0.0008740228177018903
央行决定降准个百分点开往方向的列车，马上停止检票了还没检票上车的旅客，请抓紧时间检票上车，下一趟是开往方向的列车保险超话平安星计划超话襄阳号外黄冈号外;-0.0525755640698169;-0.0200806159068741;0.450074228737912;0.005794698153251478
实时播报：全面降准正式落地预计释放超亿元中长期资金月日，央行降准正式落地。据中国人民银行此前公告，决定于年月日降低金融机构存款准备金率个百分点（不含已执行存款准备金率的金融机构）。本次下调后，金融机构加权平均存款准备金率约为。分析人士总体预计，本次降准将释放亿元左右的中长期资金。;0.0003192848020434;-0.8443180094971343;0.6666854161677557;-0.002191749706146388
前两日，央行下调存款准备金率，预计释放中长期资金约多亿元。这是自年以来的第次降准，金融机构加权平均存准率也由当初的近降为当下的。会流向股市么？会流向楼市么？会流向其他资产领域么？央行说了，“提高服务实体经济水平”，这些钱主要流向于实体经济、是用来提高商品展开;0.001064282673478;0.8368418872024177;0.6668624671347368;0.007243064945262384
中国央行决定降准个百分点，月日起生效月日傍晚，中国人民银行官网发布消息称，要打好宏观政策组合拳，提高服务实体经济水平，保持银行体系流动性合理充裕，中国人民银行决定于年月日降低金融机构存款准备金率个百分点（不含已执行存款准备金率的金融机构）。商业银行被要求将吸收到的存款的一定比例，存入中央银行，这个比例就是法定存款准备金率。存款准备金率高，银行能够发放的贷款比例就相对较低。本次降准后，金融机构加权平均存款准备金率约，可以发放的贷款规模有所增加，流动性也得到提升。底层的流动资金宽松了，无疑对我国的银行业、银行股，以及我国经济都是利好。年，随着我国疫情防控措施的进一步优化、供应链产业链各种堵点的逐步疏通、年采取的多项政策进一步发挥作用，我国经济已经筑底回升，有望保冲。;0.0003192848020434;0.2877814258285525;0.6666854161677557;0.0007470465492851237
焦炭市场僵持仍未打破，提涨落地有难度上周随着入炉煤成本下移，焦企利润进一步修复，对焦企生产积极性起到一定带动作用，叠加两会结束后各地安全环保等检查有所放松，焦企开工率整体稳中有增，焦炭产量增加，供应逐步释放。需求端，下游钢厂焦炭库存多在合理水平，以及投机环节需求减缓，影响产地焦化出货节奏放缓。不过，下游钢厂高炉开工高稳，铁水继续回升，刚需支撑尚可，多数焦企仍保持低库存运行，焦炭市场继续博弈。进入本周，由于出货较差炼焦煤价格延续回落态势，且降价范围逐步扩大。焦企利润在继续修复中，加之供应端焦炭产量增加，焦企提涨心态转弱，多维稳发货。以及随着钢材价格回落，市场情绪进一步受挫。当前焦炭价格暂继续平稳运行。市场上涨乏力下，参与者多转持看稳意见，少数对后市还有一定看跌预期。“目前出货尚可，变化不大，现在不提产了，维持现状。煤价继续下行情况下，焦炭涨价有难度。”山西地区焦化厂消息人士表示。“有一些库存，现在出货是能出尽出，目前看市场预计还会持稳。”内蒙古地区焦化厂消息人士表示。“稍微提产，有一点利润了，焦炭预计涨不了了，过一阵可能还会下跌。”焦化厂消息人士表示。目前来看焦炭价格上涨有一定难度，但焦企低库存支撑下跌价可能性也不大，短期大概率还是继续持稳。钢市传统旺季背景下，钢厂高炉开工高位，铁水产量仍有望继续保持增长态势，焦炭刚需仍有支撑。加之政策面央行决定于月日全面降准个百分点，一定程度提振市场信心。另外，虽然现下焦企开工有所提升，但在焦炭提涨落地之前，焦企提产幅度或也有限。总的来说，目前焦炭供需处于双增走势，供需矛盾尚不突出，短期焦炭价格或继续持稳。;0.0003192848020434;0.9963973991675046;0.6665968906842651;0.0025861863662348344
央行再放大招，超预期宣布降准，释放了什么信号？月日，央行突然宣布，决定于年月日降低金融机构存款准备金率个百分点不含已执行存款准备金率的金融机构。本次下调后，金融机构加权平均存款准备金率约为详情：央行再放大招，超预期宣布降准，释放了什么信号？央行基准;0.0001064282673478;0.9970121624887168;0.6665968906842651;0.000862594002404043
央行决定降准个百分点理财超话基少成多的微博视频;0.0008514261387824;0.3313978950830377;0.6666854161677557;0.0022940526547128204
降准、成交破万亿，难挡大盘跳水，该来的终会来上证指数交易员云起超话央行决定降准个百分点交易员云起的微博视频;0.0023414218816517;0.9945887075820908;0.6665968906842651;0.01893094016155957
郑州经开区设立万元购房补贴资金最高补贴元财联社月日电，郑州经济技术开发区管委会发布关于经开区年春季商品房购房补贴消费券的通告。通告显示，区财政出资，设立总金额万元购房补贴资金。补贴标准为，购买平方以下（含平方）面积的商品房住宅，给予元消费券补贴；展开;0.0028735632183908;0.4511227766554201;0.9676680328535826;0.015297751695369484
国家一锤定音，刚需不要误判今年楼市，未来房价走势清晰近期关于房产税的消息又突然火了起来，主要是财政部原部长楼继伟在《新时代中国财政体系改革和未来展望》一文中称，房地产税是最适合作为地方税的税种，在经济转为正常增长后应尽快开展试点。此文一出，顿时引起了社会各界的舆论热潮，毕竟狼展开;0.0007449978714346;0.9018278812256322;0.6665968906842651;0.0054616979167327415
关于未来一段时间买房的建议月日，财政部原部长楼继伟说：“房地产税是最适合作为地方税的税种，在经济转为正常增长后应尽快开展试点。”、房价的定价逻辑将发生改变、在没有房产税之前，从宏观经济角度看，房子是资产，会随着时间增值当期房价房子建筑成本远期升值折现维护成本其中建筑成本固定，维护成本可以忽略，在人口增长的前提下，远期会一直升值，所以房子会一直涨价、在有房产税后，从宏观经济角度，房子可能会变成负债，随着时间贬值当期房价房子建筑成本远期升值折现维护成本房产税其中房产税与远期升值预期是正相关的，那么就存在可能房产税与升值折现抵消的可能。所以从纯宏观经济学角度，购房应该等到房产税落地后进行，因为，那时房子的定价逻辑将发生改变，房价会经历一次大的重新调整、房子的远期升值预期将与年轻人比例正相关房子的远期升值预期的主要根源是来自于年轻人买房的需求，当年轻人减少的时候，那么房价升值预期将会减弱。、以日本为例从日本的情况可以看到，日本岁人口比例是在年到达最高，然后就持续下滑因为一代人的购房需求是在年后才爆发出来，所以日本的房价上一个高点就出现在年左右之后房价一路下跌十年直到年见底、中国情况中国的岁人口比例是在年达到最高，然后持续下滑这样正常中国房价的高峰应该出现在年前后但是新冠疫情的影响，使得中国年轻人口的下降远超预期，所以这个时间很可能会提前总体上类比日本中国房价的高点预期应该是出现在年之前，或许已经过去了、总结、房子的定价模型将在房产税落地后发生巨大改变，所以应该等待房产税落地后再进行买房、中国年轻人口比例的拐点发生在年，那么房价高点会在年前出现、按照现在的情况，房产税很大可能在年之间落地，同时那会也刚好过了房价与人口的高峰，综合最佳的买房时刻应该是在年、考虑中国各城市的发展不均衡情况，投资性购房仍需考虑目标地，年轻人口比例，应选择年轻人口流入区域，年轻人占比扩大的地方房价社会;0.0004257130693912;-0.8454601168418396;0.6668624671347368;-0.0029270631064543464
业内预计短期内不会推进房地产税试点建议尽快开展房地产税试点近日，财政部原部长楼继伟发表了题为《新时代中国财政体系改革和未来展望》的文章，其中指出，房地产税是最适合作为地方税的税种，在经济转为正常增长后应尽快开展试点。有市场人士认为这意味着房地产税试点的脚步将近。作为土地财政转型的方向、调节收入和财富分配的重要手段之一，房地产税的落地是大势所趋。年时，房地产税扩大试点的工作曾加速推进。不过，在房地产行业下行大势之下，出于稳地产、稳增长的考量，年初财政部曾暂缓扩大房地产税试点。多位业内人士认为，在经济发展承压的背景下，房地产税试点不会贸然推进，预计未来试点城市推行时点仍将结合房地产市场恢复情况以及宏观经济运行情况确定。;0.0004257130693912;-0.3563066525555272;0.601240170289152;-0.0011121787831895114
关于未来一段时间买房的建议月日，财政部原部长楼继伟说：“房地产税是最适合作为地方税的税种，在经济转为正常增长后应尽快开展试点。”、房价的定价逻辑将发生改变、在没有房产税之前，从宏观经济角度看，房子是资产，会随着时间增值当期房价房子建筑成本远期升值折现维护成本其中建筑成本固定，维护成本可以忽略，在人口增长的前提下，远期会一直升值，所以房子会一直涨价、在有房产税后，从宏观经济角度，房子可能会变成负债，随着时间贬值当期房价房子建筑成本远期升值折现维护成本房产税其中房产税与远期升值预期是正相关的，那么就存在可能房产税与升值折现抵消的可能。所以从纯宏观经济学角度，购房应该等到房产税落地后进行，因为，那时房子的定价逻辑将发生改变，房价会经历一次大的重新调整、房子的远期升值预期将与年轻人比例正相关房子的远期升值预期的主要根源是来自于年轻人买房的需求，当年轻人减少的时候，那么房价升值预期将会减弱。、以日本为例从日本的情况可以看到，日本岁人口比例是在年到达最高，然后就持续下滑因为一代人的购房需求是在年后才爆发出来，所以日本的房价上一个高点就出现在年左右之后房价一路下跌十年直到年见底、中国情况中国的岁人口比例是在年达到最高，然后持续下滑这样正常中国房价的高峰应该出现在年前后但是新冠疫情的影响，使得中国年轻人口的下降远超预期，所以这个时间很可能会提前总体上类比日本中国房价的高点预期应该是出现在年之前，或许已经过去了、总结、房子的定价模型将在房产税落地后发生巨大改变，所以应该等待房产税落地后再进行买房、中国年轻人口比例的拐点发生在年，那么房价高点会在年前出现、按照现在的情况，房产税很大可能在年之间落地，同时那会也刚好过了房价与人口的高峰，综合最佳的买房时刻应该是在年、考虑中国各城市的发展不均衡情况，投资性购房仍需考虑目标地，年轻人口比例，应选择年轻人口流入区域，年轻人占比扩大的地方;0.0096849723286504;0.2528736232380165;0.4995149755755142;0.014918876915874364
针对财政部原部长楼继伟发表文章，建议在经济转为正常增长后，应尽快开展房地产税试点引发媒体惊呼一事。月日晚，经济学者马光远发表观点称，当前房地产开发投资和销售仍然处在下滑通道，房地产行业的风险仍然没有解除，在这种情况下，说要试点房地产税，不现实。房价之外说真话展开;0.0236270753512132;-0.9690620648874612;0.6665968906842651;-0.18612750050659022
财政部原部长建议尽快开展房地产税试点财政部原部长楼继伟：经济转为正常增长后应尽快开展房地产税试点近日，财政部原部长楼继伟在《比较》发表《新时代中国财政体系改革和未来展望》一文。楼继伟认为探讨财政体系的未来发展导向需要问题导向，并提出可行的选择方案。其中之一是建立适合作为地方展开;0.0001064282673478;-0.1764705882352937;0.6665968906842651;-0.0001526786500101502
房产税应向“超人均刚性居住面积”的保有房出租、空置征收，而不应对城镇百姓的“刚性居住房”征收。不要总想着向中低收入百姓加税而不断扩大贫富差距。凤凰新闻楼继伟：经济转为正常增长后应尽快开展房地产税试点前财长楼继伟认为，房地产税是最适合作为地方税的税种，在经济转为正常增长后应展开;0.0001064282673478;0.9657216639151154;0.6665968906842651;0.0008355221196153248
楼继伟：房地产税最适合作为地方税税种，经济正常增长后应尽快开展试点月日，中国财政部原部长楼继伟在《比较》杂志发表《新时代中国财政体系改革和未来展望》一文。楼继伟认为，探讨财政体系的未来发展需要问题导向，并提出可行的选择方案。第一，建立适合作为地方税的税种；第二，化解和抑展开;0.0043635589612601;-0.5910920796715781;0.9393063986480832;-0.029545338627501527
楼继伟：房地产税最适合作为地方税税种，经济正常增长后应尽快开展试点月日，中国财政部原部长楼继伟在《比较》杂志发表《新时代中国财政体系改革和未来展望》一文。楼继伟认为，探讨财政体系的未来发展需要问题导向，并提出可行的选择方案。第一，建立适合作为地方税的税种；第二，化解和抑制展开;0.0001064282673478;-0.9512036643528357;0.6666854161677557;-0.0008230707420585826
楼继伟说房产税最适合作为地方税税种，经济正常增长后应尽快开展试点近日，中国财政部原部长楼继伟在《比较》杂志发表《新时代中国财政体系改革和未来展望》一文。楼继伟认为，探讨财政体系的未来发展需要问题导向，并提出可行的选择方案。第一，建立适合作为地方税的税种；第二，化解和抑制地方展开;0.0004257130693912;0.2723423589467441;0.7249029161949742;0.0010249383122662786
楼部长是不是吹响了房价下跌的号角楼继伟：房地产税最适合作为地方税税种，经济正常增长后应尽快开展试点月日，中国财政部原部长楼继伟在《比较》杂志发表《新时代中国财政体系改革和未来展望》一文。楼继伟认为，探讨财政体系的未来发展需要问题导向，并提出可行的选择方案。第一，建立适展开;0.0046828437633035;-0.4213741868527006;0.5580615280460064;-0.01342905282475733
楼继伟说房产税最适合作为地方税税种楼继伟：房地产税最适合作为地方税税种，经济正常增长后应尽快开展试点月日，中国财政部原部长楼继伟在《比较》杂志发表《新时代中国财政体系改革和未来展望》一文。楼继伟认为，探讨财政体系的未来发展需要问题导向，并提出可行的选择方案。第一，建立适展开;0.000532141336739;0.75;0.6665968906842651;0.0032444213127156996
财政部原部长建议尽快开展房地产税试点房地产税是一种对房地产保有环节征收的税种，是地方政府的主要税源之一，也是调控房价、缩小贫富差距、促进房地产市场健康发展的重要政策工具。近日，财政部原部长楼继伟发文称，房地产税是最合适作为地方税的税种，在经济转为正常增长后应尽快开展试点。那么，房地产税的征收会对房价带来怎样的影响呢本文将从国内外房地产税征收情况来进行分析。首先，我们来看看国外的经验。根据统计，截至年世界上有个国家征收财产税，而其中最主要的组成部分是房地产税。从房地产税的总体规模来看，房地产税收入占的比重虽有上升，但仍较低。个发达国家，其房地产税占比重的平均值在左右，而个新兴国家和发展中国家的平均值仅为左右。从理论上来说，如果将房地产税看作是对消费品征收的消费税，则会使得房价上升。如果看作对资本品征收的资本税，则会导致房价下降；如果看作提高公共服务水平的受益税，则影响的方向存在不确定性。综合海外房地产税征收的实际经验，房地产税的征收能够对房价起到一定的抑制作用，但其影响程度有局限性。一是税率的高低限制了政策的有效性。当征税的强度较小时，有可能对房价并不造成影响。二是这种影响的持续时间有限，随着时间推移根据文献，在年左右，房地产税对房价的影响作用将逐渐消退。三是对房屋供给紧张的地区，其可能通过税收转嫁等方式，对房价反而形成抬升。其次，我们来看看国内的情况。目前，我国还没有全面实施个人房地产税，只在上海和重庆进行了试点。根据试点方案，上海和重庆分别采取了从价计征和从租计征两种方式。从价计征按总价的征收，从租计征按租金的征收。这两种方式都只针对高档住宅或者非普通住宅，并且设定了一定的免征或减免条件。根据相关研究，目前我国个人房地产税试点对房价并没有显著影响。一方面是因为试点范围较小；另一方面是因为试点对象较少、税率较低、免征或减免条件较多，导致房地产税的实际征收力度不够，对房价的调节作用不明显。那么，未来我国房地产税的前景如何呢？从国务院授权国家人大常委会开展试点的决定以及前不久住建部表示已经完成了全国房屋的普查和联网来看，房地产税的立法和改革已经提上了日程，预示着房地产税将逐步走向全面实施。但这并不意味着房地产税会一刀切，而是要根据各地的实际情况，采取灵活的征收方式和差别化的政策措施。既要考虑到房地产市场的供需关系和区域差异，又要考虑到地方财政的需求和社会公平的目标。综上所述，从国外经验和国内现状来看，房地产税对房价的影响并不是单一的或者确定性的，而是受到多种因素的综合作用。从长期来看，房价还是由人口、经济、产业等基本面决定，而不是由税收政策决定。比如，前几年韩国大幅提高房地产税税率，但是韩国房价仍然不断提高，这是因为货币超发，以及韩国城市集中、供地面积少导致的。而日本在征收房地产税、年内交易重税以及收取遗产税后，日本房价出现了大幅下跌。但是真正导致日本房价下跌的“广场协议”，美元对日元贬值，日元升值主动刺破了房地产泡沫。因此，我们不能寄希望于房地产税能够单独解决房价过高的问题。从年开始，中国人口出现首次减少，老龄化人口加速增长，而房屋库存量仍然居高不下，二手房挂牌量激增，这都意味着整个楼市的供需关系正在发生变化。中国一直在降低房贷利率，并下调存款准备金率，实际利率水平也在持续下降。这都是为了拖住楼市的下跌。而一旦利率上浮，加息到来，楼市就非常危险。这就类似日本的主动刺破泡沫了。但是日本加息并非自愿，而是被美国强迫加息。所以，中国大概率不会采取加息措施，反而会持续降低利率水平。因此，楼市很可能出现严重的两极分化，一二线核心区域，由于土地稀缺，新房较少，新房和次新房价格可能坚挺，但是老破小价格会持续下跌。而郊区的房价，将继续下跌，因为郊区的土地供应一直充足，库存量极大。如果你想询问楼市问题，请关注公众号磐石之心，回消息“加群”即可获得询问方式。;0.0008514261387824;0.9038795529955308;0.6666854161677557;0.006256971811997991
建议尽快开展房地产税试点太扎心了，房地产税真的要来了，有多少人因为他不买房而为高房价买单呢？楼继伟表示，经济转为正常增长后，应尽快开展房地产税试点，这让很多没有买房的朋友欢声雀跃，他们觉得房价终于要暴跌了，炒房客终于要痛哭了。有多少人因为开征房地产税试点而迟迟没有买房，最终房价涨上去了，还是要为高房价买单呢？因为开征房地产税并不是今年才开始的，我记得年也在说，年也在说，现在过去了六七年不还是这个样子吗？难道你真的理解不了，房地产为何被称为夜壶吗？;0.0002128565346956;-0.1727113789929539;0.6665968906842651;-0.00029885252210840437
财政部原部长楼继伟：经济转为正常增长后应尽快开展房地产税试点近日，财政部原部长楼继伟在《比较》发表《新时代中国财政体系改革和未来展望》一文。楼继伟认为探讨财政体系的未来发展导向需要问题导向，并提出可行的选择方案。其中之一是建立适合作为地方税的税种。楼继伟在文中称，房地产税是最适合作为地方税的税种，在经济转为正常增长后应尽快开展试点。在建立地方税税种方面，除了房地产税适时启动试点外，楼继伟认为还可以将部分品目消费税征收环节后移，转为零售环节征收，相应地由中央税改为地方税。企业所得税和个人所得税可以继续作为中央地方共享税种。当然这两个税种本身仍有改进的空间。随着地方税体系建立起来以后，楼继伟称，可以考虑将增值税改为中央税。：第一财经日报的微博视频;0.0004257130693912;0.0;0.6666854161677557;0.0
周日重要消息汇总国内新闻：财政部长刘昆：推进更高水平对外开放，进一步放宽市场准入；把支持科技创新摆在优先位置。财政部原部长楼继伟：经济转为正常增长后应尽快开展房地产税试点。国家发改委主任郑栅洁：我国将防范化解金融和房地产等领域风险。中石油大庆油田宣布，油田累计生产原油突破亿吨，占全国陆上原油总产量的。香港交易所主席史美伦：正在筹备“双柜台”模式，助力实现人民币交易港股。寒武纪交易异常波动公告：公司不直接从事人工智能最终应用产品的开发和销售。沪市两只主板注册制新股中信金属和常青科技发行价出炉。上海虹桥国际机场暂停三年的国际及港澳台地区进出港航班业务“重启”。第八批国家带量采购开标临近，医药市场酝酿新一轮“降价风暴”。财政部副部长朱忠明会见德勤全球理事会主席舒亚玟。舒亚玟表示，德勤愿意继续助力中国经济高质量发展。洪都拉斯外交部正式宣布与中国台湾断绝“外交关系”；中华人民共和国和洪都拉斯共和国建立外交关系。国际新闻：总裁：部分发达经济体出现银行危机，密切关注事态发展。美国白宫声明：拜登总统宣布密西西比州处于重大灾难状态。据美媒：美国南部和中西部的部分地区超过万人将在当天面临强风暴天气的威胁。欧洲央行执委施纳贝尔：金融动荡对市场产生显著影响，迄今为止，动荡的影响主要体现在金融公司上。北约方面表示，俄罗斯的核言论是危险且不负责任的，将保持警惕，并继续密切监视局势。道达尔能源公司发言人：该公司法国炼油厂和仓库的运营人员周日举行罢工。德国航空和铁路服务周一将由于工人罢工而陷入停顿，德国工人效仿法国和英国工人。据日本共同社：日本计划与国家就加密货币监管问题进行协调，并将其作为月广岛峰会的议题。俄罗斯公司：已推出了功能类似于的俄语人工智能程序，，经测试已可商用。;0.0012771392081736;0.9815844247422368;0.6839587597242623;0.010456383788348782
市场传德意志银行要暴雷，周五欧股收跌。人民日报：人工智能产业化应用加速，点名华为盘古，浪潮信息等。证监会首次支持消费基础设施。财政部原部长楼继伟称：经济转为正常增长后应尽快开展房地产税试点。洪都拉斯与台湾断交。电池级碳酸锂继续下跌元，周五报万吨。“打新”新时代，主展开;0.0002128565346956;0.0;0.6666854161677557;0.0
财政部原部长楼继伟：经济转为正常增长后应尽快开展房地产税试点近日，财政部原部长楼继伟在《比较》发表《新时代中国财政体系改革和未来展望》一文。楼继伟认为探讨财政体系的未来发展导向需要问题导向，并提出可行的选择方案。其中之一是建立适合作为地方税的税种。楼继伟在文中称，房地产税是展开;0.0004257130693912;0.3944144440334325;0.6666854161677557;0.0013651376725933356
股票计划隔夜欧美股市涨跌互见，英国，众多银行股跳水；美股反弹，纳指低开高走。盘后消息：证监会发布《关于进一步推进基础设施领域不动产投资信托基金（）常态化发行相关工作的通知》；财政部原部长楼继伟：经济转为正常增长后应尽快开展房地产税试点展开;0.0002128565346956;0.0729557859738163;0.6665968906842651;0.00012623963034633318
房产税财政部原部长楼继伟日在《比较》发表文章《新时代中国财政体系改革和未来展望》。楼继伟在文中称，房地产税是最适合作为地方税的税种，在经济转为正常增长后应尽快开展试点。;0.0001064282673478;-0.1237225014260763;0.6665968906842651;-0.00010704211213046946
原财政部长在发表的一篇文章中提到，在经济转为正常增长后应尽快试点房产税。感觉这话说得有点时间点不对，去年的时候我国房地产市场经历了一次怎样的历程，大家应该是有所记忆的，以至于国家出台了大量的保交楼政策，核心是房地产不能出现风险，将房地产依然作为经济的重要支柱，之后在银行降低首套房贷利率的情形下，房市销量逐步上升，以至于一些地区的房价也出现了回暖的现象，我们可以试想一下，如果没有去年政策上的保交楼，会有如今的平稳情形吗？如今的房地产跟过去已经完全判若两样了，市场的需求整体是在萎缩的，大家的购买力变小了，中国经济目前外部需求减少、在逐步的向内需转型，这个过程房地产作为重要支柱如果平稳运行可以起到对经济转型中的过渡作用，如果在接下来经济正常增长后就直接房产税试点，我想这对楼市来说，会面临第二次考验的。我说这话的意思是，尽管政策上积极的鼓励房地产健康发展，然而现在好像还没有恢复到正常的健康发展状态，所以此时火急火燎的提及房产税确实有点早了，应该让市场信心再恢复一下，根据市场供给与需求的关系再行论证即可。楼继伟：应尽快开展房地产税试点;0.0002128565346956;-0.2879713721393397;0.6665968906842651;-0.0004982935771844574
瑞达利欧：世界正处于“危险的边缘”，可能会面临三个“地震式”的剧变。三个剧变分别是，一是巨额债务的货币化，即各国央行通过印钞，发行货币来购买这些债务，二是财富和价值观的鸿沟引发的巨大内部冲突，三是国际大国的冲突。现在这三种因素都在以年年以来最大的程度出现财政部原部长楼继伟：房地产税是最适合作为地方税的税种，在经济转为正常增长后应尽快开展试点。除了房地产税适时启动试点外，还可以将部分品目消费税征收环节后移，相应地由中央税改为地方税。企业所得税和个人所得税可以继续作为中央地方共享税种。中华人民共和国和洪都拉斯共和国，兹决定自公报签署之日起相互承认并建立大使级外交关系。洪都拉斯共和国政府即日断绝同台湾的“外交关系”，并承诺不再同台湾发生任何官方关系，不进行任何官方往来。美股：上周五，道指收涨，报点，周涨；标普收涨，报点，周涨；纳指收涨，报点，周涨。欧洲：上周五，德国收跌，报点，周涨；法国收跌，报点，周涨；英国富时收跌，报点，周涨。黄金：上周五，月黄金期货收跌，报美元盎司，周涨。原油：上周五，原油期货收跌，报美元桶，周涨；布伦特原油期货收跌，报美元桶，周涨。日中经济协会理事长伊泽正：两国企业的经贸合作前景是积极乐观的。当前，国际上“单边主义”的蔓延正在阻碍世界经济。日本企业虽然受到中美摩擦的影响，但大部分并不希望同中国“脱钩”。期货修道院的微博视频;0.0008514261387824;0.9998967311337212;0.6668624671347368;0.006923474623258489
每日新闻每日新闻秒年月日星期一农历闰二月初六、中电联：若出现长时段大范围极端高温天气，年全国最高用电负荷可能比去年增加近亿千瓦。、月日凌晨一颗直径米的小行星近距离掠过地球，离地球最近时距离不及月球到地球的一半。、北京动物园：大熊猫“萌兰”运动场周边区域限流参观。、人工智能“进军”电影界：美国编剧公会将允许编写剧本。、武汉：月日开始分批次发放价值万元体育消费券。、成都：一高校教授挑战独木舟无动力横渡大西洋，全程公里，历时天顺利到达。、工信部：今年力争全国专精特新中小企业数量超过万家。、日，成都至自贡至宜宾高铁全线桥梁架设完成，预计年底通车。、财政部原部长楼继伟：经济转为正常增长后应尽快开展房地产税试点。、香港旅游发展局：内地访港旅客量已恢复至疫情前，周末单日访港人数达万人次。、国家癌症中心：我国每年新发癌症约万例，我国总体癌症五年生存率。、报告称年岁婴幼儿去年平均每天观看屏幕时间为分钟，较上年增加分钟。;0.0002128565346956;0.999997262865718;0.6665968906842651;0.0017303532972260795
、当地日，洪都拉斯正式宣布与台湾断交，承认世界上只有一个中国。台媒：台外事部门紧急发出记者会通知；、中央气象台：预计日起，南方新一轮强降雨即将上线，北方大部气温狂飙；、年内蒙古鄂尔多斯人均突破万：接近全国水平倍，远超北京上海；、北京市医保局：月日起北京种植牙将大幅降价；南京十家网约车平台签署行业自律公约：司机服务差可能被全网封禁；、财政部原部长楼继伟：经济转为正常增长后应尽快开展房地产税试点；、日晚，上海一路公交车冲入河中，官方：涉事司机被救出，疑突发疾病，事发时车上无乘客；、公积金新政成各地促楼市标配：贷款额度提至百万元，多孩家庭可再上浮，多地下调公积金首付比例；、巴西总统府：卢拉因流感引发肺炎推迟访华，希望重新安排日程。外交部回应：理解，尊重，祝卢拉总统早日康复；、日媒：日本一名多岁男子在北京被捕，系知名日企高管，或涉间谍活动，日本政府一直寻求中方立即释放他，除这名男子外，自年来，至少名日本国民因涉嫌参与间谍活动被捕；、外媒：当地日晚，两艘偷渡船在突尼斯海域沉没，至少人遇难；、法国宣布：禁止政府人员手机上使用和推特等娱乐应用；、外媒：强风暴袭击美国已致人死数十人受伤，拜登批准密西西比州进入重大灾难状态；、美媒：预测自己将被捕一周后，特朗普改口称检方已撤销起诉；特朗普：美国面临的最大威胁不是中俄，而是佩洛西、拜登等高级政客；、美联储：美国储户大量从银行提取存款，美国银行存款一周流失近千亿美元；总裁：部分发达经济体出现银行危机，密切关注事态发展。今年中国对世界经济增长的贡献率或将超过；、普京：应白俄总统卢卡申科的要求，俄罗斯将在白俄罗斯部署战术核武器，将从月日开始训练人员，月日前完成储存设施建设。乌外交部：呼吁联合国安理会就此召开紧急会议；微语命虽由天定，但埋怨，只是一种懦弱的表现；努力，才是人生的态度;0.0002128565346956;-0.051163796101556;0.6665968906842651;-8.853168560604197e-05
两部门放大招，全面推进房产“带押过户”，释放什么信号？房地产带押过户北京正式启动存量住房交易带押过户刘光宇的微博视频;0.0002128565346956;0.9998556463433704;0.6666854161677557;0.001730338011990751
目前我国家庭户人均居住面积达平方米，平均每户住房间数为间，平均每户居住面积达到平方米。这一数据涵盖城乡，其中城市家庭人均居住面积为平方米。城市家庭户均居住面积平方米你家达到了吗？中国目前城镇住房套户比为，一线、二线、三四线城市分别为、、，可以告诉大家的是中国现在肯定不缺房子了，但是现在和未来还是会缺高品质的花园式小区房，因为大家都想住好的中国以后会越来越发达，所以新建小区的品质会越来越精美，在人口下滑的情况下，如果你现在购买老破小，我觉得是有风险的。反正我是建议大家购买那些小区环境、户型设计、面积大小都比较合适的房子，而且价格也能太贵，位置可以偏一些，但是周边环境就算不发达，那一定得优美才可以。比如可以去郊区的湖边、河边、大公园边淘下宝房地产我国将全面推进房产带押过户;0.0018092805449127;0.914843280299174;0.6667739416512463;0.013459128417476315
购房新政，房产“带押过户”有好处，也有风险购房新政，房产可以“带押过户”了，该模式是对《民法典》第四百零六条规定的落地和实施。根据该规定，“抵押期间，抵押人可以转让抵押财产。当事人另有约定的，按照其约定。抵押财产转让的，抵押权不受影响。”带押过户的模式，好处是缩短了房产交易流程，买家不用担心买了带抵押的房子无法过户了，卖家不用担心先凑钱还贷后卖房，银行也不用担心借款人还不了钱。但是，这个模式刚刚实施，实践操作还不那么完善，可能存在以下风险：、原贷款银行、新贷款银行、公积金中心、房管局等多方的配合才能实现，需要跨行合作互认、多部门合作。、目前旧贷与新贷之间不能使用公积金贷款，只能是商业贷款。、产权过户后，发现原产权存在争议，导致新贷落空等。因此“带押过户”虽然便捷，但是购房人在购房之前还是有必要调查了解房屋产权是否存在查封等纠纷情况，避免不必要的麻烦。;0.0008514261387824;-0.2246970224115473;0.667039518101718;-0.0015562578773369912
成都买房超话全面推行带押过户的影响;0.0023414218816517;0.71393388173448;0.7288447929963608;0.014857933960928193
银行允许带押过户，有利于二手房产交易，市场损失一笔过桥费，中介公司想哭。;0.0125585355470412;0.3515876389298507;0.6288417366706502;0.033860990495134025
深圳楼市房地产带押过户最新明确我国将全面推进房产“带押过户”模式日，自然资源部、中国银保监会印发《关于协同做好不动产“带押过户”便民利企服务的通知》，对协同做好不动产“带押过户”作出全面部署。不动产“带押过户”是指，已经抵押的不动产买卖转移时，不需要提前归还旧贷款、注销抵押权，即可完成过户、再次抵押和发放新贷款等手续，实现不动产登记和抵押贷款的有效衔接。两部门明确，各地要在已有工作的基础上，以“三个拓展”全面推进“带押过户”：推动省会城市、计划单列市率先实现，并逐步向其他市县拓展；推动同一银行业金融机构率先实现，并逐步向跨银行业金融机构拓展；推动住宅类不动产率先实现，并逐步向工业、商业等类型不动产拓展，最终实现地域范围、金融机构和不动产类型“带押过户”全覆盖。两部门要求各地结合本地实际，确定适宜的办理模式。尤其是买卖双方涉及不同贷款方的业务，鼓励各地积极引入预告登记，防止“一房二卖”，防范抵押权悬空等风险，维护各方当事人合法权益，保障金融安全。北京已启动存量住房交易“带押过户”模式据了解，目前，全国共有个省份多个地市开展了不动产“带押过户”，共办理业务万多笔。今天（日），北京银保监局、人民银行营业管理部、北京市规划和自然资源委、北京市住房和城乡建设委联合发布通知，正式在北京市启动存量住房“带押过户”模式。通知明确，从月日起，居民出售在京住房，买卖双方可以在原按揭贷款抵押权不解除的情况下办理住房所有权转移登记，以切实提升居民住房交易、登记和金融服务水平。据介绍，北京的二手房交易要想实现“带押过户”，必须满足四方面的条件。首先必须是个人名下的住房，其次是交易的房产当前在北京的银行仅存在一次有效抵押，不存在被多次抵押的情况；此外，要求卖方还没有结清的贷款为个人住房商业贷款，如果是组合贷的话，其中的公积金贷款必须是已经结清。最后要求买方是全款买房或者是申请个人住房商业贷款购房。以上内容来源：央视新闻微信公众号。据了解深圳“带押过户”必须满足四个条件房子是个人产权，公司产权不行；只能有一次抵押，二抵的不行；房子是商业按揭贷款，经营贷不行，组合贷必须还清公积金部分；买方必须是全款或者纯商贷。;0.0002128565346956;-0.6664557621928102;0.6665968906842651;-0.0011532070820482875
发布了头条文章：《北京启动二手房“带押过户”，有利于提高交易效率、提振市场》赵秀池超话房地产金融北京正式启动存量住房交易带押过户;0.0001064282673478;0.9999575436171508;0.6665968906842651;0.0008651422843526193
网友认为带押过户，可为炒房客解套，利好炒房利益集团。;0.0004257130693912;-0.224258818734516;0.6665968906842651;-0.0007760960971378245
房屋符合这个条件才可以带押过户带押过户为房屋买卖双方带来哪些实惠据介绍，北京的二手房交易要想实现“带押过户”，必须满足四方面的条件。必须是个人名下的住房。交易的房产当前在北京的银行仅存在一次有效抵押，不存在被多次抵押的情况。要求卖方还没有结清的贷款为个人住房商业贷款，如果是组合贷的话，其中的公积金贷款必须是已经结清。要求买方是全款买房或者是申请个人住房商业贷款购房。无需提前还贷就可以进行房屋买卖，房子可以在短时间内变现，对于房主来说真是省了不少事儿。当然，“带押过户”最大的好处是可以让买卖双方省钱。央视网的微博视频央视网;0.003299276287782;0.7127918355188687;0.8135828888236386;0.023332910258499075
不动产“带押过户”，能带来哪些便利网页链接;0.0001064282673478;-0.2923647689977373;0.6665968906842651;-0.00025294786336625626
买房卖房大消息两部门明确：这件事将全面推进房产带押过户房产带押过户是什么意思不愧是影帝的微博视频;0.0001064282673478;0.8779980459985688;0.6665968906842651;0.0007596254861227987
中介可能会少赚一笔，对于买卖双方确实省钱了。;0.0081949765857811;-0.4885697862921611;0.9966137397999352;-0.04866165731063068
解读：将全面推进房产“带押过户”。此事，还要从年的涨价去库存说起，当年抢到房地产卖家最后一捧的举债买家，如今就像进入了另一个悲惨的世界，大批买家因债务过于沉重陷入困境，随时面临断供法拍的风险。推进房产“带押过户”。就是可以在卖家按揭房产未完全解押期间，卖家如想卖出手上带押房产，就可以与买家协商一个价格成交。这里注意：这个价格可能是由卖家支付给买家几十万现金才会成交（对，你没有看错），再由买家接手卖家剩余的房贷余额及利息，后可经相关部门合法将房产“带押过户”。第一个问题：为什么现在要适时推出房产“带押过户”？答案二个：简单的说就是，救银行、保房价。先说救银行，假设（只是假设），全国已有千万套以上房贷断供，接下来不得不进入法拍程序，最终成交价预估在折以下。举一现实中案例，一套万的房产断供法拍，供房者首付万加上前年还款已亏光，（本金和利息算法），在未来年，还欠银行万外加利息。最终，法拍价万（市场价万），断供者仍倒欠银行几十万（简述）。如此，千万套断供砸下来，最终就是打死这些断供者，也再拿不出钱来偿还剩余的银行欠款，成为暴增的银行坏帐，这不是银行的巨大损失吗？所以，推出房产“带押过户”，在市场上找一个接债侠接过这个已被抽干血的人偶的债务继续吸血，也可理解为寻找替死鬼。再说保房价，还是上例，一套万的房产，年后市场价万，法拍价万。还是千万套法拍房砸下来，不光银行是亏钱的，市场价格也会被快速拉向底部，如此恶性循环，将有更多的供房者断供，当更多便宜的法拍房涌向市场。结果就是，高房价再也无法被人为托举，必呈崩盘溃败之势。所以，适时推出房产“带押过户”，也是在保房价。第二个问题：断供接盘侠与下家的接债侠的利弊得失及风险？上面已经谈到接盘侠被迫断供进入法拍程序的弊端，如果实现房产“带押过户”自救成功，好处在于接盘侠找到接债侠迅速接走其债务，则规避了法拍的不利结果，虽然亏掉首付及前年的供房款，但彻底甩掉了身上的负债。反之，对于接债侠来说，在首付都凑不够的穷困下，先前根本不具备买房的资格，现在相当于零首付或负首付，就能接到一个次高价位的按揭房，在其信仰的房价继续上涨或根本就跌不动的信仰支撑下，这岂不是一个天大的举债买房子的好机会吗？结语：人经常会做岀错误的决定，是因为错误的决定往往会有短期的回报。一次危机的解除，必有人要付出代价彼之蜜糖，吾之砒霜。这句话你懂吗？房产“带押过户”，确实给了断供者一条活路，但付出的代价也是巨大的，最终也是一无所有。至于下家的接债者，是乘人之危捡了个便宜，还是自行服用了一包毒药，杀身成仁做了替死鬼，结局还要因人而异。而银行在整个房产“带押过户”中，则是无风险继续谋利，任凭风浪起，稳坐钓鱼船。如此而已。;0.0436355896126011;0.1731458755559092;0.4101208134128944;0.037787704624773266
《“带押过户”是向好的第一步》短期看“带押过户”是为了盘活存量房资源、加快存量房流通和交易，长期看“带押过户”是依法促进房地产市场健康发展的重要过程之一，因为我国民法典第条明确规定：抵押期间，除了另有约定之外，抵押人可以转让抵押财产。也就是说“带押过户”有法可依。为什么以前没有大范围实施“带押过户”，主要原因有两个，一是部门之间信息没有互联互通互享。比如抵押人抵押房产的时候把房本上交给放贷银行，放贷银行在房本上他项权限一栏注明已抵押，但是不动产登记部门不一定知道这个房产已抵押。由此一来，不良抵押人就可以利用不动产登记部门不知情的漏洞，把已经抵押的房产全款卖给同样不知情的买房人，并且“正常”办理了房本的过户手续。这就是通常所说的“一房二卖”。以前没有大范围实施“带押过户”的第二个主要原因是各部门之间业务工作不能有效衔接。比如在存量房交易过程中，如果不动产登记部门先把卖方房本过户给买方，银行部门据此审核，可能会出现买方征信不通过，不能发放贷款的问题，此时不动产登记部门就要重新把房本过户回到原房主名下。反之，如果银行部门先审核买方征信，然后通知不动产登记部门过户，此时不动产登记部门可能会发现该房屋因为其他原因不能过户。不动产登记部门和银行部门谁先谁后，有时会产生预料不到的矛盾。再加上买卖双方不同贷款银行之间也存在着业务工作欠有效衔接的问题，因此“带押过户”难以大范围实施。现在实施的“带押过户”应该是房地产市场健康发展的第一步。无论是理论还是实践，存量房买卖双方都不能产生相互牵连的债权债务关系，卖方的抵押贷款应由市场的第三方即中介机构垫资还清，中介机构负责厘清卖方所有的包括维修基金物业费等等债权债务。买方从中介机构手上买到的是具有完全产权、没有任何债权债务的房屋，买方的贷款由买方自行负责。这种买卖双方加第三方的存量房交易体系是房地产市场健康发展的必然趋势，等到这个体系健全后，“带押过户”也就可以功成身退了。;0.0006385696040868;-0.9040152184936008;0.6666854161677557;-0.0046934332021776855
房产带押过户是什么意思楼市大消息卖房不必先还清贷款，我国将全面推广不动产“带押过户”近日有一个房地产重磅新闻：我国将全面推广不动产“带押过户”，这对买房人和卖房人来说都是大利好。什么是不动产“带押过户”？即在卖房时，如果房子没有还完贷款，以前是需要卖家还清贷款才能够进行过户交易的。现在“带押过户”政策实施后，不需要还清贷款、注销抵押权就可以完成过户了，对买方来说，也不需要再次抵押等复杂的手续。过去，当卖家想要卖房子时，需要先把银行贷款还清。但是如果你手头没有这么多钱怎么办呢？有些卖房者会通过“过桥贷”来解决贷款问题。实行“带押过户”后，相当于卖方直接把贷款转到了买方手上，手续简单。“带押过户”后，卖家没还完的贷款，买家该怎么处理这部分贷款呢？以北京为例，小红买了小蓝的房子，小蓝还有万元的贷款没有还完，带押过户后，小红相当于把这万元贷款“平移”给自己了，小红既可以选择小蓝房贷所在银行办理贷款，也可以选择其他银行办理贷款。如果选择了其他银行，这两个银行间自行结算，不需要小红办理更复杂的流程。（央视财经）央视财经的微博视频;0.0002128565346956;0.4251713125700767;0.6665968906842651;0.0007356985962974213
金牛普法房屋符合这个条件才可以带押过户带押过户为房屋买卖双方带来哪些实惠据介绍，北京的二手房交易要想实现“带押过户”，必须满足四方面的条件。必须是个人名下的住房。交易的房产当前在北京的银行仅存在一次有效抵押，不存在被多次抵押的情况。要求卖方还没有结清的贷款为个展开;0.0001064282673478;-0.5729045249643148;0.6665968906842651;-0.0004956649735854629
多地迅速跟进带押过户政策风险点请记住在多地推广实施二手房“带押过户”实践的基础上，月日，中国自然资源部、中国银保监会发布了通知。业内人士认为，该项政策的推广落地，将进一步减少二手房交易时间，降低买卖双方交易成本，促进二手房流通。根据自然资源部、银保监会公布的数据，中国有个省份多个地市开展了“带押过户”，其中，天津、山西、山东、江苏、浙江、福建、湖北等省份已经全面开展。;0.0034057045551298;0.0;0.6669509926182274;0.0
“防风险”仍是重点，支持刚性和改善性住房需求对房地产“托而不举”的态度不变政府工作报告中强调“有效防范化解优质头部房企风险”，表述与此前中央基调一致，稳住市场主体是今年行业重要工作，防止更多房企（特别是优质房企）风险暴露，才能稳定市场预期。与此同时，尽管政府工作报告中未提及“保交楼”工作，但保交楼的重要性在此前多次会议中均有体现，预计今年“保交楼”仍是“防风险”的重要发力点。另外，本次政府工作报告中虽未提“房住不炒”，但中指研究院认为年中央对房地产的支持态度仍然是“以稳为主”“托而不举”。经过多年贯彻执行，“房住不炒”已经成为房地产行业中长期的政策基调，年以来，监管部门频繁落地房地产支持政策，各地也在积极落实因城施策，但在“房住不炒”基调下，供需两端政策均有所侧重，优质房企、合理的住房需求才是政策支持对象，热点城市需求端政策也是渐进式推进，整体来看，中央及地方对房地产“托而不举”的态度较为明确。（：中指研究院）;0.0004257130693912;0.0;0.6666854161677557;0.0
今年楼市肯定比去年更好，原因有点：一，今年目标左右，想要拉经济肯定要稳住房地产二，会议明确说了，要有效防范化解优质头部房企风险，促进房地产业平稳发展，利好信息很明显了三，官方还说，要支持刚性和改善性住房需求，今年肯定会出台鼓励买房的政策四，最重要的是，很多人都没意识到展开;0.0098978288633461;0.1972689904665665;0.458568201444879;0.010919139162691492
房地产相比往年，今年《报告》中涉及房地产相关的内容更加精简，而往年必然提到的“房住不炒”不仅未出现在“今年政府工作建议”一栏中，今年《报告》中对于房地产还多了一些新表述。年房地产工作被定调：“加强住房保障体系建设，支持刚性和改善性住房需求，解决好新市民、青年人等住房问题。有效防范化解优质头部房企风险，改善资产负债状况，防止无序扩张，促进房地产业平稳发展。”;0.0001064282673478;0.9998556463433704;0.6665968906842651;0.0008650541249694832
西安饮食从官媒的态势来看梳理了一些政策要点：，推动更多优质企业登陆科创板，，制定实施新一轮深化国有企业改革行动方案，，加快新型基础设施建设，，支持刚性和改善性住房，新能源车等消费，，有效防范化解优质头部房企风险，从这几项政策走向看，实际上就是提前给大家强调的过程替代，内需等领域，不过从进一步实施举措看，这两种都比较重要，说明目前经济复苏是头等大事刻不容缓，因此今日消费板块中天鹅股份，西安饮食等都有了不错的异动，特别是天鹅这里，感觉资金依然在运作，后面还有拉升的空间;0.0003192848020434;0.6215687999587889;0.6665968906842651;0.0016133048495243325
发布了头条文章：《定了国家定调房地产，释放了大政策信号，年有哪些变局？》其核心内容主要包含两方面：有效防范化解优质头部房企风险，改善资产负债状况，防止无序扩张，促进房地产业平稳发展。加强住房保障体系建设，支持刚性和改善性住房需求，解决好新市民、青年人等住房问题。房地产有效防范化解优质头部房企风险支持刚性和改善性住房需求;0.0001064282673478;0.9998556463433704;0.6665968906842651;0.0008650541249694832
今年工作建议：“有效防范化解优质头部房企风险，改善资产负债状况，防止无序扩张，促进房地产业平稳发展。加强住房保障体系建设，支持刚性和改善性住房需求，解决好新市民、青年人等住房问题。”首先，重点强调化解房地产业风险。其次，因城施策精准对症，着力改善预期、扩大有效需求。最后，中长期来看，坚守“房住不炒”定位，向新发展模式转型。“房住不炒”这一长期定位不会动摇，短期内的纾困松绑政策是对市场过热时期间今晚七点直播;0.0025542784163473;0.1155615837562218;0.4927384505543459;0.001773715146693223
、“防风险”仍是重点，未提“房住不炒”政府工作报告中对于房地产现状的描述是这样的：房地产市场风险隐患较多，一些中小金融机构风险暴露，发展仍有不少体制机制障碍。同时，政府工作报告中强调“有效防范化解优质头部房企风险”，表述与此前中央基调一致，稳住市场主体是今年行业重要工作，防止更多房企（特别是优质房企）风险暴露，才能稳定市场预期。另外，本次政府工作报告中虽未提“房住不炒”，但该政策基调应该不会变。因为即便是在过去艰难的一年里，楼市政策的出台也都是循序渐进、因城施策，“以稳为主”的态度较为明确。、更大力度支持优质房企去年底“金融条”“三支箭”先后落地，今年月监管部门继续强调支持优质房企改善资产负债表，聚焦优质房企，重点推进“资产激活”、“负债接续”、“权益补充”、“预期提升”四个方面共项工作任务。本次再次强调“有效防范化解优质头部房企风险，改善资产负债状况，防止无序扩张，促进房地产业平稳发展”。这意味着，未来针对优质房企的资金支持力度有望继续加大，前期已出台的政策亦有望加快落实，促进企业资金面继续改善。此外，这次还首次提到“防止无序扩张”，这意味着未来针对企业的监管或保持严格，更加严格地控制市场风险。表：两会政府工作报告住房相关政策取向资料来源：中指研究院综合整理、支持刚性和改善性住房需求“支持刚性和改善性住房需求”被业界广泛认为是今年政府工作报告中房地产工作有关表述的亮点。从一定程度上来看，这符合此前住建部强调需求端要“精准施策”的要求。针对不同人群，年支持刚需群体的政策力度有望延续，支持改善性住房需求的政策有望进一步优化，促进以旧换新、以小换大的住房需求释放。另外，结合人口的最新变化和全国个省区、市的政府工作报告来看，给予多孩家庭、老年家庭、人才、产业人群等更多政策侧重，也是支持刚需和改善性住房需求的政策方向。;0.0004257130693912;-0.299544717498718;0.6665968906842651;-0.0010366392166018602
关于房地产有以下最新表述：、有效防范化解优质头部房企风险，改善资产负债状况，防止无序扩张，促进房地产业平稳发展。、加强住房保障体系建设，支持刚性和改善性住房需求，解决好新市民、青年人等住房问题。、把恢复和扩大消费摆在优先位置。稳定大宗消费，推动生活服务消费恢复。政府投资和政策激励要有效带动全社会投资，实施城市更新行动。今年的经济增长目标定在，比较稳健。考虑到去年疫情影响，经济全年增速仅有，的目标还是考虑了诸多不确定后，比较稳健的数字。赤字率关系到的是放水的力度。年赤字率目标为，年赤字率在，年目标定在。可见，今年财政政策会继续发力，但也不希望年出现剧烈的通胀，市场回暖后，政策可能马上就会跟上调整。最后关于楼市，表述还是非常积极。首先是防范头部房企带来的系统性风险，其次还是鼓励刚需和改善的住房需求。这两点说过很多次，不排除两会后有新的支持政策的可能。比较值得关注的是，第三点的提法，投资和政策激励要有效带动全社会投资，还提到了城市更新与消费。说的可能还是货币化棚改要加量。总体来看，年楼市还是刺激为主，但整体还是强调稳定。所以，年的楼市，依旧不会有普涨，还将以结构性行情为主。基本面好，松绑力度足的城市，优质板块今年涨幅应该会很可观，但大多数城市可能仅仅止步于回暖而已。;0.0004257130693912;-0.4897850600405158;0.6665968906842651;-0.0016950070266082003
只有的话，那强预期低现实版本已确定了。消费：稳定大宗消费，推动生活服务消费恢复。数字经济：提升常态化监管水平，支持平台经济发展。医疗：推进疫苗迭代升级和新药研制，切实保障群众就医用药需求。推动优质医疗资源扩容下沉和区域均衡布局金融：有效防范化解优质头部房企风险，改善资产负债状况。防范化解地方政府债务风险，优化债务期限结构。环保：推动重点领域节能降碳，持续打好蓝天、碧水、净土保卫战。制造业重点产业链：集中优质资源合力推进关键核心技术攻关。弱水总结注重经济和股市关联性强的，今年可以止盈了。觉得经济和股市相关性弱的，可以见证一下预期的魅力。;0.0012771392081736;0.9973224004952246;0.6665968906842651;0.010354348965809564
字政府工作报告极简版一、过去一年和五年工作回顾过去一年：全年国内生产总值增长全年增值税留抵退税超过万亿元脱贫人口务工规模超过万人过去五年：国内生产总值增加到万亿元，五年年均增长粮食产量连年稳定在万亿斤以上城镇新增就业年均多万人经过八年持续努力，近亿农村贫困人口实现脱贫二、今年发展主要预期目标国内生产总值增长左右城镇新增就业万人左右居民消费价格涨幅左右粮食产量保持在万亿斤以上三、对今年政府工作的建议财政：积极的财政政策要加力提效。赤字率拟按安排税费优惠：对现行减税降费、退税缓税等措施，该延续的延续，该优化的优化就业：把促进青年特别是高校毕业生就业工作摆在更加突出的位置疫情防控：推进疫苗迭代升级和新药研制，切实保障群众就医用药需求消费：稳定大宗消费，推动生活服务消费恢复政府投资：今年拟安排地方政府专项债券万亿元制造业重点产业链：集中优质资源合力推进关键核心技术攻关数字经济：提升常态化监管水平，支持平台经济发展民营经济：依法保护民营企业产权和企业家权益，鼓励支持民营经济和民营企业发展壮大引进外资：推动外资标志性项目落地建设防范化解重大经济金融风险：有效防范化解优质头部房企风险，改善资产负债状况。防范化解地方政府债务风险，优化债务期限结构乡村振兴：发展乡村特色产业，拓宽农民增收致富渠道绿色转型：推动重点领域节能降碳，持续打好蓝天、碧水、净土保卫战住房：支持刚性和改善性住房需求，解决好新市民、青年人等住房问题教育：推进义务教育优质均衡发展和城乡一体化医疗：推动优质医疗资源扩容下沉和区域均衡布局社会保障：加强养老服务保障，完善生育支持政策体系港澳发展：支持港澳发展经济、改善民生台湾问题：坚定反“独”促统，推动两岸关系和平发展，推进祖国和平统一进程政府工作报告极简版来了只有字;0.0589612601106854;0.2044853374860281;0.4492145587985367;0.06604933581001704
政府工作报告极简版：一、过去一年和五年工作回顾过去一年：全年国内生产总值增长全年增值税留抵退税超过万亿元脱贫人口务工规模超过万人过去五年：国内生产总值增加到万亿元，五年年均增长粮食产量连年稳定在万亿斤以上城镇新增就业年均多万人经过八年持续努力，近亿农村贫困人口实现脱贫二、今年发展主要预期目标国内生产总值增长左右城镇新增就业万人左右居民消费价格涨幅左右粮食产量保持在万亿斤以上三、对今年政府工作的建议财政：积极的财政政策要加力提效。赤字率拟按安排税费优惠：对现行减税降费、退税缓税等措施，该延续的延续，该优化的优化就业：把促进青年特别是高校毕业生就业工作摆在更加突出的位置疫情防控：推进疫苗迭代升级和新药研制，切实保障群众就医用药需求消费：稳定大宗消费，推动生活服务消费恢复政府投资：今年拟安排地方政府专项债券万亿元制造业重点产业链：集中优质资源合力推进关键核心技术攻关数字经济：提升常态化监管水平，支持平台经济发展民营经济：依法保护民营企业产权和企业家权益，鼓励支持民营经济和民营企业发展壮大引进外资：推动外资标志性项目落地建设防范化解重大经济金融风险：有效防范化解优质头部房企风险，改善资产负债状况。防范化解地方政府债务风险，优化债务期限结构乡村振兴：发展乡村特色产业，拓宽农民增收致富渠道绿色转型：推动重点领域节能降碳，持续打好蓝天、碧水、净土保卫战住房：支持刚性和改善性住房需求，解决好新市民、青年人等住房问题教育：推进义务教育优质均衡发展和城乡一体化医疗：推动优质医疗资源扩容下沉和区域均衡布局社会保障：加强养老服务保障，完善生育支持政策体系港澳发展：支持港澳发展经济、改善民生台湾问题：坚定反“独”促统，推动两岸关系和平发展，推进祖国和平统一进程新闻财经新闻全国两会两会快乐投资人李伟的主页;0.0080885483184333;0.3383283264003487;0.5732097002316314;0.019129700835038694
江苏再次明确：这个假期延长近日江苏省总工会发出劳动法律监督提示函依法延长产假切实维护女职工特殊权益产假制度是保障女职工身心健康的重要制度，女职工生育在享受国家规定产假的基础上，还有权享受地方规定的延长产假。根据《江苏省女职工劳动保护特别规定》《江苏省工会劳动法律监督条例》《江苏省关于优化生育政策促进人口长期均衡发展实施方案》（苏发号）等有关规定，江苏省工会劳动法律监督委员会现就以下事项提醒各用人单位。符合规定生育的女职工可享受延长产假天。我国《女职工劳动保护特别规定》规定，女职工生育享受天产假，其中产前可以休假天；《江苏省关于优化生育政策促进人口长期均衡发展实施方案》规定，符合规定生育子女的女职工在享受国家规定产假的基础上延长产假天，因此，从年月日起，我省符合规定生育子女的女职工可享受的产假天数达到天。图片符合规定生育的女职工可享受延长产假的生育津贴。按照《江苏省医疗保障局关于享受生育保险待遇有关问题的通知》（苏医保发号）规定，用人单位及其职工依法参加生育保险并按时足额缴纳生育保险费，即可按规定享受生育保险待遇，生育津贴按照《江苏省职工生育保险规定》的计发标准发放；其中，符合《江苏省人口与计划生育条例》规定的，可享受延长产假的生育津贴；执行时间为年月日及以后生育的。图片用人单位不能因产假等情形侵害女职工合法权益。按照《中华人民共和国妇女权益保障法》规定，用人单位不得因结婚、怀孕、产假、哺乳等情形，降低女职工的工资和福利待遇，限制女职工晋职、晋级、评聘专业技术职称和职务，辞退女职工，单方解除劳动（聘用）合同或者服务协议。图片延长产假期间，女职工劳动合同期相应延长。按照《中华人民共和国妇女权益保障法》规定，女职工在怀孕以及依法享受产假期间，劳动（聘用）合同或者服务协议期满的，劳动（聘用）合同或者服务协议期限自动延续至产假结束。但是，用人单位依法解除、终止劳动（聘用）合同、服务协议，或者女职工依法要求解除、终止劳动（聘用）合同、服务协议的除外。图片女职工产假期满，用人单位应安排其回原岗位工作。按照《江苏省女职工劳动保护特别规定》规定，女职工产假期满恢复工作时，允许有周至周的时间逐步恢复原定额的劳动量。用人单位原则上应当安排女职工在原岗位上班，如因特殊情况需要变动的，应当与女职工协商解决。;0.0018092805449127;0.6827469173817248;0.7698268215228748;0.011596966481755998
厦门住房政策向多子女家庭倾斜二孩及以上家庭可购第套自住房近日，中共厦门市委、厦门市人民政府印发《关于优化生育政策促进人口长期均衡发展的实施方案》。据了解，其中提到，强化住房支持。加快发展保障性租赁住房，促进解决新市民、青年人等群体住房困难。进一步完善保障性住房对促进积极生育的支持措施，在配租配售保障性住房时，对符合条件且有未成年子女的家庭，可根据其未成年子女数量，在户型选择方面给予适当照顾。对符合条件且子女数量较多的家庭、计划生育特殊家庭，同等条件下可按规定适当优先予以保障；完善保障性租赁房调换政策，对因家庭人口增加、子女就学等原因需要调换保障性租赁房的，根据房源情况及时调换。住房政策向多子女家庭倾斜，在缴存城市无自有住房且租赁住房的多子女家庭，可按照实际房租支出提取住房公积金；对购买首套自住住房的多子女家庭，可给予适当提高住房公积金贷款额度等相关支持政策。加快发展长租房市场，多渠道增加长租房供应，推进租购权利均等。拥有二孩及以上的厦门市户籍家庭符合条件的，可购买第套自住商品住房。;0.0004257130693912;-0.6243114359250772;0.9612708395139544;-0.0031156577420081103
杭州楼市杭州市场火热，这个政策短期不太可能，每天左右成交量快二周了厦门市住房政策向多子女家庭倾斜拥有二孩及以上符合条件的可购第套自住商品房财联社月日电，中共厦门市委、厦门市人民政府印发《关于优化生育政策促进人口长期均衡发展的实施方案》。其中提到，强化住房支展开;0.0013835674755214;0.2923829430069448;0.6667739416512463;0.003289400079438555
厦门住房政策向多子女家庭倾斜，拥有二孩及以上符合条件的可购第套自住商品房中共厦门市委、厦门市人民政府印发《关于优化生育政策促进人口长期均衡发展的实施方案》：强化住房支持。加快发展保障性租赁住房，促进解决新市民、青年人等群体住房困难。进一步完善保障性住房对促进积极生育的支持展开;0.0017028522775649;0.4530766731967044;0.5431261782674658;0.005110167268431123
厦门符合条件的多孩家庭可购三套房近日，中共厦门市委、厦门市人民政府印发《关于优化生育政策促进人口长期均衡发展的实施方案》。《方案》提出，在配租配售保障性住房时，对符合条件且有未成年子女的家庭，可根据其未成年子女数量，在户型选择方面给予适当照顾；对符合条件且子女数量较多的家庭展开;0.0001064282673478;-0.9519355163624664;0.6665968906842651;-0.0008235946340313093
厦门将鼓励对二三孩家庭每月发补助厦门有二孩及以上家庭可买第三套房近日，中共厦门市委、厦门市人民政府印发《关于优化生育政策促进人口长期均衡发展的实施方案》。其中提到，拥有二孩及以上的我市户籍家庭符合条件的，可购买第套自住商品住房。探索建立生育补助制度，鼓励有条件的区对生育二孩、三孩的家庭每月予以一定补助。持续开展就业性别歧视约谈工作，督促用人单位纠正歧视行为。督促用人单位依法依规落实孕产期、哺乳期女职工在工作时间、工资待遇、劳动强度等方面的特殊劳动保护（来源：厦门日报）;0.0122392507449978;0.3820903578922347;0.4304301092340095;0.024547612344468908
北京春推会项目西嘻影业出品，伊北小说改编，杨晓培担任制片人，家庭励志剧《六姊妹》故事梗概：南方小城（安徽淮南）何家六个姊妹从世纪年代到世纪初的悲人生，新中国建立后普通百姓家庭年的生活变迁。看点：作品用年轻态、平民化视角表达了中式亲戚、邻里、人情关系，又用诸多历史细节、生活质感与家长里短彰显真实趣味；作品深刻剖析了重男轻女男女同工同酬、多子女家庭的资源争夺等年代社会痛点，更借由一个淮南小家庭展现共和国六十年的时代变迁。;0.0064921243082162;0.5009633580783712;0.5489228143102223;0.02177157119836902
北京楼市限制政策开了点缝隙：全龄友好购房支持政策。岁以上的人迁移到项目所在地，购房享受金融优待。一区一策试点：多子女家庭和职住平衡家庭购房支持政策按“一区一策”方式由房山区试点。首都的动作大家都在看着呢。从年开始迄今，最紧跟北京市动作的是深圳，每个动作都抄作业了。这一次看看怎么抄？;0.0003192848020434;-0.0902495709275239;0.6667739416512463;-0.00023430832186554848
北京拟恢复按实际房租提取公积金北京市住房公积金管理中心上月发布了《关于进一步优化租房提取业务的通知（征求意见稿）》，提出申请人租住本市商品房，每人每月提取公积金金额上限由元调整为元。提取金额上限提高后，普通家庭提供发票按实际房租提取的方式被取消。月日，记者从北京市住房公积金管理中心获悉，该征求意见稿已结束征集意见，将采纳公众提出的建议，拟恢复上述提取方式。月日，北京市住房公积金管理中心发布《关于进一步优化租房提取业务的通知（征求意见稿）》。记者注意到，相比目前执行的规定，该征求意见稿主要调整了提取金额的上限。征求意见稿提出，申请人租住本市商品住房，每人每月提取公积金金额不超过元，相比目前元的提取金额上限，增加了元。按照这一征求意见稿，在提高租住商品房的提取上限后，普通家庭提供租房发票按照实际房租提取公积金的方式将被取消，增添了多子女家庭可以每月按照实际月租金全额提取的内容。北京市住房公积金管理中心表示，在意见征集过程中，针对“恢复租住商品房（提供发票）提取”的意见比较集中，且北京市住房公积金管理中心已吸收采纳这一建议。目前，征求意见稿中已增加“租住商品住房（提供发票）提取”情形。租住本市商品住房，提供租房发票并在“北京市房屋租赁管理服务平台”办理房屋租赁合同备案的，可申请此类租房提取。也就是说，租房提取公积金新政正式实施后，申请人租商品房可选择两种方式提取公积金。如果不提供发票，每人每月可以提取元。如果提供发票，则可以按照实际月租金来提取，但不能超过申请人的公积金月缴存额。据悉，在意见征集期间，北京住房公积金管理中心共收到社会各界意见建议条，除了上述意见外，也有市民提出了“提升每月元的提取额度”“可随时灵活支取住房公积金”等意见，这些意见均未被采纳。针对“提升每月元的提取额度”的建议，北京住房公积金管理中心不予采纳，其表示，从全国来看，对于非网签备案范围的租房提取，上海市公积金管理中心每户家庭最高月提取限额为元、广州住房公积金管理中心每人最高提取限额为元。北京此次将每人每月元的无房租房提取额度提高至元，家庭无房租房提取额度提高至元，此提取额度在全国住房公积金租房提取政策中已处于较高水平。另外，北京住房公积金管理中心表示，每月元的提取额度属于基本保障，如申请人认为无房租房提取额度较低，不能满足实际租房需要，还可选择“租住商品住房（提供发票）”“租住公共租赁住房”“租住保障性租赁住房”方式提取住房公积金，上述方式均可按照实际月租金提取住房公积金。（北京日报）;0.0022349936143039;-0.0346980979608957;0.4678628338500633;-0.000442472419249801
余城首套房贷款利率进入时代尽管已连续个月保持不变，但在首套住房贷款利率政策动态调整机制下，越来越多城市调降了首套房贷款利率。据中指研究院统计数据显示，目前已经有余城市房贷利率进入“时代”。与此同时，多个城市房地产价格持续回暖，引发市场关于房贷利率调整的担忧。近期，部分研究机构明确提示，受首套住房贷款利率政策动态调整机制的影响，当前房价持续环比回暖的二、三线城市接下来或将面临房贷利率重新上调。对此，中指研究院市场研究总监陈文静对《证券日报》记者表示，月底，各地已进入新的评估期，下一个评估期将在月底启动，届时各地将根据年月份至月份的新房价格变化决定是否调整房贷利率下限，个别房价连续上涨的城市或出现房贷利率重新上调的情况。但短期来看，市场销售回暖持续性不足，多个城市二手房价格仍处下跌通道，或进一步影响新房价格预期，短期内，各城市房贷利率上调的预期并不强烈。多地加入首套房房贷利率下调队伍今年以来，加入首套房贷款利率下调队伍的城市持续增加。据中指研究院最新监测数据，今年以来，已有太原、金华、郑州、珠海、石家庄、沈阳、衢州等多个城市调整首套房贷款利率下限至以下。月份以来，南平、马鞍山、衢州、驻马店、沈阳等多个城市首套房贷款利率降低。其中，部分城市的首套房贷款利率年内已经多次下调。例如，今年沈阳首套房贷款利率下调两次，先从降至，近期调整后进一步降至。贝壳研究院发布的数据显示，年月份，重点监测的百城首套房主流房贷利率平均为，较上月微降个基点；二套主流房贷利率平均为，与上月持平。月份首套和二套房主流房贷利率较去年同期分别回落个基点和个基点。南平市某国有大行工作人员对《证券日报》记者表示，自今年月份起，南平市下调首套住房商业性个人住房贷款利率下限至。衢州某银行支行工作人员也对记者表示，二手房的首套房贷利率下限已经由降至。但与此同时，在北京、上海、广州等一线城市，多家银行二手房首套房贷款利率仍保持在以上。对于未来房贷利率走势，业内几乎达成共识。诸葛数据研究中心高级分析师关荣雪表示，考虑到当前贷款利率已经处于较低水平，加之一季度信贷投放较快，短期内房贷利率将维持“按兵不动”的态势。由于首套住房贷款利率政策动态调整机制仍然继续执行，预计仍将有符合规定的城市跟进下调。陈文静表示，月以来，随着前期积压需求释放后，购房需求释放动能减弱，基本面较弱的城市市场调整压力增加，房价上涨动力亦走弱，短期价格仍有下跌预期。短期内符合条件的城市有望下调首套房贷利率下限，此前已经下调房贷利率下限的城市，也存在进一步下调的空间。二季度房地产市场将保持平稳态势今年一季度房地产市场出现复苏迹象。月日，国家统计局发布数据显示，月份，个大中城市中，商品住宅销售价格上涨的城市个数增加，各线城市商品住宅销售价格环比上涨，一线城市商品住宅销售价格同比上涨，二、三线城市同比降幅收窄。东方金诚首席宏观分析师王青表示，一季度，房地产市场持续回暖主要有三个原因：首先，年初以来，回升向上的经济大环境带动市场对楼市信心增强。其次，包括房贷利率下调政策在内，去年以来各项支持政策逐步发力显效，也在带动市场需求升温。第三，一季度商品房销量环比增加明显，不排除是一些前期积压需求集中释放所致。不过，进入月份后，部分城市成交量开始有所回落。中指研究院数据显示，月份，百城商品住宅周均成交规模相比月份下降约两成，但各周同比仍保持增长。年第周，百城商品住宅成交万平方米，环比上涨，同比增长近三成。二季度房地产市场的走势如何？关荣雪表示，在一季度需求大规模集中释放后，月份，市场热度开始减退，这一轮回暖的持续性略显不足。接下来房地产市场逐渐从“强复苏”迈入“稳恢复”阶段，预计月份成交规模将会低于月份。王青表示，进入月份以来，高频数据显示个大中城市每日商品房销量环比有所转弱，不排除季节性原因，同时也表明，好转势头能否延续还需谨慎判断，综合来看，二季度房地产市场回升势头可能弱于一季度。;0.0002128565346956;0.3510815307820303;0.6666854161677557;0.0006075774240428941
月保持不变年期年期以上房贷利率楼市房产中国人民银行授权全国银行间同业拆借中心公布，年月日贷款市场报价利率（）为：年期为，年期以上为，均与上月保持一致。;0.0001064282673478;0.9955571759968552;0.6665968906842651;0.0008613351786216671
（买房的人有救了）之前河南省高级人民法院提交了一个《关于明确房企风险化解中权利顺位问题的请示》，这些请示中就设计到房屋不能交付的情况，在月日，最高人民法院做出《关于商品房消费者权利保护问题的批复》，表示支持烂尾楼业主退款。买到烂尾楼可以退款了望京奶西村富华里北京楼市超话北京买房;0.0004257130693912;-0.98161174230917;0.6665968906842651;-0.0033970795280638534
经济日报：探索房地产业发展新模式经济日报文章指出，房地产业未来发展的大势是基本清晰的，发展新模式也须顺应大势。过去高杠杆、高负债、高周转的模式积弊已久，已行不通。我国已经从过去的大拆大建走向开发与改造并重的城市更新阶段；租购并举之下，住房租赁在解决居住问题方面将发挥更突出作用；美好居住生活不仅需要更优质的房子，还需要更好的配套和服务等。在城中村改造过程中发展住房租赁，有利于租购并举解决好城镇居民的居住问题，值得推广借鉴。在超大特大城市推进“平急两用”公共基础设施建设，有助于更好统筹发展与安全。各地应以保障性租赁住房为重点，持续推进保障性住房的规划建设。;0.0003192848020434;-0.9285785201686564;0.6665968906842651;-0.0024101599530921545
经济日报：探索房地产业发展新模式月日，经济日报文章指出，房地产业未来发展的大势是基本清晰的，发展新模式也须顺应大势。过去高杠杆、高负债、高周转的模式积弊已久，已行不通。我国已经从过去的大拆大建走向开发与改造并重的城市更新阶段；租购并举之下，住房租赁在解决居住问题方面将发挥更突出作用；美好居住生活不仅需要更优质的房子，还需要更好的配套和服务等。在城中村改造过程中发展住房租赁，有利于租购并举解决好城镇居民的居住问题，值得推广借鉴。在超大特大城市推进“平急两用”公共基础设施建设，有助于更好统筹发展与安全。各地应以保障性租赁住房为重点，持续推进保障性住房的规划建设。;-0.001064282673478;0.044179903660421;0.5021194599452624;-0.00028792177556869977
关于葛根粉的问答兼谈葛根的功效葛根是一味中药，其性略凉，味甘，有解肌退热，透疹，生津止渴，升阳止泻之功。常用于表证发热，项背强痛，麻疹不透，热病口渴，阴虚消渴，热泻热痢，脾虚泄泻。我推荐葛根粉，这是一味药食两用之品。既可补益气血以养生，又有不错的治病功效。而且，绝对安全，没有任何的毒副作用。不少人在生活中用葛根粉来作为早餐，味道甚好，且服后感觉非常舒服。以下就读者常有的一些问题作统一解答。问：脾胃不好的人能吃吗？答：能吃。葛根有和胃之功。金元时张元素在《脏脏标本用药式》中提出：大肠虚者，以葛根等升陷固脱。近代，亦中医人用葛根治疗胃下垂、便秘、胆汁分泌不良，及一般平滑肌运动不良等症者。我自己体会，每每胃肠不适时，若能冲服一碗葛根粉，即觉胃肠非常舒服。显然，葛根粉可以调畅胃肠平衡。问：葛根性凉，常服会不会伤损脾阳？答：我的观点是，完全不必担心。以大米为例，大米性偏凉，但大家吃了一辈子，也并没有出现伤损脾阳的现象。况且，大米煮成粥，还是天下第一等的补药，最能安养脾胃。同理，我认为常服葛根粉并无伤损脾阳之弊。即使是脾胃虚寒者亦可常服。当然，建议趁热温服葛根粉，最有养胃益胃功，不建议凉服。问：感冒了可以继续服葛根粉吗？答：葛根有发表解肌效果，即能治疗感冒。比如，《名医别录》谓葛根能“解肌发表”。医圣张仲景有葛根汤、桂枝加葛根汤、葛根加半夏汤，都可用于普通感冒或流行性感冒。其中无汗，身热，畏风寒者，属表实证，宜用葛根汤；外感病伴项背紧痛，出汗怕风者，属表虚证，宜用桂枝加葛根；以恶心呕吐，腹泻为主，或伴咳嗽，咯痰，胸痛者，为太阳阳明少阳合病，宜用葛根加半夏汤。问：发烧时也能喝葛根粉吗？答：能。因为葛根有清热解表作用，可用于治疗类似上呼吸道感染的病证，这在古代医籍中有大量的记载。《神农本草经》就指出葛根可以治疗“身大热”；《本草备要》谓能“治阳明头痛”。若头痛兼壮热较著者，可用《千金要方》解肌汤，即葛根汤去辛温的桂枝、生姜，加苦寒的黄芩。对表里俱热之症，《伤寒六书》推荐柴葛解肌汤（柴胡、葛根、羌活、白芷、石膏等）。凡外感发热、表证未解，里热炽盛，身恶风寒，壮热无汗，头目胀痛，周身骨痛，鼻干，唇燥，便干，舌白而糙，舌质微红，脉滑数者，皆可应用此方。上述种种，都证明葛根有解热作用。问：咳嗽或哮喘的人可以喝葛根粉吗？答：能用。不管是外感咳嗽，还是内伤咳嗽，都需要透邪外出，葛根即有发表解肌的功效。葛根能治喘症，这在古代医籍中亦屡有记载。如《伤寒论》谓：“喘而汗出者，葛根芩连汤主之”。《医宗己任编》也谓：“邪气内攻，喘而汗出者，用葛根芩连汤治疗”。《症因脉治》推荐干葛竹茹汤（干葛根、竹茹、陈皮、白茯苓、半夏、甘草），用于治疗“风寒喘逆”。《薛生白医案》介绍一病人“火升痰喘，喉间窒塞，喘促不宁，气道不利”，选用方药为紫菀、葛根、枳壳、半夏、橘红、杏仁、苏子。可见葛根用于治疗喘症的历史已久。近代药理研究亦发现，葛根有“解痉”作用，可解除支气管的痉挛。问：葛根粉适合于孩子吃吗？答：葛根粉属于药食两用之品，其性非常平和，兼能补益气血，调和肠胃，完全适合地孩子吃。问：孩子学习成绩不好，脑子不开窍，有什么办法吗？答：推荐常服葛根粉，因为葛根能升阳醒脑，有促进开脑窍的作用。现代研究发现，葛根对学习记忆障碍有明显作用，可用于治疗老年性痴呆、健忘诸症。我临床常用葛根汤治疗青少年学习成绩差，亦用于中考、高考前提高学习能力，疗效满意。问：有多种基础病的人，能喝葛根粉吗？答：能。有研究发现，葛根能使毛细血管扩张，血黏度降低，微循环改善，能软化和保护血管，并能降低人体中过高的血脂和胆固醇。大凡是基础病，往往存在着血瘀、气血不和、痰湿内滞等病机。葛根有一定的缓解作用。问：有高血压的人喝葛根粉有哪些好处？答：有学者认为，葛根对高血压导致的头痛而兼项背紧痛者，有较好的疗效。我的临床观察是，葛根亦能缓解高血压患者的头晕、头胀、耳鸣、眼花等不适症状。葛根能降血压，这是历代医家的共识。从历代中医文献来看，不少治疗类似高血压或中风等病的药方中多包括葛根。比如，《千金要方》葛根汤、四石汤，以及其后的葛根续命汤（葛根、桂枝、黄芩、防风、麻黄、杏仁、川芎、白芍、人参、甘草、防己、附子），主治范围有“眩晕困顿，气息迫急，瘛疭闷满（手足或肌肉的拘挛、颤抖及心胸不适），或卒中风，口噤，不知人”等病症，颇似高血压病或脑血管急症。我临床治疗高血压，常喜在辨证方中加一味葛根，即取其缓解血管痉挛，活血化瘀之功。问：降压药导致血压降低，也能喝葛根粉吗？答：能。现代有研究发现，葛根对血压有一定的调整作用，对药物所致的升压及降压反应，均有抑制作用，能增加心肌对氧的利用率。显然，若因过度应用降压西药导致血压过低，还可赶紧服葛根粉来调节血压平衡。从中医来分析，因为葛根有升阳之功，可以避免血压下降过低。问：有糖尿病的人能喝葛根粉吗？答：当然能。年《南京药学院学报》报告实验结果，证实葛根有降血糖作用。历代不少用于治疗类似于糖尿病的药方，其中即用到了葛根。比如，猪肾荠苨汤（猪肾、荠苨、黑大豆、石膏、人参、茯苓、知母、葛根、黄芩、磁石、天花粉、甘草）；猪肚丸（黄连、粟米、花粉、茯神、知母、麦冬、地黄、葛根）；白术散（人参、茯苓、白术、甘草、五味子、柴胡、葛根、藿香、木香）；宣明麦门冬饮子（人参、茯神、麦冬、五味子、生地、炙甘草、知母、葛根、花粉）；天花粉散（天花粉、生地、麦冬、葛根、五味子、甘草）等。我临床上常用葛根来治疗高血糖，且有显著疗效。比如，我常用葛根芩连汤。问：有心脏病的人能喝葛根粉吗？答：能。因为葛根有扩张血管，改善微循环，降低血管阻力，使血流量增加的作用，临床上常用于防治心肌缺血、心肌梗死、心律失常、高血压、动脉硬化等病症。问：冠心病患者喝葛根粉有哪些好处呢？答：葛根有轻微的活血化瘀之功，正好适合于冠心病的病机。从临床来观察，对于较频发的冠心病心绞痛，多伴见唇舌偏暗，或舌有瘀点，脉弦涩，痛而固定不移者，一般都认为有心脉阻滞，气滞血瘀。中医把活血化瘀法作为治疗的重要一环。当代医家创制了不少治疗冠心病的药方，都离不开葛根。比如，心舒二号（葛根、红花、桃仁、郁金、丹参）；融冠一号（葛根、丹皮、郁金、山楂）；冠心片（葛根、红花、川芎）；冠心二号（红花、川芎、丹参、赤芍、降香、葛根）。《上海中医药杂志》（：，年），“葛瓜舒心汤治疗冠心病例”一文，其方剂组成：葛根克，全瓜蒌克，广郁金克，泽兰克，刘寄奴克，当归克，川芎克，延胡索克，失笑散克。治疗结果：服后不仅有缓解心绞痛的效果，其它症状也都有所改善。可见，葛根配伍相应药味，对于治疗冠心病心绞痛有着广阔的前景。我的观点是，葛根粉单味应用，也有好处。冠心病患者若能常喝葛根粉，可在一定程度上缓解瘀血，能改善症状，并能改善预后。问：解酒可以用葛根粉吗？答：完全可以。《本草纲目》认为葛根有解酒毒的功效。现代研究发现，葛根能解乙醇毒性，并能迅速排泄乙醇，临床上常用葛根治疗酒后头痛、头胀、脸红等症，并能保护胃粘膜。我自己体会，若饮酒稍多，感觉头晕沉，思维不清晰时，冲点葛根粉喝，往往可以半小时之内消除酒毒，让我完全恢复到神清气爽的状态。我自认为，葛根粉可谓是每位经常外出应酬者的家庭所必备。而且既解酒，又护胃，一举两得。问：葛根粉能养颜、丰胸吗？答：可以。葛根入阳明经，而阳明经多气多血。葛根又能补益气血，可让阳明经气血旺盛起来。阳明经起于面部，向下循胸过乳房，由此说若阳明经气血旺盛，不但能美颜，还能丰胸。也有研究发现，葛根还能增强皮肤的抗损伤能力。显然，这应该于葛根补益气血，调和营卫相关。问：经常咽干的人可以喝葛根粉吗？答：能，因为葛根有生津止渴之功。葛根养阴、润喉、去燥，使人清爽舒适，适宜于所有与干燥相关的症状，包括口干、咽干、眼干等不适。《圣惠方》记载，治疗烦躁热渴，可用葛粉四两，先以水浸粟米半升，一夜漉出，拌匀，煮粥食之。问：男子阳痿、遗精也能喝葛根粉吗？答：能。有研究发现，葛根能够促进性功能，提高精液质量，增强精子活力，用于治疗肾阳虚所致的阳痿、遗精等男子性功能障碍。问：常服葛根粉还有哪些好处呢？答：《神农本草经》认为，葛根有“解诸毒”的作用。我的理解是，葛根能调畅五脏六腑的平衡，从而促进提成出五脏六腑之间积滞的阴霾浊毒。《日华子本草》谓葛根有“排脓破血”功用。今人根据葛根具有“排脓破血”功用，用于治疗若干外科感染性疾病。《本草备要》谓葛根可治“痘疹、温疟”。《大明本草》及《本草备要》都说葛根能治血痢，与张仲景在《伤寒论》中介绍的葛根芩连汤治“利遂不止”（腹泻不止），颇为一致。清代雷丰《时病论》中述及关于“风痢”的治疗经验时，也提出宜在方剂中加用葛根等药。《大明本草》认为，葛根还能治疗胸膈烦热。《圣惠方》认为，葛根还能辟瘴不染，其法，用生葛捣汁一小盏服，去热毒瓦斯也。今时有人用葛根治疗传染性肝炎，获得一定效果。儿科在治疗风疹、麻疹等病症时，也常加用葛根。由此可见，葛根的功效非常多。不但可以养生养正，还能治病。以葛根打成极细粉，其功效不失。我的观点是，葛根适合于一般人食用，尤其适宜高血压、高血脂、高血糖及偏头痛等心脑血管病患者、更年期妇女、易上火人群、久年吸烟饮酒者。另外，适合于女性滋容养颜、丰胸、中老年人日常饮食调理等。我平时即常喝葛根粉，味道清香。冲好葛根粉后若能加点蜂蜜，味道更为香甜可口。今时不少人感染了新冠病毒后，虽然已经阳康，但疫毒伤损了正气，容易出现各种后遗症状，包括乏力、胃肠不适、咳嗽、恶风等。我推荐不妨常服葛根粉，有益于促进康复。市售的不少葛根粉掺入木薯粉，但木薯有毒，其中毒症状为恶心、呕吐、腹泻、头晕，重者呼吸困难，心跳加快。我们选择中医工作室即有质量上量的纯正葛根粉，有兴趣的读者可在微信里搜索：南宁选择中医馆，或保存图片微信扫描二维码进入官方商城购买即可。;0.0156449553001277;0.0012707017265038;0.4908041912474669;0.0001189903965385896
盘前早评：大家早上好。上周五美国三大股指反弹，中概股以及恒生科技指数期货夜盘均是反弹。恒生科技指数短期主要压力在附近。消息方面，中央财经委员会提出把握人工智能等新科技革命浪潮。同时，拜登计划在日到日的七国集团领导人广岛峰会前后签署一项行政令，严格限制美国企业对中国部分高科技产业投资；其中，人工智能、半导体和量子技术领域可能面临全面投资禁令。自主可控时不我待。另外，中央财经委员会提出以人口高质量发展支撑中国式现代化，涉及到教育、生育率提升、托育、老龄化服务等板块。国常会的会议中两个重点，一是建设充电桩，二是支持新能源汽车下乡。上周五地产板块异动，与小作文“个特大及以上城市允许棚改，平急两用基础设施建设”的消息有关，不过在盘后住建系统相关人士进行了辟谣。不过从周五晚间国内黑色系期货价格是继续维持涨势，螺纹、铁矿、焦煤焦炭涨幅还不小，只能说明是真得跌多了，也该反弹反弹，双焦日线最低都不到，大家都看空，那就该反弹了。同时，国际油价由于美国非农数据表现不错出现反弹，预计今日强周期板块可以反弹，包括煤炭和石油。板块方面，板块整体继续回落符合预期，日线尚未金叉，因此价格可能还会有所波折。目前云计算、软件服务、通信设备板块短期恐贪值处于极度恐惧区域，支撑在下轨附近，下跌空间不大。科创芯片也一样。创新药开始从极恐区域反弹，但只有吞掉月日的大阴线才有机会转强，港股创新药也一样，但强于股，中药走势强劲，短期压力在上轨。新能源板块（光伏、新能源车）在下轨附近止跌反弹，但在中轨受阻，行情能否更进一步取决于能否站上中轨。主板这边，基建、大金融板块短期恐贪值均处于极度贪婪阶段，需要注意，保险板块在打上轨后出现回落，符合预期，要震荡休整一下。中特估短期震荡或者回调对权重指数会有影响，此时就看其他权重板块能不能顶上，比如像上周五的白酒、地产。白酒跟新能源一样，超跌反弹后受阻于中轨，说明整体趋势尚未转强。;0.0045764154959557;-0.0956747709990218;0.4610187153232196;-0.0024616547213187363
昨天地产股集体猛涨，传言国家要出台利好政策，推出棚改利好和平急两用支持基建棚改政策，大家已经见识过它的威力，靠着货币化安置，拆迁分钱分房子，一波把三四线库存很很去化了一波，现在楼市疲软，很重要的原因就是大家都没钱，要么是刚需上不了车，要么是置换换不动，如果国家定向贴钱去搞，楼市肯定能被盘活，唯一的问题就是谁来出钱平急两用，是今年的新提法，是平时用作旅游、康养等功能，遇重大公共突发事件时可立即转换为应急场所的设施，能够有效补齐大城市应急能力建设短板，主要用于特大超大城市，比如北上广深、杭州、重庆、成都等地方，既然高层会议提到了，那么基建也需要花钱月底的政治局会议，关于房地产除了提到房住不炒，也提到了城中村改造和平急两用，昨天传言似乎就对应着利好政策，如果想拉动地产，再来一波棚改和万亿计划肯定是最快的，当然代价也很大，就看高层是具体怎么决策，用多大力度去推动行情，预计今年地产整体还是偏宽松，不会有加码严厉的政策，只是看放松力度到底有多大了深圳楼市深圳买房;0.0037249893571732;-0.1926711710814789;0.428125856047696;-0.0037471314888441777
昨天地产股集体猛涨，传言国家要出台利好政策，推出棚改利好和平急两用支持基建棚改政策，大家已经见识过它的威力，靠着货币化安置，拆迁分钱分房子，一波把三四线库存很很去化了一波，现在楼市疲软，很重要的原因就是大家都没钱，要么是刚需上不了车，要么是置换换不动，如果国家定向贴钱去搞，楼市展开;0.0030864197530864;0.2518577996477479;0.6140253329138683;0.005820796098730584
促进房地产市场平稳健康发展在超大特大城市积极稳步推进城中村改造和“平急两用”公共基础设施建设。房地产求生欲望很强，估计短期不会打呆湾了。;0.0053214133673903;-0.8946070435153353;0.735191587205392;-0.042682076574402185
股票涨得好，全靠“作文”炒星期五，一则“个特大及以上城市允许棚改，还有平急两用基础设施建设”的消息在股票圈内，迅速流传。不少人纷纷转发，炒作起这个“利好消息”。很快，地产板块大面积翻红，其中不少房地产板块表现最为出色，创下新高股散户以身作则，将“传言即真相，发现即猛干，证实即跑路”的精神，落实到位戏剧性的一幕来了，这则消息的真实性遭到多位住建系统人士的怀疑，其中一位地方住建局官员更是对这则消息提出了质疑，表示“没听过”，并直言，这只是资金没有出路，借机炒作的嫌疑。尤其周五晚间，住建部站出来，辟谣了这则消息。但“小作文”就能掀起金钱的居然，充分说明：资金对房地产的热爱，从来没有放弃。当然，就眼下的舆论环境，辟谣也未必就代表着真相，甚至可能指向相反的方向。比如：不止个特大及以上城市允许棚改。但有一说一，地产行业的核心矛盾并不在于政策，而在于需求与老百姓的收入修复。所以，我们看到近期地产的高频数据并不好，居民就业问题更是媒体碰不得的“雷区”。这才是一个需要我们认真思考和面对的问题。;0.0130906768837803;-0.2240526917198725;0.5393086063977849;-0.019290137462942423
大规模棚改重启？住建系统人士：没听说据经济观察网消息，月日，一张写着“个特大及以上城市允许棚改还有平急两用基础设施建设”等字眼、没有来源出处的截图在地产圈内流传。当日，地产股大面积翻红。对于网传的“个特大及以上城市允许棚改”“平急两用基础设施建设”政策利好，多位不同层级住建系统人士表示：没听说。一位地方住建局官员对网传消息真实性存疑，“资金没有出路，有出点消息就借机炒作的嫌疑”。首先，棚改在年前后大规模启动，经历数年，已经基本谢幕，而且棚改要配合专项贷款，如果银行端不放，用处不大；其次，“平急两用”虽是新提法，但和楼市买卖没有直接关系。也有地产分析师认为，超大特大城市“平急两用”的基础设施缺口较大，或带来较大体量的投资机会。;0.0006385696040868;0.1331923745491751;0.3067659607892054;0.0003181855657182744
上午地产直线拉升后漂在市场的传闻包括：、降（固收那边传了一阵子的）、传银行牵头化债、传重启棚改（原因是重庆发了一个三年棚改计划、然后就有人开始联想了会议提到的个特大及大城市旧改平急两用）本质还是已经绝对低估了，那么大一个市场，前二十强，现在的都是啥市值啊炒中特估炒的沸沸扬扬，炒的中移动都快二十倍估值，到头来一看，嗷喝原来某些地产股比起来还算便宜了，龙头市值也低的离谱，十万亿级别的市场，市值才那么点。;0.0007449978714346;0.2715766497314713;0.4122861710790755;0.001017259908319845
盘后，又有小作文说，中国将重启棚改，以及推进平急两用设施建设。住建部辟谣，说没这事儿。其实这个问题是号那个会上说的，只是稍微有些出入，原话是“在超大特大城市积极稳步推进城中村改造和“平急两用”公共基础设施建设。”至于房地产板块突然大涨的原因，不过是跌多了，然后小阳线了四天，突然拉升一次出货罢了，跟今天的小作文不沾边。另外值得说明的是，万科、保利等出四月份的销售数据了，保利不错。;0.0006385696040868;0.7340769099546319;0.791859594449164;0.004526720620740335
辟谣的内容是：不是棚改，跟楼市没有关系。平急两用是新提法，对此没有任何评价。黑色不仅仅是棚改与房地产，钱是有了，去哪里呢？;0.0007449978714346;0.1157919086667305;0.4684472692054572;0.0004928101665732245
大规模棚改重启？住建系统人士：没听说今日一张写着“个特大及以上城市允许棚改还有平急两用基础设施建设”等字眼、没有来源出处的截图在地产圈内流传，地产股大面积翻红。对于网传的“个特大及以上城市允许棚改”、“平急两用基础设施建设”政策利好，记者求证了多位不同层级住建系统人士，得到的反馈为：没听说。一位地方住建局官员对网传消息真实性存疑，“资金没有出路，有出点消息就借机炒作的嫌疑”。首先，棚改在年前后大规模启动，经历数年，已经基本谢幕，而且棚改要配合专项贷款，如果银行端不放，用处不大；其次，“平急两用”虽是新提法，但和楼市买卖没有直接关系。经济观察网;0.0014899957428693;0.1456142768228748;0.5296947441319336;0.0014015233941536624
基金股票钛媒体每日收评今日港股收评：恒指涨，融创中国涨超月日收盘，恒生指数涨，报点；恒生科技指数涨，报点；国企指数涨，报点；红筹指数涨，报点；今日，南下资金净流入亿港元，其中港股通（沪）净流入亿港元，港股通（深）净流出亿港元。板块方面，大金融股继续受捧、中资券商股走强，中国银河涨、中信建投证券涨、光大证券涨，海通证券、华泰证券等涨超；教育股拉升明显，职业教育股反弹，新高教集团涨，中教控股涨，中国科培涨，中国东方教育、希望教育、中汇集团涨超；内房股回弹，融创中国涨超，龙光集团涨，合景泰富、佳兆业集团、佳兆业集团涨超，中骏集团涨，时代中国控股、绿城中国等涨超；家电股集体下跌，海信家电跌，海尔智家跌，电子跌，创维集团跌；海运股走弱，港股海丰国际跌，太平洋航运跌。消息面：、数据显示，家上市券商年一季度全部实现盈利，其中家扭亏为盈，家净利润同比实现翻倍或以上增长。券商自营业务回暖是其一季度业绩高增长的关键。展望二季度，业内人士认为，财富管理、投行等业务的环比改善值得期待。、近日，多家职业教育公司发布中期业绩，其中中教控股中期经调整净利润同比增加；中国职业教育中期税前利润同比增加约；新高教集团中期归母净利同比增长；中国科培中期溢利同比增加；中汇集团中期归母净利同比增加。、中央政治局月日召开的会议指出，在超大特大城市积极稳步推进城中村改造和“平急两用”公共基础设施建设。规划建设保障性住房。、马士基昨日公布一季度业绩，收入同比跌约至亿美元，暴跌至亿美元，胜市场预期的亿美元。公司指，首季货柜运量同比跌，运费率平均跌。全年度指引维持不变，不过公司警告，随着市场正常化，第一季度将是今年最好的季度。、欧舒丹大涨，报港元股，股价创个月新高。消息面上，欧舒丹月日公布，截至今年月底止全年销售净额亿欧元，同比增长，按固定汇率计算增长。单计第四季度，销售净额亿欧元，按固定汇率计算同比增长，可比销售增长。就地区而言，美洲为表现最佳地区，全年按固定汇率计算增长。亚太地区全年恢复增长，乃归功于旅游零售渠道及中国第四季度的状况改善。、融创中国涨，报港元股。消息面上，公司发布境外债务重组进展公告。公告显示，在经延长同意费截止日期（即截至月日下午时），占现有债务约的同意债权人已加入重组支持协议。、巨子生物巨额限售股解禁来袭，公司股价开盘一度大跌，最终收跌，报港元股。从本次解禁股份来看，上市前投资者亿股全部解禁，同时控股股东部分股份也于月日解禁。;0.000532141336739;0.9682037343047416;0.6665968906842651;0.004188347774172309
资金没有出路，有出点消息就借机炒作的嫌疑大规模棚改重启？住建系统人士：没听说月日，一张写着“个特大及以上城市允许棚改还有平急两用基础设施建设”等字眼、没有来源出处的截图在地产圈内流传。当日，地产股大面积翻红。对于网传的“个特大及以上城市允许棚改”、“平急两用基础设施建设”政策利好，经济观察网求证了多位不同层级住建系统人士，得到的反馈为：没听说。一位地方住建局官员对网传消息真实性存疑，“资金没有出路，有出点消息就借机炒作的嫌疑”。首先，棚改在年前后大规模启动，经历数年，已经基本谢幕，而且棚改要配合专项贷款，如果银行端不放，用处不大；其次，“平急两用”虽是新提法，但和楼市买卖没有直接关系。;0.0027671349510429;0.0755853227111834;0.5999951492402037;0.001530386948268134
实时快报：大规模棚改重启？住建系统人士：没听说云财经讯，一张写着“个特大及以上城市允许棚改还有平急两用基础设施建设”等字眼、没有来源出处的截图在地产圈内流传。对于网传的政策利好，多位不同层级住建系统人士反馈：没听说。（经济观察网）;0.0002128565346956;0.7304970793151546;0.6665968906842651;0.0012640214896035508
基金股票钛媒体每日收评今日股收评：沪指跌，教育板块活跃截止月日收盘，沪指报点，跌，成交额为亿元（上一交易日成交额为亿元）；深成指报点，跌，成交额为亿元（上一交易日成交额为亿元）；创业板指报点，跌，成交额为亿元（上一交易日成交额为亿元）。两市全天成交额连续第个交易日突破万亿元，较上一交易日缩量亿元，超股下跌。今日，北上资金净流入亿元，其中沪股通净流入亿元，深股通净流入亿元。板块方面，教育股领涨，科德教育涨停，学大教育、国新文化涨停，美吉姆涨，全通教育涨；概念涨幅居前，星环科技涨超，万达信息涨，科大国创涨，宇信科技涨；地产股活跃，华夏幸福、中交地产、天保基建涨停，沙河股份、万通发展、金地集团涨超；券商股上涨，中国银河涨超，海通证券涨超，光大证券、中信证券、申万宏源涨超；光电共封装跌幅居前，东田微跌超，德科立、联特科技跌超，中际旭创、剑桥科技、通宇通讯跌超；手游概念股下跌，宝通科技跌超，慈文传媒、恺英网络跌超，盛天网络、星辉娱乐跌超，神州泰岳跌；新冠特效药概念股大幅回撤，众生药业跌，拓新药业跌，新华制药跌，森萱医药、前沿生物跌超。消息面：、中央政治局月日召开的会议指出，在超大特大城市积极稳步推进城中村改造和“平急两用”公共基础设施建设。规划建设保障性住房。、数据显示，家上市券商年一季度全部实现盈利，其中家扭亏为盈，家净利润同比实现翻倍或以上增长。券商自营业务回暖是其一季度业绩高增长的关键。展望二季度，业内人士认为，财富管理、投行等业务的环比改善值得期待。、月日，好未来宣布承建的智慧教育国家新一代人工智能开放创新平台正式上线云课堂。目前，好未来云课堂聚焦个智慧教育前沿领域提供课程服务，已正式上线个互联网职业方向、余门课程。、当地时间周四月日，微软公司在官网宣布了对搜索引擎必应和浏览器一系列的重磅升级，称这些举措是人工智能技术的新一轮创新。;0.0003192848020434;0.9682037343047416;0.6665968906842651;0.002513008664503385
上午房地产直线拉升后漂在市场的传闻包括：、降（固收那边传了一阵子的）、传银行牵头化债、传重启棚改（原因是重庆发了一个三年棚改计划、然后就有人开始联想了会议提到的个特大及大城市旧改平急两用）转：今天传的小作文引起了黑色一波反弹，其实在月底的会议上已经有提到，只是跌成这样，已经不关心这些了。里头有这样一段话：在超大特大城市积极稳步推进城中村改造和“平急两用”公共基础设施建设，规划建设保障性住房;0.0118135376756066;0.2553144854263687;0.5137016277284941;0.01889522511596263
午评：下午晚点有个会议，所以先提前写点东西了。这波传媒游戏影视的分歧也是昨天复盘预料到的。昨天讲了，带路和方向没有互抢流动性，是因为昨天是放量的。那么今天早上缩量行情，肯定是要跷跷板的。早上竞价很多人都去顶了秦港股份的，说明带路方向今天是有预期的。昨天的小商品城，尾盘的时候我还说了下，今天是有反包预期的。昨天尾盘还给了一只陕西建工，逻辑就是带路陕西了。因为月的会议是在西安开的。早上竞价带路，那就看两只，陕西建工和中船科技了。陕西建工的买点应该是站稳均线，中船科技的买点是早上一波拉上轴。有很多人不知道早上为什么拉了地产。这里讲下。因为有消息，个特大几以上城市允许棚改，还有平急两用的基础设施建设，含以上人口的城市。所以中交地产等地产基建方向的拉升是这个原因。方向的话，早上倒是看到中际旭创抢到红开，所以稍微观察了一下，但是这个方向开出来就往下了。那今天的是没有参与的条件的。早上证券、银行、保险都在抢资金和流动性。剑桥往下按的话，这里看二波末期的。上周五有多少股神去喊大三波呢？我前天的复盘明确说了，这里只能看反抽，而不是真正意义上的反转。为什么呢？因为你们去看上周五的龙虎榜，有多少机构入场呢？很少吧。为什么呢。因为机构会认为，方向会有更低的位置可以介入，不会去抢高。昨天传媒方向的高潮确实是预料之外的。复盘计划看的这里，因为周五很多人融资买入，昨天上午是有降杠杆降成本的需求的。但是市场承接住了，而且是放量的。只能说场外的观望和踏空资金的动手。但是大势所趋是不能违背的。昨天有个明确的信号就是中际旭创的走弱。今天早上没有往上冲，市场开始拉了创业黑马、金桥信息、汉王科技这些老龙，说明啥。说明市场没有什么可以拉的了。可以回忆下这几个月拉老龙的情况下是什么行情？去拉西安饮食了去拉英飞拓了。说明市场很混沌。所以这里不是大三波开启，只是一个反抽。忘了昨天有没有说了，这两个交易日，分歧是释放不完的，昨天没释放，那就今天来释放。半导体方向我这阵子没做了。昨天看到小漂亮还，倒是考虑先看看，硬件端的北方华创、拓荆科技、中芯国际都还不错的。但是这里，半导体这里只有技术性买点，并非是容量共振的。所以半导体目前还是持谨慎态度的。的话，下午可能还有一波恐慌杀。杀一杀应该会有资金抢修复。反抽修复，我觉得都是卖点。降降仓位吧。下午有个开仓想法的票就是上海建科了。次新带路。先这些吧。收盘复盘可能要晚点了。;0.0004257130693912;0.5689705128078267;0.9025827047076792;0.0026661185243839437
政治局会议提出在超大特大城市积极稳步推进城中村改造和“平急两用”公共基础设施建设，怎么理解“平急两用”？中国国际经济交流中心副理事长杨伟民：这个范围是有限的，不要过度解读，实际上是对疫情期间我们防控措施的一个经验总结。“平急两用”这个平是说平时，急就是应急，应哪个急呢？应重大公共安全事件的急。所以平时我们要建一些设施，平时用作旅游、康养等等，因为我们超大特大城市的周边游，旅游设施实际上是不足的，重大公共事件发生的时就可以用于应急，主要是收治和防治，我觉得一方面有利于增强公共卫生防控的救助能力，另一方面也有利于缓解特大超大城市周边旅游设施不足的问题。新闻一加一的微博视频;0.0012771392081736;-0.1578667248669216;0.6669509926182274;-0.0016398663819899948
月政治局会议十大要点：五一假期对经济形势环比更加乐观。仍然强调质重于量，不走老路。房住不炒基调不变，表述与前期一致。防风险工作不能松懈。基建领域一个较新的方向：改造“平急两用”公共基础设施建设。“高质量发展”的抓手在于实体经济。短板领域加快突破主要对应国产替代、科技自立。优势领域做大做强主要对应新能源等优势产业。安全领域仍是重中之重。平台经济监管态度转暖进一步得到确认。;0.0007449978714346;0.6691890569736444;0.9288426981743492;0.005647181370358763
前几天某会看点，平急两用魔都贸易新规别想野蛮生长;0.0002128565346956;0.7204295509759269;0.8523931972921668;0.0015940582367524596
平急两用。这么多卖方小朋友，趁着取代之前，闲着也是闲着，赶紧写两句？这概念可是新玩意，也还不懂。卖方不表现一下岂不是浪费了就业机会？;0.0001064282673478;0.4417059187411878;0.6665968906842651;0.00038215469245775433
房地产新提法：“平急两用”公共基础设施建设值得高度重视中共中央政治局月日召开会议，分析研究当前经济形势和经济工作。关于房地产有三个新提法：由“推动房地产业向新发展模式平稳过渡”改为“推动建立房地产业发展新模式”，“建制度”任务更为明确；提及“超大特大城市城中村改造”和“保障房建设”，既可视为青年人住房问题的对应解决方案，也可视为对地方财政发力承托地产建设的明确指引；提及“平急两用”公共基础设施建设，或指通过拓展居住功能，提高疫情防控相关建设项目的利用效率。其中，“平急两用”公共基础设施建设值得高度重视。月日，发改委，联合农村农业部、国家疾控局、国开行等个部门就“平急两用”设施建设召开会议。所谓“平急两用”是指，平时用作旅游、康养等，重大公共事件突发时立即转换为隔离收治设施，将“平急两用”理念融入城市整体规划，建设改造一批“平急两用”的民宿和酒店、储备一批单体大型方舱医院、升级一批应急医疗服务点。浙商证券首席经济学家李超分析，此举一方面体现统筹发展与安全的政策思路，有效促进超大特大城市“安全供给”发展，提升避灾防御能力、补齐公共卫生救治短板，从而更好应对突发紧急事件；另一方面体现城市更新更具体化的落地，不仅是提升人居环境、解决城市发展问题，更重要的是做好应对各种突发情况的全面民生保障；同时，也有助于提振地产投资及相关居住、安防等领域的需求。信达证券首席宏观分析师解运亮月日研报解读称，在超大特大城市积极稳步推进城中村改造和“平急两用”公共基础设施建设，可能带来经济新的增长点，值得高度重视。信达宏观研报指出，目前，超大城市包括上海、北京、深圳、重庆、广州、成都、天津城，特大城市包括武汉、东莞、西安、杭州等城。信达宏观指出，个超大特大城市的“平急两用”设施建设，不仅对房地产投资，乃至对整体固定资产投资，都有望带来新的增长点。（金融界网站）;0.0008514261387824;0.4417059187411878;0.6668624671347368;0.0030584555625862023
“要坚持房子是用来住的、不是用来炒的定位，因城施策，支持刚性和改善性住房需求，做好保交楼、保民生、保稳定工作，促进房地产市场平稳健康发展”老调重弹，会继续放松。“推动建立房地产业发展新模式”新模式说好久了也没说明白是什么。“在超大特大城市积极稳步推进城中村改造和平急两用公共基础设施建设。”这个是新内容，一个层面是通过城中村改造拉动地产，另一个可以理解为“平战”两用，结合最近对退林还耕农管的种种动作，人民币资产随时可能重新估值越来越可能发生。“规划建设保障性住房。”也是老调重弹。;0.0004257130693912;-0.0291552110996159;0.6628354629244332;-0.00010032856761164212
会议开完了，大家都看到了自己想看的话：炒的看到了“要重视通用人工智能发展。”炒半导体的看到了“要夯实科技自立自强根培育壮大新动能。”炒新能源的看到了“要巩固和扩大新能源汽车发展优势，加快推进充电桩、储能等设施建设和配套电网改造。”炒一带一路的看到了“要把吸引外商投资放在更加重要的位置，稳住外贸外资基本盘。要支持有条件的自贸试验区和自由贸易港对接国际高标准经贸规则，开展改革开放先行先试。”炒金融的看到了“要有效防范化解重点领域风险，保险和信托机够改革化险工作。”炒基建的看到了“在超大特大城市积极稳步推进城中村改造和平急两用”公共基础设施建设。规划建设保障性住房。”炒电力的看到了“要做好迎峰度夏电力供应保障。”炒消费的看到了“形成扩大需求的合力。要多渠道增加城乡居民收入，改善消费环境”炒文旅的看到了“促进文化旅游等服务消费。”炒互联网的看到了“要推动平台企业规范健康发展，鼓励头部平台企业探索创新。”炒农业的看到了“抓好粮食生产和重要农产品供应保障，全面推进乡村振兴。”等刺激政策的看到了“内生动力还不强，需求仍然不足，经济转型升级面临新的阻力，推动高质量发展仍需要克服不少困难挑战。”只讲重点，第一，对经济形势判断上肯定了经济稳步恢复，增长好于预期，但内生动力不强，基础不牢靠；整体政策表述延续去年经济会议表述，继续强调积极的财政政策要加力提效，稳健的货币政策要精准有力。这意味着政策暂时不会全面转向，但是也不用预期强刺激政策出台，宏观政策还是维持稳定。第二，政治局会议层面首次提及人工智能，其中强调要重视通用人工智能发展。通用人工智能（）是具有一般人类智慧，可以执行人类能够执行的任何智力任务的机器智能，意味着政策支持更高级的大模型的发展。此外，文中提到的重视防范风险，主要是目前在使用中暴露出了数据隐私泄露、生成虚假信息、数据来源的合法性等等问题。月日，国家互联网信息办公室发布《生成式人工智能服务管理办法》，提出二十一条举措，加强对人工智能的监管。相关厂商可以通过提供内容审查工具、保障数据隐私、协定数据使用范围等措施来保障安全性。第三，首次提及“平急两用”公共基础设施建设，“平急两用”公共基础设施建设主要指的是类似于疫情时期的方舱医院、隔离酒店这种，平时作为基础社区或者度假景点，遇到突发事件时可以统筹应急的场所，用以补齐公共卫生防控救治能力建设短板，比如旅游度假村，露营民宿等。第四，首次单独点名充电桩、储能等。充电桩、储能、配电网改造都是当前新能源产业相对的短板，持续的政策扶持是有必要的。充电桩层面，当前新能源汽车保有量提升过程中，车桩比仍有提升的空间，且公共充电桩中直流快充占比仅，带来电车补能效率低下，一定程度上阻碍了产业的进一步发展；储能与配电网则是在光伏、风电这些新能源电力并网的过程中，由于新能源电力天然的不稳定性会对电网形成冲击，借用储能设施与智能配电网改造可以打造新型电力系统，进而完成新能源电力的消纳。今日看盘;0.0014899957428693;-0.1638043354863259;0.6667739416512463;-0.001984608015111705
假期后这几个方向或将展开行情、重要会议召开，月份这几个板块方向或有行情月底的重要会议召开，分析了当前的经济形势，对下一阶段的经济工作做出了指导，大市场架构更加清晰了，哪些方向获得更多支持？老郑我为你一一梳理。（）肯定复苏周期，认为需求、供给、预期三个方面的问题已经缓解，增长好于预期，市场需求在恢复，年开局良好。（）新能源汽车：巩固和扩大优势，推进充电桩、储能等设施建设，以及配套电网的发展。（）人工智能：推动通用人工智能发展，通用主要指向工业人工智能方向。（）大消费：进一步确认，恢复和扩大需求是当前经济持续回升向好的关键。接下来，要多渠道增加居民收入，改善消费环境，促进文化旅游等服务消费。旅游酒店餐饮民航商超等场景消费的复苏会被加持。（）房地产开发：房住不炒原则不变。有一个新提法，城建工作推进“平急两用”公共基础设施建设。建设一批平急两用型民宿、酒店、储备库，平时用于旅游、康养，急用时可以当作一些临时医院等。总体来看，老郑讲解过的“消费成长”是今年的主体风格，月份，股市场可以继续围绕消费多条主线进行布局；同时，成长方向，新能源、人工智能和半导体可观察波段低位洼地。消费方面的补贴措施正在路上，我们拭目以待。、上海车展结束了，新能源汽车品牌步入竞争的第二回合上海车展结束，今年车展首发款新车型，纯电、插混和轻混动力的新能源车型的发布超过款，燃油车仅占款。不到三年，汽车行业的结构已经发生了根本性的转变。市场数据显示，年中国乘用车市场的总需求会同比上涨，其中新能源汽车的增长预计高达。汽车行业的第一回合结束，燃油车时代正在落幕。汽车行业的第二回合是优胜劣汰，“鲶鱼”特斯拉的到来，催动着汽车行业这个鱼塘必须因应时事进行改变，否则就会被清退。价格战之后，清退与并购会提速。市场数据显示，年我们的家新能源车企，现在仅剩下多家，但这还是不够的清退在今年还将加速。目前的新能源汽车行业的格局是“一超，一霸，多强”。一超是特斯拉，一霸是迪王，至于多强并立还有多久，我的看法不会超过一年，多强就会变为三到五强。新能源汽车行业的第三回合是智能化，这将彻底拉开品牌之间的技术差距，头部前沿车企将跻身科技制造类企业，头部车企吃下市场的份额，留给其他车企的时间不多了，要么被淘汰，要么合作代工。目前智能驾驶大部分停留在阶段，部分车企提出直接跳过，进入，高算力芯片和算法支持的智能驾驶系统，将实现封闭路段的智能无人驾驶。现在的唯一问题，是成本太高了。除了驾驶功能以外，未来的汽车更像是一个电子产品；这就类似于当年的功能手机和智能手机的升维，交通运输功能只是汽车的基本功能，但除此之外，汽车内部的各类电子软件将提供使用者更多的娱乐功能。从股市场的角度来看，新能源汽车可分为上游、中游、下游，以及新兴的后期服务赛道。上游是电池产业链和零部件，这一块大家最熟悉，我就不多说了；中游是三电系统，电机、电控、模具开模；下游是整车组装和品牌方；新兴的后期市场包括充电桩、换电站、电池回收，以及车用功能电子软件服务商，这些软件的业绩增长我认为将是超预期的。所以，短期来看，今年已经卷的风生水起的汽车品牌概念就不用太花心思了；零部件及出海，压铸一体化，短期可以来观察；中期以上赛道是车用电子软件题材。财经超话股市超话;0.0007449978714346;0.989649143489812;0.6665968906842651;0.005993565710065142
会议说要在超大特大城市积极稳步推进城中村改造和“平急两用”公共基础设施建设。深圳城中村机会很多;0.0;-0.0804571548018771;0.6362296187092887;-0.0
新事儿赶事儿流水版年月日防长访问印度经济工作会议释放保守经济措施工业企业利润一季度大幅下降今日新闻服务推送，请大家取用。也欢迎转发让更多人享受到这个服务。谢谢。音频版本内容完整：在这三个软件，搜索“翻转电台”可以听到，节目名称为“世界苦茶”。或通过地址：网页链接关于另一版本，请去被收购的搜索“”。我国新闻：我国防长近日访问印度，日与印度防长辛格进行了两国自年月爆发边境冲突以来的首次会谈。席间，辛格强调了新德里对与北京的紧张关系的立场。并明确表示“边境地区的和平与安宁”是印中发展关系的前提。印方认为，中方对两国现有协议的“违反”已经“侵蚀了双边关系的整体基础”，但局势缓解后，两国自然可在边境井水不犯河水。江西“豫章书院”案月日重审宣判。原告的附带民事诉讼部分再次被全部驳回；刑事部分，各被告刑期亦与一审判决同，惟增加适用教育相关从业禁止措施。此案被告人吴军豹、任伟强等人，均被一审法院认定构成非法拘禁罪，其中人被判刑，另有人免于刑事处罚。法院判决书显示：被告人吴军豹被判有期徒刑二年十个月；被告人任伟强被判有期徒刑二年七个月；被告人张顺、屈文宽分别被判刑一年十个月、十一个月；被告人陈宾犯非法拘禁罪，免于刑事处罚。附带民事诉讼的两名原告人当庭表示上诉。中央月日开会研究经济，认为目前经济运行好转主要是恢复性的，内生动力还不强、需求仍不足，须继续改善社会预期、化解风险隐患。会议要求：巩固和扩大新能源汽车发展优势，加快推进充电桩、储能等设施建设和配套电网改造。重视通用人工智能发展，营造创新生态，重视防范风险。下决心从根本上解决企业账款拖欠问题。推动平台企业规范健康发展，鼓励头部平台企业探索创新。统筹做好中小银行、保险和信托机构改革和风险化解。做好保交楼、保民生、保稳定，推动建立房地产业发展新模式。在超大特大城市积极稳步推进城中村改造、“平急两用”公共基础设施建设。（翻评：这是一次政策非常缓和的经济会议，甚至重提了“房住不炒”的说法，没有任何成规模的经济刺激措施。要么是经济恢复真的特别好，要么是我们已经接近手段出清。）开展“优化营商网络环境”专项行动，自月日起为期三个月。重点治理的内容包括：以“贴标签”“带节奏”“放大镜”等方式，恶意散布“民营企业卖国论”“民营企业离场论”“国进民退”等论调，渲染丑化或煽动抵触国有经济或民营企业；泄露企业商业秘密，虚构企业家私生活话题，炒作或泄露企业家金融账户、行踪轨迹等个人隐私；歪曲新闻原意、断章取义企业家过往言论、片面解读企业财务报表等方式干扰企业正常经营；恶意集纳企业负面信息、谋取非法利益；跨平台多账号密集发帖恶意攻击企业、企业家。（翻评：从前放纵恶意攻击，现在又对恶意攻击严惩。但企业家和社会真正需要的，是有人当然可以自由攻击，企业家和支持者可以自由反驳。而不是今天不许攻击，明天默许攻击，但一切维护市场的言论和推进改革的言论都被严格控制。言论自由比行政控制言论重要得多，社会的活力和创造力不是靠“控制”能控出来的。）财经新闻：阿根廷政府宣布，该国将停止使用美元来支付从我国进口的商品，转而使用人民币结算。阿方认为，此举有助于促进中阿贸易，同时也将增强阿根廷外汇储备，缓冲该国持续降低的美元储备。未来数月，阿根廷有望节省约亿美元的外汇开支。（翻评：阿中年的出口贸易规模美元，亿美元大概占了贸易额的，此举冲动还是来源自阿根廷长期逆差和外债，导致美元储备下降所致。那么阿根廷和我们长期逆差，手里哪来的人民币呢？那就是阿根廷和我国的货币互换协议，刚好今年年初给了亿人民币，大概亿美元的额度，我们和一个货币贬值国家搞以人民币美元为基准的货币互换，用稳定的与美元汇率，交换不稳定的美元汇率回拨，就是扶贫嘛。）国家统计局月日公布的数据显示，月全国规模以上工业企业利润总额累计同比下降，其中月当月下降，降幅较月收窄个百分点。规模以上工业企业中，国有控股企业实现利润总额亿元，同比下降；股份制企业实现利润总额亿元，下降；外商及港澳台商投资企业实现利润总额亿元，下降；私营企业实现利润总额亿元，下降。（翻评：为何经济复苏强劲，工业企业利润下降如此之大？且营业收入下降幅度大幅小于利润幅度，这说明企业出厂产品价格在下降，也就是企业用更低的价格销售了更多的商品，导致营业额微降，但是利润大降，企业在此的合理决策就是缩减生产规模，这也是持续低迷的原因，这种现象就是通缩。）特斯拉竞争对手比亚迪报告第一季度净利润增长逾倍。沃伦巴菲特投资的这家我国汽车制造商摆脱了激烈价格战和汽车行业销售增长放缓的冲击，而外资品牌和本土竞争对手普遍受到了打击。比亚迪周四表示，今年头三个月净利润增长，至亿元人民币。这家总部位于深圳的集团扩大了其在我国插电式混合动力汽车和电池驱动电动汽车领域的主导地位。（翻评：新能源汽车又成为了天字第一号产业，但这个领域的产值和对整体经济的拉动，与房地产和互联网不在一个规模下。可以今年超越日本成为全球第一大汽车出口国成为一个“显著成就”，但并不是对整体经济形成足够支持，而且这也在国内乘用车市场持续低迷的背景下。）美国商务部于当地周四发表声明，指美国和南韩同意在先进半导体领域上加强紧密合作，在尽量不干扰全球半导体供应链的前提之下，采取必要措施以保护国家安全。双方同意维护半导体行业的生存力和鼓励技术进步，并且同意由美国提出的半导体相关计划，以及由南韩提出的降低相关企业投资不确定性和企业负担的倡议。就相关议题，美韩双方未来会展开进一步磋商。一位知情人士周五表示，美国联邦存款保险公司即将准备接管第一共和银行。该行股价在周五收盘已跌逾的情况下，盘后又应声暴跌近。俄乌战争：罗刹国日早些时候向乌克兰基辅等地发射十余枚巡航导弹。基辅响起空袭警报，当局称乌克兰空军拦截了枚导弹和架无人机，在乌克兰境内，至少有名平民在罗刹国新一轮巡航导弹袭击中丧生，还有许多人受伤。首都基辅时隔天再次遭到袭击。北约秘书长斯托尔滕贝格宣布，盟友已向乌克兰交付了超过辆装甲车、辆坦克等装备以及大量的弹药，训练和装备了超过个旅的乌克兰士兵。“这将有助于乌克兰处于继续夺回被占领土的有利地位”。罗刹国总统签署法令，允许将未获得罗刹国公民身份的乌克兰临时占领区居民驱逐出境。瓦格纳私人军事公司的所有者普里戈津表示，瓦格纳成员即将耗尽，公司可能很快就会消失。他说：“截至今天，我们正接近瓦格纳私人军事公司终结的时刻。在不久的将来，瓦格纳将不复存在。”其他新闻：阿根廷总统阿尔贝托费尔南德斯下令支付美元赔偿金，以赔偿年月被绑架和折磨的乌拉圭夫妇。此前，美洲国家人权委员会因阿根廷未对上一次军事独裁统治期间发生的罪行进行调查和赔偿而首次谴责阿根廷。前巴西总统贾伊尔博尔索纳罗本周三向联邦警察调查人员表示，他在药物影响下错误地在社交网络上发布了一段质疑电子投票机器公正性的视频，而那是在三权分立总部遭受政变分子袭击的两天后。在经济疲软的背景下，土耳其总统雷杰普塔伊普埃尔多安在即将于月日举行的选举中面临不确定因素。年轻的土耳其人对执政的党感情逐渐淡化，反对派则终于团结起来。通常是埃尔多安选民基础的保守派妇女的支持也在投票前显得不那么坚定。（每天都有大量内容在另一版本中。）欢迎在和爱发电支持翻转电台：网页链接爱发电：网页链接要记得敢于去相信，也敢于分享你的相信。;0.0012771392081736;0.9847107059752148;0.6669509926182274;0.010228843247844833
这一次的局会议，“房地产”终于被重新提及，篇幅还不少，足足个字。表述是这样的：要坚持房子是用来住的、不是用来炒的定位，因城施策，支持刚性和改善性住房需求，做好保交楼、保民生、保稳定工作，促进房地产市场平稳健康发展，推动建立房地产业发展新模式。在超大特大城市积极稳步推进城中村改造，和“平急两用”公共基础设施建设，规划建设保障性住房。凌斌飞扬看房话说探家;0.0001064282673478;0.9427761291700704;0.69128040630766;0.0008458736950418367
钱眼观世财经早餐星期六当前经济持续回升向好的关键所在新一轮成品油调价窗口开启鼓励头部平台企业探索创新“”减产倒计时上海推出今年第四批次集中供应楼盘月日股收评近千份股一季报诠释“开年就起跑”科创板不必急于“跑步”扩容上市公司要闻一览稳步推进城中村改造和“平急两用”基础设施建设一季度我国规模以上互联网企业利润大增物流需求加快恢复，物流运行开局平稳一季度全球智能手机出货量下降香奈儿排除上市可能性热点出不停，追踪你想听。阿奴平湖宁今天的财秘追踪主题是财经早餐的微博视频;0.0003192848020434;0.9993177298088968;0.6665968906842651;0.002593766192613323
财经早餐星期六当前经济持续回升向好的关键所在新一轮成品油调价窗口开启鼓励头部平台企业探索创新“”减产倒计时上海推出今年第四批次集中供应楼盘月日股收评近千份股一季报诠释“开年就起跑”科创板不必急于“跑步”扩容上市公司要闻一览稳步推进城中村改造和“平急两用”基础设施建设一季度我国规模以上互联网企业利润大增物流需求加快恢复，物流运行开局平稳一季度全球智能手机出货量下降香奈儿排除上市可能性热点出不停，追踪你想听。今天的财秘追踪主题是财经早餐的微博视频;0.0001064282673478;0.3165878407529894;0.5651337630808912;0.0002322138823862736
解读来了政治局会议定调：楼市基调不变推动建立发展新模式月日，中央政治局召开会议，分析研究当前经济形势和经济工作。有关房地产部分，会议指出，要坚持房子是用来住的、不是用来炒的定位，因城施策，支持刚性和改善性住房需求，做好保交楼、保民生、保稳定工作，促进房地产市场平稳健康发展，推动建立房地产业发展新模式。在超大特大城市积极稳步推进城中村改造和“平急两用”公共基础设施建设。规划建设保障性住房。月日，中央政治局召开会议，分析研究当前经济形势和经济工作。有关房地产部分，会议指出，要坚持房子是用来住的、不是用来炒的定位，因城施策，支持刚性和改善性住房需求，做好保交楼、保民生、保稳定工作，促进房地产市场平稳健康发展，推动建立房地产业发展新模式。在超大特大城市积极稳步推进城中村改造和“平急两用”公共基础设施建设。规划建设保障性住房。中指研究院市场研究总监陈文静指出，此次高层会议针对房地产的关键词“房住不炒”、“因城施策”、“支持刚性和改善性住房需求”、“保交楼”、“房地产业发展新模式”均延续了此前提法，依然在“要有效防范化解重点领域风险”后面，由此可见，防范房地产风险仍是重点，在当前的市场环境下，房地产政策环境整体仍处于宽松状态。易居研究院研究总监严跃进也认为，此次会议对房地产相关工作的总思路不变。“继续强调支持刚性和改善性住房需求，这个是总纲，也是楼市回暖的最关键的内容。所以各地依然要把提振住房消费作为一项重要的工作。”严跃进说，“同时要密切关注一些新的问题，要确保楼市稳定发展。”从市场运行情况来看，年前个月，全国房地产市场呈现一定修复态势，特别是热点城市市场恢复节奏较快。但月以来，重点城市市场活跃度下行，部分城市市场降温明显。根据中指数据初步统计，月重点城商品住宅成交面积环比下降近两成，购房者置业预期仍不稳固。整体来看，今年以来房地产市场运行更多体现为恢复性好转，市场内生动力仍偏弱；另外，近期“我国全面实现不动产统一登记”引发了市场对于房产税征收的猜想与关注，亦对市场预期产生了一定扰动。陈文静认为，短期来看，稳定购房者置业信心和预期仍是促进房地产市场恢复的关键。二季度，前期已出台的保交楼、加大“三支箭”支持房企融资等政策有望继续落实到位。各地楼市政策或继续优化，如重点一二线城市库存较高的郊区，或按照一区一策原则，优化限购条件和认房认贷政策；结合生育政策，对二孩以上家庭的限购套数、首付比例、房贷利率等给予支持；降低房屋交易税费等。“整体来看，本次会议释放了积极信号。”陈文静补充说，一方面宏观经济呈现回升向好态势，但内生动力不强，恢复和扩大需求仍是经济持续好转的关键，对于房地产来说，促需求也将是未来的侧重点；另一方面，会议为房地产市场定调，整体基调并未受一季度局部市场升温影响，短期房地产政策仍将保持宽松状态，稳定购房者置业信心和预期至关重要。值得注意的是，“促进房地产市场平稳健康发展，推动建立房地产业发展新模式”的提法，再次指明了房企未来的工作方向。严跃进进一步解释说：“当前房地产市场基本上稳住了，所以一些新的工作会陆续部署。房企要两头抓，一头抓既有的住房销售提振的工作，一头抓一些新提法新发展模式等。唯有这样，才能兼顾短期发展和中长期转型需要，进而促进企业健康发展。”;0.0006385696040868;0.9795855242867886;0.6667739416512463;0.005086451668645472
中共中央政治局召开会议主持会议会议指出，要加快建设以实体经济为支撑的现代化产业体系，既要逆势而上，在短板领域加快突破，也要顺势而为，在优势领域做大做强。要夯实科技自立自强根基，培育壮大新动能。要巩固和扩大新能源汽车发展优势，加快推进充电桩、储能等设施建设和配套电网改造。要重视通用人工智能发展，营造创新生态，重视防范风险。会议强调，恢复和扩大需求是当前经济持续回升向好的关键所在。积极的财政政策要加力提效，稳健的货币政策要精准有力，形成扩大需求的合力。要多渠道增加城乡居民收入，改善消费环境，促进文化旅游等服务消费。要发挥好政府投资和政策激励的引导作用，有效带动激发民间投资。会议指出，要坚持“两个毫不动摇”，破除影响各类所有制企业公平竞争、共同发展的法律法规障碍和隐性壁垒，持续提振经营主体信心，帮助企业恢复元气。各类企业都要依法合规经营。要下决心从根本上解决企业账款拖欠问题。要推动平台企业规范健康发展，鼓励头部平台企业探索创新。会议强调，要全面深化改革、扩大高水平对外开放。认真落实党和国家机构改革方案，推进国家治理体系和治理能力现代化。要把吸引外商投资放在更加重要的位置，稳住外贸外资基本盘。要支持有条件的自贸试验区和自由贸易港对接国际高标准经贸规则，开展改革开放先行先试。会议指出，要有效防范化解重点领域风险，统筹做好中小银行、保险和信托机构改革化险工作。要坚持房子是用来住的、不是用来炒的定位，因城施策，支持刚性和改善性住房需求，做好保交楼、保民生、保稳定工作，促进房地产市场平稳健康发展，推动建立房地产业发展新模式。在超大特大城市积极稳步推进城中村改造和“平急两用”公共基础设施建设。规划建设保障性住房。要加强地方政府债务管理，严控新增隐性债务。要继续抓好新冠疫情防控工作。;0.0175606641123882;0.0020611919455865;0.5770915595876782;0.0002547356907227602
在超大特大城市积极稳步推进城中村改造和“平急两用”公共基础设施建设。站七点档的一句话。;0.0109621115368241;0.0;0.6668624671347368;0.0
中共中央政治局召开会议主持会议会议指出，要加快建设以实体经济为支撑的现代化产业体系，既要逆势而上，在短板领域加快突破，也要顺势而为，在优势领域做大做强。要夯实科技自立自强根基，培育壮大新动能。要巩固和扩大新能源汽车发展优势，加快推进充电桩、储能等设施建设和配套电网改造。要重展开;0.0186249467858663;-0.2136818288720494;0.7864238604463232;-0.03816849332539132
平急两用，细思。;0.0002128565346956;0.4603140574435275;0.9700946198004864;0.0011591536948774822
股票超话靴子落地周五沪指涨点，给亿股民一个好心情进入假期，盘后再为大家做则消息的分析，假期后这几个方向或将展开行情、重要会议召开，月份这几个板块方向或有行情月底的重要会议召开，分析了当前的经济形势，对下一阶段的经济工作做出了指导，大市场架构更加清晰了，哪些方向获得更多支持？耀哥为你一一梳理。（）肯定复苏周期，认为需求、供给、预期三个方面的问题已经缓解，增长好于预期，市场需求在恢复，年开局良好。（）新能源汽车：巩固和扩大优势，推进充电桩、储能等设施建设，以及配套电网的发展。（）人工智能：推动通用人工智能发展，通用主要指向工业人工智能方向。（）大消费：进一步确认，恢复和扩大需求是当前经济持续回升向好的关键。接下来，要多渠道增加居民收入，改善消费环境，促进文化旅游等服务消费。旅游酒店餐饮民航商超等场景消费的复苏会被加持。（）房地产开发：房住不炒原则不变。有一个新提法，城建工作推进“平急两用”公共基础设施建设。建设一批平急两用型民宿、酒店、储备库，平时用于旅游、康养，急用时可以当作一些临时医院等。总体来看，老苏讲解过的“消费成长”是今年的主体风格，月份，股市场可以继续围绕消费多条主线进行布局；同时，成长方向，新能源、人工智能和半导体可观察波段低位洼地。消费方面的补贴措施正在路上，我们拭目以待。、上海车展结束了，新能源汽车品牌步入竞争的第二回合上海车展结束，今年车展首发款新车型，纯电、插混和轻混动力的新能源车型的发布超过款，燃油车仅占款。不到三年，汽车行业的结构已经发生了根本性的转变。市场数据显示，年中国乘用车市场的总需求会同比上涨，其中新能源汽车的增长预计高达。汽车行业的第一回合结束，燃油车时代正在落幕。汽车行业的第二回合是优胜劣汰，“鲶鱼”特斯拉的到来，催动着汽车行业这个鱼塘必须因应时事进行改变，否则就会被清退。价格战之后，清退与并购会提速。市场数据显示，年我们的家新能源车企，现在仅剩下多家，但这还是不够的清退在今年还将加速。目前的新能源汽车行业的格局是“一超，一霸，多强”。一超是特斯拉，一霸是迪王，至于多强并立还有多久，我的看法不会超过一年，多强就会变为三到五强。新能源汽车行业的第三回合是智能化，这将彻底拉开品牌之间的技术差距，头部前沿车企将跻身科技制造类企业，头部车企吃下市场的份额，留给其他车企的时间不多了，要么被淘汰，要么合作代工。目前智能驾驶大部分停留在阶段，部分车企提出直接跳过，进入，高算力芯片和算法支持的智能驾驶系统，将实现封闭路段的智能无人驾驶。现在的唯一问题，是成本太高了。除了驾驶功能以外，未来的汽车更像是一个电子产品；这就类似于当年的功能手机和智能手机的升维，交通运输功能只是汽车的基本功能，但除此之外，汽车内部的各类电子软件将提供使用者更多的娱乐功能。从股市场的角度来看，新能源汽车可分为上游、中游、下游，以及新兴的后期服务赛道。上游是电池产业链和零部件，这一块大家最熟悉，我就不多说了；中游是三电系统，电机、电控、模具开模；下游是整车组装和品牌方；新兴的后期市场包括充电桩、换电站、电池回收，以及车用功能电子软件服务商，这些软件的业绩增长我认为将是超预期的。所以，短期来看，今年已经卷的风生水起的汽车品牌概念就不用太花心思了；零部件及出海，压铸一体化，短期可以来观察；中期以上赛道是车用电子软件题材。财经股票;0.0122392507449978;0.1234329081478899;0.7421659535752285;0.013673274211724524
学习贯彻习近平新时代中国特色社会主义思想主题教育动员大会当前我国经济运行好转主要是恢复性的，内生动力还不强，需求仍然不足，经济转型升级面临新的阻力，推动高质量发展仍需要克服不少困难挑战。要深入开展学习贯彻习近平新时代中国特色社会主义思想主题教育，认真落实中央经济工作会议精神，坚持稳中求进工作总基调，完整、准确、全面贯彻新发展理念，加快构建新发展格局，全面深化改革开放，把发挥政策效力和激发经营主体活力结合起来，形成推动高质量发展的强大动力，统筹推动经济运行持续好转、内生动力持续增强、社会预期持续改善、风险隐患持续化解，乘势而上，推动经济实现质的有效提升和量的合理增长。要加快建设以实体经济为支撑的现代化产业体系，既要逆势而上，在短板领域加快突破，也要顺势而为，在优势领域做大做强。要夯实科技自立自强根基，培育壮大新动能。要巩固和扩大新能源汽车发展优势，加快推进充电桩、储能等设施建设和配套电网改造。要重视通用人工智能发展，营造创新生态，重视防范风险。恢复和扩大需求是当前经济持续回升向好的关键所在。积极的财政政策要加力提效，稳健的货币政策要精准有力，形成扩大需求的合力。要多渠道增加城乡居民收入，改善消费环境，促进文化旅游等服务消费。要发挥好政府投资和政策激励的引导作用，有效带动激发民间投资。要坚持“两个毫不动摇”，破除影响各类所有制企业公平竞争、共同发展的法律法规障碍和隐性壁垒，持续提振经营主体信心，帮助企业恢复元气。各类企业都要依法合规经营。要下决心从根本上解决企业账款拖欠问题。要推动平台企业规范健康发展，鼓励头部平台企业探索创新。要全面深化改革、扩大高水平对外开放。认真落实党和国家机构改革方案，推进国家治理体系和治理能力现代化。要把吸引外商投资放在更加重要的位置，稳住外贸外资基本盘。要支持有条件的自贸试验区和自由贸易港对接国际高标准经贸规则，开展改革开放先行先试。要有效防范化解重点领域风险，统筹做好中小银行、保险和信托机构改革化险工作。要坚持房子是用来住的、不是用来炒的定位，因城施策，支持刚性和改善性住房需求，做好保交楼、保民生、保稳定工作，促进房地产市场平稳健康发展，推动建立房地产业发展新模式。在超大特大城市积极稳步推进城中村改造和“平急两用”公共基础设施建设。规划建设保障性住房。要加强地方政府债务管理，严控新增隐性债务。要继续抓好新冠疫情防控工作。要切实保障和改善民生，强化就业优先导向，扩大高校毕业生就业渠道，稳定农民工等重点群体就业。要以“时时放心不下”的责任感，持续抓好安全生产。要做好迎峰度夏电力供应保障。要巩固拓展脱贫攻坚成果，抓好粮食生产和重要农产品供应保障，全面推进乡村振兴。要加强生态环境系统治理。各级领导干部要带头大兴调查研究，奔着问题去，切实帮助企业和基层解决困难。;0.0002128565346956;0.2367983677638079;0.6665968906842651;0.00040974595796756724
天津公积金贷款执行认房不认贷意味着什么？月日起，天津市住房公积金执行新规。天津市住房公积金管理中心于月日非公开发布了《天津市住房公积金管理中心关于调整住房公积金贷款审核标准的通知》，明确自月日起调整公积金贷款政策。北京商报记者从天津市住房公积金管理中心工作展开;0.0003192848020434;-0.4341440074520339;0.6665968906842651;-0.0011268368564521457
今日贴纸打卡早上好月日每日简报星期五农历四月初八每天一分钟众览天下事每天看看群，总有您需要的好物玫瑰、国家疾控局：月全国报告法定传染病超万例。、岁至岁青年是成人中最焦虑群体，心理门诊岁以下就诊者占比过半。、又一起换脸诈骗：安徽男子秒被骗万。、上海迪士尼月日起门票调价：常规日元，高峰日元。、造假数量超亿件最长可追溯年前本田合资零部件厂商承认造假。、上海部分社区开打新冠疫苗，可通过“健康云”预约。、国泰航空多次名列境外航司投诉量榜首，全球排名跌个名次。、民政部：探索建立婚姻领域个人信用制度，承诺不实将纳入惩戒范围。、微信电脑版新增锁定功能，只能通过手机端解锁。、杭州一公司招聘大龄程序员：限岁以上，月薪，薪，不用加班。、天津：在津无房家庭首次公积金贷款还清后，仍可按首套房贷款。、中央气象台：北京、湖南、江西等多地部分地区将有级雷暴大风或冰雹，最强降雨时段将出现在日至日；超强台风“玛娃”已成今年以来全球风王，下周将影响我国南方。、俄罗斯气候学家称气温上升俄或被迫迁都。微语一个人可以被打败，但不可以被打倒;0.0001064282673478;0.9999036756731852;0.6665968906842651;0.0008650956789378261
天津：在津无房家庭首次公积金贷款还清后，仍可按首套房贷款天津公积金新政执行认房不认贷月日，记者从天津市住房公积金管理中心获悉，该中心发布《天津市住房公积金管理中心关于调整住房公积金贷款审核标准的通知》调整公积金贷款政策。通知明确，职工家庭房屋套数核定以住房交易时，以天津市住房交易主管部门及不动产登记管理部门确定并记载于住房交易合同文本上的购房套数为准。购房套数根据购房合同或协议附件中记载职工家庭住房套数所在页各项数值累计计算。其中，职工家庭住房数为的，发放首套住房贷款；职工家庭住房数为的，发放二套住房贷款；职工家庭购买第三套及以上住房的，不予发放住房公积金贷款。此外，职工家庭已使用过次住房公积金贷款的，不予发放住房公积金贷款。而职工离婚的，离婚前有在天津市住房公积金贷款记录，仍计算为该市住房公积金贷款次数。对此，一位接近于天津市住房公积金管理中心的人士表示，上述政策基本可以理解为天津出台公积金新政，执行“认房不认贷”。公积金首次贷款结清后，名下无天津房产，二次使用天津公积金贷款，可按照首套政策执行；使用过两次公积金贷款后不可再用。（新京报）;0.0023414218816517;-0.2966192114067015;0.5837690374714001;-0.00494431017463684
广州拟出公积金购房新政今后，广州二孩及以上家庭首套房公积金贷款的额度，或有望最高上浮，即从万元上调至万元。月日，广州住房公积金管理中心发布关于公开征求《广州住房公积金管理中心关于贯彻落实二孩及以上家庭支持政策的通知》意见的公告，拟明确：生育二孩及以上的家庭（至少一个子女未成年）使用住房公积金贷款购买首套自住住房的，住房公积金贷款最高额度上浮，其他贷款条件及要求依据广州市住房公积金贷款政策执行。;0.0044699872286079;0.1407975160848182;0.4643692480798118;0.0035641045041040196
月日，广州住房公积金管理中心发布《广州住房公积金管理中心关于贯彻落实二孩及以上家庭支持政策的通知（征求意见稿）》，贯彻落实积极生育支持措施。《征求意见稿》于月日月日面向社会公开征询意见，拟对生育二孩及以上的家庭（至少一个子女未成年）使用住房公积金贷款购买首套自住住房的，住房公积金贷款最高额度上浮。其他贷款条件及要求依据广州市住房公积金贷款政策执行。也就是说，这个政策如果顺利执行，广州二胎家庭，公积金可以贷款万此前的公积金贷款政策是单缴存职工个人住房贷款最高额度万，双缴存职工个人住房贷款最高额度万。整体来说，这次变动的方向还是围绕着二孩以上、家庭首套房、公积金贷款，缺一不可，那么，这个政策如果顺利执行，对自住需求的购房者来说，是利好吗？;0.0007449978714346;0.6830669723706683;0.8191562108342693;0.0050835927260895995
广州超话广州房地产新政策征询意见：二孩及以上家庭购买首套房，公积金贷款最高额度拟上浮。原来夫妻双方最多可贷公积金额度万，现在可贷万，相当于变相降息。满足条件则定向降房贷利率。正常来说万商贷每月应还本利元，新政策这万的部分按公积金利率展开;0.0002128565346956;-0.5833101873872115;0.8781446904535314;-0.0013296530409084794
北京拆迁退出历史舞台换个说法而已，该拆还得拆;0.0001064282673478;-0.0812386253838572;0.6665968906842651;-7.028595402963013e-05
北京拆迁退出历史舞台已经实行了一段时间了吧，在大兴的一个西城区对接安置房工程工作，很多业主都抱怨拆迁完搬过来装修的钱都没有了，拆迁款刚刚够买安置房的;0.0003192848020434;-0.951586162350702;0.6665968906842651;-0.002469877140812767
北京拆迁退出历史舞台;0.034269902085994;-0.1825560314247065;0.6700493845403986;-0.051121261795322934
集体土地最高补偿面积拟不超过平方米，北京废止拆迁许可证，北京或将告别大批拆迁暴发户月末，北京市规划和自然资源委员会公布《北京市征收集体土地房屋补偿管理办法》，其中拟对征收宅基地房屋的安置方式进行规定，并明确货币补偿标准。根据《办法》，“拆迁”将退出历史舞台，以“搬迁”代替，同时房屋拆迁许可证制度也被废止。《办法》拟规定，北京市按照一户一宅的原则给予补偿，严格控制宅基地面积补偿标准。一户一宅的宅基地面积补偿控制标准：对认定为年（含）之前的宅基地，最高不超过平方米；对认定为年以后的宅基地，最高不超过平方米，具体宅基地面积补偿控制标准由各区人民政府根据本区实际确定。《办法》还对非住宅房屋的补偿进行了规定，表示应采取货币补偿的方式。;0.0026607066836951;0.8270601098327676;0.7390184213944072;0.019832389438846503
“拆迁”马上要退出历史舞台了“拆迁户的快乐我们不懂，就像这两天火起来的“北电南柱赫”，自称家里发了万拆迁款。。。北京拆迁退出历史舞台;0.0028735632183908;0.0197827038125847;0.6668624671347368;0.0004623047781026503
北京“拆迁”改“搬迁”，北京或将告别大批“拆迁暴发户”北京拆迁退出历史舞台观察者网的微博视频;0.0004257130693912;0.715352893947119;0.6666854161677557;0.0024759620229402642
北京拆迁退出历史舞台北京“拆迁”退出历史舞台？不过是换了个叫法。拆迁是老的说法，以前不论是国有土地，还是集体土地，这方面都叫“拆迁”。拆迁从字面意思来说，包括拆除搬迁。后来拆迁引发了很多问题，国有土地上房屋征收补偿条例就开始把拆迁改为了征收，不再用拆迁这两个字，实际上本质还是一个意思。集体土地这一块之前北京有专门的集体土地拆迁管理办法，根据这个管理办法，如果集体土地要实施拆迁，必须取得拆迁许可证，取得这个许可证才能具体实施，否则就是违法拆迁。改为搬迁，纯粹从字面意思来说就是搬走迁移。而拆迁是为了拆而迁。北京的老规定沿用了很多年了，然而，新《土地管理法实施条例》已于年月日起实施。新条例中单设两节和宅基地的保护息息相关。其中，在第四章“建设用地”中特别设置了第三节“土地征收”，对包括征收农村宅基地在内的征收土地流程和要求做了详细的规定。作为上位法土地管理法实施条例已经发生了变化，而且进行了明确规定。所以北京的相关规定也在进行调整，向国家的规定看齐。而且，在新条例里，禁止强迫农村村民搬迁退出宅基地。对曾发生的一些侵犯宅基地的常见行为进行了明令禁止。新条例中用的就是“搬迁”。在征收土地流程中，拆迁是其中一个很重要的环节，征收土地就是把土地征为国有，进行土地收储。要想真正实现征地，必须对原来的土地使用权人进行拆迁安置。在以往，经常出现征地文件出来了，拆迁相对滞后的状况，相比而言是脱钩的。比如年就已经做出了征地批复，但是到了年才开始拆迁，这样原来的征地文件从某种意义上来说形同虚设。纳入征地手续之中，同时广泛听取农民意见，征收与房屋搬迁同步实施有利于保障被征收人的知情权、参与权。房屋安置补偿方案等各项补偿方案、标准都需要广泛听取被征收人的意见，例如在房屋安置补偿方案存在超过半数（不含）以上被征地的农村集体经济组织成员认为不符合法律、法规及本办法规定的，区政府需要组织听证，完善房屋补偿安置方案，也就是说，被征收人对于征收后的安置补偿情况能够更及时的知情、更深入的参与，更充分的发表意见。而且，征收与房屋搬迁同步实施有利于保障被征收人的居住权、财产权等相关权利。如前所述，集体土地上房屋搬迁补偿纳入征收集体土地征收程序，且被征收人可以充分的参与相关方案的制定，那么在一定程度上，被征收人的居住权、财产权等相关权益的具体保障方案都需要提前制定并且需征得各方同意，在保障被征收人相关权益的同时，也有利于促进征收工作的平稳推进。老王侃房新星计划;0.0009578544061302;0.9561207935776088;0.6666854161677557;0.007445929536475041
杨紫超话民法典普法大使杨紫跟着杨紫学习普法请看案例公公生前有一处房产，拆迁时公公去世，以大伯哥名义签署了房屋安置协议，房屋还未建设，大伯哥又去世，请问此时安置房到底属于谁的遗产？北京拆迁退出历史舞台今日说法的微博视频;0.025436355896126;0.9007539986364094;0.2235023296698838;0.06244948314530125
北京拆迁退出历史舞台北京拟废止房屋拆迁许可证制度补偿款万孩子吹牛皮么？;0.0006385696040868;0.0571247946160711;0.6665968906842651;0.0002965390418190209
重磅北京拆迁退出历史舞台，从此不再有“拆迁户”北京拟废止房屋拆迁许可证制度月末，北京市规划和自然资源委员会公布《北京市征收集体土地房屋补偿管理办法》（征求意见稿），其中拟对征收宅基地房屋的安置方式进行规定，并明确货币补偿标准。;0.0001064282673478;0.9699941657808884;0.6666854161677557;0.000839330048591598
北京拆迁退出历史舞台挺好的，拆迁暴富的时代终于结束了;0.0003192848020434;-0.0250390971073193;0.6666854161677557;-6.499853504229227e-05
北京拆迁退出历史舞台西四北八条保住了，东四十条也保住了西斜街，东斜街，劈柴胡同，大酱坊，兵马司里老地质，西四牌楼义达里；老砖塔，缸瓦市，甘石桥，西什库街嬷嬷院。不容易呀终于明白过味儿来了，有点晚了。;0.0003192848020434;-0.8885950678082013;0.6665968906842651;-0.002306381421096784
重磅北京拆迁退出历史舞台，从此不再有“拆迁户”北京拟废止房屋拆迁许可证制度月末，北京市规划和自然资源委员会公布《北京市征收集体土地房屋补偿管理办法》（征求意见稿），其中拟对征收宅基地房屋的安置方式进行规定，并明确货币补偿标准。《办法》拟规定，北京市按照一户一宅的展开;0.0001064282673478;0.2877814258285525;0.6667739416512463;0.00024904858182691773
北京拆迁退出历史舞台当下房拆十年了都还没安置房能住进去很多曾经有房的老人拆迁后只能在出租屋里去世了;0.0006385696040868;-0.2943988094983512;0.6665968906842651;-0.0015282460351593275
北京拆迁退出历史舞台是不是以前叫拆迁户，以后叫搬迁户？;0.001064282673478;0.9999348182355166;0.6665968906842651;0.008651226228292822
“拆迁”改“搬迁”，北京或将告别大批“拆迁暴发户”北京拆迁退出历史舞台北京拟废止房屋拆迁许可证制度观察者网的微博视频;0.0017028522775649;0.6239007664505823;0.7014678936824207;0.00908836989044265
北京超话北京身边事重磅北京拆迁退出历史舞台，从此不再有“拆迁户”北京拟废止房屋拆迁许可证制度月末，北京市规划和自然资源委员会公布《北京市征收集体土地房屋补偿管理办法》（征求意见稿），其中拟对征收宅基地房屋的安置方式进行规定，并明确货币补偿标准。《办法》拟规定，北京市按照一户一宅的原则给予补偿，严格控制宅基地面积补偿标准。一户一宅的宅基地面积补偿控制标准：对认定为年（含）之前的宅基地，最高不超过平方米；对认定为年以后的宅基地，最高不超过平方米，具体宅基地面积补偿控制标准由各区人民政府根据本区实际确定。《办法》还对非住宅房屋的补偿进行了规定，表示应采取货币补偿的方式。根据北京市规划和自然资源委员会公布的起草说明，此次《办法》按照《土地管理法》的要求，将集体土地房屋“拆迁”改为“搬迁”，废止房屋拆迁许可证制度；规定集体土地上房屋搬迁补偿纳入征收集体土地征收程序，实现征地与房屋搬迁同步实施，各项补偿方案、标准广泛听取村民的意见。对于被征收人合法权益的维护，《办法》强化了以房屋安置方式为主，做到安置房先行，安置房源为期房的，尽量缩短安置周期。还本着“限高、扩中、托底”的原则，确定安置房安置面积。对宅基地面积超过补偿控制标准的部分，只给予货币补偿；对宅基地面积低于宅基地审批最低标准的，置换安置房面积按照最低标准的一定比例计算。根据《办法》，“拆迁”将退出历史舞台，以“搬迁”代替，同时房屋拆迁许可证制度也被废止。（每经，泽塔）重磅北京宣布：“拆迁”退出历史舞台，从此不再有“拆迁户”这个制度也被废止视频的微博视频;0.0008514261387824;0.0240720312532285;0.6665968906842651;0.00016661293064177698
北京拆迁退出历史舞台大多数家有千万亿万资产以上的人，不少都是靠拆迁发财的。有的人运气特别好，不仅能遇到一次拆迁，而且能遇到几次拆迁。;0.000532141336739;0.039129630961801;0.6666854161677557;0.00016929315770729362
北京拆迁退出历史舞台意思是不给拆迁款，直接给你个安置房搬走？;0.0001064282673478;-0.8259373883528478;0.6665968906842651;-0.0007145836975308593
北京拆迁退出历史舞台之前的呢，集全国之力供养头部大城市拆迁户;0.0002128565346956;-0.6582465413846421;0.6665968906842651;-0.0011390021908745222
“拆迁”曾经造富了多少人呐，北京的“拆迁户”，如今怕是要退出历史舞台了。。。;0.0001064282673478;0.9994818501558408;0.6665968906842651;0.000864730724351501
北京拆迁退出历史舞台愿意拆迁的都是城中村，直接改善生活品质，不愿意拆的是我们农村，拆迁后多交很多各种费用不说，还没有院子了，物业扯皮，车位占用，没有小菜园了，没有阳光了，没有可传万代的宅基地了时期就看出来了吧我们在院子里玩耍晒太阳，不出门买菜也能自给自足，住楼房后，新疆的大火事故。。。紧锁的大门。。。我们并不想;0.0011707109408258;0.999768757404341;0.6665968906842651;0.009514768455309144
拆迁从此不再有“拆迁户”？旧房子还是要拆，还是要搬迁，换一个名字而已。北京拟废止房屋拆迁许可证制度北京拆迁退出历史舞台;0.0008514261387824;-0.7142857142857142;0.6665968906842651;-0.004943880095566779
未来你看好哪一行？北京拆迁退出历史舞台北京拆迁户政策没了，以后大家都靠勤劳的双手吧。有万人投票，未来你看好哪一行？银发经济排第一名，里面有什么机会呢？银发经济带来的哪些新兴职业？鳄鱼十三分享一下，去美国和日本看到的情况。比如没空照顾父母，销售拖老所。没空陪父母体检，销售跑腿。没空给父母做饭，销售保姆这也算银发市场。陪诊师：帮空巢老人挂号、排队、跑腿、拿报告养老规划师：为初老人群提供退休规划老年人能力评估师：健康评估健康照护师：为老年人提供健康照护及生活照料呼吸治疗师健康财富规划师：为中高净值客户做好量身订制。;0.0186249467858663;0.454104707972987;0.3913892487593703;0.04036878135303065
北京拆迁退出历史舞台早上好相处的季节制作的微博视频;0.0288420604512558;0.7613684587573512;0.4756572876613917;0.1273799346029392
北京拆迁退出历史舞台拆迁暴富正式退出历史的舞台。;0.0004257130693912;0.9365514050729404;0.6666854161677557;0.0032415689250896657
北京拆迁退出历史舞台这些年大江南北靠折迁不知打造出了多少富翁富婆希望不只是北京退出拆迁历史舞台，其它的一些城市都要跟进。;0.001064282673478;0.7642473582499726;0.8673911728307875;0.008603826393206549
中超联赛北京拆迁退出历史舞台拆迁暴富即将退出历史舞台王健林真敢逗乐子玩中国男足不就是个笑话吗？大连曲国胜的微博视频;0.0013835674755214;0.6131630304308179;0.5634766332306179;0.005829588766307655
北京拆迁退出历史舞台一个时代的产物，种种迹象都表明，靠房产暴富的机会越来越少，粗放型增长的尾声，必须往高精尖行业发展，未来你准备好了么？;0.0047892720306513;0.9854487219076534;0.6740612089428224;0.038796144982503694
北京拆迁退出历史舞台其实背后根本折射出的是，财政遇到了空前问题。;0.0063856960408684;0.9258987676259708;0.6822224139856455;0.04919074890580151
北京拆迁退出历史舞台把房子从市区换到郊区，现在补偿还少了，是这个意思么？;0.000532141336739;0.0524655636156166;0.6666854161677557;0.0002269906645439985
北京拆迁退出历史舞台应该是政府手里空房子太多了。房子饱和。收购烂尾保交楼给搬迁户。;0.0002128565346956;0.010067448531972;0.6665968906842651;1.742029044362578e-05
北京拆迁退出历史舞台很多钉子户，依然坚守，不知道是不是会后悔。;0.0007449978714346;-0.3050421160652742;0.6665968906842651;-0.0018474122662577334
北京拆迁退出历史舞台拆到我家小区旁边米处，求心理阴影面积。;0.0003192848020434;0.9999348182355166;0.6665968906842651;0.002595367868487847
“生命的目的不是繁荣，而是转变。当一个人将自己投入未知时，他就得救了。”埃琳娜波尼亚托斯卡海伦娜阿尔梅达北京拆迁退出历史舞台;0.000532141336739;0.4423646288231856;0.7248444027432136;0.002080836139982138
北京拆迁退出历史舞台改成搬迁而已微博竟然宁可忍辱负重跪舔骗徒，也不起诉本号侵权周知：本人公开举报本号诽谤微博为何无耻新浪微博却一直不敢起诉本人造谣诽谤？印证事出反常必有妖标题：新浪微博跪舔骗徒纪实（微博为恶意封号的回复）新话题微博跪舔骗徒（送给微博作为起诉本号侵权展开;0.0001064282673478;-0.2864603413106281;0.6665968906842651;-0.00024783947642560407
北京拆迁退出历史舞台拆迁给人的印象就是会变暴发户，但是那些都是个别例子，其实拆迁好多都不是很好条件，之前网上不是有拆迁给代金券给你买房用，拆要还要自己补差价买房，你会接受吗。又例如我们村的拆迁谈了几年也没谈下来，是越拆越穷系列。不拆其实也挺好，就继续住自建房，还好停车不用给物业管理费。;0.001064282673478;0.3082598201974957;0.6665968906842651;0.0026669992813404386
“拆迁”将退出历史舞台，以“搬迁”代替，同时房屋拆迁许可证制度也被废止北京拆迁退出历史舞台首都先行，接下来应该是全国推广。拆迁一夜暴富、钉子户、拆二代这些带着时代烙印的现象和名词，可以扫进历史了。辣叶记事;0.0062792677735206;0.3910198139458429;0.4686192277198074;0.01403180609890601
北京拆迁退出历史舞台说到这个，我就想到，我同事家（北京的）要拆迁了，据说补偿款有好几千万，真是太酸了;0.0001064282673478;-0.6507992873633388;0.6665968906842651;-0.0005630578875258147
北京拆迁退出历史舞台鼓楼就是腾退，给的钱很少，买一居共有产权房都添了万元，关键这种房子没有流通价值，商品房又买不起。;0.0003192848020434;-0.5177847579964421;0.6666854161677557;-0.0013441080000907316
北京拆迁退出历史舞台拆迁暴富的时代结束了北京结束了，外地也别想了。现在回想一下十年前，及更早以前，普通人暴富的机会还是挺多的，时代的红利一轮接着一轮。;0.0110685398041719;0.1916392257441893;0.4113595837069178;0.010640990635274005
北京拆迁退出历史舞台只想说呵呵了，把人从交通方便周边齐全的好地方赶到鸟不拉屎的破地方，不给补偿还理所当然;0.0045764154959557;0.0524655636156166;0.6666854161677557;0.0019521197150785144
北京拆迁退出历史舞台都拆光了？;0.0006385696040868;-0.0923186864450761;0.6665968906842651;-0.00047923314218291645
北京拆迁退出历史舞台广东这边现在都叫旧改了，一样的赔房子赔钱;0.0001064282673478;-0.9995309728027364;0.6665968906842651;-0.0008647732242348411
北京拆迁退出历史舞台也不知道以后会搬迁到哪里？京城的夜色深沉猫眼眼的丫丫的微博视频;0.0007449978714346;0.3184291519241342;0.8144343980032199;0.0023561864956582043
北京拆迁退出历史舞台应该不是字面意义的退出吧？不然动静会很大吧;0.0001064282673478;-0.3646579210590717;0.6665968906842651;-0.00031549438158257363
北京拆迁退出历史舞台幸好哥们家拆迁的早记事以来拆迁了两次记事之前搬了一次家捏;0.0002128565346956;0.9989015663999818;0.6665968906842651;0.0017284573500443718
北京拆迁退出历史舞台萌哒哒的阳光这样不公平，比如一个村的之前拆迁的拿到很多钱，而且还能给养老金。后面的没有拆迁的怎么办，目前什么也没有拿到，为什么一个村的都这么不公平，不符合公平的原则，反对;0.0002128565346956;-0.9403356327954332;0.6847167766440312;-0.0016713467158930512
北京拆迁退出历史舞台说的是集体产权土地和宅基地，土地拍卖还是现金，补偿安置房子，中间商土地财政不受影响、并且补偿周期拉长了（建房到交付）;0.0004257130693912;-0.5190273768956886;0.644556951728923;-0.0017368177480033727
北京拆迁退出历史舞台好多人没看明白，官方只是把拆迁这个词改为搬迁。该补偿房屋面积的还是补偿，只不过超过的就现金补偿，而不是几套房几栋楼的补偿。;0.0004257130693912;-0.86636583116753;0.6665968906842651;-0.0029982461517318246
北京拆迁退出历史舞台拼多多什么时候退出历史舞台？;0.0001064282673478;0.6666666666666665;0.6665968906842651;0.0005767860111494575
北京拆迁退出历史舞台感觉拆迁不公平，因为我家没拆;0.0001064282673478;0.9502698546008196;0.6665968906842651;0.0008221535384261727
汉代陶俑的标准寸照半塑半陶俑（面部），汉景帝阳陵博物院藏五官清晰，眉目清秀、口涂红彩。发式为前额中分向后梳上盘出头顶打结，发髻为黑色。纸上探墓北京拆迁退出历史舞台;0.0015964240102171;0.2707734617091471;0.5759542159858279;0.003036183475552848
北京拆迁退出历史舞台回头成立个工作组就行;0.0006385696040868;-0.6523722991844292;0.6665968906842651;-0.003386512946078887
北京拆迁退出历史舞台所以是以后再也没有拆迁户了的意思吗？好还是不好呢;0.0158578118348233;-0.1050526512138026;0.3634230372278361;-0.007383264610698045
北京拆迁退出历史舞台我们村原来要拆迁结果有一家要一千和套房子然后不拆了。;0.0007449978714346;0.2001598107048403;0.6665968906842651;0.001212218477493191
小少焱的这个说唱好上头呀中华上下五千年就是这么帅不行我得让孩子背下来鹿晗被活蚕蛹吓出山歌北京拆迁退出历史舞台为什么说身体凉命更长投资伯乐的微博视频;0.0039378458918688;0.9865928729759916;0.6723806362829595;0.031856465590375437
北京拆迁退出历史舞台农村人想逆袭的途径没了;0.0001064282673478;0.4073781714437485;0.6665968906842651;0.00035245504580459937
北京拆迁退出历史舞台前几年拆的，只想说给的钱还不如不拆这几年房租赚的多十几年前拆还可能赚点现在没戏拆迁政策复杂着呢;0.0001064282673478;-0.995590495532176;0.6665968906842651;-0.0008613640059844738
北京拆迁退出历史舞台看来仇富的人还是多啊;0.0002128565346956;-0.9490467436339132;0.6665968906842651;-0.0016421906569649603
北京拆迁退出历史舞台安居房在六环开外玉兔捣药;0.0001064282673478;0.2433512953544314;0.6665968906842651;0.00021054243443330406
北京拆迁退出历史舞台拆一代没有了;0.0034057045551298;0.1370160693119334;0.6665968906842651;0.0037933896999269917
楼市事关首付款又一城市稳楼市放大招近日，银川市住房和城乡建设局官网发文，银川住房公积金可支付购房首付。购房职工无需再使用自有资金支付首付，将大大减轻职工家庭购买新建商品房支付首付款的资金压力，进一步支持刚性和改善性住房需求。;0.0001064282673478;0.9754861249694886;0.6665968906842651;0.0008439701264291892
多地宣布公积金可付首付北京商报记者梳理发现，目前已有郑州、银川、贵州、南京、厦门等多地官宣支持提取公积金负担购房首付款。郑州发布的《关于购买新建预售商品住房提取住房公积金支付购房首付款有关事项的通知（试行）》提到，月日起，拟认购郑州市中原区、二七区、金水区、管城回族区、惠济区新建预售商品住房，同时符合购房提取住房公积金条件的职工，可以预提住房公积金支付购房首付款。分析人士指出，允许公积金支付首付款有利于降低购房者的门槛，提高了购房效率，同时也能促进市场活跃度提升，预计后续将会有更多针对公积金方面的调整政策出台，充分发挥公积金政策对住房市场的作用。北京商报的微博视频;0.0004257130693912;0.6241610738255037;0.6673936200356805;0.0021626259827224573
多地宣布公积金可付首付北京商报记者梳理发现，目前已有郑州、银川、贵州、南京、厦门等多地官宣支持提取公积金负担购房首付款。郑州发布的《关于购买新建预售商品住房提取住房公积金支付购房首付款有关事项的通知（试行）》提到，月日起，拟认购郑州市中原区、二七区、金水区、管城回族区、惠济区新建预售商品住房，同时符合购房提取住房公积金条件的职工，可以预提住房公积金支付购房首付款。分析人士指出，允许公积金支付首付款有利于降低购房者的门槛，提高了购房效率，同时也能促进市场活跃度提升，预计后续将会有更多针对公积金方面的调整政策出台，充分发挥公积金政策对住房市场的作用。北京商报北京商报的微博视频;0.0007449978714346;-0.1631796179069305;0.6321466882561925;-0.0009371832398534815
银川：住房公积金可支付购房首付银川房价银川楼市对于公务员和事业单位的人员，这个政策还是很友好的，最起码，可以拿公积金账户几十万的余额抵扣首付款，及时公积金账户用了余额，每个月的公积金进账，也能基本覆盖月供，比那些提高首付万，可好用的多，你举得呢？;0.0002128565346956;0.4301331686260283;0.6665968906842651;0.0007442843837846516
短期供地过多，热门也能变成冷门，前两年滨湖同样出现过这种情况，现在的神盘蘭园、和光尘樾同样滞销，融创滨湖印更是举步为艰，运河新城在前期楼盘还剩余较多库存的情况下，还计划供应宗约亩涉宅用地，任何一个普通人都知道这样供地行不通，不太清楚蜀山区为何会做如此计划？;0.0134099616858237;-0.0930973883635631;0.4559380545004599;-0.006941551965480974
美国决定，帮助乌克兰以更大优势，在更短的时间内结束战争改写战场游戏规则的战斗机，几个月内将正式登场俄乌战场，对苏俄制式的战斗机形成碾压式的降维打击。日本当地时间月日下午，美国总统拜登在日本参加七国集团（）领导人会议期间宣布，他已经批准帮助乌克兰训练战斗机飞行员的计划。拜登表示，已经批准未来几个月可能在欧洲进行的培训计划，同时还与其他领导人宣布了针对俄罗斯的新制裁。拜登还表示，将在训练期间的未来几个月内决定提供时间、提供数量以及由谁提供和其他第四代战斗机供乌克兰作战使用。由于欧洲各国的战斗机，买自美国，当初签订了协议，假如向第三国（乌克兰）转移，必须得到美国的同意在先。在此之前，欧洲各国的援助计划，一直被美国压在案头。如今，美国开了金口，除了美国外，欧洲各国对乌克兰飞行员的培训、飞机的转交工作，已经紧锣密鼓地开展了。乌军将告别和俄军在陆地上，犬牙交错的打法，也不再和主力防守的俄军，进行据点拔牙式的直接面对面的战争。战机投入战场，将彻底改写二战之后最大战争的游戏规则。俄军的空天军，一开始还狂轰滥炸，在“爱国者”反导弹系统到位后，已经龟缩在俄本土境内，只敢远程发射导弹。如今战斗机登场，乌军将取得绝对优势的制空权。俄乌战争将告别过去年多类似于二战一般残酷的战壕、坦克对垒焦土作战方式，转向由空军主导的现代化战争。这种进攻方式，可以最大限度地减少乌军伤亡，同时可从任何地点发起进攻，直接威慑俄本土境内设施和基地。战争在年结束的曙光，已经很近了。;0.009365687526607;0.2242905325883152;0.4732814492918762;0.01212427534943426
在年的某一个深夜我改了推特的介绍为“努力的去见你”当时满心满眼都是努力赚钱供自己读书，也供自己以后去追田馥甄的开销我也告诉自己考进大学的话我就有充分的理由去台湾追到了年因为所以不能去那也变成了我的遗憾年有八个月的假期我却不能去，年我依然还是去不了以前的我总盼望着可以去内地看音乐节，看着内地的田粉总是分享自己美好的记忆，我突然意识到自己没有属于自己的时刻只有羡慕别人能够不断地追她的记忆太空彩排，太空现场两次，其他翻唱，接机听着别人分享总会问自己几时有这个机会今年我追了两个自己最爱的老婆前前后后花了不少但是总告诉自己，努力的去见你（们），没了可以再赚回来，但机会没了就是没了大概是小时候想去团的爱而唯一演唱会却没能去，从那之后就变成了某种遗憾了现在计划去两个星期，我也告诉自己，疯了那也没关系，至少不留下遗憾或许可能这会是自己拥有最美好最难忘的时刻了不必过着一种只能听别人回味自己却发现属于自己的一份也没有;0.0004257130693912;0.5305951516059144;0.6665968906842651;0.0018362391661801028
股市早评一、财经消息、美股三大指数涨跌不一，热门中概股普涨。、商务部：年月，我国对外投资持续增长，对外非金融类直接投资亿元人民币，同比增长、央行：授权全国银行间同业拆借中心公布，年月日贷款市场报价利率（）为：年期为，年期以上为、国家新闻出版署：月国产网络游戏审批信息发布，腾讯旗下《王牌战士》、网易旗下《七日世界》等共款游戏获批。、北京商报：中国工程院院士钟南山表示，月底、月初有一个新冠病毒感染的小高峰，波峰感染数量约万每周。而到月底预测将出现本轮疫情的高峰，感染数量约万每周。二、市场分析、昨天三大指数低开探低回升，全线收涨，上证指数最低探至点回升，反弹当天高点点后回落，遇阻天均线，收盘涨，深成指、创业板基本和上证同步，分别收涨，两市成交量比上周五萎缩，北向资金全天净买入亿。、盘面观察，供销社概念、电力行业、减速器、统一大市场概念等板块涨幅居前，概念、游戏、教育、算力概念等板块跌幅居前。两市个股涨多跌少，超只个股上涨。、板块方面，电力产业链表现强势。消息面，国家发改委对《电力需求侧管理办法（征求意见稿）》《电力负荷管理办法（征求意见稿）》向社会公开征求意见。其中，《电力需求侧管理办法（征求意见稿）》提出，建立和完善需求侧资源与电力运行调节的衔接机制，逐步将需求侧资源以虚拟电厂等方式纳入电力平衡，提高电力系统的灵活性。在利好政策密集推进、实际需求日益旺盛、电力现货市场日益发展等多因素的推动下，能够聚合、优化、协调海量分布式资源的虚拟电厂迎来发展机遇期，预计到年虚拟电厂整体容量空间有望达亿元，到年市场空间或将达亿元。统一大市场概念异军突起，仓储物流板块和供销社概念活跃。国常会研究落实建设全国统一大市场部署总体工作方案或将标志着全国统一大市场建设进程的进一步加速，这将促进规模经济效应的释放，一方面提升有效需求，另一方面便利要素流动，提升资源配置和科技创新效率，为中国经济增长注入新动能。、技术面看，昨日上证指数收出一颗低开冲高遇阻的且上影线较长的阳线，并且量能是继续萎缩的，说明市场观望情绪浓厚。从均线系统来看，上证大盘重新回到了日均线和日均线上方，但依然受到了上方日均线和日均线的压制，技术面上方的压力较大。、总体看，沪指站上日均线，创业板指收十字星，短线维持震荡整理。目前股增量资金仍缺乏，市场流动性处于紧平衡状态。在存量博弈思维下，股的风格轮动或仍延续。股票财经;0.0123456790123456;0.5360495950927892;0.4725322111174544;0.03813616994670514
月维持不变：年期为年期以上为月日，中国人民银行授权全国银行间同业拆借中心公布，年月日贷款市场报价利率（）为：年期为，年期以上为。以上在下一次发布之前有效。据了解，自年月以来，已维持个月不变。;0.0002128565346956;0.0;0.6665968906842651;0.0
年月日贷款市场报价利率（），连续个月不变买房买房小知识房地产;0.0006385696040868;0.970432666691385;0.6839049006202952;0.005168387503876514
刚刚公布最新报价已连续月保持不变社会热点正发声中国人民银行授权全国银行间同业拆借中心公布，年月日贷款市场报价利率（）为：年期为，年期以上为。以上在下一次发布之前有效。已连续月保持不变，对此你怎么看？贷款市场报价利率连续两个不调整展开;0.0002128565346956;0.9924985384680132;0.6665968906842651;0.0017173778192238955
月日午间资讯汇总年月日贷款市场报价利率（）为：年期为，年期以上为网页链接;0.0003192848020434;0.5887901057782059;0.8676024427416413;0.001989047793006701
利率报价中国人民银行授权全国银行间同业拆借中心公布，年月日贷款市场报价利率（）为：年期为，年期以上为。两个品种均与上月水平持平。经济，楼市，股市，需要一点刺激了;0.0012771392081736;0.6290457015942106;0.867486985443395;0.008499025013407545
房产资讯月报价出炉：年期和年期均维持不变中国人民银行授权全国银行间同业拆借中心公布，年月日贷款市场报价利率（）为：年期为，年期以上为。以上在下一次发布之前有效。（福州微博房产）;0.0001064282673478;0.8515966131486865;0.6665968906842651;0.000736783520409628
连续月不变央行公布月报价月日，中国人民银行公布最新全国银行间同业拆借中心受权公布贷款市场报价利率（）公告。中国人民银行授权全国银行间同业拆借中心公布，年月日贷款市场报价利率（）为：年期为，年期以上为。以上在下一次发布之前有效。年期贷款市场报价利率（）和年期以上，均连续个月维持不变。深圳房产新闻;0.0002128565346956;-0.507213864905411;0.6665968906842651;-0.0008776615858154756
明年能不能降到？中国人民银行授权全国银行间同业拆借中心公布，年月日贷款市场报价利率（）为：年期为，年期以上为。以上在下一次发布之前有效。贷款市场报价利率;0.0008514261387824;-0.1173245968435465;0.5883609560514359;-0.000716746526360035
房产资讯月报价出炉：年期和年期均维持不变中国人民银行授权全国银行间同业拆借中心公布，年月日贷款市场报价利率（）为：年期为，年期以上为。以上在下一次发布之前有效。;0.0001064282673478;0.8515966131486865;0.6665968906842651;0.000736783520409628
月贷款市场报价利率不变今天（月日），中国人民银行授权全国银行间同业拆借中心公布，年月日贷款市场报价利率（）为：年期为，年期以上为，均与上月持平。网页链接（央视财经）;0.0001064282673478;0.2877814258285525;0.6665968906842651;0.00024898245102983145
确保国家基本养老服务清单“承诺必达”民政部养老服务司有关负责同志就《关于推进基本养老服务体系建设的意见》答记者问政策解读中国政府网手机浏览器确保国家基本养老服务清单“承诺必达”民政部养老服务司有关负责同志就《关于推进基本养老服务体系建设的意见》答记者问;0.0001064282673478;-0.2401529317218223;0.6057946679076245;-0.0001888234957121533
年翻译硕士考研：英语翻译基础：词条翻译热词（坚持就是胜利，）今日热词练习：）基本养老服务体系建设今日热词：）民族乐器）有旋律的）打击乐器）超凡脱俗的气氛）播放时间）全部曲目展开;0.0002128565346956;0.0;0.6665968906842651;0.0
国家养老清单《关于推进基本养老服务体系建设的意见》国家养老条《关于年调整退休人员基本养老金的通知》;0.0001064282673478;-0.5024286652887742;0.6665968906842651;-0.00043469073860858705
发布了头条文章：《民政部养老服务司有关负责同志就《关于推进基本养老服务体系建设的意》;0.0001064282673478;0.636462685390601;0.6665968906842651;0.0005506541603278755
一起做个题年月日，中办、国办印发的《关于推进基本养老服务体系建设的意见》发布。它制定的《国家基本养老服务清单》以保障老年人的基本生活安全为主线，并分别明确了每个项目的服务对象和内容。将养老服务划分为基本养老服务和非基本养老服务，并且用清单化、标准化的方式将基本养老服务作为什么？考研杨加讲超话时事杨加讲决战考研;0.0018092805449127;0.9999980807938949;0.6666854161677557;0.014709968312197114
年翻译硕士考研：英语翻译基础：词条翻译热词（坚持就是胜利，）今日热词练习：）第三届中国中东欧国家博览会今日热词：）脱口秀）无限期暂停演出）擅自改动内容）行政处罚）没收）演出经纪人）演出场所经营单位）线下演出）基本养老服务体系建设）个人养老金）人口老龄化）人口高质量发展翻硕君超话翻硕翻译硕士考研英语笔译笔译翻译;0.0003192848020434;0.8548081215683816;0.6667739416512463;0.002219275442789348
民政部养老服务司解读《关于推进基本养老服务体系建设的意见》中共中央办公厅、国务院办公厅印发了《关于推进基本养老服务体系建设的意见》，并发出通知，要求各地区各部门结合实际认真贯彻落实。民政部养老服务司有关负责同志就《意见》制定印发和贯彻落实相关问题，回答了记者提问。具体请看;0.0002128565346956;0.636462685390601;0.6665968906842651;0.001101308320655751
人民日报发文，低龄健康老人是新红利人口结构呈现少子化和老龄化。少子化和老龄化是我国经济社会发展到一定阶段的客观结果。问：面对人口发展的新变化，如何正确看待当前我国人口形势？答：人口高质量发展是中国式现代化的有力支撑，关乎亿万家庭幸福安康、关乎中华民族世代永续。关于我国人口发展形势，有以下几方面基本判断：我国人口基数大、人口众多的基本国情没有改变。按照党的二十大总体部署，我国亿多人口将整体迈进现代化社会，规模超过现有发达国家人口的总和，艰巨性和复杂性前所未有。同时，人口规模巨大意味着我国拥有超大规模国内市场优势。在实施扩大内需战略中，充分释放这一巨大的市场优势，促进消费提质扩容，能够为我国经济社会发展提供强大动力。人口红利向人才红利转变的潜力巨大。目前，我国至岁劳动年龄人口近亿人，总量位居世界第一。新增劳动力平均受教育年限达年，劳动年龄人口平均受教育年限年。未来一段时期，我国劳动力总量仍保持足够规模，随着高等教育普及加快和劳动者的新老交替，劳动力素质将不断提高，人力资本存量将持续提升，人口红利有望加快向人才红利转变。我国人口结构中的“新红利”有待挖掘。第七次全国人口普查数据显示，我国低龄健康、基本健康的老年人规模达到亿人。他们综合素质高、经验丰富，再就业和志愿服务等社会参与热情高，是宝贵的社会财富，是中国式现代化建设中的“新红利”。问：面对人口发展新常态，应如何应对？答：人口发展形势对国家发展和经济社会运行的影响长期而深远，应加快完善人口服务体系，促进人的全面发展。一是构建家庭支持政策。着力加强更有助于家庭整体发展的社会政策，在生育政策、假期政策、住房政策等领域更多地向家庭整体倾斜，提高家庭人口再生产能力，保护和增强家庭对社会的基础支撑作用。二是完善养老服务体系。强调家庭对健康养老的重要作用，加强社区居家养老服务的支撑能力，实现机构的辐射功能，建立起健康养老服务体系的正向激励政策体系，在全社会树立起健康老龄化的思想观念。三是完善托育服务体系。扩大普惠托育市场规模，加大群众急需的优质放心的托育服务供给，鼓励各地创新“托幼一体化”模式，优化升级儿童用品市场。四是积极开发人力资源储备。综合考虑人均预期寿命提高、人口老龄化趋势加快、受教育年限增加、劳动力结构变化等因素，以大龄劳动力资源为重点，提升大龄劳动者技能，开发更适合大龄劳动者的岗位，促进大龄劳动者更好地参与社会建设，实现劳动参与率和劳动生产率双提升。;0.0123456790123456;0.1755965739457089;0.4548921124629042;0.012026108789990905
月日完整版新闻月日，中办、国办印发《关于推进基本养老服务体系建设的意见》，并首次公布《国家基本养老服务清单》，旨在实现老有所养老有所依所必需的基础性、普惠性、兜底性服务。到年，基本养老服务体系将覆盖全体老年人。新闻今晚邀请全国老龄委专家委员会委员、中国人民展开;0.0003192848020434;0.5297450424929182;0.6667739416512463;0.001375338083577023
确保国家基本养老服务清单“承诺必达”《关于推进基本养老服务体系建设的意见》月日公开发布。当中，基本养老服务内容有哪些？如何提供这些服务？在我国各地区的发展仍不均衡，老龄化程度差距明显的背景下，应当如何实现基本养老服务的公平保障？民政部养老服务司有关负责同志这样回答;0.0001064282673478;0.636462685390601;0.6666854161677557;0.0005507272883704156
刚去某学校递交我儿子的个人资料（简历）（儿子小升初），门卫说你家就这么简单啊？我说是的。门卫接着说你家的太简单了，没有人家像你家这样的，别人都是一本书似的，我可不保证招生办看你家孩子的简历。我说先这样吧。边开车往家走，边想一个岁的即将升初一的娃娃，得多丰富的简历才能进了学校老师的法眼？我想着简历里就是基本信息，一目了然不挺好的吗？这社会病了，病的很重我看海南自贸港的建设和发展海南自贸港建设;0.0002128565346956;-0.0958082131550741;0.6666854161677557;-0.00016580452757297793
海南自贸港建设摘要：本文主要探讨了当前我国民营企业面临的营商环境问题，并提出了优化民营企业营商环境的建议。其中，完善政策支持、加强基础设施建设、加强政企合作等方面是优化民营企业营商环境的关键。关键词：民营企业；营商环境；优化民营企业是我国经济发展的重要动力和主体，对于促进经济增长、增加就业、推动创新发展等方面发挥着重要作用。然而，由于受到多种因素的影响，民营企业在发展过程中面临很多困难和挑战，其中营商环境问题是制约民营企业发展的一个重要因素。因此，优化民营企业营商环境，促进民营企业的稳健发展，已经成为当前亟待解决的问题。自贸港新视界海南省人民政府网站海南廖孝炳中国政府网特刊民营企业营商环境优化建议探讨;0.0020221370796083;0.4355297446082937;0.5468291349469199;0.005873077902588899
海南省召开湛海高铁项目建设动员部署会月日，海南省召开湛海高铁项目建设动员部署会，强调要把思想和行动统一到重要批示精神上来，切实提高政治站位，按照省委、省政府工作部署，以强烈的历史使命感和等不起的紧迫感、慢不得的危机感，统筹调度各方面积极因素，全力以赴加快推进项目建设，把湛海展开;0.0003192848020434;0.9649045977995754;0.6666854161677557;0.0025047782291723053
深圳统租保租房方面，政府应该做增量，想办法增加新的供应，而不是与市场抢存量。否则，又会将住房租赁市场变成另一个混乱的商品房市场。城中村纳入深圳保租房需不少于年;0.0012771392081736;0.1191724000943958;0.6665968906842651;0.0012372655192119683
上海租房超话泗泾站地铁口公寓分钟直达漕河泾分钟直达徐家汇保障性住房人才公寓民用水电燃气厨房办居住证租赁备案朝南带阳台卫生间干湿分离押一付一该房源位于泗泾地铁站）;0.000532141336739;-0.5345266947706144;0.6665968906842651;-0.002312306400972348
王炸消息：地产转向？地产王炸来啦深圳市多部门联合发布了大改革规划，重点就是共有产权房和公租房。如果深圳试点成功，未来就会辐射全国。内容简单，但是信息量很大，我给大家总结出三大点。、公共租赁住房租金为同期同期。市场参考租金的左右。、保障性租赁住房租金不超过同期同地段同品质市市场的。、共有产权住房的销售价格。按照土地出让时市场参考价格的左右确定。这样的改革意味着什么呢？共有产权房半价，会让很多渴望房子的年轻人能够快速入市。本来要卖万的房子，现在只要万，直接打对折，只是产权共有，并不影响居住。钱多买好房，钱少买共有房。其次，往深入思考，这能带动土地销量，维持地方土地收入，更能让楼市带动整个消费。还依然稳住房住不炒。这话怎么说呢？因为共有产权房的大量推广，商品房需求减少，房价也就正常了。是不是整个经济又重新启动了？民不加赋，而国用足？最后从大来说，房地产板块今年也算是稳住了，系统性风险瓦解。其实这也早已反应，在大盘上，大金融止跌企稳，不就是最好的答案吗？共有产权房对不少年轻人来说，对吧？;0.0004257130693912;0.4032407867296144;0.6666854161677557;0.0013956871950767352
根据《北京市住房和城乡建设委员会关于进一步加强公共租赁住房分配管理的通知》第四条，产权单位公告规定的申请期限届满后仍未配租的房源，可以面向社会单位组织本市城镇户籍无房职工集体租赁，承租一间公租房，在没有明确社会单位组织退出条件，却以重点保障公共服务行业以及解决符合条件的新北京人、青年人的住房困难为由不再与一般社会单位组织签订租赁合同，这到底是考虑了北京市谁的住房情况，是谁开着奔驰宝马住着保障性公租房？新闻特别关注北京新闻广播北京;0.0011707109408258;-0.069928361198145;0.60679194362878;-0.0006057989775274017
以涨价解决“住”的问题，就是在耍流氓作者：燕大来源：乌有之乡网站转自燕财局公众号年轻人想到大城市找机会或也将越来越难。昨天聊深圳统租房，其实月份统租房刚传出消息我就在关注，后面听到房租变相加价，就知道所谓“为加快解决新市民、青年人等群体住房问题”变成了嘘头。除展开;0.0031928480204342;0.6087319552525506;0.8833845257242791;0.020938223778017094
西安个保租房项目来了看看哪个离你最近近日，西安市住建局公示年认定的第一批个保障性租赁住房项目。西安保租房;0.0003192848020434;-0.9538348993318572;0.694722767042642;-0.0025801721852316433
北京超话开放活力看朝阳北京朝阳套房源即将完成建设筹集住有所居、安居宜居。预计今年年底，朝阳区将完成建设筹集保障性租赁住房套（间），安置房套，竣工各类保障性住房套（间），让更多群众实现“安居梦”。;0.0004257130693912;0.9699941657808884;0.6665968906842651;0.0033568743943140265
深圳投亿改造城中村，要做最大“二房东”？白芒村位于深圳南山西丽，与宝安区石岩街道相邻，是深圳一处典型的城中村。白芒村搬迁通知，正式揭开了深圳“统租”的大幕。所谓的“统租”，指的是由政府主导，从房东手中统一租赁房源，进行装修、改造后，再出租给特定群体。可以看出，政府一手托房东，一手托租客，做的是“二房东”的事情。今年月日，深圳市属国企人才安居集团旗下的深圳市安居微棠住房租赁投资控股有限公司正式揭牌。安居微棠公司，就是这次“统租”行动的“二房东”。这个“二房东”，不简单。安居微棠公司注册资本亿，还获得了国家开发银行、工商银行、建设银行、中国银行、农业银行等大银行的亿元银行授信支持。除了安居微棠公司这家大的“二房东”，深圳市人才安居集团还与宝安、龙华、光明区签署了战略合作框架协议，共同出资成立区级城中村改造公司，即小的“二房东”。深圳城中村规模化统租改造，随即开始。深圳为何要投入这么多资金，来“统租”城中村？根源，还是房价太高了。众所周知，深圳的房价之高，位于全国前列。为了吸引年轻人，解决新市民的住房问题，深圳一直在建设保障性住房。以前，深圳采取的策略是紧盯增量，开工建设一批保障房。但要知道，深圳寸土寸金，土地资源本来就稀缺，新房建设成本也不低，新建保障房压力颇大。现在，深圳换了一个思路，盘活存量。即政府主导改造现有的房源，将其转化为保障性租赁住房。根据深圳市规土委的调研数据显示，深圳城中村用地总规模约平方公里，约占深圳土地总面积的，至少提供万套房源。这里面，改造的空间很大。这便是“统租”的由来。这一方式有几个好处：一是改善城中村的居住环境。城中村大多存在房屋老旧、管线老化等问题，部分还有消防、安全隐患。政府主导介入改造，能够提升环境，增加配套，消除隐患。二是提供高品质的租赁房源。城中村租房价格虽然便宜，但租客也备受房东随意涨价、租期不稳的困扰。“统租”提供的房源，经过改造后，居住环境、品质大为提升，价格更为透明，租期也更为稳定，有利于保障租客的利益。三是政府的支出更低。改造房屋，比新建房屋成本更低，有利于节约政府开支。今年，深圳计划通过城中村规模化品质化改造提升，筹集保障性住房万套（间），约占全市城中村租赁住房总量的。整体看，城中村改造，确实是一个不错的思路。来风闻看全文，参与更多讨论深圳投亿改造城中村，要做最大“二房东”？;0.0095785440613026;-0.0428251127766942;0.5067786360306169;-0.0025351404067160827
深圳光明保障房预计后年竣工约套房据了解，光明万丈坡保障房项目计划年竣工，建成后将提供保障性住房约套。项目位于光明街道华夏路与牛山路交会处西北侧，据了解，目前项目进度为基坑支护桩、冠梁、内支撑完成，工程桩完成，土方开挖完成。项目于年月进入开工建设展开;0.0097914005959982;0.39147408360294;0.5778539700151992;0.02701168267798276
白话数据年月日建委新房住宅网签套，二手房住宅网签套（网签数据有滞后）。大中介前台挂牌房源量套（中介春节休假前），持续关注。昨日热点：紫金书院获预售许可证，均价约万；朝阳区今年将建设筹集万套保障性租赁住房；年全国结婚登记数据为万对，较年全年数量万对下降；离婚登记万对，比上年下降。;0.0064921243082162;-0.0718386995973006;0.417683833523437;-0.002375629216610883
走进天府前湾纪实（四）今日再赴前湾，比之此前，不少惊喜，甚至孕育出更多希望。从沈阳路地铁口出来，眼前赫然出现几个醒目的大字：合能麓山天筑。每个字拆开看，似乎都包含着无穷的力量，让人奋进不息，可是已破产清算的开发商到底能否找到下一个实力不俗、又能带来变革的接盘手，也许只有天知展开;0.0056406981694338;0.6939023333300147;0.5767969069576208;0.027532131464770807
央行下调常备借贷便利利率个基点财联社月日电，央行下调常备借贷便利利率，隔夜期下调个基点至，天期下调个基点至，个月期下调个基点至。：界面的微博视频;0.0004257130693912;0.0;0.6666854161677557;0.0
央行数字货币超话利好央行重磅官宣：降息个基点年月日中国证券报在月日公开市场逆回购操作利率和各期限常备借贷便利利率均下调个基点后，“麻辣粉”（）降息也应声落地月日，人民银行开展亿元年期（中期借贷便利，市场俗称“麻辣粉”）操作，中标利率为，较上月下降个基点。;0.0001064282673478;0.9999942588879334;0.6665968906842651;0.0008651740496344936
刚刚，央行正式官宣：降息为维护银行体系流动性合理充裕，年月日人民银行开展亿元中期借贷便利（）操作和亿元公开市场逆回购操作，充分满足了金融机构需求。中标利率分别为和，继逆回购利率下调后，中标利率正式下调个基点。中标利率已经持续个月未降，本次直接下降了个基点。天后（月日）即将公布的利率，房贷利率是否再次下降？央行下调常备借贷便利利率个基点;0.0136228182205193;0.2562396031284953;0.5807666173041693;0.024722965451883697
“降息”中国央行将利率下调，中国央行今日进行亿元一年期（中期借贷便利：央行提供中期基础货币的货币政策工具），利率，此前为。今日有亿元到期。后续关注号的（贷款基准利率）央行下调常备借贷便利利率个基点;0.0011707109408258;0.8421052631578949;0.6665968906842651;0.008014289839129309
我查了一下、当今世界大事频发，有降息的国家，也有涨息的。;0.001064282673478;0.4768229257996406;0.9849767233302232;0.006095730949695932
央行下调常备借贷便利利率个基点参考了解下;0.0011707109408258;-0.0551799303931907;0.6004018901220939;-0.0004729972094827983
月美联储大概率的停止加息，加上昨天央行下调常备借贷便利利率，隔夜期下调个基点至，传递出政策利率有松动的迹象，所以，今天工业品指数报收大阳线，可能反弹随时会结束，再一次的建议大家：短期休息观望，不要追涨。;0.0024478501489995;0.2233393370888399;0.5029010439285715;0.0033528821614362543
午后市场发生了什么？原因找到了一、弟兄们稳住，不要慌。从盘面看，午后市场再次小幅回落，三大指数全面小阴线调整，两市个股也是跌多涨少，市场赚钱效应不强。但需要注意的是，大消费和制造业依然强于大势，这说明什么？答：说明机构们在真做多，目前市场唯一不好的负面消息就是人民币居高不下，对大盘形成压制，但问题不大，人民币应该也快结束贬值回升了。二、另外就是注意这个大信号。昨天一天之内两次“降息”释放不同凡响的大信号，政策刺激这是要火力全开的节奏啊，如果我没预料错，大放水悄悄的开始了。昨天上午逆回购工具降息，昨晚据央行官网消息，央行下调常备借贷便利利率（），隔夜期下调个基点至，天期下调个基点至，个月期下调个基点至。三、昨晚这次降息确实来的很突然，说明政策对这次提振经济迫在眉睫了，出手速度很快，下半年经济将从弱复苏逐渐提速。年初文章就给大家讲过，美联储连续加息压制了咱们刺激经济的手段，等美联储加息触顶的时候，咱们国内自然会降准降息提振经济。现在回想这段话，绝对解读正确。而且看架势，货币政策已经进入新一轮降息降准的周期，更大更全面的降准降息已经在路上了。只要是懂点金融市场的人就会知道，今日市场跌不下去的。四、另外，就是昨晚披露的这些国内数据，整体还是可以的，并不是很多人解读的利空，居民存款已经开始减少，这就是好消息，所以金融数据一定要结合市场的位置和经济形势去分析，而不是单纯的看百分比。、央行：月社会融资规模增量为万亿元比上月多亿元、央行：月货币供应量同比增长预估为、央行：月份人民币贷款增加万亿元同比少增亿元、央行：月份人民币存款增加万亿元同比少增万亿元五、所以总结，现在策略就是做多市场，持股持基待涨就行了，至于今天午后市场出现回落，别太当回事，内容不便细说，就是双方电话各自阐明立场罢了，没啥的。今日看盘美股股;0.0023414218816517;-0.1752926999297775;0.6274882967371491;-0.0031407606104592208
中国人民银行：下调常备借贷便利利率（）个基点金融超话经济超话财经资讯央行下调常备借贷便利利率个基点个基点如小意小额贷的微博视频;0.0001064282673478;0.9988073954346272;0.6665968906842651;0.0008641472002789765
今天开始有举手内参的整数可以发一下就一天，看了一下盘面小谈自己的感觉与盘子黑色品的位置小看法。消息面不多说了，网上都有央行开展亿元天期逆回购操作，中标利率，较前日下调个基点，为年月以来首次调整，并创历史新低。央行还同步下调常备借贷便利利率个基点，隔夜、天、个月期分别下调至、和。美国月同比上升，连续第次下降，创年月以来新低，预估为，前值为。数据公布后，市场普遍预期美联储将在本周的政策会议上暂停加息基本以可能的降息或降准、新债增发为主的宏观利多。那么降息后能更大程度的促使钱更多的流入市场。活跃市场，活跃实体，活跃经济，从美国的情况看也相对是利多消息。港口市场呈现弱稳走势，上游受成本倒挂影响，报价坚挺低价不愿出货，需求询货量略增加，但也在压价采购，报还盘价差较大，成交较少。部分市场参与者表示，近期刚需补货支撑价格下行节奏有所放缓，在长协价附近低位震荡运行。华南某电厂大卡煤中标价，元，较上周中标价下降元，再次回到前期低点。进口商表示，高卡进口煤货盘不多，预计后期跌幅有限，相比之下，印尼中低卡尤其中卡价格倒挂较多，预计后期还有一定下降空间或将迎来短春调研了解到秦皇岛市本轮限产后，该市家钢厂表示计划烧结限产，因此高炉需要适当控产但非限产和停产。;0.0014899957428693;0.3706104675064613;0.4554651478430837;0.0030672103552041485
股票超话中国央行宣布下调常备借贷便利利率个基点，政策利率降息进行时国内宏观中国央行本轮政策利率降息正持续推进中，在周二早间调降公开市场逆回购利率后，央行当晚宣布常备借贷便利（）跟进降息，幅度与逆回购一致均为个基点（）。分析人士认为，国内银行新一轮存款利率下调之际，市场资金利率亦低位徘徊，央行此举将进一步推动资金向实体经济流动，亦意味着后续包括（中期借贷便利）及（贷款市场报价利率）在内的新一轮“降息”之门开启。本周末大概率会开启降息之窗财经;0.0273520647083865;0.9995990690656704;0.6665968906842651;0.2222618599010262
央行下调常备借贷便利利率，隔夜期下调个基点至，天期下调个基点至，个月期下调个基点至。央行下调常备借贷便利利率个基点;0.0001064282673478;0.4701593238379957;0.6665968906842651;0.0004067719815018654
“常备借贷便利利率”是啥？说起来比较专业、比较难懂，简言之就是央行为了解决流动性问题的一种货币政策工具。下调这一利率有助于降低实体经济融资成本，助力稳增长。在我看来近期“存款利率”、“逆回购利率”、”常备借贷便利利率”的连续下调反应出银行的“窘境”，也是为了刺激信贷需求、推动消展开;0.0001064282673478;0.1072815778655202;0.6665968906842651;9.281777005031002e-05
利好来了，股起码得涨一个上午。中国央行意外“降息”，将天期逆回购利率下调个基点，下调常备借贷便利利率个基点，分析称后续利率体系的同步下调是大势所趋。中国月新增社融和新增人民币贷款均较去年同期下降，社融新增万亿元，居民中长期贷款增加亿元，居民存款增加亿元，剪刀差缩窄。发改委等四部门：推动贷款利率稳中有降，引导金融资源精准滴灌。;0.001064282673478;-0.2000000000000004;0.6665968906842651;-0.0017303580334483764
央行年内首次降息，市场预计利率和下调可能性较大月日，中国人民银行发布公告称，为维护银行体系流动性合理充裕，以利率招标方式开展了亿元天期逆回购操作，中标利率下降个基点至，为去年月中旬以来首次下调。同日，央行下调常备借贷便利利率，隔夜期下调个基点至，天展开;0.0002128565346956;-0.7409747082032472;0.6667739416512463;-0.0012824920838190085
央行下调常备借贷便利利率个基点：政策转向，全力拼经济财联社月日电，央行下调常备借贷便利利率，隔夜期下调个基点至，天期下调个基点至，个月期下调个基点至。;0.0006385696040868;-0.1996771263115884;0.6666854161677557;-0.0010366764133770724
早盘：央行下调常备借贷便利利率，虽然都是短期的。也是维护金融机构之间的流动性。只能说是个小小利好盘面：继续等待中阳突破区域;0.0002128565346956;0.8357487922705313;0.6665968906842651;0.0014461446366500893
央行下调常备借贷便利利率个基点发改委昨天宣布利率郑策以后稳中有降，这等于正式进入降息周期，大势已定之前降存款利率，并不能给股市带来增量资金。但降贷款利率就不一样了。这会降低企业和投资机构的资金成本。小股民无所谓，反正都是自己的钱，又不贷款。但大机构的钱大多来自企业，核算资金成本是企业会计重要工作。资金成本低了，企业能拿出来的钱就多。股市不好，但买业绩稳定分红多的大蓝筹还是划算的。中特估首当其冲。;0.0017028522775649;0.1437195764241737;0.6667739416512463;0.00199001900619017
国务院常务会李强主持召开国务院常务会议研究推动经济持续回升向好的一批政策措施审议通过《加大力度支持科技型企业融资行动方案》审议通过《私募投资基金监督管理条例（草案）》讨论《中华人民共和国学位法（草案）》;0.018199233716475;0.99610003491766;0.7902990817210377;0.17471622491951344
李强主持召开国务院常务会议研究推动经济持续回升向好的一批政策措施审议通过《加大力度支持科技型企业融资行动方案》审议通过《私募投资基金监督管理条例（草案）》讨论《中华人民共和国学位法（草案）》;0.018199233716475;0.0;0.7876997520994145;0.0
逆周期调节政策性金融要发挥逆周期调节作用，加大对符合国家发展规划和产业政策导向重大项目的融资支持力度，兼顾好经济效益和社会效益。展开;0.0031928480204342;0.0238095238095236;0.6894850029455613;0.0006392039983031324
盘前热点事件一、股首单房企重组项目注册生效招商蛇口发行股份购买资产并募集配套资金申请获证监会注册生效，成为中国证监会关于资本市场支持房地产企业股权融资政策出台后，股市场首单成功取得注册批文项目，标志着房企股权融资“第三支箭”在实操层面的正式落地。房地产：招商蛇口、特发服务、中交地产、沙河股份、华联控股、万通发展二、华为轮值董事长：到年人工智能算力将增加倍、华为轮值董事长胡厚崑今天在年工商领导人中国论坛上表示，以为代表的新的人工智能时代已到来，所有的个人、工业应用都将被这种新的人工智能所改写。由于计算无所不及，以及算力需求的成倍增长，如到年，通用算力将增加倍，人工智能算力将增加倍，我们将建设大量的数据中心、人工智能计算中心等基础设施。、大数据、人工智能等领域的快速发展推动算力需求（特别是大模型和行业应用等方面）迅速增长。据了解，需求旺盛并已陷入供应短缺，即使付款抢到订单，拿货也可能需要等上半年。从价格层面看，多款价格从、月至今涨幅接近。月份的时候（订单）大概还能排到月份，现在已经到明年上半年了。这一背景下，租用计算资源的算力租赁模式当前正在兴起。算力数据中心：美利云、云赛智联、利通电子、城地香江、浪潮信息算力光模块：华西股份、高斯贝尔、光库科技、富信科技、天通股份三、百亿光刻胶概念股单季净利料创历史新高总市值近亿元的光刻胶概念股容大感光周末公告，预计上半年实现净利润万元万元，同比增长。谈其业绩预增的原因，容大感光在公告里表示，本期公司销售毛利率上升以及公司股权激励费用下降。光刻胶：容大感光、南大光电、同益股份、晶瑞电材、彤程新材四、国常会审议通过《私募投资基金监督管理条例草案》公募基金近日正式推出交易员、审议通过《私募投资基金监督管理条例草案》。会议指出，近年来，我国私募投资基金行业发展较快，在服务实体经济、支持创业创新等方面发挥了积极作用。制定专门行政法规，将私募投资基金业务活动纳入法治化、规范化轨道进行监管，有利于更好保护投资者合法权益，促进行业规范健康发展。对不同类别私募投资基金特别是创业投资基金实施差异化监管，抓紧出台促进创业投资基金发展的具体政策。、兴证全球日前宣布，旗下交易员正式上线，成为首家将技术应用于资金交易领域的基金公司。兴业基金也官宣，自研开发“兴小二”债券交易机器人，兴业基金也由此成为在外汇交易中心平台首家上线智能询价机器人的公募基金公司。金融：同花顺、财富趋势、金证股份期货：弘业期货、瑞达期货券商：国盛金控、中国银河、首创证券、信达证券五、马斯克：计划今年进行首例脑机接口人体试验马斯克在法国巴黎的活动上表示，他的脑机接口创业公司计划今年进行首例人体试验。马斯克说，打算在一名四肢瘫痪或截肢的患者身上植入一个设备。脑机接口：创新医疗、三博脑科、冠昊生物、爱朋医疗六、月日腾讯大模型及应用产品发布会腾讯集团高级执行副总裁、云与智慧产业事业群汤道生表示，腾讯正在研发类聊天机器人，聊天机器人将集成到微信、以及通过腾讯云向端提供的用户服务中。无论实在端还是端，价值稀缺、价值潜力巨大。在广告领域，腾讯混元大模型能够支持广告智能制作，即利用将广告文案自动生成为广告视频，大大降低了广告视频制作成本。随着腾讯大模型发布落地，后续在行业端及端的应用有望带来巨大的商业潜力。腾讯大模型：岭南股份、世纪华通、天地在线、华塑科技七、五部门印发《关于金融支持全面推进乡村振兴加快建设农业强国的指导意见》加强乡村基础设施建设支持。鼓励建立健全农业农村基础设施建设融资项目库，强化信息共享和服务对接，加大对产业园区、旅游景区、乡村旅游重点村一体化建设信贷支持力度。在依法合规前提下，根据借款人资信状况和偿债能力、项目建设进度、投资回报周期等，创新匹配度高的金融产品和融资模式，合理满足农村规模化供水工程建设和小型供水工程标准化改造等金融需求。鼓励金融机构通过组建银团等方式，合力支持乡村基础设施建设。乡村振兴：天鹅股份、中农联合、中粮科工、智慧农业八、深圳将签订南方区域虚拟电厂首个并网调度协议南方电网电力调度控制中心主管邓韦斯在虚拟电厂与电力市场发展论坛上表示，虚拟电厂以怎样的主体身份参与电网，目前在国家现有规范和顶层设计中，定义暂时并不明确。但虚拟电厂作为市场主体，要与电网签订三个协议，即并网协议、购售电合同和并网调度协议。南方电网预计于今年以深圳作为试点，签署南方区域首个并网调度协议。虚拟电厂：迦南智能、万胜智能、国能日新;0.0020221370796083;-0.0546251141775286;0.6666854161677557;-0.0008980687984867806
一、股首单房企重组项目注册生效招商蛇口发行股份购买资产并募集配套资金申请获证监会注册生效，成为中国证监会关于资本市场支持房地产企业股权融资政策出台后，股市场首单成功取得注册批文项目，标志着房企股权融资“第三支箭”在实操层面的正式落地。房地产：招商蛇口、特发服务、中交地产、沙河股份、华联控股、万通发展二、华为轮值董事长：到年人工智能算力将增加倍、华为轮值董事长胡厚崑今天在年工商领导人中国论坛上表示，以为代表的新的人工智能时代已到来，所有的个人、工业应用都将被这种新的人工智能所改写。由于计算无所不及，以及算力需求的成倍增长，如到年，通用算力将增加倍，人工智能算力将增加倍，我们将建设大量的数据中心、人工智能计算中心等基础设施。、大数据、人工智能等领域的快速发展推动算力需求（特别是大模型和行业应用等方面）迅速增长。据了解，需求旺盛并已陷入供应短缺，即使付款抢到订单，拿货也可能需要等上半年。从价格层面看，多款价格从、月至今涨幅接近。月份的时候（订单）大概还能排到月份，现在已经到明年上半年了。这一背景下，租用计算资源的算力租赁模式当前正在兴起。算力数据中心：美利云、云赛智联、利通电子、城地香江、浪潮信息算力光模块：华西股份、高斯贝尔、光库科技、富信科技、天通股份三、百亿光刻胶概念股单季净利料创历史新高总市值近亿元的光刻胶概念股容大感光周末公告，预计上半年实现净利润万元万元，同比增长。谈其业绩预增的原因，容大感光在公告里表示，本期公司销售毛利率上升以及公司股权激励费用下降。光刻胶：容大感光、南大光电、同益股份、晶瑞电材、彤程新材四、国常会审议通过《私募投资基金监督管理条例草案》，公募基金近日正式推出交易员、审议通过《私募投资基金监督管理条例草案》。会议指出，近年来，我国私募投资基金行业发展较快，在服务实体经济、支持创业创新等方面发挥了积极作用。制定专门行政法规，将私募投资基金业务活动纳入法治化、规范化轨道进行监管，有利于更好保护投资者合法权益，促进行业规范健康发展。对不同类别私募投资基金特别是创业投资基金实施差异化监管，抓紧出台促进创业投资基金发展的具体政策。、兴证全球日前宣布，旗下交易员正式上线，成为首家将技术应用于资金交易领域的基金公司。兴业基金也官宣，自研开发“兴小二”债券交易机器人，兴业基金也由此成为在外汇交易中心平台首家上线智能询价机器人的公募基金公司。金融：同花顺、财富趋势、金证股份期货：弘业期货、瑞达期货券商：国盛金控、中国银河、首创证券、信达证券五、马斯克：计划今年进行首例脑机接口人体试验马斯克在法国巴黎的活动上表示，他的脑机接口创业公司计划今年进行首例人体试验。马斯克说，打算在一名四肢瘫痪或截肢的患者身上植入一个设备。脑机接口：创新医疗、三博脑科、冠昊生物、爱朋医疗六、月日腾讯大模型及应用产品发布会腾讯集团高级执行副总裁、云与智慧产业事业群汤道生表示，腾讯正在研发类聊天机器人，聊天机器人将集成到微信、以及通过腾讯云向端提供的用户服务中。无论实在端还是端，价值稀缺、价值潜力巨大。在广告领域，腾讯混元大模型能够支持广告智能制作，即利用将广告文案自动生成为广告视频，降低了广告视频制作成本。随着腾讯大模型发布落地，后续在行业端及端的应用有望带来巨大的商业潜力。腾讯大模型：岭南股份、世纪华通、天地在线、华塑科技七、五部门印发《关于金融支持全面推进乡村振兴加快建设农业强国的指导意见》加强乡村基础设施建设支持。鼓励建立健全农业农村基础设施建设融资项目库，强化信息共享和服务对接，加大对产业园区、旅游景区、乡村旅游重点村一体化建设信贷支持力度。在依法合规前提下，根据借款人资信状况和偿债能力、项目建设进度、投资回报周期等，创新匹配度高的金融产品和融资模式，合理满足农村规模化供水工程建设和小型供水工程标准化改造等金融需求。鼓励金融机构通过组建银团等方式，合力支持乡村基础设施建设。乡村振兴：天鹅股份、中农联合、中粮科工、智慧农业八、深圳将签订南方区域虚拟电厂首个并网调度协议南方电网电力调度控制中心主管邓韦斯在虚拟电厂与电力市场发展论坛上表示，虚拟电厂以怎样的主体身份参与电网，目前在国家现有规范和顶层设计中，定义暂时并不明确。但虚拟电厂作为市场主体，要与电网签订三个协议，即并网协议、购售电合同和并网调度协议。南方电网预计于今年以深圳作为试点，签署南方区域首个并网调度协议。虚拟电厂：迦南智能、万胜智能、国能日新九、行业要闻、国常会研究推动经济持续回升向好的一批政策措施。、美国务卿布林肯日抵达北京，开启两天的访华行程。、先正达亿元股主板申请获上交所审议通过。（安道麦、荃银高科）、需求暴增且涨价倍。（香农芯创、雅克科技）、维珍银河将进行首次商业化飞行。（天银机电、欧比特）、第二十九届北京国际图书博览会于月日至日在北京国家会议中心举办。（中信出版、读客文化）、推动经济持续回升向好政策措施出台、暑期来临旅游景气开启。（宋城演艺、天目湖）、国内通用人形机器人将发布、产业加速突破。（神思电子、天奇股份）、消息称台积电三巨头下周访陆、供应链或受益。（新宙邦、新莱应材）、中国跨境电商年进出口规模首次突破万亿元。（若羽臣、焦点科技）、欧委会将不再采购华为、中兴公司设备。;0.0002128565346956;0.813612255886295;0.6665968906842651;0.0014078405030849039
月日盘前股市要闻：盘前热点事件一、股首单房企重组项目注册生效招商蛇口发行股份购买资产并募集配套资金申请获证监会注册生效，成为中国证监会关于资本市场支持房地产企业股权融资政策出台后，股市场首单成功取得注册批文项目，标志着房企股权融资“第三支箭”在实操层面的正式落地。房展开;0.0009578544061302;0.3557625948930297;0.9109572756152629;0.0037856764788237363
一、五部门印发《关于金融支持全面推进乡村振兴加快建设农业强国的指导意见》加强乡村基础设施建设支持。鼓励建立健全农业农村基础设施建设融资项目库，强化信息共享和服务对接，加大对产业园区、旅游景区、乡村旅游重点村一体化建设信贷支持力度。在依法合规前提下，根据借款人资信状况和偿债能力、项目建设进度、投资回报周期等，创新匹配度高的金融产品和融资模式，合理满足农村规模化供水工程建设和小型供水工程标准化改造等金融需求。鼓励金融机构通过组建银团等方式，合力支持乡村基础设施建设。乡村振兴：天鹅股份、中农联合、中粮科工、智慧农业二、马斯克：计划今年进行首例脑机接口人体试验马斯克在法国巴黎的活动上表示，他的脑机接口创业公司计划今年进行首例人体试验。马斯克说，打算在一名四肢瘫痪或截肢的患者身上植入一个设备。脑机接口：创新医疗、三博脑科、冠昊生物、爱朋医疗三、股首单房企重组项目注册生效招商蛇口发行股份购买资产并募集配套资金申请获证监会注册生效，成为中国证监会关于资本市场支持房地产企业股权融资政策出台后，股市场首单成功取得注册批文项目，标志着房企股权融资“第三支箭”在实操层面的正式落地。房地产：招商蛇口、特发服务、中交地产、沙河股份、华联控股、万通发展四、华为轮值董事长：到年人工智能算力将增加倍、华为轮值董事长胡厚崑今天在年工商领导人中国论坛上表示，以为代表的新的人工智能时代已到来，所有的个人、工业应用都将被这种新的人工智能所改写。由于计算无所不及，以及算力需求的成倍增长，如到年，通用算力将增加倍，人工智能算力将增加倍，我们将建设大量的数据中心、人工智能计算中心等基础设施。、大数据、人工智能等领域的快速发展推动算力需求（特别是大模型和行业应用等方面）迅速增长。据了解，需求旺盛并已陷入供应短缺，即使付款抢到订单，拿货也可能需要等上半年。从价格层面看，多款价格从、月至今涨幅接近。月份的时候（订单）大概还能排到月份，现在已经到明年上半年了。这一背景下，租用计算资源的算力租赁模式当前正在兴起。五、百亿光刻胶概念股单季净利料创历史新高总市值近亿元的光刻胶概念股容大感光周末公告，预计上半年实现净利润万元万元，同比增长。谈其业绩预增的原因，容大感光在公告里表示，本期公司销售毛利率上升以及公司股权激励费用下降。光刻胶：容大感光、南大光电、同益股份、晶瑞电材、彤程新材六、国常会审议通过《私募投资基金监督管理条例草案》公募基金近日正式推出交易员、审议通过《私募投资基金监督管理条例草案》。会议指出，近年来，我国私募投资基金行业发展较快，在服务实体经济、支持创业创新等方面发挥了积极作用。制定专门行政法规，将私募投资基金业务活动纳入法治化、规范化轨道进行监管，有利于更好保护投资者合法权益，促进行业规范健康发展。对不同类别私募投资基金特别是创业投资基金实施差异化监管，抓紧出台促进创业投资基金发展的具体政策。、兴证全球日前宣布，旗下交易员正式上线，成为首家将技术应用于资金交易领域的基金公司。兴业基金也官宣，自研开发“兴小二”债券交易机器人，兴业基金也由此成为在外汇交易中心平台首家上线智能询价机器人的公募基金公司。金融：同花顺、金证股份，指南针、大智慧;0.0052149851000425;0.384056117865141;0.623539048187477;0.015229902312588228
清华大学中国经济思想与实践研究院院长李稻葵澎湃新闻记者周頔摄“过去年以来（中国经济）增长速度逐年下滑，每年下滑，这个态势必须逆转。宏观经济治理工作的思路要变，要从过去防过热变成防过冷。”月日，在清华大学中国经济思想与实践研究院（）主办的“清华大学中国与世界经济论坛：年半年度经济形势分析”上，政府与市场经济学国际学会（）联席会长，清华大学中国经济思想与实践研究院院长李稻葵如是说。针对当前经济面临的诸多问题与挑战，李稻葵研究团队发布了最新研究的成果《防过冷是新时期宏观经济治理基础性任务：下半年中国经济发展报告》（下称“《报告》”）。《报告》针对当前经济问题给出了相应的对策建议：第一，重振消费增长，构建消费推动经济增长新机制。短期内由中央政府推出消费补贴政策，在支付环节补贴消费者；增值税收入划分，由依据生产地原则改为部分依据消费地原则，推动地方政府从抓生产到促消费的思路转变；健全汽车消费的中长期机制，建议宣布未来燃油车排放标准不影响已经购车的消费者，鼓励特大型城市和大型城市推出车牌改革措施，盘活存量。第二，存量地方债务可由中央政府与地方政府合力化解，建议对债务负担过重的地区采取试点，由中央政府发行特别国债置换地方存量债务；设立债务重组基金，借鉴四大国有银行重组经验，对不良债务逐项化解；对于当前及未来的新增债务，应建立新的举债机制；成立全国性的基础设施投资公司；构建多维度、长周期的地方官员评价体系；深化国企改革。第三，稳预期、稳信心是稳定房地产市场的关键。稳预期和稳信心需要在政策上多管齐下，稳定购房者和房地产企业的预期和信心。建议短期内在政策上明确不会开征房产税，避免房产税开征时间这一不确定性因素，在经济恢复时期对房地产真实需求和价格都产生影响；减少对真实需求的限制，在坚持“房住不炒”的基础上，需要进一步因城施策，很多核心区域的限购政策和信贷政策对于购房者仍然过于严格，抑制了真实的刚需和改善型需求释放；增加对合理融资的支持：当前对于民营房地产企业，特别是头部民营房地产企业，以及涉房企业和房地产产业链上下游企业合理融资需求的支持力度还有增加空间，房地产企业在土地招拍挂市场上拿地积极性不高。第四，稳定民营经济信心。明确民营经济的政治地位；以放开一两个民营企业进入困难的产业、培育一两个新兴产业为案例，引导民营经济大规模投资。第五，提振外需，加大非对称主动对外开放。加大力度稳外资稳外贸，越被限制越开放；简化外商来华签证流程，灵活处理签证对等问题；缩短外资负面清单；加快落地。;0.0156449553001277;0.2877814258285525;0.6666854161677557;0.036605280914973636
债权怎么办？爆雷房企未来的三种前途最近找我咨询买房的人少了，因为市场不好嘛。但咨询我怎么收回房企欠款的企业多了许多。去年和前年，房企普遍爆雷，由于行业规模大，产业链长，所以牵扯的企业也相当多。当然还有买了房企股票的，债券的，期房的大家都关心爆雷房企的情况，他们未来会怎样？能不能安然度过？我的房子能不能收？我的债权还能不能要回？这些问题我简单谈几点看法：目前还有很多除了刚刚在香港被强制退市新力控股外，蓝光发展、泛海控股、中天金融、泰禾也已岌岌可危。一旦强制退市，投资人手中股票将变得一文不值。出现债务危机的房企大致可以分为三类：、倒闭在所难免型。基本都是严重资不抵债的房企，部分项目已经停工烂尾多时，由于背后债务严重，也找不到接盘侠。这类房企已经被相关部门列为没有挽救价值的类型。上述几家只是部分。某大房企应该也属于这种类型。只不过规模太大，而且牵扯范围包括金融，汽车等多个产业，还有大量未交付房源，社会影响面较广，所以相关部门不得不介入，希望尽量减少对社会和金融系统的冲击。实际上这类房企已经失去了挽救的意义。对于这类房企的债权人，我认为能拿回什么算什么，而且动作要快。我就见过拖了一年的工抵房，由折变原价，变倍，倍。由有住宅可选，到公寓，商铺，车位。到现在干净可低的房源也没有了的情况。、断臂求生类型。有债务问题，但规模不小，但家当较多，自救积极。比较典型的情况是，最近经常看到他们卖项目的新闻，比如卖酒店，卖写字楼，卖在建楼盘，甚至卖总部的。这类房企活下来不成问题，保交房没有问题，但企业的规模肯定会比高峰期少去不少。未来少一半，就算很厉害了，减少也很正常。由于这类房企不但能活下来，后续还有继续拿地的可能，所以相关部门给予的支持力度较大，或引导银行给予宽松的融资政策，或积极搭台协助找买家。这类房企或许还值得等一下，毕竟存活下来概率比较大，能活下来债务自然能够大部分解决。至于选择等不到，我认为不在欠债企业上，而在于你公司的财务状况上。、前途未卜型。基本是爆过雷、问题多多、资产负债情况扑朔迷离。这类房企介于上述两种类型之间，情况虽然不怎么好，但也有挽救的可能。主要看政府支持的力度，还有重仓城市的市场复苏情况。比如某三线发家的房企，年底岌岌可危，但由于所在城市领导给予了全力扶持，再加上其重仓的某南方地区市场明显升温，一下子回笼一大笔资金，问题立马缓解。当然这是好的情况，也可能命不好的，政策支持不足，重仓城市的市场低迷。拖着拖着就越陷越深。当然，民营房企中，也有一点问题都没有，甚至近期还在全国谨慎拿地的，比如龙湖，星河等。但这类型占比相对较少。而上述各大房企属于哪一类型？这里就不方便展开了。有需要了解这个话题更多内容的朋友可以私信我，或加我咨询号进行交流。;0.0019157088122605;-0.5481563671953544;0.7702290153455446;-0.009863692789650713
年月日，著名经济学家、中美绿色基金管理有限公司董事长、原国家发改委财政金融司司长、发展规划司司长徐林，在辛庄课堂活动上进行了“如何走出经济增长减速的困境”的主题分享。城市化和房地产依然是动力。房地产业发展和城市化有很密切关系，我国目前城市化率大概在左右，也就是说城市的常住人口占总人口的左右。未来中国的城市化率会到什么水平？我觉得应该会到以上。有人认为中国进入了逆城市化阶段，我反对这个说法。城市化动力来自于城乡差距。城乡收入差距、城乡公共服务差距越大，农业与非农产业劳动生产率的差距越大，城市化的动力就越强。我国目前比农业和非农产业劳动生产率差距大致在这样的水平，城乡收入差距在缩小，但目前差距在这个水平，也就是说城市居民收入是农村居民收入的倍左右。如果来看城市公共服务和农村公共服务，差距应该比收入差距更大。比如张维迎教授的家乡辛庄村的老百姓能享受什么样的教育医疗水平，能和城市相比吗？这个差距会非常大。在这样的差距情况下，你说城市化动力就没了，我觉得不可能，人往高处走，所以中国还没有到逆城市化的阶段。根据我们的观察，城乡关系相对稳定应该发生在城市居民收入和农村居民收入相比的两倍以内。在浙江和苏南，城乡收入差距包括城市和农村公共服务差距都不是特别大，所以城乡之间关系已经比较稳定了。实际上那边很多农村生活方式已经和城里人一样了，劳动力基本不从事农业，只不过还住在乡村，主要分布在非常密集的都市圈或城市群地区，按人口密度衡量，可能整个地区都是城市化地区。既然就全国整体而言还有这么大的城乡差距，我觉得农村人口还会进一步向非农产业转移，因为从事农业的收入远远不及非农产业得到的收入。农民如果是种粮食，一亩地一年最多挣元，但到城里打工一个月至少挣元，像北京这样的城市都五六千一个月，差距很大。所以我相信这种转移的动力还没消失，我觉得中国在年左右，城市化率会进一步达到以上，城市空间和城市居民还会进一步扩大。在这个过程中，城市房地产当然还会进一步发展。市面上对房地产有很多批评，有的说中国把房地产作为支柱产业是错误的。其实这个说法站不住脚，因为一个产业是不是支柱产业，不是说政府把它当不当支柱产业，是由它的产业规模决定的。一个产业的增加值占比重超过，我们就说这个产业是支柱产业。按这样的标准来看，房地产毫无疑问是支柱产业，当然中国的支柱产业也不止一个。但是房地产全面红火持续涨价的时代确实也过去了，中国目前城市人均住房面积已经达到了平米左右，农村会更高，再加上老龄化程度提高，总人口开始下降，在这样的情况下，房地产不可能像过去那么红火，年时间价格再上涨多少倍，我觉得这个可能性不大了。年我在北京的西绒线胡同为岳父母买了一套经济适用房，房子质量并不好，当时价格是平米，距离今年正好是年，现在价格是万平米，涨了接近倍。当年花多万买的，花了约万装修，如今可以卖多万。这样的涨幅在未来不可能了，所以你如果想做房地产投资就需要掂量一下，可能这并不是收益最好的一个选择。但尽管如此，我相信房地产今后一定还是一个不温不火可持续的经济支撑，即便在美国这样的成熟经济体，房地产依然是国家的一个经济支撑，而且房地产景气程度往往也是这个国家经济是不是景气的重要指标。因为房地产价格涨过多，一些城市会因此面临生活成本上升过大带来的一系列问题，大家认为房地产价格持续上升是“炒”起来的，需要严格管控。中央对房地产有一个很著名的说法，就是“房子是用来住的，不是用来炒的”，据此对房地产业实施了四限，即限购、限售、限价、限贷这样的调控措施，对房价上涨过快的地方还会约谈当地负责人，试图用此等办法控制价格上涨。这种四限政策是一个行政管制办法，持续多年实施后，已经对房地产业产生了巨大影响，很多房地产企业最后都不行了，如今整个行业都陷入了萧条，对宏观经济也产生了巨大的负面影响。我个人并不认同这个办法，相信是有很多值得检讨总结和改进的地方。怎么调控房地产业，有很多不同的声音。有的说必须尽快开增房地产税，这样可以将房价调控下来。美国是有房产税的国家，美国房地产价格依然会有高涨的时段。房产税从“税”的角度讲是财产税，在美国税种里面是一种属地税，是地方政府税收很重要的来源，是地方政府为本地居民提供公共服务的很重要的收入来源。这里面道理在哪？你在我这个地方有房子就证明你住在这，住在这里就会享受当地政府提供的公共服务，那你就得缴税。住在这的依据就是你的房子，所以房子在哪就由哪里来征财产税。美国地方政府政府收入里面有左右的税来自于财产税。所以在美国我们可以看到不同的社区之间公共服务会有差距，富人区什么都好，因为在那个地方房子贵，按税率交税税收就多，地方政府就有足够的收入提供高质量的服务，穷人居住的地方一般房价低，税入也相对较少，公共服务质量也相对会差一些。所以我们在美国总是看到物以类聚：富人与富人住在一起，穷人与穷人扎堆。一个穷人就算送你一套富人区的房子，你可能也交不起房产税。这就是房产税的功能及其影响。所得税是一种调节税，可以用来做转移支付。所以不能把房产税作为一个调节房地产市场的税种。中国要开征房产税面临一些技术上的问题。我们住的房子并不是完全产权，我们只有年的使用权产权，开发商买土地时已经一次性交付了使用费过，再让我们缴纳房产税的理由并不是很充分，对这个问题过去有过一系列的讨论。为什么中国房产税很难出台，实际上就是有问题还没有完全讨论清楚。我过去在发改委财政金融司工作时，就曾经研究过房产税征收方案。当年财政部和税总曾经向国务院汇报过方案，但最终未被采纳，主要原因就是涉及问题较多，对居民利益的影响较大，搞不好会引起社会动荡。有没有更好的能够调节房地产操作的税种呢？当然有。我觉得房地产交易增值收益税会更有效。如果我们不鼓励炒作房地产，就可以对短期炒作行为征收较高的增值收益税。短期交易房产获得的收益如果被征一半的税，炒房子的人就要掂量我是炒房子划算还是炒股票划算，因为炒股票只征的投资收益税。我觉得通过这样的税种和税率的组合设计，来合理调节房地产市场交易行为，会更有针对性也会更有效。过去那种人为“四限”的做法，已经被时间证明负面作用太大。实际上，在我看来，“四限”这种极端做法，可以搞死任何一个行业。未来的中国房地产市场场，还会有持续投资，这个投资不光是在新建筑投资，也包括老建筑改造，包括节能改造和更新改造。中国的建筑面积加起来大概有亿平方米左右，城市建筑面积大概是占多一点，但大量建筑根本不属于节能建筑，更谈不上零碳建筑。经济政策家庭节能新能源静音门窗超话房地产政策房地产超话家庭中国经济人生感悟今日看盘超话;0.0003192848020434;-0.9500491348012912;0.6665968906842651;-0.0024658877288611354
没有。虽说可收房产税，但老百姓收入太低，收的话会逼死一些人;0.0795019157088122;-0.0575178951683781;0.6982004882904115;-0.03893556034555841
财政部：月证券交易印花税收入亿元同比下降月累计，全国一般公共预算收入亿元，同比增长。其中，中央一般公共预算收入亿元，同比增长；地方一般公共预算本级收入亿元，同比增长。全国税收收入亿元，同比增长；非税收入亿元，同比增长展开;0.0344827586206896;0.4222675570451248;0.6665968906842651;0.11836919765482766
时隔十个月，贷款市场报价利率（）迎来下调。中国人民银行授权全国银行间同业拆借中心公布，年月日贷款市场报价利率（）为：年期为，下调个基点，年期以上为，同样下调个基点。评：金融机构下调了针对家庭和企业的基准贷款利率，本博早就分析过，这是此前一系列展开;0.0069178373776074;-0.0554472591014826;0.5748065115137898;-0.00268879574978204
中国人民银行授权全国银行间同业拆借中心公布，年月日贷款市场报价利率（）为：年期为，年期以上为。月两项均下调个基点。;0.0003192848020434;0.2877814258285525;0.6667739416512463;0.0007471457454807531
今年首次下调贷款百万比四年前少还近万据央行网站消息，年月日贷款市场报价利率（）为：年期为，年期以上为，均下降个基点。这是自年月以来，首次调整，此次下调释放出什么信号？对此，记者连线相关专家，专家指出，本月下降，传递出稳增长、促发展的政策信号，有利于降低实体经济融资成本，以及促进房地产市场平稳健康发展。中新视频的微博视频;0.0008514261387824;-0.9109633951956014;0.6840138837780162;-0.00646991424677038
月简评：年月日贷款市场报价利率（）为：年期为，此前为；年期以上为，此前为均下调。点评：年期和年期利率下调符合市场预期。自去年月利率下调以后，已经是连续个月“按兵不动”了，但基于月日利率调降的背景，作为贷款市场报价利率（）的定价基准，下调是必然的。此次对于存量房贷是一个好事情，下调意味着月供压力降低，但当前房地产市场比较低迷，在目前经济环境下，暂时利好效果有限，购房者更多的是担心后续的收入不稳。降息只是一方面，更重要的是其他宽松政策的出台。;0.0008514261387824;0.9901502749765994;0.6665968906842651;0.006853257930507497
月报价下调中国人民银行授权全国银行间同业拆借中心公布，年月日贷款市场报价利率下调个基点，开启了新一轮宽松政策。年期为，年期以上为。利率降低了，这对于贷款人来说，意味着还款额度也会随之降低，对于整个经济来说，利率下降也有一定的刺激作用，能够促进投资和消费。楼市成交或有望因降息而提振，为扩大内需、提振经济带来一系列“正反馈”。未来政策性降息还有空间，下半年年期报价和年期以上报价也存在跟进下调的可能。你认为呢？时隔个月下调下调下调年期调降释放出什么信号超话;0.0007449978714346;-0.2261907996729059;0.6310772953840698;-0.001296875321137802
专家建议房贷控制在家庭收入内降息能提高你的买房意愿吗中国人民银行授权全国银行间同业拆借中心公布，年月日贷款市场报价利率（）为：年期为，下调个基点，年期以上为，同样下调个基点。如以商贷额度万元、贷款年、等额本息还款方式计算，此次下降个基点，月供减少元，累积年月供减少万元。御风集团董事长、万通集团创始人冯仑曾建议年轻人买房的时候要算账，用于贷款的金额控制在家庭收入的以内，只要控制好这个风险边界，对于买房的年轻人来说，应该就没有太大压力。房贷（新浪财经）麦穗财经的微博视频;0.0001064282673478;0.7706430694969855;0.6665968906842651;0.0006667442131127108
专家建议房贷控制在家庭收入内降息能提高你的买房意愿吗中国人民银行授权全国银行间同业拆借中心公布，年月日贷款市场报价利率（）为：年期为，下调个基点，年期以上为，同样下调个基点。如以商贷额度万元、贷款年、等额本息还款方式计算，此次下降个基点，月供减少元，累积年月供减少万元。御风集团董事长、万通集团创始人冯仑曾建议年轻人买房的时候要算账，用于贷款的金额控制在家庭收入的以内，只要控制好这个风险边界，对于买房的年轻人来说，应该就没有太大压力。房贷麦穗财经麦穗财经的微博视频;0.0004257130693912;-0.2681808527594839;0.6665968906842651;-0.0009280977859788164
专家建议房贷控制在家庭收入内降息能提高你的买房意愿吗中国人民银行授权全国银行间同业拆借中心公布，年月日贷款市场报价利率（）为：年期为，下调个基点，年期以上为，同样下调个基点。如以商贷额度万元、贷款年、等额本息还款方式计算，此次下展开;0.0001064282673478;0.953925211829498;0.6665968906842651;0.0008253160767990565
刚刚，央行宣布下调今天中国人民银行授权全国银行间同业拆借中心公布，年月日贷款市场报价利率（）为：年期为，年期以上为，均下降个基点。;0.001064282673478;0.5486972293378243;0.6666854161677557;0.00474784373359027
一辈子租房你愿意吗房贷今日，央行授权全国银行间同业拆借中心公布，年月日，年期贷款市场报价利率（）为，年期以上为。专家预计，下调有利于促进房地产市场平稳健康发展，存量房贷和新增房贷利率都将下降。但也有年轻人觉得，随着购房观念的更新，一辈子租房也成为了一种人生可能。来聊聊，一辈子租房你愿意吗？;0.0083014048531289;-0.0983299250647622;0.6665968906842651;-0.006635693054803723
央行授权全国银行间同业拆借中心公布，年月日，年期贷款市场报价利率（）为，年期以上为。二者较上月均下调个基点房贷利率降了，地产股和银行股都跌了;0.0109621115368241;0.4480841460105327;0.6002623355255873;0.035956763268857946
时隔个月下调万元房贷年将少万元央行授权全国银行间同业拆借中心公布，年月日，年期贷款市场报价利率（）为，年期以上为。二者较上月均下调个基点，结束了连续个月的“按兵不动”。专家预计，下调有利于促进房地产市场平稳健康发展，存量房贷和新增房贷利率都将下降。如以商贷额度万元、贷款年、等额本息还款方式计算，此次下降个基点，月供减少元，累积年月供减少万元。（来源：中新财经）中国新闻网的微博视频;0.0004257130693912;0.0;0.6666854161677557;0.0
万元房贷年将少万元央行授权全国银行间同业拆借中心公布，年月日，年期贷款市场报价利率（）为，年期以上为。二者较上月均下调个基点，结束了连续个月的“按兵不动”。专家预计，下调有利于促进房地产市场平稳健康发展，存量房贷和新增房贷利率都将下降。如以商贷额度万元、贷款年、等额本息还款方式计算，此次下降个基点，月供减少元，累积年月供减少万元。中国新闻网的微博视频;0.1568752660706683;0.0508313885604925;0.5003351355679071;0.04865563593503722
房贷利率终于降了月日，中国人民银行货币政策司发布公告，中国人民银行授权全国银行间同业拆借中心公布，年月日贷款市场报价利率（）为：年期为，年期以上为。以上在下一次发布之前有效。万房贷年减少万以贷款万、等额本息年计算，降到展开;0.0350148999574286;-0.4072621631802152;0.5251402910906318;-0.09132464580953058
年月日，年期贷款市场报价利率（）为，年期以上为;0.0046828437633035;0.9608443530321904;0.6667739416512463;0.03658701948107129
时隔个月下调万元房贷年将少万元央行授权全国银行间同业拆借中心公布，年月日，年期贷款市场报价利率（）为，年期以上为。二者较上月均下调个基点，结束了连续个月的“按兵不动”。专家预计，下调有利于促进房地产市场平稳健康发展，存量房贷和新增房贷利率都将下降。如以商贷额度万元、贷款年、等额本息还款方式计算，此次下降个基点，月供减少元，累积年月供减少万元。（中新财经）中国新闻网的微博视频;0.0001064282673478;-0.9883886059045204;0.6666854161677557;-0.000855246645688194
盐城楼市超话盐城人，房贷降息了中国人民银行授权全国银行间同业拆借中心公布，年月日贷款市场报价利率（）为：年期为，年期以上为。以上在下一次发布之前有效。这是自年月以来首次下调。本次下调已在市场预期之中。以贷款万、等额本息年计算，降到，总利息节省约万元，月供少了约元。在此机制下，越来越多的城市下调了首套房贷款利率下限。中国人民银行数据显示，截至今年月末，在个符合放宽首套房贷利率下限条件的城市中，有个城市下调了首套房贷利率下限，有个城市取消了首套房贷利率下限。;0.0006385696040868;-0.9998786743426756;0.6666854161677557;-0.005191133591898201
中国人民银行授权全国银行间同业拆借中心公布，年月日贷款市场报价利率（）为：年期为，较上月水平（）下降个基点；年期以上为，较上月水平（）下降个基点。;0.0001064282673478;0.0524655636156166;0.6665968906842651;4.539210474083942e-05
深圳统租房计划阻力不小，到底问题出在哪里？国际情报员深圳西丽街道办回应白芒村统租统租房计划不难理解，就是深圳出面收购当地土著手里的房源，整修后面向广大租客二次出租，政府说是为了改善城中村居住环境但这些年公信力几乎较低，老百姓心里不相信会有这么好的事，更愿意相信是把收割财富的镰刀挥向了社会底层人群“租房客”。大家更愿意相信，深圳市这一通折腾是为了赚取差价底层租客们表现出抗拒心理也就不奇怪了。不过深圳官方及时回应了这种不信任猜测，对于改造后城中村房源租金是否会涨的问题，其中提到，“城中村保障性住房规模化、品质化改造提升由政府主导筹集，改造后的租金以不涨为原则，单套租金原则上与改造前基本持平，即便个别房源因改造成本高、投入较大、建筑结构复杂，也必须严格控制成本、严格控制价格、严格加强价格监督”。说的很好听，但房屋改造是要花钱的，深证真的会做赔本买卖吗？在土地财政难以为继的情况下，这很不合理不管怎么说，统租房是不可阻挡的大势，我们且看结果如何吧;0.0022349936143039;-0.1808682019066882;0.4950559698196119;-0.002440498314941241
深圳城中村改造后租金原则上不涨价深圳筹集保障房占全市城中村较小部分据深圳特区报，市住房建设局相关负责人表示：城中村保障性住房规模化品质化改造提升由政府主导筹集，改造后的租金以不涨为原则，单套租金原则上与改造前基本持平，即便个别房源因改造成本高、投入较大、建筑结构复杂，也必须严格控制成本、严格控制价格、严格加强价格监督。财经网的微博视频;0.0256492124308216;0.1829424308341936;0.5239133302767645;0.029980138233556844
楼市“三大工程”有何带动效应？地方密集召开住建会议规划今年工作蓝图月以来，已有多个地方陆续召开了住房城乡建设工作会议，这其中包括浙江、河南、安徽、四川、山东、湖北、辽宁、黑龙江以及天津等地。从各地公布的年住建会议内容来看，多地不再强调“房住不炒”，而将保交楼、积极构建房地产发展新模式、加快落地实施“三大工程”等，作为今年主要的工作内容。这其中，推进城中村改造、保障性住房建设等，也被屡屡提及。事实上，这些表述均与去年月中央经济工作会议，以及全国住建工作会议的政策基调高度一致。“中央经济工作会议以及全国住建会议已经为年房地产定调，地方会议也在落实相关工作，但根据各地不同的情况，政策具体侧重点会有所不同。”一位房地产行业分析师表示。据记者不完全统计，目前仅有山东、湖北公布了年房地产全年投资金额。其中，山东计划全年完成房地产开发投资亿元以上；湖北计划年房地产开发投资完成亿元，与年的亿元基本持平。山东、安徽将“建立以城市为单元的房地产融资协调机制”从各省市召开的住建会议来看，山东、安徽、河南均提及“保交楼”以及“防风险”，而安徽和山东，则明确提到要“建立以城市为单元的房地产融资协调机制”。例如，山东提出，建立以城市为单元的房地产融资协调机制，“一项目一方案”落实资金支持，积极争取人民银行保交楼贷款，一视同仁满足不同所有制房地产企业合理融资需求。强化专项借款循环使用，加快剩余个保交楼项目建设交付。安徽提到，稳妥处置房企风险，建立以城市为单元的房地产融资协调机制，实现“保交楼”入库项目全部交付。“建立以城市为单元的房地产融资协调机制，将有助于减少项目交付风险，改善行业预期，有利于房地产市场企稳。”中指研究院企业研究总监刘水称。而保交楼压力较大的河南，在住建工作会议提到，年要“打好保交楼和征收安置问题项目整改歼灭战”，聚力攻坚、综合施策，进一步化风险稳预期、保民生保稳定。湖北也在住建工作会议上表示，将加快保交楼项目建设进度，坚决防止二次停工、再次逾期，完成万套保交楼任务。“保交楼仍是今年各地住建系统工作的重中之重，也是首要任务，预计各地将以更强力度做好保交楼相关工作。”上述分析师称。据天风证券研报，年四季度，央行推出了亿元保交楼支持贷款计划，但实际使用进度偏慢；截至年三季度，仅使用亿元，占总额度的。分析人士认为，年保交楼支持贷款计划仍有不少额度，在各地大力支持保交楼的情况下，预计年保交楼速度将进一步加快。城中村改造有望提速在构建房地产新模式方面，多个省市召开的住建会议表示，要全力实施“三大工程”，推动保障性住房、城中村改造等，形成更多增量投资。其中，浙江提出年要实施城中村改造万户；辽宁要在全省个地级城市全面开展城市体检，改造城中村项目个；四川将实施城中村改造项目个。山东还提出，探索发放房票及住房消费券等降低购房成本措施，建立“人房地钱”联动机制，有力有序推行现房销售。有专家表示，城中村改造、房票安置以及低息这套政策组合，将带动房地产市场建设，促进市场成交、助力楼市稳定增长。值得一提的是，中指研究院常务副院长黄瑜近日表示，据其测算，三大工程之一的城中村改造将带动约亿平方米的投资规模，会对房地产市场形成有效支撑。“万亿是个城市待改造城中村的总规模，没有具体时间限制，并不会在年内便全部释放完。”中指院方面表示。“若按年安置周期计算，平均到每一年，改造城中村带来的住宅新增需求约有万平方米。”黄瑜称，这个规模对于年启动阶段的实际拉动或有限，但对影响预期至关重要。此外，对于各地住建系统年的主要工作，不少地方还提出了包括继续完善保障性住房体系等相关措施。其中，浙江计划全年建设筹集保障性租赁住房万套（间），开工筹集公租房套以上；湖北计划筹集配租型保障性住房万套，建设配售型保障性住房套。山东将筹建保租房万套（间）、公租房套；安徽新增保障性租赁住房万套（间），发放公租房租赁补贴万户。与此同时，住房租赁市场的金融支持力度也在加大。月日，中国人民银行、金融监管总局联合发布《关于金融支持住房租赁市场发展的意见》，明确商业银行可按照市场化原则发放住房租赁团体购房贷款，支持企业和符合条件的事业单位依法依规批量购买存量闲置房屋用作宿舍型保障性租赁住房，支持专业化规模化住房租赁企业依法依规批量购买存量闲置房屋用作保障性或商业性租赁住房长期持有运营。“此举标志着我国住房租赁金融支持体系进一步完善。”中指研究院研究副总监徐跃进表示，这进一步加强了对住房租赁市场的金融支持力度，有利于拓宽住房租赁企业融资渠道，降低融资成本，使得租赁住房项目更能够“算得过来账”，从而提升住房租赁企业的投资运营积极性，促进住房租赁市场快速健康发展。;0.0001064282673478;0.9754861249694886;0.6665968906842651;0.0008439701264291892
广东：稳定住房消费，支持广州、深圳结合城中村改造规模化建设保障性租赁住房中房报讯，月日，广东省人民政府办公厅印发《广东省进一步提振和扩大消费若干措施的通知》，共提出大方面条措施，其中包括稳定住房消费。通知明确，扩大保障性住房供给。推动重点城市规划建设保障性住房，加快筹建保障性租赁住房，年新增筹建保障性租赁住房不少于万套（间）。支持企事业单位利用自有空闲土地建设保障性租赁住房。鼓励机关事业单位、国有企业等单位将符合安全要求的现有物业改造为保障性租赁住房。简化利用存量土地和房屋改建保障性租赁住房调整规划的手续。支持广州、深圳结合城中村改造规模化建设保障性租赁住房。支持刚性和改善性住房需求。指导银行机构落实差别化住房信贷政策，优化个人住房贷款中住房套数认定标准，支持居民合理购房需求。指导商业银行依法有序调整存量个人住房贷款利率。在依法保障银行机构债权的前提下，推行一手房“带押过户”模式，提高一手房市场流通性。支持有条件的地市结合实际动态提高住房公积金租房提取额度，简化提取手续，推行全程网办。全面推行二手房交易“带押过户”。推进城中村、老旧小区和农房改造。支持广州、深圳、佛山、东莞等超大特大城市积极稳步推进城中村改造。允许住宅专项维修资金用于老旧小区改造和老旧住宅电梯更新改造，支持城镇老旧小区居民提取本人住房公积金用于本人及配偶双方父母的自住房加装电梯等改造，年新开工城镇老旧小区改造工程不少于个。鼓励有条件的地区对既有住宅加装电梯给予补贴，推行广州老旧小区成片连片加装电梯模式。深入实施农房质量安全风貌提升行动，大力推行装配式农房和绿色农房建设。此外，在促进家电和电子产品消费方面，通知提出要促进绿色智能家电消费。引导保障性租赁住房统一进行简单装修后交房，根据市场需求配置必要家电、家具。鼓励有条件的宿舍型保障性租赁住房和学生宿舍配置公共洗衣房、公共厨房，配备绿色智能家电。引导家电企业与房屋租赁企业、工业园区业主、学校等加强合作，开展家电租赁业务。;0.0003192848020434;0.7942044622137343;0.6666854161677557;0.002061660863676046
根据住房和城乡建设部消息，超大特大城市正积极稳步推进城中村改造，分三类推进实施：一类是符合条件的实施拆除新建，另一类是开展经常性整治提升，第三类是介于两者之间的实施拆整结合。年月，国务院办公厅印发《关于在超大特大城市积极稳步推进城中村改造的指导意见》，并召开电视电话会议进行部署。各地正按照部署，扎实开展配套政策制定、摸清城中村底数、编制改造项目方案等工作，住房城乡建设部城中村改造信息系统投入运行两个月以来，已入库城中村改造项目个。一线城市探索城中村改造新模式，把握政策释放利好期。广州推进最迅速、政策最丰富：广州年年初计划全年推进个城中村改造项目，完成亿元城市更新固定资产投资目标，并在月发布国内首个针对城中村改造的地方性法规条例《广州市城中村改造条例（征求意见稿）》，月广州安居集团成立，专责从事保障性住房投资、融资、建设和运营管理；北京月底发布《北京市征收集体土地房屋补偿管理办法（征求意见稿）》，明确以房屋安置方式为主，做到安置房先行，尽量缩短期房安置周期，以“限高、扩中、托底”为原则确定安置房安置面积；上海已批准城中村改造项目个，根据计划，年启动城中村改造项目个，到年底中心城区周边城中村项目全面启动，到年底中心城区周边城中村改造项目全面完成，五个新城等重点区域“城中村”改造规模化推进，到年底城中村改造项目全面完成。二三线城市积极推动“房票”补偿方式，去库存效果显著。以金华为例，金华商品房在年月份成交套，环比月份的套上涨，或得益于金华婺城区推出的具有地方特色的房票制度：）城市更新项目给予群众房票补偿：凡在婺城区范围内实施集体土地上房屋征迁的村（居）以房票形式结算的被征收人可自行向参与房票安置工作的房地产开发项目购买一手新建商品住宅；）房票可购买婺城区项目：房票可用于购买婺城新城区、仙源湖旅游度假区、一环以内、一环至二环及二环以外婺城区范围内取得预售许可的商品住宅；）房票可自由转让；）房票在购买一手房时，可在房票面值基础上膨胀至少抵购房款。未来或许将有更多城市探索城市更新及城中村改造补偿的新模式，商品房销售市场或将受益。;0.0003192848020434;-0.2966245789601243;0.6665968906842651;-0.0007699000846828384
深圳推进城中村住房改造为保障房月日起正式实施的《深圳市保障性租赁住房管理办法》提出，保障性租赁住房主要面向符合条件的新市民、青年人及各类人才配租。今年，深圳全市计划通过城中村规模化品质化改造提升，筹集保障性住房万套（间），约占全市城中村租赁住房总量的。深圳市安居微展开;0.0105363984674329;-0.0549385975112085;0.5250643204191606;-0.0037065338025859024
年，深圳全市计划通过城中村规模化品质化改造提升，筹集保障性住房万套（间），约占全市城中村租赁住房总量的。;0.0007449978714346;-0.9683551858387328;0.6666854161677557;-0.005865382944553524
早安深圳新闻资讯来了丨报名即将开始深圳最新招聘教师名今年，深圳启动城中村保障性住房规模化品质化改造提升行动，全市计划通过城中村规模化品质化改造提升，筹集保障性住房万套（间）。深圳市公办中小学面向毕业生公开招聘教师名招聘对象：年月日至年展开;0.0006385696040868;0.9944966223705836;0.6665968906842651;0.005162505659268636
今年月，深圳市住房和建设局发布了《深圳市城中村保障房规模化品质化改造提升指引》，其中提出了“安全、配套、建筑、绿色”四项改造要点，为全市规范、有序、高效推进城中村保障性住房规模化品质化改造提升提供明确指引。;0.0011707109408258;0.1441499768248034;0.6665968906842651;0.0013718708873110743
今日看盘超话近期深圳正在开展城中村保障性住房规模化品质化改造提升工作，年全市计划通过城中村规模化品质化改造提升、筹集保障性住房万套（间），约占全市城中村租赁住房总量的。为避免提高居民住房负担，深圳同时要求城中村保障性住房规模化品质化改造提升由政府主导筹集，改造后的租金以不涨为原则，单套租金原则上与改造前基本持平。;0.000532141336739;0.3225845371056648;0.6666854161677557;0.0013956521840820873
统租潮下的深圳白芒村今年以来，为推进城中村保障性住房规模化、品质化改造提升，深圳正式拉开了“统租”序幕，位于南山区的白芒村也在此次改造范围内。一时间，数万名租客将面临限期搬离、周边房租上涨、子女上学等困境。月上旬，白芒村“统租”项目暂缓，但统租的“余波”仍改变着他们的生活展开;0.0012771392081736;0.0772125907132261;0.556915804938733;0.0006697328603147627
深圳统租房计划阻力不小，到底问题出在哪里？国际情报员深圳西丽街道办回应白芒村统租统租房计划不难理解，就是深圳出面收购当地土著手里的房源，整修后面向广大租客二次出租，政府说是为了改善城中村居住环境但这些年公信力几乎较低，老百姓心里不相信会有这么好的事，更愿意相信是把收割财展开;0.0022349936143039;-0.1808682019066882;0.4950559698196119;-0.002440498314941241
统租潮下白芒村今年以来，为推进城中村保障性住房规模化、品质化改造提升，深圳正式拉开了“统租”序幕，位于南山区的白芒村也在此次改造范围内。一时间，数万名租客将面临限期搬离、周边房租上涨、子女上学等困境。月上旬，白芒村“统租”项目暂缓，但统租的“余波”仍改变着他们的生活。展开;0.0760962111536824;0.4671288715329562;0.6646722341884934;0.28813298832740714
深圳的统租改造影响有多大？近期深圳“白芒村统租，被迫搬家”的事件引爆网络，引发了一系列的讨论与猜测。根据此前媒体的报道，位于南山西丽的白芒村因为租金便宜，住着不少在深圳南山周边制造业工厂上班的打工人。但月日，部分房东在出租房上贴了一张通知。根据通知，因为白芒村在政府主导下进行综合整治，该栋楼在统租整治范围内，房东要行使合同解除权，通知租户在年月日前搬离。一石激起千层浪。白芒村的统租话题引发的“租客们被迫集中搬家”“租客遭房东通知限期搬离”，以及孩子上学等问题，通过社交媒体的传播一下展现在了全国人民面前，派生出各种猜测。一些视频中，住户们拉着大包小包，准备离开白芒村，表情复杂，同样引发了网友对深圳统租改造的质疑。月日，“深圳发布”转发了深圳市南山区西丽街道发布的“致居民的一封信”全文，对居民们产生的疑问，包括搬迁时间、补助、学位等问题进行解答。该公开信首先对部分租户收到的“要求在月日前限期搬离的通知”进行回应，西丽街道办事处表示，该通知为个别房东的要求，指挥部已调查并责令整改。租户可根据各自寻找房源的情况自行安排，对于不具备搬离条件的居民不强制搬离并维持房屋原租金标准。同时，还将对愿意搬离的居民给予搬迁补助，并将积极梳理周边房源的信息供有需要的居民参考，协助寻找房源。在保障学位方面，西丽街道办事处表示，符合入学条件在南山区内就读的学生，无论搬离与否都将为其提供保障。这封在舆情引爆半个月后才姗姗来迟的公开信，在一定程度上回应了部分问题，但仍有租户留言表示，有一些重要的问题并没有披露，比如搬迁补助的具体标准是多少？统租后对比统租前的实际租金会不会大涨？租户们的担心并非空穴来风。深圳的统租改造，是由当地一家国企统一收储城中村房源进行改造，并对周边配套升级再进行出租。据悉，此次深圳白芒村“统租”，是由政府出资补贴统租企业，银行提供授信，由统租企业负责推进。换句话说，深汇通从村里将房子统租过来改造后，将成为二房东。而“中间商赚差价”是市场对二房东最显著的印象。不过，由于此次承接统租改造的是深圳国企，租金失控增长的情况或许可以避免。月日，深圳市人才安居集团党委委员、副总经理、安居微棠董事长周柏新在接受深圳报业集团记者采访时说，“改造后的大部分房源，单套租金与改造前基本持平，即便个别房源存在改造成本高而造成租金小幅上涨，涨幅也不会超过原有租金的”。深圳市住房建设局相关负责人亦对媒体表示，城中村保障性住房规模化品质化改造提升由政府主导筹集，改造后的租金以不涨为原则，单套租金原则上与改造前基本持平，即便个别房源因改造成本高、投入较大、建筑结构复杂，也必须严格控制成本、严格控制价格、严格加强价格监督。不过，一些房东在政府提出“涨幅也不会超过原有租金的”的原则后，已经开始了一波涨价。据证券时报记者现场探访，有南山白芒村、平山村的居民告诉记者，自从村里开始“统租”后，一些未被收纳的房源和周边城中村的房源租金立刻水涨船高。“平山村里一些没有参加统租的房东，现在去租房的话租金都上涨了不少。”一位平山村的居民告诉记者，“之前这里的一房一厅月租金在元左右，现在房东刚刚说要元才租。”笔者算了下，从元涨到元，涨幅已经达到了，如果再加上改造后的涨幅，类似的涨幅已经将近，这个涨幅之高令人惊叹。深圳的统租改造影响有多大？（作者：秦朔朋友圈）;0.0011707109408258;-0.320146011761975;0.6931558864569348;-0.0031682131422517638
深圳投亿改造城中村，要做最大“二房东”？白芒村位于深圳南山西丽，与宝安区石岩街道相邻，是深圳一处典型的城中村。白芒村搬迁通知，正式揭开了深圳“统租”的大幕。所谓的“统租”，指的是由政府主导，从房东手中统一租赁房源，进行装修、改造后，再出租给特定群体。可以看出，政府一手展开;0.0095785440613026;-0.0428251127766942;0.5067786360306169;-0.0025351404067160827
深圳城中村改造后租金原则上不涨价深圳筹集保障房占全市城中村较小部分据深圳特区报，市住房建设局相关负责人表示：城中村保障性住房规模化品质化改造提升由政府主导筹集，改造后的租金以不涨为原则，单套租金原则上与改造前基本持平，即便个别房源因改造成本高、投入较大、建筑结构复杂，也必须展开;0.0256492124308216;0.1829424308341936;0.5239133302767645;0.029980138233556844
深圳官方回应城中村统租问题深圳城中村统租：有租客拿到补助火速搬离，有房东不愿给补贴官方回应“我们是公司统一安排居住在城中村的，现在因为统租不得不搬离，跟房东协商后，退了押金并补偿了一个月房租，我们现在打算搬回公司宿舍住。”月日下午，正在搬家的租户谢萍向记者介绍道。统租，顾名思义即由相关单位对城中村房源进行统一改造，然后对相关设施进行配套升级，再对外出租。但是，计划的好事因为深圳城中村租客的种种疑虑引发了舆论关注。在此之前，深圳已对多个城中村进行整治和改造，之所以此次引起广泛关注，主要有两点，一是统租范围偏大，二是引起了部分租户较大反弹。月日，据深圳发布官微，深圳市住建局相关负责人公开回应称，全市城中村整治提升划分为综合提升类、产业配套类、特色发展类、控制引导类和基本保障类等类。其中，仅部分综合提升类、产业配套类城中村涉及城中村保障性住房规模化品质化改造提升。其余类别均不涉及城中村保障性住房筹集。“城中村保障性住房规模化品质化改造提升由政府主导筹集，改造后的租金以不涨为原则，单套租金原则上与改造前基本持平，即便个别房源因改造成本高、投入较大、建筑结构复杂，也必须严格控制成本、严格控制价格、严格加强价格监督。”（每日经济新闻；阿法）深圳城中村统租：有租客拿到补助火速搬离，有房东不愿给补贴官方回应;0.0054278416347381;-0.8100539660706672;0.6673050945521899;-0.03578090027936349
《生二胎的纠结》这个讨论，起因是收到一个关于生二胎纠结的留言，可能很多朋友都有过这样的思考，不过这个问题的答案，肯定不是简单的是或者不是。二胎下面聊聊我的想法，正如留言中所说，生二胎的主要顾虑是时间就少了，经济压力也大，而想生的动力，一方面觉得小孩子有个伴，也希望老了展开;0.0236270753512132;0.5423082754767651;0.4479940406585129;0.07000259464165369
关于催生把生育自由还给能生育的人普通家庭到底要不要二胎宝贝成长守护计划最近又被催生了，我发现一个普遍现象，后特别热衷于催生，不管三七二十一，只要是知道有人结婚，第一话题一定是催生。而且他们还互帮互助，你催我家的，我催你家的，这种场面上的人情往来简直不要太好使。一开始非常纳闷，怎么这年头生了的还会被催？想想可能是当年“计划”的时候，把他们这辈逼狠了，每一代人都有一代人的底色吧。爷爷奶奶那辈就各种怕孩子没吃饱没穿暖，因为他们饿过冻过。父母这辈就各种怕孩子不生养而我们这辈呢？其实挺幸福的，一出生就是和平发展的时代，没有这么多执念，追求的生活自然也跟他们不同。有人希望儿女成群，就有人崇尚丁克；有人渴望自由自在，就有人希冀婚姻。把生育自由还给能生育的人，历史洪流、时代牢笼都应该停留在过去，而不是用来代系传承。大道理或许有用，但未必正确，催生止于智者。最近真的被小学生套牢了，一回家各种忙不赢，还没有从容起来，大脑都没有灵感，不想创作。暑假还有多久啊为什么年轻人越来越难恋爱了;0.6535759897828863;0.3280330995922474;0.3824727871714669;1.0
争取一年抱俩篇反对早婚早育如何看待早婚早育第一生育大省也开始催生了;0.0002128565346956;0.7450240098106429;0.6665968906842651;0.0012891582804877655
三孩催生无果，生育率再创新低，国家终于向住房“出手”了我们都知道，年国家放开二胎政策，年放开三胎，有了政策的鼓励，年轻人应该放开生才对，然而数据却一年比一年难看，从年到年，出生人口连跌。去年出生人口只有万人，负增长已经提前来临，其实想想挺可怕，如果没有人口的支撑，那么人口红利将提前结束，社会经济发展缓慢。因此，鼓励生育迫在眉睫。个人认为，要想解决问题，就得先找出问题，那么年轻人不愿生娃的问题在哪？第一：生养成本高显然，如今生养一个孩子，绝不仅仅是吃饱穿暖那么简单，现在后后当了父母，他们对孩子的教育更重视，对孩子的期望更高。不仅要吃得好穿得好，在教育上也不能输在起跑线上，给孩子报各种辅导班、兴趣班、学区房，每一个都需要大量的资金。据知名机构预测，养育一个孩子到岁，大概需要万，如果在大城市，那就要上百万了。生活压力已经喘不过气，因此，年轻人更注重质量，而非数量。第二：高房价毫无疑问，房子是年轻人身上最重的一座大山，普通工薪阶层可以靠父母帮衬凑够首付，勉强买房。而有的人只能靠自己，连买房的资格都没有，没有房子连婚都结不了，还谈何生娃？其实问题很好找，关键是怎么解决，对此，人口学家梁建章提出一个方案，他建议生一个孩子奖励万，简单粗暴。还有其他专家也是大同小异，基本上都是现金补贴，实打实的帮助年轻人。关于鼓励生育，国家也有相关的政策比如打击高价学区房，教育资源过渡集中，导致天价学区房出现，目前，很多地区已经开始实行教师轮岗制，让教育资源更加均衡化，普通家庭的孩子，也能接受良好的教育。还有政策向刚需家庭倾斜，买房享受贷款优惠，降低首付比例，给予人才现金补贴。再比如保障性住房，这是国家政策的重中之重，保障房具备商品房所有的权益，主要是为了解决低收入人群的住房问题，商品房不再是唯一选择。随着各项政策落实，解决人口出生率低的问题也就指日可待了;0.0243720732226479;0.2862896511640929;0.6665968906842651;0.056721421946377346
这几天发生了很有意思，很讽刺的现象。一个邻居，这个邻居后，小两口年迎来了第一个小宝贝，沉浸在欢乐的气氛中，但是年，国家突然放开二胎，于是那一年，后甚至有部分后很多也开始造二胎计划，貌似憋了很久的大水突然开阀。无数的二胎宝贝投胎转世来到中国，于是呢，年猴年的孩子突增多万。所以有些事情不出事儿则已，一出事儿马上变味，这不是年秋季小学报名了吗，这里因为年的孩子太多，很多学校又开始统筹了，就是你有房子也不能就近入学，也要参与统筹，我这个邻居每天都担心自己的孩子分不到旁边的小学，但是这个旁边的小学真的很垃圾的一个街道小学，只是环境好一个点，教学水平特别一般，但是如果找人要花万塞进去，没办法啊，因为那一年孩子太多了而且很多都是胎，所以呢，根本上的原因是年很多二胎的到来占用了人家一胎的社会资源，国家为了开放二胎，刺激生育，只顾着催生，但是你倒是把一胎的事情整明白了再说啊，于是，今年好多小学学位预警红线，甚至很多都不招随迁子女了，逼着人家买房子，买了房子也不是万事太平，照样要统筹出去，被分有些学校特别偏，导致家长后老悔了，感觉被坑了，被卷死了，因为现在本身房地产市场风雨飘摇，为了上个小学又要去购置一套房产，很多就掉坑里了，有些没钱的家庭还办理假离婚，突然有感觉穿越到了年那会儿，所以，真的觉得年年上半年的孩子有点生不逢时，小万了，要面临多大的竞争这是，从年开始生育率又突然下降。这几年出生的孩子才万，于是呢，很多幼儿园又招不上孩子了，有些之前难以进去的私立园都开始降学费，降条件招生，就算这样，也招不上人。所以，投胎真是技术活儿，目前这个节骨眼，孩子成本越来越离谱，催你生，但是生出来以后的问题跟人家没半毛钱关系，全是拼父母自己的通天的本事，现在就是三胎互相抢资源，其实吃亏的都会是人家一胎的。太奇葩了，不说了，越说越觉得脑充血。专家建议放开三胎我国一孩生育率跌至成长高考;0.1129203916560238;0.2845541504261767;0.4729894098178991;0.18534224523357426
后，谜一样的存在：、小时候，他们赶上了计划生育、独生子女时代。、上小学的时候，他们赶上了教育改革，上学要交费，但那时候的大学不收费。、等到他们上大学的时候，义务教育开始免费，但上大学开始收费了。、毕业之前，工作还包分配；毕业后，又赶上工作不包分配、自谋职业。、工作一段展开;0.0001064282673478;0.811596180076755;0.6665968906842651;0.0007021759850559127
第一生育大省也开始催生了哈哈哈哈哈哈哈哈哈哈哈哈哈哈哈哈哈哈哈哈嗝;0.0003192848020434;0.6666666666666665;0.6665968906842651;0.0017303580334483725
第一生育大省也开始催生了不会后面的计划生育是满大街找女的受精吧加速，给我狠狠的加速;0.0006385696040868;0.0524655636156166;0.6665968906842651;0.0002723526284450365
第一生育大省也开始催生了啥比玩意，谁管你啊，吃相这么难看打发叫花子呢？就不生急死你，搞得好像养小孩不用钱一样，自己都养不活还要养小孩，要驴干活都得先给驴吃饱饭吧？一张口就是“郭嘉发声咯大家快生啊”谁管你的，;0.0014899957428693;-0.0722017052403659;0.592136486576176;-0.0007768550750299905
第一生育大省也开始催生了奴隶最大的复仇就是不再生产奴隶。;0.0022349936143039;0.2760112436043718;0.6665968906842651;0.0050147818632756795
第一生育大省也开始催生了后还没开始发力不急;0.0004257130693912;0.232858698684095;0.795107529575165;0.0009612160590433375
第一生育大省也开始催生了词条看得我好爽，请广东人会骂多骂。;0.000532141336739;0.9951776531405804;0.6665968906842651;0.004305034117050254
第一生育大省也开始催生了：广东支持有条件的地区发放育儿补贴月日，广东省卫生建康委、省发展改革委等个部门《关于进一步完善和落实积极生育支持措施的实施意见》挂网公开，为减轻群众生育、养育、教育负担提供支撑。实施意见提出，强化税收、经济补助等支持政策。落实好岁以下婴幼儿照护费用个人所得税专项附加扣除政策。建立对依法保障职工生育权益用人单位激励机制。支持有条件的地区根据当地实际，对生育的家庭给予一定额度的育儿补贴。生育补贴现状一孩不补二孩少补三孩多补作为连续三年唯一出生人口超百万的第一生育大省，广东人口自然增长已呈下滑趋势。广东最新出台的生育支持措施，从住房层面着手，强调解决新市民、青年人等群体住房困难，从中也不难看出地方政府的考量。（每日经济新闻）;0.0022349936143039;-0.6984589033421296;0.6665968906842651;-0.01269013173153231
广东发布多项措施支持多生育十月怀胎分娩的痛苦是女人在承受，想提高生育率，又不想回馈女人的贡献，这是头痛医脚。若是真有心，法律应该在继承、就业、离婚财产分割等方面，真正做到男女平等，甚至向女性倾斜。广东住房政策向多子女家庭倾斜第一生育大省也开始催生了;0.048637718177948;0.4911337255866151;0.3088501852344734;0.08997182258531847
投票：你最期待哪方面的生育支持措施第一生育大省也开始催生了，月日，广东省卫生建康委、省发展改革委等个部门发布《关于进一步完善和落实积极生育支持措施的实施意见》，为减轻群众生育、养育、教育负担提供支撑。你最期待哪方面的生育支持措施？（希隆）;0.0002128565346956;0.9629981772291734;0.6665968906842651;0.0016663316321646401
第一生育大省也开始催生了神经病啊打工第一大省罢了本广东人要在线发癫了快滚;0.0029799914857386;0.9999348182355166;0.6665968906842651;0.024223433439221526
你最期待哪方面的生育支持措施第一生育大省也开始催生了，民企要赶业绩哪个能说真把这些条例全都落到平民百姓的身上。现实是休个五一还要补两个星期的班。育儿除了给点个人补贴，我想其他的啥都不会有。但真给公务员这些真的有用吗？他们拿着工资还不办啥事，到底是真真切切的了解民生还是只要展开;0.0013835674755214;-0.0162284105075336;0.6666854161677557;-0.0001825504830696914
第一生育大省也开始催生了不需要催，广东人生育意愿很强的，一家三个是标配，必须得生到男孩才行;0.0004257130693912;0.3992356035708383;0.8555012341458336;0.0017731790458810738
第一生育大省也开始催生了我觉得现在最离谱的就是所谓的学位，上个学还要有学位，没学位没学上，哈哈搞笑，还是生的太多啦;0.0022349936143039;-0.2731378771965369;0.6665968906842651;-0.004962576360483881
第一生育大省也开始催生了：广东支持有条件的地区发放育儿补贴月日，广东省卫生建康委、省发展改革委等个部门《关于进一步完善和落实积极生育支持措施的实施意见》挂网公开，为减轻群众生育、养育、教育负担提供支撑。实施意见提出，强化税收、经济补助等支持政策。落实好岁以下婴幼儿照展开;0.0072371221796509;0.1390663001879931;0.4640952179937309;0.0056961392945235
第一生育大省也开始催生了先分一个优秀的丈夫给我再说，请对我们后好点吧;0.001064282673478;0.4473794768996395;0.6665968906842651;0.0038706333592661104
第一生育大省也开始催生了为什么主动绝育原因不知道吗？你拿张嘴催个屁;0.0006385696040868;-0.2191710728296096;0.6665968906842651;-0.00113773327971064
第一生育大省也开始催生了岁危机，年或者年房贷，甚至一百年房贷，自己都勉强活着，生什么？来做干电池？为资本家积累财富？;0.0011707109408258;0.0524655636156166;0.6665968906842651;0.0004993131521492337
第一生育大省也开始催生了素质这么差还要繁殖？;0.0036185610898254;-0.8389207900347093;0.6818145217876193;-0.025241131270358326
第一生育大省也开始催生了：广东支持有条件的地区发放育儿补贴月日，广东省卫生建康委、省发展改革委等个部门《关于进一步完善和落实积极生育支持措施的实施意见》挂网公开，为减轻群众生育、养育、教育负担提供支撑。实施意见提出，强化税收、经济补助等支持政策。落实好岁以下婴幼展开;0.001064282673478;0.2692665430804488;0.6263255435223992;0.002188896430631514
第一生育大省也开始催生了少生优生，幸福一生我生了两个了，转了深户，还是读个公立都困难，谁还敢生哦;0.0029799914857386;0.8952954554691273;0.6665968906842651;0.021688543571532996
第一生育大省也开始催生了急啦？你们阴德的;0.0040442741592166;0.8108276331429428;0.7914093795039341;0.03164871089057124
第一生育大省也开始催生了别急，该生的总会生。不想生的怎么也不生。这都是你们应得的;0.0096849723286504;0.0094232063554486;0.4270282340685626;0.0004752688806820582
广东鼓励用人单位安排外省独生子女护理假广东将建立更加灵活适宜的生育休假制度第一生育大省也开始催生了月日，广东卫健委发布《关于进一步完善和落实积极生育支持措施的实施意见》。实施意见提出，建立更加灵活适宜的生育休假制度。支持各地、各用人单位探索实施更加弹性、更加方便家庭照顾婴幼儿的生育休假制度，加强对职工的人文关怀，帮助职工更好地平衡工作和家庭关系，促进公平就业和职业发展。落实省人力资源社会保障厅、省卫生健康委联合印发的《关于进一步做好广东省人口与计划生育条例相关假期贯彻落实工作的通知》（粤人社规号），逐步建立完善政府、用人单位、个人等多方分担的假期用工成本机制，切实保障职工假期待遇。维护好独生子女家庭权益，外省户籍的独生子女父母，其子女在广东工作的，鼓励用人单位参照我省独生子女父母护理假规定安排其子女休假。（每日经济新闻）;0.0003192848020434;0.3525529360108;0.6665968906842651;0.0009150642075631468
上证指数摸高点，两市成交再破万亿，股稳了吗？股三大指数在月最后一个交易日纷纷收涨，沪指涨，收报点；深证成指涨，收报点；创业板指涨，收报点。市场成交额继续放大，沪市成交亿元，深市成交亿元，两市合计成交亿元，较前一交易日的亿元明显放量，为月日以来首次成交额超过万亿，其中北向资金净买入近百亿元。有人调侃称，自从胡锡进月日入市后，整个月上证指数均未跌破其入市当日创下低点点，而随着政治局会议利好及相应利好政策频发，上证指数更是在月底一路走高，今日一度摸高点创下月度新高，“胡锡进底”或日渐牢固。而真正决定市场走向的还是基本面因素。政策层面，今日国家统计局公布了月份制造业采购经理指数（）为，比上月上升个百分点，制造业景气水平持续改善。从企业规模看，大型企业为，与上月持平；中型企业为，比上月上升个百分点；小型企业为，比上月上升个百分点，数据反映出了中国经济持续复苏的迹象。同一时间，国务院办公厅转发国家发展改革委《关于恢复和扩大消费措施》的通知。该措施要求，把恢复和扩大消费摆在优先位置，优化就业、收入分配和消费全链条良性循环促进机制，增强消费能力，改善消费条件，创新消费场景，充分挖掘超大规模市场优势。针对稳定大宗消费、扩大服务消费、促进农村消费、拓展新型消费、完善消费设施、优化消费环境，发改委提出了二十条措施，被市场普遍解读为政策利好。在板块表现层面，今日地产相关板块继续走强，华远地产、中南建投、荣盛发展等多股涨停。地产股本轮强势的表现源于其直接受益于政策利好，继月日中央政治局会议提出“适时调整优化房地产政策”及住建部表态进一步落实好各项政策措施后，一线城市密集表态，目前北上广深四大城市已经有三座城市放风。月日，北京市住建委表示，将更好满足刚性和改善性住房需求，促进北京房地产市场平稳健康发展。月日，深圳市住房建设局表示，将结合深圳市房地产实际情况，会同市有关部门、中央驻深机构和各区抓好贯彻落实，更好满足居民刚性和改善性住房需求，扎实推进保交楼工作，切实维护房地产市场秩序，促进深圳市房地产市场平稳健康发展。同日，媒体援引广州市住建局工作人员回应称，将结合广州实际尽快推出有关政策措施，大力支持、更好满足刚性和改善性住房需求。上周五券商龙头中信证券强势涨停，带动证券指数大涨后，今日非银金融板块开盘冲高，随后涨幅明显回落，天风证券、西南证券、太平洋等多股涨停。在最新的一篇安信证券的研报中，其复盘了年至今共次券商大涨（券商指数单日涨）后市场表现，表示后续大盘指数上涨概率较高。而随着暑期档电影票房火爆，传媒板块拉升领涨，星辉娱乐涨超，华谊兄弟大涨。根据灯塔专业版数据，截至月日时分，年暑期档（月日月日）总票房（含预售）突破亿。除了电影热映的因素外，巨丰投顾高级投资顾问李建杰表示：传媒板块作为人工智能主要受益方向之一，也是板块的重要方向，未来与“”深度融合的发展前景值得期待，预计带来的商业模式、收入、利润率影响将在明年开始逐渐体现。短期来看，关注版号驱动和边际应用变化；长期来看，助力游戏编辑平台释放用户端生产力，带来游戏内容与用户体量螺旋式上升，看好传媒板块的后续发展。受国家整治医药腐败影响，今日医药生物板块领跌，恒瑞医药大跌超。月日，纪检监察机关配合开展全国医药领域腐败问题集中整治工作动员部署视频会议在北京召开。会议指出，集中整治医药领域腐败问题是推动健康中国战略实施、净化医药行业生态、维护群众切身利益的必然要求。要以监督的外部推力激发履行主体责任的内生动力，深入开展医药行业全领域、全链条、全覆盖的系统治理。加大执纪执法力度，紧盯领导干部和关键岗位人员，坚持受贿行贿一起查，集中力量查处一批医药领域腐败案件，形成声势震慑。强化以案促改，推动深化改革、完善制度等。对于股月的上涨走势，各大券商也纷纷发表了自己的看法，并积极看好后市。中金公司看好本轮股行情，其看好政策层面自上而下的积极信号催化券商板块估值修复行情。券商股的走势短期看市场流动性及风险偏好、中期看政策导向、长期则体现为公司战略及执行所带来的经营差异。当前板块估值及持仓仍处于低位，政策信号以及市场风险偏好的正反馈催化板块的弹性及修复空间明显。国泰君安则认为本轮地产股表现不会昙花一现，其认为在验证行业改善之前，密切关注政策密度，一线城市政策松动之前，都是政策蜜月期，政策密度决定板块表现的高度。楼市切实改善的结果验证，会逐步临近，但这需要先打出政策底牌，因此，在一线城市切实出台具体政策之前，政策密度将决定板块高度，目前已经是蜜月期。天风证券研报则指出，技术面上，市场上周强力反弹后，成交仍未放大，并未出现放量滞涨信号，显示反弹后续动力较强。中期视角，市场估值也处于中等偏低位置。从日历效应角度，年以来，券商指数单日上涨以上，同时过去日累计涨幅超过以上，一共出现次，其中次随后一周券商指数均呈现不同程度的上涨；综合来看，指数中期视角估值处于低位，宏观政策对短期风险偏好较为友好，市场反弹仍未出现放量滞涨，有望维持持续周期较长的一轮反弹。交银国际首席原董事总经理，思睿集团首席经济学家洪灏今日发文表达了对市场的看法，文中没有别的内容，只有一张买字的图片。;0.0003192848020434;0.6521136339314065;0.8863707966825257;0.002250622561474171
涛粉早大风来了消费国条的重点给大家捋一捋，千万不要简单的看待，国家战略的重心往往意味着牛股摇篮为什么呢？巨量的政策支持巨量的资金支持，得到的是什么？毫无疑问就是巨量的订单，也就是催化业绩主升浪。有点长，一个字一个字，耐心看懂看完国家施政的重点，去年年底是全力以赴支持科技，终结了科技股年的调整，形成了上半年科技股这波牛市。一年以后的今天，国家重心全力以赴支持消费，会不会引发消费的牛市呢？绝大多数人是不信的，那就对了国家为什么要大力支持消费，看一组数据你就明白了：美国年总量为亿美元，美国消费占比例达，这就是美国货币这么紧缩人家经济依然是这么强悍的根本原因年，我国居民消费总额在中的占比为，中的消费率为，印度的消费率也高达，你说消费有多大的空间？如果每年上升个百分点，猜猜十年后会诞生多少千倍牛股呢？别扯犊子，看重点国条重点：、稳定大宗消费：扩大新能源汽车消费。落实构建高质量充电基础设施体系、支持新能源汽车下乡、延续和优化新能源汽车车辆购置税减免等政策。适度超前建设充电基础设施体系，加快换电模式推广应用。、支持刚性和改善性住房需求，稳步推进老旧小区改造，进一步发挥住宅专项维修资金在老旧小区改造和老旧住宅电梯更新改造中的作用。、提升家装家居和电子产品消费。推广智能家电、集成家电、功能化家具等产品。、扩大餐饮服务消费。培育“种养殖基地中央厨房冷链物流餐饮门店”模式，挖掘预制菜市场潜力，加快推进预制菜基地建设。、加强区域旅游品牌和服务整合，积极举办文化和旅游消费促进活动。、提升健康服务消费。坚持中西医并重，共建城市医疗集团和县域医共体等医疗联合体。着力增加高质量的中医医疗、养生保健、康复、健康旅游等服务。发展“互联网医疗健康”，进一步完善互联网诊疗收费政策，逐步将符合条件的“互联网”医疗服务纳入医保支付范围。评：就是这六条重点个方向，牛股都诞生在板块强者牢牢抱紧消费优质公司的筹码，打死也不下车，收到请统一回复“”剩下的时间怎么办？多跟涛哥学学怎么养生，怎么保养好身体，毕竟哥是从死里走回来的，多学点中医中药知识，无论是结节和息肉，在亚健康状态的时候把它搞定搞死。坚持服用孢子粉石斛，提高免疫力，降低多种慢性病（如失眠、糖尿病，高血压，胃肠道疾病，心脑血管疾病等）对身体的伤害。身体的器官用了几十年，哪会没有毛病呢？养成健康体检的习惯，养成提高免疫力的习惯，在亚健康的时候就把它搞好，活得又健康又尊严有什么不好呢？这，就是白马大道早间签到，在线的铁粉集合，右下角点赞图标点一个，早安涛哥祝福大家身体健康万事如意;0.1001489995742869;0.2490914056956422;0.3686778430749041;0.11216002547624326
重磅“条”发布支持刚性和改善性住房需求今日（月日），国务院办公厅转发国家发展改革委关于恢复和扩大消费措施的通知。《措施》从稳定大宗消费、扩大服务消费、促进农村消费、扩展新型消费、完善消费设施、优化消费环境等几个方面提出条针对性举措。关于房地产方面，《通知》提出，支持刚性和改善性住房需求。做好保交楼、保民生、保稳定工作，完善住房保障基础性制度和支持政策，扩大保障性租赁住房供给，着力解决新市民、青年人等住房困难群体的住房问题。稳步推进老旧小区改造，进一步发挥住宅专项维修资金在老旧小区改造和老旧住宅电梯更新改造中的作用，继续支持城镇老旧小区居民提取住房公积金用于加装电梯等自住住房改造。在超大特大城市积极稳步推进城中村改造。持续推进农房质量安全提升工程，继续实施农村危房改造，支持度及以上设防地区农房抗震改造，鼓励同步开展农房节能改造和品质提升，改善农村居民居住条件。;0.0003192848020434;-0.5540896086280414;0.6666854161677557;-0.0014383510990279293
《关于恢复和扩大消费的措施》内容节选分段：为深入实施扩大内需战略，充分发挥消费对经济发展的基础性作用，不断增强高质量发展的持久动力。把恢复和扩大消费摆在优先位置，优化就业、收入分配和消费全链条良性循环促进机制。增强消费能力，改善消费条件，创新消费场景，充分挖掘超大规模市场优势，畅通经济循环，释放消费潜力。坚持有效市场和有为政府更好结合。。。提升服务质量，激发市场活力，释放潜在需求，着力营造推动消费升级的良好生态。坚持优化供给和扩大需求更好结合。把实施扩大内需战略同深化供给侧结构性改革有机结合起来。。。以高质量供给引领和创造市场新需求。坚持提质升级和创新发展更好结合。突出体现大众化、普惠性，加快城乡消费基础设施建设，完善扩大居民消费的长效机制，切实保护消费者权益。。。稳定大宗消费优化汽车购买使用管理。各地区不得新增汽车限购措施。。。着力推动全面取消二手车限迁、便利二手车交易登记等已出台政策落地见效。。。增加城市停车位供给。。扩大新能源汽车消费。落实构建高质量充电基础设施体系、支持新能源汽车下乡。。。支持刚性和改善性住房需求。。。稳步推进老旧小区改造。。。在超大特大城市积极稳步推进城中村改造。持续推进农房质量安全提升工程，继续实施农村危房改造。。。改善农村居民居住条件。提升家装家居和电子产品消费。促进家庭装修消费，鼓励室内全智能装配一体化。。。支持可穿戴设备、智能产品消费，打造电子产品消费应用新场景。扩大服务消费扩大餐饮服务消费。。支持各地举办美食节，打造特色美食街区，开展餐饮促消费活动。因地制宜优化餐饮场所延长营业时间相关规定。。。丰富文旅消费。全面落实带薪休假制度，鼓励错峰休假、弹性作息，促进假日消费。。。推动夜间文旅消费规范创新发展，引导博物馆、文化馆、游乐园等延长开放时间，支持有条件的地区建设“小时生活圈”。。促进文娱体育会展消费。加快审批等工作进度，持续投放优秀电影作品和文艺演出。优化审批流程，增加戏剧节、音乐节、艺术节、动漫节、演唱会等大型活动供给。实施全民健身场地设施提升行动，加强体育公园建设，补齐全民健身设施短板。提升健康服务消费。坚持中西医并重，推动优质医疗资源下沉，加强基本医疗卫生服务。。。开发面向老年人的健康管理、生活照护、康养疗养等服务和产品。促进农村消费开展绿色产品下乡。完善农村电子商务和快递物流配送体系。。支持县级物流配送中心、乡镇物流站点建设改造。推行集约化配送，鼓励农村客运车辆代运邮件快件。建设村级寄递物流综合服务站，增加农村零售网点密度。推动特色产品进城。深入推进农业生产和农产品“三品一标”。。。大力发展乡村旅游。推广浙江“千万工程”经验，建设宜居宜业和美乡村。保护传承优秀乡土文化，盘活和挖掘乡村文旅资源。推动实施乡村民宿服务认证。。。拓展新型消费壮大数字消费。推进数字消费基础设施建设，丰富第五代移动通信（）网络和千兆光网应用场景。。。推动平台经济规范健康持续发展。。推广绿色消费。完善消费设施加快培育多层级消费中心。深化国际消费中心城市建设。。发展智慧商圈，打造“一刻钟”便民生活圈，构建分层分类的城市消费载体，提高居民消费便利度。加强社区便民服务。。着力补齐消费基础设施短板。。加强县域商业体系建设，建设改造一批乡镇商贸中心、集贸市场、农村新型便民商店，推动重点商贸街巷改造升级。完善消费基础设施建设支持政策。。将符合条件的项目纳入地方政府专项债券支持范围。。允许企业在符合国土空间规划、不改变用地结构和性质、确保安全的前提下，严格按文明城市规范要求和所在地临时建设、规划管理相关规定，在建设用地上搭建临时简易建筑，拓展消费新场景。优化消费环境加强金融对消费领域的支持。。加强消费信贷用途和流向监管，推动合理增加消费信贷。。持续提升消费服务质量水平。全面开展放心消费行动，完善重点服务消费领域服务标准。依法打击假冒伪劣行为。。营造放心消费环境。完善促进消费长效机制。。探索建立消费动态大数据监测平台系统，开展消费前瞻指数研究和编制。。加快消费信用体系建设。。加快清理制约消费的各种规定和做法，有序破除消费领域的体制机制障碍和隐性壁垒。。;0.0014899957428693;0.2935878846578228;0.8624787127067216;0.004601053091731682
国家发改委：下半年将出台实施恢复和扩大消费的政策文件研究出台实施大力发展银发经济政策举措国家发展改革委主要负责人表示，下半年，在扩大内需方面，一是更好发挥消费拉动经济增长的基础性作用。出台实施恢复和扩大消费的政策文件。通过大力推动就业等措施，增加居民收入。提振大宗消费，加快推进充电和停车设施建设，鼓励汽车限购地区优化限购管理政策。继续做好保交楼、保民生、保稳定工作，适时调整优化房地产政策，因城施策用好政策工具箱，更好满足居民刚性和改善性住房需求。促进服务消费“好上加好”，以暑期、中秋、国庆等假期为契机，扩大节假日消费；充分用好大运会、亚运会等各类赛事活动，发展文化、体育消费。研究出台实施大力发展银发经济政策举措。二是积极发挥投资对优化供给结构的关键作用。民间投资始终是有效投资的重点之一，要明确一批鼓励民间资本参与的重点细分领域，加强民间投资融资、用地等要素保障，支持民间资本参与盘活国有存量资产，促进民间投资逐步恢复。更好发挥政府投资带动作用，扎实推进“十四五”规划项重大工程及其他经济社会发展重大项目，加快地方政府专项债券发行和使用。;0.0051085568326947;0.185106587377197;0.5323727055288097;0.006139338611135275
国家发改委：下半年将出台实施恢复和扩大消费的政策文件研究出台实施大力发展银发经济政策举措据央视新闻，国家发展改革委主要负责人表示，下半年，在扩大内需方面，一是更好发挥消费拉动经济增长的基础性作用。出台实施恢复和扩大消费的政策文件。通过大力推动就业等措施，增加居民收入。提振大宗消费，加快推进充电和停车设施建设，鼓励汽车限购地区优化限购管理政策。继续做好保交楼、保民生、保稳定工作，适时调整优化房地产政策，因城施策用好政策工具箱，更好满足居民刚性和改善性住房需求。;0.0012771392081736;0.986679035520016;0.6665968906842651;0.010243847973282913
周一盘前重要消息面：在超大特大城市积极稳步推进城中村改造工作部署会议召开证监会召集头部券商开会就活跃资本市场及提振投资者信心征求意见中金所发布实施“长风计划”助力中长期资金入市全国消费促进工作年中推进会召开：提振汽车、家居等大宗消费预告：国新办今日举行恢复和扩大消费的措施新展开;0.0220306513409961;0.9144928000110206;0.6665968906842651;0.16377839617359194
重要利好国家发改委：下半年将出台实施恢复和扩大消费的政策文件，研究出台实施大力发展银发经济政策举措据央视新闻，国家发展改革委主要负责人表示，下半年，在扩大内需方面，一是更好发挥消费拉动经济增长的基础性作用。出台实施恢复和扩大消费的政策文件。通过大力推动就业等措施，增加居民收展开;0.0013835674755214;-0.7342439169267352;0.6667739416512463;-0.008260475025756588
国家发改委：下半年将出台实施恢复和扩大消费的政策文件研究出台实施大力发展银发经济政策举措国家发展改革委主要负责人表示，下半年，在扩大内需方面，一是更好发挥消费拉动经济增长的基础性作用。出台实施恢复和扩大消费的政策文件。通过大力推动就业等措施，增加居民收入。提振大宗消费，展开;0.0023414218816517;-0.1270225851615275;0.362012699950669;-0.0013130163343900627
基金超话周末消息杰哥的投资笔记超话、关于金融市场）监管：召集头部券商开会就活跃资本市场及提振投资者信心征求意见）中金所发布实施“长风计划”助力中长期资金入市）监管：降低北交所做市商门槛新增更符合北交所特点的两项指标）监管：上市公司大股东、董监高不得以离婚、解散清算、分立等任何方式规避减持限制、地产相关）在超大特大城市积极稳步推进城中村改造工作部署电视电话会议日在京召开）多地关于地产政策的响应合肥：为避免公摊面积比例过大要积极探索商品房销售按套内面积计价北京：抓好贯彻落实更好满足刚性和改善性住房需求深圳：更好满足居民刚性和改善性住房需求扎实推进保交楼工作广州：将尽快推出有关政策措施满足刚性和改善性住房需求、消费相关）全国消费促进工作年中推进会召开提振汽车、家居等大宗消费）国新办将举行恢复和扩大消费的措施新闻发布会国新办定于月日下午时举行新闻发布会，发改委副主任李春临和工业和信息化部、商务部、文化和旅游部、市场监管总局有关负责人介绍恢复和扩大消费的措施有关情况，并答记者问。;0.0025542784163473;0.0807652978007274;0.4838745135445766;0.0012173388507138454
转：周末重要新闻汇总：中金所发布实施“长风计划”助力中长期资金入市全国消费促进工作年中推进会召开提振汽车、家居等大宗消费月国有企业利润总额亿元同比增长北交所：以投资端建设为主线多措并举提升交投活跃度证监会降低北交所做市商门槛新增更符合北交所特点的两项指标国务院“互联网督查”平台公开征集阻碍民营经济发展壮大问题线证监会召集头部券商开会就活跃资本市场及提振投资者信心征求意见合肥：为避免公摊面积比例过大要积极探索商品房销售按套内面积计价北京市住建委：抓好贯彻落实更好满足刚性和改善性住房需求深圳市住房和建设局：更好满足居民刚性和改善性住房需求扎实推进保交楼工作美媒又放风：拜登计划月中旬前签署行政令限制美对华关键技术投资财政部发布第九次中法高级别经济财金对话联合情况说明高盛：中国股市的战术性反弹窗口已打开，沪深有望涨至点中信证券：月有望开启今年第三个关键做多窗口，行情将持续数月国务院宣布任命刘烈宏为国家数据局局长这是自年月中央、国务院印发《党和国家机构改革方案》，提出组建国家数据局后，在数据要素领域又一重要进展;0.0039378458918688;0.2513089526892629;0.6755845072928792;0.008153274427763996
策略思路周五大盘放量亿，再次拉长阳，突破日线。归功于券商爆发涨停潮，同时权重也集体拉升。周五证券涨停潮，明天龙头太平洋一字预期，这里明天参与要谨慎，只有大盘继续放量才能持续性集体大涨，否则资金只会聚焦核心。房地产周五放量滞涨，明天这里回调也有低吸机会，后续金融分歧短线资金回流房地产概率大。消费方向，海马汽车、国芳集团明天大概率会开一字，能不能全天顶住要看整体市场情绪了。周末几个重要的消息面：中金所发布实施“长风计划”助力中长期资金入市全国消费促进工作年中推进会召开提振汽车、家居等大宗消费证监会降低北交所做市商门槛新增更符合北交所特点的两项指标证监会召集头部券商开会就活跃资本市场及提振投资者信心征求意见深圳市住房和建设局：更好满足居民刚性和改善性住房需求扎实推进保交楼工作广州：将尽快推出有关政策措施满足刚性和改善性住房需求周末发酵比较多的集中在金融和消费，活跃资本市场、促销费拉经济。后续市场的机会多关注证券、房地产、零售。（声明：本微博所有内容仅为个人操作记录，个人操作计划会员可见，仅供参考，不作为任何投资建议，据此操作，盈亏自负）;0.0012771392081736;0.2505178333965908;0.5420741709402448;0.0021150532292933105
周末消息：中金所发布实施“长风计划”助力中长期资金入市全国消费促进工作年中推进会召开提振汽车、家居等大宗消费月国有企业利润总额亿元同比增长北交所：以投资端建设为主线多措并举提升交投活跃度证监会降低北交所做市商门槛新增更符合北交所特点的两项指标国务院“互联网督查”平台公开征集阻碍民营经济发展壮大问题线索证监会召集头部券商开会就活跃资本市场及提振投资者信心征求意见合肥：为避免公摊面积比例过大要积极探索商品房销售按套内面积计价北京市住建委：抓好贯彻落实更好满足刚性和改善性住房需求深圳市住房和建设局：更好满足居民刚性和改善性住房需求扎实推进保交楼工作广州：将尽快推出有关政策措施满足刚性和改善性住房需求美媒又放风：拜登计划月中旬前签署行政令限制美对华关键技术投资财政部发布第九次中法高级别经济财金对话联合情况说明周五美股三大指数收涨，道指，纳指，标普。热门中概股普涨，纳斯达克中国金龙指数涨周末发酵比较多的是大金融，毕竟周五涨最多的，大家都在车上，聊起来自然火热，其次还有房地产（多地出消息）、基建水利（台风暴雨）、汽车（消息刺激美股中概汽车股上涨）（非荐股，纯分享自己的心路）;0.0028735632183908;0.0;0.6665968906842651;0.0
周末消息：中金所发布实施“长风计划”助力中长期资金入市全国消费促进工作年中推进会召开提振汽车、家居等大宗消费月国有企业利润总额亿元同比增长北交所：以投资端建设为主线多措并举提升交投活跃度证监会降低北交所做市商门槛新增更符合北交所特点的两项指展开;0.0020221370796083;0.4343305947399528;0.9561203146669652;0.010240691037864916
北京租房提取公积金额度调整：每人每月增至元中央国家机关住房资金管理中心日发布通知指出，提高租房提取额度，无自有住房且租赁住房的可按每人每月元限额提取。为发挥住房公积金互助保障功能，支持“租购并举”的住房制度建设，助力新市民、青年人解决基本住房问题，中央国家机关住房资金管理中心（以下简称资金中心）进一步优化住房公积金提取政策、规范提取行为。;0.0037249893571732;-0.2420791552041373;0.5905592407663705;-0.006494288883260447
重庆楼市重磅重庆调整优化公积金政策重庆市住房和城乡建设委员会日出台《关于进一步优化住房公积金使用政策的通知》。七项举措支持住房公积金缴存人的刚性和改善性住房需求，租购并举助力解决新市民、青年人住房问题。其中包括：、已出售住房及其结清的商业性个人住房贷款记录不作为住房套数认定依据、加大对多子女缴存人家庭租房支持力度、住房公积金租房提取额度每人每月再次提高元;0.0001064282673478;0.9649123357550948;0.6665968906842651;0.0008348219058736311
重磅重庆调整优化住房公积金政策月日，重庆市住房公积金管理中心发布《关于进一步优化住房公积金使用政策的通知》（以下简称《通知》），七项举措支持住房公积金缴存人刚性和改善性住房需求，租购并举助力解决新市民、青年人住房问题。详情;0.0039378458918688;0.118041626065264;0.6673936200356805;0.003783220484360261
华泰固收住建部表态的三个新增信息事件住建部近日召开企业座谈会，提出要进一步落实好降低购买首套住房首付比例和贷款利率、改善性住房换购税费减免、个人住房贷款“认房不用认贷”等政策措施。点评、本轮下行中，政策层面首提“认房不认贷”。“认房认贷”属于二套房界定标准，用于约束首付比例和房贷利率。“认房”是借款人在拟购房所在地的房屋登记信息系统中拥有房屋的情况，“认贷”是借款人在银行征信系统中的房贷记录。若执行“认房认贷”，即贷款买房时，只要借款人名下有房或有房贷记录，都将被界定为二套房。实操中，各城市可能进一步细分为无房无贷、无房有贷、有房无贷、有房有贷四种类型，分级设置首付比例和房贷利率。对于住房套数认定，人群范围上以家庭为单位（包括借款人、配偶及未成年子女）。区域范围上各城市存在差异，例如北上广深认房范围为全市，成都于年月规定近郊区住房不再纳入中心城区购房时家庭总套数。房屋类型上，长沙、重庆均于年发文提出存量房用作租赁住房可不纳入家庭住房套数计算。对于房贷记录认定，年以来二三线城市已多有放松，如年月郑州打响限购限贷放松“第一枪”时，就提出了拥有一套住房且房贷已结清的家庭，在购买二套房时适用于首套房贷款政策。年以来，兰州、贵阳、太原、福州、绍兴、杭州等城市均有出台类似政策，而一线城市尚未有放松动作，认贷范围均为全国，包含已结清和未结清贷款、商贷和公积金贷款。此次住建部提出“认房不认贷”，后续落地预计对一线购房利好较明显。一线“认房认贷”标准执行较严格，以北京、上海为例，北京二套房首付最低（普宅），最高。上海二套房首付最低（普宅）、最高。若实行“认房不认贷”，对于无房有贷人群，北京首付比例可降至（普宅）或，上海首付比例可降至。此外，房贷利率也将相应下调，以目前计算，若二套变首套，北京购房的房贷利率将由下降至，上海购房的房贷利率将由下降至。相较于公积金贷款、购房补贴等，认房认贷标准调整政策力度明显更大，尤其是在房价较高的核心城市，有利于释放更多改善性购房需求。、换购住房税费优惠新政策可期年月日，财政部和税务总局联合发布《关于支持居民换购住房有关个人所得税政策的公告》，指出自年月日至年月日，对出售自有住房并在现住房出售后年内在市场重新购买住房的纳税人，对其出售现住房已缴纳的个人所得税予以退税优惠。此次座谈会提出进一步落实好改善性住房换购税费减免，当前退税优惠政策能否延期，既有税费优惠是否加强落实，新增税费优惠是否出台（如放松二手房增值税免征年限、减免契税等），后续均可以期待。、首套房首付比例和房贷利率有望进一步下调年以来，首套房贷款政策已有优化。中央层面，年月首套房贷利率下限调整为，年月试点首套房贷利率动态调整，年月升级为常态化机制，允许新房价格环比同比连续个月均下降的城市自主下调或取消首套房贷利率下限。地方层面，各城市普遍降低加点来下调房贷利率。首付比例方面，许多二三线城市首套房首付比例已下调至的下限，强二线城市首套首付的情况较多，一线首套首付比例在。此次住建部表态后，首套房首付比例和房贷利率有望进一步下调，重点关注一线强二线城市政策动作。但是利率政策属于货币政策范畴，还需要后续中央统一协调。总体来看，此次座谈会表述兼顾了刚需和改善性住房需求，而从取消认贷、但维持认房也可看出，监管层在支持更好满足合理购房需求的同时，仍注意避免刺激大幅投机性需求。“房住不炒”的隐性约束可能仍将存在，关键看销售和房价下行何时扭转。投机需求的变化仍需关注，但政策容忍度已有一定提高，后续一二线因城施策降首付、降房贷、认房不认贷等需求端放松的频次可能增加，重点关注一线城市进展。;0.0008514261387824;0.265812908523493;0.413855854593843;0.0011422412822535317
各地周末密集调整优化房地产政策，一个原则就是，能多贷不少贷，能少付首付不多付，总之一个目的，就是把房市在最短的时间内最大高度的烘托起来。加油河南延津：拥有一套住房并结清房贷的家庭再次申贷购买新房执行首套贷款政策延津县人民政府发布关于印发进一步促进房地产市场平稳健康发展若干措施的通知、关于印发延津县进城购房优惠政策的通知。通知指出，通过“以旧换新”“以小换大”等方式购买改善性新建商品住房，持续完善“带押过户”业务流程，在住房按揭贷款、网签备案和不动产登记手续办理等方面提供便利。对拥有一套住房并已结清相应购房贷款的家庭，为改善居住条件再次申请贷款购买新建商品住房，银行金融机构执行首套房贷款政策。继续延长商品房契税补贴时间。凡在年月日至年月日缴纳商品房契税，且符合补贴范围的，住宅按照缴纳契税总额的给予补贴，商业用房按照缴纳契税总额的给予补贴。提高贷款最高额度，单方按时连续足额缴存住房公积金的贷款最高额度由万提高万元，夫妻双方按时连续足额缴存住房公积金的，贷款最高额度由万提高到万元。公积金缴存职工可提取账户余额帮助其直系亲属配偶、父母、子女购房，逐步推行住房公积金贷款“带押过户”。纳税人提交申报补贴时间延长至年月日。购房群众无论是否在城区就业，其子女接受义务教育的，享受与现有城镇居民子女同等入学、转学政策；其子女接受公办职业教育或公办幼儿教育的，享受现有居民同等政策。;0.0061728395061728;-0.5540896086280414;0.667039518101718;-0.027822891196751943
房产资讯国内方面央行：最新数据显示，今年月末，广义货币（）余额万亿元，同比增长；月末社会融资规模存量为万亿元，同比增长；今年上半年社会融资规模增量累计为万亿元，比上年同期多亿元；月份人民币贷款同比多增亿元；北京：今年月已竣工各类保障性住房万套；山东：购买高品质住宅的公积金贷款额度可按一定比例上浮；成都：拟挂牌拍卖宗地，面积约万，起始总价合计约亿元；安徽亳州：从今年月初开始，亳州市推出房产促销优惠活动，面向刚性和改善性住房需求群体公开发放购房券，即购房居民在银行平台支付元购买一张电子购房券，在参与促销活动的楼盘购房可抵一万元购房款；截至六月底，当地共发放张购房券拉动近亿元销售额；上海：日，上海第二轮土拍首批正式开拍，共出让幅地块，最终幅溢价成交，幅底价成交，总揽金约亿；本轮最大看点莫过于从“一次书面报价”改为“达到最高限价后摇号”，这意味着运气将成为决胜手；广东珠海：拟将多子女家庭首套房公积金贷款额度上浮；深圳：眼下，深圳“新政”满年。时间回到年，正是深圳房地产火热之际。这一年月日，深圳针对非深户口的刚需购房者暂停了购房许可，杜绝了单纯为购房而落户深圳的购房行为。当时市场对“新政”的评价是，“像制冷剂，让深圳房地产市场迅速降温”；有业内人士表示过去年，深圳楼市变化最明显的是二手房市场，整体价格更低，与卖家有了更大的议价空间；而新房市场因为整体地价是涨的，所以价格也在缓慢上行；另据乐有家研究中心数据显示，年深圳全市二手房成交均价万元平方米，而年上半年二手房成交均价为万元平，相比年前少了约元平；香港：市场数据显示，截至月底，香港整体住宅楼价较年高位累计下跌，非住宅物业市场的情况亦相近似；本月日，香港金管局启动楼市降首付等“逆周期调节”，需要注意的是，这是香港自年实施逆周期宏观审慎监管措施以来，首次放宽针对住宅物业的措施；行业方面同城、安居客：近日，同城、安居客发布《年上半年全国租赁市场报告》。报告显示，今年上半年租赁市场普遍呈现出全面复苏的状态。其中，个城市租赁价格指数呈现环比上涨，个城市租赁价格同比指数显著上涨；从城市价格表现来看，核心二线城市及省会城市的价格表现相对更佳；同时，政策持续发力，各地保障性租赁住房推进加快，将成为市场主要增量；海外方面近年来，在欧洲能源短缺，通货膨胀加剧等因素的影响下，全球高净值人群更倾向于将房地产作为投资标的，并由此推动全球豪宅投资持续活跃，市场避险情绪浓厚。近日，莱坊发布年《财富报告》指出，年，全球超高净值人士持有的财富总量缩水，共计减少约万亿美元。其中，欧洲降幅最大，高达，其次是澳大利亚和美洲。出于资产保值的目的，去年高净值人群对房地产的投资较为活跃。《财富报告》指出，年全球有的超高净值人士购买住宅，从而使得当年成为豪宅交易第二强劲的年份，仅次于年。来自：网络综合;0.0001064282673478;0.0;0.6665968906842651;0.0
月日昨夜今晨，上市公司利好利空公告，公司发布负面公告一、公司重要消息、深改委新动作推动能耗双控转向碳排放双控、超预期月金融数据全面发力，社会融资大增，降准预期升温？人民银行发布年上半年金融统计数据报告，这是一份全面超预期的数据：中国月社会融资规模增量亿人民币，预期亿人民币；中国月货币供应同比，预期；中国月新增人民币贷款亿人民币，预期亿人民币。点评：专家指出，上半年，新增信贷投放呈靠前发力，企业端融资需求明显改善，有力支持了实体经济。在企业融资需求回升驱动下，贷款成为支撑社融新增的主要贡献力量。由于当前经济复苏的可持续性面临挑战，下半年还需要货币政策保持宽松态势，三季度存降准可能。、中报动态刷新记录林州重机预增上限超倍光伏成大幅预喜集中地预增翻倍的有家，林州重机预告净利润增速中值超倍，超越保利联合暂时领跑中报预增榜首；上海电力、亿晶光电、众兴菌业均预增超倍。预减方面，浪潮信息、中国巨石、三安光电等股业绩不佳，净利润预计增速下滑超。、集体出手自购基金经理：市场整体已经处于底部区间、多头出手人民币一度大涨超点，宏观层面释放三大利好、中国社科院金融所报告：建议阶段性提高财政赤字率，继续降息、监管摸底银行贷款直播，多家银行已排查完毕、珠海对多子女家庭公积金贷款政策征求意见：首套房贷款额度可上浮、胡锡进爆料炒股动机：想感受股民的悲欢喜怒二、偏正面公告、亿晶光电：预计上半年净利润亿元亿元，同比增长、同庆楼：预计上半年净利润为亿元至亿元，同比增长至、普利特：预计上半年净利润亿元亿元，同比增长、东鹏控股：预计上半年净利润亿元亿元，同比增长、晶澳科技：预计上半年净利润亿元亿元，同比增长三、偏负面公告、五连板大连热电：重组涉及的标的资产的审计、评估等相关工作尚未完成、西藏矿业：预计上半年净利润万元万元，同比下降、三安光电：预计上半年净利润亿元亿元，同比下降、未名医药：股东高宝林等拟减持不超股份、美吉姆：股东俞建模等拟减持公司不超股份;0.023733503618561;0.0;0.6665968906842651;0.0
国家发展改革委等部门印发《关于促进电子产品消费的若干措施》。其中提出，加快电子产品技术创新。顺应新一轮科技革命和产业变革趋势，推动供给端技术创新和产业升级，促进电子产品消费升级。鼓励科研院所和市场主体积极应用国产人工智能技术提升电子产品智能化水平，增强人机交互便利性。依托虚拟现实、超高清视频等新一代信息技术，提升电子产品创新能力，培育电子产品消费新增长点。持续推动家电下乡。有条件的地区可对绿色智能家电下乡、家电以旧换新等予以适当补贴，按照产品能效、水效等予以差异化政策支持。有序推进农村地区清洁取暖，提升农村用能电气化水平和可再生能源比重。因地制宜支持环保灶具、空气源热泵、燃气壁挂炉、太阳能热水器、家用储能设备等绿色节能家电推广使用。商务部等部门印发关于促进家居消费若干措施的通知。其中提到，组织开展家居焕新活动，鼓励有条件的地区出台针对性政策措施，引导企业提高家居消费供给质量和水平，提供更多高品质、个性化、定制化家居产品，加大优惠力度，支持居民更换或新购绿色智能家居产品、开展旧房装修。月日，财政部税政司副司长魏岩表示，下一步，财政部在落实好今年已出台的多项政策基础上，针对形势的变化，加强政策储备，积极谋划针对性强、务实管用的税费优惠政策，着力为经营主体纾困解难，不断增强发展动能，优化经济结构，推动经济持续回升向好。月日，商务部外国投资管理司司长朱冰表示，我们将推动合理缩减外资准入负面清单，进一步取消或放宽外资准入限制。修订《外国投资者对上市公司战略投资管理办法》，进一步放宽外国投资者对上市公司战略投资限制。中国经济“半年报”重磅出炉。上半年国内生产总值同比增长，比一季度加快个百分点。其中，二季度同比增长，环比增长。上半年全国规模以上工业增加值同比增长。上半年社会消费品零售总额同比增长。上半年固定资产投资（不含农户）同比增长。分领域看，基础设施投资增长，制造业投资增长，房地产开发投资下降。为进一步完善全口径跨境融资宏观审慎管理，继续增加企业和金融机构跨境资金来源，引导其优化资产负债结构，中国人民银行、国家外汇局决定将企业和金融机构的跨境融资宏观审慎调节参数从上调至，于年月日实施。月日，最新一期贷款市场报价利率（）出炉，年期报，上月为；年期以上报，上月为。均维持不变。美国截至月日当周，美国初请失业金人数下降到万，远低于预期的万，这是自月份以来的最低水平。数据表明，就业市场依然强劲。这在支撑消费者支出方面发挥了重要作用，并为今年经济避免衰退带来了希望;0.000532141336739;0.25196870196675;0.5948527406503843;0.0009726772632922312
最新事关你的家，部门发文近日印发的《商务部等部门关于促进家居消费若干措施的通知》日对外公布。通知提出，组织开展家居焕新活动，加大优惠力度，支持居民更换或新购绿色智能家居产品、开展旧房装修。网页链接;0.0001064282673478;0.9966908750093464;0.6665968906842651;0.0008623160312185553
券商观点华泰证券：促消政策细则落地提振家居消费活力板块估值有望修复华泰证券发布研究报告称，月日，商务部等部门发布《关于促进家居消费若干措施的通知》，通知从提升供给质量、创新消费场景、改善消费条件、优化消费环境四大方面提出具体举措促进家居消费。其中，供给端强调支持绿色展开;0.0003192848020434;0.6502320519955549;0.6665968906842651;0.0016877013821641927
月日，商务部、住建部等部门发布的关于促进家居消费若干措施的通知指出，鼓励各地结合城镇老旧小区改造等工作，支持居民开展旧房装修和局部升级改造;0.001064282673478;0.4308295042541579;0.9366918800210472;0.005237751464496793
条政策措施，如何促进家居消费？月日，商务部等部门发布《关于促进家居消费若干措施的通知》。个方面、条政策措施，以绿色化、智能化、适老化为“发力点”，鼓励各地结合老旧小区改造，通过政府支持、企业促销等多种方式，支持居民开展旧房装修和局部升级改造。点击视频，一起观看。新闻一加一的微博视频;0.0017028522775649;0.3850503344855172;0.6668624671347368;0.005332323101937025
“商务部等部门发文支持居民开展旧房装修和局部升级改造”，居民很高兴，还需要钱和时间助阵;0.0018092805449127;-0.9987924755638188;0.6671280435852086;-0.014701988367388867
部门：支持居民开展旧房装修改造近日，商务部等部门发文促进家居消费，鼓励家居消费促销，支持居民开展旧房装修和局部升级改造。网友评论：政府给钱吗？有钱谁不想把房子装修得好些，住得舒服些？这还用你鼓励吗？简直大言不惭;0.0002128565346956;-0.3211467539964368;0.6665968906842651;-0.0005556988656936027
部门发布促进家居消费若干措施支持居民开展旧房装修和局部升级改造发布时间：新华社电近日印发的《商务部等部门关于促进家居消费若干措施的通知》月日对外公布。通知提出，组织开展家居焕新活动，加大优惠力度，支持居民更换或新购绿色智能家居产品、开展旧房装修。展开;0.0002128565346956;-0.9978228852790478;0.6666854161677557;-0.001726820140434236
部门：发布促进家居消费若干措施商务部等部门关于促进家居消费若干措施的通知。明确提出支持旧房装修、促进绿色家居消费、智能家居消费、提升家居适老化水平，促进农村家居消费等。重点提到的“家居消费”，涨幅不算大，逻辑是家居本是房地产的一环，现在促消费政策跨过了房子，直接从装修着展开;0.0083014048531289;0.0041918114770813;0.4428584686086396;0.00018793340973311947
部门鼓励金融机构加强对家居消费的信贷支持事件：近日，商务部等部门发布关于促进家居消费若干措施的通知。其中提出，组织开展家居焕新活动，鼓励有条件的地区出台针对性政策措施，引导企业提高家居消费供给质量和水平，提供更多高品质、个性化、定制化家居产品，加大优惠力度，支持居民更展开;0.065772669220945;0.4813984211649515;0.5415800924238036;0.20912142182942509
鼓励出台针对性政策措施促进家居消费商务部等部门发布关于促进家居消费若干措施的通知，其中提出，组织开展家居焕新活动，鼓励有条件的地区出台针对性政策措施，引导企业提高家居消费供给质量和水平，提供更多高品质、个性化、定制化家居产品，加大优惠力度，支持居民更换或新购绿色智能家居产品、开展旧房装修。相关个股：顶固集创（）、喜临门（）等。;0.06747552149851;-0.0932400595678804;0.6591639364546819;-0.05057407323934843
正在装修的朋友注意啦部门发文促进家居消费商务部等部门关于促进家居消费若干措施的通知商消费发号各省、自治区、直辖市人民政府，新疆生产建设兵团家居消费涵盖家电、家具、家纺、家装等多个领域，是居民消费的重要组成部分，是人民对美好生活需要的直接体现。为贯彻落实党中展开;0.0003192848020434;-0.9754210002154792;0.6676591964861524;-0.002535775993138322
部门发文支持旧房装修部门发文促进家居消费商务部等部门发布关于促进家居消费若干措施的通知。通知里提到，支持旧房装修。鼓励各地结合城镇老旧小区改造等工作，通过政府支持、企业促销等多种方式，支持居民开展旧房装修和局部升级改造。鼓励企业开展旧房翻新设计大赛，展示升级改造优秀展开;0.0001064282673478;0.899046578188923;0.6666854161677557;0.0007779395328114522
部门发文支持旧房装修部门发文促进家居消费商务部等部门发布关于促进家居消费若干措施的通知。通知里提到，支持旧房装修。鼓励各地结合城镇老旧小区改造等工作，通过政府支持、企业促销等多种方式，支持居民开展旧房装修和局部升级改造。鼓励企业开展旧房翻新设计大赛，展示升级改造优秀案例，打造旧房装修和局部改造样板间，推出价格实惠的产品和服务套餐，满足多样化消费需求。（来源：央视财经）;0.0006385696040868;0.6241610738255037;0.6665968906842651;0.0032400663847791692
促进家居消费，支持旧房装修商务部等部门发文月日，商务部等部门关于促进家居消费若干措施的通知指出，支持家居企业开展绿色制造，鼓励有条件的地区对绿色制造示范企业出台针对性政策措施，鼓励有条件的地区对居民购买绿色家电、绿色家具、绿色建材等绿色家居产品给予支持；制定发布老年用品产品推广目录，加快制定家居产品适老化设计通用标准。支持符合条件的家居卖场等商业网点项目发行；鼓励金融机构在依法合规、风险可控前提下，加强对家居消费的信贷支持。支持旧房装修，鼓励各地结合城镇老旧小区改造等工作，通过政府支持、企业促销等方式，支持居民开展旧房装修和局部升级改造。鼓励企业开展旧房翻新设计大赛，展示升级改造优秀案例，打造旧房装修和局部改造样板间，推出价格实惠的产品和服务套餐，满足多样化消费需求。;0.0007449978714346;-0.1262108119107403;0.5837345231571746;-0.0006693490848596368
今日看盘超话股市大事（）、汇率，人民币升值，北上资金流入（消费，新能源，医药等传统价值白马）。、浪潮信息的中报暴雷，最新预告上半年业绩大降。（想想？：浪潮是不是就是一家做组装的公司？）。如果人工智能熄火了，资金就会流向底部的核心资产。、存量房贷利率终于要降了支持商业银行和贷款人重新签合同，用新发放的贷款置换存量房的贷款。央行邹澜谈“提前还款大幅增加”：支持和鼓励商业银行与借款人自主协商变更合同约定、月社融超预期、美国低于预期股票财经;0.0020221370796083;0.5635053199386255;0.8945255823723697;0.01243045658740116
存量房贷利率下调有戏？鼓励自主协商变更房贷合同肉肉酱的基金选谷日记月日，在国新办举行的新闻发布会上，央行货币政策司司长邹澜在谈到房贷“提前还款大幅增加”现象时，明确表示：“按照市场化、法治化原则，我们支持和鼓励商业银行与借款人自主协商变更合同约定，或者是新发放贷款置换原展开;0.0070242656449553;0.0740148936419243;0.451108674767484;0.002860137603473983
央行邹澜谈“提前还款大幅增加：支持和鼓励商业银行与借款人，自主协商变更合同约定存量房贷有将的希望了房地产;0.0001064282673478;0.9998556463433704;0.6665968906842651;0.0008650541249694832
央行邹澜谈提前还款大幅增加：支持和鼓励商业银行与借款人自主协商变更合同约定月日，人民银行货币政策司司长邹澜表示，今年上半年，个人住房贷款累计发放万亿元，较去年同期多发放超过亿元，对住房销售支持力度明显加大。居民使用存款或者减少其他投资提前偿还存量贷款的现象大幅增加。这种现象对住房需求并不构成影响，它是一个居民资产配置的调整。提前还款客观上对商业银行的收益也有一定的影响。按照市场化、法治化原则，我们支持和鼓励商业银行与借款人自主协商变更合同约定，或者是新发放贷款置换原来的存量贷款。央行邹澜回应银行主动下调存款利率公摊面积为何不能取消（中国网）界面的微博视频;0.001064282673478;0.3588240125621873;0.7973896515986575;0.0037135971335177974
央行谈提前还贷：支持鼓励商业银行与借款人自主协商变更合同约定新京报来自北京新京报官方账号新京报讯（记者姜慧梓）在月日举行的国新办新闻发布会上，中国人民银行货币政策司司长邹澜对居民提前还贷大幅增加的情况做出回应。今年上半年，个人住房贷款累计发放万亿元，较去年同期多发放超过亿元，对住房销售支持力度明显加大，但统计数据显示的个人住房贷款余额总体略有减少。邹澜解释，这主要是因为理财收益率、房贷利率等价格关系发生变化，居民使用存款或者减少其他投资提前偿还存量贷款的现象大幅增加。他表示，这种现象对住房需求并不构成影响，是居民资产配置的调整。尽管贷款市场报价利率下行了个百分点，但因为合同约定的加点幅度在合同期限内是固定不变的，前些年发放的存量房贷利率仍然处在相对较高的水平上，这与提前还款大幅增加有比较大的关系。邹澜表示，提前还款客观上对商业银行的收益有一定影响，但按照市场化、法治化原则，我们支持和鼓励商业银行与借款人自主协商变更合同约定，或者是新发放贷款置换原来的存量贷款。;0.0072371221796509;-0.3093913607168831;0.4767132515756522;-0.013017183111604517
央行邹澜谈提前还款大幅增加：支持和鼓励商业银行与借款人自主协商变更合同约定月日，人民银行货币政策司司长邹澜表示，今年上半年，个人住房贷款累计发放万亿元，较去年同期多发放超过亿元，对住房销售支持力度明显加大。居民使用存款或者减少其他投资提前偿还存量贷款的现象大幅增加展开;0.000532141336739;0.660869565217391;0.7593408059099019;0.003256605780909639
央行邹澜谈“提前还款大幅增加”：鼓励商业银行与借款人自主协商变更合同约定新浪新闻;0.0001064282673478;-0.5315230718471626;0.6668624671347368;-0.00046004582086163525
央行：支持鼓励商业银行与个人房贷借款人自主协商，用新发放贷款置换存量贷款央行邹澜谈提前还款大幅增加月日，国新办就年上半年金融统计数据情况举行发布会。人民银行货币政策司司长邹澜表示，居民使用存款或者减少其他投资提前偿还存量贷款的现象大幅增加。这种现象对住房需求并不构展开;0.0003192848020434;0.0385053456429926;0.5643411153632145;8.461096872805454e-05
财联社电报央行邹澜谈提前还款大幅增加支持和鼓励商业银行与借款人自主协商变更合同约定想想我那个的房贷利率，是该降降了，希望这个政策能落地房地产超话央行邹澜回应银行主动下调存款利率深圳房产超话深圳新政调控楼市;0.0003192848020434;0.0;0.6665968906842651;0.0
央行：支持鼓励商业银行与个人房贷借款人自主协商，用新发放贷款置换存量贷款央行邹澜谈提前还款大幅增加月日，国新办就年上半年金融统计数据情况举行发布会。人民银行货币政策司司长邹澜表示，居民使用存款或者减少其他投资提前偿还存量贷款的现象大幅增加。这种现象对住房需求并不构成展开;0.0013835674755214;-0.4919048802365766;0.7499314065478292;-0.006224274246863491
央行邹澜谈“提前还款大幅增加”：支持和鼓励商业银行与借款人自主协商变更合同约定按照市场化、法治化原则，我们支持和鼓励商业银行与借款人自主协商变更合同约定，或者是新发放贷款置换原来的存量贷款。这句话是近期最大的消息如果、假设对于你的房贷利率可以下降一个百分点你是不是要大宴三天。小宴一周。买买买玩玩玩消费不就起来了？这招比发消费券，牛多了（问了一圈机构解读不会动存量）;0.0037249893571732;-0.9999898274659428;0.667039518101718;-0.030301064425664694
央行邹澜谈提前还款大幅增加：支持和鼓励商业银行与借款人自主协商变更合同约定。;0.0011707109408258;-0.4083804171301615;0.8258545806780888;-0.004815084022128066
深房中协数据：月日，深圳全市有效在售二手房源套，比上周减少套，在售房源连续两周下降。上周（月日）全市二手房录得套，比上周减少套，也是连续两周小幅减少。在售房源和上周二手房录得量都是连续两周小幅减少。随着年政策满年和双证合一政策的实施，深圳将释放出大展开;0.0003192848020434;0.737558584169974;0.7598828982067899;0.002182263262100212
海曙区房票购房再享补贴在新一轮房地产市场调整中，全国已有多个城市推行了“房票”政策。据市住建部门发布的消息，宁波市级房票政策开始落地施行，市六区及高新区房票政策也已陆续发布。随着《海曙区房屋征迁安置房票实施办法（试行）》（以下简称《办法》）正式出台，海曙区的房屋征收补偿将迎来哪些变化，选择房票补偿方式会有哪些利好？记者邀请海曙区房屋征管中心相关负责人进行了权威解读。;0.0001064282673478;-0.8588956167808601;0.6665968906842651;-0.0007430984651951783
二、热点和机会现在的热点博弈都偏向于政策，像周二上涨的磷化工，钛白粉，草甘膦，还包括部分的化肥这些，这玩意都多少年没涨了，没有持续性的上涨，因为周期跟经济关联度比较高，而今年在一、二季度的旺季经济不旺，那周期都杀成狗了，所以这些我认为可能算超跌反弹。而市场关注度比较高的，像先进展开;0.0004257130693912;0.6481612635840719;0.6665968906842651;0.002243102098825494
从未下载过拼多多，看数位作家和多多打官司，因为多多卖的都是盗版，但合法合理的作家没赢。为什么没赢？唉以下为转发：很多人根本不懂拼多多的流氓佣金政策到底有多可怕。我从年开始做淘宝，年开始做天猫，去年开始入驻抖店。这三个平台上这样的，淘宝的个人店是不收佣金的，也展开;0.0306513409961685;-0.3072322528785659;0.4970552043928034;-0.05708297680973441
肥东县的房票政策来了重要通知：为了满足征迁群众对安置房多样化选择，现推出房票政策，征迁群众可使用房票购买商品房（肥东县范围）房票票面金额应安置面积安置房市场评估单价附属物补偿费搬迁补偿费搬迁奖励补助政策规定的补助原签订的产权调换协议中的应得款或减应付款。;0.0003192848020434;-0.8027420064167059;0.6667739416512463;-0.002084100018220908
挽救楼市断流的政策建议以深圳为例，来说我的一个想法。现在深圳以及所有的一线城市，还是处于限购、限售当中的。这就导致房地产市场出现了断流的情况，影响是很恶劣的。但是房租不炒这个政策肯定是正确的，那么如何在不违背这个政策的情况下，避免房地产的断流进一步持续呢？我觉得要有具体做展开;0.0020221370796083;0.0567760530898487;0.556232091561973;0.0007787849232389717
月日，国家税务总局发布《支持协调发展税费优惠政策指引》，全国性的买房减免政策来了，这将是房地产的又一个转折点。十堰城运恒大城，从本地国企的强势入驻，积极响应政策，工地全面复工，以实际行动提振市场信心十堰城运恒大城依托上海路的区域优势，全力打造生态舒居，使生活回归真谛，焕新城市人居;0.0001064282673478;0.4870480474126433;0.6665968906842651;0.00042138375075790566
税务总局并未出台楼市税收优惠新政税务总局出台楼市税收优惠新政？假的最近，一些房地产中介鼓吹，国家税务总局出台了支持个人住房税收优惠新政策，并附上相关截图。上述截图确实来自税务总局近日发布的《支持协调发展税费优惠政策指引》。只是其中有关个人住房的相关税费优惠政策并非新政，展开;0.0002128565346956;0.8965453909151928;0.6667739416512463;0.0015517565632182997
国家税务局：卖房可免增值税，买房可免契税近日，国家税务总局发布《支持协调发展税费优惠政策指引》及《支持共享发展税费优惠政策指引》，分别给出项、项税费优惠政策。《协调发展指引》中，对于买卖房产或出租提出了多项减免：（四）支持消费提振信心税费优惠个人销售住房减免增展开;0.0053214133673903;0.0088901619808422;0.5201142192043703;0.00030006897832950396
得知个最新消息，立即给所有人提个醒，请大家一起来看看：、日前国税总局发布税费优惠政策指引，涉及住房和消费领域，其中促进城乡住房发展税费优惠方面有条优惠政策，支持消费提振信心税费优惠方面有条措施。近日，国税总局发布了涉及住房和消费领域的税费优惠政策指引，共涵盖了条促进城乡住房发展的优惠政策以及条支持消费提振信心的措施。这一政策的出台，对于当前房地产市场表现不佳的情况来说，可谓是极泰来的利好表现。在房地产市场方面，条优惠政策将有望刺激城乡住房发展。这些政策可能包括降低购房税费、提高购房贷款优惠等措施，有望吸引更多购房者入市。此举有助于提振房地产市场信心，稳定市场预期，从而带动房地产业链上下游的复苏，推动房地产市场的回暖。而在消费领域方面，条税费优惠措施可能涵盖了减税减费、扩大消费者税收抵扣范围等方面。这些措施将刺激居民消费，增加居民收入支配能力，促进消费升级和消费回暖。消费的增加将直接影响到相关产业链，尤其是家电、家居、汽车等与消费密切相关的股板块，使其受益于政策红利。总体而言，这一税费优惠政策指引的出台，将积极助力房地产市场的回暖和消费的提振。对于股市场而言，房地产相关板块和消费概念板块将成为受益的主要对象。在政策的引导下，相信未来经济将继续向好发展，为投资者带来更多机遇。股票财经;0.017134951042997;0.6904308119413656;0.6057069048871995;0.08738789120736555
今日看盘超话得知个最新消息，立即给所有人提个醒，请大家一起来看看：、日前国税总局发布税费优惠政策指引，涉及住房和消费领域，其中促进城乡住房发展税费优惠方面有条优惠政策，支持消费提振信心税费优惠方面有条措施。近日，国税总局发布了涉及住房和消费领域的税费优惠政策指引，共涵盖了条促进城乡住房发展的优惠政策以及条支持消费提振信心的措施。这一政策的出台，对于当前房地产市场表现不佳的情况来说，可谓是极泰来的利好表现。在房地产市场方面，条优惠政策将有望刺激城乡住房发展。这些政策可能包括降低购房税费、提高购房贷款优惠等措施，有望吸引更多购房者入市。此举有助于提振房地产市场信心，稳定市场预期，从而带动房地产业链上下游的复苏，推动房地产市场的回暖。而在消费领域方面，条税费优惠措施可能涵盖了减税减费、扩大消费者税收抵扣范围等方面。这些措施将刺激居民消费，增加居民收入支配能力，促进消费升级和消费回暖。消费的增加将直接影响到相关产业链，尤其是家电、家居、汽车等与消费密切相关的股板块，使其受益于政策红利。总体而言，这一税费优惠政策指引的出台，将积极助力房地产市场的回暖和消费的提振。对于股市场而言，房地产相关板块和消费概念板块将成为受益的主要对象。在政策的引导下，相信未来经济将继续向好发展，为投资者带来更多机遇。股票财经;0.000532141336739;0.8900178194657942;0.6928102783441159;0.004001526734009957
支持消费、提振信心，国家放大招刚刚，国家税务总局官微发布了《支持协调发展税费优惠政策指引》。税务总局按照享受主体、优惠内容、享受条件、政策依据的编写体例，从区域协同发展、城乡一体发展、物质文明和精神文明平衡发展、经济社会统筹发展等四个方面，梳理形成了涵盖项支持协调发展的税费优惠政策指引。其中与房地产相关的内容多达条，主要涉及新房和二手房减征契税、减免增值税、减征契税等方面。这一次，国家层面落地楼市利好，而且力度空前;0.0007449978714346;0.2901150466972964;0.6099417881444162;0.0016076791404752663
国家税务总局：卖房可免增值税，买房可免契税国家释放未来将优化调整房地产政策信号后，买房卖房交易过程中的税费减免获得新进展，对楼市来说是一个不太大但也不太小的利好。月日，国家税务总局发布《支持协调发展税费优惠政策指引》，共包括项支持协调发展的税费优惠政策指引。其中涉及房地产交易的政策多达条，我认为最重要的有，个人销售住房减免增值税；个人转让自用家庭唯一生活用房免征个人所得税；个人购买家庭唯一住房或第二套改善性住房减征契税。特别是提到了买第二套房跟唯一住房有着同样的待遇，都可以减征契税。过去卖房满年，才能免征个人所得税和增值税；满年只能免增值税，但还得交个人所得税；对于非普通住房，无论满多少年都有增值税。据说，按现在的政策，一套万元住房，增值税和个人所得税预计可减免万元，这对卖房者和买房者来说无疑是巨大的利好。对于市场信心提振有一定的帮助。另外，值得一提的是，在公共住房、城乡融合区域住房改造方面，优惠力度也比较大，对于新市民、年轻人融入大城市，提振他们的信心也有积极意义。也是房地产政策可持续发展的重要前提。相信接下来，还会有更多的利好政策出台，尤其是针对改善客群的信心提振政策预期更强。房地产;0.0006385696040868;-0.0456815398073977;0.6666854161677557;-0.00023716775035702528
国税总局发布税费优惠政策指引涉及买房或租房减免增值税等国家税务总局发布《支持协调发展税费优惠政策指引》，其中，为加快城乡融合发展，深入推进新型城镇化建设，促进产业结构转型升级和区域协调发展，国家在支持城乡住房发展、加快城乡基础设施建设、培植城乡产业核心竞争力等方面出台了多项税费优惠政策。具体涉及易地扶贫搬迁贫困人口有关收入免征个人所得税；符合条件的棚户区改造支出准予企业所得税税前扣除；改造安置住房免征相关印花税；公租房租金收入免征增值税等。在支持消费提振信心税费优惠方面，涉及个人销售住房减免增值税；个人销售或购买住房免征印花税；个人租赁住房免征印花税；个人出租住房减征增值税等。;0.0017028522775649;0.0727284472522209;0.5372897153517522;0.0008114757014630307
利好政策来了官方发布买房减征契税卖房减免增值税卖房减免增值税重磅刚刚国家出手国家税务总局发布《支持协调发展税费优惠政策指引》总计条税费优惠政策，多项税费优惠政策支持消费、提振信心涉及房产买卖或出租多项税费可免征重点内容如下：个人销售住房减免增值税展开;0.0001064282673478;0.7142857142857142;0.6668624671347368;0.0006182312211139532
国税总局月日发文：支持消费提振信心税费优惠政策，个人销售住房减免增值税等。深圳会落地执行，将增值税满年免征改为满年免征吗？;0.0017028522775649;-0.4420542622816969;0.8624611102614298;-0.007917312380552786
楼市房地产在支持消费提振信心税费优惠方面，多项政策利好买卖房产或出租，其中两点需要重点留意。其一，个人销售住房减免增值税。按照现行的政策相当可以减免房屋总额的的增值税。假设房屋总额为万，即可减免万的增值税费。其二，个人购买家庭唯一住房或第二套改善性住房减征契税。按照现行政策，契税为房屋成交价。万即可减免万。假设减征一半的话缴纳万即可，大大减轻买家负担。;0.0003192848020434;0.9754861249694886;0.6665968906842651;0.0025319103792875667
城中村改造，资金体量城市等方案要来了在超大特大城市积极稳步推进城中村改造;0.0002128565346956;0.6666666666666665;0.6665968906842651;0.001153572022298915
上海最大规模“城中村”改造来了首轮集中签约数据亮了这一改造项目总投资额约亿元，改造范围约亩，也是现今上海规模最大的“城中村”改造项目。在刚刚结束的首轮集中签约期，居住类房屋任务数户，成功签约户，签约率达，跑出了城市更新的“凤溪加速度”。在超大特大城市积极稳步推进城中村改造;0.0011707109408258;0.2646447557451836;0.5768371400024397;0.0021794749749472595
合肥磨店老街城中村改造征迁现场在超大特大城市积极稳步推进城中村改造合肥少荃说的微博视频;0.001064282673478;0.6584104627703817;0.6666854161677557;0.005697185665703406
超大特大城市城中村改造的，是拆迁户的命运。所以，一生的财富要被交换时，该坚持也要坚持，必竟没有谁可以一手遮天的，诉一诉还是有效果的。不要怕，命运也要靠自己去改变。幸福也许来得很突然北京律师法律超话在超大特大城市积极稳步推进城中村改造征地拆迁法治展开;0.0002128565346956;0.9999482335944634;0.6665968906842651;0.00173026845903269
仙龙湖路打通已经提上日程了嘉和苑部分楼栋拆迁越来越近了合肥楼市房地产城市建设在超大特大城市积极稳步推进城中村改造;0.0014899957428693;0.1673719138604378;0.6665968906842651;0.002027293350054399
新一轮城中村改造会推高房价吗？随着中央逐步落子，城中村改造即将拉开新的建设序幕。中指研究院调查事业部运营总监吴建钦表示，此次城中村改造有三大亮点，一是聚焦在超大特大城市范围，二是强调积极稳步推进、避免过急，三是强调与保障性住房建设结合好，这是现阶段改造的新特征。首都经济贸易展开;0.0001064282673478;0.9459634540755056;0.6665968906842651;0.0008184277310540611
城中村改造“城中村改造”一直都在做，年在做，年在做，年在做，年也在做，不同的是，最近被频繁提及，在引爆舆论和购房圈自媒体重磅之前，仅今年，“城中村改造”已被公开提过次一次是月会议通告提出“在超大特大城市积极稳步推进城中村改造”，一次是月引起地产股大涨的截图消息，一次是月上海陆家嘴论坛上的宣言，支持超大特大城市城中村改造。一个每年都在做，今年提过三次的消息，前几天，只是重复提了一下，怎么就重磅了呢更有自媒体跟中介一起，嗨的不行，见到一个女孩子第一眼，生小孩叫什么联想都出来了。说实话，中介的很多套路或许很多人司空见惯，天天都是利好，日日都是爆炸性新闻，年年都恨不得爆涨，这没问题，你是干这个的，你要在这一行吃饭，这也并不丢脸。但是，很多自媒体以“房地产专家”的身份招摇撞骗，自己没买过一套房，自己没踩过一个盘，自己没有投资过任何城市和楼盘，仅仅靠标题和吸引人眼球的重磅内容，在网上随意拼凑一些垃圾文章，干这样的事情，那就是二百五，傻大缺因为自媒体会误导人，房地产专家是有人相信的，危害程度远胜于中介。由于外面重磅太多，甚至是有马上大涨的说法，粉丝在星球也感兴趣，博主说了自己的意见，那就是根本不重要这里详细说一下原因“城中村改造”和“棚户区改造”一样，是一直存在的，并不是今天才有的，一直在改造，这个事情每年都在做，无非现在拿出来说，可能集中度高一些，而且这个提法也一直在提，并不是今天提出来的新说法，怎么一直在做，一直在说的事情，今天再说一下，就要大涨了呢？“城中村改造”比“棚户区改造”的难度要大很多，你仔细想一想，棚户区居民，实际上是有很强烈的拆迁改善居住条件的需求的，但是城中村，虽然是村，但是房子里面的居住条件也还是可以的，甚至是装修很豪华的，他的拆迁意愿低很多，除非给一个无法拒绝的价格但是给的起吗，所以，“城中村改造”项目节奏不可能快，很多城市制定了三年的集中改造计划，恐怕是一厢情愿，这个事情的性质，就决定了不可能像“棚户区改造”一样顺利且可以集中快速进行，城中村改造可以集中，但是绝对快不了如果又快又集中，那么会集中造富，对市场还是有一定影响的，但是无法集中快速进行，这就跟平时的城中村改造，没有区别。我们在之前就讲，实际上上一轮大涨，在一二线城市“棚户区改造”对房价的影响并不大，只是对中小城市的房价影响较大，即便如此，也是因为“棚户区改造”之后的“货币化补偿”，本次要在大城市搞的“城中村改造”是否为全“货币化补偿”并不清楚，如果不是，则影响小很多。即便是全货币化补偿，但是因为的原因，注定会有一个超级漫长的谈价格过程，注定会节奏超级慢，所以释放出来的需求也不会集中，对房价的影响，也不会大。综上，博主并不认为会有很大影响，但是博主认为表态本身比表态的内容更重要，所以属于一个小利好，远远达不到影响房价甚至是像很多人说的马上大涨的程度。;0.0008514261387824;-0.9481188847032238;0.6666854161677557;-0.006563212008005648
城中村其实挺有特色的，城中村改造不一定非要推倒重来城中村在超大特大城市积极稳步推进城中村改造;0.0002128565346956;0.9986599186597972;0.6665968906842651;0.0017280392129358786
月日，中国人民银行、金融监管总局中国证监会联合召开电视会议，研究落实金融支持实体经济发展和防范化解金融风险有关工作。会议强调，要注意挖掘新的信贷增长点，大力支持中小微企业、绿色发展、科技创新、制造业等重点领域，积极推动城中村改造、“平急两用”公共基础设施建设。;0.0002128565346956;0.0524655636156166;0.6666854161677557;9.07962658175994e-05
一行一局一会首次开会新意？针对哪两个重点和焦点问题？月日，中国人民银行、金融监管总局、中国证监会联合召开电视会议，研究落实金融支持实体经济发展和防范化解金融风险有关工作。这是国务院机构改革以来金融监管层面首次联合举办会议，针对的是支持实体经济发展和防控风险两大难题。这是当下市场迫切关注的焦点问题。宏观政策陆续推出，但是经济增速还在下降，恒大、碧桂园多家巨型房企暴雷，多个理财产品暴雷、股市走低风声鹤唳的当下，一行一局一会的会议受到高度重视。央行一把手、金融监管总局二把手，中国证监会第一副主席出席会议并讲话。会议首先总结了成绩，今年以来金融持续支持实体经济恢复和回升向好。今年月，新增人民币贷款万亿元，同比多增万亿元，广义货币供应量（）、社会融资规模、人民币贷款余额保持较快增长。社会融资成本继续下降，月企业贷款利率为，同比下降个百分点。信贷结构持续优化，普惠小微贷款、绿色贷款、制造业中长期贷款增速均高于各项贷款增速，金融支持重点领域和薄弱环节取得显著成效。会议指出问题，我国经济恢复是一个波浪式发展、曲折式前进的过程。金融部门继续落实好稳健货币政策精准有力的要求，用好政策空间、找准发力方向，不断推动经济运行持续好转、内生动力持续增强、社会预期持续改善、风险隐患持续化解。会议然后强调，金融支持实体经济力度要够、节奏要稳、结构要优、价格要可持续，这是政治局会议尚未提及，也是金融部门的新提法，也是贯彻宏观调控的逆周期和跨周期调剂，要从从力度、节奏、结构以及价格等四方面来强调金融如何大力支持实体经济。具体做法分别为，一是从力度上，主要金融机构要主动担当作为，加大贷款投放力度，国有大行要继续发挥支柱作用。二是从节奏上，要注重保持好贷款平稳增长的节奏，适当引导平缓信贷波动，增强金融支持实体经济力度的稳定性。三是从重点上，要注意挖掘新的信贷增长点，大力支持中小微企业、绿色发展、科技创新、制造业等重点领域，积极推动城中村改造、“平急两用”公共基础设施建设。调整优化房地产信贷政策。四是从价格上，要继续推动实体经济融资成本稳中有降，规范贷款利率定价秩序，统筹考虑增量、存量及其他金融产品价格关系。五是从路径上，要发挥好存款利率市场化调整机制的重要作用，增强金融支持实体经济的可持续性，切实发挥好金融在促消费、稳投资、扩内需中的积极作用。会议要求，金融部门要防范化解重点领域风险的精神，统筹协调金融支持地方债务风险化解工作，丰富防范化解债务风险的工具和手段，强化风险监测、评估和防控机制，推动重点地区风险处置，牢牢守住不发生系统性风险的底线。与会者包括政策性金融机构、商业性金融机构等负责人。金融机构需要高度重视，加强对实体经济的支持，促进经济恢复和增长，至少到经济潜在增速，同时加强防范化解重点领域风险，通过促进发展来解决发展中的风险问题。经济增长风险防控一行一局一会;0.0002128565346956;0.9241682507466772;0.6666854161677557;0.0015993543263872355
周四舆情热度（附股）无人驾驶两部门：到年系统形成能够支撑组合驾驶辅助和自动驾驶通用功能的智能网联汽车标准体系（深城交、浙江世宝、索菱股份、均胜电子、德赛西威等）；小鹏汽车大众汽车品牌与小鹏汽车达成了技术合作框架协议，大众汽车将向小鹏汽车增资约亿美元，收购后者约的股权（鹏翎股份、正强股份、隆基机械、三花智控、万安科技等）；存储芯片美光推出业界首款内存层能效提升倍（江波龙、佰维存储、兆易创新、北京君正、同有科技等）；核电核能近日国家能源局发布月份全国电力工业统计数据显示，月份，全国主要发电企业电源工程完成核电投资亿元，同比增长（龙泉股份、盛邦股份、哈空调、纳川股份、哈焊华通等）；地产链会议：政治局会议指出，适时调整优化房地产政策，因城施策用好政策工具箱（光明地产、金科股份、山水比德、中达安、建科股份等）；船舶制造中信机械：造船周期持续上行，新能源动力换船驱动因素强大，下半年进入业绩兑现期（中国动力、亚星锚链、中国船舶、中船防务、中船科技等）；;0.001064282673478;0.9533171489315444;0.6665968906842651;0.008247899935388985
刚看到个最新消息，立即给所有人提个醒，请大家一起来看看：、消息一：孟晓苏：商业银行应拿出资金来支持老百姓购房让老百姓提前实现自己的住房梦。解读：近日，全国著名房地产专家、原国家房改课题组组长孟晓苏表示，商业银行应该降低存量房贷利率，减轻了购房者的压力，能够鼓励老百姓改善居住需求，同时也可以释放消费能力，建立消费信心。这个提议还是非常好的，降低贷款利率，老百姓的购房成本下降了，减轻了负担了，同时最好的就是直接房价下调，老百姓买房负担更加轻松了，全世界最高的房价估计也就是我们了。近期房地产政策重点讲的是适时优化政策。股市场房地产板块也迎来了底部超跌反弹行情，后市有望进一步反弹。、消息二：任泽平：牛市会不会来？振兴股正当时一举多得有百利而无一害。解读：任泽平发文指出，振兴股市，提振市场信心，对于经济复苏、居民收入、消费者信心、科技创新、高质量发展等都具有重要意义，一举多得，如果力度把握的好，有百利而无一害。都说是股市是经济的晴雨表，都说我们的经济实现不错的恢复增长，都说全球资本看中国，都说外资逐步增加流入中国，但是我们目前股市却有点让人瞠目结舌，外围股市今年已经再次走出牛市，德股、法股、日股、印度股市都创多年的新高了，道指都连阳准备再创历史新高了。我们的大股震荡筑底个月了，近期还跌破点，所以股雄起已经是人心所向，人心思涨，股必须雄起活跃资本市场，提振投资者信心，今年股先涨个几百点提振信心让股市上涨点，消费力更加活跃，经济就增加快速增长，很多新股民套在点，股市需要再次雄起、消息三：恒生科技指数势将进入技术性牛市。解读：香港恒生科技指数从月低点累计上涨，势将进入技术性牛市。中股股指数也就是相当于我们的恒生科技指数。恒生科技指数和中概股指数再次从月底连续上涨到今天月号，确实正在走出一波不错的反弹行情。我在月初的时候也曾经表示，中概股指数已经正在走今年的第三浪主升浪行情，中概股指数在去年的月份开启底部见底上涨行情，连续上涨到今年的月号上涨幅度超过，这是底部反弹的第一浪上涨行情，随后在月号连续回落震荡调整到月点是浪震荡调整，月份已经开启走第三浪主升浪行情，所以我们股就是底部，就是底的双底结构，开启下半年的吃饭行情了。最后，看完点赞是一种美德，祝大吉大利，旗开得胜;0.0230949340144742;-0.141121882199426;0.6667739416512463;-0.02650180212984762
最新消息，请所有人注意了今天是年的月号的星期四，现在是中午时间点分，我刚看到个最新消息，立即给所有人提个醒，请大家一起来看看：、消息一：孟晓苏：商业银行应拿出资金来支持老百姓购房让老百姓提前实现自己的住房梦。解读：近日，全国著名房地产专家、原国家房改课题组组长孟晓苏表示，商业银行应该降低存量房贷利率，减轻了购房者的压力，能够鼓励老百姓改善居住需求，同时也可以释放消费能力，建立消费信心。这个提议还是非常好的，降低贷款利率，老百姓的购房成本下降了，减轻了负担了，同时最好的就是直接房价下调，老百姓买房负担更加轻松了，全世界最高的房价估计也就是我们了。近期房地产政策重点讲的是适时优化政策。股市场房地产板块也迎来了底部超跌反弹行情，后市有望进一步反弹。、消息二：任泽平：牛市会不会来？振兴股正当时一举多得有百利而无一害。解读：任泽平发文指出，振兴股市，提振市场信心，对于经济复苏、居民收入、消费者信心、科技创新、高质量发展等都具有重要意义，一举多得，如果力度把握的好，有百利而无一害。都说是股市是经济的晴雨表，都说我们的经济实现不错的恢复增长，都说全球资本看中国，都说外资逐步增加流入中国，但是我们目前股市却有点让人瞠目结舌，外围股市今年已经再次走出牛市，德股、法股、日股、印度股市都创多年的新高了，道指都连阳准备再创历史新高了。我们的大股震荡筑底个月了，近期还跌破点，所以股雄起已经是人心所向，人心思涨，股必须雄起活跃资本市场，提振投资者信心，今年股先涨个几百点提振信心让股市上涨点，消费力更加活跃，经济就增加快速增长，很多新股民套在点，股市需要再次雄起、消息三：恒生科技指数势将进入技术性牛市。解读：香港恒生科技指数从月低点累计上涨，势将进入技术性牛市。中股股指数也就是相当于我们的恒生科技指数。恒生科技指数和中概股指数再次从月底连续上涨到今天月号，确实正在走出一波不错的反弹行情。我在月初的时候也曾经表示，中概股指数已经正在走今年的第三浪主升浪行情，中概股指数在去年的月份开启底部见底上涨行情，连续上涨到今年的月号上涨幅度超过，这是底部反弹的第一浪上涨行情，随后在月号连续回落震荡调整到月点是浪震荡调整，月份已经开启走第三浪主升浪行情，所以我们股就是底部，就是底的双底结构，开启下半年的吃饭行情了。最后，看完点赞是一种美德，祝大吉大利，旗开得胜;0.0233077905491698;-0.5497282665482695;0.6666854161677557;-0.10417315866461387
第一张图片是笑话第三张图片文字内容刀郎歌声是讽刺。当今社会人和事，应该好好品。评论速写心得与体会情绪房地产超话适时调整优化房地产政策再读看书学习分享超话家庭节能新能源静音门窗超话选择哈哈哈哈哈情绪展开;0.0011707109408258;0.968060241074928;0.6823664856815285;0.00943095019994528
今日早评：股月日周三大盘震荡回调，三大指数均小幅下跌：沪深两市全天成交亿元，较上个交易日大幅缩量亿元；个股跌多涨少，近家跌逾。板块方面：地产股继续走强，多股贡献涨停，新型城镇化方向领涨；化工化肥股盘中拉升，食品、零售以及钢铁股午后异动；概念与汽车产业链陷入调整，减速器、一体化压铸、液冷服务器、手机游戏等板块跌幅居前。午后行情波动不大，量能较中午封盘时进一步萎缩，但北上资金小幅回流（截止收盘净流入亿元）。总体而言，大盘目前还算是良性回调，接下来个交易日的表现将比较关键要么向上补缺并尝试突破日线，要么受阻回落弱势震荡。后市需要关注的，主要有两点热点板块及个股一、来深度介绍一下地产的情况消息面：周一高层开会，说了一句非常重要的话，“适应我国房地产市场供求关系发生重大变化的新形势，适时调整优化房地产政策”。且删除了房住不炒。这是重磅利好催化剂。技术面：地产板块长期超跌，调整早就到位，筹码结构抛压不重。只需要少量资金点火就能实现反转的行情。业绩面：中报业绩来看，大部分都是亏损的，但是这也是利空出尽就是利好。加上下半年房地产政策的调整，业绩会有所改善，这也是一大潜在的利好。从盘面看，还有一个方向就是炒小炒低，小是小盘的意思，低是低价的意思，几块钱的个股重新被资金青睐。金科股份，作为市场核心龙头，以及算是超跌情绪代表，是资金在指数前面弱势的情况下抱团的选择。作为核心，又是政策利好直接导向，昨天日内完成了弱转强高开缩量上板，今天大单一字加速带领地产大涨。接下来会带动更多的地产龙头做补涨。;0.0161770966368667;0.8357487922705313;0.6687215022880396;0.11025729355636378
前日热点解读、房地产理由：政治局会议：适时调整优化房地产政策，因城施策用好政策工具箱荣盛发展：河北省房地产龙头企业；预计上半年归母净利润亿元亿元，上年同期净亏损亿元锦和商管：公司为国内规模领先的文化创意产业园区运营商金科股份：公司是全国性社区地产商，住宅开发为主；长城国富有意向作为重整投资人参与公司预重整程序中南建设：、公司是全国布局的优质地产商；、公司持有上海数据交易中心有限公司股份天房发展：公司为专注天津的优质地产商华远地产：主要布局北京、天津、长沙地产商，公司通州花园好天地项目是距环球影城最近的项目迪马股份：全资子公司东原地产拥有房地产一级开发资质，主要从事住宅地产、商业地产及产业地产开发，业务覆盖华东、华西、华中、西南等各大区域新黄浦：公司是上海黄浦优质园区企业，坐拥上海市中心城区唯一一家高科技创业园区天保基建：、公司是专注天津滨海新区的开发商；、公司持股的天津中天航空持有空中客车（天津）总装有限公司的股权，空客公司的经营范围为接收完全装配并经测试的飞机组成部分和所有相关零部件，向空中客车中国有限公司提供总装服务国创高新：、公司核心业务是新房代理业务和房屋经纪业务，房屋经纪业务主要是二手房买卖与租赁；、公司云房源大数据运营平台项目已正式投入使用南国置业：、武汉商业地产小龙头、公司控股股东中国电建地产集团有限公司拟置换房地产和电网业务华夏幸福：京津冀产业地产龙头特发服务：公司聚焦园区物管赛道，在最主要的科技园区及办公物业赛道，已拥有华为、阿里巴巴、腾讯、蚂蚁金服、中国移动、大疆科技等国内顶尖的企业客户资源，其中与华为已合作近年、新型城镇化理由：国常会审议通过《关于在超大特大城市积极稳步推进城中村改造的指导意见》东方园林：生态修复行业龙头，子公司上海立源专注于水处理工艺、技术、设备的研发、制造与应用；子公司中山环保主要从事污水处理工程施工、污水处理设施运营山水比德：、民营景观设计龙头企业之一，专注于园林景观设计业务；、公司发布的自主研发的数智化产品体系山水智境和山水智能绿化属于应用。柯利达：国内知名的建筑装饰企业，江苏省内业务占比超，位列江苏省装饰行业第二清研环境：公司参与新型城镇污水处理设施建设，主要提供污水处理工艺包和核心装备正和生态：公司主营业务为滨水生态治理、生态修复及生态景观安居宝：国内楼宇对讲行业的龙头企业，主营楼宇对讲系统、智能家居系统、停车场系统、监控、防盗报警系统等启迪环境：、公司拥有较为完整的固废处置业务产业链，覆盖生活垃圾处理、有机固废资源化利用、医疗废弃物处理处置等类型项目的投资等；、公司参股子公司桑顿新能源，业务覆盖锂电池正极材料、前躯体、电芯生产；电池管理系统（）、电池封装（）、电池云平台研发；互联网二手电池回收、二手电池梯级利用、废电池再生技术等领域。超越科技：安徽省领先的固废处理环保企业；公司主要从事工业危险废物和医疗废物处置服务以及废弃电器电子产品拆解服务，工业危险废物处置能力排名省内前列，属于区域龙头之一法尔胜：控股子公司广泰源是一家以高难度废水处理、液体分离、化工浓缩为业务的高科技环保公司苏州规划：公司是江苏省内知名的规划设计与工程设计企业，为政府及各类开发建设主体提供准确有效并兼具操作性的城市规划建设解决方案森泰股份：公司的主要产品是高性能木塑复合材料、新型石木塑复合材料及装配式建筑上海凯鑫：国内领先的工业流体特种分离方案供应商；公司主营膜分离技术的研究与开发，为工业客户提供减排降耗和废弃物资源化综合利用的整体解决方案霍普股份：公司是国内知名的建筑设计技术与咨询服务提供商，以建筑方案设计为核心开展建筑设计业务，并严格按照国家各项建筑节能设计相关法规及标准进行规范设计蕾奥规划：公司在智慧城市测量、智慧城市三维仿真影像设计等方面经验丰富，年报表示建设基础平台，实现对城市中多源、异构的二三维空间数据进行统一管理，并提供对空间数据的空间计算能力和可视化能力尤安设计：国内民营建筑设计企业第一梯队；主要从事建筑设计业务的研发、咨询与技术服务，业务范围涵盖居住建筑、公共建筑及功能混合型社区等领域，拥有建筑行业（建筑工程）甲级资质嘉戎技术：公司主营业务为膜分离装备、高性能膜组件等产品的研产销，以及提供高浓度污废水处理服务、磷化工理由：草甘膦价格一个月大涨五成六国化工：华东地区规模最大的磷复肥和磷化工一体化专业制造企业，化肥品种包括氮肥、磷肥、钾肥、复合肥清水源：公司是国内主要水处理剂产品生产企业之一，水处理剂产能规模较大、产品系列丰富，包括有机磷类产品和聚合类产品，有机磷类产品主要包括、、和等；公司新老厂区共具备三氯化磷年产能万吨，公司生产的三氯化磷主要用于水处理剂产品的生产、钢铁理由：基建有望带动钢铁需求重庆钢铁：公司一季报净利润同比增长倍，因全线提产扩能提质增效，公司是重庆地区唯一符合国家产业政策的大型钢铁联合企业；主要产品板材、型材、线材、棒材、钢坯、薄板带等凌钢股份：东北地区重要的长材生产企业；公司主要产品有热轧圆钢、螺纹钢、中宽热带、线材、焊接钢管等、大消费理由：政治局会议：发挥消费拉动经济增长的基础性作用人人乐：公司实控人为西安曲江新区管理委员会；主营业务为商品零售连锁经营，拥有人人乐购电子商务平台与全球商品跨境采购平台功能国光连锁：江西省商贸流通行业首家上市企业；公司主营连锁超市、百货商场的运营业务美邦服饰：国内休闲服饰龙头之一，旗下拥有（中国驰名商标）、等国芳集团：甘肃省内最大的连锁零售企业海融科技：烘焙原料知名企业，布局新式茶饮赛道股票超话;0.0012771392081736;-0.8275083251835862;0.6666854161677557;-0.008592455014124489
周三舆情热度：地产链会议提出适应我国房地产市场供求关系发生重大变化的新形势，适时调整优化房地产政策（地产金科股份、华远地产等，钢铁水泥，建材家具等）；城中村改造新一轮城中村改造将启，同步推进扩内需惠民生（苏州规划、山水比德、霍普股份等）；无人驾驶两部门印发《国家车联网产业标准体系建设指南（智能网联汽车）（版）》（浙江世宝、德赛西威、兴民智通等）；鸿蒙华为官宣月日正式发布（润和软件、诚迈科技、常山北明等）；游戏国家新闻出版署发布月国产网络游戏审批信息（《墨迹大侠》中青宝，《梁山传奇》恺英网络，《骑士冲呀》吉比特）；电力电网国家发改委将加快推动印发《电力需求侧管理办法》发改委入夏以来全国日调度发电量三创历史新高，最高用电负荷两创历史新高（虚拟电厂国能日新、科远智慧等，电力国电电力、粤电力等）；室温超导韩国的物理学家声称发现世界首个室温常压超导体（法尔胜、西部超导、永鼎股份等）；;0.0128778203490847;0.2649436658093956;0.5685501834089934;0.023656495577745712
有学生问，与新一轮城中村改造相关的个超大城市和个特大城市，房价会起飞吗？我回答说，随着房地产政策的调整优化和城中村改造的实施，房价暂时会止跌，不排除轻微上涨，但绝不会起飞。从中长期看，房地产市场供求关系已经发生重大变化，城中村改造和政策刺激也不可能增加绝大多数普通老百姓口袋里展开;0.0003192848020434;0.421738472719781;0.6665968906842651;0.0010946378314273806
重磅信号已至解读下半年的关键政策时点政治局会议这两天市场反弹得很强，相信大家都看了解读，也了解到反弹是受到政治局会议的影响。对于我们宏观分析师来说，这样的重磅政策时点肯定是我们关注的重中之重了，所以在会议结束后，我也第一时间认真研读本次政治局会议的发言稿。整体感受是展开;0.0002128565346956;0.7794333264160103;0.6667739416512463;0.0013490569380123275
最新消息，请所有人注意了今天是年的月号的星期三，现在是下午时间点分，我刚看到个劲爆的最新消息，立即给所有人提个醒，请大家一起来看看：、消息一：国税总局发布最新税费优惠政策多项涉房产交易或出租。解读：近日，国家税务总局发布了《支持协调发展税费优惠政策指引》，其中提及，个人销售住房减免增值税、个人购买家庭唯一住房或第二套改善性住房减征契税、居民换购住房退还个人所得税等多项政策。相关的地产专家解析，这是对此类诸多优惠政策进行了梳理、总结和再宣传，更好释放税费政策宽松的信号和导向。近年来，我国对很多方面都实现了减免税政策，对房地产是我国最大的支柱的产业，实行相应的减免税收优惠政策这是必然的。对房地产产业链也是给予相当的政策温暖支持的，对维护房地产的平稳健康发展是非常有利的。近期，有关房地产相关的政策利好不断，房地产也是老百姓最为关心的话题，房地产目前依然是我国的最大的支持产业也是不争的事实，虽然房地产的高峰发展已经过去了，但是维持平稳发展也是相当于是成熟型的行业，优质的公司也会从中占比一定的市场份额。、消息二：马光远：如果不救恒大可能会引发系统性金融风险。解读：根据，在网易新闻《光远观察》节目中，著名经济学家马光远表示，恒大不是个案，如果它处理不好，一旦引发连锁效应，引发系统性金融风险，他表示，希望有一个协调机制来救恒大。近日，中国恒大披露了最新的业绩亏损超过了万亿，这大概相当于股王贵州茅台要干年才能赚的钱，相当于我们中国亿人每人拿出元才能达到的惊人数字。恒大的问题肯定要解决的，但关键看怎么解决的，资产重组并购或将是大概率事情。近期，证券市场的房地产板块也是走出了超跌反弹行情，房地产板块同样存在预期的就是资产并购重组，一些低价的房地产股票却走出了强劲的反弹行情趋势，而一些相对优质的房地产企业却反弹比较缓慢，这就是证券市场的预期炒作，对于这些我们散户一定要注意连续亏损的房企都是短期的超跌反弹，不宜恋战，不然怎么涨就会怎么跌。、消息三：沪指缩量调整跌房地产产业链持续大涨。解读：今天周三的股维持全天的缩量震荡整理的行情走势，今天缩量成交两市全天成交亿，较昨日缩量亿，外资净买入亿，收盘上证指数跌，深证成指跌，创业板指跌。近日政策消息上房地产政策暖风不断，适时调整优化房地产政策，城中村改造，坚持股债联动，继续保持房企资本市场融资渠道稳定等利好不断，今天股市场房地产产业链持续大涨。周三的股市行情，不单止股震荡调整，港股恒生指数、恒生科技指数也是小幅震荡调整，韩国股市跌超，日经指数也是震荡下跌，刚刚欧盘开市欧洲股市也是震荡下跌为主，美股三大股指期货也是小幅震荡下跌，全球金融市场在等待月号美联储的议息会议决议。周三周四股小阴小阳是震荡蓄势，健康良性的震荡，本周依然看高。最后，看完点赞是一种美德，祝大吉大利，旗开得胜;0.0310770540655598;0.0933780013340637;0.6669509926182274;0.02360282808045768
最新消息，最新消息，所有人注意了今天是年的月号的星期三，现在是下午时间点分，我刚看到个劲爆的最新消息，立即给所有人提个醒，请大家一起来看看：、消息一：国税总局发布最新税费优惠政策多项涉房产交易或出租。解读：近日，国家税务总局发布了《支持协调发展税费优惠政策指引》，其中提及，个人销售住房减免增值税、个人购买家庭唯一住房或第二套改善性住房减征契税、居民换购住房退还个人所得税等多项政策。相关的地产专家解析，这是对此类诸多优惠政策进行了梳理、总结和再宣传，更好释放税费政策宽松的信号和导向。近年来，我国对很多方面都实现了减免税政策，对房地产是我国最大的支柱的产业，实行相应的减免税收优惠政策这是必然的。对房地产产业链也是给予相当的政策温暖支持的，对维护房地产的平稳健康发展是非常有利的。近期，有关房地产相关的政策利好不断，房地产也是老百姓最为关心的话题，房地产目前依然是我国的最大的支持产业也是不争的事实，虽然房地产的高峰发展已经过去了，但是维持平稳发展也是相当于是成熟型的行业，优质的公司也会从中占比一定的市场份额。、消息二：马光远：如果不救恒大可能会引发系统性金融风险。解读：根据，在网易新闻《光远观察》节目中，著名经济学家马光远表示，恒大不是个案，如果它处理不好，一旦引发连锁效应，引发系统性金融风险，他表示，希望有一个协调机制来救恒大。近日，中国恒大披露了最新的业绩亏损超过了万亿，这大概相当于股王贵州茅台要干年才能赚的钱，相当于我们中国亿人每人拿出元才能达到的惊人数字。恒大的问题肯定要解决的，但关键看怎么解决的，资产重组并购或将是大概率事情。近期，证券市场的房地产板块也是走出了超跌反弹行情，房地产板块同样存在预期的就是资产并购重组，一些低价的房地产股票却走出了强劲的反弹行情趋势，而一些相对优质的房地产企业却反弹比较缓慢，这就是证券市场的预期炒作，对于这些我们散户一定要注意连续亏损的房企都是短期的超跌反弹，不宜恋战，不然怎么涨就会怎么跌。、消息三：沪指缩量调整跌房地产产业链持续大涨。解读：今天周三的股维持全天的缩量震荡整理的行情走势，今天缩量成交两市全天成交亿，较昨日缩量亿，外资净买入亿，收盘上证指数跌，深证成指跌，创业板指跌。近日政策消息上房地产政策暖风不断，适时调整优化房地产政策，城中村改造，坚持股债联动，继续保持房企资本市场融资渠道稳定等利好不断，今天股市场房地产产业链持续大涨。周三的股市行情，不单止股震荡调整，港股恒生指数、恒生科技指数也是小幅震荡调整，韩国股市跌超，日经指数也是震荡下跌，刚刚欧盘开市欧洲股市也是震荡下跌为主，美股三大股指期货也是小幅震荡下跌，全球金融市场在等待月号美联储的议息会议决议。周三周四股小阴小阳是震荡蓄势，健康良性的震荡，本周依然看高。最后，看完点赞是一种美德，祝大吉大利，旗开得胜;0.0295870583226905;-0.5383433207448269;0.6665968906842651;-0.12948220988277706
基金股票钛媒体每日收评今日股收评：沪指收跌，房地产板块掀涨停潮截止月日收盘，沪指报点，跌，成交额为亿元（上一交易日成交额为亿元）；深成指报点，跌，成交额为亿元（上一交易日成交额为亿元）；创业板指报点，跌，成交额为亿元（上一交易日成交额为亿元）。两市全天成交额亿元，较上一交易日大幅缩量亿元，近股下跌。今日，北上资金净流入亿元，其中沪股通净流入亿元，深股通净流入亿元。板块方面，减速器板块震荡走低，丰立智能、领益智造跌超，通力科技、中马传动跌超，昊志机电跌，秦川机床、奥联电子、优德精密、汉宇集团跌超；传媒板块全天低迷，南方传媒、广西广电等跌超，果麦文化、电广传媒、人民网等跌超；汽车零部件板块走低，泰祥股份领跌，维科精密跌；汽车整车板块持续走弱，赛力斯跌超，江淮汽车、众泰汽车跌超，安凯客车、东风汽车、中通客车、金龙汽车跌超；房地产服务板块涨幅居前，特发服务涨超，我爱我家涨，南都物业涨，新正大、世联行涨超；房地产开发板块掀涨停潮，南国置业、中南建设等十余股相继涨停；新型城镇化板块表现活跃，清研环境、苏州规划、山水比德涨停，清水源、蕾奥规划、尤安设计、霍普股份涨超；磷化工板块普涨，六国化工涨停，川金诺涨，金正大涨，湖北宜化晨化股份、云图控股涨超；贵金属概念全线飘红，中润资源、四川黄金涨超，西部黄金、山东黄金、银泰黄金涨超；钢铁板块午后冲高，凌钢股份、重庆钢铁双双涨停，山东钢铁涨，酒钢宏兴涨超，安阳钢铁涨。消息面：、乘联会预测月狭义乘用车零售销量万辆，环比下降，同比下降，其中新能源零售万辆左右，环比下降，同比增长，渗透率约。、中共中央政治局月日召开会议，会议指出，要切实防范化解重点领域风险，适应我国房地产市场供求关系发生重大变化的新形势，适时调整优化房地产政策，因城施策用好政策工具箱，更好满足居民刚性和改善性住房需求，促进房地产市场平稳健康发展。、近期粗钢限产政策再起，市场有传闻称，“河北、江苏、天津，山东等地钢厂压粗钢平控落地”。国投安信期货指出，如果进行粗钢平控，下半年粗钢产量基本同比持平，粗钢平控的主要压力会在于河北和山东省，压力时间段会主要集中于四季度；对应的三、四季度铁水产量将环比下滑和，炼钢利润会有所扩张。、中核钛白公告，月日起，全面上调公司各型号钛白粉销售价格；其中国内客户销售价格上调元人民币吨，国际客户销售价格上调美元吨。;0.0002128565346956;-0.0436555759327463;0.6667739416512463;-7.55598402057057e-05
认房不认贷最近讨论比较热烈，提供一个跳出跳出房地产的视角，此次主推的降首付和放松认房认贷，实际上还是希望居民部门能够继续负担起加杠杠的任务。你说为什么不不加政府和企业部门？其实在加，年到现在一直在尝试，无论是去年的政府专项债还是支持小微企业贷款一直在做，但效果的确很一般，地方政府今年开始暴雷，前段时间昆明和贵州还有印象吧：企业跟不用说，大家随便找个移民中介问问就能感受出来。回到居民部门看来，问题来了，老百姓还加的动吗？虽然号称我国居民部门杠杆率还处于世界中等水平，但考虑到前面的丹麦、挪威甚至棒子国，在育儿、教育、医疗方面提供的社会保障都远超我们，中国普通老百姓的实际杠杠率应该更接近“掏空六个钱包”，那这波效果如何？在具体政策落地三个月后大家再观察。最后回到房地产的视角，你说这次放松是后续一系列放松的第一步，我觉得大概率不会，不要看说辞是什么，核心是希望居民部门加杠杆，后面大家讨论的放松限购限售，其实跟加杠杠已经没有直接关系了，现在走的是经济一整盘棋，而不是单独一个行业去调整。;0.0001064282673478;-0.8729374208278586;0.6665968906842651;-0.0007552471394135942
天内提支持“住房需求”月日至月日，近期官方密集表态支持刚性和改善性住房需求。月日，中政局召开会议，分析研究当前经济形势，部署下半年经济工作。会议指出，要适应我国房地产市场供求关系发生重大变化的新形势，促进房地产市场平稳健康发展。适时调整优化房地产政策。因城施策用好政策工具箱。更好满足居民刚性和改善性住房需求。月日，住房和城乡建设部召开企业座谈会，会上住建部部长倪虹表示，要继续巩固房地产市场企稳回升态势：大力支持刚性和改善性住房需求。进一步落实好降低购买首套住房首付比例和贷款利率、改善性住房换购税费减免、个人住房贷款“认房不用认贷”等政策措施。继续做好保交楼工作，加快项目建设交付，切实保障人民群众的合法权益。月日，发改委发布恢复和扩大消费二十条措施，在房地产方面，重点提出了“支持刚性和改善性住房需求”。月日，国常会：要调整优化房地产政策，根据不同需求、不同城市等推出有利于房地产市场平稳健康发展的政策举措，加快研究构建房地产业新发展模式。这和之前中政局所提出的政策支持方向一脉相承。;0.000532141336739;0.253424657534246;0.6666854161677557;0.001096434069535301
你们怎么定义这次房地产政策变化？松绑而已绑得太紧了，有点痛，松一松，绳子还在身上呢认房不认贷，还有个认房在呢也就是说限购和限贷还在。支持的是刚需和改善，首次购房和卖旧换新，可不是鼓励你多买房。这一轮宏观调控持续了近年。从年月一线城市开始限购限贷限售，毫无作用，限制政策扩展到所有一线和二线城市，也没能刹住车，开发商销售规模和杠杆反而继续飙升。直到三根红线，掐住开发商的融资命脉，才算把火灭了。本轮调控政策还没有结束，（口径是优化而不是取消），但应该接近尾声了。这大概是人类有史以来持续时间最长的调控政策了。什么时候这些限制政策都取消了，这轮调控才算结束。不过，个人猜测，限购政策取消之日，就是房产税开征之时。（都是认房嘛）;0.0027671349510429;0.3987124111127103;0.5493059187422854;0.007390776605296237
东莞楼市东莞房贷多年的调空，搞出了这么多复杂的东西认房又认贷，认房不认贷，认贷不认房，认房又认贷款记录，认货款记录不认房。;0.0012771392081736;0.3640651726544551;0.8823730414129443;0.005003285742325202
这个红色的图片，此时在网络上热议，好几个公众号推送过来了，不会解读，对市场到底是起什么作用？今天中午大家一起聊天，这两天在说认房不认贷，后应该是主力军，这个年龄段现在是各个领域的消费主力，对于还会不会买房，一致认为如果不用考虑孩子选学校，根本不会考虑买房换房，每个月要还贷的感觉非常不好。那么也就是说，孩子的教育是她们的重中之重，只有有利于孩子读书的，才会让她们甘愿贷款透支未来来消费。出台这个出台那个，究竟有没有用，只有交给时间了。;0.0002128565346956;0.6984973470658988;0.6665968906842651;0.0012086504958378542
刚需房价格稳定性较差反而豪宅、核心地段房价坚挺住房和城乡建设部部长倪虹在近日召开的企业座谈会上说，要继续巩固房地产市场企稳回升态势，大力支持刚性和改善性住房需求，进一步落实好降低购买首套住房首付比例和贷款利率、改善性住房换购税费减免、个人住房贷款“认房不用认贷”等政策措施。展开;0.0004257130693912;0.0;0.6666854161677557;0.0
住建部明确落实“认房不认贷”意味着什么？专家解读新浪新闻;0.0002128565346956;-0.206349206349206;0.6665968906842651;-0.00035705800690204463
“认房不认贷”威力在哪？已有业主和购房者转变态度，一线城市或有条件落地因吸取香港的教训。房地产房地产政策认房不认贷“认房不认贷”威力在哪？已有业主和购房者转变态度，一线城市或有条件落地;0.0002128565346956;0.9999257211137303;0.6668206532752836;0.0017308103061252544
碧桂园撑不住了，碧都说这么明白。碧桂园也是不给监管面子吗？明明政策利好就在眼前，君子不在危墙之下。中国民营房地产都站在悬崖边缘、狼来了的故事、健康发展房地产市场、支持民营施工企业，哈哈、狼来了嘴炮、解决不了房企资金问题啊我觉得那个首套房比例，还有认房不认贷的政策引导销售、就看购房者的需求了、认房不认贷真的落实了，对销售端还是明显利好啊。实际情况是银行和政府政策是割裂的，地方政府并不能完全约束银行，银行对房企的各种支持都是很谨慎的。碧桂园可能真的知道生命危险了、撑不了多久了，现在已经是负经营性现金流了，新增的融资金额又比到期的少，即便房市真回稳要受益到他的三四线能传导到多少及需要多少时间也是未知，年、三年、五年？房地产政策再读看书学习分享超话家庭节能新能源静音门窗超话再读看书学习分享超话青春故事看中国爆雷房企退市第一例;0.0069178373776074;0.0036275416971633;0.4251572127879897;0.0001301121985731095
认房不认贷，你们说卖掉二三线城市的房子的人，准备在大城市买的人，这类群体有多少人？;0.0002128565346956;-0.1385407938381386;0.6665968906842651;-0.00023972517557813798
落实认房不认贷，透露着什么信号？财经红股摆渡人的微博视频;0.0001064282673478;0.9990981313896484;0.6665968906842651;0.0008643987389266681
预计将取消此前房地产市场过热时期的限制性措施，比如限购、限贷、限价，“认房不认贷”是此次重大利好，这意味着无论购房者是否有贷款记录，只要购房者证明自己名下没有房产，就可以按照第一套房贷款标准按揭买房。目前，限购较严格且执行认房又认贷政策的城市主要包括北京、上海、广州、深圳、成都等十余个核心城市。而包括杭州、南京、苏州、郑州、无锡、天津、佛山、珠海等超城已经对“认房又认贷”政策进行过优化调整。当前北京二套商业贷款最低首付普宅，非普通住房为，房贷利率。如果改为“认房不用认贷”，换房家庭首付比例可以调整为、房贷利率可以降至。上海当前同样也执行认房又认贷政策，二套首付比例高达、房贷利率。若“认房不认贷”，则首付比例可以调整为、房贷利率可以降至。对于购房者来说，如果一二线城市取消认房认贷，将是一个重磅利好，不仅可以大幅降低购房首付降低改善门槛，还可以降低购房成本、减轻还款压力。;0.029267773520647;0.2068807895426035;0.6698723335734175;0.04946381332622562
荔湾播报楼市大消息住建部最新明确住房和城乡建设部近日召开企业座谈会，会上强调，要继续巩固房地产市场企稳回升态势，大力支持刚性和改善性住房需求，进一步落实好降低购买首套住房首付比例和贷款利率、改善性住房换购税费减免、个人住房贷款“认房不用认贷”等政策措施；继续做好保交楼工作，加快项目建设交付，切实保障人民群众的合法权益。;0.0003192848020434;0.2877814258285525;0.6666854161677557;0.0007470465492851237
螺纹钢螺纹：认房不认贷，大家认为是利好房产吗？目前的政策对一些有购买能力的是好事，但是目前大家差的是信心啊，不差负债啊，对于刚需来说，无所谓，本来就一套，而且房产火热的时候市场最多的是炒房客，是买升值的预期，是买经济的预期，就目前的态势来说，可能这个需要很久的情绪回暖，基调还是只住不炒，目前笔者认为就是在炒现饭，不管你加了多少调味剂，饭的本质没改变也好吃不到哪里去。;0.0002128565346956;0.9999450297168536;0.6665968906842651;0.0017302629151773295
北京推出认房不认贷的政策，这个政策完全正确。当时，认房又认贷，是基于炒房而制定的，现在购房的都是改善性需求了，银行理应支持。;0.0004257130693912;0.5330698874208437;0.6666854161677557;0.0018450485180040652
说是北京己启动认房不认贷了，也许能刺激很多人改善住房，买些新房，或者换大一点的房子，那这样二手房或许更多卖不出去了;0.0002128565346956;-0.3786407766990292;0.6665968906842651;-0.0006551841097522966
认房又认贷的杀伤力究竟在哪里？看看图表就知道了。有些城市因此将二套房的首付比例达，普通住宅最低，房贷利率最低。而目前有北京、上海、广州、深圳、长沙、合肥、成都、海口、厦门、福州、三亚、重庆等十几个核心一二线城市还在执行“认房又认贷”政策。如果实施“认房不认贷”，那么商业银行在确定贷款比例时，只按照家庭名下在当地是否有房来认定，不管购房家庭是否有住房贷款记录。;0.001064282673478;-0.0917908901342384;0.6208677342341442;-0.0007396757255558178
卡努楼市重大转折，史诗级重磅利好消息来了认房不认贷才刚刚开始，现在一线城市也迎来了重磅，利好消息，北京住建委，深圳住房和建设局，广州都发出了同样的信息。北京：“抓好贯彻落实，更好满足刚性和改善性住房需求”深圳：“更好满足居民刚性和改善性住房需求，扎实推进保交楼工作”广州：“将尽快推出有关政策措施，满足刚性和改善性住房需求”目前来看四大一线城市当中就差上海了，估计啊很快也会出炉了，我们可以看到都在呼吁要满足刚性和改善性的住房需求。换句话说啊，只要你是合理的买房需求，我们都应该大力的支持，也就是说房价不会暴跌，你们到底还在等什么？;0.0002128565346956;0.9972751632103108;0.6665968906842651;0.0017256430902194986
来自于楼市的消息，住建部表态之后，北京，深圳，广州三个一线城市纷纷跟进，而且说法都一样，结合本地市场的实际情况，会同相关部门抓紧落实，大力支持和更好的满足居民的刚性和改善性住房需求。促进当地房地产市场的平稳健康发展。但是，到底是降低首付比例，还是打破认房又认贷的限制，又或者是限购政策调整，还有大家关心的存量房贷到底怎么弄，这些都没提。看到这几个一线城市的表态，心里比较想笑，这些人真挺鬼的，都想先出个模糊的表态，然后看看别人的动作。看谁能先走一步，好了自己再跟进，不好，马上站在道德的制高点批判。但大家都鬼一块去了，最后谁也没有实际措施。其实这次楼市政策调整，一线城市是关键中的关键，到底政策怎么动，不但大家心里没底，连政策制定者心里也没底。他们也怕出乱子。这种放松的消息刚出，据说有些地方的房东已经开始要涨价了，这其实是政策最怕看到的结果。比如北京一放松，房价再涨一波，就守着领导的眼皮底下，这还真不好交代。所以现在也是十分纠结。反正老齐依旧是原来的观点，一线城市放开的意义不大，先把二三四线松了就行。一线即便要松，也必须有条件的松。决不能原地掉头。否则危害无穷。这次受损的主要是中产的资产负债表，富人并未受到太大的损失，如果让富人去加杠杆，他们是有这个能力的。也就是说，高端的住宅甚至豪宅是有被继续炒高可能的。所以这块不得不防，富人可以不限购，但是不能再让他们贷款，如果要让贷款，就必须加上限购。决不能两个都松。楼市财经股市一线城市;0.0035121328224776;-0.1106554232432553;0.5314652717375798;-0.0025188611550735923
发布了头条文章：《月日天津、北京、深圳、郑州四城房产资讯》央行超话贷款个人住房贷款认房不认贷人才公寓;0.0001064282673478;0.9970121624887168;0.6665968906842651;0.000862594002404043
当下管理层出台两个核心政策，认房不认贷，降低首付。这将对全国的房地产，乃至经济，股市都有深远的影响。降低首付好理解，从三成降到二成，甚至降到成。这个认房不贷是什么意思？就是你只要证明你名下没有房产，不管以前有没有过房贷，就算第一套。这最主要的还是针对一线大城市，放宽了整个购买资格，让被资格挡在地产外面的人群，进场入市，让楼市产生更大的成交量。有三重解读：一，房地产利率会不断下降，不管是存量房，还是一手房，必然会降，这是趋势。未来有可能降到，，房贷捆绑了消费，利率降低，能解决很多问题。当然，贷款利率降低，存款利率一定会降低。如果存银行没有利息，钱流往何处，必然要进入股市，股市将成为一个巨大的蓄水池。二，降低首付比例，如果不降利息，其实你将还更多利息，后半生可能都将为银行打工，所以只降首付，未必能起到逆转市场的作用。三，现在是稳定地产不跌，并不是重新鼓励炒房，是为了用房地产经济减缓眼下的经济问题。即使重启地产，也只是权宜之计，不可能长期依赖地产，最终一定要走科技兴国路线。全力发展制造业，打通并繁荣一带一路，找到中国新的增长点。;0.0020221370796083;-0.75755219290505;0.8488314339475826;-0.015857338937294532
房地产“认房不认贷”有望全国落地，你认为这个政策对于促进买房意义大不大？;0.0101106853980417;0.495643821943067;0.6665968906842651;0.04073796027884426
房地产财联社年月日适应我国房地产市场供求关系发生重大变化的新形势，适时调整优化房地产政策，因城施策用好政策工具箱，更好满足居民刚性和改善性住房需求，促进房地产市场平稳健康发展。要加大保障性住房建设和供给，积极推动城中村改造和平急两用公共基础设施建设，盘活改造各类闲置房产。年月日坚持房子是用来住的、不是用来炒的定位，因城施策，支持刚性和改善性住房需求，做好保交楼、保民生、保稳定工作，促进房地产市场平稳健康发展，推动建立房地产业发展新模式。在超大特大城市积极稳步推进城中村改造和平急两用公共基础设施建设。规划建设保障性住房。在超大特大城市积极稳步推进城中村改造生活服务家庭节能新能源静音门窗超话房地产超话房地产青岛超话育儿家庭生活健康生活;0.0001064282673478;-0.7249454141468403;0.6665968906842651;-0.0006272075605902714
经济财经头条文章政策市场喊口号不能替代具体举措牛市是真金白银堆出来的不是喊口号喊出来的政治局月日召开会议，分析研究当前经济形势，部署下半年经济工作。会议认为，今年来，国民经济持续恢复、总体回升向好，高质量发展扎实推进，产业升级厚积薄发，粮食能源安全得到有效保障，社会大局保持稳定，为实现全年经济社会发展目标打下了良好基础。会议指出，当前经济运行面临新的困难挑战，主要是国内需求不足，一些企业经营困难，重点领域风险隐患较多，外部环境复杂严峻。疫情防控平稳转段后，经济恢复是一个波浪式发展、曲折式前进的过程。我国经济具有巨大的发展韧性和潜力，长期向好的基本面没有改变。会议强调，做好下半年经济工作，要坚持稳中求进工作总基调，完整、准确、全面贯彻新发展理念，加快构建新发展格局，全面深化改革开放，加大宏观政策调控力度，着力扩大内需、提振信心、防范风险，不断推动经济运行持续好转、内生动力持续增强、社会预期持续改善、风险隐患持续化解，推动经济实现质的有效提升和量的合理增长。会议指出，要用好政策空间、找准发力方向，扎实推动经济高质量发展。延续、优化、完善并落实好减税降费政策，大力支持科技创新、实体经济和中小微企业发展。要活跃资本市场，提振投资者信心。会议强调，发挥消费拉动经济增长的基础性作用，通过增加居民收入扩大消费。要提振汽车、电子产品、家居等大宗消费，推动体育休闲、文化旅游等服务消费。会议指出，要大力推动现代化产业体系建设，加快培育壮大战略性新兴产业、打造更多支柱产业。要推动数字经济与先进制造业、现代服务业深度融合，促进人工智能安全发展。会议强调，坚决整治乱收费、乱罚款、乱摊派，解决政府拖欠企业账款问题。精心办好第三届“一带一路”国际合作高峰论坛。会议指出，要切实防范化解重点领域风险，适应我国房地产市场供求关系发生重大变化的新形势，适时调整优化房地产政策，因城施策用好政策工具箱，更好满足居民刚性和改善性住房需求，促进房地产市场平稳健康发展。会议强调，要加大民生保障力度，把稳就业提高到战略高度通盘考虑，兜牢兜实基层“三保”底线，扩大中等收入群体。要加强耕地保护和质量提升，巩固拓展脱贫攻坚成果，全面推进乡村振兴。要坚决防范重特大安全事故发生，保障迎峰度夏能源电力供应。;0.0006385696040868;0.997639780062332;0.6670340509981344;0.0051822183424198465
看了今天的大会，生和我这两个月对经济的判断和对未来经济趋势的预判基本都能对应上吧？搞战略投资，趋势投资就要看大方向。我不怕岁月史书，月以来的微博都在，生产队队员应该都知道。我上周说因为上半年的经济数据，年中一定会出政策，会托一托地产，没错吧？今天最重要的几项，我捞干的说：第一，不再提“芳住吵”对吧，要降低房地产风险，结合上周五的“城中村改造”一起看，就很明白了吧。原话：适时调整优化房地产政策，因城施策用好政策工具箱，更好满足居民刚性和改善性住房需求，促进房地产市场平稳健康发展。不需要更清楚的说了吧？我预估对存量房贷款利率会有调整，下半年至少还有一次甚至两次降息。第二，刺激经济和地产的钱从哪里来，民间是大头，保护民间资本投资，这点上周也说过了，马花疼还特意表态了，也就是民间资本有地方投资，不要怕。原话：要建立健全与企业的常态化沟通交流机制，鼓励企业敢闯、敢投、敢担风险，积极创造市场。要支持有条件的自贸试验区和自由贸易港对接国际高标准经贸规则，推动改革开放先行先试，这个应该是。第三，要积极扩大国内需求，发挥消费拉动经济增长的基础性作用，提振汽车、电子产品、家居等大宗消费，这点没问题，下半年汽车刺激政策会陆续加码和落地，家居的大宗消费和房地产连在一起。不过最后我还是要说，降低地产在里的份额，长期要降低地产的杠杆，这点没变，只是要权衡这个过程对经济和就的影响，不能降的太快，太快经济撑不住，还有央财税博弈的问题，显然现在是需要缓和对冲的，不是激烈交锋的时候，时机不对，地方太大的问题需要第三次全面配套改革（地产金数字）。我这两个月做的判断是基于理性的经济和工业分析，基于我这快年在工业领域的工作经验和对国内外经济的观察，不是用念经和取悦粉丝去分析经济。;0.1629416773094934;-0.286684568878;0.4595287248478534;-0.2617790373041592
下半年经济工作会议（月日）一、困难挑战：主要是国内需求不足，一些企业经营困难，重点领域风险隐患较多，外部环境复杂严峻。疫情防控平稳转段后，经济恢复是一个波浪式发展、曲折式前进的过程。二、下半年经济工作总体要求：坚持稳中求进总基调；着力扩大内需、提振信心、防范风险，推动经济运行持续好转、内生动力持续增强、社会预期持续改善、风险隐患持续化解，推动经济实现质的有效提升和量的合理增长。三、具体措施：、用好政策空间、找准发力方向，扎实推动经济高质量发展；、精准有力实施宏观调控，加强逆周期调节和政策储备；、实施积极的财政政策和稳健的货币政策，延续、优化、完善并落实好减税降费政策，发挥总量和结构性货币政策工具作用，大力支持科技创新、实体经济和中小微企业发展；、保持人民币汇率在合理均衡水平上的基本稳定；、活跃资本市场，提振投资者信心；、扩大国内需求，发挥消费拉动经济增长，增加居民收入扩大消费，通过终端需求带动有效供给，把扩大内需战略同深化供给侧结构性改革结合；、提振汽车、电子产品、家居等大宗消费，推动体育休闲、文化旅游等服务消费；、发挥政府投资带动作用，加快地方政府专项债券发行和使用；、制定出台促进民间投资的政策措施；、多措并举，稳住外贸外资基本盘；、增加国际航班，保障中欧班列稳定畅通。、大力推动现代化产业体系建设，加快培育壮大战略性新兴产业、打造更多支柱产业；、推动数字经济与先进制造业、现代服务业深度融合，促进人工智能安全发展；、推动平台企业规范健康持续发展；、持续深化改革开放，坚持“两个毫不动摇”，提高国有企业核心竞争力，优化民营企业发展环境；、坚决整治乱收费、乱罚款、乱摊派，解决政府拖欠企业账款问题；、建立健全与企业常态化沟通交流机制，鼓励企业敢闯、敢投、敢担风险，积极创造市场；、支持有条件自贸区和自贸港对接国际高标准经贸规则，推动改革开放先行先试；办好第三届“一带一路”国际合作高峰论坛；、防范化解重点领域风险，适时调整优化房地产政策，因城施策用好政策工具箱，更好满足居民刚性和改善性住房需求，促进房地产市场平稳健康发展；、保障性住房建设和供给，积极推动城中村改造和“平急两用”公共基础设施建设，盘活改造各类闲置房产；、有效防范化解地方债务风险，制定实施一揽子化债方案；、加强金融监管，稳步推动高风险中小金融机构改革化险；、加大民生保障力度，把稳就业提高到战略高度通盘考虑，兜牢兜实基层“三保”底线，扩大中等收入群体；、加强耕地保护和质量提升，巩固拓展脱贫攻坚成果，全面推进乡村振兴；、坚决防范重特大安全事故发生，保障迎峰度夏能源电力供应。四、机制保障：牢固树立正确政绩观，激发干事创业的积极性，勇于担当作为，善于攻坚克难，推动高质量发展取得新成效。;0.0008514261387824;0.4516075828186904;0.9686108815190374;0.0045419594274134535
经济日报：促进房地产市场企稳回升今年上半年，房地产主要指标相较去年全年均有所改善，市场逐步呈现企稳态势，但总体上还处于调整阶段。应进一步采取积极措施，释放金融支持等政策效能，提振购房者、房企信心，促进房地产市场持续企稳回升。今年以来，各地区各部门坚持“房住不炒”、因城施策，展开;0.0007449978714346;0.4352185306420718;0.820985682441216;0.0032462629568133475
板块分析：房地产政托底，反转在即住建部表示“保交楼”工作开展以来，各地加快项目复工和建设交付。保交楼专项借款项目总体复工率约为，计已完成住房交付超过万套，首批专项借款项目住房交付率超。农业农村部支持试点地区重点推动完善宅基地退出补偿机制，建立更加料学的宅基地和农展开;0.0130906768837803;0.9998556463433704;0.6665968906842651;0.10640165737125372
经济政策宅基地制度改革。原文：网页链接您好，我是农业农村部的代表。关于宅基地制度改革您有什么问题吗？您好。你们提到了宅基地自愿有偿退出机制的试点。我想了解一下这个试点的具体情况和取得的成果。您提到的宅基地自愿有偿退出机制试点是我们在探索宅基地制度改革中的重要内容之一。从年月开始，全国个县（市、区）和个地级市启动了这一试点。在试点中，我们结合农民的实际需求，探索了多种方式，包括永久退出、暂时退出、产权置换和货币补偿等，以保障农民在退出宅基地时的居住权益。那么对于选择货币补偿的农民，你们是如何确定退出补偿标准的呢？对于选择货币补偿的农民，我们探索了一些科学方法来制订退出补偿标准。这包括村集体与农民自主协商、第三方评估以及参照土地征收区片价格等方式。我们会合理评估宅基地和农房的价值，以确保退出补偿标准的科学性和公平性。非常感谢你的回答。另外，我想了解一下你们接下来在宅基地制度改革方面的计划是什么？接下来，农业农村部将继续与相关部门稳慎推进农村宅基地制度改革试点。我们将进一步加强统筹协调，加大监督管理力度，并提供更多指导支持。我们将重点推动完善宅基地退出补偿机制，建立更科学的宅基地和农房价格评估体系。同时，我们还将总结试点地区的实践成果，形成一批可复制推广的经验。我还有一个问题，关于保障农民宅基地退出参与权。你们提到了中央农办、农业农村部出台的《通知》，但我想知道在实际执行中，这些保障措施是否真正得到了落实？在试点中，各地坚持依法自愿有偿的原则，并充分尊重农民的意愿。我们通过公开征求意见、建立协商机制以及进行退出公示等方式，保障农民的知情权和参与权。我们也严格要求各地不得以各种名义违背农民意愿强制流转宅基地和强迫农民上楼，不得违法收回农户合法取得的宅基地，也不得以退出宅基地作为农民进城落户的条件。谢谢你的回答。我希望这些保障措施能够确保农民的权益得到有效保护，并希望你们能够继续推动宅基地制度改革的进程。;0.0018092805449127;0.594873828753237;0.7887687910834403;0.01035299959776804
房地产粤港澳大湾区资讯粤港澳大湾区每日地产资讯（）央行：月住户部门中长期贷款减少亿元证监会召集部分房企及金融机构开会：摸底房企债务及销售情况农业农村部：支持试点地区重点推动完善宅基地退出补偿机制长沙住建局：刚需和改需房按比例供应不再要求配建租赁住房厦门首批凭房票购买国企资产实现交房浙江舟山嵊泗县拟发放育儿津贴最高可补助元月重庆公积金租房提取额度每人每月再提高元加大对多子女家庭租房支持力度河南辉县：鼓励房企适当让利，可提公积金帮直系亲属买房成都：公积金提取可按月直付房租深圳大鹏新区、龙岗区城市更新动态深圳、惠州、肇庆和中山新增个项目取证深圳近期部分项目销售动态;0.0001064282673478;0.9998556463433704;0.6665968906842651;0.0008650541249694832
农业部回应宅基地退出月日，农业农村部网站公布对十四届全国人大一次会议第号建议的答复摘要，从建构公平合理的宅基地退出补偿机制、保障农民宅基地退出参与权、完善退出宅基地农户的社会保障机制等方面，回应保障乡村振兴战略下宅基地退出中农民土地权益有关建议。土地管理法规定，国家允许进城落户的农村村民依法自愿有偿退出宅基地。为探索完善宅基地分配、流转、退出、使用、收益、审批、监管等制度的方法路径，年月，全国个县（市、区）和个地级市启动实施新一轮农村宅基地制度改革试点。探索宅基地自愿有偿退出机制是试点重要内容之一。下一步，农业农村部将会同相关部门继续稳慎推进农村宅基地制度改革试点，探索完善宅基地流转、有偿使用和自愿有偿退出等方法路径，总结形成一批可行制度成果。;0.0211792252022137;0.0325660243799045;0.4286812321574333;0.003605744790578307
农业农村部：支持试点地区重点推动完善宅基地退出补偿机制农村农业部网站月日发布对十四届全国人大一次会议第号建议的答复摘要：下一步，我部将会同有关部门继续稳慎推进农村宅基地制度改革试点，进一步强化统筹协调，加强监督管理，加大指导力度，支持试点地区在探索宅基地自愿有偿退出机制方面，重点推动完善宅基地退出补偿机制，建立更加科学的宅基地和农房价格评估体系，总结形成一批可复制推广的实践成果。充分保障宅基地农户资格权和农民房屋财产权，在总结试点地区经验的基础上，不断完善相关制度，加快推动出台农村宅基地管理暂行办法，对宅基地申请审批、使用、流转退出、监督管理等作出规定，进一步规范宅基地管理，加强农民合法权益保护。;0.0095785440613026;-0.145182030493341;0.4512343835983802;-0.007652445669273521
农业农村部：支持试点地区重点推动完善宅基地退出补偿机制农业农村部发布对十四届全国人大一次会议第号建议的答复摘要，下一步，我部将会同有关部门继续稳慎推进农村宅基地制度改革试点，进一步强化统筹协调，加强监督管理，加大指导力度，支持试点地区在探索宅基地自愿有偿退出机制方面，重点推动完善宅基地退出补偿机制，建立更加科学的宅基地和农房价格评估体系，总结形成一批可复制推广的实践成果。充分保障宅基地农户资格权和农民房屋财产权，在总结试点地区经验的基础上，不断完善相关制度，加快推动出台农村宅基地管理暂行办法，对宅基地申请审批、使用、流转退出、监督管理等作出规定，进一步规范宅基地管理，加强农民合法权益保护。;0.0002128565346956;-0.3906377565202399;0.6667739416512463;-0.0006761227135442321
新闻早知道年月日星期日农历六月廿七农业农村部：支持试点地区重点推动完善宅基地退出补偿机制。历史性时刻中国超希腊成世界第一大船东国。青海玉树州治多县日时分发生级地震，震源深度千米。国铁回应高铁票越来越难买：长途列车票额优先满足长途旅客。过去年成医药领域受贿案与医疗器械有关，涉多家上市公司产品。辽宁：月日前，全面开通白血病等个病种的省内异地就医直接结算。安徽：对新认定的国家级、省级技能大师工作室，给予每个万元建设补助。华为官方声明：不对外经营房地产业务。碧桂园：境内只债券月日起停牌，拟就兑付安排召开债券持有人会议。欧盟气候专家：厄尔尼诺现象已出现，全球明年或更热。;0.0003192848020434;0.9997216494557302;0.6665968906842651;0.002594814581021971
政治局会议定调房地产政策释放了什么信号？房地产房地产市场供求关系发生重大变化月日，中共中央政治局召开会议，对上半年我国的经济形势进行了分析，并对下半年的经济工作进行了部署。会议指出，我国房地产市场供求关系发生重大变化，应适时调整优化房地产政策，因城施策用好政策工具箱展开;0.0006385696040868;0.9998556463433704;0.6668624671347368;0.005192392608282961
中国人民银行国家金融监督管理总局关于调整优化差别化住房信贷政策的通知中国人民银行上海总部，各省、自治区、直辖市、计划单列市分行；国家金融监督管理总局各监管局；各国有商业银行，中国邮政储蓄银行，各股份制商业银行：为落实党中央、国务院决策部署，坚持房子是用来住的、不是用来炒的定位，适应我国房地产市场供求关系发生重大变化的新形势，更好满足刚性和改善性住房需求，促进房地产市场平稳健康发展，中国人民银行、国家金融监督管理总局决定调整优化差别化住房信贷政策。现就有关事项通知如下：一、对于贷款购买商品住房的居民家庭，首套住房商业性个人住房贷款最低首付款比例统一为不低于，二套住房商业性个人住房贷款最低首付款比例统一为不低于。二、首套住房商业性个人住房贷款利率政策下限按现行规定执行，二套住房商业性个人住房贷款利率政策下限调整为不低于相应期限贷款市场报价利率加个基点。三、中国人民银行、国家金融监督管理总局各派出机构按照因城施策原则，指导各省级市场利率定价自律机制，根据辖区内各城市房地产市场形势及当地政府调控要求，自主确定辖区内各城市首套和二套住房商业性个人住房贷款最低首付款比例和利率下限。四、银行业金融机构应根据各省级市场利率定价自律机制确定的最低首付款比例和利率下限，结合本机构经营状况、客户风险状况等因素，合理确定每笔贷款的具体首付款比例和利率水平。中国人民银行国家金融监督管理总局年月日中国人民银行国家金融监督管理总局关于降低存量首套住房贷款利率有关事项的通知中国人民银行上海总部，各省、自治区、直辖市、计划单列市分行；国家金融监督管理总局各监管局；各国有商业银行，中国邮政储蓄银行，各股份制商业银行：为落实党中央、国务院决策部署，坚持房子是用来住的、不是用来炒的定位，引导商业性个人住房贷款借贷双方有序调整优化资产负债，规范住房信贷市场秩序，现就降低存量首套住房商业性个人住房贷款利率有关事项通知如下：一、存量首套住房商业性个人住房贷款，是指年月日前金融机构已发放的和已签订合同但未发放的首套住房商业性个人住房贷款，或借款人实际住房情况符合所在城市首套住房标准的其他存量住房商业性个人住房贷款。二、自年月日起，存量首套住房商业性个人住房贷款的借款人可向承贷金融机构提出申请，由该金融机构新发放贷款置换存量首套住房商业性个人住房贷款。新发放贷款的利率水平由金融机构与借款人自主协商确定，但在贷款市场报价利率（）上的加点幅度，不得低于原贷款发放时所在城市首套住房商业性个人住房贷款利率政策下限。新发放的贷款只能用于偿还存量首套住房商业性个人住房贷款，仍纳入商业性个人住房贷款管理。三、自年月日起，存量首套住房商业性个人住房贷款的借款人亦可向承贷金融机构提出申请，协商变更合同约定的利率水平，变更后的贷款合同利率水平应符合本通知第二条的规定。四、金融机构应严格落实相关监管要求，对借款人申请经营性贷款和个人消费贷款等贷款的用途进行穿透式、实质性审核，并明确提示风险。对存在协助借款人利用经营性贷款和个人消费贷款等违规置换存量商业性个人住房贷款行为的中介机构一律不得进行合作，并严肃处理存在上述行为的内部人员。五、各金融机构要抓紧制定具体操作细则，做好组织实施，提高服务水平，及时响应借款人申请，尽可能采取便捷措施，降低借款人操作成本，确保本通知有关要求落实到位。六、中国人民银行和金融监管总局各分支机构要将本通知立即转发辖内地方法人金融机构，督促贯彻执行，有效维护市场秩序。本通知自年月日起实施。此前相关规定与本通知不一致的，以本通知为准。中国人民银行国家金融监督管理总局年月日中国人民银行、国家金融监督管理总局有关负责人就调整优化住房信贷政策有关问题答记者问中国人民银行、金融监管总局月日联合发布《关于调整优化差别化住房信贷政策的通知》和《关于降低存量首套住房贷款利率有关事项的通知》。有关负责同志就政策调整回答了记者提问。问：差别化住房信贷政策调整优化的背景是什么？答：月日中央政治局会议明确，适应我国房地产市场供求关系发生重大变化的新形势，适时调整优化房地产政策，因城施策用好政策工具箱。月日国务院常务会议提出，根据不同需求、不同城市等推出有利于房地产市场平稳健康发展的政策举措，加快研究构建房地产业新发展模式。为贯彻落实党中央、国务院决策部署，中国人民银行、金融监管总局发布通知，对现行差别化住房信贷政策进行了调整优化，支持各地因城施策用好政策工具箱，引导个人住房贷款实际首付比例和利率下行，更好满足刚性和改善性住房需求。问：此次差别化住房信贷政策调整优化的重点是什么？答：一是统一全国商业性个人住房贷款最低首付款比例政策下限。不再区分实施“限购”城市和不实施“限购”城市，首套住房和二套住房商业性个人住房贷款最低首付款比例政策下限统一为不低于和。二是将二套住房利率政策下限调整为不低于相应期限贷款市场报价利率（）加个基点。首套住房利率政策下限仍为不低于相应期限减个基点。各地可按照因城施策原则，根据当地房地产市场形势和调控需要，自主确定辖区内首套和二套住房最低首付款比例和利率下限。问：为什么要降低存量首套住房贷款利率？答：近年来我国房地产市场供求关系发生了重大变化，借款人和银行对于有序调整优化资产负债均有诉求。存量住房贷款利率的下降，对借款人来说，可节约利息支出，有利于扩大消费和投资。对银行来说，可有效减少提前还贷现象，减轻对银行利息收入的影响。同时，还可压缩违规使用经营贷、消费贷置换存量住房贷款的空间，减少风险隐患。为更好适应上述新形势，中国人民银行、金融监管总局明确按照市场化、法治化原则，支持鼓励银行与借款人协商调整存量首套住房贷款利率。问：哪些存量首套住房贷款可以申请降低利率？如何申请？答：符合条件的存量首套住房贷款是指，年月日前金融机构已发放，已签订合同但未发放的，以及借款人实际住房情况符合所在城市首套住房标准的存量住房商业性个人住房贷款。对于符合条件的存量住房贷款，自年月日起，可由借款人主动向承贷银行提出申请，也鼓励银行以发布公告、批量办理等方式，为借款人提供更为便利的服务。调整方式上，既可以变更合同约定的住房贷款利率加点幅度，也可以由银行新发放贷款置换存量贷款。具体利率调整幅度由借贷双方协商确定，但调整后的利率，不能低于原贷款发放时所在城市的首套住房贷款利率政策下限。新发放贷款只能用于偿还存量贷款，仍纳入商业性个人住房贷款管理。中国人民银行、金融监管总局将密切关注市场动态，引导银行与客户遵循市场化、法治化原则进行自主协商，有序降低存量住房贷款利率，维护好市场竞争秩序。;0.0001064282673478;0.8319489047559514;0.6667739416512463;0.0007199759132660813
金融权重股（保险，银行，地产，证券等）弱势的原因：继月后，贷款市场报价利率（）再度迎来下调，但年期以上品种按兵不动超乎市场预期。中国人民银行授权全国银行间同业拆借中心公布，年月日贷款市场报价利率（）为：年期为，下调个基点，年期以上为，按兵不动。由于是在中期借贷便利（）利率基础上加点形成，在月日利率下调个基点的背景下，市场对月调降已基本形成共识，但年期以上按兵不动超乎市场预期。;0.0019157088122605;0.465403163858993;0.9768331926272894;0.0106209885148837
房产资讯央行公布月：年期降个基点福州首套房的贷款利率历史新低月日，中国人民银行授权全国银行间同业拆借中心公布，年月日贷款市场报价利率（）为：年期为，年期以上为。据悉，上次年期为，年期以上为。就在一周前，月日，央行公布了最新一轮的和逆回购操作情况，降息个基点。目前，福州各大银行首套房的贷款利率基本为，即在基础上下调个基点，二套房贷利率为，都已经创历史新低。本次下调个基点，房贷利率很大概率将再次下调，届时，福州首套房的贷款利率也有望下调至，再度刷新历史新低。福州身边事福州;0.0004257130693912;0.2837237147766954;0.6137479049134371;0.0009040414551987082
中国人民银行授权全国银行间同业拆借中心公布，年月日贷款市场报价利率（）为：年期为，年期以上为。以上在下一次发布之前有效。月是来自本专业的抱怨，算利息嘛没几个钱，却算的很烦;0.0084078331204767;-0.2799825467508726;0.6340515058563964;-0.01820225874413175
年月日贷款市场报价利率（）为：年期为，降低；年期以上为。年期利率罕见的没有跟进降息，这说明存量房贷利率真的要降了应该是昨天商量好了，用保来对冲存量房贷利率下调的损失。昨天的周末开会后喊话，就是为了让咱们今天别失望。;0.000532141336739;-0.4798528986689276;0.7557202633782505;-0.002353324892000326
年期下调中国人民银行授权全国银行间同业拆借中心公布，年月日贷款市场报价利率（）为：年期贷款市场报价利率（）报，上月为。年期以上报，上月为。以上在下一次发布之前有效。大河财立方的微博视频;0.0001064282673478;-0.4160666100699222;0.6665968906842651;-0.00035997210059206074
月不对称降息厦门首套房贷利率维持刚刚，央行公布新一轮报价：年期市场报价利率为，下降个基点，年期维持在。中国人民银行授权全国银行间同业拆借中心公布，年月日贷款市场报价利率（）为：年期为，年期以上为。以上在下一次发布展开;0.0001064282673478;-0.996375279684268;0.6665968906842651;-0.0008620429847655212
月报价出炉中国人民银行授权全国银行间同业拆借中心公布，年月日贷款市场报价利率（）为：年期为，年期以上为。以上在下一次发布之前有效。月一年期下调个基点;0.0004257130693912;-0.4038015615303412;0.6667739416512463;-0.0013978137185064786
月日发布来了来了，稳中有降稳：年期没变，跟、、月持平降：年期下降个基点月：年月日贷款市场报价利率（）为：年期为，年期以上为。月：年月日贷款市场报价利率（）为：年期为，年期以上为。月：年月日贷款市场报价利率（）为：年期为，年期以上为。月：年月日贷款市场报价利率（）为：年期为，年期以上为。散了散了，雷声大，雨点小;0.0012771392081736;-0.3291439540601116;0.6302627415801267;-0.003230959072545719
记录生活中国人民银行授权全国银行间同业拆借中心公布，年月日贷款市场报价利率（）为：年期为，年期以上为。以上在下一次发布之前有效。;0.0002128565346956;0.8902123076264019;0.6665968906842651;0.0015403860179759588
央行降息了月年期下调个基点年期以上不变月日，中国人民银行授权全国银行间同业拆借中心公布，年月日贷款市场报价利率（）为：年期为，年期以上为。以上在下一次发布之前有效。年期贷款市场报价利率（）报，上月为，相较上月下降；年期以上报，上月为，与上月持平。深圳楼市楼市重磅;0.0002128565346956;-0.106538184204729;0.6665968906842651;-0.00018434920290765538
月报价出炉：年期为，年期以上为中国人民银行授权全国银行间同业拆借中心公布，年月日贷款市场报价利率（）为：年期为，年期以上为。来源：央广网;0.0001064282673478;0.9967559969423788;0.6665968906842651;0.0008623723733485434
一年期下调个基点意味着什么一年期下调个基点中国人民银行授权全国银行间同业拆借中心公布，年月日贷款市场报价利率（）为：年期为，年期以上为。以上在下一次发布之前有效。;0.0063856960408684;-0.0109391997658727;0.4538220457692094;-0.0003866028819659386
年月日贷款市场报价利率（）中国人民银行授权全国银行间同业拆借中心公布，年月日贷款市场报价利率（）为：年期为，年期以上为。以上在下一次发布之前有效。;0.018199233716475;-0.2116847320988134;0.4426638104410202;-0.02079707979743866
月报价出炉月一年期下调个基点中国人民银行授权全国银行间同业拆借中心公布，年月日贷款市场报价利率（）为：年期为，年期以上为。以上在下一次发布之前有效。一年期下调个基点;0.0046828437633035;-0.3188581819759231;0.5314294897324942;-0.009676951996681315
重庆市市长：要紧盯“金九银十”，有利于房地产市场的相关政策能出尽出、应出早出重庆市长是个明白人;0.0101106853980417;0.218276521562432;0.4991062228687636;0.013432792575986839
重庆市市长胡衡华强调，要紧盯“金九银十”，进一步聚焦问题、攻坚克难，有力有效推进各项工作。要着力解决政策问题，研究落实好有利于房地产市场平稳健康发展的政策举措，相关政策能出尽出、应出早出。;0.0007449978714346;-0.8415386807000704;0.6665968906842651;-0.0050965712581241916
盘前打卡星期二隔夜美股大涨，今天股怎么走？周一沪深两市全天低开低走，两市共计成交亿元，较上个交易日缩量亿元。算力租赁、环保、燃气、次新股等板块涨幅居前，证券、医药商业、物流、机场等板块跌幅居前。北向资金月日净卖出亿元。隔夜美股涨跌互现，道指跌，纳指涨。、大力发展数字经济核心产业加快推动产业数字化转型；、央视：频繁上演的“抹黑小作文”扰乱资本市场正常秩序投资一定擦亮双眼；、网传“高盛（中国）办公室所有人被带走”北京、上海办事处双双回应：正常营业；、重庆：要紧盯“金九银十”有利于房地产市场的相关政策能出尽出、应出早出；、三部门：合理增加对消费者购买汽车、家电、家居等产品的消费信贷支持持续优化利率和费用水平；、海关总署发布《关于防止猴痘疫情传入我国的公告；、财政部：月证券交易印花税亿元同比下降；、家头部券商、基金开启“自购潮”，合计出资超亿元。技术上，上证指数延续调整走势收阴线，指数重心继续下移。从均线系统看，日、日等多条均线呈现下行趋势，耐心等待指数企稳。月以来随美元指数上行，人民币汇率出现持续贬值现象，北向资金连续日减仓外流对市场造成一定压力。另一方面，投资者在政策预期与现实经济之间仍存在较大分歧，场外资金观望情绪较浓。而面对当前偏弱环境，管理层维护市场态度较为积极。家头部券商、基金开启“自购潮”，合计出资超亿元。此外、再融资都有放缓迹象，叠加多家上市公司推出回购计划。整体认为当下股市场估值处于历史偏低水平，政策升温期机会大于风险，耐心等待积极因素从量变到质变对市场产生实质性利好，底部区域不宜过度悲观。一旦压制市场的主要因素出现边际改善，市场随时可能触底反弹。配置上重点关注，一是与经济修复相关度较高的汽车、食品饮料、消费医疗；二是关注科技产业，自主可控领域建议持续关注信创、国产化的催化；三是“中特估”主题投资下受一带一路带动的央国企机会；四是全球半导体周期接近见底自主可控逻辑下，看好半导体产业链机会。哈莉财经以上分析仅供参考，投资有风险入市需谨慎。基金超话;0.0014899957428693;0.114870943811431;0.503441999844894;0.0010508249197099615
月日盘前阅读：盘前财经要闻：国内：万亿级市场利好商务部重磅发声，加快出台服务贸易相关政策举措，推动出台关于数字贸易改革创新发展的政策性文件大力发展数字经济核心产业加快推动产业数字化转型数据资产入表正式落地将开启数据要素产业化大时代数据：降低“印花税”呼展开;0.0096849723286504;0.3563206691739559;0.4879871522969189;0.020536833872965503
重庆市市长要紧盯“金九银十”有利于房地产市场的相关政策能出尽出、应出早出;0.000532141336739;0.0999583739162098;0.6665968906842651;0.0004324094382908748
要紧盯“金九银十”，进一步聚焦问题、攻坚克难，有力有效推进各项工作。要着力解决政策问题，研究落实好有利于房地产市场平稳健康发展的政策举措，相关政策能出尽出、应出早出;0.0009578544061302;-0.7394728627048028;0.6666854161677557;-0.005758752311235572
重庆市市长：有利于房地产市场相关政策能出尽出应出早出大家耐心等待吧，最近消息频出。显然不是买房的好时间。兰州楼市;0.0001064282673478;0.1931707263827811;0.6665968906842651;0.0001671272591117514
必须出重拳出猛拳才能巩固企稳回升零利率零首付开搞重庆市市长表示利于房地产政策能出尽出重庆市市长：要紧盯“金九银十”有利于房地产市场的相关政策能出尽出、应出早出重庆市召开推动城市建设和房地产发展工作专题会议。重庆市市长胡衡华强调，要紧盯“金九银十”，进一步聚焦问题、攻坚克难，有力有效推进各项工作。要着力解决政策问题，研究落实好有利于房地产市场平稳健康发展的政策举措，相关政策能出尽出、应出早出。要着力解决房地产项目配套设施问题，加快推进前期工作，尽快启动建设。;0.0159642401021711;-0.1126943868498116;0.4997651289713995;-0.01096483721254154
清检分享三部门推动落实首套房贷款认房不认贷近日住房城乡建设部、中国人民银行、金融监管总局联合印发了《关于优化个人住房贷款中住房套数认定标准的通知》，推动落实购买首套房贷款“认房不用认贷”政策措施。通知明确，居民家庭（包括借款人、配偶及未成年子女）申请贷款购买商品住房时，家庭成员在当地名下无成套住房的，不论是否已利用贷款购买过住房，银行业金融机构均按首套住房执行住房信贷政策。此项政策作为政策工具，纳入“一城一策”工具箱，供城市自主选用。据住房城乡建设部有关负责同志介绍，此项政策将使更多购房人能够享受首套房贷款的首付比例和利率优惠，有助于降低居民购房成本，更好满足刚性和改善性住房需求。首套房贷款认房不认贷网页链接;0.0017028522775649;0.0;0.6665968906842651;0.0
三部门印发通知推动释放购房需求“认房不认贷”是否会在广东落地？近日，住房城乡建设部、中国人民银行、金融监管总局联合印发了《关于优化个人住房贷款中住房套数认定标准的通知》，推动落实购买首套房贷款“认房不认贷”政策措施。这一政策能释放多大购房需求？在广东会如何落地？记者采访了相关人士。《通知》明确，居民家庭（包括借款人、配偶及未成年子女）申请贷款购买商品住房时，家庭成员在当地名下无成套住房的，不论是否已利用贷款购买过住房，银行业金融机构均按首套住房执行住房信贷政策。如果执行“认房不认贷”政策，只要所在城市无房，即便有贷款（记录或在偿）也可以首套房身份买房；并且此次政策提出将“以家庭为单位”来认定首套房产，调整到“家庭成员为单位”，意味着可以释放出更多的需求。那么接下来在广东，尤其是广州、深圳等地是否会落地“认房不认贷”措施呢？目前，房地产政策是“一城一策”，此次住建部的表述为：此项政策作为政策工具，纳入“一城一策”工具箱，供城市自主选用。因此，具体是否实行“认房不认贷”，要由各个城市决定。目前，广州市住房和城乡建设局官网暂未公布相关政策。也有专家表示，当前“房住不炒”仍是主基调，对于一线热门城市，特别是涉及二套房的政策，要看各城市的具体情况。广东新闻联播的微博视频;0.0108556832694763;-0.1698546997589052;0.4718958805498274;-0.010611251799376978
深圳无房有贷购房者首付或降至近日，住房城乡建设部、中国人民银行、金融监管总局联合印发了《关于优化个人住房贷款中住房套数认定标准的通知》，推动落实购买首套房贷款“认房不用认贷”政策措施。通知明确，居民家庭（包括借款人、配偶及未成年子女）申请贷款购买商品住房时，家庭成员在展开;0.0015964240102171;-0.1867905921192412;0.5542982781256123;-0.0020157305673928175
三部门推动落实首套房认房不认贷相比之前的认房又认贷，住房城乡建设部、中国人民银行、金融监管总局近期联合印发的《关于优化个人住房贷款中住房套数认定标准的通知》，未来的政策是认房不认贷。我以为，这种改变在很大程度上体现出在坚持房住不炒的同时，对住房刚需以及改善性住房需求的保障力度增强。一方面，认房就是为了防止炒作，落实房住不炒，避免个别人占用过多住房。另一方面，不认贷意味着只要是为了满足合理的住房需求，至少从房贷上不再是一个硬杠杠。在当下，要稳定房价，促进房地产行业健康发展，三部委出台这个通知是十分必要的，是非常及时的，但还需要有后续配套动作跟进。;0.0001064282673478;0.4753815264852495;0.5601130890823235;0.000345589641607581
重磅三部门发文推动首套房“认房不用认贷”记者月日从住房和城乡建设部获悉，近日住房城乡建设部、中国人民银行、金融监管总局联合印发了《关于优化个人住房贷款中住房套数认定标准的通知》，推动落实购买首套房贷款“认房不用认贷”政策措施。通知明确，居民家庭（包括借款人、配偶及未成年展开;0.008833546189868;0.2700146117401785;0.4596210689719792;0.013369278849077607
全文《关于优化个人住房贷款中住房套数认定标准的通知》住房城乡建设部中国人民银行金融监管总局关于优化个人住房贷款中住房套数认定标准的通知建房号各省、自治区、直辖市住房城乡建设厅（委、管委），新疆生产建设兵团住房城乡建设局，中国人民银行上海总部、各省、自治区、直辖市、计划单列市分行，各金融监管局，各国有商业银行、中国邮政储蓄银行、各股份制商业银行：为贯彻落实党中央、国务院决策部署，坚持房子是用来住的、不是用来炒的定位，因城施策用好政策工具箱，优化个人住房贷款中住房套数认定标准，更好满足居民刚性和改善性住房需求，现就有关事项通知如下：一、居民家庭（包括借款人、配偶及未成年子女，下同）申请贷款购买商品住房时，家庭成员在当地名下无成套住房的，不论是否已利用贷款购买过住房，银行业金融机构均按首套住房执行住房信贷政策。二、家庭住房套数由城市政府指定的住房套数查询或认定责任部门，根据居民家庭申请或授权，提供查询服务并出具查询结果或认定证明。三、此项政策作为政策工具，纳入“一城一策”工具箱。《住房城乡建设部中国人民银行中国银行业监督管理委员会关于规范商业性个人住房贷款中第二套住房认定标准的通知》（建房号）、《中国人民银行中国银行业监督管理委员会关于进一步做好住房金融服务工作的通知》（银发号）与本通知不一致的，以本通知为准。住房城乡建设部中国人民银行金融监管总局年月日;0.000532141336739;-0.6572860243578518;0.6665968906842651;-0.0028433503813023796
个人住房贷款认房不认贷楼市楼市超话三部门推动落实首套房贷款“认房不用认贷”近日，住房城乡建设部、中国人民银行、金融监管总局联合印发了《关于优化个人住房贷款中住房套数认定标准的通知》，推动落实购买首套房贷款“认房不用认贷”政策措施。笔者观点，会释放一定的需求，但目前楼市观望情绪极厚，刺激效果有待观察。;0.0036185610898254;0.1279945268714777;0.5056301144073705;0.0028559193733823742
三部门推动购买首套房认房不认贷重磅三部门明确首套房贷款“认房不用认贷”近日住房城乡建设部、中国人民银行、金融监管总局联合印发了《关于优化个人住房贷款中住房套数认定标准的通知》，推动落实购买首套房贷款“认房不用认贷”政策措施。通知明确，居民家庭申请贷款购买商品住房时，家庭成员在当地名下无成套住房的，不论是否已利用贷款购买过住房，银行业金融机构均按首套住房执行住房信贷政策。据介绍，此项政策将使更多购房人能够享受首套房贷款的首付比例和利率优惠，有助于降低居民购房成本，更好满足刚性和改善性住房需求。派财经官微派财经官微的微博视频;0.0007449978714346;-0.5419199135922094;0.5212047366384337;-0.0025661627601885123
住房城乡建设部中国人民银行金融监管总局关于优化个人住房贷款中住房套数认定标准的通知;0.0029799914857386;-0.4807258407366651;0.8592320550653342;-0.015010966786760149
三部门推动落实首套房贷款认房不认贷近日住房城乡建设部、中国人民银行、金融监管总局联合印发了《关于优化个人住房贷款中住房套数认定标准的通知》，推动落实购买首套房贷款“认房不用认贷”政策措施。通知明确，居民家庭（包括借款人、配偶及未成年子女）申请贷款购买商品住房时，家庭成员在当地名下无成套住房的，不论是否已利用贷款购买过住房，银行业金融机构均按首套住房执行住房信贷政策。此项政策作为政策工具，纳入“一城一策”工具箱，供城市自主选用。据住房城乡建设部有关负责同志介绍，此项政策将使更多购房人能够享受首套房贷款的首付比例和利率优惠，有助于降低居民购房成本，更好满足刚性和改善性住房需求。首套房贷款认房不认贷网页链接;0.000532141336739;0.6241610738255037;0.6667739416512463;0.0027007724668168115
这队的运营就没个正常人吗作为二娃人迷，我是百分百支持他离开这个队。他现在又不是七老八十踢不动了，去个能踢上比赛的球队，健健康康、快快乐乐过完职业生涯。有些人凭啥用道德绑架他，非要“一人一城”。现在职业生涯末期，他职业生涯早期和中期这队又有多少支持他炒了范加尔，海因克斯带回了高档，穆勒从十号位变成哪里需要哪里搬的人。俱乐部强行给瓜迪奥拉塞个格策，也是因为不肯为内马尔花钱内马尔要是来打的也是穆勒当时的位置。给安切洛蒂租来了罗，给科瓦奇租来了酷鸟，纳格尔斯曼扶正了穆夏拉，还有现在空降的秃鹤。除了弗里克，哪个教练来，不是先拿穆勒开刀这剧情一次次重复，穆勒不累，穆勒的球迷看都看累了。一面说穆勒不可或缺，一面对他的态度就是可有可无。别再说人家皇马没人情味，你拜仁又有多少人情味。大家好聚好散希望二娃别再愚忠了，这队不值得;0.006066411238825;0.1466552301911141;0.5708555488920073;0.006193574027741785
深圳无房有贷购房者首付或降至近日，住房城乡建设部、中国人民银行、金融监管总局联合印发了《关于优化个人住房贷款中住房套数认定标准的通知》，推动落实购买首套房贷款“认房不用认贷”政策措施。通知明确，居民家庭（包括借款人、配偶及未成年子女）申请贷款购买商品住房时，家庭成员在当地名下无成套住房的，不论是否已利用贷款购买过住房，银行业金融机构均按首套住房执行住房信贷政策。此项政策作为政策工具，纳入“一城一策”工具箱，供城市自主选用。目前，深圳无房有贷户首付为，若实行“认房不认贷”政策，那么符合条件的购房者首付成本将降至。;0.0015964240102171;-0.321949203110032;0.5660297302866373;-0.003547811610292688
凤检转播推动落实购买首套房贷款认房不用认贷近日，住房城乡建设部、中国人民银行、金融监管总局联合印发了通知，推动落实购买首套房贷款“认房不用认贷”政策措施。通知明确，居民家庭（包括借款人、配偶及未成年子女）申请贷款购买商品住房时，家庭成员在当地名下无成套住房的，不论是否已利用贷款购买过住房，银行业金融机构均按首套住房执行住房信贷政策。此项政策作为政策工具，纳入“一城一策”工具箱，供城市自主选用。（央视）央视新闻的微博视频;0.0012771392081736;0.6241610738255037;0.6665968906842651;0.0064801327695583385
推动落实买首套房贷款认房不用认贷近日，住房城乡建设部、中国人民银行、金融监管总局联合印发了《关于优化个人住房贷款中住房套数认定标准的通知》，推动落实购买首套房贷款“认房不用认贷”政策措施。通知明确，居民家庭（包括借款人、配偶及未成年子女）申请贷款购买商品住房时，家庭成员在当地名下无成套住房的，不论是否已利用贷款购买过住房，银行业金融机构均按首套住房执行住房信贷政策。此项政策作为政策工具，纳入“一城一策”工具箱，供城市自主选用。新华社央视新闻出彩焦作向未来行走怀川纷享焦作央视新闻的微博视频;0.0003192848020434;0.9978218174142244;0.6665968906842651;0.002589883496569138
三部门推动落实首套房贷款认房不认贷近日住房城乡建设部、中国人民银行、金融监管总局联合印发了《关于优化个人住房贷款中住房套数认定标准的通知》，推动落实购买首套房贷款“认房不用认贷”政策措施。通知明确，居民家庭（包括借款人、配偶及未成年子女）申请贷款购买商品住房时，家庭成员在当地名下无成套住房的，不论是否已利用贷款购买过住房，银行业金融机构均按首套住房执行住房信贷政策。此项政策作为政策工具，纳入“一城一策”工具箱，供城市自主选用。据住房城乡建设部有关负责同志介绍，此项政策将使更多购房人能够享受首套房贷款的首付比例和利率优惠，有助于降低居民购房成本，更好满足刚性和改善性住房需求。首套房贷款认房不认贷（来源：新华社）;0.0003192848020434;0.2150100493008921;0.5672697586041249;0.0004749111209914498
推动落实购买首套房贷款认房不用认贷近日，住房城乡建设部、中国人民银行、金融监管总局联合印发了通知，推动落实购买首套房贷款“认房不用认贷”政策措施。通知明确，居民家庭（包括借款人、配偶及未成年子女）申请贷款购买商品住房时，家庭成员在当地名下无成套住房的，不论是否已利用贷款购买过住房，银行业金融机构均按首套住房执行住房信贷政策。此项政策作为政策工具，纳入“一城一策”工具箱，供城市自主选用。（央视）央视新闻的微博视频;0.0019157088122605;0.5333075856315576;0.4525268962497137;0.005638159496428984
三部门：将首套房贷款认房不用认贷纳入一城一策工具箱供城市自主选用、认房不认贷政策，算是近期有一定力度的支持房地产政策。主要受惠的是一线及强二线城市。主要受惠群体是大城市的改善型客户。这个政策在一定程度上，能够刺激并释放改善型需求。所以对于中大面积单元，对于中高价格单元市场，会形成支撑。由于这个是针对市场的局部，所以不太可能掀起购房潮，只会对特定城市，特定客户，特定产品，形成新的购买需求。利好局部、主管部门已经明确了可实施认房不认贷。接下来就要看哪些城市会跟进。我个人认为暂时还比较模糊，很难判断。大概率二线城市会有一大部分落地该政策。毕竟相对而言，二线城市在政策制定上自主权更大。而一线城市会否跟进，存在较大较大疑问。如果跟进，也会是二线城市落地之后才会推出。（据说昨天深圳开始执行，但至今没有看到官宣）;0.0017028522775649;-0.2775342847066052;0.5917298706184215;-0.0034103802975549535
住建部、央行、金融监管总局发布《关于优化个人住房贷款中住房套数认定标准的通知》，推动落实购买首套房贷款“认房不用认贷”政策措施。居民家庭（包括借款人、配偶及未成年子女）申请贷款购买商品住房时，家庭成员在当地名下无成套住房的，不论是否已利用贷款购买过住房，银行业金融机构均按首套住房执行住房信贷政策。此项政策作为政策工具，纳入“一城一策”工具箱，供城市自主选用。;0.0012771392081736;0.1970483122238246;0.6667739416512463;0.0020463281493351567
重磅首套房贷款“认房不用认贷”三部门推动落实购买首套房贷款“认房不用认贷”政策措施记者日从住房和城乡建设部获悉，近日住房城乡建设部、中国人民银行、金融监管总局联合印发了《关于优化个人住房贷款中住房套数认定标准的通知》，推动落实购买首套房贷款“认房不用认贷”政策措施。通知明确，居民家庭（包括借款人、配偶及未成年子女）申请贷款购买商品住房时，家庭成员在当地名下无成套住房的，不论是否已利用贷款购买过住房，银行业金融机构均按首套住房执行住房信贷政策。此项政策作为政策工具，纳入“一城一策”工具箱，供城市自主选用。据住房城乡建设部有关负责同志介绍，此项政策将使更多购房人能够享受首套房贷款的首付比例和利率优惠，有助于降低居民购房成本，更好满足刚性和改善性住房需求。来源：新华社山东潍坊坊子融媒：杨敏彭海程;0.0015964240102171;0.4210196412355839;0.9551720128701624;0.007829209223973177
重磅三部门发文推动首套房“认房不用认贷”记者月日从住房和城乡建设部获悉，近日住房城乡建设部、中国人民银行、金融监管总局联合印发了《关于优化个人住房贷款中住房套数认定标准的通知》，推动落实购买首套房贷款“认房不用认贷”政策措施。通知明确，居民家庭（包括借款人、配偶及未成年子女）申请贷款购买商品住房时，家庭成员在当地名下无成套住房的，不论是否已利用贷款购买过住房，银行业金融机构均按首套住房执行住房信贷政策。此项政策作为政策工具，纳入“一城一策”工具箱，供城市自主选用。据住房城乡建设部有关负责同志介绍，此项政策将使更多购房人能够享受首套房贷款的首付比例和利率优惠，有助于降低居民购房成本，更好满足刚性和改善性住房需求。来源丨新华社（版权归原作者所有，如有侵权请联系删除）;0.008833546189868;0.2547450277752147;0.8948858306262518;0.024558064425283323
认房不认贷，可以多贷出来的贷款，而且一城一策，每个城市都可以买套房。所以说，想搞好经济、股市、哪个行业，有关部门还是有办法的，工具箱里并不全是喇叭，就看是不是真的想搞好了。;0.0067049808429118;0.1618296902041169;0.5405259952889502;0.007152502720416125
认房不认贷，官宣。一城一策来实施。;0.0003192848020434;-0.2623465459732521;0.6666854161677557;-0.0006810206090331497
新闻早知道年月日星期六农历七月十一三部门：将首套房贷款“认房不用认贷”纳入一城一策工具箱，供城市自主选用。财政部：延续实施粤港澳大湾区个人所得税优惠政策至底。人社部设立落实就业补助政策监督举报平台。市场监管总局：严禁使用原产地为日本的水产品制作餐食。河南叶县岩盐储量可供全国吃万年；多地通告：串通操纵食盐价格最高罚万元。多地规定不得因暑假作业未完成而处罚学生，合肥设两周“缓交期”。浙江嘉兴：全面取消限购限售，指导商业银行调整存量房贷利率。开发商承诺“降价补差价”，深圳年内首个“保价”楼盘出炉。北京摸排整治非法医疗美容，非医务工作者不得提供医美服务。好声音暂停播出，好声音制作方母公司股价暴跌超。;0.0002128565346956;-0.3921320181065462;0.6665968906842651;-0.0006785287877029849
白话数据年月日建委新房住宅网签套，二手房住宅网签套（网签数据有滞后）。大中介前台挂牌房源量套（中介春节休假前），持续关注。昨日楼市热点：近日，住房城乡建设部、中国人民银行、金融监管总局联合印发了《关于优化个人住房贷款中住房套数认定标准的通知》，推动落实购买首套房贷款“认房不用认贷”政策措施。通知明确，居民家庭包括借款人、配偶及未成年子女申请贷款购买商品住房时，家庭成员在当地名下无成套住房的，不论是否已利用贷款购买过住房，银行业金融机构均按首套住房执行住房信贷政策。此项政策作为政策工具，纳入“一城一策”工具箱，供城市自主选用。月日，北京市规自委挂牌宗预申请住宅用地：房山区拱辰街道地块、、地块，地块土地面积，建筑控制规模，用地性质为二类居住用地、基础教育用地，交易起始价亿元。月日，北京市规自委发布调整通知，将以下宗地块调出年度拟供应商品住宅用地项目清单（第二轮）：朝阳区小红门乡剩余土地一级开发项目二类居住用地、托幼用地。调出原因：正在进行考古发掘工作。通州区宋庄镇寨辛庄村等五村土地一级开发项目、等地块。调出原因：优化区域规划。房山区长阳镇北广阳城棚户区改造项目二片区入市地块、地块。调出原因：正在进行考古发掘工作。房山区拱辰街道地块二类居住用地。调出原因：优化周边配套设施。财政部网站月日消息，财政部会同有关部门发布多项税费优惠政策。在支持居民改善住房条件方面明确，自年月日至年月日，对出售自有住房并在现住房出售后年内在市场重新购买住房的纳税人，对其出售现住房已缴纳的个人所得税予以退税优惠。;0.0027671349510429;0.1016987622241115;0.5313290427682623;0.0018234559015970632
每日资讯简报，一分钟知天下事早上好年月日星期六农历七月十一、三部门：首套房贷款“认房不认贷”纳入一城一策工具箱，供城市自主选用；、市监总局：严禁使用日本水产品制作餐食，严查哄抬食盐价格；、全国铁路迎来入学、返校客流，预计发送学生旅客万人次；、今年第号台风“达维”生成，预计将影响日本东部沿海地区；、浙江卫视宣布暂停播出《中国好声音》，制作方母公司股价已暴跌超；、“家有位数”退休干部孙女“北极鲶鱼”炫富，查了个月仍在等通报；、日本化妆品在华销量大幅下滑，多个品牌遭退货，日本一天内两次地震；、研究称气候变化致南极海冰损失，帝企鹅大面积繁殖失败；、日本水产行业哀鸿遍野东电社长声称：想向中方解释，希望撤销进口管制措施；、北京暴雨暴雨天气，出行注意安全；（每日资讯简报）微语不求所有日子都泛着光，只愿你每天都承载着健康，温暖和希望。早安周末愉快秦东记的微博视频;0.0866326096211153;0.6626595586923487;0.2957620511166591;0.20706181455645187
住建部等三部门印发通知，推动落实购买首套房贷款认房不认贷三部门推动落实首套房认房不用认贷近日住房城乡建设部、中国人民银行、金融监管总局联合印发了《关于优化个人住房贷款中住房套数认定标准的通知》，推动落实购买首套房贷款“认房不用认贷”政策措施。通知明确，居民家庭（包括借款人、配偶及未成年子女）申请贷款购买商品住房时，家庭成员在当地名下无成套住房的，不论是否已利用贷款购买过住房，银行业金融机构均按首套住房执行住房信贷政策。此项政策作为政策工具，纳入“一城一策”工具箱，供城市自主选用。;0.0008514261387824;-0.9797247504418888;0.6869695267293814;-0.006988343334679454
深圳首套房贷款认房不用认贷三部门明确通知明确，居民家庭（包括借款人、配偶及未成年子女）申请贷款购买商品住房时，家庭成员在当地名下无成套住房的，不论是否已利用贷款购买过住房，银行业金融机构均按首套住房执行住房信贷政策。此项政策作为政策工具，纳入“一城一策”工具箱，供城市自主选用。首套房贷款“认房不用认贷”三部门明确;0.0012771392081736;-0.4310075936733887;0.7329365259021224;-0.004920114701468373
三部门明确首套房贷款“认房不用认贷”记者日从住房和城乡建设部获悉，近日住房城乡建设部、中国人民银行、金融监管总局联合印发了《关于优化个人住房贷款中住房套数认定标准的通知》，推动落实购买首套房贷款“认房不用认贷”政策措施。通知明确，居民家庭（包括借款人、配偶及未成年子女）申请贷款购买商品住房时，家庭成员在当地名下无成套住房的，不论是否已利用贷款购买过住房，银行业金融机构均按首套住房执行住房信贷政策。此项政策作为政策工具，纳入“一城一策”工具箱，供城市自主选用。据住房城乡建设部有关负责同志介绍，此项政策将使更多购房人能够享受首套房贷款的首付比例和利率优惠，有助于降低居民购房成本，更好满足刚性和改善性住房需求。香港衛視的微博视频;0.0004257130693912;0.7802611200232328;0.6667739416512463;0.0027009793955533124
一、居民家庭（包括借款人、配偶及未成年子女，下同）申请贷款购买商品住房时，家庭成员在当地名下无成套住房的，不论是否已利用贷款购买过住房，银行业金融机构均按首套住房执行住房信贷政策。二、家庭住房套数由城市政府指定的住房套数查询或认定责任部门，根据居民家庭申请或授权，提供查询服务并出具查询结果或认定证明。三、此项政策作为政策工具，纳入“一城一策”工具箱。《住房城乡建设部中国人民银行中国银行业监督管理委员会关于规范商业性个人住房贷款中第二套住房认定标准的通知》（建房号）、《中国人民银行中国银行业监督管理委员会关于进一步做好住房金融服务工作的通知》（银发号）与本通知不一致的，以本通知为准。;0.0023414218816517;-0.1804829495533998;0.5180853127061807;-0.0026699481994981386
三部门重磅发布“认房不用认贷”来了，谁能受益？官方推动落实购买首套房贷款认房不用认贷近日，住房和城乡建设部、中国人民银行、国家金融监管总局联合印发了《关于优化个人住房贷款中住房套数认定标准的通知》，推动落实购买首套房贷款“认房不用认贷”政策措施。通知明确，居民家庭（包括展开;0.0003192848020434;-0.0175396962650613;0.6666854161677557;-4.5530977312376615e-05
推动落实首套房认房不认贷政策从住房和城乡建设部获悉，近日住房城乡建设部、中国人民银行、金融监管总局联合印发了《关于优化个人住房贷款中住房套数认定标准的通知》，推动落实购买首套房贷款“认房不用认贷”政策措施。通知明确，居民家庭（包括借款人、配偶及未成年子女）申请贷款购买商品住房时，家庭成员在当地名下无成套住房的，不论是否已利用贷款购买过住房，银行业金融机构均按首套住房执行住房信贷政策。此项政策作为政策工具，纳入“一城一策”工具箱，供城市自主选用。据住房城乡建设部有关负责同志介绍，此项政策将使更多购房人能够享受首套房贷款的首付比例和利率优惠，有助于降低居民购房成本，更好满足刚性和改善性住房需求。推动落实购买首套房贷款认房不用认贷;0.0009578544061302;0.5298447900481311;0.6667739416512463;0.004126791152450332
三部门明确首套房贷款认房不用认贷近日，住房城乡建设部、中国人民银行、金融监管总局联合印发了通知，推动落实购买首套房贷款“认房不用认贷”政策措施。通知明确，居民家庭（包括借款人、配偶及未成年子女）申请贷款购买商品住房时，家庭成员在当地名下无成套住房的，不论是否已利用贷款购买过住房，银行业金融机构均按首套住房执行住房信贷政策。此项政策作为政策工具，纳入“一城一策”工具箱，供城市自主选用。住房城乡建设部表示，此项政策将使更多购房人能够享受首套房贷款的首付比例和利率优惠，有助于降低居民购房成本，更好满足刚性和改善性住房需求。（资料住房和城乡建设部、新华社）;0.0023414218816517;0.408220376804804;0.5582720212257299;0.006507376241508523
三部门：将首套房贷款“认房不用认贷”纳入“一城一策”工具箱供城市自主选用近日住房城乡建设部、中国人民银行、金融监管总局联合印发了《关于优化个人住房贷款中住房套数认定标准的通知》，推动落实购买首套房贷款“认房不用认贷”政策措施。通知明确，居民家庭（包括借款人、配偶及未成年子女）申请贷款购买商品住房时，家庭成员在当地名下无成套住房的，不论是否已利用贷款购买过住房，银行业金融机构均按首套住房执行住房信贷政策。此项政策作为政策工具，纳入“一城一策”工具箱，供城市自主选用。据住房城乡建设部有关负责同志介绍，此项政策将使更多购房人能够享受首套房贷款的首付比例和利率优惠，有助于降低居民购房成本，更好满足刚性和改善性住房需求。;0.0004257130693912;-0.1537042010866829;0.6199732192374959;-0.0004947221478586749
认房不认贷，换房退税政策真的要来了？三部门：将首套房贷款“认房不用认贷”纳入“一城一策”工具箱供城市自主选用，深圳会启用吗？;0.0001064282673478;-0.3756455034648576;0.6665968906842651;-0.0003250006073245874
通知明确，居民家庭（包括借款人、配偶及未成年子女）申请贷款购买商品住房时，家庭成员在当地名下无成套住房的，不论是否已利用贷款购买过住房，银行业金融机构均按首套住房执行住房信贷政策。此项政策作为政策工具，纳入“一城一策”工具箱，供城市自主选用。据住房城乡建设部有关负责同志介绍，此项政策将使更多购房人能够享受首套房贷款的首付比例和利率优惠，有助于降低居民购房成本，更好满足刚性和改善性住房需求。;0.0009578544061302;-0.6230360694888541;0.6665968906842651;-0.004851339605856619
推动落实首套房贷款认房不认贷三部门“一城一策”工具箱。据住房城乡建设部有关负责同志介绍，此项政策将使更多购房人能够享受首套房贷款的首付比例和利率优惠，有助于降低居民购房成本，更好满足刚性和改善性住房需求。首套房贷款认房不认贷;0.0003192848020434;0.6241610738255037;0.6665968906842651;0.0016200331923895846
居民换购住房个税退税怎么退？划重点近日，三部门联合发布《关于延续实施支持居民换购住房有关个人所得税政策的公告》，优惠政策有哪些？退税金额如何计算？戳图带你学会中国政府网;0.0001064282673478;0.9421089535097088;0.6665968906842651;0.0008150928980445821
伊川人退钱了退钱了近日财政部、国家税务总局、住房城乡建设部发布公告延续实施支持居民换购住房相关税收优惠政策根据公告，对出售自有住房并在现住房出售后年内在市场重新购买住房的纳税人，对其出售现住房已缴纳的个人所得税予以退税优惠，公告执行至年底。具体来看，新购住房金额大于或等于现住房转让金额的，全部退还已缴纳的个人所得税；新购住房金额小于现住房转让金额的，按新购住房金额占现住房转让金额的比例退还出售现住房已缴纳的个人所得税。财政部税务总局住房城乡建设部关于延续实施支持居民换购住房有关个人所得税政策的公告财政部税务总局住房城乡建设部公告年第号为继续支持居民改善住房条件，现就有关个人所得税政策公告如下：一、自年月日至年月日，对出售自有住房并在现住房出售后年内在市场重新购买住房的纳税人，对其出售现住房已缴纳的个人所得税予以退税优惠。其中，新购住房金额大于或等于现住房转让金额的，全部退还已缴纳的个人所得税；新购住房金额小于现住房转让金额的，按新购住房金额占现住房转让金额的比例退还出售现住房已缴纳的个人所得税。二、本公告所称现住房转让金额为该房屋转让的市场成交价格。新购住房为新房的，购房金额为纳税人在住房城乡建设部门网签备案的购房合同中注明的成交价格；新购住房为二手房的，购房金额为房屋的成交价格。三、享受本公告规定优惠政策的纳税人须同时满足以下条件：纳税人出售和重新购买的住房应在同一城市范围内。同一城市范围是指同一直辖市、副省级城市、地级市（地区、州、盟）所辖全部行政区划范围。出售自有住房的纳税人与新购住房之间须直接相关，应为新购住房产权人或产权人之一。四、符合退税优惠政策条件的纳税人应向主管税务机关提供合法、有效的售房、购房合同和主管税务机关要求提供的其他有关材料，经主管税务机关审核后办理退税。五、各级住房城乡建设部门应与税务部门建立信息共享机制，将本地区房屋交易合同网签备案等信息（含撤销备案信息）实时共享至当地税务部门；暂未实现信息实时共享的地区，要建立健全工作机制，确保税务部门及时获取审核退税所需的房屋交易合同备案信息。特此公告。财政部税务总局住房城乡建设部年月日中国社会科学院财经战略研究院财政研究室主任何代欣表示，为支持居民改善住房条件，去年，财政部等部门出台了支持居民换购住房有关个人所得税政策，政策将于今年底到期。三部门此次发布的公告明确将这项政策延续实施至年底，有助于继续支持居民改善住房条件。此外，为继续支持公共租赁住房建设和运营，财政部、税务总局发布公告，明确继续实施公共租赁住房税收优惠政策至年底。;0.0061728395061728;0.5017773809035051;0.8100106793928448;0.030596553792053345
认房不用认贷将为购房者带来哪些实惠？据新华社：推动落实购买首套房贷款“认房不用认贷”政策措施，延续实施支持居民换购住房有关个人所得税政策近日，我国房地产政策持续调整优化。这些政策将为居民购房带来哪些便利和实惠？据介绍，这一政策总结起来即是“换房可退个税”。业内人士表示展开;0.0002128565346956;0.1857729618111204;0.391355424021185;0.00018872374781974595
新华解码认房不用认贷将为购房者带来哪些实惠近日，我国房地产政策持续调整优化。住房城乡建设部、中国人民银行、金融监管总局近日联合印发《关于优化个人住房贷款中住房套数认定标准的通知》。通知明确，居民家庭（包括借款人、配偶及未成年子女）申请贷款购买商品住房时，家庭成员在当地名下无成套住房的，不论是否已利用贷款购买过住房，银行业金融机构均按首套住房执行住房信贷政策。推动落实购买首套房贷款“认房不用认贷”政策措施，延续实施支持居民换购住房有关个人所得税政策政策将为居民购房带来哪些便利和实惠？;0.0017028522775649;-0.4355417262462219;0.5134420125921445;-0.004643910564106321
认房不用认贷将为购房者带来哪些实惠？据新华社：推动落实购买首套房贷款“认房不用认贷”政策措施，延续实施支持居民换购住房有关个人所得税政策近日，我国房地产政策持续调整优化。这些政策将为居民购房带来哪些便利和实惠？据介绍，这一政策总结起来即是“换房可退个税”。业内人士表示，对于大部分城市来说，换房可以节省万至万元税费，而北京等城市部分房源能节省更多税费。交易房屋情况不同，个税征收情况也不同。详戳;0.0002128565346956;-0.8351652322994516;0.6666854161677557;-0.001445326785947403
三部门：延续实施支持居民换购住房有关个人所得税政策财政部、税务总局、住房城乡建设部发布《关于延续实施支持居民换购住房有关个人所得税政策的公告》。自年月日至年月日，对出售自有住房并在现住房出售后年内在市场重新购买住房的纳税人，对其出售现住房已缴纳的个人所得税予以退税优惠。其中，新购住房金额大于或等于现住房转让金额的，全部退还已缴纳的个人所得税；新购住房金额小于现住房转让金额的，按新购住房金额占现住房转让金额的比例退还出售现住房已缴纳的个人所得税。本公告所称现住房转让金额为该房屋转让的市场成交价格。新购住房为新房的，购房金额为纳税人在住房城乡建设部门网签备案的购房合同中注明的成交价格；新购住房为二手房的，购房金额为房屋的成交价格。（央广网）;0.0002128565346956;0.7911707066643898;0.6665968906842651;0.001369008588105753
退钱了退钱了近日财政部、国家税务总局、住房城乡建设部发布公告延续实施支持居民换购住房相关税收优惠政策根据公告，对出售自有住房并在现住房出售后年内在市场重新购买住房的纳税人，对其出售现住房已缴纳的个人所得税予以退税优惠，公告执行至年底。具体来看，新购住房金额大于或等于现住房转让金额的，全部退还已缴纳的个人所得税；新购住房金额小于现住房转让金额的，按新购住房金额占现住房转让金额的比例退还出售现住房已缴纳的个人所得税。财政部税务总局住房城乡建设部关于延续实施支持居民换购住房有关个人所得税政策的公告财政部税务总局住房城乡建设部公告年第号为继续支持居民改善住房条件，现就有关个人所得税政策公告如下：一、自年月日至年月日，对出售自有住房并在现住房出售后年内在市场重新购买住房的纳税人，对其出售现住房已缴纳的个人所得税予以退税优惠。其中，新购住房金额大于或等于现住房转让金额的，全部退还已缴纳的个人所得税；新购住房金额小于现住房转让金额的，按新购住房金额占现住房转让金额的比例退还出售现住房已缴纳的个人所得税。二、本公告所称现住房转让金额为该房屋转让的市场成交价格。新购住房为新房的，购房金额为纳税人在住房城乡建设部门网签备案的购房合同中注明的成交价格；新购住房为二手房的，购房金额为房屋的成交价格。三、享受本公告规定优惠政策的纳税人须同时满足以下条件：纳税人出售和重新购买的住房应在同一城市范围内。同一城市范围是指同一直辖市、副省级城市、地级市（地区、州、盟）所辖全部行政区划范围。出售自有住房的纳税人与新购住房之间须直接相关，应为新购住房产权人或产权人之一。四、符合退税优惠政策条件的纳税人应向主管税务机关提供合法、有效的售房、购房合同和主管税务机关要求提供的其他有关材料，经主管税务机关审核后办理退税。五、各级住房城乡建设部门应与税务部门建立信息共享机制，将本地区房屋交易合同网签备案等信息（含撤销备案信息）实时共享至当地税务部门；暂未实现信息实时共享的地区，要建立健全工作机制，确保税务部门及时获取审核退税所需的房屋交易合同备案信息。特此公告。财政部税务总局住房城乡建设部年月日中国社会科学院财经战略研究院财政研究室主任何代欣表示，为支持居民改善住房条件，去年，财政部等部门出台了支持居民换购住房有关个人所得税政策，政策将于今年底到期。三部门此次发布的公告明确将这项政策延续实施至年底，有助于继续支持居民改善住房条件。此外，为继续支持公共租赁住房建设和运营，财政部、税务总局发布公告，明确继续实施公共租赁住房税收优惠政策至年底。来源：国家税务总局、央视新闻;0.0123456790123456;0.2586195833571671;0.3776030117294809;0.014702715065312464
三部门发布延续实施支持居民换购住房有关个人所得税政策《关于延续实施支持居民换购住房有关个人所得税政策的公告》发布，明确自年月日至年月日，对出售自有住房并在现住房出售后年内在市场重新购买住房的纳税人，对其出售现住房已缴纳的个人所得税予以退税优惠。（中国建设报）网页链接;0.0009578544061302;0.2638582264687553;0.90975934983409;0.0028040281573485336
个税全退，换房正当时月日，财政部、税务总局、住建部发布《关于延续实施支持居民换购住房有关个人所得税政策的公告》。自年月日至年月日，出售自有住房并在年内重新购买住房的纳税人，售房缴纳的个人所得税全部退还。点评：个税是很大一项税负，尤其是豪宅的交易，个税很高，这个政策对于前期已经在房价上涨中获利的人来说是很有好处的，前期房价已经上涨很多，但是房龄过了多年，继续涨价潜力变弱，或者自己有更好的居住需求，都可以卖旧换新，这就是我们说的，当下应该趁机整理房产资产的时候，不要被网上的舆论影响情绪，那些跟你有关系也没关系，凡是在国内的钱，未来都会随着现金而贬值，还不如整理为优质房产呢。北京微博房产;0.0008514261387824;-0.790145201992311;0.6666854161677557;-0.005469662677805695
关于延续实施支持居民换购住房有关个人所得税政策的公告财政部、税务总局、住房城乡建设部发布年第号公告，明确自年月日至年月日，对出售自有住房并在现住房出售后年内在市场重新购买住房的纳税人，对其出售现住房已缴纳的个人所得税予以退税优惠。其中，新购住房金额大于或等于现住房转让金额的，全部退还已缴纳的个人所得税；新购住房金额小于现住房转让金额的，按新购住房金额占现住房转让金额的比例退还出售现住房已缴纳的个人所得税。（中国政府网）;0.0001064282673478;0.9444679342152652;0.6665968906842651;0.0008171338386518867
三部门：居民换购住房有关个人所得税政策延续实施财政部、国家税务总局、住房城乡建设部近日发布公告，延续实施支持居民换购住房相关税收优惠政策。三部门：居民换购住房有关个人所得税政策延续实施;0.0014899957428693;0.0;0.6666854161677557;0.0
三部门：延续实施支持居民换购住房有关个人所得税政策财政部、税务总局、住房城乡建设部发布《关于延续实施支持居民换购住房有关个人所得税政策的公告》。一、自年月日至年月日，对出售自有住房并在现住房出售后年内在市场重新购买住房的纳税人，对其出售现住房已缴纳的个人所得税予以退税优惠。其中，新购住房金额大于或等于现住房转让金额的，全部退还已缴纳的个人所得税；新购住房金额小于现住房转让金额的，按新购住房金额占现住房转让金额的比例退还出售现住房已缴纳的个人所得税。二、本公告所称现住房转让金额为该房屋转让的市场成交价格。新购住房为新房的，购房金额为纳税人在住房城乡建设部门网签备案的购房合同中注明的成交价格；新购住房为二手房的，购房金额为房屋的成交价格。详情如下;0.0017028522775649;0.1871216249690454;0.4800335644750817;0.0018653411113685
伊川人刚刚购房新政接连发布据新华社消息，记者日从住房和城乡建设部获悉，近日住房城乡建设部、中国人民银行、金融监管总局联合印发了《关于优化个人住房贷款中住房套数认定标准的通知》，推动落实购买首套房贷款“认房不用认贷”政策措施。通知明确，居民家庭（包括借款人、配偶及未成年子女）申请贷款购买商品住房时，家庭成员在当地名下无成套住房的，不论是否已利用贷款购买过住房，银行业金融机构均按首套住房执行住房信贷政策。此项政策作为政策工具，纳入“一城一策”工具箱，供城市自主选用。据住房城乡建设部有关负责同志介绍，此项政策将使更多购房人能够享受首套房贷款的首付比例和利率优惠，有助于降低居民购房成本，更好满足刚性和改善性住房需求。同在月日，财政部、税务总局、住房城乡建设部发布《关于延续实施支持居民换购住房有关个人所得税政策的公告》。关于延续实施支持居民换购住房有关个人所得税政策的公告财政部税务总局住房城乡建设部公告年第号为继续支持居民改善住房条件，现就有关个人所得税政策公告如下：一、自年月日至年月日，对出售自有住房并在现住房出售后年内在市场重新购买住房的纳税人，对其出售现住房已缴纳的个人所得税予以退税优惠。其中，新购住房金额大于或等于现住房转让金额的，全部退还已缴纳的个人所得税；新购住房金额小于现住房转让金额的，按新购住房金额占现住房转让金额的比例退还出售现住房已缴纳的个人所得税。二、本公告所称现住房转让金额为该房屋转让的市场成交价格。新购住房为新房的，购房金额为纳税人在住房城乡建设部门网签备案的购房合同中注明的成交价格；新购住房为二手房的，购房金额为房屋的成交价格。三、享受本公告规定优惠政策的纳税人须同时满足以下条件：纳税人出售和重新购买的住房应在同一城市范围内。同一城市范围是指同一直辖市、副省级城市、地级市（地区、州、盟）所辖全部行政区划范围。出售自有住房的纳税人与新购住房之间须直接相关，应为新购住房产权人或产权人之一。四、符合退税优惠政策条件的纳税人应向主管税务机关提供合法、有效的售房、购房合同和主管税务机关要求提供的其他有关材料，经主管税务机关审核后办理退税。五、各级住房城乡建设部门应与税务部门建立信息共享机制，将本地区房屋交易合同网签备案等信息（含撤销备案信息）实时共享至当地税务部门；暂未实现信息实时共享的地区，要建立健全工作机制，确保税务部门及时获取审核退税所需的房屋交易合同备案信息。特此公告。财政部税务总局住房城乡建设部年月日;0.0074499787143465;0.3693411202802755;0.8683601084699047;0.029138571752695963
关于贷款套数认定、个税退税优惠，这些重磅购房政策明确日从住房和城乡建设部获悉，近日住房城乡建设部、中国人民银行、金融监管总局联合印发了《关于优化个人住房贷款中住房套数认定标准的通知》，推动落实购买首套房贷款“认房不用认贷”政策措施。通知明确，居民家庭（包括借款人、配偶及未成年子女）申请贷款购买商品住房时，家庭成员在当地名下无成套住房的，不论是否已利用贷款购买过住房，银行业金融机构均按首套住房执行住房信贷政策。此项政策作为政策工具，纳入“一城一策”工具箱，供城市自主选用。据住房城乡建设部有关负责同志介绍，此项政策将使更多购房人能够享受首套房贷款的首付比例和利率优惠，有助于降低居民购房成本，更好满足刚性和改善性住房需求。三部门：延续实施支持居民换购住房有关个人所得财政部、税务总局、住房城乡建设部发布《关于延续实施支持居民换购住房有关个人所得税政策的公告》。自年月日至年月日，对出售自有住房并在现住房出售后年内在市场重新购买住房的纳税人，对其出售现住房已缴纳的个人所得税予以退税优惠。其中，新购住房金额大于或等于现住房转让金额的，全部退还已缴纳的个人所得税；新购住房金额小于现住房转让金额的，按新购住房金额占现住房转让金额的比例退还出售现住房已缴纳的个人所得税。本公告所称现住房转让金额为该房屋转让的市场成交价格。新购住房为新房的，购房金额为纳税人在住房城乡建设部门网签备案的购房合同中注明的成交价格；新购住房为二手房的，购房金额为房屋的成交价格。来源：新华社、央视新闻客户端;0.0089399744572158;0.8476931176141418;0.700425060713175;0.06473249015930545
三部门：延续实施支持居民换购住房有关个人所得税政策财政部、税务总局、住房城乡建设部发布《关于延续实施支持居民换购住房有关个人所得税政策的公告》。一、自年月日至年月日，对出售自有住房并在现住房出售后年内在市场重新购买住房的纳税人，对其出售现住房已缴纳的个人所展开;0.000532141336739;0.958593886046344;0.6665968906842651;0.004146776578836963
三部门：延续实施支持居民换购住房有关个人所得税政策评：没啥影响;0.0017028522775649;-0.1109374712512359;0.4965751296024643;-0.001143999682154366
关于延续实施支持居民换购住房有关个人所得税政策的公告财政部、税务总局、住房城乡建设部发布年第号公告，明确自年月日至年月日，对出售自有住房并在现住房出售后年内在市场重新购买住房的纳税人，对其出售现住房已缴纳的个人所得税予以退税优惠。其中，新购住房金额大于或展开;0.0002128565346956;0.9978218174142244;0.6665968906842651;0.0017265889977127586
速看换房有钱退，延续至年底近日财政部、国家税务总局、住房城乡建设部发布公告延续实施支持居民换购住房相关税收优惠政策换房有钱退了根据公告，对出售自有住房并在现住房出售后年内在市场重新购买住房的纳税人，对其出售现住房已缴纳的个人所得税予以退税优惠，公告执行至年底。具体来看，新购住房金额大于或等于现住房转让金额的，全部退还已缴纳的个人所得税；新购住房金额小于现住房转让金额的，按新购住房金额占现住房转让金额的比例退还出售现住房已缴纳的个人所得税。财政部税务总局住房城乡建设部关于延续实施支持居民换购住房有关个人所得税政策的公告为继续支持居民改善住房条件，现就有关个人所得税政策公告如下：一、自年月日至年月日，对出售自有住房并在现住房出售后年内在市场重新购买住房的纳税人，对其出售现住房已缴纳的个人所得税予以退税优惠。其中，新购住房金额大于或等于现住房转让金额的，全部退还已缴纳的个人所得税；新购住房金额小于现住房转让金额的，按新购住房金额占现住房转让金额的比例退还出售现住房已缴纳的个人所得税。二、本公告所称现住房转让金额为该房屋转让的市场成交价格。新购住房为新房的，购房金额为纳税人在住房城乡建设部门网签备案的购房合同中注明的成交价格；新购住房为二手房的，购房金额为房屋的成交价格。三、享受本公告规定优惠政策的纳税人须同时满足以下条件：纳税人出售和重新购买的住房应在同一城市范围内。同一城市范围是指同一直辖市、副省级城市、地级市（地区、州、盟）所辖全部行政区划范围。出售自有住房的纳税人与新购住房之间须直接相关，应为新购住房产权人或产权人之一。四、符合退税优惠政策条件的纳税人应向主管税务机关提供合法、有效的售房、购房合同和主管税务机关要求提供的其他有关材料，经主管税务机关审核后办理退税。五、各级住房城乡建设部门应与税务部门建立信息共享机制，将本地区房屋交易合同网签备案等信息（含撤销备案信息）实时共享至当地税务部门；暂未实现信息实时共享的地区，要建立健全工作机制，确保税务部门及时获取审核退税所需的房屋交易合同备案信息。特此公告。财政部税务总局住房城乡建设部年月日中国社会科学院财经战略研究院财政研究室主任何代欣表示，为支持居民改善住房条件，去年，财政部等部门出台了支持居民换购住房有关个人所得税政策，政策将于今年底到期。三部门此次发布的公告明确将这项政策延续实施至年底，有助于继续支持居民改善住房条件。此外，为继续支持公共租赁住房建设和运营，财政部、税务总局发布公告，明确继续实施公共租赁住房税收优惠政策至年底。来源：国家税务总局、央视新闻山东潍坊坊子融媒：李炳霏彭海程;0.0021285653469561;0.3336649252444109;0.956048298833252;0.008280624270890097
退钱了退钱了近日财政部、国家税务总局、住房城乡建设部发布公告延续实施支持居民换购住房相关税收优惠政策根据公告，对出售自有住房并在现住房出售后年内在市场重新购买住房的纳税人，对其出售现住房已缴纳的个人所得税予以退税优惠，公告执行至年底。具体来看，新购住房金额展开;0.0123456790123456;0.2586195833571671;0.3776030117294809;0.014702715065312464
明确可以退钱了近日，财政部、国家税务总局、住房城乡建设部发布公告，延续实施支持居民换购住房相关税收优惠政策。根据公告，对出售自有住房并在现住房出售后年内在市场重新购买住房的纳税人，对其出售现住房已缴纳的个人所得税予以退税优惠，公告执行至年底。具体来看，新购住房金额大于或等于现住房转让金额的，全部退还已缴纳的个人所得税；新购住房金额小于现住房转让金额的，按新购住房金额占现住房转让金额的比例退还出售现住房已缴纳的个人所得税。财政部税务总局住房城乡建设部关于延续实施支持居民换购住房有关个人所得税政策的公告财政部税务总局住房城乡建设部公告年第号为继续支持居民改善住房条件，现就有关个人所得税政策公告如下：一、自年月日至年月日，对出售自有住房并在现住房出售后年内在市场重新购买住房的纳税人，对其出售现住房已缴纳的个人所得税予以退税优惠。其中，新购住房金额大于或等于现住房转让金额的，全部退还已缴纳的个人所得税；新购住房金额小于现住房转让金额的，按新购住房金额占现住房转让金额的比例退还出售现住房已缴纳的个人所得税。二、本公告所称现住房转让金额为该房屋转让的市场成交价格。新购住房为新房的，购房金额为纳税人在住房城乡建设部门网签备案的购房合同中注明的成交价格；新购住房为二手房的，购房金额为房屋的成交价格。三、享受本公告规定优惠政策的纳税人须同时满足以下条件：纳税人出售和重新购买的住房应在同一城市范围内。同一城市范围是指同一直辖市、副省级城市、地级市（地区、州、盟）所辖全部行政区划范围。出售自有住房的纳税人与新购住房之间须直接相关，应为新购住房产权人或产权人之一。四、符合退税优惠政策条件的纳税人应向主管税务机关提供合法、有效的售房、购房合同和主管税务机关要求提供的其他有关材料，经主管税务机关审核后办理退税。五、各级住房城乡建设部门应与税务部门建立信息共享机制，将本地区房屋交易合同网签备案等信息（含撤销备案信息）实时共享至当地税务部门；暂未实现信息实时共享的地区，要建立健全工作机制，确保税务部门及时获取审核退税所需的房屋交易合同备案信息。特此公告。财政部税务总局住房城乡建设部年月日中国社会科学院财经战略研究院财政研究室主任何代欣表示，为支持居民改善住房条件，去年，财政部等部门出台了支持居民换购住房有关个人所得税政策，政策将于今年底到期。三部门此次发布的公告明确将这项政策延续实施至年底，有助于继续支持居民改善住房条件。此外，为继续支持公共租赁住房建设和运营，财政部、税务总局发布公告，明确继续实施公共租赁住房税收优惠政策至年底。来源：国家税务总局央视新闻大众日报;0.0113878246062154;0.2632886264839982;0.9142085022075058;0.03342749456430081
今天，三个部委新政下饺子的节奏不知道是否还有别的待批露？除了认房不用认贷、换房退税之外，这第三个是是关于公租房减税的新政：月日，财政部、税务总局联合发布关于继续实施公共租赁住房税收优惠政策的公告。具体来看，一是对公租房建设期间用地及公租房建成后占地，免征城镇土地使用税。在其他住房项目中配套建设公租房，按公租房建筑面积占总建筑面积的比例免征建设、管理公租房涉及的城镇土地使用税。二是对公租房经营管理单位免征建设、管理公租房涉及的印花税。在其他住房项目中配套建设公租房，按公租房建筑面积占总建筑面积的比例免征建设、管理公租房涉及的印花税。三是对公租房经营管理单位购买住房作为公租房，免征契税、印花税；对公租房租赁双方免征签订租赁协议涉及的印花税。四是对企事业单位、社会团体以及其他组织转让旧房作为公租房房源，且增值额未超过扣除项目金额的，免征土地增值税。五是企事业单位、社会团体以及其他组织捐赠住房作为公租房，符合税收法律法规规定的，对其公益性捐赠支出在年度利润总额以内的部分，准予在计算应纳税所得额时扣除，超过年度利润总额的部分，准予结转以后三年内在计算应纳税所得额时扣除。个人捐赠住房作为公租房，符合税收法律法规规定的，对其公益性捐赠支出未超过其申报的应纳税所得额的部分，准予从其应纳税所得额中扣除。六是对符合地方政府规定条件的城镇住房保障家庭从地方政府领取的住房租赁补贴，免征个人所得税。七是对公租房免征房产税。对经营公租房所取得的租金收入，免征增值税。公租房经营管理单位应单独核算公租房租金收入，未单独核算的，不得享受免征增值税、房产税优惠政策。八是享受上述税收优惠政策的公租房是指纳入省、自治区、直辖市、计划单列市人民政府及新疆生产建设兵团批准的公租房发展规划和年度计划，或者市、县人民政府批准建设（筹集），并按照《关于加快发展公共租赁住房的指导意见》（建保号）和市、县人民政府制定的具体管理办法进行管理的公租房。九是纳税人享受本公告规定的优惠政策，应按规定进行免税申报，并将不动产权属证明、载有房产原值的相关材料、纳入公租房及用地管理的相关材料、配套建设管理公租房相关材料、购买住房作为公租房相关材料、公租房租赁协议等留存备查。杨评：公租房，现在是租房领域中的纯保障房了，各种减税，其实也是在为各类国企减税，等于是左口袋的钱转至右口袋。而近两年很多大中城市着力推进的是保障性租赁房，这东东是带有一定保障色彩的、具有一定市场化程度的租赁房，真正该大力减税的是这个东东。当然，还应大力减税是纯市场化的长租公寓，很多经营企业近几年一直在亏钱，同时受上面两类租赁的冲击越来越大;0.0123456790123456;-0.1520429724808767;0.3860180596752419;-0.008836385585878192
宏观经济住建部、央行、金融监管总局：推动落实购买首套房贷款“认房不用认贷”政策措施。降低居民购房成本，更好满足刚性和改善性住房需求。财政部、税务总局：延续实施支持居民换购住房有关个人所得税政策。继续实施公共租赁住房税收优惠政策。;0.0014899957428693;-0.0598272967357115;0.5019309586476545;-0.0005456499168100713
实时快报：财政部、税务总局：继续实施公共租赁住房税收优惠政策云财经讯，对公租房建设期间用地及公租房建成后占地，免征城镇土地使用税。在其他住房项目中配套建设公租房，按公租房建筑面积占总建筑面积的比例免征建设、管理公租房涉及的城镇土地使用税。对公租房经营管理单位免征建设、管理公租房涉及的印花税。在其他住房项目中配套建设公租房，按公租房建筑面积占总建筑面积的比例免征建设、管理公租房涉及的印花税。对公租房经营管理单位购买住房作为公租房，免征契税、印花税；对公租房租赁双方免征签订租赁协议涉及的印花税。;0.0001064282673478;-0.3057018926331971;0.6665968906842651;-0.00026448686287911227
天津：非本市户籍大学毕业生在本市住房限购区域无住房的可凭劳动合同或企业注册证明和毕业证购买一套住房财联社月日电，天津市住房城乡建设委等四部门发布关于进一步调整优化房地产政策更好满足居民刚性和改善性住房需求的通知。继续实施促进房地产业良性循环和健康发展一揽子政策措施，促进住房供需精准对接，支持大学毕业生合理购房需求，非本市户籍大学毕业生在本市住房限购区域无住房的，可凭劳动合同或企业注册证明和毕业证购买一套住房。进一步加强精准调控，将本市住房限购区域调整为市内六区，居民在住房限购区域内购买新建商品住房或二手住房的，仍然执行本市住房限购套数及资格政策。在本市非住房限购区域内，居民家庭购房办理商业性个人住房贷款的，按照不实施限购措施城市的差别化住房信贷政策执行。延长本市商业性个人住房贷款最长期限。鼓励各区人民政府向在本区购买新建商品住房的购房人发放一定补贴，减轻购房负担。具体补贴标准、操作程序和实施时间，由各区人民政府确定并组织实施。;0.0089399744572158;0.3510815307820303;0.6676591964861524;0.02555552451859464
“金九银十”前夜，楼市重磅金融支持政策落地，购房门槛、成本将明显降低。月日晚间，央行、国家金管总局发出《关于调整优化差别化住房信贷政策的通知》，《关于降低存量首套住房贷款利率有关事项的通知》，以支持各地因城施策用好政策工具箱，引导个人住房贷款实际首付比例和利率下行。;0.0008514261387824;0.2877814258285525;0.6674821455191711;0.0019945048401221023
人民银行山东省分行公示各地市首套房贷款利率政策下限情况根据《中国人民银行国家金融监督管理总局关于降低存量首套住房贷款利率有关事项的通知》《中国人民银行国家金融监督管理总局关于调整优化差别化住房信贷政策的通知》有关工作安排，现将山东人民银行山东省分行公示各地市首套房贷款利率政策下限情况;0.0006385696040868;-0.0158894448212908;0.4954020040566254;-6.129999329332457e-05
住建动态市住房城乡建设委等四部门关于进一步调整优化房地产政策更好满足居民刚性和改善性住房需求的通知各区人民政府，各有关单位：为贯彻落实党中央、国务院决策部署，适应房地产市场供求关系发生重大变化的新形势，因区施策，精准调控，更好满足居民刚性和改善性住房需求，促进房地产市场平稳健康发展，经市人民政府同意，现就调整优化的房地产政策通知如下：一、支持刚性住房需求继续实施促进房地产业良性循环和健康发展一揽子政策措施，促进住房供需精准对接，支持大学毕业生合理购房需求，非本市户籍大学毕业生在本市住房限购区域无住房的，可凭劳动合同或企业注册证明和毕业证购买一套住房。二、优化区域限购措施进一步加强精准调控，将本市住房限购区域调整为市内六区，居民在住房限购区域内购买新建商品住房或二手住房的，仍然执行本市住房限购套数及资格政策。三、完善住房信贷政策在本市非住房限购区域内，居民家庭购房办理商业性个人住房贷款的，按照不实施限购措施城市的差别化住房信贷政策执行。延长本市商业性个人住房贷款最长期限。四、鼓励发放购房补贴鼓励各区人民政府向在本区购买新建商品住房的购房人发放一定补贴，减轻购房负担。具体补贴标准、操作程序和实施时间，由各区人民政府确定并组织实施。五、营造良好舆论环境加强房地产市场正面宣传和舆论引导，及时发布房地产市场运行情况及政策信息，稳定住房消费预期。持续加强房地产领域负面舆情整治，坚决打击各类机构及个人制造传播不实信息等行为，营造良好房地产市场舆论环境。本通知自年月日起施行，此前有关政策规定与本通知不一致的，以本通知为准。市住房城乡建设委市规划资源局中国人民银行天津市分行国家金融监督管理总局天津监管局年月日;0.0004257130693912;-0.0126280036220525;0.6667739416512463;-4.371354244732945e-05
皋城百事通最新房贷政策重要调整月日，中国人民银行网站发布《中国人民银行国家金融监督管理总局关于调整优化差别化住房信贷政策的通知》、《中国人民银行国家金融监督管理总局关于降低存量首套住房贷款利率有关事项的通知》。最新房贷政策重要调整;0.0002128565346956;-0.4829084272132091;0.6666854161677557;-0.0008357154464982883
重庆购房新政解读重庆购房新政重庆购房新政有这些重大变化如何办理看这里月日晚，重庆市住房城乡建委发布了《关于进一步支持刚性和改善性购房需求的通知》，新旧政策有何不同？该如何办理？对于居民的疑问，相关负责人进行了解读。问：实施支持居民换购住房个人所得税政策与原政策有何不同？如何办理？答：年月日，财政部、税务总局联合发布公告（年第号），明确在年月日至年月日期间，纳税人出售自有住房并在现住房出售后年内，在同一城市重新购买住房的，可按规定申请退还其出售现住房已缴纳的个人所得税。今年月日，财政部、税务总局、住房城乡建设部再次联合发布公告（年第号），明确自年月日至年月日，对出售自有住房并在现住房出售后年内在市场重新购买住房的纳税人，对其出售现住房已缴纳的个人所得税予以退税优惠。新政策是对原政策的延续实施。按照公告要求，符合退税优惠政策条件的纳税人应向主管税务机关提供合法、有效的售房、购房合同和主管税务机关要求提供的其他有关材料，经主管税务机关审核后办理退税。本条政策由市财政局、市住房城乡建委负责解释和执行。问：新购住房再交易管理政策有什么调整变化？答：为更好适应当前房地产市场形势，我市在坚持“新房新政策、老房老政策”的原则下，对新购住房再交易管理政策进行了优化调整：一是原有已纳入限售范围的住房，统一按原政策执行，限售期满后予以解除；二是本《通知》印发执行后，在中心城区新购的新建商品住房和二手住房，由“须取得不动产权证满年后才能上市交易”调整为“取得房屋买卖合同备案证明满年，且取得不动产权证后才能上市交易”。本条政策由市住房城乡建委负责解释和执行。问：年市级秋交会期间购房有哪些优惠政策？答：年市级秋交会期间，在中心城区购买房屋的，由房屋所在地区政府（管委会）给予一定的购房补贴。主要有：一是契税返还，一般为、最高可达；二是现金补贴，住宅为元套、非住房为元套；三是对人才和多孩家庭提高补贴标准。本条具体政策由中心城区各区政府（管委会）负责解释和执行。问：个人住房套数认定标准有哪些新调整？答：按照住房城乡建设部、中国人民银行、金融监管总局关于“认房不认贷”政策规定，对居民家庭（包括借款人、配偶及未成年子女）在我市申请贷款购买商品住房时，家庭成员在当地名下无成套住房的，不论是否已利用贷款购买过住房，银行业金融机构均按首套住房执行住房信贷政策。本条政策由市住房城乡建委、中国人民银行重庆市分行、国家金融监督管理总局重庆监管局负责解释和执行。问：如何执行差别化住房信贷政策？答：按照今年月日《中国人民银行金融监管总局关于调整优化差别化住房信贷政策的通知》要求，调整首套和二套住房商业性个人住房贷款最低首付款比例和利率下限。对于贷款购买商品住房的居民家庭，首套住房商业性个人住房贷款最低首付款比例由调整为不低于，二套住房商业性个人住房贷款最低首付款比例由调整为不低于。首套住房商业性个人住房贷款利率政策下限按现行规定执行，即不低于相应期限贷款市场报价利率减个基点；二套住房商业性个人住房贷款利率政策下限由不低于相应期限贷款市场报价利率加个基点调整为不低于相应期限贷款市场报价利率加个基点。对拥有套及以上住房并已结清相应购房贷款的家庭，又申请贷款购买住房的，银行业金融机构应根据借款人偿付能力、信用状况等因素审慎把握并具体确定首付款比例和贷款利率水平，但不得低于二套房最低首付比例和最低利率水平。本条政策由中国人民银行重庆市分行负责解释和执行。（上游新闻记者陈竹）上游新闻;0.014899957428693;-0.2552175448495608;0.4544320558198471;-0.021074157215365385
重庆执行认房不认贷重庆市住房城乡建委网站月日消息，重庆市促进房地产市场平稳健康发展领导小组办公室发布《关于进一步支持刚性和改善性购房需求的通知》，具体内容如下。重庆市促进房地产市场平稳健康发展领导小组办公室关于进一步支持刚性和改善性购房需求的通知各区县（自治县）人民政府，市级有关部门，有关单位：为认真贯彻落实月日中央政治局会议精神，以及住房城乡建设部、财政部、中国人民银行等相关部委要求，因城施策用好政策工具箱，更好满足居民刚性和改善性住房需求，促进房地产市场健康发展，经报请市政府同意，现将有关事项通知如下。一、延续实施支持居民换购住房个人所得税政策自年月日至年月日，对出售自有住房并在现住房出售后年内在市场重新购买住房的纳税人，对其出售现住房已缴纳的个人所得税予以退税优惠。二、优化新购住房再交易管理将中心城区范围内新购的住房由“须取得不动产权证满年后才能上市交易”调整为“取得房屋买卖合同备案证明满年，且取得不动产权证后才能上市交易”。三、实施市级秋交会期间购房补贴政策年市级秋交会期间，在中心城区购买房屋的，给予一定的购房补贴。购房补贴政策由各区政府（管委会）根据实际情况制定和执行。四、优化个人住房套数认定标准居民家庭（包括借款人、配偶及未成年子女）申请贷款购买商品住房时，家庭成员在当地名下无成套住房的，不论是否已利用贷款购买过住房，银行业金融机构均按首套住房执行住房信贷政策。五、调整优化差别化住房信贷政策对于贷款购买商品住房的居民家庭，首套住房商业性个人住房贷款最低首付款比例为不低于，二套住房商业性个人住房贷款最低首付款比例为不低于。首套住房商业性个人住房贷款利率政策下限按现行规定执行，二套住房商业性个人住房贷款利率政策下限调整为不低于相应期限贷款市场报价利率加个基点。对拥有二套及以上住房并已结清相应购房贷款的家庭，又申请贷款购买住房，银行业金融机构应根据借款人偿付能力、信用状况等因素审慎把握并具体确定首付款比例和贷款利率水平，但不得低于二套房最低首付比例和最低利率水平。本通知自印发之日起执行，原有相关规定与本通知不一致的，以本通知为准。重庆市促进房地产市场平稳健康发展领导小组办公室年月日;0.000532141336739;0.8135454513178231;0.6667739416512463;0.003520247012452275
重庆官宣认房不认贷重磅重庆认房不认贷二手房交易、购房首付比例有调整月日，重庆发布《重庆市促进房地产市场平稳健康发展领导小组办公室关于进一步支持刚性和改善性购房需求的通知》，全文如下：各区县（自治县）人民政府，市级有关部门，有关单位：为认真贯彻落实月日中央政治局会议精神，以及住房城乡建设部、财政部、中国人民银行等相关部委要求，因城施策用好政策工具箱，更好满足居民刚性和改善性住房需求，促进房地产市场健康发展，经报请市政府同意，现将有关事项通知如下。一、延续实施支持居民换购住房个人所得税政策自年月日至年月日，对出售自有住房并在现住房出售后年内在市场重新购买住房的纳税人，对其出售现住房已缴纳的个人所得税予以退税优惠。二、优化新购住房再交易管理将中心城区范围内新购的住房由“须取得不动产权证满年后才能上市交易”调整为“取得房屋买卖合同备案证明满年，且取得不动产权证后才能上市交易”。三、实施市级秋交会期间购房补贴政策年市级秋交会期间，在中心城区购买房屋的，给予一定的购房补贴。购房补贴政策（附后）由各区政府（管委会）根据实际情况制定和执行。四、优化个人住房套数认定标准居民家庭（包括借款人、配偶及未成年子女）申请贷款购买商品住房时，家庭成员在当地名下无成套住房的，不论是否已利用贷款购买过住房，银行业金融机构均按首套住房执行住房信贷政策。调整优化差别化住房信贷政策对于贷款购买商品住房的居民家庭，首套住房商业性个人住房贷款最低首付款比例为不低于，二套住房商业性个人住房贷款最低首付款比例为不低于。首套住房商业性个人住房贷款利率政策下限按现行规定执行，二套住房商业性个人住房贷款利率政策下限调整为不低于相应期限贷款市场报价利率加个基点。对拥有二套及以上住房并已结清相应购房贷款的家庭，又申请贷款购买住房，银行业金融机构应根据借款人偿付能力、信用状况等因素审慎把握并具体确定首付款比例和贷款利率水平，但不得低于二套房最低首付比例和最低利率水平。本通知自印发之日起执行，原有相关规定与本通知不一致的，以本通知为准。;0.0006385696040868;-0.2136448173556727;0.6665968906842651;-0.0011090460780479958
楼市放出多年未见大招，房价是跌是涨？靴子终于落地。月日下午时许，中国人民银行、国家金融监督管理总局发布最新通知，调整优化住房信贷政策，其中，首套住房商贷最低首付款不低于，二套住房商贷最低首付款不低于。本次降低首付的力度可谓多年未有；此外，房贷利率也将进行较大力度的优化调整，包括降低存量房贷利率。这一政策组合拳可谓掷地有声，本次出台楼市新政，有何深意？楼市会迎来什么变化？首付比例几乎降至历史下限月日，中国人民银行、国家金融监督管理总局发布《关于调整优化差别化住房信贷政策的通知》，其中主要有四条内容。第一条是对于贷款购买商品住房的居民家庭，首套住房商业性个人住房贷款最低首付款比例统一为不低于，二套住房商业性个人住房贷款最低首付款比例统一为不低于。这一新政即为首套房首付、二套房首付，近十年前，这一政策曾出台过，其后多年，首套房首付最低、二套房首付最低的房贷政策在全国层面长期执行，部分城市有所加码，二套房首付比例要求更高。以一套总价万元的房子为例，此前首套房首付需要万元，而按照最新政策，首付只需要万元，首付资金低了很多；而如果是二套房，此前首付需要万，部分城市需要万元，而如今只需要万，购房门槛大为降低。对此，中指研究院指数研究部总经理曹晶晶表示，从首付比例来看，不论是首套房还是二套房，其最低首付比例几乎已经降至历史下限，这将能显著降低购房门槛，凸显了政策面保刚需、促改善、稳市场的用意。第二条是首套住房商业性个人住房贷款利率政策下限按现行规定执行，二套住房商业性个人住房贷款利率政策下限调整为不低于相应期限贷款市场报价利率加个基点。即首套房利率政策不变，目前五年期以上为，部分城市执行的是下调个基点、再优惠个左右基点的政策，其房贷利率为甚至更低，比如郑州、福州的首套房贷利率已调至左右。而对于二套房贷款利率，此前多个城市执行的是上调个基点，实际二套房贷利率为，根据此次最新政策，二套房上浮基点不低于个基点即可，这无疑赋予了下调二套房贷利率上浮基点的空间。第三、四条规定，中国人民银行、金融监管总局各派出机构按照因城施策原则，根据辖区内各城市房地产市场形势及当地调控要求，自主确定各城市首套和二套住房商贷最低首付款比例和利率下限；各大银行业金融机构应据此首付比例和利率下限，合理确定每笔贷款的具体首付款比例和利率水平。中国人民银行、国家金融监督管理总局有关负责人表示，此次差别化住房信贷政策调整优化的重点在于，一是统一全国商业性个人住房贷款最低首付款比例政策下限即不再区分实施“限购”城市和不实施“限购”城市，首套住房和二套住房商贷最低首付款比例政策下限统一为不低于和；二是将二套住房利率政策下限调整为不低于相应期限贷款市场报价利率（）加个基点。曹晶晶表示，此次金融监管部门打开了首付比例和利率下调的空间，根据目前的市场形势和金融监管部门的这一要求，首套房首付、二套房首付的新政将会逐步落地，二套房贷利率也将下调，尤其是由于当前多数城市房地产下行压力较大，因此预计二线城市将很快调整至下限水平等，从政策调整力度看，本次楼市新政具有较高的含金量。楼市仍处于下行期今年以来，楼市曾在、月份有所回升，但进入下半年，楼市多个指标均呈现下跌态势。国家统计局公布，月份，全国房地产开发投资亿元，同比下降；其中，住宅投资亿元，下降。月份，房地产开发企业房屋施工面积万平方米，同比下降。房屋新开工面积万平方米，下降。其中，住宅新开工面积万平方米，下降。与此同时，楼市成交量价也出现下滑，月份，商品房销售面积万平方米，同比下降。尤其是，今年上半年商品房销售额连续多月保持同比正增长的态势，但月份以来，前个月商品房销售额亿元，下降。月份，个大中城市中，新建商品住宅和二手住宅价格环比上涨城市分别有个和个，比上月分别减少个和个；同比上涨城市分别有个和个，比上月均减少个。对此，国家统计局城市司首席统计师绳国庆表示，年月份，个大中城市商品住宅销售价格上涨城市个数减少，各线城市商品住宅销售价格环比持平或下降、同比有涨有降。“目前市场显然是跌过头了，”月日，在万科年中期业绩推介会上，万科董事会主席郁亮表示，市场低迷持续了一段时间，市场情绪已经受到影响，容易出现各种“过度反应”。他表示，以新开工数来看，年新开工数下降，年新开工量下降，今年上半年继续下降约。如果以年作为基数，新开工数已经整体下降约，回到了年的水平。中国社科院财经战略研究院住房大数据项目组组长邹琳华向中国新闻周刊表示，房地产领域的风险点较多且连接面广，比如烂尾楼风险、房地产企业爆雷风险、土地财政风险、断供风险等，都属于非常棘手的风险。这些风险一旦触发，容易直接联接金融体系和地方财政。因而，房地产相对更容易率先引发经济风险。邹琳华认为，与日本房地产泡沫期相比，我国仍处于城市化阶段，人均收入和生活水平离发达国家还在差距，存在一定规模潜在的刚性和改善性住房需求。只要政策及时妥当，房地产领域的风险相对更为可控。但如果房价在内外部因素的综合作用下持续下滑且无有效抑制手段，这些风险点也容易被触发。由于房地产风险连接面广，抑制房地产风险的蔓延，就需要付出更大成本。中国人民银行、国家金融监督管理总局有关负责人表示，月日中央政治局会议明确，适应我国房地产市场供求关系发生重大变化的新形势，适时调整优化房地产政策，因城施策用好政策工具箱。月日国务院常务会议提出，根据不同需求、不同城市等推出有利于房地产市场平稳健康发展的政策举措，加快研究构建房地产业新发展模式。根据部署，此次对现行差别化住房信贷政策进行了调整优化，支持各地因城施策用好政策工具箱，引导个人住房贷款实际首付比例和利率下行，更好满足刚性和改善性住房需求。楼市会怎样走？邹琳华表示，为了及时有效应对周期性、结构性供大于求带来的市场冲击，以及防范可能由此触发的经济风险，同时支持刚性和改善性住房需求，可采取调整优化措施。为此，他建议，一是及时撤销对于住房需求不合时宜的管控限制。这些限制措施包括限购、限贷、限售、限价、限非普住宅等。这些限制措施大都是基于住房短缺、投资投机动力强大的市场背景所制订，既然房地产市场供求形势已经发生了重大变化，住房已经不再供不应求，甚至还出现了销售困难，住房投资投机者也不再涌入住房市场，这些限制政策显然已经不合时宜。此外，这些限制性政策还限制了居民刚性和改善性住房需求的释放，妨碍了市场信心的恢复，所以应该及时全面调整。二是大幅降低购房贷款利率。从当前的信贷市场供求看，无抵押的消费贷利率已经降至左右，且对这类资金的市场需求仍不足。参照无抵押消费贷利率的供求状况，目前的房贷利率水平还需要大幅降低，才可能会对市场信心恢复有一定作用。从这一角度看，楼市政策仍有调整空间。年月日，住房城乡建设部、中国人民银行、金融监管总局三部门发布《关于优化个人住房贷款中住房套数认定标准的通知》，“认房不认贷”政策终于要走向落地。月日，一线城市中的广州与深圳已经在同一天出台规定落实“认房不认贷政策”。邹琳华表示，“认房不认贷”可以释放部分购房需求，对市场信心有一定的提振作用。月日，中国人民银行、国家金融监督管理总局联合发布《关于降低存量首套住房贷款利率有关事项的通知》。自年月日起，降低存量首套住房商业性个人住房贷款利率。中国人民银行、国家金融监督管理总局有关负责人表示，对于符合条件的存量住房贷款，可由借款人主动向承贷银行提出申请，也鼓励银行以发布公告、批量办理等方式，为借款人提供更为便利的服务。调整方式上，既可以变更合同约定的住房贷款利率加点幅度，也可以由银行新发放贷款置换存量贷款，具体利率调整幅度由借贷双方协商确定。中国首席经济学家论坛理事长、上海市经济学会副会长连平表示，降低存量房贷利率可以减轻购房者的利息负担，对于刺激消费、推动房地产市场复苏会有积极作用。曹晶晶表示，整体来看，月底房地产政策优化节奏加快，多项利好政策集中赶在“金九银十”到来之前落地，将有助于促进房地产市场信心修复和预期改善，推动刚需和改善性需求入市，激活市场交易。郁亮认为，“楼市的确有前所未有的压力”，但是，政策正在发力，并且对“盘活存量项目”等对行业中长期有重大影响的方面都有提出要求，是一种对行业的鼓舞。首都经济贸易大学京津冀房地产研究院院长赵秀池告诉中国新闻周刊，楼市跟着人口走，作为人口基数大、新增人口多的一二线城市，其市场仍有一定的发展潜力。在郁亮看来，目前我国城镇化率，这个数字如果预计达到，保守估计全国每年应该有亿亿平方米的新开工数才是合理水平，目前是超跌了。房地产行业能回到健康的水平，过程中会有曲折和波浪。（中国新闻周刊）;0.0156449553001277;-0.173203795890983;0.4447339607329938;-0.01469662893179657
首套房贷款最低首付款比例不低于二套房贷款最低首付款比例不低于中国人民银行、国家金融监督管理总局发布关于调整优化差别化住房信贷政策的通知：对于贷款购买商品住房的居民家庭，首套住房商业性个人住房贷款最低首付款比例统一为不低于，二套住房商业性个人住房贷款最低首付款比例统一为不低于。万存量房贷每年可省多元利息（中国人民银行）中国新闻网的微博视频;0.0245849297573435;-0.0794042126953506;0.4470112666951319;-0.010641839084846595
基金股票钛媒体每日收评今日股收评：沪指收涨，煤炭板块涨幅居前截止月日收盘，沪指报点，涨，成交额为亿元（上一交易日成交额为亿元）；深成指报点，涨，成交额为亿元（上一交易日成交额为亿元）；创业板指报点，跌，成交额为亿元（上一交易日成交额为亿元）。两市全天成交额亿元，较上一交易日缩量亿元，超股上涨。今日，受台风天气影响，沪深股通暂停交易。板块方面，煤炭板块涨幅居前，云煤能源、陕西黑猫涨停，华阳股份、兖矿能源、山西焦煤等个股涨超；大消费板块迎来全面反弹，商贸零售板块大涨，杭州解百、中央商场、人人乐、中兴商业、国芳集团、国光连锁涨停；乳品、白酒指数走高，西部牧业涨停，麦趣尔涨停，皇台酒业涨近，舍得酒业涨超；汽车整车板块涨幅靠前，众泰汽车涨超，中通客车、中国重汽等跟涨；杭州亚运会概念股盘中异动，杭州园林涨停，杭州解百、中装建设涨停。消息面：、昨日中国人民银行、国家金融监督管理总局联合发布《关于降低存量首套住房贷款利率有关事项的通知》，明确借款人可选择新发放贷款置换存量房贷，或者协商变更合同约定利率水平两种方式，调整存量首套住房商业性个人住房贷款。上述两部门还联合下发了《关于调整优化差别化住房信贷政策的通知》，明确统一全国商业性个人住房贷款最低首付款比例政策下限，首套住房和二套住房商业性个人住房贷款最低首付款比例政策下限统一为不低于和。、开源证券表示，稳增长政策有望在下半年发挥效力，尤其是在施工旺季的月、月。本周多部门推动落实首套房贷认房不认贷，推动房贷利率调整，后续有望对地产新开工带来边际改善，利多黑色产业链。当前稳增长政策超预期，煤炭股同样也会成为进攻品种，作为上游资源环节必然受到下游需求的拉升而反映出价格上涨。从安全性而言，煤炭股的估值已经处在历史的底部区域，配置性价比高。、数据显示，股家百货类上市公司中有家上半年实现盈利，家公司业绩同比正增长，家上市公司净利润为亏损，整体看，百货零售类上市公司盈利能力明显修复。从百货上市公司披露的财报看，在上半年线下消费强势复苏背景下，有不少连锁百货店持续加码线上渠道建设，线上收入也实现较大幅度增长，数智化转型逐渐提速，这也是半年报中一大特点。、中信建投表示，白酒板块月短暂反弹后，再次进入到“低情绪”“低预期”状态中，市场交易拥挤度、活跃度回落至历史较低水平，板块估值仍处于合理偏低分位。展望中秋国庆，酒厂预计加大促销支持力度，且场景复苏低基数加持，上市酒企有望取得高于行业的动销增长。长期来看，龙头酒企的竞争优势也将持续凸显，当前估值低位正是布局时机，建议积极把握低估值下龙头标的的布局机会。、业内人士表示，由于上半年积压的需求在月释放，月需求环比相对减弱，部分车企开启降价，影响板块情绪。在本届成都国际车展，比亚迪方程豹首款车型豹、智己开启预售，比亚迪宋、长安启源、极越等车型首发亮相，优质供给加速。月虽是传统淡季，但整体需求与年及历史同期相比仍然坚挺，待后续“金九银十”购车旺季到来，叠加去年低基数，需求有望快速回暖。;0.0006385696040868;0.7379643692020978;0.8449775794585626;0.004855953549643709
存量首套房贷利率下调月日起可申请万存量房贷每年可省多元利息月日，中国人民银行、金融监管总局联合发布《关于降低存量首套住房贷款利率有关事项的通知》（下称“通知”）和《关于调整优化差别化住房信贷政策的通知》。通知明确，自月日起，符合相关条件的存量房贷借款人，可向金融机构提出申请，既可以变更合同约定的住房贷款利率加点幅度，也可以由银行新发放贷款置换存量贷款。降低后的存量房贷利率，依然要符合贷款发放时当地的房地产政策，即不低于当时所在城市房贷利率政策下限。接近监管的有关人士表示，存量首套住房商业性个人住房贷款利率调整后，购房者财务负担会有明显下降，利率平均降幅约为个百分点。据估算，本次调整涉及的客户可能超过万，涉及调整的贷款规模可能达万亿元。以万元、年期、原利率的存量房贷为例，假设房贷利率降至，可节约借款人利息支出每年超元。“存量住房贷款利率的下降，对借款人来说，可节约利息支出，有利于扩大消费和投资。对银行来说，可有效减少提前还贷现象，减轻对银行利息收入的影响。”上述人士说，存量住房贷款利率的下降还可压缩违规使用经营贷、消费贷置换存量住房贷款的空间，减少风险隐患。那么，在两种调整方式中，借款人应该如何选择？上述人士告诉上海证券报记者，从调整结果上看，由于中国人民银行已经明确存量房贷利率调整的具体要求，即需要符合贷款发放时的当地房贷利率下限政策，预计这两种方式调整后的利率水平不会有明显区别。下一步，调整存量房贷利率在具体操作层面将如何落地、借款人又应怎样操作？对于符合条件的存量住房贷款，自月日起，可由借款人向承贷银行提出申请，新发放贷款置换存量首套房贷，或协商变更合同利率水平。在月日前，银行进行修订合同文本、改造调整系统、识别符合标准的客户等准备工作，并尽快向借款人公布办理流程和需要准备的申请材料。中国人民银行将督促银行尽快发布本行降低存量房贷利率的公告，明确申请调整利率水平或新发放贷款置换的具体安排。借款人可根据贷款银行的公告进行操作。中国人民银行还将指导利率自律机制，督促金融机构做好贯彻落实工作，维护市场竞争秩序。通知要求，各金融机构要抓紧制定具体操作细则，做好组织实施，提高服务水平，及时响应借款人申请，尽可能采取便捷措施，降低借款人操作成本，确保有关要求落实到位。截至记者发稿时，建行、农行等银行发布了关于调整存量房贷利率的公告。建行称，将提供高效便捷的线上线下服务，按照通知规定，做好降低存量首套住房商业性个人住房贷款利率工作。农行称，正在积极依法有序开展存量首套个人住房贷款利率调整的准备工作。后续具体事宜，将在该行官网、微信公众号、网点等渠道公告。（上海证券报新华财经官方微博）新华财经官方微博的微博视频;0.000532141336739;0.8912349145628771;0.6668624671347368;0.003856924746707181
房贷政策最新调整便民资讯日前，中国人民银行、国家金融监督管理总局联合发布《关于调整优化差别化住房信贷政策的通知》和《关于降低存量首套住房贷款利率有关事项的通知》。有关负责人就调整优化住房信贷政策有关问题答记者问。一起来看（来源：中国人民银行网站、新华社）房贷政策最新调整;0.0001064282673478;-0.0627980035757627;0.6668624671347368;-5.4353161007827065e-05
两部门调整优化住房信贷政策月日，中国人民银行、金融监管总局联合发布《关于调整优化差别化住房信贷政策的通知》和《关于降低存量首套住房贷款利率有关事项的通知》，对于贷款购买商品住房的居民家庭，首套住房商业性个人住房贷款最低首付款比例统一为不低于，二套住房商业性个人住房贷款最低首付款比例统一为不低于。同时，自月日起，存量首套住房商业性个人住房贷款的借款人可向承贷金融机构提出申请，由该金融机构新发放贷款置换存量首套住房商业性个人住房贷款。根据《关于调整优化差别化住房信贷政策的通知》，首套住房商业性个人住房贷款利率政策下限按现行规定执行，二套住房商业性个人住房贷款利率政策下限调整为不低于相应期限贷款市场报价利率加个基点。中国人民银行、金融监管总局各派出机构按照因城施策原则，指导各省级市场利率定价自律机制，根据辖区内各城市房地产市场形势及当地政府调控要求，自主确定辖区内各城市首套和二套住房商业性个人住房贷款最低首付款比例和利率下限。《关于降低存量首套住房贷款利率有关事项的通知》明确，存量首套住房商业性个人住房贷款，是指年月日前金融机构已发放的和已签订合同但未发放的首套住房商业性个人住房贷款，或借款人实际住房情况符合所在城市首套住房标准的其他存量住房商业性个人住房贷款。新发放贷款的利率水平由金融机构与借款人自主协商确定，但在贷款市场报价利率（）上的加点幅度，不得低于原贷款发放时所在城市首套住房商业性个人住房贷款利率政策下限。新发放的贷款只能用于偿还存量首套住房商业性个人住房贷款，仍纳入商业性个人住房贷款管理。此外，月日起，存量首套住房商业性个人住房贷款的借款人亦可向承贷金融机构提出申请，协商变更合同约定的利率水平。中国人民银行、金融监管总局有关负责人介绍，近年来我国房地产市场供求关系发生了重大变化，借款人和银行对于有序调整优化资产负债均有诉求。存量住房贷款利率的下降，对借款人来说，可节约利息支出，有利于扩大消费和投资。对银行来说，可有效减少提前还贷现象，减轻对银行利息收入的影响。同时，还可压缩违规使用经营贷、消费贷置换存量住房贷款的空间，减少风险隐患。为更好适应上述新形势，中国人民银行、金融监管总局明确按照市场化、法治化原则，支持鼓励银行与借款人协商调整存量首套住房贷款利率。（来源：《人民日报》）;0.034269902085994;0.3774395202248418;0.5654663148326321;0.08919749878691444
降低存量房贷利率有什么好处房贷政策调整哪些人获益最大？日前，中国人民银行、国家金融监督管理总局联合下发《关于调整优化差别化住房信贷政策的通知》和《关于降低存量首套住房贷款利率有关事项的通知》，相关政策一经发布当即引发市场强烈关注。存量房贷据不完全统计和测算，目前，大部分城市存量房贷的利率最低下限是，此前购房者基本是按照左右的房贷利率购房，此次存量房贷利率调整后，房贷利率或能降低个基点以上。加上近日一些地方出台的“认房不认贷”新规，一些住房可能重新被认定为“首套”，从而享受新出台政策优惠。几千万户、上亿居民的财务负担或会有较明显下降，平均降幅或约为个百分点，预计对市场影响颇大。;0.000532141336739;0.4517619389847798;0.6666854161677557;0.001954534282660737
权威发布重磅调整降降月日，中国人民银行、国家金融监督管理总局联合发布《关于调整优化差别化住房信贷政策的通知》和《关于降低存量首套住房贷款利率有关事项的通知》。;0.0002128565346956;0.9991525034019828;0.6665968906842651;0.0017288915609016738
波浪玩家超话、隔夜美股，道指跌，纳指涨，标普指数跌。、央行、国家金融监管总局联合下发《关于降低存量首套住房贷款利率有关事项的通知》。通知提出，存量首套房贷利率可申请降低，自年月日起，可申请置换贷款、可协商变更合同约定利率水平。、央行、国家金融监管总局联合下发《关于调整优化差别化住房信贷政策的通知》。通知提出，首套住房商贷最低首付比例不低于，二套房首付比例不低于。将二套住房利率政策下限调整为不低于相应期限贷款市场报价利率加个基点，首套住房利率政策下限仍为不低于相应期限减个基点。、据财联社记者统计，今年月，证监会核发批文、企业首次公开发行和企业首发上市数量分别比去年同期减少家、家、家，此外，融资实现亿元，比年同期下降。、商务部新闻发言人束珏婷日前表示，近期，将陆续出台提升加工贸易发展水平、促进新能源汽车贸易合作等专项政策措施，全力推动进出口促稳提质。、香港交易所宣布，由于天文台现已发出八号台风信号，今天证券市场（包括沪深港通北向交易）及衍生产品市场之上午交易时段会延迟开市。;0.0045764154959557;0.387597719904887;0.8377291139606564;0.018121576319335284
重磅房贷政策重要调整昨日，中国人民银行、国家金融监督管理总局联合发布《关于调整优化差别化住房信贷政策的通知》和《关于降低存量首套住房贷款利率有关事项的通知》。有关负责人就调整优化住房信贷政策有关问题答记者问，一起了解。遇见美好杭州;0.0011707109408258;-0.0205589133296278;0.644451469934876;-0.00018915845309795803
房贷新政央行、金融监管总局重磅发布（附答问）月日晚间，中国人民银行、国家金融监管总局连续发布《关于降低存量首套住房贷款利率有关事项的通知》和《关于调整优化差别化住房信贷政策的通知》，并发布两部门有关负责人就调整优化住房信贷政策有关问题答记者问。具体如下（川观新闻）房贷新政央行、金融监管总局重磅发布（附答问）;0.0012771392081736;0.2877814258285525;0.6676591964861524;0.002992550829748189
最新房贷政策重要调整中国人民银行网站月日发布了《中国人民银行国家金融监督管理总局关于降低存量首套住房贷款利率有关事项的通知》和《中国人民银行国家金融监督管理总局关于调整优化差别化住房信贷政策的通知》。;0.0002128565346956;-0.2589811373056452;0.6666854161677557;-0.0004481896040767657
蜀安君播报首套房贷款最低首付款比例不低于二套房贷款最低首付款比例不低于中国人民银行、国家金融监督管理总局发布关于调整优化差别化住房信贷政策的通知：对于贷款购买商品住房的居民家庭，首套住房商业性个人住房贷款最低首付款比例统一为不低于，二套住房商业性个人住房贷款最低首付款比例统一为不低于。首套房贷款最低首付比例不低于（中国人民银行）中国新闻网的微博视频;0.0031928480204342;0.5233973263775111;0.8417418274332867;0.017154353579370733
存量房贷利率下调会省多少钱百万房贷月供有望减少元月日晚间，中国人民银行、国家金融监督管理总局联合发布《关于调整优化差别化住房信贷政策的通知》和《关于降低存量首套住房贷款利率有关事项的通知》。存量房贷利率下调政策靴子落地。“整体来说，对于存量房贷的购房者，特别是动辄高息的购房者，很可能房贷能降低个基点以上，但具体的影响依然需要购房者与银行协商。”中原地产首席分析师张大伟表示，简单计算，大部分存量房贷发生时最低下限是，购房者基本是按照左右购房，也就是万年，可以月供从元每月降低到元左右，下调元左右。存量房贷;0.0075564069816943;0.209735583280448;0.5436172188031501;0.01050670081334057
存量房贷月日，中国人民银行、国家金融监督管理总局发布《关于调整优化差别化住房信贷政策的通知》和《关于降低存量首套住房贷款利率有关事项的通知》，对现行差别化住房信贷政策进行了调整优化。备受市场关注的存量房贷利率调整政策也落地。《通知》指出，自年月日起，存量首套住房商业性个人住房贷款的借款人可向承贷金融机构提出申请，由该金融机构新发放贷款置换存量首套住房商业性个人住房贷款。新发放贷款的利率水平由金融机构与借款人自主协商确定，但在贷款市场报价利率（）上的加点幅度，不得低于原贷款发放时所在城市首套住房商业性个人住房贷款利率政策下限。新发放的贷款只能用于偿还存量首套住房商业性个人住房贷款，仍纳入商业性个人住房贷款管理。降低存量房贷利率的意义在于促进房地产市场的稳定发展和经济的持续增长。存量房贷利率是指已经发放的房屋贷款利率，降低这一利率可以为购房者提供更加优惠的融资条件，减轻购房压力，同时也有助于提高购房需求。降低存量房贷利率可以刺激购房市场的活跃度。较低的贷款利率将使得购房成本降低，吸引更多的购房者进入市场，增加购房需求。这将有助于促进房地产市场的交易量，推动房价的稳定增长。降低存量房贷利率有助于缓解购房者的经济压力。房屋贷款是一项长期的财务责任，较高的利率将增加购房者的还款负担。通过降低存量房贷利率，购房者可以享受到更低的月供，减轻经济负担，提高购房者的还款能力。降低存量房贷利率也有助于提升购房者的购房意愿。较低的利率将使得购房者更容易获得贷款，提高购房的可及性。这将鼓励更多的人选择购房，推动房地产市场的发展。不过，目前这个《通知》规定过于繁杂，理解很费劲。建议存量房贷利率调整政策更加通俗易懂、便于操作、有利于提高效率、交易成本低一些鸿儒计划透过财经看世界;0.0003192848020434;-0.988577023212298;0.6669509926182274;-0.002567251312365182
楼市放大招房价是跌是涨？首付比例几乎降至历史下限据中国新闻周刊月日，中国人民银行、国家金融监督管理总局发布《关于调整优化差别化住房信贷政策的通知》，其中主要有四条内容。第一条是对于贷款购买商品住房的居民家庭，首套住房商业性个人住房贷款最低首付款比例统一为不低于，二套住房商业性个人住房贷款最低首付款比例统一为不低于。这一新政即为首套房首付、二套房首付，近十年前，这一政策曾出台过，其后多年，首套房首付最低、二套房首付最低的房贷政策在全国层面长期执行，部分城市有所加码，二套房首付比例要求更高。以一套总价万元的房子为例，此前首套房首付需要万元，而按照最新政策，首付只需要万元，首付资金低了很多；而如果是二套房，此前首付需要万，部分城市需要万元，而如今只需要万，购房门槛大为降低。本次出台楼市新政，有何深意？楼市会迎来什么变化？存量房贷;0.0001064282673478;-0.1533691816073596;0.6665968906842651;-0.00013269179773884855
地产股开盘拉升中迪投资快速涨停中迪投资快速涨停，金科股份、天房发展、荣盛发展、金地集团等跟涨。消息面上，央行、国家金融监管总局联合下发《关于调整优化差别化住房信贷政策的通知》。通知提出，首套住房商贷最低首付比例不低于，二套房首付比例不低于。将二套住房利率政策下限调整为不低于相应期限贷款市场报价利率加个基点，首套住房利率政策下限仍为不低于相应期限减个基点。;0.0011707109408258;0.8357487922705313;0.6667739416512463;0.007955908063461699
股地产股开盘拉升，中迪投资快速涨停中迪投资快速涨停，金科股份、天房发展、荣盛发展、金地集团等跟涨。消息面上，央行、国家金融监管总局联合下发《关于调整优化差别化住房信贷政策的通知》。通知提出，首套住房商贷最低首付比例不低于，二套房首付比例不低于。将二套住房利率政策下限调整为不低于相应期限贷款市场报价利率加个基点，首套住房利率政策下限仍为不低于相应期限减个基点。;0.0006385696040868;0.93958200849093;0.6865542805233648;0.005023466565304897
首套房贷款最低首付款比例不低于二套房贷款最低首付款比例不低于中国人民银行、国家金融监督管理总局发布关于调整优化差别化住房信贷政策的通知：对于贷款购买商品住房的居民家庭，首套住房商业性个人住房贷款最低首付款比例统一为不低于，二套住房商业性个人住房贷款最低首付款比例统一为不低于。首套房贷款最低首付比例不低于（中国人民银行）中国新闻网中国新闻网的微博视频;0.000532141336739;0.6970066673820212;0.6665968906842651;0.003015177715678896
首套房贷款最低首付款比例不低于二套房贷款最低首付款比例不低于中国人民银行、国家金融监督管理总局发布关于调整优化差别化住房信贷政策的通知：对于贷款购买商品住房的居民家庭，首套住房商业性个人住房贷款最低首付款比例统一为不低于，二套住房商业性个人住房贷款最低首付款比例统一为不低于。首套房贷款最低首付比例不低于（中国人民银行）中国新闻网的微博视频;0.0003192848020434;-0.0308370044052868;0.6665968906842651;-8.003858745025632e-05
、存款利率降了：工商银行年期定期存款挂牌利率下调个基点，降到。之前年期下调个基点，降到。之前，为什么要降？刺激消费刺激投资，去买房去股市什么的、存量首套房贷利率也降了：中国人民银行发布《关于调整优化差别化住房信贷政策的通知》和《关于降低存量首套住房贷款利率有关事项的通知》。工农建交等六银行，推进存量首套房贷利率调整，万房贷月供可降元。放出了除降价以外的一切措施;0.0192635163899531;0.9984265711903102;0.6665968906842651;0.1563510071632163
房贷有新政月日，《中国人民银行国家金融监督管理总局关于调整优化差别化住房信贷政策的通知》发布，其中规定，对于贷款购买商品住房的居民家庭，首套住房商业性个人住房贷款最低首付款比例统一为不低于，二套住房商业性个人住房贷款最低首付款比例统一为不低于。我要说家乡;0.0003192848020434;0.995832763118885;0.6667739416512463;0.0025854073452880842
一、《关于降低存量首套住房贷款利率有关事项的通知》、《关于调整优化差别化住房信贷政策的通知》、贝壳网（房产中介）隔夜上涨，盘中最高涨幅。、中国人民银行、国家金融监督管理总局下发《关于降低存量首套住房贷款利率有关事项的通知》，存量首套住房商业性个人住房贷款利率调整后，几千万户、上亿居民的财务负担会有明显下降，平均降幅大约为个百分点。、中国人民银行、国家金融监督管理总局联合下发《关于调整优化差别化住房信贷政策的通知》，一是统一全国商业性个人住房贷款最低首付款比例政策下限。不再区分实施“限购”城市和不实施“限购”城市，首套住房和二套住房商业性个人住房贷款最低首付款比例政策下限统一为不低于和。二是将二套住房利率政策下限调整为不低于相应期限贷款市场报价利率加个基点。房产中介：三六五网、我爱我家地产相关：天房发展、金科股份、京投发展、特发服务二、特斯拉新款将于月日正式发布特斯拉决定在本周五（月日），正式发布内部代号“”的新款。据接近特斯拉的消息人士表示，目前公司全员都已进入“战备”姿态，卯足劲迎接新款的降临。改款将采用宁德时代的新型电池（磷酸锰铁锂电池）。磷酸锰铁锂电池：红星发展、湘潭电化、中银绒业三、合约价拉涨根据集邦咨询，月下旬原厂进一步与部分中国指标模组厂议定新一笔订单，并成功拉抬合约价，涨幅约。隔夜美光股价上涨，西部数据上涨。存储芯片：佰维存储、江波龙、华海诚科、香农芯创、德明利四、外交部：中方将于月举办第三届一带一路国际合作高峰论坛外交部发言人汪文斌月日主持例行记者会。汪文斌介绍，中方将于今年月在北京举办第三届“一带一路”国际合作高峰论坛，这不仅是纪念“一带一路”倡议提出周年最隆重的活动，也是各方共商高质量共建“一带一路”合作的重要平台。一带一路：新疆交建、青松建化、长久物流、北方国际、中工国际、金鹰重工五、拜登政府批准首次通过外国军事融资计划、在月日的外交部例行记者会上，有记者提问称，根据美国国务院日向国会发布的通报文件，拜登政府已批准首次通过所谓“外国军事融资”（）计划向地区提供万美元军事融资贷款。、据美媒报道，美国将在关岛新增处配备地对空拦截导弹、雷达等设备的防空阵地，意图将关岛打造成“全球防御最严密的地区”。军工：北方长龙、国科军工、昆船智能、新余国科、晨曦航空、长城军工六、国务院：提高岁以下婴幼儿照护等三项个人所得税专项附加扣除标准岁以下婴幼儿照护专项附加扣除标准，由每个婴幼儿每月元提高到元。子女教育专项附加扣除标准，由每个子女每月元提高到元。赡养老人专项附加扣除标准，由每月元提高到元。其中，独生子女按照每月元的标准定额扣除；非独生子女与兄弟姐妹分摊每月元的扣除额度，每人分摊的额度不能超过每月元。生育养老：金发拉比、美吉姆、悦心健康、澳洋健康七、行业要闻、商务部：近期将陆续出台促进新能源汽车贸易合作等专项政策措施。、大基金提前终止减持沪硅产业。（大基金芯片持股）、国家网络安全宣传周将举办。（三六零、美亚柏科）、工信部推进轻量化技术演进和应用创新发展。（移远通信、广和通）、华为智能手表销量刷新单季最高纪录。（恒玄科技、硕贝德）、年暑期档总票房达亿，创中国影史新高。（金逸影视、幸福蓝海）;0.0003192848020434;0.813612255886295;0.6665968906842651;0.0021117607546273557
多家银行将下调定期存款利率新一轮定存降息来了对市场绝对是利好《关于调整优化差别化住房信贷政策的通知》和《关于降低存量首套住房贷款利率有关事项的通知》，调整优化住房信贷政策。有房贷的铁铁们，第一时间联系你的贷款银行，咨询什么时候解决存量贷款利率问题，大家可记得要及时联系哇。;0.0107492550021285;0.1579250219819282;0.3385342154703779;0.007008379058867389
月日早间财经新闻精选、央行、国家金融监管总局联合下发《关于降低存量首套住房贷款利率有关事项的通知》。通知提出，存量首套房贷利率可申请降低，自年月日起，可申请置换贷款、可协商变更合同约定利率水平。、央行、国家金融监管总局联合下发《关于调整优化差别化住房信贷政策的通知》。通知提出，首套住房商贷最低首付比例不低于，二套房首付比例不低于。将二套住房利率政策下限调整为不低于相应期限贷款市场报价利率加个基点，首套住房利率政策下限仍为不低于相应期限减个基点。、国务院发布关于提高个人所得税有关专项附加扣除标准。提高岁以下婴幼儿照护、子女教育、赡养老人等三项个人所得税专项附加扣除标准，每项分别较此前提高元。调整后的扣除标准自年月日起实施。、股指数月日放量下挫，最大跌幅超过，最终收跌。业内人士表示，股大跌通常发生在股成交低迷、酝酿反转行情之际。、北向资金月日再度净卖出亿元，连续日净卖出，月累计减仓接近亿元，单月净卖出额创历史新高。、有媒体提问，此前荷兰宣布实施半导体出口管制并将于月日正式生效，中荷双方对此事有没有更新的磋商结果？对此，商务部新闻发言人束珏婷月日表示，中国政府与相关国家在出口管制领域保持沟通交流。、据官网数据显示，工商银行与农业银行下调一年期、两年期、三年期和五年期人民币定期存款利率至、、、（此前分别为、、、）。、据财联社记者统计，今年月，证监会核发批文、企业首次公开发行和企业首发上市数量分别比去年同期减少家、家、家，此外，融资实现亿元，比年同期下降。、商务部新闻发言人束珏婷日前表示，近期，将陆续出台提升加工贸易发展水平、促进新能源汽车贸易合作等专项政策措施，全力推动进出口促稳提质。、江苏省政府日前召开新闻发布会提出，落实降低购买首套房首付比例和首套房、二套房贷款利率，改善性住房换购税费优惠，个人首套房”认房不认贷”等政策，指导商业银行依法有序调整存量个人住房贷款利率。、武汉市住房保障和房屋管理局日前发布相关通知，宣布“认房不认贷”，自月日起施行。厦门市发改委月日发布征求意见稿，拟实施首套房贷款“认房不用认贷”政策。、央行行长潘功胜会见来访的彭博公司创始人布隆伯格，就中国债券市场开放、可持续金融等议题交换了意见。、据中央纪委国家监委驻中国太平保险集团有限责任公司纪检监察组、福建省纪委监委消息，太平人寿保险有限公司原党委书记、总经理张可接受纪律审查和监察调查。、经纬纺机公告，无法在法定期限内披露年半年度报告，股票月日起停牌。、沪硅产业公告，国家集成电路基金提前终止减持计划。、三连板中马传动公告，公司生产不涉及机器人概念，减速器占营收比例极小。、香港交易所宣布，由于天文台现已发出八号台风信号，今天证券市场（包括沪深港通北向交易）及衍生产品市场之上午交易时段会延迟开市。、美股三大指数周四收盘涨跌不一，道指跌，月累计下跌；纳指涨，月累计下跌；标普指数跌，月累计下跌。热门中概股普跌，纳斯达克中国金龙指数跌，月累跌。、美联储青睐的通胀指标核心价格指数在月份连续第二个月环比上涨，创下年末以来最小两月涨幅。、美国能源部将为汽车制造商提供高达亿美元的资金，以便制造商改造设施，生产电动汽车、混合动力汽车和其他清洁能源汽车。、欧元区月消费者价格同比上涨，未如预期放缓，向欧洲央行发出警示信号。、俄罗斯副总理诺瓦克对该国总统普京表示，俄罗斯与就进一步缩减石油出口达成一致，将于下周宣布相关措施。万存量房贷每年可省多元利息;0.003831417624521;0.1136295111201613;0.5449718456107214;0.0028934128078426844
白话数据年月日建委新房住宅网签套，二手房住宅网签套（网签数据有滞后）。大中介前台挂牌房源量套（中介春节休假前），持续关注。昨日楼市热点：月日晚间，中国人民银行、国家金融监督管理总局联合发布《关于调整优化差别化住房信贷政策的通知》以及《关于降低存量首套住房贷款利率有关事项的通知》，不再区分实施“限购”城市和不实施“限购”城市，首套住房和二套住房商业性个人住房贷款最低首付款比例政策下限统一为不低于和。并将二套住房利率政策下限调整为不低于相应期限贷款市场报价利率（）加个基点。首套住房利率政策下限仍为不低于相应期限减个基点。北京市规自委官网信息显示，房山拱辰、密云水源路两宗宅地转正，总起始价亿元。计划月日竞拍。;0.0034057045551298;0.0946975629123672;0.4975745403801691;0.0019569945920199882
《关于降低存量首套住房贷款利率有关事项的通知》、《关于调整优化差别化住房信贷政策的通知》、贝壳网（房产中介）隔夜上涨，盘中最高涨幅。银行、国金融监督管理总局下发《关于降低存量首套住房贷款利率有关事项的通知》，存量首套住房商业性个人住房贷款利率调整后，几千万户、上亿居民的财务负担会有明显下降，平均降幅大约为个百分点。、中民银行、家金融监督管理总局联合下发《关于调整优化差别化住房信贷政策的通知》，一是统一全国商业性个人住房贷款最低首付款比例政策下限。不再区分实施“限购”城市和不实施“限购”城市，首套住房和二套住房商业性个人住房贷款最低首付款比例政策下限统一为不低于和。二是将二套住房利率政策下限调整为不低于相应期限贷款市场报价利率加个基点。房产中介：三六五网、我爱我家地产相关：天房发展、金科股份、京投发展、特发服务特斯拉新款将于月日正式发布特斯拉决定在本周五（月日），正式发布内部代号“”的新款。据接近特斯拉的消息人士表示，目前公司全员都已进入“战备”姿态，卯足劲迎接新款的降临。改款将采用宁德时代的新型电池（磷酸锰铁锂电池）。磷酸锰铁锂电池：红星发展、湘潭电化、中银绒业合约价拉涨根据集邦咨询，月下旬原厂进一步与部分中国指标模组厂议定新一笔订单，并成功拉抬合约价，涨幅约。隔夜美光股价上涨，西部数据上涨。存储芯片：佰维存储、江波龙、华海诚科、香农芯创、德明利;0.0041507024265644;0.7642886995496664;0.7420300671372817;0.02870689646615686
股市早餐短线刀客一、重要资讯、央行、金融监管总局：发布关于降低存量首套住房贷款利率有关事项的通知。自年月日起，存量首套住房商业性个人住房贷款的借款人可向承贷金融机构提出申请，由该金融机构新发放贷款置换存量首套住房商业性个人住房贷款。、央行、金融监管总局：发布关于调展开;0.0031928480204342;0.4403118952280068;0.8581059786469301;0.014711782483594745
住房新政出炉到底能省多少钱？海宁多家银行回应重磅万众期待的存量房贷利率下调终于落地月日晚间，中国人民银行国家金融监督管理总局，日下发《关于调整优化差别化住房信贷政策的通知》《关于降低存量首套住房贷款利率有关事项的通知》决定调整优化差别化住房信贷政策，其中提到，自年月日起，存量房贷利率下调。就在昨天下午，浙江公布首套住房商业性个人住房贷款利率政策下限，可作为接下来降存量的具体标准。按照该数据，年月至年月嘉兴存量首套房贷调整后最低可降至，年月至今的存量首套房贷利率调整后最低降至。不少在年期间买房的海宁人，房贷利率都高达个点存量首套房贷利率下调后，到底能为大家省多少利息呢？以万房贷为例，按照等额本息的方式还款，如果当时存量房贷发生时最低下限是，购房者当初最高是按左右购房，调整之后，万年期限的房贷，月供可从每月元降至元，最多下调元左右。大潮网;0.0004257130693912;-0.7564049251762381;0.7679896475081632;-0.003015868487799492
最新消息有关无锡首套房贷利率月日晚，中国人民银行、国家金融监督管理总局联合发布《关于降低存量首套住房贷款利率有关事项的通知》。文件明确，从年月日起，存量首套住房商业性个人住房贷款的借款人可向承贷金融机构提出申请，由该金融机构新发放贷款置换存量贷款，但在贷款市场报价利率（）上的加点幅度，不得低于原贷款发放时所在城市首套房贷款利率政策下限。月日下午，中国人民银行江苏省分行官网发布消息，公布了近几年江苏省内各城市首套房贷款利率下限执行情况。（中国人民银行江苏省分行官网）;0.0004257130693912;0.2877814258285525;0.6667739416512463;0.000996194327307671
利息少了万购房者激动得一夜没睡降存量房贷利率央行、金融监管总局重磅发布有购房者激动得一夜没睡“总利息少了万，每月少还多元”你的月供究竟能降多少？月日晚间，中国人民银行和国家金融监督管理总局发布《关于降低存量首套住房贷款利率有关事项的通知》，自年月日展开;0.0006385696040868;0.0411514157563048;0.5847257166268421;0.00018738331622200177
山东首套房商贷利率政策下限情况公示月日下午，中国人民银行山东省分行官网发布《关于山东省各地市首套住房商业性个人住房贷款利率政策下限情况的公示》。根据《中国人民银行国家金融监督管理总局关于降低存量首套住房贷款利率有关事项的通知》《中国人民银行国家金融监督管理总局关于调整优化差别化住房信贷政策的通知》有关工作安排，现将山东省各地市首套住房商业性个人住房贷款利率政策下限数据予以公示。山东省各地市首套住房商业性个人住房贷款利率政策下限数据表注：为贷款市场报价利率，由中国人民银行授权全国银行间同业拆借中心于每月日公布；。中国人民银行山东省分行年月日来源：观海客户端;0.0029799914857386;0.4463812229038406;0.9430517767761468;0.015298265048149023
存量房贷利率下调政策五大关键点对于中国人民银行、金融监管总局发布的《关于降低存量首套住房贷款利率有关事项的通知》，我们该如何理解？降低存量首套住房贷款利率，具体又该怎么操作？接下来，通过梳理政策五大关键点来帮您解读。央视网的微博视频;0.0242656449553001;0.1394801872338238;0.4416425227881389;0.01822892025443071
特别关注重要调整事关房贷中国人民银行、金融监管总局月日联合发布《关于调整优化差别化住房信贷政策的通知》和《关于降低存量首套住房贷款利率有关事项的通知》。有关负责同志就政策调整回答了记者提问。详情请看重要调整事关房贷;0.0001064282673478;0.9998995460960436;0.6665968906842651;0.0008650921061143354
首套房按揭利率政策下限公布宿迁月日晚，中国人民银行国家金融监督管理总局发布关于调整优化差别化住房信贷政策的通知、关于降低存量首套住房贷款利率、有关事项的通知。月日下午，中国人民银行江苏省分行发文公布江苏省各设区市首套房按揭利率政策下限，供大家参考。具体如下：;0.0001064282673478;-0.257282323864348;0.6665968906842651;-0.00022259526798147034
房贷利率下调个贷经理电话被打爆沉寂许久的楼市热情，在月日晚间被点燃。当天，中国人民银行、国家金融监督管理总局联合发布《关于降低存量首套住房贷款利率有关事项的通知》（下文简称《通知》），存量首套房贷利率下调政策落地，购房族迎来重大利好。“今天我的电话就没停过，喉咙都要干了。”杭州某国有银行个贷楚经理昨天告诉记者，他的微信、电话，完全停不下来。什么时候可以申请？需要符合什么条件？能省多少钱？点击下方图片查看全文;0.000532141336739;-0.0506405035818657;0.6673050945521899;-0.00021929824439372234
皋城百事通南通首套房按揭利率政策下限公布月日晚，中国人民银行国家金融监督管理总局发布关于调整优化差别化住房信贷政策的通知，关于降低存量首套住房贷款利率有关事项的通知。政策发布后，很多人纷纷猜测自己的房贷利率到底能降低多少，月日下午，中国人民银行江苏省分行发文公布江展开;0.0004257130693912;0.117657931106467;0.6667739416512463;0.00040728884150031226
月日起杭州人可申请下调房贷利率了月日，中国人民银行、国家金融监管管理总局发布《关于降低存量首套住房贷款利率有关事项的通知》（下称《通知》，提出自今年月日起，存量首套住房商业性个人住房贷款的借款人可向金融机构提出申请，由金融机构新发放贷款置换存量首套商业性个人住房贷款，或协商变更合同约定的利率水平。月日，浙江公布首套住房商业性个人住房贷款利率政策下限，可作为接下来降存量的具体标准。按照该数据，年月至年月杭州存量首套房贷调整后最低可降至，年月至今的存量首套房贷利率调整后最低降至。利率下调杭州人抓紧存钱浙江经视记者初步统计，杭州包括中农工建等六大国有行，以及兴业银行、杭州银行等股份制银行都已发布通告，将会落实执行政策，而宁波银行表示暂未街接到相关通知。现在可以买房了吗？浙江经视的微博视频;0.0012771392081736;-0.3501963388783762;0.9404894493075756;-0.005129670502557615
小鲁说事存量房贷利率下调政策五大关键点对于中国人民银行、金融监管总局发布的《关于降低存量首套住房贷款利率有关事项的通知》，我们该如何理解？降低存量首套住房贷款利率，具体又该怎么操作？接下来，通过梳理政策五大关键点来帮您解读。央视网的微博视频;0.0014899957428693;0.4561290178742854;0.6276748044666695;0.005202272867505269
利息少了万购房者激动得一夜没睡降存量房贷利率央行、金融监管总局重磅发布你的月供究竟能降多少？月日晚间，中国人民银行和国家金融监督管理总局发布《关于降低存量首套住房贷款利率有关事项的通知》，自年月日起实施。借款人可选择新发放贷款置换存量房贷，或者协商变更合同约定利率水平两种方式，调整存量首套住房商业性个人住房贷款，预计这两种方式调整后的利率水平不会有明显区别。经测算，以万元、年期、原利率的存量房贷为例，假设房贷利率降至，可每年节约超元利息支出。新杭州人小陈在年月买了一套萧山市北的二手房，首套利率（。此后多次下调，但由于加点实在太高，目前还是在的利率高位。小陈说，昨晚得知这个消息，激动得一夜没睡好，按照此次存量首套房贷的调整办法，如果按照下限计算，原利率将降至（当时杭州首套房贷利率政策下限为不加点）。对于购房者，的利率降幅是一笔厚厚的息差。以万商业贷款，年本额等息还款为例，调整后，小陈的月供将从元降至元，每个月少了元，总利息少了万元。（视频）视频的微博视频;0.0083014048531289;-0.2191131700404597;0.4608395566326733;-0.010222462574666111
上海、北京、深圳等多地披露首套房贷款利率下限执行情况据不完全统计，上海、北京、深圳、福建、河南、江西、湖南、吉林、甘肃、西藏、内蒙古、贵州等地的市场利率定价自律机制通过中国人民银行分支机构官网发布公告，披露近几年当地或省内各城市首套房贷款利率下限执行情况，以确保存量房贷利率调整顺利落地。多地披露首套房贷款利率下限全国首套房贷利率政策下限为：年月至年月为，年月至今为个基点。月日，中国人民银行、金融监管总局联合发布的《关于降低存量首套住房贷款利率有关事项的通知》明确，自月日起，符合相关条件的存量房贷借款人，可向金融机构提出申请，既可以变更合同约定的住房贷款利率加点幅度，也可以由银行新发放贷款置换存量贷款。降低后的存量房贷利率，依然要符合贷款发放时当地的房地产政策，即不低于当时所在城市房贷利率政策下限。也就是说，存量房贷利率调整最多可以“抹平”银行在发放房贷时高于政策下限的“溢价”。（上证报）;0.0001064282673478;-0.31502902045574;0.6665968906842651;-0.0002725564981574808
特别关注重要调整事关房贷中国人民银行、金融监管总局月日联合发布《关于调整优化差别化住房信贷政策的通知》和《关于降低存量首套住房贷款利率有关事项的通知》。有关负责同志就政策调整回答了记者提问。详情请看重要调整事关房贷（刘宏宇）;0.0001064282673478;0.9998995460960436;0.6665968906842651;0.0008650921061143354
利息少了万购房者激动得一夜没睡月日晚间，中国人民银行和国家金融监督管理总局发布《关于降低存量首套住房贷款利率有关事项的通知》，自年月日起实施。借款人可选择新发放贷款置换存量房贷，或者协商变更合同约定利率水平两种方式，调整存量首套住房商业性个人住房贷款，预计这两种方式调整后的利率水平不会有明显区别。经测算，以万元、年期、原利率的存量房贷为例，假设房贷利率降至，可每年节约超元利息支出。新杭州人小陈在年月买了一套萧山市北的二手房，首套利率（。此后多次下调，但由于加点实在太高，目前还是在的利率高位。小陈说，昨晚得知这个消息，激动得一夜没睡好，按照此次存量首套房贷的调整办法，如果按照下限计算，原利率将降至（当时杭州首套房贷利率政策下限为不加点）。对于购房者，的利率降幅是一笔厚厚的息差。以万商业贷款，年本额等息还款为例，调整后，小陈的月供将从元降至元，每个月少了元，总利息少了万元。;0.0001064282673478;-0.0729857459449518;0.6665968906842651;-6.314573591153468e-05
降存量房贷利率利息少了万购房者激动得一夜没睡一线城市全部认房不认贷月日晚间，中国人民银行和国家金融监督管理总局发布《关于降低存量首套住房贷款利率有关事项的通知》，自年月日起实施。借款人可选择新发放贷款置换存量房贷，或者协商变更合同约定利率水平两种方式，调整展开;0.0001064282673478;0.4944006027241745;0.6665968906842651;0.00042774502733274646
利息少了万购房者激动得一夜没睡降存量房贷利率央行、金融监管总局重磅发布有购房者激动得一夜没睡“总利息少了万，每月少还多元”你的月供究竟能降多少？月日晚间，中国人民银行和国家金融监督管理总局发布《关于降低存量首套住房贷款利率有关事项的通知》，自年月日起实施。借款人可选择新发放贷款置换存量房贷，或者协商变更合同约定利率水平两种方式，调整存量首套住房商业性个人住房贷款，预计这两种方式调整后的利率水平不会有明显区别。经测算，以万元、年期、原利率的存量房贷为例，假设房贷利率降至，可每年节约超元利息支出。新杭州人小陈在年月买了一套萧山市北的二手房，首套利率（。此后多次下调，但由于加点实在太高，目前还是在的利率高位。小陈说，昨晚得知这个消息，激动得一夜没睡好，按照此次存量首套房贷的调整办法，如果按照下限计算，原利率将降至（当时杭州首套房贷利率政策下限为不加点）。对于购房者，的利率降幅是一笔厚厚的息差。以万商业贷款，年本额等息还款为例，调整后，小陈的月供将从元降至元，每个月少了元，总利息少了万元。;0.0001064282673478;0.4710322777667064;0.561193137552499;0.0003430881471103546
四川首套房贷利率执行下限发布月日晚，中国人民银行、国家金融监督管理总局联合发布《关于降低存量首套住房贷款利率有关事项的通知》。文件明确，从年月日起，存量首套住房商业性个人住房贷款的借款人可向承贷金融机构提出申请，由该金融机构新发放贷款置换存量贷款，但在贷款市场报价展开;0.0006385696040868;0.2293840176391065;0.8195035636151581;0.001463888321942381
存量房贷下调政策有点难懂？几个典型案例告诉你如何降、能不能降哪些房贷利率可以调整？据第一财经，月日，中国人民银行、国家金融监督管理总局联合发布《关于降低存量首套住房贷款利率有关事项的通知》。《通知》明确，自年月日起，存量首套住房商业性个人住房贷款的借款人可向金融机展开;0.0014899957428693;-0.0673037926266429;0.5353535931562512;-0.0006547130381551677
存量房贷利率下调政策五大关键点对于中国人民银行、金融监管总局发布的《关于降低存量首套住房贷款利率有关事项的通知》，该如何理解？降低存量首套住房贷款利率，具体又该怎么操作？央视网的微博视频;0.0081949765857811;0.0299109248076292;0.4207143032160566;0.0012576231922672917
利息少了万购房者激动得一夜没睡降存量房贷利率央行、金融监管总局重磅发布有购房者激动得一夜没睡“总利息少了万，每月少还多元”你的月供究竟能降多少？月日晚间，中国人民银行和国家金融监督管理总局发布《关于降低存量首套住房贷款利率有关事项的通知》，自年月日起实施。借款人可选择新发放贷款置换存量房贷，或者协商变更合同约定利率水平两种方式，调整存量首套住房商业性个人住房贷款，预计这两种方式调整后的利率水平不会有明显区别。经测算，以万元、年期、原利率的存量房贷为例，假设房贷利率降至，可每年节约超元利息支出。新杭州人小陈在年月买了一套萧山市北的二手房，首套利率（。此后多次下调，但由于加点实在太高，目前还是在的利率高位。小陈说，昨晚得知这个消息，激动得一夜没睡好，按照此次存量首套房贷的调整办法，如果按照下限计算，原利率将降至（当时杭州首套房贷利率政策下限为不加点）。对于购房者，的利率降幅是一笔厚厚的息差。以万商业贷款，年本额等息还款为例，调整后，小陈的月供将从元降至元，每个月少了元，总利息少了万元。搜狐视频的微博视频;0.0003192848020434;0.1424157526498648;0.6666854161677557;0.0003696944522205141
“金九银十”前夜，楼市重磅金融支持政策落地，购房门槛、成本将明显降低。月日晚间，央行、国家金管总局发出《关于调整优化差别化住房信贷政策的通知》，《关于降低存量首套住房贷款利率有关事项的通知》，以支持各地因城施策用好政策工具箱，引导个人住房贷款实际首付比例和利率下行。展开;0.0008514261387824;0.2877814258285525;0.6674821455191711;0.0019945048401221023
四川首套房贷利率执行下限发布月日晚，中国人民银行、国家金融监督管理总局联合发布《关于降低存量首套住房贷款利率有关事项的通知》。文件明确，从年月日起，存量首套住房商业性个人住房贷款的借款人可向承贷金融机构提出申请，由该金融机构新发放贷款置换存量贷款，但在贷款市场报价利率（）上的加点幅度，不得低于原贷款发放时所在城市首套房贷款利率政策下限。月日下午，人民银行四川省分行官网发布消息，公布了近几年四川省内各城市首套房贷款利率下限执行情况。（来源：红星新闻）;0.0001064282673478;-0.0579682936699478;0.5388146292692918;-4.053895877570461e-05
江苏公布首套房按揭利率政策下限江苏省各设区市首套房按揭利率政策下限公布月日晚，中国人民银行、国家金融监督管理总局联合发布《关于降低存量首套住房贷款利率有关事项的通知》。文件明确，从年月日起，存量首套住房商业性个人住房贷款的借款人可向承贷金融机构提出申请，由该金融机构新发放贷款置换存量贷款，但在贷款市场报价利率（）上的加点幅度，不得低于原贷款发放时所在城市首套房贷款利率政策下限。月日下午，中国人民银行江苏省分行官网发布消息，公布了近几年江苏省内各城市首套房贷款利率下限执行情况。网页链接;0.0001064282673478;-0.4361482654900515;0.6666854161677557;-0.00037739643987673015
有房贷的人开始焦虑排不上队利率真要降了买房人恨不得今天就是月日月日晚间点左右，中国人民银行、国家金融监督管理总局联合发布《关于降低存量首套住房贷款利率有关事项的通知》。据有关负责人介绍，符合条件的存量首套住房贷款是指，年月日前金融机构已发放，已签订合同但展开;0.0031928480204342;-0.2853197556477166;0.5741160116097189;-0.006378160617080403
房贷政策调整谁获益最大？日前，中国人民银行、国家金融监督管理总局联合下发《关于调整优化差别化住房信贷政策的通知》和《关于降低存量首套住房贷款利率有关事项的通知》，相关政策一经发布当即引发市场强烈关注。你的月供究竟能降多少两项通知内容均直接指向与房地产消费者最为关心的项目。差别化住房信贷政策调整优化的重点是，将统一全国商业性个人住房贷款最低首付款比例政策下限，首套为、二套为，不再区分实施“限购”城市和不实施“限购”城市。住房利率政策下限亦调整。各地可按照因城施策原则，在不低于上述全国统一政策基础上，自主确定辖区内首套和二套住房最低首付款比例和利率下限。《关于降低存量房首套住房贷款利率有关事项的通知》明确，年月日起，存量首套住房商业性个人住房贷款的借款人可向金融机构提出申请，由金融机构新发放贷款置换存量首套住房商业性个人住房贷款。据不完全统计和测算，目前，大部分城市存量房贷的利率最低下限是，此前购房者基本是按照左右的房贷利率购房，此次存量房贷利率调整后，房贷利率或能降低个基点以上。加上近日一些地方出台的“认房不认贷”新规，一些住房可能重新被认定为“首套”，从而享受新出台政策优惠。几千万户、上亿居民的财务负担或会有较明显下降，平均降幅或约为个百分点，预计对市场影响颇大。市场供求变化的必然结果“新政”晚间出通告，似乎非常突然，其实市场预期已久。月日金融统计数据情况新闻发布会上，央行政策司司长邹澜表示：“按照市场化、法治化原则，我们支持和鼓励商业银行与借款人自主协商变更合同约定，或者是新发放贷款置换原来的存量贷款。”这已经拉开政策调整市场沟通和预期的序幕。随后，月日，中国人民银行、国家外汇管理局召开年下半年工作会议，提出“将因城施策精准实施差别化住房信贷政策，继续引导个人住房贷款利率和首付比例下行，更好满足居民刚性和改善性住房需求。指导商业银行依法有序调整存量个人住房贷款利率。”月日，央行、金监局、证监会联合召开金融支持实体经济和防范化解金融风险电视会议，强调“要继续推动实体经济融资成本稳中有降，规范贷款利率定价秩序，统筹考虑增量、存量及其他金融产品价格关系”。月日开始，各大银行针对存量住房贷款利率下调发声，至此，市场基本上有共识，认为“箭在弦上”了。当然，政策密集发声、“步步为营”旨在引导市场预期，但市场预期的基础还是宏观经济形势，政策设置也同样是大形势下的相机顺应。在月日的发布会上，关于存量贷款表述前还有一段叙述，谈及房地产相关问题时，邹澜表示，“部分房企长期积累的风险仍然需要一段时间才能逐步消化考虑到我国房地产市场供求关系已经发生深刻变化”这个“深刻变化”在两个新政《通知》出台时，似也有相关监管部门工作人员提及。年，人民币个人住房贷款加权平均利率均值为，而年上半年新发放个人住房贷款加权平均利率为，前者高出后者。由于经济还在弱复苏过程中，居民资产端收益率也明显回落，如个月理财产品预期年化收益率降至、为历史最低水平。存量房贷利率高于理财、存款等稳健收益产品，居民“借新还旧、借短还长”等提前还贷意愿明显增加，提前偿还房贷需求提升。今年月，新增居民中长期贷款为负，或为居民提前偿还房贷超过当月新增贷款所致。由此可见，存量房贷利率调降是市场供求变化带来的必然结果。金融市场健康稳定发展所需降低存量房贷利率有什么好处呢？从购房端来看，居民固然会因房贷付息压力减轻，获得益处。对于房地产供给方而言，也可能刺激更多一些的需求。而对于银行等金融机构来说，虽然表面上看，存量房贷降息将会带来利息的损失，但若利率水平与市场供求形势发生扭曲，提前还贷等实则为居民对资产负债表的调整，居民资产负债表呈现收缩，商业银行经营收益也受到一定影响，并可能对金融市场造成扰动，调降利率也不能不说是金融市场健康稳定发展的需求。回看历史，年月，央行宣布决定“商业性个人住房贷款利率的下限扩大为贷款基准利率的倍”，该优惠举措主要针对于新增客户，但不少存量贷款客户通过转按揭的方式再度成为“新增客户”，从而享受七折利率优惠。房地产对经济有相当重要的支撑作用，而住房贷款是居民债务最主要的构成部分。如何稳定市场信心、降低负债端成本、稳定地产行业、提升消费能力，始终是经济的重要命题和目标。非常时期更加需要非常办法。当然，今时不同往日，就房贷而言，对比年已是更大的规模和挑战，对银行净息差和利润的影响也在加大。就房地产市场和其他消费市场而言，其规模和挑战都与十多年前不可同日而语。当我们看到一项政策的出台时，更多的配套政策和工具也需要都在路上，以保证每项政策的实际操作性，以及所有政策和工具的相互配合度，更重要的是，要不断适应变化的市场。（新京报）利息少了万购房者激动得一夜没睡;0.001064282673478;0.0043245961150936;0.5245826676899914;2.9444364509646874e-05
四川公示首套房贷利率执行下限月日晚，中国人民银行、国家金融监督管理总局联合发布《关于降低存量首套住房贷款利率有关事项的通知》。文件明确，从年月日起，存量首套住房商业性个人住房贷款的借款人可向承贷金融机构提出申请，由该金融机构新发放贷款置换存量贷款，但在贷款市场报价利率（）上的加点幅度，不得低于原贷款发放时所在城市首套房贷款利率政策下限。月日下午，人民银行四川省分行官网发布消息，公布了近几年四川省内各城市首套房贷款利率下限执行情况网页链接（中国人民银行四川省分行）;0.0008514261387824;0.7042377889229441;0.759051839003743;0.005550389276410673
约三分之二存量房贷符合利率下调标准算笔账个税政策利好每月能省多少钱月的最后一天，多项与个人、家庭息息相关的利好政策官宣出台。昨天，国务院宣布提高岁以下婴幼儿照护、子女教育、赡养老人三项个税专项附加扣除标准，中国人民银行、国家金融监督管理总局发布《关于降低存量首套住房贷展开;0.0001064282673478;0.2601552145967665;0.6666854161677557;0.00022511072397335012
房贷首付比例下调，一线城市及热点二线城市最受益，但北上深存量房贷利率或难受益。央行月日发布《关于调整优化差别化住房信贷政策的通知》和《关于降低存量首套住房贷款利率有关事项的通知》引发市场一片欢腾。对于首套房，成首付，这大概是年之后第二次全国范围如此大力度普遍调整了。二套房成首付也是相当可以了。不过，对于很多城市，其实早享受到成首付，所以，此次调整或许对一线城市以及热点二线城市影响最大。在这些城市带动下，楼市向好的局面将会更加清晰。宏观上的信心提升不代表实际的购买力提升，毕竟首付比例下调仅仅是个门槛降低的问题，并没有带动购房者的购买力。所以也不可盲目乐观。现在经济与收入预期仍不稳定且不乐观，即使购房者看到如此利好很冲动我也要劝你慎重。但有一些需求将得以释放，这些人不差钱就差政策。对于存量房贷利率下调，这一次也是敲定了方案。月日北京、上海、深圳等也都相继公布房贷利率下限，不过恐怕要泼点冷水了，可能难以受益存量按揭利率下调。北京：年月至今首套商业性个人住房贷款利率下限为个。上海：年月日至今执行的利率下限水平为。深圳：年月日至今执行首套房贷利率下限水平为。央行规定的原则是，新发放贷款的利率水平，在贷款市场报价利率上的加点幅度，不得低于原贷款发放时所在城市首套住房商业性个人住房贷款利率政策下限。目前北京首套房新发放房贷利率下限为（加点），上海为（加点），深圳为（加点）。因为各地市场下行趋势下，除北上深以外，基本上都大幅下调了贷款的加点幅度，而北上深房贷利率加点政策基本上保持了稳定，所以，预计北上深很难受益存量按揭利率的可能下调，除非地方下调加点幅度。对于一些人来说，可能盼来盼去，等了个寂寞，也别光听别人怎么说，最好还是到你的承贷银行问一问，看看是否具备下调条件，能下调多少。首套房贷款最低首付比例不低于降存量首套房贷利率万存量房贷每年可省多元利息;0.0001064282673478;-0.9994376283202906;0.6665968906842651;-0.0008646924645473019
四川公示首套房贷利率执行下限月日晚，中国人民银行、国家金融监督管理总局联合发布《关于降低存量首套住房贷款利率有关事项的通知》。文件明确，从年月日起，存量首套住房商业性个人住房贷款的借款人可向承贷金融机构提出申请，由该金融机构新发放贷款置换存量贷款，但在贷款市场报价利率（）上的加点幅度，不得低于原贷款发放时所在城市首套房贷款利率政策下限。月日下午，人民银行四川省分行官网发布消息，公布了近几年四川省内各城市首套房贷款利率下限执行情况。红星视频的微博视频;0.0006385696040868;-0.2174668034745472;0.6666854161677557;-0.0011290362096997312
有房贷的人开始焦虑排不上队利率真要降了买房人恨不得今天就是月日月日晚间点左右，中国人民银行、国家金融监督管理总局联合发布《关于降低存量首套住房贷款利率有关事项的通知》。据有关负责人介绍，符合条件的存量首套住房贷款是指，年月日前金融机构已发放，已签订合同但未发放的，以及借款人实际住房情况符合所在城市首套住房标准的存量住房商业性个人住房贷款。对于“高位站岗”买房者来说，这是不亚于过年的好消息。月日晚间，广州市民唐轩（化名）告诉时代财经，看到政策发布的那一刻，除了兴奋，还有一丝担忧，“恨不得明天就是月日，我现在就担心到时候要排队。”存量房贷;0.0003192848020434;0.0;0.6667739416512463;0.0
月楼市发布的三个重大文件将有力提振市场信心楼市房地产月日住建部、人民银行、金融监管总局联合发布《关于优化个人住房贷款中住房套数认定标准的通知》，之后重点城市也陆续发布认房不认贷的通知。月日人民银行、金融监管总局联合发布《关于调整优化差别化住房信贷政策的通知》和《关于降低存量首套住房贷款利率有关事项的通知》两个文件，不再区分限购和不限购城市，将首套和二套住房贷款的最低首付比例下限统一为不低于和；二套住房利率政策下限调整为，首套住房利率政策下限仍为。;0.0001064282673478;0.9754861249694886;0.6665968906842651;0.0008439701264291892
注意通知里的这句话“不得低于原贷款发放时所在城市首套住房商业性个人住房贷款利率政策下限”假如原来的政策最低是，加了，就是，那按照通知里的要求，银行给你降个，变成了，也按照央行的要求给降了，也满足不低于当时最低利率政策。降个寂寞啊降，哥不差那几块钱。房贷展开;0.0001064282673478;-0.2527221993422799;0.5836794007673413;-0.000191452240529724
利息少了万购房者激动得一夜没睡降存量房贷利率央行、金融监管总局重磅发布有购房者激动得一夜没睡“总利息少了万，每月少还多元”你的月供究竟能降多少？月日晚间，中国人民银行和国家金融监督管理总局发布《关于降低存量首套住房贷款利率有关事项的通知》，自年月日起实施。借款人可选择新发放贷款置换存量房贷，或者协商变更合同约定利率水平两种方式，调整存量首套住房商业性个人住房贷款，预计这两种方式调整后的利率水平不会有明显区别。经测算，以万元、年期、原利率的存量房贷为例，假设房贷利率降至，可每年节约超元利息支出。新杭州人小陈在年月买了一套萧山市北的二手房，首套利率（。此后多次下调，但由于加点实在太高，目前还是在的利率高位。小陈说，昨晚得知这个消息，激动得一夜没睡好，按照此次存量首套房贷的调整办法，如果按照下限计算，原利率将降至（当时杭州首套房贷利率政策下限为不加点）。对于购房者，的利率降幅是一笔厚厚的息差。以万商业贷款，年本额等息还款为例，调整后，小陈的月供将从元降至元，每个月少了元，总利息少了万元。（视频）视频的微博视频;1.0;-0.0334730643620968;0.775094457220017;-0.31639951290147605
户籍新政来了关系你的户口中新网北京月日电记者李金磊户籍政策迎来新措施。月日，公安部发布公安机关服务保障高质量发展若干措施，其中在户籍政策方面提出一系列举措。进一步放宽落户条件、降低落户门槛根据上述措施，大力推进以人为核心的新型城镇化。健全以常住地登记户口制度，进一步放宽落户条件、降低落户门槛，促进有能力在城镇稳定就业和生活的农业转移人口举家进城落户。公安部治安管理局副局长亓希国在新闻发布会上指出，公安部充分发挥牵头部门职能作用，会同有关部门采取有力措施，推动全面建立城乡统一的户口登记制度、便利畅通农业转移人口落户渠道、全面提升基本公共服务水平，推动农业转移人口市民化工作取得重要进展。截至年，亿农业转移人口落户城镇，户籍人口城镇化率达。调整优化超大、特大城市落户政策上述措施提出，调整优化超大、特大城市落户政策，完善积分落户制度，更好地解决进城普通劳动者的落户问题。“推动农业转移人口进城落户是推进以人为核心的新型城镇化的关键一环。”亓希国表示，公安部充分发挥人口管理对于人口有序流动的牵引作用，持续深化户籍制度改革。其中，推动各地全面取消城区常住人口万以下的城市落户限制，全面放宽城区常住人口万至万的型大城市落户条件，完善城区常住人口万以上的超大特大城市积分落户政策，确保社会保险缴纳年限和居住年限分数占主要比例，鼓励取消年度落户名额限制。进一步放宽集体户设立条件上述措施要求，进一步放宽集体户设立条件，鼓励有条件的地方取消人才市场、众创空间等单位设立集体户限制，推行乡镇街道或村社区设立公共集体户，便利各类人员落户。探索户籍准入同城化上述措施指出，支持具备条件的都市圈或城市群探索实行户籍准入年限同城化累计互认、居住证互通互认。中新财经注意到，中共中央办公厅、国务院办公厅年印发的《建设高标准市场体系行动方案》提出，推动户籍准入年限同城化累计互认。除超大、特大城市外，在具备条件的都市圈或城市群探索实行户籍准入年限同城化累计互认。受访专家对中新财经记者表示，这些年都市圈或城市群发展的一个新趋势就是，人口在同一个都市圈或城市群范围内流动越来越频繁，所以，适应这种趋势，探索实行户籍准入年限同城化累计互认、居住证互通互认，将促使人员流动更加便利。试点实施灵活落户政策上述措施指出，对农村籍大学生、科技人才、退伍军人因实际居住、就业创业等申请落户的，可以迁入原籍地或就业创业地，助力城乡融合发展。专家表示，上述户籍制度改革措施具有“含金量”，将进一步使更多的农业转移人口进城落户，推动新型城镇化的发展，从而服务和助力高质量发展。完来源：中国新闻网;0.0061728395061728;0.1921005574817688;0.8784213639838534;0.01270288021295941
户籍新政继续推动城市化进程推动各地全面取消城区常住人口万以下的城市落户限制，全面放宽城区常住人口万至万的型大城市落户条件，完善城区常住人口万以上的超大特大城市积分落户政策，确保社会保险缴纳年限和居住年限分数占主要比例，鼓励取消年度落户名额限制。进一步放宽集体户设立条件，鼓励有条件的地方取消人才市场、众创空间等单位设立集体户限制，推行乡镇街道或村社区设立公共集体户，便利各类人员落户。;0.0001064282673478;0.3426370271293801;0.6665968906842651;0.00029644236622509545
公安部新闻发布会推动各地全面取消城区常住人口万以下的城市落户限制全面放宽城区常住人口万至万的型大城市落户条件完善城区常住人口万以上的超大特大城市积分落户政策，确保社会保险缴纳年限和居住年限分数占主要比例，鼓励取消年度落户名额限制。警民携手同行警民携手同行的微博视频;0.0012771392081736;0.4994111076913046;0.4234091830007168;0.0032933842994720903
全面放宽大城市落户条件月日，公安部发布服务保障高质量发展条措施，明确将推动各地全面取消城区常住人口万以下的城市落户限制，全面放宽城区常住人口万至万的型大城市落户条件，完善城区常住人口万以上的超大特大城市积分落户政策，确保社会保险缴纳年限和居住年限分数占主要比例，鼓励取消年度落户名额限制，同时进一步放宽集体户设立条件。（上海广播电视台）的微博视频;0.0001064282673478;-0.0649229063675598;0.6666854161677557;-5.6177395780853445e-05
月日，中公简报，星期五，农历六月十八，早安事业单位早报公安部：全面放宽大城市落户条件，完善特大城市积分落户政策，鼓励取消年度落户名额限制。“疯狂小杨哥”宣布捐款万救灾；顺丰、蜜雪冰城各捐了万；苹果、百度、蚂蚁、宝马、新东方也出手了。郑州：落实“认房展开;0.0001064282673478;0.999934581161834;0.6665968906842651;0.0008651224177181068
公安部新闻发布会推动各地全面取消城区常住人口万以下的城市落户限制全面放宽城区常住人口万至万的型大城市落户条件完善城区常住人口万以上的超大特大城市积分落户政策，确保社会保险缴纳年限和居住年限分数占主要比例，鼓励取消年度落户名额限制。警民携手同行的微博视频;0.0011707109408258;0.4236820307444702;0.6022881434415555;0.0036431725272657437
深圳落户的门槛，应该很快就要放松了。今天公安部发文，全面放宽大城市落户条件。完善超大特大城市积分落户政策，支持具备条件的都市圈或城市群。探索实行户籍准入年限同城化累计互认、居住证互通互认。杭州前几天就已经放松了，取消城区积分落户名额限制。深圳估计也快松绑了;0.003299276287782;-0.3945557745777425;0.4036122252975309;-0.006407330180938727
公安部：完善特大城市积分落户政策，鼓励取消特大城市年度落户名额限制放宽大城市落户条件月日消息，公安部将充分发挥人口管理对于人口有序流动的牵引作用，持续深化户籍制度改革。一是推动各地全面取消城区常住人口万以下的城市落户限制。全面放宽城区常住人口万至万的型大城市落户条件，完善城区常住人口万以上的超大特大城市积分落户政策，确保社会保险缴纳年限和居住年限分数占主要比例，鼓励取消年度落户名额限制。二是进一步放宽集体户设立条件，鼓励各地在人才市场、众创空间以及乡镇（街道）或者村（社区）设立集体户，更好地便利群众落户。视频的微博视频;0.0028735632183908;-0.0341414460784815;0.4991514237441539;-0.0005972012177499737
公安部：全面放宽大城市落户条件，完善特大城市积分落户政策，鼓励取消年度落户名额限制。;0.000532141336739;-0.7685801006465435;0.6760047642218447;-0.003371720692848814
公安部：全面放宽大城市落户条件，完善特大城市积分落户政策月日记者从公安部在京召开的新闻发布会获悉，公安部研究制定公安机关服务保障高质量发展若干措施，包括推进以人为核心的新型城镇化，全面放宽大城市落户条件，完善特大城市积分落户政策等。公安部治安管理局副局长亓希国就大力推进展开;0.0001064282673478;0.266611244680452;0.6665968906842651;0.00023066645452024496
中国人民银行党委书记、行长潘功胜月日主持召开金融支持民营企业发展座谈会，听取有关意见建议，推动银企供需对接，研究加强金融支持民营企业工作举措。金融机构要精准实施差别化住房信贷政策，满足民营房地产企业合理融资需求。楼市房地产;0.0001064282673478;0.9754861249694886;0.6665968906842651;0.0008439701264291892
房地产房地产好消息不断。一是郑州暂停执行住房限售政策。字少事大，虽然还有“改善性住房”等限制，但郑州房地产头上的紧箍咒确实也取得七七八八了，给当地房地产交易市场下了一剂猛药，交易量妥妥的会上升，到什么程度就不好说了。话说郑州前两年比较多灾多难，之前出差去过几次，感觉烂尾楼不少，去库存的压力估计也不小。所以郑州市政府对于房地产的扶持力度一直挺大。不管怎样，这都是第一个解除限售的省会城市，信号意义还是很足的。另外，郑州市住房保障和房地产管理局还提及，鼓励在郑各商业银行依法有序调整存量个人住房贷款利率，引导个人住房贷款利率和首付比例下行。二是金融层面。央行召开金融支持民营企业发展座谈会，继续强调金融机构对房地产的支持。其中，会上提出，要精准实施差别化住房信贷政策，满足民营房地产企业合理融资需求，促进房地产行业平稳健康发展。今天深圳租房人迎来了一个好消息，深圳拟上调住房公积金租房额度至，也就是说每个月租房提取的金额可能会变多。这个消息很难说对房价有啥刺激，主要还是温暖了深漂打工人吧。;0.001064282673478;-0.4677351406297354;0.6667739416512463;-0.00404782112358594
央行：精准实施差别化住房信贷政策，满足民营房地产企业合理融资需求央行是这样说，但商业银行依然非常谨慎，不太愿意借钱给房企。金融的天性就是如此：你好的时候，给你锦上添花。你不好的时候，没有人愿意雪中送炭。没办法，大家都想规避风险。至于这头“灰犀牛”是怎么被带出来的，这不能说。;0.0014899957428693;0.2874082652826906;0.5317969779576082;0.002777255582800459
今日看盘超话得知个最新消息，立即给所有人提个醒，请大家一起、近日央妈表态：精准实施差别化住房信贷政策满足民营房地产企业合理融资需求央妈最近表态，将精准实施差别化住房信贷政策，满足民营房地产企业的合理融资需求。这一政策表明在房地产市场持续获得政策支持的背景下，目前将展开;0.0017028522775649;0.7012020896136704;0.8656289333046385;0.01260484886487047
得知个最新消息，立即给所有人提个醒，请大家一起、近日央妈表态：精准实施差别化住房信贷政策满足民营房地产企业合理融资需求央妈最近表态，将精准实施差别化住房信贷政策，满足民营房地产企业的合理融资需求。这一政策表明在房地产市场持续获得政策支持的背景下，目前将继续给予更宽松的支持。这一政策有助于恢复市场信心，民营房地产企业将获得更便捷的融资渠道，提高企业发展的灵活性和稳健性。增加了企业融资的便利性，将促进产业链的良性循环，助力房地产市场持续健康发展。此外，这一举措也将对整体经济产生积极影响。房地产行业作为重要的支柱产业之一，其稳定和发展将对经济稳定和增长起到关键作用。通过优化融资环境，央妈有望进一步推动经济复苏，并增强市场参与者的信心。综上所述，央妈表态的精准差别化住房信贷政策为近期房地产市场信心不足问题带来了积极解决方向。通过支持民营房地产企业的融资需求，推动房地产行业稳健发展，也将为整体经济增长带来积极影响。而地产市场方面利好政策的不断加码，也将为整个板块在二级市场带来更加积极的促进作用，这一点是值得高兴的。股票财经;0.014899957428693;0.3183434206339535;0.582411315975063;0.03368964332032608
周五盘前重要消息面：中国结算：将进一步降低股票类业务最低结算备付金缴纳比例如何活跃资本市场？一日之内大官媒齐发声降低印花税呼声高央行：精准实施差别化住房信贷政策满足民营房地产企业合理融资需求三部委：做好可再生能源绿色电力证书全覆盖工作促进可再生能源电力消费公安部表态“一窗通办”进一步促进汽车消费缅甸佤邦禁矿执行力度或超预期锡价有望迎来上涨;0.0338441890166028;-0.0938913751423382;0.6665968906842651;-0.025832045544602333
一、证券业定向降准、中国结算：拟自月起将股票类业务最低结算备付金缴纳比例由现行的调降至平均接近，并正式实施股票类业务最低结算备付金缴纳比例差异化安排。、为活跃深圳证券交易市场，助力深圳加快建设国际财富管理中心，深圳市证券业协会于月日组织招商证券、国信证券、中信证券深圳分公司等会员单位相关业务负责人召开活跃深圳证券交易市场座谈会。券商：国联证券（港股通）、天晟新材、华鑫股份、方正证券、太平洋、财达证券二、郑州暂停执行住房限售政策、郑州市住房保障和房地产管理局等部门发布《关于进一步促进我市房地产市场平稳健康发展的通知》。其中提出，满足改善性住房需求。购买改善性住房的，其原有住房暂停执行郑政办号文“在郑州市行政区域内，年月日（含）之后购买的住房，自取得《不动产权证书》之日不满年的不得上市转让”的规定。稳定住房消费预期。鼓励在郑各商业银行依法有序调整存量个人住房贷款利率，引导个人住房贷款利率和首付比例下行，稳定居民消费预期。、中国人民银行召开金融支持民营企业发展座谈会，精准实施差别化住房信贷政策满足民营房地产企业合理融资需求。郑州地产：设研院、中原高速其他地产：云南城投、京投发展、财信发展、荣盛发展三、麒麟软件独家中标中交集团国产操作系统采购项目麒麟软件消息，独家中标中交集团国产操作系统采购项目，万套。国产操作系统：中国软件四、可再生能源绿色电力证书全覆盖国家发展改革委等三部门近日发布做好可再生能源绿色电力证书全覆盖工作，促进可再生能源电力消费的通知。将鼓励跨国公司及其产业链企业、外向型企业、行业龙头企业购买绿证、使用绿电，发挥示范带动作用推动中央企业、地方国有企业机关和事业单位发挥先行带头作用，稳步提升绿电消费比例。绿电证书：南网能源、金开新能、晶科科技、林洋能源五、发改委“打好宏观政策组合拳，推动经济高质量发展”发布会国家发展改革委将于月日举行新闻发布会，国家发展改革委、财政部、中国人民银行、国家税务总局有关负责同志共同出席，介绍“打好宏观政策组合拳，推动经济高质量发展”有关情况。具体内容详见发布会直播。六、行业要闻、外媒：英伟达部分服务器订单从纬创转至工业富联。（工业富联、鸿博股份）、缅甸佤邦禁矿执行力度或超预期，锡价有望迎来上涨。（锡业股份）、行业巨头联手推进氮化镓加速“上车”。（海特高新、晶方科技）、持续增长，我国工业机器人装机稳居世界首位。（中大力德、埃斯顿）、公安部表态“一窗通办”进一步促进汽车消费。（海马汽车、长安汽车）、特斯拉有望年底实现完全自动驾驶。（奥联电子、光弘科技）、创业投资助力科技创新驱动发展，行业迎政策支持。（四川双马、大众公用）、韩国超导低温学会：不是常温超导体，没有表现出迈斯纳效应。、深圳拟上调住房公积金租房提取额度至。;0.0003192848020434;0.813612255886295;0.6665968906842651;0.0021117607546273557
昨天大盘最后一小时缩量上涨，外围股市普遍上涨，消息面偏向利好。今天大盘应该高开，上攻时关注点附近的压力，强压力在点附近回落时关注点附近的支撑，强支撑在点附近。一、房地产利好堆积近期房地产板块走势很强，晚间利好再次堆积、深圳拟上调住房公积金租房提取额度至。、央行实施差别化住房信贷政策满足民营房地产企业合理融资需求。、郑州鼓励在郑各商业银行依法有序调整存量个人住房贷款利率，暂停执行住房限售政策。昨天下午房地产板块开始拉升，不是没有原因的，晚间就出现了多条利好，特别是郑州暂停执行住房限售政策。郑州是省会城市，是第一个取消限购的省会城市，不出意外的话，周末还会有省会城市跟进，受到利好预期影响，今天房地产板块还有活跃。二、中国结算拟自月起将股票类业务最低结算备付金缴纳比例由现行的调降至平均接近降低股票类业务最低结算备付金缴纳比例，相当于给券商定向降准，上次降低结算备付金缴纳比例还是去年月份，随后大盘从点开启了上攻点附近的历程，这次大盘还会大涨吗受此影响，昨晚富时大涨近，今天股有望继续反弹。三、剑桥科技上半年净利亿元剑桥科技发布业绩快报，上半年公司实现营业总收入约亿元，同比增长净利润亿元，同比扭亏，上年同期亏损万元。剑桥科技第一季度净利万元，据此计算，第二净利万元，环比增长。剑桥科技业绩增长的原因是公司在数通与电信高速光模块、无线家庭路由器、海外小基站和电信宽带接入等各项业务都取得了显著增长。剑桥科技是光模块科技股行业的龙头股，近期因为消息面刺激的原因，市场热点主要在金融、地产和消费板块，科技板块成为狗不理，主要原因就是现在的市场还是一个存量资金博弈的市场，资金炒作一个板块，必将从另外一个板块中撤离，今天看科技股能否在剑桥业绩大幅增长的影响下出现一定的反弹吧。四、华虹公司公司股票将于月日在科创板上市发行价为元股该来的还是要来，华虹公司将在下周一正式上市，发行价元，但在港股目前的价格是元，翻了一倍多，到底是股钱多人傻还是港股人太精下周一将见分晓，但华虹不会破发，否则，后期的先正达不好上市，脸是个好东西。技术上，昨天大盘探底回升，说明大盘还有反弹，华虹上市也要营造一种氛围，所以，今天大盘还有上行，整体还是建议大家持股为主。;0.0019157088122605;0.4113268041491653;0.6665968906842651;0.0064056837593897175
可转债推荐超话早评，周四，证券时报、经济日报、央广网等三大官媒共同发声，分别从降低印花税、完善制度等多方面，为活跃资本市场、提振投资者信心出谋划策。，央行召开座谈会满足民营地产企业合理融资需求推进“第二支箭”扩容增量，促进房地产行业平稳健康发展，热门中概股普涨，纳斯达克中国金龙指数涨。今日债关注：测绘转债，北方转债，海泰转债;0.0044699872286079;0.045045045045045;0.6667739416512463;0.001637259914495855
早上好，周五隔夜美股小幅收跌，热门中概股普涨。期指上涨。消息面，央行金融支持民营企业发展座谈会上，要求精准实施差别化住房信贷政策，满足民营房地产企业合理融资需求。证券时报、经济日报、央广网等三大官媒分别从降低印花税、完善制度等多方面，为活跃资本市场、提振投资者信心出谋划策。三部委发布通知。要求健全绿证交易，扩大绿电消费。将于月日在科创板上市，本次发行价格为元股。今天的新闻发布会，介绍“打好宏观政策组合拳，推动经济高质量发展”有关情况。综合看市场，当前的私募发行又创了年内新低，月也有了缓和，而从外资的购买力度来看，他们拼命买买买的权重品种最近涨幅也是小的可怜。眼下认真观察市场是拉指数还是炒题材概念就行，阶段性的底部是确定的，只要风格确定，逢低找机会加仓就是了，但这不是一两天的事儿，是三季度的事儿。市场还在振荡反弹中。最近的好消息很密集，上周五的一根大阳之后，本周只是维持了振荡。其实，市场真好的时候是不需要消息刺激的。强不强，等一等，不浪费时间，更不浪费钱。三季度需要信心和耐心，别太玻璃心。振荡市，下跌再加仓。乞丐说事大咖说财经;0.009365687526607;0.1352948252646697;0.4698455796982691;0.0072604192224649125
郑州暂停执行住房限售政策、郑州市住房保障和房地产管理局等部门发布《关于进一步促进我市房地产市场平稳健康发展的通知》。其中提出，满足改善性住房需求。购买改善性住房的，其原有住房暂停执行郑政办号文“在郑州市行政区域内，年月日（含）之后购买的住房，自取得《不动产权证书》之日不满年的不得上市转让”的规定。稳定住房消费预期。鼓励在郑各商业银行依法有序调整存量个人住房贷款利率，引导个人住房贷款利率和首付比例下行，稳定居民消费预期。、中国人民银行召开金融支持民营企业发展座谈会，精准实施差别化住房信贷政策满足民营房地产企业合理融资需求。;0.0113878246062154;0.1284753626664738;0.3954396020676523;0.007055478694224677
、美股昨晚略跌。但逆势大涨。盘后和亚马逊公布年第二季度财报，业绩好于预期。、股权重方面。整体看，外资买入最多的还是宁德时代，其次是茅台、比亚迪。、财报方面，爱美客预计上半年净利润亿元至亿元，同比增长。亿纬锂能预计上半年净利润亿元亿元，同比增长，储能电池收入规模实现倍增。、华虹公司将于月日在上海证券交易所科创板上市，本次发行价格为元股。、央行召开金融支持民营企业发展座谈会，要求要精准实施差别化住房信贷政策，满足民营房地产企业合理融资需求，促进房地产行业平稳健康发展。国家发改委表示，将研究出台促进创业投资健康发展的政策措施。此外，四部门将于明日召开新闻发布会，介绍“打好宏观政策组合拳，推动经济高质量发展”有关情况。此处强调：对点的喊话会预期不必过高。不要过高。、印度以“税费缴纳不足”为由，要求比亚迪补缴亿卢比的税费，折合人民币约万。阿三是跨国公司坟场。、摩根士丹利下调中国股票评级。外资投行不懂我国国情。;0.0031928480204342;0.1523781377744169;0.600577156978144;0.003563324882439779
月日中国人民银行行长潘功胜主持召开金融支持民营企业发展座谈会听取有关意见建议推动银企供需对接研究加强金融支持民营企业工作举措。会议提出金融机构要深入了解民营企业金融需求回应民营企业关切和诉求做好银企融资对接为民营企业提供可靠、高效、便捷的金融服务。要精准实施差别化住房信贷政策满足民营房地产企业合理融资需求促进房地产行业平稳健康发展。;0.0001064282673478;0.8095238095238093;0.6665968906842651;0.0007003830135386269
白话数据年月日建委新房住宅网签套，二手房住宅网签套（网签数据有滞后）。大中介前台挂牌房源量套（中介春节休假前），持续关注。昨日热点：央行：精准实施差别化住房信贷政策满足民营房地产企业合理融资需求；亿湖州中石摘黄村中建壹品竞得大兴新城地块；北京市住建委：流程调整房屋漏雨可快速使用住宅专维资金；顺义新城、地块案名公布：龙湖御湖境二期。;0.0029799914857386;-0.3738962264419831;0.5661011233443224;-0.007692115990353166
基金超话月日上证指数涨跌预测及期权操作计划：消息亮点：央行：精准实施差别化住房信贷政策满足民营房地产企业合理融资需求。技术分析：上一交易日指数表现如料。小时技术指标收盘时进入中位区。今日指数预计冲高回落。期权操作计划：昨日按计划再一次通过认购赚到。展开;0.0001064282673478;0.9999938465949476;0.6665968906842651;0.0008651736929272538
这几天的利好，多到是看都看不过来从城中村改造、活跃资本市场，到央妈出手降低存量房利率，以及月以来沪深两市零申报等利好接踵而至今天比较有趣的是，一天之内，就出现三大官媒集体发声经济日报让居民通过股票、基金也能赚到钱从而化消费意愿为消费能力证券时报提振亿多股民、亿多基民信心市场期待降印花税、优化交易制度等政策央广网可以考虑降低印花税以降低交易成本、实施交易活跃市场交易上一次这么多家官媒同时出来唱多，还是年那波牛市呢今晚，房地产这类又出利好了：央妈：精准实施差别化住房信贷政策满足民营房地产企业合理融资需求这对民营房地产企业来说，也是实质性利好了总的来说，还是济太差，消费太低迷，上面也开始着急了，所以加速推出了一系列利好，重点还是为了推动济明天上午还有一个比较重要的会议，多部门共同出席，介绍“打好宏观政策组合拳，推动经济高质量发展”有关情况从近期的策的风向来看，大概率还是会围绕大消费、房地产这类顺周期这块，可持续的行情大概率会出现在策明确推动的板块，所以我个人是认为房地产和消费是比较值得关注的白酒继续中长线看好中免这类底部核心资产可进一步博弈反弹空间房地产，主看低估值的，安全边际会高一些，例如，之前说过的建发股份，此外就是金地集团、天健集团这类都挺好的祝好;0.0168156662409535;0.0562522906552235;0.4062359453599075;0.004686173267339501
房地产超话关于保障性住房有关税费政策的公告为推进保障性住房建设，现将有关税费政策公告如下：一、对保障性住房项目建设用地免征城镇土地使用税。对保障性住房经营管理单位与保障性住房相关的印花税，以及保障性住房购买人涉及的印花税予以免征。在商品住房等开发项目中配套建造保障性住房的，依据政府部门出具的相关材料，可按保障性住房建筑面积占总建筑面积的比例免征城镇土地使用税、印花税。二、企事业单位、社会团体以及其他组织转让旧房作为保障性住房房源且增值额未超过扣除项目金额的，免征土地增值税。三、对保障性住房经营管理单位回购保障性住房继续作为保障性住房房源的，免征契税。四、对个人购买保障性住房，减按的税率征收契税。五、保障性住房项目免收各项行政事业性收费和政府性基金，包括防空地下室易地建设费、城市基础设施配套费、教育费附加和地方教育附加等。六、享受税费优惠政策的保障性住房项目，按照城市人民政府认定的范围确定。城市人民政府住房城乡建设部门将本地区保障性住房项目、保障性住房经营管理单位等信息及时提供给同级财政、税务部门。七、纳税人享受本公告规定的税费优惠政策，应按相关规定申报办理。八、本公告自年月日起执行。特此公告。财政部税务总局住房城乡建设部年月日;0.0004257130693912;0.0581986880145983;0.6665968906842651;0.00020140913468443138
可以让作文锦上添花的高分题目一、青年青春《不坠吾辈青云志》《最美青春献祖国》《青年当奋斗学习》《奋斗的青春最美》《百舸争流搏劲浪》《以驾行丰盈青春》《做不负时代的青年》《青年者应与平庸相斥》《以梦为马，不负韶华》《无悔青春，逐梦星河》《不展开;0.0083014048531289;0.2877814258285525;0.6703149609908705;0.01952895342595535
受是攻包养的情人，因为攻喜欢的人早已结婚，并且定居国外，而受和那人长得很像。说到底，替身而已。受是因为缺钱才答应的，在他的印象里有钱人都玩得很花，一个不开心就会就会打人惩罚人。没想到的是攻完全不会，他长得好看，待人温柔有礼，脸上始终挂着谦逊的笑，甚至一开始在受好不容易做好心理建设后一咬牙脱光了衣服爬上攻的床的时候，攻还一边安慰着颤抖的受，一边给他穿上了衣服。他甚至都没有碰过受，他很尊重受，不会嘲笑他，拿他当玩具，知道受对未来很迷茫，他会带受去学很多的东西，各种课程。目的是为了让受了解到自己喜欢什么，以后要为什么而奋斗。可结了婚也是会离婚的，攻喜欢的人婚姻并不幸福，后来在其他人的明示暗示下知道攻对他有意思，他便开始用各种理由去见攻。后来因为另一半找回来，更是借口害怕以此住进了攻的家里。攻所喜欢的人早知道攻家里住着一个情人，听说攻很喜欢，他绞尽脑汁地想着该怎么顶替受的位置，直到他看到受的脸，他知道自己赢了。他偷偷问受：“你是不是喜欢他？”他还想再说点什么好宣示主权，叫受知难而退，受却已经用力地摇摇头。“不，我不喜欢他，我已经有喜欢的人了。”受撒了谎，声音越说越小，“我和他只是交易，我待在他身边是因为我需要钱。”接下来的很长时间里，攻忙于照顾喜欢的人，不论什么场合，都带着那个人。受和攻见面的次数屈指可数，见到了也只是打个照面，每次受都想主动说点什么，但攻就好像没看到他似的。受黯然神伤，但他能理解，好不容易有机会和喜欢的人在一起了，难不成还要跟以前一样把时间浪费在他这个替身的身上吗？日子一天天过去，有一天，受鼓起勇气去找了攻，他支支吾吾道：“我们之前约定好了半年，还有几天就到了”“那就走啊，去找你喜欢的人。”攻看到受时脸上还带着笑，受还以为他今天心情还算不错，哪知道在后一秒在听到他的话后，攻面色立刻阴沉了下来，“你难道以为我会求着你留下来吗？如果不是因为长得像他，你根本没有待在我身边的机会。”攻以前对受都是温温柔柔的，忽然间像是变了一个人，把话说得这么难听，叫受如同被利剑刺心，整个人都呆住了。但攻说的是实话，受想了想，安安静静地收拾好自己的东西离开了，连再见都没有跟攻说。几个月后的某一天，受接到攻的电话，看到手机屏幕上的备注时，受吓了一跳，正犹豫着要不要接，电话就这么挂断了。那天晚上受辗转反侧，怎么也睡不着，最终还是没能克制住自己，打了电话过去，却没想到是医生接的。坏消息，攻出了车祸，出事的地点就在他居住地方的附近。好消息，失忆了。对于其他人来说这或许也算是坏消息，但对于受来说，那就是好消息，他带攻回了自己租的小房子里。医生说攻是失忆，但受总有种攻实际上是失智的感觉，非常的孩子气。一开始还肯老老实实睡沙发，后来有一晚上下了雨，一边说着害怕，一边就往受的床上爬。这爬过一次，就再也没下去了，从规规矩矩各睡各的，到必须抱着受睡，否则能气得在一边瞪着受干坐一晚上。好在他爱闹脾气，但也十分的好哄，简单到一个吻就能解决。医生说攻失忆了，但具体说的是头部受到了创伤，有淤血，但并不严重，失忆的状况是短暂的。短暂的意思就会很快就会好，所以在受在上班时受到攻的短信，说他在医院时，受就已经意识到自己要再次失去他了。因为在失忆的这段时间里，受是不让攻出门的，怕攻身体没好全再出什么事情，更怕被人发现，把攻从他的身边带走。受一开始提出这个要求的时候很忐忑，因为这完全是在限制攻的人身自由，哪知攻想也不想地就答应了。攻委委屈屈地道，“反正我只有你，我愿意每天等你回家，但你不能够忘记我一直在这里，不可以丢下我，好吗？”受还没开口说话，攻便自己伸出指头去勾了勾受的小指，把这个誓言给落定了。受忽然想起哪天赶到医院，对上攻茫然的目光，正愁着不知道该给自己按个什么身份，找什么理由，到最后只是不停地支支吾吾说着：“我是，我是”攻一下子就笑了，眼睛亮晶晶的，接过了受的话，“你是我喜欢的人，对不对？”受一下子哽住了，他觉得攻会说这句话是另外一个人，他不敢直面这个问题，犹豫再三，自私地说，“我带你走吧。”受知道攻会回复记忆，他早就做好了终有一日回和他分别的准备，他想他可以像第一次一样，到时候洒脱地离开。最初受因为攻对他的尊重与好产生好感，然后在这几个月日日夜夜的陪伴里心动。心一动，该怎么洒脱？只有不舍与对未来没有攻的日子的害怕。受赶去了医院，却没有进去，因为他在病房外看到攻已经睡着，他喜欢的人正趴在床边休息，整个画面是说不出的温馨与恬静。他想，如果他当时没有自私地带攻走，攻出车祸的那段时间攻和喜欢的人大概也是这样，他们应该早在一起了。他好像做错了事。受在病房外站了很久很久，最后独自一个人回到了他的小房子里。攻是在第二天下午回来的，西装革履，盛气凌人，哪有之前连受一句话不理他就立刻委屈得要哭的窝囊样。受还以为攻不会再愿意见他了，他惊喜地看着攻，嗓子发哑，“你回来了。”“是的。”攻没说话，他身后，喜欢的人走上前来，说，“他说有东西要拿，我来陪他收拾行李。”“这样啊。”受脸上的笑容迅速消融，他低下头，不再看攻，说，“我来收拾吧，你们等一下，很快就好。”受找出行李箱，打开柜门，把攻的衣服叠好，一件件放进去。柜子很小，攻的衣服一拿，立刻就空了一半，反观受的衣服就那么几件。受收拾的很慢，他猜到自己以后可能见不到攻了，有意拖延着时间，然后他就听到攻喜欢的人鄙夷道：“你这几个月里就一直住在这种地方？这么小的床，每天晚上都睡不好吧？”攻没回答，他盯着受专心致志给他整理东西的背影，见受半天了一句挽留的话都没有，忽然气不打一处来，“你买的那些衣服跟个破烂似的，算了，我不要了。”受这才扭过头，重新把目光放到了他的脸上，震惊又受伤。受是被领养的，没两年养父母生了自己的儿子，看他便是越来越不顺眼，知道养父生了病需要钱，为了报答养育之恩他才和攻有了交集，钱全部给了养父母后，他和那个家也就脱离了关系。他如今刚上班，没什么钱，这些衣服买的都是地摊货，最开始拿回家的时候他也很不好意思，但攻别提多开心了，抱着他亲个没完，说这是他收到的最好的礼物。那些衣服是一件一件买回来的，完全没有任何的关联，但攻就是硬要挑出那么一两件来，受穿白的，他就要穿黑的，受穿黑的他就要穿白的，开开心心地宣布说这是情侣装。“那，那就没有什么东西需要收拾了。”受磕磕巴巴地说，想到以后可能再也见不到面，受捏紧了拳头，鼓起勇气挤出一抹笑容来问攻，“要不然吃完晚餐再走吧？我今天买了土豆，你之前不是一直想吃黄焖鸡吗？我前几天都太忙了，今天给你做好吗？”攻一听脸色更难看了，“谁要吃你做的东西？我早吃腻了，如果不是因为你像他，你以为我当时会跟你回来吗？”这话与当初的那句如果不是因为长得像他，你根本没有待在我身边的机会重叠，受再次低下头，再吐不出一个字。受忍不住在想：以前攻爱吃的时候，他为什么就不做呢？明明知道他总有一天会离开自己，当时为什么不满足他的心愿呢？攻喜欢的人听到攻这么说，立马挽住攻的胳膊，拖着他往外走，“我还以为是什么重要的东西，那些衣服送出去都没有人愿意正眼瞧的，我们走吧。”攻跟着他走了，走到门口，回头往里看，看到受已经站起身，从冰箱里将土豆拿来出来，看样子是打算做晚餐，一点也不在乎自己的离开。攻气呼呼地走了，结果回家没几个小时就后悔了，他恢复记忆，想到受有喜欢的人生气，因为受不来医院看他生气，更因为不挽留他生气。攻连夜赶去找受，可不论他怎么敲门，始终没有人应答，他以为受在生他的气，直到邻居告诉他受已经搬走了。攻在垃圾桶旁边看到了受用碗装着的黄焖鸡，大概是准备喂给流浪狗的。可是那原本该是给他的。除此之外，他还看到了用塑料袋打包得好好的，放在一边空地的衣服。那些他所谓的情侣装，只要是和他有关的东西，受全部都扔掉了。攻只将受的衣服拿了回去，再没有和受重逢的很多年里，怕弄脏了，他连抱都不敢抱，都是把衣服好好地叠在一边，陪着他入睡。;0.4786079182630907;0.4278855558452744;0.3531874577818437;0.8820607167148806
每日一善超话熊猫守护者阳光信用你可以哭但不能输，你可以难过但不可以落魄，你不努力怎么会知道自己可以赢得多少掌声？如果你能每天呐喊遍“我用不着为这一点小事而烦恼”，你会发现，你心里有一种不可思议的力量，试试看，很管用的。自暴自弃便是命运的奴隶，自强不息是生命的天使；我不想用别人的汗水浇灌自己的心灵，我愿意用别人的棉袄，来温暖自己的躯体。我只想堂堂正正的做人，我只愿光明磊落做事，该记得的我不会遗忘，该遗忘的我不会存放。不要吝啬你的笑容，不要隐藏你的善良，记住卡耐基这一段话，你将尽享完美丰富的人生“人的生命只有一次，任何能够奉献出来的好的东西和善的行为，我们都应该现在去做，因为生命只有一次”对身边好的、不好的人微笑、以礼相待，尽量避免发生任何的正面冲突。少些埋怨，多些感恩，人生会更美好。走不出去，眼前就是你的世界，走出去，世界就在你眼前如果你不花时间去创造你想要的生活，你将被迫花很多时间去应付你所不想要的生活选择意味着改变，改变意味着行动，行动意味着执行，执行意味着收获结果做最好的自己。;0.0002128565346956;0.915129592488104;0.7231661472221722;0.0017178821896824976
《有哪些超级文艺又干净的短句。》总之岁月漫长，然而值得等待。村上春树凡是过去，皆为序章。莎士比亚少年与爱永不老去，即便披荆斩棘，丢失怒马鲜衣。莫峻没有一个冬天不可逾越，没有一个春天不会来临。南方周末浅水是喧哗的，深水是沉默的。雪莱四方食事，不过一碗人间烟火。小灯泡儿天可补，海可填，南山可移。日月既往，不可复追。曾国藩我走得很慢，但我从不后退。林肯花看半开，酒饮微醺。《菜根谭》花开如火，也如寂寞。顾城愿你一生努力，一生被爱。想要的都拥有，得不到的都释怀。八月长安纵使黑夜吞噬了一切，太阳还可以重新回来。汪国真一星陨落，黯淡不了星空灿烂；一花凋零，荒芜不了整个春天。巴尔扎克我有一瓢酒，可以慰风尘。韦应物鲸落海底，哺暗界众生十五年。加里斯奈德我荒废了时间，时间便把我荒废了。莎士比亚只有流过血的手指，才能弹出世间的绝唱。泰戈尔夜暗方显万颗星，灯明始见一缕尘。七堇年月缺不改光，剑折不改刚。梅尧臣活着不一定要鲜艳，但一定要有自己的颜色。张曙光掉头一去是风吹黑发，回首再来已雪满白头。余光中万物皆有裂痕，那是光照进来的地方。莱昂纳德科恩每个人都在愤世疾俗，每个人又都在同流合污。《自由在高处》你生而有翼，为何竟愿一生匍匐前进，形如虫蚁。贾拉尔阿德丁鲁米浮名浮利，虚苦劳神。叹隙中驹，石中火，梦中身。苏轼少年安得长少年，海波尚变为桑田。李贺谁终将声震人间，必长久深自缄默；谁终将点燃闪电，必长久如云漂泊。尼采容颜会老去，四季不会停。那些散碎在笔尖的光阴，寂静欢喜。陆苏当华美的叶片落尽，生命的脉络才历历可见。聂鲁达日出之美便在于它脱胎于最深的黑暗。辛夷坞情感初秋多巴胺情感生活宠粉季微博宠粉季雾野秋白的微博视频;0.0003192848020434;0.9970546413695772;0.6666854161677557;0.002588235940312582
指数开盘价出来了创业板：反正被嫌弃的只有我呗无奖竞猜，这个局面能保持多久？今天会继续红呢，还是会央行决定降准个百分点财经知识分享官股票沪深;0.0008514261387824;-0.5258739417959897;0.9782483141206552;-0.0053415025560224535
央行决定降准山西日报发表于山西中国人民银行决定于年月日下调金融机构存款准备金率山西日报新媒体综合报道当前，我国经济运行持续恢复，内生动力持续增强，社会预期持续改善。为巩固经济回升向好基础，保持流动性合理充裕，中国人民银行决定于年月日下调金融机构存款准备金率个百分点（不含已执行存款准备金率的金融机构）。本次下调后，金融机构加权平均存款准备金率约为。中国人民银行始终坚持以习近平新时代中国特色社会主义思想为指导，坚决贯彻落实党的二十大和中央经济工作会议精神，按照党中央、国务院决策部署，精准有力实施好稳健货币政策，保持流动性合理充裕，保持信贷合理增长，保持货币供应量和社会融资规模增速同名义经济增速基本匹配，更好地支持重点领域和薄弱环节，兼顾内外平衡，保持汇率基本稳定，稳固支持实体经济持续恢复向好，推动经济实现质的有效提升和量的合理增长。;0.0003192848020434;0.0;0.6665968906842651;0.0
基金超话央行决定降准个百分点然后就这开盘嘛早上竞价还有一堆喜欢玩核按钮;0.0022349936143039;0.1428075808209182;0.3922951738753688;0.001526954923411439
央行决定降准个百分点（人民日报）;0.0003192848020434;0.6241610738255037;0.6665968906842651;0.0016200331923895846
央行降准将释放超亿元中长期流动性经济学家解读央行降准中国人民银行官网今日发布消息，决定于年月日下调金融机构存款准备金率个百分点（不含已执行存款准备金率的金融机构）。本次下调后，金融机构加权平均存款准备金率约为。光大证券首席宏观经济学家高瑞东表示，此展开;0.003831417624521;0.6418664784573617;0.825803979007189;0.024766626883246826
昨天晚上，央行降准了。有同学对降准这事是懵的，但应该都听说过降息。降息，就是降低存银行的利息，之前存银行一年给，现在只给，这就是降息。降了息之后，有两个效果。第一个，大家会觉得把钱存银行不划算，就会拿出来花，或者投资；第二个，降息之后，银行拿到钱的成本变低了，所以它展开;0.000532141336739;-0.9212002915061356;0.6665968906842651;-0.0039850158120565615
哟昨晚突发“利好”，又降准啦所谓降准，就是降低存款准备金率存款准备金银行存在央行那里的押金每吸收一点存款，就要交一点押金这样万一出了问题，央行才有备货来救命降准少交押金市场上的钱变多了那么降准究竟是多大程度的利好呢图统计了近十年央行展开;0.0013835674755214;-0.0916851751183988;0.5529685314155622;-0.0008554321775205523
无忧差评央行决定降准个百分点不真正规范量化交易，再多的政策都白搭。量化交易已经在股对冲国运了只有散户无罪任泽平花荣胡锡进;0.0003192848020434;0.2877814258285525;0.6667739416512463;0.0007471457454807531
热点要闻人民银行时隔半年再度降准据人民银行网站，为巩固经济回升向好基础，保持流动性合理充裕，中国人民银行决定于年月日下调金融机构存款准备金率个百分点（不含已执行存款准备金率的金融机构）。本次下调后，金融机构加权平均存款准备金率约为。欧洲央行意外将三大利率上调个基点欧洲央行决定将欧元区三大关键利率均上调个基点，超出市场预期；这也是该行连续的第次加息，共计加息个基点。欧洲央行在作出加息个基点的决定后，在决议中明确表示利率“已经达到了能够在足够长的时间内维持的水平，将为通胀率降低到的目标做出重大贡献”。交易员押注欧洲央行年将降息个基点，为月日以来首次。美国公布首次申领失业救济人数和月美国上周首次申领失业救济人数为万人，预估为万人，前值为万人。美国月同比上升，预估为，前值为。国际油价触及年内新高供应趋紧主导市场情绪周四，由于市场担心今年剩余时间石油供应趋紧，国际油价上涨，布油日内突破美元桶，美油突破美元桶，双双刷新年内新高。年内全球最大：上市首日收涨年内全球最大在纳斯达克交易所交出漂亮的首日走势，分析称这给美股市场回归常态提供了最重要的信心。根据零售券商的数据显示，不仅获得苹果、英伟达等产业公司的力捧，在散户这一边也超有人气，获得超过万笔买入订单，轻松力压特斯拉、英伟达等散户偏爱的个股。财报营收和业绩展望符合预期周四盘后，披露第三财季调整后每股收益为美元，分析师预期美元；第三财季营收亿美元，分析师预期亿美元。预计第四财季每股收益为美元，分析师预期美元；预计第四财季营收亿亿美元，分析师预期亿美元。;0.0001064282673478;0.0;0.6665968906842651;0.0
西安二环外不限购的同一天武汉取消二环线以内住房限购政策确实总要有个拉手亲脑门的过程然后才;0.0020221370796083;-0.0216356495827806;0.4657986778539726;-0.000248521797226815
认房不认贷能拯救房地产市场吗多地密集发布楼市利好。武汉宣布取消二环线以内住房限购政策，西安二环以外区域取消限购。无锡全市域取消限购政策，青岛将执行认房不认贷。尽管核心城市仍有政策优化空间，但一线城市政策调整取决于市场恢复程度，未来有望按照因区施策原则，优化限购政策。;0.0009578544061302;0.9926209127957504;0.6674821455191711;0.007739417547318151
重磅刚刚，武汉宣布全面取消住房限购。月日下午，武汉市房管局官方发布《关于进一步促进我市房地产市场平稳健康发展的通知》，正式对外宣布，年月日起，取消武汉市二环线以内住房限购政策满足居民刚性和改善性购房需求。;0.0002128565346956;-0.8461494981350193;0.6666854161677557;-0.0014643360227093332
月日，两大省会城市发布楼市新政，其中武汉市宣布取消二环线以内住房限购政策，西安市二环以外区域取消限购。此外，无锡全市域取消限购政策，青岛将执行“认房不认贷”。这四个城市年均超万亿。下一步，深圳会不会部分区域取消限购？;0.0013835674755214;-0.2345004741202344;0.5692776308039805;-0.002252443420818121
武汉取消住房限购政策，给予购房优惠支持月日，武汉市住房保障和房屋管理局发布《关于进一步促进我市房地产市场平稳健康发展的通知》，通知提及，年月日起，取消武汉市二环线以内住房限购政策满足居民刚性和改善性购房需求。同时，通知表示，生育多子女家庭在购房贷款时，购买的第二展开;0.0006385696040868;-0.4157462458734566;0.67645014138898;-0.0021900703868796933
武汉：取消二环线以内住房限购政策月日，武汉市住房保障和房屋管理局发布《关于进一步促进我市房地产市场平稳健康发展的通知》，通知提及，年月日起，取消武汉市二环线以内住房限购政策满足居民刚性和改善性购房需求。同时，通知表示，生育多子女家庭在购房贷款时，购买的第二套住房认定为首套住房，购买的第三套住房认定为第二套住房。对已有两套住房的家庭，在挂牌出售或出租一套的前提下新购一套住房的，购房贷款时认定为第二套住房。;0.000532141336739;-0.3056546133708375;0.8679111553123157;-0.001721547159953079
武汉：取消二环线以内住房限购政策月日，通知表示，生育多子女家庭在购房贷款时，购买的第二套住房认定为首套住房，购买的第三套住房认定为第二套住房。二套房按照首套房政策，武汉走在全国前列;0.0028735632183908;-0.6525664314773182;0.9307095758472892;-0.021283613823742584
武汉：取消二环线以内住房限购政策月日，武汉市住房保障和房屋管理局发布《关于进一步促进我市房地产市场平稳健康发展的通知》，年月日起，取消武汉市二环线以内住房限购政策满足居民刚性和改善性购房需求。生育多子女家庭在购房贷款时，购买的第二套住房认定为首套住房，购买的第三套住房认定为第二套住房。对已有两套住房的家庭，在挂牌出售或出租一套的前提下新购一套住房的，购房贷款时认定为第二套住房。年月日起至月日前，对出售原有住房并在半年内购买新建商品住房和购买新建商品住房后至房屋交付前出售原有住房的纳税人，由购买新建商品住房所在区财政部门对其出售原有住房已缴纳的增值税按计税价格的给予补助。年月日前，对购买首套新建商品住房的，可享受万元家电家具数字消费券或购房消费券。持续开展线上线下房交会，对房交会期间购买首套住房的，按契税应缴额度给予补助优惠，购买第二套住房的，按契税应缴额度的给予补助优惠。年月日前，住房公积金缴存职工在我市购买普通自住住房的，贷款额度可按职工家庭当前可贷款额度上浮，同时不超出我市公积金贷款的最高贷款额度（即家庭首套房贷款最高可贷额度万元，家庭二套房贷款最高可贷额度万元）。;0.0004257130693912;-0.8633317520262713;0.6666854161677557;-0.0029881428443253705
武汉取消二环线以内住房限购政策月日，武汉市住房保障和房屋管理局发布《关于进一步促进我市房地产市场平稳健康发展的通知》。通知明确，自年月日起，取消武汉市二环线以内住房限购政策满足居民刚性和改善性购房需求。生育多子女家庭在购房贷款时，购买的第二套住房认定为首套住房，购展开;0.0003192848020434;-0.0728975734628019;0.6665968906842651;-0.0001892083527903783
武汉：取消二环线以内住房限购政策;0.0006385696040868;-0.3220338983050845;0.6665968906842651;-0.0016717018289246978
湖北新鲜事超话武汉取消二环内住房限购政策年月日起，取消武汉市二环线以内住房限购政策，满足居民刚性和改善性购房需求。详情;0.001064282673478;-0.1243205348628439;0.558137104636303;-0.0009005886294049561
武汉取消二环内住房限购政策月日，武汉市住房保障和房屋管理局发布《关于进一步促进我市房地产市场平稳健康发展的通知》，通知提及，年月日起，取消武汉市二环线以内住房限购政策满足居民刚性和改善性购房需求。同时，通知表示，生育多子女家庭在购房贷款时，购买的第二套住房认定为展开;0.1330353341847594;-0.0248539491917868;0.4635218999256296;-0.018690390339994017
武汉取消二环线以内住房限购政策天津武清区：购新房最高给予万补贴天津市静海区购房补贴政策天津武清区：根据购房人申请，按照总购房款的给予购房补贴，补贴金额最高不超过万元（含）天津市静海区购房补贴政策便民服务为贯彻落实《市住房城乡建设委等四部门关于进一步调整优化房地产政策更好满足居民刚性和改善性住房需求的通知》（津住建房改号）政策文件精神，适应房地产市场供求关系发生重大变化的新形势，进一步支持刚性和改善性住房需求，促进住房消费，结合静海区实际情况，发布实施《天津市静海区购房补贴政策》。（静海融媒）月日，武汉市住房保障和房屋管理局发布《关于进一步促进我市房地产市场平稳健康发展的通知》，通知提及，年月日起，取消武汉市二环线以内住房限购政策满足居民刚性和改善性购房需求。同时，通知表示，生育多子女家庭在购房贷款时，购买的第二套住房认定为首套住房，购买的第三套住房认定为第二套住房。对已有两套住房的家庭，在挂牌出售或出租一套的前提下新购一套住房的，购房贷款时认定为第二套住房。（财联社记者陈业）;0.0014899957428693;-0.8191286001937707;0.7349287423140772;-0.010938758952615948
重磅武汉全面取消住房限购月日，武汉市住房保障和房屋管理局、市自然资源和规划局等六部门印发《关于进一步促进我市房地产市场平稳健康发展的通知》，其中明确，年月日起，取消武汉市二环线以内住房限购政策满足居民刚性和改善性购房需求。生育多子女家庭在购房贷款时，购买的第二套展开;0.0001064282673478;-0.7911660056085348;0.6665968906842651;-0.0006845002267979942
武汉取消二环线以内住房限购政策鼓励购房，鼓励生育。二环外呢，限购吗？武汉：取消二环线以内住房限购政策钛媒体月日消息，武汉市住房保障和房屋管理局发布《关于进一步促进我市房地产市场平稳健康发展的通知》，通知提及，年月日起，取消武汉市二环线以内住房限购政策，满展开;0.0006385696040868;-0.0883760657390512;0.6665968906842651;-0.0004587667059483862
刚刚，武汉全面取消住房限购武汉市住房保障和房屋管理局：年月日起，取消我市二环线以内住房限购政策，满足居民刚性和改善性购房需求。武汉取消二环线以内住房限购政策;0.0015964240102171;-0.2073498621781617;0.6099001411216377;-0.002462047561179238
江苏省无锡市：全市域取消限购政策，降低购买首套房首付比例。武汉：取消二环线以内住房限购政策。;0.0017028522775649;-0.0831161769544501;0.5924810807991158;-0.0010226398752841287
转发央行出手，人民币急升，什么信号？近期人民币汇率跌破关口后，央行出手了日，央行宣布，为提升金融机构外汇资金运用能力，自月日起，下调金融机构外汇存款准备金率个百分点，即外汇存款准备金率由现行的下调至。人民币汇率随后闻声大涨，快速收复关口。什么是外汇存款储备金？为何能提振汇率？（中新财经宫宏宇中国新闻网）央行出手，人民币急升，什么信号？;0.0001064282673478;0.6352995392666703;0.6665968906842651;0.0005496478307080665
央行下调外汇存款准备金率至央行发布通知，为提升金融机构外汇资金运用能力，中国人民银行决定，自年月日起，下调金融机构外汇存款准备金率个百分点，即外汇存款准备金率由现行的下调至。下调金融机构外汇存款准备金率新浪财经的微博视频;0.0123456790123456;0.9453324266780716;0.7064603977721866;0.10054791291674704
汇率政策出手外汇存款准备金率由现行的下调至人民币汇率应声而起。月日，央行官网消息称，为提升金融机构外汇资金运用能力，决定自年月日起，下调金融机构外汇存款准备金率个百分点，即外汇存款准备金率由现行的下调至。现在是股、汇、楼、债四市政策联动频出;0.0022349936143039;0.2516794307217149;0.6672165690686993;0.004576953863164188
人民币汇率反弹至人民币汇率快速上涨月日，央行宣布，为提升金融机构外汇资金运用能力，自月日起，下调金融机构外汇存款准备金率个百分点，即外汇存款准备金率由现行的下调至。随后，人民币汇率闻声反弹，快速涨至附近。中国银行研究院高级研究员王有鑫表示，央行此时出手调整外汇存款准备金率有利于增加金融体系外汇供给，改善市场外汇供求形势，同时通过释放政策信号，起到稳定汇率和市场情绪的作用。（中新财经）;0.0003192848020434;0.8090641359732952;0.7540746772400698;0.0023755340303423544
东方财富央行：月日起下调金融机构外汇存款准备金率个百分点央行：外汇存款准备金率由现行的下调至东方财富;0.0001064282673478;0.9998883791306556;0.6665968906842651;0.0008650824446902012
中国人民银行决定下调金融机构外汇存款准备金率为提升金融机构外汇资金运用能力，中国人民银行决定，自年月日起，下调金融机构外汇存款准备金率个百分点，即外汇存款准备金率由现行的下调至。;0.0002128565346956;0.9980554567255802;0.6665968906842651;0.0017269932773720925
中国人民银行：外汇存款准备金率下调为为提升金融机构外汇资金运用能力，中国人民银行决定，自年月日起，下调金融机构外汇存款准备金率个百分点，即外汇存款准备金率由现行的下调至。;0.0002128565346956;0.6241610738255037;0.6665968906842651;0.001080022128259723
节前降息，老百姓福利。首套利率降至，从降至。之前一直喊的降息，终于来了。年月日贷款市场报价利率（）为：年期为，年期以上为，均与上期持平。原政策是，现直接取消加点，直接减个基点，最后。举例：贷款金额万。原，月供：元最新，月供：每个月可以省下元原二套现二套。不过这是首套增量的降息，存量贷是刚刚调整了一轮，估计短期内不会再次降低。如果楼市还是萎靡不振，未来还会持续的降低交易税费，类似广州的改增值税，或契税降低。今天就发布了保障房按契税征收。;0.0147935291613452;-0.2563686549113445;0.5202357244418924;-0.024061494085720506
发福利了存量房贷利率调整落地有人直呼“一个月立省近元”财联社月日讯（记者高萍）“每个月少还元”“一个月立省近元”月日，存量房贷利率正式批量下调，不少业主在社交平台上晒出调整后的房贷利率情况，并直言实实在在减负。根据安排，月日起银行开启存量房贷利率调整工作，符合条件的存量房贷客户将无需申请，银行批量进行调整。据测算，此次存量首套房贷利率调整将惠及约万户、上亿居民。从幅度看，此次存量首套房贷利率调整，平均降幅约为基点。以万元、年期、原利率的存量房贷为例，假设房贷利率降至，可节约借款人还款支出每年超过元。“存量房贷利率的降低可以节约居民利息负担，显著增强消费能力。本次政策调整利好是中长期的，可持续为近几年较高利率贷款买房的家庭减少支出，支持提升居民消费能力，有效促进消费增长。”中国人民银行货币政策司司长邹澜近日在国务院政策例行吹风会上如是说。存量首套房调整落地缘何有客户有客户？“今天是发福利的一天，从直接降到，终于不再高位站岗了。”“到，感恩。”月日，存量房贷利率调整落地，多位业主在社交平台感慨，更有人直言，“一个月立省接近块，这真是实实在在给咱减负了。”也有业主晒出前后还款的明细，该客户房贷利率于月日起预计从个基点下调为个基点。数据显示，调整前，该客户还款本金约为元，利息元，合计还款元；调整后本金元，利息元，合计元。农业银行今日发布的公告显示，根据工作安排，年月日该行已对符合首套住房贷款利率政策的存量个人住房贷款主动实施利率批量下调。存量房贷利率下调于调整当日生效，此次调整不溯及既往，之前的房贷利息不作调整。不少客户在社交媒体上晒出调整后的房贷利率情况显示，多位客户调整后的利率为“”。按照规则，调整后的房贷利率情况将是如何，最低降至多少？月日，中国人民银行货币政策司司长邹澜在国务院政策例行吹风会上表示，大部分符合要求的存量首套房贷利率将降至贷款市场报价利率，年月以后的将降至贷款市场报价利率减个基点，直接下调至政策下限。贷款市场报价利率（）是人民银行授权全国银行间同业拆借中心计算并公布的基础性贷款参考利率。全国银行间同业拆借中心每月日（遇节假日顺延）公布，目前有年期和年期以上两个期限品种。如年月日公布，年期为，年期以上为。不过，从调整后情况来看，有些客户调整后为，有些客户则为，调整后执行利率均为。为什么本次存量房贷利率调整后，加点数一样但房贷利率却不一样的情况？对此，农业银行在今日发布的公告中解释称，不同房贷客户与银行约定的重定价日不同，重定价日这一天部分，按当时的重新定价。因此，即使加点数相同，随着发生变化，重定价后的房贷利率仍可能存在差异。农业银行举例称，小王和小李的房贷利率均符合本次下调条件，下调点数均为个，重定价周期均为年，但小王和小李的重定价日不同。小王房贷利率的重定价日是每年的月日，年月日的为。调整前，小王的房贷利率为（个）；调整后，小王的房贷利率为（个），明年月日按最新一期年期以上确定新的房贷利率。小李房贷利率的重定价日是每年的月日，年月日的为。调整前，小李的房贷利率为（个）；调整后，小李房贷利率为（个），明年月日按最新一期年期以上确定新的房贷利率。二套转首套调整今日可提交申请此次存量房贷利率调整，三类人群将受益。招联首席研究员董希淼曾表示，其中之一为，当前有些地方政策调整，原来是二套房贷，现在可以被认定为首套房贷的借款人，也可以提出申请。例如现在一线城市”认房不认贷”政策落地，原来是“认房又认贷”政策下的二套房贷，只要名下没有房，可以按照首套房贷来办理。需要指出的是，二套及以上房贷且符合调整条件的需要客户进行申请下调。农业银行在今日发布的公告中表示，如果您的住房贷款不是首套住房贷款，但当前实际住房情况已经符合房屋所在城市首套住房标准，可点击“首套住房认定申请”，提交身份证明、承诺书、家庭住房套数查询结果或认定证明等材料，申请贷款利率调整。农业银行称，在年月日至年月日提出申请，该行审核认定符合首套房标准的，将在年月日起进行批量调整。在年月日（含）后提出申请的，该行将在个工作日内完成认定，经审核符合条件的，及时予以调整。中国银行此前发布的调整细则也显示，对于二套及以上房贷且符合调整条件、固定利率或基准利率定价且完成转换、不良贷款归还积欠本息的房贷客户，可于年月日至月日（含当日）向该行提出申请。中国银行将于月日对已受理并审批通过的进行集中调整。存量房贷利率调整进程迅速。月日，中国人民银行货币政策司司长邹澜在国务院政策例行吹风会上表示，中小银行也在陆续参照国有银行制定并发布实施细则。预计超过九成符合条件的借款人可在第一时间充分享受政策红利，其他借款人的存量房贷利率也将在月底前完成调整。;0.0357598978288633;0.8323864663636766;0.6665968906842651;0.24197487031304032
月报价出炉。中国人民银行授权全国银行间同业拆借中心公布，年月日贷款市场报价利率为：年期为，年期以上为。;0.0026607066836951;0.3364881267836226;0.5173670103943816;0.005648734728011617
白话数据年月日建委新房住宅网签套，二手房住宅网签套（网签数据有滞后）。大中介前台挂牌房源量套（中介春节休假前，新政前），持续关注。昨日楼市热点：月日，北京市规自委网站发布了年第三轮拟供应商品住宅用地清单，共涉及宗，土地面积公顷，地上建筑规模万平方米。朝阳小红门、昌平朱辛庄等热点板块再迎供应。据悉，这宗用地将最晚于月日组织发布出让公告。月日，中国人民银行授权全国银行间同业拆借中心公布最新一期贷款市场报价利率：年期为，年期以上为，均维持不变。以上在下一次发布之前有效。截至目前，今年以来已经历了次下调。其中，月份，年期和年期以上同步下调个基点；月份，年期以上保持不变，年期单独下调个基点。;0.0051085568326947;0.2438097653140272;0.5265868594358394;0.007998435473967617
新的贷款利率出炉：均不变中国人民银行授权全国银行间同业拆借中心公布，年月日贷款市场报价利率（）为：年期为，年期以上为。以上在下一次发布之前有效。;0.0006385696040868;0.8980433784966582;0.6668624671347368;0.004663667017810828
中国人民银行授权全国银行间同业拆借中心公布，年月日贷款市场报价利率（）为：年期为，年期以上为。和上个月保持不变，以上在下一次发布之前有效。;0.0002128565346956;-0.9882324819185866;0.6665968906842651;-0.0017099960140024501
央行公布最新利率据微信公众号“中国人民银行”消息，中国人民银行授权全国银行间同业拆借中心公布，年月日贷款市场报价利率（）为：年期为，年期以上为。以上在下一次发布之前有效。（来源于“中国人民银行”）;0.0007449978714346;0.0;0.6668624671347368;0.0
维持不变月日，中国人民银行授权全国银行间同业拆借中心公布了月份贷款市场报价利率（）。年月日贷款市场报价利率（）为：年期为，年期以上为。;0.0003192848020434;-0.6000000000000001;0.6665968906842651;-0.0015573222301035357
协会的意思是涨还是跌？也不明确说一下哈。钢铁产业降本增效优化供给总体保持平稳态势中钢协：钢材需求将在减量后实现新的平衡钢铁业产业链长，涉及面广。今年以来，面对传统市场需求恢复不足、阶段性供需矛盾加大、行业盈利能力下降等困难，广大钢铁企业努力提升供给能力、推进降本增效。前个月，钢铁行业工业增加值同比增长，较工业平均水平高个百分点，总体保持平稳增长态势。受访企业和专家普遍认为，钢铁企业持续承压的主因来自需求端：上半年，我国粗钢表观消费量同比下降。面对市场供需的变化，不少企业积极降本增效、改善生产经营。“面临各种困难，钢铁企业顶住了压力，总体保持平稳态势。”中国钢铁工业协会会长谭成旭说。谭成旭认为，下一步，随着推进基础设施建设、提振大宗消费、调整优化房地产政策等举措落地见效，市场预期将进一步增强，钢材需求将在减量后实现新的平衡。（人民日报）明出库存了，把明天主力动作小定义一下把黑色品种点个名我觉得有时候我的小闲钢还是很精彩的，比如这两天都不错，同学不要错过参考机会我看就小闲一曲就大致行了，盘中再观察小定自己的策略就可以了。截至月日，上交所融资余额报亿元，较前一交易日减少亿元；深交所融资余额报亿元，较前一交易日增加亿元；两市合计亿元，较前一交易日增加亿元中国一年期贷款市场报价利率（）维持在不变，五年期贷款市场报价利率（）维持在不变。日山东市场部分钢厂对焦炭采购价上涨元吨，调整后具体情况如下：准一级干熄冶金焦：灰分，硫份，，全水，调整后执行元吨；到厂现汇含税价，以上价格为钢厂基准价格，年月日时起执行。唐山永旺带钢价格涨日唐山永旺带钢价格涨，现报，出厂含税唐山瑞兴钢铁型材价格稳日唐山瑞兴钢铁型材价格稳，槽钢，现报，，现报；工字钢，现报，，报，出厂含税。今日陕钢西安区域价格大螺纹配送价元吨，线盘加价元吨;0.0011707109408258;-0.2137953226307388;0.5454916921670683;-0.0016650286843477166
年月日全国银行间同业拆借中心受权公布贷款市场报价利率（）公告中国人民银行授权全国银行间同业拆借中心公布，年月日贷款市场报价利率（）为：年期为，年期以上为。以上在下一次发布之前有效。;0.0002128565346956;0.9967559969423788;0.6665968906842651;0.0017247447466970868
月报价出炉：年期和年期利率均维持不变据央行官网，年月日贷款市场报价利率（）为：年期为，年期以上为。以上在下一次发布之前有效。;0.0029799914857386;0.524564799569845;0.9232949057186924;0.0176011202215431
年月日贷款市场报价利率（）;0.0027671349510429;-0.5006887006269519;0.4838460200791944;-0.008175061074160385
月维持不变中国人民银行授权全国银行间同业拆借中心公布，年月日贷款市场报价利率（）为：年期为，年期以上为。以上在下一次发布之前有效。;0.0006385696040868;0.8011725162634524;0.6668624671347368;0.004160602849640939
拿诺奖在东莞买房补贴万东莞特色人才购房补贴升至万广东城市东莞的人才购房补贴，最高已经提升到万元。最近，东莞市人力资源和社会保障局发布消息称，年东莞特色人才的住房补贴、生活补助、引进人才奖励、创业贷款贴息的申报工作，已经开始。其中最受关注的是，东莞将特级人才的购房补贴，从原标准的万元提高到了万元。此外，其他层次人才的购房补贴标准也均有大幅提升。在人才争夺战越来越激烈的今天，大幅度提升人才补贴，能奏效吗？在不少业内专家看来，东莞尽管地处珠三角区域，但作为普通地级市，在“科教文卫”层面，存在先天短板。拿到诺贝尔奖，到东莞买房补贴万来源中国新闻周刊查看图片;0.0047892720306513;0.535402244013452;0.611206330855132;0.01911275264278991
拿诺奖在东莞买房补贴万东莞特色人才购房补贴升至万广东城市东莞的人才购房补贴，最高已经提升到万元。最近，东莞市人力资源和社会保障局发布消息称，年东莞特色人才的住房补贴、生活补助、引进人才奖励、创业贷款贴息的申报工作，已经开始。其中最受关注的是，东莞将特级人才的购房补贴，从原标准的万元提高到了万元。此外，其他层次人才的购房补贴标准也均有大幅提升。在人才争夺战越来越激烈的今天，大幅度提升人才补贴，能奏效吗？在不少业内专家看来，东莞尽管地处珠三角区域，但作为普通地级市，在“科教文卫”层面，存在先天短板。拿到诺贝尔奖，到东莞买房补贴万;0.0046828437633035;0.5350661774406922;0.3652066147745876;0.011159416967138723
拿诺奖在东莞买房补贴万东莞特色人才购房补贴升至万广东城市东莞的人才购房补贴，最高已经提升到万元。最近，东莞市人力资源和社会保障局发布消息称，年东莞特色人才的住房补贴、生活补助、引进人才奖励、创业贷款贴息的申报工作，已经开始。其中最受关注的是，东莞将特级人才的购房补贴，从原标准的万元提高到了万元。此外，其他层次人才的购房补贴标准也均有大幅提升。在人才争夺战越来越激烈的今天，大幅度提升人才补贴，能奏效吗？在不少业内专家看来，东莞尽管地处珠三角区域，但作为普通地级市，在“科教文卫”层面，存在先天短板。（中国新闻周刊）;0.0022349936143039;-0.0459968953358684;0.4657327993677531;-0.0005838850188193449
拿诺奖在东莞买房补贴万东莞特色人才购房补贴升至万广东城市东莞的人才购房补贴，最高已经提升到万元。最近，东莞市人力资源和社会保障局发布消息称，年东莞特色人才的住房补贴、生活补助、引进人才奖励、创业贷款贴息的申报工作，已经开始。其中最受关注的是，东莞将特级人才的购房补贴，从原标准的万元提高到了万元。此外，其他层次人才的购房补贴标准也均有大幅提升。在人才争夺战越来越激烈的今天，大幅度提升人才补贴，能奏效吗？在不少业内专家看来，东莞尽管地处珠三角区域，但作为普通地级市，在“科教文卫”层面，存在先天短板。房产周边事;0.0003192848020434;-0.1024519770412688;0.6665968906842651;-0.0002659179022740415
拿诺奖在东莞买房补贴万东莞特色人才购房补贴升至万东莞为了发展、引进人才，并提供住房补贴、生活补助、创业贷款等等优惠政策，这本是很好的事情，但大可不必靠“拿诺贝尔的特殊人才给与补贴万”这类噱头来博眼球，毕竟那啥建国多年也就莫言一个人拿过，而拿这种几乎零概率的东西来说事就陷入“虚空”了;0.0001064282673478;0.2007674246812303;0.6666854161677557;0.00017372283077357365
拿诺奖在东莞买房补贴万东莞特色人才购房补贴升至万广东城市东莞的人才购房补贴，最高已经提升到万元。最近，东莞市人力资源和社会保障局发布消息称，年东莞特色人才的住房补贴、生活补助、引进人才奖励、创业贷款贴息的申报工作，已经开始。其中最受关注的是，东莞将特级人才的购房补贴，从原标准的万元提高到了万元。此外，其他层次人才的购房补贴标准也均有大幅提升。在人才争夺战越来越激烈的今天，大幅度提升人才补贴，能奏效吗？在不少业内专家看来，东莞尽管地处珠三角区域，但作为普通地级市，在“科教文卫”层面，存在先天短板。;0.0004257130693912;0.8406019643936544;0.6665968906842651;0.0029090847240420864
转发拿诺奖在东莞买房补贴万东莞特色人才购房补贴升至万广东城市东莞的人才购房补贴，最高已经提升到万元。最近，东莞市人力资源和社会保障局发布消息称，年东莞特色人才的住房补贴、生活补助、引进人才奖励、创业贷款贴息的申报工作，已经开始。其中最受关注的是，东莞将特级人才的购房补贴，从原标准的万元提高到了万元。此外，其他层次人才的购房补贴标准也均有大幅提升。在人才争夺战越来越激烈的今天，大幅度提升人才补贴，能奏效吗？在不少业内专家看来，东莞尽管地处珠三角区域，但作为普通地级市，在“科教文卫”层面，存在先天短板。;0.0047892720306513;-0.2824942389803538;0.4124726733883065;-0.006805499166333307
成都住房限购限价措施有新调整月日，成都住建局发布《关于进一步优化政策措施促进房地产市场平稳健康发展的通知》。其中提到：调整住房限购措施，四川天府新区直管区、成都高新区南部园区、锦江区、青羊区、金牛区、武侯区、成华区继续实施住房限购，统一为一个限购区域。其他区域不再审核购房资格；在限购区域范围内，购买平方米以上（不含平方米）住房，不再审核购房资格，更好满足居民改善型住房需求。调整住房限价措施，成品住宅装修价格由企业根据市场情况自主确定（土地出让合同等有约定的除外），严格落实样板间、销售现场、装修清单等管理要求，鼓励优质优价；不再执行二手住房成交参考价格发布机制。;0.0002128565346956;0.9922006323582584;0.6666854161677557;0.0017170903379598028
成都住房限购限价措施有新调整月日，成都住建局发布《关于进一步优化政策措施促进房地产市场平稳健康发展的通知》。其中提到：调整住房限购措施，四川天府新区直管区、成都高新区南部园区、锦江区、青羊区、金牛区、武侯区、成华区继续实施住房限购，统一为一个限购区域。其他区域不再审核购房资格；在限购区域范围内，购买平方米以上（不含平方米）住房，不再审核购房资格，更好满足居民改善型住房需求。调整住房限价措施，成品住宅装修价格由企业根据市场情况自主确定（土地出让合同等有约定的除外），严格落实样板间、销售现场、装修清单等管理要求，鼓励优质优价；不再执行二手住房成交参考价格发布机制。（成都住建）法治君播报成都区域外取消限购成都出台《关于进一步优化政策措施促进房地产市场平稳健康发展的通知》;0.0017028522775649;0.4947974333591543;0.7567720009360612;0.0077759806427998126
成都住房限购限价措施有新调整成都区域外取消限购月日，成都住建局发布《关于进一步优化政策措施促进房地产市场平稳健康发展的通知》。其中提到：调整住房限购措施，四川天府新区直管区、成都高新区南部园区、锦江区、青羊区、金牛区、武侯区、成华区继续实施住房限购，统一为一个限购区域。其他区域不再审核购房资格；在限购区域范围内，购买平方米以上（不含平方米）住房，不再审核购房资格，更好满足居民改善型住房需求。调整住房限价措施，成品住宅装修价格由企业根据市场情况自主确定（土地出让合同等有约定的除外），严格落实样板间、销售现场、装修清单等管理要求，鼓励优质优价；不再执行二手住房成交参考价格发布机制。（成都住建）成都出台《关于进一步优化政策措施促进房地产市场平稳健康发展的通知》成都调整住房限购措施;0.000532141336739;-0.2939442592994965;0.6666854161677557;-0.0012717408936292424
成都市房地产市场平稳健康发展领导小组办公室印发《关于进一步优化政策措施促进房地产市场平稳健康发展的通知》。一、加大住房保障力度（一）进一步发挥好现有公共租赁住房、租赁补贴、保障性租赁住房等兜底保障作用。规划建设保障性住房，重点保障住房困难的工薪收入群体以及城市需要的人才群体。二、优化土地供应方式（二）中心城区商品住宅用地实施“竞地价”拍卖，新出让土地所建商品住房由企业根据市场情况自主定价。（三）除控制性详细规划明确的宗地内需叠建以及宗地周边绿地、道路、养老托育等公服配套设施外，原则上新出让住宅类用地不再设置配建要求。（四）调整新出让土地商业物业持有比例，在产业功能区（园区）内的，计容商业建筑面积持有比例不低于；在锦江区、青羊区、金牛区、武侯区、成华区产业功能区（园区）外的，计容商业建筑面积持有比例不低于；其他区（市）县的产业功能区（园区）外的，计容商业建筑面积持有比例，由属地政府按照相关规定制定并实施。宗地项目计容商业建筑面积持有比例部分，由区（市）县政府（管委会）自主确定自持或整体有条件转三、调整住房限购措施（五）四川天府新区直管区、成都高新区南部园区、锦江区、青羊区、金牛区、武侯区、成华区继续实施住房限购，统一为一个限购区域。其他区域不再审核购房资格。（六）在限购区域范围内，购买平方米以上（不含平方米）住房，不再审核购房资格，更好满足居民改善型住房需求。（七）在限购区域范围内，购买平方米以下（含平方米）住房，须同时符合以下条件：居民家庭成员具有限购区域户籍，或户籍不在限购区域但在限购区域连续缴纳社保个月以上；新购房后，本地户籍两人及以上居民家庭在限购区域拥有自有产权住房总套数不超过套，本地户籍单身居民家庭、非本地户籍居民家庭在限购区域拥有自有产权住房总套数不超过套。在此基础上，二孩居民家庭总套数可增加套，三孩及以上居民家庭总套数可增加套。四、调整住房限价措施（八）成品住宅装修价格由企业根据市场情况自主确定（土地出让合同等有约定的除外），严格落实样板间、销售现场、装修清单等管理要求，鼓励优质优价。（九）不再执行二手住房成交参考价格发布机制。五、落实信贷支持政策（十）落实差别化住房信贷政策。人民银行四川省分行指导四川省市场利率定价自律机制研究并决议通过，调整成都市差别化住房信贷政策。（十一）优化家庭住房套数认定标准。生育多子女家庭商业贷款购买第三套住房认定为二套住房。六、调整住房税收政策（十二）个人转让住房增值税征免年限统一调整为年。七、强化市场秩序监管（十三）加强预售资金监管。加大全过程监督监管力度，督促开发企业、商业银行、购房人将预售资金全部直接存入监管账户，确保监管额度内资金专款专用于工程建设，保障建设质量，严厉打击违法违规行为，鼓励购房人参与监督，确保商品房竣工交付。（十四）持续规范房地产市场秩序。强化部门联动，健全联合执法和惩戒机制，加大市场乱象整治力度，严厉查处捂盘惜售、囤积房源、恶意炒作、哄抬房价、发布虚假信息等扰乱市场秩序的行为，保障购房人合法权益。本通知自年月日起正式实施，凡以前规定与本通知不一致的，按本通知执行。;0.0003192848020434;-0.4132715044513801;0.6666854161677557;-0.0010728039533107487
基金超话成都出台《关于进一步优化政策措施促进房地产市场平稳健康发展的通知》，调整住房限购措施，四川天府新区直管区、成都高新区南部园区、锦江区、青羊区、金牛区、武侯区、成华区继续实施住房限购，统一为一个限购区域。其他区域不再审核购房资格。在限购区域范围内，购买平方米以上（不含平方米）住房，不再审核购房资格，更好满足居民改善型住房需求。调整住房限价措施，成品住宅装修价格由企业根据市场情况自主确定（土地出让合同等有约定的除外），严格落实样板间、销售现场、装修清单等管理要求，鼓励优质优价。不再执行二手住房成交参考价格发布机制。个人转让住房增值税征免年限统一调整为年。文章来源：证券时报车辆转弯请注意，车辆转弯请注意;0.003299276287782;-0.1064757358070901;0.4897095877207874;-0.0020979428094447003
武汉取消住房限购今天（月日），武汉市住房保障和房屋管理局发布进一步促进武汉市房地产市场平稳健康发展的通知，全文如下：关于进一步促进我市房地产市场平稳健康发展的通知武房发号各区人民政府，各有关单位：为贯彻落实党中央、国务院决策部署，适时调整优化房地产政策，因城施策，用好政策工具箱，更好满足居民刚性和改善性住房需求，促进全市房地产市场持续平稳健康发展。结合我市当前实际，经市人民政府同意，现就有关事项通知如下：一、取消住房限购。年月日起，取消我市二环线以内住房限购政策满足居民刚性和改善性购房需求。二、优化家庭住房贷款套数认定标准。对生育多子女家庭在购房贷款时，购买的第二套住房认定为首套住房，购买的第三套住房认定为第二套住房。对已有两套住房的家庭，在挂牌出售或出租一套的前提下新购一套住房的，购房贷款时认定为第二套住房。三、支持居民换购住房。年月日起至月日前，对出售原有住房并在半年内购买新建商品住房和购买新建商品住房后至房屋交付前出售原有住房的纳税人，由购买新建商品住房所在区财政部门对其出售原有住房已缴纳的增值税按计税价格的给予补助。四、给予购房优惠支持。年月日前，对购买首套新建商品住房的，可享受万元家电家具数字消费券或购房消费券。持续开展线上线下房交会，对房交会期间购买首套住房的，按契税应缴额度给予补助优惠，购买第二套住房的，按契税应缴额度的给予补助优惠。五、阶段性调整住房公积金贷款额度。年月日前，住房公积金缴存职工在我市购买普通自住住房的，贷款额度可按职工家庭当前可贷款额度上浮，同时不超出我市公积金贷款的最高贷款额度（即家庭首套房贷款最高可贷额度万元，家庭二套房贷款最高可贷额度万元）。贷款额度上浮政策与其他住房公积金贷款上浮政策不叠加使用。六、盘活企业资产。对土地出让合同中约定由房地产开发企业自持的商办类房屋，在不改变房屋规划用途和不影响原土地出让合同履行的情况下，经辖区政府批准同意，允许以新建商品房形式整体转让。整体转让后，原土地出让合同约定的相关权利和义务由新的受让方承担。七、加强精准供地，鼓励居住户型设计创新。结合各区新房库存情况，实施土地精准投放，加快中心城区地段好、配套齐全的住宅净地供应，加快项目审批、开工建设、上市销售。支持企业转型发展，优化住宅阳台进深、面积比例控制要求等技术规范，推进新型住宅设计创新。八、加快盘活存量用地。对已出让尚未建设且没有法律纠纷的存量国有建设用地，由辖区政府组织开展土地收回和规划优化可行性研究，报市政府同意并按程序完善相关工作后，可重新实施土地供应。存量用地收回应符合相关规定，且规划优化后，可以满足公共服务设施和基础配套设施承载力、不影响重点功能区核心功能实施。九、积极助企纾困。因疫情影响，对年月日前未按土地出让合同或储备土地开发补偿协议约定缴付土地价款的项目按照省、市相关助企纾困文件要求执行，可延期缴纳。十、建立房地产开发企业“白名单”管理。在我市注册且经营状况良好，近三年未发生债务违约行为、集团及所属企业在我市未发生过重大质量安全事故、未因自身经营原因引起群体性信访、无被法院列为“失信”“限高”记录的房地产开发企业，可以纳入“白名单”管理。在风险可控前提下，对纳入“白名单”的房地产开发企业可申请提前办理预售许可。本《通知》自发布之日起执行，由市住房保障和房屋管理局负责解释。各区可结合实际制定促进本辖区房地产市场平稳健康发展的支持政策，相关措施可与本《通知》叠加使用。武汉市住房保障和房屋管理局武汉市自然资源和规划局武汉市城乡建设局武汉市财政局武汉市商务局武汉住房公积金管理中心年月日（长江云新闻）;0.0015964240102171;-0.2677351839017603;0.611973539073428;-0.0031898630983046446
重磅无锡房地产“条”出炉刚刚，无锡市房地产调控领导小组办公室发布《关于促进我市房地产市场平稳健康发展若干政策措施的通知》。本次政策措施和以往有较大不同，政策措施对我市房地产各个方面进行了优化和调整，既有调控政策，也有土地出让、规划、开发建设、价格备案、住房体系、建筑品质等方面系列小切口政策，还涉及到了近期中央和省出台的相关政策（如城中村改造、保障房体系）。划重点政策措施主要分为六个方面：优化土地出让政策、用足用好房地产调控工具箱、进一步满足各群体的住房需求、加快城市更新建设和推动存量改造、进一步优化营商环境、调整改进相关管理办法。政策措施主要条款的解读一是优化土地出让政策。土地出让金可用保函方式代替；预申请的企业竞得地块后，可分期办理工程规划许可证；对有特殊要求的地块可以带方案挂牌或带监管协议挂牌出让。二是用足用好房地产调控工具箱。全面取消限购区域和历年来购房限制性措施，但仍保留限售政策；落实“认房不认贷”政策；降低购买首套房首付比例，首套住房商业性个人住房贷款最低首付款不低于，二套住房商业性个人住房贷款最低首付款比例不低于；指导商业银行有序下调存量房贷利率。三是进一步满足各群体的住房需求。加强各类保障房筹集和建设工作统筹，优先保障和解决新市民、青年人、新就业人群、常住人口等刚需人群的住房需求。加快推进人才房多渠道、多方式供应；支持产业园区、院校、企事业等单位集中团购商品住房解决职工住房问题。原则上不再新建拆迁安置房，建立房票购房“房源信息库”，推进房票跨区域的全城通兑使用。探索建立商品房共有产权模式，有效满足各类人才、新就业群体的住房需求。四是加快城市更新建设和推动存量改造。推动城中村改造，城中村改造项目内土地可实施综合评价出让或带设计方案出让，鼓励和支持民间资本参与。加快解决城中村公共配套设施不足等问题，切实提升百姓居住品质。引导商办资源与产业落地相结合，助力新兴产业集聚和楼宇经济发展，鼓励支持存量商办的改造利用。五是进一步优化营商环境。实行商品住房“优质优价”备案管理，给予企业更高的定价自由度。积极为企业减负，取消交付样板房需要按不同户型设置多套的规定，按备案价格标准设置一套即可；在区域平衡下，对去化周期较长、区位比较偏的开发项目，可以适当调整商品住房的成品房比例，允许毛坯销售。进一步完善二手房“带抵押”过户，推进同行和跨行“带抵押”过户，加快二手房流通。逐步推进优化土地抵押分期分幢解押方式，确保已预售的在建商品房无土地抵押，加快商品房办证时效，进一步推进交付即办证，解决好原有的办证晚、办证难问题。激励企业参与城中村连片改造、高品质住区、海绵城市、加装电梯等项目试点，对发展业绩较好、试点项目较多的企业，给予表彰奖励。进一步优化营商环境，对新出让地块周边配套设施，明确了应同步规划同步实施。六是调整改进相关管理办法。对预售监管银行实施招投标制度；进一步完善农民工工资与预售监管资金联动监管；建立开发贷与预售监管资金联动监管机制和应急情况下预售监管资金的使用与管理机制，加强监管力度。优化高品质住宅项目的标准和认定方法。进一步提升商品住房建设品质，建立竣工验收公示制，推进建筑工程质量保险，推广前期物业管理介入竣工验收开展预承接查验，试点在项目内设立房屋质量售后服务中心，督促企业做好售后质量维护。通知还明确了，相关政策措施能够直接落实的，自公布之日起实施；需要相关部门出台配套政策实施的，以相关部门的另行通知为准。通知原文如下：关于促进我市房地产市场平稳健康发展若干政策措施的通知各区人民政府、经开区管委会，各相关部门：为深入贯彻落实中央和省有关工作要求，全面落实好市委市政府《关于促进全市经济持续回升向好努力走在前做示范多作贡献的若干政策措施》（锡委发号），持续推动我市房地产市场平稳健康发展，现就有关工作要求通知如下：一、优化土地出让政策进一步完善使用银行保函缴纳竞买保证金政策，支持房地产开发企业使用见索即付银行保函作为参与土地竞买的履约保证方式；预申请的企业竞得地块后，可分期办理工程规划许可证。对城市更新重点片区、有特殊要求的重点地块可采取带方案挂牌的方式；对市重大项目可采取带监管协议挂牌的方式。二、用足用好房地产调控工具箱全市域取消限购政策。将经开区太湖街道、华庄街道移出限购区域；取消现有的购房限制性措施，居民家庭（含非本市户籍居民家庭）在市区范围内购买商品住房（含二手住房）的，房地产企业、房地产经纪机构不再对购房资格进行核验；取消企事业单位购买新建商品住房的套数限制。落实“认房不认贷”政策。居民家庭（包括借款人、配偶及未成年子女）申请贷款购买商品住房时，家庭成员在我市名下无成套住房的，不论是否已利用贷款购买过住房，银行业金融机构均按首套住房执行住房信贷政策。降低购买首套房首付比例。按照人民银行、国家金融监管总局关于调整优化差别化住房信贷政策的通知，对于贷款购买商品住房的居民家庭，首套住房商业性个人住房贷款最低首付款不低于，二套住房商业性个人住房贷款最低首付款比例不低于。指导商业银行有序下调存量房贷利率。三、进一步满足各类群体的住房需求进一步加强各类保障房筹集和建设工作统筹，优先保障和解决新市民、青年人、新就业人群、常住人口等刚需人群的住房需求。加快推进人才房多渠道、多方式供应，对各类人才实施分档分类购房补贴；支持产业园区、院校、企事业等单位集中团购商品住房解决职工住房问题。进一步落实房票购房政策，原则上不再新建拆迁安置房。建立房票购房“房源信息库”，推进房票全城通兑，有效满足被征收群众多样化安置需求。采取租售并举、租售一体的方式，探索建立商品房共有产权模式，有效满足各类人才、新就业群体的住房需求。四、加快城市更新建设，推动存量改造推动城中村改造工作。实施区域统筹和成片开发，积极创新改造模式，鼓励和支持民间资本参与；城中村改造项目内土地可实施综合评价出让或带设计方案出让；促进各种新业态发展，实现可持续运营；加快解决公共配套设施不足等问题，切实提升百姓居住品质。促进商办市场良性发展。优化商办用地供应时序和布局，引导商办资源与产业落地相结合，助力新兴产业集聚和楼宇经济发展；鼓励支持存量商办的改造利用。五、进一步优化营商环境实行商品住房“优质优价”备案管理。优化商品住房价格备案流程，给予企业更高的定价自由度；取消交付样板房需要按不同户型设置多套的规定，按备案价格标准设置一套即可；在区域平衡下，对去化周期较长、区位比较偏的开发项目，可以适当调整商品住房的成品房比例，允许毛坯销售。优化行政审批服务时限。对所有房地产企业的各项行政服务承诺办结时限在法定办结时限的基础上压缩以上；支持新建项目在申领商品房预销售证时，可按施工形象进度或投资额进度两种方式进行办理；进一步压缩商品房预销售许可办理时间，满足条件的即时即办。进一步完善二手房“带抵押”过户。推进同行和跨行“带抵押”过户；增加二手房交易资金监管服务银行，由原先的家扩容至家。优化土地抵押分期分幢解押方式。确保已预售的在建商品住房无土地抵押，加快商品住房办证时效，进一步推进交付即办证。支持房地产企业总部（或区域总部）落户无锡；激励企业参与城中村连片改造、高品质住区、海绵城市、加装电梯等项目试点。对发展业绩较好、试点项目较多的企业，由市政府给予表彰奖励。对新出让地块周边配套设施，应同步规划同步实施。加快推进既有在建项目教育配套设施方案落实；对新建项目，教育配套设施具备条件的应在土地出让前公布，最晚应在首次预售之前明确实施方案；周边规划道路命名原则上应在项目领取规划许可证后一个月内完成。六、调整改进相关管理办法优化商品房预售监管资金管理办法。对预售监管银行实施招投标制度；进一步完善农民工工资与预售监管资金联动监管；建立开发贷与预售监管资金联动监管机制和应急情况下预售监管资金的使用与管理机制。优化高品质住宅项目认定标准。进一步优化高品质住宅的容积率、层高、车位配比、建筑风貌、绿色建筑、施工工艺等指标，高品质住宅的认定采用专家对各项指标综合评定方式来确定。实施商品住房建设品质提升行动。建立竣工验收公示制，推进建筑工程质量保险，推广前期物业管理介入竣工验收开展预承接查验，试点在项目内设立房屋质量售后服务中心。各地区各部门要加强统筹协调，因地制宜、灵活施策，进一步细化政策落地的配套措施，加大各类群体住房需求保障，合力提升营商环境，促进房地产市场平稳健康发展。本通知相关政策措施能够直接落实的，自公布之日起实施；需要相关部门出台配套政策实施的，以相关部门的另行通知为准。无锡市房地产调控领导小组办公室年月日（来源：无锡市住房和城乡建设局网站、江南晚报）;0.0006385696040868;0.1672965274452953;0.6667739416512463;0.0008686793343565047
锡锡相关无锡取消限购区域和历年来购房限制性措施仍保留限售政策刚刚，无锡市房地产调控领导小组办公室发布《关于促进我市房地产市场平稳健康发展若干政策措施的通知》。政策措施主要分为六个方面：优化土地出让政策、用足用好房地产调控工具箱、进一步满足各群体的住房需求、加快城市更新建设和推动存量改造、进一步优化营商环境、调整改进相关管理办法。全面取消限购区域和历年来购房限制性措施，但仍保留限售政策；落实“认房不认贷”政策；降低购买首套房首付比例，首套住房商业性个人住房贷款最低首付款不低于，二套住房商业性个人住房贷款最低首付款比例不低于；指导商业银行有序下调存量房贷利率。（无锡市住房和城乡建设局网站、吾爱吾锡）无锡全面取消房地产限购;0.0004257130693912;-0.9184371135022528;0.6665968906842651;-0.0031784500751315167
限购会从此退出历史舞台吗为支持刚性和改善性购房需求，进一步提振市场信心，各地楼市政策落地节奏加快。月以来全国已有超省市优化楼市政策，同时，越来越多的城市跟进解除限购限售政策。限购作为有形之手对市场的干预，在特殊时期、特殊阶段、特殊情况下确实发挥了非常重要的作用。如果没有限购政策，今天的房价，可能更加没谱，房企的负债，也会更多，市场的风险，则更大。在退出限购政策的同时，必须对限购政策的作用予以正确的评估和评价，而不应当否认限购政策对房地产市场的正面作用，更不能认为限购政策对房地产市场有什么负面影响。也许有人会认为，限购政策限制了刚需，也限购了市场的正常交易。显然，这是非常错误的，也是机械教条的。限购政策的作用，就是防止炒房，防止房产投机，而不是限制刚需。真正的刚需，并不在限购政策调控范畴，也没有受到消费限制。尤其在房地产市场十分火爆时，如果没有限购政策的及时出手，有些城市可能就会从“火爆”快速转向“雷暴”，爆发严重的房地产市场风险，甚至出现美国那样的次贷危机。肯定限购的作用，既是理性的，也是客观的，更是公正的。今天的房地产市场，能够处于比较平稳的格局，广大居民也可以不再为房价的过快上涨而担忧，不再为了买房而负债累累，不再对房地产市场心存恐惧心理，与限购政策的出台是密不可分的，是限购政策让炒房行为得到有效遏制。那么，限购政策是否可以全面退出，甚至退出历史舞台呢？笔者认为，限购政策确实已经到了全面退出的时刻了，退出历史舞台的条件，也基本具备。今后，再出台限购政策的可能性已经越来越小，甚至几乎没有什么可能了。首先，“房住不炒”定位，让限购政策失去了应有的作用，也让限购政策没有存在的价值。所谓“房住不炒”，就是明确房子的属性是居住，而不是炒作或投机。只要坚持“房子是用来住的、不是用来炒的”定位，就不能容忍对房子的炒作行为，就要打击，就得遏制。自然，要不要限购政策也就不重要了。限购的目的也是为了遏制炒房，“房住不炒”定位是非常明确的遏制炒房要求。如果继续存在炒房现象，就是与“房住不炒”定位对着干，就得打击和整治。房子必须回归居住属性，也只能回归居住属性。房子只要回归到居住属性，限购政策也就无用武之地了。其二，全面退出限购政策，并不是限购政策出现了问题，而是市场出现了变化，是市场不再属于政策主导型，而是市场主导型。所谓的市场主导，就是由广大居民根据其购房意愿决定市场走向，购房热情高，市场交易多，房价也可能出现同步上涨。反之，则市场交易量下降，房价也随之下跌。而目前的居民购房意愿，已经不足以支撑房价的快速上涨，不足以让市场再次出现供不应求现象。没有供不应求，房价就不可能上涨，而可能下跌。那么，继续实施限购政策，既没有效果，也没有意义，更不符合市场化需要，不适应市场变化。在这样的情况下，全面退出限购政策，也就十分正常，也是一种趋势。第三，限购政策是否已经到了退出历史舞台的时刻，有没有可能再次出台限购政策。我们的观点是，限购政策退出历史舞台的条件已经成熟，时机也已经到来。因为，限购政策作为一种行政手段，只有在无形之手没有能力对市场实施有效调节的情况下才能使用。出台限购政策，就是因为地方过于追求房地产市场火热、过于追求土地出让收入、过于在乎房价上涨，理性的想法当然是让地方冷静、让市场稳定、让房价平静。什么手段最有效，当然是限购。只要市场不再出现炒作现象，房价就会很快平稳。因此，只要不再出现地方用行政手段过于干预市场、推动房价上涨现象，限购政策也不会再出现在房地产市场。这是市场的进步，也是购房者的胜利，购房者用理性让市场平稳，用市场平稳让房价不再快速上涨，让房价不再快速上涨与消费者需求建立平衡关系，最终让限购等行政手段不再出现在房地产市场，并退出历史舞台。尽管如此，房地产市场并没有完全达到完全平稳的状态，今后，仍然会出台一些调控手段和调节措施。但是，像限购等十分强硬的政策手段，应当不会再有。对广大居民来说，已经有足够的力量对付房价的上涨，也有足够的手段对付开发商和炒房者，那就是等待观望或停止购房，那么，无论是购房者还是炒房者，就只能老老实实地按照市场规律办事。;0.0003192848020434;0.2877814258285525;0.6667739416512463;0.0007471457454807531
实时快报：多地优化土地出让条件业内：对房企销售去化形成利好云财经讯，近日，江苏南京、浙江嘉兴等地区相继出台了一系列优化土地市场的政策，旨在加快房地产项目的开发和上市进程，以减轻房企在开发资金方面的压力。其中一些地区强调增加优质地块的出让比例，减少非优质地块的出让数量。业内人士认为，这一举措对于房企销售去化形势非常有利，同时也能够吸引房企积极参与土地竞拍。;0.0002128565346956;0.9144723379896132;0.6665968906842651;0.001582364556406643
南京市优化土地出让政策：缩短项目开发上市周期，取消两项预售限制今日看盘股超话月日，南京市规划和自然资源局发布关于进一步优化土地市场服务管理的通知，通知指出，在缩短项目开发上市周期方面，为加快项目上市节奏，南京市取消相关调控政策。取消《关于进一步完善住宅用地出让工作的通知》中的“在竞得土地后个月内，住宅部分不得申领预售许可证”的要求；取消《关于加强我市住宅类用地出让管理有关工作的通知》中的“网上交易达到最高限价须通过摇号确定竞得人的地块，对商品住宅预售条件提高至完成工程建设总投资”的要求。（南京市规划和自然资源局官网）茅台巧克力即将上线;0.0004257130693912;0.9114111469085282;0.7127880850717205;0.003372697983501952
多城全面取消住房限购政策，业内人士：沈阳房地产市场由卖方市场转向买方市场本周，国内多个城市对当地房地产市场政策进行调整优化，以促进住房消费。其中，辽宁沈阳在本周宣布全面取消当地住房限购政策。记者了解到，限购政策取消后，沈阳市二环路内多个在售的新房项目举办了专门的集中销售、认筹活动，专门面向此前受限购政策影响无法获得购房资格的客户。业内人士告诉记者：当下，沈阳房地产市场的供需关系和前几年相比已经出现明显变化，由开发商主导的卖方市场转向购房人主导的买方市场，购房人的偏好也有明显变化。数据显示，今年月，沈阳新房及二手房平均销售价格指数，较去年同期分别下降和。为了对冲房地产市场的下行压力，沈阳本周下调首套及二套房首付款比例下限至和；针对高层次人才、二孩三孩家庭，推出多项公积金贷款优惠政策，并为高校毕业生等人才提供多类型的购房补贴。央视财经的微博视频;0.0001064282673478;-0.3179783804613012;0.6665968906842651;-0.00027510822254705786
周末突发爆炸性大消息，重庆发生大事了，会改变未来整个股的战局吗，不管空仓满仓，请抽几分钟看看。重庆秋季房地产暨家居展示交易会正式开幕。秋交会展示商品房项目余个，提供可销售商品房面积万平方米，商品住房面积万平方米；还提供一批优质二手房源和租赁住房房源供市民选择。据悉，秋交会期间，中心城区各区政府均推出一系列购房消费补贴政策，不少商品房项目也推出了房交会专属优惠，到家了、朴墅、华谊诚祥，大泽等家中介机构也推出了八折佣金优惠。展会期间补贴政策主要分为三类：一是按照住宅元套、非住宅元套的标准给予购房补贴；二是按照实缴契税金额的一定比例（）给予购房补贴；三是对人才和多孩家庭提高补贴标准。点评：此消息对于房地产板块是重大利好，昨天沪指之所以能探底回升，全靠午后房地产反弹带动指数走强，而今天房地产早盘也出现过走强，但由于市场情绪太弱以及资金承接力太差导致板块冲高回落，目前多个省市都放开了购房限制，而政策面也是多方位利好房地产，意味着房地产未来仍然有持续活跃的预期，而目前指数仍然处于低位，所以对于优质的房地产，每每洗盘过后都是潜伏进攻的最佳时机股超话;0.0001064282673478;-0.5257059899645689;0.6665968906842651;-0.00045482979148356073
郑州出生育新政三孩补贴万，增加育儿假微信公众号“郑州发布”月日消息，月日起，《郑州市优化生育政策促进人口长期均衡发展实施办法》全面启动实施。新政将婚嫁、生育、养育、教育一体考虑，综合施策，精准施策，有针对性地减轻群众生育、养育、教育负担，让更多家庭“想生、敢生、愿生展开;0.0011707109408258;-0.900956299139338;0.6666854161677557;-0.008575512030007188
