微观集群密度;一级评论平均情绪值;微观集群信任度值;微观集群群体情绪;群体情绪指数2
5.442769281010178e-05;-0.8145235096815214;0.7032403563030086;-3.117649829454146e-05
--------;--------;--------;--------;-0.0004651444063572451
1.8142564270033927e-05;-0.8683877651650858;0.6666667543635892;-1.050318860885826e-05
1.8142564270033927e-05;-0.9062779258867424;0.6666668810369222;-1.0961473869328643e-05
--------;--------;--------;--------;-0.00032024660344304797
--------;--------;--------;--------;0.0
--------;--------;--------;--------;0.0
5.442769281010178e-05;0.639983561415294;0.8454073708654907;2.9447930117739997e-05
0.0009071282135016;0.6530512462345907;0.6471298892236337;0.0003833605296114785
0.0001814256427003;-0.2492588989276281;0.6666667891639555;-3.0147976164043025e-05
0.0001632830784303;0.9640033945596802;0.6666671608318661;0.00010493703903826737
7.257025708013571e-05;0.3069528027744492;0.6666669659498156;1.4850435872598136e-05
5.442769281010178e-05;-0.999996937501152;0.6666667112111353;-3.628501984134873e-05
1.8142564270033927e-05;-0.1618738529101069;0.6666668754688635;-1.9578717999181293e-06
9.071282135016963e-05;0.9509100857624452;0.6666667460115014;5.750649799749334e-05
--------;--------;--------;--------;0.007783786807003356
--------;--------;--------;--------;0.0
--------;--------;--------;--------;0.0
--------;--------;--------;--------;0.0
--------;--------;--------;--------;0.0
--------;--------;--------;--------;0.0
--------;--------;--------;--------;0.0
--------;--------;--------;--------;0.0
0.0001451405141602;0.5018478068076065;0.9850138224364066;7.174687878439661e-05
--------;--------;--------;--------;0.0010704428388609774
0.0028846677189353;0.4474243982445002;0.4181705982820405;0.0005397205464482425
0.0008345579564215;0.1820151292534905;0.5201687723815349;7.90147675316641e-05
0.0001995682069703;0.0928792227709306;0.5547294805209417;1.0282321395304175e-05
0.0007075600065313;0.5660790549469884;0.7756165986673911;0.0003106615166425004
0.0005987046209111;0.7482519923511814;0.6666667863799262;0.0002986546705804361
0.0003628512854006;0.2584403487223943;0.666666727915311;6.251694756581696e-05
0.0002177107712404;0.1853733659246337;0.6666697193547857;2.690530884163141e-05
3.6285128540067854e-05;0.2963037483579251;0.666669474360208;7.167643250738848e-06
7.257025708013571e-05;0.6689156688370024;0.666667279153111;3.236228443378492e-05
0.0001451405141602;-0.0145167326472985;0.6666675116195568;-1.4046458071904224e-06
5.442769281010178e-05;0.7831558135977903;0.6666741097689797;2.8417226628242955e-05
3.6285128540067854e-05;-0.288659131558459;0.6666667056430766;-6.982689536815593e-06
--------;--------;--------;--------;0.020698355013982858
1.8142564270033927e-05;-0.5358230968438349;0.6666667404434429;-6.480804031771089e-06
1.8142564270033927e-05;0.6083595075133454;0.6666677663582371;7.358146447082117e-06
1.8142564270033927e-05;0.0;0.6666667126031499;0.0
--------;--------;--------;--------;1.308969702390632e-05
--------;--------;--------;--------;0.0
--------;--------;--------;--------;0.0
--------;--------;--------;--------;0.0
--------;--------;--------;--------;0.0
--------;--------;--------;--------;0.0
--------;--------;--------;--------;0.0
--------;--------;--------;--------;0.0
--------;--------;--------;--------;0.0
--------;--------;--------;--------;0.0
--------;--------;--------;--------;0.0
0.0003628512854006;0.2560470243575682;0.5804131296702884;5.3924437943398296e-05
0.0001995682069703;0.6307404575090166;0.60255604009927;7.584718874572926e-05
0.0001088553856202;0.8181087772294653;0.6666670202383868;5.9370395770578564e-05
--------;--------;--------;--------;0.0028219446880483182
--------;--------;--------;--------;0.0
--------;--------;--------;--------;0.0
--------;--------;--------;--------;0.0
--------;--------;--------;--------;0.0
--------;--------;--------;--------;0.0
--------;--------;--------;--------;0.0
--------;--------;--------;--------;0.0
--------;--------;--------;--------;0.0
--------;--------;--------;--------;0.0
--------;--------;--------;--------;0.0
5.442769281010178e-05;0.6326483036590121;0.700896211788181;2.413437105692159e-05
3.6285128540067854e-05;-0.4087971968319749;0.7315507180618744;-1.0851281151113505e-05
1.8142564270033927e-05;-0.1420305227215095;0.6666669144452736;-1.7178658963297244e-06
1.8142564270033927e-05;0.9995157102931064;0.6666667947320141;1.2089187664242777e-05
3.6285128540067854e-05;-0.9117366197592124;0.6666666986830035;-2.20549880209465e-05
1.8142564270033927e-05;-0.9430536728053016;0.666666680586813;-1.1406274817473337e-05
--------;--------;--------;--------;-0.000146315404640434
--------;--------;--------;--------;0.0
--------;--------;--------;--------;0.0
--------;--------;--------;--------;0.0
--------;--------;--------;--------;0.0
5.442769281010178e-05;-0.0993535700230815;0.6666669436775812;-3.6050585571623736e-06
--------;--------;--------;--------;-5.378643895834813e-05
--------;--------;--------;--------;0.0
--------;--------;--------;--------;0.0
--------;--------;--------;--------;0.0
--------;--------;--------;--------;0.0
5.442769281010178e-05;-0.0191408393030224;0.666666684762857;-6.945278333274117e-07
7.257025708013571e-05;0.0037795357078336;0.6666670480786797;1.8285468992176125e-07
1.8142564270033927e-05;0.6083595075133454;0.6666666931149449;7.35813460147968e-06
1.8142564270033927e-05;0.0;0.6666667209552378;0.0
3.6285128540067854e-05;0.4112281982898178;0.6666677663582371;9.947661765176984e-06
3.6285128540067854e-05;0.0524655636156166;0.6666677663582371;1.2691485733176985e-06
--------;--------;--------;--------;0.0002694988307315961
--------;--------;--------;--------;0.0
--------;--------;--------;--------;0.0
7.257025708013571e-05;-0.0656683711416631;0.6666668573726732;-3.1770479593457705e-06
5.442769281010178e-05;-0.071324308418045;0.5706173297041012;-2.2151464873725894e-06
1.8142564270033927e-05;-0.4979397844378388;0.6666667933399995;-6.022604172201683e-06
3.6285128540067854e-05;-0.4086226311502418;0.6666668866049807;-9.884619724786993e-06
1.8142564270033927e-05;-0.2792147424319224;0.6666675380678352;-3.3771186873734e-06
--------;--------;--------;--------;-0.0003681668499083535
3.6285128540067854e-05;-0.1148045930974972;0.7358880247467428;-3.0654883160569224e-06
--------;--------;--------;--------;-4.573620582709961e-05
0.0002177107712404;-0.8481757833578596;0.6666667487955307;-0.00012310468446051666
--------;--------;--------;--------;-0.0018366865589651107
--------;--------;--------;--------;0.0
--------;--------;--------;--------;0.0
--------;--------;--------;--------;0.0
9.071282135016963e-05;-0.0631744384861605;0.6666669214053469;-3.820489161367231e-06
--------;--------;--------;--------;-5.700060174075387e-05
0.0001269979498902;-0.006685059655294;0.5701483626151564;-4.840496147452918e-07
0.0001088553856202;0.1613360886562294;0.6239282399989668;1.0957616267740183e-05
3.6285128540067854e-05;0.9521398183201388;0.6666667766358236;2.3032347596513204e-05
0.0001451405141602;-0.0195449223710366;0.6666667112111353;-1.8911735144642686e-06
--------;--------;--------;--------;0.00047168285778633693
--------;--------;--------;--------;0.0
--------;--------;--------;--------;0.0
--------;--------;--------;--------;0.0
--------;--------;--------;--------;0.0
--------;--------;--------;--------;0.0
--------;--------;--------;--------;0.0
--------;--------;--------;--------;0.0
--------;--------;--------;--------;0.0
0.0002902810283205;0.7314396356537379;0.4875325662453463;0.0001035144012405959
0.0002177107712404;0.8241740774142952;0.754710937996632;0.00013541897154255292
0.0001995682069703;0.8621747114125716;0.75155818230984;0.00012931510093375353
0.0001814256427003;0.8158573207263182;0.8517648290558415;0.00012607604842654235
0.0001814256427003;0.8758437886888704;0.7482974713750179;0.00011890485901327226
0.0001814256427003;0.8067554271259673;0.5072613440962745;7.424587570906469e-05
0.0001451405141602;0.6215086038117723;0.5741772503148521;5.179427800700167e-05
0.0001451405141602;0.7770114204679709;0.7640367269475047;8.61648814376005e-05
0.0001451405141602;0.5401546241675581;0.5383271172273004;4.2203941535220065e-05
0.0001451405141602;0.8502221688428877;0.8692199680863865;0.00010726320672981578
--------;--------;--------;--------;0.0145452515297582
1.8142564270033927e-05;-0.6214099947920322;0.6666668281403656;-7.515982332820357e-06
--------;--------;--------;--------;-0.00011213629918801265
--------;--------;--------;--------;0.0
--------;--------;--------;--------;0.0
--------;--------;--------;--------;0.0
--------;--------;--------;--------;0.0
--------;--------;--------;--------;0.0
--------;--------;--------;--------;0.0
--------;--------;--------;--------;0.0
--------;--------;--------;--------;0.0
--------;--------;--------;--------;0.0
--------;--------;--------;--------;0.0
--------;--------;--------;--------;0.0
--------;--------;--------;--------;0.0
--------;--------;--------;--------;0.0
--------;--------;--------;--------;0.0
--------;--------;--------;--------;0.0
--------;--------;--------;--------;0.0
--------;--------;--------;--------;0.0
1.8142564270033927e-05;0.9992192087855204;0.6666668685087903;1.208560280257033e-05
--------;--------;--------;--------;0.00018031372503612067
--------;--------;--------;--------;0.0
--------;--------;--------;--------;0.0
1.8142564270033927e-05;-0.1128815998089343;0.6666673960823413;-1.3653092801072433e-06
--------;--------;--------;--------;-2.0370022591687662e-05
--------;--------;--------;--------;0.0
--------;--------;--------;--------;0.0
--------;--------;--------;--------;0.0
--------;--------;--------;--------;0.0
--------;--------;--------;--------;0.0
0.0001451405141602;0.3773923683105046;0.516220093554456;2.8275915553749598e-05
--------;--------;--------;--------;0.00042186854438233163
--------;--------;--------;--------;0.0
--------;--------;--------;--------;0.0
--------;--------;--------;--------;0.0
--------;--------;--------;--------;0.0
--------;--------;--------;--------;0.0
3.6285128540067854e-05;0.0524655636156166;0.6666690163873893;1.2691509530228457e-06
1.8142564270033927e-05;0.1176186163509895;0.6666840000330407;1.4226391920613451e-06
1.8142564270033927e-05;-0.3171422833329598;0.6666677204217538;-3.835855568477916e-06
--------;--------;--------;--------;-1.70691277503573e-05
9.071282135016963e-05;-0.0631744384861605;0.6666669214053469;-3.820489161367231e-06
--------;--------;--------;--------;-5.700060174075387e-05
0.0001814256427003;-0.5413576563261484;0.5402300716704898;-5.3059323550205957e-05
1.8142564270033927e-05;-0.1424654138232608;0.6666670870550897;-1.7231263709365406e-06
--------;--------;--------;--------;-0.0008173384293073994
0.0001088553856202;-0.1614796360387517;0.6668913099902666;-1.1722567464717908e-05
--------;--------;--------;--------;-0.00017489734199281935
3.6285128540067854e-05;-0.1009921837713936;0.6666668810369222;-2.443010365354329e-06
--------;--------;--------;--------;-3.644901346461653e-05
--------;--------;--------;--------;0.0
--------;--------;--------;--------;0.0
--------;--------;--------;--------;0.0
--------;--------;--------;--------;0.0
0.0003447087211306;0.2548798890489228;0.4921806301458976;4.32426557751117e-05
--------;--------;--------;--------;0.0006451680127702701
1.8142564270033927e-05;-0.8491116449862293;0.6666676285487871;-1.0270056545585536e-05
--------;--------;--------;--------;-0.000153226295975264
--------;--------;--------;--------;0.0
1.8142564270033927e-05;-0.344259707116282;0.6666673584979457;-4.163840228968018e-06
--------;--------;--------;--------;-6.212330112162875e-05
--------;--------;--------;--------;0.0
--------;--------;--------;--------;0.0
1.8142564270033927e-05;-0.687384678280847;0.6666672165124518;-8.31395399304776e-06
1.8142564270033927e-05;-0.2869759552263111;0.666666732091355;-3.4709868150641306e-06
1.8142564270033927e-05;0.1780667405057312;0.6666671260314998;2.15372634000531e-06
--------;--------;--------;--------;-0.00014369495553806662
--------;--------;--------;--------;0.0
--------;--------;--------;--------;0.0
--------;--------;--------;--------;0.0
--------;--------;--------;--------;0.0
--------;--------;--------;--------;0.0
--------;--------;--------;--------;0.0
--------;--------;--------;--------;0.0
--------;--------;--------;--------;0.0
--------;--------;--------;--------;0.0
5.442769281010178e-05;0.4486627349879487;0.666666842060512;1.6279789293237256e-05
1.8142564270033927e-05;-0.7803439872398499;0.6666667989080579;-9.438295833022027e-06
3.6285128540067854e-05;0.0;0.6666666736267398;0.0
--------;--------;--------;--------;0.00010207311879878305
--------;--------;--------;--------;0.0
--------;--------;--------;--------;0.0
--------;--------;--------;--------;0.0
1.8142564270033927e-05;0.421813721296024;0.6666669937901084;5.101857535801429e-06
--------;--------;--------;--------;7.611825011229973e-05
--------;--------;--------;--------;0.0
--------;--------;--------;--------;0.0
--------;--------;--------;--------;0.0
--------;--------;--------;--------;0.0
--------;--------;--------;--------;0.0
--------;--------;--------;--------;0.0
--------;--------;--------;--------;0.0
1.8142564270033927e-05;-0.5995031877646861;0.6666671274235144;-7.2510217541741166e-06
--------;--------;--------;--------;-0.0001081831634029057
--------;--------;--------;--------;0.0
1.8142564270033927e-05;0.9888010227717604;0.6666905745182147;1.1960019629454513e-05
--------;--------;--------;--------;0.00017844006013778782
--------;--------;--------;--------;0.0
1.8142564270033927e-05;0.2125984251968511;0.6666667209552378;2.5713872712899747e-06
--------;--------;--------;--------;3.836436005477129e-05
1.8142564270033927e-05;0.9261798826115476;0.6666672610569205;1.1202195351633025e-05
--------;--------;--------;--------;0.00016713353942144103
--------;--------;--------;--------;0.0
0.0003809938496707;0.1451598602967646;0.5495433741146292;3.039250399468934e-05
0.0001814256427003;0.8900678994961132;0.7435155009887632;0.00012006373123745449
0.0002902810283205;0.4370820078766635;0.5275524843231965;6.693407329110347e-05
0.0003628512854006;-0.6711998799848466;0.6666673974743559;-0.00016236400412725227
0.0001632830784303;0.8268105793953884;0.6666667780278382;9.000279948916927e-05
0.0001451405141602;0.9190551648182704;0.671080450102746;8.951685678988295e-05
3.6285128540067854e-05;0.8717502352135722;0.6666668991331125;2.1087720246317736e-05
1.8142564270033927e-05;-0.0022451425825105;0.6666668991331125;-2.7155105201364012e-08
1.8142564270033927e-05;0.4522854544126895;0.6666666833708423;5.470412087123896e-06
1.8142564270033927e-05;0.1820700383802533;0.666666684762857;2.2021449750831764e-06
--------;--------;--------;--------;0.003928048350868869
--------;--------;--------;--------;0.0
--------;--------;--------;--------;0.0
--------;--------;--------;--------;0.0
--------;--------;--------;--------;0.0
--------;--------;--------;--------;0.0
--------;--------;--------;--------;0.0
1.8142564270033927e-05;0.83642769203114;0.6666667390514283;1.0116629871708711e-05
--------;--------;--------;--------;0.000150937214037146
3.6285128540067854e-05;-0.4006936323170752;0.8580058218799144;-1.247473536596311e-05
--------;--------;--------;--------;-0.00018611947119412647
--------;--------;--------;--------;0.0
--------;--------;--------;--------;0.0
5.442769281010178e-05;0.3032502514463502;0.6666666819788277;1.1003474606269173e-05
--------;--------;--------;--------;0.00016416868293692293
--------;--------;--------;--------;0.0
--------;--------;--------;--------;0.0
0.0001814256427003;0.9793106636605916;0.6666670452946504;0.00011844811164353643
3.6285128540067854e-05;0.9262121002127306;0.6744637212096213;2.266719134014975e-05
--------;--------;--------;--------;0.0021053998179699964
--------;--------;--------;--------;0.0
3.6285128540067854e-05;0.9291135121570416;0.6666669965741377;2.24753466001264e-05
--------;--------;--------;--------;0.00033532572045846186
--------;--------;--------;--------;0.0
3.6285128540067854e-05;-0.9960655060109276;0.666666732091355;-2.4094912311225785e-05
--------;--------;--------;--------;-0.00035948917602453387
3.6285128540067854e-05;-0.3288627733258714;0.6666666778027838;-7.95521880100033e-06
1.8142564270033927e-05;-0.340844392061421;0.666666680586813;-4.122527612115927e-06
--------;--------;--------;--------;-0.00018019650996038635
--------;--------;--------;--------;0.0
--------;--------;--------;--------;0.0
--------;--------;--------;--------;0.0
--------;--------;--------;--------;0.0
3.6285128540067854e-05;0.0524655636156166;0.6666667682837358;1.2691466732635887e-06
5.442769281010178e-05;-0.0134328358208957;0.675622070117153;-4.939596334217275e-07
3.6285128540067854e-05;0.0192746939677928;0.6666672360006569;4.662568969780642e-07
3.6285128540067854e-05;0.6875877795184147;0.6666666903309156;1.663280789867468e-05
3.6285128540067854e-05;0.8827659615648338;0.6666692377177181;2.1354266611497893e-05
--------;--------;--------;--------;0.0005852782359619692
9.071282135016963e-05;0.2747376687914019;0.5222509207470094;1.3015657077432153e-05
--------;--------;--------;--------;0.00019418986787530425
--------;--------;--------;--------;0.0
--------;--------;--------;--------;0.0
3.6285128540067854e-05;0.4421153475008579;0.6666682841876855;1.0694834091019041e-05
5.442769281010178e-05;0.7822001646058276;0.6666668016920873;2.8382239265269215e-05
1.8142564270033927e-05;0.7407407407407405;0.6666666708427106;8.959291053669205e-06
0.0002177107712404;0.1464178110194339;0.5147552308434095;1.6408715857158425e-05
--------;--------;--------;--------;0.0009615021007263354
--------;--------;--------;--------;0.0
--------;--------;--------;--------;0.0
--------;--------;--------;--------;0.0
7.257025708013571e-05;0.0524655636156166;0.6666678665832917;2.5382975282362225e-06
3.6285128540067854e-05;0.4576168068793415;0.6666672680169937;1.1069799758374093e-05
--------;--------;--------;--------;0.00020302890575559716
7.257025708013571e-05;0.4193578991542559;0.7705642198491083;2.3450511975860247e-05
--------;--------;--------;--------;0.00034987490797498536
0.0002177107712404;-0.1883041548284724;0.5024466418567769;-2.059822353262754e-05
3.6285128540067854e-05;-0.2048580945827722;0.6666802610817012;-4.955635914335979e-06
5.442769281010178e-05;0.0968955587029929;0.666667180320071;3.5158705114059866e-06
3.6285128540067854e-05;-0.3485484220325481;0.6666669074852004;-8.431419242921145e-06
3.6285128540067854e-05;0.5675145701397579;0.6666668392764827;1.3728229638361516e-05
--------;--------;--------;--------;-0.0002497735788091008
--------;--------;--------;--------;0.0
--------;--------;--------;--------;0.0
--------;--------;--------;--------;0.0
3.6285128540067854e-05;-0.1907237130151761;0.666666956205713;-4.61362496533244e-06
--------;--------;--------;--------;-6.883396029214276e-05
0.0002177107712404;0.1782170882214144;0.5137663854522503;1.9934022585606683e-05
--------;--------;--------;--------;0.00029740989556602515
--------;--------;--------;--------;0.0
--------;--------;--------;--------;0.0
--------;--------;--------;--------;0.0
0.0001451405141602;-0.7924497910484811;0.6666666791947984;-7.667771485355581e-05
1.8142564270033927e-05;-0.719820540794978;0.6666668629407317;-8.706262846061957e-06
--------;--------;--------;--------;-0.0012739044405914765
--------;--------;--------;--------;0.0
--------;--------;--------;--------;0.0
0.0003447087211306;0.2408516814205928;0.5992810818883156;4.975451782707139e-05
0.0001451405141602;-0.6000241329682072;0.66666675157956;-5.8058548173233895e-05
--------;--------;--------;--------;-0.0001238937493635899
5.442769281010178e-05;-0.707216831517072;0.7691246041262744;-2.9605283055135586e-05
1.8142564270033927e-05;-0.24778036491423;0.6666667153871793;-2.9969143492227073e-06
--------;--------;--------;--------;-0.0004864154278752682
--------;--------;--------;--------;0.0
--------;--------;--------;--------;0.0
--------;--------;--------;--------;0.0
--------;--------;--------;--------;0.0
5.442769281010178e-05;-0.7471228275580266;0.6670973949746037;-2.7126963043053372e-05
--------;--------;--------;--------;-0.0004047265026921001
--------;--------;--------;--------;0.0
1.8142564270033927e-05;0.3117256417880858;0.6666687700007969;3.7703468892500266e-06
--------;--------;--------;--------;5.625249343246948e-05
--------;--------;--------;--------;0.0
--------;--------;--------;--------;0.0
--------;--------;--------;--------;0.0
--------;--------;--------;--------;0.0
--------;--------;--------;--------;0.0
--------;--------;--------;--------;0.0
5.442769281010178e-05;0.900934537557006;0.7319739613155937;3.589292017316901e-05
1.8142564270033927e-05;-0.918709395090624;0.6666666889389009;-1.1111829868504996e-05
0.0001269979498902;0.3735414067772055;0.608630460760148;2.8872816082261315e-05
3.6285128540067854e-05;0.3142805729718512;0.6666666833708423;7.602474182442788e-06
1.8142564270033927e-05;-0.9522082247934524;0.6666668156122337;-1.1517001850955732e-05
--------;--------;--------;--------;0.0007420972544118238
--------;--------;--------;--------;0.0
--------;--------;--------;--------;0.0
--------;--------;--------;--------;0.0
3.6285128540067854e-05;-0.2234490494405429;0.6666671580478367;-5.40525563812904e-06
3.6285128540067854e-05;-0.3676138223244458;0.66666730281736;-8.892618349658683e-06
--------;--------;--------;--------;-0.0002133201761592524
1.8142564270033927e-05;0.0;0.6666683120279784;0.0
--------;--------;--------;--------;0.0
0.0001995682069703;0.1835739939700504;0.6677144166026387;2.4462073425822663e-05
9.071282135016963e-05;0.3176201554901112;0.6666686823038743;1.9208205023108557e-05
0.0001269979498902;-0.0368267667753032;0.6666679821205073;-3.117955406642841e-06
3.6285128540067854e-05;-0.3361154731167211;0.6666667139951645;-8.130662674781998e-06
--------;--------;--------;--------;0.0004837218671027077
--------;--------;--------;--------;0.0
--------;--------;--------;--------;0.0
5.442769281010178e-05;0.0792124928898945;0.6666666722347252;2.8742355104949004e-06
1.8142564270033927e-05;0.8351207351822876;0.6666669283654201;1.010082503924685e-05
--------;--------;--------;--------;0.00019358417933407305
--------;--------;--------;--------;0.0
--------;--------;--------;--------;0.0
--------;--------;--------;--------;0.0
--------;--------;--------;--------;0.0
--------;--------;--------;--------;0.0
--------;--------;--------;--------;0.0
--------;--------;--------;--------;0.0
--------;--------;--------;--------;0.0
--------;--------;--------;--------;0.0
--------;--------;--------;--------;0.0
3.6285128540067854e-05;0.3157064660183346;0.842161683197192;9.647340801474546e-06
--------;--------;--------;--------;0.0001439355558033785
--------;--------;--------;--------;0.0
3.6285128540067854e-05;0.6586604173350751;0.7608951681881826;1.81850733513696e-05
--------;--------;--------;--------;0.0002713160749700604
--------;--------;--------;--------;0.0
--------;--------;--------;--------;0.0
3.6285128540067854e-05;0.9798114268519836;0.6666679459281264;2.3701767859950966e-05
--------;--------;--------;--------;0.00035362357365080965
--------;--------;--------;--------;0.0
--------;--------;--------;--------;0.0
--------;--------;--------;--------;0.0
--------;--------;--------;--------;0.0
--------;--------;--------;--------;0.0
3.6285128540067854e-05;0.5978255567554556;0.6666689203383788;1.446150033465229e-05
1.8142564270033927e-05;0.5978255567554556;0.6666669227973615;7.230728501819318e-06
--------;--------;--------;--------;0.0003236418281931525
--------;--------;--------;--------;0.0
--------;--------;--------;--------;0.0
--------;--------;--------;--------;0.0
--------;--------;--------;--------;0.0
7.257025708013571e-05;-0.3710031926314274;0.6666673153454917;-1.794921550943958e-05
1.8142564270033927e-05;0.8031680396644874;0.6666676215887138;9.71436576750655e-06
--------;--------;--------;--------;-0.00012286159460452286
--------;--------;--------;--------;0.0
--------;--------;--------;--------;0.0
0.0012155518060922;-0.3212456993546331;0.5858229227871874;-0.00022875845594849637
0.0004172789782107;-0.2749290386388405;0.6013922311707957;-6.899298468938685e-05
0.0001632830784303;-0.9081590674647704;0.66666730281736;-9.885809982624191e-05
--------;--------;--------;--------;-0.005917300509887767
3.6285128540067854e-05;0.7677633527393353;0.6666667613236625;1.857226393199185e-05
--------;--------;--------;--------;0.0002770928473025127
--------;--------;--------;--------;0.0
3.6285128540067854e-05;0.0;0.6666669478536251;0.0
1.8142564270033927e-05;0.0;0.666667180320071;0.0
--------;--------;--------;--------;0.0
1.8142564270033927e-05;-0.3917967969658551;0.6666666722347252;-4.738799086076505e-06
--------;--------;--------;--------;-7.07015222464942e-05
3.6285128540067854e-05;0.6259553318265931;0.6666666708427106;1.5141913211962447e-05
--------;--------;--------;--------;0.00022591299913000024
--------;--------;--------;--------;0.0
--------;--------;--------;--------;0.0
--------;--------;--------;--------;0.0
3.6285128540067854e-05;0.9458410655340692;0.6666669812619767;2.2879987224485543e-05
--------;--------;--------;--------;0.00034136284243500246
--------;--------;--------;--------;0.0
0.003755510803897;-0.2432184053046155;0.5172914420272762;-0.0004724988392164743
0.001614688220033;0.0207921934938938;0.4772221413755297;1.602173595623054e-05
0.0006531323137212;-0.1628539033832139;0.4879056009975196;-5.189615083327255e-05
0.0003628512854006;-0.5652118185237015;0.8018648754619796;-0.0001644527311707574
9.071282135016963e-05;-0.0336646757142562;0.5628685973673853;-1.7188980932265887e-06
1.8142564270033927e-05;0.8181818181818181;0.6666667000750182;9.895944643202002e-06
--------;--------;--------;--------;-0.009916371399810614
0.0002539958997804;-0.4767729802513846;0.5109350011697498;-6.187340200499358e-05
7.257025708013571e-05;0.9098920284095684;0.6666669255813908;4.4020749374322654e-05
--------;--------;--------;--------;-0.0002663564532277653
0.0004354215424808;0.2878519370453631;0.5018507050229932;6.290042891131334e-05
0.0001995682069703;-0.8336876910668944;0.666666755755604;-0.00011091838660868614
0.0001088553856202;0.0029864307569568;0.6054511490602208;1.9682555199349268e-07
9.071282135016963e-05;0.6644358719608872;0.871536468954519;5.252998908684016e-05
0.0001451405141602;0.0951023582627257;0.6666666722347252;9.202136860923423e-06
0.0004354215424808;0.2878519370453631;0.5018507050229932;6.290042891131334e-05
0.0001995682069703;-0.8336876910668944;0.666666755755604;-0.00011091838660868614
0.0001088553856202;0.0029864307569568;0.6054511490602208;1.9682555199349268e-07
9.071282135016963e-05;0.6644358719608872;0.871536468954519;5.252998908684016e-05
9.071282135016963e-05;0.6916233456114345;0.6666669381095226;4.182608702478629e-05
3.6285128540067854e-05;0.0951023582627257;0.6666666666666666;2.300534196017724e-06
9.071282135016963e-05;0.6916233456114345;0.6666669381095226;4.182608702478629e-05
--------;--------;--------;--------;0.001560192565978948
--------;--------;--------;--------;0.0
--------;--------;--------;--------;0.0
--------;--------;--------;--------;0.0
--------;--------;--------;--------;0.0
--------;--------;--------;--------;0.0
--------;--------;--------;--------;0.0
--------;--------;--------;--------;0.0
0.0013244071917124;-0.2652549557746424;0.4443609444966256;-0.00015610647536549915
0.0038643661895172;-0.2788570041893581;0.6248016438634227;-0.0006732897370077874
0.0028120974618552;0.0715959788171186;0.4662330789877816;9.386897649254372e-05
0.0007438451350713;0.4753252140045489;0.6666667613236625;0.0002357122654770565
0.0006349897494511;-0.3748606101853047;0.6666670995832216;-0.000158688533008708
0.0005987046209111;-0.0525629818967812;0.5249175301541735;-1.651899727767682e-05
0.0003447087211306;0.4340686611730358;0.7099301951878569;0.00010622490498154607
0.0003809938496707;0.449515990208962;0.5660088665121472;9.693627892455027e-05
0.0002539958997804;0.2892182273553312;0.6666678011586032;4.897357926672745e-05
0.0001451405141602;-0.1070953334740562;0.5349546389562153;-8.31526630780399e-06
0.0001451405141602;0.4248881685610488;0.5509252067338625;3.397472408471167e-05
7.257025708013571e-05;0.6013434741632793;0.9162591708536072;3.998522999583257e-05
0.0002177107712404;0.4531145734163976;0.5237033542839867;5.166224829328197e-05
0.0001088553856202;0.4665911519555809;0.9262934782874068;4.7047334793778785e-05
0.0001814256427003;0.3950806796304427;0.4539436023246282;3.2537663404681995e-05
1.8142564270033927e-05;0.4868368800613751;0.6666666903309156;5.8883131327046186e-06
0.0013244071917124;-0.2652549557746424;0.4443609444966256;-0.00015610647536549915
0.0038643661895172;-0.2788570041893581;0.6248016438634227;-0.0006732897370077874
0.0028120974618552;0.0715959788171186;0.4662330789877816;9.386897649254372e-05
0.0007438451350713;0.4753252140045489;0.6666667613236625;0.0002357122654770565
0.0006349897494511;-0.3748606101853047;0.6666670995832216;-0.000158688533008708
0.0005987046209111;-0.0525629818967812;0.5249175301541735;-1.651899727767682e-05
0.0003447087211306;0.4340686611730358;0.7099301951878569;0.00010622490498154607
0.0003809938496707;0.449515990208962;0.5660088665121472;9.693627892455027e-05
0.0002539958997804;0.2892182273553312;0.6666678011586032;4.897357926672745e-05
0.0001451405141602;-0.1070953334740562;0.5349546389562153;-8.31526630780399e-06
0.0001451405141602;0.4248881685610488;0.5509252067338625;3.397472408471167e-05
7.257025708013571e-05;0.6013434741632793;0.9162591708536072;3.998522999583257e-05
0.0002177107712404;0.4531145734163976;0.5237033542839867;5.166224829328197e-05
0.0001088553856202;0.4665911519555809;0.9262934782874068;4.7047334793778785e-05
0.0001814256427003;0.3950806796304427;0.4539436023246282;3.2537663404681995e-05
1.8142564270033927e-05;0.4868368800613751;0.6666666903309156;5.8883131327046186e-06
3.6285128540067854e-05;0.5191262820729161;0.9794216453252266;1.8448938381299487e-05
3.6285128540067854e-05;-0.5401833887461447;0.66666688938901;-1.3067086829405708e-05
5.442769281010178e-05;0.253216164182168;0.5745783682346131;7.918822752213463e-06
1.8142564270033927e-05;-0.9944292583988796;0.6666697541551518;-1.2027720191249316e-05
1.8142564270033927e-05;-0.8662152705846693;0.6666667724597797;-1.0476912474755642e-05
3.6285128540067854e-05;0.4808695244225142;0.8229323469116885;1.4358863052353166e-05
3.6285128540067854e-05;0.9999457857859536;0.6666667112111353;2.418877586310913e-05
--------;--------;--------;--------;-0.006130081864113445
--------;--------;--------;--------;0.0
--------;--------;--------;--------;0.0
--------;--------;--------;--------;0.0
--------;--------;--------;--------;0.0
--------;--------;--------;--------;0.0
--------;--------;--------;--------;0.0
--------;--------;--------;--------;0.0
--------;--------;--------;--------;0.0
--------;--------;--------;--------;0.0
--------;--------;--------;--------;0.0
3.6285128540067854e-05;0.003753910410606;0.6691696230027468;9.114834500812075e-08
--------;--------;--------;--------;1.3599071463606547e-06
--------;--------;--------;--------;0.0
--------;--------;--------;--------;0.0
0.0002539958997804;-0.3967893187731454;0.8273789406139664;-8.338561597610838e-05
0.0002902810283205;-0.2942387830222108;0.5334418982358772;-4.556230554254159e-05
0.0003447087211306;0.4110875868218473;0.9407254796616692;0.00013330595218748377
7.257025708013571e-05;0.817931257565367;0.6666672540968474;3.9571689291974414e-05
--------;--------;--------;--------;0.0006554188132214897
--------;--------;--------;--------;0.0
0.0002539958997804;-0.3967893187731454;0.827378942005981;-8.33856161163996e-05
0.0002902810283205;-0.2942387830222108;0.5334418982358772;-4.556230554254159e-05
0.0003447087211306;0.4110875868218473;0.9407254796616692;0.00013330595218748377
7.257025708013571e-05;0.817931257565367;0.6666672540968474;3.9571689291974414e-05
--------;--------;--------;--------;0.0006554188111283847
--------;--------;--------;--------;0.0
7.257025708013571e-05;0.9956417253928302;0.6666682772276122;4.816943368374357e-05
--------;--------;--------;--------;0.0007186741250960985
1.8142564270033927e-05;0.0;0.6666670675668848;0.0
--------;--------;--------;--------;0.0
--------;--------;--------;--------;0.0
3.6285128540067854e-05;0.088357982555935;0.6666681811786016;2.1373920253696835e-06
--------;--------;--------;--------;3.18892755498253e-05
--------;--------;--------;--------;0.0
--------;--------;--------;--------;0.0
--------;--------;--------;--------;0.0
--------;--------;--------;--------;0.0
--------;--------;--------;--------;0.0
--------;--------;--------;--------;0.0
1.8142564270033927e-05;0.25;0.6666831174957552;3.0238353267283295e-06
1.8142564270033927e-05;-0.2350205919337862;0.6666685138701021;-2.8425920055401756e-06
1.8142564270033927e-05;0.655267418904002;0.6669681853911164;7.929072032009338e-06
1.8142564270033927e-05;0.655267418904002;0.6666693755271681;7.925519711243497e-06
1.8142564270033927e-05;0.25;0.6666674267066633;3.023764158940943e-06
1.8142564270033927e-05;0.655267418904002;0.6669681853911164;7.929072032009338e-06
1.8142564270033927e-05;0.7652044246506027;0.666687111185775;9.255464129191083e-06
1.8142564270033927e-05;0.9728735284435728;0.6667277649735166;1.176802542174354e-05
1.8142564270033927e-05;0.0524655636156166;0.6667107141861156;6.34615166972275e-07
1.8142564270033927e-05;0.25;0.6666831174957552;3.0238353267283295e-06
1.8142564270033927e-05;0.25;0.6670296052533496;3.025406870831064e-06
1.8142564270033927e-05;0.655267418904002;0.6666771374008351;7.925611986192674e-06
1.8142564270033927e-05;0.9867283049426034;0.6666689259064373;1.1934561570739037e-05
1.8142564270033927e-05;0.25;0.66677545400328;3.0242541319838895e-06
1.8142564270033927e-05;0.8206719463963812;0.6666871682583755;9.926367604856633e-06
--------;--------;--------;--------;0.0013055765409146654
--------;--------;--------;--------;0.0
1.8142564270033927e-05;0.25;0.6666831174957552;3.0238353267283295e-06
1.8142564270033927e-05;-0.2350205919337862;0.6666685138701021;-2.8425920055401756e-06
1.8142564270033927e-05;0.655267418904002;0.6669681853911164;7.929072032009338e-06
1.8142564270033927e-05;0.655267418904002;0.6666693755271681;7.925519711243497e-06
1.8142564270033927e-05;0.25;0.6666674267066633;3.023764158940943e-06
1.8142564270033927e-05;0.655267418904002;0.6669681853911164;7.929072032009338e-06
1.8142564270033927e-05;0.7652044246506027;0.666687111185775;9.255464129191083e-06
1.8142564270033927e-05;0.9728735284435728;0.6667277649735166;1.176802542174354e-05
1.8142564270033927e-05;0.0524655636156166;0.6667107155781302;6.346151682972779e-07
1.8142564270033927e-05;0.25;0.6666831174957552;3.0238353267283295e-06
1.8142564270033927e-05;0.25;0.6670296052533496;3.025406870831064e-06
1.8142564270033927e-05;0.655267418904002;0.6666771374008351;7.925611986192674e-06
1.8142564270033927e-05;0.9867283049426034;0.6666689259064373;1.1934561570739037e-05
1.8142564270033927e-05;0.25;0.66677545400328;3.0242541319838895e-06
1.8142564270033927e-05;0.8206719463963812;0.6666871682583755;9.926367604856633e-06
--------;--------;--------;--------;0.001305576540934434
0.0001088553856202;-0.354908199377479;0.779145386484503;-3.0101244888747168e-05
0.0002358533355104;0.8201019096557107;0.66666716500791;0.00012894927695820783
0.0001088553856202;-0.354908199377479;0.779145386484503;-3.0101244888747168e-05
--------;--------;--------;--------;0.0010256823332125012
0.0002358533355104;0.8201019096557107;0.66666716500791;0.00012894927695820783
--------;--------;--------;--------;0.001923886201530952
1.8142564270033927e-05;0.6518313091326118;0.6666669492456397;7.88393095452076e-06
--------;--------;--------;--------;0.00011762598701612791
--------;--------;--------;--------;0.0
--------;--------;--------;--------;0.0
0.0010159835991219;0.1668508916602337;0.6666666694506959;0.00011301184675571736
0.0006894174422612;-0.3233765055565245;0.6666668128282045;-0.00014862763481755424
3.6285128540067854e-05;-0.8024037035864711;0.6666667543635892;-1.9410216903765167e-05
0.0001088553856202;-0.4624771667494112;0.6666668921730392;-3.3562098237393163e-05
7.257025708013571e-05;-0.1012195256211634;0.6666891351750706;-4.897183040273178e-06
1.8142564270033927e-05;-0.46404846170201;0.6667389790435062;-5.6132948272266864e-06
--------;--------;--------;--------;-0.0014785223865552382
--------;--------;--------;--------;0.0
1.8142564270033927e-05;-0.2401911143407109;0.6666670258064453;-2.905123384362154e-06
--------;--------;--------;--------;-4.334360707373854e-05
7.257025708013571e-05;-0.5888217455227748;0.6239634957304157;-2.6662550096952104e-05
0.0001269979498902;-0.9786455634212884;0.6666667529715746;-8.285733087558563e-05
0.0001269979498902;-0.9786455634212884;0.6666667529715746;-8.285733087558563e-05
--------;--------;--------;--------;-0.0028702127851678743
--------;--------;--------;--------;0.0
--------;--------;--------;--------;0.0
3.6285128540067854e-05;-0.6026508627763293;0.7754255729000386;-1.695643573094714e-05
--------;--------;--------;--------;-0.00025298515431372603
--------;--------;--------;--------;0.0
--------;--------;--------;--------;0.0
--------;--------;--------;--------;0.0
7.257025708013571e-05;-0.1012195256211634;0.6666891351750706;-4.897183040273178e-06
1.8142564270033927e-05;-0.2401911143407109;0.6666670258064453;-2.905123384362154e-06
--------;--------;--------;--------;-0.00011640817245789723
--------;--------;--------;--------;0.0
7.257025708013571e-05;-0.5888217455227748;0.6239634957304157;-2.6662550096952104e-05
--------;--------;--------;--------;-0.000397797594830863
0.0001269979498902;-0.9786455634212884;0.6666667529715746;-8.285733087558563e-05
--------;--------;--------;--------;-0.0012362075951685056
--------;--------;--------;--------;0.0
--------;--------;--------;--------;0.0
--------;--------;--------;--------;0.0
--------;--------;--------;--------;0.0
0.0001088553856202;-0.4843687473706077;0.6666669464616105;-3.5150779270776435e-05
--------;--------;--------;--------;-0.0005244395378348997
--------;--------;--------;--------;0.0
--------;--------;--------;--------;0.0
--------;--------;--------;--------;0.0
--------;--------;--------;--------;0.0
7.257025708013571e-05;0.1961824490700758;0.7487090299509963;1.0659378518236338e-05
0.0001088553856202;0.9820343316633164;0.6666677955905447;7.126660459197687e-05
3.6285128540067854e-05;0.3986777352536366;0.6666667571476186;9.644049888731607e-06
9.071282135016963e-05;-0.1352510565129175;0.631235904497343;-7.74463642230018e-06
0.0001269979498902;0.16802756084225;0.6623506673127239;1.4134004052238344e-05
--------;--------;--------;--------;0.0014615261413309882
3.6285128540067854e-05;-0.0776837475252967;0.6666969763935724;-1.879261945609934e-06
3.6285128540067854e-05;0.8888888888888888;0.6682140148351956;2.155220570717323e-05
3.6285128540067854e-05;0.0;0.6666823574557583;0.0
--------;--------;--------;--------;0.00029351467444546165
--------;--------;--------;--------;0.0
--------;--------;--------;--------;0.0
--------;--------;--------;--------;0.0
1.8142564270033927e-05;0.8011725162634524;1.0;1.4535323867694487e-05
1.8142564270033927e-05;0.7650902603201253;0.6666667933399995;9.253801238471005e-06
1.8142564270033927e-05;0.3082598201974957;0.666666708427106;3.728415966751864e-06
1.8142564270033927e-05;-0.2070192687772281;0.6666667585396332;-2.503907271012895e-06
--------;--------;--------;--------;0.00037319623697641105
--------;--------;--------;--------;0.0
--------;--------;--------;--------;0.0
--------;--------;--------;--------;0.0
--------;--------;--------;--------;0.0
1.8142564270033927e-05;0.5112359055153566;0.6666674044344291;6.18342702486634e-06
--------;--------;--------;--------;9.225495645989136e-05
1.8142564270033927e-05;0.0;0.6666666833708423;0.0
--------;--------;--------;--------;0.0
3.6285128540067854e-05;0.2961479924696297;0.6666690010752282;7.163870400775132e-06
3.6285128540067854e-05;-0.1046430829802664;0.6666832372090147;-2.531388062657724e-06
3.6285128540067854e-05;0.891495069924328;0.66667046965068;2.1565465155671096e-05
1.8142564270033927e-05;0.5134262161131495;0.6667265803690527;6.210470170738628e-06
1.8142564270033927e-05;-0.6092770194256498;0.6666699295489972;-7.3692677228600115e-06
1.8142564270033927e-05;0.9809461460700448;0.6666690010752282;1.1864627212197458e-05
1.8142564270033927e-05;0.185568476792151;0.6666683343002128;2.2444642921978084e-06
1.8142564270033927e-05;0.8688356787868485;0.6666828432688698;1.0508859751937712e-05
1.8142564270033927e-05;-0.6412445207900419;0.6666684400933258;-7.75590058588671e-06
1.8142564270033927e-05;0.9648813295584552;0.6666940851791523;1.1670760995598949e-05
1.8142564270033927e-05;0.9952986626827272;0.6666694325997685;1.2038229915600829e-05
1.8142564270033927e-05;0.5134262161131495;0.6666692237975715;6.20993590183925e-06
1.8142564270033927e-05;0.6987483476478114;0.6666692168374985;8.451423532590624e-06
1.8142564270033927e-05;0.9854517351778204;0.6666825968822774;1.1919365770614408e-05
1.8142564270033927e-05;0.6802964296606346;0.6666830130946567;8.228416218067983e-06
1.8142564270033927e-05;-0.7184027020048291;0.6666695634491453;-8.68914921762452e-06
1.8142564270033927e-05;0.0637827880313568;0.6666685027339849;7.714576787870566e-07
1.8142564270033927e-05;0.9258906802330896;0.6666756451611344;1.1198838269799463e-05
1.8142564270033927e-05;0.690441437686957;0.6666702984328784;8.350964264830445e-06
1.8142564270033927e-05;0.9999991417908028;0.6666682020588213;1.2095060322539212e-05
1.8142564270033927e-05;-0.5151524665173217;0.6666689008501737;-6.230812036200925e-06
1.8142564270033927e-05;0.5285418673072408;0.6666700228139785;6.392768713798528e-06
1.8142564270033927e-05;-0.7413841327692081;0.6666700882386669;-8.96711887392724e-06
1.8142564270033927e-05;0.5376719653706981;0.6666720885637135;6.503218347862624e-06
1.8142564270033927e-05;-0.7413841327692081;0.6666695481369842;-8.967111609230535e-06
1.8142564270033927e-05;0.8298385269881638;0.6666834515792702;1.0037185243308595e-05
1.8142564270033927e-05;0.9544497781140582;0.6666848324577992;1.1544425523165413e-05
--------;--------;--------;--------;0.0020060905767481604
--------;--------;--------;--------;0.0
3.6285128540067854e-05;0.9639570036596224;0.6666681950987482;2.331825598369194e-05
3.6285128540067854e-05;0.5978318580636433;0.6666696177377165;1.4461667892622067e-05
3.6285128540067854e-05;-0.903334768977962;0.6666692808701721;-2.185183115874965e-05
3.6285128540067854e-05;0.8235819184097659;0.6666849535630733;1.9923063663361152e-05
3.6285128540067854e-05;0.9999723067856074;0.6666820317243312;2.418997329980206e-05
3.6285128540067854e-05;0.8160471767105317;0.6666849535630733;1.9740792616358714e-05
3.6285128540067854e-05;0.9997758102667992;0.6666683343002128;2.4184723021252655e-05
3.6285128540067854e-05;0.9338149445348544;0.6666865515958872;2.2589737302949864e-05
3.6285128540067854e-05;-0.2512286021172698;0.6666809570890243;-6.077371683364324e-06
5.442769281010178e-05;0.8688356787868485;0.6666771360088205;3.152630936678255e-05
3.6285128540067854e-05;0.9677874740898074;0.6666829365338511;2.3411433268632275e-05
3.6285128540067854e-05;0.933877974784476;0.6666829365338511;2.259113955600066e-05
3.6285128540067854e-05;0.185568476792151;0.6666695550970574;4.488936804479832e-06
3.6285128540067854e-05;0.9970960892708438;0.6666848728262239;2.4120498538473405e-05
3.6285128540067854e-05;0.891495069924328;0.6666704125780795;2.156546330948586e-05
3.6285128540067854e-05;0.5110451612529583;0.6667374339072489;1.2363538504853632e-05
3.6285128540067854e-05;0.96965867277565;0.6666691583728832;2.3456214056434606e-05
3.6285128540067854e-05;0.9999934785008924;0.6666691583728832;2.4190018349047037e-05
3.6285128540067854e-05;0.185568476792151;0.6666691583728832;4.4889341331867855e-06
3.6285128540067854e-05;0.9702262486445838;0.6666771360088205;2.3470224667608374e-05
3.6285128540067854e-05;0.891495069924328;0.6666692808701721;2.1565426700983528e-05
3.6285128540067854e-05;-0.903334768977962;0.6669065107902029;-2.1859606990495717e-05
3.6285128540067854e-05;0.8160471767105317;0.6666708594147809;1.9740375283318484e-05
3.6285128540067854e-05;-0.7184027020048291;0.6666853433271743;-1.7378709774606187e-05
3.6285128540067854e-05;0.9677874740898074;0.6666865515958872;2.3411560216209573e-05
3.6285128540067854e-05;-0.3227357683698753;0.6666854950567708;-7.807226383214412e-06
3.6285128540067854e-05;0.1845298422989874;0.666685749795451;4.463920472894528e-06
3.6285128540067854e-05;-0.9952020153030414;0.6666809570890243;-2.4074538074317656e-05
3.6285128540067854e-05;-0.9952020153030414;0.6666698641243088;-2.407413749590221e-05
3.6285128540067854e-05;0.8688356787868485;0.6666698641243088;2.1017310325774415e-05
3.6285128540067854e-05;0.9999991417908028;0.6666678526631451;2.4190107967222284e-05
3.6285128540067854e-05;0.9952986626827272;0.6666673640660044;2.4076385127056475e-05
3.6285128540067854e-05;0.1845298422989874;0.6666688298574267;4.463807182250818e-06
3.6285128540067854e-05;0.1845298422989874;0.6666699685254074;4.463814806417544e-06
3.6285128540067854e-05;0.9863918402624792;0.6666859001330329;2.3861591535015863e-05
5.442769281010178e-05;0.9999999390492884;0.6666669464616105;3.628514155705577e-05
3.6285128540067854e-05;0.9999923593693574;0.6666671691839539;2.4189919099633615e-05
3.6285128540067854e-05;-0.6412445207900419;0.6666673445777993;-1.5511775681712683e-05
3.6285128540067854e-05;0.9999726713946528;0.6666673445777993;2.4189449209493698e-05
3.6285128540067854e-05;0.5978318580636433;0.6666673445777993;1.446161858231466e-05
3.6285128540067854e-05;0.9999693245553584;0.6666666764107692;2.418934400529917e-05
3.6285128540067854e-05;0.99039778629981;0.666667318129521;2.3957830732557147e-05
3.6285128540067854e-05;0.1845298422989874;0.666667318129521;4.463797060190837e-06
3.6285128540067854e-05;0.9999999999924652;0.6666831662162678;2.4190684381474425e-05
3.6285128540067854e-05;-0.3227357683698753;0.6666691013002828;-7.807034403984143e-06
3.6285128540067854e-05;0.9544497781140582;0.6666675213636594;2.3088251522755992e-05
3.6285128540067854e-05;0.6987483476478114;0.6666666917229302;1.6902783042988095e-05
3.6285128540067854e-05;0.9999417180545846;0.666667247136774;2.4188696909329497e-05
3.6285128540067854e-05;0.9999999999999564;0.6666674976994104;2.4190115847507437e-05
3.6285128540067854e-05;-0.9560259404754368;0.6666666666666666;-2.3126349425193653e-05
3.6285128540067854e-05;0.9999999997771378;0.666667318129521;2.4190109326400916e-05
3.6285128540067854e-05;-0.7413841327692081;0.6666673710260775;-1.7934164651524753e-05
3.6285128540067854e-05;0.4926926740806936;0.6666675965324502;1.1918294630110192e-05
3.6285128540067854e-05;0.9970019597069666;0.6666675965324502;2.4117596480922593e-05
3.6285128540067854e-05;0.9648813295584552;0.6666675965324502;2.3340594601345103e-05
3.6285128540067854e-05;0.9952986626827272;0.6666675965324502;2.4076393522475214e-05
3.6285128540067854e-05;0.999999999736302;0.6666673793781654;2.4190111547828033e-05
3.6285128540067854e-05;-0.9560259404754368;0.6666675018754543;-2.3126378398189053e-05
3.6285128540067854e-05;-0.6930827697598243;0.6666675018754543;-1.6765752597423857e-05
3.6285128540067854e-05;-0.6412445207900419;0.6666675352838058;-1.5511780118991363e-05
3.6285128540067854e-05;-0.6930827697598243;0.6666676786613144;-1.6765757043340274e-05
3.6285128540067854e-05;0.99039778629981;0.6666675018754543;2.395783733578165e-05
3.6285128540067854e-05;0.079863867411275;0.6666673362257114;1.9319157367789006e-06
3.6285128540067854e-05;0.9999999997160915;0.6666675450279083;2.4190117557961345e-05
3.6285128540067854e-05;0.1845298422989874;0.6666673710260775;4.463797414369731e-06
3.6285128540067854e-05;0.9999986898621176;0.666667318129521;2.4190077639413362e-05
3.6285128540067854e-05;0.9809461460700448;0.6666854212799945;2.3729838881173276e-05
3.6285128540067854e-05;-0.6412445207900419;0.6666670341585331;-1.551176845898899e-05
3.6285128540067854e-05;0.6987483476478114;0.6666692989663625;1.6902849147490724e-05
3.6285128540067854e-05;0.9999726713946528;0.6666673988663705;2.4189451179307648e-05
3.6285128540067854e-05;0.9999999390492884;0.6666673988663705;2.4190110786934382e-05
3.6285128540067854e-05;0.9544497781140582;0.6666674642910588;2.3088249546198694e-05
3.6285128540067854e-05;0.185568476792151;0.6666674642910588;4.488922726296831e-06
3.6285128540067854e-05;-0.3227357683698753;0.6666807120944465;-7.807170372291833e-06
3.6285128540067854e-05;0.079863867411275;0.6666673640660044;1.9319158174564696e-06
3.6285128540067854e-05;0.99999997281992;0.6666673640660044;2.419011034111403e-05
3.6285128540067854e-05;-0.9560259404754368;0.6666666861548717;-2.312635010123021e-05
3.6285128540067854e-05;0.9854517351778204;0.6666693824872413;2.3838259030895987e-05
3.6285128540067854e-05;0.9677874740898074;0.6666666819788277;2.3410862468917168e-05
3.6285128540067854e-05;0.5110451612529583;0.6666674183545755;1.2362240182699522e-05
3.6285128540067854e-05;0.9677874740898074;0.6666674183545755;2.341088832770361e-05
3.6285128540067854e-05;0.6987483476478114;0.6666675255397033;1.6902804183723318e-05
3.6285128540067854e-05;0.9999999984858792;0.6666675255397033;2.4190116821070345e-05
3.6285128540067854e-05;-0.7413841327692081;0.666672826331476;-1.7934311405887562e-05
3.6285128540067854e-05;0.9975054103910096;0.6666675450279083;2.4129773148911645e-05
3.6285128540067854e-05;0.9999934785008924;0.6666675450279083;2.418995980899901e-05
3.6285128540067854e-05;0.6909894133228323;0.666672826331476;1.6715247560553022e-05
3.6285128540067854e-05;0.999999999971754;0.6666673362257114;2.41901099877313e-05
3.6285128540067854e-05;-0.6930827697598243;0.6666673362257114;-1.6765748431565163e-05
3.6285128540067854e-05;0.9999999986381138;0.666670374993684;2.4190220217556735e-05
3.6285128540067854e-05;-0.0673154255951111;0.6666694799282665;-1.6283727851609297e-06
3.6285128540067854e-05;-0.5151524665173217;0.6666689829790379;-1.2461625607585252e-05
3.6285128540067854e-05;-0.9892835836017512;0.666671193498296;-2.3931017158803707e-05
3.6285128540067854e-05;0.185568476792151;0.6666685263982338;4.488929877863828e-06
3.6285128540067854e-05;0.933877974784476;0.6666704780027679;2.2590717387682047e-05
3.6285128540067854e-05;-0.3227357683698753;0.6666701995998386;-7.8070472656308e-06
3.6285128540067854e-05;0.9854517351778204;0.6666820428604483;2.3838711730935714e-05
3.6285128540067854e-05;0.185568476792151;0.66667046965068;4.488942962513276e-06
3.6285128540067854e-05;0.9848224923690674;0.6666827458278446;2.3823515062524043e-05
3.6285128540067854e-05;-0.6930827697598243;0.6666709262314838;-1.676583871517496e-05
3.6285128540067854e-05;0.6987483476478114;0.6666709262314838;1.690289040545312e-05
3.6285128540067854e-05;0.9997758102667992;0.6666674100024876;2.4184689490509823e-05
3.6285128540067854e-05;0.9997758102667992;0.6666695634491453;2.4184767611080843e-05
3.6285128540067854e-05;0.9338149445348544;0.6666689829790379;2.2589142015046648e-05
3.6285128540067854e-05;0.5110451612529583;0.6666859015250475;1.236258292240214e-05
3.6285128540067854e-05;0.933877974784476;0.6666860281983802;2.2591244319781177e-05
3.6285128540067854e-05;0.8102934846773251;0.6666712658830576;1.96012040554664e-05
3.6285128540067854e-05;0.9544497781140582;0.666671193498296;2.3088378697345123e-05
3.6285128540067854e-05;0.9999999998958372;0.6666820428604483;2.4190643618026625e-05
3.6285128540067854e-05;0.079863867411275;0.6666834515792702;1.931962436989714e-06
3.6285128540067854e-05;0.8688356787868485;0.6666701995998386;2.1017320901913666e-05
3.6285128540067854e-05;0.96965867277565;0.6666691931732495;2.345621528085729e-05
3.6285128540067854e-05;0.6987483476478114;0.6666770678001028;1.6903046119850134e-05
3.6285128540067854e-05;0.933877974784476;0.6666704362423284;2.2590715972592708e-05
3.6285128540067854e-05;0.2126678118163514;0.6666666833708423;5.144452720961608e-06
3.6285128540067854e-05;0.9544497781140582;0.6666667028590474;2.3088223176031803e-05
3.6285128540067854e-05;0.9938956922239556;0.6666842561637356;2.404305630634333e-05
3.6285128540067854e-05;-0.9952020153030414;0.6666674100024876;-2.4074048875028018e-05
--------;--------;--------;--------;0.020440861266101912
--------;--------;--------;--------;0.0
1.8142564270033927e-05;0.0607570195511535;0.666666680586813;7.348587700523522e-07
--------;--------;--------;--------;1.096388193193151e-05
--------;--------;--------;--------;0.0
--------;--------;--------;--------;0.0
1.8142564270033927e-05;0.655267418904002;0.6666669534216837;7.925490916693359e-06
--------;--------;--------;--------;0.00011824604972331102
0.0038280810609771;0.8268268387853855;0.7478801969462634;0.002367160605518897
0.0015784030914929;0.4637351525966012;0.9213090248123714;0.0006743622737217292
0.0014695477058727;0.2345589568592443;0.5290219412737417;0.00018235152326359682
0.0003991364139407;-0.2472129365242468;0.6666666722347252;-6.578112385876823e-05
0.0002721384640505;0.7261061111594251;0.6666672485287887;0.00013173438286250935
0.0001088553856202;0.0952380952380953;0.6666668030841019;6.9114544695148475e-06
9.071282135016963e-05;0.5285418673072408;0.6666679236558921;3.196374292375826e-05
0.0001269979498902;-0.067830341791894;0.6666666736267398;-5.74287629190432e-06
0.0001269979498902;-0.2434576681078821;0.6224704176589396;-1.9245929252079703e-05
0.0002902810283205;-0.383969950036617;0.5492233683709189;-6.121599283362705e-05
7.257025708013571e-05;-0.6365686037016661;0.6889313666278157;-3.182583705078461e-05
3.6285128540067854e-05;-0.6051567666486399;0.6666666945069596;-1.4638794654480969e-05
--------;--------;--------;--------;0.04768390144078212
--------;--------;--------;--------;0.0
0.0001814256427003;0.0524655636156166;0.6666672262565544;6.345737725575999e-06
0.0001632830784303;0.6194341784741761;0.6666672485287887;6.742880521548841e-05
0.0001814256427003;0.9508797900869248;0.6666668030841019;0.00011500934156541207
9.071282135016963e-05;-0.6325532072931168;0.6666667627156772;-3.8253796236463e-05
0.0002358533355104;0.9417658557210198;0.6666668351004388;0.00014807911630668248
--------;--------;--------;--------;0.004455163626248401
--------;--------;--------;--------;0.0
1.8142564270033927e-05;0.422249379134346;0.666667908343731;5.107133844716586e-06
--------;--------;--------;--------;7.619697112692143e-05
--------;--------;--------;--------;0.0
7.257025708013571e-05;0.4383959637419755;0.5617547160235677;1.7871949789927373e-05
--------;--------;--------;--------;0.00026664436130525114
5.442769281010178e-05;0.4595907810649391;0.6666671399516463;1.6676322405742458e-05
--------;--------;--------;--------;0.00024880594389906893
9.071282135016963e-05;0.7758215484032845;0.7060750803158624;4.969141875756326e-05
--------;--------;--------;--------;0.0007413817055612977
--------;--------;--------;--------;0.0
--------;--------;--------;--------;0.0
--------;--------;--------;--------;0.0
3.6285128540067854e-05;-0.1952154255438596;0.6666667529715746;-4.7222784839089626e-06
--------;--------;--------;--------;-7.045503960385466e-05
--------;--------;--------;--------;0.0
3.6285128540067854e-05;0.1536589231174685;0.6666666819788277;3.7170226031373037e-06
3.6285128540067854e-05;0.0524655636156166;0.6666666750187545;1.2691464957132045e-06
5.442769281010178e-05;0.6251429335105757;0.8766773671302782;2.982902416753661e-05
3.6285128540067854e-05;0.3510815307820303;0.6666667014670328;8.492692758303042e-06
1.8142564270033927e-05;0.0524655636156166;0.6666666778027838;6.34573250506608e-07
3.6285128540067854e-05;0.3389903281641406;0.6666666764107692;8.200205207372543e-06
--------;--------;--------;--------;0.0007779535882282264
0.0003265661568606;-0.07887255986877;0.5739326788421284;-1.4782846428765416e-05
0.0001088553856202;0.1597544350256214;0.666667098191207;1.1593427923768927e-05
5.442769281010178e-05;-0.4471853375658221;0.6666667098191206;-1.6226178505108552e-05
--------;--------;--------;--------;-0.0002896751347766986
1.8142564270033927e-05;0.0524655636156166;0.6666703346252593;6.34576731289137e-07
--------;--------;--------;--------;9.467702696273832e-06
--------;--------;--------;--------;0.0
--------;--------;--------;--------;0.0
--------;--------;--------;--------;0.0
--------;--------;--------;--------;0.0
3.6285128540067854e-05;0.5011656884605495;0.6666668337084242;1.2123243988072973e-05
--------;--------;--------;--------;0.00018087532072014512
--------;--------;--------;--------;0.0
0.0001632830784303;0.8608589442185681;0.6666669575977276;9.370917323185641e-05
7.257025708013571e-05;-0.525496191538726;0.8397827165953688;-3.202544453207871e-05
--------;--------;--------;--------;0.0009203035278975821
--------;--------;--------;--------;0.0
0.0006349897494511;0.5735182049858616;0.6666679835125219;0.0002427859337596065
--------;--------;--------;--------;0.003622296447907174
--------;--------;--------;--------;0.0
--------;--------;--------;--------;0.0
--------;--------;--------;--------;0.0
1.8142564270033927e-05;0.0;0.6670717457127333;0.0
--------;--------;--------;--------;0.0
1.8142564270033927e-05;0.0;0.6670717457127333;0.0
--------;--------;--------;--------;0.0
--------;--------;--------;--------;0.0
--------;--------;--------;--------;0.0
1.8142564270033927e-05;-0.3221728547244842;0.6666666972909888;-3.8966946609332795e-06
1.8142564270033927e-05;-0.3221728547244842;0.6666666972909888;-3.8966946609332795e-06
--------;--------;--------;--------;-0.00011627513184395074
--------;--------;--------;--------;0.0
1.8142564270033927e-05;-0.7584011407734526;0.6666710194964652;-9.172954184704365e-06
1.8142564270033927e-05;-0.7584011407734526;0.6666710194964652;-9.172954184704365e-06
3.6285128540067854e-05;-0.1622212715047911;0.6666667139951645;-3.924146737575664e-06
--------;--------;--------;--------;-0.0003322628303030126
--------;--------;--------;--------;0.0
--------;--------;--------;--------;0.0
--------;--------;--------;--------;0.0
3.6285128540067854e-05;-0.1769349237474405;0.6666666666666666;-4.280070967601988e-06
--------;--------;--------;--------;-6.385743038180381e-05
1.8142564270033927e-05;0.9575856299583124;0.6666668378844681;1.1582042198296678e-05
--------;--------;--------;--------;0.00017280074535101046
--------;--------;--------;--------;0.0
5.442769281010178e-05;-0.6353395371232042;0.6666670508627089;-2.305339005662685e-05
--------;--------;--------;--------;-0.0003439499629209217
--------;--------;--------;--------;0.0
--------;--------;--------;--------;0.0
--------;--------;--------;--------;0.0
1.8142564270033927e-05;0.4178441518793925;0.666666775243809;5.05384374331753e-06
--------;--------;--------;--------;7.54018981092336e-05
--------;--------;--------;--------;0.0
--------;--------;--------;--------;0.0
--------;--------;--------;--------;0.0
1.8142564270033927e-05;0.1005069142381447;0.6666667543635892;1.2156355940101153e-06
1.8142564270033927e-05;0.7973843365454856;0.6666667000750182;9.6443981991017e-06
--------;--------;--------;--------;0.0001620285871746236
--------;--------;--------;--------;0.0
--------;--------;--------;--------;0.0
--------;--------;--------;--------;0.0
3.6285128540067854e-05;-0.1622212715047911;0.6666667139951645;-3.924146737575664e-06
--------;--------;--------;--------;-5.854714302625623e-05
--------;--------;--------;--------;0.0
3.6285128540067854e-05;0.9804395868300536;0.6666669450695958;2.3716927526888676e-05
5.442769281010178e-05;-0.0686794750194093;0.695871029911105;-2.6012113980030678e-06
3.6285128540067854e-05;0.0524655636156166;0.6666671538717928;1.2691474073151763e-06
--------;--------;--------;--------;0.00033397573911490494
--------;--------;--------;--------;0.0
5.442769281010178e-05;0.1357816706270942;0.6352784370238953;4.6948874703354795e-06
--------;--------;--------;--------;7.004637354303564e-05
5.442769281010178e-05;0.7688288167351542;0.8836185800638567;3.697553079821979e-05
1.8142564270033927e-05;-0.9341158436399984;0.6666669965741377;-1.12981767436237e-05
--------;--------;--------;--------;0.0003830987526473125
--------;--------;--------;--------;0.0
--------;--------;--------;--------;0.0
--------;--------;--------;--------;0.0
1.8142564270033927e-05;0.4655964846485458;0.6666666861548717;5.631409595711164e-06
--------;--------;--------;--------;8.401901485550044e-05
--------;--------;--------;--------;0.0
--------;--------;--------;--------;0.0
--------;--------;--------;--------;0.0
--------;--------;--------;--------;0.0
5.442769281010178e-05;0.9549921580403012;0.669160160899992;3.4781620101914686e-05
7.257025708013571e-05;0.1294805818050894;0.6666672387846861;6.264298114859385e-06
3.6285128540067854e-05;0.4833180917051237;0.8461685599281203;1.4839477263569068e-05
3.6285128540067854e-05;0.0051646020117326;0.6666666736267398;1.2493216654031246e-07
1.8142564270033927e-05;-0.702043244080425;0.6666674921313518;-8.491253631213473e-06
1.8142564270033927e-05;0.0020819943399175;0.6666669854380205;2.5181822788726594e-08
1.8142564270033927e-05;0.1352398818032223;0.6666669575977276;1.6357328788191096e-06
1.8142564270033927e-05;-0.0067569310216957;0.6666667933399995;-8.172538574817101e-08
1.8142564270033927e-05;-0.2504091653027822;0.6666669659498156;-3.028710943203462e-06
1.8142564270033927e-05;0.9748170600752184;0.6666668476285705;1.1790457309727984e-05
1.8142564270033927e-05;0.8337302022314301;0.6666669214053469;1.008400637174631e-05
1.8142564270033927e-05;0.7342177197477577;0.6666667654997065;8.88039609566225e-06
1.8142564270033927e-05;-0.8061338163580742;0.6666669255813908;-9.750226835730527e-06
1.8142564270033927e-05;0.9973879135494012;0.6666667613236625;1.2063451261984876e-05
1.8142564270033927e-05;-0.4922668976443836;0.6666684025089304;-5.954004721794815e-06
--------;--------;--------;--------;0.0010918787825238926
--------;--------;--------;--------;0.0
--------;--------;--------;--------;0.0
--------;--------;--------;--------;0.0
--------;--------;--------;--------;0.0
--------;--------;--------;--------;0.0
--------;--------;--------;--------;0.0
--------;--------;--------;--------;0.0
--------;--------;--------;--------;0.0
--------;--------;--------;--------;0.0
--------;--------;--------;--------;0.0
--------;--------;--------;--------;0.0
--------;--------;--------;--------;0.0
5.442769281010178e-05;0.9549921580403012;0.669160160899992;3.4781620101914686e-05
--------;--------;--------;--------;0.0005189317889905852
--------;--------;--------;--------;0.0
--------;--------;--------;--------;0.0
--------;--------;--------;--------;0.0
--------;--------;--------;--------;0.0
--------;--------;--------;--------;0.0
--------;--------;--------;--------;0.0
--------;--------;--------;--------;0.0
--------;--------;--------;--------;0.0
7.257025708013571e-05;-0.6026021968262327;0.6666671705759685;-2.915401959694533e-05
--------;--------;--------;--------;-0.00043496960467567726
--------;--------;--------;--------;0.0
--------;--------;--------;--------;0.0
3.6285128540067854e-05;0.7911707066643898;0.6671386000001452;1.915203532739007e-05
1.8142564270033927e-05;0.5297450424929182;0.6671386000001452;6.411824706648214e-06
3.6285128540067854e-05;0.2865207085548155;0.6666681923147189;6.930976354178097e-06
1.8142564270033927e-05;-0.1046430829802664;0.6666666875468863;-1.265662611896953e-06
--------;--------;--------;--------;0.00046593030942659283
--------;--------;--------;--------;0.0
--------;--------;--------;--------;0.0
5.442769281010178e-05;-0.4661491092026379;0.6666667000750182;-1.6914281193873176e-05
0.0001814256427003;0.0973339070263303;0.5626222262740892;9.935270861789458e-06
--------;--------;--------;--------;-0.00010412483105732663
5.442769281010178e-05;0.0;0.6666667098191206;0.0
--------;--------;--------;--------;0.0
--------;--------;--------;--------;0.0
--------;--------;--------;--------;0.0
--------;--------;--------;--------;0.0
1.8142564270033927e-05;-0.0524655636156183;0.666667251312818;-6.345737964078095e-07
--------;--------;--------;--------;-9.467658908686786e-06
--------;--------;--------;--------;0.0
--------;--------;--------;--------;0.0
--------;--------;--------;--------;0.0
0.000544276928101;0.0760033685365596;0.5159323028492182;2.134250963553243e-05
0.0001632830784303;-0.5857479261683698;0.6666672888972134;-6.376187589111513e-05
0.0001995682069703;0.0320348552170585;0.6666668142202191;4.262093354144664e-06
0.0001814256427003;-0.1708954017118703;0.5923418154520285;-1.8365444311832766e-05
3.6285128540067854e-05;-0.8749435341027529;0.6666667028590474;-2.1164960215828473e-05
3.6285128540067854e-05;0.1499182820464351;0.6666668086521605;3.6265368620806393e-06
0.0001632830784303;-0.3797691295463853;0.464821458771198;-2.8823519423939443e-05
7.257025708013571e-05;0.0753155956111966;0.6020971176275205;3.2908654387707626e-06
--------;--------;--------;--------;-0.0014859108295672031
3.6285128540067854e-05;-0.4863942913126629;0.6666667126031499;-1.1765920398350906e-05
--------;--------;--------;--------;-0.00017554415531957762
--------;--------;--------;--------;0.0
--------;--------;--------;--------;0.0
7.257025708013571e-05;-0.4804741409862949;0.6168235406205708;-2.1507484592956602e-05
3.6285128540067854e-05;0.1180777462305808;0.6666671928482029;2.8563130542057644e-06
--------;--------;--------;--------;-0.00027827012614750103
0.0012155518060922;-0.2292064116309851;0.5391559109032962;-0.0001502154509407053
0.0008345579564215;0.6017393341885258;0.4646983813331014;0.00023336518352591495
0.0003991364139407;0.0161672665415319;0.5109840988124889;3.297352178516854e-06
0.0003991364139407;-0.1373789794528877;0.486402947984926;-2.6670910087897507e-05
0.0001814256427003;-0.2569426339781049;0.6695170480866564;-3.121019500146842e-05
9.071282135016963e-05;-0.6547204758180453;0.7167173551385695;-4.256694858246477e-05
5.442769281010178e-05;-0.2208006650291014;0.6666666903309156;-8.011780796702563e-06
1.8142564270033927e-05;-0.9761652186828562;0.6666667167791939;-1.1806761032916846e-05
1.8142564270033927e-05;-0.6657558699519055;0.6666667348753843;-8.052346596363465e-06
1.8142564270033927e-05;-0.0551310595624514;0.6666668754688635;-6.668127364391096e-07
0.0001088553856202;0.0;0.6666668490205853;0.0
0.0001814256427003;-0.0019008649180075;0.430000257272401;-1.4829231368187548e-07
1.8142564270033927e-05;-0.9823124812243652;0.6666666680586812;-1.1881111574054382e-05
--------;--------;--------;--------;-0.0008141400014708594
--------;--------;--------;--------;0.0
--------;--------;--------;--------;0.0
--------;--------;--------;--------;0.0
1.8142564270033927e-05;0.3622068849503661;0.6666666875468863;4.38090793005201e-06
--------;--------;--------;--------;6.536188891959589e-05
3.6285128540067854e-05;0.4921073669481886;0.6666668114361898;1.1904121961850104e-05
0.0001269979498902;0.1153727785945457;0.6666672847211695;9.768079958895811e-06
--------;--------;--------;--------;0.00032334303235859836
--------;--------;--------;--------;0.0
--------;--------;--------;--------;0.0
--------;--------;--------;--------;0.0
--------;--------;--------;--------;0.0
--------;--------;--------;--------;0.0
--------;--------;--------;--------;0.0
0.0001814256427003;0.0524655636156166;0.6666668726848343;6.345734360068719e-06
0.0002539958997804;0.5927083403777964;0.5773441426357023;8.691655582497634e-05
0.0001814256427003;0.0524655636156166;0.6666668726848343;6.345734360068719e-06
0.0002539958997804;0.5927083403777964;0.5773441426357023;8.691655582497634e-05
1.8142564270033927e-05;-0.5194036092646728;0.6666668852129661;-6.282210968211541e-06
1.8142564270033927e-05;0.2242030931975429;0.666670917879396;2.7117633108983417e-06
--------;--------;--------;--------;0.0027296231490561277
--------;--------;--------;--------;0.0
1.8142564270033927e-05;-0.9986639307280782;0.6666668197882777;-1.207888580590629e-05
--------;--------;--------;--------;-0.00018021350937378808
3.6285128540067854e-05;-0.5390987692065989;0.9730461359546744;-1.903401637454968e-05
--------;--------;--------;--------;-0.00028398206121449247
1.8142564270033927e-05;-0.0795336076851196;0.6666693616070216;-9.619662813502058e-07
--------;--------;--------;--------;-1.4352260816689297e-05
--------;--------;--------;--------;0.0
--------;--------;--------;--------;0.0
1.8142564270033927e-05;0.5828604841960621;0.6666685069100289;7.049741989801071e-06
1.8142564270033927e-05;0.3333333333333341;0.6666836186210278;4.031783466203604e-06
1.8142564270033927e-05;0.5285418673072408;0.666674521805315;6.392811855097934e-06
1.8142564270033927e-05;0.5297450424929182;0.6666725006000487;6.407345056318743e-06
--------;--------;--------;--------;0.00035630784646367464
--------;--------;--------;--------;0.0
--------;--------;--------;--------;0.0
--------;--------;--------;--------;0.0
--------;--------;--------;--------;0.0
5.442769281010178e-05;0.7942020671113044;0.7618555220779042;3.293241334972152e-05
7.257025708013571e-05;-0.0598802928203818;0.6667923781173482;-2.8975651119988058e-06
5.442769281010178e-05;-0.901786078035516;0.666742481352356;-3.2725144903848546e-05
5.442769281010178e-05;0.9985329971501736;0.666742481352356;3.623601851804887e-05
5.442769281010178e-05;0.940554747946798;0.666667176144027;3.41281760095003e-05
5.442769281010178e-05;0.0;0.666667176144027;0.0
5.442769281010178e-05;0.5547711199313534;0.6666698933566164;2.013003882664595e-05
5.442769281010178e-05;0.6596151176288276;0.6666698933566164;2.393433517259144e-05
5.442769281010178e-05;0.9500664985003616;0.668425012239219;3.456420894182639e-05
5.442769281010178e-05;0.248106682419366;0.6667721911209493;9.004007852202155e-06
5.442769281010178e-05;0.9897765490465428;0.666688688338369;3.591535564316753e-05
5.442769281010178e-05;0.976752088457932;0.6668322259286097;3.5450376602994674e-05
5.442769281010178e-05;0.1215119875421242;0.6668166353645724;4.410069922674636e-06
5.442769281010178e-05;0.7227670313732635;0.6667010591725296;2.6227047588937014e-05
5.442769281010178e-05;-0.0074380971272403;0.6667010591725296;-2.6990623376472316e-07
3.6285128540067854e-05;0.920812202539012;0.6667079399009258;2.227590509952716e-05
3.6285128540067854e-05;0.6790768902633628;0.6666832455611026;1.6427336678325783e-05
3.6285128540067854e-05;-0.030369209326426;0.666683015878686;-7.346517920714383e-07
3.6285128540067854e-05;-0.1696003866351259;0.6666880271314122;-4.102779338032142e-06
3.6285128540067854e-05;0.7602997104599698;0.6667187168783164;1.839315108767672e-05
3.6285128540067854e-05;-0.9902047028941948;0.6666830910474768;-2.3953726740153132e-05
3.6285128540067854e-05;0.968072620088674;0.6667065395341917;2.341916023720017e-05
3.6285128540067854e-05;0.6093836455341979;0.6666860671747904;1.4741471581190911e-05
3.6285128540067854e-05;0.8553808504284646;0.6666838357753125;2.0692268960336642e-05
3.6285128540067854e-05;0.6610462440181637;0.6666855270731077;1.599121767858443e-05
3.6285128540067854e-05;0.9940306778336898;0.6666991409763473;2.40468585792869e-05
3.6285128540067854e-05;0.9469983493524718;0.666680922288658;2.2908461073391853e-05
3.6285128540067854e-05;0.9640797022478144;0.6673891556763838;2.3346444546813562e-05
3.6285128540067854e-05;-0.3035047979872805;0.6666865780441655;-7.342026349902057e-06
3.6285128540067854e-05;0.9720689685235548;0.6667747301556639;2.3518243225747486e-05
3.6285128540067854e-05;0.9905055660990834;0.6666869608481931;2.3961143909207965e-05
3.6285128540067854e-05;0.95145635255399;0.6666855006248293;2.3016460920014186e-05
3.6285128540067854e-05;0.958624166273401;0.6667886015816131;2.3193442089725172e-05
3.6285128540067854e-05;-0.0701120272350228;0.6666848672581653;-1.696062249691832e-06
3.6285128540067854e-05;0.5123179128096476;0.6666848505539896;1.2393352242879289e-05
3.6285128540067854e-05;0.6923490889043344;0.6666835963487935;1.674840909739118e-05
3.6285128540067854e-05;-0.990639508568966;0.6670124709450699;-2.3976084704961838e-05
3.6285128540067854e-05;0.0129045944695957;0.6666727428105972;3.1216609118103845e-07
3.6285128540067854e-05;-0.4745821151263842;0.6671004824630891;-1.1487652459919961e-05
3.6285128540067854e-05;0.3955897951271951;0.6666952767436894;9.569761713358542e-06
3.6285128540067854e-05;0.9945481876457712;0.6666861952401378;2.4058910619007383e-05
3.6285128540067854e-05;0.8921784023224353;0.666713084787058;2.1583374690860858e-05
3.6285128540067854e-05;-0.3653298950929788;0.666687287971635;-8.8376348255411e-06
3.6285128540067854e-05;0.8662116125433412;0.666687791880937;2.0954397114176452e-05
3.6285128540067854e-05;0.9891527002200302;0.6667579577711922;2.3930965159838447e-05
3.6285128540067854e-05;0.4453555584111655;0.6666879157702406;1.0773532502905769e-05
3.6285128540067854e-05;0.9104670696373336;0.666714013260827;2.2025840597243478e-05
3.6285128540067854e-05;0.9985811689114956;0.6674131567929132;2.4182812106793614e-05
3.6285128540067854e-05;0.992031447384504;0.6666894428103073;2.3998145572564002e-05
3.6285128540067854e-05;0.979084278420451;0.6667155055005277;2.368586765415593e-05
3.6285128540067854e-05;-0.8998430362308178;0.6666922254475851;-2.1768114674730522e-05
3.6285128540067854e-05;0.7072228924477337;0.6666847684251255;1.7108246894046148e-05
3.6285128540067854e-05;0.1827082502544974;0.6666891588393195;4.419877344479209e-06
3.6285128540067854e-05;0.6892216842466357;0.6672635207865077;1.6687258028368326e-05
3.6285128540067854e-05;0.9378238396475356;0.6666876053509744;2.268675157008188e-05
3.6285128540067854e-05;0.9976841785590904;0.6674484527162817;2.4162367288186634e-05
3.6285128540067854e-05;0.0;0.6666855535213859;0.0
3.6285128540067854e-05;0.7629941977287735;0.6667099555381334;1.8458093493844385e-05
3.6285128540067854e-05;0.1996029363478719;0.666709803808537;4.828724560753917e-06
3.6285128540067854e-05;0.5776204257788469;0.6667035620148635;1.3973460888597372e-05
3.6285128540067854e-05;0.984165799277322;0.6669294525835865;2.3816439259185114e-05
3.6285128540067854e-05;0.0192544531361729;0.6673754164918261;4.662620396261085e-07
3.6285128540067854e-05;0.9900767364919214;0.6666904019083986;2.3950893788782626e-05
3.6285128540067854e-05;-0.631904312943038;0.6666854379841703;-1.5286249882563743e-05
3.6285128540067854e-05;-0.2807830646336655;0.6666828864213239;-6.7923316456465924e-06
3.6285128540067854e-05;0.644672384561507;0.6667090813529356;1.5595672391901478e-05
3.6285128540067854e-05;0.9408944740387808;0.666723412143718;2.2762255273074793e-05
3.6285128540067854e-05;0.3903627854874225;0.6668460207937532;9.44544966956052e-06
3.6285128540067854e-05;0.8465901029265621;0.6666841656827837;2.0479624682773528e-05
3.6285128540067854e-05;0.3325251625645469;0.6668921410230103;8.046532687700984e-06
3.6285128540067854e-05;0.9552401739788414;0.666687634583282;2.3108068435525916e-05
3.6285128540067854e-05;0.7573226069428507;0.6666847127445397;1.8320194657546047e-05
3.6285128540067854e-05;-0.1046430829802664;0.6666821333414003;-2.531383871285951e-06
3.6285128540067854e-05;0.7286410898908027;0.6666679306159653;1.7625923821522995e-05
3.6285128540067854e-05;0.9418357650013972;0.6667601320980695;2.278628201117647e-05
3.6285128540067854e-05;-0.3518875913504895;0.6666689440026277;-8.512220066882891e-06
3.6285128540067854e-05;0.6872389720171577;0.6666984742013318;1.6625162795244137e-05
3.6285128540067854e-05;-0.6081592001343681;0.6667299142441303;-1.4712818859281415e-05
3.6285128540067854e-05;0.9099081929514856;0.6666870694253356;2.201143078085338e-05
3.6285128540067854e-05;0.9150840401924618;0.6666819398513645;2.2136468478837947e-05
3.6285128540067854e-05;0.9038912550690948;0.666700471742349;2.18663156500789e-05
3.6285128540067854e-05;0.9647052152207692;0.6670303207488778;2.3349031337173206e-05
3.6285128540067854e-05;0.1334072251524987;0.6666842631238089;3.227217387695193e-06
3.6285128540067854e-05;0.6844677445859404;0.6666669395015372;1.6557340172014324e-05
3.6285128540067854e-05;-0.5880865678912437;0.6666757147618667;-1.4226057547878152e-05
3.6285128540067854e-05;0.8586830933777887;0.6668611144085618;2.077767610347442e-05
3.6285128540067854e-05;-0.5476065392578937;0.6667086790607029;-1.3247483896066084e-05
3.6285128540067854e-05;0.0666666666666666;0.6666896140281089;1.612727889422542e-06
3.6285128540067854e-05;-0.0382432087983828;0.6667555078254149;-9.25229779322524e-07
3.6285128540067854e-05;0.045045045045045;0.6667572241794736;1.0897915128095052e-06
3.6285128540067854e-05;0.1431452567906166;0.667641168791957;3.4677576353240115e-06
3.6285128540067854e-05;0.2501598020919857;0.6667154289397222;6.051829668725277e-06
3.6285128540067854e-05;-0.1113863272856134;0.6669646482819005;-2.695649144631136e-06
3.6285128540067854e-05;0.7601212675193887;0.6668954150414582;1.8393707729972678e-05
3.6285128540067854e-05;0.9176659680438004;0.6667075111604147;2.2199778429619367e-05
3.6285128540067854e-05;0.5240372298330014;0.6666988263810372;1.2677117005374984e-05
3.6285128540067854e-05;0.9956542561380596;0.6666888734763171;2.4085764052199182e-05
3.6285128540067854e-05;0.2923608770377526;0.666702277185345;7.072612437851714e-06
3.6285128540067854e-05;-0.1204357390792345;0.666705334049508;-2.9135198263510014e-06
3.6285128540067854e-05;0.2487490976568069;0.6666896028919916;6.017469008383964e-06
3.6285128540067854e-05;0.045045045045045;0.6667058059424732;1.0897074714879348e-06
3.6285128540067854e-05;-0.3518875913504895;0.6667555078254149;-8.513325338571373e-06
3.6285128540067854e-05;0.9888010227717604;0.6667400787350767;2.392181540942934e-05
3.6285128540067854e-05;0.0;0.6666693824872413;0.0
3.6285128540067854e-05;0.9884483521618695;0.6666755936565926;2.391097051747655e-05
3.6285128540067854e-05;0.045045045045045;0.6669002369801926;1.0900252622625217e-06
3.6285128540067854e-05;0.7843884324490054;0.6666861924561085;1.8974979133730398e-05
3.6285128540067854e-05;0.9981790168032096;0.667758223303554;2.4185571102501847e-05
3.6285128540067854e-05;-0.0060870113158093;0.6667174195206662;-1.472565350267411e-07
3.6285128540067854e-05;-0.0598802928203818;0.6667961574371125;-1.4487907675697926e-06
3.6285128540067854e-05;0.9150840401924618;0.6666847809532573;2.213656281462048e-05
3.6285128540067854e-05;0.8484756225414194;0.6666881788610086;2.0525360314958524e-05
3.6285128540067854e-05;0.3714630049444105;0.6668272717484839;8.987886650431786e-06
3.6285128540067854e-05;0.9706254651658556;0.6666881760769793;2.3480270724261828e-05
3.6285128540067854e-05;0.045045045045045;0.6667388175698072;1.0897614278456435e-06
3.6285128540067854e-05;-0.0382432087983828;0.6666825996663067;-9.251286076048991e-07
3.6285128540067854e-05;0.5240372298330014;0.6666716820954368;1.267660086334658e-05
3.6285128540067854e-05;-0.7507128116860431;0.6666676410769189;-1.815983378845609e-05
3.6285128540067854e-05;0.2497766162000512;0.6666752748852386;6.042195767886713e-06
3.6285128540067854e-05;-0.8306908990722406;0.6669618155320954;-2.0103380329512882e-05
3.6285128540067854e-05;0.309177354740678;0.6667489194200945;7.479949461438353e-06
3.6285128540067854e-05;0.2450497119685393;0.6670884665926632;5.931524033312167e-06
3.6285128540067854e-05;0.045045045045045;0.6670884665926632;1.0903329170230415e-06
3.6285128540067854e-05;0.9899685470421328;0.6666826247225703;2.394799721819476e-05
3.6285128540067854e-05;-0.7180446462686483;0.6666849493870295;-1.737003786916458e-05
3.6285128540067854e-05;-0.141205627907617;0.6666821333414003;-3.415855485522672e-06
3.6285128540067854e-05;-0.8858221363062175;0.6667270814943252;-2.1430055250004997e-05
3.6285128540067854e-05;-0.4371506993004455;0.6672800286881968;-1.0584442067899148e-05
3.6285128540067854e-05;0.6385619085942928;0.6667619208368899;1.544907435721262e-05
3.6285128540067854e-05;-0.0598802928203818;0.6666692196215277;-1.4485149616383642e-06
3.6285128540067854e-05;-0.0074380971272403;0.6666906455109617;-1.7993467860930224e-07
3.6285128540067854e-05;0.7961028271437787;0.6666685570225561;1.9257850215479975e-05
3.6285128540067854e-05;0.7701182667724114;0.6666813816534913;1.8629638060502668e-05
3.6285128540067854e-05;-0.358117863934023;0.666687992331046;-8.663178930098751e-06
3.6285128540067854e-05;0.9843051333310164;0.6670348907329612;2.3823576881269522e-05
3.6285128540067854e-05;0.686639185694798;0.6666833569222743;1.6610276576620942e-05
3.6285128540067854e-05;0.7843884324490054;0.6666860240223363;1.8974974339829835e-05
3.6285128540067854e-05;-0.7056860348142657;0.6666675366758205;-1.7070627932152392e-05
3.6285128540067854e-05;0.9751649814509592;0.6666815974157615;2.3589852775908015e-05
3.6285128540067854e-05;-0.0382432087983828;0.6666672902892281;-9.25107363398575e-07
3.6285128540067854e-05;0.7286410898908027;0.6666723252062033;1.7626040009371857e-05
3.6285128540067854e-05;0.9150840401924618;0.6666874271730997;2.2136650679550706e-05
3.6285128540067854e-05;0.361277834316515;0.666781390945746;8.740845693261221e-06
3.6285128540067854e-05;0.8982175284762817;0.6667601320980695;2.173100520472603e-05
3.6285128540067854e-05;0.045045045045045;0.6668656746485426;1.0899687713324963e-06
3.6285128540067854e-05;0.7961028271437787;0.6666695912894383;1.925788009203031e-05
3.6285128540067854e-05;0.9470363317025297;0.6666846069514265;2.2909506506642784e-05
3.6285128540067854e-05;0.9217479986400324;0.666667042510621;2.229717564518349e-05
3.6285128540067854e-05;0.045045045045045;0.6666716347669388;1.0896516198889874e-06
3.6285128540067854e-05;-0.0598802928203818;0.666667247136774;-1.4485106758942604e-06
3.6285128540067854e-05;0.9157346942759724;0.6666673445777993;2.2151723252262393e-05
3.6285128540067854e-05;0.2528014942840901;0.6666847614650523;6.115455792550569e-06
3.6285128540067854e-05;-0.4358255885838449;0.6666848338498139;-1.0542945630817613e-05
3.6285128540067854e-05;0.9985315853379036;0.6666873742765431;2.415531489182028e-05
3.6285128540067854e-05;0.846805206955155;0.6667036552798448;2.0485427050091885e-05
3.6285128540067854e-05;0.3232660177603219;0.6667150182954015;7.820399823848567e-06
3.6285128540067854e-05;0.5240372298330014;0.666689467866571;1.2676939055484885e-05
3.6285128540067854e-05;0.9838981097325608;0.6667366919634425;2.3803079551957465e-05
3.6285128540067854e-05;0.2477185295367305;0.6667093444437037;5.992716066474059e-06
3.6285128540067854e-05;0.7544326490080835;0.6666845805031482;1.8250280815030497e-05
3.6285128540067854e-05;-0.1815512602938955;0.6666843703089367;-4.3918571689555174e-06
3.6285128540067854e-05;-0.2578743965868721;0.6666819398513645;-6.238146662839891e-06
3.6285128540067854e-05;0.5022069195968695;0.6666884391677474;1.2148825173362338e-05
3.6285128540067854e-05;0.943058431898738;0.6666855841457081;2.2813311618641325e-05
3.6285128540067854e-05;-0.0524655636156183;0.6666686140951567;-1.2691501871712306e-06
3.6285128540067854e-05;-0.1046430829802664;0.6667290150026689;-2.53156188037793e-06
3.6285128540067854e-05;0.9757464529702128;0.666704047827975;2.3604713795570664e-05
3.6285128540067854e-05;0.9652205060095036;0.6666932986908772;2.334969949075831e-05
3.6285128540067854e-05;-0.4690317535535029;0.6666891142948508;-1.1346300344808344e-05
3.6285128540067854e-05;0.9995371590414296;0.6666703095689956;2.4179021652927823e-05
3.6285128540067854e-05;0.045045045045045;0.6666829755102612;1.089670155939852e-06
3.6285128540067854e-05;-0.1046430829802664;0.6666855813616789;-2.5313969633765965e-06
3.6285128540067854e-05;0.6348293399227387;0.6667416586717001;1.535830356405404e-05
1.8142564270033927e-05;0.7809387548647555;0.6666809097605263;9.445689500181205e-06
3.6285128540067854e-05;-0.2438926934696295;0.6670323308180268;-5.903021164917125e-06
1.8142564270033927e-05;0.6748749706757899;0.6671614735848113;8.168700083847065e-06
1.8142564270033927e-05;-0.5068356362731155;0.666686906559622;-6.130384848801703e-06
1.8142564270033927e-05;0.861447358381147;0.6667086540044392;1.0419898924181758e-05
1.8142564270033927e-05;-0.8071910852157977;0.6666926166037006;-9.763390785422466e-06
1.8142564270033927e-05;0.7002076436026572;0.6670346206821198;8.473715777666855e-06
1.8142564270033927e-05;0.9624009858411297;0.6666951514623713;1.1640778515990628e-05
1.8142564270033927e-05;0.3939432943465886;0.6667081807194595;4.765057731098979e-06
1.8142564270033927e-05;0.9923617352047248;0.6667062249388817;1.2003369913317371e-05
1.8142564270033927e-05;0.7892792534492936;0.6666687212802843;9.546395809613709e-06
1.8142564270033927e-05;0.986821327865912;0.6666859920059994;1.193599223318571e-05
1.8142564270033927e-05;-0.057266070833599;0.6667040283397699;-6.92674397430125e-07
1.8142564270033927e-05;-0.2139236161056783;0.6666887231387353;-2.5875009065969205e-06
1.8142564270033927e-05;-0.2504261910059409;0.6667034283814575;-3.029082532342214e-06
1.8142564270033927e-05;0.5490466099382825;0.6666950929977562;6.641025429940783e-06
1.8142564270033927e-05;0.4499954782063213;0.6667935877780757;5.443750782799105e-06
1.8142564270033927e-05;0.8944412437836013;0.6670306910247736;1.0824212357300271e-05
1.8142564270033927e-05;0.7988808154868938;0.6666834153868894;9.662740444417819e-06
1.8142564270033927e-05;-0.4822783092408509;0.6667026084848309;-5.833491296767526e-06
1.8142564270033927e-05;0.8709067789857585;0.6667015060092311;1.0534205285717334e-05
1.8142564270033927e-05;0.3752532236188823;0.666708127822903;4.538986087890821e-06
1.8142564270033927e-05;-0.6026065826551856;0.6666807107024318;-7.288705977948129e-06
1.8142564270033927e-05;0.9545376938823472;0.6667223597806455;1.154613878634979e-05
1.8142564270033927e-05;0.5240904207542738;0.6666846222635877;6.339066822557154e-06
1.8142564270033927e-05;0.8680926154748703;0.6666865307156675;1.0499930226434283e-05
1.8142564270033927e-05;-0.2191181428825614;0.6666865307156675;-2.650322293496522e-06
1.8142564270033927e-05;-0.5106499654606504;0.6666865307156675;-6.176517242385321e-06
1.8142564270033927e-05;0.9772045737068358;0.6666883751350737;1.181971605833148e-05
1.8142564270033927e-05;-0.2299068673899944;0.6666861799279767;-2.780814803596642e-06
1.8142564270033927e-05;0.8194180017818014;0.666799066747723;9.912864146018418e-06
1.8142564270033927e-05;-0.049192295336101;0.6666929311990107;-5.950063602393476e-07
1.8142564270033927e-05;0.9619023767979896;0.6670820048606757;1.1641498684567066e-05
1.8142564270033927e-05;0.7626079321870758;0.6666999636570031;9.224236300979077e-06
1.8142564270033927e-05;0.9058403271299432;0.6666916575056094;1.095658827499928e-05
1.8142564270033927e-05;-0.7662797504340344;0.6666701620154432;-9.268235007366081e-06
1.8142564270033927e-05;0.9846006711295234;0.6666835559803687;1.1909089001057498e-05
1.8142564270033927e-05;0.6052583879729407;0.6667088321823139;7.321089152814623e-06
1.8142564270033927e-05;-0.9251516312902924;0.6666833958986843;-1.11900294139919e-05
1.8142564270033927e-05;0.6659169695920624;0.6666851331329628;8.054517381084259e-06
1.8142564270033927e-05;0.9823994798747592;0.6666819092270423;1.1882435473549188e-05
1.8142564270033927e-05;0.8052921359288361;0.66668368822176;9.740291574176153e-06
1.8142564270033927e-05;0.0;0.666711483970215;0.0
1.8142564270033927e-05;0.4476616737251839;0.6666814081017696;5.41460685049258e-06
1.8142564270033927e-05;-0.1499462503227033;0.6671197423777335;-1.814838873814637e-06
1.8142564270033927e-05;0.975931006458728;0.6666848074015356;1.1804248536405302e-05
1.8142564270033927e-05;0.9749463762271782;0.6673539474499381;1.1804174834942941e-05
1.8142564270033927e-05;0.444926804234568;0.6669265947775179;5.383506929977027e-06
1.8142564270033927e-05;0.6514864800187228;0.6668715976708621;7.882179099603619e-06
1.8142564270033927e-05;0.960503804150716;0.6667038014413826;1.1617981776269375e-05
1.8142564270033927e-05;0.8307167253451389;0.6670348907329612;1.0053104013509643e-05
1.8142564270033927e-05;0.5384578402067206;0.6670348907329612;6.516267831538964e-06
1.8142564270033927e-05;0.0681559550771431;0.6666831147117258;8.243695353141788e-07
1.8142564270033927e-05;0.908671761996128;0.6666700367341251;1.0990479452624698e-05
1.8142564270033927e-05;0.8551585831169528;0.6667068931059118;1.0343803807448562e-05
1.8142564270033927e-05;-0.3487280268018271;0.6666881148283349;-4.218016124681419e-06
1.8142564270033927e-05;0.848569509906135;0.6666828363087965;1.0263733516017843e-05
1.8142564270033927e-05;0.9882531802776272;0.6666866323327367;1.1953322532183243e-05
1.8142564270033927e-05;0.7465689220462828;0.66668699286453;9.030058411893357e-06
1.8142564270033927e-05;0.7821379742560994;0.6668703963622225;9.462883232680397e-06
1.8142564270033927e-05;-0.9686493093404258;0.6673365068984362;-1.172762652633071e-05
1.8142564270033927e-05;0.7358159778080251;0.6666846361837341;8.899965664528052e-06
1.8142564270033927e-05;-0.6335329541051198;0.6666969596893967;-7.662956410038742e-06
1.8142564270033927e-05;0.826328328202542;0.6667085537793846;9.99510449469064e-06
1.8142564270033927e-05;0.953656347151502;0.6668380515099039;1.1537479641222811e-05
1.8142564270033927e-05;0.9891527002200302;0.6667124820447162;1.196466648315335e-05
3.6285128540067854e-05;0.1337156365237901;0.6666844009332589;3.2346787507491934e-06
3.6285128540067854e-05;0.6943784613916124;0.6666917549466347;1.6797706599260438e-05
1.8142564270033927e-05;0.9609782385973552;0.6666912788776256;1.1623502074856925e-05
1.8142564270033927e-05;0.6205173694146136;0.6666920069012856;7.50546944487627e-06
1.8142564270033927e-05;0.9842667689864611;0.6666807107024318;1.1904999529539365e-05
1.8142564270033927e-05;0.9854011357822814;0.6666733998415102;1.1918589332166026e-05
1.8142564270033927e-05;0.6957340475308367;0.6667036970402842;8.41540052696184e-06
1.8142564270033927e-05;0.1943218363427681;0.6667189451687184;2.3505152442841614e-06
1.8142564270033927e-05;0.9931840244996404;0.6667041202127366;1.2013278202858865e-05
1.8142564270033927e-05;0.8662116125433412;0.6666908000245874;1.047724583096769e-05
3.6285128540067854e-05;0.94606177781899;0.6667125558214925;2.2886890758349166e-05
1.8142564270033927e-05;-0.1320378724218971;0.6666845387427088;-1.59704653698654e-06
1.8142564270033927e-05;0.9973265330267924;0.6667230961563932;1.2063728187712846e-05
1.8142564270033927e-05;-0.7989649620604731;0.6666749672500017;-9.663635768347845e-06
3.6285128540067854e-05;-0.0357693893667916;0.6666860323744241;-8.652897286744031e-07
3.6285128540067854e-05;0.9314663553528956;0.6667065172619574;2.253359784190634e-05
3.6285128540067854e-05;0.9337925162187668;0.666687150162185;2.258921502497018e-05
--------;--------;--------;--------;0.03398695102158126
--------;--------;--------;--------;0.0
1.8142564270033927e-05;0.655267418904002;0.666667703717578;7.925499836384465e-06
--------;--------;--------;--------;0.00011824618280254222
--------;--------;--------;--------;0.0
--------;--------;--------;--------;0.0
--------;--------;--------;--------;0.0
--------;--------;--------;--------;0.0
--------;--------;--------;--------;0.0
--------;--------;--------;--------;0.0
1.8142564270033927e-05;-0.5393446536313524;0.6666668601567024;-6.523398588122388e-06
1.8142564270033927e-05;0.0924099319743254;0.6666668949570685;1.1177024694300957e-06
1.8142564270033927e-05;-0.6021981066753475;0.6666675951404356;-7.283622046397384e-06
--------;--------;--------;--------;-0.0001893209849680989
--------;--------;--------;--------;0.0
--------;--------;--------;--------;0.0
--------;--------;--------;--------;0.0
0.0002902810283205;-0.2013682761330144;0.6165438649061148;-3.603907915209264e-05
1.8142564270033927e-05;-0.2983591803415095;0.6666666694506959;-3.6086670850036043e-06
5.442769281010178e-05;-0.988644871645716;0.6666666666666666;-3.587310624814369e-05
--------;--------;--------;--------;-0.001126749443281461
--------;--------;--------;--------;0.0
--------;--------;--------;--------;0.0
--------;--------;--------;--------;0.0
--------;--------;--------;--------;0.0
--------;--------;--------;--------;0.0
9.071282135016963e-05;0.1293568889020242;0.6666765096022297;7.823001069159898e-06
3.6285128540067854e-05;-0.5033239852062725;0.6666672443527447;-1.2175460884054768e-05
--------;--------;--------;--------;-6.493745120655525e-05
--------;--------;--------;--------;0.0
--------;--------;--------;--------;0.0
1.8142564270033927e-05;0.0524655636156166;0.6666667474035162;6.345733167567514e-07
--------;--------;--------;--------;9.467651752430668e-06
--------;--------;--------;--------;0.0
3.6285128540067854e-05;-0.4520038192134107;0.961823348811266;-1.5774880787798208e-05
--------;--------;--------;--------;-0.0002353566936887653
7.257025708013571e-05;0.0;0.6666682368591875;0.0
1.8142564270033927e-05;0.0;0.6666674392347952;0.0
3.6285128540067854e-05;0.0;0.6666669520296691;0.0
1.8142564270033927e-05;0.5217391304347823;0.6666675881803624;6.310465860162119e-06
1.8142564270033927e-05;0.8461538461538458;0.6666689593147889;1.0234302219481312e-05
--------;--------;--------;--------;0.0002468431911120514
--------;--------;--------;--------;0.0
--------;--------;--------;--------;0.0
1.8142564270033927e-05;0.9561050375840794;0.6666673195215357;1.156414272006414e-05
--------;--------;--------;--------;0.0001725336902732426
--------;--------;--------;--------;0.0
--------;--------;--------;--------;0.0
--------;--------;--------;--------;0.0
--------;--------;--------;--------;0.0
--------;--------;--------;--------;0.0
--------;--------;--------;--------;0.0
--------;--------;--------;--------;0.0
0.0001814256427003;-0.7052304029805501;0.6694968579228727;-8.566003354688172e-05
--------;--------;--------;--------;-0.0012780231145998247
--------;--------;--------;--------;0.0
--------;--------;--------;--------;0.0
3.6285128540067854e-05;0.713901300849398;0.6675870347343817;1.7293174859016578e-05
9.071282135016963e-05;0.9961876970281984;0.6669501490573458;6.027028184673625e-05
3.6285128540067854e-05;0.9616924333487946;0.6760355339451396;2.359035024837e-05
3.6285128540067854e-05;0.9895537386387938;0.6666743547635575;2.393766578533297e-05
3.6285128540067854e-05;0.9476391908957004;0.6667814132179802;2.2927418818417548e-05
--------;--------;--------;--------;0.0022083993780468627
1.8142564270033927e-05;-0.2350205919337862;0.6666670717429287;-2.8425858564884526e-06
1.8142564270033927e-05;-0.2966821414519711;0.6666672568808766;-3.5883863895812652e-06
--------;--------;--------;--------;-9.594826011046134e-05
1.8142564270033927e-05;-0.3173693922225791;0.6666667947320141;-3.838597134546603e-06
--------;--------;--------;--------;-5.7270767503286815e-05
1.8142564270033927e-05;-0.2989472030180045;0.6666666791947984;-3.6157792973491224e-06
--------;--------;--------;--------;-5.3946389324895505e-05
--------;--------;--------;--------;0.0
--------;--------;--------;--------;0.0
--------;--------;--------;--------;0.0
--------;--------;--------;--------;0.0
5.442769281010178e-05;0.2864445450028332;0.6666849466030003;1.0393962128663504e-05
--------;--------;--------;--------;0.00015507493171172966
--------;--------;--------;--------;0.0
1.8142564270033927e-05;0.6664433399698504;0.6666671608318661;8.060666726773096e-06
--------;--------;--------;--------;0.00012026283401189188
1.8142564270033927e-05;-0.9013082619178752;0.6666666722347252;-1.090136213702088e-05
--------;--------;--------;--------;-0.0001626451942037933
0.0005261343638309;0.2660854907234333;0.6288053063803956;8.803068065482487e-05
--------;--------;--------;--------;0.00131339248903338
7.257025708013571e-05;-0.047192410936262;0.5940456154067099;-2.0344668660286365e-06
0.0001088553856202;0.90975896879363;0.6666668545886438;6.602146085663067e-05
5.442769281010178e-05;-0.5511516936653811;0.6666666736267398;-1.9998610258512137e-05
--------;--------;--------;--------;0.0006562940598514895
--------;--------;--------;--------;0.0
0.0307335038734374;0.3985849321194197;0.4230609826674054;0.00518245962012578
0.0092708503419873;-0.0173881234685376;0.4453217913844258;-7.178707086705862e-05
0.0049347774814492;-0.2631899973696307;0.4096459387739383;-0.0005320416205875045
0.0055879097951704;-0.0445655008397157;0.4678047472744911;-0.0001164964799815874
0.0032838041328761;-0.0920681040425591;0.4930225967154464;-0.00014905730668337771
0.0039006513180572;0.2735727326193092;0.4284592585353534;0.00045721394777326746
0.0038099384967071;-0.2579789755466358;0.4244810574768641;-0.00041721565254875805
0.0022678205337542;0.2434300380634373;0.666666727915311;0.0003680371263812125
0.0014151200130626;-0.3981353269810838;0.4742629902415627;-0.000267204164701789
0.001088553856202;-0.0617378252879226;0.6193393319118882;-4.162266746586144e-05
0.0002177107712404;0.1909268663432316;0.7421825017414448;3.085017782882914e-05
3.6285128540067854e-05;0.7251354617222837;0.8499113271039545;2.2362555293184742e-05
5.442769281010178e-05;-0.5148475269692399;0.6666668142202191;-1.8681312829355115e-05
1.8142564270033927e-05;-0.0273151520730607;0.6666668295323802;-3.3037801539835994e-07
5.442769281010178e-05;0.0394483128072669;0.6666667028590474;1.4313871786084448e-06
0.0012881220631724;0.1031089561842423;0.581846465077602;7.727905620255456e-05
5.442769281010178e-05;0.3814031433275582;0.6666748266565224;1.3839431473583664e-05
5.442769281010178e-05;0.0798267534537389;0.6666666736267398;2.8965240402452496e-06
0.000544276928101;-0.132986281576079;0.5676356117910677;-4.1086240299490734e-05
0.0001995682069703;0.2593811768629899;0.6666672387846861;3.4509520540847844e-05
0.0008708430849616;0.5015598071828832;0.514250975399777;0.00022461448435431413
--------;--------;--------;--------;0.0710174001887499
--------;--------;--------;--------;0.0
--------;--------;--------;--------;0.0
--------;--------;--------;--------;0.0
1.8142564270033927e-05;-0.6821268099399538;0.6666895708756548;-8.25063644481299e-06
--------;--------;--------;--------;-0.00012309712768043357
--------;--------;--------;--------;0.0
--------;--------;--------;--------;0.0
1.8142564270033927e-05;-0.8004090392106189;0.6666672429607301;-9.680989992768197e-06
1.8142564270033927e-05;0.0524655636156166;0.6666666666666666;6.345732399065851e-07
--------;--------;--------;--------;-0.00013496994147372832
--------;--------;--------;--------;0.0
7.257025708013571e-05;-0.5195392963951708;0.6666667153871793;-2.5135402038667954e-05
--------;--------;--------;--------;-0.0003750129841193203
1.8142564270033927e-05;-0.1852407022283149;0.6666668197882777;-2.240494745004409e-06
1.8142564270033927e-05;0.4617046036523657;0.6666673236975796;5.5843424673120775e-06
--------;--------;--------;--------;4.988924827436919e-05
7.257025708013571e-05;0.0257694466570279;0.6666668796449075;1.2467306440985271e-06
1.8142564270033927e-05;-0.5819048938077649;0.6666667112111353;-7.03816509357005e-06
--------;--------;--------;--------;-8.64065397436884e-05
--------;--------;--------;--------;0.0
1.8142564270033927e-05;0.0259102162377844;0.6667275895796712;3.134138140696683e-07
--------;--------;--------;--------;4.6760441507031035e-06
0.000562419492371;-0.5842266278244157;0.6666667181712085;-0.00021905364589047118
5.442769281010178e-05;0.4578924261685773;0.6666666666666666;1.6614685541050353e-05
3.6285128540067854e-05;0.1003922890072909;0.6666670592147969;2.4284995039943613e-06
--------;--------;--------;--------;-0.002984098669332397
9.071282135016963e-05;-0.8831695748774422;0.7086760592222265;-5.677544349036765e-05
7.257025708013571e-05;-0.7667545621160019;0.6666670452946504;-3.7095738194964964e-05
0.0002177107712404;-0.0646642754869209;0.500919762000361;-7.052003153939616e-06
5.442769281010178e-05;-0.6242221147686463;0.9201853569282394;-3.126326944325299e-05
--------;--------;--------;--------;-0.001972183958083566
--------;--------;--------;--------;0.0
--------;--------;--------;--------;0.0
3.6285128540067854e-05;0.7939735303170461;0.6668791451742736;1.921240912167608e-05
1.8142564270033927e-05;0.7939735303170461;0.666837047867344;9.60559816109567e-06
1.8142564270033927e-05;0.7259328544993484;0.6666673696340629;8.780198237268955e-06
1.8142564270033927e-05;0.7939735303170461;0.6669185614609948;9.606772341246248e-06
1.8142564270033927e-05;0.7939735303170461;0.6671687914058062;9.610376832486528e-06
1.8142564270033927e-05;0.7939735303170461;0.6666687365924454;9.603173685014402e-06
1.8142564270033927e-05;0.7939735303170461;0.6666795553302756;9.603329525858187e-06
3.6285128540067854e-05;0.7939735303170461;0.6666697555471665;1.920637672553515e-05
1.8142564270033927e-05;0.7939735303170461;0.666876319384542;9.606163856140039e-06
1.8142564270033927e-05;0.7939735303170461;0.6666873492202795;9.60344179462869e-06
1.8142564270033927e-05;0.7939735303170461;0.6667899755000689;9.604920097022921e-06
1.8142564270033927e-05;0.7939735303170461;0.6666774826204674;9.603299669062459e-06
1.8142564270033927e-05;0.7939735303170461;0.6666774826204674;9.603299669062459e-06
1.8142564270033927e-05;0.7939735303170461;0.6666774826204674;9.603299669062459e-06
1.8142564270033927e-05;0.7259328544993484;0.6666668030841019;8.78019077564537e-06
1.8142564270033927e-05;0.7939735303170461;0.6666706798448915;9.60320167701362e-06
0.0001632830784303;-0.1313482919288281;0.4972388065164881;-1.066425753823561e-05
3.6285128540067854e-05;-0.3756097560975611;0.6666669172293029;-9.086035602199293e-06
3.6285128540067854e-05;0.6816485481516042;0.8521433343936312;2.107666201152001e-05
9.071282135016963e-05;-0.1252463854725171;0.538783551299277;-6.121363989938219e-06
1.8142564270033927e-05;-0.305553022139492;0.6666666666666666;-3.695676894712555e-06
7.257025708013571e-05;0.0716170127799777;0.6666669283654201;3.4648447126206768e-06
--------;--------;--------;--------;0.002479808844864561
--------;--------;--------;--------;0.0
1.0;0.2301337468469547;0.5092609223291736;0.11719812417834871
0.2924399934686769;-0.1132213843086209;0.5155787145991031;-0.017071048864278498
0.1734973421143344;-0.0270590311235902;0.5543157290197538;-0.002602329412543996
0.1006912316986883;-0.3498177801674613;0.4722005338729294;-0.016632594770785325
0.0752734991563707;-0.2976529814160178;0.5016336938688462;-0.01123929425705161
0.0335818864638328;-0.1362114550167049;0.4697275043163422;-0.002148645220192114
0.027812551025962;0.2806194876500443;0.5240704502638152;0.0040902356074936615
0.0157840309149295;-0.4006731146371925;0.4533693971278256;-0.0028672154381012174
0.0128993631959941;-0.2303264728256904;0.4029953582378062;-0.0011973253341558434
0.0115749560042816;-0.3371137085158222;0.5093483062883127;-0.0019875159770842937
0.0071844554509334;0.1916143607089764;0.4446020085997734;0.0006120590602245634
0.0060233313376512;0.0269588011163917;0.4847032090492979;7.870697547478346e-05
0.0057330503093307;0.1555304336835383;0.4351041077912248;0.00038796658255762096
0.0049710626099892;-0.353305223602211;0.4796922891220903;-0.0008424847123927886
0.0041909323463778;-0.0131966780037839;0.4773768807831868;-2.6401989420632037e-05
0.0035378000326566;0.065837596514273;0.4918977109033283;0.00011457293833824632
0.0028846677189353;0.2523787009742153;0.5766221510276502;0.0004197974701874219
0.0021045374553239;-0.2683519978726651;0.5192848555806865;-0.00029326966928592353
0.0024311036121845;0.0085940064289921;0.4879428072159136;1.0194550071191192e-05
0.0011792666775522;0.1924561167138092;0.527540043087804;0.00011972895057496332
0.0015421179629528;0.0161482380244572;0.5437106356235389;1.3539747539697282e-05
0.0012518369346323;-0.1600502134598498;0.4919507556685584;-9.856566371845349e-05
0.0009071282135016;0.5787442609101516;0.6666673083854185;0.00034999716854844804
0.0007982728278814;0.4518258192468286;0.6098742380479613;0.0002199696075530222
0.0007619876993414;0.3828943746760725;0.5442603612766365;0.00015879384040101122
0.0010341261633919;0.2002887971675807;0.4402520117476383;9.11867072218606e-05
0.0004172789782107;-0.4556839632168281;0.5330053058860975;-0.00010134954035159822
0.0004354215424808;0.9661376703280546;0.6666667474035162;0.00028045147040618024
9.071282135016963e-05;0.7609087486229701;0.8048921007957639;5.555701674495349e-05
5.442769281010178e-05;-0.0797513404324915;0.6666669812619767;-2.8937890043936938e-06
0.0001632830784303;-0.4114230757292938;0.6666667000750182;-4.478561980588151e-05
0.0001814256427003;-0.1265857698684318;0.4695988388506341;-1.0784762159185815e-05
9.071282135016963e-05;-0.0851025011801307;0.6666667877719409;-5.146592925589683e-06
5.442769281010178e-05;-0.3756097560975611;0.6666668490205853;-1.362905200886908e-05
1.8142564270033927e-05;0.9985363166471324;0.6685816960157781;1.2112032223322045e-05
1.8142564270033927e-05;-0.4215026112662945;0.6666666791947984;-5.0980922390616046e-06
3.6285128540067854e-05;0.1158703533265423;0.6666667139951645;2.8029139752776585e-06
--------;--------;--------;--------;1.0
--------;--------;--------;--------;0.0
--------;--------;--------;--------;0.0
--------;--------;--------;--------;0.0
--------;--------;--------;--------;0.0
--------;--------;--------;--------;0.0
--------;--------;--------;--------;0.0
--------;--------;--------;--------;0.0
--------;--------;--------;--------;0.0
1.8142564270033927e-05;-0.5496427214762512;0.6666666722347252;-6.647952322150443e-06
--------;--------;--------;--------;-9.918554056852964e-05
--------;--------;--------;--------;0.0
--------;--------;--------;--------;0.0
5.442769281010178e-05;0.6686230220156612;0.8783611222211012;3.196497403584282e-05
3.6285128540067854e-05;0.0524655636156166;0.666666727915311;1.2691465964134223e-06
7.257025708013571e-05;0.3275245192930228;0.5325485551990614;1.2657900872059828e-05
1.8142564270033927e-05;-0.930917071469153;0.6666666736267398;-1.1259481983684143e-05
1.8142564270033927e-05;-0.7996872828844008;0.6666667000750182;-9.672252435140352e-06
3.6285128540067854e-05;-0.1530411681993881;0.6666667947320141;-3.702079684520006e-06
1.8142564270033927e-05;-0.8992161752518133;0.6666667181712085;-1.0876059008356331e-05
1.8142564270033927e-05;-0.7914448650195709;0.6666667334833696;-9.572560512614229e-06
3.6285128540067854e-05;0.1163464703988907;0.6666668086521605;2.8144316884838814e-06
--------;--------;--------;--------;5.406933180514016e-05
--------;--------;--------;--------;0.0
--------;--------;--------;--------;0.0
--------;--------;--------;--------;0.0
--------;--------;--------;--------;0.0
--------;--------;--------;--------;0.0
--------;--------;--------;--------;0.0
--------;--------;--------;--------;0.0
--------;--------;--------;--------;0.0
--------;--------;--------;--------;0.0
--------;--------;--------;--------;0.0
--------;--------;--------;--------;0.0
--------;--------;--------;--------;0.0
--------;--------;--------;--------;0.0
--------;--------;--------;--------;0.0
--------;--------;--------;--------;0.0
--------;--------;--------;--------;0.0
--------;--------;--------;--------;0.0
--------;--------;--------;--------;0.0
--------;--------;--------;--------;0.0
--------;--------;--------;--------;0.0
--------;--------;--------;--------;0.0
5.442769281010178e-05;0.8433122435377323;0.666666865724761;3.059970229285453e-05
--------;--------;--------;--------;0.00045653877556256175
--------;--------;--------;--------;0.0
--------;--------;--------;--------;0.0
1.8142564270033927e-05;-0.718148700036046;0.6666667432274722;-8.686040294745435e-06
--------;--------;--------;--------;-0.00012959322815294703
--------;--------;--------;--------;0.0
--------;--------;--------;--------;0.0
--------;--------;--------;--------;0.0
--------;--------;--------;--------;0.0
1.8142564270033927e-05;-0.1767746192214112;0.666667333441682;-2.138098732134235e-06
--------;--------;--------;--------;-3.189981941191528e-05
--------;--------;--------;--------;0.0
--------;--------;--------;--------;0.0
0.0003084235925905;0.9981553986983174;0.66692425322355;0.00020531574857892915
0.0002721384640505;-0.8982350979078115;0.6666670091022695;-0.0001629629636403596
--------;--------;--------;--------;0.0006318913952974703
1.8142564270033927e-05;0.2434749049898679;0.6666722068849584;2.9448638805257866e-06
--------;--------;--------;--------;4.3936523870286277e-05
--------;--------;--------;--------;0.0
--------;--------;--------;--------;0.0
--------;--------;--------;--------;0.0
--------;--------;--------;--------;0.0
0.0001088553856202;-0.0638063747641147;0.6666668142202191;-4.630446044841054e-06
5.442769281010178e-05;-0.7541953733829778;0.6666669144452736;-2.736608623861813e-05
--------;--------;--------;--------;-0.0004773790781078785
--------;--------;--------;--------;0.0
--------;--------;--------;--------;0.0
--------;--------;--------;--------;0.0
--------;--------;--------;--------;0.0
--------;--------;--------;--------;0.0
--------;--------;--------;--------;0.0
--------;--------;--------;--------;0.0
0.0011792666775522;0.0919363410522556;0.5380730839603513;5.83365189185425e-05
9.071282135016963e-05;0.9172730610500898;0.7200005375033489;5.991011239258757e-05
0.0002358533355104;0.851214834387269;0.8398104850803222;0.00016860191329060365
--------;--------;--------;--------;0.004279697954935949
3.6285128540067854e-05;0.9804395868300536;0.6666682953238026;2.3716975562690365e-05
--------;--------;--------;--------;0.0003538504682108063
--------;--------;--------;--------;0.0
--------;--------;--------;--------;0.0
--------;--------;--------;--------;0.0
--------;--------;--------;--------;0.0
--------;--------;--------;--------;0.0
--------;--------;--------;--------;0.0
0.0003447087211306;-0.2261509697174084;0.7953751757703986;-6.200443546694467e-05
7.257025708013571e-05;0.4456972599874998;0.8944538488626063;2.893054152820892e-05
--------;--------;--------;--------;-0.0004934530047830696
--------;--------;--------;--------;0.0
0.0001269979498902;-0.4059655320288231;0.5585263641358165;-2.879582662927807e-05
--------;--------;--------;--------;-0.0004296254684056941
--------;--------;--------;--------;0.0
--------;--------;--------;--------;0.0
1.8142564270033927e-05;0.5129678358115575;0.6666671148953827;6.2043721245780826e-06
--------;--------;--------;--------;9.256745133598262e-05
--------;--------;--------;--------;0.0
0.0001269979498902;0.6922336962434426;0.9002637915386132;7.91442247514484e-05
5.442769281010178e-05;-0.2982096122178821;0.5860405130301759;-9.511942205121508e-06
3.6285128540067854e-05;0.5209711728323901;0.8087342827788626;1.528791334418498e-05
5.442769281010178e-05;-0.1092337066694211;0.6666807538548859;-3.9636428405123355e-06
1.8142564270033927e-05;0.2379888268156424;0.6666671914561882;2.8784873232667048e-06
1.8142564270033927e-05;0.0524655636156166;0.6666666958989742;6.345732677316453e-07
3.6285128540067854e-05;0.0524655636156166;0.6666668309243948;1.2691467925138466e-06
3.6285128540067854e-05;0.0524655636156166;0.6666668504125999;1.2691468296139267e-06
1.8142564270033927e-05;0.99867891534197;0.6666667098191206;1.2079065053008203e-05
3.6285128540067854e-05;0.5358257762979806;0.6666673835542094;1.2961685383460435e-05
3.6285128540067854e-05;0.8960198491968241;0.6666666666666666;2.167479693503932e-05
3.6285128540067854e-05;0.5358257762979806;0.6666673835542094;1.2961685383460435e-05
3.6285128540067854e-05;0.8960198491968241;0.6666666666666666;2.167479693503932e-05
--------;--------;--------;--------;0.0025118819371102896
0.0001269979498902;0.6922336962434426;0.9002637915386132;7.91442247514484e-05
5.442769281010178e-05;-0.2982096122178821;0.5860405130301759;-9.511942205121508e-06
3.6285128540067854e-05;0.5209711728323901;0.8087342827788626;1.528791334418498e-05
5.442769281010178e-05;-0.1092337066694211;0.6666807538548859;-3.9636428405123355e-06
1.8142564270033927e-05;0.2379888268156424;0.6666671914561882;2.8784873232667048e-06
1.8142564270033927e-05;0.0524655636156166;0.6666666958989742;6.345732677316453e-07
3.6285128540067854e-05;0.0524655636156166;0.6666668309243948;1.2691467925138466e-06
3.6285128540067854e-05;0.0524655636156166;0.6666668504125999;1.2691468296139267e-06
1.8142564270033927e-05;0.99867891534197;0.6666667098191206;1.2079065053008203e-05
3.6285128540067854e-05;0.5358257762979806;0.6666673835542094;1.2961685383460435e-05
3.6285128540067854e-05;0.8960198491968241;0.6666666666666666;2.167479693503932e-05
--------;--------;--------;--------;0.001995115562191187
--------;--------;--------;--------;0.0
--------;--------;--------;--------;0.0
5.442769281010178e-05;-0.3026759615654517;0.666667227648569;-1.098264541298125e-05
7.257025708013571e-05;0.1913209130729243;0.6666669896140645;9.256143048207737e-06
5.442769281010178e-05;-0.3026759615654517;0.666667227648569;-1.098264541298125e-05
7.257025708013571e-05;0.1913209130729243;0.6666669896140645;9.256143048207737e-06
--------;--------;--------;--------;-5.151783949242056e-05
--------;--------;--------;--------;0.0
--------;--------;--------;--------;0.0
--------;--------;--------;--------;0.0
1.8142564270033927e-05;0.2737287234067467;0.666668923122408;3.310771843851436e-06
3.6285128540067854e-05;0.008924896606971;0.6666672387846861;2.1589419900245544e-07
--------;--------;--------;--------;5.261684514488079e-05
1.8142564270033927e-05;0.2737287234067467;0.666668923122408;3.310771843851436e-06
--------;--------;--------;--------;4.939576566115466e-05
3.6285128540067854e-05;0.008924896606971;0.6666672387846861;2.1589419900245544e-07
--------;--------;--------;--------;3.221079483726127e-06
--------;--------;--------;--------;0.0
--------;--------;--------;--------;0.0
--------;--------;--------;--------;0.0
--------;--------;--------;--------;0.0
--------;--------;--------;--------;0.0
--------;--------;--------;--------;0.0
--------;--------;--------;--------;0.0
--------;--------;--------;--------;0.0
1.8142564270033927e-05;0.9452346119079588;0.6666681143618987;1.143267795769662e-05
--------;--------;--------;--------;0.00017057227375139275
1.8142564270033927e-05;0.9452346119079588;0.6666667613236625;1.143265475447138e-05
--------;--------;--------;--------;0.00017057192756593192
--------;--------;--------;--------;0.0
--------;--------;--------;--------;0.0
1.8142564270033927e-05;-0.1578667248669216;0.6666668337084242;-1.9094052797574263e-06
1.8142564270033927e-05;-0.1578667248669216;0.6666668337084242;-1.9094052797574263e-06
--------;--------;--------;--------;-5.697555748290431e-05
--------;--------;--------;--------;0.0
--------;--------;--------;--------;0.0
1.8142564270033927e-05;0.8687550535218542;0.6666668545886438;1.0507632557546463e-05
1.8142564270033927e-05;0.8687550535218542;0.6666668545886438;1.0507632557546463e-05
--------;--------;--------;--------;0.0003135417237705461
3.6285128540067854e-05;0.9998307966157132;0.6666666694506959;2.4185992750014827e-05
--------;--------;--------;--------;0.0003608480700295961
1.8142564270033927e-05;0.8962008898959899;0.6666669283654201;1.0839592417593128e-05
--------;--------;--------;--------;0.00016172360771891516
--------;--------;--------;--------;0.0
1.8142564270033927e-05;0.8962008898959899;0.6666669283654201;1.0839592417593128e-05
0.0002721384640505;0.2396523037286083;0.6032471420821707;3.9342939998281873e-05
0.0001269979498902;-0.9888018282777388;0.6740248017564783;-8.464120709679142e-05
--------;--------;--------;--------;-0.0005141135360002445
--------;--------;--------;--------;0.0
0.0002721384640505;0.2396523037286083;0.6032471420821707;3.9342939998281873e-05
0.0001269979498902;-0.9888018282777388;0.6740248017564783;-8.464120709679142e-05
0.0001632830784303;0.0862197631090039;0.5954765011346332;8.383254155250349e-06
--------;--------;--------;--------;-0.0005507613978625904
9.071282135016963e-05;0.0862197631090039;0.5954767656174159;4.657365488166462e-06
--------;--------;--------;--------;6.948655633853547e-05
--------;--------;--------;--------;0.0
--------;--------;--------;--------;0.0
3.6285128540067854e-05;0.8439429077806211;0.6666667863799262;2.0415054925460807e-05
1.8142564270033927e-05;0.8439429077806211;0.6666668949570685;1.020752912518635e-05
--------;--------;--------;--------;0.00045688016482136516
--------;--------;--------;--------;0.0
--------;--------;--------;--------;0.0
--------;--------;--------;--------;0.0
3.6285128540067854e-05;0.3448982417041063;0.6666676522130361;8.343130356112441e-06
--------;--------;--------;--------;0.00012447711028965995
--------;--------;--------;--------;0.0
--------;--------;--------;--------;0.0
--------;--------;--------;--------;0.0
--------;--------;--------;--------;0.0
0.0001814256427003;-0.4319190384612383;0.8366339624433662;-6.555963217810125e-05
--------;--------;--------;--------;-0.0009781308953424515
--------;--------;--------;--------;0.0
--------;--------;--------;--------;0.0
--------;--------;--------;--------;0.0
--------;--------;--------;--------;0.0
1.8142564270033927e-05;0.9978218174142244;0.6675715861558386;1.208507943453465e-05
--------;--------;--------;--------;0.00018030591653524404
--------;--------;--------;--------;0.0
--------;--------;--------;--------;0.0
1.8142564270033927e-05;0.7911707066643898;0.6666666833708423;9.569243835920723e-06
--------;--------;--------;--------;0.00014277037149250304
1.8142564270033927e-05;0.553839964069188;0.666682559297882;6.698877786010147e-06
--------;--------;--------;--------;9.994533387282245e-05
--------;--------;--------;--------;0.0
--------;--------;--------;--------;0.0
--------;--------;--------;--------;0.0
--------;--------;--------;--------;0.0
--------;--------;--------;--------;0.0
--------;--------;--------;--------;0.0
--------;--------;--------;--------;0.0
--------;--------;--------;--------;0.0
--------;--------;--------;--------;0.0
--------;--------;--------;--------;0.0
--------;--------;--------;--------;0.0
--------;--------;--------;--------;0.0
0.0003084235925905;0.2108247770558384;0.6220447036106981;4.044742123907879e-05
0.0003265661568606;0.1893290680124121;0.5822205295465506;3.59978022870749e-05
0.0003265661568606;0.2875072505633018;0.8594462760285623;8.069352936194385e-05
--------;--------;--------;--------;0.0023444650915349697
5.442769281010178e-05;0.5675382269087472;0.6666714050845222;2.05933438835483e-05
9.071282135016963e-05;0.893468440359265;0.6666817630655044;5.403391889022853e-05
9.071282135016963e-05;0.9975430766886352;0.6666817630655044;6.032799734216576e-05
9.071282135016963e-05;0.1840505229391273;0.6666817630655044;1.1130746850104815e-05
9.071282135016963e-05;0.8076923916516183;0.6666817630655044;4.8846476503646185e-05
9.071282135016963e-05;0.8649715245276339;0.6666817630655044;5.23105227755892e-05
5.442769281010178e-05;0.9994025729580748;0.6666704807867971;3.626365829279496e-05
5.442769281010178e-05;0.7562020625783195;0.6666817630655044;2.743951038553774e-05
3.6285128540067854e-05;0.8585521578152764;0.6666817630655044;2.076892056299939e-05
3.6285128540067854e-05;0.9601852531097994;0.6666817630655044;2.3227489519502844e-05
3.6285128540067854e-05;0.9354490149537822;0.666689377385619;2.2629362700902688e-05
3.6285128540067854e-05;0.7679292436277241;0.6666769425187847;1.857656054037606e-05
3.6285128540067854e-05;0.940386066636427;0.666850188485604;2.27542816736783e-05
3.6285128540067854e-05;0.8363028267560553;0.6666693435108312;2.023031827463168e-05
5.442769281010178e-05;0.5785439103309216;0.6666817630655044;2.0993015520069117e-05
5.442769281010178e-05;0.8437852915251316;0.6666817630655044;3.0617551069651955e-05
5.442769281010178e-05;0.8437852915251316;0.6666817630655044;3.0617551069651955e-05
3.6285128540067854e-05;0.979111616740237;0.6666817630655044;2.3685330244971704e-05
3.6285128540067854e-05;0.5197170433547611;0.6666817630655044;1.257228450294611e-05
3.6285128540067854e-05;0.6255574717463437;0.6666727539467143;1.5132427019397264e-05
3.6285128540067854e-05;0.4857142857142853;0.6666727539467143;1.1749577477399948e-05
3.6285128540067854e-05;0.9962879962099124;0.6666727539467143;2.4100512061442188e-05
5.442769281010178e-05;0.9947478386318028;0.666700404925646;3.6096379840784526e-05
--------;--------;--------;--------;0.009618705196605373
--------;--------;--------;--------;0.0
1.8142564270033927e-05;0.0277777777777779;0.6666671496957488;3.359736558354307e-07
3.6285128540067854e-05;0.3453000587284871;0.667317926286939;8.360997809737197e-06
1.8142564270033927e-05;0.4999999999999998;0.6666670787030018;6.047525161042486e-06
1.8142564270033927e-05;0.9804395868300536;0.6666667933399995;1.1858461064525586e-05
--------;--------;--------;--------;0.0003969084932402139
1.8142564270033927e-05;0.4874349379623133;0.6675512084534332;5.903368745426559e-06
1.8142564270033927e-05;0.9278351395623812;0.6666985994826499;1.122274330261849e-05
1.8142564270033927e-05;-0.1102334969843517;0.6666669882220498;-1.3332795122506244e-06
1.8142564270033927e-05;0.0976360128063247;0.6666681589063673;1.1809144015775139e-06
--------;--------;--------;--------;0.00025324343254496664
3.6285128540067854e-05;0.7701140477572114;0.819249749078634;2.2892858737895338e-05
1.8142564270033927e-05;0.9188335970021032;0.6666671496957488;1.1113339776811706e-05
--------;--------;--------;--------;0.000507362721468931
7.257025708013571e-05;-0.2706417285830775;0.6666668392764827;-1.3093696603407463e-05
3.6285128540067854e-05;0.9459634540755056;0.6666668281403656;2.2882942559379588e-05
--------;--------;--------;--------;0.00014605273997923466
--------;--------;--------;--------;0.0
--------;--------;--------;--------;0.0
3.6285128540067854e-05;0.0804819982834741;0.6666666875468863;1.9468664962280835e-06
1.8142564270033927e-05;0.0524655636156166;0.666666779419853;6.345733472318173e-07
--------;--------;--------;--------;3.8514341546283515e-05
5.442769281010178e-05;0.868514015094064;0.6666674531549417;3.1514179854794113e-05
--------;--------;--------;--------;0.0004701825183157331
--------;--------;--------;--------;0.0
--------;--------;--------;--------;0.0
1.8142564270033927e-05;0.3249031851036992;0.6666687713928117;3.9297303513252136e-06
--------;--------;--------;--------;5.863044894080524e-05
0.0001088553856202;0.8795310839257218;0.6666667863799262;6.382780833200837e-05
--------;--------;--------;--------;0.0009522925806223139
3.6285128540067854e-05;-0.4048547324326199;0.6666667710677651;-9.79347220458857e-06
--------;--------;--------;--------;-0.00014611579439558514
1.8142564270033927e-05;-0.739477263466823;0.66666734179377;-8.944018243298285e-06
--------;--------;--------;--------;-0.0001334421851011969
0.0001451405141602;-0.5816221810141984;0.6666677259898124;-5.627805102440609e-05
--------;--------;--------;--------;-0.0008396523685045602
--------;--------;--------;--------;0.0
--------;--------;--------;--------;0.0
--------;--------;--------;--------;0.0
--------;--------;--------;--------;0.0
--------;--------;--------;--------;0.0
5.442769281010178e-05;0.0631137649915846;0.6666772459779776;2.2901274167469067e-06
--------;--------;--------;--------;3.4168043751459374e-05
--------;--------;--------;--------;0.0
0.0001269979498902;0.6696667044402158;0.8559940945168505;7.279912933954746e-05
0.0001088553856202;0.8203749875815999;0.822107505188263;7.341603813852275e-05
1.8142564270033927e-05;0.6361795193371491;0.6666668838209514;7.694621050948093e-06
--------;--------;--------;--------;0.0022962898700664446
--------;--------;--------;--------;0.0
--------;--------;--------;--------;0.0
--------;--------;--------;--------;0.0
5.442769281010178e-05;0.0646711045281516;0.6666692098774252;2.3466082924771783e-06
3.6285128540067854e-05;0.7139288015896086;0.6666706895889941;1.727010310321989e-05
--------;--------;--------;--------;0.00029267570368640466
5.442769281010178e-05;0.8357487922705313;0.6666685458864389;3.032533783646343e-05
--------;--------;--------;--------;0.000452445336620578
0.0002721384640505;0.8568220663636918;0.6667982009146131;0.00015548016446830467
0.0002539958997804;0.0524655636156166;0.6666744174042165;8.884128645312981e-06
0.0001995682069703;0.5863352630248717;0.6666822140782498;7.80110706797972e-05
0.0001451405141602;0.9980991466154752;0.6666889096686979;9.657963777252876e-05
0.0001269979498902;-0.1340782122905031;0.6666979132194293;-1.135230411284141e-05
5.442769281010178e-05;0.0;0.6666816238640397;0.0
5.442769281010178e-05;0.9914982589539174;0.6666999121524613;3.5978435864795896e-05
5.442769281010178e-05;0.8568220663636918;0.6666787799781176;3.109046371641408e-05
5.442769281010178e-05;0.181467181467182;0.6666666708427106;6.584560046586635e-06
3.6285128540067854e-05;0.2374181985593766;0.6666818897388372;5.743297711277624e-06
--------;--------;--------;--------;0.006072315049576151
1.8142564270033927e-05;-0.4486021652949901;0.6666666680586812;-5.425862421689813e-06
--------;--------;--------;--------;-8.095231001471623e-05
--------;--------;--------;--------;0.0
--------;--------;--------;--------;0.0
--------;--------;--------;--------;0.0
1.8142564270033927e-05;-0.798811327786473;0.6666667000750182;-9.661657720168212e-06
--------;--------;--------;--------;-0.0001441491601210833
--------;--------;--------;--------;0.0
--------;--------;--------;--------;0.0
--------;--------;--------;--------;0.0
--------;--------;--------;--------;0.0
--------;--------;--------;--------;0.0
--------;--------;--------;--------;0.0
0.0001269979498902;0.5376188081554721;0.6136644589801298;4.18988531234095e-05
--------;--------;--------;--------;0.0006251188629016092
1.8142564270033927e-05;0.9922676359089706;0.6666669116612444;1.2001523982162912e-05
--------;--------;--------;--------;0.00017905929316772596
1.8142564270033927e-05;0.2493642464374339;0.6666863748100272;3.016160406839875e-06
--------;--------;--------;--------;4.5000247579549245e-05
3.6285128540067854e-05;0.9871119471883328;0.6676855392588039;2.3914816044095502e-05
3.6285128540067854e-05;0.5610067328580441;0.6666827959403718;1.3571129273142624e-05
3.6285128540067854e-05;0.7090030466779491;0.6688695298442413;1.7207515901580743e-05
3.6285128540067854e-05;0.5610067328580441;0.6670599038441383;1.3578805757586353e-05
3.6285128540067854e-05;0.9973311342432588;0.6673139827094463;2.4148950861662892e-05
3.6285128540067854e-05;0.9977119646042708;0.6671615946900854;2.4152655358288916e-05
3.6285128540067854e-05;0.9213653367715392;0.6680157877735361;2.2333010078944435e-05
3.6285128540067854e-05;0.6402280225475212;0.6667064935977084;1.548809593844781e-05
3.6285128540067854e-05;0.5297450424929182;0.6670599038441383;1.2822136726255374e-05
3.6285128540067854e-05;0.8367905977724437;0.6688695298442413;2.0308921922028196e-05
3.6285128540067854e-05;0.6859005058834435;0.6671615946900854;1.660430977717065e-05
3.6285128540067854e-05;0.3333333333333341;0.6677151613304746;8.076043485676157e-06
--------;--------;--------;--------;0.0031660584486577045
--------;--------;--------;--------;0.0
--------;--------;--------;--------;0.0
--------;--------;--------;--------;0.0
1.8142564270033927e-05;0.8357487922705313;0.6667268323237037;1.0109329720947268e-05
--------;--------;--------;--------;0.0001508282978830555
--------;--------;--------;--------;0.0
--------;--------;--------;--------;0.0
--------;--------;--------;--------;0.0
--------;--------;--------;--------;0.0
--------;--------;--------;--------;0.0
--------;--------;--------;--------;0.0
--------;--------;--------;--------;0.0
--------;--------;--------;--------;0.0
--------;--------;--------;--------;0.0
--------;--------;--------;--------;0.0
--------;--------;--------;--------;0.0
--------;--------;--------;--------;0.0
--------;--------;--------;--------;0.0
--------;--------;--------;--------;0.0
--------;--------;--------;--------;0.0
--------;--------;--------;--------;0.0
--------;--------;--------;--------;0.0
--------;--------;--------;--------;0.0
--------;--------;--------;--------;0.0
--------;--------;--------;--------;0.0
1.8142564270033927e-05;-0.8685986767548795;0.666667042510621;-1.0505744134705173e-05
--------;--------;--------;--------;-0.00015674268715849124
--------;--------;--------;--------;0.0
--------;--------;--------;--------;0.0
--------;--------;--------;--------;0.0
--------;--------;--------;--------;0.0
--------;--------;--------;--------;0.0
0.0002721384640505;-0.988665656039813;0.6666666750187545;-0.000179369304309932
5.442769281010178e-05;-0.975893723410955;0.6666666791947984;-3.541042986085171e-05
0.0001451405141602;-0.3000771685746984;0.5930146611214846;-2.5827777780080455e-05
3.6285128540067854e-05;0.9933025958016718;0.6710750035085186;2.4186960683707158e-05
3.6285128540067854e-05;0.9982568360833428;0.6677814666428832;2.4188298557158836e-05
--------;--------;--------;--------;-0.0028680500364328407
0.0001814256427003;0.5809116304282462;0.8747620559744722;9.219315520469991e-05
0.0001632830784303;0.9153097204935656;0.6675674838886763;9.977102385381547e-05
0.0001632830784303;0.930806327717986;0.666670103550828;0.00010132380409603691
0.0001632830784303;-0.1128815998089343;0.6666704863548557;-1.2287840479801985e-05
0.0001269979498902;-0.1357373009201996;0.666666680586813;-1.1492239533623484e-05
--------;--------;--------;--------;0.004020980561409425
0.0002177107712404;-0.233937883753471;0.6666677677502517;-3.3953920808608126e-05
7.257025708013571e-05;0.3782592147978999;0.666666684762857;1.8300246137289672e-05
3.6285128540067854e-05;-0.5861355907156656;0.8772178364214134;-1.8656673551304746e-05
5.442769281010178e-05;-0.2420355852048068;0.6666673529298872;-8.782301360873278e-06
3.6285128540067854e-05;0.780284906296048;0.6666666931149449;1.8875159497374443e-05
1.8142564270033927e-05;-0.0961235068184576;0.6666668949570685;-1.1626183316650473e-06
1.8142564270033927e-05;0.7004044379754542;0.6666668211802923;8.471423650749565e-06
1.8142564270033927e-05;-0.2350205919337862;0.6666667306993403;-2.842584402320815e-06
1.8142564270033927e-05;0.045045045045045;0.666666727915311;5.448217999052586e-07
--------;--------;--------;--------;-0.00028655468216775616
1.8142564270033927e-05;0.0254501267391284;0.6666679974326684;3.078209878187619e-07
3.6285128540067854e-05;0.4902717441149884;0.6666666666666666;1.185971550318374e-05
3.6285128540067854e-05;0.5143603133159274;0.6666666666666666;1.2442420056385333e-05
1.8142564270033927e-05;0.5436820186886033;0.6666666694506959;6.57585733847425e-06
1.8142564270033927e-05;-0.7132806423866864;0.6666667933399995;-8.627161570627681e-06
0.0001269979498902;0.215242046975337;0.5732522461926163;1.5670021377849836e-05
--------;--------;--------;--------;0.0005703608392064942
--------;--------;--------;--------;0.0
1.8142564270033927e-05;0.4999999999999998;1.0;9.07128213501696e-06
--------;--------;--------;--------;0.0001353409258386889
9.071282135016963e-05;0.8461538461538458;0.6666693588229924;5.11715417624588e-05
--------;--------;--------;--------;0.0007634647159732907
--------;--------;--------;--------;0.0
--------;--------;--------;--------;0.0
5.442769281010178e-05;-0.9900624312025436;0.667021409071113;-3.5943658516795975e-05
1.8142564270033927e-05;-0.2350205919337862;0.667317926286939;-2.8453610196843756e-06
1.8142564270033927e-05;0.3333333333333341;0.6678212133583081;4.038663094748391e-06
--------;--------;--------;--------;-0.0005184653441538732
5.442769281010178e-05;0.2253308408471742;0.6068019788922383;7.441963758314772e-06
--------;--------;--------;--------;0.00011103196330100773
--------;--------;--------;--------;0.0
--------;--------;--------;--------;0.0
--------;--------;--------;--------;0.0
--------;--------;--------;--------;0.0
1.8142564270033927e-05;0.5297450424929182;0.6666673960823413;6.407295997138609e-06
--------;--------;--------;--------;9.559501727190447e-05
--------;--------;--------;--------;0.0
1.8142564270033927e-05;0.8620689655172415;0.6666668030841019;1.0426763208320149e-05
--------;--------;--------;--------;0.00015556431440572638
--------;--------;--------;--------;0.0
--------;--------;--------;--------;0.0
--------;--------;--------;--------;0.0
3.6285128540067854e-05;-0.5226032501214986;0.6666677649662225;-1.2641838230830863e-05
--------;--------;--------;--------;-0.00018861259797652442
--------;--------;--------;--------;0.0
--------;--------;--------;--------;0.0
--------;--------;--------;--------;0.0
--------;--------;--------;--------;0.0
--------;--------;--------;--------;0.0
--------;--------;--------;--------;0.0
--------;--------;--------;--------;0.0
--------;--------;--------;--------;0.0
--------;--------;--------;--------;0.0
--------;--------;--------;--------;0.0
--------;--------;--------;--------;0.0
--------;--------;--------;--------;0.0
--------;--------;--------;--------;0.0
--------;--------;--------;--------;0.0
--------;--------;--------;--------;0.0
--------;--------;--------;--------;0.0
--------;--------;--------;--------;0.0
--------;--------;--------;--------;0.0
--------;--------;--------;--------;0.0
--------;--------;--------;--------;0.0
--------;--------;--------;--------;0.0
--------;--------;--------;--------;0.0
0.0003265661568606;0.1658890101108593;0.6666676494290068;3.611587757144974e-05
0.0003265661568606;-0.7767471151864493;0.6666666903309156;-0.00016910621950865502
--------;--------;--------;--------;-0.001984177731161652
--------;--------;--------;--------;0.0
--------;--------;--------;--------;0.0
--------;--------;--------;--------;0.0
--------;--------;--------;--------;0.0
--------;--------;--------;--------;0.0
--------;--------;--------;--------;0.0
--------;--------;--------;--------;0.0
3.6285128540067854e-05;-0.0872801639567896;0.6666667237392672;-2.111314826194198e-06
--------;--------;--------;--------;-3.1500211222736824e-05
--------;--------;--------;--------;0.0
--------;--------;--------;--------;0.0
--------;--------;--------;--------;0.0
--------;--------;--------;--------;0.0
0.0001451405141602;0.930806327717986;0.6673818155831546;9.016175430590724e-05
0.0001451405141602;0.5297450424929182;0.6675674838886763;5.132757344934753e-05
0.0001451405141602;-0.1128815998089343;0.666670103550828;-1.0922518599186243e-05
0.0001451405141602;0.0524655636156166;0.6666704863548557;5.0766150057130975e-06
0.0001632830784303;-0.3988947978018227;0.666666680586813;-4.3421847943266814e-05
--------;--------;--------;--------;0.0013759194479837078
--------;--------;--------;--------;0.0
--------;--------;--------;--------;0.0
1.8142564270033927e-05;-0.1603523414262124;0.6666669910060792;-1.93946938368607e-06
--------;--------;--------;--------;-2.8936326543146735e-05
--------;--------;--------;--------;0.0
--------;--------;--------;--------;0.0
3.6285128540067854e-05;-0.0872801639567896;0.6666667237392672;-2.111314826194198e-06
--------;--------;--------;--------;-3.1500211222736824e-05
--------;--------;--------;--------;0.0
--------;--------;--------;--------;0.0
0.0002721384640505;-0.988665656039813;0.6666666750187545;-0.000179369304309932
5.442769281010178e-05;-0.975893723410955;0.6666666791947984;-3.541042986085171e-05
0.0001451405141602;-0.3000771685746984;0.5930146611214846;-2.5827777780080455e-05
3.6285128540067854e-05;0.9933025958016718;0.6710750035085186;2.4186960683707158e-05
3.6285128540067854e-05;0.9982568360833428;0.6677814666428832;2.4188298557158836e-05
--------;--------;--------;--------;-0.0028680500364328407
--------;--------;--------;--------;0.0
--------;--------;--------;--------;0.0
0.0003628512854006;0.6834712344477527;0.8705107389352442;0.0002158852843266271
0.0004172789782107;0.4438346933653932;0.6348794631798746;0.00011758150969503311
0.0001451405141602;0.6800269925036673;0.6039872875954508;5.9613223562659684e-05
7.257025708013571e-05;0.9598772715742095;0.6666669534216837;4.6439046883949014e-05
1.8142564270033927e-05;0.9999860745766423;0.6666667919479848;1.209487669098983e-05
--------;--------;--------;--------;0.00673795038103938
0.0005079917995609;-0.7543253461175176;0.7877065825672517;-0.0003018421439966773
0.0005079917995609;-0.5849040650155805;0.3943515088141018;-0.00011717227118435463
0.0005261343638309;-0.6602382369335718;0.305632737730122;-0.00010616887420552704
0.0001269979498902;-0.0728006209488565;0.5505700244577837;-5.090311464184647e-06
7.257025708013571e-05;0.5670580306525982;0.8594269585215859;3.5366748931512015e-05
3.6285128540067854e-05;0.9754698044825568;0.6666667293073256;2.359670037890537e-05
5.442769281010178e-05;0.5434536850363857;0.772162743519086;2.2839747913419303e-05
3.6285128540067854e-05;0.8369101078724646;0.6666666694506959;2.0244927311633322e-05
7.257025708013571e-05;0.1524490716933236;0.7379771681803047;8.164439428868825e-06
--------;--------;--------;--------;-0.006267190105520775
1.8142564270033927e-05;0.989189190923601;0.6666673320496674;1.196429758895129e-05
--------;--------;--------;--------;0.00017850388606563096
--------;--------;--------;--------;0.0
0.0011248389847421;0.1303108015461131;0.492780325603218;7.223108458719504e-05
0.0004535641067508;0.4574301853784563;0.5649723981645822;0.00011721703442828627
0.0001814256427003;0.3237319869433894;0.6064652197402918;3.561969386210588e-05
0.0005261343638309;0.0235728224344495;0.5675440497858429;7.038949149485829e-06
0.0007982728278814;-0.1354039482556465;0.5534513416451674;-5.982216405141228e-05
0.0001995682069703;0.3508083665262065;0.5325006436344782;3.728047480256283e-05
0.0003991364139407;0.238564836723346;0.5779068225292968;5.5028237607283406e-05
0.0001269979498902;0.7561003227420932;0.838701160732372;8.05347616646908e-05
0.0002539958997804;0.267282290674792;0.58858676903682;3.9958335210106376e-05
0.0001632830784303;0.6699611013934619;0.910002331965614;9.954816816975151e-05
0.0003265661568606;0.7652309488511035;0.697639110580518;0.00017433898825836355
9.071282135016963e-05;-0.0156967088640787;0.5979000653818046;-8.513455665117117e-07
0.0001632830784303;0.4476161903738968;0.8378974362521934;6.124037310280023e-05
0.0002177107712404;0.1662914161052235;0.4972063811883102;1.800057763552059e-05
0.0001632830784303;0.819166987790624;0.8369737219852187;0.00011195034714502526
0.0001451405141602;-0.137069873521546;0.6084679804654655;-1.2105100473415097e-05
9.071282135016963e-05;0.6792668427051027;0.8788497624564539;5.415315076071092e-05
5.442769281010178e-05;0.2759082306966289;0.7512863379275825;1.1282103317049418e-05
0.0001269979498902;0.3518182977620995;0.666666732091355;2.978680462295271e-05
5.442769281010178e-05;0.3015810456176631;0.7235358799880964;1.1876378774762211e-05
7.257025708013571e-05;0.4975326109783104;0.6110988619953508;2.2064377973070707e-05
0.0001269979498902;0.8239741262074826;0.7783012864505993;8.144380081285437e-05
9.071282135016963e-05;0.0989746267978577;0.5818293680669261;5.2238197866849365e-06
3.6285128540067854e-05;0.8945630865366196;0.7182311048874547;2.33133051773337e-05
1.8142564270033927e-05;0.5149139689327693;0.6666668726848343;6.227908441193513e-06
1.8142564270033927e-05;-0.5580320081930019;0.6666666736267398;-6.74942111938312e-06
3.6285128540067854e-05;-0.9807962967197884;0.6666667432274722;-2.3725549190070462e-05
3.6285128540067854e-05;0.9401584287921494;0.6666668142202191;2.2742517991442115e-05
1.8142564270033927e-05;0.2181563123780141;0.6666668156122337;2.6386105350016943e-06
9.071282135016963e-05;-0.0762891971281771;0.5749151330552393;-3.978647464361048e-06
1.8142564270033927e-05;-0.7634165542250968;0.6666669269734055;-9.23355953855969e-06
--------;--------;--------;--------;0.01587866285971947
--------;--------;--------;--------;0.0
1.8142564270033927e-05;0.0;0.6666667835958969;0.0
--------;--------;--------;--------;0.0
--------;--------;--------;--------;0.0
--------;--------;--------;--------;0.0
--------;--------;--------;--------;0.0
--------;--------;--------;--------;0.0
5.442769281010178e-05;0.0466135467876731;0.5497259582151381;1.3946920303521345e-06
--------;--------;--------;--------;2.0808404791981016e-05
--------;--------;--------;--------;0.0
--------;--------;--------;--------;0.0
--------;--------;--------;--------;0.0
--------;--------;--------;--------;0.0
5.442769281010178e-05;0.6696347705109018;0.6748424228035084;2.4595762854462977e-05
--------;--------;--------;--------;0.00036696172237681474
3.6285128540067854e-05;-0.1793148821461792;0.6666666819788277;-4.3376424648421715e-06
--------;--------;--------;--------;-6.47163805966062e-05
--------;--------;--------;--------;0.0
0.0003628512854006;-0.4113952388629588;0.4965191862662391;-7.411804613073428e-05
0.0001088553856202;0.2619947362296178;0.666667046686665;1.9013036199819884e-05
0.0001632830784303;0.3394717638310905;0.5454318724077238;3.0233285763229455e-05
3.6285128540067854e-05;0.8336060876066118;0.6666668378844681;2.0165007872637124e-05
3.6285128540067854e-05;-0.0321561711795527;0.666672479719829;-7.778673190213066e-07
1.8142564270033927e-05;0.9625101855759536;0.6666669464616105;1.1641606820808054e-05
--------;--------;--------;--------;9.18610190717855e-05
7.257025708013571e-05;0.823904701735123;0.7752792667858692;4.6354704044894606e-05
--------;--------;--------;--------;0.0006915988797434447
--------;--------;--------;--------;0.0
--------;--------;--------;--------;0.0
0.0001088553856202;-0.2670781293024014;0.6203679859460624;-1.8035891924624977e-05
--------;--------;--------;--------;-0.000269090330900695
--------;--------;--------;--------;0.0
5.442769281010178e-05;0.7180163268406735;0.8764387973998097;3.4251203723380425e-05
--------;--------;--------;--------;0.000511018128861581
0.0002539958997804;0.8530024288242828;0.8009460873785286;0.0001735322739976025
3.6285128540067854e-05;0.6763599749212155;0.6666701912477507;1.6361292252510046e-05
--------;--------;--------;--------;0.002833157505695041
1.8142564270033927e-05;0.8305601172577997;0.6666671190714266;1.0045667022041104e-05
1.8142564270033927e-05;-0.6944360320485423;0.6666669033091565;-8.399236543335326e-06
--------;--------;--------;--------;2.456427018810381e-05
--------;--------;--------;--------;0.0
--------;--------;--------;--------;0.0
0.0001995682069703;0.5508754369842744;0.942999494242736;0.00010367074589767578
--------;--------;--------;--------;0.0015467377734859381
--------;--------;--------;--------;0.0
3.6285128540067854e-05;0.8095238095238093;0.6666705740517784;1.9582565097473484e-05
--------;--------;--------;--------;0.0002921662507174904
3.6285128540067854e-05;0.079710785586385;0.6666674809952347;1.9282130893168072e-06
1.8142564270033927e-05;0.6450960077452397;0.6666667265232964;7.80246455445066e-06
--------;--------;--------;--------;0.00014517891757126554
--------;--------;--------;--------;0.0
--------;--------;--------;--------;0.0
--------;--------;--------;--------;0.0
3.6285128540067854e-05;0.9474691836774712;0.6666667306993403;2.291936294637539e-05
--------;--------;--------;--------;0.0003419503169040819
--------;--------;--------;--------;0.0
--------;--------;--------;--------;0.0
3.6285128540067854e-05;0.915280058524587;0.7231466957199092;2.401646437636315e-05
1.8142564270033927e-05;0.993875163219545;0.666666680586813;1.2020962934401041e-05
--------;--------;--------;--------;0.0005376680721081066
--------;--------;--------;--------;0.0
--------;--------;--------;--------;0.0
1.8142564270033927e-05;-0.6666666666666665;0.6666666736267398;-8.063361981975238e-06
--------;--------;--------;--------;-0.00012030304644592271
--------;--------;--------;--------;0.0
--------;--------;--------;--------;0.0
0.0001995682069703;0.5508754369842744;0.942999494242736;0.00010367074589767578
--------;--------;--------;--------;0.0015467377734859381
--------;--------;--------;--------;0.0
--------;--------;--------;--------;0.0
--------;--------;--------;--------;0.0
--------;--------;--------;--------;0.0
--------;--------;--------;--------;0.0
--------;--------;--------;--------;0.0
--------;--------;--------;--------;0.0
--------;--------;--------;--------;0.0
--------;--------;--------;--------;0.0
--------;--------;--------;--------;0.0
--------;--------;--------;--------;0.0
--------;--------;--------;--------;0.0
--------;--------;--------;--------;0.0
--------;--------;--------;--------;0.0
--------;--------;--------;--------;0.0
--------;--------;--------;--------;0.0
3.6285128540067854e-05;0.7911707066643898;0.6672552995480076;1.9155385506593233e-05
1.8142564270033927e-05;0.9426700194542934;0.6671522139033849;1.1409938323613975e-05
--------;--------;--------;--------;0.00045602585876708044
--------;--------;--------;--------;0.0
--------;--------;--------;--------;0.0
3.6285128540067854e-05;0.9785901746620668;0.6808878338576787;2.4177149232027505e-05
--------;--------;--------;--------;0.0003607161272794688
--------;--------;--------;--------;0.0
--------;--------;--------;--------;0.0
--------;--------;--------;--------;0.0
--------;--------;--------;--------;0.0
1.8142564270033927e-05;-0.9376504672862418;0.6677512159018252;-1.1359372260405712e-05
--------;--------;--------;--------;-0.00016947857378782268
--------;--------;--------;--------;0.0
--------;--------;--------;--------;0.0
--------;--------;--------;--------;0.0
--------;--------;--------;--------;0.0
--------;--------;--------;--------;0.0
--------;--------;--------;--------;0.0
--------;--------;--------;--------;0.0
--------;--------;--------;--------;0.0
0.0005079917995609;0.5177278341968641;0.868998280970913;0.0002285478463321012
0.0001451405141602;-0.4963206935590944;0.6372870337272681;-4.5907762125667025e-05
0.0002177107712404;0.9972806201725122;0.6666669102692298;0.00014474587486458786
1.8142564270033927e-05;-0.999999909433988;0.6666808652160576;-1.2095299349361026e-05
0.0001995682069703;-0.9997966899459672;0.6666666986830035;-0.00013301842821971567
--------;--------;--------;--------;0.0027194493787080303
--------;--------;--------;--------;0.0
1.8142564270033927e-05;-0.9262271893278788;0.6666668559806584;-1.1202760721947405e-05
7.257025708013571e-05;0.7112848694356888;0.6666667543635892;3.441208841485658e-05
--------;--------;--------;--------;0.0003462765076974399
--------;--------;--------;--------;0.0
--------;--------;--------;--------;0.0
3.6285128540067854e-05;0.5583941605839415;0.6666667474035162;1.3507604231049656e-05
--------;--------;--------;--------;0.0002015295782098871
--------;--------;--------;--------;0.0
--------;--------;--------;--------;0.0
--------;--------;--------;--------;0.0
--------;--------;--------;--------;0.0
5.442769281010178e-05;-0.228188599680603;0.6666668559806584;-8.279855022026708e-06
--------;--------;--------;--------;-0.00012353306046622233
--------;--------;--------;--------;0.0
1.8142564270033927e-05;-0.064233093423073;0.66666688938901;-7.769022766776203e-07
1.8142564270033927e-05;-0.0416284664346315;0.6666667432274722;-5.034981429911632e-07
--------;--------;--------;--------;-1.9103206764265743e-05
--------;--------;--------;--------;0.0
--------;--------;--------;--------;0.0
--------;--------;--------;--------;0.0
--------;--------;--------;--------;0.0
--------;--------;--------;--------;0.0
--------;--------;--------;--------;0.0
--------;--------;--------;--------;0.0
--------;--------;--------;--------;0.0
--------;--------;--------;--------;0.0
1.8142564270033927e-05;0.991163822290599;0.6666674949153811;1.1988183792471339e-05
--------;--------;--------;--------;0.0001788602613663942
--------;--------;--------;--------;0.0
1.8142564270033927e-05;0.2408299453950386;0.6666668114361898;2.912849140856367e-06
--------;--------;--------;--------;4.34588731432057e-05
--------;--------;--------;--------;0.0
--------;--------;--------;--------;0.0
--------;--------;--------;--------;0.0
--------;--------;--------;--------;0.0
--------;--------;--------;--------;0.0
--------;--------;--------;--------;0.0
--------;--------;--------;--------;0.0
--------;--------;--------;--------;0.0
--------;--------;--------;--------;0.0
--------;--------;--------;--------;0.0
--------;--------;--------;--------;0.0
1.8142564270033927e-05;0.9999995146373664;0.6666666680586812;1.2095037001462136e-05
--------;--------;--------;--------;0.00018045448057580723
3.6285128540067854e-05;0.8888888888888888;0.6666667223472524;2.150230019000514e-05
--------;--------;--------;--------;0.00032080814730069807
3.6285128540067854e-05;0.8234104367796242;0.6666669172293029;1.9918376512719966e-05
1.8142564270033927e-05;-0.0757488581566228;0.6666667641076919;-9.161858189032505e-07
--------;--------;--------;--------;0.00028350723119248064
--------;--------;--------;--------;0.0
--------;--------;--------;--------;0.0
--------;--------;--------;--------;0.0
--------;--------;--------;--------;0.0
5.442769281010178e-05;0.9988388014531888;0.6676178714640598;3.6294706066613544e-05
--------;--------;--------;--------;0.0005415065973019008
1.8142564270033927e-05;-0.4092162762016782;1.0;-7.424232591332902e-06
0.0001269979498902;0.7708359577770978;0.6666668740768489;6.526307786389413e-05
3.6285128540067854e-05;0.0;0.6672975263122992;0.0
--------;--------;--------;--------;0.0008629389707119362
--------;--------;--------;--------;0.0
--------;--------;--------;--------;0.0
--------;--------;--------;--------;0.0
--------;--------;--------;--------;0.0
--------;--------;--------;--------;0.0
--------;--------;--------;--------;0.0
--------;--------;--------;--------;0.0
3.6285128540067854e-05;-0.896779848975022;0.6666692391097327;-2.1693265101511964e-05
--------;--------;--------;--------;-0.00032365728897012857
--------;--------;--------;--------;0.0
3.6285128540067854e-05;0.9935499002299726;0.6666670369425625;2.403407057605887e-05
--------;--------;--------;--------;0.0003585814347984798
--------;--------;--------;--------;0.0
--------;--------;--------;--------;0.0
1.8142564270033927e-05;0.0524655636156166;0.6666980579889525;6.34603120046217e-07
--------;--------;--------;--------;9.468096408955433e-06
--------;--------;--------;--------;0.0
--------;--------;--------;--------;0.0
0.002177107712404;0.7047083076075886;0.7886461320353506;0.001209961314990224
0.0009978410348518;0.0644868714152628;0.523643257933402;3.36952112574613e-05
0.0003991364139407;0.2477344388684665;0.5193257207871012;5.135084186289787e-05
0.0006712748779912;0.542159783961756;0.7778126719769259;0.00028307577709070535
--------;--------;--------;--------;0.023544547589090418
--------;--------;--------;--------;0.0
--------;--------;--------;--------;0.0
--------;--------;--------;--------;0.0
--------;--------;--------;--------;0.0
--------;--------;--------;--------;0.0
0.0006894174422612;0.8260595537439114;0.7433870680054528;0.000423358834647018
7.257025708013571e-05;-0.3283319161672768;0.6666667599316479;-1.5884756598152208e-05
--------;--------;--------;--------;0.006079396292340826
0.0003084235925905;-0.5807948285722015;0.6666670355505478;-0.0001194206178026229
--------;--------;--------;--------;-0.0017817213418205495
--------;--------;--------;--------;0.0
--------;--------;--------;--------;0.0
--------;--------;--------;--------;0.0
1.8142564270033927e-05;-0.3871916765225778;0.6666669464616105;-4.6831018828835536e-06
--------;--------;--------;--------;-6.987053596092151e-05
--------;--------;--------;--------;0.0
--------;--------;--------;--------;0.0
--------;--------;--------;--------;0.0
1.8142564270033927e-05;-0.8224192249010345;0.6666669214053469;-9.947199564022285e-06
--------;--------;--------;--------;-0.00014840936247590997
--------;--------;--------;--------;0.0
--------;--------;--------;--------;0.0
--------;--------;--------;--------;0.0
--------;--------;--------;--------;0.0
--------;--------;--------;--------;0.0
--------;--------;--------;--------;0.0
--------;--------;--------;--------;0.0
0.0002539958997804;0.4368663773156731;0.6666667571476186;7.397485576670376e-05
0.0002358533355104;-0.4016829429388623;0.5589875645029483;-5.2957510290181605e-05
5.442769281010178e-05;-0.4066724214389587;0.6122479718296254;-1.3551644544986946e-05
5.442769281010178e-05;-0.4715797189985097;0.6079598150005733;-1.5604502189101195e-05
--------;--------;--------;--------;-0.00012142857878535228
0.0003265661568606;-0.7424163085808007;0.6666667306993403;-0.0001616320426471732
0.0001995682069703;-0.5966039789994146;0.66666688938901;-7.937548409153833e-05
0.0001632830784303;0.1269862914242836;0.6666667112111353;1.3823142645086243e-05
7.257025708013571e-05;0.2536315015573883;0.6666683148120076;1.2270765850360356e-05
--------;--------;--------;--------;-0.003206449500242739
7.257025708013571e-05;-0.3989446021908701;0.761201315094938;-2.2037929268507575e-05
1.8142564270033927e-05;-0.2001810567848574;0.6666666666666666;-2.421198458908391e-06
--------;--------;--------;--------;-0.0003649231654979315
0.0001814256427003;-0.2000000000000004;0.6666672012002908;-2.4190105088994643e-05
9.071282135016963e-05;0.5219099740887796;0.8373263445376807;3.9642316694924934e-05
3.6285128540067854e-05;0.9459634540755056;0.6666667543635892;2.2882940027035598e-05
1.8142564270033927e-05;-0.2612178177360031;0.6666667209552378;-3.159440955117912e-06
7.257025708013571e-05;-0.3354752707852451;0.6666668476285705;-1.623035550222177e-05
3.6285128540067854e-05;0.5910506228053816;0.6666666694506959;1.4297565274494213e-05
3.6285128540067854e-05;-0.2085945058105702;0.6666667710677651;-5.045919760924872e-06
1.8142564270033927e-05;0.9701398734685728;0.6666669311494494;1.1733887991999286e-05
--------;--------;--------;--------;0.0005957573982637932
--------;--------;--------;--------;0.0
--------;--------;--------;--------;0.0
--------;--------;--------;--------;0.0
--------;--------;--------;--------;0.0
--------;--------;--------;--------;0.0
--------;--------;--------;--------;0.0
0.0001269979498902;-0.4339100052402282;0.6666675575560401;-3.673716982796899e-05
--------;--------;--------;--------;-0.0005481080296265281
--------;--------;--------;--------;0.0
0.0001088553856202;-0.8928623032513028;0.6666672346086423;-6.47953020840178e-05
7.257025708013571e-05;0.1594959522752087;0.6666669283654201;7.71644453564332e-06
3.6285128540067854e-05;-0.2406490213561833;0.6666666694506959;-5.821320472943852e-06
0.0001088553856202;0.2572391702479476;0.6666666722347252;1.866791287188979e-05
5.442769281010178e-05;0.1926048670759715;0.6217340093171843;6.517661580642634e-06
--------;--------;--------;--------;-0.0005626910604990307
1.8142564270033927e-05;-0.0524655636156183;0.6666666694506959;-6.345732425566113e-07
3.6285128540067854e-05;-0.37668102093102;0.6666667599316479;-9.111947450128934e-06
--------;--------;--------;--------;-0.00014541529131389263
--------;--------;--------;--------;0.0
--------;--------;--------;--------;0.0
5.442769281010178e-05;-0.3861779292045171;0.7296169043537976;-1.533565260087954e-05
--------;--------;--------;--------;-0.00022880353520606862
--------;--------;--------;--------;0.0
--------;--------;--------;--------;0.0
1.8142564270033927e-05;-0.4975963757600308;0.666675611752783;-6.018530238498271e-06
--------;--------;--------;--------;-8.979474373552579e-05
--------;--------;--------;--------;0.0
0.0001088553856202;-0.989696430075648;0.6666667139951645;-7.182252946075827e-05
--------;--------;--------;--------;-0.0010715715252392335
1.8142564270033927e-05;-0.0524655636156183;0.6666666694506959;-6.345732425566113e-07
3.6285128540067854e-05;-0.37668102093102;0.6666667599316479;-9.111947450128934e-06
--------;--------;--------;--------;-0.00014541529131389263
--------;--------;--------;--------;0.0
--------;--------;--------;--------;0.0
--------;--------;--------;--------;0.0
--------;--------;--------;--------;0.0
5.442769281010178e-05;0.8325595461688318;0.7765273458273966;3.518778939910438e-05
--------;--------;--------;--------;0.000524991718327002
--------;--------;--------;--------;0.0
--------;--------;--------;--------;0.0
--------;--------;--------;--------;0.0
3.6285128540067854e-05;-0.4786681808526127;0.6666667139951645;-1.1579025135545072e-05
3.6285128540067854e-05;-0.1660979417428287;0.6666667112111353;-4.017923712717225e-06
1.8142564270033927e-05;0.9674092142399604;0.6666672680169937;1.1700866450984614e-05
--------;--------;--------;--------;-5.81284311239642e-05
--------;--------;--------;--------;0.0
--------;--------;--------;--------;0.0
0.0001088553856202;0.333888888888889;0.8707418418243258;3.1647637955236425e-05
1.8142564270033927e-05;0.7862035091239614;0.6666671260314998;9.509171681335862e-06
--------;--------;--------;--------;0.0006140477870573863
0.0001632830784303;0.8772803554798811;0.6666676410769189;9.549683097222131e-05
0.0001632830784303;0.6626916518060475;0.6666870193128084;7.213975758983957e-05
0.0001632830784303;0.045045045045045;0.667031913213633;4.906082171206063e-06
0.0001088553856202;0.3546272886894861;0.6668989925190989;2.5744362003678244e-05
0.0001088553856202;0.9153097204935656;0.6667923781173482;6.643678715961573e-05
0.0001088553856202;0.5486972293378238;0.6666988277730519;3.982101993162103e-05
0.0001088553856202;0.3546272886894861;0.6670522310594086;2.5750277484881395e-05
0.0001088553856202;-0.7299153395051479;0.6670522310594086;-5.3000778936632955e-05
0.0001088553856202;0.8095238095238093;0.6666838483034444;5.8748865033100753e-05
0.0001088553856202;0.9153097204935656;0.6667719934548696;6.643475610538228e-05
0.0001269979498902;0.3546272886894861;0.6667244881710396;3.0027229862667673e-05
0.0001269979498902;0.0;0.6668322259286097;0.0
0.0001088553856202;0.9410441013366198;0.6666697026506099;6.82921233570102e-05
0.0001088553856202;0.0;0.6666697026506099;0.0
0.0001088553856202;0.8272042115547096;0.666667176144027;6.003046816650591e-05
0.0001088553856202;0.0;0.666688688338369;0.0
0.0001088553856202;0.045045045045045;0.666673502850594;3.2689640196203085e-06
0.0001088553856202;-0.2722070536059169;0.6666696845544196;-1.9754225282854042e-05
0.0001088553856202;-0.0548228033375242;0.6668776905189685;-3.97976427121347e-06
0.0001088553856202;0.2349315497743442;0.6668776905189685;1.705443959544458e-05
0.0001088553856202;-0.0074380971272403;0.6666960813281549;-5.398084370836719e-07
0.0001088553856202;0.5243731302301458;0.6667301926470595;3.805751898299409e-05
0.0001088553856202;0.7615294621796556;0.6666685570225561;5.526454554851767e-05
7.257025708013571e-05;0.0;0.6666817728096069;0.0
7.257025708013571e-05;0.9679770019945202;0.666690825080851;4.683259029510805e-05
7.257025708013571e-05;0.8904996738479007;0.6669156549344136;4.309861740620508e-05
7.257025708013571e-05;0.7906383344392383;0.6666822196463084;3.825211050573571e-05
7.257025708013571e-05;0.0;0.6666841197463004;0.0
7.257025708013571e-05;0.4966101694915252;0.6666925539630416;2.4027018067985553e-05
5.442769281010178e-05;0.0;0.6666861813199914;0.0
3.6285128540067854e-05;-0.2070192687772281;0.666708127822903;-5.008125296530492e-06
3.6285128540067854e-05;0.3546272886894861;0.6667153983153999;8.579091566687387e-06
3.6285128540067854e-05;0.9153097204935656;0.6666865334996969;2.2142080394580156e-05
3.6285128540067854e-05;0.7407407407407405;0.6666817742016216;1.791898805350098e-05
3.6285128540067854e-05;0.8904996738479007;0.6666860323744241;2.1541889163024573e-05
3.6285128540067854e-05;-0.2070192687772281;0.6666687212802843;-5.00782928558552e-06
3.6285128540067854e-05;0.7407407407407405;0.6669952002193548;1.7927412278198204e-05
3.6285128540067854e-05;0.7906383344392383;0.6666683635325202;1.91256577429447e-05
3.6285128540067854e-05;0.3546272886894861;0.6668612494339824;8.580968334652526e-06
3.6285128540067854e-05;0.6102119163681305;0.6678243286870863;1.4786711058089125e-05
3.6285128540067854e-05;0.8904996738479007;0.6671397609403602;2.1556549992864794e-05
3.6285128540067854e-05;-0.1001898341822509;0.6666813190128322;-2.423653941628113e-06
3.6285128540067854e-05;-0.2070192687772281;0.6666920737179886;-5.008004702577037e-06
3.6285128540067854e-05;0.6797302254828639;0.6666850844124502;1.644318665990809e-05
3.6285128540067854e-05;0.9985285896264736;0.6666723252062033;2.4154697169076073e-05
3.6285128540067854e-05;0.7550354851400818;0.666709375068026;1.826554315034481e-05
3.6285128540067854e-05;0.6880078773275675;0.6667382301396265;1.664475605332113e-05
3.6285128540067854e-05;-0.2070192687772281;0.6676412620569383;-5.01513474034482e-06
3.6285128540067854e-05;0.6797302254828639;0.6666843271564826;1.6443167982872236e-05
3.6285128540067854e-05;0.8904996738479007;0.6666801817368664;2.154170011783736e-05
3.6285128540067854e-05;-0.2070192687772281;0.6666885714091388;-5.007978394210879e-06
3.6285128540067854e-05;0.2833635466977291;0.6666830339748764;6.854756763741128e-06
3.6285128540067854e-05;0.9153097204935656;0.6666833457861571;2.214197452382092e-05
3.6285128540067854e-05;-0.1001898341822509;0.6666879617067238;-2.423678090484207e-06
3.6285128540067854e-05;0.7550354851400818;0.666684801833477;1.826486992825917e-05
5.442769281010178e-05;0.2833635466977291;0.6666916268812872;1.0282267672495545e-05
5.442769281010178e-05;0.6102119163681305;0.6666834474032263;2.2142175151082266e-05
3.6285128540067854e-05;-0.2070192687772281;0.6666860337664389;-5.007959332147483e-06
3.6285128540067854e-05;0.6102119163681305;0.6669987735209515;1.476843193110951e-05
3.6285128540067854e-05;0.9153097204935656;0.6667605664066392;2.214453918517362e-05
3.6285128540067854e-05;0.8904996738479007;0.6670494024856475;2.1553630339951966e-05
3.6285128540067854e-05;0.2343825075515944;0.6670494024856475;5.672987957523859e-06
3.6285128540067854e-05;0.8904996738479007;0.6670437926666235;2.155344907606796e-05
3.6285128540067854e-05;-0.2070192687772281;0.6666902473947729;-5.00799098374699e-06
3.6285128540067854e-05;0.6102119163681305;0.6666817630655044;1.476141280675939e-05
3.6285128540067854e-05;0.8904996738479007;0.66670597576826;2.154253357187474e-05
3.6285128540067854e-05;0.6102119163681305;0.6667056486448182;1.4761941672128015e-05
3.6285128540067854e-05;0.9153097204935656;0.6667056486448182;2.214271524928137e-05
3.6285128540067854e-05;-0.2070192687772281;0.6666836200130424;-5.007941200705942e-06
3.6285128540067854e-05;0.6547785862736639;0.6666688771859247;1.5839202631268734e-05
3.6285128540067854e-05;0.9153097204935656;0.6666950888217122;2.2142364535054495e-05
3.6285128540067854e-05;0.2833635466977291;0.6666941283316064;6.8548708346158295e-06
3.6285128540067854e-05;0.6102119163681305;0.666678141043395;1.47613326093301e-05
3.6285128540067854e-05;0.8904996738479007;0.6666843215884241;2.154183388428675e-05
3.6285128540067854e-05;-0.7299153395051479;0.6666866434688539;-1.7657243698583646e-05
3.6285128540067854e-05;0.6102119163681305;0.6670001279512022;1.4768461920386488e-05
3.6285128540067854e-05;-0.2070192687772281;0.6670001279512022;-5.010318719961373e-06
3.6285128540067854e-05;0.2343825075515944;0.6667225379585202;5.670208105657978e-06
3.6285128540067854e-05;0.2833635466977291;0.6667034590057798;6.854966771513337e-06
3.6285128540067854e-05;0.7906383344392383;0.6667024344830002;1.91266351844636e-05
3.6285128540067854e-05;0.9153097204935656;0.6666870694253356;2.21420981938126e-05
3.6285128540067854e-05;0.0;0.667031913213633;0.0
3.6285128540067854e-05;0.8904996738479007;0.6666863219134707;2.1541898518579878e-05
3.6285128540067854e-05;0.6797302254828639;0.6666953226801727;1.644343917755273e-05
3.6285128540067854e-05;0.0;0.6666855382092248;0.0
3.6285128540067854e-05;0.9153097204935656;0.6667394759927349;2.21438387275871e-05
3.6285128540067854e-05;0.2343825075515944;0.6669615816736348;5.672241076697475e-06
5.442769281010178e-05;0.2140653562140417;0.6667605664066392;7.768482999908204e-06
5.442769281010178e-05;-0.2722070536059169;0.6668952953281986;-9.880455200834744e-06
5.442769281010178e-05;0.8904996738479007;0.6666863386176464;3.231284858748518e-05
5.442769281010178e-05;-0.0548228033375242;0.6670352345605787;-1.990352227916722e-06
3.6285128540067854e-05;0.1445795739230264;0.6674484527162817;3.5014936014551517e-06
3.6285128540067854e-05;0.8772803554798811;0.6672800286881968;2.1241011657403313e-05
3.6285128540067854e-05;0.6536389270112648;0.6667400787350767;1.581332279830192e-05
3.6285128540067854e-05;-0.0074380971272403;0.6666815974157615;-1.7993223659798436e-07
3.6285128540067854e-05;0.9153097204935656;0.6666892688084766;2.2142171240013294e-05
3.6285128540067854e-05;0.7615294621796556;0.6666692196215277;1.8421533491903434e-05
3.6285128540067854e-05;0.0668323999651063;0.6666881774689939;1.6167336464237585e-06
3.6285128540067854e-05;0.8934463904604688;0.6666906455109617;2.1613322113446496e-05
3.6285128540067854e-05;0.3078902449388379;0.6678107927366669;7.460673399317544e-06
3.6285128540067854e-05;0.3152451608504343;0.6673776896517433;7.633940641965748e-06
3.6285128540067854e-05;-0.2070192687772281;0.6666895889718452;-5.007986037857803e-06
3.6285128540067854e-05;0.3546272886894861;0.6667627254213553;8.579700557535062e-06
3.6285128540067854e-05;0.6961867159611705;0.6667006415681358;1.68416745653051e-05
3.6285128540067854e-05;0.9459634540755056;0.6666765972991525;2.2883277879947433e-05
3.6285128540067854e-05;0.977215536121451;0.6666669395015372;2.363893723396439e-05
3.6285128540067854e-05;0.4909856923396052;0.6667118277978326;1.1877790539099855e-05
3.6285128540067854e-05;0.5243731302301458;0.666670312353025;1.2684700321851438e-05
3.6285128540067854e-05;0.7615294621796556;0.6666695926814529;1.8421543800367816e-05
3.6285128540067854e-05;0.9215336295581608;0.6668609069983795;2.2298472469989072e-05
3.6285128540067854e-05;-0.0074380971272403;0.6668166353645724;-1.7996868230197458e-07
3.6285128540067854e-05;-0.0074380971272403;0.6666814679583994;-1.7993220165843782e-07
3.6285128540067854e-05;0.9153097204935656;0.6666692196215277;2.214150536379267e-05
3.6285128540067854e-05;0.8029360190590664;0.6666715192297231;1.9423232485000588e-05
3.6285128540067854e-05;-0.2070192687772281;0.6669002481163097;-5.009568450530322e-06
3.6285128540067854e-05;-0.0074380971272403;0.6666831606482091;-1.7993265850240126e-07
3.6285128540067854e-05;0.4945263755827818;0.6666740958488333;1.196276871187981e-05
3.6285128540067854e-05;-0.0074380971272403;0.6666894706506002;-1.7993436152352495e-07
3.6285128540067854e-05;0.9215336295581608;0.6666874271730997;2.2292671657454548e-05
3.6285128540067854e-05;0.0668323999651063;0.6666672902892281;1.6166829945486428e-06
3.6285128540067854e-05;0.0;0.666705432882548;0.0
3.6285128540067854e-05;0.8095238095238093;0.6666674503709124;1.9582473343485406e-05
3.6285128540067854e-05;-0.0074380971272403;0.6669125702299576;-1.7999457438443705e-07
3.6285128540067854e-05;-0.7750716545949403;0.6666870708173502;-1.874962358081452e-05
3.6285128540067854e-05;0.045045045045045;0.6667092818030447;1.089713152661251e-06
3.6285128540067854e-05;0.0;0.6683329068061256;0.0
3.6285128540067854e-05;0.9420587443490755;0.6683329068061256;2.2845438378524513e-05
3.6285128540067854e-05;-0.0254490022365228;0.6668656551603376;-6.157972949304477e-07
3.6285128540067854e-05;-0.2070192687772281;0.6667916779339812;-5.00875290163587e-06
3.6285128540067854e-05;0.6547785862736639;0.6666790333247832;1.5839443928180642e-05
3.6285128540067854e-05;-0.2070192687772281;0.6667916779339812;-5.00875290163587e-06
3.6285128540067854e-05;-0.2723166033475073;0.6666681018337669;-6.587376151653749e-06
3.6285128540067854e-05;0.045045045045045;0.666667042510621;1.089644114005619e-06
3.6285128540067854e-05;-0.2070192687772281;0.666680922288658;-5.007920936153632e-06
3.6285128540067854e-05;-0.0074380971272403;0.6668932365385368;-1.7998935636979177e-07
5.442769281010178e-05;0.2548382950238619;0.6666667334833696;9.246841218637635e-06
3.6285128540067854e-05;0.9153097204935656;0.6666882317575652;2.2142136797342716e-05
3.6285128540067854e-05;0.3546272886894861;0.6666860602147171;8.578714052904465e-06
3.6285128540067854e-05;0.6547785862736639;0.6666832984576591;1.5839545262300448e-05
5.442769281010178e-05;-0.0074380971272403;0.6666666903309156;-2.69892319935622e-07
3.6285128540067854e-05;0.534889552943381;0.6672902238034654;1.2951126453445246e-05
3.6285128540067854e-05;0.9153097204935656;0.6669399678622236;2.215049748979334e-05
3.6285128540067854e-05;0.3078902449388379;0.666898874197854;7.450485593940837e-06
3.6285128540067854e-05;0.2343825075515944;0.666682626114585;5.669868671413433e-06
3.6285128540067854e-05;0.7906383344392383;0.6666991632485816;1.9126541337937638e-05
3.6285128540067854e-05;0.2833635466977291;0.6666875789026961;6.854803494155921e-06
3.6285128540067854e-05;0.0;0.6666845624069578;0.0
3.6285128540067854e-05;0.8904996738479007;0.6666781173791461;2.1541633414527188e-05
3.6285128540067854e-05;0.0;0.6669187549510306;0.0
3.6285128540067854e-05;0.2833635466977291;0.6669479232259266;6.857480323953022e-06
3.6285128540067854e-05;-0.0074380971272403;0.6666904186125743;-1.7993461737117226e-07
3.6285128540067854e-05;0.0;0.6666850050676153;0.0
3.6285128540067854e-05;0.534889552943381;0.6666920918141791;1.29395175870888e-05
3.6285128540067854e-05;-0.0375364511362172;0.6666945918724836;-9.080480041583394e-07
3.6285128540067854e-05;0.9466824797134504;0.6666666708427106;2.290033045213766e-05
3.6285128540067854e-05;0.8095238095238093;0.6666850175957472;1.9582989357446872e-05
3.6285128540067854e-05;0.9153097204935656;0.66667155124606;2.214158280201176e-05
3.6285128540067854e-05;-0.7299153395051479;0.6666950554133607;-1.7657466489538872e-05
5.442769281010178e-05;0.0524655636156166;0.666741886962102;1.9039345172593704e-06
3.6285128540067854e-05;0.8904996738479007;0.6666896585725776;2.1542006332359026e-05
3.6285128540067854e-05;-0.2070192687772281;0.6666830896554622;-5.007937216807888e-06
3.6285128540067854e-05;0.0;0.6666838190711368;0.0
3.6285128540067854e-05;-0.7299153395051479;0.6667065952147775;-1.7657772122009308e-05
3.6285128540067854e-05;0.2343825075515944;0.6666710904892121;5.669770565540646e-06
3.6285128540067854e-05;0.2343825075515944;0.6667219157279733;5.670202813836434e-06
3.6285128540067854e-05;0.0;0.6666852403180905;0.0
3.6285128540067854e-05;-0.0074380971272403;0.6666685375343511;-1.7992871183641751e-07
5.442769281010178e-05;0.3546272886894861;0.6666836116609545;1.2868023818485744e-05
3.6285128540067854e-05;0.6961867159611705;0.6666846862962613;1.6841271515600696e-05
3.6285128540067854e-05;0.2349315497743442;0.6667300200372435;5.683554378288037e-06
3.6285128540067854e-05;0.3546272886894861;0.6667300200372435;8.57927971457009e-06
3.6285128540067854e-05;0.8904996738479007;0.6667300200372435;2.1543310487772625e-05
3.6285128540067854e-05;0.3078902449388379;0.6667034172453403;7.448301980704588e-06
3.6285128540067854e-05;0.6681249703867789;0.6667097161116143;1.6163043935254632e-05
3.6285128540067854e-05;0.7965026955742387;0.6666816711925377;1.9267902109791344e-05
3.6285128540067854e-05;0.9285943578112412;0.6666816711925377;2.246328265482174e-05
3.6285128540067854e-05;0.045045045045045;0.6667162975568615;1.089724619667064e-06
3.6285128540067854e-05;-0.0074380971272403;0.666786201748363;-1.7996046850298337e-07
3.6285128540067854e-05;0.3546272886894861;0.6666868439189629;8.578724137373046e-06
3.6285128540067854e-05;-0.2722070536059169;0.6666698683003528;-6.584743575822627e-06
3.6285128540067854e-05;0.045045045045045;0.6666708371425465;1.089650316199636e-06
3.6285128540067854e-05;0.9595682978720574;0.6666821222052831;2.3212577486030387e-05
3.6285128540067854e-05;0.2545956416555881;0.6666829755102612;6.158841050486827e-06
3.6285128540067854e-05;0.8904996738479007;0.6668251600622657;2.154638464228385e-05
3.6285128540067854e-05;-0.0074380971272403;0.6668145570867058;-1.799681213907596e-07
3.6285128540067854e-05;-0.0074380971272403;0.6666829504539975;-1.7993260177259986e-07
3.6285128540067854e-05;-0.2070192687772281;0.6666781897639076;-5.007900410190688e-06
3.6285128540067854e-05;0.6966374181577104;0.6666813802614767;1.6852090766493365e-05
3.6285128540067854e-05;0.6961867159611705;0.6666822488786158;1.684120994344641e-05
3.6285128540067854e-05;0.9140949302858684;0.6667385057585264;2.2114417458235608e-05
3.6285128540067854e-05;0.7518196275455042;0.6666821375174442;1.8187003259115932e-05
3.6285128540067854e-05;0.3546272886894861;0.6666821375174442;8.5786635768255e-06
5.442769281010178e-05;0.2545956416555881;0.6666919080682457;9.238385354663005e-06
1.8142564270033927e-05;0.3546272886894861;0.6675891840049955;4.295167587984506e-06
1.8142564270033927e-05;-0.7299153395051479;0.6667223778768359;-8.829095063474485e-06
3.6285128540067854e-05;-0.2070192687772281;0.6668433648298083;-5.009141159165198e-06
1.8142564270033927e-05;0.8904996738479007;0.6666828878133385;1.077089377814827e-05
1.8142564270033927e-05;0.0;0.6666966492701306;0.0
1.8142564270033927e-05;0.8904996738479007;0.6667088321823139;1.077131293401305e-05
1.8142564270033927e-05;0.2833635466977291;0.6666873366921476;3.4274005018877346e-06
1.8142564270033927e-05;0.9153097204935656;0.6666901791860552;1.1071100737796285e-05
1.8142564270033927e-05;0.9410441013366198;0.6666995822449902;1.1382530692415259e-05
1.8142564270033927e-05;0.8095238095238093;0.6666840292653483;9.791480163275233e-06
1.8142564270033927e-05;0.2833635466977291;0.6666710904892121;3.4273169811111573e-06
1.8142564270033927e-05;-0.2070192687772281;0.6666866142365463;-2.503981846238425e-06
1.8142564270033927e-05;0.8095238095238093;0.6670683700772164;9.797124914416924e-06
1.8142564270033927e-05;0.2833635466977291;0.6666666750187545;3.4272942814364677e-06
1.8142564270033927e-05;0.8904996738479007;0.6666815111108534;1.0770871536215108e-05
1.8142564270033927e-05;0.2833635466977291;0.6667009269311382;3.4274703685094233e-06
1.8142564270033927e-05;0.7911707066643898;0.6666849424269563;9.569505923954409e-06
1.8142564270033927e-05;0.8095238095238093;0.6666834613233726;9.791471822003588e-06
1.8142564270033927e-05;0.3546272886894861;0.6667186222213205;4.289566525465568e-06
1.8142564270033927e-05;-0.2070192687772281;0.6666835991328227;-2.503970521929781e-06
1.8142564270033927e-05;0.8095238095238093;0.6667015087932604;9.791736882265491e-06
1.8142564270033927e-05;-0.2070192687772281;0.6666835768605883;-2.5039704382783784e-06
1.8142564270033927e-05;0.7906383344392383;0.6666727428105972;9.562891688742706e-06
1.8142564270033927e-05;0.2833635466977291;0.6666710236725091;3.427316637610405e-06
1.8142564270033927e-05;0.8095238095238093;0.6666984909055075;9.791692559037738e-06
1.8142564270033927e-05;0.8904996738479007;0.6666708273984441;1.0770698930717622e-05
1.8142564270033927e-05;0.7740390561197239;0.6667311447850774;9.362941018434012e-06
1.8142564270033927e-05;-0.2070192687772281;0.6668362391068346;-2.5045438163619393e-06
1.8142564270033927e-05;0.8095238095238093;0.6666710821371243;9.791290010903777e-06
1.8142564270033927e-05;0.9153097204935656;0.6666753222137365;1.1070854021941853e-05
3.6285128540067854e-05;0.2833635466977291;0.6666891142948508;6.854819280877977e-06
--------;--------;--------;--------;0.03728090967445302
--------;--------;--------;--------;0.0
--------;--------;--------;--------;0.0
--------;--------;--------;--------;0.0
--------;--------;--------;--------;0.0
--------;--------;--------;--------;0.0
--------;--------;--------;--------;0.0
3.6285128540067854e-05;0.5338693486420634;0.6666669965741377;1.2914351683528208e-05
3.6285128540067854e-05;0.5338693486420634;0.6666685138701021;1.2914381075854198e-05
1.8142564270033927e-05;0.8903840844902011;0.6666675060514983;1.0769247211216258e-05
1.8142564270033927e-05;0.5338693486420634;0.66666675157956;6.4571734688056745e-06
--------;--------;--------;--------;0.0006423705317379481
--------;--------;--------;--------;0.0
--------;--------;--------;--------;0.0
--------;--------;--------;--------;0.0
--------;--------;--------;--------;0.0
--------;--------;--------;--------;0.0
--------;--------;--------;--------;0.0
--------;--------;--------;--------;0.0
--------;--------;--------;--------;0.0
--------;--------;--------;--------;0.0
--------;--------;--------;--------;0.0
--------;--------;--------;--------;0.0
--------;--------;--------;--------;0.0
1.8142564270033927e-05;-0.9082931659507592;0.6666670063182403;-1.0985850356568683e-05
--------;--------;--------;--------;-0.00016390573418985786
--------;--------;--------;--------;0.0
--------;--------;--------;--------;0.0
--------;--------;--------;--------;0.0
--------;--------;--------;--------;0.0
--------;--------;--------;--------;0.0
--------;--------;--------;--------;0.0
1.8142564270033927e-05;0.4754098360655741;0.6666669074852004;5.750104414047467e-06
--------;--------;--------;--------;8.578990747760057e-05
--------;--------;--------;--------;0.0
--------;--------;--------;--------;0.0
--------;--------;--------;--------;0.0
--------;--------;--------;--------;0.0
7.257025708013571e-05;-0.7551678095518894;0.6666673919062973;-3.65351877969883e-05
--------;--------;--------;--------;-0.0005450945156966525
--------;--------;--------;--------;0.0
--------;--------;--------;--------;0.0
--------;--------;--------;--------;0.0
--------;--------;--------;--------;0.0
1.8142564270033927e-05;-0.6583707243902335;0.6666669186213176;-7.963025129986423e-06
--------;--------;--------;--------;-0.00011880604941267142
--------;--------;--------;--------;0.0
--------;--------;--------;--------;0.0
--------;--------;--------;--------;0.0
--------;--------;--------;--------;0.0
--------;--------;--------;--------;0.0
0.000562419492371;-0.5842266278244157;0.6666667181712085;-0.00021905364589047118
5.442769281010178e-05;0.4578924261685773;0.6666666666666666;1.6614685541050353e-05
--------;--------;--------;--------;-0.0030203311849103924
--------;--------;--------;--------;0.0
--------;--------;--------;--------;0.0
--------;--------;--------;--------;0.0
--------;--------;--------;--------;0.0
--------;--------;--------;--------;0.0
--------;--------;--------;--------;0.0
--------;--------;--------;--------;0.0
--------;--------;--------;--------;0.0
--------;--------;--------;--------;0.0
--------;--------;--------;--------;0.0
--------;--------;--------;--------;0.0
--------;--------;--------;--------;0.0
--------;--------;--------;--------;0.0
--------;--------;--------;--------;0.0
--------;--------;--------;--------;0.0
--------;--------;--------;--------;0.0
--------;--------;--------;--------;0.0
--------;--------;--------;--------;0.0
--------;--------;--------;--------;0.0
--------;--------;--------;--------;0.0
--------;--------;--------;--------;0.0
--------;--------;--------;--------;0.0
--------;--------;--------;--------;0.0
--------;--------;--------;--------;0.0
0.0001088553856202;0.1146860840453576;0.6094040303871551;7.6079205188655784e-06
7.257025708013571e-05;0.8248338526290551;0.7625029813663974;4.5642212069274564e-05
3.6285128540067854e-05;0.4388888888888891;0.6666668518046145;1.0616762780441625e-05
1.8142564270033927e-05;-0.2172326910205957;0.6666666708427106;-2.6274387220541687e-06
--------;--------;--------;--------;0.0009136751163768979
--------;--------;--------;--------;0.0
--------;--------;--------;--------;0.0
--------;--------;--------;--------;0.0
--------;--------;--------;--------;0.0
--------;--------;--------;--------;0.0
--------;--------;--------;--------;0.0
--------;--------;--------;--------;0.0
--------;--------;--------;--------;0.0
--------;--------;--------;--------;0.0
--------;--------;--------;--------;0.0
--------;--------;--------;--------;0.0
1.8142564270033927e-05;-0.8004090392106189;0.6666672429607301;-9.680989992768197e-06
1.8142564270033927e-05;0.0524655636156166;0.6666666666666666;6.345732399065851e-07
--------;--------;--------;--------;-0.00013496994147372832
--------;--------;--------;--------;0.0
7.257025708013571e-05;-0.5195392963951708;0.6666667153871793;-2.5135402038667954e-05
--------;--------;--------;--------;-0.0003750129841193203
--------;--------;--------;--------;0.0
--------;--------;--------;--------;0.0
--------;--------;--------;--------;0.0
--------;--------;--------;--------;0.0
1.8142564270033927e-05;-0.1852407022283149;0.6666668197882777;-2.240494745004409e-06
--------;--------;--------;--------;-3.342753853450144e-05
--------;--------;--------;--------;0.0
1.8142564270033927e-05;0.4617046036523657;0.6666673236975796;5.5843424673120775e-06
--------;--------;--------;--------;8.331678680887063e-05
7.257025708013571e-05;0.0257694466570279;0.6666668796449075;1.2467306440985271e-06
1.8142564270033927e-05;-0.5819048938077649;0.6666667112111353;-7.03816509357005e-06
--------;--------;--------;--------;-8.64065397436884e-05
--------;--------;--------;--------;0.0
--------;--------;--------;--------;0.0
1.8142564270033927e-05;0.0259102162377844;0.6667275895796712;3.134138140696683e-07
--------;--------;--------;--------;4.6760441507031035e-06
3.6285128540067854e-05;0.1003922890072909;0.6666670592147969;2.4284995039943613e-06
--------;--------;--------;--------;3.623251557799543e-05
--------;--------;--------;--------;0.0
--------;--------;--------;--------;0.0
--------;--------;--------;--------;0.0
--------;--------;--------;--------;0.0
--------;--------;--------;--------;0.0
--------;--------;--------;--------;0.0
--------;--------;--------;--------;0.0
--------;--------;--------;--------;0.0
--------;--------;--------;--------;0.0
1.0;0.2301337468469547;0.5092609223291736;0.11719812417834871
0.2924399934686769;-0.1132213843086209;0.5155787145991031;-0.017071048864278498
0.1734973421143344;-0.0270590311235902;0.5543157290197538;-0.002602329412543996
0.1006912316986883;-0.3498177801674613;0.4722005338729294;-0.016632594770785325
0.0752734991563707;-0.2976529814160178;0.5016336938688462;-0.01123929425705161
0.0335818864638328;-0.1362114550167049;0.4697275043163422;-0.002148645220192114
0.027812551025962;0.2806194876500443;0.5240704502638152;0.0040902356074936615
0.0157840309149295;-0.4006731146371925;0.4533693971278256;-0.0028672154381012174
0.0128993631959941;-0.2303264728256904;0.4029953582378062;-0.0011973253341558434
0.0115749560042816;-0.3371137085158222;0.5093483062883127;-0.0019875159770842937
0.0071844554509334;0.1916143607089764;0.4446020085997734;0.0006120590602245634
0.0060233313376512;0.0269588011163917;0.4847032090492979;7.870697547478346e-05
0.0057330503093307;0.1555304336835383;0.4351041077912248;0.00038796658255762096
0.0049710626099892;-0.353305223602211;0.4796922891220903;-0.0008424847123927886
0.0041909323463778;-0.0131966780037839;0.4773768807831868;-2.6401989420632037e-05
0.0035378000326566;0.065837596514273;0.4918977109033283;0.00011457293833824632
0.0028846677189353;0.2523787009742153;0.5766221510276502;0.0004197974701874219
0.0021045374553239;-0.2683519978726651;0.5192848555806865;-0.00029326966928592353
0.0024311036121845;0.0085940064289921;0.4879428072159136;1.0194550071191192e-05
0.0011792666775522;0.1924561167138092;0.527540043087804;0.00011972895057496332
0.0015421179629528;0.0161482380244572;0.5437106356235389;1.3539747539697282e-05
0.0012518369346323;-0.1600502134598498;0.4919507556685584;-9.856566371845349e-05
0.0009071282135016;0.5787442609101516;0.6666673083854185;0.00034999716854844804
0.0007982728278814;0.4518258192468286;0.6098742380479613;0.0002199696075530222
0.0007619876993414;0.3828943746760725;0.5442603612766365;0.00015879384040101122
0.0010341261633919;0.2002887971675807;0.4402520117476383;9.11867072218606e-05
0.0004172789782107;-0.4556839632168281;0.5330053058860975;-0.00010134954035159822
0.0004354215424808;0.9661376703280546;0.6666667474035162;0.00028045147040618024
9.071282135016963e-05;0.7609087486229701;0.8048921007957639;5.555701674495349e-05
5.442769281010178e-05;-0.0797513404324915;0.6666669812619767;-2.8937890043936938e-06
0.0001632830784303;-0.4114230757292938;0.6666667000750182;-4.478561980588151e-05
0.0001814256427003;-0.1265857698684318;0.4695988388506341;-1.0784762159185815e-05
9.071282135016963e-05;-0.0851025011801307;0.6666667877719409;-5.146592925589683e-06
5.442769281010178e-05;-0.3756097560975611;0.6666668490205853;-1.362905200886908e-05
1.8142564270033927e-05;0.9985363166471324;0.6685816960157781;1.2112032223322045e-05
1.8142564270033927e-05;-0.4215026112662945;0.6666666791947984;-5.0980922390616046e-06
3.6285128540067854e-05;0.1158703533265423;0.6666667139951645;2.8029139752776585e-06
--------;--------;--------;--------;1.0
--------;--------;--------;--------;0.0
--------;--------;--------;--------;0.0
--------;--------;--------;--------;0.0
--------;--------;--------;--------;0.0
--------;--------;--------;--------;0.0
--------;--------;--------;--------;0.0
--------;--------;--------;--------;0.0
--------;--------;--------;--------;0.0
--------;--------;--------;--------;0.0
--------;--------;--------;--------;0.0
--------;--------;--------;--------;0.0
--------;--------;--------;--------;0.0
1.8142564270033927e-05;-0.2612178177360031;0.666667074526958;-3.159442630751235e-06
1.8142564270033927e-05;0.0524655636156166;0.6666666722347252;6.345732452065966e-07
--------;--------;--------;--------;-3.767032655089324e-05
3.6285128540067854e-05;0.4963835500204105;0.6681101761106494;1.203356015249064e-05
3.6285128540067854e-05;0.8357487922705313;0.6674700693117221;2.0241198291115574e-05
--------;--------;--------;--------;0.00048153013256152467
3.6285128540067854e-05;0.4963835500204105;0.6666827959403718;1.2007851121624654e-05
3.6285128540067854e-05;0.5297450424929182;0.6673425120496198;1.2827568983583034e-05
3.6285128540067854e-05;0.6721959045049746;0.6684210923259755;1.6303268228605823e-05
3.6285128540067854e-05;0.9558513386778812;0.6667037471528114;2.312341186224621e-05
3.6285128540067854e-05;0.6835674369561044;0.6666670160623428;1.6535563543348386e-05
3.6285128540067854e-05;0.8357487922705313;0.6673139827094463;2.0236464925512366e-05
--------;--------;--------;--------;0.0015074002011282379
--------;--------;--------;--------;0.0
--------;--------;--------;--------;0.0
--------;--------;--------;--------;0.0
--------;--------;--------;--------;0.0
3.6285128540067854e-05;0.5217391304347823;0.6672812968135395;1.2632550066397793e-05
--------;--------;--------;--------;0.00018847402122904776
--------;--------;--------;--------;0.0
--------;--------;--------;--------;0.0
--------;--------;--------;--------;0.0
0.0001269979498902;0.045045045045045;0.6666677677502517;3.813758547844949e-06
3.6285128540067854e-05;-0.022067141120641;0.6666666666666666;-5.338060347161837e-07
--------;--------;--------;--------;4.893595009245643e-05
--------;--------;--------;--------;0.0
3.6285128540067854e-05;-0.5130578014082409;0.8007030314721054;-1.490618251085803e-05
1.8142564270033927e-05;0.0;0.6666669993581671;0.0
7.257025708013571e-05;0.9563545715898149;0.6666677566141346;4.626867372553592e-05
--------;--------;--------;--------;0.0004679193673424773
--------;--------;--------;--------;0.0
--------;--------;--------;--------;0.0
0.0050436328670694;0.6172764506037232;0.3170421317093814;0.000987052276119782
0.0070756000653132;0.3728840734887357;0.457580115645331;0.0012072695733416434
0.0004535641067508;0.925720504248432;0.6738665101030737;0.0002829387532106362
0.0072388831437435;0.2800581546122015;0.514579402469853;0.0010432110703206716
0.0046807815816687;0.5148437454067432;0.6666669047011711;0.0016065813209239534
0.0051524882526896;0.6757462835849002;0.6666667738517943;0.0023211835651743775
0.0011611241132821;0.0458107926056376;0.4257784485186975;2.2648014021780076e-05
0.0002539958997804;0.0524655636156166;0.6666666694506959;8.884025395789648e-06
3.6285128540067854e-05;0.5675038240463499;0.6666668211802923;1.3727969316737967e-05
1.8142564270033927e-05;0.0524655636156166;0.6666668963490832;6.345734585320579e-07
--------;--------;--------;--------;0.11181028568196082
--------;--------;--------;--------;0.0
--------;--------;--------;--------;0.0
--------;--------;--------;--------;0.0
--------;--------;--------;--------;0.0
--------;--------;--------;--------;0.0
--------;--------;--------;--------;0.0
--------;--------;--------;--------;0.0
--------;--------;--------;--------;0.0
3.6285128540067854e-05;0.0401028875110711;0.6666670675668848;9.700928688100443e-07
--------;--------;--------;--------;1.4473507169118128e-05
--------;--------;--------;--------;0.0
--------;--------;--------;--------;0.0
3.6285128540067854e-05;0.6772079785613778;0.8748018703029941;2.1496137674108864e-05
--------;--------;--------;--------;0.0003207162043322749
--------;--------;--------;--------;0.0
--------;--------;--------;--------;0.0
--------;--------;--------;--------;0.0
--------;--------;--------;--------;0.0
--------;--------;--------;--------;0.0
1.8142564270033927e-05;-0.4813535891795462;0.6666673682420483;-5.821998412383972e-06
--------;--------;--------;--------;-8.686254529795314e-05
--------;--------;--------;--------;0.0
--------;--------;--------;--------;0.0
--------;--------;--------;--------;0.0
--------;--------;--------;--------;0.0
0.0031386636187158;0.3268988262608123;0.645703362628566;0.0006625080851353697
0.0014151200130626;-0.3993718160709334;0.554338465258786;-0.00031328940016859375
0.0010159835991219;0.9459634540755056;0.6666698613402796;0.0006407253068205774
0.0007982728278814;-0.8170416032975718;0.6666668949570685;-0.0004348148896701183
0.0007075600065313;-0.0506869140646472;0.5718728695950832;-2.0509667608005604e-05
0.0002902810283205;-0.928710321625062;0.666666842060512;-0.00017972470539935517
0.0002902810283205;-0.5556535653622028;0.5225667218821561;-8.42877591112802e-05
0.0002177107712404;0.8703109125800257;0.7317883435246908;0.0001386563720825947
7.257025708013571e-05;-0.264266245438618;0.6101413188788988;-1.1701210510139382e-05
5.442769281010178e-05;-0.577659466649346;0.6666671329915731;-2.0960462661326987e-05
5.442769281010178e-05;-0.0972486890863955;0.6666667474035162;-3.528681611194857e-06
1.8142564270033927e-05;-0.010791599746069;0.6666666750187545;-1.3052486294825845e-07
3.6285128540067854e-05;0.0524655636156166;0.6666667668917211;1.2691466706135828e-06
9.071282135016963e-05;-0.3210009129847922;0.5209084365376128;-1.5168279877179774e-05
1.8142564270033927e-05;0.5232546097661428;0.6666669506376545;6.32878962063699e-06
7.257025708013571e-05;-0.9073259238162468;0.6666666694506959;-4.3896583881191824e-05
7.257025708013571e-05;0.2507190304607443;0.6120107140018964;1.1135378569723205e-05
1.8142564270033927e-05;0.3374855827048379;0.6666667223472524;4.081902923879005e-06
--------;--------;--------;--------;0.005023360184918976
--------;--------;--------;--------;0.0
--------;--------;--------;--------;0.0
1.8142564270033927e-05;-0.7598606702782214;0.6666669603817569;-9.1905514136328e-06
--------;--------;--------;--------;-0.00013712038924327963
--------;--------;--------;--------;0.0
3.6285128540067854e-05;0.9357567870640464;0.7094246228511271;2.4087842876078793e-05
--------;--------;--------;--------;0.0003593837020811916
--------;--------;--------;--------;0.0
--------;--------;--------;--------;0.0
5.442769281010178e-05;-0.4019831931529517;0.759868157455935;-1.662516890596999e-05
7.257025708013571e-05;0.163188069817777;0.6051629396255636;7.1667027371866424e-06
--------;--------;--------;--------;-0.00014111760049393082
--------;--------;--------;--------;0.0
--------;--------;--------;--------;0.0
--------;--------;--------;--------;0.0
--------;--------;--------;--------;0.0
0.0006531323137212;-0.2653870865576097;0.5566664383477674;-9.64885980019662e-05
0.0002721384640505;0.2310592565638071;0.5016267934300128;3.154234854471818e-05
9.071282135016963e-05;-0.5381445358851344;0.9704522931791496;-4.7374190289333794e-05
--------;--------;--------;--------;-0.0016757887230990235
--------;--------;--------;--------;0.0
--------;--------;--------;--------;0.0
0.0002358533355104;-0.4454392553288891;0.4482876804524001;-4.709635692228388e-05
0.0001995682069703;0.6834258244094288;0.7952367965895839;0.00010846239947036872
5.442769281010178e-05;0.1446708573555499;0.6666667933399995;5.249401652586564e-06
--------;--------;--------;--------;0.0009938833076827821
7.257025708013571e-05;-0.2147505760329368;0.5575010306392697;-8.688377326783078e-06
--------;--------;--------;--------;-0.00012962809600017982
--------;--------;--------;--------;0.0
--------;--------;--------;--------;0.0
--------;--------;--------;--------;0.0
1.8142564270033927e-05;0.999547901426382;0.6666726147452497;1.2089682559680931e-05
--------;--------;--------;--------;0.00018037459384124958
--------;--------;--------;--------;0.0
--------;--------;--------;--------;0.0
1.8142564270033927e-05;0.6041718539871468;0.6666668030841019;7.307485956040674e-06
--------;--------;--------;--------;0.00010902559308854662
--------;--------;--------;--------;0.0
--------;--------;--------;--------;0.0
3.6285128540067854e-05;0.9803471626426764;0.6691579705910902;2.380330259361406e-05
--------;--------;--------;--------;0.0003551384427348283
--------;--------;--------;--------;0.0
--------;--------;--------;--------;0.0
--------;--------;--------;--------;0.0
--------;--------;--------;--------;0.0
0.0003447087211306;0.0341222423824558;0.6666668323164096;7.841491637587591e-06
--------;--------;--------;--------;0.0001169928045883072
--------;--------;--------;--------;0.0
--------;--------;--------;--------;0.0
--------;--------;--------;--------;0.0
--------;--------;--------;--------;0.0
3.6285128540067854e-05;0.3383140068678121;0.6666666778027838;8.183844954107022e-06
--------;--------;--------;--------;0.00012210061780942017
--------;--------;--------;--------;0.0
--------;--------;--------;--------;0.0
1.8142564270033927e-05;-0.5372087410213375;0.6666686252312738;-6.497581829113708e-06
--------;--------;--------;--------;-9.694205597136867e-05
--------;--------;--------;--------;0.0
--------;--------;--------;--------;0.0
--------;--------;--------;--------;0.0
--------;--------;--------;--------;0.0
--------;--------;--------;--------;0.0
--------;--------;--------;--------;0.0
