label;一级评论;真实二级评论数;真实点赞数;边数;最大边数;集群密度
1;除了经济制裁，中国没有什么很好的反制手段[挖鼻];2;1;3;55119;5.442769281010178e-05
14;繁华西厂房在拆迁;1;0;1;55119;1.8142564270033927e-05
16;离市区远;1;0;1;55119;1.8142564270033927e-05
39;这点钱，微乎其微...前阵子我才知道原来小娃娃打疫苗不免费。我之前理所当然地以为这是基本福利。。。;3;0;3;55119;5.442769281010178e-05
43;少生优生幸福一生，只生一个好;3;47;50;55119;0.0009071282135016963
48;连请个保姆都不够;1;9;10;55119;0.00018142564270033927
50;只生一个好，zf来养老[喵喵];1;8;9;55119;0.00016328307843030534
53;建议直接承包小孩5岁前的所有育儿费用;1;3;4;55119;7.257025708013571e-05
56;一次性补贴就算了，每个月都补贴才能吸引;1;2;3;55119;5.442769281010178e-05
61;中国的人口年龄结构中间大两头小，这就是让你们生的原因，出生率不提高的话，就不是延迟退休这么简单了;1;0;1;55119;1.8142564270033927e-05
89;还不如从结婚就开始奖励，M2那么多万亿流入市场，还不如人均直接发，这么点抠抠搜搜的钱彩礼都不够给，还生;1;4;5;55119;9.071282135016963e-05
114;不是每个人的父母都有能力给你在工作地买房的哈，10个里面有5个差不多了;2;6;8;55119;0.00014514051416027142
131;把每年的1,000万大学毕业生培养为未来的房奴吗？[允悲];16;143;159;55119;0.0028846677189353943
148;救不了的了，慢慢会崩盘;10;36;46;55119;0.0008345579564215606
159;其实很简单，宣布工资倍增计划，未来三年工资倍增，然后把钱印出来;6;5;11;55119;0.0001995682069703732
166;任何人为地拯救都是向经济法则的挑战。所谓宏观调控也不例外。在没有伤及经济筋骨的条件下，任何调控无非是人为地推进或延缓了经济规律起作用的时间。最终还是经济法则要起作用。任何问题累积越久，爆发的烈度愈甚。;3;36;39;55119;0.0007075600065313231
170;月供的关键在供，拿啥供？;1;32;33;55119;0.0005987046209111195
173;[doge]总结一下当今一些人对都盼着大学毕业生的期待：1.1000万人就业率100% 2.月薪税后2万 3.买房有首付 4.还贷后还能买台电动车代步 5.每个月没有结余 都用来消费[doge][doge][doge];2;18;20;55119;0.00036285128540067854
176;1100万大学生有900多万的爹妈都给买房了;1;11;12;55119;0.00021771077124040712
178;根据炒股多年养成的惯性分析，这么多人唱空，确实上涨的概率比较大了;1;1;2;55119;3.6285128540067854e-05
182;这个才是硬实力宣传 http://t.cn/A69lXID8;1;3;4;55119;7.257025708013571e-05
184;真伟大，社会主义居然搞得没有房子住;1;7;8;55119;0.00014514051416027142
188;今年开始毕业大学生很难找到高薪工作，靠什么买房？;1;2;3;55119;5.442769281010178e-05
193;第五点一看就是错的啊 为什么看空房市的人越多 就是要买房的人越多？这是啥逻辑？;1;1;2;55119;3.6285128540067854e-05
270;还有余地不过现在还不到时候;1;0;1;55119;1.8142564270033927e-05
272;稳(song)得一批[doge][求饶];1;0;1;55119;1.8142564270033927e-05
274;[二哈];1;0;1;55119;1.8142564270033927e-05
299;要赶农民进城很简单，镇以下的学校统统撤掉，农民自然会跑城里为开发商接盘。[笑cry][笑cry][笑cry];5;15;20;55119;0.00036285128540067854
305;都去县城落户，那老家稻田怎么搞呢，城市失业还能老家种田不愁吃喝，迁出去了未来重新划分田土就没得了吧;4;7;11;55119;0.0001995682069703732
327;[允悲]我还想要一个农村户口 想要一个宅基地 几块地;1;5;6;55119;0.00010885538562020356
364;你买了没;2;1;3;55119;5.442769281010178e-05
367;进城，何以立足？;2;0;2;55119;3.6285128540067854e-05
370;说到底就是惦记农民的土地。;1;0;1;55119;1.8142564270033927e-05
372;然后，供个物业叫爹[允悲];1;0;1;55119;1.8142564270033927e-05
374;在农村，虽然一个月100来块钱退休金，但是消费低，很多东西可以自己种点，真要去了城里，啥都得要钱了。;1;1;2;55119;3.6285128540067854e-05
376;博主平常发的微博都挺可人的，一涉及到政经就傻里吧唧的;1;0;1;55119;1.8142564270033927e-05
396;想回村怎么办？;2;1;3;55119;5.442769281010178e-05
414;房产界欢乐喜剧人大哥2023年就销声匿迹了;2;1;3;55119;5.442769281010178e-05
417;暴跌一触即发[doge];1;3;4;55119;7.257025708013571e-05
419;挂牌量又下来了;1;0;1;55119;1.8142564270033927e-05
421;持关[doge];1;0;1;55119;1.8142564270033927e-05
423;82/14 http://t.cn/A6KeYP9N;1;1;2;55119;3.6285128540067854e-05
425;#打卡，围观，躺平，住二环老破小##撸猫，聊球，踩盘，看白话二手房#  某区卖房:我们这未来有rdf！！！丰台卖房:我们未来这有个学校。[doge][吃瓜];1;1;2;55119;3.6285128540067854e-05
437;取消二套吧[泪];2;2;4;55119;7.257025708013571e-05
440;三个月一提和租房1500限额还在吗;3;0;3;55119;5.442769281010178e-05
444;房租能涨点儿。提高点租售比。;1;0;1;55119;1.8142564270033927e-05
446;国管之前可以按月提还房贷不;2;0;2;55119;3.6285128540067854e-05
449;小白，今年除了深圳还有其他地方要落地房产税吗？;1;0;1;55119;1.8142564270033927e-05
455;有公积金的需要租这种房子？;2;0;2;55119;3.6285128540067854e-05
458;北京公租房的标准十几年不变，这十来年北京gdp增长了多少，人均增长了gdp多少。。。我就呵呵了！;1;11;12;55119;0.00021771077124040712
476;烂尾之都;1;4;5;55119;9.071282135016963e-05
488;能不能直接规定不准卖期房，只准卖现房呢？我都快被恒大气死了[允悲];3;4;7;55119;0.0001269979498902375
500;谁告诉你的测量要三个月。一个周的事情让个搞成三个月。而且你连最基本的竣工验收步骤都没搞清楚，很多验收都是过程中就开始验收了，测量属于分户验收，室内施工差不多的时候就能验收。哪怕是公区没施工;3;3;6;55119;0.00010885538562020356
507;交房交才能卖，要不然很难杜绝被割韭菜。话说回来，小白买二手都会被坑。;1;1;2;55119;3.6285128540067854e-05
527;政府常常扮演无赖角色，维权几无可能！;1;7;8;55119;0.00014514051416027142
549;好消息[鼓掌];10;6;16;55119;0.00029028102832054283
560;好;9;3;12;55119;0.00021771077124040712
570;涨涨涨[允悲][允悲][允悲];9;2;11;55119;0.0001995682069703732
580;好;9;1;10;55119;0.00018142564270033927
590;👏好;9;1;10;55119;0.00018142564270033927
600;[哈哈]每天都看消息，昨天美股新能源涨了;9;1;10;55119;0.00018142564270033927
610;今天行情一直往上[打call];8;0;8;55119;0.00014514051416027142
619;乔妹早呀[太开心][太开心];8;0;8;55119;0.00014514051416027142
628;我要发财;8;0;8;55119;0.00014514051416027142
637;好样的 利好！！[doge][doge][doge];8;0;8;55119;0.00014514051416027142
706;看来今天数字经济要来一波集体涨停潮了，大面积套人开始。;1;0;1;55119;1.8142564270033927e-05
773;现在明明就是都不敢消费;1;0;1;55119;1.8142564270033927e-05
779;[熊猫];1;0;1;55119;1.8142564270033927e-05
798;还钱！无良机构！还钱！！！！！！;8;0;8;55119;0.00014514051416027142
813;已阅[挤眼];1;1;2;55119;3.6285128540067854e-05
815;操心的太多了吧哥;1;0;1;55119;1.8142564270033927e-05
817;油价又要涨，宝宝不开心;1;0;1;55119;1.8142564270033927e-05
823;烂尾之都;1;4;5;55119;9.071282135016963e-05
837;坐标郑州，已经延期半年了，预计还要延期半年。而且政府的纾困资金就是个笑话，开发商想要2亿的纾困资金，前提是得拿3亿的东西是抵押，哪个开发商愿意贷这赔本的纾困资金，都是扯淡;5;5;10;55119;0.00018142564270033927
871;除了降价一切花哨操作都是想方设法薅老百姓羊毛;1;0;1;55119;1.8142564270033927e-05
888;因为房地产能促进经济快速增长;2;4;6;55119;0.00010885538562020356
898;包括利息加点？;2;0;2;55119;3.6285128540067854e-05
908;房住不炒也要烂尾？;6;13;19;55119;0.0003447087211306446
927;就说苏州首套利率什么时候降;1;0;1;55119;1.8142564270033927e-05
933;贺总，黄金山水郡六期的高层可以入手吗？价格和房龄感觉都还可以，南边是水库和山，比财富中心什么的便宜不少，不知道未来能不能涨;1;0;1;55119;1.8142564270033927e-05
939;东莞这趋势没止住啊？，疫情之前就不行了;1;0;1;55119;1.8142564270033927e-05
941;我老婆在老家有一条还清的贷款记录，导致我在深圳买房要五成首付[摊手];1;0;1;55119;1.8142564270033927e-05
943;深圳有刚需？[doge];1;0;1;55119;1.8142564270033927e-05
959;回不回来得看老百姓口袋里的钞票。老百姓有钱。就业没有问题。谁不想住宽敞明亮一点。[嘻嘻][嘻嘻][嘻嘻];2;1;3;55119;5.442769281010178e-05
962;多盖房子，多贷款，卖给百姓，百姓贷款，贷款风险从公司转嫁给个人。消费水平又给拉低了。忙活半天意义在哪里。;1;0;1;55119;1.8142564270033927e-05
974;我一个退休老人都不敢乱花钱了，就怕孩子的房贷还不上，好尽可能帮一下。那么“内需”又何从谈起？;1;1;2;55119;3.6285128540067854e-05
988;刚放的4.1亏大了[衰];1;0;1;55119;1.8142564270033927e-05
1000;这是完全为拉高房价制定的政策，与市场经济原则完全背道而驰。把党16大后确定的市场在资源配置中起决定性作用的原则给彻底践踏了，是改革的倒退。;1;0;1;55119;1.8142564270033927e-05
1004;早安[太开心]http://t.cn/A69vVXDV;1;0;1;55119;1.8142564270033927e-05
1007;看来对东湖湾情有独钟啊;1;0;1;55119;1.8142564270033927e-05
1009;有21年成交量高？;1;0;1;55119;1.8142564270033927e-05
1012;利率是降了，房价没降，或者说，工资没变多;6;15;21;55119;0.00038099384967071247
1019;改善是现在就出手还是再等等？;4;6;10;55119;0.00018142564270033927
1024;生的起三胎的人不需要支持，人家自有办法。能给三个孩子准备房产的。资产基本千万打底;9;7;16;55119;0.00029028102832054283
1034;我觉得首先应该抓一抓楼盘的质量，不要为了保银行而忽悠大家买房。;1;19;20;55119;0.00036285128540067854
1039;这期何不食肉糜了， 未来绝大多数人的工资会不增长甚至下降。因为要内卷。 所以除非全民发钱。否则薪水涨不过利息。;1;8;9;55119;0.00016328307843030534
1041;22年终于买了房子，用了公积金贷款，每个月还的很少，我觉得挺幸福，至少有自己的地方了;2;6;8;55119;0.00014514051416027142
1045;银行存款利率上浮，听说是一分五了，相当于以前高利贷利率了，怎么网络没人吭声？害怕老百姓存款吗？;1;1;2;55119;3.6285128540067854e-05
1076;就是不让你全款买房，其实有些人还是有能力全款买，谁都知道银行坐收利息，我听说广东那边可以全款买房。;1;0;1;55119;1.8142564270033927e-05
1081;买房就是要趁早，少犹豫，只要有了条件就坚决买;1;0;1;55119;1.8142564270033927e-05
1096;好好说话，别抑扬顿挫的，听着真别扭;1;0;1;55119;1.8142564270033927e-05
1115;有什么事是离婚解决不了的嘛[笑cry];1;0;1;55119;1.8142564270033927e-05
1117;拿出存款的三分之一来买房子[允悲];2;0;2;55119;3.6285128540067854e-05
1135;最后发现，还是靠有能来买三套房的消化库存，走着瞧吧;1;2;3;55119;5.442769281010178e-05
1146;他们自己何止三套房…;1;9;10;55119;0.00018142564270033927
1165;三孩需要多大的房子;2;0;2;55119;3.6285128540067854e-05
1170;现在放的效果还不如封时放;1;1;2;55119;3.6285128540067854e-05
1174;既然叫做商品房就应该一切交给市场[允悲];1;1;2;55119;3.6285128540067854e-05
1188;先把经济搞垮，在慢慢恢复，让大家知道领导尽力了。[doge][doge][doge];2;0;2;55119;3.6285128540067854e-05
1191;[doge]买个50平的;1;0;1;55119;1.8142564270033927e-05
1214;买不起[允悲];1;1;2;55119;3.6285128540067854e-05
1216;买了亚运村，不在限购区内，不知道会不会交房就跌破开盘价，毕竟均价4万7[允悲];2;1;3;55119;5.442769281010178e-05
1219;博主🐮啊🐮;1;1;2;55119;3.6285128540067854e-05
1221;必须买爆[加油];1;1;2;55119;3.6285128540067854e-05
1223;搞起来;1;1;2;55119;3.6285128540067854e-05
1229;终于有资格啊[二哈];4;1;5;55119;9.071282135016963e-05
1238;只要交过社保就可以买吗？16年前的算不？交了28个月;1;1;2;55119;3.6285128540067854e-05
1246;外地人买杭州非限购区域是不是不用看社保了？;1;2;3;55119;5.442769281010178e-05
1248;#非杭州户籍凭社保个税缴纳记录限购1套房#房子就是拿来住的嘛;1;0;1;55119;1.8142564270033927e-05
1259;杭州楼市和杭州公务员的年终奖就靠各位小主了[doge];5;7;12;55119;0.00021771077124040712
1288;有社保记录，没时长规定，有一期也可以，相当可以了。拍卖的无限[good];1;3;4;55119;7.257025708013571e-05
1290;这个月交社保，下雨买就可以了. 相当于放开了;2;0;2;55119;3.6285128540067854e-05
1297;以前是限购几套呢?;2;2;4;55119;7.257025708013571e-05
1303;30岁以下还不算家庭[允悲];7;5;12;55119;0.00021771077124040712
1313;不限购更没人买，大多数人买涨不买跌;1;1;2;55119;3.6285128540067854e-05
1316;单身可以买两套，其他似乎没花头[doge];2;1;3;55119;5.442769281010178e-05
1321;世纪城太惨了;2;0;2;55119;3.6285128540067854e-05
1330;趋势不可扭转，参照日本。;1;1;2;55119;3.6285128540067854e-05
1353;假如已经有一套在滨江，一套在余杭。现在的政策调整了在上城还可以买一套么？;2;0;2;55119;3.6285128540067854e-05
1361;没有社保的人能在余杭买房吗[doge][doge][doge][doge][doge];7;5;12;55119;0.00021771077124040712
1393;请问怎么跳过一孩二孩直接生三孩享受政策？;1;7;8;55119;0.00014514051416027142
1404;@皮皮乐不是双皮乐 [哆啦A梦吃惊];1;0;1;55119;1.8142564270033927e-05
1414;魔都傲气得狠[坏笑][熊猫];10;9;19;55119;0.0003447087211306446
1425;你不买我不买明年不限购;1;7;8;55119;0.00014514051416027142
1436;[偷笑]金山有点一言难尽啊，离上海市区100公里，有些地方还是化工区，枫泾古镇那边还蛮舒服，出黄酒地方;3;0;3;55119;5.442769281010178e-05
1440;金山不行，太偏了，祖国第三大岛屿都通地铁到市区了[二哈];1;0;1;55119;1.8142564270033927e-05
1450;得了吧，非黄埔陆家嘴不买[左哼哼][右哼哼];1;2;3;55119;5.442769281010178e-05
1457;[赞];1;0;1;55119;1.8142564270033927e-05
1465;054B是烟民们造的，房地产跟农民工和建材家具家电关系更大些。;2;1;3;55119;5.442769281010178e-05
1468;所提到公众号万字文有链接吗？[doge];1;0;1;55119;1.8142564270033927e-05
1470;吴总这解读能力太强了[允悲]，想学。想问问吴总能解读一下金融监管那方面吗？;3;4;7;55119;0.0001269979498902375
1474;看看现在经济差的，还不能说明问题吗？房价稳中有升，经济一片繁荣。房价下跌，所有人都不好过;2;0;2;55119;3.6285128540067854e-05
1478;有水有电有网有气（好像没有）有空调，芜湖人想去住，是七百块钱一个月，而且是整年租。[嘻嘻];1;0;1;55119;1.8142564270033927e-05
1497;哪里文件？;2;0;2;55119;3.6285128540067854e-05
1501;只要一个现房销售的规定，大部分问题要求都可以搞定;1;1;2;55119;3.6285128540067854e-05
1505;未来商品房市场的规模会逐渐缩减，缩减出来的规模会被保障性住房所代替；未来商品房市场的竞争会愈发激烈，核心板块的好房子会越来越贵（商品属性），刚需会被逐渐挤压到非核心板块的二手房市场或者由保障性住房兜底其住房需求。;1;0;1;55119;1.8142564270033927e-05
1509;重要会议干贷就在这里了！楼市是重中之重，涉及篇幅最大。剩下的主要是加强金融监管和防范化解风险！;2;9;11;55119;0.0001995682069703732
1512;大家猜猜他们会从哪里入手，最没有话语权的那部分入手[允悲];1;4;5;55119;9.071282135016963e-05
1514;易秃子还有脸做报告？[笑cry][笑cry];1;6;7;55119;0.0001269979498902375
1525;眼花了;1;1;2;55119;3.6285128540067854e-05
1537;六安旅游资源非常丰富。绝对是有潜力做下一个爆款的。;1;2;3;55119;5.442769281010178e-05
1545;还不是没得选[泪];1;0;1;55119;1.8142564270033927e-05
1608;好吃不过饺子[干杯];2;0;2;55119;3.6285128540067854e-05
1616;房子啊......;2;0;2;55119;3.6285128540067854e-05
1624;没有股市什么事[二哈];1;1;2;55119;3.6285128540067854e-05
1651;这是要给年轻人免费分房的新指示吗？[吃瓜];1;1;2;55119;3.6285128540067854e-05
1655;现在出来的00后根本不愁房子住;1;0;1;55119;1.8142564270033927e-05
1673;开涨。！ 4限3限已破;2;2;4;55119;7.257025708013571e-05
1676;房价会不会涨啊;1;0;1;55119;1.8142564270033927e-05
1685;哈哈哈真是没人要了[笑cry];4;63;67;55119;0.001215551806092273
1691;限价限得是低价[笑cry];3;20;23;55119;0.0004172789782107803
1695;限房价都嫌高不好卖了，这不限房价，难不成是要降价？[doge];1;8;9;55119;0.00016328307843030534
1714;房价可以在稳住么[允悲];1;1;2;55119;3.6285128540067854e-05
1718;乖乖;1;1;2;55119;3.6285128540067854e-05
1720;厉害;1;0;1;55119;1.8142564270033927e-05
1722;看来你对杭州不熟啊，富阳相当于合肥这边的六安，这么远没有意义了，这几个区。杭州主要还是拱墅区，西湖区，滨江区，包括武林门的西湖文化广场片区。;1;0;1;55119;1.8142564270033927e-05
1724;每出一个政策对空军都是一次心灵打击，焦虑[doge];1;1;2;55119;3.6285128540067854e-05
1730;大势已去;1;1;2;55119;3.6285128540067854e-05
1739;《房子是用来住的，不是用来炒的》;27;180;207;55119;0.003755510803897023
1767;这是要哄抬房价[允悲];15;74;89;55119;0.0016146882200330196
1783;房住不炒就是个笑话，贻笑千年万年;8;28;36;55119;0.0006531323137212214
1795;取消限价又如何，有人敢高价拍？;2;18;20;55119;0.00036285128540067854
1802;到底是啥意思？看不明白啊;5;0;5;55119;9.071282135016963e-05
1832;限价是为了保持不掉价，这下解除了，就是高的地方高。低的地方直接崩盘了;1;0;1;55119;1.8142564270033927e-05
1848;为啥这次没有萧山余杭除外了，奇葩了;10;4;14;55119;0.000253995899780475
1866;经济好不好，一目了然[doge];1;3;4;55119;7.257025708013571e-05
1869;房子一旦失去金融属性，就没得市场了;5;19;24;55119;0.00043542154248081425
1875;崩盘就崩了呗 做什么干预 为什么要去维护炒房客的利益 让更多人买得起房子不好吗;1;10;11;55119;0.0001995682069703732
1877;除了房子那个行业有那么大的体量，而且能带动全民消费的啊，几乎没有;6;0;6;55119;0.00010885538562020356
1960;厦门就那么点地方，建的乱七八糟的，我已经不待了。。没意思。（我这种话要被厦门土著捶死[允悲]）真的是要发展经济。;3;2;5;55119;9.071282135016963e-05
1964;帽哥我不想道德绑架你 但是是因为你我才去关注他们的 他们今天被打了 我心里难受的很，帽哥你以前都会发声的 这种和唐山打人有区别吗，不知道你看到了啥感想！;2;6;8;55119;0.00014514051416027142
1987;房子一旦失去金融属性，就没得市场了;5;19;24;55119;0.00043542154248081425
1993;崩盘就崩了呗 做什么干预 为什么要去维护炒房客的利益 让更多人买得起房子不好吗;1;10;11;55119;0.0001995682069703732
1995;除了房子那个行业有那么大的体量，而且能带动全民消费的啊，几乎没有;6;0;6;55119;0.00010885538562020356
2074;厦门就那么点地方，建的乱七八糟的，我已经不待了。。没意思。（我这种话要被厦门土著捶死[允悲]）真的是要发展经济。;3;2;5;55119;9.071282135016963e-05
2083;放开呗，捂着还以为是香饽饽呢，放开了谁嫌钱多碍事话就去买房咯，顺便还可以带动一下装修家电家居的消费[偷笑]多好;1;4;5;55119;9.071282135016963e-05
2102;[赞];2;0;2;55119;3.6285128540067854e-05
2123;放开呗，捂着还以为是香饽饽呢，放开了谁嫌钱多碍事话就去买房咯，顺便还可以带动一下装修家电家居的消费[偷笑]多好;1;4;5;55119;9.071282135016963e-05
2156;外地人能买不？我就想知道这个。;19;54;73;55119;0.0013244071917124767
2176;多子女 二套房 找接盘太着急了韭菜不够用了[污];3;210;213;55119;0.0038643661895172263
2180;我又买不起[老师好] 和我有啥关系[喵喵];16;139;155;55119;0.0028120974618552584
2204;鼓励买房的时候就说明不是很合适买了[doge];1;40;41;55119;0.000743845135071391
2207;远离房赌毒[doge];1;34;35;55119;0.0006349897494511874
2209;科普一下：厦门房价稳居全国第4;5;28;33;55119;0.0005987046209111195
2215;你以为大家不买房是因为限购吗;2;17;19;55119;0.0003447087211306446
2218;厦门的房太贵了[挖鼻][挖鼻][挖鼻]比广州杭州都高不少;4;17;21;55119;0.00038099384967071247
2224;现在房子买到手就降价，和汽车一样[摊手]不适合投资了！不过刚需还是要买的！;1;13;14;55119;0.000253995899780475
2228;买得起的早买了，买不起的这条例有什么用;4;4;8;55119;0.00014514051416027142
2233;前两年打压太狠了，放开了，也救不回来了;4;4;8;55119;0.00014514051416027142
2238;厦门的未来就是曾经的深圳，希望大家来厦门发展，来厦门买房，投资厦门房产绝对是人生的一笔财富！;2;2;4;55119;7.257025708013571e-05
2245;厦门有什么产业;8;4;12;55119;0.00021771077124040712
2260;厦门工业农业科技业旅游业贸易业制造业互联网行业军工业渔业艺术业，各行各业都不发达，房价却高得离谱，这一直是个未解之谜[笑cry];2;4;6;55119;0.00010885538562020356
2264;前两年买房的人估计哭死在厕所了;7;3;10;55119;0.00018142564270033927
2285;@快乐生活且沙壁退散 庄总加油，买十套看看实力[干饭人];1;0;1;55119;1.8142564270033927e-05
2294;外地人能买不？我就想知道这个。;19;54;73;55119;0.0013244071917124767
2314;多子女 二套房 找接盘太着急了韭菜不够用了[污];3;210;213;55119;0.0038643661895172263
2318;我又买不起[老师好] 和我有啥关系[喵喵];16;139;155;55119;0.0028120974618552584
2342;鼓励买房的时候就说明不是很合适买了[doge];1;40;41;55119;0.000743845135071391
2345;远离房赌毒[doge];1;34;35;55119;0.0006349897494511874
2347;科普一下：厦门房价稳居全国第4;5;28;33;55119;0.0005987046209111195
2353;你以为大家不买房是因为限购吗;2;17;19;55119;0.0003447087211306446
2356;厦门的房太贵了[挖鼻][挖鼻][挖鼻]比广州杭州都高不少;4;17;21;55119;0.00038099384967071247
2362;现在房子买到手就降价，和汽车一样[摊手]不适合投资了！不过刚需还是要买的！;1;13;14;55119;0.000253995899780475
2366;买得起的早买了，买不起的这条例有什么用;4;4;8;55119;0.00014514051416027142
2371;前两年打压太狠了，放开了，也救不回来了;4;4;8;55119;0.00014514051416027142
2376;厦门的未来就是曾经的深圳，希望大家来厦门发展，来厦门买房，投资厦门房产绝对是人生的一笔财富！;2;2;4;55119;7.257025708013571e-05
2383;厦门有什么产业;8;4;12;55119;0.00021771077124040712
2398;厦门工业农业科技业旅游业贸易业制造业互联网行业军工业渔业艺术业，各行各业都不发达，房价却高得离谱，这一直是个未解之谜[笑cry];2;4;6;55119;0.00010885538562020356
2402;前两年买房的人估计哭死在厕所了;7;3;10;55119;0.00018142564270033927
2423;@快乐生活且沙壁退散 庄总加油，买十套看看实力[干饭人];1;0;1;55119;1.8142564270033927e-05
2477;我爸心中的圣地[爱你];2;0;2;55119;3.6285128540067854e-05
2482;很喜欢厦门;1;1;2;55119;3.6285128540067854e-05
2484;我要把房子卖了买厦门的;3;0;3;55119;5.442769281010178e-05
2493;不明白当初是如何盛行全国限购的;1;0;1;55119;1.8142564270033927e-05
2502;拆迁能不能快点，好几个地方等着呢;1;0;1;55119;1.8142564270033927e-05
2513;外地人买算首套，还是在外地的套数也算？;2;0;2;55119;3.6285128540067854e-05
2529;有一说一，厦门就是个花瓶城市，经济差工资低，就是物价高颜值高房价高，性价比极低的城市;1;1;2;55119;3.6285128540067854e-05
2614;买房的钱从哪里来？;2;0;2;55119;3.6285128540067854e-05
2621;期房付的钱怎么监管？这次房地产爆雷，一些城市提前把一部分资金“扣留”，才保证能按时交楼，这一块马老师可有好的建议？期待做一期视频讲讲[作揖];2;12;14;55119;0.000253995899780475
2624;猪肉能往死里跌，养猪的农民亏的裤衩都没有了，房地产一降就是风险？搞了半天钢筋混凝土是最脆弱的。中国的房地产已经掏空了几代人的口袋子，80、90后巨额负债……真奇了怪了这年头;8;8;16;55119;0.00029028102832054283
2633;卡住脖子不停输血也保不了多久;2;17;19;55119;0.0003447087211306446
2636;预售资金监管要根据项目具体情况使用，不要超额监管，一棒子都打死。存续金融机构还本付息都没解决，哪有金融机构敢新增支持;1;3;4;55119;7.257025708013571e-05
2667;期房付的钱怎么监管？这次房地产爆雷，一些城市提前把一部分资金“扣留”，才保证能按时交楼，这一块马老师可有好的建议？期待做一期视频讲讲[作揖];2;12;14;55119;0.000253995899780475
2670;猪肉能往死里跌，养猪的农民亏的裤衩都没有了，房地产一降就是风险？搞了半天钢筋混凝土是最脆弱的。中国的房地产已经掏空了几代人的口袋子，80、90后巨额负债……真奇了怪了这年头;8;8;16;55119;0.00029028102832054283
2679;卡住脖子不停输血也保不了多久;2;17;19;55119;0.0003447087211306446
2682;预售资金监管要根据项目具体情况使用，不要超额监管，一棒子都打死。存续金融机构还本付息都没解决，哪有金融机构敢新增支持;1;3;4;55119;7.257025708013571e-05
2710;很多比较良好的房地产企业都已经死透了才出这政策。。。;1;3;4;55119;7.257025708013571e-05
2712;呵呵呵;1;0;1;55119;1.8142564270033927e-05
2732;看来睡醒了，要救房地产了。;1;1;2;55119;3.6285128540067854e-05
2758;感谢分享，晚安[给你小心心];1;0;1;55119;1.8142564270033927e-05
2760;[good][good];1;0;1;55119;1.8142564270033927e-05
2762;[666][666];1;0;1;55119;1.8142564270033927e-05
2764;感谢分享;1;0;1;55119;1.8142564270033927e-05
2766;最近月亮不营业，晚安就由我来说🌙;1;0;1;55119;1.8142564270033927e-05
2768;[赞][赞];1;0;1;55119;1.8142564270033927e-05
2770;感谢分享[鲜花][鲜花][鲜花];1;0;1;55119;1.8142564270033927e-05
2772;好分享[给力];1;0;1;55119;1.8142564270033927e-05
2774;一线城市特别是帝都霸都，刚性需求还是很大的[打call][打call];1;0;1;55119;1.8142564270033927e-05
2776;谢谢分享[鲜花]晚上好呀[送花花];1;0;1;55119;1.8142564270033927e-05
2778;[爱你][爱你][爱你];1;0;1;55119;1.8142564270033927e-05
2801;[赞][赞]感谢分享;1;0;1;55119;1.8142564270033927e-05
2803;政策松绑，这个时候完全放开好，不要再限制了;1;0;1;55119;1.8142564270033927e-05
2805;中午好啊，干饭快乐，嘻嘻嘻;1;0;1;55119;1.8142564270033927e-05
2807;謝謝分享;1;0;1;55119;1.8142564270033927e-05
2811;感谢分享，晚安[给你小心心];1;0;1;55119;1.8142564270033927e-05
2813;[good][good];1;0;1;55119;1.8142564270033927e-05
2815;[666][666];1;0;1;55119;1.8142564270033927e-05
2817;感谢分享;1;0;1;55119;1.8142564270033927e-05
2819;最近月亮不营业，晚安就由我来说🌙;1;0;1;55119;1.8142564270033927e-05
2821;[赞][赞];1;0;1;55119;1.8142564270033927e-05
2823;感谢分享[鲜花][鲜花][鲜花];1;0;1;55119;1.8142564270033927e-05
2825;好分享[给力];1;0;1;55119;1.8142564270033927e-05
2827;一线城市特别是帝都霸都，刚性需求还是很大的[打call][打call];1;0;1;55119;1.8142564270033927e-05
2829;谢谢分享[鲜花]晚上好呀[送花花];1;0;1;55119;1.8142564270033927e-05
2831;[爱你][爱你][爱你];1;0;1;55119;1.8142564270033927e-05
2854;[赞][赞]感谢分享;1;0;1;55119;1.8142564270033927e-05
2856;政策松绑，这个时候完全放开好，不要再限制了;1;0;1;55119;1.8142564270033927e-05
2858;中午好啊，干饭快乐，嘻嘻嘻;1;0;1;55119;1.8142564270033927e-05
2860;謝謝分享;1;0;1;55119;1.8142564270033927e-05
2879;兰博基尼挥泪大酬宾，每车怒减二百元;2;4;6;55119;0.00010885538562020356
2882;暴涨一触即发;1;12;13;55119;0.00023585333551044105
2888;兰博基尼挥泪大酬宾，每车怒减二百元;2;4;6;55119;0.00010885538562020356
2891;暴涨一触即发;1;12;13;55119;0.00023585333551044105
2907;就这点政策水平，唉！P用没有;1;0;1;55119;1.8142564270033927e-05
2918;他们想了除降价外所有的方法，他真的我哭死｡°(°¯᷄◠¯᷅°)°｡;2;54;56;55119;0.0010159835991219
2921;买呀！你们怎么不买呀[嘻嘻];2;36;38;55119;0.0006894174422612892
2929;之前首套是百分之几？;1;1;2;55119;3.6285128540067854e-05
2960;贷款不还吗;1;5;6;55119;0.00010885538562020356
2970;今年的政策变化真快，真多;1;3;4;55119;7.257025708013571e-05
2981;#长沙放松二套房限购# 长沙市购买第2套商品住房，不受首套房网签时间的限制；居民家庭名下商品住房单套面积均不足144平方米的，可购买1套改善性住房。;1;0;1;55119;1.8142564270033927e-05
2985;@福膘;1;0;1;55119;1.8142564270033927e-05
2992;开始割了;3;1;4;55119;7.257025708013571e-05
2996;你不买我不买，房价还能降二百;1;6;7;55119;0.0001269979498902375
3005;你不买我不买，房价还能降二百;1;6;7;55119;0.0001269979498902375
3039;有了一点点松动。;2;0;2;55119;3.6285128540067854e-05
3055;今年的政策变化真快，真多;1;3;4;55119;7.257025708013571e-05
3068;@福膘;1;0;1;55119;1.8142564270033927e-05
3075;开始割了;3;1;4;55119;7.257025708013571e-05
3079;你不买我不买，房价还能降二百;1;6;7;55119;0.0001269979498902375
3114;晕，首付比例和贷款利率怎么不降一降？一点一点的挤牙膏政策;1;5;6;55119;0.00010885538562020356
3138;每次行情改善先知先觉，这就是为啥今年改善卖的好，后边行情起来了，刚需提着裤子开始冲[doge];2;2;4;55119;7.257025708013571e-05
3141;行不行，就看明年市场反馈了[doge];1;5;6;55119;0.00010885538562020356
3143;西安明年的二手市场会怎样？;1;1;2;55119;3.6285128540067854e-05
3145;北京降低首付感觉没啥用啊，总价款高，又5年有限购;3;2;5;55119;9.071282135016963e-05
3149;降低首付，那贷款就增加了，每月利息也增加了，还款期限拉长，负债更加漫长。这些能刺激楼市？深表怀疑。最好的刺激难道不是房价低下来让大家买得起吗？;4;3;7;55119;0.0001269979498902375
3163;与其用泪水悔恨今天，不如用汗水拼搏今天。;1;1;2;55119;3.6285128540067854e-05
3165;我用尽全力，过着平凡的一生。;1;1;2;55119;3.6285128540067854e-05
3167;早上好;1;1;2;55119;3.6285128540067854e-05
3183;你好，你感兴趣的“最新消息”已开通了超话社区～ 超话社区是微博旗下兴趣互动社区，快来与志同道合的小伙伴们一起交流互动吧！ 戳我进入>> #最新消息[超话]#;1;0;1;55119;1.8142564270033927e-05
3185;垃圾一出，稳跌;1;0;1;55119;1.8142564270033927e-05
3187;我们的市场很稳定，一直保持2000多，非常好，加油！;1;0;1;55119;1.8142564270033927e-05
3189;[咖啡];1;0;1;55119;1.8142564270033927e-05
3261;公积金政策，提取可以更加灵活吗;1;0;1;55119;1.8142564270033927e-05
3263;我们一定都能得偿所愿[抱一抱][抱一抱][抱一抱][抱一抱];1;0;1;55119;1.8142564270033927e-05
3265;点亮一盏心灯，坚持做善良人。吉人有天相，在于凡事不违背良心，循天道行事，善心善言善行，积累善德才能具备天相，天相自然有天助。故此，为人处事，最好不以善小而不为之，不以恶小而为之！;1;1;2;55119;3.6285128540067854e-05
3267;"行善如春园之草，不见其长，日有所增;行恶如磨刀之石，不见其消，日有所损。――清金兰生《格言联璧》";1;1;2;55119;3.6285128540067854e-05
3269;当你周围都是米的时候，你很安逸；当有一天米缸见底，才发现想跳出去已无能为力。有一种陷阱，名叫安逸！别在最能吃苦的年纪选择安逸！ 没有危机！是最大的危机！自己不上进，危机无处不在吞噬你的理想和灵魂，混下去很容易，混上去太难了。;1;1;2;55119;3.6285128540067854e-05
3271;"0308🍃庙堂之上，以养正气为先;举家之内，以养善德为本。";1;0;1;55119;1.8142564270033927e-05
3273;勿起不善之念,勿阅不善之书,勿听不善之乐,勿吐不善之语,勿为不善之事,勿近不善之人,勿学不善之法,勿入不善之境。;1;0;1;55119;1.8142564270033927e-05
3275;善行无辙迹善言无瑕谪善数不用筹策善闭无关楗而不可开善结无绳约而不可解。《道德经》;1;0;1;55119;1.8142564270033927e-05
3277;居家之善，无非勤俭持家，孝养父母，严教子女。;1;0;1;55119;1.8142564270033927e-05
3279;常思身命易倾，自不得不存善念。――清金兰生《格言联璧》;1;0;1;55119;1.8142564270033927e-05
3282;0315你要记住，永远要愉快地多给别人，少从别人那里拿取。()高尔基;1;0;1;55119;1.8142564270033927e-05
3284;"0304言近而指远者，善言也;守约而施博者，善道也。――《孟子》";1;0;1;55119;1.8142564270033927e-05
3286;0325世上所有的福气，都是你一点一滴积攒的善良与爱。你付出的善良与爱，最后一定都会回到你身上。;1;0;1;55119;1.8142564270033927e-05
3288;0307路见不平，拔刀相助。元马致远陈情高卧;1;0;1;55119;1.8142564270033927e-05
3291;0317[心]什么是真正的幸福，今天我终于找到了答案，其实很简单：帮助别人就是一种幸福。;1;0;1;55119;1.8142564270033927e-05
3293;"0314为善如负重登山，志虽已确而力犹恐不及;为恶如乘骏走坡，鞭虽不加而足不禁其前。――清金兰生《格言联璧》";1;0;1;55119;1.8142564270033927e-05
3295;0312你要记住，永远要愉快地多给别人，少从别人那里拿取。高尔基;1;0;1;55119;1.8142564270033927e-05
3297;0303居家之善，无非勤俭持家，孝养父母，严教子女。;1;0;1;55119;1.8142564270033927e-05
3299;"0311言近而指远者，善言也;守约而施博者，善道也。――《孟子》";1;0;1;55119;1.8142564270033927e-05
3301;"0309言近而指远者，善言也;守约而施博者，善道也。――《孟子》";1;0;1;55119;1.8142564270033927e-05
3303;0322勿以恶小而为之，勿以善小而不为。――三国刘备;1;0;1;55119;1.8142564270033927e-05
3305;"0321言近而指远者，善言也;守约而施博者，善道也。――《孟子》";1;0;1;55119;1.8142564270033927e-05
3307;0323书生官家不可为恶，因其为世间之公道良心，若其善心不存，则无道矣。;1;0;1;55119;1.8142564270033927e-05
3309;你就会发现别人会回报你的善意，你的快乐也会在别人身上体现出来。;1;0;1;55119;1.8142564270033927e-05
3311;0313我们无法帮助每个人，但每个人能帮助到某些人。;1;0;1;55119;1.8142564270033927e-05
3313;0301 善良是一棵生机无穷的种子，只要你舍得播种，就会有你意想不到的甜果。;1;0;1;55119;1.8142564270033927e-05
3315;"0316 行善如春园之草，不见其长，日有所增;行恶如磨刀之石，不见其消，日有所损。――清金兰生《格言联璧》";1;0;1;55119;1.8142564270033927e-05
3317;恶莫大于纵己之欲，善莫大于律己之心。;1;0;1;55119;1.8142564270033927e-05
3319;0310我们无法帮助每个人，但每个人能帮助到某些人。;1;0;1;55119;1.8142564270033927e-05
3329;0121常思身命易倾，自不得不存善念。――清金兰生《格言联璧》;1;1;2;55119;3.6285128540067854e-05
3331;0109我相信成毅会更好的，睿智热血，低调却不乏自己的光芒照耀更多的人。@成毅;1;1;2;55119;3.6285128540067854e-05
3333;岁月的风雨，并不是希望命运能低头，而是一种锤炼，一种恭维，需要命运的一种泰然，一种气节，或者是通向未来一道桥梁，人生有些障碍又能算得了什么，恰恰是一种命运的方向和路标。;1;1;2;55119;3.6285128540067854e-05
3335;"善为至宝，一生用之不尽;心作良田，百世耕之有余。――清金兰生《格言联璧》";1;1;2;55119;3.6285128540067854e-05
3337;过去的事，就让它过去吧，我们错过了昨日的日落，再也不能错过今日的日出，保持平衡的心态，以最美好的心情来对待每一天，每一天都会充满阳光，洋溢着希望。;1;1;2;55119;3.6285128540067854e-05
3339;爱国、敬业、诚信、友善。  善不可不弘，恶不可不去。  善心人人有，快乐你我他。 善念养善心，善心生善念。 德不积不厚，善不行不成。 人往高处走，善在心中留。 至宝不常现，至善不常有。 行莫于恭敬，善莫于用心。 由善入恶易，由恶入善难。 心中不可少善，行事不可无善。;1;1;2;55119;3.6285128540067854e-05
3341;"毋毁众人之名，以成一己之善;毋没天下之理，以护一己之过。――清金兰生《格言联璧》";1;1;2;55119;3.6285128540067854e-05
3343;在社会主义建设时期，爱国主义更多的不是表现为赴汤蹈火，壮怀激烈，而是表现为奉公守法，敬业爱岗；表现为维护祖国统一，反对分裂祖国；表现为各族人民团结互相，为构建社会主义和谐社会，实现中华民族的伟大复兴而贡献智慧和力量。;1;1;2;55119;3.6285128540067854e-05
3345;鱼搅不浑大海，雾压不倒高山，雷声叫不倒山岗，扇子驱不散大雾。鹿的脖子再长，总高不过它的脑袋。人的脚指头再长，也长不过他的脚板。人的行动再快也快不过思想！;1;1;2;55119;3.6285128540067854e-05
3347;开卷有益，作善降祥。――清金兰生《格言联璧》;1;2;3;55119;5.442769281010178e-05
3349;生活不是用来妥协的，你退缩得越多，能让你喘息的空间就越有限。日子不是用来将就的，你表现得越卑微，一些幸福的东西就会离你越远。;1;1;2;55119;3.6285128540067854e-05
3351;不要吝啬你的笑容，不要隐藏你的善良，记住卡耐基这一段话，你将尽享完美丰富的人生——“人的生命只有一次，任何能够奉献出来的好的东西和善的行为，我们都应该现在去做，因为生命只有一次”对身边好的、不好的人微笑、以礼相待，尽量避免发生任何的正面冲突。少些埋怨，多些感恩，人生会更美好。;1;1;2;55119;3.6285128540067854e-05
3353;日子，要的是知足；生活，要的是幸福；生命，要的是健康；做人，要的是骨气；做事，要的是尽心；人生，要的是无悔。珍惜身边的幸福；欣赏自己的拥有。;1;1;2;55119;3.6285128540067854e-05
3355;不要吝啬你的笑容，不要隐藏你的善良，记住卡耐基这一段话，你将尽享完美丰富的人生——“人的生命只有一次，任何能够奉献出来的好的东西和善的行为，我们都应该现在去做，因为生命只有一次”对身边好的、不好的人微笑、以礼相待，尽量避免发生任何的正面冲突。少些埋怨，多些感恩，人生会更美好。;1;1;2;55119;3.6285128540067854e-05
3357;人这一辈子，要经得起谎言，受得了敷衍，忍得住欺骗，忘得了诺言。慢慢的才知道：坚持未必是胜利，放弃未必是认输，与其华丽撞墙，不如优雅转身。给自己一个迂回的空间，学会思索，学会等待，学会调整。人生，有很多时候，需要的不仅仅是执着，更是回眸一笑的洒脱。;1;1;2;55119;3.6285128540067854e-05
3359;一定要极尽自己力所能及之事，帮助那些比你苦的人感受这世上的阳光和美丽。这样的善良常常是播种，不意间，就会开出最美丽的人性之花来。;1;1;2;55119;3.6285128540067854e-05
3361;你走过的每一条弯路，其实都是必经之路，你要记住的是，你永远都无法借别人的翅膀，飞上自己的天空。;1;1;2;55119;3.6285128540067854e-05
3363;有阳光、有信念，即使生活的道路困难重重，也要微笑面对，从容走过。;1;1;2;55119;3.6285128540067854e-05
3365;生命的丰盈，在于内心的饱满，生活的美好，源于一颗平常心，心有阳光才有暖意。;1;1;2;55119;3.6285128540067854e-05
3367;开卷有益，作善降祥。――清金兰生《格言联璧》;1;1;2;55119;3.6285128540067854e-05
3369;哪怕此刻的生活有多糟糕，也总会有好转的一天。走过的生活并不完美，太完美的也就不是生活了！每人每天都在做一件事情：为了未来而奋斗！固然结果不同，皆因我们平时的努力，每个今天我们都尽十分的努力，未来的成功就是必然！;1;1;2;55119;3.6285128540067854e-05
3371;"善为至宝，一生用之不尽;心作良田，百世耕之有余。――清金兰生《格言联璧》";1;1;2;55119;3.6285128540067854e-05
3373;生活，需要一点阳光，生命，需要一些勇敢，纠结过去，担心未来，都不如抓住当下，过去是梦，未来是影，现在才是真真切切的人生。 ​;1;1;2;55119;3.6285128540067854e-05
3375;过去的事，就让它过去吧，我们错过了昨日的日落，再也不能错过今日的日出，保持平衡的心态，以最美好的心情来对待每一天，每一天都会充满阳光，洋溢着希望。;1;1;2;55119;3.6285128540067854e-05
3377;应对失败和挫折，一笑而过是一种乐观自信，然后重振旗鼓，这是一种勇气心。应对误解和仇恨，一笑而过是一种坦然宽容，然后持续本色，这是一种达观心。;1;1;2;55119;3.6285128540067854e-05
3379;善良是一种修养，善待他人就是善待自己，要想得到别人的爱，首先要学会爱别人，一个善良的人一定是温暖的人，乐于助人的人，懂得珍惜和感恩的人。;1;1;2;55119;3.6285128540067854e-05
3381;在社会主义建设时期，爱国主义更多的不是表现为赴汤蹈火，壮怀激烈，而是表现为奉公守法，敬业爱岗；表现为维护祖国统一，反对分裂祖国；表现为各族人民团结互相，为构建社会主义和谐社会，实现中华民族的伟大复兴而贡献智慧和力量。;1;1;2;55119;3.6285128540067854e-05
3383;书生官家不可为恶，因其为世间之公道良心，若其善心不存，则无道矣。;1;1;2;55119;3.6285128540067854e-05
3385;书生官家不可为恶，因其为世间之公道良心，若其善心不存，则无道矣。;1;1;2;55119;3.6285128540067854e-05
3387;"凡一善而关乎人终生，不行也要行;凡一恶而关乎人终生，不止也要行。";1;1;2;55119;3.6285128540067854e-05
3389;"0115庙堂之上，以养正气为先;举家之内，以养善德为本。";1;1;2;55119;3.6285128540067854e-05
3391;"0117毋毁众人之名，以成一己之善;毋没天下之理，以护一己之过。――清金兰生《格言联璧》";1;1;2;55119;3.6285128540067854e-05
3393;0110弯下身子帮助他人站起来，这是对心灵很好的锻炼。;1;1;2;55119;3.6285128540067854e-05
3395;如果你对人友善，处处为别人着想，并总是显得很开心。;1;1;2;55119;3.6285128540067854e-05
3397;善行是待人第一法，谦默是保身第一法，安详是处事第一法，读书是养心第一法。;1;1;2;55119;3.6285128540067854e-05
3399;谁终将声震人间，必长久深自缄默；谁终将点燃闪电，必长久如云漂泊 ——尼采《尼采诗集》;1;2;3;55119;5.442769281010178e-05
3401;"善良是一棵生机无穷的种子，只要你舍得播种，就会有你意想不到的甜果。善良是一束美丽的玫瑰，当你赠送他人时，也为你自己留下了满室的芬芳;善良是冬天里的太阳，在照耀了他人的同时，也温暖了你自己;善良是充满芬芳的香水，当洒在别人身上时，自己也会溅到两三滴。";1;1;2;55119;3.6285128540067854e-05
3403;五谷杂粮日日吃方养人，嘉言善行日日积方涵德。;1;1;2;55119;3.6285128540067854e-05
3405;"人善我，我亦善之;人不善我，我则引之，进退而已耳。――汉《韩诗外传》";1;1;2;55119;3.6285128540067854e-05
3407;0125病人之病，忧人之忧。白居易策林;1;1;2;55119;3.6285128540067854e-05
3409;#阳光信用#向善是一种文明，也是一种光明。善良之举，需要人人拥有；善良之歌，需要人人唱和。让我们一起轻掬季风，淡挽流云，抚一弦清音，让幸福在平凡、平淡中盛开如兰，让善良之歌在红尘的原野里辗转悠长。让我们一起心存善良和大爱，微笑着，走过季节的轮回。;1;1;2;55119;3.6285128540067854e-05
3411;每有患急，先人后己。陈寿《三国志蜀志》;1;1;2;55119;3.6285128540067854e-05
3413;五谷杂粮日日吃方养人，嘉言善行日日积方涵德。;1;1;2;55119;3.6285128540067854e-05
3415;"0106行善如春园之草，不见其长，日有所增;行恶如磨刀之石，不见其消，日有所损。――清金兰生《格言联璧》";1;1;2;55119;3.6285128540067854e-05
3417;【最新谢谢】心中有善，要时刻保持一颗善良的心，充满阳光，还要有信用的心，心中要有阳光，每一颗善良的心和信用的心都会慢慢萌发。做一个善良的人，有信用聪明是一种天赋，而善良是一种选择。愿我们都能做个内心良善的人，温暖自己，也温暖他人。;1;1;2;55119;3.6285128540067854e-05
3419;"诚信是一个人在社会上的通行证，做人要以诚信为本。古话讲，""以诚感人者，人亦诚而应。""与人交往，只要守住诚信的底线，才能得到别人的尊重。[赞啊]";1;1;2;55119;3.6285128540067854e-05
3421;记住该记住的，忘记该忘记的。改变能改变的，接受不能改变的。不管生活怎样，总有一道属于自己的明媚阳光，用自己的脚步走出属于自己的风景。;1;1;2;55119;3.6285128540067854e-05
3423;0104五谷杂粮日日吃方养人，嘉言善行日日积方涵德。;1;1;2;55119;3.6285128540067854e-05
3425;"心简单，世界就简单，幸福才会生长;心自由，生活就自由，到哪都有快乐。[坏笑]";1;1;2;55119;3.6285128540067854e-05
3427;人之初，性本善。 上善若水，大爱无疆。 慈心为民，善举济世。 无缘大慈，同体大悲。 众善奉行，诸恶莫做。;1;1;2;55119;3.6285128540067854e-05
3429;勿以恶小而为之，勿以善小而不为。――三国刘备;1;1;2;55119;3.6285128540067854e-05
3431;"善为至宝，一生用之不尽;心作良田，百世耕之有余。――清金兰生《格言联璧》";1;1;2;55119;3.6285128540067854e-05
3433;世界上能为别人减轻负担的都不是庸庸碌碌之徒。狄更斯;1;1;2;55119;3.6285128540067854e-05
3435;"凡一善而关乎人终生，不行也要行;凡一恶而关乎人终生，不止也要行。";1;1;2;55119;3.6285128540067854e-05
3437;"善为至宝，一生用之不尽;心作良田，百世耕之有余。――清金兰生《格言联璧》";1;1;2;55119;3.6285128540067854e-05
3439;"世间善德之事，提得起，放得下，算得到，做得完;看得破，撇得开，若通此理，无事不成";1;1;2;55119;3.6285128540067854e-05
3441;常思身命易倾，自不得不存善念。――清金兰生《格言联璧》;1;1;2;55119;3.6285128540067854e-05
3443;开卷有益，作善降祥。――清金兰生《格言联璧》;1;1;2;55119;3.6285128540067854e-05
3445;生命不息，奋斗不止！只要相信，只要坚持，只要你真的是用生命在热爱，那一定是天赋使命使然，那就是一个人该坚持和努力的东西，无论梦想是什么，无论路有多曲折多遥远，只要是灵魂深处的热爱，就会一直坚持到走上属于自己的舞台！;1;1;2;55119;3.6285128540067854e-05
3447;0107善行是待人第一法，谦默是保身第一法，安详是处事第一法，读书是养心第一法。;1;1;2;55119;3.6285128540067854e-05
3449;0101君子居其室，出其言，善则千里之外应之。――《易经》;1;1;2;55119;3.6285128540067854e-05
3451;0124书生官家不可为恶，因其为世间之公道良心，若其善心不存，则无道矣。;1;1;2;55119;3.6285128540067854e-05
3453;0123君子居其室，出其言，善则千里之外应之。――《易经》;1;1;2;55119;3.6285128540067854e-05
3455;"0122行善如春园之草，不见其长，日有所增;行恶如磨刀之石，不见其消，日有所损。――清金兰生《格言联璧》";1;1;2;55119;3.6285128540067854e-05
3457;0120恶莫大于纵己之欲，善莫大于律己之心。;1;1;2;55119;3.6285128540067854e-05
3459;"0108 凡一善而关乎人终生，不行也要行;凡一恶而关乎人终生，不止也要行。";1;1;2;55119;3.6285128540067854e-05
3461;我们要想心系祖国就一定要确立一个远大的志向，树立和培育正确的理想信念，对自己的未来充满希望，要立志为自己的未来而努力奋斗，把祖国建设成为物质文明，政治文明，精神文明的国家。;1;1;2;55119;3.6285128540067854e-05
3463;0118每个人都有属于自己的战斗，挣脱过去，活在当下，还有创造未来。也许要越过青春，才能知道青春是多么自恋的一段时期。没有人陪你走一辈子，所以你要适应孤独，没有人会帮你一辈子，所以你要奋斗一生。与其用泪水悔恨昨天，不如用汗水拼搏今天。;1;1;2;55119;3.6285128540067854e-05
3465;0119善行是待人第一法，谦默是保身第一法，安详是处事第一法，读书是养心第一法。;1;1;2;55119;3.6285128540067854e-05
3467;我们要想心系祖国就一定要确立一个远大的志向，树立和培育正确的理想信念，对自己的未来充满希望，要立志为自己的未来而努力奋斗，把祖国建设成为物质文明，政治文明，精神文明的国家。;1;1;2;55119;3.6285128540067854e-05
3469;善行是待人第一法，谦默是保身第一法，安详是处事第一法，读书是养心第一法。;1;1;2;55119;3.6285128540067854e-05
3471;弯下身子帮助他人站起来，这是对心灵很好的锻炼。;1;1;2;55119;3.6285128540067854e-05
3473;"人善我，我亦善之;人不善我，我则引之，进退而已耳。――汉《韩诗外传》";1;1;2;55119;3.6285128540067854e-05
3475;0103书生官家不可为恶，因其为世间之公道良心，若其善心不存，则无道矣。;1;1;2;55119;3.6285128540067854e-05
3477;善良是一种修养，善待他人就是善待自己，要想得到别人的爱，首先要学会爱别人，一个善良的人一定是温暖的人，乐于助人的人，懂得珍惜和感恩的人。;1;1;2;55119;3.6285128540067854e-05
3479;勿以恶小而为之，勿以善小而不为。――三国刘备;1;1;2;55119;3.6285128540067854e-05
3481;[允悲]居家之善，无非勤俭持家，孝养父母，严教子女。;1;1;2;55119;3.6285128540067854e-05
3483;0114书生官家不可为恶，因其为世间之公道良心，若其善心不存，则无道矣。;1;1;2;55119;3.6285128540067854e-05
3485;0113君子贵人贱己，先人而后己。《礼记访记》;1;1;2;55119;3.6285128540067854e-05
3487;我们要想心系祖国就一定要确立一个远大的志向，树立和培育正确的理想信念，对自己的未来充满希望，要立志为自己的未来而努力奋斗，把祖国建设成为物质文明，政治文明，精神文明的国家。;1;1;2;55119;3.6285128540067854e-05
3489;哪怕此刻的生活有多糟糕，也总会有好转的一天。走过的生活并不完美，太完美的也就不是生活了！每人每天都在做一件事情：为了未来而奋斗！固然结果不同，皆因我们平时的努力，每个今天我们都尽十分的努力，未来的成功就是必然！;1;1;2;55119;3.6285128540067854e-05
3491;我们要想心系祖国就一定要确立一个远大的志向，树立和培育正确的理想信念，对自己的未来充满希望，要立志为自己的未来而努力奋斗，把祖国建设成为物质文明，政治文明，精神文明的国家。;1;1;2;55119;3.6285128540067854e-05
3493;常思身命易倾，自不得不存善念。――清金兰生《格言联璧》;1;1;2;55119;3.6285128540067854e-05
3495;善不可不弘，恶不可不去。 善心人人有，快乐你我他。 善念养善心，善心生善念。 德不积不厚，善不行不成。 人往高处走，善在心中留。 至宝不常现，至善不常有。 行莫于恭敬，善莫于用心。 由善入恶易，由恶入善难。;1;1;2;55119;3.6285128540067854e-05
3497;善行是待人第一法，谦默是保身第一法，安详是处事第一法，读书是养心第一法。;1;1;2;55119;3.6285128540067854e-05
3499;终而复始，日月是也。死而复生，四时是也。奇正相生，循环无端，涨跌相生，循环无端，涨跌相生，循环无穷。机遇孕育着挑战，挑战中孕育着机遇，这是千古验证了的定律！;1;1;2;55119;3.6285128540067854e-05
3501;社会主义核心价值体系是“兴国之魂”，建设社会主义核心价值体系是推动文化大发展大繁荣的根本任务。提炼和概括出简明扼要、便于传播践行的社会主义核心价值观，对于建设社会主义核心价值体系具有重要意义。;1;1;2;55119;3.6285128540067854e-05
3503;帮助别人是一种高尚的美，而一个大集体就是用这种美构成的。一个集体如果拥有这样的美，那它一定是一个强大的集体。;1;1;2;55119;3.6285128540067854e-05
3505;一个人要战胜别人并不难，往往只需要付出比对方更多的努力即可。然而，勇于挑战自己的弱点并战而胜之，不断地超越自己，才真正是人生最大的挑战和最为痛苦的过程。提醒自己：不必总与他人较短论长，今天比昨天好，明天比今天强，这就是胜利。;1;1;2;55119;3.6285128540067854e-05
3507;在社会主义建设时期，爱国主义更多的不是表现为赴汤蹈火，壮怀激烈，而是表现为奉公守法，敬业爱岗；表现为维护祖国统一，反对分裂祖国；表现为各族人民团结互相，为构建社会主义和谐社会，实现中华民族的伟大复兴而贡献智慧和力量。;1;1;2;55119;3.6285128540067854e-05
3509;人生从来没有真正的绝境。无论遭受多少艰辛，无论经历多少苦难，只要一个人的心中还怀着一粒信念的种子，那么总有一天，他就能走出困境，让生命重新开花结果。;1;1;2;55119;3.6285128540067854e-05
3511;不要因为没有阳光，而走不进春天不要因为没有歌声，而放弃自己的追求不要因为没有掌声，而丢掉自己的理想。其实每一条都通往阳光的大道，都充满坎坷每一条通向理想的途径，都充满了艰辛与汗水！;1;1;2;55119;3.6285128540067854e-05
3513;书生官家不可为恶，因其为世间之公道良心，若其善心不存，则无道矣。;1;1;2;55119;3.6285128540067854e-05
3515;0111你要记住，永远要愉快地多给别人，少从别人那里拿取。高尔基;1;1;2;55119;3.6285128540067854e-05
3517;"0105行善如春园之草，不见其长，日有所增;行恶如磨刀之石，不见其消，日有所损。――清金兰生《格言联璧》";1;1;2;55119;3.6285128540067854e-05
3519;与人为善，乐于助人乃举手之劳，无需付出任何代价。;1;1;2;55119;3.6285128540067854e-05
3521;让我们扬起奋斗的风帆，吹响奋斗的号角，奏响奋斗的乐章，勇往直前！改写自己的命运，创造自己的奇迹！因为生活需要不断的奋斗;1;1;2;55119;3.6285128540067854e-05
3523;"0102行善如春园之草，不见其长，日有所增;行恶如磨刀之石，不见其消，日有所损。――清金兰生《格言联璧》";1;1;2;55119;3.6285128540067854e-05
3525;[太阳]君子贵人贱己，先人而后己。《礼记访记》;1;1;2;55119;3.6285128540067854e-05
3527;常思身命易倾，自不得不存善念。――清金兰生《格言联璧》;1;1;2;55119;3.6285128540067854e-05
3529;"世间善德之事，提得起，放得下，算得到，做得完;看得破，撇得开，若通此理，无事不成";1;1;2;55119;3.6285128540067854e-05
3531;"木有根则荣，根坏则枯;人有善则德，善尽则败。";1;1;2;55119;3.6285128540067854e-05
3533;"行善如春园之草，不见其长，日有所增;行恶如磨刀之石，不见其消，日有所损。――清金兰生《格言联璧》";1;1;2;55119;3.6285128540067854e-05
3535;人生的奔跑，不在于瞬间的爆发，取决于途中的坚持，纵有千百个理由放弃，也要找一个理由坚持下去。能激励你，温暖你，感动你的，不是励志语录心灵鸡汤，而是身边的爱人和朋友，一定要与积极、充满正能量的人同行！;1;1;2;55119;3.6285128540067854e-05
3537;自暴自弃便是命运的奴隶，自强不息是生命的天使；我不想用别人的汗水浇灌自己的心灵，我愿意用别人的棉袄，来温暖自己的躯体。我只想堂堂正正的做人，我只愿光明磊落做事，该记得的我不会遗忘，该遗忘的我不会存放。;1;1;2;55119;3.6285128540067854e-05
3539;勿起不善之念,勿阅不善之书,勿听不善之乐,勿吐不善之语,勿为不善之事,勿近不善之人,勿学不善之法,勿入不善之境。;1;1;2;55119;3.6285128540067854e-05
3541;在社会主义建设时期，爱国主义更多的不是表现为赴汤蹈火，壮怀激烈，而是表现为奉公守法，敬业爱岗；表现为维护祖国统一，反对分裂祖国；表现为各族人民团结互相，为构建社会主义和谐社会，实现中华民族的伟大复兴而贡献智慧和力量。;1;1;2;55119;3.6285128540067854e-05
3543;过去的事，就让它过去吧，我们错过了昨日的日落，再也不能错过今日的日出，保持平衡的心态，以最美好的心情来对待每一天，每一天都会充满阳光，洋溢着希望。;1;1;2;55119;3.6285128540067854e-05
3545;没有人会知道你到底有多好，因为这个世界上大部分的人根本不在乎你。如果你真的很优秀，它会成为嫉妒的理由。人可以容忍平凡，但不能容忍优秀。人越好，就越可恨和沮丧。所以当你面临压力时，不要让自己变得平庸。因为嫉妒本身也是一种仰望。;1;1;2;55119;3.6285128540067854e-05
3547;善行是待人第一法，谦默是保身第一法，安详是处事第一法，读书是养心第一法。;1;1;2;55119;3.6285128540067854e-05
3549;我越多地帮助他人成功，我就越成功。;1;1;2;55119;3.6285128540067854e-05
3551;我已经不想管了，上个月一动不动[挖鼻];1;1;2;55119;3.6285128540067854e-05
3553;你要记住，永远要愉快地多给别人，少从别人那里拿取。高尔基;1;1;2;55119;3.6285128540067854e-05
3555;"善良是一棵生机无穷的种子，只要你舍得播种，就会有你意想不到的甜果。善良是一束美丽的玫瑰，当你赠送他人时，也为你自己留下了满室的芬芳;善良是冬天里的太阳，在照耀了他人的同时，也温暖了你自己;善良是充满芬芳的香水，当洒在别人身上时，自己也会溅到两三滴。";1;1;2;55119;3.6285128540067854e-05
3558;富强、民主、文明、和谐，倡导自由、平等、公正、法治，倡导爱国、敬业、诚信、友善，积极培育和践行社会主义核心价值观。富强、民主、文明、和谐是国家层面的价值自由、平等、公正、法治是社会层面的价值取向，爱国、敬业、诚信、友善是公民个人层面的价值准则;1;1;2;55119;3.6285128540067854e-05
3560;0116世界上能为别人减轻负担的都不是庸庸碌碌之徒。狄更斯;1;1;2;55119;3.6285128540067854e-05
3562;勿起不善之念,勿阅不善之书,勿听不善之乐,勿吐不善之语,勿为不善之事,勿近不善之人,勿学不善之法,勿入不善之境。;1;1;2;55119;3.6285128540067854e-05
3564;"人善我，我亦善之;人不善我，我则引之，进退而已耳。――汉《韩诗外传》";1;1;2;55119;3.6285128540067854e-05
3583;明年是不是三百万的房子200万就能买到了[揣手];1;0;1;55119;1.8142564270033927e-05
3597;老师早安！;1;0;1;55119;1.8142564270033927e-05
3599;砖家不是为真理服务，为某些人的需要服务;3;208;211;55119;0.0038280810609771583
3603;自以为是的都是为了你好;4;83;87;55119;0.0015784030914929516
3608;就怕脱光也没得用了[嘻嘻];6;75;81;55119;0.0014695477058727481
3615;买房=亏钱，买房和租房没区别。这两点没解决没人买;2;20;22;55119;0.0003991364139407464
3618;他们总认为他们能比市场更聪明，但每一次都被市场打脸。;1;14;15;55119;0.0002721384640505089
3620;坚决不脱[允悲];1;5;6;55119;0.00010885538562020356
3622;转发微博;1;4;5;55119;9.071282135016963e-05
3624;有道理，矫枉过必须正。只听说不破不立，没听说不立不破的;2;5;7;55119;0.0001269979498902375
3627;去年放开后确实死了不少;3;4;7;55119;0.0001269979498902375
3632;“去年说口罩放开，社会面临崩溃，很多人熬不过这一关。放开后两周后就恢复正常了。”社会面临崩溃这个没人说过，很多人没熬过去这事你不知道？两周后恢复正常这事，要不让没熬过去的人和你聊聊？看到这条，没兴趣看下边的了。;5;11;16;55119;0.00029028102832054283
3638;还是要到群众中去，真真正正扎扎实实的调研群众的现况，倾听群众的心声;2;2;4;55119;7.257025708013571e-05
3653;除了那些嗨的城市，其他地方户口也没有那么大欲望;1;1;2;55119;3.6285128540067854e-05
3758;明年，意思今年一年白白浪费了[微笑];1;9;10;55119;0.00018142564270033927
3760;这个部门已经多次延误战机，整天都是说多过干。房地产出现今天的困境，这个部门负主要责任。;1;8;9;55119;0.00016328307843030534
3762;耳朵都起茧了[苦涩];1;9;10;55119;0.00018142564270033927
3765;[允悲][允悲][允悲]就是他，信他你就[允悲][允悲];1;4;5;55119;9.071282135016963e-05
3767;不把你们口袋里的钱薅出来誓不罢休;1;12;13;55119;0.00023585333551044105
3793;倪虹是谁[doge]？;1;0;1;55119;1.8142564270033927e-05
3798;滨海新城6000，三环边1万多的是，上市也没什么性价比;4;0;4;55119;7.257025708013571e-05
3803;狼来了，第几骗了？;1;2;3;55119;5.442769281010178e-05
3812;盖棺了;5;0;5;55119;9.071282135016963e-05
3822;管理层铁了心要干死房地产 [笑cry];2;0;2;55119;3.6285128540067854e-05
3835;好，继续坚持房住不炒定位。深入人心[可爱];1;1;2;55119;3.6285128540067854e-05
3837;战略是对上说的，策略是让下做的，老哥真不容易[笑cry][笑cry][笑cry];1;1;2;55119;3.6285128540067854e-05
3839;基本没招了;2;1;3;55119;5.442769281010178e-05
3842;看来前几天喊抄底被骂了[doge];1;1;2;55119;3.6285128540067854e-05
3844;从房住不炒的角度来说，最近两年政府确实做的不错[二哈];1;0;1;55119;1.8142564270033927e-05
3846;房地产新的一轮洗牌;1;1;2;55119;3.6285128540067854e-05
3849;一日一策;4;14;18;55119;0.0003265661568606107
3854;说了七年，房价翻了多少倍？;1;5;6;55119;0.00010885538562020356
3865;还提这四个字，解决不买房;1;2;3;55119;5.442769281010178e-05
3868;这…房住不炒;1;0;1;55119;1.8142564270033927e-05
3886;[二哈][二哈];1;1;2;55119;3.6285128540067854e-05
3925;天天就这几句;1;8;9;55119;0.00016328307843030534
3928;风向转的太快;2;2;4;55119;7.257025708013571e-05
3942;谁在支持炒房一目了然，司马昭;1;34;35;55119;0.0006349897494511874
3960;持续关注[话筒][话筒];1;0;1;55119;1.8142564270033927e-05
3964;持续关注[话筒][话筒];1;0;1;55119;1.8142564270033927e-05
3973;央行说过降存量房贷的事情 但是四大行不干 那也没办法;1;0;1;55119;1.8142564270033927e-05
3984;央行说过降存量房贷的事情 但是四大行不干 那也没办法;1;0;1;55119;1.8142564270033927e-05
3997;芜湖扬子农村商业银行员工王洁利用其工作之便，勾结小贷公司对外放贷牟利，他本人提供给法院的账户2个月不到1千多万的资金流水，王洁的职业是银行员工其老婆夏玉霞是下岗工人，该入帐流水明显远超出其夫妻二人的工资收入，来源不明，走帐频繁数额巨大。根据最高司法解释的规定王洁其实就是职业放贷人。;1;0;1;55119;1.8142564270033927e-05
4004;芜湖扬子农村商业银行员工王洁利用其工作之便，勾结小贷公司对外放贷牟利，他本人提供给法院的账户2个月不到1千多万的资金流水，王洁的职业是银行员工其老婆夏玉霞是下岗工人，该入帐流水明显远超出其夫妻二人的工资收入，来源不明，走帐频繁数额巨大。根据最高司法解释的规定王洁其实就是职业放贷人。;1;0;1;55119;1.8142564270033927e-05
4037;现在5块钱一斤米，以后5块钱一碗饭;2;0;2;55119;3.6285128540067854e-05
4049;能告诉结论吗;2;0;2;55119;3.6285128540067854e-05
4052;鹅城的税已经收到2100年了[摊手];1;0;1;55119;1.8142564270033927e-05
4055;[嘻嘻][嘻嘻]，保持底仓，t了再说。;1;2;3;55119;5.442769281010178e-05
4064;我也想做汤臣一品业主[嘻嘻][嘻嘻][嘻嘻];1;0;1;55119;1.8142564270033927e-05
4069;不是@调皮的饭后君 说的哦[doge];1;0;1;55119;1.8142564270033927e-05
4071;刚从直播间出来的是吧[doge];1;0;1;55119;1.8142564270033927e-05
4078;现在5块钱一斤米，以后5块钱一碗饭;2;0;2;55119;3.6285128540067854e-05
4084;官办深放理？;1;1;2;55119;3.6285128540067854e-05
4086;真当资本是傻子啊？不准涨价，资本会来送人头？;3;0;3;55119;5.442769281010178e-05
4090;官方发套[裂开];1;1;2;55119;3.6285128540067854e-05
4093;你上一条Z海龙华那个盘发了啥图？看不见了，还不让评论[允悲];3;0;3;55119;5.442769281010178e-05
4097;昨晚私募基金政策算宝宝的终极利好吗？[允悲][允悲];3;0;3;55119;5.442769281010178e-05
4103;最关心剩下49%什么时间注入进来。;1;0;1;55119;1.8142564270033927e-05
4116;降低空置率？;1;0;1;55119;1.8142564270033927e-05
4125;不是批复了吗？批复以后怎么还能改[泪][泪][泪];2;1;3;55119;5.442769281010178e-05
4129;发自内心说一句恭喜;2;2;4;55119;7.257025708013571e-05
4132;走自己的路[心][心][心]大宝贝;2;0;2;55119;3.6285128540067854e-05
4135;早晚国空是要结束的;2;0;2;55119;3.6285128540067854e-05
4138;换个环境工作吧，熬夜加班可太伤身啦;1;0;1;55119;1.8142564270033927e-05
4140;恭喜🎉干规划要命[doge];1;0;1;55119;1.8142564270033927e-05
4142;做了两年，经常都是节假日加班熬夜赶，空规人太难了[泪][泪];1;0;1;55119;1.8142564270033927e-05
4144;寝室长可以[加油]不管在那里都发光发热[加油][加油];1;0;1;55119;1.8142564270033927e-05
4146;奥利给[打call];1;0;1;55119;1.8142564270033927e-05
4148;下一站会更好;1;0;1;55119;1.8142564270033927e-05
4151;同规划人，感同身受，马上也要离职了;1;0;1;55119;1.8142564270033927e-05
4153;换吧，干国空项目都是不要命的;1;0;1;55119;1.8142564270033927e-05
4155;三线还有各种规划修改真是搞死人[允悲];1;0;1;55119;1.8142564270033927e-05
4157;努努力当甲方[doge];1;0;1;55119;1.8142564270033927e-05
4159;太优秀了！[鼓掌][鼓掌][鼓掌];1;0;1;55119;1.8142564270033927e-05
4218;不是批复了吗？批复以后怎么还能改[泪][泪][泪];2;1;3;55119;5.442769281010178e-05
4257;25不结婚直接进算犯罪不好吗[doge];1;3;4;55119;7.257025708013571e-05
4295;30岁的人60岁的心脏，60岁的人30岁的心脏。——海王银杏叶 --;1;1;2;55119;3.6285128540067854e-05
4297;晚安;1;0;1;55119;1.8142564270033927e-05
4299;这人有孩子吗？;2;0;2;55119;3.6285128540067854e-05
4302;然而就业不保障 退休推迟 养老金不能保障。生孩子是生出来就行了吗 我靠;1;0;1;55119;1.8142564270033927e-05
4313;专家的孩子是不是都在国外？;1;2;3;55119;5.442769281010178e-05
4334;到现在还不明白影响大家意愿的一个最主要的原因除了钱就是户口这个破玩意;8;2;10;55119;0.00018142564270033927
4365;去tm的吧，法定年龄没到，有的农村的都让办酒席，孩子都有了，这回18就让，那不得更离谱;1;2;3;55119;5.442769281010178e-05
4381;[允悲]想多了，杀鸡取卵而已;1;0;1;55119;1.8142564270033927e-05
4413;究竟是怎么回事，可以了解一下;12;18;30;55119;0.0005442769281010178
4426;反正买不起。还是多关注工作[嘻嘻];1;8;9;55119;0.00016328307843030534
4428;旺总应该实在天津买的房子吧！;2;9;11;55119;0.0001995682069703732
4434;现在房价都不行了;4;6;10;55119;0.00018142564270033927
4462;这样更多的人可以在北京落户了;1;1;2;55119;3.6285128540067854e-05
4464;取消限购好，这样需要买房的家庭就可以直接买了;1;1;2;55119;3.6285128540067854e-05
4469;那这不是入北京户口更容易了？;6;3;9;55119;0.00016328307843030534
4476;我也想知道可不可行[二哈];3;1;4;55119;7.257025708013571e-05
4480;通州跟河北差不多;1;1;2;55119;3.6285128540067854e-05
4487;北京户口这个估计够呛;3;1;4;55119;7.257025708013571e-05
4491;e大怎么看，利好广东地产公司吗？还是利好出尽赶紧跑路;1;1;2;55119;3.6285128540067854e-05
4500;松啥呀，前置条件一大堆。;4;63;67;55119;0.001215551806092273
4505;得了吧，几年前上海买房给户口，那才是伏低做小呢？现在这算什么;15;31;46;55119;0.0008345579564215606
4521;上海玩完！太好了，上海一完蛋，大家都好了，就都买得起房子了！;15;7;22;55119;0.0003991364139407464
4538;鸟不拉屎的地方，谁买啊;6;16;22;55119;0.0003991364139407464
4549;松啥了，我住在奉贤，社保交在奉贤，满足了三年条件，但是中介告诉我及时现在离婚也买不到，因为社保所在公司地址，限制在了新城几条路内[黑线][黑线][黑线];2;8;10;55119;0.00018142564270033927
4552;全国有钱人都盯着上海，稍微松绑必然蜂拥而至;3;2;5;55119;9.071282135016963e-05
4556;虹桥枢纽附近的已经降价了，超一线如上海也扛不住了啊;2;1;3;55119;5.442769281010178e-05
4560;与房住不炒背道而驰;1;0;1;55119;1.8142564270033927e-05
4562;限购本来就是不科学的，有能力购买尽管购买，买不起了自然不买，干嘛限购！;1;0;1;55119;1.8142564270033927e-05
4566;大城市就不适合普通人[doge];1;0;1;55119;1.8142564270033927e-05
4576;买房没有户口，这力度也不够啊;1;5;6;55119;0.00010885538562020356
4620;个人预测，上海中心城区的房价最终要跌一半，郊区80%-90%[汗];8;2;10;55119;0.00018142564270033927
4652;上海也想松绑，你问问周边省份愿意吗;1;0;1;55119;1.8142564270033927e-05
4666;楼市还能涨？;1;0;1;55119;1.8142564270033927e-05
4668;远郊区马上要不限购了[doge];1;1;2;55119;3.6285128540067854e-05
4670;闲的蛋疼，吃饱撑的，要不然一小区一政策[doge][doge];1;6;7;55119;0.0001269979498902375
4705;这种人真踏马的坏，未来几年整体经济只会更差，还一个劲儿鼓励大家买房，如果打坏人不犯法，我能打到他不能再说话;1;9;10;55119;0.00018142564270033927
4709;150元只够买两只鸡[哼];4;10;14;55119;0.000253995899780475
4727;这种人真踏马的坏，未来几年整体经济只会更差，还一个劲儿鼓励大家买房，如果打坏人不犯法，我能打到他不能再说话;1;9;10;55119;0.00018142564270033927
4731;150元只够买两只鸡[哼];4;10;14;55119;0.000253995899780475
4757;哪个专家说的，我找了半天没看见这个专家是谁;1;0;1;55119;1.8142564270033927e-05
4784;可是你要每月换4745，还30年，到时候你就60了;1;0;1;55119;1.8142564270033927e-05
4808;北京19年10月到23年12月14日的存量首套房还是LPR+55基点，也请政府考虑下老百姓的难处，让我们拥有和其他首套购房者公平的政策一样也是lpr，让我们喘息一下。 这下差距更大了，人家都3.95%了，我们还那么高。政策要体现公允性，不患寡而患不均。;1;0;1;55119;1.8142564270033927e-05
4811;5年期贷款利率，从4.20%下降到了3.95%。周二(2月20日)，时隔8个月，5年期LPR迎来年内首次下调。5年期以上LPR大幅下降25个基点，1年期LPR则保持不变。值得注意的是，这是自LPR改革以来，5年期以上LPR首次下调25个基点。;2;0;2;55119;3.6285128540067854e-05
4815;5年期贷款利率，从4.20%下降到了3.95%。周二(2月20日)，时隔8个月，5年期LPR迎来年内首次下调。5年期以上LPR大幅下降25个基点，1年期LPR则保持不变。值得注意的是，这是自LPR改革以来，5年期以上LPR首次下调25个基点。;1;0;1;55119;1.8142564270033927e-05
4838;下午好[给你小心心];1;0;1;55119;1.8142564270033927e-05
4840;午好[爱你];1;0;1;55119;1.8142564270033927e-05
4842;关注;1;0;1;55119;1.8142564270033927e-05
4844;早上好http://t.cn/A6jzhLxq;1;0;1;55119;1.8142564270033927e-05
4876;教育改革需要以人民为中心而不是以利益为中心，围绕产业化的教育改革就是注定失败的，因为它远离了民族复兴、国家强盛，人民安居乐业，而是为资本服务。;2;1;3;55119;5.442769281010178e-05
4879;早安[送花花];1;3;4;55119;7.257025708013571e-05
4881;周二愉快[哈哈];1;2;3;55119;5.442769281010178e-05
4883;下午好秦东[可爱];1;2;3;55119;5.442769281010178e-05
4885;中午好，午餐愉快[咖啡][心][鲜花][音乐];1;2;3;55119;5.442769281010178e-05
4887;积极向上对待生活，保持阳光般的微笑，相信好运会自动开启。;1;2;3;55119;5.442769281010178e-05
4889;今天有着迟暮的霞光，正如晚来的你皆是笑意[打call][打call][打call];1;2;3;55119;5.442769281010178e-05
4891;周二快乐[打call][打call][打call]~;1;2;3;55119;5.442769281010178e-05
4893;人生是一场烟火的旅行，顺逆皆是馈赠。;1;2;3;55119;5.442769281010178e-05
4895;“风永不止息的告白 ，就像我对你的爱意一般 ，永远汹涌澎湃”;1;2;3;55119;5.442769281010178e-05
4897;感谢分享[心][心][心]不同的年龄，不同的取舍，不同的岁月，不同的生活，过好每个年龄段的自己。 ​​​;1;2;3;55119;5.442769281010178e-05
4899;早安东东，愿你所有的幸运，都不期而遇;1;2;3;55119;5.442769281010178e-05
4901;早安，愿阳光温暖这个寒冷的冬季！;1;2;3;55119;5.442769281010178e-05
4903;你若想得到这世界最好的东西，得先让世界看到最好的你。;1;2;3;55119;5.442769281010178e-05
4905;早安[心]东东;1;2;3;55119;5.442769281010178e-05
4907;“我用笔描绘你的美好 携带着落日的温柔 把热爱赠予最值得的你” ​;1;1;2;55119;3.6285128540067854e-05
4909;梦想是一个幸福的念想，想着想着就快乐了，它执着地立在那里，是生活的一个界标，代表着活力与向上。;1;1;2;55119;3.6285128540067854e-05
4911;支持博主呀~;1;1;2;55119;3.6285128540067854e-05
4913;大马士革玫瑰也因她黯然失色;1;1;2;55119;3.6285128540067854e-05
4915;愿每一个醒来的日子，都有阳光相伴，或许在晴空，或许在心里;1;1;2;55119;3.6285128540067854e-05
4917;今天从侧面了解了一下你的情况，发现你侧面也很美。 [心];1;1;2;55119;3.6285128540067854e-05
4919;𝐺𝑜𝑜𝑑 𝑡𝑖𝑚𝑒𝑠 𝑠ℎ𝑜𝑢𝑙𝑑 𝑏𝑒 𝑡𝑎𝑘𝑒𝑛 𝑠𝑒𝑟𝑖𝑜𝑢𝑠𝑙𝑦 再见和日落的寓意都是未完待续;1;1;2;55119;3.6285128540067854e-05
4921;今天从侧面了解了一下你的情况，发现你侧面也很美。;1;1;2;55119;3.6285128540067854e-05
4923;成功者与失败者之间的区别，常在于成功者能由错误中获益，并以不同的方式再尝试。;1;1;2;55119;3.6285128540067854e-05
4925;不同的年龄，不同的取舍，不同的岁月，不同的生活，过好每个年龄段的自己。 ​​​;1;1;2;55119;3.6285128540067854e-05
4927;我的愿望，就是希望你的愿望里，也有我;1;1;2;55119;3.6285128540067854e-05
4929;🌻下午好，愿你一天愉悦美妙！;1;1;2;55119;3.6285128540067854e-05
4931;"""一帆风顺不算成长我要你逆流而上""";1;1;2;55119;3.6285128540067854e-05
4933;变柔软，让羁绊加深。总有一天，时间会治愈人心，治愈一切。时间也许就是生命的药。——比留间荣子;1;1;2;55119;3.6285128540067854e-05
4935;支持好友;1;1;2;55119;3.6285128540067854e-05
4937;熬过万丈孤独，藏下星辰大海✨;1;1;2;55119;3.6285128540067854e-05
4939;我的猫很皮，可不可以帮我管它……;1;1;2;55119;3.6285128540067854e-05
4941;时间是送给我们的宝贵礼物，它使我们变得更聪明，更美好，更成熟，更完善;1;1;2;55119;3.6285128540067854e-05
4943;“你眼中的点点星光，是我将一生奔赴的星辰.”;1;1;2;55119;3.6285128540067854e-05
4945;岁月的的味道，总是浓淡相宜，不多一分，亦不少一分。;1;1;2;55119;3.6285128540067854e-05
4947;温柔的晚风，傍晚的晚霞，解暑的西瓜，冒泡的可乐，人间美好的你。;1;1;2;55119;3.6285128540067854e-05
4949;必须要做的事，一周三次，持续三天的与你有关[开学季];1;1;2;55119;3.6285128540067854e-05
4951;“𝓜𝓪𝔂 𝔂𝓸𝓾 𝓰𝓻𝓸𝔀 𝓼𝓪𝓿𝓮𝓵𝔂 𝓪𝓷𝓭 𝓼𝓱𝓲𝓷𝓮 𝓪𝓽 𝓵𝓪𝓼𝓽. 愿你野蛮生长，最终璀璨生光.🦋;1;1;2;55119;3.6285128540067854e-05
4953;如果你瞄准月亮即使迷失也是在星辰之间.;1;1;2;55119;3.6285128540067854e-05
4955;善良是一种修养，善待他人就是善待自己，要想得到别人的爱，首先要学会爱别人，一个善良的人一定是温暖的人，乐于助人的人，懂得珍惜和感恩的人。;1;1;2;55119;3.6285128540067854e-05
4957;人生的任何目标，都离不开一步一个脚印地前行，你有多努力，就有多辉煌，既然已经启程，那么请相信，你所迈出的每一步，都在为自己积蓄力量。--《人生之路》;1;1;2;55119;3.6285128540067854e-05
4959;你摸摸我的衣服，看看是不是做你女朋友的料子;1;1;2;55119;3.6285128540067854e-05
4961;以爱心和宽容的态度，去面对每一个人和事，让我们的生活更加美好。;1;1;2;55119;3.6285128540067854e-05
4963;积小善为大善、积小功为大功、积小成为大成，把思想道德建设不断推向前进，把我们的社会建设得更加和谐、富裕、美好！ ​ ​​;1;1;2;55119;3.6285128540067854e-05
4965;＂浪漫的不是星座，而是独一无二的你.＂𝑰𝒕'𝒔 𝒏𝒐𝒕 𝒕𝒉𝒆 𝒔𝒕𝒂𝒓 𝒔𝒊𝒈𝒏 𝒕𝒉𝒂𝒕'𝒔 𝒓𝒐𝒎𝒂𝒏𝒕𝒊𝒄, 𝒊𝒕'𝒔 𝒕𝒉𝒆 𝒖𝒏𝒊𝒒𝒖𝒆 𝒚𝒐𝒖.;1;1;2;55119;3.6285128540067854e-05
4967;每一处风景都是生命的驿站，用乐观的心看待万物，心则如山花般烂漫。 知足且坚定，温柔且上进。站在自己热爱的世界里，闪闪发亮。 要善良，要勇敢，要像星星一样努力发光！;1;1;2;55119;3.6285128540067854e-05
4969;你眼中有星海浩渺，山河千里，而我眼中有你;1;1;2;55119;3.6285128540067854e-05
4971;宇宙若是一场幻觉，你我皆名为灿烂——张皓宸;1;1;2;55119;3.6285128540067854e-05
4973;生命的美，不在它的绚烂，而在它的平和;1;1;2;55119;3.6285128540067854e-05
4976;风月都好看，人间也浪漫;1;1;2;55119;3.6285128540067854e-05
4978;善良是一种修养，善待他人就是善待自己，要想得到别人的爱，首先要学会爱别人，一个善良的人一定是温暖的人，乐于助人的人，懂得珍惜和感恩的人。;1;1;2;55119;3.6285128540067854e-05
4980;The things you own, end up owing you. 你所拥有的东西最终拥有了你。;1;1;2;55119;3.6285128540067854e-05
4982;"言近而指远者，善言也;守约而施博者，善道也。――《孟子》";1;1;2;55119;3.6285128540067854e-05
4984;中午好;1;1;2;55119;3.6285128540067854e-05
4986;快乐要懂得分享才能加倍快乐，美好的生命应该充满期待惊喜和感激。;1;1;2;55119;3.6285128540067854e-05
4988;有目标的人在奔跑，没目标的人在流浪，因为不知道要去哪里。;1;1;2;55119;3.6285128540067854e-05
4990;唯有梦想才配让你不安，唯有行动才能解除你的不安。;1;1;2;55119;3.6285128540067854e-05
4992;一个人要战胜别人并不难，往往只需要付出比对方更多的努力即可。然而，勇于挑战自己的弱点并战而胜之，不断地超越自己，才真正是人生最大的挑战和最为痛苦的过程。提醒自己：不必总与他人较短论长，今天比昨天好，明天比今天强，这就是胜利。早安;1;1;2;55119;3.6285128540067854e-05
4994;我希望你一直发光，而我永远为你热泪盈眶;1;1;2;55119;3.6285128540067854e-05
4996;你犹如一道温暖的光 值得上这世间所有的美好;1;1;2;55119;3.6285128540067854e-05
4998;“宇宙山河浪漫银河星空璀璨月光是大海的梦境而你是我的宝藏.”;1;1;2;55119;3.6285128540067854e-05
5000;爱一朵花，最好的方式是陪它盛开。;1;1;2;55119;3.6285128540067854e-05
5002;思念如潮水漫涌，你的影像如诗词般美，心中永远有你的存在。;1;1;2;55119;3.6285128540067854e-05
5004;愿我们都能在鸡零狗碎的日子里拥有自己的人间烟火;1;1;2;55119;3.6285128540067854e-05
5006;🌈你送出去的每一颗糖都去了她该去的地方，其实地球是圆的，你做的好事最终会回到你身上。;1;1;2;55119;3.6285128540067854e-05
5008;“风中藏匿的思念，是永恒不变的爱意”;1;1;2;55119;3.6285128540067854e-05
5010;人生不必计较太多，不必在意成功与失败，它会被岁月渐渐淡化掩盖。人生最重要的不是得与失，而是能把握现在所拥有的，平淡是福。;1;1;2;55119;3.6285128540067854e-05
5012;“倾听落雪沉入梦中，你的身影是我笔下绘不出的纯白”;1;1;2;55119;3.6285128540067854e-05
5014;＂海的故事有海鸥聆听 海的深处藏着我对你汹涌澎湃的爱意.＂;1;1;2;55119;3.6285128540067854e-05
5016;早安呐[爱你];1;1;2;55119;3.6285128540067854e-05
5018;🌈你送出去的每一颗糖都去了她该去的地方，其实地球是圆的，你做的好事最终会回到你身上。;1;1;2;55119;3.6285128540067854e-05
5020;早安，晨起要多微笑哦，好的运气从每个清晨开始;1;1;2;55119;3.6285128540067854e-05
5022;努力做一个善良的人，做一个心态阳光的人，做一个积级向上的人，满满元气才能被激发，也能敢染身边的人。心中有暖阳，世界也会因你而温暖。;1;1;2;55119;3.6285128540067854e-05
5024;早上好;1;1;2;55119;3.6285128540067854e-05
5026;支持优秀博主;1;1;2;55119;3.6285128540067854e-05
5028;谢谢分享;1;1;2;55119;3.6285128540067854e-05
5030;你现在的付出，都会是一种沉淀，它们会默默铺路，只为让你成为更好的人。;1;1;2;55119;3.6285128540067854e-05
5032;人生一梦，白云苍狗，错错对对，恩恩怨怨，终不过日月无声，水过无痕;1;1;2;55119;3.6285128540067854e-05
5034;保持对生活的爱和热忱，把每天都活得热气腾腾;1;1;2;55119;3.6285128540067854e-05
5036;早安;1;1;2;55119;3.6285128540067854e-05
5038;若想往前，只有拼命的奔跑，有时候正确的方向比努力更重要。早安！🌼🌼🌼;1;1;2;55119;3.6285128540067854e-05
5040;实验区多确实好，行为可以收集更多情况，综合后的措施也一定不会差;1;1;2;55119;3.6285128540067854e-05
5042;“星星坠落，带走我的思念流浪成河，烟火泡沫，对你的爱永不湮灭”;1;1;2;55119;3.6285128540067854e-05
5044;上午好[鲜花]善良与品德兼备，有如宝石之于金属，两者互为衬托，益增光彩。;1;1;2;55119;3.6285128540067854e-05
5046;心在跳动，依然在看着你，总是屏住呼吸，至今仍想在远处守护你。在远远望你的日子里，云是信使，月做纸笔，每阵风都替我遥祝你，时时快乐，不止今日。;1;1;2;55119;3.6285128540067854e-05
5049;只要面对着阳光努力向上，日子就会变得单纯而美好。早安;1;1;2;55119;3.6285128540067854e-05
5051;你是春天的涓涓溪水，缓缓而温柔，是纷乱世界里唯一的安慰，是众生皆苦里的蜜糖;1;1;2;55119;3.6285128540067854e-05
5053;早上好，周二愉快;1;1;2;55119;3.6285128540067854e-05
5055;周二愉快;1;1;2;55119;3.6285128540067854e-05
5057;早上好[心];1;1;2;55119;3.6285128540067854e-05
5059;吃饱饱，想的少，天天开心没烦恼~;1;1;2;55119;3.6285128540067854e-05
5061;早上好！愿你今天有个好心情！ 睁开眼睛，给你一个轻轻的祝福，愿它每分每秒都带给你健康、好运和幸福。 希望你度过美好的一天！;1;1;2;55119;3.6285128540067854e-05
5063;生活就是既能朝九晚五，又能浪迹天涯生活就是既能朝九晚五，又能浪迹天涯;1;1;2;55119;3.6285128540067854e-05
5065;心之所愿，无所不成。坚持一个简单的信念就一定会成功。上午好！感谢分享[哇];1;1;2;55119;3.6285128540067854e-05
5067;早上好，每天揣着满满的期待和信心，一定会有意想不到的收获。;1;1;2;55119;3.6285128540067854e-05
5069;早安[心];1;1;2;55119;3.6285128540067854e-05
5071;关于沉溺与坠落的时刻，要记住，更要去相信，相信纯粹与正义，风的低语，相信所有行动皆有意义，铁会融化在雪里，而我们终会在岸边相遇。;1;1;2;55119;3.6285128540067854e-05
5073;一个人的宽容，来自一颗善待他人的心。一个人的涵养，来自一颗包容的心。一个人的高度，来自一颗豁达的心。;1;1;2;55119;3.6285128540067854e-05
5075;光是遇见，就已经很美好了🌻;1;1;2;55119;3.6285128540067854e-05
5077;今晚月色真美，眸中所及很明朗，而你朝我走来的路途温柔了万般光景;1;1;2;55119;3.6285128540067854e-05
5079;好友早安[咖啡];1;1;2;55119;3.6285128540067854e-05
5081;谢谢分享;1;1;2;55119;3.6285128540067854e-05
5083;早上好，阅读来了;1;1;2;55119;3.6285128540067854e-05
5085;@西晚晚：如今蹄尽苍苔绿，漫漫闲云落岭岗。[微风];1;1;2;55119;3.6285128540067854e-05
5087;早上好[送花花]大路走尽还有数不尽的小路，只要不停地走就有数不尽的风光。;1;1;2;55119;3.6285128540067854e-05
5089;早(๑•̀ㅁ•́ฅ✧;1;1;2;55119;3.6285128540067854e-05
5091;早上好，周二愉快呀[送花花];1;1;2;55119;3.6285128540067854e-05
5093;早上好呀[心][心];1;1;2;55119;3.6285128540067854e-05
5095;古娜拉黑暗之神，巴拉拉能量，一起发力快起床;1;1;2;55119;3.6285128540067854e-05
5097;早上好呀;1;1;2;55119;3.6285128540067854e-05
5099;周二愉快[耶];1;1;2;55119;3.6285128540067854e-05
5101;能说到做到的人，会让人觉得踏实又浪漫;1;1;2;55119;3.6285128540067854e-05
5103;灵感触发梦想，创新改变世界，我们在一起，只为更美好。;1;1;2;55119;3.6285128540067854e-05
5105;早安，愿你所有幸运，都不期而遇。;1;1;2;55119;3.6285128540067854e-05
5107;早安呀;1;1;2;55119;3.6285128540067854e-05
5109;上午好，周二愉快[鼓掌];1;1;2;55119;3.6285128540067854e-05
5111;早安;1;1;2;55119;3.6285128540067854e-05
5113;早安☀️为了梦想， 在努力向上攀爬。或许会遇到困难，但绝不放弃;1;1;2;55119;3.6285128540067854e-05
5115;早安🌹;1;1;2;55119;3.6285128540067854e-05
5117;早上好[心][心];1;1;2;55119;3.6285128540067854e-05
5119;你要是说处对象，不好意思没空，但你要是说干饭我一定马上到;1;1;2;55119;3.6285128540067854e-05
5121;周二愉快[送花花];1;1;2;55119;3.6285128540067854e-05
5123;早安[送花花];1;1;2;55119;3.6285128540067854e-05
5125;吉祥的早晨，真诚的祝福，让美好的一天，充满幸福和快乐，早上好！😋;1;1;2;55119;3.6285128540067854e-05
5127;总会有人一直爱你，爱那个平庸的自己。就算没有，也要自己爱自己，成为自己的终身浪漫;1;1;2;55119;3.6285128540067854e-05
5129;善良是属于内心的安静，一种对天地万物的敬畏与尊敬。;1;1;2;55119;3.6285128540067854e-05
5131;早安，周二愉快;1;1;2;55119;3.6285128540067854e-05
5133;只要内心不乱，那么外界就很难去改变你什么。不要艳羡他人，不要输掉自己。早安！;1;1;2;55119;3.6285128540067854e-05
5135;唯有你的光辉，能像漫过山岭的薄雾;1;1;2;55119;3.6285128540067854e-05
5137;早上好[心];1;1;2;55119;3.6285128540067854e-05
5139;早安[抱一抱];1;1;2;55119;3.6285128540067854e-05
5141;早安[给你小心心]周二愉快;1;1;2;55119;3.6285128540067854e-05
5143;早上好，加油[彩虹屁];1;1;2;55119;3.6285128540067854e-05
5145;生活就有了奔头，人就会变得有事可做，有所期待。一个人最好的状态，就是知道自己想要什么，并全力以赴，努力向日出一样越来越耀眼。;1;1;2;55119;3.6285128540067854e-05
5147;哈喽秦老师早上好[给你小心心][给你小心心][给你小心心]想你啦 周二愉快呀;1;1;2;55119;3.6285128540067854e-05
5149;ᵕ̈ ᴹᴼᴿᴺᴵᴺᴳ 🌼 ᵕ̈ 🌼赖床是对周末的基本尊重;1;1;2;55119;3.6285128540067854e-05
5151;假如你是一棵仙人掌，我也愿意忍受所有的疼痛来抱着你;1;1;2;55119;3.6285128540067854e-05
5153;早上好[心][心];1;1;2;55119;3.6285128540067854e-05
5155;早上好，愿你眼中总有光芒，活成你想要的模样;1;1;2;55119;3.6285128540067854e-05
5157;早上好[打call];1;1;2;55119;3.6285128540067854e-05
5159;早安[爱慕]周二愉快;1;1;2;55119;3.6285128540067854e-05
5161;早上好;1;1;2;55119;3.6285128540067854e-05
5163;我是一隻旷野的鸟，在你的眼里找到了天空——《飞鸟集》泰戈尔;1;1;2;55119;3.6285128540067854e-05
5165;感谢分享，涨知识了;1;1;2;55119;3.6285128540067854e-05
5167;早安早安;1;1;2;55119;3.6285128540067854e-05
5169;早安[心]周一愉快[太阳];1;1;2;55119;3.6285128540067854e-05
5171;不破不立 人类最宝贵的品质是勇敢 敢与跟过去告别 敢于摧毁过去亲手建立的东西 敢于跟一切消耗自己的人和事说再见 才有可能迎来新生 自己亲手摧毁旧事物 才是一个人觉醒的开始;1;1;2;55119;3.6285128540067854e-05
5173;早啊[哈哈];1;1;2;55119;3.6285128540067854e-05
5175;早上好！[努力][话筒];1;1;2;55119;3.6285128540067854e-05
5177;早(๑•̀ㅁ•́ฅ✧[鲜花][鲜花];1;1;2;55119;3.6285128540067854e-05
5179;早上好！[兔子][兔子][兔子];1;1;2;55119;3.6285128540067854e-05
5181;不管有多苦，千万要记住：苦难是我们人生路上不可缺少的经历，只有活着，才有幸福的可能!;1;1;2;55119;3.6285128540067854e-05
5183;我掀起山河奔向你，踏进星辰来访你;1;1;2;55119;3.6285128540067854e-05
5185;把自己活成一束光，自信坦荡，光芒万丈;1;1;2;55119;3.6285128540067854e-05
5187;愿你梦的远方，温暖可向。愿你所到之处，遍地阳光。愿你被这世界，温柔以待。;1;1;2;55119;3.6285128540067854e-05
5189;因为心中有梦，所以暗里有光，遥遥无期，那又怎样，踮起脚尖，就更接近阳光。 你再优秀，也总有人对你不堪。你再不堪，也有人认为是限量版的唯一。生命的价值在于自己看得起自已，人生的意义在于努力进取。;1;1;2;55119;3.6285128540067854e-05
5191;早安[爱你];1;1;2;55119;3.6285128540067854e-05
5193;相对于别人，我更喜欢你。这就是相对论;1;1;2;55119;3.6285128540067854e-05
5195;所有的门都应该你来敲，因为你敲好看🌱;1;1;2;55119;3.6285128540067854e-05
5197;我的愿望不多，只希望你能快乐‎|•'-'•)و✧;1;1;2;55119;3.6285128540067854e-05
5199;善，乃万德之源，孝是百善之首。 善，即修身律己，即心想他人。 以情恕人，以理律己，以善助人。 心有善，德乃大；必有忍，事乃成。 念念行善终不悔，终有一日花开时。;1;1;2;55119;3.6285128540067854e-05
5201;愿你眼有星辰大海，不染岁月风尘； 愿你心有繁花似锦，归来不负韶华； 愿你在新的一年里，仍有阳光满路，温暖如初。;1;1;2;55119;3.6285128540067854e-05
5203;秋日薄暮 菊花煮竹叶青 人与海棠俱醉 ——林清玄 《温一壶月光独酌》;1;1;2;55119;3.6285128540067854e-05
5205;花自向阳开☀，人终向前走，没有谁是一帆风顺🚢，那些手捧鲜花的人，都是一路踩着荆棘走过来的。;1;1;2;55119;3.6285128540067854e-05
5207;总有一种温暖，不因时光的流逝而消散，不因岁月的变迁而消失。那寻常点滴的欢笑，那些细细微微的幸福，都足已让我们心怀憧憬，欢喜一生。[鲜花][鲜花][微风][微风][赞啊][赞啊];1;1;2;55119;3.6285128540067854e-05
5209;周二愉快[心]冬日安康;1;1;2;55119;3.6285128540067854e-05
5211;这世上的确没有什么是比叫醒自己更困难的事。想要什么，就真的为它努力。那些能让你真正成长的事，都不会太舒服，但只要坚持下来，就会给你带来蜕变。;1;1;2;55119;3.6285128540067854e-05
5213;我携漫天星辰以赠你，仍觉漫天星辰不及你;1;1;2;55119;3.6285128540067854e-05
5215;迎接新的一天，希望你有个美妙的日子。早上好！;1;1;2;55119;3.6285128540067854e-05
5217;每天给自己一个希望，不为明天烦恼，不为昨天失望，加油！早安  [抱一抱];1;1;2;55119;3.6285128540067854e-05
5219;早上好[打call];1;1;2;55119;3.6285128540067854e-05
5221;晚上好;1;1;2;55119;3.6285128540067854e-05
5223;晚上好;1;1;2;55119;3.6285128540067854e-05
5225; 斗志和干劲很重要，但更重要的，是不断坚持的努力。无论你已经工作还是仍在校园拼搏，都不要忘记当初你怀揣梦想的勇气。把那一刻的勇气，变成此刻的坚持，你终将遇见更好的自己。;1;0;1;55119;1.8142564270033927e-05
5227;感谢分享，已经加了;1;1;2;55119;3.6285128540067854e-05
5230;余生满满都是你，亿万星辰犹不及[送花花][送花花];1;0;1;55119;1.8142564270033927e-05
5232;以德化人，厚德而行，福自至矣。以书育人，以书引善，以书养德。上士忘善，中士行善，为德贵厚，为道酬勤。真行善者，当不求名，当暗处行。人心之广，何恶不容，何善不容。至诚不二，精进努力，善果必现。 ​;1;0;1;55119;1.8142564270033927e-05
5234;人永远不能停止梦想。梦想是心灵的养料，就像饭菜是身体的给养。人生路上我们常会看见自己的梦想破碎了，渴望落空了，但我们仍需做梦，否则心灵就会枯死，博爱便无法渗入心田。;1;0;1;55119;1.8142564270033927e-05
5236;美好的一天，从现在起[心];1;0;1;55119;1.8142564270033927e-05
5238;“斑驳零碎的光映入少年眼底，夏天的温柔藏入青草里，风一吹，一眼便是万年”;1;0;1;55119;1.8142564270033927e-05
5240;感谢分享;1;0;1;55119;1.8142564270033927e-05
5242;即使是你最心爱的人，心中都会有一片你无法到达的森林。——村上春树 ​​​;1;0;1;55119;1.8142564270033927e-05
5244;[雷电将军2]晚霞照在你身上 就是光与温柔的相遇”   𝒯𝒽𝓮 𝓈𝓊𝓃𝓈𝓮𝓉 𝓈𝒽𝒾𝓃𝓮𝓈 𝓸𝓃 𝓎𝓸𝓊, 𝒾𝓈 𝓉𝒽𝓮 𝓁𝒾𝓰𝒽𝓉 𝒶𝓃𝒹 𝓰𝓮𝓃𝓉𝓁𝓮 𝓂𝓮𝓮𝓉.;1;0;1;55119;1.8142564270033927e-05
5246;感谢分享！晚上好！;1;0;1;55119;1.8142564270033927e-05
5248;不论是我的世界车水马龙繁华盛世，还是它们都瞬间消失化为须臾，我都会坚定地走向你，不慌张，不犹豫。有些人相遇，就是为了告别。往后的日子里，我们都要不辜负自己;1;0;1;55119;1.8142564270033927e-05
5250;做一个安静细微的人，于角落里自在开放，默默悦人，却始终不引起过分热闹的关注，保有独立而随意的品格，这就很好。;1;0;1;55119;1.8142564270033927e-05
5252;对有些人来说，生活就是不断破墙而出的过程，而对另外一些人，生活是在为自己建起一座座的围墙。;1;0;1;55119;1.8142564270033927e-05
5254;一叶知霜降，一语感深秋，霜降已至，愿你染尽霜华，心中依旧温暖如初，愿霜降时节，照顾好自己，一切安好;1;0;1;55119;1.8142564270033927e-05
5256;我只有两个心愿：你在身边，在你身边。;1;0;1;55119;1.8142564270033927e-05
5258;想写一封情书 送给未来的你. 𝓘 𝔀𝓪𝓷𝓽 𝓽𝓸 𝔀𝓻𝓲𝓽𝓮 𝓪 𝓵𝓸𝓿𝓮 𝓵𝓮𝓽𝓽𝓮𝓻 𝓽𝓸 𝓽𝓱𝓮 𝓯𝓾𝓽𝓾𝓻𝓮 𝔂𝓸𝓾;1;0;1;55119;1.8142564270033927e-05
5260;得不到的永远在骚动，被偏爱的有恃无恐;1;0;1;55119;1.8142564270033927e-05
5262;阳光正好，春风不燥，不负美好时光，所得，所不得，皆不如心安理得，总会有不期而遇的温暖！;1;0;1;55119;1.8142564270033927e-05
5264;"“你是我寡淡无味的青春里很特别的存在”"" 𝒀𝒐𝒖 𝒂𝒓𝒆 𝒂 𝒔𝒑𝒆𝒄𝒊𝒂𝒍 𝒆𝒙𝒊𝒔𝒕𝒆𝒏𝒄𝒆 𝒊𝒏 𝒎𝒚 𝒅𝒖𝒍𝒍 𝒚𝒐𝒖𝒕𝒉""🦋";1;0;1;55119;1.8142564270033927e-05
5266;在我枯燥无味的生活里，你就是我的希望和光芒 𝓘𝓷 𝓶𝔂 𝓫𝓸𝓻𝓲𝓷𝓰 𝓵𝓲𝓯𝓮, 𝔂𝓸𝓾 𝓪𝓻𝓮 𝓶𝔂 𝓱𝓸𝓹𝓮 𝓪𝓷𝓭 𝓵𝓲𝓰𝓱𝓽. ​;1;0;1;55119;1.8142564270033927e-05
5268;一切都要按时苏醒，影子在发胖，走过树林的，都捧出一小束——阳光，笑出嫩绿。;1;0;1;55119;1.8142564270033927e-05
5270;ᴳᵒ ᵒⁿ ᵗʰᵉ ʲᵒᵘʳⁿᵉʸ ᵒᶠ ˡᵒᵛᵉ ᵍᵒ ᵗᵒ ᵗʰᵉ ᵖᵉᵒᵖˡᵉ ʸᵒᵘ ˡᵒᵛᵉ.🦋·奔赴热爱之旅 奔向热爱所人;1;0;1;55119;1.8142564270033927e-05
5272;“浪漫定格在瑰海中 永不落幕爱意四溅 𝐑𝐨𝐦𝐚𝐧𝐜𝐞 𝐢𝐬 𝐟𝐢𝐱𝐞𝐝 𝐢𝐧 𝐭𝐡𝐞 𝐬𝐞𝐚 𝐨𝐟 𝐫𝐨𝐬𝐞𝐬 𝐚𝐧𝐝 𝐧𝐞𝐯𝐞𝐫 𝐞𝐧𝐝𝐬. ”;1;0;1;55119;1.8142564270033927e-05
5274;"🦋.书有结局，但我与你的故事没有""";1;0;1;55119;1.8142564270033927e-05
5276;揣着一口袋的开心🍓满载而归☀️;1;0;1;55119;1.8142564270033927e-05
5278;且听风吟，静待花开 ——《且听风吟》 ​村上春树;1;0;1;55119;1.8142564270033927e-05
5280;秦老师晚上好呀，周二愉快;1;0;1;55119;1.8142564270033927e-05
5282;𝒫𝓮𝓸𝓅𝓁𝓮 𝒶𝓁𝓌𝒶𝓎𝓈 𝓈𝒶𝓎 𝓰𝓸𝓸𝒹𝒷𝓎𝓮 𝓉𝓸 𝓉𝒽𝒾𝓃𝓰𝓈 𝓉𝒽𝓮𝓎 𝒸𝒶𝓃'𝓉  𝒽𝓸𝓁𝒹.人总要跟握不住的东西说再见的.;1;0;1;55119;1.8142564270033927e-05
5284;"“你眼中的点点星光，是我将一生奔赴的星辰.” ""𝓣𝓱𝓮 𝓼𝓽𝓪𝓻𝓼 𝓲𝓷 𝔂𝓸𝓾𝓻 𝓮𝔂𝓮𝓼 𝓪𝓻𝓮 𝓽𝓱𝓮 𝓼𝓽𝓪𝓻𝓼 𝓘 𝔀𝓲𝓵𝓵 𝓰𝓸 𝓽𝓸.""";1;0;1;55119;1.8142564270033927e-05
5286;你便是，那温暖的春风，岂止十里，我喜欢你，你的各种样子，吹过我沿途所有的风景。;1;0;1;55119;1.8142564270033927e-05
5288;只要心向阳。不管黑暗。走到哪都光明。只要心胸开阔。不管世界再小。走哪都有你一片天地。;1;0;1;55119;1.8142564270033927e-05
5290;用你de可爱和温柔温暖每一天的阳光☀;1;0;1;55119;1.8142564270033927e-05
5292;♥🌈Sweet☻ ฅ*•ω•*ฅ♡ 拼拼凑凑の碎片🧩;1;0;1;55119;1.8142564270033927e-05
5294;生活就是坚持简单的善良，就如人生不能没有道义，不要把生活复杂化，那些所谓的世故圆滑，不过是自私的一种借口罢了。;1;0;1;55119;1.8142564270033927e-05
5296;总有人山高路远，为你而来;1;0;1;55119;1.8142564270033927e-05
5298;只把一件事做好，就是生活本初的节奏，再忙再累的日子都会云淡风轻，再苦再咸的生活都不值一提。这种无法放弃的力量就来自于内心。;1;0;1;55119;1.8142564270033927e-05
5300;他一噘嘴是春柳暗恼，一低眉是湖心微扫，道只道，千般懊怨春日好。;1;0;1;55119;1.8142564270033927e-05
5302;星星是世间浪漫至极之物💫;1;0;1;55119;1.8142564270033927e-05
5304;你看到的那些成功的人，他们的时间都花在努力上。;1;0;1;55119;1.8142564270033927e-05
5306;晚上好，天天开心呀;1;0;1;55119;1.8142564270033927e-05
5308;食物令家有了难以描述的温情 ——弋舟我不是不理你，我只是在等你先开口我不是不理你，我只是在等你先开口;1;0;1;55119;1.8142564270033927e-05
5310;人生海海，总要允许有人错过你，才能赶上最好的相遇——张皓宸我的愿望不多，只希望你能快乐‎|•'-'•)و✧;1;0;1;55119;1.8142564270033927e-05
5312;想把天上的星星摘给你，却发现它们早就在你的眼睛里。;1;0;1;55119;1.8142564270033927e-05
5314;每段青春都会苍老 但我希望记忆里的你一直都好.;1;0;1;55119;1.8142564270033927e-05
5316;我不是不理你，我只是在等你先开口;1;0;1;55119;1.8142564270033927e-05
5318;每个人都有自己故事，只是演绎的方式不同;1;0;1;55119;1.8142564270033927e-05
5320;每个人都有很艰难的岁月。但是大多数时候，那些艰难的岁月最后会变成整个生命中最精彩的日子，如果你挺过来的话。;1;0;1;55119;1.8142564270033927e-05
5322;博闻强识而让，敦善行而不怠，谓之君子;1;0;1;55119;1.8142564270033927e-05
5324;温柔的晚风，傍晚的晚霞，解暑的西瓜，冒泡的可乐，人间美好的你。;1;0;1;55119;1.8142564270033927e-05
5326;对待自己温柔一点。你只不过是宇宙的孩子，与植物、星辰没什么两样。🌁;1;0;1;55119;1.8142564270033927e-05
5328;秦老师晚上好啊[赢牛奶];1;0;1;55119;1.8142564270033927e-05
5330;想把你这座冰山，变成我手里的冰淇淋;1;0;1;55119;1.8142564270033927e-05
5332;可爱不是长久之计，可爱我是长久之计呀~;1;0;1;55119;1.8142564270033927e-05
5334;目光所及都是你，亿万星辰犹不及。💫;1;0;1;55119;1.8142564270033927e-05
5336;人永远不能停止梦想。梦想是心灵的养料，就像饭菜是身体的给养。人生路上我们常会看见自己的梦想破碎了，渴望落空了，但我们仍需做梦，否则心灵就会枯死，博爱便无法渗入心田。;1;0;1;55119;1.8142564270033927e-05
5338;经一场大梦，梦中见满眼山花如翡，如见故人，喜不自胜。;1;0;1;55119;1.8142564270033927e-05
5340;ᴬ ᵗⁱʳᵉᵈ ˡⁱᶠᵉ ⁿᵉᵉᵈˢ ᵃ ᵍᵉⁿᵗˡᵉ ᵈʳᵉᵃᵐ ᵃⁿᵈ ᵃ ˡᵒᵛᵉᵈ ᵒⁿᵉ.疲惫的生活需要一个温柔的梦和一个很爱的人;1;0;1;55119;1.8142564270033927e-05
5342;你是我的东南西北 ，胜过一切苍山泱水;1;0;1;55119;1.8142564270033927e-05
5344;做自己的太阳，与山川湖海为伴，热爱生活，自信勇敢，保持善良，勇往直前！;1;0;1;55119;1.8142564270033927e-05
5346;别以为我只会吃，我还会胖呢;1;0;1;55119;1.8142564270033927e-05
5348;“就算见不到又怎样呢相隔万里我也能爱你″ “ℐ𝒸𝒶𝓃'𝓉𝓈ℯℯ𝓎ℴ𝓊,ℐ𝒸𝒶𝓃𝓈𝓉𝒾𝓁𝓁𝓁ℴ𝓋ℯ𝓎ℴ𝓊𝓉𝒽ℴ𝓊𝓈𝒶𝓃𝒹𝓈ℴ𝒻𝓂𝒾𝓁ℯ𝓈”;1;0;1;55119;1.8142564270033927e-05
5350;我一直以为我是世界上最美的女生，直到遇见你，才知道是我们;1;0;1;55119;1.8142564270033927e-05
5352;希望是美好的，也许是人间至善，而美好的事物永不消逝。;1;0;1;55119;1.8142564270033927e-05
5354;平淡的日子装着最美的回忆;1;0;1;55119;1.8142564270033927e-05
5356;今晚月色真美，眸中所及很明朗，而你朝我走来的路途温柔了万般光景。;1;0;1;55119;1.8142564270033927e-05
5358;愿你放下执着，放下不甘心，从今以后，只负责精彩自己的人生。往事不回头，未来不将就，你若盛开，清风自来;1;1;2;55119;3.6285128540067854e-05
5360;快乐的方式有很多种，最直接的，就是见到你💫;1;1;2;55119;3.6285128540067854e-05
5375;“不经意间遇见的可爱比落日还要温柔”;1;0;1;55119;1.8142564270033927e-05
5377;大部分同学是来寻找真理，寻找智慧的。我寻找什么？寻找潇洒。——汪曾祺;1;0;1;55119;1.8142564270033927e-05
5379;"""🥀.爱意化成风声，替我转交给你"" 𝓛𝓸𝓋𝓮 𝓉𝓊𝓇𝓃𝓈 𝒾𝓃𝓉𝓸 𝓌𝒾𝓃𝒹, 𝓰𝒾𝓋𝓮 𝒾𝓉 𝓉𝓸 𝓎𝓸𝓊 𝒻𝓸𝓇 𝓂𝓮.🥀";1;0;1;55119;1.8142564270033927e-05
5381;等春风拂尽人间长留，你要记得和心上人去白头。;1;0;1;55119;1.8142564270033927e-05
5383;我在贩卖日落，你像神明一样慷慨地将光洒向我，从此人间被点亮。后来才发现那是我眼睛里的光，可那又如何，我爱慕的是你，而非你发着光的模样;1;0;1;55119;1.8142564270033927e-05
5385;“我在黄昏写上一封书信 载着落日的余晖和银河的浪漫 寄给你 寄给温柔本身.”;1;0;1;55119;1.8142564270033927e-05
5387;刹那的光辉不是永恒 ——张国荣;1;0;1;55119;1.8142564270033927e-05
5389;我向来三分钟热度，一天有1440分钟，所以因为你，我每天都沸腾480遍;1;0;1;55119;1.8142564270033927e-05
5391;愿中国青年都摆脱冷气，只是向上走，不必听自暴自弃者流的话。能做事的做事，能发声的发声。有一分热，发一分光，就令萤火一般，也可以在黑暗里发一点光，不必等候炬火。 此后如竟没有炬火：我便是唯一的光。 ——鲁迅;1;1;2;55119;3.6285128540067854e-05
5393;我希望你一直发光，而我永远为你热泪盈眶;1;0;1;55119;1.8142564270033927e-05
5395;𝓘 𝔀𝓪𝓼 𝓷𝓮𝓿𝓮𝓻 𝓲𝓵𝓵𝓾𝓶𝓲𝓷𝓪𝓽𝓮𝓭, 𝓫𝓾𝓽 𝔂𝓸𝓾 𝓫𝓮𝓬𝓪𝓶𝓮 𝓶𝔂 𝓶𝓸𝓸𝓷𝓵𝓲𝓰𝓱𝓽. 我从未被照亮，唯独你成为了我的月光;1;0;1;55119;1.8142564270033927e-05
5397;真正让人变好的选择，过程都不会很舒服。你明知道躺在床上睡懒觉更舒服，但还是一早就起床；你明知道什么都不做比较轻松，但依旧选择追逐梦想。这就是生活，你必须坚持下去。 ​;1;0;1;55119;1.8142564270033927e-05
5399;"“知你生来傲骨而非淤泥之花” ""𝓚𝓷𝓸𝔀 𝓽𝓱𝓪𝓽 𝔂𝓸𝓾 𝔀𝓮𝓻𝓮 𝓫𝓸𝓻𝓷 𝓹𝓻𝓸𝓾𝓭, 𝓷𝓸𝓽 𝓽𝓱𝓮 𝓯𝓵𝓸𝔀𝓮𝓻 𝓸𝓯 𝓽𝓱𝓮 𝓶𝓾𝓭.""";1;1;2;55119;3.6285128540067854e-05
5401;善良犹如一杯清水，透明而纯净，宛如一朵荷花，淡雅而芬芳，恰似一篇乐章，美妙而动听。;1;1;2;55119;3.6285128540067854e-05
5403;“思念溶于海洋 星河凝聚爱意化成滔滔不绝的海水绵延长存.”;1;1;2;55119;3.6285128540067854e-05
5442;很全面，辛苦了[作揖];1;0;1;55119;1.8142564270033927e-05
5453;保障为主也是好的。房子应该用来住[微笑];1;0;1;55119;1.8142564270033927e-05
5455;还是保障为主;1;0;1;55119;1.8142564270033927e-05
5457;安居那帮说快来人额抢地盘了;1;0;1;55119;1.8142564270033927e-05
5463;呵呵，层层下来，真正用到地方又有多少。;3;13;16;55119;0.00029028102832054283
5483;老城区 七几年、八几年的房子就是不管呗;1;0;1;55119;1.8142564270033927e-05
5487;钱呢？房呢？现在航空港区不给房不给钱，村支书强制让签字拆迁;1;2;3;55119;5.442769281010178e-05
5512;供过于求就继续跌，所以都不买[doge]，还会降;2;3;5;55119;9.071282135016963e-05
5519;不卖亏五年，买了亏一辈子[doge];1;1;2;55119;3.6285128540067854e-05
5601;我理解为无名专家等同水军;1;0;1;55119;1.8142564270033927e-05
5609;千万不;2;0;2;55119;3.6285128540067854e-05
5612;可以让专家多买点[哈哈][哈哈];1;3;4;55119;7.257025708013571e-05
5614;哈哈哈哈买;1;0;1;55119;1.8142564270033927e-05
5616;专家说了：做人不买房，做鬼也流浪。;1;1;2;55119;3.6285128540067854e-05
5618;建议专家有多远滚多远;1;0;1;55119;1.8142564270033927e-05
5620;前几天说完信用卡，又开始说房了。哎……;1;0;1;55119;1.8142564270033927e-05
5633;保守了 也许是一辈子白忙;1;0;1;55119;1.8142564270033927e-05
5663;在央企，被关系户顶岗的我，现在月薪两千多，领导可是一分不少。将来真过不下去了，我就找他们一换一。;2;8;10;55119;0.00018142564270033927
5675;关注;1;1;2;55119;3.6285128540067854e-05
5677;学法律涨知识#张警官普法# @法治四川 ;1;4;5;55119;9.071282135016963e-05
5688;支持;2;0;2;55119;3.6285128540067854e-05
5691;提早规划老年生活是很必须的[心][心];1;1;2;55119;3.6285128540067854e-05
5693;学到了;1;1;2;55119;3.6285128540067854e-05
5697;兴百姓（），亡百姓（）[泪];1;0;1;55119;1.8142564270033927e-05
5699;陕西农村19年退休金50元/月。。。。现在估计也差不多，哎;1;0;1;55119;1.8142564270033927e-05
5705;海南房地产投资价值巨大！;1;0;1;55119;1.8142564270033927e-05
5711;有个屁;1;0;1;55119;1.8142564270033927e-05
5718;能，但是00后们就说不准了[doge];2;1;3;55119;5.442769281010178e-05
5771;23年的政府补贴，一部分发一部分没发，说没钱了，24年后面再发;1;0;1;55119;1.8142564270033927e-05
5774;老了就延迟退休年龄;1;0;1;55119;1.8142564270033927e-05
5778;把养孩子的钱省着自己养老不香吗？;3;26;29;55119;0.0005261343638309838
5813;真的嘛……[doge];4;0;4;55119;7.257025708013571e-05
5818;这么说怎么感觉有点此处无银三百两呢，更让人担心了[允悲];1;5;6;55119;0.00010885538562020356
5823;调高社保缴纳基础;1;2;3;55119;5.442769281010178e-05
5829;我们担心的是现在可以发放吗？我们担心的是以后[允悲][允悲];20;1674;1694;55119;0.03073350387343747
5850;明年要是再涨我就不交了。;44;467;511;55119;0.009270850341987337
5895;工资五分之一全交养老保险了;21;251;272;55119;0.004934777481449228
5917;应该研究一下农民怎么养老;20;288;308;55119;0.00558790979517045
5938;我交的钱可以给我家老人发点吗…;8;173;181;55119;0.0032838041328761406
5947;我爸妈养老金一个月200多，江苏农村，年轻的时候他们种地交公粮，还必须得交好粮，也为国家建设贡献力量，但是这个养老金差别太大了。;22;193;215;55119;0.0039006513180572942
5970;压根不用担心，现在社保费年年涨，绝对够用。不够就继续涨;15;195;210;55119;0.0038099384967071248
5986;拿我们交的钱给那些以前不用交社保的人发养老金;1;124;125;55119;0.0022678205337542407
5988;得了吧。一个月交那么多养老金，离谱。我能自己给自己养老吗。。。;10;68;78;55119;0.0014151200130626462
5999;昔人已乘黄鹤去，此地空余黄鹤楼;3;57;60;55119;0.0010885538562020356
6015;不好。;3;9;12;55119;0.00021771077124040712
6034;谁问你现在能不能发了，现在发的这批有交过吗？我们担心的是我们现在交的以后能发的出来吗？;2;0;2;55119;3.6285128540067854e-05
6052;农村老人一点保证都没有;1;2;3;55119;5.442769281010178e-05
6109;养老基金，像不像拆东墙补西墙？可能投资亏了，所以目前从年轻人里取，希望能拖到未来回本。;1;0;1;55119;1.8142564270033927e-05
6192;农民老了150元一个月，还要交380元的医保，保一年清0，农民以前交公粮，交农税，现在种粮食，，农民为什么才150元一个月？没有贡献吗？为什么？合理吗？？;1;2;3;55119;5.442769281010178e-05
6199;农民 100，体制内 10000，农民公粮，体制内最近 10 多年才开始交社保，呵呵呵呵呵，伟大的民族，为人民服务[喵喵];4;67;71;55119;0.0012881220631724088
6205;想问一下退休的公务员事业单业加工资也从社保出钱吗？怎么感觉他们偷偷加好多[笑cry];1;2;3;55119;5.442769281010178e-05
6221;不信！你们还说过：“只生一个好，政府来养老”;1;2;3;55119;5.442769281010178e-05
6230;我们不担心现在的，我们担心以后的我们自己的！[笑cry]我们担心的是，社保缴费基数还会不会连年增长？我们担心的是，我们是不是被牺牲的一代人？[笑cry][笑cry][笑cry];3;27;30;55119;0.0005442769281010178
6239;现在领养老金的那些人之前可都没交过养老金！！！艹 应该停止发放好吧;1;10;11;55119;0.0001995682069703732
6246;党员不发挥带头作用？和农民兄弟领一样养老金？;5;43;48;55119;0.0008708430849616285
6277;老铁，如何解毒？;1;0;1;55119;1.8142564270033927e-05
6427;怎么操作？;1;0;1;55119;1.8142564270033927e-05
6429;2019年之前的昵？;1;0;1;55119;1.8142564270033927e-05
6470;银行同意吗?;1;3;4;55119;7.257025708013571e-05
6483;2020年赣州首套住房利率下限是多少呢，不知道怎么查[允悲];1;0;1;55119;1.8142564270033927e-05
6489;组合贷里的商贷呢;1;0;1;55119;1.8142564270033927e-05
6501;那个下限一直没解读过;2;2;4;55119;7.257025708013571e-05
6513;lpr之前，上浮百分之多少的那种，当时的房贷政策利率下限是多少，没有公布啊;1;0;1;55119;1.8142564270033927e-05
6543;好事[给力];1;0;1;55119;1.8142564270033927e-05
6550;你提供除降价之外的一切利好，我提供除购买之外的一切支持。;1;30;31;55119;0.0005624194923710517
6565;这是楼卖不动了;1;2;3;55119;5.442769281010178e-05
6567;2019.10.8之前的不调整一下?;2;0;2;55119;3.6285128540067854e-05
6589;为什么不是自动降，还得去申请。申请是不是得审批。这一拖就2024年了。;2;3;5;55119;9.071282135016963e-05
6597;申请了人家不一定同意怎么办[doge];1;3;4;55119;7.257025708013571e-05
6599;2019.10.08之前的呢？;4;8;12;55119;0.00021771077124040712
6606;@沐沐的小阿飞;3;0;3;55119;5.442769281010178e-05
6617;关注;1;1;2;55119;3.6285128540067854e-05
6619;关注;1;0;1;55119;1.8142564270033927e-05
6621;关注一下;1;0;1;55119;1.8142564270033927e-05
6623;关注;1;0;1;55119;1.8142564270033927e-05
6625;关注@成都发布;1;0;1;55119;1.8142564270033927e-05
6627;关注;1;0;1;55119;1.8142564270033927e-05
6629;关注;1;0;1;55119;1.8142564270033927e-05
6631;关注;1;1;2;55119;3.6285128540067854e-05
6633;关注;1;0;1;55119;1.8142564270033927e-05
6635;关注;1;0;1;55119;1.8142564270033927e-05
6637;关注;1;0;1;55119;1.8142564270033927e-05
6639;关注[鲜花][鲜花];1;0;1;55119;1.8142564270033927e-05
6641;关注;1;0;1;55119;1.8142564270033927e-05
6643;关注[鲜花];1;0;1;55119;1.8142564270033927e-05
6645;[话筒];1;0;1;55119;1.8142564270033927e-05
6647;关注;1;0;1;55119;1.8142564270033927e-05
6651;19年10月之前的呢？;7;2;9;55119;0.00016328307843030534
6661;19年10月之前的呢？;1;1;2;55119;3.6285128540067854e-05
6666;是不是只要有房贷未还清的就可以申请降低利息啊？我首套房贷了20年还有10年，可以申请吗？;2;0;2;55119;3.6285128540067854e-05
6674;这，能不能说结果几个点？[允悲];5;0;5;55119;9.071282135016963e-05
6695;有懂的朋友嘛22年11月办的4.3 还能降吗;1;0;1;55119;1.8142564270033927e-05
6698;这个LPR数值是当时的LPR？还是现在的LPR;1;3;4;55119;7.257025708013571e-05
6709;昨天挨了两巴掌 今天只挨一个 真开心啊;20;55099;55119;55119;1.0
6730;笑死，这里面最好玩的不应该是仅仅只降了这么一点就没了40万吗？就这还指望人民群众感恩戴德？？;20;16099;16119;55119;0.2924399934686769
6751;是房子跌的我一夜没睡觉[允悲];18;9545;9563;55119;0.17349734211433443
6770;说的好像已经开始降了一样，需要协商的，说不定银行怎么折腾你呐[揣手];19;5531;5550;55119;0.1006912316986883
6790;五年存款利率从3一路下降到2.25。200万一年少掉1.5万，30年少45万。[doge]房贷省下来的钱，储户买单;17;4132;4149;55119;0.07527349915637076
6808;减息41万，房价跌没了100万，就好比股票分红1个点，当天低开低走跌没了5个点。这都是套路啊！;19;1832;1851;55119;0.0335818864638328
6828;有点好笑[允悲];28;1505;1533;55119;0.027812551025962008
6857;忽悠傻子[哈哈];22;848;870;55119;0.015784030914929515
6880;房子跌了200万;18;693;711;55119;0.012899363195994122
6899;炒作吧。首先要去申请，银行批不批呢。房地产现在怎么都救不活了;19;619;638;55119;0.011574956004281645
6919;银行存款利息越来越低，就是逼着储户们花钱，别再存钱了。降低人民群众的收入，提高人民群众消费水平，这就是大智慧，你们永远想不到这种谋略。。;34;362;396;55119;0.007184455450933435
6954;既然是浮动利率，那么经济好了，基准利率涨了，小陈的利率就又得涨回去[笑而不语]少了41万言之过早;29;303;332;55119;0.0060233313376512635
6984;不要高兴的这么早 谁知道什么时候又涨回去呢;18;298;316;55119;0.005733050309330721
7003;为什么不是直接自动降低，还要去跟银行协商？;33;241;274;55119;0.004971062609989296
7037;不懂就问：有那些房者激动得一夜没睡觉啦[疑问][疑问][疑问];30;201;231;55119;0.004190932346377837
7068;利息是少了不假，但是韭菜们现在有首付的钱吗[doge];16;179;195;55119;0.0035378000326566155
7085;你和人家什么关系，为什么人家睡不着第一时间告诉你啊[哼];5;154;159;55119;0.0028846677189353943
7091;都还没出细则呢;5;111;116;55119;0.0021045374553239353
7097;首套房直接自动降，而不是申请！这才是好消息！;11;123;134;55119;0.002431103612184546
7110;刚刚去买了几套，用的两成首付，然后贷款50年，保证不提前还;13;52;65;55119;0.0011792666775522053
7124;现在的房子除了刚需没人买，新房贵，二手房便宜都卖不出去，新房买到手就亏，都是有市五价，可能北上广深要好很多，其他城市惨不忍睹，我们小区从18年2.7万一平现在跌到最低1.9万那套挂了半个月还没卖出去;25;60;85;55119;0.0015421179629528838
7150;难道这不是应该的嘛[二哈]！房价上涨的时候购房者不得不买的时候，他在承受高房价的同时还不得不承受贷款银行过来宰你一刀🔪还不能反抗，没有老百姓存钱给银行🏦你银行怎么活下去，但却落井下石有啥好激动的;11;58;69;55119;0.001251836934632341
7162;老是这么搞 是资本家的手段吗 散播这种消息;1;49;50;55119;0.0009071282135016963
7164;房子，单边上涨，一定是不可持续的，然而一味看空，一味的无脑卖空也是不可行的。 国人的资产，一定要留在国内，而国内，作为资产的蓄水池，房地产不能占比过高，也不能短时间内出现被卖空的情况。我们应该鼓励创业，鼓励投资，政策不仅仅要呵护房市，更重要的是要解决就业，解决资产安全和活力升值。;5;39;44;55119;0.0007982728278814928
7170;[嘻嘻]少的41万，在8线小城又可以买一套房了～;4;38;42;55119;0.0007619876993414249
7175;房价涨了要骂房价跌了也骂[笑cry]真精彩;28;29;57;55119;0.001034126163391934
7205;我当时就没选LPR，就每个月固定挺好，涨涨降降的[允悲];13;10;23;55119;0.0004172789782107803
7220;政策力度不够大，这政策只能让有房贷的少一些压力，并不能刺激更多人买房。[开学季];1;23;24;55119;0.00043542154248081425
7235;感觉是为了让大家买房，挽留这两年的房市低迷，这样一来，担心房价上涨📈;2;3;5;55119;9.071282135016963e-05
7240;借款人可选择新发放贷款置换存量房贷，或者协商变更合同约定利率水平两种方式，调整存量首套住房商业性个人住房贷款。谁来解释解释看不懂;2;1;3;55119;5.442769281010178e-05
7245;这热搜，看来房地产真不行了;1;8;9;55119;0.00016328307843030534
7247;公积金贷款的呢？;6;4;10;55119;0.00018142564270033927
7284;6.1只能降到4.65[doge];1;4;5;55119;9.071282135016963e-05
7307;存量房贷利率怎么调？就是要符合贷款发放时当地的房地产政策，也就是不低于当时所在城市房贷利率政策的下限。这句话估计都看不懂，为什么？;1;2;3;55119;5.442769281010178e-05
7327;该哭还是该笑呢[思考];1;0;1;55119;1.8142564270033927e-05
7336;小编你能负责任讲吗？一线城市哪个能给你降到4.3？？？适合二三四线城市去存量;1;0;1;55119;1.8142564270033927e-05
7379;这样房价真要跌了感觉;1;1;2;55119;3.6285128540067854e-05
7537;刚刚东拼西凑 借遍了父母兄弟 丈母娘，凑够了首付，如果来个房产税，真的太难了，行行好吧，让年轻人看得见未来吧;1;0;1;55119;1.8142564270033927e-05
7543;全能分析师[中国赞];2;1;3;55119;5.442769281010178e-05
7546;26-28年适合买房也适用于北京吗[doge];1;1;2;55119;3.6285128540067854e-05
7548;哥，我想了想，这个税本质上其实是增加地方税收，对吗。我们这边一没有永久产权，二我们有土地出让金。所以其实无关房价，那这个税会不会只在第一波的恐慌情绪下，影响房价下跌一个小周期（6M）。然后就又慢慢维持高位震荡消化库存;4;0;4;55119;7.257025708013571e-05
7553;最近正好打算换个大平层，你这分析的我又打鼓了[允悲]分析也适用于强省会人口净流入的城市吗;1;0;1;55119;1.8142564270033927e-05
7555;但是中国现在有学区房的政策，出生率持续下降，有没可能房价高峰期已经过了呢[笑cry];1;0;1;55119;1.8142564270033927e-05
7557;李哥有个问题想请教一下你，最近出台的25年前完成海南封关计划成为自由贸易港岛，想问问这这个会是下一个香港吗，对于我们普通人有哪些利好吗，或者适合提早去那边布局吗;2;0;2;55119;3.6285128540067854e-05
7560;小李老师，北京和强二线城市房子什么时候卖？;1;0;1;55119;1.8142564270033927e-05
7562;那什么时候适合卖房;1;0;1;55119;1.8142564270033927e-05
7564;房产税只会在卖地收入锐减才会出来，还得好久;1;1;2;55119;3.6285128540067854e-05
7610;我们的目标就是北美式居住环境，我的希冀就是全部中国同胞不用坐电梯上楼。;1;2;3;55119;5.442769281010178e-05
7616;过桥费又不是中介公司独吞。成交量放大的话，中介费不是更香？视野能不能开阔点;1;0;1;55119;1.8142564270033927e-05
7636;带鸭？;1;0;1;55119;1.8142564270033927e-05
7641;我的想法是，这个除非是国家来承接！买房的人在缺心眼也不会去接，起码我不会！这就是接班还债，不是缺心眼的问题，真去接了，根本就是没长心[允悲];2;15;17;55119;0.00030842359259057676
7654;问题是，哪来那么多接盘侠;1;14;15;55119;0.0002721384640505089
7673;带押过户好像是房主以前的利率继续沿用，以前5.88的利率，新买家可不愿意;1;0;1;55119;1.8142564270033927e-05
7679;应该旗帜鲜明的反对房住不炒。;2;4;6;55119;0.00010885538562020356
7697;也就刚需能顶顶，可是刚需能拉动产业鬼才信;1;2;3;55119;5.442769281010178e-05
7724;“黑眼圈”都能去开会，真是无解！同时，也反映了西方利益集团势力之强大！;5;60;65;55119;0.0011792666775522053
7730;通胀没有不是更好吗？;2;3;5;55119;9.071282135016963e-05
7734;听君一席话，听君一席话啊！反正我的工资，一点起色都没有，甚至还缩水了。;8;5;13;55119;0.00023585333551044105
7765;消费，数字经济，国防军工[good][good][good];1;1;2;55119;3.6285128540067854e-05
7813;《家有九凤》;2;17;19;55119;0.0003447087211306446
7817;就真的不能拍一些以前勤劳的女性怎么做到妇女能顶半边天的剧情吗？老是拍重男轻女，现在古装剧重男轻女现代剧重男轻女。我想看女性奋斗史啊;2;2;4;55119;7.257025708013571e-05
7826;还是国管的提的多[悲伤];4;3;7;55119;0.0001269979498902375
7838;问题是咋执行呢，他要有钱就不烂尾了，退款的钱从哪里来[笑cry];1;0;1;55119;1.8142564270033927e-05
7841;粉葛跟柴葛有啥区别？;4;3;7;55119;0.0001269979498902375
7846;会不会很难冲啊，藕粉我冲不好;3;0;3;55119;5.442769281010178e-05
7850;我那天冲了一包30克来吃，纯葛根粉口感很好，结果下午和晚上都睡不着觉。十神汤用青皮的那个6克的，喝了又没事。我这体质和大部分人不一样。;2;0;2;55119;3.6285128540067854e-05
7853;泡葛根粉配点啥好？红糖？桂花？酒酿？;1;2;3;55119;5.442769281010178e-05
7855;脾阳虚的人不适合经常喝粥么？;1;0;1;55119;1.8142564270033927e-05
7857;这玩意儿开水是冲成糊糊嘛？然后加红糖水嘛？可不可以当早餐吃呢？;1;0;1;55119;1.8142564270033927e-05
7859;董大产妇可以喝嘛;1;1;2;55119;3.6285128540067854e-05
7861;哺乳期可以喝吗？;1;1;2;55119;3.6285128540067854e-05
7863;刚下了一单[给力];1;0;1;55119;1.8142564270033927e-05
7865;请问孕妇可以喝吗？;1;1;2;55119;3.6285128540067854e-05
7867;葛根粉有葛根淀粉和葛根全粉两种，您这里说的葛根粉应该是葛根全粉吧？;1;1;2;55119;3.6285128540067854e-05
7872;请问孕妇可以喝吗？;1;1;2;55119;3.6285128540067854e-05
7874;葛根粉有葛根淀粉和葛根全粉两种，您这里说的葛根粉应该是葛根全粉吧？;1;1;2;55119;3.6285128540067854e-05
7879;粉葛跟柴葛有啥区别？;4;3;7;55119;0.0001269979498902375
7884;会不会很难冲啊，藕粉我冲不好;3;0;3;55119;5.442769281010178e-05
7888;我那天冲了一包30克来吃，纯葛根粉口感很好，结果下午和晚上都睡不着觉。十神汤用青皮的那个6克的，喝了又没事。我这体质和大部分人不一样。;2;0;2;55119;3.6285128540067854e-05
7891;泡葛根粉配点啥好？红糖？桂花？酒酿？;1;2;3;55119;5.442769281010178e-05
7893;脾阳虚的人不适合经常喝粥么？;1;0;1;55119;1.8142564270033927e-05
7895;这玩意儿开水是冲成糊糊嘛？然后加红糖水嘛？可不可以当早餐吃呢？;1;0;1;55119;1.8142564270033927e-05
7897;董大产妇可以喝嘛;1;1;2;55119;3.6285128540067854e-05
7899;哺乳期可以喝吗？;1;1;2;55119;3.6285128540067854e-05
7901;刚下了一单[给力];1;0;1;55119;1.8142564270033927e-05
7903;请问孕妇可以喝吗？;1;1;2;55119;3.6285128540067854e-05
7905;葛根粉有葛根淀粉和葛根全粉两种，您这里说的葛根粉应该是葛根全粉吧？;1;1;2;55119;3.6285128540067854e-05
7927;都说年底或明年[doge];2;1;3;55119;5.442769281010178e-05
7933;第三届了，代玩必须收复;1;3;4;55119;7.257025708013571e-05
7935;都说年底或明年[doge];2;1;3;55119;5.442769281010178e-05
7941;第三届了，代玩必须收复;1;3;4;55119;7.257025708013571e-05
7986;我👀过了，这哥俩四月业绩都不如中海[笑cry];1;0;1;55119;1.8142564270033927e-05
7990;支持别的国家去了？;2;0;2;55119;3.6285128540067854e-05
7998;我👀过了，这哥俩四月业绩都不如中海[笑cry];1;0;1;55119;1.8142564270033927e-05
8002;支持别的国家去了？;2;0;2;55119;3.6285128540067854e-05
8037;五一假期大家的信心重建了[good];1;0;1;55119;1.8142564270033927e-05
8040;确实带动经济了，小区马路两边停车都全天收费了[允悲];1;0;1;55119;1.8142564270033927e-05
8044;弹与不弹，释放的意思本身就不一样，你细品[憧憬][憧憬];1;0;1;55119;1.8142564270033927e-05
8047;弹与不弹，释放的意思本身就不一样，你细品[憧憬][憧憬];1;0;1;55119;1.8142564270033927e-05
8052;没说改造啥呀;1;0;1;55119;1.8142564270033927e-05
8055;没说改造啥呀;1;0;1;55119;1.8142564270033927e-05
8057;是您自己读稿录制下来的声音吗，听着很伤嗓子啊，以后新闻较多用ai读我觉得是ok的能听清;2;0;2;55119;3.6285128540067854e-05
8062;[鲜花][赞];1;0;1;55119;1.8142564270033927e-05
8066;[鲜花][赞];1;0;1;55119;1.8142564270033927e-05
8070;城中村确实是顽疾，灯下黑的管理盲区;3;12;15;55119;0.0002721384640505089
8075;因为某些事跑百京城中村走访过好几次，只能说...这是21世纪？[怒];2;5;7;55119;0.0001269979498902375
8082;城中村确实是顽疾，灯下黑的管理盲区;3;12;15;55119;0.0002721384640505089
8087;因为某些事跑百京城中村走访过好几次，只能说...这是21世纪？[怒];2;5;7;55119;0.0001269979498902375
8091;平急两用。。。。。。是啥=0=;5;4;9;55119;0.00016328307843030534
8099;W A R;5;0;5;55119;9.071282135016963e-05
8111;你好[打call];1;1;2;55119;3.6285128540067854e-05
8113;陌生[doge];1;0;1;55119;1.8142564270033927e-05
8119;无房的怎么有的公积金贷款？;2;0;2;55119;3.6285128540067854e-05
8136;请问是大兴哪个安置房？;10;0;10;55119;0.00018142564270033927
8154;换汤不换药，其实是话语的重新诠释;1;0;1;55119;1.8142564270033927e-05
8352;[话筒][话筒];1;0;1;55119;1.8142564270033927e-05
8354;？这不是昨天的吗;1;0;1;55119;1.8142564270033927e-05
8372;[鲜花][鲜花][鲜花];4;13;17;55119;0.00030842359259057676
8377;[干饭人][干饭人][干饭人]早安;5;13;18;55119;0.0003265661568606107
8383;[爱你][爱你][爱你];5;13;18;55119;0.0003265661568606107
8412;春风正好，万物可爱，人间值得，三月再见，四月你好；愿你心中有爱，遇见美好。希望在新的一个月，你事事顺心，天天好心情，好运不断，喜事连连，美梦成真！;1;2;3;55119;5.442769281010178e-05
8416;[礼物][礼物][礼物][音乐][音乐][音乐];1;4;5;55119;9.071282135016963e-05
8418;[微风][微风][微风][微风];1;4;5;55119;9.071282135016963e-05
8420;[心][心][心][心];1;4;5;55119;9.071282135016963e-05
8422;[礼物][礼物][礼物][礼物][礼物];1;4;5;55119;9.071282135016963e-05
8424;[音乐][音乐][音乐][音乐][音乐];1;4;5;55119;9.071282135016963e-05
8426;友早上好，周末愉快[咖啡][微风][鲜花];1;2;3;55119;5.442769281010178e-05
8428;回复@笑嫣然1202 的表态:上午好[鲜花][礼物];1;2;3;55119;5.442769281010178e-05
8430;回复@耕耘天地333 的表态:开心每天;1;1;2;55119;3.6285128540067854e-05
8432;回复@耕耘天地333 的表态:万事如意;1;1;2;55119;3.6285128540067854e-05
8434;好友，周末愉快[微笑][握手][赞][音乐][鲜花][微风];1;1;2;55119;3.6285128540067854e-05
8436;[心][鲜花][鲜花][鲜花];1;1;2;55119;3.6285128540067854e-05
8438;友友周末好[爱你][爱你][爱你];1;1;2;55119;3.6285128540067854e-05
8440;好友上午好！周六愉快。[干杯][干杯][鲜花][鲜花][鲜花];1;1;2;55119;3.6285128540067854e-05
8442;回复@榕下夜 的表态:美友上午好[鲜花][鲜花];1;2;3;55119;5.442769281010178e-05
8473;回复@二木_201504_扈林原创歌词_诗词 的表态:上午好[心][微风];1;2;3;55119;5.442769281010178e-05
8480;回复@二木_201504_扈林原创歌词_诗词 的表态:早上好[心][心];1;2;3;55119;5.442769281010178e-05
8485;回复@flyz枫林叶子 的表态:下午好[微风][心];1;1;2;55119;3.6285128540067854e-05
8487;回复@闲看雨落听花语 的表态:早上好[握手][心];1;1;2;55119;3.6285128540067854e-05
8489;周末愉快！[鲜花][鲜花];1;1;2;55119;3.6285128540067854e-05
8491;精彩佳作美博欣赏！[赞][赞][赞啊][赞啊];1;1;2;55119;3.6285128540067854e-05
8493;图片评论 http://t.cn/A6NL8rix;1;1;2;55119;3.6285128540067854e-05
8495;早上好[音乐][音乐];1;2;3;55119;5.442769281010178e-05
8502;[赞][赞][赞];1;0;1;55119;1.8142564270033927e-05
8504;[话筒][话筒];1;1;2;55119;3.6285128540067854e-05
8506;[赞啊];1;0;1;55119;1.8142564270033927e-05
8508;支持你;1;0;1;55119;1.8142564270033927e-05
8510;【CBA联赛赛程与成绩】http://t.cn/A6CzACUn;1;0;1;55119;1.8142564270033927e-05
8512;奋斗过程拿的住市场，更要拿的住自己！[赞][赞][赞];1;0;1;55119;1.8142564270033927e-05
8514;曲老师周末愉快，中国体育现在是臭大街了，各种新闻[允悲];1;0;1;55119;1.8142564270033927e-05
8518;男足解散[哈哈];1;0;1;55119;1.8142564270033927e-05
8521;先生我很好奇，八字能分析出具体哪年买房吗？;2;0;2;55119;3.6285128540067854e-05
8524;大师可以看下袁一琦八字吗🙏;1;0;1;55119;1.8142564270033927e-05
8528;你是外国人吗？是间谍吗？你没看出来这仅仅是玩了个文字游戏吗。“拆迁”改为“搬迁”，当然没有拆迁户了，以后叫搬迁户而已。;2;2;4;55119;7.257025708013571e-05
8531;可以展开讲讲吗;1;1;2;55119;3.6285128540067854e-05
8535;改个名字而已！;1;1;2;55119;3.6285128540067854e-05
8537;一定后悔;1;0;1;55119;1.8142564270033927e-05
8539;[允悲][允悲][允悲];1;2;3;55119;5.442769281010178e-05
8544;拆到你吗[笑cry];1;0;1;55119;1.8142564270033927e-05
8553;还有哪些坐吃租金的包租公婆，必须从制度上铲除这些不劳而获的土壤[打call];1;5;6;55119;0.00010885538562020356
8555;不要酸，没拆的已经没有补偿了[doge];2;0;2;55119;3.6285128540067854e-05
8558;可以选择不腾退吗;1;0;1;55119;1.8142564270033927e-05
8560;还是允许置换和货币化安置，这和拆迁有什么区别;1;7;8;55119;0.00014514051416027142
8575;富哥v我50看实力[奋斗][奋斗][爱你][爱你];2;1;3;55119;5.442769281010178e-05
8580;感觉没有区别🙉不懂为什么要限制补偿面积，请教您一下，那不是会给开发商更大的现金流压力吗？;7;0;7;55119;0.0001269979498902375
8588;补偿安置房和现在回迁房有什么区别吗？;6;0;6;55119;0.00010885538562020356
8595;这个主要是指农村那种拆迁户吧，城市里本来就是一户一宅;1;0;1;55119;1.8142564270033927e-05
8600;徐州博物馆[嘻嘻] http://t.cn/A6NL4YgA;2;1;3;55119;5.442769281010178e-05
8603;挺帅的[偷笑];1;1;2;55119;3.6285128540067854e-05
8608;换个说法;1;2;3;55119;5.442769281010178e-05
8610;不知道呢;1;14;15;55119;0.0002721384640505089
8612;这个利大于弊;1;13;14;55119;0.000253995899780475
8614;来了;1;10;11;55119;0.0001995682069703732
8616;不明白;1;7;8;55119;0.00014514051416027142
8618;拆迁户已成过往了？;1;6;7;55119;0.0001269979498902375
8620;[春游家族][春游家族][春游家族];1;2;3;55119;5.442769281010178e-05
8622;来了[喵喵];1;2;3;55119;5.442769281010178e-05
8625;来了;1;2;3;55119;5.442769281010178e-05
8627;拆了的喊好，没拆的喊不好;1;2;3;55119;5.442769281010178e-05
8641;没拆的是不是已经开始闹腾了[喵喵];1;1;2;55119;3.6285128540067854e-05
8646;啊[跪了]这么牛的吗;1;0;1;55119;1.8142564270033927e-05
8652;应该说不公平的太多了[doge][doge];1;0;1;55119;1.8142564270033927e-05
8664;这样一看，运河的地也就两年左右的供应量就结束了;3;4;7;55119;0.0001269979498902375
8700;听你那语气，很希望俄罗斯输，以美国为代表的代理人战争赢？最后赢得必是俄罗斯;1;0;1;55119;1.8142564270033927e-05
8702;你很棒！台北見！;1;0;1;55119;1.8142564270033927e-05
8704;大家好。今天脱单，明天开始穿两件。;1;1;2;55119;3.6285128540067854e-05
8706;向日葵这次要放弃太阳了。;1;1;2;55119;3.6285128540067854e-05
8708;骏马是跑出来的，强兵是打出来的。 ;1;1;2;55119;3.6285128540067854e-05
8710;夜光隐约中过西窗，音乐循环着悲伤的调子。;1;1;2;55119;3.6285128540067854e-05
8712;他人爱莫能助;1;1;2;55119;3.6285128540067854e-05
8714;有一种缘，放手后成为风景，有一颗心，坚持中方现真诚。 ;1;1;2;55119;3.6285128540067854e-05
8716;人要认识发现自己，而在孤独沉思时，是比较容易认识发现自己的。  ;1;1;2;55119;3.6285128540067854e-05
8718;以前我用头过日子，遇到你后，我开始用心过日子。;1;1;2;55119;3.6285128540067854e-05
8720;面对热爱要不留余力的喜欢。;1;1;2;55119;3.6285128540067854e-05
8722;不要为已消逝之年华叹息，须正视欲匆匆溜走的时光。  ;1;1;2;55119;3.6285128540067854e-05
8724;相信他说的话，但不要当真。  ;1;1;2;55119;3.6285128540067854e-05
8726;您真是宝藏;1;1;2;55119;3.6285128540067854e-05
8733;转发微博;1;0;1;55119;1.8142564270033927e-05
8792;多少钱，哪个小区;1;0;1;55119;1.8142564270033927e-05
8805;清理低端 仁口，40岁以上不给租。估计是要打造青年型城市了;1;14;15;55119;0.0002721384640505089
8810;深圳的房租对比上海北京已经具有一定的友好性了。起码在相较于cbd适合距离的前提上3000块想租正经的房子非老破小城中村而是正经的好几十接近百平米的小区房还是可以实现的。就是整体的周边的大环境就那个样一般般，上海稍微好一些，北京吧也挺一般的。如果能屈得下身还有大把城中村选择。;1;2;3;55119;5.442769281010178e-05
8812;真是做到了不与民分利的极致;3;5;8;55119;0.00014514051416027142
8817;总量不增加，效果如何？;2;0;2;55119;3.6285128540067854e-05
8828;城中村还是得忚姆的拆。楼房密度太高了根本受不了。深圳也不是说完全没土地，现在管东莞要地应该要不来了姆的🤪，不过东部还是有些余量能用用的。不过这里就涉及城市规划了，看开不开窍了。姆的深圳北站一个叫北站的站居然其实在深圳地区的地理中心位置，中心位置他叫北站忚姆的你说这些人呃不呃心。;2;0;2;55119;3.6285128540067854e-05
8832;深圳的保障房越来越多了[中国赞];2;8;10;55119;0.00018142564270033927
8835;[鼓掌][鼓掌];1;8;9;55119;0.00016328307843030534
8837;不错[吃瓜];1;8;9;55119;0.00016328307843030534
8839;多一点保障房挺好的[doge];1;8;9;55119;0.00016328307843030534
8842;保障房多一点，商品房会降吗;1;6;7;55119;0.0001269979498902375
8844;2316/4022 http://t.cn/A6pa6tKy;2;10;12;55119;0.00021771077124040712
8847;咳嗽好点没？昨天直播那是肺都咳出来了，六月说能不能吃个小鱼干口味的肺片;2;2;4;55119;7.257025708013571e-05
8850;紫金新的一期？;2;0;2;55119;3.6285128540067854e-05
8853;早;1;2;3;55119;5.442769281010178e-05
8855;一升一降;1;1;2;55119;3.6285128540067854e-05
8857;盐蒸橙子，梨水，不知道那个有作用，反正首次新冠咳了俩月，吃这些好的。;1;0;1;55119;1.8142564270033927e-05
8859;[艾尔海森];1;0;1;55119;1.8142564270033927e-05
8861;老咳嗽，一定要去做个低剂量胸部CT;1;0;1;55119;1.8142564270033927e-05
8863;小白早[鲜花];1;0;1;55119;1.8142564270033927e-05
8866;对前湾的一腔热血看得我心潮澎湃，高饭店村周边小路曾经跑了无数遍，能看到现在这番大规模建设的模样真是太好了[喵喵];1;0;1;55119;1.8142564270033927e-05
8868;桂语麓境业主祝愿天府前湾慢慢起飞🛫[笑cry][笑cry][笑cry];1;1;2;55119;3.6285128540067854e-05
8870;[哈哈]前湾铁粉，有你这股热情，前湾一定会有光亮的一天。;1;1;2;55119;3.6285128540067854e-05
8872;写的很用心 赞  一直在转发你的微博到业主群  大号微博不能评论，换了个小号来支持;1;0;1;55119;1.8142564270033927e-05
8874;麓湾与璟园期待领导来视察，确实能从文字中看书对前湾深深的爱[good][good];1;0;1;55119;1.8142564270033927e-05
8876;把“站岗”“套牢”说的如此清新脱俗的你是微博第一个;7;0;7;55119;0.0001269979498902375
8896;你好，你感兴趣的“央行数字货币”已开通了超话社区～ 超话社区是微博旗下兴趣互动社区，快来与志同道合的小伙伴们一起交流互动吧！ 戳我进入>> #央行数字货币[超话]#;1;0;1;55119;1.8142564270033927e-05
8898;存量不降的话，让我们一起维权人行吧[打call][打call][打call][打call][打call][允悲];1;4;5;55119;9.071282135016963e-05
8906;[good];1;2;3;55119;5.442769281010178e-05
8908;[good];1;0;1;55119;1.8142564270033927e-05
8910;[打call][打call][打call][打call][打call];1;0;1;55119;1.8142564270033927e-05
8914;这里有比较大概率下跌是把？;3;0;3;55119;5.442769281010178e-05
8940;[小黄人剪刀手];1;0;1;55119;1.8142564270033927e-05
8943;[汗];1;0;1;55119;1.8142564270033927e-05
8948;除了银行、地产，恐怕更利好科技。[吃瓜][酷];1;1;2;55119;3.6285128540067854e-05
8993;100 万贷款，30 年，总共少 2.1 万。每天 2 块钱[二哈];2;16;18;55119;0.0003265661568606107
8996;货币政策已经失效了，不懂为什么还要一直这样;1;17;18;55119;0.0003265661568606107
9035;这节奏带的，上来就是公信力低，本来一个好事变成了抹黑。这和公信力没有关系，这纯粹是租客担心房子品质上去了租金涨价而已，本质上是市场行为而已。;2;0;2;55119;3.6285128540067854e-05
9055;深圳的保障房越来越多了;1;7;8;55119;0.00014514051416027142
9057;[中国赞];1;7;8;55119;0.00014514051416027142
9059;改造的挺多的;1;7;8;55119;0.00014514051416027142
9061;前段时间的政策也是说要推进城中村改造;1;7;8;55119;0.00014514051416027142
9063;计划要改造五万多套城中村？在哪里改呀;1;8;9;55119;0.00016328307843030534
9072;新建商品房容积率也不管一管;1;0;1;55119;1.8142564270033927e-05
9078;这节奏带的，上来就是公信力低，本来一个好事变成了抹黑。这和公信力没有关系，这纯粹是租客担心房子品质上去了租金涨价而已，本质上是市场行为而已。;2;0;2;55119;3.6285128540067854e-05
9126;清理低端 仁口，40岁以上不给租。估计是要打造青年型城市了;1;14;15;55119;0.0002721384640505089
9131;深圳的房租对比上海北京已经具有一定的友好性了。起码在相较于cbd适合距离的前提上3000块想租正经的房子非老破小城中村而是正经的好几十接近百平米的小区房还是可以实现的。就是整体的周边的大环境就那个样一般般，上海稍微好一些，北京吧也挺一般的。如果能屈得下身还有大把城中村选择。;1;2;3;55119;5.442769281010178e-05
9133;真是做到了不与民分利的极致;3;5;8;55119;0.00014514051416027142
9138;总量不增加，效果如何？;2;0;2;55119;3.6285128540067854e-05
9149;城中村还是得忚姆的拆。楼房密度太高了根本受不了。深圳也不是说完全没土地，现在管东莞要地应该要不来了姆的🤪，不过东部还是有些余量能用用的。不过这里就涉及城市规划了，看开不开窍了。姆的深圳北站一个叫北站的站居然其实在深圳地区的地理中心位置，中心位置他叫北站忚姆的你说这些人呃不呃心。;2;0;2;55119;3.6285128540067854e-05
9162;如果有一个给力的队友，可以生。队友不给力就算了。育儿不是自己一个人能完成的。[泪];3;17;20;55119;0.00036285128540067854
9166;这个没必要纠结的，一是看钱够不够，二是看人手够不够，人手够不够的具体意思是生完二胎家里还有没有可以不看孩子的机动人员（还能不能有人闲着），如果二胎生的全家连轴转，那就慎重考虑，因为孩子或者大人一旦生病就没有人可以顶上去了。我家没有人可以看老二，所以不生，就这么简单。;3;20;23;55119;0.0004172789782107803
9170;每一个选择都有好处与坏处的，所以遵从自己内心的想法就好，现在社交平台的主流思想就是你说生二胎，下面一大堆说重男轻女，生三胎的，更别说了，被攻击死。最搞笑的是外国ip的话，评论就会觉得哇…你们很爱小孩[笑cry];4;4;8;55119;0.00014514051416027142
9176;我觉得最重要的是队友给不给力，摆在第一位！;1;3;4;55119;7.257025708013571e-05
9183;关注了很多育儿博主，大都取关了。只有小土的观点最客观[good];1;0;1;55119;1.8142564270033927e-05
9220;是的，我们都有选择的权利;28;0;28;55119;0.00050799179956095
9249;自己想生就生;28;0;28;55119;0.00050799179956095
9278;养孩子不容易。;29;0;29;55119;0.0005261343638309838
9308;自己喜欢生几个就几个，养孩子不是容易的事。;6;1;7;55119;0.0001269979498902375
9315;如果想要孩子 不用劝就要了，养个孩子多不容易！;3;1;4;55119;7.257025708013571e-05
9323;真的是不管三七二十一上来就催生的人，太可恨了;1;1;2;55119;3.6285128540067854e-05
9326;能不能不催生啊 现在的社会压力这么大 没有钱养啊;2;1;3;55119;5.442769281010178e-05
9330;现在这社会就业都解决不了 怎么能有钱再养孩子压力太大了;1;1;2;55119;3.6285128540067854e-05
9336;现在这环境主要生几个也养不起呀;2;2;4;55119;7.257025708013571e-05
9345;导师让我抓紧时间发c刊[你好];1;0;1;55119;1.8142564270033927e-05
9348;我叔叔17年12月生的二胎，那时候妇产医院也可火了，所以孩子晚点生挺好的;17;45;62;55119;0.0011248389847421034
9366;我闺女15年7月的，21年硬着头皮去上小学，孩子年纪太小，但不上下一年就赶上二胎大部队了;12;13;25;55119;0.0004535641067508482
9379;前天刚问你生孩子的事，今天就这个新闻，还是听你的一个就行了[笑cry];3;7;10;55119;0.00018142564270033927
9383;我家二宝17年9月几号的，今年小学报名时直接不让交资料报名，想想也可以，今年人太多了，晚一年读错过这高峰期也不错;17;12;29;55119;0.0005261343638309838
9401;16年的产科火爆到什么程度呢，剖腹产的都住不进去病房，只能住走廊。当时陪护人员不限，产科是最嘈杂的病区了，根本就休息不好。产妇想去厕所都是借用病房的厕所。产后护理的时候一点隐私都没有，别提多遭罪了。;16;28;44;55119;0.0007982728278814928
9418;我家是去年年底生的，上学的话算今年的，也不知道今年的出生率怎么样[允悲];8;3;11;55119;0.0001995682069703732
9427;看来没小孩儿可以少掉50%的烦恼;4;18;22;55119;0.0003991364139407464
9432;2016年小孩去年就上小学了呀。今年是2017年的孩子小学呀[费解];6;1;7;55119;0.0001269979498902375
9439;本上的原因是2016年很多二胎的到来占用了人家一胎的社会资源……这句话很不对！！根本原因是国家资源分配不均，咋还埋怨人家生二胎了！！;3;11;14;55119;0.000253995899780475
9443;扎心的一胎16年，2胎23年[苦涩][苦涩];8;1;9;55119;0.00016328307843030534
9452;总之，八零后九零后被坑的彻彻底底？;2;16;18;55119;0.0003265661568606107
9455;干脆给孩子留一年，晚一点上小学;5;0;5;55119;9.071282135016963e-05
9461;一胎，16年12月，小学至少20个班，真的很担心所有配套跟不跟得上;3;6;9;55119;0.00016328307843030534
9465;16年一胎，22年二胎的我[笑cry];8;4;12;55119;0.00021771077124040712
9474;我儿子是15年10月的 正好晚上学 跟16年属猴的一起上学 那年又是什么金猴 又是二胎放开 那些觉得属羊命不好的 都在2016年生 我到现在都不能释怀他晚上学的事儿 就感觉太亏了[泪];3;6;9;55119;0.00016328307843030534
9478;我就是例子，结婚后兴冲冲的怀一胎，刚怀上没俩月国家放开二胎了…迟迟不敢要二胎，最后意外怀孕了，结果国家放开了三胎…懵逼;3;5;8;55119;0.00014514051416027142
9482;是啊，二胎放开导致今明两年小学学位巨紧张，我都在考虑要不要让孩子多读一年幼儿园;2;3;5;55119;9.071282135016963e-05
9485;我家20年6月的，三人间中间床位没住满;2;1;3;55119;5.442769281010178e-05
9488;我儿子16年生的，生的时间我住在电梯口，现在我儿子因为自身原因，需要缓学，现在想想，是不是也有点因祸，错开了这么个大拥挤的时段！;2;5;7;55119;0.0001269979498902375
9491;18年多不多啊？;2;1;3;55119;5.442769281010178e-05
9494;稍微好一点的是我家是16年4月的，咱也没关注人家二胎政策啊[允悲]自己顺其自然的生了一胎，感觉好委屈;3;1;4;55119;7.257025708013571e-05
9498;不看不知道，二胎意外15年1月生的，刚生就放开二胎了，真是她自己选的时间正好;2;5;7;55119;0.0001269979498902375
9502;我娃原本8月31的预产期，小家伙推了一个礼拜才出来，当时朋友们一个个劝我赶在9月1号之前剖出来。咱就说，啥事都算不准的。;3;2;5;55119;9.071282135016963e-05
9506;明年出生的孩子会多吗;2;0;2;55119;3.6285128540067854e-05
9509;都是缘分吧 可能再迟点 也不好怀了 我就在想我要是迟点要宝宝就好了 但是这几年体检发现都是缘分 我本身体质不太容易怀孕[允悲];1;0;1;55119;1.8142564270033927e-05
9511;我想知道我们县公立幼儿园去年招120人，今年招170人，这这增加是有什么内幕在里面吗？我看不懂[笑cry];1;0;1;55119;1.8142564270033927e-05
9513;看完这段话就想到天津就是这样，结果一看博主定位，就是天津的…;1;1;2;55119;3.6285128540067854e-05
9527;我们是晚婚晚育的一胎啊 赶上了有什么办法[允悲];1;1;2;55119;3.6285128540067854e-05
9586;不是14年放开的二胎吗？;1;0;1;55119;1.8142564270033927e-05
9596;我们就一胎，17年8月19出生的，真是运气不太好，今年深圳学位太紧张了[裂开][裂开][裂开];5;0;5;55119;9.071282135016963e-05
9606;@1204xfmq;1;0;1;55119;1.8142564270033927e-05
9610;崔谁;1;0;1;55119;1.8142564270033927e-05
9619;广东人不用鼓励都不停的生，身边最少两个，还有三个四个的。看到这个词条只能笑笑[嘻嘻];3;0;3;55119;5.442769281010178e-05
9674;我也支持你说的;2;1;3;55119;5.442769281010178e-05
9680;现在的广东人基本都想生个女儿[喵喵];2;0;2;55119;3.6285128540067854e-05
9685;让公务员事业单位生吧，我生得起也养不起;6;14;20;55119;0.00036285128540067854
9692;996先解决了再说吧，真的没精力谈恋爱搞家庭，被kpi压弯了腰;1;5;6;55119;0.00010885538562020356
9694;补贴不解决问题，服务好才是关键，孩子出生对现在的家庭影响太大，一定要搞好托儿工作，解放家庭成员，这样才能解年轻人的生育之忧！;5;4;9;55119;0.00016328307843030534
9700;全职妈妈职业化，发工资;1;1;2;55119;3.6285128540067854e-05
9703;看来不久的将来应该会全面放开计划生育了[笑cry][笑cry][笑cry];2;0;2;55119;3.6285128540067854e-05
9715;生育大省居然不是山东？;1;0;1;55119;1.8142564270033927e-05
9717;两条腿的男人遍地都是[允悲];2;2;4;55119;7.257025708013571e-05
9723;你个人不能代表全省啊，再说这两者没关系吧。;6;0;6;55119;0.00010885538562020356
9734;深户也读不到吗[泪];3;0;3;55119;5.442769281010178e-05
9738;什么时候提高工资再来说话吧[允悲]工资低物价又高，自己都养不活过不好，还让孩子来跟着我受罪[允悲]少开玩笑了[笑cry];6;8;14;55119;0.000253995899780475
9745;可是这一批领导和当年不是同一批[思考];1;1;2;55119;3.6285128540067854e-05
9747;这谁应得的啊;1;0;1;55119;1.8142564270033927e-05
9750;[哆啦A梦害怕]你的评论区有活人吗;1;0;1;55119;1.8142564270033927e-05
9761;涛粉早！ 深刻的理解重点国家战略——牛股摇篮战的略意义，去年下半年全力以支持科技，才有了上半年科技股波澜壮阔的行情。今年的下半年国家全力以赴刺激拉动消费，出手点是消费下行终结周期，基本面与技术面完美重合。早间签到，铁子们集合，早安，么么哒！[作揖];3;8;11;55119;0.0001995682069703732
9853;[浪][鲜花][浪][给力];1;1;2;55119;3.6285128540067854e-05
9858;现在不是下半年？;1;1;2;55119;3.6285128540067854e-05
9867;满100减5元[馋嘴][馋嘴][馋嘴];1;0;1;55119;1.8142564270033927e-05
9872;为什么是刺激消费，而不是扩大就业和提高收入。没有钱，那就真的是刺激了;1;1;2;55119;3.6285128540067854e-05
9896;希望明天金融给力，开启一波挣钱效应。[哈哈];2;0;2;55119;3.6285128540067854e-05
9900;[太阳];1;0;1;55119;1.8142564270033927e-05
9908;在京购房不能按月提取，差评！;1;0;1;55119;1.8142564270033927e-05
9914;涛粉早！ 深刻的理解重点国家战略——牛股摇篮战的略意义，去年下半年全力以支持科技，才有了上半年科技股波澜壮阔的行情。今年的下半年国家全力以赴刺激拉动消费，出手点是消费下行终结周期，基本面与技术面完美重合。早间签到，铁子们集合，早安，么么哒！[作揖];3;8;11;55119;0.0001995682069703732
10037;关注;1;1;2;55119;3.6285128540067854e-05
10039;关注;1;0;1;55119;1.8142564270033927e-05
10050;我就是5.88的大怨种[泪];2;0;2;55119;3.6285128540067854e-05
10085;存量房贷选固定利率的有希望了;1;0;1;55119;1.8142564270033927e-05
10101;我在拼多多买过东西，因为物流一直不到。我申请了退款，直接弹出来仅退款无需退货。后来快递还是收到了，我私底下给商家转了商品钱。因为东西确实收到了啊。;4;24;28;55119;0.00050799179956095
10106;有人编段子，说手机上有淘宝app而没拼多多的，此人大叔无疑。;3;5;8;55119;0.00014514051416027142
10110;这种可以减少刷单，增加刷单的成本，要不刷单太严重了;1;11;12;55119;0.00021771077124040712
10116;拼多多店铺两个订单已经拉扯近一个月了，40元左右的价格，聊天页面什么也不说，申请仅退款，可能这两个人退得多了没有被秒退，我们还可以驳回，一个是时间到了重新申请。一个是我们今天驳回，他明天就申请，说东西扔了，说我们是奸商。;1;0;1;55119;1.8142564270033927e-05
10133;拼多多对于商家是很不友好，上面说的情况都是属实，而且感觉这个平台的消费者素质相对差，很多奇葩事。不过我现在也成了拼多多的忠实用户，百分之九十的东西在拼多多上买，很少踩雷，只在品牌官方旗舰店买，平均价格要比其他品牌便宜百分之二十左右。;1;10;11;55119;0.0001995682069703732
10144;深圳经过这一轮下跌，新生代的买房人心态会谨慎很多。;1;0;1;55119;1.8142564270033927e-05
10149;何必担忧，不断流导致大乱，何来醒悟与大治？没有断流的惨痛何能面对纠错的舆论压力，等出问题再来纠正，责任就小多了，这不就是庄公的故事吗。他懂的。;1;3;4;55119;7.257025708013571e-05
10169;意思是房产税要收起来了啊[吃瓜];1;1;2;55119;3.6285128540067854e-05
10184;二手房的出售价低于当初的购买价格，成都市的税务部门为什么还要继续强行全额增收“增值税”？？房子都没有增值，为什么要强行增收“增值税”？？;1;2;3;55119;5.442769281010178e-05
10190;个人首套房契税减免多少啊？政策开始实施了吗;1;0;1;55119;1.8142564270033927e-05
10192;没看到二套契税减少啊;1;0;1;55119;1.8142564270033927e-05
10208;没有用啊;1;0;1;55119;1.8142564270033927e-05
10211;完了，苏州规划看来e大觉得点评的价值都没有了[允悲];1;0;1;55119;1.8142564270033927e-05
10230;加杠杆不是终极目标，加是为了什么得再深入想想？有钱了可以干嘛？对全国经济有没有好处;1;0;1;55119;1.8142564270033927e-05
10232;支持;1;1;2;55119;3.6285128540067854e-05
10234;绳子最终松绑与否要看未来经济是否向好，经济是否向好要看大众收入是否普遍提高，如果民众收入低问题不解决再放开房地产市场恐怕经济也得不到好转。;1;1;2;55119;3.6285128540067854e-05
10238;大家买房去库存后开征房产税是不是有点卸磨杀驴的意思[允悲]。;1;0;1;55119;1.8142564270033927e-05
10245;一天天想着土地财政，琢磨着怎么卖房子怎么让老百姓买房子[赞][赞][赞];3;0;3;55119;5.442769281010178e-05
10249;你好，你感兴趣的“房地产”已开通了超话社区～ 超话社区是微博旗下兴趣互动社区，快来与志同道合的小伙伴们一起交流互动吧！ 戳我进入>> #房地产[超话]#;1;0;1;55119;1.8142564270033927e-05
10251;没有收入谁都挺不住。0杠杆都停不住。;1;6;7;55119;0.0001269979498902375
10256;春雷滚滚，不见下雨。;1;1;2;55119;3.6285128540067854e-05
10280;首付越少，贷款就越多，还贷支付的利息就越重。;1;1;2;55119;3.6285128540067854e-05
10285;左顾而言它，就是不降价，刚改何堪。;1;1;2;55119;3.6285128540067854e-05
10292;看市场;1;0;1;55119;1.8142564270033927e-05
10297;但我确实被取悦了[doge];2;118;120;55119;0.0021771077124040712
10300;房地c税…事实上就是将地方财源从卖地收入替换为这个。考虑到税基是房价，那么就需要房价上涨或者横盘的时候才是出台的时机。现在的条件不满足。[思考];10;45;55;55119;0.000997841034851866
10311;[坏笑]我发现一个事情，天哥女粉不多，有的大多是真爱粉;7;15;22;55119;0.0003991364139407464
10319;☝️;2;35;37;55119;0.0006712748779912552
10333;发的文件很好，就怕到时候落实成“自愿”放弃补偿退出;3;35;38;55119;0.0006894174422612892
10341;先让现在正式工，公务员家里有宅基地的，服从党的号召，主动自愿退出宅基地！;1;3;4;55119;7.257025708013571e-05
10371;给的补偿那么多够在城市中买房子么？！问过农民愿意不愿意了么？！每次出了窟窿眼就找农民，要不要只盯着农民欺负！;1;16;17;55119;0.00030842359259057676
10388;周律师您好，您觉得政策对房价长短期有什么影响，随便说说[允悲]，可以吗;1;0;1;55119;1.8142564270033927e-05
10399;这是没降吗;1;0;1;55119;1.8142564270033927e-05
10417;特别讨厌现在听到说要有定力，定你老m;1;13;14;55119;0.000253995899780475
10419;存量贷款不降，消费啥？;4;9;13;55119;0.00023585333551044105
10432;啥叫5年期，我贷款20年，按5年算还是1年算;3;0;3;55119;5.442769281010178e-05
10436;牛b啊，就是不降低存量房贷利率。;3;0;3;55119;5.442769281010178e-05
10447;存量房贷利率到底什么时候能降？！！！[泪];1;17;18;55119;0.0003265661568606107
10449;没希望了，省吃俭用提前还贷吧;1;10;11;55119;0.0001995682069703732
10457;必须提前还房贷，根本就不把存量房的人当人，消费起不来关我屁事;1;8;9;55119;0.00016328307843030534
10461;[允悲]房贷利率下降的预期落空了唉，一年期都降了，五年期却不降;2;2;4;55119;7.257025708013571e-05
10493;刺激消费，降低存量房贷利率靠的是口号吗[doge];2;2;4;55119;7.257025708013571e-05
10502;暴跌;1;0;1;55119;1.8142564270033927e-05
10506;雄鸡变铁公鸡，只想进不想出！挖空心思想着割韭菜，看你可以耗多久;1;9;10;55119;0.00018142564270033927
10508;明白啥啊，房价要自由落体了[good];2;3;5;55119;9.071282135016963e-05
10511;说多了只会越捂越紧钱包;1;1;2;55119;3.6285128540067854e-05
10513;坏得狠，这个时候都想把债务转嫁给接盘侠;1;0;1;55119;1.8142564270033927e-05
10515;你倒是出啊，别光喊啊;1;3;4;55119;7.257025708013571e-05
10517;这还盼金九银十那[哈哈];1;1;2;55119;3.6285128540067854e-05
10519;感觉某种税要来了;1;1;2;55119;3.6285128540067854e-05
10522;重庆有位科学家袁书记，曾主政浙江多年[赞][赞]，这么敏感的表态，市长需要书记默许的[哈哈];1;0;1;55119;1.8142564270033927e-05
10562;重庆真没什么好担心的，房价不算太高，就是1个w上下，比东莞都低好几倍了。人口数量又多，日子应该比杭州好过吧！[哈哈];2;5;7;55119;0.0001269979498902375
10568;不认房也不认贷也买不起;1;5;6;55119;0.00010885538562020356
10570;没钱的照样买不起;2;2;4;55119;7.257025708013571e-05
10576;不懂就问，认房不认什么意思;2;0;2;55119;3.6285128540067854e-05
10579;割最后一波[允悲];2;4;6;55119;0.00010885538562020356
10584;深圳好像已落地了啊;3;0;3;55119;5.442769281010178e-05
10590;可以公积金贷款么;1;0;1;55119;1.8142564270033927e-05
10593;赶紧降啊;1;1;2;55119;3.6285128540067854e-05
10638;这个是全国范围生效还是个别省市呀，北京有效吗;3;0;3;55119;5.442769281010178e-05
10654;全款买房，地产商却宣布破产了。 http://t.cn/A6O2t1FI;1;0;1;55119;1.8142564270033927e-05
10661;在我心里面，穆勒才是过去梅罗时代的第三人 荣誉效率比内马尔好太多了;1;5;6;55119;0.00010885538562020356
10666;可以公积金贷款么;1;0;1;55119;1.8142564270033927e-05
10669;赶紧降啊;1;1;2;55119;3.6285128540067854e-05
10689;再来一波涨价去库存吧，反正摊子下一任处理就行。[打call];2;1;3;55119;5.442769281010178e-05
10730;居民继续负债，未来收入能覆盖吗？;1;1;2;55119;3.6285128540067854e-05
10733;放开三胎了 释放几个亿的适龄生育人口 生育率暴涨了[泪][允悲];1;1;2;55119;3.6285128540067854e-05
10735;辛苦姥爷了;1;0;1;55119;1.8142564270033927e-05
10747;3423/8482 http://t.cn/A6O2WP4e;2;4;6;55119;0.00010885538562020356
10750;白总早[666];1;0;1;55119;1.8142564270033927e-05
10756;早安[太阳]周六愉快;1;8;9;55119;0.00016328307843030534
10758;早上好呀[赢牛奶];1;8;9;55119;0.00016328307843030534
10760;早上好;1;8;9;55119;0.00016328307843030534
10762;周六愉快[抱一抱];1;5;6;55119;0.00010885538562020356
10764;周六愉快，开开心心[爱你];1;5;6;55119;0.00010885538562020356
10766;中午好[心];1;5;6;55119;0.00010885538562020356
10768;周末愉快[心];1;5;6;55119;0.00010885538562020356
10770;[赞][赞][赞][赞];1;5;6;55119;0.00010885538562020356
10772;愿时光能缓，愿你笑靥如花💖;1;5;6;55119;0.00010885538562020356
10774;周六愉快;1;5;6;55119;0.00010885538562020356
10776;早上好[鲜花]周末愉快[鲜花][鲜花][鲜花];1;6;7;55119;0.0001269979498902375
10778;一直往前走，就能迎面撞上生活送来的糖，早安♥;1;6;7;55119;0.0001269979498902375
10780;清晨代表新的一天，又是美好的一天ヽ(°▽°)ノ✿;1;5;6;55119;0.00010885538562020356
10782;让自己忙一点，忙到没有时间去思考无关紧要的事，很多事就这样悄悄地淡忘了。时间不一定能证明很多东西，但是一定能看透很多东西。坚信自己的选择，不动摇，使劲跑，明天会更好。;1;5;6;55119;0.00010885538562020356
10784;早上好[七时吉祥][咖啡][心][鲜花]周末愉快[打call];1;5;6;55119;0.00010885538562020356
10786;周末愉快，感谢分享[心];1;5;6;55119;0.00010885538562020356
10788;早上好[嘻嘻];1;5;6;55119;0.00010885538562020356
10790;早上好;1;5;6;55119;0.00010885538562020356
10792;早安秦东[心]周六愉快;1;5;6;55119;0.00010885538562020356
10794;道一声早安，给热爱生活的你！愿一切如愿以偿[鲜花];1;5;6;55119;0.00010885538562020356
10796;早上好;1;5;6;55119;0.00010885538562020356
10798;早上好;1;5;6;55119;0.00010885538562020356
10800;早安，周六愉快[鲜花];1;5;6;55119;0.00010885538562020356
10802;愿每一个醒来的日子，都有阳光相伴，或许在晴空，或许在心里;1;3;4;55119;7.257025708013571e-05
10804;从今以后我只能称呼你为您了，因为，你在我心上。;1;3;4;55119;7.257025708013571e-05
10806;[心]┻┻︵⁞=༎ຶ﹏༎ຶ=⁞︵┻┻[鲜花]“第一眼惊艳，第二眼沦陷，第三眼不负遇见，你是我的温柔的归宿.”;1;3;4;55119;7.257025708013571e-05
10808;愿每一个醒来的日子，都有阳光相伴，或许在晴空，或许在心里;1;3;4;55119;7.257025708013571e-05
10810;愿新一天的我们：知足且坚定，温柔且上进❤️;1;3;4;55119;7.257025708013571e-05
10812;自己的命运从来都是掌握在自己的手中，好生活在于进取，也在于知足。做自己喜欢的事，才是人生的态度。;1;3;4;55119;7.257025708013571e-05
10814;爱国、敬业、诚信、友善。  善不可不弘，恶不可不去。  善心人人有，快乐你我他。 善念养善心，善心生善念。 德不积不厚，善不行不成。 人往高处走，善在心中留。 至宝不常现，至善不常有。 行莫于恭敬，善莫于用心。 由善入恶易，由恶入善难。 心中不可少善，行事不可无善。;1;2;3;55119;5.442769281010178e-05
10816;我忽然蹦蹦跳跳起来，一种解放的快乐，风似乎一经接触我身体即融化了。;1;1;2;55119;3.6285128540067854e-05
10818;下午好[爱慕][爱慕];1;1;2;55119;3.6285128540067854e-05
10820;有一个可以思念的人，就是幸福——《情书》岩井俊二;1;1;2;55119;3.6285128540067854e-05
10822;人之初，性本善。 上善若水，大爱无疆。 慈心为民，善举济世。 无缘大慈，同体大悲。 众善奉行，诸恶莫做。 慈善的行为比金钱更能解除别人的痛苦。 怀有仁爱之心谓之慈，广行济困之举谓之善，慈善是仁德与善行的统一;1;1;2;55119;3.6285128540067854e-05
10824;善良是一种修养,善待他人就是善待自己,要想得到别人的爱,首先要学会爱别人,一个善良的人一定是温暖的人,乐于助人的人,懂得珍惜和感恩的人。;1;1;2;55119;3.6285128540067854e-05
10826;感谢分享;1;1;2;55119;3.6285128540067854e-05
10828;一笔一画描绘你的模样，一字一句诉说我的爱意.𝒟𝓇𝒶𝓌 𝒶 𝓅𝒾𝒸𝓉𝓊𝓇𝓮 𝓸𝒻 𝓎𝓸𝓊, 𝒶𝓃𝒹 𝓉𝓮𝓁𝓁 𝓂𝓎 𝓁𝓸𝓋𝓮 𝓌𝓸𝓇𝒹 𝒷𝓎 𝓌𝓸𝓇𝒹.;1;1;2;55119;3.6285128540067854e-05
10830;心中不可少善，行事不可无善。人前不为恶易，独处不为恶难。任性妄为是恶，行止有度是善。心存感恩之心，身行积德之善。从善者吾近之，从恶者吾远之。百年养善不足，一日毁之有余。行善助人是舍，心安积德是得。;1;1;2;55119;3.6285128540067854e-05
10832;周末老师愉快[心];1;1;2;55119;3.6285128540067854e-05
10834;下午好[心];1;1;2;55119;3.6285128540067854e-05
10836;弹指一挥，人生苦短，终点不明沿途风景要好好看 —— 许嵩《河山大好》;1;1;2;55119;3.6285128540067854e-05
10838;要等时间嘉许，等春风得意，我正好遇见你，然后余生都是你;1;1;2;55119;3.6285128540067854e-05
10840;一笔一画描绘你的模样，一字一句诉说我的爱意.𝒟𝓇𝒶𝓌 𝒶 𝓅𝒾𝒸𝓉𝓊𝓇𝓮 𝓸𝒻 𝓎𝓸𝓊, 𝒶𝓃𝒹 𝓉𝓮𝓁𝓁 𝓂𝓎 𝓁𝓸𝓋𝓮 𝓌𝓸𝓇𝒹 𝒷𝓎 𝓌𝓸𝓇𝒹.;1;1;2;55119;3.6285128540067854e-05
10842;午安[打call];1;1;2;55119;3.6285128540067854e-05
10844;周末愉快[害羞];1;1;2;55119;3.6285128540067854e-05
10846;"能让别人快乐的人一定很善良;能让自己快乐的人一定很聪明";1;1;2;55119;3.6285128540067854e-05
10848;下午好呀;1;1;2;55119;3.6285128540067854e-05
10850;心灵宁静，才能看到世间风景，浮华散尽，才懂岁月的深情。;1;1;2;55119;3.6285128540067854e-05
10852;山茶花的红终究抵不过大海深处的群青𝓒𝓪𝓶𝓮𝓵𝓵𝓲𝓪 𝓲𝓼 𝓷𝓼 𝓽𝓱𝓮 𝓫𝓵𝓾𝓮 𝓲𝓷 𝓽𝓱𝓮 𝓭𝓮𝓮𝓹 𝓼𝓮𝓪;1;1;2;55119;3.6285128540067854e-05
10854;关注每日播报[握手][鲜花];1;1;2;55119;3.6285128540067854e-05
10856;时光流逝，讨厌的人会带着讨人厌的话离开，喜欢的人会带着美好的事到来。把目光放在远处，洒脱还给自己。忘掉路人，放过自己。;1;1;2;55119;3.6285128540067854e-05
10858;中午好;1;1;2;55119;3.6285128540067854e-05
10860;山河远阔⛰，人间烟火🎆;1;1;2;55119;3.6285128540067854e-05
10862;对未来的真正慷慨，是把一切献给现在;1;1;2;55119;3.6285128540067854e-05
10864;baby你在做what，有没有eat饭，有没有miss我，反正我 miss你了，能不能和我say会儿话。;1;1;2;55119;3.6285128540067854e-05
10866;人生最好的状态，是每天醒来面朝阳光，嘴角上扬。不羡慕谁，不讨好谁，默默努力，活成自己想要的模样。;1;2;3;55119;5.442769281010178e-05
10868;周末愉快[哈哈];1;2;3;55119;5.442769281010178e-05
10870;因为经常失眠熬夜，我的肝好像不太好，所以可以叫我小心肝吗？;1;1;2;55119;3.6285128540067854e-05
10872;感谢分享，了解了;1;1;2;55119;3.6285128540067854e-05
10874;感谢分享，了解了;1;1;2;55119;3.6285128540067854e-05
10876;支持一下;1;1;2;55119;3.6285128540067854e-05
10878;中午好;1;1;2;55119;3.6285128540067854e-05
10880;感谢分享;1;1;2;55119;3.6285128540067854e-05
10882;只把一件事做好，就是生活本初的节奏，再忙再累的日子都会云淡风轻，再苦再咸的生活都不值一提。这种无法放弃的力量就来自于内心。;1;1;2;55119;3.6285128540067854e-05
10884;"“信仰照亮前方的路途，即使光微弱，也能指引方向” ""𝑭𝒂𝒊𝒕𝒉 𝒊𝒍𝒍𝒖𝒎𝒊𝒏𝒂𝒕𝒆𝒔 𝒕𝒉𝒆 𝒘𝒂𝒚 𝒂𝒉𝒆𝒂𝒅, 𝒆𝒗𝒆𝒏 𝒊𝒇 𝒕𝒉𝒆 𝒍𝒊𝒈𝒉𝒕 𝒊𝒔 𝒘𝒆𝒂𝒌";1;1;2;55119;3.6285128540067854e-05
10886;要等时间嘉许，等春风得意，我正好遇见你，然后余生都是你;1;1;2;55119;3.6285128540067854e-05
10888;周末愉快朋友;1;1;2;55119;3.6285128540067854e-05
10890;早上好朋友;1;1;2;55119;3.6285128540067854e-05
10892;当你被糟糕的事物占据的腾不出身 你根本没法腾出手去迎接更好地事物 你现在觉得的不甘心 当你放下再回头看真的不值一提甚至不想回忆 及时止损是成年人最大的自律。;1;1;2;55119;3.6285128540067854e-05
10894;早，[咖啡][咖啡]周末愉快;1;1;2;55119;3.6285128540067854e-05
10896;感谢博主分享;1;1;2;55119;3.6285128540067854e-05
10898;早上好[努力][努力];1;1;2;55119;3.6285128540067854e-05
10900;周末好[赞];1;1;2;55119;3.6285128540067854e-05
10902;山河远阔⛰，人间烟火🎆;1;1;2;55119;3.6285128540067854e-05
10904;很多时候不是命运的不幸，而是自己还不够努力。你越积极乐观、越是勇敢面对，好运就会来到。;1;1;2;55119;3.6285128540067854e-05
10906;人往前走，苦才会退后;1;1;2;55119;3.6285128540067854e-05
10908;我们终将上岸 阳光万里;1;1;2;55119;3.6285128540067854e-05
10910;早安[抱一抱];1;1;2;55119;3.6285128540067854e-05
10912;上午好;1;1;2;55119;3.6285128540067854e-05
10914;只把一件事做好，就是生活本初的节奏，再忙再累的日子都会云淡风轻，再苦再咸的生活都不值一提。这种无法放弃的力量就来自于内心。;1;1;2;55119;3.6285128540067854e-05
10916;愿新一天的我们：知足且坚定，温柔且上进❤️;1;1;2;55119;3.6285128540067854e-05
10918;人人都有梦想，努力就会绽放;1;1;2;55119;3.6285128540067854e-05
10920;一笔一画描绘你的模样，一字一句诉说我的爱意.𝒟𝓇𝒶𝓌 𝒶 𝓅𝒾𝒸𝓉𝓊𝓇𝓮 𝓸𝒻 𝓎𝓸𝓊, 𝒶𝓃𝒹 𝓉𝓮𝓁𝓁 𝓂𝓎 𝓁𝓸𝓋𝓮 𝓌𝓸𝓇𝒹 𝒷𝓎 𝓌𝓸𝓇𝒹.;1;1;2;55119;3.6285128540067854e-05
10922;𝐄𝐦𝐛𝐫𝐚𝐜𝐞 𝐲𝐨𝐮 𝐨𝐯𝐞𝐫 𝐭𝐡𝐨𝐮𝐬𝐚𝐧𝐝𝐬 𝐨𝐟 𝐛𝐞𝐚𝐮𝐭𝐢𝐟𝐮𝐥 𝐭𝐡𝐢𝐧𝐠𝐬.   “越过万千美好去拥抱你”;1;1;2;55119;3.6285128540067854e-05
10924;我们朝夕相伴，你是我人间的糖——大柠;1;1;2;55119;3.6285128540067854e-05
10926;等苦尽甘来的那一天，山河星月都做贺礼⛰;1;1;2;55119;3.6285128540067854e-05
10928;早安早安;1;1;2;55119;3.6285128540067854e-05
10930;早，周末愉快;1;2;3;55119;5.442769281010178e-05
10932;早上好;1;2;3;55119;5.442769281010178e-05
10934;把宇宙的星辰和月光，都摘下来放进你的口袋里;1;2;3;55119;5.442769281010178e-05
10936;早安啊秦老师 过个愉快的周末哦[抱一抱];1;2;3;55119;5.442769281010178e-05
10938;[打call][打call][打call];1;1;2;55119;3.6285128540067854e-05
10940;早上好，我想把清晨的第一缕阳光送给你;1;1;2;55119;3.6285128540067854e-05
10942;早安，周末愉快;1;1;2;55119;3.6285128540067854e-05
10944;早呀早呀[彩虹屁];1;1;2;55119;3.6285128540067854e-05
10946;"行善如春园之草，不见其长，日有所增;行恶如磨刀之石，不见其消，日有所损。――清金兰生《格言联璧》";1;1;2;55119;3.6285128540067854e-05
10948;早上好[心];1;1;2;55119;3.6285128540067854e-05
10950;早安[心]周末愉快;1;1;2;55119;3.6285128540067854e-05
10952;早安，周六愉快[鼓掌];1;1;2;55119;3.6285128540067854e-05
10954;每天签个到，相互问声好！☘️☘️  🎈  ☘️☘️  🎈  ☘️☘️  🎈  ☘️☘️  🎈  ☘️☘️  ☘️☘️  🎈  ☘️☘️  🎈  ☘️☘️  🎈  ☘️☘️  🎈  ☘️☘️  🎈;1;1;2;55119;3.6285128540067854e-05
10956;早安 周末愉快[心][心];1;1;2;55119;3.6285128540067854e-05
10958;早安，周六愉快;1;1;2;55119;3.6285128540067854e-05
10960;周末愉快;1;1;2;55119;3.6285128540067854e-05
10962;早上好[鲜花]周六愉快;1;1;2;55119;3.6285128540067854e-05
10964;不要再来台风了，烦得很;1;1;2;55119;3.6285128540067854e-05
10966;早上好[鲜花]周末愉快;1;1;2;55119;3.6285128540067854e-05
10968;你像夏至的分界线，是我一生里最长的那个白天;1;1;2;55119;3.6285128540067854e-05
10970;早上好[送花花];1;1;2;55119;3.6285128540067854e-05
10972;早安[心]周末愉快[太阳][太阳];1;1;2;55119;3.6285128540067854e-05
10974;早安;1;1;2;55119;3.6285128540067854e-05
10976;早安[七时吉祥]周末愉快！;1;1;2;55119;3.6285128540067854e-05
10978;早安☀️;1;1;2;55119;3.6285128540067854e-05
10980;早上好[赢牛奶];1;1;2;55119;3.6285128540067854e-05
10982;📝ᵕ̈  ᴹᴼᴿᴺᴵᴺᴳ 🔆  ᵕ̈ ᵕ̈ 生活能治愈的🐱是愿意变好起来的人💛;1;1;2;55119;3.6285128540067854e-05
10984;早安资讯早知道;1;1;2;55119;3.6285128540067854e-05
10986;早上好呀;1;1;2;55119;3.6285128540067854e-05
10988;早安啊[打call][打call][打call];1;1;2;55119;3.6285128540067854e-05
10990;早安[送花花];1;1;2;55119;3.6285128540067854e-05
10992;早安;1;1;2;55119;3.6285128540067854e-05
10994;早上好[送花花]周六愉快;1;1;2;55119;3.6285128540067854e-05
10996;不错不错;1;1;2;55119;3.6285128540067854e-05
10998;星光不问赶路人，时光不负有心人~;1;1;2;55119;3.6285128540067854e-05
11000;早安[锦鲤附体];1;1;2;55119;3.6285128540067854e-05
11002;早安[鲜花];1;1;2;55119;3.6285128540067854e-05
11004;早上好;1;1;2;55119;3.6285128540067854e-05
11006;我在刷你评论，看综艺;1;1;2;55119;3.6285128540067854e-05
11008;你太甜了吧;1;1;2;55119;3.6285128540067854e-05
11010;早上好啊;1;1;2;55119;3.6285128540067854e-05
11012;每个人都有自己的选择，没什么对不对的，随心而行，开心就好。;1;1;2;55119;3.6285128540067854e-05
11014;真正的修行是红尘炼心;1;1;2;55119;3.6285128540067854e-05
11016;你是春天的涓涓溪水，缓缓而温柔，是纷乱世界里唯一的安慰，是众生皆苦里的蜜糖;1;1;2;55119;3.6285128540067854e-05
11018;感谢分享，周末愉快[鲜花];1;1;2;55119;3.6285128540067854e-05
11020;早啊[哈哈];1;1;2;55119;3.6285128540067854e-05
11022;早安，轻轻的问候，深深的祝福;1;1;2;55119;3.6285128540067854e-05
11024;想追求什么，就去努力吧。早安～;1;1;2;55119;3.6285128540067854e-05
11026;“”认房不认贷”怎么理解？;2;1;3;55119;5.442769281010178e-05
11029;我们日行一善，并不是放下手中的一切事情，刻意地去做好事，而是带着善心，给需帮助的人做力所能及的事。;1;1;2;55119;3.6285128540067854e-05
11031;要记得，生命极短。短到，用来做自己喜欢的事情，都不够；更不要说用来犹豫，以及妥协——尤其是，妥协给那些——你自己都清楚“这只是妥协”的东西。;1;1;2;55119;3.6285128540067854e-05
11033;心里有小不安的话，请一定找人聊一聊。说出来，心里就会轻松一点儿。——比留间荣子;1;1;2;55119;3.6285128540067854e-05
11036;早上好[心];1;2;3;55119;5.442769281010178e-05
11038;不乱于心，不困于情，不畏将来，不念过往，如此，安好。;1;1;2;55119;3.6285128540067854e-05
11040;见面时 我们的呐喊声定能响彻整片海;1;1;2;55119;3.6285128540067854e-05
11042;细数此生的最美好，是我来时，恰逢你到——张皓宸;1;1;2;55119;3.6285128540067854e-05
11044;愿你被很多人爱，如果没有，愿你在寂寞中学会宽容;1;1;2;55119;3.6285128540067854e-05
11046;有些压力总是得自己扛过去，说出来就成了充满负能量的抱怨。寻求安慰也无济于事，还徒增了别人的烦恼。而当你独自走过艰难险阻，一定会感激当初一声不吭咬牙坚持着的自己。早安;1;1;2;55119;3.6285128540067854e-05
11048;人有善念，天必佑之，福禄随之，众神卫之，众邪远之，众人成之。善念是一粒种，善行是一朵花，善报是一枚果。每个人降生的时候，都怀揣着善的种子。有人选择丢弃它，逐渐走向邪恶。有人选择培育它，自然开花结果。善心如花开，福报如泉涌。;1;1;2;55119;3.6285128540067854e-05
11050;传承中华美德，培养民族精神，是全面建设小康社会，开创中国特色社会主义事业新局面的时代要求，是建设社会主义先进文化的重要方面。按照传统道德基本内容，把传统美德分为爱国、明智、持节、自强、诚信、知耻、改过、厚仁、贵和、敦亲、重义、尚勇。;1;1;2;55119;3.6285128540067854e-05
11052; 踮起脚会缩短爱的距离，这样会不稳定；弯下腰获取平和，这样会很累；平视周围的景色吧，寻找美好，制造快乐，这，就是你的世界。;1;1;2;55119;3.6285128540067854e-05
11054;给你讲个故事，这故事很长，所以我长话短说，我想你了。;1;1;2;55119;3.6285128540067854e-05
11056;"“你独占我的春，也融入我的四季”""𝓨𝓸𝓾 𝓶𝓸𝓹𝓻𝓲𝓷𝓰 𝓪𝓷𝓭 𝓫𝓵𝓮𝓷𝓭 𝓲𝓷𝓽𝓸 𝓶𝔂 𝓯𝓸𝓾𝓻 𝓼𝓮𝓪𝓼𝓸𝓷𝓼.""";1;1;2;55119;3.6285128540067854e-05
11058;书生官家不可为恶，因其为世间之公道良心，若其善心不存，则无道矣。;1;1;2;55119;3.6285128540067854e-05
11060;人生海海，总要允许有人错过你，才能赶上最好的相遇——张皓宸;1;1;2;55119;3.6285128540067854e-05
11062;我一直以为人是慢慢变老的。其实不是，人是一瞬间变老的可爱不是长久之计，可爱我是长久之计呀~相对于别人，我更喜欢你。这就是相对论。 ​​​我一直以为我是世界上最美的女生，直到遇见你，才知道是我们;1;1;2;55119;3.6285128540067854e-05
11064;ᴬⁿʸʷᵃʸ, ⁱᵗ'ˢ ᵃ ˡᵒⁿᵍ ᵗⁱᵐᵉ, ᵇᵘᵗ ⁱᵗ'ˢ ʷᵒʳᵗʰ ᵗʰᵉ ʷᵃⁱᵗ. 总之岁月漫长，然而值得等待;1;1;2;55119;3.6285128540067854e-05
11066;台风的到来将使核污水扩散更远;1;1;2;55119;3.6285128540067854e-05
11068;人间美好大概就是：傍晚的日落和柔情的你;1;1;2;55119;3.6285128540067854e-05
11070;你就是盛开着的 ，漫山遍野的温柔[一起吃糖];1;1;2;55119;3.6285128540067854e-05
11072;“我将告别黄昏，挣脱藏身的黑暗，向你的光里坠落”;1;1;2;55119;3.6285128540067854e-05
11074;很全面哦;1;2;3;55119;5.442769281010178e-05
11076;“青春的风放肆的吹着 记忆中的他却各外明亮”;1;1;2;55119;3.6285128540067854e-05
11078;你的出现成为我永恒的救赎。;1;1;2;55119;3.6285128540067854e-05
11080;喜欢鲜花，喜欢浪漫的话，喜欢一切细碎的仪式感，喜欢你。;1;1;2;55119;3.6285128540067854e-05
11082;Around the galaxy,there are no brighter stars than you “环游遍了整个星系，找不到比你更亮的星星✨”;1;1;2;55119;3.6285128540067854e-05
11084;下午好;1;1;2;55119;3.6285128540067854e-05
11086;在人生的旅程中，每个人的生活都离不开别人的帮助，因为自然界的任何事物都是一个普遍联系的整体，没有谁能够脱离周围的事物而孤立地存在，但在接受别人帮助的同时，我们也要学会去帮助别人;1;1;2;55119;3.6285128540067854e-05
11088;在最平凡的生活里，谦卑和努力。总有一天，你会站在最亮的地方，活成自己曾经渴望的模样。;1;1;2;55119;3.6285128540067854e-05
11090;早上好呀[嘻嘻][嘻嘻];1;1;2;55119;3.6285128540067854e-05
11092;早上好;1;2;3;55119;5.442769281010178e-05
11094;吃别人所不能吃的苦，忍别人所不能忍的气，做别人所不能做的事，就能享受别人所不能享受的一切。;1;1;2;55119;3.6285128540067854e-05
11096;感谢分享[鲜花];1;1;2;55119;3.6285128540067854e-05
11098;周末愉快[心];1;1;2;55119;3.6285128540067854e-05
11100;早上好呀[鲜花];1;1;2;55119;3.6285128540067854e-05
11102;周六快乐;1;1;2;55119;3.6285128540067854e-05
11104;🥂不管前方的路有多苦，只要走的方向正确，不管多么崎岖不平，都比站在原地更接近幸福。--宫崎骏«千与千寻»;1;1;2;55119;3.6285128540067854e-05
11106;周六愉快[太开心];1;1;2;55119;3.6285128540067854e-05
11108;早安[打call];1;1;2;55119;3.6285128540067854e-05
11110;“你是远方的太阳，虽远却充满光芒” 𝐘𝐨𝐮 𝐚𝐫𝐞 𝐭𝐡𝐞 𝐝𝐢𝐬𝐭𝐚𝐧𝐭 𝐬𝐮𝐧, 𝐟𝐚𝐫 𝐚𝐰𝐚𝐲 𝐛𝐮𝐭 𝐟𝐮𝐥𝐥 𝐨𝐟 𝐥𝐢𝐠𝐡𝐭.;1;1;2;55119;3.6285128540067854e-05
11112;早安[666];1;1;2;55119;3.6285128540067854e-05
11114;谢谢分享！[赞]早安，周末快乐！[七时吉祥];1;1;2;55119;3.6285128540067854e-05
11116;早上好[抱一抱];1;1;2;55119;3.6285128540067854e-05
11118;早安[心]周六愉快。;1;1;2;55119;3.6285128540067854e-05
11120;怀着乐观和积极的心态，把握好与人交往的分寸，让自己成为一个使他人快乐的人，让自己快乐心成为阳光般的能源，去辐射他人，温暖他人，让家人朋友乃至于更广阔的社会，从自己身上获得一点欣慰的理由。;1;1;2;55119;3.6285128540067854e-05
11122;早安[打call];1;1;2;55119;3.6285128540067854e-05
11124;太棒了吧，感谢分享;1;1;2;55119;3.6285128540067854e-05
11126;太棒了吧，感谢分享;1;1;2;55119;3.6285128540067854e-05
11128;早上好[羞嗒嗒][羞嗒嗒];1;1;2;55119;3.6285128540067854e-05
11130;年年月月，热爱可抵岁月漫长;1;1;2;55119;3.6285128540067854e-05
11132;ᵕ̈ ᴹᴼᴿᴺᴵᴺᴳ 🌼 ᵕ̈ 🌼赖床是对周末的基本尊重;1;1;2;55119;3.6285128540067854e-05
11134;不管前方的路有多苦，只要走的方向正确，不管多么崎岖不平，都比站在原地接近幸福;1;1;2;55119;3.6285128540067854e-05
11136;早安，轻轻的问候，深深的祝福;1;1;2;55119;3.6285128540067854e-05
11138;今天我去跑步了，你知道我跑了多远吗？我跑了一个爱你的形状💗;1;1;2;55119;3.6285128540067854e-05
11140;秦老师早安，周末愉快;1;1;2;55119;3.6285128540067854e-05
11142;人生如路，要有耐心。走着走着，便会出现繁华的风景。早上好[心];1;2;3;55119;5.442769281010178e-05
11144;阳光，不只是来自太阳，它来自我们的内心，心里有阳光才能照亮生活。;1;0;1;55119;1.8142564270033927e-05
11146;生活不是我们活过的日子，而是我们记住的日子，我们为了讲述而在记忆中重现的日子。（from 《活着为了讲述》）;1;0;1;55119;1.8142564270033927e-05
11148;眼睛追逐文字追得累了，便合起书放在膝头，仰起脸，侧耳倾听涛声雨声风声;1;1;2;55119;3.6285128540067854e-05
11151;这个世纪疯狂，没人性，腐败。你却一直清醒，温柔，一尘不染。——弗朗索瓦丝・萨冈;1;0;1;55119;1.8142564270033927e-05
11153;薰衣草的花语是等待爱情那我的初衷是我等待你𝓉𝒽ℯ 𝒻𝓁ℴ𝓌ℯ𝓇 𝓁𝒶𝓃ℊ𝓊𝒶ℊℯℴ𝒻 𝓁𝒶𝓋ℯ𝓃𝒹ℯ𝓇 𝒾𝓈 𝓉ℴ 𝓌𝒶𝒾𝓉 𝒻ℴ𝓇 𝓁ℴ𝓋ℯ;1;0;1;55119;1.8142564270033927e-05
11155;他一噘嘴是春柳暗恼，一低眉是湖心微扫，道只道，千般懊怨春日好。;1;0;1;55119;1.8142564270033927e-05
11157;阳光，是前行的火，点亮我们前行的灯；阳光，是前行的灯，照亮我们前行的路，拥有阳光，帮助我们驶向成功的码头。;1;0;1;55119;1.8142564270033927e-05
11159;“我在黄昏上写了一封书信载着日落的余晖和银河的浪漫寄给了属于温柔本身”;1;0;1;55119;1.8142564270033927e-05
11161;玫红的玫瑰湖与森绿的薄荷岛 好像都没办法拒绝 我将玫瑰藏于身后 期待与你赴约.;1;0;1;55119;1.8142564270033927e-05
11163;不管有多苦，千万要记住：苦难是我们人生路上不可缺少的经历，只有活着，才有幸福的可能!;1;0;1;55119;1.8142564270033927e-05
11165;午好[毛球];1;0;1;55119;1.8142564270033927e-05
11167;勿起不善之念,勿阅不善之书,勿听不善之乐,勿吐不善之语,勿为不善之事,勿近不善之人,勿学不善之法,勿入不善之境。;1;0;1;55119;1.8142564270033927e-05
11169;我有一个很长很长的故事，需要一生一世，慢慢讲给你听;1;0;1;55119;1.8142564270033927e-05
11171;中午好;1;0;1;55119;1.8142564270033927e-05
11173;You are my unexpected heart, but also my unexpected surprise 你是我猝不及防的心动，亦是我始料未及的惊鸿;1;0;1;55119;1.8142564270033927e-05
11175;我们日行一善，并不是放下手中的一切事情，刻意地去做好事，而是带着善心，给需帮助的人做力所能及的事。;1;0;1;55119;1.8142564270033927e-05
11177;谢谢分享;1;0;1;55119;1.8142564270033927e-05
11179;世界很大，风景很美，机会很多，人生很短，不要蜷缩在一小块阴影里!要经常问自己，你有什么而不是没有什么。如果你的生活已处于低谷，那就，大胆走!因为你怎样走都是在向上!;1;0;1;55119;1.8142564270033927e-05
11181;“我始终相信世界有光 因为我的那束光是你 只要你在 我的世界就不会暗淡无光”;1;0;1;55119;1.8142564270033927e-05
11183;做任何事，只要你迈出了第一步，然后再一步步地走下去，你就会逐渐靠近你的目的地。如果你知道你的具体的目的地，而且向它迈出了第一步，你便走上了成功之路！;1;0;1;55119;1.8142564270033927e-05
11185;铛铛铛，来打铁了，祝我们都能在鸡零狗碎里找到闪闪的快乐😘😘😘;1;0;1;55119;1.8142564270033927e-05
11187;"“怀着爱意带着虔诚保持温柔追逐梦想”🦋""𝔀𝓲𝓽𝓱𝓵𝓸𝓿𝓮,𝔀𝓲𝓽𝓱𝓭𝓮𝓿𝓸𝓽𝓲𝓸𝓷,𝔀𝓲𝓽𝓱𝓽𝓮𝓷𝓭𝓮𝓻𝓷𝓮𝓼𝓼,𝔀𝓲𝓽𝓱𝓭𝓻𝓮𝓪𝓶𝓼.""";1;0;1;55119;1.8142564270033927e-05
11189;心存感恩之心，身行积德之善； 从善者吾近之，从恶者吾远之； 百年养善不足，一日毁之有余； 行善不必人知，积德无需他晓 ​。;1;0;1;55119;1.8142564270033927e-05
11191;上午好呀[爱你];1;0;1;55119;1.8142564270033927e-05
11193;开始让人舒服的，一定是言语。后来，一定是人品。生活不全是利益，更多的是彼此成就，互相温暖。;1;0;1;55119;1.8142564270033927e-05
11195;找不到坚持下去的理由，那就找一个重新开始的理由，生活本来就这么简单。我们要诚恳，要坦然，要慷慨，要宽容，要有平常心。[哈哈];1;0;1;55119;1.8142564270033927e-05
11197;周六快乐[心];1;0;1;55119;1.8142564270033927e-05
11199;浙江卫视宣布暂停播出《中国好声音》，制作方母公司股价已暴跌超50%；;1;0;1;55119;1.8142564270033927e-05
11201;美好的一天，只需要扬起你的嘴角，带着好心情，大步向前走。永远记住，无论我们做什么，人生从来都没有，唯一的失败就是自己放弃。;1;0;1;55119;1.8142564270033927e-05
11203;不要吝啬你的笑容，不要隐藏你的善良，记住卡耐基这一段话，你将尽享完美丰富的人生——“人的生命只有一次，任何能够奉献出来的好的东西和善的行为，我们都应该现在去做，因为生命只有一次”对身边好的、不好的人微笑、以礼相待，尽量避免发生任何的正面冲突。少些埋怨，多些感恩，人生会更美好。;1;0;1;55119;1.8142564270033927e-05
11205;人生，是一场自我的修行，总是会经历一些悲欢离合，经历一些风霜雨雪。午安;1;1;2;55119;3.6285128540067854e-05
11295;晚上好[抱一抱][抱一抱];1;1;2;55119;3.6285128540067854e-05
11297;杭州晚上好[哇][哇][哇];1;1;2;55119;3.6285128540067854e-05
11299;晚上好;1;0;1;55119;1.8142564270033927e-05
11301;晚上好;1;0;1;55119;1.8142564270033927e-05
11415;二线城市置换到一线城市，个税退吗;1;0;1;55119;1.8142564270033927e-05
11438;笑了，;1;0;1;55119;1.8142564270033927e-05
11523;这么多条，浪费字，不对他们有什么期待了[哈哈];1;3;4;55119;7.257025708013571e-05
11545;19年10月份之前的呢？？？？;1;0;1;55119;1.8142564270033927e-05
11565;你提供除降价之外的一切利好，我提供除购买之外的一切支持。;1;30;31;55119;0.0005624194923710517
11580;这是楼卖不动了;1;2;3;55119;5.442769281010178e-05
11794;4111/10960 http://t.cn/A6OqbL5B;3;3;6;55119;0.00010885538562020356
11798;如果政策来了，房价会起飞吗？;4;0;4;55119;7.257025708013571e-05
11803;[喵喵]差一点1.1w;1;1;2;55119;3.6285128540067854e-05
11807;挂牌变多代表什么呢;1;0;1;55119;1.8142564270033927e-05
11968;怎么操作？;1;0;1;55119;1.8142564270033927e-05
11970;2019年之前的昵？;1;0;1;55119;1.8142564270033927e-05
11994;银行同意吗?;1;3;4;55119;7.257025708013571e-05
12003;2020年赣州首套住房利率下限是多少呢，不知道怎么查[允悲];1;0;1;55119;1.8142564270033927e-05
12008;组合贷里的商贷呢;1;0;1;55119;1.8142564270033927e-05
12015;那个下限一直没解读过;2;2;4;55119;7.257025708013571e-05
12027;lpr之前，上浮百分之多少的那种，当时的房贷政策利率下限是多少，没有公布啊;1;0;1;55119;1.8142564270033927e-05
12039;好事[给力];1;0;1;55119;1.8142564270033927e-05
12044;2019.10.8之前的不调整一下?;2;0;2;55119;3.6285128540067854e-05
12071;昨天挨了两巴掌 今天只挨一个 真开心啊;20;55099;55119;55119;1.0
12092;笑死，这里面最好玩的不应该是仅仅只降了这么一点就没了40万吗？就这还指望人民群众感恩戴德？？;20;16099;16119;55119;0.2924399934686769
12113;是房子跌的我一夜没睡觉[允悲];18;9545;9563;55119;0.17349734211433443
12132;说的好像已经开始降了一样，需要协商的，说不定银行怎么折腾你呐[揣手];19;5531;5550;55119;0.1006912316986883
12152;五年存款利率从3一路下降到2.25。200万一年少掉1.5万，30年少45万。[doge]房贷省下来的钱，储户买单;17;4132;4149;55119;0.07527349915637076
12170;减息41万，房价跌没了100万，就好比股票分红1个点，当天低开低走跌没了5个点。这都是套路啊！;19;1832;1851;55119;0.0335818864638328
12190;有点好笑[允悲];28;1505;1533;55119;0.027812551025962008
12219;忽悠傻子[哈哈];22;848;870;55119;0.015784030914929515
12242;房子跌了200万;18;693;711;55119;0.012899363195994122
12261;炒作吧。首先要去申请，银行批不批呢。房地产现在怎么都救不活了;19;619;638;55119;0.011574956004281645
12281;银行存款利息越来越低，就是逼着储户们花钱，别再存钱了。降低人民群众的收入，提高人民群众消费水平，这就是大智慧，你们永远想不到这种谋略。。;34;362;396;55119;0.007184455450933435
12316;既然是浮动利率，那么经济好了，基准利率涨了，小陈的利率就又得涨回去[笑而不语]少了41万言之过早;29;303;332;55119;0.0060233313376512635
12346;不要高兴的这么早 谁知道什么时候又涨回去呢;18;298;316;55119;0.005733050309330721
12365;为什么不是直接自动降低，还要去跟银行协商？;33;241;274;55119;0.004971062609989296
12399;不懂就问：有那些房者激动得一夜没睡觉啦[疑问][疑问][疑问];30;201;231;55119;0.004190932346377837
12430;利息是少了不假，但是韭菜们现在有首付的钱吗[doge];16;179;195;55119;0.0035378000326566155
12447;你和人家什么关系，为什么人家睡不着第一时间告诉你啊[哼];5;154;159;55119;0.0028846677189353943
12453;都还没出细则呢;5;111;116;55119;0.0021045374553239353
12459;首套房直接自动降，而不是申请！这才是好消息！;11;123;134;55119;0.002431103612184546
12472;刚刚去买了几套，用的两成首付，然后贷款50年，保证不提前还;13;52;65;55119;0.0011792666775522053
12486;现在的房子除了刚需没人买，新房贵，二手房便宜都卖不出去，新房买到手就亏，都是有市五价，可能北上广深要好很多，其他城市惨不忍睹，我们小区从18年2.7万一平现在跌到最低1.9万那套挂了半个月还没卖出去;25;60;85;55119;0.0015421179629528838
12512;难道这不是应该的嘛[二哈]！房价上涨的时候购房者不得不买的时候，他在承受高房价的同时还不得不承受贷款银行过来宰你一刀🔪还不能反抗，没有老百姓存钱给银行🏦你银行怎么活下去，但却落井下石有啥好激动的;11;58;69;55119;0.001251836934632341
12524;老是这么搞 是资本家的手段吗 散播这种消息;1;49;50;55119;0.0009071282135016963
12526;房子，单边上涨，一定是不可持续的，然而一味看空，一味的无脑卖空也是不可行的。 国人的资产，一定要留在国内，而国内，作为资产的蓄水池，房地产不能占比过高，也不能短时间内出现被卖空的情况。我们应该鼓励创业，鼓励投资，政策不仅仅要呵护房市，更重要的是要解决就业，解决资产安全和活力升值。;5;39;44;55119;0.0007982728278814928
12532;[嘻嘻]少的41万，在8线小城又可以买一套房了～;4;38;42;55119;0.0007619876993414249
12537;房价涨了要骂房价跌了也骂[笑cry]真精彩;28;29;57;55119;0.001034126163391934
12567;我当时就没选LPR，就每个月固定挺好，涨涨降降的[允悲];13;10;23;55119;0.0004172789782107803
12582;政策力度不够大，这政策只能让有房贷的少一些压力，并不能刺激更多人买房。[开学季];1;23;24;55119;0.00043542154248081425
12597;感觉是为了让大家买房，挽留这两年的房市低迷，这样一来，担心房价上涨📈;2;3;5;55119;9.071282135016963e-05
12602;借款人可选择新发放贷款置换存量房贷，或者协商变更合同约定利率水平两种方式，调整存量首套住房商业性个人住房贷款。谁来解释解释看不懂;2;1;3;55119;5.442769281010178e-05
12607;这热搜，看来房地产真不行了;1;8;9;55119;0.00016328307843030534
12609;公积金贷款的呢？;6;4;10;55119;0.00018142564270033927
12646;6.1只能降到4.65[doge];1;4;5;55119;9.071282135016963e-05
12669;存量房贷利率怎么调？就是要符合贷款发放时当地的房地产政策，也就是不低于当时所在城市房贷利率政策的下限。这句话估计都看不懂，为什么？;1;2;3;55119;5.442769281010178e-05
12689;该哭还是该笑呢[思考];1;0;1;55119;1.8142564270033927e-05
12698;小编你能负责任讲吗？一线城市哪个能给你降到4.3？？？适合二三四线城市去存量;1;0;1;55119;1.8142564270033927e-05
12741;这样房价真要跌了感觉;1;1;2;55119;3.6285128540067854e-05
12946;一个1.5万亿负债继续融资是不是合理的？那一个2.5万亿负债继续融资是不是合理的[苦涩][苦涩];1;0;1;55119;1.8142564270033927e-05
12948;明明没这件事，偏偏造词都要造一个出来[doge];1;0;1;55119;1.8142564270033927e-05
12952;攀登者智慧和汗水，构思着一首信念和意志的长诗。　　;1;1;2;55119;3.6285128540067854e-05
12954;爱得不够，才借口多多。;1;1;2;55119;3.6285128540067854e-05
12956;都会走的，无一例外。;1;1;2;55119;3.6285128540067854e-05
12958;说到我的心理头了;1;1;2;55119;3.6285128540067854e-05
12960;你有多特别，通过数千人，近视也能一目了然。;1;1;2;55119;3.6285128540067854e-05
12962;南墙已撞，故事已忘。;1;1;2;55119;3.6285128540067854e-05
12964;把人掐进ICU了然后说现在你可以喘口气啦[doge];1;1;2;55119;3.6285128540067854e-05
12966;在逆境中，智者知难而进，愚者消沉不前。　　;1;1;2;55119;3.6285128540067854e-05
12974;走势确实激动人心，差点儿以为是牛来了//@知足常樂cyb:今天网上全是激动人心的股评。;1;1;2;55119;3.6285128540067854e-05
13008;622/926 http://t.cn/A60l224E;1;6;7;55119;0.0001269979498902375
13016;感觉这个月政策出不来;2;0;2;55119;3.6285128540067854e-05
13020;美菲 券商有没有看好的标的;2;0;2;55119;3.6285128540067854e-05
13023;沙发[偷笑];1;0;1;55119;1.8142564270033927e-05
13025;龙不看好[哈哈];1;3;4;55119;7.257025708013571e-05
13035;好久没写短文了，有点手生，感觉没写好[抓狂];20;258;278;55119;0.005043632867069431
13056;我还很奇怪为什么攻能接受白月光住家里[衰]你要是喜欢受就别优柔寡断还让别人住家里膈应人，还是你真的喜欢白月光家里养了人都要接白月光回来住，那你受的一切苦都是你该受的。不然你还想怎样呢？你让白月光住家里白月光质问的时候不说有喜欢的人保留一点尊严还要跟他一起抢男人吗？那多难看啊;12;378;390;55119;0.007075600065313231
13070;换名字啦 眼熟我眼熟我[送花花][送花花][送花花];2;23;25;55119;0.0004535641067508482
13073;[生病]这篇就是攻自己作的呀，谁会这么对自己喜欢的人呀。说他是替身，说他没有价值，唯一的价值就是像别人。还总和另一个人暧昧，带另一个人出门，不尊重他也不在乎他。你这样怎么还想着别人挽留你呢？[生病]你被这样对待还愿意挽留么，那不是自轻自贱嘛;4;395;399;55119;0.007238883143743537
13078;嘴如果没什么用，就扔了吧[微笑][微笑];1;257;258;55119;0.004680781581668753
13080;这个攻只配多年以后看着老婆跟攻二开开心心过日子，家里还养了只柴犬，然后柴犬有黄焖鸡吃他没有。;1;283;284;55119;0.005152488252689635
13082;不会张口啊这个攻，剧情很像我之前看过的一篇，但不是替身文，攻的白月光回来了，但是腿有问题，抱进来抱出去的，还给安排医治，让身边人误会，受甘愿陪在身边，后来受得了癌症，走了，攻才追，把白月光送出国，又把受接回来，一系列的操作下来…我是真的很烦这种优柔寡断的攻[晕];13;51;64;55119;0.0011611241132821713
13099;看得我烦，不张嘴的不要推给我了;1;13;14;55119;0.000253995899780475
13105;有没有后续！！;1;1;2;55119;3.6285128540067854e-05
13324;好好好 我还看到后续[泪];1;0;1;55119;1.8142564270033927e-05
13404;随它去，能来个大波浪也不错[嘻嘻];1;1;2;55119;3.6285128540067854e-05
13410;那最近到底能不能下手啊;2;0;2;55119;3.6285128540067854e-05
13431;和西安政策一样，约等于全部放开;1;0;1;55119;1.8142564270033927e-05
13440;我饿的都拉不出屎了 去医院医生给我开泻药;4;169;173;55119;0.003138663618715869
13445;政策出了我也买不起啊;4;74;78;55119;0.0014151200130626462
13450;骗你生二胎 再骗你买房[拜拜];1;55;56;55119;0.0010159835991219
13452;不可能买！主要是价格没降？还有每年的物业费太高了！开支太大！没钱了啊！;1;43;44;55119;0.0007982728278814928
13454;给有钱的，改善住房、炒房的出的政策[doge]。真正刚需能被那一点门槛限住？能限住的不是社保缴纳年限，是钱不够;5;34;39;55119;0.0007075600065313231
13462;王健林都说了，拉动消费最好的办法就是发钱或者涨工资。人都没钱，你搞其他的都是虚的。把百分之九十八的钱都集中百分之二的人身上有啥用，钱不流通就是废纸一张。;1;15;16;55119;0.00029028102832054283
13464;明天就在武汉天地买十套 在在东湖腹地买十套;6;10;16;55119;0.00029028102832054283
13471;真是服了，富的多生孩儿的人越买越富，穷的人生不起也买不起的人越来越穷（是我不够努力了[开学季];2;10;12;55119;0.00021771077124040712
13487;啥时候把落户政策也改一下？100平新房才能落户，也还是很贵啊;4;0;4;55119;7.257025708013571e-05
13499;首付多少？;1;2;3;55119;5.442769281010178e-05
13509;二环内的房子最便宜的也要两万以上了，你解除限购我也买不起，让有钱人多买几套吧，我反正不买;1;2;3;55119;5.442769281010178e-05
13534;我没懂，是二环内取消，二环外还是继续限购？？？;1;0;1;55119;1.8142564270033927e-05
13540;取消限购的意思是不限地区也不限户籍吗;1;1;2;55119;3.6285128540067854e-05
13548;孝感户口，在武汉没交社保可以买吗？;5;0;5;55119;9.071282135016963e-05
13554;笑死人，你觉得大家还会上当去买房吧[微笑];1;0;1;55119;1.8142564270033927e-05
13562;把公摊也取消呗。[并不简单];1;3;4;55119;7.257025708013571e-05
13585;我河北的好像和我没啥关系[微笑];3;1;4;55119;7.257025708013571e-05
13592;武汉出了 别的地方呢;1;0;1;55119;1.8142564270033927e-05
13617;这话问的！ 二环外你说限不限购！;1;0;1;55119;1.8142564270033927e-05
13627;有人已经开始抄底房地产相关了[doge];2;0;2;55119;3.6285128540067854e-05
13637;这能干啥呢;2;1;3;55119;5.442769281010178e-05
13640;工具箱快空了[允悲][允悲];4;0;4;55119;7.257025708013571e-05
13652;打爆银监会电话投诉。凭什么2019年之后这4年的要当冤大头。;7;29;36;55119;0.0006531323137212214
13663;妈的 太黑了 2019-2023的不降 太黑了！;4;11;15;55119;0.0002721384640505089
13670;刚买的首套➕30BP找谁哭去，前面存量坚决不调，后脚马上降基点[委屈];2;3;5;55119;9.071282135016963e-05
13685;听说昨天大中介才成交133，不知道今天如何。我家房子好几天都没带看的了。;7;6;13;55119;0.00023585333551044105
13693;3677/8659 http://t.cn/A6OjCWAx;2;9;11;55119;0.0001995682069703732
13696;疲软啊。二月底卖的小区现在挂牌价比当时成交价都降了5%了。[允悲][并不简单];1;2;3;55119;5.442769281010178e-05
13703;这是跟去年一样的么，秋叶;4;0;4;55119;7.257025708013571e-05
13712;财政部：1-8月完成全年新增专项债券限额的77.5% 比序时进度快10.8个百分点】财政部国库司司长李先忠在新闻发布会上表示，1-8月，各地发行用于项目建设等专项债券2.95万亿元，完成全年新增专项债券限额的77.5%，比序时进度快10.8个百分点。;1;0;1;55119;1.8142564270033927e-05
13728;请问我是二手房，但是是首套，在调整范围内吗？@人民银行;1;0;1;55119;1.8142564270033927e-05
13762;正在关注！;1;1;2;55119;3.6285128540067854e-05
13790;不懂就问，拿了诺奖为啥要去东莞买房;1;18;19;55119;0.0003447087211306446
13809;磊哥，适应房地产市场供求关系发生重大变化的新形势，这句话是不是针对的是全国地产市场，但是对于局部城市并不适用，对于求大于供的城市，还是有上涨空间[作揖];2;0;2;55119;3.6285128540067854e-05
13823;措施出台了，看能不能卖掉了;1;0;1;55119;1.8142564270033927e-05
