一级评论;实际爬取到的二级评论内容;单条评论情绪值;信任度指数1;正向情绪最大绝对值;负向情绪最大绝对值;情绪极性差值;信任度指数2;一级评论账号的粉丝数;信任度指数4;信任度值;归一化信任度值
除了经济制裁，中国没有什么很好的反制手段[挖鼻];回复@薄荷糖1qaz:北边更加桀骜不驯，就是只喂不熟的狼，送了也不会听你的。而且这个国家太封闭了，你几乎没有影响他的办法。;-0.8693733200552003
除了经济制裁，中国没有什么很好的反制手段[挖鼻];给北边送10啊[doge];-0.7596736993078426
-----;------;------;0.054849810373678864;;-0.8693733200552003;0;1.0;5136;2.1448161668291468e-05;0.42194421378180524;0.7032403563030086
繁华西厂房在拆迁;我咋没看到哪个厂房;-0.8683877651650858
-----;------;------;0.0;;-0.8683877651650858;0;1.0;63;2.6309076812740703e-07;0.40000005261815363;0.6666667543635892
离市区远;你指的市里是庐阳区？那边人去政务滨湖多，本身离得就近;-0.9062779258867424
-----;------;------;0.0;;-0.9062779258867424;0;1.0;154;6.431107665336616e-07;0.40000012862215334;0.6666668810369222
这点钱，微乎其微...前阵子我才知道原来小娃娃打疫苗不免费。我之前理所当然地以为这是基本福利。。。;回复@王秘书的休息室:那没有的。。。以前幼儿园还打，现在幼儿园都这么多私立，传染病也少了。;0.7561052743679166
这点钱，微乎其微...前阵子我才知道原来小娃娃打疫苗不免费。我之前理所当然地以为这是基本福利。。。;回复@欧阳秋叶:是有很少部分是免费。但朋友小孩才几个月大，现在都是自费了，本以为至少2-3岁以下的疫苗zf都替你准备的...;0.8945120765446319
这点钱，微乎其微...前阵子我才知道原来小娃娃打疫苗不免费。我之前理所当然地以为这是基本福利。。。;有几个是免费的;0.2693333333333334
-----;------;------;0.26811105212219205;0.8945120765446319;;0;1.0;2;8.35208787706054e-09;0.5072444225192945;0.8454073708654907
少生优生幸福一生，只生一个好;山区农村要想富，少生孩子多种树;0.9933066657875937
少生优生幸福一生，只生一个好;只生一个好，xx来养老[悲伤];0.9927469437672372
少生优生幸福一生，只生一个好;晚婚晚育，少生优生;-0.02689987085105905
-----;------;------;0.48079810006675505;0.9933066657875937;-0.02689987085105905;1.0202065366386528;0.4898967316806736;1;4.17604393853027e-09;0.3882779335341803;0.6471298892236337
连请个保姆都不够;奶粉钱都不够还请保姆;-0.2492588989276281
-----;------;------;0.0;;-0.2492588989276281;0;1.0;88;3.6749186659066377e-07;0.40000007349837335;0.6666667891639555
只生一个好，zf来养老[喵喵];少生优生幸福一生;0.9640033945596802
-----;------;------;0.0;0.9640033945596802;;0;1.0;355;1.482495598178246e-06;0.40000029649911967;0.6666671608318661
建议直接承包小孩5岁前的所有育儿费用;五岁其实也不够;0.30695280277444925
-----;------;------;0.0;0.30695280277444925;;0;1.0;215;8.978494467840081e-07;0.40000017956988937;0.6666669659498156
一次性补贴就算了，每个月都补贴才能吸引;每个月补贴连基本开销都负担不了。添人口可能要换的车房请的月嫂，必须得产妇的月子和产检，孩子奶粉尿不湿。一个月600[哈哈]……一个月补贴6000还可能有人上当[doge][doge][doge];-0.9999969375011519
-----;------;------;0.0;;-0.9999969375011519;0;1.0;32;1.3363340603296865e-07;0.4000000267266812;0.6666667112111353
中国的人口年龄结构中间大两头小，这就是让你们生的原因，出生率不提高的话，就不是延迟退休这么简单了;哈哈，话这么说没错，但是压力太大了;-0.16187385291010692
-----;------;------;0.0;;-0.16187385291010692;0;1.0;150;6.264065907795405e-07;0.4000001252813182;0.6666668754688635
还不如从结婚就开始奖励，M2那么多万亿流入市场，还不如人均直接发，这么点抠抠搜搜的钱彩礼都不够给，还生;这个问题我确实考虑过，不过从经济学来说直接发钱大概率会通胀，尤其是生活必需品涨价;0.9509100857624451
-----;------;------;0.0;0.9509100857624451;;0;1.0;57;2.380345044962254e-07;0.40000004760690094;0.6666667460115014
不是每个人的父母都有能力给你在工作地买房的哈，10个里面有5个差不多了;回复@勤快的七浪:所以结婚的人多啊，人口太多，百分之三十父母有钱在工作地买房就已经很多人了;0.9793674860111221
不是每个人的父母都有能力给你在工作地买房的哈，10个里面有5个差不多了;那还少？;0.024328127604090977
-----;------;------;0.47751967920351557;0.9793674860111221;;0;1.0;505;2.1089021889577865e-06;0.591008293461844;0.9850138224364066
把每年的1,000万大学毕业生培养为未来的房奴吗？[允悲];不培养成房奴怎么让你安心打工呀;0.9198580432851964
把每年的1,000万大学毕业生培养为未来的房奴吗？[允悲];回复@第七飘:10年以上房龄的，基本都会想要改善，只要钱够;-0.9297728111600887
把每年的1,000万大学毕业生培养为未来的房奴吗？[允悲];[悲伤]这个社会，唉;0.9881023965998583
把每年的1,000万大学毕业生培养为未来的房奴吗？[允悲];这是人口红利，国家要利用好;0.9001794747664238
把每年的1,000万大学毕业生培养为未来的房奴吗？[允悲];其实这几年成年毕业的人尤其多[doge][doge];0.7380923083150748
把每年的1,000万大学毕业生培养为未来的房奴吗？[允悲];真相[doge];0.6277604550281262
把每年的1,000万大学毕业生培养为未来的房奴吗？[允悲];回复@美七j:毕业不在家乡工作的话基本上要在工作地买一套。前提是工作稳定了;0.9752635232874931
把每年的1,000万大学毕业生培养为未来的房奴吗？[允悲];回复@超车新赛道:你怎么知道没人逼，现在农村的学校都在慢慢撤了，你不买房总有一代上不了学，逼你的难道非得是具体的人吗？;0.8542513298611105
把每年的1,000万大学毕业生培养为未来的房奴吗？[允悲];要不国家要他们何用;0.1837603666741645
把每年的1,000万大学毕业生培养为未来的房奴吗？[允悲];不就一直是这样做的？现在解决不了就业连做房奴的资格都没有[笑哈哈];0.1747224499561839
把每年的1,000万大学毕业生培养为未来的房奴吗？[允悲];这1000万大学生家里大部分可都有房啊。;0.6102687427593743
把每年的1,000万大学毕业生培养为未来的房奴吗？[允悲];这一千万，家里就有的抛去还有多少[嘻嘻];0.9579205269885132
把每年的1,000万大学毕业生培养为未来的房奴吗？[允悲];没人逼你去大城市买，鹤岗便宜得很;0.5429731216815852
把每年的1,000万大学毕业生培养为未来的房奴吗？[允悲];还用说嘛，不成房奴难道让你吃饱穿暖吗。;-0.5361648936745602
把每年的1,000万大学毕业生培养为未来的房奴吗？[允悲];六个钱包已掏空;-0.488045476493711
把每年的1,000万大学毕业生培养为未来的房奴吗？[允悲];子子孙孙无穷尽也[doge];0.6396208140372606
-----;------;------;0.5861925470769944;0.9881023965998583;-0.9297728111600887;1.917875207759947;0.04106239612002649;457;1.9084520799083335e-06;0.25090235896922436;0.41817059828204056
救不了的了，慢慢会崩盘;回复@doinnn520:我朋友研究经济，全世界都加息就我们不加。国外经济不好我们能好到哪去?不需要国外就不会放开了[doge];-0.39445581674019503
救不了的了，慢慢会崩盘;房子长期看人口，20后房子真是白菜价;0.9021960157266045
救不了的了，慢慢会崩盘;回复@doinnn520:就美国的哈勃望远镜就很厉害了！;0.5304790098347612
救不了的了，慢慢会崩盘;回复@doinnn520:至于你说以前情况更凶险没有错，但是牌也多，以前我们低负债，可以加杠杆，以前我们可以压低工人工资获取产品优势，以前我们可以牺牲农业给工业吸血，以前我们有很多赛道可以走可以挖掘，现在这些优势有些不见了有些削弱了。面对的困难其实没有以前大，但你能打的牌也打的差不多了，还能出什么牌尼？;0.6538638713981426
救不了的了，慢慢会崩盘;回复@doinnn520:科技转型成功了？华为能用5g芯片了，化工机械相关不是还是被欧美压着打，国内现在有几个化工世界名企，我不想否认国内进步飞快，但你这句说上去好像我们已经转型成功了让我摸不着头脑。;0.5665569716739824
救不了的了，慢慢会崩盘;回复@doinnn520:人口增长为负的第一年。。。最危险的2022。。。兄弟可能这是最好的一年了;-0.48466659659608835
救不了的了，慢慢会崩盘;救得了，以后房价会使劲的涨![笑cry]涨到天上去!;0.35878480201767027
救不了的了，慢慢会崩盘;回复@doinnn520:这个我知道，但博主现在说的是房地产的话题。;-0.18343279040584992
救不了的了，慢慢会崩盘;回复@doinnn520:国内只会唱好你不会不知道吧？你能不能去专业的地方看一看[汗];-0.3561002388926593
救不了的了，慢慢会崩盘;回复@doinnn520:主要是没人接盘了，62年婴儿潮，一年2000多万人退休，年轻的补不上，没需求了，崩是早晚的事。当然一线城市还是能挺住，不过占中国80%以上的三四线城市就...;0.22692606451853647
-----;------;------;0.4736844271492536;0.9021960157266045;-0.48466659659608835;1.3868626123226928;0.3065686938386536;18;7.516879089354486e-08;0.312101263428921;0.5201687723815349
其实很简单，宣布工资倍增计划，未来三年工资倍增，然后把钱印出来;回复@势微而力博:哈哈，我的说啥，你是一点也不懂;-0.6925454494406622
其实很简单，宣布工资倍增计划，未来三年工资倍增，然后把钱印出来;你以为会到你手里？;0.18264267841279969
其实很简单，宣布工资倍增计划，未来三年工资倍增，然后把钱印出来;回复@世界的战士:你的手速不够快;0.9345411307627436
其实很简单，宣布工资倍增计划，未来三年工资倍增，然后把钱印出来;也应该涨工资了，里面没涨了，钱还不停贬值，物价却在飞涨[允悲][允悲];0.9917059696142267
其实很简单，宣布工资倍增计划，未来三年工资倍增，然后把钱印出来;几年没涨工资了;-0.2874678956074308
其实很简单，宣布工资倍增计划，未来三年工资倍增，然后把钱印出来;回复@Zoecang:你说的很对，就是放弃汇率;-0.5716010971160934
-----;------;------;0.6742195127044633;0.9917059696142267;-0.6925454494406622;1.684251419054889;0.15787429047255552;200;8.35208787706054e-07;0.3328376883125651;0.5547294805209417
任何人为地拯救都是向经济法则的挑战。所谓宏观调控也不例外。在没有伤及经济筋骨的条件下，任何调控无非是人为地推进或延缓了经济规律起作用的时间。最终还是经济法则要起作用。任何问题累积越久，爆发的烈度愈甚。;人定胜天[二哈];0.3518682990374242
任何人为地拯救都是向经济法则的挑战。所谓宏观调控也不例外。在没有伤及经济筋骨的条件下，任何调控无非是人为地推进或延缓了经济规律起作用的时间。最终还是经济法则要起作用。任何问题累积越久，爆发的烈度愈甚。;"很赞同，反正以目前的状态，我乐观不起来。房价问题现在的情形是:涨，百姓苦;跌，百姓苦。";0.602461821533506
任何人为地拯救都是向经济法则的挑战。所谓宏观调控也不例外。在没有伤及经济筋骨的条件下，任何调控无非是人为地推进或延缓了经济规律起作用的时间。最终还是经济法则要起作用。任何问题累积越久，爆发的烈度愈甚。;没毛病，经济客观规律不会被轻易改变的，人无法对抗规律;0.7439070442700348
-----;------;------;0.16210361649113345;0.7439070442700348;;0;1.0;632791;0.0026425630199065084;0.4653699592004347;0.7756165986673911
月供的关键在供，拿啥供？;中年人坑完开始坑大学生了[悲伤]，大学生哪来的钱呀[哈哈];0.7482519923511814
-----;------;------;0.0;0.7482519923511814;;0;1.0;86;3.5913977871360325e-07;0.40000007182795577;0.6666667863799262
[doge]总结一下当今一些人对都盼着大学毕业生的期待：1.1000万人就业率100%2.月薪税后2万3.买房有首付4.还贷后还能买台电动车代步5.每个月没有结余都用来消费[doge][doge][doge];月薪两万都买不起房子;-0.28317922558431285
[doge]总结一下当今一些人对都盼着大学毕业生的期待：1.1000万人就业率100%2.月薪税后2万3.买房有首付4.还贷后还能买台电动车代步5.每个月没有结余都用来消费[doge][doge][doge];大学生自己也是这么盼望的;0.8000599230291014
-----;------;------;0.5416195743067072;0.8000599230291014;-0.28317922558431285;1.0832391486134143;0.45838042569329285;44;1.8374593329533189e-07;0.40000003674918666;0.666666727915311
1100万大学生有900多万的爹妈都给买房了;起码有一半多是自己或者父母需要背带款的啊[挖鼻];0.18537336592463372
-----;------;------;0.0;0.18537336592463372;;0;1.0;2193;9.158064357196883e-06;0.40000183161287145;0.6666697193547857
根据炒股多年养成的惯性分析，这么多人唱空，确实上涨的概率比较大了;他涨任他涨[doge];0.29630374835792517
-----;------;------;0.0;0.29630374835792517;;0;1.0;2017;8.423080624015555e-06;0.40000168461612484;0.666669474360208
这个才是硬实力宣传http://t.cn/A69lXID8;我说我的窝怎么连一半都没有，原来是2030年[笑cry];0.6689156688370024
-----;------;------;0.0;0.6689156688370024;;0;1.0;440;1.837459332953319e-06;0.4000003674918666;0.666667279153111
真伟大，社会主义居然搞得没有房子住;早zb了，比zb还zb;-0.01451673264729858
-----;------;------;0.0;;-0.01451673264729858;0;1.0;607;2.534858670687874e-06;0.40000050697173417;0.6666675116195568
今年开始毕业大学生很难找到高薪工作，靠什么买房？;自信点，把高薪去掉;0.7831558135977903
-----;------;------;0.0;0.7831558135977903;;0;1.0;5347;2.2329306939321354e-05;0.4000044658613879;0.6666741097689797
第五点一看就是错的啊为什么看空房市的人越多就是要买房的人越多？这是啥逻辑？;说明李嘉诚之流无片瓦遮头[二哈];-0.288659131558459
-----;------;------;0.0;;-0.288659131558459;0;1.0;28;1.1692923027884756e-07;0.40000002338584606;0.6666667056430766
还有余地不过现在还不到时候;持关;-0.5358230968438349
-----;------;------;0.0;;-0.5358230968438349;0;1.0;53;2.2133032874210431e-07;0.4000000442660658;0.6666667404434429
稳(song)得一批[doge][求饶];持续关注;0.6083595075133454
-----;------;------;0.0;0.6083595075133454;;0;1.0;790;3.2990747114389136e-06;0.4000006598149423;0.6666677663582371
[二哈];[doge];0.0
-----;------;------;0.0;0.0;0.0;0;1.0;33;1.378094499714989e-07;0.40000002756189;0.6666667126031499
要赶农民进城很简单，镇以下的学校统统撤掉，农民自然会跑城里为开发商接盘。[笑cry][笑cry][笑cry];我们镇（坐标广东省粤西），现在已经把5、6年级的学生集中在镇里的小学统一上课了，村小学暂时只有1-4年级，长远来看，村小学也只有裁撤一途了;0.9998170794758467
要赶农民进城很简单，镇以下的学校统统撤掉，农民自然会跑城里为开发商接盘。[笑cry][笑cry][笑cry];也别主动撤了，就每年招新老师都招不起来，都是教育局行政分配来的;-0.9972113046905502
要赶农民进城很简单，镇以下的学校统统撤掉，农民自然会跑城里为开发商接盘。[笑cry][笑cry][笑cry];我们村已经没有学校好多年了，每年就十个左右的新生儿，学校根本没法开，小学都去邻村上。很多中学生的母亲在县城租房子专门管孩子。;0.9988080574273843
要赶农民进城很简单，镇以下的学校统统撤掉，农民自然会跑城里为开发商接盘。[笑cry][笑cry][笑cry];笑死，你以为现在村小还像零几年那么多嘛，以我这里镇为例，因为师资问题很多家长早把小孩送镇上或者城市买房在市里读书了，村小取缔无数了，中学民办撑着公办也是生源少的可怜，大不了住校呗，放假该回老家还是回老家，农村有房的谁在乎市里的高楼建筑;-0.5934656154741567
要赶农民进城很简单，镇以下的学校统统撤掉，农民自然会跑城里为开发商接盘。[笑cry][笑cry][笑cry];现在农村中小学生源就很困难了……;0.8722869050493172
-----;------;------;0.8691337759234669;0.9998170794758467;-0.9972113046905502;1.997028384166397;0.0014858079168015292;53;2.2133032874210431e-07;0.3482478778021731;0.5804131296702884
都去县城落户，那老家稻田怎么搞呢，城市失业还能老家种田不愁吃喝，迁出去了未来重新划分田土就没得了吧;土地国家会慢慢回收的，至于种地今后大规模机械化的效率就不用担心了！;0.969883294827417
都去县城落户，那老家稻田怎么搞呢，城市失业还能老家种田不愁吃喝，迁出去了未来重新划分田土就没得了吧;但凡看一眼“鼓励有条件有意愿”[偷笑];0.6613304797682356
都去县城落户，那老家稻田怎么搞呢，城市失业还能老家种田不愁吃喝，迁出去了未来重新划分田土就没得了吧;那不就是佃户给地主打工那一套？;-0.0790961548047735
都去县城落户，那老家稻田怎么搞呢，城市失业还能老家种田不愁吃喝，迁出去了未来重新划分田土就没得了吧;等承包[允悲][允悲];0.9708442102451875
-----;------;------;0.4288042071775121;0.9708442102451875;-0.0790961548047735;1.049940365049961;0.4750298174750195;17;7.09927469550146e-08;0.3615336240595621;0.60255604009927
[允悲]我还想要一个农村户口想要一个宅基地几块地;两头都占着当然不可能了[允悲];0.8181087772294653
-----;------;------;0.0;0.8181087772294653;;0;1.0;254;1.0607151603866885e-06;0.4000002121430321;0.6666670202383868
你买了没;回复@知识匠:那你是城里人了[doge];0.581305652218272
你买了没;没，买不起[允悲];0.6839909550997523
-----;------;------;0.05134265144074013;0.6839909550997523;;0;1.0;798;3.3324830629471557e-06;0.42053772707290865;0.700896211788181
进城，何以立足？;两条腿呢，站起来就立足了[污][污];-0.5061231528195125
进城，何以立足？;[doge][doge][doge]人家砖家都不考虑这个;-0.31147124084443734
-----;------;------;0.09732595598753757;;-0.5061231528195125;0;1.0;58;2.4221054843475567e-07;0.43893043083712474;0.7315507180618744
说到底就是惦记农民的土地。;感觉应该好像是[doge][doge][doge];-0.1420305227215095
-----;------;------;0.0;;-0.1420305227215095;0;1.0;178;7.433358210583881e-07;0.4000001486671642;0.6666669144452736
然后，供个物业叫爹[允悲];[赞][赞][赞]精辟;0.9995157102931065
-----;------;------;0.0;0.9995157102931065;;0;1.0;92;3.8419604234478487e-07;0.4000000768392085;0.6666667947320141
在农村，虽然一个月100来块钱退休金，但是消费低，很多东西可以自己种点，真要去了城里，啥都得要钱了。;不如乡下清净;-0.9117366197592125
-----;------;------;0.0;;-0.9117366197592125;0;1.0;23;9.604901058619622e-08;0.40000001920980216;0.6666666986830035
博主平常发的微博都挺可人的，一涉及到政经就傻里吧唧的;[doge][doge][doge]可人也不见你高低整几句;-0.9430536728053016
-----;------;------;0.0;;-0.9430536728053016;0;1.0;10;4.1760439385302704e-08;0.4000000083520879;0.666666680586813
想回村怎么办？;任何人也不是想去哪就能去哪;-0.3241023151318805
想回村怎么办？;没有人真正想回农村;0.1253951750857174
-----;------;------;0.22474874510879894;0.1253951750857174;-0.3241023151318805;0.4494974902175979;0.7752512548912011;199;8.310327437675238e-07;0.40000016620654877;0.6666669436775812
房产界欢乐喜剧人大哥2023年就销声匿迹了;[笑cry];0.354984215153453
房产界欢乐喜剧人大哥2023年就销声匿迹了;忙看房去了[doge];-0.39326589375949794
-----;------;------;0.3741250544564755;0.354984215153453;-0.39326589375949794;0.748250108912951;0.6258749455435245;13;5.4288571200893513e-08;0.40000001085771425;0.666666684762857
暴跌一触即发[doge];蔚来还行[doge]我说这车;0.0037795357078336256
-----;------;------;0.0;0.0037795357078336256;;0;1.0;274;1.144236039157294e-06;0.4000002288472079;0.6666670480786797
挂牌量又下来了;持续关注;0.6083595075133454
-----;------;------;0.0;0.6083595075133454;;0;1.0;19;7.934483483207513e-08;0.400000015868967;0.6666666931149449
持关[doge];嗯[doge];0.0
-----;------;------;0.0;0.0;0.0;0;1.0;39;1.6286571360268053e-07;0.40000003257314276;0.6666667209552378
82/14http://t.cn/A6KeYP9N;新年快乐;0.4112281982898178
-----;------;------;0.0;0.4112281982898178;;0;1.0;790;3.2990747114389136e-06;0.4000006598149423;0.6666677663582371
#打卡，围观，躺平，住二环老破小##撸猫，聊球，踩盘，看白话二手房#某区卖房:我们这未来有rdf！！！丰台卖房:我们未来这有个学校。[doge][吃瓜];[哈哈];0.052465563615616606
-----;------;------;0.0;0.052465563615616606;;0;1.0;790;3.2990747114389136e-06;0.4000006598149423;0.6666677663582371
取消二套吧[泪];回复@佳爷房谈齐小白:政策一刀切真服了;-0.8813367422833263
取消二套吧[泪];[苦涩];0.75
-----;------;------;0.8156683711416631;0.75;-0.8813367422833263;1.6313367422833263;0.18433162885833687;137;5.72118019578647e-07;0.40000011442360395;0.6666668573726732
三个月一提和租房1500限额还在吗;回复@andrex1ong:[作揖];-0.8274800856638003
三个月一提和租房1500限额还在吗;回复@佳爷房谈齐小白:辛苦辛苦[喵喵];0.8475776311045948
三个月一提和租房1500限额还在吗;看描述是增加了按月一提，1500没提，我理解是不变，看看后面有没有细则，或执行情况，我再做跟进分享。;-0.2340704706949297
-----;------;------;0.6934547923877123;0.8475776311045948;-0.8274800856638003;1.675057716768395;0.16247114161580245;29;1.2110527421737784e-07;0.34237039782246076;0.5706173297041012
房租能涨点儿。提高点租售比。;为了盘活公积金里的钱吧;-0.4979397844378388
-----;------;------;0.0;;-0.4979397844378388;0;1.0;91;3.800199984062546e-07;0.4000000760039997;0.6666667933399995
国管之前可以按月提还房贷不;回复@佳爷房谈齐小白:谢白总;0.1687888946056546
国管之前可以按月提还房贷不;这个建议还是打公积金客服电话问问，节后上班了我也核实下;-0.9860341569061382
-----;------;------;0.5774115257558964;0.1687888946056546;-0.9860341569061382;1.1548230515117928;0.4225884742441036;158;6.598149422877827e-07;0.4000001319629885;0.6666668866049807
小白，今年除了深圳还有其他地方要落地房产税吗？;这个真没听说。。;-0.27921474243192246
-----;------;------;0.0;;-0.27921474243192246;0;1.0;626;2.6142035055199493e-06;0.40000052284070114;0.6666675380678352
有公积金的需要租这种房子？;当然，这种房子便宜，有的还离单位近，好处不要太多;-0.01097264158628386
有公积金的需要租这种房子？;需要，有公积金也不意味有高薪;-0.21863654460871063
-----;------;------;0.10383195151121338;;-0.21863654460871063;0;1.0;41;1.7121780147974108e-07;0.4415328148480457;0.7358880247467428
北京公租房的标准十几年不变，这十来年北京gdp增长了多少，人均增长了gdp多少。。。我就呵呵了！;真的，三口人不超10万，扯他妈蛋，都吃低保吧，低保还免费;-0.8481757833578596
-----;------;------;0.0;;-0.8481757833578596;0;1.0;59;2.4638659237328593e-07;0.40000004927731847;0.6666667487955307
烂尾之都;我刚去了一趟，确实没错;-0.06317443848616056
-----;------;------;0.0;;-0.06317443848616056;0;1.0;183;7.642160407510394e-07;0.40000015284320817;0.6666669214053469
能不能直接规定不准卖期房，只准卖现房呢？我都快被恒大气死了[允悲];买二手房算了;-0.9194403639442923
能不能直接规定不准卖期房，只准卖现房呢？我都快被恒大气死了[允悲];其实过去各单位集资建房就是一种期房;0.14708268934477875
能不能直接规定不准卖期房，只准卖现房呢？我都快被恒大气死了[允悲];都坚持不买就好了;0.7523024956336313
-----;------;------;0.69109306542214;0.7523024956336313;-0.9194403639442923;1.6717428595779236;0.16412857021103822;435;1.8165791132606677e-06;0.34208901756909393;0.5701483626151564
谁告诉你的测量要三个月。一个周的事情让个搞成三个月。而且你连最基本的竣工验收步骤都没搞清楚，很多验收都是过程中就开始验收了，测量属于分户验收，室内施工差不多的时候就能验收。哪怕是公区没施工;美国佬告诉他的，每天他不喷一下感觉生活少点啥，他眼里就是美国政策好，中国任何政策都不行[哈哈][哈哈];0.7712164384770297
谁告诉你的测量要三个月。一个周的事情让个搞成三个月。而且你连最基本的竣工验收步骤都没搞清楚，很多验收都是过程中就开始验收了，测量属于分户验收，室内施工差不多的时候就能验收。哪怕是公区没施工;回复@你们称他zhang麻子:哈哈哈，那你们关系很是不到位。我盖了十年楼，就没见过一户一侧。都是来抽几户就完了，还有大多都是变该变验收。如果你当万达的总包，你盖好等三个月再验收取证交房。那你可以下课了，万达的项目总区域总也可以下课了！;0.7125840652176134
谁告诉你的测量要三个月。一个周的事情让个搞成三个月。而且你连最基本的竣工验收步骤都没搞清楚，很多验收都是过程中就开始验收了，测量属于分户验收，室内施工差不多的时候就能验收。哪怕是公区没施工;回复@你们称他zhang麻子:根本就没有给你一户一户测量的。都是抽几户，还有。一周搞不定，证明你关系不到位，从来没见过一个盖好后再验收到拿证用三个月，如果你是甲方项目总，你等的盖好在用三个月验收拿证，那你可以辞职回家了！换别人了;-0.9997922377259549
-----;------;------;0.821390561403375;0.7712164384770297;-0.9997922377259549;1.7710086762029846;0.11449566189850768;2939;1.2273393135340463e-05;0.3743569439993802;0.6239282399989668
交房交才能卖，要不然很难杜绝被割韭菜。话说回来，小白买二手都会被坑。;没用的只有保障性廉租房和房地产租赁市场规范性好一点才能对新房造成足够的竞争压力;0.9521398183201388
-----;------;------;0.0;0.9521398183201388;;0;1.0;79;3.2990747114389137e-07;0.40000006598149423;0.6666667766358236
政府常常扮演无赖角色，维权几无可能！;只是一个和事佬，谁带来的利益大就偏向谁;-0.019544922371036666
-----;------;------;0.0;;-0.019544922371036666;0;1.0;32;1.3363340603296865e-07;0.4000000267266812;0.6666667112111353
好消息[鼓掌];回复@湖南小乔:[舔屏][舔屏][舔屏];0.7141730821748562
好消息[鼓掌];回复@湖南小乔:[打call];0.8025389081073111
好消息[鼓掌];回复@湖南小乔:🤗;0.8204585271056908
好消息[鼓掌];回复@湖南小乔:[爱你];0.928926403883291
好消息[鼓掌];回复@湖南小乔:[哈哈];0.8204585271056908
好消息[鼓掌];回复@湖南小乔:[互粉];0.8025389081073111
好消息[鼓掌];回复@湖南小乔:[笑而不语][笑而不语];0.772351214910693
好消息[鼓掌];回复@湖南小乔:[心][心][心];0.9903589829037651
好消息[鼓掌];回复@湖南小乔:[doge];0.8204585271056908
好消息[鼓掌];图片评论http://t.cn/A6KY6m94;-0.15786672486692166
-----;------;------;0.3054114025781995;0.9903589829037651;-0.15786672486692166;1.1482257077706868;0.4258871461146566;144;6.013503271483589e-07;0.29251953974720785;0.48753256624534635
好;回复@湖南小乔:[doge][doge][doge];0.8204585271056908
好;回复@湖南小乔:[求饶];0.8025389081073111
好;回复@湖南小乔:[悲伤];0.9956277356353582
好;回复@湖南小乔:[爱你][爱你];0.9698800706612181
好;回复@湖南小乔:[憧憬];0.7340571446691744
好;回复@湖南小乔:[馋嘴];0.8158743370680035
好;回复@湖南小乔:[666][666][666];0.8204585271056908
好;回复@湖南小乔:[爱你];0.928926403883291
好;[心];0.5297450424929182
-----;------;------;0.13206637149857467;0.9956277356353582;;0;1.0;17;7.09927469550146e-08;0.4528265627979793;0.754710937996632
涨涨涨[允悲][允悲][允悲];回复@湖南小乔:[二哈][二哈][二哈][二哈];0.5985461252466442
涨涨涨[允悲][允悲][允悲];回复@湖南小乔:[心];0.9348436001367502
涨涨涨[允悲][允悲][允悲];回复@湖南小乔:[互粉];0.8025389081073111
涨涨涨[允悲][允悲][允悲];回复@湖南小乔:[心];0.9348436001367502
涨涨涨[允悲][允悲][允悲];回复@湖南小乔:[嘻嘻];0.9871947402032872
涨涨涨[允悲][允悲][允悲];回复@湖南小乔:[亲亲];0.8025389081073111
涨涨涨[允悲][允悲][允悲];回复@湖南小乔:[鼓掌][鼓掌];0.9747323880824457
涨涨涨[允悲][允悲][允悲];回复@湖南小乔:[月亮代表我的心];0.9855636018685179
涨涨涨[允悲][允悲][允悲];涨[心];0.7387705308241286
-----;------;------;0.12733467387740824;0.9871947402032872;;0;1.0;1245;5.199174703470187e-06;0.450934909385904;0.75155818230984
好;回复@湖南小乔:[心][心][心];0.9903589829037651
好;回复@湖南小乔:[鼓掌];0.9347851832521124
好;回复@湖南小乔:[努力];0.8814870099737167
好;回复@湖南小乔:[心][心];0.9747785684876251
好;回复@湖南小乔:[666];0.8204585271056908
好;回复@湖南小乔:[鲜花];0.8961425002270531
好;回复@湖南小乔:[微笑][微笑][微笑];0.9897006428639734
好;回复@湖南小乔:[舔屏];0.8025389081073111
好;[哈哈];0.052465563615616606
-----;------;------;0.27764698258101633;0.9903589829037651;;0;1.0;125;5.220054923162837e-07;0.511058897433505;0.8517648290558415
👏好;回复@湖南小乔:[中国赞][中国赞][中国赞][中国赞][中国赞][中国赞][中国赞][中国赞];0.999999999997407
👏好;回复@湖南小乔:[doge];0.8204585271056908
👏好;回复@湖南小乔:[钱];0.5914880967691247
👏好;回复@湖南小乔:[心][心][心];0.9903589829037651
👏好;回复@湖南小乔:[允悲];0.9939345825968915
👏好;回复@湖南小乔:[害羞];0.8025389081073111
👏好;回复@湖南小乔:[太开心][太开心];0.8643889229884516
👏好;回复@湖南小乔:[爱你];0.928926403883291
👏好;[爱你][爱你][爱你];0.8904996738479007
-----;------;------;0.12244590429934138;0.999999999997407;;0;1.0;145;6.055263710868892e-07;0.4489784828250108;0.7482974713750179
[哈哈]每天都看消息，昨天美股新能源涨了;回复@湖南小乔:战胜恐惧，绝不贪婪战胜恐惧，绝不贪婪战胜恐惧，绝不贪婪;0.9999994795534173
[哈哈]每天都看消息，昨天美股新能源涨了;回复@湖南小乔:[微笑];0.9334342344025695
[哈哈]每天都看消息，昨天美股新能源涨了;回复@湖南小乔:[哈哈];0.8204585271056908
[哈哈]每天都看消息，昨天美股新能源涨了;回复@湖南小乔:[心][心][心][心];0.9963325479879539
[哈哈]每天都看消息，昨天美股新能源涨了;回复@湖南小乔:[哈哈];0.8204585271056908
[哈哈]每天都看消息，昨天美股新能源涨了;回复@湖南小乔:[抱一抱];0.9666796921136633
[哈哈]每天都看消息，昨天美股新能源涨了;回复@湖南小乔:[心];0.9348436001367502
[哈哈]每天都看消息，昨天美股新能源涨了;回复@湖南小乔:[可爱][可爱][可爱];0.9956115045051976
[哈哈]每天都看消息，昨天美股新能源涨了;[偷笑][偷笑][偷笑];-0.2070192687772281
-----;------;------;0.3644011710674278;0.9999994795534173;-0.2070192687772281;1.2070187483306454;0.3964906258346773;105;4.3848461354567837e-07;0.30435680645776475;0.5072613440962745
今天行情一直往上[打call];回复@湖南小乔:[并不简单][并不简单][并不简单][并不简单][并不简单][并不简单];-0.09929315002923023
今天行情一直往上[打call];回复@湖南小乔:[坏笑];0.8118060445185988
今天行情一直往上[打call];回复@湖南小乔:🤗;0.8204585271056908
今天行情一直往上[打call];回复@湖南小乔:[心][心][心][心][心];0.998607487266985
今天行情一直往上[打call];回复@湖南小乔:[心][心];0.9747785684876251
今天行情一直往上[打call];回复@湖南小乔:[太开心];0.8512268631007376
今天行情一直往上[打call];回复@湖南小乔:[笑而不语][笑而不语];0.772351214910693
今天行情一直往上[打call];图片评论http://t.cn/A6KFzUFW;-0.15786672486692166
-----;------;------;0.43950291054648466;0.998607487266985;-0.15786672486692166;1.1564742121339067;0.42176289393304667;34;1.419854939100292e-07;0.34450635018891135;0.5741772503148521
乔妹早呀[太开心][太开心];回复@湖南小乔:[打call][打call][打call][打call][打call][打call][打call][打call];0.6280009814619565
乔妹早呀[太开心][太开心];回复@湖南小乔:[打call];0.8025389081073111
乔妹早呀[太开心][太开心];回复@湖南小乔:[悲伤];0.9956277356353582
乔妹早呀[太开心][太开心];回复@湖南小乔:[鲜花];0.8961425002270531
乔妹早呀[太开心][太开心];回复@湖南小乔:[哈哈];0.8204585271056908
乔妹早呀[太开心][太开心];回复@湖南小乔:[互粉][互粉];0.7618784917611003
乔妹早呀[太开心][太开心];回复@湖南小乔:[666][666][666];0.8204585271056908
乔妹早呀[太开心][太开心];早呀[爱你];0.4909856923396052
-----;------;------;0.1460548252424671;0.9956277356353582;;0;1.0;127;5.303575801933443e-07;0.45842203616850286;0.7640367269475047
我要发财;回复@湖南小乔:[傻眼][傻眼][傻眼][傻眼][傻眼][傻眼][傻眼][傻眼];-0.5451684767114127
我要发财;回复@湖南小乔:[求饶];0.8025389081073111
我要发财;回复@湖南小乔:[互粉];0.8025389081073111
我要发财;回复@湖南小乔:[鲜花][鲜花];0.9346326043770015
我要发财;回复@湖南小乔:[666];0.8204585271056908
我要发财;回复@湖南小乔:[太开心][太开心];0.8643889229884516
我要发财;回复@湖南小乔:[心][心][心];0.9903589829037651
我要发财;发！;-0.348511383537653
-----;------;------;0.575254240694804;0.9903589829037651;-0.5451684767114127;1.5355274596151778;0.2322362701924111;79;3.2990747114389137e-07;0.3229962703363803;0.5383271172273004
好样的利好！！[doge][doge][doge];回复@湖南小乔:[微笑][微笑][微笑][微笑];0.9959938058545865
好样的利好！！[doge][doge][doge];回复@湖南小乔:[心];0.9348436001367502
好样的利好！！[doge][doge][doge];回复@湖南小乔:[努力];0.8814870099737167
好样的利好！！[doge][doge][doge];回复@湖南小乔:[鲜花][鲜花][鲜花];0.95916528351768
好样的利好！！[doge][doge][doge];回复@湖南小乔:[允悲];0.9939345825968915
好样的利好！！[doge][doge][doge];回复@湖南小乔:[抱一抱][抱一抱];0.9935552227237348
好样的利好！！[doge][doge][doge];回复@湖南小乔:[鼓掌][鼓掌][鼓掌];0.990332282324125
好样的利好！！[doge][doge][doge];[哈哈];0.052465563615616606
-----;------;------;0.3038297871758442;0.9959938058545865;;0;1.0;79;3.2990747114389137e-07;0.5215319808518319;0.8692199680863865
看来今天数字经济要来一波集体涨停潮了，大面积套人开始。;不可能的昨天就已经分化了晋级的都没有几只即使回流也不可能大面积涨停;-0.6214099947920322
-----;------;------;0.0;;-0.6214099947920322;0;1.0;116;4.844210968695113e-07;0.4000000968842194;0.6666668281403656
现在明明就是都不敢消费;前几天发现一个牛人安奈儿安奈儿两板，把握精/准，观几天让我学到了不少，看我文，就知道了[挤眼];0.9992192087855205
-----;------;------;0.0;0.9992192087855205;;0;1.0;145;6.055263710868892e-07;0.4000001211052742;0.6666668685087903
[熊猫];[并不简单];-0.11288159980893431
-----;------;------;0.0;;-0.11288159980893431;0;1.0;524;2.1882470237898617e-06;0.4000004376494048;0.6666673960823413
还钱！无良机构！还钱！！！！！！;回复@中公教育图书:留了他们也不回不处理;0.24088032687965444
还钱！无良机构！还钱！！！！！！;回复@小树工:那您可以试下私信下中公教育大号，把联系方式给他们留一下~;0.9462534790962793
还钱！无良机构！还钱！！！！！！;回复@中公教育图书:打了五十多遍，1000分钟的通话时长都快用完了也没一个接通的;-0.19158578578690166
还钱！无良机构！还钱！！！！！！;回复@小树工:可以打通的您再试一下吧;-0.5086280530994685
还钱！无良机构！还钱！！！！！！;回复@中公教育图书:这个电话根本打不通;0.33287969594361866
还钱！无良机构！还钱！！！！！！;回复@小树工:010-8343-3000大号置顶有联系方式的哈~;0.8764726198969002
还钱！无良机构！还钱！！！！！！;回复@中公教育图书:联系不到，要不你给我个能联系到他们的手机号;0.3868754173047646
还钱！无良机构！还钱！！！！！！;亲亲，小编这边只负责图书，课程相关的可以咨询中公教育微博大号哈~;0.93599124624919
-----;------;------;0.5017708563170306;0.9462534790962793;-0.5086280530994685;1.4548815321957478;0.2725592339021261;24;1.0022505452472649e-07;0.3097320561326736;0.516220093554456
已阅[挤眼];哈哈;0.052465563615616606
-----;------;------;0.0;0.052465563615616606;;0;1.0;1688;7.049162168239096e-06;0.40000140983243365;0.6666690163873893
操心的太多了吧哥;家事国事天下事事事关心;0.11761861635098958
-----;------;------;0.0;0.11761861635098958;;0;1.0;12452;5.200009912257892e-05;0.4000104000198245;0.6666840000330407
油价又要涨，宝宝不开心;换电动的;-0.3171422833329598
-----;------;------;0.0;;-0.3171422833329598;0;1.0;757;3.1612652614674146e-06;0.4000006322530523;0.6666677204217538
烂尾之都;我刚去了一趟，确实没错;-0.06317443848616056
-----;------;------;0.0;;-0.06317443848616056;0;1.0;183;7.642160407510394e-07;0.40000015284320817;0.6666669214053469
坐标郑州，已经延期半年了，预计还要延期半年。而且政府的纾困资金就是个笑话，开发商想要2亿的纾困资金，前提是得拿3亿的东西是抵押，哪个开发商愿意贷这赔本的纾困资金，都是扯淡;3亿抵押物能给2亿我能说很良心了么而且低息去银行3亿能有1.5就烧高香了;-0.8107855437140712
坐标郑州，已经延期半年了，预计还要延期半年。而且政府的纾困资金就是个笑话，开发商想要2亿的纾困资金，前提是得拿3亿的东西是抵押，哪个开发商愿意贷这赔本的纾困资金，都是扯淡;回复@mayinnny:建业盛悦府;-0.8097903942353175
坐标郑州，已经延期半年了，预计还要延期半年。而且政府的纾困资金就是个笑话，开发商想要2亿的纾困资金，前提是得拿3亿的东西是抵押，哪个开发商愿意贷这赔本的纾困资金，都是扯淡;哪个楼盘啊;0.33333333333333326
坐标郑州，已经延期半年了，预计还要延期半年。而且政府的纾困资金就是个笑话，开发商想要2亿的纾困资金，前提是得拿3亿的东西是抵押，哪个开发商愿意贷这赔本的纾困资金，都是扯淡;回复@Milo不吃鸡:不困难是不困难，但关键工地没钱一直停工[笑cry];-0.9977352665164094
坐标郑州，已经延期半年了，预计还要延期半年。而且政府的纾困资金就是个笑话，开发商想要2亿的纾困资金，前提是得拿3亿的东西是抵押，哪个开发商愿意贷这赔本的纾困资金，都是扯淡;那说明开发商并不困难[二哈];-0.4218104104982776
-----;------;------;0.47587895850588274;0.33333333333333326;-0.9977352665164094;1.3310685998497427;0.33446570007512866;215;8.978494467840081e-07;0.32413804300229393;0.5402300716704898
除了降价一切花哨操作都是想方设法薅老百姓羊毛;资本才能叫羊毛，老百姓叫韭菜！;-0.14246541382326083
-----;------;------;0.0;;-0.14246541382326083;0;1.0;302;1.2611652694361417e-06;0.4000002522330539;0.6666670870550897
因为房地产能促进经济快速增长;回复@Network哈弗:嗯;-0.37246934861580816
因为房地产能促进经济快速增长;房子是用来住chao的;0.04951007653830475
-----;------;------;0.21098971257705645;0.04951007653830475;-0.37246934861580816;0.4219794251541129;0.7890102874229435;161380;0.000673929970800015;0.40013478599416;0.6668913099902666
包括利息加点？;回复@长三角房哥:这算是破冰了吗;0.43918372477626577
包括利息加点？;降息必须的;-0.641168092319053
-----;------;------;0.5401759085476594;0.43918372477626577;-0.641168092319053;1.0803518170953188;0.4598240914523406;154;6.431107665336616e-07;0.40000012862215334;0.6666668810369222
房住不炒也要烂尾？;哈哈哈哈;0.7368421052631582
房住不炒也要烂尾？;妙啊！;0.529411764705882
房住不炒也要烂尾？;回复@霸气笨笨大侠:哈哈哈;-0.6309991165913695
房住不炒也要烂尾？;回复@有什么昵称推荐吗:[允悲][允悲]还少吗……;0.9977302262326901
房住不炒也要烂尾？;啥叫“也”，还有啥烂尾了;-0.05124008170120553
房住不炒也要烂尾？;[哈哈][哈哈][哈哈];-0.05246556361561838
-----;------;------;0.552635236610878;0.9977302262326901;-0.6309991165913695;1.6287293428240597;0.18563532858797016;182;7.600399968125092e-07;0.2953083780875386;0.49218063014589764
就说苏州首套利率什么时候降;苏州不会再降了，就不在那个38个城市之列;-0.8491116449862293
-----;------;------;0.0;;-0.8491116449862293;0;1.0;691;2.8856463615244166e-06;0.40000057712927234;0.6666676285487871
贺总，黄金山水郡六期的高层可以入手吗？价格和房龄感觉都还可以，南边是水库和山，比财富中心什么的便宜不少，不知道未来能不能涨;那位置我主要是没去过，不了解他们产品。;-0.34425970711628207
-----;------;------;0.0;;-0.34425970711628207;0;1.0;497;2.0754938374495444e-06;0.4000004150987675;0.6666673584979457
东莞这趋势没止住啊？，疫情之前就不行了;深圳这个龙头趴下了;-0.687384678280847
-----;------;------;0.0;;-0.687384678280847;0;1.0;395;1.6495373557194568e-06;0.40000032990747114;0.6666672165124518
我老婆在老家有一条还清的贷款记录，导致我在深圳买房要五成首付[摊手];是的，深圳是五成;-0.28697595522631114
-----;------;------;0.0;;-0.28697595522631114;0;1.0;47;1.962740651109227e-07;0.40000003925481303;0.666666732091355
深圳有刚需？[doge];钱要保值也是刚需;0.17806674050573124
-----;------;------;0.0;0.17806674050573124;;0;1.0;330;1.3780944997149892e-06;0.40000027561889995;0.6666671260314998
回不回来得看老百姓口袋里的钞票。老百姓有钱。就业没有问题。谁不想住宽敞明亮一点。[嘻嘻][嘻嘻][嘻嘻];[心]新年到，新衣新帽新气象，愿君兔年行大运，福寿安康万年长。#古龙猎妖#与你在起新征程，每天一版，与你同进同退[心];0.9972842204166374
回不回来得看老百姓口袋里的钞票。老百姓有钱。就业没有问题。谁不想住宽敞明亮一点。[嘻嘻][嘻嘻][嘻嘻];利率太高;-0.09995875044073999
-----;------;------;0.5486214854286887;0.9972842204166374;-0.09995875044073999;1.0972429708573774;0.4513785145713113;126;5.261815362548141e-07;0.40000010523630725;0.666666842060512
多盖房子，多贷款，卖给百姓，百姓贷款，贷款风险从公司转嫁给个人。消费水平又给拉低了。忙活半天意义在哪里。;房地产的平均成本1500每平米;-0.7803439872398499
-----;------;------;0.0;;-0.7803439872398499;0;1.0;95;3.9672417416037565e-07;0.40000007934483484;0.6666667989080579
我一个退休老人都不敢乱花钱了，就怕孩子的房贷还不上，好尽可能帮一下。那么“内需”又何从谈起？;退休金如何？;0.0
-----;------;------;0.0;0.0;0.0;0;1.0;5;2.0880219692651352e-08;0.400000004176044;0.6666666736267398
刚放的4.1亏大了[衰];你想过5.88%的感受吗;0.421813721296024
-----;------;------;0.0;0.421813721296024;;0;1.0;235;9.813703255546135e-07;0.40000019627406513;0.6666669937901084
这是完全为拉高房价制定的政策，与市场经济原则完全背道而驰。把党16大后确定的市场在资源配置中起决定性作用的原则给彻底践踏了，是改革的倒退。;不能笑，也不能急;-0.5995031877646861
-----;------;------;0.0;;-0.5995031877646861;0;1.0;331;1.3822705436535194e-06;0.40000027645410874;0.6666671274235144
早安[太开心]http://t.cn/A69vVXDV;[抱一抱][抱一抱][抱一抱];0.9888010227717605
-----;------;------;0.0;0.9888010227717605;;0;1.0;17175;7.172355464425739e-05;0.4000143447109289;0.6666905745182147
看来对东湖湾情有独钟啊;我家;0.21259842519685113
-----;------;------;0.0;0.21259842519685113;;0;1.0;39;1.6286571360268053e-07;0.40000003257314276;0.6666667209552378
有21年成交量高？;[允悲]给人家点面子;0.9261798826115477
-----;------;------;0.0;0.9261798826115477;;0;1.0;427;1.7831707617524254e-06;0.4000003566341524;0.6666672610569205
利率是降了，房价没降，或者说，工资没变多;短线抓妖还是跟着#短线牛皮筋#老师，从来不马后炮，有人带着就是好。😊😊;0.9941014403984716
利率是降了，房价没降，或者说，工资没变多;回复@周ceo独立思考者:中国制造业为主，如果人口红利不在，很多行业将倒闭，或者消失，就业更难被剥削的几率增加;0.99916363952791
利率是降了，房价没降，或者说，工资没变多;回复@元元要快乐:为什么赶紧买呢？我的工资会大副涨，别人的也会大幅涨吗，如果大部分可能都不涨，我为什么不能再等等呢;-0.8009430298087099
利率是降了，房价没降，或者说，工资没变多;降绩效及很多项目都没了，变相地减少了收入;-0.06080268210972184
利率是降了，房价没降，或者说，工资没变多;回复@元元要快乐:这不扯淡吗？谁不想有一个窝;0.7253601405265542
利率是降了，房价没降，或者说，工资没变多;如果你认为工资永远不涨，那就不要买，如果你认为工资以后会大幅上涨，那就赶紧买。;-0.9859203467539159
-----;------;------;0.8168568121023082;0.99916363952791;-0.9859203467539159;1.985083986281826;0.007458006859087041;116;4.844210968695113e-07;0.3297260244687775;0.5495433741146292
改善是现在就出手还是再等等？;回复@幸福的阳光2017:行政能级大、人口净流入、产业多聚集，这三个指标都具备呢城市长期看预期都会上扬的;0.9998339716031652
改善是现在就出手还是再等等？;回复@七七一棵树:那种地方房价不会降;0.8487420677636903
改善是现在就出手还是再等等？;回复@远方之子:喜欢调整了一波老人，利好[doge];0.7197352878843506
改善是现在就出手还是再等等？;现在就是政策底时期，城市能级及城市内区域板块差异巨大，从分化加剧来看，首选人口净流入和产业聚集城市区域。;0.9919602707332467
-----;------;------;0.1152732285149033;0.9998339716031652;;0;1.0;11;4.593648332383297e-08;0.446109300593258;0.7435155009887632
生的起三胎的人不需要支持，人家自有办法。能给三个孩子准备房产的。资产基本千万打底;回复@anamchara:穷人，普通人生的起三胎的普通人，生的起三胎还能买三房的富人。;0.9305273687521127
生的起三胎的人不需要支持，人家自有办法。能给三个孩子准备房产的。资产基本千万打底;回复@寂寞的云烟围脖:生的起三胎的算不上穷人。这个是潜在逻辑。买三房的明显算富人了;0.9976830693396863
生的起三胎的人不需要支持，人家自有办法。能给三个孩子准备房产的。资产基本千万打底;回复@嗑客稞:如果2个都是儿子，想想两套房就不敢要3胎。一儿一女也不会要3胎。但是2个女儿呢？就可以考虑3胎。完全是经济账，哪有重男轻女。我说普通人过日子，有钱人爱咋咋地，根本不用政策支持。;-0.5275261129254369
生的起三胎的人不需要支持，人家自有办法。能给三个孩子准备房产的。资产基本千万打底;回复@寂寞的云烟围脖:什么年代了还在这重男轻女的封建思想[吃瓜]为什么不生，还不是养不起么，我苏州很多客户生两个三个的，不论男女。因为父母给力，养得起。;0.9992272543127789
生的起三胎的人不需要支持，人家自有办法。能给三个孩子准备房产的。资产基本千万打底;回复@嗑客稞:正常人2胎都是儿子，就不会要3胎。有钱人3胎都是儿子概率低，但凡生1个女儿就也不一定给女儿买房。生多少孩子看家庭情况，谁多生是为了薅那点羊毛？;-0.4314633000249435
生的起三胎的人不需要支持，人家自有办法。能给三个孩子准备房产的。资产基本千万打底;回复@寂寞的云烟围脖:那你还不敢赶紧去生个十几个啊，这么多利好;0.9574623882033722
生的起三胎的人不需要支持，人家自有办法。能给三个孩子准备房产的。资产基本千万打底;回复@anamchara:你说是3胎生的都是并且儿子都要买房，这种情况极少。给支持也没多少人能享受。但是，买不起房就结婚的也大有人在。孩子无罪，愿意就可以多生。;-0.969863754487357
生的起三胎的人不需要支持，人家自有办法。能给三个孩子准备房产的。资产基本千万打底;回复@寂寞的云烟围脖:你啥理解能力？你再想想。;0.9932010661713142
生的起三胎的人不需要支持，人家自有办法。能给三个孩子准备房产的。资产基本千万打底;穷人不配三胎吗？6、70年代孩子多，那可是普遍现象。多子多福才符合生物繁衍规律。;0.9844900915484456
-----;------;------;0.7758740638431052;0.9992272543127789;-0.969863754487357;1.9690910088001359;0.015454495599932061;80;3.3408351508242163e-07;0.31653149059391794;0.5275524843231965
我觉得首先应该抓一抓楼盘的质量，不要为了保银行而忽悠大家买房。;我22年买的房，还没交房，减配减的厉害;-0.6711998799848466
-----;------;------;0.0;;-0.6711998799848466;0;1.0;525;2.192423067728392e-06;0.4000004384846136;0.6666673974743559
这期何不食肉糜了，未来绝大多数人的工资会不增长甚至下降。因为要内卷。所以除非全民发钱。否则薪水涨不过利息。;你看没看这期到底，他是说现状好还是说冲倒房债房会倒债会长;0.8268105793953884
-----;------;------;0.0;0.8268105793953884;;0;1.0;80;3.3408351508242163e-07;0.400000066816703;0.6666667780278382
22年终于买了房子，用了公积金贷款，每个月还的很少，我觉得挺幸福，至少有自己的地方了;回复@幸福的阳光2017:是的;0.9124347652830513
22年终于买了房子，用了公积金贷款，每个月还的很少，我觉得挺幸福，至少有自己的地方了;量力而行最好，压力也小;0.9256755643534897
-----;------;------;0.006620399535219201;0.9256755643534897;;0;1.0;132;5.512377998859956e-07;0.40264827006164766;0.671080450102746
银行存款利率上浮，听说是一分五了，相当于以前高利贷利率了，怎么网络没人吭声？害怕老百姓存款吗？;这是哪家啊要破产吗[允悲];0.8717502352135722
-----;------;------;0.0;0.8717502352135722;;0;1.0;167;6.973993377345551e-07;0.40000013947986757;0.6666668991331125
就是不让你全款买房，其实有些人还是有能力全款买，谁都知道银行坐收利息，我听说广东那边可以全款买房。;全款哪都可以买房;-0.0022451425825105176
-----;------;------;0.0;;-0.0022451425825105176;0;1.0;167;6.973993377345551e-07;0.40000013947986757;0.6666668991331125
买房就是要趁早，少犹豫，只要有了条件就坚决买;回复@漫步喝茶去:钱贬值太快了，在一线城市房价跌的可能小，相对保值点;0.4522854544126895
-----;------;------;0.0;0.4522854544126895;;0;1.0;12;5.0112527262363246e-08;0.40000001002250546;0.6666666833708423
好好说话，别抑扬顿挫的，听着真别扭;你可别丢山东人脸，相信你是旅游的;0.18207003838025337
-----;------;------;0.0;0.18207003838025337;;0;1.0;13;5.4288571200893513e-08;0.40000001085771425;0.666666684762857
有什么事是离婚解决不了的嘛[笑cry];要是认贷离婚也不行吧;0.83642769203114
-----;------;------;0.0;0.83642769203114;;0;1.0;52;2.1715428480357405e-07;0.400000043430857;0.6666667390514283
拿出存款的三分之一来买房子[允悲];回复@七分糖就好了:那得专家把他三分之一的存款分给我;-0.6877021145743107
拿出存款的三分之一来买房子[允悲];好家伙你存了不少钱啊;-0.1136851500598397
-----;------;------;0.2870084822572355;;-0.6877021145743107;0;1.0;120;5.011252726236324e-07;0.5148034931279487;0.8580058218799144
最后发现，还是靠有能来买三套房的消化库存，走着瞧吧;这么大的库存恐怕消化不了[doge];0.3032502514463502
-----;------;------;0.0;0.3032502514463502;;0;1.0;11;4.593648332383297e-08;0.40000000918729667;0.6666666819788277
他们自己何止三套房…;@外交部发言人办公室中国人民和谐共处;0.9793106636605917
-----;------;------;0.0;0.9793106636605917;;0;1.0;272;1.1358839512802336e-06;0.4000002271767903;0.6666670452946504
三孩需要多大的房子;回复@是我王大白话:姑且不说以后独立出去的问题，成长阶段一人一屋四居室就够喝一壶;0.9145191179856504
三孩需要多大的房子;关键是每个孩儿得需要一套房子;0.9379050824398107
-----;------;------;0.011692982227080151;0.9379050824398107;;0;1.0;1245;5.199174703470187e-06;0.4046782327257728;0.6744637212096213
现在放的效果还不如封时放;去年还说要收房产税呢，[允悲];0.9291135121570415
-----;------;------;0.0;0.9291135121570415;;0;1.0;237;9.89722413431674e-07;0.4000001979444827;0.6666669965741377
既然叫做商品房就应该一切交给市场[允悲];有理。广州市政府不作为，房屋买卖的税费太重了，杀鸡取卵;-0.9960655060109276
-----;------;------;0.0;;-0.9960655060109276;0;1.0;47;1.962740651109227e-07;0.40000003925481303;0.666666732091355
先把经济搞垮，在慢慢恢复，让大家知道领导尽力了。[doge][doge][doge];回复@万狮大吉:公司能不能挺过二月份都两说，[doge][doge][doge]。;-0.8304513414220416
先把经济搞垮，在慢慢恢复，让大家知道领导尽力了。[doge][doge][doge];[二哈]下半年经济会恢复的;0.1727257947702987
-----;------;------;0.5015885680961701;0.1727257947702987;-0.8304513414220416;1.0031771361923403;0.49841143190382986;8;3.340835150824216e-08;0.40000000668167035;0.6666666778027838
[doge]买个50平的;[doge]不买;-0.34084439206142103
-----;------;------;0.0;;-0.34084439206142103;0;1.0;10;4.1760439385302704e-08;0.4000000083520879;0.666666680586813
买不起[允悲];你可以的;0.052465563615616606
-----;------;------;0.0;0.052465563615616606;;0;1.0;73;3.0485120751270975e-07;0.40000006097024154;0.6666667682837358
买了亚运村，不在限购区内，不知道会不会交房就跌破开盘价，毕竟均价4万7[允悲];肯定的;-0.026865671641791433
买了亚运村，不在限购区内，不知道会不会交房就跌破开盘价，毕竟均价4万7[允悲];[good];0.0
-----;------;------;0.013432835820895717;0.0;-0.026865671641791433;0;1.0;129;5.387096680704049e-07;0.4053732420702919;0.675622070117153
博主🐮啊🐮;实操;0.0192746939677928
-----;------;------;0.0;0.0192746939677928;;0;1.0;409;1.7080019708588805e-06;0.4000003416003942;0.6666672360006569
必须买爆[加油];[666]实力;0.6875877795184147
-----;------;------;0.0;0.6875877795184147;;0;1.0;17;7.09927469550146e-08;0.4000000141985494;0.6666666903309156
搞起来;[爱你]有实力;0.8827659615648338
-----;------;------;0.0;0.8827659615648338;;0;1.0;1847;7.713153154465408e-06;0.4000015426306309;0.6666692377177181
终于有资格啊[二哈];回复@晓猪猪-爸爸:现在住的就是那一带[污];0.2633662352060735
终于有资格啊[二哈];回复@证件君:奥体大供应要开始了有机会的;-0.508630236398169
终于有资格啊[二哈];回复@晓猪猪-爸爸:没有顶格社保不稳的，再观望观望;0.98615078657538
终于有资格啊[二哈];你社保挺长的有优势买;0.35806388978232295
-----;------;------;0.5307651240526807;0.98615078657538;-0.508630236398169;1.494781022973549;0.2526094885132255;847;3.537109215935139e-06;0.3133505524482057;0.5222509207470094
只要交过社保就可以买吗？16年前的算不？交了28个月;算，有过记录就行;0.4421153475008579
-----;------;------;0.0;0.4421153475008579;;0;1.0;1162;4.852563056572174e-06;0.40000097051261135;0.6666682841876855
外地人买杭州非限购区域是不是不用看社保了？;差不多，而且杭州落户很难吗？大专就可以落[doge];0.7822001646058276
-----;------;------;0.0;0.7822001646058276;;0;1.0;97;4.0507626203743623e-07;0.4000000810152524;0.6666668016920873
#非杭州户籍凭社保个税缴纳记录限购1套房#房子就是拿来住的嘛;投资用;0.7407407407407405
-----;------;------;0.0;0.7407407407407405;;0;1.0;3;1.2528131815590811e-08;0.4000000025056264;0.6666666708427106
杭州楼市和杭州公务员的年终奖就靠各位小主了[doge];回复@你家的锋哥哥:击鼓传花继续[doge];0.9700708527937589
杭州楼市和杭州公务员的年终奖就靠各位小主了[doge];好不容易撑到亚运，容易嘛[打call][打call];-0.2660765825547773
杭州楼市和杭州公务员的年终奖就靠各位小主了[doge];韭菜快来;0.11180725863990548
杭州楼市和杭州公务员的年终奖就靠各位小主了[doge];回复@周先森啊537:准确来说找了新的的一批接盘侠，至于最后砸在谁的手里，看命了[doge];-0.5849755459888415
杭州楼市和杭州公务员的年终奖就靠各位小主了[doge];收割最后一波韭菜了;0.5012630722071241
-----;------;------;0.5496553921055382;0.9700708527937589;-0.5849755459888415;1.5550463987826004;0.2224768006086998;313;1.3071017527599746e-06;0.30885313850604573;0.5147552308434095
有社保记录，没时长规定，有一期也可以，相当可以了。拍卖的无限[good];是的;0.052465563615616606
-----;------;------;0.0;0.052465563615616606;;0;1.0;862;3.599749875013093e-06;0.40000071994997505;0.6666678665832917
这个月交社保，下雨买就可以了.相当于放开了;还不如直接放开得了[嘻嘻];0.9503380400873198
这个月交社保，下雨买就可以了.相当于放开了;下月买;-0.03510442632863686
-----;------;------;0.49272123320797834;0.9503380400873198;-0.03510442632863686;0.9854424664159567;0.5072787667920217;432;1.8040509814450768e-06;0.4000003608101963;0.6666672680169937
以前是限购几套呢?;一个家庭2套;0.26351176774268037
以前是限购几套呢?;以前限购区一个家庭也是2套;0.5752040305658315
-----;------;------;0.15584613141157555;0.5752040305658315;;0;1.0;95;3.9672417416037565e-07;0.46233853190946506;0.7705642198491083
30岁以下还不算家庭[允悲];回复@好运随春到:哦哦了解了谢谢🙏;0.14392154723671569
30岁以下还不算家庭[允悲];回复@M一碗八宝周:非限购区的，外地户口也可以买;-0.9660925954792292
30岁以下还不算家庭[允悲];低端的人口;0.1352985664008015
30岁以下还不算家庭[允悲];回复@好运随春到:没看很懂，那非限购区呢，也不要求落户时间和区域了吧，只要是本市户籍就行吧;-0.9155629784419741
30岁以下还不算家庭[允悲];那是认定无房户，30以下的不算无房户，但可以买;0.775682112689061
30岁以下还不算家庭[允悲];回复@好运随春到:我看他规定30岁以上且未婚才算无房家庭啊，我不满30是不是不能买;-0.7177528518463192
30岁以下还不算家庭[允悲];18岁就可以分户;0.22637711564163743
-----;------;------;0.6245568595924993;0.775682112689061;-0.9660925954792292;1.7417747081682902;0.12911264591585492;219;9.145536225381291e-07;0.3014679851140662;0.5024466418567769
不限购更没人买，大多数人买涨不买跌;不是没人买，是房市情绪惰性比较强，一时半会转变不过来;-0.20485809458277227
-----;------;------;0.0;;-0.20485809458277227;0;1.0;9766;4.078324510368662e-05;0.4000081566490208;0.6666802610817012
单身可以买两套，其他似乎没花头[doge];为什么这么说;-0.21917107282960968
单身可以买两套，其他似乎没花头[doge];世纪城被侮辱了;0.41296219023559555
-----;------;------;0.3160666315326026;0.41296219023559555;-0.21917107282960968;0.6321332630652052;0.6839333684673974;369;1.5409602133176697e-06;0.4000003081920427;0.666667180320071
世纪城太惨了;回复@Max的严:萧山区呀，不限购了，没故事讲了没炒的价值了;-0.7495624076807128
世纪城太惨了;为什么;0.052465563615616606
-----;------;------;0.4010139856481647;0.052465563615616606;-0.7495624076807128;0.8020279712963294;0.5989860143518353;173;7.224556013657367e-07;0.4000001444911203;0.6666669074852004
趋势不可扭转，参照日本。;东京近十来年一直在涨[挖鼻];0.5675145701397579
-----;------;------;0.0;0.5675145701397579;;0;1.0;124;5.178294483777535e-07;0.4000001035658897;0.6666668392764827
假如已经有一套在滨江，一套在余杭。现在的政策调整了在上城还可以买一套么？;回复@杭州住保房管:那是假如的;-0.42335082012363445
假如已经有一套在滨江，一套在余杭。现在的政策调整了在上城还可以买一套么？;你好，如果是本市户籍的情况下，可以在上城区再买一套。;0.041903394093282254
-----;------;------;0.23262710710845835;0.041903394093282254;-0.42335082012363445;0.4652542142169167;0.7673728928915416;208;8.686171392142962e-07;0.4000001737234279;0.666666956205713
没有社保的人能在余杭买房吗[doge][doge][doge][doge][doge];今天开始余杭全域放开限购了;0.9005567917436603
没有社保的人能在余杭买房吗[doge][doge][doge][doge][doge];回复@月亮上也在下雨:按这个解答是能的了;0.670031950342485
没有社保的人能在余杭买房吗[doge][doge][doge][doge][doge];15年前杭州交过几个月社保和个税是否能买了？;-0.5376603077851185
没有社保的人能在余杭买房吗[doge][doge][doge][doge][doge];有社保记录，也就是说，只要一个月的社保也算，你整个杭州任何地方都能买，相当于全部放开限购！;-0.06478218991726914
没有社保的人能在余杭买房吗[doge][doge][doge][doge][doge];能;0.052465563615616606
没有社保的人能在余杭买房吗[doge][doge][doge][doge][doge];可以吧，余杭不限购了呀;0.5132332244241571
没有社保的人能在余杭买房吗[doge][doge][doge][doge][doge];非限购区，那不是随便买;-0.28632541487363006
-----;------;------;0.48975716954068105;0.9005567917436603;-0.5376603077851185;1.4382170995287789;0.2808914502356106;459;1.916804167785394e-06;0.3082598312713502;0.5137663854522503
请问怎么跳过一孩二孩直接生三孩享受政策？;一炮三响[doge];-0.7924497910484811
-----;------;------;0.0;;-0.7924497910484811;0;1.0;9;3.758439544677243e-08;0.4000000075168791;0.6666666791947984
@皮皮乐不是双皮乐[哆啦A梦吃惊];不要不要不要！;-0.719820540794978
-----;------;------;0.0;;-0.719820540794978;0;1.0;141;5.888221953327681e-07;0.4000001177644391;0.6666668629407317
魔都傲气得狠[坏笑][熊猫];回复@UncleRain_:原来是来自魔都滴盆友[嘻嘻][嘻嘻][嘻嘻]握爪[握手][熊猫];0.9999972033562337
魔都傲气得狠[坏笑][熊猫];回复@UncleRain_:你们浙江的服不[坏笑][熊猫];-0.941935027717905
魔都傲气得狠[坏笑][熊猫];回复@保安rapper:你看你看，你都不买[doge];-0.7664700198335102
魔都傲气得狠[坏笑][熊猫];回复@一起逛街丶:看来魔都本地人有更合理化的建议[赞][赞][赞][熊猫];0.999970638932264
魔都傲气得狠[坏笑][熊猫];去金山还不如去苏州买房，起码高铁就三四十分钟;-0.7873727628158844
魔都傲气得狠[坏笑][熊猫];回复@欣欣melody:哈哈哈[doge]你别说实话，俺们金山乡毋宁还要卖房给接盘侠的啊;0.6835764852942483
魔都傲气得狠[坏笑][熊猫];回复@迷人嘀微笑:不愧是魔都[笑而不语][熊猫];0.9982170414928224
魔都傲气得狠[坏笑][熊猫];回复@欣欣melody:对魔都高攀不起[允悲][允悲][允悲][熊猫];0.9999950723600994
魔都傲气得狠[坏笑][熊猫];魔都有资本傲气呀，新房涨幅全国第一;0.9955871167264043
魔都傲气得狠[坏笑][熊猫];你去买吧[doge]那可是金山。过去还要坐火车，不如苏州近[doge];-0.7730489335888449
-----;------;------;0.8698860094873522;0.9999972033562337;-0.941935027717905;1.9419322310741387;0.029033884462930648;828;3.4577643811030636e-06;0.3595686491329894;0.5992810818883156
你不买我不买明年不限购;你不买我不买后年送户口[doge];-0.6000241329682072
-----;------;------;0.0;;-0.6000241329682072;0;1.0;61;2.547386802503465e-07;0.40000005094773605;0.66666675157956
[偷笑]金山有点一言难尽啊，离上海市区100公里，有些地方还是化工区，枫泾古镇那边还蛮舒服，出黄酒地方;回复@monica5479:我去过枫泾古镇;-0.9168025544459966
[偷笑]金山有点一言难尽啊，离上海市区100公里，有些地方还是化工区，枫泾古镇那边还蛮舒服，出黄酒地方;回复@地产大婶:[偷笑]蛮热闹的，也抬腿就到浙江嘉善，江浙沪三省市交汇处;-0.6522711282709626
[偷笑]金山有点一言难尽啊，离上海市区100公里，有些地方还是化工区，枫泾古镇那边还蛮舒服，出黄酒地方;枫泾古镇离江苏太近了;-0.5525768118342571
-----;------;------;0.1536866305705117;;-0.9168025544459966;0;1.0;132;5.512377998859956e-07;0.4614747624757647;0.7691246041262744
金山不行，太偏了，祖国第三大岛屿都通地铁到市区了[二哈];确实不行;-0.24778036491423006
-----;------;------;0.0;;-0.24778036491423006;0;1.0;35;1.4616153784855946e-07;0.4000000292323076;0.6666667153871793
得了吧，非黄埔陆家嘴不买[左哼哼][右哼哼];[左哼哼][右哼哼];-0.7471228275580266
-----;------;------;0.0;;-0.7471228275580266;0;1.0;309428;0.0012921849238115444;0.4002584369847623;0.6670973949746037
[赞];好。;0.3117256417880858
-----;------;------;0.0;0.3117256417880858;;0;1.0;1511;6.310002391119238e-06;0.40000126200047825;0.6666687700007969
054B是烟民们造的，房地产跟农民工和建材家具家电关系更大些。;回复@吴真_2023:理性探讨，不必阴阳;0.9988954774423746
054B是烟民们造的，房地产跟农民工和建材家具家电关系更大些。;农民工？建材家具家电？烟民？啊对对对，你讲得对。;0.8029735976716372
-----;------;------;0.09796093988536869;0.9988954774423746;;0;1.0;1;4.17604393853027e-09;0.4391843767893563;0.7319739613155937
所提到公众号万字文有链接吗？[doge];号都封了，哪来的链接。;-0.918709395090624
-----;------;------;0.0;;-0.918709395090624;0;1.0;16;6.681670301648432e-08;0.4000000133633406;0.6666666889389009
吴总这解读能力太强了[允悲]，想学。想问问吴总能解读一下金融监管那方面吗？;回复@吴真_2023:加，这本事学到手以后可是发家致富之路。[doge];0.790291134303206
吴总这解读能力太强了[允悲]，想学。想问问吴总能解读一下金融监管那方面吗？;回复@吴真_2023:加加加！但求真知灼见[泪];0.9794942249512402
吴总这解读能力太强了[允悲]，想学。想问问吴总能解读一下金融监管那方面吗？;图片回复http://t.cn/A6Wobd9C;-0.6491611389228296
-----;------;------;0.727273366813191;0.9794942249512402;-0.6491611389228296;1.6286553638740697;0.18567231806296514;3;1.2528131815590811e-08;0.36517827645608886;0.608630460760148
看看现在经济差的，还不能说明问题吗？房价稳中有升，经济一片繁荣。房价下跌，所有人都不好过;回复@吴真_2023:稳中有涨，一片繁荣;0.8361807675257562
看看现在经济差的，还不能说明问题吗？房价稳中有升，经济一片繁荣。房价下跌，所有人都不好过;怎么让房价再升起来呢？;-0.20761962158205383
-----;------;------;0.521900194553905;0.8361807675257562;-0.20761962158205383;1.04380038910781;0.478099805446095;12;5.0112527262363246e-08;0.40000001002250546;0.6666666833708423
有水有电有网有气（好像没有）有空调，芜湖人想去住，是七百块钱一个月，而且是整年租。[嘻嘻];燃气设施具备，没通气而已。;-0.9522082247934525
-----;------;------;0.0;;-0.9522082247934525;0;1.0;107;4.468367014227389e-07;0.40000008936734033;0.6666668156122337
哪里文件？;回复@闲人瞎点评:6年;-0.8144672692234969
哪里文件？;5年一次的中央金融工作会议通稿;0.3675691703424111
-----;------;------;0.591018219782954;0.3675691703424111;-0.8144672692234969;1.182036439565908;0.408981780217046;353;1.4741435103011853e-06;0.4000002948287021;0.6666671580478367
只要一个现房销售的规定，大部分问题要求都可以搞定;现在还有人有胆量去买期房吗？除非人傻钱多。;-0.36761382232444584
-----;------;------;0.0;;-0.36761382232444584;0;1.0;457;1.9084520799083335e-06;0.400000381690416;0.66666730281736
未来商品房市场的规模会逐渐缩减，缩减出来的规模会被保障性住房所代替；未来商品房市场的竞争会愈发激烈，核心板块的好房子会越来越贵（商品属性），刚需会被逐渐挤压到非核心板块的二手房市场或者由保障性住房兜底其住房需求。;[good];0.0
-----;------;------;0.0;0.0;0.0;0;1.0;1182;4.93608393534278e-06;0.4000009872167871;0.6666683120279784
重要会议干贷就在这里了！楼市是重中之重，涉及篇幅最大。剩下的主要是加强金融监管和防范化解风险！;把龙头股拉一倍就都解决了;-0.6325415365905924
重要会议干贷就在这里了！楼市是重中之重，涉及篇幅最大。剩下的主要是加强金融监管和防范化解风险！;国家层面，不会过多讨论资本市场，不然会被大众过度解读，A股的赌徒们最喜欢的就是过度解读;0.9996895245306934
-----;------;------;0.8161155305606429;0.9996895245306934;-0.6325415365905924;1.6322310611212858;0.1838844694393571;752686;0.003143249807916595;0.4006286499615833;0.6677144166026387
大家猜猜他们会从哪里入手，最没有话语权的那部分入手[允悲];有本事就把转融通的漏洞补掉，立一下人设先。;0.31762015549011124
-----;------;------;0.0;0.31762015549011124;;0;1.0;1448;6.046911622991831e-06;0.40000120938232464;0.6666686823038743
易秃子还有脸做报告？[笑cry][笑cry];浙帮硬气着呢;-0.03682676677530328
-----;------;------;0.0;;-0.03682676677530328;0;1.0;945;3.946361521911106e-06;0.4000007892723044;0.6666679821205073
眼花了;希望说到做到吧;-0.3361154731167211
-----;------;------;0.0;;-0.3361154731167211;0;1.0;34;1.419854939100292e-07;0.4000000283970988;0.6666667139951645
六安旅游资源非常丰富。绝对是有潜力做下一个爆款的。;真正的合肥后花园;0.07921249288989451
-----;------;------;0.0;0.07921249288989451;;0;1.0;4;1.670417575412108e-08;0.4000000033408352;0.6666666722347252
还不是没得选[泪];还想选谁？看看选南京的马鞍山过的怎么样;0.8351207351822876
-----;------;------;0.0;0.8351207351822876;;0;1.0;188;7.850962604436908e-07;0.4000001570192521;0.6666669283654201
好吃不过饺子[干杯];好玩呢？;0.5789473684210527
好吃不过饺子[干杯];对;0.052465563615616606
-----;------;------;0.263240902402718;0.5789473684210527;;0;1.0;777;3.24478614023802e-06;0.5052970099183153;0.842161683197192
房子啊......;股市;0.7999999999999998
房子啊......;房子倒不了，一二线城市继续稳健向上;0.5173208346701503
-----;------;------;0.14133958266492475;0.7999999999999998;;0;1.0;1518;6.33923469868895e-06;0.4565371009129096;0.7608951681881826
没有股市什么事[二哈];股市负责出钱[允悲];0.9798114268519837
-----;------;------;0.0;0.9798114268519837;;0;1.0;919;3.8377843795093185e-06;0.4000007675568759;0.6666679459281264
这是要给年轻人免费分房的新指示吗？[吃瓜];[笑cry][笑cry];0.5978255567554556
-----;------;------;0.0;0.5978255567554556;;0;1.0;1619;6.761015136480507e-06;0.4000013522030273;0.6666689203383788
现在出来的00后根本不愁房子住;[笑cry][笑cry];0.5978255567554556
-----;------;------;0.0;0.5978255567554556;;0;1.0;184;7.683920846895697e-07;0.40000015367841696;0.6666669227973615
开涨。！4限3限已破;回复@小澳721:对以后会反过来了。只是美国乡村不值钱;-0.9463214611662101
开涨。！4限3限已破;再翻几倍，买下美国！;0.20431507590335518
-----;------;------;0.5753182685347826;0.20431507590335518;-0.9463214611662101;1.1506365370695653;0.42468173146521737;466;1.946036475355106e-06;0.4000003892072951;0.6666673153454917
房价会不会涨啊;除了最核心区，不跌少跌就不错了;0.8031680396644874
-----;------;------;0.0;0.8031680396644874;;0;1.0;686;2.8647661418317656e-06;0.4000005729532284;0.6666676215887138
哈哈哈真是没人要了[笑cry];回复@never8860:轮到你要了，赶紧开心。[微笑];0.06997118400279767
哈哈哈真是没人要了[笑cry];回复@never8860:[摊手]这是怼什么呢;-0.7586840795969212
哈哈哈真是没人要了[笑cry];回复@never8860:你多买几套吧，马上增值了，房价上涨1万，你赶紧买，整个杭州的你都买了都可以，这样你就可以提高价格了;-0.9902737255229155
哈哈哈真是没人要了[笑cry];回复@never8860:那该轮到你了[赞];0.3940038236985066
-----;------;------;0.5708728769085264;0.3940038236985066;-0.9902737255229155;1.384277549221422;0.30786122538928895;135;5.637659317015865e-07;0.3514937536723125;0.5858229227871874
限价限得是低价[笑cry];回复@半个青春半个你:谁喷了，喷什么了[doge];-0.8113811072930475
限价限得是低价[笑cry];回复@半个青春半个你:所以你高位接盘了，限价接触的是地价的下限;0.9864551523418141
限价限得是低价[笑cry];那别乱喷前两年摇号盛况历历在目我没摇到买了高价二手房;-0.9998611609652883
-----;------;------;0.8952462382309548;0.9864551523418141;-0.9998611609652883;1.9863163133071025;0.006841843346448773;127;5.303575801933443e-07;0.36083533870247747;0.6013922311707957
限房价都嫌高不好卖了，这不限房价，难不成是要降价？[doge];限价比二手房要便宜的。。;-0.9081590674647704
-----;------;------;0.0;;-0.9081590674647704;0;1.0;457;1.9084520799083335e-06;0.400000381690416;0.66666730281736
房价可以在稳住么[允悲];除了钱江新城等中心地段不跌就不错了;0.7677633527393353
-----;------;------;0.0;0.7677633527393353;;0;1.0;68;2.839709878200584e-07;0.4000000567941976;0.6666667613236625
乖乖;666啊;0.0
-----;------;------;0.0;0.0;0.0;0;1.0;202;8.435608755831145e-07;0.40000016871217514;0.6666669478536251
厉害;666;0.0
-----;------;------;0.0;0.0;0.0;0;1.0;369;1.5409602133176697e-06;0.4000003081920427;0.666667180320071
看来你对杭州不熟啊，富阳相当于合肥这边的六安，这么远没有意义了，这几个区。杭州主要还是拱墅区，西湖区，滨江区，包括武林门的西湖文化广场片区。;确实不熟，就去过一次;-0.3917967969658551
-----;------;------;0.0;;-0.3917967969658551;0;1.0;4;1.670417575412108e-08;0.4000000033408352;0.6666666722347252
每出一个政策对空军都是一次心灵打击，焦虑[doge];空军，现在挺好的啊;0.6259553318265931
-----;------;------;0.0;0.6259553318265931;;0;1.0;3;1.2528131815590811e-08;0.4000000025056264;0.6666666708427106
大势已去;贵得地方会越来越贵，便宜的地方确实守不住得，以前杭州限价得世纪城4.8万，现在12万。去年前年控制得网红盘现在价格基本上是8万以上得。;0.9458410655340692
-----;------;------;0.0;0.9458410655340692;;0;1.0;226;9.43785930107841e-07;0.40000018875718607;0.6666669812619767
《房子是用来住的，不是用来炒的》;回复@惊若鸿12138:你想的太简单了，房子白菜价，就相当于建房子的材料钱，人工钱等等的东西就会更加白菜价，然后就是工人的工资也是白菜价，大家都不愿意上班了，说白了还是对普通打人工不友好[二哈];0.8010948418444281
《房子是用来住的，不是用来炒的》;回复@饮水机耗水员:太敢说了兄弟;-0.980676881240659
《房子是用来住的，不是用来炒的》;回复@什么昵称都不可用2333:我就是人民，忽视个体，谈团体就是伪善。大众肯定希望房子白菜价，又不炒，一家一两套够了;0.11192327860836215
《房子是用来住的，不是用来炒的》;回复@惊若鸿12138:地价高低与土地收入政府财政的关系是复杂的，不是线性的。干预是程度的问题，不是0和1的关系。或许对于您而言，政府做什么都是错的，因为买不起房，但至少从经济学角度看，这条政策在让这个行业变好。最后说一句，一定会有普通人因这条政策受益，以及，你我都代表不了人民。;0.999910649312653
《房子是用来住的，不是用来炒的》;回复@什么昵称都不可用2333:中国什么经济行为不受干预。我的房子降到一千一平，涨到一万对我来说一个样，不买不卖。降对未来的人是好事，可以享受生活，追求梦想。但是政府没钱了;0.9287553608842904
《房子是用来住的，不是用来炒的》;回复@惊若鸿12138:所以您认为房地产最优解仍然是行政干预？;0.9974356981650601
《房子是用来住的，不是用来炒的》;回复@什么昵称都不可用2333:拉动内需靠什么，中下层人民有钱花才行，大多数钱被绑在房子里，未来几十年他们没法花钱;-0.9982104551708579
《房子是用来住的，不是用来炒的》;回复@惊若鸿12138:市场经济不是鸩酒，不是毒药。过去数十年无序的市场和收效甚微的干预才是毒药。;0.9599398337063207
《房子是用来住的，不是用来炒的》;回复@什么昵称都不可用2333:政府才是最大的炒房团，根据市场规律，卖不出去就得降价吧;-0.9609770734677288
《房子是用来住的，不是用来炒的》;回复@惊若鸿12138:为什么是饮鸩止渴，恢复市场调控有什么不好吗？你要知道，行政干预不仅仅是限涨，还有限跌，只有房地价真正受供求关系影响，人民才有可能买得起房，当然是在没有炒房客的前提下。;0.7723615957794199
《房子是用来住的，不是用来炒的》;回复@惊若鸿12138:成语我会，饮鸩止渴，拔苗助长，竭泽而渔，杀鸡取卵，还有没有补充[偷笑];-0.9012652970987245
《房子是用来住的，不是用来炒的》;回复@一卡1985:我靠你这个思维跳跃的。。那个只是一个例子而已，不是说买房跟喝水有关系[笑cry]本来就是市场经济，东西卖给愿意出高价格的人，这样做没毛病;-0.98617580421832
《房子是用来住的，不是用来炒的》;回复@番茄配吐司:你这人很奇怪，本来就是市场经济，好的地方的地价高不是很正常吗？既然拿地价贵了，开发商为了不亏钱加价销售不也很正常吗？买不起的开发商不去买就好了啊，同理，超出预算买不起那个房子的消费者也可以不用买，去买便宜点的地方啊。这很难理解吗？;-0.991184618861676
《房子是用来住的，不是用来炒的》;回复@MonsieurWANG1:笑死你是不是读不懂上下文啊房地产商购地的成本增加他们会自掏腰包认了这笔成本吗？最终不还是购房人买单羊毛出在羊身上你还跟我在这沙漠卖水你知不知之前为啥限价啊这人真搞笑;-0.9998907952454841
《房子是用来住的，不是用来炒的》;回复@MonsieurWANG1:[笑cry]这概念偷换的，没房子难道能渴死;-0.844707407375842
《房子是用来住的，不是用来炒的》;big胆;-0.5383433207448256
《房子是用来住的，不是用来炒的》;话是让你们来听的，不是让你当真的;-0.20530457635807364
《房子是用来住的，不是用来炒的》;图片评论http://t.cn/A6WWamlV;-0.15786672486692166
《房子是用来住的，不是用来炒的》;兄弟你本末倒置了赶紧撤回;-0.9858801689900096
《房子是用来住的，不是用来炒的》;回复@AYEAUTUMN6789:大实话;-0.9265924226787086
《房子是用来住的，不是用来炒的》;回复@番茄配吐司:有什么问题吗;-0.13488087298906115
《房子是用来住的，不是用来炒的》;朝令夕改[doge];-0.3139097844879821
《房子是用来住的，不是用来炒的》;你是不是没有软肋不卖地要不多收你点税[doge];-0.9994118910218144
《房子是用来住的，不是用来炒的》;回复@什么昵称都不可用2333:然后重复历史根本问题解决了吗[困];-0.6157271178040411
《房子是用来住的，不是用来炒的》;回复@什么昵称都不可用2333:有，饮鸩止渴。透支人民幸福;0.415380181766994
《房子是用来住的，不是用来炒的》;这样怎么升官发财，一个周江勇倒下去了，还有千千万万要站起来[偷笑];0.8888104872060287
《房子是用来住的，不是用来炒的》;以前炒房严重的时候出限价政策调控房价，现在炒房客基本跑路或者灭绝了就恢复市场调控。有啥问题吗？;-0.9015036578774467
-----;------;------;0.7758374196910837;0.999910649312653;-0.9998907952454841;1.9998014445581371;9.927772093143439e-05;223;9.312577982922503e-07;0.31037486521636576;0.5172914420272762
这是要哄抬房价[允悲];这几块地方是抬都抬不上的，你放心好了;-0.9860272861861483
这是要哄抬房价[允悲];回复@夏至星海:我再给你举个例子，临平良熟。没地铁没商业，公交车30分钟一班，杭州教育质量倒数的乔司中学学区。28000的限价，真石漆和涂料的外立面，十来个楼盘的体量，不也卖完么？;-0.7868188082102654
这是要哄抬房价[允悲];回复@夏至星海:临平龙安这种鸟不拉屎的地方都能卖完，除非你说的是比去外地都远的临安;0.5317487575172022
这是要哄抬房价[允悲];@紫光阁@新华社炒的价高者得[吃瓜];0.7430674926439564
这是要哄抬房价[允悲];回复@偏偏风渐行远:杭州的土地和新房根本不愁卖，难卖的是老百姓的二手房;0.05480279559995127
这是要哄抬房价[允悲];这是给炒房的信心[doge]但是今非昔比，炒房的不是傻子[笑cry];-0.9176796623747165
这是要哄抬房价[允悲];回复@云淡风轻纵横四海:可是这是杭州啊[二哈]有钱人云集;0.9595727480313012
这是要哄抬房价[允悲];有人买吗？没人买谈何涨价;-0.2654244108868786
这是要哄抬房价[允悲];关键得有人接盘啊;0.37188750878777865
这是要哄抬房价[允悲];抓紧入手吧，一线新一线房价又要爆了;0.9781910826763924
这是要哄抬房价[允悲];回复@云淡风轻纵横四海:他们不敢喊马云回来接盘[偷笑];0.9805858779992316
这是要哄抬房价[允悲];搞得限价的时候就不哄抬房价了，人都没了我看他想卖给谁[鼓掌];-0.7370097291866873
这是要哄抬房价[允悲];这是没有人接盘了再限制就卖不出去了[doge];-0.06272547003918683
这是要哄抬房价[允悲];有钱人都跑了，现在情况不一样了。没有人接盘了;-0.6758202332203203
这是要哄抬房价[允悲];得有人接盘，现在都在跑;0.12353223925679702
-----;------;------;0.699139568649612;0.9805858779992316;-0.9860272861861483;1.96661316418538;0.01669341790731005;108;4.510127453612692e-07;0.2863332848253179;0.47722214137552976
房住不炒就是个笑话，贻笑千年万年;回复@饮水机耗水员:相信政府决策，假如政府把地价和造房子的价格直接从百姓收取，绕过了开发商中介这些个中间商，算算房价会是多少一平，当然保障房位置会偏一点，地价会更便宜;-0.04010196746148842
房住不炒就是个笑话，贻笑千年万年;回复@珠财入水:你个炒房客，也太憋不住了;-0.9949591055236531
房住不炒就是个笑话，贻笑千年万年;回复@扎针不:想屁吃[笑cry];0.1995705537029817
房住不炒就是个笑话，贻笑千年万年;政策变了，马上会有几千一平的保障房给你住的，这个才是房住不炒[doge];-0.881395245186618
房住不炒就是个笑话，贻笑千年万年;回复@phb只有六块腹肌:是的。计划经济和市场经济相结合的;-0.4446337821406272
房住不炒就是个笑话，贻笑千年万年;回复@潇弑Peternal:那政府调控市场经济不是正常，政府不能调控市场经济那就不叫社会主义了;-0.7934806126902427
房住不炒就是个笑话，贻笑千年万年;回复@phb只有六块腹肌:社会主义国家也可以有市场经济啊;0.7313216359140333
房住不炒就是个笑话，贻笑千年万年;回复@珠财入水:所以说中国是社会主义国家还是资本主义国家呀;0.9208472963199026
-----;------;------;0.6897615878019034;0.9208472963199026;-0.9949591055236531;1.9158064018435557;0.04209679907822217;7;2.923230756971189e-08;0.2927433605985118;0.4879056009975196
取消限价又如何，有人敢高价拍？;没热度，中介天天发，没人接盘，全跑了;-0.36241520481809175
取消限价又如何，有人敢高价拍？;杭州西湖区上个月新开楼盘，三期加起来差不多600套房，摇号的人有6000+，单价四万多，热度超乎你想象;-0.7680084322293113
-----;------;------;0.20279661370560975;;-0.7680084322293113;0;1.0;335;1.3989747194076405e-06;0.4811189252771878;0.8018648754619796
到底是啥意思？看不明白啊;要钱;-0.40176600441501065
到底是啥意思？看不明白啊;涨地价不涨房价懂了吗;0.48959005997997007
到底是啥意思？看不明白啊;意思就是没钱了，要钱;-0.850387393560694
到底是啥意思？看不明白啊;回复@冷血草70933:还会涨？？;0.5158421051917665
到底是啥意思？看不明白啊;简单说就是房价涨的意思。;0.07839785423268664
-----;------;------;0.5274174470652212;0.5158421051917665;-0.850387393560694;1.3662294987524606;0.3168852506237697;95;3.9672417416037565e-07;0.3377211584204312;0.5628685973673853
限价是为了保持不掉价，这下解除了，就是高的地方高。低的地方直接崩盘了;你在梦里是吧;0.8181818181818181
-----;------;------;0.0;0.8181818181818181;;0;1.0;24;1.0022505452472649e-07;0.40000002004501095;0.6666667000750182
为啥这次没有萧山余杭除外了，奇葩了;临平：[笑cry];0.25999923069361053
为啥这次没有萧山余杭除外了，奇葩了;回复@gooner7777:举例说明;-0.409318967348661
为啥这次没有萧山余杭除外了，奇葩了;回复@gooner7777:春节禁止放烟花（余杭萧山除外）;0.03396624120540759
为啥这次没有萧山余杭除外了，奇葩了;回复@工地逮偷钢筋的:几年前领养宠物也是余杭萧山除外[doge];-0.6119885715067566
为啥这次没有萧山余杭除外了，奇葩了;回复@gooner7777:涉及到财政的肯定除外啊;-0.5633498875755805
为啥这次没有萧山余杭除外了，奇葩了;回复@钱塘梧桐:不除外的基本都是坏事;-0.6642071340045528
为啥这次没有萧山余杭除外了，奇葩了;回复@gooner7777:什么坏事呢？;-0.8858684559062899
为啥这次没有萧山余杭除外了，奇葩了;回复@钱塘梧桐:坏事为什么不除外？;-0.6913689258376154
为啥这次没有萧山余杭除外了，奇葩了;回复@gooner7777:萧山余杭交市里财政吗？不交怎么可能享受好事？;-0.7384992420450822
为啥这次没有萧山余杭除外了，奇葩了;通常好事才除外;-0.49709409018832695
-----;------;------;0.33933351996085065;0.25999923069361053;-0.8858684559062899;1.1458676865999005;0.42706615670004977;1353;5.650187448831456e-06;0.30656100070184994;0.5109350011697498
经济好不好，一目了然[doge];反正工资每年都在涨就好了[允悲];0.9098920284095684
-----;------;------;0.0;0.9098920284095684;;0;1.0;186;7.767441725666303e-07;0.40000015534883454;0.6666669255813908
房子一旦失去金融属性，就没得市场了;回复@帽子哥聊财经:1;0.4456030666832931
房子一旦失去金融属性，就没得市场了;回复@帽子哥聊财经:[微笑][微笑][微笑];0.9605374376017637
房子一旦失去金融属性，就没得市场了;回复@帽子哥聊财经:[绿植托脸][绿植托脸][绿植托脸];-0.9465955627503799
房子一旦失去金融属性，就没得市场了;一直是金融属性，成交价决定价值[笑cry];0.979714743692139
房子一旦失去金融属性，就没得市场了;对头;0.0
-----;------;------;0.7159308223836631;0.979714743692139;-0.9465955627503799;1.9263103064425189;0.03684484677874056;186;7.767441725666303e-07;0.301110423013796;0.5018507050229932
崩盘就崩了呗做什么干预为什么要去维护炒房客的利益让更多人买得起房子不好吗;维护的不是炒房客，你细品吧;-0.8336876910668944
-----;------;------;0.0;;-0.8336876910668944;0;1.0;64;2.672668120659373e-07;0.4000000534533624;0.666666755755604
除了房子那个行业有那么大的体量，而且能带动全民消费的啊，几乎没有;回复@八海看台妹:死的只是企业，行业不会死，市场还会越来越大。;-0.36630203151018415
除了房子那个行业有那么大的体量，而且能带动全民消费的啊，几乎没有;回复@宜春阿豪:已经快卷死了，;-0.31823062102487865
除了房子那个行业有那么大的体量，而且能带动全民消费的啊，几乎没有;回复@八海看台妹:非也非也，国外市场还很大。;0.29565917838278044
除了房子那个行业有那么大的体量，而且能带动全民消费的啊，几乎没有;回复@宜春阿豪:全都产能过剩了[笑cry];-0.3573823262078346
除了房子那个行业有那么大的体量，而且能带动全民消费的啊，几乎没有;汽车+芯片+医药;0.5458948361835834
除了房子那个行业有那么大的体量，而且能带动全民消费的啊，几乎没有;兴奋剂劲大，你靠兴奋剂能强健身体吗？;0.21827954871827493
-----;------;------;0.36427508018040206;0.5458948361835834;-0.36630203151018415;0.9121968676937675;0.5439015661531162;37;1.5451362572562e-07;0.3632706894361325;0.6054511490602208
厦门就那么点地方，建的乱七八糟的，我已经不待了。。没意思。（我这种话要被厦门土著捶死[允悲]）真的是要发展经济。;回复@烟火绚烂易逝:哈哈哈这两天被厦门的人追着骂，累了[笑cry];0.9921769231640856
厦门就那么点地方，建的乱七八糟的，我已经不待了。。没意思。（我这种话要被厦门土著捶死[允悲]）真的是要发展经济。;回复@超级可爱的汉堡堡:你这么说，会被厦门土著追着胖揍[挤眼];0.7477365782394889
厦门就那么点地方，建的乱七八糟的，我已经不待了。。没意思。（我这种话要被厦门土著捶死[允悲]）真的是要发展经济。;厦门这地方不行，发展不起来的没有企业的这个地方;0.253394114479087
-----;------;------;0.30730469716771247;0.9921769231640856;;0;1.0;3;1.2528131815590811e-08;0.5229218813727115;0.871536468954519
帽哥我不想道德绑架你但是是因为你我才去关注他们的他们今天被打了我心里难受的很，帽哥你以前都会发声的这种和唐山打人有区别吗，不知道你看到了啥感想！;回复@阳光下D泡沫:你搜融创打人;0.3721286093157272
帽哥我不想道德绑架你但是是因为你我才去关注他们的他们今天被打了我心里难受的很，帽哥你以前都会发声的这种和唐山打人有区别吗，不知道你看到了啥感想！;你在说啥？[疑问];-0.18192389279027577
-----;------;------;0.2770262510530015;0.3721286093157272;-0.18192389279027577;0.554052502106003;0.7229737489469985;4;1.670417575412108e-08;0.4000000033408352;0.6666666722347252
房子一旦失去金融属性，就没得市场了;回复@帽子哥聊财经:1;0.4456030666832931
房子一旦失去金融属性，就没得市场了;回复@帽子哥聊财经:[微笑][微笑][微笑];0.9605374376017637
房子一旦失去金融属性，就没得市场了;回复@帽子哥聊财经:[绿植托脸][绿植托脸][绿植托脸];-0.9465955627503799
房子一旦失去金融属性，就没得市场了;一直是金融属性，成交价决定价值[笑cry];0.979714743692139
房子一旦失去金融属性，就没得市场了;对头;0.0
-----;------;------;0.7159308223836631;0.979714743692139;-0.9465955627503799;1.9263103064425189;0.03684484677874056;186;7.767441725666303e-07;0.301110423013796;0.5018507050229932
崩盘就崩了呗做什么干预为什么要去维护炒房客的利益让更多人买得起房子不好吗;维护的不是炒房客，你细品吧;-0.8336876910668944
-----;------;------;0.0;;-0.8336876910668944;0;1.0;64;2.672668120659373e-07;0.4000000534533624;0.666666755755604
除了房子那个行业有那么大的体量，而且能带动全民消费的啊，几乎没有;回复@八海看台妹:死的只是企业，行业不会死，市场还会越来越大。;-0.36630203151018415
除了房子那个行业有那么大的体量，而且能带动全民消费的啊，几乎没有;回复@宜春阿豪:已经快卷死了，;-0.31823062102487865
除了房子那个行业有那么大的体量，而且能带动全民消费的啊，几乎没有;回复@八海看台妹:非也非也，国外市场还很大。;0.29565917838278044
除了房子那个行业有那么大的体量，而且能带动全民消费的啊，几乎没有;回复@宜春阿豪:全都产能过剩了[笑cry];-0.3573823262078346
除了房子那个行业有那么大的体量，而且能带动全民消费的啊，几乎没有;汽车+芯片+医药;0.5458948361835834
除了房子那个行业有那么大的体量，而且能带动全民消费的啊，几乎没有;兴奋剂劲大，你靠兴奋剂能强健身体吗？;0.21827954871827493
-----;------;------;0.36427508018040206;0.5458948361835834;-0.36630203151018415;0.9121968676937675;0.5439015661531162;37;1.5451362572562e-07;0.3632706894361325;0.6054511490602208
厦门就那么点地方，建的乱七八糟的，我已经不待了。。没意思。（我这种话要被厦门土著捶死[允悲]）真的是要发展经济。;回复@烟火绚烂易逝:哈哈哈这两天被厦门的人追着骂，累了[笑cry];0.9921769231640856
厦门就那么点地方，建的乱七八糟的，我已经不待了。。没意思。（我这种话要被厦门土著捶死[允悲]）真的是要发展经济。;回复@超级可爱的汉堡堡:你这么说，会被厦门土著追着胖揍[挤眼];0.7477365782394889
厦门就那么点地方，建的乱七八糟的，我已经不待了。。没意思。（我这种话要被厦门土著捶死[允悲]）真的是要发展经济。;厦门这地方不行，发展不起来的没有企业的这个地方;0.253394114479087
-----;------;------;0.30730469716771247;0.9921769231640856;;0;1.0;3;1.2528131815590811e-08;0.5229218813727115;0.871536468954519
放开呗，捂着还以为是香饽饽呢，放开了谁嫌钱多碍事话就去买房咯，顺便还可以带动一下装修家电家居的消费[偷笑]多好;厦门政府不捂着，厦门早都被踢出五线城市名单了[允悲];0.6916233456114345
-----;------;------;0.0;0.6916233456114345;;0;1.0;195;8.143285680134027e-07;0.4000001628657136;0.6666669381095226
[赞];回复@阳光下D泡沫:你搜融创打人;0.3721286093157272
[赞];你在说啥？[疑问];-0.18192389279027577
-----;------;------;0.2770262510530015;0.3721286093157272;-0.18192389279027577;0.554052502106003;0.7229737489469985;0;0.0;0.4;0.6666666666666666
放开呗，捂着还以为是香饽饽呢，放开了谁嫌钱多碍事话就去买房咯，顺便还可以带动一下装修家电家居的消费[偷笑]多好;厦门政府不捂着，厦门早都被踢出五线城市名单了[允悲];0.6916233456114345
-----;------;------;0.0;0.6916233456114345;;0;1.0;195;8.143285680134027e-07;0.4000001628657136;0.6666669381095226
外地人能买不？我就想知道这个。;可以;0.052465563615616606
外地人能买不？我就想知道这个。;取消限购意味着火星人都可以买[报税];-0.38747327316969726
外地人能买不？我就想知道这个。;没钱可以买不？[doge];-0.8295978123299055
外地人能买不？我就想知道这个。;不能贷款，厦门本地钱包已经支撑不了房价了，欢迎外地韭菜，而且180平方以上的房子一直都是不限购的，中国迈阿密;-0.9608157269448216
外地人能买不？我就想知道这个。;[doge]可以，就是岛内新房八百多一千多万的，谁爱买谁买吧;0.49554184484020336
外地人能买不？我就想知道这个。;韭菜多多接盘，支持厦门经济做贡献，当地人会感激你;0.9880473259844385
外地人能买不？我就想知道这个。;快来买现在才7八一平方[允悲][允悲];0.9917493661269747
外地人能买不？我就想知道这个。;为了让领导先走谁都能接盘[二哈][二哈][二哈];-0.4258846309882649
外地人能买不？我就想知道这个。;外地不也是有钱就能买吗[笑cry];-0.8098458076680777
外地人能买不？我就想知道这个。;可以买，但你买的起吗[doge];-0.07012243932040674
外地人能买不？我就想知道这个。;都取消限购了你说能不能买，你连取消限购是啥意思都懂不起还是别买了;-0.9414611847768408
外地人能买不？我就想知道这个。;刚性需求的前提是你要有钱，不然都是刚性贫穷的想象[哈哈];0.8283898922395734
外地人能买不？我就想知道这个。;本地韭菜不够割，出个政策就可以割外地韭菜了，你说能不能[吃瓜];-0.9747434201953213
外地人能买不？我就想知道这个。;写这么清楚还问，你还是别买了;-0.3256899053059874
外地人能买不？我就想知道这个。;外地人可以等等四大一线[吃瓜];-0.36499890942732005
外地人能买不？我就想知道这个。;来来来，韭菜们，新房100平一套七八百万，这个价格去上海深圳买不香吗[哈哈][哈哈][哈哈][哈哈];-0.8308626749959946
外地人能买不？我就想知道这个。;你能买得起吗？一看，呦北京ip，北京人买得起买得起必须买得起[doge];-0.4920428555861962
外地人能买不？我就想知道这个。;不再审核购房人资格，有钱随便买。。。;-0.9840958789890155
外地人能买不？我就想知道这个。;回复@干饭饭饭:你外地户口贷款有看厦门本地的收入证明，;0.0015963671728373985
-----;------;------;0.6544520853771594;0.9917493661269747;-0.9840958789890155;1.9758452451159902;0.012077377442004877;5725;2.39078515480858e-05;0.2666165666979754;0.4443609444966256
多子女二套房找接盘太着急了韭菜不够用了[污];回复@一修远一:这时候还想买房的，啥理由都很难评价…;-0.9317220442393206
多子女二套房找接盘太着急了韭菜不够用了[污];回复@一修远一:80后的，头胎应该要考大学了，赶快为二胎准备房子……一个月挣得一两万，花不到五百块……90后、00后不会再这么狠攒钱了;-0.8984337724131342
多子女二套房找接盘太着急了韭菜不够用了[污];取消也没人买！都2023年了除了被婚姻裹挟着的刚需，哪个冤大头还买房[允悲][允悲][允悲];0.9935848040843804
-----;------;------;0.89985485638611;0.9935848040843804;-0.9317220442393206;1.925306848323701;0.03734657583814949;495;2.067141749572484e-06;0.37488098631805367;0.6248016438634227
我又买不起[老师好]和我有啥关系[喵喵];回复@洋洋是浙傳李光洙:怎么不限购？你看明白没？看不懂中文就别在这装，动物一个，连中文都看不懂;0.7199103295184386
我又买不起[老师好]和我有啥关系[喵喵];回复@钶锂铹:為什麼要破防啊？繼續買啊老闆，現在不限購了，做廈門李嘉誠[舔屏];-0.0290003079458927
我又买不起[老师好]和我有啥关系[喵喵];回复@Rivaille-Ackerman兵長:厉害了我的真旗舰;-0.8154201507408463
我又买不起[老师好]和我有啥关系[喵喵];回复@洋洋是浙傳李光洙:限购了啊，已经买到限购了;0.014984058415705492
我又买不起[老师好]和我有啥关系[喵喵];回复@钶锂铹:厉害了我的国，感恩;0.7593661951604431
我又买不起[老师好]和我有啥关系[喵喵];回复@洋洋是浙傳李光洙:买了啊;0.11943986231140502
我又买不起[老师好]和我有啥关系[喵喵];回复@珺空空:破防狗;-0.9338280821927332
我又买不起[老师好]和我有啥关系[喵喵];回复@洋洋是浙傳李光洙:破防了吧;-0.584570039497039
我又买不起[老师好]和我有啥关系[喵喵];回复@钶锂铹:哎哟喂，那你这个社会精英多买几套[舔屏][舔屏][舔屏];0.8894814935631012
我又买不起[老师好]和我有啥关系[喵喵];回复@钶锂铹:啊对对，你赶紧多买几套;-0.0008573157024722722
我又买不起[老师好]和我有啥关系[喵喵];回复@钶锂铹:你不拿低保，你赶紧买！厦门房地产就指望你回血了;0.5867571858793861
我又买不起[老师好]和我有啥关系[喵喵];回复@钶锂铹:那你就多买，多贡献，不然对不起你发的这些话;0.5035479124440154
我又买不起[老师好]和我有啥关系[喵喵];有可能偏远郊区的房子降的更狠，手上有大量现金的，定居就容易了;-0.6335723785952281
我又买不起[老师好]和我有啥关系[喵喵];回复@钶锂铹:[鄙视]上来就直接损人家，看看人家发的表情;-0.6514110035042671
我又买不起[老师好]和我有啥关系[喵喵];国家也没指望你买，国家想让富裕的家庭把钱掏出来，你这个不拿国家低保国家就谢天谢地了;0.85591838841954
我又买不起[老师好]和我有啥关系[喵喵];就是，限不限购与我毫不相干[doge];0.3447895135403425
-----;------;------;0.6110001802031239;0.8894814935631012;-0.9338280821927332;1.8233095757558344;0.0883452121220828;2024;8.452312931585267e-06;0.279739847392669;0.4662330789877816
鼓励买房的时候就说明不是很合适买了[doge];看透不要说透;0.47532521400454897
-----;------;------;0.0;0.47532521400454897;;0;1.0;68;2.839709878200584e-07;0.4000000567941976;0.6666667613236625
远离房赌毒[doge];黄房堵毒[怒];-0.3748606101853047
-----;------;------;0.0;;-0.3748606101853047;0;1.0;311;1.298749664882914e-06;0.400000259749933;0.6666670995832216
科普一下：厦门房价稳居全国第4;前三可是上北深…厦门房子性价比太低了;0.9730425913037106
科普一下：厦门房价稳居全国第4;回复@Czt2133:厦门房价排全球第14位[允悲];0.42972358177713454
科普一下：厦门房价稳居全国第4;房价是厦门市政府最丢人的政绩！;-0.7572792598030247
科普一下：厦门房价稳居全国第4;回复@Czt2133:也是前十前二十的存在;-0.8368732513331558
科普一下：厦门房价稳居全国第4;那全球呢？;-0.07142857142857095
-----;------;------;0.6923280527088402;0.9730425913037106;-0.8368732513331558;1.8099158426368664;0.09504207868156678;2952;1.2327681706541357e-05;0.3149505180925042;0.5249175301541735
你以为大家不买房是因为限购吗;回复@美哈美吖:有钱人也不都是傻子啊;0.36917360016168876
你以为大家不买房是因为限购吗;主要是不限制有钱的人购买了[笑cry];0.4989637221843828
-----;------;------;0.06489506101134701;0.4989637221843828;;0;1.0;111;4.6354087717686e-07;0.42595811711271425;0.7099301951878569
厦门的房太贵了[挖鼻][挖鼻][挖鼻]比广州杭州都高不少;回复@疲惫的故事:海沧集美的区位等同杭州的话，差不多3万左右吧;0.9640916571928984
厦门的房太贵了[挖鼻][挖鼻][挖鼻]比广州杭州都高不少;回复@疲惫的故事:要比就比均价，你都知道说海沧翔安了那杭州全是7万一平？;0.9420048841550959
厦门的房太贵了[挖鼻][挖鼻][挖鼻]比广州杭州都高不少;厦门房子烂尾楼比较少都是国企央企在买地在建;-0.8763300486859253
厦门的房太贵了[挖鼻][挖鼻][挖鼻]比广州杭州都高不少;杭州不是7八万一平方厦门岛内7八万海沧集美4五同安翔安二三四一平万;0.7682974681737791
-----;------;------;0.7692240858909297;0.9640916571928984;-0.8763300486859253;1.8404217058788237;0.07978914706058815;32;1.3363340603296865e-07;0.33960531990728837;0.5660088665121472
现在房子买到手就降价，和汽车一样[摊手]不适合投资了！不过刚需还是要买的！;只有吃饭和看病是刚需，其他都是扯淡;0.2892182273553312
-----;------;------;0.0;0.2892182273553312;;0;1.0;815;3.40347580990217e-06;0.400000680695162;0.6666678011586032
买得起的早买了，买不起的这条例有什么用;回复@扉页上-幸福的颜色:讲真不是刚需没有买的必要;0.9211990584832086
买得起的早买了，买不起的这条例有什么用;回复@大碗碗糕:岛外卖不动啦，拆迁都给房票不给钱了。特别翔安和后溪，一买一个坑;-0.9954123098166345
买得起的早买了，买不起的这条例有什么用;现在买感觉就是韭菜之前岛外还没完全涨起来的时候要买第二套还限购;-0.6559280261368727
买得起的早买了，买不起的这条例有什么用;也有现在买的起的呀;0.30175994357407365
-----;------;------;0.7607358886457904;0.9211990584832086;-0.9954123098166345;1.9166113682998431;0.041694315850078434;840;3.507876908365427e-06;0.32097278337372925;0.5349546389562153
前两年打压太狠了，放开了，也救不回来了;回复@纯纯爱生活11:一般是第四;0.8439238880234543
前两年打压太狠了，放开了，也救不回来了;回复@纯纯爱生活11:差不多前五，但很多消息都是有第四;0.8584738246741732
前两年打压太狠了，放开了，也救不回来了;回复@boniu-322:单纯好奇，前3？比北上深还高吗？[允悲];0.9968166231544873
前两年打压太狠了，放开了，也救不回来了;救不回来难道不是因为贵？用来住还是用来炒？[吐][吐][吐][吐];-0.9996616616079192
-----;------;------;0.8246259502314517;0.9968166231544873;-0.9996616616079192;1.9964782847624065;0.0017608576187967406;480;2.0045010904945296e-06;0.3305551240403175;0.5509252067338625
厦门的未来就是曾经的深圳，希望大家来厦门发展，来厦门买房，投资厦门房产绝对是人生的一笔财富！;求大家快点来接盘不然我的房价跌了[泪];0.2269552816488003
厦门的未来就是曾经的深圳，希望大家来厦门发展，来厦门买房，投资厦门房产绝对是人生的一笔财富！;我来翻译翻译，“求大家快来接盘啊！”[笑cry][笑cry][笑cry];0.9757316666777582
-----;------;------;0.37438819251447897;0.9757316666777582;;0;1.0;270;1.127531863403173e-06;0.5497555025121643;0.9162591708536071
厦门有什么产业;房地产啊;0.6666666666666665
厦门有什么产业;房地产业[开学季];0.2917129727160186
厦门有什么产业;二房东;-0.0772952089609722
厦门有什么产业;只有房地产，其他没有;0.6666666666666665
厦门有什么产业;以前是中介比饭店多的城市;0.1655476026419178
厦门有什么产业;房地产，造业[允悲];0.9863895307557113
厦门有什么产业;房地产[哈哈][哈哈][哈哈];0.6041718539871468
厦门有什么产业;大房企建发地外疆房;0.32105650285802545
-----;------;------;0.31739734281970683;0.9863895307557113;-0.0772952089609722;1.0636847397166835;0.46815763014165823;28;1.1692923027884756e-07;0.31422201257039206;0.5237033542839867
厦门工业农业科技业旅游业贸易业制造业互联网行业军工业渔业艺术业，各行各业都不发达，房价却高得离谱，这一直是个未解之谜[笑cry];只有房地产是厦门的产业[打call];0.8560309079338362
厦门工业农业科技业旅游业贸易业制造业互联网行业军工业渔业艺术业，各行各业都不发达，房价却高得离谱，这一直是个未解之谜[笑cry];你错了，是整个福建省;0.07715139597732557
-----;------;------;0.3894397559782553;0.8560309079338362;;0;1.0;221;9.229057104151898e-07;0.5557760869724442;0.9262934782874068
前两年买房的人估计哭死在厕所了;回复@我是你猫哥L:早买早享受，晚买有折扣[doge];0.5920679422345143
前两年买房的人估计哭死在厕所了;回复@阿挺oMg_:对啊;0.3175514367395609
前两年买房的人估计哭死在厕所了;回复@钢琴谱分享2333:好像要置换，低卖低买，其实也没毛病;-0.7883574675961382
前两年买房的人估计哭死在厕所了;去年买苹果14的，今年也降价好多，前年买苹果13的，今年降价更多。;0.5873456896321179
前两年买房的人估计哭死在厕所了;回复@林先生:岛外吗;0.15237847827856132
前两年买房的人估计哭死在厕所了;回复@林先生:房东是家道中落了吗;0.9428072081368815
前两年买房的人估计哭死在厕所了;房东17年400万买的，我上周320万接盘[允悲];0.961771469987601
-----;------;------;0.555794618793655;0.961771469987601;-0.7883574675961382;1.7501289375837392;0.12493553120813039;88722;0.00037050697031428264;0.272366161394777;0.4539436023246282
@快乐生活且沙壁退散庄总加油，买十套看看实力[干饭人];好好好，这么看得起我是吧;0.48683688006137515
-----;------;------;0.0;0.48683688006137515;;0;1.0;17;7.09927469550146e-08;0.4000000141985494;0.6666666903309156
外地人能买不？我就想知道这个。;可以;0.052465563615616606
外地人能买不？我就想知道这个。;取消限购意味着火星人都可以买[报税];-0.38747327316969726
外地人能买不？我就想知道这个。;没钱可以买不？[doge];-0.8295978123299055
外地人能买不？我就想知道这个。;不能贷款，厦门本地钱包已经支撑不了房价了，欢迎外地韭菜，而且180平方以上的房子一直都是不限购的，中国迈阿密;-0.9608157269448216
外地人能买不？我就想知道这个。;[doge]可以，就是岛内新房八百多一千多万的，谁爱买谁买吧;0.49554184484020336
外地人能买不？我就想知道这个。;韭菜多多接盘，支持厦门经济做贡献，当地人会感激你;0.9880473259844385
外地人能买不？我就想知道这个。;快来买现在才7八一平方[允悲][允悲];0.9917493661269747
外地人能买不？我就想知道这个。;为了让领导先走谁都能接盘[二哈][二哈][二哈];-0.4258846309882649
外地人能买不？我就想知道这个。;外地不也是有钱就能买吗[笑cry];-0.8098458076680777
外地人能买不？我就想知道这个。;可以买，但你买的起吗[doge];-0.07012243932040674
外地人能买不？我就想知道这个。;都取消限购了你说能不能买，你连取消限购是啥意思都懂不起还是别买了;-0.9414611847768408
外地人能买不？我就想知道这个。;刚性需求的前提是你要有钱，不然都是刚性贫穷的想象[哈哈];0.8283898922395734
外地人能买不？我就想知道这个。;本地韭菜不够割，出个政策就可以割外地韭菜了，你说能不能[吃瓜];-0.9747434201953213
外地人能买不？我就想知道这个。;写这么清楚还问，你还是别买了;-0.3256899053059874
外地人能买不？我就想知道这个。;外地人可以等等四大一线[吃瓜];-0.36499890942732005
外地人能买不？我就想知道这个。;来来来，韭菜们，新房100平一套七八百万，这个价格去上海深圳买不香吗[哈哈][哈哈][哈哈][哈哈];-0.8308626749959946
外地人能买不？我就想知道这个。;你能买得起吗？一看，呦北京ip，北京人买得起买得起必须买得起[doge];-0.4920428555861962
外地人能买不？我就想知道这个。;不再审核购房人资格，有钱随便买。。。;-0.9840958789890155
外地人能买不？我就想知道这个。;回复@干饭饭饭:你外地户口贷款有看厦门本地的收入证明，;0.0015963671728373985
-----;------;------;0.6544520853771594;0.9917493661269747;-0.9840958789890155;1.9758452451159902;0.012077377442004877;5725;2.39078515480858e-05;0.2666165666979754;0.4443609444966256
多子女二套房找接盘太着急了韭菜不够用了[污];回复@一修远一:这时候还想买房的，啥理由都很难评价…;-0.9317220442393206
多子女二套房找接盘太着急了韭菜不够用了[污];回复@一修远一:80后的，头胎应该要考大学了，赶快为二胎准备房子……一个月挣得一两万，花不到五百块……90后、00后不会再这么狠攒钱了;-0.8984337724131342
多子女二套房找接盘太着急了韭菜不够用了[污];取消也没人买！都2023年了除了被婚姻裹挟着的刚需，哪个冤大头还买房[允悲][允悲][允悲];0.9935848040843804
-----;------;------;0.89985485638611;0.9935848040843804;-0.9317220442393206;1.925306848323701;0.03734657583814949;495;2.067141749572484e-06;0.37488098631805367;0.6248016438634227
我又买不起[老师好]和我有啥关系[喵喵];回复@洋洋是浙傳李光洙:怎么不限购？你看明白没？看不懂中文就别在这装，动物一个，连中文都看不懂;0.7199103295184386
我又买不起[老师好]和我有啥关系[喵喵];回复@钶锂铹:為什麼要破防啊？繼續買啊老闆，現在不限購了，做廈門李嘉誠[舔屏];-0.0290003079458927
我又买不起[老师好]和我有啥关系[喵喵];回复@Rivaille-Ackerman兵長:厉害了我的真旗舰;-0.8154201507408463
我又买不起[老师好]和我有啥关系[喵喵];回复@洋洋是浙傳李光洙:限购了啊，已经买到限购了;0.014984058415705492
我又买不起[老师好]和我有啥关系[喵喵];回复@钶锂铹:厉害了我的国，感恩;0.7593661951604431
我又买不起[老师好]和我有啥关系[喵喵];回复@洋洋是浙傳李光洙:买了啊;0.11943986231140502
我又买不起[老师好]和我有啥关系[喵喵];回复@珺空空:破防狗;-0.9338280821927332
我又买不起[老师好]和我有啥关系[喵喵];回复@洋洋是浙傳李光洙:破防了吧;-0.584570039497039
我又买不起[老师好]和我有啥关系[喵喵];回复@钶锂铹:哎哟喂，那你这个社会精英多买几套[舔屏][舔屏][舔屏];0.8894814935631012
我又买不起[老师好]和我有啥关系[喵喵];回复@钶锂铹:啊对对，你赶紧多买几套;-0.0008573157024722722
我又买不起[老师好]和我有啥关系[喵喵];回复@钶锂铹:你不拿低保，你赶紧买！厦门房地产就指望你回血了;0.5867571858793861
我又买不起[老师好]和我有啥关系[喵喵];回复@钶锂铹:那你就多买，多贡献，不然对不起你发的这些话;0.5035479124440154
我又买不起[老师好]和我有啥关系[喵喵];有可能偏远郊区的房子降的更狠，手上有大量现金的，定居就容易了;-0.6335723785952281
我又买不起[老师好]和我有啥关系[喵喵];回复@钶锂铹:[鄙视]上来就直接损人家，看看人家发的表情;-0.6514110035042671
我又买不起[老师好]和我有啥关系[喵喵];国家也没指望你买，国家想让富裕的家庭把钱掏出来，你这个不拿国家低保国家就谢天谢地了;0.85591838841954
我又买不起[老师好]和我有啥关系[喵喵];就是，限不限购与我毫不相干[doge];0.3447895135403425
-----;------;------;0.6110001802031239;0.8894814935631012;-0.9338280821927332;1.8233095757558344;0.0883452121220828;2024;8.452312931585267e-06;0.279739847392669;0.4662330789877816
鼓励买房的时候就说明不是很合适买了[doge];看透不要说透;0.47532521400454897
-----;------;------;0.0;0.47532521400454897;;0;1.0;68;2.839709878200584e-07;0.4000000567941976;0.6666667613236625
远离房赌毒[doge];黄房堵毒[怒];-0.3748606101853047
-----;------;------;0.0;;-0.3748606101853047;0;1.0;311;1.298749664882914e-06;0.400000259749933;0.6666670995832216
科普一下：厦门房价稳居全国第4;前三可是上北深…厦门房子性价比太低了;0.9730425913037106
科普一下：厦门房价稳居全国第4;回复@Czt2133:厦门房价排全球第14位[允悲];0.42972358177713454
科普一下：厦门房价稳居全国第4;房价是厦门市政府最丢人的政绩！;-0.7572792598030247
科普一下：厦门房价稳居全国第4;回复@Czt2133:也是前十前二十的存在;-0.8368732513331558
科普一下：厦门房价稳居全国第4;那全球呢？;-0.07142857142857095
-----;------;------;0.6923280527088402;0.9730425913037106;-0.8368732513331558;1.8099158426368664;0.09504207868156678;2952;1.2327681706541357e-05;0.3149505180925042;0.5249175301541735
你以为大家不买房是因为限购吗;回复@美哈美吖:有钱人也不都是傻子啊;0.36917360016168876
你以为大家不买房是因为限购吗;主要是不限制有钱的人购买了[笑cry];0.4989637221843828
-----;------;------;0.06489506101134701;0.4989637221843828;;0;1.0;111;4.6354087717686e-07;0.42595811711271425;0.7099301951878569
厦门的房太贵了[挖鼻][挖鼻][挖鼻]比广州杭州都高不少;回复@疲惫的故事:海沧集美的区位等同杭州的话，差不多3万左右吧;0.9640916571928984
厦门的房太贵了[挖鼻][挖鼻][挖鼻]比广州杭州都高不少;回复@疲惫的故事:要比就比均价，你都知道说海沧翔安了那杭州全是7万一平？;0.9420048841550959
厦门的房太贵了[挖鼻][挖鼻][挖鼻]比广州杭州都高不少;厦门房子烂尾楼比较少都是国企央企在买地在建;-0.8763300486859253
厦门的房太贵了[挖鼻][挖鼻][挖鼻]比广州杭州都高不少;杭州不是7八万一平方厦门岛内7八万海沧集美4五同安翔安二三四一平万;0.7682974681737791
-----;------;------;0.7692240858909297;0.9640916571928984;-0.8763300486859253;1.8404217058788237;0.07978914706058815;32;1.3363340603296865e-07;0.33960531990728837;0.5660088665121472
现在房子买到手就降价，和汽车一样[摊手]不适合投资了！不过刚需还是要买的！;只有吃饭和看病是刚需，其他都是扯淡;0.2892182273553312
-----;------;------;0.0;0.2892182273553312;;0;1.0;815;3.40347580990217e-06;0.400000680695162;0.6666678011586032
买得起的早买了，买不起的这条例有什么用;回复@扉页上-幸福的颜色:讲真不是刚需没有买的必要;0.9211990584832086
买得起的早买了，买不起的这条例有什么用;回复@大碗碗糕:岛外卖不动啦，拆迁都给房票不给钱了。特别翔安和后溪，一买一个坑;-0.9954123098166345
买得起的早买了，买不起的这条例有什么用;现在买感觉就是韭菜之前岛外还没完全涨起来的时候要买第二套还限购;-0.6559280261368727
买得起的早买了，买不起的这条例有什么用;也有现在买的起的呀;0.30175994357407365
-----;------;------;0.7607358886457904;0.9211990584832086;-0.9954123098166345;1.9166113682998431;0.041694315850078434;840;3.507876908365427e-06;0.32097278337372925;0.5349546389562153
前两年打压太狠了，放开了，也救不回来了;回复@纯纯爱生活11:一般是第四;0.8439238880234543
前两年打压太狠了，放开了，也救不回来了;回复@纯纯爱生活11:差不多前五，但很多消息都是有第四;0.8584738246741732
前两年打压太狠了，放开了，也救不回来了;回复@boniu-322:单纯好奇，前3？比北上深还高吗？[允悲];0.9968166231544873
前两年打压太狠了，放开了，也救不回来了;救不回来难道不是因为贵？用来住还是用来炒？[吐][吐][吐][吐];-0.9996616616079192
-----;------;------;0.8246259502314517;0.9968166231544873;-0.9996616616079192;1.9964782847624065;0.0017608576187967406;480;2.0045010904945296e-06;0.3305551240403175;0.5509252067338625
厦门的未来就是曾经的深圳，希望大家来厦门发展，来厦门买房，投资厦门房产绝对是人生的一笔财富！;求大家快点来接盘不然我的房价跌了[泪];0.2269552816488003
厦门的未来就是曾经的深圳，希望大家来厦门发展，来厦门买房，投资厦门房产绝对是人生的一笔财富！;我来翻译翻译，“求大家快来接盘啊！”[笑cry][笑cry][笑cry];0.9757316666777582
-----;------;------;0.37438819251447897;0.9757316666777582;;0;1.0;270;1.127531863403173e-06;0.5497555025121643;0.9162591708536071
厦门有什么产业;房地产啊;0.6666666666666665
厦门有什么产业;房地产业[开学季];0.2917129727160186
厦门有什么产业;二房东;-0.0772952089609722
厦门有什么产业;只有房地产，其他没有;0.6666666666666665
厦门有什么产业;以前是中介比饭店多的城市;0.1655476026419178
厦门有什么产业;房地产，造业[允悲];0.9863895307557113
厦门有什么产业;房地产[哈哈][哈哈][哈哈];0.6041718539871468
厦门有什么产业;大房企建发地外疆房;0.32105650285802545
-----;------;------;0.31739734281970683;0.9863895307557113;-0.0772952089609722;1.0636847397166835;0.46815763014165823;28;1.1692923027884756e-07;0.31422201257039206;0.5237033542839867
厦门工业农业科技业旅游业贸易业制造业互联网行业军工业渔业艺术业，各行各业都不发达，房价却高得离谱，这一直是个未解之谜[笑cry];只有房地产是厦门的产业[打call];0.8560309079338362
厦门工业农业科技业旅游业贸易业制造业互联网行业军工业渔业艺术业，各行各业都不发达，房价却高得离谱，这一直是个未解之谜[笑cry];你错了，是整个福建省;0.07715139597732557
-----;------;------;0.3894397559782553;0.8560309079338362;;0;1.0;221;9.229057104151898e-07;0.5557760869724442;0.9262934782874068
前两年买房的人估计哭死在厕所了;回复@我是你猫哥L:早买早享受，晚买有折扣[doge];0.5920679422345143
前两年买房的人估计哭死在厕所了;回复@阿挺oMg_:对啊;0.3175514367395609
前两年买房的人估计哭死在厕所了;回复@钢琴谱分享2333:好像要置换，低卖低买，其实也没毛病;-0.7883574675961382
前两年买房的人估计哭死在厕所了;去年买苹果14的，今年也降价好多，前年买苹果13的，今年降价更多。;0.5873456896321179
前两年买房的人估计哭死在厕所了;回复@林先生:岛外吗;0.15237847827856132
前两年买房的人估计哭死在厕所了;回复@林先生:房东是家道中落了吗;0.9428072081368815
前两年买房的人估计哭死在厕所了;房东17年400万买的，我上周320万接盘[允悲];0.961771469987601
-----;------;------;0.555794618793655;0.961771469987601;-0.7883574675961382;1.7501289375837392;0.12493553120813039;88722;0.00037050697031428264;0.272366161394777;0.4539436023246282
@快乐生活且沙壁退散庄总加油，买十套看看实力[干饭人];好好好，这么看得起我是吧;0.48683688006137515
-----;------;------;0.0;0.48683688006137515;;0;1.0;17;7.09927469550146e-08;0.4000000141985494;0.6666666903309156
我爸心中的圣地[爱你];回复@Kairoscler:哈哈哈哈江浙沪同一个爹吗我爸一直想去卖房去买房;0.04999385793353728
我爸心中的圣地[爱你];我爸也是[允悲]冬天都在厦门过。;0.988258706212295
-----;------;------;0.46913242413937883;0.988258706212295;;0;1.0;21;8.769692270913567e-08;0.587652987195136;0.9794216453252266
很喜欢厦门;呆久了你就不喜欢了[喵喵];-0.5401833887461447
-----;------;------;0.0;;-0.5401833887461447;0;1.0;160;6.681670301648433e-07;0.40000013363340603;0.66666688938901
我要把房子卖了买厦门的;[笑cry]我在b站看到有个上海人为了高考去福建买房;0.9800456262114354
我要把房子卖了买厦门的;别冲动;0.42424242424242387
我要把房子卖了买厦门的;你会后悔;-0.6446395579073552
-----;------;------;0.6742096474620862;0.9800456262114354;-0.6446395579073552;1.6246851841187906;0.1876574079406047;238;9.938984573702044e-07;0.34474702094076787;0.5745783682346131
不明白当初是如何盛行全国限购的;资源倾斜问题，尤其炒作学区房。;-0.9944292583988796
-----;------;------;0.0;;-0.9944292583988796;0;1.0;2218;9.26246545566014e-06;0.40000185249309117;0.6666697541551518
拆迁能不能快点，好几个地方等着呢;可以，不给钱行不行？[挖鼻];-0.8662152705846693
-----;------;------;0.0;;-0.8662152705846693;0;1.0;76;3.1737933932830053e-07;0.40000006347586786;0.6666667724597797
外地人买算首套，还是在外地的套数也算？;都算首套;0.24647227566036078
外地人买算首套，还是在外地的套数也算？;算首套的但是贷款不能算首套的;0.7152667731846676
-----;------;------;0.2343972487621534;0.7152667731846676;;0;1.0;609;2.5432107585649345e-06;0.49375940814701313;0.8229323469116885
有一说一，厦门就是个花瓶城市，经济差工资低，就是物价高颜值高房价高，性价比极低的城市;南方夏季时间太长不宜上班[允悲][允悲][允悲][允悲];0.9999457857859537
-----;------;------;0.0;0.9999457857859537;;0;1.0;32;1.3363340603296865e-07;0.4000000267266812;0.6666667112111353
买房的钱从哪里来？;回复@霍小兵:还用还吗？;0.007507820821212041
买房的钱从哪里来？;贷款;0.0
-----;------;------;0.0037539104106060206;0.007507820821212041;0.0;0;1.0;251;1.048187028571098e-06;0.40150177380164814;0.6691696230027468
期房付的钱怎么监管？这次房地产爆雷，一些城市提前把一部分资金“扣留”，才保证能按时交楼，这一块马老师可有好的建议？期待做一期视频讲讲[作揖];卖期房以诈骗罪论处;-0.6378570218546475
期房付的钱怎么监管？这次房地产爆雷，一些城市提前把一部分资金“扣留”，才保证能按时交楼，这一块马老师可有好的建议？期待做一期视频讲讲[作揖];取消期房销售制度;-0.15572161569164322
-----;------;------;0.24106770308150216;;-0.6378570218546475;0;1.0;339;1.4156788951617615e-06;0.4964273643683799;0.8273789406139664
猪肉能往死里跌，养猪的农民亏的裤衩都没有了，房地产一降就是风险？搞了半天钢筋混凝土是最脆弱的。中国的房地产已经掏空了几代人的口袋子，80、90后巨额负债……真奇了怪了这年头;回复@落寞红嘴鸥:也是，狗嘴里果然吐不出象牙[doge];-0.5661647671330083
猪肉能往死里跌，养猪的农民亏的裤衩都没有了，房地产一降就是风险？搞了半天钢筋混凝土是最脆弱的。中国的房地产已经掏空了几代人的口袋子，80、90后巨额负债……真奇了怪了这年头;回复@-秋宵梦觉:你村子里当然没有啊！;-0.7862003051519828
猪肉能往死里跌，养猪的农民亏的裤衩都没有了，房地产一降就是风险？搞了半天钢筋混凝土是最脆弱的。中国的房地产已经掏空了几代人的口袋子，80、90后巨额负债……真奇了怪了这年头;回复@落寞红嘴鸥:对啊，不是免费的，所以为啥很多国家没有呢[doge];-0.7743899167429376
猪肉能往死里跌，养猪的农民亏的裤衩都没有了，房地产一降就是风险？搞了半天钢筋混凝土是最脆弱的。中国的房地产已经掏空了几代人的口袋子，80、90后巨额负债……真奇了怪了这年头;回复@-秋宵梦觉:高速、高铁是免费的吗？不是的话和房地产有半毛钱关系？;-0.8231293163287399
猪肉能往死里跌，养猪的农民亏的裤衩都没有了，房地产一降就是风险？搞了半天钢筋混凝土是最脆弱的。中国的房地产已经掏空了几代人的口袋子，80、90后巨额负债……真奇了怪了这年头;回复@谁任性了爱:你以为你所在城市多公交和地铁没给你补贴吗？你以为其他国家没有如此的便利是因为他们的居民想免费使用吗？多用脑子思考一下吧;0.996490699280699
猪肉能往死里跌，养猪的农民亏的裤衩都没有了，房地产一降就是风险？搞了半天钢筋混凝土是最脆弱的。中国的房地产已经掏空了几代人的口袋子，80、90后巨额负债……真奇了怪了这年头;回复@-秋宵梦觉:跟给你全免费似的，这口气;-0.8342434683081519
猪肉能往死里跌，养猪的农民亏的裤衩都没有了，房地产一降就是风险？搞了半天钢筋混凝土是最脆弱的。中国的房地产已经掏空了几代人的口袋子，80、90后巨额负债……真奇了怪了这年头;回复@-秋宵梦觉:不是每个人都愿意全家人背一辈子房贷来得到后者的;-0.41146146941590644
猪肉能往死里跌，养猪的农民亏的裤衩都没有了，房地产一降就是风险？搞了半天钢筋混凝土是最脆弱的。中国的房地产已经掏空了几代人的口袋子，80、90后巨额负债……真奇了怪了这年头;你出门看看四周基建，去外地坐坐高铁跑跑高速，你拿着手机就敢出门溜达，不客气的说，如果没有房地产，那些你都不会拥有;0.8451882796223416
-----;------;------;0.7155297891627473;0.996490699280699;-0.8342434683081519;1.8307341675888509;0.08463291620557456;68;2.839709878200584e-07;0.32006513894152633;0.5334418982358772
卡住脖子不停输血也保不了多久;明白人;0.0
卡住脖子不停输血也保不了多久;不把所有掐脖子限制放开，难有起色;0.8221751736436946
-----;------;------;0.4110875868218473;0.8221751736436946;0.0;0;1.0;303;1.265341313374672e-06;0.5644352877970017;0.9407254796616693
预售资金监管要根据项目具体情况使用，不要超额监管，一棒子都打死。存续金融机构还本付息都没解决，哪有金融机构敢新增支持;能付息就不错了，本钱就别想了[笑而不语];0.817931257565367
-----;------;------;0.0;0.817931257565367;;0;1.0;422;1.762290542059774e-06;0.40000035245810844;0.6666672540968474
期房付的钱怎么监管？这次房地产爆雷，一些城市提前把一部分资金“扣留”，才保证能按时交楼，这一块马老师可有好的建议？期待做一期视频讲讲[作揖];卖期房以诈骗罪论处;-0.6378570218546475
期房付的钱怎么监管？这次房地产爆雷，一些城市提前把一部分资金“扣留”，才保证能按时交楼，这一块马老师可有好的建议？期待做一期视频讲讲[作揖];取消期房销售制度;-0.15572161569164322
-----;------;------;0.24106770308150216;;-0.6378570218546475;0;1.0;340;1.419854939100292e-06;0.4964273652035887;0.827378942005981
猪肉能往死里跌，养猪的农民亏的裤衩都没有了，房地产一降就是风险？搞了半天钢筋混凝土是最脆弱的。中国的房地产已经掏空了几代人的口袋子，80、90后巨额负债……真奇了怪了这年头;回复@落寞红嘴鸥:也是，狗嘴里果然吐不出象牙[doge];-0.5661647671330083
猪肉能往死里跌，养猪的农民亏的裤衩都没有了，房地产一降就是风险？搞了半天钢筋混凝土是最脆弱的。中国的房地产已经掏空了几代人的口袋子，80、90后巨额负债……真奇了怪了这年头;回复@-秋宵梦觉:你村子里当然没有啊！;-0.7862003051519828
猪肉能往死里跌，养猪的农民亏的裤衩都没有了，房地产一降就是风险？搞了半天钢筋混凝土是最脆弱的。中国的房地产已经掏空了几代人的口袋子，80、90后巨额负债……真奇了怪了这年头;回复@落寞红嘴鸥:对啊，不是免费的，所以为啥很多国家没有呢[doge];-0.7743899167429376
猪肉能往死里跌，养猪的农民亏的裤衩都没有了，房地产一降就是风险？搞了半天钢筋混凝土是最脆弱的。中国的房地产已经掏空了几代人的口袋子，80、90后巨额负债……真奇了怪了这年头;回复@-秋宵梦觉:高速、高铁是免费的吗？不是的话和房地产有半毛钱关系？;-0.8231293163287399
猪肉能往死里跌，养猪的农民亏的裤衩都没有了，房地产一降就是风险？搞了半天钢筋混凝土是最脆弱的。中国的房地产已经掏空了几代人的口袋子，80、90后巨额负债……真奇了怪了这年头;回复@谁任性了爱:你以为你所在城市多公交和地铁没给你补贴吗？你以为其他国家没有如此的便利是因为他们的居民想免费使用吗？多用脑子思考一下吧;0.996490699280699
猪肉能往死里跌，养猪的农民亏的裤衩都没有了，房地产一降就是风险？搞了半天钢筋混凝土是最脆弱的。中国的房地产已经掏空了几代人的口袋子，80、90后巨额负债……真奇了怪了这年头;回复@-秋宵梦觉:跟给你全免费似的，这口气;-0.8342434683081519
猪肉能往死里跌，养猪的农民亏的裤衩都没有了，房地产一降就是风险？搞了半天钢筋混凝土是最脆弱的。中国的房地产已经掏空了几代人的口袋子，80、90后巨额负债……真奇了怪了这年头;回复@-秋宵梦觉:不是每个人都愿意全家人背一辈子房贷来得到后者的;-0.41146146941590644
猪肉能往死里跌，养猪的农民亏的裤衩都没有了，房地产一降就是风险？搞了半天钢筋混凝土是最脆弱的。中国的房地产已经掏空了几代人的口袋子，80、90后巨额负债……真奇了怪了这年头;你出门看看四周基建，去外地坐坐高铁跑跑高速，你拿着手机就敢出门溜达，不客气的说，如果没有房地产，那些你都不会拥有;0.8451882796223416
-----;------;------;0.7155297891627473;0.996490699280699;-0.8342434683081519;1.8307341675888509;0.08463291620557456;68;2.839709878200584e-07;0.32006513894152633;0.5334418982358772
卡住脖子不停输血也保不了多久;明白人;0.0
卡住脖子不停输血也保不了多久;不把所有掐脖子限制放开，难有起色;0.8221751736436946
-----;------;------;0.4110875868218473;0.8221751736436946;0.0;0;1.0;303;1.265341313374672e-06;0.5644352877970017;0.9407254796616693
预售资金监管要根据项目具体情况使用，不要超额监管，一棒子都打死。存续金融机构还本付息都没解决，哪有金融机构敢新增支持;能付息就不错了，本钱就别想了[笑而不语];0.817931257565367
-----;------;------;0.0;0.817931257565367;;0;1.0;422;1.762290542059774e-06;0.40000035245810844;0.6666672540968474
很多比较良好的房地产企业都已经死透了才出这政策。。。;建筑行业已经没救了，公司好多离职的[苦涩][苦涩][苦涩];0.9956417253928302
-----;------;------;0.0;0.9956417253928302;;0;1.0;1157;4.831682836879522e-06;0.4000009663365674;0.6666682772276122
呵呵呵;[doge];0.0
-----;------;------;0.0;0.0;0.0;0;1.0;288;1.2027006542967177e-06;0.4000002405401309;0.6666670675668848
看来睡醒了，要救房地产了。;想多了;0.08835798255593508
-----;------;------;0.0;0.08835798255593508;;0;1.0;1088;4.543535805120934e-06;0.40000090870716104;0.6666681811786016
感谢分享，晚安[给你小心心];谢~;0.25
-----;------;------;0.0;0.25;;0;1.0;11818;4.9352487265550734e-05;0.4000098704974531;0.6666831174957552
[good][good];[作揖];-0.23502059193378622
-----;------;------;0.0;;-0.23502059193378622;0;1.0;1327;5.541610306429669e-06;0.4000011083220613;0.6666685138701021
[666][666];[握手];0.655267418904002
-----;------;------;0.0;0.655267418904002;;0;1.0;216606;0.0009045561733492877;0.40018091123466987;0.6669681853911164
感谢分享;[握手];0.655267418904002
-----;------;------;0.0;0.655267418904002;;0;1.0;1946;8.126581504379906e-06;0.4000016253163009;0.6666693755271681
最近月亮不营业，晚安就由我来说🌙;谢~;0.25
-----;------;------;0.0;0.25;;0;1.0;546;2.2801199904375275e-06;0.4000004560239981;0.6666674267066633
[赞][赞];[握手];0.655267418904002
-----;------;------;0.0;0.655267418904002;;0;1.0;216606;0.0009045561733492877;0.40018091123466987;0.6669681853911164
感谢分享[鲜花][鲜花][鲜花];继续努力[握手];0.7652044246506027
-----;------;------;0.0;0.7652044246506027;;0;1.0;14687;6.133355732519408e-05;0.40001226671146506;0.666687111185775
好分享[给力];[握手][握手][握手];0.9728735284435728
-----;------;------;0.0;0.9728735284435728;;0;1.0;43892;0.0001832949205499706;0.40003665898411;0.6667277649735166
一线城市特别是帝都霸都，刚性需求还是很大的[打call][打call];对的;0.052465563615616606
-----;------;------;0.0;0.052465563615616606;;0;1.0;31643;0.00013214255834691335;0.4000264285116694;0.6667107141861156
谢谢分享[鲜花]晚上好呀[送花花];谢~;0.25
-----;------;------;0.0;0.25;;0;1.0;11818;4.9352487265550734e-05;0.4000098704974531;0.6666831174957552
[爱你][爱你][爱你];谢~;0.25
-----;------;------;0.0;0.25;;0;1.0;260729;0.0010888157600490588;0.40021776315200985;0.6670296052533496
[赞][赞]感谢分享;[握手];0.655267418904002
-----;------;------;0.0;0.655267418904002;;0;1.0;7522;3.141220250562469e-05;0.4000062824405011;0.6666771374008351
政策松绑，这个时候完全放开好，不要再限制了;放开有形的手，充分发挥无形的手。;0.9867283049426034
-----;------;------;0.0;0.9867283049426034;;0;1.0;1623;6.777719312234628e-06;0.40000135554386246;0.6666689259064373
中午好啊，干饭快乐，嘻嘻嘻;谢;0.25
-----;------;------;0.0;0.25;;0;1.0;78151;0.0003263620098400791;0.40006527240196804;0.66677545400328
謝謝分享;客气，继续努力[握手];0.8206719463963812
-----;------;------;0.0;0.8206719463963812;;0;1.0;14728;6.150477512667382e-05;0.4000123009550254;0.6666871682583755
感谢分享，晚安[给你小心心];谢~;0.25
-----;------;------;0.0;0.25;;0;1.0;11818;4.9352487265550734e-05;0.4000098704974531;0.6666831174957552
[good][good];[作揖];-0.23502059193378622
-----;------;------;0.0;;-0.23502059193378622;0;1.0;1327;5.541610306429669e-06;0.4000011083220613;0.6666685138701021
[666][666];[握手];0.655267418904002
-----;------;------;0.0;0.655267418904002;;0;1.0;216606;0.0009045561733492877;0.40018091123466987;0.6669681853911164
感谢分享;[握手];0.655267418904002
-----;------;------;0.0;0.655267418904002;;0;1.0;1946;8.126581504379906e-06;0.4000016253163009;0.6666693755271681
最近月亮不营业，晚安就由我来说🌙;谢~;0.25
-----;------;------;0.0;0.25;;0;1.0;546;2.2801199904375275e-06;0.4000004560239981;0.6666674267066633
[赞][赞];[握手];0.655267418904002
-----;------;------;0.0;0.655267418904002;;0;1.0;216606;0.0009045561733492877;0.40018091123466987;0.6669681853911164
感谢分享[鲜花][鲜花][鲜花];继续努力[握手];0.7652044246506027
-----;------;------;0.0;0.7652044246506027;;0;1.0;14687;6.133355732519408e-05;0.40001226671146506;0.666687111185775
好分享[给力];[握手][握手][握手];0.9728735284435728
-----;------;------;0.0;0.9728735284435728;;0;1.0;43892;0.0001832949205499706;0.40003665898411;0.6667277649735166
一线城市特别是帝都霸都，刚性需求还是很大的[打call][打call];对的;0.052465563615616606
-----;------;------;0.0;0.052465563615616606;;0;1.0;31644;0.00013214673439085187;0.4000264293468782;0.6667107155781302
谢谢分享[鲜花]晚上好呀[送花花];谢~;0.25
-----;------;------;0.0;0.25;;0;1.0;11818;4.9352487265550734e-05;0.4000098704974531;0.6666831174957552
[爱你][爱你][爱你];谢~;0.25
-----;------;------;0.0;0.25;;0;1.0;260729;0.0010888157600490588;0.40021776315200985;0.6670296052533496
[赞][赞]感谢分享;[握手];0.655267418904002
-----;------;------;0.0;0.655267418904002;;0;1.0;7522;3.141220250562469e-05;0.4000062824405011;0.6666771374008351
政策松绑，这个时候完全放开好，不要再限制了;放开有形的手，充分发挥无形的手。;0.9867283049426034
-----;------;------;0.0;0.9867283049426034;;0;1.0;1623;6.777719312234628e-06;0.40000135554386246;0.6666689259064373
中午好啊，干饭快乐，嘻嘻嘻;谢;0.25
-----;------;------;0.0;0.25;;0;1.0;78151;0.0003263620098400791;0.40006527240196804;0.66677545400328
謝謝分享;客气，继续努力[握手];0.8206719463963812
-----;------;------;0.0;0.8206719463963812;;0;1.0;14728;6.150477512667382e-05;0.4000123009550254;0.6666871682583755
兰博基尼挥泪大酬宾，每车怒减二百元;回复@原来是女侠啊:[666];-0.186190685504678
兰博基尼挥泪大酬宾，每车怒减二百元;不是怒减，是可以多贷200;-0.52362571325028
-----;------;------;0.16871751387280098;;-0.52362571325028;0;1.0;271;1.1317079073417031e-06;0.4674872318907019;0.779145386484503
暴涨一触即发;哈哈哈哈哈[笑cry][哈哈][哈哈][哈哈];0.8201019096557107
-----;------;------;0.0;0.8201019096557107;;0;1.0;358;1.4950237299938368e-06;0.40000029900474604;0.66666716500791
兰博基尼挥泪大酬宾，每车怒减二百元;回复@原来是女侠啊:[666];-0.186190685504678
兰博基尼挥泪大酬宾，每车怒减二百元;不是怒减，是可以多贷200;-0.52362571325028
-----;------;------;0.16871751387280098;;-0.52362571325028;0;1.0;271;1.1317079073417031e-06;0.4674872318907019;0.779145386484503
暴涨一触即发;哈哈哈哈哈[笑cry][哈哈][哈哈][哈哈];0.8201019096557107
-----;------;------;0.0;0.8201019096557107;;0;1.0;358;1.4950237299938368e-06;0.40000029900474604;0.66666716500791
就这点政策水平，唉！P用没有;严格的调控，政策出台是个过程；同样的，放松也必然是一个过程……;0.6518313091326118
-----;------;------;0.0;0.6518313091326118;;0;1.0;203;8.477369195216449e-07;0.40000016954738393;0.6666669492456397
他们想了除降价外所有的方法，他真的我哭死｡°(°¯᷄◠¯᷅°)°｡;欲擒故纵;0.7053468190662713
他们想了除降价外所有的方法，他真的我哭死｡°(°¯᷄◠¯᷅°)°｡;你以为他们是要给你优惠吗，不是，他们是要把你兜里的钱掏出来;-0.3716450357458039
-----;------;------;0.5384959274060376;0.7053468190662713;-0.3716450357458039;1.0769918548120752;0.4615040725939624;2;8.35208787706054e-09;0.4000000016704176;0.6666666694506959
买呀！你们怎么不买呀[嘻嘻];再降200再说;-0.7643434595495064
买呀！你们怎么不买呀[嘻嘻];已经有两套啦😄;0.11759044843645738
-----;------;------;0.4409669539929819;0.11759044843645738;-0.7643434595495064;0.8819339079859638;0.5590330460070181;105;4.3848461354567837e-07;0.40000008769692275;0.6666668128282045
之前首套是百分之几？;35%或者40%，看是不是普宅;-0.8024037035864711
-----;------;------;0.0;;-0.8024037035864711;0;1.0;63;2.6309076812740703e-07;0.40000005261815363;0.6666667543635892
贷款不还吗;人家又不是要让你赚便宜，人家是要掏你兜里的钱;-0.4624771667494112
-----;------;------;0.0;;-0.4624771667494112;0;1.0;162;6.765191180419038e-07;0.4000001353038236;0.6666668921730392
今年的政策变化真快，真多;变脸似的[汗];-0.10121952562116343
-----;------;------;0.0;;-0.10121952562116343;0;1.0;16141;6.74055252118171e-05;0.40001348110504237;0.6666891351750706
#长沙放松二套房限购#长沙市购买第2套商品住房，不受首套房网签时间的限制；居民家庭名下商品住房单套面积均不足144平方米的，可购买1套改善性住房。;我也没懂，降首付你给银行的利息就更多了。;-0.46404846170201
-----;------;------;0.0;;-0.46404846170201;0;1.0;51948;0.0002169371305187705;0.4000433874261038;0.6667389790435062
@福膘;已经看到啦，现在买房投资属性已经接近为0了，;-0.24019111434071094
-----;------;------;0.0;;-0.24019111434071094;0;1.0;258;1.0774193361408098e-06;0.40000021548386727;0.6666670258064453
开始割了;回复@一条大河万万:还有那个省会城市的地铁5分钟一趟的还是1、2号线反映了一定的问题吧;-0.9858691438801928
开始割了;你去过长沙吗？知道长沙是省会里面房价洼地吗？;-0.8143143855626418
开始割了;看看长沙这十年房价，要割会是这个价？;0.033718292874510114
-----;------;------;0.44573896197297513;0.033718292874510114;-0.9858691438801928;1.0195874367547029;0.49020628162264857;0;0.0;0.37437809743824946;0.6239634957304157
你不买我不买，房价还能降二百;你不租我不租，房东快要去养猪;-0.9786455634212885
-----;------;------;0.0;;-0.9786455634212885;0;1.0;62;2.5891472418887677e-07;0.40000005178294484;0.6666667529715746
你不买我不买，房价还能降二百;你不租我不租，房东快要去养猪;-0.9786455634212885
-----;------;------;0.0;;-0.9786455634212885;0;1.0;62;2.5891472418887677e-07;0.40000005178294484;0.6666667529715746
有了一点点松动。;回复@长沙白丁:我马上买个8万平米客厅的。;-0.765374010605711
有了一点点松动。;赶紧换豪宅;-0.4399277149469476
-----;------;------;0.1627231478293817;;-0.765374010605711;0;1.0;198854;0.0008304230413524983;0.4652553437400232;0.7754255729000386
今年的政策变化真快，真多;变脸似的[汗];-0.10121952562116343
-----;------;------;0.0;;-0.10121952562116343;0;1.0;16141;6.74055252118171e-05;0.40001348110504237;0.6666891351750706
@福膘;已经看到啦，现在买房投资属性已经接近为0了，;-0.24019111434071094
-----;------;------;0.0;;-0.24019111434071094;0;1.0;258;1.0774193361408098e-06;0.40000021548386727;0.6666670258064453
开始割了;回复@一条大河万万:还有那个省会城市的地铁5分钟一趟的还是1、2号线反映了一定的问题吧;-0.9858691438801928
开始割了;你去过长沙吗？知道长沙是省会里面房价洼地吗？;-0.8143143855626418
开始割了;看看长沙这十年房价，要割会是这个价？;0.033718292874510114
-----;------;------;0.44573896197297513;0.033718292874510114;-0.9858691438801928;1.0195874367547029;0.49020628162264857;0;0.0;0.37437809743824946;0.6239634957304157
你不买我不买，房价还能降二百;你不租我不租，房东快要去养猪;-0.9786455634212885
-----;------;------;0.0;;-0.9786455634212885;0;1.0;62;2.5891472418887677e-07;0.40000005178294484;0.6666667529715746
晕，首付比例和贷款利率怎么不降一降？一点一点的挤牙膏政策;长沙两成首付了;-0.48436874737060776
-----;------;------;0.0;;-0.48436874737060776;0;1.0;201;8.393848316445843e-07;0.40000016787696635;0.6666669464616105
每次行情改善先知先觉，这就是为啥今年改善卖的好，后边行情起来了，刚需提着裤子开始冲[doge];回复@西安南瓜:是嘞，1415卖的都是现房，比现在难多了。但一下子跳涨好几千，也就是两三个月的事，刚需根本来不及反应[允悲];0.3192457684901977
每次行情改善先知先觉，这就是为啥今年改善卖的好，后边行情起来了，刚需提着裤子开始冲[doge];很多人没经历过15年;0.07311912964995404
-----;------;------;0.12306331942012183;0.3192457684901977;;0;1.0;108;4.510127453612692e-07;0.44922541797059784;0.7487090299509963
行不行，就看明年市场反馈了[doge];[思考][思考];0.9820343316633164
-----;------;------;0.0;0.9820343316633164;;0;1.0;811;3.3867716341480492e-06;0.4000006773543269;0.6666677955905447
西安明年的二手市场会怎样？;完了公众号写;0.3986777352536366
-----;------;------;0.0;0.3986777352536366;;0;1.0;65;2.7144285600446755e-07;0.4000000542885712;0.6666667571476186
北京降低首付感觉没啥用啊，总价款高，又5年有限购;上海不也一样;-0.3875946908492247
北京降低首付感觉没啥用啊，总价款高，又5年有限购;期望快点好起来吧，地产兄弟姐妹活的提心吊胆，还卷到没日没夜[裂开];-0.5038727644038132
北京降低首付感觉没啥用啊，总价款高，又5年有限购;放心吧;0.4857142857142853
-----;------;------;0.44164738180506397;0.4857142857142853;-0.5038727644038132;0.9895870501180986;0.5052064749409507;0;0.0;0.3787415426984059;0.631235904497343
降低首付，那贷款就增加了，每月利息也增加了，还款期限拉长，负债更加漫长。这些能刺激楼市？深表怀疑。最好的刺激难道不是房价低下来让大家买得起吗？;回复@西安南瓜:没有市场哪里有保障啊[笑cry]。保障房又不是天上掉下来的[允悲];0.9901720605059869
降低首付，那贷款就增加了，每月利息也增加了，还款期限拉长，负债更加漫长。这些能刺激楼市？深表怀疑。最好的刺激难道不是房价低下来让大家买得起吗？;说的对，真不明白几千万的房子降那十万块利息有什么用，几千万不还是要还，问题在于拿什么还[并不简单];-0.6489759412404785
降低首付，那贷款就增加了，每月利息也增加了，还款期限拉长，负债更加漫长。这些能刺激楼市？深表怀疑。最好的刺激难道不是房价低下来让大家买得起吗？;买涨不买跌，跌了更没人买;-0.6411083571587441
降低首付，那贷款就增加了，每月利息也增加了，还款期限拉长，负债更加漫长。这些能刺激楼市？深表怀疑。最好的刺激难道不是房价低下来让大家买得起吗？;市场归市场保障归保障;0.972022481262236
-----;------;------;0.8130997888640776;0.9901720605059869;-0.6489759412404785;1.6391480017464655;0.18042599912676727;102;4.259564817300876e-07;0.39741040038763437;0.6623506673127239
与其用泪水悔恨今天，不如用汗水拼搏今天。;谢谢你的评论;-0.07768374752529672
-----;------;------;0.0;;-0.07768374752529672;0;1.0;21774;9.09291807175581e-05;0.4000181858361435;0.6666969763935724
我用尽全力，过着平凡的一生。;您真是宝藏;0.8888888888888888
-----;------;------;0.0;0.8888888888888888;;0;1.0;1111589;0.0046420445055869244;0.4009284089011174;0.6682140148351956
早上好;为你打call!;0.0
-----;------;------;0.0;0.0;0.0;0;1.0;11272;4.707236727511321e-05;0.40000941447345506;0.6666823574557583
你好，你感兴趣的“最新消息”已开通了超话社区～超话社区是微博旗下兴趣互动社区，快来与志同道合的小伙伴们一起交流互动吧！戳我进入>>#最新消息[超话]#;[给力][赞啊];0.8011725162634524
-----;------;------;0.0;0.8011725162634524;;0;1.0;239461082;1.0;0.6000000000000001;1.0
垃圾一出，稳跌;[笑cry][笑cry][笑cry];0.7650902603201253
-----;------;------;0.0;0.7650902603201253;;0;1.0;91;3.800199984062546e-07;0.4000000760039997;0.6666667933399995
我们的市场很稳定，一直保持2000多，非常好，加油！;气话[笑cry];0.30825982019749576
-----;------;------;0.0;0.30825982019749576;;0;1.0;30;1.252813181559081e-07;0.40000002505626364;0.666666708427106
[咖啡];[给力][给力][给力];-0.2070192687772281
-----;------;------;0.0;;-0.2070192687772281;0;1.0;66;2.756188999429978e-07;0.40000005512378;0.6666667585396332
公积金政策，提取可以更加灵活吗;现在已经很灵活了;0.5112359055153566
-----;------;------;0.0;0.5112359055153566;;0;1.0;530;2.2133032874210434e-06;0.4000004426606575;0.6666674044344291
我们一定都能得偿所愿[抱一抱][抱一抱][抱一抱][抱一抱];一定可以的😭;0.0
-----;------;------;0.0;0.0;0.0;0;1.0;12;5.0112527262363246e-08;0.40000001002250546;0.6666666833708423
点亮一盏心灯，坚持做善良人。吉人有天相，在于凡事不违背良心，循天道行事，善心善言善行，积累善德才能具备天相，天相自然有天助。故此，为人处事，最好不以善小而不为之，不以恶小而为之！;[笑cry][笑cry]怎么发那么多条;0.29614799246962975
-----;------;------;0.0;0.29614799246962975;;0;1.0;1677;7.003225684915263e-06;0.400001400645137;0.6666690010752282
"行善如春园之草，不见其长，日有所增;行恶如磨刀之石，不见其消，日有所损。――清金兰生《格言联璧》";[求饶][求饶];-0.10464308298026648
-----;------;------;0.0;;-0.10464308298026648;0;1.0;11904;4.9711627044264337e-05;0.4000099423254089;0.6666832372090147
当你周围都是米的时候，你很安逸；当有一天米缸见底，才发现想跳出去已无能为力。有一种陷阱，名叫安逸！别在最能吃苦的年纪选择安逸！没有危机！是最大的危机！自己不上进，危机无处不在吞噬你的理想和灵魂，混下去很容易，混上去太难了。;"言近而指远者，善言也;守约而施博者，善道也。――《孟子》";0.891495069924328
-----;------;------;0.0;0.891495069924328;;0;1.0;2732;1.1408952040064698e-05;0.40000228179040803;0.66667046965068
"0308🍃庙堂之上，以养正气为先;举家之内，以养善德为本。";为别人点一盏灯，照亮别人，也照亮了自己。;0.5134262161131495
-----;------;------;0.0;0.5134262161131495;;0;1.0;43041;0.00017974110715828135;0.4000359482214317;0.6667265803690527
勿起不善之念,勿阅不善之书,勿听不善之乐,勿吐不善之语,勿为不善之事,勿近不善之人,勿学不善之法,勿入不善之境。;你要记住，永远要愉快地多给别人，少从别人那里拿取。高尔基;-0.6092770194256498
-----;------;------;0.0;;-0.6092770194256498;0;1.0;2344;9.788646991914954e-06;0.4000019577293984;0.6666699295489972
善行无辙迹善言无瑕谪善数不用筹策善闭无关楗而不可开善结无绳约而不可解。《道德经》;与人为善，乐于助人乃举手之劳，无需付出任何代价。;0.9809461460700448
-----;------;------;0.0;0.9809461460700448;;0;1.0;1677;7.003225684915263e-06;0.400001400645137;0.6666690010752282
居家之善，无非勤俭持家，孝养父母，严教子女。;以善服人者，未有能服人者也。以善养人，然後能服天下，天下不心服而王者，未之有也。――《孟子》;0.18556847679215105
-----;------;------;0.0;0.18556847679215105;;0;1.0;1198;5.002900638359264e-06;0.4000010005801277;0.6666683343002128
常思身命易倾，自不得不存善念。――清金兰生《格言联璧》;"木有根则荣，根坏则枯;人有善则德，善尽则败。";0.8688356787868485
-----;------;------;0.0;0.8688356787868485;;0;1.0;11621;4.852980660966027e-05;0.40000970596132196;0.6666828432688698
0315你要记住，永远要愉快地多给别人，少从别人那里拿取。()高尔基;你要记住，永远要愉快地多给别人，少从别人那里拿取。()高尔基;-0.6412445207900419
-----;------;------;0.0;;-0.6412445207900419;0;1.0;1274;5.320279977687564e-06;0.40000106405599556;0.6666684400933258
"0304言近而指远者，善言也;守约而施博者，善道也。――《孟子》";弯下身子帮助他人站起来，这是对心灵很好的锻炼。;0.9648813295584553
-----;------;------;0.0;0.9648813295584553;;0;1.0;19697;8.225553745723073e-05;0.40001645110749146;0.6666940851791523
0325世上所有的福气，都是你一点一滴积攒的善良与爱。你付出的善良与爱，最后一定都会回到你身上。;辅车相依，唇亡齿寒。《左传鲁僖公五年》;0.9952986626827272
-----;------;------;0.0;0.9952986626827272;;0;1.0;1987;8.297799305859648e-06;0.40000165955986117;0.6666694325997685
0307路见不平，拔刀相助。元马致远陈情高卧;为别人点一盏灯，照亮别人，也照亮了自己。;0.5134262161131495
-----;------;------;0.0;0.5134262161131495;;0;1.0;1837;7.671392715080107e-06;0.400001534278543;0.6666692237975715
0317[心]什么是真正的幸福，今天我终于找到了答案，其实很简单：帮助别人就是一种幸福。;开卷有益，作善降祥。――清金兰生《格言联璧》;0.6987483476478114
-----;------;------;0.0;0.6987483476478114;;0;1.0;1832;7.650512495387455e-06;0.4000015301024991;0.6666692168374985
"0314为善如负重登山，志虽已确而力犹恐不及;为恶如乘骏走坡，鞭虽不加而足不禁其前。――清金兰生《格言联璧》";"凡一善而关乎人终生，不行也要行;凡一恶而关乎人终生，不止也要行。";0.9854517351778203
-----;------;------;0.0;0.9854517351778203;;0;1.0;11444;4.779064683254041e-05;0.4000095581293665;0.6666825968822774
0312你要记住，永远要愉快地多给别人，少从别人那里拿取。高尔基;[鲜花][鲜花][鲜花];0.6802964296606346
-----;------;------;0.0;0.6802964296606346;;0;1.0;11743;4.903928397016097e-05;0.4000098078567941;0.6666830130946567
0303居家之善，无非勤俭持家，孝养父母，严教子女。;好事须相让，恶事莫相推。王梵志《全唐诗补逸》;-0.7184027020048291
-----;------;------;0.0;;-0.7184027020048291;0;1.0;2081;8.690347436081492e-06;0.40000173806948724;0.6666695634491453
"0311言近而指远者，善言也;守约而施博者，善道也。――《孟子》";"人善我，我亦善之;人不善我，我则引之，进退而已耳。――汉《韩诗外传》";0.06378278803135684
-----;------;------;0.0;0.06378278803135684;;0;1.0;1319;5.508201954921426e-06;0.400001101640391;0.6666685027339849
"0309言近而指远者，善言也;守约而施博者，善道也。――《孟子》";君子贵人贱己，先人而后己。《礼记访记》;0.9258906802330895
-----;------;------;0.0;0.9258906802330895;;0;1.0;6450;2.693548340352024e-05;0.4000053870966807;0.6666756451611344
0322勿以恶小而为之，勿以善小而不为。――三国刘备;[开学季][开学季][开学季];0.690441437686957
-----;------;------;0.0;0.690441437686957;;0;1.0;2609;1.0895298635625475e-05;0.4000021790597271;0.6666702984328784
"0321言近而指远者，善言也;守约而施博者，善道也。――《孟子》";帮助别人是一种高尚的美，而一个大集体就是用这种美构成的。一个集体如果拥有这样的美，那它一定是一个强大的集体。;0.9999991417908027
-----;------;------;0.0;0.9999991417908027;;0;1.0;1103;4.606176464198888e-06;0.40000092123529285;0.6666682020588213
0323书生官家不可为恶，因其为世间之公道良心，若其善心不存，则无道矣。;"为善如负重登山，志虽已确而力犹恐不及;为恶如乘骏走坡，鞭虽不加而足不禁其前。――清金兰生《格言联璧》";-0.5151524665173217
-----;------;------;0.0;;-0.5151524665173217;0;1.0;1605;6.702550521341084e-06;0.4000013405101043;0.6666689008501737
你就会发现别人会回报你的善意，你的快乐也会在别人身上体现出来。;[鲜花][鲜花];0.5285418673072408
-----;------;------;0.0;0.5285418673072408;;0;1.0;2411;1.0068441935796481e-05;0.40000201368838717;0.6666700228139785
0313我们无法帮助每个人，但每个人能帮助到某些人。;路见不平，拔刀相助。元马致远陈情高卧;-0.7413841327692081
-----;------;------;0.0;;-0.7413841327692081;0;1.0;2458;1.0264716000907405e-05;0.4000020529432002;0.6666700882386669
0301善良是一棵生机无穷的种子，只要你舍得播种，就会有你意想不到的甜果。;[开学季][开学季];0.5376719653706981
-----;------;------;0.0;0.5376719653706981;;0;1.0;3895;1.6265691140575402e-05;0.40000325313822815;0.6666720885637135
"0316行善如春园之草，不见其长，日有所增;行恶如磨刀之石，不见其消，日有所损。――清金兰生《格言联璧》";路见不平，拔刀相助。元马致远《陈情高卧》;-0.7413841327692081
-----;------;------;0.0;;-0.7413841327692081;0;1.0;2070;8.644410952757659e-06;0.4000017288821906;0.6666695481369842
恶莫大于纵己之欲，善莫大于律己之心。;"言近而指远者，善言也;守约而施博者，善道也。";0.8298385269881638
-----;------;------;0.0;0.8298385269881638;;0;1.0;12058;5.0354737810798e-05;0.4000100709475622;0.6666834515792702
0310我们无法帮助每个人，但每个人能帮助到某些人。;居家之善，无非勤俭持家，孝养父母，严教子女。;0.9544497781140582
-----;------;------;0.0;0.9544497781140582;;0;1.0;13050;5.4497373397820025e-05;0.4000108994746796;0.6666848324577992
0121常思身命易倾，自不得不存善念。――清金兰生《格言联璧》;心中宽容多一些，脚下的路便更广阔一些；凡事超然物外，凡事看淡，这是大智慧。许多时候，我们不是跌倒在自己的缺陷上，而是跌倒在自己的优势上，因为缺陷常常给我们以提醒，而优势却常常使我们忘乎所以。锲而不舍地去克服一切困难。;0.9639570036596223
-----;------;------;0.0;0.9639570036596223;;0;1.0;1098;4.585296244506236e-06;0.40000091705924895;0.6666681950987482
0109我相信成毅会更好的，睿智热血，低调却不乏自己的光芒照耀更多的人。@成毅;我越多地帮助他人成功，我就越成功。;0.5978318580636433
-----;------;------;0.0;0.5978318580636433;;0;1.0;2120;8.853213149684173e-06;0.40000177064263;0.6666696177377165
岁月的风雨，并不是希望命运能低头，而是一种锤炼，一种恭维，需要命运的一种泰然，一种气节，或者是通向未来一道桥梁，人生有些障碍又能算得了什么，恰恰是一种命运的方向和路标。;五谷杂粮日日吃方养人，嘉言善行日日积方涵德。;-0.903334768977962
-----;------;------;0.0;;-0.903334768977962;0;1.0;1878;7.842610516559847e-06;0.40000156852210333;0.6666692808701721
"善为至宝，一生用之不尽;心作良田，百世耕之有余。――清金兰生《格言联璧》";一个真正强大的人，不会把太多心思花在取悦和亲附别人上面。所谓圈子、资源，都只是衍生品。最重要的是提高自己的内功。只有自己修炼好了，才会有别人来亲附。自己是梧桐，凤凰才会来栖；自己是大海，百川才来汇聚。你只有到了那个层次，才会有相应的圈子，而不是倒过来。;0.8235819184097659
-----;------;------;0.0;0.8235819184097659;;0;1.0;13137;5.486068922047216e-05;0.4000109721378441;0.6666849535630733
过去的事，就让它过去吧，我们错过了昨日的日落，再也不能错过今日的日出，保持平衡的心态，以最美好的心情来对待每一天，每一天都会充满阳光，洋溢着希望。;人生是一种无法抗拒的前进。自由是独立，不依附，不恐惧。不要让未来的你，讨厌现在的自己。我正在努力变成自己喜欢的那个自己。与其祈求生活平淡点，还不如自己强大点。;0.9999723067856074
-----;------;------;0.0;0.9999723067856074;;0;1.0;11038;4.609517299349712e-05;0.40000921903459874;0.6666820317243312
爱国、敬业、诚信、友善。善不可不弘，恶不可不去。善心人人有，快乐你我他。善念养善心，善心生善念。德不积不厚，善不行不成。人往高处走，善在心中留。至宝不常现，至善不常有。行莫于恭敬，善莫于用心。由善入恶易，由恶入善难。心中不可少善，行事不可无善。;勿以恶小而为之，勿以善小而不为。――三国刘备;0.8160471767105317
-----;------;------;0.0;0.8160471767105317;;0;1.0;13137;5.486068922047216e-05;0.4000109721378441;0.6666849535630733
"毋毁众人之名，以成一己之善;毋没天下之理，以护一己之过。――清金兰生《格言联璧》";善行是待人第一法，谦默是保身第一法，安详是处事第一法，读书是养心第一法。;0.9997758102667993
-----;------;------;0.0;0.9997758102667993;;0;1.0;1198;5.002900638359264e-06;0.4000010005801277;0.6666683343002128
在社会主义建设时期，爱国主义更多的不是表现为赴汤蹈火，壮怀激烈，而是表现为奉公守法，敬业爱岗；表现为维护祖国统一，反对分裂祖国；表现为各族人民团结互相，为构建社会主义和谐社会，实现中华民族的伟大复兴而贡献智慧和力量。;"当你学会了，尝试去教人;当你获得了，尝试去给予。";0.9338149445348543
-----;------;------;0.0;0.9338149445348543;;0;1.0;14285;5.965478766190491e-05;0.4000119309575324;0.6666865515958872
鱼搅不浑大海，雾压不倒高山，雷声叫不倒山岗，扇子驱不散大雾。鹿的脖子再长，总高不过它的脑袋。人的脚指头再长，也长不过他的脚板。人的行动再快也快不过思想！;帮助别人要忘掉，别人帮己要记牢。;-0.25122860211726983
-----;------;------;0.0;;-0.25122860211726983;0;1.0;10266;4.2871267072951757e-05;0.40000857425341463;0.6666809570890243
开卷有益，作善降祥。――清金兰生《格言联璧》;"木有根则荣，根坏则枯;人有善则德，善尽则败。";0.8688356787868485
-----;------;------;0.0;0.8688356787868485;;0;1.0;7521;3.140802646168616e-05;0.40000628160529234;0.6666771360088205
生活不是用来妥协的，你退缩得越多，能让你喘息的空间就越有限。日子不是用来将就的，你表现得越卑微，一些幸福的东西就会离你越远。;"善为至宝，一生用之不尽;心作良田，百世耕之有余。――清金兰生《格言联璧》";0.9677874740898074
-----;------;------;0.0;0.9677874740898074;;0;1.0;11688;4.88096015535418e-05;0.40000976192031074;0.6666829365338511
不要吝啬你的笑容，不要隐藏你的善良，记住卡耐基这一段话，你将尽享完美丰富的人生——“人的生命只有一次，任何能够奉献出来的好的东西和善的行为，我们都应该现在去做，因为生命只有一次”对身边好的、不好的人微笑、以礼相待，尽量避免发生任何的正面冲突。少些埋怨，多些感恩，人生会更美好。;以作善降祥为受用，以乐天知命为依归。――清金兰生《格言联璧》;0.9338779747844759
-----;------;------;0.0;0.9338779747844759;;0;1.0;11688;4.88096015535418e-05;0.40000976192031074;0.6666829365338511
日子，要的是知足；生活，要的是幸福；生命，要的是健康；做人，要的是骨气；做事，要的是尽心；人生，要的是无悔。珍惜身边的幸福；欣赏自己的拥有。;以善服人者，未有能服人者也。以善养人，然後能服天下，天下不心服而王者，未之有也。――《孟子》;0.18556847679215105
-----;------;------;0.0;0.18556847679215105;;0;1.0;2075;8.665291172450311e-06;0.4000017330582345;0.6666695550970574
不要吝啬你的笑容，不要隐藏你的善良，记住卡耐基这一段话，你将尽享完美丰富的人生——“人的生命只有一次，任何能够奉献出来的好的东西和善的行为，我们都应该现在去做，因为生命只有一次”对身边好的、不好的人微笑、以礼相待，尽量避免发生任何的正面冲突。少些埋怨，多些感恩，人生会更美好。;除了爱以外，世界上最美丽的动词是帮助。;0.9970960892708438
-----;------;------;0.0;0.9970960892708438;;0;1.0;13079;5.46184786720374e-05;0.40001092369573443;0.6666848728262239
人这一辈子，要经得起谎言，受得了敷衍，忍得住欺骗，忘得了诺言。慢慢的才知道：坚持未必是胜利，放弃未必是认输，与其华丽撞墙，不如优雅转身。给自己一个迂回的空间，学会思索，学会等待，学会调整。人生，有很多时候，需要的不仅仅是执着，更是回眸一笑的洒脱。;"言近而指远者，善言也;守约而施博者，善道也。――《孟子》";0.891495069924328
-----;------;------;0.0;0.891495069924328;;0;1.0;2691;1.1237734238584957e-05;0.40000224754684777;0.6666704125780795
一定要极尽自己力所能及之事，帮助那些比你苦的人感受这世上的阳光和美丽。这样的善良常常是播种，不意间，就会开出最美丽的人性之花来。;"以善先人者谓之教，以善和人者谓之顺;以不善先人者谓之谄，以不善和人者谓之谀。――《荀子》";0.5110451612529583
-----;------;------;0.0;0.5110451612529583;;0;1.0;50838;0.00021230172174700187;0.4000424603443494;0.6667374339072489
你走过的每一条弯路，其实都是必经之路，你要记住的是，你永远都无法借别人的翅膀，飞上自己的天空。;恶莫大于纵己之欲，善莫大于律己之心。;0.96965867277565
-----;------;------;0.0;0.96965867277565;;0;1.0;1790;7.4751186499691836e-06;0.40000149502373;0.6666691583728832
有阳光、有信念，即使生活的道路困难重重，也要微笑面对，从容走过。;过去的事，就让它过去吧，我们错过了昨日的日落，再也不能错过今日的日出，保持平衡的心态，以最美好的心情来对待每一天，每一天都会充满阳光，洋溢着希望。;0.9999934785008924
-----;------;------;0.0;0.9999934785008924;;0;1.0;1790;7.4751186499691836e-06;0.40000149502373;0.6666691583728832
生命的丰盈，在于内心的饱满，生活的美好，源于一颗平常心，心有阳光才有暖意。;以善服人者，未有能服人者也。以善养人，然後能服天下，天下不心服而王者，未之有也。――《孟子》;0.18556847679215105
-----;------;------;0.0;0.18556847679215105;;0;1.0;1790;7.4751186499691836e-06;0.40000149502373;0.6666691583728832
开卷有益，作善降祥。――清金兰生《格言联璧》;如果你有梦想的话，就要去捍卫它。那些一事无成的人想告诉你你也成不了大器。如果你有理想的话，就要去努力实现。--《当幸福来敲门》;0.9702262486445838
-----;------;------;0.0;0.9702262486445838;;0;1.0;7521;3.140802646168616e-05;0.40000628160529234;0.6666771360088205
哪怕此刻的生活有多糟糕，也总会有好转的一天。走过的生活并不完美，太完美的也就不是生活了！每人每天都在做一件事情：为了未来而奋斗！固然结果不同，皆因我们平时的努力，每个今天我们都尽十分的努力，未来的成功就是必然！;"言近而指远者，善言也;守约而施博者，善道也。――《孟子》";0.891495069924328
-----;------;------;0.0;0.891495069924328;;0;1.0;1878;7.842610516559847e-06;0.40000156852210333;0.6666692808701721
"善为至宝，一生用之不尽;心作良田，百世耕之有余。――清金兰生《格言联璧》";五谷杂粮日日吃方养人，嘉言善行日日积方涵德。;-0.903334768977962
-----;------;------;0.0;;-0.903334768977962;0;1.0;172300;0.0007195323706087655;0.4001439064741218;0.6669065107902029
生活，需要一点阳光，生命，需要一些勇敢，纠结过去，担心未来，都不如抓住当下，过去是梦，未来是影，现在才是真真切切的人生。​;勿以恶小而为之，勿以善小而不为。――三国刘备;0.8160471767105317
-----;------;------;0.0;0.8160471767105317;;0;1.0;3012;1.2578244342853173e-05;0.4000025156488686;0.6666708594147809
过去的事，就让它过去吧，我们错过了昨日的日落，再也不能错过今日的日出，保持平衡的心态，以最美好的心情来对待每一天，每一天都会充满阳光，洋溢着希望。;好事须相让，恶事莫相推。王梵志《全唐诗补逸》;-0.7184027020048291
-----;------;------;0.0;;-0.7184027020048291;0;1.0;13417;5.602998152326063e-05;0.4000112059963047;0.6666853433271743
应对失败和挫折，一笑而过是一种乐观自信，然后重振旗鼓，这是一种勇气心。应对误解和仇恨，一笑而过是一种坦然宽容，然后持续本色，这是一种达观心。;"善为至宝，一生用之不尽;心作良田，百世耕之有余。――清金兰生《格言联璧》";0.9677874740898074
-----;------;------;0.0;0.9677874740898074;;0;1.0;14285;5.965478766190491e-05;0.4000119309575324;0.6666865515958872
善良是一种修养，善待他人就是善待自己，要想得到别人的爱，首先要学会爱别人，一个善良的人一定是温暖的人，乐于助人的人，懂得珍惜和感恩的人。;"行善如春园之草，不见其长，日有所增;行恶如磨刀之石，不见其消，日有所损。――清金兰生《格言联璧》";-0.3227357683698753
-----;------;------;0.0;;-0.3227357683698753;0;1.0;13526;5.648517031256043e-05;0.4000112970340625;0.6666854950567708
在社会主义建设时期，爱国主义更多的不是表现为赴汤蹈火，壮怀激烈，而是表现为奉公守法，敬业爱岗；表现为维护祖国统一，反对分裂祖国；表现为各族人民团结互相，为构建社会主义和谐社会，实现中华民族的伟大复兴而贡献智慧和力量。;君子居其室，出其言，善则千里之外应之。――《易经》;0.1845298422989874
-----;------;------;0.0;0.1845298422989874;;0;1.0;13709;5.724938635331147e-05;0.40001144987727066;0.666685749795451
书生官家不可为恶，因其为世间之公道良心，若其善心不存，则无道矣。;子张问好人之道。子曰：“不践迹，亦不入于室。”――《论语》;-0.9952020153030414
-----;------;------;0.0;;-0.9952020153030414;0;1.0;10266;4.2871267072951757e-05;0.40000857425341463;0.6666809570890243
书生官家不可为恶，因其为世间之公道良心，若其善心不存，则无道矣。;子张问好人之道。子曰：“不践迹，亦不入于室。”――《论语》;-0.9952020153030414
-----;------;------;0.0;;-0.9952020153030414;0;1.0;2297;9.59237292680403e-06;0.4000019184745854;0.6666698641243088
"凡一善而关乎人终生，不行也要行;凡一恶而关乎人终生，不止也要行。";"木有根则荣，根坏则枯;人有善则德，善尽则败。";0.8688356787868485
-----;------;------;0.0;0.8688356787868485;;0;1.0;2297;9.59237292680403e-06;0.4000019184745854;0.6666698641243088
"0115庙堂之上，以养正气为先;举家之内，以养善德为本。";帮助别人是一种高尚的美，而一个大集体就是用这种美构成的。一个集体如果拥有这样的美，那它一定是一个强大的集体。;0.9999991417908027
-----;------;------;0.0;0.9999991417908027;;0;1.0;852;3.5579894356277903e-06;0.40000071159788714;0.6666678526631451
"0117毋毁众人之名，以成一己之善;毋没天下之理，以护一己之过。――清金兰生《格言联璧》";辅车相依，唇亡齿寒。《左传鲁僖公五年》;0.9952986626827272
-----;------;------;0.0;0.9952986626827272;;0;1.0;501;2.092198013203665e-06;0.40000041843960266;0.6666673640660044
0110弯下身子帮助他人站起来，这是对心灵很好的锻炼。;君子居其室，出其言，善则千里之外应之。――《易经》;0.1845298422989874
-----;------;------;0.0;0.1845298422989874;;0;1.0;1554;6.48957228047604e-06;0.4000012979144561;0.6666688298574267
如果你对人友善，处处为别人着想，并总是显得很开心。;君子居其室，出其言，善则千里之外应之。――《易经》;0.1845298422989874
-----;------;------;0.0;0.1845298422989874;;0;1.0;2372;9.905576222193801e-06;0.4000019811152445;0.6666699685254074
善行是待人第一法，谦默是保身第一法，安详是处事第一法，读书是养心第一法。;常思身命易倾，自不得不存善念。――清金兰生《格言联璧》;0.9863918402624792
-----;------;------;0.0;0.9863918402624792;;0;1.0;13817;5.770039909867274e-05;0.40001154007981976;0.6666859001330329
谁终将声震人间，必长久深自缄默；谁终将点燃闪电，必长久如云漂泊——尼采《尼采诗集》;爱国、敬业、诚信、友善。善不可不弘，恶不可不去。善心人人有，快乐你我他。善念养善心，善心生善念。德不积不厚，善不行不成。人往高处走，善在心中留。至宝不常现，至善不常有。行莫于恭敬，善莫于用心。由善入恶易，由恶入善难。心中不可少善，行事不可无善。;0.9999999390492884
-----;------;------;0.0;0.9999999390492884;;0;1.0;201;8.393848316445843e-07;0.40000016787696635;0.6666669464616105
"善良是一棵生机无穷的种子，只要你舍得播种，就会有你意想不到的甜果。善良是一束美丽的玫瑰，当你赠送他人时，也为你自己留下了满室的芬芳;善良是冬天里的太阳，在照耀了他人的同时，也温暖了你自己;善良是充满芬芳的香水，当洒在别人身上时，自己也会溅到两三滴。";善不可不弘，恶不可不去。善心人人有，快乐你我他。善念养善心，善心生善念。德不积不厚，善不行不成。人往高处走，善在心中留。至宝不常现，至善不常有。行莫于恭敬，善莫于用心。由善入恶易，由恶入善难。;0.9999923593693574
-----;------;------;0.0;0.9999923593693574;;0;1.0;361;1.5075518618094276e-06;0.40000030151037236;0.6666671691839539
五谷杂粮日日吃方养人，嘉言善行日日积方涵德。;你要记住，永远要愉快地多给别人，少从别人那里拿取。()高尔基;-0.6412445207900419
-----;------;------;0.0;;-0.6412445207900419;0;1.0;487;2.0337333980642414e-06;0.40000040674667964;0.6666673445777993
"人善我，我亦善之;人不善我，我则引之，进退而已耳。――汉《韩诗外传》";世上所有的福气，都是你一点一滴积攒的善良与爱。你付出的善良与爱，最后一定都会回到你身上。;0.9999726713946528
-----;------;------;0.0;0.9999726713946528;;0;1.0;487;2.0337333980642414e-06;0.40000040674667964;0.6666673445777993
0125病人之病，忧人之忧。白居易策林;我越多地帮助他人成功，我就越成功。;0.5978318580636433
-----;------;------;0.0;0.5978318580636433;;0;1.0;487;2.0337333980642414e-06;0.40000040674667964;0.6666673445777993
#阳光信用#向善是一种文明，也是一种光明。善良之举，需要人人拥有；善良之歌，需要人人唱和。让我们一起轻掬季风，淡挽流云，抚一弦清音，让幸福在平凡、平淡中盛开如兰，让善良之歌在红尘的原野里辗转悠长。让我们一起心存善良和大爱，微笑着，走过季节的轮回。;为人处世的最佳状态是不卑不亢。太在乎别人的眼光和评价，只能让自己做事放不开手脚，犹豫不决，失去自我，失去个性，丢失自我的价值。坚持自己所选择的，相信自己所坚持的，才是属于你自己的正确道路。别人怎么看你并不重要，重要的是你要做你自己，去做自己认为正确的事。;0.9999693245553583
-----;------;------;0.0;0.9999693245553583;;0;1.0;7;2.923230756971189e-08;0.40000000584646156;0.6666666764107692
每有患急，先人后己。陈寿《三国志蜀志》;"庙堂之上，以养正气为先;举家之内，以养善德为本。";0.9903977862998101
-----;------;------;0.0;0.9903977862998101;;0;1.0;468;1.9543885632321666e-06;0.40000039087771266;0.666667318129521
五谷杂粮日日吃方养人，嘉言善行日日积方涵德。;君子居其室，出其言，善则千里之外应之。――《易经》;0.1845298422989874
-----;------;------;0.0;0.1845298422989874;;0;1.0;468;1.9543885632321666e-06;0.40000039087771266;0.666667318129521
"0106行善如春园之草，不见其长，日有所增;行恶如磨刀之石，不见其消，日有所损。――清金兰生《格言联璧》";生命不息，奋斗不止！只要相信，只要坚持，只要你真的是用生命在热爱，那一定是天赋使命使然，那就是一个人该坚持和努力的东西，无论梦想是什么，无论路有多曲折多遥远，只要是灵魂深处的热爱，就会一直坚持到走上属于自己的舞台！;0.9999999999924651
-----;------;------;0.0;0.9999999999924651;;0;1.0;11853;4.949864880339929e-05;0.4000098997297607;0.6666831662162678
【最新谢谢】心中有善，要时刻保持一颗善良的心，充满阳光，还要有信用的心，心中要有阳光，每一颗善良的心和信用的心都会慢慢萌发。做一个善良的人，有信用聪明是一种天赋，而善良是一种选择。愿我们都能做个内心良善的人，温暖自己，也温暖他人。;"行善如春园之草，不见其长，日有所增;行恶如磨刀之石，不见其消，日有所损。――清金兰生《格言联璧》";-0.3227357683698753
-----;------;------;0.0;;-0.3227357683698753;0;1.0;1749;7.303900848489443e-06;0.40000146078016974;0.6666691013002828
"诚信是一个人在社会上的通行证，做人要以诚信为本。古话讲，""以诚感人者，人亦诚而应。""与人交往，只要守住诚信的底线，才能得到别人的尊重。[赞啊]";居家之善，无非勤俭持家，孝养父母，严教子女。;0.9544497781140582
-----;------;------;0.0;0.9544497781140582;;0;1.0;614;2.564090978257586e-06;0.40000051281819565;0.6666675213636594
记住该记住的，忘记该忘记的。改变能改变的，接受不能改变的。不管生活怎样，总有一道属于自己的明媚阳光，用自己的脚步走出属于自己的风景。;开卷有益，作善降祥。――清金兰生《格言联璧》;0.6987483476478114
-----;------;------;0.0;0.6987483476478114;;0;1.0;18;7.516879089354486e-08;0.4000000150337582;0.6666666917229302
0104五谷杂粮日日吃方养人，嘉言善行日日积方涵德。;在一切变好之前，我们总要经历一些不开心的日子，这段日子也许很长，也许只是一觉醒来。有时候，选择快乐，更需要勇气。;0.9999417180545846
-----;------;------;0.0;0.9999417180545846;;0;1.0;417;1.7414103223671226e-06;0.4000003482820645;0.666667247136774
"心简单，世界就简单，幸福才会生长;心自由，生活就自由，到哪都有快乐。[坏笑]";社会主义核心价值体系是“兴国之魂”，建设社会主义核心价值体系是推动文化大发展大繁荣的根本任务。提炼和概括出简明扼要、便于传播践行的社会主义核心价值观，对于建设社会主义核心价值体系具有重要意义。;0.9999999999999565
-----;------;------;0.0;0.9999999999999565;;0;1.0;597;2.493098231302571e-06;0.40000049861964626;0.6666674976994104
人之初，性本善。上善若水，大爱无疆。慈心为民，善举济世。无缘大慈，同体大悲。众善奉行，诸恶莫做。;"世间善德之事，提得起，放得下，算得到，做得完;看得破，撇得开，若通此理，无事不成";-0.9560259404754368
-----;------;------;0.0;;-0.9560259404754368;0;1.0;0;0.0;0.4;0.6666666666666666
勿以恶小而为之，勿以善小而不为。――三国刘备;不仅要为成功而努力，更要为做一个有价值的人而努力。命运不是机遇，而是选择；命运不靠等待，全靠争取。成熟就是学会在逆境中保持坚强，在顺境时保持清醒。时间告诉你什么叫衰老，回忆告诉你什么叫幼稚。只有在我们不需要外来的赞许时，心灵才会真的自由。;0.9999999997771378
-----;------;------;0.0;0.9999999997771378;;0;1.0;468;1.9543885632321666e-06;0.40000039087771266;0.666667318129521
"善为至宝，一生用之不尽;心作良田，百世耕之有余。――清金兰生《格言联璧》";路见不平，拔刀相助。元马致远陈情高卧;-0.7413841327692081
-----;------;------;0.0;;-0.7413841327692081;0;1.0;506;2.1130782328963167e-06;0.4000004226156466;0.6666673710260775
世界上能为别人减轻负担的都不是庸庸碌碌之徒。狄更斯;每天要想着不计报酬地为别人做点事情。;0.4926926740806936
-----;------;------;0.0;0.4926926740806936;;0;1.0;668;2.7895973509382206e-06;0.4000005579194702;0.6666675965324502
"凡一善而关乎人终生，不行也要行;凡一恶而关乎人终生，不止也要行。";你可以哭但不能输，你可以难过但不可以落魄，你不努力怎么会知道自己可以赢得多少掌声？如果你能每天呐喊20遍“我用不着为这一点小事而烦恼”，你会发现，你心里有一种不可思议的力量，试试看，很管用的。;0.9970019597069666
-----;------;------;0.0;0.9970019597069666;;0;1.0;668;2.7895973509382206e-06;0.4000005579194702;0.6666675965324502
"善为至宝，一生用之不尽;心作良田，百世耕之有余。――清金兰生《格言联璧》";弯下身子帮助他人站起来，这是对心灵很好的锻炼。;0.9648813295584553
-----;------;------;0.0;0.9648813295584553;;0;1.0;668;2.7895973509382206e-06;0.4000005579194702;0.6666675965324502
"世间善德之事，提得起，放得下，算得到，做得完;看得破，撇得开，若通此理，无事不成";辅车相依，唇亡齿寒。《左传鲁僖公五年》;0.9952986626827272
-----;------;------;0.0;0.9952986626827272;;0;1.0;668;2.7895973509382206e-06;0.4000005579194702;0.6666675965324502
常思身命易倾，自不得不存善念。――清金兰生《格言联璧》;善良是春日里的和煦微风，善良是炎热夏日的清凉饮品，善良是秋日收获的喜悦，善良是冬日里温暖的阳光。;0.999999999736302
-----;------;------;0.0;0.999999999736302;;0;1.0;512;2.1381344965274983e-06;0.4000004276268993;0.6666673793781654
开卷有益，作善降祥。――清金兰生《格言联璧》;"世间善德之事，提得起，放得下，算得到，做得完;看得破，撇得开，若通此理，无事不成";-0.9560259404754368
-----;------;------;0.0;;-0.9560259404754368;0;1.0;600;2.505626363118162e-06;0.40000050112527263;0.6666675018754543
生命不息，奋斗不止！只要相信，只要坚持，只要你真的是用生命在热爱，那一定是天赋使命使然，那就是一个人该坚持和努力的东西，无论梦想是什么，无论路有多曲折多遥远，只要是灵魂深处的热爱，就会一直坚持到走上属于自己的舞台！;为一善而此心快惬，不必自言，而乡党称誉之，君子敬礼之，身后传诵之。――清金兰生《格言联璧》;-0.6930827697598243
-----;------;------;0.0;;-0.6930827697598243;0;1.0;600;2.505626363118162e-06;0.40000050112527263;0.6666675018754543
0107善行是待人第一法，谦默是保身第一法，安详是处事第一法，读书是养心第一法。;你要记住，永远要愉快地多给别人，少从别人那里拿取。()高尔基;-0.6412445207900419
-----;------;------;0.0;;-0.6412445207900419;0;1.0;624;2.6058514176428884e-06;0.40000052117028356;0.6666675352838058
0101君子居其室，出其言，善则千里之外应之。――《易经》;为一善而此心快惬，不必自言，而乡党称誉之，君子敬礼之，身后传诵之。――清金兰生《格言联璧》;-0.6930827697598243
-----;------;------;0.0;;-0.6930827697598243;0;1.0;727;3.0359839433115067e-06;0.4000006071967887;0.6666676786613144
0124书生官家不可为恶，因其为世间之公道良心，若其善心不存，则无道矣。;"庙堂之上，以养正气为先;举家之内，以养善德为本。";0.9903977862998101
-----;------;------;0.0;0.9903977862998101;;0;1.0;600;2.505626363118162e-06;0.40000050112527263;0.6666675018754543
0123君子居其室，出其言，善则千里之外应之。――《易经》;书生官家不可为恶，因其为世间之公道良心，若其善心不存，则无道矣。;0.07986386741127505
-----;------;------;0.0;0.07986386741127505;;0;1.0;481;2.0086771344330598e-06;0.4000004017354269;0.6666673362257114
"0122行善如春园之草，不见其长，日有所增;行恶如磨刀之石，不见其消，日有所损。――清金兰生《格言联璧》";与其羡慕他人智慧，不如自己勤奋补拙；与其羡慕他人优秀，不如自己奋斗不止；与其羡慕他人坚强，不如自己百炼成钢；与其羡慕他人成功，不如自己厚积薄发。;0.9999999997160915
-----;------;------;0.0;0.9999999997160915;;0;1.0;631;2.6350837252126003e-06;0.40000052701674504;0.6666675450279083
0120恶莫大于纵己之欲，善莫大于律己之心。;君子居其室，出其言，善则千里之外应之。――《易经》;0.1845298422989874
-----;------;------;0.0;0.1845298422989874;;0;1.0;506;2.1130782328963167e-06;0.4000004226156466;0.6666673710260775
"0108凡一善而关乎人终生，不行也要行;凡一恶而关乎人终生，不止也要行。";平淡是天空的一片云，自然地飘着，轻松无牵绊；平淡是大海深处的一块礁石，默默地藏着，经历海水冲蚀却宠辱不惊；平淡是山野里的一朵小花，悠闲地开着，无妖艳之感却尽收天地之气；平淡是人生的一条尘路，就算风尘仆仆，只要我心澄亮，依然一往直前。。。;0.9999986898621176
-----;------;------;0.0;0.9999986898621176;;0;1.0;468;1.9543885632321666e-06;0.40000039087771266;0.666667318129521
我们要想心系祖国就一定要确立一个远大的志向，树立和培育正确的理想信念，对自己的未来充满希望，要立志为自己的未来而努力奋斗，把祖国建设成为物质文明，政治文明，精神文明的国家。;与人为善，乐于助人乃举手之劳，无需付出任何代价。;0.9809461460700448
-----;------;------;0.0;0.9809461460700448;;0;1.0;13473;5.626383998381833e-05;0.40001125276799676;0.6666854212799945
0118每个人都有属于自己的战斗，挣脱过去，活在当下，还有创造未来。也许要越过青春，才能知道青春是多么自恋的一段时期。没有人陪你走一辈子，所以你要适应孤独，没有人会帮你一辈子，所以你要奋斗一生。与其用泪水悔恨昨天，不如用汗水拼搏今天。;你要记住，永远要愉快地多给别人，少从别人那里拿取。()高尔基;-0.6412445207900419
-----;------;------;0.0;;-0.6412445207900419;0;1.0;264;1.1024755997719913e-06;0.40000022049511996;0.6666670341585331
0119善行是待人第一法，谦默是保身第一法，安详是处事第一法，读书是养心第一法。;开卷有益，作善降祥。――清金兰生《格言联璧》;0.6987483476478114
-----;------;------;0.0;0.6987483476478114;;0;1.0;1891;7.896899087760741e-06;0.40000157937981756;0.6666692989663625
我们要想心系祖国就一定要确立一个远大的志向，树立和培育正确的理想信念，对自己的未来充满希望，要立志为自己的未来而努力奋斗，把祖国建设成为物质文明，政治文明，精神文明的国家。;世上所有的福气，都是你一点一滴积攒的善良与爱。你付出的善良与爱，最后一定都会回到你身上。;0.9999726713946528
-----;------;------;0.0;0.9999726713946528;;0;1.0;526;2.196599111666922e-06;0.4000004393198224;0.6666673988663705
善行是待人第一法，谦默是保身第一法，安详是处事第一法，读书是养心第一法。;爱国、敬业、诚信、友善。善不可不弘，恶不可不去。善心人人有，快乐你我他。善念养善心，善心生善念。德不积不厚，善不行不成。人往高处走，善在心中留。至宝不常现，至善不常有。行莫于恭敬，善莫于用心。由善入恶易，由恶入善难。心中不可少善，行事不可无善。;0.9999999390492884
-----;------;------;0.0;0.9999999390492884;;0;1.0;526;2.196599111666922e-06;0.4000004393198224;0.6666673988663705
弯下身子帮助他人站起来，这是对心灵很好的锻炼。;居家之善，无非勤俭持家，孝养父母，严教子女。;0.9544497781140582
-----;------;------;0.0;0.9544497781140582;;0;1.0;573;2.392873176777845e-06;0.4000004785746354;0.6666674642910588
"人善我，我亦善之;人不善我，我则引之，进退而已耳。――汉《韩诗外传》";以善服人者，未有能服人者也。以善养人，然後能服天下，天下不心服而王者，未之有也。――《孟子》;0.18556847679215105
-----;------;------;0.0;0.18556847679215105;;0;1.0;573;2.392873176777845e-06;0.4000004785746354;0.6666674642910588
0103书生官家不可为恶，因其为世间之公道良心，若其善心不存，则无道矣。;"行善如春园之草，不见其长，日有所增;行恶如磨刀之石，不见其消，日有所损。――清金兰生《格言联璧》";-0.3227357683698753
-----;------;------;0.0;;-0.3227357683698753;0;1.0;10090;4.2136283339770426e-05;0.40000842725666796;0.6666807120944465
善良是一种修养，善待他人就是善待自己，要想得到别人的爱，首先要学会爱别人，一个善良的人一定是温暖的人，乐于助人的人，懂得珍惜和感恩的人。;书生官家不可为恶，因其为世间之公道良心，若其善心不存，则无道矣。;0.07986386741127505
-----;------;------;0.0;0.07986386741127505;;0;1.0;501;2.092198013203665e-06;0.40000041843960266;0.6666673640660044
勿以恶小而为之，勿以善小而不为。――三国刘备;哪怕此刻的生活有多糟糕，也总会有好转的一天。走过的生活并不完美，太完美的也就不是生活了！每人每天都在做一件事情：为了未来而奋斗！固然结果不同，皆因我们平时的努力，每个今天我们都尽十分的努力，未来的成功就是必然！;0.99999997281992
-----;------;------;0.0;0.99999997281992;;0;1.0;501;2.092198013203665e-06;0.40000041843960266;0.6666673640660044
[允悲]居家之善，无非勤俭持家，孝养父母，严教子女。;"世间善德之事，提得起，放得下，算得到，做得完;看得破，撇得开，若通此理，无事不成";-0.9560259404754368
-----;------;------;0.0;;-0.9560259404754368;0;1.0;14;5.846461513942378e-08;0.40000001169292304;0.6666666861548717
0114书生官家不可为恶，因其为世间之公道良心，若其善心不存，则无道矣。;"凡一善而关乎人终生，不行也要行;凡一恶而关乎人终生，不止也要行。";0.9854517351778203
-----;------;------;0.0;0.9854517351778203;;0;1.0;1951;8.147461724072557e-06;0.40000162949234486;0.6666693824872413
0113君子贵人贱己，先人而后己。《礼记访记》;"善为至宝，一生用之不尽;心作良田，百世耕之有余。――清金兰生《格言联璧》";0.9677874740898074
-----;------;------;0.0;0.9677874740898074;;0;1.0;11;4.593648332383297e-08;0.40000000918729667;0.6666666819788277
我们要想心系祖国就一定要确立一个远大的志向，树立和培育正确的理想信念，对自己的未来充满希望，要立志为自己的未来而努力奋斗，把祖国建设成为物质文明，政治文明，精神文明的国家。;"以善先人者谓之教，以善和人者谓之顺;以不善先人者谓之谄，以不善和人者谓之谀。――《荀子》";0.5110451612529583
-----;------;------;0.0;0.5110451612529583;;0;1.0;540;2.255063726806346e-06;0.4000004510127454;0.6666674183545755
哪怕此刻的生活有多糟糕，也总会有好转的一天。走过的生活并不完美，太完美的也就不是生活了！每人每天都在做一件事情：为了未来而奋斗！固然结果不同，皆因我们平时的努力，每个今天我们都尽十分的努力，未来的成功就是必然！;"善为至宝，一生用之不尽;心作良田，百世耕之有余。――清金兰生《格言联璧》";0.9677874740898074
-----;------;------;0.0;0.9677874740898074;;0;1.0;540;2.255063726806346e-06;0.4000004510127454;0.6666674183545755
我们要想心系祖国就一定要确立一个远大的志向，树立和培育正确的理想信念，对自己的未来充满希望，要立志为自己的未来而努力奋斗，把祖国建设成为物质文明，政治文明，精神文明的国家。;开卷有益，作善降祥。――清金兰生《格言联璧》;0.6987483476478114
-----;------;------;0.0;0.6987483476478114;;0;1.0;617;2.5766191100731766e-06;0.400000515323822;0.6666675255397033
常思身命易倾，自不得不存善念。――清金兰生《格言联璧》;相信梦想是价值的源泉，相信眼光决定未来的一切，相信成功的信念比成功本身更重要，相信人生有挫折没有失败，相信生命的质量来自决不妥协的信念。;0.9999999984858792
-----;------;------;0.0;0.9999999984858792;;0;1.0;617;2.5766191100731766e-06;0.400000515323822;0.6666675255397033
善不可不弘，恶不可不去。善心人人有，快乐你我他。善念养善心，善心生善念。德不积不厚，善不行不成。人往高处走，善在心中留。至宝不常现，至善不常有。行莫于恭敬，善莫于用心。由善入恶易，由恶入善难。;路见不平，拔刀相助。元马致远《陈情高卧》;-0.7413841327692081
-----;------;------;0.0;;-0.7413841327692081;0;1.0;4425;1.8478994427996445e-05;0.4000036957988856;0.666672826331476
善行是待人第一法，谦默是保身第一法，安详是处事第一法，读书是养心第一法。;世界上能为别人减轻负担的都不是庸庸碌碌之徒。狄更斯;0.9975054103910095
-----;------;------;0.0;0.9975054103910095;;0;1.0;631;2.6350837252126003e-06;0.40000052701674504;0.6666675450279083
终而复始，日月是也。死而复生，四时是也。奇正相生，循环无端，涨跌相生，循环无端，涨跌相生，循环无穷。机遇孕育着挑战，挑战中孕育着机遇，这是千古验证了的定律！;过去的事，就让它过去吧，我们错过了昨日的日落，再也不能错过今日的日出，保持平衡的心态，以最美好的心情来对待每一天，每一天都会充满阳光，洋溢着希望。;0.9999934785008924
-----;------;------;0.0;0.9999934785008924;;0;1.0;631;2.6350837252126003e-06;0.40000052701674504;0.6666675450279083
社会主义核心价值体系是“兴国之魂”，建设社会主义核心价值体系是推动文化大发展大繁荣的根本任务。提炼和概括出简明扼要、便于传播践行的社会主义核心价值观，对于建设社会主义核心价值体系具有重要意义。;助人要从日常小事做起，不因善小而不为。;0.6909894133228323
-----;------;------;0.0;0.6909894133228323;;0;1.0;4425;1.8478994427996445e-05;0.4000036957988856;0.666672826331476
帮助别人是一种高尚的美，而一个大集体就是用这种美构成的。一个集体如果拥有这样的美，那它一定是一个强大的集体。;以热爱祖国为荣、以危害祖国为耻。以服务人民为荣、以背离人民为耻。以崇尚科学为荣、以愚昧无知为耻。以辛勤劳动为荣、以好逸恶劳为耻。以团结互助为荣、以损人利己为耻。以诚实守信为荣、以见利忘义为耻。以遵纪守法为荣、以违法乱纪为耻。以艰苦奋斗为荣、以骄奢淫逸为耻。;0.9999999999717541
-----;------;------;0.0;0.9999999999717541;;0;1.0;481;2.0086771344330598e-06;0.4000004017354269;0.6666673362257114
一个人要战胜别人并不难，往往只需要付出比对方更多的努力即可。然而，勇于挑战自己的弱点并战而胜之，不断地超越自己，才真正是人生最大的挑战和最为痛苦的过程。提醒自己：不必总与他人较短论长，今天比昨天好，明天比今天强，这就是胜利。;为一善而此心快惬，不必自言，而乡党称誉之，君子敬礼之，身后传诵之。――清金兰生《格言联璧》;-0.6930827697598243
-----;------;------;0.0;;-0.6930827697598243;0;1.0;481;2.0086771344330598e-06;0.4000004017354269;0.6666673362257114
在社会主义建设时期，爱国主义更多的不是表现为赴汤蹈火，壮怀激烈，而是表现为奉公守法，敬业爱岗；表现为维护祖国统一，反对分裂祖国；表现为各族人民团结互相，为构建社会主义和谐社会，实现中华民族的伟大复兴而贡献智慧和力量。;在社会主义建设时期，爱国主义更多的不是表现为赴汤蹈火，壮怀激烈，而是表现为奉公守法，敬业爱岗；表现为维护祖国统一，反对分裂祖国；表现为各族人民团结互相，为构建社会主义和谐社会，实现中华民族的伟大复兴而贡献智慧和力量。;0.9999999986381138
-----;------;------;0.0;0.9999999986381138;;0;1.0;2664;1.112498105224464e-05;0.40000222499621046;0.666670374993684
人生从来没有真正的绝境。无论遭受多少艰辛，无论经历多少苦难，只要一个人的心中还怀着一粒信念的种子，那么总有一天，他就能走出困境，让生命重新开花结果。;"毋毁众人之名，以成一己之善;毋没天下之理，以护一己之过。――清金兰生《格言联璧》";-0.06731542559511117
-----;------;------;0.0;;-0.06731542559511117;0;1.0;2021;8.439784799769676e-06;0.40000168795695995;0.6666694799282665
不要因为没有阳光，而走不进春天不要因为没有歌声，而放弃自己的追求不要因为没有掌声，而丢掉自己的理想。其实每一条都通往阳光的大道，都充满坎坷每一条通向理想的途径，都充满了艰辛与汗水！;"为善如负重登山，志虽已确而力犹恐不及;为恶如乘骏走坡，鞭虽不加而足不禁其前。――清金兰生《格言联璧》";-0.5151524665173217
-----;------;------;0.0;;-0.5151524665173217;0;1.0;1664;6.94893711371437e-06;0.4000013897874228;0.6666689829790379
书生官家不可为恶，因其为世间之公道良心，若其善心不存，则无道矣。;勿起不善之念,勿阅不善之书,勿听不善之乐,勿吐不善之语,勿为不善之事,勿近不善之人,勿学不善之法,勿入不善之境。;-0.9892835836017511
-----;------;------;0.0;;-0.9892835836017511;0;1.0;3252;1.3580494888100439e-05;0.40000271609897764;0.666671193498296
0111你要记住，永远要愉快地多给别人，少从别人那里拿取。高尔基;以善服人者，未有能服人者也。以善养人，然後能服天下，天下不心服而王者，未之有也。――《孟子》;0.18556847679215105
-----;------;------;0.0;0.18556847679215105;;0;1.0;1336;5.579194701876441e-06;0.4000011158389404;0.6666685263982338
"0105行善如春园之草，不见其长，日有所增;行恶如磨刀之石，不见其消，日有所损。――清金兰生《格言联璧》";以作善降祥为受用，以乐天知命为依归。――清金兰生《格言联璧》;0.9338779747844759
-----;------;------;0.0;0.9338779747844759;;0;1.0;2738;1.143400830369588e-05;0.4000022868016608;0.6666704780027679
与人为善，乐于助人乃举手之劳，无需付出任何代价。;"行善如春园之草，不见其长，日有所增;行恶如磨刀之石，不见其消，日有所损。――清金兰生《格言联璧》";-0.3227357683698753
-----;------;------;0.0;;-0.3227357683698753;0;1.0;2538;1.0598799515989825e-05;0.40000211975990324;0.6666701995998386
让我们扬起奋斗的风帆，吹响奋斗的号角，奏响奋斗的乐章，勇往直前！改写自己的命运，创造自己的奇迹！因为生活需要不断的奋斗;"凡一善而关乎人终生，不行也要行;凡一恶而关乎人终生，不止也要行。";0.9854517351778203
-----;------;------;0.0;0.9854517351778203;;0;1.0;11046;4.612858134500537e-05;0.400009225716269;0.6666820428604483
"0102行善如春园之草，不见其长，日有所增;行恶如磨刀之石，不见其消，日有所损。――清金兰生《格言联璧》";以善服人者，未有能服人者也。以善养人，然後能服天下，天下不心服而王者，未之有也。――《孟子》;0.18556847679215105
-----;------;------;0.0;0.18556847679215105;;0;1.0;2732;1.1408952040064698e-05;0.40000228179040803;0.66667046965068
[太阳]君子贵人贱己，先人而后己。《礼记访记》;你就会发现别人会回报你的善意，你的快乐也会在别人身上体现出来。;0.9848224923690674
-----;------;------;0.0;0.9848224923690674;;0;1.0;11551;4.823748353396315e-05;0.4000096474967068;0.6666827458278446
常思身命易倾，自不得不存善念。――清金兰生《格言联璧》;为一善而此心快惬，不必自言，而乡党称誉之，君子敬礼之，身后传诵之。――清金兰生《格言联璧》;-0.6930827697598243
-----;------;------;0.0;;-0.6930827697598243;0;1.0;3060;1.2778694451902627e-05;0.4000025557388904;0.6666709262314838
"世间善德之事，提得起，放得下，算得到，做得完;看得破，撇得开，若通此理，无事不成";开卷有益，作善降祥。――清金兰生《格言联璧》;0.6987483476478114
-----;------;------;0.0;0.6987483476478114;;0;1.0;3060;1.2778694451902627e-05;0.4000025557388904;0.6666709262314838
"木有根则荣，根坏则枯;人有善则德，善尽则败。";善行是待人第一法，谦默是保身第一法，安详是处事第一法，读书是养心第一法。;0.9997758102667993
-----;------;------;0.0;0.9997758102667993;;0;1.0;534;2.230007463175164e-06;0.40000044600149265;0.6666674100024876
"行善如春园之草，不见其长，日有所增;行恶如磨刀之石，不见其消，日有所损。――清金兰生《格言联璧》";善行是待人第一法，谦默是保身第一法，安详是处事第一法，读书是养心第一法;0.9997758102667993
-----;------;------;0.0;0.9997758102667993;;0;1.0;2081;8.690347436081492e-06;0.40000173806948724;0.6666695634491453
人生的奔跑，不在于瞬间的爆发，取决于途中的坚持，纵有千百个理由放弃，也要找一个理由坚持下去。能激励你，温暖你，感动你的，不是励志语录心灵鸡汤，而是身边的爱人和朋友，一定要与积极、充满正能量的人同行！;"当你学会了，尝试去教人;当你获得了，尝试去给予。";0.9338149445348543
-----;------;------;0.0;0.9338149445348543;;0;1.0;1664;6.94893711371437e-06;0.4000013897874228;0.6666689829790379
自暴自弃便是命运的奴隶，自强不息是生命的天使；我不想用别人的汗水浇灌自己的心灵，我愿意用别人的棉袄，来温暖自己的躯体。我只想堂堂正正的做人，我只愿光明磊落做事，该记得的我不会遗忘，该遗忘的我不会存放。;"以善先人者谓之教，以善和人者谓之顺;以不善先人者谓之谄，以不善和人者谓之谀。――《荀子》";0.5110451612529583
-----;------;------;0.0;0.5110451612529583;;0;1.0;13818;5.770457514261127e-05;0.40001154091502855;0.6666859015250475
勿起不善之念,勿阅不善之书,勿听不善之乐,勿吐不善之语,勿为不善之事,勿近不善之人,勿学不善之法,勿入不善之境。;以作善降祥为受用，以乐天知命为依归。――清金兰生《格言联璧》;0.9338779747844759
-----;------;------;0.0;0.9338779747844759;;0;1.0;13909;5.808459514101753e-05;0.4000116169190282;0.6666860281983802
在社会主义建设时期，爱国主义更多的不是表现为赴汤蹈火，壮怀激烈，而是表现为奉公守法，敬业爱岗；表现为维护祖国统一，反对分裂祖国；表现为各族人民团结互相，为构建社会主义和谐社会，实现中华民族的伟大复兴而贡献智慧和力量。;病人之病，忧人之忧。白居易策林;0.8102934846773251
-----;------;------;0.0;0.8102934846773251;;0;1.0;3304;1.3797649172904013e-05;0.4000027595298346;0.6666712658830576
过去的事，就让它过去吧，我们错过了昨日的日落，再也不能错过今日的日出，保持平衡的心态，以最美好的心情来对待每一天，每一天都会充满阳光，洋溢着希望。;居家之善，无非勤俭持家，孝养父母，严教子女。;0.9544497781140582
-----;------;------;0.0;0.9544497781140582;;0;1.0;3252;1.3580494888100439e-05;0.40000271609897764;0.666671193498296
没有人会知道你到底有多好，因为这个世界上大部分的人根本不在乎你。如果你真的很优秀，它会成为嫉妒的理由。人可以容忍平凡，但不能容忍优秀。人越好，就越可恨和沮丧。所以当你面临压力时，不要让自己变得平庸。因为嫉妒本身也是一种仰望。;忧伤并不是人生绝境、坎坷并非无止境，没有谁能剥夺你的欢乐，因为欢乐是心灵结出的果实。欢乐将指引你在人生正确方向里寻找自己的错误，寻找自己人生的正确目标，并执著的走下去。;0.9999999998958371
-----;------;------;0.0;0.9999999998958371;;0;1.0;11046;4.612858134500537e-05;0.400009225716269;0.6666820428604483
善行是待人第一法，谦默是保身第一法，安详是处事第一法，读书是养心第一法。;书生官家不可为恶，因其为世间之公道良心，若其善心不存，则无道矣。;0.07986386741127505
-----;------;------;0.0;0.07986386741127505;;0;1.0;12058;5.0354737810798e-05;0.4000100709475622;0.6666834515792702
我越多地帮助他人成功，我就越成功。;"木有根则荣，根坏则枯;人有善则德，善尽则败。";0.8688356787868485
-----;------;------;0.0;0.8688356787868485;;0;1.0;2538;1.0598799515989825e-05;0.40000211975990324;0.6666701995998386
我已经不想管了，上个月一动不动[挖鼻];恶莫大于纵己之欲，善莫大于律己之心。;0.96965867277565
-----;------;------;0.0;0.96965867277565;;0;1.0;1815;7.579519748432441e-06;0.4000015159039497;0.6666691931732495
你要记住，永远要愉快地多给别人，少从别人那里拿取。高尔基;开卷有益，作善降祥。――清金兰生《格言联璧》;0.6987483476478114
-----;------;------;0.0;0.6987483476478114;;0;1.0;7472;3.1203400308698176e-05;0.40000624068006174;0.6666770678001028
"善良是一棵生机无穷的种子，只要你舍得播种，就会有你意想不到的甜果。善良是一束美丽的玫瑰，当你赠送他人时，也为你自己留下了满室的芬芳;善良是冬天里的太阳，在照耀了他人的同时，也温暖了你自己;善良是充满芬芳的香水，当洒在别人身上时，自己也会溅到两三滴。";以作善降祥为受用，以乐天知命为依归。――清金兰生《格言联璧》;0.9338779747844759
-----;------;------;0.0;0.9338779747844759;;0;1.0;2708;1.1308726985539971e-05;0.4000022617453971;0.6666704362423284
富强、民主、文明、和谐，倡导自由、平等、公正、法治，倡导爱国、敬业、诚信、友善，积极培育和践行社会主义核心价值观。富强、民主、文明、和谐是国家层面的价值自由、平等、公正、法治是社会层面的价值取向，爱国、敬业、诚信、友善是公民个人层面的价值准则;"为善如负重登山，志虽已确而力犹恐不及;为恶如乘骏走坡，鞭虽不加而足不禁其――清金兰生《格言联璧》";0.21266781181635142
-----;------;------;0.0;0.21266781181635142;;0;1.0;12;5.0112527262363246e-08;0.40000001002250546;0.6666666833708423
0116世界上能为别人减轻负担的都不是庸庸碌碌之徒。狄更斯;居家之善，无非勤俭持家，孝养父母，严教子女。;0.9544497781140582
-----;------;------;0.0;0.9544497781140582;;0;1.0;26;1.0857714240178703e-07;0.4000000217154285;0.6666667028590474
勿起不善之念,勿阅不善之书,勿听不善之乐,勿吐不善之语,勿为不善之事,勿近不善之人,勿学不善之法,勿入不善之境。;以前认为水不可能倒流，那是还没有找到发明抽水机的方法；现在认为太阳不可能从西边出来，这是还没住到太阳从西边出来的星球上。这个世界只有想不到的，没有做不到的！;0.9938956922239557
-----;------;------;0.0;0.9938956922239557;;0;1.0;12636;5.276849120726849e-05;0.40001055369824146;0.6666842561637356
"人善我，我亦善之;人不善我，我则引之，进退而已耳。――汉《韩诗外传》";子张问好人之道。子曰：“不践迹，亦不入于室。”――《论语》;-0.9952020153030414
-----;------;------;0.0;;-0.9952020153030414;0;1.0;534;2.230007463175164e-06;0.40000044600149265;0.6666674100024876
明年是不是三百万的房子200万就能买到了[揣手];看地方;0.060757019551153535
-----;------;------;0.0;0.060757019551153535;;0;1.0;10;4.1760439385302704e-08;0.4000000083520879;0.666666680586813
老师早安！;[握手];0.655267418904002
-----;------;------;0.0;0.655267418904002;;0;1.0;206;8.602650513372357e-07;0.4000001720530103;0.6666669534216837
砖家不是为真理服务，为某些人的需要服务;鼓吹自由主义，中国就是自由主义泛滥造成的;0.8426724792562159
砖家不是为真理服务，为某些人的需要服务;回复@管小二的世界:那你觉得现在用啥政策最好？;0.9671811631188696
砖家不是为真理服务，为某些人的需要服务;计划经济思维方式从末改变;0.670626873981071
-----;------;------;0.12158515491334834;0.9671811631188696;;0;1.0;112614;0.0004702810120936478;0.4487281181677581;0.7478801969462634
自以为是的都是为了你好;回复@King_of_shit:爹头爹脑[允悲][允悲][允悲];0.9994724781514635
自以为是的都是为了你好;回复@苏哈龙:其实就是为了自己可以为所欲为;0.15687912511055924
自以为是的都是为了你好;毕竟要有梦;0.6461234435087655
自以为是的都是为了你好;哈哈;0.052465563615616606
-----;------;------;0.3819631091740534;0.9994724781514635;;0;1.0;205;8.560890073987054e-07;0.5527854148874229;0.9213090248123714
就怕脱光也没得用了[嘻嘻];回复@以前你都叫我小茉莉:主要是失业率问题;0.685761266740309
就怕脱光也没得用了[嘻嘻];回复@以前你都叫我小茉莉:灵活就业了解下;0.9557701752515073
就怕脱光也没得用了[嘻嘻];必须没用;-0.3714285714285712
就怕脱光也没得用了[嘻嘻];回复@管小二的世界:现在的问题是失业率飙高，还不起房贷[笑cry]首付月低，房贷越高，谁愿意冒险背上债务;0.9470399618683136
就怕脱光也没得用了[嘻嘻];回复@管小二的世界:没有用，人口已经少，也没啥钱，还是老老实实打工，别总想炒股赚虚拟钱;-0.8097890912760928
就怕脱光也没得用了[嘻嘻];必须有用[哈哈][哈哈];0.0
-----;------;------;0.6762962815712942;0.9557701752515073;-0.8097890912760928;1.7655592665276;0.11722036673619995;7789;3.2527206237212274e-05;0.3174131647642451;0.5290219412737417
买房=亏钱，买房和租房没区别。这两点没解决没人买;只要不卖房，住到死，租房比买房还划算，还没压力;-0.5468914366641102
买房=亏钱，买房和租房没区别。这两点没解决没人买;是的;0.052465563615616606
-----;------;------;0.2996785001398634;0.052465563615616606;-0.5468914366641102;0.5993570002797268;0.7003214998601366;4;1.670417575412108e-08;0.4000000033408352;0.6666666722347252
他们总认为他们能比市场更聪明，但每一次都被市场打脸。;拳力任性;0.7261061111594251
-----;------;------;0.0;0.7261061111594251;;0;1.0;418;1.745586366305653e-06;0.4000003491172733;0.6666672485287887
坚决不脱[允悲];必须脱;0.09523809523809534
-----;------;------;0.0;0.09523809523809534;;0;1.0;98;4.092523059759665e-07;0.4000000818504612;0.6666668030841019
转发微博;[鲜花][鲜花];0.5285418673072408
-----;------;------;0.0;0.5285418673072408;;0;1.0;903;3.770967676492834e-06;0.4000007541935353;0.6666679236558921
有道理，矫枉过必须正。只听说不破不立，没听说不立不破的;回复@管小二的世界:不过正矫枉有人听么？房地产说房住不炒多少年了，他们一直堵上涨;-0.34119943080243864
有道理，矫枉过必须正。只听说不破不立，没听说不立不破的;代价太大了;0.2055387472186505
-----;------;------;0.2733690890105446;0.2055387472186505;-0.34119943080243864;0.5467381780210891;0.7266309109894554;5;2.0880219692651352e-08;0.400000004176044;0.6666666736267398
去年放开后确实死了不少;一直不放开都饿死吗[笑cry];0.1044587841067619
去年放开后确实死了不少;要的就是这种效果，多死老人，那些狗B又能多贪点养老金;-0.16879876468906319
去年放开后确实死了不少;那又怎么样，不比大家都被拖死强？;-0.6660330237413452
-----;------;------;0.3189512714977389;0.1044587841067619;-0.6660330237413452;0.7704918078481071;0.6147540960759464;124;5.178294483777535e-07;0.37348225059536383;0.6224704176589396
“去年说口罩放开，社会面临崩溃，很多人熬不过这一关。放开后两周后就恢复正常了。”社会面临崩溃这个没人说过，很多人没熬过去这事你不知道？两周后恢复正常这事，要不让没熬过去的人和你聊聊？看到这条，没兴趣看下边的了。;回复@胡子742:再阳10次;-0.934937653333491
“去年说口罩放开，社会面临崩溃，很多人熬不过这一关。放开后两周后就恢复正常了。”社会面临崩溃这个没人说过，很多人没熬过去这事你不知道？两周后恢复正常这事，要不让没熬过去的人和你聊聊？看到这条，没兴趣看下边的了。;放开后我们全家都阳了，半个月后，我还去南京跨年了，直到现在都没二阳[笑cry];0.5598372806575977
“去年说口罩放开，社会面临崩溃，很多人熬不过这一关。放开后两周后就恢复正常了。”社会面临崩溃这个没人说过，很多人没熬过去这事你不知道？两周后恢复正常这事，要不让没熬过去的人和你聊聊？看到这条，没兴趣看下边的了。;回复@胡子742:那就祝你家再阳十轮吧;-0.007950365591837816
“去年说口罩放开，社会面临崩溃，很多人熬不过这一关。放开后两周后就恢复正常了。”社会面临崩溃这个没人说过，很多人没熬过去这事你不知道？两周后恢复正常这事，要不让没熬过去的人和你聊聊？看到这条，没兴趣看下边的了。;回复@胡子742:二极管你好。;-0.777724897406664
“去年说口罩放开，社会面临崩溃，很多人熬不过这一关。放开后两周后就恢复正常了。”社会面临崩溃这个没人说过，很多人没熬过去这事你不知道？两周后恢复正常这事，要不让没熬过去的人和你聊聊？看到这条，没兴趣看下边的了。;再关10年;-0.7590741145086899
-----;------;------;0.5712222543731327;0.5598372806575977;-0.934937653333491;1.4947749339910887;0.25261253300445563;127;5.303575801933443e-07;0.32953402102255136;0.5492233683709189
还是要到群众中去，真真正正扎扎实实的调研群众的现况，倾听群众的心声;在豪华的办公室里，躺着沙发上，吹着空调，喝着茶，看着报纸，聊着天不好？干嘛要去外面风吹日晒雨淋的[允悲];-0.6699655513303133
还是要到群众中去，真真正正扎扎实实的调研群众的现况，倾听群众的心声;群众的脖子已经勒住了，发不出声音了。;-0.6031716560730189
-----;------;------;0.0333969476286472;;-0.6699655513303133;0;1.0;49;2.0462615298798324e-07;0.4133588199766895;0.6889313666278157
除了那些嗨的城市，其他地方户口也没有那么大欲望;科技是要钱砸出来的。;-0.6051567666486399
-----;------;------;0.0;;-0.6051567666486399;0;1.0;20;8.352087877060541e-08;0.4000000167041758;0.6666666945069596
明年，意思今年一年白白浪费了[微笑];是的;0.052465563615616606
-----;------;------;0.0;0.052465563615616606;;0;1.0;402;1.6787696632891687e-06;0.4000003357539327;0.6666672262565544
这个部门已经多次延误战机，整天都是说多过干。房地产出现今天的困境，这个部门负主要责任。;他们只是个打工仔;0.6194341784741761
-----;------;------;0.0;0.6194341784741761;;0;1.0;418;1.745586366305653e-06;0.4000003491172733;0.6666672485287887
耳朵都起茧了[苦涩];[苦涩][苦涩];0.9508797900869248
-----;------;------;0.0;0.9508797900869248;;0;1.0;98;4.092523059759665e-07;0.4000000818504612;0.6666668030841019
[允悲][允悲][允悲]就是他，信他你就[允悲][允悲];他捶的地产;-0.6325532072931168
-----;------;------;0.0;;-0.6325532072931168;0;1.0;69;2.8814703175858865e-07;0.4000000576294064;0.6666667627156772
不把你们口袋里的钱薅出来誓不罢休;口袋的钱花和未来三十年的钱[抱一抱];0.9417658557210198
-----;------;------;0.0;0.9417658557210198;;0;1.0;121;5.053013165621627e-07;0.40000010106026335;0.6666668351004388
倪虹是谁[doge]？;演武林外传里的那个郭芙蓉;0.422249379134346
-----;------;------;0.0;0.422249379134346;;0;1.0;892;3.725031193169001e-06;0.40000074500623867;0.666667908343731
滨海新城6000，三环边1万多的是，上市也没什么性价比;回复@jhonywu:包括三环在内，本来很多地就只适合用来开养殖场和工厂的，结果拿来做房地产，看上去只有市中心一半或1/3的价格，但什么配套都没有，发展没到那一步～～滨海已经把二十年的价格都预支了，卖个三千看以后台湾人会不会过去住吧;0.9529540745354461
滨海新城6000，三环边1万多的是，上市也没什么性价比;回复@孩爸孩妈双拼:那买啥滨海新城[笑cry];0.8045737631855399
滨海新城6000，三环边1万多的是，上市也没什么性价比;三环边保障房可能卖五千左右;0.8198296501033522
滨海新城6000，三环边1万多的是，上市也没什么性价比;三环边卖不掉的以后就是保障房[偷乐][偷乐][偷乐];-0.8237736328564362
-----;------;------;0.7309958922349193;0.9529540745354461;-0.8237736328564362;1.7767277073918823;0.11163614630405883;17;7.09927469550146e-08;0.3370528296141407;0.5617547160235677
狼来了，第几骗了？;半年二十骗而已;0.4595907810649391
-----;------;------;0.0;0.4595907810649391;;0;1.0;340;1.419854939100292e-06;0.40000028397098786;0.6666671399516463
盖棺了;回复@吾思吾在6:要看出什么政策。;0.7165197114025503
盖棺了;回复@谢逸枫-知名房地产专家:没用了，趋势己成;0.830151066423658
盖棺了;回复@吾思吾在6:哈哈！就看是否大刺激了;0.8576838030355305
盖棺了;回复@谢逸枫-知名房地产专家:不难科了，会有反弹，阴跌向下，如果出口、投资、消费再持续不振，价格回到15年之前;0.7114411820983577
盖棺了;市场变化难料;0.7633119790563265
-----;------;------;0.05911201912346645;0.8576838030355305;;0;1.0;288;1.2027006542967177e-06;0.4236450481895175;0.7060750803158624
管理层铁了心要干死房地产[笑cry];正常，全世界没有一个国家是靠房地产作为经济之柱的，国家队不再买上证50，买央企科技也是一个信号;0.39082071725393885
管理层铁了心要干死房地产[笑cry];他不死，其他人活不了;-0.7812515683416581
-----;------;------;0.5860361427977985;0.39082071725393885;-0.7812515683416581;1.172072285595597;0.4139638572022015;62;2.5891472418887677e-07;0.40000005178294484;0.6666667529715746
好，继续坚持房住不炒定位。深入人心[可爱];[太开心];0.15365892311746854
-----;------;------;0.0;0.15365892311746854;;0;1.0;11;4.593648332383297e-08;0.40000000918729667;0.6666666819788277
战略是对上说的，策略是让下做的，老哥真不容易[笑cry][笑cry][笑cry];嗯嗯;0.052465563615616606
-----;------;------;0.0;0.052465563615616606;;0;1.0;6;2.5056263631181623e-08;0.40000000501125277;0.6666666750187545
基本没招了;不是，是似乎不肯改变认知;0.310127438229002
基本没招了;躺平吧[允悲];0.9401584287921494
-----;------;------;0.3150154952815737;0.9401584287921494;;0;1.0;266;1.1108276876490519e-06;0.526006420278167;0.8766773671302782
看来前几天喊抄底被骂了[doge];呵呵;0.3510815307820303
-----;------;------;0.0;0.3510815307820303;;0;1.0;25;1.0440109846325675e-07;0.40000002088021974;0.6666667014670328
从房住不炒的角度来说，最近两年政府确实做的不错[二哈];[哈哈];0.052465563615616606
-----;------;------;0.0;0.052465563615616606;;0;1.0;8;3.340835150824216e-08;0.40000000668167035;0.6666666778027838
房地产新的一轮洗牌;一轮又一轮;0.33899032816414065
-----;------;------;0.0;0.33899032816414065;;0;1.0;7;2.923230756971189e-08;0.40000000584646156;0.6666666764107692
一日一策;回复@在REDNAVY服役的温迪:也不是高频次调整啊，难道说出来的话不应该深思熟虑的嘛。;-0.09164709407968497
一日一策;回复@邹丫头zz:但凡大方向看一下都不会这么说，相关调整不就是服务于整个政策吗？;-0.4354812355435964
一日一策;回复@在REDNAVY服役的温迪:看看最近新闻。但凡每天喊的一样也不会说;0.7534473228611256
一日一策;十四五计划是看都不看一眼;-0.5418092327129245
-----;------;------;0.5085272083532951;0.7534473228611256;-0.5418092327129245;1.29525655557405;0.35237172221297497;42;1.7539384541827134e-07;0.3443596073052771;0.5739326788421284
说了七年，房价翻了多少倍？;这七年大部分是横盘，少部分涨40%左右，主要是15年暴涨;0.15975443502562148
-----;------;------;0.0;0.15975443502562148;;0;1.0;310;1.2945736209443838e-06;0.40000025891472424;0.666667098191207
还提这四个字，解决不买房;你应该已经买不少了吧[doge];-0.4471853375658221
-----;------;------;0.0;;-0.4471853375658221;0;1.0;31;1.2945736209443839e-07;0.40000002589147243;0.6666667098191206
这…房住不炒;哈哈。;0.052465563615616606
-----;------;------;0.0;0.052465563615616606;;0;1.0;2635;1.1003875778027262e-05;0.40000220077515564;0.6666703346252593
[二哈][二哈];不得不佩服硖哥推荐的#考股学者#，上个星期收到通知皖通科技，一周也是40％4连板😬😬😬真慧眼高斯贝尔也是一字板;0.5011656884605495
-----;------;------;0.0;0.5011656884605495;;0;1.0;120;5.011252726236324e-07;0.40000010022505456;0.6666668337084242
天天就这几句;潘玮柏的是谁抢走了;0.8608589442185681
-----;------;------;0.0;0.8608589442185681;;0;1.0;209;8.727931831528265e-07;0.4000001745586367;0.6666669575977276
风向转的太快;回复@何呵呵Leslie:十四五计划不看是这样的;-0.7851702163192522
风向转的太快;朝令夕改。;-0.2658221667581997
-----;------;------;0.25967402478052626;;-0.7851702163192522;0;1.0;24;1.0022505452472649e-07;0.5038696299572214;0.8397827165953688
谁在支持炒房一目了然，司马昭;[嘻嘻]多年前还是苹果王当市长的时候我就有兴当面听他在会上说炒房;0.5735182049858616
-----;------;------;0.0;0.5735182049858616;;0;1.0;946;3.950537565849635e-06;0.4000007901075132;0.6666679835125219
持续关注[话筒][话筒];[good][good][good][666][666][666];0.0
-----;------;------;0.0;0.0;0.0;0;1.0;291002;0.0012152371382001858;0.40024304742764005;0.6670717457127333
持续关注[话筒][话筒];[good][good][good][666][666][666];0.0
-----;------;------;0.0;0.0;0.0;0;1.0;291002;0.0012152371382001858;0.40024304742764005;0.6670717457127333
央行说过降存量房贷的事情但是四大行不干那也没办法;那就所有人有钱就还，让他们造成事实的利息损失。;-0.3221728547244842
-----;------;------;0.0;;-0.3221728547244842;0;1.0;22;9.187296664766594e-08;0.40000001837459337;0.6666666972909888
央行说过降存量房贷的事情但是四大行不干那也没办法;那就所有人有钱就还，让他们造成事实的利息损失。;-0.3221728547244842
-----;------;------;0.0;;-0.3221728547244842;0;1.0;22;9.187296664766594e-08;0.40000001837459337;0.6666666972909888
芜湖扬子农村商业银行员工王洁利用其工作之便，勾结小贷公司对外放贷牟利，他本人提供给法院的账户2个月不到1千多万的资金流水，王洁的职业是银行员工其老婆夏玉霞是下岗工人，该入帐流水明显远超出其夫妻二人的工资收入，来源不明，走帐频繁数额巨大。根据最高司法解释的规定王洁其实就是职业放贷人。;你这是在放屁，12万以下免除申报，6万以下免税，就算没有收入也可以申报6万的税，反正也不用缴税。;-0.7584011407734526
-----;------;------;0.0;;-0.7584011407734526;0;1.0;3127;1.3058489395784154e-05;0.4000026116978792;0.6666710194964652
芜湖扬子农村商业银行员工王洁利用其工作之便，勾结小贷公司对外放贷牟利，他本人提供给法院的账户2个月不到1千多万的资金流水，王洁的职业是银行员工其老婆夏玉霞是下岗工人，该入帐流水明显远超出其夫妻二人的工资收入，来源不明，走帐频繁数额巨大。根据最高司法解释的规定王洁其实就是职业放贷人。;你这是在放屁，12万以下免除申报，6万以下免税，就算没有收入也可以申报6万的税，反正也不用缴税。;-0.7584011407734526
-----;------;------;0.0;;-0.7584011407734526;0;1.0;3127;1.3058489395784154e-05;0.4000026116978792;0.6666710194964652
现在5块钱一斤米，以后5块钱一碗饭;我只吃三块的;-0.5394851504894342
现在5块钱一斤米，以后5块钱一碗饭;北上广户口的优先;0.21504260747985193
-----;------;------;0.3772638789846431;0.21504260747985193;-0.5394851504894342;0.7545277579692862;0.6227361210153569;34;1.419854939100292e-07;0.4000000283970988;0.6666667139951645
能告诉结论吗;回复@健忘的磊子:多谢;0.29898466890606734
能告诉结论吗;一线或者准一线的万人摇网红新盘能放进来吗？或者二线核心区的高端以上的物业能放进来吗？如果不能，那么放进来的是什么东西？又为什么放进来？窃钩者诛窃国者诸侯……两年前鹏城的某房理不就有类似的玩法吗？庄家不同而已……emmm……;-0.6528545164009485
-----;------;------;0.4759195926535079;0.29898466890606734;-0.6528545164009485;0.9518391853070158;0.5240804073464921;0;0.0;0.4;0.6666666666666666
鹅城的税已经收到2100年了[摊手];典[赞][喵喵];0.9575856299583125
-----;------;------;0.0;0.9575856299583125;;0;1.0;123;5.136534044392232e-07;0.40000010273068093;0.6666668378844681
[嘻嘻][嘻嘻]，保持底仓，t了再说。;试点政策出了，试点标的随时可能发，不敢T了，宝贵的筹码不能丢了。;-0.6353395371232042
-----;------;------;0.0;;-0.6353395371232042;0;1.0;276;1.1525881270343546e-06;0.40000023051762545;0.6666670508627089
我也想做汤臣一品业主[嘻嘻][嘻嘻][嘻嘻];有希望[笑cry];0.4178441518793925
-----;------;------;0.0;0.4178441518793925;;0;1.0;78;3.2573142720536105e-07;0.40000006514628544;0.666666775243809
不是@调皮的饭后君说的哦[doge];等一个彻底疯狂;0.10050691423814473
-----;------;------;0.0;0.10050691423814473;;0;1.0;63;2.6309076812740703e-07;0.40000005261815363;0.6666667543635892
刚从直播间出来的是吧[doge];饭子你要幸福[doge];0.7973843365454856
-----;------;------;0.0;0.7973843365454856;;0;1.0;24;1.0022505452472649e-07;0.40000002004501095;0.6666667000750182
现在5块钱一斤米，以后5块钱一碗饭;我只吃三块的;-0.5394851504894342
现在5块钱一斤米，以后5块钱一碗饭;北上广户口的优先;0.21504260747985193
-----;------;------;0.3772638789846431;0.21504260747985193;-0.5394851504894342;0.7545277579692862;0.6227361210153569;34;1.419854939100292e-07;0.4000000283970988;0.6666667139951645
官办深放理？;[赞][赞];0.9804395868300535
-----;------;------;0.0;0.9804395868300535;;0;1.0;200;8.35208787706054e-07;0.40000016704175756;0.6666669450695958
真当资本是傻子啊？不准涨价，资本会来送人头？;回复@龙少教你买深房:那是啊。确实不如你。;-0.010539781812922921
真当资本是傻子啊？不准涨价，资本会来送人头？;要赚钱的;-0.11627906976744184
真当资本是傻子啊？不准涨价，资本会来送人头？;那肯定有利可图啊！;-0.07921957347786335
-----;------;------;0.04380654069061374;;-0.11627906976744184;0;1.0;2;8.35208787706054e-09;0.4175226179466631;0.695871029911105
官方发套[裂开];是啊;0.052465563615616606
-----;------;------;0.0;0.052465563615616606;;0;1.0;350;1.4616153784855947e-06;0.4000002923230757;0.6666671538717928
你上一条Z海龙华那个盘发了啥图？看不见了，还不让评论[允悲];回复@请给我个人空间:是;-0.5159712703122834
你上一条Z海龙华那个盘发了啥图？看不见了，还不让评论[允悲];回复@水水刘轩:有人接访了，至少还有点希望是吧[赞];0.4209910385679805
你上一条Z海龙华那个盘发了啥图？看不见了，还不让评论[允悲];被浪浪官方设置屏蔽了评论功能http://t.cn/A6C4mqmF;0.5023252436255856
-----;------;------;0.4620535576787854;0.5023252436255856;-0.5159712703122834;1.018296513937869;0.4908517430310655;5917;2.470965198428361e-05;0.3811670622143372;0.6352784370238953
昨晚私募基金政策算宝宝的终极利好吗？[允悲][允悲];回复@积跬步致千里2014:[允悲][允悲][允悲][赞][赞][赞];0.9999999685069199
昨晚私募基金政策算宝宝的终极利好吗？[允悲][允悲];[嘻嘻][嘻嘻]继续等领导出恭;0.9978797294398654
昨晚私募基金政策算宝宝的终极利好吗？[允悲][允悲];后面还有很多;0.30860675225867773
-----;------;------;0.32542729380172153;0.9999999685069199;;0;1.0;276;1.1525881270343546e-06;0.5301711480383141;0.8836185800638567
最关心剩下49%什么时间注入进来。;股民苦股民苦，涨跌赔赚都没谱。大盘股小盘股，不知该买哪只股？关注#抓龙祖师爷#，获取每日好股;-0.9341158436399983
-----;------;------;0.0;;-0.9341158436399983;0;1.0;237;9.89722413431674e-07;0.4000001979444827;0.6666669965741377
降低空置率？;去库存2.0的方法之一，最终接盘人都是_______;0.46559648464854586
-----;------;------;0.0;0.46559648464854586;;0;1.0;14;5.846461513942378e-08;0.40000001169292304;0.6666666861548717
不是批复了吗？批复以后怎么还能改[泪][泪][泪];可能分地区，这边因为涉及复耕和复耕验收，所以就可能还得调;0.9587323889501793
不是批复了吗？批复以后怎么还能改[泪][泪][泪];只有想不到，没有地方做不到的[悲伤];0.951251927130423
-----;------;------;0.003740230909878184;0.9587323889501793;;0;1.0;5;2.0880219692651352e-08;0.40149609653999524;0.669160160899992
发自内心说一句恭喜;回复@笨笨球球小狮子:无路可去只能先努力抱团取暖了[抱抱];-0.7276302446219078
发自内心说一句恭喜;感谢你的微博支撑黑暗的日子看到各地都一样我就放心了[跪了];0.9865914082320868
-----;------;------;0.8571108264269973;0.9865914082320868;-0.7276302446219078;1.7142216528539946;0.14288917357300268;411;1.716354058735941e-06;0.40000034327081174;0.6666672387846861
走自己的路[心][心][心]大宝贝;回复@笨笨球球小狮子:么么，保重身体最要紧，其他都是浮云[抱一抱];0.7525708271962057
走自己的路[心][心][心]大宝贝;[doge]好的狗子;0.21406535621404177
-----;------;------;0.269252735491082;0.7525708271962057;;0;1.0;50;2.088021969265135e-07;0.5077011359568723;0.8461685599281203
早晚国空是要结束的;回复@笨笨球球小狮子:选择信不然怎么办呢？[泪][泪][泪][泪];0.9988863821190168
早晚国空是要结束的;3月市级6月县级年底乡镇你信吗[跪了];-0.9885571780955515
-----;------;------;0.9937217801072842;0.9988863821190168;-0.9885571780955515;1.9874435602145684;0.0062782198927158195;5;2.0880219692651352e-08;0.400000004176044;0.6666666736267398
换个环境工作吧，熬夜加班可太伤身啦;裸辞;-0.702043244080425
-----;------;------;0.0;;-0.702043244080425;0;1.0;593;2.4763940555484503e-06;0.40000049527881115;0.6666674921313518
恭喜🎉干规划要命[doge];🙊只有干这行的人才会懂的痛苦;0.0020819943399175145
-----;------;------;0.0;0.0020819943399175145;;0;1.0;229;9.563140619234319e-07;0.4000001912628124;0.6666669854380205
做了两年，经常都是节假日加班熬夜赶，空规人太难了[泪][泪];[跪了]研究生期间做这个项目真的也太折腾人了;0.13523988180322233
-----;------;------;0.0;0.13523988180322233;;0;1.0;209;8.727931831528265e-07;0.4000001745586367;0.6666669575977276
寝室长可以[加油]不管在那里都发光发热[加油][加油];小嘿嘿[收到];-0.006756931021695722
-----;------;------;0.0;;-0.006756931021695722;0;1.0;91;3.800199984062546e-07;0.4000000760039997;0.6666667933399995
奥利给[打call];[收到]嗯哼;-0.25040916530278223
-----;------;------;0.0;;-0.25040916530278223;0;1.0;215;8.978494467840081e-07;0.40000017956988937;0.6666669659498156
下一站会更好;[玉兔捣药]借您吉言您也是[收到];0.9748170600752184
-----;------;------;0.0;0.9748170600752184;;0;1.0;130;5.428857120089351e-07;0.4000001085771424;0.6666668476285705
同规划人，感同身受，马上也要离职了;同是天涯规划人恭喜姐妹尽早脱离苦海[收到];0.8337302022314301
-----;------;------;0.0;0.8337302022314301;;0;1.0;183;7.642160407510394e-07;0.40000015284320817;0.6666669214053469
换吧，干国空项目都是不要命的;+1干国空项目很没有意义[报税];0.7342177197477577
-----;------;------;0.0;0.7342177197477577;;0;1.0;71;2.964991196356492e-07;0.40000005929982396;0.6666667654997065
三线还有各种规划修改真是搞死人[允悲];看来又抓住一个同行的[收到];-0.8061338163580742
-----;------;------;0.0;;-0.8061338163580742;0;1.0;186;7.767441725666303e-07;0.40000015534883454;0.6666669255813908
努努力当甲方[doge];[收到]一起加油[团圆兔];0.9973879135494013
-----;------;------;0.0;0.9973879135494013;;0;1.0;68;2.839709878200584e-07;0.4000000567941976;0.6666667613236625
太优秀了！[鼓掌][鼓掌][鼓掌];[收到]秀啥啊无业游民了;-0.4922668976443836
-----;------;------;0.0;;-0.4922668976443836;0;1.0;1247;5.207526791347247e-06;0.4000010415053583;0.6666684025089304
不是批复了吗？批复以后怎么还能改[泪][泪][泪];可能分地区，这边因为涉及复耕和复耕验收，所以就可能还得调;0.9587323889501793
不是批复了吗？批复以后怎么还能改[泪][泪][泪];只有想不到，没有地方做不到的[悲伤];0.951251927130423
-----;------;------;0.003740230909878184;0.9587323889501793;;0;1.0;5;2.0880219692651352e-08;0.40149609653999524;0.669160160899992
25不结婚直接进算犯罪不好吗[doge];25不结婚的全部拉去荒岛不怀上孕不准回来[二哈];-0.6026021968262327
-----;------;------;0.0;;-0.6026021968262327;0;1.0;362;1.5117279057479578e-06;0.40000030234558115;0.6666671705759685
30岁的人60岁的心脏，60岁的人30岁的心脏。——海王银杏叶--;[心][心];0.7911707066643898
-----;------;------;0.0;0.7911707066643898;;0;1.0;339029;0.001415800000435979;0.40028316000008723;0.6671386000001452
晚安;[心];0.5297450424929182
-----;------;------;0.0;0.5297450424929182;;0;1.0;339029;0.001415800000435979;0.40028316000008723;0.6671386000001452
这人有孩子吗？;回复@中医骨匠:[嘻嘻][赞][赞];0.9990572781652802
这人有孩子吗？;砖家先建议先执行[666][666];-0.42601586105564926
-----;------;------;0.7125365696104647;0.9990572781652802;-0.42601586105564926;1.4250731392209295;0.28746343038953526;1096;4.576944156629176e-06;0.40000091538883137;0.6666681923147189
然而就业不保障退休推迟养老金不能保障。生孩子是生出来就行了吗我靠;砖家叫兽[doge];-0.10464308298026648
-----;------;------;0.0;;-0.10464308298026648;0;1.0;15;6.264065907795405e-08;0.40000001252813183;0.6666666875468863
专家的孩子是不是都在国外？;肯定的，人家有钱;-0.46614910920263797
-----;------;------;0.0;;-0.46614910920263797;0;1.0;24;1.0022505452472649e-07;0.40000002004501095;0.6666667000750182
到现在还不明白影响大家意愿的一个最主要的原因除了钱就是户口这个破玩意;回复@江湖奸商陈长寿:说实话啊，其实大部分要求找北京男孩的北京姑娘都不是要那个户口，主要是成长环境和家庭背景，比如北京的大部分都是独生子女，基本两家父母一起能解决小两口的住房问题，未来工作还有父母养老基本都能固定在北京～毕竟一个人有户口和俩人有户口没啥区别;0.9999947266409903
到现在还不明白影响大家意愿的一个最主要的原因除了钱就是户口这个破玩意;回复@JING_要幸福哦:可能也和个人经历有关，我们家条件还行，毕业留北京家里就全款买房了，但是没拿到户口，谈的对象也只能分了，相亲的北京户口的女孩也都不会找外地的男的。大部分的事儿就都没戏了。所以光有钱一点屁用没有。家里都说8位数给我搞个北京户口都可以，可事实是可能8位数也买不了户口。;-0.8619473574844867
到现在还不明白影响大家意愿的一个最主要的原因除了钱就是户口这个破玩意;回复@JING_要幸福哦:咋说。我的意思是因为有户口差别这个东西存在，所以跟户口挂勾的东西就都在抢占资源的前提下涨价了，人们也都愿意去户口利益更明显的地方，人一多房价就高了，教学资源也更好了，房价就超级加倍儿了。大家为了留下来为了资源只能恶性竞争，内卷。如果全国户口红利都一样，那在哪个城市就都没区别;0.9851931203024411
到现在还不明白影响大家意愿的一个最主要的原因除了钱就是户口这个破玩意;回复@江湖奸商陈长寿:要这么说那北上广深这种一线城市出生率就不会这么低了;0.817132291592803
到现在还不明白影响大家意愿的一个最主要的原因除了钱就是户口这个破玩意;回复@JING_要幸福哦:户口还是重要的，户口挂了太多东西了。你说的这些东西如果和户口不关联的话，其实就都能解决了。;-0.9606470845786272
到现在还不明白影响大家意愿的一个最主要的原因除了钱就是户口这个破玩意;户口不重要，是钱房精力和教育资源;0.7712170027787115
到现在还不明白影响大家意愿的一个最主要的原因除了钱就是户口这个破玩意;户口不重要钱是主要原因;-0.7501380222199396
到现在还不明白影响大家意愿的一个最主要的原因除了钱就是户口这个破玩意;那只是极少数城市，大部分城市基本上都不用担心这个问题。;-0.22213342082124954
-----;------;------;0.8242520129254576;0.9999947266409903;-0.9606470845786272;1.9606418112196176;0.01967909439019122;1069;4.464190970288859e-06;0.3375733357644536;0.5626222262740892
去tm的吧，法定年龄没到，有的农村的都让办酒席，孩子都有了，这回18就让，那不得更离谱;[good][good][good][good];0.0
-----;------;------;0.0;0.0;0.0;0;1.0;31;1.2945736209443839e-07;0.40000002589147243;0.6666667098191206
[允悲]想多了，杀鸡取卵而已;Noway.(我靠。);-0.05246556361561838
-----;------;------;0.0;;-0.05246556361561838;0;1.0;420;1.7539384541827135e-06;0.40000035078769086;0.666667251312818
究竟是怎么回事，可以了解一下;那就去看看了吧;0.026322386563048417
究竟是怎么回事，可以了解一下;可以看一看;0.2924231173903027
究竟是怎么回事，可以了解一下;仔细看一下吧;0.29973059286723136
究竟是怎么回事，可以了解一下;看看就好了;0.3117256417880858
究竟是怎么回事，可以了解一下;看看后续吧。;0.19999999999999973
究竟是怎么回事，可以了解一下;一起了解吧;0.35937500000000044
究竟是怎么回事，可以了解一下;说的模棱两可的;-0.6775685643734193
究竟是怎么回事，可以了解一下;没什么无所谓;-0.5309559525337446
究竟是怎么回事，可以了解一下;我也想知道;0.08835798255593508
究竟是怎么回事，可以了解一下;一起来了解一下;0.052465563615616606
究竟是怎么回事，可以了解一下;可以来了解一下;0.052465563615616606
究竟是怎么回事，可以了解一下;有新政策啊;0.43769909095004245
-----;------;------;0.33153104165050845;0.43769909095004245;-0.6775685643734193;1.1152676553234617;0.44236617233826914;594;2.4805700994869805e-06;0.30955938170953096;0.5159323028492182
反正买不起。还是多关注工作[嘻嘻];对，买不起一点;-0.5857479261683698
-----;------;------;0.0;;-0.5857479261683698;0;1.0;447;1.8666916405230308e-06;0.4000003733383281;0.6666672888972134
旺总应该实在天津买的房子吧！;估计安排了;-0.2738266736022803
旺总应该实在天津买的房子吧！;在北京买的房子吧;0.3378963840363973
-----;------;------;0.3058615288193388;0.3378963840363973;-0.2738266736022803;0.6117230576386776;0.6941384711806612;106;4.4266065748420863e-07;0.40000008853213154;0.6666668142202191
现在房价都不行了;不关注这点。;0.22767220593903703
现在房价都不行了;好像是这样的;-0.1340782122905031
现在房价都不行了;估计都降价了。;-0.5487322219858148
现在房价都不行了;是呢，很多都在下行;-0.22844337851020025
-----;------;------;0.27671468866585425;0.22767220593903703;-0.5487322219858148;0.7764044279248519;0.6117977860375741;119;4.969492286851022e-07;0.3554050892712171;0.5923418154520285
这样更多的人可以在北京落户了;北京的户口太难申请了;-0.8749435341027529
-----;------;------;0.0;;-0.8749435341027529;0;1.0;26;1.0857714240178703e-07;0.4000000217154285;0.6666667028590474
取消限购好，这样需要买房的家庭就可以直接买了;解决了刚需的问题;0.1499182820464351
-----;------;------;0.0;0.1499182820464351;;0;1.0;102;4.259564817300876e-07;0.4000000851912964;0.6666668086521605
那这不是入北京户口更容易了？;这个不太清楚哎;-0.5669151700368662
那这不是入北京户口更容易了？;回复@YLXZQH:那肯定不行[笑cry];-0.8396202673895425
那这不是入北京户口更容易了？;你们指的是不是买房送京户口。不是这样哈。要是送户口疯了，外地大批人都来买;-0.9765039021358455
那这不是入北京户口更容易了？;这个就不知道了;-0.26121781773600317
那这不是入北京户口更容易了？;回复@用户7560930325:就这个意思啊[笑cry];-0.3918609782037654
那这不是入北京户口更容易了？;买房和入北京户口有什么关系最多的就是集体户口下户口小孩读书方便而已;0.7575033582237107
-----;------;------;0.5642352399544899;0.7575033582237107;-0.9765039021358455;1.7340072603595562;0.1329963698202219;277;1.1567641709728848e-06;0.2788928752627189;0.46482145877119807
我也想知道可不可行[二哈];这就不太清楚了。;-0.5669151700368662
我也想知道可不可行[二哈];确实，我也想知道[笑cry];0.5867472137926846
我也想知道可不可行[二哈];应该不至于吧[doge];0.20611474307777145
-----;------;------;0.47997606655562003;0.5867472137926846;-0.5669151700368662;1.1536623838295508;0.4231688080852246;384;1.6036008723956239e-06;0.36125827057651233;0.6020971176275205
通州跟河北差不多;利空天津;-0.4863942913126629
-----;------;------;0.0;;-0.4863942913126629;0;1.0;33;1.378094499714989e-07;0.40000002756189;0.6666667126031499
北京户口这个估计够呛;回复@爱吃木屋123:不是够呛，是绝对不可能。;-0.5987663704180197
北京户口这个估计够呛;回复@2018一切顺遂:对啊，所以这个够呛;-0.879135824067268
北京户口这个估计够呛;现在户口指标压缩很少了，体制内单位都吃紧，积分排队的一堆人，想多了;0.036479771526402915
-----;------;------;0.38304287695725314;0.036479771526402915;-0.879135824067268;0.9156155955936709;0.5421922022031646;111;4.6354087717686e-07;0.3700941243723425;0.6168235406205708
e大怎么看，利好广东地产公司吗？还是利好出尽赶紧跑路;有什么可能利好、买了就贬值谁去接盘，房多的都在抓紧卖;0.11807774623058087
-----;------;------;0.0;0.11807774623058087;;0;1.0;378;1.5785446087644422e-06;0.40000031570892175;0.6666671928482029
松啥呀，前置条件一大堆。;我这条点赞这么多？博主，求个互关吧。;0.027695891179599252
松啥呀，前置条件一大堆。;[微笑]要求比落户还多。中级职称加2倍社保;0.6855106821802031
松啥呀，前置条件一大堆。;再等等这些条件都会去掉，但还是没人买，有钱的等再降点，没钱的降多少还是买不起;-0.9789515278334393
松啥呀，前置条件一大堆。;浪费时间;-0.6510806920503036
-----;------;------;0.6408591504083633;0.6855106821802031;-0.9789515278334393;1.6644622100136424;0.16776889499317882;50680;0.0002116419068047141;0.32349354654197776;0.5391559109032962
得了吧，几年前上海买房给户口，那才是伏低做小呢？现在这算什么;回复@景岩的:或许跟各区的小政策有关吧应届生落户我倒是不太了解;0.8249956445626625
得了吧，几年前上海买房给户口，那才是伏低做小呢？现在这算什么;回复@ruin-注定孤独:我印象中2000年后最多到2001年就没有了，0405年应届生落户都要研究生了;0.9996717263120936
得了吧，几年前上海买房给户口，那才是伏低做小呢？现在这算什么;回复@景岩的:03年前后吧有个回复说的跟我记忆里差不多;0.7098235385161193
得了吧，几年前上海买房给户口，那才是伏低做小呢？现在这算什么;回复@ruin-注定孤独:十几年。。。哪怕20年前2004年，房价已经开始上涨户口早就不送了[允悲];0.9430400611213032
得了吧，几年前上海买房给户口，那才是伏低做小呢？现在这算什么;回复@pd爱困觉:下次先排除二十岁;-0.649498418124208
得了吧，几年前上海买房给户口，那才是伏低做小呢？现在这算什么;目测五十岁了;0.5995837361272665
得了吧，几年前上海买房给户口，那才是伏低做小呢？现在这算什么;回复@过往不究未来可期:20多年前;0.8054357341636051
得了吧，几年前上海买房给户口，那才是伏低做小呢？现在这算什么;回复@过往不究未来可期:我同学家里是2002年买的房子，有蓝印户口;0.9974596473508788
得了吧，几年前上海买房给户口，那才是伏低做小呢？现在这算什么;户口也马上会松的呀，这个政策主要目标不在楼市，主要目标是抢年轻人，全国的老龄化问题还像刚刚从睡梦中惊醒的时候，上海的老龄化已经是刀架在脖子上了;0.9862113379241297
得了吧，几年前上海买房给户口，那才是伏低做小呢？现在这算什么;放心，市场会回归的;0.9807512693331784
得了吧，几年前上海买房给户口，那才是伏低做小呢？现在这算什么;00年左右吧，那时候单价也才几千;-0.41369195375834655
得了吧，几年前上海买房给户口，那才是伏低做小呢？现在这算什么;记得蓝印户口[允悲];0.9925814513983084
得了吧，几年前上海买房给户口，那才是伏低做小呢？现在这算什么;2000年左右是这样;0.2844911685466238
得了吧，几年前上海买房给户口，那才是伏低做小呢？现在这算什么;回复@过往不究未来可期:也就是十几年前吧不过想想感觉时间过得真快;0.9168436299573022
得了吧，几年前上海买房给户口，那才是伏低做小呢？现在这算什么;几十年前吧[喵喵];0.04839143939696933
-----;------;------;0.5216325231125286;0.9996717263120936;-0.649498418124208;1.6491701444363016;0.1754149277818492;58;2.4221054843475567e-07;0.27881902879986087;0.4646983813331014
上海玩完！太好了，上海一完蛋，大家都好了，就都买得起房子了！;你在这看上海笑话呢。;-0.6320634570927359
上海玩完！太好了，上海一完蛋，大家都好了，就都买得起房子了！;回复@图五五:她这明显是在讽刺啊哈哈哈哈;0.8908630161700564
上海玩完！太好了，上海一完蛋，大家都好了，就都买得起房子了！;回复@蜂蜜绿茶:哦;-0.7071876351619371
上海玩完！太好了，上海一完蛋，大家都好了，就都买得起房子了！;脑残;0.24898245241599737
上海玩完！太好了，上海一完蛋，大家都好了，就都买得起房子了！;回复@王兴良肥仔13612828995:麻烦你回复的时候，先看看别人的跟论;-0.8444203582403789
上海玩完！太好了，上海一完蛋，大家都好了，就都买得起房子了！;拉倒吧，都买得起就天真了，28开，37开的道理还是要知道的;0.3311785168624317
上海玩完！太好了，上海一完蛋，大家都好了，就都买得起房子了！;上海交的社保别进全国账户看谁完;-0.6795715847374837
上海玩完！太好了，上海一完蛋，大家都好了，就都买得起房子了！;回复@糊涂僧人浪呀浪:怎么可能？经济增长数据总是遥遥领先。;0.9739230691154379
上海玩完！太好了，上海一完蛋，大家都好了，就都买得起房子了！;回复@糊涂僧人浪呀浪:大哥，你猜你说的这些我懂不懂？我只是忘了在评论里加狗头。;-0.817107917366481
上海玩完！太好了，上海一完蛋，大家都好了，就都买得起房子了！;到时候不是买房了，是祈祷社会稳定了;0.823057103807459
上海玩完！太好了，上海一完蛋，大家都好了，就都买得起房子了！;北上深一线玩完，第一个后果是房贷违约，银行爆雷，然后经济危机，全面崩盘;0.8747792039818416
上海玩完！太好了，上海一完蛋，大家都好了，就都买得起房子了！;回复@图五五:呵呵;0.17642330333215117
上海玩完！太好了，上海一完蛋，大家都好了，就都买得起房子了！;对，你在外滩能买房咯，恭喜啊;-0.25047304097954926
上海玩完！太好了，上海一完蛋，大家都好了，就都买得起房子了！;回复@lixinjie-:嘘，不要把这个秘密告诉那些人，你就跟着他们说阴阳怪气的话就好了;0.774038367617532
上海玩完！太好了，上海一完蛋，大家都好了，就都买得起房子了！;就算是完蛋了，买不起的还是买不起。[二哈]买得起的都知道等等再看看，买不起的就更别说了;-0.9199120416013618
-----;------;------;0.7133936806088915;0.9739230691154379;-0.9199120416013618;1.8938351107167997;0.05308244464160017;11;4.593648332383297e-08;0.30659045928749334;0.5109840988124889
鸟不拉屎的地方，谁买啊;青浦还可以的;0.09763601280632472
鸟不拉屎的地方，谁买啊;回复@b1ankkkkk:很贵的，这种地方降价一半，我都买不起，普通人一个;-0.11032571574823735
鸟不拉屎的地方，谁买啊;回复@落日余晖0202:青浦奉贤你买不起？[666]自我认知很足;0.9204476526727416
鸟不拉屎的地方，谁买啊;是买不起吧;-0.4999999999999998
鸟不拉屎的地方，谁买啊;回复@shawblueChelsea:😅🤏;-0.710443875536535
鸟不拉屎的地方，谁买啊;连鸟不拉屎的地方都买不嘛，你;-0.5215879509116208
-----;------;------;0.5450496953968648;0.9204476526727416;-0.710443875536535;1.6308915282092766;0.18455423589536168;235;9.813703255546135e-07;0.2918417687909557;0.48640294798492606
松啥了，我住在奉贤，社保交在奉贤，满足了三年条件，但是中介告诉我及时现在离婚也买不到，因为社保所在公司地址，限制在了新城几条路内[黑线][黑线][黑线];回复@野猪战争:不是全部，只限制企业在新城划定范围内的才可以，社保在奉贤海湾都不行;-0.25266745022020665
松啥了，我住在奉贤，社保交在奉贤，满足了三年条件，但是中介告诉我及时现在离婚也买不到，因为社保所在公司地址，限制在了新城几条路内[黑线][黑线][黑线];不是全部吗;-0.26121781773600317
-----;------;------;0.00427518375789826;;-0.26121781773600317;0;1.0;186;7.767441725666303e-07;0.40171022885199387;0.6695170480866564
全国有钱人都盯着上海，稍微松绑必然蜂拥而至;回复@新耶路撒冷LL:你是如何得出：有钱人去上海买房就是傻的结论的？;-0.6470833131163936
全国有钱人都盯着上海，稍微松绑必然蜂拥而至;有钱人，是有钱，不是傻，他们没有利益不会做;-0.5668288236176489
全国有钱人都盯着上海，稍微松绑必然蜂拥而至;有钱人不傻，[吃瓜];-0.7502492907200933
-----;------;------;0.07507556916697712;;-0.7502492907200933;0;1.0;222;9.2708175435372e-07;0.43003041308314177;0.7167173551385695
虹桥枢纽附近的已经降价了，超一线如上海也扛不住了啊;陆家嘴都降了;0.18387817513301985
虹桥枢纽附近的已经降价了，超一线如上海也扛不住了啊;问题是聪明人降价也不买啊[doge]一定要等下一轮起飞才肯出手你猜十年后价格会怎么样？;-0.6254795051912228
-----;------;------;0.4046788401621213;0.18387817513301985;-0.6254795051912228;0.8093576803242426;0.5953211598378787;17;7.09927469550146e-08;0.4000000141985494;0.6666666903309156
与房住不炒背道而驰;啥房住不炒，有些人来了上海，如果没户口，且没结婚不能买房，这个才是荒唐;-0.9761652186828562
-----;------;------;0.0;;-0.9761652186828562;0;1.0;36;1.5033758178708972e-07;0.4000000300675164;0.6666667167791939
限购本来就是不科学的，有能力购买尽管购买，买不起了自然不买，干嘛限购！;目前来看就是一层遮羞布[笑而不语];-0.6657558699519055
-----;------;------;0.0;;-0.6657558699519055;0;1.0;49;2.0462615298798324e-07;0.4000000409252306;0.6666667348753843
大城市就不适合普通人[doge];大城市住的一点都不舒服;-0.05513105956245146
-----;------;------;0.0;;-0.05513105956245146;0;1.0;150;6.264065907795405e-07;0.4000001252813182;0.6666668754688635
买房没有户口，这力度也不够啊;对头;0.0
-----;------;------;0.0;0.0;0.0;0;1.0;131;5.470617559474654e-07;0.4000001094123512;0.6666668490205853
个人预测，上海中心城区的房价最终要跌一半，郊区80%-90%[汗];回复@可能是红毛怪:还没到一半，我姐就在奉贤碧海金沙边上[笑而不语];-0.14428549554979075
个人预测，上海中心城区的房价最终要跌一半，郊区80%-90%[汗];郊区不用你说，疫情后早就腰斩了;-0.5918107676211604
个人预测，上海中心城区的房价最终要跌一半，郊区80%-90%[汗];回复@二公子9999:可是经济差是个所有人的问题啊，现在的穷人那时候也一样更穷。不会只有买了高价房子的人要跳l。大规模裁员失业一样跳，又不是拿着现在的收入买1/10房价的房子。哪来的皆大欢喜[衰];0.2886296808631792
个人预测，上海中心城区的房价最终要跌一半，郊区80%-90%[汗];回复@粉嘟嘟的大耳朵200009:皆大欢喜，高位套牢的跳l;0.6202987773030333
个人预测，上海中心城区的房价最终要跌一半，郊区80%-90%[汗];如果这样经济得差成什么样了，太可怕了;-0.919444223388497
个人预测，上海中心城区的房价最终要跌一半，郊区80%-90%[汗];回复@迟瑞斯汀:地段淮海中路;-0.11975300366195607
个人预测，上海中心城区的房价最终要跌一半，郊区80%-90%[汗];回到90年代30万可以买一套100平米;-0.06831945290822294
个人预测，上海中心城区的房价最终要跌一半，郊区80%-90%[汗];太平盛世[笑cry];0.9194775656193543
-----;------;------;0.5644612532682416;0.9194775656193543;-0.919444223388497;1.8389217890078513;0.08053910549607435;13;5.4288571200893513e-08;0.25800015436344065;0.43000025727240104
上海也想松绑，你问问周边省份愿意吗;这个和计划生育政策一样，没有松绑以前。砖家说不能松绑，松绑了大家会报复性猛生得！结果呢？松绑了现在生育率断崖式下降;-0.9823124812243651
-----;------;------;0.0;;-0.9823124812243651;0;1.0;1;4.17604393853027e-09;0.4000000008352088;0.6666666680586812
楼市还能涨？;还是那句话看地段;0.3622068849503661
-----;------;------;0.0;0.3622068849503661;;0;1.0;15;6.264065907795405e-08;0.40000001252813183;0.6666666875468863
远郊区马上要不限购了[doge];去年还说房山有放松，结果。。？。;0.4921073669481886
-----;------;------;0.0;0.4921073669481886;;0;1.0;104;4.343085696071481e-07;0.40000008686171395;0.6666668114361898
闲的蛋疼，吃饱撑的，要不然一小区一政策[doge][doge];一户一政策！[doge];0.11537277859454576
-----;------;------;0.0;0.11537277859454576;;0;1.0;444;1.85416350870744e-06;0.4000003708327018;0.6666672847211695
这种人真踏马的坏，未来几年整体经济只会更差，还一个劲儿鼓励大家买房，如果打坏人不犯法，我能打到他不能再说话;那我也加入你;0.052465563615616606
-----;------;------;0.0;0.052465563615616606;;0;1.0;148;6.1805450290248e-07;0.4000001236109006;0.6666668726848343
150元只够买两只鸡[哼];150只能买一只跑山鸡都不够，还二只[允悲][允悲][允悲];0.9994762539995308
150元只够买两只鸡[哼];小黑子[doge];-0.04740403650200853
150元只够买两只鸡[哼];正宗草鸡半只也买不到[委屈];0.7556183717560045
150元只够买两只鸡[哼];每月给你两只鸡，不错了[doge];0.663142772257659
-----;------;------;0.3894562485391588;0.9994762539995308;-0.04740403650200853;1.0468802905015393;0.47655985474923035;53;2.2133032874210431e-07;0.34640648558142145;0.5773441426357023
这种人真踏马的坏，未来几年整体经济只会更差，还一个劲儿鼓励大家买房，如果打坏人不犯法，我能打到他不能再说话;那我也加入你;0.052465563615616606
-----;------;------;0.0;0.052465563615616606;;0;1.0;148;6.1805450290248e-07;0.4000001236109006;0.6666668726848343
150元只够买两只鸡[哼];150只能买一只跑山鸡都不够，还二只[允悲][允悲][允悲];0.9994762539995308
150元只够买两只鸡[哼];小黑子[doge];-0.04740403650200853
150元只够买两只鸡[哼];正宗草鸡半只也买不到[委屈];0.7556183717560045
150元只够买两只鸡[哼];每月给你两只鸡，不错了[doge];0.663142772257659
-----;------;------;0.3894562485391588;0.9994762539995308;-0.04740403650200853;1.0468802905015393;0.47655985474923035;53;2.2133032874210431e-07;0.34640648558142145;0.5773441426357023
哪个专家说的，我找了半天没看见这个专家是谁;zf编的热搜;-0.5194036092646728
-----;------;------;0.0;;-0.5194036092646728;0;1.0;157;6.556388983492524e-07;0.4000001311277797;0.6666668852129661
可是你要每月换4745，还30年，到时候你就60了;也就转你70多万的利息，不多;0.22420309319754295
-----;------;------;0.0;0.22420309319754295;;0;1.0;3054;1.2753638188271445e-05;0.4000025507276377;0.666670917879396
北京19年10月到23年12月14日的存量首套房还是LPR+55基点，也请政府考虑下老百姓的难处，让我们拥有和其他首套购房者公平的政策一样也是lpr，让我们喘息一下。这下差距更大了，人家都3.95%了，我们还那么高。政策要体现公允性，不患寡而患不均。;降息本来就是为了忽悠还没有买的人去买的。他们已经吃到嘴里的肉怎么可能再吐出来。但凡有一点点诚意，去年12月就降了，不会等到现在。[笑cry];-0.9986639307280782
-----;------;------;0.0;;-0.9986639307280782;0;1.0;110;4.5936483323832973e-07;0.40000009187296665;0.6666668197882777
5年期贷款利率，从4.20%下降到了3.95%。周二(2月20日)，时隔8个月，5年期LPR迎来年内首次下调。5年期以上LPR大幅下降25个基点，1年期LPR则保持不变。值得注意的是，这是自LPR改革以来，5年期以上LPR首次下调25个基点。;有网友掰手指粗略算了一笔账。如以商贷额度100万元、贷款30年、等额本息还款方式计算，此次LPR下降25个基点，月供减少144.8元，累积30年月供减少5.2万元。有的网友不是金融专家,一辈子买菜10元，不知道多少斤。;-0.07953360768511963
5年期贷款利率，从4.20%下降到了3.95%。周二(2月20日)，时隔8个月，5年期LPR迎来年内首次下调。5年期以上LPR大幅下降25个基点，1年期LPR则保持不变。值得注意的是，这是自LPR改革以来，5年期以上LPR首次下调25个基点。;降息本来就是为了忽悠还没有买的人去买的。他们已经吃到嘴里的肉怎么可能再吐出来。但凡有一点点诚意，去年12月就降了，不会等到现在。[笑cry];-0.9986639307280782
-----;------;------;0.4595651615214793;;-0.9986639307280782;0;1.0;1936;8.084821064994603e-06;0.5838276815728047;0.9730461359546744
5年期贷款利率，从4.20%下降到了3.95%。周二(2月20日)，时隔8个月，5年期LPR迎来年内首次下调。5年期以上LPR大幅下降25个基点，1年期LPR则保持不变。值得注意的是，这是自LPR改革以来，5年期以上LPR首次下调25个基点。;有网友掰手指粗略算了一笔账。如以商贷额度100万元、贷款30年、等额本息还款方式计算，此次LPR下降25个基点，月供减少144.8元，累积30年月供减少5.2万元。有的网友不是金融专家,一辈子买菜10元，不知道多少斤。;-0.07953360768511963
-----;------;------;0.0;;-0.07953360768511963;0;1.0;1936;8.084821064994603e-06;0.40000161696421305;0.6666693616070216
下午好[给你小心心];都好[鲜花];0.5828604841960621
-----;------;------;0.0;0.5828604841960621;;0;1.0;1322;5.520730086737017e-06;0.40000110414601736;0.6666685069100289
午好[爱你];[鲜花];0.33333333333333415
-----;------;------;0.0;0.33333333333333415;;0;1.0;12178;5.085586308342163e-05;0.4000101711726167;0.6666836186210278
关注;[鲜花][鲜花];0.5285418673072408
-----;------;------;0.0;0.5285418673072408;;0;1.0;5643;2.3565415945126316e-05;0.400004713083189;0.666674521805315
早上好http://t.cn/A6jzhLxq;[心];0.5297450424929182
-----;------;------;0.0;0.5297450424929182;;0;1.0;4191;1.7501800146380364e-05;0.4000035003600293;0.6666725006000487
教育改革需要以人民为中心而不是以利益为中心，围绕产业化的教育改革就是注定失败的，因为它远离了民族复兴、国家强盛，人民安居乐业，而是为资本服务。;回复@秦东记:晚上好[心];0.6515980866169926
教育改革需要以人民为中心而不是以利益为中心，围绕产业化的教育改革就是注定失败的，因为它远离了民族复兴、国家强盛，人民安居乐业，而是为资本服务。;大马士革玫瑰也因她黯然失色;0.9368060476056161
-----;------;------;0.14260398049431178;0.9368060476056161;;0;1.0;85872;0.00035860524508947135;0.4571133132467426;0.7618555220779042
早安[送花花];早呀[哈哈][哈哈][哈哈];-0.059880292820381875
-----;------;------;0.0;;-0.059880292820381875;0;1.0;90309;0.00037713435204473017;0.400075426870409;0.6667923781173482
周二愉快[哈哈];蚊子怕蒜味;-0.901786078035516
-----;------;------;0.0;;-0.901786078035516;0;1.0;54464;0.00022744405706811265;0.40004548881141366;0.666742481352356
下午好秦东[可爱];那些异样的眼光，或许只是羡慕罢了;0.9985329971501735
-----;------;------;0.0;0.9985329971501735;;0;1.0;54464;0.00022744405706811265;0.40004548881141366;0.666742481352356
中午好，午餐愉快[咖啡][心][鲜花][音乐];庙小妖风大，池浅王八多;0.9405547479467979
-----;------;------;0.0;0.9405547479467979;;0;1.0;366;1.5284320815020788e-06;0.4000003056864163;0.666667176144027
积极向上对待生活，保持阳光般的微笑，相信好运会自动开启。;Fearcutsdeeperthanswords;0.0
-----;------;------;0.0;0.0;0.0;0;1.0;366;1.5284320815020788e-06;0.4000003056864163;0.666667176144027
今天有着迟暮的霞光，正如晚来的你皆是笑意[打call][打call][打call];良心是人生的根本;0.5547711199313534
-----;------;------;0.0;0.5547711199313534;;0;1.0;2318;9.680069849513166e-06;0.40000193601396994;0.6666698933566164
周二快乐[打call][打call][打call]~;为什么暑假比寒假长?因为热胀冷缩;0.6596151176288276
-----;------;------;0.0;0.6596151176288276;;0;1.0;2318;9.680069849513166e-06;0.40000193601396994;0.6666698933566164
人生是一场烟火的旅行，顺逆皆是馈赠。;公子仿佛是画中人;0.9500664985003615
-----;------;------;0.0;0.9500664985003615;;0;1.0;1263166;0.0052750367176575275;0.4010550073435315;0.668425012239219
“风永不止息的告白，就像我对你的爱意一般，永远汹涌澎湃”;八十岁都要一起在轮椅上看帅哥的关系;0.24810668241936606
-----;------;------;0.0;0.24810668241936606;;0;1.0;75807;0.0003165733628481642;0.40006331467256967;0.6667721911209493
感谢分享[心][心][心]不同的年龄，不同的取舍，不同的岁月，不同的生活，过好每个年龄段的自己。​​​;大自然是善良的母亲，也是冷酷的屠夫;0.9897765490465427
-----;------;------;0.0;0.9897765490465427;;0;1.0;15820;6.606501510754888e-05;0.4000132130030215;0.666688688338369
早安东东，愿你所有的幸运，都不期而遇;为什么暗恋好，因为暗恋从来不会失恋;0.9767520884579319
-----;------;------;0.0;0.9767520884579319;;0;1.0;118935;0.0004966777858290977;0.40009933555716587;0.6668322259286097
早安，愿阳光温暖这个寒冷的冬季！;我好像在一边等你一边放弃你;0.12151198754212422
-----;------;------;0.0;0.12151198754212422;;0;1.0;107735;0.00044990609371755864;0.4000899812187435;0.6668166353645724
你若想得到这世界最好的东西，得先让世界看到最好的你。;没什么过不去的坎，何况你腿还那么长;0.7227670313732635
-----;------;------;0.0;0.7227670313732635;;0;1.0;24707;0.00010317751758926739;0.40002063550351785;0.6667010591725296
早安[心]东东;早[打call];-0.007438097127240306
-----;------;------;0.0;;-0.007438097127240306;0;1.0;24707;0.00010317751758926739;0.40002063550351785;0.6667010591725296
“我用笔描绘你的美好携带着落日的温柔把热爱赠予最值得的你”​;只有对自己越狠，世界才会对你越温柔;0.920812202539012
-----;------;------;0.0;0.920812202539012;;0;1.0;29650;0.00012381970277742252;0.40002476394055553;0.6667079399009258
梦想是一个幸福的念想，想着想着就快乐了，它执着地立在那里，是生活的一个界标，代表着活力与向上。;人的哀愁莫过于躺下去胸平了肚子还在;0.6790768902633628
-----;------;------;0.0;0.6790768902633628;;0;1.0;11910;4.9736683307895515e-05;0.4000099473366616;0.6666832455611026
支持博主呀~;我不爱你啦，我放过自己了;-0.03036920932642606
-----;------;------;0.0;;-0.03036920932642606;0;1.0;11745;4.9047636058038026e-05;0.40000980952721166;0.666683015878686
大马士革玫瑰也因她黯然失色;什么东西能逛遍全世界？风;-0.1696003866351259
-----;------;------;0.0;;-0.1696003866351259;0;1.0;15345;6.408139423674699e-05;0.4000128162788474;0.6666880271314122
愿每一个醒来的日子，都有阳光相伴，或许在晴空，或许在心里;总有些惊奇的机遇，比方说当我遇见你;0.7602997104599698
-----;------;------;0.0;0.7602997104599698;;0;1.0;37392;0.00015615063494952387;0.40003123012698993;0.6667187168783164
今天从侧面了解了一下你的情况，发现你侧面也很美。[心];🎶我能抗风抗雨，就是扛不住想你;-0.9902047028941947
-----;------;------;0.0;;-0.9902047028941947;0;1.0;11799;4.927314243071866e-05;0.40000985462848615;0.6666830910474768
𝐺𝑜𝑜𝑑𝑡𝑖𝑚𝑒𝑠𝑠ℎ𝑜𝑢𝑙𝑑𝑏𝑒𝑡𝑎𝑘𝑒𝑛𝑠𝑒𝑟𝑖𝑜𝑢𝑠𝑙𝑦再见和日落的寓意都是未完待续;书籍是培植智慧的工具;0.968072620088674
-----;------;------;0.0;0.968072620088674;;0;1.0;28644;0.00011961860257526106;0.4000239237205151;0.6667065395341917
今天从侧面了解了一下你的情况，发现你侧面也很美。;太阳尚远，但必有太阳;0.6093836455341979
-----;------;------;0.0;0.6093836455341979;;0;1.0;13937;5.820152437129638e-05;0.4000116403048743;0.6666860671747904
成功者与失败者之间的区别，常在于成功者能由错误中获益，并以不同的方式再尝试。;时间是日久见人心的唯一见证者;0.8553808504284646
-----;------;------;0.0;0.8553808504284646;;0;1.0;12334;5.1507325937832354e-05;0.40001030146518757;0.6666838357753125
不同的年龄，不同的取舍，不同的岁月，不同的生活，过好每个年龄段的自己。​​​;有人说我不要脸，这么帅我哪舍得不要;0.6610462440181637
-----;------;------;0.0;0.6610462440181637;;0;1.0;13549;5.658121932314663e-05;0.40001131624386466;0.6666855270731077
我的愿望，就是希望你的愿望里，也有我;起跑领先一小步，人生领先一大步;0.9940306778336898
-----;------;------;0.0;0.9940306778336898;;0;1.0;23329;9.742292904197267e-05;0.40001948458580844;0.6666991409763473
🌻下午好，愿你一天愉悦美妙！;时光会走远🕐，影像会长存💿;0.9469983493524718
-----;------;------;0.0;0.9469983493524718;;0;1.0;10241;4.27668659744885e-05;0.4000085533731949;0.666680922288658
"""一帆风顺不算成长我要你逆流而上""";即使一路逆风，也要顽强飞翔;0.9640797022478145
-----;------;------;0.0;0.9640797022478145;;0;1.0;519024;0.002167467029151735;0.40043349340583034;0.6673891556763838
变柔软，让羁绊加深。总有一天，时间会治愈人心，治愈一切。时间也许就是生命的药。——比留间荣子;大家最不想得到的是什么？得病;-0.3035047979872805
-----;------;------;0.0;;-0.3035047979872805;0;1.0;14304;5.9734132496736985e-05;0.4000119468264994;0.6666865780441655
支持好友;人生没有白走的路，每走一步都算数;0.9720689685235548
-----;------;------;0.0;0.9720689685235548;;0;1.0;77631;0.0003241904669920434;0.40006483809339843;0.6667747301556639
熬过万丈孤独，藏下星辰大海✨;不曾与你恋爱，却感觉失恋了千万遍;0.9905055660990834
-----;------;------;0.0;0.9905055660990834;;0;1.0;14579;6.088254457983281e-05;0.40001217650891596;0.6666869608481931
我的猫很皮，可不可以帮我管它……;多一份宽容，少一份狭隘;0.9514563525539899
-----;------;------;0.0;0.9514563525539899;;0;1.0;13530;5.650187448831456e-05;0.4000113003748977;0.6666855006248293
时间是送给我们的宝贵礼物，它使我们变得更聪明，更美好，更成熟，更完善;多少人以友情的名义爱着一个人;0.958624166273401
-----;------;------;0.0;0.958624166273401;;0;1.0;87596;0.00036580474483949754;0.40007316094896794;0.6667886015816131
“你眼中的点点星光，是我将一生奔赴的星辰.”;光落在你脸上，可爱一如往常😘;-0.07011202723502286
-----;------;------;0.0;;-0.07011202723502286;0;1.0;13075;5.4601774496283284e-05;0.40001092035489927;0.6666848672581653
岁月的的味道，总是浓淡相宜，不多一分，亦不少一分。;仁者无敌;0.5123179128096476
-----;------;------;0.0;0.5123179128096476;;0;1.0;13063;5.455166196902092e-05;0.40001091033239383;0.6666848505539896
温柔的晚风，傍晚的晚霞，解暑的西瓜，冒泡的可乐，人间美好的你。;瘦是饿出来的，懂事是没人疼出来的;0.6923490889043344
-----;------;------;0.0;0.6923490889043344;;0;1.0;12162;5.078904638040515e-05;0.4000101578092761;0.6666835963487935
必须要做的事，一周三次，持续三天的与你有关[开学季];上帝为你关上了门，然后就去洗洗睡了;-0.9906395085689661
-----;------;------;0.0;;-0.9906395085689661;0;1.0;248420;0.0010374128352096897;0.40020748256704197;0.6670124709450699
“𝓜𝓪𝔂𝔂𝓸𝓾𝓰𝓻𝓸𝔀𝓼𝓪𝓿𝓮𝓵𝔂𝓪𝓷𝓭𝓼𝓱𝓲𝓷𝓮𝓪𝓽𝓵𝓪𝓼𝓽.愿你野蛮生长，最终璀璨生光.🦋;做人只说三分话，留着七分打天下;0.012904594469595798
-----;------;------;0.0;0.012904594469595798;;0;1.0;4365;1.822843179168463e-05;0.4000036456863584;0.6666727428105972
如果你瞄准月亮即使迷失也是在星辰之间.;这不是肉，是爸妈的钱💰和爱❤️;-0.47458211512638426
-----;------;------;0.0;;-0.47458211512638426;0;1.0;311646;0.0013014473892672047;0.40026028947785347;0.6671004824630891
善良是一种修养，善待他人就是善待自己，要想得到别人的爱，首先要学会爱别人，一个善良的人一定是温暖的人，乐于助人的人，懂得珍惜和感恩的人。;汝乃天骄，何不上九霄;0.39558979512719517
-----;------;------;0.0;0.39558979512719517;;0;1.0;20553;8.583023106861265e-05;0.40001716604621373;0.6666952767436894
人生的任何目标，都离不开一步一个脚印地前行，你有多努力，就有多辉煌，既然已经启程，那么请相信，你所迈出的每一步，都在为自己积蓄力量。--《人生之路》;乌云的背后是阳光，阳光的背后是彩虹;0.9945481876457711
-----;------;------;0.0;0.9945481876457711;;0;1.0;14029;5.858572041364116e-05;0.40001171714408273;0.6666861952401378
你摸摸我的衣服，看看是不是做你女朋友的料子;写༣尽༣千༣山༣，落༣笔༣是༣你༣;0.8921784023224353
-----;------;------;0.0;0.8921784023224353;;0;1.0;33346;0.0001392543611742304;0.40002785087223486;0.666713084787058
以爱心和宽容的态度，去面对每一个人和事，让我们的生活更加美好。;你在岸上，岸是一个虚幻的存在;-0.36532989509297886
-----;------;------;0.0;;-0.36532989509297886;0;1.0;14814;6.186391490538743e-05;0.4000123727829811;0.666687287971635
积小善为大善、积小功为大功、积小成为大成，把思想道德建设不断推向前进，把我们的社会建设得更加和谐、富裕、美好！​​​;要相信自己，总会遇到惊喜;0.8662116125433412
-----;------;------;0.0;0.8662116125433412;;0;1.0;15176;6.337564281113538e-05;0.40001267512856226;0.666687791880937
＂浪漫的不是星座，而是独一无二的你.＂𝑰𝒕'𝒔𝒏𝒐𝒕𝒕𝒉𝒆𝒔𝒕𝒂𝒓𝒔𝒊𝒈𝒏𝒕𝒉𝒂𝒕'𝒔𝒓𝒐𝒎𝒂𝒏𝒕𝒊𝒄,𝒊𝒕'𝒔𝒕𝒉𝒆𝒖𝒏𝒊𝒒𝒖𝒆𝒚𝒐𝒖.;相ཀ逢ཀ的ཀ人ཀ会ཀ再ཀ相ཀ逢ཀ;0.9891527002200302
-----;------;------;0.0;0.9891527002200302;;0;1.0;65582;0.00027387331357669217;0.4000547746627154;0.6667579577711922
每一处风景都是生命的驿站，用乐观的心看待万物，心则如山花般烂漫。知足且坚定，温柔且上进。站在自己热爱的世界里，闪闪发亮。要善良，要勇敢，要像星星一样努力发光！;我的夜晚，盛产溏心月亮蛋;0.4453555584111655
-----;------;------;0.0;0.4453555584111655;;0;1.0;15265;6.374731072166457e-05;0.4000127494621444;0.6666879157702406
你眼中有星海浩渺，山河千里，而我眼中有你;桃李春风一杯酒，江湖夜雨十年灯;0.9104670696373336
-----;------;------;0.0;0.9104670696373336;;0;1.0;34013;0.0001420397824812301;0.40002840795649625;0.666714013260827
宇宙若是一场幻觉，你我皆名为灿烂——张皓宸;🍃青春光芒万丈，与你来日方长;0.9985811689114956
-----;------;------;0.0;0.9985811689114956;;0;1.0;536266;0.002239470378739874;0.400447894075748;0.6674131567929132
生命的美，不在它的绚烂，而在它的平和;当努力成了人生常态，生活就充满希望;0.992031447384504
-----;------;------;0.0;0.992031447384504;;0;1.0;16362;6.832843092223228e-05;0.40001366568618446;0.6666894428103073
风月都好看，人间也浪漫;看到她的时候，我想到了岁月静美;0.979084278420451
-----;------;------;0.0;0.979084278420451;;0;1.0;35085;0.00014651650158333454;0.40002930330031666;0.6667155055005277
善良是一种修养，善待他人就是善待自己，要想得到别人的爱，首先要学会爱别人，一个善良的人一定是温暖的人，乐于助人的人，懂得珍惜和感恩的人。;删了我第一次，你就别想认识我第二次;-0.8998430362308178
-----;------;------;0.0;;-0.8998430362308178;0;1.0;18361;7.667634275535429e-05;0.4000153352685511;0.6666922254475851
Thethingsyouown,endupowingyou.你所拥有的东西最终拥有了你。;你这其中一定有诈，可能还是王炸;0.7072228924477337
-----;------;------;0.0;0.7072228924477337;;0;1.0;13004;5.4305275376647635e-05;0.40001086105507533;0.6666847684251255
"言近而指远者，善言也;守约而施博者，善道也。――《孟子》";不知所措的年纪我还能坚持多久;0.18270825025449744
-----;------;------;0.0;0.18270825025449744;;0;1.0;16158;6.747651795877211e-05;0.40001349530359176;0.6666891588393195
中午好;生活不是为了赶路，而是为了感受路;0.6892216842466357
-----;------;------;0.0;0.6892216842466357;;0;1.0;428770;0.0017905623595236239;0.4003581124719047;0.6672635207865077
快乐要懂得分享才能加倍快乐，美好的生命应该充满期待惊喜和感激。;💌看美女的生活碎片也太幸福了;0.9378238396475356
-----;------;------;0.0;0.9378238396475356;;0;1.0;15042;6.281605292337233e-05;0.4000125632105847;0.6666876053509744
有目标的人在奔跑，没目标的人在流浪，因为不知道要去哪里。;本一心走江湖，却为你停下了脚步;0.9976841785590904
-----;------;------;0.0;0.9976841785590904;;0;1.0;561622;0.0023453581488452474;0.4004690716297691;0.6674484527162817
唯有梦想才配让你不安，唯有行动才能解除你的不安。;Lifekicksinrightnow;0.0
-----;------;------;0.0;0.0;0.0;0;1.0;13568;5.6660564157978705e-05;0.40001133211283163;0.6666855535213859
一个人要战胜别人并不难，往往只需要付出比对方更多的努力即可。然而，勇于挑战自己的弱点并战而胜之，不断地超越自己，才真正是人生最大的挑战和最为痛苦的过程。提醒自己：不必总与他人较短论长，今天比昨天好，明天比今天强，这就是胜利。早安;🍧我总徘徊在吃饱和吃撑之间🍰;0.7629941977287735
-----;------;------;0.0;0.7629941977287735;;0;1.0;31098;0.00012986661440041435;0.4000259733228801;0.6667099555381334
我希望你一直发光，而我永远为你热泪盈眶;星星揉碎在你眼眸里，成了一条银河;0.19960293634787196
-----;------;------;0.0;0.19960293634787196;;0;1.0;30989;0.00012941142561111453;0.40002588228512226;0.666709803808537
你犹如一道温暖的光值得上这世间所有的美好;学而知不足，思而得远虑;0.5776204257788469
-----;------;------;0.0;0.5776204257788469;;0;1.0;26505;0.00011068604459074481;0.40002213720891816;0.6667035620148635
“宇宙山河浪漫银河星空璀璨月光是大海的梦境而你是我的宝藏.”;爱自己是终生浪漫的开始;0.9841657992773221
-----;------;------;0.0;0.9841657992773221;;0;1.0;188781;0.000788357750759683;0.40015767155015197;0.6669294525835865
爱一朵花，最好的方式是陪它盛开。;两情若是久长时，还不结婚待何时;0.01925445313617291
-----;------;------;0.0;0.01925445313617291;;0;1.0;509154;0.002126249475478441;0.4004252498950957;0.6673754164918261
思念如潮水漫涌，你的影像如诗词般美，心中永远有你的存在。;我们如蚂蚁般渺小，但要如蚂蚁般坚强;0.9900767364919214
-----;------;------;0.0;0.9900767364919214;;0;1.0;17051;7.120572519587963e-05;0.4000142411450392;0.6666904019083986
愿我们都能在鸡零狗碎的日子里拥有自己的人间烟火;我炒了个员工，味道还行，就是有点咸;-0.631904312943038
-----;------;------;0.0;;-0.631904312943038;0;1.0;13485;5.631395251108069e-05;0.40001126279050225;0.6666854379841703
🌈你送出去的每一颗糖都去了她该去的地方，其实地球是圆的，你做的好事最终会回到你身上。;希望你任何时候都不缺再来一次的勇气;-0.28078306463366554
-----;------;------;0.0;;-0.28078306463366554;0;1.0;11652;4.865926397175471e-05;0.40000973185279437;0.6666828864213239
“风中藏匿的思念，是永恒不变的爱意”;想和你见面的人，春夏秋冬都有空;0.644672384561507
-----;------;------;0.0;0.644672384561507;;0;1.0;30470;0.00012724405880701732;0.40002544881176144;0.6667090813529356
人生不必计较太多，不必在意成功与失败，它会被岁月渐渐淡化掩盖。人生最重要的不是得与失，而是能把握现在所拥有的，平淡是福。;一朝知己，终身知己;0.9408944740387808
-----;------;------;0.0;0.9408944740387808;;0;1.0;40765;0.00017023643115418648;0.4000340472862309;0.666723412143718
“倾听落雪沉入梦中，你的身影是我笔下绘不出的纯白”;ฅʕ•̫͡•ʔฅ你是银河馈赠给我的一颗糖;0.39036278548742254
-----;------;------;0.0;0.39036278548742254;;0;1.0;128845;0.0005380623812599327;0.400107612476252;0.6668460207937532
＂海的故事有海鸥聆听海的深处藏着我对你汹涌澎湃的爱意.＂;有多大的思想，就有多大的能量;0.8465901029265621
-----;------;------;0.0;0.8465901029265621;;0;1.0;12571;5.249704835126403e-05;0.40001049940967026;0.6666841656827837
早安呐[爱你];当你停止尝试时，就是失败的时候;0.3325251625645469
-----;------;------;0.0;0.3325251625645469;;0;1.0;161977;0.0006764230690313176;0.40013528461380626;0.6668921410230103
🌈你送出去的每一颗糖都去了她该去的地方，其实地球是圆的，你做的好事最终会回到你身上。;醉眼看人间，个个都温柔;0.9552401739788414
-----;------;------;0.0;0.9552401739788414;;0;1.0;15063;6.290374984608146e-05;0.40001258074996926;0.666687634583282
早安，晨起要多微笑哦，好的运气从每个清晨开始;容我爱你，深不见底;0.7573226069428507
-----;------;------;0.0;0.7573226069428507;;0;1.0;12964;5.413823361910642e-05;0.40001082764672385;0.6666847127445397
努力做一个善良的人，做一个心态阳光的人，做一个积级向上的人，满满元气才能被激发，也能敢染身边的人。心中有暖阳，世界也会因你而温暖。;[打call][打call][打call];-0.10464308298026648
-----;------;------;0.0;;-0.10464308298026648;0;1.0;11111;4.640002420100983e-05;0.4000092800048402;0.6666821333414003
早上好;早[抱一抱];0.7286410898908027
-----;------;------;0.0;0.7286410898908027;;0;1.0;908;3.7918478961854853e-06;0.40000075836957927;0.6666679306159653
支持优秀博主;早呀[抱一抱][抱一抱];0.9418357650013973
-----;------;------;0.0;0.9418357650013973;;0;1.0;67144;0.00028039629420867644;0.40005607925884173;0.6667601320980695
谢谢分享;[噬元兽][噬元兽][噬元兽];-0.3518875913504895
-----;------;------;0.0;;-0.3518875913504895;0;1.0;1636;6.832007883435522e-06;0.4000013664015767;0.6666689440026277
你现在的付出，都会是一种沉淀，它们会默默铺路，只为让你成为更好的人。;来不及认真地年轻，那就认真地老去;0.6872389720171577
-----;------;------;0.0;0.6872389720171577;;0;1.0;22850;9.542260399541668e-05;0.4000190845207991;0.6666984742013318
人生一梦，白云苍狗，错错对对，恩恩怨怨，终不过日月无声，水过无痕;什么门永远关不上？球门;-0.6081592001343681
-----;------;------;0.0;;-0.6081592001343681;0;1.0;45436;0.00018974273239106136;0.40003794854647823;0.6667299142441303
保持对生活的爱和热忱，把每天都活得热气腾腾;愿你一路上，有良人相伴;0.9099081929514856
-----;------;------;0.0;0.9099081929514856;;0;1.0;14657;6.120827600703818e-05;0.40001224165520144;0.6666870694253356
早安;[鼓掌][鼓掌][鼓掌];0.9150840401924618
-----;------;------;0.0;0.9150840401924618;;0;1.0;10972;4.581955409355412e-05;0.40000916391081875;0.6666819398513645
若想往前，只有拼命的奔跑，有时候正确的方向比努力更重要。早安！🌼🌼🌼;日光狂热，故事未了;0.9038912550690947
-----;------;------;0.0;0.9038912550690947;;0;1.0;24285;0.00010141522704720762;0.4000202830454095;0.666700471742349
实验区多确实好，行为可以收集更多情况，综合后的措施也一定不会差;你来了，我就安安稳稳本本分分;0.9647052152207691
-----;------;------;0.0;0.9647052152207691;;0;1.0;261243;0.0010909622466334634;0.4002181924493267;0.6670303207488778
“星星坠落，带走我的思念流浪成河，烟火泡沫，对你的爱永不湮灭”;拜过把子发过誓，这顿咱先AA制;0.1334072251524987
-----;------;------;0.0;0.1334072251524987;;0;1.0;12641;5.278937142696115e-05;0.4000105578742854;0.6666842631238089
上午好[鲜花]善良与品德兼备，有如宝石之于金属，两者互为衬托，益增光彩。;生活就是最牛逼的编剧;0.6844677445859404
-----;------;------;0.0;0.6844677445859404;;0;1.0;196;8.18504611951933e-07;0.4000001637009224;0.6666669395015372
心在跳动，依然在看着你，总是屏住呼吸，至今仍想在远处守护你。在远远望你的日子里，云是信使，月做纸笔，每阵风都替我遥祝你，时时快乐，不止今日。;众人负我，神不渡我;-0.5880865678912437
-----;------;------;0.0;;-0.5880865678912437;0;1.0;6500;2.7144285600446758e-05;0.4000054288571201;0.6666757147618667
只要面对着阳光努力向上，日子就会变得单纯而美好。早安;月亮和星星不会奔你而来，但我会💖;0.8586830933777887
-----;------;------;0.0;0.8586830933777887;;0;1.0;139688;0.0005833432256854164;0.4001166686451371;0.6668611144085618
你是春天的涓涓溪水，缓缓而温柔，是纷乱世界里唯一的安慰，是众生皆苦里的蜜糖;做一个小熊软糖，融化了就黏你身上;-0.5476065392578937
-----;------;------;0.0;;-0.5476065392578937;0;1.0;30181;0.0001260371821087821;0.4000252074364218;0.6667086790607029
早上好，周二愉快;愉快[哈哈];0.06666666666666665
-----;------;------;0.0;0.06666666666666665;;0;1.0;16485;6.88420843266715e-05;0.40001376841686537;0.6666896140281089
周二愉快;愉快[打call][打call];-0.03824320879838283
-----;------;------;0.0;;-0.03824320879838283;0;1.0;63822;0.0002665234762448789;0.400053304695249;0.6667555078254149
早上好[心];早;0.04504504504504503
-----;------;------;0.0;0.04504504504504503;;0;1.0;65055;0.0002716725384210867;0.40005433450768424;0.6667572241794736
吃饱饱，想的少，天天开心没烦恼~;能梦见你，是我的过人之处;0.14314525679061663
-----;------;------;0.0;0.14314525679061663;;0;1.0;700066;0.002923506375871132;0.40058470127517426;0.667641168791957
早上好！愿你今天有个好心情！睁开眼睛，给你一个轻轻的祝福，愿它每分每秒都带给你健康、好运和幸福。希望你度过美好的一天！;闭着眼睛也能看见的东西是什么？梦;0.25015980209198574
-----;------;------;0.0;0.25015980209198574;;0;1.0;35030;0.00014628681916671536;0.4000292573638334;0.6667154289397222
生活就是既能朝九晚五，又能浪迹天涯生活就是既能朝九晚五，又能浪迹天涯;鱼的年纪可通过最大的鳞片来判断;-0.11138632728561348
-----;------;------;0.0;;-0.11138632728561348;0;1.0;214065;0.0008939448457014823;0.40017878896914033;0.6669646482819005
心之所愿，无所不成。坚持一个简单的信念就一定会成功。上午好！感谢分享[哇];别在该吃苦的年纪选择轻松;0.7601212675193887
-----;------;------;0.0;0.7601212675193887;;0;1.0;164329;0.0006862451243747408;0.40013724902487496;0.6668954150414582
早上好，每天揣着满满的期待和信心，一定会有意想不到的收获。;爱情的萌芽是智慧的结束;0.9176659680438004
-----;------;------;0.0;0.9176659680438004;;0;1.0;29342;0.00012253348124435518;0.4000245066962489;0.6667075111604147
早安[心];早[鼓掌];0.5240372298330014
-----;------;------;0.0;0.5240372298330014;;0;1.0;23103;9.647914311186483e-05;0.4000192958286224;0.6666988263810372
关于沉溺与坠落的时刻，要记住，更要去相信，相信纯粹与正义，风的低语，相信所有行动皆有意义，铁会融化在雪里，而我们终会在岸边相遇。;戴口罩自拍的人，其实戴上墨镜会更美;0.9956542561380597
-----;------;------;0.0;0.9956542561380597;;0;1.0;15953;6.66204289513734e-05;0.4000133240857903;0.6666888734763171
一个人的宽容，来自一颗善待他人的心。一个人的涵养，来自一颗包容的心。一个人的高度，来自一颗豁达的心。;低质量的爱情不如高质量的单身;0.2923608770377526
-----;------;------;0.0;0.2923608770377526;;0;1.0;25582;0.00010683155603548138;0.4000213663112071;0.666702277185345
光是遇见，就已经很美好了🌻;大冷天，单身狗可能会变成汪汪碎冰冰;-0.12043573907923455
-----;------;------;0.0;;-0.12043573907923455;0;1.0;27778;0.00011600214852449384;0.4000232004297049;0.666705334049508
今晚月色真美，眸中所及很明朗，而你朝我走来的路途温柔了万般光景;谩道愁须殢酒，酒未醒、愁已先回;0.24874909765680697
-----;------;------;0.0;0.24874909765680697;;0;1.0;16477;6.880867597516326e-05;0.40001376173519504;0.6666896028919916
好友早安[咖啡];早[哈哈];0.04504504504504503
-----;------;------;0.0;0.04504504504504503;;0;1.0;28117;0.00011741782741965561;0.40002348356548395;0.6667058059424732
谢谢分享;[噬元兽][噬元兽][噬元兽];-0.3518875913504895
-----;------;------;0.0;;-0.3518875913504895;0;1.0;63822;0.0002665234762448789;0.400053304695249;0.6667555078254149
早上好，阅读来了;[抱一抱][抱一抱][抱一抱];0.9888010227717605
-----;------;------;0.0;0.9888010227717605;;0;1.0;52738;0.00022023620523020938;0.4000440472410461;0.6667400787350767
@西晚晚：如今蹄尽苍苔绿，漫漫闲云落岭岗。[微风];Lifeiscomparedtoavoyage;0.0
-----;------;------;0.0;0.0;0.0;0;1.0;1951;8.147461724072557e-06;0.40000162949234486;0.6666693824872413
早上好[送花花]大路走尽还有数不尽的小路，只要不停地走就有数不尽的风光。;喜欢是世界上最藏不住的秘密;0.9884483521618697
-----;------;------;0.0;0.9884483521618697;;0;1.0;6413;2.6780969777794623e-05;0.4000053561939556;0.6666755936565926
早(๑•̀ㅁ•́ฅ✧;早[哈哈];0.04504504504504503
-----;------;------;0.0;0.04504504504504503;;0;1.0;167793;0.0007007109405778097;0.4001401421881156;0.6669002369801926
早上好，周二愉快呀[送花花];万物皆缘，只有惜缘才能续缘;0.7843884324490054
-----;------;------;0.0;0.7843884324490054;;0;1.0;14027;5.85773683257641e-05;0.40001171547366515;0.6666861924561085
早上好呀[心][心];生如夏花之绚烂，死如秋叶之静美;0.9981790168032096
-----;------;------;0.0;0.9981790168032096;;0;1.0;784156;0.0032746699106621425;0.4006549339821325;0.667758223303554
古娜拉黑暗之神，巴拉拉能量，一起发力快起床;凡办大事，以识为主，以才为辅;-0.006087011315809354
-----;------;------;0.0;;-0.006087011315809354;0;1.0;36460;0.00015225856199881365;0.40003045171239976;0.6667174195206662
早上好呀;早[噬元兽];-0.059880292820381875
-----;------;------;0.0;;-0.059880292820381875;0;1.0;93024;0.00038847231133783984;0.4000776944622676;0.6667961574371125
周二愉快[耶];[鼓掌][鼓掌][鼓掌];0.9150840401924618
-----;------;------;0.0;0.9150840401924618;;0;1.0;13013;5.434285977209441e-05;0.40001086857195445;0.6666847809532573
能说到做到的人，会让人觉得踏实又浪漫;唯一有效的安慰方式，就是你在我身边;0.8484756225414194
-----;------;------;0.0;0.8484756225414194;;0;1.0;15454;6.45365830260468e-05;0.4000129073166052;0.6666881788610086
灵感触发梦想，创新改变世界，我们在一起，只为更美好。;对先生的喜欢总是止不住地悸动;0.37146300494441054
-----;------;------;0.0;0.37146300494441054;;0;1.0;115376;0.00048181524545186843;0.4000963630490904;0.6668272717484839
早安，愿你所有幸运，都不期而遇。;喜欢自己比喜欢世界更重要;0.9706254651658557
-----;------;------;0.0;0.9706254651658557;;0;1.0;15452;6.452823093816974e-05;0.40001290564618763;0.6666881760769793
早安呀;早[哈哈];0.04504504504504503
-----;------;------;0.0;0.04504504504504503;;0;1.0;51832;0.00021645270942190098;0.4000432905418844;0.6667388175698072
上午好，周二愉快[鼓掌];愉快[噬元兽];-0.03824320879838283
-----;------;------;0.0;;-0.03824320879838283;0;1.0;11446;4.779899892041747e-05;0.4000095597997841;0.6666825996663067
早安;早[鼓掌];0.5240372298330014
-----;------;------;0.0;0.5240372298330014;;0;1.0;3603;1.5046286310524564e-05;0.4000030092572621;0.6666716820954368
早安☀️为了梦想，在努力向上攀爬。或许会遇到困难，但绝不放弃;夜是灯火不休，你是爱至江愁;-0.7507128116860431
-----;------;------;0.0;;-0.7507128116860431;0;1.0;700;2.9232307569711893e-06;0.4000005846461514;0.6666676410769189
早安🌹;早晨醒来做的第一件事是什么？睁眼;0.2497766162000512
-----;------;------;0.0;0.2497766162000512;;0;1.0;6184;2.582465571587119e-05;0.4000051649311432;0.6666752748852386
早上好[心][心];你就像夏天西瓜最中间的那一口;-0.8306908990722406
-----;------;------;0.0;;-0.8306908990722406;0;1.0;212030;0.0008854465962865732;0.40017708931925733;0.6669618155320954
你要是说处对象，不好意思没空，但你要是说干饭我一定马上到;谁给我一滴水，我便回报他整个大海;0.309177354740678
-----;------;------;0.0;0.309177354740678;;0;1.0;59089;0.00024675826028381514;0.4000493516520568;0.6667489194200945
周二愉快[送花花];要想了解自己，最好问问别人;0.2450497119685393
-----;------;------;0.0;0.2450497119685393;;0;1.0;303014;0.0012653997779898112;0.400253079955598;0.6670884665926632
早安[送花花];早[哈哈];0.04504504504504503
-----;------;------;0.0;0.04504504504504503;;0;1.0;303014;0.0012653997779898112;0.400253079955598;0.6670884665926632
吉祥的早晨，真诚的祝福，让美好的一天，充满幸福和快乐，早上好！😋;未来不用你猜，我会很乖.^◡^.;0.9899685470421329
-----;------;------;0.0;0.9899685470421329;;0;1.0;11464;4.787416771131102e-05;0.40000957483354227;0.6666826247225703
总会有人一直爱你，爱那个平庸的自己。就算没有，也要自己爱自己，成为自己的终身浪漫;腻歪反过来怎么读？歪腻（我爱你）;-0.7180446462686483
-----;------;------;0.0;;-0.7180446462686483;0;1.0;13134;5.484816108865657e-05;0.40001096963221777;0.6666849493870295
善良是属于内心的安静，一种对天地万物的敬畏与尊敬。;用光汇聚，抵抗黑暗;-0.14120562790761704
-----;------;------;0.0;;-0.14120562790761704;0;1.0;11111;4.640002420100983e-05;0.4000092800048402;0.6666821333414003
早安，周二愉快;害怕失败才是最大的失败;-0.8858221363062175
-----;------;------;0.0;;-0.8858221363062175;0;1.0;43401;0.00018124448297615226;0.4000362488965952;0.6667270814943252
只要内心不乱，那么外界就很难去改变你什么。不要艳羡他人，不要输掉自己。早安！;难ོ言ོ欢ོ喜ོ，只ོ知ོ钟ོ意ོ;-0.4371506993004455
-----;------;------;0.0;;-0.4371506993004455;0;1.0;440629;0.0018400860645906545;0.40036801721291815;0.6672800286881968
唯有你的光辉，能像漫过山岭的薄雾;我今天就让大家见识一下什么叫半途而;0.6385619085942928
-----;------;------;0.0;0.6385619085942928;;0;1.0;68429;0.00028576251066968786;0.400057152502134;0.6667619208368899
早上好[心];早[噬元兽];-0.059880292820381875
-----;------;------;0.0;;-0.059880292820381875;0;1.0;1834;7.658864583264516e-06;0.4000015317729167;0.6666692196215277
早安[抱一抱];早[打call];-0.007438097127240306
-----;------;------;0.0;;-0.007438097127240306;0;1.0;17226;7.193653288512243e-05;0.40001438730657707;0.6666906455109617
早安[给你小心心]周二愉快;愉快[鼓掌][鼓掌];0.7961028271437787
-----;------;------;0.0;0.7961028271437787;;0;1.0;1358;5.671067668524107e-06;0.4000011342135337;0.6666685570225561
早上好，加油[彩虹屁];加油呀[哈哈][哈哈][哈哈];0.7701182667724114
-----;------;------;0.0;0.7701182667724114;;0;1.0;10571;4.414496047420349e-05;0.4000088289920949;0.6666813816534913
生活就有了奔头，人就会变得有事可做，有所期待。一个人最好的状态，就是知道自己想要什么，并全力以赴，努力向日出一样越来越耀眼。;别说现实太虚伪，真实的你敢听吗;-0.358117863934023
-----;------;------;0.0;;-0.358117863934023;0;1.0;15320;6.397699313828374e-05;0.40001279539862766;0.666687992331046
哈喽秦老师早上好[给你小心心][给你小心心][给你小心心]想你啦周二愉快呀;早上好[打call][打call][打call]愉快[抱一抱][抱一抱][抱一抱];0.9843051333310164
-----;------;------;0.0;0.9843051333310164;;0;1.0;264526;0.0011046721988836584;0.40022093443977674;0.6670348907329612
ᵕ̈ᴹᴼᴿᴺᴵᴺᴳ🌼ᵕ̈🌼赖床是对周末的基本尊重;旅行让你迷失自己，再让你找到自己;0.686639185694798
-----;------;------;0.0;0.686639185694798;;0;1.0;11990;5.007076682297794e-05;0.4000100141533646;0.6666833569222743
假如你是一棵仙人掌，我也愿意忍受所有的疼痛来抱着你;万物皆缘，只有惜缘才能续缘;0.7843884324490054
-----;------;------;0.0;0.7843884324490054;;0;1.0;13906;5.807206700920194e-05;0.4000116144134019;0.6666860240223363
早上好[心][心];书到用时方恨少，钱到月底不够花;-0.7056860348142657
-----;------;------;0.0;;-0.7056860348142657;0;1.0;625;2.610027461581419e-06;0.40000052200549235;0.6666675366758205
早上好，愿你眼中总有光芒，活成你想要的模样;我准备好足够挡雨的伞，但雨却没来;0.9751649814509593
-----;------;------;0.0;0.9751649814509593;;0;1.0;10726;4.479224728467568e-05;0.40000895844945694;0.6666815974157615
早上好[打call];愉快[哈哈][哈哈][哈哈];-0.03824320879838283
-----;------;------;0.0;;-0.03824320879838283;0;1.0;448;1.870867684461561e-06;0.4000003741735369;0.6666672902892281
早安[爱慕]周二愉快;早[抱一抱];0.7286410898908027
-----;------;------;0.0;0.7286410898908027;;0;1.0;4065;1.697561861012555e-05;0.40000339512372207;0.6666723252062033
早上好;[鼓掌][鼓掌][鼓掌];0.9150840401924618
-----;------;------;0.0;0.9150840401924618;;0;1.0;14914;6.228151929924045e-05;0.4000124563038599;0.6666874271730997
我是一隻旷野的鸟，在你的眼里找到了天空——《飞鸟集》泰戈尔;别人谈恋爱靠套路，而我靠对方眼瞎;0.36127783431651506
-----;------;------;0.0;0.36127783431651506;;0;1.0;82416;0.00034417283723791074;0.40006883456744763;0.666781390945746
感谢分享，涨知识了;不管怎么样，都要对未来充满憧憬啊;0.8982175284762817
-----;------;------;0.0;0.8982175284762817;;0;1.0;67144;0.00028039629420867644;0.40005607925884173;0.6667601320980695
早安早安;早[哈哈];0.04504504504504503
-----;------;------;0.0;0.04504504504504503;;0;1.0;142964;0.0005970239456280416;0.4001194047891256;0.6668656746485426
早安[心]周一愉快[太阳];愉快[鼓掌][鼓掌];0.7961028271437787
-----;------;------;0.0;0.7961028271437787;;0;1.0;2101;8.773868314852097e-06;0.400001754773663;0.6666695912894383
不破不立人类最宝贵的品质是勇敢敢与跟过去告别敢于摧毁过去亲手建立的东西敢于跟一切消耗自己的人和事说再见才有可能迎来新生自己亲手摧毁旧事物才是一个人觉醒的开始;神灵在制作哥哥时倒入520吨的帅气;0.9470363317025297
-----;------;------;0.0;0.9470363317025297;;0;1.0;12888;5.3820854279778126e-05;0.40001076417085596;0.6666846069514265
早啊[哈哈];自己喜欢的日子，就是最好的日子;0.9217479986400325
-----;------;------;0.0;0.9217479986400325;;0;1.0;270;1.127531863403173e-06;0.4000002255063727;0.666667042510621
早上好！[努力][话筒];早[哈哈];0.04504504504504503
-----;------;------;0.0;0.04504504504504503;;0;1.0;3569;1.4904300816614534e-05;0.40000298086016334;0.6666716347669388
早(๑•̀ㅁ•́ฅ✧[鲜花][鲜花];早[噬元兽];-0.059880292820381875
-----;------;------;0.0;;-0.059880292820381875;0;1.0;417;1.7414103223671226e-06;0.4000003482820645;0.666667247136774
早上好！[兔子][兔子][兔子];教我认真谈恋爱的人却先放开了手;0.9157346942759723
-----;------;------;0.0;0.9157346942759723;;0;1.0;487;2.0337333980642414e-06;0.40000040674667964;0.6666673445777993
不管有多苦，千万要记住：苦难是我们人生路上不可缺少的经历，只有活着，才有幸福的可能!;遇到我们，我都心疼你们的运气;0.25280149428409016
-----;------;------;0.0;0.25280149428409016;;0;1.0;12999;5.4284395156954986e-05;0.40001085687903143;0.6666847614650523
我掀起山河奔向你，踏进星辰来访你;人一辈子，碰不上几个真正喜欢的人;-0.4358255885838449
-----;------;------;0.0;;-0.4358255885838449;0;1.0;13051;5.4501549441758555e-05;0.4000109003098884;0.6666848338498139
把自己活成一束光，自信坦荡，光芒万丈;从头发到脚趾都充满帅气因子的哥哥啊;0.9985315853379035
-----;------;------;0.0;0.9985315853379035;;0;1.0;14876;6.21228296295763e-05;0.40001242456592595;0.6666873742765431
愿你梦的远方，温暖可向。愿你所到之处，遍地阳光。愿你被这世界，温柔以待。;时间一直向前走，没有尽头，只有路口;0.846805206955155
-----;------;------;0.0;0.846805206955155;;0;1.0;26572;0.00011096583953462634;0.40002219316790694;0.6667036552798448
因为心中有梦，所以暗里有光，遥遥无期，那又怎样，踮起脚尖，就更接近阳光。你再优秀，也总有人对你不堪。你再不堪，也有人认为是限量版的唯一。生命的价值在于自己看得起自已，人生的意义在于努力进取。;国际篮球比赛中没有1、2、3号球衣;0.32326601776032193
-----;------;------;0.0;0.32326601776032193;;0;1.0;34735;0.00014505488620484894;0.400029010977241;0.6667150182954015
早安[爱你];早[鼓掌];0.5240372298330014
-----;------;------;0.0;0.5240372298330014;;0;1.0;16380;6.840359971312583e-05;0.40001368071994264;0.666689467866571
相对于别人，我更喜欢你。这就是相对论;阳光与你都是温暖且美好的;0.9838981097325608
-----;------;------;0.0;0.9838981097325608;;0;1.0;50305;0.00021007589032776523;0.4000420151780656;0.6667366919634425
所有的门都应该你来敲，因为你敲好看🌱;别回头看，身后万千灯盏，都不是归处;0.24771852953673057
-----;------;------;0.0;0.24771852953673057;;0;1.0;30659;0.00012803333111139955;0.4000256066662223;0.6667093444437037
我的愿望不多，只希望你能快乐‎|•'-'•)و✧;猛兽总是独行，牛羊才成群结队;0.7544326490080835
-----;------;------;0.0;0.7544326490080835;;0;1.0;12869;5.3741509444946046e-05;0.400010748301889;0.6666845805031482
善，乃万德之源，孝是百善之首。善，即修身律己，即心想他人。以情恕人，以理律己，以善助人。心有善，德乃大；必有忍，事乃成。念念行善终不悔，终有一日花开时。;生生的两端，我们彼此站成了岸;-0.18155126029389557
-----;------;------;0.0;;-0.18155126029389557;0;1.0;12718;5.3110926810227974e-05;0.40001062218536204;0.6666843703089367
愿你眼有星辰大海，不染岁月风尘；愿你心有繁花似锦，归来不负韶华；愿你在新的一年里，仍有阳光满路，温暖如初。;人生苦短，何妨一试;-0.25787439658687217
-----;------;------;0.0;;-0.25787439658687217;0;1.0;10972;4.581955409355412e-05;0.40000916391081875;0.6666819398513645
秋日薄暮菊花煮竹叶青人与海棠俱醉——林清玄《温一壶月光独酌》;笑一笑有什么大不了，明天会更好;0.5022069195968695
-----;------;------;0.0;0.5022069195968695;;0;1.0;15641;6.531750324255196e-05;0.4000130635006485;0.6666884391677474
花自向阳开☀，人终向前走，没有谁是一帆风顺🚢，那些手捧鲜花的人，都是一路踩着荆棘走过来的。;🎀你是这世间最好的礼物;0.9430584318987381
-----;------;------;0.0;0.9430584318987381;;0;1.0;13590;5.6752437124626373e-05;0.4000113504874249;0.6666855841457081
总有一种温暖，不因时光的流逝而消散，不因岁月的变迁而消失。那寻常点滴的欢笑，那些细细微微的幸福，都足已让我们心怀憧憬，欢喜一生。[鲜花][鲜花][微风][微风][赞啊][赞啊];人生在勤，不索何获;-0.05246556361561838
-----;------;------;0.0;;-0.05246556361561838;0;1.0;1399;5.842285470003848e-06;0.40000116845709405;0.6666686140951567
周二愉快[心]冬日安康;别对我用美男计，否则我将计就计;-0.10464308298026648
-----;------;------;0.0;;-0.10464308298026648;0;1.0;44790;0.0001870450080067708;0.4000374090016014;0.6667290150026689
这世上的确没有什么是比叫醒自己更困难的事。想要什么，就真的为它努力。那些能让你真正成长的事，都不会太舒服，但只要坚持下来，就会给你带来蜕变。;早知惊鸿一场，何必情深一往;0.9757464529702129
-----;------;------;0.0;0.9757464529702129;;0;1.0;26854;0.00011214348392529187;0.40002242869678506;0.666704047827975
我携漫天星辰以赠你，仍觉漫天星辰不及你;你温柔的样子，像阳光一样暖;0.9652205060095036
-----;------;------;0.0;0.9652205060095036;;0;1.0;19132;7.989607263196112e-05;0.4000159792145264;0.6666932986908772
迎接新的一天，希望你有个美妙的日子。早上好！;别难过，明天更难过;-0.4690317535535029
-----;------;------;0.0;;-0.4690317535535029;0;1.0;16126;6.734288455273914e-05;0.40001346857691056;0.6666891142948508
每天给自己一个希望，不为明天烦恼，不为昨天失望，加油！早安[抱一抱];有趣的人生，是山川湖海，是烟火日常;0.9995371590414297
-----;------;------;0.0;0.9995371590414297;;0;1.0;2617;1.0928706987133717e-05;0.40000218574139745;0.6666703095689956
早上好[打call];早[哈哈];0.04504504504504503
-----;------;------;0.0;0.04504504504504503;;0;1.0;11716;4.892653078382065e-05;0.4000097853061568;0.6666829755102612
晚上好;[打call][打call][打call];-0.10464308298026648
-----;------;------;0.0;;-0.10464308298026648;0;1.0;13588;5.6744085036749314e-05;0.4000113488170074;0.6666855813616789
晚上好;一看书就困，因为书是梦开始的地方;0.6348293399227387
-----;------;------;0.0;0.6348293399227387;;0;1.0;53873;0.00022497601510044124;0.4000449952030201;0.6667416586717001
斗志和干劲很重要，但更重要的，是不断坚持的努力。无论你已经工作还是仍在校园拼搏，都不要忘记当初你怀揣梦想的勇气。把那一刻的勇气，变成此刻的坚持，你终将遇见更好的自己。;夜来香在阴雨绵绵的白天也会香气袭人;0.7809387548647555
-----;------;------;0.0;0.7809387548647555;;0;1.0;10232;4.2729281579041724e-05;0.40000854585631584;0.6666809097605263
感谢分享，已经加了;愿此去繁花似锦，再相逢依然如故;-0.2438926934696295
-----;------;------;0.0;;-0.2438926934696295;0;1.0;262687;0.0010969924540807012;0.40021939849081617;0.6670323308180268
余生满满都是你，亿万星辰犹不及[送花花][送花花];好朋友都不在身边，在心里❤️;0.6748749706757899
-----;------;------;0.0;0.6748749706757899;;0;1.0;355461;0.0014844207544339083;0.4002968841508868;0.6671614735848113
以德化人，厚德而行，福自至矣。以书育人，以书引善，以书养德。上士忘善，中士行善，为德贵厚，为道酬勤。真行善者，当不求名，当暗处行。人心之广，何恶不容，何善不容。至诚不二，精进努力，善果必现。​;谁说我不会乐器？我退堂鼓打得可好了;-0.5068356362731155
-----;------;------;0.0;;-0.5068356362731155;0;1.0;14540;6.071967886623013e-05;0.4000121439357733;0.666686906559622
人永远不能停止梦想。梦想是心灵的养料，就像饭菜是身体的给养。人生路上我们常会看见自己的梦想破碎了，渴望落空了，但我们仍需做梦，否则心灵就会枯死，博爱便无法渗入心田。;蓝眼睛的人在晚上比一般人看得清;0.861447358381147
-----;------;------;0.0;0.861447358381147;;0;1.0;30163;0.00012596201331788854;0.4000251924026636;0.6667086540044392
美好的一天，从现在起[心];抛个硬币，摔碎了今天就不吃晚饭了;-0.8071910852157977
-----;------;------;0.0;;-0.8071910852157977;0;1.0;18642;7.78498111020813e-05;0.40001556996222043;0.6666926166037006
“斑驳零碎的光映入少年眼底，夏天的温柔藏入青草里，风一吹，一眼便是万年”;从头发到脚趾都是完美的;0.7002076436026572
-----;------;------;0.0;0.7002076436026572;;0;1.0;264332;0.0011038620463595834;0.40022077240927195;0.6670346206821198
感谢分享;生得再平凡，也是限量版;0.9624009858411295
-----;------;------;0.0;0.9624009858411295;;0;1.0;20463;8.545438711414492e-05;0.4000170908774229;0.6666951514623713
即使是你最心爱的人，心中都会有一片你无法到达的森林。——村上春树​​​;自己不强大，靠谁都是假;0.3939432943465886
-----;------;------;0.0;0.3939432943465886;;0;1.0;29823;0.00012454215837878825;0.40002490843167576;0.6667081807194595
[雷电将军2]晚霞照在你身上就是光与温柔的相遇”𝒯𝒽𝓮𝓈𝓊𝓃𝓈𝓮𝓉𝓈𝒽𝒾𝓃𝓮𝓈𝓸𝓃𝓎𝓸𝓊,𝒾𝓈𝓉𝒽𝓮𝓁𝒾𝓰𝒽𝓉𝒶𝓃𝒹𝓰𝓮𝓃𝓉𝓁𝓮𝓂𝓮𝓮𝓉.;这震惊世界的美貌是世界美好的理由;0.9923617352047249
-----;------;------;0.0;0.9923617352047249;;0;1.0;28418;0.00011867481664515322;0.40002373496332905;0.6667062249388817
感谢分享！晚上好！;秘密不能说，难过也不能说;0.7892792534492936
-----;------;------;0.0;0.7892792534492936;;0;1.0;1476;6.163840853270679e-06;0.4000012327681707;0.6666687212802843
不论是我的世界车水马龙繁华盛世，还是它们都瞬间消失化为须臾，我都会坚定地走向你，不慌张，不犹豫。有些人相遇，就是为了告别。往后的日子里，我们都要不辜负自己;真正的坚强是含泪奔跑;0.9868213278659119
-----;------;------;0.0;0.9868213278659119;;0;1.0;13883;5.797601799861574e-05;0.40001159520359975;0.6666859920059994
做一个安静细微的人，于角落里自在开放，默默悦人，却始终不引起过分热闹的关注，保有独立而随意的品格，这就很好。;布衣饭菜，可乐终身;-0.057266070833599025
-----;------;------;0.0;;-0.057266070833599025;0;1.0;26840;0.00011208501931015246;0.40002241700386204;0.6667040283397699
对有些人来说，生活就是不断破墙而出的过程，而对另外一些人，生活是在为自己建起一座座的围墙。;人生没有彩排，每天都在现场直播;-0.21392361610567834
-----;------;------;0.0;;-0.21392361610567834;0;1.0;15845;6.616941620601213e-05;0.4000132338832412;0.6666887231387353
一叶知霜降，一语感深秋，霜降已至，愿你染尽霜华，心中依旧温暖如初，愿霜降时节，照顾好自己，一切安好;风会带走你曾经留下过的痕迹;-0.2504261910059409
-----;------;------;0.0;;-0.2504261910059409;0;1.0;26409;0.00011028514437264591;0.40002205702887456;0.6667034283814575
我只有两个心愿：你在身边，在你身边。;强扭的瓜不甜，强求的爱不圆满;0.5490466099382825
-----;------;------;0.0;0.5490466099382825;;0;1.0;20421;8.527899326872665e-05;0.40001705579865376;0.6666950929977562
想写一封情书送给未来的你.𝓘𝔀𝓪𝓷𝓽𝓽𝓸𝔀𝓻𝓲𝓽𝓮𝓪𝓵𝓸𝓿𝓮𝓵𝓮𝓽𝓽𝓮𝓻𝓽𝓸𝓽𝓱𝓮𝓯𝓾𝓽𝓾𝓻𝓮𝔂𝓸𝓾;你这么努力，也没见你有多优秀啊;0.44999547820632135
-----;------;------;0.0;0.44999547820632135;;0;1.0;91178;0.000380763334227313;0.4000761526668455;0.6667935877780757
得不到的永远在骚动，被偏爱的有恃无恐;初见只一回，余生来世都幸会;0.8944412437836013
-----;------;------;0.0;0.8944412437836013;;0;1.0;261509;0.0010920730743211125;0.40021841461486424;0.6670306910247736
阳光正好，春风不燥，不负美好时光，所得，所不得，皆不如心安理得，总会有不期而遇的温暖！;几点星光，几家灯火，望不尽的是孤寂;0.7988808154868938
-----;------;------;0.0;0.7988808154868938;;0;1.0;12032;5.024616066839621e-05;0.4000100492321337;0.6666834153868894
"“你是我寡淡无味的青春里很特别的存在”""𝒀𝒐𝒖𝒂𝒓𝒆𝒂𝒔𝒑𝒆𝒄𝒊𝒂𝒍𝒆𝒙𝒊𝒔𝒕𝒆𝒏𝒄𝒆𝒊𝒏𝒎𝒚𝒅𝒖𝒍𝒍𝒚𝒐𝒖𝒕𝒉""🦋";不在其位，不谋其政;-0.4822783092408509
-----;------;------;0.0;;-0.4822783092408509;0;1.0;25820;0.00010782545449285158;0.4000215650908986;0.6667026084848309
在我枯燥无味的生活里，你就是我的希望和光芒𝓘𝓷𝓶𝔂𝓫𝓸𝓻𝓲𝓷𝓰𝓵𝓲𝓯𝓮,𝔂𝓸𝓾𝓪𝓻𝓮𝓶𝔂𝓱𝓸𝓹𝓮𝓪𝓷𝓭𝓵𝓲𝓰𝓱𝓽.​;瘦了，什么都百搭；胖了，什么都白搭;0.8709067789857585
-----;------;------;0.0;0.8709067789857585;;0;1.0;25028;0.0001045180276935356;0.4000209036055387;0.6667015060092311
一切都要按时苏醒，影子在发胖，走过树林的，都捧出一小束——阳光，笑出嫩绿。;请相信，真的有人在过着你想要的生活;0.37525322361888236
-----;------;------;0.0;0.37525322361888236;;0;1.0;29785;0.0001243834687091241;0.40002487669374187;0.666708127822903
ᴳᵒᵒⁿᵗʰᵉʲᵒᵘʳⁿᵉʸᵒᶠˡᵒᵛᵉᵍᵒᵗᵒᵗʰᵉᵖᵉᵒᵖˡᵉʸᵒᵘˡᵒᵛᵉ.🦋·奔赴热爱之旅奔向热爱所人;不患人之不己知，患不知人也;-0.6026065826551856
-----;------;------;0.0;;-0.6026065826551856;0;1.0;10089;4.2132107295831897e-05;0.4000084264214592;0.6666807107024318
“浪漫定格在瑰海中永不落幕爱意四溅𝐑𝐨𝐦𝐚𝐧𝐜𝐞𝐢𝐬𝐟𝐢𝐱𝐞𝐝𝐢𝐧𝐭𝐡𝐞𝐬𝐞𝐚𝐨𝐟𝐫𝐨𝐬𝐞𝐬𝐚𝐧𝐝𝐧𝐞𝐯𝐞𝐫𝐞𝐧𝐝𝐬.”;成熟，需要过程，也需要勇气;0.9545376938823471
-----;------;------;0.0;0.9545376938823471;;0;1.0;40009;0.00016707934193665758;0.40003341586838737;0.6667223597806455
"🦋.书有结局，但我与你的故事没有""";别等日子过去了才找出它们的可爱之处;0.5240904207542738
-----;------;------;0.0;0.5240904207542738;;0;1.0;12899;5.3866790763101953e-05;0.40001077335815266;0.6666846222635877
揣着一口袋的开心🍓满载而归☀️;你是与众不同的可爱，表里如一的可爱;0.8680926154748703
-----;------;------;0.0;0.8680926154748703;;0;1.0;14270;5.959214700282696e-05;0.4000119184294006;0.6666865307156675
且听风吟，静待花开——《且听风吟》​村上春树;本想住进先生心里，没想到挺多邻居;-0.21911814288256148
-----;------;------;0.0;;-0.21911814288256148;0;1.0;14270;5.959214700282696e-05;0.4000119184294006;0.6666865307156675
秦老师晚上好呀，周二愉快;你不必说抱歉，我一定不怀念;-0.5106499654606504
-----;------;------;0.0;;-0.5106499654606504;0;1.0;14270;5.959214700282696e-05;0.4000119184294006;0.6666865307156675
𝒫𝓮𝓸𝓅𝓁𝓮𝒶𝓁𝓌𝒶𝓎𝓈𝓈𝒶𝓎𝓰𝓸𝓸𝒹𝒷𝓎𝓮𝓉𝓸𝓉𝒽𝒾𝓃𝓰𝓈𝓉𝒽𝓮𝓎𝒸𝒶𝓃'𝓉𝒽𝓸𝓁𝒹.人总要跟握不住的东西说再见的.;青，取之于蓝，而青于蓝;0.9772045737068358
-----;------;------;0.0;0.9772045737068358;;0;1.0;15595;6.512540522137956e-05;0.4000130250810443;0.6666883751350737
"“你眼中的点点星光，是我将一生奔赴的星辰.”""𝓣𝓱𝓮𝓼𝓽𝓪𝓻𝓼𝓲𝓷𝔂𝓸𝓾𝓻𝓮𝔂𝓮𝓼𝓪𝓻𝓮𝓽𝓱𝓮𝓼𝓽𝓪𝓻𝓼𝓘𝔀𝓲𝓵𝓵𝓰𝓸𝓽𝓸.""";已是两清，甲乙丙丁;-0.22990686738999444
-----;------;------;0.0;;-0.22990686738999444;0;1.0;14018;5.853978393031733e-05;0.4000117079567861;0.6666861799279767
你便是，那温暖的春风，岂止十里，我喜欢你，你的各种样子，吹过我沿途所有的风景。;成了月亮之后，所有星星都会为你鼓掌;0.8194180017818014
-----;------;------;0.0;0.8194180017818014;;0;1.0;95114;0.0003972002431693681;0.4000794400486339;0.666799066747723
只要心向阳。不管黑暗。走到哪都光明。只要心胸开阔。不管世界再小。走哪都有你一片天地。;失败之后，带泪也要经营;-0.04919229533610103
-----;------;------;0.0;;-0.04919229533610103;0;1.0;18868;7.879359703218914e-05;0.4000157587194065;0.6666929311990107
用你de可爱和温柔温暖每一天的阳光☀;日出东方落于西，朝思暮想念于你;0.9619023767979895
-----;------;------;0.0;0.9619023767979895;;0;1.0;298372;0.0012460145820271538;0.4002492029164055;0.6670820048606757
♥🌈Sweet☻ฅ*•ω•*ฅ♡拼拼凑凑の碎片🧩;被你点赞过的朋友圈，叫甜甜圈;0.7626079321870758
-----;------;------;0.0;0.7626079321870758;;0;1.0;23920;9.989097100964406e-05;0.40001997819420193;0.6666999636570031
生活就是坚持简单的善良，就如人生不能没有道义，不要把生活复杂化，那些所谓的世故圆滑，不过是自私的一种借口罢了。;开心了就笑，不开心了就过会儿再笑;0.9058403271299431
-----;------;------;0.0;0.9058403271299431;;0;1.0;17953;7.497251682843394e-05;0.4000149945033657;0.6666916575056094
总有人山高路远，为你而来;在所有怦然心动里，你仍然拔得头筹;-0.7662797504340344
-----;------;------;0.0;;-0.7662797504340344;0;1.0;2511;1.0486046329649509e-05;0.40000209720926594;0.6666701620154432
只把一件事做好，就是生活本初的节奏，再忙再累的日子都会云淡风轻，再苦再咸的生活都不值一提。这种无法放弃的力量就来自于内心。;心心念念，满眼是他;0.9846006711295234
-----;------;------;0.0;0.9846006711295234;;0;1.0;12133;5.0667941106187766e-05;0.40001013358822124;0.6666835559803687
他一噘嘴是春柳暗恼，一低眉是湖心微扫，道只道，千般懊怨春日好。;原地踏步的人只能做别人的配角;0.6052583879729407
-----;------;------;0.0;0.6052583879729407;;0;1.0;30291;0.0001264965469420204;0.4000252993093884;0.6667088321823139
星星是世间浪漫至极之物💫;言之者无罪，闻之者足戒;-0.9251516312902923
-----;------;------;0.0;;-0.9251516312902923;0;1.0;12018;5.0187696053256786e-05;0.40001003753921066;0.6666833958986843
你看到的那些成功的人，他们的时间都花在努力上。;我就一句，近我者富;0.6659169695920624
-----;------;------;0.0;0.6659169695920624;;0;1.0;13266;5.539939888854257e-05;0.40001107987977774;0.6666851331329628
晚上好，天天开心呀;这世间的苦难不会比你的勇气多;0.9823994798747591
-----;------;------;0.0;0.9823994798747591;;0;1.0;10950;4.572768112690646e-05;0.4000091455362254;0.6666819092270423
食物令家有了难以描述的温情——弋舟我不是不理你，我只是在等你先开口我不是不理你，我只是在等你先开口;坚持住，幸福终会来敲门;0.8052921359288361
-----;------;------;0.0;0.8052921359288361;;0;1.0;12228;5.106466528034814e-05;0.4000102129330561;0.66668368822176
人生海海，总要允许有人错过你，才能赶上最好的相遇——张皓宸我的愿望不多，只希望你能快乐‎|•'-'•)و✧;Lovemelittle,lovemelong;0.0
-----;------;------;0.0;0.0;0.0;0;1.0;32196;0.00013445191064492059;0.400026890382129;0.666711483970215
想把天上的星星摘给你，却发现它们早就在你的眼睛里。;对真理的最大尊敬就是遵循真理;0.44766167372518395
-----;------;------;0.0;0.44766167372518395;;0;1.0;10590;4.422430530903556e-05;0.4000088448610618;0.6666814081017696
每段青春都会苍老但我希望记忆里的你一直都好.;上万的包我眼睛眨都没眨，就晕过去了;-0.14994625032270337
-----;------;------;0.0;;-0.14994625032270337;0;1.0;325482;0.0013592271332007093;0.4002718454266402;0.6671197423777335
我不是不理你，我只是在等你先开口;识于人海，终归于人海;0.9759310064587281
-----;------;------;0.0;0.9759310064587281;;0;1.0;13032;5.442220460692648e-05;0.4000108844409214;0.6666848074015356
每个人都有自己故事，只是演绎的方式不同;饮酒说故事，醉心不醉人;0.9749463762271782
-----;------;------;0.0;0.9749463762271782;;0;1.0;493731;0.002061842349814489;0.4004123684699629;0.6673539474499381
每个人都有很艰难的岁月。但是大多数时候，那些艰难的岁月最后会变成整个生命中最精彩的日子，如果你挺过来的话。;不是所有的喜欢都会有好的结果;0.444926804234568
-----;------;------;0.0;0.444926804234568;;0;1.0;186728;0.0007797843325538803;0.4001559568665108;0.6669265947775179
博闻强识而让，敦善行而不怠，谓之君子;不经历凛冽的寒风，不会有梅花的怒放;0.6514864800187228
-----;------;------;0.0;0.6514864800187228;;0;1.0;147219;0.0006147930125864878;0.40012295860251734;0.6668715976708621
温柔的晚风，傍晚的晚霞，解暑的西瓜，冒泡的可乐，人间美好的你。;别把欲望当理想，莫把世故当成熟;0.9605038041507161
-----;------;------;0.0;0.9605038041507161;;0;1.0;26677;0.00011140432414817201;0.40002228086482966;0.6667038014413826
对待自己温柔一点。你只不过是宇宙的孩子，与植物、星辰没什么两样。🌁;爱藏在细节里，不爱也是;0.8307167253451389
-----;------;------;0.0;0.8307167253451389;;0;1.0;264526;0.0011046721988836584;0.40022093443977674;0.6670348907329612
秦老师晚上好啊[赢牛奶];分手就分手，下一个更丑;0.5384578402067206
-----;------;------;0.0;0.5384578402067206;;0;1.0;264526;0.0011046721988836584;0.40022093443977674;0.6670348907329612
想把你这座冰山，变成我手里的冰淇淋;北极熊的毛是透明的;0.06815595507714312
-----;------;------;0.0;0.06815595507714312;;0;1.0;11816;4.9344135177673675e-05;0.40000986882703554;0.6666831147117258
可爱不是长久之计，可爱我是长久之计呀~;女孩子输就输在根本没想赢，只想被爱;0.908671761996128
-----;------;------;0.0;0.908671761996128;;0;1.0;2421;1.0110202375181784e-05;0.4000020220404751;0.6666700367341251
目光所及都是你，亿万星辰犹不及。💫;渴望被理解，又害怕被看穿;0.8551585831169528
-----;------;------;0.0;0.8551585831169528;;0;1.0;28898;0.00012067931773564774;0.4000241358635471;0.6667068931059118
人永远不能停止梦想。梦想是心灵的养料，就像饭菜是身体的给养。人生路上我们常会看见自己的梦想破碎了，渴望落空了，但我们仍需做梦，否则心灵就会枯死，博爱便无法渗入心田。;一盏灯熄灭了，另一盏💡刚好亮了;-0.34872802680182713
-----;------;------;0.0;;-0.34872802680182713;0;1.0;15408;6.43444850048744e-05;0.400012868897001;0.6666881148283349
经一场大梦，梦中见满眼山花如翡，如见故人，喜不自胜。;我派大星，是上天派来保护你的大星星;0.848569509906135
-----;------;------;0.0;0.848569509906135;;0;1.0;11616;4.8508926389967616e-05;0.400009701785278;0.6666828363087965
ᴬᵗⁱʳᵉᵈˡⁱᶠᵉⁿᵉᵉᵈˢᵃᵍᵉⁿᵗˡᵉᵈʳᵉᵃᵐᵃⁿᵈᵃˡᵒᵛᵉᵈᵒⁿᵉ.疲惫的生活需要一个温柔的梦和一个很爱的人;与异性接触越多，越易燃烧脂肪;0.9882531802776271
-----;------;------;0.0;0.9882531802776271;;0;1.0;14343;5.989699821033967e-05;0.4000119793996421;0.6666866323327367
你是我的东南西北，胜过一切苍山泱水;总之岁月漫长，然而值得等待;0.7465689220462828
-----;------;------;0.0;0.7465689220462828;;0;1.0;14602;6.0978593590419003e-05;0.4000121957187181;0.66668699286453
做自己的太阳，与山川湖海为伴，热爱生活，自信勇敢，保持善良，勇往直前！;心里有良人，世人皆路人;0.7821379742560994
-----;------;------;0.0;0.7821379742560994;;0;1.0;146356;0.0006111890866675363;0.4001222378173335;0.6668703963622225
别以为我只会吃，我还会胖呢;余生谁也别想指教我，姐妹们养老院见;-0.9686493093404258
-----;------;------;0.0;;-0.9686493093404258;0;1.0;481202;0.002009520695308643;0.40040190413906174;0.6673365068984362
“就算见不到又怎样呢相隔万里我也能爱你″“ℐ𝒸𝒶𝓃'𝓉𝓈ℯℯ𝓎ℴ𝓊,ℐ𝒸𝒶𝓃𝓈𝓉𝒾𝓁𝓁𝓁ℴ𝓋ℯ𝓎ℴ𝓊𝓉𝒽ℴ𝓊𝓈𝒶𝓃𝒹𝓈ℴ𝒻𝓂𝒾𝓁ℯ𝓈”;三生石上写三生，奈何桥头空奈何;0.7358159778080251
-----;------;------;0.0;0.7358159778080251;;0;1.0;12909;5.390855120248726e-05;0.4000107817102405;0.6666846361837341
我一直以为我是世界上最美的女生，直到遇见你，才知道是我们;脸色苍白是因为血液流到别处去了;-0.6335329541051198
-----;------;------;0.0;;-0.6335329541051198;0;1.0;21762;9.087906819029574e-05;0.4000181758136381;0.6666969596893967
希望是美好的，也许是人间至善，而美好的事物永不消逝。;空有一颗减肥心，偏生了条吃货命;0.826328328202542
-----;------;------;0.0;0.826328328202542;;0;1.0;30091;0.00012566133815431437;0.40002513226763087;0.6667085537793846
平淡的日子装着最美的回忆;我本可容忍黑暗，如果我不曾见过太阳;0.953656347151502
-----;------;------;0.0;0.953656347151502;;0;1.0;123120;0.0005141545297118468;0.4001028309059424;0.6668380515099039
今晚月色真美，眸中所及很明朗，而你朝我走来的路途温柔了万般光景。;相ཀ逢ཀ的ཀ人ཀ会ཀ再ཀ相ཀ逢ཀ;0.9891527002200302
-----;------;------;0.0;0.9891527002200302;;0;1.0;32913;0.0001374461341488468;0.4000274892268298;0.6667124820447162
愿你放下执着，放下不甘心，从今以后，只负责精彩自己的人生。往事不回头，未来不将就，你若盛开，清风自来;真正优秀的人，没时间跟生活抬杠;0.13371563652379015
-----;------;------;0.0;0.13371563652379015;;0;1.0;12740;5.320279977687564e-05;0.4000106405599554;0.6666844009332589
快乐的方式有很多种，最直接的，就是见到你💫;见到你，我的占有欲就超标了;0.6943784613916124
-----;------;------;0.0;0.6943784613916124;;0;1.0;18023;7.526483990413106e-05;0.40001505296798084;0.6666917549466347
“不经意间遇见的可爱比落日还要温柔”;我作为小天使，是时候展示一下翅膀啦;0.9609782385973551
-----;------;------;0.0;0.9609782385973551;;0;1.0;17681;7.383663287715371e-05;0.4000147673265754;0.6666912788776256
大部分同学是来寻找真理，寻找智慧的。我寻找什么？寻找潇洒。——汪曾祺;愿你我既可以朝九晚五，又能浪迹天涯;0.6205173694146136
-----;------;------;0.0;0.6205173694146136;;0;1.0;18204;7.602070385700504e-05;0.4000152041407714;0.6666920069012856
"""🥀.爱意化成风声，替我转交给你""𝓛𝓸𝓋𝓮𝓉𝓊𝓇𝓃𝓈𝒾𝓃𝓉𝓸𝓌𝒾𝓃𝒹,𝓰𝒾𝓋𝓮𝒾𝓉𝓉𝓸𝓎𝓸𝓊𝒻𝓸𝓇𝓂𝓮.🥀";愿你生活有惊喜，喜欢有回应;0.9842667689864613
-----;------;------;0.0;0.9842667689864613;;0;1.0;10089;4.2132107295831897e-05;0.4000084264214592;0.6666807107024318
等春风拂尽人间长留，你要记得和心上人去白头。;曾经的暗恋，如今的回忆;0.9854011357822814
-----;------;------;0.0;0.9854011357822814;;0;1.0;4837;2.0199524530670916e-05;0.4000040399049062;0.6666733998415102
我在贩卖日落，你像神明一样慷慨地将光洒向我，从此人间被点亮。后来才发现那是我眼睛里的光，可那又如何，我爱慕的是你，而非你发着光的模样;我对象说过年去见我父母，象说不了;0.6957340475308367
-----;------;------;0.0;0.6957340475308367;;0;1.0;26602;0.00011109112085278225;0.40002221822417056;0.6667036970402842
“我在黄昏写上一封书信载着落日的余晖和银河的浪漫寄给你寄给温柔本身.”;喜欢这东西，是怎么藏也藏不住的;0.19432183634276812
-----;------;------;0.0;0.19432183634276812;;0;1.0;37556;0.00015683550615544283;0.4000313671012311;0.6667189451687184
刹那的光辉不是永恒——张国荣;天色苍茫，独自前行;0.9931840244996404
-----;------;------;0.0;0.9931840244996404;;0;1.0;26906;0.00011236063821009545;0.400022472127642;0.6667041202127366
我向来三分钟热度，一天有1440分钟，所以因为你，我每天都沸腾480遍;要相信自己，总会遇到惊喜;0.8662116125433412
-----;------;------;0.0;0.8662116125433412;;0;1.0;17337;7.24000737622993e-05;0.4000144800147525;0.6666908000245874
愿中国青年都摆脱冷气，只是向上走，不必听自暴自弃者流的话。能做事的做事，能发声的发声。有一分热，发一分光，就令萤火一般，也可以在黑暗里发一点光，不必等候炬火。此后如竟没有炬火：我便是唯一的光。——鲁迅;能安慰自己的人，比较容易快乐;0.9460617778189899
-----;------;------;0.0;0.9460617778189899;;0;1.0;32966;0.00013766746447758889;0.40002753349289555;0.6667125558214925
我希望你一直发光，而我永远为你热泪盈眶;此后锦书休寄，画楼云雨无凭;-0.13203787242189713
-----;------;------;0.0;;-0.13203787242189713;0;1.0;12839;5.361622812679014e-05;0.40001072324562537;0.6666845387427088
𝓘𝔀𝓪𝓼𝓷𝓮𝓿𝓮𝓻𝓲𝓵𝓵𝓾𝓶𝓲𝓷𝓪𝓽𝓮𝓭,𝓫𝓾𝓽𝔂𝓸𝓾𝓫𝓮𝓬𝓪𝓶𝓮𝓶𝔂𝓶𝓸𝓸𝓷𝓵𝓲𝓰𝓱𝓽.我从未被照亮，唯独你成为了我的月光;做个俗人，理智到绝望，自由为一生;0.9973265330267924
-----;------;------;0.0;0.9973265330267924;;0;1.0;40538;0.0001692884691801401;0.40003385769383604;0.6667230961563932
真正让人变好的选择，过程都不会很舒服。你明知道躺在床上睡懒觉更舒服，但还是一早就起床；你明知道什么都不做比较轻松，但依旧选择追逐梦想。这就是生活，你必须坚持下去。​;且把明月盏，共饮晚风凉;-0.7989649620604731
-----;------;------;0.0;;-0.7989649620604731;0;1.0;5963;2.4901750005456003e-05;0.4000049803500011;0.6666749672500017
"“知你生来傲骨而非淤泥之花”""𝓚𝓷𝓸𝔀𝓽𝓱𝓪𝓽𝔂𝓸𝓾𝔀𝓮𝓻𝓮𝓫𝓸𝓻𝓷𝓹𝓻𝓸𝓾𝓭,𝓷𝓸𝓽𝓽𝓱𝓮𝓯𝓵𝓸𝔀𝓮𝓻𝓸𝓯𝓽𝓱𝓮𝓶𝓾𝓭.""";一觉醒来，觉得甚是爱你;-0.03576938936679164
-----;------;------;0.0;;-0.03576938936679164;0;1.0;13912;5.809712327283312e-05;0.4000116194246546;0.6666860323744241
善良犹如一杯清水，透明而纯净，宛如一朵荷花，淡雅而芬芳，恰似一篇乐章，美妙而动听。;寡言养气，寡思养精，寡念养性;0.9314663553528955
-----;------;------;0.0;0.9314663553528955;;0;1.0;28628;0.00011955178587224458;0.4000239103571745;0.6667065172619574
“思念溶于海洋星河凝聚爱意化成滔滔不绝的海水绵延长存.”;天下万物的来和去，都有他的时间;0.9337925162187668
-----;------;------;0.0;0.9337925162187668;;0;1.0;14715;6.145048655547293e-05;0.4000122900973111;0.666687150162185
很全面，辛苦了[作揖];[握手];0.655267418904002
-----;------;------;0.0;0.655267418904002;;0;1.0;745;3.1111527342050512e-06;0.4000006222305469;0.666667703717578
保障为主也是好的。房子应该用来住[微笑];挺好的。这块地不适合建设商品房。如果建设商品房卖不掉，离沿海高速太近，隔壁还有医院两座，所以搞了一所名校分校资源;-0.5393446536313524
-----;------;------;0.0;;-0.5393446536313524;0;1.0;139;5.804701074557075e-07;0.40000011609402153;0.6666668601567024
还是保障为主;这个是保障+安置，不知道是不是个案，有待观察;0.09240993197432545
-----;------;------;0.0;0.09240993197432545;;0;1.0;164;6.848712059189643e-07;0.4000001369742412;0.6666668949570685
安居那帮说快来人额抢地盘了;哎，就是国企化，就是自己印钱玩资本运作。华润是代建，是指挥干活的，然后承包给第三方建筑商，大鹏城投拿着指挥棒，坐享其成。但这块地难有溢价，所以不如长持赚租金;-0.6021981066753475
-----;------;------;0.0;;-0.6021981066753475;0;1.0;667;2.7854213069996903e-06;0.4000005570842614;0.6666675951404356
呵呵，层层下来，真正用到地方又有多少。;回复@用户6163047072:你懂的多。;-0.6556424089315513
呵呵，层层下来，真正用到地方又有多少。;呵呵…不懂装懂;0.1924532532400267
呵呵，层层下来，真正用到地方又有多少。;抹个零;-0.1409156727075187
-----;------;------;0.34886239024793336;0.1924532532400267;-0.6556424089315513;0.8480956621715781;0.575952168914211;593;2.4763940555484503e-06;0.3699263189436689;0.6165438649061148
老城区七几年、八几年的房子就是不管呗;医学院对面还有六几年的房子....每次路过医院那高大上，反衬那点破房子，刷一遍遍的涂料依然挡不住落魄和破败不堪;-0.29835918034150954
-----;------;------;0.0;;-0.29835918034150954;0;1.0;2;8.35208787706054e-09;0.4000000016704176;0.6666666694506959
钱呢？房呢？现在航空港区不给房不给钱，村支书强制让签字拆迁;@希望能有一个结果：钱呢？房呢？现在航空港区不给房不给钱，村支书强制让签字拆迁;-0.9886448716457161
-----;------;------;0.0;;-0.9886448716457161;0;1.0;0;0.0;0.4;0.6666666666666666
供过于求就继续跌，所以都不买[doge]，还会降;回复@不满曾经:哈哈哈，专家先买[doge];0.3248312745571609
供过于求就继续跌，所以都不买[doge]，还会降;支柱产业，说跌就跌？[doge];-0.0661174967531124
-----;------;------;0.19547438565513664;0.3248312745571609;-0.0661174967531124;0.3909487713102733;0.8045256143448634;7071;2.952880668934754e-05;0.4000059057613379;0.6666765096022297
不卖亏五年，买了亏一辈子[doge];在理[doge];-0.5033239852062725
-----;------;------;0.0;;-0.5033239852062725;0;1.0;415;1.7330582344900622e-06;0.4000003466116469;0.6666672443527447
我理解为无名专家等同水军;你是对的;0.052465563615616606
-----;------;------;0.0;0.052465563615616606;;0;1.0;58;2.4221054843475567e-07;0.40000004844210973;0.6666667474035162
千万不;回复@庐陵苏员外:太累，不值得;-0.009270796321558361
千万不;为啥？;-0.894736842105263
-----;------;------;0.44273302289185235;;-0.894736842105263;0;1.0;958;4.000650093111999e-06;0.5770940092867596;0.9618233488112659
可以让专家多买点[哈哈][哈哈];[666];0.0
-----;------;------;0.0;0.0;0.0;0;1.0;1128;4.710577562662145e-06;0.40000094211551257;0.6666682368591875
哈哈哈哈买;[doge];0.0
-----;------;------;0.0;0.0;0.0;0;1.0;555;2.3177043858843e-06;0.4000004635408772;0.6666674392347952
专家说了：做人不买房，做鬼也流浪。;🙃;0.0
-----;------;------;0.0;0.0;0.0;0;1.0;205;8.560890073987054e-07;0.4000001712178015;0.6666669520296691
建议专家有多远滚多远;[微笑];0.5217391304347823
-----;------;------;0.0;0.5217391304347823;;0;1.0;662;2.764541087307039e-06;0.4000005529082175;0.6666675881803624
前几天说完信用卡，又开始说房了。哎……;[泪];0.8461538461538458
-----;------;------;0.0;0.8461538461538458;;0;1.0;1647;6.877944366759355e-06;0.4000013755888734;0.6666689593147889
保守了也许是一辈子白忙;还真是[允悲];0.9561050375840794
-----;------;------;0.0;0.9561050375840794;;0;1.0;469;1.958564607170697e-06;0.40000039171292145;0.6666673195215357
在央企，被关系户顶岗的我，现在月薪两千多，领导可是一分不少。将来真过不下去了，我就找他们一换一。;怎么不辞职;-0.7009851891770098
在央企，被关系户顶岗的我，现在月薪两千多，领导可是一分不少。将来真过不下去了，我就找他们一换一。;在北京月薪2k？兄弟这你也能忍？;-0.7094756167840903
-----;------;------;0.00424521380354026;;-0.7094756167840903;0;1.0;35;1.4616153784855946e-07;0.4016981147537237;0.6694968579228727
关注;感谢[爱你];0.713901300849398
-----;------;------;0.0;0.713901300849398;;0;1.0;661177;0.0027611042031456287;0.40055222084062914;0.6675870347343817
学法律涨知识#张警官普法#@法治四川;学法律涨知识;0.9961876970281984
-----;------;------;0.0;0.9961876970281984;;0;1.0;203649;0.000850447172037751;0.40017008943440757;0.6669501490573458
支持;[爱你]每天涨知识;0.9476391908957003
支持;龙年大吉[打call]分享知识传递正能量;0.975745675801889
-----;------;------;0.014053242453094361;0.975745675801889;;0;1.0;28;1.1692923027884756e-07;0.4056213203670838;0.6760355339451396
提早规划老年生活是很必须的[心][心];[爱你]有规划有目标生活更美好;0.9895537386387938
-----;------;------;0.0;0.9895537386387938;;0;1.0;5523;2.3064290672502684e-05;0.40000461285813455;0.6666743547635575
学到了;[爱你]涨知识啦;0.9476391908957003
-----;------;------;0.0;0.9476391908957003;;0;1.0;82432;0.0003442396539409272;0.40006884793078823;0.6667814132179802
兴百姓（），亡百姓（）[泪];[作揖];-0.23502059193378622
-----;------;------;0.0;;-0.23502059193378622;0;1.0;291;1.2152287861123086e-06;0.40000024304575726;0.6666670717429287
陕西农村19年退休金50元/月。。。。现在估计也差不多，哎;[馋嘴][作揖];-0.29668214145197114
-----;------;------;0.0;;-0.29668214145197114;0;1.0;424;1.7706426299368345e-06;0.400000354128526;0.6666672568808766
海南房地产投资价值巨大！;那你去买不;-0.3173693922225791
-----;------;------;0.0;;-0.3173693922225791;0;1.0;92;3.8419604234478487e-07;0.4000000768392085;0.6666667947320141
有个屁;你没有收到足额嘛？;-0.2989472030180045
-----;------;------;0.0;;-0.2989472030180045;0;1.0;9;3.758439544677243e-08;0.4000000075168791;0.6666666791947984
能，但是00后们就说不准了[doge];00后还有点远，80后已经很近了;0.7335648609697454
能，但是00后们就说不准了[doge];那就行，00后们自求多福吧[春游家族][doge];-0.16067577096407892
-----;------;------;0.44712031596691215;0.7335648609697454;-0.16067577096407892;0.8942406319338243;0.5528796840330878;13132;5.483980900077951e-05;0.4000109679618002;0.6666849466030003
23年的政府补贴，一部分发一部分没发，说没钱了，24年后面再发;24年也没钱[允悲];0.6664433399698504
-----;------;------;0.0;0.6664433399698504;;0;1.0;355;1.482495598178246e-06;0.40000029649911967;0.6666671608318661
老了就延迟退休年龄;也不一定能完全解决[失望];-0.9013082619178752
-----;------;------;0.0;;-0.9013082619178752;0;1.0;4;1.670417575412108e-08;0.4000000033408352;0.6666666722347252
把养孩子的钱省着自己养老不香吗？;回复@清风明月我200909:咱也不争论，喜欢生就生，不喜欢哪怕一个不要呢，是不是？我只是在说一种假设;0.7710104150524173
把养孩子的钱省着自己养老不香吗？;回复@Joanna要上岸:养孩子的开支50-100万怎么得花吧，只吃饭够了，大病都是死，有啥区别，普通人几个医得起的;0.8178631533173881
把养孩子的钱省着自己养老不香吗？;活得时间短了应该是够用的，就怕80，90了身体一团糟，还赖活着不死，那才是真的惨;-0.7906170961995056
-----;------;------;0.7474463470947619;0.8178631533173881;-0.7906170961995056;1.6084802495168937;0.19575987524155314;832;3.474468556857185e-06;0.3772831838282374;0.6288053063803956
真的嘛……[doge];回复@可乐最难忘记时间了:那只有出工不出力了这种薪水;-0.9218597345196502
真的嘛……[doge];回复@杭州男model风哥:最低工资2000，社保缴纳最低4000[doge];-0.8424114634434969
真的嘛……[doge];[嘻嘻][嘻嘻];0.9914982589539174
真的嘛……[doge];上海地区最低基数这三年涨了多少不涨我看要马上穿[笑cry];0.5840032952641816
-----;------;------;0.8477473968786071;0.9914982589539174;-0.9218597345196502;1.9133579934735676;0.043321003263216196;11;4.593648332383297e-08;0.35642736924402596;0.5940456154067099
这么说怎么感觉有点此处无银三百两呢，更让人担心了[允悲];[微笑][微笑][微笑];0.90975896879363
-----;------;------;0.0;0.90975896879363;;0;1.0;135;5.637659317015865e-07;0.40000011275318637;0.6666668545886438
调高社保缴纳基础;是社会保险不是什么社保，只不过是个保险而已;-0.5511516936653811
-----;------;------;0.0;;-0.5511516936653811;0;1.0;5;2.0880219692651352e-08;0.400000004176044;0.6666666736267398
我们担心的是现在可以发放吗？我们担心的是以后[允悲][允悲];没有回复我们所担心问题，那证明大家的担心心是有道理的[允悲];0.9451596842493306
我们担心的是现在可以发放吗？我们担心的是以后[允悲][允悲];历史的局限性[doge];0.8616604089302176
我们担心的是现在可以发放吗？我们担心的是以后[允悲][允悲];以后还发个🔨养老金，现在五个年轻人养一个老人，以后一个年轻人养两三个老人;0.9937490881720357
我们担心的是现在可以发放吗？我们担心的是以后[允悲][允悲];已不想交自己存钱就行[doge];-0.7572870320742673
我们担心的是现在可以发放吗？我们担心的是以后[允悲][允悲];如果把交养老金的钱存起来，30年以后再自己用。是不是更省事儿。就不用担心未来国家养老基金不够的事儿了;0.9502415410671756
我们担心的是现在可以发放吗？我们担心的是以后[允悲][允悲];我不买股票风险太大，没想到养老金也是;-0.3647813746756625
我们担心的是现在可以发放吗？我们担心的是以后[允悲][允悲];这世界以后还在不在？考虑太多了吧？;0.5113960875732388
我们担心的是现在可以发放吗？我们担心的是以后[允悲][允悲];相信后人的智慧;0.9078633694691229
我们担心的是现在可以发放吗？我们担心的是以后[允悲][允悲];后人的事有后人的办法[二哈];0.6177871147915737
我们担心的是现在可以发放吗？我们担心的是以后[允悲][允悲];建议现在不要全部发钱，大部分给折算成应该发茶米油盐酱醋等等生活用品[doge][doge][doge][doge];0.011126854942187459
我们担心的是现在可以发放吗？我们担心的是以后[允悲][允悲];交给后人的智慧;0.882208878777889
我们担心的是现在可以发放吗？我们担心的是以后[允悲][允悲];放心吧，资金链断裂是迟早的事[doge];0.3850830615852392
我们担心的是现在可以发放吗？我们担心的是以后[允悲][允悲];那现在把养老金都降点余留多点？;0.6838103437782843
我们担心的是现在可以发放吗？我们担心的是以后[允悲][允悲];交的人越来越少，领的人越来越多，你猜;0.21512389041682822
我们担心的是现在可以发放吗？我们担心的是以后[允悲][允悲];你会担心自己下一任工作好不好干吗[允悲][允悲];0.9961241730244648
我们担心的是现在可以发放吗？我们担心的是以后[允悲][允悲];以后也没事股市收割没问题;0.5101842785681032
我们担心的是现在可以发放吗？我们担心的是以后[允悲][允悲];过几十年直接延迟退休到75或80岁，养老金问题迎刃而解[doge];-0.17800223285139682
我们担心的是现在可以发放吗？我们担心的是以后[允悲][允悲];相信后人[doge];0.6639586425050275
我们担心的是现在可以发放吗？我们担心的是以后[允悲][允悲];以后涨价呗[doge];0.006377648556504578
我们担心的是现在可以发放吗？我们担心的是以后[允悲][允悲];现在肯定能发，以后就不好说了;-0.870085784417503
-----;------;------;0.567696308648576;0.9961241730244648;-0.870085784417503;1.8662099574419677;0.06689502127901614;69;2.8814703175858865e-07;0.25383658960044325;0.4230609826674054
明年要是再涨我就不交了。;回复@尼玛想个名字真难:真的？[疑问];-0.1373014782351718
明年要是再涨我就不交了。;再涨是不想交了;-0.18854790216109674
明年要是再涨我就不交了。;回复@啊圆子xi:我说的医保哦;-0.2981189891885794
明年要是再涨我就不交了。;回复@蒲公英广:学校报名要看这个里，你不交村里有人天天来动员你里。考核指标。。;0.9996088258892413
明年要是再涨我就不交了。;公司上班的好像不能不交，查到有人不交单位会被罚款，个体户没关系[doge];-0.9941007757609661
明年要是再涨我就不交了。;回复@Slay全场cc:可以单独交医保;-0.4718458520307467
明年要是再涨我就不交了。;养老金稳中向好，正在延长退休和养老金收费标准，多年之后，xx官员落马，共挪用xx元，开除d籍，接受调查[doge];0.7780249230884986
明年要是再涨我就不交了。;不是养老保险交不起，而是直接给爸妈更有性价比。没有中间商赚差价，就连美国五星上将麦克阿瑟都评价道：期货有风险，投资需谨慎[doge];0.9357039378573364
明年要是再涨我就不交了。;回复@咖喱很哇塞哟:我爸妈也是这样;-0.7890039057906908
明年要是再涨我就不交了。;回复@尼玛想个名字真难:不交养老是不是不能交医保;-0.713370212372159
明年要是再涨我就不交了。;我可能理解错了，我是说380那个要是再涨我就不交了。我没上班，社保早就不交了。;-0.8133976012810158
明年要是再涨我就不交了。;回复@咖喱很哇塞哟:布置会场，带头鼓掌;-0.2370100823424146
明年要是再涨我就不交了。;工资不但不涨[太开心]我们明年还确定了要降薪天杀的;0.3322256201546667
明年要是再涨我就不交了。;支持你;0.25342465753424603
明年要是再涨我就不交了。;放心，肯定涨;0.6690529084606369
明年要是再涨我就不交了。;回复@tomjackzhang:没有工作单位，自己交的，或者农村合作医疗，都可以自己决定。;-0.9075635240421165
明年要是再涨我就不交了。;养老金稳中向好。不缺！请大家放心。[哈哈][哈哈];-0.31730804219139186
明年要是再涨我就不交了。;+1;0.6000000000000001
明年要是再涨我就不交了。;回复@月亮下的琉璃:自己交了1年啊[赞];0.7255047203697083
明年要是再涨我就不交了。;回复@tomjackzhang:他怎么说了不算，灵活就业爱交不交;-0.6750391032805265
明年要是再涨我就不交了。;他要是不捆绑医保，鬼才交;-0.19562919730015427
明年要是再涨我就不交了。;工资三千，一年涨50，涨的那点差不多又被补扣进社保了;0.20315531442453372
明年要是再涨我就不交了。;再涨那就是现在活的不如狗还在乎30年后吗;0.6574301005721481
明年要是再涨我就不交了。;今年已经涨了呀[允悲];0.9732210095466001
明年要是再涨我就不交了。;失业后就停了1年半个月;-0.8748961805529185
明年要是再涨我就不交了。;从800涨到900了;0.510932434333448
明年要是再涨我就不交了。;快赶上工资了;0.35032513153475575
明年要是再涨我就不交了。;这几年都涨了好几倍了;0.4253422349048934
明年要是再涨我就不交了。;回复@冯大大爱感动:[doge][doge];0.28475218250962775
明年要是再涨我就不交了。;已经停了哈哈哈;0.6160418572566846
明年要是再涨我就不交了。;一个月现在交八百多，一年一万多。我也不交了;-0.8968969924693879
明年要是再涨我就不交了。;回复@tomjackzhang:他个体打工当然自己说了算了，但凡有张合同的都不是自己能说了算的;-0.9980262156280357
明年要是再涨我就不交了。;回复@9月1号上初一:刚开始10块。;-0.9559262747723378
明年要是再涨我就不交了。;你说了算？？？？;-0.9346827146080985
明年要是再涨我就不交了。;说到做到，别交了。;-0.26854861369698946
明年要是再涨我就不交了。;回复@冯大大爱感动:我儿局长[doge];0.742255459632295
明年要是再涨我就不交了。;回复@冯大大爱感动:因为是同志啊;0.23188595794077727
明年要是再涨我就不交了。;工资不涨，社保到时按时涨，真扛不住。;-0.9895004549370372
明年要是再涨我就不交了。;一个老人，退休金一两万，到底是什么样的贡献能这么高;0.8055099306194504
明年要是再涨我就不交了。;去年就停缴了;0.19240587460354197
明年要是再涨我就不交了。;真的交不起了;-0.5280097666888692
明年要是再涨我就不交了。;就是因为资金池已经亏空了不够发所以才得不断地涨啊，庞氏骗局了;0.5993195971382554
明年要是再涨我就不交了。;吃不上饭没交过;-0.45606495312695805
明年要是再涨我就不交了。;到7月份再涨一次这两年刚好涨了一倍[允悲];0.9895887214706587
-----;------;------;0.6668001723389039;0.9996088258892413;-0.9980262156280357;1.997635041517277;0.0011824792413615004;17;7.09927469550146e-08;0.2671930748306555;0.4453217913844258
工资五分之一全交养老保险了;回复@托尼阿伦I:还有你说随时取应急这问题吧。。说实话，这个除非单位强制。自己交灵活就业的话肯定是在留有应急的存款的条件下交的啊。。不然生活都保障不了压根没必要考虑这个问题。只能说就像一个投资。这算是风险最低的投资。但是也有风险;0.953970777029107
工资五分之一全交养老保险了;回复@托尼阿伦I:你要说国外有可能。国内想生孩子的太多了，压根不需要担心没有年轻人交。天天说不结婚不生子，实际上身边没有一个不是二胎三胎的。国人的繁殖欲望让我不担心没年轻人交[吃瓜][吃瓜][吃瓜][吃瓜][吃瓜]因为只要正规工作就是强制缴纳。天天说人口下降也就那样，生殖科天天排满了想生孩子的，小区全是小孩;-0.5399346060233003
工资五分之一全交养老保险了;回复@神勇的尐老虎:通货膨胀钱至少还在，以后没有年轻人给你交，不但没钱，还会缩水[doge];0.1758488151670241
工资五分之一全交养老保险了;回复@神勇的尐老虎:至少可以随时取出来应急，这玩意有啥用，分期付给你，跟非法集资没啥区别;-0.9829646627027044
工资五分之一全交养老保险了;没有用阿，不休不能取，退休了也只能按月分期给你，就是一种融资手段，提前嗝屁了都享受不到，失业了没交满一样享受不到，不可能你们一直打工吧[doge];-0.9386823478554154
工资五分之一全交养老保险了;回复@暂无显:996，不一定能抗到那时候，而且不到年纪，取不出来一样的，想用也用不了，只是数字;-0.948273900080109
工资五分之一全交养老保险了;回复@真的好想胖:是的，我如果按到手算，都超过五分之一;-0.16331794260538302
工资五分之一全交养老保险了;4被各种各样的理由拿走~到手6……;-0.3760455371484064
工资五分之一全交养老保险了;这玩意就是税，我算了下自己还有32年截止，退休还要上交504w[二哈]幸福满满;0.022822259913683363
工资五分之一全交养老保险了;我去！！还真是！！我都没意识到！！我到手3700，个人部分公积金670，个人部分养老金500，而我的医保才130[苦涩];-0.9634145561494449
工资五分之一全交养老保险了;最难的是企业;0.08585077253101514
工资五分之一全交养老保险了;我去年在上海自己全出，一年四万。;-0.599507523508755
工资五分之一全交养老保险了;回复@托尼阿伦I:你没把通货膨胀算进去，现在银行利息越来越低，存的钱也是坑，用来买房房屋又跌。感觉存钱也是个巨坑;-0.9999729283915471
工资五分之一全交养老保险了;回复@零和博弈玩家:自己一年存两万，到你退休了也够花了阿，为什么要交[doge];0.17236664284762404
工资五分之一全交养老保险了;确实;0.30769230769230815
工资五分之一全交养老保险了;不止五分之一;0.31722290122235064
工资五分之一全交养老保险了;企业28%呢;0.09875640343069292
工资五分之一全交养老保险了;回复@零和博弈玩家:[笑cry]买那么贵？;-0.07120155690811258
工资五分之一全交养老保险了;自己交的一年2万[泪];0.7075643041503186
工资五分之一全交养老保险了;回复@tomjackzhang:医保还是要交的;-0.785814735604262
工资五分之一全交养老保险了;一年12个月6个人，媳妇一个月在给医保干，个人社保才坑。。一年10000多交了2年不想交了只退3000多，，;-0.9999548317689273
-----;------;------;0.5914400405036552;0.953970777029107;-0.9999729283915471;1.953943705420654;0.02302814728967295;345;1.4407351587929432e-06;0.24578756326436302;0.4096459387739383
应该研究一下农民怎么养老;一个月都一百多了，便宜的米才2块多一斤，花的完么[doge];-0.9691666008668947
应该研究一下农民怎么养老;中国哪来的农民，哦，对了交公粮的时候有！;0.5036466882714339
应该研究一下农民怎么养老;活到老干到老，农民的声音很难传播出来吧，也不会有人关注;0.8974878031011961
应该研究一下农民怎么养老;新闻联播里啥都有;0.559162612790302
应该研究一下农民怎么养老;去城里上班交金;-0.3705357259486244
应该研究一下农民怎么养老;一个月100多呢。想啥呢。。;-0.2601827928492262
应该研究一下农民怎么养老;直接取消养老金算了！各自的父母自己养，我每个月交一千块钱养老金，而我的父母只能拿一百块钱，到我退休了，养老金不够了，还要延迟退休[泪];-0.0745347158585572
应该研究一下农民怎么养老;现在都全面小康了，哪来的农民。[doge][doge][doge];0.39945206220384954
应该研究一下农民怎么养老;回复@晴天··雨天:哈哈哈哈哈，口嗨G不是乱说的。;-0.9341543762080824
应该研究一下农民怎么养老;回复@师大大可爱:就是这个100，发了比不发更难受;-0.9413316841226582
应该研究一下农民怎么养老;回复@小毛毛orz:只有温铁军这样的专家会深耕三农问题，但是也没办法改变啥[泪];0.9677398394759347
应该研究一下农民怎么养老;回复@秋日柏树2037:养老金分配问题对农村进城的年轻人不公平！;-0.613751936932186
应该研究一下农民怎么养老;回复@秋日柏树2037:你这么急着护主的既得利益者肯定不用交都拿了不少吧;-0.6387367179418726
应该研究一下农民怎么养老;回复@晴天··雨天:14年农民实行国家“城乡居民养老保险”制度！你给父母缴纳保险费了吗？;0.443641557382465
应该研究一下农民怎么养老;回复@乐克乐克848484:你父母不是退保了吗？九十年代退保潮你父母没参加？那时把保险金装口袋现在又要城里人纳税养？要点脸吗！;0.916297729592999
应该研究一下农民怎么养老;需要的时候就是农民最重要，现在不需要了当然是希望他们别拖累了，等着死完了呢;-0.23203813430930187
应该研究一下农民怎么养老;回复@LOCKMOND:农民工跟农民不是同一类人吗;-0.47274271030962844
应该研究一下农民怎么养老;回复@4zder:我们镇就是这样向上反映的[doge];-0.8365806277249568
应该研究一下农民怎么养老;回复@被翻牌的小道:所以说交公粮的时候才是啊，到养老时候就没有农民什么事了，他说得没问题;-0.1440991454518481
应该研究一下农民怎么养老;回复@被翻牌的小道:取消交公粮真的是让中国农民感恩的事，我现在还记得小时候在后面推平车去交公粮，我爸脸上的汗像水泼过一样的淌。但是，交过公粮的农民还有活着的，现在他们中有农民，有农民工，还有干不动了的农村老人，物价上涨，200块可能只保障饿不死。;0.9091168589113421
-----;------;------;0.6701603034987559;0.9677398394759347;-0.9691666008668947;1.9369064403428293;0.031546779828585336;18;7.516879089354486e-08;0.2806828483646947;0.4678047472744911
我交的钱可以给我家老人发点吗…;回复@果子精吖:我家老人当年是交了公粮的，我只是想表达，城乡养老待遇相差太大了，农村老人基本没什么保障;0.8946833838618888
我交的钱可以给我家老人发点吗…;回复@取一个什么昵称呢_:算你狠去证监会上班吧[允悲][允悲];0.9901298022044607
我交的钱可以给我家老人发点吗…;回复@果子精吖:你以为现在拿钱的都交了吗，凭什么一堆人工龄视同缴费年限？;-0.4448000016483884
我交的钱可以给我家老人发点吗…;想啥呢，留着给老干部住病房呢;-0.6465486990950053
我交的钱可以给我家老人发点吗…;回复@果子精吖:那现在一个月能领几万的老人，他年轻的时候交了吗[二哈];0.21431108331715087
我交的钱可以给我家老人发点吗…;你家老人又没交钱凭啥发，你的到时候能不能领到都是个问题[哈哈][哈哈];-0.9868674283357559
我交的钱可以给我家老人发点吗…;回复@果子精吖:现在很多人也没叫也能领啊;0.17112245445970253
我交的钱可以给我家老人发点吗…;你交的钱是为你老了以后的，你家老人年轻又没交。要是现在把你交的给你家老人，你老了又喊着自己明明交了却没有钱;-0.9285754271045263
-----;------;------;0.7280322054920706;0.9901298022044607;-0.9868674283357559;1.9769972305402166;0.011501384729891706;146;6.097024150254195e-07;0.2958135580292679;0.4930225967154464
我爸妈养老金一个月200多，江苏农村，年轻的时候他们种地交公粮，还必须得交好粮，也为国家建设贡献力量，但是这个养老金差别太大了。;回复@沙雕网名都被占用了:姐们你嘴真快啊，我正要说我家黑龙江的一个月养老金100多[doge]还要每个月扫脸领取[doge];0.4334845631736808
我爸妈养老金一个月200多，江苏农村，年轻的时候他们种地交公粮，还必须得交好粮，也为国家建设贡献力量，但是这个养老金差别太大了。;谁看起老农民呀，办公室喝茶聊天高工资退休金更离谱！;0.4338487168532452
我爸妈养老金一个月200多，江苏农村，年轻的时候他们种地交公粮，还必须得交好粮，也为国家建设贡献力量，但是这个养老金差别太大了。;回复@Victor-Yang0806:看地区经济，不过基本上也有个五千块钱;0.060159211743737506
我爸妈养老金一个月200多，江苏农村，年轻的时候他们种地交公粮，还必须得交好粮，也为国家建设贡献力量，但是这个养老金差别太大了。;回复@晴天··雨天:[泪];0.33390575166438596
我爸妈养老金一个月200多，江苏农村，年轻的时候他们种地交公粮，还必须得交好粮，也为国家建设贡献力量，但是这个养老金差别太大了。;回复@Jyld-:是啊，有时候看到ICU躺着的八九十了，全靠仪器吊着命，流水一样的花着国家的钱，而有些年轻人小孩，却因为没钱不得不放弃。就觉得这个世界真是吊诡;0.7162184972442134
我爸妈养老金一个月200多，江苏农村，年轻的时候他们种地交公粮，还必须得交好粮，也为国家建设贡献力量，但是这个养老金差别太大了。;可不呗，有人用医保续命领养老金;0.6013925858154279
我爸妈养老金一个月200多，江苏农村，年轻的时候他们种地交公粮，还必须得交好粮，也为国家建设贡献力量，但是这个养老金差别太大了。;农民是用来贡献的，享受？你配吗？公务员才有资格;0.7495728835318884
我爸妈养老金一个月200多，江苏农村，年轻的时候他们种地交公粮，还必须得交好粮，也为国家建设贡献力量，但是这个养老金差别太大了。;13低保全国垫底;-0.779754060052746
我爸妈养老金一个月200多，江苏农村，年轻的时候他们种地交公粮，还必须得交好粮，也为国家建设贡献力量，但是这个养老金差别太大了。;回复@愚海86520:我也是一个月交一千块钱养老金，而我的父母只有一百块钱💰，等我退休了，又告诉我养老金没钱，要延迟退休。那我交这个钱💰有什么意义。;-0.9500767511619532
我爸妈养老金一个月200多，江苏农村，年轻的时候他们种地交公粮，还必须得交好粮，也为国家建设贡献力量，但是这个养老金差别太大了。;回复@沙雕网名都被占用了:咱得往上看啊朋友，我爸妈他们也说都能发养老金不错了，毕竟再往上我爷爷奶奶到过世都没有养老金。我们的农村父母拿着200块舍不得花，过了六十还得到处找活干，农村人没有退休，干到死。而有些城里人退休了天天跳舞唱歌月入过万。;0.8481908569491732
我爸妈养老金一个月200多，江苏农村，年轻的时候他们种地交公粮，还必须得交好粮，也为国家建设贡献力量，但是这个养老金差别太大了。;那必须要自己先享受好啊;0.6079012864650417
我爸妈养老金一个月200多，江苏农村，年轻的时候他们种地交公粮，还必须得交好粮，也为国家建设贡献力量，但是这个养老金差别太大了。;回复@愚海86520:格局打开[doge];0.05743708857548957
我爸妈养老金一个月200多，江苏农村，年轻的时候他们种地交公粮，还必须得交好粮，也为国家建设贡献力量，但是这个养老金差别太大了。;体制内好像一个月最少6000起步吧;0.821357365931229
我爸妈养老金一个月200多，江苏农村，年轻的时候他们种地交公粮，还必须得交好粮，也为国家建设贡献力量，但是这个养老金差别太大了。;我亲戚老师退休工资他说有8000多[笑cry];0.7142272157461771
我爸妈养老金一个月200多，江苏农村，年轻的时候他们种地交公粮，还必须得交好粮，也为国家建设贡献力量，但是这个养老金差别太大了。;贡献完了就不需要了，还有200块拿，知足吧[哈哈][哈哈];0.7065618381771215
我爸妈养老金一个月200多，江苏农村，年轻的时候他们种地交公粮，还必须得交好粮，也为国家建设贡献力量，但是这个养老金差别太大了。;二百多不少了，我们这100多一点点;-0.6861725979676538
我爸妈养老金一个月200多，江苏农村，年轻的时候他们种地交公粮，还必须得交好粮，也为国家建设贡献力量，但是这个养老金差别太大了。;我家也江苏农村，爸妈还没到拿农村养老金的年纪，奶奶一个月能拿200左右，哪怕以后爸妈也拿，三个人合起来600，我一个人交的养老金社保钱，最后养了我家三个人还有的多，凭什么农村娃要给城里人养爹妈，所以我停缴了。;0.47653329297617897
我爸妈养老金一个月200多，江苏农村，年轻的时候他们种地交公粮，还必须得交好粮，也为国家建设贡献力量，但是这个养老金差别太大了。;伟大的体制内，年轻的时候轻轻松松体体面面，老来也躺赢，你怼他，他就怼你说他为国鞠躬尽瘁，你等平民有何贡献？所以，为何那么多冲体制，明白了吗？;0.9996999709778607
我爸妈养老金一个月200多，江苏农村，年轻的时候他们种地交公粮，还必须得交好粮，也为国家建设贡献力量，但是这个养老金差别太大了。;回复@_Destiny_fate_:我奶就不这么说，她说别到处说，小心被人整;-0.8834648563548444
我爸妈养老金一个月200多，江苏农村，年轻的时候他们种地交公粮，还必须得交好粮，也为国家建设贡献力量，但是这个养老金差别太大了。;回复@用户7731061135:几千来农民是最苦的;-0.5300286687295148
我爸妈养老金一个月200多，江苏农村，年轻的时候他们种地交公粮，还必须得交好粮，也为国家建设贡献力量，但是这个养老金差别太大了。;我奶她也这么和我说，辛辛苦苦一年下来交了很多公粮，结果现在一个月200[允悲];0.9865633345582896
我爸妈养老金一个月200多，江苏农村，年轻的时候他们种地交公粮，还必须得交好粮，也为国家建设贡献力量，但是这个养老金差别太大了。;有些体质内的，工作的时候天天耍，工资比谁都高，女性占位置不走，还要60岁退休，退休工资也高的离谱，在职的时候没有创造什么价值，把国家每分钱都算的特别清楚;0.301042591508375
-----;------;------;0.6175768124763455;0.9996999709778607;-0.9500767511619532;1.949776722139814;0.02511163893009305;209;8.727931831528265e-07;0.2570755551212121;0.42845925853535344
压根不用担心，现在社保费年年涨，绝对够用。不够就继续涨;[费解][允悲][怒];0.7380844097922601
压根不用担心，现在社保费年年涨，绝对够用。不够就继续涨;社保连去年的都补涨，直接扣了[挖鼻]真的缺钱了，抢的地步了[允悲];0.3014524746820655
压根不用担心，现在社保费年年涨，绝对够用。不够就继续涨;有道理！到时不交，公司就有得受了，天天到公司上门喝茶。公司又会逼着员工，不交，就不招进公司。;-0.7799402434142462
压根不用担心，现在社保费年年涨，绝对够用。不够就继续涨;不交钱，凭嘴给你发吗;-0.8960570962829175
压根不用担心，现在社保费年年涨，绝对够用。不够就继续涨;那可不一定。[doge];-0.2498439231666414
压根不用担心，现在社保费年年涨，绝对够用。不够就继续涨;回复@儒雅随和小怪兽:不要担心，办法多的是[笑cry];-0.26174330451261607
压根不用担心，现在社保费年年涨，绝对够用。不够就继续涨;回复@儒雅随和小怪兽:你以为保险公司这两年推出的个人养老金是平白无故的？[doge];-0.9646888343599922
压根不用担心，现在社保费年年涨，绝对够用。不够就继续涨;再苦不能苦老爷;-0.5181390388004119
压根不用担心，现在社保费年年涨，绝对够用。不够就继续涨;回复@土豆烀西红柿:保守了，两万多;0.7076387894576444
压根不用担心，现在社保费年年涨，绝对够用。不够就继续涨;回复@渡鸦ool:农村老人100块一个月。退休干部至少1万一个月。;-0.5512940413273042
压根不用担心，现在社保费年年涨，绝对够用。不够就继续涨;其实我们是世界上最年轻的，要计算需要承担的养老金而不是按有多少老人算。农村的老人1000个也抵不上一个干bu领的多;0.9862474935407783
压根不用担心，现在社保费年年涨，绝对够用。不够就继续涨;现在涨的现在已经发给老爷了，人口出生率一直在降低，等我们退休还有那么多人交社保给我们发养老金吗？[并不简单];-0.6894168868366495
压根不用担心，现在社保费年年涨，绝对够用。不够就继续涨;再不够可以直接让公司工资直接打到那些拿高额养老保险的老爷们账户里工资不要发给我了我不需要钱我等着吃老爷们的坟头草[doge];-0.9990742620913271
压根不用担心，现在社保费年年涨，绝对够用。不够就继续涨;裁员降薪警告[doge];-0.156250804938048
压根不用担心，现在社保费年年涨，绝对够用。不够就继续涨;涨的都发给老干部了;-0.5366593649421318
-----;------;------;0.6293816371746492;0.9862474935407783;-0.9990742620913271;1.9853217556321054;0.0073391221839472776;396;1.653713399657987e-06;0.2546886344861185;0.4244810574768641
拿我们交的钱给那些以前不用交社保的人发养老金;说个笑话，6万亿是现在年轻人2023年一年交的总数，之前的。。。;0.24343003806343733
-----;------;------;0.0;0.24343003806343733;;0;1.0;44;1.8374593329533189e-07;0.40000003674918666;0.666666727915311
得了吧。一个月交那么多养老金，离谱。我能自己给自己养老吗。。。;回复@大飞老师飞飞飞:[doge]不行。。。我说的不算。懂了不;0.04843127108942591
得了吧。一个月交那么多养老金，离谱。我能自己给自己养老吗。。。;回复@dongdonghahah:现在的经济形势，你去仲裁人家反而会劝你能找到个工作不容易，将就干着吧;-0.8118243397736686
得了吧。一个月交那么多养老金，离谱。我能自己给自己养老吗。。。;回复@大飞老师飞飞飞:[费解]只要全职就得交，不然员工不干了后一仲裁一个准;-0.7055730246295955
得了吧。一个月交那么多养老金，离谱。我能自己给自己养老吗。。。;回复@dongdonghahah:能给你交的都是正规公司，大多私企都不交社保;-0.9846423245589122
得了吧。一个月交那么多养老金，离谱。我能自己给自己养老吗。。。;不交不就行了;-0.7008851712544844
得了吧。一个月交那么多养老金，离谱。我能自己给自己养老吗。。。;回复@反美强硬派:哈哈。我本想评论，你要么是老板，要么是无业。[doge][doge][doge]看来是。;-0.41117390671418863
得了吧。一个月交那么多养老金，离谱。我能自己给自己养老吗。。。;回复@羊黎羊:我不上班就不用交[doge];-0.37903854225969846
得了吧。一个月交那么多养老金，离谱。我能自己给自己养老吗。。。;回复@反美强硬派:[doge][doge]后面这句话是认真的吗？我们没得选择，每个月必须交。。。。;-0.36743201294002215
得了吧。一个月交那么多养老金，离谱。我能自己给自己养老吗。。。;回复@反美强硬派:可以啥，你上班你让公司给你不交五险一金？公司有病会听你的呀，罚款一下好几个月工资;-0.07487886378613662
得了吧。一个月交那么多养老金，离谱。我能自己给自己养老吗。。。;可以啊，又没人逼你[爱你];0.4056636450164426
-----;------;------;0.406545336191569;0.4056636450164426;-0.9846423245589122;1.3903059695753548;0.3048470152123226;1022;4.267916905177936e-06;0.2845577941449377;0.47426299024156277
昔人已乘黄鹤去，此地空余黄鹤楼;这是什么梗;0.0
昔人已乘黄鹤去，此地空余黄鹤楼;黄鹤一去不复返，白云千载空悠悠;0.3099879860240218
昔人已乘黄鹤去，此地空余黄鹤楼;？来人呀，抓起来！;-0.4952014618877896
-----;------;------;0.3316033585079152;0.3099879860240218;-0.4952014618877896;0.8051894479118114;0.5974052760440943;174;7.26631645304267e-07;0.3716035991471329;0.6193393319118882
不好。;回复@反美强硬派:不交就好了;0.34226251725676726
不好。;回复@麦唛啊我是麦兜啊:跑去哪？月球还是火星[哈哈][哈哈];0.16075063991246208
不好。;我也觉得该跑;0.06976744186046546
-----;------;------;0.11327354798601438;0.34226251725676726;;0;1.0;98;4.092523059759665e-07;0.445309501044867;0.7421825017414448
谁问你现在能不能发了，现在发的这批有交过吗？我们担心的是我们现在交的以后能发的出来吗？;老人养老跟你有关系？51年就开始谁告诉你老人没缴养老保险费？！;0.4502709244921659
谁问你现在能不能发了，现在发的这批有交过吗？我们担心的是我们现在交的以后能发的出来吗？;最早是1951年开始的。我国的养老保险以1951年2月26日政务院颁布的《中华人民共和国劳动保险条例》为起点，其发展可概括为四个阶段:1、1951－1965年为养老保险制度的创建阶段。该阶段以政务院颁布的《中华人民共和国劳动保险条例》为标志，主要工作是着手建立全国统一的养老保险制度，并逐步趋向正规化;0.9999999989524015
-----;------;------;0.27486453723011783;0.9999999989524015;;0;1.0;1175;4.906851627773068e-06;0.5099467962623727;0.8499113271039545
农村老人一点保证都没有;瞎说农村老人一个月100块呢？能买袋米;-0.5148475269692399
-----;------;------;0.0;;-0.5148475269692399;0;1.0;106;4.4266065748420863e-07;0.40000008853213154;0.6666668142202191
养老基金，像不像拆东墙补西墙？可能投资亏了，所以目前从年轻人里取，希望能拖到未来回本。;人算不如天算;-0.02731515207306079
-----;------;------;0.0;;-0.02731515207306079;0;1.0;117;4.885971408080417e-07;0.4000000977194282;0.6666668295323802
农民老了150元一个月，还要交380元的医保，保一年清0，农民以前交公粮，交农税，现在种粮食，，农民为什么才150元一个月？没有贡献吗？为什么？合理吗？？;顶上去;0.039448312807266905
-----;------;------;0.0;0.039448312807266905;;0;1.0;26;1.0857714240178703e-07;0.4000000217154285;0.6666667028590474
农民100，体制内10000，农民公粮，体制内最近10多年才开始交社保，呵呵呵呵呵，伟大的民族，为人民服务[喵喵];回复@明天肯定会好好的:一个是企业职工基本养老保险，一个是机关事业单位养老保险，独立核算的。;0.5358884668297461
农民100，体制内10000，农民公粮，体制内最近10多年才开始交社保，呵呵呵呵呵，伟大的民族，为人民服务[喵喵];散布谣言！明明是14年开始交的，哪来的十多年[二哈][二哈];0.16260546618230287
农民100，体制内10000，农民公粮，体制内最近10多年才开始交社保，呵呵呵呵呵，伟大的民族，为人民服务[喵喵];回复@中年胖的奇幻漂流:早就并轨了;-0.8315157316149713
农民100，体制内10000，农民公粮，体制内最近10多年才开始交社保，呵呵呵呵呵，伟大的民族，为人民服务[喵喵];完全分离的两套独立系统，互不影响。;0.5454576233398918
-----;------;------;0.5612560890348247;0.5454576233398918;-0.8315157316149713;1.376973354954863;0.31151332252256847;137;5.72118019578647e-07;0.3491078790465612;0.581846465077602
想问一下退休的公务员事业单业加工资也从社保出钱吗？怎么感觉他们偷偷加好多[笑cry];不是，两个资金池，完全分开的。;0.3814031433275582
-----;------;------;0.0;0.3814031433275582;;0;1.0;5862;2.4479969567664444e-05;0.40000489599391353;0.6666748266565224
不信！你们还说过：“只生一个好，政府来养老”;嘴子的话还相信？;0.07982675345373891
-----;------;------;0.0;0.07982675345373891;;0;1.0;5;2.0880219692651352e-08;0.400000004176044;0.6666666736267398
我们不担心现在的，我们担心以后的我们自己的！[笑cry]我们担心的是，社保缴费基数还会不会连年增长？我们担心的是，我们是不是被牺牲的一代人？[笑cry][笑cry][笑cry];不用怀疑。我们就是牺牲的一代。你看哪个砖家跟我们同龄？不都是要领或者正在领退休金的人吗？;0.6774237298986023
我们不担心现在的，我们担心以后的我们自己的！[笑cry]我们担心的是，社保缴费基数还会不会连年增长？我们担心的是，我们是不是被牺牲的一代人？[笑cry][笑cry][笑cry];我们还能活到60岁嘛？[笑cry][笑cry]咱们还能有退休的哪天不？[笑cry][笑cry];-0.13478584537352578
我们不担心现在的，我们担心以后的我们自己的！[笑cry]我们担心的是，社保缴费基数还会不会连年增长？我们担心的是，我们是不是被牺牲的一代人？[笑cry][笑cry][笑cry];必须的，一直在做延迟退休的宣传，直接干到死，还领啥养老金;-0.9415967292533136
-----;------;------;0.6609635595656369;0.6774237298986023;-0.9415967292533136;1.619020459151916;0.19048977042404203;42;1.7539384541827134e-07;0.34058136707464065;0.5676356117910677
现在领养老金的那些人之前可都没交过养老金！！！艹应该停止发放好吧;还超级高;0.2593811768629899
-----;------;------;0.0;0.2593811768629899;;0;1.0;411;1.716354058735941e-06;0.40000034327081174;0.6666672387846861
党员不发挥带头作用？和农民兄弟领一样养老金？;回复@失落的世界2012空间:[doge]，啧啧，我来和你较较真，交公粮那代人还活着呢，那会的城镇职工交了毛的养老金，人都养不活，赶乡下去吃农家饭。美其名曰知青。呸。再说回现在，你猜猜为什么农民没什么钱？虽然农业税免了。因为工农剪刀差在隐秘的角落里到处都是，工业并没有反补农业，仍旧在吸血（例如卖种子化肥等）;0.9965520893101658
党员不发挥带头作用？和农民兄弟领一样养老金？;回复@失落的世界2012空间:那行，农民粮食一斤10000块，你说你买吗？;0.8225451658555409
党员不发挥带头作用？和农民兄弟领一样养老金？;回复@失落的世界2012空间:每个职业的分工不一样ok？没有农民大家吃什么？没有他们种粮食，粮食物以稀为贵岂不是要很贵了。这个时候说让他们交几万的养老？吃的大米粮食才多少钱一斤？利润又有多少？做人不能忘本。;-0.8627097953732237
党员不发挥带头作用？和农民兄弟领一样养老金？;回复@失落的世界2012空间:党员忘了为人民服务这句话了？[doge]忘了入党宣言了？;0.9964583980892017
党员不发挥带头作用？和农民兄弟领一样养老金？;那农民兄弟也一起一年交几万的养老吧。;0.5549531780327308
-----;------;------;0.7010072718079545;0.9965520893101658;-0.8627097953732237;1.8592618846833895;0.07036905765830526;64;2.672668120659373e-07;0.3085505852398663;0.514250975399777
老铁，如何解毒？;银行很为难;-0.6821268099399538
-----;------;------;0.0;;-0.6821268099399538;0;1.0;16454;6.871262696457707e-05;0.40001374252539296;0.6666895708756548
怎么操作？;自己找房贷银行协商;-0.8004090392106189
-----;------;------;0.0;;-0.8004090392106189;0;1.0;414;1.7288821905515318e-06;0.4000003457764381;0.6666672429607301
2019年之前的昵？;也可以;0.052465563615616606
-----;------;------;0.0;0.052465563615616606;;0;1.0;0;0.0;0.4;0.6666666666666666
银行同意吗?;可以啊，谈判商定让利幅度，但是不许你提前还贷款也会给你安排得妥妥的;-0.5195392963951708
-----;------;------;0.0;;-0.5195392963951708;0;1.0;35;1.4616153784855946e-07;0.4000000292323076;0.6666667153871793
2020年赣州首套住房利率下限是多少呢，不知道怎么查[允悲];好像就是4.65%;-0.1852407022283149
-----;------;------;0.0;;-0.1852407022283149;0;1.0;110;4.5936483323832973e-07;0.40000009187296665;0.6666668197882777
组合贷里的商贷呢;就是调整你的商贷部分啊[doge];0.46170460365236576
-----;------;------;0.0;0.46170460365236576;;0;1.0;472;1.9710927389862875e-06;0.40000039421854783;0.6666673236975796
那个下限一直没解读过;回复@灿烂加年华:看了，前几天公布的，就是这个公布引起的争论。我们地区公布的最低是LPR，就是没说哪一年哪一个月的LPR[doge];-0.8112472228547272
那个下限一直没解读过;你看所在城市的公众号，一般都有发布;0.8627861161687831
-----;------;------;0.8370166695117551;0.8627861161687831;-0.8112472228547272;1.6740333390235103;0.16298333048824487;153;6.389347225951314e-07;0.40000012778694455;0.6666668796449075
lpr之前，上浮百分之多少的那种，当时的房贷政策利率下限是多少，没有公布啊;各个地方自己公布的;-0.5819048938077649
-----;------;------;0.0;;-0.5819048938077649;0;1.0;32;1.3363340603296865e-07;0.4000000267266812;0.6666667112111353
好事[给力];早上好;0.025910216237784445
-----;------;------;0.0;0.025910216237784445;;0;1.0;43766;0.00018276873901371582;0.4000365537478028;0.6667275895796712
你提供除降价之外的一切利好，我提供除购买之外的一切支持。;回复@名_二月4:那你快点买吧，多买几套。;-0.5842266278244157
-----;------;------;0.0;;-0.5842266278244157;0;1.0;37;1.5451362572562e-07;0.4000000309027252;0.6666667181712085
这是楼卖不动了;帮帮孩子吧[doge];0.4578924261685773
-----;------;------;0.0;0.4578924261685773;;0;1.0;0;0.0;0.4;0.6666666666666666
2019.10.8之前的不调整一下?;回复@老周闲丿:固定利率大部分不也都调整为lpr了？;-0.7114721686624212
2019.10.8之前的不调整一下?;之前都是固定利率，没有lpr[允悲];0.9122567466770031
-----;------;------;0.8118644576697122;0.9122567466770031;-0.7114721686624212;1.6237289153394243;0.18813554233028784;282;1.1776443906655363e-06;0.40000023552887815;0.6666670592147969
为什么不是自动降，还得去申请。申请是不是得审批。这一拖就2024年了。;你不去申请，银行乐得多收点。;-0.8201555403326735
为什么不是自动降，还得去申请。申请是不是得审批。这一拖就2024年了。;只是名义上申请大概率银行会批量调整;-0.9461836094222109
-----;------;------;0.06301403454476873;;-0.9461836094222109;0;1.0;26;1.0857714240178703e-07;0.42520563553333596;0.7086760592222265
申请了人家不一定同意怎么办[doge];协商不过银行怎么办;-0.7667545621160019
-----;------;------;0.0;;-0.7667545621160019;0;1.0;272;1.1358839512802336e-06;0.4000002271767903;0.6666670452946504
2019.10.08之前的呢？;都是4.9;0.05022633732753401
2019.10.08之前的呢？;回复@辛德瑞拉__:那2019年之前的呢;-0.19215916677667622
2019.10.08之前的呢？;回复@辛德瑞拉__:之前的重新签贷款合同吗？;-0.9276210314646316
2019.10.08之前的呢？;我理解的是之前的可以贷新款Cover掉原来高利率的;0.81089675896609
-----;------;------;0.6206360221494295;0.81089675896609;-0.9276210314646316;1.7385177904307216;0.13074110478463918;1205;5.032132945928976e-06;0.30055185720021665;0.500919762000361
@沐沐的小阿飞;回复@沐沐的小阿飞:好好当韭菜，镰刀今天少割点，是为了明天多割点。;-0.1026319777149538
@沐沐的小阿飞;而且为啥越往后LPR续低的时候反而扣的越多，22年之前的都是维持之前的高LPR;-0.7715505254961688
@沐沐的小阿飞;申请了万一不同意怎么办，申请不到最低的怎么办;-0.9984838410948165
-----;------;------;0.38027786835060157;;-0.9984838410948165;0;1.0;80;3.3408351508242163e-07;0.5521112141569438;0.9201853569282394
关注;感谢关注;0.7939735303170461
-----;------;------;0.0;0.7939735303170461;;0;1.0;152641;0.000637435522821199;0.40012748710456425;0.6668791451742736
关注;感谢关注;0.7939735303170461
-----;------;------;0.0;0.7939735303170461;;0;1.0;122399;0.0005111436020321666;0.40010222872040646;0.666837047867344
关注一下;[送花花][送花花];0.7259328544993484
-----;------;------;0.0;0.7259328544993484;;0;1.0;505;2.1089021889577865e-06;0.4000004217804378;0.6666673696340629
关注;感谢关注;0.7939735303170461
-----;------;------;0.0;0.7939735303170461;;0;1.0;180957;0.0007556843829846222;0.4001511368765969;0.6669185614609948
关注@成都发布;感谢关注;0.7939735303170461
-----;------;------;0.0;0.7939735303170461;;0;1.0;360718;0.001506374217418762;0.40030127484348377;0.6671687914058062
关注;感谢关注;0.7939735303170461
-----;------;------;0.0;0.7939735303170461;;0;1.0;1487;6.2097773365945114e-06;0.4000012419554673;0.6666687365924454
关注;感谢关注;0.7939735303170461
-----;------;------;0.0;0.7939735303170461;;0;1.0;9259;3.866599082685177e-05;0.4000077331981654;0.6666795553302756
关注;感谢关注;0.7939735303170461
-----;------;------;0.0;0.7939735303170461;;0;1.0;2219;9.26664149959867e-06;0.40000185332829996;0.6666697555471665
关注;感谢关注;0.7939735303170461
-----;------;------;0.0;0.7939735303170461;;0;1.0;150611;0.0006289581536259825;0.4001257916307252;0.666876319384542
关注;感谢关注;0.7939735303170461
-----;------;------;0.0;0.7939735303170461;;0;1.0;14858;6.204766083868275e-05;0.40001240953216777;0.6666873492202795
关注;感谢关注;0.7939735303170461
-----;------;------;0.0;0.7939735303170461;;0;1.0;88583;0.00036992650020682694;0.4000739853000414;0.6667899755000689
关注[鲜花][鲜花];感谢关注;0.7939735303170461
-----;------;------;0.0;0.7939735303170461;;0;1.0;7770;3.24478614023802e-05;0.4000064895722805;0.6666774826204674
关注;感谢关注;0.7939735303170461
-----;------;------;0.0;0.7939735303170461;;0;1.0;7770;3.24478614023802e-05;0.4000064895722805;0.6666774826204674
关注[鲜花];感谢关注;0.7939735303170461
-----;------;------;0.0;0.7939735303170461;;0;1.0;7770;3.24478614023802e-05;0.4000064895722805;0.6666774826204674
[话筒];[送花花][送花花];0.7259328544993484
-----;------;------;0.0;0.7259328544993484;;0;1.0;98;4.092523059759665e-07;0.4000000818504612;0.6666668030841019
关注;感谢关注;0.7939735303170461
-----;------;------;0.0;0.7939735303170461;;0;1.0;2883;1.2039534674782768e-05;0.400002407906935;0.6666706798448915
19年10月之前的呢？;回复@MR-大厨:必须调，国家政策在哪里呢？并且沿海各城市都有18年前的下限;0.6191744236115853
19年10月之前的呢？;回复@以北以南以西东:所以说目前有两种解读一种是降到当时贷款时的lpr4.85另一种就是降到现在的lpr4.2[doge]当然希望是后者;0.9628652525337071
19年10月之前的呢？;回复@熊熊本熊yeah:我19年转了我看到是只有LPR，那意思是可以和银行调利率到LPR哦？四川是好多现在4.2%样？银行得干啊？银行吃进去的肉怕不好抠出来哦[允悲][允悲][允悲][裂开][苦涩];0.3935871789458436
19年10月之前的呢？;回复@wizdpzj:不知道，19年前的调不调低;-0.9852450361240797
19年10月之前的呢？;回复@MR-大厨:应该是基准利率0.7倍;-0.6481900238554703
19年10月之前的呢？;你后面没转lpr吗？;-0.4110641627565963
19年10月之前的呢？;我也想问，我是17年10月发放的贷款;-0.8505656758567866
-----;------;------;0.719913141125385;0.9628652525337071;-0.9852450361240797;1.9481102886577868;0.025944855671106604;102;4.259564817300876e-07;0.29834328390989295;0.49723880651648816
19年10月之前的呢？;同问;-0.3756097560975611
-----;------;------;0.0;;-0.3756097560975611;0;1.0;180;7.516879089354487e-07;0.4000001503375818;0.6666669172293029
是不是只要有房贷未还清的就可以申请降低利息啊？我首套房贷了20年还有10年，可以申请吗？;回复@漂浮着_1:30年已经还10年的了么还有意义吗[doge][允悲];0.959863441164909
是不是只要有房贷未还清的就可以申请降低利息啊？我首套房贷了20年还有10年，可以申请吗？;没意义了，利息还的差不多了;0.40343365513829954
-----;------;------;0.2782148930133047;0.959863441164909;;0;1.0;52;2.1715428480357405e-07;0.5112860006361788;0.8521433343936312
这，能不能说结果几个点？[允悲];回复@DANDAN118OK296:要看是不是回到现在的首套房贷利率下限，如果是当时的下限就没多少;-0.8551338367668229
这，能不能说结果几个点？[允悲];回复@DANDAN118OK296:谢谢;-0.6321587851006698
这，能不能说结果几个点？[允悲];回复@面包树二:4.2;0.492140553149901
这，能不能说结果几个点？[允悲];回复@DANDAN118OK296:我想问德阳[允悲][允悲];0.9689201413550059
这，能不能说结果几个点？[允悲];4.2啊;-0.6000000000000001
-----;------;------;0.7202019004934581;0.9689201413550059;-0.8551338367668229;1.8240539781218288;0.0879730109390856;199;8.310327437675238e-07;0.32327013077956623;0.538783551299277
有懂的朋友嘛22年11月办的4.3还能降吗;4.3了还降？;-0.305553022139492
-----;------;------;0.0;;-0.305553022139492;0;1.0;0;0.0;0.4;0.6666666666666666
这个LPR数值是当时的LPR？还是现在的LPR;关键就是这个，估计是当时的;0.07161701277997778
-----;------;------;0.0;0.07161701277997778;;0;1.0;188;7.850962604436908e-07;0.4000001570192521;0.6666669283654201
昨天挨了两巴掌今天只挨一个真开心啊;这代年轻人活得清醒，大半辈子被房贷绑架，累死累活一辈子就为了这点钱，这样的人生不可悲吗;0.9999697795407876
昨天挨了两巴掌今天只挨一个真开心啊;全世界买房还有利息的只有中国吧[doge];0.6939987362672975
昨天挨了两巴掌今天只挨一个真开心啊;中肯的！羊毛出在羊身上，银行只是少赚一丢丢，很多人搞得降利率是银行亏本大酬宾一样。[允悲]http://t.cn/A6Oqmw2H;0.6452572801846963
昨天挨了两巴掌今天只挨一个真开心啊;疫情前就有老师傅说房价会下跌，还有未来会打三到五折;-0.29160156806433557
昨天挨了两巴掌今天只挨一个真开心啊;林萧你……;0.7743816627563189
昨天挨了两巴掌今天只挨一个真开心啊;这么会说话，你不要命啦[哆啦A梦害怕];0.8177278138207043
昨天挨了两巴掌今天只挨一个真开心啊;资本家拿走原本属于你的十个苹果，随后只还给你一个，你就对它感激涕流。[doge];-0.5709295650676842
昨天挨了两巴掌今天只挨一个真开心啊;咋啦，借钱不用给利息？;0.4595907810649391
昨天挨了两巴掌今天只挨一个真开心啊;可以了。我去年10月份存的存款还3.85的利息呢。新增存款才多少？降下来之后也没有什么利息差。还嫌贵你不要找银行借，问你亲戚借30年，看看你亲朋好友跟你关系好的，能做到比银行低多少;-0.39171432427732356
昨天挨了两巴掌今天只挨一个真开心啊;这层蛮搞笑的，借钱不想有利息的话，全款买房没有利息哦[哇]什么？国家借你钱凭什么要利息？对啊，凭什么呢，可能国家欠你的吧，谁知道呢;-0.5016446144089783
昨天挨了两巴掌今天只挨一个真开心啊;热一是你应得的[哇];-0.41308357684312846
昨天挨了两巴掌今天只挨一个真开心啊;就是，房子就应该免费发，居然还要买[doge];-0.46204700106109087
昨天挨了两巴掌今天只挨一个真开心啊;林萧你[可爱][老师好][老师好][老师好]@百花谷家畜饲养专家;0.9999435891781054
昨天挨了两巴掌今天只挨一个真开心啊;对，每年收房产税的才能让你发自肺腑的开心[偷笑][偷笑][偷笑];0.26102533774047054
昨天挨了两巴掌今天只挨一个真开心啊;是房子跌的我一夜没睡觉[允悲]福岛的真相！http://t.cn/A6O2jfm8;0.8687843513431683
昨天挨了两巴掌今天只挨一个真开心啊;41万赶紧去消费;-0.6565732182380031
昨天挨了两巴掌今天只挨一个真开心啊;刚来，是直接感恩还是先走程序？;0.47988387438609603
昨天挨了两巴掌今天只挨一个真开心啊;相比之下好多了，要不就别买房，别在这说些没用的，既然选择贷款了就别说别的了，人家银行不可能一点利息没有，搞慈善啊;-0.10388378150039212
昨天挨了两巴掌今天只挨一个真开心啊;现实版人民名义正在上演！秦皇岛中院法官谢益不寻常，枉法裁判太嚣张，请求大家入住我微博帮忙转发为正义发声万分感谢@河北高院@河北检察@河北长安网@秦皇岛检察[泪];0.9999999781663294
昨天挨了两巴掌今天只挨一个真开心啊;你是懂pua的;-0.006410598048884442
-----;------;------;0.5921778355343889;0.9999999781663294;-0.6565732182380031;1.6565731964043324;0.1717134017978338;70;2.923230756971189e-07;0.3055565533975042;0.5092609223291736
笑死，这里面最好玩的不应该是仅仅只降了这么一点就没了40万吗？就这还指望人民群众感恩戴德？？;冷知识，全款买房没有利息;0.7298001881825358
笑死，这里面最好玩的不应该是仅仅只降了这么一点就没了40万吗？就这还指望人民群众感恩戴德？？;这楼里这么多急着帮银行说话的，银行赚的钱分给你们多少啊[哆啦A梦害怕]有钱一起赚不行吗;-0.9969850806093168
笑死，这里面最好玩的不应该是仅仅只降了这么一点就没了40万吗？就这还指望人民群众感恩戴德？？;啊对对对，有些人总想不劳而获，只要ZF不免费发一线城市好地段的房子永远他都不可能对你感恩[偷笑][偷笑][偷笑];0.9549202533080461
笑死，这里面最好玩的不应该是仅仅只降了这么一点就没了40万吗？就这还指望人民群众感恩戴德？？;银行就靠贷息差赚钱，不然人家白借你？人家拿什么付储户利息？？能耐找亲戚去借，看有几个人借你买房？借你也是每月一两分的息，还让你还30年？;-0.9794051354997393
笑死，这里面最好玩的不应该是仅仅只降了这么一点就没了40万吗？就这还指望人民群众感恩戴德？？;你存银行的钱可以不要利息吗;-0.6599762844361021
笑死，这里面最好玩的不应该是仅仅只降了这么一点就没了40万吗？就这还指望人民群众感恩戴德？？;降1.5%就差出40万不是因为他买的房子总价高贷款总额高吗...;-0.8222948179867007
笑死，这里面最好玩的不应该是仅仅只降了这么一点就没了40万吗？就这还指望人民群众感恩戴德？？;这层里富哥好多羡慕了[苦涩];0.9763719196066225
笑死，这里面最好玩的不应该是仅仅只降了这么一点就没了40万吗？就这还指望人民群众感恩戴德？？;楼里的都是银行的？还是国家收的利息能到你口袋呀[太开心];0.5057729198656162
笑死，这里面最好玩的不应该是仅仅只降了这么一点就没了40万吗？就这还指望人民群众感恩戴德？？;房子升值时，不见你出来给大家发点钱？现在没得升值，搞得全世界欠你的一样;-0.7194552979266862
笑死，这里面最好玩的不应该是仅仅只降了这么一点就没了40万吗？就这还指望人民群众感恩戴德？？;有钱你全款买啊，没钱你别买啊，或者有门路你别找银行借钱啊;-0.8574766676862859
笑死，这里面最好玩的不应该是仅仅只降了这么一点就没了40万吗？就这还指望人民群众感恩戴德？？;笑死，知道贷款利率，本金，期限就可以算利息了，而且只涉及加减乘除。而且房子是你要买的，贷款是你要贷的，没人逼你。;0.9101569436835377
笑死，这里面最好玩的不应该是仅仅只降了这么一点就没了40万吗？就这还指望人民群众感恩戴德？？;希望國家給你免費發房子[哈哈];-0.5049282104991146
笑死，这里面最好玩的不应该是仅仅只降了这么一点就没了40万吗？就这还指望人民群众感恩戴德？？;做人不能既要又要还要;-0.2671459079729652
笑死，这里面最好玩的不应该是仅仅只降了这么一点就没了40万吗？就这还指望人民群众感恩戴德？？;哪里正规借款是零利息的？？你可以全款买的，那一分钱利息也不需要付呢;-0.9864644069558381
笑死，这里面最好玩的不应该是仅仅只降了这么一点就没了40万吗？就这还指望人民群众感恩戴德？？;评论区有些人跪久了只能说当韭菜当的不错;-0.4608683579171098
笑死，这里面最好玩的不应该是仅仅只降了这么一点就没了40万吗？就这还指望人民群众感恩戴德？？;兄弟私信记得关，我郭最不缺的就是楼市韭菜[doge];-0.07375976245116922
笑死，这里面最好玩的不应该是仅仅只降了这么一点就没了40万吗？就这还指望人民群众感恩戴德？？;可以全款哦宝子[悲伤];0.9518385372735978
笑死，这里面最好玩的不应该是仅仅只降了这么一点就没了40万吗？就这还指望人民群众感恩戴德？？;利率仍然是全球靠前的[摊手]不明白你们感激什么;0.28432362603562145
笑死，这里面最好玩的不应该是仅仅只降了这么一点就没了40万吗？就这还指望人民群众感恩戴德？？;精神资本家还蛮多的…;0.7343259319888422
笑死，这里面最好玩的不应该是仅仅只降了这么一点就没了40万吗？就这还指望人民群众感恩戴德？？;这层里富哥好多羡慕了[苦涩]前几天看永辉卖的秋月梨要12块钱一斤，我自家梨园的秋月梨熟了，10斤也才69包u，有需要的朋友找我呀[打call];-0.9831780761758111
-----;------;------;0.760046331884098;0.9763719196066225;-0.9969850806093168;1.9733570002159393;0.013321499892030353;115;4.80245052930981e-07;0.3093472287594619;0.5155787145991031
是房子跌的我一夜没睡觉[允悲];买的时候一万四，现在一万一[泪]别人卖的时候150万，我们卖才110[泪];0.8317303630281441
是房子跌的我一夜没睡觉[允悲];哈哈哈，你把我想说的给说了，但还是感谢国家的政策。还是为人民着想的。;0.9643732801584086
是房子跌的我一夜没睡觉[允悲];很贵的价格买的，房贷利率还高，银行不给降利息。亏好多钱好多年白干了，真的想死[裂开];-0.9390356198184424
是房子跌的我一夜没睡觉[允悲];“刚需不怕跌”[兔子];-0.18759679251937
是房子跌的我一夜没睡觉[允悲];挂了两个月没人问还是市区的位置[裂开];-0.9509395886198146
是房子跌的我一夜没睡觉[允悲];自住的，涨还是降都不相干了。炒房的话，也只能说活该了[二哈];-0.9200536227742497
是房子跌的我一夜没睡觉[允悲];现在买入合适吗[允悲]我需要买房;0.9924036513008987
是房子跌的我一夜没睡觉[允悲];如果是投资的那活该，如果是刚需，那就别觉得自己亏不亏了;0.8138715935727951
是房子跌的我一夜没睡觉[允悲];唉没办法我哥买了市区两套房子投资，他现在不开心，[苦涩]我没钱没车没房，房子降价了我开心[苦涩][苦涩][苦涩][允悲]不同人不同立场;0.9995927368845929
是房子跌的我一夜没睡觉[允悲];炒房的活该;-0.37027735213478463
是房子跌的我一夜没睡觉[允悲];你才一夜！我难受的一个多月没睡好[苦涩];-0.7378480068331499
是房子跌的我一夜没睡觉[允悲];炒房的自然睡不着;-0.8015291432272986
是房子跌的我一夜没睡觉[允悲];最贵的价格，最高的利息[微笑];0.8634929258257844
是房子跌的我一夜没睡觉[允悲];既然赶上了时代发展的红利，为啥不能降呢[doge];-0.16841763245642216
是房子跌的我一夜没睡觉[允悲];你不买，我不买，房价还能降两百[偷乐];-0.9128463237103572
是房子跌的我一夜没睡觉[允悲];看楼里这么多人害～买了一年不到亏了起码20个w贷款背的山高真不想背了买掉拉倒了租个民房住住得了;-0.9330054210806595
是房子跌的我一夜没睡觉[允悲];我都自降80万了，还是没有人接盘;-0.025812002755697838
是房子跌的我一夜没睡觉[允悲];114买入90左右都卖不掉我头发都要掉光光了[泪][泪][泪];0.9948343949349983
-----;------;------;0.8067397479297466;0.9995927368845929;-0.9509395886198146;1.9505323255044076;0.02473383724779621;4;1.670417575412108e-08;0.3325894374118523;0.5543157290197538
说的好像已经开始降了一样，需要协商的，说不定银行怎么折腾你呐[揣手];放心吧，这次银行不敢造次。这个降的不是银行本身的利润，是降的当初贷款买房时额外加的利息基点。哪个银行不完全执行就直接被约谈，换个行长还不轻松吗？;-0.964930474854069
说的好像已经开始降了一样，需要协商的，说不定银行怎么折腾你呐[揣手];是啊，为什么不直接改还得申请？就怕老百姓不够折腾是吧;-0.4065536546083244
说的好像已经开始降了一样，需要协商的，说不定银行怎么折腾你呐[揣手];银行：当时已经又优惠政策了，现在你不符合调整利率噢[喵喵];0.19528476185732768
说的好像已经开始降了一样，需要协商的，说不定银行怎么折腾你呐[揣手];对呀，都要和银行商量的，毛线银行一句，我不同意[伤心]说的像真的一样;-0.9734850427355899
说的好像已经开始降了一样，需要协商的，说不定银行怎么折腾你呐[揣手];信不信你现在给银行打电话咨询这个政策，他们会回复说：还没出细则。[允悲];-0.8893791697697266
说的好像已经开始降了一样，需要协商的，说不定银行怎么折腾你呐[揣手];都还没出细则呢[允悲]胖虎快去更新表情图，没得用了，快去！;0.9553690892755569
说的好像已经开始降了一样，需要协商的，说不定银行怎么折腾你呐[揣手];问了银行，还没出方案呢;-0.7449900609689635
说的好像已经开始降了一样，需要协商的，说不定银行怎么折腾你呐[揣手];真不明白这种事情需要去协商？难道要交换条件？不然过去协商啥？银行说我要给你降息了，你同不同意？这样吗？;-0.99811053374032
说的好像已经开始降了一样，需要协商的，说不定银行怎么折腾你呐[揣手];确实……我平安银行每个月降了50元，打算换银行了;-0.9700885216440167
说的好像已经开始降了一样，需要协商的，说不定银行怎么折腾你呐[揣手];银行不是傻子;-0.8351571526816586
说的好像已经开始降了一样，需要协商的，说不定银行怎么折腾你呐[揣手];是的，这个新闻感觉是编撰的，哈哈;0.8308394422073495
说的好像已经开始降了一样，需要协商的，说不定银行怎么折腾你呐[揣手];今年开年时利率不就降了吗，以前每月还5700，后来每月还5500，不知道这次能少多少，咱也不会算[笑cry];-0.8677218261300041
说的好像已经开始降了一样，需要协商的，说不定银行怎么折腾你呐[揣手];对啊要协商的啊;-0.19999999999999973
说的好像已经开始降了一样，需要协商的，说不定银行怎么折腾你呐[揣手];广州商转公什么时候来啊;0.4572031842020503
说的好像已经开始降了一样，需要协商的，说不定银行怎么折腾你呐[揣手];还申请不是应该直接降吗？[笑cry];-0.8229112884119363
说的好像已经开始降了一样，需要协商的，说不定银行怎么折腾你呐[揣手];现实版人民名义正在上演！秦皇岛中院法官谢益不寻常，枉法裁判太嚣张，请求大家入住我微博帮忙转发为正义发声万分感谢@河北高院@河北检察@河北长安网@秦皇岛检察.;0.9999997641178566
说的好像已经开始降了一样，需要协商的，说不定银行怎么折腾你呐[揣手];跟我想法一致，话都被银行说去了;0.2412290134708548
说的好像已经开始降了一样，需要协商的，说不定银行怎么折腾你呐[揣手];请问是针对所有银行吗，像那种本土的小银行也会吗;-0.9492224363095376
说的好像已经开始降了一样，需要协商的，说不定银行怎么折腾你呐[揣手];9.25开始，不过需要自己去申请;-0.7039129164586151
-----;------;------;0.7061679007343441;0.9999997641178566;-0.99811053374032;1.9981102978581766;0.0009448510709116897;568983;0.0023760980082767687;0.2833203203237577;0.47220053387292943
五年存款利率从3一路下降到2.25。200万一年少掉1.5万，30年少45万。[doge]房贷省下来的钱，储户买单;是的！我没炒房，辛辛苦苦存点钱我得罪谁了？！;-0.9912126403433228
五年存款利率从3一路下降到2.25。200万一年少掉1.5万，30年少45万。[doge]房贷省下来的钱，储户买单;羊毛出在羊身上，银行只是少赚一丢丢，很多人搞得降利率是银行亏本大酬宾一样。;-0.9065635983419269
五年存款利率从3一路下降到2.25。200万一年少掉1.5万，30年少45万。[doge]房贷省下来的钱，储户买单;是的，我原本指望每个月6千的利息当生活费，现在只有4千多一点了，利息降好多;0.37308538391742063
五年存款利率从3一路下降到2.25。200万一年少掉1.5万，30年少45万。[doge]房贷省下来的钱，储户买单;言下之意打着为你减负的幌子，还多收了你四万块钱的差额……真是又扮巫婆又装鬼，两头抹粉充好人啊[二哈][二哈][二哈];-0.8629282840809298
五年存款利率从3一路下降到2.25。200万一年少掉1.5万，30年少45万。[doge]房贷省下来的钱，储户买单;以后搞不好存钱要收管理费[doge];-0.9884920503795214
五年存款利率从3一路下降到2.25。200万一年少掉1.5万，30年少45万。[doge]房贷省下来的钱，储户买单;我前年定期还有3.15，昨晚听说又降赶紧趁2.85又存了一笔[苦涩]，果然今天工行降到2.6了;-0.1960891518864214
五年存款利率从3一路下降到2.25。200万一年少掉1.5万，30年少45万。[doge]房贷省下来的钱，储户买单;乡绅带头捐款，完事之后，乡绅的钱如数奉还，老百姓的钱，大家一起赚[doge];-0.8350182899020111
五年存款利率从3一路下降到2.25。200万一年少掉1.5万，30年少45万。[doge]房贷省下来的钱，储户买单;存的中国银行，20年三年定期还3.8，22年就到了3.1，今天去存的2.6了……[允悲][允悲][允悲][允悲][允悲];0.999999487295876
五年存款利率从3一路下降到2.25。200万一年少掉1.5万，30年少45万。[doge]房贷省下来的钱，储户买单;银行算计来算计去，是不会让韭菜得到一分钱利益。;0.3014278306168299
五年存款利率从3一路下降到2.25。200万一年少掉1.5万，30年少45万。[doge]房贷省下来的钱，储户买单;还让计划断供的继续交上，可谓一石好多鸟。;0.6586176497181873
五年存款利率从3一路下降到2.25。200万一年少掉1.5万，30年少45万。[doge]房贷省下来的钱，储户买单;嗨，这事整的，这届人民不好忽悠了;-0.9904077730872651
五年存款利率从3一路下降到2.25。200万一年少掉1.5万，30年少45万。[doge]房贷省下来的钱，储户买单;目的是希望大家钱钱不要存了，动起来内循环起来呀，又不是为了抵冲存量调利率;-0.9780085557368845
五年存款利率从3一路下降到2.25。200万一年少掉1.5万，30年少45万。[doge]房贷省下来的钱，储户买单;存款利率降了，老百姓少赚多少利息怎么不提;0.8270437580762389
五年存款利率从3一路下降到2.25。200万一年少掉1.5万，30年少45万。[doge]房贷省下来的钱，储户买单;不懂就问，利率调来调去，每月房贷还款也变来变去的么？;-0.9973987139863867
五年存款利率从3一路下降到2.25。200万一年少掉1.5万，30年少45万。[doge]房贷省下来的钱，储户买单;这房子留在房企手上就是爆雷，要是到银行那就是系统性金融风险，到韭菜手上就是软着陆[赞][666];-0.2044392877527137
五年存款利率从3一路下降到2.25。200万一年少掉1.5万，30年少45万。[doge]房贷省下来的钱，储户买单;20年的时候还是4[泪];0.7287559261025434
五年存款利率从3一路下降到2.25。200万一年少掉1.5万，30年少45万。[doge]房贷省下来的钱，储户买单;房价上升的时候炒房客赚钱，凭啥该跌得时候我们啥光都没沾到的要一起抗[费解][费解];-0.9984723743020154
-----;------;------;0.7516860832301286;0.999999487295876;-0.9984723743020154;1.9984718615978914;0.0007640692010543182;186;7.767441725666303e-07;0.3009802163213077;0.5016336938688462
减息41万，房价跌没了100万，就好比股票分红1个点，当天低开低走跌没了5个点。这都是套路啊！;如果是刚需自住，房价涨跌对已购房者基本没影响，那就是一个数字，最多就是心里有落差，降息却是切身利益可以改善生活;0.39562885200452835
减息41万，房价跌没了100万，就好比股票分红1个点，当天低开低走跌没了5个点。这都是套路啊！;所以呢，不给你减息就行了，就满意了。;0.11040479851198115
减息41万，房价跌没了100万，就好比股票分红1个点，当天低开低走跌没了5个点。这都是套路啊！;买房子是住人的，买到手了管他房价多少又不卖;0.03913947356562186
减息41万，房价跌没了100万，就好比股票分红1个点，当天低开低走跌没了5个点。这都是套路啊！;谁让有些人买房不住只为炒房价;-0.832115702151756
减息41万，房价跌没了100万，就好比股票分红1个点，当天低开低走跌没了5个点。这都是套路啊！;嫌房价高，但是你嫌房价跌的也是你。;-0.6779351989526896
减息41万，房价跌没了100万，就好比股票分红1个点，当天低开低走跌没了5个点。这都是套路啊！;对买房住的人是好事，炒房的活该还哈哈哈哈哈哈哈哈哈哈哈哈哈哈哈好哈哈哈哈哈哈哈哈哈哈哈哈好哈哈哈哈哈哈哈哈哈哈嗝;0.9999999911498199
减息41万，房价跌没了100万，就好比股票分红1个点，当天低开低走跌没了5个点。这都是套路啊！;几度欢喜，几度仇;0.18296450222335991
减息41万，房价跌没了100万，就好比股票分红1个点，当天低开低走跌没了5个点。这都是套路啊！;好房子总会涨回去的;0.8474164555747408
减息41万，房价跌没了100万，就好比股票分红1个点，当天低开低走跌没了5个点。这都是套路啊！;[doge][doge][doge]烟草涨了，10%;0.2476886894925554
减息41万，房价跌没了100万，就好比股票分红1个点，当天低开低走跌没了5个点。这都是套路啊！;如果一分钱也不给你减呢？？你是不是也没啥话说;-0.9897876736311004
减息41万，房价跌没了100万，就好比股票分红1个点，当天低开低走跌没了5个点。这都是套路啊！;房价降了不是好事吗？;-0.7796697160734232
减息41万，房价跌没了100万，就好比股票分红1个点，当天低开低走跌没了5个点。这都是套路啊！;数学鬼才;0.8988077438609465
减息41万，房价跌没了100万，就好比股票分红1个点，当天低开低走跌没了5个点。这都是套路啊！;高兴是因为房子买的时候本身是为了住啊。;0.18379167013833597
减息41万，房价跌没了100万，就好比股票分红1个点，当天低开低走跌没了5个点。这都是套路啊！;没办法，看着是坑也要跳，至少比火烧强～;-0.9721917024297055
减息41万，房价跌没了100万，就好比股票分红1个点，当天低开低走跌没了5个点。这都是套路啊！;你如果是刚需房就不存在，跌再多你不卖就没问题;-0.9321737446340088
减息41万，房价跌没了100万，就好比股票分红1个点，当天低开低走跌没了5个点。这都是套路啊！;真实....;0.02714556584388883
减息41万，房价跌没了100万，就好比股票分红1个点，当天低开低走跌没了5个点。这都是套路啊！;大城市新房，没怎么跌，只限于新房啊，二手的跌了;-0.9875418550356334
减息41万，房价跌没了100万，就好比股票分红1个点，当天低开低走跌没了5个点。这都是套路啊！;回复@连QQ会员都不是:总得为还没买的考虑，所以已经买了的并且是在高位买的不被薅还能薅谁，不就像延长退休就去薅八零九零，七零前享受早退休，零零后从工作前就已经是延长后的政策;0.6496630561263739
减息41万，房价跌没了100万，就好比股票分红1个点，当天低开低走跌没了5个点。这都是套路啊！;回复@星__光__点__点:好好好，逮着刚需使劲薅是吧。;-0.99925285090123
-----;------;------;0.7042176190354232;0.9999999911498199;-0.99925285090123;1.9992528420510498;0.00037357897447509725;28;1.1692923027884756e-07;0.28183650258980536;0.4697275043163422
有点好笑[允悲];回复@Kuunvalo11:哈哈哈哈哈，这电影你记得太深了;0.7231244222028526
有点好笑[允悲];回复@扭螺丝世界冠军:贵人啊看来你爸不是夏洛是没有卖房的大春[doge];0.8627047791414479
有点好笑[允悲];我是不会买的，等我还完差不多都快死了[doge];-0.9203551436525463
有点好笑[允悲];回复@哞咪哞咪轰zZ:没有，那时候我们家靠近松元厦地铁站的出租屋赶上拆迁了…;0.9752267608628402
有点好笑[允悲];回复@扭螺丝世界冠军:求抱大腿[笑cry];0.766388505901269
有点好笑[允悲];回复@蒸排骨zyy:到时候跟银行申请就行不用存钱;-0.9573136520749983
有点好笑[允悲];回复@扭螺丝世界冠军:你爸运气真好[苦涩];0.9908826840219429
有点好笑[允悲];回复@扭螺丝世界冠军:你还欠一个姐姐吗[偷笑][苦涩];0.952746591991499
有点好笑[允悲];回复@扭螺丝世界冠军:牛人啊[喵喵];0.8365590104865173
有点好笑[允悲];回复@一觉睡到九点半一:那么要先存一笔钱进去才能有得降吗还是能直接降的;-0.9705962756281927
有点好笑[允悲];回复@扭螺丝世界冠军:大恩人[允悲];0.991379045512073
有点好笑[允悲];回复@Kuunvalo11:造孽呀[允悲];0.7569607851554374
有点好笑[允悲];回复@扭螺丝世界冠军:妈呀[哆啦A梦害怕]你们家在19年那会随便出两套就不愁吃喝了;0.8055803273926068
有点好笑[允悲];回复@扭螺丝世界冠军:少爷好;0.9457116106608465
有点好笑[允悲];多生孩子多买房不然我们活着有啥用[太开心];-0.3569825750965341
有点好笑[允悲];回复@扭螺丝世界冠军:真土！豪啊[色];0.5051822551357588
有点好笑[允悲];回复@蒸排骨zyy:大部分高利率都能少还一点;0.38431300644006505
有点好笑[允悲];回复@扭螺丝世界冠军:这是遇贵人了;0.7511454104627342
有点好笑[允悲];回复@Kuunvalo11:2010年的时候被他朋友劝着买的，说过几年深圳房价就会暴涨，那个伯父是个建筑行业的包工头，我爸当年是做防盗门锁生意[允悲];0.9231873103944412
有点好笑[允悲];回复@Seed_16742:有钱你可以不贷款全款买啊，在这阴阳怪气只会暴露你的智商和阶级，非常的可悲[心];-0.7486108791542845
有点好笑[允悲];还好深圳有几套房[允悲];0.9388792927261793
有点好笑[允悲];回复@扭螺丝世界冠军:天哪你爸是夏洛吗[苦涩];0.9923430677855836
有点好笑[允悲];请问亲们我家当时是利率高的时候买的现在利率低了是我们可以每个月供少一点吗我是真不懂;-0.8573681808437115
有点好笑[允悲];回复@Yang_Yu_1:画了个糖，给不给银行还没发话呢;-0.9941808638021052
有点好笑[允悲];感谢祖国[鲜花][鲜花];0.9342265898713848
有点好笑[允悲];这新闻怎么这么熟悉？？？让我想起了某人中了彩票鸡冻得睡不着的假新闻[哈哈][哈哈][哈哈][哈哈][哈哈][哈哈][哈哈];-0.620023607035316
有点好笑[允悲];还好我爸当年一口气在深圳买了五套房，要我现在在深圳买，估计连首付都凑不出来。;0.05587080242752118
有点好笑[允悲];回复@Yang_Yu_1:对，坚决不给银行机会，直接找亲戚免利息借，大家皆大欢喜。;-0.8096354270840671
-----;------;------;0.7793676411895671;0.9923430677855836;-0.9941808638021052;1.9865239315876888;0.0067380342061555965;0;0.0;0.3144422701582891;0.5240704502638152
忽悠傻子[哈哈];回复@LemontreezZ:需要。等于重签授信;-0.9270368130423434
忽悠傻子[哈哈];回复@碰上几个路人:我和老公是裸婚，房子是公公借给我们的，手上的钱是我和老公打工存的，当时结婚第9年，存款30万，不买房也不知道干嘛，孩子刚好要上小学，如果买就可以上学区，如果当时不买，第二年再买，孩子还要从一年级开始上学[允悲]想着钱会贬值，所以果断买的房！还有不要房的女朋友应该不多吧？[允悲];0.999993455140676
忽悠傻子[哈哈];回复@莫斯科大丽花:问一下哈，如果申请以前买的房子降息，银行重新签订合同的话，还需要重新走贷款流程查征信什么的吗;-0.9999326673335422
忽悠傻子[哈哈];回复@melo跳投美如画:可以。。。没问题;-0.7186390711557287
忽悠傻子[哈哈];回复@莫斯科大丽花:天津大傻子;-0.9562995838748978
忽悠傻子[哈哈];回复@莫斯科大丽花:啊这，V我50看看津爷的实力[笑而不语];0.6908782510620783
忽悠傻子[哈哈];回复@melo跳投美如画:应该是刻在骨子里的韭菜基因[挖鼻];-0.5871574789133045
忽悠傻子[哈哈];回复@一杯快乐的latte:不缺钱，还嫌房不够。;-0.07982544332030583
忽悠傻子[哈哈];回复@用户kowm32gu9t:没欠，倒腾房挣了超级超级超级多;-0.9826458157244611
忽悠傻子[哈哈];回复@melo跳投美如画:我是割韭菜的;-0.5171938963655247
忽悠傻子[哈哈];回复@莫斯科大丽花:哈哈，好韭菜;-0.7237903978159008
忽悠傻子[哈哈];回复@莫斯科大丽花:那我不能直接不买？;-0.9067992595990191
忽悠傻子[哈哈];这层楼有傻子跳出来对号入座了[嘻嘻];0.9740188929369362
忽悠傻子[哈哈];回复@碰上几个路人:我家是农村有房，那房子和我老公同岁，农村到市区开车要1小时50分钟，裸婚第9年，手上存了点钱，孩子刚好上小学，钱留在手机贬值，所以买了学区，我这应该是刚需了吧？[笑cry]那结婚女方要房，这属于刚需不[疑问];0.1059212715639326
忽悠傻子[哈哈];回复@SynchAbdon:你不买，我不买，明天还能降两百;-0.9906910195960765
忽悠傻子[哈哈];回复@SynchAbdon:想多了，刚需永远会买;-0.562956275974954
忽悠傻子[哈哈];是啊还能这样算？一下算出未来30年的，能保证未来就不会涨了？;0.9838097431644413
忽悠傻子[哈哈];不买房从你我做起，让那些炒房的人还有开发商继续炒，看他们坚持到什么时候;-0.6621969268615249
忽悠傻子[哈哈];有房贷真可怕;-0.5611538438079109
忽悠傻子[哈哈];回复@莫斯科大丽花:他没有房子[doge];-0.5181593974614944
忽悠傻子[哈哈];回复@莫斯科大丽花:我就想不降啊我还想涨，因为我不欠贷款[doge];-0.9645575546137615
忽悠傻子[哈哈];那你可以申请不降;-0.9103946904255489
-----;------;------;0.6800167706447832;0.999993455140676;-0.9999326673335422;1.9999261224742182;3.6938762890903476e-05;185;7.725681286280999e-07;0.2720216382766954;0.4533693971278256
房子跌了200万;房子是用来住的！不是用来炒的！;-0.5042026054056239
房子跌了200万;这时候又不准房价跌了？;-0.9562847585289129
房子跌了200万;又要房价低，又不准房价跌[doge];-0.8826348957325147
房子跌了200万;说房子跌的，估计大多数都是想靠房子升值卖掉赚钱的。;-0.6829220048826157
房子跌了200万;本来房子就是虚高;0.11895436337794241
房子跌了200万;房价是不会跌的，看看现在多少小孩，15年后又要给孩子买房子结婚了。;-0.4524794020706122
房子跌了200万;一线城市是不可能跌的。除非你买的是其他地市。。;-0.8488588822340382
房子跌了200万;啥房子这么不保值;0.6627602964334054
房子跌了200万;我的也跌了，我还得还利息，我被国家割韭菜了，我恨。;0.3795782291218681
房子跌了200万;不要暴跌對一般人還是好的吧，房子還是拿來住好;0.20844778935456265
房子跌了200万;打开链家看了一眼我们小区均价又涨4000……每年开学季都涨春节会稍微跌一些;-0.22618047347478099
房子跌了200万;国内的小区挂100套，但三个月没卖出去一个了[doge];-0.43822654305631037
房子跌了200万;我也赞同你的观点;0.2691322259382023
房子跌了200万;无所谓，反正不炒房，涨跌无所谓，降低利率才是王道，还贷压力小了;-0.8571023460721001
房子跌了200万;少的是利息，不是首付跟贷款数[白眼];0.17746136557843206
房子跌了200万;那赶紧卖了住桥洞或者去偏远地区盖一栋几十万的大别墅;-0.7491047429908233
房子跌了200万;为什么一谈跌了就要说炒房啊。前几年不买放到今年来买，我就是能买条件更好的房子啊。当不了预言家心疼一下钱不行吗[融化]（这辈子不会再听父母的建议做决定了，纯纯若纸）;-0.3238210695541135
房子跌了200万;回复@你最好听的到:哈哈，你猜为什么出生人口这三个省最多，因为这三个省的人口数本来就是全国前三啊[允悲]人口基数大了，出生人口肯定多啊，🉐看出生率。;0.9596069433356051
-----;------;------;0.5624384268361131;0.9596069433356051;-0.9562847585289129;1.915891701864518;0.042054149067740965;221;9.229057104151898e-07;0.24179721494268375;0.4029953582378062
炒作吧。首先要去申请，银行批不批呢。房地产现在怎么都救不活了;房子越来越多，人口越来越少，以后越来越完蛋。除非超一线城市。;0.7216926743019743
炒作吧。首先要去申请，银行批不批呢。房地产现在怎么都救不活了;对的申请这个事儿怎么没给说说清楚;-0.9736675170759397
炒作吧。首先要去申请，银行批不批呢。房地产现在怎么都救不活了;我贷款的建行今天早上发公告说已经开始落实，后续会公式方案[揣手];-0.5138504401797772
炒作吧。首先要去申请，银行批不批呢。房地产现在怎么都救不活了;我们这还在不停的建房子，就屁大点的地方，人口就那么多，又没有外来人口，不知道要卖给谁[笑cry];-0.9795065404695322
炒作吧。首先要去申请，银行批不批呢。房地产现在怎么都救不活了;要是房子好卖哪有这么多政策房地产现在是死透了;0.8418226179377939
炒作吧。首先要去申请，银行批不批呢。房地产现在怎么都救不活了;无所谓，反正不买房不生孩子，人生百分之九十的烦恼都迎刃而解;0.752135052876481
炒作吧。首先要去申请，银行批不批呢。房地产现在怎么都救不活了;不买房从你我做起，让那些炒房的人还有开发商继续炒，看他们坚持到什么时候;-0.6621969268615249
炒作吧。首先要去申请，银行批不批呢。房地产现在怎么都救不活了;我家这边在图书馆旁边都有两个开发商建的楼盘，一个楼盘建好了没啥人入住，特别空。另外一个还在建，搞不懂，楼市都已经崩溃了还在建……;0.8883795162253902
炒作吧。首先要去申请，银行批不批呢。房地产现在怎么都救不活了;现在是有钱的不买，想买的没钱[允悲];0.6388664239690343
炒作吧。首先要去申请，银行批不批呢。房地产现在怎么都救不活了;对啊，决定权在商业银行自己，说最高按lpr减2%，银行的钱哪来的？要么从央行批发过来的，要么吸储来的，还赔钱带给你，炒房的人脑洞可以的;-0.9744302889731451
炒作吧。首先要去申请，银行批不批呢。房地产现在怎么都救不活了;铁定炒作啊;-0.8397135277831904
炒作吧。首先要去申请，银行批不批呢。房地产现在怎么都救不活了;我贷款的招行，昨天已经发布通知了，也打电话咨询过，会按照要求调整。因为政策是8月31日出台的，所以银行也需要一点时间去消化和做方案，是线上批量还是线下申请，所以耐心等一下，这个月内会落实的。;-0.9999594320710385
炒作吧。首先要去申请，银行批不批呢。房地产现在怎么都救不活了;银行要是能批就特么是个怪事了[doge];-0.6313396371521822
炒作吧。首先要去申请，银行批不批呢。房地产现在怎么都救不活了;请问在哪里申请;-0.9625657340821454
炒作吧。首先要去申请，银行批不批呢。房地产现在怎么都救不活了;应该是会披的，这样总好过提前还贷收不到利息;-0.8893577010403062
炒作吧。首先要去申请，银行批不批呢。房地产现在怎么都救不活了;我还在纳闷降利息他的就跟着降了？;-0.7277467882258923
炒作吧。首先要去申请，银行批不批呢。房地产现在怎么都救不活了;建行公众号刚发消息[doge];-0.7885369574733949
炒作吧。首先要去申请，银行批不批呢。房地产现在怎么都救不活了;回复@维wertlouk:嗯嗯，是的，成都最低可以做到4.3%，他资质蛮好的，大概率能谈到;-0.3946942331016092
炒作吧。首先要去申请，银行批不批呢。房地产现在怎么都救不活了;回复@狗崽崽的家:也许以后卖给歪果仁;0.08950897737838348
-----;------;------;0.7081910023228853;0.8883795162253902;-0.9999594320710385;1.8883389482964288;0.055830525851785606;446;1.8625155965845006e-06;0.3056089837729877;0.5093483062883127
银行存款利息越来越低，就是逼着储户们花钱，别再存钱了。降低人民群众的收入，提高人民群众消费水平，这就是大智慧，你们永远想不到这种谋略。。;高中课本经济就有;0.8027028017273654
银行存款利息越来越低，就是逼着储户们花钱，别再存钱了。降低人民群众的收入，提高人民群众消费水平，这就是大智慧，你们永远想不到这种谋略。。;利息越低越不敢花呀，他们难道没想到？反正我是越来越不敢花钱了。;-0.9839256693245373
银行存款利息越来越低，就是逼着储户们花钱，别再存钱了。降低人民群众的收入，提高人民群众消费水平，这就是大智慧，你们永远想不到这种谋略。。;Tm读过高中都知道，还永远想不到[允悲];0.9986205667025674
银行存款利息越来越低，就是逼着储户们花钱，别再存钱了。降低人民群众的收入，提高人民群众消费水平，这就是大智慧，你们永远想不到这种谋略。。;回复@弹棉花23:那缺你的吗？你花的三瓜两枣为GDP贡献多少？;-0.18743453901876217
银行存款利息越来越低，就是逼着储户们花钱，别再存钱了。降低人民群众的收入，提高人民群众消费水平，这就是大智慧，你们永远想不到这种谋略。。;回复@梨落清致:经济学面对非理性选择哈哈哈哈，跑不赢通胀的;0.9986161365036372
银行存款利息越来越低，就是逼着储户们花钱，别再存钱了。降低人民群众的收入，提高人民群众消费水平，这就是大智慧，你们永远想不到这种谋略。。;这个高中政治经济部分就有啊🤔️;0.1388438896598081
银行存款利息越来越低，就是逼着储户们花钱，别再存钱了。降低人民群众的收入，提高人民群众消费水平，这就是大智慧，你们永远想不到这种谋略。。;回复@ni就是个弟弟8:关键是穷人好几个亿，富人才几千几万;0.33849447075738737
银行存款利息越来越低，就是逼着储户们花钱，别再存钱了。降低人民群众的收入，提高人民群众消费水平，这就是大智慧，你们永远想不到这种谋略。。;看人吹牛装币也是一种乐趣，继续说，我爱看;0.527615857370662
银行存款利息越来越低，就是逼着储户们花钱，别再存钱了。降低人民群众的收入，提高人民群众消费水平，这就是大智慧，你们永远想不到这种谋略。。;回复@梨落清致:[doge]上次还说，可能以后存钱没利息，还要向你收保管费;-0.9673311814779271
银行存款利息越来越低，就是逼着储户们花钱，别再存钱了。降低人民群众的收入，提高人民群众消费水平，这就是大智慧，你们永远想不到这种谋略。。;回复@梨落清致:中国经济缺你那三瓜两枣吗[doge];-0.04414082619290971
银行存款利息越来越低，就是逼着储户们花钱，别再存钱了。降低人民群众的收入，提高人民群众消费水平，这就是大智慧，你们永远想不到这种谋略。。;回复@梨落清致:那就一起毁灭;0.7649041354397528
银行存款利息越来越低，就是逼着储户们花钱，别再存钱了。降低人民群众的收入，提高人民群众消费水平，这就是大智慧，你们永远想不到这种谋略。。;回复@梨落清致:哈哈哈哈[赞];0.9645357650699662
银行存款利息越来越低，就是逼着储户们花钱，别再存钱了。降低人民群众的收入，提高人民群众消费水平，这就是大智慧，你们永远想不到这种谋略。。;回复@__一叶之秋君莫笑:那就变啊，大不了金圆券嘛，到时候急的看是谁;0.8169855412010332
银行存款利息越来越低，就是逼着储户们花钱，别再存钱了。降低人民群众的收入，提高人民群众消费水平，这就是大智慧，你们永远想不到这种谋略。。;回复@南部之星V587:不买商品生产商品的公司就该倒闭了，倒闭影响到人们工作，怕没工作的人们更不敢乱花钱了，恶性循环[doge];-0.9924189141978399
银行存款利息越来越低，就是逼着储户们花钱，别再存钱了。降低人民群众的收入，提高人民群众消费水平，这就是大智慧，你们永远想不到这种谋略。。;回复@梨落清致:放家里通货膨胀一百块到几年变成50的购买力;0.31166177478991797
银行存款利息越来越低，就是逼着储户们花钱，别再存钱了。降低人民群众的收入，提高人民群众消费水平，这就是大智慧，你们永远想不到这种谋略。。;你但凡上过大学说不出这话，小儿科还谋略;-0.33351427684601065
银行存款利息越来越低，就是逼着储户们花钱，别再存钱了。降低人民群众的收入，提高人民群众消费水平，这就是大智慧，你们永远想不到这种谋略。。;回复@ni就是个弟弟8:认同你。贫富不均就是会阻碍经济发展。;0.7127870113652164
银行存款利息越来越低，就是逼着储户们花钱，别再存钱了。降低人民群众的收入，提高人民群众消费水平，这就是大智慧，你们永远想不到这种谋略。。;回复@ni就是个弟弟8:你不看看中国多少人主体还是工薪;0.5610936204228094
银行存款利息越来越低，就是逼着储户们花钱，别再存钱了。降低人民群众的收入，提高人民群众消费水平，这就是大智慧，你们永远想不到这种谋略。。;回复@护情:普通人现在都赚不到多个100[二哈];0.8351572956218873
银行存款利息越来越低，就是逼着储户们花钱，别再存钱了。降低人民群众的收入，提高人民群众消费水平，这就是大智慧，你们永远想不到这种谋略。。;回复@三花玳瑁猫:所以zf的谋略就在这一边稳住房地产价格一边让你们变相还贷房地产泡沫不就稳住了吗[允悲];0.7874382510801754
银行存款利息越来越低，就是逼着储户们花钱，别再存钱了。降低人民群众的收入，提高人民群众消费水平，这就是大智慧，你们永远想不到这种谋略。。;稍微微微了解点经济，都知道吧？[允悲];0.9899947480515847
银行存款利息越来越低，就是逼着储户们花钱，别再存钱了。降低人民群众的收入，提高人民群众消费水平，这就是大智慧，你们永远想不到这种谋略。。;别整的那么阴谋论，学一下经济学再说吧，市场好不好钱总量是不变的，经济不好是因为大家不花钱，钱流动不了，不是钱少了;-0.7231893508423513
银行存款利息越来越低，就是逼着储户们花钱，别再存钱了。降低人民群众的收入，提高人民群众消费水平，这就是大智慧，你们永远想不到这种谋略。。;现在经济形势这么不好随时都有可能被裁员没饭吃哪敢把存款拿出来乱花呀不得留点钱保命啊[哼];-0.6251337425397083
银行存款利息越来越低，就是逼着储户们花钱，别再存钱了。降低人民群众的收入，提高人民群众消费水平，这就是大智慧，你们永远想不到这种谋略。。;稍微懂点经济学的都知道;0.8935170373625607
银行存款利息越来越低，就是逼着储户们花钱，别再存钱了。降低人民群众的收入，提高人民群众消费水平，这就是大智慧，你们永远想不到这种谋略。。;不买房从你我做起，让那些炒房的人还有开发商继续炒，看他们坚持到什么时候;-0.6621969268615249
银行存款利息越来越低，就是逼着储户们花钱，别再存钱了。降低人民群众的收入，提高人民群众消费水平，这就是大智慧，你们永远想不到这种谋略。。;他想得美！越这样老子越不花钱，直到存款利率降到零，老子全取出来放家里不花，看谁耗得过谁[哈哈];0.9762112646942067
银行存款利息越来越低，就是逼着储户们花钱，别再存钱了。降低人民群众的收入，提高人民群众消费水平，这就是大智慧，你们永远想不到这种谋略。。;消费是不可能的。要么提前还贷，要么慢慢去香港转移财产，要么买黄金[doge];0.9580480292152114
银行存款利息越来越低，就是逼着储户们花钱，别再存钱了。降低人民群众的收入，提高人民群众消费水平，这就是大智慧，你们永远想不到这种谋略。。;回复@ni就是个弟弟8:一人花一百，全国人民就出的多了;-0.41624385245266327
银行存款利息越来越低，就是逼着储户们花钱，别再存钱了。降低人民群众的收入，提高人民群众消费水平，这就是大智慧，你们永远想不到这种谋略。。;只好把存款拿来提前还贷了;0.17151160544585808
银行存款利息越来越低，就是逼着储户们花钱，别再存钱了。降低人民群众的收入，提高人民群众消费水平，这就是大智慧，你们永远想不到这种谋略。。;回复@欢欢change:提高消费，消费拉动经济增长，但目前看来收效甚微，消费者对未来预期并不看好。;-0.5327137762965348
银行存款利息越来越低，就是逼着储户们花钱，别再存钱了。降低人民群众的收入，提高人民群众消费水平，这就是大智慧，你们永远想不到这种谋略。。;这谋略想要的结果是？;0.036059582197340845
银行存款利息越来越低，就是逼着储户们花钱，别再存钱了。降低人民群众的收入，提高人民群众消费水平，这就是大智慧，你们永远想不到这种谋略。。;搞得好像就你想到了一样。。。这不是很简单能理解的吗;-0.26002287641684174
银行存款利息越来越低，就是逼着储户们花钱，别再存钱了。降低人民群众的收入，提高人民群众消费水平，这就是大智慧，你们永远想不到这种谋略。。;回复@这里是某h的宣泄基地:不买立省100%[doge];-0.02286789552971813
银行存款利息越来越低，就是逼着储户们花钱，别再存钱了。降低人民群众的收入，提高人民群众消费水平，这就是大智慧，你们永远想不到这种谋略。。;那我们该咋办;-0.3187772925764192
-----;------;------;0.6624222021120638;0.9986205667025674;-0.9924189141978399;1.9910394809004073;0.0044802595497963615;264;1.1024755997719913e-06;0.26676120515986407;0.4446020085997734
既然是浮动利率，那么经济好了，基准利率涨了，小陈的利率就又得涨回去[笑而不语]少了41万言之过早;回复@取个名字真费劲啊我太难了:哈哈哈，那要不不要利息？也不可能啊，只是把中间商（银行bp）那部分去掉了;-0.5757931876652982
既然是浮动利率，那么经济好了，基准利率涨了，小陈的利率就又得涨回去[笑而不语]少了41万言之过早;回复@krari198502:Lpr的定价原理可以关注下，大幅度涨可能要不大，只能温水煮青蛙，慢慢涨;0.7962754035791011
既然是浮动利率，那么经济好了，基准利率涨了，小陈的利率就又得涨回去[笑而不语]少了41万言之过早;回复@我在墙内你在墙外:？？银行app上有显示啊，每个月的还款额本金占多少，利息占多少。利率高了利息不就高了？怎么是人为划分？现在如果lpr和bp可以更改降低甚至减免，利息不就更低了？人为的话，难道我想让它低它就低吗？当然你非要说，我提前全部还完不就没利息了，那你就当没看见吧，说不来。;-0.9999519109644226
既然是浮动利率，那么经济好了，基准利率涨了，小陈的利率就又得涨回去[笑而不语]少了41万言之过早;回复@RainbowDog丶:我的是6.35，是不是要是实施的话就是把多的点取消掉了，只收现在银行基础利率;-0.747761301656438
既然是浮动利率，那么经济好了，基准利率涨了，小陈的利率就又得涨回去[笑而不语]少了41万言之过早;Lpr长期趋势是降息;-0.6890505054150355
既然是浮动利率，那么经济好了，基准利率涨了，小陈的利率就又得涨回去[笑而不语]少了41万言之过早;回复@人微言轻233:没必要哭啊。原本每年都会变化。又不是一直这样;0.5868116149059588
既然是浮动利率，那么经济好了，基准利率涨了，小陈的利率就又得涨回去[笑而不语]少了41万言之过早;回复@学长不会玩微博崮rz:能给你降就能给你长，你以为天天给你发福利？;0.876729407656516
既然是浮动利率，那么经济好了，基准利率涨了，小陈的利率就又得涨回去[笑而不语]少了41万言之过早;回复@学长不会玩微博崮rz:规则都是谁来定的[思考];0.968361295405463
既然是浮动利率，那么经济好了，基准利率涨了，小陈的利率就又得涨回去[笑而不语]少了41万言之过早;正解哈哈;0.5238692614786293
既然是浮动利率，那么经济好了，基准利率涨了，小陈的利率就又得涨回去[笑而不语]少了41万言之过早;回复@学长不会玩微博崮rz:15个月……房贷一般是贷款10，20，30年的;0.44528088938973065
既然是浮动利率，那么经济好了，基准利率涨了，小陈的利率就又得涨回去[笑而不语]少了41万言之过早;回复@人微言轻233:固定加1[苦涩][苦涩][苦涩];0.9919487782098049
既然是浮动利率，那么经济好了，基准利率涨了，小陈的利率就又得涨回去[笑而不语]少了41万言之过早;回复@深深快到碗里来:还多少只和还款时间和利息有关，哪些是利息哪些是本金其实只是人为的划分[并不简单];0.7540454074934413
既然是浮动利率，那么经济好了，基准利率涨了，小陈的利率就又得涨回去[笑而不语]少了41万言之过早;除非他现在就全部还完。但银行也不会答应;-0.8315224857248376
既然是浮动利率，那么经济好了，基准利率涨了，小陈的利率就又得涨回去[笑而不语]少了41万言之过早;回复@阿拉丁爱护肤:我也一样，选的固定，哭死[衰];0.5930255492537326
既然是浮动利率，那么经济好了，基准利率涨了，小陈的利率就又得涨回去[笑而不语]少了41万言之过早;回复@RainbowDog丶:啊？真的假的？啥时候执行;-0.7253505483217739
既然是浮动利率，那么经济好了，基准利率涨了，小陈的利率就又得涨回去[笑而不语]少了41万言之过早;回复@RainbowDog丶:意思现在是4.2吗;-0.9336684475362746
既然是浮动利率，那么经济好了，基准利率涨了，小陈的利率就又得涨回去[笑而不语]少了41万言之过早;回复@学长不会玩微博崮rz:我之前选了固定[泪]请问这次降我的也能降吗;0.030407507344156315
既然是浮动利率，那么经济好了，基准利率涨了，小陈的利率就又得涨回去[笑而不语]少了41万言之过早;回复@RainbowDog丶:那真的期待能实施并且银行同意变更合同[泪][泪]每个月利息比本金多了快2倍还得真的难受╯﹏╰;0.003828894286018736
既然是浮动利率，那么经济好了，基准利率涨了，小陈的利率就又得涨回去[笑而不语]少了41万言之过早;回复@学长不会玩微博崮rz:bp是基点吗？;0.8703299031319749
既然是浮动利率，那么经济好了，基准利率涨了，小陈的利率就又得涨回去[笑而不语]少了41万言之过早;回复@深深快到碗里来:我还没去啊，我意思是这次如果能去掉;0.28516083753305144
既然是浮动利率，那么经济好了，基准利率涨了，小陈的利率就又得涨回去[笑而不语]少了41万言之过早;回复@yyccdkl:每条看完了再闹;-0.46040316880644316
既然是浮动利率，那么经济好了，基准利率涨了，小陈的利率就又得涨回去[笑而不语]少了41万言之过早;回复@假不正经洗头怪:少付的是bp啊跟lpr关系不大啊这么多人给你解释都解释不明白还在那加狗头;-0.9831661165437633
既然是浮动利率，那么经济好了，基准利率涨了，小陈的利率就又得涨回去[笑而不语]少了41万言之过早;回复@RainbowDog丶:朋友你的加点怎么去的啊[泪]我们的bp也是1点几;0.7204232434080373
既然是浮动利率，那么经济好了，基准利率涨了，小陈的利率就又得涨回去[笑而不语]少了41万言之过早;回复@学长不会玩微博崮rz:我不是专业的，但此文中说lpr多次下调，且从逻辑上讲，bp加免也是唯国家经济政策是瞻吧，所以经济好了，自然可以再加上来，对用户来讲也可算利率浮动了，所以现有利率算总共少付多少当然是刻舟求剑。;0.9882091338434027
既然是浮动利率，那么经济好了，基准利率涨了，小陈的利率就又得涨回去[笑而不语]少了41万言之过早;回复@假不正经洗头怪:浮动加点啊，像我21年买的，利率是lpr4.65%+加点1.23%=5.88%，现在把加点去掉了，每个月可以少还1000左右;-0.66025331340269
既然是浮动利率，那么经济好了，基准利率涨了，小陈的利率就又得涨回去[笑而不语]少了41万言之过早;回复@假不正经洗头怪:Bp变了啊，之前房价高的时候买的贷款bp都特别高，这次bp降低，不就少钱了吗？;-0.7502693173553718
既然是浮动利率，那么经济好了，基准利率涨了，小陈的利率就又得涨回去[笑而不语]少了41万言之过早;回复@假不正经洗头怪:bp是银行额外给你加的利息，现在国家给你免了[黑线];0.07003424081203447
既然是浮动利率，那么经济好了，基准利率涨了，小陈的利率就又得涨回去[笑而不语]少了41万言之过早;回复@学长不会玩微博崮rz:如果lpr变化不大，小陈高兴啥？这平白少付的41万又是如何来的[二哈];0.5518035401061243
既然是浮动利率，那么经济好了，基准利率涨了，小陈的利率就又得涨回去[笑而不语]少了41万言之过早;这个不会，浮动的是lpr，不变的是bp，之前主要是bp加的高，过去15个月lpr变化不大的;-0.9175493720694696
-----;------;------;0.7230046069232607;0.9919487782098049;-0.9999519109644226;1.9919006891742275;0.004049655412886266;264;1.1024755997719913e-06;0.2908219254295788;0.4847032090492979
不要高兴的这么早谁知道什么时候又涨回去呢;大概率不会涨的，早抛早安心，理财跑赢通货膨胀，未来10年后人口支持不了这么多房屋的量。;0.9344331051732697
不要高兴的这么早谁知道什么时候又涨回去呢;我想知道正在供房中，后面的利息会不会下降;0.6212044872268976
不要高兴的这么早谁知道什么时候又涨回去呢;取消公摊不一下就涨上去了吗[doge];-0.4118042726879012
不要高兴的这么早谁知道什么时候又涨回去呢;涨不回去咯，都没人住。老了都住养老院去，还要什么房子啊，有活不了多久，孩子都不生，房子传给谁，那么辛苦干什么;-0.9766565662532158
不要高兴的这么早谁知道什么时候又涨回去呢;已经涨了，北京房子连夜涨价;-0.10564806940036875
不要高兴的这么早谁知道什么时候又涨回去呢;赶紧提前还贷;-0.5801821701440302
不要高兴的这么早谁知道什么时候又涨回去呢;买在利率最高点，今年提前还了25W，现在降利率是不是又亏了。[允悲];0.7531728196672995
不要高兴的这么早谁知道什么时候又涨回去呢;使劲张涨，不会提前还贷？;-0.693950651221803
不要高兴的这么早谁知道什么时候又涨回去呢;那就涨好了[吃瓜];0.5566171793574795
不要高兴的这么早谁知道什么时候又涨回去呢;不会涨的，人口变少了，很多人不生孩子;0.30305715413228995
不要高兴的这么早谁知道什么时候又涨回去呢;好想知道去年买的，要是现在利息降了去年买的利息会不会跟着降？反正房价我知道我们这边应该不可能降了的;0.13575790617550565
不要高兴的这么早谁知道什么时候又涨回去呢;都不买就好了[嘻嘻];0.8813469022424958
不要高兴的这么早谁知道什么时候又涨回去呢;钱毛了，房子就涨了[允悲];0.9552460727260237
不要高兴的这么早谁知道什么时候又涨回去呢;都不生娃了卖给谁啊;0.3796742154808257
不要高兴的这么早谁知道什么时候又涨回去呢;不涨到一百万一平没意思;-0.8559233796411714
不要高兴的这么早谁知道什么时候又涨回去呢;涨就别想了，不掉就谢天谢地吧，以后除了外地人为孩子上学，其余的都不缺房子，中国人现在不骗中国人了快[允悲];0.9988820744415727
不要高兴的这么早谁知道什么时候又涨回去呢;回复@韭黄打蛋我中意:涨了还不是有钱人在买;0.11089678659498747
不要高兴的这么早谁知道什么时候又涨回去呢;回复@小白SQ12:完全不懂。所以才问嘛[开学季];-0.20657578756646733
-----;------;------;0.6404232186184169;0.9988820744415727;-0.9766565662532158;1.9755386406947886;0.012230679652605714;1084;4.5268316293668126e-06;0.26106246467473493;0.4351041077912248
为什么不是直接自动降低，还要去跟银行协商？;回复@LemontreezZ:啊这，不用查这么细应该，主要是审查你的住房贷款符不符合降息标准（每个行具体的执行标准应该会有细微差别，建议打电话问或者直接去办理贷款的支行问）;-0.9996526564868706
为什么不是直接自动降低，还要去跟银行协商？;回复@隐舟不渡:弱弱的问一句，如果申请以前买的房子降息，银行重新签订合同的话，还需要重新走贷款流程查征信什么的吗;-0.9997410679067231
为什么不是直接自动降低，还要去跟银行协商？;回复@熊猫没有黑眼圈l:我不知道别人是不是，但是我肯定不会嫌麻烦主动申请的，毕竟一年能省不少钱呢（当然，对那钱觉得无所谓的人例外）;-0.9848062717676553
为什么不是直接自动降低，还要去跟银行协商？;回复@豫A人在辽B:降肯定降，但是你存款多，有关系，公务员就降得多，普通人也弄不清政策和银行谈降得稀里糊涂降得少;-0.7133810149826496
为什么不是直接自动降低，还要去跟银行协商？;回复@蒙山-印象:什么叫协商？协商的前提是手里得有筹码[笑cry];0.5966248442185003
为什么不是直接自动降低，还要去跟银行协商？;回复@昵称无法显示流年:老百姓快被榨干了;0.36241370577997567
为什么不是直接自动降低，还要去跟银行协商？;回复@打酱油的小孩er:6.25一直苟延残喘;-0.4646148516568842
为什么不是直接自动降低，还要去跟银行协商？;回复@隐舟不渡:所以有的人就嫌麻烦，就这吧？;-0.7333545447693277
为什么不是直接自动降低，还要去跟银行协商？;回复@梦回十一岁:日期肯定跟剩余期限一致呀，本金应该也是剩余本金，;-0.4198979431772625
为什么不是直接自动降低，还要去跟银行协商？;回复@打酱油的小孩er:6.8的路过;0.3540090065657884
为什么不是直接自动降低，还要去跟银行协商？;回复@淡定丶小哥:差的也太多了，最苦的就是房奴了;-0.8560507804686281
为什么不是直接自动降低，还要去跟银行协商？;回复@打酱油的小孩er:我这商贷降到3.6了;0.04404731051308275
为什么不是直接自动降低，还要去跟银行协商？;前后差的太多了，6.1和4.5的，简直惨无人道啊[苦涩];-0.8468958046286004
为什么不是直接自动降低，还要去跟银行协商？;你说的那是真的要降，其实是并不是;-0.738746185385688
为什么不是直接自动降低，还要去跟银行协商？;回复@今天吃青菜了没:那么，等额本息的利息呢？我都还5年利息了…重新贷，重新还？;0.9235887866915702
为什么不是直接自动降低，还要去跟银行协商？;银行说劳资不搞，你又能如何;-0.9201027173199954
为什么不是直接自动降低，还要去跟银行协商？;回复@清咖啡好喝:找他们就是在虎口拔牙;-0.8004659022048703
为什么不是直接自动降低，还要去跟银行协商？;回复@豫A人在辽B:你太小看国家宏观调控的能力了[允悲]中央几句话一个行业就要发生点变革，这是一定的;0.9974782284574344
为什么不是直接自动降低，还要去跟银行协商？;回复@梦回十一岁:红头文件里写了，是新增一笔贷款来置换老的那笔房贷，肯定是要去银行签字的，连贷款合同都可能要重签[泪];-0.9846623507881405
为什么不是直接自动降低，还要去跟银行协商？;回复@穆行艺紫:你别说，我今天中午跟我一20年买房的朋友说这事儿，他就完全不知道[汗];-0.9950258832065597
为什么不是直接自动降低，还要去跟银行协商？;不是协商，是申请，你申请完了然后那边要审查的，就跟不告不理一样，要是自动的话你想全国多大体量，住建部财政部人民银行（还有其他各部门）工作人员不得累死[允悲];-0.9978207515009252
为什么不是直接自动降低，还要去跟银行协商？;银行一堆人精;-0.2676027853331884
为什么不是直接自动降低，还要去跟银行协商？;回复@豫A人在辽B:[允悲]放一百个心吧，央行发话了，商业银行敢不听的？[允悲];0.9871016185882495
为什么不是直接自动降低，还要去跟银行协商？;主动降，协商降，申请降，猜是哪种[允悲];0.38422997400181336
为什么不是直接自动降低，还要去跟银行协商？;因为这是缓兵之计很多人都在申请，提前还贷。现在贷的都没有还得多。这个政策就是为了让那些想提前还贷的人，继续还贷赚利息。;0.1614835993664352
为什么不是直接自动降低，还要去跟银行协商？;回复@清咖啡好喝:我觉得既然上头有这政策，银行或多或少得应对一下吧？[摊手];0.9830968278469618
为什么不是直接自动降低，还要去跟银行协商？;赞成👍下指令让所有银行的房贷统一同步下调利率，没有信息差。你好我好银行也好（沟通，协商，个体作业也需要成本）;-0.9135605077943731
为什么不是直接自动降低，还要去跟银行协商？;你不办卡，不存钱银行给你降吗？你细品;-0.9303567775648667
为什么不是直接自动降低，还要去跟银行协商？;如果自动降低更好，明天打电话问问;-0.954265441306517
为什么不是直接自动降低，还要去跟银行协商？;回复@豫A人在辽B:找银行协商无异于与虎谋皮;-0.8115986437917675
为什么不是直接自动降低，还要去跟银行协商？;回复@穆行艺紫:少不了折腾;-0.9711449437959678
为什么不是直接自动降低，还要去跟银行协商？;他们在赌大多数人不知道这条政策[吃瓜];0.7679431494057052
为什么不是直接自动降低，还要去跟银行协商？;就是啊，银行不同意协商的话，这政策跟放屁有什么区别;-0.9173416044710168
-----;------;------;0.7181479503198303;0.9974782284574344;-0.9997410679067231;1.9972192963641575;0.0013903518179212426;63;2.6309076812740703e-07;0.2878153734732542;0.4796922891220903
不懂就问：有那些房者激动得一夜没睡觉啦[疑问][疑问][疑问];回复@从前慢H-Y:应该可以降到4.9以下;0.1890836345665292
不懂就问：有那些房者激动得一夜没睡觉啦[疑问][疑问][疑问];回复@DouBan_:没办法啊买都买了[泪]降价了我也很心痛利率降了找点安慰[允悲];0.7372613353751079
不懂就问：有那些房者激动得一夜没睡觉啦[疑问][疑问][疑问];回复@一觉睡到九点半一:感谢感谢，瞬间明了;0.939013078092626
不懂就问：有那些房者激动得一夜没睡觉啦[疑问][疑问][疑问];回复@quan不玩低端局:谢谢，如果这样还需要从新审核流水和征信吗？我们房贷79万，6.22高利率，生意失败房子出不了手，真的很关心这个政策[泪];0.23739572690927813
不懂就问：有那些房者激动得一夜没睡觉啦[疑问][疑问][疑问];回复@从前慢H-Y:有，25号才开始，现在各地部门和银行在协商政策。网上新闻和网友算了几百万的房子30年能省40W;-0.906345276791042
不懂就问：有那些房者激动得一夜没睡觉啦[疑问][疑问][疑问];回复@阿兰欧尼酱:是首套吗;0.3083111668481029
不懂就问：有那些房者激动得一夜没睡觉啦[疑问][疑问][疑问];没有哦，二套房6.37，一毛没降听说，一套少了一百多块钱;-0.9373412411707025
不懂就问：有那些房者激动得一夜没睡觉啦[疑问][疑问][疑问];回复@碎发94:但是房子的总价也降了，你还得少了，羊毛出羊身上;0.027251094058061254
不懂就问：有那些房者激动得一夜没睡觉啦[疑问][疑问][疑问];回复@阿兰欧尼酱:我第一套6.15[泪]第二套4.9;0.8517711032608175
不懂就问：有那些房者激动得一夜没睡觉啦[疑问][疑问][疑问];脑子不好的，缺心眼的;-0.9331092925732964
不懂就问：有那些房者激动得一夜没睡觉啦[疑问][疑问][疑问];回复@林林是个小可爱:举个例子，你的合同是LPR+100，当时最低是LPR，你现在最低就能降到LPR，也就是4.2;-0.9907975774518656
不懂就问：有那些房者激动得一夜没睡觉啦[疑问][疑问][疑问];激动啊，至少今天看一问到底的时候老激动了，房贷+个税政策都有变动（反正对我来说是好事儿），但是睡不着那倒不至于[允悲];0.4600355530402638
不懂就问：有那些房者激动得一夜没睡觉啦[疑问][疑问][疑问];我激动了几分钟，不至于不睡觉;-0.06573632900814785
不懂就问：有那些房者激动得一夜没睡觉啦[疑问][疑问][疑问];回复@阿兰欧尼酱:我5.87[泪][泪];0.9696533518553911
不懂就问：有那些房者激动得一夜没睡觉啦[疑问][疑问][疑问];回复@阿兰欧尼酱:是，政策下来直接问银行最有用，最终解释权[允悲];0.8482811142473248
不懂就问：有那些房者激动得一夜没睡觉啦[疑问][疑问][疑问];回复@林林是个小可爱:母鸡，感觉各个地方不一样，可能银行都不一样呢。等消息吧;-0.9384691330932431
不懂就问：有那些房者激动得一夜没睡觉啦[疑问][疑问][疑问];回复@阿兰欧尼酱:数学不太好，我买的时候也是5.88，今年自己降到了5.53，政策下来最低大概可以降到多少呢;-0.14201080349261508
不懂就问：有那些房者激动得一夜没睡觉啦[疑问][疑问][疑问];回复@阿兰欧尼酱:对啊有房贷的肯定高兴啊不知道在阴阳怪气什么我前几年5.85，去年降到5.5。自动降的，没去银行申请;-0.9965293179867789
不懂就问：有那些房者激动得一夜没睡觉啦[疑问][疑问][疑问];回复@Ivan谦6519824962:急啥啊，总比没消息强啊。陆陆续续都会发布的;0.9697878269025426
不懂就问：有那些房者激动得一夜没睡觉啦[疑问][疑问][疑问];4.85的还是激动了一下子;0.5978800167853049
不懂就问：有那些房者激动得一夜没睡觉啦[疑问][疑问][疑问];自导自演呗;0.1490989484574461
不懂就问：有那些房者激动得一夜没睡觉啦[疑问][疑问][疑问];回复@quan不玩低端局:像我们供房五年的还有这个资格吗;-0.764272691416306
不懂就问：有那些房者激动得一夜没睡觉啦[疑问][疑问][疑问];我现在5，1，能降到4，3就很好了;0.11235924910024786
不懂就问：有那些房者激动得一夜没睡觉啦[疑问][疑问][疑问];回复@阿兰欧尼酱:你去问银行、看银行给你降吗;-0.9473214947733686
不懂就问：有那些房者激动得一夜没睡觉啦[疑问][疑问][疑问];回复@Ivan谦6519824962:哦哦;0.5187587766466581
不懂就问：有那些房者激动得一夜没睡觉啦[疑问][疑问][疑问];作者;0.33651551312649164
不懂就问：有那些房者激动得一夜没睡觉啦[疑问][疑问][疑问];我看到很激动啊，我买的时候5.88呢;0.5682977919492507
不懂就问：有那些房者激动得一夜没睡觉啦[疑问][疑问][疑问];回复@尊棣柯A-happy_and_joyful_day:要申请，好像这个月25号开始分地区进行划分降低幅度。跟银行协商的，能降多少就不知道了;-0.9963781166565757
不懂就问：有那些房者激动得一夜没睡觉啦[疑问][疑问][疑问];回复@尊棣柯A-happy_and_joyful_day:当初低的肯定影响不大呀，好多5-6的能省不少;0.10004065957888963
不懂就问：有那些房者激动得一夜没睡觉啦[疑问][疑问][疑问];我知道的几个北京上海的没变反正是[doge];-0.6983850064999093
-----;------;------;0.699186058661358;0.9697878269025426;-0.9965293179867789;1.9663171448893215;0.01684142755533924;18120;7.56699161661685e-05;0.2864261284699121;0.4773768807831868
利息是少了不假，但是韭菜们现在有首付的钱吗[doge];回复@蔡蔡的糖糖:咱们情况一样当时买房经济好自己多贷款买的现在压的喘不过来气;0.09176868081107159
利息是少了不假，但是韭菜们现在有首付的钱吗[doge];出一堆政策，就是和你说，凑凑首付，然后贷款买房，还个30年，打个比方哈不清楚具体的，以前借一百w还两百w，现在少个几十万的债，同时减少储蓄的利息，买房那不等于让你别存钱天天还月月还，买个衣服吃个好吃的都得犹豫许久;-0.9580211151040734
利息是少了不假，但是韭菜们现在有首付的钱吗[doge];回复@iuhg68638:有全款买房子的人根本不会看这条新闻;-0.08459450354206277
利息是少了不假，但是韭菜们现在有首付的钱吗[doge];回复@世事无常请你以后过得简单快乐些:是啊去地府还得背个失信人员的罪;0.9950125207359513
利息是少了不假，但是韭菜们现在有首付的钱吗[doge];回复@普罗旺斯的茴香田:[允悲]我可能就是有这个可能没还完就死了[苦涩];0.9995518133444361
利息是少了不假，但是韭菜们现在有首付的钱吗[doge];回复@普罗旺斯的茴香田:✓;0.960446016945695
利息是少了不假，但是韭菜们现在有首付的钱吗[doge];[doge]本韭菜累啦，看了半年的房计算了一下，还是租房好，啥时候活不下去就走吧[二哈]省的下去了还惦记着房贷还没还完;-0.8180996037816364
利息是少了不假，但是韭菜们现在有首付的钱吗[doge];回复@7日寻回真爱:反正不买房就对了明年都说不到更何况未知的30年房贷压的喘不过气，说不定房贷没还完人就死了[偷笑];-0.9880744061201301
利息是少了不假，但是韭菜们现在有首付的钱吗[doge];真实有首付也不行了现在这经济随时失业哦;0.2103717209556799
利息是少了不假，但是韭菜们现在有首付的钱吗[doge];不买房从你我做起，让那些炒房的人还有开发商继续炒，看他们坚持到什么时候;-0.6621969268615249
利息是少了不假，但是韭菜们现在有首付的钱吗[doge];全款买还好，贷款买就算了[doge];0.28623972512306417
利息是少了不假，但是韭菜们现在有首付的钱吗[doge];回复@蔡蔡的糖糖:能买房肯定你有实力收入的[doge]江苏都是大佬;0.9956691599526093
利息是少了不假，但是韭菜们现在有首付的钱吗[doge];[doge]没有;0.0
利息是少了不假，但是韭菜们现在有首付的钱吗[doge];回复@木石姻缘8:所以不要存钱，赶紧消费;-0.854060942762592
利息是少了不假，但是韭菜们现在有首付的钱吗[doge];我20年买的房子5.88，现在跌到位首付都没有了[泪]就这一套房子，已经还不起房贷了，后悔死了;-0.04602231620105868
利息是少了不假，但是韭菜们现在有首付的钱吗[doge];五年存款利率从3一路下降到2.25。200万一年少掉1.5万，30年少45万。[doge]房贷省下来的钱，储户买单！;0.9254117207329391
-----;------;------;0.7316587886779387;0.9995518133444361;-0.9880744061201301;1.9876262194645662;0.006186890267716905;425;1.774818673875365e-06;0.295138626541997;0.4918977109033283
你和人家什么关系，为什么人家睡不着第一时间告诉你啊[哼];[允悲];0.9459634540755057
你和人家什么关系，为什么人家睡不着第一时间告诉你啊[哼];你知道的太多了同志，这样不好[微笑];-0.47847252919500116
你和人家什么关系，为什么人家睡不着第一时间告诉你啊[哼];对的，我也想说小陈是谁，陈奕迅吗;0.48124236234190065
你和人家什么关系，为什么人家睡不着第一时间告诉你啊[哼];资本家自说自话呢[笑cry][笑cry];-0.6867943428173815
你和人家什么关系，为什么人家睡不着第一时间告诉你啊[哼];哈哈哈哈哈哈哈哈哈哈哈哈哈哈哈哈哈哈[doge];0.9999545604660529
-----;------;------;0.7083075007013253;0.9999545604660529;-0.6867943428173815;1.6867489032834344;0.1566255483582828;85;3.54963734775073e-07;0.3459732906165902;0.5766221510276502
都还没出细则呢;本来就是故事会啊，还真以为有小陈小李;-0.05656459515690737
都还没出细则呢;25号可申请;-0.8647721612208343
都还没出细则呢;具体流程啥时候出;0.5455037408113086
都还没出细则呢;后续一系列都没出然后也不知道什么时候推行别搞个延后那就搞笑了[doge];-0.39200345652318314
都还没出细则呢;搞笑死了;-0.5739235172737096
-----;------;------;0.48406522603501345;0.5455037408113086;-0.8647721612208343;1.410275902032143;0.29486204898392854;4;1.670417575412108e-08;0.31157091334841197;0.5192848555806865
首套房直接自动降，而不是申请！这才是好消息！;回复@子墨_没回是被黑了:哦对支持[泪];0.6166805520441785
首套房直接自动降，而不是申请！这才是好消息！;都浮动利率了，以后要涨了也不用跟你说呗[doge][doge][doge];-0.79932103278088
首套房直接自动降，而不是申请！这才是好消息！;回复@LCJ使用了一张改名卡:楼主是在倡导不是科普吧……;-0.5978252650717426
首套房直接自动降，而不是申请！这才是好消息！;回复@从前慢H-Y:现在很多城市政策是认房不认贷，就是只要你名下现在没有，就算首套;0.8879979468529808
首套房直接自动降，而不是申请！这才是好消息！;回复@从前慢H-Y:算;0.6406777364751821
首套房直接自动降，而不是申请！这才是好消息！;真的假的，我加95点啊，怕银行不给我改，之前只有LPR是浮动的。;-0.9475079747829773
首套房直接自动降，而不是申请！这才是好消息！;回复@从前慢H-Y:算，认房不认贷;0.5681731249107009
首套房直接自动降，而不是申请！这才是好消息！;回复@从前慢H-Y:算;0.6406777364751821
首套房直接自动降，而不是申请！这才是好消息！;之前有房卖掉又从新买的算不算首套;-0.401292083346388
首套房直接自动降，而不是申请！这才是好消息！;让你申请就不错了[doge];0.01135827156914826
首套房直接自动降，而不是申请！这才是好消息！;自动降？;-0.5250849416264709
-----;------;------;0.6496669440474551;0.8879979468529808;-0.9475079747829773;1.8355059216359582;0.08224703918202092;109;4.5518878929979947e-07;0.29276568432954825;0.48794280721591365
刚刚去买了几套，用的两成首付，然后贷款50年，保证不提前还;回复@zjmachw918:不然呢，不还款直接执行你;-0.8320743628447764
刚刚去买了几套，用的两成首付，然后贷款50年，保证不提前还;回复@kbjndxw2msdz:是吗？先还利息不还本金也不能贷款50年吗？;-0.7929700120469105
刚刚去买了几套，用的两成首付，然后贷款50年，保证不提前还;回复@满身星辰寻你:不让啊，我想多贷款几十年，还想先还利息不还本金。;0.9167894185468923
刚刚去买了几套，用的两成首付，然后贷款50年，保证不提前还;看懂了，你别搞笑[允悲];0.9727842315623929
刚刚去买了几套，用的两成首付，然后贷款50年，保证不提前还;回复@kbjndxw2msdz:现在房贷好像都能继承了[笑cry]我看开玩笑说北京买房，贷贷相传，从爷爷还到孙子还[兔子];0.9956274239657006
刚刚去买了几套，用的两成首付，然后贷款50年，保证不提前还;50年？这么高的的利率，不想贷款这么久！;-0.12372449858888412
刚刚去买了几套，用的两成首付，然后贷款50年，保证不提前还;想把房贷继承给你儿子？[doge];0.9725842060716665
刚刚去买了几套，用的两成首付，然后贷款50年，保证不提前还;忘了加[doge][doge][doge]？;-0.03844247898460229
刚刚去买了几套，用的两成首付，然后贷款50年，保证不提前还;积极响应国家政策[good][good][good];0.5734864779772495
刚刚去买了几套，用的两成首付，然后贷款50年，保证不提前还;原来套路在这里;-0.16666666666666718
刚刚去买了几套，用的两成首付，然后贷款50年，保证不提前还;最多不是30年么能贷50年？;-0.24843349033404616
刚刚去买了几套，用的两成首付，然后贷款50年，保证不提前还;直接不还，50年等于无限还利益，每个月比40年少不了几个数，还不如不还[二哈]才两成首付，不还的人多了银行来不及一个个起诉，法院也来不及判，判了也来不及收房，一整个金融次贷大危机;0.9815308142439632
刚刚去买了几套，用的两成首付，然后贷款50年，保证不提前还;你咋不贷100年呢[疑問];-0.7085615456224581
-----;------;------;0.7051609225405712;0.9956274239657006;-0.8320743628447764;1.827701786810477;0.0861491065947615;17;7.09927469550146e-08;0.31652402585268247;0.527540043087804
现在的房子除了刚需没人买，新房贵，二手房便宜都卖不出去，新房买到手就亏，都是有市五价，可能北上广深要好很多，其他城市惨不忍睹，我们小区从18年2.7万一平现在跌到最低1.9万那套挂了半个月还没卖出去;回复@三年鱼:我没记错的话差不多19年左右买房已经算不上投资了;-0.3870329441363911
现在的房子除了刚需没人买，新房贵，二手房便宜都卖不出去，新房买到手就亏，都是有市五价，可能北上广深要好很多，其他城市惨不忍睹，我们小区从18年2.7万一平现在跌到最低1.9万那套挂了半个月还没卖出去;回复@尺八音:投资本身就有赢有亏;0.9432388364278876
现在的房子除了刚需没人买，新房贵，二手房便宜都卖不出去，新房买到手就亏，都是有市五价，可能北上广深要好很多，其他城市惨不忍睹，我们小区从18年2.7万一平现在跌到最低1.9万那套挂了半个月还没卖出去;回复@芝芝桃桃莓莓o:上海二手房，但凡是在2020年10月前，jyd疯狂炒房那一波前买的，一年的普遍涨幅都有30-40%左右。你应该是追高了;-0.9862098902350782
现在的房子除了刚需没人买，新房贵，二手房便宜都卖不出去，新房买到手就亏，都是有市五价，可能北上广深要好很多，其他城市惨不忍睹，我们小区从18年2.7万一平现在跌到最低1.9万那套挂了半个月还没卖出去;回复@祝月亮和我万事顺利:房价放着也是贬值[笑cry];0.9883473425227103
现在的房子除了刚需没人买，新房贵，二手房便宜都卖不出去，新房买到手就亏，都是有市五价，可能北上广深要好很多，其他城市惨不忍睹，我们小区从18年2.7万一平现在跌到最低1.9万那套挂了半个月还没卖出去;回复@康晓东KK:没在上海卖过房就别瞎说了;-0.7481518930149031
现在的房子除了刚需没人买，新房贵，二手房便宜都卖不出去，新房买到手就亏，都是有市五价，可能北上广深要好很多，其他城市惨不忍睹，我们小区从18年2.7万一平现在跌到最低1.9万那套挂了半个月还没卖出去;我们这二手安置房比一手房正规小区还贵😂，六线城市，外来人口一年比一年少;-0.9846203613345741
现在的房子除了刚需没人买，新房贵，二手房便宜都卖不出去，新房买到手就亏，都是有市五价，可能北上广深要好很多，其他城市惨不忍睹，我们小区从18年2.7万一平现在跌到最低1.9万那套挂了半个月还没卖出去;1.2万应该能卖出去。;-0.5408512816192603
现在的房子除了刚需没人买，新房贵，二手房便宜都卖不出去，新房买到手就亏，都是有市五价，可能北上广深要好很多，其他城市惨不忍睹，我们小区从18年2.7万一平现在跌到最低1.9万那套挂了半个月还没卖出去;回复@三年鱼:以前叫投资，现在除了住没有任何投资价值;0.8847399373925455
现在的房子除了刚需没人买，新房贵，二手房便宜都卖不出去，新房买到手就亏，都是有市五价，可能北上广深要好很多，其他城市惨不忍睹，我们小区从18年2.7万一平现在跌到最低1.9万那套挂了半个月还没卖出去;回复@ao锅的盔甲:因为9500后上来了，大家受教育水平普遍高得多了，大家对学区房的想法就没那么强了[awsl]太棒了;0.7342043579051745
现在的房子除了刚需没人买，新房贵，二手房便宜都卖不出去，新房买到手就亏，都是有市五价，可能北上广深要好很多，其他城市惨不忍睹，我们小区从18年2.7万一平现在跌到最低1.9万那套挂了半个月还没卖出去;北广不清楚，上深反正也够呛，深圳二手房市场这两年一直冷，不大出血很难卖得动。上海前两年买新房的心里还平衡些可能，毕竟有限价，到手就有赚，就算这一年价格没咋动过但也算基本保本，买了二手房的有的已经在亏了;-0.9996713608624157
现在的房子除了刚需没人买，新房贵，二手房便宜都卖不出去，新房买到手就亏，都是有市五价，可能北上广深要好很多，其他城市惨不忍睹，我们小区从18年2.7万一平现在跌到最低1.9万那套挂了半个月还没卖出去;回复@芝芝桃桃莓莓o:有吗？上海其实是涨的比两三年前;0.829983304851317
现在的房子除了刚需没人买，新房贵，二手房便宜都卖不出去，新房买到手就亏，都是有市五价，可能北上广深要好很多，其他城市惨不忍睹，我们小区从18年2.7万一平现在跌到最低1.9万那套挂了半个月还没卖出去;没毛病。挂了俩月无人问津[笑cry];-0.7544935104183099
现在的房子除了刚需没人买，新房贵，二手房便宜都卖不出去，新房买到手就亏，都是有市五价，可能北上广深要好很多，其他城市惨不忍睹，我们小区从18年2.7万一平现在跌到最低1.9万那套挂了半个月还没卖出去;房地产本来就是投资行为;0.8933731873109618
现在的房子除了刚需没人买，新房贵，二手房便宜都卖不出去，新房买到手就亏，都是有市五价，可能北上广深要好很多，其他城市惨不忍睹，我们小区从18年2.7万一平现在跌到最低1.9万那套挂了半个月还没卖出去;回复@椰子椰子耶zhi:现实是房子跟车子就是刚需啊美女没有房子跟车子女生的门口都碰不到[允悲];-0.8559706043061759
现在的房子除了刚需没人买，新房贵，二手房便宜都卖不出去，新房买到手就亏，都是有市五价，可能北上广深要好很多，其他城市惨不忍睹，我们小区从18年2.7万一平现在跌到最低1.9万那套挂了半个月还没卖出去;还是看地段，我跟你坐标应该一样，旁边三万八的精装房开盘很快就卖完了[笑cry][笑cry][笑cry]，只能感叹有钱人还是多。;0.9929082919057204
现在的房子除了刚需没人买，新房贵，二手房便宜都卖不出去，新房买到手就亏，都是有市五价，可能北上广深要好很多，其他城市惨不忍睹，我们小区从18年2.7万一平现在跌到最低1.9万那套挂了半个月还没卖出去;没有刚需这一说，连刚需这个词儿都是造出来割那啥的;-0.7041302819121638
现在的房子除了刚需没人买，新房贵，二手房便宜都卖不出去，新房买到手就亏，都是有市五价，可能北上广深要好很多，其他城市惨不忍睹，我们小区从18年2.7万一平现在跌到最低1.9万那套挂了半个月还没卖出去;回复@鹿遇黎叔:16年差不多1.45一平买的，现在卖也不赚了，最高点的时候没出手，现在2左右还要看客户脸色，贷款还了8年多利息都差不多50万;-0.704858391078774
现在的房子除了刚需没人买，新房贵，二手房便宜都卖不出去，新房买到手就亏，都是有市五价，可能北上广深要好很多，其他城市惨不忍睹，我们小区从18年2.7万一平现在跌到最低1.9万那套挂了半个月还没卖出去;回复@祝月亮和我万事顺利:能租出去就有价值，看个人想法，我个人觉得现在现金流才是王道，有钱放手上啥都不做静观其变，因为不动产现在也开始动摇了，最怕就是突然各个城市开始取消公摊，那我只能说喔豁[笑cry];0.9725639428115336
现在的房子除了刚需没人买，新房贵，二手房便宜都卖不出去，新房买到手就亏，都是有市五价，可能北上广深要好很多，其他城市惨不忍睹，我们小区从18年2.7万一平现在跌到最低1.9万那套挂了半个月还没卖出去;本身2万7就是虚高，你买的时候多少钱一平？我们这16年7000一平，20年直接涨到2万多一平，如果现在卖10000出头都不会亏，最多持平。;-0.3062063537776991
现在的房子除了刚需没人买，新房贵，二手房便宜都卖不出去，新房买到手就亏，都是有市五价，可能北上广深要好很多，其他城市惨不忍睹，我们小区从18年2.7万一平现在跌到最低1.9万那套挂了半个月还没卖出去;回复@祝月亮和我万事顺利:去大A，跟老胡做战友吧;0.9961114133426219
现在的房子除了刚需没人买，新房贵，二手房便宜都卖不出去，新房买到手就亏，都是有市五价，可能北上广深要好很多，其他城市惨不忍睹，我们小区从18年2.7万一平现在跌到最低1.9万那套挂了半个月还没卖出去;回复@芝芝桃桃莓莓o:现在都在等，等都卖不掉就能越来越便宜了，坐空;0.48992825593763256
现在的房子除了刚需没人买，新房贵，二手房便宜都卖不出去，新房买到手就亏，都是有市五价，可能北上广深要好很多，其他城市惨不忍睹，我们小区从18年2.7万一平现在跌到最低1.9万那套挂了半个月还没卖出去;手上有一套一室小房（出租中，每月租金抵了还贷款还有余），卖了的话大概不到一百万，可是现在能用这一百万干啥呢，放银行贬值么，也不敢瞎投资[悲伤][悲伤][悲伤];0.9999806273202423
现在的房子除了刚需没人买，新房贵，二手房便宜都卖不出去，新房买到手就亏，都是有市五价，可能北上广深要好很多，其他城市惨不忍睹，我们小区从18年2.7万一平现在跌到最低1.9万那套挂了半个月还没卖出去;二手房真的没人要[doge]学区要不是顶级好的话没人要，这两年人没有那么疯狂了;-0.6474765176597461
现在的房子除了刚需没人买，新房贵，二手房便宜都卖不出去，新房买到手就亏，都是有市五价，可能北上广深要好很多，其他城市惨不忍睹，我们小区从18年2.7万一平现在跌到最低1.9万那套挂了半个月还没卖出去;北上广也是，我的亏了大几十万卖了;0.27799686957909464
现在的房子除了刚需没人买，新房贵，二手房便宜都卖不出去，新房买到手就亏，都是有市五价，可能北上广深要好很多，其他城市惨不忍睹，我们小区从18年2.7万一平现在跌到最低1.9万那套挂了半个月还没卖出去;二手房真的降价都没人买;-0.9799970263405207
-----;------;------;0.8153896590545591;0.9999806273202423;-0.9996713608624157;1.999651988182658;0.0001740059086710044;1096;4.576944156629176e-06;0.3262263813741234;0.5437106356235389
难道这不是应该的嘛[二哈]！房价上涨的时候购房者不得不买的时候，他在承受高房价的同时还不得不承受贷款银行过来宰你一刀🔪还不能反抗，没有老百姓存钱给银行🏦你银行怎么活下去，但却落井下石有啥好激动的;回复@lmxumrrr:房子是住的一套就够啦我多买啥以后又不咋值钱[抱抱];-0.8015417346874822
难道这不是应该的嘛[二哈]！房价上涨的时候购房者不得不买的时候，他在承受高房价的同时还不得不承受贷款银行过来宰你一刀🔪还不能反抗，没有老百姓存钱给银行🏦你银行怎么活下去，但却落井下石有啥好激动的;回复@芊言Lradiata:又穷又要基因延续;0.8959604603015761
难道这不是应该的嘛[二哈]！房价上涨的时候购房者不得不买的时候，他在承受高房价的同时还不得不承受贷款银行过来宰你一刀🔪还不能反抗，没有老百姓存钱给银行🏦你银行怎么活下去，但却落井下石有啥好激动的;回复@USA_Hansel:你好经典[笑cry]你赶紧多买几套;-0.28253604387463627
难道这不是应该的嘛[二哈]！房价上涨的时候购房者不得不买的时候，他在承受高房价的同时还不得不承受贷款银行过来宰你一刀🔪还不能反抗，没有老百姓存钱给银行🏦你银行怎么活下去，但却落井下石有啥好激动的;回复@叫Jerry的小男孩:你应该去🇺🇸啊都说发房子领取救济金非常适合你！我喜欢🇨🇳跟着国家政策走少bb在自己能力范围内享受😋;0.9631415519120632
难道这不是应该的嘛[二哈]！房价上涨的时候购房者不得不买的时候，他在承受高房价的同时还不得不承受贷款银行过来宰你一刀🔪还不能反抗，没有老百姓存钱给银行🏦你银行怎么活下去，但却落井下石有啥好激动的;回复@蓝色的峰和尚:你全款就OK啦银行有好政策我干嘛不贷款;-0.5401375034174636
难道这不是应该的嘛[二哈]！房价上涨的时候购房者不得不买的时候，他在承受高房价的同时还不得不承受贷款银行过来宰你一刀🔪还不能反抗，没有老百姓存钱给银行🏦你银行怎么活下去，但却落井下石有啥好激动的;回复@USA_Hansel:你怎么还不去🇺🇸;-0.8301936883372429
难道这不是应该的嘛[二哈]！房价上涨的时候购房者不得不买的时候，他在承受高房价的同时还不得不承受贷款银行过来宰你一刀🔪还不能反抗，没有老百姓存钱给银行🏦你银行怎么活下去，但却落井下石有啥好激动的;回复@USA_Hansel:东百银[good]典;0.7183578612047958
难道这不是应该的嘛[二哈]！房价上涨的时候购房者不得不买的时候，他在承受高房价的同时还不得不承受贷款银行过来宰你一刀🔪还不能反抗，没有老百姓存钱给银行🏦你银行怎么活下去，但却落井下石有啥好激动的;回复@USA_Hansel:呦呦呦，地方银行趁机加息割韭菜还不让说了，你这么舔怎么不去支持一下银行;-0.9998878933325015
难道这不是应该的嘛[二哈]！房价上涨的时候购房者不得不买的时候，他在承受高房价的同时还不得不承受贷款银行过来宰你一刀🔪还不能反抗，没有老百姓存钱给银行🏦你银行怎么活下去，但却落井下石有啥好激动的;回复@芊言Lradiata:房价上涨的那几年赶上年龄必须结婚的～这个社会你没房子咋接～哎;0.21148957210966368
难道这不是应该的嘛[二哈]！房价上涨的时候购房者不得不买的时候，他在承受高房价的同时还不得不承受贷款银行过来宰你一刀🔪还不能反抗，没有老百姓存钱给银行🏦你银行怎么活下去，但却落井下石有啥好激动的;你不用存也不用贷全款不就好了吗给你政策你挑三拣四都你家菜园子了[可怜];-0.11091737844819272
难道这不是应该的嘛[二哈]！房价上涨的时候购房者不得不买的时候，他在承受高房价的同时还不得不承受贷款银行过来宰你一刀🔪还不能反抗，没有老百姓存钱给银行🏦你银行怎么活下去，但却落井下石有啥好激动的;房价上涨为啥不得不买？;-0.9842875514889273
-----;------;------;0.7194405763301763;0.9631415519120632;-0.9998878933325015;1.9630294452445647;0.018485277377717657;134;5.595898877630563e-07;0.2951704534011351;0.49195075566855845
老是这么搞是资本家的手段吗散播这种消息;省这么多的人在乎41万[doge]一个月一千多，毛毛雨;0.5787442609101516
-----;------;------;0.0;0.5787442609101516;;0;1.0;461;1.9251562556624548e-06;0.4000003850312512;0.6666673083854185
房子，单边上涨，一定是不可持续的，然而一味看空，一味的无脑卖空也是不可行的。国人的资产，一定要留在国内，而国内，作为资产的蓄水池，房地产不能占比过高，也不能短时间内出现被卖空的情况。我们应该鼓励创业，鼓励投资，政策不仅仅要呵护房市，更重要的是要解决就业，解决资产安全和活力升值。;回复@道怒天倾:房子涨价过度，确实是损害了老百姓，尤其是工薪阶层，只是，我们的土地升值，也有一部分，是价值回归。无论你看空看多，我们只是过度将房地产产业链地方财政挂钩太多。只要打破其附加属性，严控过热或者过冷导致影响经济层面，市场经济下的商品波动价格主要适度，也是常态。现在是因为共振产生过度问题;0.9999975947085264
房子，单边上涨，一定是不可持续的，然而一味看空，一味的无脑卖空也是不可行的。国人的资产，一定要留在国内，而国内，作为资产的蓄水池，房地产不能占比过高，也不能短时间内出现被卖空的情况。我们应该鼓励创业，鼓励投资，政策不仅仅要呵护房市，更重要的是要解决就业，解决资产安全和活力升值。;老哥你的看法宏观上是正确的;0.8744372796062658
房子，单边上涨，一定是不可持续的，然而一味看空，一味的无脑卖空也是不可行的。国人的资产，一定要留在国内，而国内，作为资产的蓄水池，房地产不能占比过高，也不能短时间内出现被卖空的情况。我们应该鼓励创业，鼓励投资，政策不仅仅要呵护房市，更重要的是要解决就业，解决资产安全和活力升值。;回复@馋丫头1102:是啊，毕竟一天有晨昏早晚，一年有夏秋冬春，既要吃饱喝好，又要暑暖冬凉，既要童叟康健，又要夫唱妇随。又不是小孩子，做选择题，当然是【全都要】。大家都可以渡过难关，焕发新生和活力我们也就可以否极泰来。;0.9999985310754982
房子，单边上涨，一定是不可持续的，然而一味看空，一味的无脑卖空也是不可行的。国人的资产，一定要留在国内，而国内，作为资产的蓄水池，房地产不能占比过高，也不能短时间内出现被卖空的情况。我们应该鼓励创业，鼓励投资，政策不仅仅要呵护房市，更重要的是要解决就业，解决资产安全和活力升值。;既要又要还要;-0.42243436754176567
房子，单边上涨，一定是不可持续的，然而一味看空，一味的无脑卖空也是不可行的。国人的资产，一定要留在国内，而国内，作为资产的蓄水池，房地产不能占比过高，也不能短时间内出现被卖空的情况。我们应该鼓励创业，鼓励投资，政策不仅仅要呵护房市，更重要的是要解决就业，解决资产安全和活力升值。;劳苦大众这两年的幸福感和安全感直线下降，睡着了都在紧张口袋里这几个子儿.;-0.19286994161438176
-----;------;------;0.6260270860129946;0.9999985310754982;-0.42243436754176567;1.4224328986172639;0.2887835506913681;345;1.4407351587929432e-06;0.3659245428287768;0.6098742380479613
[嘻嘻]少的41万，在8线小城又可以买一套房了～;八线城市也低了啊还可以去鹤岗买一套[送花花];0.5651835109835259
[嘻嘻]少的41万，在8线小城又可以买一套房了～;好家伙，你搁这卡baff呢[doge];-0.5602932002570578
[嘻嘻]少的41万，在8线小城又可以买一套房了～;中产没你想的这么蠢，这年头在八线小城买房除了刚需没有任何投资价值;0.9341709174685657
[嘻嘻]少的41万，在8线小城又可以买一套房了～;这种傻哔新闻，它们觉得全国富得流油一样。;0.5925162705092564
-----;------;------;0.5636220578920547;0.9341709174685657;-0.5602932002570578;1.4944641177256235;0.25276794113718826;260;1.0857714240178702e-06;0.32655621676598195;0.5442603612766365
房价涨了要骂房价跌了也骂[笑cry]真精彩;回复@分裂毕加索:哇[哆啦A梦吃惊][哆啦A梦吃惊]这真的很牛;0.10663908719446291
房价涨了要骂房价跌了也骂[笑cry]真精彩;回复@长歌-长歌:哈哈，这大概就是传说中的祸兮福之所倚吧，每次出现倒霉的事的时候感觉冥冥之中都有它的用意，之前坐大巴也是，上车发现靠窗的座位被抢了，还是个妹子我也不好跟她较真，一路上睡得脖子都疼，结果路上就出车祸被另一辆大巴从靠窗的方向撞了。抢我位置的头破了（也不算严重）我被震到过道上啥事也没有;0.9999889005057192
房价涨了要骂房价跌了也骂[笑cry]真精彩;回复@程八九不出门:[笑cry]嗯嗯你厉害你厉害网络上二极管是最厉害的;-0.5147149957319537
房价涨了要骂房价跌了也骂[笑cry]真精彩;回复@七仔HHHeast:嘿，两句话让人认清自己，我真厉害;0.8231215182658131
房价涨了要骂房价跌了也骂[笑cry]真精彩;回复@程八九不出门:二极管急啥这就急了;-0.48750565676645885
房价涨了要骂房价跌了也骂[笑cry]真精彩;回复@七仔HHHeast:懂事了;0.7579829353763061
房价涨了要骂房价跌了也骂[笑cry]真精彩;回复@七仔HHHeast:孩子长大了;0.9563069234108634
房价涨了要骂房价跌了也骂[笑cry]真精彩;回复@七仔HHHeast:恭喜你有自知之明;0.9263587086505858
房价涨了要骂房价跌了也骂[笑cry]真精彩;回复@程八九不出门:无所谓啊二极管是这样的[笑cry];0.27417945033550595
房价涨了要骂房价跌了也骂[笑cry]真精彩;回复@七仔HHHeast:你说不说都说你[doge]行了吧;-0.4322916212606174
房价涨了要骂房价跌了也骂[笑cry]真精彩;回复@程八九不出门:是很正常啊，那你看到不同面的我的评论又有什么可说的呢？;0.182756251052125
房价涨了要骂房价跌了也骂[笑cry]真精彩;回复@七仔HHHeast:我的意思是所有的东西不是只有一面，这不是很正常的吗;0.14179350667006552
房价涨了要骂房价跌了也骂[笑cry]真精彩;回复@程八九不出门:你的世界只知道说别人正负极吗;0.4963208417700222
房价涨了要骂房价跌了也骂[笑cry]真精彩;回复@Lcc06659:我倒希望我搞得起房地产呢;-0.6722809745288925
房价涨了要骂房价跌了也骂[笑cry]真精彩;回复@神也戏人c:上交继续养你这种伸手族？;0.9526117268766368
房价涨了要骂房价跌了也骂[笑cry]真精彩;回复@Mr_归尘:建议你把全部家产上交帮助国家渡过难关;-0.7052971511067319
房价涨了要骂房价跌了也骂[笑cry]真精彩;[doge]你的世界正负极吗;0.4843130062357488
房价涨了要骂房价跌了也骂[笑cry]真精彩;骂的都是炒房客，现在的趋势房价不太会像以前一样一直暴涨了。当然买回来自住的人肯定开心。;-0.9948717675567991
房价涨了要骂房价跌了也骂[笑cry]真精彩;做不好就该批评，人和人想法怎么完全一样？不如说所有人只有一种想法才可怕;0.6776098440275613
房价涨了要骂房价跌了也骂[笑cry]真精彩;回复@枫魂007:搞朝鲜那样分房你们也骂。搞市场经济你也骂。;-0.4721695767459382
房价涨了要骂房价跌了也骂[笑cry]真精彩;不太懂我是吃瓜群众;-0.6993234911086819
房价涨了要骂房价跌了也骂[笑cry]真精彩;回复@分裂毕加索:好家伙，你这是命里拿财的手[笑cry]别人轻易捞不走，挺好的;0.9627446045164312
房价涨了要骂房价跌了也骂[笑cry]真精彩;还好过完年没买，本来今年三四月份想买房的，都约好中介去看了，结果去的路上在普陀区那边的高架上和别人的车蹭了，然后我的车就进维修厂了，修了三天，打断了我去看房的计划。然后从那开始房价一路跌，就暂时没再约过中介了[跪了];-0.9995517505985878
房价涨了要骂房价跌了也骂[笑cry]真精彩;2波人，很正常;0.7385762823526751
房价涨了要骂房价跌了也骂[笑cry]真精彩;你是体制内的？;0.7458490409947143
房价涨了要骂房价跌了也骂[笑cry]真精彩;当然要骂。我们可是社会主义国家，不忘初心牢记使命。让人民住上价格低廉的房子可是应有之义。[doge];0.921213822165962
房价涨了要骂房价跌了也骂[笑cry]真精彩;你就是搞房地产的吧;0.232776383862481
房价涨了要骂房价跌了也骂[笑cry]真精彩;看评论，一帮巨婴，就知道国家有多难。他们只爱自己;0.204950471833242
-----;------;------;0.6601480926109746;0.9999889005057192;-0.9995517505985878;1.999540651104307;0.00022967444784649516;120;5.011252726236324e-07;0.264151207048583;0.4402520117476383
我当时就没选LPR，就每个月固定挺好，涨涨降降的[允悲];选择固定利息的是不是这次政策用不上没关系？;0.22355111401256855
我当时就没选LPR，就每个月固定挺好，涨涨降降的[允悲];我买房时，银行都没给我们提等额本金这回事，我提出来了人家又说我流水达不到什么的一堆理由，不给办理，更没提固定利率;-0.9998469887045978
我当时就没选LPR，就每个月固定挺好，涨涨降降的[允悲];我这两年降了一点，没上浮过，每个月少了几百块钱;-0.9528504449635256
我当时就没选LPR，就每个月固定挺好，涨涨降降的[允悲];没选浮动的纯傻子，还在这洋洋得意呢，呵呵;-0.579709737511104
我当时就没选LPR，就每个月固定挺好，涨涨降降的[允悲];我当时也没选LPR一直都是4.9;-0.10778376985645433
我当时就没选LPR，就每个月固定挺好，涨涨降降的[允悲];回复@旖旎钟灵:可能他买的时候利率更低;-0.7287168307877689
我当时就没选LPR，就每个月固定挺好，涨涨降降的[允悲];没选后悔了;-0.6748069679869597
我当时就没选LPR，就每个月固定挺好，涨涨降降的[允悲];没选后悔了吗？选的都降了;-0.7330359654674503
我当时就没选LPR，就每个月固定挺好，涨涨降降的[允悲];我也选择的固定的，随缘，躺平;-0.0675107701558817
我当时就没选LPR，就每个月固定挺好，涨涨降降的[允悲];那你钱多;-0.40176600441501065
我当时就没选LPR，就每个月固定挺好，涨涨降降的[允悲];那叫等额本息？;-0.05246556361561838
我当时就没选LPR，就每个月固定挺好，涨涨降降的[允悲];这次固定利率也不能降下吗？主要之前利率太高了，现在降了少很多钱;-0.9438569585849255
我当时就没选LPR，就每个月固定挺好，涨涨降降的[允悲];终于有一个想法一样的，随便变化，与我无关;0.09490736621796314
-----;------;------;0.41120698930750993;0.22355111401256855;-0.9998469887045978;1.2233981027171663;0.38830094864141684;10;4.1760439385302704e-08;0.31980318353165854;0.5330053058860975
政策力度不够大，这政策只能让有房贷的少一些压力，并不能刺激更多人买房。[开学季];不用那么着急，先让老百姓把一部分还房贷的钱花在吃喝玩乐上，刺激下经济先。;0.9661376703280546
-----;------;------;0.0;0.9661376703280546;;0;1.0;58;2.4221054843475567e-07;0.40000004844210973;0.6666667474035162
感觉是为了让大家买房，挽留这两年的房市低迷，这样一来，担心房价上涨📈;不再跌都是好的，还想着涨[允悲];0.9682134956411517
感觉是为了让大家买房，挽留这两年的房市低迷，这样一来，担心房价上涨📈;想多了，长期的房价走势你只需要看一个指标，那就是当地的人口增长率。;0.5536040016047885
-----;------;------;0.20730474701818158;0.9682134956411517;;0;1.0;15998;6.680835092860726e-05;0.4829352604774584;0.8048921007957639
借款人可选择新发放贷款置换存量房贷，或者协商变更合同约定利率水平两种方式，调整存量首套住房商业性个人住房贷款。谁来解释解释看不懂;回复@有志睡不着:谢谢课代表;-0.2557021454613395
借款人可选择新发放贷款置换存量房贷，或者协商变更合同约定利率水平两种方式，调整存量首套住房商业性个人住房贷款。谁来解释解释看不懂;第一个就是新贷替换旧贷，第二个就是直接在现有贷款降利率;0.09619946459635642
-----;------;------;0.17595080502884797;0.09619946459635642;-0.2557021454613395;0.35190161005769593;0.824049194971152;226;9.43785930107841e-07;0.40000018875718607;0.6666669812619767
这热搜，看来房地产真不行了;反噬了，以前割得多厉害，以后就死得多惨。这十年多少地产公司倒了，就单单恒大就负债2万多亿;-0.4114230757292938
-----;------;------;0.0;;-0.4114230757292938;0;1.0;24;1.0022505452472649e-07;0.40000002004501095;0.6666667000750182
公积金贷款的呢？;回复@一觉睡到九点半一:公积金是政策，也可以再低一点;-0.7444464991390265
公积金贷款的呢？;回复@释佑熙:因为公积金已经很低了;0.9481819343503655
公积金贷款的呢？;回复@壹贰叁肆伍陆柒柒陆伍肆叁贰壹:为啥只针对商贷？;-0.9547822620356727
公积金贷款的呢？;回复@壹贰叁肆伍陆柒柒陆伍肆叁贰壹:谢谢亲[太开心][太开心][太开心];0.04822162544677666
公积金贷款的呢？;只针对商贷;0.36311303233881653
公积金贷款的呢？;同问，公积金的呢;-0.41980245017185047
-----;------;------;0.6556327087113277;0.9481819343503655;-0.9547822620356727;1.9029641963860382;0.0485179018069809;118604;0.0004952955152854442;0.2817593033103805;0.46959883885063414
6.1只能降到4.65[doge];我也算的4.65咋就成了4.1了编都不会编了;-0.08510250118013074
-----;------;------;0.0;;-0.08510250118013074;0;1.0;87;3.633158226521335e-07;0.40000007266316456;0.6666667877719409
存量房贷利率怎么调？就是要符合贷款发放时当地的房地产政策，也就是不低于当时所在城市房贷利率政策的下限。这句话估计都看不懂，为什么？;同问？;-0.3756097560975611
-----;------;------;0.0;;-0.3756097560975611;0;1.0;131;5.470617559474654e-07;0.4000001094123512;0.6666668490205853
该哭还是该笑呢[思考];没钱了，感觉是该哭的，买早了[泪][泪][泪];0.9985363166471324
-----;------;------;0.0;0.9985363166471324;;0;1.0;1375725;0.005745088047334556;0.4011490176094669;0.6685816960157781
小编你能负责任讲吗？一线城市哪个能给你降到4.3？？？适合二三四线城市去存量;他要是能负责就不在这叫唤了;-0.4215026112662945
-----;------;------;0.0;;-0.4215026112662945;0;1.0;9;3.758439544677243e-08;0.4000000075168791;0.6666666791947984
这样房价真要跌了感觉;房价跌是必然，新一代没人接盘了;0.11587035332654239
-----;------;------;0.0;0.11587035332654239;;0;1.0;34;1.419854939100292e-07;0.4000000283970988;0.6666667139951645
刚刚东拼西凑借遍了父母兄弟丈母娘，凑够了首付，如果来个房产税，真的太难了，行行好吧，让年轻人看得见未来吧;[doge]有没有一种可能，一套房没资格交房产税;-0.5496427214762512
-----;------;------;0.0;;-0.5496427214762512;0;1.0;4;1.670417575412108e-08;0.4000000033408352;0.6666666722347252
全能分析师[中国赞];呵呵;0.3510815307820303
全能分析师[中国赞];宏观经济层面是相通的，对股市大盘也有效，但是我选不了个股;0.986164513249292
-----;------;------;0.31754149123363085;0.986164513249292;;0;1.0;92;3.8419604234478487e-07;0.5270166733326608;0.8783611222211012
26-28年适合买房也适用于北京吗[doge];适用;0.052465563615616606
-----;------;------;0.0;0.052465563615616606;;0;1.0;44;1.8374593329533189e-07;0.40000003674918666;0.666666727915311
哥，我想了想，这个税本质上其实是增加地方税收，对吗。我们这边一没有永久产权，二我们有土地出让金。所以其实无关房价，那这个税会不会只在第一波的恐慌情绪下，影响房价下跌一个小周期（6M）。然后就又慢慢维持高位震荡消化库存;回复@交易员小李1130:好的谢谢哥;0.3583702735432026
哥，我想了想，这个税本质上其实是增加地方税收，对吗。我们这边一没有永久产权，二我们有土地出让金。所以其实无关房价，那这个税会不会只在第一波的恐慌情绪下，影响房价下跌一个小周期（6M）。然后就又慢慢维持高位震荡消化库存;那些房价已经腰斩的地区，现在时间拨回疫情前，卖还是不卖[doge];-0.9108570413552404
哥，我想了想，这个税本质上其实是增加地方税收，对吗。我们这边一没有永久产权，二我们有土地出让金。所以其实无关房价，那这个税会不会只在第一波的恐慌情绪下，影响房价下跌一个小周期（6M）。然后就又慢慢维持高位震荡消化库存;房地产市场的传到一般都是18个月，不会那么快;0.8635044939251977
哥，我想了想，这个税本质上其实是增加地方税收，对吗。我们这边一没有永久产权，二我们有土地出让金。所以其实无关房价，那这个税会不会只在第一波的恐慌情绪下，影响房价下跌一个小周期（6M）。然后就又慢慢维持高位震荡消化库存;因为本质上是要减少地方债务，所以房价只会是一个表面假核心因素，让情绪带动一些炒房客割肉。大部分的自住或在作为家庭储备的买房应该不会大量抛售，所以房价并不会回到理想价格。而是在20，21年这个附近窄幅震荡。[作揖]思考了两天您的分享，冒昧跟您讨论一下;0.9990803510589314
-----;------;------;0.7537907731417252;0.9990803510589314;-0.9108570413552404;1.9099373924141718;0.04503130379291409;362;1.5117279057479578e-06;0.31952913311943687;0.5325485551990614
最近正好打算换个大平层，你这分析的我又打鼓了[允悲]分析也适用于强省会人口净流入的城市吗;房产税后，定价逻辑是会变化的;-0.930917071469153
-----;------;------;0.0;;-0.930917071469153;0;1.0;5;2.0880219692651352e-08;0.400000004176044;0.6666666736267398
但是中国现在有学区房的政策，出生率持续下降，有没可能房价高峰期已经过了呢[笑cry];有可能已经过了，但是底部绝对不是一天，看日本也持续了十年，所以多等几年不影响;-0.7996872828844008
-----;------;------;0.0;;-0.7996872828844008;0;1.0;24;1.0022505452472649e-07;0.40000002004501095;0.6666667000750182
李哥有个问题想请教一下你，最近出台的25年前完成海南封关计划成为自由贸易港岛，想问问这这个会是下一个香港吗，对于我们普通人有哪些利好吗，或者适合提早去那边布局吗;回复@交易员小李1130:明白了，还是先观望为主。;0.40088632352520004
李哥有个问题想请教一下你，最近出台的25年前完成海南封关计划成为自由贸易港岛，想问问这这个会是下一个香港吗，对于我们普通人有哪些利好吗，或者适合提早去那边布局吗;估计会比较类似济州岛这样的，不过海南太大了，可以发展的地方太多，你不好说投资哪里合适，而且海南40年前也搞过大开发，除了留下一地烂尾楼之外没有什么变化，投机角度可以炒房产，长期投资，还得看看;-0.7069686599239764
-----;------;------;0.5539274917245882;0.40088632352520004;-0.7069686599239764;1.1078549834491764;0.4460725082754118;92;3.8419604234478487e-07;0.4000000768392085;0.6666667947320141
小李老师，北京和强二线城市房子什么时候卖？;粗暴的时间点，应该是房产税落地1年后;-0.8992161752518133
-----;------;------;0.0;;-0.8992161752518133;0;1.0;37;1.5451362572562e-07;0.4000000309027252;0.6666667181712085
那什么时候适合卖房;房产税落地后第二年，大约26-28年;-0.7914448650195709
-----;------;------;0.0;;-0.7914448650195709;0;1.0;48;2.0045010904945298e-07;0.4000000400900218;0.6666667334833696
房产税只会在卖地收入锐减才会出来，还得好久;根据经济复苏情况，最快24年，慢就是26年;0.11634647039889079
-----;------;------;0.0;0.11634647039889079;;0;1.0;102;4.259564817300876e-07;0.4000000851912964;0.6666668086521605
我们的目标就是北美式居住环境，我的希冀就是全部中国同胞不用坐电梯上楼。;15年后说不定大家都想买郊区的别墅了，这个前提是要把整个郊区的环境弄成个环境优美的大花园，目前还做不到;0.8433122435377323
-----;------;------;0.0;0.8433122435377323;;0;1.0;143;5.971742832098287e-07;0.40000011943485664;0.666666865724761
过桥费又不是中介公司独吞。成交量放大的话，中介费不是更香？视野能不能开阔点;这个政策不能促进销售，不买房不是因为过桥费高。;-0.718148700036046
-----;------;------;0.0;;-0.718148700036046;0;1.0;55;2.2968241661916486e-07;0.40000004593648336;0.6666667432274722
带鸭？;带呀带鸭！;-0.17677461922141124
-----;------;------;0.0;;-0.17677461922141124;0;1.0;479;2.0003250465559994e-06;0.4000004000650093;0.666667333441682
我的想法是，这个除非是国家来承接！买房的人在缺心眼也不会去接，起码我不会！这就是接班还债，不是缺心眼的问题，真去接了，根本就是没长心[允悲];回复@希腊学者罗马斗士:如果能有三年那么久，就最好不过了，那就是真正的软着陆！;0.9977691963448598
我的想法是，这个除非是国家来承接！买房的人在缺心眼也不会去接，起码我不会！这就是接班还债，不是缺心眼的问题，真去接了，根本就是没长心[允悲];留资金等待市场完成出清才最安全，人口，经济，城镇化都差不多了，宁可错过，最优策略不要去当替死鬼;0.9985416010517749
-----;------;------;0.00038620235345754317;0.9985416010517749;;0;1.0;85;3.54963734775073e-07;0.40015455193413;0.66692425322355
问题是，哪来那么多接盘侠;在房地产上银行是不会亏钱的，即便被法拍，银行需要房奴不断的供血，来维持高起的坏账率，像恒大这样的，更多的是国企;-0.8982350979078115
-----;------;------;0.0;;-0.8982350979078115;0;1.0;246;1.0273068088784465e-06;0.4000002054613618;0.6666670091022695
带押过户好像是房主以前的利率继续沿用，以前5.88的利率，新买家可不愿意;新利率;0.2434749049898679
-----;------;------;0.0;0.2434749049898679;;0;1.0;3980;1.6620654875350474e-05;0.4000033241309751;0.6666722068849584
应该旗帜鲜明的反对房住不炒。;你这说法真大胆;0.4719438243412437
应该旗帜鲜明的反对房住不炒。;一周内u型掉头;-0.5995565738694733
-----;------;------;0.5357501991053585;0.4719438243412437;-0.5995565738694733;1.071500398210717;0.4642498008946415;106;4.4266065748420863e-07;0.40000008853213154;0.6666668142202191
也就刚需能顶顶，可是刚需能拉动产业鬼才信;未来不看好，刚需不会有太多，高杠杆也不是所有人能去借的，钱难赚;-0.7541953733829778
-----;------;------;0.0;;-0.7541953733829778;0;1.0;178;7.433358210583881e-07;0.4000001486671642;0.6666669144452736
“黑眼圈”都能去开会，真是无解！同时，也反映了西方利益集团势力之强大！;[666];0.0
“黑眼圈”都能去开会，真是无解！同时，也反映了西方利益集团势力之强大！;回复@诸相非相大悟无言:网宏;-0.8934404340606801
“黑眼圈”都能去开会，真是无解！同时，也反映了西方利益集团势力之强大！;无解[允悲];0.9544319007824889
“黑眼圈”都能去开会，真是无解！同时，也反映了西方利益集团势力之强大！;网宏？;-0.48100059485833935
“黑眼圈”都能去开会，真是无解！同时，也反映了西方利益集团势力之强大！;黑眼圈？？什么意思？[允悲];0.8796908333978088
-----;------;------;0.7310447514391489;0.9544319007824889;-0.8934404340606801;1.847872334843169;0.07606383257841554;499;2.083845925326605e-06;0.32284385037621083;0.5380730839603513
通胀没有不是更好吗？;本来是个脚后跟思考也明白的常识。;0.8372888232493925
通胀没有不是更好吗？;按凯恩斯经济学的说法，温和的通胀是最好的。当时觉得好高深，现在觉得西经纯粹狗屁。;0.9972572988507871
-----;------;------;0.0799842378006973;0.9972572988507871;;0;1.0;7935;3.31369086522377e-05;0.4320003225020094;0.7200005375033489
听君一席话，听君一席话啊！反正我的工资，一点起色都没有，甚至还缩水了。;回复@青芒慕斯雪:相信后人的智慧;0.8401895231139396
听君一席话，听君一席话啊！反正我的工资，一点起色都没有，甚至还缩水了。;回复@写手吕子正:现在给我的感觉就像是明朝的东林党，阶级固化，这不是好事。为了维系自己的地位，那可真的是什么事都做的出来。;0.9786630489111054
听君一席话，听君一席话啊！反正我的工资，一点起色都没有，甚至还缩水了。;回复@写手吕子正:感觉进入了明朝的东林党模式;0.9221433342307293
听君一席话，听君一席话啊！反正我的工资，一点起色都没有，甚至还缩水了。;回复@青芒慕斯雪:所以我对自己的人生看不到边，反对国家未来有无限遐想及可能。;0.998679378366621
听君一席话，听君一席话啊！反正我的工资，一点起色都没有，甚至还缩水了。;回复@写手吕子正:制定政策的，都是上层精英。底层人民到底是什么情况，只有底层人民自己清楚。指望没有底层生活体验的人，能给你制定出什么好政策。看看那些所谓的专家，都是这样的人在给国家出谋划策，未来的生活，简直是想想都酸爽。;0.999999935374565
听君一席话，听君一席话啊！反正我的工资，一点起色都没有，甚至还缩水了。;回复@青芒慕斯雪:不过宏观上确实变好，但真的是老百姓变好了？我觉得是一些投机客变好了。;0.9974931475328774
听君一席话，听君一席话啊！反正我的工资，一点起色都没有，甚至还缩水了。;回复@写手吕子正:太对了，生存空间越来越小;0.17951056484366523
听君一席话，听君一席话啊！反正我的工资，一点起色都没有，甚至还缩水了。;[允悲]工作也越来越难找;0.8930397427246481
-----;------;------;0.2597141574279622;0.999999935374565;;0;1.0;752;3.140385041774763e-06;0.5038862910481934;0.8398104850803222
消费，数字经济，国防军工[good][good][good];[赞][赞];0.9804395868300535
-----;------;------;0.0;0.9804395868300535;;0;1.0;1170;4.885971408080416e-06;0.4000009771942816;0.6666682953238026
《家有九凤》;加1;-0.4192137041406989
《家有九凤》;加一;-0.033088235294117974
-----;------;------;0.19306273442329047;;-0.4192137041406989;0;1.0;14;5.846461513942378e-08;0.47722510546223923;0.7953751757703986
就真的不能拍一些以前勤劳的女性怎么做到妇女能顶半边天的剧情吗？老是拍重男轻女，现在古装剧重男轻女现代剧重男轻女。我想看女性奋斗史啊;回复@工地图纸:虽然想期待一下，又有点担心不会又是另一个娘道吧？;0.10401663076710643
就真的不能拍一些以前勤劳的女性怎么做到妇女能顶半边天的剧情吗？老是拍重男轻女，现在古装剧重男轻女现代剧重男轻女。我想看女性奋斗史啊;南洋女儿情，讲红头巾;0.7873778892078933
-----;------;------;0.34168062922039344;0.7873778892078933;;0;1.0;69;2.8814703175858865e-07;0.5366723093175638;0.8944538488626063
还是国管的提的多[悲伤];回复@一只特立独行的人猪:2000;0.849494460259802
还是国管的提的多[悲伤];回复@zaizaidemama:能，不过是要求无房户，就不知道后台审查不;-0.9335688549557106
还是国管的提的多[悲伤];国管不能租房提吧？[疑问];-0.8339304953517255
还是国管的提的多[悲伤];国管公积金，每个月租房能提多少呢？;-0.7058572380676582
-----;------;------;0.729320592021044;0.849494460259802;-0.9335688549557106;1.7830633152155126;0.10846834239224368;293;1.2235808739893692e-06;0.3351158184814899;0.5585263641358165
问题是咋执行呢，他要有钱就不烂尾了，退款的钱从哪里来[笑cry];精神支持[汗];0.5129678358115575
-----;------;------;0.0;0.5129678358115575;;0;1.0;322;1.344686148206747e-06;0.4000002689372297;0.6666671148953827
粉葛跟柴葛有啥区别？;回复@选择中医__董洪涛:好的;0.1107794110370437
粉葛跟柴葛有啥区别？;回复@小甜甜咪陀水灵灵:可以。;0.72382413767672
粉葛跟柴葛有啥区别？;回复@选择中医__董洪涛:听您的，十六岁少年长痘痘可以吃葛粉吗？;0.9877011740521369
粉葛跟柴葛有啥区别？;我认为粉葛更平和;0.9466300622078694
-----;------;------;0.35039462868078164;0.9877011740521369;;0;1.0;507;2.117254276834847e-06;0.540158274923168;0.9002637915386132
会不会很难冲啊，藕粉我冲不好;回复@乐言2010乐言:好哦，下次用这个方法冲。谢谢你～;0.5624046223095982
会不会很难冲啊，藕粉我冲不好;先用凉水或者温水搅拌，然后放微波炉打一两分钟即好，我就这样做的;-0.9484516966381824
会不会很难冲啊，藕粉我冲不好;非常容易，入水即化。;-0.5085817623250624
-----;------;------;0.6344887891216823;0.5624046223095982;-0.9484516966381824;1.5108563189477806;0.2445718405261097;67;2.7979494388152813e-07;0.3516243078181056;0.5860405130301759
我那天冲了一包30克来吃，纯葛根粉口感很好，结果下午和晚上都睡不着觉。十神汤用青皮的那个6克的，喝了又没事。我这体质和大部分人不一样。;回复@选择中医__董洪涛:哪天减量再试试;0.3078700284590399
我那天冲了一包30克来吃，纯葛根粉口感很好，结果下午和晚上都睡不着觉。十神汤用青皮的那个6克的，喝了又没事。我这体质和大部分人不一样。;葛根粉不影响睡眠质量的。您不妨再试一次，看结果如何。;0.7340723172057404
-----;------;------;0.21310114437335026;0.7340723172057404;;0;1.0;134;5.595898877630563e-07;0.48524056966731766;0.8087342827788626
泡葛根粉配点啥好？红糖？桂花？酒酿？;红糖甚好。;-0.10923370666942112
-----;------;------;0.0;;-0.10923370666942112;0;1.0;10120;4.2261564657926333e-05;0.4000084523129316;0.6666807538548859
脾阳虚的人不适合经常喝粥么？;适合。;0.23798882681564248
-----;------;------;0.0;0.23798882681564248;;0;1.0;377;1.574368564825912e-06;0.400000314873713;0.6666671914561882
这玩意儿开水是冲成糊糊嘛？然后加红糖水嘛？可不可以当早餐吃呢？;可以。;0.052465563615616606
-----;------;------;0.0;0.052465563615616606;;0;1.0;21;8.769692270913567e-08;0.4000000175393846;0.6666666958989742
董大产妇可以喝嘛;可以的;0.052465563615616606
-----;------;------;0.0;0.052465563615616606;;0;1.0;118;4.927731847465719e-07;0.400000098554637;0.6666668309243948
哺乳期可以喝吗？;完全可以。;0.052465563615616606
-----;------;------;0.0;0.052465563615616606;;0;1.0;132;5.512377998859956e-07;0.40000011024756;0.6666668504125999
刚下了一单[给力];感恩您的关注，祝您健康，快乐，平安。;0.99867891534197
-----;------;------;0.0;0.99867891534197;;0;1.0;31;1.2945736209443839e-07;0.40000002589147243;0.6666667098191206
请问孕妇可以喝吗？;孕妇不建议。;0.5358257762979806
-----;------;------;0.0;0.5358257762979806;;0;1.0;515;2.150662628343089e-06;0.4000004301325257;0.6666673835542094
葛根粉有葛根淀粉和葛根全粉两种，您这里说的葛根粉应该是葛根全粉吧？;我们的葛根粉是质量最好的一种，是提纯过了，不是淀粉。;0.8960198491968241
-----;------;------;0.0;0.8960198491968241;;0;1.0;0;0.0;0.4;0.6666666666666666
请问孕妇可以喝吗？;孕妇不建议。;0.5358257762979806
-----;------;------;0.0;0.5358257762979806;;0;1.0;515;2.150662628343089e-06;0.4000004301325257;0.6666673835542094
葛根粉有葛根淀粉和葛根全粉两种，您这里说的葛根粉应该是葛根全粉吧？;我们的葛根粉是质量最好的一种，是提纯过了，不是淀粉。;0.8960198491968241
-----;------;------;0.0;0.8960198491968241;;0;1.0;0;0.0;0.4;0.6666666666666666
粉葛跟柴葛有啥区别？;回复@选择中医__董洪涛:好的;0.1107794110370437
粉葛跟柴葛有啥区别？;回复@小甜甜咪陀水灵灵:可以。;0.72382413767672
粉葛跟柴葛有啥区别？;回复@选择中医__董洪涛:听您的，十六岁少年长痘痘可以吃葛粉吗？;0.9877011740521369
粉葛跟柴葛有啥区别？;我认为粉葛更平和;0.9466300622078694
-----;------;------;0.35039462868078164;0.9877011740521369;;0;1.0;507;2.117254276834847e-06;0.540158274923168;0.9002637915386132
会不会很难冲啊，藕粉我冲不好;回复@乐言2010乐言:好哦，下次用这个方法冲。谢谢你～;0.5624046223095982
会不会很难冲啊，藕粉我冲不好;先用凉水或者温水搅拌，然后放微波炉打一两分钟即好，我就这样做的;-0.9484516966381824
会不会很难冲啊，藕粉我冲不好;非常容易，入水即化。;-0.5085817623250624
-----;------;------;0.6344887891216823;0.5624046223095982;-0.9484516966381824;1.5108563189477806;0.2445718405261097;67;2.7979494388152813e-07;0.3516243078181056;0.5860405130301759
我那天冲了一包30克来吃，纯葛根粉口感很好，结果下午和晚上都睡不着觉。十神汤用青皮的那个6克的，喝了又没事。我这体质和大部分人不一样。;回复@选择中医__董洪涛:哪天减量再试试;0.3078700284590399
我那天冲了一包30克来吃，纯葛根粉口感很好，结果下午和晚上都睡不着觉。十神汤用青皮的那个6克的，喝了又没事。我这体质和大部分人不一样。;葛根粉不影响睡眠质量的。您不妨再试一次，看结果如何。;0.7340723172057404
-----;------;------;0.21310114437335026;0.7340723172057404;;0;1.0;134;5.595898877630563e-07;0.48524056966731766;0.8087342827788626
泡葛根粉配点啥好？红糖？桂花？酒酿？;红糖甚好。;-0.10923370666942112
-----;------;------;0.0;;-0.10923370666942112;0;1.0;10120;4.2261564657926333e-05;0.4000084523129316;0.6666807538548859
脾阳虚的人不适合经常喝粥么？;适合。;0.23798882681564248
-----;------;------;0.0;0.23798882681564248;;0;1.0;377;1.574368564825912e-06;0.400000314873713;0.6666671914561882
这玩意儿开水是冲成糊糊嘛？然后加红糖水嘛？可不可以当早餐吃呢？;可以。;0.052465563615616606
-----;------;------;0.0;0.052465563615616606;;0;1.0;21;8.769692270913567e-08;0.4000000175393846;0.6666666958989742
董大产妇可以喝嘛;可以的;0.052465563615616606
-----;------;------;0.0;0.052465563615616606;;0;1.0;118;4.927731847465719e-07;0.400000098554637;0.6666668309243948
哺乳期可以喝吗？;完全可以。;0.052465563615616606
-----;------;------;0.0;0.052465563615616606;;0;1.0;132;5.512377998859956e-07;0.40000011024756;0.6666668504125999
刚下了一单[给力];感恩您的关注，祝您健康，快乐，平安。;0.99867891534197
-----;------;------;0.0;0.99867891534197;;0;1.0;31;1.2945736209443839e-07;0.40000002589147243;0.6666667098191206
请问孕妇可以喝吗？;孕妇不建议。;0.5358257762979806
-----;------;------;0.0;0.5358257762979806;;0;1.0;515;2.150662628343089e-06;0.4000004301325257;0.6666673835542094
葛根粉有葛根淀粉和葛根全粉两种，您这里说的葛根粉应该是葛根全粉吧？;我们的葛根粉是质量最好的一种，是提纯过了，不是淀粉。;0.8960198491968241
-----;------;------;0.0;0.8960198491968241;;0;1.0;0;0.0;0.4;0.6666666666666666
都说年底或明年[doge];看看房价都可能打[污];-0.7131586145807178
都说年底或明年[doge];会怎么样啊;0.10780669144981436
-----;------;------;0.4104826530152661;0.10780669144981436;-0.7131586145807178;0.8209653060305322;0.5895173469847339;403;1.6829457072276989e-06;0.40000033658914147;0.666667227648569
第三届了，代玩必须收复;这些年的各种宏大规划哪个搞成了？;0.19132091307292431
-----;------;------;0.0;0.19132091307292431;;0;1.0;232;9.688421937390227e-07;0.40000019376843876;0.6666669896140645
都说年底或明年[doge];看看房价都可能打[污];-0.7131586145807178
都说年底或明年[doge];会怎么样啊;0.10780669144981436
-----;------;------;0.4104826530152661;0.10780669144981436;-0.7131586145807178;0.8209653060305322;0.5895173469847339;403;1.6829457072276989e-06;0.40000033658914147;0.666667227648569
第三届了，代玩必须收复;这些年的各种宏大规划哪个搞成了？;0.19132091307292431
-----;------;------;0.0;0.19132091307292431;;0;1.0;232;9.688421937390227e-07;0.40000019376843876;0.6666669896140645
我👀过了，这哥俩四月业绩都不如中海[笑cry];所以中建这两天嘚瑟了;0.2737287234067467
-----;------;------;0.0;0.2737287234067467;;0;1.0;1621;6.769367224357568e-06;0.4000013538734449;0.666668923122408
支持别的国家去了？;回复@futures_yuan:还是为收复做准备么，等收回来的时候，黑色可以使劲涨;-0.9368989611326695
支持别的国家去了？;平急两用等基础建设，给大城市配套的民生工程的概率高;0.9547487543466116
-----;------;------;0.9458238577396405;0.9547487543466116;-0.9368989611326695;1.891647715479281;0.054176142260359494;411;1.716354058735941e-06;0.40000034327081174;0.6666672387846861
我👀过了，这哥俩四月业绩都不如中海[笑cry];所以中建这两天嘚瑟了;0.2737287234067467
-----;------;------;0.0;0.2737287234067467;;0;1.0;1621;6.769367224357568e-06;0.4000013538734449;0.666668923122408
支持别的国家去了？;回复@futures_yuan:还是为收复做准备么，等收回来的时候，黑色可以使劲涨;-0.9368989611326695
支持别的国家去了？;平急两用等基础建设，给大城市配套的民生工程的概率高;0.9547487543466116
-----;------;------;0.9458238577396405;0.9547487543466116;-0.9368989611326695;1.891647715479281;0.054176142260359494;411;1.716354058735941e-06;0.40000034327081174;0.6666672387846861
五一假期大家的信心重建了[good];节日快乐啊[可爱];0.9452346119079589
-----;------;------;0.0;0.9452346119079589;;0;1.0;1040;4.343085696071481e-06;0.40000086861713924;0.6666681143618987
确实带动经济了，小区马路两边停车都全天收费了[允悲];节日快乐啊[可爱];0.9452346119079589
-----;------;------;0.0;0.9452346119079589;;0;1.0;68;2.839709878200584e-07;0.4000000567941976;0.6666667613236625
弹与不弹，释放的意思本身就不一样，你细品[憧憬][憧憬];图片评论http://t.cn/A6N0dC7k;-0.15786672486692166
-----;------;------;0.0;;-0.15786672486692166;0;1.0;120;5.011252726236324e-07;0.40000010022505456;0.6666668337084242
弹与不弹，释放的意思本身就不一样，你细品[憧憬][憧憬];图片评论http://t.cn/A6N0dC7k;-0.15786672486692166
-----;------;------;0.0;;-0.15786672486692166;0;1.0;120;5.011252726236324e-07;0.40000010022505456;0.6666668337084242
没说改造啥呀;看以往本地政策;0.8687550535218542
-----;------;------;0.0;0.8687550535218542;;0;1.0;135;5.637659317015865e-07;0.40000011275318637;0.6666668545886438
没说改造啥呀;看以往本地政策;0.8687550535218542
-----;------;------;0.0;0.8687550535218542;;0;1.0;135;5.637659317015865e-07;0.40000011275318637;0.6666668545886438
是您自己读稿录制下来的声音吗，听着很伤嗓子啊，以后新闻较多用ai读我觉得是ok的能听清;听着像是小李老师的音色的Ai读的[笑cry]感觉有点奇怪啊，不过如果是本人读的感觉确实很费嗓子，小李老师不用那么辛苦的，我觉得之前AI读的完全可以接受。;0.9998307966157132
是您自己读稿录制下来的声音吗，听着很伤嗓子啊，以后新闻较多用ai读我觉得是ok的能听清;听着像是小李老师的音色的Ai读的[笑cry]感觉有点奇怪啊，不过如果是本人读的感觉确实很费嗓子，小李老师不用那么辛苦的，我觉得之前AI读的完全可以接受。;0.9998307966157132
-----;------;------;0.0;0.9998307966157132;;0;1.0;2;8.35208787706054e-09;0.4000000016704176;0.6666666694506959
[鲜花][赞];别人天天吃肉，你天天唱汤#超短投机理论#可能你的方法不对出手就是大;0.8962008898959899
-----;------;------;0.0;0.8962008898959899;;0;1.0;188;7.850962604436908e-07;0.4000001570192521;0.6666669283654201
[鲜花][赞];别人天天吃肉，你天天唱汤#超短投机理论#可能你的方法不对出手就是大;0.8962008898959899
-----;------;------;0.0;0.8962008898959899;;0;1.0;188;7.850962604436908e-07;0.4000001570192521;0.6666669283654201
城中村确实是顽疾，灯下黑的管理盲区;回复@福梨厮:这就是问题，劣币驱逐良币，廉租房缺位严重导致了大家不能没有城中村的错觉。;-0.9969594546886165
城中村确实是顽疾，灯下黑的管理盲区;回复@福梨厮:[思考]我寻思自建握手楼可是少数地方的特产;0.767565407510499
城中村确实是顽疾，灯下黑的管理盲区;可没有城中村，靠什么吸纳上千万的年轻打工人呢;0.9483509583639427
-----;------;------;0.8775258152484372;0.9483509583639427;-0.9969594546886165;1.9453104130525591;0.02734479347372043;50;2.088021969265135e-07;0.36194828524930245;0.6032471420821707
因为某些事跑百京城中村走访过好几次，只能说...这是21世纪？[怒];回复@TennojiKotori:没办法，便宜和便宜，房租便宜买东西吃东西便宜。;-0.9777646339951092
因为某些事跑百京城中村走访过好几次，只能说...这是21世纪？[怒];不光是房屋面积之类的，各种遗留的墙体开裂两层危房，火灾全村一起死的结构，原先根本没有后续才加上的供暖设施，还有各种高密度群租，但这毕竟还是一些人的家[失望];-0.9998390225603682
-----;------;------;0.011037194282629503;;-0.9998390225603682;0;1.0;4;1.670417575412108e-08;0.404414881053887;0.6740248017564783
城中村确实是顽疾，灯下黑的管理盲区;回复@福梨厮:这就是问题，劣币驱逐良币，廉租房缺位严重导致了大家不能没有城中村的错觉。;-0.9969594546886165
城中村确实是顽疾，灯下黑的管理盲区;回复@福梨厮:[思考]我寻思自建握手楼可是少数地方的特产;0.767565407510499
城中村确实是顽疾，灯下黑的管理盲区;可没有城中村，靠什么吸纳上千万的年轻打工人呢;0.9483509583639427
-----;------;------;0.8775258152484372;0.9483509583639427;-0.9969594546886165;1.9453104130525591;0.02734479347372043;50;2.088021969265135e-07;0.36194828524930245;0.6032471420821707
因为某些事跑百京城中村走访过好几次，只能说...这是21世纪？[怒];回复@TennojiKotori:没办法，便宜和便宜，房租便宜买东西吃东西便宜。;-0.9777646339951092
因为某些事跑百京城中村走访过好几次，只能说...这是21世纪？[怒];不光是房屋面积之类的，各种遗留的墙体开裂两层危房，火灾全村一起死的结构，原先根本没有后续才加上的供暖设施，还有各种高密度群租，但这毕竟还是一些人的家[失望];-0.9998390225603682
-----;------;------;0.011037194282629503;;-0.9998390225603682;0;1.0;4;1.670417575412108e-08;0.404414881053887;0.6740248017564783
平急两用。。。。。。是啥=0=;公园空地，地下商场停车场，应急避难所。;0.40487354522027386
平急两用。。。。。。是啥=0=;应急工程吧，相比于乡村，城市确实是太脆弱了。;0.2904380048553983
平急两用。。。。。。是啥=0=;平时，应急;0.4445780256318175
平急两用。。。。。。是啥=0=;回复@方脑壳邓铂鋆:[阴险]我还以为是地铁（避难所）呢;-0.5280923720546264
平急两用。。。。。。是啥=0=;肯定不是方舱啦。[二哈];-0.18069838810784322
-----;------;------;0.3795499087847324;0.4445780256318175;-0.5280923720546264;0.9726703976864439;0.513664801156778;20;8.352087877060541e-08;0.35728590068078;0.5954765011346332
WAR;公园空地，地下商场停车场，应急避难所。;0.40487354522027386
WAR;应急工程吧，相比于乡村，城市确实是太脆弱了。;0.2904380048553983
WAR;平时，应急;0.4445780256318175
WAR;回复@方脑壳邓铂鋆:[阴险]我还以为是地铁（避难所）呢;-0.5280923720546264
WAR;肯定不是方舱啦。[二哈];-0.18069838810784322
-----;------;------;0.3795499087847324;0.4445780256318175;-0.5280923720546264;0.9726703976864439;0.513664801156778;210;8.769692270913567e-07;0.3572860593704496;0.5954767656174159
你好[打call];@若薇花开傍晚好;0.8439429077806211
-----;------;------;0.0;0.8439429077806211;;0;1.0;86;3.5913977871360325e-07;0.40000007182795577;0.6666667863799262
陌生[doge];@若薇花开傍晚好;0.8439429077806211
-----;------;------;0.0;0.8439429077806211;;0;1.0;164;6.848712059189643e-07;0.4000001369742412;0.6666668949570685
无房的怎么有的公积金贷款？;回复@-青春与爱人-:哦这样;0.9097134958563458
无房的怎么有的公积金贷款？;卖了;-0.2199170124481331
-----;------;------;0.5648152541522394;0.9097134958563458;-0.2199170124481331;1.1296305083044789;0.43518474584776057;708;2.9566391084794314e-06;0.40000059132782173;0.6666676522130361
请问是大兴哪个安置房？;回复@f波波86:哈哈哈这样啊;-0.10173288753100085
请问是大兴哪个安置房？;回复@哎呀Woc_:不是的。闲来无事搜了一下西城安置房关键字，看到了您的微博[笑哈哈];-0.5468922150958229
请问是大兴哪个安置房？;回复@f波波86:在那工作吗;-0.7194277692106144
请问是大兴哪个安置房？;回复@哎呀Woc_:嗯;-0.1350443156907053
请问是大兴哪个安置房？;回复@f波波86:你说的是不是康璟家园;-0.8348805736640348
请问是大兴哪个安置房？;回复@哎呀Woc_:不是;-0.4266574528901115
请问是大兴哪个安置房？;回复@f波波86:你是那的业主吗;-0.6585268853100743
请问是大兴哪个安置房？;回复@f波波86:对，康璟家园;-0.5432854440982653
请问是大兴哪个安置房？;回复@哎呀Woc_:是旧宫那个吗？;-0.186190685504678
请问是大兴哪个安置房？;西城区对接安置房;-0.1665521556170757
-----;------;------;0.254950755743072;;-0.8348805736640348;0;1.0;90;3.7584395446772435e-07;0.5019803774660198;0.8366339624433662
换汤不换药，其实是话语的重新诠释;[赞][赞][赞];0.9978218174142244
-----;------;------;0.0;0.9978218174142244;;0;1.0;650079;0.0027147584675158197;0.4005429516935032;0.6675715861558386
[话筒][话筒];[心][心];0.7911707066643898
-----;------;------;0.0;0.7911707066643898;;0;1.0;12;5.0112527262363246e-08;0.40000001002250546;0.6666666833708423
？这不是昨天的吗;就是看到这个词条了，觉得跟北京相关，想发表一下看法[哈哈];0.553839964069188
-----;------;------;0.0;0.553839964069188;;0;1.0;11417;4.7677893646200094e-05;0.40000953557872926;0.666682559297882
[鲜花][鲜花][鲜花];[许愿星];0.4266825683394988
[鲜花][鲜花][鲜花];[二哈][二哈];-0.153672295213795
[鲜花][鲜花][鲜花];[鲜花][哈哈][哈哈];0.23695550176431568
[鲜花][鲜花][鲜花];[鲜花];0.33333333333333415
-----;------;------;0.2208754529627394;0.4266825683394988;-0.153672295213795;0.5803548635532938;0.7098225682233531;1134583;0.00473806845990949;0.3732268221664189;0.6220447036106981
[干饭人][干饭人][干饭人]早安;[苦涩];0.75
[干饭人][干饭人][干饭人]早安;[报税][报税];-0.10464308298026648
[干饭人][干饭人][干饭人]早安;[给力][太开心][太开心];0.09938707428984106
[干饭人][干饭人][干饭人]早安;[挤眼];0.20190134875248633
[干饭人][干饭人][干饭人]早安;[666];0.0
-----;------;------;0.29828330158000443;0.75;-0.10464308298026648;0.8546430829802665;0.5726784585098668;1134583;0.00473806845990949;0.3493323177279304;0.5822205295465506
[爱你][爱你][爱你];[哇];0.052465563615616606
[爱你][爱你][爱你];[送花花][送花花];0.7259328544993484
[爱你][爱你][爱你];[给力][太开心][太开心];0.09938707428984106
[爱你][爱你][爱你];[坏笑];0.02659194914222951
[爱你][爱你][爱你];早安;0.5331588112694736
-----;------;------;0.28680037981288864;0.7259328544993484;;0;1.0;1134583;0.00473806845990949;0.5156677656171375;0.8594462760285623
春风正好，万物可爱，人间值得，三月再见，四月你好；愿你心中有爱，遇见美好。希望在新的一个月，你事事顺心，天天好心情，好运不断，喜事连连，美梦成真！;鱼儿万事如意[鲜花][礼物];0.5675382269087472
-----;------;------;0.0;0.5675382269087472;;0;1.0;3404;1.421525356675704e-05;0.4000028430507134;0.6666714050845222
[礼物][礼物][礼物][音乐][音乐][音乐];[喜][喜][喜][鲜花][鲜花][鲜花];0.893468440359265
-----;------;------;0.0;0.893468440359265;;0;1.0;10845;4.528919651336078e-05;0.4000090578393027;0.6666817630655044
[微风][微风][微风][微风];[礼物][礼物][礼物][握手][握手][握手];0.9975430766886351
-----;------;------;0.0;0.9975430766886351;;0;1.0;10845;4.528919651336078e-05;0.4000090578393027;0.6666817630655044
[心][心][心][心];[微风][微风][微风][微风][微风][微风];0.18405052293912738
-----;------;------;0.0;0.18405052293912738;;0;1.0;10845;4.528919651336078e-05;0.4000090578393027;0.6666817630655044
[礼物][礼物][礼物][礼物][礼物];[喜][喜][喜][喜][喜];0.8076923916516183
-----;------;------;0.0;0.8076923916516183;;0;1.0;10845;4.528919651336078e-05;0.4000090578393027;0.6666817630655044
[音乐][音乐][音乐][音乐][音乐];[鲜花][鲜花][鲜花][鲜花][鲜花];0.8649715245276339
-----;------;------;0.0;0.8649715245276339;;0;1.0;10845;4.528919651336078e-05;0.4000090578393027;0.6666817630655044
友早上好，周末愉快[咖啡][微风][鲜花];美友幸福快乐[鲜花][鲜花];0.9994025729580749
-----;------;------;0.0;0.9994025729580749;;0;1.0;2740;1.144236039157294e-05;0.40000228847207836;0.6666704807867971
回复@笑嫣然1202的表态:上午好[鲜花][礼物];谢友，午安！[作揖][给力][鲜花][微风][微风];0.7562020625783195
-----;------;------;0.0;0.7562020625783195;;0;1.0;10845;4.528919651336078e-05;0.4000090578393027;0.6666817630655044
回复@耕耘天地333的表态:开心每天;万事顺心[鲜花][鲜花];0.8585521578152764
-----;------;------;0.0;0.8585521578152764;;0;1.0;10845;4.528919651336078e-05;0.4000090578393027;0.6666817630655044
回复@耕耘天地333的表态:万事如意;幸福安康！[鲜花][微风];0.9601852531097994
-----;------;------;0.0;0.9601852531097994;;0;1.0;10845;4.528919651336078e-05;0.4000090578393027;0.6666817630655044
好友，周末愉快[微笑][握手][赞][音乐][鲜花][微风];美燕子周末愉快[鲜花][鲜花];0.9354490149537822
-----;------;------;0.0;0.9354490149537822;;0;1.0;16315;6.813215685712136e-05;0.40001362643137145;0.666689377385619
[心][鲜花][鲜花][鲜花];[音乐][音乐][音乐][浪];0.7679292436277241
-----;------;------;0.0;0.7679292436277241;;0;1.0;7382;3.0827556354230455e-05;0.4000061655112709;0.6666769425187847
友友周末好[爱你][爱你][爱你];美友周末愉快[礼物];0.940386066636427
-----;------;------;0.0;0.940386066636427;;0;1.0;131839;0.0005505654568118923;0.4001101130913624;0.666850188485604
好友上午好！周六愉快。[干杯][干杯][鲜花][鲜花][鲜花];友周末愉快[心][音乐];0.8363028267560553
-----;------;------;0.0;0.8363028267560553;;0;1.0;1923;8.03053249379371e-06;0.40000160610649876;0.6666693435108312
回复@榕下夜的表态:美友上午好[鲜花][鲜花];友友下午好[咖啡][微风][鲜花];0.5785439103309216
-----;------;------;0.0;0.5785439103309216;;0;1.0;10845;4.528919651336078e-05;0.4000090578393027;0.6666817630655044
回复@二木_201504_扈林原创歌词_诗词的表态:上午好[心][微风];友中午好！[鲜花][鲜花][握手][握手][作揖][作揖];0.8437852915251316
-----;------;------;0.0;0.8437852915251316;;0;1.0;10845;4.528919651336078e-05;0.4000090578393027;0.6666817630655044
回复@二木_201504_扈林原创歌词_诗词的表态:早上好[心][心];友中午好！[鲜花][鲜花][握手][握手][作揖][作揖];0.8437852915251316
-----;------;------;0.0;0.8437852915251316;;0;1.0;10845;4.528919651336078e-05;0.4000090578393027;0.6666817630655044
回复@flyz枫林叶子的表态:下午好[微风][心];下午好！[抱抱][鲜花][绿丝带][心];0.979111616740237
-----;------;------;0.0;0.979111616740237;;0;1.0;10845;4.528919651336078e-05;0.4000090578393027;0.6666817630655044
回复@闲看雨落听花语的表态:早上好[握手][心];周末好[作揖][鲜花];0.5197170433547611
-----;------;------;0.0;0.5197170433547611;;0;1.0;10845;4.528919651336078e-05;0.4000090578393027;0.6666817630655044
周末愉快！[鲜花][鲜花];友周末愉快[鲜花];0.6255574717463437
-----;------;------;0.0;0.6255574717463437;;0;1.0;4373;1.8261840143192873e-05;0.40000365236802865;0.6666727539467143
精彩佳作美博欣赏！[赞][赞][赞啊][赞啊];开心每天;0.4857142857142853
-----;------;------;0.0;0.4857142857142853;;0;1.0;4373;1.8261840143192873e-05;0.40000365236802865;0.6666727539467143
图片评论http://t.cn/A6NL8rix;幸福快乐[心];0.9962879962099123
-----;------;------;0.0;0.9962879962099123;;0;1.0;4373;1.8261840143192873e-05;0.40000365236802865;0.6666727539467143
早上好[音乐][音乐];友幸福快乐[鲜花];0.9947478386318027
-----;------;------;0.0;0.9947478386318027;;0;1.0;24237;0.00010121477693815816;0.40002024295538763;0.666700404925646
[赞][赞][赞];[咖啡];0.0277777777777779
-----;------;------;0.0;0.0277777777777779;;0;1.0;347;1.4490872466700038e-06;0.40000028981744934;0.6666671496957488
[话筒][话筒];[鲜花][微风];0.3453000587284871
-----;------;------;0.0;0.3453000587284871;;0;1.0;467854;0.001953778860817141;0.40039075577216343;0.667317926286939
[赞啊];[围观];0.4999999999999998
-----;------;------;0.0;0.4999999999999998;;0;1.0;296;1.23610900580496e-06;0.40000024722180116;0.6666670787030018
支持你;[赞][赞];0.9804395868300535
-----;------;------;0.0;0.9804395868300535;;0;1.0;91;3.800199984062546e-07;0.4000000760039997;0.6666667933399995
【CBA联赛赛程与成绩】http://t.cn/A6CzACUn;明天CBA季后赛来了;0.4874349379623133
-----;------;------;0.0;0.4874349379623133;;0;1.0;635440;0.002653625360299675;0.40053072507205995;0.6675512084534332
奋斗过程拿的住市场，更要拿的住自己！[赞][赞][赞];精髓精湛精深！[心];0.9278351395623812
-----;------;------;0.0;0.9278351395623812;;0;1.0;22940;9.57984479498844e-05;0.40001915968959;0.6666985994826499
曲老师周末愉快，中国体育现在是臭大街了，各种新闻[允悲];也就是个乐子[哈哈];-0.1102334969843517
-----;------;------;0.0;;-0.1102334969843517;0;1.0;231;9.646661498004925e-07;0.40000019293322997;0.6666669882220498
男足解散[哈哈];还得乐乐[哈哈];0.09763601280632472
-----;------;------;0.0;0.09763601280632472;;0;1.0;1072;4.47671910210445e-06;0.40000089534382044;0.6666681589063673
先生我很好奇，八字能分析出具体哪年买房吗？;回复@邵先生-易学:哈哈哈是不是事业婚姻是重点研究;0.9989884876292292
先生我很好奇，八字能分析出具体哪年买房吗？;可以，但这个方面研究的比较少;0.5412396078851935
-----;------;------;0.22887443987201783;0.9989884876292292;;0;1.0;88;3.6749186659066377e-07;0.4915498494471805;0.819249749078634
大师可以看下袁一琦八字吗🙏;@邵先生-易学;0.9188335970021031
-----;------;------;0.0;0.9188335970021031;;0;1.0;347;1.4490872466700038e-06;0.40000028981744934;0.6666671496957488
你是外国人吗？是间谍吗？你没看出来这仅仅是玩了个文字游戏吗。“拆迁”改为“搬迁”，当然没有拆迁户了，以后叫搬迁户而已。;多读书;0.39024390243902474
你是外国人吗？是间谍吗？你没看出来这仅仅是玩了个文字游戏吗。“拆迁”改为“搬迁”，当然没有拆迁户了，以后叫搬迁户而已。;以前按户口补偿面积，一个人40平。现在有封顶了，多的部分只补偿货币(农村补偿价格远低于市场价)，可不只是文字游戏了;-0.9315273596051798
-----;------;------;0.6608856310221023;0.39024390243902474;-0.9315273596051798;1.3217712620442046;0.3391143689778977;124;5.178294483777535e-07;0.4000001035658897;0.6666668392764827
可以展开讲讲吗;[允悲];0.9459634540755057
-----;------;------;0.0;0.9459634540755057;;0;1.0;116;4.844210968695113e-07;0.4000000968842194;0.6666668281403656
改个名字而已！;现在不会因为拆迁暴富了，都是远点的地方房子;0.08048199828347413
-----;------;------;0.0;0.08048199828347413;;0;1.0;15;6.264065907795405e-08;0.40000001252813183;0.6666666875468863
一定后悔;是的;0.052465563615616606
-----;------;------;0.0;0.052465563615616606;;0;1.0;81;3.382595590209519e-07;0.4000000676519118;0.666666779419853
[允悲][允悲][允悲];[笑cry][笑cry][笑cry][笑cry];0.868514015094064
-----;------;------;0.0;0.868514015094064;;0;1.0;565;2.3594648252696028e-06;0.40000047189296506;0.6666674531549417
拆到你吗[笑cry];是在拆迁范围，但是不是地铁口那个位置，那个位置要先征。整个路东都是征收范围啊;0.3249031851036992
-----;------;------;0.0;0.3249031851036992;;0;1.0;1512;6.314178435057769e-06;0.40000126283568704;0.6666687713928117
还有哪些坐吃租金的包租公婆，必须从制度上铲除这些不劳而获的土壤[打call];[允悲]需要收更高的递增式房产税。;0.8795310839257218
-----;------;------;0.0;0.8795310839257218;;0;1.0;86;3.5913977871360325e-07;0.40000007182795577;0.6666667863799262
不要酸，没拆的已经没有补偿了[doge];回复@先驱之光:一张政府盖的房票😂😂😂然后没有了;-0.8621750284808565
不要酸，没拆的已经没有补偿了[doge];那得到了什么;0.052465563615616606
-----;------;------;0.45732029604823654;0.052465563615616606;-0.8621750284808565;0.9146405920964731;0.5426797039517635;75;3.1320329538977027e-07;0.4000000626406591;0.6666667710677651
可以选择不腾退吗;可以，但各种施压，居住环境也特别差。;-0.739477263466823
-----;------;------;0.0;;-0.739477263466823;0;1.0;485;2.025381310187181e-06;0.40000040507626206;0.66666734179377
还是允许置换和货币化安置，这和拆迁有什么区别;没有安置房了[doge];-0.5816221810141984
-----;------;------;0.0;;-0.5816221810141984;0;1.0;761;3.177969437221536e-06;0.4000006355938875;0.6666677259898124
富哥v我50看实力[奋斗][奋斗][爱你][爱你];回复@磁偶极子:我现在就打包镜头过去房在哪里[送花花];-0.8622338750686331
富哥v我50看实力[奋斗][奋斗][爱你][爱你];冰梓老师一套镜头抵我家一套房了[doge];0.9884614050518024
-----;------;------;0.9253476400602177;0.9884614050518024;-0.8622338750686331;1.8506952801204355;0.07465235993978225;7600;3.1737933932830056e-05;0.4000063475867866;0.6666772459779776
感觉没有区别🙉不懂为什么要限制补偿面积，请教您一下，那不是会给开发商更大的现金流压力吗？;回复@绀野小树:没有大的改变，因为楼市需求下降，土地市场没有大的浪花[允悲];0.9992504795448227
感觉没有区别🙉不懂为什么要限制补偿面积，请教您一下，那不是会给开发商更大的现金流压力吗？;回复@贺东亮Shine:好的，[奮鬥]我理解的还是这政策没有什么实质改变，具体标准还是由具体规划具体情况决定;0.8878176199009369
感觉没有区别🙉不懂为什么要限制补偿面积，请教您一下，那不是会给开发商更大的现金流压力吗？;回复@绀野小树:是超出标准部分，货币补偿，低于标准按最低标准，按这个理解是，超大户和超小户给与关照的意思吧，字面理解[允悲];0.6289814508853409
感觉没有区别🙉不懂为什么要限制补偿面积，请教您一下，那不是会给开发商更大的现金流压力吗？;回复@贺东亮Shine:大概理解了🫡那么最后想问一下您，降低补偿面积，由货币去补偿，这个地方的变化是为了啥呢？降低补偿标准还是延长交付周期？补偿太低了村民不可能同意拆吧🙉特别是好地段的;0.30954185676908774
感觉没有区别🙉不懂为什么要限制补偿面积，请教您一下，那不是会给开发商更大的现金流压力吗？;回复@绀野小树:不是的，土地出让金要走几轮财政程序的，拍地的💰不全是补偿款；房也是啊，开发商是交付给政府，政府分给村民，这中间有配套啊;0.19770870756844006
感觉没有区别🙉不懂为什么要限制补偿面积，请教您一下，那不是会给开发商更大的现金流压力吗？;回复@贺东亮Shine:贺先生，G方收储土地收取地价，但是支付给村民补款和房屋不都是开发商吗？🙉比如我们万科的旧改项目就是万科给村民钱和房。;0.8588983561289008
感觉没有区别🙉不懂为什么要限制补偿面积，请教您一下，那不是会给开发商更大的现金流压力吗？;跟开发商没关系，实际是减轻拆迁收地的成本和阻力，因为现在是G方收储土地，净地之后才走招拍挂卖地流程;0.8054684602839821
-----;------;------;0.2839908369240683;0.9992504795448227;;0;1.0;146;6.097024150254195e-07;0.5135964567101103;0.8559940945168505
补偿安置房和现在回迁房有什么区别吗？;回复@贺东亮Shine:确实，现在房价高的地方容积率都蛮高，开发商干到100米高，才有机会赚取利润。;0.9756756561006665
补偿安置房和现在回迁房有什么区别吗？;回复@绀野小树:建筑容积率比较高的地块可以实现原地回迁，所以取决于规划指标，如果限高或限制容积率就难实现;0.9960762392973714
补偿安置房和现在回迁房有什么区别吗？;回复@贺东亮Shine:广佛的核心地段都是原地回迁的呀;0.965793345836466
补偿安置房和现在回迁房有什么区别吗？;回复@绀野小树:如果位置好的城中村，还是很难原地回迁吧，这取决于地块和规划指标;0.9943279404994754
补偿安置房和现在回迁房有什么区别吗？;回复@贺东亮Shine:谁来建造房子的这个问题是否取决于谁来拆你的村屋呢？若是开发商拍了你的村，最后还是开发商代建原地回迁吧，现在都是这样。;0.5595939365502822
补偿安置房和现在回迁房有什么区别吗？;理论上没区别，操作中如果异地应该政府自建，原地安置那应该开发商代建，但也是独立组团;0.4307828072053377
-----;------;------;0.23316095293118722;0.9960762392973714;;0;1.0;146;6.097024150254195e-07;0.4932645031129579;0.822107505188263
这个主要是指农村那种拆迁户吧，城市里本来就是一户一宅;认定以82年为准，所有很多大城市城中平房应该也是宅基地性质;0.6361795193371491
-----;------;------;0.0;0.6361795193371491;;0;1.0;156;6.514628544107221e-07;0.4000001302925709;0.6666668838209514
徐州博物馆[嘻嘻]http://t.cn/A6NL4YgA;回复@馒头_控:他们想不到这么多年后好有人给照相;-0.7595466798325856
徐州博物馆[嘻嘻]http://t.cn/A6NL4YgA;[嘻嘻];0.8888888888888888
-----;------;------;0.8242177843607372;0.8888888888888888;-0.7595466798325856;1.6484355687214745;0.17578221563926277;1827;7.629632275694804e-06;0.40000152592645516;0.6666692098774252
挺帅的[偷笑];很和善的笑容[嘻嘻];0.7139288015896086
-----;------;------;0.0;0.7139288015896086;;0;1.0;2890;1.206876698235248e-05;0.4000024137533965;0.6666706895889941
换个说法;[赞];0.8357487922705313
-----;------;------;0.0;0.8357487922705313;;0;1.0;1350;5.637659317015865e-06;0.4000011275318634;0.6666685458864389
不知道呢;[月亮][月亮];0.8568220663636918
-----;------;------;0.0;0.8568220663636918;;0;1.0;94492;0.0003946027438396023;0.4000789205487679;0.6667982009146131
这个利大于弊;是的;0.052465563615616606
-----;------;------;0.0;0.052465563615616606;;0;1.0;5568;2.3252212649736545e-05;0.40000465044253;0.6666744174042165
来了;不咋滴[苦涩];0.5863352630248717
-----;------;------;0.0;0.5863352630248717;;0;1.0;11169;4.6642234749444586e-05;0.4000093284469499;0.6666822140782498
不明白;[允悲][允悲];0.9980991466154752
-----;------;------;0.0;0.9980991466154752;;0;1.0;15979;6.672900609377519e-05;0.4000133458012188;0.6666889096686979
拆迁户已成过往了？;好像是;-0.1340782122905031
-----;------;------;0.0;;-0.1340782122905031;0;1.0;22447;9.373965828818898e-05;0.40001874793165765;0.6666979132194293
[春游家族][春游家族][春游家族];[哈哈][哈哈];0.0
-----;------;------;0.0;0.0;0.0;0;1.0;10745;4.4871592119507754e-05;0.4000089743184239;0.6666816238640397
来了[喵喵];[嘻嘻][嘻嘻];0.9914982589539174
-----;------;------;0.0;0.9914982589539174;;0;1.0;23883;9.973645738391844e-05;0.40001994729147683;0.6666999121524613
来了;[月亮][月亮];0.8568220663636918
-----;------;------;0.0;0.8568220663636918;;0;1.0;8702;3.6339934353090414e-05;0.40000726798687064;0.6666787799781176
拆了的喊好，没拆的喊不好;有道理;0.181467181467182
-----;------;------;0.0;0.181467181467182;;0;1.0;3;1.2528131815590811e-08;0.4000000025056264;0.6666666708427106
没拆的是不是已经开始闹腾了[喵喵];多少有点不平衡[哈哈];0.23741819855937663
-----;------;------;0.0;0.23741819855937663;;0;1.0;10936;4.566921651176704e-05;0.4000091338433024;0.6666818897388372
啊[跪了]这么牛的吗;嗯然后现在都没拆;-0.4486021652949901
-----;------;------;0.0;;-0.4486021652949901;0;1.0;1;4.17604393853027e-09;0.4000000008352088;0.6666666680586812
应该说不公平的太多了[doge][doge];其实没有人希望真正的公平吧。都是想让自己处在这个不公平社会的有利位置罢了[doge];-0.798811327786473
-----;------;------;0.0;;-0.798811327786473;0;1.0;24;1.0022505452472649e-07;0.40000002004501095;0.6666667000750182
这样一看，运河的地也就两年左右的供应量就结束了;哪有什么刚需;-0.09367741920224515
这样一看，运河的地也就两年左右的供应量就结束了;回复@迷茫的自信1:刚需该下手还是下手，不然后面哪怕同样价格位置也更差了;0.982854009796641
这样一看，运河的地也就两年左右的供应量就结束了;没事，其实往南往北，往西扩地还是很多，不过位置差了些;0.7236798338720207
-----;------;------;0.45876210855854005;0.982854009796641;-0.09367741920224515;1.076531428998886;0.46173428550055695;141;5.888221953327681e-07;0.36819867538807793;0.6136644589801298
听你那语气，很希望俄罗斯输，以美国为代表的代理人战争赢？最后赢得必是俄罗斯;希不希望，俄都必输了，时间问题，输的程度如何而已。;0.9922676359089706
-----;------;------;0.0;0.9922676359089706;;0;1.0;176;7.349837331813275e-07;0.4000001469967467;0.6666669116612444
你很棒！台北見！;台北见[失望]新竹之旅靠你安排了[委屈];0.24936424643743393
-----;------;------;0.0;0.24936424643743393;;0;1.0;14158;5.912443008171157e-05;0.4000118248860164;0.6666863748100272
大家好。今天脱单，明天开始穿两件。;感谢，你是最棒的[求关注][鲜花];0.9871119471883327
-----;------;------;0.0;0.9871119471883327;;0;1.0;731941;0.0030566177764117844;0.4006113235552824;0.6676855392588039
向日葵这次要放弃太阳了。;谢谢你的评论。我会继续努力[心][干杯];0.5610067328580441
-----;------;------;0.0;0.5610067328580441;;0;1.0;11587;4.838782111575024e-05;0.4000096775642232;0.6666827959403718
骏马是跑出来的，强兵是打出来的。;谢谢你的评论。我会继续努力[笑哈哈][求关注];0.7090030466779491
-----;------;------;0.0;0.7090030466779491;;0;1.0;1582500;0.006608589532724153;0.40132171790654486;0.6688695298442413
夜光隐约中过西窗，音乐循环着悲伤的调子。;谢谢你的评论。我会继续努力[心][干杯];0.5610067328580441
-----;------;------;0.0;0.5610067328580441;;0;1.0;282495;0.0011797115324151087;0.400235942306483;0.6670599038441383
他人爱莫能助;感谢，你是最棒的[鲜花][赞啊];0.9973311342432587
-----;------;------;0.0;0.9973311342432587;;0;1.0;465021;0.0019419481283392847;0.40038838962566786;0.6673139827094463
有一种缘，放手后成为风景，有一颗心，坚持中方现真诚。;感谢，你是最棒的[笑哈哈][赞啊];0.9977119646042707
-----;------;------;0.0;0.9977119646042707;;0;1.0;355548;0.0014847840702565606;0.4002969568140513;0.6671615946900854
人要认识发现自己，而在孤独沉思时，是比较容易认识发现自己的。;谢谢你的评论。我会继续努力[赞啊][鲜花];0.9213653367715391
-----;------;------;0.0;0.9213653367715391;;0;1.0;969186;0.004047363320608398;0.4008094726641217;0.6680157877735361
以前我用头过日子，遇到你后，我开始用心过日子。;人生苦短还好有甜;0.6402280225475212
-----;------;------;0.0;0.6402280225475212;;0;1.0;28611;0.00011948079312528957;0.4000238961586251;0.6667064935977084
面对热爱要不留余力的喜欢。;[心];0.5297450424929182
-----;------;------;0.0;0.5297450424929182;;0;1.0;282495;0.0011797115324151087;0.400235942306483;0.6670599038441383
不要为已消逝之年华叹息，须正视欲匆匆溜走的时光。;@癸巳先生早上好[心];0.8367905977724437
-----;------;------;0.0;0.8367905977724437;;0;1.0;1582500;0.006608589532724153;0.40132171790654486;0.6688695298442413
相信他说的话，但不要当真。;我是一个追梦人，我的梦，不过就是你。;0.6859005058834435
-----;------;------;0.0;0.6859005058834435;;0;1.0;355548;0.0014847840702565606;0.4002969568140513;0.6671615946900854
您真是宝藏;[鲜花];0.33333333333333415
-----;------;------;0.0;0.33333333333333415;;0;1.0;753221;0.003145483991423709;0.4006290967982848;0.6677151613304746
转发微博;[赞];0.8357487922705313
-----;------;------;0.0;0.8357487922705313;;0;1.0;43222;0.00018049697111115534;0.40003609939422224;0.6667268323237037
多少钱，哪个小区;3300，国企公寓;-0.8685986767548795
-----;------;------;0.0;;-0.8685986767548795;0;1.0;270;1.127531863403173e-06;0.4000002255063727;0.666667042510621
清理低端仁口，40岁以上不给租。估计是要打造青年型城市了;怎么你这种人心里就这么阴暗了呢？难道40岁就不配住好点？;-0.988665656039813
-----;------;------;0.0;;-0.988665656039813;0;1.0;6;2.5056263631181623e-08;0.40000000501125277;0.6666666750187545
深圳的房租对比上海北京已经具有一定的友好性了。起码在相较于cbd适合距离的前提上3000块想租正经的房子非老破小城中村而是正经的好几十接近百平米的小区房还是可以实现的。就是整体的周边的大环境就那个样一般般，上海稍微好一些，北京吧也挺一般的。如果能屈得下身还有大把城中村选择。;不像北京只有甚至破烂过城中村的小胡同小单位，就没人要。上海就根本没有了，连老破小都是至少至少3000起。;-0.975893723410955
-----;------;------;0.0;;-0.975893723410955;0;1.0;9;3.758439544677243e-08;0.4000000075168791;0.6666666791947984
真是做到了不与民分利的极致;深圳还是不够狠，学学15年左右的郑州，4环内的城中村全部推平，本来三四百就能租的房，必须得去小区里一千多才能租到[允悲];-0.6432897266651467
真是做到了不与民分利的极致;打工人不配做民？你看看哪个才是基本盘好吧？;0.7028920973962622
真是做到了不与民分利的极致;在山西的就少学人替深圳房东说话了。各种房东二手房东管你去使只要市场有上升空间就一定往使里提房租，各种超额收你水电费。就算房东善良别家周围都涨你还能非得不涨那你不是有并是什么？;-0.9598338764552108
-----;------;------;0.7208839763574184;0.7028920973962622;-0.9598338764552108;1.662725973851473;0.1686370130742635;480;2.0045010904945296e-06;0.35580879667289084;0.5930146611214846
总量不增加，效果如何？;总的来说，就是让收入更高，能力更好，更加年轻，未来有更多机会，但买不起房的大学生，能保证政策目标。话说觉得租金上涨，自己工资不涨为什么不是能力不行呢，或者是不符合深圳发展需求，反而成了拖油瓶。回小城市也也是一种选择;0.9999149423747802
总量不增加，效果如何？;就是让大学生进来，有地方住。同样是工人阶级子女要有出路呀，我觉得打拼这么多年成功的都买房了，那些没背景大学生，得有机会进入，一开始就买房不可能[doge];0.9866902492285634
-----;------;------;0.006612346573108385;0.9999149423747802;;0;1.0;76;3.1737933932830053e-07;0.4026450021051112;0.6710750035085186
城中村还是得忚姆的拆。楼房密度太高了根本受不了。深圳也不是说完全没土地，现在管东莞要地应该要不来了姆的🤪，不过东部还是有些余量能用用的。不过这里就涉及城市规划了，看开不开窍了。姆的深圳北站一个叫北站的站居然其实在深圳地区的地理中心位置，中心位置他叫北站忚姆的你说这些人呃不呃心。;只有本市的定位更合理的定在地理中心位置才能更好带动整个城市。甚至于那两片区域之强劲，之传统强劲，结合东部的弱势和土地利用上的一些余量，深圳本市的重心更应该在地理中部甚至更靠近于东部一些。只有这样整个城市才能更均衡的发展，而深圳本市的强劲才能更好辐射周边。像比亚迪就在东部啊。;0.99992901725547
城中村还是得忚姆的拆。楼房密度太高了根本受不了。深圳也不是说完全没土地，现在管东莞要地应该要不来了姆的🤪，不过东部还是有些余量能用用的。不过这里就涉及城市规划了，看开不开窍了。姆的深圳北站一个叫北站的站居然其实在深圳地区的地理中心位置，中心位置他叫北站忚姆的你说这些人呃不呃心。;以前把挨着香港的地方管中心的思想就该改变了，应该直接把那区域定位于他原来的定位，就是近港区。然后把前海那片大湾区腹地定位成该定位的区，就是大湾区腹地区。然后深圳本市要懂得跟这两片区域分开开来，已经长大了，别在那里添和吃奶了。;0.9965846549112156
-----;------;------;0.0016721811721271962;0.99992901725547;;0;1.0;9;3.758439544677243e-08;0.40066887998573;0.6677814666428832
深圳的保障房越来越多了[中国赞];因为房价越来越高了，大家都买不起了[允悲];0.8919819910152227
深圳的保障房越来越多了[中国赞];[努力];0.26984126984126977
-----;------;------;0.31107036058697646;0.8919819910152227;;0;1.0;513751;0.0021454467494638647;0.5248572335846834;0.8747620559744722
[鼓掌][鼓掌];[心][心][心];0.9153097204935656
-----;------;------;0.0;0.9153097204935656;;0;1.0;647132;0.002702451666028971;0.4005404903332058;0.6675674838886763
不错[吃瓜];[中国赞];0.9308063277179861
-----;------;------;0.0;0.9308063277179861;;0;1.0;2469;1.0310652484231238e-05;0.4000020621304969;0.666670103550828
多一点保障房挺好的[doge];是的[并不简单];-0.11288159980893431
-----;------;------;0.0;;-0.11288159980893431;0;1.0;2744;1.1459064567327062e-05;0.40000229181291347;0.6666704863548557
保障房多一点，商品房会降吗;这应该不影响吧[笑cry];-0.13573730092019964
-----;------;------;0.0;;-0.13573730092019964;0;1.0;10;4.1760439385302704e-08;0.4000000083520879;0.666666680586813
2316/4022http://t.cn/A6pa6tKy;照着这个架势，这个月也就1万左右[思考];0.2620395719982058
2316/4022http://t.cn/A6pa6tKy;[作揖][作揖][作揖];-0.7299153395051479
-----;------;------;0.49597745575167684;0.2620395719982058;-0.7299153395051479;0.9919549115033537;0.5040225442483232;791;3.3032507553774438e-06;0.4000006606501511;0.6666677677502517
咳嗽好点没？昨天直播那是肺都咳出来了，六月说能不能吃个小鱼干口味的肺片;回复@佳爷房谈齐小白:含点清咽滴丸挺管用，另外小心别引起急性会厌炎，那个会引发呼吸困难的，多喝水，少说话;-0.043743884761092255
咳嗽好点没？昨天直播那是肺都咳出来了，六月说能不能吃个小鱼干口味的肺片;还是老咳嗽，希望远征的时候能好。。;0.8002623143568921
-----;------;------;0.4220030995589922;0.8002623143568921;-0.043743884761092255;0.8440061991179844;0.5779969004410078;13;5.4288571200893513e-08;0.40000001085771425;0.666666684762857
紫金新的一期？;回复@佳爷房谈齐小白:[并不简单];-0.2703089049882703
紫金新的一期？;几栋几栋开吧;-0.9019622764430608
-----;------;------;0.31582668572739525;;-0.9019622764430608;0;1.0;33;1.378094499714989e-07;0.5263307018528481;0.8772178364214134
早;早[作揖];-0.24203558520480684
-----;------;------;0.0;;-0.24203558520480684;0;1.0;493;2.058789661695423e-06;0.4000004117579324;0.6666673529298872
一升一降;[钢镚儿];0.780284906296048
-----;------;------;0.0;0.780284906296048;;0;1.0;19;7.934483483207513e-08;0.400000015868967;0.6666666931149449
盐蒸橙子，梨水，不知道那个有作用，反正首次新冠咳了俩月，吃这些好的。;谢谢[作揖];-0.0961235068184576
-----;------;------;0.0;;-0.0961235068184576;0;1.0;164;6.848712059189643e-07;0.4000001369742412;0.6666668949570685
[艾尔海森];[枫原万叶_];0.7004044379754542
-----;------;------;0.0;0.7004044379754542;;0;1.0;111;4.6354087717686e-07;0.40000009270817544;0.6666668211802923
老咳嗽，一定要去做个低剂量胸部CT;[作揖];-0.23502059193378622
-----;------;------;0.0;;-0.23502059193378622;0;1.0;46;1.9209802117239243e-07;0.40000003841960424;0.6666667306993403
小白早[鲜花];早;0.04504504504504503
-----;------;------;0.0;0.04504504504504503;;0;1.0;44;1.8374593329533189e-07;0.40000003674918666;0.666666727915311
对前湾的一腔热血看得我心潮澎湃，高饭店村周边小路曾经跑了无数遍，能看到现在这番大规模建设的模样真是太好了[喵喵];D出口上面那里还残留着一点高饭店村的遗迹，青砖🧱，仅存的。这次转一圈，很多路网通了，明显感觉不一样。;0.025450126739128498
-----;------;------;0.0;0.025450126739128498;;0;1.0;956;3.992298005234938e-06;0.40000079845960107;0.6666679974326684
桂语麓境业主祝愿天府前湾慢慢起飞🛫[笑cry][笑cry][笑cry];人生赢家;0.4902717441149884
-----;------;------;0.0;0.4902717441149884;;0;1.0;0;0.0;0.4;0.6666666666666666
[哈哈]前湾铁粉，有你这股热情，前湾一定会有光亮的一天。;大家的热情;0.5143603133159274
-----;------;------;0.0;0.5143603133159274;;0;1.0;0;0.0;0.4;0.6666666666666666
写的很用心赞一直在转发你的微博到业主群大号微博不能评论，换了个小号来支持;感谢支持！;0.5436820186886033
-----;------;------;0.0;0.5436820186886033;;0;1.0;2;8.35208787706054e-09;0.4000000016704176;0.6666666694506959
麓湾与璟园期待领导来视察，确实能从文字中看书对前湾深深的爱[good][good];大哥，[作揖];-0.7132806423866864
-----;------;------;0.0;;-0.7132806423866864;0;1.0;91;3.800199984062546e-07;0.4000000760039997;0.6666667933399995
把“站岗”“套牢”说的如此清新脱俗的你是微博第一个;回复@牛欢喜密探6475824351:怎么张嘴就来？你来举例看看。我是标榜了某个楼盘涨到十万还是虚假吹捧了？你是第一个跑来没事找事的。你一天真的闲得慌。;-0.5089879871793883
把“站岗”“套牢”说的如此清新脱俗的你是微博第一个;回复@前湾新语:咋啦？现在说到自己这里就要讲逻辑啦？平时张嘴就来的时候咋不讲逻辑;0.8790496226344813
把“站岗”“套牢”说的如此清新脱俗的你是微博第一个;回复@牛欢喜密探6475824351:什么逻辑？站岗套牢推导出周围全是烂尾停工的？你自己看看你说的。你不愿意看就不看，我也没喊哪个来买前湾，我不是房产博主，你要争个输赢的话请找大V们。;-0.9944702627651791
把“站岗”“套牢”说的如此清新脱俗的你是微博第一个;回复@前湾新语:那金融城沦落到和前湾比了吗？;0.963376441118295
把“站岗”“套牢”说的如此清新脱俗的你是微博第一个;回复@牛欢喜密探6475824351:金融城还有烂尾盘，金融城站岗了？;0.9495285490829113
把“站岗”“套牢”说的如此清新脱俗的你是微博第一个;如果没有站岗套牢为什么周边停工烂尾盘扎堆啊？;-0.779697808759793
把“站岗”“套牢”说的如此清新脱俗的你是微博第一个;就你聪明，买的都是核心板块核心资产，买前湾的业主都是傻子，都是站岗套牢。你说的都是对的。;0.9978957746960322
-----;------;------;0.8560613650512886;0.9978957746960322;-0.9944702627651791;1.9923660374612113;0.0038169812693943372;11;4.593648332383297e-08;0.34395134771556984;0.5732522461926163
你好，你感兴趣的“央行数字货币”已开通了超话社区～超话社区是微博旗下兴趣互动社区，快来与志同道合的小伙伴们一起交流互动吧！戳我进入>>#央行数字货币[超话]#;[围观];0.4999999999999998
-----;------;------;0.0;0.4999999999999998;;0;1.0;239461082;1.0;0.6000000000000001;1.0
存量不降的话，让我们一起维权人行吧[打call][打call][打call][打call][打call][允悲];[泪]我加入;0.8461538461538458
-----;------;------;0.0;0.8461538461538458;;0;1.0;1934;8.076468977117542e-06;0.40000161529379546;0.6666693588229924
[good];该睡了阁下[耶];-0.9900624312025437
-----;------;------;0.0;;-0.9900624312025437;0;1.0;254841;0.0010642272133389926;0.40021284544266783;0.667021409071113
[good];[作揖];-0.23502059193378622
-----;------;------;0.0;;-0.23502059193378622;0;1.0;467854;0.001953778860817141;0.40039075577216343;0.667317926286939
[打call][打call][打call][打call][打call];[鲜花];0.33333333333333415
-----;------;------;0.0;0.33333333333333415;;0;1.0;829407;0.0034636400749245757;0.40069272801498496;0.6678212133583081
这里有比较大概率下跌是把？;回复@小河要流向大海:看大级别上涨，概率最多30%🙏;0.7062252238812108
这里有比较大概率下跌是把？;回复@期货为伴xm:下跌后呢，看大级别上涨行情？;0.24483961000997723
这里有比较大概率下跌是把？;是的，没有绝对，仅是大概率的事情;-0.27507231134966537
-----;------;------;0.40085047687654796;0.7062252238812108;-0.27507231134966537;0.9812975352308762;0.5093512323845619;603;2.518154494933753e-06;0.364081187335343;0.6068019788922383
[小黄人剪刀手];[心];0.5297450424929182
-----;------;------;0.0;0.5297450424929182;;0;1.0;524;2.1882470237898617e-06;0.4000004376494048;0.6666673960823413
[汗];是我乐观了;0.8620689655172415
-----;------;------;0.0;0.8620689655172415;;0;1.0;98;4.092523059759665e-07;0.4000000818504612;0.6666668030841019
除了银行、地产，恐怕更利好科技。[吃瓜][酷];次序不一样;-0.5226032501214986
-----;------;------;0.0;;-0.5226032501214986;0;1.0;789;3.2948986675003834e-06;0.4000006589797335;0.6666677649662225
100万贷款，30年，总共少2.1万。每天2块钱[二哈];一个月可以多卖几瓶可乐，几杯瑞幸，这可不少钱了;-0.10425565993435071
100万贷款，30年，总共少2.1万。每天2块钱[二哈];这不挺好;0.43603368015606936
-----;------;------;0.27014467004521003;0.43603368015606936;-0.10425565993435071;0.5402893400904201;0.72985532995479;706;2.9482870206023706e-06;0.40000058965740415;0.6666676494290068
货币政策已经失效了，不懂为什么还要一直这样;没有办法了;-0.7767471151864493
-----;------;------;0.0;;-0.7767471151864493;0;1.0;17;7.09927469550146e-08;0.4000000141985494;0.6666666903309156
这节奏带的，上来就是公信力低，本来一个好事变成了抹黑。这和公信力没有关系，这纯粹是租客担心房子品质上去了租金涨价而已，本质上是市场行为而已。;何不食肉糜;0.3641803141712989
这节奏带的，上来就是公信力低，本来一个好事变成了抹黑。这和公信力没有关系，这纯粹是租客担心房子品质上去了租金涨价而已，本质上是市场行为而已。;穷的都住城中村了，你觉得有哪个租户不怕涨房租？;-0.5387406420848782
-----;------;------;0.45146047812808854;0.3641803141712989;-0.5387406420848782;0.9029209562561771;0.5485395218719115;41;1.7121780147974108e-07;0.40000003424356034;0.6666667237392672
深圳的保障房越来越多了;[中国赞];0.9308063277179861
-----;------;------;0.0;0.9308063277179861;;0;1.0;513751;0.0021454467494638647;0.4004290893498928;0.6673818155831546
[中国赞];[心];0.5297450424929182
-----;------;------;0.0;0.5297450424929182;;0;1.0;647132;0.002702451666028971;0.4005404903332058;0.6675674838886763
改造的挺多的;[并不简单];-0.11288159980893431
-----;------;------;0.0;;-0.11288159980893431;0;1.0;2469;1.0310652484231238e-05;0.4000020621304969;0.666670103550828
前段时间的政策也是说要推进城中村改造;是的;0.052465563615616606
-----;------;------;0.0;0.052465563615616606;;0;1.0;2744;1.1459064567327062e-05;0.40000229181291347;0.6666704863548557
计划要改造五万多套城中村？在哪里改呀;是的，改造地点目前还没有官方的通知;-0.3988947978018227
-----;------;------;0.0;;-0.3988947978018227;0;1.0;10;4.1760439385302704e-08;0.4000000083520879;0.666666680586813
新建商品房容积率也不管一管;不高，旧改项目咋赚钱？那些拆迁款谁出？;-0.16035234142621246
-----;------;------;0.0;;-0.16035234142621246;0;1.0;233;9.73018237677553e-07;0.40000019460364755;0.6666669910060792
这节奏带的，上来就是公信力低，本来一个好事变成了抹黑。这和公信力没有关系，这纯粹是租客担心房子品质上去了租金涨价而已，本质上是市场行为而已。;何不食肉糜;0.3641803141712989
这节奏带的，上来就是公信力低，本来一个好事变成了抹黑。这和公信力没有关系，这纯粹是租客担心房子品质上去了租金涨价而已，本质上是市场行为而已。;穷的都住城中村了，你觉得有哪个租户不怕涨房租？;-0.5387406420848782
-----;------;------;0.45146047812808854;0.3641803141712989;-0.5387406420848782;0.9029209562561771;0.5485395218719115;41;1.7121780147974108e-07;0.40000003424356034;0.6666667237392672
清理低端仁口，40岁以上不给租。估计是要打造青年型城市了;怎么你这种人心里就这么阴暗了呢？难道40岁就不配住好点？;-0.988665656039813
-----;------;------;0.0;;-0.988665656039813;0;1.0;6;2.5056263631181623e-08;0.40000000501125277;0.6666666750187545
深圳的房租对比上海北京已经具有一定的友好性了。起码在相较于cbd适合距离的前提上3000块想租正经的房子非老破小城中村而是正经的好几十接近百平米的小区房还是可以实现的。就是整体的周边的大环境就那个样一般般，上海稍微好一些，北京吧也挺一般的。如果能屈得下身还有大把城中村选择。;不像北京只有甚至破烂过城中村的小胡同小单位，就没人要。上海就根本没有了，连老破小都是至少至少3000起。;-0.975893723410955
-----;------;------;0.0;;-0.975893723410955;0;1.0;9;3.758439544677243e-08;0.4000000075168791;0.6666666791947984
真是做到了不与民分利的极致;深圳还是不够狠，学学15年左右的郑州，4环内的城中村全部推平，本来三四百就能租的房，必须得去小区里一千多才能租到[允悲];-0.6432897266651467
真是做到了不与民分利的极致;打工人不配做民？你看看哪个才是基本盘好吧？;0.7028920973962622
真是做到了不与民分利的极致;在山西的就少学人替深圳房东说话了。各种房东二手房东管你去使只要市场有上升空间就一定往使里提房租，各种超额收你水电费。就算房东善良别家周围都涨你还能非得不涨那你不是有并是什么？;-0.9598338764552108
-----;------;------;0.7208839763574184;0.7028920973962622;-0.9598338764552108;1.662725973851473;0.1686370130742635;480;2.0045010904945296e-06;0.35580879667289084;0.5930146611214846
总量不增加，效果如何？;总的来说，就是让收入更高，能力更好，更加年轻，未来有更多机会，但买不起房的大学生，能保证政策目标。话说觉得租金上涨，自己工资不涨为什么不是能力不行呢，或者是不符合深圳发展需求，反而成了拖油瓶。回小城市也也是一种选择;0.9999149423747802
总量不增加，效果如何？;就是让大学生进来，有地方住。同样是工人阶级子女要有出路呀，我觉得打拼这么多年成功的都买房了，那些没背景大学生，得有机会进入，一开始就买房不可能[doge];0.9866902492285634
-----;------;------;0.006612346573108385;0.9999149423747802;;0;1.0;76;3.1737933932830053e-07;0.4026450021051112;0.6710750035085186
城中村还是得忚姆的拆。楼房密度太高了根本受不了。深圳也不是说完全没土地，现在管东莞要地应该要不来了姆的🤪，不过东部还是有些余量能用用的。不过这里就涉及城市规划了，看开不开窍了。姆的深圳北站一个叫北站的站居然其实在深圳地区的地理中心位置，中心位置他叫北站忚姆的你说这些人呃不呃心。;只有本市的定位更合理的定在地理中心位置才能更好带动整个城市。甚至于那两片区域之强劲，之传统强劲，结合东部的弱势和土地利用上的一些余量，深圳本市的重心更应该在地理中部甚至更靠近于东部一些。只有这样整个城市才能更均衡的发展，而深圳本市的强劲才能更好辐射周边。像比亚迪就在东部啊。;0.99992901725547
城中村还是得忚姆的拆。楼房密度太高了根本受不了。深圳也不是说完全没土地，现在管东莞要地应该要不来了姆的🤪，不过东部还是有些余量能用用的。不过这里就涉及城市规划了，看开不开窍了。姆的深圳北站一个叫北站的站居然其实在深圳地区的地理中心位置，中心位置他叫北站忚姆的你说这些人呃不呃心。;以前把挨着香港的地方管中心的思想就该改变了，应该直接把那区域定位于他原来的定位，就是近港区。然后把前海那片大湾区腹地定位成该定位的区，就是大湾区腹地区。然后深圳本市要懂得跟这两片区域分开开来，已经长大了，别在那里添和吃奶了。;0.9965846549112156
-----;------;------;0.0016721811721271962;0.99992901725547;;0;1.0;9;3.758439544677243e-08;0.40066887998573;0.6677814666428832
如果有一个给力的队友，可以生。队友不给力就算了。育儿不是自己一个人能完成的。[泪];你这是来拉仇恨的吗？[doge];0.7803500154550251
如果有一个给力的队友，可以生。队友不给力就算了。育儿不是自己一个人能完成的。[泪];那我可能是给力过头了[笑cry]。让我老婆一直想生三胎，但是我感觉压力真的好大，迫不得已，自断精脉[允悲]。但是有一点，我和我老婆都觉得：多子女家庭成长起来的孩子，日后在亲密关系中的包容，忍让，合作能力，都会比独生子女要好。;0.999997843447
如果有一个给力的队友，可以生。队友不给力就算了。育儿不是自己一个人能完成的。[泪];无比赞同;0.27006584444123316
-----;------;------;0.3057660374101196;0.999997843447;;0;1.0;34;1.419854939100292e-07;0.5223064433611466;0.8705107389352442
这个没必要纠结的，一是看钱够不够，二是看人手够不够，人手够不够的具体意思是生完二胎家里还有没有可以不看孩子的机动人员（还能不能有人闲着），如果二胎生的全家连轴转，那就慎重考虑，因为孩子或者大人一旦生病就没有人可以顶上去了。我家没有人可以看老二，所以不生，就这么简单。;回复@不是PP呀:对，说的简单，都是血泪[苦涩][苦涩][苦涩];0.9955238954871117
这个没必要纠结的，一是看钱够不够，二是看人手够不够，人手够不够的具体意思是生完二胎家里还有没有可以不看孩子的机动人员（还能不能有人闲着），如果二胎生的全家连轴转，那就慎重考虑，因为孩子或者大人一旦生病就没有人可以顶上去了。我家没有人可以看老二，所以不生，就这么简单。;这个机动人员设置非常合理了，我现在姑娘2岁，之前经历过🐑和甲流，全家都倒下就我一个好人的时候，我就感叹这得亏我只需要照顾一个[笑cry];0.9938157710232345
这个没必要纠结的，一是看钱够不够，二是看人手够不够，人手够不够的具体意思是生完二胎家里还有没有可以不看孩子的机动人员（还能不能有人闲着），如果二胎生的全家连轴转，那就慎重考虑，因为孩子或者大人一旦生病就没有人可以顶上去了。我家没有人可以看老二，所以不生，就这么简单。;非常同意！！我也是;-0.6578355864141665
-----;------;------;0.7789988375834187;0.9955238954871117;-0.6578355864141665;1.6533594819012782;0.17332025904936088;47;1.962740651109227e-07;0.38092767790792487;0.6348794631798746
每一个选择都有好处与坏处的，所以遵从自己内心的想法就好，现在社交平台的主流思想就是你说生二胎，下面一大堆说重男轻女，生三胎的，更别说了，被攻击死。最搞笑的是外国ip的话，评论就会觉得哇…你们很爱小孩[笑cry];回复@静静绽放的奇葩:在小红书被骂的体无完肤[允悲];0.9970503803345565
每一个选择都有好处与坏处的，所以遵从自己内心的想法就好，现在社交平台的主流思想就是你说生二胎，下面一大堆说重男轻女，生三胎的，更别说了，被攻击死。最搞笑的是外国ip的话，评论就会觉得哇…你们很爱小孩[笑cry];回复@依米客舟梅州兴宁:[笑cry]千万别把孩子放上网。要无辜躺枪。;-0.08570632559726388
每一个选择都有好处与坏处的，所以遵从自己内心的想法就好，现在社交平台的主流思想就是你说生二胎，下面一大堆说重男轻女，生三胎的，更别说了，被攻击死。最搞笑的是外国ip的话，评论就会觉得哇…你们很爱小孩[笑cry];回复@静静绽放的奇葩:[允悲]我更是姐姐妹妹弟弟组合，真的是顺其自然的，也从来没有想过要个男孩，不管老三是男孩女孩我们都一样的，主要因为我老公是只有一个人的他喜欢孩子，想家里热闹点;0.9999999323883579
每一个选择都有好处与坏处的，所以遵从自己内心的想法就好，现在社交平台的主流思想就是你说生二胎，下面一大堆说重男轻女，生三胎的，更别说了，被攻击死。最搞笑的是外国ip的话，评论就会觉得哇…你们很爱小孩[笑cry];真实了，家里二胎是姐弟组合的，被批判到体无完肤。[笑cry];0.8087639828890187
-----;------;------;0.44883383279159283;0.9999999323883579;-0.08570632559726388;1.0857062579856218;0.4571468710071891;109;4.5518878929979947e-07;0.3623923725572706;0.6039872875954508
我觉得最重要的是队友给不给力，摆在第一位！;从前也纠结过，现在坚决不生。;0.9598772715742097
-----;------;------;0.0;0.9598772715742097;;0;1.0;206;8.602650513372357e-07;0.4000001720530103;0.6666669534216837
关注了很多育儿博主，大都取关了。只有小土的观点最客观[good];面对很多社会不完善，各种暗箱，各种不公的时候，就会想着要离开自己的视角客观对待。毕竟没有完美的管理和社会，总想着那句话，草台班子全世界都是，任何一个社会都有各种问题。;0.9999860745766425
-----;------;------;0.0;0.9999860745766425;;0;1.0;90;3.7584395446772435e-07;0.40000007516879094;0.6666667919479848
是的，我们都有选择的权利;回复@七崽圆滚滚:好棒;-0.3237104137342528
是的，我们都有选择的权利;回复@七崽圆滚滚:对的;-0.8500207535915807
是的，我们都有选择的权利;回复@七崽圆滚滚:对的;-0.8500207535915807
是的，我们都有选择的权利;回复@七崽圆滚滚:[抱一抱];-0.4036423840550347
是的，我们都有选择的权利;回复@七崽圆滚滚:没错;-0.9108434503795397
是的，我们都有选择的权利;回复@七崽圆滚滚:可以;-0.8500207535915807
是的，我们都有选择的权利;回复@七崽圆滚滚:明白;-0.8217710821911217
是的，我们都有选择的权利;回复@七崽圆滚滚:没错没错;-0.9476974083515821
是的，我们都有选择的权利;回复@七崽圆滚滚:恩恩;-0.5007637178274225
是的，我们都有选择的权利;回复@七崽圆滚滚:不错;-0.37655525678533985
是的，我们都有选择的权利;回复@七崽圆滚滚:嗯嗯;-0.8500207535915807
是的，我们都有选择的权利;回复@七崽圆滚滚:也太好看了;-0.8436116021400133
是的，我们都有选择的权利;回复@七崽圆滚滚:就是就是;-0.8500207535915807
是的，我们都有选择的权利;回复@七崽圆滚滚:好滴;-0.7474929340271852
是的，我们都有选择的权利;回复@七崽圆滚滚:对的哦;-0.8500207535915807
是的，我们都有选择的权利;回复@七崽圆滚滚:[doge]经历过的才懂;-0.866550274088594
是的，我们都有选择的权利;回复@七崽圆滚滚:是的;-0.8500207535915807
是的，我们都有选择的权利;回复@七崽圆滚滚:可以的;-0.8500207535915807
是的，我们都有选择的权利;回复@七崽圆滚滚:好的呢;-0.7557740939271484
是的，我们都有选择的权利;回复@七崽圆滚滚:哈哈哈;-0.34979184715882417
是的，我们都有选择的权利;回复@七崽圆滚滚:确实是的;-0.7576806682420789
是的，我们都有选择的权利;回复@七崽圆滚滚:嗯;-0.8500207535915807
是的，我们都有选择的权利;回复@七崽圆滚滚:可以的;-0.8500207535915807
是的，我们都有选择的权利;回复@七崽圆滚滚:对的;-0.8500207535915807
是的，我们都有选择的权利;回复@七崽圆滚滚:是的呀唉真无语;-0.9178012268297615
是的，我们都有选择的权利;回复@七崽圆滚滚:下午好;-0.7688078258830089
是的，我们都有选择的权利;回复@七崽圆滚滚:是滴是滴;-0.859049191691454
是的，我们都有选择的权利;被“计划”过得人不会明白，只盼着我们弥补一二;-0.6193380244707429
-----;------;------;0.1815588695123105;;-0.9476974083515821;0;1.0;481;2.0086771344330598e-06;0.4726239495403511;0.7877065825672517
自己想生就生;回复@七崽圆滚滚:不错;-0.37655525678533985
自己想生就生;回复@七崽圆滚滚:是的;-0.8500207535915807
自己想生就生;回复@七崽圆滚滚:是的;-0.8500207535915807
自己想生就生;回复@七崽圆滚滚:[打call];-0.8766838655439901
自己想生就生;回复@七崽圆滚滚:是滴;-0.844652540411664
自己想生就生;回复@七崽圆滚滚:好的;-0.7557740939271484
自己想生就生;回复@七崽圆滚滚:来啦;-0.8500207535915807
自己想生就生;回复@七崽圆滚滚:好好好;-0.7168744822887068
自己想生就生;回复@七崽圆滚滚:来。;-0.8500207535915807
自己想生就生;回复@七崽圆滚滚:是的;-0.8500207535915807
自己想生就生;回复@七崽圆滚滚:嗯呐;-0.77348024722715
自己想生就生;回复@七崽圆滚滚:好帅气啊;-0.8567073178905686
自己想生就生;回复@七崽圆滚滚:挺好的啦嘻嘻;0.6871853660109668
自己想生就生;回复@七崽圆滚滚:抱抱;-0.6407441873414139
自己想生就生;回复@七崽圆滚滚:是的是的;-0.8500207535915807
自己想生就生;回复@七崽圆滚滚:就是这样呢[doge];-0.8639566019379294
自己想生就生;回复@七崽圆滚滚:嗯嗯;-0.8500207535915807
自己想生就生;回复@七崽圆滚滚:嗯呢;-0.8500207535915807
自己想生就生;回复@七崽圆滚滚:挺好的;-0.4788490307594917
自己想生就生;回复@七崽圆滚滚:哈哈[awsl];-0.8639566019379294
自己想生就生;回复@七崽圆滚滚:还行吧;-0.6846885822091333
自己想生就生;回复@七崽圆滚滚:[泪];-0.11824606437943741
自己想生就生;回复@七崽圆滚滚:也是看个人选择;-0.740064764309109
自己想生就生;回复@七崽圆滚滚:[鲜花][鲜花][鲜花][鲜花];-0.28217485486331895
自己想生就生;回复@七崽圆滚滚:做好自己;-0.7830970736148939
自己想生就生;回复@七崽圆滚滚:对啊;-0.8500207535915807
自己想生就生;回复@七崽圆滚滚:好的呢[嘻嘻];0.36080158983422184
自己想生就生;生过了，体会过了，挺好了;0.8813915714700065
-----;------;------;0.47056475830980043;0.8813915714700065;-0.8766838655439901;1.7580754370139966;0.1209622814930017;107;4.468367014227389e-07;0.23661090528846115;0.39435150881410186
养孩子不容易。;回复@七崽圆滚滚:嘿嘿;-0.7666743520323795
养孩子不容易。;回复@七崽圆滚滚:不错;-0.37655525678533985
养孩子不容易。;回复@七崽圆滚滚:好的;-0.7557740939271484
养孩子不容易。;回复@七崽圆滚滚:[彩虹屁];-0.7789914633605899
养孩子不容易。;回复@七崽圆滚滚:真的不容易;-0.31900918777720255
养孩子不容易。;回复@七崽圆滚滚:是的;-0.8500207535915807
养孩子不容易。;回复@七崽圆滚滚:嗯嗯;-0.8500207535915807
养孩子不容易。;回复@七崽圆滚滚:对的呢道理;-0.8093845424422825
养孩子不容易。;回复@七崽圆滚滚:哈哈;-0.8500207535915807
养孩子不容易。;回复@七崽圆滚滚:对啊;-0.8500207535915807
养孩子不容易。;回复@七崽圆滚滚:哈哈;-0.8500207535915807
养孩子不容易。;回复@七崽圆滚滚:羡慕死我了;0.2653657427356426
养孩子不容易。;回复@七崽圆滚滚:真的不容易;-0.31900918777720255
养孩子不容易。;回复@七崽圆滚滚:真的不容易;-0.31900918777720255
养孩子不容易。;回复@七崽圆滚滚:太难了;-0.9449712794272396
养孩子不容易。;回复@七崽圆滚滚:是的哦;-0.8500207535915807
养孩子不容易。;回复@七崽圆滚滚:确实不容易啊;-0.8644462964025061
养孩子不容易。;回复@七崽圆滚滚:嗯嗯好的;-0.7557740939271484
养孩子不容易。;回复@七崽圆滚滚:可以;-0.8500207535915807
养孩子不容易。;回复@七崽圆滚滚:就是说啊[喵喵];-0.9269893120652095
养孩子不容易。;回复@七崽圆滚滚:[awsl];-0.8639566019379294
养孩子不容易。;回复@七崽圆滚滚:太不容易了;-0.9604519242251686
养孩子不容易。;回复@七崽圆滚滚:enen;-0.8639566019379294
养孩子不容易。;回复@七崽圆滚滚:是啊只会一味催;-0.5070400826613781
养孩子不容易。;回复@七崽圆滚滚:真心不易;-0.8639566019379294
养孩子不容易。;回复@七崽圆滚滚:是滴是滴[打call];-0.8722040812494818
养孩子不容易。;回复@七崽圆滚滚:辅导作业真烦人[doge];-0.6646055363526526
养孩子不容易。;回复@七崽圆滚滚:是的;-0.8500207535915807
养孩子不容易。;那些跟我说上了小学就好的人去哪了，都出来，让他们轮流替我管作业;0.9206510989273438
-----;------;------;0.3989983443155146;0.9206510989273438;-0.9604519242251686;1.8811030231525123;0.05944848842374384;1089;4.547711849059464e-06;0.18337964263807321;0.305632737730122
自己喜欢生几个就几个，养孩子不是容易的事。;是啊，关键是养不容易。;0.0141514715882185
自己喜欢生几个就几个，养孩子不是容易的事。;真是太不容易了;-0.5669151700368662
自己喜欢生几个就几个，养孩子不是容易的事。;太不容易了;-0.5669151700368662
自己喜欢生几个就几个，养孩子不是容易的事。;确实是这样;0.30769230769230815
自己喜欢生几个就几个，养孩子不是容易的事。;说的没毛病;-0.37710182477843923
自己喜欢生几个就几个，养孩子不是容易的事。;真的不容易;0.7522846598785058
-----;------;------;0.48545491614798814;0.7522846598785058;-0.5669151700368662;1.319199829915372;0.340400085042314;17;7.09927469550146e-08;0.3303420146746703;0.5505700244577837
如果想要孩子不用劝就要了，养个孩子多不容易！;还是一个人好;0.4352333058991755
如果想要孩子不用劝就要了，养个孩子多不容易！;确实很不容易;0.29775499924890614
如果想要孩子不用劝就要了，养个孩子多不容易！;养个孩子需要付出很多;0.9681857868097128
-----;------;------;0.2891397341189753;0.9681857868097128;;0;1.0;337;1.4073268072847011e-06;0.5156561751129516;0.8594269585215859
真的是不管三七二十一上来就催生的人，太可恨了;越催生越不愿意生[嘻嘻];0.9754698044825569
-----;------;------;0.0;0.9754698044825569;;0;1.0;45;1.8792197723386217e-07;0.40000003758439545;0.6666667293073256
能不能不催生啊现在的社会压力这么大没有钱养啊;压力山大啊;0.7016956350362327
能不能不催生啊现在的社会压力这么大没有钱养啊;压力太大了;0.3852117350365387
-----;------;------;0.15824194999984698;0.7016956350362327;;0;1.0;1037;4.33055756425589e-06;0.46329764611145163;0.772162743519086
现在这社会就业都解决不了怎么能有钱再养孩子压力太大了;压力确实是特别的大。;0.8369101078724646
-----;------;------;0.0;0.8369101078724646;;0;1.0;2;8.35208787706054e-09;0.4000000016704176;0.6666666694506959
现在这环境主要生几个也养不起呀;确实是挺难的。;0.259414537904771
现在这环境主要生几个也养不起呀;根本养不起;0.045483605481876355
-----;------;------;0.10696546621144731;0.259414537904771;;0;1.0;137;5.72118019578647e-07;0.4427863009081829;0.7379771681803047
导师让我抓紧时间发c刊[你好];[月亮代表我的心][月亮代表我的心];0.989189190923601
-----;------;------;0.0;0.989189190923601;;0;1.0;478;1.996149002617469e-06;0.4000003992298005;0.6666673320496674
我叔叔17年12月生的二胎，那时候妇产医院也可火了，所以孩子晚点生挺好的;我18年7月生的孩子，我老公的叔叔18年11月生的二胎[允悲]（他叔叔今年快五十了[允悲];0.9999630231681522
我叔叔17年12月生的二胎，那时候妇产医院也可火了，所以孩子晚点生挺好的;回复@大集大吉:好的吧[笑cry]，借您吉言[作揖];-0.4451072701793053
我叔叔17年12月生的二胎，那时候妇产医院也可火了，所以孩子晚点生挺好的;回复@抹茶姑娘学飞翔:不是这样看的，说是好八字的时辰出生的小孩少[允悲];0.9997986239530412
我叔叔17年12月生的二胎，那时候妇产医院也可火了，所以孩子晚点生挺好的;回复@大集大吉:4月14，我觉得也没咋好啊都是4[笑cry];-0.8421514918539912
我叔叔17年12月生的二胎，那时候妇产医院也可火了，所以孩子晚点生挺好的;回复@抹茶姑娘学飞翔:那天肯定日子不错;0.9955345330456864
我叔叔17年12月生的二胎，那时候妇产医院也可火了，所以孩子晚点生挺好的;回复@抹茶姑娘学飞翔:那应该是巧合了;0.9741460247728124
我叔叔17年12月生的二胎，那时候妇产医院也可火了，所以孩子晚点生挺好的;我19年生孩子，也不知道是巧合还是什么，当天整个儿医院只有我一个产妇，给医生护士们都闲的不行，全都疑惑为啥今天只有一个人？[允悲];0.0018015014180903233
我叔叔17年12月生的二胎，那时候妇产医院也可火了，所以孩子晚点生挺好的;回复@选品小能手:还有不少保胎住院的;0.7429047226516519
我叔叔17年12月生的二胎，那时候妇产医院也可火了，所以孩子晚点生挺好的;回复@MM一定会上岸_:现在加床是不存在的，能塞满就不错了[允悲][允悲];0.8115392067839404
我叔叔17年12月生的二胎，那时候妇产医院也可火了，所以孩子晚点生挺好的;回复@MM一定会上岸_:我闺蜜前几天生孩子我去探望，床位里空的很多[笑cry];0.6918820826233083
我叔叔17年12月生的二胎，那时候妇产医院也可火了，所以孩子晚点生挺好的;回复@选品小能手:我20年初的时候还听说一体化产房要托关系才能住进去，22年年中的时候我闺蜜生孩子就说一体化不需要预约随便住。记得原来产科过道里都是人，现在不知道还需要加床不。;-0.9970829490501532
我叔叔17年12月生的二胎，那时候妇产医院也可火了，所以孩子晚点生挺好的;回复@虹日照我:唉可不是我娃也是属马孩子特多;0.021664654610795475
我叔叔17年12月生的二胎，那时候妇产医院也可火了，所以孩子晚点生挺好的;我14年生的，那时候产妇也超多，都住过道;-0.9322242333607016
我叔叔17年12月生的二胎，那时候妇产医院也可火了，所以孩子晚点生挺好的;我就16年那会刚结婚，看到大家生二胎把妇产医院走廊都睡满了，决定晚两年再生，然后大宝18年9月出生的，跟19年的小孩一起入学，完美[抱一抱];0.06179174417799849
我叔叔17年12月生的二胎，那时候妇产医院也可火了，所以孩子晚点生挺好的;我19年底生的，当时产妇就可少了，以前说的要预约病房啥的，当时进去就有很多空床;-0.986830696398715
我叔叔17年12月生的二胎，那时候妇产医院也可火了，所以孩子晚点生挺好的;晚生两年，可能就业环境就不好了;0.33770706728715116
我叔叔17年12月生的二胎，那时候妇产医院也可火了，所以孩子晚点生挺好的;没错;-0.22005291736583854
-----;------;------;0.737693249007607;0.9999630231681522;-0.9970829490501532;1.9970459722183054;0.0014770138908473118;108;4.510127453612692e-07;0.29566819536193084;0.492780325603218
我闺女15年7月的，21年硬着头皮去上小学，孩子年纪太小，但不上下一年就赶上二胎大部队了;我儿子一样，15年7月的，好多人不想要属羊的娃，所以那年连产检都不怎么排队。我儿子小学缩编了一个班，次年又扩回来了[允悲];0.9998718777176239
我闺女15年7月的，21年硬着头皮去上小学，孩子年纪太小，但不上下一年就赶上二胎大部队了;回复@青辰-金玉龍:16年的孩子去年上小学啊;0.9732143317608188
我闺女15年7月的，21年硬着头皮去上小学，孩子年纪太小，但不上下一年就赶上二胎大部队了;回复@青辰-金玉龍:我们就是16年的一胎，也就这一个娃了，压力太大[允悲];0.9962576663168052
我闺女15年7月的，21年硬着头皮去上小学，孩子年纪太小，但不上下一年就赶上二胎大部队了;我家童年同月的男娃，觉得还好;0.9321586118002616
我闺女15年7月的，21年硬着头皮去上小学，孩子年纪太小，但不上下一年就赶上二胎大部队了;6岁正好，我5岁多上的小学[允悲];0.9926826184998017
我闺女15年7月的，21年硬着头皮去上小学，孩子年纪太小，但不上下一年就赶上二胎大部队了;这还能选时间？9月1日前的不是本来就应该21年去上小学吗？我家崽8月，也是21年上;0.07915775012899062
我闺女15年7月的，21年硬着头皮去上小学，孩子年纪太小，但不上下一年就赶上二胎大部队了;151617人都多只不过16最多只多了100多W而已难道你以为15年少了啊15年上半年是和14年下半年的人一起读书也就是看14年这个1687W而15下半年和16上半年的人才是2015的1655W16下半年和17上半年的就是今年读书的最高峰1883W;-0.7791746513967326
我闺女15年7月的，21年硬着头皮去上小学，孩子年纪太小，但不上下一年就赶上二胎大部队了;我家六月的，这算正常上小学啊。没觉得怎样。也不太可能延期吧，报名都有出生年份限制的。杭州是这样的。;0.8529984770597754
我闺女15年7月的，21年硬着头皮去上小学，孩子年纪太小，但不上下一年就赶上二胎大部队了;我们9月份的，21年也塞进去了，后来看这件事非常正确，去年每个学校都加班到最后还是有被分流的;0.991899611127194
我闺女15年7月的，21年硬着头皮去上小学，孩子年纪太小，但不上下一年就赶上二胎大部队了;这还有个八月份的，没办法;-0.7580790104650375
我闺女15年7月的，21年硬着头皮去上小学，孩子年纪太小，但不上下一年就赶上二胎大部队了;我们这里上小学的年龄就是6周岁，女孩发育也比男孩早一点，你闺女可以的;0.9145351351654352
我闺女15年7月的，21年硬着头皮去上小学，孩子年纪太小，但不上下一年就赶上二胎大部队了;谁说不是，16年的一胎今年真的好吃亏，感觉就是接盘侠那种。;-0.7063601931734609
-----;------;------;0.7369816008013054;0.9998718777176239;-0.7791746513967326;1.7790465291143565;0.11047673544282177;125;5.220054923162837e-07;0.3389834388987494;0.5649723981645822
前天刚问你生孩子的事，今天就这个新闻，还是听你的一个就行了[笑cry];现在生还好，现在生育率低了，以后孩子好上学，教育资源也多。;0.9980048266949353
前天刚问你生孩子的事，今天就这个新闻，还是听你的一个就行了[笑cry];18年也不少，我当时也是找人才有单间;-0.8540199203139205
前天刚问你生孩子的事，今天就这个新闻，还是听你的一个就行了[笑cry];啊哈哈哈，是的呀，昨天跟邻居聊了下，听了她说这些事，我整个人都…不淡定了;0.8272110544491533
-----;------;------;0.8357101947627775;0.9980048266949353;-0.8540199203139205;1.8520247470088558;0.07398762649557211;4;1.670417575412108e-08;0.3638791318441751;0.6064652197402918
我家二宝17年9月几号的，今年小学报名时直接不让交资料报名，想想也可以，今年人太多了，晚一年读错过这高峰期也不错;回复@Piggywiggy不倒马viva:是的，不满六岁学籍也上不了呀;-0.9834866569748726
我家二宝17年9月几号的，今年小学报名时直接不让交资料报名，想想也可以，今年人太多了，晚一年读错过这高峰期也不错;回复@如同诗一般--:我们在长沙，也是不同的政策，今天看到同属长沙的望城区发了通知9月1日到12月31的可以去报名，但不一定会分到家门口，会分在学位充足的小学，且不能转学;-0.9049383176079442
我家二宝17年9月几号的，今年小学报名时直接不让交资料报名，想想也可以，今年人太多了，晚一年读错过这高峰期也不错;我们这17年12月份可以读小学，我女儿交资料了;0.8255904788113375
我家二宝17年9月几号的，今年小学报名时直接不让交资料报名，想想也可以，今年人太多了，晚一年读错过这高峰期也不错;我家17年5月的，都想晚一年上，可是办延迟入学也麻烦;-0.9012229628254913
我家二宝17年9月几号的，今年小学报名时直接不让交资料报名，想想也可以，今年人太多了，晚一年读错过这高峰期也不错;回复@一颗橙子Kim:也许吧，湖南还有四岁就能读一年级的，也有找关系提前入学或者级缓学的。我也是就放到普适范围讨论。;0.9962603314731684
我家二宝17年9月几号的，今年小学报名时直接不让交资料报名，想想也可以，今年人太多了，晚一年读错过这高峰期也不错;回复@若水02963:对浙江是的。人口多。我们这小县城人少呀都是12-31的都可以上。我家侄女儿在浙江就是和我小孩同岁但是是晚入学了;0.5984735179901104
我家二宝17年9月几号的，今年小学报名时直接不让交资料报名，想想也可以，今年人太多了，晚一年读错过这高峰期也不错;9月1号之后的本来不可以！;-0.9611220656186148
我家二宝17年9月几号的，今年小学报名时直接不让交资料报名，想想也可以，今年人太多了，晚一年读错过这高峰期也不错;回复@一颗橙子Kim:这倒是第一次听说一般都按九月前后这个来划的;0.5390889619676076
我家二宝17年9月几号的，今年小学报名时直接不让交资料报名，想想也可以，今年人太多了，晚一年读错过这高峰期也不错;回复@Piggywiggy不倒马viva:看当地吧。我们小城市是要求12-31之前就可以;-0.9186559633755753
我家二宝17年9月几号的，今年小学报名时直接不让交资料报名，想想也可以，今年人太多了，晚一年读错过这高峰期也不错;晚一年差不了多少人，高考的时候还会遭遇数量更多的复读大军;0.4902784137727172
我家二宝17年9月几号的，今年小学报名时直接不让交资料报名，想想也可以，今年人太多了，晚一年读错过这高峰期也不错;9月1号后的都是24年上学啊，搁以前也是，这不关人数的事;-0.9432971993820995
我家二宝17年9月几号的，今年小学报名时直接不让交资料报名，想想也可以，今年人太多了，晚一年读错过这高峰期也不错;明年人也不少[允悲][允悲];0.9984251286935666
我家二宝17年9月几号的，今年小学报名时直接不让交资料报名，想想也可以，今年人太多了，晚一年读错过这高峰期也不错;17年9月的还不能上一年级，得等到24年;-0.304146736229687
我家二宝17年9月几号的，今年小学报名时直接不让交资料报名，想想也可以，今年人太多了，晚一年读错过这高峰期也不错;但是也少了一年机会，比如说考公啥的都有年龄限制;0.9715933291480097
我家二宝17年9月几号的，今年小学报名时直接不让交资料报名，想想也可以，今年人太多了，晚一年读错过这高峰期也不错;本来也不能读，哪年的九月也不能读;0.7367447361223545
我家二宝17年9月几号的，今年小学报名时直接不让交资料报名，想想也可以，今年人太多了，晚一年读错过这高峰期也不错;回复@小小云-cy:晚一年读书真的很好，晚读书就比同年龄的人晚工作，退休年龄固定就可以少工作一年;0.9919837196952959
我家二宝17年9月几号的，今年小学报名时直接不让交资料报名，想想也可以，今年人太多了，晚一年读错过这高峰期也不错;没满6岁肯定不行啊！;-0.8308307342742416
-----;------;------;0.8422714434194698;0.9984251286935666;-0.9834866569748726;1.9819117856684392;0.009044107165780413;251;1.048187028571098e-06;0.34052642987150583;0.5675440497858429
16年的产科火爆到什么程度呢，剖腹产的都住不进去病房，只能住走廊。当时陪护人员不限，产科是最嘈杂的病区了，根本就休息不好。产妇想去厕所都是借用病房的厕所。产后护理的时候一点隐私都没有，别提多遭罪了。;回复@-Cayenne99-:我剖完倒是刚好赶上有产妇腾病房，就住进去了。但是娃黄疸要照蓝光，去了儿科。我不满三天就出院去儿科陪娃了。一应产后护理全都没了[笑cry];-0.8938511362935802
16年的产科火爆到什么程度呢，剖腹产的都住不进去病房，只能住走廊。当时陪护人员不限，产科是最嘈杂的病区了，根本就休息不好。产妇想去厕所都是借用病房的厕所。产后护理的时候一点隐私都没有，别提多遭罪了。;回复@Lorraine_Yilin:你这太夸张了，打地铺多冷啊。;-0.9891193824188684
16年的产科火爆到什么程度呢，剖腹产的都住不进去病房，只能住走廊。当时陪护人员不限，产科是最嘈杂的病区了，根本就休息不好。产妇想去厕所都是借用病房的厕所。产后护理的时候一点隐私都没有，别提多遭罪了。;回复@泗月溪:哎，本来是打算19年后才生的，结果意外怀上了，以后中考高考都难啊;0.9249929394310179
16年的产科火爆到什么程度呢，剖腹产的都住不进去病房，只能住走廊。当时陪护人员不限，产科是最嘈杂的病区了，根本就休息不好。产妇想去厕所都是借用病房的厕所。产后护理的时候一点隐私都没有，别提多遭罪了。;16年生娃，看了下医院的盛况麻溜跑回老家去生了，有床位，但生完第二天被赶走，下一个产妇推着箱子站我床前了[二哈]说好的顺产三天昵[笑cry];-0.4139878741674201
16年的产科火爆到什么程度呢，剖腹产的都住不进去病房，只能住走廊。当时陪护人员不限，产科是最嘈杂的病区了，根本就休息不好。产妇想去厕所都是借用病房的厕所。产后护理的时候一点隐私都没有，别提多遭罪了。;回复@Niki_ye:16年是鲁西南地区出生率最高的一年，今年这批孩子上小学，人数是往年的1.5倍，上学很难[允悲];0.9989766043663666
16年的产科火爆到什么程度呢，剖腹产的都住不进去病房，只能住走廊。当时陪护人员不限，产科是最嘈杂的病区了，根本就休息不好。产妇想去厕所都是借用病房的厕所。产后护理的时候一点隐私都没有，别提多遭罪了。;我是16年生，床位挺多的，就是出月子去打疫苗，到疫苗站一看，大爆满，以前都是随去随打，我听亲戚说现在人很多要提前去，早上八点不到医生还没上班都得排上两个小时[允悲];0.4336330502432362
16年的产科火爆到什么程度呢，剖腹产的都住不进去病房，只能住走廊。当时陪护人员不限，产科是最嘈杂的病区了，根本就休息不好。产妇想去厕所都是借用病房的厕所。产后护理的时候一点隐私都没有，别提多遭罪了。;回复@时光无声人易老2:山东老乡啊，我是鲁西南的，可以想象出来了吧[笑cry]没开放二胎的时候就有好多家庭生两三个孩子;0.9992713454134203
16年的产科火爆到什么程度呢，剖腹产的都住不进去病房，只能住走廊。当时陪护人员不限，产科是最嘈杂的病区了，根本就休息不好。产妇想去厕所都是借用病房的厕所。产后护理的时候一点隐私都没有，别提多遭罪了。;16年我生孩子那时候还好，还有空余床位，但是产检的时候人多排老长的队;0.9371610160291028
16年的产科火爆到什么程度呢，剖腹产的都住不进去病房，只能住走廊。当时陪护人员不限，产科是最嘈杂的病区了，根本就休息不好。产妇想去厕所都是借用病房的厕所。产后护理的时候一点隐私都没有，别提多遭罪了。;回复@零度梧桐花:三甲人太多了吧;-0.5539550828000803
16年的产科火爆到什么程度呢，剖腹产的都住不进去病房，只能住走廊。当时陪护人员不限，产科是最嘈杂的病区了，根本就休息不好。产妇想去厕所都是借用病房的厕所。产后护理的时候一点隐私都没有，别提多遭罪了。;回复@白熊咖啡厅的胖胖达君:我也不知道，头一回生娃，就去的普通三甲，结果就住了过道[允悲]体验感太差，以后不生了[哈哈];-0.5031619539165453
16年的产科火爆到什么程度呢，剖腹产的都住不进去病房，只能住走廊。当时陪护人员不限，产科是最嘈杂的病区了，根本就休息不好。产妇想去厕所都是借用病房的厕所。产后护理的时候一点隐私都没有，别提多遭罪了。;回复@高楼改改:我16年剖腹产三天出院，因为要去儿科陪宝宝。今年二胎保胎住了五天，也是不让出院[笑cry];-0.9781592736391067
16年的产科火爆到什么程度呢，剖腹产的都住不进去病房，只能住走廊。当时陪护人员不限，产科是最嘈杂的病区了，根本就休息不好。产妇想去厕所都是借用病房的厕所。产后护理的时候一点隐私都没有，别提多遭罪了。;回复@零度梧桐花:怎么19年也睡过道了;-0.9833484816876716
16年的产科火爆到什么程度呢，剖腹产的都住不进去病房，只能住走廊。当时陪护人员不限，产科是最嘈杂的病区了，根本就休息不好。产妇想去厕所都是借用病房的厕所。产后护理的时候一点隐私都没有，别提多遭罪了。;我剖腹产4天就出院了，那时候床位紧张[允悲][允悲]，不过也挺精神，走下去的，今年二胎，住院8天，没啥事也不让出院[允悲][允悲];0.999999149045798
16年的产科火爆到什么程度呢，剖腹产的都住不进去病房，只能住走廊。当时陪护人员不限，产科是最嘈杂的病区了，根本就休息不好。产妇想去厕所都是借用病房的厕所。产后护理的时候一点隐私都没有，别提多遭罪了。;我家就一个娃，2019年上半年生的，住院当天就给安排到过道里了[二哈];-0.27803820192650797
16年的产科火爆到什么程度呢，剖腹产的都住不进去病房，只能住走廊。当时陪护人员不限，产科是最嘈杂的病区了，根本就休息不好。产妇想去厕所都是借用病房的厕所。产后护理的时候一点隐私都没有，别提多遭罪了。;19年我上班，县医院，一个月剖腹产有120+台，现在50+。;-0.8808767048949386
16年的产科火爆到什么程度呢，剖腹产的都住不进去病房，只能住走廊。当时陪护人员不限，产科是最嘈杂的病区了，根本就休息不好。产妇想去厕所都是借用病房的厕所。产后护理的时候一点隐私都没有，别提多遭罪了。;我16年十一月生的，特别夸张，床都没了，就在走廊里打地铺;-0.985999184874568
-----;------;------;0.8247360485176678;0.999999149045798;-0.9891193824188684;1.9891185314646664;0.00544073426766678;110;4.5936483323832973e-07;0.3320708049871005;0.5534513416451674
我家是去年年底生的，上学的话算今年的，也不知道今年的出生率怎么样[允悲];这么说吧，我们县城，2016年新生儿四千几近五千，去年1800[笑cry][笑cry];0.96787596322087
我家是去年年底生的，上学的话算今年的，也不知道今年的出生率怎么样[允悲];回复@牛肉板面不错呀:[打call][打call][打call];-0.7255369600729071
我家是去年年底生的，上学的话算今年的，也不知道今年的出生率怎么样[允悲];回复@W花未全开月未圆:我家还是属于大属相的，是个小老虎，就是生月太小，生在了冬至。我自己觉得应该不多，出生率真的越来越低了。;-0.9842843324348174
我家是去年年底生的，上学的话算今年的，也不知道今年的出生率怎么样[允悲];回复@一只猪扒皮:我自己感觉不算很多，因为我每次去医院产检除了B超排队，其他就没排过队。还有就是生娃，产房就我一个人在生[允悲]我在的是我们市的一个三甲医院，我闺蜜在这个医院上班，她说以前生娃还得排队[允悲][允悲];0.9999824404289923
我家是去年年底生的，上学的话算今年的，也不知道今年的出生率怎么样[允悲];不慌，咱们应该是一届，我家今年8月预产期，去年下半年和今年上半年出生人口不多。;-0.18273812158733116
我家是去年年底生的，上学的话算今年的，也不知道今年的出生率怎么样[允悲];去年960万，据说今年连800万都不到，1941年还生了800万呢;0.7539430053258445
我家是去年年底生的，上学的话算今年的，也不知道今年的出生率怎么样[允悲];因为口罩原因还有生肖原因，今年应该不会过多吧。因为我一问，别人都说想要个大属相的宝宝[允悲]我娃就正好今年生的。;0.989014027880603
我家是去年年底生的，上学的话算今年的，也不知道今年的出生率怎么样[允悲];今年你放心。[允悲];0.9882109094483982
-----;------;------;0.7908831324787922;0.9999824404289923;-0.9842843324348174;1.9842667728638097;0.007866613568095149;584;2.438809660101678e-06;0.319500386180687;0.5325006436344782
看来没小孩儿可以少掉50%的烦恼;90%;-0.4999999999999998
看来没小孩儿可以少掉50%的烦恼;回复@华崽是户主:[哈哈][哈哈][哈哈]可能是人生2/3没有小孩儿;0.6542277717788076
看来没小孩儿可以少掉50%的烦恼;说少了[awsl];-0.05246556361561838
看来没小孩儿可以少掉50%的烦恼;自信点，99%;0.8524971387301947
-----;------;------;0.5431080138867382;0.8524971387301947;-0.4999999999999998;1.3524971387301945;0.32375143063490275;378;1.5785446087644422e-06;0.3467440935175781;0.5779068225292968
2016年小孩去年就上小学了呀。今年是2017年的孩子小学呀[费解];二胎开放时候，你从怀到生，孩子基本是2016年年底，或者2017年9月前生的，所以学位竞争力真的很大，基本每个公立学校都是扩班，民办都爆满[二哈][二哈][二哈];0.9013421739876155
2016年小孩去年就上小学了呀。今年是2017年的孩子小学呀[费解];16年9月份后的是今年读小学。;0.48250462184065257
2016年小孩去年就上小学了呀。今年是2017年的孩子小学呀[费解];2016年下半年出生的孩子多;0.8819174042420497
2016年小孩去年就上小学了呀。今年是2017年的孩子小学呀[费解];16年九月一之后的，今年才上，我家孩子就是，还没报名，和17年九月一号之前的是一届的同学;0.952523314053507
2016年小孩去年就上小学了呀。今年是2017年的孩子小学呀[费解];回复@独行天下又逢君:我们这不是哦，小城市人少。目前身边都是12-31之前的都可以上小学。但是大城市人口多估计都是8-31之前的;0.9985582662398635
2016年小孩去年就上小学了呀。今年是2017年的孩子小学呀[费解];九月份以后的也是跟17年上半年;0.31975615608887153
-----;------;------;0.2580516158172398;0.9985582662398635;;0;1.0;60;2.505626363118162e-07;0.5032206964394232;0.838701160732372
本上的原因是2016年很多二胎的到来占用了人家一胎的社会资源……这句话很不对！！根本原因是国家资源分配不均，咋还埋怨人家生二胎了！！;“根本上的原因是2016年很多二胎的到来占用了人家一胎的社会资源，国家为了开放二胎，刺激生育，只顾着催生，但是你倒是把一胎的事情整明白了再说啊”后半句说了是guojia的原因呀啊哈哈;0.9175749134608051
本上的原因是2016年很多二胎的到来占用了人家一胎的社会资源……这句话很不对！！根本原因是国家资源分配不均，咋还埋怨人家生二胎了！！;你可以理解，国家的原因！;0.5280806470457402
本上的原因是2016年很多二胎的到来占用了人家一胎的社会资源……这句话很不对！！根本原因是国家资源分配不均，咋还埋怨人家生二胎了！！;政策跟抽风一样。水多了加面，面多了加水;-0.6438086884821694
-----;------;------;0.663571912766278;0.9175749134608051;-0.6438086884821694;1.5613836019429745;0.21930819902851273;20;8.352087877060541e-08;0.35315206142209205;0.58858676903682
扎心的一胎16年，2胎23年[苦涩][苦涩];回复@浅浅9291:跟你一样;0.5369650714719909
扎心的一胎16年，2胎23年[苦涩][苦涩];回复@浅浅9291:开放了也没人生啊，去对比生育率;0.874664628806219
扎心的一胎16年，2胎23年[苦涩][苦涩];跟你一样！这次民办没摇中，一声叹息[允悲];0.998796947098556
扎心的一胎16年，2胎23年[苦涩][苦涩];回复@迷糊錢多多:我大宝16年，赶上二胎开放，二宝21年底，赶上3胎开放[允悲];0.9369244982834404
扎心的一胎16年，2胎23年[苦涩][苦涩];2023年压力小啊，没人争抢了升学压力都小了;0.9527152792204951
扎心的一胎16年，2胎23年[苦涩][苦涩];23年出生人口不多吧;0.07934566749330307
扎心的一胎16年，2胎23年[苦涩][苦涩];[握手][握手];0.8984115175176073
扎心的一胎16年，2胎23年[苦涩][苦涩];23年出生率也很高么;0.0818652012560821
-----;------;------;0.3650028840699624;0.998796947098556;;0;1.0;294;1.2277569179278994e-06;0.5460013991793685;0.9100023319656141
总之，八零后九零后被坑的彻彻底底？;回复@人格分裂唐:是真的呢，让政策整死了快，啥啥都赶上了;0.7187726358560393
总之，八零后九零后被坑的彻彻底底？;自己就是一路被坑着长大，现在生的娃也是被坑。我们17年上半年的娃，孩子也多的要死[允悲]现在想晚上一年学都不允许，除非孩子生病开证明。;0.8116892618461677
-----;------;------;0.0464583129950642;0.8116892618461677;;0;1.0;169;7.057514256116157e-07;0.41858346634831084;0.697639110580518
干脆给孩子留一年，晚一点上小学;那不行一是要证明二是无法正读只能统筹了[允悲][允悲];0.9938488264528833
干脆给孩子留一年，晚一点上小学;不可以，必须有证明！;-0.36421389460832687
干脆给孩子留一年，晚一点上小学;晚一年要医生开证明，没啥病医生怎么会开;-0.8013108955234973
干脆给孩子留一年，晚一点上小学;基本没用，现在晚一年要提交各种证明，都是卡年龄;-0.8952046015350015
干脆给孩子留一年，晚一点上小学;能晚上学吗？不是说到年龄必须上小学吗[允悲]我挺想晚一年的，今年幼升小人太多了;0.9883970208935484
-----;------;------;0.8413767786582979;0.9938488264528833;-0.8952046015350015;1.8890534279878848;0.05547328600605761;16;6.681670301648432e-08;0.3587400392290828;0.5979000653818046
一胎，16年12月，小学至少20个班，真的很担心所有配套跟不跟得上;个个都想延迟因为进不了[允悲]我觉得是[汗];0.1825043356297711
一胎，16年12月，小学至少20个班，真的很担心所有配套跟不跟得上;回复@是你的苏焉呀:别吓我，我娃18年1月的;0.36513341383120546
一胎，16年12月，小学至少20个班，真的很担心所有配套跟不跟得上;不明白[允悲]我宝宝18年3月的，下一年竞争岂不是很大;0.7952108216607139
-----;------;------;0.25684608338554327;0.7952108216607139;;0;1.0;34;1.419854939100292e-07;0.5027384617513161;0.8378974362521934
16年一胎，22年二胎的我[笑cry];回复@小跑r:我俩一样[允悲];0.9672546331326584
16年一胎，22年二胎的我[笑cry];回复@小跑r:我们朋友前两年生的，同一个医院，走廊都是满的;-0.8396893688231875
16年一胎，22年二胎的我[笑cry];回复@小跑r:但是实际生的也不多吧，因为我们家是21年2月份过年时候生的，医院根本没人，我们当时本来想换个单人间，医生说没必要，我看那一排病房里几乎都只有一个人要不就空着;-0.9967301048285822
16年一胎，22年二胎的我[笑cry];回复@颜溪xiiii:开放3孩;0.030856329179691055
16年一胎，22年二胎的我[笑cry];回复@小跑r:21年怎么了，我感觉还好啊。生小孩的时候都没啥人;0.11800453476868622
16年一胎，22年二胎的我[笑cry];回复@蜜汁可乐兔兔:握个爪相怜;0.9987551050160182
16年一胎，22年二胎的我[笑cry];回复@蜜汁可乐兔兔:16年一胎，21年二胎，还好都是上半年[笑cry];0.9994146367808876
16年一胎，22年二胎的我[笑cry];我也是;0.052465563615616606
-----;------;------;0.7438816419120369;0.9994146367808876;-0.9967301048285822;1.9961447416094698;0.0019276291952651237;144;6.013503271483589e-07;0.2983238287129862;0.49720638118831023
我儿子是15年10月的正好晚上学跟16年属猴的一起上学那年又是什么金猴又是二胎放开那些觉得属羊命不好的都在2016年生我到现在都不能释怀他晚上学的事儿就感觉太亏了[泪];我们一样，好想孩子跳级;0.4578924261685773
我儿子是15年10月的正好晚上学跟16年属猴的一起上学那年又是什么金猴又是二胎放开那些觉得属羊命不好的都在2016年生我到现在都不能释怀他晚上学的事儿就感觉太亏了[泪];晚上学对孩子本身来说是好的，我们小区住一个哈佛毕业的外国银行总裁，他说孩子的阅历是有限的，晚一年上学，就比同班同学的能力阅历知识面要丰富的多，性格也成熟的多，更容易变的优秀;0.9999982744800942
我儿子是15年10月的正好晚上学跟16年属猴的一起上学那年又是什么金猴又是二胎放开那些觉得属羊命不好的都在2016年生我到现在都不能释怀他晚上学的事儿就感觉太亏了[泪];2015年1月的，跟属羊的一起上学的，二年级毕业了[允悲];0.9996102627232006
-----;------;------;0.2554597415049743;0.9999982744800942;;0;1.0;403;1.6829457072276989e-06;0.5021842331911313;0.8369737219852187
我就是例子，结婚后兴冲冲的怀一胎，刚怀上没俩月国家放开二胎了…迟迟不敢要二胎，最后意外怀孕了，结果国家放开了三胎…懵逼;我也是一胎刚怀没多久放开二胎了，真的是很无奈;0.3464138165520556
我就是例子，结婚后兴冲冲的怀一胎，刚怀上没俩月国家放开二胎了…迟迟不敢要二胎，最后意外怀孕了，结果国家放开了三胎…懵逼;回复@辣妈两只老虎:今年生的的确不怎么多，但是16、17年真是太多了;-0.8119341628262364
我就是例子，结婚后兴冲冲的怀一胎，刚怀上没俩月国家放开二胎了…迟迟不敢要二胎，最后意外怀孕了，结果国家放开了三胎…懵逼;放心生三胎也有，但是太少了。;0.05431072570954276
-----;------;------;0.49187560124756546;0.3464138165520556;-0.8119341628262364;1.158347979378292;0.420826010310854;172;7.182795574272065e-07;0.3650807882792793;0.6084679804654655
是啊，二胎放开导致今明两年小学学位巨紧张，我都在考虑要不要让孩子多读一年幼儿园;回复@W花未全开月未圆:我家是明年小学;0.36099228671734473
是啊，二胎放开导致今明两年小学学位巨紧张，我都在考虑要不要让孩子多读一年幼儿园;你都说了“今年”和“明年”两年紧张，多读一年不还是紧张么[允悲];0.9975413986928607
-----;------;------;0.318274555987758;0.9975413986928607;;0;1.0;42;1.7539384541827134e-07;0.5273098574738724;0.8788497624564539
我家20年6月的，三人间中间床位没住满;回复@我爱睡懒觉_摩羯:怀孕时间并不存在疫情;0.40283761648272853
我家20年6月的，三人间中间床位没住满;有没有可能是疫情管控～第一年老严格了;0.14897884491052937
-----;------;------;0.12692938578609958;0.40283761648272853;;0;1.0;58;2.4221054843475567e-07;0.45077180275654954;0.7512863379275825
我儿子16年生的，生的时间我住在电梯口，现在我儿子因为自身原因，需要缓学，现在想想，是不是也有点因祸，错开了这么个大拥挤的时段！;回复@骂到你服:我家到时上小学，你家都已经3年级了[允悲];0.925118025505556
我儿子16年生的，生的时间我住在电梯口，现在我儿子因为自身原因，需要缓学，现在想想，是不是也有点因祸，错开了这么个大拥挤的时段！;我家16年上半年的，开学就二年级了;-0.221481429981357
-----;------;------;0.5732997277434565;0.925118025505556;-0.221481429981357;1.146599455486913;0.4267002722565435;47;1.962740651109227e-07;0.40000003925481303;0.666666732091355
18年多不多啊？;大宝18年10月的，要是不少我就再晚一年上小学，后面肯定越来越少的;0.38688442502717235
18年多不多啊？;好像也不少，虽然没有那么多，但也不是孩子少那批[笑cry];0.2162776662081538
-----;------;------;0.08530337940950927;0.38688442502717235;;0;1.0;211;8.81145271029887e-07;0.4341215279928579;0.7235358799880964
稍微好一点的是我家是16年4月的，咱也没关注人家二胎政策啊[允悲]自己顺其自然的生了一胎，感觉好委屈;你上半年还好，我这9月份出生的头胎，来跟这些二胎抢学位才哭[苦涩];0.9360100132602651
稍微好一点的是我家是16年4月的，咱也没关注人家二胎政策啊[允悲]自己顺其自然的生了一胎，感觉好委屈;16上半年要好些下半年人多;-0.043412180325334004
稍微好一点的是我家是16年4月的，咱也没关注人家二胎政策啊[允悲]自己顺其自然的生了一胎，感觉好委屈;+1;0.6000000000000001
-----;------;------;0.40635914548725527;0.9360100132602651;-0.043412180325334004;0.9794221935855991;0.5102889032072004;117;4.885971408080417e-07;0.3666593171972105;0.6110988619953508
不看不知道，二胎意外15年1月生的，刚生就放开二胎了，真是她自己选的时间正好;我家也是二胎15年3月份的，我们这边是下半年放开二胎政策的;0.6565222069716934
不看不知道，二胎意外15年1月生的，刚生就放开二胎了，真是她自己选的时间正好;我家一模一样[允悲]记得当时是单独二胎;0.9914260454432717
-----;------;------;0.16745191923578917;0.9914260454432717;;0;1.0;5;2.0880219692651352e-08;0.46698077187035963;0.7783012864505993
我娃原本8月31的预产期，小家伙推了一个礼拜才出来，当时朋友们一个个劝我赶在9月1号之前剖出来。咱就说，啥事都算不准的。;回复@约定分手丫:还是小家伙挑的时间好[good];0.9916591289652421
我娃原本8月31的预产期，小家伙推了一个礼拜才出来，当时朋友们一个个劝我赶在9月1号之前剖出来。咱就说，啥事都算不准的。;我娃16年9月12的预产期，谁知道8月31号晚上顺出来了，但是没觉得怎样。看了今年我们这1年级学位户籍一致都要参加抽签的时候。我突然想感谢她提前出生了[笑cry][笑cry];-0.5823094360493375
我娃原本8月31的预产期，小家伙推了一个礼拜才出来，当时朋友们一个个劝我赶在9月1号之前剖出来。咱就说，啥事都算不准的。;17年;-0.11242581252233141
-----;------;------;0.6597281613018555;0.9916591289652421;-0.5823094360493375;1.5739685650145796;0.2130157174927102;83;3.466116468980124e-07;0.3490976208401557;0.5818293680669261
明年出生的孩子会多吗;回复@木子曼辛:国家应该出台一些有用的政策了;0.817216533606536
明年出生的孩子会多吗;往后应该都会越来越少了[允悲];0.9719096394667033
-----;------;------;0.07734655293008363;0.9719096394667033;;0;1.0;50;2.088021969265135e-07;0.43093866293247285;0.7182311048874547
都是缘分吧可能再迟点也不好怀了我就在想我要是迟点要宝宝就好了但是这几年体检发现都是缘分我本身体质不太容易怀孕[允悲];大多数人的体质可不是那么不容易怀;0.5149139689327693
-----;------;------;0.0;0.5149139689327693;;0;1.0;148;6.1805450290248e-07;0.4000001236109006;0.6666668726848343
我想知道我们县公立幼儿园去年招120人，今年招170人，这这增加是有什么内幕在里面吗？我看不懂[笑cry];乡镇村庄的孩子都被送县城读书了可能;-0.5580320081930019
-----;------;------;0.0;;-0.5580320081930019;0;1.0;5;2.0880219692651352e-08;0.400000004176044;0.6666666736267398
看完这段话就想到天津就是这样，结果一看博主定位，就是天津的…;天津现在幼儿园还要求户口跟房产，不知道三年后改不改[二哈];-0.9807962967197885
-----;------;------;0.0;;-0.9807962967197885;0;1.0;55;2.2968241661916486e-07;0.40000004593648336;0.6666667432274722
我们是晚婚晚育的一胎啊赶上了有什么办法[允悲];metoo[允悲];0.9401584287921494
-----;------;------;0.0;0.9401584287921494;;0;1.0;106;4.4266065748420863e-07;0.40000008853213154;0.6666668142202191
不是14年放开的二胎吗？;16年放开的;0.21815631237801414
-----;------;------;0.0;0.21815631237801414;;0;1.0;107;4.468367014227389e-07;0.40000008936734033;0.6666668156122337
我们就一胎，17年8月19出生的，真是运气不太好，今年深圳学位太紧张了[裂开][裂开][裂开];回复@苏慕恩_moon:[doge]我与阁下无冤无仇[允悲];-0.8167108242178616
我们就一胎，17年8月19出生的，真是运气不太好，今年深圳学位太紧张了[裂开][裂开][裂开];回复@小胖你不要太放肆嘎:可以现在生老三，不卷啦[笑cry][笑cry][笑cry];0.7803949301104143
我们就一胎，17年8月19出生的，真是运气不太好，今年深圳学位太紧张了[裂开][裂开][裂开];回复@苏慕恩_moon:那怎么办，老二上学又要卷了[黑线][黑线];0.6421446662983925
我们就一胎，17年8月19出生的，真是运气不太好，今年深圳学位太紧张了[裂开][裂开][裂开];回复@小胖你不要太放肆嘎:下半年也差不多，18年19年娃还是蛮多，20年疫情后娃就少很多了。;-0.3567592243507429
我们就一胎，17年8月19出生的，真是运气不太好，今年深圳学位太紧张了[裂开][裂开][裂开];17下半年的会不会好点[doge][doge]当初生的时候住院隔壁床都没有人的啊;-0.6305155334810881
-----;------;------;0.6609250129810653;0.7803949301104143;-0.8167108242178616;1.5971057543282758;0.20144712283586208;270;1.127531863403173e-06;0.34494907983314366;0.5749151330552393
@1204xfmq;害，时也运也命也，领导动动嘴，百姓忙断腿;-0.7634165542250968
-----;------;------;0.0;;-0.7634165542250968;0;1.0;187;7.809202165051606e-07;0.40000015618404333;0.6666669269734055
崔谁;广东;0.0
-----;------;------;0.0;0.0;0.0;0;1.0;84;3.507876908365427e-07;0.4000000701575382;0.6666667835958969
广东人不用鼓励都不停的生，身边最少两个，还有三个四个的。看到这个词条只能笑笑[嘻嘻];回复@W王天心:给你生[嘻嘻]我身边90都还在读书打工。;0.9751628652605824
广东人不用鼓励都不停的生，身边最少两个，还有三个四个的。看到这个词条只能笑笑[嘻嘻];回复@Marius_Mab:00的还没接触，反正90后的都在生;-0.9551553135393516
广东人不用鼓励都不停的生，身边最少两个，还有三个四个的。看到这个词条只能笑笑[嘻嘻];那都是80，90直线下降生育率，00更不用说了。;0.11983308864178865
-----;------;------;0.7897480162825644;0.9751628652605824;-0.9551553135393516;1.930318178799934;0.034840910600033026;5;2.0880219692651352e-08;0.32983557492908294;0.5497259582151381
我也支持你说的;回复@谢梦一场:所以我就说现在的政策就是这样，每个人都在想自己的利益最大化，所以那些制定政策的人也只是为自己的利益着想，我真的很希望所有那些公务员、政府官员能够真正做到为人民群众利益着想，而不是搞形式主义;0.6818984005401205
我也支持你说的;所有好的福利和政策只有公务员才配有，请问，一般个体或者私企或小厂的哪里有这样的福利？;0.6573711404816831
-----;------;------;0.012263630029218708;0.6818984005401205;;0;1.0;2;8.35208787706054e-09;0.40490545368210507;0.6748424228035084
现在的广东人基本都想生个女儿[喵喵];回复@电线上的麻雀:智齿;-0.8241062622315882
现在的广东人基本都想生个女儿[喵喵];我看身边并不是;0.46547649793922985
-----;------;------;0.644791380085409;0.46547649793922985;-0.8241062622315882;1.289582760170818;0.35520861991459096;11;4.593648332383297e-08;0.40000000918729667;0.6666666819788277
让公务员事业单位生吧，我生得起也养不起;回复@种花家们:我当然知足啊，因为我知道自己几斤几两只能找到什么水平的工作，但是多生我也一样养不起。养不养的起和知不知足又有什么关系？我只是想说别以为公务员就养的起一样，你想去你去考就是。;0.7632301236781778
让公务员事业单位生吧，我生得起也养不起;回复@xd141010:知足吧[汗][汗][汗]要是感觉没有你也可以离职了让机会给想去的人去;-0.4087855657141066
让公务员事业单位生吧，我生得起也养不起;回复@xd141010:说得别人很有钱一样？;-0.8692391871360527
让公务员事业单位生吧，我生得起也养不起;回复@种花家们:可是没钱啊，，只是听上去显得比较体面而已，体面又不能当饭吃;-0.19088313215753194
让公务员事业单位生吧，我生得起也养不起;回复@xd141010:就算再小的科员都有实力过老佰姓吧[喵喵][喵喵][喵喵]，公务员可以优养多生;-0.8368769173201211
让公务员事业单位生吧，我生得起也养不起;公务员那点工资，还不能兼职，怎么可能养得起啊（是指小科员，ld另说）;-0.9258167545281184
-----;------;------;0.5893021830061334;0.7632301236781778;-0.9258167545281184;1.6890468782062962;0.1554765608968519;17;7.09927469550146e-08;0.2979115117597435;0.4965191862662391
996先解决了再说吧，真的没精力谈恋爱搞家庭，被kpi压弯了腰;不可能的，绝对不可能的，国家的经济快速增长，离不开996们的拼命付出[喵喵];0.2619947362296178
-----;------;------;0.0;0.2619947362296178;;0;1.0;273;1.1400599952187638e-06;0.4000002280119991;0.666667046686665
补贴不解决问题，服务好才是关键，孩子出生对现在的家庭影响太大，一定要搞好托儿工作，解放家庭成员，这样才能解年轻人的生育之忧！;回复@种花家们:你说的很对，但是国家肯定不希望大家躺平，过好日子是大家共同努力才能达成的，生娃也是一部分。不过现在除了所谓的减父母的负担还有个大问题就是孩子的未来，全世界的国家目前没有一个解决的很好，希望党能带领走出条新路子吧[跪了];0.999999761977497
补贴不解决问题，服务好才是关键，孩子出生对现在的家庭影响太大，一定要搞好托儿工作，解放家庭成员，这样才能解年轻人的生育之忧！;回复@Lincy_:不过每个人都有每个人的活法吧，佛系了有些东西生不带来死不带走，怎么舒服怎么过;-0.7982297634273952
补贴不解决问题，服务好才是关键，孩子出生对现在的家庭影响太大，一定要搞好托儿工作，解放家庭成员，这样才能解年轻人的生育之忧！;回复@Lincy_:感觉真正的压力来源于房贷，有些人买了一辈子都在数着手指过日子了[允悲][允悲][允悲];0.9999984978717518
补贴不解决问题，服务好才是关键，孩子出生对现在的家庭影响太大，一定要搞好托儿工作，解放家庭成员，这样才能解年轻人的生育之忧！;回复@种花家们:必须免费，通过加税来获取资金。不过说白了就是对不生育的人收钱。;0.6885626079323888
补贴不解决问题，服务好才是关键，孩子出生对现在的家庭影响太大，一定要搞好托儿工作，解放家庭成员，这样才能解年轻人的生育之忧！;好托是收费还是免费呢？;-0.19297228519878962
-----;------;------;0.717261270476345;0.999999761977497;-0.7982297634273952;1.7982295254048921;0.10088523729755394;623;2.6016753737043582e-06;0.32725912344463437;0.5454318724077238
全职妈妈职业化，发工资;想得美，那都是给那些当官的老婆拿走，不会到基层的;0.8336060876066118
-----;------;------;0.0;0.8336060876066118;;0;1.0;123;5.136534044392232e-07;0.40000010273068093;0.6666668378844681
看来不久的将来应该会全面放开计划生育了[笑cry][笑cry][笑cry];回复@种花家们:目前是限制三胎[笑cry][笑cry][笑cry];0.8387716397679554
看来不久的将来应该会全面放开计划生育了[笑cry][笑cry][笑cry];现在都补贴了还不算全面放开么？难道现在还有计划生育这说法？;-0.9030839821270609
-----;------;------;0.8709278109475082;0.8387716397679554;-0.9030839821270609;1.7418556218950163;0.12907218905249185;4176;1.743915948730241e-05;0.4000034878318975;0.666672479719829
生育大省居然不是山东？;广东这边多子女家庭多，他们不在乎计划生育的[笑cry];0.9625101855759537
-----;------;------;0.0;0.9625101855759537;;0;1.0;201;8.393848316445843e-07;0.40000016787696635;0.6666669464616105
两条腿的男人遍地都是[允悲];回复@西街的小猫咪:哈哈哈，不难找;0.9868151036645121
两条腿的男人遍地都是[允悲];所以要优秀的[摊手][摊手];0.6609942998057339
-----;------;------;0.1629104019293891;0.9868151036645121;;0;1.0;4070;1.69964988298182e-05;0.4651675600715216;0.7752792667858692
你个人不能代表全省啊，再说这两者没关系吧。;回复@-pangsir:户口在广东，23年一直在广东，在广东生活上学工作，没这有啥好骗的，我自己本地人没有黑，就是挺差的[跪了];0.0400854252216567
你个人不能代表全省啊，再说这两者没关系吧。;回复@芋圆啵啵椰汁西米璐:不会呆在广东就是广东人了吧;-0.6808387887465743
你个人不能代表全省啊，再说这两者没关系吧。;回复@mini茶话会:好的;-0.5854082358659989
你个人不能代表全省啊，再说这两者没关系吧。;我被代表了[作揖]认可[作揖];0.10563912612519255
你个人不能代表全省啊，再说这两者没关系吧。;回复@芋圆啵啵椰汁西米璐:即使是同一个人不同时期意见都可以不同，就算我们都是广东人意见当然也可以不一样，还是不能代表别人啊。;-0.7062670967717626
你个人不能代表全省啊，再说这两者没关系吧。;不是啊，我也是广东人，我表示认可[doge];0.22432079422307782
-----;------;------;0.395844959750364;0.22432079422307782;-0.7062670967717626;0.9305878909948404;0.5347060545025798;462;1.929332299600985e-06;0.37222079156763743;0.6203679859460624
深户也读不到吗[泪];回复@养猪日常6吃起来就很快乐:你小孩还小，还有幼儿园几年呢，说不定到时很好上学。不过不管户口在深圳哪里，基本会分到离你住的附近，还是挺好的;0.99954395329564
深户也读不到吗[泪];回复@人间小太阳漫漫:哦哦知道了谢谢！我小孩才2.5岁，户口在罗湖，想在龙岗读书不知道;0.8756980569867445
深户也读不到吗[泪];转学比较难，直接上都可以;0.2788069702396361
-----;------;------;0.31465652777016123;0.99954395329564;;0;1.0;799;3.336659106885686e-06;0.5258632784398859;0.8764387973998097
什么时候提高工资再来说话吧[允悲]工资低物价又高，自己都养不活过不好，还让孩子来跟着我受罪[允悲]少开玩笑了[笑cry];回复@光头小心肝呀:好好爱这个孩子就好了，二胎又费钱，又容易让一胎觉得被分走父母的爱，两边都费力不讨好，何必呢;0.9299282126290134
什么时候提高工资再来说话吧[允悲]工资低物价又高，自己都养不活过不好，还让孩子来跟着我受罪[允悲]少开玩笑了[笑cry];每次孩子生病就好自责，每回生病就更加坚定不再二胎的决心;0.45499338547523394
什么时候提高工资再来说话吧[允悲]工资低物价又高，自己都养不活过不好，还让孩子来跟着我受罪[允悲]少开玩笑了[笑cry];回复@追逐rainbow的准Bimmer:孩子的一切花销都要考虑好，有心理准备。万一孩子生下来有先天性的病，还要花一大笔钱去治。所以一定要到有经济实力、有社会地位的前提下生孩子，孩子才不会跟着受罪。;0.9999208115053608
什么时候提高工资再来说话吧[允悲]工资低物价又高，自己都养不活过不好，还让孩子来跟着我受罪[允悲]少开玩笑了[笑cry];回复@哈喽包咪-:我现在就是父母给的条件不差，我家是两兄弟，因为我哥我爸都很成功，所以我也在拼，暂时拼事业考证存款，如果实力不够强，就算以后找到另一半结了婚，也不会轻易要小孩，肯定至少达到我的水平甚至应该更好才行，要不然自己都会有愧疚感[允悲];0.9998782403481212
什么时候提高工资再来说话吧[允悲]工资低物价又高，自己都养不活过不好，还让孩子来跟着我受罪[允悲]少开玩笑了[笑cry];回复@追逐rainbow的准Bimmer:是这样的。;0.7333070596893929
什么时候提高工资再来说话吧[允悲]工资低物价又高，自己都养不活过不好，还让孩子来跟着我受罪[允悲]少开玩笑了[笑cry];同意，我最讨厌那种自己当了一辈子韭菜还为了血脉生下一代的，所谓富有富养穷有穷养，万一你百年以后，孩子的年代更残酷怎么办，等死？如果不能让孩子幸福，不生也是善良;0.9999868632985738
-----;------;------;0.20141900578647476;0.9999868632985738;;0;1.0;60;2.505626363118162e-07;0.4805676524271172;0.8009460873785286
可是这一批领导和当年不是同一批[思考];谁管他领导怎么换[允悲]这不是我一个月2500块钱的平民在意的事[兔子];0.6763599749212155
-----;------;------;0.0;0.6763599749212155;;0;1.0;2532;1.0573743252358645e-05;0.4000021147486505;0.6666701912477507
这谁应得的啊;我应得的[泪];0.8305601172577997
-----;------;------;0.0;0.8305601172577997;;0;1.0;325;1.3572142800223378e-06;0.40000027144285605;0.6666671190714266
[哆啦A梦害怕]你的评论区有活人吗;[傻眼][傻眼]真的很吓人;-0.6944360320485423
-----;------;------;0.0;;-0.6944360320485423;0;1.0;170;7.09927469550146e-07;0.40000014198549394;0.6666669033091565
涛粉早！深刻的理解重点国家战略——牛股摇篮战的略意义，去年下半年全力以支持科技，才有了上半年科技股波澜壮阔的行情。今年的下半年国家全力以赴刺激拉动消费，出手点是消费下行终结周期，基本面与技术面完美重合。早间签到，铁子们集合，早安，么么哒！[作揖];[鲜花][鲜花][鲜花];0.6802964296606346
涛粉早！深刻的理解重点国家战略——牛股摇篮战的略意义，去年下半年全力以支持科技，才有了上半年科技股波澜壮阔的行情。今年的下半年国家全力以赴刺激拉动消费，出手点是消费下行终结周期，基本面与技术面完美重合。早间签到，铁子们集合，早安，么么哒！[作揖];🌹🌹🌹;0.0
涛粉早！深刻的理解重点国家战略——牛股摇篮战的略意义，去年下半年全力以支持科技，才有了上半年科技股波澜壮阔的行情。今年的下半年国家全力以赴刺激拉动消费，出手点是消费下行终结周期，基本面与技术面完美重合。早间签到，铁子们集合，早安，么么哒！[作揖];[作揖][作揖][作揖][加油][加油][加油];0.9723298812921888
-----;------;------;0.4073644515029274;0.9723298812921888;0.0;0;1.0;3417009;0.01426957972235338;0.5657996965456417;0.942999494242736
[浪][鲜花][浪][给力];[加油];0.8095238095238093
-----;------;------;0.0;0.8095238095238093;;0;1.0;2807;1.172215533545447e-05;0.40000234443106714;0.6666705740517784
现在不是下半年？;发改委的半年和一般意义上的上下半年不太一样，要算到年后了;0.079710785586385
-----;------;------;0.0;0.079710785586385;;0;1.0;585;2.442985704040208e-06;0.4000004885971408;0.6666674809952347
满100减5元[馋嘴][馋嘴][馋嘴];感恩;0.6450960077452397
-----;------;------;0.0;0.6450960077452397;;0;1.0;43;1.7956988935680162e-07;0.40000003591397787;0.6666667265232964
为什么是刺激消费，而不是扩大就业和提高收入。没有钱，那就真的是刺激了;个人觉得是消费少了，存款却增加了[允悲];0.9474691836774713
-----;------;------;0.0;0.9474691836774713;;0;1.0;46;1.9209802117239243e-07;0.40000003841960424;0.6666667306993403
希望明天金融给力，开启一波挣钱效应。[哈哈];回复@投资者君北:金融主板核心太平洋，趋势核心财富趋势，套利核心天峁新材，指南针，威士顿。地产主板核心荣盛，金科，套利300苏州还有君逸。小鹏概念，主板海马，套利300维科精密;0.9999999997913744
希望明天金融给力，开启一波挣钱效应。[哈哈];要聚焦核心了;0.8305601172577997
-----;------;------;0.08471994126678739;0.9999999997913744;;0;1.0;49;2.0462615298798324e-07;0.43388801743194555;0.7231466957199092
[太阳];选择不对,努力白费我这里{每周}鸿博20%太平洋21%，光洋股份,主做打榜，实时证明，在我第一条博[浪]文[鲜花][鲜花];0.993875163219545
-----;------;------;0.0;0.993875163219545;;0;1.0;10;4.1760439385302704e-08;0.4000000083520879;0.666666680586813
在京购房不能按月提取，差评！;全额;-0.6666666666666665
-----;------;------;0.0;;-0.6666666666666665;0;1.0;5;2.0880219692651352e-08;0.400000004176044;0.6666666736267398
涛粉早！深刻的理解重点国家战略——牛股摇篮战的略意义，去年下半年全力以支持科技，才有了上半年科技股波澜壮阔的行情。今年的下半年国家全力以赴刺激拉动消费，出手点是消费下行终结周期，基本面与技术面完美重合。早间签到，铁子们集合，早安，么么哒！[作揖];[鲜花][鲜花][鲜花];0.6802964296606346
涛粉早！深刻的理解重点国家战略——牛股摇篮战的略意义，去年下半年全力以支持科技，才有了上半年科技股波澜壮阔的行情。今年的下半年国家全力以赴刺激拉动消费，出手点是消费下行终结周期，基本面与技术面完美重合。早间签到，铁子们集合，早安，么么哒！[作揖];🌹🌹🌹;0.0
涛粉早！深刻的理解重点国家战略——牛股摇篮战的略意义，去年下半年全力以支持科技，才有了上半年科技股波澜壮阔的行情。今年的下半年国家全力以赴刺激拉动消费，出手点是消费下行终结周期，基本面与技术面完美重合。早间签到，铁子们集合，早安，么么哒！[作揖];[作揖][作揖][作揖][加油][加油][加油];0.9723298812921888
-----;------;------;0.4073644515029274;0.9723298812921888;0.0;0;1.0;3417009;0.01426957972235338;0.5657996965456417;0.942999494242736
关注;[心][心];0.7911707066643898
-----;------;------;0.0;0.7911707066643898;;0;1.0;422864;0.001765898644022664;0.4003531797288046;0.6672552995480076
关注;[抱一抱][抱一抱];0.9426700194542934
-----;------;------;0.0;0.9426700194542934;;0;1.0;348809;0.001456641710154805;0.40029132834203096;0.6671522139033849
我就是5.88的大怨种[泪];回复@肉肉酱的基金日记:[允悲];0.9572587809273054
我就是5.88的大怨种[泪];我也差不多，5.39%[允悲][允悲][允悲];0.9999215683968281
-----;------;------;0.02133139373476134;0.9999215683968281;;0;1.0;171;7.141035134886762e-07;0.40853270031460726;0.6808878338576787
存量房贷选固定利率的有希望了;银行不执行也没办法;-0.9376504672862418
-----;------;------;0.0;;-0.9376504672862418;0;1.0;779122;0.0032536477054755813;0.40065072954109515;0.6677512159018252
我在拼多多买过东西，因为物流一直不到。我申请了退款，直接弹出来仅退款无需退货。后来快递还是收到了，我私底下给商家转了商品钱。因为东西确实收到了啊。;真好！我觉得占人家便宜会有报应的;0.4212163713976911
我在拼多多买过东西，因为物流一直不到。我申请了退款，直接弹出来仅退款无需退货。后来快递还是收到了，我私底下给商家转了商品钱。因为东西确实收到了啊。;[鼓掌];0.529411764705882
我在拼多多买过东西，因为物流一直不到。我申请了退款，直接弹出来仅退款无需退货。后来快递还是收到了，我私底下给商家转了商品钱。因为东西确实收到了啊。;善良的人[赞];0.9816827352415651
我在拼多多买过东西，因为物流一直不到。我申请了退款，直接弹出来仅退款无需退货。后来快递还是收到了，我私底下给商家转了商品钱。因为东西确实收到了啊。;晒个图http://t.cn/A60G1V7i;0.13860046544231786
-----;------;------;0.30349740057614977;0.9816827352415651;;0;1.0;10;4.1760439385302704e-08;0.5213989685825479;0.868998280970913
有人编段子，说手机上有淘宝app而没拼多多的，此人大叔无疑。;不是吧，我就不用拼多多。以前帮人家砍过价，实在不好意思下载了帮完就卸载。后来我就告诉他们我太烦那种砍价了，我自己也不用。;-0.9919831268001791
有人编段子，说手机上有淘宝app而没拼多多的，此人大叔无疑。;回复@洋yangyang12:我原来也没有，最近老看人提好奇下了一个，我买的东西没觉得怎么便宜，有的看着便宜中间加些别的货，有的尤其是进口的干脆就没有，所以现在好久也没用过了;0.5003021436858728
有人编段子，说手机上有淘宝app而没拼多多的，此人大叔无疑。;我就没有拼多多[委屈]购物体验不是很好，除非就是一次性用的，质量好不好不碍事才买，要不质量不好，来回退换很麻烦，而且本来就便宜，谁也不容易，而且品牌的东西价格和淘宝旗舰店一样的，;-0.9972810975629769
-----;------;------;0.7047220856064265;0.5003021436858728;-0.9972810975629769;1.4975832412488497;0.25120837937557516;41;1.7121780147974108e-07;0.38237222023636097;0.6372870337272681
这种可以减少刷单，增加刷单的成本，要不刷单太严重了;每天大口吃肉肉[太开心][太开心]，一个星期泰祥61%，金科36%，塞力斯23%，短线实力超强[打call]，还有不知道怎么吃肉的朋友，[心]在我第一条贴子[666][/cp];0.9972806201725122
-----;------;------;0.0;0.9972806201725122;;0;1.0;175;7.308076892427973e-07;0.4000001461615379;0.6666669102692298
拼多多店铺两个订单已经拉扯近一个月了，40元左右的价格，聊天页面什么也不说，申请仅退款，可能这两个人退得多了没有被秒退，我们还可以驳回，一个是时间到了重新申请。一个是我们今天驳回，他明天就申请，说东西扔了，说我们是奸商。;而且买家自己买错大小，也可以申请描述不符等不利于商家的退货理由，无法拒绝，退货运费扣商家。;-0.999999909433988
-----;------;------;0.0;;-0.999999909433988;0;1.0;10200;4.259564817300876e-05;0.40000851912963464;0.6666808652160576
拼多多对于商家是很不友好，上面说的情况都是属实，而且感觉这个平台的消费者素质相对差，很多奇葩事。不过我现在也成了拼多多的忠实用户，百分之九十的东西在拼多多上买，很少踩雷，只在品牌官方旗舰店买，平均价格要比其他品牌便宜百分之二十左右。;对啊感觉对于买家很友好，某宝退个东西还要申请客服介入，介入半天还判我输，我都举证了，让卖家举证啊，最后投诉消协给我赔付了，多多就不会，消费者体验良好。而且同样的品牌旗舰店某宝就是比多多贵;-0.9997966899459672
-----;------;------;0.0;;-0.9997966899459672;0;1.0;23;9.604901058619622e-08;0.40000001920980216;0.6666666986830035
深圳经过这一轮下跌，新生代的买房人心态会谨慎很多。;是的，所以取消商品住宅的一切限制其实已经具备条件了。;-0.9262271893278788
-----;------;------;0.0;;-0.9262271893278788;0;1.0;136;5.679419756401168e-07;0.40000011358839516;0.6666668559806584
何必担忧，不断流导致大乱，何来醒悟与大治？没有断流的惨痛何能面对纠错的舆论压力，等出问题再来纠正，责任就小多了，这不就是庄公的故事吗。他懂的。;还是厨艺问题，早就过了担心舆论压力的度了。;0.7112848694356888
-----;------;------;0.0;0.7112848694356888;;0;1.0;63;2.6309076812740703e-07;0.40000005261815363;0.6666667543635892
意思是房产税要收起来了啊[吃瓜];你从哪里读出来的这个意思？;0.5583941605839415
-----;------;------;0.0;0.5583941605839415;;0;1.0;58;2.4221054843475567e-07;0.40000004844210973;0.6666667474035162
二手房的出售价低于当初的购买价格，成都市的税务部门为什么还要继续强行全额增收“增值税”？？房子都没有增值，为什么要强行增收“增值税”？？;回复@PPX小浣熊:和时间没关系。再仔细看看;-0.228188599680603
-----;------;------;0.0;;-0.228188599680603;0;1.0;136;5.679419756401168e-07;0.40000011358839516;0.6666668559806584
个人首套房契税减免多少啊？政策开始实施了吗;这些政策实施n年了，这里只是把政策汇总了一下;-0.06423309342307304
-----;------;------;0.0;;-0.06423309342307304;0;1.0;160;6.681670301648433e-07;0.40000013363340603;0.66666688938901
没看到二套契税减少啊;法定税率3%-5%，你看看早已实行的政策是多少;-0.041628466434631584
-----;------;------;0.0;;-0.041628466434631584;0;1.0;55;2.2968241661916486e-07;0.40000004593648336;0.6666667432274722
没有用啊;[苦涩][苦涩][苦涩];0.991163822290599
-----;------;------;0.0;0.991163822290599;;0;1.0;595;2.4847461434255107e-06;0.40000049694922873;0.6666674949153811
完了，苏州规划看来e大觉得点评的价值都没有了[允悲];点评过啦！10㎝都炸20玩不了，就像机器人那时候集体炸;0.24082994539503866
-----;------;------;0.0;0.24082994539503866;;0;1.0;104;4.343085696071481e-07;0.40000008686171395;0.6666668114361898
加杠杆不是终极目标，加是为了什么得再深入想想？有钱了可以干嘛？对全国经济有没有好处;有些行业是全民福利型行业，比如飞机、汽车、医药，房地产曾经也是，让大家有更好的居住环境，但现在更偏向于保持资本和权贵对于老百姓鞭策的一个行业，继续把杠杠加在人民身上，就是继续确认人民会夜以继日的工作、服务;0.9999995146373664
-----;------;------;0.0;0.9999995146373664;;0;1.0;1;4.17604393853027e-09;0.4000000008352088;0.6666666680586812
支持;[嘻嘻];0.8888888888888888
-----;------;------;0.0;0.8888888888888888;;0;1.0;40;1.6704175754121081e-07;0.40000003340835155;0.6666667223472524
绳子最终松绑与否要看未来经济是否向好，经济是否向好要看大众收入是否普遍提高，如果民众收入低问题不解决再放开房地产市场恐怕经济也得不到好转。;收入为什么低？;0.8234104367796242
-----;------;------;0.0;0.8234104367796242;;0;1.0;180;7.516879089354487e-07;0.4000001503375818;0.6666669172293029
大家买房去库存后开征房产税是不是有点卸磨杀驴的意思[允悲]。;按几个试点城市的经验，不都有个“免征空间”么，想来对正常住房需求应该没太大影响。;-0.0757488581566228
-----;------;------;0.0;;-0.0757488581566228;0;1.0;70;2.923230756971189e-07;0.40000005846461517;0.6666667641076919
一天天想着土地财政，琢磨着怎么卖房子怎么让老百姓买房子[赞][赞][赞];回复@fish余张华:[允悲][允悲][允悲];0.9997576759862625
一天天想着土地财政，琢磨着怎么卖房子怎么让老百姓买房子[赞][赞][赞];回复@男科医生王古道:但凡把卖地卖房的精神用到工业、科技上，也不至于天天被人掐脖子;0.9968239101377878
一天天想着土地财政，琢磨着怎么卖房子怎么让老百姓买房子[赞][赞][赞];[允悲][允悲][允悲];0.9999348182355166
-----;------;------;0.0014265775136731793;0.9999348182355166;;0;1.0;110;4.5936483323832973e-07;0.4005707228784359;0.6676178714640598
你好，你感兴趣的“房地产”已开通了超话社区～超话社区是微博旗下兴趣互动社区，快来与志同道合的小伙伴们一起交流互动吧！戳我进入>>#房地产[超话]#;我觉得也是，它这完全没能力撑下去了，半年了业绩太差了;-0.4092162762016782
-----;------;------;0.0;;-0.4092162762016782;0;1.0;239461082;1.0;0.6000000000000001;1.0
没有收入谁都挺不住。0杠杆都停不住。;自称臣是酒中仙，自称自己是优质地产，结果一样，负债大约1.6万亿。爆雷还在继续，国家支持民营企业发展健康，而碧桂园爆雷了？;0.7708359577770978
-----;------;------;0.0;0.7708359577770978;;0;1.0;149;6.222305468410102e-07;0.4000001244461094;0.6666668740768489
春雷滚滚，不见下雨。;狼来了;0.0
-----;------;------;0.0;0.0;0.0;0;1.0;453199;0.00189257893689798;0.4003785157873796;0.6672975263122992
首付越少，贷款就越多，还贷支付的利息就越重。;说白了不还是没钱吗，有一千万也不用贷款啊，怎么说也是好事;-0.896779848975022
-----;------;------;0.0;;-0.896779848975022;0;1.0;1848;7.71732919840394e-06;0.4000015434658397;0.6666692391097327
左顾而言它，就是不降价，刚改何堪。;牺牲的就是中产，欲望和恐惧将支配着中产;0.9935499002299726
-----;------;------;0.0;0.9935499002299726;;0;1.0;266;1.1108276876490519e-06;0.40000022216553754;0.6666670369425625
看市场;对;0.052465563615616606
-----;------;------;0.0;0.052465563615616606;;0;1.0;22551;9.417396685779613e-05;0.4000188347933716;0.6666980579889525
但我确实被取悦了[doge];交公粮[允悲];0.887677484780395
但我确实被取悦了[doge];[微笑];0.5217391304347823
-----;------;------;0.18296917717280636;0.887677484780395;;0;1.0;10;4.1760439385302704e-08;0.4731876792212104;0.7886461320353506
房地c税…事实上就是将地方财源从卖地收入替换为这个。考虑到税基是房价，那么就需要房价上涨或者横盘的时候才是出台的时机。现在的条件不满足。[思考];回复@诗巫鼠三虎:过户后谁有房产证谁交;-0.3769034911697362
房地c税…事实上就是将地方财源从卖地收入替换为这个。考虑到税基是房价，那么就需要房价上涨或者横盘的时候才是出台的时机。现在的条件不满足。[思考];回复@诗巫鼠三虎:能收到几套房的“人民”头上？那还请加大力度[笑而不语];-0.32851810936839754
房地c税…事实上就是将地方财源从卖地收入替换为这个。考虑到税基是房价，那么就需要房价上涨或者横盘的时候才是出台的时机。现在的条件不满足。[思考];回复@诗巫鼠三虎:就是一种变相的财产税，控制大量有钱人的热钱，让你有钱不要往房地产投了，往生产或者研发方向投。看看前几年有点钱都投向房地产了，企业赚了钱不去研发升级就想去房地产赚快钱。;0.5340400584354352
房地c税…事实上就是将地方财源从卖地收入替换为这个。考虑到税基是房价，那么就需要房价上涨或者横盘的时候才是出台的时机。现在的条件不满足。[思考];回复@Avatar风度:哦，对嘛，我就想这东西不可能开发商交，最终还是转嫁到人民头上;-0.699110088978987
房地c税…事实上就是将地方财源从卖地收入替换为这个。考虑到税基是房价，那么就需要房价上涨或者横盘的时候才是出台的时机。现在的条件不满足。[思考];回复@诗巫鼠三虎:房子拥有者交，但是会有一定的豁免比如第一套不交，或者房子面积超过多少就交超过的部分。除非你有多套大房子否则不用交或者交的很少。;0.8652132580908003
房地c税…事实上就是将地方财源从卖地收入替换为这个。考虑到税基是房价，那么就需要房价上涨或者横盘的时候才是出台的时机。现在的条件不满足。[思考];回复@英熊猫猫猫猫:那房子盖好了，就是房地产开放商交这个税咯？那么房价高，不是开发商要交的更多？是这么理解吗哪里有这个政策文本可以看到的吗？;0.9639522615824654
房地c税…事实上就是将地方财源从卖地收入替换为这个。考虑到税基是房价，那么就需要房价上涨或者横盘的时候才是出台的时机。现在的条件不满足。[思考];暴跌后的横盘期是出台房地产税最合适的时机;0.4066662369338656
房地c税…事实上就是将地方财源从卖地收入替换为这个。考虑到税基是房价，那么就需要房价上涨或者横盘的时候才是出台的时机。现在的条件不满足。[思考];回复@诗巫鼠三虎:房子存在就交;0.7759691458641025
房地c税…事实上就是将地方财源从卖地收入替换为这个。考虑到税基是房价，那么就需要房价上涨或者横盘的时候才是出台的时机。现在的条件不满足。[思考];不懂问下，这个税是，只要房子存在，就要交，还是购买房子的人交？;-0.681319284087299
房地c税…事实上就是将地方财源从卖地收入替换为这个。考虑到税基是房价，那么就需要房价上涨或者横盘的时候才是出台的时机。现在的条件不满足。[思考];就是如此，现在收等于不要经济了，所以说时机不对;-0.8151212731496207
-----;------;------;0.67500153107285;0.9639522615824654;-0.8151212731496207;1.779073534732086;0.11046323263395696;59;2.4638659237328593e-07;0.3141859547600413;0.523643257933402
[坏笑]我发现一个事情，天哥女粉不多，有的大多是真爱粉;回复@不吃面的W姐:[坏笑][坏笑];-0.8195428874452988
[坏笑]我发现一个事情，天哥女粉不多，有的大多是真爱粉;天哥女粉来咯，从知乎一路跟到微博[心][心][心][心][心];0.9964380528438912
[坏笑]我发现一个事情，天哥女粉不多，有的大多是真爱粉;回复@花宛婉:[坏笑][坏笑];0.28340400906957885
[坏笑]我发现一个事情，天哥女粉不多，有的大多是真爱粉;我就是天哥的女粉[笑cry];0.25999923069361053
[坏笑]我发现一个事情，天哥女粉不多，有的大多是真爱粉;回复@不知何时回来:[偷笑][偷笑];-0.6742939731367217
[坏笑]我发现一个事情，天哥女粉不多，有的大多是真爱粉;我是真爱粉了！[允悲][允悲];0.9976952023672487
[坏笑]我发现一个事情，天哥女粉不多，有的大多是真爱粉;[开学季][开学季][开学季];0.690441437686957
-----;------;------;0.6876074214607726;0.9976952023672487;-0.8195428874452988;1.8172380898125475;0.09138095509372623;98;4.092523059759665e-07;0.31159543247226074;0.5193257207871012
☝️;天哥加鸡腿[二哈];0.3754423420128439
☝️;我给你作证，你的评论比第一个点赞的还快[笑而不语];0.7088772259106682
-----;------;------;0.16671744194891214;0.7088772259106682;;0;1.0;750;3.1320329538977027e-06;0.46668760318615565;0.7778126719769259
发的文件很好，就怕到时候落实成“自愿”放弃补偿退出;回复@月醉雨殇:依法也很有讲究[doge];0.6633812224530604
发的文件很好，就怕到时候落实成“自愿”放弃补偿退出;回复@月醉雨殇:哪有什么自愿，说不定会跟当年下岗工人👷一样的手段[doge];0.9032648574096065
发的文件很好，就怕到时候落实成“自愿”放弃补偿退出;这个自愿，意味深长。;0.9115325813690673
-----;------;------;0.11508046002268547;0.9115325813690673;;0;1.0;68;2.839709878200584e-07;0.44603224080327175;0.7433870680054528
先让现在正式工，公务员家里有宅基地的，服从党的号召，主动自愿退出宅基地！;这真的厉害;-0.32833191616727686
-----;------;------;0.0;;-0.32833191616727686;0;1.0;67;2.7979494388152813e-07;0.4000000559589888;0.6666667599316479
给的补偿那么多够在城市中买房子么？！问过农民愿意不愿意了么？！每次出了窟窿眼就找农民，要不要只盯着农民欺负！;啊。。。我同事她们家就是自愿的，因为都在城里面买房定居了，农村的宅基地就自己退了，这个肯定要自愿啊，我也搞不懂你在乱喷啥子。[笑cry];-0.5807948285722015
-----;------;------;0.0;;-0.5807948285722015;0;1.0;265;1.1066516437105217e-06;0.40000022133032875;0.6666670355505478
周律师您好，您觉得政策对房价长短期有什么影响，随便说说[允悲]，可以吗;我不是神汉，也不是神婆，只是法师，所以说不说。;-0.3871916765225778
-----;------;------;0.0;;-0.3871916765225778;0;1.0;201;8.393848316445843e-07;0.40000016787696635;0.6666669464616105
这是没降吗;一年期降了，五年期没降;-0.8224192249010345
-----;------;------;0.0;;-0.8224192249010345;0;1.0;183;7.642160407510394e-07;0.40000015284320817;0.6666669214053469
特别讨厌现在听到说要有定力，定你老m;温水煮青蛙;0.4368663773156731
-----;------;------;0.0;0.4368663773156731;;0;1.0;65;2.7144285600446755e-07;0.4000000542885712;0.6666667571476186
存量贷款不降，消费啥？;你都借钱买房了，你还期望消费，好好还房贷，赚钱养孩子吧;-0.31492401982300655
存量贷款不降，消费啥？;降了岂不是断了银行的财路！谁都不敢捅破窗户纸，[嘻嘻];-0.6755039512048719
存量贷款不降，消费啥？;就是因为看清了降了那点你们也不会去消费，不如不降[二哈];-0.9508677887504506
存量贷款不降，消费啥？;自觉进行增量贷款啊[二哈];0.3345639880228799
-----;------;------;0.4811882670867297;0.3345639880228799;-0.9508677887504506;1.2854317767733305;0.35728411161333473;4295;1.7936108715987512e-05;0.335392538701769;0.5589875645029483
啥叫5年期，我贷款20年，按5年算还是1年算;回复@abdner2016:很少的，大部分是消费贷之类的吧，大部分都不是房贷;-0.8415486875708476
啥叫5年期，我贷款20年，按5年算还是1年算;回复@鱼丸_不睡觉:用短期贷买房的不知道占多大比例;-0.4310167622322849
啥叫5年期，我贷款20年，按5年算还是1年算;5年以上都是5年期;0.052548185486256394
-----;------;------;0.36541920201244577;0.052548185486256394;-0.8415486875708476;0.894096873057104;0.552951563471448;571;2.3845210889007844e-06;0.3673487830977753;0.6122479718296254
牛b啊，就是不降低存量房贷利率。;回复@只因接华发:拭目以待[doge]你是管中窥豹[doge];0.2886887087564267
牛b啊，就是不降低存量房贷利率。;回复@你家的橙:别意淫;-0.7192779059948744
牛b啊，就是不降低存量房贷利率。;存量房很多是lpr加点，这次五年期没降，多半在憋大招。;-0.9841499597570815
-----;------;------;0.5483583760624522;0.2886887087564267;-0.9841499597570815;1.2728386685135082;0.3635806657432459;326;1.3613903239608682e-06;0.364775889000344;0.6079598150005733
存量房贷利率到底什么时候能降？！！！[泪];口嗨;-0.7424163085808007
-----;------;------;0.0;;-0.7424163085808007;0;1.0;46;1.9209802117239243e-07;0.40000003841960424;0.6666667306993403
没希望了，省吃俭用提前还贷吧;能不能解释，我都看不懂这条微博，;-0.5966039789994146
-----;------;------;0.0;;-0.5966039789994146;0;1.0;160;6.681670301648433e-07;0.40000013363340603;0.66666688938901
必须提前还房贷，根本就不把存量房的人当人，消费起不来关我屁事;当初选的是固定利率还是LPR?固定利率转LPR窗口期的时候是怎么选的？;0.12698629142428364
-----;------;------;0.0;0.12698629142428364;;0;1.0;32;1.3363340603296865e-07;0.4000000267266812;0.6666667112111353
[允悲]房贷利率下降的预期落空了唉，一年期都降了，五年期却不降;回复@摇摇欲坠的爱情:一年期对应的是短期贷款，五年期对应的是中长期贷款比如房贷;0.8588534523171432
[允悲]房贷利率下降的预期落空了唉，一年期都降了，五年期却不降;意思就是贷款一年的就可以降是吧？;-0.3515904492023665
-----;------;------;0.6052219507597548;0.8588534523171432;-0.3515904492023665;1.2104439015195096;0.3947780492402452;1184;4.94443602321984e-06;0.40000098888720464;0.6666683148120076
刺激消费，降低存量房贷利率靠的是口号吗[doge];急什么;-0.25714285714285756
刺激消费，降低存量房贷利率靠的是口号吗[doge];难道靠什么[doge][doge][doge];-0.5407463472388827
-----;------;------;0.14180174504801257;;-0.5407463472388827;0;1.0;109;4.5518878929979947e-07;0.4567207890569629;0.761201315094938
暴跌;五年期没变。。。。;-0.20018105678485743
-----;------;------;0.0;;-0.20018105678485743;0;1.0;0;0.0;0.4;0.6666666666666666
雄鸡变铁公鸡，只想进不想出！挖空心思想着割韭菜，看你可以耗多久;[汗];-0.2000000000000004
-----;------;------;0.0;;-0.2000000000000004;0;1.0;384;1.6036008723956239e-06;0.4000003207201745;0.6666672012002908
明白啥啊，房价要自由落体了[good];回复@邓浩志:还没放开限跌呢;0.77789941572651
明白啥啊，房价要自由落体了[good];已经了好不好;0.2659205324510492
-----;------;------;0.2559894416377304;0.77789941572651;;0;1.0;36;1.5033758178708972e-07;0.5023958067226085;0.8373263445376807
说多了只会越捂越紧钱包;[允悲];0.9459634540755057
-----;------;------;0.0;0.9459634540755057;;0;1.0;63;2.6309076812740703e-07;0.40000005261815363;0.6666667543635892
坏得狠，这个时候都想把债务转嫁给接盘侠;也不是啦;-0.26121781773600317
-----;------;------;0.0;;-0.26121781773600317;0;1.0;39;1.6286571360268053e-07;0.40000003257314276;0.6666667209552378
你倒是出啊，别光喊啊;大家都着急;-0.3354752707852451
-----;------;------;0.0;;-0.3354752707852451;0;1.0;130;5.428857120089351e-07;0.4000001085771424;0.6666668476285705
这还盼金九银十那[哈哈];重要节点，必须关注;0.5910506228053816
-----;------;------;0.0;0.5910506228053816;;0;1.0;2;8.35208787706054e-09;0.4000000016704176;0.6666666694506959
感觉某种税要来了;不会;-0.20859450581057026
-----;------;------;0.0;;-0.20859450581057026;0;1.0;75;3.1320329538977027e-07;0.4000000626406591;0.6666667710677651
重庆有位科学家袁书记，曾主政浙江多年[赞][赞]，这么敏感的表态，市长需要书记默许的[哈哈];科学家也得讲政治;0.9701398734685727
-----;------;------;0.0;0.9701398734685727;;0;1.0;190;7.934483483207513e-07;0.4000001586896697;0.6666669311494494
重庆真没什么好担心的，房价不算太高，就是1个w上下，比东莞都低好几倍了。人口数量又多，日子应该比杭州好过吧！[哈哈];回复@吃瓜小透明66:那你希望跌到哪里去？上一轮房价上涨时，重庆其实是稳的比较好的！[哈哈];-0.8731273740154948
重庆真没什么好担心的，房价不算太高，就是1个w上下，比东莞都低好几倍了。人口数量又多，日子应该比杭州好过吧！[哈哈];重庆的收入水平跟珠三角没法比啊[污];0.005307363535038245
-----;------;------;0.4392173687752665;0.005307363535038245;-0.8731273740154948;0.878434737550533;0.5607826312247335;640;2.672668120659373e-06;0.40000053453362416;0.6666675575560401
不认房也不认贷也买不起;只是让买得起的人买，而不是让你所有人都买得起，永远都不可能让所有人买得起的，都买得起的话所有人都来买，凭什么不涨价？;-0.8928623032513028
-----;------;------;0.0;;-0.8928623032513028;0;1.0;408;1.7038259269203503e-06;0.4000003407651854;0.6666672346086423
没钱的照样买不起;回复@广漂瑞锅:老家也不便宜，也要一万左右啊;0.8606228868201449
没钱的照样买不起;没钱的，回老家买;-0.5416309822697274
-----;------;------;0.7011269345449361;0.8606228868201449;-0.5416309822697274;1.4022538690898723;0.29887306545506387;188;7.850962604436908e-07;0.4000001570192521;0.6666669283654201
不懂就问，认房不认什么意思;就是不管之前有没有买过房，现在如果没有房，都是算首套房首付款吗？;-0.8962678529830133
不懂就问，认房不认什么意思;新闻里不是说的很明白了吗;0.4149698102706465
-----;------;------;0.6556188316268299;0.4149698102706465;-0.8962678529830133;1.3112376632536598;0.3443811683731701;2;8.35208787706054e-09;0.4000000016704176;0.6666666694506959
割最后一波[允悲];回复@纸上添花v:[赞];0.6045896915939641
割最后一波[允悲];全网只有我一个人认同你;-0.09011135109806889
-----;------;------;0.3473505213460165;0.6045896915939641;-0.09011135109806889;0.694701042692033;0.6526494786539835;4;1.670417575412108e-08;0.4000000033408352;0.6666666722347252
深圳好像已落地了啊;回复@H小翠婷:没有落地，中介的话，不要太信;-0.5000964456218111
深圳好像已落地了啊;回复@小欧_42290:落地了，我看中介都在发朋友圈;0.45374997302422204
深圳好像已落地了啊;没有吧，我在关注;0.6241610738255037
-----;------;------;0.49472976952338976;0.6241610738255037;-0.5000964456218111;1.1242575194473148;0.4378712402763426;2;8.35208787706054e-09;0.3730404055903106;0.6217340093171843
可以公积金贷款么;公积金贷款有呀;-0.05246556361561838
-----;------;------;0.0;;-0.05246556361561838;0;1.0;2;8.35208787706054e-09;0.4000000016704176;0.6666666694506959
赶紧降啊;降了买哪里呢;-0.37668102093102007
-----;------;------;0.0;;-0.37668102093102007;0;1.0;67;2.7979494388152813e-07;0.4000000559589888;0.6666667599316479
这个是全国范围生效还是个别省市呀，北京有效吗;回复@程没意思:感觉还是别抱太大希望，北京每次都是最保守的;-0.5065227309253539
这个是全国范围生效还是个别省市呀，北京有效吗;回复@莫里欧塔:好吧，看来北京还得再等一等了;-0.27589414163478265
这个是全国范围生效还是个别省市呀，北京有效吗;纳入一城一策。就是国家同意了，各地结合自身情况看要不要采纳;-0.37611691505341494
-----;------;------;0.0944221180086222;;-0.5065227309253539;0;1.0;1551;6.477044148660449e-06;0.4377701426122786;0.7296169043537976
全款买房，地产商却宣布破产了。http://t.cn/A6O2t1FI;如果没有预售，会有这么多的乱象吗！;-0.4975963757600308
-----;------;------;0.0;;-0.4975963757600308;0;1.0;6426;2.6835258348995517e-05;0.40000536705166984;0.666675611752783
在我心里面，穆勒才是过去梅罗时代的第三人荣誉效率比内马尔好太多了;内马尔凭什么碰瓷穆勒啊;-0.9896964300756481
-----;------;------;0.0;;-0.9896964300756481;0;1.0;34;1.419854939100292e-07;0.4000000283970988;0.6666667139951645
可以公积金贷款么;公积金贷款有呀;-0.05246556361561838
-----;------;------;0.0;;-0.05246556361561838;0;1.0;2;8.35208787706054e-09;0.4000000016704176;0.6666666694506959
赶紧降啊;降了买哪里呢;-0.37668102093102007
-----;------;------;0.0;;-0.37668102093102007;0;1.0;67;2.7979494388152813e-07;0.4000000559589888;0.6666667599316479
再来一波涨价去库存吧，反正摊子下一任处理就行。[打call];[允悲][允悲]是啊，不变;0.997350349843664
再来一波涨价去库存吧，反正摊子下一任处理就行。[打call];吓任不变噢;0.6677687424939995
-----;------;------;0.16479080367483223;0.997350349843664;;0;1.0;103;4.3013252566861785e-07;0.46591640749643803;0.7765273458273966
居民继续负债，未来收入能覆盖吗？;现在有些人都不能覆盖了，再多增加负债，都不知道怎么过;-0.47866818085261276
-----;------;------;0.0;;-0.47866818085261276;0;1.0;34;1.419854939100292e-07;0.4000000283970988;0.6666667139951645
放开三胎了释放几个亿的适龄生育人口生育率暴涨了[泪][允悲];哈哈[二哈]你这话说的好听，老爷最爱听这样的话[吃瓜];-0.16609794174282877
-----;------;------;0.0;;-0.16609794174282877;0;1.0;32;1.3363340603296865e-07;0.4000000267266812;0.6666667112111353
辛苦姥爷了;姥爷说不辛苦，你多多辛苦[二哈][嘻嘻];0.9674092142399604
-----;------;------;0.0;0.9674092142399604;;0;1.0;432;1.8040509814450768e-06;0.4000003608101963;0.6666672680169937
3423/8482http://t.cn/A6O2WP4e;[咖啡];0.0277777777777779
3423/8482http://t.cn/A6O2WP4e;辛苦;0.6400000000000001
-----;------;------;0.3061111111111111;0.6400000000000001;;0;1.0;791;3.3032507553774438e-06;0.5224451050945955;0.8707418418243258
白总早[666];黄总早[赞];0.7862035091239614
-----;------;------;0.0;0.7862035091239614;;0;1.0;330;1.3780944997149892e-06;0.40000027561889995;0.6666671260314998
早安[太阳]周六愉快;早上好呀，我最爱的人💕;0.8772803554798811
-----;------;------;0.0;0.8772803554798811;;0;1.0;700;2.9232307569711893e-06;0.4000005846461514;0.6666676410769189
早上好呀[赢牛奶];早呀宝[心];0.6626916518060475
-----;------;------;0.0;0.6626916518060475;;0;1.0;14621;6.105793842525108e-05;0.4000122115876851;0.6666870193128084
早上好;早;0.04504504504504503
-----;------;------;0.0;0.04504504504504503;;0;1.0;262387;0.001095739640899142;0.40021914792817986;0.667031913213633
周六愉快[抱一抱];周末愉快;0.3546272886894861
-----;------;------;0.0;0.3546272886894861;;0;1.0;166899;0.0006969775572967635;0.4001393955114594;0.6668989925190989
周六愉快，开开心心[爱你];[心][心][心];0.9153097204935656
-----;------;------;0.0;0.9153097204935656;;0;1.0;90309;0.00037713435204473017;0.400075426870409;0.6667923781173482
中午好[心];午好呀;0.5486972293378238
-----;------;------;0.0;0.5486972293378238;;0;1.0;23104;9.648331915580337e-05;0.4000192966638312;0.6666988277730519
周末愉快[心];周末愉快;0.3546272886894861
-----;------;------;0.0;0.3546272886894861;;0;1.0;276983;0.0011566931782259298;0.4002313386356452;0.6670522310594086
[赞][赞][赞][赞];[作揖][作揖][作揖];-0.7299153395051479
-----;------;------;0.0;;-0.7299153395051479;0;1.0;276983;0.0011566931782259298;0.4002313386356452;0.6670522310594086
愿时光能缓，愿你笑靥如花💖;加油;0.8095238095238093
-----;------;------;0.0;0.8095238095238093;;0;1.0;12343;5.154491033327912e-05;0.4000103089820667;0.6666838483034444
周六愉快;[心][心][心];0.9153097204935656
-----;------;------;0.0;0.9153097204935656;;0;1.0;75665;0.0003159803646088929;0.4000631960729218;0.6667719934548696
早上好[鲜花]周末愉快[鲜花][鲜花][鲜花];周末愉快;0.3546272886894861
-----;------;------;0.0;0.3546272886894861;;0;1.0;41538;0.00017346451311867037;0.4000346929026238;0.6667244881710396
一直往前走，就能迎面撞上生活送来的糖，早安♥;🫶🫶🫶;0.0
-----;------;------;0.0;0.0;0.0;0;1.0;118935;0.0004966777858290977;0.40009933555716587;0.6668322259286097
清晨代表新的一天，又是美好的一天ヽ(°▽°)ノ✿;哎呀呀，小可爱加油哦！💪💪💪;0.9410441013366198
-----;------;------;0.0;0.9410441013366198;;0;1.0;2181;9.107951829934519e-06;0.400001821590366;0.6666697026506099
让自己忙一点，忙到没有时间去思考无关紧要的事，很多事就这样悄悄地淡忘了。时间不一定能证明很多东西，但是一定能看透很多东西。坚信自己的选择，不动摇，使劲跑，明天会更好。;🫶🫶🫶;0.0
-----;------;------;0.0;0.0;0.0;0;1.0;2181;9.107951829934519e-06;0.400001821590366;0.6666697026506099
早上好[七时吉祥][咖啡][心][鲜花]周末愉快[打call];悦儿早呀[微风];0.8272042115547096
-----;------;------;0.0;0.8272042115547096;;0;1.0;366;1.5284320815020788e-06;0.4000003056864163;0.666667176144027
周末愉快，感谢分享[心];🫶🫶🫶;0.0
-----;------;------;0.0;0.0;0.0;0;1.0;15820;6.606501510754888e-05;0.4000132130030215;0.666688688338369
早上好[嘻嘻];早呀;0.04504504504504503
-----;------;------;0.0;0.04504504504504503;;0;1.0;4911;2.0508551782122158e-05;0.40000410171035644;0.666673502850594
早上好;早呀美女;-0.2722070536059169
-----;------;------;0.0;;-0.2722070536059169;0;1.0;2168;9.053663258733625e-06;0.4000018107326518;0.6666696845544196
早安秦东[心]周六愉快;早呀，小仙女🌸;-0.054822803337524206
-----;------;------;0.0;;-0.054822803337524206;0;1.0;151596;0.0006330715569054349;0.40012661431138113;0.6668776905189685
道一声早安，给热爱生活的你！愿一切如愿以偿[鲜花];抱紧你，比心比心💕;0.23493154977434427
-----;------;------;0.0;0.23493154977434427;;0;1.0;151596;0.0006330715569054349;0.40012661431138113;0.6668776905189685
早上好;早☀️;-0.007438097127240306
-----;------;------;0.0;;-0.007438097127240306;0;1.0;21131;8.824398446508315e-05;0.40001764879689305;0.6666960813281549
早上好;早呀[心];0.5243731302301458
-----;------;------;0.0;0.5243731302301458;;0;1.0;45636;0.00019057794117876742;0.40003811558823577;0.6667301926470595
早安，周六愉快[鲜花];早安啊，又是美好一天的开始啦🌞;0.7615294621796556
-----;------;------;0.0;0.7615294621796556;;0;1.0;1358;5.671067668524107e-06;0.4000011342135337;0.6666685570225561
愿每一个醒来的日子，都有阳光相伴，或许在晴空，或许在心里;🫶🫶🫶;0.0
-----;------;------;0.0;0.0;0.0;0;1.0;10852;4.5318428820930495e-05;0.4000090636857642;0.6666817728096069
从今以后我只能称呼你为您了，因为，你在我心上。;今天也要充满爱心和正能量哦💖✨;0.9679770019945202
-----;------;------;0.0;0.9679770019945202;;0;1.0;17355;7.247524255319284e-05;0.40001449504851067;0.666690825080851
[心]┻┻︵⁞=༎ຶ﹏༎ຶ=⁞︵┻┻[鲜花]“第一眼惊艳，第二眼沦陷，第三眼不负遇见，你是我的温柔的归宿.”;[爱你][爱你][爱你];0.8904996738479007
-----;------;------;0.0;0.8904996738479007;;0;1.0;178869;0.0007469648032409709;0.4001493929606482;0.6669156549344136
愿每一个醒来的日子，都有阳光相伴，或许在晴空，或许在心里;加油💪;0.7906383344392383
-----;------;------;0.0;0.7906383344392383;;0;1.0;11173;4.665893892519871e-05;0.4000093317877851;0.6666822196463084
愿新一天的我们：知足且坚定，温柔且上进❤️;🫶🫶🫶;0.0
-----;------;------;0.0;0.0;0.0;0;1.0;12538;5.2359238901292525e-05;0.40001047184778027;0.6666841197463004
自己的命运从来都是掌握在自己的手中，好生活在于进取，也在于知足。做自己喜欢的事，才是人生的态度。;[爱你];0.49661016949152526
-----;------;------;0.0;0.49661016949152526;;0;1.0;18597;7.766188912484744e-05;0.400015532377825;0.6666925539630416
爱国、敬业、诚信、友善。善不可不弘，恶不可不去。善心人人有，快乐你我他。善念养善心，善心生善念。德不积不厚，善不行不成。人往高处走，善在心中留。至宝不常现，至善不常有。行莫于恭敬，善莫于用心。由善入恶易，由恶入善难。心中不可少善，行事不可无善。;🫶;0.0
-----;------;------;0.0;0.0;0.0;0;1.0;14019;5.854395997425586e-05;0.4000117087919949;0.6666861813199914
我忽然蹦蹦跳跳起来，一种解放的快乐，风似乎一经接触我身体即融化了。;[求饶][求饶][求饶];-0.2070192687772281
-----;------;------;0.0;;-0.2070192687772281;0;1.0;29785;0.0001243834687091241;0.40002487669374187;0.666708127822903
下午好[爱慕][爱慕];周末愉快;0.3546272886894861
-----;------;------;0.0;0.3546272886894861;;0;1.0;35008;0.0001461949462000677;0.40002923898924003;0.6667153983153999
有一个可以思念的人，就是幸福——《情书》岩井俊二;[心][心][心];0.9153097204935656
-----;------;------;0.0;0.9153097204935656;;0;1.0;14272;5.960049909070402e-05;0.4000119200998182;0.6666865334996969
人之初，性本善。上善若水，大爱无疆。慈心为民，善举济世。无缘大慈，同体大悲。众善奉行，诸恶莫做。慈善的行为比金钱更能解除别人的痛苦。怀有仁爱之心谓之慈，广行济困之举谓之善，慈善是仁德与善行的统一;优秀;0.7407407407407405
-----;------;------;0.0;0.7407407407407405;;0;1.0;10853;4.5322604864869025e-05;0.400009064520973;0.6666817742016216
善良是一种修养,善待他人就是善待自己,要想得到别人的爱,首先要学会爱别人,一个善良的人一定是温暖的人,乐于助人的人,懂得珍惜和感恩的人。;[爱你][爱你][爱你];0.8904996738479007
-----;------;------;0.0;0.8904996738479007;;0;1.0;13912;5.809712327283312e-05;0.4000116194246546;0.6666860323744241
感谢分享;[求饶][求饶][求饶];-0.2070192687772281
-----;------;------;0.0;;-0.2070192687772281;0;1.0;1476;6.163840853270679e-06;0.4000012327681707;0.6666687212802843
一笔一画描绘你的模样，一字一句诉说我的爱意.𝒟𝓇𝒶𝓌𝒶𝓅𝒾𝒸𝓉𝓊𝓇𝓮𝓸𝒻𝓎𝓸𝓊,𝒶𝓃𝒹𝓉𝓮𝓁𝓁𝓂𝓎𝓁𝓸𝓋𝓮𝓌𝓸𝓇𝒹𝒷𝓎𝓌𝓸𝓇𝒹.;优秀;0.7407407407407405
-----;------;------;0.0;0.7407407407407405;;0;1.0;236013;0.0009856006580643447;0.4001971201316129;0.6669952002193548
心中不可少善，行事不可无善。人前不为恶易，独处不为恶难。任性妄为是恶，行止有度是善。心存感恩之心，身行积德之善。从善者吾近之，从恶者吾远之。百年养善不足，一日毁之有余。行善助人是舍，心安积德是得。;加油💪;0.7906383344392383
-----;------;------;0.0;0.7906383344392383;;0;1.0;1219;5.0905975610683996e-06;0.4000010181195122;0.6666683635325202
周末老师愉快[心];周末愉快;0.3546272886894861
-----;------;------;0.0;0.3546272886894861;;0;1.0;139785;0.0005837483019474538;0.4001167496603895;0.6668612494339824
下午好[心];愿你有个美好的周末！🌞;0.6102119163681305
-----;------;------;0.0;0.6102119163681305;;0;1.0;831645;0.0034729860612590065;0.4006945972122518;0.6678243286870863
弹指一挥，人生苦短，终点不明沿途风景要好好看——许嵩《河山大好》;[爱你][爱你][爱你];0.8904996738479007
-----;------;------;0.0;0.8904996738479007;;0;1.0;339863;0.0014192828210807132;0.40028385656421617;0.6671397609403602
要等时间嘉许，等春风得意，我正好遇见你，然后余生都是你;fighting！不管多难都要坚持下去！;-0.10018983418225091
-----;------;------;0.0;;-0.10018983418225091;0;1.0;10526;4.395703849696962e-05;0.4000087914076994;0.6666813190128322
一笔一画描绘你的模样，一字一句诉说我的爱意.𝒟𝓇𝒶𝓌𝒶𝓅𝒾𝒸𝓉𝓊𝓇𝓮𝓸𝒻𝓎𝓸𝓊,𝒶𝓃𝒹𝓉𝓮𝓁𝓁𝓂𝓎𝓁𝓸𝓋𝓮𝓌𝓸𝓇𝒹𝒷𝓎𝓌𝓸𝓇𝒹.;[求饶][求饶][求饶];-0.2070192687772281
-----;------;------;0.0;;-0.2070192687772281;0;1.0;18252;7.622115396605449e-05;0.4000152442307932;0.6666920737179886
午安[打call];下午好[心];0.6797302254828639
-----;------;------;0.0;0.6797302254828639;;0;1.0;13231;5.5253237350694005e-05;0.40001105064747017;0.6666850844124502
周末愉快[害羞];愿你的周末充满欢笑和美好回忆😜;0.9985285896264737
-----;------;------;0.0;0.9985285896264737;;0;1.0;4065;1.697561861012555e-05;0.40000339512372207;0.6666723252062033
"能让别人快乐的人一定很善良;能让自己快乐的人一定很聪明";[爱你][爱你];0.7550354851400818
-----;------;------;0.0;0.7550354851400818;;0;1.0;30681;0.00012812520407804722;0.4000256250408156;0.666709375068026
下午好呀;周末到了，好好享受吧！🎉;0.6880078773275675
-----;------;------;0.0;0.6880078773275675;;0;1.0;51410;0.0002146904188798412;0.400042938083776;0.6667382301396265
心灵宁静，才能看到世间风景，浮华散尽，才懂岁月的深情。;[求饶][求饶][求饶];-0.2070192687772281
-----;------;------;0.0;;-0.2070192687772281;0;1.0;700133;0.002923786170815014;0.40058475723416304;0.6676412620569383
山茶花的红终究抵不过大海深处的群青𝓒𝓪𝓶𝓮𝓵𝓵𝓲𝓪𝓲𝓼𝓷𝓼𝓽𝓱𝓮𝓫𝓵𝓾𝓮𝓲𝓷𝓽𝓱𝓮𝓭𝓮𝓮𝓹𝓼𝓮𝓪;下午好[心];0.6797302254828639
-----;------;------;0.0;0.6797302254828639;;0;1.0;12687;5.298146944813354e-05;0.40001059629388963;0.6666843271564826
关注每日播报[握手][鲜花];[爱你][爱你][爱你];0.8904996738479007
-----;------;------;0.0;0.8904996738479007;;0;1.0;9709;4.0545210599190395e-05;0.40000810904211986;0.6666801817368664
时光流逝，讨厌的人会带着讨人厌的话离开，喜欢的人会带着美好的事到来。把目光放在远处，洒脱还给自己。忘掉路人，放过自己。;[求饶][求饶][求饶];-0.2070192687772281
-----;------;------;0.0;;-0.2070192687772281;0;1.0;15736;6.571422741671233e-05;0.40001314284548334;0.6666885714091388
中午好;下午好;0.2833635466977291
-----;------;------;0.0;0.2833635466977291;;0;1.0;11758;4.910192462923892e-05;0.4000098203849259;0.6666830339748764
山河远阔⛰，人间烟火🎆;[心][心][心];0.9153097204935656
-----;------;------;0.0;0.9153097204935656;;0;1.0;11982;5.00373584714697e-05;0.4000100074716943;0.6666833457861571
对未来的真正慷慨，是把一切献给现在;fighting！不管多难都要坚持下去！;-0.10018983418225091
-----;------;------;0.0;;-0.10018983418225091;0;1.0;15298;6.388512017163607e-05;0.40001277702403437;0.6666879617067238
baby你在做what，有没有eat饭，有没有miss我，反正我miss你了，能不能和我say会儿话。;[爱你][爱你];0.7550354851400818
-----;------;------;0.0;0.7550354851400818;;0;1.0;13028;5.4405500431172363e-05;0.40001088110008626;0.666684801833477
人生最好的状态，是每天醒来面朝阳光，嘴角上扬。不羡慕谁，不讨好谁，默默努力，活成自己想要的模样。;下午好;0.2833635466977291
-----;------;------;0.0;0.2833635466977291;;0;1.0;17931;7.488064386178628e-05;0.4000149761287724;0.6666916268812872
周末愉快[哈哈];愿你有个美好的周末！🌞;0.6102119163681305
-----;------;------;0.0;0.6102119163681305;;0;1.0;12055;5.034220967898241e-05;0.4000100684419358;0.6666834474032263
因为经常失眠熬夜，我的肝好像不太好，所以可以叫我小心肝吗？;[求饶][求饶][求饶];-0.2070192687772281
-----;------;------;0.0;;-0.2070192687772281;0;1.0;13913;5.810129931677165e-05;0.40001162025986337;0.6666860337664389
感谢分享，了解了;愿你有个美好的周末！🌞;0.6102119163681305
-----;------;------;0.0;0.6102119163681305;;0;1.0;238580;0.0009963205628545518;0.40019926411257095;0.6669987735209515
感谢分享，了解了;[心][心][心];0.9153097204935656
-----;------;------;0.0;0.9153097204935656;;0;1.0;67456;0.0002816992199174979;0.40005633984398353;0.6667605664066392
支持一下;[爱你][爱你][爱你];0.8904996738479007
-----;------;------;0.0;0.8904996738479007;;0;1.0;274951;0.0011482074569428363;0.40022964149138857;0.6670494024856475
中午好;下午好[求饶];0.2343825075515944
-----;------;------;0.0;0.2343825075515944;;0;1.0;274951;0.0011482074569428363;0.40022964149138857;0.6670494024856475
感谢分享;[爱你][爱你][爱你];0.8904996738479007
-----;------;------;0.0;0.8904996738479007;;0;1.0;270921;0.0011313779998705594;0.40022627559997415;0.6670437926666235
只把一件事做好，就是生活本初的节奏，再忙再累的日子都会云淡风轻，再苦再咸的生活都不值一提。这种无法放弃的力量就来自于内心。;[求饶][求饶][求饶];-0.2070192687772281
-----;------;------;0.0;;-0.2070192687772281;0;1.0;16940;7.074218431870278e-05;0.4000141484368638;0.6666902473947729
"“信仰照亮前方的路途，即使光微弱，也能指引方向”""𝑭𝒂𝒊𝒕𝒉𝒊𝒍𝒍𝒖𝒎𝒊𝒏𝒂𝒕𝒆𝒔𝒕𝒉𝒆𝒘𝒂𝒚𝒂𝒉𝒆𝒂𝒅,𝒆𝒗𝒆𝒏𝒊𝒇𝒕𝒉𝒆𝒍𝒊𝒈𝒉𝒕𝒊𝒔𝒘𝒆𝒂𝒌";愿你有个美好的周末！🌞;0.6102119163681305
-----;------;------;0.0;0.6102119163681305;;0;1.0;10845;4.528919651336078e-05;0.4000090578393027;0.6666817630655044
要等时间嘉许，等春风得意，我正好遇见你，然后余生都是你;[爱你][爱你][爱你];0.8904996738479007
-----;------;------;0.0;0.8904996738479007;;0;1.0;28239;0.0001179273047801563;0.40002358546095607;0.66670597576826
周末愉快朋友;愿你有个美好的周末！🌞;0.6102119163681305
-----;------;------;0.0;0.6102119163681305;;0;1.0;28004;0.00011694593445460168;0.40002338918689095;0.6667056486448182
早上好朋友;[心][心][心];0.9153097204935656
-----;------;------;0.0;0.9153097204935656;;0;1.0;28004;0.00011694593445460168;0.40002338918689095;0.6667056486448182
当你被糟糕的事物占据的腾不出身你根本没法腾出手去迎接更好地事物你现在觉得的不甘心当你放下再回头看真的不值一提甚至不想回忆及时止损是成年人最大的自律。;[求饶][求饶][求饶];-0.2070192687772281
-----;------;------;0.0;;-0.2070192687772281;0;1.0;12179;5.086003912736016e-05;0.4000101720078255;0.6666836200130424
早，[咖啡][咖啡]周末愉快;下午好[爱你];0.6547785862736639
-----;------;------;0.0;0.6547785862736639;;0;1.0;1588;6.631557774386069e-06;0.4000013263115549;0.6666688771859247
感谢博主分享;[心][心][心];0.9153097204935656
-----;------;------;0.0;0.9153097204935656;;0;1.0;20418;8.526646513691106e-05;0.4000170532930274;0.6666950888217122
早上好[努力][努力];下午好;0.2833635466977291
-----;------;------;0.0;0.2833635466977291;;0;1.0;19728;8.238499481932517e-05;0.40001647699896387;0.6666941283316064
周末好[赞];愿你有个美好的周末！🌞;0.6102119163681305
-----;------;------;0.0;0.6102119163681305;;0;1.0;8243;3.442313018530502e-05;0.40000688462603706;0.666678141043395
山河远阔⛰，人间烟火🎆;[爱你][爱你][爱你];0.8904996738479007
-----;------;------;0.0;0.8904996738479007;;0;1.0;12683;5.296476527237942e-05;0.4000105929530545;0.6666843215884241
很多时候不是命运的不幸，而是自己还不够努力。你越积极乐观、越是勇敢面对，好运就会来到。;[作揖][作揖][作揖];-0.7299153395051479
-----;------;------;0.0;;-0.7299153395051479;0;1.0;14351;5.9930406561847905e-05;0.4000119860813124;0.6666866434688539
人往前走，苦才会退后;愿你有个美好的周末！🌞;0.6102119163681305
-----;------;------;0.0;0.6102119163681305;;0;1.0;239553;0.0010003838536067418;0.4002000767707214;0.6670001279512022
我们终将上岸阳光万里;[求饶][求饶][求饶];-0.2070192687772281
-----;------;------;0.0;;-0.2070192687772281;0;1.0;239553;0.0010003838536067418;0.4002000767707214;0.6670001279512022
早安[抱一抱];下午好🌹;0.2343825075515944
-----;------;------;0.0;0.2343825075515944;;0;1.0;40137;0.00016761387556078945;0.40003352277511217;0.6667225379585202
上午好;下午好呀;0.2833635466977291
-----;------;------;0.0;0.2833635466977291;;0;1.0;26431;0.00011037701733929358;0.4000220754034679;0.6667034590057798
只把一件事做好，就是生活本初的节奏，再忙再累的日子都会云淡风轻，再苦再咸的生活都不值一提。这种无法放弃的力量就来自于内心。;加油💪;0.7906383344392383
-----;------;------;0.0;0.7906383344392383;;0;1.0;25695;0.00010730344900053529;0.40002146068980016;0.6667024344830002
愿新一天的我们：知足且坚定，温柔且上进❤️;[心][心][心];0.9153097204935656
-----;------;------;0.0;0.9153097204935656;;0;1.0;14657;6.120827600703818e-05;0.40001224165520144;0.6666870694253356
人人都有梦想，努力就会绽放;🫶🫶🫶;0.0
-----;------;------;0.0;0.0;0.0;0;1.0;262387;0.001095739640899142;0.40021914792817986;0.667031913213633
一笔一画描绘你的模样，一字一句诉说我的爱意.𝒟𝓇𝒶𝓌𝒶𝓅𝒾𝒸𝓉𝓊𝓇𝓮𝓸𝒻𝓎𝓸𝓊,𝒶𝓃𝒹𝓉𝓮𝓁𝓁𝓂𝓎𝓁𝓸𝓋𝓮𝓌𝓸𝓇𝒹𝒷𝓎𝓌𝓸𝓇𝒹.;[爱你][爱你][爱你];0.8904996738479007
-----;------;------;0.0;0.8904996738479007;;0;1.0;14120;5.896574041204742e-05;0.40001179314808244;0.6666863219134707
𝐄𝐦𝐛𝐫𝐚𝐜𝐞𝐲𝐨𝐮𝐨𝐯𝐞𝐫𝐭𝐡𝐨𝐮𝐬𝐚𝐧𝐝𝐬𝐨𝐟𝐛𝐞𝐚𝐮𝐭𝐢𝐟𝐮𝐥𝐭𝐡𝐢𝐧𝐠𝐬.“越过万千美好去拥抱你”;下午好[心];0.6797302254828639
-----;------;------;0.0;0.6797302254828639;;0;1.0;20586;8.596804051858415e-05;0.4000171936081037;0.6666953226801727
我们朝夕相伴，你是我人间的糖——大柠;🫶🫶🫶;0.0
-----;------;------;0.0;0.0;0.0;0;1.0;13557;5.661462767465487e-05;0.40001132292553493;0.6666855382092248
等苦尽甘来的那一天，山河星月都做贺礼⛰;[心][心][心];0.9153097204935656
-----;------;------;0.0;0.9153097204935656;;0;1.0;52305;0.00021842797820482578;0.40004368559564096;0.6667394759927349
早安早安;下午好哦！(✿◡‿◡);0.2343825075515944
-----;------;------;0.0;0.2343825075515944;;0;1.0;211862;0.0008847450209049001;0.400176949004181;0.6669615816736348
早，周末愉快;美妈好呀✧٩(ˊωˋ*)و✧;0.21406535621404177
-----;------;------;0.0;0.21406535621404177;;0;1.0;67456;0.0002816992199174979;0.40005633984398353;0.6667605664066392
早上好;早呀美女;-0.2722070536059169
-----;------;------;0.0;;-0.2722070536059169;0;1.0;164243;0.0006858859845960272;0.4001371771969192;0.6668952953281986
把宇宙的星辰和月光，都摘下来放进你的口袋里;[爱你][爱你][爱你];0.8904996738479007
-----;------;------;0.0;0.8904996738479007;;0;1.0;14132;5.901585293930978e-05;0.4000118031705879;0.6666863386176464
早安啊秦老师过个愉快的周末哦[抱一抱];早呀，小仙女🌸;-0.054822803337524206
-----;------;------;0.0;;-0.054822803337524206;0;1.0;264773;0.0011057036817364752;0.4002211407363473;0.6670352345605787
[打call][打call][打call];[微风][微风][微风];0.14457957392302645
-----;------;------;0.0;0.14457957392302645;;0;1.0;561622;0.0023453581488452474;0.4004690716297691;0.6674484527162817
早上好，我想把清晨的第一缕阳光送给你;早上好呀，我最爱的人💕;0.8772803554798811
-----;------;------;0.0;0.8772803554798811;;0;1.0;440629;0.0018400860645906545;0.40036801721291815;0.6672800286881968
早安，周末愉快;早上好，雨天快乐[求饶];0.6536389270112648
-----;------;------;0.0;0.6536389270112648;;0;1.0;52738;0.00022023620523020938;0.4000440472410461;0.6667400787350767
早呀早呀[彩虹屁];早☀️;-0.007438097127240306
-----;------;------;0.0;;-0.007438097127240306;0;1.0;10726;4.479224728467568e-05;0.40000895844945694;0.6666815974157615
"行善如春园之草，不见其长，日有所增;行恶如磨刀之石，不见其消，日有所损。――清金兰生《格言联璧》";[心][心][心];0.9153097204935656
-----;------;------;0.0;0.9153097204935656;;0;1.0;16237;6.7806425429916e-05;0.40001356128508603;0.6666892688084766
早上好[心];早安啊，又是美好一天的开始啦🌞;0.7615294621796556
-----;------;------;0.0;0.7615294621796556;;0;1.0;1834;7.658864583264516e-06;0.4000015317729167;0.6666692196215277
早安[心]周末愉快;周六愉快;0.06683239996510637
-----;------;------;0.0;0.06683239996510637;;0;1.0;15453;6.453240698210826e-05;0.4000129064813964;0.6666881774689939
早安，周六愉快[鼓掌];周六愉快[爱你][爱你][爱你];0.8934463904604688
-----;------;------;0.0;0.8934463904604688;;0;1.0;17226;7.193653288512243e-05;0.40001438730657707;0.6666906455109617
每天签个到，相互问声好！☘️☘️🎈☘️☘️🎈☘️☘️🎈☘️☘️🎈☘️☘️☘️☘️🎈☘️☘️🎈☘️☘️🎈☘️☘️🎈☘️☘️🎈;老张周末愉快;0.3078902449388379
-----;------;------;0.0;0.3078902449388379;;0;1.0;821921;0.0034323782100007384;0.40068647564200016;0.6678107927366669
早安周末愉快[心][心];早呀宝[微风];0.3152451608504343
-----;------;------;0.0;0.3152451608504343;;0;1.0;510787;0.002133068955230061;0.40042661379104605;0.6673776896517433
早安，周六愉快;[求饶][求饶][求饶];-0.2070192687772281
-----;------;------;0.0;;-0.2070192687772281;0;1.0;16467;6.876691553577797e-05;0.4000137533831072;0.6666895889718452
周末愉快;周末愉快;0.3546272886894861
-----;------;------;0.0;0.3546272886894861;;0;1.0;69007;0.0002881762640661584;0.40005763525281324;0.6667627254213553
早上好[鲜花]周六愉快;早呀邻居;0.6961867159611705
-----;------;------;0.0;0.6961867159611705;;0;1.0;24407;0.0001019247044077083;0.40002038494088155;0.6667006415681358
不要再来台风了，烦得很;是呀[允悲];0.9459634540755057
-----;------;------;0.0;0.9459634540755057;;0;1.0;7134;2.9791897457474946e-05;0.40000595837949154;0.6666765972991525
早上好[鲜花]周末愉快;早呀邻居[爱你][爱你][爱你];0.977215536121451
-----;------;------;0.0;0.977215536121451;;0;1.0;196;8.18504611951933e-07;0.4000001637009224;0.6666669395015372
你像夏至的分界线，是我一生里最长的那个白天;早呀[爱你];0.4909856923396052
-----;------;------;0.0;0.4909856923396052;;0;1.0;32443;0.00013548339349773756;0.40002709667869957;0.6667118277978326
早上好[送花花];早[心];0.5243731302301458
-----;------;------;0.0;0.5243731302301458;;0;1.0;2619;1.0937059075010778e-05;0.40000218741181504;0.666670312353025
早安[心]周末愉快[太阳][太阳];早安啊，又是美好一天的开始啦🌞;0.7615294621796556
-----;------;------;0.0;0.7615294621796556;;0;1.0;2102;8.778044358790629e-06;0.4000017556088718;0.6666695926814529
早安;早呀美宝[爱你];0.9215336295581609
-----;------;------;0.0;0.9215336295581609;;0;1.0;139539;0.0005827209951385754;0.40011654419902776;0.6668609069983795
早安[七时吉祥]周末愉快！;暖暖宝早呀;-0.007438097127240306
-----;------;------;0.0;;-0.007438097127240306;0;1.0;107735;0.00044990609371755864;0.4000899812187435;0.6668166353645724
早安☀️;早呀☀️;-0.007438097127240306
-----;------;------;0.0;;-0.007438097127240306;0;1.0;10633;4.4403875198392364e-05;0.4000088807750397;0.6666814679583994
早上好[赢牛奶];[心][心][心];0.9153097204935656
-----;------;------;0.0;0.9153097204935656;;0;1.0;1834;7.658864583264516e-06;0.4000015317729167;0.6666692196215277
📝ᵕ̈ᴹᴼᴿᴺᴵᴺᴳ🔆ᵕ̈ᵕ̈生活能治愈的🐱是愿意变好起来的人💛;早呀美宝;0.8029360190590664
-----;------;------;0.0;0.8029360190590664;;0;1.0;3486;1.4557689169716522e-05;0.40000291153783396;0.6666715192297231
早安资讯早知道;[求饶][求饶][求饶];-0.2070192687772281
-----;------;------;0.0;;-0.2070192687772281;0;1.0;167801;0.0007007443489293178;0.4001401488697859;0.6669002481163097
早上好呀;早呀☀️;-0.007438097127240306
-----;------;------;0.0;;-0.007438097127240306;0;1.0;11849;4.948194462764517e-05;0.40000989638892553;0.6666831606482091
早安啊[打call][打call][打call];早安呀☀️☀️☀️;0.4945263755827818
-----;------;------;0.0;0.4945263755827818;;0;1.0;5337;2.2287546499936053e-05;0.4000044575093;0.6666740958488333
早安[送花花];早呀☀️;-0.007438097127240306
-----;------;------;0.0;;-0.007438097127240306;0;1.0;16382;6.841195180100289e-05;0.4000136823903602;0.6666894706506002
早安;早呀美宝[爱你];0.9215336295581609
-----;------;------;0.0;0.9215336295581609;;0;1.0;14914;6.228151929924045e-05;0.4000124563038599;0.6666874271730997
早上好[送花花]周六愉快;周六愉快;0.06683239996510637
-----;------;------;0.0;0.06683239996510637;;0;1.0;448;1.870867684461561e-06;0.4000003741735369;0.6666672902892281
不错不错;🫶🫶🫶;0.0
-----;------;------;0.0;0.0;0.0;0;1.0;27849;0.00011629864764412949;0.40002325972952885;0.666705432882548
星光不问赶路人，时光不负有心人~;加油;0.8095238095238093
-----;------;------;0.0;0.8095238095238093;;0;1.0;563;2.3511127373925423e-06;0.4000004702225475;0.6666674503709124
早安[锦鲤附体];哎呀，早呀！👋;-0.007438097127240306
-----;------;------;0.0;;-0.007438097127240306;0;1.0;176653;0.0007377106898731878;0.40014754213797465;0.6669125702299576
早安[鲜花];紫宝儿早呀;-0.7750716545949403
-----;------;------;0.0;;-0.7750716545949403;0;1.0;14658;6.12124520509767e-05;0.40001224249041023;0.6666870708173502
早上好;早;0.04504504504504503
-----;------;------;0.0;0.04504504504504503;;0;1.0;30614;0.0001278454091341657;0.40002556908182685;0.6667092818030447
我在刷你评论，看综艺;🫶🫶🫶;0.0
-----;------;------;0.0;0.0;0.0;0;1.0;1196999;0.004998720418376795;0.4009997440836754;0.6683329068061256
你太甜了吧;爱你小可爱[心];0.9420587443490755
-----;------;------;0.0;0.9420587443490755;;0;1.0;1196999;0.004998720418376795;0.4009997440836754;0.6683329068061256
早上好啊;早上好，起的真早啊！👀;-0.0254490022365228
-----;------;------;0.0;;-0.0254490022365228;0;1.0;142950;0.0005969654810129021;0.4001193930962026;0.6668656551603376
每个人都有自己的选择，没什么对不对的，随心而行，开心就好。;[求饶][求饶][求饶];-0.2070192687772281
-----;------;------;0.0;;-0.2070192687772281;0;1.0;89806;0.00037503380194364944;0.40007500676038876;0.6667916779339812
真正的修行是红尘炼心;下午好[爱你];0.6547785862736639
-----;------;------;0.0;0.6547785862736639;;0;1.0;8884;3.709997434990292e-05;0.40000741999487;0.6666790333247832
你是春天的涓涓溪水，缓缓而温柔，是纷乱世界里唯一的安慰，是众生皆苦里的蜜糖;[求饶][求饶][求饶];-0.2070192687772281
-----;------;------;0.0;;-0.2070192687772281;0;1.0;89806;0.00037503380194364944;0.40007500676038876;0.6667916779339812
感谢分享，周末愉快[鲜花];六月好呀;-0.2723166033475073
-----;------;------;0.0;;-0.2723166033475073;0;1.0;1031;4.3055013006247086e-06;0.4000008611002602;0.6666681018337669
早啊[哈哈];早呀;0.04504504504504503
-----;------;------;0.0;0.04504504504504503;;0;1.0;270;1.127531863403173e-06;0.4000002255063727;0.666667042510621
早安，轻轻的问候，深深的祝福;[求饶][求饶][求饶];-0.2070192687772281
-----;------;------;0.0;;-0.2070192687772281;0;1.0;10241;4.27668659744885e-05;0.4000085533731949;0.666680922288658
想追求什么，就去努力吧。早安～;早呀☀️;-0.007438097127240306
-----;------;------;0.0;;-0.007438097127240306;0;1.0;162764;0.0006797096156109409;0.4001359419231222;0.6668932365385368
“”认房不认贷”怎么理解？;回复@秦东记:谢谢回复[咖啡];-0.48895743331931873
“”认房不认贷”怎么理解？;是不是房子烂尾了就可以不用还贷款了[允悲][允悲][允悲];0.9986340233670425
-----;------;------;0.7437957283431806;0.9986340233670425;-0.48895743331931873;1.4875914566863613;0.25620427165681936;48;2.0045010904945298e-07;0.4000000400900218;0.6666667334833696
我们日行一善，并不是放下手中的一切事情，刻意地去做好事，而是带着善心，给需帮助的人做力所能及的事。;[心][心][心];0.9153097204935656
-----;------;------;0.0;0.9153097204935656;;0;1.0;15492;6.469527269571095e-05;0.40001293905453916;0.6666882317575652
要记得，生命极短。短到，用来做自己喜欢的事情，都不够；更不要说用来犹豫，以及妥协——尤其是，妥协给那些——你自己都清楚“这只是妥协”的东西。;周末愉快;0.3546272886894861
-----;------;------;0.0;0.3546272886894861;;0;1.0;13932;5.818064415160372e-05;0.40001163612883034;0.6666860602147171
心里有小不安的话，请一定找人聊一聊。说出来，心里就会轻松一点儿。——比留间荣子;下午好[爱你];0.6547785862736639
-----;------;------;0.0;0.6547785862736639;;0;1.0;11948;4.989537297755967e-05;0.4000099790745955;0.6666832984576591
早上好[心];早呀[求饶];-0.007438097127240306
-----;------;------;0.0;;-0.007438097127240306;0;1.0;17;7.09927469550146e-08;0.4000000141985494;0.6666666903309156
不乱于心，不困于情，不畏将来，不念过往，如此，安好。;冲鸭！🚀🚀🚀加油！;0.534889552943381
-----;------;------;0.0;0.534889552943381;;0;1.0;447953;0.00187067141039645;0.4003741342820793;0.6672902238034654
见面时我们的呐喊声定能响彻整片海;[心][心][心];0.9153097204935656
-----;------;------;0.0;0.9153097204935656;;0;1.0;196335;0.0008199035866713406;0.4001639807173343;0.6669399678622236
细数此生的最美好，是我来时，恰逢你到——张皓宸;周末愉快[求饶];0.3078902449388379
-----;------;------;0.0;0.3078902449388379;;0;1.0;166814;0.0006966225935619884;0.4001393245187124;0.666898874197854
愿你被很多人爱，如果没有，愿你在寂寞中学会宽容;下午好哦！(✿◡‿◡);0.2343825075515944
-----;------;------;0.0;0.2343825075515944;;0;1.0;11465;4.787834375524955e-05;0.40000957566875106;0.666682626114585
有些压力总是得自己扛过去，说出来就成了充满负能量的抱怨。寻求安慰也无济于事，还徒增了别人的烦恼。而当你独自走过艰难险阻，一定会感激当初一声不吭咬牙坚持着的自己。早安;加油💪;0.7906383344392383
-----;------;------;0.0;0.7906383344392383;;0;1.0;23345;9.748974574498916e-05;0.40001949794914904;0.6666991632485816
人有善念，天必佑之，福禄随之，众神卫之，众邪远之，众人成之。善念是一粒种，善行是一朵花，善报是一枚果。每个人降生的时候，都怀揣着善的种子。有人选择丢弃它，逐渐走向邪恶。有人选择培育它，自然开花结果。善心如花开，福报如泉涌。;下午好;0.2833635466977291
-----;------;------;0.0;0.2833635466977291;;0;1.0;15023;6.273670808854025e-05;0.40001254734161773;0.6666875789026961
传承中华美德，培养民族精神，是全面建设小康社会，开创中国特色社会主义事业新局面的时代要求，是建设社会主义先进文化的重要方面。按照传统道德基本内容，把传统美德分为爱国、明智、持节、自强、诚信、知耻、改过、厚仁、贵和、敦亲、重义、尚勇。;🫶🫶🫶;0.0
-----;------;------;0.0;0.0;0.0;0;1.0;12856;5.368722087374515e-05;0.40001073744417476;0.6666845624069578
踮起脚会缩短爱的距离，这样会不稳定；弯下腰获取平和，这样会很累；平视周围的景色吧，寻找美好，制造快乐，这，就是你的世界。;[爱你][爱你][爱你];0.8904996738479007
-----;------;------;0.0;0.8904996738479007;;0;1.0;8226;3.435213743835e-05;0.40000687042748767;0.6666781173791461
给你讲个故事，这故事很长，所以我长话短说，我想你了。;🫶🫶🫶;0.0
-----;------;------;0.0;0.0;0.0;0;1.0;181096;0.0007562648530920779;0.40015125297061843;0.6669187549510306
"“你独占我的春，也融入我的四季”""𝓨𝓸𝓾𝓶𝓸𝓹𝓻𝓲𝓷𝓰𝓪𝓷𝓭𝓫𝓵𝓮𝓷𝓭𝓲𝓷𝓽𝓸𝓶𝔂𝓯𝓸𝓾𝓻𝓼𝓮𝓪𝓼𝓸𝓷𝓼.""";下午好;0.2833635466977291
-----;------;------;0.0;0.2833635466977291;;0;1.0;202050;0.0008437696777800411;0.400168753935556;0.6669479232259266
书生官家不可为恶，因其为世间之公道良心，若其善心不存，则无道矣。;早呀☀️;-0.007438097127240306
-----;------;------;0.0;;-0.007438097127240306;0;1.0;17063;7.1255837723142e-05;0.40001425116754463;0.6666904186125743
人生海海，总要允许有人错过你，才能赶上最好的相遇——张皓宸;🫶🫶🫶;0.0
-----;------;------;0.0;0.0;0.0;0;1.0;13174;5.501520284619778e-05;0.40001100304056925;0.6666850050676153
我一直以为人是慢慢变老的。其实不是，人是一瞬间变老的可爱不是长久之计，可爱我是长久之计呀~相对于别人，我更喜欢你。这就是相对论。​​​我一直以为我是世界上最美的女生，直到遇见你，才知道是我们;冲鸭！🚀🚀🚀加油！;0.534889552943381
-----;------;------;0.0;0.534889552943381;;0;1.0;18265;7.627544253725539e-05;0.4000152550885075;0.6666920918141791
ᴬⁿʸʷᵃʸ,ⁱᵗ'ˢᵃˡᵒⁿᵍᵗⁱᵐᵉ,ᵇᵘᵗⁱᵗ'ˢʷᵒʳᵗʰᵗʰᵉʷᵃⁱᵗ.总之岁月漫长，然而值得等待;早上好呀，今天心情如何？😊;-0.037536451136217286
-----;------;------;0.0;;-0.037536451136217286;0;1.0;20061;8.377561745085575e-05;0.4000167551234902;0.6666945918724836
台风的到来将使核污水扩散更远;最好在帝国不出来[允悲];0.9466824797134503
-----;------;------;0.0;0.9466824797134503;;0;1.0;3;1.2528131815590811e-08;0.4000000025056264;0.6666666708427106
人间美好大概就是：傍晚的日落和柔情的你;加油;0.8095238095238093
-----;------;------;0.0;0.8095238095238093;;0;1.0;13183;5.5052787241644555e-05;0.40001101055744837;0.6666850175957472
你就是盛开着的，漫山遍野的温柔[一起吃糖];[心][心][心];0.9153097204935656
-----;------;------;0.0;0.9153097204935656;;0;1.0;3509;1.4653738180302719e-05;0.4000029307476361;0.66667155124606
“我将告别黄昏，挣脱藏身的黑暗，向你的光里坠落”;[作揖][作揖][作揖];-0.7299153395051479
-----;------;------;0.0;;-0.7299153395051479;0;1.0;20394;8.516624008238633e-05;0.4000170332480165;0.6666950554133607
很全面哦;必须哦;0.052465563615616606
-----;------;------;0.0;0.052465563615616606;;0;1.0;54037;0.0002256608863063602;0.4000451321772613;0.666741886962102
“青春的风放肆的吹着记忆中的他却各外明亮”;[爱你][爱你][爱你];0.8904996738479007
-----;------;------;0.0;0.8904996738479007;;0;1.0;16517;6.897571773270447e-05;0.40001379514354657;0.6666896585725776
你的出现成为我永恒的救赎。;[求饶][求饶][求饶];-0.2070192687772281
-----;------;------;0.0;;-0.2070192687772281;0;1.0;11798;4.9268966386780125e-05;0.40000985379327736;0.6666830896554622
喜欢鲜花，喜欢浪漫的话，喜欢一切细碎的仪式感，喜欢你。;🫶🫶🫶;0.0
-----;------;------;0.0;0.0;0.0;0;1.0;12322;5.145721341056999e-05;0.40001029144268213;0.6666838190711368
Aroundthegalaxy,therearenobrighterstarsthanyou“环游遍了整个星系，找不到比你更亮的星星✨”;[作揖][作揖][作揖];-0.7299153395051479
-----;------;------;0.0;;-0.7299153395051479;0;1.0;28684;0.00011978564433280227;0.40002395712886657;0.6667065952147775
下午好;下午好🌹;0.2343825075515944
-----;------;------;0.0;0.2343825075515944;;0;1.0;3178;1.3271467636649199e-05;0.4000026542935273;0.6666710904892121
在人生的旅程中，每个人的生活都离不开别人的帮助，因为自然界的任何事物都是一个普遍联系的整体，没有谁能够脱离周围的事物而孤立地存在，但在接受别人帮助的同时，我们也要学会去帮助别人;下午好🌹🌹🌹;0.2343825075515944
-----;------;------;0.0;0.2343825075515944;;0;1.0;39690;0.00016574718392026644;0.4000331494367841;0.6667219157279733
在最平凡的生活里，谦卑和努力。总有一天，你会站在最亮的地方，活成自己曾经渴望的模样。;🫶;0.0
-----;------;------;0.0;0.0;0.0;0;1.0;13343;5.5720954271809395e-05;0.4000111441908544;0.6666852403180905
早上好呀[嘻嘻][嘻嘻];早呀☀️;-0.007438097127240306
-----;------;------;0.0;;-0.007438097127240306;0;1.0;1344;5.612603053384683e-06;0.4000011225206107;0.6666685375343511
早上好;周末愉快;0.3546272886894861
-----;------;------;0.0;0.3546272886894861;;0;1.0;12173;5.083498286372898e-05;0.40001016699657277;0.6666836116609545
吃别人所不能吃的苦，忍别人所不能忍的气，做别人所不能做的事，就能享受别人所不能享受的一切。;早呀邻居;0.6961867159611705
-----;------;------;0.0;0.6961867159611705;;0;1.0;12945;5.405888878427435e-05;0.4000108117777569;0.6666846862962613
感谢分享[鲜花];抱紧你，比心比心💕;0.23493154977434427
-----;------;------;0.0;0.23493154977434427;;0;1.0;45512;0.00019006011173038965;0.4000380120223461;0.6667300200372435
周末愉快[心];周末愉快;0.3546272886894861
-----;------;------;0.0;0.3546272886894861;;0;1.0;45512;0.00019006011173038965;0.4000380120223461;0.6667300200372435
早上好呀[鲜花];[爱你][爱你][爱你];0.8904996738479007
-----;------;------;0.0;0.8904996738479007;;0;1.0;45512;0.00019006011173038965;0.4000380120223461;0.6667300200372435
周六快乐;周末愉快[求饶];0.3078902449388379
-----;------;------;0.0;0.3078902449388379;;0;1.0;26401;0.00011025173602113766;0.4000220503472042;0.6667034172453403
🥂不管前方的路有多苦，只要走的方向正确，不管多么崎岖不平，都比站在原地更接近幸福。--宫崎骏«千与千寻»;早呀邻居😊;0.6681249703867789
-----;------;------;0.0;0.6681249703867789;;0;1.0;30926;0.00012914833484298715;0.40002582966696865;0.6667097161116143
周六愉快[太开心];周六愉快[心][心];0.7965026955742387
-----;------;------;0.0;0.7965026955742387;;0;1.0;10779;4.501357761341778e-05;0.4000090027155227;0.6666816711925377
早安[打call];❤️一直陪伴你;0.9285943578112412
-----;------;------;0.0;0.9285943578112412;;0;1.0;10779;4.501357761341778e-05;0.4000090027155227;0.6666816711925377
“你是远方的太阳，虽远却充满光芒”𝐘𝐨𝐮𝐚𝐫𝐞𝐭𝐡𝐞𝐝𝐢𝐬𝐭𝐚𝐧𝐭𝐬𝐮𝐧,𝐟𝐚𝐫𝐚𝐰𝐚𝐲𝐛𝐮𝐭𝐟𝐮𝐥𝐥𝐨𝐟𝐥𝐢𝐠𝐡𝐭.;早呀;0.04504504504504503
-----;------;------;0.0;0.04504504504504503;;0;1.0;35654;0.00014889267058435825;0.4000297785341169;0.6667162975568615
早安[666];早☀️;-0.007438097127240306
-----;------;------;0.0;;-0.007438097127240306;0;1.0;85872;0.00035860524508947135;0.4000717210490179;0.666786201748363
谢谢分享！[赞]早安，周末快乐！[七时吉祥];周末愉快;0.3546272886894861
-----;------;------;0.0;0.3546272886894861;;0;1.0;14495;6.053175688899627e-05;0.4000121063513778;0.6666868439189629
早上好[抱一抱];早呀美女;-0.2722070536059169
-----;------;------;0.0;;-0.2722070536059169;0;1.0;2300;9.604901058619621e-06;0.40000192098021176;0.6666698683003528
早安[心]周六愉快。;早呀！;0.04504504504504503
-----;------;------;0.0;0.04504504504504503;;0;1.0;2996;1.251142763983669e-05;0.40000250228552797;0.6666708371425465
怀着乐观和积极的心态，把握好与人交往的分寸，让自己成为一个使他人快乐的人，让自己快乐心成为阳光般的能源，去辐射他人，温暖他人，让家人朋友乃至于更广阔的社会，从自己身上获得一点欣慰的理由。;加油邻居;0.9595682978720574
-----;------;------;0.0;0.9595682978720574;;0;1.0;11103;4.636661584950159e-05;0.40000927332316993;0.6666821222052831
早安[打call];早呀宝;0.2545956416555881
-----;------;------;0.0;0.2545956416555881;;0;1.0;11716;4.892653078382065e-05;0.4000097853061568;0.6666829755102612
太棒了吧，感谢分享;[爱你][爱你][爱你];0.8904996738479007
-----;------;------;0.0;0.8904996738479007;;0;1.0;113859;0.00047548018679711805;0.40009509603735943;0.6668251600622657
太棒了吧，感谢分享;哎呀，早呀！👋;-0.007438097127240306
-----;------;------;0.0;;-0.007438097127240306;0;1.0;106242;0.000443671260117333;0.4000887342520235;0.6668145570867058
早上好[羞嗒嗒][羞嗒嗒];早呀☀️🌹;-0.007438097127240306
-----;------;------;0.0;;-0.007438097127240306;0;1.0;11698;4.88513619929271e-05;0.4000097702723986;0.6666829504539975
年年月月，热爱可抵岁月漫长;[求饶][求饶][求饶];-0.2070192687772281
-----;------;------;0.0;;-0.2070192687772281;0;1.0;8278;3.4569291723153576e-05;0.40000691385834464;0.6666781897639076
ᵕ̈ᴹᴼᴿᴺᴵᴺᴳ🌼ᵕ̈🌼赖床是对周末的基本尊重;雨天快乐;0.6966374181577104
-----;------;------;0.0;0.6966374181577104;;0;1.0;10570;4.414078443026495e-05;0.4000088281568861;0.6666813802614767
不管前方的路有多苦，只要走的方向正确，不管多么崎岖不平，都比站在原地接近幸福;早呀邻居;0.6961867159611705
-----;------;------;0.0;0.6961867159611705;;0;1.0;11194;4.6746635847907844e-05;0.4000093493271696;0.6666822488786158
早安，轻轻的问候，深深的祝福;早呀[心][心][心];0.9140949302858683
-----;------;------;0.0;0.9140949302858683;;0;1.0;51608;0.0002155172755796702;0.40004310345511596;0.6667385057585264
今天我去跑步了，你知道我跑了多远吗？我跑了一个爱你的形状💗;早呀[爱你][爱你];0.7518196275455042
-----;------;------;0.0;0.7518196275455042;;0;1.0;11114;4.641255233282542e-05;0.4000092825104666;0.6666821375174442
秦老师早安，周末愉快;周末愉快;0.3546272886894861
-----;------;------;0.0;0.3546272886894861;;0;1.0;11114;4.641255233282542e-05;0.4000092825104666;0.6666821375174442
人生如路，要有耐心。走着走着，便会出现繁华的风景。早上好[心];早呀宝;0.2545956416555881
-----;------;------;0.0;0.2545956416555881;;0;1.0;18133;7.572420473736939e-05;0.4000151448409475;0.6666919080682457
阳光，不只是来自太阳，它来自我们的内心，心里有阳光才能照亮生活。;周末愉快;0.3546272886894861
-----;------;------;0.0;0.3546272886894861;;0;1.0;662721;0.0027675520149867193;0.40055351040299736;0.6675891840049955
生活不是我们活过的日子，而是我们记住的日子，我们为了讲述而在记忆中重现的日子。（from《活着为了讲述》）;[作揖][作揖][作揖];-0.7299153395051479
-----;------;------;0.0;;-0.7299153395051479;0;1.0;40022;0.00016713363050785846;0.4000334267261016;0.6667223778768359
眼睛追逐文字追得累了，便合起书放在膝头，仰起脸，侧耳倾听涛声雨声风声;[求饶][求饶][求饶];-0.2070192687772281
-----;------;------;0.0;;-0.2070192687772281;0;1.0;126937;0.0005300944894252169;0.40010601889788505;0.6668433648298083
这个世纪疯狂，没人性，腐败。你却一直清醒，温柔，一尘不染。——弗朗索瓦丝・萨冈;[爱你][爱你][爱你];0.8904996738479007
-----;------;------;0.0;0.8904996738479007;;0;1.0;11653;4.866344001569324e-05;0.40000973268800316;0.6666828878133385
薰衣草的花语是等待爱情那我的初衷是我等待你𝓉𝒽ℯ𝒻𝓁ℴ𝓌ℯ𝓇𝓁𝒶𝓃ℊ𝓊𝒶ℊℯℴ𝒻𝓁𝒶𝓋ℯ𝓃𝒹ℯ𝓇𝒾𝓈𝓉ℴ𝓌𝒶𝒾𝓉𝒻ℴ𝓇𝓁ℴ𝓋ℯ;❤️❤️❤️;0.0
-----;------;------;0.0;0.0;0.0;0;1.0;21539;8.994781039200349e-05;0.4000179895620784;0.6666966492701306
他一噘嘴是春柳暗恼，一低眉是湖心微扫，道只道，千般懊怨春日好。;[爱你][爱你][爱你];0.8904996738479007
-----;------;------;0.0;0.8904996738479007;;0;1.0;30291;0.0001264965469420204;0.4000252993093884;0.6667088321823139
阳光，是前行的火，点亮我们前行的灯；阳光，是前行的灯，照亮我们前行的路，拥有阳光，帮助我们驶向成功的码头。;下午好;0.2833635466977291
-----;------;------;0.0;0.2833635466977291;;0;1.0;14849;6.201007644323599e-05;0.40001240201528865;0.6666873366921476
“我在黄昏上写了一封书信载着日落的余晖和银河的浪漫寄给了属于温柔本身”;[心][心][心];0.9153097204935656
-----;------;------;0.0;0.9153097204935656;;0;1.0;16891;7.05375581657148e-05;0.4000141075116332;0.6666901791860552
玫红的玫瑰湖与森绿的薄荷岛好像都没办法拒绝我将玫瑰藏于身后期待与你赴约.;哎呀呀，小可爱加油哦！💪💪💪;0.9410441013366198
-----;------;------;0.0;0.9410441013366198;;0;1.0;23646;9.874673497048677e-05;0.40001974934699414;0.6666995822449902
不管有多苦，千万要记住：苦难是我们人生路上不可缺少的经历，只有活着，才有幸福的可能!;加油;0.8095238095238093
-----;------;------;0.0;0.8095238095238093;;0;1.0;12473;5.208779604528806e-05;0.4000104175592091;0.6666840292653483
午好[毛球];下午好;0.2833635466977291
-----;------;------;0.0;0.2833635466977291;;0;1.0;3178;1.3271467636649199e-05;0.4000026542935273;0.6666710904892121
勿起不善之念,勿阅不善之书,勿听不善之乐,勿吐不善之语,勿为不善之事,勿近不善之人,勿学不善之法,勿入不善之境。;[求饶][求饶][求饶];-0.2070192687772281
-----;------;------;0.0;;-0.2070192687772281;0;1.0;14330;5.984270963913877e-05;0.40001196854192783;0.6666866142365463
我有一个很长很长的故事，需要一生一世，慢慢讲给你听;加油;0.8095238095238093
-----;------;------;0.0;0.8095238095238093;;0;1.0;288577;0.0012051102316492498;0.4002410220463299;0.6670683700772164
中午好;下午好;0.2833635466977291
-----;------;------;0.0;0.2833635466977291;;0;1.0;6;2.5056263631181623e-08;0.40000000501125277;0.6666666750187545
Youaremyunexpectedheart,butalsomyunexpectedsurprise你是我猝不及防的心动，亦是我始料未及的惊鸿;[爱你][爱你][爱你];0.8904996738479007
-----;------;------;0.0;0.8904996738479007;;0;1.0;10664;4.45333325604868e-05;0.4000089066665121;0.6666815111108534
我们日行一善，并不是放下手中的一切事情，刻意地去做好事，而是带着善心，给需帮助的人做力所能及的事。;下午好;0.2833635466977291
-----;------;------;0.0;0.2833635466977291;;0;1.0;24612;0.00010278079341510701;0.40002055615868304;0.6667009269311382
谢谢分享;[心][心];0.7911707066643898
-----;------;------;0.0;0.7911707066643898;;0;1.0;13129;5.482728086896392e-05;0.4000109654561738;0.6666849424269563
世界很大，风景很美，机会很多，人生很短，不要蜷缩在一小块阴影里!要经常问自己，你有什么而不是没有什么。如果你的生活已处于低谷，那就，大胆走!因为你怎样走都是在向上!;加油;0.8095238095238093
-----;------;------;0.0;0.8095238095238093;;0;1.0;12065;5.038397011836771e-05;0.4000100767940237;0.6666834613233726
“我始终相信世界有光因为我的那束光是你只要你在我的世界就不会暗淡无光”;周末愉快;0.3546272886894861
-----;------;------;0.0;0.3546272886894861;;0;1.0;37324;0.00015586666396170382;0.40003117333279237;0.6667186222213205
做任何事，只要你迈出了第一步，然后再一步步地走下去，你就会逐渐靠近你的目的地。如果你知道你的具体的目的地，而且向它迈出了第一步，你便走上了成功之路！;[求饶][求饶][求饶];-0.2070192687772281
-----;------;------;0.0;;-0.2070192687772281;0;1.0;12164;5.079739846828221e-05;0.4000101594796937;0.6666835991328227
铛铛铛，来打铁了，祝我们都能在鸡零狗碎里找到闪闪的快乐😘😘😘;加油;0.8095238095238093
-----;------;------;0.0;0.8095238095238093;;0;1.0;25030;0.00010452637978141267;0.4000209052759563;0.6667015087932604
"“怀着爱意带着虔诚保持温柔追逐梦想”🦋""𝔀𝓲𝓽𝓱𝓵𝓸𝓿𝓮,𝔀𝓲𝓽𝓱𝓭𝓮𝓿𝓸𝓽𝓲𝓸𝓷,𝔀𝓲𝓽𝓱𝓽𝓮𝓷𝓭𝓮𝓻𝓷𝓮𝓼𝓼,𝔀𝓲𝓽𝓱𝓭𝓻𝓮𝓪𝓶𝓼.""";[求饶][求饶][求饶];-0.2070192687772281
-----;------;------;0.0;;-0.2070192687772281;0;1.0;12148;5.0730581765265726e-05;0.40001014611635305;0.6666835768605883
心存感恩之心，身行积德之善；从善者吾近之，从恶者吾远之；百年养善不足，一日毁之有余；行善不必人知，积德无需他晓​。;加油(ง•̀_•́)ง;0.7906383344392383
-----;------;------;0.0;0.7906383344392383;;0;1.0;4365;1.822843179168463e-05;0.4000036456863584;0.6666727428105972
上午好呀[爱你];下午好;0.2833635466977291
-----;------;------;0.0;0.2833635466977291;;0;1.0;3130;1.3071017527599746e-05;0.4000026142035055;0.6666710236725091
开始让人舒服的，一定是言语。后来，一定是人品。生活不全是利益，更多的是彼此成就，互相温暖。;加油;0.8095238095238093
-----;------;------;0.0;0.8095238095238093;;0;1.0;22862;9.547271652267904e-05;0.40001909454330453;0.6666984909055075
找不到坚持下去的理由，那就找一个重新开始的理由，生活本来就这么简单。我们要诚恳，要坦然，要慷慨，要宽容，要有平常心。[哈哈];[爱你][爱你][爱你];0.8904996738479007
-----;------;------;0.0;0.8904996738479007;;0;1.0;2989;1.2482195332266978e-05;0.4000024964390665;0.6666708273984441
周六快乐[心];愿你周末玩得开心！😊;0.7740390561197239
-----;------;------;0.0;0.7740390561197239;;0;1.0;46320;0.00019343435523272212;0.40003868687104654;0.6667311447850774
浙江卫视宣布暂停播出《中国好声音》，制作方母公司股价已暴跌超50%；;[求饶][求饶][求饶];-0.2070192687772281
-----;------;------;0.0;;-0.2070192687772281;0;1.0;121818;0.0005087173205038805;0.4001017434641008;0.6668362391068346
美好的一天，只需要扬起你的嘴角，带着好心情，大步向前走。永远记住，无论我们做什么，人生从来都没有，唯一的失败就是自己放弃。;加油;0.8095238095238093
-----;------;------;0.0;0.8095238095238093;;0;1.0;3172;1.3246411373018017e-05;0.40000264928227464;0.6666710821371243
不要吝啬你的笑容，不要隐藏你的善良，记住卡耐基这一段话，你将尽享完美丰富的人生——“人的生命只有一次，任何能够奉献出来的好的东西和善的行为，我们都应该现在去做，因为生命只有一次”对身边好的、不好的人微笑、以礼相待，尽量避免发生任何的正面冲突。少些埋怨，多些感恩，人生会更美好。;[心][心][心];0.9153097204935656
-----;------;------;0.0;0.9153097204935656;;0;1.0;6218;2.596664120978122e-05;0.40000519332824197;0.6666753222137365
人生，是一场自我的修行，总是会经历一些悲欢离合，经历一些风霜雨雪。午安;下午好;0.2833635466977291
-----;------;------;0.0;0.2833635466977291;;0;1.0;16126;6.734288455273914e-05;0.40001346857691056;0.6666891142948508
晚上好[抱一抱][抱一抱];晚上好[心];0.5338693486420634
-----;------;------;0.0;0.5338693486420634;;0;1.0;237;9.89722413431674e-07;0.4000001979444827;0.6666669965741377
杭州晚上好[哇][哇][哇];晚上好[心];0.5338693486420634
-----;------;------;0.0;0.5338693486420634;;0;1.0;1327;5.541610306429669e-06;0.4000011083220613;0.6666685138701021
晚上好;晚上好[心][抱一抱];0.8903840844902011
-----;------;------;0.0;0.8903840844902011;;0;1.0;603;2.518154494933753e-06;0.400000503630899;0.6666675060514983
晚上好;晚上好[心];0.5338693486420634
-----;------;------;0.0;0.5338693486420634;;0;1.0;61;2.547386802503465e-07;0.40000005094773605;0.66666675157956
二线城市置换到一线城市，个税退吗;要同一个地级市才能退;-0.9082931659507592
-----;------;------;0.0;;-0.9082931659507592;0;1.0;244;1.018954721001386e-06;0.4000002037909442;0.6666670063182403
笑了，;就一乐;0.4754098360655741
-----;------;------;0.0;0.4754098360655741;;0;1.0;173;7.224556013657367e-07;0.4000001444911203;0.6666669074852004
这么多条，浪费字，不对他们有什么期待了[哈哈];降价就可以了，先降低一半，再降低三分之二;-0.7551678095518894
-----;------;------;0.0;;-0.7551678095518894;0;1.0;521;2.1757188919742706e-06;0.4000004351437784;0.6666673919062973
19年10月份之前的呢？？？？;不调;-0.6583707243902335
-----;------;------;0.0;;-0.6583707243902335;0;1.0;181;7.558639528739789e-07;0.4000001511727906;0.6666669186213176
你提供除降价之外的一切利好，我提供除购买之外的一切支持。;回复@名_二月4:那你快点买吧，多买几套。;-0.5842266278244157
-----;------;------;0.0;;-0.5842266278244157;0;1.0;37;1.5451362572562e-07;0.4000000309027252;0.6666667181712085
这是楼卖不动了;帮帮孩子吧[doge];0.4578924261685773
-----;------;------;0.0;0.4578924261685773;;0;1.0;0;0.0;0.4;0.6666666666666666
4111/10960http://t.cn/A6OqbL5B;回复@阿甘的空间:四舍五入会吧？[笑cry];-0.7617310064909135
4111/10960http://t.cn/A6OqbL5B;没上到11000，稳了;0.4434746352893768
4111/10960http://t.cn/A6OqbL5B;谢谢课代表;0.6623146233376096
-----;------;------;0.6261272088696165;0.6623146233376096;-0.7617310064909135;1.4240456298285231;0.28797718508573844;791;3.3032507553774438e-06;0.3656424182322931;0.6094040303871551
如果政策来了，房价会起飞吗？;回复@佳爷房谈齐小白:限贷已解，限售也快了;0.8581721733155596
如果政策来了，房价会起飞吗？;有能力的钱都在信托里拿不出来了[允悲];0.9619770986595504
如果政策来了，房价会起飞吗？;回复@佳爷房谈齐小白:如果把满二那个政策取消就好了[笑cry][笑cry][笑cry];0.5843357533908891
如果政策来了，房价会起飞吗？;得看什么力度的政策了，毕竟目前限售限购限贷都没解呢。。而且大家还有多少意愿和能力加杠杆也未知，持续关注吧。;0.8948503851502212
-----;------;------;0.14375444699333256;0.9619770986595504;;0;1.0;12;5.0112527262363246e-08;0.4575017888198385;0.7625029813663974
[喵喵]差一点1.1w;还行了;0.4388888888888891
-----;------;------;0.0;0.4388888888888891;;0;1.0;133;5.554138438245259e-07;0.4000001110827688;0.6666668518046145
挂牌变多代表什么呢;礼貌询问;-0.21723269102059573
-----;------;------;0.0;;-0.21723269102059573;0;1.0;3;1.2528131815590811e-08;0.4000000025056264;0.6666666708427106
怎么操作？;自己找房贷银行协商;-0.8004090392106189
-----;------;------;0.0;;-0.8004090392106189;0;1.0;414;1.7288821905515318e-06;0.4000003457764381;0.6666672429607301
2019年之前的昵？;也可以;0.052465563615616606
-----;------;------;0.0;0.052465563615616606;;0;1.0;0;0.0;0.4;0.6666666666666666
银行同意吗?;可以啊，谈判商定让利幅度，但是不许你提前还贷款也会给你安排得妥妥的;-0.5195392963951708
-----;------;------;0.0;;-0.5195392963951708;0;1.0;35;1.4616153784855946e-07;0.4000000292323076;0.6666667153871793
2020年赣州首套住房利率下限是多少呢，不知道怎么查[允悲];好像就是4.65%;-0.1852407022283149
-----;------;------;0.0;;-0.1852407022283149;0;1.0;110;4.5936483323832973e-07;0.40000009187296665;0.6666668197882777
组合贷里的商贷呢;就是调整你的商贷部分啊[doge];0.46170460365236576
-----;------;------;0.0;0.46170460365236576;;0;1.0;472;1.9710927389862875e-06;0.40000039421854783;0.6666673236975796
那个下限一直没解读过;回复@灿烂加年华:看了，前几天公布的，就是这个公布引起的争论。我们地区公布的最低是LPR，就是没说哪一年哪一个月的LPR[doge];-0.8112472228547272
那个下限一直没解读过;你看所在城市的公众号，一般都有发布;0.8627861161687831
-----;------;------;0.8370166695117551;0.8627861161687831;-0.8112472228547272;1.6740333390235103;0.16298333048824487;153;6.389347225951314e-07;0.40000012778694455;0.6666668796449075
lpr之前，上浮百分之多少的那种，当时的房贷政策利率下限是多少，没有公布啊;各个地方自己公布的;-0.5819048938077649
-----;------;------;0.0;;-0.5819048938077649;0;1.0;32;1.3363340603296865e-07;0.4000000267266812;0.6666667112111353
好事[给力];早上好;0.025910216237784445
-----;------;------;0.0;0.025910216237784445;;0;1.0;43766;0.00018276873901371582;0.4000365537478028;0.6667275895796712
2019.10.8之前的不调整一下?;回复@老周闲丿:固定利率大部分不也都调整为lpr了？;-0.7114721686624212
2019.10.8之前的不调整一下?;之前都是固定利率，没有lpr[允悲];0.9122567466770031
-----;------;------;0.8118644576697122;0.9122567466770031;-0.7114721686624212;1.6237289153394243;0.18813554233028784;282;1.1776443906655363e-06;0.40000023552887815;0.6666670592147969
昨天挨了两巴掌今天只挨一个真开心啊;这代年轻人活得清醒，大半辈子被房贷绑架，累死累活一辈子就为了这点钱，这样的人生不可悲吗;0.9999697795407876
昨天挨了两巴掌今天只挨一个真开心啊;全世界买房还有利息的只有中国吧[doge];0.6939987362672975
昨天挨了两巴掌今天只挨一个真开心啊;中肯的！羊毛出在羊身上，银行只是少赚一丢丢，很多人搞得降利率是银行亏本大酬宾一样。[允悲]http://t.cn/A6Oqmw2H;0.6452572801846963
昨天挨了两巴掌今天只挨一个真开心啊;疫情前就有老师傅说房价会下跌，还有未来会打三到五折;-0.29160156806433557
昨天挨了两巴掌今天只挨一个真开心啊;林萧你……;0.7743816627563189
昨天挨了两巴掌今天只挨一个真开心啊;这么会说话，你不要命啦[哆啦A梦害怕];0.8177278138207043
昨天挨了两巴掌今天只挨一个真开心啊;资本家拿走原本属于你的十个苹果，随后只还给你一个，你就对它感激涕流。[doge];-0.5709295650676842
昨天挨了两巴掌今天只挨一个真开心啊;咋啦，借钱不用给利息？;0.4595907810649391
昨天挨了两巴掌今天只挨一个真开心啊;可以了。我去年10月份存的存款还3.85的利息呢。新增存款才多少？降下来之后也没有什么利息差。还嫌贵你不要找银行借，问你亲戚借30年，看看你亲朋好友跟你关系好的，能做到比银行低多少;-0.39171432427732356
昨天挨了两巴掌今天只挨一个真开心啊;这层蛮搞笑的，借钱不想有利息的话，全款买房没有利息哦[哇]什么？国家借你钱凭什么要利息？对啊，凭什么呢，可能国家欠你的吧，谁知道呢;-0.5016446144089783
昨天挨了两巴掌今天只挨一个真开心啊;热一是你应得的[哇];-0.41308357684312846
昨天挨了两巴掌今天只挨一个真开心啊;就是，房子就应该免费发，居然还要买[doge];-0.46204700106109087
昨天挨了两巴掌今天只挨一个真开心啊;林萧你[可爱][老师好][老师好][老师好]@百花谷家畜饲养专家;0.9999435891781054
昨天挨了两巴掌今天只挨一个真开心啊;对，每年收房产税的才能让你发自肺腑的开心[偷笑][偷笑][偷笑];0.26102533774047054
昨天挨了两巴掌今天只挨一个真开心啊;是房子跌的我一夜没睡觉[允悲]福岛的真相！http://t.cn/A6O2jfm8;0.8687843513431683
昨天挨了两巴掌今天只挨一个真开心啊;41万赶紧去消费;-0.6565732182380031
昨天挨了两巴掌今天只挨一个真开心啊;刚来，是直接感恩还是先走程序？;0.47988387438609603
昨天挨了两巴掌今天只挨一个真开心啊;相比之下好多了，要不就别买房，别在这说些没用的，既然选择贷款了就别说别的了，人家银行不可能一点利息没有，搞慈善啊;-0.10388378150039212
昨天挨了两巴掌今天只挨一个真开心啊;现实版人民名义正在上演！秦皇岛中院法官谢益不寻常，枉法裁判太嚣张，请求大家入住我微博帮忙转发为正义发声万分感谢@河北高院@河北检察@河北长安网@秦皇岛检察[泪];0.9999999781663294
昨天挨了两巴掌今天只挨一个真开心啊;你是懂pua的;-0.006410598048884442
-----;------;------;0.5921778355343889;0.9999999781663294;-0.6565732182380031;1.6565731964043324;0.1717134017978338;70;2.923230756971189e-07;0.3055565533975042;0.5092609223291736
笑死，这里面最好玩的不应该是仅仅只降了这么一点就没了40万吗？就这还指望人民群众感恩戴德？？;冷知识，全款买房没有利息;0.7298001881825358
笑死，这里面最好玩的不应该是仅仅只降了这么一点就没了40万吗？就这还指望人民群众感恩戴德？？;这楼里这么多急着帮银行说话的，银行赚的钱分给你们多少啊[哆啦A梦害怕]有钱一起赚不行吗;-0.9969850806093168
笑死，这里面最好玩的不应该是仅仅只降了这么一点就没了40万吗？就这还指望人民群众感恩戴德？？;啊对对对，有些人总想不劳而获，只要ZF不免费发一线城市好地段的房子永远他都不可能对你感恩[偷笑][偷笑][偷笑];0.9549202533080461
笑死，这里面最好玩的不应该是仅仅只降了这么一点就没了40万吗？就这还指望人民群众感恩戴德？？;银行就靠贷息差赚钱，不然人家白借你？人家拿什么付储户利息？？能耐找亲戚去借，看有几个人借你买房？借你也是每月一两分的息，还让你还30年？;-0.9794051354997393
笑死，这里面最好玩的不应该是仅仅只降了这么一点就没了40万吗？就这还指望人民群众感恩戴德？？;你存银行的钱可以不要利息吗;-0.6599762844361021
笑死，这里面最好玩的不应该是仅仅只降了这么一点就没了40万吗？就这还指望人民群众感恩戴德？？;降1.5%就差出40万不是因为他买的房子总价高贷款总额高吗...;-0.8222948179867007
笑死，这里面最好玩的不应该是仅仅只降了这么一点就没了40万吗？就这还指望人民群众感恩戴德？？;这层里富哥好多羡慕了[苦涩];0.9763719196066225
笑死，这里面最好玩的不应该是仅仅只降了这么一点就没了40万吗？就这还指望人民群众感恩戴德？？;楼里的都是银行的？还是国家收的利息能到你口袋呀[太开心];0.5057729198656162
笑死，这里面最好玩的不应该是仅仅只降了这么一点就没了40万吗？就这还指望人民群众感恩戴德？？;房子升值时，不见你出来给大家发点钱？现在没得升值，搞得全世界欠你的一样;-0.7194552979266862
笑死，这里面最好玩的不应该是仅仅只降了这么一点就没了40万吗？就这还指望人民群众感恩戴德？？;有钱你全款买啊，没钱你别买啊，或者有门路你别找银行借钱啊;-0.8574766676862859
笑死，这里面最好玩的不应该是仅仅只降了这么一点就没了40万吗？就这还指望人民群众感恩戴德？？;笑死，知道贷款利率，本金，期限就可以算利息了，而且只涉及加减乘除。而且房子是你要买的，贷款是你要贷的，没人逼你。;0.9101569436835377
笑死，这里面最好玩的不应该是仅仅只降了这么一点就没了40万吗？就这还指望人民群众感恩戴德？？;希望國家給你免費發房子[哈哈];-0.5049282104991146
笑死，这里面最好玩的不应该是仅仅只降了这么一点就没了40万吗？就这还指望人民群众感恩戴德？？;做人不能既要又要还要;-0.2671459079729652
笑死，这里面最好玩的不应该是仅仅只降了这么一点就没了40万吗？就这还指望人民群众感恩戴德？？;哪里正规借款是零利息的？？你可以全款买的，那一分钱利息也不需要付呢;-0.9864644069558381
笑死，这里面最好玩的不应该是仅仅只降了这么一点就没了40万吗？就这还指望人民群众感恩戴德？？;评论区有些人跪久了只能说当韭菜当的不错;-0.4608683579171098
笑死，这里面最好玩的不应该是仅仅只降了这么一点就没了40万吗？就这还指望人民群众感恩戴德？？;兄弟私信记得关，我郭最不缺的就是楼市韭菜[doge];-0.07375976245116922
笑死，这里面最好玩的不应该是仅仅只降了这么一点就没了40万吗？就这还指望人民群众感恩戴德？？;可以全款哦宝子[悲伤];0.9518385372735978
笑死，这里面最好玩的不应该是仅仅只降了这么一点就没了40万吗？就这还指望人民群众感恩戴德？？;利率仍然是全球靠前的[摊手]不明白你们感激什么;0.28432362603562145
笑死，这里面最好玩的不应该是仅仅只降了这么一点就没了40万吗？就这还指望人民群众感恩戴德？？;精神资本家还蛮多的…;0.7343259319888422
笑死，这里面最好玩的不应该是仅仅只降了这么一点就没了40万吗？就这还指望人民群众感恩戴德？？;这层里富哥好多羡慕了[苦涩]前几天看永辉卖的秋月梨要12块钱一斤，我自家梨园的秋月梨熟了，10斤也才69包u，有需要的朋友找我呀[打call];-0.9831780761758111
-----;------;------;0.760046331884098;0.9763719196066225;-0.9969850806093168;1.9733570002159393;0.013321499892030353;115;4.80245052930981e-07;0.3093472287594619;0.5155787145991031
是房子跌的我一夜没睡觉[允悲];买的时候一万四，现在一万一[泪]别人卖的时候150万，我们卖才110[泪];0.8317303630281441
是房子跌的我一夜没睡觉[允悲];哈哈哈，你把我想说的给说了，但还是感谢国家的政策。还是为人民着想的。;0.9643732801584086
是房子跌的我一夜没睡觉[允悲];很贵的价格买的，房贷利率还高，银行不给降利息。亏好多钱好多年白干了，真的想死[裂开];-0.9390356198184424
是房子跌的我一夜没睡觉[允悲];“刚需不怕跌”[兔子];-0.18759679251937
是房子跌的我一夜没睡觉[允悲];挂了两个月没人问还是市区的位置[裂开];-0.9509395886198146
是房子跌的我一夜没睡觉[允悲];自住的，涨还是降都不相干了。炒房的话，也只能说活该了[二哈];-0.9200536227742497
是房子跌的我一夜没睡觉[允悲];现在买入合适吗[允悲]我需要买房;0.9924036513008987
是房子跌的我一夜没睡觉[允悲];如果是投资的那活该，如果是刚需，那就别觉得自己亏不亏了;0.8138715935727951
是房子跌的我一夜没睡觉[允悲];唉没办法我哥买了市区两套房子投资，他现在不开心，[苦涩]我没钱没车没房，房子降价了我开心[苦涩][苦涩][苦涩][允悲]不同人不同立场;0.9995927368845929
是房子跌的我一夜没睡觉[允悲];炒房的活该;-0.37027735213478463
是房子跌的我一夜没睡觉[允悲];你才一夜！我难受的一个多月没睡好[苦涩];-0.7378480068331499
是房子跌的我一夜没睡觉[允悲];炒房的自然睡不着;-0.8015291432272986
是房子跌的我一夜没睡觉[允悲];最贵的价格，最高的利息[微笑];0.8634929258257844
是房子跌的我一夜没睡觉[允悲];既然赶上了时代发展的红利，为啥不能降呢[doge];-0.16841763245642216
是房子跌的我一夜没睡觉[允悲];你不买，我不买，房价还能降两百[偷乐];-0.9128463237103572
是房子跌的我一夜没睡觉[允悲];看楼里这么多人害～买了一年不到亏了起码20个w贷款背的山高真不想背了买掉拉倒了租个民房住住得了;-0.9330054210806595
是房子跌的我一夜没睡觉[允悲];我都自降80万了，还是没有人接盘;-0.025812002755697838
是房子跌的我一夜没睡觉[允悲];114买入90左右都卖不掉我头发都要掉光光了[泪][泪][泪];0.9948343949349983
-----;------;------;0.8067397479297466;0.9995927368845929;-0.9509395886198146;1.9505323255044076;0.02473383724779621;4;1.670417575412108e-08;0.3325894374118523;0.5543157290197538
说的好像已经开始降了一样，需要协商的，说不定银行怎么折腾你呐[揣手];放心吧，这次银行不敢造次。这个降的不是银行本身的利润，是降的当初贷款买房时额外加的利息基点。哪个银行不完全执行就直接被约谈，换个行长还不轻松吗？;-0.964930474854069
说的好像已经开始降了一样，需要协商的，说不定银行怎么折腾你呐[揣手];是啊，为什么不直接改还得申请？就怕老百姓不够折腾是吧;-0.4065536546083244
说的好像已经开始降了一样，需要协商的，说不定银行怎么折腾你呐[揣手];银行：当时已经又优惠政策了，现在你不符合调整利率噢[喵喵];0.19528476185732768
说的好像已经开始降了一样，需要协商的，说不定银行怎么折腾你呐[揣手];对呀，都要和银行商量的，毛线银行一句，我不同意[伤心]说的像真的一样;-0.9734850427355899
说的好像已经开始降了一样，需要协商的，说不定银行怎么折腾你呐[揣手];信不信你现在给银行打电话咨询这个政策，他们会回复说：还没出细则。[允悲];-0.8893791697697266
说的好像已经开始降了一样，需要协商的，说不定银行怎么折腾你呐[揣手];都还没出细则呢[允悲]胖虎快去更新表情图，没得用了，快去！;0.9553690892755569
说的好像已经开始降了一样，需要协商的，说不定银行怎么折腾你呐[揣手];问了银行，还没出方案呢;-0.7449900609689635
说的好像已经开始降了一样，需要协商的，说不定银行怎么折腾你呐[揣手];真不明白这种事情需要去协商？难道要交换条件？不然过去协商啥？银行说我要给你降息了，你同不同意？这样吗？;-0.99811053374032
说的好像已经开始降了一样，需要协商的，说不定银行怎么折腾你呐[揣手];确实……我平安银行每个月降了50元，打算换银行了;-0.9700885216440167
说的好像已经开始降了一样，需要协商的，说不定银行怎么折腾你呐[揣手];银行不是傻子;-0.8351571526816586
说的好像已经开始降了一样，需要协商的，说不定银行怎么折腾你呐[揣手];是的，这个新闻感觉是编撰的，哈哈;0.8308394422073495
说的好像已经开始降了一样，需要协商的，说不定银行怎么折腾你呐[揣手];今年开年时利率不就降了吗，以前每月还5700，后来每月还5500，不知道这次能少多少，咱也不会算[笑cry];-0.8677218261300041
说的好像已经开始降了一样，需要协商的，说不定银行怎么折腾你呐[揣手];对啊要协商的啊;-0.19999999999999973
说的好像已经开始降了一样，需要协商的，说不定银行怎么折腾你呐[揣手];广州商转公什么时候来啊;0.4572031842020503
说的好像已经开始降了一样，需要协商的，说不定银行怎么折腾你呐[揣手];还申请不是应该直接降吗？[笑cry];-0.8229112884119363
说的好像已经开始降了一样，需要协商的，说不定银行怎么折腾你呐[揣手];现实版人民名义正在上演！秦皇岛中院法官谢益不寻常，枉法裁判太嚣张，请求大家入住我微博帮忙转发为正义发声万分感谢@河北高院@河北检察@河北长安网@秦皇岛检察.;0.9999997641178566
说的好像已经开始降了一样，需要协商的，说不定银行怎么折腾你呐[揣手];跟我想法一致，话都被银行说去了;0.2412290134708548
说的好像已经开始降了一样，需要协商的，说不定银行怎么折腾你呐[揣手];请问是针对所有银行吗，像那种本土的小银行也会吗;-0.9492224363095376
说的好像已经开始降了一样，需要协商的，说不定银行怎么折腾你呐[揣手];9.25开始，不过需要自己去申请;-0.7039129164586151
-----;------;------;0.7061679007343441;0.9999997641178566;-0.99811053374032;1.9981102978581766;0.0009448510709116897;568983;0.0023760980082767687;0.2833203203237577;0.47220053387292943
五年存款利率从3一路下降到2.25。200万一年少掉1.5万，30年少45万。[doge]房贷省下来的钱，储户买单;是的！我没炒房，辛辛苦苦存点钱我得罪谁了？！;-0.9912126403433228
五年存款利率从3一路下降到2.25。200万一年少掉1.5万，30年少45万。[doge]房贷省下来的钱，储户买单;羊毛出在羊身上，银行只是少赚一丢丢，很多人搞得降利率是银行亏本大酬宾一样。;-0.9065635983419269
五年存款利率从3一路下降到2.25。200万一年少掉1.5万，30年少45万。[doge]房贷省下来的钱，储户买单;是的，我原本指望每个月6千的利息当生活费，现在只有4千多一点了，利息降好多;0.37308538391742063
五年存款利率从3一路下降到2.25。200万一年少掉1.5万，30年少45万。[doge]房贷省下来的钱，储户买单;言下之意打着为你减负的幌子，还多收了你四万块钱的差额……真是又扮巫婆又装鬼，两头抹粉充好人啊[二哈][二哈][二哈];-0.8629282840809298
五年存款利率从3一路下降到2.25。200万一年少掉1.5万，30年少45万。[doge]房贷省下来的钱，储户买单;以后搞不好存钱要收管理费[doge];-0.9884920503795214
五年存款利率从3一路下降到2.25。200万一年少掉1.5万，30年少45万。[doge]房贷省下来的钱，储户买单;我前年定期还有3.15，昨晚听说又降赶紧趁2.85又存了一笔[苦涩]，果然今天工行降到2.6了;-0.1960891518864214
五年存款利率从3一路下降到2.25。200万一年少掉1.5万，30年少45万。[doge]房贷省下来的钱，储户买单;乡绅带头捐款，完事之后，乡绅的钱如数奉还，老百姓的钱，大家一起赚[doge];-0.8350182899020111
五年存款利率从3一路下降到2.25。200万一年少掉1.5万，30年少45万。[doge]房贷省下来的钱，储户买单;存的中国银行，20年三年定期还3.8，22年就到了3.1，今天去存的2.6了……[允悲][允悲][允悲][允悲][允悲];0.999999487295876
五年存款利率从3一路下降到2.25。200万一年少掉1.5万，30年少45万。[doge]房贷省下来的钱，储户买单;银行算计来算计去，是不会让韭菜得到一分钱利益。;0.3014278306168299
五年存款利率从3一路下降到2.25。200万一年少掉1.5万，30年少45万。[doge]房贷省下来的钱，储户买单;还让计划断供的继续交上，可谓一石好多鸟。;0.6586176497181873
五年存款利率从3一路下降到2.25。200万一年少掉1.5万，30年少45万。[doge]房贷省下来的钱，储户买单;嗨，这事整的，这届人民不好忽悠了;-0.9904077730872651
五年存款利率从3一路下降到2.25。200万一年少掉1.5万，30年少45万。[doge]房贷省下来的钱，储户买单;目的是希望大家钱钱不要存了，动起来内循环起来呀，又不是为了抵冲存量调利率;-0.9780085557368845
五年存款利率从3一路下降到2.25。200万一年少掉1.5万，30年少45万。[doge]房贷省下来的钱，储户买单;存款利率降了，老百姓少赚多少利息怎么不提;0.8270437580762389
五年存款利率从3一路下降到2.25。200万一年少掉1.5万，30年少45万。[doge]房贷省下来的钱，储户买单;不懂就问，利率调来调去，每月房贷还款也变来变去的么？;-0.9973987139863867
五年存款利率从3一路下降到2.25。200万一年少掉1.5万，30年少45万。[doge]房贷省下来的钱，储户买单;这房子留在房企手上就是爆雷，要是到银行那就是系统性金融风险，到韭菜手上就是软着陆[赞][666];-0.2044392877527137
五年存款利率从3一路下降到2.25。200万一年少掉1.5万，30年少45万。[doge]房贷省下来的钱，储户买单;20年的时候还是4[泪];0.7287559261025434
五年存款利率从3一路下降到2.25。200万一年少掉1.5万，30年少45万。[doge]房贷省下来的钱，储户买单;房价上升的时候炒房客赚钱，凭啥该跌得时候我们啥光都没沾到的要一起抗[费解][费解];-0.9984723743020154
-----;------;------;0.7516860832301286;0.999999487295876;-0.9984723743020154;1.9984718615978914;0.0007640692010543182;186;7.767441725666303e-07;0.3009802163213077;0.5016336938688462
减息41万，房价跌没了100万，就好比股票分红1个点，当天低开低走跌没了5个点。这都是套路啊！;如果是刚需自住，房价涨跌对已购房者基本没影响，那就是一个数字，最多就是心里有落差，降息却是切身利益可以改善生活;0.39562885200452835
减息41万，房价跌没了100万，就好比股票分红1个点，当天低开低走跌没了5个点。这都是套路啊！;所以呢，不给你减息就行了，就满意了。;0.11040479851198115
减息41万，房价跌没了100万，就好比股票分红1个点，当天低开低走跌没了5个点。这都是套路啊！;买房子是住人的，买到手了管他房价多少又不卖;0.03913947356562186
减息41万，房价跌没了100万，就好比股票分红1个点，当天低开低走跌没了5个点。这都是套路啊！;谁让有些人买房不住只为炒房价;-0.832115702151756
减息41万，房价跌没了100万，就好比股票分红1个点，当天低开低走跌没了5个点。这都是套路啊！;嫌房价高，但是你嫌房价跌的也是你。;-0.6779351989526896
减息41万，房价跌没了100万，就好比股票分红1个点，当天低开低走跌没了5个点。这都是套路啊！;对买房住的人是好事，炒房的活该还哈哈哈哈哈哈哈哈哈哈哈哈哈哈哈好哈哈哈哈哈哈哈哈哈哈哈哈好哈哈哈哈哈哈哈哈哈哈嗝;0.9999999911498199
减息41万，房价跌没了100万，就好比股票分红1个点，当天低开低走跌没了5个点。这都是套路啊！;几度欢喜，几度仇;0.18296450222335991
减息41万，房价跌没了100万，就好比股票分红1个点，当天低开低走跌没了5个点。这都是套路啊！;好房子总会涨回去的;0.8474164555747408
减息41万，房价跌没了100万，就好比股票分红1个点，当天低开低走跌没了5个点。这都是套路啊！;[doge][doge][doge]烟草涨了，10%;0.2476886894925554
减息41万，房价跌没了100万，就好比股票分红1个点，当天低开低走跌没了5个点。这都是套路啊！;如果一分钱也不给你减呢？？你是不是也没啥话说;-0.9897876736311004
减息41万，房价跌没了100万，就好比股票分红1个点，当天低开低走跌没了5个点。这都是套路啊！;房价降了不是好事吗？;-0.7796697160734232
减息41万，房价跌没了100万，就好比股票分红1个点，当天低开低走跌没了5个点。这都是套路啊！;数学鬼才;0.8988077438609465
减息41万，房价跌没了100万，就好比股票分红1个点，当天低开低走跌没了5个点。这都是套路啊！;高兴是因为房子买的时候本身是为了住啊。;0.18379167013833597
减息41万，房价跌没了100万，就好比股票分红1个点，当天低开低走跌没了5个点。这都是套路啊！;没办法，看着是坑也要跳，至少比火烧强～;-0.9721917024297055
减息41万，房价跌没了100万，就好比股票分红1个点，当天低开低走跌没了5个点。这都是套路啊！;你如果是刚需房就不存在，跌再多你不卖就没问题;-0.9321737446340088
减息41万，房价跌没了100万，就好比股票分红1个点，当天低开低走跌没了5个点。这都是套路啊！;真实....;0.02714556584388883
减息41万，房价跌没了100万，就好比股票分红1个点，当天低开低走跌没了5个点。这都是套路啊！;大城市新房，没怎么跌，只限于新房啊，二手的跌了;-0.9875418550356334
减息41万，房价跌没了100万，就好比股票分红1个点，当天低开低走跌没了5个点。这都是套路啊！;回复@连QQ会员都不是:总得为还没买的考虑，所以已经买了的并且是在高位买的不被薅还能薅谁，不就像延长退休就去薅八零九零，七零前享受早退休，零零后从工作前就已经是延长后的政策;0.6496630561263739
减息41万，房价跌没了100万，就好比股票分红1个点，当天低开低走跌没了5个点。这都是套路啊！;回复@星__光__点__点:好好好，逮着刚需使劲薅是吧。;-0.99925285090123
-----;------;------;0.7042176190354232;0.9999999911498199;-0.99925285090123;1.9992528420510498;0.00037357897447509725;28;1.1692923027884756e-07;0.28183650258980536;0.4697275043163422
有点好笑[允悲];回复@Kuunvalo11:哈哈哈哈哈，这电影你记得太深了;0.7231244222028526
有点好笑[允悲];回复@扭螺丝世界冠军:贵人啊看来你爸不是夏洛是没有卖房的大春[doge];0.8627047791414479
有点好笑[允悲];我是不会买的，等我还完差不多都快死了[doge];-0.9203551436525463
有点好笑[允悲];回复@哞咪哞咪轰zZ:没有，那时候我们家靠近松元厦地铁站的出租屋赶上拆迁了…;0.9752267608628402
有点好笑[允悲];回复@扭螺丝世界冠军:求抱大腿[笑cry];0.766388505901269
有点好笑[允悲];回复@蒸排骨zyy:到时候跟银行申请就行不用存钱;-0.9573136520749983
有点好笑[允悲];回复@扭螺丝世界冠军:你爸运气真好[苦涩];0.9908826840219429
有点好笑[允悲];回复@扭螺丝世界冠军:你还欠一个姐姐吗[偷笑][苦涩];0.952746591991499
有点好笑[允悲];回复@扭螺丝世界冠军:牛人啊[喵喵];0.8365590104865173
有点好笑[允悲];回复@一觉睡到九点半一:那么要先存一笔钱进去才能有得降吗还是能直接降的;-0.9705962756281927
有点好笑[允悲];回复@扭螺丝世界冠军:大恩人[允悲];0.991379045512073
有点好笑[允悲];回复@Kuunvalo11:造孽呀[允悲];0.7569607851554374
有点好笑[允悲];回复@扭螺丝世界冠军:妈呀[哆啦A梦害怕]你们家在19年那会随便出两套就不愁吃喝了;0.8055803273926068
有点好笑[允悲];回复@扭螺丝世界冠军:少爷好;0.9457116106608465
有点好笑[允悲];多生孩子多买房不然我们活着有啥用[太开心];-0.3569825750965341
有点好笑[允悲];回复@扭螺丝世界冠军:真土！豪啊[色];0.5051822551357588
有点好笑[允悲];回复@蒸排骨zyy:大部分高利率都能少还一点;0.38431300644006505
有点好笑[允悲];回复@扭螺丝世界冠军:这是遇贵人了;0.7511454104627342
有点好笑[允悲];回复@Kuunvalo11:2010年的时候被他朋友劝着买的，说过几年深圳房价就会暴涨，那个伯父是个建筑行业的包工头，我爸当年是做防盗门锁生意[允悲];0.9231873103944412
有点好笑[允悲];回复@Seed_16742:有钱你可以不贷款全款买啊，在这阴阳怪气只会暴露你的智商和阶级，非常的可悲[心];-0.7486108791542845
有点好笑[允悲];还好深圳有几套房[允悲];0.9388792927261793
有点好笑[允悲];回复@扭螺丝世界冠军:天哪你爸是夏洛吗[苦涩];0.9923430677855836
有点好笑[允悲];请问亲们我家当时是利率高的时候买的现在利率低了是我们可以每个月供少一点吗我是真不懂;-0.8573681808437115
有点好笑[允悲];回复@Yang_Yu_1:画了个糖，给不给银行还没发话呢;-0.9941808638021052
有点好笑[允悲];感谢祖国[鲜花][鲜花];0.9342265898713848
有点好笑[允悲];这新闻怎么这么熟悉？？？让我想起了某人中了彩票鸡冻得睡不着的假新闻[哈哈][哈哈][哈哈][哈哈][哈哈][哈哈][哈哈];-0.620023607035316
有点好笑[允悲];还好我爸当年一口气在深圳买了五套房，要我现在在深圳买，估计连首付都凑不出来。;0.05587080242752118
有点好笑[允悲];回复@Yang_Yu_1:对，坚决不给银行机会，直接找亲戚免利息借，大家皆大欢喜。;-0.8096354270840671
-----;------;------;0.7793676411895671;0.9923430677855836;-0.9941808638021052;1.9865239315876888;0.0067380342061555965;0;0.0;0.3144422701582891;0.5240704502638152
忽悠傻子[哈哈];回复@LemontreezZ:需要。等于重签授信;-0.9270368130423434
忽悠傻子[哈哈];回复@碰上几个路人:我和老公是裸婚，房子是公公借给我们的，手上的钱是我和老公打工存的，当时结婚第9年，存款30万，不买房也不知道干嘛，孩子刚好要上小学，如果买就可以上学区，如果当时不买，第二年再买，孩子还要从一年级开始上学[允悲]想着钱会贬值，所以果断买的房！还有不要房的女朋友应该不多吧？[允悲];0.999993455140676
忽悠傻子[哈哈];回复@莫斯科大丽花:问一下哈，如果申请以前买的房子降息，银行重新签订合同的话，还需要重新走贷款流程查征信什么的吗;-0.9999326673335422
忽悠傻子[哈哈];回复@melo跳投美如画:可以。。。没问题;-0.7186390711557287
忽悠傻子[哈哈];回复@莫斯科大丽花:天津大傻子;-0.9562995838748978
忽悠傻子[哈哈];回复@莫斯科大丽花:啊这，V我50看看津爷的实力[笑而不语];0.6908782510620783
忽悠傻子[哈哈];回复@melo跳投美如画:应该是刻在骨子里的韭菜基因[挖鼻];-0.5871574789133045
忽悠傻子[哈哈];回复@一杯快乐的latte:不缺钱，还嫌房不够。;-0.07982544332030583
忽悠傻子[哈哈];回复@用户kowm32gu9t:没欠，倒腾房挣了超级超级超级多;-0.9826458157244611
忽悠傻子[哈哈];回复@melo跳投美如画:我是割韭菜的;-0.5171938963655247
忽悠傻子[哈哈];回复@莫斯科大丽花:哈哈，好韭菜;-0.7237903978159008
忽悠傻子[哈哈];回复@莫斯科大丽花:那我不能直接不买？;-0.9067992595990191
忽悠傻子[哈哈];这层楼有傻子跳出来对号入座了[嘻嘻];0.9740188929369362
忽悠傻子[哈哈];回复@碰上几个路人:我家是农村有房，那房子和我老公同岁，农村到市区开车要1小时50分钟，裸婚第9年，手上存了点钱，孩子刚好上小学，钱留在手机贬值，所以买了学区，我这应该是刚需了吧？[笑cry]那结婚女方要房，这属于刚需不[疑问];0.1059212715639326
忽悠傻子[哈哈];回复@SynchAbdon:你不买，我不买，明天还能降两百;-0.9906910195960765
忽悠傻子[哈哈];回复@SynchAbdon:想多了，刚需永远会买;-0.562956275974954
忽悠傻子[哈哈];是啊还能这样算？一下算出未来30年的，能保证未来就不会涨了？;0.9838097431644413
忽悠傻子[哈哈];不买房从你我做起，让那些炒房的人还有开发商继续炒，看他们坚持到什么时候;-0.6621969268615249
忽悠傻子[哈哈];有房贷真可怕;-0.5611538438079109
忽悠傻子[哈哈];回复@莫斯科大丽花:他没有房子[doge];-0.5181593974614944
忽悠傻子[哈哈];回复@莫斯科大丽花:我就想不降啊我还想涨，因为我不欠贷款[doge];-0.9645575546137615
忽悠傻子[哈哈];那你可以申请不降;-0.9103946904255489
-----;------;------;0.6800167706447832;0.999993455140676;-0.9999326673335422;1.9999261224742182;3.6938762890903476e-05;185;7.725681286280999e-07;0.2720216382766954;0.4533693971278256
房子跌了200万;房子是用来住的！不是用来炒的！;-0.5042026054056239
房子跌了200万;这时候又不准房价跌了？;-0.9562847585289129
房子跌了200万;又要房价低，又不准房价跌[doge];-0.8826348957325147
房子跌了200万;说房子跌的，估计大多数都是想靠房子升值卖掉赚钱的。;-0.6829220048826157
房子跌了200万;本来房子就是虚高;0.11895436337794241
房子跌了200万;房价是不会跌的，看看现在多少小孩，15年后又要给孩子买房子结婚了。;-0.4524794020706122
房子跌了200万;一线城市是不可能跌的。除非你买的是其他地市。。;-0.8488588822340382
房子跌了200万;啥房子这么不保值;0.6627602964334054
房子跌了200万;我的也跌了，我还得还利息，我被国家割韭菜了，我恨。;0.3795782291218681
房子跌了200万;不要暴跌對一般人還是好的吧，房子還是拿來住好;0.20844778935456265
房子跌了200万;打开链家看了一眼我们小区均价又涨4000……每年开学季都涨春节会稍微跌一些;-0.22618047347478099
房子跌了200万;国内的小区挂100套，但三个月没卖出去一个了[doge];-0.43822654305631037
房子跌了200万;我也赞同你的观点;0.2691322259382023
房子跌了200万;无所谓，反正不炒房，涨跌无所谓，降低利率才是王道，还贷压力小了;-0.8571023460721001
房子跌了200万;少的是利息，不是首付跟贷款数[白眼];0.17746136557843206
房子跌了200万;那赶紧卖了住桥洞或者去偏远地区盖一栋几十万的大别墅;-0.7491047429908233
房子跌了200万;为什么一谈跌了就要说炒房啊。前几年不买放到今年来买，我就是能买条件更好的房子啊。当不了预言家心疼一下钱不行吗[融化]（这辈子不会再听父母的建议做决定了，纯纯若纸）;-0.3238210695541135
房子跌了200万;回复@你最好听的到:哈哈，你猜为什么出生人口这三个省最多，因为这三个省的人口数本来就是全国前三啊[允悲]人口基数大了，出生人口肯定多啊，🉐看出生率。;0.9596069433356051
-----;------;------;0.5624384268361131;0.9596069433356051;-0.9562847585289129;1.915891701864518;0.042054149067740965;221;9.229057104151898e-07;0.24179721494268375;0.4029953582378062
炒作吧。首先要去申请，银行批不批呢。房地产现在怎么都救不活了;房子越来越多，人口越来越少，以后越来越完蛋。除非超一线城市。;0.7216926743019743
炒作吧。首先要去申请，银行批不批呢。房地产现在怎么都救不活了;对的申请这个事儿怎么没给说说清楚;-0.9736675170759397
炒作吧。首先要去申请，银行批不批呢。房地产现在怎么都救不活了;我贷款的建行今天早上发公告说已经开始落实，后续会公式方案[揣手];-0.5138504401797772
炒作吧。首先要去申请，银行批不批呢。房地产现在怎么都救不活了;我们这还在不停的建房子，就屁大点的地方，人口就那么多，又没有外来人口，不知道要卖给谁[笑cry];-0.9795065404695322
炒作吧。首先要去申请，银行批不批呢。房地产现在怎么都救不活了;要是房子好卖哪有这么多政策房地产现在是死透了;0.8418226179377939
炒作吧。首先要去申请，银行批不批呢。房地产现在怎么都救不活了;无所谓，反正不买房不生孩子，人生百分之九十的烦恼都迎刃而解;0.752135052876481
炒作吧。首先要去申请，银行批不批呢。房地产现在怎么都救不活了;不买房从你我做起，让那些炒房的人还有开发商继续炒，看他们坚持到什么时候;-0.6621969268615249
炒作吧。首先要去申请，银行批不批呢。房地产现在怎么都救不活了;我家这边在图书馆旁边都有两个开发商建的楼盘，一个楼盘建好了没啥人入住，特别空。另外一个还在建，搞不懂，楼市都已经崩溃了还在建……;0.8883795162253902
炒作吧。首先要去申请，银行批不批呢。房地产现在怎么都救不活了;现在是有钱的不买，想买的没钱[允悲];0.6388664239690343
炒作吧。首先要去申请，银行批不批呢。房地产现在怎么都救不活了;对啊，决定权在商业银行自己，说最高按lpr减2%，银行的钱哪来的？要么从央行批发过来的，要么吸储来的，还赔钱带给你，炒房的人脑洞可以的;-0.9744302889731451
炒作吧。首先要去申请，银行批不批呢。房地产现在怎么都救不活了;铁定炒作啊;-0.8397135277831904
炒作吧。首先要去申请，银行批不批呢。房地产现在怎么都救不活了;我贷款的招行，昨天已经发布通知了，也打电话咨询过，会按照要求调整。因为政策是8月31日出台的，所以银行也需要一点时间去消化和做方案，是线上批量还是线下申请，所以耐心等一下，这个月内会落实的。;-0.9999594320710385
炒作吧。首先要去申请，银行批不批呢。房地产现在怎么都救不活了;银行要是能批就特么是个怪事了[doge];-0.6313396371521822
炒作吧。首先要去申请，银行批不批呢。房地产现在怎么都救不活了;请问在哪里申请;-0.9625657340821454
炒作吧。首先要去申请，银行批不批呢。房地产现在怎么都救不活了;应该是会披的，这样总好过提前还贷收不到利息;-0.8893577010403062
炒作吧。首先要去申请，银行批不批呢。房地产现在怎么都救不活了;我还在纳闷降利息他的就跟着降了？;-0.7277467882258923
炒作吧。首先要去申请，银行批不批呢。房地产现在怎么都救不活了;建行公众号刚发消息[doge];-0.7885369574733949
炒作吧。首先要去申请，银行批不批呢。房地产现在怎么都救不活了;回复@维wertlouk:嗯嗯，是的，成都最低可以做到4.3%，他资质蛮好的，大概率能谈到;-0.3946942331016092
炒作吧。首先要去申请，银行批不批呢。房地产现在怎么都救不活了;回复@狗崽崽的家:也许以后卖给歪果仁;0.08950897737838348
-----;------;------;0.7081910023228853;0.8883795162253902;-0.9999594320710385;1.8883389482964288;0.055830525851785606;446;1.8625155965845006e-06;0.3056089837729877;0.5093483062883127
银行存款利息越来越低，就是逼着储户们花钱，别再存钱了。降低人民群众的收入，提高人民群众消费水平，这就是大智慧，你们永远想不到这种谋略。。;高中课本经济就有;0.8027028017273654
银行存款利息越来越低，就是逼着储户们花钱，别再存钱了。降低人民群众的收入，提高人民群众消费水平，这就是大智慧，你们永远想不到这种谋略。。;利息越低越不敢花呀，他们难道没想到？反正我是越来越不敢花钱了。;-0.9839256693245373
银行存款利息越来越低，就是逼着储户们花钱，别再存钱了。降低人民群众的收入，提高人民群众消费水平，这就是大智慧，你们永远想不到这种谋略。。;Tm读过高中都知道，还永远想不到[允悲];0.9986205667025674
银行存款利息越来越低，就是逼着储户们花钱，别再存钱了。降低人民群众的收入，提高人民群众消费水平，这就是大智慧，你们永远想不到这种谋略。。;回复@弹棉花23:那缺你的吗？你花的三瓜两枣为GDP贡献多少？;-0.18743453901876217
银行存款利息越来越低，就是逼着储户们花钱，别再存钱了。降低人民群众的收入，提高人民群众消费水平，这就是大智慧，你们永远想不到这种谋略。。;回复@梨落清致:经济学面对非理性选择哈哈哈哈，跑不赢通胀的;0.9986161365036372
银行存款利息越来越低，就是逼着储户们花钱，别再存钱了。降低人民群众的收入，提高人民群众消费水平，这就是大智慧，你们永远想不到这种谋略。。;这个高中政治经济部分就有啊🤔️;0.1388438896598081
银行存款利息越来越低，就是逼着储户们花钱，别再存钱了。降低人民群众的收入，提高人民群众消费水平，这就是大智慧，你们永远想不到这种谋略。。;回复@ni就是个弟弟8:关键是穷人好几个亿，富人才几千几万;0.33849447075738737
银行存款利息越来越低，就是逼着储户们花钱，别再存钱了。降低人民群众的收入，提高人民群众消费水平，这就是大智慧，你们永远想不到这种谋略。。;看人吹牛装币也是一种乐趣，继续说，我爱看;0.527615857370662
银行存款利息越来越低，就是逼着储户们花钱，别再存钱了。降低人民群众的收入，提高人民群众消费水平，这就是大智慧，你们永远想不到这种谋略。。;回复@梨落清致:[doge]上次还说，可能以后存钱没利息，还要向你收保管费;-0.9673311814779271
银行存款利息越来越低，就是逼着储户们花钱，别再存钱了。降低人民群众的收入，提高人民群众消费水平，这就是大智慧，你们永远想不到这种谋略。。;回复@梨落清致:中国经济缺你那三瓜两枣吗[doge];-0.04414082619290971
银行存款利息越来越低，就是逼着储户们花钱，别再存钱了。降低人民群众的收入，提高人民群众消费水平，这就是大智慧，你们永远想不到这种谋略。。;回复@梨落清致:那就一起毁灭;0.7649041354397528
银行存款利息越来越低，就是逼着储户们花钱，别再存钱了。降低人民群众的收入，提高人民群众消费水平，这就是大智慧，你们永远想不到这种谋略。。;回复@梨落清致:哈哈哈哈[赞];0.9645357650699662
银行存款利息越来越低，就是逼着储户们花钱，别再存钱了。降低人民群众的收入，提高人民群众消费水平，这就是大智慧，你们永远想不到这种谋略。。;回复@__一叶之秋君莫笑:那就变啊，大不了金圆券嘛，到时候急的看是谁;0.8169855412010332
银行存款利息越来越低，就是逼着储户们花钱，别再存钱了。降低人民群众的收入，提高人民群众消费水平，这就是大智慧，你们永远想不到这种谋略。。;回复@南部之星V587:不买商品生产商品的公司就该倒闭了，倒闭影响到人们工作，怕没工作的人们更不敢乱花钱了，恶性循环[doge];-0.9924189141978399
银行存款利息越来越低，就是逼着储户们花钱，别再存钱了。降低人民群众的收入，提高人民群众消费水平，这就是大智慧，你们永远想不到这种谋略。。;回复@梨落清致:放家里通货膨胀一百块到几年变成50的购买力;0.31166177478991797
银行存款利息越来越低，就是逼着储户们花钱，别再存钱了。降低人民群众的收入，提高人民群众消费水平，这就是大智慧，你们永远想不到这种谋略。。;你但凡上过大学说不出这话，小儿科还谋略;-0.33351427684601065
银行存款利息越来越低，就是逼着储户们花钱，别再存钱了。降低人民群众的收入，提高人民群众消费水平，这就是大智慧，你们永远想不到这种谋略。。;回复@ni就是个弟弟8:认同你。贫富不均就是会阻碍经济发展。;0.7127870113652164
银行存款利息越来越低，就是逼着储户们花钱，别再存钱了。降低人民群众的收入，提高人民群众消费水平，这就是大智慧，你们永远想不到这种谋略。。;回复@ni就是个弟弟8:你不看看中国多少人主体还是工薪;0.5610936204228094
银行存款利息越来越低，就是逼着储户们花钱，别再存钱了。降低人民群众的收入，提高人民群众消费水平，这就是大智慧，你们永远想不到这种谋略。。;回复@护情:普通人现在都赚不到多个100[二哈];0.8351572956218873
银行存款利息越来越低，就是逼着储户们花钱，别再存钱了。降低人民群众的收入，提高人民群众消费水平，这就是大智慧，你们永远想不到这种谋略。。;回复@三花玳瑁猫:所以zf的谋略就在这一边稳住房地产价格一边让你们变相还贷房地产泡沫不就稳住了吗[允悲];0.7874382510801754
银行存款利息越来越低，就是逼着储户们花钱，别再存钱了。降低人民群众的收入，提高人民群众消费水平，这就是大智慧，你们永远想不到这种谋略。。;稍微微微了解点经济，都知道吧？[允悲];0.9899947480515847
银行存款利息越来越低，就是逼着储户们花钱，别再存钱了。降低人民群众的收入，提高人民群众消费水平，这就是大智慧，你们永远想不到这种谋略。。;别整的那么阴谋论，学一下经济学再说吧，市场好不好钱总量是不变的，经济不好是因为大家不花钱，钱流动不了，不是钱少了;-0.7231893508423513
银行存款利息越来越低，就是逼着储户们花钱，别再存钱了。降低人民群众的收入，提高人民群众消费水平，这就是大智慧，你们永远想不到这种谋略。。;现在经济形势这么不好随时都有可能被裁员没饭吃哪敢把存款拿出来乱花呀不得留点钱保命啊[哼];-0.6251337425397083
银行存款利息越来越低，就是逼着储户们花钱，别再存钱了。降低人民群众的收入，提高人民群众消费水平，这就是大智慧，你们永远想不到这种谋略。。;稍微懂点经济学的都知道;0.8935170373625607
银行存款利息越来越低，就是逼着储户们花钱，别再存钱了。降低人民群众的收入，提高人民群众消费水平，这就是大智慧，你们永远想不到这种谋略。。;不买房从你我做起，让那些炒房的人还有开发商继续炒，看他们坚持到什么时候;-0.6621969268615249
银行存款利息越来越低，就是逼着储户们花钱，别再存钱了。降低人民群众的收入，提高人民群众消费水平，这就是大智慧，你们永远想不到这种谋略。。;他想得美！越这样老子越不花钱，直到存款利率降到零，老子全取出来放家里不花，看谁耗得过谁[哈哈];0.9762112646942067
银行存款利息越来越低，就是逼着储户们花钱，别再存钱了。降低人民群众的收入，提高人民群众消费水平，这就是大智慧，你们永远想不到这种谋略。。;消费是不可能的。要么提前还贷，要么慢慢去香港转移财产，要么买黄金[doge];0.9580480292152114
银行存款利息越来越低，就是逼着储户们花钱，别再存钱了。降低人民群众的收入，提高人民群众消费水平，这就是大智慧，你们永远想不到这种谋略。。;回复@ni就是个弟弟8:一人花一百，全国人民就出的多了;-0.41624385245266327
银行存款利息越来越低，就是逼着储户们花钱，别再存钱了。降低人民群众的收入，提高人民群众消费水平，这就是大智慧，你们永远想不到这种谋略。。;只好把存款拿来提前还贷了;0.17151160544585808
银行存款利息越来越低，就是逼着储户们花钱，别再存钱了。降低人民群众的收入，提高人民群众消费水平，这就是大智慧，你们永远想不到这种谋略。。;回复@欢欢change:提高消费，消费拉动经济增长，但目前看来收效甚微，消费者对未来预期并不看好。;-0.5327137762965348
银行存款利息越来越低，就是逼着储户们花钱，别再存钱了。降低人民群众的收入，提高人民群众消费水平，这就是大智慧，你们永远想不到这种谋略。。;这谋略想要的结果是？;0.036059582197340845
银行存款利息越来越低，就是逼着储户们花钱，别再存钱了。降低人民群众的收入，提高人民群众消费水平，这就是大智慧，你们永远想不到这种谋略。。;搞得好像就你想到了一样。。。这不是很简单能理解的吗;-0.26002287641684174
银行存款利息越来越低，就是逼着储户们花钱，别再存钱了。降低人民群众的收入，提高人民群众消费水平，这就是大智慧，你们永远想不到这种谋略。。;回复@这里是某h的宣泄基地:不买立省100%[doge];-0.02286789552971813
银行存款利息越来越低，就是逼着储户们花钱，别再存钱了。降低人民群众的收入，提高人民群众消费水平，这就是大智慧，你们永远想不到这种谋略。。;那我们该咋办;-0.3187772925764192
-----;------;------;0.6624222021120638;0.9986205667025674;-0.9924189141978399;1.9910394809004073;0.0044802595497963615;264;1.1024755997719913e-06;0.26676120515986407;0.4446020085997734
既然是浮动利率，那么经济好了，基准利率涨了，小陈的利率就又得涨回去[笑而不语]少了41万言之过早;回复@取个名字真费劲啊我太难了:哈哈哈，那要不不要利息？也不可能啊，只是把中间商（银行bp）那部分去掉了;-0.5757931876652982
既然是浮动利率，那么经济好了，基准利率涨了，小陈的利率就又得涨回去[笑而不语]少了41万言之过早;回复@krari198502:Lpr的定价原理可以关注下，大幅度涨可能要不大，只能温水煮青蛙，慢慢涨;0.7962754035791011
既然是浮动利率，那么经济好了，基准利率涨了，小陈的利率就又得涨回去[笑而不语]少了41万言之过早;回复@我在墙内你在墙外:？？银行app上有显示啊，每个月的还款额本金占多少，利息占多少。利率高了利息不就高了？怎么是人为划分？现在如果lpr和bp可以更改降低甚至减免，利息不就更低了？人为的话，难道我想让它低它就低吗？当然你非要说，我提前全部还完不就没利息了，那你就当没看见吧，说不来。;-0.9999519109644226
既然是浮动利率，那么经济好了，基准利率涨了，小陈的利率就又得涨回去[笑而不语]少了41万言之过早;回复@RainbowDog丶:我的是6.35，是不是要是实施的话就是把多的点取消掉了，只收现在银行基础利率;-0.747761301656438
既然是浮动利率，那么经济好了，基准利率涨了，小陈的利率就又得涨回去[笑而不语]少了41万言之过早;Lpr长期趋势是降息;-0.6890505054150355
既然是浮动利率，那么经济好了，基准利率涨了，小陈的利率就又得涨回去[笑而不语]少了41万言之过早;回复@人微言轻233:没必要哭啊。原本每年都会变化。又不是一直这样;0.5868116149059588
既然是浮动利率，那么经济好了，基准利率涨了，小陈的利率就又得涨回去[笑而不语]少了41万言之过早;回复@学长不会玩微博崮rz:能给你降就能给你长，你以为天天给你发福利？;0.876729407656516
既然是浮动利率，那么经济好了，基准利率涨了，小陈的利率就又得涨回去[笑而不语]少了41万言之过早;回复@学长不会玩微博崮rz:规则都是谁来定的[思考];0.968361295405463
既然是浮动利率，那么经济好了，基准利率涨了，小陈的利率就又得涨回去[笑而不语]少了41万言之过早;正解哈哈;0.5238692614786293
既然是浮动利率，那么经济好了，基准利率涨了，小陈的利率就又得涨回去[笑而不语]少了41万言之过早;回复@学长不会玩微博崮rz:15个月……房贷一般是贷款10，20，30年的;0.44528088938973065
既然是浮动利率，那么经济好了，基准利率涨了，小陈的利率就又得涨回去[笑而不语]少了41万言之过早;回复@人微言轻233:固定加1[苦涩][苦涩][苦涩];0.9919487782098049
既然是浮动利率，那么经济好了，基准利率涨了，小陈的利率就又得涨回去[笑而不语]少了41万言之过早;回复@深深快到碗里来:还多少只和还款时间和利息有关，哪些是利息哪些是本金其实只是人为的划分[并不简单];0.7540454074934413
既然是浮动利率，那么经济好了，基准利率涨了，小陈的利率就又得涨回去[笑而不语]少了41万言之过早;除非他现在就全部还完。但银行也不会答应;-0.8315224857248376
既然是浮动利率，那么经济好了，基准利率涨了，小陈的利率就又得涨回去[笑而不语]少了41万言之过早;回复@阿拉丁爱护肤:我也一样，选的固定，哭死[衰];0.5930255492537326
既然是浮动利率，那么经济好了，基准利率涨了，小陈的利率就又得涨回去[笑而不语]少了41万言之过早;回复@RainbowDog丶:啊？真的假的？啥时候执行;-0.7253505483217739
既然是浮动利率，那么经济好了，基准利率涨了，小陈的利率就又得涨回去[笑而不语]少了41万言之过早;回复@RainbowDog丶:意思现在是4.2吗;-0.9336684475362746
既然是浮动利率，那么经济好了，基准利率涨了，小陈的利率就又得涨回去[笑而不语]少了41万言之过早;回复@学长不会玩微博崮rz:我之前选了固定[泪]请问这次降我的也能降吗;0.030407507344156315
既然是浮动利率，那么经济好了，基准利率涨了，小陈的利率就又得涨回去[笑而不语]少了41万言之过早;回复@RainbowDog丶:那真的期待能实施并且银行同意变更合同[泪][泪]每个月利息比本金多了快2倍还得真的难受╯﹏╰;0.003828894286018736
既然是浮动利率，那么经济好了，基准利率涨了，小陈的利率就又得涨回去[笑而不语]少了41万言之过早;回复@学长不会玩微博崮rz:bp是基点吗？;0.8703299031319749
既然是浮动利率，那么经济好了，基准利率涨了，小陈的利率就又得涨回去[笑而不语]少了41万言之过早;回复@深深快到碗里来:我还没去啊，我意思是这次如果能去掉;0.28516083753305144
既然是浮动利率，那么经济好了，基准利率涨了，小陈的利率就又得涨回去[笑而不语]少了41万言之过早;回复@yyccdkl:每条看完了再闹;-0.46040316880644316
既然是浮动利率，那么经济好了，基准利率涨了，小陈的利率就又得涨回去[笑而不语]少了41万言之过早;回复@假不正经洗头怪:少付的是bp啊跟lpr关系不大啊这么多人给你解释都解释不明白还在那加狗头;-0.9831661165437633
既然是浮动利率，那么经济好了，基准利率涨了，小陈的利率就又得涨回去[笑而不语]少了41万言之过早;回复@RainbowDog丶:朋友你的加点怎么去的啊[泪]我们的bp也是1点几;0.7204232434080373
既然是浮动利率，那么经济好了，基准利率涨了，小陈的利率就又得涨回去[笑而不语]少了41万言之过早;回复@学长不会玩微博崮rz:我不是专业的，但此文中说lpr多次下调，且从逻辑上讲，bp加免也是唯国家经济政策是瞻吧，所以经济好了，自然可以再加上来，对用户来讲也可算利率浮动了，所以现有利率算总共少付多少当然是刻舟求剑。;0.9882091338434027
既然是浮动利率，那么经济好了，基准利率涨了，小陈的利率就又得涨回去[笑而不语]少了41万言之过早;回复@假不正经洗头怪:浮动加点啊，像我21年买的，利率是lpr4.65%+加点1.23%=5.88%，现在把加点去掉了，每个月可以少还1000左右;-0.66025331340269
既然是浮动利率，那么经济好了，基准利率涨了，小陈的利率就又得涨回去[笑而不语]少了41万言之过早;回复@假不正经洗头怪:Bp变了啊，之前房价高的时候买的贷款bp都特别高，这次bp降低，不就少钱了吗？;-0.7502693173553718
既然是浮动利率，那么经济好了，基准利率涨了，小陈的利率就又得涨回去[笑而不语]少了41万言之过早;回复@假不正经洗头怪:bp是银行额外给你加的利息，现在国家给你免了[黑线];0.07003424081203447
既然是浮动利率，那么经济好了，基准利率涨了，小陈的利率就又得涨回去[笑而不语]少了41万言之过早;回复@学长不会玩微博崮rz:如果lpr变化不大，小陈高兴啥？这平白少付的41万又是如何来的[二哈];0.5518035401061243
既然是浮动利率，那么经济好了，基准利率涨了，小陈的利率就又得涨回去[笑而不语]少了41万言之过早;这个不会，浮动的是lpr，不变的是bp，之前主要是bp加的高，过去15个月lpr变化不大的;-0.9175493720694696
-----;------;------;0.7230046069232607;0.9919487782098049;-0.9999519109644226;1.9919006891742275;0.004049655412886266;264;1.1024755997719913e-06;0.2908219254295788;0.4847032090492979
不要高兴的这么早谁知道什么时候又涨回去呢;大概率不会涨的，早抛早安心，理财跑赢通货膨胀，未来10年后人口支持不了这么多房屋的量。;0.9344331051732697
不要高兴的这么早谁知道什么时候又涨回去呢;我想知道正在供房中，后面的利息会不会下降;0.6212044872268976
不要高兴的这么早谁知道什么时候又涨回去呢;取消公摊不一下就涨上去了吗[doge];-0.4118042726879012
不要高兴的这么早谁知道什么时候又涨回去呢;涨不回去咯，都没人住。老了都住养老院去，还要什么房子啊，有活不了多久，孩子都不生，房子传给谁，那么辛苦干什么;-0.9766565662532158
不要高兴的这么早谁知道什么时候又涨回去呢;已经涨了，北京房子连夜涨价;-0.10564806940036875
不要高兴的这么早谁知道什么时候又涨回去呢;赶紧提前还贷;-0.5801821701440302
不要高兴的这么早谁知道什么时候又涨回去呢;买在利率最高点，今年提前还了25W，现在降利率是不是又亏了。[允悲];0.7531728196672995
不要高兴的这么早谁知道什么时候又涨回去呢;使劲张涨，不会提前还贷？;-0.693950651221803
不要高兴的这么早谁知道什么时候又涨回去呢;那就涨好了[吃瓜];0.5566171793574795
不要高兴的这么早谁知道什么时候又涨回去呢;不会涨的，人口变少了，很多人不生孩子;0.30305715413228995
不要高兴的这么早谁知道什么时候又涨回去呢;好想知道去年买的，要是现在利息降了去年买的利息会不会跟着降？反正房价我知道我们这边应该不可能降了的;0.13575790617550565
不要高兴的这么早谁知道什么时候又涨回去呢;都不买就好了[嘻嘻];0.8813469022424958
不要高兴的这么早谁知道什么时候又涨回去呢;钱毛了，房子就涨了[允悲];0.9552460727260237
不要高兴的这么早谁知道什么时候又涨回去呢;都不生娃了卖给谁啊;0.3796742154808257
不要高兴的这么早谁知道什么时候又涨回去呢;不涨到一百万一平没意思;-0.8559233796411714
不要高兴的这么早谁知道什么时候又涨回去呢;涨就别想了，不掉就谢天谢地吧，以后除了外地人为孩子上学，其余的都不缺房子，中国人现在不骗中国人了快[允悲];0.9988820744415727
不要高兴的这么早谁知道什么时候又涨回去呢;回复@韭黄打蛋我中意:涨了还不是有钱人在买;0.11089678659498747
不要高兴的这么早谁知道什么时候又涨回去呢;回复@小白SQ12:完全不懂。所以才问嘛[开学季];-0.20657578756646733
-----;------;------;0.6404232186184169;0.9988820744415727;-0.9766565662532158;1.9755386406947886;0.012230679652605714;1084;4.5268316293668126e-06;0.26106246467473493;0.4351041077912248
为什么不是直接自动降低，还要去跟银行协商？;回复@LemontreezZ:啊这，不用查这么细应该，主要是审查你的住房贷款符不符合降息标准（每个行具体的执行标准应该会有细微差别，建议打电话问或者直接去办理贷款的支行问）;-0.9996526564868706
为什么不是直接自动降低，还要去跟银行协商？;回复@隐舟不渡:弱弱的问一句，如果申请以前买的房子降息，银行重新签订合同的话，还需要重新走贷款流程查征信什么的吗;-0.9997410679067231
为什么不是直接自动降低，还要去跟银行协商？;回复@熊猫没有黑眼圈l:我不知道别人是不是，但是我肯定不会嫌麻烦主动申请的，毕竟一年能省不少钱呢（当然，对那钱觉得无所谓的人例外）;-0.9848062717676553
为什么不是直接自动降低，还要去跟银行协商？;回复@豫A人在辽B:降肯定降，但是你存款多，有关系，公务员就降得多，普通人也弄不清政策和银行谈降得稀里糊涂降得少;-0.7133810149826496
为什么不是直接自动降低，还要去跟银行协商？;回复@蒙山-印象:什么叫协商？协商的前提是手里得有筹码[笑cry];0.5966248442185003
为什么不是直接自动降低，还要去跟银行协商？;回复@昵称无法显示流年:老百姓快被榨干了;0.36241370577997567
为什么不是直接自动降低，还要去跟银行协商？;回复@打酱油的小孩er:6.25一直苟延残喘;-0.4646148516568842
为什么不是直接自动降低，还要去跟银行协商？;回复@隐舟不渡:所以有的人就嫌麻烦，就这吧？;-0.7333545447693277
为什么不是直接自动降低，还要去跟银行协商？;回复@梦回十一岁:日期肯定跟剩余期限一致呀，本金应该也是剩余本金，;-0.4198979431772625
为什么不是直接自动降低，还要去跟银行协商？;回复@打酱油的小孩er:6.8的路过;0.3540090065657884
为什么不是直接自动降低，还要去跟银行协商？;回复@淡定丶小哥:差的也太多了，最苦的就是房奴了;-0.8560507804686281
为什么不是直接自动降低，还要去跟银行协商？;回复@打酱油的小孩er:我这商贷降到3.6了;0.04404731051308275
为什么不是直接自动降低，还要去跟银行协商？;前后差的太多了，6.1和4.5的，简直惨无人道啊[苦涩];-0.8468958046286004
为什么不是直接自动降低，还要去跟银行协商？;你说的那是真的要降，其实是并不是;-0.738746185385688
为什么不是直接自动降低，还要去跟银行协商？;回复@今天吃青菜了没:那么，等额本息的利息呢？我都还5年利息了…重新贷，重新还？;0.9235887866915702
为什么不是直接自动降低，还要去跟银行协商？;银行说劳资不搞，你又能如何;-0.9201027173199954
为什么不是直接自动降低，还要去跟银行协商？;回复@清咖啡好喝:找他们就是在虎口拔牙;-0.8004659022048703
为什么不是直接自动降低，还要去跟银行协商？;回复@豫A人在辽B:你太小看国家宏观调控的能力了[允悲]中央几句话一个行业就要发生点变革，这是一定的;0.9974782284574344
为什么不是直接自动降低，还要去跟银行协商？;回复@梦回十一岁:红头文件里写了，是新增一笔贷款来置换老的那笔房贷，肯定是要去银行签字的，连贷款合同都可能要重签[泪];-0.9846623507881405
为什么不是直接自动降低，还要去跟银行协商？;回复@穆行艺紫:你别说，我今天中午跟我一20年买房的朋友说这事儿，他就完全不知道[汗];-0.9950258832065597
为什么不是直接自动降低，还要去跟银行协商？;不是协商，是申请，你申请完了然后那边要审查的，就跟不告不理一样，要是自动的话你想全国多大体量，住建部财政部人民银行（还有其他各部门）工作人员不得累死[允悲];-0.9978207515009252
为什么不是直接自动降低，还要去跟银行协商？;银行一堆人精;-0.2676027853331884
为什么不是直接自动降低，还要去跟银行协商？;回复@豫A人在辽B:[允悲]放一百个心吧，央行发话了，商业银行敢不听的？[允悲];0.9871016185882495
为什么不是直接自动降低，还要去跟银行协商？;主动降，协商降，申请降，猜是哪种[允悲];0.38422997400181336
为什么不是直接自动降低，还要去跟银行协商？;因为这是缓兵之计很多人都在申请，提前还贷。现在贷的都没有还得多。这个政策就是为了让那些想提前还贷的人，继续还贷赚利息。;0.1614835993664352
为什么不是直接自动降低，还要去跟银行协商？;回复@清咖啡好喝:我觉得既然上头有这政策，银行或多或少得应对一下吧？[摊手];0.9830968278469618
为什么不是直接自动降低，还要去跟银行协商？;赞成👍下指令让所有银行的房贷统一同步下调利率，没有信息差。你好我好银行也好（沟通，协商，个体作业也需要成本）;-0.9135605077943731
为什么不是直接自动降低，还要去跟银行协商？;你不办卡，不存钱银行给你降吗？你细品;-0.9303567775648667
为什么不是直接自动降低，还要去跟银行协商？;如果自动降低更好，明天打电话问问;-0.954265441306517
为什么不是直接自动降低，还要去跟银行协商？;回复@豫A人在辽B:找银行协商无异于与虎谋皮;-0.8115986437917675
为什么不是直接自动降低，还要去跟银行协商？;回复@穆行艺紫:少不了折腾;-0.9711449437959678
为什么不是直接自动降低，还要去跟银行协商？;他们在赌大多数人不知道这条政策[吃瓜];0.7679431494057052
为什么不是直接自动降低，还要去跟银行协商？;就是啊，银行不同意协商的话，这政策跟放屁有什么区别;-0.9173416044710168
-----;------;------;0.7181479503198303;0.9974782284574344;-0.9997410679067231;1.9972192963641575;0.0013903518179212426;63;2.6309076812740703e-07;0.2878153734732542;0.4796922891220903
不懂就问：有那些房者激动得一夜没睡觉啦[疑问][疑问][疑问];回复@从前慢H-Y:应该可以降到4.9以下;0.1890836345665292
不懂就问：有那些房者激动得一夜没睡觉啦[疑问][疑问][疑问];回复@DouBan_:没办法啊买都买了[泪]降价了我也很心痛利率降了找点安慰[允悲];0.7372613353751079
不懂就问：有那些房者激动得一夜没睡觉啦[疑问][疑问][疑问];回复@一觉睡到九点半一:感谢感谢，瞬间明了;0.939013078092626
不懂就问：有那些房者激动得一夜没睡觉啦[疑问][疑问][疑问];回复@quan不玩低端局:谢谢，如果这样还需要从新审核流水和征信吗？我们房贷79万，6.22高利率，生意失败房子出不了手，真的很关心这个政策[泪];0.23739572690927813
不懂就问：有那些房者激动得一夜没睡觉啦[疑问][疑问][疑问];回复@从前慢H-Y:有，25号才开始，现在各地部门和银行在协商政策。网上新闻和网友算了几百万的房子30年能省40W;-0.906345276791042
不懂就问：有那些房者激动得一夜没睡觉啦[疑问][疑问][疑问];回复@阿兰欧尼酱:是首套吗;0.3083111668481029
不懂就问：有那些房者激动得一夜没睡觉啦[疑问][疑问][疑问];没有哦，二套房6.37，一毛没降听说，一套少了一百多块钱;-0.9373412411707025
不懂就问：有那些房者激动得一夜没睡觉啦[疑问][疑问][疑问];回复@碎发94:但是房子的总价也降了，你还得少了，羊毛出羊身上;0.027251094058061254
不懂就问：有那些房者激动得一夜没睡觉啦[疑问][疑问][疑问];回复@阿兰欧尼酱:我第一套6.15[泪]第二套4.9;0.8517711032608175
不懂就问：有那些房者激动得一夜没睡觉啦[疑问][疑问][疑问];脑子不好的，缺心眼的;-0.9331092925732964
不懂就问：有那些房者激动得一夜没睡觉啦[疑问][疑问][疑问];回复@林林是个小可爱:举个例子，你的合同是LPR+100，当时最低是LPR，你现在最低就能降到LPR，也就是4.2;-0.9907975774518656
不懂就问：有那些房者激动得一夜没睡觉啦[疑问][疑问][疑问];激动啊，至少今天看一问到底的时候老激动了，房贷+个税政策都有变动（反正对我来说是好事儿），但是睡不着那倒不至于[允悲];0.4600355530402638
不懂就问：有那些房者激动得一夜没睡觉啦[疑问][疑问][疑问];我激动了几分钟，不至于不睡觉;-0.06573632900814785
不懂就问：有那些房者激动得一夜没睡觉啦[疑问][疑问][疑问];回复@阿兰欧尼酱:我5.87[泪][泪];0.9696533518553911
不懂就问：有那些房者激动得一夜没睡觉啦[疑问][疑问][疑问];回复@阿兰欧尼酱:是，政策下来直接问银行最有用，最终解释权[允悲];0.8482811142473248
不懂就问：有那些房者激动得一夜没睡觉啦[疑问][疑问][疑问];回复@林林是个小可爱:母鸡，感觉各个地方不一样，可能银行都不一样呢。等消息吧;-0.9384691330932431
不懂就问：有那些房者激动得一夜没睡觉啦[疑问][疑问][疑问];回复@阿兰欧尼酱:数学不太好，我买的时候也是5.88，今年自己降到了5.53，政策下来最低大概可以降到多少呢;-0.14201080349261508
不懂就问：有那些房者激动得一夜没睡觉啦[疑问][疑问][疑问];回复@阿兰欧尼酱:对啊有房贷的肯定高兴啊不知道在阴阳怪气什么我前几年5.85，去年降到5.5。自动降的，没去银行申请;-0.9965293179867789
不懂就问：有那些房者激动得一夜没睡觉啦[疑问][疑问][疑问];回复@Ivan谦6519824962:急啥啊，总比没消息强啊。陆陆续续都会发布的;0.9697878269025426
不懂就问：有那些房者激动得一夜没睡觉啦[疑问][疑问][疑问];4.85的还是激动了一下子;0.5978800167853049
不懂就问：有那些房者激动得一夜没睡觉啦[疑问][疑问][疑问];自导自演呗;0.1490989484574461
不懂就问：有那些房者激动得一夜没睡觉啦[疑问][疑问][疑问];回复@quan不玩低端局:像我们供房五年的还有这个资格吗;-0.764272691416306
不懂就问：有那些房者激动得一夜没睡觉啦[疑问][疑问][疑问];我现在5，1，能降到4，3就很好了;0.11235924910024786
不懂就问：有那些房者激动得一夜没睡觉啦[疑问][疑问][疑问];回复@阿兰欧尼酱:你去问银行、看银行给你降吗;-0.9473214947733686
不懂就问：有那些房者激动得一夜没睡觉啦[疑问][疑问][疑问];回复@Ivan谦6519824962:哦哦;0.5187587766466581
不懂就问：有那些房者激动得一夜没睡觉啦[疑问][疑问][疑问];作者;0.33651551312649164
不懂就问：有那些房者激动得一夜没睡觉啦[疑问][疑问][疑问];我看到很激动啊，我买的时候5.88呢;0.5682977919492507
不懂就问：有那些房者激动得一夜没睡觉啦[疑问][疑问][疑问];回复@尊棣柯A-happy_and_joyful_day:要申请，好像这个月25号开始分地区进行划分降低幅度。跟银行协商的，能降多少就不知道了;-0.9963781166565757
不懂就问：有那些房者激动得一夜没睡觉啦[疑问][疑问][疑问];回复@尊棣柯A-happy_and_joyful_day:当初低的肯定影响不大呀，好多5-6的能省不少;0.10004065957888963
不懂就问：有那些房者激动得一夜没睡觉啦[疑问][疑问][疑问];我知道的几个北京上海的没变反正是[doge];-0.6983850064999093
-----;------;------;0.699186058661358;0.9697878269025426;-0.9965293179867789;1.9663171448893215;0.01684142755533924;18120;7.56699161661685e-05;0.2864261284699121;0.4773768807831868
利息是少了不假，但是韭菜们现在有首付的钱吗[doge];回复@蔡蔡的糖糖:咱们情况一样当时买房经济好自己多贷款买的现在压的喘不过来气;0.09176868081107159
利息是少了不假，但是韭菜们现在有首付的钱吗[doge];出一堆政策，就是和你说，凑凑首付，然后贷款买房，还个30年，打个比方哈不清楚具体的，以前借一百w还两百w，现在少个几十万的债，同时减少储蓄的利息，买房那不等于让你别存钱天天还月月还，买个衣服吃个好吃的都得犹豫许久;-0.9580211151040734
利息是少了不假，但是韭菜们现在有首付的钱吗[doge];回复@iuhg68638:有全款买房子的人根本不会看这条新闻;-0.08459450354206277
利息是少了不假，但是韭菜们现在有首付的钱吗[doge];回复@世事无常请你以后过得简单快乐些:是啊去地府还得背个失信人员的罪;0.9950125207359513
利息是少了不假，但是韭菜们现在有首付的钱吗[doge];回复@普罗旺斯的茴香田:[允悲]我可能就是有这个可能没还完就死了[苦涩];0.9995518133444361
利息是少了不假，但是韭菜们现在有首付的钱吗[doge];回复@普罗旺斯的茴香田:✓;0.960446016945695
利息是少了不假，但是韭菜们现在有首付的钱吗[doge];[doge]本韭菜累啦，看了半年的房计算了一下，还是租房好，啥时候活不下去就走吧[二哈]省的下去了还惦记着房贷还没还完;-0.8180996037816364
利息是少了不假，但是韭菜们现在有首付的钱吗[doge];回复@7日寻回真爱:反正不买房就对了明年都说不到更何况未知的30年房贷压的喘不过气，说不定房贷没还完人就死了[偷笑];-0.9880744061201301
利息是少了不假，但是韭菜们现在有首付的钱吗[doge];真实有首付也不行了现在这经济随时失业哦;0.2103717209556799
利息是少了不假，但是韭菜们现在有首付的钱吗[doge];不买房从你我做起，让那些炒房的人还有开发商继续炒，看他们坚持到什么时候;-0.6621969268615249
利息是少了不假，但是韭菜们现在有首付的钱吗[doge];全款买还好，贷款买就算了[doge];0.28623972512306417
利息是少了不假，但是韭菜们现在有首付的钱吗[doge];回复@蔡蔡的糖糖:能买房肯定你有实力收入的[doge]江苏都是大佬;0.9956691599526093
利息是少了不假，但是韭菜们现在有首付的钱吗[doge];[doge]没有;0.0
利息是少了不假，但是韭菜们现在有首付的钱吗[doge];回复@木石姻缘8:所以不要存钱，赶紧消费;-0.854060942762592
利息是少了不假，但是韭菜们现在有首付的钱吗[doge];我20年买的房子5.88，现在跌到位首付都没有了[泪]就这一套房子，已经还不起房贷了，后悔死了;-0.04602231620105868
利息是少了不假，但是韭菜们现在有首付的钱吗[doge];五年存款利率从3一路下降到2.25。200万一年少掉1.5万，30年少45万。[doge]房贷省下来的钱，储户买单！;0.9254117207329391
-----;------;------;0.7316587886779387;0.9995518133444361;-0.9880744061201301;1.9876262194645662;0.006186890267716905;425;1.774818673875365e-06;0.295138626541997;0.4918977109033283
你和人家什么关系，为什么人家睡不着第一时间告诉你啊[哼];[允悲];0.9459634540755057
你和人家什么关系，为什么人家睡不着第一时间告诉你啊[哼];你知道的太多了同志，这样不好[微笑];-0.47847252919500116
你和人家什么关系，为什么人家睡不着第一时间告诉你啊[哼];对的，我也想说小陈是谁，陈奕迅吗;0.48124236234190065
你和人家什么关系，为什么人家睡不着第一时间告诉你啊[哼];资本家自说自话呢[笑cry][笑cry];-0.6867943428173815
你和人家什么关系，为什么人家睡不着第一时间告诉你啊[哼];哈哈哈哈哈哈哈哈哈哈哈哈哈哈哈哈哈哈[doge];0.9999545604660529
-----;------;------;0.7083075007013253;0.9999545604660529;-0.6867943428173815;1.6867489032834344;0.1566255483582828;85;3.54963734775073e-07;0.3459732906165902;0.5766221510276502
都还没出细则呢;本来就是故事会啊，还真以为有小陈小李;-0.05656459515690737
都还没出细则呢;25号可申请;-0.8647721612208343
都还没出细则呢;具体流程啥时候出;0.5455037408113086
都还没出细则呢;后续一系列都没出然后也不知道什么时候推行别搞个延后那就搞笑了[doge];-0.39200345652318314
都还没出细则呢;搞笑死了;-0.5739235172737096
-----;------;------;0.48406522603501345;0.5455037408113086;-0.8647721612208343;1.410275902032143;0.29486204898392854;4;1.670417575412108e-08;0.31157091334841197;0.5192848555806865
首套房直接自动降，而不是申请！这才是好消息！;回复@子墨_没回是被黑了:哦对支持[泪];0.6166805520441785
首套房直接自动降，而不是申请！这才是好消息！;都浮动利率了，以后要涨了也不用跟你说呗[doge][doge][doge];-0.79932103278088
首套房直接自动降，而不是申请！这才是好消息！;回复@LCJ使用了一张改名卡:楼主是在倡导不是科普吧……;-0.5978252650717426
首套房直接自动降，而不是申请！这才是好消息！;回复@从前慢H-Y:现在很多城市政策是认房不认贷，就是只要你名下现在没有，就算首套;0.8879979468529808
首套房直接自动降，而不是申请！这才是好消息！;回复@从前慢H-Y:算;0.6406777364751821
首套房直接自动降，而不是申请！这才是好消息！;真的假的，我加95点啊，怕银行不给我改，之前只有LPR是浮动的。;-0.9475079747829773
首套房直接自动降，而不是申请！这才是好消息！;回复@从前慢H-Y:算，认房不认贷;0.5681731249107009
首套房直接自动降，而不是申请！这才是好消息！;回复@从前慢H-Y:算;0.6406777364751821
首套房直接自动降，而不是申请！这才是好消息！;之前有房卖掉又从新买的算不算首套;-0.401292083346388
首套房直接自动降，而不是申请！这才是好消息！;让你申请就不错了[doge];0.01135827156914826
首套房直接自动降，而不是申请！这才是好消息！;自动降？;-0.5250849416264709
-----;------;------;0.6496669440474551;0.8879979468529808;-0.9475079747829773;1.8355059216359582;0.08224703918202092;109;4.5518878929979947e-07;0.29276568432954825;0.48794280721591365
刚刚去买了几套，用的两成首付，然后贷款50年，保证不提前还;回复@zjmachw918:不然呢，不还款直接执行你;-0.8320743628447764
刚刚去买了几套，用的两成首付，然后贷款50年，保证不提前还;回复@kbjndxw2msdz:是吗？先还利息不还本金也不能贷款50年吗？;-0.7929700120469105
刚刚去买了几套，用的两成首付，然后贷款50年，保证不提前还;回复@满身星辰寻你:不让啊，我想多贷款几十年，还想先还利息不还本金。;0.9167894185468923
刚刚去买了几套，用的两成首付，然后贷款50年，保证不提前还;看懂了，你别搞笑[允悲];0.9727842315623929
刚刚去买了几套，用的两成首付，然后贷款50年，保证不提前还;回复@kbjndxw2msdz:现在房贷好像都能继承了[笑cry]我看开玩笑说北京买房，贷贷相传，从爷爷还到孙子还[兔子];0.9956274239657006
刚刚去买了几套，用的两成首付，然后贷款50年，保证不提前还;50年？这么高的的利率，不想贷款这么久！;-0.12372449858888412
刚刚去买了几套，用的两成首付，然后贷款50年，保证不提前还;想把房贷继承给你儿子？[doge];0.9725842060716665
刚刚去买了几套，用的两成首付，然后贷款50年，保证不提前还;忘了加[doge][doge][doge]？;-0.03844247898460229
刚刚去买了几套，用的两成首付，然后贷款50年，保证不提前还;积极响应国家政策[good][good][good];0.5734864779772495
刚刚去买了几套，用的两成首付，然后贷款50年，保证不提前还;原来套路在这里;-0.16666666666666718
刚刚去买了几套，用的两成首付，然后贷款50年，保证不提前还;最多不是30年么能贷50年？;-0.24843349033404616
刚刚去买了几套，用的两成首付，然后贷款50年，保证不提前还;直接不还，50年等于无限还利益，每个月比40年少不了几个数，还不如不还[二哈]才两成首付，不还的人多了银行来不及一个个起诉，法院也来不及判，判了也来不及收房，一整个金融次贷大危机;0.9815308142439632
刚刚去买了几套，用的两成首付，然后贷款50年，保证不提前还;你咋不贷100年呢[疑問];-0.7085615456224581
-----;------;------;0.7051609225405712;0.9956274239657006;-0.8320743628447764;1.827701786810477;0.0861491065947615;17;7.09927469550146e-08;0.31652402585268247;0.527540043087804
现在的房子除了刚需没人买，新房贵，二手房便宜都卖不出去，新房买到手就亏，都是有市五价，可能北上广深要好很多，其他城市惨不忍睹，我们小区从18年2.7万一平现在跌到最低1.9万那套挂了半个月还没卖出去;回复@三年鱼:我没记错的话差不多19年左右买房已经算不上投资了;-0.3870329441363911
现在的房子除了刚需没人买，新房贵，二手房便宜都卖不出去，新房买到手就亏，都是有市五价，可能北上广深要好很多，其他城市惨不忍睹，我们小区从18年2.7万一平现在跌到最低1.9万那套挂了半个月还没卖出去;回复@尺八音:投资本身就有赢有亏;0.9432388364278876
现在的房子除了刚需没人买，新房贵，二手房便宜都卖不出去，新房买到手就亏，都是有市五价，可能北上广深要好很多，其他城市惨不忍睹，我们小区从18年2.7万一平现在跌到最低1.9万那套挂了半个月还没卖出去;回复@芝芝桃桃莓莓o:上海二手房，但凡是在2020年10月前，jyd疯狂炒房那一波前买的，一年的普遍涨幅都有30-40%左右。你应该是追高了;-0.9862098902350782
现在的房子除了刚需没人买，新房贵，二手房便宜都卖不出去，新房买到手就亏，都是有市五价，可能北上广深要好很多，其他城市惨不忍睹，我们小区从18年2.7万一平现在跌到最低1.9万那套挂了半个月还没卖出去;回复@祝月亮和我万事顺利:房价放着也是贬值[笑cry];0.9883473425227103
现在的房子除了刚需没人买，新房贵，二手房便宜都卖不出去，新房买到手就亏，都是有市五价，可能北上广深要好很多，其他城市惨不忍睹，我们小区从18年2.7万一平现在跌到最低1.9万那套挂了半个月还没卖出去;回复@康晓东KK:没在上海卖过房就别瞎说了;-0.7481518930149031
现在的房子除了刚需没人买，新房贵，二手房便宜都卖不出去，新房买到手就亏，都是有市五价，可能北上广深要好很多，其他城市惨不忍睹，我们小区从18年2.7万一平现在跌到最低1.9万那套挂了半个月还没卖出去;我们这二手安置房比一手房正规小区还贵😂，六线城市，外来人口一年比一年少;-0.9846203613345741
现在的房子除了刚需没人买，新房贵，二手房便宜都卖不出去，新房买到手就亏，都是有市五价，可能北上广深要好很多，其他城市惨不忍睹，我们小区从18年2.7万一平现在跌到最低1.9万那套挂了半个月还没卖出去;1.2万应该能卖出去。;-0.5408512816192603
现在的房子除了刚需没人买，新房贵，二手房便宜都卖不出去，新房买到手就亏，都是有市五价，可能北上广深要好很多，其他城市惨不忍睹，我们小区从18年2.7万一平现在跌到最低1.9万那套挂了半个月还没卖出去;回复@三年鱼:以前叫投资，现在除了住没有任何投资价值;0.8847399373925455
现在的房子除了刚需没人买，新房贵，二手房便宜都卖不出去，新房买到手就亏，都是有市五价，可能北上广深要好很多，其他城市惨不忍睹，我们小区从18年2.7万一平现在跌到最低1.9万那套挂了半个月还没卖出去;回复@ao锅的盔甲:因为9500后上来了，大家受教育水平普遍高得多了，大家对学区房的想法就没那么强了[awsl]太棒了;0.7342043579051745
现在的房子除了刚需没人买，新房贵，二手房便宜都卖不出去，新房买到手就亏，都是有市五价，可能北上广深要好很多，其他城市惨不忍睹，我们小区从18年2.7万一平现在跌到最低1.9万那套挂了半个月还没卖出去;北广不清楚，上深反正也够呛，深圳二手房市场这两年一直冷，不大出血很难卖得动。上海前两年买新房的心里还平衡些可能，毕竟有限价，到手就有赚，就算这一年价格没咋动过但也算基本保本，买了二手房的有的已经在亏了;-0.9996713608624157
现在的房子除了刚需没人买，新房贵，二手房便宜都卖不出去，新房买到手就亏，都是有市五价，可能北上广深要好很多，其他城市惨不忍睹，我们小区从18年2.7万一平现在跌到最低1.9万那套挂了半个月还没卖出去;回复@芝芝桃桃莓莓o:有吗？上海其实是涨的比两三年前;0.829983304851317
现在的房子除了刚需没人买，新房贵，二手房便宜都卖不出去，新房买到手就亏，都是有市五价，可能北上广深要好很多，其他城市惨不忍睹，我们小区从18年2.7万一平现在跌到最低1.9万那套挂了半个月还没卖出去;没毛病。挂了俩月无人问津[笑cry];-0.7544935104183099
现在的房子除了刚需没人买，新房贵，二手房便宜都卖不出去，新房买到手就亏，都是有市五价，可能北上广深要好很多，其他城市惨不忍睹，我们小区从18年2.7万一平现在跌到最低1.9万那套挂了半个月还没卖出去;房地产本来就是投资行为;0.8933731873109618
现在的房子除了刚需没人买，新房贵，二手房便宜都卖不出去，新房买到手就亏，都是有市五价，可能北上广深要好很多，其他城市惨不忍睹，我们小区从18年2.7万一平现在跌到最低1.9万那套挂了半个月还没卖出去;回复@椰子椰子耶zhi:现实是房子跟车子就是刚需啊美女没有房子跟车子女生的门口都碰不到[允悲];-0.8559706043061759
现在的房子除了刚需没人买，新房贵，二手房便宜都卖不出去，新房买到手就亏，都是有市五价，可能北上广深要好很多，其他城市惨不忍睹，我们小区从18年2.7万一平现在跌到最低1.9万那套挂了半个月还没卖出去;还是看地段，我跟你坐标应该一样，旁边三万八的精装房开盘很快就卖完了[笑cry][笑cry][笑cry]，只能感叹有钱人还是多。;0.9929082919057204
现在的房子除了刚需没人买，新房贵，二手房便宜都卖不出去，新房买到手就亏，都是有市五价，可能北上广深要好很多，其他城市惨不忍睹，我们小区从18年2.7万一平现在跌到最低1.9万那套挂了半个月还没卖出去;没有刚需这一说，连刚需这个词儿都是造出来割那啥的;-0.7041302819121638
现在的房子除了刚需没人买，新房贵，二手房便宜都卖不出去，新房买到手就亏，都是有市五价，可能北上广深要好很多，其他城市惨不忍睹，我们小区从18年2.7万一平现在跌到最低1.9万那套挂了半个月还没卖出去;回复@鹿遇黎叔:16年差不多1.45一平买的，现在卖也不赚了，最高点的时候没出手，现在2左右还要看客户脸色，贷款还了8年多利息都差不多50万;-0.704858391078774
现在的房子除了刚需没人买，新房贵，二手房便宜都卖不出去，新房买到手就亏，都是有市五价，可能北上广深要好很多，其他城市惨不忍睹，我们小区从18年2.7万一平现在跌到最低1.9万那套挂了半个月还没卖出去;回复@祝月亮和我万事顺利:能租出去就有价值，看个人想法，我个人觉得现在现金流才是王道，有钱放手上啥都不做静观其变，因为不动产现在也开始动摇了，最怕就是突然各个城市开始取消公摊，那我只能说喔豁[笑cry];0.9725639428115336
现在的房子除了刚需没人买，新房贵，二手房便宜都卖不出去，新房买到手就亏，都是有市五价，可能北上广深要好很多，其他城市惨不忍睹，我们小区从18年2.7万一平现在跌到最低1.9万那套挂了半个月还没卖出去;本身2万7就是虚高，你买的时候多少钱一平？我们这16年7000一平，20年直接涨到2万多一平，如果现在卖10000出头都不会亏，最多持平。;-0.3062063537776991
现在的房子除了刚需没人买，新房贵，二手房便宜都卖不出去，新房买到手就亏，都是有市五价，可能北上广深要好很多，其他城市惨不忍睹，我们小区从18年2.7万一平现在跌到最低1.9万那套挂了半个月还没卖出去;回复@祝月亮和我万事顺利:去大A，跟老胡做战友吧;0.9961114133426219
现在的房子除了刚需没人买，新房贵，二手房便宜都卖不出去，新房买到手就亏，都是有市五价，可能北上广深要好很多，其他城市惨不忍睹，我们小区从18年2.7万一平现在跌到最低1.9万那套挂了半个月还没卖出去;回复@芝芝桃桃莓莓o:现在都在等，等都卖不掉就能越来越便宜了，坐空;0.48992825593763256
现在的房子除了刚需没人买，新房贵，二手房便宜都卖不出去，新房买到手就亏，都是有市五价，可能北上广深要好很多，其他城市惨不忍睹，我们小区从18年2.7万一平现在跌到最低1.9万那套挂了半个月还没卖出去;手上有一套一室小房（出租中，每月租金抵了还贷款还有余），卖了的话大概不到一百万，可是现在能用这一百万干啥呢，放银行贬值么，也不敢瞎投资[悲伤][悲伤][悲伤];0.9999806273202423
现在的房子除了刚需没人买，新房贵，二手房便宜都卖不出去，新房买到手就亏，都是有市五价，可能北上广深要好很多，其他城市惨不忍睹，我们小区从18年2.7万一平现在跌到最低1.9万那套挂了半个月还没卖出去;二手房真的没人要[doge]学区要不是顶级好的话没人要，这两年人没有那么疯狂了;-0.6474765176597461
现在的房子除了刚需没人买，新房贵，二手房便宜都卖不出去，新房买到手就亏，都是有市五价，可能北上广深要好很多，其他城市惨不忍睹，我们小区从18年2.7万一平现在跌到最低1.9万那套挂了半个月还没卖出去;北上广也是，我的亏了大几十万卖了;0.27799686957909464
现在的房子除了刚需没人买，新房贵，二手房便宜都卖不出去，新房买到手就亏，都是有市五价，可能北上广深要好很多，其他城市惨不忍睹，我们小区从18年2.7万一平现在跌到最低1.9万那套挂了半个月还没卖出去;二手房真的降价都没人买;-0.9799970263405207
-----;------;------;0.8153896590545591;0.9999806273202423;-0.9996713608624157;1.999651988182658;0.0001740059086710044;1096;4.576944156629176e-06;0.3262263813741234;0.5437106356235389
难道这不是应该的嘛[二哈]！房价上涨的时候购房者不得不买的时候，他在承受高房价的同时还不得不承受贷款银行过来宰你一刀🔪还不能反抗，没有老百姓存钱给银行🏦你银行怎么活下去，但却落井下石有啥好激动的;回复@lmxumrrr:房子是住的一套就够啦我多买啥以后又不咋值钱[抱抱];-0.8015417346874822
难道这不是应该的嘛[二哈]！房价上涨的时候购房者不得不买的时候，他在承受高房价的同时还不得不承受贷款银行过来宰你一刀🔪还不能反抗，没有老百姓存钱给银行🏦你银行怎么活下去，但却落井下石有啥好激动的;回复@芊言Lradiata:又穷又要基因延续;0.8959604603015761
难道这不是应该的嘛[二哈]！房价上涨的时候购房者不得不买的时候，他在承受高房价的同时还不得不承受贷款银行过来宰你一刀🔪还不能反抗，没有老百姓存钱给银行🏦你银行怎么活下去，但却落井下石有啥好激动的;回复@USA_Hansel:你好经典[笑cry]你赶紧多买几套;-0.28253604387463627
难道这不是应该的嘛[二哈]！房价上涨的时候购房者不得不买的时候，他在承受高房价的同时还不得不承受贷款银行过来宰你一刀🔪还不能反抗，没有老百姓存钱给银行🏦你银行怎么活下去，但却落井下石有啥好激动的;回复@叫Jerry的小男孩:你应该去🇺🇸啊都说发房子领取救济金非常适合你！我喜欢🇨🇳跟着国家政策走少bb在自己能力范围内享受😋;0.9631415519120632
难道这不是应该的嘛[二哈]！房价上涨的时候购房者不得不买的时候，他在承受高房价的同时还不得不承受贷款银行过来宰你一刀🔪还不能反抗，没有老百姓存钱给银行🏦你银行怎么活下去，但却落井下石有啥好激动的;回复@蓝色的峰和尚:你全款就OK啦银行有好政策我干嘛不贷款;-0.5401375034174636
难道这不是应该的嘛[二哈]！房价上涨的时候购房者不得不买的时候，他在承受高房价的同时还不得不承受贷款银行过来宰你一刀🔪还不能反抗，没有老百姓存钱给银行🏦你银行怎么活下去，但却落井下石有啥好激动的;回复@USA_Hansel:你怎么还不去🇺🇸;-0.8301936883372429
难道这不是应该的嘛[二哈]！房价上涨的时候购房者不得不买的时候，他在承受高房价的同时还不得不承受贷款银行过来宰你一刀🔪还不能反抗，没有老百姓存钱给银行🏦你银行怎么活下去，但却落井下石有啥好激动的;回复@USA_Hansel:东百银[good]典;0.7183578612047958
难道这不是应该的嘛[二哈]！房价上涨的时候购房者不得不买的时候，他在承受高房价的同时还不得不承受贷款银行过来宰你一刀🔪还不能反抗，没有老百姓存钱给银行🏦你银行怎么活下去，但却落井下石有啥好激动的;回复@USA_Hansel:呦呦呦，地方银行趁机加息割韭菜还不让说了，你这么舔怎么不去支持一下银行;-0.9998878933325015
难道这不是应该的嘛[二哈]！房价上涨的时候购房者不得不买的时候，他在承受高房价的同时还不得不承受贷款银行过来宰你一刀🔪还不能反抗，没有老百姓存钱给银行🏦你银行怎么活下去，但却落井下石有啥好激动的;回复@芊言Lradiata:房价上涨的那几年赶上年龄必须结婚的～这个社会你没房子咋接～哎;0.21148957210966368
难道这不是应该的嘛[二哈]！房价上涨的时候购房者不得不买的时候，他在承受高房价的同时还不得不承受贷款银行过来宰你一刀🔪还不能反抗，没有老百姓存钱给银行🏦你银行怎么活下去，但却落井下石有啥好激动的;你不用存也不用贷全款不就好了吗给你政策你挑三拣四都你家菜园子了[可怜];-0.11091737844819272
难道这不是应该的嘛[二哈]！房价上涨的时候购房者不得不买的时候，他在承受高房价的同时还不得不承受贷款银行过来宰你一刀🔪还不能反抗，没有老百姓存钱给银行🏦你银行怎么活下去，但却落井下石有啥好激动的;房价上涨为啥不得不买？;-0.9842875514889273
-----;------;------;0.7194405763301763;0.9631415519120632;-0.9998878933325015;1.9630294452445647;0.018485277377717657;134;5.595898877630563e-07;0.2951704534011351;0.49195075566855845
老是这么搞是资本家的手段吗散播这种消息;省这么多的人在乎41万[doge]一个月一千多，毛毛雨;0.5787442609101516
-----;------;------;0.0;0.5787442609101516;;0;1.0;461;1.9251562556624548e-06;0.4000003850312512;0.6666673083854185
房子，单边上涨，一定是不可持续的，然而一味看空，一味的无脑卖空也是不可行的。国人的资产，一定要留在国内，而国内，作为资产的蓄水池，房地产不能占比过高，也不能短时间内出现被卖空的情况。我们应该鼓励创业，鼓励投资，政策不仅仅要呵护房市，更重要的是要解决就业，解决资产安全和活力升值。;回复@道怒天倾:房子涨价过度，确实是损害了老百姓，尤其是工薪阶层，只是，我们的土地升值，也有一部分，是价值回归。无论你看空看多，我们只是过度将房地产产业链地方财政挂钩太多。只要打破其附加属性，严控过热或者过冷导致影响经济层面，市场经济下的商品波动价格主要适度，也是常态。现在是因为共振产生过度问题;0.9999975947085264
房子，单边上涨，一定是不可持续的，然而一味看空，一味的无脑卖空也是不可行的。国人的资产，一定要留在国内，而国内，作为资产的蓄水池，房地产不能占比过高，也不能短时间内出现被卖空的情况。我们应该鼓励创业，鼓励投资，政策不仅仅要呵护房市，更重要的是要解决就业，解决资产安全和活力升值。;老哥你的看法宏观上是正确的;0.8744372796062658
房子，单边上涨，一定是不可持续的，然而一味看空，一味的无脑卖空也是不可行的。国人的资产，一定要留在国内，而国内，作为资产的蓄水池，房地产不能占比过高，也不能短时间内出现被卖空的情况。我们应该鼓励创业，鼓励投资，政策不仅仅要呵护房市，更重要的是要解决就业，解决资产安全和活力升值。;回复@馋丫头1102:是啊，毕竟一天有晨昏早晚，一年有夏秋冬春，既要吃饱喝好，又要暑暖冬凉，既要童叟康健，又要夫唱妇随。又不是小孩子，做选择题，当然是【全都要】。大家都可以渡过难关，焕发新生和活力我们也就可以否极泰来。;0.9999985310754982
房子，单边上涨，一定是不可持续的，然而一味看空，一味的无脑卖空也是不可行的。国人的资产，一定要留在国内，而国内，作为资产的蓄水池，房地产不能占比过高，也不能短时间内出现被卖空的情况。我们应该鼓励创业，鼓励投资，政策不仅仅要呵护房市，更重要的是要解决就业，解决资产安全和活力升值。;既要又要还要;-0.42243436754176567
房子，单边上涨，一定是不可持续的，然而一味看空，一味的无脑卖空也是不可行的。国人的资产，一定要留在国内，而国内，作为资产的蓄水池，房地产不能占比过高，也不能短时间内出现被卖空的情况。我们应该鼓励创业，鼓励投资，政策不仅仅要呵护房市，更重要的是要解决就业，解决资产安全和活力升值。;劳苦大众这两年的幸福感和安全感直线下降，睡着了都在紧张口袋里这几个子儿.;-0.19286994161438176
-----;------;------;0.6260270860129946;0.9999985310754982;-0.42243436754176567;1.4224328986172639;0.2887835506913681;345;1.4407351587929432e-06;0.3659245428287768;0.6098742380479613
[嘻嘻]少的41万，在8线小城又可以买一套房了～;八线城市也低了啊还可以去鹤岗买一套[送花花];0.5651835109835259
[嘻嘻]少的41万，在8线小城又可以买一套房了～;好家伙，你搁这卡baff呢[doge];-0.5602932002570578
[嘻嘻]少的41万，在8线小城又可以买一套房了～;中产没你想的这么蠢，这年头在八线小城买房除了刚需没有任何投资价值;0.9341709174685657
[嘻嘻]少的41万，在8线小城又可以买一套房了～;这种傻哔新闻，它们觉得全国富得流油一样。;0.5925162705092564
-----;------;------;0.5636220578920547;0.9341709174685657;-0.5602932002570578;1.4944641177256235;0.25276794113718826;260;1.0857714240178702e-06;0.32655621676598195;0.5442603612766365
房价涨了要骂房价跌了也骂[笑cry]真精彩;回复@分裂毕加索:哇[哆啦A梦吃惊][哆啦A梦吃惊]这真的很牛;0.10663908719446291
房价涨了要骂房价跌了也骂[笑cry]真精彩;回复@长歌-长歌:哈哈，这大概就是传说中的祸兮福之所倚吧，每次出现倒霉的事的时候感觉冥冥之中都有它的用意，之前坐大巴也是，上车发现靠窗的座位被抢了，还是个妹子我也不好跟她较真，一路上睡得脖子都疼，结果路上就出车祸被另一辆大巴从靠窗的方向撞了。抢我位置的头破了（也不算严重）我被震到过道上啥事也没有;0.9999889005057192
房价涨了要骂房价跌了也骂[笑cry]真精彩;回复@程八九不出门:[笑cry]嗯嗯你厉害你厉害网络上二极管是最厉害的;-0.5147149957319537
房价涨了要骂房价跌了也骂[笑cry]真精彩;回复@七仔HHHeast:嘿，两句话让人认清自己，我真厉害;0.8231215182658131
房价涨了要骂房价跌了也骂[笑cry]真精彩;回复@程八九不出门:二极管急啥这就急了;-0.48750565676645885
房价涨了要骂房价跌了也骂[笑cry]真精彩;回复@七仔HHHeast:懂事了;0.7579829353763061
房价涨了要骂房价跌了也骂[笑cry]真精彩;回复@七仔HHHeast:孩子长大了;0.9563069234108634
房价涨了要骂房价跌了也骂[笑cry]真精彩;回复@七仔HHHeast:恭喜你有自知之明;0.9263587086505858
房价涨了要骂房价跌了也骂[笑cry]真精彩;回复@程八九不出门:无所谓啊二极管是这样的[笑cry];0.27417945033550595
房价涨了要骂房价跌了也骂[笑cry]真精彩;回复@七仔HHHeast:你说不说都说你[doge]行了吧;-0.4322916212606174
房价涨了要骂房价跌了也骂[笑cry]真精彩;回复@程八九不出门:是很正常啊，那你看到不同面的我的评论又有什么可说的呢？;0.182756251052125
房价涨了要骂房价跌了也骂[笑cry]真精彩;回复@七仔HHHeast:我的意思是所有的东西不是只有一面，这不是很正常的吗;0.14179350667006552
房价涨了要骂房价跌了也骂[笑cry]真精彩;回复@程八九不出门:你的世界只知道说别人正负极吗;0.4963208417700222
房价涨了要骂房价跌了也骂[笑cry]真精彩;回复@Lcc06659:我倒希望我搞得起房地产呢;-0.6722809745288925
房价涨了要骂房价跌了也骂[笑cry]真精彩;回复@神也戏人c:上交继续养你这种伸手族？;0.9526117268766368
房价涨了要骂房价跌了也骂[笑cry]真精彩;回复@Mr_归尘:建议你把全部家产上交帮助国家渡过难关;-0.7052971511067319
房价涨了要骂房价跌了也骂[笑cry]真精彩;[doge]你的世界正负极吗;0.4843130062357488
房价涨了要骂房价跌了也骂[笑cry]真精彩;骂的都是炒房客，现在的趋势房价不太会像以前一样一直暴涨了。当然买回来自住的人肯定开心。;-0.9948717675567991
房价涨了要骂房价跌了也骂[笑cry]真精彩;做不好就该批评，人和人想法怎么完全一样？不如说所有人只有一种想法才可怕;0.6776098440275613
房价涨了要骂房价跌了也骂[笑cry]真精彩;回复@枫魂007:搞朝鲜那样分房你们也骂。搞市场经济你也骂。;-0.4721695767459382
房价涨了要骂房价跌了也骂[笑cry]真精彩;不太懂我是吃瓜群众;-0.6993234911086819
房价涨了要骂房价跌了也骂[笑cry]真精彩;回复@分裂毕加索:好家伙，你这是命里拿财的手[笑cry]别人轻易捞不走，挺好的;0.9627446045164312
房价涨了要骂房价跌了也骂[笑cry]真精彩;还好过完年没买，本来今年三四月份想买房的，都约好中介去看了，结果去的路上在普陀区那边的高架上和别人的车蹭了，然后我的车就进维修厂了，修了三天，打断了我去看房的计划。然后从那开始房价一路跌，就暂时没再约过中介了[跪了];-0.9995517505985878
房价涨了要骂房价跌了也骂[笑cry]真精彩;2波人，很正常;0.7385762823526751
房价涨了要骂房价跌了也骂[笑cry]真精彩;你是体制内的？;0.7458490409947143
房价涨了要骂房价跌了也骂[笑cry]真精彩;当然要骂。我们可是社会主义国家，不忘初心牢记使命。让人民住上价格低廉的房子可是应有之义。[doge];0.921213822165962
房价涨了要骂房价跌了也骂[笑cry]真精彩;你就是搞房地产的吧;0.232776383862481
房价涨了要骂房价跌了也骂[笑cry]真精彩;看评论，一帮巨婴，就知道国家有多难。他们只爱自己;0.204950471833242
-----;------;------;0.6601480926109746;0.9999889005057192;-0.9995517505985878;1.999540651104307;0.00022967444784649516;120;5.011252726236324e-07;0.264151207048583;0.4402520117476383
我当时就没选LPR，就每个月固定挺好，涨涨降降的[允悲];选择固定利息的是不是这次政策用不上没关系？;0.22355111401256855
我当时就没选LPR，就每个月固定挺好，涨涨降降的[允悲];我买房时，银行都没给我们提等额本金这回事，我提出来了人家又说我流水达不到什么的一堆理由，不给办理，更没提固定利率;-0.9998469887045978
我当时就没选LPR，就每个月固定挺好，涨涨降降的[允悲];我这两年降了一点，没上浮过，每个月少了几百块钱;-0.9528504449635256
我当时就没选LPR，就每个月固定挺好，涨涨降降的[允悲];没选浮动的纯傻子，还在这洋洋得意呢，呵呵;-0.579709737511104
我当时就没选LPR，就每个月固定挺好，涨涨降降的[允悲];我当时也没选LPR一直都是4.9;-0.10778376985645433
我当时就没选LPR，就每个月固定挺好，涨涨降降的[允悲];回复@旖旎钟灵:可能他买的时候利率更低;-0.7287168307877689
我当时就没选LPR，就每个月固定挺好，涨涨降降的[允悲];没选后悔了;-0.6748069679869597
我当时就没选LPR，就每个月固定挺好，涨涨降降的[允悲];没选后悔了吗？选的都降了;-0.7330359654674503
我当时就没选LPR，就每个月固定挺好，涨涨降降的[允悲];我也选择的固定的，随缘，躺平;-0.0675107701558817
我当时就没选LPR，就每个月固定挺好，涨涨降降的[允悲];那你钱多;-0.40176600441501065
我当时就没选LPR，就每个月固定挺好，涨涨降降的[允悲];那叫等额本息？;-0.05246556361561838
我当时就没选LPR，就每个月固定挺好，涨涨降降的[允悲];这次固定利率也不能降下吗？主要之前利率太高了，现在降了少很多钱;-0.9438569585849255
我当时就没选LPR，就每个月固定挺好，涨涨降降的[允悲];终于有一个想法一样的，随便变化，与我无关;0.09490736621796314
-----;------;------;0.41120698930750993;0.22355111401256855;-0.9998469887045978;1.2233981027171663;0.38830094864141684;10;4.1760439385302704e-08;0.31980318353165854;0.5330053058860975
政策力度不够大，这政策只能让有房贷的少一些压力，并不能刺激更多人买房。[开学季];不用那么着急，先让老百姓把一部分还房贷的钱花在吃喝玩乐上，刺激下经济先。;0.9661376703280546
-----;------;------;0.0;0.9661376703280546;;0;1.0;58;2.4221054843475567e-07;0.40000004844210973;0.6666667474035162
感觉是为了让大家买房，挽留这两年的房市低迷，这样一来，担心房价上涨📈;不再跌都是好的，还想着涨[允悲];0.9682134956411517
感觉是为了让大家买房，挽留这两年的房市低迷，这样一来，担心房价上涨📈;想多了，长期的房价走势你只需要看一个指标，那就是当地的人口增长率。;0.5536040016047885
-----;------;------;0.20730474701818158;0.9682134956411517;;0;1.0;15998;6.680835092860726e-05;0.4829352604774584;0.8048921007957639
借款人可选择新发放贷款置换存量房贷，或者协商变更合同约定利率水平两种方式，调整存量首套住房商业性个人住房贷款。谁来解释解释看不懂;回复@有志睡不着:谢谢课代表;-0.2557021454613395
借款人可选择新发放贷款置换存量房贷，或者协商变更合同约定利率水平两种方式，调整存量首套住房商业性个人住房贷款。谁来解释解释看不懂;第一个就是新贷替换旧贷，第二个就是直接在现有贷款降利率;0.09619946459635642
-----;------;------;0.17595080502884797;0.09619946459635642;-0.2557021454613395;0.35190161005769593;0.824049194971152;226;9.43785930107841e-07;0.40000018875718607;0.6666669812619767
这热搜，看来房地产真不行了;反噬了，以前割得多厉害，以后就死得多惨。这十年多少地产公司倒了，就单单恒大就负债2万多亿;-0.4114230757292938
-----;------;------;0.0;;-0.4114230757292938;0;1.0;24;1.0022505452472649e-07;0.40000002004501095;0.6666667000750182
公积金贷款的呢？;回复@一觉睡到九点半一:公积金是政策，也可以再低一点;-0.7444464991390265
公积金贷款的呢？;回复@释佑熙:因为公积金已经很低了;0.9481819343503655
公积金贷款的呢？;回复@壹贰叁肆伍陆柒柒陆伍肆叁贰壹:为啥只针对商贷？;-0.9547822620356727
公积金贷款的呢？;回复@壹贰叁肆伍陆柒柒陆伍肆叁贰壹:谢谢亲[太开心][太开心][太开心];0.04822162544677666
公积金贷款的呢？;只针对商贷;0.36311303233881653
公积金贷款的呢？;同问，公积金的呢;-0.41980245017185047
-----;------;------;0.6556327087113277;0.9481819343503655;-0.9547822620356727;1.9029641963860382;0.0485179018069809;118604;0.0004952955152854442;0.2817593033103805;0.46959883885063414
6.1只能降到4.65[doge];我也算的4.65咋就成了4.1了编都不会编了;-0.08510250118013074
-----;------;------;0.0;;-0.08510250118013074;0;1.0;87;3.633158226521335e-07;0.40000007266316456;0.6666667877719409
存量房贷利率怎么调？就是要符合贷款发放时当地的房地产政策，也就是不低于当时所在城市房贷利率政策的下限。这句话估计都看不懂，为什么？;同问？;-0.3756097560975611
-----;------;------;0.0;;-0.3756097560975611;0;1.0;131;5.470617559474654e-07;0.4000001094123512;0.6666668490205853
该哭还是该笑呢[思考];没钱了，感觉是该哭的，买早了[泪][泪][泪];0.9985363166471324
-----;------;------;0.0;0.9985363166471324;;0;1.0;1375725;0.005745088047334556;0.4011490176094669;0.6685816960157781
小编你能负责任讲吗？一线城市哪个能给你降到4.3？？？适合二三四线城市去存量;他要是能负责就不在这叫唤了;-0.4215026112662945
-----;------;------;0.0;;-0.4215026112662945;0;1.0;9;3.758439544677243e-08;0.4000000075168791;0.6666666791947984
这样房价真要跌了感觉;房价跌是必然，新一代没人接盘了;0.11587035332654239
-----;------;------;0.0;0.11587035332654239;;0;1.0;34;1.419854939100292e-07;0.4000000283970988;0.6666667139951645
一个1.5万亿负债继续融资是不是合理的？那一个2.5万亿负债继续融资是不是合理的[苦涩][苦涩];不合理;-0.26121781773600317
-----;------;------;0.0;;-0.26121781773600317;0;1.0;293;1.2235808739893692e-06;0.40000024471617485;0.666667074526958
明明没这件事，偏偏造词都要造一个出来[doge];也是有的;0.052465563615616606
-----;------;------;0.0;0.052465563615616606;;0;1.0;4;1.670417575412108e-08;0.4000000033408352;0.6666666722347252
攀登者智慧和汗水，构思着一首信念和意志的长诗。;上午好;0.49638355002041057
-----;------;------;0.0;0.49638355002041057;;0;1.0;1036993;0.0043305283319483205;0.4008661056663897;0.6681101761106494
爱得不够，才借口多多。;[赞啊];0.8357487922705313
-----;------;------;0.0;0.8357487922705313;;0;1.0;577151;0.002410207935166684;0.4004820415870334;0.6674700693117221
都会走的，无一例外。;上午好;0.49638355002041057
-----;------;------;0.0;0.49638355002041057;;0;1.0;11587;4.838782111575024e-05;0.4000096775642232;0.6666827959403718
说到我的心理头了;[心];0.5297450424929182
-----;------;------;0.0;0.5297450424929182;;0;1.0;485516;0.002027536148859463;0.4004055072297719;0.6673425120496198
你有多特别，通过数千人，近视也能一目了然。;[好爱哦];0.6721959045049746
-----;------;------;0.0;0.6721959045049746;;0;1.0;1260350;0.005263276977926626;0.4010526553955853;0.6684210923259755
南墙已撞，故事已忘。;@一股红凌上午好[求关注];0.9558513386778813
-----;------;------;0.0;0.9558513386778813;;0;1.0;26638;0.00011124145843456933;0.4000222482916869;0.6667037471528114
把人掐进ICU了然后说现在你可以喘口气啦[doge];你就是春风，不停吹动着我的心。;0.6835674369561044
-----;------;------;0.0;0.6835674369561044;;0;1.0;251;1.048187028571098e-06;0.40000020963740573;0.6666670160623428
在逆境中，智者知难而进，愚者消沉不前。;[赞啊];0.8357487922705313
-----;------;------;0.0;0.8357487922705313;;0;1.0;465021;0.0019419481283392847;0.40038838962566786;0.6673139827094463
走势确实激动人心，差点儿以为是牛来了//@知足常樂cyb:今天网上全是激动人心的股评。;[微笑];0.5217391304347823
-----;------;------;0.0;0.5217391304347823;;0;1.0;441540;0.0018438904406186554;0.40036877808812377;0.6672812968135395
622/926http://t.cn/A60l224E;早;0.04504504504504503
-----;------;------;0.0;0.04504504504504503;;0;1.0;791;3.3032507553774438e-06;0.4000006606501511;0.6666677677502517
感觉这个月政策出不来;哈哈哈，确实;0.836383905265943
感觉这个月政策出不来;这个月的数据可能是全年最差的所以上面拿捏好了时间用政策推一把不得不服这个时间点的把握[doge];-0.880518187507225
-----;------;------;0.858451046386584;0.836383905265943;-0.880518187507225;1.716902092773168;0.14154895361341602;0;0.0;0.4;0.6666666666666666
美菲券商有没有看好的标的;回复@菲儿玩股:赶快睡啦;-0.7141114006544251
美菲券商有没有看好的标的;要看就看低位刚启动的咯方正这种;-0.3120042021620566
-----;------;------;0.20105359924618427;;-0.7141114006544251;0;1.0;454;1.8959239480927427e-06;0.48042181888326335;0.8007030314721054
沙发[偷笑];是哦🛋️;0.0
-----;------;------;0.0;0.0;0.0;0;1.0;239;9.980745013087346e-07;0.4000001996149003;0.6666669993581671
龙不看好[哈哈];迟早同心[嘻嘻];0.9563545715898147
-----;------;------;0.0;0.9563545715898147;;0;1.0;783;3.2698424038692017e-06;0.4000006539684808;0.6666677566141346
好久没写短文了，有点手生，感觉没写好[抓狂];超级无敌好看！！蹲蹲后续[打call];0.9100468642324593
好久没写短文了，有点手生，感觉没写好[抓狂];写的很好看哭了;0.8133071308043911
好久没写短文了，有点手生，感觉没写好[抓狂];蹲个后续;0.41704715084373856
好久没写短文了，有点手生，感觉没写好[抓狂];等等后续;0.19999999999999973
好久没写短文了，有点手生，感觉没写好[抓狂];蹲蹲蹲蹲;0.7690637357814227
好久没写短文了，有点手生，感觉没写好[抓狂];后续在哪[泪];0.883757389112118
好久没写短文了，有点手生，感觉没写好[抓狂];来个后续吧，受不了这样的揪心结局[泪];0.9990581395372444
好久没写短文了，有点手生，感觉没写好[抓狂];蹲个后续;0.41704715084373856
好久没写短文了，有点手生，感觉没写好[抓狂];有后续吗！写一点吧！我蹲;0.2525090986818401
好久没写短文了，有点手生，感觉没写好[抓狂];写的好！！！好好好！！看得我心脏痛;0.6903167227996565
好久没写短文了，有点手生，感觉没写好[抓狂];我也哭了;0.4098360655737707
好久没写短文了，有点手生，感觉没写好[抓狂];蹲蹲蹲，没看id就点进来看了，好看好看，还得是你[苦涩][苦涩];0.9937709922330347
好久没写短文了，有点手生，感觉没写好[抓狂];后续宝贝超级想看[泪][爱你];0.9862426636863681
好久没写短文了，有点手生，感觉没写好[抓狂];蹲蹲蹲蹲蹲蹲蹲;0.9404778636714586
好久没写短文了，有点手生，感觉没写好[抓狂];蹲个后续;0.41704715084373856
好久没写短文了，有点手生，感觉没写好[抓狂];蹲蹲蹲蹲蹲蹲蹲蹲蹲蹲蹲;0.991144072530153
好久没写短文了，有点手生，感觉没写好[抓狂];蹲蹲蹲蹲;0.7690637357814227
好久没写短文了，有点手生，感觉没写好[抓狂];蹲蹲后续;0.5950779502125549
好久没写短文了，有点手生，感觉没写好[抓狂];吨吨吨吨[失望];0.812793180557573
好久没写短文了，有点手生，感觉没写好[抓狂];我要后续，滴滴滴滴滴滴;-0.922078045652224
-----;------;------;0.4355031233655068;0.9990581395372444;-0.922078045652224;1.9211361851894684;0.03943190740526581;300843;0.001256333586599262;0.1902252790256289;0.31704213170938145
我还很奇怪为什么攻能接受白月光住家里[衰]你要是喜欢受就别优柔寡断还让别人住家里膈应人，还是你真的喜欢白月光家里养了人都要接白月光回来住，那你受的一切苦都是你该受的。不然你还想怎样呢？你让白月光住家里白月光质问的时候不说有喜欢的人保留一点尊严还要跟他一起抢男人吗？那多难看啊;感觉是既想要这个又想要那个，白月光也要，替身也要。自己有意贬低受，却赖受不挽留;0.39635532431683185
我还很奇怪为什么攻能接受白月光住家里[衰]你要是喜欢受就别优柔寡断还让别人住家里膈应人，还是你真的喜欢白月光家里养了人都要接白月光回来住，那你受的一切苦都是你该受的。不然你还想怎样呢？你让白月光住家里白月光质问的时候不说有喜欢的人保留一点尊严还要跟他一起抢男人吗？那多难看啊;回复@苏甫白:这些不写在正文里很容易让人产生误解;0.38976882260537504
我还很奇怪为什么攻能接受白月光住家里[衰]你要是喜欢受就别优柔寡断还让别人住家里膈应人，还是你真的喜欢白月光家里养了人都要接白月光回来住，那你受的一切苦都是你该受的。不然你还想怎样呢？你让白月光住家里白月光质问的时候不说有喜欢的人保留一点尊严还要跟他一起抢男人吗？那多难看啊;回复@苏甫白:抱一下苏苏，懂啦，写得很好不要多想哦[看书]想想是攻帮受从养父母那解脱的，出于好心，还是原谅他好了[亲亲];0.9980552557105151
我还很奇怪为什么攻能接受白月光住家里[衰]你要是喜欢受就别优柔寡断还让别人住家里膈应人，还是你真的喜欢白月光家里养了人都要接白月光回来住，那你受的一切苦都是你该受的。不然你还想怎样呢？你让白月光住家里白月光质问的时候不说有喜欢的人保留一点尊严还要跟他一起抢男人吗？那多难看啊;回复@清风明月和草长莺飞:其实概括一下就是地位不平等啦，所以离开再重逢也是好事;0.438380213571268
我还很奇怪为什么攻能接受白月光住家里[衰]你要是喜欢受就别优柔寡断还让别人住家里膈应人，还是你真的喜欢白月光家里养了人都要接白月光回来住，那你受的一切苦都是你该受的。不然你还想怎样呢？你让白月光住家里白月光质问的时候不说有喜欢的人保留一点尊严还要跟他一起抢男人吗？那多难看啊;本来看完我还在想为啥最后没在一起！看到你我瞬间清醒了[苦涩];0.9988147417893642
我还很奇怪为什么攻能接受白月光住家里[衰]你要是喜欢受就别优柔寡断还让别人住家里膈应人，还是你真的喜欢白月光家里养了人都要接白月光回来住，那你受的一切苦都是你该受的。不然你还想怎样呢？你让白月光住家里白月光质问的时候不说有喜欢的人保留一点尊严还要跟他一起抢男人吗？那多难看啊;回复@衍墨呀:所以如果要展开写的话大概是，攻是因为受想白月光动了一点点恻隐之心，但是他包养受，帮助受的过程，也是他自己心动的过程，只是他没懂。（谢谢宝宝，因为之前沟通剧情剧情被人说是攻妈，然后骂了一顿。替受和大家沟通剧情，又被说是受控怎么怎么样，现在可能是我比较敏感嘿嘿，亲亲宝宝）;0.9955619784100209
我还很奇怪为什么攻能接受白月光住家里[衰]你要是喜欢受就别优柔寡断还让别人住家里膈应人，还是你真的喜欢白月光家里养了人都要接白月光回来住，那你受的一切苦都是你该受的。不然你还想怎样呢？你让白月光住家里白月光质问的时候不说有喜欢的人保留一点尊严还要跟他一起抢男人吗？那多难看啊;回复@苏甫白:摸摸苏苏，作者的解释就是事实呀不叫洗白。不过攻既然没那么喜欢白月光为什么要包受当替身，如果是因为喜欢受更说不通，自己都意识不到喜欢。还有这个攻真是不守男德[右哼哼]以前喜欢别人不算什么，为了气受和别人搞暧昧，当着受的面亲密挽胳膊，真的该打[右哼哼];0.9666650232271212
我还很奇怪为什么攻能接受白月光住家里[衰]你要是喜欢受就别优柔寡断还让别人住家里膈应人，还是你真的喜欢白月光家里养了人都要接白月光回来住，那你受的一切苦都是你该受的。不然你还想怎样呢？你让白月光住家里白月光质问的时候不说有喜欢的人保留一点尊严还要跟他一起抢男人吗？那多难看啊;你说的太好了支持;-0.12123892929907831
我还很奇怪为什么攻能接受白月光住家里[衰]你要是喜欢受就别优柔寡断还让别人住家里膈应人，还是你真的喜欢白月光家里养了人都要接白月光回来住，那你受的一切苦都是你该受的。不然你还想怎样呢？你让白月光住家里白月光质问的时候不说有喜欢的人保留一点尊严还要跟他一起抢男人吗？那多难看啊;回复@衍墨呀:我的设定其实是攻和白月光也没啥交集，说是喜欢其实只是有一点点好感而已，因为小短文嘛，好多没交代清楚。但我没有为他洗白的意思，他没有老婆是真的活该[苦涩];0.9989474395674935
我还很奇怪为什么攻能接受白月光住家里[衰]你要是喜欢受就别优柔寡断还让别人住家里膈应人，还是你真的喜欢白月光家里养了人都要接白月光回来住，那你受的一切苦都是你该受的。不然你还想怎样呢？你让白月光住家里白月光质问的时候不说有喜欢的人保留一点尊严还要跟他一起抢男人吗？那多难看啊;回复@苏甫白:我还以为受是白月光！原来攻压根不知道自己喜欢受所以在作践他[伤心][伤心]我崩溃了原来受真是替身，好惨一个小孩;0.08940666601282499
我还很奇怪为什么攻能接受白月光住家里[衰]你要是喜欢受就别优柔寡断还让别人住家里膈应人，还是你真的喜欢白月光家里养了人都要接白月光回来住，那你受的一切苦都是你该受的。不然你还想怎样呢？你让白月光住家里白月光质问的时候不说有喜欢的人保留一点尊严还要跟他一起抢男人吗？那多难看啊;有原因就要提前和受说明，而不是直接把人接到家里。外面传这是这是你喜欢的人，受也自知是个替身，你把人带回来而完全没通知受考虑受，他就根本没有足够的底气去回击白月光啊，他只能低一头啊。你怎么不懂呢[衰]你怎么这么傲慢呢，还为此生气跟喜欢的人待一块儿坐实传言更让受抬不起头，一切都是你该啊;-0.9448869427867719
我还很奇怪为什么攻能接受白月光住家里[衰]你要是喜欢受就别优柔寡断还让别人住家里膈应人，还是你真的喜欢白月光家里养了人都要接白月光回来住，那你受的一切苦都是你该受的。不然你还想怎样呢？你让白月光住家里白月光质问的时候不说有喜欢的人保留一点尊严还要跟他一起抢男人吗？那多难看啊;因为他还不确定自己喜欢受嘛，所以就让人住家里了，然后后面受说不喜欢他，他一吃醋就没忍住嘴贱，说难听的话，后面是受离开了，他意识到自己喜欢受，去找受。那个时候已经让自以为喜欢的人搬出去了，后面恢复记忆还带着那个人，就是为了气受。（他确实作，也不张嘴！）;-0.7312207112601357
-----;------;------;0.6582867716468901;0.9989474395674935;-0.9448869427867719;1.9438343823542654;0.02808280882286729;284;1.1859964785425967e-06;0.27454806938719867;0.457580115645331
换名字啦眼熟我眼熟我[送花花][送花花][送花花];回复@苏甫白:是的！！！爱死你啦[送花花][送花花][送花花]居然还记得我[爱你][爱你][爱你];0.9365202652269988
换名字啦眼熟我眼熟我[送花花][送花花][送花花];裙裙嘛？;0.9149207432698652
-----;------;------;0.01079976097856683;0.9365202652269988;;0;1.0;2;8.35208787706054e-09;0.4043199060618443;0.6738665101030737
[生病]这篇就是攻自己作的呀，谁会这么对自己喜欢的人呀。说他是替身，说他没有价值，唯一的价值就是像别人。还总和另一个人暧昧，带另一个人出门，不尊重他也不在乎他。你这样怎么还想着别人挽留你呢？[生病]你被这样对待还愿意挽留么，那不是自轻自贱嘛;自作自受就这样吧[允悲];0.6589857083354982
[生病]这篇就是攻自己作的呀，谁会这么对自己喜欢的人呀。说他是替身，说他没有价值，唯一的价值就是像别人。还总和另一个人暧昧，带另一个人出门，不尊重他也不在乎他。你这样怎么还想着别人挽留你呢？[生病]你被这样对待还愿意挽留么，那不是自轻自贱嘛;回复@菜妍kk籽:不过可能是小短文有些事情没有交代清楚，只是光看上门把受整个人踩到泥里的这些行为话语，还有和白月光的暧昧行为。我会觉得这个人是不配喜欢谁的，被他喜欢真的好倒霉，只会给喜欢的人带去伤害，反而他不喜欢时对受很好，对白月光更是好，真不如不喜欢;0.9995873908211981
[生病]这篇就是攻自己作的呀，谁会这么对自己喜欢的人呀。说他是替身，说他没有价值，唯一的价值就是像别人。还总和另一个人暧昧，带另一个人出门，不尊重他也不在乎他。你这样怎么还想着别人挽留你呢？[生病]你被这样对待还愿意挽留么，那不是自轻自贱嘛;回复@菜妍kk籽:唉光看小短文确实这样，攻对受根本不是不长嘴，是把人的人格尊严扔到地上踩，一开始喜欢不自知勉强算了。后面受在他失忆的时候对他多好，他总该看清受喜欢他了吧，还带着白月光上门把受从头贬到脚，从衣着到住所到做的菜，鄙夷地说受就是长得像别人才有机会靠近他，然后挽着白月光扬长而去，真的有毒;-0.8456923340194942
[生病]这篇就是攻自己作的呀，谁会这么对自己喜欢的人呀。说他是替身，说他没有价值，唯一的价值就是像别人。还总和另一个人暧昧，带另一个人出门，不尊重他也不在乎他。你这样怎么还想着别人挽留你呢？[生病]你被这样对待还愿意挽留么，那不是自轻自贱嘛;[跪了]两次伤害别人、除非受很贱、继续喜欢攻、不然我不知道最后怎么走一起;0.307351853311604
-----;------;------;0.6945083731268865;0.9995873908211981;-0.8456923340194942;1.8452797248406922;0.07736013757965388;284;1.1859964785425967e-06;0.30874764148191186;0.514579402469853
嘴如果没什么用，就扔了吧[微笑][微笑];哈哈哈哈哈哈没错，不会说话可以不说;0.5148437454067432
-----;------;------;0.0;0.5148437454067432;;0;1.0;171;7.141035134886762e-07;0.40000014282070273;0.6666669047011711
这个攻只配多年以后看着老婆跟攻二开开心心过日子，家里还养了只柴犬，然后柴犬有黄焖鸡吃他没有。;笑死了哈哈哈哈哈夺笋;0.6757462835849002
-----;------;------;0.0;0.6757462835849002;;0;1.0;77;3.215553832668308e-07;0.40000006431107665;0.6666667738517943
不会张口啊这个攻，剧情很像我之前看过的一篇，但不是替身文，攻的白月光回来了，但是腿有问题，抱进来抱出去的，还给安排医治，让身边人误会，受甘愿陪在身边，后来受得了癌症，走了，攻才追，把白月光送出国，又把受接回来，一系列的操作下来…我是真的很烦这种优柔寡断的攻[晕];回复@画长忆:啊穆然鼎鼎大名;-0.33276066914967495
不会张口啊这个攻，剧情很像我之前看过的一篇，但不是替身文，攻的白月光回来了，但是腿有问题，抱进来抱出去的，还给安排医治，让身边人误会，受甘愿陪在身边，后来受得了癌症，走了，攻才追，把白月光送出国，又把受接回来，一系列的操作下来…我是真的很烦这种优柔寡断的攻[晕];回复@画长忆:好滴，我开冲了[好喜欢];-0.13952825364882027
不会张口啊这个攻，剧情很像我之前看过的一篇，但不是替身文，攻的白月光回来了，但是腿有问题，抱进来抱出去的，还给安排医治，让身边人误会，受甘愿陪在身边，后来受得了癌症，走了，攻才追，把白月光送出国，又把受接回来，一系列的操作下来…我是真的很烦这种优柔寡断的攻[晕];回复@楠楠难南:嗯，如果我没记错，后半部分全是追妻，最后受才原谅了。受的绝症是因为长了什么东西，他消极不愿意做手术，后来攻知道了求受做手术，受说如果手术成功了希望攻不要纠缠他（大概意思是），手术成功了，所以受没死。我觉得虐得挺爽的，我的狗血天花板[羞嗒嗒];0.9999859748519422
不会张口啊这个攻，剧情很像我之前看过的一篇，但不是替身文，攻的白月光回来了，但是腿有问题，抱进来抱出去的，还给安排医治，让身边人误会，受甘愿陪在身边，后来受得了癌症，走了，攻才追，把白月光送出国，又把受接回来，一系列的操作下来…我是真的很烦这种优柔寡断的攻[晕];回复@画长忆:追妻追的久吗？受得了癌症那后面会不会死啊？想了解一下再去看;-0.019302745610207284
不会张口啊这个攻，剧情很像我之前看过的一篇，但不是替身文，攻的白月光回来了，但是腿有问题，抱进来抱出去的，还给安排医治，让身边人误会，受甘愿陪在身边，后来受得了癌症，走了，攻才追，把白月光送出国，又把受接回来，一系列的操作下来…我是真的很烦这种优柔寡断的攻[晕];回复@画长忆:是攻应得的[怒]当时看的憋屈死了不喜欢人家搞的身边人都误会;0.32302124045860525
不会张口啊这个攻，剧情很像我之前看过的一篇，但不是替身文，攻的白月光回来了，但是腿有问题，抱进来抱出去的，还给安排医治，让身边人误会，受甘愿陪在身边，后来受得了癌症，走了，攻才追，把白月光送出国，又把受接回来，一系列的操作下来…我是真的很烦这种优柔寡断的攻[晕];回复@爱咋咋地_少烦我:白月光，腿瘸了，受绝症，要素齐全（因为我记得这个抱来抱去这里，还是在受家里，攻还说要试试，隔应人，活该后边追妻）;0.9998549125804521
不会张口啊这个攻，剧情很像我之前看过的一篇，但不是替身文，攻的白月光回来了，但是腿有问题，抱进来抱出去的，还给安排医治，让身边人误会，受甘愿陪在身边，后来受得了癌症，走了，攻才追，把白月光送出国，又把受接回来，一系列的操作下来…我是真的很烦这种优柔寡断的攻[晕];回复@swcjxy:晋江，免费（同作者还有一本穆然，但是我更喜欢情终）;0.7394718624141088
不会张口啊这个攻，剧情很像我之前看过的一篇，但不是替身文，攻的白月光回来了，但是腿有问题，抱进来抱出去的，还给安排医治，让身边人误会，受甘愿陪在身边，后来受得了癌症，走了，攻才追，把白月光送出国，又把受接回来，一系列的操作下来…我是真的很烦这种优柔寡断的攻[晕];回复@画长忆:哪个网站的，感觉可以去看看;-0.8195239194298714
不会张口啊这个攻，剧情很像我之前看过的一篇，但不是替身文，攻的白月光回来了，但是腿有问题，抱进来抱出去的，还给安排医治，让身边人误会，受甘愿陪在身边，后来受得了癌症，走了，攻才追，把白月光送出国，又把受接回来，一系列的操作下来…我是真的很烦这种优柔寡断的攻[晕];回复@画长忆:我描述的像吗？[doge]就是这个名;-0.5992131403231802
不会张口啊这个攻，剧情很像我之前看过的一篇，但不是替身文，攻的白月光回来了，但是腿有问题，抱进来抱出去的，还给安排医治，让身边人误会，受甘愿陪在身边，后来受得了癌症，走了，攻才追，把白月光送出国，又把受接回来，一系列的操作下来…我是真的很烦这种优柔寡断的攻[晕];回复@什么时候轮到我发财7:对我没想起来叫啥名[doge];-0.23281532074546107
不会张口啊这个攻，剧情很像我之前看过的一篇，但不是替身文，攻的白月光回来了，但是腿有问题，抱进来抱出去的，还给安排医治，让身边人误会，受甘愿陪在身边，后来受得了癌症，走了，攻才追，把白月光送出国，又把受接回来，一系列的操作下来…我是真的很烦这种优柔寡断的攻[晕];不会是情终吧;-0.25823394976816516
不会张口啊这个攻，剧情很像我之前看过的一篇，但不是替身文，攻的白月光回来了，但是腿有问题，抱进来抱出去的，还给安排医治，让身边人误会，受甘愿陪在身边，后来受得了癌症，走了，攻才追，把白月光送出国，又把受接回来，一系列的操作下来…我是真的很烦这种优柔寡断的攻[晕];是情终吗;0.0
不会张口啊这个攻，剧情很像我之前看过的一篇，但不是替身文，攻的白月光回来了，但是腿有问题，抱进来抱出去的，还给安排医治，让身边人误会，受甘愿陪在身边，后来受得了癌症，走了，攻才追，把白月光送出国，又把受接回来，一系列的操作下来…我是真的很烦这种优柔寡断的攻[晕];啊啊啊好烦不会说话的攻我拿剪刀给他剪掉[怒];-0.06541568775643825
-----;------;------;0.5484225050777447;0.9999859748519422;-0.8195239194298714;1.8195098942818135;0.09024505285909323;55;2.2968241661916486e-07;0.2554670691112185;0.4257784485186975
看得我烦，不张嘴的不要推给我了;就是;0.052465563615616606
-----;------;------;0.0;0.052465563615616606;;0;1.0;2;8.35208787706054e-09;0.4000000016704176;0.6666666694506959
有没有后续！！;会有的吧[鲜花][鲜花];0.5675038240463499
-----;------;------;0.0;0.5675038240463499;;0;1.0;111;4.6354087717686e-07;0.40000009270817544;0.6666668211802923
好好好我还看到后续[泪];我要！;0.052465563615616606
-----;------;------;0.0;0.052465563615616606;;0;1.0;165;6.890472498574946e-07;0.40000013780945;0.6666668963490832
随它去，能来个大波浪也不错[嘻嘻];能来一波是最好[偷笑][偷笑][偷笑];0.04010288751107116
-----;------;------;0.0;0.04010288751107116;;0;1.0;288;1.2027006542967177e-06;0.4000002405401309;0.6666670675668848
那最近到底能不能下手啊;是想下手哪里啊;0.3650055990633685
那最近到底能不能下手啊;回复@考研英语王建:嗯嗯，确实;0.9894103580593872
-----;------;------;0.31220237949800933;0.9894103580593872;;0;1.0;204;8.519129634601752e-07;0.5248811221817965;0.8748018703029941
和西安政策一样，约等于全部放开;西安是什么政策？;-0.4813535891795462
-----;------;------;0.0;;-0.4813535891795462;0;1.0;504;2.1047261450192563e-06;0.40000042094522903;0.6666673682420483
我饿的都拉不出屎了去医院医生给我开泻药;就好比别人送了一张5000元的优惠券，不过是买法拉利的[允悲];0.6656248840281744
我饿的都拉不出屎了去医院医生给我开泻药;何不食肉糜[笑cry];0.6045698214507551
我饿的都拉不出屎了去医院医生给我开泻药;你要笑死我;-0.017261742742865627
我饿的都拉不出屎了去医院医生给我开泻药;好比喻[偷笑];0.05466234230718525
-----;------;------;0.3099982758955122;0.6656248840281744;-0.017261742742865627;0.6828866267710401;0.65855668661448;39;1.6286571360268053e-07;0.3874220175771396;0.645703362628566
政策出了我也买不起啊;这政策明显是给买得起的人出的。都有2套还养二胎三胎的家庭能差钱吗[666];-0.8485229936256145
政策出了我也买不起啊;回复@眼泪乐清子:精辟[赞];0.9955245909884045
政策出了我也买不起啊;回复@假装没看见201701:买得起早就买了，开放了就是置换，改善而已。;-0.7878041510437408
政策出了我也买不起啊;2环内有限购的时候买不起的买不了买的起的也买不了现在取消限购的目标群体就不是以前也买不起的那批人;-0.9566847106027832
-----;------;------;0.8076122380186086;0.9955245909884045;-0.9566847106027832;1.9522093015911877;0.02389534920440617;53;2.2133032874210431e-07;0.33260307915527165;0.554338465258786
骗你生二胎再骗你买房[拜拜];[允悲];0.9459634540755057
-----;------;------;0.0;0.9459634540755057;;0;1.0;2295;9.58402083892697e-06;0.4000019168041678;0.6666698613402796
不可能买！主要是价格没降？还有每年的物业费太高了！开支太大！没钱了啊！;价格也降了很多，只是买不起的一直买不起而已～;-0.8170416032975718
-----;------;------;0.0;;-0.8170416032975718;0;1.0;164;6.848712059189643e-07;0.4000001369742412;0.6666668949570685
给有钱的，改善住房、炒房的出的政策[doge]。真正刚需能被那一点门槛限住？能限住的不是社保缴纳年限，是钱不够;政府公务员的福利工资都是靠房地产来发工资的[笑而不语];-0.035242695225843335
给有钱的，改善住房、炒房的出的政策[doge]。真正刚需能被那一点门槛限住？能限住的不是社保缴纳年限，是钱不够;回复@一页书小辈:有些话不敢说，不是内需缺的原因而是zf公信力的原因;-0.9863962561451038
给有钱的，改善住房、炒房的出的政策[doge]。真正刚需能被那一点门槛限住？能限住的不是社保缴纳年限，是钱不够;回复@一页书小辈:底下没人买了，这不得让不需要的人花钱投资;-0.9504154046300617
给有钱的，改善住房、炒房的出的政策[doge]。真正刚需能被那一点门槛限住？能限住的不是社保缴纳年限，是钱不够;回复@一页书小辈:带动经济？你确定？经济可不是这样带动的[允悲];0.7827815230287813
给有钱的，改善住房、炒房的出的政策[doge]。真正刚需能被那一点门槛限住？能限住的不是社保缴纳年限，是钱不够;越是取消限购，说明房地产行业信心越来越不足了，存量太多消不下去[允悲];0.9358382626489912
-----;------;------;0.8189265429094528;0.9358382626489912;-0.9863962561451038;1.922234518794095;0.03888274060295249;10;4.1760439385302704e-08;0.34312372175704997;0.5718728695950832
王健林都说了，拉动消费最好的办法就是发钱或者涨工资。人都没钱，你搞其他的都是虚的。把百分之九十八的钱都集中百分之二的人身上有啥用，钱不流通就是废纸一张。;就是，普工的工资只够吃饭生活，什么也买不了，什么也不舍得买，什么也不敢买。其他东西买多了饭都吃不上。;-0.9287103216250621
-----;------;------;0.0;;-0.9287103216250621;0;1.0;126;5.261815362548141e-07;0.40000010523630725;0.666666842060512
明天就在武汉天地买十套在在东湖腹地买十套;哥，俺为人实在听指挥，恁要招人让俺去，俺跟恁混;-0.968669057289459
明天就在武汉天地买十套在在东湖腹地买十套;回复@rrtttrgyergh:明天就买给你看;-0.8509931496430934
明天就在武汉天地买十套在在东湖腹地买十套;回复@2023考上公务员:公务员没必要吧;-0.8584913171084678
明天就在武汉天地买十套在在东湖腹地买十套;你缺保安吗？我可以当总保安队长[坏笑];-0.9832523116188971
明天就在武汉天地买十套在在东湖腹地买十套;醒醒[笑cry][允悲];0.5773283666533424
明天就在武汉天地买十套在在东湖腹地买十套;看好你[打call];-0.2498439231666414
-----;------;------;0.5641403864629806;0.5773283666533424;-0.9832523116188971;1.5605806782722396;0.21970966086388022;17;7.09927469550146e-08;0.31354003312929374;0.5225667218821561
真是服了，富的多生孩儿的人越买越富，穷的人生不起也买不起的人越来越穷（是我不够努力了[开学季];回复@静看一念花开:每天都在反思，这世上为什么不能多我一个富人[doge];0.9679933276420074
真是服了，富的多生孩儿的人越买越富，穷的人生不起也买不起的人越来越穷（是我不够努力了[开学季];有没有认真反思，是不是没有努力工作[doge][doge][doge][笑cry][笑cry];0.772628497518044
-----;------;------;0.09768241506198172;0.9679933276420074;;0;1.0;48;2.0045010904945298e-07;0.43907300611481453;0.7317883435246908
啥时候把落户政策也改一下？100平新房才能落户，也还是很贵啊;武汉落户政策跟没有一样。随便落户。;-0.8633059263632141
啥时候把落户政策也改一下？100平新房才能落户，也还是很贵啊;积分落户啊，要求也还好啊，我刚六月落过来了;0.23325916721092343
啥时候把落户政策也改一下？100平新房才能落户，也还是很贵啊;回复@不要改我昵称啦:房产落户面积还是有限制;-0.9489059686621253
啥时候把落户政策也改一下？100平新房才能落户，也还是很贵啊;现在应该很好落户啊;0.5218877460599438
-----;------;------;0.650605434291595;0.5218877460599438;-0.9489059686621253;1.470793714722069;0.26460314263896545;1629;6.80277557586581e-06;0.36608479132733934;0.6101413188788988
首付多少？;首付少了，月供多了还不是一样？;-0.577659466649346
-----;------;------;0.0;;-0.577659466649346;0;1.0;335;1.3989747194076405e-06;0.4000002797949439;0.6666671329915731
二环内的房子最便宜的也要两万以上了，你解除限购我也买不起，让有钱人多买几套吧，我反正不买;这是什么意思啊，取消二环内限购是哪些地方，那还有一环吗？一环依旧限购？;-0.0972486890863955
-----;------;------;0.0;;-0.0972486890863955;0;1.0;58;2.4221054843475567e-07;0.40000004844210973;0.6666667474035162
我没懂，是二环内取消，二环外还是继续限购？？？;二环外根本不限购啊;-0.010791599746069025
-----;------;------;0.0;;-0.010791599746069025;0;1.0;6;2.5056263631181623e-08;0.40000000501125277;0.6666666750187545
取消限购的意思是不限地区也不限户籍吗;是的。;0.052465563615616606
-----;------;------;0.0;0.052465563615616606;;0;1.0;72;3.0067516357417943e-07;0.40000006013503275;0.6666667668917211
孝感户口，在武汉没交社保可以买吗？;回复@绥芬河1984:肯定买现房啊，第一套房子买的就是期房，做好了交不了房，搞的现在组房子住在！还在协商赔偿我们没交房的事宜在，;-0.9978047812822066
孝感户口，在武汉没交社保可以买吗？;回复@bobby社长:目前大环境不好，妥妥的买方市场，入手的时候记得要狠狠的还价，还有一定要现房，不要期房，武汉烂尾的可能性非常大;-0.9602987648045229
孝感户口，在武汉没交社保可以买吗？;回复@绥芬河1984:正好赶上拆迁，可以入手了，之前被社保卡了，第一套房子写的我老头名字，这下婚房可以落实了;0.7397035505421505
孝感户口，在武汉没交社保可以买吗？;可以买;0.01739317156968001
孝感户口，在武汉没交社保可以买吗？;在开发商和政府面前，有钱就是爹，社保是啥，没听说过;-0.40399774094906205
-----;------;------;0.6501166369726644;0.7397035505421505;-0.9978047812822066;1.7375083318243572;0.13124583408782142;88;3.6749186659066377e-07;0.3125450619225677;0.5209084365376128
笑死人，你觉得大家还会上当去买房吧[微笑];吸引城里没房的人，进城安家的家庭。;0.5232546097661428
-----;------;------;0.0;0.5232546097661428;;0;1.0;204;8.519129634601752e-07;0.4000001703825927;0.6666669506376545
把公摊也取消呗。[并不简单];之前有什么什么什么狗屁专家，又出来说公摊取消了，单价就要涨上去了，还是消费者买单。妈的，意思有公摊卖500万，没公摊卖800万。;-0.9073259238162468
-----;------;------;0.0;;-0.9073259238162468;0;1.0;2;8.35208787706054e-09;0.4000000016704176;0.6666666694506959
我河北的好像和我没啥关系[微笑];有关系呀，河北高考大省太券啊，吸引你们家到武汉安家呀，就不那么卷了。;0.8147825000882394
我河北的好像和我没啥关系[微笑];马上全国都要全放开了，包括北上广深;0.9340695469908702
我河北的好像和我没啥关系[微笑];万一你想不开来武汉买房呢，能忽悠一个是一个;-0.9966949556968767
-----;------;------;0.8833982075055099;0.9340695469908702;-0.9966949556968767;1.930764502687747;0.034617748656126546;55;2.2968241661916486e-07;0.36720642840113793;0.6120107140018964
武汉出了别的地方呢;12个城取消了，福州911就公布取消了;0.33748558270483797
-----;------;------;0.0;0.33748558270483797;;0;1.0;40;1.6704175754121081e-07;0.40000003340835155;0.6666667223472524
这话问的！二环外你说限不限购！;不知道才问呀;-0.7598606702782214
-----;------;------;0.0;;-0.7598606702782214;0;1.0;211;8.81145271029887e-07;0.4000001762290542;0.6666669603817569
有人已经开始抄底房地产相关了[doge];回复@吕杨先生:高品质的房;0.8716200636775746
有人已经开始抄底房地产相关了[doge];未来，随着经济的复苏，房地产一定也会复苏的，不过那可能是2025年的事了。而且，中国的房地产，永远都不可能回到之前的荣光了。;0.999893510450518
-----;------;------;0.0641367233864717;0.999893510450518;;0;1.0;101;4.2178043779155727e-07;0.4256547737106763;0.7094246228511271
这能干啥呢;提高美元供应啊，提升人民币汇率;-0.26218151655893696
这能干啥呢;割韭菜;-0.5417848697469665
-----;------;------;0.13980167659401477;;-0.5417848697469665;0;1.0;268;1.1191797755261125e-06;0.45592089447356104;0.759868157455935
工具箱快空了[允悲][允悲];没有你那么悲观。;0.25
工具箱快空了[允悲][允悲];回复@潇洒天堂88:舵主进去之后就是质优股价投行情，市场风转变为炒垃圾就是他岀来后，不信去查查时间表，高度重合;0.21375766858325673
工具箱快空了[允悲][允悲];回复@贝泰泥:图片评论http://t.cn/A6O5fCxO;-0.2536873552698691
工具箱快空了[允悲][允悲];抓人的王炸还没岀;0.44268196595772036
-----;------;------;0.25592750612368526;0.44268196595772036;-0.2536873552698691;0.6963693212275894;0.6518153393862053;749;3.1278569099591725e-06;0.3630977637753382;0.6051629396255636
打爆银监会电话投诉。凭什么2019年之后这4年的要当冤大头。;回复@围观唐飞2022:你就属于无知者无畏呗，根本没看懂我们说的是啥;0.9669148456186829
打爆银监会电话投诉。凭什么2019年之后这4年的要当冤大头。;不是刚降了存量吗，不看博主发的吗;-0.840347458890331
打爆银监会电话投诉。凭什么2019年之后这4年的要当冤大头。;回复@湾区之星:+1;-0.18323987872012726
打爆银监会电话投诉。凭什么2019年之后这4年的要当冤大头。;回复@Yarkee:电话多少，一起打[doge];-0.9193314839078826
打爆银监会电话投诉。凭什么2019年之后这4年的要当冤大头。;一起打吧[泪];0.8461538461538458
打爆银监会电话投诉。凭什么2019年之后这4年的要当冤大头。;刚买完房的不会立刻买，以前买的降点利率，好让你接着买[doge];-0.9009197615467894
打爆银监会电话投诉。凭什么2019年之后这4年的要当冤大头。;来了不是深圳人，是新鲜的韭菜;-0.8269397146106667
-----;------;------;0.7781209326250518;0.9669148456186829;-0.9193314839078826;1.8862463295265655;0.05687683523671727;905;3.7793197643698947e-06;0.3339998630086605;0.5566664383477674
妈的太黑了2019-2023的不降太黑了！;回复@栖安呀:这个月25号调的就是调到+30，19年前才可以+0;-0.9249536083443184
妈的太黑了2019-2023的不降太黑了！;回复@人生逆袭靠康波:不是前段时间降了吗？二套吗[允悲];0.9958175357360588
妈的太黑了2019-2023的不降太黑了！;我们还是+30。。。。。。。社会真的不公平[泪];0.5584409606396783
妈的太黑了2019-2023的不降太黑了！;真的。。坑死。。。夹心了。。。前面低30bp，后面的低40bp，还是永久性的，逼着这波人置换啊[允悲];0.2949321382238097
-----;------;------;0.7128252756760891;0.9958175357360588;-0.9249536083443184;1.9207711440803772;0.039614427959811405;233;9.73018237677553e-07;0.30097607605800775;0.5016267934300128
刚买的首套➕30BP找谁哭去，前面存量坚决不调，后脚马上降基点[委屈];回复@小颖酱不淡定:如果可以，现在就想卖了离开深圳，太恶心了。可以打哪个电话投诉[允悲];-0.9938225789296848
刚买的首套➕30BP找谁哭去，前面存量坚决不调，后脚马上降基点[委屈];是的刚买完房价就降贷款也降真的吐血[微笑][微笑];-0.08246649284058405
-----;------;------;0.4556780430445504;;-0.9938225789296848;0;1.0;190;7.934483483207513e-07;0.5822713759074898;0.9704522931791495
听说昨天大中介才成交133，不知道今天如何。我家房子好几天都没带看的了。;21号大中介成交了多少呢;-0.7851574740427438
听说昨天大中介才成交133，不知道今天如何。我家房子好几天都没带看的了。;回复@骨头社3:你猜郊区人卖完房去哪买[doge];-0.6807986432916144
听说昨天大中介才成交133，不知道今天如何。我家房子好几天都没带看的了。;郊区取消限购市里二手不死了;-0.9965269843575291
听说昨天大中介才成交133，不知道今天如何。我家房子好几天都没带看的了。;回复@湿漉漉的小娇羞:郊区没房的咋整？;-0.6137752012835467
听说昨天大中介才成交133，不知道今天如何。我家房子好几天都没带看的了。;回复@pawpawli:[允悲];0.691765029540703
听说昨天大中介才成交133，不知道今天如何。我家房子好几天都没带看的了。;这么低吗;-0.1942740286298572
听说昨天大中介才成交133，不知道今天如何。我家房子好几天都没带看的了。;据说就要郊区取消限购了，马上要起飞了，安心在家等着吧[喵喵];-0.539307485237636
-----;------;------;0.5165774712511231;0.691765029540703;-0.9965269843575291;1.688292013898232;0.155853993050884;27;1.127531863403173e-07;0.2689726082714401;0.4482876804524001
3677/8659http://t.cn/A6OjCWAx;课代表辛苦;0.8762793676684271
3677/8659http://t.cn/A6OjCWAx;鼓掌http://t.cn/A62cjPlg;0.4905722811504305
-----;------;------;0.19285354325899828;0.8762793676684271;;0;1.0;791;3.3032507553774438e-06;0.4771420779537504;0.7952367965895839
疲软啊。二月底卖的小区现在挂牌价比当时成交价都降了5%了。[允悲][并不简单];回复@酣睡的胡萝卜:苦啊;0.14467085735554996
-----;------;------;0.0;0.14467085735554996;;0;1.0;91;3.800199984062546e-07;0.4000000760039997;0.6666667933399995
这是跟去年一样的么，秋叶;回复@loveJeriny:你啥时候开始还贷的呀，我是20年1月份开始。按照合同，原先写的是LPR➕0.65，然后当时是5.45，相当时LPR是4.8，现在正常我看农行我那个时间段就是等于LPR，相当于现在的4.9变成了4.8;-0.931774517927382
这是跟去年一样的么，秋叶;回复@Moony_ZZX:不可能吧，我5.65调回了4.2[笑cry];-0.9474015814245147
这是跟去年一样的么，秋叶;回复@欧阳秋叶:那今年新政策之下，相当于我的利率才降了0.1，还是有4.8，真是吐血了;0.9677082316045329
这是跟去年一样的么，秋叶;一样;0.052465563615616606
-----;------;------;0.793806356424418;0.9677082316045329;-0.9474015814245147;1.9151098130290476;0.042445093485476204;46;1.9209802117239243e-07;0.3345006183835619;0.5575010306392697
财政部：1-8月完成全年新增专项债券限额的77.5%比序时进度快10.8个百分点】财政部国库司司长李先忠在新闻发布会上表示，1-8月，各地发行用于项目建设等专项债券2.95万亿元，完成全年新增专项债券限额的77.5%，比序时进度快10.8个百分点。;债券资金累计支持专项债券项目约2万个，主要用于市政建设和产业园区基础设施、社会事业、交通基础设施、保障性安居工程、农林水利等重点建设领域;0.999547901426382
-----;------;------;0.0;0.999547901426382;;0;1.0;4273;1.7844235749339843e-05;0.4000035688471499;0.6666726147452497
请问我是二手房，但是是首套，在调整范围内吗？@人民银行;@央行微播;0.6041718539871468
-----;------;------;0.0;0.6041718539871468;;0;1.0;98;4.092523059759665e-07;0.4000000818504612;0.6666668030841019
正在关注！;[兔子][开学季][兔子][兔子][开学季];0.9803471626426763
-----;------;------;0.0;0.9803471626426763;;0;1.0;1789711;0.007473911773270949;0.4014947823546542;0.6691579705910902
不懂就问，拿了诺奖为啥要去东莞买房;去华为工作[doge];0.03412224238245587
-----;------;------;0.0;0.03412224238245587;;0;1.0;119;4.969492286851022e-07;0.40000009938984576;0.6666668323164096
磊哥，适应房地产市场供求关系发生重大变化的新形势，这句话是不是针对的是全国地产市场，但是对于局部城市并不适用，对于求大于供的城市，还是有上涨空间[作揖];回复@晓磊的基金生活:谢谢磊哥回复[心];0.9957769499058371
磊哥，适应房地产市场供求关系发生重大变化的新形势，这句话是不是针对的是全国地产市场，但是对于局部城市并不适用，对于求大于供的城市，还是有上涨空间[作揖];我同意;-0.3191489361702129
-----;------;------;0.657462943038025;0.9957769499058371;-0.3191489361702129;1.31492588607605;0.342537056961975;8;3.340835150824216e-08;0.40000000668167035;0.6666666778027838
措施出台了，看能不能卖掉了;[笑cry]，竟然让评论;-0.5372087410213375
-----;------;------;0.0;;-0.5372087410213375;0;1.0;1407;5.8756938215120906e-06;0.4000011751387643;0.6666686252312738
