文本,宏观集群密度,帖子平均情绪值,宏观集群信任度值,群体情绪指数1
济南优化生育政策：三孩家庭公积金最高可贷万元济南三孩家庭公积金最高可贷万近日，为积极实施三孩生育政策，促进人口长期均衡发展，山东济南印发《济南市优化生育政策促进人口长期均衡发展实施方案》（简称“方案”）。方案提出，在构建多方位支持体系方面，要加强生育政策支持、加强养育成本支持、加强教育资源支持、加强住房保障支持、加强医保政策支持等措施。以加强住房保障支持为例，符合公租房申请条件的未成年政策内二孩及以上家庭，在申请公租房时优先予以分配；对因家庭人口增加、就业、子女就学等原因需要调换公租房的，根据房源情况实施常态化申请、统一调换；符合租赁住房补贴申请条件的，提高保障面积标准，每增加一孩保障面积标准增加平方米。与此同时，按照国家政策生育二孩的缴存职工家庭，申请住房公积金贷款购买首套自住住房的，一人缴存住房公积金的职工家庭最高可贷额度提高至万元，两人及以上缴存住房公积金的职工家庭最高可贷额度提高至万元；生育三孩的缴存职工家庭，申请住房公积金贷款购买首套自住住房的，一人缴存住房公积金的职工家庭最高可贷额度提高至万元，两人及以上缴存住房公积金的职工家庭最高可贷额度提高至万元。此外，在济南市无自有住房且租赁住房的二孩及以上家庭，可按照实际房租支出提取住房公积金。,1.0,0.0865268355446805,1.0,1.0
济南对多孩家庭每孩每月补贴元山东济南对二孩三孩家庭发放育儿补贴日前，山东济南印发《济南市优化生育政策促进人口长期均衡发展实施方案》，积极实施三孩生育政策，促进人口长期均衡发展。方案中提到，落实符合规定生育子女的夫妻的休假政策，女方享受天产假，配偶享受不少于天陪产假，周岁以下婴幼儿父母各享受每年累计不少于天育儿假。济南市户籍按照生育政策于年月日以后出生的二孩、三孩家庭，每孩每月发放元育儿补贴，直至孩子周岁。对按政策生育二孩、三孩家庭的子女，协调支持符合入学条件的同一家庭不同年龄段子女同一学区入学。鼓励优先保障三孩入普惠性幼儿园。申请住房公积金贷款购买首套自住住房的，一人缴存住房公积金的职工家庭最高可贷万元，两人及以上缴存住房公积金的职工家庭最高可贷万元；生育三孩的缴存职工家庭，申请住房公积金贷款购买首套自住住房的，一人缴存住房公积金的职工家庭最高可贷万元，两人及以上缴存住房公积金的职工家庭最高可贷万元。居民医保参保人员住院分娩医疗费医保实行定额支付，标准为元。职工生育保险参保人员住院分娩医疗费医保政策范围内报销比例为。参加职工基本医疗保险的灵活就业女性人员可享受生育医疗费待遇，住院分娩医疗费医保政策范围内报销比例为。在现有基础上，少年儿童住院医保报销比例再提高个百分点。对年月日以后出生的二孩、三孩，自出生之日起六个月内参加济南市居民基本医疗保险的，参保登记当年度个人缴费由财政予以全额补助；其祖父母、外祖父母参加济南市长期护理保险的，当年度个人缴费部分由财政予以全额补助。（央视，嘉玛）,0.0268714011516314,0.0531353169352025,0.941543746349856,0.015536860625697
韩国又闹“萨德”中国安全决不能由别人来决定后沙月光本尊：据韩联社日报道，关于驻韩美军“萨德”（）反导基地，预计韩国防部相关计划最早将于月内完成，届时将走完“萨德”在韩正式部署所需程序。根据去年月韩国外交部和驻韩美军指挥官组成的《驻韩美军地位协定》（）联合委员会签署供地文件，韩方将为“萨德”基地再向美方供地万平方米。韩国一些“反萨德”民间团体对此进行了抗议，理由是环境保护。韩国官方和民间这样闹来闹去，是想将“萨德”转化为一个法律问题，掩人耳目，避开其事关地缘政治和东北亚安全问题的实质。,1.0,0.2303506455160222,0.862093380086438,1.0
肥西县产城融合示范区（花岗）最新卫星影像图，路网建设进度很快，随着紫云湖片区和滨湖西片区热点降温，肥西经开区供应宗地后优质地块减少，北雁湖供地难度大，年该片区可能会加大土地供应。,0.3829787234042553,0.2413339867615086,1.0,0.4654246605719919
第十四届全国政协委员、四川大学华西医院教授甘华田建议第三孩免费教育至高中“学前教育入园难和贵的问题，依然是阻碍大多数家庭不愿生育多孩的原因之一。公办幼儿园的名额少，民办幼儿园的费用普遍较高，而高中教育不是义务教育，学费相对较贵”年全国“两会”召开在即，第十四届全国政协委员、四川大学华西医院教授甘华田告诉红星新闻记者，为更有效地鼓励生育，他将提交“关于进一步优化生育配套公共服务供给，提高生育意愿，优化人口结构的提案”，建议“为生育二孩、三孩的家庭发放教育专项补贴，为第三孩提供从幼儿园到高中毕业阶段的免费教育”。全国政协委员甘华田观点：面对生育主导型人口负增长，需要提高适龄人口的生育意愿和生育水平甘华田告诉红星新闻记者，我国人口多年来首次出现负增长，面对生育主导型人口负增长，努力提高适龄人口的生育意愿和生育水平是当务之急。与此同时，甘华田认为，目前，适龄的生育人群生育观念相对固化，“二孩”“三孩”政策对我国总体生育率的影响不如预期。“不愿生的原因很多，但是主要是两个，第一个是教育问题，第二个是医疗问题。实际上，教育问题是最重要的一个拦路虎，要解决这一问题，给三孩提供免费教育是一个很好的选择。而给三孩提供免费教育，国家财政是完全能够承受的，因为小学和初中已经是义务教育了，仅仅需要提供幼儿园和高中的费用。”甘华田如是说。建议：为生育二孩、三孩的家庭发放教育专项补贴减轻育儿家庭医疗负担甘华田表示，探索更有效的鼓励生育政策，应鼓励地方在降低养育、教育成本方面大胆创新。那么，如何降低多孩家庭的教育成本？对此，甘华田建议，为生育二孩、三孩的家庭发放教育专项补贴，为第三孩提供从幼儿园到高中毕业阶段的免费教育。此外，甘华田还建议减轻育儿家庭医疗负担，实行岁以下儿童免费医疗，提高儿童健康水平和人口素质；运用好税收政策，在个人所得税征收中，关于抚养子女支出的专项附加扣除标准按照子女数量进行差异化个税抵扣，并且覆盖从怀孕到孩子年满周岁。在养育、教育成本之外，甘华田对多孩家庭住房保障问题也有关注。甘华田提出，针对多孩家庭出台住房保障政策，降低多孩家庭的养育成本。而从地方实践上，目前福建省龙岩市已出台《龙岩中心城区三孩家庭购买新建商品住房补贴实施办法》，助力缓解多孩家庭购房压力。如若实行上述一系列举措，其带来的医疗、教育成本是否会增加财政负担？对此，甘华田认为，随着我国经济实力的不断提升，综合国力的不断增强，费用应该是国家财政能够承受的。“这实际上是一个鼓励性的、引导性的政策，表明国家鼓励生育的决心，也充分彰显党和政府以人民为中心的为民情怀。”现状：多地探索生育支持措施以现金补贴和购房政策为主那么，为何建议为三孩提供免费教育，而不从二孩开始？甘华田表示，这是出于对财政负担的现实考虑。给三孩提供免费教育不会太增加国家财政负担，有可行性的同时，也起到了鼓励生育的作用。红星新闻记者检索发现，目前多地已经出台针对三孩的生育支持措施。比如，湖北荆门部分地区对三孩家庭给予一次性购房补贴万元。年月，湖北荆门市人民政府官网发布了《关于优化生育政策促进人口长期均衡发展的实施方案》，其中明确二孩、三孩家庭还可以受到住房政策支持。对夫妻双方中至少一方为荆门市户籍，在东宝区、荆门高新区掇刀区、漳河新区等三区购买首套或改善型普通住房的生育二孩及三孩家庭发放购房补贴，其中二孩家庭给予一次性补贴万元，三孩家庭给予一次性补贴万元；有两个及以上未成年子女的职工家庭在市里购买首套或改善型住房时，住房公积金购房贷款额度最高可达到规定限额的倍。湖南长沙对三孩及以上每孩一次性发放育儿补贴万元。年月，湖南长沙市委、市政府印发了《关于优化生育政策促进人口长期均衡发展的工作方案》。长沙市卫生健康委员会主任刘激扬在解读该方案时表示，夫妻双方共同依法生育三个及以上子女的本地户籍家庭，三孩及以上每孩可享受一次性育儿补贴万元。对依法生育两个及以上子女的本地户籍家庭，增加套购房指标。根据家庭未成年子女数量在户型选择等方面给予适当照顾。红星新闻记者王辰元张炎良北京报道,0.0097087378640776,0.7999999999999998,0.7201166180758016,0.0835790397347404
真金白银多地出台生育支持政策今年以来，已有多地陆续推进一系列积极生育支持措施，如发放生育津贴和育儿补贴，加强住房保障支持等。其中，云南、山东济南、湖南长沙、辽宁沈阳、黑龙江哈尔滨等多地发放“真金白银”。云南省印发《云南省生育支持项目实施方案》，年月日起，对符合政策条件的家庭发放一次性生育补贴，发放期限为年月日至年月日。《方案》明确了补贴标准，对符合政策条件的家庭发放一次性生育补贴二孩补贴元、三孩补贴元，育儿补助二孩、三孩岁期间每人每年补助元，对婴幼儿意外伤害险参保给予补贴婴幼儿岁期间每人每年补助元。今年月，山东省济南市发布《济南市优化生育政策促进人口长期均衡发展实施方案》。其中提出：本市户籍按照生育政策于年月日以后出生的二孩、三孩家庭，每孩每月发放元育儿补贴，对其中的最低生活保障、特困供养人员及领取失业保险金期间的生育妇女每月加发元育儿生活补贴，直至孩子周岁。湖南省长沙市去年月出台《关于优化生育政策促进人口长期均衡发展的工作方案》。报道称，《工作方案》创新性地推出一系列支持生育的惠民“组合拳”，力度大、覆盖广、标准高，直指群众生育的“痛点”。其中提出，发放一次性生育补贴。夫妻双方共同依法生育三个及以上子女的本地户籍家庭，三孩及以上每孩可享受一次性育儿补贴万元。据测算，每年需投入约万元。辽宁省沈阳市出台《实施积极生育支持措施促进人口长期均衡发展实施方案》。其中提出，对夫妻双方共同依法生育三个子女的本地户籍家庭，三孩每月发放元育儿补贴，直至孩子周岁止。黑龙江哈尔滨印发的《哈尔滨市优化生育政策促进人口长期均衡发展的实施方案》。《实施方案》明确，按政策生育第二个子女的家庭，每孩每月发放元育儿补贴；按政策生育第三个子女的家庭，每月每孩发放元育儿补贴，直至子女周岁。除了生育补贴，多地的《方案》中还明确提到了住房保障支持和产假等安排。山东济南在构建多方位支持体系方面，《实施方案》提出，落实符合规定生育子女的夫妻的休假政策，女方享受天产假，配偶享受不少于天陪产假，周岁以下婴幼儿父母各享受每年累计不少于天育儿假。对按照国家政策生育二孩的缴存职工家庭，申请住房公积金贷款购买首套自住住房的，一人缴存住房公积金的职工家庭最高可贷额度提高至万元，两人及以上缴存住房公积金的职工家庭最高可贷额度提高至万元；生育三孩的缴存职工家庭，申请住房公积金贷款购买首套自住住房的，一人缴存住房公积金的职工家庭最高可贷额度提高至万元，两人及以上缴存住房公积金的职工家庭最高可贷额度提高至万元。湖南长沙湖南省长沙市出台的《关于优化生育政策促进人口长期均衡发展的工作方案》指出，符合法定生育条件的夫妻，女方除享受国家规定的产假外增加产假天，男方享受护理假天。女方产假期满，经本人申请，用人单位批准，可以请假至婴儿周岁，请假期间的待遇由双方协商确定。依法生育的夫妻除享受育儿假（夫妻在子女满三周岁前每年各享受天育儿假）外，在子女周岁以内增加天亲子假。此外，对依法生育两个及以上子女的本地户籍家庭，增加套购房指标。根据家庭未成年子女数量在户型选择等方面给予适当照顾。同时，《工作方案》就保障女性就业合法权益、维护计划生育家庭的合法权益、健全计划生育特殊家庭全方位帮扶保障制度等作出了明确规定。辽宁沈阳提出，在配租公租房时，对于符合住房保障条件且有未成年子女的家庭，可以优先配租，可根据未成年子女数量在户型选择等方面给予适当照顾。落实支持多孩家庭购买自住住房的政策，对生育二孩、三孩未满周岁的居民家庭在沈阳行政区域内已拥有套住房的，可在我市限购区域内再购买套新建商品住房。对生育二孩、三孩未满周岁的住房公积金缴存职工家庭，使用住房公积金贷款购买自住房的，贷款限额可放宽到当期最高贷款额度的倍。黑龙江哈尔滨提出，健全支持生育的住房保障政策，政策内二孩及以上家庭，申请住房公积金贷款，连续缴存时间降低至半年。政策内生育第二个、第三个子女的家庭，在城区购买新建住房的，分别给予万元、万元的购房补贴，具体补贴办法按照相关要求执行。在配租公租房时，对符合我市保障性住房资格条件、有未成年子女且按政策生育二孩及以上的家庭，纳入实物配租优先保障范围。湖北荆门提出，对夫妻双方中至少一方为本市户籍，在东宝区、荆门高新区掇刀区、漳河新区等三区购买首套或改善型普通住房的生育二孩及三孩家庭发放购房补贴，其中二孩家庭给予一次性补贴万元，三孩家庭给予一次性补贴万元，所需补贴经费纳入财政预算，按所购住房区域由市、区财政各承担。（来源：中国新闻网）,0.029126213592233,0.1328605715690746,0.7201166180758016,0.0416413462138203
鼓励生育多地明确对二孩三孩家庭发放生育补贴梳理发现，多地陆续推进一系列积极生育支持措施，如发放生育津贴和育儿补贴，加强住房保障支持等。云南：二孩生育补贴元、三孩补贴元年月日，云南省委、省政府印发《关于优化生育政策促进人口长期均衡发展的实施方案》，明确自年月日起，对符合政策条件的家庭发放一次性生育补贴（二孩补贴元、三孩补贴元），育儿补助（二孩、三孩岁期间每人每年补助元），对婴幼儿意外伤害险参保给予补贴（婴幼儿岁期间每人每年补助元）。山东济南：每孩每月发放元育儿补贴根据《济南市优化生育政策促进人口长期均衡发展实施方案》，明确建立健全积极生育支持政策体系。济南市户籍年月日以后出生的二孩、三孩家庭，每孩每月发放元育儿补贴，对其中的最低生活保障、特困供养人员及领取失业保险金期间的生育妇女每月加发元育儿生活补贴，直至孩子周岁。对按照国家政策生育二孩的缴存职工家庭，申请住房公积金贷款购买首套自住住房的，一人缴存住房公积金的职工家庭最高可贷额度提高至万元，两人及以上缴存住房公积金的职工家庭最高可贷额度提高至万元；生育三孩的缴存职工家庭，申请住房公积金贷款购买首套自住住房的，一人缴存住房公积金的职工家庭最高可贷额度提高至万元，两人及以上缴存住房公积金的职工家庭最高可贷额度提高至万元。湖南长沙：一次性发放育儿补贴万元根据湖南长沙市委、市政府印发的《关于优化生育政策促进人口长期均衡发展的工作方案》。长沙市卫生健康委员会主任刘激扬在解读《工作方案》时表示，夫妻双方共同依法生育三个及以上子女的本地户籍家庭，三孩及以上每孩可享受一次性育儿补贴万元。对依法生育两个及以上子女的本地户籍家庭，增加套购房指标。根据家庭未成年子女数量在户型选择等方面给予适当照顾。辽宁沈阳：三孩每月发放元育儿补贴据辽宁沈阳市印发的《实施积极生育支持措施促进人口长期均衡发展实施方案》。方案在降低生育、养育和教育成本方面明确了六项支持政策，其中包括建立家庭育儿补贴制度，对夫妻双方共同依法生育三个子女的本地户籍家庭，三孩每月发放元育儿补贴，直至孩子周岁止；实施住房支持政策，对生育二孩、三孩未满周岁的居民家庭在沈阳行政区域内已拥有套住房的，可在沈阳市限购区域内再购买套新建商品住房。对生育二孩、三孩未满周岁的住房公积金缴存职工家庭，使用住房公积金贷款购买自住房的，贷款限额可放宽到当期最高贷款额度的倍。黑龙江哈尔滨：三个子女家庭每月每孩发放元育儿补贴根据黑龙江哈尔滨市印发的《哈尔滨市优化生育政策促进人口长期均衡发展的实施方案》，其中明确将完善生育支持政策措施，减轻养育负担。建立育儿补贴制度，减轻家庭育儿负担，按政策生育第二个子女的家庭，每孩每月发放元育儿补贴；按政策生育第三个子女的家庭，每月每孩发放元育儿补贴，直至子女周岁。此外，要求健全支持生育的住房保障政策，政策内二孩及以上家庭，申请住房公积金贷款，连续缴存时间降低至半年；政策内生育第二个、第三个子女的家庭，在城区购买新建住房的，分别给予万元、万元的购房补贴。湖北荆门：三孩家庭每月发放元住房补贴年月日，湖北荆门市人民政府官网发布了《关于优化生育政策促进人口长期均衡发展的实施方案》，其中明确要对三孩家庭加强财税政策支持，减免经济困难家庭入托、入园、入学等费用。对夫妻双方中至少一方为我市户籍、在市内医疗机构生育三孩的家庭，每月发放元育儿补贴，直至孩子满周岁。此外，二孩、三孩家庭还可以受到住房政策支持。对夫妻双方中至少一方为荆门市户籍，在东宝区、荆门高新区掇刀区、漳河新区等三区购买首套或改善型普通住房的生育二孩及三孩家庭发放购房补贴，其中二孩家庭给予一次性补贴万元，三孩家庭给予一次性补贴万元；有两个及以上未成年子女的职工家庭在我市购买首套或改善型住房时，住房公积金购房贷款额度最高可达到规定限额的倍。（人民日报健康客户端）,0.2621359223300971,-0.0453077347832301,0.8308839230125173,-0.1474623078245132
多地发布鼓励生育新政策人民日报汇总报道云南：二孩生育补贴元、三孩补贴元年月日，云南省委、省政府印发《关于优化生育政策促进人口长期均衡发展的实施方案》，明确自年月日起，对符合政策条件的家庭发放一次性生育补贴（二孩补贴元、三孩补贴元），育儿补助（二孩、三孩岁期间每人每年补助元），对婴幼儿意外伤害险参保给予补贴（婴幼儿岁期间每人每年补助元）。山东济南：每孩每月发放元育儿补贴根据《济南市优化生育政策促进人口长期均衡发展实施方案》，明确建立健全积极生育支持政策体系。济南市户籍年月日以后出生的二孩、三孩家庭，每孩每月发放元育儿补贴，对其中的最低生活保障、特困供养人员及领取失业保险金期间的生育妇女每月加发元育儿生活补贴，直至孩子周岁。对按照国家政策生育二孩的缴存职工家庭，申请住房公积金贷款购买首套自住住房的，一人缴存住房公积金的职工家庭最高可贷额度提高至万元，两人及以上缴存住房公积金的职工家庭最高可贷额度提高至万元；生育三孩的缴存职工家庭，申请住房公积金贷款购买首套自住住房的，一人缴存住房公积金的职工家庭最高可贷额度提高至万元，两人及以上缴存住房公积金的职工家庭最高可贷额度提高至万元。湖南长沙：一次性发放育儿补贴万元根据湖南长沙市委、市政府印发的《关于优化生育政策促进人口长期均衡发展的工作方案》。长沙市卫生健康委员会主任刘激扬在解读《工作方案》时表示，夫妻双方共同依法生育三个及以上子女的本地户籍家庭，三孩及以上每孩可享受一次性育儿补贴万元。对依法生育两个及以上子女的本地户籍家庭，增加套购房指标。根据家庭未成年子女数量在户型选择等方面给予适当照顾。辽宁沈阳：三孩每月发放元育儿补贴据辽宁沈阳市印发的《实施积极生育支持措施促进人口长期均衡发展实施方案》。方案在降低生育、养育和教育成本方面明确了六项支持政策，其中包括建立家庭育儿补贴制度，对夫妻双方共同依法生育三个子女的本地户籍家庭，三孩每月发放元育儿补贴，直至孩子周岁止；实施住房支持政策，对生育二孩、三孩未满周岁的居民家庭在沈阳行政区域内已拥有套住房的，可在沈阳市限购区域内再购买套新建商品住房。对生育二孩、三孩未满周岁的住房公积金缴存职工家庭，使用住房公积金贷款购买自住房的，贷款限额可放宽到当期最高贷款额度的倍。黑龙江哈尔滨：三个子女家庭每月每孩发放元育儿补贴根据黑龙江哈尔滨市印发的《哈尔滨市优化生育政策促进人口长期均衡发展的实施方案》，其中明确将完善生育支持政策措施，减轻养育负担。建立育儿补贴制度，减轻家庭育儿负担，按政策生育第二个子女的家庭，每孩每月发放元育儿补贴；按政策生育第三个子女的家庭，每月每孩发放元育儿补贴，直至子女周岁。此外，要求健全支持生育的住房保障政策，政策内二孩及以上家庭，申请住房公积金贷款，连续缴存时间降低至半年；政策内生育第二个、第三个子女的家庭，在城区购买新建住房的，分别给予万元、万元的购房补贴。湖北荆门：三孩家庭每月发放元住房补贴年月日，湖北荆门市人民政府官网发布了《关于优化生育政策促进人口长期均衡发展的实施方案》，其中明确要对三孩家庭加强财税政策支持，减免经济困难家庭入托、入园、入学等费用。对夫妻双方中至少一方为我市户籍、在市内医疗机构生育三孩的家庭，每月发放元育儿补贴，直至孩子满周岁。此外，二孩、三孩家庭还可以受到住房政策支持。对夫妻双方中至少一方为荆门市户籍，在东宝区、荆门高新区掇刀区、漳河新区等三区购买首套或改善型普通住房的生育二孩及三孩家庭发放购房补贴，其中二孩家庭给予一次性补贴万元，三孩家庭给予一次性补贴万元；有两个及以上未成年子女的职工家庭在我市购买首套或改善型住房时，住房公积金购房贷款额度最高可达到规定限额的倍。,1.0,-0.0981410567835599,0.6818792711230355,-1.0
鼓励生育多地明确对二孩、三孩家庭发放生育补贴多地陆续推进一系列积极生育支持措施，如发放生育津贴和育儿补贴，加强住房保障支持等。云南：二孩生育补贴元、三孩补贴元年月日，云南省委、省政府印发《关于优化生育政策促进人口长期均衡发展的实施方案》，明确自年月日起，对符合政策条件的家庭发放一次性生育补贴（二孩补贴元、三孩补贴元），育儿补助（二孩、三孩岁期间每人每年补助元），对婴幼儿意外伤害险参保给予补贴（婴幼儿岁期间每人每年补助元）。山东济南：每孩每月发放元育儿补贴根据《济南市优化生育政策促进人口长期均衡发展实施方案》，明确建立健全积极生育支持政策体系。济南市户籍年月日以后出生的二孩、三孩家庭，每孩每月发放元育儿补贴，对其中的最低生活保障、特困供养人员及领取失业保险金期间的生育妇女每月加发元育儿生活补贴，直至孩子周岁。对按照国家政策生育二孩的缴存职工家庭，申请住房公积金贷款购买首套自住住房的，一人缴存住房公积金的职工家庭最高可贷额度提高至万元，两人及以上缴存住房公积金的职工家庭最高可贷额度提高至万元；生育三孩的缴存职工家庭，申请住房公积金贷款购买首套自住住房的，一人缴存住房公积金的职工家庭最高可贷额度提高至万元，两人及以上缴存住房公积金的职工家庭最高可贷额度提高至万元。湖南长沙：一次性发放育儿补贴万元根据湖南长沙市委、市政府印发的《关于优化生育政策促进人口长期均衡发展的工作方案》。长沙市卫生健康委员会主任刘激扬在解读《工作方案》时表示，夫妻双方共同依法生育三个及以上子女的本地户籍家庭，三孩及以上每孩可享受一次性育儿补贴万元。对依法生育两个及以上子女的本地户籍家庭，增加套购房指标。根据家庭未成年子女数量在户型选择等方面给予适当照顾。辽宁沈阳：三孩每月发放元育儿补贴据辽宁沈阳市印发的《实施积极生育支持措施促进人口长期均衡发展实施方案》。方案在降低生育、养育和教育成本方面明确了六项支持政策，其中包括建立家庭育儿补贴制度，对夫妻双方共同依法生育三个子女的本地户籍家庭，三孩每月发放元育儿补贴，直至孩子周岁止；实施住房支持政策，对生育二孩、三孩未满周岁的居民家庭在沈阳行政区域内已拥有套住房的，可在沈阳市限购区域内再购买套新建商品住房。对生育二孩、三孩未满周岁的住房公积金缴存职工家庭，使用住房公积金贷款购买自住房的，贷款限额可放宽到当期最高贷款额度的倍。黑龙江哈尔滨：三个子女家庭每月每孩发放元育儿补贴根据黑龙江哈尔滨市印发的《哈尔滨市优化生育政策促进人口长期均衡发展的实施方案》，其中明确将完善生育支持政策措施，减轻养育负担。建立育儿补贴制度，减轻家庭育儿负担，按政策生育第二个子女的家庭，每孩每月发放元育儿补贴；按政策生育第三个子女的家庭，每月每孩发放元育儿补贴，直至子女周岁。此外，要求健全支持生育的住房保障政策，政策内二孩及以上家庭，申请住房公积金贷款，连续缴存时间降低至半年；政策内生育第二个、第三个子女的家庭，在城区购买新建住房的，分别给予万元、万元的购房补贴。湖北荆门：三孩家庭每月发放元住房补贴年月日，湖北荆门市人民政府官网发布了《关于优化生育政策促进人口长期均衡发展的实施方案》，其中明确要对三孩家庭加强财税政策支持，减免经济困难家庭入托、入园、入学等费用。对夫妻双方中至少一方为我市户籍、在市内医疗机构生育三孩的家庭，每月发放元育儿补贴，直至孩子满周岁。此外，二孩、三孩家庭还可以受到住房政策支持。对夫妻双方中至少一方为荆门市户籍，在东宝区、荆门高新区掇刀区、漳河新区等三区购买首套或改善型普通住房的生育二孩及三孩家庭发放购房补贴，其中二孩家庭给予一次性补贴万元，三孩家庭给予一次性补贴万元；有两个及以上未成年子女的职工家庭在我市购买首套或改善型住房时，住房公积金购房贷款额度最高可达到规定限额的倍。（原文链接鼓励生育多地明确对二孩、三孩家庭发放生育补贴）态度岛的微博视频,0.1893203883495145,0.2193798620001694,0.722360157616322,0.4483216492854854
最新官方答疑：长沙离异单亲家庭享受二孩购房政策今年月上旬，长沙下发《依法生育两个及以上子女的本地户籍家庭购买商品住宅实施细则》，长沙市房产交易中心相关负责人强调，根据《实施细则》，由于二孩以上家庭增加套购房指标，在享受购房政策的二孩及以上本市户籍家庭，需同时满足以下展开,0.0097087378640776,0.9966908750093464,0.6647230320699707,0.0961182302834531
接连发布重磅新政，长沙楼市正起变化春节前十天，长沙楼市连续发布重磅新闻。先是月日起《依法生育两个及以上子女的本地户籍家庭购买商品住宅实施细则》实施。“长沙依法生育二孩及以上本地户籍家庭，增加套购房指标”落地。再是月日消息，《关于强省会人才购房实施细则》近日印发。周岁（含）以下的，具有专科及以上学历（博士、硕士学历不限年龄）或中级及以上专业技术资格（高级专业技术资格不限年龄）的人才，落户长沙并缴纳社保或个税后，可在限购区域内购买首套商品住房。这两条新政的核心，都直指限购放松。很明显，在新一轮楼市政策优化的浪潮里，长沙终于也撕开了口子。那么，新政实施之后，楼市又将发生什么变化？房票春节前接连发布的两条新政，最为明显的是，带来了购房资格的改变。前者，主要面向改善群体。长沙依法生育二孩及以上本地户籍家庭，增加套购房指标。不仅仅是二孩及以上家庭，事实上，去年以来，长沙多次优化了改善群体的购房政策。还比如以租换购，首套房网签四年后可购房套等。后者，直接扩充了刚需群体。周岁以下专科及以上的人才落户，且在购房当月有社保和个税记录的，可在限购区域内购买首套商品住房。此前，则需要落户与社保或个税均满一年。也正因为这项改变，被业内广泛看作是年以来，长沙楼市调控政策中覆盖面最广，力度最大的一次。人才购房条件的放宽，将直接加强长沙对人才的吸引力，尤其是引流市州及外地人口落户长沙。与之同时而来的是，一大批房票将进入长沙。新政实施后，今年长沙楼市的理论房票，远超此前第三方机构测算的万张。整体来看，长沙去年至今出台的优化政策，做到了支持刚性和改善性住房需求。长沙房产长沙房事儿（：潇湘晨报）,0.0194174757281553,0.2062991380341825,0.6884532612617594,0.0412103618136729
长沙：二孩及以上本地户籍家庭增加套购房指标长沙市住建局、市卫健委、市公安局三部门今日联合下发的《依法生育两个及以上子女的本地户籍家庭购买商品住宅实施细则》明确，依法生育两个及以上子女的长沙市户籍家庭，符合二孩及以上家庭购房政策认定条件的，可在原有家庭限购套的基础上增加套购房指标。（观察者网）,0.0145631067961165,-0.2837422906841831,0.6647230320699707,-0.0410450334014765
长沙：二孩及以上本地户籍家庭增加套购房指标长沙市住建局、市卫健委、市公安局三部门今日联合下发的《依法生育两个及以上子女的本地户籍家庭购买商品住宅实施细则》明确，依法生育两个及以上子女的长沙市户籍家庭，符合二孩及以上家庭购房政策认定条件的，可在原有家庭限购套的基础上增加套购展开,0.0242718446601941,-0.60721902098159,0.7201166180758016,-0.158596195882221
湖南消费投诉已通过长沙二孩及以上家庭增加套购房指标，正按程序报备“对依法生育两个及以上子女的本地户籍家庭，增加套购房指标。根据家庭未成年子女数量在户型选择等方面给予适当照顾。”这是去年长沙市委、市政府《关于优化生育政策促进人口长期均衡发展的工作方案》对外公布后，长沙楼市关注的热门热点。那么，这一政策何时落地实施？月日，长沙市住房和城乡建设局在问政湖南上回复网友消息称，相关政策已通过市政府常务会议审议，正在按程序报备。,0.0194174757281553,0.4210526315789474,1.0,0.1221717904496745
实时快报：长沙依法生育二孩及以上本地户籍家庭增加套购房指标云财经讯，长沙市政府常务会议日前审议通过了《依法生育两个及以上子女的本地户籍家庭购买商品住宅实施细则》，目前《实施细则》已完成备案，即日起实施。政策的适用对象为依法生育两个及以上子女的长沙本市户籍家庭，符合二孩及以上家庭购房政策认定条件的，可在原有家庭限购套的基础上增加套购房指标，长沙户籍家庭购买限购区域第三套商品住房不受缴交社保或个税、房屋网签或办理不动产证时间等限制。,0.0145631067961165,0.9816246838331366,0.7201166180758016,0.1538310908525481
长沙孩及以上家庭增加套购房指标长沙对孩及以上家庭增加套购房指标，已通过市政府常务会议审议，正按程序报备“对依法生育两个及以上子女的本地户籍家庭，增加套购房指标。根据家庭未成年子女数量在户型选择等方面给予适当照顾。”这是去年长沙市委、市政府《关于优化生育政策促进人口长期均衡发展的工作方案》（简称工作方案）对外公布后，长沙楼市关注的热门热点。那么，这一政策何时落地实施？月日，长沙市住房和城乡建设局在问政湖南上回复网友消息称，相关政策已通过市政府常务会议审议，正在按程序报备。潇湘晨报的微博视频,0.0436893203883495,-0.4763101682497328,0.8312466739595377,-0.258485891764673
第三次房地产救市开始了，这次救市利好因素还是很多的，但要客观看待。、每年大学毕业生接近万人，不缺刚性和改善性购房需求。（现在的毕业生父母基本都已准备好房子了）、首套房利率最低已经降到，买房月供大幅降低。（差的不是利率，是没钱）、高层一再强调，房地产依然是国民经济的支柱产业。（给信心，保交付，继续坚持房住不炒）、楼市长期萧条，房价长期滞涨，潜在的购房需求不断累积。（生活还有衣食行）、看空房地产的人越来越多说明，需要买房的人越来越多。（房子话题已经淡了）,0.379047619047619,-0.0294175719992329,0.6117048972086288,-0.0305410188706374
第三次房地产救市开始了，大家觉得救得起来吗？这次救市利好因素还是很多的，比如：、每年大学毕业生接近万人，不缺刚性和改善性购房需求。、首套房利率最低已经降到，买房月供大幅降低。、高层一再强调，房地产依然是国民经济的支柱产业。、楼市长期萧条，房价长期滞涨，潜在的购房需求不断累积。、看空房地产的人越来越多说明，需要买房的人越来越多。房地产是国民经济的支柱产业,1.0,0.269677946500784,0.8281587629394898,1.0
连平：二季度房地产市场有望走出谷底，房价或先抑后稳植信投资首席经济学家兼研究院院长、中国首席经济学家论坛理事长连平预计，年二季度开始，房地产市场有望逐步走出“谷底”。不过，政策加码到市场回暖仍然需要耐心，预计房地产市场将逐步摆脱底部区间。对于入市时机，连平提到，“考虑到当期购房政策条件相对宽松，门槛是近年来较低的，一方面购房贷款利率，无论是首套房还是二套房，很多城市都已经降到或接近历史最低水平；购房首付比例在几十个城市也有不同程度的调降，就刚性和改善性住房需求而言，尤其是在大城市的购房者，应该说是不错的购房时机。”（澎湃）网页链接,0.0028571428571428,0.4111589308455534,0.6905348811122178,0.0036321875935172
年月日贷款市场报价利率（）为：年期为，年期以上为，连续个月未发生变化。北京二手房,0.019047619047619,-0.2851507479722194,0.5837503340084805,-0.0141965664521146
这个利率表的阶段我正在银行工作，那时候并不懂这么高的利率到底是怎么造成的，现在能够理解那时候外面的资金市场一定已经是惊涛骇浪了。贷款市场报价利率,0.0066666666666666,0.6105973923221492,1.0,0.0182265575856053
财经要闻央行：延续实施碳减排支持工具等三项结构性货币政策工具；多部门：鼓励支持有条件有意愿的搬迁群众进城落户；上海：促进汽车、家电等大宗消费，延续实施新能源车置换补贴。今日看盘超话股市分析,0.0138248847926267,0.993229246327766,0.641330328395641,0.0137313592248007
扶贫搬迁受益方向发改委等多部门：鼓励支持有条件有意愿的搬迁群众进城落户。据悉，发改委联合财政部等个部门发布《关于推动大型易地扶贫搬迁安置区融入新型城镇化实现高质量发展的指导意见》。其中提出，鼓励支持有条件有意愿的搬迁群众进城落户。对吸纳搬迁人口落户多的地区给予财政支持。看法：这是扶贫搬迁计划，这是好事情，而且是根据有意愿搬迁的才搬迁，对乡村城镇化建设也是有利的。消息上对房地产也有利好影响。股票方面，房地产上周四周五港股房地产板块也有反弹行情活跃上涨，对节后股房地产板块和地产链也有利于反弹行情。如中交地产中国武夷万科新城控股高斯贝尔,0.0046082949308755,0.0,0.641330328395641,0.0
鼓励支持有条件有意愿的搬迁群众进城落户财联社月日电，国家发展改革委联合财政部等个部门发布《关于推动大型易地扶贫搬迁安置区融入新型城镇化实现高质量发展的指导意见》。因地制宜制定具体落户办法，积极推广新市民居住证制度，推动城镇基本公共服务财联社新闻的微博视频,0.0092165898617511,0.9999935236737344,0.641330328395641,0.0092165834133502
发改委等多部门：鼓励支持有条件有意愿的搬迁群众进城落户充分尊重搬迁人口落户城镇意愿那个，很多人说此举是“掏”老百姓口袋里的钱，其实我感觉吧，有政策支持，总比没政策支持好得多。恕我直言，现在农村人还真有很多想在城市里买房子的，回老家农村问问就知道，在地市小县城买房的可多。所以，政策支持有条件有意愿的搬迁群众进城落户，那也挺好的。怎么说呢？你没有政策，一样有很多人去买，能给老百姓优惠点、便利点，总比没有强。,0.6728110599078341,0.3994850006360736,0.7283941277125403,0.3052676378122469
部门：鼓励支持有条件有意愿的搬迁群众进城落户。春节后首地，郑州部分银行首套房贷利率降至，已有多地突破利率下限。点评：有没有可能地产的逻辑已经走完了？剩下的就是一些改善群体。,0.0921658986175115,0.4112131337115389,0.5758423500433173,0.0340299703968607
发改委等多部门：鼓励支持有条件有意愿的搬迁群众进城落户国家发展改革委联合财政部等个部门发布《关于推动大型易地扶贫搬迁安置区融入新型城镇化实现高质量发展的指导意见》。其中提出，推进有序落户城镇。充分尊重搬迁人口落户城镇意愿，因地制宜制定具体落户办法，提高户籍登记和迁移便利度，鼓励支持有条件有意愿的搬迁群众进城落户。积极稳妥推广新市民居住证制度，推动城镇基本公共服务逐步覆盖未落户搬迁人口。依法保障已落户城镇的搬迁群众在迁出地农村的合法权益。,0.0138248847926267,0.8163816533722186,0.641330328395641,0.0112864475028672
十九部门：鼓励支持有条件有意愿的搬迁群众进城落户国家发展改革委等十九部门发布《关于推动大型易地扶贫搬迁安置区融入新型城镇化实现高质量发展的指导意见》。其中提出，推进有序落户城镇。充分尊重搬迁人口落户城镇意愿，因地制宜制定具体落户办法，提高户籍登记和迁移便利度，鼓励支持有条件有意愿的搬迁群众进城落户。积极稳妥推广新市民居住证制度，推动城镇基本公共服务逐步覆盖未落户搬迁人口。依法保障已落户城镇的搬迁群众在迁出地农村的合法权益。,0.0046082949308755,-0.9307553577929596,0.668052425412126,-0.0044679374735923
部委发文鼓励支持有条件有意愿的搬迁群众进城落户近日，国家发展改革委联合财政部、中国人民银行等个部门印发意见提出：充分尊重搬迁人口落户城镇意愿，因地制宜制定具体落户办法，提高户籍登记和迁移便利度，鼓励支持有条件有意愿的搬迁群众进城落户。详情见图,0.0092165898617511,0.3839563384816185,0.641330328395641,0.0035387885390495
部门联合发布：鼓励支持搬迁群众进城落户，推广新市民居住证制度国家发展改革委月日发布《关于推动大型易地扶贫搬迁安置区融入新型城镇化实现高质量发展的指导意见》推进有序落户城镇。充分尊重搬迁人口落户城镇意愿，因地制宜制定具体落户办法，提高户籍登记和迁移便利度，鼓励支持有条件有意愿的搬迁群众进城落户。积极稳妥推广新市民居住证制度，推动城镇基本公共服务逐步覆盖未落户搬迁人口。派财经官微派财经官微的微博视频,0.0506912442396313,0.8888888888888888,0.694774522428611,0.0488140727324943
米虫之超话鼓励支持有条件有意愿的搬迁群众进城落户,0.0368663594470046,0.2818379182223229,0.6331787263493538,0.0102583313058651
今日看盘超话发改委鼓励支持有条件有意愿的搬迁群众进城落户。个人的真实体验：现在村里人越来越少，年轻人更少的可怜。就拿我的老家来说，村里岁的村户仅有几户，全村多户基本上都是岁以上的老年户。年轻人都进城了，村里的土地基本没有人种，全都荒废了，而市区仅仅北京市就承载了万人，挤的不行，导致房价高涨，就业竞争非常大。村里如果这样持续下去，基本上年后就绝户了，这也是现在的存在的现状。股票财经,0.0184331797235023,0.5016698992112222,0.8189203159958557,0.0118081178005238
发改委等多部门：鼓励支持有条件有意愿的搬迁群众进城落户,0.2857142857142857,-0.1504216882559587,0.725798375536019,-0.048638383963066
发改委等部门：发布《关于推动大型易地扶贫搬迁安置区融入新型城镇化实现高质量发展的指导意见》。推进有序落户城镇。充分尊重搬迁人口落户城镇意愿，因地制宜制定具体落户办法，提高户籍登记和迁移便利度，鼓励支持有条件有意愿的搬迁群众进城落户。积极稳妥推广新市民居住证制度，推动城镇基本公共服务逐步覆盖未落户搬迁人口。（现在的政策就是人都要往城市里跑）,0.1889400921658986,0.1748421687451204,0.6478792858302352,0.0333722227092775
一切为了房地产，城里没有人买了，只好把农村的人赶进去买。部门联合发文：鼓励支持有条件有意愿的搬迁群众进城落户，依法保障已落户城镇的搬迁群众在迁出地农村的合法权益，真是为了房地产耗尽脑汁，殚精竭虑。今天初八，农村又恢复往日的萧瑟，已经看不见几个人了，除了一部分留守的老人。这样一来农村的人口就会越来越少了，当最后留恋故土，喜欢日出而作，日又入而息的老一辈人逝水流年而去，农村就更成为了空城，除了春节有人会回来祭祖，有点人气之外，平时再无鸡鸣狗吠之声了。,0.0691244239631336,0.3958141638905403,0.4807753745396539,0.0205109512207248
华为浏览器十九部门：鼓励支持有条件有意愿搬迁群众进城落户观察者网,0.0092165898617511,0.9788215106100062,0.641330328395641,0.0090214485251626
财经早餐星期日半导体设备厂商客户持续砍单泰国大米价格不到个月已飙升年全国发行新增地方政府债券亿元春节假期全国春运客流量超亿人次乌克兰危机推动美国财年军售额激增鼓励支持有条件有意愿的搬迁群众进城落户支付巨头据悉与投资者展开,0.0368663594470046,0.3673373984066151,0.9717852641360896,0.0205204291443505
会议指出，要深入落实稳经济一揽子政策和接续措施，推动重大项目建设、设备更新改造形成更多实物工作量，实施好原定延续执行的增值税减免等政策。坚持“两个毫不动摇”，依法保护民营企业权益。支持平台经济持续健康发展。推动企业节后快速复工复产。国常会：推动消费加快恢复多部门：鼓励支持有条件有意愿的搬迁群众进城落户网页链接,0.1290322580645161,0.2010680775924559,0.877136029015918,0.035483716779553
月日下午，发改委，财政部等部等部门发布《关于推动大型易地扶贫搬迁安置区融入新型城镇化实现高质量发展的指导意见》，对股形成利好，分享给大家。发改委、财政部等多部门：鼓励支持有条件有意愿的搬迁群众进城落户。异地扶贫搬迁是利国利民的一项好国策，很多人口居住在资源并不丰富的贫困山区和农村，要想富裕起来，要走很长的路，异地搬迁也是一件好事情。搬迁后相关的城镇接纳他们落户，由农村户口变更为城镇户口，并积极就业，走出一条扶贫的新路。在子女教育，医疗卫生等社会服务体系方面享有与城镇人口一样的待遇，体现了我国社会主义的优越性。人口贫困的减少，富裕程度的增加，也将对国民经济产生重大的促进，利好股市场的繁荣和发展。发改委、财政部等部门。分类引导大型安置区融入新型城镇化。异地扶贫搬迁以后，将会形成大型的人口聚集区，不仅要解决他们的吃饭问题，还要在居住环境，社会服务方面进行全面的提升。这就会对县城相关的基础设施进行延伸覆盖，相关的配套设施做到提档升级，公共服务提标扩面都要做到位。上述的措施和行动对基本建设方面形成利好，属于基本建设、海绵城市、地下管网、通讯环保等板块，对钢铁，排水设备，环境安保，水泥等相关产业链个股起到提振和推动。在此消息的带动下，下周股市场相关产业链个股有望迎来触底反弹的行情。,1.0,0.9999942233211858,0.641330328395641,1.0
值得关注指导意见：鼓励支持有条件有意愿搬迁群众进城落户充分尊重搬迁人口落户城镇意愿近日，国家发展改革委联合财政部、中国人民银行、住房和城乡建设部、国家乡村振兴局等个部门印发《关于推动大型易地扶贫搬迁安置区融入新型城镇化实现高质量发展的指导意见》。意见中提到：加快搬迁人口市民化进程。推进有序落户城镇。充分尊重搬迁人口落户城镇意愿，因地制宜制定具体落户办法，提高户籍登记和迁移便利度，鼓励支持有条件有意愿的搬迁群众进城落户。积极稳妥推广新市民居住证制度，推动城镇基本公共服务逐步覆盖未落户搬迁人口。依法保障已落户城镇的搬迁群众在迁出地农村的合法权益。（国家发展改革委微信公众号）,0.0230414746543778,0.0983246993104901,0.5755474196800717,0.0020331748987287
十九部门：鼓励支持有条件有意愿的搬迁群众进城落户,0.0414746543778801,0.2877814258285525,0.694774522428611,0.0129303461314537
充分尊重搬迁人口落户城镇意愿近日，国家发展改革委等个部门印发《关于推动大型易地扶贫搬迁安置区融入新型城镇化实现高质量发展的指导意见》。意见中提到：加快搬迁人口市民化进程。推进有序落户城镇。充分尊重搬迁人口落户城镇意愿，因地制宜制定具体落户办法，提高户籍登记和迁移便利度，鼓励支持有条件有意愿的搬迁群众进城落户。积极稳妥推广新市民居住证制度，推动城镇基本公共服务逐步覆盖未落户搬迁人口。依法保障已落户城镇的搬迁群众在迁出地农村的合法权益。,0.0460829493087557,0.3022205976887118,0.668052425412126,0.0145076009759082
充分尊重搬迁人口落户城镇意愿发改委、财政部等多部门：鼓励支持有条件有意愿的搬迁群众进城落户。只想问问：进城送房子还是要自己买房子？如果自己买，我干嘛当这个冤大头，替你城里人去库存？,0.3732718894009216,0.5209779072467811,1.0,0.3032252219181547
发改委等多部门：鼓励支持有条件有意愿的搬迁群众进城落户国家发展改革委联合财政部等多部门发布《关于推动大型易地扶贫搬迁安置区融入新型城镇化实现高质量发展的指导意见》。其中提出，推进有序落户城镇。充分尊重搬迁人口落户城镇意愿，因地制宜制定具体落户办法，提高户籍登记和迁移便利度，鼓励支持有条件有意愿的搬迁群众进城落户。积极稳妥推广新市民居住证制度，推动城镇基本公共服务逐步覆盖未落户搬迁人口。依法保障已落户城镇的搬迁群众在迁出地农村的合法权益。（发改委）,0.0184331797235023,0.974742754693518,0.641330328395641,0.0179677121751495
今起北京租住保障性租赁房可提取公积金月日，北京住房公积金管理中心发布《关于进一步优化住房公积金提取业务的通知》。据悉，即日起，在本市租住保障性租赁房的家庭可以申请提取住房公积金，且职工每月的住房公积金可直接冲抵房租，减少了租房提取的中间环节。房地产（新浪财经）,0.3945945945945946,0.2123769882819858,0.7850797273806042,0.2584628161369235
北京租住保障性租赁房可提取公积金为啥不能自由提取？可以规定按自己需求来提取，随便每个季度提取，但是提取后以后贷款额度什么的减少什么的也行。不提取贷款额度增加也行。不是说促进消费？钱都存在里面拿不出来我拿什么消费,0.0108108108108108,-0.296116712297691,0.6925411875123835,-0.0087094857500472
北京二手房白话数据年月日建委新房住宅网签套，二手房住宅网签套。（网签有滞后）大中介前台挂牌房源量套，持续关注。昨日楼市热点：北京公积金利好新年这类情况可按月提取。（看昨天微博）提供个学位北京中学东坝北校区开始招标。展开,0.2918918918918919,-0.150579381223866,0.574656950966352,-0.0992251863688722
北京：租住保障性租赁房可提取公积金类公积金提取可调整周期年月日，北京住房公积金管理中心发布《关于进一步优化住房公积金提取业务的通知》（以下简称《通知》）。日起，在本市租住保障性租赁房的家庭可以申请提取住房公积金，且职工每月的住房公积金可直接冲抵房租，减少了提取的展开,0.1351351351351351,-0.3192279292243484,0.6441535243030938,-0.1091652133105595
北京租住保障性租赁房可提取公积金真的会说到天花乱坠，只听他说的话，我觉得万一平不过分首护者的微博视频,0.1513513513513513,0.8082103699987461,1.0,0.480547631331218
今天起，在北京租住保租房可提取公积金月日，北京住房公积金管理中心发布《关于进一步优化住房公积金提取业务的通知》。即日起，在本市租住保障性租赁房的家庭可以申请提取住房公积金，且职工每月的住房公积金可直接冲抵房租，减少了租房提取的中间环节。《通知》明确，类住房公积金提取事项将展开,0.0864864864864864,-0.893978213584528,0.7061204264832145,-0.2144764850826581
白话身边事儿年月日，北京住房公积金管理中心发布《关于进一步优化住房公积金提取业务的通知》（以下简称《通知》）。据悉，即日起，在本市租住保障性租赁房的家庭可以申请提取住房公积金，且职工每月的住房公积金可直接冲抵房租，减少了提取的中间环节。同时，《通知》明确，类住房公积金展开,0.2702702702702703,-0.18561737647102,0.5607001337827373,-0.1105028006441532
月日起，北京市租住保障性租赁房可提取公积金月日，北京住房公积金管理中心发布《关于进一步优化住房公积金提取业务的通知》。即日起，在北京市租住保障性租赁房的家庭可以申请提取住房公积金，且职工每月的住房公积金可直接冲抵房租，减少了租房提取的中间环节。一、加大对租住保障性租赁展开,0.2702702702702703,0.0109624184582538,0.619266098169954,0.0072078821378819
北京：月日起，租住保障性租赁房可提取公积金月日，北京住房公积金管理中心发布《关于进一步优化住房公积金提取业务的通知》（以下简称《通知》）。据悉，即日起，在本市租住保障性租赁房的家庭可以申请提取住房公积金，且职工每月的住房公积金可直接冲抵房租，减少了租房提取的中间环节。为展开,0.9783783783783784,0.5355471017830782,0.4858137032211947,1.0
各种支持政策出来了，帮助低收入人群。北京：月日起，租住保障性租赁房可提取公积金北京住房公积金管理中心发布《关于进一步优化住房公积金提取业务的通知》。即日起，在本市租住保障性租赁房的家庭可以申请提取住房公积金，且职工每月的住房公积金可直接冲抵房租，减少了租房提取的中间环节展开,0.2162162162162162,0.4397905298889242,0.6310200656793606,0.2357235783954296
月日起，北京市租住保障性租赁房可提取公积金月日，北京住房公积金管理中心发布《关于进一步优化住房公积金提取业务的通知》。即日起，在北京市租住保障性租赁房的家庭可以申请提取住房公积金，且职工每月的住房公积金可直接冲抵房租，减少了租房提取的中间环节。（北京住房公积金管理中心）,0.1729729729729729,-0.9999899742161028,0.7808062408227853,-0.5305702456597696
今起北京租住保障性租赁房可提取公积金月日，北京住房公积金管理中心发布《关于进一步优化住房公积金提取业务的通知》。据悉，即日起，在本市租住保障性租赁房的家庭可以申请提取住房公积金，且职工每月的住房公积金可直接冲抵房租，减少了租房提取的中间环节。,0.1243243243243243,-0.3003785592501959,0.533643156279231,-0.0782891722242647
实时快报：北京：月日起，租住保障性租赁房可提取公积金云财经讯，北京住房公积金管理中心发布《关于进一步优化住房公积金提取业务的通知》。据悉，即日起，在本市租住保障性租赁房的家庭可以申请提取住房公积金，且职工每月的住房公积金可直接冲抵房租，减少了租房提取的中间环节。（北京日报展开,0.0054054054054054,0.0839694656488549,0.699330806997799,0.0012469758447839
北京租住保障性租赁房可提取公积金北京：月日起，租住保障性租赁房可提取公积金据北京日报：月日，北京住房公积金管理中心发布《关于进一步优化住房公积金提取业务的通知》（以下简称《通知》）。据悉，即日起，在本市租住保障性租赁房的家庭可以申请提取住房公积金，且职工每月的住房公积金展开,1.0,-0.1354581356373708,0.7248333566112823,-0.3857171815134013
推动重大项目提速提质提效访郑州市市长何雄“三个一批”活动启动以来，郑州市牢固树立“项目为王”理念，建立党政主要领导齐抓共管的高位统筹推进机制，多措并举创环境、育链条、优服务、促达产，较好地实现了以项目建设强投资、扩内需、补短板、调结构、聚人才、惠民生的互促多赢，为稳增展开,0.0023310023310023,0.9958018099610436,0.7023748816397943,0.0085834025081501
千万人口特大城市官宣：租房就能全家落户，中心城区也可以所在省也发布重磅楼市新政每日经济新闻新年上班第一天，从河南省会郑州传来大消息。近日，郑州市公安局在郑州年户籍制度改革的基础上，制定下发了《关于进一步深化户籍制度改革的实施意见》，于年月日起正式实施。此次户籍展开,0.1655011655011655,-0.2705832041078354,0.5482509503929207,-0.1292576252094165
提信心促经济激活市场、取消限制性政策、优化二套房认定标准河南“”政策举措实施房地产长效机制网页链接月日，河南省政府新闻办召开新闻发布会，重点介绍河南省大力提振市场信心、促进经济稳定向好有关工作，并回答记者提问。全力拼经济发布会上，河南省住房和城乡展开,0.0372960372960372,-0.1440132675110748,0.6997586911036872,-0.0197873840726261
张捷财经说是倒逼开发商，其实是倒逼政府如何？办证时间长短，主要是政府测量办事的时间，交房即交证的政策看似很美，结果是期房的开发周期更长，老百姓拿到房子更晚，风险更大。现在房子盖好后的竣工验收和测量，经常就要三个月，等于是三个月不交等着，要是办证后才能够交，时间就要更长。而且交房后看到面积等各种问题，还可以争议等等，办证后交房，证都下来了，有面积、公摊等争议，就更难以维权了，因为已经把办证的政府绑架在上面了，要维权等于说政府办错了。河南：今年全面推行新建商品房“交房即交证”,1.0,-0.1022352446515535,0.8677756786987859,-0.4670711064691095
年哪些新规开始实施从年月日起，河南全省所有城镇规划范围内新取得国有建设用地使用权的预售商品房项目全面实施“交房即交证”，以切实解决群众关切的不动产权证“办证难”，优化营商环境，提升群众的获得感和满意度。尽管还有非常明显的短板，但这就是进步。至少，老百姓有了一定的保障和依靠。至少，楼市的向好面在逐渐展现。河南新建商品房交房即交证郭春江郭春江超话醒客超话醒客,0.0093240093240093,0.3117256417880858,0.7023748816397943,0.0107477878783259
实时快报：年河南全面推行新建商品房“交房即交证”云财经讯，从年月日起，河南省所有城镇规划范围内新取得国有建设用地使用权的预售商品房项目全面实施“交房即交证”，以切实解决群众关切的不动产权证“办证难”，优化营商环境，提升群众的获得感和满意度。（河南日报）,0.0093240093240093,-0.4724333884700499,1.0,-0.0231909302609018
今年河南全面推行新建商品房“交房即交证”河南推行新建商品房交房即交证据河南省政府网，从年月日起，河南省所有城镇规划范围内新取得国有建设用地使用权的预售商品房项目全面实施“交房即交证”，以切实解决群众关切的不动产权证“办证难”，优化营商环境，提升群众的获得感和满意度。,0.682983682983683,-0.4186870368059291,0.6642403740681646,-1.0
河南新建商品房交房即交证从年月日起，河南全面推行新建商品房“交房即交证”。根据规定，全省所有城镇规划范围内新取得国有建设用地使用权的预售商品房项目，房地产开发企业在向购房者交房的同时，还要交不动产登记证。为做好这项涉及千家万户切身利益的工作，郑州、开封、洛阳、安阳、漯河等省辖市先后开展了试点工作。省自然资源厅汇总全省实施经验，规范工作程序，建立了“交房即交证”不动产登记服务新模式，从源头上消除了过去交房与交证不同步带来的弊端，取得了积极的改革成效。截至年年底，全省已有个项目（小区）实现了“交房即交证”，共发证本。年的愿望清单（河南日报）,0.3752913752913753,-0.2832849723711781,0.4407091630097555,-0.2466715646324496
河南新建商品房交房即交证从年月日起，河南全面推行新建商品房“交房即交证”。根据规定，全省所有城镇规划范围内新取得国有建设用地使用权的预售商品房项目，房地产开发企业在向购房者交房的同时，还要交不动产登记证。为做好这项涉及千家万户切身利益的工作，郑州、开封、洛阳、安阳、漯河等省辖市先后开展了试点工作。省自然资源厅汇总全省实施经验，规范工作程序，建立了“交房即交证”不动产登记服务新模式，从源头上消除了过去交房与交证不同步带来的弊端，取得了积极的改革成效。截至年年底，全省已有个项目（小区）实现了“交房即交证”，共发证本。年的愿望清单（记者李运海）,0.0372960372960372,-0.5535219021370027,0.7040286876962655,-0.0765178474521346
今年河南全面推行新建商品房交房即交证从年月日起，全省所有城镇规划范围内新取得国有建设用地使用权的预售商品房项目全面实施“交房即交证”，以切实解决群众关切的不动产权证“办证难”，优化营商环境，提升群众的获得感和满意度。不动产登记涉及千家万户，面广量大，与广大群众的切身展开,0.0699300699300699,-0.2052163394526075,0.6793749158675773,-0.0513287034774321
住建部终于发话了，对于购买第一套住房的要大力支持，首付能降下来的要降下来，二套要合理支持，但是特别强调，三套以上原则上不支持，也就是说不给投机炒房者重新入市留有空间。房地产落实金融支持房地产条措施住建部部长谈买房租房,0.0047393364928909,0.4958635461189161,0.8670646661351733,0.0196782614191157
央行：落实金融条措施，支持房地产市场平稳健康发展，具体哪条感兴趣的可以自己去看，提振经济，刺激房地产也是迫不得已之举，但是效果本都督有些怀疑没钱才是硬道理，重要的是，房子以后的投资价值越来越小，综合多方数据判断，年应该是人口负增长元年，未来很多年都是这个趋势，所以有钱人大概率也不会做这方面的投资刺激新能源汽车效果估计要好些,0.0110584518167456,0.5314910872792217,0.9491361932145568,0.0538733970344296
央行：落实金融条措施，支持房地产市场平稳健康发展月日，年中国人民银行工作会议以视频形式召开。观点新媒体了解，会议要求，一是精准有力实施好稳健的货币政策。综合运用多种货币政策工具，保持流动性合理充裕。保持广义货币供应量和社会融资规模增速同名义经济增速基本匹配。多措并举降低市场主体融资成本。保持人民币汇率在合理均衡水平上的基本稳定。二是加大金融对国内需求和供给体系的支持力度。支持恢复和扩大消费、重点基础设施和重大项目建设。坚持对各类所有制企业一视同仁，引导金融机构进一步解决好民营小微企业融资问题。落实金融条措施，支持房地产市场平稳健康发展。三是持续推动金融风险防范化解。进一步发挥国务院金融委办公室牵头抓总作用。健全金融稳定保障基金管理制度。四是持续完善宏观审慎管理体系。优化宏观审慎压力测试机制。强化系统重要性银行监管。加强金融控股公司监管。五是持续深化国际金融合作和对外开放。做好二十国集团可持续金融牵头工作。稳步扩大规则、规制、管理、标准等制度型开放。有序推进人民币国际化。六是持续深化金融改革。继续完善金融基础设施统筹监管框架。加强平台企业金融业务常态化监管。继续深化外汇领域改革开放。七是全面提升金融服务和管理水平。持续推进金融立法。扎实做好金融统计和研究工作。不断提升支付监管质效。深化金融科技应用与管理。强化人民币现金管理。有序推进数字人民币试点。持续提升国库业务信息化水平。全面加强征信体系建设。扎实开展反洗钱监管。强化金融消费权益保护。（：观点网）,0.0078988941548183,0.8514330287091444,0.7321346009339369,0.0475513915145146
落实金融支持房地产条措施房地产已经救不活了，没用的，死了这条心吧,0.0063191153238546,-0.7810278835306703,0.6471186011082178,-0.030843397742379
落实金融支持房地产条措施央行多方面发力推动经济运行整体好转中国人民银行日表示，将从精准有力实施好稳健的货币政策，加大金融对国内需求和供给体系的支持力度等方面发力，推动经济运行整体好转，实现质的有效提升和量的合理增长。当日召开的年中国人民银行工作会议要求，展开,0.0031595576619273,0.8379171836384058,0.7462594784128905,0.0190797532237209
重要消息：、美股周三收高，标普指数涨，纳斯达克指数涨，道琼斯指数涨；热门中概股普涨，纳斯达克中国金龙指数涨，新年两日累涨；、央行：加大金融对国内需求和供给体系的支持力度支持房地产市场平稳健康发展；年有序推进数字人民币试点；年要精准有力实施展开,0.8830963665086888,0.3147058416416302,0.3725903367397291,1.0
央妈释放利好，主要亮点：、落实金融条措施，支持房地产市场平稳健康发展；、年有序推进数字人民币试点；、支持恢复和扩大消费、重点基础设施和重大项目建设。、持续推动金融风险防范化解，健全金融稳定保障基金管理制度。、年要精准有力实施好稳健的货币政策，多措并举降低市场主体融资成本。种种迹象都表明了年行情不会很差，有政策支持其次金融稳定保障基金，关键时候可以护盘；还有货币宽松为主，对于后市走势都是利好,0.1611374407582938,0.200933505667123,0.5413166119953171,0.1692605269747279
央行：落实金融条措施支持房地产市场平稳健康发展。年有序推进数字人民币试点。支持恢复和扩大消费、重点基础设施和重大项目建设。自然资源部部长：适当增加今年土地计划指标支持“十四五”规划重大工程。中国信通院：月国内手机出货量万，下降。硅料价格从最高块多直接跌到元。展开,0.0126382306477093,0.0,0.6471186011082178,0.0
口号喊得够多的了，关键看怎么落实落实金融支持房地产条措施,0.0110584518167456,0.4326380870402447,0.5988495913788173,0.0276689289237574
股超话股今日影响盘面因素今日将迎来大反击：，英飞拓：年净利预亏亿亿去年亏损亿元英飞拓公告，预计年归母净利亏损亿亿，上年同期亏损亿元。、央行年会：落实金融条措施支持房地产市场平稳健康发展央行要求，年有序推进数字人民币试点，支持恢复和展开,0.0015797788309636,-0.1955881476996475,0.6471186011082178,-0.0019309819663302
月日盘前阅读：盘前财经要闻：国内：央行工作重点来了涉及货币政策、房地产、平台经济、数字人民币等央行：落实金融条措施支持房地产市场平稳健康发展国常会：部署进一步做好重要民生商品和能源保供稳价等工作自然资源部部长：适当增加今年土地计划指标支持“十四五”展开,0.1658767772511848,0.4995895608274023,0.3848326791016657,0.3079827544672355
落实金融支持房地产条措施央行多方面发力推动经济运行整体好转中国人民银行日表示，将从精准有力实施好稳健的货币政策，加大金融对国内需求和供给体系的支持力度等方面发力，推动经济运行整体好转，实现质的有效提升和量的合理增长。当日召开的年中国人民银行工作会议要求，年人民银行系统要综合运用多种货币政策工具，保持流动性合理充裕。多措并举降低市场主体融资成本。支持恢复和扩大消费、重点基础设施和重大项目建设。坚持对各类所有制企业一视同仁，引导金融机构进一步解决好民营小微企业融资问题。落实金融支持房地产条措施，支持房地产市场平稳健康发展。会议提出，要持续推动金融风险防范化解。进一步发挥国务院金融委办公室牵头抓总作用。健全金融稳定保障基金管理制度。持续完善宏观审慎管理体系。加强金融控股公司监管。此外，会议还明确，要持续深化国际金融合作和对外开放。稳步扩大规则、规制、管理、标准等制度型开放。有序推进人民币国际化。持续深化金融改革。加强平台企业金融业务常态化监管。全面提升金融服务和管理水平。持续推进金融立法。有序推进数字人民币试点。强化金融消费权益保护。人民银行表示，年要突出做好稳增长、稳就业、稳物价工作，推动经济运行整体好转，实现质的有效提升和量的合理增长，有效防范化解重大金融风险，持续深化金融改革开放，为全面建设社会主义现代化国家开好局起好步提供有力的金融支持。（记者吴雨）,1.0,-0.0261607707450666,1.0,-0.252642287844156
加大金融对国内需求和供给体系的支持力度。支持恢复和扩大消费、重点基础设施和重大项目建设。坚持对各类所有制企业一视同仁，引导金融机构进一步解决好民营小微企业融资问题。落实金融条措施，支持房地产市场平稳健康发展。青岛万和“信万和”品牌民营企业房地产税房地产超话房地产政策再读看书学习分享超话今日看盘超话大美中国央行：年要加大金融对国内需求和供给体系的支持力度网页链接,0.0047393364928909,-0.1337664042422701,0.6471186011082178,-0.0039619043995855
刚刚，央行召开重磅会议落实金融条措施，支持房地产市场平稳健康发展打压房地产不符合市场经济原则作为实体经济的支柱产业不要妖魔化房地产有人的地方就有居住需求多生孩子多买房，不然一年又白忙,0.0331753554502369,-0.00822008597057,0.609097862802427,-0.0016041114197261
周三舆情热度：地产链传言政策将对房企加大支持力度，计划出台《优质房企资产负债表支持计划》（中交地产、滨江集团、新城控股等）；央行工作会议有序推进数字人民币试点加强平台企业金融业务常态化监管要加大金融对国内需求和供给体系的支持力度落实金融条措施支持房地产市场平稳健康发展（数字货币，平台经济，大金融，地产）；种业月日国际种业科学家大会将在海南三亚举行转基因审定预计结果最快春节前落地（敦煌种业、万向德农、大北农等）；元宇宙百度即将在月日的开发者大会上，发布全球首个独立元宇宙解决方案希壤元宇宙底座（百度希壤蓝色光标、中文在线、风语筑等）；有色自然资源部部长全面启动新一轮战略性矿产国内找矿行动（河钢资源、中国铝业、云南铜业等）；,0.1706161137440758,0.2377203839992349,0.7166588011327829,0.2807077595049194
今晚主要两大利好消息，，央行落实金融条措施，支持房地产市场平稳健康发展。这段时间地产利好真是太多了，而且利好一直在叠加，这样下去非把地产盘活不可，而且每年一季度事工程建筑类股票的开工旺季，真不排除地产出一波短期机会。建议短线操作，地产销售成交低迷，中长期难突破困局，上升动能不足。，央行年有序推进数字人民币试点，对计算机、信创和数字经济是利好消息。，多家银行下调存款利率。这是央妈在放水操作，这可不得了。从外盘表现看，全球形势对多头是有利。,0.0884676145339652,-0.2839844882764728,0.6486520575089482,-0.1573788060808889
今晚主要几个消息，央行：落实金融条措施，支持房地产市场平稳健康发展。建议短线操作，地产销售成交低迷，中长期难突破困局，上升动能不足。，央行：年有序推进数字人民币试点，对计算机、信创和数字经济是利好消息。，多家银行下调存款利率。这是央妈在放水操作。、美股三大股指集展开,0.0537124802527646,0.939028758989757,0.6486520575089482,0.3159522197421663
央行：落实金融条措施支持房地产市场平稳健康发展网页链接,0.1832543443917851,0.3470933370947294,0.6915888367293986,0.4248191064867108
，央行：落实金融条措施，支持房地产市场平稳健康发展。，央行：年有序推进数字人民币试点，多家银行下调存款利率。评，央妈，亲的多家中小银行调整存款利率炒股吧超话银行房地产苏世山成长价值投资牛市的微博视频,0.1216429699842022,0.4470876825844377,0.4516189340759549,0.23719600612258
央行：落实金融条措施，支持房地产市场平稳健康发展支持恢复和扩大消费、重点基础设施和重大项目建设。坚持对各类所有制企业一视同仁，引导金融机构进一步解决好民营小微企业融资问题。落实金融条措施，支持房地产市场平稳健康发展。,0.0063191153238546,-0.8668657371132907,0.7310342922949703,-0.0386724226535442
一，想把投资做好，一定要关注市场和消息面的变化。今晚主要三大利好消息，，央行：落实金融条措施，支持房地产市场平稳健康发展。评：这段时间地产利好真是太多了，而且利好一直在叠加，这样下去非把地产盘活不可，而且每年一季度事工程建筑类股票的开工旺季，真不排除地产出一波短期机会。展开,0.0458135860979462,0.9978218174142244,0.6532524267111393,0.2883924096150441
央行：落实金融条措施，支持房地产市场平稳健康发展央行：持续完善宏观审慎管理体系，强化系统重要性银行监管央行：保持人民币汇率在合理均衡水平上的基本稳定来源：网页链接,0.0347551342812006,0.2082509510252214,0.5552397263537338,0.0388098537574587
央妈指明今年投资方向央行：年要加大金融对国内需求和供给体系的支持力度年中国人民银行工作会议月日上午以视频形式召开。会议要求，加大金融对国内需求和供给体系的支持力度。支持恢复和扩大消费、重点基础设施和重大项目建设。坚持对各类所有制企业一视同仁，引导金融机构进一步解决好民营小微企业融资问题。落实金融条措施，支持房地产市场平稳健康发展。,0.0489731437598736,0.4790569286963642,0.5920211641239576,0.1341336840153361
央行：支持恢复和扩大消费、重点基础设施和重大项目建设。坚持对各类所有制企业一视同仁，引导金融机构进一步解决好民营小微企业融资问题。落实金融条措施，支持房地产市场平稳健康发展。综合运用多种货币政策工具，保持流动性合理充裕。保持广义货币供应量和社会融资规模增速同名义经济增速基本匹配。多措并举降低市场主体融资成本。保持人民币汇率在合理均衡水平上的基本稳定。,0.0363349131121642,0.0,0.6486520575089482,0.0
央行：年要加大金融对国内需求和供给体系的支持力度每经快讯，年中国人民银行工作会议月日上午以视频形式召开。会议要求，加大金融对国内需求和供给体系的支持力度。支持恢复和扩大消费、重点基础设施和重大项目建设。坚持对各类所有制企业一视同仁，引导金融机构进一步解决好民营小展开,0.0094786729857819,0.2704765300947951,0.6501855139096786,0.0160979259906572
央行：年要加大金融对国内需求和供给体系的支持力度年中国人民银行工作会议月日上午以视频形式召开。会议要求，加大金融对国内需求和供给体系的支持力度。支持恢复和扩大消费、重点基础设施和重大项目建设。坚持对各类所有制企业一视同仁，引导金融机构进一步解决好民营小微企业融资问题展开,0.0584518167456556,-0.2141090058650843,0.6032330926931542,-0.0729077369557016
年中国人民银行工作会议召开，会议指出，加大金融对国内需求和供给体系的支持力度。支持恢复和扩大消费、重点基础设施和重大项目建设。坚持对各类所有制企业一视同仁，引导金融机构进一步解决好民营小微企业融资问题。落实金融条措施，支持房地产市场平稳健康发展。,0.0268562401263823,0.9252142308646158,0.6471186011082178,0.1552840714975215
支持实体经济年银行业交出这份成绩单透过财经看世界财经金融是实体经济的血脉，为实体经济服务是金融的天职，是金融的宗旨。年，在复杂严峻的国内外形势下，银行业以服务实体经济为根本，加大金融资源对国民经济重点领域和薄弱环节的支持力度，积极向实体经济让利，为促进我国社会展开,0.0047393364928909,-0.0033991968618525,0.6486520575089482,-0.0001009162658971
新年第二个交易日（月日），地产板块持续火热，中证地产指数早盘大幅冲高，只成份股全面上涨，中南建设，新城控股相继涨停，华发股份涨超，招商蛇口、滨江集团涨超，万科、保利发展涨幅超。方面，地产（）盘中涨幅持续放大，截至发稿上涨，成交金额超万元，换手率，交投持续活跃。消息面上，月日，重庆发布地产条政策措施，强化楼市精准施策、系统调控，从加大金融支持、激活市场需求等方面提出措施。河南月日亦发文提出取消不必要的房地产需求限制。国金证券统计显示，多个二线城市放开限购，需求端放松政策加速落地。继去年月杭州、成都、西安等城市优化购房政策，月初厦门、南京、武汉、合肥等二线城市加入放松需求端政策的队伍。,0.0015797788309636,0.0,0.6471186011082178,0.0
河南昨天开会内容：取消和调整房地产过热时期妨碍消费释放的限制性政策。最终目的：要稳住房地产投资。核心：全面落实金融支持房地产条政策措施，全力保交楼、稳预期、拓供给，着力促进房地产市场平稳健康发展。楼市房地产楼市资讯,0.0284360189573459,0.1871696672538562,0.4750312060527765,0.0244164159261794
什么信号？一线城市新房价格止跌业内人士认为，一线城市率先出现止跌企稳态势，显示去年四季度以来供需两端积极的政策产生一定效果。预计年需求端政策力度有望加码，热点城市交易量或在二季度开始企稳并慢慢回升，并在下半年带动都市圈周围城市好转。月日，国家统计局个大中城市房价数据出炉从年月房价数据来看，房价环比下降城市个数增加，其中，二手房价环比下降城市个数达到个。不过，从新房价格来看，一线城市在连跌个月后出现止跌现象。业内人士认为，一线城市率先出现止跌企稳态势，显示去年四季度以来供需两端积极的政策产生一定效果。预计年需求端政策力度有望加码，热点城市交易量或在二季度开始企稳并慢慢回升，并在下半年带动都市圈周围城市好转。一线城市新房价格止跌国家统计局的数据显示，年月份，个大中城市中房价下降城市个数有所增加，其中，新房价格环比下降城市有个，比上月增加个；二手房价格环比下降城市有个，比上月增加个。分城市来看，一线城市新房和二手房价格环比一平一降，二三线城市环比下降。其中，一线城市新房价格环比由上月下降转为持平；二手房价格环比下降，降幅比上月扩大个百分点。二线城市新房价格环比下降，降幅比上月扩大个百分点；二手房价格环比下降，降幅与上月相同。三线城市新房价格环比下降，降幅与上月相同；二手房价格环比下降，降幅比上月收窄个百分点。上海易居房地产研究院研究总监严跃进认为，根据简单算术平均计算，年月份全国个城市新房价格指数环比跌幅为，同比跌幅为。当前房价指数跌幅总体上没有扩大，说明去年四季度持续性的“三支箭”政策，减少了房企恐慌性降价的心理。最明显的变化是，一线城市连跌个月后，当前已经有止跌现象。预计新房价格指数的积极变化后续也会逐渐传导到二手房市场中。广东省城规院住房政策研究中心首席研究员李宇嘉也认为，年月份，一线城市基本止跌，显示去年四季度以来供需两端积极的政策产生一定效果。比如，供给端加快“三支箭”等资金投放、推进保交楼，改善房企资产负债表，推动收并购；需求端积极降低按揭利率，鼓励住房购置和改善等，政策叠加部分缓解了风险预期，购房需求释放也有所稳定。反映在房价上，一线城市率先出现止跌企稳态势。不过，李宇嘉同时指出，年月房价下跌城市增加，市场仍较为疲弱。中原地产首席分析师张大伟也指出，二手房价格表现更值得关注，年月，二手房价环比下降城市有个，刷新最近多年记录，说明当前市场全面低迷。政策助力年内楼市或企稳今年以来，中央和地方楼市支持政策密集出台。月日，央行、银保监会宣布对首套房贷利率政策实行动态调整，即新房价格环比和同比连续个月均下降的城市，可阶段性维持、下调或取消当地首套房贷利率下限。住建部部长倪虹在接受媒体专访时也表示，对购买第一套住房的，要大力支持，首付比例、首套利率该降的，都要降下来；对于购买第二套住房的要合理支持，以旧换新、以小换大、生育多子女家庭都要给予政策支持。他还表示今年要因城施策、精准施策，提振市场信心。与此同时，各地稳楼市步伐加快，新疆乌鲁木齐、安徽六安、河南荥阳等多地发布了刺激住房消费需求的多项政策举措，包括下调首套房贷利率下限、暂停限购政策、放宽首套房认定标准、降低首套房首付比例、换购住房个税减免、支持团购住房、发购房补贴、提高住房公积金贷款额度等。河南更是明确表示，要取消和调整妨碍消费需求释放的限制性政策。李宇嘉认为，稳房价是稳预期、稳需求、纾困供给端保交楼、“三支箭”资金投放、收并购的关键。近期央行对房价连续下跌城市祭出了利率不设下限的政策，目的也是为了稳房价，为稳楼市交易、开发创造条件。预计热点城市交易量或在二季度开始企稳并慢慢回升，并在下半年带动都市圈周围城市好转。对于今年的政策预期，上海易居房地产研究院执行院长丁祖昱认为，年将继续因城施策用足用好政策工具箱，地方需求端政策力度有望加码。其中，一线及重点二线城市调控政策或将局部放松，市场下行压力较大的远郊区域局部放松限购，定向优化二孩、三孩家庭以及各类人才购房资格等。作为政策风向标的一线城市，调控政策仍需从紧执行，但也存在局部放松的可能性。杭州、成都等重点二线市场倘若出现走弱迹象，不排除政策加码放松的可能性，以便给市场“保温”。丁祖昱还认为，非重点二线及三四线城市或将全面取消“四限”。非重点二线及三四线城市仍需在政策层面适度刺激居民购房需求，涉及全面取消“四限”，加码购房补贴、税费减免等。而在佛山全面取消限购之后，预计长春、南宁、常州这类非重点二线及三四线城市或将效仿全面取消“四限”，以便支持刚性和改善性需求，促进市场尽快回稳。文章来源：证券时报,0.0808080808080808,0.2877814258285525,1.0,0.1822897149219881
中房报社评：改善房地产需求端是今年的重心，还需要优化调整一些限制性政策住建部主管的中房报发布社评指出，改善房地产需求端是今年的重心。目前，在支持刚性和改善性住房需求这件重要事情上，各地和有关部门还需要优化调整一些妨碍消费需求释放的限制性政策，如在首套房、卖旧换新和二套改善性住房的首付比例、贷款利率上要加快下调步伐，对“认房又认贷”等措施要及时进行优化或者取消；对限购政策，可考虑适当优化和放开一二线城市限购政策；在住房消费契税上，对家庭新购住房要给予优惠政策。,0.0505050505050505,-0.5847952287206175,0.7887323943661972,-0.182605108057835
很多城市没有限购，首套首付，利率也是减点，一样还在跌中房报社评：改善房地产需求端是今年的重心，还需要优化调整一些限制性政策住建部主管的中房报发布社评指出，改善房地产需求端是今年的重心。目前，在支持刚性和改善性住房需求这件重要事情上，各地和有关部门还需要优化调整一些妨碍消费需求释放的限制性政策，如在首套房、卖旧换新和二套改善性住房的首付比例、贷款利率上要加快下调步伐，对“认房又认贷”等措施要及时进行优化或者取消；对限购政策，可考虑适当优化和放开一二线城市限购政策；在住房消费契税上，对家庭新购住房要给予优惠政策。,0.1414141414141414,-0.2292537979869976,0.6119357095210037,-0.1555105261989219
全国范围看，年需求端将会出台更多宽松举措是必然，主要围绕释放住房消费潜力。在住房消费领域还存在一些妨碍消费需求释放的限制性政策，这些消费潜力要予以释放，主要体现在：一首套房的认定标准扩大，也就是松动“认房又认贷”的政策，很多首套购房者都是采用贷款的方式购房，“认房又认贷”置换房屋的往往通过“卖一买一”的方式实现，“双认”的实行会大幅限制改善需求的界定标准，若以二套的标准进行购房，高额的首付比例会降低改善性需求释放，因此年大概率会取消“双认”。二下调二套房的首付比例，虽然年也有不少城市下调二套首付比例，但并不普遍，核心热点城市的二套房首付比例高达、成，较高的换房门槛也降低了居民换房的动力，年二套房首付比例有望全面下调。三取消限购，目前仍有大部分城市执行区域限购，本地户口和外地户口均有购买套数限制，随着佛山、东莞全面取消限购，年更多热点二线城市或将跟进。除一线城市外，年限购或将全面松动。购房限制性政策尤其是“五限”政策加速调整或取消将成为年房地产政策调整的重要趋势。展望后市，除了一线城市外，二线及三四线城市有望全面取消“四限”，部分核心二线城市或将会采取从局部到全市的循序渐进方式放松。四预计新房商品房销售面积增速，销售金额增速。年的房地产市场销售规模创下年以来新低，全年销售面积约万，较去年同期下降；销售额约为亿元，较去年同期下降。由于近两年拿地规模锐减，在资金承压下，房企新开工动力不足，年，整体销售规模难以呈现大幅上涨，全年成交规模或与今年基本持平。年全国商品房销售面积上升，销售额上升，销售面积万，销售金额约为亿元。从年年内趋势来看，年房地产市场将摆脱疫情防控的拖累，保交楼专项借款的落地也减缓购房者对于交付的担忧，行业风险进一步缩减，购房信心逐步恢复。年市场下行的根本原因在于经济拖累地产，居民收入预期降低，购买力弱，居民购房信心回升后还有待经济好转，预计年上半年市场仍在恢复期，明年的市场前低后高，年中销售规模转正，全年成交水平与年基本保持一致。五二手房成交比重有望进一步上升。近几年，一些重点城市已经进入存量房时代，尤其是一线城市，二手房成交占比大于新房成交占比。年月，二手房成交占比，已经超过。从城市上看，年一些热点二线城市加速进入存量房市场，如重庆、天津年二手房成交占比超。年，由于二手房小区参考价格的发酵，二手房成交占比略有下降。年购房者出于对新房交付的担忧，导致二手房更受到购房者的青睐，二手房成交占比进一步走高，且在集中停贷事件后，二手房环比增速明显高于新房。年，房企走出资金风险还需要时间，购房者对新房交付的担忧仍存，外加上在二手房高库存下，价格较为平稳，购房者有更多选择的空间，预计二手房成交比重进一步上升。六年新房房价有望加速企稳，二手房价继续承压。目前的房价正处在下探的周期，无论是新房还是二手房，大中城房价同比指数连续多月下滑；从环比指数上看，大中城房价新房连续个月下滑，二手房连续个月下滑。在年销售端创年来新低的背景下，企业降价跑量，价格上涨动力不足，长时间处于下行周期。分等级城市看，一线城市房价更为坚挺，处于上升阶段，二线及三四线房价下滑，三四线的降幅最大。展望年，预计企业降价态势难改，虽然销售逐步回稳，但房价变化滞后于销售变化，上半年房价上涨动力仍不足，预计房价仍呈小幅下跌的态势，随着金融条对房企的资金支持的落地，房企降价促销的手段或将减缓，新房价格跌幅收窄，下半年有望转升。年二手房房价或继续承压，价格涨幅不及新房，主要是由于退税政策的出台，全国二手房挂牌量激增，影响房价预期，预计年二手房继续趋于稳中趋降的局面。,0.1111111111111111,-0.1401595600861542,0.7115533647105147,-0.0868624963187668
月日中公早报，星期三，农历腊月十三，早安油价迎年首涨，此次调价折合、号汽油、号柴油每升分别上调、、元。开年大涨：在岸、离岸人民币对美元一度双双升破。乐视宣布每周四天半工作制：每周三实行弹性的半天工作制，薪资不变。河南：全力稳住房地产投资，取消和调整过热时期妨碍消费需求释放的限制性政策；郑州出台户籍制度改革新政：不受社保缴费、居住年限限制，父母、子女均可落。杭州在闭环管理的入境人员中检测出、毒株。中国大熊猫保护研究中心：年共繁育存活大熊猫幼仔胎只。澳门非高等教育学校下周一复课，所有师生每日回校前须完成抗原快测。浙江部分医院开出“阳康”门诊，涉及中医养疗、心理咨询。中国台球协会宣布，停止赵心童、张健康所有国内台球比赛资格，坚决反对操纵比赛与赌博。民调：的英国人支持举行重入欧盟公投。新年初始欧洲温暖天气破纪录：至少八个国家经历创纪录高温。向德国索要二战赔款万亿元波兰称已请求联合国帮助，并向欧盟国家、北约等发出多份通知。早报,0.0101010101010101,0.0139529250242688,0.7887323943661972,0.0008713735190191
时政中公早报油价迎年首涨，此次调价折合、号汽油、号柴油每升分别上调、、元。开年大涨：在岸、离岸人民币对美元一度双双升破。乐视宣布每周四天半工作制：每周三实行弹性的半天工作制，薪资不变。河南：全力稳住房地产投资，取消和调整过热时期妨碍消费需求释放的限制性政策；郑州出台户籍制度改革新政：不受社保缴费、居住年限限制，父母、子女均可落。杭州在闭环管理的入境人员中检测出、毒株。中国大熊猫保护研究中心：年共繁育存活大熊猫幼仔胎只。澳门非高等教育学校下周一复课，所有师生每日回校前须完成抗原快测。浙江部分医院开出“阳康”门诊，涉及中医养疗、心理咨询。中国台球协会宣布，停止赵心童、张健康所有国内台球比赛资格，坚决反对操纵比赛与赌博。民调：的英国人支持举行重入欧盟公投。新年初始欧洲温暖天气破纪录：至少八个国家经历创纪录高温。向德国索要二战赔款万亿元波兰称已请求联合国帮助，并向欧盟国家、北约等发出多份通知。,0.0101010101010101,0.9947385301553038,0.7887323943661972,0.0621223730520827
月日中公早报，星期三，农历腊月十三，早安油价迎年首涨，此次调价折合、号汽油、号柴油每升分别上调、、元。开年大涨：在岸、离岸人民币对美元一度双双升破。乐视宣布每周四天半工作制：每周三实行弹性的半天工作制，薪资不变。河南：全力稳住房地产投资，取消和调整过热时期妨碍消费需求释放的限制性政策；郑州出台户籍制度改革新政：不受社保缴费、居住年限限制，父母、子女均可落。杭州在闭环管理的入境人员中检测出、毒株。中国大熊猫保护研究中心：年共繁育存活大熊猫幼仔胎只。澳门非高等教育学校下周一复课，所有师生每日回校前须完成抗原快测。浙江部分医院开出“阳康”门诊，涉及中医养疗、心理咨询。中国台球协会宣布，停止赵心童、张健康所有国内台球比赛资格，坚决反对操纵比赛与赌博。民调：的英国人支持举行重入欧盟公投。新年初始欧洲温暖天气破纪录：至少八个国家经历创纪录高温。向德国索要二战赔款万亿元波兰称已请求联合国帮助，并向欧盟国家、北约等发出多份通知。,0.0101010101010101,-0.8679483670410753,0.7887323943661972,-0.0542042060428217
时政时政热点年月日，星期三，农历腊月十三油价迎年首涨，此次调价折合、号汽油、号柴油每升分别上调、、元。开年大涨：在岸、离岸人民币对美元一度双双升破。乐视宣布每周四天半工作制：每周三实行弹性的半天工作制，薪资不变。河南：全力稳住房地产投资，取消和调整过热时期妨碍消费需求释放的限制性政策；郑州出台户籍制度改革新政：不受社保缴费、居住年限限制，父母、子女均可落。杭州在闭环管理的入境人员中检测出、毒株。中国大熊猫保护研究中心：年共繁育存活大熊猫幼仔胎只。澳门非高等教育学校下周一复课，所有师生每日回校前须完成抗原快测。浙江部分医院开出“阳康”门诊，涉及中医养疗、心理咨询。中国台球协会宣布，停止赵心童、张健康所有国内台球比赛资格，坚决反对操纵比赛与赌博。民调：的英国人支持举行重入欧盟公投。新年初始欧洲温暖天气破纪录：至少八个国家经历创纪录高温。向德国索要二战赔款万亿元波兰称已请求联合国帮助，并向欧盟国家、北约等发出多份通知。,0.0101010101010101,0.9947385301553038,0.7887323943661972,0.0621223730520827
早安时政年月日，星期三，农历腊月十三油价迎年首涨，此次调价折合、号汽油、号柴油每升分别上调、、元。开年大涨：在岸、离岸人民币对美元一度双双升破。乐视宣布每周四天半工作制：每周三实行弹性的半天工作制，薪资不变。河南：全力稳住房地产投资，取消和调整过热时期妨碍消费需求释放的限制性政策；郑州出台户籍制度改革新政：不受社保缴费、居住年限限制，父母、子女均可落。杭州在闭环管理的入境人员中检测出、毒株。中国大熊猫保护研究中心：年共繁育存活大熊猫幼仔胎只。澳门非高等教育学校下周一复课，所有师生每日回校前须完成抗原快测。浙江部分医院开出“阳康”门诊，涉及中医养疗、心理咨询。中国台球协会宣布，停止赵心童、张健康所有国内台球比赛资格，坚决反对操纵比赛与赌博。民调：的英国人支持举行重入欧盟公投。新年初始欧洲温暖天气破纪录：至少八个国家经历创纪录高温。向德国索要二战赔款万亿元波兰称已请求联合国帮助，并向欧盟国家、北约等发出多份通知。,0.0101010101010101,-0.1883857489110609,0.7887323943661972,-0.0117648702817631
蓟州中公教育月日时政简报，星期三，农历腊月十三，早安油价迎年首涨，此次调价折合、号汽油、号柴油每升分别上调、、元。开年大涨：在岸、离岸人民币对美元一度双双升破。乐视宣布每周四天半工作制：每周三实行弹性的半天工作制，薪资不变。河南：全力稳住房地产投资，取消和调整过热时期妨碍消费需求释放的限制性政策；郑州出台户籍制度改革新政：不受社保缴费、居住年限限制，父母、子女均可落。杭州在闭环管理的入境人员中检测出、毒株。中国大熊猫保护研究中心：年共繁育存活大熊猫幼仔胎只。澳门非高等教育学校下周一复课，所有师生每日回校前须完成抗原快测。浙江部分医院开出“阳康”门诊，涉及中医养疗、心理咨询。中国台球协会宣布，停止赵心童、张健康所有国内台球比赛资格，坚决反对操纵比赛与赌博。民调：的英国人支持举行重入欧盟公投。新年初始欧洲温暖天气破纪录：至少八个国家经历创纪录高温。向德国索要二战赔款万亿元波兰称已请求联合国帮助，并向欧盟国家、北约等发出多份通知。,0.0101010101010101,-0.3766354878143121,0.7887323943661972,-0.0235212466083935
月日简报，星期三，农历腊月十三油价迎年首涨，此次调价折合、号汽油、号柴油每升分别上调、、元。开年大涨：在岸、离岸人民币对美元一度双双升破。乐视宣布每周四天半工作制：每周三实行弹性的半天工作制，薪资不变。河南：全力稳住房地产投资，取消展开,0.1414141414141414,0.435450822671175,0.6510335446383078,0.3142533644974046
千万人口特大城市官宣：租房就能全家落户，中心城区也可以所在省也发布重磅楼市新政每日经济新闻新年上班第一天，从河南省会郑州传来大消息。近日，郑州市公安局在郑州年户籍制度改革的基础上，制定下发了《关于进一步深化户籍制度改革的实施意见》，于年月日起正式实施。此次户籍制度改革进一步放宽了郑州市中心城区落户条件，凡在郑州市中心城区具有合法稳定就业或合法稳定住所（含租赁）的人员，不受社保缴费年限和居住年限的限制，本人及其共同居住生活的配偶、子女和父母，可以在郑州市申请登记城镇居民户口。你心动了吗？郑州郑东新区夜景，图片来源：摄图网新旧政策调整主要内容和年定下的户籍制度相比，郑州户籍新政的主要有三个方面的变动：（一）实施中心城区和县（市）、上街区无差别化落户政策。年政策规定，郑州市中心城区有条件的设定落户标准，县（市）、上街区全面放开落户限制。此次调整为全市统一的以经常居住地登记户口的政策。（二）放宽在中心城区稳定生活的农业转移人口及其他常住人口落户条件。一是年政策规定，郑州市农业转移人口在中心城区持居住证落户需满年。此次调整为不受居住证办理年限和地区属性的限制。二是年政策规定，郑州市中心城区租赁房屋入户需满年。此次调整为不受居住年限限制。（三）放宽在中心城区普通劳动者参加城镇社会保险落户条件。年政策规定，在郑州市中心城区务工且参加城镇社会保险落户需满个月。此次调整为不受社保缴费年限的限制。符合十项入户条件之一的，即可申请户口迁移（一）缴纳社会保险金入户。在郑州市中心城区近两年内参加城镇社会保险的人员，不受社保缴费年限的限制，本人及其共同居住生活的配偶、子女和父母，可以在郑州市中心城区申请登记城镇居民户口。（二）流动人口居住登记入户。在郑州市中心城区居住生活（含租赁）的外地市人员（以郑州市流动人口信息平台登记信息为准），不受居住年限的限制，本人及其共同居住生活的配偶、子女和父母，可以在郑州市中心城区申请登记城镇居民户口。周岁以下人员须随其父（母）或其他法定监护人申请迁入。（三）直系亲属投靠入户。申请人在郑州市中心城区有常住户口，经户主同意，可申请其共同居住生活的配偶、子女和父母的户口迁入。（四）人才引进入户。国家机关、企事业单位引进人才入户，往届高校毕业生、技术工人、职业院校毕业生入户，应届中专以上学历毕业生入户，留学归国人员入户，准予其本人及其共同居住生活的配偶、子女和父母的户口迁入。（五）购房入户。在郑州市中心城区购买住房的人员，可申请房主及其居住生活的配偶、子女和父母的户口迁入。（六）工作调动入户。国家机关、企事业单位工作人员调入郑州市中心城区工作的，可申请本人及其共同居住生活的配偶、子女和父母的户口迁入。（七）投资纳税入户。在郑州市中心城区投资、经商、办企业的外地公民，连续经营年以上，每年纳税金额达到万元以上的，或一年纳税达到万元以上的，可申请本人及其共同居住生活的配偶、子女和父母的户口迁入；外商投资企业按其实际投入外资额，每万美元可迁入名管理生产骨干。（八）迁入城镇的农村籍退伍转业军人入户。参军前户口在农村的退伍转业军人，可根据本人意愿申请本人及其共同居住生活的配偶、子女和父母的户口迁入。（九）成建制迁移人员入户。外地企业成建制迁入郑州市的职工，经市政府批准，准予迁入。（十）高校招生入户。户口住址在省市外学生被郑州市高校录取后，可将户口迁至高校所在地学校集体户口。“落户只是一个开始，如何把人留下来更为关键”值得注意的是，去年月郑州市公安局就《郑州市公安局关于进一步深化户籍制度改革的实施意见》公开征求意见，有媒体便解读为“一人租房全家落户”。当时，易居研究院智库中心研究总监严跃进表示，河南是全国城镇化推进工作较好的省份，也是潜力较大的省份，此次其省会郑州放开落户，进一步体现了支持城镇化发展的导向，从政策效应来看，放开落户具有非常好的作用，有助于释放人口红利。“落户只是一个开始，如何把人留下来更为关键。”据新京报去年月报道，河南省当地一位接近政府部门的人士表示，如果想进一步发展，郑州等地将地区经济平稳健康发展与人口战略相结合，要在充分利用人力资源的同时，满足相关人群的收入需求；同时，要重视优化和细化人口公共服务政策，如优质教育资源、医疗服务资源等配套措施要跟上。郑州是河南省省会、特大城市、九个国家中心城市之一，年郑州市完成生产总值亿元。根据年郑州市人口抽样调查结果，截至年年末，郑州市常住人口万人，比年年末增加万人，常住人口占全省常住人口的，比年年末提高个百分点，常住人口总量在全国城市排名第位。郑州市统计局报告介绍，年，郑州市常住人口呈现总量增加、自增率继续走低、人口总抚养比略降、人口老龄化继续加深、婚姻状况保持稳定、城镇化水平继续提高、人口文化素质不断提升等特征。人口城镇化水平与地区的经济发展水平有较强的正相关。报告显示，郑州市城镇化率继续平稳增长，但增速放缓。年年末郑州市常住人口中，居住在城镇地域的人口为万人，占常住人口的，城镇人口比重提高个百分点，分别比全国的和全省的高出个和个百分点。河南将取消限制楼市需求的政策值得注意的是，据河南省政府网站消息，在河南省政府新闻办月日召开的新闻发布会，河南省住房和城乡建设厅党组副书记、副厅长王艺在答记者问中介绍，今年河南将继续因城施策，稳妥实施房地产长效机制，把握好“增、扩、优、化、强、促”六字方针，出台“”政策举措，着力改善市场预期，支持刚性和改善性住房需求，促进居住消费健康发展。增融资落实中央金融条支持政策和河南省金融支持房地产平稳健康发展举措，从信贷、股权、债券融资三方面纵深拓展房地产融资渠道，更好满足居民购房和房企合理融资需求。扩需求进一步激活房地产市场，取消妨碍消费需求释放的限制性政策，优化二套房认定标准、降低二手房交易环节税费成本，落实生育、人才引进政策，更好满足新市民、青年人才住房需求，支持集中团购商品住房，支持郑州都市圈、洛阳、南阳等副中心城市及重要节点城市覆盖范围的居民家庭，在对应中心城市购房时享受中心城市市民待遇。优供给推进住房供给侧结构性改革，建立“人房地钱”四位一体的联动机制，大力实施城市更新行动，打造安全健康、设施完善、管理有序的完整社区，建设高品质绿色智慧小区，顺应消费升级、产业转型的新形势，着力提升改善性住房供给。化风险扎实做好保交楼、保民生、保稳定工作，压实房企主体责任和地方政府属地责任，坚决依法打击违法犯罪行为，持续攻坚推动已售逾期项目加快建设交付。强服务建立房企“白名单”制度，深化“万人助万企”活动助推优质头部房企纾困，优化房屋交易服务，实行房屋交易网签备案掌上办理、不见面办理，全面推行新建商品房“交房即交证”。促转型稳慎推进房地产业改革，推动房地产企业改变“高负债、高杠杆、高周转”模式，完善商品房销售制度，构建多主体供给、多渠道保障、租购并举的住房体系，有序构建房地产健康发展新模式。每日经济新闻综合大河报、新京报、河南日报、中新经纬,0.7171717171717171,-0.2705832041078354,0.6245904500539905,-0.9500882394544709
提信心促经济激活市场、取消限制性政策、优化二套房认定标准河南“”政策举措实施房地产长效机制网页链接月日，河南省政府新闻办召开新闻发布会，重点介绍河南省大力提振市场信心、促进经济稳定向好有关工作，并回答记者提问。全力拼经济发布会上，河南省住房和城乡建设厅党组副书记、副厅长王艺在答记者问中介绍，今年是全面贯彻落实党的二十大精神的开局之年，也是实施十四五规划承上启下的关键之年，河南将继续因城施策，稳妥实施房地产长效机制，把握好“增、扩、优、化、强、促”六字方针，出台“”政策举措，着力改善市场预期，支持刚性和改善性住房需求，促进居住消费健康发展。增融资落实中央金融条支持政策和河南省金融支持房地产平稳健康发展举措，从信贷、股权、债券融资三方面纵深拓展房地产融资渠道，更好满足居民购房和房企合理融资需求。扩需求进一步激活房地产市场，取消妨碍消费需求释放的限制性政策，优化二套房认定标准、降低二手房交易环节税费成本，落实生育、人才引进政策，更好满足新市民、青年人才住房需求，支持集中团购商品住房，支持郑州都市圈、洛阳、南阳等副中心城市及重要节点城市覆盖范围的居民家庭，在对应中心城市购房时享受中心城市市民待遇。优供给推进住房供给侧结构性改革，建立“人房地钱”四位一体的联动机制，大力实施城市更新行动，打造安全健康、设施完善、管理有序的完整社区，建设高品质绿色智慧小区，顺应消费升级、产业转型的新形势，着力提升改善性住房供给。化风险扎实做好保交楼、保民生、保稳定工作，压实房企主体责任和地方政府属地责任，坚决依法打击违法犯罪行为，持续攻坚推动已售逾期项目加快建设交付。强服务建立房企“白名单”制度，深化“万人助万企”活动助推优质头部房企纾困，优化房屋交易服务，实行房屋交易网签备案掌上办理、不见面办理，全面推行新建商品房“交房即交证”。促转型稳慎推进房地产业改革，推动房地产企业改变“高负债、高杠杆、高周转”模式，完善商品房销售制度，构建多主体供给、多渠道保障、租购并举的住房体系，有序构建房地产健康发展新模式。,0.101010101010101,-0.1031322883012471,0.6203661951881914,-0.0506584849444555
河南取消和调整楼市限制性政策据河南省政府网站消息，月日，河南省政府新闻办召开新闻发布会，重点介绍河南省大力提振市场信心、促进经济稳定向好有关工作，并回答记者提问。其中提出，稳住房地产投资。核心就是全面落实金融支持房地产条政策措施，全力保交楼、稳预期、拓供给，着力促进房地产市场平稳健康发展。加大对居民购房和房企合理融资支持力度，从信贷、股权、债券融资三方面纵深拓展房地产融资渠道。取消和调整过热时期妨碍消费需求释放的限制性政策，完善二套房认定标准，支持集中团购商品住房，鼓励各地结合保障性租赁住房、人才住房房源征集加快存量商品房去化。强化“保交楼”项目配套融资支持，持续攻坚推动已售逾期项目加快建设交付。（中新财经）,0.4444444444444444,0.3590977297797754,0.7993284028968437,1.0
河南：取消和调整房地产过热时期妨碍消费释放的限制性政策河南省委常委、常务副省长孙守刚今日在新闻发布会上表示，要稳住房地产投资。其中核心就是全面落实金融支持房地产条政策措施，全力保交楼、稳预期、拓供给，着力促进房地产市场平稳健康发展。要加大对居民购房和房企合理融资支持力度，从信贷、股权、债券融资三方面纵深拓展房地产融资渠道。“取消和调整过热时期妨碍消费需求释放的限制性政策，完善二套房认定标准，支持集中团购商品住房，鼓励各地结合保障性租赁住房、人才住房房源征集，加快存量商品房去化。”孙守刚说，要强化“保交楼”项目配套融资支持，持续攻坚推动已售逾期项目加快建设交付。,0.0707070707070707,0.1386513535719377,0.7887323943661972,0.0606123679214392
提信心促经济“开局即冲刺”提振河南大领域条政策措施释放海量积极信号网页链接在年工作日第一天，河南召开重要发布会释放一系列稳经济、促发展积极信号全力拼经济月日，河南省政府新闻办召开新闻发布会，重点介绍河南省大力提振市场信心、促进经济稳定向好有关工作，并回答记者提问。发布会上介绍，河南制定了《大力提振市场信心促进经济稳定向好政策措施》，在消费、投资、产业、市场主体、外资外贸、民生等大领域研究谋划了条政策措施，在统筹优化疫情防控举措、千方百计“保健康”的同时，奋力拼经济、促就业、保民生，改善社会心理预期、提振发展信心，推动经济运行整体好转，保持快速恢复的强劲势头。在年这个贯彻党的二十大精神的开局之年，努力创造出“保健康、稳增长、稳就业、稳物价、防风险”的新业绩。全力以赴保健康新冠疫情发生以来，河南省委省政府始终坚持人民至上、生命至上，不断优化防控措施，提升防控能力，牢牢把握了抗击疫情斗争的主动权。河南将全面、准确、坚决贯彻关于优化疫情防控的部署要求，切实把工作重心放在保健康、防重症、强救治、优服务上，紧盯重点地区、重点场所、重点人群，全力抓好医疗体系、救治力量、药品供应等关键环节，特别是扎实做好农村地区疫情防控工作，坚决守护好人民群众生命安全和身体健康，最大限度减少疫情对经济社会发展的影响。集中力量促消费总需求不足是当前经济运行面临的突出矛盾，消费不振是这一矛盾的主要方面。河南将坚持把恢复和扩大消费摆在优先位置，积极推动广大群众能消费、想消费、愿消费，把巨大的消费潜力充分释放出来。能消费方面，最大限度发挥财政资金的杠杆作用，精准加大消费补贴力度，让老百姓得到“真金白银”的实惠。比如，将延续省级汽车、家用电器促消费支持政策到今年月底，对在省内新购汽车按购车价格的给予消费者补贴，对各地家用电器消费补贴按不超过给予奖补，鼓励各地通过发放购房券、购房补贴、契税补贴等方式，支持人才购房落户和城乡居民合理住房消费需求。元旦前夕，郑州市就率先出台了支持房地产市场平稳健康发展的条政策，月日还将发放万元汽车消费券。想消费方面，河南将开展“河南人游河南”系列文旅消费惠民活动，鼓励级景区、星级旅游饭店举行联游套票、门票打折等优惠活动，鼓励各级机关事业单位、大中型企业工会统筹工会经费，发放以小微企业和个体工商户为主要核销对象的消费券，以更多优质消费供给、消费体验，激发广大居民长期被疫情抑制的消费热情。元旦期间各地街头巷尾的烟火气正在加速回归。愿消费方面，河南将重点实施都市精品商业街区提升和县域商业体系建设行动，通过数字赋能、商旅文体融合打造一批特色消费新场景，完善省辖市城区和普通干线公路服务区充电设施网络，全力打造高效便捷舒心的消费服务环境。持续聚力抓投资去年以来，投资拉动是河南省稳经济的最大亮点。河南将继续用足用好重要项目集中攻坚行动这一行之有效的工作机制，以实施重大项目“双百工程”为牵引，建立健全重大项目谋划储备机制，建设重要项目挂图作战系统，更好发挥投资的关键作用。目前，河南已遴选省重点项目个左右，年度投资万亿元。一是加力制造业投资。滚动开展“三个一批”项目建设活动，谋划推进个投资亿元以上的重点产业链延链补链强链项目，加大新技改工程支持力度，推动制造业投资持续保持强劲势头。二是提速基础设施投资。加强政策性开发性金融工具、制造业中长期贷款、设备购置与更新改造贴息等领域项目储备，同步建立重大项目资金保障协调机制，统筹用好政府专项债券、政策性开发性金融工具等各类政策资金，集中支持具备条件的重大项目快建设、早投产。三是稳住房地产投资。核心就是全面落实金融支持房地产条政策措施，全力保交楼、稳预期、拓供给，着力促进房地产市场平稳健康发展。加大对居民购房和房企合理融资支持力度，从信贷、股权、债券融资三方面纵深拓展房地产融资渠道。取消和调整过热时期妨碍消费需求释放的限制性政策，完善二套房认定标准，支持集中团购商品住房，鼓励各地结合保障性租赁住房、人才住房房源征集加快存量商品房去化。强化“保交楼”项目配套融资支持，持续攻坚推动已售逾期项目加快建设交付。多措并举强主体去年，河南省市场主体突破了万户、跃居全国第位，其中小微企业和个体工商户就占到近。河南将坚持“两个毫不动摇”，持续深化优化营商环境改革，不断完善助企服务网络，坚定不移地鼓励支持民营经济和民营企业发展壮大。一是持续深化“万人助万企”活动。健全“个转企、小升规、规改股、股上市”机制，建立规模以上工业企业培育库，力争年新培育“头雁”企业家、省级专精特新中小企业家、国家级专精特新“小巨人”企业家，新增规模以上工业企业家。二是加大财政支持力度。落实促进中小企业发展的政府采购政策，今年将预留面向中小企业采购的份额由以上阶段性提高至以上；到年底前对河南省增值税小规模纳税人、小型微利企业和个体工商户，按的税额幅度减征资源税、城市维护建设税、房产税、城镇土地使用税、印花税、耕地占用税等。三是强化金融支撑保障。落实普惠小微贷款支持工具，按符合条件的地方法人银行普惠小微贷款余额增量的提供资金支持；对今年月底前到期的小微企业贷款，鼓励金融机构按照市场化、法治化原则实行延期还本付息，延期贷款正常计息，免收罚息，还本付息日期原则上最长可延至今年月底。双向联动拓开放河南将深入实施制度型开放战略，更大力度推动外贸稳规模、优结构，更大力度促进外资稳存量、扩增量。外贸方面，大力发展口岸经济，深化郑州卢森堡“双枢纽”合作，实施中欧班列省内货源发掘和“班列园区”行动，加快建设中欧班列（郑州）集结中心和郑州陆港型国家物流枢纽，整合重组省内港口资源，加快推进综保区、运输类海关监管作业场所申建。同时，对中小微企业出口信用保险费和开展境外商标注册、境外专利申请等费用予以补贴，加大对省级跨境电商示范园区、省级海外仓示范企业、省级外贸综合服务企业的奖补力度。目前，航空港区富士康产能已经恢复到旺季峰值状态，与去年同期基本持平。外资方面，充分发挥四个外资专班（港资、台资、日韩、世界强）作用，全力推进各种方式的招商引资活动，鼓励企业走出去拓市场、拿订单、引技术、找伙伴。推动郑州卢森堡“空中丝绸之路”国际合作论坛机制化、平台化发展，联动办好全球跨境电子商务大会、中国（郑州）产业转移系列对接活动等重大招商活动，启动实施对欧合作专项行动，组织赴日韩、香港开展系列经贸活动，加大对存量外资企业使用境内利润增资或新设企业的奖补力度，形成“引进一个、带动一批、辐射一片”的集聚效应。精准施策惠民生坚持尽力而为、量力而行，围绕全生命周期加强基础性、普惠性、兜底性民生建设，持续提升人民群众的幸福感、安全感。一是全力稳住就业基本盘。坚持把促就业作为优先目标，持续深化“人人持证、技能河南”建设，继续实施应届高校毕业生就业目标引领计划，推动“豫见省外”劳务输出活动扩面升级，对个人创业担保贷款实行财政全额贴息，促进更多劳动力通过微商电商、网络直播、网约车、外卖跑腿等灵活渠道就业，力争全年城镇新增就业万人。二是全面提升医疗救治能力。尽快扩充发热门诊资源，充分发挥三级医院医疗救治核心骨干和兜底作用，建立医疗力量常态储备和动态调派有机结合的工作机制，配足配齐医疗力量、药品和必要救治设备。加大重点药品生产企业原料保供力度，鼓励支持重点企业开足马力生产，强化价格和质量监管，全力保障群众用药需求。强化医疗卫生资源调配、力量下沉，全面加强县医院、乡镇卫生院、村卫生室的接诊和服务能力建设，全年培训基层卫生技术人员万名。加快国家和省级区域医疗中心建设，积极创建国家中医医学中心。三是增强其他公共服务均衡性和可及性。实施基本公共服务便民化工程，深化义务教育集团化办学、普惠性幼儿园建设，力争全年新开工乡镇寄宿制小学所以上，三年内基本解决农村薄弱学校和教学点问题。强化“一老一小”普惠性服务保障，开展托育服务能力提升倍增行动，统筹推进区域性养老机构、社区日间照料中心、农村幸福院等建设，全年完成符合条件的特殊困难老年人家庭适老化改造万户。四是健全社会保障体系。深入实施全民参保计划攻坚行动，接续开展“关爱你我他（她）温暖千万家”行动，加强低收入人口动态监测和救助帮扶，动态实施社会救助和保障标准与物价上涨挂钩联动机制，对低保对象、低保边缘人口、防止返贫监测对象（含脱贫不稳定户、边缘易致贫户、突发严重困难户）等困难群众参加年城乡居民基本医疗保险的，按元人的标准给予一次性全额资助，近期，将向全省城乡低保对象、特困人员发放“爱心消费券”。豫新发布,0.0505050505050505,0.9729930421904188,0.8028169014084507,0.309247120686654
提信心促经济河南：取消和调整房地产过热时期妨碍消费释放的限制性政策网页链接月日，河南省政府新闻办召开河南省“大力提振市场信心促进经济稳定向好”新闻发布会。河南省委常委、常务副省长孙守刚作为主发布人，介绍解读河南省大力提振市场信心，促进经济稳定向好政策措施的展开,0.0202020202020202,-0.1711965086082572,0.8028169014084507,-0.0217646067599938
河南取消和调整房地产过热时限制性政策河南：取消和调整房地产过热时期妨碍消费释放的限制性政策河南取消妨碍房地产消费的限制性政策月日，河南省委常委、常务副省长孙守刚今日在新闻发布会上表示，要稳住房地产投资。其中核心就是全面落实金融支持房地产条政策措施，全力保交楼、稳预期、拓供给，着力促进房地产市场平稳健康发展。要加大对居民购房和房企合理融资支持力度，从信贷、股权、债券融资三方面纵深拓展房地产融资渠道。“取消和调整过热时期妨碍消费需求释放的限制性政策，完善二套房认定标准，支持集中团购商品住房，鼓励各地结合保障性租赁住房、人才住房房源征集，加快存量商品房去化。”孙守刚说，要强化“保交楼”项目配套融资支持，持续攻坚推动已售逾期项目加快建设交付。（河南省政府网）,0.0606060606060606,0.0946791954985943,0.7887323943661972,0.0354768381322263
河南：取消和调整房地产过热时期妨碍消费释放的限制性政策财联社月日电，河南省委常委、常务副省长孙守刚今日在新闻发布会上表示，要稳住房地产投资。其中核心就是全面落实金融支持房地产条政策措施，全力保交楼、稳预期、拓供给，着力促进房地产市场平稳健康发展。要加大对居民购房和房企合理融资支持力度，从信贷、股权、债券融资三方面纵深拓展房地产融资渠道。“取消和调整过热时期妨碍消费需求释放的限制性政策，完善二套房认定标准，支持集中团购商品住房，鼓励各地结合保障性租赁住房、人才住房房源征集，加快存量商品房去化。”孙守刚说，要强化“保交楼”项目配套融资支持，持续攻坚推动已售逾期项目加快建设交付。,0.4141414141414141,-0.2118339917186142,0.9292672632505188,-0.6390422367710813
全面放开限购樊纲、刘世锦等达成共识，启动楼市要靠超常规举措新京报近期，中央高层领导和中央财办相关负责人均重申房地产业是国民经济支柱产业，房地产的重要性被再次提升，如何理解房地产业是国民经济支柱产业？房地产过热时期推出的限购限贷政策是否到了退出历史舞台的时刻？长短期内房地产业的发展趋势如何？日前，在孟晓苏牵头的“北京房地产健康发展研讨会”上，仇保兴、刘世锦、樊纲、贾康、马光远等多位知名经济学家、学者发表了观点，为房地产业的健康发展建言献策。与会专家一致认为，房地产政策框架应及时调整，限购和现在的过时的部分政策应及时取消，要注意房地产政策的连贯性、时效性。实践反复证明房地产业是国民经济支柱产业中央经济工作会议上提出了一系列保证房地产市场平稳发展的要求，房地产的重要性被再次提升，值得注意的是，房地产业是国民经济的支柱产业的重申引起了业内的关注，有业内人士都表示，时隔多年房地产再成支柱产业；也有声音质疑该提法与“不将房地产作为短期刺激经济的手段”的表述是否有所矛盾。“房地产作为国民经济支柱产业的定位没有什么可争议的，人的一生中单项最大的消费就是房子。”中国经济体制改革研究会副会长，中国（深圳）综合开发研究院院长樊纲表示。财政部财政科学研究院博导，研究员贾康也表示，实践反复证明中国的房地产业就是国民经济的支柱产业。“我们的工业化、城镇化现在只是走到了中途，后面还有相当可观的发展空间。”“当前城镇化的真实水平，不能看常住人口城镇化率将近，要看户籍人口城镇化率只有，要完成真实城镇化水平左右，中国有个点以上的空间。”贾康认为，“一年上一个点我们还得走年以上，在这个过程中，房地产业不是支柱产业是不可想象的。”精瑞人居发展基金会主席，全联房地产商会创会会长聂梅生强调，房地产政策的连贯性和时效性很重要，要明确房地产政策中哪些是方向性的不能动摇的，哪些是可以调整具有时效性的。改变调控思维，限购限贷到了退出历史舞台的时刻？近期，中央财办有关负责人表示，在住房消费等领域还存在一些妨碍消费需求释放的限制性政策，这些消费潜力要予以释放。多位业内人士将“妨碍消费需求释放的限制性政策”指向了限购、限贷、限售等政策。据了解，年内全国各大城市关于楼市放松的政策持续不断，东莞、佛山已取消限购，南京、成都、西安等新一线城市也优化了楼市限购。独立经济学家马光远强调，我们应尽快改变调控思维，对于限购政策不要留尾巴，中国所有的城市限购完全可以放弃，同时，不仅仅是限购，所有的“限”都应该取消。“限购政策本来是临时办法，是在房地产过热的时候出来的，也就是在夏天你开了空调，如今已经天寒地冻你为什么还开空调（冷风）？”汇力基金董事长，原中房集团董事长孟晓苏指出，中财办要求释放住房消费领域的限制性措施，各地应尽快调整过时的政策，从整体上全面取消限购。孟晓苏认为，下半年以来，监管机构和各个金融机构出台很多政策来促进房地产业的发展，但这些都是非核心政策，直接启动房地产市场核心政策是取消限购限贷。在他看来，启动全国房地产市场要从一线城市开始。“已有的经验告诉我们，全国的房地产形势要靠北京、上海、广东、深圳，特别是北上深这三个城市的拉动。北京应该紧跟中央，发挥首善之区的优势地位。”樊纲以房地产的迁移性需求为主题表达了自己的观点，他认为，中国房地产业发展还有巨大潜力，主要来自于人口迁移。建议在城市群周边的中小城市取消对外地人的限购，逐步释放迁移性需求。最终通过大城市的复苏，通过企业内部资金链的传导，化解部分小城镇的债务问题和烂尾楼问题。“现在回顾来看，房地产到了目前这个阶段实际上要软着陆。”全国政协经济委员会副主任、中国发展研究基金会副理事长刘世锦强调，最近我们在纠偏，房地产十六条等相关政策出台，希望后续情况有所好转。刘世锦也强调，中国房地产市场还有相当大的扩展空间，关键在于都市圈的发力。业内：稳房地产一定要出台超常规的措施谈及明年的房地产形势时，马光远表示，考虑到目前市场的基本面已和过去有很大不同，所以对于明年整个房地产市场的表现不要太乐观。“明年目标是先稳下来，稳下来的关键是政策一定要猛，现在政策的力度不够，对市场信心的提振不够。”中国房地产业协会副会长王惠敏也指出，稳经济必须先稳房地产，而稳房地产一定要出台超常规的措施，不能简单地依靠市场制度初心解决问题。“我们绝不能寄希望通过现有的政策来促使房地产回到过去的模样。”对此，王惠敏建议把重点转移到刺激改善性购房需求。北京市住宅房地产商会会长黎乃超认为，优化房地产政策的根本是纠行业的偏见，所以第一件事要把妖魔化、灰犀牛的说法去掉。“中国房地产行业不缺资金，不缺信心，只要政策能够到位，借着党的二十大，借着中央经济工作会议的春风，地产的第二个、第三个春天一定会到来。”中央财经大学法学院教授宋志红认为，未来如果房地产业要平稳健康发展，要提振市场信息，尤其稳预期的话，首先要从房地产调控政策的法治化做起，法治才是深化市场机制改革的前提。在她看来，在新的形势下，当务之急是对过去已有的现在还在生效的调控政策进行全面的评估清理，对于其中科学合理且在新形势下确实需要继续保留的政策手段，应当把它纳入法治的轨道。对于那些已经不适应新形势的政策应该果断进行废止。“现在已经到了房地产非常脆弱的时候，我们要挽救房地产势必要大调整。”中国城市科学研究会理事长，住建部原副部长仇保兴认为，当前房地产业发展的关键是增强韧性。仇保兴表示，各级政府要尽快复工复产，扭转经济预期，这是稳定房地产市场预期的基础性工作；而保交楼仍是重中之重，是修复市场秩序的当务之急。他还建议扩大刚需和改善型住房需求，多渠道扩大住房消费需求，协调好住房信贷优惠、房地产解困基金和老旧小区改造补贴等政策工具，稳住重点城市房地产市场，形成风向标。,1.0,0.0352748770203917,0.8874986018339656,0.2454018312649193
地产观点更新：）本周新房、二手房成交量延续年下半年水平，期待政策效果显现。新房：本周（）城销售万方，环比（年底冲刺），同比。二手房：本周（）城销售万方，环比，同比。）三部门积极表态，需求侧再获宽松支持。住建部部长关于大力支持首套房、合理支持二套房、原则上不支持三套房的表态延续了中央经济工作会议对房地产的定调，支持刚性和改善性需求；同时“以旧换新、以小换大、生育多子女家庭都要给予政策支持”也预示了在认房认贷标准上的调整。央行和银保监会决定建立首套住房贷款利率政策动态调整机制是年月底政策的延续（彼时政策截止时间为年底），这是审时度势的动态调整，即只要房价一直跌的城市，就允许房贷利率持续低于下限，支持房价企稳的意图明显。从价上看，年月个大中城市，有城满足新建商品住宅销售价格环比和同比连续个月均下降的条件，而月有城满足上述条件。住建部、央行和银保监会再次表态对需求侧的支持，充分表明政府支持房地产企稳复苏的决心。）预计未来需求侧大力度宽松将持续落地支持销售，以来持续积极拿地的房企或引领市场复苏。,0.0229007633587786,-0.3245503608674172,0.6935371533627828,-0.0203282274852331
央妈连夜发话，药还要继续加量，建立首套住房贷款利率政策动态调整机制，直白说就是首套房利率继续下调。随后住建部紧接着跟上，特意强调对第一套住房要大力支持首付比，首套房利率该降就降。两大最顶级部门的出手，只有一句话，楼市起不来，大家不买房，那利率就接着降，降到让你心动的水平，直到买房的人肯掏钱出来为止，可以说这就是高层给年的楼市定的调，这剂药没有停也不敢停，至于存量房贷业主不甘忍受高位站岗提前还贷潮如何应对，是考虑存量打折还是一直按兵不动，央妈还在静观其变只字未提。社会房地产对于购买第一套住房的要大力支持,0.0610687022900763,-0.235445548553219,0.6622410837616901,-0.0375511308346621
三明微分享重磅事关首套房贷款利率近日，人民银行、银保监会发布通知，决定建立首套住房贷款利率政策动态调整机制。新建商品住宅销售价格环比和同比连续个月均下降的城市，可阶段性维持、下调或取消当地首套住房贷款利率政策下限。：中国人民银行,0.0076335877862595,0.999532286404081,0.6935371533627828,0.0208685843008071
热点新闻回放我国外汇储备规模为亿美元两部门建立首套住房贷款利率政策动态调整机制银保监会：拟规定个人消费贷款期限不得超过年乡镇卫生院和社区卫生服务中心开设发热诊室日起对违反新冠疫情防控等行为不再以妨害传染病防治罪等论处学生票不再规定乘火锅车时间限展开,0.015267175572519,-0.6322000308186337,0.6935371533627828,-0.0263985862539271
月日，住房和城乡建设部网站显示，近日，住房和城乡建设部部长倪虹在接受媒体采访时表示，毫不动摇坚持房子是用来住的、不是用来炒的定位，因城施策、精准施策，提振市场信心。多位业内专家认为，月日央行、银保监会明确“建立首套住房贷款利率政策动态调整机制”仅是年楼市精准施策的一个部展开,0.0229007633587786,0.5581016272251504,1.0,0.050403532288488
事关首套房贷央行、银保监会最新通知央行、银保监会建立首套住房贷款利率政策动态调整机制中国人民银行月日发布消息称，近日人民银行、银保监会发布通知，决定建立首套住房贷款利率政策动态调整机制。新建商品住宅销售价格环比和同比连续个月均下降的城市，可阶段性维持、下调或取消当地首套展开,0.0229007633587786,0.5297450424929182,0.6935371533627828,0.0331806062522596
淮安买房人注意事关首套房近日，人民银行、银保监会发布通知，决定建立首套住房贷款利率政策动态调整机制。新建商品住宅销售价格环比和同比连续个月均下降的城市，可阶段性维持、下调或取消当地首套住房贷款利率政策下限。住房贷款利率政策与新建住房价格走势挂钩、动态调整，有利于支持展开,0.015267175572519,0.271620854157475,0.6935371533627828,0.011341990188701
东莞的步子走得比深圳快多了，首套一律，利率深圳利率，这是支持刚需还是阻碍刚需？月日起东莞市最新住房差别化信贷政策调整如下：全市不分区域统一政策，且不查房。不再区分普通住房和非普通住房，即面积的执行同样的首付款成数和利率政策。首次购房（无房无贷）展开,0.0610687022900763,-0.3104505825267123,0.6588612450950798,-0.0492609585309722
人民银行、银保监会决定建立首套住房贷款利率政策动态调整机制。新建商品住宅销售价格环比和同比连续个月均下降的城市，可阶段性维持、下调或取消当地首套住房贷款利率政策下限，有个城市符合条件。建立首套住房贷款利率政策动态调整机制,0.0610687022900763,-0.5075902860359479,0.9926233062261416,-0.1213428487631988
刚需族注意首套住房个人住房贷款利率再迎动态调整月日，央行、银保监会发布《关于建立新发放首套住房个人住房贷款利率政策动态调整长效机制的通知》，决定建立首套住房贷款利率政策动态调整机制。专家表示，与降低首付等举措相比，降低房贷利率是推升商品房销售面积累计同比更有效的展开,0.1221374045801526,-0.8502333032442404,0.7241343807170232,-0.2965539354490731
南京买房央行发文新房价格连续个月下跌，首套房贷利率可下调乐居新媒体南京讯近日，人民银行、银保监会发布通知，决定建立首套住房贷款利率政策动态调整机制。新建商品住宅销售价格环比和同比连续个月均下降的城市，可阶段性维持、下调或取消当地首套住房贷款利率政策下限。住房贷款利展开,0.0458015267175572,0.4999999999999998,0.7139353049322764,0.064477255465031
有利于新建住房降价人民银行、银保监会建立首套住房贷款利率政策动态调整机制人民银行、银保监会建立首套住房贷款利率政策动态调整机制,0.0076335877862595,0.9185642588533728,0.6935371533627828,0.0191781055322915
央行、银保监会重磅消息涉首套房贷利率问题月日，人民银行、中国银行保险监督管理委员会发布《关于建立新发放首套住房个人住房贷款利率政策动态调整长效机制的通知》。《通知》提出，新建商品住宅销售价格环比和同比连续个月均下降的城市，可阶段性维持、下调或取消当地展开,0.0076335877862595,-0.587503751771284,0.6935371533627828,-0.0122661085966392
华尔街见闻快讯月日星期四财政部：坚持中央不救助原则，建立市场化、法治化的债务违约处置机制财政部近期公布了人大代表、政协委员建议的答复函。其中提到，稳妥化解隐性债务存量。坚持中央不救助原则，做到谁家的孩子谁抱。建立市场化、法治化的债务违约处置机制，稳妥化解隐性展开,0.0229007633587786,-0.8410057964381741,0.7037362291475295,-0.0534510920761658
全面促进居住消费需求释放超城推行二手房“带押过户”充分释放居住消费需求，近期好消息不断。月日，深圳也加入了推行二手房“带押过户”的队伍，意在提高二手房交易效率和便利度，降低二手房交易成本。叠加近日人民银行、银保监会决定建立首套住房贷款利率政策动态调整机制的动作，全方位促展开,0.0534351145038167,0.9116143091207158,0.7037362291475295,0.1351902939979345
皋城百事通最新通知事关首套房贷中国人民银行月日发布消息称，近日人民银行、银保监会发布通知，决定建立首套住房贷款利率政策动态调整机制。新建商品住宅销售价格环比和同比连续个月均下降的城市，可阶段性维持、下调或取消当地首套住房贷款利率政策下限。人民银行表示，住房贷款利率政策展开,0.015267175572519,0.9150840401924618,0.7139353049322764,0.0393347382876412
年房地产怎么干？相关部门释放大信号，这些人买房将获支持。据央视月日消息，住建部接受了专访，对房地产做了全方位的阐述。月日，央行官网也发布通知，决定建立首套住房贷款利率政策动态调整机制。透过央行和住建部的表态，年房地产会有哪些动作呢？、落实房住不炒，支持首套房二展开,0.0534351145038167,0.9999322798134962,0.6935984699259439,0.1461514688286053
关注事关首套房贷款利率四川城市服务台中国人民银行月日发布消息称，近日人民银行、银保监会发布通知，决定建立首套住房贷款利率政策动态调整机制。新建商品住宅销售价格环比和同比连续个月均下降的城市，可阶段性维持、下调或取消当地首套住房贷款利率政策下限。网页链接,0.015267175572519,-0.6480797973320973,0.7037362291475295,-0.0274596386585446
最近，央行发布通知，决定建立首套住房贷款利率政策动态调整机制，新房售价环同比均连续个月下降的城市，可阶段性维持、下调或取消当地首套住房贷款利率政策下限。也就是说，房贷利率可以没有下限了。那哪些城市符合呢？我们看个大中城市里有个城市符合这个标准。你看看跟您的预期相符吗？房地产展开,0.015267175572519,-0.1825512018713669,0.6935371533627828,-0.0076227355479864
光计划宋鸿兵年终盛典首套房贷利率央行发布首套房贷款利率新政策，房地产可望回暖？人民银行、银保监会本月日发布通知，决定建立首套住房贷款利率政策动态调整机制。通知指出，自年第四季度起，各城市政府可于每季度末月，以上季度末月至本季度第二个月为评估期，对当地新建商展开,1.0,0.1681582256827175,0.8475625619061822,0.5620663769759833
法律小常识事关首套房贷央行、银保监会最新通知近日，人民银行、银保监会发布通知，决定建立首套住房贷款利率政策动态调整机制。新建商品住宅销售价格环比和同比连续个月均下降的城市，可阶段性维持、下调或取消当地首套住房贷款利率政策下限。首套住房贷款利率政策动态调整机制人民日报,0.0534351145038167,0.0022293023358706,0.6674638958141428,0.0003135604070426
陈雳：对于改善型住房需求的政策支持可以更多一些首席观大势近日，人民银行、银保监会发布通知，决定建立首套住房贷款利率政策动态调整机制。新建商品住宅销售价格环比和同比连续个月均下降的城市，可阶段性维持、下调或取消当地首套住房贷款利率政策下限。川财证券首席经济学家陈雳认为，政策展开,0.015267175572519,0.9999835922400924,0.6935371533627828,0.0417560136434651
转自猫笔刀：、人民银行、银保监发布通知，决定建立首套住房贷款利率政策动态调整机制。新售商品房价格环比和同比连续个月均下降的城市，可阶段性维持、下调或取消当地首套房贷利率政策下限。简单说就是房价连跌月，利率可以突破之前的下限继续优惠，之前的下限是比市场报价利率低个基点，也就展开,0.0916030534351145,0.2877814258285525,0.7343334565017701,0.0763420382176669
首套房利率如何大力支持帝一套住房人民银行月日发布消息称，近日银行、银发布通知，决定建立首套住房贷款利率政策动态调整机制。新建商品住宅销售价格环比和同比连续个月均下降的城市，可阶段性维持、下调或取消当地首套住房贷款利率政策下限。也就是降低利率是好展开,0.0076335877862595,-0.4653471810656617,0.6935371533627828,-0.0097156810333246
听不懂人话一样。我们说房价高了。他们说知道了降利率。我们说房价高了。他们说知道了降首付比例。我们说：房价高了楼市动态首付比首套利率该降的都要降下来建立首套住房贷款利率政策动态调整机制,0.0534351145038167,0.7366026550615938,0.9361338144957948,0.1453100600554777
发布了头条文章：《首套房贷利率政策动态调整机制来了，城市房价受影响》临近春节，央行发放又一房地产政策大礼包。月日，央行、银保监会联合发布通知称，决定建立建立首套住房贷款利率政策动态调整机制。新建商品住宅销售价格环比和同比连续个月均下降的城市，可阶段性维持、下调或取消当展开,0.0076335877862595,0.9998556463433704,0.6935371533627828,0.0208753355225979
邓海清：告别全国“一刀切”强化“因城施策”将是未来趋势首席观大势近日，人民银行、银保监会发布通知，决定建立首套住房贷款利率政策动态调整机制。新建商品住宅销售价格环比和同比连续个月均下降的城市，可阶段性维持、下调或取消当地首套住房贷款利率政策下限。中航基金首席经济学家邓海展开,0.015267175572519,-0.740552901456841,0.8520613021251926,-0.0379912299998042
央行银保监会针对首套房贷发布通知中国人民银行月日发布消息称，近日人民银行、银保监会发布通知，决定建立首套住房贷款利率政策动态调整机制。新建商品住宅销售价格环比和同比连续个月均下降的城市，可阶段性维持、下调或取消当地首套住房贷款利率政策下限。人民银行表示，住房贷款利率政策展开,0.015267175572519,0.7999999999999998,0.6935371533627828,0.0334053590218825
港股午评：恒指涨内房股集体上涨财联社月日电，港股三大指数午间集体收涨，恒指涨，恒生科技指数涨，国指涨。南下资金半日净流入亿港元，大市成交额为亿港元。盘面上，大型科技股继续上涨，哔哩哔哩涨，阿里巴巴、腾讯涨，京东、百度涨。央行、银保监会建立首套住房贷款利率政策动态调整机制，内房股涨幅居前；教育股、手游股、半导体股、建材水泥、香港银行股等多股普涨；新东方在线涨，拟更名为“东方甄选控股有限公司”。,0.0839694656488549,-0.9119326795202988,0.7139353049322764,-0.2155960265959155
港股午评：恒指涨内房股集体上涨港股三大指数午间集体收涨，恒指涨，恒生科技指数涨，国指涨。南下资金半日净流入亿港元，大市成交额为亿港元。盘面上，大型科技股继续上涨，哔哩哔哩涨，阿里巴巴、腾讯涨，京东、百度涨。央行、银保监会建立首套住房贷款利率政策动态调整机制，内房股涨幅居前；教育股、手游股、半导体股、建材水泥、香港银行股等多股普涨；新东方在线涨，拟更名为“东方甄选控股有限公司”。,0.015267175572519,0.9963142573622676,0.6935371533627828,0.0416027943322586
人民银行、银保监会建立首套住房贷款利率政策动态调整机制,0.0076335877862595,-0.4999999999999998,0.7037362291475295,-0.010592691969255
楼市快讯央行、银保监会建立首套住房贷款利率政策动态调整机制中国人民银行月日发布消息称，近日人民银行、银保监会发布通知，决定建立首套住房贷款利率政策动态调整机制。新建商品住宅销售价格环比和同比连续个月均下降的城市，可阶段性维持、下调或取消当地首套住房贷款利率政策下限。人民银行表示，住房贷款利率政策与新建住房价格走势挂钩、动态调整，有利于支持城市政府科学评估当地商品住宅销售价格变化情况，“因城施策”用足用好政策工具箱，更好地支持刚性住房需求，形成支持房地产市场平稳健康运行的长效机制。,0.0076335877862595,0.9997220772771418,0.6935371533627828,0.0208725468209657
首套住房贷款利率政策动态调整机制建立首套住房贷款利率政策动态调整机制建立,0.0076335877862595,0.0200501860593849,0.7037362291475295,0.0004247708897066
人民银行、银保监会建立首套住房贷款利率政策动态调整机制近日，人民银行、银保监会发布通知，决定建立首套住房贷款利率政策动态调整机制。新建商品住宅销售价格环比和同比连续个月均下降的城市，可阶段性维持、下调或取消当地首套住房贷款利率政策下限。第一时间的微博视频,0.015267175572519,-0.6647294135793171,0.6935371533627828,-0.0277569058912782
昨天央妈发布的首套房贷款利率动态调整机制，真的是太有意思了。前有美联储无上限，今有首套房利率无下限。连续个月房价下跌的城市，可以在这么伟大的政策呵护之下，毫无下限调整房贷的利率。对于这个问题，目前市场上是褒贬不一的评价。说实话，乐空没有啥想说的，唯一能做的事情就是“鼓掌”，而且要用力的那种。高层面认为房子卖不出去，是利率在捣乱，不然怎么会发布这样的措施呢？当然，这也只是乐空一家之言哈，具体情况会怎么样，谁又能说得清楚呢？总之，政策是好的，至于结果会怎么样，一切都交给市场就得了建立首套住房贷款利率政策动态调整机制,0.015267175572519,0.0081179241985936,0.6935371533627828,0.000338977715458
老牌国企期货手续费加保证金调交易所标准央行、银保监会：决定建立首套住房贷款利率政策动态调整机制。新建商品住宅销售价格环比和同比连续个月均下降的城市，可阶段性维持、下调或取消当地首套住房贷款利率政策下限。财经超话期货投资交流超话,0.0076335877862595,0.8943800131113104,0.6935371533627828,0.0186731783999871
正观早参，一夜醒来知天下郑州市新一届政协领导班子选出国务院联防联控机发出春节返乡倡议公安部发布年春运交通安全提示月日香港与内地首阶段通关机票燃油附加费下调首套房贷款利率政策动态调整机制建立购买三套以上住房原则上不支持首付比首套利率该降的都要降下来欧盟：“北溪”管道爆炸是蓄意破坏普京下令停火小时河南省考月日开始报名日河南最高温维持以上早安欢迎阅读，感谢分享,0.015267175572519,0.5678922848313785,0.6935371533627828,0.0237133070756867
中国人民银行月日发布消息称，近日人民银行、银保监会发布通知，决定建立首套住房贷款利率政策动态调整机制。新建商品住宅销售价格环比和同比连续个月均下降的城市，可阶段性维持、下调或取消当地首套住房贷款利率政策下限。,0.015267175572519,-0.0524655636156183,0.6935371533627828,-0.0021907887360814
研究了高层发声，地主近期给的表面意见：首套资质适合买新房，但如果非要买二手的，年前北京应该没有政策出台，可以年后回来行动，本月盯盘看看目标房源，与经纪人和购房师保持信息畅通。新房大部分楼盘优惠依旧延续去年年底的政策，部分小幅缩减优惠，按照首套贷款比例优势为王，新房依旧是首选，产品确是代差。需要置换的伙伴需要尽可能不让价太多的情况下遇到有缘人，能卖则卖，因为不是一般资产置换优质资产，真有政策起飞，一般的涨可怜的、万，优质资产、万开外。资产变现的，过完年再说等小政策出来可以。啰嗦两句希望能有所帮助，有具体问题，可私信我。地主今年过年哪里都不去，把握市场底。本月起部分购房贷款月供将下降建立首套住房贷款利率政策动态调整机制楼市观察北京豪宅超话望京北京楼市北京楼市超话,0.0229007633587786,-0.2058628631863088,0.6935371533627828,-0.0128942303512713
首套个人住房贷款利率下限调整迎长效机制：更多城市利率或低于“”月日，央行、银保监会发布《关于建立新发放首套住房个人住房贷款利率政策动态调整长效机制的通知》，决定建立新发放首套住房商业性个人住房贷款利率政策动态调整长效机制，即：对于评估期内新建商品住宅销售价格环比和同比连续个月均下降的城市，阶段性放宽首套住房商业性个人住房贷款利率下限。地方政府按照因城施策原则，可自主决定自下一个季度起，阶段性维持、下调或取消当地首套住房商业性个人住房贷款利率下限。“整体来看，本次政策较去年的政策更加灵活，结合各个城市最新房价变动及时动态调整利率，降低购房成本，有利于更好地支持刚性和改善性住房需求。”中指研究院指数事业部市场研究总监陈文静认为，本次政策出台，意味着部分城市的首套房贷利率有望延续此前水平或有望进一步下调。按照相关政策规定，目前首套个人住房贷款利率下限为不低于相应期限贷款市场报价利率减个基点。目前年期以上为，即可低于。在此次《通知》发布前，央行、银保监会已经在去年四季度进行了“试点”。年月日发布的《关于阶段性调整差别化住房信贷政策的通知》规定，对于年月份新建商品住宅销售价格环比、同比均连续下降的城市，在年底前，阶段性放宽首套住房商业性个人住房贷款利率下限。二套住房商业性个人住房贷款利率政策下限按现行规定执行。据国家统计局公布的个主要城市数据，符合“年月份新建商品住宅销售价格环比、同比均连续下降”条件的城市有个，其中个二线城市，个三线城市。二线城市包括天津、石家庄、大连、哈尔滨、武汉、贵阳、昆明、兰州；三线城市包括泉州、温州、泸州、岳阳、宜昌、北海、大理、秦皇岛、湛江、包头、安庆、济宁、常德、襄阳和桂林。世纪经济报道记者了解到，在去年四季度期间，上述不少城市将首套个人住房贷款利率下限下调至低于，但也有城市未做调整，此外还有不少不在上述名单但符合条件的城市直接取消了首套个人住房贷款利率下限，由银行自主决定。详见：首套个人住房贷款利率下限调整迎长效机制：更多城市利率或低于“”（财经）购买三套以上住房原则上不支持首付比首套利率该降的都要降下来住建部部长谈买房租房,0.3053435114503817,0.9810127864778252,0.846523290133985,1.0
七年之痒，“房住不炒”开窗了吗？年，国家首提房住不炒，随后几年，表述都是“支持合理自住需求，遏制投资投机性需求”。年，中国十四五发展规划中，在房地产方面，同样是这个表述。不过，到了最困难的年，说法开始有变化。年月，高层开会研究经济形势，强调，支持各地从当地实际出发完善房地产政策、支持刚性和改善性住房需求。“合理自住需求”直接明确为“刚性和改善性住房需求”，这又向前迈了一大步。随后，年月，中国人民银行报告中，重点强调了这一表述：支持刚性和改善性住房需求。此后，各地围绕这个新的指导精神，纷纷开启政策小马达，大做文章：二孩、养老投靠可以再买一套，二套房首付利率降低，这是基操。取消限售、本地户籍可以再买一套等也不奇怪了。今年月，住建部长更是简单直接喊话：对于购买第一套住房的要大力支持。首付比、首套利率该降的都要降下来。对于购买第二套住房的，要合理支持。以旧换新、以小换大、生育多子女家庭都要给予政策支持。对于购买三套以上住房的，原则上不支持，就是不给投机炒房者重新入市留有空间。不积跬步无以至千里，政策不放无以至回暖。从到，七年之痒，动态优化。于是，年的这个春天，楼市触底反弹，成交大涨，就不奇怪了。武汉楼市回暖信号被技术性放大武汉楼市小阳春,0.0092105263157894,-0.188321587464759,0.8728798838022215,-0.0074650784613148
从省到市，房地产入列高质量发展大会头号工程，释放了什么信号？房地产房价对于购买第一套住房的要大力支持（：房地内参的微博视频）,0.0013157894736842,0.9998556463433704,0.8472069460433326,0.0054955170117746
首付比首套利率该降的都要降下来张捷财经房地产首付与金融福利张捷财经房地产对于购买第一套住房的要大力支持住建部部长谈买房租房张捷观察谁是谁非任评说的微博视频,0.9013157894736842,0.2250234004093027,1.0,1.0
至少城可放宽“首套房贷利率下限”至以下郑州部分楼盘开始执行首付政策近日，人民银行、银保监会发布通知，决定建立首套住房贷款利率政策动态调整机制。符合条件的城市，可阶段性维持、下调或取消当地首套住房贷款利率政策下限。随后，住建部表示，对于购买第一套住房的要大力支持，首展开,0.0039473684210526,0.0144701096079571,0.8536251804830549,0.0002404041931606
月日晚，央行和银保监会发布《关于建立新发放首套住房个人住房贷款利率政策动态调整长效机制的通知》，对首套住房贷款利率进行了下调。该政策在阶段性调整差别化住房信贷政策的基础上，建立新发放首套住房商业性个人住房贷款利率政策动态调整长效机制。对于评估期内新建商品住宅销售价格环比和同比连续个月均下降的城市，地方政府可自主决定自下一个季度起，阶段性维持、下调或取消当地首套住房商业性个人住房贷款利率下限。此次首套房贷利率政策适用城市范围有所扩大，且在原阶段性政策常态化延续的基础上增补了细节，设立了相对宽松的退出机制，意味着需求侧托底政策再加码。同日，住建部部长倪虹接受央视采访表示：“对于购买第一套住房的要大力支持。首付比、首套利率该降的都要降下来。对于购买第二套住房的，要合理支持。以旧换新、以小换大、生育多子女家庭都要给予政策支持。对于购买三套以上住房的，原则上不支持，就是不给投机炒房者重新入市留有空间。”住建部部长的发言仍强调了通过降利率来刺激房地产市场，进一步强化了房地产需求端政策放松预期，也意味着需求端的政策空间仍存。二级市场来看，前期受政策等诸多因素的压制，地产销售长期处于负增长，作为旧动能的代表，房地产的下行已成为了我国经济的一大拖累，板块个股的估值也已处于历低位。,0.0210526315789473,0.4315391879131262,0.930407628185454,0.041676882960475
从政策面来看。最近大家应该看到，大会小会一直在提“扩内需”。内需，其实一直围绕着大件来开展，典型的房子、汽车这些大宗消费。房子，其实和资金面的信用扩张是密切相关的。用政策的宽松，刺激房子的购房需求，才会实现信用扩张。就在过去的这一周，上面的领导发话了，年要因城施策，精准施策，提振市场信心。对于购买第一套住房的大力支持，首付比，首套利率该降的都要降下来。购买二套的要合理支持。购买三套以上的，原则上不支持。这段话，其实非常明显，就是对刚需要支持。特别是第一套房子的，接下来一些城市是有可能要降低首付比例的，以前是三成首付，接下来是两成，这其实也算是一波大招，所以接下来要看到各个城市出关于楼市的重磅政策。当然，三四线城市即使降低首付比，可能刺激的经济总量也有限。我个人倾向于，一二线这重点多个城市，还会有进一步购房宽松的政策在年陆续出台，地产政策肯定还会有大招要出来。全国多个城市，但这多个城市购房的销售额占到成，才是真正实现信用扩张的重点区域。只是，大家都清楚，因为房子这个药不能再嗑得过猛，在政策上只会慢慢去释放，而不是猛然就给你来个过量的药。对应的楼市从去年开始看未来两三年，应该是一个逐步慢的复苏，对应到经济上，其实也是一个弱的经济复苏。,0.0144736842105263,0.6553610440291595,0.5816699455255825,0.0272039318159287
楼市杂谈住建部部长谈买房租房住房和城乡建设部部长倪虹接受总台记者专访时表示：“对于购买第一套住房的，大力支持，首付比、首套利率该降的都要降下来；对于购买第二套住房的，要合理支持，以旧换新、以小换大等都要给予政策支持。同时，增加保障性租赁住房供给和长租房市场建设，让新市民展开,0.0026315789473684,0.9998763211120844,0.8472069460433326,0.0109912612934429
住建部部长谈买房租房住房和城乡建设部部长倪虹接受总台记者专访时表示：“对于购买第一套住房的，大力支持，首付比、首套利率该降的都要降下来；对于购买第二套住房的，要合理支持，以旧换新、以小换大等都要给予政策支持。同时，增加保障性租赁住房供给和长租房市场建设，让新市民、青年人能展开,0.006578947368421,-0.1381151637582561,0.860043414922777,-0.0038531284514522
央妈连夜发话，药还要继续加量，建立首套住房贷款利率政策动态调整机制，直白说就是首套房利率继续下调。随后住建部紧接着跟上，特意强调对第一套住房要大力支持首付比，首套房利率该降就降。两大最顶级部门的出手，只有一句话，楼市起不来，大家不买房，那利率就接着降，降到让你心动的水平，直到买房的人肯掏钱出来为止，可以说这就是高层给年的楼市定的调，这剂药没有停也不敢停，至于存量房贷业主不甘忍受高位站岗提前还贷潮如何应对，是考虑存量打折还是一直按兵不动，央妈还在静观其变只字未提。社会房地产对于购买第一套住房的要大力支持,0.0105263157894736,-0.235445548553219,0.7968950990269855,-0.0097378565385599
住建部部长谈买房租房年房地产市场走向如何年房地产市场走向如何？住房和城乡建设部部长倪虹在接受总台央视记者的专访时，对这些备受关注的问题进行了解答。对于购买第一套住房的要大力支持购买三套以上住房原则上不支持首付比、首套利率该降的都要降下来。对于购展开,0.0013157894736842,0.0035673923024168,0.8472069460433326,1.960749549927817e-05
住建部部长对于购买第一套住房的要大力支持。首付比、首套利率该降的都要降下来。对于购买第二套住房的，要合理支持。以旧换新、以小换大、生育多子女家庭都要给予政策支持。抓住机会，别让自己后悔,0.0026315789473684,-0.315941710620865,0.8472069460433326,-0.0034730274351021
对于购买第一套住房的，要大力支持；对于购买第二套住房的，要合理支持；对于购买三套以上住房的，原则上不支持。那么问题来了，如何按照首套房资格去买房。购买三套以上住房原则上不支持对于购买第一套住房的要大力支持年房地产市场走向如何,0.006578947368421,0.7992141060430926,0.8472069460433326,0.0219636441113908
对于购买第一套住房的要大力支持改稻为桑，上利国家下利你们，为什么就是困难重重,0.0026315789473684,0.9657997815044302,0.8688679042523129,0.0108881124772655
购买三套以上住房原则上不支持荥阳蹲荥阳蹲，荥阳蹲完中牟蹲？第一枪很重要，后继者谁？会不会全域推行？全面解除对楼市的限制性政策，只是第一步，降低存量房利率、复活烂尾楼、解决就业、盘活百姓消费、实质购房补贴，才是一揽子计划。对于购买第一套住房的要大力支持郭春江郭春江超话展开,0.006578947368421,0.9451685283120198,0.8965482721274014,0.0274874643981385
对于购买第一套住房的要大力支持年：推动去库存，拯救房地产。年：棚改货币化。年：推动限购令，房住不炒。年：推动廉租房。年：继续遏制炒房。年：土地财政突破万亿。年：推动房产税遭强烈反对。年：大规模烂尾。年：重振房地产。,0.0026315789473684,0.927515871566592,0.8472069460433326,0.0101958303071576
购买三套以上住房原则上不支持对于购买第一套住房的要大力支持。首付比、首套利率该降的都要降下来。对于购买第二套住房的，要合理支持。以旧换新、以小换大、生育多子女家庭都要给予政策支持。对于购买三套以上住房的，原则上不支持，就是不给投机炒房者重新入市留有空间。,1.0,0.169271858217016,0.65612722429108,0.5476059489208719
杭州楼市杭州买房杭州楼市超话杭州房产住建部部长：对于购买第一套住房的要大力支持，首付比、首套利率该降的都要降下来,0.0039473684210526,-0.3084500734563393,0.8472069460433326,-0.0050860120623262
购买三套以上住房原则上不支持住建部：对于购买第一套住房的要大力支持首付比首套利率该降的都要降下来住房和城乡建设部部长倪虹表示：对于购买第一套住房的要大力支持。首付比、首套利率该降的都要降下来。对于购买第二套住房的，要合理支持。以旧换新、以小换大、生育多子女家庭都要给予政策支持。对于购买三套以上住房的，原则上不支持，就是不给投机炒房者重新入市留有空间。央视新闻）央视新闻的微博视频,0.3868421052631579,0.1221086247448155,0.7237852871271255,0.1685718940094449
购买三套以上住房原则上不支持住建部：对于购买第一套住房的要大力支持首付比首套利率该降的都要降下来住房和城乡建设部部长倪虹表示：对于购买第一套住房的要大力支持。首付比、首套利率该降的都要降下来。对于购买第二套住房的，要合理支持。以旧换新、以小换大、生育多子女家庭都要给予政展开,0.1513157894736842,0.1217572333270167,0.5334819314260506,0.0484611896969857
住建部对于购买第一套住房的要大力支持首付比、首套利率该降的都要降下来购买三套以上住房原则上不支持,0.0013157894736842,0.5398305342554861,0.8536251804830549,0.0029895540427196
因城施策精准施策住建部部长谈买房租房住房和城乡建设部部长倪虹接受总台记者专访时表示：“对于购买第一套住房的，大力支持，首付比、首套利率该降的都要降下来；对于购买第二套住房的，要合理支持，以旧换新、以小换大等都要给予政策支持。同时，增加保障性租赁住房供给和长租房市场建展开,0.0052631578947368,0.9730280814045036,0.8472069460433326,0.0213922575477722
住建部部长：大力支持购买首套房原则上不支持购买三套以上房月日，据央视新闻，住建部部长倪虹接受专访时表示：对购买第一套住房的要大力支持，首付比、首套利率该降的都要降下来；对于购买三套以上住房的，原则上不支持，就是不给投机炒房者重新入市留有空间。增加保障性租赁住房的供给和长租展开,0.0052631578947368,0.2877814258285525,0.8536251804830549,0.0063748755982609
购买三套以上住房原则上不支持昨天还说了对于年轻人购买第一套住房要大力支持，但我对今年楼市的预期不太乐观。、楼市已经二级分化了，少数一二线城市看多，其他大部分价格都下行，买房都是追涨心理，今年的大环境下不一定能逆转。、本来生育率就明显下滑，口罩原因，今年估计更多人不敢结婚生展开,0.0026315789473684,0.4916165759298701,0.6803272514485241,0.0043396642079058
购买三套以上住房原则上不支持，这是不给炒房客机会。住建部：对于购买第一套住房的，要大力支持，首付比，首套利率都要降下来对资本也好，对房地产来说，向来不是靠拉动刚需能活跃起来的，百姓表示：我也想买房，可是既缺首付，又缺月供啊既想要男欢女爱，又想立贞洁牌坊。呵呵哒不矛盾吗？楼市房地产,0.0105263157894736,-0.1495789675359241,0.8472069460433326,-0.0065770595081687
住建部：对于购买第一套住房的要大力支持，首付比、首套利率该降的都要降下来对于购买第一套住房的要大力支持。首付比、首套利率该降的都要降下来。对于购买第二套住房的，要合理支持。以旧换新、以小换大、生育多子女家庭都要给予政策支持。对于购买三套以上住房的，原则上不支持，就是不给投机炒展开,0.0526315789473684,0.1113202769271839,0.6299119803314659,0.0181968360838443
购买三套以上住房原则上不支持住建部：对于购买第一套住房的要大力支持首付比首套利率该降的都要降下来住房和城乡建设部部长倪虹表示，我们住房城乡建设工作千头万绪，又和人民群众利益相关，我们要实现质的有效提升和量的合理增长，必须要在精准上下功夫。首先问题要找得准，目标要瞄得准，展开,0.0144736842105263,0.958434369060026,0.8989419943570205,0.0614849010627519
对于购买第一套住房的要大力支持花三十年的工资还房贷还想让人生娃养娃还想老人生病有钱去治疗既要又要做梦呢,0.0078947368421052,0.5402473913719805,0.5500230886345815,0.0115666233792443
住建部部长谈买房租房住房和城乡建设部部长倪虹接受总台记者专访时表示：“对于购买第一套住房的，大力支持，首付比、首套利率该降的都要降下来；对于购买第二套住房的，要合理支持，以旧换新、以小换大等都要给予政策支持。同时，增加保障性租赁住房供给和长租房市场建设，让新市民、青年人展开,0.0052631578947368,0.527490792114887,0.7688709247973574,0.0105247080559648
港股内房股高开龙光集团涨超月日，港股内房股高开。龙光集团、大发地产涨超，中骏集团涨超，宝龙地产、旭辉控股集团涨超，时代中国控股、合生创展集团、弘阳地产等跟涨。消息面上，住房和城乡建设部部长倪虹在接受新华社记者采访时表示，对于购买第一套住房的要大力支持，首付比、首套利率该降的都要降下来。对于购买第二套住房的，要合理支持。以旧换新、以小换大、生育多子女家庭都要给予政策支持。人民银行、银保监会也发布通知，决定建立首套住房贷款利率政策动态调整机制。新建商品住宅销售价格环比和同比连续个月均下降的城市，可阶段性维持、下调或取消当地首套住房贷款利率政策下限。,0.0039473684210526,-0.696781237293358,0.8536251804830549,-0.0115762171607118
住建部部长谈买房租房住建部：对于购买第一套住房的要大力支持首付比首套利率该降的都要降下来住房和城乡建设部部长倪虹表示，我们住房城乡建设工作千头万绪，又和人民群众利益相关，我们要实现质的有效提升和量的合理增长，必须要在精准上下功夫。首先问题要找得准，目标要瞄得准，政策展开,0.0039473684210526,0.9612471123310476,0.8921345871213882,0.0166904645638747
杭州将全力稳住房地产投资大盘杭州：将全力稳住房地产投资大盘优化经营性用地结构和出让时序杭州市政府日前印发关于推动经济高质量发展若干政策的通知，其中提到，将全力稳住房地产投资大盘，优化经营性用地结构和出让时序，加快已出让用地项目开工，计划年全市出让经营性用地亩。推进展开,1.0,-0.052912023366981,1.0,-1.0
年月日，中国人民银行授权全国银行间同业拆借中心公布，贷款市场报价利率（）为：年期为，年期以上为。已经连续个月保持不变。年期与民间借贷利率有关，年期以上与房贷挂钩。,0.0106382978723404,-0.5125556353291052,0.7147452984514795,-0.014129228557247
月报价出炉中国人民银行授权全国银行间同业拆借中心公布，年月日贷款市场报价利率（）为：年期为，年期以上为。以上在下一次发布之前有效。,0.0425531914893617,0.3434304307048155,0.7147452984514795,0.0378683343971156
日早间新闻精选、证监会：近日，证监会启动了不动产私募投资基金试点工作。此次试点工作是证监会落实党中央和国务院有关“促进房地产业良性循环和健康发展”决策部署，健全资本市场功能，促进房地产市场盘活存量，支持私募基金行业发挥服务实体经济功能的重要举措。、工信部总工程师：将进一步加强新能源汽车政策供给，优化发展环境，编制好汽车产业绿色发展路线图，保障好关键原材料和零部件的供应，加快制定动力电池回收利用管理办法，健全回收利用体系。、证券日报：连续个月“按兵不动”，年期以上品种仍有下调空间。年月日，年期为，年期以上为，均与上月保持一致，至此，已连续六个月保持不变。专家表示，月份报价维持不变，主要与中期借贷便利等政策利率维持不变、市场利率快速上行使得银行负债成本抬升、资负两端叠加作用下净息差进一步承压等因素有关。、上观新闻：发布以来，基于指令学习技术的类模型在我国能否开发成功，成为业界关注的一个焦点。记者从复旦大学自然语言处理实验室获悉，国内第一个对话式大型语言模型已由邱锡鹏教授团队发布至公开平台，邀公众参与内测。、国家发改委：组织召开投资咨询评估工作会。家承担国家发展改革委投资咨询评估工作的咨询评估机构参加会议。投资司法规处通报了年投资咨询评估工作情况，并结合刚颁布实施的《投资咨询评估工作指引》等项制度，介绍了年工作考虑。、中国证券报：项目建设势头正酣，交通投资提速加力。眼下，大江南北，多条重大铁路项目建设势头正酣，多地铁路投资建设计划相继明确，多路资金为铁路投资提供持续保障。专家认为，铁路等传统基建投资将为经济增长提供有力支撑，预计年交通有效投资规模会继续扩大，为促进经济增长提供有力有效支持。、澎湃新闻：上周末，国内媒体爆出宁德时代正在与一些新能源车企协商一个“锂矿返利”计划。宁德时代主动降低电芯价格，让出一部分利润，换来对车企客户的进一步绑定，从而巩固市场份额。对于外界预测并担忧的国内动力电池价格战一触即发的态势，月日，国内动力电池装车前十位中的国轩高科和孚能科技两家公司却对记者表示，近期没有下调电池价格的计划。、中信证券：下调存量房贷利率虽然有助于降低居民部门负债压力、刺激消费，但客观上仍然存在银行息差压力制约和政策设计落地的挑战。我们认为，当前暂时不急于下调存量房贷利率，但也不能完全排除这一政策实施的可能性。、证券日报：工商银行、农业银行、交通银行这家国有大行月份个人消费类贷款规模同比均出现快速增长，同比分别增长、、。此外，中国银行、建设银行、邮储银行也将个人消费类贷款作为重要发力点。、上证报：从上海钢联了解到，近期云南省电解铝企业再度收到压减负荷的口头要求。当地电解铝企业要以年月限电压产初期的企业生产及用电情况为基数，压减负荷比例扩大至不等其中个别铝厂暂不要求。上海钢联了解到，当地几家铝厂已经开始落实停槽，表明云南省电力供应仍存在较大缺口。龙虎榜年月日，大智慧数据中心显示，龙虎榜中机构净买入亿元。其中，净买入的个股只，机构净买入较多个股分别是中国电信、徐工机械、神州数码等，净买入金额占当日成交额比例达、、。净卖出的个股只，机构净卖出居前个股分别为真兰仪表、智微智能、亨迪药业等，净卖出金额占当日成交额比例达、、。北向资金月日大幅净买入亿元。贵州茅台、科大讯飞、迈瑞医疗分别获净买入亿元、亿元、亿元。陕西煤业净卖出额居首，金额为亿元。环球市场美股：月日因“华盛顿诞辰纪念日”美股休市一天。原油：布伦特月原油期货结算价收涨美元，涨幅，报美元桶。机构策略国金证券表示，国内政策红利期，海外紧缩预期缓和期，双期叠加，内外共振，股市场或有望重演反转级别的行情，进击中小成长。尽管近期全球市场在紧缩预期变化之下波动有所加大，但随着美国经济持续下行和通胀回落，紧缩缓和大势所趋，这将持续成为市场交易主线。股做多窗口或延续至年一季度末和二季度初，一方面全国两会召开引领政策预期达到高潮，另一方面美联储最后一次加息或发生在月下旬或月初的议息会议。新股申购一彬科技代码，发行价元，申购上限万股，主营汽车零部件。公司公告和预警业绩和邦生物：年实现净利润亿元，同比增长康缘药业年实现净利润亿元，同比增长金洲管道：年实现净利润亿元同比下降海正生材：年净利同比增，净利润万元章源钨业：年实现净利润亿元同比增长广联达：年实现净利润亿元同比增长东鹏饮料：年净利润同比增长杭华股份：年净利同比降美迪西：年度净利润同比增长神工股份：年度净利润同比下降重大事项中矿资源：拟亿加元投建加拿大矿区万吨采选项目香山股份股价涨停公司回应市场传闻：没有接到军工资产注入通知高能环境：中标亿元武汉市环境修复项目盛帮股份：比亚迪决定选择公司作为个机型的零部件供应商东阿阿胶：董事长高登锋辞职国机汽车：子公司中标亿元项目浪潮信息：“源”与存在差距存在短期内无法大规模落地应用的风险润和软件：操作系统在技术上可以实现与人工智能聊天系统的适配佛慈制药：实际控制人筹划控制权变更股票停牌增减持日盈电子：嘉兴鼎峰拟减持不超过嘉美包装：股东合计拟减持股份不超过元隆雅图：控股股东减持万股公司股份海思科：股东拟减持不超公司股份郑州煤电：中豫信增拟减持不超过嘉泽新能：宁夏比泰拟减持不超股份可立克：控股股东及一致行动人拟合计减持不超股份金房节能：领誉基石及其一致行动人拟减持不超的股份海天瑞声：中移投资拟减持不超过公司股份圆通速递：董事兼总裁增持万股公司股份预警和邦生物：公司董事会秘书协助调查中炬高新：公司副总经理被留置调查万里股份：因未就标的公司估值等方案调整达成一致终止收购特瑞电池股权,0.3936170212765957,0.9804395868300536,0.7147452984514795,1.0
月维持不变：年期年期以上据人民银行官网消息，人民银行授权全国银行间同业拆借中心公布，年月日贷款市场报价利率（）为：年期为，年期以上为，均维持不变。据介绍，由各报价行按公开市场操作利率（主要指中期借贷便利利率）加点形成的方式报价，由全国银行间同业拆借中心计算得出，为银行贷款提供定价参考。目前，包括年期和年期以上两个品种。月维持不变：年期年期以上,0.0,0.3918393492320832,1.0,0.0
存量房贷利率会下调吗据中国人民银行月日消息，中国人民银行授权全国银行间同业拆借中心公布，年月日贷款市场报价利率（）为：年期为，年期以上为。均与上期相同。需要注意的是，房贷利率多为年期加基点完成。下调后，尽管房贷利率会随着下调而降低，但加基点部分并不会变化。实际上，针对存量房贷利率调降的呼吁一直集中在银行的加点部分，因为挂钩年期的部分在今年的重定价周期之后会自动下调。经历了年三次共个基点的下调后，年期已由年年底的降至。再持稳，后续调降空间仍存值得关注的是，近期出现的“提前还房贷潮”让存量房贷利率与新发房贷利率之前存在的“利差”浮出水面，调降存量房贷利率的呼声也日渐高涨。尽管本次与房贷利率挂钩的年期以上仍维持前值，但有观点认为，后续年期以上下降具有一定必要性。招联金融首席研究员、复旦大学金融研究院兼职研究员董希淼认为，适度降低存量房贷利率，有助于减轻居民住房消费负担，减少居民提前还款行为，促进房地产市场健康平稳发展。金融管理部门可以加强对商业银行的指导，通过市场利率定价自律机制引导银行降低存量房贷利率。比如，对利率过高的存量房贷利率提供额外打折或减少加点等优惠政策，逐步缩窄存量房贷与新增房贷之间的利差。王青认为，伴随银行存款利率下行，当前银行具备适度下调年期以上加点的条件。年月日起国有大行启动新一轮存款利率下调，其他银行随后跟进；整体上看，此轮存款利率下调幅度明显大于年月的首次存款利率调整。“尽管近期市场利率上升较快，结合存款利率走势来看，我们判断后期年期以上仍有一定下调空间，能否落地主要取决于楼市走向。”王青表示。不过也有专家认为，下调存量房贷利率仍面临挑战。中信证券首席经济学家明明指出，一方面，银行息差压力会制约存量房贷利率调整，下调存量房贷利率会进一步压低银行利润空间。经测算，目前存量按揭贷款利率较加点幅度高出约个基点，如果的存量按揭贷款利率下调个基点，商业银行年利息收入或将减少亿元亿元。另一方面，基于购房时间、购房地点的不同，存量房贷利率差异较大，需要制定差异化的下调政策，但在实践中容易带来套利空间，引发新的不公。“如果存量房贷利率调降，预计在方案设计上会更加灵活精准，既要精准支持还贷压力较高的群体，又要避免给银行增加过大的经营压力。”明明表示。今日灼见，房贷,0.1170212765957446,0.2010259352904969,0.7349186030193279,0.0626772809502883
连续个月保持不变月出炉，年期和年期均维持不变。报价已连续个月保持不变。月日，中国人民银行授权全国银行间同业拆借中心公布，年月日贷款市场报价利率（）为：年期为，年期以上为。东方金城认为，月报价保持不变，主要原因是月操作利率不变，且近期银行边际资金成本有所上升，报价行压缩报价加点动力不足；与此同时，各方也在密切关注楼市能否随经济回升而企稳回暖。民生银行张丽云表示，首先，月平价续作，降息预期落空，使得的报价基础未发生变化；第二，银行的负债成本依然较高，下调空间受限；第三，近期银行的净息差进一步缩窄，调整的空间和动力不足。（第一财经，泽塔）,0.0319148936170212,-0.0359551525588497,0.7147452984514795,-0.0029734444417247
央行公告：不变存量房贷利率会下调吗？“提前还房贷难”何时缓解？据中国人民银行月日消息，中国人民银行授权全国银行间同业拆借中心公布，年月日贷款市场报价利率（）为：年期为，年期以上为。均与上期相同。需要注意的是，房贷利率多为年期加基点完成。下调后，尽管房贷利率会随着下调而降低，但加基点部分并不会变化。针对提前还贷潮，人民银行、银保监会月日召开部分商业银行座谈会，要求商业银行强化以客户为中心的理念，保障客户合法权益，改进提升服务质量，按照合同约定做好客户提前还款服务工作。同时，针对部分借款人违规使用经营贷、消费贷提前还款的情况，人民银行、银保监会要求商业银行持续做好贷前贷后管理，加强风险警示；监管部门将加大检查处罚力度，及时查处违规中介并披露典型案例。房贷（每日经济新闻）,0.0212765957446808,0.9955571759968552,0.7147452984514795,0.054887524053599
年月日贷款市场报价利率（）为：年期为，年期以上为，均维持不变。这样看存量房额外加点取消希望渺茫了，该提前还贷就提前还贷吧，其他优质的贷款非常多，平替省利息吧。,0.0957446808510638,0.0188265093678343,0.4211847849930586,0.0027523972722078
月日晚，证监会启动了不动产私募投资基金试点工作，投资范围包括特定居住用房（包括存量商品住宅、保障性住房、市场化租赁住房）、商业经营用房、基础设施项目等。业内人士认为，不动产私募投资基金试点是“第三支箭”重要内容的响应，房企股权融资再开一扇门，将有助于房企盘活存量资产，增加融资渠道，支持房地产市场纾困。评：私募投资基金、信托投资产品，呵呵以前是，明修栈道，暗度陈仓。现在是，房地产危机爆发，管不了那么多了，弃暗度挑明了直接走栈道。从末路的实业身上已吸不到血，改吸资本市场，毕竟愿意购买基金曲线接盘的大冤种还很多。（这就是之前本博提醒大家要远离基金、理财产品的原因。）,0.6276595744680851,0.2864246478879459,0.7736027663648021,0.5042042986556408
年月日贷款市场报价利率（）中国人民银行授权全国银行间同业拆借中心公布，年月日贷款市场报价利率（）为：年期为，年期以上为。以上在下一次发布之前有效。,1.0,-0.028174957173871,0.902622588811906,-0.092198413164599
证监会启动不动产私募投资基金试点启动不动产私募投资基金试点，支持不动产市场平稳发展，让印钞机的轮子多转一会。,0.0531914893617021,-0.9940020787203844,0.8100446715783435,-0.1552717318249242
证监会启动不动产私募投资基金试点重磅利好，楼市进入了“你不买房别人买”的时代。就在昨天晚上，中国证监会宣布，启动不动产私募投资基金试点，支持不动产市场健康平稳发展。可能很多朋友不理解这是什么意思，我告诉你，这意味着我们的楼市进入了“你不买房别人买”的时代。的确，房地产再次回到支柱产业的重要地位，我们不能要求每一个人去买房，但是那些不买房的人我们可以不管他了，因为你不买房别人要买，不能因为你不买也不让别人买。,0.0106382978723404,0.0,0.7147452984514795,0.0
微博股票超话今日早盘，股冲高回落，上证指数点得而复失，深证成指也于点无功而返。板块方面，房地产板块早盘放量高开，盘中一度涨逾，半日成交接近昨日全天成交。板块内绝大部分个股飘红，光大嘉宝大幅高开后秒涨停，深振业、天地源、南山控股、深深房等均高开高走。港股市场，恒展开,0.1170212765957446,0.9804395868300536,0.7147452984514795,0.2972972972972971
股超话港股超话“煤飞色舞”行情爆发亿龙头突发跳水，紧急回应继昨日市场大涨后，月日股开盘情绪平淡：上证指数高开，深证成指微跌，创业板指跌。受证监会启动不动产私募投资基金试点政策影响，早盘地产股集体走强，软饮、煤炭表现居前；概念略有降温，大金融小幅回撤。在周期股的带动下，上午上证指数成功收复点。港股市场上，三大指数开盘微跌：恒指低开，恒生国企指数低开，恒生科技指数低开。盘面上，华润啤酒早盘跌超，领跌蓝筹。昨日闪崩跌超的绿新亲水胶体，今日开盘涨近。详情见网页链接,0.0212765957446808,0.2166845240711195,0.7147452984514795,0.0119463525689395
楼市动态楼市重磅政策月日晚上，中国证监会宣布：“启动不动产私募投资基金试点支持不动产市场平稳健康发展”。地产融资“第三支箭”再次迎来新突破。说白了就是把开发商的债务危机放到投资市场中，由投资者参与并买单未来你不买房自然有资金雄厚的人去买。开发商的房子不愁卖，房子不愁卖钱就不缺。房价会什么样？各位看官自行脑补吧。,0.0212765957446808,0.9998763211120844,0.7147452984514795,0.055125649183043
地产融资“第三支箭”再迎新突破月日，证监会宣布启动不动产私募投资基金试点。此次试点将发挥私募基金优势，推动房企降负债、降杠杆，补充流动性，优化资产负债表，促进房地产市场盘活存量。“这次试点，既是支持房地产市场纾困和转型发展的一次探索，也是丰富私募基金产品的一项创新。”证监会市场部相关负责人对第一财经表示，金融系统在推动房地产行业纾困，推动房地产行业从高杠杆模式向高质量发展转型方面做了很多努力，此次启动不动产私募投资基金试点，动员私募基金去收购房企短期内不能变现的资产，提供流动性，降低杠杆率，对整个行业而言，都会是很大的支持。为了地产，各个部门可是各显神通，手段齐出。地产的基本面也在悄悄的改变，地产股的机会不容忽视啊。,0.0212765957446808,0.9201013807661712,0.7147452984514795,0.0507274598447698
证监会启动不动产私募投资基金试点支持不动产市场平稳健康发展今日分享近日，证监会启动了不动产私募投资基金试点工作，在现有私募股权投资基金框架下，新设“不动产私募投资基金”类别。主要是支持房地产市场平稳健康发展、促进不动产市场盘活存量、转型发展等方面发挥积极作用。其中一条提到鼓励境外投资者以方式投资不动产私募投资基金。实际上，不动产私募投资基金在境外成熟市场已发展成为一个重要的投资品类，在国内也有探索。近年来，我国已有一些私募机构陆续设立投向商业地产、基础设施的私募基金并在基金业协会备案，不断探索积累不动产投资运作经验。,0.0319148936170212,0.9999969803137236,0.7147452984514795,0.0826984521339073
地产接盘侠，终于找到了？房地产证监会启动不动产私募投资基金试点我是雁姐的微博视频,0.3275862068965517,0.1405013444697845,0.5913567344210663,0.1490391459684108
证监会启动不动产私募投资基金试点什么样的标地能切成小份放进里让普通人进场玩？认真想想,0.0344827586206896,-0.1080105320073481,0.564167919045385,-0.0115059163655162
证监会启动不动产私募投资基金试点房住不炒,0.0689655172413793,-0.5105117883635866,0.5573707152014648,-0.1074550024258036
“房住不炒”过时了？散户让一让欢迎大户炒房团登场证监会启动不动产私募投资基金试点十四五明确房住不炒关于不动产私募投资基金，我有一句话不知当讲不当讲？？如标题所示月日，证监会启动不动产私募投资基金试点，同时中国证券投资基金业协会发布了不动产私募展开,0.0344827586206896,-0.8135175787382223,0.564167919045385,-0.0866606714075114
证监会启动不动产私募投资基金试点到今天早上，宝宝两天半的成交量是亿股，均价，按亿股自由流通筹码计算是的换手率。把跟朋友讨论的内容转述如下：技术面看看日线和周线，月线，季线，中短期均线都是底部黄金交叉，一根大阳线带动了均线多头排列。自年下跌至今，通过五展开,0.5,0.4708275902904683,0.5777623267332257,0.7447762989861597
证监会启动不动产私募投资基金试点，深房理版来了？以后到底是买房还是买房产基金呢？给我的感觉是，以前房地产是块肥肉，不让有钱人碰（不让资本投资不动产），但是现在肥肉炒不熟了（需要盘活），只好把牛肉，羊肉，兔肉（存量商品住宅、保障性住房、市场化租赁住房）端到有钱人、看好楼市的投资者（甚至境外投资者）、想投资楼市的基金操盘手们面前说：来，现在你们可以用私募基金（房产类的投资基金）这双筷子来随便夹了。深房理很像是温州老太太集资代持买房的版，而现在不动产私募投资基金，又很像是深房理的版以后可能不需要直接买房，而是拿钱去买房产类基金就行了？就像炒股那样？这到底是为了房企好，保交楼好，在找接盘的人，还是为了重新加强房地产的金融属性，推高房价呢？你们怎么看？证监会启动不动产私募投资基金试点重庆楼市,0.1206896551724138,-0.1483722003370671,0.5709651228893053,-0.0559856703928679
证监会启动不动产私募投资基金试点楼市里面赚钱越来越难了。很多人解读这个是像美国的那种房地产证券化，还有人说这是像深房理的那种炒房方式。但实际上，这个摆明了，就是给楼市，做最后接盘用的。如果说，楼市还能用过去的方式，正常发展，还需要这个私募基金吗虽然说是可以买住宅项目，但展开,0.2241379310344827,0.9986131532674618,0.6117483459528272,0.749773632628076
证监会启动不动产私募投资基金试点启动不动产投资私募基金试点，可投特定居住用房（包括存量商品住宅、保障性住房等）、商业经营用房、基础设施项目等。也网友评论：机构合规下海交易商品房的时代来了吗？也有网友表示：美国次贷危机前就是这么玩的。赵铮同志的微博视频,0.9655172413793104,0.0380038260990721,0.5409645221533492,0.1086928204545548
证监会启动不动产私募投资基金试点不动产私募投资基金试点启动，可以合法集资投资房地产，是不是我出一点钱，就可以合资购买一线城市的豪宅的平米产权啦？以后我成为汤臣一品的业主（之一），也不是没有可能咯？上海楼市房地产,0.0344827586206896,0.9996260161841788,0.564167919045385,0.1064860354379785
证监会启动不动产私募投资基金试点坚持房炒不住,0.0172413793103448,-0.6666666666666665,0.5573707152014648,-0.0350808100403987
城下调首套房贷利率地产的政策都是为了去库存。不动产私募新规意味着什么？不动产私募投资基金有望与公募一起推动房地产的现代化，即建设“投融管退”的通路。雨哥看盘超话证监会启动不动产私募投资基金试点,0.0517241379310344,-0.6325532072931168,0.5573707152014648,-0.0998571550747266
证监会启动不动产私募投资基金试点这个话题，居然没什么热度。是门槛太高了吗？,0.0344827586206896,0.9999876855500736,0.5573707152014648,0.1052411341185604
“把简单的东西复杂化往往是骗局的开始证监会启动不动产私募投资基金试点,0.0517241379310344,-0.0476594092657722,0.4942523265574786,-0.0066716822994128
证监会启动不动产私募投资基金试点把垃圾资产打包后去银行转几圈（资产证券化），由投资银行找评级单位出具虚假评级，再混合包装成优质资产卖给最后一棒。这剧情美帝演过一遍了，这万恶的资本主义。,0.0172413793103448,0.0456478435826597,0.5709651228893053,0.0024606314574892
证监会启动不动产私募投资基金试点对于这条新闻，有两种截然不同的解读，一种是这个基金可以直接参与购买住宅，类似炒房团，夸张点地说“合法版深房理”；另一种解释说这个基金只能投资存量房地产项目，帮助房企纾困加快保交楼进度。在房住不炒的大前提下，前者可能性不大，后者比较符合实际。,0.0862068965517241,0.5207559924289993,0.5777623267332257,0.1420267750667462
证监会启动不动产私募投资基金试点既然不动产是投资品，接下来会不会取消限购,0.0517241379310344,0.0199101621691331,0.5573707152014648,0.00314309077618
证监会启动不动产私募投资基金试点房地产市场再迎重磅利好。月日，证监会发文称，为进一步发挥私募基金多元化资产配置、专业投资运作优势，满足不动产领域合理融资需求，近日，证监会启动了不动产私募投资基金试点工作。证监会表示，此次试点工作是证监会落实党中央和国务院有关“促进房地产业良性循环和健康发展”决策部署，健全资本市场功能，促进房地产市场盘活存量，支持私募基金行业发挥服务实体经济功能的重要举措。,0.0344827586206896,0.0200704603510928,0.5709651228893053,0.0021637826556586
证监会启动不动产私募投资基金试点启动不动产私募投资基金试点，支持不动产市场平稳发展，让印钞机的轮子多转一会。,0.0862068965517241,-0.9940020787203844,0.5845595305771459,-0.2742854484958735
房地产迎利好证监会启动不动产私募投资基金试点证监会网站月日发布消息，为进一步发挥私募基金多元化资产配置、专业投资运作优势，满足不动产领域合理融资需求，近日，证监会启动了不动产私募投资基金试点工作。此次试点工作是证监会落实党中央和国务院有关“促进房地产业良性循环和健康发展”决策部署，健全资本市场功能，促进房地产市场盘活存量，支持私募基金行业发挥服务实体经济功能的重要举措。,0.3793103448275862,-0.0557236063771398,0.5585885873339299,-0.064650320197214
房地产又迎利好：证监会启动不动产私募投资基金试点证监会启动不动产私募投资基金试点,0.1896551724137931,-0.1213429928300196,0.5060947279400868,-0.0637758015979979
证监会启动不动产私募投资基金试点重磅利好，楼市进入了“你不买房别人买”的时代。就在昨天晚上，中国证监会宣布，启动不动产私募投资基金试点，支持不动产市场健康平稳发展。可能很多朋友不理解这是什么意思，我告诉你，这意味着我们的楼市进入了“你不买房别人买”的时代。的确，房地产再次回到支柱产业的重要地位，我们不能要求每一个人去买房，但是那些不买房的人我们可以不管他了，因为你不买房别人要买，不能因为你不买也不让别人买。,0.0172413793103448,0.0,0.5573707152014648,0.0
证监会启动不动产私募投资基金试点等于承认房子的投资品属性，接下来意味着巨额资金袭来哪些房子是带头大哥？,0.0517241379310344,0.5964063589772182,0.5573707152014648,0.0941508818377455
证监会启动不动产私募投资基金试点昨晚上峰又出实质性利好，今天唯一候选股宝宝居然没开盘就板，中间还开了一次闸。过去几年见利好就出货的习惯思维还在延续中。球上明叔说这简直是为了安石度身定制的，个里面你还真找不出几家符合试点要求的。大能炒一把的只有宝宝与锦和，锦和还明显各展开,1.0,0.3841694254759623,0.4753707799201281,1.0
东方财富股票东方财富财经早餐月日周二证监会启动不动产私募投资基金试点东方财富财经早餐月日周二来自东方财富网,0.0172413793103448,0.9998883791306556,0.5573707152014648,0.0526153414348271
证监会启动不动产私募投资基金试点，房地产引入“活水”,0.0172413793103448,-0.4041328507057773,0.5573707152014648,-0.0212659616500413
重磅利好证监会重大宣布影响太大了房地产市场再迎重磅利好月日，证监会发文称，为进一步发挥私募基金多元化资产配置、专业投资运作优势，满足不动产领域合理融资需求，近日，证监会启动了不动产私募投资基金试点工作。证监会表示，此次试点工作是证监会落实党中央和国务院有关“促进房地产业良性循环和健康发展”决策部署，健全资本市场功能，促进房地产市场盘活存量，支持私募基金行业发挥服务实体经济功能的重要举措。详情见网页链接,0.0172413793103448,0.9998556463433704,0.5573707152014648,0.0526136189957878
地产融资“第三支箭”再迎新突破月日，证监会宣布启动不动产私募投资基金试点。此次试点将发挥私募基金优势，推动房企降负债、降杠杆，补充流动性，优化资产负债表，促进房地产市场盘活存量。“这次试点，既是支持房地产市场纾困和转型发展的一次探索，也是丰富私募基金产品的一项创新。”证监会市场部相关负责人对第一财经表示，金融系统在推动房地产行业纾困，推动房地产行业从高杠杆模式向高质量发展转型方面做了很多努力，此次启动不动产私募投资基金试点，动员私募基金去收购房企短期内不能变现的资产，提供流动性，降低杠杆率，对整个行业而言，都会是很大的支持。为了地产，各个部门可是各显神通，手段齐出。地产的基本面也在悄悄的改变，地产股的机会不容忽视啊。,0.0344827586206896,0.9201013807661712,0.5573707152014648,0.0968337052697
证监会启动不动产私募投资基金试点，房地产引入“活水”又一实质举措，机构正待资金入场向房企提供资金支持，是政策端近两年释放的主要信号，如今私募投资领域也再迎政策最新“礼包”。据证监会月日官网消息，近日，证监会启动了不动产私募投资基金试点工作，在现有私募股权投资基金框架下，新设“不动产私募投资基金”类别，并采取差异化的监管政策，以期进一步发挥私募基金多元化资产配置、专业投资运作优势，满足不动产领域合理融资需求。,0.2413793103448276,-0.1221362634155671,0.5913567344210663,-0.095463848233855
证监会启动不动产私募投资基金试点工作证监会网站月日发布消息，为进一步发挥私募基金多元化资产配置、专业投资运作优势，满足不动产领域合理融资需求，近日，证监会启动了不动产私募投资基金试点工作。此次试点工作是证监会落实党中央和国务院有关“促进房地产业良性循环和健康发展”决策部署，展开,0.0862068965517241,-0.3466035990855023,1.0,-0.1636137496178203
证监会启动不动产私募投资基金试点支持不动产市场平稳健康发展今日分享近日，证监会启动了不动产私募投资基金试点工作，在现有私募股权投资基金框架下，新设“不动产私募投资基金”类别。主要是支持房地产市场平稳健康发展、促进不动产市场盘活存量、转型发展等方面发挥积极作用。其中一条提到鼓励境外投资者以方式投资不动产私募投资基金。实际上，不动产私募投资基金在境外成熟市场已发展成为一个重要的投资品类，在国内也有探索。近年来，我国已有一些私募机构陆续设立投向商业地产、基础设施的私募基金并在基金业协会备案，不断探索积累不动产投资运作经验。,0.0517241379310344,0.9999969803137236,0.5573707152014648,0.1578631684831115
房地产房地产迎利好，房地产开发板块开盘领涨，光大嘉宝涨停，三湘印象，世荣兆业，中交地产，中国武夷等跟涨证监会启动不动产私募投资基金试点。不动产私募投资基金试点启动，股债比放宽，扩募“松绑”,0.0172413793103448,0.9998556463433704,0.5573707152014648,0.0526136189957878
股票超话量价结构分析房地产板块开盘冲高光大嘉宝快速涨停光大嘉宝快速涨停，三湘印象、世荣兆业、中国武夷、中交地产、信达地产、华发股份等跟涨。消息面上，证监会启动不动产私募投资基金试点，支持不动产市场平稳健康发展。不动产私募投资基金的投资范围包括特定居住用房、商业经营用房、基础设施项目等。财经,0.0172413793103448,-0.2350205919337862,0.5573707152014648,-0.0123670691118168
财经超话万一免五万一免五多家头部券商券商开户支持同花顺通达信港股内房股开盘活跃，祥生控股集团涨近，正荣地产、旭辉控股集团涨近，消息面上，月日，证监会启动不动产私募投资基金试点工作。,0.0172413793103448,-0.5730999443751177,0.5573707152014648,-0.0301572154241799
三区三线到底什么时候能真正的结束，心累,0.0079491255961844,-0.012994027205553,0.6667783552986767,-0.0002509891622467
为什么基本农田又要调啊啊啊啊啊啊啊啊啊啊啊啊啊啊啊啊啊三区三线,0.0063593004769475,0.3191934183219849,0.6667783552986767,0.0049323639171745
月的第一天，那就好好告个别吧。三区三线国土空间规划始于年月，止于年月。毕业已将近四年，从事国空工作亦如此。从适应环境生存，到学习技术扎根；从迷茫不知何处，到坚持初心向前；熬夜加班通宵至凌晨已不知多少次，驻场办公七天七夜精神紧绷更不在话下，也常因项目压力大分身乏术失眠多梦。在经历了无数次的思想斗争后，最终还是败给了生活，选择了离职。人生是充满遗憾的，每个转角的选择真的很重要。不知道这次的抉择是否正确？或许多年以后才会明白吧每月的第一天都是新的开始，每一天也都是新的一天。过往不究，重启新篇。愿得偿所愿，万事胜意。,0.0715421303656597,0.4366313290737607,0.4533113172169896,0.0516040359076811
问卷累计人参与，木有达成人的小目标，详细数据已邮件给参与者，请查收。收入样本太少没啥统计必要了，一句话总结大院分享最后一题如图三区三线国土空间规划,0.0254372019077901,-0.1437264762277144,0.6672992758887538,-0.0088907236992486
榆林：奋力推进各项工作开新局近日，榆林市召开优化营商环境系列新闻发布会。年，榆林市自然资源和规划局完成国土空间总体规划“三区三线”划定并或自然资源部审批，在全国唯一争取到能化项目单独核算新增建设用地规模万亩，将在市、县国土空间总体规划批准后落实。通过编制过渡期国土空间规划，解决了个项目、万亩建设用地规划指标。统征储备土地万亩，上报建设用地万亩，获批建设用地万亩，获批同比增长；供应建设用地万亩，其中中心城区供应住宅用地亩，同比增长。个省级园区按“标准地”方式出让亩，占比，超额完成省定任务。不动产登记一周办结率达到，件均办理时间压缩至个工作日；的业务“一次也不跑”。市本级新供应土地全面实现“交地即交证”，新建商品房逐步开启“交房即交证”。化解历史遗留问题小区个、房屋万套，同比增长，超额完成目标任务。年，榆林市自然资源和规划局将认真贯彻落实省委省政府、市委市政府安排部署，紧紧围绕全市重点项目开工建设，助推经济社会高质量发展。完成国土空间总体规划编制，保障单选项目建设用地规划指标，保障集体建设用地规划指标，压缩组件审查时间，简化文件办理程序、，建立联审联批机制，提前制定供地方案，全面推行“标准地”供应，探索多元供地方式，优化业务办理流程，推进信息互通共享，强化部门业务协同。来源：陕西科技报,0.0015898251192368,0.6666666666666665,0.6667783552986767,0.0025754310887235
证监会：强化对“伪市值管理”的精准打击严惩相关违规证券基金经营机构、专业操盘手等证监会表示，针对“伪市值管理”类操纵案件，证监会一方面坚持稳字当头，在打击违法违规行为的同时，稳妥处理案件查办与公司经营、风险处置等的关系，谨慎把握调查工作节奏、时间节点等，严把证据关、法律适用关，密切上下游执法协作，精准施策，避免“误打误伤”。另一方面，坚持全覆盖全方位追责，对参与配合“伪市值管理”违法违规行为的上中下游全面调查，严肃惩处相关违规证券基金经营机构、私募机构及从业人员、配资中介、专业操盘手等。证监会：强化对“伪市值管理”的精准打击坚持全覆盖全方位追责,0.0015898251192368,0.9999592463344718,0.6672992758887538,0.0038660071560087
证监会：强化对伪市值管理的精准打击严惩相关违规证券基金经营机构、专业操盘手等月日，证监会表示，针对“伪市值管理”类操纵案件，证监会一方面坚持稳字当头，在打击违法违规行为的同时，稳妥处理案件查办与公司经营、风险处置等的关系，谨慎把握调查工作节奏、时间节点等，严把证据关、法律适用关，密切上下游执法协作，精准施策，避免“误打误伤”。另一方面，坚持全覆盖全方位追责，对参与配合“伪市值管理”违法违规行为的上中下游全面调查，严肃惩处相关违规证券基金经营机构、私募机构及从业人员、配资中介、专业操盘手等。,0.0349761526232114,0.8585469557939769,0.724865178899636,0.0793238291597213
证监会：强化对“伪市值管理”的精准打击严惩相关违规证券基金经营机构、专业操盘手等证监会表示，针对“伪市值管理”类操纵案件，证监会一方面坚持稳字当头，在打击违法违规行为的同时，稳妥处理案件查办与公司经营、风险处置等的关系，谨慎把握调查工作节奏、时间节点等，严把证据关、法律适用关，密切上下游执法协作，精准施策，避免“误打误伤”。另一方面，坚持全覆盖全方位追责，对参与配合“伪市值管理”违法违规行为的上中下游全面调查，严肃惩处相关违规证券基金经营机构、私募机构及从业人员、配资中介、专业操盘手等。（财联社）,0.0095389507154213,-0.4837311524980154,0.668862037658985,-0.0112473848205433
贵阳市城乡居民收入持续增长月日，记者从国家统计局贵阳调查队获悉，年，贵阳市坚持稳字当头、稳中求进，高效统筹疫情防控和经济发展，落实好各项稳经济政策举措，城乡居民收入稳步增长，继续在全省保持领先优势。融媒看贵阳这一年，贵阳市城镇居民人均可支配收入达到了元，比上年名义增长，绝对值、增加值、增速在全省九个市州中均排第一；农村居民人均可支配收入元，比上年名义增长，绝对值、增加值在全省排第一。农村收入再上新台阶，县域农村居民可支配收入在全省率先全面突破万元。年，贵阳市城乡居民收入持续增长（贵阳网甲秀新闻李波记者杨源）微博区域热点,0.0031796502384737,0.0,0.6672992758887538,0.0
日股市收评：群聊今日沪深两市指数几乎平开，大盘维持多空平衡的震荡，双创则小幅调整。午后大盘延续震荡，最后半小时有所发力，收于全天高点附近。双创绿盘报收，其他指数收涨。两市成交量比昨日缩量亿达亿，超只个股收跌。大盘今天走出下跌修复行情。昨天盘后消息，月日，证监会宣布启动不动产私募投资基金试点。房地产融资迎利好，股债比放宽，扩募“松绑”。上午顺周期品种领涨，盘面震荡上行，盘中突破出现一轮跳水，下午股指较长时间维持在昨日收盘点位附近窄幅整理，下午两点后持续上涨，高位报收。今天煤炭板块卷土重来，盘江股份领涨。煤炭板块经过了一轮充分调整，现在估值不高，有业绩和分红潜力作为重要支持，是攻守兼备的品种，这可能是煤炭新一轮行情的开端。当前正处在煤炭经济新一轮周期上行的初期，基本面、政策面共振，现阶段配置煤炭板块正当时。国内煤炭下游需求加速复苏，电厂日耗不断攀升，沿海八省动力煤日耗已经高于往年同期水平，非电煤下游开工率亦稳步提高，煤炭价格有望迎来企稳回升。煤炭板块个人建议可以持续关注，特别是那些有业绩支撑，股价处于低位调整足够充分的个股，后市的机会多多。今天有色板块也处于涨幅前列。经济复苏拉动了对有色的需求，另一方面，供给端没有同步扩大。铜这个品种值得持续关注。美国矿业公司自由港旗下，位于印尼的全球第二大铜矿因为洪水而发生停产。年以来，继秘鲁铜矿和铜矿先后停产之后，再有印尼超大型铜矿意外停产，全球铜矿干扰加剧。所以这个板块还是值得我们继续关注，有超跌企稳的个股可以找机会低吸。整体看，今天盘中股指虽然出现不明原因的跳水，但与上周相比，今天的跌幅显然温柔多了，很快就止跌企稳，说明市场内在支撑力度足够强劲。下午收盘前出现会议消息：坚持稳字当头、稳中求进，实施积极的财政政策和稳健的货币政策，加强各类政策协调配合，形成共促高质量发展合力。这表明扩张性政策将会持续，经济升温的预期再次提升。盘面迅速结束萎靡观望状态，股指坚定上行。春节后股指多次上攻点未果，今天收盘站在点上方是有效突破。上证区间，在去年三季度和今天春节后，已经形成两个震荡箱体，这是底部区域的颈线位置，一旦突破，上升空间打开，可能会出现上涨加速。主攻板块第一轮应该就是权重股，昨天工程机械和金融，今天是资源、钢铁等，带动大盘冲关，突破之后打出空间才轮到小盘股表现。所以还是建议大家不要乱调仓，大行情来的时候，所有板块都会轮动，也都有机会表现的股票今日看盘股票推荐大智若愚龙云,0.1939586645468998,0.2420714166349217,1.0,0.1711051344519244
今天盘中出现不明原因的跳水，内外找了半圈也没有找到什么事件导致的，另外，与上周相比，今天的跌幅还是温柔的，很快就止跌企稳，说明市场内在支撑力度足够强劲。下午收盘前有重要会议消息：坚持稳字当头、稳中求进，实施积极的财政政策和稳健的货币政策，加强各类政策协调配合，形成共促高质量发展合力，这表明扩张性政策将会持续，经济升温的预期再次提升。盘面迅速结束萎靡观望状态，股指坚定上行。春节后股指多次上攻点未果，今天收盘站在点上方，但是这里须三天站上才算有效，并且，这里压力位是有的。上证区间，在去年三季度和今天春节后，已经形成两个震荡箱体，这是底部区域的颈线位置，因此要耗一点时间，但一旦突破，上升空间打开，可能会出现上涨加速。主攻板块第一轮应该就是权重股，昨天工程机械和金融，今天是资源、钢铁等，带动大盘冲关，突破之后打出空间才轮到小盘股表现。不要乱调仓，大行情来的时候，所有板块都有机会表现。莞哥投资在线超话,0.0747217806041335,0.4875581875005564,0.8658127633529045,0.1149497404333669
中共中央政治局召开会议决定召开二十届二中全会中共中央总书记习近平主持会议党和国家机构改革方案中共中央政治局月日召开会议，决定今年月日至日在北京召开中国共产党第二十届中央委员会第二次全体会议。中共中央总书记习近平主持会议。会议讨论了中共中央政治局向中央委员会作的工作报告。会议讨论了《党和国家机构改革方案》稿，决定根据这次会议讨论的意见进行修改后将文件稿提请二十届二中全会审议。会议指出，党的十八大以来，以习近平同志为核心的党中央把深化党和国家机构改革作为推进国家治理体系和治理能力现代化的重要任务，按照坚持党的全面领导、坚持以人民为中心、坚持优化协同高效、坚持全面依法治国的原则，全面深化党和国家机构改革，党和国家机构职能实现系统性、整体性重构，为党和国家事业取得历史性成就、发生历史性变革提供了有力保障，也为继续深化党和国家机构改革积累了宝贵经验。会议强调，党的二十大对深化机构改革作出重要部署，对于全面建设社会主义现代化国家、全面推进中华民族伟大复兴意义重大而深远。必须以习近平新时代中国特色社会主义思想为指导，以加强党中央集中统一领导为统领，以推进国家治理体系和治理能力现代化为导向，坚持稳中求进工作总基调，适应统筹推进“五位一体”总体布局、协调推进“四个全面”战略布局的要求，适应构建新发展格局、推动高质量发展的需要，坚持问题导向，统筹党中央机构、全国人大机构、国务院机构、全国政协机构，统筹中央和地方，深化重点领域机构改革，推动党对社会主义现代化建设的领导在机构设置上更加科学、在职能配置上更加优化、在体制机制上更加完善、在运行管理上更加高效。会议讨论了向第十四届全国人民代表大会第一次会议推荐的国家机构领导人员建议人选和向政协第十四届全国委员会第一次会议推荐的全国政协领导人员建议人选。会议确定将以上内容作为二十届二中全会的议题。会议讨论了国务院拟提请第十四届全国人民代表大会第一次会议审议的《政府工作报告》稿。会议认为，过去一年是党和国家历史上极为重要的一年。我们胜利召开党的二十大，描绘了全面建设社会主义现代化国家的宏伟蓝图。以习近平同志为核心的党中央团结带领全国各族人民迎难而上，全面落实疫情要防住、经济要稳住、发展要安全的要求，加大宏观调控力度，经济社会大局保持稳定。过去年极不寻常、极不平凡，我们有力应对各种困难和风险挑战，高效统筹疫情防控和经济社会发展，如期打赢脱贫攻坚战，如期全面建成小康社会，我国经济社会发展取得举世瞩目的重大成就。会议强调，今年是全面贯彻党的二十大精神的开局之年，做好政府工作，要在以习近平同志为核心的党中央坚强领导下，以习近平新时代中国特色社会主义思想为指导，全面贯彻落实党的二十大精神，按照中央经济工作会议部署，扎实推进中国式现代化，坚持稳中求进工作总基调，完整、准确、全面贯彻新发展理念，加快构建新发展格局，着力推动高质量发展，更好统筹国内国际两个大局，更好统筹疫情防控和经济社会发展，更好统筹发展和安全，全面深化改革开放，大力提振市场信心，把实施扩大内需战略同深化供给侧结构性改革有机结合起来，突出做好稳增长、稳就业、稳物价工作，有效防范化解重大风险，推动经济运行整体好转，实现质的有效提升和量的合理增长，持续改善民生，保持社会大局稳定，为全面建设社会主义现代化国家开好局起好步。会议指出，要全面贯彻落实党中央决策部署，坚持稳字当头、稳中求进，实施积极的财政政策和稳健的货币政策，加强各类政策协调配合，形成共促高质量发展合力。要着力扩大国内需求，加快建设现代化产业体系，切实落实“两个毫不动摇”，更大力度吸引和利用外资，有效防范化解重大经济金融风险，稳定粮食生产和推进乡村振兴，推动发展方式绿色转型，保障基本民生和发展社会事业，努力完成今年经济社会发展目标任务。要加强政府自身建设，大兴调查研究之风。会议还研究了其他事项。人民日报,0.0381558028616852,0.5428463665398122,0.8836572968025816,0.0667009077589395
中共中央政治局召开会议决定召开二十届二中全会中共中央总书记习近平主持会议新华社北京月日电中共中央政治局月日召开会议，决定今年月日至日在北京召开中国共产党第二十届中央委员会第二次全体会议。中共中央总书记习近平主持会议。会议讨论了中共中央政治局向中央委员会作的工作报告。会议讨论了《党和国家机构改革方案》稿，决定根据这次会议讨论的意见进行修改后将文件稿提请二十届二中全会审议。会议指出，党的十八大以来，以习近平同志为核心的党中央把深化党和国家机构改革作为推进国家治理体系和治理能力现代化的重要任务，按照坚持党的全面领导、坚持以人民为中心、坚持优化协同高效、坚持全面依法治国的原则，全面深化党和国家机构改革，党和国家机构职能实现系统性、整体性重构，为党和国家事业取得历史性成就、发生历史性变革提供了有力保障，也为继续深化党和国家机构改革积累了宝贵经验。会议强调，党的二十大对深化机构改革作出重要部署，对于全面建设社会主义现代化国家、全面推进中华民族伟大复兴意义重大而深远。必须以习近平新时代中国特色社会主义思想为指导，以加强党中央集中统一领导为统领，以推进国家治理体系和治理能力现代化为导向，坚持稳中求进工作总基调，适应统筹推进“五位一体”总体布局、协调推进“四个全面”战略布局的要求，适应构建新发展格局、推动高质量发展的需要，坚持问题导向，统筹党中央机构、全国人大机构、国务院机构、全国政协机构，统筹中央和地方，深化重点领域机构改革，推动党对社会主义现代化建设的领导在机构设置上更加科学、在职能配置上更加优化、在体制机制上更加完善、在运行管理上更加高效。会议讨论了向第十四届全国人民代表大会第一次会议推荐的国家机构领导人员建议人选和向政协第十四届全国委员会第一次会议推荐的全国政协领导人员建议人选。会议确定将以上内容作为二十届二中全会的议题。会议讨论了国务院拟提请第十四届全国人民代表大会第一次会议审议的《政府工作报告》稿。会议认为，过去一年是党和国家历史上极为重要的一年。我们胜利召开党的二十大，描绘了全面建设社会主义现代化国家的宏伟蓝图。以习近平同志为核心的党中央团结带领全国各族人民迎难而上，全面落实疫情要防住、经济要稳住、发展要安全的要求，加大宏观调控力度，经济社会大局保持稳定。过去年极不寻常、极不平凡，我们有力应对各种困难和风险挑战，高效统筹疫情防控和经济社会发展，如期打赢脱贫攻坚战，如期全面建成小康社会，我国经济社会发展取得举世瞩目的重大成就。会议强调，今年是全面贯彻党的二十大精神的开局之年，做好政府工作，要在以习近平同志为核心的党中央坚强领导下，以习近平新时代中国特色社会主义思想为指导，全面贯彻落实党的二十大精神，按照中央经济工作会议部署，扎实推进中国式现代化，坚持稳中求进工作总基调，完整、准确、全面贯彻新发展理念，加快构建新发展格局，着力推动高质量发展，更好统筹国内国际两个大局，更好统筹疫情防控和经济社会发展，更好统筹发展和安全，全面深化改革开放，大力提振市场信心，把实施扩大内需战略同深化供给侧结构性改革有机结合起来，突出做好稳增长、稳就业、稳物价工作，有效防范化解重大风险，推动经济运行整体好转，实现质的有效提升和量的合理增长，持续改善民生，保持社会大局稳定，为全面建设社会主义现代化国家开好局起好步。会议指出，要全面贯彻落实党中央决策部署，坚持稳字当头、稳中求进，实施积极的财政政策和稳健的货币政策，加强各类政策协调配合，形成共促高质量发展合力。要着力扩大国内需求，加快建设现代化产业体系，切实落实“两个毫不动摇”，更大力度吸引和利用外资，有效防范化解重大经济金融风险，稳定粮食生产和推进乡村振兴，推动发展方式绿色转型，保障基本民生和发展社会事业，努力完成今年经济社会发展目标任务。要加强政府自身建设，大兴调查研究之风。会议还研究了其他事项。,1.0,0.364727915111355,0.7523512571674432,1.0
中共中央政治局召开会议决定召开二十届二中全会中共中央总书记习近平主持会议中共中央政治局月日召开会议，决定今年月日至日在北京召开中国共产党第二十届中央委员会第二次全体会议。中共中央总书记习近平主持会议。会议讨论了中共中央政治局向中央委员会作的工作报告。会议讨论了《党和国家机构改革方案》稿，决定根据这次会议讨论的意见进行修改后将文件稿提请二十届二中全会审议。会议指出，党的十八大以来，以习近平同志为核心的党中央把深化党和国家机构改革作为推进国家治理体系和治理能力现代化的重要任务，按照坚持党的全面领导、坚持以人民为中心、坚持优化协同高效、坚持全面依法治国的原则，全面深化党和国家机构改革，党和国家机构职能实现系统性、整体性重构，为党和国家事业取得历史性成就、发生历史性变革提供了有力保障，也为继续深化党和国家机构改革积累了宝贵经验。会议强调，党的二十大对深化机构改革作出重要部署，对于全面建设社会主义现代化国家、全面推进中华民族伟大复兴意义重大而深远。必须以习近平新时代中国特色社会主义思想为指导，以加强党中央集中统一领导为统领，以推进国家治理体系和治理能力现代化为导向，坚持稳中求进工作总基调，适应统筹推进“五位一体”总体布局、协调推进“四个全面”战略布局的要求，适应构建新发展格局、推动高质量发展的需要，坚持问题导向，统筹党中央机构、全国人大机构、国务院机构、全国政协机构，统筹中央和地方，深化重点领域机构改革，推动党对社会主义现代化建设的领导在机构设置上更加科学、在职能配置上更加优化、在体制机制上更加完善、在运行管理上更加高效。会议讨论了向第十四届全国人民代表大会第一次会议推荐的国家机构领导人员建议人选和向政协第十四届全国委员会第一次会议推荐的全国政协领导人员建议人选。会议确定将以上内容作为二十届二中全会的议题。会议讨论了国务院拟提请第十四届全国人民代表大会第一次会议审议的《政府工作报告》稿。会议认为，过去一年是党和国家历史上极为重要的一年。我们胜利召开党的二十大，描绘了全面建设社会主义现代化国家的宏伟蓝图。以习近平同志为核心的党中央团结带领全国各族人民迎难而上，全面落实疫情要防住、经济要稳住、发展要安全的要求，加大宏观调控力度，经济社会大局保持稳定。过去年极不寻常、极不平凡，我们有力应对各种困难和风险挑战，高效统筹疫情防控和经济社会发展，如期打赢脱贫攻坚战，如期全面建成小康社会，我国经济社会发展取得举世瞩目的重大成就。会议强调，今年是全面贯彻党的二十大精神的开局之年，做好政府工作，要在以习近平同志为核心的党中央坚强领导下，以习近平新时代中国特色社会主义思想为指导，全面贯彻落实党的二十大精神，按照中央经济工作会议部署，扎实推进中国式现代化，坚持稳中求进工作总基调，完整、准确、全面贯彻新发展理念，加快构建新发展格局，着力推动高质量发展，更好统筹国内国际两个大局，更好统筹疫情防控和经济社会发展，更好统筹发展和安全，全面深化改革开放，大力提振市场信心，把实施扩大内需战略同深化供给侧结构性改革有机结合起来，突出做好稳增长、稳就业、稳物价工作，有效防范化解重大风险，推动经济运行整体好转，实现质的有效提升和量的合理增长，持续改善民生，保持社会大局稳定，为全面建设社会主义现代化国家开好局起好步。会议指出，要全面贯彻落实党中央决策部署，坚持稳字当头、稳中求进，实施积极的财政政策和稳健的货币政策，加强各类政策协调配合，形成共促高质量发展合力。要着力扩大国内需求，加快建设现代化产业体系，切实落实“两个毫不动摇”，更大力度吸引和利用外资，有效防范化解重大经济金融风险，稳定粮食生产和推进乡村振兴，推动发展方式绿色转型，保障基本民生和发展社会事业，努力完成今年经济社会发展目标任务。要加强政府自身建设，大兴调查研究之风。会议还研究了其他事项。,0.3354531001589825,0.3323620670564322,0.6383258299140846,0.2593558358286443
三区三线到底什么时候能真正的结束，心累,1.0,-0.012994027205553,,
为什么基本农田又要调啊啊啊啊啊啊啊啊啊啊啊啊啊啊啊啊啊三区三线,0.8,0.3191934183219849,,
江苏多地调整购房政策涉及江苏五个设区市你关心的购房新政来了近日，江苏多地调整了楼市政策，自月日无锡率先打响了江苏房贷利率下调的第一枪，徐州、扬州、常州紧随其后，纷纷加入降利率大军。而宿迁颁布的购房新政则提出，将给予购房款最高的补贴，多生孩子也可享受契税补贴。详情,0.6666666666666666,0.7341604462385737,0.9338813327717056,0.9141583146687328
宿迁中心城区购房可给予购房款最高的补贴宿迁新政：购房可给予购房款最高的补贴，多生孩子也可享受契税补贴近日，宿迁住建、财政、发改等个部门联合起草了《关于进一步促进中心城区房地产平稳健康发展的若干政策措施》，不仅购房可给予购房款最高的补贴，多生孩子也可享受契税补贴。详情,0.1333333333333333,0.5942036479752062,0.6666666666666666,0.1056362040844811
宿迁中心城区购商品住房给予购房补贴江苏宿迁：中心城区购商品住房给予购房补贴契税最高补贴财联社月日电，江苏省宿迁市住房和城乡建设局印发《关于进一步促进中心城区房地产平稳健康发展的若干政策措施》。在减轻购房压力释放消费潜力方面，新政明确给予契税补贴，对个人在中心城区范围内购买商品住房（含二手商品住房）的，给予所缴纳契税总额的补贴，最高不超过万元，生育二孩、三孩的家庭分别给予所缴纳契税总额、的补贴。,1.0,-0.4999999999999998,1.0,-1.0
江苏宿迁：中心城区购商品住房给予购房补贴契税最高补贴江苏省宿迁市住房和城乡建设局印发《关于进一步促进中心城区房地产平稳健康发展的若干政策措施》。在减轻购房压力释放消费潜力方面，新政明确给予契税补贴，对个人在中心城区范围内购买商品住房（含二手商品住房）的，给予所缴纳契税总额的补贴，最高不超过万元，生育二孩、三孩的家庭分别给予所缴纳契税总额、的补贴。,0.4666666666666667,0.921502417288462,0.8333333333333333,0.7167241023354708
取消住房公积金异地贷款户籍地限制、契税最高补贴宿迁房地产新政出台宿迁城市发布为深入贯彻落实中央、省有关文件精神，支持刚性和改善性住房需求，全力推动中心城区房地产市场平稳健康发展，现结合我市房地产市场实际情况制定如下政策措施取消住房公积金异地贷款户籍地限制、契税最高补贴宿迁房地产新政出台（宿迁发布微信公众号）,0.3333333333333333,-0.4859437112535921,0.962581447007218,-0.3118402671616937
年深圳将新增保障性住房万套月日，深圳市城中村保障性住房规模化品质化改造提升暨三宜小村建设动员会举行。动员会上，全市各区政府（新区管委会）主要负责人签署保障性住房建设筹集任务书。据悉，年，全市将建设筹集保障性住房万套（间）。与此同时，城中村规模化、品质化改造提升全面开启。动员会上，市人才安居集团与宝安、龙华、光明签订合作框架协议，将与三区共同出资成立区级城中村改造公司，推动辖区城中村规模化品质化改造提升。（深圳商报）,1.0,0.0833317614113981,1.0,1.0
任泽平建议：增加大城市住宅土地供应，给予有孩家庭购房补贴近日，经济学家任泽平发文指出，年结婚登记对数下降到万对，连续八年下降。另外，初婚年龄大幅推迟。年安徽省初婚平均年龄分别为男岁，女岁。他认为，结婚人数下降的原因一是年轻人数量下降，二是适婚人口男多女少，三是养育成本高，四是结婚成本高，五是社会竞争激烈、就业压力大，六是年轻一代的婚姻观念已经发生改变。任泽平建议，增加大城市住宅土地供应，给予有孩家庭购房补贴；降低生育、养育、教育成本；建立男女平等、生育友好的社会支持系统；放宽收养和送养条件；保障单身女性生育权。中国网财经的微博视频,0.0003611412062116,0.0700588830015689,0.7105135973135316,0.0001624644044897
威海身边事重磅威海出台促进房地产市场良性循环和平稳健康发展相关政策近日，从我市相关部门了解，为落实国家、省相关精神，坚持房住不炒、因城施策，我市出台相关政策，全力满足居民合理住房需求，进一步促进房地产市场良性循环和平稳健康发展。一是实施阶段性购房契税补贴。自年月日至年月日期间，个人在我市购买新建商品住房，且在年月日前足额交纳契税的，可给予一定补贴，单套补贴最高不超过万元。二是加大二孩及以上家庭购房支持力度。自年月日至年月日期间，有未成年子女的二孩及以上的本市户籍居民家庭在我市购买新建商品住房的，按照建筑面积给予一定补助，单套补助最高不超过万元，补助资金在办理不动产权证后发放。三是优化征收补偿。在我市城市更新、工程建设、棚户区改造等征收中，对货币化安置的居民，可自愿选择“房票”安置。持“房票”可在全市范围内购买新建商品房。选择“房票”安置的，在兑现“房票”安置后，可由购买新建商品房所在地财政给予适当奖励。四是优化房屋租赁政策。继续实施对新就业无房职工可累积发放不超过个月的阶段性住房租赁补贴政策，最低补贴标准为每月元。盘活闲置公共租赁住房，面向城镇医疗卫生、教育、公交、环卫、物业等公共服务行业人员定向供给，放宽申请条件，取消缴纳年以上的社保限制和收入审核，由用人单位集中申报。五是动态调整新发放首套住房商业性个人住房贷款利率下限。严格落实新发放首套住房个人住房贷款利率政策动态调整长效机制的相关精神，评估期内全市新建商品住宅销售价格环比和同比连续个月均下降时，立即启动动态调整机制，视情况采取阶段性维持、下调或取消我市首套住房商业性个人住房贷款利率下限。六是深入开展精准营销活动。围绕市内市外“两个市场”，优化房地产营销措施，搭建线上与线下相结合的房地产展示和交易平台，集中展示优质精致楼盘项目。持续开展人才安居节活动，组织各行业人才精准对接探盘。组织开发企业到热点和重点城市举行项目推介。七是调整商品房套型和使用性质。对具备开工条件尚未开工的商品房项目、以及在建商品房项目，在不改变用地性质和容积率前提下，允许无拖欠农民工工资问题的开发企业适当调整套型结构，以适应市场需求。支持存量商品房向文化体育、健康养老、教育医疗、众创空间等用房转型利用。八是加快完善公共服务配套。优化完善教育、养老、医疗、体育、公园等公共配套服务设施布局，提高土地配套成熟度，及时出让公共服务用地，加快项目建设进度。九是精准引导项目提升品质。新出让土地，在开发项目建设条件意见书中明确绿色建筑、装配式建筑、健康建筑、超低能耗建筑、智慧社区、海绵城市等高品质住宅建设条件。建设绿色住宅的按照国家有关法规和规范性文件规定，在容积率计算方面给予支持。鼓励推广公建化外立面、设置架空层，引导提升绿化、车库等配套设施设计档次，提高住宅环境配套和物业服务水平。（备注：具体操作办法另行发布）来源：威海市住建局,0.0249187432286023,0.1553865379539714,1.0,0.0349933162755088
任泽平建议：增加大城市住宅土地供应，给予有孩家庭购房补贴近日，经济学家任泽平发文指出，年结婚登记对数下降到万对，连续八年下降。另外，初婚年龄大幅推迟。年安徽省初婚平均年龄分别为男岁，女岁。他认为，结婚人数下降的原因一是年轻人数量下降，二是适婚人口男多女少，三是养育成本高，四是结婚成本高，五是社会竞争激烈、就业压力大，六是年轻一代的婚姻观念已经发生改变。任泽平建议，增加大城市住宅土地供应，给予有孩家庭购房补贴；降低生育、养育、教育成本；建立男女平等、生育友好的社会支持系统；放宽收养和送养条件；保障单身女性生育权。：中国网财经的微博视频,0.0014445648248465,0.9804395868300536,0.7193950172799507,0.0092081179929232
大咖说房任泽平建议：增加大城市住宅土地供应，给予有孩家庭购房补贴近日，经济学家任泽平发文指出，年结婚登记对数下降到万对，连续八年下降。另外，初婚年龄大幅推迟。年安徽省初婚平均年龄分别为男岁，女岁。他认为，结婚人数下降的原因一是年轻人数量下降，二是适婚人口男多女少，三是养育成本高，四是结婚成本高，五是社会竞争激烈、就业压力大，六是年轻一代的婚姻观念已经发生改变。任泽平建议，增加大城市住宅土地供应，给予有孩家庭购房补贴；降低生育、养育、教育成本；建立男女平等、生育友好的社会支持系统；放宽收养和送养条件；保障单身女性生育权。中国网财经的微博视频,0.0010834236186348,-0.7438173079713895,0.7105135973135316,-0.0051746686848854
有专家建议法定婚龄降到岁，保障单身女性生育权新人结婚用六台百万元拖拉机接亲近日，经济学家任泽平发文指出，年结婚登记对数下降到万对，连续八年下降。另外，初婚年龄大幅推迟。年安徽省初婚平均年龄分别为男岁，女岁。他认为，结婚人数下降的原因一是年轻人数量下降，二是适婚人口男多女少，三是养育成本高，四是结婚成本高，五是社会竞争激烈、就业压力大，六是年轻一代的婚姻观念已经发生改变。任泽平建议，增加大城市住宅土地供应，给予有孩家庭购房补贴；降低生育、养育、教育成本；建立男女平等、生育友好的社会支持系统；放宽收养和送养条件；法定婚龄降到岁；保障单身女性生育权。对此你怎么看？（中国网财经）中国网财经的微博视频,0.0610328638497652,0.0531035749552916,0.510281215097246,0.0149466087113753
任泽平建议：增加大城市住宅土地供应，给予有孩家庭购房补贴近日，经济学家任泽平发文指出，年结婚登记对数下降到万对，连续八年下降。另外，初婚年龄大幅推迟。年安徽省初婚平均年龄分别为男岁，女岁。他认为，结婚人数下降的原因一是年轻人数量下降，二是适婚人口男多女少，三是养育成本高，四是结婚成本高，五是社会竞争激烈、就业压力大，六是年轻一代的婚姻观念已经发生改变。任泽平建议，增加大城市住宅土地供应，给予有孩家庭购房补贴；降低生育、养育、教育成本；建立男女平等、生育友好的社会支持系统；放宽收养和送养条件；任泽平建议法定婚龄降到岁；保障单身女性生育权。对此你怎么看？中国网财经的微博视频,0.0003611412062116,-0.9956557864546502,0.7105135973135316,-0.0023088952819805
非哈尔滨户籍在哈购新房可享万元补贴哈尔滨：非哈市户籍在哈购新房可享万元补贴哈尔滨市政府日前下发了《关于进一步促进哈尔滨市房地产市场平稳健康发展的若干措施》以下简称《措施》。根据《措施》，公积金贷款房龄年限由年提升至年，二孩、三孩家庭购买首套或第二套新房可享补贴。根据《措施》，具有哈市户籍、符合生育政策，在年月日以后生育第二或第三胎的家庭在区购买首套或第二套新建商品住房，凭网签备案《商品房买卖合同》、本人身份证明、购房交款票据、《不动产权证书》、户口簿和出生医学证明等，分别给予万元、万元的一次性购房补贴。同时，对与在哈用人单位签订聘用合同或服务协议，购房前已缴纳个月以上社保并纳入社保系统管理且处于存续状态的，以及自主创业、年龄在周岁以下的各类人才无户籍限制，在区购买首套或第二套新建商品住房，凭网签备案《商品房买卖合同》、本人身份证明、购房交款票据、《不动产权证书》、学历证明等，按照博士毕业生万元、硕士毕业生万元、本科毕业生及大中专毕业生含技工院校预备技师班、高级工班毕业生万元的标准给予一次性购房补贴。本项补贴以家庭为单位，夫妻双方不能同时享受。根据《措施》，非哈市户籍的个人在区购买首套或第二套新建商品住房，凭网签备案《商品房买卖合同》、本人身份证明、户口簿、购房交款票据、《不动产权证书》，给予万元一次性购房补贴。个人在区购买首套或第二套新建商品住房，且在线上、线下新建商品房展销会期间完成《商品房买卖合同》网签备案的，凭本人身份证明、《商品房买卖合同》、购房交款票据、《不动产权证书》，按实际购房款的给予购房补贴。单位或个人在区购买新建非住宅商品房商业、办公、公寓，凭网签备案《商品房买卖合同》、购房交款票据、《不动产权证书》，按实际购房款的给予购房补贴。此外，农业户籍的购房人在区购买首套或第二套新建商品住房，凭网签备案《商品房买卖合同》、本人身份证明、户口簿、《不动产权证书》，给予万元一次性购房补贴，补贴资金由市财政承担。农业户籍的购房人进城购房并取得居住证且满足进城务工人员随迁子女接受义务教育相关条件的，由所在区教育部门根据实际情况统筹安置，保障其子女进城接受义务教育，确保“应入尽入”。退役军人和取得省、市、区县市相关主管部门职业资格证明的教师，在区购买首套或第二套新建商品住房，凭网签备案《商品房买卖合同》、本人身份证明、职业资格证明、《不动产权证书》，给予万元一次性购房补贴。根据《措施》，在确保房屋抵押物价值的前提下，二手房公积金贷款房龄年限由年提高到年，且贷款年限与房龄之和不超过年。单职工贷款最高额度由万元提高至万元，双职工贷款最高额度由万元提高至万元。,0.0050559768869628,0.2139220672486876,0.877353325232979,0.0085759209568564
日常超话如何看待任泽平建议法定婚龄降到岁任泽平建议法定婚龄降到岁，保障单身女性生育权。近日，经济学家任泽平发文指出，年结婚登记对数下降到万对，连续八年下降。另外，初婚年龄大幅推迟。年安徽省初婚平均年龄分别为男岁，女岁。他认为，结婚人数下降的原因一是年轻人数量下降，二是适婚人口男多女少，三是养育成本高，四是结婚成本高，五是社会竞争激烈、就业压力大，六是年轻一代的婚姻观念已经发生改变。任泽平建议，增加大城市住宅土地供应，给予有孩家庭购房补贴；降低生育、养育、教育成本；建立男女平等、生育友好的社会支持系统；放宽收养和送养条件；法定婚龄降到岁；保障单身女性生育权。对此你怎么看？中国网财经的微博视频,0.002889129649693,0.5871887302011929,0.8963646541527278,0.0137427941772718
豫论场丨法定婚龄降到岁就能让年轻人多生孩吗？薛世君经济学家任泽平建议法定婚龄降到岁。说实话，看到这个消息蹿上热搜，我的第一反应是不相信，以任博士平日的专业范儿，应该不至于有这样无聊的建议。但他微博上赫然有这个建议。我国结婚率从年的上升到年的之后，就逐年下降，年结婚率下降到，离婚率上升到。我国结婚登记对数已连续八年下降，初婚年龄也大幅推迟。看到这样的数据，自然会对未来人口结构产生一些忧虑，但是任泽平看到了病征，却似乎开偏了药方。按照分析，结婚人数下降的原因大致有六：一是年轻人数量下降，二是适婚人口男多女少，三是养育成本高，四是结婚成本高，五是社会竞争激烈、就业压力大，六是年轻一代的婚姻观念已经发生改变。这六大问题，不管哪一个，都不是将法定婚龄降到岁就能解决的。年轻人结婚晚、生孩少，根本原因不是年龄问题，也不是生育政策问题，而是很直接、很现实的两条钱从哪里来？孩子怎么带？婚车、婚房、彩礼、婚宴，哪个步骤都要花钱。生孩、养孩、带孩、上学接送，哪个环节都需要人力。哪个环节卡壳，事情就不好办。法定婚龄降到岁，能有多大用？所以说，问题的关键还在于提高年轻人的收入、完善年轻人的社会保障，包括但不限于任泽平提的其他建议给予有孩家庭购房补贴；降低生育、养育、教育成本；保障单身女性生育权说白了，得减少年轻人的后顾之忧。生育补贴、创建家庭友好型工作场所、普惠托育服务体系发展提速各地已经在构筑财政、税收、教育、保险、住房、就业、休假等多领域积极支持措施，这才“药对症”、实打实。学者提建议，最好是提到点子上，建议到关键处，搞些无关痛痒的观点，倒是吸引眼球了，能落地见效吗？任泽平建议法定婚龄降到岁,0.0010834236186348,0.9679164494088546,0.7332986049401005,0.0069496447458927
任泽平建议法定婚龄降到岁，保障单身女性生育权近日，经济学家任泽平发文指出，年结婚登记对数下降到万对，连续八年下降。另外，初婚年龄大幅推迟。年安徽省初婚平均年龄分别为男岁，女岁。他认为，结婚人数下降的原因一是年轻人数量下降，二是适婚人口男多女少，三是养育成本高，四是结婚成本高，五是社会竞争激烈、就业压力大，六是年轻一代的婚姻观念已经发生改变。任泽平建议，增加大城市住宅土地供应，给予有孩家庭购房补贴；降低生育、养育、教育成本；建立男女平等、生育友好的社会支持系统；放宽收养和送养条件；法定婚龄降到岁；保障单身女性生育权。对此你怎么看？,0.0010834236186348,0.2793185136306428,0.6462757022550374,0.0017675081537784
任泽平专家建议法定婚龄降到岁保障单身女性生育权月日，经济学家任泽平在社交平台建议法定婚龄降到岁，保障单身女性生育权，引发关注。全文如下：我国结婚率从年的上升到年的，随后逐年下降，年结婚率下降到；离婚率从年的上升到年的。年，我国结婚登记对数为万对，年结婚登记对数下降到万对，连续八年下降。另外，初婚年龄大幅推迟。年安徽省初婚平均年龄分别为男岁，女岁。结婚人数下降的原因：一是年轻人数量下降，二是适婚人口男多女少，三是养育成本高，四是结婚成本高，五是社会竞争激烈、就业压力大，六是年轻一代的婚姻观念已经发生改变。建议：增加大城市住宅土地供应，给予有孩家庭购房补贴；降低生育、养育、教育成本；建立男女平等、生育友好的社会支持系统；放宽收养和送养条件；法定婚龄降到岁；保障单身女性生育权。超低生育率以及年轻人口的迅速萎缩，已成为中国社会面临的重大挑战。要提升生育率，政府部门需出台相关政策措施鼓励年轻人结婚生育，积极出台相关政策降低年轻人的结婚生育成本。此外，社会各方也需要引导年轻人树立积极的婚恋观，共同关心适婚人群的婚姻问题，积极创造有利条件，帮助更多的单身青年走进婚姻、建立家庭。更多详细内容请查看原文网页链接,0.040808956301914,0.1378038905331333,0.4282740294634622,0.0217662835596417
专家建议法定婚龄降到岁保障单身女性生育权月日，经济学家任泽平在社交平台建议法定婚龄降到岁，保障单身女性生育权，引发关注。如何看待专家建议法定婚龄降到岁全文如下：我国结婚率从年的上升到年的，随后逐年下降，年结婚率下降到；离婚率从年的上升到年的。年，我国结婚登记对数为万对，年结婚登记对数下降到万对，连续八年下降。另外，初婚年龄大幅推迟。年安徽省初婚平均年龄分别为男岁，女岁。结婚人数下降的原因：一是年轻人数量下降，二是适婚人口男多女少，三是养育成本高，四是结婚成本高，五是社会竞争激烈、就业压力大，六是年轻一代的婚姻观念已经发生改变。建议：增加大城市住宅土地供应，给予有孩家庭购房补贴；降低生育、养育、教育成本；建立男女平等、生育友好的社会支持系统；放宽收养和送养条件；法定婚龄降到岁；保障单身女性生育权。超低生育率以及年轻人口的迅速萎缩，已成为中国社会面临的重大挑战。要提升生育率，政府部门需出台相关政策措施鼓励年轻人结婚生育，积极出台相关政策降低年轻人的结婚生育成本。此外，社会各方也需要引导年轻人树立积极的婚恋观，共同关心适婚人群的婚姻问题，积极创造有利条件，帮助更多的单身青年走进婚姻、建立家庭。对此，你怎么看？,0.4900686168291802,0.4078164958807754,0.553646734849179,1.0
任泽平建议法定婚龄降到岁，保障单身女性生育权专家建议法定婚龄降到岁近日，经济学家任泽平发文指出，年结婚登记对数下降到万对，连续八年下降。另外，初婚年龄大幅推迟。年安徽省初婚平均年龄分别为男岁，女岁。他认为，结婚人数下降的原因一是年轻人数量下降，二是适婚人口男多女少，三是养育成本高，四是结婚成本高，五是社会竞争激烈、就业压力大，六是年轻一代的婚姻观念已经发生改变。任泽平建议，增加大城市住宅土地供应，给予有孩家庭购房补贴；降低生育、养育、教育成本；建立男女平等、生育友好的社会支持系统；放宽收养和送养条件；法定婚龄降到岁；保障单身女性生育权。对此你怎么看？（视频：武兵）中国网财经的微博视频,1.0,0.120425983264603,0.6851398382709765,0.7456671282077059
淄博身边事淄博便民提示“二孩”“三孩”家庭购房有补贴，淄博市再推购房新政月日，记者从市住房和城乡建设局获悉，今起至年月日期间，“二孩”“三孩”家庭购房，享契税总额和的购房补贴；推行二手房“带押过户”我市刚需和改善购房者迎来新的购房政策利好。,0.0003611412062116,0.1983100351850786,0.7105135973135316,0.0004598748993752
淄博迎来一波购房利好政策月日起至明年月日，二孩、三孩家庭购房，可分别享受最高元、元的房价补贴；二孩及以上家庭购买首套或二套自住住房的，住房公积金可贷额度上浮；符合条件的二孩、三孩家庭，购房还可以分别享受所缴纳契税总额和的购房补贴淄博市民再次迎展开,0.0072228241242325,-0.4195563075223714,0.628407394352869,-0.0172101302647984
开始执行淄博购房新政来了月日，记者从淄博市住房和城乡建设局获悉，今起至年月日期间，“二孩”三孩”家庭购房，享契税总额和的购房补贴；推行二手房“带押过户”我市刚需和改善购房者迎来新的购房政策利好。因房子太小而不敢要“二孩”“三孩”？政府的配套措施将减少展开,0.0007222824124232,-0.0752214314776256,0.7282764372463698,-0.0003575942024752
今起执行淄博刚刚明确：购房有重大变化今起至年月日期间，“二孩”三孩”家庭购房，享契税总额和的购房补贴；二孩及以上家庭购买首套或二套自住住房的，住房公积金可贷额度上浮。享契税总额和的购房补贴；可按规定申请退还其出售现住房已缴纳的个人所得税。在二手房交易时，推行二手房资金监管和二手房“带押过户”机制。；支持群（团）购商品房多地试行二手房带押过户,0.0079451065366558,0.0786736264845623,0.5284372515850236,0.0029851619421578
国家一锤定音，刚需不要误判今年楼市，未来房价走势清晰近期关于房产税的消息又突然火了起来，主要是财政部原部长楼继伟在《新时代中国财政体系改革和未来展望》一文中称，房地产税是最适合作为地方税的税种，在经济转为正常增长后应尽快开展试点。此文一出，顿时引起了社会各界的舆论热潮，毕竟狼展开,0.0315315315315315,0.9018278812256322,0.5709730141343288,0.0293438524767581
关于未来一段时间买房的建议月日，财政部原部长楼继伟说：“房地产税是最适合作为地方税的税种，在经济转为正常增长后应尽快开展试点。”、房价的定价逻辑将发生改变、在没有房产税之前，从宏观经济角度看，房子是资产，会随着时间增值当期房价房子建筑成本远期升值折现维护成本其中建筑成本固定，维护成本可以忽略，在人口增长的前提下，远期会一直升值，所以房子会一直涨价、在有房产税后，从宏观经济角度，房子可能会变成负债，随着时间贬值当期房价房子建筑成本远期升值折现维护成本房产税其中房产税与远期升值预期是正相关的，那么就存在可能房产税与升值折现抵消的可能。所以从纯宏观经济学角度，购房应该等到房产税落地后进行，因为，那时房子的定价逻辑将发生改变，房价会经历一次大的重新调整、房子的远期升值预期将与年轻人比例正相关房子的远期升值预期的主要根源是来自于年轻人买房的需求，当年轻人减少的时候，那么房价升值预期将会减弱。、以日本为例从日本的情况可以看到，日本岁人口比例是在年到达最高，然后就持续下滑因为一代人的购房需求是在年后才爆发出来，所以日本的房价上一个高点就出现在年左右之后房价一路下跌十年直到年见底、中国情况中国的岁人口比例是在年达到最高，然后持续下滑这样正常中国房价的高峰应该出现在年前后但是新冠疫情的影响，使得中国年轻人口的下降远超预期，所以这个时间很可能会提前总体上类比日本中国房价的高点预期应该是出现在年之前，或许已经过去了、总结、房子的定价模型将在房产税落地后发生巨大改变，所以应该等待房产税落地后再进行买房、中国年轻人口比例的拐点发生在年，那么房价高点会在年前出现、按照现在的情况，房产税很大可能在年之间落地，同时那会也刚好过了房价与人口的高峰，综合最佳的买房时刻应该是在年、考虑中国各城市的发展不均衡情况，投资性购房仍需考虑目标地，年轻人口比例，应选择年轻人口流入区域，年轻人占比扩大的地方房价社会,0.018018018018018,-0.8454601168418396,0.6245017342094221,-0.0171935919398172
业内预计短期内不会推进房地产税试点建议尽快开展房地产税试点近日，财政部原部长楼继伟发表了题为《新时代中国财政体系改革和未来展望》的文章，其中指出，房地产税是最适合作为地方税的税种，在经济转为正常增长后应尽快开展试点。有市场人士认为这意味着房地产税试点的脚步将近。作为土地财政转型的方向、调节收入和财富分配的重要手段之一，房地产税的落地是大势所趋。年时，房地产税扩大试点的工作曾加速推进。不过，在房地产行业下行大势之下，出于稳地产、稳增长的考量，年初财政部曾暂缓扩大房地产税试点。多位业内人士认为，在经济发展承压的背景下，房地产税试点不会贸然推进，预计未来试点城市推行时点仍将结合房地产市场恢复情况以及宏观经济运行情况确定。,0.018018018018018,-0.3563066525555272,0.5327588497201132,-0.0061815081319961
关于未来一段时间买房的建议月日，财政部原部长楼继伟说：“房地产税是最适合作为地方税的税种，在经济转为正常增长后应尽快开展试点。”、房价的定价逻辑将发生改变、在没有房产税之前，从宏观经济角度看，房子是资产，会随着时间增值当期房价房子建筑成本远期升值折现维护成本其中建筑成本固定，维护成本可以忽略，在人口增长的前提下，远期会一直升值，所以房子会一直涨价、在有房产税后，从宏观经济角度，房子可能会变成负债，随着时间贬值当期房价房子建筑成本远期升值折现维护成本房产税其中房产税与远期升值预期是正相关的，那么就存在可能房产税与升值折现抵消的可能。所以从纯宏观经济学角度，购房应该等到房产税落地后进行，因为，那时房子的定价逻辑将发生改变，房价会经历一次大的重新调整、房子的远期升值预期将与年轻人比例正相关房子的远期升值预期的主要根源是来自于年轻人买房的需求，当年轻人减少的时候，那么房价升值预期将会减弱。、以日本为例从日本的情况可以看到，日本岁人口比例是在年到达最高，然后就持续下滑因为一代人的购房需求是在年后才爆发出来，所以日本的房价上一个高点就出现在年左右之后房价一路下跌十年直到年见底、中国情况中国的岁人口比例是在年达到最高，然后持续下滑这样正常中国房价的高峰应该出现在年前后但是新冠疫情的影响，使得中国年轻人口的下降远超预期，所以这个时间很可能会提前总体上类比日本中国房价的高点预期应该是出现在年之前，或许已经过去了、总结、房子的定价模型将在房产税落地后发生巨大改变，所以应该等待房产税落地后再进行买房、中国年轻人口比例的拐点发生在年，那么房价高点会在年前出现、按照现在的情况，房产税很大可能在年之间落地，同时那会也刚好过了房价与人口的高峰，综合最佳的买房时刻应该是在年、考虑中国各城市的发展不均衡情况，投资性购房仍需考虑目标地，年轻人口比例，应选择年轻人口流入区域，年轻人占比扩大的地方,0.4099099099099099,0.2528736232380165,0.7121324224470978,0.1334091240400172
针对财政部原部长楼继伟发表文章，建议在经济转为正常增长后，应尽快开展房地产税试点引发媒体惊呼一事。月日晚，经济学者马光远发表观点称，当前房地产开发投资和销售仍然处在下滑通道，房地产行业的风险仍然没有解除，在这种情况下，说要试点房地产税，不现实。房价之外说真话展开,1.0,-0.9690620648874612,0.5709730141343288,-1.0
财政部原部长建议尽快开展房地产税试点财政部原部长楼继伟：经济转为正常增长后应尽快开展房地产税试点近日，财政部原部长楼继伟在《比较》发表《新时代中国财政体系改革和未来展望》一文。楼继伟认为探讨财政体系的未来发展导向需要问题导向，并提出可行的选择方案。其中之一是建立适合作为地方展开,0.0045045045045045,-0.1764705882352937,0.5709730141343288,-0.0008202906587936
房产税应向“超人均刚性居住面积”的保有房出租、空置征收，而不应对城镇百姓的“刚性居住房”征收。不要总想着向中低收入百姓加税而不断扩大贫富差距。凤凰新闻楼继伟：经济转为正常增长后应尽快开展房地产税试点前财长楼继伟认为，房地产税是最适合作为地方税的税种，在经济转为正常增长后应展开,0.0045045045045045,0.9657216639151154,0.5709730141343288,0.0044889772727904
楼继伟：房地产税最适合作为地方税税种，经济正常增长后应尽快开展试点月日，中国财政部原部长楼继伟在《比较》杂志发表《新时代中国财政体系改革和未来展望》一文。楼继伟认为，探讨财政体系的未来发展需要问题导向，并提出可行的选择方案。第一，建立适合作为地方税的税种；第二，化解和抑展开,0.1846846846846846,-0.5910920796715781,1.0,-0.1972962572712241
楼继伟：房地产税最适合作为地方税税种，经济正常增长后应尽快开展试点月日，中国财政部原部长楼继伟在《比较》杂志发表《新时代中国财政体系改革和未来展望》一文。楼继伟认为，探讨财政体系的未来发展需要问题导向，并提出可行的选择方案。第一，建立适合作为地方税的税种；第二，化解和抑制展开,0.0045045045045045,-0.9512036643528357,0.5888159208260265,-0.0045596647140485
楼继伟说房产税最适合作为地方税税种，经济正常增长后应尽快开展试点近日，中国财政部原部长楼继伟在《比较》杂志发表《新时代中国财政体系改革和未来展望》一文。楼继伟认为，探讨财政体系的未来发展需要问题导向，并提出可行的选择方案。第一，建立适合作为地方税的税种；第二，化解和抑制地方展开,0.018018018018018,0.2723423589467441,0.6209149919522406,0.0055066463014693
小湘速递财政部原部长建议尽快开展房地产税试点财政部原部长楼继伟：经济转为正常增长后应尽快开展房地产税试点近日，财政部原部长楼继伟在《比较》发表《新时代中国财政体系改革和未来展望》一文。楼继伟认为探讨财政体系的未来发展导向需要问题导向，并提出可行的选择方案。其中之一是建立展开,0.018018018018018,0.1922923114576062,0.6066588275177244,0.0037987987165533
楼部长是不是吹响了房价下跌的号角楼继伟：房地产税最适合作为地方税税种，经济正常增长后应尽快开展试点月日，中国财政部原部长楼继伟在《比较》杂志发表《新时代中国财政体系改革和未来展望》一文。楼继伟认为，探讨财政体系的未来发展需要问题导向，并提出可行的选择方案。第一，建立适展开,0.1981981981981982,-0.4213741868527006,0.6023767010732443,-0.0909219244903149
楼继伟说房产税最适合作为地方税税种楼继伟：房地产税最适合作为地方税税种，经济正常增长后应尽快开展试点月日，中国财政部原部长楼继伟在《比较》杂志发表《新时代中国财政体系改革和未来展望》一文。楼继伟认为，探讨财政体系的未来发展需要问题导向，并提出可行的选择方案。第一，建立适展开,0.0225225225225225,0.75,0.5709730141343288,0.0174311764993644
楼继伟称房产税最适合作为地方税税种，经济正常增长后应尽快开展试点月日，中国财政部原部长楼继伟在《比较》杂志发表《新时代中国财政体系改革和未来展望》一文。楼继伟认为，探讨财政体系的未来发展需要问题导向，并提出可行的选择方案。第一，建立适合作为地方税的税种；第二，化解和抑制地方隐性发债；第三，真正建立事权和支出责任相适应的制度。楼继伟在文中指出，房地产税是最适合作为地方税的税种，在经济转为正常增长后应尽快开展试点。（澎湃新闻）,0.0405405405405405,0.9513951508572908,0.7000869033829722,0.0488017331935427
财政部原部长建议尽快开展房地产税试点房地产税是一种对房地产保有环节征收的税种，是地方政府的主要税源之一，也是调控房价、缩小贫富差距、促进房地产市场健康发展的重要政策工具。近日，财政部原部长楼继伟发文称，房地产税是最合适作为地方税的税种，在经济转为正常增长后应尽快开展试点。那么，房地产税的征收会对房价带来怎样的影响呢本文将从国内外房地产税征收情况来进行分析。首先，我们来看看国外的经验。根据统计，截至年世界上有个国家征收财产税，而其中最主要的组成部分是房地产税。从房地产税的总体规模来看，房地产税收入占的比重虽有上升，但仍较低。个发达国家，其房地产税占比重的平均值在左右，而个新兴国家和发展中国家的平均值仅为左右。从理论上来说，如果将房地产税看作是对消费品征收的消费税，则会使得房价上升。如果看作对资本品征收的资本税，则会导致房价下降；如果看作提高公共服务水平的受益税，则影响的方向存在不确定性。综合海外房地产税征收的实际经验，房地产税的征收能够对房价起到一定的抑制作用，但其影响程度有局限性。一是税率的高低限制了政策的有效性。当征税的强度较小时，有可能对房价并不造成影响。二是这种影响的持续时间有限，随着时间推移根据文献，在年左右，房地产税对房价的影响作用将逐渐消退。三是对房屋供给紧张的地区，其可能通过税收转嫁等方式，对房价反而形成抬升。其次，我们来看看国内的情况。目前，我国还没有全面实施个人房地产税，只在上海和重庆进行了试点。根据试点方案，上海和重庆分别采取了从价计征和从租计征两种方式。从价计征按总价的征收，从租计征按租金的征收。这两种方式都只针对高档住宅或者非普通住宅，并且设定了一定的免征或减免条件。根据相关研究，目前我国个人房地产税试点对房价并没有显著影响。一方面是因为试点范围较小；另一方面是因为试点对象较少、税率较低、免征或减免条件较多，导致房地产税的实际征收力度不够，对房价的调节作用不明显。那么，未来我国房地产税的前景如何呢？从国务院授权国家人大常委会开展试点的决定以及前不久住建部表示已经完成了全国房屋的普查和联网来看，房地产税的立法和改革已经提上了日程，预示着房地产税将逐步走向全面实施。但这并不意味着房地产税会一刀切，而是要根据各地的实际情况，采取灵活的征收方式和差别化的政策措施。既要考虑到房地产市场的供需关系和区域差异，又要考虑到地方财政的需求和社会公平的目标。综上所述，从国外经验和国内现状来看，房地产税对房价的影响并不是单一的或者确定性的，而是受到多种因素的综合作用。从长期来看，房价还是由人口、经济、产业等基本面决定，而不是由税收政策决定。比如，前几年韩国大幅提高房地产税税率，但是韩国房价仍然不断提高，这是因为货币超发，以及韩国城市集中、供地面积少导致的。而日本在征收房地产税、年内交易重税以及收取遗产税后，日本房价出现了大幅下跌。但是真正导致日本房价下跌的“广场协议”，美元对日元贬值，日元升值主动刺破了房地产泡沫。因此，我们不能寄希望于房地产税能够单独解决房价过高的问题。从年开始，中国人口出现首次减少，老龄化人口加速增长，而房屋库存量仍然居高不下，二手房挂牌量激增，这都意味着整个楼市的供需关系正在发生变化。中国一直在降低房贷利率，并下调存款准备金率，实际利率水平也在持续下降。这都是为了拖住楼市的下跌。而一旦利率上浮，加息到来，楼市就非常危险。这就类似日本的主动刺破泡沫了。但是日本加息并非自愿，而是被美国强迫加息。所以，中国大概率不会采取加息措施，反而会持续降低利率水平。因此，楼市很可能出现严重的两极分化，一二线核心区域，由于土地稀缺，新房较少，新房和次新房价格可能坚挺，但是老破小价格会持续下跌。而郊区的房价，将继续下跌，因为郊区的土地供应一直充足，库存量极大。如果你想询问楼市问题，请关注公众号磐石之心，回消息“加群”即可获得询问方式。,0.036036036036036,0.9038795529955308,0.5888159208260265,0.0346625048493497
建议尽快开展房地产税试点太扎心了，房地产税真的要来了，有多少人因为他不买房而为高房价买单呢？楼继伟表示，经济转为正常增长后，应尽快开展房地产税试点，这让很多没有买房的朋友欢声雀跃，他们觉得房价终于要暴跌了，炒房客终于要痛哭了。有多少人因为开征房地产税试点而迟迟没有买房，最终房价涨上去了，还是要为高房价买单呢？因为开征房地产税并不是今年才开始的，我记得年也在说，年也在说，现在过去了六七年不还是这个样子吗？难道你真的理解不了，房地产为何被称为夜壶吗？,0.009009009009009,-0.1727113789929539,0.5709730141343288,-0.0016056333496932
财政部原部长楼继伟：经济转为正常增长后应尽快开展房地产税试点近日，财政部原部长楼继伟在《比较》发表《新时代中国财政体系改革和未来展望》一文。楼继伟认为探讨财政体系的未来发展导向需要问题导向，并提出可行的选择方案。其中之一是建立适合作为地方税的税种。楼继伟在文中称，房地产税是最适合作为地方税的税种，在经济转为正常增长后应尽快开展试点。在建立地方税税种方面，除了房地产税适时启动试点外，楼继伟认为还可以将部分品目消费税征收环节后移，转为零售环节征收，相应地由中央税改为地方税。企业所得税和个人所得税可以继续作为中央地方共享税种。当然这两个税种本身仍有改进的空间。随着地方税体系建立起来以后，楼继伟称，可以考虑将增值税改为中央税。：第一财经日报的微博视频,0.018018018018018,0.0,0.5888159208260265,0.0
周日重要消息汇总国内新闻：财政部长刘昆：推进更高水平对外开放，进一步放宽市场准入；把支持科技创新摆在优先位置。财政部原部长楼继伟：经济转为正常增长后应尽快开展房地产税试点。国家发改委主任郑栅洁：我国将防范化解金融和房地产等领域风险。中石油大庆油田宣布，油田累计生产原油突破亿吨，占全国陆上原油总产量的。香港交易所主席史美伦：正在筹备“双柜台”模式，助力实现人民币交易港股。寒武纪交易异常波动公告：公司不直接从事人工智能最终应用产品的开发和销售。沪市两只主板注册制新股中信金属和常青科技发行价出炉。上海虹桥国际机场暂停三年的国际及港澳台地区进出港航班业务“重启”。第八批国家带量采购开标临近，医药市场酝酿新一轮“降价风暴”。财政部副部长朱忠明会见德勤全球理事会主席舒亚玟。舒亚玟表示，德勤愿意继续助力中国经济高质量发展。洪都拉斯外交部正式宣布与中国台湾断绝“外交关系”；中华人民共和国和洪都拉斯共和国建立外交关系。国际新闻：总裁：部分发达经济体出现银行危机，密切关注事态发展。美国白宫声明：拜登总统宣布密西西比州处于重大灾难状态。据美媒：美国南部和中西部的部分地区超过万人将在当天面临强风暴天气的威胁。欧洲央行执委施纳贝尔：金融动荡对市场产生显著影响，迄今为止，动荡的影响主要体现在金融公司上。北约方面表示，俄罗斯的核言论是危险且不负责任的，将保持警惕，并继续密切监视局势。道达尔能源公司发言人：该公司法国炼油厂和仓库的运营人员周日举行罢工。德国航空和铁路服务周一将由于工人罢工而陷入停顿，德国工人效仿法国和英国工人。据日本共同社：日本计划与国家就加密货币监管问题进行协调，并将其作为月广岛峰会的议题。俄罗斯公司：已推出了功能类似于的俄语人工智能程序，，经测试已可商用。,0.054054054054054,0.9815844247422368,0.6036113889304643,0.0578823533402598
市场传德意志银行要暴雷，周五欧股收跌。人民日报：人工智能产业化应用加速，点名华为盘古，浪潮信息等。证监会首次支持消费基础设施。财政部原部长楼继伟称：经济转为正常增长后应尽快开展房地产税试点。洪都拉斯与台湾断交。电池级碳酸锂继续下跌元，周五报万吨。“打新”新时代，主展开,0.009009009009009,0.0,0.5888159208260265,0.0
财政部原部长楼继伟：经济转为正常增长后应尽快开展房地产税试点近日，财政部原部长楼继伟在《比较》发表《新时代中国财政体系改革和未来展望》一文。楼继伟认为探讨财政体系的未来发展导向需要问题导向，并提出可行的选择方案。其中之一是建立适合作为地方税的税种。楼继伟在文中称，房地产税是展开,0.018018018018018,0.3944144440334325,0.5888159208260265,0.0075626185666299
股票计划隔夜欧美股市涨跌互见，英国，众多银行股跳水；美股反弹，纳指低开高走。盘后消息：证监会发布《关于进一步推进基础设施领域不动产投资信托基金（）常态化发行相关工作的通知》；财政部原部长楼继伟：经济转为正常增长后应尽快开展房地产税试点展开,0.009009009009009,0.0729557859738163,0.5709730141343288,0.0006782427637117
房产税财政部原部长楼继伟日在《比较》发表文章《新时代中国财政体系改革和未来展望》。楼继伟在文中称，房地产税是最适合作为地方税的税种，在经济转为正常增长后应尽快开展试点。,0.0045045045045045,-0.1237225014260763,0.5709730141343288,-0.0005751010024802
原财政部长在发表的一篇文章中提到，在经济转为正常增长后应尽快试点房产税。感觉这话说得有点时间点不对，去年的时候我国房地产市场经历了一次怎样的历程，大家应该是有所记忆的，以至于国家出台了大量的保交楼政策，核心是房地产不能出现风险，将房地产依然作为经济的重要支柱，之后在银行降低首套房贷利率的情形下，房市销量逐步上升，以至于一些地区的房价也出现了回暖的现象，我们可以试想一下，如果没有去年政策上的保交楼，会有如今的平稳情形吗？如今的房地产跟过去已经完全判若两样了，市场的需求整体是在萎缩的，大家的购买力变小了，中国经济目前外部需求减少、在逐步的向内需转型，这个过程房地产作为重要支柱如果平稳运行可以起到对经济转型中的过渡作用，如果在接下来经济正常增长后就直接房产税试点，我想这对楼市来说，会面临第二次考验的。我说这话的意思是，尽管政策上积极的鼓励房地产健康发展，然而现在好像还没有恢复到正常的健康发展状态，所以此时火急火燎的提及房产税确实有点早了，应该让市场信心再恢复一下，根据市场供给与需求的关系再行论证即可。楼继伟：应尽快开展房地产税试点,0.009009009009009,-0.2879713721393397,0.5709730141343288,-0.0026771625677466
瑞达利欧：世界正处于“危险的边缘”，可能会面临三个“地震式”的剧变。三个剧变分别是，一是巨额债务的货币化，即各国央行通过印钞，发行货币来购买这些债务，二是财富和价值观的鸿沟引发的巨大内部冲突，三是国际大国的冲突。现在这三种因素都在以年年以来最大的程度出现财政部原部长楼继伟：房地产税是最适合作为地方税的税种，在经济转为正常增长后应尽快开展试点。除了房地产税适时启动试点外，还可以将部分品目消费税征收环节后移，相应地由中央税改为地方税。企业所得税和个人所得税可以继续作为中央地方共享税种。中华人民共和国和洪都拉斯共和国，兹决定自公报签署之日起相互承认并建立大使级外交关系。洪都拉斯共和国政府即日断绝同台湾的“外交关系”，并承诺不再同台湾发生任何官方关系，不进行任何官方往来。美股：上周五，道指收涨，报点，周涨；标普收涨，报点，周涨；纳指收涨，报点，周涨。欧洲：上周五，德国收跌，报点，周涨；法国收跌，报点，周涨；英国富时收跌，报点，周涨。黄金：上周五，月黄金期货收跌，报美元盎司，周涨。原油：上周五，原油期货收跌，报美元桶，周涨；布伦特原油期货收跌，报美元桶，周涨。日中经济协会理事长伊泽正：两国企业的经贸合作前景是积极乐观的。当前，国际上“单边主义”的蔓延正在阻碍世界经济。日本企业虽然受到中美摩擦的影响，但大部分并不希望同中国“脱钩”。期货修道院的微博视频,0.036036036036036,0.9998967311337212,0.6245017342094221,0.040668544936902
每日新闻每日新闻秒年月日星期一农历闰二月初六、中电联：若出现长时段大范围极端高温天气，年全国最高用电负荷可能比去年增加近亿千瓦。、月日凌晨一颗直径米的小行星近距离掠过地球，离地球最近时距离不及月球到地球的一半。、北京动物园：大熊猫“萌兰”运动场周边区域限流参观。、人工智能“进军”电影界：美国编剧公会将允许编写剧本。、武汉：月日开始分批次发放价值万元体育消费券。、成都：一高校教授挑战独木舟无动力横渡大西洋，全程公里，历时天顺利到达。、工信部：今年力争全国专精特新中小企业数量超过万家。、日，成都至自贡至宜宾高铁全线桥梁架设完成，预计年底通车。、财政部原部长楼继伟：经济转为正常增长后应尽快开展房地产税试点。、香港旅游发展局：内地访港旅客量已恢复至疫情前，周末单日访港人数达万人次。、国家癌症中心：我国每年新发癌症约万例，我国总体癌症五年生存率。、报告称年岁婴幼儿去年平均每天观看屏幕时间为分钟，较上年增加分钟。,0.009009009009009,0.999997262865718,0.5709730141343288,0.0092966020202099
、当地日，洪都拉斯正式宣布与台湾断交，承认世界上只有一个中国。台媒：台外事部门紧急发出记者会通知；、中央气象台：预计日起，南方新一轮强降雨即将上线，北方大部气温狂飙；、年内蒙古鄂尔多斯人均突破万：接近全国水平倍，远超北京上海；、北京市医保局：月日起北京种植牙将大幅降价；南京十家网约车平台签署行业自律公约：司机服务差可能被全网封禁；、财政部原部长楼继伟：经济转为正常增长后应尽快开展房地产税试点；、日晚，上海一路公交车冲入河中，官方：涉事司机被救出，疑突发疾病，事发时车上无乘客；、公积金新政成各地促楼市标配：贷款额度提至百万元，多孩家庭可再上浮，多地下调公积金首付比例；、巴西总统府：卢拉因流感引发肺炎推迟访华，希望重新安排日程。外交部回应：理解，尊重，祝卢拉总统早日康复；、日媒：日本一名多岁男子在北京被捕，系知名日企高管，或涉间谍活动，日本政府一直寻求中方立即释放他，除这名男子外，自年来，至少名日本国民因涉嫌参与间谍活动被捕；、外媒：当地日晚，两艘偷渡船在突尼斯海域沉没，至少人遇难；、法国宣布：禁止政府人员手机上使用和推特等娱乐应用；、外媒：强风暴袭击美国已致人死数十人受伤，拜登批准密西西比州进入重大灾难状态；、美媒：预测自己将被捕一周后，特朗普改口称检方已撤销起诉；特朗普：美国面临的最大威胁不是中俄，而是佩洛西、拜登等高级政客；、美联储：美国储户大量从银行提取存款，美国银行存款一周流失近千亿美元；总裁：部分发达经济体出现银行危机，密切关注事态发展。今年中国对世界经济增长的贡献率或将超过；、普京：应白俄总统卢卡申科的要求，俄罗斯将在白俄罗斯部署战术核武器，将从月日开始训练人员，月日前完成储存设施建设。乌外交部：呼吁联合国安理会就此召开紧急会议；微语命虽由天定，但埋怨，只是一种懦弱的表现；努力，才是人生的态度,0.009009009009009,-0.051163796101556,0.5709730141343288,-0.0004756507521193
两部门放大招，全面推进房产“带押过户”，释放什么信号？房地产带押过户北京正式启动存量住房交易带押过户刘光宇的微博视频,0.0048780487804878,0.9998556463433704,0.5747281630111805,0.0256799024514531
目前我国家庭户人均居住面积达平方米，平均每户住房间数为间，平均每户居住面积达到平方米。这一数据涵盖城乡，其中城市家庭人均居住面积为平方米。城市家庭户均居住面积平方米你家达到了吗？中国目前城镇住房套户比为，一线、二线、三四线城市分别为、、，可以告诉大家的是中国现在肯定不缺房子了，但是现在和未来还是会缺高品质的花园式小区房，因为大家都想住好的中国以后会越来越发达，所以新建小区的品质会越来越精美，在人口下滑的情况下，如果你现在购买老破小，我觉得是有风险的。反正我是建议大家购买那些小区环境、户型设计、面积大小都比较合适的房子，而且价格也能太贵，位置可以偏一些，但是周边环境就算不发达，那一定得优美才可以。比如可以去郊区的湖边、河边、大公园边淘下宝房地产我国将全面推进房产带押过户,0.0414634146341463,0.914843280299174,0.5777690527625623,0.2007767829012284
购房新政，房产“带押过户”有好处，也有风险购房新政，房产可以“带押过户”了，该模式是对《民法典》第四百零六条规定的落地和实施。根据该规定，“抵押期间，抵押人可以转让抵押财产。当事人另有约定的，按照其约定。抵押财产转让的，抵押权不受影响。”带押过户的模式，好处是缩短了房产交易流程，买家不用担心买了带抵押的房子无法过户了，卖家不用担心先凑钱还贷后卖房，银行也不用担心借款人还不了钱。但是，这个模式刚刚实施，实践操作还不那么完善，可能存在以下风险：、原贷款银行、新贷款银行、公积金中心、房管局等多方的配合才能实现，需要跨行合作互认、多部门合作。、目前旧贷与新贷之间不能使用公积金贷款，只能是商业贷款。、产权过户后，发现原产权存在争议，导致新贷落空等。因此“带押过户”虽然便捷，但是购房人在购房之前还是有必要调查了解房屋产权是否存在查封等纠纷情况，避免不必要的麻烦。,0.0195121951219512,-0.2246970224115473,0.586891722016708,-0.0235726756064807
成都买房超话全面推行带押过户的影响,0.0536585365853658,0.71393388173448,0.6280373295303882,0.2204092027399024
银行允许带押过户，有利于二手房产交易，市场损失一笔过桥费，中介公司想哭。,0.2878048780487804,0.3515876389298507,0.5452376096413253,0.5054346384832296
深圳楼市房地产带押过户最新明确我国将全面推进房产“带押过户”模式日，自然资源部、中国银保监会印发《关于协同做好不动产“带押过户”便民利企服务的通知》，对协同做好不动产“带押过户”作出全面部署。不动产“带押过户”是指，已经抵押的不动产买卖转移时，不需要提前归还旧贷款、注销抵押权，即可完成过户、再次抵押和发放新贷款等手续，实现不动产登记和抵押贷款的有效衔接。两部门明确，各地要在已有工作的基础上，以“三个拓展”全面推进“带押过户”：推动省会城市、计划单列市率先实现，并逐步向其他市县拓展；推动同一银行业金融机构率先实现，并逐步向跨银行业金融机构拓展；推动住宅类不动产率先实现，并逐步向工业、商业等类型不动产拓展，最终实现地域范围、金融机构和不动产类型“带押过户”全覆盖。两部门要求各地结合本地实际，确定适宜的办理模式。尤其是买卖双方涉及不同贷款方的业务，鼓励各地积极引入预告登记，防止“一房二卖”，防范抵押权悬空等风险，维护各方当事人合法权益，保障金融安全。北京已启动存量住房交易“带押过户”模式据了解，目前，全国共有个省份多个地市开展了不动产“带押过户”，共办理业务万多笔。今天（日），北京银保监局、人民银行营业管理部、北京市规划和自然资源委、北京市住房和城乡建设委联合发布通知，正式在北京市启动存量住房“带押过户”模式。通知明确，从月日起，居民出售在京住房，买卖双方可以在原按揭贷款抵押权不解除的情况下办理住房所有权转移登记，以切实提升居民住房交易、登记和金融服务水平。据介绍，北京的二手房交易要想实现“带押过户”，必须满足四方面的条件。首先必须是个人名下的住房，其次是交易的房产当前在北京的银行仅存在一次有效抵押，不存在被多次抵押的情况；此外，要求卖方还没有结清的贷款为个人住房商业贷款，如果是组合贷的话，其中的公积金贷款必须是已经结清。最后要求买方是全款买房或者是申请个人住房商业贷款购房。以上内容来源：央视新闻微信公众号。据了解深圳“带押过户”必须满足四个条件房子是个人产权，公司产权不行；只能有一次抵押，二抵的不行；房子是商业按揭贷款，经营贷不行，组合贷必须还清公积金部分；买方必须是全款或者纯商贷。,0.0048780487804878,-0.6664557621928102,0.5716872732597985,-0.0170264237774744
发布了头条文章：《北京启动二手房“带押过户”，有利于提高交易效率、提振市场》赵秀池超话房地产金融北京正式启动存量住房交易带押过户,0.0024390243902439,0.9999575436171508,0.5716872732597985,0.0127733165972555
网友认为带押过户，可为炒房客解套，利好炒房利益集团。,0.0097560975609756,-0.224258818734516,0.5716872732597985,-0.0114586020564858
事关房产过户，最新明确来源：央视新闻日，自然资源部、中国银保监会印发《关于协同做好不动产“带押过户”便民利企服务的通知》，对协同做好不动产“带押过户”作出全面部署。不动产“带押过户”是指，已经抵押的不动产买卖转移时，不需要提前归还旧贷款、注销抵押权，即可完成过户、再次抵押和发放新贷款等手续，实现不动产登记和抵押贷款的有效衔接。两部门明确，各地要在已有工作的基础上，以“三个拓展”全面推进“带押过户”：推动省会城市、计划单列市率先实现，并逐步向其他市县拓展；推动同一银行业金融机构率先实现，并逐步向跨银行业金融机构拓展；推动住宅类不动产率先实现，并逐步向工业、商业等类型不动产拓展，最终实现地域范围、金融机构和不动产类型“带押过户”全覆盖。两部门要求各地结合本地实际，确定适宜的办理模式。尤其是买卖双方涉及不同贷款方的业务，鼓励各地积极引入预告登记，防止“一房二卖”，防范抵押权悬空等风险，维护各方当事人合法权益，保障金融安全。北京已启动存量住房交易“带押过户”模式据了解，目前，全国共有个省份多个地市开展了不动产“带押过户”，共办理业务万多笔。今天（日），北京银保监局、人民银行营业管理部、北京市规划和自然资源委、北京市住房和城乡建设委联合发布通知，正式在北京市启动存量住房“带押过户”模式。通知明确，从月日起，居民出售在京住房，买卖双方可以在原按揭贷款抵押权不解除的情况下办理住房所有权转移登记，以切实提升居民住房交易、登记和金融服务水平。据介绍，北京的二手房交易要想实现“带押过户”，必须满足四方面的条件。首先必须是个人名下的住房，其次是交易的房产当前在北京的银行仅存在一次有效抵押，不存在被多次抵押的情况；此外，要求卖方还没有结清的贷款为个人住房商业贷款，如果是组合贷的话，其中的公积金贷款必须是已经结清。最后要求买方是全款买房或者是申请个人住房商业贷款购房。制片人王兴栋主编孙雪总台央视记者王雷张道峰,0.2829268292682926,0.2574931014047128,0.3882326929176755,0.2591070818688495
月日，两部门明确：全面推进不动产“带押过户”。房产带押过户（来源：中国经济网）黑龙江网的微博视频,0.0048780487804878,0.2314444974349981,0.7294667577658156,0.0075447690912676
房屋符合这个条件才可以带押过户带押过户为房屋买卖双方带来哪些实惠据介绍，北京的二手房交易要想实现“带押过户”，必须满足四方面的条件。必须是个人名下的住房。交易的房产当前在北京的银行仅存在一次有效抵押，不存在被多次抵押的情况。要求卖方还没有结清的贷款为个人住房商业贷款，如果是组合贷的话，其中的公积金贷款必须是已经结清。要求买方是全款买房或者是申请个人住房商业贷款购房。无需提前还贷就可以进行房屋买卖，房子可以在短时间内变现，对于房主来说真是省了不少事儿。当然，“带押过户”最大的好处是可以让买卖双方省钱。央视网的微博视频央视网,0.0756097560975609,0.7127918355188687,0.7244302199413805,0.3576716849640733
不动产“带押过户”，能带来哪些便利网页链接,0.0024390243902439,-0.2923647689977373,0.5716872732597985,-0.0037346263150162
买房卖房大消息两部门明确：这件事将全面推进房产带押过户房产带押过户是什么意思不愧是影帝的微博视频,0.0024390243902439,0.8779980459985688,0.5716872732597985,0.0112154231796117
中介可能会少赚一笔，对于买卖双方确实省钱了。,0.1878048780487805,-0.4885697862921611,1.0,-0.8405836198659313
解读：将全面推进房产“带押过户”。此事，还要从年的涨价去库存说起，当年抢到房地产卖家最后一捧的举债买家，如今就像进入了另一个悲惨的世界，大批买家因债务过于沉重陷入困境，随时面临断供法拍的风险。推进房产“带押过户”。就是可以在卖家按揭房产未完全解押期间，卖家如想卖出手上带押房产，就可以与买家协商一个价格成交。这里注意：这个价格可能是由卖家支付给买家几十万现金才会成交（对，你没有看错），再由买家接手卖家剩余的房贷余额及利息，后可经相关部门合法将房产“带押过户”。第一个问题：为什么现在要适时推出房产“带押过户”？答案二个：简单的说就是，救银行、保房价。先说救银行，假设（只是假设），全国已有千万套以上房贷断供，接下来不得不进入法拍程序，最终成交价预估在折以下。举一现实中案例，一套万的房产断供法拍，供房者首付万加上前年还款已亏光，（本金和利息算法），在未来年，还欠银行万外加利息。最终，法拍价万（市场价万），断供者仍倒欠银行几十万（简述）。如此，千万套断供砸下来，最终就是打死这些断供者，也再拿不出钱来偿还剩余的银行欠款，成为暴增的银行坏帐，这不是银行的巨大损失吗？所以，推出房产“带押过户”，在市场上找一个接债侠接过这个已被抽干血的人偶的债务继续吸血，也可理解为寻找替死鬼。再说保房价，还是上例，一套万的房产，年后市场价万，法拍价万。还是千万套法拍房砸下来，不光银行是亏钱的，市场价格也会被快速拉向底部，如此恶性循环，将有更多的供房者断供，当更多便宜的法拍房涌向市场。结果就是，高房价再也无法被人为托举，必呈崩盘溃败之势。所以，适时推出房产“带押过户”，也是在保房价。第二个问题：断供接盘侠与下家的接债侠的利弊得失及风险？上面已经谈到接盘侠被迫断供进入法拍程序的弊端，如果实现房产“带押过户”自救成功，好处在于接盘侠找到接债侠迅速接走其债务，则规避了法拍的不利结果，虽然亏掉首付及前年的供房款，但彻底甩掉了身上的负债。反之，对于接债侠来说，在首付都凑不够的穷困下，先前根本不具备买房的资格，现在相当于零首付或负首付，就能接到一个次高价位的按揭房，在其信仰的房价继续上涨或根本就跌不动的信仰支撑下，这岂不是一个天大的举债买房子的好机会吗？结语：人经常会做岀错误的决定，是因为错误的决定往往会有短期的回报。一次危机的解除，必有人要付出代价彼之蜜糖，吾之砒霜。这句话你懂吗？房产“带押过户”，确实给了断供者一条活路，但付出的代价也是巨大的，最终也是一无所有。至于下家的接债者，是乘人之危捡了个便宜，还是自行服用了一包毒药，杀身成仁做了替死鬼，结局还要因人而异。而银行在整个房产“带押过户”中，则是无风险继续谋利，任凭风浪起，稳坐钓鱼船。如此而已。,1.0,0.1731458755559092,0.6304351234246632,1.0
法治微课堂房屋符合这个条件才可以带押过户带押过户为房屋买卖双方带来哪些实惠据介绍，北京的二手房交易要想实现“带押过户”，必须满足四方面的条件。必须是个人名下的住房。交易的房产当前在北京的银行仅存在一次有效抵押，不存在被多次抵押的情况。要求卖方还没有结清的贷款为展开,0.0121951219512195,0.995832763118885,0.5747281630111805,0.0639414507193566
《“带押过户”是向好的第一步》短期看“带押过户”是为了盘活存量房资源、加快存量房流通和交易，长期看“带押过户”是依法促进房地产市场健康发展的重要过程之一，因为我国民法典第条明确规定：抵押期间，除了另有约定之外，抵押人可以转让抵押财产。也就是说“带押过户”有法可依。为什么以前没有大范围实施“带押过户”，主要原因有两个，一是部门之间信息没有互联互通互享。比如抵押人抵押房产的时候把房本上交给放贷银行，放贷银行在房本上他项权限一栏注明已抵押，但是不动产登记部门不一定知道这个房产已抵押。由此一来，不良抵押人就可以利用不动产登记部门不知情的漏洞，把已经抵押的房产全款卖给同样不知情的买房人，并且“正常”办理了房本的过户手续。这就是通常所说的“一房二卖”。以前没有大范围实施“带押过户”的第二个主要原因是各部门之间业务工作不能有效衔接。比如在存量房交易过程中，如果不动产登记部门先把卖方房本过户给买方，银行部门据此审核，可能会出现买方征信不通过，不能发放贷款的问题，此时不动产登记部门就要重新把房本过户回到原房主名下。反之，如果银行部门先审核买方征信，然后通知不动产登记部门过户，此时不动产登记部门可能会发现该房屋因为其他原因不能过户。不动产登记部门和银行部门谁先谁后，有时会产生预料不到的矛盾。再加上买卖双方不同贷款银行之间也存在着业务工作欠有效衔接的问题，因此“带押过户”难以大范围实施。现在实施的“带押过户”应该是房地产市场健康发展的第一步。无论是理论还是实践，存量房买卖双方都不能产生相互牵连的债权债务关系，卖方的抵押贷款应由市场的第三方即中介机构垫资还清，中介机构负责厘清卖方所有的包括维修基金物业费等等债权债务。买方从中介机构手上买到的是具有完全产权、没有任何债权债务的房屋，买方的贷款由买方自行负责。这种买卖双方加第三方的存量房交易体系是房地产市场健康发展的必然趋势，等到这个体系健全后，“带押过户”也就可以功成身退了。,0.0146341463414634,-0.9040152184936008,0.5747281630111805,-0.0696551228483205
房产带押过户是什么意思楼市大消息卖房不必先还清贷款，我国将全面推广不动产“带押过户”近日有一个房地产重磅新闻：我国将全面推广不动产“带押过户”，这对买房人和卖房人来说都是大利好。什么是不动产“带押过户”？即在卖房时，如果房子没有还完贷款，以前是需要卖家还清贷款才能够进行过户交易的。现在“带押过户”政策实施后，不需要还清贷款、注销抵押权就可以完成过户了，对买方来说，也不需要再次抵押等复杂的手续。过去，当卖家想要卖房子时，需要先把银行贷款还清。但是如果你手头没有这么多钱怎么办呢？有些卖房者会通过“过桥贷”来解决贷款问题。实行“带押过户”后，相当于卖方直接把贷款转到了买方手上，手续简单。“带押过户”后，卖家没还完的贷款，买家该怎么处理这部分贷款呢？以北京为例，小红买了小蓝的房子，小蓝还有万元的贷款没有还完，带押过户后，小红相当于把这万元贷款“平移”给自己了，小红既可以选择小蓝房贷所在银行办理贷款，也可以选择其他银行办理贷款。如果选择了其他银行，这两个银行间自行结算，不需要小红办理更复杂的流程。（央视财经）央视财经的微博视频,0.0048780487804878,0.4251713125700767,0.5716872732597985,0.0108621567349414
金牛普法房屋符合这个条件才可以带押过户带押过户为房屋买卖双方带来哪些实惠据介绍，北京的二手房交易要想实现“带押过户”，必须满足四方面的条件。必须是个人名下的住房。交易的房产当前在北京的银行仅存在一次有效抵押，不存在被多次抵押的情况。要求卖方还没有结清的贷款为个展开,0.0024390243902439,-0.5729045249643148,0.5716872732597985,-0.0073182015817376
多地迅速跟进带押过户政策风险点请记住在多地推广实施二手房“带押过户”实践的基础上，月日，中国自然资源部、中国银保监会发布了通知。业内人士认为，该项政策的推广落地，将进一步减少二手房交易时间，降低买卖双方交易成本，促进二手房流通。根据自然资源部、银保监会公布的数据，中国有个省份多个地市开展了“带押过户”，其中，天津、山西、山东、江苏、浙江、福建、湖北等省份已经全面开展。,0.0780487804878048,0.0,0.5838508322653262,0.0
“防风险”仍是重点，支持刚性和改善性住房需求对房地产“托而不举”的态度不变政府工作报告中强调“有效防范化解优质头部房企风险”，表述与此前中央基调一致，稳住市场主体是今年行业重要工作，防止更多房企（特别是优质房企）风险暴露，才能稳定市场预期。与此同时，尽管政府工作报告中未提及“保交楼”工作，但保交楼的重要性在此前多次会议中均有体现，预计今年“保交楼”仍是“防风险”的重要发力点。另外，本次政府工作报告中虽未提“房住不炒”，但中指研究院认为年中央对房地产的支持态度仍然是“以稳为主”“托而不举”。经过多年贯彻执行，“房住不炒”已经成为房地产行业中长期的政策基调，年以来，监管部门频繁落地房地产支持政策，各地也在积极落实因城施策，但在“房住不炒”基调下，供需两端政策均有所侧重，优质房企、合理的住房需求才是政策支持对象，热点城市需求端政策也是渐进式推进，整体来看，中央及地方对房地产“托而不举”的态度较为明确。（：中指研究院）,0.0072202166064981,0.0,0.643961917680855,0.0
今年楼市肯定比去年更好，原因有点：一，今年目标左右，想要拉经济肯定要稳住房地产二，会议明确说了，要有效防范化解优质头部房企风险，促进房地产业平稳发展，利好信息很明显了三，官方还说，要支持刚性和改善性住房需求，今年肯定会出台鼓励买房的政策四，最重要的是，很多人都没意识到展开,0.167870036101083,0.1972689904665665,0.4781564374240462,0.1039984752277402
政府工作报告首提房地产金融风险加强住房保障体系建设，城市化进入下半场丨报告解读微观两会焦点针对年的房地产工作重点，报告从保障住房需求和防范风险两方面做出了安排。年的房地产工作建议中，重点之一是加强住房保障体系建设，支持刚性和改善性住房需求，解决好新市民、青年人等住房问题。北京大学房地产法研究中心主任楼建波表示，经过多年的探索，保障性住房体系已经形成“三房两改”（公共租赁住房、共有产权住房和保障性租赁住房；棚户区改造和老旧小区改造）的格局。有效防范化解重大经济金融风险是年的重点工作之一。具体到房地产方面，政府工作报告提出，要有效防范化解优质头部房企风险，改善资产负债状况，防止无序扩张，促进房地产业平稳发展。这是房地产金融风险的相关内容首次被写进政府工作报告。华南城市研究会会长、暨南大学教授胡刚表示，近几年一些头部房企在融资方面出了问题，因此从融资上做出规范才能保持房地产行业长久健康地发展，“防止无序扩张”并不是指打压房企发展。加强住房保障体系建设，城市化进入下半场丨报告解读,0.0234657039711191,0.5686274509803919,0.6612494859407437,0.0579497698914453
房地产相比往年，今年《报告》中涉及房地产相关的内容更加精简，而往年必然提到的“房住不炒”不仅未出现在“今年政府工作建议”一栏中，今年《报告》中对于房地产还多了一些新表述。年房地产工作被定调：“加强住房保障体系建设，支持刚性和改善性住房需求，解决好新市民、青年人等住房问题。有效防范化解优质头部房企风险，改善资产负债状况，防止无序扩张，促进房地产业平稳发展。”,0.0018050541516245,0.9998556463433704,0.6396400256158828,0.0075820759374698
西安饮食从官媒的态势来看梳理了一些政策要点：，推动更多优质企业登陆科创板，，制定实施新一轮深化国有企业改革行动方案，，加快新型基础设施建设，，支持刚性和改善性住房，新能源车等消费，，有效防范化解优质头部房企风险，从这几项政策走向看，实际上就是提前给大家强调的过程替代，内需等领域，不过从进一步实施举措看，这两种都比较重要，说明目前经济复苏是头等大事刻不容缓，因此今日消费板块中天鹅股份，西安饮食等都有了不错的异动，特别是天鹅这里，感觉资金依然在运作，后面还有拉升的空间,0.0054151624548736,0.6215687999587889,0.6396400256158828,0.0141403867414811
发布了头条文章：《定了国家定调房地产，释放了大政策信号，年有哪些变局？》其核心内容主要包含两方面：有效防范化解优质头部房企风险，改善资产负债状况，防止无序扩张，促进房地产业平稳发展。加强住房保障体系建设，支持刚性和改善性住房需求，解决好新市民、青年人等住房问题。房地产有效防范化解优质头部房企风险支持刚性和改善性住房需求,0.0018050541516245,0.9998556463433704,0.6396400256158828,0.0075820759374698
今年工作建议：“有效防范化解优质头部房企风险，改善资产负债状况，防止无序扩张，促进房地产业平稳发展。加强住房保障体系建设，支持刚性和改善性住房需求，解决好新市民、青年人等住房问题。”首先，重点强调化解房地产业风险。其次，因城施策精准对症，着力改善预期、扩大有效需求。最后，中长期来看，坚守“房住不炒”定位，向新发展模式转型。“房住不炒”这一长期定位不会动摇，短期内的纾困松绑政策是对市场过热时期间今晚七点直播,0.0433212996389891,0.1155615837562218,0.4770492856303904,0.0156856735045442
、“防风险”仍是重点，未提“房住不炒”政府工作报告中对于房地产现状的描述是这样的：房地产市场风险隐患较多，一些中小金融机构风险暴露，发展仍有不少体制机制障碍。同时，政府工作报告中强调“有效防范化解优质头部房企风险”，表述与此前中央基调一致，稳住市场主体是今年行业重要工作，防止更多房企（特别是优质房企）风险暴露，才能稳定市场预期。另外，本次政府工作报告中虽未提“房住不炒”，但该政策基调应该不会变。因为即便是在过去艰难的一年里，楼市政策的出台也都是循序渐进、因城施策，“以稳为主”的态度较为明确。、更大力度支持优质房企去年底“金融条”“三支箭”先后落地，今年月监管部门继续强调支持优质房企改善资产负债表，聚焦优质房企，重点推进“资产激活”、“负债接续”、“权益补充”、“预期提升”四个方面共项工作任务。本次再次强调“有效防范化解优质头部房企风险，改善资产负债状况，防止无序扩张，促进房地产业平稳发展”。这意味着，未来针对优质房企的资金支持力度有望继续加大，前期已出台的政策亦有望加快落实，促进企业资金面继续改善。此外，这次还首次提到“防止无序扩张”，这意味着未来针对企业的监管或保持严格，更加严格地控制市场风险。表：两会政府工作报告住房相关政策取向资料来源：中指研究院综合整理、支持刚性和改善性住房需求“支持刚性和改善性住房需求”被业界广泛认为是今年政府工作报告中房地产工作有关表述的亮点。从一定程度上来看，这符合此前住建部强调需求端要“精准施策”的要求。针对不同人群，年支持刚需群体的政策力度有望延续，支持改善性住房需求的政策有望进一步优化，促进以旧换新、以小换大的住房需求释放。另外，结合人口的最新变化和全国个省区、市的政府工作报告来看，给予多孩家庭、老年家庭、人才、产业人群等更多政策侧重，也是支持刚需和改善性住房需求的政策方向。,0.0072202166064981,-0.299544717498718,0.6396400256158828,-0.0090859947755429
关于房地产有以下最新表述：、有效防范化解优质头部房企风险，改善资产负债状况，防止无序扩张，促进房地产业平稳发展。、加强住房保障体系建设，支持刚性和改善性住房需求，解决好新市民、青年人等住房问题。、把恢复和扩大消费摆在优先位置。稳定大宗消费，推动生活服务消费恢复。政府投资和政策激励要有效带动全社会投资，实施城市更新行动。今年的经济增长目标定在，比较稳健。考虑到去年疫情影响，经济全年增速仅有，的目标还是考虑了诸多不确定后，比较稳健的数字。赤字率关系到的是放水的力度。年赤字率目标为，年赤字率在，年目标定在。可见，今年财政政策会继续发力，但也不希望年出现剧烈的通胀，市场回暖后，政策可能马上就会跟上调整。最后关于楼市，表述还是非常积极。首先是防范头部房企带来的系统性风险，其次还是鼓励刚需和改善的住房需求。这两点说过很多次，不排除两会后有新的支持政策的可能。比较值得关注的是，第三点的提法，投资和政策激励要有效带动全社会投资，还提到了城市更新与消费。说的可能还是货币化棚改要加量。总体来看，年楼市还是刺激为主，但整体还是强调稳定。所以，年的楼市，依旧不会有普涨，还将以结构性行情为主。基本面好，松绑力度足的城市，优质板块今年涨幅应该会很可观，但大多数城市可能仅仅止步于回暖而已。,0.0072202166064981,-0.4897850600405158,0.6396400256158828,-0.014856494662391
只有的话，那强预期低现实版本已确定了。消费：稳定大宗消费，推动生活服务消费恢复。数字经济：提升常态化监管水平，支持平台经济发展。医疗：推进疫苗迭代升级和新药研制，切实保障群众就医用药需求。推动优质医疗资源扩容下沉和区域均衡布局金融：有效防范化解优质头部房企风险，改善资产负债状况。防范化解地方政府债务风险，优化债务期限结构。环保：推动重点领域节能降碳，持续打好蓝天、碧水、净土保卫战。制造业重点产业链：集中优质资源合力推进关键核心技术攻关。弱水总结注重经济和股市关联性强的，今年可以止盈了。觉得经济和股市相关性弱的，可以见证一下预期的魅力。,0.0216606498194945,0.9973224004952246,0.6396400256158828,0.0907543908245065
字政府工作报告极简版一、过去一年和五年工作回顾过去一年：全年国内生产总值增长全年增值税留抵退税超过万亿元脱贫人口务工规模超过万人过去五年：国内生产总值增加到万亿元，五年年均增长粮食产量连年稳定在万亿斤以上城镇新增就业年均多万人经过八年持续努力，近亿农村贫困人口实现脱贫二、今年发展主要预期目标国内生产总值增长左右城镇新增就业万人左右居民消费价格涨幅左右粮食产量保持在万亿斤以上三、对今年政府工作的建议财政：积极的财政政策要加力提效。赤字率拟按安排税费优惠：对现行减税降费、退税缓税等措施，该延续的延续，该优化的优化就业：把促进青年特别是高校毕业生就业工作摆在更加突出的位置疫情防控：推进疫苗迭代升级和新药研制，切实保障群众就医用药需求消费：稳定大宗消费，推动生活服务消费恢复政府投资：今年拟安排地方政府专项债券万亿元制造业重点产业链：集中优质资源合力推进关键核心技术攻关数字经济：提升常态化监管水平，支持平台经济发展民营经济：依法保护民营企业产权和企业家权益，鼓励支持民营经济和民营企业发展壮大引进外资：推动外资标志性项目落地建设防范化解重大经济金融风险：有效防范化解优质头部房企风险，改善资产负债状况。防范化解地方政府债务风险，优化债务期限结构乡村振兴：发展乡村特色产业，拓宽农民增收致富渠道绿色转型：推动重点领域节能降碳，持续打好蓝天、碧水、净土保卫战住房：支持刚性和改善性住房需求，解决好新市民、青年人等住房问题教育：推进义务教育优质均衡发展和城乡一体化医疗：推动优质医疗资源扩容下沉和区域均衡布局社会保障：加强养老服务保障，完善生育支持政策体系港澳发展：支持港澳发展经济、改善民生台湾问题：坚定反“独”促统，推动两岸关系和平发展，推进祖国和平统一进程政府工作报告极简版来了只有字,1.0,0.2044853374860281,0.7445825748703473,1.0
政府工作报告极简版：一、过去一年和五年工作回顾过去一年：全年国内生产总值增长全年增值税留抵退税超过万亿元脱贫人口务工规模超过万人过去五年：国内生产总值增加到万亿元，五年年均增长粮食产量连年稳定在万亿斤以上城镇新增就业年均多万人经过八年持续努力，近亿农村贫困人口实现脱贫二、今年发展主要预期目标国内生产总值增长左右城镇新增就业万人左右居民消费价格涨幅左右粮食产量保持在万亿斤以上三、对今年政府工作的建议财政：积极的财政政策要加力提效。赤字率拟按安排税费优惠：对现行减税降费、退税缓税等措施，该延续的延续，该优化的优化就业：把促进青年特别是高校毕业生就业工作摆在更加突出的位置疫情防控：推进疫苗迭代升级和新药研制，切实保障群众就医用药需求消费：稳定大宗消费，推动生活服务消费恢复政府投资：今年拟安排地方政府专项债券万亿元制造业重点产业链：集中优质资源合力推进关键核心技术攻关数字经济：提升常态化监管水平，支持平台经济发展民营经济：依法保护民营企业产权和企业家权益，鼓励支持民营经济和民营企业发展壮大引进外资：推动外资标志性项目落地建设防范化解重大经济金融风险：有效防范化解优质头部房企风险，改善资产负债状况。防范化解地方政府债务风险，优化债务期限结构乡村振兴：发展乡村特色产业，拓宽农民增收致富渠道绿色转型：推动重点领域节能降碳，持续打好蓝天、碧水、净土保卫战住房：支持刚性和改善性住房需求，解决好新市民、青年人等住房问题教育：推进义务教育优质均衡发展和城乡一体化医疗：推动优质医疗资源扩容下沉和区域均衡布局社会保障：加强养老服务保障，完善生育支持政策体系港澳发展：支持港澳发展经济、改善民生台湾问题：坚定反“独”促统，推动两岸关系和平发展，推进祖国和平统一进程新闻财经新闻全国两会两会快乐投资人李伟的主页,0.1371841155234657,0.3383283264003487,0.6135835669251583,0.1870427446860621
政府工作报告：有效防范化解重大经济金融风险深化金融体制改革，完善金融监管，压实各方责任，防止形成区域性、系统性金融风险。有效防范化解优质头部房企风险，改善资产负债状况，防止无序扩张，促进房地产业平稳发展。防范化解地方政府债务风险，优化债务期限结构，降低利息负担，遏制增量、化解存量。微观两会,0.01985559566787,0.9452695662417572,0.676542005127504,0.0833985157054776
政府工作报告：有效防范化解重大经济金融风险深化金融体制改革，完善金融监管，压实各方责任，防止形成区域性、系统性金融风险。有效防范化解优质头部房企风险，改善资产负债状况，防止无序扩张，促进房地产业平稳发展。防范化解地方政府债务风险，优化债务期限结构，降低利息负担，遏制增量、展开,0.1173285198555956,0.5454305392185267,1.0,0.4203083343670354
牡丹融媒山东这市规定：这个时间生的三孩，免费读公办高中月日，潍坊市人民政府新闻办公室组织召开优化生育政策促进人口长期均衡发展新闻发布会。市卫生健康委党组书记、主任，市中医药管理局局长张晓乙；市卫生健康委党组成员、市计生协会常务副会长亓传敬；潍坊市妇幼保健院党委书记高振忠；展开,0.0138504155124653,0.0,0.6899224450128826,0.0
潍坊依法生育的三孩读公办高中免费潍坊：年月日后依法生育的三孩免费读公办高中据潍坊发布官微消息，月日，潍坊市人民政府新闻办公室组织召开优化生育政策促进人口长期均衡发展新闻发布会。一起看发布会重点、依法生育三孩的家庭，对三孩岁期间参加“潍坊惠民保”的，给展开,0.4958448753462603,-0.0468538019673754,0.5227386849354178,-0.0603969036391224
主播说从生到养全覆盖厦门版的生育福利来了近日，厦门市印发《关于优化生育政策促进人口长期均衡发展的实施方案》，实施三孩生育政策及配套支持措施，我们一起来了解一下厦门日报的微博视频,0.0110803324099723,-0.4667201973279861,0.7712374057177063,-0.0198352115388804
江苏再次明确：这个假期延长近日江苏省总工会发出劳动法律监督提示函依法延长产假切实维护女职工特殊权益产假制度是保障女职工身心健康的重要制度，女职工生育在享受国家规定产假的基础上，还有权享受地方规定的延长产假。根据《江苏省女职工劳动保护特别规定》《江苏省工会劳动法律监督条例》《江苏省关于优化生育政策促进人口长期均衡发展实施方案》（苏发号）等有关规定，江苏省工会劳动法律监督委员会现就以下事项提醒各用人单位。符合规定生育的女职工可享受延长产假天。我国《女职工劳动保护特别规定》规定，女职工生育享受天产假，其中产前可以休假天；《江苏省关于优化生育政策促进人口长期均衡发展实施方案》规定，符合规定生育子女的女职工在享受国家规定产假的基础上延长产假天，因此，从年月日起，我省符合规定生育子女的女职工可享受的产假天数达到天。图片符合规定生育的女职工可享受延长产假的生育津贴。按照《江苏省医疗保障局关于享受生育保险待遇有关问题的通知》（苏医保发号）规定，用人单位及其职工依法参加生育保险并按时足额缴纳生育保险费，即可按规定享受生育保险待遇，生育津贴按照《江苏省职工生育保险规定》的计发标准发放；其中，符合《江苏省人口与计划生育条例》规定的，可享受延长产假的生育津贴；执行时间为年月日及以后生育的。图片用人单位不能因产假等情形侵害女职工合法权益。按照《中华人民共和国妇女权益保障法》规定，用人单位不得因结婚、怀孕、产假、哺乳等情形，降低女职工的工资和福利待遇，限制女职工晋职、晋级、评聘专业技术职称和职务，辞退女职工，单方解除劳动（聘用）合同或者服务协议。图片延长产假期间，女职工劳动合同期相应延长。按照《中华人民共和国妇女权益保障法》规定，女职工在怀孕以及依法享受产假期间，劳动（聘用）合同或者服务协议期满的，劳动（聘用）合同或者服务协议期限自动延续至产假结束。但是，用人单位依法解除、终止劳动（聘用）合同、服务协议，或者女职工依法要求解除、终止劳动（聘用）合同、服务协议的除外。图片女职工产假期满，用人单位应安排其回原岗位工作。按照《江苏省女职工劳动保护特别规定》规定，女职工产假期满恢复工作时，允许有周至周的时间逐步恢复原定额的劳动量。用人单位原则上应当安排女职工在原岗位上班，如因特殊情况需要变动的，应当与女职工协商解决。,0.0470914127423822,0.6827469173817248,0.9168987542380332,0.1466095351374024
厦门住房政策向多子女家庭倾斜二孩及以上家庭可购第套自住房近日，中共厦门市委、厦门市人民政府印发《关于优化生育政策促进人口长期均衡发展的实施方案》。据了解，其中提到，强化住房支持。加快发展保障性租赁住房，促进解决新市民、青年人等群体住房困难。进一步完善保障性住房对促进积极生育的支持措施，在配租配售保障性住房时，对符合条件且有未成年子女的家庭，可根据其未成年子女数量，在户型选择方面给予适当照顾。对符合条件且子女数量较多的家庭、计划生育特殊家庭，同等条件下可按规定适当优先予以保障；完善保障性租赁房调换政策，对因家庭人口增加、子女就学等原因需要调换保障性租赁房的，根据房源情况及时调换。住房政策向多子女家庭倾斜，在缴存城市无自有住房且租赁住房的多子女家庭，可按照实际房租支出提取住房公积金；对购买首套自住住房的多子女家庭，可给予适当提高住房公积金贷款额度等相关支持政策。加快发展长租房市场，多渠道增加长租房供应，推进租购权利均等。拥有二孩及以上的厦门市户籍家庭符合条件的，可购买第套自住商品住房。,0.0110803324099723,-0.6243114359250772,1.0,-0.034402772718599
杭州楼市杭州市场火热，这个政策短期不太可能，每天左右成交量快二周了厦门市住房政策向多子女家庭倾斜拥有二孩及以上符合条件的可购第套自住商品房财联社月日电，中共厦门市委、厦门市人民政府印发《关于优化生育政策促进人口长期均衡发展的实施方案》。其中提到，强化住房支展开,0.0360110803324099,0.2923829430069448,0.6993734374103194,0.0366215467939147
厦门住房政策向多子女家庭倾斜，拥有二孩及以上符合条件的可购第套自住商品房中共厦门市委、厦门市人民政府印发《关于优化生育政策促进人口长期均衡发展的实施方案》：强化住房支持。加快发展保障性租赁住房，促进解决新市民、青年人等群体住房困难。进一步完善保障性住房对促进积极生育的支持展开,0.0443213296398892,0.4530766731967044,0.6012339398644252,0.0600436851507621
厦门对多孩家庭强化住房支持厦门符合条件的多孩家庭可购买三套房近日，中共厦门市委、厦门市人民政府印发《关于优化生育政策促进人口长期均衡发展的实施方案》。其中提到，进一步完善保障性住房对促进积极生育的支持措施，在配租配售保障性住房时，对符合条件且有未成年子女的家庭，可根据其未成年子女数量，在户型选择方面给予适当照顾；对符合条件且子女数量较多的家庭、计划生育特殊家庭，同等条件下可按规定适当优先予以保障；完善保障性租赁房调换政策，对因家庭人口增加、子女就学等原因需要调换保障性租赁房的，根据房源情况及时调换。住房政策向多子女家庭倾斜，在缴存城市无自有住房且租赁住房的多子女家庭，可按照实际房租支出提取住房公积金；对购买首套自住住房的多子女家庭，可给予适当提高住房公积金贷款额度等相关支持政策。加快发展长租房市场，多渠道增加长租房供应，推进租购权利均等。拥有二孩及以上的我市户籍家庭符合条件的，可购买第套自住商品住房。（厦门日报）集美融媒的微博视频,0.002770083102493,0.7788342545309672,0.680471452615446,0.0073010802035094
厦门将鼓励对二三孩家庭每月发补助厦门有二孩及以上家庭可买第三套房近日，中共厦门市委、厦门市人民政府印发《关于优化生育政策促进人口长期均衡发展的实施方案》。其中提到，拥有二孩及以上的我市户籍家庭符合条件的，可购买第套自住商品住房。探索建立生育补助制度，鼓励有条件的区对生育二孩、三孩的家庭每月予以一定补助。持续开展就业性别歧视约谈工作，督促用人单位纠正歧视行为。督促用人单位依法依规落实孕产期、哺乳期女职工在工作时间、工资待遇、劳动强度等方面的特殊劳动保护（来源：厦门日报）,0.3185595567867036,0.3344465766688526,0.5856003257823347,0.3102830627690771
江苏强调落实依法延长产假江苏强调维护女职工特殊权益根据《江苏省女职工劳动保护特别规定》《江苏省工会劳动法律监督条例》《江苏省关于优化生育政策促进人口长期均衡发展实施方案》（苏发号）等有关规定，江苏省工会劳动法律监督委员会现就以下事项提醒各用人单位，内容包括：符合规定生育的女职工可享受延长产假天；符合规定生育的女职工可享受延长产假的生育津贴；用人单位不能因产假等情形侵害女职工合法权益；延长产假期间，女职工劳动合同期相应延长；女职工产假期满，用人单位应安排其回原岗位工作等。详情,1.0,-0.2628623395460416,0.7649486182366253,-1.0
厦门符合条件的多孩家庭可购三套房近日，中共厦门市委、厦门市人民政府印发《关于优化生育政策促进人口长期均衡发展的实施方案》。《方案》提出，在配租配售保障性住房时，对符合条件且有未成年子女的家庭，可根据其未成年子女数量，在户型选择方面给予适当照顾；对符合条件且子女数量较多的家庭展开,0.2742382271468144,0.0,0.7466283993975031,0.0
