文本,宏观集群密度,帖子平均情绪值,宏观集群信任度值,群体情绪指数1
北京春推会项目西嘻影业出品，伊北小说改编，杨晓培担任制片人，家庭励志剧《六姊妹》故事梗概：南方小城（安徽淮南）何家六个姊妹从世纪年代到世纪初的悲人生，新中国建立后普通百姓家庭年的生活变迁。看点：作品用年轻态、平民化视角表达了中式亲戚、邻里、人情关系，又用诸多历史细节、生活质感与家长里短彰显真实趣味；作品深刻剖析了重男轻女男女同工同酬、多子女家庭的资源争夺等年代社会痛点，更借由一个淮南小家庭展现共和国六十年的时代变迁。,0.2975609756097561,0.5009633580783712,0.5679498052650266,0.1321908675305978
拟恢复按实际房租提取北京租房提取公积金新政采纳公众意见北京市住房公积金管理中心上月发布了《关于进一步优化租房提取业务的通知（征求意见稿）》，提出申请人租住本市商品房，每人每月提取公积金金额上限由元调整为元。提取金额上限提高后，普通家庭提供发票按实际房租提取的方式被取消。月日，从北京市住房公积金管理中心获悉，该征求意见稿已结束征集意见，将采纳公众提出的建议，拟恢复上述提取方式。月日，北京市住房公积金管理中心发布《关于进一步优化租房提取业务的通知（征求意见稿）》。相比目前执行的规定，该征求意见稿主要调整了提取金额的上限。征求意见稿提出，申请人租住本市商品住房，每人每月提取公积金金额不超过元，相比目前元的提取金额上限，增加了元。按照这一征求意见稿，在提高租住商品房的提取上限后，普通家庭提供租房发票按照实际房租提取公积金的方式将被取消，增添了多子女家庭可以每月按照实际月租金全额提取的内容。北京市住房公积金管理中心表示，在意见征集过程中，针对“恢复租住商品房（提供发票）提取”的意见比较集中，且北京市住房公积金管理中心已吸收采纳这一建议。目前，征求意见稿中已增加“租住商品住房（提供发票）提取”情形。租住本市商品住房，提供租房发票并在“北京市房屋租赁管理服务平台”办理房屋租赁合同备案的，可申请此类租房提取。也就是说，租房提取公积金新政正式实施后，申请人租商品房可选择两种方式提取公积金。如果不提供发票，每人每月可以提取元。如果提供发票，则可以按照实际月租金来提取，但不能超过申请人的公积金月缴存额。据悉，在意见征集期间，北京住房公积金管理中心共收到社会各界意见建议条，除了上述意见外，也有市民提出了“提升每月元的提取额度”“可随时灵活支取住房公积金”等意见，这些意见均未被采纳。针对“提升每月元的提取额度”的建议，北京住房公积金管理中心不予采纳，其表示，从全国来看，对于非网签备案范围的租房提取，上海市公积金管理中心每户家庭最高月提取限额为元、广州住房公积金管理中心每人最高提取限额为元。北京此次将每人每月元的无房租房提取额度提高至元，家庭无房租房提取额度提高至元，此提取额度在全国住房公积金租房提取政策中已处于较高水平。另外，北京住房公积金管理中心表示，每月元的提取额度属于基本保障，如申请人认为无房租房提取额度较低，不能满足实际租房需要，还可选择“租住商品住房（提供发票）”“租住公共租赁住房”“租住保障性租赁住房”方式提取住房公积金，上述方式均可按照实际月租金提取住房公积金。,0.0536585365853658,-0.0015613590116764,0.5181308787668345,-6.777829444056672e-05
北京楼市限制政策开了点缝隙：全龄友好购房支持政策。岁以上的人迁移到项目所在地，购房享受金融优待。一区一策试点：多子女家庭和职住平衡家庭购房支持政策按“一区一策”方式由房山区试点。首都的动作大家都在看着呢。从年开始迄今，最紧跟北京市动作的是深圳，每个动作都抄作业了。这一次看看怎么抄？,0.0146341463414634,-0.0902495709275239,0.6763285024154588,-0.0013946967601899
北京拟恢复按实际房租提取公积金北京市住房公积金管理中心上月发布了《关于进一步优化租房提取业务的通知（征求意见稿）》，提出申请人租住本市商品房，每人每月提取公积金金额上限由元调整为元。提取金额上限提高后，普通家庭提供发票按实际房租提取的方式被取消。月日，记者从北京市住房公积金管理中心获悉，该征求意见稿已结束征集意见，将采纳公众提出的建议，拟恢复上述提取方式。月日，北京市住房公积金管理中心发布《关于进一步优化租房提取业务的通知（征求意见稿）》。记者注意到，相比目前执行的规定，该征求意见稿主要调整了提取金额的上限。征求意见稿提出，申请人租住本市商品住房，每人每月提取公积金金额不超过元，相比目前元的提取金额上限，增加了元。按照这一征求意见稿，在提高租住商品房的提取上限后，普通家庭提供租房发票按照实际房租提取公积金的方式将被取消，增添了多子女家庭可以每月按照实际月租金全额提取的内容。北京市住房公积金管理中心表示，在意见征集过程中，针对“恢复租住商品房（提供发票）提取”的意见比较集中，且北京市住房公积金管理中心已吸收采纳这一建议。目前，征求意见稿中已增加“租住商品住房（提供发票）提取”情形。租住本市商品住房，提供租房发票并在“北京市房屋租赁管理服务平台”办理房屋租赁合同备案的，可申请此类租房提取。也就是说，租房提取公积金新政正式实施后，申请人租商品房可选择两种方式提取公积金。如果不提供发票，每人每月可以提取元。如果提供发票，则可以按照实际月租金来提取，但不能超过申请人的公积金月缴存额。据悉，在意见征集期间，北京住房公积金管理中心共收到社会各界意见建议条，除了上述意见外，也有市民提出了“提升每月元的提取额度”“可随时灵活支取住房公积金”等意见，这些意见均未被采纳。针对“提升每月元的提取额度”的建议，北京住房公积金管理中心不予采纳，其表示，从全国来看，对于非网签备案范围的租房提取，上海市公积金管理中心每户家庭最高月提取限额为元、广州住房公积金管理中心每人最高提取限额为元。北京此次将每人每月元的无房租房提取额度提高至元，家庭无房租房提取额度提高至元，此提取额度在全国住房公积金租房提取政策中已处于较高水平。另外，北京住房公积金管理中心表示，每月元的提取额度属于基本保障，如申请人认为无房租房提取额度较低，不能满足实际租房需要，还可选择“租住商品住房（提供发票）”“租住公共租赁住房”“租住保障性租赁住房”方式提取住房公积金，上述方式均可按照实际月租金提取住房公积金。（北京日报）,0.1024390243902439,-0.0346980979608957,0.4821389567326373,-0.002675795312789
北京拟恢复按实际房租提取公积金北京市住房公积金管理中心上月发布了《关于进一步优化租房提取业务的通知（征求意见稿）》，提出申请人租住本市商品房，每人每月提取公积金金额上限由元调整为元。提取金额上限提高后，普通家庭提供发票按实际房租提取的方式被取消。月日，记者从北京市住房公积金管理中心获悉，该征求意见稿已结束征集意见，将采纳公众提出的建议，拟恢复上述提取方式。月日，北京市住房公积金管理中心发布《关于进一步优化租房提取业务的通知（征求意见稿）》。记者注意到，相比目前执行的规定，该征求意见稿主要调整了提取金额的上限。征求意见稿提出，申请人租住本市商品住房，每人每月提取公积金金额不超过元，相比目前元的提取金额上限，增加了元。按照这一征求意见稿，在提高租住商品房的提取上限后，普通家庭提供租房发票按照实际房租提取公积金的方式将被取消，增添了多子女家庭可以每月按照实际月租金全额提取的内容。北京市住房公积金管理中心表示，在意见征集过程中，针对“恢复租住商品房（提供发票）提取”的意见比较集中，且北京市住房公积金管理中心已吸收采纳这一建议。目前，征求意见稿中已增加“租住商品住房（提供发票）提取”情形。租住本市商品住房，提供租房发票并在“北京市房屋租赁管理服务平台”办理房屋租赁合同备案的，可申请此类租房提取。也就是说，租房提取公积金新政正式实施后，申请人租商品房可选择两种方式提供公积金。如果不提供发票，每人每月可以提取元。如果提供发票，则可以按照实际月租金来提取，但不能超过申请人的公积金月缴存额。据悉，在意见征集期间，北京住房公积金管理中心共收到社会各界意见建议条，除了上述意见外，也有市民提出了“提升每月元的提取额度”“可随时灵活支取住房公积金”等意见，这些意见均未被采纳。针对“提升每月元的提取额度”的建议，北京住房公积金管理中心不予采纳，其表示，从全国来看，对于非网签备案范围的租房提取，上海市公积金管理中心每户家庭最高月提取限额为元、广州住房公积金管理中心每人最高提取限额为元。北京此次将每人每月元的无房租房提取额度提高至元，家庭无房租房提取额度提高至元，此提取额度在全国住房公积金租房提取政策中已处于较高水平。另外，北京住房公积金管理中心表示，每月元的提取额度属于基本保障，如申请人认为无房租房提取额度较低，不能满足实际租房需要，还可选择“租住商品住房（提供发票）”“租住公共租赁住房”“租住保障性租赁住房”方式提取住房公积金，上述方式均可按照实际月租金提取住房公积金。（北京日报）,0.0536585365853658,-0.5075923882879042,0.8640985979059458,-0.0367474144756157
公积金租房额度能否提至每月元？北京住房公积金管理中心这样回应年月日至月日，北京住房公积金管理中心针对《关于进一步优化租房提取业务的通知（征求意见稿）》向社会公开征集意见。经统计，共收到社会各界意见建议条，主要集中在建议恢复租住商品房（提供发票）提取、提升每月元的提取额度、非多子女家庭也可按照实际月租金提取、可随时灵活支取住房公积金等方面。月日，北京青年报记者获悉，北京住房公积金管理中心将意见采纳情况进行了公开说明。针对“恢复租住商品房（提供发票）提取”的建议已采纳，在征求意见稿中增加了“租住商品住房（提供发票）提取”情形。租住北京市商品住房，提供租房发票并在“北京市房屋租赁管理服务平台”办理房屋租赁合同备案的，可申请此类租房提取。而针对“提升每月元的提取额度”的建议没有采纳，北京住房公积金管理中心解释，首先从全国来看，对于非网签备案范围的租房提取，上海市公积金管理中心每户家庭最高月提取限额为元、广州住房公积金管理中心每人最高提取限额为元。从每人每月元的无房租房提取额度提高至元，家庭无房租房提取额度提高至元，此提取额度在全国住房公积金租房提取政策中已处于较高水平。其次是每月元的提取额度属于基本保障，如认为无房租房提取额度较低，不能满足实际租房需要，租房人还可选择“租住商品住房（提供发票）”“租住公共租赁住房”“租住保障性租赁住房”方式提取住房公积金。中心着重支持租住北京市公共租赁住房及保障性租赁住房，可按照实际月租金提取住房公积金。多子女家庭新增租房也可按照实际房租提取的业务场景。此外，“可随时灵活支取住房公积金”的建议也没有被采纳，理由为：《住房公积金管理条例》第二十四条规定：“职工有下列情形之一的，可以提取职工住房公积金账户内的存储余额：（一）购买、建造、翻建、大修自住住房的；（二）离休、退休的；（三）完全丧失劳动能力，并与单位终止劳动关系的；（四）出境定居的；（五）偿还购房贷款本息的；（六）房租超出家庭工资收入的规定比例的。”所以，职工申请提取住房公积金，必须符合以上提取条件并提供合规材料，经审核通过后才能办理提取手续。版权声明本文著作权（含信息网络传播权）归属北京青年报社所有，未经授权不得转载文北京青年报记者宋霞,0.0146341463414634,0.1003116395355052,0.6666666666666666,0.0015280481018176
拟恢复按实际房租提取北京租房公积金：北京租房提取公积金新政采纳公众意见北京市住房公积金管理中心上月发布了《关于进一步优化租房提取业务的通知（征求意见稿）》，提出申请人租住本市商品房，每人每月提取公积金金额上限由元调整为元。提取金额上限提高后，普通家庭提供发票按实际房租提取的方式被取消。月日，记者从北京市住房公积金管理中心获悉，该征求意见稿已结束征集意见，将采纳公众提出的建议，拟恢复上述提取方式。月日，北京市住房公积金管理中心发布《关于进一步优化租房提取业务的通知（征求意见稿）》。记者注意到，相比目前执行的规定，该征求意见稿主要调整了提取金额的上限。征求意见稿提出，申请人租住本市商品住房，每人每月提取公积金金额不超过元，相比目前元的提取金额上限，增加了元。按照这一征求意见稿，在提高租住商品房的提取上限后，普通家庭提供租房发票按照实际房租提取公积金的方式将被取消，增添了多子女家庭可以每月按照实际月租金全额提取的内容。北京市住房公积金管理中心表示，在意见征集过程中，针对“恢复租住商品房（提供发票）提取”的意见比较集中，且北京市住房公积金管理中心已吸收采纳这一建议。目前，征求意见稿中已增加“租住商品住房（提供发票）提取”情形。租住本市商品住房，提供租房发票并在“北京市房屋租赁管理服务平台”办理房屋租赁合同备案的，可申请此类租房提取。也就是说，租房提取公积金新政正式实施后，申请人租商品房可选择两种方式提供公积金。如果不提供发票，每人每月可以提取元。如果提供发票，则可以按照实际月租金来提取，但不能超过申请人的公积金月缴存额。据悉，在意见征集期间，北京住房公积金管理中心共收到社会各界意见建议条，除了上述意见外，也有市民提出了“提升每月元的提取额度”“可随时灵活支取住房公积金”等意见，这些意见均未被采纳。针对“提升每月元的提取额度”的建议，北京住房公积金管理中心不予采纳，其表示，从全国来看，对于非网签备案范围的租房提取，上海市公积金管理中心每户家庭最高月提取限额为元、广州住房公积金管理中心每人最高提取限额为元。北京此次将每人每月元的无房租房提取额度提高至元，家庭无房租房提取额度提高至元，此提取额度在全国住房公积金租房提取政策中已处于较高水平。另外，北京住房公积金管理中心表示，每月元的提取额度属于基本保障，如申请人认为无房租房提取额度较低，不能满足实际租房需要，还可选择“租住商品住房（提供发票）”“租住公共租赁住房”“租住保障性租赁住房”方式提取住房公积金，上述方式均可按照实际月租金提取住房公积金。（北京日报）,0.024390243902439,-0.0503480297255032,0.6714975845410628,-0.0012875160166786
北京拟恢复按实际房租提取公积金北京市住房公积金管理中心上月发布了《关于进一步优化租房提取业务的通知（征求意见稿）》，提出申请人租住本市商品房，每人每月提取公积金金额上限由元调整为元。提取金额上限提高后，普通家庭提供发票按实际房租提取的方式被取消。月日，记者从北京市住房公积金管理中心获悉，该征求意见稿已结束征集意见，将采纳公众提出的建议，拟恢复上述提取方式。月日，北京市住房公积金管理中心发布《关于进一步优化租房提取业务的通知（征求意见稿）》。记者注意到，相比目前执行的规定，该征求意见稿主要调整了提取金额的上限。征求意见稿提出，申请人租住本市商品住房，每人每月提取公积金金额不超过元，相比目前元的提取金额上限，增加了元。按照这一征求意见稿，在提高租住商品房的提取上限后，普通家庭提供租房发票按照实际房租提取公积金的方式将被取消，增添了多子女家庭可以每月按照实际月租金全额提取的内容。北京市住房公积金管理中心表示，在意见征集过程中，针对“恢复租住商品房（提供发票）提取”的意见比较集中，且北京市住房公积金管理中心已吸收采纳这一建议。目前，征求意见稿中已增加“租住商品住房（提供发票）提取”情形。租住本市商品住房，提供租房发票并在“北京市房屋租赁管理服务平台”办理房屋租赁合同备案的，可申请此类租房提取。也就是说，租房提取公积金新政正式实施后，申请人租商品房可选择两种方式提取公积金。如果不提供发票，每人每月可以提取元。如果提供发票，则可以按照实际月租金来提取，但不能超过申请人的公积金月缴存额。据悉，在意见征集期间，北京住房公积金管理中心共收到社会各界意见建议条，除了上述意见外，也有市民提出了“提升每月元的提取额度”“可随时灵活支取住房公积金”等意见，这些意见均未被采纳。针对“提升每月元的提取额度”的建议，北京住房公积金管理中心不予采纳，其表示，从全国来看，对于非网签备案范围的租房提取，上海市公积金管理中心每户家庭最高月提取限额为元、广州住房公积金管理中心每人最高提取限额为元。北京此次将每人每月元的无房租房提取额度提高至元，家庭无房租房提取额度提高至元，此提取额度在全国住房公积金租房提取政策中已处于较高水平。另外，北京住房公积金管理中心表示，每月元的提取额度属于基本保障，如申请人认为无房租房提取额度较低，不能满足实际租房需要，还可选择“租住商品住房（提供发票）”“租住公共租赁住房”“租住保障性租赁住房”方式提取住房公积金，上述方式均可按照实际月租金提取住房公积金。（北京日报记者鹿杨）北京日报都视频的微博视频,1.0,0.6404576797325017,1.0,1.0
（买房的人有救了）之前河南省高级人民法院提交了一个《关于明确房企风险化解中权利顺位问题的请示》，这些请示中就设计到房屋不能交付的情况，在月日，最高人民法院做出《关于商品房消费者权利保护问题的批复》，表示支持烂尾楼业主退款。买到烂尾楼可以退款了望京奶西村富华里北京楼市超话北京买房,1.0,-0.98161174230917,,
经济日报：探索房地产业发展新模式经济日报文章指出，房地产业未来发展的大势是基本清晰的，发展新模式也须顺应大势。过去高杠杆、高负债、高周转的模式积弊已久，已行不通。我国已经从过去的大拆大建走向开发与改造并重的城市更新阶段；租购并举之下，住房租赁在解决居住问题方面将发挥更突出作用；美好居住生活不仅需要更优质的房子，还需要更好的配套和服务等。在城中村改造过程中发展住房租赁，有利于租购并举解决好城镇居民的居住问题，值得推广借鉴。在超大特大城市推进“平急两用”公共基础设施建设，有助于更好统筹发展与安全。各地应以保障性租赁住房为重点，持续推进保障性住房的规划建设。,0.0171428571428571,-0.9285785201686564,0.6042084056532466,-0.0450112433978443
经济日报：探索房地产业发展新模式月日，经济日报文章指出，房地产业未来发展的大势是基本清晰的，发展新模式也须顺应大势。过去高杠杆、高负债、高周转的模式积弊已久，已行不通。我国已经从过去的大拆大建走向开发与改造并重的城市更新阶段；租购并举之下，住房租赁在解决居住问题方面将发挥更突出作用；美好居住生活不仅需要更优质的房子，还需要更好的配套和服务等。在城中村改造过程中发展住房租赁，有利于租购并举解决好城镇居民的居住问题，值得推广借鉴。在超大特大城市推进“平急两用”公共基础设施建设，有助于更好统筹发展与安全。各地应以保障性租赁住房为重点，持续推进保障性住房的规划建设。,-0.0571428571428571,0.0494258559002722,0.5772832006658862,-0.0076302273312145
关于葛根粉的问答兼谈葛根的功效葛根是一味中药，其性略凉，味甘，有解肌退热，透疹，生津止渴，升阳止泻之功。常用于表证发热，项背强痛，麻疹不透，热病口渴，阴虚消渴，热泻热痢，脾虚泄泻。我推荐葛根粉，这是一味药食两用之品。既可补益气血以养生，又有不错的治病功效。而且，绝对安全，没有任何的毒副作用。不少人在生活中用葛根粉来作为早餐，味道甚好，且服后感觉非常舒服。以下就读者常有的一些问题作统一解答。问：脾胃不好的人能吃吗？答：能吃。葛根有和胃之功。金元时张元素在《脏脏标本用药式》中提出：大肠虚者，以葛根等升陷固脱。近代，亦中医人用葛根治疗胃下垂、便秘、胆汁分泌不良，及一般平滑肌运动不良等症者。我自己体会，每每胃肠不适时，若能冲服一碗葛根粉，即觉胃肠非常舒服。显然，葛根粉可以调畅胃肠平衡。问：葛根性凉，常服会不会伤损脾阳？答：我的观点是，完全不必担心。以大米为例，大米性偏凉，但大家吃了一辈子，也并没有出现伤损脾阳的现象。况且，大米煮成粥，还是天下第一等的补药，最能安养脾胃。同理，我认为常服葛根粉并无伤损脾阳之弊。即使是脾胃虚寒者亦可常服。当然，建议趁热温服葛根粉，最有养胃益胃功，不建议凉服。问：感冒了可以继续服葛根粉吗？答：葛根有发表解肌效果，即能治疗感冒。比如，《名医别录》谓葛根能“解肌发表”。医圣张仲景有葛根汤、桂枝加葛根汤、葛根加半夏汤，都可用于普通感冒或流行性感冒。其中无汗，身热，畏风寒者，属表实证，宜用葛根汤；外感病伴项背紧痛，出汗怕风者，属表虚证，宜用桂枝加葛根；以恶心呕吐，腹泻为主，或伴咳嗽，咯痰，胸痛者，为太阳阳明少阳合病，宜用葛根加半夏汤。问：发烧时也能喝葛根粉吗？答：能。因为葛根有清热解表作用，可用于治疗类似上呼吸道感染的病证，这在古代医籍中有大量的记载。《神农本草经》就指出葛根可以治疗“身大热”；《本草备要》谓能“治阳明头痛”。若头痛兼壮热较著者，可用《千金要方》解肌汤，即葛根汤去辛温的桂枝、生姜，加苦寒的黄芩。对表里俱热之症，《伤寒六书》推荐柴葛解肌汤（柴胡、葛根、羌活、白芷、石膏等）。凡外感发热、表证未解，里热炽盛，身恶风寒，壮热无汗，头目胀痛，周身骨痛，鼻干，唇燥，便干，舌白而糙，舌质微红，脉滑数者，皆可应用此方。上述种种，都证明葛根有解热作用。问：咳嗽或哮喘的人可以喝葛根粉吗？答：能用。不管是外感咳嗽，还是内伤咳嗽，都需要透邪外出，葛根即有发表解肌的功效。葛根能治喘症，这在古代医籍中亦屡有记载。如《伤寒论》谓：“喘而汗出者，葛根芩连汤主之”。《医宗己任编》也谓：“邪气内攻，喘而汗出者，用葛根芩连汤治疗”。《症因脉治》推荐干葛竹茹汤（干葛根、竹茹、陈皮、白茯苓、半夏、甘草），用于治疗“风寒喘逆”。《薛生白医案》介绍一病人“火升痰喘，喉间窒塞，喘促不宁，气道不利”，选用方药为紫菀、葛根、枳壳、半夏、橘红、杏仁、苏子。可见葛根用于治疗喘症的历史已久。近代药理研究亦发现，葛根有“解痉”作用，可解除支气管的痉挛。问：葛根粉适合于孩子吃吗？答：葛根粉属于药食两用之品，其性非常平和，兼能补益气血，调和肠胃，完全适合地孩子吃。问：孩子学习成绩不好，脑子不开窍，有什么办法吗？答：推荐常服葛根粉，因为葛根能升阳醒脑，有促进开脑窍的作用。现代研究发现，葛根对学习记忆障碍有明显作用，可用于治疗老年性痴呆、健忘诸症。我临床常用葛根汤治疗青少年学习成绩差，亦用于中考、高考前提高学习能力，疗效满意。问：有多种基础病的人，能喝葛根粉吗？答：能。有研究发现，葛根能使毛细血管扩张，血黏度降低，微循环改善，能软化和保护血管，并能降低人体中过高的血脂和胆固醇。大凡是基础病，往往存在着血瘀、气血不和、痰湿内滞等病机。葛根有一定的缓解作用。问：有高血压的人喝葛根粉有哪些好处？答：有学者认为，葛根对高血压导致的头痛而兼项背紧痛者，有较好的疗效。我的临床观察是，葛根亦能缓解高血压患者的头晕、头胀、耳鸣、眼花等不适症状。葛根能降血压，这是历代医家的共识。从历代中医文献来看，不少治疗类似高血压或中风等病的药方中多包括葛根。比如，《千金要方》葛根汤、四石汤，以及其后的葛根续命汤（葛根、桂枝、黄芩、防风、麻黄、杏仁、川芎、白芍、人参、甘草、防己、附子），主治范围有“眩晕困顿，气息迫急，瘛疭闷满（手足或肌肉的拘挛、颤抖及心胸不适），或卒中风，口噤，不知人”等病症，颇似高血压病或脑血管急症。我临床治疗高血压，常喜在辨证方中加一味葛根，即取其缓解血管痉挛，活血化瘀之功。问：降压药导致血压降低，也能喝葛根粉吗？答：能。现代有研究发现，葛根对血压有一定的调整作用，对药物所致的升压及降压反应，均有抑制作用，能增加心肌对氧的利用率。显然，若因过度应用降压西药导致血压过低，还可赶紧服葛根粉来调节血压平衡。从中医来分析，因为葛根有升阳之功，可以避免血压下降过低。问：有糖尿病的人能喝葛根粉吗？答：当然能。年《南京药学院学报》报告实验结果，证实葛根有降血糖作用。历代不少用于治疗类似于糖尿病的药方，其中即用到了葛根。比如，猪肾荠苨汤（猪肾、荠苨、黑大豆、石膏、人参、茯苓、知母、葛根、黄芩、磁石、天花粉、甘草）；猪肚丸（黄连、粟米、花粉、茯神、知母、麦冬、地黄、葛根）；白术散（人参、茯苓、白术、甘草、五味子、柴胡、葛根、藿香、木香）；宣明麦门冬饮子（人参、茯神、麦冬、五味子、生地、炙甘草、知母、葛根、花粉）；天花粉散（天花粉、生地、麦冬、葛根、五味子、甘草）等。我临床上常用葛根来治疗高血糖，且有显著疗效。比如，我常用葛根芩连汤。问：有心脏病的人能喝葛根粉吗？答：能。因为葛根有扩张血管，改善微循环，降低血管阻力，使血流量增加的作用，临床上常用于防治心肌缺血、心肌梗死、心律失常、高血压、动脉硬化等病症。问：冠心病患者喝葛根粉有哪些好处呢？答：葛根有轻微的活血化瘀之功，正好适合于冠心病的病机。从临床来观察，对于较频发的冠心病心绞痛，多伴见唇舌偏暗，或舌有瘀点，脉弦涩，痛而固定不移者，一般都认为有心脉阻滞，气滞血瘀。中医把活血化瘀法作为治疗的重要一环。当代医家创制了不少治疗冠心病的药方，都离不开葛根。比如，心舒二号（葛根、红花、桃仁、郁金、丹参）；融冠一号（葛根、丹皮、郁金、山楂）；冠心片（葛根、红花、川芎）；冠心二号（红花、川芎、丹参、赤芍、降香、葛根）。《上海中医药杂志》（：，年），“葛瓜舒心汤治疗冠心病例”一文，其方剂组成：葛根克，全瓜蒌克，广郁金克，泽兰克，刘寄奴克，当归克，川芎克，延胡索克，失笑散克。治疗结果：服后不仅有缓解心绞痛的效果，其它症状也都有所改善。可见，葛根配伍相应药味，对于治疗冠心病心绞痛有着广阔的前景。我的观点是，葛根粉单味应用，也有好处。冠心病患者若能常喝葛根粉，可在一定程度上缓解瘀血，能改善症状，并能改善预后。问：解酒可以用葛根粉吗？答：完全可以。《本草纲目》认为葛根有解酒毒的功效。现代研究发现，葛根能解乙醇毒性，并能迅速排泄乙醇，临床上常用葛根治疗酒后头痛、头胀、脸红等症，并能保护胃粘膜。我自己体会，若饮酒稍多，感觉头晕沉，思维不清晰时，冲点葛根粉喝，往往可以半小时之内消除酒毒，让我完全恢复到神清气爽的状态。我自认为，葛根粉可谓是每位经常外出应酬者的家庭所必备。而且既解酒，又护胃，一举两得。问：葛根粉能养颜、丰胸吗？答：可以。葛根入阳明经，而阳明经多气多血。葛根又能补益气血，可让阳明经气血旺盛起来。阳明经起于面部，向下循胸过乳房，由此说若阳明经气血旺盛，不但能美颜，还能丰胸。也有研究发现，葛根还能增强皮肤的抗损伤能力。显然，这应该于葛根补益气血，调和营卫相关。问：经常咽干的人可以喝葛根粉吗？答：能，因为葛根有生津止渴之功。葛根养阴、润喉、去燥，使人清爽舒适，适宜于所有与干燥相关的症状，包括口干、咽干、眼干等不适。《圣惠方》记载，治疗烦躁热渴，可用葛粉四两，先以水浸粟米半升，一夜漉出，拌匀，煮粥食之。问：男子阳痿、遗精也能喝葛根粉吗？答：能。有研究发现，葛根能够促进性功能，提高精液质量，增强精子活力，用于治疗肾阳虚所致的阳痿、遗精等男子性功能障碍。问：常服葛根粉还有哪些好处呢？答：《神农本草经》认为，葛根有“解诸毒”的作用。我的理解是，葛根能调畅五脏六腑的平衡，从而促进提成出五脏六腑之间积滞的阴霾浊毒。《日华子本草》谓葛根有“排脓破血”功用。今人根据葛根具有“排脓破血”功用，用于治疗若干外科感染性疾病。《本草备要》谓葛根可治“痘疹、温疟”。《大明本草》及《本草备要》都说葛根能治血痢，与张仲景在《伤寒论》中介绍的葛根芩连汤治“利遂不止”（腹泻不止），颇为一致。清代雷丰《时病论》中述及关于“风痢”的治疗经验时，也提出宜在方剂中加用葛根等药。《大明本草》认为，葛根还能治疗胸膈烦热。《圣惠方》认为，葛根还能辟瘴不染，其法，用生葛捣汁一小盏服，去热毒瓦斯也。今时有人用葛根治疗传染性肝炎，获得一定效果。儿科在治疗风疹、麻疹等病症时，也常加用葛根。由此可见，葛根的功效非常多。不但可以养生养正，还能治病。以葛根打成极细粉，其功效不失。我的观点是，葛根适合于一般人食用，尤其适宜高血压、高血脂、高血糖及偏头痛等心脑血管病患者、更年期妇女、易上火人群、久年吸烟饮酒者。另外，适合于女性滋容养颜、丰胸、中老年人日常饮食调理等。我平时即常喝葛根粉，味道清香。冲好葛根粉后若能加点蜂蜜，味道更为香甜可口。今时不少人感染了新冠病毒后，虽然已经阳康，但疫毒伤损了正气，容易出现各种后遗症状，包括乏力、胃肠不适、咳嗽、恶风等。我推荐不妨常服葛根粉，有益于促进康复。市售的不少葛根粉掺入木薯粉，但木薯有毒，其中毒症状为恶心、呕吐、腹泻、头晕，重者呼吸困难，心跳加快。我们选择中医工作室即有质量上量的纯正葛根粉，有兴趣的读者可在微信里搜索：南宁选择中医馆，或保存图片微信扫描二维码进入官方商城购买即可。,0.84,0.0012707017265038,0.5359631715993867,0.0026772582306815
盘前早评：大家早上好。上周五美国三大股指反弹，中概股以及恒生科技指数期货夜盘均是反弹。恒生科技指数短期主要压力在附近。消息方面，中央财经委员会提出把握人工智能等新科技革命浪潮。同时，拜登计划在日到日的七国集团领导人广岛峰会前后签署一项行政令，严格限制美国企业对中国部分高科技产业投资；其中，人工智能、半导体和量子技术领域可能面临全面投资禁令。自主可控时不我待。另外，中央财经委员会提出以人口高质量发展支撑中国式现代化，涉及到教育、生育率提升、托育、老龄化服务等板块。国常会的会议中两个重点，一是建设充电桩，二是支持新能源汽车下乡。上周五地产板块异动，与小作文“个特大及以上城市允许棚改，平急两用基础设施建设”的消息有关，不过在盘后住建系统相关人士进行了辟谣。不过从周五晚间国内黑色系期货价格是继续维持涨势，螺纹、铁矿、焦煤焦炭涨幅还不小，只能说明是真得跌多了，也该反弹反弹，双焦日线最低都不到，大家都看空，那就该反弹了。同时，国际油价由于美国非农数据表现不错出现反弹，预计今日强周期板块可以反弹，包括煤炭和石油。板块方面，板块整体继续回落符合预期，日线尚未金叉，因此价格可能还会有所波折。目前云计算、软件服务、通信设备板块短期恐贪值处于极度恐惧区域，支撑在下轨附近，下跌空间不大。科创芯片也一样。创新药开始从极恐区域反弹，但只有吞掉月日的大阴线才有机会转强，港股创新药也一样，但强于股，中药走势强劲，短期压力在上轨。新能源板块（光伏、新能源车）在下轨附近止跌反弹，但在中轨受阻，行情能否更进一步取决于能否站上中轨。主板这边，基建、大金融板块短期恐贪值均处于极度贪婪阶段，需要注意，保险板块在打上轨后出现回落，符合预期，要震荡休整一下。中特估短期震荡或者回调对权重指数会有影响，此时就看其他权重板块能不能顶上，比如像上周五的白酒、地产。白酒跟新能源一样，超跌反弹后受阻于中轨，说明整体趋势尚未转强。,0.2457142857142857,-0.0956747709990218,0.4178708104621011,-0.0459729403770766
昨天地产股集体猛涨，传言国家要出台利好政策，推出棚改利好和平急两用支持基建棚改政策，大家已经见识过它的威力，靠着货币化安置，拆迁分钱分房子，一波把三四线库存很很去化了一波，现在楼市疲软，很重要的原因就是大家都没钱，要么是刚需上不了车，要么是置换换不动，如果国家定向贴钱去搞，楼市肯定能被盘活，唯一的问题就是谁来出钱平急两用，是今年的新提法，是平时用作旅游、康养等功能，遇重大公共突发事件时可立即转换为应急场所的设施，能够有效补齐大城市应急能力建设短板，主要用于特大超大城市，比如北上广深、杭州、重庆、成都等地方，既然高层会议提到了，那么基建也需要花钱月底的政治局会议，关于房地产除了提到房住不炒，也提到了城中村改造和平急两用，昨天传言似乎就对应着利好政策，如果想拉动地产，再来一波棚改和万亿计划肯定是最快的，当然代价也很大，就看高层是具体怎么决策，用多大力度去推动行情，预计今年地产整体还是偏宽松，不会有加码严厉的政策，只是看放松力度到底有多大了深圳楼市深圳买房,0.2,-0.1926711710814789,0.4019522607421603,-0.0724859134769134
昨天地产股集体猛涨，传言国家要出台利好政策，推出棚改利好和平急两用支持基建棚改政策，大家已经见识过它的威力，靠着货币化安置，拆迁分钱分房子，一波把三四线库存很很去化了一波，现在楼市疲软，很重要的原因就是大家都没钱，要么是刚需上不了车，要么是置换换不动，如果国家定向贴钱去搞，楼市展开,0.1657142857142857,0.2518577996477479,0.5704529364860622,0.111421135999574
促进房地产市场平稳健康发展在超大特大城市积极稳步推进城中村改造和“平急两用”公共基础设施建设。房地产求生欲望很强，估计短期不会打呆湾了。,0.2857142857142857,-0.8946070435153353,0.6663831514411461,-0.7971144549767096
股票涨得好，全靠“作文”炒星期五，一则“个特大及以上城市允许棚改，还有平急两用基础设施建设”的消息在股票圈内，迅速流传。不少人纷纷转发，炒作起这个“利好消息”。很快，地产板块大面积翻红，其中不少房地产板块表现最为出色，创下新高股散户以身作则，将“传言即真相，发现即猛干，证实即跑路”的精神，落实到位戏剧性的一幕来了，这则消息的真实性遭到多位住建系统人士的怀疑，其中一位地方住建局官员更是对这则消息提出了质疑，表示“没听过”，并直言，这只是资金没有出路，借机炒作的嫌疑。尤其周五晚间，住建部站出来，辟谣了这则消息。但“小作文”就能掀起金钱的居然，充分说明：资金对房地产的热爱，从来没有放弃。当然，就眼下的舆论环境，辟谣也未必就代表着真相，甚至可能指向相反的方向。比如：不止个特大及以上城市允许棚改。但有一说一，地产行业的核心矛盾并不在于政策，而在于需求与老百姓的收入修复。所以，我们看到近期地产的高频数据并不好，居民就业问题更是媒体碰不得的“雷区”。这才是一个需要我们认真思考和面对的问题。,0.7028571428571428,-0.2240526917198725,0.4934652810335302,-0.363668963431595
大规模棚改重启？住建系统人士：没听说月日，一张写着“个特大及以上城市允许棚改还有平急两用基础设施建设”等字眼、没有来源出处的截图在地产圈内流传。当日，地产股大面积翻红。多位不同层级住建系统人士对此都表示没听说。（阅读原文：网页链接）,0.1314285714285714,0.1388123202964693,0.2924130625622578,0.0249658857219396
大规模棚改重启？住建系统人士：没听说据经济观察网消息，月日，一张写着“个特大及以上城市允许棚改还有平急两用基础设施建设”等字眼、没有来源出处的截图在地产圈内流传。当日，地产股大面积翻红。对于网传的“个特大及以上城市允许棚改”“平急两用基础设施建设”政策利好，多位不同层级住建系统人士表示：没听说。一位地方住建局官员对网传消息真实性存疑，“资金没有出路，有出点消息就借机炒作的嫌疑”。首先，棚改在年前后大规模启动，经历数年，已经基本谢幕，而且棚改要配合专项贷款，如果银行端不放，用处不大；其次，“平急两用”虽是新提法，但和楼市买卖没有直接关系。也有地产分析师认为，超大特大城市“平急两用”的基础设施缺口较大，或带来较大体量的投资机会。,0.0342857142857142,0.1310099926163719,0.3145067505137786,0.0066111955512989
中央政治局会议释放房地产市场新信号本报记者周雪松月日，中共中央政治局召开会议，分析研究当前经济形势和经济工作。结合会议释放的相关信号，接受中国经济时报记者采访的专家认为，预计短期房地产政策仍将保持宽松状态，稳定购房者置业信心和预期至关重要。强调建立发展新模式和保障性住房建设会议指出，要有效防范化解重点领域风险，要坚持房子是用来住的、不是用来炒的定位，因城施策，支持刚性和改善性住房需求，做好保交楼、保民生、保稳定工作，促进房地产市场平稳健康发展，推动建立房地产业发展新模式。在超大特大城市积极稳步推进城中村改造和“平急两用”公共基础设施建设。规划建设保障性住房。易居研究院研究总监严跃进在接受中国经济时报记者采访时表示，此次会议继续强调“房住不炒”的定位，既是房地产健康发展的必然要求，也和近期市场的新情况有关系。此前央行也提及了“既防冷又防热”的内容，近期部分城市学区房、房地产广告等方面又出现了炒作，所以牢牢把握“房住不炒”的总基调很关键。严跃进说，根据易居研究院最新发布的省份房地产市场报告，当前各地房地产市场复苏状态有很大的差异，这次会议继续强调“因城施策”很重要。同时，在这次会议上“保交楼”也继续被强调，各地“保交楼”工作还有欠缺，还须继续强化。民生银行首席经济学家温彬对中国经济时报记者表示，从当下来看，房地产市场反弹乏力。积压需求释放临近尾声，居民对期房信心偏弱和加杠杆能力不足，使房地产开发投资难有明显回暖。此外，会议有两处提法的变化值得关注：一是“推动建立房地产业发展新模式”，而去年底召开的中央经济工作会议是“推动房地产业向新发展模式平稳过渡”；二是“规划建设保障性住房”，而此前是“推进保障性住房建设”。这意味着下一阶段在建立发展新模式和建设保障性住房方面或将提速。严跃进认为，这次会议明确推动建立房地产业发展新模式，说明后续会持续发力，相关房企等要密切注意此类模式下的战略要点。另外，城中村、基础设施和保障房等被重点强调，这恰是在购房市场回暖过程中，各地二季度要积极开展的工作。楼市交易“南强北弱”不均衡正被修正易居房地产研究院最新发布的全国省份房地产市场研究报告指出，今年一季度全国各省份尤其是个经济大省，房地产市场总体步入复苏通道。该研究报告显示，从房屋销售价格看，普遍走出下跌空间，纷纷步入正增长区间，充分说明各地稳房价工作积极有效。同时这也说明一季度房屋销售行情提振，客观上对价格指标产生了积极影响。总体上来看，一些楼市疲软的北方省份，当前房地产市场也迎来一波较好的行情，扭转了去年“南强北弱”的不均衡性。不过，在上述个省份中，有个省份房地产开发投资额同比增速为负，个省份房屋新开工面积同比增速为负。从需求端来看，有个省份商品房销售面积同比增速为负。值得一提的是，天津楼市表现亮眼，商品房销售面积同比增速最高，达到。惠誉评级认为，我国新建商品住宅销售的可持续性回暖仍面临长期宏观挑战，尽管多数内陆及经济实力较弱省份年一季度的新建商品住宅销售面积也超过了年一季度水平，但是，相较于年前个月，多数地区月的反弹程度趋弱，或销售面积表现不佳。惠誉评级相关负责人告诉记者，经济发展与人口结构的不利因素、棚改货币化安置收缩、政策宽松空间有限或会掣肘欠发达地区房地产市场的持续复苏。严跃进认为，总体来看，一季度各地房地产市场有较好的开局和表现。但是也需要看到，楼市回稳的基础还是很薄弱，尤其是从月份各地反馈数据看，部分还有下降的风险。中指研究院市场研究总监陈文静在接受中国经济时报记者采访时表示，从市场运行情况来看，一季度全国房地产市场呈现一定修复态势，特别是热点城市市场恢复节奏较快，但月份以来，重点城市市场活跃度下行，部分城市市场降温明显，根据中指数据初步统计，月份重点城商品住宅成交面积环比下降近两成，购房者置业预期仍不稳固。今年以来房地产市场运行的好转与宏观经济类似，更多地为恢复性好转，市场内生动力仍偏弱；另外，近期“我国全面实现不动产统一登记”引发了市场对于房产税征收的猜想与关注，亦对市场预期产生了一定扰动。“整体来看，中央政治局召开的这次会议释放了积极信号，一方面宏观经济呈现回升向好态势，但内生动力不强，恢复和扩大需求仍是经济持续好转的关键，对于房地产来说，促需求也将是未来的侧重点；另一方面，这次会议为房地产市场定调，整体基调并未受一季度局部市场升温影响，短期房地产政策仍将保持宽松状态，稳定购房者置业信心和预期至关重要。”陈文静说。来源：中国经济时报,0.5371428571428571,0.2019504941051994,0.3150901814039351,0.1599565406423685
房地产新政策：要有效防范化解重点领域风险，要坚持房子是用来住的、不是用来炒的定位，因城施策，支持刚性和改善性住房需求，做好保交楼、保民生、保稳定工作，促进房地产市场平稳健康发展，推动建立房地产业发展新模式。在超大特大城市积极稳步推进城中村改造和“平急两用”公共基础设施建设。规划建设保障性住房。,0.0,0.3486429333047129,0.3586719880935397,0.0
上午地产直线拉升后漂在市场的传闻包括：、降（固收那边传了一阵子的）、传银行牵头化债、传重启棚改（原因是重庆发了一个三年棚改计划、然后就有人开始联想了会议提到的个特大及大城市旧改平急两用）本质还是已经绝对低估了，那么大一个市场，前二十强，现在的都是啥市值啊炒中特估炒的沸沸扬扬，炒的中移动都快二十倍估值，到头来一看，嗷喝原来某些地产股比起来还算便宜了，龙头市值也低的离谱，十万亿级别的市场，市值才那么点。,0.0571428571428571,0.8357487922705313,0.6042084056532466,0.1350382744208173
盘后，又有小作文说，中国将重启棚改，以及推进平急两用设施建设。住建部辟谣，说没这事儿。其实这个问题是号那个会上说的，只是稍微有些出入，原话是“在超大特大城市积极稳步推进城中村改造和“平急两用”公共基础设施建设。”至于房地产板块突然大涨的原因，不过是跌多了，然后小阳线了四天，突然拉升一次出货罢了，跟今天的小作文不沾边。另外值得说明的是，万科、保利等出四月份的销售数据了，保利不错。,0.0342857142857142,0.7340769099546319,0.7177474568959156,0.0845393366497421
辟谣的内容是：不是棚改，跟楼市没有关系。平急两用是新提法，对此没有任何评价。黑色不仅仅是棚改与房地产，钱是有了，去哪里呢？,0.04,0.0567258501206301,0.3930699160047431,0.0041739113259958
大规模棚改重启？住建系统人士：没听说财联社月日电，今日一张写着“个特大及以上城市允许棚改还有平急两用基础设施建设”等字眼、没有来源出处的截图在地产圈内流传，地产股大面积翻红。对于网传的“个特大及以上城市允许棚改”、“平急两用基础设施建设”政策利好，记者求证了多位不同层级住建系统人士，得到的反馈为：没听说。一位地方住建局官员对网传消息真实性存疑，“资金没有出路，有出点消息就借机炒作的嫌疑”。首先，棚改在年前后大规模启动，经历数年，已经基本谢幕，而且棚改要配合专项贷款，如果银行端不放，用处不大；其次，“平急两用”虽是新提法，但和楼市买卖没有直接关系。经济观察网,0.2514285714285714,0.1028865644744286,0.5205783581257629,0.0630219462262085
大规模棚改重启？住建系统人士：没听说今日一张写着“个特大及以上城市允许棚改还有平急两用基础设施建设”等字眼、没有来源出处的截图在地产圈内流传，地产股大面积翻红。对于网传的“个特大及以上城市允许棚改”、“平急两用基础设施建设”政策利好，记者求证了多位不同层级住建系统人士，得到的反馈为：没听说。一位地方住建局官员对网传消息真实性存疑，“资金没有出路，有出点消息就借机炒作的嫌疑”。首先，棚改在年前后大规模启动，经历数年，已经基本谢幕，而且棚改要配合专项贷款，如果银行端不放，用处不大；其次，“平急两用”虽是新提法，但和楼市买卖没有直接关系。经济观察网,0.08,0.7304970793151546,0.6123294863743924,0.1674657704817321
基金股票钛媒体每日收评今日港股收评：恒指涨，融创中国涨超月日收盘，恒生指数涨，报点；恒生科技指数涨，报点；国企指数涨，报点；红筹指数涨，报点；今日，南下资金净流入亿港元，其中港股通（沪）净流入亿港元，港股通（深）净流出亿港元。板块方面，大金融股继续受捧、中资券商股走强，中国银河涨、中信建投证券涨、光大证券涨，海通证券、华泰证券等涨超；教育股拉升明显，职业教育股反弹，新高教集团涨，中教控股涨，中国科培涨，中国东方教育、希望教育、中汇集团涨超；内房股回弹，融创中国涨超，龙光集团涨，合景泰富、佳兆业集团、佳兆业集团涨超，中骏集团涨，时代中国控股、绿城中国等涨超；家电股集体下跌，海信家电跌，海尔智家跌，电子跌，创维集团跌；海运股走弱，港股海丰国际跌，太平洋航运跌。消息面：、数据显示，家上市券商年一季度全部实现盈利，其中家扭亏为盈，家净利润同比实现翻倍或以上增长。券商自营业务回暖是其一季度业绩高增长的关键。展望二季度，业内人士认为，财富管理、投行等业务的环比改善值得期待。、近日，多家职业教育公司发布中期业绩，其中中教控股中期经调整净利润同比增加；中国职业教育中期税前利润同比增加约；新高教集团中期归母净利同比增长；中国科培中期溢利同比增加；中汇集团中期归母净利同比增加。、中央政治局月日召开的会议指出，在超大特大城市积极稳步推进城中村改造和“平急两用”公共基础设施建设。规划建设保障性住房。、马士基昨日公布一季度业绩，收入同比跌约至亿美元，暴跌至亿美元，胜市场预期的亿美元。公司指，首季货柜运量同比跌，运费率平均跌。全年度指引维持不变，不过公司警告，随着市场正常化，第一季度将是今年最好的季度。、欧舒丹大涨，报港元股，股价创个月新高。消息面上，欧舒丹月日公布，截至今年月底止全年销售净额亿欧元，同比增长，按固定汇率计算增长。单计第四季度，销售净额亿欧元，按固定汇率计算同比增长，可比销售增长。就地区而言，美洲为表现最佳地区，全年按固定汇率计算增长。亚太地区全年恢复增长，乃归功于旅游零售渠道及中国第四季度的状况改善。、融创中国涨，报港元股。消息面上，公司发布境外债务重组进展公告。公告显示，在经延长同意费截止日期（即截至月日下午时），占现有债务约的同意债权人已加入重组支持协议。、巨子生物巨额限售股解禁来袭，公司股价开盘一度大跌，最终收跌，报港元股。从本次解禁股份来看，上市前投资者亿股全部解禁，同时控股股东部分股份也于月日解禁。,0.0285714285714285,0.9682037343047416,0.6042084056532466,0.0782200122677423
中共中央政治局：促进房地产市场平稳健康发展，在超大特大城市积极稳步推进城中村改造和“平急两用”公共基础设施建设中共中央政治局月日召开会议，分析研究当前经济形势和经济工作。会议指出，要有效防范化解重点领域风险，统筹做好中小银行、保险和信托机构改革化险工作。要坚持房子是用来住的、不是用来炒的定位，因城施策，支持刚性和改善性住房需求，做好保交楼、保民生、保稳定工作，促进房地产市场平稳健康发展，推动建立房地产业发展新模式。在超大特大城市积极稳步推进城中村改造和“平急两用”公共基础设施建设。规划建设保障性住房。要加强地方政府债务管理，严控新增隐性债务。要继续抓好新冠疫情防控工作。（新华社）,0.0057142857142857,0.1906575061938814,0.5191467574925662,0.0026469053586994
资金没有出路，有出点消息就借机炒作的嫌疑大规模棚改重启？住建系统人士：没听说月日，一张写着“个特大及以上城市允许棚改还有平急两用基础设施建设”等字眼、没有来源出处的截图在地产圈内流传。当日，地产股大面积翻红。对于网传的“个特大及以上城市允许棚改”、“平急两用基础设施建设”政策利好，经济观察网求证了多位不同层级住建系统人士，得到的反馈为：没听说。一位地方住建局官员对网传消息真实性存疑，“资金没有出路，有出点消息就借机炒作的嫌疑”。首先，棚改在年前后大规模启动，经历数年，已经基本谢幕，而且棚改要配合专项贷款，如果银行端不放，用处不大；其次，“平急两用”虽是新提法，但和楼市买卖没有直接关系。,0.1485714285714285,0.0755853227111834,0.551559969168482,0.0289866427132108
实时快报：大规模棚改重启？住建系统人士：没听说云财经讯，一张写着“个特大及以上城市允许棚改还有平急两用基础设施建设”等字眼、没有来源出处的截图在地产圈内流传。对于网传的政策利好，多位不同层级住建系统人士反馈：没听说。（经济观察网）,0.0114285714285714,0.7304970793151546,0.6042084056532466,0.0236063912918545
基金股票钛媒体每日收评今日股收评：沪指跌，教育板块活跃截止月日收盘，沪指报点，跌，成交额为亿元（上一交易日成交额为亿元）；深成指报点，跌，成交额为亿元（上一交易日成交额为亿元）；创业板指报点，跌，成交额为亿元（上一交易日成交额为亿元）。两市全天成交额连续第个交易日突破万亿元，较上一交易日缩量亿元，超股下跌。今日，北上资金净流入亿元，其中沪股通净流入亿元，深股通净流入亿元。板块方面，教育股领涨，科德教育涨停，学大教育、国新文化涨停，美吉姆涨，全通教育涨；概念涨幅居前，星环科技涨超，万达信息涨，科大国创涨，宇信科技涨；地产股活跃，华夏幸福、中交地产、天保基建涨停，沙河股份、万通发展、金地集团涨超；券商股上涨，中国银河涨超，海通证券涨超，光大证券、中信证券、申万宏源涨超；光电共封装跌幅居前，东田微跌超，德科立、联特科技跌超，中际旭创、剑桥科技、通宇通讯跌超；手游概念股下跌，宝通科技跌超，慈文传媒、恺英网络跌超，盛天网络、星辉娱乐跌超，神州泰岳跌；新冠特效药概念股大幅回撤，众生药业跌，拓新药业跌，新华制药跌，森萱医药、前沿生物跌超。消息面：、中央政治局月日召开的会议指出，在超大特大城市积极稳步推进城中村改造和“平急两用”公共基础设施建设。规划建设保障性住房。、数据显示，家上市券商年一季度全部实现盈利，其中家扭亏为盈，家净利润同比实现翻倍或以上增长。券商自营业务回暖是其一季度业绩高增长的关键。展望二季度，业内人士认为，财富管理、投行等业务的环比改善值得期待。、月日，好未来宣布承建的智慧教育国家新一代人工智能开放创新平台正式上线云课堂。目前，好未来云课堂聚焦个智慧教育前沿领域提供课程服务，已正式上线个互联网职业方向、余门课程。、当地时间周四月日，微软公司在官网宣布了对搜索引擎必应和浏览器一系列的重磅升级，称这些举措是人工智能技术的新一轮创新。,0.0171428571428571,0.9682037343047416,0.6042084056532466,0.0469320073606453
上午房地产直线拉升后漂在市场的传闻包括：、降（固收那边传了一阵子的）、传银行牵头化债、传重启棚改（原因是重庆发了一个三年棚改计划、然后就有人开始联想了会议提到的个特大及大城市旧改平急两用）转：今天传的小作文引起了黑色一波反弹，其实在月底的会议上已经有提到，只是跌成这样，已经不关心这些了。里头有这样一段话：在超大特大城市积极稳步推进城中村改造和“平急两用”公共基础设施建设，规划建设保障性住房,0.6342857142857142,0.2553144854263687,0.4656229961599454,0.3528801379594914
午评：下午晚点有个会议，所以先提前写点东西了。这波传媒游戏影视的分歧也是昨天复盘预料到的。昨天讲了，带路和方向没有互抢流动性，是因为昨天是放量的。那么今天早上缩量行情，肯定是要跷跷板的。早上竞价很多人都去顶了秦港股份的，说明带路方向今天是有预期的。昨天的小商品城，尾盘的时候我还说了下，今天是有反包预期的。昨天尾盘还给了一只陕西建工，逻辑就是带路陕西了。因为月的会议是在西安开的。早上竞价带路，那就看两只，陕西建工和中船科技了。陕西建工的买点应该是站稳均线，中船科技的买点是早上一波拉上轴。有很多人不知道早上为什么拉了地产。这里讲下。因为有消息，个特大几以上城市允许棚改，还有平急两用的基础设施建设，含以上人口的城市。所以中交地产等地产基建方向的拉升是这个原因。方向的话，早上倒是看到中际旭创抢到红开，所以稍微观察了一下，但是这个方向开出来就往下了。那今天的是没有参与的条件的。早上证券、银行、保险都在抢资金和流动性。剑桥往下按的话，这里看二波末期的。上周五有多少股神去喊大三波呢？我前天的复盘明确说了，这里只能看反抽，而不是真正意义上的反转。为什么呢？因为你们去看上周五的龙虎榜，有多少机构入场呢？很少吧。为什么呢。因为机构会认为，方向会有更低的位置可以介入，不会去抢高。昨天传媒方向的高潮确实是预料之外的。复盘计划看的这里，因为周五很多人融资买入，昨天上午是有降杠杆降成本的需求的。但是市场承接住了，而且是放量的。只能说场外的观望和踏空资金的动手。但是大势所趋是不能违背的。昨天有个明确的信号就是中际旭创的走弱。今天早上没有往上冲，市场开始拉了创业黑马、金桥信息、汉王科技这些老龙，说明啥。说明市场没有什么可以拉的了。可以回忆下这几个月拉老龙的情况下是什么行情？去拉西安饮食了去拉英飞拓了。说明市场很混沌。所以这里不是大三波开启，只是一个反抽。忘了昨天有没有说了，这两个交易日，分歧是释放不完的，昨天没释放，那就今天来释放。半导体方向我这阵子没做了。昨天看到小漂亮还，倒是考虑先看看，硬件端的北方华创、拓荆科技、中芯国际都还不错的。但是这里，半导体这里只有技术性买点，并非是容量共振的。所以半导体目前还是持谨慎态度的。的话，下午可能还有一波恐慌杀。杀一杀应该会有资金抢修复。反抽修复，我觉得都是卖点。降降仓位吧。下午有个开仓想法的票就是上海建科了。次新带路。先这些吧。收盘复盘可能要晚点了。,0.0228571428571428,0.4651366217114341,0.5079064275941764,0.0252707769034775
政治局会议提出在超大特大城市积极稳步推进城中村改造和“平急两用”公共基础设施建设，怎么理解“平急两用”？中国国际经济交流中心副理事长杨伟民：这个范围是有限的，不要过度解读，实际上是对疫情期间我们防控措施的一个经验总结。“平急两用”这个平是说平时，急就是应急，应哪个急呢？应重大公共安全事件的急。所以平时我们要建一些设施，平时用作旅游、康养等等，因为我们超大特大城市的周边游，旅游设施实际上是不足的，重大公共事件发生的时就可以用于应急，主要是收治和防治，我觉得一方面有利于增强公共卫生防控的救助能力，另一方面也有利于缓解特大超大城市周边旅游设施不足的问题。新闻一加一的微博视频新闻一加一的微博视频,0.0171428571428571,0.2877814258285525,0.6090810540859342,0.0140622062877524
政治局会议提出在超大特大城市积极稳步推进城中村改造和“平急两用”公共基础设施建设，怎么理解“平急两用”？中国国际经济交流中心副理事长杨伟民：这个范围是有限的，不要过度解读，实际上是对疫情期间我们防控措施的一个经验总结。“平急两用”这个平是说平时，急就是应急，应哪个急呢？应重大公共安全事件的急。所以平时我们要建一些设施，平时用作旅游、康养等等，因为我们超大特大城市的周边游，旅游设施实际上是不足的，重大公共事件发生的时就可以用于应急，主要是收治和防治，我觉得一方面有利于增强公共卫生防控的救助能力，另一方面也有利于缓解特大超大城市周边旅游设施不足的问题。新闻一加一的微博视频,0.0685714285714285,-0.1578667248669216,0.6107052702301632,-0.0309384015758227
月政治局会议十大要点：五一假期对经济形势环比更加乐观。仍然强调质重于量，不走老路。房住不炒基调不变，表述与前期一致。防风险工作不能松懈。基建领域一个较新的方向：改造“平急两用”公共基础设施建设。“高质量发展”的抓手在于实体经济。短板领域加快突破主要对应国产替代、科技自立。优势领域做大做强主要对应新能源等优势产业。安全领域仍是重中之重。平台经济监管态度转暖进一步得到确认。,0.04,0.6691890569736444,0.8465418942447103,0.1060448752032187
前几天某会看点，平急两用魔都贸易新规别想野蛮生长,0.0114285714285714,0.7204295509759269,0.7726155671036803,0.0297700338074035
平急两用。这么多卖方小朋友，趁着取代之前，闲着也是闲着，赶紧写两句？这概念可是新玩意，也还不懂。卖方不表现一下岂不是浪费了就业机会？,0.0057142857142857,0.4417059187411878,0.6042084056532466,0.0071369777162614
房地产新提法：“平急两用”公共基础设施建设值得高度重视中共中央政治局月日召开会议，分析研究当前经济形势和经济工作。关于房地产有三个新提法：由“推动房地产业向新发展模式平稳过渡”改为“推动建立房地产业发展新模式”，“建制度”任务更为明确；提及“超大特大城市城中村改造”和“保障房建设”，既可视为青年人住房问题的对应解决方案，也可视为对地方财政发力承托地产建设的明确指引；提及“平急两用”公共基础设施建设，或指通过拓展居住功能，提高疫情防控相关建设项目的利用效率。其中，“平急两用”公共基础设施建设值得高度重视。月日，发改委，联合农村农业部、国家疾控局、国开行等个部门就“平急两用”设施建设召开会议。所谓“平急两用”是指，平时用作旅游、康养等，重大公共事件突发时立即转换为隔离收治设施，将“平急两用”理念融入城市整体规划，建设改造一批“平急两用”的民宿和酒店、储备一批单体大型方舱医院、升级一批应急医疗服务点。浙商证券首席经济学家李超分析，此举一方面体现统筹发展与安全的政策思路，有效促进超大特大城市“安全供给”发展，提升避灾防御能力、补齐公共卫生救治短板，从而更好应对突发紧急事件；另一方面体现城市更新更具体化的落地，不仅是提升人居环境、解决城市发展问题，更重要的是做好应对各种突发情况的全面民生保障；同时，也有助于提振地产投资及相关居住、安防等领域的需求。信达证券首席宏观分析师解运亮月日研报解读称，在超大特大城市积极稳步推进城中村改造和“平急两用”公共基础设施建设，可能带来经济新的增长点，值得高度重视。信达宏观研报指出，目前，超大城市包括上海、北京、深圳、重庆、广州、成都、天津城，特大城市包括武汉、东莞、西安、杭州等城。信达宏观指出，个超大特大城市的“平急两用”设施建设，不仅对房地产投资，乃至对整体固定资产投资，都有望带来新的增长点。（金融界网站）,0.0457142857142857,0.4417059187411878,0.6090810540859342,0.057556271905334
“要坚持房子是用来住的、不是用来炒的定位，因城施策，支持刚性和改善性住房需求，做好保交楼、保民生、保稳定工作，促进房地产市场平稳健康发展”老调重弹，会继续放松。“推动建立房地产业发展新模式”新模式说好久了也没说明白是什么。“在超大特大城市积极稳步推进城中村改造和平急两用公共基础设施建设。”这个是新内容，一个层面是通过城中村改造拉动地产，另一个可以理解为“平战”两用，结合最近对退林还耕农管的种种动作，人民币资产随时可能重新估值越来越可能发生。“规划建设保障性住房。”也是老调重弹。,0.0228571428571428,-0.0291552110996159,0.6023429953928289,-0.001878513866314
会议开完了，大家都看到了自己想看的话：炒的看到了“要重视通用人工智能发展。”炒半导体的看到了“要夯实科技自立自强根培育壮大新动能。”炒新能源的看到了“要巩固和扩大新能源汽车发展优势，加快推进充电桩、储能等设施建设和配套电网改造。”炒一带一路的看到了“要把吸引外商投资放在更加重要的位置，稳住外贸外资基本盘。要支持有条件的自贸试验区和自由贸易港对接国际高标准经贸规则，开展改革开放先行先试。”炒金融的看到了“要有效防范化解重点领域风险，保险和信托机够改革化险工作。”炒基建的看到了“在超大特大城市积极稳步推进城中村改造和平急两用”公共基础设施建设。规划建设保障性住房。”炒电力的看到了“要做好迎峰度夏电力供应保障。”炒消费的看到了“形成扩大需求的合力。要多渠道增加城乡居民收入，改善消费环境”炒文旅的看到了“促进文化旅游等服务消费。”炒互联网的看到了“要推动平台企业规范健康发展，鼓励头部平台企业探索创新。”炒农业的看到了“抓好粮食生产和重要农产品供应保障，全面推进乡村振兴。”等刺激政策的看到了“内生动力还不强，需求仍然不足，经济转型升级面临新的阻力，推动高质量发展仍需要克服不少困难挑战。”只讲重点，第一，对经济形势判断上肯定了经济稳步恢复，增长好于预期，但内生动力不强，基础不牢靠；整体政策表述延续去年经济会议表述，继续强调积极的财政政策要加力提效，稳健的货币政策要精准有力。这意味着政策暂时不会全面转向，但是也不用预期强刺激政策出台，宏观政策还是维持稳定。第二，政治局会议层面首次提及人工智能，其中强调要重视通用人工智能发展。通用人工智能（）是具有一般人类智慧，可以执行人类能够执行的任何智力任务的机器智能，意味着政策支持更高级的大模型的发展。此外，文中提到的重视防范风险，主要是目前在使用中暴露出了数据隐私泄露、生成虚假信息、数据来源的合法性等等问题。月日，国家互联网信息办公室发布《生成式人工智能服务管理办法》，提出二十一条举措，加强对人工智能的监管。相关厂商可以通过提供内容审查工具、保障数据隐私、协定数据使用范围等措施来保障安全性。第三，首次提及“平急两用”公共基础设施建设，“平急两用”公共基础设施建设主要指的是类似于疫情时期的方舱医院、隔离酒店这种，平时作为基础社区或者度假景点，遇到突发事件时可以统筹应急的场所，用以补齐公共卫生防控救治能力建设短板，比如旅游度假村，露营民宿等。第四，首次单独点名充电桩、储能等。充电桩、储能、配电网改造都是当前新能源产业相对的短板，持续的政策扶持是有必要的。充电桩层面，当前新能源汽车保有量提升过程中，车桩比仍有提升的空间，且公共充电桩中直流快充占比仅，带来电车补能效率低下，一定程度上阻碍了产业的进一步发展；储能与配电网则是在光伏、风电这些新能源电力并网的过程中，由于新能源电力天然的不稳定性会对电网形成冲击，借用储能设施与智能配电网改造可以打造新型电力系统，进而完成新能源电力的消纳。今日看盘,0.08,-0.1638043354863259,0.6074568379417049,-0.0372531681148228
假期后这几个方向或将展开行情、重要会议召开，月份这几个板块方向或有行情月底的重要会议召开，分析了当前的经济形势，对下一阶段的经济工作做出了指导，大市场架构更加清晰了，哪些方向获得更多支持？老郑我为你一一梳理。（）肯定复苏周期，认为需求、供给、预期三个方面的问题已经缓解，增长好于预期，市场需求在恢复，年开局良好。（）新能源汽车：巩固和扩大优势，推进充电桩、储能等设施建设，以及配套电网的发展。（）人工智能：推动通用人工智能发展，通用主要指向工业人工智能方向。（）大消费：进一步确认，恢复和扩大需求是当前经济持续回升向好的关键。接下来，要多渠道增加居民收入，改善消费环境，促进文化旅游等服务消费。旅游酒店餐饮民航商超等场景消费的复苏会被加持。（）房地产开发：房住不炒原则不变。有一个新提法，城建工作推进“平急两用”公共基础设施建设。建设一批平急两用型民宿、酒店、储备库，平时用于旅游、康养，急用时可以当作一些临时医院等。总体来看，老郑讲解过的“消费成长”是今年的主体风格，月份，股市场可以继续围绕消费多条主线进行布局；同时，成长方向，新能源、人工智能和半导体可观察波段低位洼地。消费方面的补贴措施正在路上，我们拭目以待。、上海车展结束了，新能源汽车品牌步入竞争的第二回合上海车展结束，今年车展首发款新车型，纯电、插混和轻混动力的新能源车型的发布超过款，燃油车仅占款。不到三年，汽车行业的结构已经发生了根本性的转变。市场数据显示，年中国乘用车市场的总需求会同比上涨，其中新能源汽车的增长预计高达。汽车行业的第一回合结束，燃油车时代正在落幕。汽车行业的第二回合是优胜劣汰，“鲶鱼”特斯拉的到来，催动着汽车行业这个鱼塘必须因应时事进行改变，否则就会被清退。价格战之后，清退与并购会提速。市场数据显示，年我们的家新能源车企，现在仅剩下多家，但这还是不够的清退在今年还将加速。目前的新能源汽车行业的格局是“一超，一霸，多强”。一超是特斯拉，一霸是迪王，至于多强并立还有多久，我的看法不会超过一年，多强就会变为三到五强。新能源汽车行业的第三回合是智能化，这将彻底拉开品牌之间的技术差距，头部前沿车企将跻身科技制造类企业，头部车企吃下市场的份额，留给其他车企的时间不多了，要么被淘汰，要么合作代工。目前智能驾驶大部分停留在阶段，部分车企提出直接跳过，进入，高算力芯片和算法支持的智能驾驶系统，将实现封闭路段的智能无人驾驶。现在的唯一问题，是成本太高了。除了驾驶功能以外，未来的汽车更像是一个电子产品；这就类似于当年的功能手机和智能手机的升维，交通运输功能只是汽车的基本功能，但除此之外，汽车内部的各类电子软件将提供使用者更多的娱乐功能。从股市场的角度来看，新能源汽车可分为上游、中游、下游，以及新兴的后期服务赛道。上游是电池产业链和零部件，这一块大家最熟悉，我就不多说了；中游是三电系统，电机、电控、模具开模；下游是整车组装和品牌方；新兴的后期市场包括充电桩、换电站、电池回收，以及车用功能电子软件服务商，这些软件的业绩增长我认为将是超预期的。所以，短期来看，今年已经卷的风生水起的汽车品牌概念就不用太花心思了；零部件及出海，压铸一体化，短期可以来观察；中期以上赛道是车用电子软件题材。财经超话股市超话,0.04,0.989649143489812,0.6042084056532466,0.1119335854247353
会议说要在超大特大城市积极稳步推进城中村改造和“平急两用”公共基础设施建设。深圳城中村机会很多,0.0,-0.0804571548018771,0.5782272592726235,-0.0
新事儿赶事儿流水版年月日防长访问印度经济工作会议释放保守经济措施工业企业利润一季度大幅下降今日新闻服务推送，请大家取用。也欢迎转发让更多人享受到这个服务。谢谢。音频版本内容完整：在这三个软件，搜索“翻转电台”可以听到，节目名称为“世界苦茶”。或通过地址：网页链接关于另一版本，请去被收购的搜索“”。我国新闻：我国防长近日访问印度，日与印度防长辛格进行了两国自年月爆发边境冲突以来的首次会谈。席间，辛格强调了新德里对与北京的紧张关系的立场。并明确表示“边境地区的和平与安宁”是印中发展关系的前提。印方认为，中方对两国现有协议的“违反”已经“侵蚀了双边关系的整体基础”，但局势缓解后，两国自然可在边境井水不犯河水。江西“豫章书院”案月日重审宣判。原告的附带民事诉讼部分再次被全部驳回；刑事部分，各被告刑期亦与一审判决同，惟增加适用教育相关从业禁止措施。此案被告人吴军豹、任伟强等人，均被一审法院认定构成非法拘禁罪，其中人被判刑，另有人免于刑事处罚。法院判决书显示：被告人吴军豹被判有期徒刑二年十个月；被告人任伟强被判有期徒刑二年七个月；被告人张顺、屈文宽分别被判刑一年十个月、十一个月；被告人陈宾犯非法拘禁罪，免于刑事处罚。附带民事诉讼的两名原告人当庭表示上诉。中央月日开会研究经济，认为目前经济运行好转主要是恢复性的，内生动力还不强、需求仍不足，须继续改善社会预期、化解风险隐患。会议要求：巩固和扩大新能源汽车发展优势，加快推进充电桩、储能等设施建设和配套电网改造。重视通用人工智能发展，营造创新生态，重视防范风险。下决心从根本上解决企业账款拖欠问题。推动平台企业规范健康发展，鼓励头部平台企业探索创新。统筹做好中小银行、保险和信托机构改革和风险化解。做好保交楼、保民生、保稳定，推动建立房地产业发展新模式。在超大特大城市积极稳步推进城中村改造、“平急两用”公共基础设施建设。（翻评：这是一次政策非常缓和的经济会议，甚至重提了“房住不炒”的说法，没有任何成规模的经济刺激措施。要么是经济恢复真的特别好，要么是我们已经接近手段出清。）开展“优化营商网络环境”专项行动，自月日起为期三个月。重点治理的内容包括：以“贴标签”“带节奏”“放大镜”等方式，恶意散布“民营企业卖国论”“民营企业离场论”“国进民退”等论调，渲染丑化或煽动抵触国有经济或民营企业；泄露企业商业秘密，虚构企业家私生活话题，炒作或泄露企业家金融账户、行踪轨迹等个人隐私；歪曲新闻原意、断章取义企业家过往言论、片面解读企业财务报表等方式干扰企业正常经营；恶意集纳企业负面信息、谋取非法利益；跨平台多账号密集发帖恶意攻击企业、企业家。（翻评：从前放纵恶意攻击，现在又对恶意攻击严惩。但企业家和社会真正需要的，是有人当然可以自由攻击，企业家和支持者可以自由反驳。而不是今天不许攻击，明天默许攻击，但一切维护市场的言论和推进改革的言论都被严格控制。言论自由比行政控制言论重要得多，社会的活力和创造力不是靠“控制”能控出来的。）财经新闻：阿根廷政府宣布，该国将停止使用美元来支付从我国进口的商品，转而使用人民币结算。阿方认为，此举有助于促进中阿贸易，同时也将增强阿根廷外汇储备，缓冲该国持续降低的美元储备。未来数月，阿根廷有望节省约亿美元的外汇开支。（翻评：阿中年的出口贸易规模美元，亿美元大概占了贸易额的，此举冲动还是来源自阿根廷长期逆差和外债，导致美元储备下降所致。那么阿根廷和我们长期逆差，手里哪来的人民币呢？那就是阿根廷和我国的货币互换协议，刚好今年年初给了亿人民币，大概亿美元的额度，我们和一个货币贬值国家搞以人民币美元为基准的货币互换，用稳定的与美元汇率，交换不稳定的美元汇率回拨，就是扶贫嘛。）国家统计局月日公布的数据显示，月全国规模以上工业企业利润总额累计同比下降，其中月当月下降，降幅较月收窄个百分点。规模以上工业企业中，国有控股企业实现利润总额亿元，同比下降；股份制企业实现利润总额亿元，下降；外商及港澳台商投资企业实现利润总额亿元，下降；私营企业实现利润总额亿元，下降。（翻评：为何经济复苏强劲，工业企业利润下降如此之大？且营业收入下降幅度大幅小于利润幅度，这说明企业出厂产品价格在下降，也就是企业用更低的价格销售了更多的商品，导致营业额微降，但是利润大降，企业在此的合理决策就是缩减生产规模，这也是持续低迷的原因，这种现象就是通缩。）特斯拉竞争对手比亚迪报告第一季度净利润增长逾倍。沃伦巴菲特投资的这家我国汽车制造商摆脱了激烈价格战和汽车行业销售增长放缓的冲击，而外资品牌和本土竞争对手普遍受到了打击。比亚迪周四表示，今年头三个月净利润增长，至亿元人民币。这家总部位于深圳的集团扩大了其在我国插电式混合动力汽车和电池驱动电动汽车领域的主导地位。（翻评：新能源汽车又成为了天字第一号产业，但这个领域的产值和对整体经济的拉动，与房地产和互联网不在一个规模下。可以今年超越日本成为全球第一大汽车出口国成为一个“显著成就”，但并不是对整体经济形成足够支持，而且这也在国内乘用车市场持续低迷的背景下。）美国商务部于当地周四发表声明，指美国和南韩同意在先进半导体领域上加强紧密合作，在尽量不干扰全球半导体供应链的前提之下，采取必要措施以保护国家安全。双方同意维护半导体行业的生存力和鼓励技术进步，并且同意由美国提出的半导体相关计划，以及由南韩提出的降低相关企业投资不确定性和企业负担的倡议。就相关议题，美韩双方未来会展开进一步磋商。一位知情人士周五表示，美国联邦存款保险公司即将准备接管第一共和银行。该行股价在周五收盘已跌逾的情况下，盘后又应声暴跌近。俄乌战争：罗刹国日早些时候向乌克兰基辅等地发射十余枚巡航导弹。基辅响起空袭警报，当局称乌克兰空军拦截了枚导弹和架无人机，在乌克兰境内，至少有名平民在罗刹国新一轮巡航导弹袭击中丧生，还有许多人受伤。首都基辅时隔天再次遭到袭击。北约秘书长斯托尔滕贝格宣布，盟友已向乌克兰交付了超过辆装甲车、辆坦克等装备以及大量的弹药，训练和装备了超过个旅的乌克兰士兵。“这将有助于乌克兰处于继续夺回被占领土的有利地位”。罗刹国总统签署法令，允许将未获得罗刹国公民身份的乌克兰临时占领区居民驱逐出境。瓦格纳私人军事公司的所有者普里戈津表示，瓦格纳成员即将耗尽，公司可能很快就会消失。他说：“截至今天，我们正接近瓦格纳私人军事公司终结的时刻。在不久的将来，瓦格纳将不复存在。”其他新闻：阿根廷总统阿尔贝托费尔南德斯下令支付美元赔偿金，以赔偿年月被绑架和折磨的乌拉圭夫妇。此前，美洲国家人权委员会因阿根廷未对上一次军事独裁统治期间发生的罪行进行调查和赔偿而首次谴责阿根廷。前巴西总统贾伊尔博尔索纳罗本周三向联邦警察调查人员表示，他在药物影响下错误地在社交网络上发布了一段质疑电子投票机器公正性的视频，而那是在三权分立总部遭受政变分子袭击的两天后。在经济疲软的背景下，土耳其总统雷杰普塔伊普埃尔多安在即将于月日举行的选举中面临不确定因素。年轻的土耳其人对执政的党感情逐渐淡化，反对派则终于团结起来。通常是埃尔多安选民基础的保守派妇女的支持也在投票前显得不那么坚定。（每天都有大量内容在另一版本中。）欢迎在和爱发电支持翻转电台：网页链接爱发电：网页链接要记得敢于去相信，也敢于分享你的相信。,0.0685714285714285,0.9847107059752148,0.6107052702301632,0.1929816133397005
这一次的局会议，“房地产”终于被重新提及，篇幅还不少，足足个字。表述是这样的：要坚持房子是用来住的、不是用来炒的定位，因城施策，支持刚性和改善性住房需求，做好保交楼、保民生、保稳定工作，促进房地产市场平稳健康发展，推动建立房地产业发展新模式。在超大特大城市积极稳步推进城中村改造，和“平急两用”公共基础设施建设，规划建设保障性住房。凌斌飞扬看房话说探家,0.0057142857142857,0.8957249192358999,0.6644846423832688,0.0159167341937195
钱眼观世财经早餐星期六当前经济持续回升向好的关键所在新一轮成品油调价窗口开启鼓励头部平台企业探索创新“”减产倒计时上海推出今年第四批次集中供应楼盘月日股收评近千份股一季报诠释“开年就起跑”科创板不必急于“跑步”扩容上市公司要闻一览稳步推进城中村改造和“平急两用”基础设施建设一季度我国规模以上互联网企业利润大增物流需求加快恢复，物流运行开局平稳一季度全球智能手机出货量下降香奈儿排除上市可能性热点出不停，追踪你想听。阿奴平湖宁今天的财秘追踪主题是财经早餐的微博视频,0.0171428571428571,0.9993177298088968,0.6042084056532466,0.0484402046690028
中共中央政治局召开会议习近平主持会议中共中央政治局召开会议分析研究当前经济形势和经济工作中共中央总书记习近平主持会议中共中央政治局月日召开会议，分析研究当前经济形势和经济工作。中共中央总书记习近平主持会议。会议认为，今年以来，在以习近平同志为核心的党中央坚强领导下，各地区各部门更好统筹国内国际两个大局，更好统筹疫情防控和经济社会发展，更好统筹发展和安全，我国疫情防控取得重大决定性胜利，经济社会全面恢复常态化运行，宏观政策靠前协同发力，需求收缩、供给冲击、预期转弱三重压力得到缓解，经济增长好于预期，市场需求逐步恢复，经济发展呈现回升向好态势，经济运行实现良好开局。会议指出，当前我国经济运行好转主要是恢复性的，内生动力还不强，需求仍然不足，经济转型升级面临新的阻力，推动高质量发展仍需要克服不少困难挑战。会议强调，要深入开展学习贯彻习近平新时代中国特色社会主义思想主题教育，认真落实中央经济工作会议精神，坚持稳中求进工作总基调，完整、准确、全面贯彻新发展理念，加快构建新发展格局，全面深化改革开放，把发挥政策效力和激发经营主体活力结合起来，形成推动高质量发展的强大动力，统筹推动经济运行持续好转、内生动力持续增强、社会预期持续改善、风险隐患持续化解，乘势而上，推动经济实现质的有效提升和量的合理增长。会议指出，要加快建设以实体经济为支撑的现代化产业体系，既要逆势而上，在短板领域加快突破，也要顺势而为，在优势领域做大做强。要夯实科技自立自强根基，培育壮大新动能。要巩固和扩大新能源汽车发展优势，加快推进充电桩、储能等设施建设和配套电网改造。要重视通用人工智能发展，营造创新生态，重视防范风险。会议强调，恢复和扩大需求是当前经济持续回升向好的关键所在。积极的财政政策要加力提效，稳健的货币政策要精准有力，形成扩大需求的合力。要多渠道增加城乡居民收入，改善消费环境，促进文化旅游等服务消费。要发挥好政府投资和政策激励的引导作用，有效带动激发民间投资。会议指出，要坚持“两个毫不动摇”，破除影响各类所有制企业公平竞争、共同发展的法律法规障碍和隐性壁垒，持续提振经营主体信心，帮助企业恢复元气。各类企业都要依法合规经营。要下决心从根本上解决企业账款拖欠问题。要推动平台企业规范健康发展，鼓励头部平台企业探索创新。会议强调，要全面深化改革、扩大高水平对外开放。认真落实党和国家机构改革方案，推进国家治理体系和治理能力现代化。要把吸引外商投资放在更加重要的位置，稳住外贸外资基本盘。要支持有条件的自贸试验区和自由贸易港对接国际高标准经贸规则，开展改革开放先行先试。会议指出，要有效防范化解重点领域风险，统筹做好中小银行、保险和信托机构改革化险工作。要坚持房子是用来住的、不是用来炒的定位，因城施策，支持刚性和改善性住房需求，做好保交楼、保民生、保稳定工作，促进房地产市场平稳健康发展，推动建立房地产业发展新模式。在超大特大城市积极稳步推进城中村改造和“平急两用”公共基础设施建设。规划建设保障性住房。要加强地方政府债务管理，严控新增隐性债务。要继续抓好新冠疫情防控工作。会议强调，要切实保障和改善民生，强化就业优先导向，扩大高校毕业生就业渠道，稳定农民工等重点群体就业。要以“时时放心不下”的责任感，持续抓好安全生产。要做好迎峰度夏电力供应保障。要巩固拓展脱贫攻坚成果，抓好粮食生产和重要农产品供应保障，全面推进乡村振兴。要加强生态环境系统治理。各级领导干部要带头大兴调查研究，奔着问题去，切实帮助企业和基层解决困难。中共中央政治局召开会议习近平主持会议,0.0057142857142857,0.7075200794992182,0.6042084056532466,0.0114319388238764
财经早餐星期六当前经济持续回升向好的关键所在新一轮成品油调价窗口开启鼓励头部平台企业探索创新“”减产倒计时上海推出今年第四批次集中供应楼盘月日股收评近千份股一季报诠释“开年就起跑”科创板不必急于“跑步”扩容上市公司要闻一览稳步推进城中村改造和“平急两用”基础设施建设一季度我国规模以上互联网企业利润大增物流需求加快恢复，物流运行开局平稳一季度全球智能手机出货量下降香奈儿排除上市可能性热点出不停，追踪你想听。今天的财秘追踪主题是财经早餐的微博视频,0.0057142857142857,0.3165878407529894,0.5168733961377391,0.0043759542143217
解读来了政治局会议定调：楼市基调不变推动建立发展新模式月日，中央政治局召开会议，分析研究当前经济形势和经济工作。有关房地产部分，会议指出，要坚持房子是用来住的、不是用来炒的定位，因城施策，支持刚性和改善性住房需求，做好保交楼、保民生、保稳定工作，促进房地产市场平稳健康发展，推动建立房地产业发展新模式。在超大特大城市积极稳步推进城中村改造和“平急两用”公共基础设施建设。规划建设保障性住房。月日，中央政治局召开会议，分析研究当前经济形势和经济工作。有关房地产部分，会议指出，要坚持房子是用来住的、不是用来炒的定位，因城施策，支持刚性和改善性住房需求，做好保交楼、保民生、保稳定工作，促进房地产市场平稳健康发展，推动建立房地产业发展新模式。在超大特大城市积极稳步推进城中村改造和“平急两用”公共基础设施建设。规划建设保障性住房。中指研究院市场研究总监陈文静指出，此次高层会议针对房地产的关键词“房住不炒”、“因城施策”、“支持刚性和改善性住房需求”、“保交楼”、“房地产业发展新模式”均延续了此前提法，依然在“要有效防范化解重点领域风险”后面，由此可见，防范房地产风险仍是重点，在当前的市场环境下，房地产政策环境整体仍处于宽松状态。易居研究院研究总监严跃进也认为，此次会议对房地产相关工作的总思路不变。“继续强调支持刚性和改善性住房需求，这个是总纲，也是楼市回暖的最关键的内容。所以各地依然要把提振住房消费作为一项重要的工作。”严跃进说，“同时要密切关注一些新的问题，要确保楼市稳定发展。”从市场运行情况来看，年前个月，全国房地产市场呈现一定修复态势，特别是热点城市市场恢复节奏较快。但月以来，重点城市市场活跃度下行，部分城市市场降温明显。根据中指数据初步统计，月重点城商品住宅成交面积环比下降近两成，购房者置业预期仍不稳固。整体来看，今年以来房地产市场运行更多体现为恢复性好转，市场内生动力仍偏弱；另外，近期“我国全面实现不动产统一登记”引发了市场对于房产税征收的猜想与关注，亦对市场预期产生了一定扰动。陈文静认为，短期来看，稳定购房者置业信心和预期仍是促进房地产市场恢复的关键。二季度，前期已出台的保交楼、加大“三支箭”支持房企融资等政策有望继续落实到位。各地楼市政策或继续优化，如重点一二线城市库存较高的郊区，或按照一区一策原则，优化限购条件和认房认贷政策；结合生育政策，对二孩以上家庭的限购套数、首付比例、房贷利率等给予支持；降低房屋交易税费等。“整体来看，本次会议释放了积极信号。”陈文静补充说，一方面宏观经济呈现回升向好态势，但内生动力不强，恢复和扩大需求仍是经济持续好转的关键，对于房地产来说，促需求也将是未来的侧重点；另一方面，会议为房地产市场定调，整体基调并未受一季度局部市场升温影响，短期房地产政策仍将保持宽松状态，稳定购房者置业信心和预期至关重要。值得注意的是，“促进房地产市场平稳健康发展，推动建立房地产业发展新模式”的提法，再次指明了房企未来的工作方向。严跃进进一步解释说：“当前房地产市场基本上稳住了，所以一些新的工作会陆续部署。房企要两头抓，一头抓既有的住房销售提振的工作，一头抓一些新提法新发展模式等。唯有这样，才能兼顾短期发展和中长期转型需要，进而促进企业健康发展。”,0.0342857142857142,0.9795855242867886,0.6074568379417049,0.0954780176625043
中共中央政治局召开会议主持会议会议指出，要加快建设以实体经济为支撑的现代化产业体系，既要逆势而上，在短板领域加快突破，也要顺势而为，在优势领域做大做强。要夯实科技自立自强根基，培育壮大新动能。要巩固和扩大新能源汽车发展优势，加快推进充电桩、储能等设施建设和配套电网改造。要重视通用人工智能发展，营造创新生态，重视防范风险。会议强调，恢复和扩大需求是当前经济持续回升向好的关键所在。积极的财政政策要加力提效，稳健的货币政策要精准有力，形成扩大需求的合力。要多渠道增加城乡居民收入，改善消费环境，促进文化旅游等服务消费。要发挥好政府投资和政策激励的引导作用，有效带动激发民间投资。会议指出，要坚持“两个毫不动摇”，破除影响各类所有制企业公平竞争、共同发展的法律法规障碍和隐性壁垒，持续提振经营主体信心，帮助企业恢复元气。各类企业都要依法合规经营。要下决心从根本上解决企业账款拖欠问题。要推动平台企业规范健康发展，鼓励头部平台企业探索创新。会议强调，要全面深化改革、扩大高水平对外开放。认真落实党和国家机构改革方案，推进国家治理体系和治理能力现代化。要把吸引外商投资放在更加重要的位置，稳住外贸外资基本盘。要支持有条件的自贸试验区和自由贸易港对接国际高标准经贸规则，开展改革开放先行先试。会议指出，要有效防范化解重点领域风险，统筹做好中小银行、保险和信托机构改革化险工作。要坚持房子是用来住的、不是用来炒的定位，因城施策，支持刚性和改善性住房需求，做好保交楼、保民生、保稳定工作，促进房地产市场平稳健康发展，推动建立房地产业发展新模式。在超大特大城市积极稳步推进城中村改造和“平急两用”公共基础设施建设。规划建设保障性住房。要加强地方政府债务管理，严控新增隐性债务。要继续抓好新冠疫情防控工作。,0.9428571428571428,0.0377762211809573,0.7965362353725958,0.1327707330690511
在超大特大城市积极稳步推进城中村改造和“平急两用”公共基础设施建设。站七点档的一句话。,0.5885714285714285,0.0,0.6090810540859342,0.0
解读丨政治局会议定调经济好转主要是恢复性的，继续扩内需稳外贸有这些重点举措月日，中共中央政治局召开会议，分析研究当前经济形势和经济工作。会议认为，今年以来，我国经济增长好于预期，市场需求逐步恢复，经济发展呈现回升向好态势，经济运行实现良好开局。当前我国经济运行好转主要是恢复性的，内生动力还不强，需求仍然不足，经济转型升级面临新的阻力，推动高质量发展仍需要克服不少困难挑战。会议强调，恢复和扩大需求是当前经济持续回升向好的关键所在。积极的财政政策要加力提效，稳健的货币政策要精准有力，形成扩大需求的合力。要促进文化旅游等服务消费，有效带动激发民间投资，持续提振经营主体信心，稳住外贸外资基本盘等。会议还明确了一些重要的具体举措：要巩固和扩大新能源汽车发展优势，加快推进充电桩、储能等设施建设和配套电网改造；要下决心从根本上解决企业账款拖欠问题；要推动平台企业规范健康发展，鼓励头部平台企业探索创新；要把吸引外商投资放在更加重要的位置，稳住外贸外资基本盘；支持刚性和改善性住房需求，做好保交楼、保民生、保稳定工作，促进房地产市场平稳健康发展；在超大特大城市积极稳步推进城中村改造和“平急两用”公共基础设施建设；扩大高校毕业生就业渠道，稳定农民工等重点群体就业等。解读丨政治局会议定调经济好转主要是恢复性的，继续扩内需稳外贸有这些重点举措（财经）,0.0457142857142857,0.2877814258285525,0.6139537025186216,0.0377992105014787
中共中央政治局召开会议主持会议会议指出，要加快建设以实体经济为支撑的现代化产业体系，既要逆势而上，在短板领域加快突破，也要顺势而为，在优势领域做大做强。要夯实科技自立自强根基，培育壮大新动能。要巩固和扩大新能源汽车发展优势，加快推进充电桩、储能等设施建设和配套电网改造。要重展开,1.0,-0.2136818288720494,1.0,-1.0
平急两用，细思。,0.0114285714285714,0.4603140574435275,0.8793010164820441,0.0216479196862856
股票超话靴子落地周五沪指涨点，给亿股民一个好心情进入假期，盘后再为大家做则消息的分析，假期后这几个方向或将展开行情、重要会议召开，月份这几个板块方向或有行情月底的重要会议召开，分析了当前的经济形势，对下一阶段的经济工作做出了指导，大市场架构更加清晰了，哪些方向获得更多支持？耀哥为你一一梳理。（）肯定复苏周期，认为需求、供给、预期三个方面的问题已经缓解，增长好于预期，市场需求在恢复，年开局良好。（）新能源汽车：巩固和扩大优势，推进充电桩、储能等设施建设，以及配套电网的发展。（）人工智能：推动通用人工智能发展，通用主要指向工业人工智能方向。（）大消费：进一步确认，恢复和扩大需求是当前经济持续回升向好的关键。接下来，要多渠道增加居民收入，改善消费环境，促进文化旅游等服务消费。旅游酒店餐饮民航商超等场景消费的复苏会被加持。（）房地产开发：房住不炒原则不变。有一个新提法，城建工作推进“平急两用”公共基础设施建设。建设一批平急两用型民宿、酒店、储备库，平时用于旅游、康养，急用时可以当作一些临时医院等。总体来看，老苏讲解过的“消费成长”是今年的主体风格，月份，股市场可以继续围绕消费多条主线进行布局；同时，成长方向，新能源、人工智能和半导体可观察波段低位洼地。消费方面的补贴措施正在路上，我们拭目以待。、上海车展结束了，新能源汽车品牌步入竞争的第二回合上海车展结束，今年车展首发款新车型，纯电、插混和轻混动力的新能源车型的发布超过款，燃油车仅占款。不到三年，汽车行业的结构已经发生了根本性的转变。市场数据显示，年中国乘用车市场的总需求会同比上涨，其中新能源汽车的增长预计高达。汽车行业的第一回合结束，燃油车时代正在落幕。汽车行业的第二回合是优胜劣汰，“鲶鱼”特斯拉的到来，催动着汽车行业这个鱼塘必须因应时事进行改变，否则就会被清退。价格战之后，清退与并购会提速。市场数据显示，年我们的家新能源车企，现在仅剩下多家，但这还是不够的清退在今年还将加速。目前的新能源汽车行业的格局是“一超，一霸，多强”。一超是特斯拉，一霸是迪王，至于多强并立还有多久，我的看法不会超过一年，多强就会变为三到五强。新能源汽车行业的第三回合是智能化，这将彻底拉开品牌之间的技术差距，头部前沿车企将跻身科技制造类企业，头部车企吃下市场的份额，留给其他车企的时间不多了，要么被淘汰，要么合作代工。目前智能驾驶大部分停留在阶段，部分车企提出直接跳过，进入，高算力芯片和算法支持的智能驾驶系统，将实现封闭路段的智能无人驾驶。现在的唯一问题，是成本太高了。除了驾驶功能以外，未来的汽车更像是一个电子产品；这就类似于当年的功能手机和智能手机的升维，交通运输功能只是汽车的基本功能，但除此之外，汽车内部的各类电子软件将提供使用者更多的娱乐功能。从股市场的角度来看，新能源汽车可分为上游、中游、下游，以及新兴的后期服务赛道。上游是电池产业链和零部件，这一块大家最熟悉，我就不多说了；中游是三电系统，电机、电控、模具开模；下游是整车组装和品牌方；新兴的后期市场包括充电桩、换电站、电池回收，以及车用功能电子软件服务商，这些软件的业绩增长我认为将是超预期的。所以，短期来看，今年已经卷的风生水起的汽车品牌概念就不用太花心思了；零部件及出海，压铸一体化，短期可以来观察；中期以上赛道是车用电子软件题材。财经股票,0.6571428571428571,0.1234329081478899,0.672704769263928,0.2553569412684663
学习贯彻习近平新时代中国特色社会主义思想主题教育动员大会当前我国经济运行好转主要是恢复性的，内生动力还不强，需求仍然不足，经济转型升级面临新的阻力，推动高质量发展仍需要克服不少困难挑战。要深入开展学习贯彻习近平新时代中国特色社会主义思想主题教育，认真落实中央经济工作会议精神，坚持稳中求进工作总基调，完整、准确、全面贯彻新发展理念，加快构建新发展格局，全面深化改革开放，把发挥政策效力和激发经营主体活力结合起来，形成推动高质量发展的强大动力，统筹推动经济运行持续好转、内生动力持续增强、社会预期持续改善、风险隐患持续化解，乘势而上，推动经济实现质的有效提升和量的合理增长。要加快建设以实体经济为支撑的现代化产业体系，既要逆势而上，在短板领域加快突破，也要顺势而为，在优势领域做大做强。要夯实科技自立自强根基，培育壮大新动能。要巩固和扩大新能源汽车发展优势，加快推进充电桩、储能等设施建设和配套电网改造。要重视通用人工智能发展，营造创新生态，重视防范风险。恢复和扩大需求是当前经济持续回升向好的关键所在。积极的财政政策要加力提效，稳健的货币政策要精准有力，形成扩大需求的合力。要多渠道增加城乡居民收入，改善消费环境，促进文化旅游等服务消费。要发挥好政府投资和政策激励的引导作用，有效带动激发民间投资。要坚持“两个毫不动摇”，破除影响各类所有制企业公平竞争、共同发展的法律法规障碍和隐性壁垒，持续提振经营主体信心，帮助企业恢复元气。各类企业都要依法合规经营。要下决心从根本上解决企业账款拖欠问题。要推动平台企业规范健康发展，鼓励头部平台企业探索创新。要全面深化改革、扩大高水平对外开放。认真落实党和国家机构改革方案，推进国家治理体系和治理能力现代化。要把吸引外商投资放在更加重要的位置，稳住外贸外资基本盘。要支持有条件的自贸试验区和自由贸易港对接国际高标准经贸规则，开展改革开放先行先试。要有效防范化解重点领域风险，统筹做好中小银行、保险和信托机构改革化险工作。要坚持房子是用来住的、不是用来炒的定位，因城施策，支持刚性和改善性住房需求，做好保交楼、保民生、保稳定工作，促进房地产市场平稳健康发展，推动建立房地产业发展新模式。在超大特大城市积极稳步推进城中村改造和“平急两用”公共基础设施建设。规划建设保障性住房。要加强地方政府债务管理，严控新增隐性债务。要继续抓好新冠疫情防控工作。要切实保障和改善民生，强化就业优先导向，扩大高校毕业生就业渠道，稳定农民工等重点群体就业。要以“时时放心不下”的责任感，持续抓好安全生产。要做好迎峰度夏电力供应保障。要巩固拓展脱贫攻坚成果，抓好粮食生产和重要农产品供应保障，全面推进乡村振兴。要加强生态环境系统治理。各级领导干部要带头大兴调查研究，奔着问题去，切实帮助企业和基层解决困难。,0.0114285714285714,0.2367983677638079,0.6042084056532466,0.0076522618433266
天津公积金贷款执行认房不认贷意味着什么？月日起，天津市住房公积金执行新规。天津市住房公积金管理中心于月日非公开发布了《天津市住房公积金管理中心关于调整住房公积金贷款审核标准的通知》，明确自月日起调整公积金贷款政策。北京商报记者从天津市住房公积金管理中心工作展开,0.0714285714285714,-0.4341440074520339,0.6849566279208332,-0.1348343953970007
今日贴纸打卡早上好月日每日简报星期五农历四月初八每天一分钟众览天下事每天看看群，总有您需要的好物玫瑰、国家疾控局：月全国报告法定传染病超万例。、岁至岁青年是成人中最焦虑群体，心理门诊岁以下就诊者占比过半。、又一起换脸诈骗：安徽男子秒被骗万。、上海迪士尼月日起门票调价：常规日元，高峰日元。、造假数量超亿件最长可追溯年前本田合资零部件厂商承认造假。、上海部分社区开打新冠疫苗，可通过“健康云”预约。、国泰航空多次名列境外航司投诉量榜首，全球排名跌个名次。、民政部：探索建立婚姻领域个人信用制度，承诺不实将纳入惩戒范围。、微信电脑版新增锁定功能，只能通过手机端解锁。、杭州一公司招聘大龄程序员：限岁以上，月薪，薪，不用加班。、天津：在津无房家庭首次公积金贷款还清后，仍可按首套房贷款。、中央气象台：北京、湖南、江西等多地部分地区将有级雷暴大风或冰雹，最强降雨时段将出现在日至日；超强台风“玛娃”已成今年以来全球风王，下周将影响我国南方。、俄罗斯气候学家称气温上升俄或被迫迁都。微语一个人可以被打败，但不可以被打倒,0.0238095238095238,0.9999036756731852,0.6849566279208332,0.1035151203674648
天津：在津无房家庭首次公积金贷款还清后，仍可按首套房贷款天津公积金新政执行认房不认贷月日，记者从天津市住房公积金管理中心获悉，该中心发布《天津市住房公积金管理中心关于调整住房公积金贷款审核标准的通知》调整公积金贷款政策。通知明确，职工家庭房屋套数核定以住房交易时，以天津市住房交易主管部门及不动产登记管理部门确定并记载于住房交易合同文本上的购房套数为准。购房套数根据购房合同或协议附件中记载职工家庭住房套数所在页各项数值累计计算。其中，职工家庭住房数为的，发放首套住房贷款；职工家庭住房数为的，发放二套住房贷款；职工家庭购买第三套及以上住房的，不予发放住房公积金贷款。此外，职工家庭已使用过次住房公积金贷款的，不予发放住房公积金贷款。而职工离婚的，离婚前有在天津市住房公积金贷款记录，仍计算为该市住房公积金贷款次数。对此，一位接近于天津市住房公积金管理中心的人士表示，上述政策基本可以理解为天津出台公积金新政，执行“认房不认贷”。公积金首次贷款结清后，名下无天津房产，二次使用天津公积金贷款，可按照首套政策执行；使用过两次公积金贷款后不可再用。（新京报）,0.5238095238095238,-0.2966192114067015,0.6486819992356182,-0.6397883938647285
广州拟出公积金购房新政今后，广州二孩及以上家庭首套房公积金贷款的额度，或有望最高上浮，即从万元上调至万元。月日，广州住房公积金管理中心发布关于公开征求《广州住房公积金管理中心关于贯彻落实二孩及以上家庭支持政策的通知》意见的公告，拟明确：生育二孩及以上的家庭（至少一个子女未成年）使用住房公积金贷款购买首套自住住房的，住房公积金贷款最高额度上浮，其他贷款条件及要求依据广州市住房公积金贷款政策执行。,1.0,0.1407975160848182,0.8190007008743664,0.732000050684471
月日，广州住房公积金管理中心发布《广州住房公积金管理中心关于贯彻落实二孩及以上家庭支持政策的通知（征求意见稿）》，贯彻落实积极生育支持措施。《征求意见稿》于月日月日面向社会公开征询意见，拟对生育二孩及以上的家庭（至少一个子女未成年）使用住房公积金贷款购买首套自住住房的，住房公积金贷款最高额度上浮。其他贷款条件及要求依据广州市住房公积金贷款政策执行。也就是说，这个政策如果顺利执行，广州二胎家庭，公积金可以贷款万此前的公积金贷款政策是单缴存职工个人住房贷款最高额度万，双缴存职工个人住房贷款最高额度万。整体来说，这次变动的方向还是围绕着二孩以上、家庭首套房、公积金贷款，缺一不可，那么，这个政策如果顺利执行，对自住需求的购房者来说，是利好吗？,0.1666666666666666,0.6830669723706683,0.8417178114009655,0.6082896097532741
广州：二孩及以上家庭购买首套房，公积金贷款最高额度拟上浮月日，广州住房公积金管理中心发布公告，就《广州住房公积金管理中心关于贯彻落实二孩及以上家庭支持政策的通知》公开征求意见。根据《征求意见稿》，生育二孩及以上的家庭（至少一个子女未成年）使用住房公积金贷款购买首套自住住房的，住房公积金贷款最高额度上浮。其他贷款条件及要求依据广州市住房公积金贷款政策执行。征求意见时间：年月日月日。广州：二孩及以上家庭购买首套房，公积金贷款最高额度拟上浮,0.5,0.3708454393320044,0.8495818165195831,1.0
广州超话广州房地产新政策征询意见：二孩及以上家庭购买首套房，公积金贷款最高额度拟上浮。原来夫妻双方最多可贷公积金额度万，现在可贷万，相当于变相降息。满足条件则定向降房贷利率。正常来说万商贷每月应还本利元，新政策这万的部分按公积金利率展开,0.0476190476190476,-0.5833101873872115,1.0,-0.1763242767723815
北京拆迁退出历史舞台换个说法而已，该拆还得拆,0.0031055900621118,-0.0812386253838572,0.6132237433956137,-0.00054214224458
北京拆迁退出历史舞台已经实行了一段时间了吧，在大兴的一个西城区对接安置房工程工作，很多业主都抱怨拆迁完搬过来装修的钱都没有了，拆迁款刚刚够买安置房的,0.0093167701863354,-0.951586162350702,0.6132237433956137,-0.0190510999735826
北京拆迁退出历史舞台,1.0,0.0605450579929986,0.8920747734957392,0.1892637979975464
集体土地最高补偿面积拟不超过平方米，北京废止拆迁许可证，北京或将告别大批拆迁暴发户月末，北京市规划和自然资源委员会公布《北京市征收集体土地房屋补偿管理办法》，其中拟对征收宅基地房屋的安置方式进行规定，并明确货币补偿标准。根据《办法》，“拆迁”将退出历史舞台，以“搬迁”代替，同时房屋拆迁许可证制度也被废止。《办法》拟规定，北京市按照一户一宅的原则给予补偿，严格控制宅基地面积补偿标准。一户一宅的宅基地面积补偿控制标准：对认定为年（含）之前的宅基地，最高不超过平方米；对认定为年以后的宅基地，最高不超过平方米，具体宅基地面积补偿控制标准由各区人民政府根据本区实际确定。《办法》还对非住宅房屋的补偿进行了规定，表示应采取货币补偿的方式。,0.077639751552795,0.8270601098327676,0.6876270251052715,0.1547254454740218
“拆迁”马上要退出历史舞台了“拆迁户的快乐我们不懂，就像这两天火起来的“北电南柱赫”，自称家里发了万拆迁款。。。北京拆迁退出历史舞台,0.0838509316770186,0.0197827038125847,0.6368092719877527,0.0037016087441562
北京“拆迁”改“搬迁”，北京或将告别大批“拆迁暴发户”北京拆迁退出历史舞台观察者网的微博视频,0.0124223602484472,0.715352893947119,0.62108558625966,0.0193403131469232
北京拆迁退出历史舞台北京“拆迁”退出历史舞台？不过是换了个叫法。拆迁是老的说法，以前不论是国有土地，还是集体土地，这方面都叫“拆迁”。拆迁从字面意思来说，包括拆除搬迁。后来拆迁引发了很多问题，国有土地上房屋征收补偿条例就开始把拆迁改为了征收，不再用拆迁这两个字，实际上本质还是一个意思。集体土地这一块之前北京有专门的集体土地拆迁管理办法，根据这个管理办法，如果集体土地要实施拆迁，必须取得拆迁许可证，取得这个许可证才能具体实施，否则就是违法拆迁。改为搬迁，纯粹从字面意思来说就是搬走迁移。而拆迁是为了拆而迁。北京的老规定沿用了很多年了，然而，新《土地管理法实施条例》已于年月日起实施。新条例中单设两节和宅基地的保护息息相关。其中，在第四章“建设用地”中特别设置了第三节“土地征收”，对包括征收农村宅基地在内的征收土地流程和要求做了详细的规定。作为上位法土地管理法实施条例已经发生了变化，而且进行了明确规定。所以北京的相关规定也在进行调整，向国家的规定看齐。而且，在新条例里，禁止强迫农村村民搬迁退出宅基地。对曾发生的一些侵犯宅基地的常见行为进行了明令禁止。新条例中用的就是“搬迁”。在征收土地流程中，拆迁是其中一个很重要的环节，征收土地就是把土地征为国有，进行土地收储。要想真正实现征地，必须对原来的土地使用权人进行拆迁安置。在以往，经常出现征地文件出来了，拆迁相对滞后的状况，相比而言是脱钩的。比如年就已经做出了征地批复，但是到了年才开始拆迁，这样原来的征地文件从某种意义上来说形同虚设。纳入征地手续之中，同时广泛听取农民意见，征收与房屋搬迁同步实施有利于保障被征收人的知情权、参与权。房屋安置补偿方案等各项补偿方案、标准都需要广泛听取被征收人的意见，例如在房屋安置补偿方案存在超过半数（不含）以上被征地的农村集体经济组织成员认为不符合法律、法规及本办法规定的，区政府需要组织听证，完善房屋补偿安置方案，也就是说，被征收人对于征收后的安置补偿情况能够更及时的知情、更深入的参与，更充分的发表意见。而且，征收与房屋搬迁同步实施有利于保障被征收人的居住权、财产权等相关权利。如前所述，集体土地上房屋搬迁补偿纳入征收集体土地征收程序，且被征收人可以充分的参与相关方案的制定，那么在一定程度上，被征收人的居住权、财产权等相关权益的具体保障方案都需要提前制定并且需征得各方同意，在保障被征收人相关权益的同时，也有利于促进征收工作的平稳推进。老王侃房新星计划,0.0279503105590062,0.9561207935776088,0.62108558625966,0.0581618811480561
杨紫超话民法典普法大使杨紫跟着杨紫学习普法请看案例公公生前有一处房产，拆迁时公公去世，以大伯哥名义签署了房屋安置协议，房屋还未建设，大伯哥又去世，请问此时安置房到底属于谁的遗产？北京拆迁退出历史舞台今日说法的微博视频,0.7422360248447205,0.9007539986364094,0.2056069225242215,0.4816965698577649
重磅北京拆迁退出历史舞台，从此不再有“拆迁户”北京拟废止房屋拆迁许可证制度月末，北京市规划和自然资源委员会公布《北京市征收集体土地房屋补偿管理办法》（征求意见稿），其中拟对征收宅基地房屋的安置方式进行规定，并明确货币补偿标准。《办法》拟规定，北京市按照一户一宅的原则给予补偿，严格控制宅基地面积补偿标准。一户一宅的宅基地面积补偿控制标准：对认定为年（含）之前的宅基地，最高不超过平方米；对认定为年以后的宅基地，最高不超过平方米，具体宅基地面积补偿控制标准由各区人民政府根据本区实际确定。《办法》还对非住宅房屋的补偿进行了规定，表示应采取货币补偿的方式。根据北京市规划和自然资源委员会公布的起草说明，此次《办法》按照《土地管理法》的要求，将集体土地房屋“拆迁”改为“搬迁”，废止房屋拆迁许可证制度；规定集体土地上房屋搬迁补偿纳入征收集体土地征收程序，实现征地与房屋搬迁同步实施，各项补偿方案、标准广泛听取村民的意见。对于被征收人合法权益的维护，《办法》强化了以房屋安置方式为主，做到安置房先行，安置房源为期房的，尽量缩短安置周期。还本着“限高、扩中、托底”的原则，确定安置房安置面积。对宅基地面积超过补偿控制标准的部分，只给予货币补偿；对宅基地面积低于宅基地审批最低标准的，置换安置房面积按照最低标准的一定比例计算。根据《办法》，“拆迁”将退出历史舞台，以“搬迁”代替，同时房屋拆迁许可证制度也被废止。（每经，泽塔）重磅北京宣布：“拆迁”退出历史舞台，从此不再有“拆迁户”这个制度也被废止视频的微博视频视频的微博视频,0.2204968944099379,0.4178743961352656,0.8851979305909555,0.2858092116623436
北京拆迁退出历史舞台北京拟废止房屋拆迁许可证制度补偿款万孩子吹牛皮么？,0.0186335403726708,0.0571247946160711,0.6132237433956137,0.0022873181983074
重磅北京拆迁退出历史舞台，从此不再有“拆迁户”北京拟废止房屋拆迁许可证制度月末，北京市规划和自然资源委员会公布《北京市征收集体土地房屋补偿管理办法》（征求意见稿），其中拟对征收宅基地房屋的安置方式进行规定，并明确货币补偿标准。,0.0031055900621118,0.9699941657808884,0.62108558625966,0.0065562015180292
北京拆迁退出历史舞台挺好的，拆迁暴富的时代终于结束了,0.0093167701863354,-0.0250390971073193,0.62108558625966,-0.0005077186201411
北京拆迁退出历史舞台西四北八条保住了，东四十条也保住了西斜街，东斜街，劈柴胡同，大酱坊，兵马司里老地质，西四牌楼义达里；老砖塔，缸瓦市，甘石桥，西什库街嬷嬷院。不容易呀终于明白过味儿来了，有点晚了。,0.0093167701863354,-0.8885950678082013,0.6132237433956137,-0.0177899954230392
北京拆迁退出历史舞台当下房拆十年了都还没安置房能住进去很多曾经有房的老人拆迁后只能在出租屋里去世了,0.0186335403726708,-0.1003387310560499,0.5702053534818814,-0.0037357935381001
东方正红播报重磅北京拆迁退出历史舞台，从此不再有“拆迁户”北京拟废止房屋拆迁许可证制度月末，北京市规划和自然资源委员会公布《北京市征收集体土地房屋补偿管理办法》（征求意见稿），其中拟对征收宅基地房屋的安置方式进行规定，并明确货币补偿标准。《办法》拟规定，北京市展开,0.139751552795031,0.5143102676184232,1.0,0.2518659331503871
北京拆迁退出历史舞台是不是以前叫拆迁户，以后叫搬迁户？,0.031055900621118,0.9999348182355166,0.6132237433956137,0.0667301919783146
“拆迁”改“搬迁”，北京或将告别大批“拆迁暴发户”北京拆迁退出历史舞台北京拟废止房屋拆迁许可证制度观察者网的微博视频,0.0496894409937888,0.6239007664505823,0.6686439077412877,0.0726377051630942
北京超话北京身边事重磅北京拆迁退出历史舞台，从此不再有“拆迁户”北京拟废止房屋拆迁许可证制度月末，北京市规划和自然资源委员会公布《北京市征收集体土地房屋补偿管理办法》（征求意见稿），其中拟对征收宅基地房屋的安置方式进行规定，并明确货币补偿标准。《办法》拟规定，北京市按照一户一宅的原则给予补偿，严格控制宅基地面积补偿标准。一户一宅的宅基地面积补偿控制标准：对认定为年（含）之前的宅基地，最高不超过平方米；对认定为年以后的宅基地，最高不超过平方米，具体宅基地面积补偿控制标准由各区人民政府根据本区实际确定。《办法》还对非住宅房屋的补偿进行了规定，表示应采取货币补偿的方式。根据北京市规划和自然资源委员会公布的起草说明，此次《办法》按照《土地管理法》的要求，将集体土地房屋“拆迁”改为“搬迁”，废止房屋拆迁许可证制度；规定集体土地上房屋搬迁补偿纳入征收集体土地征收程序，实现征地与房屋搬迁同步实施，各项补偿方案、标准广泛听取村民的意见。对于被征收人合法权益的维护，《办法》强化了以房屋安置方式为主，做到安置房先行，安置房源为期房的，尽量缩短安置周期。还本着“限高、扩中、托底”的原则，确定安置房安置面积。对宅基地面积超过补偿控制标准的部分，只给予货币补偿；对宅基地面积低于宅基地审批最低标准的，置换安置房面积按照最低标准的一定比例计算。根据《办法》，“拆迁”将退出历史舞台，以“搬迁”代替，同时房屋拆迁许可证制度也被废止。（每经，泽塔）重磅北京宣布：“拆迁”退出历史舞台，从此不再有“拆迁户”这个制度也被废止视频的微博视频,0.0248447204968944,0.0240720312532285,0.6132237433956137,0.0012851487817339
重磅北京拆迁退出历史舞台，从此不再有“拆迁户”北京拟废止房屋拆迁许可证制度月末，北京市规划和自然资源委员会公布《北京市征收集体土地房屋补偿管理办法》（征求意见稿），其中拟对征收宅基地房屋的安置方式进行规定，并明确货币补偿标准。《办法》拟规定，北京市按照一户一宅的原则给予补偿，严格控制宅基地面积补偿标准。一户一宅的宅基地面积补偿控制标准：对认定为年（含）之前的宅基地，最高不超过平方米；对认定为年以后的宅基地，最高不超过平方米，具体宅基地面积补偿控制标准由各区人民政府根据本区实际确定。《办法》还对非住宅房屋的补偿进行了规定，表示应采取货币补偿的方式。根据北京市规划和自然资源委员会公布的起草说明，此次《办法》按照《土地管理法》的要求，将集体土地房屋“拆迁”改为“搬迁”，废止房屋拆迁许可证制度；规定集体土地上房屋搬迁补偿纳入征收集体土地征收程序，实现征地与房屋搬迁同步实施，各项补偿方案、标准广泛听取村民的意见。对于被征收人合法权益的维护，《办法》强化了以房屋安置方式为主，做到安置房先行，安置房源为期房的，尽量缩短安置周期。还本着“限高、扩中、托底”的原则，确定安置房安置面积。对宅基地面积超过补偿控制标准的部分，只给予货币补偿；对宅基地面积低于宅基地审批最低标准的，置换安置房面积按照最低标准的一定比例计算。根据《办法》，“拆迁”将退出历史舞台，以“搬迁”代替，同时房屋拆迁许可证制度也被废止。（每经，泽塔）重磅北京宣布：“拆迁”退出历史舞台，从此不再有“拆迁户”这个制度也被废止视频的微博视频,0.0062111801242236,0.995832763118885,0.6132237433956137,0.0132912886418896
北京拆迁退出历史舞台大多数家有千万亿万资产以上的人，不少都是靠拆迁发财的。有的人运气特别好，不仅能遇到一次拆迁，而且能遇到几次拆迁。,0.015527950310559,0.039129630961801,0.62108558625966,0.0013223880872786
北京拆迁退出历史舞台意思是不给拆迁款，直接给你个安置房搬走？,0.0031055900621118,-0.8259373883528478,0.6132237433956137,-0.0055118553211407
北京拆迁退出历史舞台之前的呢，集全国之力供养头部大城市拆迁户,0.0062111801242236,-0.6582465413846421,0.6132237433956137,-0.0087855562731916
“拆迁”曾经造富了多少人呐，北京的“拆迁户”，如今怕是要退出历史舞台了。。。,0.0031055900621118,0.9994818501558408,0.6132237433956137,0.0066699963361043
北京拆迁退出历史舞台愿意拆迁的都是城中村，直接改善生活品质，不愿意拆的是我们农村，拆迁后多交很多各种费用不说，还没有院子了，物业扯皮，车位占用，没有小菜园了，没有阳光了，没有可传万代的宅基地了时期就看出来了吧我们在院子里玩耍晒太阳，不出门买菜也能自给自足，住楼房后，新疆的大火事故。。。紧锁的大门。。。我们并不想,0.0341614906832298,0.999768757404341,0.6132237433956137,0.0733910209833089
拆迁从此不再有“拆迁户”？旧房子还是要拆，还是要搬迁，换一个名字而已。北京拟废止房屋拆迁许可证制度北京拆迁退出历史舞台,0.0248447204968944,-0.7142857142857142,0.6132237433956137,-0.0381340239162883
未来你看好哪一行？北京拆迁退出历史舞台北京拆迁户政策没了，以后大家都靠勤劳的双手吧。有万人投票，未来你看好哪一行？银发经济排第一名，里面有什么机会呢？银发经济带来的哪些新兴职业？鳄鱼十三分享一下，去美国和日本看到的情况。比如没空照顾父母，销售拖老所。没空陪父母体检，销售跑腿。没空给父母做饭，销售保姆这也算银发市场。陪诊师：帮空巢老人挂号、排队、跑腿、拿报告养老规划师：为初老人群提供退休规划老年人能力评估师：健康评估健康照护师：为老年人提供健康照护及生活照料呼吸治疗师健康财富规划师：为中高净值客户做好量身订制。,0.5434782608695652,0.454104707972987,0.4378555092687341,0.3786662450370996
北京拆迁退出历史舞台早上好相处的季节制作的微博视频,0.8416149068322981,0.7613684587573512,0.4453527172745032,1.0
北京拆迁退出历史舞台拆迁暴富正式退出历史的舞台。,0.0124223602484472,0.9365514050729404,0.62108558625966,0.025320646083303
北京拆迁退出历史舞台这些年大江南北靠折迁不知打造出了多少富翁富婆希望不只是北京退出拆迁历史舞台，其它的一些城市都要跟进。,0.031055900621118,0.7642473582499726,0.797940808643143,0.0663645790569112
中超联赛北京拆迁退出历史舞台拆迁暴富即将退出历史舞台王健林真敢逗乐子玩中国男足不就是个笑话吗？大连曲国胜的微博视频,0.0403726708074534,0.6131630304308179,0.5183601291493289,0.0449658311163018
北京拆迁退出历史舞台一个时代的产物，种种迹象都表明，靠房产暴富的机会越来越少，粗放型增长的尾声，必须往高精尖行业发展，未来你准备好了么？,0.139751552795031,0.9854487219076534,0.6200904078646156,0.2992493935985891
北京拆迁退出历史舞台其实背后根本折射出的是，财政遇到了空前问题。,0.186335403726708,0.9258987676259708,0.6353785661642554,0.3841307180154923
北京拆迁退出历史舞台把房子从市区换到郊区，现在补偿还少了，是这个意思么？,0.015527950310559,0.0524655636156166,0.62108558625966,0.0017730766841471
北京拆迁退出历史舞台应该是政府手里空房子太多了。房子饱和。收购烂尾保交楼给搬迁户。,0.0062111801242236,0.010067448531972,0.6132237433956137,0.0001343693130829
北京拆迁退出历史舞台很多钉子户，依然坚守，不知道是不是会后悔。,0.0217391304347826,-0.3050421160652742,0.6132237433956137,-0.0142497921031477
北京拆迁退出历史舞台拆到我家小区旁边米处，求心理阴影面积。,0.0093167701863354,0.9999348182355166,0.6132237433956137,0.0200190575934943
“生命的目的不是繁荣，而是转变。当一个人将自己投入未知时，他就得救了。”埃琳娜波尼亚托斯卡海伦娜阿尔梅达北京拆迁退出历史舞台,0.015527950310559,0.4423646288231856,0.6668074877656244,0.0160502790508836
北京拆迁退出历史舞台改成搬迁而已微博竟然宁可忍辱负重跪舔骗徒，也不起诉本号侵权周知：本人公开举报本号诽谤微博为何无耻新浪微博却一直不敢起诉本人造谣诽谤？印证事出反常必有妖标题：新浪微博跪舔骗徒纪实（微博为恶意封号的回复）新话题微博跪舔骗徒（送给微博作为起诉本号侵权展开,0.0031055900621118,-0.2864603413106281,0.6132237433956137,-0.0019116799636563
北京拆迁退出历史舞台拆迁给人的印象就是会变暴发户，但是那些都是个别例子，其实拆迁好多都不是很好条件，之前网上不是有拆迁给代金券给你买房用，拆要还要自己补差价买房，你会接受吗。又例如我们村的拆迁谈了几年也没谈下来，是越拆越穷系列。不拆其实也挺好，就继续住自建房，还好停车不用给物业管理费。,0.031055900621118,0.3082598201974957,0.6132237433956137,0.0205715778727235
“拆迁”将退出历史舞台，以“搬迁”代替，同时房屋拆迁许可证制度也被废止北京拆迁退出历史舞台首都先行，接下来应该是全国推广。拆迁一夜暴富、钉子户、拆二代这些带着时代烙印的现象和名词，可以扫进历史了。辣叶记事,0.1832298136645962,0.3910198139458429,0.493341019563896,0.1238596147165346
北京拆迁退出历史舞台说到这个，我就想到，我同事家（北京的）要拆迁了，据说补偿款有好几千万，真是太酸了,0.0031055900621118,-0.6507992873633388,0.6132237433956137,-0.0043430792280779
北京拆迁退出历史舞台鼓楼就是腾退，给的钱很少，买一居共有产权房都添了万元，关键这种房子没有流通价值，商品房又买不起。,0.0093167701863354,-0.5177847579964421,0.62108558625966,-0.0104991390757154
北京拆迁退出历史舞台拆迁暴富的时代结束了北京结束了，外地也别想了。现在回想一下十年前，及更早以前，普通人暴富的机会还是挺多的，时代的红利一轮接着一轮。,0.3229813664596273,0.1916392257441893,0.4095444247295823,0.0888281232158689
北京拆迁退出历史舞台只想说呵呵了，把人从交通方便周边齐全的好地方赶到鸟不拉屎的破地方，不给补偿还理所当然,0.1335403726708074,0.0524655636156166,0.62108558625966,0.0152484594836653
北京拆迁退出历史舞台都拆光了？,0.0186335403726708,-0.0923186864450761,0.6132237433956137,-0.0036965071466577
北京拆迁退出历史舞台广东这边现在都叫旧改了，一样的赔房子赔钱,0.0031055900621118,-0.9995309728027364,0.6132237433956137,-0.0066703241538378
北京拆迁退出历史舞台也不知道以后会搬迁到哪里？京城的夜色深沉猫眼眼的丫丫的微博视频,0.0217391304347826,0.3184291519241342,0.7492241822205618,0.0181741608695639
北京拆迁退出历史舞台应该不是字面意义的退出吧？不然动静会很大吧,0.0031055900621118,-0.3646579210590717,0.6132237433956137,-0.0024335279295128
北京拆迁退出历史舞台幸好哥们家拆迁的早记事以来拆迁了两次记事之前搬了一次家捏,0.0062111801242236,0.9989015663999818,0.6132237433956137,0.0133322476780901
重磅北京拆迁退出历史舞台，从此不再有“拆迁户”北京拟废止房屋拆迁许可证制度月末，北京市规划和自然资源委员会公布《北京市征收集体土地房屋补偿管理办法》（征求意见稿），其中拟对征收宅基地房屋的安置方式进行规定，并明确货币补偿标准。《办法》拟规定，北京市按照一户一宅的展开,0.015527950310559,0.999427714130205,0.6289474291237064,0.034203256727269
北京拆迁退出历史舞台萌哒哒的阳光这样不公平，比如一个村的之前拆迁的拿到很多钱，而且还能给养老金。后面的没有拆迁的怎么办，目前什么也没有拿到，为什么一个村的都这么不公平，不符合公平的原则，反对,0.0062111801242236,-0.9403356327954332,0.6298928044930086,-0.0128917316771957
北京拆迁退出历史舞台说的是集体产权土地和宅基地，土地拍卖还是现金，补偿安置房子，中间商土地财政不受影响、并且补偿周期拉长了（建房到交付）,0.0124223602484472,-0.5190273768956886,0.600728905950443,-0.0135725205704759
北京拆迁退出历史舞台好多人没看明白，官方只是把拆迁这个词改为搬迁。该补偿房屋面积的还是补偿，只不过超过的就现金补偿，而不是几套房几栋楼的补偿。,0.0124223602484472,-0.86636583116753,0.6132237433956137,-0.0231266107281983
北京拆迁退出历史舞台拼多多什么时候退出历史舞台？,0.0031055900621118,0.6666666666666665,0.6132237433956137,0.0044489694569003
北京拆迁退出历史舞台感觉拆迁不公平，因为我家没拆,0.0031055900621118,0.9502698546008196,0.6132237433956137,0.0063415823383982
汉代陶俑的标准寸照半塑半陶俑（面部），汉景帝阳陵博物院藏五官清晰，眉目清秀、口涂红彩。发式为前额中分向后梳上盘出头顶打结，发髻为黑色。纸上探墓北京拆迁退出历史舞台,0.046583850931677,0.2707734617091471,0.5609602773377292,0.0247948329559854
北京拆迁退出历史舞台回头成立个工作组就行,0.0186335403726708,-0.6523722991844292,0.6132237433956137,-0.0261214599023942
北京拆迁退出历史舞台所以是以后再也没有拆迁户了的意思吗？好还是不好呢,0.4627329192546583,-0.1050526512138026,0.4432501209833879,-0.0755046797288679
北京拆迁退出历史舞台我们村原来要拆迁结果有一家要一千和套房子然后不拆了。,0.0217391304347826,0.2001598107048403,0.6132237433956137,0.0093503012854102
小少焱的这个说唱好上头呀中华上下五千年就是这么帅不行我得让孩子背下来鹿晗被活蚕蛹吓出山歌北京拆迁退出历史舞台为什么说身体凉命更长投资伯乐的微博视频,0.1149068322981366,0.9865928729759916,0.7663720989770906,0.304446583260468
晚安超话世间万般的美好，都不及家的温暖，努力有套自己的房子，属于自己小窝，那才是安全感北京拆迁退出历史舞台憨憨的一朵菌子盱眙融媒的微博视频,0.782608695652174,0.5903068520012654,0.3125402070832532,0.5059597648193658
北京拆迁退出历史舞台农村人想逆袭的途径没了,0.0031055900621118,0.4073781714437485,0.6132237433956137,0.0027186195632417
北京拆迁退出历史舞台前几年拆的，只想说给的钱还不如不拆这几年房租赚的多十几年前拆还可能赚点现在没戏拆迁政策复杂着呢,0.0031055900621118,-0.995590495532176,0.6132237433956137,-0.0066440275593043
北京拆迁退出历史舞台看来仇富的人还是多啊,0.0062111801242236,-0.9490467436339132,0.6132237433956137,-0.0126668399267939
北京拆迁退出历史舞台安居房在六环开外玉兔捣药,0.0031055900621118,0.2433512953544314,0.6132237433956137,0.0016239937204934
北京拆迁退出历史舞台拆一代没有了,0.0993788819875776,0.1370160693119334,0.6132237433956137,0.0292598547587197
楼市事关首付款又一城市稳楼市放大招近日，银川市住房和城乡建设局官网发文，银川住房公积金可支付购房首付。购房职工无需再使用自有资金支付首付，将大大减轻职工家庭购买新建商品房支付首付款的资金压力，进一步支持刚性和改善性住房需求。,0.0109890109890109,0.9754861249694886,0.6578295036574179,0.1189919897772057
多地宣布公积金可付首付北京商报记者梳理发现，目前已有郑州、银川、贵州、南京、厦门等多地官宣支持提取公积金负担购房首付款。郑州发布的《关于购买新建预售商品住房提取住房公积金支付购房首付款有关事项的通知（试行）》提到，月日起，拟认购郑州市中原区、二七区、金水区、管城回族区、惠济区新建预售商品住房，同时符合购房提取住房公积金条件的职工，可以预提住房公积金支付购房首付款。分析人士指出，允许公积金支付首付款有利于降低购房者的门槛，提高了购房效率，同时也能促进市场活跃度提升，预计后续将会有更多针对公积金方面的调整政策出台，充分发挥公积金政策对住房市场的作用。北京商报的微博视频,0.0439560439560439,0.6241610738255037,0.9867442554861268,0.456819422941342
多地宣布公积金可付首付北京商报记者梳理发现，目前已有郑州、银川、贵州、南京、厦门等多地官宣支持提取公积金负担购房首付款。郑州发布的《关于购买新建预售商品住房提取住房公积金支付购房首付款有关事项的通知（试行）》提到，月日起，拟认购郑州市中原区、二七区、金水区、管城回族区、惠济区新建预售商品住房，同时符合购房提取住房公积金条件的职工，可以预提住房公积金支付购房首付款。分析人士指出，允许公积金支付首付款有利于降低购房者的门槛，提高了购房效率，同时也能促进市场活跃度提升，预计后续将会有更多针对公积金方面的调整政策出台，充分发挥公积金政策对住房市场的作用。北京商报北京商报的微博视频,0.0769230769230769,-0.1631796179069305,0.6602911284205144,-0.1398565132624658
多地宣布公积金可付首付北京商报记者梳理发现，目前已有郑州、银川、贵州、南京、厦门等多地官宣支持提取公积金负担购房首付款。郑州发布的《关于购买新建预售商品住房提取住房公积金支付购房首付款有关事项的通知（试行）》提到，月日起，拟认购郑州市中原区、二七区、金水区、管城回族区展开,1.0,-0.0288842755494793,0.4843588403661059,-0.2360768409978669
银川：住房公积金可支付购房首付银川房价银川楼市对于公务员和事业单位的人员，这个政策还是很友好的，最起码，可以拿公积金账户几十万的余额抵扣首付款，及时公积金账户用了余额，每个月的公积金进账，也能基本覆盖月供，比那些提高首付万，可好用的多，你举得呢？,0.0219780219780219,0.4301331686260283,0.6578295036574179,0.1049372211328718
银川住房公积金可支付购房首付银川：住房公积金可支付购房首付财联社月日电，银川市住房和城乡建设局房屋产权交易管理中心与市住房公积金管理中心近日联合印发《关于开展提取住房公积金支付购房首付款业务有关事项的通知（试行）》。《通知》提出，公积金缴存职工在购买新建商品住房与房地产企业签订《购房认购协议》和《购房职工提取住房公积金支付首付款承诺书》后，可向公积金中心申请提取住房公积金支付购房首付款，由公积金审核通过后，支付至协议约定的房地产企业的监管账户中，确保购房职工在约定的时间内办理《商品房买卖合同》备案。,0.1758241758241758,0.3370518651165421,1.0,1.0
短期供地过多，热门也能变成冷门，前两年滨湖同样出现过这种情况，现在的神盘蘭园、和光尘樾同样滞销，融创滨湖印更是举步为艰，运河新城在前期楼盘还剩余较多库存的情况下，还计划供应宗约亩涉宅用地，任何一个普通人都知道这样供地行不通，不太清楚蜀山区为何会做如此计划？,1.0,-0.0930973883635631,0.9784881667785232,-0.5815271648593995
美国决定，帮助乌克兰以更大优势，在更短的时间内结束战争改写战场游戏规则的战斗机，几个月内将正式登场俄乌战场，对苏俄制式的战斗机形成碾压式的降维打击。日本当地时间月日下午，美国总统拜登在日本参加七国集团（）领导人会议期间宣布，他已经批准帮助乌克兰训练战斗机飞行员的计划。拜登表示，已经批准未来几个月可能在欧洲进行的培训计划，同时还与其他领导人宣布了针对俄罗斯的新制裁。拜登还表示，将在训练期间的未来几个月内决定提供时间、提供数量以及由谁提供和其他第四代战斗机供乌克兰作战使用。由于欧洲各国的战斗机，买自美国，当初签订了协议，假如向第三国（乌克兰）转移，必须得到美国的同意在先。在此之前，欧洲各国的援助计划，一直被美国压在案头。如今，美国开了金口，除了美国外，欧洲各国对乌克兰飞行员的培训、飞机的转交工作，已经紧锣密鼓地开展了。乌军将告别和俄军在陆地上，犬牙交错的打法，也不再和主力防守的俄军，进行据点拔牙式的直接面对面的战争。战机投入战场，将彻底改写二战之后最大战争的游戏规则。俄军的空天军，一开始还狂轰滥炸，在“爱国者”反导弹系统到位后，已经龟缩在俄本土境内，只敢远程发射导弹。如今战斗机登场，乌军将取得绝对优势的制空权。俄乌战争将告别过去年多类似于二战一般残酷的战壕、坦克对垒焦土作战方式，转向由空军主导的现代化战争。这种进攻方式，可以最大限度地减少乌军伤亡，同时可从任何地点发起进攻，直接威慑俄本土境内设施和基地。战争在年结束的曙光，已经很近了。,0.6984126984126984,0.2242905325883152,1.0,1.0
在年的某一个深夜我改了推特的介绍为“努力的去见你”当时满心满眼都是努力赚钱供自己读书，也供自己以后去追田馥甄的开销我也告诉自己考进大学的话我就有充分的理由去台湾追到了年因为所以不能去那也变成了我的遗憾年有八个月的假期我却不能去，年我依然还是去不了以前的我总盼望着可以去内地看音乐节，看着内地的田粉总是分享自己美好的记忆，我突然意识到自己没有属于自己的时刻只有羡慕别人能够不断地追她的记忆太空彩排，太空现场两次，其他翻唱，接机听着别人分享总会问自己几时有这个机会今年我追了两个自己最爱的老婆前前后后花了不少但是总告诉自己，努力的去见你（们），没了可以再赚回来，但机会没了就是没了大概是小时候想去团的爱而唯一演唱会却没能去，从那之后就变成了某种遗憾了现在计划去两个星期，我也告诉自己，疯了那也没关系，至少不留下遗憾或许可能这会是自己拥有最美好最难忘的时刻了不必过着一种只能听别人回味自己却发现属于自己的一份也没有,0.0317460317460317,0.5305951516059144,0.8268116658136615,0.0889070601479796
三农资讯成都都市圈共建“天府粮仓”个农业项目总投资逾百亿元成都平原自古有“天府之国”的美称，成德眉资作为“天府之国”的核心腹地，在建设“天府粮仓”中扮演着重要角色。记者日获悉，今年，成都都市圈将实施总投资超亿元的个现代农业项目建设，年计划投资逾亿元，协同打造新时代更展开,0.1825396825396825,0.8881242292585227,0.9069191626915822,0.9385912872903208
股市早评一、财经消息、美股三大指数涨跌不一，热门中概股普涨。、商务部：年月，我国对外投资持续增长，对外非金融类直接投资亿元人民币，同比增长、央行：授权全国银行间同业拆借中心公布，年月日贷款市场报价利率（）为：年期为，年期以上为、国家新闻出版署：月国产网络游戏审批信息发布，腾讯旗下《王牌战士》、网易旗下《七日世界》等共款游戏获批。、北京商报：中国工程院院士钟南山表示，月底、月初有一个新冠病毒感染的小高峰，波峰感染数量约万每周。而到月底预测将出现本轮疫情的高峰，感染数量约万每周。二、市场分析、昨天三大指数低开探低回升，全线收涨，上证指数最低探至点回升，反弹当天高点点后回落，遇阻天均线，收盘涨，深成指、创业板基本和上证同步，分别收涨，两市成交量比上周五萎缩，北向资金全天净买入亿。、盘面观察，供销社概念、电力行业、减速器、统一大市场概念等板块涨幅居前，概念、游戏、教育、算力概念等板块跌幅居前。两市个股涨多跌少，超只个股上涨。、板块方面，电力产业链表现强势。消息面，国家发改委对《电力需求侧管理办法（征求意见稿）》《电力负荷管理办法（征求意见稿）》向社会公开征求意见。其中，《电力需求侧管理办法（征求意见稿）》提出，建立和完善需求侧资源与电力运行调节的衔接机制，逐步将需求侧资源以虚拟电厂等方式纳入电力平衡，提高电力系统的灵活性。在利好政策密集推进、实际需求日益旺盛、电力现货市场日益发展等多因素的推动下，能够聚合、优化、协调海量分布式资源的虚拟电厂迎来发展机遇期，预计到年虚拟电厂整体容量空间有望达亿元，到年市场空间或将达亿元。统一大市场概念异军突起，仓储物流板块和供销社概念活跃。国常会研究落实建设全国统一大市场部署总体工作方案或将标志着全国统一大市场建设进程的进一步加速，这将促进规模经济效应的释放，一方面提升有效需求，另一方面便利要素流动，提升资源配置和科技创新效率，为中国经济增长注入新动能。、技术面看，昨日上证指数收出一颗低开冲高遇阻的且上影线较长的阳线，并且量能是继续萎缩的，说明市场观望情绪浓厚。从均线系统来看，上证大盘重新回到了日均线和日均线上方，但依然受到了上方日均线和日均线的压制，技术面上方的压力较大。、总体看，沪指站上日均线，创业板指收十字星，短线维持震荡整理。目前股增量资金仍缺乏，市场流动性处于紧平衡状态。在存量博弈思维下，股的风格轮动或仍延续。股票财经,1.0,0.5360495950927892,0.4337357201421485,1.0
月维持不变：年期为年期以上为月日，中国人民银行授权全国银行间同业拆借中心公布，年月日贷款市场报价利率（）为：年期为，年期以上为。以上在下一次发布之前有效。据了解，自年月以来，已维持个月不变。,0.0172413793103448,0.0,0.6118670338720894,0.0
年月日贷款市场报价利率（），连续个月不变买房买房小知识房地产,0.0517241379310344,0.970432666691385,0.627753997717535,0.135524556112992
刚刚公布最新报价已连续月保持不变社会热点正发声中国人民银行授权全国银行间同业拆借中心公布，年月日贷款市场报价利率（）为：年期为，年期以上为。以上在下一次发布之前有效。已连续月保持不变，对此你怎么看？贷款市场报价利率连续两个不调整展开,0.0172413793103448,0.9924985384680132,0.6118670338720894,0.0450327817823347
月日午间资讯汇总年月日贷款市场报价利率（）为：年期为，年期以上为网页链接,0.0258620689655172,0.5887901057782059,1.0,0.0654928073361185
利率报价中国人民银行授权全国银行间同业拆借中心公布，年月日贷款市场报价利率（）为：年期为，年期以上为。两个品种均与上月水平持平。经济，楼市，股市，需要一点刺激了,0.1034482758620689,0.6290457015942106,0.7962633731475035,0.2228599522522944
房产资讯月报价出炉：年期和年期均维持不变中国人民银行授权全国银行间同业拆借中心公布，年月日贷款市场报价利率（）为：年期为，年期以上为。以上在下一次发布之前有效。（福州微博房产）,0.0086206896551724,0.8515966131486865,0.6118670338720894,0.0193198090274749
连续月不变央行公布月报价月日，中国人民银行公布最新全国银行间同业拆借中心受权公布贷款市场报价利率（）公告。中国人民银行授权全国银行间同业拆借中心公布，年月日贷款市场报价利率（）为：年期为，年期以上为。以上在下一次发布之前有效。年期贷款市场报价利率（）和年期以上，均连续个月维持不变。深圳房产新闻,0.0172413793103448,-0.507213864905411,0.6118670338720894,-0.0230138890990378
明年能不能降到？中国人民银行授权全国银行间同业拆借中心公布，年月日贷款市场报价利率（）为：年期为，年期以上为。以上在下一次发布之前有效。贷款市场报价利率,0.0689655172413793,-0.1173245968435465,0.5400545337914769,-0.0187944024625893
房产资讯月报价出炉：年期和年期均维持不变中国人民银行授权全国银行间同业拆借中心公布，年月日贷款市场报价利率（）为：年期为，年期以上为。以上在下一次发布之前有效。,0.0086206896551724,0.8515966131486865,0.6118670338720894,0.0193198090274749
月贷款市场报价利率不变今天（月日），中国人民银行授权全国银行间同业拆借中心公布，年月日贷款市场报价利率（）为：年期为，年期以上为，均与上月持平。网页链接（央视财经）,0.0086206896551724,0.2877814258285525,0.6118670338720894,0.0065287744253761
年月日贷款市场报价利率（）中国人民银行授权全国银行间同业拆借中心公布，年月日贷款市场报价利率（）为：年期为，年期以上为。以上在下一次发布之前有效。,0.5344827586206896,-0.4593068359999281,0.8180507758107126,-0.8637473107769167
南京公积金付房租提取额每月涨元月日起，南京公积金逐月还贷后剩余部分可还商贷月日，南京住房公积金管理中心发布“关于调整部分住房公积金政策的通知”。自月日起，缴存职工提取公积金支付房租限额每人每月增加元。同时，使用公积金购买二套房的，首套房人均面积只要不超平方米即可；多子女家庭购买首套房的公积金贷款额度和租房提取额度均上浮。政策自月日起施行。现代快报快快看视频的微博视频,0.0134680134680134,0.9415893042468022,0.933384034040912,0.0715997037341746
南京公积金付房租提取额每月涨元月日起，南京公积金逐月还贷后剩余部分可还商贷月日，南京住房公积金管理中心发布“关于调整部分住房公积金政策的通知”。自月日起，缴存职工提取公积金支付房租限额每人每月增加元。同时，使用公积金购买二套房的，首套房人均面积只要不超平方展开,0.1515151515151515,0.1209807509376342,0.7752915802654786,0.0859653046744083
南京调整住房公积金政策南京多子女家庭公积金贷款额度最高每户万南京住房公积金管理中心网站今日发布《关于调整部分住房公积金政策的通知》，其中，加大对多子女家庭住房公积金购房租房支持力度：多子女家庭（有两个及以上未成年子女），首次使用住房公积金贷款购买首套住房最高可贷额度，在普通家庭贷款最高限额基础上上浮，即多子女家庭最高可贷额度为万元人、万元户；对于无房的多子女家庭，每月提取住房公积金支付房租的限额提高。,1.0,0.1653157383480755,1.0,1.0
国家“清单”明确基本养老服务体系加速构建中共中央办公厅、国务院办公厅日前印发了《关于推进基本养老服务体系建设的意见》（以下简称《意见》）。《意见》明确了基本养老服务涵盖物质帮助、照护服务、关爱服务等主要内容。广东广播电视台的微博视频,0.0086206896551724,0.9998556463433704,0.752447861068167,0.0177313912126026
确保国家基本养老服务清单“承诺必达”民政部养老服务司有关负责同志就《关于推进基本养老服务体系建设的意见》答记者问政策解读中国政府网手机浏览器确保国家基本养老服务清单“承诺必达”民政部养老服务司有关负责同志就《关于推进基本养老服务体系建设的意见》答记者问,0.0086206896551724,0.636462685390601,0.752447861068167,0.0112869981863449
年翻译硕士考研：英语翻译基础：词条翻译热词（坚持就是胜利，）今日热词练习：）基本养老服务体系建设今日热词：）民族乐器）有旋律的）打击乐器）超凡脱俗的气氛）播放时间）全部曲目展开,0.0172413793103448,0.0,0.752447861068167,0.0
国家养老清单《关于推进基本养老服务体系建设的意见》国家养老条《关于年调整退休人员基本养老金的通知》,0.0086206896551724,-0.5024286652887742,0.752447861068167,-0.0089100454182979
转给咱爸妈这项基本养老服务，国家安排了月日，中共中央办公厅、国务院办公厅印发《关于推进基本养老服务体系建设的意见》，明确“十四五”时期重点聚焦老年人面临家庭和个人难以应对的失能、残疾、无人照顾等困难时的基本养老服务需求并提出了项重点任务。同时发布《国家基本养老服务清单》，包含物质帮助、照护服务、关爱服务等三大类个服务项目，并分别明确了每个项目的服务对象和内容（人民网）,0.043103448275862,0.8276934212289584,0.9038732097076384,0.0881609209705255
发布了头条文章：《民政部养老服务司有关负责同志就《关于推进基本养老服务体系建设的意》,0.0086206896551724,0.636462685390601,0.752447861068167,0.0112869981863449
一起做个题年月日，中办、国办印发的《关于推进基本养老服务体系建设的意见》发布。它制定的《国家基本养老服务清单》以保障老年人的基本生活安全为主线，并分别明确了每个项目的服务对象和内容。将养老服务划分为基本养老服务和非基本养老服务，并且用清单化、标准化的方式将基本养老服务作为什么？考研杨加讲超话时事杨加讲决战考研,-0.043103448275862,0.5093934919960653,0.5397671042781427,-0.0324010367036621
每日一词基本养老服务体系建设安阳市教育局殷都区教体局安阳市第二十五中学超话网页链接,0.0517241379310344,0.8947343618495933,0.8237305290115514,0.1042220533808876
年翻译硕士考研：英语翻译基础：词条翻译热词（坚持就是胜利，）今日热词练习：）第三届中国中东欧国家博览会今日热词：）脱口秀）无限期暂停演出）擅自改动内容）行政处罚）没收）演出经纪人）演出场所经营单位）线下演出）基本养老服务体系建设）个人养老金）人口老龄化）人口高质量发展翻硕君超话翻硕翻译硕士考研英语笔译笔译翻译,0.0258620689655172,0.8548081215683816,0.7541736589146536,0.0455816823806422
风云聚焦《关于推进基本养老服务体系建设的意见》出台《关于推进基本养老服务体系建设的意见》出台，明确基本养老服务的对象、内容、标准等根据经济社会发展动态调整，“十四五”时期重点聚焦老年人面临家庭和个人难以应对的失能、残疾、无人照顾等困难时的基本养老服务需求。来源：新华社点击链接可订阅《检察风云》杂志电子刊：网页链接,0.0086206896551724,-0.9753909264421704,0.752447861068167,-0.0172975350644062
民政部养老服务司解读《关于推进基本养老服务体系建设的意见》中共中央办公厅、国务院办公厅印发了《关于推进基本养老服务体系建设的意见》，并发出通知，要求各地区各部门结合实际认真贯彻落实。民政部养老服务司有关负责同志就《意见》制定印发和贯彻落实相关问题，回答了记者提问。具体请看,0.0,-0.1814823369156402,0.752447861068167,-0.0
残疾人事业老有所养、残有所扶国家推进基本养老服务体系建设工作将惠及多万残疾老年人中共中央办公厅、国务院办公厅印发了《关于推进基本养老服务体系建设的意见》（以下简称《意见》）。基本养老服务是指由国家直接提供或者通过一定方式引导相关主体向老年人提供旨在实现老有所养、老有所依所必需的基础性、普惠性、兜底性服务。推进基本养老服务体系建设，是推动养老服务高质量发展的机制性措施；是构建政府、社会、市场和家庭各尽其责、有序协同养老服务供给格局的关键环节；是保障基本民生、促进社会公平、维护社会稳定的基础性制度安排，体现了我们党全心全意为人民服务的根本宗旨。,0.1206896551724138,0.8579864093160829,0.8447653841451666,0.2391517979086422
人民日报发文，低龄健康老人是新红利人口结构呈现少子化和老龄化。少子化和老龄化是我国经济社会发展到一定阶段的客观结果。问：面对人口发展的新变化，如何正确看待当前我国人口形势？答：人口高质量发展是中国式现代化的有力支撑，关乎亿万家庭幸福安康、关乎中华民族世代永续。关于我国人口发展形势，有以下几方面基本判断：我国人口基数大、人口众多的基本国情没有改变。按照党的二十大总体部署，我国亿多人口将整体迈进现代化社会，规模超过现有发达国家人口的总和，艰巨性和复杂性前所未有。同时，人口规模巨大意味着我国拥有超大规模国内市场优势。在实施扩大内需战略中，充分释放这一巨大的市场优势，促进消费提质扩容，能够为我国经济社会发展提供强大动力。人口红利向人才红利转变的潜力巨大。目前，我国至岁劳动年龄人口近亿人，总量位居世界第一。新增劳动力平均受教育年限达年，劳动年龄人口平均受教育年限年。未来一段时期，我国劳动力总量仍保持足够规模，随着高等教育普及加快和劳动者的新老交替，劳动力素质将不断提高，人力资本存量将持续提升，人口红利有望加快向人才红利转变。我国人口结构中的“新红利”有待挖掘。第七次全国人口普查数据显示，我国低龄健康、基本健康的老年人规模达到亿人。他们综合素质高、经验丰富，再就业和志愿服务等社会参与热情高，是宝贵的社会财富，是中国式现代化建设中的“新红利”。问：面对人口发展新常态，应如何应对？答：人口发展形势对国家发展和经济社会运行的影响长期而深远，应加快完善人口服务体系，促进人的全面发展。一是构建家庭支持政策。着力加强更有助于家庭整体发展的社会政策，在生育政策、假期政策、住房政策等领域更多地向家庭整体倾斜，提高家庭人口再生产能力，保护和增强家庭对社会的基础支撑作用。二是完善养老服务体系。强调家庭对健康养老的重要作用，加强社区居家养老服务的支撑能力，实现机构的辐射功能，建立起健康养老服务体系的正向激励政策体系，在全社会树立起健康老龄化的思想观念。三是完善托育服务体系。扩大普惠托育市场规模，加大群众急需的优质放心的托育服务供给，鼓励各地创新“托幼一体化”模式，优化升级儿童用品市场。四是积极开发人力资源储备。综合考虑人均预期寿命提高、人口老龄化趋势加快、受教育年限增加、劳动力结构变化等因素，以大龄劳动力资源为重点，提升大龄劳动者技能，开发更适合大龄劳动者的岗位，促进大龄劳动者更好地参与社会建设，实现劳动参与率和劳动生产率双提升。,1.0,0.1755965739457089,0.5172924994115385,0.248335784728304
如意甘肃事关养老国家重磅发文中共中央办公厅国务院办公厅印发《关于推进基本养老服务体系建设的意见》新华社北京月日电中共中央办公厅、国务院办公厅印发了《关于推进基本养老服务体系建设的意见》，并发出通知，要求各地区各部门结合实际认真贯彻落实。《关于推进基本养老服务体系建设的意见》主要内容如下。基本养老服务在实现老有所养中发挥重要基础性作用，推进基本养老服务体系建设是实施积极应对人口老龄化国家战略，实现基本公共服务均等化的重要任务。党的十八大以来，在党中央坚强领导下，基本养老服务加快发展，内容逐步拓展，公平性、可及性持续增强。为贯彻落实党中央、国务院有关决策部署，健全基本养老服务体系，更好保障老年人生活，现提出如下意见。一、总体要求（一）指导思想。以习近平新时代中国特色社会主义思想为指导，立足新发展阶段，完整、准确、全面贯彻新发展理念，构建新发展格局，坚持党对基本养老服务体系建设的全面领导，坚持以人民为中心，坚持以改革创新为根本动力，加快建成覆盖全体老年人、权责清晰、保障适度、可持续的基本养老服务体系，不断增强老年人的获得感、幸福感、安全感。（二）主要任务。基本养老服务是指由国家直接提供或者通过一定方式支持相关主体向老年人提供的，旨在实现老有所养、老有所依必需的基础性、普惠性、兜底性服务，包括物质帮助、照护服务、关爱服务等内容。基本养老服务的对象、内容、标准等根据经济社会发展动态调整，“十四五”时期重点聚焦老年人面临家庭和个人难以应对的失能、残疾、无人照顾等困难时的基本养老服务需求。（三）工作原则基础性原则。立足我国基本国情，统筹考虑必要性和可能性，着眼保基本、广覆盖、可持续，尽力而为、量力而行，保障老年人的基本生活和照料需要。普惠性原则。在提高基本公共服务均等化水平的过程中，逐步拓展基本养老服务的对象和内容，使所有符合条件的老年人能够方便可及、大致均等地获得基本养老服务。共担性原则。在赡养人、扶养人切实履行赡养、扶养义务基础上，通过提供基本养老服务、发挥市场作用、引导社会互助共济等方式，帮助困难家庭分担供养、照料方面的负担。系统性原则。推动社会保险、社会救助、社会福利、慈善事业、老年优待等制度资源优化整合，强化各相关领域体制改革配套衔接，支持基本养老服务体系发展。二、重点工作（一）制定落实基本养老服务清单。各地区各有关部门要严格落实《国家基本养老服务清单》（见附件）。《国家基本养老服务清单》明确的对象、项目、内容等，根据经济社会发展水平、财力状况等因素动态调整，由民政部会同相关部门适时提出修订意见，按程序报批后以部门名义印发实施。省级政府应当对照《国家基本养老服务清单》制定并发布本地区基本养老服务具体实施方案及清单，明确具体服务对象、内容、标准等，其清单应当包含《国家基本养老服务清单》中的服务项目，且覆盖范围和实现程度不得低于《国家基本养老服务清单》要求。到年，基本养老服务制度体系基本健全，基本养老服务清单不断完善，服务对象、服务内容、服务标准等清晰明确，服务供给、服务保障、服务监管等机制不断健全，基本养老服务体系覆盖全体老年人。（二）建立精准服务主动响应机制。建立老年人状况统计调查和发布制度，开展老年人能力综合评估，制定完善全国统一的评估标准，推动评估结果全国范围互认、各部门按需使用。依托全国一体化政务服务平台，推进跨部门数据共享，建立困难老年人精准识别和动态管理机制，细化与常住人口、服务半径挂钩的制度安排，逐步实现从“人找服务”到“服务找人”。推动在残疾老年人身份识别、待遇享受、服务递送、无障碍环境建设等方面实现资源整合，加强残疾老年人养老服务保障。面向独居、空巢、留守、失能、重残、计划生育特殊家庭等老年人提供探访关爱服务。支持基层老年协会、志愿服务组织等参与探访关爱服务。依托基层管理服务平台，提供养老服务政策咨询、信息查询、业务办理等便民养老服务。（三）完善基本养老服务保障机制。推动建立相关保险、福利、救助相衔接的长期照护保障制度。合理确定经济困难失能老年人护理补贴覆盖范围和补贴标准。地方各级政府应当建立基本养老服务经费保障机制，中央财政统筹现有资金渠道给予支持。落实发展养老服务优惠扶持政策，鼓励社会力量参与提供基本养老服务，支持物业服务企业因地制宜提供居家社区养老服务。将政府购买服务与直接提供服务相结合，优先保障经济困难的失能、高龄、无人照顾等老年人的服务需求。具备条件的地方优化养老服务机构床位建设补助、运营补助等政策，支持养老服务机构提供基本养老服务。鼓励和引导企业、社会组织、个人等社会力量依法通过捐赠、设立慈善基金、志愿服务等方式，为基本养老服务提供支持和帮助。开展基本养老服务统计监测工作，建立基本养老服务项目统计调查制度。（四）提高基本养老服务供给能力。设区的市级以上地方政府应当将养老服务设施（含光荣院）建设纳入相关规划，结合当地经济社会发展水平、老年人口状况和发展趋势、环境条件等因素，分级编制推动养老服务设施发展的整体方案，合理确定设施种类、数量、规模以及布局，形成结构科学、功能完备、布局合理的养老服务设施网络。各地新建城区、新建居住区要按标准和要求配套建设养老服务设施；老城区和已建成居住区要结合城镇老旧小区改造、居住区建设补短板行动等，通过补建等方式完善养老服务设施。政府投入资源或者出资建设的养老服务设施要优先用于基本养老服务。发挥公办养老机构提供基本养老服务的基础作用，研究制定推进公办养老机构高质量发展的政策措施。建立公办养老机构入住管理制度，明确老年人入住条件和排序规则，强化对失能特困老年人的兜底保障。现役军人家属和烈士、因公牺牲军人、病故军人的遗属，符合规定条件申请入住公办养老机构的，同等条件下优先安排。保障特困人员供养服务机构有效运转。到年确保每个县（市、区、旗）至少有所以失能特困人员专业照护为主的县级特困人员供养服务机构。光荣院在保障好集中供养对象的前提下，可利用空余床位为其他无法定赡养人、扶养人或者法定赡养人、扶养人无赡养、扶养能力的老年优待抚恤对象提供优惠服务。鼓励支持党政机关和国有企事业单位所属培训疗养机构转型为普惠型养老服务设施。提升国有经济对养老服务体系的支持能力，强化国有经济在基本养老服务领域有效供给。（五）提升基本养老服务便利化可及化水平。依托和整合现有资源，发展街道（乡镇）区域养老服务中心或为老服务综合体。支持养老机构运营社区养老服务设施，可按规定统筹养老服务资源。支持社会力量为老年人提供日间照料、助餐助洁、康复护理等服务。依托街道（乡镇）区域养老服务中心或为老服务综合体、社区养老服务设施以及村民委员会、社区居委会等基层力量提供家庭养老指导服务，帮助老年人家庭成员提高照护能力。将失能老年人家庭成员照护培训纳入政府购买养老服务目录，符合条件的失能老年人家庭成员参加照护培训等相关职业技能培训的，按规定给予职业培训补贴。优先推进与老年人日常生活密切相关的公共服务设施改造，为老年人提供安全、便利和舒适的环境。鼓励开展无障碍环境认证，提升无障碍环境服务水平。以满足居家生活照料、起居行动、康复护理等需求为重点，采取政府补贴等方式，对纳入分散特困供养的失能、高龄、残疾老年人家庭实施居家适老化改造，有条件的地方可将改造对象范围扩大到城乡低保对象中的失能、高龄、残疾老年人家庭等，引导社会化专业机构为其他有需求的老年人家庭提供居家适老化改造服务。鼓励发展康复辅助器具社区租赁服务，提升老年人生活自理能力和居家养老品质。积极推进养老服务认证工作。加强信息无障碍建设，降低老年人应用数字技术的难度，保留线下服务途径，为老年人获取基本养老服务提供便利。依托国家人口基础信息库推进基本养老服务对象信息、服务保障信息统一归集、互认和开放共享。三、组织保障（一）加强组织领导。发挥党总揽全局、协调各方的领导核心作用，坚持党政主要负责人负总责。地方各级党委和政府要将基本养老服务体系建设纳入当地经济社会发展规划和重要议事日程。中央各有关部门和单位要按照职责分工，明确落实措施和进度安排。养老服务部际联席会议要发挥牵头协调作用，研究并推动解决基本养老服务体系建设工作中的重大问题。（二）强化督促指导和监管。省级政府要切实履行责任，落实支持政策，加强绩效评价和监督检查。民政部要会同国家发展改革委等部门，建立健全评价机制，把基本养老服务体系建设情况纳入积极应对人口老龄化综合绩效评估。各地要强化基本养老服务综合监管，确保服务质量和安全，对违法违规行为严肃追究责任。发挥标准对基本养老服务的技术支撑作用，开展服务质量第三方认证。（三）营造良好社会氛围。各地区各有关部门要主动做好基本养老服务政策宣传解读，及时公开基本养老服务信息。要凝聚社会共识，充分调动各方支持配合基本养老服务体系建设的积极性和主动性。附件：国家基本养老服务清单（来源：新华社）,0.0172413793103448,0.999811194708492,0.7524703959131266,0.0354622678364322
月日完整版新闻月日，中办、国办印发《关于推进基本养老服务体系建设的意见》，并首次公布《国家基本养老服务清单》，旨在实现老有所养老有所依所必需的基础性、普惠性、兜底性服务。到年，基本养老服务体系将覆盖全体老年人。新闻今晚邀请全国老龄委专家委员会委员、中国人民展开,0.0258620689655172,0.5297450424929182,0.7541736589146536,0.0282480590209277
确保国家基本养老服务清单“承诺必达”《关于推进基本养老服务体系建设的意见》月日公开发布。当中，基本养老服务内容有哪些？如何提供这些服务？在我国各地区的发展仍不均衡，老龄化程度差距明显的背景下，应当如何实现基本养老服务的公平保障？民政部养老服务司有关负责同志这样回答,0.0086206896551724,0.636462685390601,0.7533107599914103,0.0112999419916045
中共中央办公厅国务院办公厅印发《关于推进基本养老服务体系建设的意见》,0.5258620689655172,0.728576312170669,0.9546980191009592,1.0
中共中央办公厅国务院办公厅印发《关于推进基本养老服务体系建设的意见》中办国办印发《关于推进基本养老服务体系建设的意见》（最高人民检察院）,0.0862068965517241,0.6679157624510008,1.0,0.1574166946580115
刚去某学校递交我儿子的个人资料（简历）（儿子小升初），门卫说你家就这么简单啊？我说是的。门卫接着说你家的太简单了，没有人家像你家这样的，别人都是一本书似的，我可不保证招生办看你家孩子的简历。我说先这样吧。边开车往家走，边想一个岁的即将升初一的娃娃，得多丰富的简历才能进了学校老师的法眼？我想着简历里就是基本信息，一目了然不挺好的吗？这社会病了，病的很重我看海南自贸港的建设和发展海南自贸港建设,0.0606060606060606,-0.0958082131550741,0.7667638595898276,-0.0147066791686684
海南青年五四奖章勇毅前行担使命奋勇争先创新局乐东黎族自治县人民法院，共有人，周岁以下青年占比为。乐东黎族自治县人民法院是全省基层法院首个开展“清廉自贸港法院”创建的单位。近年来，乐东法院坚持内强外拓、改革创新，大力加强队伍建设，狠抓诉讼服务和审判执行质效，诉讼服务质效评估各项指标综合得分一直处于全省法院前列，均衡结案工作领跑全省基层法院，率先在全省建立“一镇一乡村法治服务中心”、“一镇一包点法官”乐东法治乡村治理创新模式，该模式作为全省唯一案例入选第四批全国乡村治理典型案例和全国法院一站式建设优秀改革创新成果强案例评选。青年榜样力量青春闪耀团代会,0.3939393939393939,0.9463066700558244,0.8120906293404193,1.0
我和我的自贸港我为自贸港做贡献会说文昌话的洋女婿：我想在海南把生意做大“她是老板娘，我是老板爹”来自意大利的蓝豆边说着满是文昌口音的海南话，边深情地望着美丽的妻子郑女士，时而还哈哈大笑。蓝豆告诉记者，海南自贸港建设如火如荼，他不但学海南话，还要学普通话，将来把生意做大。（记者吴岳文文图）我和我的自贸港生活会说文昌话的洋女婿：我想在海南把生意做大海南发布微博的微博视频,1.0,-0.1799362954605886,1.0,-0.5943646367668683
海南自贸港建设摘要：本文主要探讨了当前我国民营企业面临的营商环境问题，并提出了优化民营企业营商环境的建议。其中，完善政策支持、加强基础设施建设、加强政企合作等方面是优化民营企业营商环境的关键。关键词：民营企业；营商环境；优化民营企业是我国经济发展的重要动力和主体，对于促进经济增长、增加就业、推动创新发展等方面发挥着重要作用。然而，由于受到多种因素的影响，民营企业在发展过程中面临很多困难和挑战，其中营商环境问题是制约民营企业发展的一个重要因素。因此，优化民营企业营商环境，促进民营企业的稳健发展，已经成为当前亟待解决的问题。自贸港新视界海南省人民政府网站海南廖孝炳中国政府网特刊民营企业营商环境优化建议探讨,0.5757575757575758,0.4355297446082937,0.6522372108314639,0.5402530668694073
徐闻打造湛江与海南联动发展先行区县委书记打擂台潮起潮落、船来船往，全球最大的客货滚装码头徐闻港的每一天都是忙碌而有序的。徐闻，位于我国大陆最南端，这里有闻名遐迩的“菠萝的海”，还有震撼人心的“风车的海”。徐闻如何扛起“与海南相向而行”的使命担当，高标准建设广东对接服务海南自贸港的南门户城市，全力打造湛江与海南联动发展的先行区，实现县域经济提档升级？一起寻找答案。广东高质量发展徐闻打造湛江与海南联动发展先行区广东人保财险特约县委书记打擂台第二季南方日报的微博视频,0.1515151515151515,0.5297450424929182,0.7559643686096892,0.2004280396795328
海南省召开湛海高铁项目建设动员部署会月日，海南省召开湛海高铁项目建设动员部署会，强调要把思想和行动统一到重要批示精神上来，切实提高政治站位，按照省委、省政府工作部署，以强烈的历史使命感和等不起的紧迫感、慢不得的危机感，统筹调度各方面积极因素，全力以赴加快推进项目建设，把湛海展开,0.0909090909090909,0.9649045977995754,0.7667638595898276,0.2221710730359213
南京调整住房公积金政策南京多子女家庭公积金贷款额度最高每户万南京住房公积金管理中心网站今日发布《关于调整部分住房公积金政策的通知》，其中，加大对多子女家庭住房公积金购房租房支持力度：多子女家庭（有两个及以上未成年子女），首次使用住房公积金贷款购买首套住房最高可贷额度，在普通家庭贷款最高限额基础上上浮，即多子女家庭最高可贷额度为万元人、万元户；对于无房的多子女家庭，每月提取住房公积金支付房租的限额提高。,1.0,0.1653157383480755,1.0,1.0
上海租房超话泗泾站地铁口公寓分钟直达漕河泾分钟直达徐家汇保障性住房人才公寓民用水电燃气厨房办居住证租赁备案朝南带阳台卫生间干湿分离押一付一该房源位于泗泾地铁站）,0.0543478260869565,-0.5345266947706144,0.5482395209473185,-0.0802347285330796
王炸消息：地产转向？地产王炸来啦深圳市多部门联合发布了大改革规划，重点就是共有产权房和公租房。如果深圳试点成功，未来就会辐射全国。内容简单，但是信息量很大，我给大家总结出三大点。、公共租赁住房租金为同期同期。市场参考租金的左右。、保障性租赁住房租金不超过同期同地段同品质市市场的。、共有产权住房的销售价格。按照土地出让时市场参考价格的左右确定。这样的改革意味着什么呢？共有产权房半价，会让很多渴望房子的年轻人能够快速入市。本来要卖万的房子，现在只要万，直接打对折，只是产权共有，并不影响居住。钱多买好房，钱少买共有房。其次，往深入思考，这能带动土地销量，维持地方土地收入，更能让楼市带动整个消费。还依然稳住房住不炒。这话怎么说呢？因为共有产权房的大量推广，商品房需求减少，房价也就正常了。是不是整个经济又重新启动了？民不加赋，而国用足？最后从大来说，房地产板块今年也算是稳住了，系统性风险瓦解。其实这也早已反应，在大盘上，大金融止跌企稳，不就是最好的答案吗？共有产权房对不少年轻人来说，对吧？,0.0434782608695652,0.4032407867296144,0.5786972721110585,0.0511126648920609
根据《北京市住房和城乡建设委员会关于进一步加强公共租赁住房分配管理的通知》第四条，产权单位公告规定的申请期限届满后仍未配租的房源，可以面向社会单位组织本市城镇户籍无房职工集体租赁，承租一间公租房，在没有明确社会单位组织退出条件，却以重点保障公共服务行业以及解决符合条件的新北京人、青年人的住房困难为由不再与一般社会单位组织签订租赁合同，这到底是考虑了北京市谁的住房情况，是谁开着奔驰宝马住着保障性公租房？新闻特别关注北京新闻广播北京,0.1195652173913043,-0.069928361198145,0.4990532196276073,-0.0210206210072717
以涨价解决“住”的问题，就是在耍流氓作者：燕大来源：乌有之乡网站转自燕财局公众号年轻人想到大城市找机会或也将越来越难。昨天聊深圳统租房，其实月份统租房刚传出消息我就在关注，后面听到房租变相加价，就知道所谓“为加快解决新市民、青年人等群体住房问题”变成了嘘头。除展开,0.3260869565217391,0.6087319552525506,1.0,1.0
西安个保租房项目来了看看哪个离你最近近日，西安市住建局公示年认定的第一批个保障性租赁住房项目。西安保租房,0.0326086956521739,-0.9538348993318572,0.5713715175054059,-0.0895294043919136
北京超话开放活力看朝阳北京朝阳套房源即将完成建设筹集住有所居、安居宜居。预计今年年底，朝阳区将完成建设筹集保障性租赁住房套（间），安置房套，竣工各类保障性住房套（间），让更多群众实现“安居梦”。,0.0434782608695652,0.9699941657808884,0.5482395209473185,0.1164801972758337
深圳投亿改造城中村，要做最大“二房东”？白芒村位于深圳南山西丽，与宝安区石岩街道相邻，是深圳一处典型的城中村。白芒村搬迁通知，正式揭开了深圳“统租”的大幕。所谓的“统租”，指的是由政府主导，从房东手中统一租赁房源，进行装修、改造后，再出租给特定群体。可以看出，政府一手托房东，一手托租客，做的是“二房东”的事情。今年月日，深圳市属国企人才安居集团旗下的深圳市安居微棠住房租赁投资控股有限公司正式揭牌。安居微棠公司，就是这次“统租”行动的“二房东”。这个“二房东”，不简单。安居微棠公司注册资本亿，还获得了国家开发银行、工商银行、建设银行、中国银行、农业银行等大银行的亿元银行授信支持。除了安居微棠公司这家大的“二房东”，深圳市人才安居集团还与宝安、龙华、光明区签署了战略合作框架协议，共同出资成立区级城中村改造公司，即小的“二房东”。深圳城中村规模化统租改造，随即开始。深圳为何要投入这么多资金，来“统租”城中村？根源，还是房价太高了。众所周知，深圳的房价之高，位于全国前列。为了吸引年轻人，解决新市民的住房问题，深圳一直在建设保障性住房。以前，深圳采取的策略是紧盯增量，开工建设一批保障房。但要知道，深圳寸土寸金，土地资源本来就稀缺，新房建设成本也不低，新建保障房压力颇大。现在，深圳换了一个思路，盘活存量。即政府主导改造现有的房源，将其转化为保障性租赁住房。根据深圳市规土委的调研数据显示，深圳城中村用地总规模约平方公里，约占深圳土地总面积的，至少提供万套房源。这里面，改造的空间很大。这便是“统租”的由来。这一方式有几个好处：一是改善城中村的居住环境。城中村大多存在房屋老旧、管线老化等问题，部分还有消防、安全隐患。政府主导介入改造，能够提升环境，增加配套，消除隐患。二是提供高品质的租赁房源。城中村租房价格虽然便宜，但租客也备受房东随意涨价、租期不稳的困扰。“统租”提供的房源，经过改造后，居住环境、品质大为提升，价格更为透明，租期也更为稳定，有利于保障租客的利益。三是政府的支出更低。改造房屋，比新建房屋成本更低，有利于节约政府开支。今年，深圳计划通过城中村规模化品质化改造提升，筹集保障性住房万套（间），约占全市城中村租赁住房总量的。整体看，城中村改造，确实是一个不错的思路。来风闻看全文，参与更多讨论深圳投亿改造城中村，要做最大“二房东”？,0.9782608695652174,-0.0428251127766942,0.5991074014158003,-0.1264440373612685
延安入选国家海绵城市建设示范城市未来年将获得中央财政补助亿元在近期财政部牵头开展的年海绵城市建设示范评审中，延安市入选国家海绵城市建设示范城市，未来年将获得中央财政补助亿元。西安公示个保障性租赁住房项目姑娘要结婚退租时扫干净房子留下喜糖,0.3152173913043478,0.4987998724376519,0.6396127744385384,0.5066337358531425
深圳光明保障房预计后年竣工约套房据了解，光明万丈坡保障房项目计划年竣工，建成后将提供保障性住房约套。项目位于光明街道华夏路与牛山路交会处西北侧，据了解，目前项目进度为基坑支护桩、冠梁、内支撑完成，工程桩完成，土方开挖完成。项目于年月进入开工建设展开,1.0,0.39147408360294,0.5056382612390705,0.9972026351146293
白话数据年月日建委新房住宅网签套，二手房住宅网签套（网签数据有滞后）。大中介前台挂牌房源量套（中介春节休假前），持续关注。昨日热点：紫金书院获预售许可证，均价约万；朝阳区今年将建设筹集万套保障性租赁住房；年全国结婚登记数据为万对，较年全年数量万对下降；离婚登记万对，比上年下降。,0.6630434782608695,-0.0718386995973006,0.4954468505410062,-0.1188879980466021
昆明市住建局昆明保障性租赁住房关于昆明市年第三批保障性租赁住房分配有关事项的通知网页链接,0.0108695652173913,-0.0785927214066537,0.5786972721110585,-0.0024904992032136
走进天府前湾纪实（四）今日再赴前湾，比之此前，不少惊喜，甚至孕育出更多希望。从沈阳路地铁口出来，眼前赫然出现几个醒目的大字：合能麓山天筑。每个字拆开看，似乎都包含着无穷的力量，让人奋进不息，可是已破产清算的开发商到底能否找到下一个实力不俗、又能带来变革的接盘手，也许只有天知展开,0.5760869565217391,0.6939023333300147,0.4743839408397731,0.9553375335915132
央行下调常备借贷便利利率个基点财联社月日电，央行下调常备借贷便利利率，隔夜期下调个基点至，天期下调个基点至，个月期下调个基点至。：界面的微博视频,0.0155642023346303,0.0,0.5480173864814505,0.0
央行数字货币超话利好央行重磅官宣：降息个基点年月日中国证券报在月日公开市场逆回购操作利率和各期限常备借贷便利利率均下调个基点后，“麻辣粉”（）降息也应声落地月日，人民银行开展亿元年期（中期借贷便利，市场俗称“麻辣粉”）操作，中标利率为，较上月下降个基点。,0.0038910505836575,0.9999942588879334,0.5058622029059543,0.0038925889040062
刚刚，央行正式官宣：降息为维护银行体系流动性合理充裕，年月日人民银行开展亿元中期借贷便利（）操作和亿元公开市场逆回购操作，充分满足了金融机构需求。中标利率分别为和，继逆回购利率下调后，中标利率正式下调个基点。中标利率已经持续个月未降，本次直接下降了个基点。天后（月日）即将公布的利率，房贷利率是否再次下降？央行下调常备借贷便利利率个基点,0.4980544747081712,0.2562396031284953,0.5249039569441579,0.1324783383089594
央行下调常备借贷便利利率有助于带动实体经济融资成本下降央行下调常备借贷便利利率有助于带动实体经济融资成本下降,0.0077821011673151,0.9978218174142244,0.5901725700569467,0.0090629756790571
“降息”中国央行将利率下调，中国央行今日进行亿元一年期（中期借贷便利：央行提供中期基础货币的货币政策工具），利率，此前为。今日有亿元到期。后续关注号的（贷款基准利率）央行下调常备借贷便利利率个基点,0.0428015564202334,0.8421052631578949,0.5058622029059543,0.0360578726493993
我查了一下、当今世界大事频发，有降息的国家，也有涨息的。,0.0389105058365758,0.4768229257996406,1.0,0.036691539227096
央行下调常备借贷便利利率个基点参考了解下,0.0428015564202334,-0.0551799303931907,0.4556286220511626,-0.0021281078530228
月美联储大概率的停止加息，加上昨天央行下调常备借贷便利利率，隔夜期下调个基点至，传递出政策利率有松动的迹象，所以，今天工业品指数报收大阳线，可能反弹随时会结束，再一次的建议大家：短期休息观望，不要追涨。,0.0894941634241245,0.2233393370888399,0.3816378886260177,0.015085278971972
午后市场发生了什么？原因找到了一、弟兄们稳住，不要慌。从盘面看，午后市场再次小幅回落，三大指数全面小阴线调整，两市个股也是跌多涨少，市场赚钱效应不强。但需要注意的是，大消费和制造业依然强于大势，这说明什么？答：说明机构们在真做多，目前市场唯一不好的负面消息就是人民币居高不下，对大盘形成压制，但问题不大，人民币应该也快结束贬值回升了。二、另外就是注意这个大信号。昨天一天之内两次“降息”释放不同凡响的大信号，政策刺激这是要火力全开的节奏啊，如果我没预料错，大放水悄悄的开始了。昨天上午逆回购工具降息，昨晚据央行官网消息，央行下调常备借贷便利利率（），隔夜期下调个基点至，天期下调个基点至，个月期下调个基点至。三、昨晚这次降息确实来的很突然，说明政策对这次提振经济迫在眉睫了，出手速度很快，下半年经济将从弱复苏逐渐提速。年初文章就给大家讲过，美联储连续加息压制了咱们刺激经济的手段，等美联储加息触顶的时候，咱们国内自然会降准降息提振经济。现在回想这段话，绝对解读正确。而且看架势，货币政策已经进入新一轮降息降准的周期，更大更全面的降准降息已经在路上了。只要是懂点金融市场的人就会知道，今日市场跌不下去的。四、另外，就是昨晚披露的这些国内数据，整体还是可以的，并不是很多人解读的利空，居民存款已经开始减少，这就是好消息，所以金融数据一定要结合市场的位置和经济形势去分析，而不是单纯的看百分比。、央行：月社会融资规模增量为万亿元比上月多亿元、央行：月货币供应量同比增长预估为、央行：月份人民币贷款增加万亿元同比少增亿元、央行：月份人民币存款增加万亿元同比少增万亿元五、所以总结，现在策略就是做多市场，持股持基待涨就行了，至于今天午后市场出现回落，别太当回事，内容不便细说，就是双方电话各自阐明立场罢了，没啥的。今日看盘美股股,0.0856031128404669,-0.1752926999297775,0.560359765412109,-0.0166288516402232
中国人民银行：下调常备借贷便利利率（）个基点金融超话经济超话财经资讯央行下调常备借贷便利利率个基点个基点如小意小额贷的微博视频,0.0038910505836575,0.9988073954346272,0.5058622029059543,0.0038879689059734
今天开始有举手内参的整数可以发一下就一天，看了一下盘面小谈自己的感觉与盘子黑色品的位置小看法。消息面不多说了，网上都有央行开展亿元天期逆回购操作，中标利率，较前日下调个基点，为年月以来首次调整，并创历史新低。央行还同步下调常备借贷便利利率个基点，隔夜、天、个月期分别下调至、和。美国月同比上升，连续第次下降，创年月以来新低，预估为，前值为。数据公布后，市场普遍预期美联储将在本周的政策会议上暂停加息基本以可能的降息或降准、新债增发为主的宏观利多。那么降息后能更大程度的促使钱更多的流入市场。活跃市场，活跃实体，活跃经济，从美国的情况看也相对是利多消息。港口市场呈现弱稳走势，上游受成本倒挂影响，报价坚挺低价不愿出货，需求询货量略增加，但也在压价采购，报还盘价差较大，成交较少。部分市场参与者表示，近期刚需补货支撑价格下行节奏有所放缓，在长协价附近低位震荡运行。华南某电厂大卡煤中标价，元，较上周中标价下降元，再次回到前期低点。进口商表示，高卡进口煤货盘不多，预计后期跌幅有限，相比之下，印尼中低卡尤其中卡价格倒挂较多，预计后期还有一定下降空间或将迎来短春调研了解到秦皇岛市本轮限产后，该市家钢厂表示计划烧结限产，因此高炉需要适当控产但非限产和停产。,0.0544747081712062,0.3706104675064613,0.3456400806164563,0.0137999851012224
股票超话中国央行宣布下调常备借贷便利利率个基点，政策利率降息进行时国内宏观中国央行本轮政策利率降息正持续推进中，在周二早间调降公开市场逆回购利率后，央行当晚宣布常备借贷便利（）跟进降息，幅度与逆回购一致均为个基点（）。分析人士认为，国内银行新一轮存款利率下调之际，市场资金利率亦低位徘徊，央行此举将进一步推动资金向实体经济流动，亦意味着后续包括（中期借贷便利）及（贷款市场报价利率）在内的新一轮“降息”之门开启。本周末大概率会开启降息之窗财经,1.0,0.9995990690656704,0.5058622029059543,1.0
央行降息央行下调常备借贷便利利率各期限均下调个基点在天期逆回购利率下调后，央行同一天还下调了常备借贷便利（）利率。月日晚间，中国人民银行更新的常备借贷便利利率表显示，隔夜常备借贷便利利率下调个基点至，天期常备借贷便利利率下调个基点至，个月期常备借贷展开,0.0077821011673151,0.8543487462234645,0.5901725700569467,0.0077598442661049
央行下调常备借贷便利利率，隔夜期下调个基点至，天期下调个基点至，个月期下调个基点至。央行下调常备借贷便利利率个基点,0.0038910505836575,0.4701593238379957,0.5058622029059543,0.0018301474741686
“常备借贷便利利率”是啥？说起来比较专业、比较难懂，简言之就是央行为了解决流动性问题的一种货币政策工具。下调这一利率有助于降低实体经济融资成本，助力稳增长。在我看来近期“存款利率”、“逆回购利率”、”常备借贷便利利率”的连续下调反应出银行的“窘境”，也是为了刺激信贷需求、推动消展开,0.0038910505836575,0.1072815778655202,0.5058622029059543,0.0004176054771234
利好来了，股起码得涨一个上午。中国央行意外“降息”，将天期逆回购利率下调个基点，下调常备借贷便利利率个基点，分析称后续利率体系的同步下调是大势所趋。中国月新增社融和新增人民币贷款均较去年同期下降，社融新增万亿元，居民中长期贷款增加亿元，居民存款增加亿元，剪刀差缩窄。发改委等四部门：推动贷款利率稳中有降，引导金融资源精准滴灌。,0.0389105058365758,-0.2000000000000004,0.5058622029059543,-0.0077852225038476
央行年内首次降息，市场预计利率和下调可能性较大月日，中国人民银行发布公告称，为维护银行体系流动性合理充裕，以利率招标方式开展了亿元天期逆回购操作，中标利率下降个基点至，为去年月中旬以来首次下调。同日，央行下调常备借贷便利利率，隔夜期下调个基点至，天展开,0.0077821011673151,-0.7409747082032472,0.5901725700569467,-0.0067300951352667
小湘速递央行下调常备借贷便利利率个基点月日，央行下调常备借贷便利利率，隔夜期下调个基点至，天期下调个基点至，个月期下调个基点至。（央行）,0.0155642023346303,0.9459634540755056,0.5480173864814505,0.0159564946027196
央行下调常备借贷便利利率个基点：政策转向，全力拼经济财联社月日电，央行下调常备借贷便利利率，隔夜期下调个基点至，天期下调个基点至，个月期下调个基点至。,0.0233463035019455,-0.1996771263115884,0.5480173864814505,-0.0050522252861099
早盘：央行下调常备借贷便利利率，虽然都是短期的。也是维护金融机构之间的流动性。只能说是个小小利好盘面：继续等待中阳突破区域,0.0077821011673151,0.8357487922705313,0.5058622029059543,0.0065064903051479
央行下调常备借贷便利利率个基点发改委昨天宣布利率郑策以后稳中有降，这等于正式进入降息周期，大势已定之前降存款利率，并不能给股市带来增量资金。但降贷款利率就不一样了。这会降低企业和投资机构的资金成本。小股民无所谓，反正都是自己的钱，又不贷款。但大机构的钱大多来自企业，核算资金成本是企业会计重要工作。资金成本低了，企业能拿出来的钱就多。股市不好，但买业绩稳定分红多的大蓝筹还是划算的。中特估首当其冲。,0.0622568093385214,0.1437195764241737,0.5901725700569467,0.0104429628857952
国务院常务会李强主持召开国务院常务会议研究推动经济持续回升向好的一批政策措施审议通过《加大力度支持科技型企业融资行动方案》审议通过《私募投资基金监督管理条例（草案）》讨论《中华人民共和国学位法（草案）》李强主持召开国务院常务会议研究推动经济持续回升向好的一批政策措施展开,0.1525423728813559,0.6517109825245656,0.3167217943071075,0.094626401712761
李强主持召开国务院常务会议研究推动经济持续回升向好的一批政策措施审议通过《加大力度支持科技型企业融资行动方案》审议通过《私募投资基金监督管理条例（草案）》讨论《中华人民共和国学位法（草案）》网页链接,0.0169491525423728,0.8849970828904441,0.5506000477366009,0.0248207506363435
李强主持召开国务院常务会议研究推动经济持续回升向好的一批政策措施审议通过《加大力度支持科技型企业融资行动方案》审议通过《私募投资基金监督管理条例（草案）》详情请戳网页链接,0.0847457627118644,0.7001629181124855,0.6372881841311008,0.1136427682462244
国务院常务会李强主持召开国务院常务会议研究推动经济持续回升向好的一批政策措施审议通过《加大力度支持科技型企业融资行动方案》审议通过《私募投资基金监督管理条例（草案）》讨论《中华人民共和国学位法（草案）》,-0.0112994350282485,0.6140969994065439,0.279985062510481,-0.0058387167312994
李强主持召开国务院常务会议研究推动经济持续回升向好的一批政策措施审议通过《加大力度支持科技型企业融资行动方案》审议通过《私募投资基金监督管理条例（草案）》讨论《中华人民共和国学位法（草案）》李强主持召开国务院常务会议研究推动经济持续回升向好的一批政策措施审议通过《加大力度支持科技型企业融资行动方案》审议通过《私募投资基金监督管理条例（草案）》讨论《中华人民共和国学位法（草案）》,0.0847457627118644,0.6207072596758497,0.5834192238808231,0.092230463652352
逆周期调节政策性金融要发挥逆周期调节作用，加大对符合国家发展规划和产业政策导向重大项目的融资支持力度，兼顾好经济效益和社会效益。展开,0.1694915254237288,0.0113942102083198,0.5020975255714758,0.002914131436888
李强主持召开国务院常务会议研究推动经济持续回升向好的一批政策措施审议通过《加大力度支持科技型企业融资行动方案》审议通过《私募投资基金监督管理条例（草案）》讨论《中华人民共和国学位法（草案）》（来源：中华人民共和国中央人民政府）,0.0225988700564971,0.810640027541383,0.6020987326658083,0.0331490679288877
盘前热点事件一、股首单房企重组项目注册生效招商蛇口发行股份购买资产并募集配套资金申请获证监会注册生效，成为中国证监会关于资本市场支持房地产企业股权融资政策出台后，股市场首单成功取得注册批文项目，标志着房企股权融资“第三支箭”在实操层面的正式落地。房地产：招商蛇口、特发服务、中交地产、沙河股份、华联控股、万通发展二、华为轮值董事长：到年人工智能算力将增加倍、华为轮值董事长胡厚崑今天在年工商领导人中国论坛上表示，以为代表的新的人工智能时代已到来，所有的个人、工业应用都将被这种新的人工智能所改写。由于计算无所不及，以及算力需求的成倍增长，如到年，通用算力将增加倍，人工智能算力将增加倍，我们将建设大量的数据中心、人工智能计算中心等基础设施。、大数据、人工智能等领域的快速发展推动算力需求（特别是大模型和行业应用等方面）迅速增长。据了解，需求旺盛并已陷入供应短缺，即使付款抢到订单，拿货也可能需要等上半年。从价格层面看，多款价格从、月至今涨幅接近。月份的时候（订单）大概还能排到月份，现在已经到明年上半年了。这一背景下，租用计算资源的算力租赁模式当前正在兴起。算力数据中心：美利云、云赛智联、利通电子、城地香江、浪潮信息算力光模块：华西股份、高斯贝尔、光库科技、富信科技、天通股份三、百亿光刻胶概念股单季净利料创历史新高总市值近亿元的光刻胶概念股容大感光周末公告，预计上半年实现净利润万元万元，同比增长。谈其业绩预增的原因，容大感光在公告里表示，本期公司销售毛利率上升以及公司股权激励费用下降。光刻胶：容大感光、南大光电、同益股份、晶瑞电材、彤程新材四、国常会审议通过《私募投资基金监督管理条例草案》公募基金近日正式推出交易员、审议通过《私募投资基金监督管理条例草案》。会议指出，近年来，我国私募投资基金行业发展较快，在服务实体经济、支持创业创新等方面发挥了积极作用。制定专门行政法规，将私募投资基金业务活动纳入法治化、规范化轨道进行监管，有利于更好保护投资者合法权益，促进行业规范健康发展。对不同类别私募投资基金特别是创业投资基金实施差异化监管，抓紧出台促进创业投资基金发展的具体政策。、兴证全球日前宣布，旗下交易员正式上线，成为首家将技术应用于资金交易领域的基金公司。兴业基金也官宣，自研开发“兴小二”债券交易机器人，兴业基金也由此成为在外汇交易中心平台首家上线智能询价机器人的公募基金公司。金融：同花顺、财富趋势、金证股份期货：弘业期货、瑞达期货券商：国盛金控、中国银河、首创证券、信达证券五、马斯克：计划今年进行首例脑机接口人体试验马斯克在法国巴黎的活动上表示，他的脑机接口创业公司计划今年进行首例人体试验。马斯克说，打算在一名四肢瘫痪或截肢的患者身上植入一个设备。脑机接口：创新医疗、三博脑科、冠昊生物、爱朋医疗六、月日腾讯大模型及应用产品发布会腾讯集团高级执行副总裁、云与智慧产业事业群汤道生表示，腾讯正在研发类聊天机器人，聊天机器人将集成到微信、以及通过腾讯云向端提供的用户服务中。无论实在端还是端，价值稀缺、价值潜力巨大。在广告领域，腾讯混元大模型能够支持广告智能制作，即利用将广告文案自动生成为广告视频，大大降低了广告视频制作成本。随着腾讯大模型发布落地，后续在行业端及端的应用有望带来巨大的商业潜力。腾讯大模型：岭南股份、世纪华通、天地在线、华塑科技七、五部门印发《关于金融支持全面推进乡村振兴加快建设农业强国的指导意见》加强乡村基础设施建设支持。鼓励建立健全农业农村基础设施建设融资项目库，强化信息共享和服务对接，加大对产业园区、旅游景区、乡村旅游重点村一体化建设信贷支持力度。在依法合规前提下，根据借款人资信状况和偿债能力、项目建设进度、投资回报周期等，创新匹配度高的金融产品和融资模式，合理满足农村规模化供水工程建设和小型供水工程标准化改造等金融需求。鼓励金融机构通过组建银团等方式，合力支持乡村基础设施建设。乡村振兴：天鹅股份、中农联合、中粮科工、智慧农业八、深圳将签订南方区域虚拟电厂首个并网调度协议南方电网电力调度控制中心主管邓韦斯在虚拟电厂与电力市场发展论坛上表示，虚拟电厂以怎样的主体身份参与电网，目前在国家现有规范和顶层设计中，定义暂时并不明确。但虚拟电厂作为市场主体，要与电网签订三个协议，即并网协议、购售电合同和并网调度协议。南方电网预计于今年以深圳作为试点，签署南方区域首个并网调度协议。虚拟电厂：迦南智能、万胜智能、国能日新,0.1073446327683615,-0.0546251141775286,0.5076523237986651,-0.0089459797345403
一、股首单房企重组项目注册生效招商蛇口发行股份购买资产并募集配套资金申请获证监会注册生效，成为中国证监会关于资本市场支持房地产企业股权融资政策出台后，股市场首单成功取得注册批文项目，标志着房企股权融资“第三支箭”在实操层面的正式落地。房地产：招商蛇口、特发服务、中交地产、沙河股份、华联控股、万通发展二、华为轮值董事长：到年人工智能算力将增加倍、华为轮值董事长胡厚崑今天在年工商领导人中国论坛上表示，以为代表的新的人工智能时代已到来，所有的个人、工业应用都将被这种新的人工智能所改写。由于计算无所不及，以及算力需求的成倍增长，如到年，通用算力将增加倍，人工智能算力将增加倍，我们将建设大量的数据中心、人工智能计算中心等基础设施。、大数据、人工智能等领域的快速发展推动算力需求（特别是大模型和行业应用等方面）迅速增长。据了解，需求旺盛并已陷入供应短缺，即使付款抢到订单，拿货也可能需要等上半年。从价格层面看，多款价格从、月至今涨幅接近。月份的时候（订单）大概还能排到月份，现在已经到明年上半年了。这一背景下，租用计算资源的算力租赁模式当前正在兴起。算力数据中心：美利云、云赛智联、利通电子、城地香江、浪潮信息算力光模块：华西股份、高斯贝尔、光库科技、富信科技、天通股份三、百亿光刻胶概念股单季净利料创历史新高总市值近亿元的光刻胶概念股容大感光周末公告，预计上半年实现净利润万元万元，同比增长。谈其业绩预增的原因，容大感光在公告里表示，本期公司销售毛利率上升以及公司股权激励费用下降。光刻胶：容大感光、南大光电、同益股份、晶瑞电材、彤程新材四、国常会审议通过《私募投资基金监督管理条例草案》，公募基金近日正式推出交易员、审议通过《私募投资基金监督管理条例草案》。会议指出，近年来，我国私募投资基金行业发展较快，在服务实体经济、支持创业创新等方面发挥了积极作用。制定专门行政法规，将私募投资基金业务活动纳入法治化、规范化轨道进行监管，有利于更好保护投资者合法权益，促进行业规范健康发展。对不同类别私募投资基金特别是创业投资基金实施差异化监管，抓紧出台促进创业投资基金发展的具体政策。、兴证全球日前宣布，旗下交易员正式上线，成为首家将技术应用于资金交易领域的基金公司。兴业基金也官宣，自研开发“兴小二”债券交易机器人，兴业基金也由此成为在外汇交易中心平台首家上线智能询价机器人的公募基金公司。金融：同花顺、财富趋势、金证股份期货：弘业期货、瑞达期货券商：国盛金控、中国银河、首创证券、信达证券五、马斯克：计划今年进行首例脑机接口人体试验马斯克在法国巴黎的活动上表示，他的脑机接口创业公司计划今年进行首例人体试验。马斯克说，打算在一名四肢瘫痪或截肢的患者身上植入一个设备。脑机接口：创新医疗、三博脑科、冠昊生物、爱朋医疗六、月日腾讯大模型及应用产品发布会腾讯集团高级执行副总裁、云与智慧产业事业群汤道生表示，腾讯正在研发类聊天机器人，聊天机器人将集成到微信、以及通过腾讯云向端提供的用户服务中。无论实在端还是端，价值稀缺、价值潜力巨大。在广告领域，腾讯混元大模型能够支持广告智能制作，即利用将广告文案自动生成为广告视频，降低了广告视频制作成本。随着腾讯大模型发布落地，后续在行业端及端的应用有望带来巨大的商业潜力。腾讯大模型：岭南股份、世纪华通、天地在线、华塑科技七、五部门印发《关于金融支持全面推进乡村振兴加快建设农业强国的指导意见》加强乡村基础设施建设支持。鼓励建立健全农业农村基础设施建设融资项目库，强化信息共享和服务对接，加大对产业园区、旅游景区、乡村旅游重点村一体化建设信贷支持力度。在依法合规前提下，根据借款人资信状况和偿债能力、项目建设进度、投资回报周期等，创新匹配度高的金融产品和融资模式，合理满足农村规模化供水工程建设和小型供水工程标准化改造等金融需求。鼓励金融机构通过组建银团等方式，合力支持乡村基础设施建设。乡村振兴：天鹅股份、中农联合、中粮科工、智慧农业八、深圳将签订南方区域虚拟电厂首个并网调度协议南方电网电力调度控制中心主管邓韦斯在虚拟电厂与电力市场发展论坛上表示，虚拟电厂以怎样的主体身份参与电网，目前在国家现有规范和顶层设计中，定义暂时并不明确。但虚拟电厂作为市场主体，要与电网签订三个协议，即并网协议、购售电合同和并网调度协议。南方电网预计于今年以深圳作为试点，签署南方区域首个并网调度协议。虚拟电厂：迦南智能、万胜智能、国能日新九、行业要闻、国常会研究推动经济持续回升向好的一批政策措施。、美国务卿布林肯日抵达北京，开启两天的访华行程。、先正达亿元股主板申请获上交所审议通过。（安道麦、荃银高科）、需求暴增且涨价倍。（香农芯创、雅克科技）、维珍银河将进行首次商业化飞行。（天银机电、欧比特）、第二十九届北京国际图书博览会于月日至日在北京国家会议中心举办。（中信出版、读客文化）、推动经济持续回升向好政策措施出台、暑期来临旅游景气开启。（宋城演艺、天目湖）、国内通用人形机器人将发布、产业加速突破。（神思电子、天奇股份）、消息称台积电三巨头下周访陆、供应链或受益。（新宙邦、新莱应材）、中国跨境电商年进出口规模首次突破万亿元。（若羽臣、焦点科技）、欧委会将不再采购华为、中兴公司设备。,0.0112994350282485,0.813612255886295,0.5074668461502184,0.0140207331805158
月日盘前股市要闻：盘前热点事件一、股首单房企重组项目注册生效招商蛇口发行股份购买资产并募集配套资金申请获证监会注册生效，成为中国证监会关于资本市场支持房地产企业股权融资政策出台后，股市场首单成功取得注册批文项目，标志着房企股权融资“第三支箭”在实操层面的正式落地。房展开,0.0508474576271186,0.3557625948930297,0.6936115922102392,0.0377081051288417
一、五部门印发《关于金融支持全面推进乡村振兴加快建设农业强国的指导意见》加强乡村基础设施建设支持。鼓励建立健全农业农村基础设施建设融资项目库，强化信息共享和服务对接，加大对产业园区、旅游景区、乡村旅游重点村一体化建设信贷支持力度。在依法合规前提下，根据借款人资信状况和偿债能力、项目建设进度、投资回报周期等，创新匹配度高的金融产品和融资模式，合理满足农村规模化供水工程建设和小型供水工程标准化改造等金融需求。鼓励金融机构通过组建银团等方式，合力支持乡村基础设施建设。乡村振兴：天鹅股份、中农联合、中粮科工、智慧农业二、马斯克：计划今年进行首例脑机接口人体试验马斯克在法国巴黎的活动上表示，他的脑机接口创业公司计划今年进行首例人体试验。马斯克说，打算在一名四肢瘫痪或截肢的患者身上植入一个设备。脑机接口：创新医疗、三博脑科、冠昊生物、爱朋医疗三、股首单房企重组项目注册生效招商蛇口发行股份购买资产并募集配套资金申请获证监会注册生效，成为中国证监会关于资本市场支持房地产企业股权融资政策出台后，股市场首单成功取得注册批文项目，标志着房企股权融资“第三支箭”在实操层面的正式落地。房地产：招商蛇口、特发服务、中交地产、沙河股份、华联控股、万通发展四、华为轮值董事长：到年人工智能算力将增加倍、华为轮值董事长胡厚崑今天在年工商领导人中国论坛上表示，以为代表的新的人工智能时代已到来，所有的个人、工业应用都将被这种新的人工智能所改写。由于计算无所不及，以及算力需求的成倍增长，如到年，通用算力将增加倍，人工智能算力将增加倍，我们将建设大量的数据中心、人工智能计算中心等基础设施。、大数据、人工智能等领域的快速发展推动算力需求（特别是大模型和行业应用等方面）迅速增长。据了解，需求旺盛并已陷入供应短缺，即使付款抢到订单，拿货也可能需要等上半年。从价格层面看，多款价格从、月至今涨幅接近。月份的时候（订单）大概还能排到月份，现在已经到明年上半年了。这一背景下，租用计算资源的算力租赁模式当前正在兴起。五、百亿光刻胶概念股单季净利料创历史新高总市值近亿元的光刻胶概念股容大感光周末公告，预计上半年实现净利润万元万元，同比增长。谈其业绩预增的原因，容大感光在公告里表示，本期公司销售毛利率上升以及公司股权激励费用下降。光刻胶：容大感光、南大光电、同益股份、晶瑞电材、彤程新材六、国常会审议通过《私募投资基金监督管理条例草案》公募基金近日正式推出交易员、审议通过《私募投资基金监督管理条例草案》。会议指出，近年来，我国私募投资基金行业发展较快，在服务实体经济、支持创业创新等方面发挥了积极作用。制定专门行政法规，将私募投资基金业务活动纳入法治化、规范化轨道进行监管，有利于更好保护投资者合法权益，促进行业规范健康发展。对不同类别私募投资基金特别是创业投资基金实施差异化监管，抓紧出台促进创业投资基金发展的具体政策。、兴证全球日前宣布，旗下交易员正式上线，成为首家将技术应用于资金交易领域的基金公司。兴业基金也官宣，自研开发“兴小二”债券交易机器人，兴业基金也由此成为在外汇交易中心平台首家上线智能询价机器人的公募基金公司。金融：同花顺、金证股份，指南针、大智慧,0.2768361581920904,0.384056117865141,0.4749239440074562,0.1517505962732166
清华大学中国经济思想与实践研究院院长李稻葵澎湃新闻记者周頔摄“过去年以来（中国经济）增长速度逐年下滑，每年下滑，这个态势必须逆转。宏观经济治理工作的思路要变，要从过去防过热变成防过冷。”月日，在清华大学中国经济思想与实践研究院（）主办的“清华大学中国与世界经济论坛：年半年度经济形势分析”上，政府与市场经济学国际学会（）联席会长，清华大学中国经济思想与实践研究院院长李稻葵如是说。针对当前经济面临的诸多问题与挑战，李稻葵研究团队发布了最新研究的成果《防过冷是新时期宏观经济治理基础性任务：下半年中国经济发展报告》（下称“《报告》”）。《报告》针对当前经济问题给出了相应的对策建议：第一，重振消费增长，构建消费推动经济增长新机制。短期内由中央政府推出消费补贴政策，在支付环节补贴消费者；增值税收入划分，由依据生产地原则改为部分依据消费地原则，推动地方政府从抓生产到促消费的思路转变；健全汽车消费的中长期机制，建议宣布未来燃油车排放标准不影响已经购车的消费者，鼓励特大型城市和大型城市推出车牌改革措施，盘活存量。第二，存量地方债务可由中央政府与地方政府合力化解，建议对债务负担过重的地区采取试点，由中央政府发行特别国债置换地方存量债务；设立债务重组基金，借鉴四大国有银行重组经验，对不良债务逐项化解；对于当前及未来的新增债务，应建立新的举债机制；成立全国性的基础设施投资公司；构建多维度、长周期的地方官员评价体系；深化国企改革。第三，稳预期、稳信心是稳定房地产市场的关键。稳预期和稳信心需要在政策上多管齐下，稳定购房者和房地产企业的预期和信心。建议短期内在政策上明确不会开征房产税，避免房产税开征时间这一不确定性因素，在经济恢复时期对房地产真实需求和价格都产生影响；减少对真实需求的限制，在坚持“房住不炒”的基础上，需要进一步因城施策，很多核心区域的限购政策和信贷政策对于购房者仍然过于严格，抑制了真实的刚需和改善型需求释放；增加对合理融资的支持：当前对于民营房地产企业，特别是头部民营房地产企业，以及涉房企业和房地产产业链上下游企业合理融资需求的支持力度还有增加空间，房地产企业在土地招拍挂市场上拿地积极性不高。第四，稳定民营经济信心。明确民营经济的政治地位；以放开一两个民营企业进入困难的产业、培育一两个新兴产业为案例，引导民营经济大规模投资。第五，提振外需，加大非对称主动对外开放。加大力度稳外资稳外贸，越被限制越开放；简化外商来华签证流程，灵活处理签证对等问题；缩短外资负面清单；加快落地。,0.8305084745762712,0.2877814258285525,0.5076523237986651,0.3646381009943591
李强主持召开国务院常务会议李强主持召开国务院常务会议研究推动经济持续回升向好的一批政策措施审议通过《加大力度支持科技型企业融资行动方案》审议通过《私募投资基金监督管理条例（草案）》讨论《中华人民共和国学位法（草案）》中国政府网,0.0056497175141242,0.2877814258285525,0.5076523237986651,0.0024805312992813
债权怎么办？爆雷房企未来的三种前途最近找我咨询买房的人少了，因为市场不好嘛。但咨询我怎么收回房企欠款的企业多了许多。去年和前年，房企普遍爆雷，由于行业规模大，产业链长，所以牵扯的企业也相当多。当然还有买了房企股票的，债券的，期房的大家都关心爆雷房企的情况，他们未来会怎样？能不能安然度过？我的房子能不能收？我的债权还能不能要回？这些问题我简单谈几点看法：目前还有很多除了刚刚在香港被强制退市新力控股外，蓝光发展、泛海控股、中天金融、泰禾也已岌岌可危。一旦强制退市，投资人手中股票将变得一文不值。出现债务危机的房企大致可以分为三类：、倒闭在所难免型。基本都是严重资不抵债的房企，部分项目已经停工烂尾多时，由于背后债务严重，也找不到接盘侠。这类房企已经被相关部门列为没有挽救价值的类型。上述几家只是部分。某大房企应该也属于这种类型。只不过规模太大，而且牵扯范围包括金融，汽车等多个产业，还有大量未交付房源，社会影响面较广，所以相关部门不得不介入，希望尽量减少对社会和金融系统的冲击。实际上这类房企已经失去了挽救的意义。对于这类房企的债权人，我认为能拿回什么算什么，而且动作要快。我就见过拖了一年的工抵房，由折变原价，变倍，倍。由有住宅可选，到公寓，商铺，车位。到现在干净可低的房源也没有了的情况。、断臂求生类型。有债务问题，但规模不小，但家当较多，自救积极。比较典型的情况是，最近经常看到他们卖项目的新闻，比如卖酒店，卖写字楼，卖在建楼盘，甚至卖总部的。这类房企活下来不成问题，保交房没有问题，但企业的规模肯定会比高峰期少去不少。未来少一半，就算很厉害了，减少也很正常。由于这类房企不但能活下来，后续还有继续拿地的可能，所以相关部门给予的支持力度较大，或引导银行给予宽松的融资政策，或积极搭台协助找买家。这类房企或许还值得等一下，毕竟存活下来概率比较大，能活下来债务自然能够大部分解决。至于选择等不到，我认为不在欠债企业上，而在于你公司的财务状况上。、前途未卜型。基本是爆过雷、问题多多、资产负债情况扑朔迷离。这类房企介于上述两种类型之间，情况虽然不怎么好，但也有挽救的可能。主要看政府支持的力度，还有重仓城市的市场复苏情况。比如某三线发家的房企，年底岌岌可危，但由于所在城市领导给予了全力扶持，再加上其重仓的某南方地区市场明显升温，一下子回笼一大笔资金，问题立马缓解。当然这是好的情况，也可能命不好的，政策支持不足，重仓城市的市场低迷。拖着拖着就越陷越深。当然，民营房企中，也有一点问题都没有，甚至近期还在全国谨慎拿地的，比如龙湖，星河等。但这类型占比相对较少。而上述各大房企属于哪一类型？这里就不方便展开了。有需要了解这个话题更多内容的朋友可以私信我，或加我咨询号进行交流。,0.1016949152542373,-0.5481563671953544,0.5864779895767597,-0.0982526468479683
李强主持召开国务院常务会议研究推动经济持续回升向好的一批政策措施审议通过《加大力度支持科技型企业融资行动方案》审议通过《私募投资基金监督管理条例（草案）》讨论《中华人民共和国学位法（草案）》,1.0,0.3327447108265046,1.0,1.0
时隔十个月，贷款市场报价利率（）迎来下调。中国人民银行授权全国银行间同业拆借中心公布，年月日贷款市场报价利率（）为：年期为，下调个基点，年期以上为，同样下调个基点。评：金融机构下调了针对家庭和企业的基准贷款利率，本博早就分析过，这是此前一系列展开,0.0440976933514246,-0.0554472591014826,0.7163232297720785,-0.0503111664406238
中国人民银行授权全国银行间同业拆借中心公布，年月日贷款市场报价利率（）为：年期为，年期以上为网页链接,0.0088195386702849,0.0,0.829441897730327,0.0
中国人民银行授权全国银行间同业拆借中心公布，年月日贷款市场报价利率（）为：年期为，年期以上为。月两项均下调个基点。,0.0020352781546811,0.2877814258285525,0.8253660161689985,0.0138864907641671
今年首次下调贷款百万比四年前少还近万据央行网站消息，年月日贷款市场报价利率（）为：年期为，年期以上为，均下降个基点。这是自年月以来，首次调整，此次下调释放出什么信号？对此，记者连线相关专家，专家指出，本月下降，传递出稳增长、促发展的政策信号，有利于降低实体经济融资成本，以及促进房地产市场平稳健康发展。中新视频的微博视频,0.005427408412483,-0.9109633951956014,0.8457498067071486,-0.1201143048643889
降息来了下降个基点，部分首套房贷利率将历史首次降至以下中国人民银行授权全国银行间同业拆借中心公布，年月日贷款市场报价利率（）为：年期为，年期以上为，均下降个基点。以上在下一次发布之前有效。这是年月日以来，首次调整。（广州日报）广州日报的微博视频,0.0047489823609226,-0.2985496694469185,0.8284229273399949,-0.0337387242177022
月简评：年月日贷款市场报价利率（）为：年期为，此前为；年期以上为，此前为均下调。点评：年期和年期利率下调符合市场预期。自去年月利率下调以后，已经是连续个月“按兵不动”了，但基于月日利率调降的背景，作为贷款市场报价利率（）的定价基准，下调是必然的。此次对于存量房贷是一个好事情，下调意味着月供压力降低，但当前房地产市场比较低迷，在目前经济环境下，暂时利好效果有限，购房者更多的是担心后续的收入不稳。降息只是一方面，更重要的是其他宽松政策的出台。,0.005427408412483,0.9901502749765994,0.8233280753883344,0.1270942598312762
月报价下调中国人民银行授权全国银行间同业拆借中心公布，年月日贷款市场报价利率下调个基点，开启了新一轮宽松政策。年期为，年期以上为。利率降低了，这对于贷款人来说，意味着还款额度也会随之降低，对于整个经济来说，利率下降也有一定的刺激作用，能够促进投资和消费。楼市成交或有望因降息而提振，为扩大内需、提振经济带来一系列“正反馈”。未来政策性降息还有空间，下半年年期报价和年期以上报价也存在跟进下调的可能。你认为呢？时隔个月下调下调下调年期调降释放出什么信号超话,0.0047489823609226,-0.2261907996729059,0.7794570636182931,-0.0240506647648166
小湘速递时隔个月下调万元房贷年将少万元央行授权全国银行间同业拆借中心公布，年月日，年期贷款市场报价利率（）为，年期以上为。二者较上月均下调个基点，结束了连续个月的“按兵不动”。专家预计，下调有利于促进房地产市场平稳健康发展，存量房贷和新增房贷利率都将下降。如以商贷额度万元、贷款年、等额本息还款方式计算，此次下降个基点，月供减少元，累积年月供减少万元。（来源：中新财经）：中国新闻网的微博视频,0.0027137042062415,0.0,0.8253660161689985,0.0
专家建议房贷控制在家庭收入内降息能提高你的买房意愿吗中国人民银行授权全国银行间同业拆借中心公布，年月日贷款市场报价利率（）为：年期为，下调个基点，年期以上为，同样下调个基点。如以商贷额度万元、贷款年、等额本息还款方式计算，此次下降个基点，月供减少元，累积年月供减少万元。御风集团董事长、万通集团创始人冯仑曾建议年轻人买房的时候要算账，用于贷款的金额控制在家庭收入的以内，只要控制好这个风险边界，对于买房的年轻人来说，应该就没有太大压力。房贷（新浪财经）麦穗财经的微博视频,0.0006784260515603,0.7706430694969855,0.8233280753883344,0.0123648289793847
专家建议房贷控制在家庭收入内降息能提高你的买房意愿吗中国人民银行授权全国银行间同业拆借中心公布，年月日贷款市场报价利率（）为：年期为，下调个基点，年期以上为，同样下调个基点。如以商贷额度万元、贷款年、等额本息还款方式计算，此次下降个基点，月供减少元，累积年月供减少万元。御风集团董事长、万通集团创始人冯仑曾建议年轻人买房的时候要算账，用于贷款的金额控制在家庭收入的以内，只要控制好这个风险边界，对于买房的年轻人来说，应该就没有太大压力。房贷麦穗财经麦穗财经的微博视频,0.0027137042062415,-0.2681808527594839,0.8233280753883344,-0.0172116535458178
你目前会考虑买房吗？万房贷年减少万时隔十个月，贷款市场报价利率（）迎来下调。中国人民银行授权全国银行间同业拆借中心公布，年月日贷款市场报价利率（）为：年期为，下调个基点，年期以上为，同样下调个基点。以万元贷款金额、年期等额展开,0.1451831750339213,-0.3530898555952388,0.679108356562494,-1.0
房贷下调个基点今年房贷首次降息据中国人民银行消息，中国人民银行授权全国银行间同业拆借中心公布，年月日贷款市场报价利率（）为：年期为，年期以上为。以上在下一次发布之前有效。此次下调个基点，以首套房贷万元贷款年为例计算，每月房展开,0.0013568521031207,-0.9314609488178658,0.8233280753883344,-0.0298902456636035
专家建议房贷控制在家庭收入内降息能提高你的买房意愿吗中国人民银行授权全国银行间同业拆借中心公布，年月日贷款市场报价利率（）为：年期为，下调个基点，年期以上为，同样下调个基点。如以商贷额度万元、贷款年、等额本息还款方式计算，此次下展开,0.0006784260515603,0.953925211829498,0.8233280753883344,0.0153055578779084
时隔个月下调万元房贷年将少万元央行授权全国银行间同业拆借中心公布，年月日，年期贷款市场报价利率（）为，年期以上为。二者较上月均下调个基点，结束了连续个月的“按兵不动”。专家预计，下调有利于促进房地产市场平稳健康发展，存量房贷和新增房贷利率都将下降。如以商贷额度万元、贷款年、等额本息还款方式计算，此次下降个基点，月供减少元，累积年月供减少万元。中国新闻网的微博视频,0.0223880597014925,0.4683710935392626,0.3916656034137536,0.1179726590799245
刚刚，央行宣布下调今天中国人民银行授权全国银行间同业拆借中心公布，年月日贷款市场报价利率（）为：年期为，年期以上为，均下降个基点。,0.0067842605156037,0.5486972293378243,0.8243470457786665,0.0881464375426226
一辈子租房你愿意吗房贷今日，央行授权全国银行间同业拆借中心公布，年月日，年期贷款市场报价利率（）为，年期以上为。专家预计，下调有利于促进房地产市场平稳健康发展，存量房贷和新增房贷利率都将下降。但也有年轻人觉得，随着购房观念的更新，一辈子租房也成为了一种人生可能。来聊聊，一辈子租房你愿意吗？,0.0529172320217096,0.1412616046323619,0.6778776056751811,0.1455566113918041
央行授权全国银行间同业拆借中心公布，年月日，年期贷款市场报价利率（）为，年期以上为。二者较上月均下调个基点房贷利率降了，地产股和银行股都跌了,0.0698778833107191,0.4480841460105327,0.7504931544195291,0.6750026063967486
时隔个月下调万元房贷年将少万元央行授权全国银行间同业拆借中心公布，年月日，年期贷款市场报价利率（）为，年期以上为。二者较上月均下调个基点，结束了连续个月的“按兵不动”。专家预计，下调有利于促进房地产市场平稳健康发展，存量房贷和新增房贷利率都将下降。如以商贷额度万元、贷款年、等额本息还款方式计算，此次下降个基点，月供减少元，累积年月供减少万元。（来源：中新财经）中国新闻网的微博视频,0.0027137042062415,0.0,0.8243470457786665,0.0
你今年有买房计划吗房贷时隔十个月，贷款市场报价利率（）迎来下调。月日，中国人民银行授权全国银行间同业拆借中心公布，年月日贷款市场报价利率（）为：一年期为，五年期以上为，均下降个基点。如以商贷额度万元、贷款年、等额本息还款方式计算，此次展开,0.1512890094979647,0.1768074085386137,0.8253660161689985,0.6341818619420255
时隔个月下调央行授权全国银行间同业拆借中心公布，年月日，年期贷款市场报价利率（）为，年期以上为。二者较上月均下调个基点，结束了连续个月的“按兵不动”。专家预计，下调有利于促进房地产市场平稳健康发展，存量房贷和新增房贷利率都将下降。如以商贷额度万元、贷款年、等额本息还款方式计算，此次下降个基点，月供减少元，累积年月供减少万元。（中新财经）中国新闻网的微博视频,0.0135685210312075,0.5117619657377224,0.5024191034370656,0.1002134601242496
万元房贷年将少万元央行授权全国银行间同业拆借中心公布，年月日，年期贷款市场报价利率（）为，年期以上为。二者较上月均下调个基点，结束了连续个月的“按兵不动”。专家预计，下调有利于促进房地产市场平稳健康发展，存量房贷和新增房贷利率都将下降。如以商贷额度万元、贷款年、等额本息还款方式计算，此次下降个基点，月供减少元，累积年月供减少万元。中国新闻网的微博视频,1.0,0.0244097055346392,0.9944493643892112,0.6972758281618646
时隔个月下调万元房贷年将少万元央行授权全国银行间同业拆借中心公布，年月日，年期贷款市场报价利率（）为，年期以上为。二者较上月均下调个基点，结束了连续个月的“按兵不动”。专家预计，下调有利于促进房地产市场平稳健康发展，存量房贷和新增房贷利率都将下降。如以商贷额度万元、贷款年、等额本息还款方式计算，此次下降个基点，月供减少元，累积年月供减少万元。中国新闻网中国新闻网的微博视频,0.0128900949796472,0.5882731934858596,1.0,0.2178184040101718
房贷再降息中国人民银行授权全国银行间同业拆借中心公布，年月日贷款市场报价利率（）为：年期为，年期以上为。以上在下一次发布之前有效。这是自年月以来首次下调。（来源：中国人民银行）,0.005427408412483,0.3602124059073571,0.7252882886389115,0.0407306395802372
房贷降息后月供能省多少房贷时隔十个月，贷款市场报价利率（）迎来下调。月日，中国人民银行授权全国银行间同业拆借中心公布，年月日贷款市场报价利率（）为：一年期为，五年期以上为，均下降个基点。如以商贷额度万元、贷款年、等额本息还款方式计算，此次下降个基点，月供减少元，累积年月供减少万元。来聊聊：你如何看待这次房贷降息？,0.0780189959294437,0.147345238726312,0.5802115097513965,0.1915941297442486
房贷利率终于降了月日，中国人民银行货币政策司发布公告，中国人民银行授权全国银行间同业拆借中心公布，年月日贷款市场报价利率（）为：年期为，年期以上为。以上在下一次发布之前有效。万房贷年减少万以贷款万、等额本息年计算，降到展开,0.223202170963365,0.0392050831940409,0.704056267205232,0.1769732221855382
时隔个月下调万元房贷年将少万元央行授权全国银行间同业拆借中心公布，年月日，年期贷款市场报价利率（）为，年期以上为。二者较上月均下调个基点，结束了连续个月的“按兵不动”。专家预计，下调有利于促进房地产市场平稳健康发展，存量房贷和新展开,0.0407055630936228,0.7433204774998855,0.3649835236374627,0.3172214303424331
年月日，年期贷款市场报价利率（）为，年期以上为,0.0298507462686567,0.9608443530321904,0.8253660161689985,0.6800082998336032
时隔个月下调万元房贷年将少万元央行授权全国银行间同业拆借中心公布，年月日，年期贷款市场报价利率（）为，年期以上为。二者较上月均下调个基点，结束了连续个月的“按兵不动”。专家预计，下调有利于促进房地产市场平稳健康发展，存量房贷和新增房贷利率都将下降。如以商贷额度万元、贷款年、等额本息还款方式计算，此次下降个基点，月供减少元，累积年月供减少万元。（中新财经）中国新闻网的微博视频,0.0006784260515603,-0.9883886059045204,0.8243470457786665,-0.0158781436938063
下调会不会影响购房意愿？房贷年月日，年期贷款市场报价利率（）为，年期以上为。二者较上月均下调个基点，结束了连续个月的“按兵不动”。如以商贷额度万元、贷款年、等额本息还款方式计算，此次下降个基点，月供减少元，累积年月供减少万元。来聊聊，今年你准备买房吗？万房贷年减少万你说这个我就不困了,0.5997286295793759,-0.0186159463800953,0.5880609564442736,-0.1885912947392124
盐城楼市超话盐城人，房贷降息了中国人民银行授权全国银行间同业拆借中心公布，年月日贷款市场报价利率（）为：年期为，年期以上为。以上在下一次发布之前有效。这是自年月以来首次下调。本次下调已在市场预期之中。以贷款万、等额本息年计算，降到，总利息节省约万元，月供少了约元。在此机制下，越来越多的城市下调了首套房贷款利率下限。中国人民银行数据显示，截至今年月末，在个符合放宽首套房贷利率下限条件的城市中，有个城市下调了首套房贷利率下限，有个城市取消了首套房贷利率下限。,0.0040705563093622,-0.9998786743426756,0.8243470457786665,-0.096376367591114
降息来了，房贷也要降了，月供压力减轻能否提振房地产？房贷时隔个月，央行再次下调利率。今日早间，中国人民银行授权全国银行间同业拆借中心公布，年月日贷款市场报价利率（）为：年期为，年期以上为。两个品种同步下调个基点。分析人士认为，本轮展开,0.0149253731343283,-0.3055576610193308,0.6182256590026357,-0.0809887685912635
万元房贷年将少万元央行授权全国银行间同业拆借中心公布，年月日，年期贷款市场报价利率（）为，年期以上为。二者较上月均下调个基点，结束了连续个月的“按兵不动”。专家预计，下调有利于促进房地产市场平稳健康发展，存量房贷和新增房贷利率都将下降。如以商贷额度万元、贷款年、等额本息还款方式计算，此次下降个基点，月供减少元，累积年月供减少万元。房贷（中新财经）中国新闻网的微博视频,0.0033921302578018,-0.1575006210280694,0.6453303352563962,-0.0099036724282387
刚刚宣布房贷再降息中国人民银行授权全国银行间同业拆借中心公布，年月日贷款市场报价利率（）为：年期为，年期以上为。以上在下一次发布之前有效。以贷款万、等额本息年计算，降到，总利息节省约万元，月供少了约元。刚刚宣布房贷再降息（宿迁发布微信公众号）房贷,0.0020352781546811,-0.2577802660840955,0.8253660161689985,-0.0124388267027836
中国人民银行授权全国银行间同业拆借中心公布，年月日贷款市场报价利率（）为：年期为，较上月水平（）下降个基点；年期以上为，较上月水平（）下降个基点。,0.0006784260515603,0.0524655636156166,0.8233280753883344,0.0008418005002465
深圳统租房计划阻力不小，到底问题出在哪里？国际情报员深圳西丽街道办回应白芒村统租统租房计划不难理解，就是深圳出面收购当地土著手里的房源，整修后面向广大租客二次出租，政府说是为了改善城中村居住环境但这些年公信力几乎较低，老百姓心里不相信会有这么好的事，更愿意相信是把收割财富的镰刀挥向了社会底层人群“租房客”。大家更愿意相信，深圳市这一通折腾是为了赚取差价底层租客们表现出抗拒心理也就不奇怪了。不过深圳官方及时回应了这种不信任猜测，对于改造后城中村房源租金是否会涨的问题，其中提到，“城中村保障性住房规模化、品质化改造提升由政府主导筹集，改造后的租金以不涨为原则，单套租金原则上与改造前基本持平，即便个别房源因改造成本高、投入较大、建筑结构复杂，也必须严格控制成本、严格控制价格、严格加强价格监督”。说的很好听，但房屋改造是要花钱的，深证真的会做赔本买卖吗？在土地财政难以为继的情况下，这很不合理不管怎么说，统租房是不可阻挡的大势，我们且看结果如何吧,0.0871369294605809,-0.1808682019066882,0.6013154590492359,-0.0518027000977084
小湘速递深圳城中村改造后租金原则上不涨价深圳筹集保障房占全市城中村较小部分据深圳特区报，市住房建设局相关负责人表示：城中村保障性住房规模化品质化改造提升由政府主导筹集，改造后的租金以不涨为原则，单套租金原则上与改造前基本持平，即便个别房源因改造成本高、投入较大、建筑结构复杂，也必须严格控制成本、严格控制价格、严格加强价格监督。财经网的微博视频,0.0165975103734439,-0.1221362634155671,0.7902457246044204,-0.0087565954791834
深圳城中村改造后租金原则上不涨价深圳筹集保障房占全市城中村较小部分据深圳特区报，市住房建设局相关负责人表示：城中村保障性住房规模化品质化改造提升由政府主导筹集，改造后的租金以不涨为原则，单套租金原则上与改造前基本持平，即便个别房源因改造成本高、投入较大、建筑结构复杂，也必须严格控制成本、严格控制价格、严格加强价格监督。财经网的微博视频,1.0,0.1829424308341936,1.0,1.0
深圳城中村改造后租金原则上不涨价深圳筹集保障房占全市城中村较小部分据深圳特区报，市住房建设局相关负责人表示：城中村保障性住房规模化品质化改造提升由政府主导筹集，改造后的租金以不涨为原则，单套租金原则上与改造前基本持平，即便个别房源因改造成本高、投入较大、建筑结构复杂，也必须严格控制成本、严格控制价格、严格加强价格监督。财经网财经网的微博视频,0.0331950207468879,0.7230925210267225,0.7902457246044204,0.1036846637285774
深圳官方回应城中村统租问题深圳城中村统租：有租客拿到补助火速搬离，有房东不愿给补贴官方回应“我们是公司统一安排居住在城中村的，现在因为统租不得不搬离，跟房东协商后，退了押金并补偿了一个月房租，我们现在打算搬回公司宿舍住。”月日下午，正在搬家的租户谢萍向记者介绍道。统租，顾名思义即由相关单位对城中村房源进行统一改造，然后对相关设施进行配套升级，再对外出租。但是，计划的好事因为深圳城中村租客的种种疑虑引发了舆论关注。在此之前，深圳已对多个城中村进行整治和改造，之所以此次引起广泛关注，主要有两点，一是统租范围偏大，二是引起了部分租户较大反弹。月日，据深圳发布官微，深圳市住建局相关负责人公开回应称，全市城中村整治提升划分为综合提升类、产业配套类、特色发展类、控制引导类和基本保障类等类。其中，仅部分综合提升类、产业配套类城中村涉及城中村保障性住房规模化品质化改造提升。其余类别均不涉及城中村保障性住房筹集。“城中村保障性住房规模化品质化改造提升由政府主导筹集，改造后的租金以不涨为原则，单套租金原则上与改造前基本持平，即便个别房源因改造成本高、投入较大、建筑结构复杂，也必须严格控制成本、严格控制价格、严格加强价格监督。”（每日经济新闻；阿法）深圳城中村统租：有租客拿到补助火速搬离，有房东不愿给补贴官方回应,0.2116182572614107,-0.8100539660706672,0.814831147147669,-0.7635197271243864
楼市“三大工程”有何带动效应？地方密集召开住建会议规划今年工作蓝图月以来，已有多个地方陆续召开了住房城乡建设工作会议，这其中包括浙江、河南、安徽、四川、山东、湖北、辽宁、黑龙江以及天津等地。从各地公布的年住建会议内容来看，多地不再强调“房住不炒”，而将保交楼、积极构建房地产发展新模式、加快落地实施“三大工程”等，作为今年主要的工作内容。这其中，推进城中村改造、保障性住房建设等，也被屡屡提及。事实上，这些表述均与去年月中央经济工作会议，以及全国住建工作会议的政策基调高度一致。“中央经济工作会议以及全国住建会议已经为年房地产定调，地方会议也在落实相关工作，但根据各地不同的情况，政策具体侧重点会有所不同。”一位房地产行业分析师表示。据记者不完全统计，目前仅有山东、湖北公布了年房地产全年投资金额。其中，山东计划全年完成房地产开发投资亿元以上；湖北计划年房地产开发投资完成亿元，与年的亿元基本持平。山东、安徽将“建立以城市为单元的房地产融资协调机制”从各省市召开的住建会议来看，山东、安徽、河南均提及“保交楼”以及“防风险”，而安徽和山东，则明确提到要“建立以城市为单元的房地产融资协调机制”。例如，山东提出，建立以城市为单元的房地产融资协调机制，“一项目一方案”落实资金支持，积极争取人民银行保交楼贷款，一视同仁满足不同所有制房地产企业合理融资需求。强化专项借款循环使用，加快剩余个保交楼项目建设交付。安徽提到，稳妥处置房企风险，建立以城市为单元的房地产融资协调机制，实现“保交楼”入库项目全部交付。“建立以城市为单元的房地产融资协调机制，将有助于减少项目交付风险，改善行业预期，有利于房地产市场企稳。”中指研究院企业研究总监刘水称。而保交楼压力较大的河南，在住建工作会议提到，年要“打好保交楼和征收安置问题项目整改歼灭战”，聚力攻坚、综合施策，进一步化风险稳预期、保民生保稳定。湖北也在住建工作会议上表示，将加快保交楼项目建设进度，坚决防止二次停工、再次逾期，完成万套保交楼任务。“保交楼仍是今年各地住建系统工作的重中之重，也是首要任务，预计各地将以更强力度做好保交楼相关工作。”上述分析师称。据天风证券研报，年四季度，央行推出了亿元保交楼支持贷款计划，但实际使用进度偏慢；截至年三季度，仅使用亿元，占总额度的。分析人士认为，年保交楼支持贷款计划仍有不少额度，在各地大力支持保交楼的情况下，预计年保交楼速度将进一步加快。城中村改造有望提速在构建房地产新模式方面，多个省市召开的住建会议表示，要全力实施“三大工程”，推动保障性住房、城中村改造等，形成更多增量投资。其中，浙江提出年要实施城中村改造万户；辽宁要在全省个地级城市全面开展城市体检，改造城中村项目个；四川将实施城中村改造项目个。山东还提出，探索发放房票及住房消费券等降低购房成本措施，建立“人房地钱”联动机制，有力有序推行现房销售。有专家表示，城中村改造、房票安置以及低息这套政策组合，将带动房地产市场建设，促进市场成交、助力楼市稳定增长。值得一提的是，中指研究院常务副院长黄瑜近日表示，据其测算，三大工程之一的城中村改造将带动约亿平方米的投资规模，会对房地产市场形成有效支撑。“万亿是个城市待改造城中村的总规模，没有具体时间限制，并不会在年内便全部释放完。”中指院方面表示。“若按年安置周期计算，平均到每一年，改造城中村带来的住宅新增需求约有万平方米。”黄瑜称，这个规模对于年启动阶段的实际拉动或有限，但对影响预期至关重要。此外，对于各地住建系统年的主要工作，不少地方还提出了包括继续完善保障性住房体系等相关措施。其中，浙江计划全年建设筹集保障性租赁住房万套（间），开工筹集公租房套以上；湖北计划筹集配租型保障性住房万套，建设配售型保障性住房套。山东将筹建保租房万套（间）、公租房套；安徽新增保障性租赁住房万套（间），发放公租房租赁补贴万户。与此同时，住房租赁市场的金融支持力度也在加大。月日，中国人民银行、金融监管总局联合发布《关于金融支持住房租赁市场发展的意见》，明确商业银行可按照市场化原则发放住房租赁团体购房贷款，支持企业和符合条件的事业单位依法依规批量购买存量闲置房屋用作宿舍型保障性租赁住房，支持专业化规模化住房租赁企业依法依规批量购买存量闲置房屋用作保障性或商业性租赁住房长期持有运营。“此举标志着我国住房租赁金融支持体系进一步完善。”中指研究院研究副总监徐跃进表示，这进一步加强了对住房租赁市场的金融支持力度，有利于拓宽住房租赁企业融资渠道，降低融资成本，使得租赁住房项目更能够“算得过来账”，从而提升住房租赁企业的投资运营积极性，促进住房租赁市场快速健康发展。,0.0013986013986013,0.9754861249694886,0.9616839497556228,0.0029290992722783
广东：稳定住房消费，支持广州、深圳结合城中村改造规模化建设保障性租赁住房中房报讯，月日，广东省人民政府办公厅印发《广东省进一步提振和扩大消费若干措施的通知》，共提出大方面条措施，其中包括稳定住房消费。通知明确，扩大保障性住房供给。推动重点城市规划建设保障性住房，加快筹建保障性租赁住房，年新增筹建保障性租赁住房不少于万套（间）。支持企事业单位利用自有空闲土地建设保障性租赁住房。鼓励机关事业单位、国有企业等单位将符合安全要求的现有物业改造为保障性租赁住房。简化利用存量土地和房屋改建保障性租赁住房调整规划的手续。支持广州、深圳结合城中村改造规模化建设保障性租赁住房。支持刚性和改善性住房需求。指导银行机构落实差别化住房信贷政策，优化个人住房贷款中住房套数认定标准，支持居民合理购房需求。指导商业银行依法有序调整存量个人住房贷款利率。在依法保障银行机构债权的前提下，推行一手房“带押过户”模式，提高一手房市场流通性。支持有条件的地市结合实际动态提高住房公积金租房提取额度，简化提取手续，推行全程网办。全面推行二手房交易“带押过户”。推进城中村、老旧小区和农房改造。支持广州、深圳、佛山、东莞等超大特大城市积极稳步推进城中村改造。允许住宅专项维修资金用于老旧小区改造和老旧住宅电梯更新改造，支持城镇老旧小区居民提取本人住房公积金用于本人及配偶双方父母的自住房加装电梯等改造，年新开工城镇老旧小区改造工程不少于个。鼓励有条件的地区对既有住宅加装电梯给予补贴，推行广州老旧小区成片连片加装电梯模式。深入实施农房质量安全风貌提升行动，大力推行装配式农房和绿色农房建设。此外，在促进家电和电子产品消费方面，通知提出要促进绿色智能家电消费。引导保障性租赁住房统一进行简单装修后交房，根据市场需求配置必要家电、家具。鼓励有条件的宿舍型保障性租赁住房和学生宿舍配置公共洗衣房、公共厨房，配备绿色智能家电。引导家电企业与房屋租赁企业、工业园区业主、学校等加强合作，开展家电租赁业务。,0.0041958041958041,0.7942044622137343,0.961811663427569,0.0071552406256706
支持广深结合城中村改造规模化建设保租房广东：支持广州、深圳结合城中村改造规模化建设保障性租赁住房广东提出全面落实带薪休假广东省印发广东省进一步提振和扩大消费若干措施。其中提出，扩大保障性住房供给。推动重点城市规划建设保障性住房，加快筹建保障性租赁住房，年新增筹建保障展开,0.0153846153846153,-0.0313927652266042,0.9625779454592468,-0.0010378600396847
广东：支持广州深圳结合城中村改造规模化建设保障性租赁住房财联社月日电，广东省印发广东省进一步提振和扩大消费若干措施。其中提出，扩大保障性住房供给。推动重点城市规划建设保障性住房，加快筹建保障性租赁住房，年新增筹建保障性租赁住房不少于万套（间）。支持企事业单位利用自展开,0.0125874125874125,0.3001527341443095,0.9619393770995152,0.0081135915852577
根据住房和城乡建设部消息，超大特大城市正积极稳步推进城中村改造，分三类推进实施：一类是符合条件的实施拆除新建，另一类是开展经常性整治提升，第三类是介于两者之间的实施拆整结合。年月，国务院办公厅印发《关于在超大特大城市积极稳步推进城中村改造的指导意见》，并召开电视电话会议进行部署。各地正按照部署，扎实开展配套政策制定、摸清城中村底数、编制改造项目方案等工作，住房城乡建设部城中村改造信息系统投入运行两个月以来，已入库城中村改造项目个。一线城市探索城中村改造新模式，把握政策释放利好期。广州推进最迅速、政策最丰富：广州年年初计划全年推进个城中村改造项目，完成亿元城市更新固定资产投资目标，并在月发布国内首个针对城中村改造的地方性法规条例《广州市城中村改造条例（征求意见稿）》，月广州安居集团成立，专责从事保障性住房投资、融资、建设和运营管理；北京月底发布《北京市征收集体土地房屋补偿管理办法（征求意见稿）》，明确以房屋安置方式为主，做到安置房先行，尽量缩短期房安置周期，以“限高、扩中、托底”为原则确定安置房安置面积；上海已批准城中村改造项目个，根据计划，年启动城中村改造项目个，到年底中心城区周边城中村项目全面启动，到年底中心城区周边城中村改造项目全面完成，五个新城等重点区域“城中村”改造规模化推进，到年底城中村改造项目全面完成。二三线城市积极推动“房票”补偿方式，去库存效果显著。以金华为例，金华商品房在年月份成交套，环比月份的套上涨，或得益于金华婺城区推出的具有地方特色的房票制度：）城市更新项目给予群众房票补偿：凡在婺城区范围内实施集体土地上房屋征迁的村（居）以房票形式结算的被征收人可自行向参与房票安置工作的房地产开发项目购买一手新建商品住宅；）房票可购买婺城区项目：房票可用于购买婺城新城区、仙源湖旅游度假区、一环以内、一环至二环及二环以外婺城区范围内取得预售许可的商品住宅；）房票可自由转让；）房票在购买一手房时，可在房票面值基础上膨胀至少抵购房款。未来或许将有更多城市探索城市更新及城中村改造补偿的新模式，商品房销售市场或将受益。,0.0041958041958041,-0.2966245789601243,0.9616839497556228,-0.0026720303327713
深圳推进城中村住房改造为保障房月日起正式实施的《深圳市保障性租赁住房管理办法》提出，保障性租赁住房主要面向符合条件的新市民、青年人及各类人才配租。今年，深圳全市计划通过城中村规模化品质化改造提升，筹集保障性住房万套（间），约占全市城中村租赁住房总量的。深圳市安居微展开,0.1384615384615384,-0.0549385975112085,0.7574981770738846,-0.012863968905824
年，深圳全市计划通过城中村规模化品质化改造提升，筹集保障性住房万套（间），约占全市城中村租赁住房总量的。,0.0097902097902097,-0.9683551858387328,0.961811663427569,-0.020356513076139
早安深圳新闻资讯来了丨报名即将开始深圳最新招聘教师名今年，深圳启动城中村保障性住房规模化品质化改造提升行动，全市计划通过城中村规模化品质化改造提升，筹集保障性住房万套（间）。深圳市公办中小学面向毕业生公开招聘教师名招聘对象：年月日至年展开,0.0083916083916083,0.9944966223705836,0.9616839497556228,0.0179170933853737
今年月，深圳市住房和建设局发布了《深圳市城中村保障房规模化品质化改造提升指引》，其中提出了“安全、配套、建筑、绿色”四项改造要点，为全市规范、有序、高效推进城中村保障性住房规模化品质化改造提升提供明确指引。,0.0153846153846153,0.1441499768248034,0.9616839497556228,0.0047612420059042
今日看盘超话近期深圳正在开展城中村保障性住房规模化品质化改造提升工作，年全市计划通过城中村规模化品质化改造提升、筹集保障性住房万套（间），约占全市城中村租赁住房总量的。为避免提高居民住房负担，深圳同时要求城中村保障性住房规模化品质化改造提升由政府主导筹集，改造后的租金以不涨为原则，单套租金原则上与改造前基本持平。,0.0069930069930069,0.3225845371056648,0.961811663427569,0.0048437778408638
统租潮下的深圳白芒村今年以来，为推进城中村保障性住房规模化、品质化改造提升，深圳正式拉开了“统租”序幕，位于南山区的白芒村也在此次改造范围内。一时间，数万名租客将面临限期搬离、周边房租上涨、子女上学等困境。月上旬，白芒村“统租”项目暂缓，但统租的“余波”仍改变着他们的生活展开,0.0167832167832167,0.0772125907132261,0.8034495786877137,0.0023243879994531
元芬村保障性住房为市民安家全新改造元芬村以规模化、品质化、数字化提供保障性租赁住房，为推进城中村保障性住房规模化品质化改造提升提供明确指引，元芬村曾经过改造的楼栋，以规模化、品质化、数字化为市民提供保障性租赁住房，成为干净、整洁、现代的社区。大湾区新闻的微博视频,0.0055944055944055,-0.1937836295446076,0.84893148360588,-0.0020546144777916
元芬村保障性住房为市民安家全新改造元芬村以规模化、品质化、数字化提供保障性租赁住房，为推进城中村保障性住房规模化品质化改造提升提供明确指引，元芬村曾经过改造的楼栋，以规模化、品质化、数字化为市民提供保障性租赁住房，成为干净、整洁、现代的社区。保障性租房加速提质展开,0.0027972027972027,0.9728400521326436,0.9616839497556228,0.0058423077803062
深圳统租房计划阻力不小，到底问题出在哪里？国际情报员深圳西丽街道办回应白芒村统租统租房计划不难理解，就是深圳出面收购当地土著手里的房源，整修后面向广大租客二次出租，政府说是为了改善城中村居住环境但这些年公信力几乎较低，老百姓心里不相信会有这么好的事，更愿意相信是把收割财展开,0.0293706293706293,-0.1808682019066882,0.7142058222286616,-0.00847004131359
统租潮下白芒村今年以来，为推进城中村保障性住房规模化、品质化改造提升，深圳正式拉开了“统租”序幕，位于南山区的白芒村也在此次改造范围内。一时间，数万名租客将面临限期搬离、周边房租上涨、子女上学等困境。月上旬，白芒村“统租”项目暂缓，但统租的“余波”仍改变着他们的生活。展开,1.0,0.4671288715329562,0.95890729224845,1.0
深圳的统租改造影响有多大？近期深圳“白芒村统租，被迫搬家”的事件引爆网络，引发了一系列的讨论与猜测。根据此前媒体的报道，位于南山西丽的白芒村因为租金便宜，住着不少在深圳南山周边制造业工厂上班的打工人。但月日，部分房东在出租房上贴了一张通知。根据通知，因为白芒村在政府主导下进行综合整治，该栋楼在统租整治范围内，房东要行使合同解除权，通知租户在年月日前搬离。一石激起千层浪。白芒村的统租话题引发的“租客们被迫集中搬家”“租客遭房东通知限期搬离”，以及孩子上学等问题，通过社交媒体的传播一下展现在了全国人民面前，派生出各种猜测。一些视频中，住户们拉着大包小包，准备离开白芒村，表情复杂，同样引发了网友对深圳统租改造的质疑。月日，“深圳发布”转发了深圳市南山区西丽街道发布的“致居民的一封信”全文，对居民们产生的疑问，包括搬迁时间、补助、学位等问题进行解答。该公开信首先对部分租户收到的“要求在月日前限期搬离的通知”进行回应，西丽街道办事处表示，该通知为个别房东的要求，指挥部已调查并责令整改。租户可根据各自寻找房源的情况自行安排，对于不具备搬离条件的居民不强制搬离并维持房屋原租金标准。同时，还将对愿意搬离的居民给予搬迁补助，并将积极梳理周边房源的信息供有需要的居民参考，协助寻找房源。在保障学位方面，西丽街道办事处表示，符合入学条件在南山区内就读的学生，无论搬离与否都将为其提供保障。这封在舆情引爆半个月后才姗姗来迟的公开信，在一定程度上回应了部分问题，但仍有租户留言表示，有一些重要的问题并没有披露，比如搬迁补助的具体标准是多少？统租后对比统租前的实际租金会不会大涨？租户们的担心并非空穴来风。深圳的统租改造，是由当地一家国企统一收储城中村房源进行改造，并对周边配套升级再进行出租。据悉，此次深圳白芒村“统租”，是由政府出资补贴统租企业，银行提供授信，由统租企业负责推进。换句话说，深汇通从村里将房子统租过来改造后，将成为二房东。而“中间商赚差价”是市场对二房东最显著的印象。不过，由于此次承接统租改造的是深圳国企，租金失控增长的情况或许可以避免。月日，深圳市人才安居集团党委委员、副总经理、安居微棠董事长周柏新在接受深圳报业集团记者采访时说，“改造后的大部分房源，单套租金与改造前基本持平，即便个别房源存在改造成本高而造成租金小幅上涨，涨幅也不会超过原有租金的”。深圳市住房建设局相关负责人亦对媒体表示，城中村保障性住房规模化品质化改造提升由政府主导筹集，改造后的租金以不涨为原则，单套租金原则上与改造前基本持平，即便个别房源因改造成本高、投入较大、建筑结构复杂，也必须严格控制成本、严格控制价格、严格加强价格监督。不过，一些房东在政府提出“涨幅也不会超过原有租金的”的原则后，已经开始了一波涨价。据证券时报记者现场探访，有南山白芒村、平山村的居民告诉记者，自从村里开始“统租”后，一些未被收纳的房源和周边城中村的房源租金立刻水涨船高。“平山村里一些没有参加统租的房东，现在去租房的话租金都上涨了不少。”一位平山村的居民告诉记者，“之前这里的一房一厅月租金在元左右，现在房东刚刚说要元才租。”笔者算了下，从元涨到元，涨幅已经达到了，如果再加上改造后的涨幅，类似的涨幅已经将近，这个涨幅之高令人惊叹。深圳的统租改造影响有多大？（作者：秦朔朋友圈）,0.0153846153846153,-0.320146011761975,1.0,-0.0109956626648105
深圳投亿改造城中村，要做最大“二房东”？白芒村位于深圳南山西丽，与宝安区石岩街道相邻，是深圳一处典型的城中村。白芒村搬迁通知，正式揭开了深圳“统租”的大幕。所谓的“统租”，指的是由政府主导，从房东手中统一租赁房源，进行装修、改造后，再出租给特定群体。可以看出，政府一手展开,0.1258741258741259,-0.0428251127766942,0.7311178422230749,-0.008798508013374
小湘速递深圳城中村改造后租金原则上不涨价深圳筹集保障房占全市城中村较小部分据深圳特区报，市住房建设局相关负责人表示：城中村保障性住房规模化品质化改造提升由政府主导筹集，改造后的租金以不涨为原则，单套租金原则上与改造前基本持平，即便个别房源因改造成本高、投入较大、建筑结展开,0.0055944055944055,-0.1221362634155671,0.961811663427569,-0.001467152595983
深圳城中村改造后租金原则上不涨价深圳筹集保障房占全市城中村较小部分据深圳特区报，市住房建设局相关负责人表示：城中村保障性住房规模化品质化改造提升由政府主导筹集，改造后的租金以不涨为原则，单套租金原则上与改造前基本持平，即便个别房源因改造成本高、投入较大、建筑结构复杂，也必须展开,0.337062937062937,0.1829424308341936,0.7558376701592288,0.1040496557079061
深圳城中村改造后租金原则上不涨价深圳筹集保障房占全市城中村较小部分据深圳特区报，市住房建设局相关负责人表示：城中村保障性住房规模化品质化改造提升由政府主导筹集，改造后的租金以不涨为原则，单套租金原则上与改造前基本持平，即便个别房源因改造成本高、投入较大、建筑结构复杂，也展开,0.0111888111888111,0.7230925210267225,0.961811663427569,0.0173721880740804
深圳官方回应城中村统租问题深圳城中村统租：有租客拿到补助火速搬离，有房东不愿给补贴官方回应“我们是公司统一安排居住在城中村的，现在因为统租不得不搬离，跟房东协商后，退了押金并补偿了一个月房租，我们现在打算搬回公司宿舍住。”月日下午，正在搬家的租户谢萍向记者介绍道。统租，顾名思义即由相关单位对城中村房源进行统一改造，然后对相关设施进行配套升级，再对外出租。但是，计划的好事因为深圳城中村租客的种种疑虑引发了舆论关注。在此之前，深圳已对多个城中村进行整治和改造，之所以此次引起广泛关注，主要有两点，一是统租范围偏大，二是引起了部分租户较大反弹。月日，据深圳发布官微，深圳市住建局相关负责人公开回应称，全市城中村整治提升划分为综合提升类、产业配套类、特色发展类、控制引导类和基本保障类等类。其中，仅部分综合提升类、产业配套类城中村涉及城中村保障性住房规模化品质化改造提升。其余类别均不涉及城中村保障性住房筹集。“城中村保障性住房规模化品质化改造提升由政府主导筹集，改造后的租金以不涨为原则，单套租金原则上与改造前基本持平，即便个别房源因改造成本高、投入较大、建筑结构复杂，也必须严格控制成本、严格控制价格、严格加强价格监督。”（每日经济新闻；阿法）深圳城中村统租：有租客拿到补助火速搬离，有房东不愿给补贴官方回应,0.0713286713286713,-0.8100539660706672,0.9627056591311932,-0.1241818942255442
生育三孩就送亿韩元？韩企加入鼓励生育行列花式催生据调查，为了缓解韩国低生育率问题，韩国各大企业也加入到鼓励生育行列，致力于引入多元化的激励生育政策。近日，内衣专门公司裳邦尔在首尔总部举行了“生育奖励”仪式，宣布从今年开始，向工职满年以上的生育子女员工（包含今年展开,0.0006734006734006,-0.1789720194167199,0.8664095990436577,-0.0005038192489594
《生二胎的纠结》这个讨论，起因是收到一个关于生二胎纠结的留言，可能很多朋友都有过这样的思考，不过这个问题的答案，肯定不是简单的是或者不是。二胎下面聊聊我的想法，正如留言中所说，生二胎的主要顾虑是时间就少了，经济压力也大，而想生的动力，一方面觉得小孩子有个伴，也希望老了展开,0.0298989898989899,0.5423082754767651,0.5204203204845209,0.0407145660327049
关于催生把生育自由还给能生育的人普通家庭到底要不要二胎宝贝成长守护计划最近又被催生了，我发现一个普遍现象，后特别热衷于催生，不管三七二十一，只要是知道有人结婚，第一话题一定是催生。而且他们还互帮互助，你催我家的，我催你家的，这种场面上的人情往来简直不要太好使。一开始非常纳闷，怎么这年头生了的还会被催？想想可能是当年“计划”的时候，把他们这辈逼狠了，每一代人都有一代人的底色吧。爷爷奶奶那辈就各种怕孩子没吃饱没穿暖，因为他们饿过冻过。父母这辈就各种怕孩子不生养而我们这辈呢？其实挺幸福的，一出生就是和平发展的时代，没有这么多执念，追求的生活自然也跟他们不同。有人希望儿女成群，就有人崇尚丁克；有人渴望自由自在，就有人希冀婚姻。把生育自由还给能生育的人，历史洪流、时代牢笼都应该停留在过去，而不是用来代系传承。大道理或许有用，但未必正确，催生止于智者。最近真的被小学生套牢了，一回家各种忙不赢，还没有从容起来，大脑都没有灵感，不想创作。暑假还有多久啊为什么年轻人越来越难恋爱了,0.8270707070707071,0.3280330995922474,0.763918234874274,1.0
争取一年抱俩篇反对早婚早育如何看待早婚早育第一生育大省也开始催生了,0.0002693602693602,0.7450240098106429,0.7348856332250377,0.0007115679520659
三孩催生无果，生育率再创新低，国家终于向住房“出手”了我们都知道，年国家放开二胎政策，年放开三胎，有了政策的鼓励，年轻人应该放开生才对，然而数据却一年比一年难看，从年到年，出生人口连跌。去年出生人口只有万人，负增长已经提前来临，其实想想挺可怕，如果没有人口的支撑，那么人口红利将提前结束，社会经济发展缓慢。因此，鼓励生育迫在眉睫。个人认为，要想解决问题，就得先找出问题，那么年轻人不愿生娃的问题在哪？第一：生养成本高显然，如今生养一个孩子，绝不仅仅是吃饱穿暖那么简单，现在后后当了父母，他们对孩子的教育更重视，对孩子的期望更高。不仅要吃得好穿得好，在教育上也不能输在起跑线上，给孩子报各种辅导班、兴趣班、学区房，每一个都需要大量的资金。据知名机构预测，养育一个孩子到岁，大概需要万，如果在大城市，那就要上百万了。生活压力已经喘不过气，因此，年轻人更注重质量，而非数量。第二：高房价毫无疑问，房子是年轻人身上最重的一座大山，普通工薪阶层可以靠父母帮衬凑够首付，勉强买房。而有的人只能靠自己，连买房的资格都没有，没有房子连婚都结不了，还谈何生娃？其实问题很好找，关键是怎么解决，对此，人口学家梁建章提出一个方案，他建议生一个孩子奖励万，简单粗暴。还有其他专家也是大同小异，基本上都是现金补贴，实打实的帮助年轻人。关于鼓励生育，国家也有相关的政策比如打击高价学区房，教育资源过渡集中，导致天价学区房出现，目前，很多地区已经开始实行教师轮岗制，让教育资源更加均衡化，普通家庭的孩子，也能接受良好的教育。还有政策向刚需家庭倾斜，买房享受贷款优惠，降低首付比例，给予人才现金补贴。再比如保障性住房，这是国家政策的重中之重，保障房具备商品房所有的权益，主要是为了解决低收入人群的住房问题，商品房不再是唯一选择。随着各项政策落实，解决人口出生率低的问题也就指日可待了,0.0308417508417508,0.2862896511640929,0.7348856332250377,0.0313081385455562
这几天发生了很有意思，很讽刺的现象。一个邻居，这个邻居后，小两口年迎来了第一个小宝贝，沉浸在欢乐的气氛中，但是年，国家突然放开二胎，于是那一年，后甚至有部分后很多也开始造二胎计划，貌似憋了很久的大水突然开阀。无数的二胎宝贝投胎转世来到中国，于是呢，年猴年的孩子突增多万。所以有些事情不出事儿则已，一出事儿马上变味，这不是年秋季小学报名了吗，这里因为年的孩子太多，很多学校又开始统筹了，就是你有房子也不能就近入学，也要参与统筹，我这个邻居每天都担心自己的孩子分不到旁边的小学，但是这个旁边的小学真的很垃圾的一个街道小学，只是环境好一个点，教学水平特别一般，但是如果找人要花万塞进去，没办法啊，因为那一年孩子太多了而且很多都是胎，所以呢，根本上的原因是年很多二胎的到来占用了人家一胎的社会资源，国家为了开放二胎，刺激生育，只顾着催生，但是你倒是把一胎的事情整明白了再说啊，于是，今年好多小学学位预警红线，甚至很多都不招随迁子女了，逼着人家买房子，买了房子也不是万事太平，照样要统筹出去，被分有些学校特别偏，导致家长后老悔了，感觉被坑了，被卷死了，因为现在本身房地产市场风雨飘摇，为了上个小学又要去购置一套房产，很多就掉坑里了，有些没钱的家庭还办理假离婚，突然有感觉穿越到了年那会儿，所以，真的觉得年年上半年的孩子有点生不逢时，小万了，要面临多大的竞争这是，从年开始生育率又突然下降。这几年出生的孩子才万，于是呢，很多幼儿园又招不上孩子了，有些之前难以进去的私立园都开始降学费，降条件招生，就算这样，也招不上人。所以，投胎真是技术活儿，目前这个节骨眼，孩子成本越来越离谱，催你生，但是生出来以后的问题跟人家没半毛钱关系，全是拼父母自己的通天的本事，现在就是三胎互相抢资源，其实吃亏的都会是人家一胎的。太奇葩了，不说了，越说越觉得脑充血。专家建议放开三胎我国一孩生育率跌至成长高考,0.1428956228956229,0.2845541504261767,0.5851211836629238,0.1147948719854152
后，谜一样的存在：、小时候，他们赶上了计划生育、独生子女时代。、上小学的时候，他们赶上了教育改革，上学要交费，但那时候的大学不收费。、等到他们上大学的时候，义务教育开始免费，但上大学开始收费了。、毕业之前，工作还包分配；毕业后，又赶上工作不包分配、自谋职业。、工作一段展开,0.0001346801346801,0.811596180076755,0.7348856332250377,0.0003875753157999
小湘速递第一生育大省也开始催生了：广东支持有条件的地区发放育儿补贴月日，广东省卫生建康委、省发展改革委等个部门《关于进一步完善和落实积极生育支持措施的实施意见》挂网公开，为减轻群众生育、养育、教育负担提供支撑。实施意见提出，强化税收、经济补助等支持政策。落实好岁展开,0.0005387205387205,0.0524655636156166,0.736309830188652,0.0001004133117254
第一生育大省也开始催生了哈哈哈哈哈哈哈哈哈哈哈哈哈哈哈哈哈哈哈哈嗝,0.0004040404040404,0.6666666666666665,0.7348856332250377,0.0009550939871683
第一生育大省也开始催生了不会后面的计划生育是满大街找女的受精吧加速，给我狠狠的加速,0.0008080808080808,0.0524655636156166,0.7348856332250377,0.000150328633028
第一生育大省也开始催生了啥比玩意，谁管你啊，吃相这么难看打发叫花子呢？就不生急死你，搞得好像养小孩不用钱一样，自己都养不活还要养小孩，要驴干活都得先给驴吃饱饭吧？一张口就是“郭嘉发声咯大家快生啊”谁管你的，,0.0018855218855218,-0.0722017052403659,0.6527972196907427,-0.0004287954265647
第一生育大省也开始催生了奴隶最大的复仇就是不再生产奴隶。,0.0028282828282828,0.2760112436043718,0.7348856332250377,0.0027679751311525
第一生育大省也开始催生了后还没开始发力不急,0.0005387205387205,0.4623877759216746,1.0,0.0012018843873292
第一生育大省也开始催生了词条看得我好爽，请广东人会骂多骂。,0.0006734006734006,0.9951776531405804,0.7348856332250377,0.0023762204816968
第一生育大省也开始催生了：广东支持有条件的地区发放育儿补贴月日，广东省卫生建康委、省发展改革委等个部门《关于进一步完善和落实积极生育支持措施的实施意见》挂网公开，为减轻群众生育、养育、教育负担提供支撑。实施意见提出，强化税收、经济补助等支持政策。落实好岁以下婴幼儿照护费用个人所得税专项附加扣除政策。建立对依法保障职工生育权益用人单位激励机制。支持有条件的地区根据当地实际，对生育的家庭给予一定额度的育儿补贴。生育补贴现状一孩不补二孩少补三孩多补作为连续三年唯一出生人口超百万的第一生育大省，广东人口自然增长已呈下滑趋势。广东最新出台的生育支持措施，从住房层面着手，强调解决新市民、青年人等群体住房困难，从中也不难看出地方政府的考量。（每日经济新闻）,0.0028282828282828,-0.6984589033421296,0.7348856332250377,-0.0070044859380954
广东发布多项措施支持多生育第一生育大省也开始催生了广东支持有条件的地区发放育儿补贴（来源：秦殇）枣庄在线枣庄在线的微博视频,0.0009427609427609,0.6642141739780133,0.9524770507132204,0.0028777764719649
广东发布多项措施支持多生育十月怀胎分娩的痛苦是女人在承受，想提高生育率，又不想回馈女人的贡献，这是头痛医脚。若是真有心，法律应该在继承、就业、离婚财产分割等方面，真正做到男女平等，甚至向女性倾斜。广东住房政策向多子女家庭倾斜第一生育大省也开始催生了,0.0615488215488215,0.4911337255866151,0.3511028036762446,0.0512090375255139
第一生育大省也开始催生了神经病啊打工第一大省罢了本广东人要在线发癫了快滚,0.0037710437710437,0.981466497732345,0.748457736632614,0.0133658674848517
你最期待哪方面的生育支持措施第一生育大省也开始催生了，民企要赶业绩哪个能说真把这些条例全都落到平民百姓的身上。现实是休个五一还要补两个星期的班。育儿除了给点个人补贴，我想其他的啥都不会有。但真给公务员这些真的有用吗？他们拿着工资还不办啥事，到底是真真切切的了解民生还是只要展开,0.0017508417508417,-0.0162284105075336,0.736309830188652,-0.0001009430200517
第一生育大省广东，也开始“催生”了第一生育大省也开始催生了月日，广东卫健委发布《关于进一步完善和落实积极生育支持措施的实施意见》提出，加快建设生育友好省，稳妥有序实施一对夫妻可以生育三个子女政策及配套支持措施，不断深化优生优育及妇女儿童健康服务，完善托育、财政、税收、保展开,0.0453872053872053,0.0707715520737167,0.497310489949353,0.0077074834204808
第一生育大省也开始催生了不需要催，广东人生育意愿很强的，一家三个是标配，必须得生到男孩才行,0.0005387205387205,0.7202119208747533,0.7981963274553566,0.0014942607200339
第一生育大省也开始催生了我觉得现在最离谱的就是所谓的学位，上个学还要有学位，没学位没学上，哈哈搞笑，还是生的太多啦,0.0028282828282828,-0.2731378771965369,0.7348856332250377,-0.0027391596138724
第一生育大省也开始催生了先分一个优秀的丈夫给我再说，请对我们后好点吧,-0.0008080808080808,0.1733233198226205,0.504695217123107,-0.0003410623628322
第一生育大省也开始催生了为什么主动绝育原因不知道吗？你拿张嘴催个屁,0.0008080808080808,-0.2191710728296096,0.7348856332250377,-0.0006279869214623
第一生育大省也开始催生了岁危机，年或者年房贷，甚至一百年房贷，自己都勉强活着，生什么？来做干电池？为资本家积累财富？,0.0014814814814814,0.0524655636156166,0.7348856332250377,0.0002756024938846
第一生育大省也开始催生了素质这么差还要繁殖？,0.0045791245791245,-0.8389207900347093,0.7516622168333018,-0.0139321760234789
投票：你最期待哪方面的生育支持措施第一生育大省也开始催生了，月日，广东省卫生建康委、省发展改革委等个部门发布《关于进一步完善和落实积极生育支持措施的实施意见》，为减轻群众生育、养育、教育负担提供支撑。你最期待哪方面的生育支持措施？（希隆）,0.0918518518518518,0.270911155241775,0.5727177737264635,0.0687619655226011
第一生育大省也开始催生了：广东支持有条件的地区发放育儿补贴月日，广东省卫生建康委、省发展改革委等个部门《关于进一步完善和落实积极生育支持措施的实施意见》挂网公开，为减轻群众生育、养育、教育负担提供支撑。实施意见提出，强化税收、经济补助等支持政策。落实好岁以下婴幼展开,0.0013468013468013,0.2692665430804488,0.6931419399594455,0.0012128327912868
第一生育大省也开始催生了少生优生，幸福一生我生了两个了，转了深户，还是读个公立都困难，谁还敢生哦,0.0037710437710437,0.8952954554691273,0.7348856332250377,0.0119712782876072
第一生育大省也开始催生了急啦？你们阴德的,0.0051178451178451,0.8108276331429428,0.8724843921788658,0.0174689242855548
第一生育大省也开始催生了别急，该生的总会生。不想生的怎么也不生。这都是你们应得的,0.0122558922558922,0.0094232063554486,0.4707746444426266,0.0002623309404487
广东鼓励用人单位安排外省独生子女护理假广东将建立更加灵活适宜的生育休假制度第一生育大省也开始催生了月日，广东卫健委发布《关于进一步完善和落实积极生育支持措施的实施意见》。实施意见提出，建立更加灵活适宜的生育休假制度。支持各地、各用人单位探索实施更加弹性、更加方便家庭照顾婴幼儿的生育休假制度，加强对职工的人文关怀，帮助职工更好地平衡工作和家庭关系，促进公平就业和职业发展。落实省人力资源社会保障厅、省卫生健康委联合印发的《关于进一步做好广东省人口与计划生育条例相关假期贯彻落实工作的通知》（粤人社规号），逐步建立完善政府、用人单位、个人等多方分担的假期用工成本机制，切实保障职工假期待遇。维护好独生子女家庭权益，外省户籍的独生子女父母，其子女在广东工作的，鼓励用人单位参照我省独生子女父母护理假规定安排其子女休假。（每日经济新闻）,0.0004040404040404,0.3525529360108,0.7348856332250377,0.0005050817840136
广东要求促进解决青年人住房困难广东子女较多家庭可优先配租公租房第一生育大省也开始催生了月日，广东卫健委发布《关于进一步完善和落实积极生育支持措施的实施意见》。实施意见提出，加快完善住房保障体系。加快发展保障性租赁住房，促进解决新市民、青年人等群体住房困难。进一步完善展开,0.0013468013468013,-0.4633891482296379,0.7348856332250377,-0.0022129009459657
广东鼓励用人单位安排外省独生子女护理假广东将建立更加灵活适宜的生育休假制度第一生育大省也开始催生了月日，广东卫健委发布《关于进一步完善和落实积极生育支持措施的实施意见》。实施意见提出，建立更加灵活适宜的生育休假制度。支持各地、各用人单位探索实施更加弹性、更加方便家庭照顾婴幼儿的生育休假制度，加强对职工的人文关怀，帮助职工更好地平衡工作和家庭关系，促进公平就业和职业发展。落实省人力资源社会保障厅、省卫生健康委联合印发的《关于进一步做好广东省人口与计划生育条例相关假期贯彻落实工作的通知》（粤人社规号），逐步建立完善政府、用人单位、个人等多方分担的假期用工成本机制，切实保障职工假期待遇。维护好独生子女家庭权益，外省户籍的独生子女父母，其子女在广东工作的，鼓励用人单位参照我省独生子女父母护理假规定安排其子女休假。（每日经济新闻，希隆）,0.0009427609427609,-0.3040793143289895,0.736309830188652,-0.0010184550690177
第一生育大省也开始催生了广东要求引导学生建立正向婚恋观月日，广东卫健委发布《关于进一步完善和落实积极生育支持措施的实施意见》。为减轻群众生育、养育、教育负担提供支撑。广东发布多项措施支持多生育实施意见提出，巩固拓展“双减”工作成果，严格落实义务教育阶段学科类校外培训收费政府指导价管理政策，减轻群众经济负担。加强家庭教育指导，引导家长形成科学育儿观念。加强校园健康教育，开展生长发育、性与生殖健康等方面的知识和技能教育，引导学生建立正向婚恋观、家庭观。（每日经济新闻，希隆）视频的微博视频,0.0025589225589225,-0.0727193414162687,0.736309830188652,-0.0006610898582942
第一生育大省也开始催生了：广东支持有条件的地区发放育儿补贴月日，广东省卫生建康委、省发展改革委等个部门《关于进一步完善和落实积极生育支持措施的实施意见》挂网公开，为减轻群众生育、养育、教育负担提供支撑。实施意见提出，强化税收、经济补助等支持政策。落实好岁以下婴幼儿照展开,1.0,0.0966385458313434,0.6717327033011039,0.3132129391067114
