文本,宏观集群密度,帖子平均情绪值,宏观集群信任度值,群体情绪指数1,时间
国家发改委发布恢复和扩大消费二十条措施月日，国务院办公厅转发国家发展改革委关于恢复和扩大消费措施的通知，就住房、汽车、休假、文旅等方面提出二十条针对性举措。其中提出，扩大服务消费，丰富文旅消费，全面落实带薪休假制度，鼓励错峰休假、弹性作息，促进假日消费；促进文娱体育会展消费，优化审批流程，加强安全监管和服务保障，增加戏剧节、音乐节、艺术节、动漫节、演唱会等大型活动供给；稳定大宗消费，各地不得新增汽车限购措施，支持刚性和改善性住房需求，提升家装家居和电子产品消费；提升健康服务消费，坚持中西医并重，开发面向老年人健康服务产品。,0.0031880977683315,-0.9477871299016618,0.6971893395199467,-0.0116351754757737,2023-01-03 18:43:27
上证指数摸高点，两市成交再破万亿，股稳了吗？股三大指数在月最后一个交易日纷纷收涨，沪指涨，收报点；深证成指涨，收报点；创业板指涨，收报点。市场成交额继续放大，沪市成交亿元，深市成交亿元，两市合计成交亿元，较前一交易日的亿元明显放量，为月日以来首次成交额超过万亿，其中北向资金净买入近百亿元。有人调侃称，自从胡锡进月日入市后，整个月上证指数均未跌破其入市当日创下低点点，而随着政治局会议利好及相应利好政策频发，上证指数更是在月底一路走高，今日一度摸高点创下月度新高，“胡锡进底”或日渐牢固。而真正决定市场走向的还是基本面因素。政策层面，今日国家统计局公布了月份制造业采购经理指数（）为，比上月上升个百分点，制造业景气水平持续改善。从企业规模看，大型企业为，与上月持平；中型企业为，比上月上升个百分点；小型企业为，比上月上升个百分点，数据反映出了中国经济持续复苏的迹象。同一时间，国务院办公厅转发国家发展改革委《关于恢复和扩大消费措施》的通知。该措施要求，把恢复和扩大消费摆在优先位置，优化就业、收入分配和消费全链条良性循环促进机制，增强消费能力，改善消费条件，创新消费场景，充分挖掘超大规模市场优势。针对稳定大宗消费、扩大服务消费、促进农村消费、拓展新型消费、完善消费设施、优化消费环境，发改委提出了二十条措施，被市场普遍解读为政策利好。在板块表现层面，今日地产相关板块继续走强，华远地产、中南建投、荣盛发展等多股涨停。地产股本轮强势的表现源于其直接受益于政策利好，继月日中央政治局会议提出“适时调整优化房地产政策”及住建部表态进一步落实好各项政策措施后，一线城市密集表态，目前北上广深四大城市已经有三座城市放风。月日，北京市住建委表示，将更好满足刚性和改善性住房需求，促进北京房地产市场平稳健康发展。月日，深圳市住房建设局表示，将结合深圳市房地产实际情况，会同市有关部门、中央驻深机构和各区抓好贯彻落实，更好满足居民刚性和改善性住房需求，扎实推进保交楼工作，切实维护房地产市场秩序，促进深圳市房地产市场平稳健康发展。同日，媒体援引广州市住建局工作人员回应称，将结合广州实际尽快推出有关政策措施，大力支持、更好满足刚性和改善性住房需求。上周五券商龙头中信证券强势涨停，带动证券指数大涨后，今日非银金融板块开盘冲高，随后涨幅明显回落，天风证券、西南证券、太平洋等多股涨停。在最新的一篇安信证券的研报中，其复盘了年至今共次券商大涨（券商指数单日涨）后市场表现，表示后续大盘指数上涨概率较高。而随着暑期档电影票房火爆，传媒板块拉升领涨，星辉娱乐涨超，华谊兄弟大涨。根据灯塔专业版数据，截至月日时分，年暑期档（月日月日）总票房（含预售）突破亿。除了电影热映的因素外，巨丰投顾高级投资顾问李建杰表示：传媒板块作为人工智能主要受益方向之一，也是板块的重要方向，未来与“”深度融合的发展前景值得期待，预计带来的商业模式、收入、利润率影响将在明年开始逐渐体现。短期来看，关注版号驱动和边际应用变化；长期来看，助力游戏编辑平台释放用户端生产力，带来游戏内容与用户体量螺旋式上升，看好传媒板块的后续发展。受国家整治医药腐败影响，今日医药生物板块领跌，恒瑞医药大跌超。月日，纪检监察机关配合开展全国医药领域腐败问题集中整治工作动员部署视频会议在北京召开。会议指出，集中整治医药领域腐败问题是推动健康中国战略实施、净化医药行业生态、维护群众切身利益的必然要求。要以监督的外部推力激发履行主体责任的内生动力，深入开展医药行业全领域、全链条、全覆盖的系统治理。加大执纪执法力度，紧盯领导干部和关键岗位人员，坚持受贿行贿一起查，集中力量查处一批医药领域腐败案件，形成声势震慑。强化以案促改，推动深化改革、完善制度等。对于股月的上涨走势，各大券商也纷纷发表了自己的看法，并积极看好后市。中金公司看好本轮股行情，其看好政策层面自上而下的积极信号催化券商板块估值修复行情。券商股的走势短期看市场流动性及风险偏好、中期看政策导向、长期则体现为公司战略及执行所带来的经营差异。当前板块估值及持仓仍处于低位，政策信号以及市场风险偏好的正反馈催化板块的弹性及修复空间明显。国泰君安则认为本轮地产股表现不会昙花一现，其认为在验证行业改善之前，密切关注政策密度，一线城市政策松动之前，都是政策蜜月期，政策密度决定板块表现的高度。楼市切实改善的结果验证，会逐步临近，但这需要先打出政策底牌，因此，在一线城市切实出台具体政策之前，政策密度将决定板块高度，目前已经是蜜月期。天风证券研报则指出，技术面上，市场上周强力反弹后，成交仍未放大，并未出现放量滞涨信号，显示反弹后续动力较强。中期视角，市场估值也处于中等偏低位置。从日历效应角度，年以来，券商指数单日上涨以上，同时过去日累计涨幅超过以上，一共出现次，其中次随后一周券商指数均呈现不同程度的上涨；综合来看，指数中期视角估值处于低位，宏观政策对短期风险偏好较为友好，市场反弹仍未出现放量滞涨，有望维持持续周期较长的一轮反弹。交银国际首席原董事总经理，思睿集团首席经济学家洪灏今日发文表达了对市场的看法，文中没有别的内容，只有一张买字的图片。,0.0031880977683315,0.6521136339314065,0.9270494341407916,0.0106448014667107,2023-01-03 18:19:00
涛粉早大风来了消费国条的重点给大家捋一捋，千万不要简单的看待，国家战略的重心往往意味着牛股摇篮为什么呢？巨量的政策支持巨量的资金支持，得到的是什么？毫无疑问就是巨量的订单，也就是催化业绩主升浪。有点长，一个字一个字，耐心看懂看完国家施政的重点，去年年底是全力以赴支持科技，终结了科技股年的调整，形成了上半年科技股这波牛市。一年以后的今天，国家重心全力以赴支持消费，会不会引发消费的牛市呢？绝大多数人是不信的，那就对了国家为什么要大力支持消费，看一组数据你就明白了：美国年总量为亿美元，美国消费占比例达，这就是美国货币这么紧缩人家经济依然是这么强悍的根本原因年，我国居民消费总额在中的占比为，中的消费率为，印度的消费率也高达，你说消费有多大的空间？如果每年上升个百分点，猜猜十年后会诞生多少千倍牛股呢？别扯犊子，看重点国条重点：、稳定大宗消费：扩大新能源汽车消费。落实构建高质量充电基础设施体系、支持新能源汽车下乡、延续和优化新能源汽车车辆购置税减免等政策。适度超前建设充电基础设施体系，加快换电模式推广应用。、支持刚性和改善性住房需求，稳步推进老旧小区改造，进一步发挥住宅专项维修资金在老旧小区改造和老旧住宅电梯更新改造中的作用。、提升家装家居和电子产品消费。推广智能家电、集成家电、功能化家具等产品。、扩大餐饮服务消费。培育“种养殖基地中央厨房冷链物流餐饮门店”模式，挖掘预制菜市场潜力，加快推进预制菜基地建设。、加强区域旅游品牌和服务整合，积极举办文化和旅游消费促进活动。、提升健康服务消费。坚持中西医并重，共建城市医疗集团和县域医共体等医疗联合体。着力增加高质量的中医医疗、养生保健、康复、健康旅游等服务。发展“互联网医疗健康”，进一步完善互联网诊疗收费政策，逐步将符合条件的“互联网”医疗服务纳入医保支付范围。评：就是这六条重点个方向，牛股都诞生在板块强者牢牢抱紧消费优质公司的筹码，打死也不下车，收到请统一回复“”剩下的时间怎么办？多跟涛哥学学怎么养生，怎么保养好身体，毕竟哥是从死里走回来的，多学点中医中药知识，无论是结节和息肉，在亚健康状态的时候把它搞定搞死。坚持服用孢子粉石斛，提高免疫力，降低多种慢性病（如失眠、糖尿病，高血压，胃肠道疾病，心脑血管疾病等）对身体的伤害。身体的器官用了几十年，哪会没有毛病呢？养成健康体检的习惯，养成提高免疫力的习惯，在亚健康的时候就把它搞好，活得又健康又尊严有什么不好呢？这，就是白马大道早间签到，在线的铁粉集合，右下角点赞图标点一个，早安涛哥祝福大家身体健康万事如意,1.0,0.2490914056956422,0.7268779509860686,1.0,2023-01-03 18:12:56
重磅“条”发布支持刚性和改善性住房需求今日（月日），国务院办公厅转发国家发展改革委关于恢复和扩大消费措施的通知。《措施》从稳定大宗消费、扩大服务消费、促进农村消费、扩展新型消费、完善消费设施、优化消费环境等几个方面提出条针对性举措。关于房地产方面，《通知》提出，支持刚性和改善性住房需求。做好保交楼、保民生、保稳定工作，完善住房保障基础性制度和支持政策，扩大保障性租赁住房供给，着力解决新市民、青年人等住房困难群体的住房问题。稳步推进老旧小区改造，进一步发挥住宅专项维修资金在老旧小区改造和老旧住宅电梯更新改造中的作用，继续支持城镇老旧小区居民提取住房公积金用于加装电梯等自住住房改造。在超大特大城市积极稳步推进城中村改造。持续推进农房质量安全提升工程，继续实施农村危房改造，支持度及以上设防地区农房抗震改造，鼓励同步开展农房节能改造和品质提升，改善农村居民居住条件。,0.0031880977683315,-0.5540896086280414,0.701601930276402,-0.0068451374515819,2023-01-03 18:11:34
国家发改委副主任：促消费政策不是所谓的掏空钱包透支需求月日下午时，国务院新闻办公室举行国务院政策例行吹风会，国家发展改革委副主任李春临和工业和信息化部、商务部、文化和旅游部、市场监管总局有关负责人介绍恢复和扩大消费的措施有关情况，并答记者问。南方日报南方记者：面对有展开,0.1976620616365568,-0.1022787145750211,0.572273047631326,-0.0638986430661964,2023-01-03 18:10:03
发改委公布恢复和扩大消费条涉汽车餐饮住房等国家发改委公布关于恢复和扩大消费措施的通知，涉及方面条措施，包括稳定汽车、房地产、家居和电子产品等大宗消费，以及扩大服务消费、促进农村消费等。在稳定大宗消费方面，发改委提到各地区不得新增汽车限购措施，已实施限购的地区，因地制宜优化汽车限购措施。着力推动全面取消二手车限迁、便利二手车交易登记等已出台政策落地见效；促进汽车更新消费。当局又指要扩大新能源汽车消费，支持新能源汽车下乡、延续和优化新能源汽车车辆购置税减免等；促进家庭装修消费，深入开展家电以旧换新。通知又提出，支持刚性和改善性住房需求，做好保交楼、保民生、保稳定工作；着力解决新市民、青年人等住房困难群体的住房问题。稳步推进老旧小区改造，在超大特大城市积极稳步推动城中村改造。在扩大服务消费上，发改委提出，全面落实带薪休假制度，鼓励“错峰休假”、弹性作息，促进假日消费，又将鼓励各地制定实施景区门票减免、淡季免费开放、引导博物馆、文化馆等延长开放时间等措施，又指要促进文娱体育会展消息、提升健康服务消费。发改委亦将促进农村消费，包括大力发展乡村旅游、完善农村电子商务和快递物流配送体系等。当局同时会加快传统消费数字化转型，促进电子商务、直播经济、在线文娱等数字消费规范发展，拓展新型消费。香港卫视综合报道。,0.0031880977683315,0.1714346962831621,0.6971893395199467,0.0021045577756447,2023-01-03 18:09:28
《关于恢复和扩大消费的措施》内容节选分段：为深入实施扩大内需战略，充分发挥消费对经济发展的基础性作用，不断增强高质量发展的持久动力。把恢复和扩大消费摆在优先位置，优化就业、收入分配和消费全链条良性循环促进机制。增强消费能力，改善消费条件，创新消费场景，充分挖掘超大规模市场优势，畅通经济循环，释放消费潜力。坚持有效市场和有为政府更好结合。。。提升服务质量，激发市场活力，释放潜在需求，着力营造推动消费升级的良好生态。坚持优化供给和扩大需求更好结合。把实施扩大内需战略同深化供给侧结构性改革有机结合起来。。。以高质量供给引领和创造市场新需求。坚持提质升级和创新发展更好结合。突出体现大众化、普惠性，加快城乡消费基础设施建设，完善扩大居民消费的长效机制，切实保护消费者权益。。。稳定大宗消费优化汽车购买使用管理。各地区不得新增汽车限购措施。。。着力推动全面取消二手车限迁、便利二手车交易登记等已出台政策落地见效。。。增加城市停车位供给。。扩大新能源汽车消费。落实构建高质量充电基础设施体系、支持新能源汽车下乡。。。支持刚性和改善性住房需求。。。稳步推进老旧小区改造。。。在超大特大城市积极稳步推进城中村改造。持续推进农房质量安全提升工程，继续实施农村危房改造。。。改善农村居民居住条件。提升家装家居和电子产品消费。促进家庭装修消费，鼓励室内全智能装配一体化。。。支持可穿戴设备、智能产品消费，打造电子产品消费应用新场景。扩大服务消费扩大餐饮服务消费。。支持各地举办美食节，打造特色美食街区，开展餐饮促消费活动。因地制宜优化餐饮场所延长营业时间相关规定。。。丰富文旅消费。全面落实带薪休假制度，鼓励错峰休假、弹性作息，促进假日消费。。。推动夜间文旅消费规范创新发展，引导博物馆、文化馆、游乐园等延长开放时间，支持有条件的地区建设“小时生活圈”。。促进文娱体育会展消费。加快审批等工作进度，持续投放优秀电影作品和文艺演出。优化审批流程，增加戏剧节、音乐节、艺术节、动漫节、演唱会等大型活动供给。实施全民健身场地设施提升行动，加强体育公园建设，补齐全民健身设施短板。提升健康服务消费。坚持中西医并重，推动优质医疗资源下沉，加强基本医疗卫生服务。。。开发面向老年人的健康管理、生活照护、康养疗养等服务和产品。促进农村消费开展绿色产品下乡。完善农村电子商务和快递物流配送体系。。支持县级物流配送中心、乡镇物流站点建设改造。推行集约化配送，鼓励农村客运车辆代运邮件快件。建设村级寄递物流综合服务站，增加农村零售网点密度。推动特色产品进城。深入推进农业生产和农产品“三品一标”。。。大力发展乡村旅游。推广浙江“千万工程”经验，建设宜居宜业和美乡村。保护传承优秀乡土文化，盘活和挖掘乡村文旅资源。推动实施乡村民宿服务认证。。。拓展新型消费壮大数字消费。推进数字消费基础设施建设，丰富第五代移动通信（）网络和千兆光网应用场景。。。推动平台经济规范健康持续发展。。推广绿色消费。完善消费设施加快培育多层级消费中心。深化国际消费中心城市建设。。发展智慧商圈，打造“一刻钟”便民生活圈，构建分层分类的城市消费载体，提高居民消费便利度。加强社区便民服务。。着力补齐消费基础设施短板。。加强县域商业体系建设，建设改造一批乡镇商贸中心、集贸市场、农村新型便民商店，推动重点商贸街巷改造升级。完善消费基础设施建设支持政策。。将符合条件的项目纳入地方政府专项债券支持范围。。允许企业在符合国土空间规划、不改变用地结构和性质、确保安全的前提下，严格按文明城市规范要求和所在地临时建设、规划管理相关规定，在建设用地上搭建临时简易建筑，拓展消费新场景。优化消费环境加强金融对消费领域的支持。。加强消费信贷用途和流向监管，推动合理增加消费信贷。。持续提升消费服务质量水平。全面开展放心消费行动，完善重点服务消费领域服务标准。依法打击假冒伪劣行为。。营造放心消费环境。完善促进消费长效机制。。探索建立消费动态大数据监测平台系统，开展消费前瞻指数研究和编制。。加快消费信用体系建设。。加快清理制约消费的各种规定和做法，有序破除消费领域的体制机制障碍和隐性壁垒。。,0.0148777895855472,0.2935878846578228,0.9107008644285032,0.0219701009334539,2023-01-03 18:04:32
全面落实带薪休假制度发改委发布恢复和扩大消费二十条措施国务院办公厅转发国家发展改革委关于恢复和扩大消费措施的通知国办函号各省、自治区、直辖市人民政府，国务院各部委、各直属机构：国家发展改革委《关于恢复和扩大消费的措施》已经国务院同意，现转发给你们，请认真贯彻落实。国务院办公厅年月日（此件公开发布）关于恢复和扩大消费的措施国家发展改革委为深入实施扩大内需战略，充分发挥消费对经济发展的基础性作用，不断增强高质量发展的持久动力，按照党中央、国务院决策部署，现就恢复和扩大消费提出如下措施。一、总体要求以习近平新时代中国特色社会主义思想为指导，深入贯彻党的二十大精神，坚持稳中求进工作总基调，完整、准确、全面贯彻新发展理念，加快构建新发展格局，着力推动高质量发展，把恢复和扩大消费摆在优先位置，优化就业、收入分配和消费全链条良性循环促进机制，增强消费能力，改善消费条件，创新消费场景，充分挖掘超大规模市场优势，畅通经济循环，释放消费潜力，更好满足人民群众对高品质生活的需要。坚持有效市场和有为政府更好结合。顺应市场规律和消费趋势，充分发挥市场在资源配置中的决定性作用，更好发挥政府作用，加快建设全国统一大市场，提升服务质量，激发市场活力，释放潜在需求，着力营造推动消费升级的良好生态。坚持优化供给和扩大需求更好结合。把实施扩大内需战略同深化供给侧结构性改革有机结合起来，增强供给结构对需求变化的适应性和灵活性，拓展消费新空间，打造消费新场景，丰富消费体验，以高质量供给引领和创造市场新需求。坚持提质升级和创新发展更好结合。突出体现大众化、普惠性，加快城乡消费基础设施建设，完善扩大居民消费的长效机制，切实保护消费者权益，营造便利消费、放心消费环境，不断提升消费便利度、舒适度、满意度。二、稳定大宗消费（一）优化汽车购买使用管理。各地区不得新增汽车限购措施，已实施限购的地区因地制宜优化汽车限购措施。着力推动全面取消二手车限迁、便利二手车交易登记等已出台政策落地见效。促进汽车更新消费，鼓励以旧换新，不得对非本地生产的汽车实施歧视性政策。加大汽车消费金融支持力度。增加城市停车位供给，改善人员密集场所和景区停车条件，推进车位资源共享利用。（二）扩大新能源汽车消费。落实构建高质量充电基础设施体系、支持新能源汽车下乡、延续和优化新能源汽车车辆购置税减免等政策。科学布局、适度超前建设充电基础设施体系，加快换电模式推广应用，有效满足居民出行充换电需求。推动居住区内公共充电基础设施优化布局并执行居民电价，研究对充电基础设施用电执行峰谷分时电价政策，推动降低新能源汽车用电成本。（三）支持刚性和改善性住房需求。做好保交楼、保民生、保稳定工作，完善住房保障基础性制度和支持政策，扩大保障性租赁住房供给，着力解决新市民、青年人等住房困难群体的住房问题。稳步推进老旧小区改造，进一步发挥住宅专项维修资金在老旧小区改造和老旧住宅电梯更新改造中的作用，继续支持城镇老旧小区居民提取住房公积金用于加装电梯等自住住房改造。在超大特大城市积极稳步推进城中村改造。持续推进农房质量安全提升工程，继续实施农村危房改造，支持度及以上设防地区农房抗震改造，鼓励同步开展农房节能改造和品质提升，改善农村居民居住条件。（四）提升家装家居和电子产品消费。促进家庭装修消费，鼓励室内全智能装配一体化。推广智能家电、集成家电、功能化家具等产品，提升家居智能化绿色化水平。加快实施家电售后服务提升行动。深入开展家电以旧换新，加强废旧家电回收。利用超高清视频、虚拟现实、柔性显示等新技术，推进供给端技术创新和电子产品升级换代。支持可穿戴设备、智能产品消费，打造电子产品消费应用新场景。三、扩大服务消费（五）扩大餐饮服务消费。倡导健康餐饮消费、反对餐饮浪费，支持各地举办美食节，打造特色美食街区，开展餐饮促消费活动。因地制宜优化餐饮场所延长营业时间相关规定。培育“种养殖基地中央厨房冷链物流餐饮门店”模式，挖掘预制菜市场潜力，加快推进预制菜基地建设，充分体现安全、营养、健康的原则，提升餐饮质量和配送标准化水平。推广透明厨房，让消费者吃得放心。（六）丰富文旅消费。全面落实带薪休假制度，鼓励错峰休假、弹性作息，促进假日消费。加强区域旅游品牌和服务整合，积极举办文化和旅游消费促进活动。健全旅游基础设施，强化智慧景区建设，提高旅游服务质量。鼓励各地制定实施景区门票减免、淡季免费开放等政策。在保障游客自主选择权的基础上，支持不同区域景区合作推行联票模式，鼓励景区结合实际实施一票多次多日使用制，更好满足游客多样化需求。推动夜间文旅消费规范创新发展，引导博物馆、文化馆、游乐园等延长开放时间，支持有条件的地区建设“小时生活圈”。打造沉浸式演艺新空间，建设新型文旅消费集聚区。（七）促进文娱体育会展消费。加快审批等工作进度，持续投放优秀电影作品和文艺演出。优化审批流程，加强安全监管和服务保障，增加戏剧节、音乐节、艺术节、动漫节、演唱会等大型活动供给。鼓励举办各类体育赛事活动，增加受众面广的线下线上体育赛事。大力发展智能体育装备，提升科学健身智慧化水平。实施全民健身场地设施提升行动，加强体育公园建设，补齐全民健身设施短板。遴选确定新一批国家体育消费试点城市。鼓励各地加大对商品展销会、博览会、交易会、购物节、民俗节、品牌展、特色市集等活动的政策支持力度，进一步扩大会展消费。开展“老字号嘉年华”等活动，促进品牌消费。（八）提升健康服务消费。坚持中西医并重，推动优质医疗资源下沉，共建城市医疗集团和县域医共体等医疗联合体，加强基本医疗卫生服务，提高服务质量和水平，着力增加高质量的中医医疗、养生保健、康复、健康旅游等服务。发展“互联网医疗健康”，进一步完善互联网诊疗收费政策，逐步将符合条件的“互联网”医疗服务纳入医保支付范围。开发面向老年人的健康管理、生活照护、康养疗养等服务和产品，支持各类机构举办老年大学、参与老年教育。积极扩大普惠型服务供给，推动公共消费提质增效。四、促进农村消费（九）开展绿色产品下乡。有条件的地区可对绿色智能家电下乡、家电以旧换新等予以适当补贴，按照产品能效、水效等予以差异化政策支持。开展绿色建材下乡活动，鼓励有条件的地区对绿色建材消费予以适当补贴或贷款贴息。（十）完善农村电子商务和快递物流配送体系。大力发展农村直播电商、即时零售，推动电商平台和企业丰富面向农村的产品和服务供给。完善县乡村三级快递物流配送体系，加快提升电商、快递进农村综合水平，支持县级物流配送中心、乡镇物流站点建设改造，整合邮政、快递、供销、电商等资源，推行集约化配送，鼓励农村客运车辆代运邮件快件。建设村级寄递物流综合服务站，在有条件的乡村布设智能快件箱，增加农村零售网点密度，逐步降低物流配送成本。（十一）推动特色产品进城。深入推进农业生产和农产品“三品一标”，开发具有鲜明地域特点、民族特色、乡土特征的产品产业，大力发展农村电子商务和订单农业，拓宽特色农产品上行通道。引导线上线下各类平台持续加大消费帮扶力度，开设专馆专区专柜促进脱贫地区特色产品顺畅销售，带动农民增收致富、增强消费能力。（十二）大力发展乡村旅游。推广浙江“千万工程”经验，建设宜居宜业和美乡村。实施文化产业赋能乡村振兴计划，保护传承优秀乡土文化，盘活和挖掘乡村文旅资源，提升乡村文旅设施效能。推动实施乡村民宿服务认证，培育发布一批等级旅游民宿，打造一批品质民宿。支持经营主体开发森林人家、林间步道、健康氧吧、星空露营、汽车旅馆等产品，因地制宜打造一批美丽田园、景观农业、农耕体验、野外探险、户外运动、研学旅行等新业态，拓展乡村生态游、休闲游。五、拓展新型消费（十三）壮大数字消费。推进数字消费基础设施建设，丰富第五代移动通信（）网络和千兆光网应用场景。加快传统消费数字化转型，促进电子商务、直播经济、在线文娱等数字消费规范发展。支持线上线下商品消费融合发展，提升网上购物节质量水平。发展即时零售、智慧商店等新零售业态。鼓励数字技术企业搭建面向生活服务的数字化平台，推进数字生活智能化，打造数字消费业态、智能化沉浸式服务体验。加强移动支付等安全监管。升级信息消费，促进信息消费体验中心建设改造，提升信息消费示范城市建设水平，高质量举办信息消费系列特色活动，推动新一代信息技术与更多消费领域融合应用。推动平台经济规范健康持续发展，持续推动创新突破，开辟更多新领域新赛道，进一步完善相关领域服务标准。（十四）推广绿色消费。积极发展绿色低碳消费市场，健全绿色低碳产品生产和推广机制，促进居民耐用消费品绿色更新和品质升级。健全节能低碳和绿色制造标准体系，完善绿色产品认证与标识体系，鼓励先行制定团体标准和企业标准。广泛开展节约型机关、绿色家庭、绿色社区、绿色出行等创建行动，反对奢侈浪费和过度消费，倡导理性消费，加快形成简约适度、绿色低碳的生活方式和消费模式。六、完善消费设施（十五）加快培育多层级消费中心。深化国际消费中心城市建设，科学布局、培育发展一批区域消费中心和地方特色消费中心。深入推进海南国际旅游消费中心建设。提升城市商业体系，推动步行街改造提升，发展智慧商圈，打造“一刻钟”便民生活圈，构建分层分类的城市消费载体，提高居民消费便利度。加强社区便民服务，合理布局养老、托育、餐饮、家政、零售、快递、健身、美发、维修、废旧物品回收等便民生活服务业态，推进完整社区建设。（十六）着力补齐消费基础设施短板。结合推进城市更新，强化存量片区改造与支持消费新场景发展的硬件功能衔接。加强县域商业体系建设，建设改造一批乡镇商贸中心、集贸市场、农村新型便民商店，推动重点商贸街巷改造升级。稳步推动产地销地冷链设施建设，补齐农产品仓储保鲜冷链物流设施短板，推动城乡冷链网络双向融合。（十七）完善消费基础设施建设支持政策。实施消费促进专项投资政策，支持消费基础设施建设、设备更新改造和关键生产线改造升级，将符合条件的项目纳入地方政府专项债券支持范围。支持符合条件的消费基础设施发行不动产投资信托基金（）。支持各地保障消费基础设施建设合理用地需求。允许企业在符合国土空间规划、不改变用地结构和性质、确保安全的前提下，严格按文明城市规范要求和所在地临时建设、规划管理相关规定，在建设用地上搭建临时简易建筑，拓展消费新场景。七、优化消费环境（十八）加强金融对消费领域的支持。引导金融机构按市场化方式，加大对住宿餐饮、文化旅游、体育健康、养老托育、家政服务等的综合金融支持力度。更注重以真实消费行为为基础，加强消费信贷用途和流向监管，推动合理增加消费信贷。在加强征信体系建设的基础上，合理优化小额消费信贷和信用卡利率、还款期限、授信额度。（十九）持续提升消费服务质量水平。全面开展放心消费行动，完善重点服务消费领域服务标准。依法打击假冒伪劣行为，持续推动创建放心市场、放心商店、放心网店、放心餐饮、放心景区、放心工厂，加快形成退换货、质量追溯、明码标价、监管、评价的放心消费制度闭环，营造放心消费环境。（二十）完善促进消费长效机制。进一步完善促进消费体制机制。探索建立消费动态大数据监测平台系统，开展消费前瞻指数研究和编制。加快消费信用体系建设。持续深化改革，加快清理制约消费的各种规定和做法，有序破除消费领域的体制机制障碍和隐性壁垒，促进不同地区和行业标准、规则、政策协调统一。各有关部门要充分发挥现有部门间协作机制作用，强化协同联动，加强督促落实，结合实际细化出台工作方案和配套政策。各地区要压实属地责任，完善工作机制，精心组织实施，因地制宜采取有效举措、探索有效做法，切实推动各项措施落地见效。,0.8374070138150903,-0.111434411030314,0.7373807049802,-0.3800383698916187,2023-01-03 23:55:55
国家发改委：下半年将出台实施恢复和扩大消费的政策文件研究出台实施大力发展银发经济政策举措国家发展改革委主要负责人表示，下半年，在扩大内需方面，一是更好发挥消费拉动经济增长的基础性作用。出台实施恢复和扩大消费的政策文件。通过大力推动就业等措施，增加居民收入。提振大宗消费，加快推进充电和停车设施建设，鼓励汽车限购地区优化限购管理政策。继续做好保交楼、保民生、保稳定工作，适时调整优化房地产政策，因城施策用好政策工具箱，更好满足居民刚性和改善性住房需求。促进服务消费“好上加好”，以暑期、中秋、国庆等假期为契机，扩大节假日消费；充分用好大运会、亚运会等各类赛事活动，发展文化、体育消费。研究出台实施大力发展银发经济政策举措。二是积极发挥投资对优化供给结构的关键作用。民间投资始终是有效投资的重点之一，要明确一批鼓励民间资本参与的重点细分领域，加强民间投资融资、用地等要素保障，支持民间资本参与盘活国有存量资产，促进民间投资逐步恢复。更好发挥政府投资带动作用，扎实推进“十四五”规划项重大工程及其他经济社会发展重大项目，加快地方政府专项债券发行和使用。,0.0510095642933049,0.185106587377197,0.5611251423883321,0.0292626045304392,2023-01-03 20:58:44
国家发改委：下半年将出台实施恢复和扩大消费的政策文件研究出台实施大力发展银发经济政策举措据央视新闻，国家发展改革委主要负责人表示，下半年，在扩大内需方面，一是更好发挥消费拉动经济增长的基础性作用。出台实施恢复和扩大消费的政策文件。通过大力推动就业等措施，增加居民收入。提振大宗消费，加快推进充电和停车设施建设，鼓励汽车限购地区优化限购管理政策。继续做好保交楼、保民生、保稳定工作，适时调整优化房地产政策，因城施策用好政策工具箱，更好满足居民刚性和改善性住房需求。,0.0127523910733262,0.986679035520016,0.6971893395199467,0.0484504731256853,2023-01-04 10:04:00
周一盘前重要消息面：在超大特大城市积极稳步推进城中村改造工作部署会议召开证监会召集头部券商开会就活跃资本市场及提振投资者信心征求意见中金所发布实施“长风计划”助力中长期资金入市全国消费促进工作年中推进会召开：提振汽车、家居等大宗消费预告：国新办今日举行恢复和扩大消费的措施新展开,0.2199787460148778,0.9144928000110206,0.6971893395199467,0.7746250044974968,2023-01-04 08:45:50
重要利好国家发改委：下半年将出台实施恢复和扩大消费的政策文件，研究出台实施大力发展银发经济政策举措据央视新闻，国家发展改革委主要负责人表示，下半年，在扩大内需方面，一是更好发挥消费拉动经济增长的基础性作用。出台实施恢复和扩大消费的政策文件。通过大力推动就业等措施，增加居民收展开,0.0138150903294367,-0.7342439169267352,0.7060145210328574,-0.0395537332975596,2023-01-04 08:37:35
国家发改委：下半年将出台实施恢复和扩大消费的政策文件研究出台实施大力发展银发经济政策举措国家发展改革委主要负责人表示，下半年，在扩大内需方面，一是更好发挥消费拉动经济增长的基础性作用。出台实施恢复和扩大消费的政策文件。通过大力推动就业等措施，增加居民收入。提振大宗消费，展开,0.0233793836344314,-0.1270225851615275,0.387266726403338,-0.006351904359778,2023-01-04 08:19:09
国家发改委：研究出台实施大力发展银发经济政策举措财联社月日电，下半年在扩大内需方面还有哪些举措？国家发展改革委主要负责同志表示，下半年，在扩大内需方面，一是更好发挥消费拉动经济增长的基础性作用。出台实施恢复和扩大消费的政策文件。通过大力推动就业等措施，增加居民收入。提振大宗消费，加快推进充电和停车设施建设，鼓励汽车限购地区优化限购管理政策。继续做好保交楼、保民生、保稳定工作，适时调整优化房地产政策，因城施策用好政策工具箱，更好满足居民刚性和改善性住房需求。促进服务消费“好上加好”，以暑期、中秋、国庆等假期为契机，扩大节假日消费；充分用好大运会、亚运会等各类赛事活动，发展文化、体育消费。研究出台实施大力发展银发经济政策举措。二是积极发挥投资对优化供给结构的关键作用。民间投资始终是有效投资的重点之一，要明确一批鼓励民间资本参与的重点细分领域，加强民间投资融资、用地等要素保障，支持民间资本参与盘活国有存量资产，促进民间投资逐步恢复。更好发挥政府投资带动作用，扎实推进“十四五”规划项重大工程及其他经济社会发展重大项目，加快地方政府专项债券发行和使用。央视新闻,0.0520722635494155,-0.2456280920325507,0.8398470293668675,-0.0593286468301278,2023-01-03 20:32:25
基金超话周末消息杰哥的投资笔记超话、关于金融市场）监管：召集头部券商开会就活跃资本市场及提振投资者信心征求意见）中金所发布实施“长风计划”助力中长期资金入市）监管：降低北交所做市商门槛新增更符合北交所特点的两项指标）监管：上市公司大股东、董监高不得以离婚、解散清算、分立等任何方式规避减持限制、地产相关）在超大特大城市积极稳步推进城中村改造工作部署电视电话会议日在京召开）多地关于地产政策的响应合肥：为避免公摊面积比例过大要积极探索商品房销售按套内面积计价北京：抓好贯彻落实更好满足刚性和改善性住房需求深圳：更好满足居民刚性和改善性住房需求扎实推进保交楼工作广州：将尽快推出有关政策措施满足刚性和改善性住房需求、消费相关）全国消费促进工作年中推进会召开提振汽车、家居等大宗消费）国新办将举行恢复和扩大消费的措施新闻发布会国新办定于月日下午时举行新闻发布会，发改委副主任李春临和工业和信息化部、商务部、文化和旅游部、市场监管总局有关负责人介绍恢复和扩大消费的措施有关情况，并答记者问。,0.0255047821466524,0.0807652978007274,0.5104011997628416,0.0058068133270129,2023-01-03 20:07:10
转：周末重要新闻汇总：中金所发布实施“长风计划”助力中长期资金入市全国消费促进工作年中推进会召开提振汽车、家居等大宗消费月国有企业利润总额亿元同比增长北交所：以投资端建设为主线多措并举提升交投活跃度证监会降低北交所做市商门槛新增更符合北交所特点的两项指标国务院“互联网督查”平台公开征集阻碍民营经济发展壮大问题线证监会召集头部券商开会就活跃资本市场及提振投资者信心征求意见合肥：为避免公摊面积比例过大要积极探索商品房销售按套内面积计价北京市住建委：抓好贯彻落实更好满足刚性和改善性住房需求深圳市住房和建设局：更好满足居民刚性和改善性住房需求扎实推进保交楼工作美媒又放风：拜登计划月中旬前签署行政令限制美对华关键技术投资财政部发布第九次中法高级别经济财金对话联合情况说明高盛：中国股市的战术性反弹窗口已打开，沪深有望涨至点中信证券：月有望开启今年第三个关键做多窗口，行情将持续数月国务院宣布任命刘烈宏为国家数据局局长这是自年月中央、国务院印发《党和国家机构改革方案》，提出组建国家数据局后，在数据要素领域又一重要进展,0.0393198724760892,0.2513089526892629,0.7411494493475459,0.0404487972615635,2023-01-03 19:38:58
策略思路周五大盘放量亿，再次拉长阳，突破日线。归功于券商爆发涨停潮，同时权重也集体拉升。周五证券涨停潮，明天龙头太平洋一字预期，这里明天参与要谨慎，只有大盘继续放量才能持续性集体大涨，否则资金只会聚焦核心。房地产周五放量滞涨，明天这里回调也有低吸机会，后续金融分歧短线资金回流房地产概率大。消费方向，海马汽车、国芳集团明天大概率会开一字，能不能全天顶住要看整体市场情绪了。周末几个重要的消息面：中金所发布实施“长风计划”助力中长期资金入市全国消费促进工作年中推进会召开提振汽车、家居等大宗消费证监会降低北交所做市商门槛新增更符合北交所特点的两项指标证监会召集头部券商开会就活跃资本市场及提振投资者信心征求意见深圳市住房和建设局：更好满足居民刚性和改善性住房需求扎实推进保交楼工作广州：将尽快推出有关政策措施满足刚性和改善性住房需求周末发酵比较多的集中在金融和消费，活跃资本市场、促销费拉经济。后续市场的机会多关注证券、房地产、零售。（声明：本微博所有内容仅为个人操作记录，个人操作计划会员可见，仅供参考，不作为任何投资建议，据此操作，盈亏自负）,0.0127523910733262,0.2505178333965908,0.57127184177607,0.0100798216755851,2023-01-03 18:14:47
周末消息：中金所发布实施“长风计划”助力中长期资金入市全国消费促进工作年中推进会召开提振汽车、家居等大宗消费月国有企业利润总额亿元同比增长北交所：以投资端建设为主线多措并举提升交投活跃度证监会降低北交所做市商门槛新增更符合北交所特点的两项指标国务院“互联网督查”平台公开征集阻碍民营经济发展壮大问题线索证监会召集头部券商开会就活跃资本市场及提振投资者信心征求意见合肥：为避免公摊面积比例过大要积极探索商品房销售按套内面积计价北京市住建委：抓好贯彻落实更好满足刚性和改善性住房需求深圳市住房和建设局：更好满足居民刚性和改善性住房需求扎实推进保交楼工作广州：将尽快推出有关政策措施满足刚性和改善性住房需求美媒又放风：拜登计划月中旬前签署行政令限制美对华关键技术投资财政部发布第九次中法高级别经济财金对话联合情况说明周五美股三大指数收涨，道指，纳指，标普。热门中概股普涨，纳斯达克中国金龙指数涨周末发酵比较多的是大金融，毕竟周五涨最多的，大家都在车上，聊起来自然火热，其次还有房地产（多地出消息）、基建水利（台风暴雨）、汽车（消息刺激美股中概汽车股上涨）（非荐股，纯分享自己的心路）,0.028692879914984,0.0,0.6971893395199467,0.0,2023-01-04 09:48:18
周末消息：中金所发布实施“长风计划”助力中长期资金入市全国消费促进工作年中推进会召开提振汽车、家居等大宗消费月国有企业利润总额亿元同比增长北交所：以投资端建设为主线多措并举提升交投活跃度证监会降低北交所做市商门槛新增更符合北交所特点的两项指展开,0.0201912858660998,0.4343305947399528,1.0,0.0484355417234375,2023-01-04 07:49:13
华泰固收住建部表态的三个新增信息事件住建部近日召开企业座谈会，提出要进一步落实好降低购买首套住房首付比例和贷款利率、改善性住房换购税费减免、个人住房贷款“认房不用认贷”等政策措施。点评、本轮下行中，政策层面首提“认房不认贷”。“认房认贷”属于二套房界定标准，用于约束首付比例和房贷利率。“认房”是借款人在拟购房所在地的房屋登记信息系统中拥有房屋的情况，“认贷”是借款人在银行征信系统中的房贷记录。若执行“认房认贷”，即贷款买房时，只要借款人名下有房或有房贷记录，都将被界定为二套房。实操中，各城市可能进一步细分为无房无贷、无房有贷、有房无贷、有房有贷四种类型，分级设置首付比例和房贷利率。对于住房套数认定，人群范围上以家庭为单位（包括借款人、配偶及未成年子女）。区域范围上各城市存在差异，例如北上广深认房范围为全市，成都于年月规定近郊区住房不再纳入中心城区购房时家庭总套数。房屋类型上，长沙、重庆均于年发文提出存量房用作租赁住房可不纳入家庭住房套数计算。对于房贷记录认定，年以来二三线城市已多有放松，如年月郑州打响限购限贷放松“第一枪”时，就提出了拥有一套住房且房贷已结清的家庭，在购买二套房时适用于首套房贷款政策。年以来，兰州、贵阳、太原、福州、绍兴、杭州等城市均有出台类似政策，而一线城市尚未有放松动作，认贷范围均为全国，包含已结清和未结清贷款、商贷和公积金贷款。此次住建部提出“认房不认贷”，后续落地预计对一线购房利好较明显。一线“认房认贷”标准执行较严格，以北京、上海为例，北京二套房首付最低（普宅），最高。上海二套房首付最低（普宅）、最高。若实行“认房不认贷”，对于无房有贷人群，北京首付比例可降至（普宅）或，上海首付比例可降至。此外，房贷利率也将相应下调，以目前计算，若二套变首套，北京购房的房贷利率将由下降至，上海购房的房贷利率将由下降至。相较于公积金贷款、购房补贴等，认房认贷标准调整政策力度明显更大，尤其是在房价较高的核心城市，有利于释放更多改善性购房需求。、换购住房税费优惠新政策可期年月日，财政部和税务总局联合发布《关于支持居民换购住房有关个人所得税政策的公告》，指出自年月日至年月日，对出售自有住房并在现住房出售后年内在市场重新购买住房的纳税人，对其出售现住房已缴纳的个人所得税予以退税优惠。此次座谈会提出进一步落实好改善性住房换购税费减免，当前退税优惠政策能否延期，既有税费优惠是否加强落实，新增税费优惠是否出台（如放松二手房增值税免征年限、减免契税等），后续均可以期待。、首套房首付比例和房贷利率有望进一步下调年以来，首套房贷款政策已有优化。中央层面，年月首套房贷利率下限调整为，年月试点首套房贷利率动态调整，年月升级为常态化机制，允许新房价格环比同比连续个月均下降的城市自主下调或取消首套房贷利率下限。地方层面，各城市普遍降低加点来下调房贷利率。首付比例方面，许多二三线城市首套房首付比例已下调至的下限，强二线城市首套首付的情况较多，一线首套首付比例在。此次住建部表态后，首套房首付比例和房贷利率有望进一步下调，重点关注一线强二线城市政策动作。但是利率政策属于货币政策范畴，还需要后续中央统一协调。总体来看，此次座谈会表述兼顾了刚需和改善性住房需求，而从取消认贷、但维持认房也可看出，监管层在支持更好满足合理购房需求的同时，仍注意避免刺激大幅投机性需求。“房住不炒”的隐性约束可能仍将存在，关键看销售和房价下行何时扭转。投机需求的变化仍需关注，但政策容忍度已有一定提高，后续一二线因城施策降首付、降房贷、认房不认贷等需求端放松的频次可能增加，重点关注一线城市进展。,0.0358744394618834,0.265812908523493,0.4138991749261616,0.0273875142238709,2023-01-03 20:28:28
各地周末密集调整优化房地产政策，一个原则就是，能多贷不少贷，能少付首付不多付，总之一个目的，就是把房市在最短的时间内最大高度的烘托起来。加油河南延津：拥有一套住房并结清房贷的家庭再次申贷购买新房执行首套贷款政策延津县人民政府发布关于印发进一步促进房地产市场平稳健康发展若干措施的通知、关于印发延津县进城购房优惠政策的通知。通知指出，通过“以旧换新”“以小换大”等方式购买改善性新建商品住房，持续完善“带押过户”业务流程，在住房按揭贷款、网签备案和不动产登记手续办理等方面提供便利。对拥有一套住房并已结清相应购房贷款的家庭，为改善居住条件再次申请贷款购买新建商品住房，银行金融机构执行首套房贷款政策。继续延长商品房契税补贴时间。凡在年月日至年月日缴纳商品房契税，且符合补贴范围的，住宅按照缴纳契税总额的给予补贴，商业用房按照缴纳契税总额的给予补贴。提高贷款最高额度，单方按时连续足额缴存住房公积金的贷款最高额度由万提高万元，夫妻双方按时连续足额缴存住房公积金的，贷款最高额度由万提高到万元。公积金缴存职工可提取账户余额帮助其直系亲属配偶、父母、子女购房，逐步推行住房公积金贷款“带押过户”。纳税人提交申报补贴时间延长至年月日。购房群众无论是否在城区就业，其子女接受义务教育的，享受与现有城镇居民子女同等入学、转学政策；其子女接受公办职业教育或公办幼儿教育的，享受现有居民同等政策。,0.2600896860986547,-0.5540896086280414,1.0,-1.0,2023-01-03 20:24:56
小农讲法丨买房银行贷款利息几个点一、买房银行贷款利息几个点目前贷款期限年以上商业贷款基准利率是，受限购限贷政策的影响，各地银行对首套房贷款利率调整力度不同，全国首套房平均利率为，利率普遍上浮。二套房贷款利率普遍上浮。同期公积金贷款基准利率为，二套房贷款利率普遍上浮。第套房界定以借款人家庭（包括借款人、配偶及未成年子女）为单位认定房贷次数，已利用公积金贷款或者商业贷款购房的家庭，再次申请房贷，将视为第套房。二、买房子贷款一般多少年个人住房贷款长期限为年、个人商业用房贷款长期限为年、男士年龄不超过岁、你的年龄为男士长贷款年限、女士年龄不超过岁你的年龄为女士长贷款年限二手房的商业贷款与房产的实际成交价格、房屋所建的年代以及个人的收入状况有关。房屋市场的估值越高、可以取得的二手房能贷款额度也就越高。一般情况下、二手房能贷款额度为市场估值的成左右。当然、二手房的市场估值和很多因素相关、例如二手房的地理位置、房龄、配套设施等等二手房过于老旧、房龄超过年就较难取得贷款了、只有部分机构予以放款、但是能贷的金额不大其次、二手房能贷款多少还与申请人自身条件有关。三、贷款买房什么时候能拿到房产证农晓法提醒您，首先，根据建设部《商品房销售管理办法》，要求开发商应当在商品房交付使用之日起日内，将需要由开发商提供的办理房屋权属登记的资料，报送房屋所在地房地产主管部门。其次，按照《房地产开发经营管理条例》以及《城市商品房预售管理办法》的规定，预售合同购房人应当自商品房交付使用之日起日内办理房产证现房购房人自销售合同签订之日起日内办理房产证。最后，贷款买房的房产证取得时间，要看购房者与开发商签订的合同，房产证的办理首先以合同约定为准，如果超出合同规定的办理时间，开发商应该承担相关的违约责任。,0.0,-0.1022787145750211,0.4543921562890474,-0.0,2023-01-03 19:34:58
房产资讯国内方面央行：最新数据显示，今年月末，广义货币（）余额万亿元，同比增长；月末社会融资规模存量为万亿元，同比增长；今年上半年社会融资规模增量累计为万亿元，比上年同期多亿元；月份人民币贷款同比多增亿元；北京：今年月已竣工各类保障性住房万套；山东：购买高品质住宅的公积金贷款额度可按一定比例上浮；成都：拟挂牌拍卖宗地，面积约万，起始总价合计约亿元；安徽亳州：从今年月初开始，亳州市推出房产促销优惠活动，面向刚性和改善性住房需求群体公开发放购房券，即购房居民在银行平台支付元购买一张电子购房券，在参与促销活动的楼盘购房可抵一万元购房款；截至六月底，当地共发放张购房券拉动近亿元销售额；上海：日，上海第二轮土拍首批正式开拍，共出让幅地块，最终幅溢价成交，幅底价成交，总揽金约亿；本轮最大看点莫过于从“一次书面报价”改为“达到最高限价后摇号”，这意味着运气将成为决胜手；广东珠海：拟将多子女家庭首套房公积金贷款额度上浮；深圳：眼下，深圳“新政”满年。时间回到年，正是深圳房地产火热之际。这一年月日，深圳针对非深户口的刚需购房者暂停了购房许可，杜绝了单纯为购房而落户深圳的购房行为。当时市场对“新政”的评价是，“像制冷剂，让深圳房地产市场迅速降温”；有业内人士表示过去年，深圳楼市变化最明显的是二手房市场，整体价格更低，与卖家有了更大的议价空间；而新房市场因为整体地价是涨的，所以价格也在缓慢上行；另据乐有家研究中心数据显示，年深圳全市二手房成交均价万元平方米，而年上半年二手房成交均价为万元平，相比年前少了约元平；香港：市场数据显示，截至月底，香港整体住宅楼价较年高位累计下跌，非住宅物业市场的情况亦相近似；本月日，香港金管局启动楼市降首付等“逆周期调节”，需要注意的是，这是香港自年实施逆周期宏观审慎监管措施以来，首次放宽针对住宅物业的措施；行业方面同城、安居客：近日，同城、安居客发布《年上半年全国租赁市场报告》。报告显示，今年上半年租赁市场普遍呈现出全面复苏的状态。其中，个城市租赁价格指数呈现环比上涨，个城市租赁价格同比指数显著上涨；从城市价格表现来看，核心二线城市及省会城市的价格表现相对更佳；同时，政策持续发力，各地保障性租赁住房推进加快，将成为市场主要增量；海外方面近年来，在欧洲能源短缺，通货膨胀加剧等因素的影响下，全球高净值人群更倾向于将房地产作为投资标的，并由此推动全球豪宅投资持续活跃，市场避险情绪浓厚。近日，莱坊发布年《财富报告》指出，年，全球超高净值人士持有的财富总量缩水，共计减少约万亿美元。其中，欧洲降幅最大，高达，其次是澳大利亚和美洲。出于资产保值的目的，去年高净值人群对房地产的投资较为活跃。《财富报告》指出，年全球有的超高净值人士购买住宅，从而使得当年成为豪宅交易第二强劲的年份，仅次于年。来自：网络综合,0.0044843049327354,0.0,0.6666666666666666,0.0,2023-01-03 17:15:16
月日昨夜今晨，上市公司利好利空公告，公司发布负面公告一、公司重要消息、深改委新动作推动能耗双控转向碳排放双控、超预期月金融数据全面发力，社会融资大增，降准预期升温？人民银行发布年上半年金融统计数据报告，这是一份全面超预期的数据：中国月社会融资规模增量亿人民币，预期亿人民币；中国月货币供应同比，预期；中国月新增人民币贷款亿人民币，预期亿人民币。点评：专家指出，上半年，新增信贷投放呈靠前发力，企业端融资需求明显改善，有力支持了实体经济。在企业融资需求回升驱动下，贷款成为支撑社融新增的主要贡献力量。由于当前经济复苏的可持续性面临挑战，下半年还需要货币政策保持宽松态势，三季度存降准可能。、中报动态刷新记录林州重机预增上限超倍光伏成大幅预喜集中地预增翻倍的有家，林州重机预告净利润增速中值超倍，超越保利联合暂时领跑中报预增榜首；上海电力、亿晶光电、众兴菌业均预增超倍。预减方面，浪潮信息、中国巨石、三安光电等股业绩不佳，净利润预计增速下滑超。、集体出手自购基金经理：市场整体已经处于底部区间、多头出手人民币一度大涨超点，宏观层面释放三大利好、中国社科院金融所报告：建议阶段性提高财政赤字率，继续降息、监管摸底银行贷款直播，多家银行已排查完毕、珠海对多子女家庭公积金贷款政策征求意见：首套房贷款额度可上浮、胡锡进爆料炒股动机：想感受股民的悲欢喜怒二、偏正面公告、亿晶光电：预计上半年净利润亿元亿元，同比增长、同庆楼：预计上半年净利润为亿元至亿元，同比增长至、普利特：预计上半年净利润亿元亿元，同比增长、东鹏控股：预计上半年净利润亿元亿元，同比增长、晶澳科技：预计上半年净利润亿元亿元，同比增长三、偏负面公告、五连板大连热电：重组涉及的标的资产的审计、评估等相关工作尚未完成、西藏矿业：预计上半年净利润万元万元，同比下降、三安光电：预计上半年净利润亿元亿元，同比下降、未名医药：股东高宝林等拟减持不超股份、美吉姆：股东俞建模等拟减持公司不超股份,1.0,0.0,0.6666666666666666,0.0,2023-01-03 16:34:07
国家发展改革委等部门印发《关于促进电子产品消费的若干措施》。其中提出，加快电子产品技术创新。顺应新一轮科技革命和产业变革趋势，推动供给端技术创新和产业升级，促进电子产品消费升级。鼓励科研院所和市场主体积极应用国产人工智能技术提升电子产品智能化水平，增强人机交互便利性。依托虚拟现实、超高清视频等新一代信息技术，提升电子产品创新能力，培育电子产品消费新增长点。持续推动家电下乡。有条件的地区可对绿色智能家电下乡、家电以旧换新等予以适当补贴，按照产品能效、水效等予以差异化政策支持。有序推进农村地区清洁取暖，提升农村用能电气化水平和可再生能源比重。因地制宜支持环保灶具、空气源热泵、燃气壁挂炉、太阳能热水器、家用储能设备等绿色节能家电推广使用。商务部等部门印发关于促进家居消费若干措施的通知。其中提到，组织开展家居焕新活动，鼓励有条件的地区出台针对性政策措施，引导企业提高家居消费供给质量和水平，提供更多高品质、个性化、定制化家居产品，加大优惠力度，支持居民更换或新购绿色智能家居产品、开展旧房装修。月日，财政部税政司副司长魏岩表示，下一步，财政部在落实好今年已出台的多项政策基础上，针对形势的变化，加强政策储备，积极谋划针对性强、务实管用的税费优惠政策，着力为经营主体纾困解难，不断增强发展动能，优化经济结构，推动经济持续回升向好。月日，商务部外国投资管理司司长朱冰表示，我们将推动合理缩减外资准入负面清单，进一步取消或放宽外资准入限制。修订《外国投资者对上市公司战略投资管理办法》，进一步放宽外国投资者对上市公司战略投资限制。中国经济“半年报”重磅出炉。上半年国内生产总值同比增长，比一季度加快个百分点。其中，二季度同比增长，环比增长。上半年全国规模以上工业增加值同比增长。上半年社会消费品零售总额同比增长。上半年固定资产投资（不含农户）同比增长。分领域看，基础设施投资增长，制造业投资增长，房地产开发投资下降。为进一步完善全口径跨境融资宏观审慎管理，继续增加企业和金融机构跨境资金来源，引导其优化资产负债结构，中国人民银行、国家外汇局决定将企业和金融机构的跨境融资宏观审慎调节参数从上调至，于年月日实施。月日，最新一期贷款市场报价利率（）出炉，年期报，上月为；年期以上报，上月为。均维持不变。美国截至月日当周，美国初请失业金人数下降到万，远低于预期的万，这是自月份以来的最低水平。数据表明，就业市场依然强劲。这在支撑消费者支出方面发挥了重要作用，并为今年经济避免衰退带来了希望,0.0078864353312302,0.25196870196675,0.6263651785524842,0.0029649627772524,2023-01-03 20:21:27
最新事关你的家，部门发文近日印发的《商务部等部门关于促进家居消费若干措施的通知》日对外公布。通知提出，组织开展家居焕新活动，加大优惠力度，支持居民更换或新购绿色智能家居产品、开展旧房装修。网页链接,0.001577287066246,0.9966908750093464,0.6846761884633902,0.0025640160709329,------
近日印发的《商务部等部门关于促进家居消费若干措施的通知》日对外公布。通知提出，组织开展家居焕新活动，加大优惠力度，支持居民更换或新购绿色智能家居产品、开展旧房装修。通知涵盖大力提升供给质量、积极创新消费场景、有效改善消费条件、着力优化消费环境等四方面条具体措施。在大力提升供给质量方面，方案提出，完善绿色供应链、创新培育智能消费、提高家居适老化水平。包括促进企业加大绿色家居产品研发力度，大力发展绿色家装、装配式装修；加快智能家电等家居产品研发；制定发布老年用品产品推广目录，加快制定家居产品适老化设计通用标准。在积极创新消费场景方面，方案提出，推动业态模式创新发展、支持旧房装修、开展促消费活动。包括鼓励有条件的地区有序发展二手家居流通产业；通过政府支持、企业促销等多种方式，支持居民开展旧房装修和局部升级改造；引导企业提高家居消费供给质量和水平，提供更多高品质、个性化、定制化家居产品。在有效改善消费条件方面，方案提出，发展社区便民服务、完善废旧物资回收网络、促进农村家居消费。包括引导家居企业、电商平台等下沉农村市场；深入开展绿色建材下乡活动，有条件的地区应对绿色建材消费予以适当补贴或贷款贴息；鼓励有条件的地区开展家电家具家装下乡。在着力优化消费环境方面，方案提出，规范市场秩序、加强政策支持。包括依法打击家居消费领域假冒伪劣、偷工减料、价格欺诈等行为；鼓励行业协会等探索实施家居行业“黑名单”制度；鼓励金融机构在依法合规、风险可控前提下，加强对家居消费的信贷支持。,0.0425867507886435,0.4729056338900959,0.6496793811043321,0.0311682466730181,2023-01-03 14:38:31
券商观点华泰证券：促消政策细则落地提振家居消费活力板块估值有望修复华泰证券发布研究报告称，月日，商务部等部门发布《关于促进家居消费若干措施的通知》，通知从提升供给质量、创新消费场景、改善消费条件、优化消费环境四大方面提出具体举措促进家居消费。其中，供给端强调支持绿色展开,0.0047318611987381,0.6502320519955549,0.6846761884633902,0.0050182222180073,2023-01-03 14:56:08
特别关注部门促进家居消费近日印发的《商务部等部门关于促进家居消费若干措施的通知》日对外公布。通知提出，组织开展家居焕新活动，加大优惠力度，支持居民更换或新购绿色智能家居产品、开展旧房装修。通知涵盖大力提升供给质量、积极创新消费场景、有效改善消费条件、着力优化消费环境等四方面条具体措施。详情请看网页链接（刘宏宇）,0.001577287066246,0.9998995460960436,0.6846761884633902,0.0025722704700038,2023-01-03 14:39:48
事关你的家，部门发文栖霞融媒部门促进家居消费支持居民家居焕新近日印发的《商务部等部门关于促进家居消费若干措施的通知》日对外公布。通知提出，组织开展家居焕新活动，加大优惠力度，支持居民更换或新购绿色智能家居产品、开展旧房装修。通知涵盖大力提升供给质量、积极创新消费场景、有效改善消费条件、着力优化消费环境等四方面条具体措施。在大力提升供给质量方面，方案提出，完善绿色供应链、创新培育智能消费、提高家居适老化水平。包括促进企业加大绿色家居产品研发力度，大力发展绿色家装、装配式装修；加快智能家电等家居产品研发；制定发布老年用品产品推广目录，加快制定家居产品适老化设计通用标准。在积极创新消费场景方面，方案提出，推动业态模式创新发展、支持旧房装修、开展促消费活动。包括鼓励有条件的地区有序发展二手家居流通产业；通过政府支持、企业促销等多种方式，支持居民开展旧房装修和局部升级改造；引导企业提高家居消费供给质量和水平，提供更多高品质、个性化、定制化家居产品。在有效改善消费条件方面，方案提出，发展社区便民服务、完善废旧物资回收网络、促进农村家居消费。包括引导家居企业、电商平台等下沉农村市场；深入开展绿色建材下乡活动，有条件的地区应对绿色建材消费予以适当补贴或贷款贴息；鼓励有条件的地区开展家电家具家装下乡。在着力优化消费环境方面，方案提出，规范市场秩序、加强政策支持。包括依法打击家居消费领域假冒伪劣、偷工减料、价格欺诈等行为；鼓励行业协会等探索实施家居行业“黑名单”制度；鼓励金融机构在依法合规、风险可控前提下，加强对家居消费的信贷支持。来源：新华社,0.0078864353312302,0.0,0.6846761884633902,0.0,2023-01-03 14:40:37
月日，商务部、住建部等部门发布的关于促进家居消费若干措施的通知指出，鼓励各地结合城镇老旧小区改造等工作，支持居民开展旧房装修和局部升级改造,0.0157728706624605,0.4308295042541579,0.9774756056828274,0.0158229115868012,2023-01-04 21:07:36
条政策措施，如何促进家居消费？月日，商务部等部门发布《关于促进家居消费若干措施的通知》。个方面、条政策措施，以绿色化、智能化、适老化为“发力点”，鼓励各地结合老旧小区改造，通过政府支持、企业促销等多种方式，支持居民开展旧房装修和局部升级改造。点击视频，一起观看。新闻一加一的微博视频,0.0252365930599369,0.3850503344855172,0.7080174221610057,0.0163891514528757,2023-01-03 15:50:29
“商务部等部门发文支持居民开展旧房装修和局部升级改造”，居民很高兴，还需要钱和时间助阵,0.0268138801261829,-0.9987924755638188,0.7313586558586214,-0.0466583767445826,2023-01-03 15:00:35
部门：支持居民开展旧房装修改造近日，商务部等部门发文促进家居消费，鼓励家居消费促销，支持居民开展旧房装修和局部升级改造。网友评论：政府给钱吗？有钱谁不想把房子装修得好些，住得舒服些？这还用你鼓励吗？简直大言不惭,0.0031545741324921,-0.3211467539964368,0.6846761884633902,-0.0016523186055398,2023-01-03 14:50:35
部门发布促进家居消费若干措施支持居民开展旧房装修和局部升级改造发布时间：新华社电近日印发的《商务部等部门关于促进家居消费若干措施的通知》月日对外公布。通知提出，组织开展家居焕新活动，加大优惠力度，支持居民更换或新购绿色智能家居产品、开展旧房装修。展开,0.0031545741324921,-0.9978228852790478,0.6924565996959287,-0.0051921956773865,------
部门：发布促进家居消费若干措施商务部等部门关于促进家居消费若干措施的通知。明确提出支持旧房装修、促进绿色家居消费、智能家居消费、提升家居适老化水平，促进农村家居消费等。重点提到的“家居消费”，涨幅不算大，逻辑是家居本是房地产的一环，现在促消费政策跨过了房子，直接从装修着展开,0.1230283911671924,0.0041918114770813,0.4548695809313571,0.0005588024174153,2023-01-03 13:50:31
部门鼓励金融机构加强对家居消费的信贷支持事件：近日，商务部等部门发布关于促进家居消费若干措施的通知。其中提出，组织开展家居焕新活动，鼓励有条件的地区出台针对性政策措施，引导企业提高家居消费供给质量和水平，提供更多高品质、个性化、定制化家居产品，加大优惠力度，支持居民更展开,0.9747634069400632,0.4813984211649515,0.8946060417513434,1.0,2023-01-03 13:50:21
鼓励出台针对性政策措施促进家居消费商务部等部门发布关于促进家居消费若干措施的通知，其中提出，组织开展家居焕新活动，鼓励有条件的地区出台针对性政策措施，引导企业提高家居消费供给质量和水平，提供更多高品质、个性化、定制化家居产品，加大优惠力度，支持居民更换或新购绿色智能家居产品、开展旧房装修。相关个股：顶固集创（）、喜临门（）等。,1.0,-0.0932400595678804,1.0,-0.2221093476867237,------
正在装修的朋友注意啦部门发文促进家居消费商务部等部门关于促进家居消费若干措施的通知商消费发号各省、自治区、直辖市人民政府，新疆生产建设兵团家居消费涵盖家电、家具、家纺、家装等多个领域，是居民消费的重要组成部分，是人民对美好生活需要的直接体现。为贯彻落实党中展开,0.0047318611987381,-0.9754210002154792,0.7780411232538526,-0.0085544273983872,2023-04-23 19:17:32
部门促进家居消费支持居民家居焕新部门促进家居消费支持居民家居焕新近日印发的《商务部等部门关于促进家居消费若干措施的通知》日对外公布。通知提出，组织开展家居焕新活动，加大优惠力度，支持居民更换或新购绿色智能家居产品、开展旧房装修。通知涵盖大力提升供给质量、积极展开,0.001577287066246,-0.6996074655242446,0.6846761884633902,-0.0017997604171223,------
部门发文支持旧房装修部门发文促进家居消费商务部等部门发布关于促进家居消费若干措施的通知。通知里提到，支持旧房装修。鼓励各地结合城镇老旧小区改造等工作，通过政府支持、企业促销等多种方式，支持居民开展旧房装修和局部升级改造。鼓励企业开展旧房翻新设计大赛，展示升级改造优秀展开,0.001577287066246,0.899046578188923,0.6924565996959287,0.0023391053792758,2023-01-03 13:33:59
部门发文支持旧房装修部门发文促进家居消费商务部等部门发布关于促进家居消费若干措施的通知。通知里提到，支持旧房装修。鼓励各地结合城镇老旧小区改造等工作，通过政府支持、企业促销等多种方式，支持居民开展旧房装修和局部升级改造。鼓励企业开展旧房翻新设计大赛，展示升级改造优秀案例，打造旧房装修和局部改造样板间，推出价格实惠的产品和服务套餐，满足多样化消费需求。（来源：央视财经）,0.0094637223974763,0.6241610738255037,0.6846761884633902,0.0096340343687269,------
促进家居消费，支持旧房装修商务部等部门发文月日，商务部等部门关于促进家居消费若干措施的通知指出，支持家居企业开展绿色制造，鼓励有条件的地区对绿色制造示范企业出台针对性政策措施，鼓励有条件的地区对居民购买绿色家电、绿色家具、绿色建材等绿色家居产品给予支持；制定发布老年用品产品推广目录，加快制定家居产品适老化设计通用标准。支持符合条件的家居卖场等商业网点项目发行；鼓励金融机构在依法合规、风险可控前提下，加强对家居消费的信贷支持。支持旧房装修，鼓励各地结合城镇老旧小区改造等工作，通过政府支持、企业促销等方式，支持居民开展旧房装修和局部升级改造。鼓励企业开展旧房翻新设计大赛，展示升级改造优秀案例，打造旧房装修和局部改造样板间，推出价格实惠的产品和服务套餐，满足多样化消费需求。,0.0110410094637223,-0.1262108119107403,0.6380138694906943,-0.0021178722345777,2023-01-03 18:37:17
今日看盘超话股市大事（）、汇率，人民币升值，北上资金流入（消费，新能源，医药等传统价值白马）。、浪潮信息的中报暴雷，最新预告上半年业绩大降。（想想？：浪潮是不是就是一家做组装的公司？）。如果人工智能熄火了，资金就会流向底部的核心资产。、存量房贷利率终于要降了支持商业银行和贷款人重新签合同，用新发放的贷款置换存量房的贷款。央行邹澜谈“提前还款大幅增加”：支持和鼓励商业银行与借款人自主协商变更合同约定、月社融超预期、美国低于预期股票财经,0.2794117647058823,0.5635053199386255,0.8946192167744582,0.3717772790304189,------
存量房贷利率下调有戏？鼓励自主协商变更房贷合同肉肉酱的基金选谷日记月日，在国新办举行的新闻发布会上，央行货币政策司司长邹澜在谈到房贷“提前还款大幅增加”现象时，明确表示：“按照市场化、法治化原则，我们支持和鼓励商业银行与借款人自主协商变更合同约定，或者是新发放贷款置换原展开,0.9705882352941176,0.0740148936419243,0.5201576652311182,0.098625917888352,2023-01-03 11:27:11
央行邹澜谈“提前还款大幅增加：支持和鼓励商业银行与借款人，自主协商变更合同约定存量房贷有将的希望了房地产,0.0147058823529411,0.9998556463433704,0.6666666666666666,0.0258725386741765,2023-01-03 11:22:26
央行邹澜谈提前还款大幅增加：支持和鼓励商业银行与借款人自主协商变更合同约定月日，人民银行货币政策司司长邹澜表示，今年上半年，个人住房贷款累计发放万亿元，较去年同期多发放超过亿元，对住房销售支持力度明显加大。居民使用存款或者减少其他投资提前偿还存量贷款的现象大幅增加。这种现象对住房需求并不构成影响，它是一个居民资产配置的调整。提前还款客观上对商业银行的收益也有一定的影响。按照市场化、法治化原则，我们支持和鼓励商业银行与借款人自主协商变更合同约定，或者是新发放贷款置换原来的存量贷款。央行邹澜回应银行主动下调存款利率公摊面积为何不能取消（中国网）界面的微博视频,0.1470588235294117,0.3588240125621873,0.8112734724430599,0.112990459329452,2023-01-03 12:09:16
央行邹澜谈提前还款大幅增加：支持和鼓励商业银行与借款人自主协商变更合同约定据中国网报道，月日，人民银行货币政策司司长邹澜表示，今年上半年，个人住房贷款累计发放万亿元，较去年同期多发放超过亿元，对住房销售支持力度明显加大。居民使用存款或者减少其他投资提前偿还存量贷款的现象大幅增加。这种现象对住房需求并不构成影响，它是一个居民资产配置的调整。提前还款客观上对商业银行的收益也有一定的影响。按照市场化、法治化原则，我们支持和鼓励商业银行与借款人自主协商变更合同约定，或者是新发放贷款置换原来的存量贷款。央行邹澜回应银行主动下调存款利率公摊面积为何不能取消红星资本局界面的微博视频,0.0147058823529411,0.0974987859055727,0.6944444444444444,0.0026280263537838,------
央行谈提前还贷：支持鼓励商业银行与借款人自主协商变更合同约定新京报来自北京新京报官方账号新京报讯（记者姜慧梓）在月日举行的国新办新闻发布会上，中国人民银行货币政策司司长邹澜对居民提前还贷大幅增加的情况做出回应。今年上半年，个人住房贷款累计发放万亿元，较去年同期多发放超过亿元，对住房销售支持力度明显加大，但统计数据显示的个人住房贷款余额总体略有减少。邹澜解释，这主要是因为理财收益率、房贷利率等价格关系发生变化，居民使用存款或者减少其他投资提前偿还存量贷款的现象大幅增加。他表示，这种现象对住房需求并不构成影响，是居民资产配置的调整。尽管贷款市场报价利率下行了个百分点，但因为合同约定的加点幅度在合同期限内是固定不变的，前些年发放的存量房贷利率仍然处在相对较高的水平上，这与提前还款大幅增加有比较大的关系。邹澜表示，提前还款客观上对商业银行的收益有一定影响，但按照市场化、法治化原则，我们支持和鼓励商业银行与借款人自主协商变更合同约定，或者是新发放贷款置换原来的存量贷款。,1.0,-0.3093913607168831,0.4905635056405552,-0.4005948228520519,2023-01-03 09:31:17
央行邹澜谈提前还款大幅增加：支持和鼓励商业银行与借款人自主协商变更合同约定月日，人民银行货币政策司司长邹澜表示，今年上半年，个人住房贷款累计发放万亿元，较去年同期多发放超过亿元，对住房销售支持力度明显加大。居民使用存款或者减少其他投资提前偿还存量贷款的现象大幅增加展开,0.0735294117647058,0.660869565217391,0.7594202898550724,0.0974004476495666,2023-01-05 08:10:21
央行邹澜谈“提前还款大幅增加”：鼓励商业银行与借款人自主协商变更合同约定新浪新闻,0.0147058823529411,-0.5315230718471626,0.7083333333333333,-0.0146134514397705,2023-01-04 07:50:17
央行：支持鼓励商业银行与个人房贷借款人自主协商，用新发放贷款置换存量贷款央行邹澜谈提前还款大幅增加月日，国新办就年上半年金融统计数据情况举行发布会。人民银行货币政策司司长邹澜表示，居民使用存款或者减少其他投资提前偿还存量贷款的现象大幅增加。这种现象对住房需求并不构展开,0.0441176470588235,0.0385053456429926,0.5644001877295642,0.0025305937484008,2023-01-03 11:08:58
财联社电报央行邹澜谈提前还款大幅增加支持和鼓励商业银行与借款人自主协商变更合同约定想想我那个的房贷利率，是该降降了，希望这个政策能落地房地产超话央行邹澜回应银行主动下调存款利率深圳房产超话深圳新政调控楼市,0.0441176470588235,0.0,0.6666666666666666,0.0,2023-01-03 23:00:34
央行：支持鼓励商业银行与个人房贷借款人自主协商，用新发放贷款置换存量贷款央行邹澜谈提前还款大幅增加月日，国新办就年上半年金融统计数据情况举行发布会。人民银行货币政策司司长邹澜表示，居民使用存款或者减少其他投资提前偿还存量贷款的现象大幅增加。这种现象对住房需求并不构成展开,0.1911764705882352,-0.4919048802365766,0.7914109679817855,-0.1964353064431853,2023-01-03 18:49:02
央行邹澜谈“提前还款大幅增加”：支持和鼓励商业银行与借款人自主协商变更合同约定按照市场化、法治化原则，我们支持和鼓励商业银行与借款人自主协商变更合同约定，或者是新发放贷款置换原来的存量贷款。这句话是近期最大的消息如果、假设对于你的房贷利率可以下降一个百分点你是不是要大宴三天。小宴一周。买买买玩玩玩消费不就起来了？这招比发消费券，牛多了（问了一圈机构解读不会动存量）,0.5147058823529411,-0.9999898274659428,0.736111111111111,-1.0,2023-01-05 19:39:53
央行回应居民提前还款大幅增加央行邹澜谈“提前还款大幅增加”：支持和鼓励商业银行与借款人自主协商变更合同约定人民银行货币政策司司长邹澜表示，今年上半年，个人住房贷款累计发放万亿元，较去年同期多发放超过亿元，对住房销售支持力度明显加大。但统计数据显示的个人住房贷款余额总体还略微减少一点，这主要是因为理财收益率、房贷利率等价格关系已经发生了变化，居民使用存款或者减少其他投资提前偿还存量贷款的现象大幅增加。这种现象对住房需求并不构成影响，它是一个居民资产配置的调整。尽管贷款市场报价利率下行了个百分点，但因为合同约定的加点幅度在合同期限内是固定不变的，前些年发放的存量房贷利率仍然处在相对较高的水平上，这与提前还款大幅增加有比较大的关系。提前还款客观上对商业银行的收益也有一定的影响。按照市场化、法治化原则，我们支持和鼓励商业银行与借款人自主协商变更合同约定，或者是新发放贷款置换原来的存量贷款。,0.0735294117647058,-0.4812428522329359,0.6666666666666666,-0.0622638595461398,2023-01-03 21:29:42
央行邹澜谈提前还款大幅增加：支持和鼓励商业银行与借款人自主协商变更合同约定。,0.1617647058823529,-0.4083804171301615,0.8673420893649291,-0.1512310668158576,2023-01-03 22:06:43
央行邹澜谈提前还款大幅增加央行邹澜谈“提前还款大幅增加”：支持和鼓励商业银行与借款人自主协商变更合同约定财联社月日电，人民银行货币政策司司长邹澜表示，今年上半年，个人住房贷款累计发放万亿元，较去年同期多发放超过亿元，对住房销售支持力度明显加大。但统计数据显示的个人住房贷款余额总体还略微减少一点，这主要是因为理财收益率、房贷利率等价格关系已经发生了变化，居民使用存款或者减少其他投资提前偿还存量贷款的现象大幅增加。这种现象对住房需求并不构成影响，它是一个居民资产配置的调整。尽管贷款市场报价利率下行了个百分点，但因为合同约定的加点幅度在合同期限内是固定不变的，前些年发放的存量房贷利率仍然处在相对较高的水平上，这与提前还款大幅增加有比较大的关系。提前还款客观上对商业银行的收益也有一定的影响。按照市场化、法治化原则，我们支持和鼓励商业银行与借款人自主协商变更合同约定，或者是新发放贷款置换原来的存量贷款。,0.5735294117647058,0.2877814258285525,1.0,0.4356325952214143,2023-01-03 20:10:24
深房中协数据：月日，深圳全市有效在售二手房源套，比上周减少套，在售房源连续两周下降。上周（月日）全市二手房录得套，比上周减少套，也是连续两周小幅减少。在售房源和上周二手房录得量都是连续两周小幅减少。随着年政策满年和双证合一政策的实施，深圳将释放出大展开,0.0104166666666666,0.737558584169974,0.9194446811765548,0.0229923884576671,2023-01-12 15:16:58
海曙区房票购房再享补贴在新一轮房地产市场调整中，全国已有多个城市推行了“房票”政策。据市住建部门发布的消息，宁波市级房票政策开始落地施行，市六区及高新区房票政策也已陆续发布。随着《海曙区房屋征迁安置房票实施办法（试行）》（以下简称《办法》）正式出台，海曙区的房屋征收补偿将迎来哪些变化，选择房票补偿方式会有哪些利好？记者邀请海曙区房屋征管中心相关负责人进行了权威解读。,0.0034722222222222,-0.8588956167808601,0.8065702848094447,-0.0078293067893286,2023-01-05 12:47:53
二、热点和机会现在的热点博弈都偏向于政策，像周二上涨的磷化工，钛白粉，草甘膦，还包括部分的化肥这些，这玩意都多少年没涨了，没有持续性的上涨，因为周期跟经济关联度比较高，而今年在一、二季度的旺季经济不旺，那周期都杀成狗了，所以这些我认为可能算超跌反弹。而市场关注度比较高的，像先进展开,0.0138888888888888,0.6481612635840719,0.8065702848094447,0.0236333881901898,2023-01-04 05:48:45
从未下载过拼多多，看数位作家和多多打官司，因为多多卖的都是盗版，但合法合理的作家没赢。为什么没赢？唉以下为转发：很多人根本不懂拼多多的流氓佣金政策到底有多可怕。我从年开始做淘宝，年开始做天猫，去年开始入驻抖店。这三个平台上这样的，淘宝的个人店是不收佣金的，也展开,1.0,-0.3072322528785659,1.0,-1.0,------
肥东县的房票政策来了重要通知：为了满足征迁群众对安置房多样化选择，现推出房票政策，征迁群众可使用房票购买商品房（肥东县范围）房票票面金额应安置面积安置房市场评估单价附属物补偿费搬迁补偿费搬迁奖励补助政策规定的补助原签订的产权调换协议中的应得款或减应付款。,0.0104166666666666,-0.8027420064167059,0.824901427646023,-0.0224512231422762,2023-01-08 22:46:55
挽救楼市断流的政策建议以深圳为例，来说我的一个想法。现在深圳以及所有的一线城市，还是处于限购、限售当中的。这就导致房地产市场出现了断流的情况，影响是很恶劣的。但是房租不炒这个政策肯定是正确的，那么如何在不违背这个政策的情况下，避免房地产的断流进一步持续呢？我觉得要有具体做展开,0.0659722222222222,0.0567760530898487,0.736440057045245,0.0089783578075146,------
小湘速递财政部将在近期公布税费优惠政策后续安排财政部税政司副司长魏岩在新闻发布会上表示，当前，经济运行面临新的困难挑战，国内需求仍然不足，一些企业经营困难。我们将会同有关部门认真贯彻落实党中央、国务院决策部署，打好政策“组合拳”，及时出台、抓紧实施一批针对性、组合性、协同性强的政策措施。按照国务院常务会议部署，还将在近期公布税费优惠政策后续安排，稳定预期、提振信心。聚焦科技创新、重点产业链、建立现代产业体系、促增收扩消费等方面，积极谋划针对性强、务实管用的税费优惠政策，着力为经营主体纾困解难，不断增强发展动能，优化经济结构，推动经济持续回升向好。,0.0248447204968944,0.5297450424929182,0.592222323674522,0.0222375775849518,2023-01-08 18:01:57
完善税费优惠政策提振民营企业发展信心网页链接利津县融媒体中心,0.1118012422360248,0.4040638734713832,1.0,0.1288838016140951,2023-01-08 22:07:34
月日，国家税务总局发布《支持协调发展税费优惠政策指引》，全国性的买房减免政策来了，这将是房地产的又一个转折点。十堰城运恒大城，从本地国企的强势入驻，积极响应政策，工地全面复工，以实际行动提振市场信心十堰城运恒大城依托上海路的区域优势，全力打造生态舒居，使生活回归真谛，焕新城市人居,0.0062111801242236,0.4870480474126433,0.5587003053533226,0.0048219924400969,2023-01-08 20:37:33
大同生活大同身边事税务总局发布指引：买卖房产这些税费有减免月日，国家税务总局发布《支持协调发展税费优惠政策指引》，此次政策提及项税收优惠政策。其中，在支持消费提振信心税费优惠方面，对于买卖房产或者出租有多项减免。涉及个人销售住房减免增值税、个人购买安置住房减征契税、居民换购住房退还个人所得税、个人出租住房减按征收个人所得税、个人出租住房减征增值税、个人出租住房减征房产税等。（国家税务总局）项税收优惠政策,0.0124223602484472,0.6938194695370812,0.5587003053533226,0.013738243093973,2023-01-08 17:16:02
国家税务总局发布最新税费优惠政策买房可减征契税卖房可减免增值税月日晚，国家税务总局发布《支持协调发展税费优惠政策指引》，其中支持消费提振信心税费优惠具体包括：个人销售住房减免增值税，个人转让自用家庭唯一生活用房免征个人所得税，个人销售或购买住房免征印花税，个人销售住房免征土地增值税，个人购买安置住房免征印花税，个人购买安置住房减征契税，个人购买经济适用房减半征收契税等。中国网财经的微博视频,0.0186335403726708,-0.4905595017068359,0.8551240609650386,-0.0223006685602503,------
税务总局并未出台楼市税收优惠新政税务总局出台楼市税收优惠新政？假的最近，一些房地产中介鼓吹，国家税务总局出台了支持个人住房税收优惠新政策，并附上相关截图。上述截图确实来自税务总局近日发布的《支持协调发展税费优惠政策指引》。只是其中有关个人住房的相关税费优惠政策并非新政，展开,0.0124223602484472,0.8965453909151928,0.5810483175674556,0.0184624926635853,2023-01-08 11:07:48
国家税务局：卖房可免增值税，买房可免契税近日，国家税务总局发布《支持协调发展税费优惠政策指引》及《支持共享发展税费优惠政策指引》，分别给出项、项税费优惠政策。《协调发展指引》中，对于买卖房产或出租提出了多项减免：（四）支持消费提振信心税费优惠个人销售住房减免增展开,0.3105590062111801,0.0088901619808422,0.5358258712197672,0.0042206483229266,------
国家税务总局发布最新税费优惠政策买房可减征契税卖房可减免增值税月日晚，国家税务总局发布《支持协调发展税费优惠政策指引》，其中支持消费提振信心税费优惠具体包括：个人销售住房减免增值税，个人转让自用家庭唯一生活用房免征个人所得税，个人销售或购买住房免征印花税，个人销展开,0.0062111801242236,-0.8206576391334823,0.5587003053533226,-0.0081248758779168,2023-01-07 23:57:41
得知个最新消息，立即给所有人提个醒，请大家一起来看看：、日前国税总局发布税费优惠政策指引，涉及住房和消费领域，其中促进城乡住房发展税费优惠方面有条优惠政策，支持消费提振信心税费优惠方面有条措施。近日，国税总局发布了涉及住房和消费领域的税费优惠政策指引，共涵盖了条促进城乡住房发展的优惠政策以及条支持消费提振信心的措施。这一政策的出台，对于当前房地产市场表现不佳的情况来说，可谓是极泰来的利好表现。在房地产市场方面，条优惠政策将有望刺激城乡住房发展。这些政策可能包括降低购房税费、提高购房贷款优惠等措施，有望吸引更多购房者入市。此举有助于提振房地产市场信心，稳定市场预期，从而带动房地产业链上下游的复苏，推动房地产市场的回暖。而在消费领域方面，条税费优惠措施可能涵盖了减税减费、扩大消费者税收抵扣范围等方面。这些措施将刺激居民消费，增加居民收入支配能力，促进消费升级和消费回暖。消费的增加将直接影响到相关产业链，尤其是家电、家居、汽车等与消费密切相关的股板块，使其受益于政策红利。总体而言，这一税费优惠政策指引的出台，将积极助力房地产市场的回暖和消费的提振。对于股市场而言，房地产相关板块和消费概念板块将成为受益的主要对象。在政策的引导下，相信未来经济将继续向好发展，为投资者带来更多机遇。股票财经,1.0,0.6904308119413656,0.5076660834221955,1.0,2023-01-08 08:35:18
今日看盘超话得知个最新消息，立即给所有人提个醒，请大家一起来看看：、日前国税总局发布税费优惠政策指引，涉及住房和消费领域，其中促进城乡住房发展税费优惠方面有条优惠政策，支持消费提振信心税费优惠方面有条措施。近日，国税总局发布了涉及住房和消费领域的税费优惠政策指引，共涵盖了条促进城乡住房发展的优惠政策以及条支持消费提振信心的措施。这一政策的出台，对于当前房地产市场表现不佳的情况来说，可谓是极泰来的利好表现。在房地产市场方面，条优惠政策将有望刺激城乡住房发展。这些政策可能包括降低购房税费、提高购房贷款优惠等措施，有望吸引更多购房者入市。此举有助于提振房地产市场信心，稳定市场预期，从而带动房地产业链上下游的复苏，推动房地产市场的回暖。而在消费领域方面，条税费优惠措施可能涵盖了减税减费、扩大消费者税收抵扣范围等方面。这些措施将刺激居民消费，增加居民收入支配能力，促进消费升级和消费回暖。消费的增加将直接影响到相关产业链，尤其是家电、家居、汽车等与消费密切相关的股板块，使其受益于政策红利。总体而言，这一税费优惠政策指引的出台，将积极助力房地产市场的回暖和消费的提振。对于股市场而言，房地产相关板块和消费概念板块将成为受益的主要对象。在政策的引导下，相信未来经济将继续向好发展，为投资者带来更多机遇。股票财经,0.031055900621118,0.8900178194657942,0.5806707464018401,0.0457904027517368,------
国税总局发布税费优惠政策指引涉及住房领域有这些措施利好房地产的政策又来了。日前，国家税务总局出台《支持协调发展税费优惠政策指引》，梳理形成涵盖项支持协调发展的税费优惠政策指引。涉及住房领域，该政策指引显示，促进城乡住房发展税费优惠方面有条优惠政策，包括扶贫搬迁安置，公共住房筹集建设等；支持消费提振信心税费优惠方面有条措施，涉及住房交易消费（含租赁）的税收减免优惠等。此外，在促就业保民生，城乡公共设施建设方面也出台了大量的税费优惠措施。细分来看，利好房地产的政策指导中，个人销售住房减免增值税、个人转让自用家庭唯一生活用房免征个人所得税、个人销售住房免征土地增值税、个人购买家庭唯一住房或第二套改善性住房减征契税、居民换购住房退还个人所得税等措施，尤其受人关注。,0.1304347826086956,0.2368209070424139,0.70528276068123,0.0621553352404018,2023-01-07 19:21:30
支持消费、提振信心，国家放大招刚刚，国家税务总局官微发布了《支持协调发展税费优惠政策指引》。税务总局按照享受主体、优惠内容、享受条件、政策依据的编写体例，从区域协同发展、城乡一体发展、物质文明和精神文明平衡发展、经济社会统筹发展等四个方面，梳理形成了涵盖项支持协调发展的税费优惠政策指引。其中与房地产相关的内容多达条，主要涉及新房和二手房减征契税、减免增值税、减征契税等方面。这一次，国家层面落地楼市利好，而且力度空前,0.0434782608695652,0.2901150466972964,0.5112155007717333,0.0183970469851534,------
国家税务总局：卖房可免增值税，买房可免契税国家释放未来将优化调整房地产政策信号后，买房卖房交易过程中的税费减免获得新进展，对楼市来说是一个不太大但也不太小的利好。月日，国家税务总局发布《支持协调发展税费优惠政策指引》，共包括项支持协调发展的税费优惠政策指引。其中涉及房地产交易的政策多达条，我认为最重要的有，个人销售住房减免增值税；个人转让自用家庭唯一生活用房免征个人所得税；个人购买家庭唯一住房或第二套改善性住房减征契税。特别是提到了买第二套房跟唯一住房有着同样的待遇，都可以减征契税。过去卖房满年，才能免征个人所得税和增值税；满年只能免增值税，但还得交个人所得税；对于非普通住房，无论满多少年都有增值税。据说，按现在的政策，一套万元住房，增值税和个人所得税预计可减免万元，这对卖房者和买房者来说无疑是巨大的利好。对于市场信心提振有一定的帮助。另外，值得一提的是，在公共住房、城乡融合区域住房改造方面，优惠力度也比较大，对于新市民、年轻人融入大城市，提振他们的信心也有积极意义。也是房地产政策可持续发展的重要前提。相信接下来，还会有更多的利好政策出台，尤其是针对改善客群的信心提振政策预期更强。房地产,0.0372670807453416,-0.0456815398073977,0.569874311460389,-0.0027678775626623,2023-01-07 16:19:19
小湘速递国税总局发布税费优惠政策指引涉及买房或租房减免增值税等国家税务总局发布《支持协调发展税费优惠政策指引》，其中，为加快城乡融合发展，深入推进新型城镇化建设，促进产业结构转型升级和区域协调发展，国家在支持城乡住房发展、加快城乡基础设施建设、培植城乡产业核心竞争力等方面出台了多项税费优惠政策。具体涉及易地扶贫搬迁贫困人口有关收入免征个人所得税；符合条件的棚户区改造支出准予企业所得税税前扣除；改造安置住房免征相关印花税；公租房租金收入免征增值税等。在支持消费提振信心税费优惠方面，涉及个人销售住房减免增值税；个人销售或购买住房免征印花税；个人租赁住房免征印花税；个人出租住房减征增值税等。,0.0248447204968944,-0.1128815998089343,0.569874311460389,-0.0045597185597785,2023-01-07 17:11:36
国税总局发布税费优惠政策指引涉及买房或租房减免增值税等国家税务总局发布《支持协调发展税费优惠政策指引》，其中，为加快城乡融合发展，深入推进新型城镇化建设，促进产业结构转型升级和区域协调发展，国家在支持城乡住房发展、加快城乡基础设施建设、培植城乡产业核心竞争力等方面出台了多项税费优惠政策。具体涉及易地扶贫搬迁贫困人口有关收入免征个人所得税；符合条件的棚户区改造支出准予企业所得税税前扣除；改造安置住房免征相关印花税；公租房租金收入免征增值税等。在支持消费提振信心税费优惠方面，涉及个人销售住房减免增值税；个人销售或购买住房免征印花税；个人租赁住房免征印花税；个人出租住房减征增值税等。,0.0993788819875776,0.0727284472522209,0.5280216912780902,0.0108880942570789,------
国家税务总局发布税费优惠政策指引涉及买房或租房减免增值税等国家税务总局近日发布《支持协调发展税费优惠政策指引》，其中，为加快城乡融合发展，深入推进新型城镇化建设，促进产业结构转型升级和区域协调发展，国家在支持城乡住房发展、加快城乡基础设施建设、培植城乡产业核心竞争力等方面出台了多项税费优惠政策。具体涉及易地扶贫搬迁贫困人口有关收入免征个人所得税；符合条件的棚户区改造支出准予企业所得税税前扣除；改造安置住房免征相关印花税；公租房租金收入免征增值税等。在支持消费提振信心税费优惠方面，涉及个人销售住房减免增值税；个人销售或购买住房免征印花税；个人租赁住房免征印花税；个人出租住房减征增值税等。（国家税务总局网站）,0.0496894409937888,-0.6071289161053748,0.5386975323491667,-0.0463651533755875,2023-01-07 16:19:26
利好政策来了官方发布买房减征契税卖房减免增值税卖房减免增值税重磅刚刚国家出手国家税务总局发布《支持协调发展税费优惠政策指引》总计条税费优惠政策，多项税费优惠政策支持消费、提振信心涉及房产买卖或出租多项税费可免征重点内容如下：个人销售住房减免增值税展开,0.0062111801242236,0.7142857142857142,0.592222323674522,0.0074960512676547,2023-01-07 15:32:13
国税总局月日发文：支持消费提振信心税费优惠政策，个人销售住房减免增值税等。深圳会落地执行，将增值税满年免征改为满年免征吗？,0.0993788819875776,-0.4420542622816969,0.7339613955729708,-0.0919908417156604,2023-01-08 17:02:34
楼市房地产在支持消费提振信心税费优惠方面，多项政策利好买卖房产或出租，其中两点需要重点留意。其一，个人销售住房减免增值税。按照现行的政策相当可以减免房屋总额的的增值税。假设房屋总额为万，即可减免万的增值税费。其二，个人购买家庭唯一住房或第二套改善性住房减征契税。按照现行政策，契税为房屋成交价。万即可减免万。假设减征一半的话缴纳万即可，大大减轻买家负担。,0.0186335403726708,0.9754861249694886,0.5587003053533226,0.0289732403918489,------
月日，中国人民银行、金融监管总局中国证监会联合召开电视会议，研究落实金融支持实体经济发展和防范化解金融风险有关工作。会议强调，要注意挖掘新的信贷增长点，大力支持中小微企业、绿色发展、科技创新、制造业等重点领域，积极推动城中村改造、“平急两用”公共基础设施建设。,0.064516129032258,0.0524655636156166,0.5546443423936122,0.0024373119452376,2023-01-07 18:02:15
一行一局一会首次开会新意？针对哪两个重点和焦点问题？月日，中国人民银行、金融监管总局、中国证监会联合召开电视会议，研究落实金融支持实体经济发展和防范化解金融风险有关工作。这是国务院机构改革以来金融监管层面首次联合举办会议，针对的是支持实体经济发展和防控风险两大难题。这是当下市场迫切关注的焦点问题。宏观政策陆续推出，但是经济增速还在下降，恒大、碧桂园多家巨型房企暴雷，多个理财产品暴雷、股市走低风声鹤唳的当下，一行一局一会的会议受到高度重视。央行一把手、金融监管总局二把手，中国证监会第一副主席出席会议并讲话。会议首先总结了成绩，今年以来金融持续支持实体经济恢复和回升向好。今年月，新增人民币贷款万亿元，同比多增万亿元，广义货币供应量（）、社会融资规模、人民币贷款余额保持较快增长。社会融资成本继续下降，月企业贷款利率为，同比下降个百分点。信贷结构持续优化，普惠小微贷款、绿色贷款、制造业中长期贷款增速均高于各项贷款增速，金融支持重点领域和薄弱环节取得显著成效。会议指出问题，我国经济恢复是一个波浪式发展、曲折式前进的过程。金融部门继续落实好稳健货币政策精准有力的要求，用好政策空间、找准发力方向，不断推动经济运行持续好转、内生动力持续增强、社会预期持续改善、风险隐患持续化解。会议然后强调，金融支持实体经济力度要够、节奏要稳、结构要优、价格要可持续，这是政治局会议尚未提及，也是金融部门的新提法，也是贯彻宏观调控的逆周期和跨周期调剂，要从从力度、节奏、结构以及价格等四方面来强调金融如何大力支持实体经济。具体做法分别为，一是从力度上，主要金融机构要主动担当作为，加大贷款投放力度，国有大行要继续发挥支柱作用。二是从节奏上，要注重保持好贷款平稳增长的节奏，适当引导平缓信贷波动，增强金融支持实体经济力度的稳定性。三是从重点上，要注意挖掘新的信贷增长点，大力支持中小微企业、绿色发展、科技创新、制造业等重点领域，积极推动城中村改造、“平急两用”公共基础设施建设。调整优化房地产信贷政策。四是从价格上，要继续推动实体经济融资成本稳中有降，规范贷款利率定价秩序，统筹考虑增量、存量及其他金融产品价格关系。五是从路径上，要发挥好存款利率市场化调整机制的重要作用，增强金融支持实体经济的可持续性，切实发挥好金融在促消费、稳投资、扩内需中的积极作用。会议要求，金融部门要防范化解重点领域风险的精神，统筹协调金融支持地方债务风险化解工作，丰富防范化解债务风险的工具和手段，强化风险监测、评估和防控机制，推动重点地区风险处置，牢牢守住不发生系统性风险的底线。与会者包括政策性金融机构、商业性金融机构等负责人。金融机构需要高度重视，加强对实体经济的支持，促进经济恢复和增长，至少到经济潜在增速，同时加强防范化解重点领域风险，通过促进发展来解决发展中的风险问题。经济增长风险防控一行一局一会,0.064516129032258,0.9241682507466772,0.5546443423936122,0.042932662144961,------
股盘面直播持续更新与小财一起看盘月日股盘面直播：股月日涨停分析今日共股涨停，连板股总数只，股封板未遂，封板率为（不含股、退市股及未开板新股）。个股方面，次新股长青科技板、碧兴物联科创板板、海通发展板、联合水务板，环保板块启迪环境板、国泰环保创业板板、正和生态板，基建股美丽生态板，智能驾驶的华是科技创业板天板，算力板块鸿博股份天板、亚康股份创业板首板。今日收涨个股只，收跌个股只。收评：沪指跌失守点两市成交金额不足亿财联社月日电，大盘全天低开低走，三大指数均跌超，沪指跌破点。盘面上，环保股震荡走强，清研环境、超越科技、东方园林等多股涨停。次新股继续活跃，美能能源、联合水务、光华股份等涨停。概念股展开反弹，算力方向领涨，亚康股份、鸿博股份、英飞拓涨停。下跌方面，券商股集体调整，华泰证券跌超。总体上个股跌多涨少，两市超只个股下跌。沪深两市今日成交额亿，较上个交易日缩量亿。板块方面，算力租赁、环保、燃气、次新股等板块涨幅居前，证券、医药商业、物流、机场等板块跌幅居前。截至收盘，沪指跌，深成指跌，创业板指跌。北向资金全天净卖出亿元，其中沪股通净卖出亿元，深股通净卖出亿元。沪指跌破点财联社月日电，指数持续走低，沪指盘中跌破点关口。三大指数均跌逾沪指逼近点关口财联社月日电，指数走弱，沪指下挫跌逾，逼近点，深成指跌，创业板指跌。机场、证券、房地产、物流等方向跌幅居前，两市下跌个股近只。深成指跌逾下跌个股近只财联社月日电，指数走弱，深成指下挫跌逾，沪指跌，创业板指跌。机场、证券、房地产、物流等方向跌幅居前，两市下跌个股近只。主力资金监控：东方财富净卖出超亿元财联社月日电，财联社星矿数据显示，今日主力资金净流入计算机、轻工制造、通信等板块，净流出非银金融、证券、电新行业等板块，其中非银金融板块净流出亿元。个股方面，鸿博股份涨停，主力资金净买入亿元，协昌、英飞拓、久其软件获主力资金净流入居前；东方财富遭净卖出超亿元，中信证券、华泰证券、上海机场等主力资金净流出额居前。天然气板块异动走高水发燃气触及涨停财联社月日电，水发燃气触及涨停，首华燃气、陕天然气、美能能源、贵州燃气等快速跟涨。消息面上，受澳大利亚工厂罢工担忧影响，欧洲基准天然气价格一度涨。另据德国经济部日前发布的最新报告称，德国的天然气价格可能会飙升，并至少在年之前保持在高位。点快评：下跌个股明显增多短线情绪逆势反弹大盘午后震荡回落，三大指数跌幅扩大，创业板指跌近。盘面上个股跌多涨少，两市超只个股下跌，午后下跌个股明显增多。午后第一个小时市场成交量较上个交易日缩量亿。板块方面，算力、环保、、次新等板块涨幅居前，午后市场新增热点匮乏，短线资金再度炒作次新股；机场、医药商业、证券、物流等板块跌幅居前。短线情绪指标显示，市场短线情绪午后逆势反弹，目前处于轴下方。农业板块下挫万辰生物跌超财联社月日电，万辰生物、华绿生物双双跌超，众兴菌业、万向德农、雪榕生物等跌幅靠前。消息面上，万辰生物上半年业绩由盈转亏万元。次新股继续活跃长青科技连板财联社月日电，碧兴物联、国泰环保涨停，长青科技连板，海通发展、光华股份涨停。市场主线：次新股持续活跃券商板块陷入调整留意热点轮动中的短线机会今日市场延续震荡整理态势，其中算力以及数字经济方向再度逆势走强，而环保与次新股方向同样延续了上周五强势表现。总体而言，市场小票的赚钱效应相对较好。另一方面，券商板块陷入整理，其中大市值龙头遭遇补跌，东方财富与中信证券双双跌超。此外机场与储能板块再度双双走弱，也反映出市场亏钱效应仍未完全修复。总体而言，在市场整体尚未出现明确的止跌企稳信号之前，应对上保持谨慎，或可更多关注热点板块轮动中的短线机会。月日午间涨停分析今日午盘两市共股涨停，连板股总数只，股封板未遂，封板率为（不含股、退市股及未开板新股）。个股方面，环保园林板块启迪环境板、美丽生态板、正和生态板，次新股碧兴物联科创板板、国泰环保创业板板、海通发展板，算力板块鸿博股份天板。午评：三大指数小幅下跌算力、环保概念股逆势活跃财联社月日电，市场早盘震荡下跌，三大指数盘中均续创调整新低，创业板指领跌。盘面上，概念股展开反弹，算力方向领涨，亚康股份、鸿博股份涨停；数据要素概念股震荡走强，新炬网络、达华智能涨停；信创概念股迎来反弹，久其软件、南天信息、英飞拓涨停。环保股盘中拉升，东方园林、太和水、启迪环境等多股涨停。次新股继续活跃，碧兴物联、国泰环保、海通发展涨停。下跌方面，机场股大跌，上海机场、白云机场双双跌停。券商股展开调整，华泰证券跌近。总体上个股涨多跌少，两市近只个上涨。沪深两市今日成交额亿，较上个交易日缩量亿。板块方面，算力租赁、环保、、国资云等板块涨幅居前，机场、证券、医药商业、物流等板块跌幅居前。截至收盘，沪指跌，深成指跌，创业板指跌。北向资金方面，沪股通早盘净流出亿，深股通早盘净流入亿。上海机场触及跌停成交金额超亿元财联社月日电，上海机场盘中股价触及跌停，成交金额超亿元，另外白云机场股价亦逼近跌停。主力资金监控：鸿博股份净买入超亿元财联社月日电，财联社星矿数据显示，今日早盘主力资金净流入计算机、通信、轻工制造等板块，净流出非银金融、证券、电新行业等板块，其中非银金融板块净流出超亿元。个股方面，鸿博股份涨停，主力资金净买入亿元，协昌、英飞拓、久其软件获主力资金净流入居前；东方财富遭净卖出超亿元，中信证券、盟固利、华泰证券主力资金净流出额居前。环保股再度拉升国泰环保等多股涨停财联社月日电，国泰环保、碧兴物联涨停，清研环境涨超，太和水、正和生态、启迪环境涨停，东方园林、同兴环保等涨超。储能板块低迷阳光电源等多股跌超财联社月日电，阳光电源、固德威、华宝新能均大跌超，孚能科技、德业股份、锦浪科技、阿特斯、华自科技等跌幅靠前。数据要素概念股持续走强首都在线涨超财联社月日电，首都在线涨超，达华智能涨停，铜牛信息、科创信息、慧博云通、山大地纬、海量数据等涨超。消息面上，月初以来，北京、上海、深圳、长沙、贵州等地相继发布了数据要素相关法规，政策密集落地。点快评：资金早盘回流算力方向短线情绪跌至低迷区市场早盘震荡调整，三大指数均小幅下跌。成交量方面，前半个小时两市成交量较上个交易日同时段放量亿。盘面上个股涨多跌少，两市超只个股上涨。板块方面，算力租赁、纺织服装、国资云、等板块涨幅居前，资金早盘回流算力方向；机场、证券、医药商业、物流等板块跌幅居前。情绪指标显示，市场短线情绪开盘后快速回落，跌至低迷区。板块震荡走高铭普光磁涨停财联社月日电，铭普光磁涨停，兆龙互连大涨，剑桥科技、博创科技、新易盛、中际旭创快速跟涨。算力概念持续走高鸿博股份天板财联社月日电，鸿博股份天板，亚康股份涨停，南凌科技、首都在线、科创信息、神州数码、铜牛信息等均涨超。消息面上，近日闭幕的中国算力大会、第二届“西部数谷”算力产业大会累计签订投资项目合同个、合同金额亿元。纺织服装板块异动拉升如意集团涨停财联社月日电，如意集团、联发股份涨停，安奈儿、日播时尚、彩蝶实业、报喜鸟等快速跟涨。创业板指跌逾回到点下方财联社月日电，指数走弱，创业板指下挫跌逾，沪指跌，深成指跌。机场、医药、物流、证券等板块跌幅居前，两市下跌个股近只。概念股持续调整多股跌超财联社月日电，合富中国、人民同泰、第一医药、开开实业跌超，英特集团、塞力医疗、药易购等跟跌。证券板块走低中信证券领跌财联社月日电，券商股早盘走低，中信证券跌超，华泰证券、东方财富、中信建投、东吴证券、中国银河等纷纷走低。民航机场板块下挫上海机场大跌财联社月日电，上海机场、白云机场均大跌，南方航空、中国东航、中国国航等跟跌。次新股板块表现分化碧兴物联连板财联社月日电，海通发展、碧兴物联连板，光华股份涨停，北方长龙涨超。锴威特、信宇人、金杨股份、威马、德福则跌超。信创概念股震荡反弹南天信息涨停财联社月日电，南天信息、久其软件、新炬网络涨停，天亿马、真视通、普联软件、中亦科技、英飞拓等涨超。消息面上，易方达、华夏等公募将上报信创。医药医疗板块走低多股跌超财联社月日电，医药医疗股早盘走低，合富中国跌近，人民同泰、华人健康、开开实业、宣泰医药等跌超。算力概念股快速拉升亚康股份涨超财联社月日电，亚康股份涨超，立昂技术、鸿博股份、铜牛信息、首都在线、城地香江等跟涨。消息面上，工信部部长金壮龙近日表示要加快建设全国一体化算力网络国家枢纽。供销社概念股开盘异动天禾股份涨停财联社月日电，天禾股份涨停，天鹅股份、中农联合、浙农股份、湖南发展、新力金融等跟涨。新型城镇化板块延续强势启迪环境连板财联社月日电，启迪环境连板，正和生态、霍普股份涨超，森赫股份、金埔园林、大宏立、美丽生态等跟涨。消息面上，央行、金融监管总局、中国证监会联合召开电视会议，研究落实金融支持实体经济发展和防范化解金融风险有关工作，提出积极推动城中村改造、“平急两用”公共基础设施建设。竞价看龙头财联社月日电，市场焦点股长青科技（板）平开，次新股盟固利（创业板板）高开、碧兴物联（科创板首板）高开、光格科技（科创板首板）低开，一带一路概念股哈焊华通（创业板板）高开、高铁电气（科创板首板）低开，环保园林板块启迪环境（板）高开、美丽生态（板）低开、建工修复（创业板首板）平开，机器人概念股新时达（板）高开。三大指数集体低开财联社月日电，沪指低开，深成指低开，创业板指低开，概念、跨境支付、证券等板块指数跌幅居前。,1.0,-0.7702755537913791,1.0,-1.0,2023-01-07 05:01:54
周四舆情热度（附股）无人驾驶两部门：到年系统形成能够支撑组合驾驶辅助和自动驾驶通用功能的智能网联汽车标准体系（深城交、浙江世宝、索菱股份、均胜电子、德赛西威等）；小鹏汽车大众汽车品牌与小鹏汽车达成了技术合作框架协议，大众汽车将向小鹏汽车增资约亿美元，收购后者约的股权（鹏翎股份、正强股份、隆基机械、三花智控、万安科技等）；存储芯片美光推出业界首款内存层能效提升倍（江波龙、佰维存储、兆易创新、北京君正、同有科技等）；核电核能近日国家能源局发布月份全国电力工业统计数据显示，月份，全国主要发电企业电源工程完成核电投资亿元，同比增长（龙泉股份、盛邦股份、哈空调、纳川股份、哈焊华通等）；地产链会议：政治局会议指出，适时调整优化房地产政策，因城施策用好政策工具箱（光明地产、金科股份、山水比德、中达安、建科股份等）；船舶制造中信机械：造船周期持续上行，新能源动力换船驱动因素强大，下半年进入业绩兑现期（中国动力、亚星锚链、中国船舶、中船防务、中船科技等）；,0.0342465753424657,0.9533171489315444,0.6666666666666666,0.0500295735292641,------
刚看到个最新消息，立即给所有人提个醒，请大家一起来看看：、消息一：孟晓苏：商业银行应拿出资金来支持老百姓购房让老百姓提前实现自己的住房梦。解读：近日，全国著名房地产专家、原国家房改课题组组长孟晓苏表示，商业银行应该降低存量房贷利率，减轻了购房者的压力，能够鼓励老百姓改善居住需求，同时也可以释放消费能力，建立消费信心。这个提议还是非常好的，降低贷款利率，老百姓的购房成本下降了，减轻了负担了，同时最好的就是直接房价下调，老百姓买房负担更加轻松了，全世界最高的房价估计也就是我们了。近期房地产政策重点讲的是适时优化政策。股市场房地产板块也迎来了底部超跌反弹行情，后市有望进一步反弹。、消息二：任泽平：牛市会不会来？振兴股正当时一举多得有百利而无一害。解读：任泽平发文指出，振兴股市，提振市场信心，对于经济复苏、居民收入、消费者信心、科技创新、高质量发展等都具有重要意义，一举多得，如果力度把握的好，有百利而无一害。都说是股市是经济的晴雨表，都说我们的经济实现不错的恢复增长，都说全球资本看中国，都说外资逐步增加流入中国，但是我们目前股市却有点让人瞠目结舌，外围股市今年已经再次走出牛市，德股、法股、日股、印度股市都创多年的新高了，道指都连阳准备再创历史新高了。我们的大股震荡筑底个月了，近期还跌破点，所以股雄起已经是人心所向，人心思涨，股必须雄起活跃资本市场，提振投资者信心，今年股先涨个几百点提振信心让股市上涨点，消费力更加活跃，经济就增加快速增长，很多新股民套在点，股市需要再次雄起、消息三：恒生科技指数势将进入技术性牛市。解读：香港恒生科技指数从月低点累计上涨，势将进入技术性牛市。中股股指数也就是相当于我们的恒生科技指数。恒生科技指数和中概股指数再次从月底连续上涨到今天月号，确实正在走出一波不错的反弹行情。我在月初的时候也曾经表示，中概股指数已经正在走今年的第三浪主升浪行情，中概股指数在去年的月份开启底部见底上涨行情，连续上涨到今年的月号上涨幅度超过，这是底部反弹的第一浪上涨行情，随后在月号连续回落震荡调整到月点是浪震荡调整，月份已经开启走第三浪主升浪行情，所以我们股就是底部，就是底的双底结构，开启下半年的吃饭行情了。最后，看完点赞是一种美德，祝大吉大利，旗开得胜,0.7431506849315068,-0.141121882199426,0.6944444444444444,-0.16740647675914,2023-01-07 18:10:49
最新消息，请所有人注意了今天是年的月号的星期四，现在是中午时间点分，我刚看到个最新消息，立即给所有人提个醒，请大家一起来看看：、消息一：孟晓苏：商业银行应拿出资金来支持老百姓购房让老百姓提前实现自己的住房梦。解读：近日，全国著名房地产专家、原国家房改课题组组长孟晓苏表示，商业银行应该降低存量房贷利率，减轻了购房者的压力，能够鼓励老百姓改善居住需求，同时也可以释放消费能力，建立消费信心。这个提议还是非常好的，降低贷款利率，老百姓的购房成本下降了，减轻了负担了，同时最好的就是直接房价下调，老百姓买房负担更加轻松了，全世界最高的房价估计也就是我们了。近期房地产政策重点讲的是适时优化政策。股市场房地产板块也迎来了底部超跌反弹行情，后市有望进一步反弹。、消息二：任泽平：牛市会不会来？振兴股正当时一举多得有百利而无一害。解读：任泽平发文指出，振兴股市，提振市场信心，对于经济复苏、居民收入、消费者信心、科技创新、高质量发展等都具有重要意义，一举多得，如果力度把握的好，有百利而无一害。都说是股市是经济的晴雨表，都说我们的经济实现不错的恢复增长，都说全球资本看中国，都说外资逐步增加流入中国，但是我们目前股市却有点让人瞠目结舌，外围股市今年已经再次走出牛市，德股、法股、日股、印度股市都创多年的新高了，道指都连阳准备再创历史新高了。我们的大股震荡筑底个月了，近期还跌破点，所以股雄起已经是人心所向，人心思涨，股必须雄起活跃资本市场，提振投资者信心，今年股先涨个几百点提振信心让股市上涨点，消费力更加活跃，经济就增加快速增长，很多新股民套在点，股市需要再次雄起、消息三：恒生科技指数势将进入技术性牛市。解读：香港恒生科技指数从月低点累计上涨，势将进入技术性牛市。中股股指数也就是相当于我们的恒生科技指数。恒生科技指数和中概股指数再次从月底连续上涨到今天月号，确实正在走出一波不错的反弹行情。我在月初的时候也曾经表示，中概股指数已经正在走今年的第三浪主升浪行情，中概股指数在去年的月份开启底部见底上涨行情，连续上涨到今年的月号上涨幅度超过，这是底部反弹的第一浪上涨行情，随后在月号连续回落震荡调整到月点是浪震荡调整，月份已经开启走第三浪主升浪行情，所以我们股就是底部，就是底的双底结构，开启下半年的吃饭行情了。最后，看完点赞是一种美德，祝大吉大利，旗开得胜,0.75,-0.5497282665482695,0.6805555555555556,-0.6449654065807444,------
第一张图片是笑话第三张图片文字内容刀郎歌声是讽刺。当今社会人和事，应该好好品。评论速写心得与体会情绪房地产超话适时调整优化房地产政策再读看书学习分享超话家庭节能新能源静音门窗超话选择哈哈哈哈哈情绪展开,0.0376712328767123,0.968060241074928,0.696238266484171,0.0583624631119458,2023-01-07 10:23:24
今日早评：股月日周三大盘震荡回调，三大指数均小幅下跌：沪深两市全天成交亿元，较上个交易日大幅缩量亿元；个股跌多涨少，近家跌逾。板块方面：地产股继续走强，多股贡献涨停，新型城镇化方向领涨；化工化肥股盘中拉升，食品、零售以及钢铁股午后异动；概念与汽车产业链陷入调整，减速器、一体化压铸、液冷服务器、手机游戏等板块跌幅居前。午后行情波动不大，量能较中午封盘时进一步萎缩，但北上资金小幅回流（截止收盘净流入亿元）。总体而言，大盘目前还算是良性回调，接下来个交易日的表现将比较关键要么向上补缺并尝试突破日线，要么受阻回落弱势震荡。后市需要关注的，主要有两点热点板块及个股一、来深度介绍一下地产的情况消息面：周一高层开会，说了一句非常重要的话，“适应我国房地产市场供求关系发生重大变化的新形势，适时调整优化房地产政策”。且删除了房住不炒。这是重磅利好催化剂。技术面：地产板块长期超跌，调整早就到位，筹码结构抛压不重。只需要少量资金点火就能实现反转的行情。业绩面：中报业绩来看，大部分都是亏损的，但是这也是利空出尽就是利好。加上下半年房地产政策的调整，业绩会有所改善，这也是一大潜在的利好。从盘面看，还有一个方向就是炒小炒低，小是小盘的意思，低是低价的意思，几块钱的个股重新被资金青睐。金科股份，作为市场核心龙头，以及算是超跌情绪代表，是资金在指数前面弱势的情况下抱团的选择。作为核心，又是政策利好直接导向，昨天日内完成了弱转强高开缩量上板，今天大单一字加速带领地产大涨。接下来会带动更多的地产龙头做补涨。,0.5205479452054794,0.8357487922705313,1.0,1.0,------
前日热点解读、房地产理由：政治局会议：适时调整优化房地产政策，因城施策用好政策工具箱荣盛发展：河北省房地产龙头企业；预计上半年归母净利润亿元亿元，上年同期净亏损亿元锦和商管：公司为国内规模领先的文化创意产业园区运营商金科股份：公司是全国性社区地产商，住宅开发为主；长城国富有意向作为重整投资人参与公司预重整程序中南建设：、公司是全国布局的优质地产商；、公司持有上海数据交易中心有限公司股份天房发展：公司为专注天津的优质地产商华远地产：主要布局北京、天津、长沙地产商，公司通州花园好天地项目是距环球影城最近的项目迪马股份：全资子公司东原地产拥有房地产一级开发资质，主要从事住宅地产、商业地产及产业地产开发，业务覆盖华东、华西、华中、西南等各大区域新黄浦：公司是上海黄浦优质园区企业，坐拥上海市中心城区唯一一家高科技创业园区天保基建：、公司是专注天津滨海新区的开发商；、公司持股的天津中天航空持有空中客车（天津）总装有限公司的股权，空客公司的经营范围为接收完全装配并经测试的飞机组成部分和所有相关零部件，向空中客车中国有限公司提供总装服务国创高新：、公司核心业务是新房代理业务和房屋经纪业务，房屋经纪业务主要是二手房买卖与租赁；、公司云房源大数据运营平台项目已正式投入使用南国置业：、武汉商业地产小龙头、公司控股股东中国电建地产集团有限公司拟置换房地产和电网业务华夏幸福：京津冀产业地产龙头特发服务：公司聚焦园区物管赛道，在最主要的科技园区及办公物业赛道，已拥有华为、阿里巴巴、腾讯、蚂蚁金服、中国移动、大疆科技等国内顶尖的企业客户资源，其中与华为已合作近年、新型城镇化理由：国常会审议通过《关于在超大特大城市积极稳步推进城中村改造的指导意见》东方园林：生态修复行业龙头，子公司上海立源专注于水处理工艺、技术、设备的研发、制造与应用；子公司中山环保主要从事污水处理工程施工、污水处理设施运营山水比德：、民营景观设计龙头企业之一，专注于园林景观设计业务；、公司发布的自主研发的数智化产品体系山水智境和山水智能绿化属于应用。柯利达：国内知名的建筑装饰企业，江苏省内业务占比超，位列江苏省装饰行业第二清研环境：公司参与新型城镇污水处理设施建设，主要提供污水处理工艺包和核心装备正和生态：公司主营业务为滨水生态治理、生态修复及生态景观安居宝：国内楼宇对讲行业的龙头企业，主营楼宇对讲系统、智能家居系统、停车场系统、监控、防盗报警系统等启迪环境：、公司拥有较为完整的固废处置业务产业链，覆盖生活垃圾处理、有机固废资源化利用、医疗废弃物处理处置等类型项目的投资等；、公司参股子公司桑顿新能源，业务覆盖锂电池正极材料、前躯体、电芯生产；电池管理系统（）、电池封装（）、电池云平台研发；互联网二手电池回收、二手电池梯级利用、废电池再生技术等领域。超越科技：安徽省领先的固废处理环保企业；公司主要从事工业危险废物和医疗废物处置服务以及废弃电器电子产品拆解服务，工业危险废物处置能力排名省内前列，属于区域龙头之一法尔胜：控股子公司广泰源是一家以高难度废水处理、液体分离、化工浓缩为业务的高科技环保公司苏州规划：公司是江苏省内知名的规划设计与工程设计企业，为政府及各类开发建设主体提供准确有效并兼具操作性的城市规划建设解决方案森泰股份：公司的主要产品是高性能木塑复合材料、新型石木塑复合材料及装配式建筑上海凯鑫：国内领先的工业流体特种分离方案供应商；公司主营膜分离技术的研究与开发，为工业客户提供减排降耗和废弃物资源化综合利用的整体解决方案霍普股份：公司是国内知名的建筑设计技术与咨询服务提供商，以建筑方案设计为核心开展建筑设计业务，并严格按照国家各项建筑节能设计相关法规及标准进行规范设计蕾奥规划：公司在智慧城市测量、智慧城市三维仿真影像设计等方面经验丰富，年报表示建设基础平台，实现对城市中多源、异构的二三维空间数据进行统一管理，并提供对空间数据的空间计算能力和可视化能力尤安设计：国内民营建筑设计企业第一梯队；主要从事建筑设计业务的研发、咨询与技术服务，业务范围涵盖居住建筑、公共建筑及功能混合型社区等领域，拥有建筑行业（建筑工程）甲级资质嘉戎技术：公司主营业务为膜分离装备、高性能膜组件等产品的研产销，以及提供高浓度污废水处理服务、磷化工理由：草甘膦价格一个月大涨五成六国化工：华东地区规模最大的磷复肥和磷化工一体化专业制造企业，化肥品种包括氮肥、磷肥、钾肥、复合肥清水源：公司是国内主要水处理剂产品生产企业之一，水处理剂产能规模较大、产品系列丰富，包括有机磷类产品和聚合类产品，有机磷类产品主要包括、、和等；公司新老厂区共具备三氯化磷年产能万吨，公司生产的三氯化磷主要用于水处理剂产品的生产、钢铁理由：基建有望带动钢铁需求重庆钢铁：公司一季报净利润同比增长倍，因全线提产扩能提质增效，公司是重庆地区唯一符合国家产业政策的大型钢铁联合企业；主要产品板材、型材、线材、棒材、钢坯、薄板带等凌钢股份：东北地区重要的长材生产企业；公司主要产品有热轧圆钢、螺纹钢、中宽热带、线材、焊接钢管等、大消费理由：政治局会议：发挥消费拉动经济增长的基础性作用人人乐：公司实控人为西安曲江新区管理委员会；主营业务为商品零售连锁经营，拥有人人乐购电子商务平台与全球商品跨境采购平台功能国光连锁：江西省商贸流通行业首家上市企业；公司主营连锁超市、百货商场的运营业务美邦服饰：国内休闲服饰龙头之一，旗下拥有（中国驰名商标）、等国芳集团：甘肃省内最大的连锁零售企业海融科技：烘焙原料知名企业，布局新式茶饮赛道股票超话,0.0410958904109589,-0.8275083251835862,0.6805555555555556,-0.0531983124324175,2023-01-06 20:21:41
周三舆情热度：地产链会议提出适应我国房地产市场供求关系发生重大变化的新形势，适时调整优化房地产政策（地产金科股份、华远地产等，钢铁水泥，建材家具等）；城中村改造新一轮城中村改造将启，同步推进扩内需惠民生（苏州规划、山水比德、霍普股份等）；无人驾驶两部门印发《国家车联网产业标准体系建设指南（智能网联汽车）（版）》（浙江世宝、德赛西威、兴民智通等）；鸿蒙华为官宣月日正式发布（润和软件、诚迈科技、常山北明等）；游戏国家新闻出版署发布月国产网络游戏审批信息（《墨迹大侠》中青宝，《梁山传奇》恺英网络，《骑士冲呀》吉比特）；电力电网国家发改委将加快推动印发《电力需求侧管理办法》发改委入夏以来全国日调度发电量三创历史新高，最高用电负荷两创历史新高（虚拟电厂国能日新、科远智慧等，电力国电电力、粤电力等）；室温超导韩国的物理学家声称发现世界首个室温常压超导体（法尔胜、西部超导、永鼎股份等）；,0.4143835616438356,0.2649436658093956,0.637611467054241,0.1609072767227059,------
有学生问，与新一轮城中村改造相关的个超大城市和个特大城市，房价会起飞吗？我回答说，随着房地产政策的调整优化和城中村改造的实施，房价暂时会止跌，不排除轻微上涨，但绝不会起飞。从中长期看，房地产市场供求关系已经发生重大变化，城中村改造和政策刺激也不可能增加绝大多数普通老百姓口袋里展开,0.0102739726027397,0.421738472719781,0.6666666666666666,0.0066397827694702,2023-01-06 22:34:43
重磅信号已至解读下半年的关键政策时点政治局会议这两天市场反弹得很强，相信大家都看了解读，也了解到反弹是受到政治局会议的影响。对于我们宏观分析师来说，这样的重磅政策时点肯定是我们关注的重中之重了，所以在会议结束后，我也第一时间认真研读本次政治局会议的发言稿。整体感受是展开,0.0068493150684931,0.7794333264160103,0.6944444444444444,0.0085217174225966,2023-01-06 20:44:28
最新消息，请所有人注意了今天是年的月号的星期三，现在是下午时间点分，我刚看到个劲爆的最新消息，立即给所有人提个醒，请大家一起来看看：、消息一：国税总局发布最新税费优惠政策多项涉房产交易或出租。解读：近日，国家税务总局发布了《支持协调发展税费优惠政策指引》，其中提及，个人销售住房减免增值税、个人购买家庭唯一住房或第二套改善性住房减征契税、居民换购住房退还个人所得税等多项政策。相关的地产专家解析，这是对此类诸多优惠政策进行了梳理、总结和再宣传，更好释放税费政策宽松的信号和导向。近年来，我国对很多方面都实现了减免税政策，对房地产是我国最大的支柱的产业，实行相应的减免税收优惠政策这是必然的。对房地产产业链也是给予相当的政策温暖支持的，对维护房地产的平稳健康发展是非常有利的。近期，有关房地产相关的政策利好不断，房地产也是老百姓最为关心的话题，房地产目前依然是我国的最大的支持产业也是不争的事实，虽然房地产的高峰发展已经过去了，但是维持平稳发展也是相当于是成熟型的行业，优质的公司也会从中占比一定的市场份额。、消息二：马光远：如果不救恒大可能会引发系统性金融风险。解读：根据，在网易新闻《光远观察》节目中，著名经济学家马光远表示，恒大不是个案，如果它处理不好，一旦引发连锁效应，引发系统性金融风险，他表示，希望有一个协调机制来救恒大。近日，中国恒大披露了最新的业绩亏损超过了万亿，这大概相当于股王贵州茅台要干年才能赚的钱，相当于我们中国亿人每人拿出元才能达到的惊人数字。恒大的问题肯定要解决的，但关键看怎么解决的，资产重组并购或将是大概率事情。近期，证券市场的房地产板块也是走出了超跌反弹行情，房地产板块同样存在预期的就是资产并购重组，一些低价的房地产股票却走出了强劲的反弹行情趋势，而一些相对优质的房地产企业却反弹比较缓慢，这就是证券市场的预期炒作，对于这些我们散户一定要注意连续亏损的房企都是短期的超跌反弹，不宜恋战，不然怎么涨就会怎么跌。、消息三：沪指缩量调整跌房地产产业链持续大涨。解读：今天周三的股维持全天的缩量震荡整理的行情走势，今天缩量成交两市全天成交亿，较昨日缩量亿，外资净买入亿，收盘上证指数跌，深证成指跌，创业板指跌。近日政策消息上房地产政策暖风不断，适时调整优化房地产政策，城中村改造，坚持股债联动，继续保持房企资本市场融资渠道稳定等利好不断，今天股市场房地产产业链持续大涨。周三的股市行情，不单止股震荡调整，港股恒生指数、恒生科技指数也是小幅震荡调整，韩国股市跌超，日经指数也是震荡下跌，刚刚欧盘开市欧洲股市也是震荡下跌为主，美股三大股指期货也是小幅震荡下跌，全球金融市场在等待月号美联储的议息会议决议。周三周四股小阴小阳是震荡蓄势，健康良性的震荡，本周依然看高。最后，看完点赞是一种美德，祝大吉大利，旗开得胜,1.0,0.0933780013340637,0.7222222222222221,0.1550168569454371,2023-01-06 19:57:36
最新消息，最新消息，所有人注意了今天是年的月号的星期三，现在是下午时间点分，我刚看到个劲爆的最新消息，立即给所有人提个醒，请大家一起来看看：、消息一：国税总局发布最新税费优惠政策多项涉房产交易或出租。解读：近日，国家税务总局发布了《支持协调发展税费优惠政策指引》，其中提及，个人销售住房减免增值税、个人购买家庭唯一住房或第二套改善性住房减征契税、居民换购住房退还个人所得税等多项政策。相关的地产专家解析，这是对此类诸多优惠政策进行了梳理、总结和再宣传，更好释放税费政策宽松的信号和导向。近年来，我国对很多方面都实现了减免税政策，对房地产是我国最大的支柱的产业，实行相应的减免税收优惠政策这是必然的。对房地产产业链也是给予相当的政策温暖支持的，对维护房地产的平稳健康发展是非常有利的。近期，有关房地产相关的政策利好不断，房地产也是老百姓最为关心的话题，房地产目前依然是我国的最大的支持产业也是不争的事实，虽然房地产的高峰发展已经过去了，但是维持平稳发展也是相当于是成熟型的行业，优质的公司也会从中占比一定的市场份额。、消息二：马光远：如果不救恒大可能会引发系统性金融风险。解读：根据，在网易新闻《光远观察》节目中，著名经济学家马光远表示，恒大不是个案，如果它处理不好，一旦引发连锁效应，引发系统性金融风险，他表示，希望有一个协调机制来救恒大。近日，中国恒大披露了最新的业绩亏损超过了万亿，这大概相当于股王贵州茅台要干年才能赚的钱，相当于我们中国亿人每人拿出元才能达到的惊人数字。恒大的问题肯定要解决的，但关键看怎么解决的，资产重组并购或将是大概率事情。近期，证券市场的房地产板块也是走出了超跌反弹行情，房地产板块同样存在预期的就是资产并购重组，一些低价的房地产股票却走出了强劲的反弹行情趋势，而一些相对优质的房地产企业却反弹比较缓慢，这就是证券市场的预期炒作，对于这些我们散户一定要注意连续亏损的房企都是短期的超跌反弹，不宜恋战，不然怎么涨就会怎么跌。、消息三：沪指缩量调整跌房地产产业链持续大涨。解读：今天周三的股维持全天的缩量震荡整理的行情走势，今天缩量成交两市全天成交亿，较昨日缩量亿，外资净买入亿，收盘上证指数跌，深证成指跌，创业板指跌。近日政策消息上房地产政策暖风不断，适时调整优化房地产政策，城中村改造，坚持股债联动，继续保持房企资本市场融资渠道稳定等利好不断，今天股市场房地产产业链持续大涨。周三的股市行情，不单止股震荡调整，港股恒生指数、恒生科技指数也是小幅震荡调整，韩国股市跌超，日经指数也是震荡下跌，刚刚欧盘开市欧洲股市也是震荡下跌为主，美股三大股指期货也是小幅震荡下跌，全球金融市场在等待月号美联储的议息会议决议。周三周四股小阴小阳是震荡蓄势，健康良性的震荡，本周依然看高。最后，看完点赞是一种美德，祝大吉大利，旗开得胜,0.952054794520548,-0.5383433207448269,0.6666666666666666,-0.7854047443358131,------
基金股票钛媒体每日收评今日股收评：沪指收跌，房地产板块掀涨停潮截止月日收盘，沪指报点，跌，成交额为亿元（上一交易日成交额为亿元）；深成指报点，跌，成交额为亿元（上一交易日成交额为亿元）；创业板指报点，跌，成交额为亿元（上一交易日成交额为亿元）。两市全天成交额亿元，较上一交易日大幅缩量亿元，近股下跌。今日，北上资金净流入亿元，其中沪股通净流入亿元，深股通净流入亿元。板块方面，减速器板块震荡走低，丰立智能、领益智造跌超，通力科技、中马传动跌超，昊志机电跌，秦川机床、奥联电子、优德精密、汉宇集团跌超；传媒板块全天低迷，南方传媒、广西广电等跌超，果麦文化、电广传媒、人民网等跌超；汽车零部件板块走低，泰祥股份领跌，维科精密跌；汽车整车板块持续走弱，赛力斯跌超，江淮汽车、众泰汽车跌超，安凯客车、东风汽车、中通客车、金龙汽车跌超；房地产服务板块涨幅居前，特发服务涨超，我爱我家涨，南都物业涨，新正大、世联行涨超；房地产开发板块掀涨停潮，南国置业、中南建设等十余股相继涨停；新型城镇化板块表现活跃，清研环境、苏州规划、山水比德涨停，清水源、蕾奥规划、尤安设计、霍普股份涨超；磷化工板块普涨，六国化工涨停，川金诺涨，金正大涨，湖北宜化晨化股份、云图控股涨超；贵金属概念全线飘红，中润资源、四川黄金涨超，西部黄金、山东黄金、银泰黄金涨超；钢铁板块午后冲高，凌钢股份、重庆钢铁双双涨停，山东钢铁涨，酒钢宏兴涨超，安阳钢铁涨。消息面：、乘联会预测月狭义乘用车零售销量万辆，环比下降，同比下降，其中新能源零售万辆左右，环比下降，同比增长，渗透率约。、中共中央政治局月日召开会议，会议指出，要切实防范化解重点领域风险，适应我国房地产市场供求关系发生重大变化的新形势，适时调整优化房地产政策，因城施策用好政策工具箱，更好满足居民刚性和改善性住房需求，促进房地产市场平稳健康发展。、近期粗钢限产政策再起，市场有传闻称，“河北、江苏、天津，山东等地钢厂压粗钢平控落地”。国投安信期货指出，如果进行粗钢平控，下半年粗钢产量基本同比持平，粗钢平控的主要压力会在于河北和山东省，压力时间段会主要集中于四季度；对应的三、四季度铁水产量将环比下滑和，炼钢利润会有所扩张。、中核钛白公告，月日起，全面上调公司各型号钛白粉销售价格；其中国内客户销售价格上调元人民币吨，国际客户销售价格上调美元吨。,0.0068493150684931,-0.0436555759327463,0.6944444444444444,-0.0004772960937277,2023-01-07 13:11:09
认房不认贷最近讨论比较热烈，提供一个跳出跳出房地产的视角，此次主推的降首付和放松认房认贷，实际上还是希望居民部门能够继续负担起加杠杠的任务。你说为什么不不加政府和企业部门？其实在加，年到现在一直在尝试，无论是去年的政府专项债还是支持小微企业贷款一直在做，但效果的确很一般，地方政府今年开始暴雷，前段时间昆明和贵州还有印象吧：企业跟不用说，大家随便找个移民中介问问就能感受出来。回到居民部门看来，问题来了，老百姓还加的动吗？虽然号称我国居民部门杠杆率还处于世界中等水平，但考虑到前面的丹麦、挪威甚至棒子国，在育儿、教育、医疗方面提供的社会保障都远超我们，中国普通老百姓的实际杠杠率应该更接近“掏空六个钱包”，那这波效果如何？在具体政策落地三个月后大家再观察。最后回到房地产的视角，你说这次放松是后续一系列放松的第一步，我觉得大概率不会，不要看说辞是什么，核心是希望居民部门加杠杆，后面大家讨论的放松限购限售，其实跟加杠杠已经没有直接关系了，现在走的是经济一整盘棋，而不是单独一个行业去调整。,0.0036363636363636,-0.8729374208278586,0.6666666666666666,-0.0102291369535006,------
天内提支持“住房需求”月日至月日，近期官方密集表态支持刚性和改善性住房需求。月日，中政局召开会议，分析研究当前经济形势，部署下半年经济工作。会议指出，要适应我国房地产市场供求关系发生重大变化的新形势，促进房地产市场平稳健康发展。适时调整优化房地产政策。因城施策用好政策工具箱。更好满足居民刚性和改善性住房需求。月日，住房和城乡建设部召开企业座谈会，会上住建部部长倪虹表示，要继续巩固房地产市场企稳回升态势：大力支持刚性和改善性住房需求。进一步落实好降低购买首套住房首付比例和贷款利率、改善性住房换购税费减免、个人住房贷款“认房不用认贷”等政策措施。继续做好保交楼工作，加快项目建设交付，切实保障人民群众的合法权益。月日，发改委发布恢复和扩大消费二十条措施，在房地产方面，重点提出了“支持刚性和改善性住房需求”。月日，国常会：要调整优化房地产政策，根据不同需求、不同城市等推出有利于房地产市场平稳健康发展的政策举措，加快研究构建房地产业新发展模式。这和之前中政局所提出的政策支持方向一脉相承。,0.0181818181818181,0.253424657534246,0.6756756756756757,0.0150488841328213,2023-01-06 21:43:55
你们怎么定义这次房地产政策变化？松绑而已绑得太紧了，有点痛，松一松，绳子还在身上呢认房不认贷，还有个认房在呢也就是说限购和限贷还在。支持的是刚需和改善，首次购房和卖旧换新，可不是鼓励你多买房。这一轮宏观调控持续了近年。从年月一线城市开始限购限贷限售，毫无作用，限制政策扩展到所有一线和二线城市，也没能刹住车，开发商销售规模和杠杆反而继续飙升。直到三根红线，掐住开发商的融资命脉，才算把火灭了。本轮调控政策还没有结束，（口径是优化而不是取消），但应该接近尾声了。这大概是人类有史以来持续时间最长的调控政策了。什么时候这些限制政策都取消了，这轮调控才算结束。不过，个人猜测，限购政策取消之日，就是房产税开征之时。（都是认房嘛）,0.0945454545454545,0.3987124111127103,0.5761248400778509,0.1049776494609724,2023-01-06 19:12:39
东莞楼市东莞房贷多年的调空，搞出了这么多复杂的东西认房又认贷，认房不认贷，认贷不认房，认房又认贷款记录，认货款记录不认房。,0.0436363636363636,0.3640651726544551,0.8824654037486672,0.067764963817645,------
这个红色的图片，此时在网络上热议，好几个公众号推送过来了，不会解读，对市场到底是起什么作用？今天中午大家一起聊天，这两天在说认房不认贷，后应该是主力军，这个年龄段现在是各个领域的消费主力，对于还会不会买房，一致认为如果不用考虑孩子选学校，根本不会考虑买房换房，每个月要还贷的感觉非常不好。那么也就是说，孩子的教育是她们的重中之重，只有有利于孩子读书的，才会让她们甘愿贷款透支未来来消费。出台这个出台那个，究竟有没有用，只有交给时间了。,0.0072727272727272,0.6984973470658988,0.6666666666666666,0.0163700738548197,2023-01-07 04:49:58
刚需房价格稳定性较差反而豪宅、核心地段房价坚挺住房和城乡建设部部长倪虹在近日召开的企业座谈会上说，要继续巩固房地产市场企稳回升态势，大力支持刚性和改善性住房需求，进一步落实好降低购买首套住房首付比例和贷款利率、改善性住房换购税费减免、个人住房贷款“认房不用认贷”等政策措施。展开,0.0145454545454545,0.0,0.6756756756756757,0.0,2023-01-07 07:41:27
住建部明确落实“认房不认贷”意味着什么？专家解读新浪新闻,0.0072727272727272,-0.206349206349206,0.6666666666666666,-0.0048360265962488,2023-01-06 19:46:18
微资讯广州：将尽快推出促进楼市发展相关政策措施近日，住建部召开企业座谈会，提出将大力支持刚性和改善性住房需求，进一步落实好降低购买首套住房首付比例和贷款利率、改善性住房换购税费减免、个人住房贷款认房不认贷等政策措施。广州交通电台的微博视频,0.0072727272727272,0.99910562143294,0.6756756756756757,0.0237315893089256,2023-01-06 19:10:09
“认房不认贷”威力在哪？已有业主和购房者转变态度，一线城市或有条件落地因吸取香港的教训。房地产房地产政策认房不认贷“认房不认贷”威力在哪？已有业主和购房者转变态度，一线城市或有条件落地,0.0072727272727272,0.9999257211137303,0.6847314011982579,0.0240693920793234,2023-01-06 18:53:30
碧桂园撑不住了，碧都说这么明白。碧桂园也是不给监管面子吗？明明政策利好就在眼前，君子不在危墙之下。中国民营房地产都站在悬崖边缘、狼来了的故事、健康发展房地产市场、支持民营施工企业，哈哈、狼来了嘴炮、解决不了房企资金问题啊我觉得那个首套房比例，还有认房不认贷的政策引导销售、就看购房者的需求了、认房不认贷真的落实了，对销售端还是明显利好啊。实际情况是银行和政府政策是割裂的，地方政府并不能完全约束银行，银行对房企的各种支持都是很谨慎的。碧桂园可能真的知道生命危险了、撑不了多久了，现在已经是负经营性现金流了，新增的融资金额又比到期的少，即便房市真回稳要受益到他的三四线能传导到多少及需要多少时间也是未知，年、三年、五年？房地产政策再读看书学习分享超话家庭节能新能源静音门窗超话再读看书学习分享超话青春故事看中国爆雷房企退市第一例,0.2363636363636363,0.0036275416971633,0.541167881457734,0.0022428742459864,2023-01-06 22:56:01
认房不认贷，你们说卖掉二三线城市的房子的人，准备在大城市买的人，这类群体有多少人？,0.0072727272727272,-0.1385407938381386,0.6666666666666666,-0.0032468599008461,2023-01-14 10:25:12
落实认房不认贷，透露着什么信号？财经红股摆渡人的微博视频,0.0036363636363636,0.9990981313896484,0.6666666666666666,0.01170749629026,2023-01-10 10:27:27
“认房不认贷”之下，房地产市场能否“回春”？,0.0145454545454545,0.909090909090909,0.6756756756756757,0.0431869696981212,2023-01-07 12:18:31
预计将取消此前房地产市场过热时期的限制性措施，比如限购、限贷、限价，“认房不认贷”是此次重大利好，这意味着无论购房者是否有贷款记录，只要购房者证明自己名下没有房产，就可以按照第一套房贷款标准按揭买房。目前，限购较严格且执行认房又认贷政策的城市主要包括北京、上海、广州、深圳、成都等十余个核心城市。而包括杭州、南京、苏州、郑州、无锡、天津、佛山、珠海等超城已经对“认房又认贷”政策进行过优化调整。当前北京二套商业贷款最低首付普宅，非普通住房为，房贷利率。如果改为“认房不用认贷”，换房家庭首付比例可以调整为、房贷利率可以降至。上海当前同样也执行认房又认贷政策，二套首付比例高达、房贷利率。若“认房不认贷”，则首付比例可以调整为、房贷利率可以降至。对于购房者来说，如果一二线城市取消认房认贷，将是一个重磅利好，不仅可以大幅降低购房首付降低改善门槛，还可以降低购房成本、减轻还款压力。,1.0,0.2068807895426035,1.0,1.0,2023-01-07 00:17:26
荔湾播报楼市大消息住建部最新明确住房和城乡建设部近日召开企业座谈会，会上强调，要继续巩固房地产市场企稳回升态势，大力支持刚性和改善性住房需求，进一步落实好降低购买首套住房首付比例和贷款利率、改善性住房换购税费减免、个人住房贷款“认房不用认贷”等政策措施；继续做好保交楼工作，加快项目建设交付，切实保障人民群众的合法权益。,0.0109090909090909,0.2877814258285525,0.6756756756756757,0.0102534363664753,2023-01-06 20:51:42
螺纹钢螺纹：认房不认贷，大家认为是利好房产吗？目前的政策对一些有购买能力的是好事，但是目前大家差的是信心啊，不差负债啊，对于刚需来说，无所谓，本来就一套，而且房产火热的时候市场最多的是炒房客，是买升值的预期，是买经济的预期，就目前的态势来说，可能这个需要很久的情绪回暖，基调还是只住不炒，目前笔者认为就是在炒现饭，不管你加了多少调味剂，饭的本质没改变也好吃不到哪里去。,0.0072727272727272,0.9999450297168536,0.6666666666666666,0.0234348405988727,2023-01-06 18:26:41
北京推出认房不认贷的政策，这个政策完全正确。当时，认房又认贷，是基于炒房而制定的，现在购房的都是改善性需求了，银行理应支持。,0.0145454545454545,0.5330698874208437,0.6756756756756757,0.0253238403825273,2023-01-07 20:05:44
说是北京己启动认房不认贷了，也许能刺激很多人改善住房，买些新房，或者换大一点的房子，那这样二手房或许更多卖不出去了,0.0072727272727272,-0.3786407766990292,0.6666666666666666,-0.0088738740455439,2023-01-08 14:27:02
认房又认贷的杀伤力究竟在哪里？看看图表就知道了。有些城市因此将二套房的首付比例达，普通住宅最低，房贷利率最低。而目前有北京、上海、广州、深圳、长沙、合肥、成都、海口、厦门、福州、三亚、重庆等十几个核心一二线城市还在执行“认房又认贷”政策。如果实施“认房不认贷”，那么商业银行在确定贷款比例时，只按照家庭名下在当地是否有房来认定，不管购房家庭是否有住房贷款记录。,0.0363636363636363,-0.0917908901342384,0.6298531977794473,-0.0101621607665318,2023-01-07 08:18:17
卡努楼市重大转折，史诗级重磅利好消息来了认房不认贷才刚刚开始，现在一线城市也迎来了重磅，利好消息，北京住建委，深圳住房和建设局，广州都发出了同样的信息。北京：“抓好贯彻落实，更好满足刚性和改善性住房需求”深圳：“更好满足居民刚性和改善性住房需求，扎实推进保交楼工作”广州：“将尽快推出有关政策措施，满足刚性和改善性住房需求”目前来看四大一线城市当中就差上海了，估计啊很快也会出炉了，我们可以看到都在呼吁要满足刚性和改善性的住房需求。换句话说啊，只要你是合理的买房需求，我们都应该大力的支持，也就是说房价不会暴跌，你们到底还在等什么？,0.0072727272727272,0.9972751632103108,0.6666666666666666,0.0233722692633075,2023-01-07 06:39:19
来自于楼市的消息，住建部表态之后，北京，深圳，广州三个一线城市纷纷跟进，而且说法都一样，结合本地市场的实际情况，会同相关部门抓紧落实，大力支持和更好的满足居民的刚性和改善性住房需求。促进当地房地产市场的平稳健康发展。但是，到底是降低首付比例，还是打破认房又认贷的限制，又或者是限购政策调整，还有大家关心的存量房贷到底怎么弄，这些都没提。看到这几个一线城市的表态，心里比较想笑，这些人真挺鬼的，都想先出个模糊的表态，然后看看别人的动作。看谁能先走一步，好了自己再跟进，不好，马上站在道德的制高点批判。但大家都鬼一块去了，最后谁也没有实际措施。其实这次楼市政策调整，一线城市是关键中的关键，到底政策怎么动，不但大家心里没底，连政策制定者心里也没底。他们也怕出乱子。这种放松的消息刚出，据说有些地方的房东已经开始要涨价了，这其实是政策最怕看到的结果。比如北京一放松，房价再涨一波，就守着领导的眼皮底下，这还真不好交代。所以现在也是十分纠结。反正老齐依旧是原来的观点，一线城市放开的意义不大，先把二三四线松了就行。一线即便要松，也必须有条件的松。决不能原地掉头。否则危害无穷。这次受损的主要是中产的资产负债表，富人并未受到太大的损失，如果让富人去加杠杆，他们是有这个能力的。也就是说，高端的住宅甚至豪宅是有被继续炒高可能的。所以这块不得不防，富人可以不限购，但是不能再让他们贷款，如果要让贷款，就必须加上限购。决不能两个都松。楼市财经股市一线城市,0.12,-0.1106554232432553,0.5404413770864421,-0.0346882488907087,2023-01-07 06:35:26
发布了头条文章：《月日天津、北京、深圳、郑州四城房产资讯》央行超话贷款个人住房贷款认房不认贷人才公寓,0.0036363636363636,0.9970121624887168,0.6666666666666666,0.0116830527722491,2023-01-06 19:00:06
政策解读住建部明确落实“认房不认贷”专家最新解读来了月日，据新华社报道，住房和城乡建设部部长倪虹在近日召开的企业座谈会上，就建筑业高质量发展和房地产市场平稳健康发展与企业进行深入交流，强调要进一步落实好个人住房贷款“认房不用认贷”等政策。对于不少希望买房、但此前曾有过贷款记录的消费者而言，这无疑是好消息。“各部门已经集中出台了一系列促进房地产市场稳定发展的政策，这次会议也是继续给房地产市场信心，并在政策上继续提供利好。”月日，北京大学经济学院教授、北京大学国民经济研究中心主任苏剑接受红星新闻采访时这样说。（昆明信息港）,0.0036363636363636,0.9999595130493192,0.6666666666666666,0.0117175900160595,2023-01-06 20:00:33
当下管理层出台两个核心政策，认房不认贷，降低首付。这将对全国的房地产，乃至经济，股市都有深远的影响。降低首付好理解，从三成降到二成，甚至降到成。这个认房不贷是什么意思？就是你只要证明你名下没有房产，不管以前有没有过房贷，就算第一套。这最主要的还是针对一线大城市，放宽了整个购买资格，让被资格挡在地产外面的人群，进场入市，让楼市产生更大的成交量。有三重解读：一，房地产利率会不断下降，不管是存量房，还是一手房，必然会降，这是趋势。未来有可能降到，，房贷捆绑了消费，利率降低，能解决很多问题。当然，贷款利率降低，存款利率一定会降低。如果存银行没有利息，钱流往何处，必然要进入股市，股市将成为一个巨大的蓄水池。二，降低首付比例，如果不降利息，其实你将还更多利息，后半生可能都将为银行打工，所以只降首付，未必能起到逆转市场的作用。三，现在是稳定地产不跌，并不是重新鼓励炒房，是为了用房地产经济减缓眼下的经济问题。即使重启地产，也只是权宜之计，不可能长期依赖地产，最终一定要走科技兴国路线。全力发展制造业，打通并繁荣一带一路，找到中国新的增长点。,0.069090909090909,-0.75755219290505,0.8489202853179157,-0.2147732619465489,------
房地产“认房不认贷”有望全国落地，你认为这个政策对于促进买房意义大不大？,0.3454545454545454,0.495643821943067,0.6666666666666666,0.5517586934815765,2023-01-07 07:30:54
房地产财联社年月日适应我国房地产市场供求关系发生重大变化的新形势，适时调整优化房地产政策，因城施策用好政策工具箱，更好满足居民刚性和改善性住房需求，促进房地产市场平稳健康发展。要加大保障性住房建设和供给，积极推动城中村改造和平急两用公共基础设施建设，盘活改造各类闲置房产。年月日坚持房子是用来住的、不是用来炒的定位，因城施策，支持刚性和改善性住房需求，做好保交楼、保民生、保稳定工作，促进房地产市场平稳健康发展，推动建立房地产业发展新模式。在超大特大城市积极稳步推进城中村改造和平急两用公共基础设施建设。规划建设保障性住房。在超大特大城市积极稳步推进城中村改造生活服务家庭节能新能源静音门窗超话房地产超话房地产青岛超话育儿家庭生活健康生活,0.000653167864141,-0.7249454141468403,0.6539912816458806,-0.0013998040358242,2023-01-06 18:22:42
经济财经头条文章政策市场喊口号不能替代具体举措牛市是真金白银堆出来的不是喊口号喊出来的政治局月日召开会议，分析研究当前经济形势，部署下半年经济工作。会议认为，今年来，国民经济持续恢复、总体回升向好，高质量发展扎实推进，产业升级厚积薄发，粮食能源安全得到有效保障，社会大局保持稳定，为实现全年经济社会发展目标打下了良好基础。会议指出，当前经济运行面临新的困难挑战，主要是国内需求不足，一些企业经营困难，重点领域风险隐患较多，外部环境复杂严峻。疫情防控平稳转段后，经济恢复是一个波浪式发展、曲折式前进的过程。我国经济具有巨大的发展韧性和潜力，长期向好的基本面没有改变。会议强调，做好下半年经济工作，要坚持稳中求进工作总基调，完整、准确、全面贯彻新发展理念，加快构建新发展格局，全面深化改革开放，加大宏观政策调控力度，着力扩大内需、提振信心、防范风险，不断推动经济运行持续好转、内生动力持续增强、社会预期持续改善、风险隐患持续化解，推动经济实现质的有效提升和量的合理增长。会议指出，要用好政策空间、找准发力方向，扎实推动经济高质量发展。延续、优化、完善并落实好减税降费政策，大力支持科技创新、实体经济和中小微企业发展。要活跃资本市场，提振投资者信心。会议强调，发挥消费拉动经济增长的基础性作用，通过增加居民收入扩大消费。要提振汽车、电子产品、家居等大宗消费，推动体育休闲、文化旅游等服务消费。会议指出，要大力推动现代化产业体系建设，加快培育壮大战略性新兴产业、打造更多支柱产业。要推动数字经济与先进制造业、现代服务业深度融合，促进人工智能安全发展。会议强调，坚决整治乱收费、乱罚款、乱摊派，解决政府拖欠企业账款问题。精心办好第三届“一带一路”国际合作高峰论坛。会议指出，要切实防范化解重点领域风险，适应我国房地产市场供求关系发生重大变化的新形势，适时调整优化房地产政策，因城施策用好政策工具箱，更好满足居民刚性和改善性住房需求，促进房地产市场平稳健康发展。会议强调，要加大民生保障力度，把稳就业提高到战略高度通盘考虑，兜牢兜实基层“三保”底线，扩大中等收入群体。要加强耕地保护和质量提升，巩固拓展脱贫攻坚成果，全面推进乡村振兴。要坚决防范重特大安全事故发生，保障迎峰度夏能源电力供应。,0.0039190071848465,0.997639780062332,0.6544201750865005,0.0115656930911609,2023-01-08 09:57:44
看了今天的大会，生和我这两个月对经济的判断和对未来经济趋势的预判基本都能对应上吧？搞战略投资，趋势投资就要看大方向。我不怕岁月史书，月以来的微博都在，生产队队员应该都知道。我上周说因为上半年的经济数据，年中一定会出政策，会托一托地产，没错吧？今天最重要的几项，我捞干的说：第一，不再提“芳住吵”对吧，要降低房地产风险，结合上周五的“城中村改造”一起看，就很明白了吧。原话：适时调整优化房地产政策，因城施策用好政策工具箱，更好满足居民刚性和改善性住房需求，促进房地产市场平稳健康发展。不需要更清楚的说了吧？我预估对存量房贷款利率会有调整，下半年至少还有一次甚至两次降息。第二，刺激经济和地产的钱从哪里来，民间是大头，保护民间资本投资，这点上周也说过了，马花疼还特意表态了，也就是民间资本有地方投资，不要怕。原话：要建立健全与企业的常态化沟通交流机制，鼓励企业敢闯、敢投、敢担风险，积极创造市场。要支持有条件的自贸试验区和自由贸易港对接国际高标准经贸规则，推动改革开放先行先试，这个应该是。第三，要积极扩大国内需求，发挥消费拉动经济增长的基础性作用，提振汽车、电子产品、家居等大宗消费，这点没问题，下半年汽车刺激政策会陆续加码和落地，家居的大宗消费和房地产连在一起。不过最后我还是要说，降低地产在里的份额，长期要降低地产的杠杆，这点没变，只是要权衡这个过程对经济和就的影响，不能降的太快，太快经济撑不住，还有央财税博弈的问题，显然现在是需要缓和对冲的，不是激烈交锋的时候，时机不对，地方太大的问题需要第三次全面配套改革（地产金数字）。我这两个月做的判断是基于理性的经济和工业分析，基于我这快年在工业领域的工作经验和对国内外经济的观察，不是用念经和取悦粉丝去分析经济。,1.0,-0.286684568878,0.7716680453239885,-1.0,2023-01-06 19:01:22
下半年经济工作会议（月日）一、困难挑战：主要是国内需求不足，一些企业经营困难，重点领域风险隐患较多，外部环境复杂严峻。疫情防控平稳转段后，经济恢复是一个波浪式发展、曲折式前进的过程。二、下半年经济工作总体要求：坚持稳中求进总基调；着力扩大内需、提振信心、防范风险，推动经济运行持续好转、内生动力持续增强、社会预期持续改善、风险隐患持续化解，推动经济实现质的有效提升和量的合理增长。三、具体措施：、用好政策空间、找准发力方向，扎实推动经济高质量发展；、精准有力实施宏观调控，加强逆周期调节和政策储备；、实施积极的财政政策和稳健的货币政策，延续、优化、完善并落实好减税降费政策，发挥总量和结构性货币政策工具作用，大力支持科技创新、实体经济和中小微企业发展；、保持人民币汇率在合理均衡水平上的基本稳定；、活跃资本市场，提振投资者信心；、扩大国内需求，发挥消费拉动经济增长，增加居民收入扩大消费，通过终端需求带动有效供给，把扩大内需战略同深化供给侧结构性改革结合；、提振汽车、电子产品、家居等大宗消费，推动体育休闲、文化旅游等服务消费；、发挥政府投资带动作用，加快地方政府专项债券发行和使用；、制定出台促进民间投资的政策措施；、多措并举，稳住外贸外资基本盘；、增加国际航班，保障中欧班列稳定畅通。、大力推动现代化产业体系建设，加快培育壮大战略性新兴产业、打造更多支柱产业；、推动数字经济与先进制造业、现代服务业深度融合，促进人工智能安全发展；、推动平台企业规范健康持续发展；、持续深化改革开放，坚持“两个毫不动摇”，提高国有企业核心竞争力，优化民营企业发展环境；、坚决整治乱收费、乱罚款、乱摊派，解决政府拖欠企业账款问题；、建立健全与企业常态化沟通交流机制，鼓励企业敢闯、敢投、敢担风险，积极创造市场；、支持有条件自贸区和自贸港对接国际高标准经贸规则，推动改革开放先行先试；办好第三届“一带一路”国际合作高峰论坛；、防范化解重点领域风险，适时调整优化房地产政策，因城施策用好政策工具箱，更好满足居民刚性和改善性住房需求，促进房地产市场平稳健康发展；、保障性住房建设和供给，积极推动城中村改造和“平急两用”公共基础设施建设，盘活改造各类闲置房产；、有效防范化解地方债务风险，制定实施一揽子化债方案；、加强金融监管，稳步推动高风险中小金融机构改革化险；、加大民生保障力度，把稳就业提高到战略高度通盘考虑，兜牢兜实基层“三保”底线，扩大中等收入群体；、加强耕地保护和质量提升，巩固拓展脱贫攻坚成果，全面推进乡村振兴；、坚决防范重特大安全事故发生，保障迎峰度夏能源电力供应。四、机制保障：牢固树立正确政绩观，激发干事创业的积极性，勇于担当作为，善于攻坚克难，推动高质量发展取得新成效。,0.0052253429131286,0.4516075828186904,1.0,0.010666972808069,------
习近平主持召开中共中央政治局会议，分析研究当前经济形势和经济工作中共中央政治局月日召开会议，分析研究当前经济形势，部署下半年经济工作。中共中央总书记习近平主持会议。会议认为，今年以来，在以习近平同志为核心的党中央坚强领导下，各地区各部门更好统筹国内国际两个大局，更好统筹疫情防控和经济社会发展，更好统筹发展和安全，国民经济持续恢复、总体回升向好，高质量发展扎实推进，产业升级厚积薄发，粮食能源安全得到有效保障，社会大局保持稳定，为实现全年经济社会发展目标打下了良好基础。会议指出，当前经济运行面临新的困难挑战，主要是国内需求不足，一些企业经营困难，重点领域风险隐患较多，外部环境复杂严峻。疫情防控平稳转段后，经济恢复是一个波浪式发展、曲折式前进的过程。我国经济具有巨大的发展韧性和潜力，长期向好的基本面没有改变。会议强调，做好下半年经济工作，要坚持稳中求进工作总基调，完整、准确、全面贯彻新发展理念，加快构建新发展格局，全面深化改革开放，加大宏观政策调控力度，着力扩大内需、提振信心、防范风险，不断推动经济运行持续好转、内生动力持续增强、社会预期持续改善、风险隐患持续化解，推动经济实现质的有效提升和量的合理增长。会议指出，要用好政策空间、找准发力方向，扎实推动经济高质量发展。要精准有力实施宏观调控，加强逆周期调节和政策储备。要继续实施积极的财政政策和稳健的货币政策，延续、优化、完善并落实好减税降费政策，发挥总量和结构性货币政策工具作用，大力支持科技创新、实体经济和中小微企业发展。要保持人民币汇率在合理均衡水平上的基本稳定。要活跃资本市场，提振投资者信心。会议强调，要积极扩大国内需求，发挥消费拉动经济增长的基础性作用，通过增加居民收入扩大消费，通过终端需求带动有效供给，把实施扩大内需战略同深化供给侧结构性改革有机结合起来。要提振汽车、电子产品、家居等大宗消费，推动体育休闲、文化旅游等服务消费。要更好发挥政府投资带动作用，加快地方政府专项债券发行和使用。要制定出台促进民间投资的政策措施。要多措并举，稳住外贸外资基本盘。要增加国际航班，保障中欧班列稳定畅通。会议指出，要大力推动现代化产业体系建设，加快培育壮大战略性新兴产业、打造更多支柱产业。要推动数字经济与先进制造业、现代服务业深度融合，促进人工智能安全发展。要推动平台企业规范健康持续发展。会议强调，要持续深化改革开放，坚持“两个毫不动摇”，切实提高国有企业核心竞争力，切实优化民营企业发展环境。要坚决整治乱收费、乱罚款、乱摊派，解决政府拖欠企业账款问题。要建立健全与企业的常态化沟通交流机制，鼓励企业敢闯、敢投、敢担风险，积极创造市场。要支持有条件的自贸试验区和自由贸易港对接国际高标准经贸规则，推动改革开放先行先试。要精心办好第三届“一带一路”国际合作高峰论坛。会议指出，要切实防范化解重点领域风险，适应我国房地产市场供求关系发生重大变化的新形势，适时调整优化房地产政策，因城施策用好政策工具箱，更好满足居民刚性和改善性住房需求，促进房地产市场平稳健康发展。要加大保障性住房建设和供给，积极推动城中村改造和“平急两用”公共基础设施建设，盘活改造各类闲置房产。要有效防范化解地方债务风险，制定实施一揽子化债方案。要加强金融监管，稳步推动高风险中小金融机构改革化险。会议强调，要加大民生保障力度，把稳就业提高到战略高度通盘考虑，兜牢兜实基层“三保”底线，扩大中等收入群体。要加强耕地保护和质量提升，巩固拓展脱贫攻坚成果，全面推进乡村振兴。要坚决防范重特大安全事故发生，保障迎峰度夏能源电力供应。会议指出，要以学习贯彻习近平新时代中国特色社会主义思想主题教育为契机，教育引导广大党员干部牢固树立正确政绩观，更好激发干事创业的积极性，让勇于担当作为、善于攻坚克难的优秀干部脱颖而出、多作贡献，以新气象新作为推动高质量发展取得新成效。会议还研究了其他事项。新华社习近平主持召开中共中央政治局会议，分析研究当前经济形势和经济工作,0.0209013716525146,0.9969839709519406,0.7138637229233203,0.0672424366438672,2023-01-06 18:24:49
中共中央政治局召开会议分析研究当前经济形势和经济工作中共中央总书记习近平主持会议新华社北京月日电中共中央政治局月日召开会议，分析研究当前经济形势，部署下半年经济工作。中共中央总书记习近平主持会议。会议认为，今年以来，在以习近平同志为核心的党中央坚强领导下，各地区各部门更好统筹国内国际两个大局，更好统筹疫情防控和经济社会发展，更好统筹发展和安全，国民经济持续恢复、总体回升向好，高质量发展扎实推进，产业升级厚积薄发，粮食能源安全得到有效保障，社会大局保持稳定，为实现全年经济社会发展目标打下了良好基础。会议指出，当前经济运行面临新的困难挑战，主要是国内需求不足，一些企业经营困难，重点领域风险隐患较多，外部环境复杂严峻。疫情防控平稳转段后，经济恢复是一个波浪式发展、曲折式前进的过程。我国经济具有巨大的发展韧性和潜力，长期向好的基本面没有改变。会议强调，做好下半年经济工作，要坚持稳中求进工作总基调，完整、准确、全面贯彻新发展理念，加快构建新发展格局，全面深化改革开放，加大宏观政策调控力度，着力扩大内需、提振信心、防范风险，不断推动经济运行持续好转、内生动力持续增强、社会预期持续改善、风险隐患持续化解，推动经济实现质的有效提升和量的合理增长。会议指出，要用好政策空间、找准发力方向，扎实推动经济高质量发展。要精准有力实施宏观调控，加强逆周期调节和政策储备。要继续实施积极的财政政策和稳健的货币政策，延续、优化、完善并落实好减税降费政策，发挥总量和结构性货币政策工具作用，大力支持科技创新、实体经济和中小微企业发展。要保持人民币汇率在合理均衡水平上的基本稳定。要活跃资本市场，提振投资者信心。会议强调，要积极扩大国内需求，发挥消费拉动经济增长的基础性作用，通过增加居民收入扩大消费，通过终端需求带动有效供给，把实施扩大内需战略同深化供给侧结构性改革有机结合起来。要提振汽车、电子产品、家居等大宗消费，推动体育休闲、文化旅游等服务消费。要更好发挥政府投资带动作用，加快地方政府专项债券发行和使用。要制定出台促进民间投资的政策措施。要多措并举，稳住外贸外资基本盘。要增加国际航班，保障中欧班列稳定畅通。会议指出，要大力推动现代化产业体系建设，加快培育壮大战略性新兴产业、打造更多支柱产业。要推动数字经济与先进制造业、现代服务业深度融合，促进人工智能安全发展。要推动平台企业规范健康持续发展。会议强调，要持续深化改革开放，坚持“两个毫不动摇”，切实提高国有企业核心竞争力，切实优化民营企业发展环境。要坚决整治乱收费、乱罚款、乱摊派，解决政府拖欠企业账款问题。要建立健全与企业的常态化沟通交流机制，鼓励企业敢闯、敢投、敢担风险，积极创造市场。要支持有条件的自贸试验区和自由贸易港对接国际高标准经贸规则，推动改革开放先行先试。要精心办好第三届“一带一路”国际合作高峰论坛。会议指出，要切实防范化解重点领域风险，适应我国房地产市场供求关系发生重大变化的新形势，适时调整优化房地产政策，因城施策用好政策工具箱，更好满足居民刚性和改善性住房需求，促进房地产市场平稳健康发展。要加大保障性住房建设和供给，积极推动城中村改造和“平急两用”公共基础设施建设，盘活改造各类闲置房产。要有效防范化解地方债务风险，制定实施一揽子化债方案。要加强金融监管，稳步推动高风险中小金融机构改革化险。会议强调，要加大民生保障力度，把稳就业提高到战略高度通盘考虑，兜牢兜实基层“三保”底线，扩大中等收入群体。要加强耕地保护和质量提升，巩固拓展脱贫攻坚成果，全面推进乡村振兴。要坚决防范重特大安全事故发生，保障迎峰度夏能源电力供应。会议指出，要以学习贯彻习近平新时代中国特色社会主义思想主题教育为契机，教育引导广大党员干部牢固树立正确政绩观，更好激发干事创业的积极性，让勇于担当作为、善于攻坚克难的优秀干部脱颖而出、多作贡献，以新气象新作为推动高质量发展取得新成效。会议还研究了其他事项。,0.0137165251469627,0.6274505647338711,0.5562666122891495,0.0216407236286815,------
经济日报：促进房地产市场企稳回升今年上半年，房地产主要指标相较去年全年均有所改善，市场逐步呈现企稳态势，但总体上还处于调整阶段。应进一步采取积极措施，释放金融支持等政策效能，提振购房者、房企信心，促进房地产市场持续企稳回升。今年以来，各地区各部门坚持“房住不炒”、因城施策，展开,0.0045721750489875,0.4352185306420718,0.8054605207076502,0.0072450210645071,2023-01-06 17:41:24
板块分析：房地产政托底，反转在即住建部表示“保交楼”工作开展以来，各地加快项目复工和建设交付。保交楼专项借款项目总体复工率约为，计已完成住房交付超过万套，首批专项借款项目住房交付率超。农业农村部支持试点地区重点推动完善宅基地退出补偿机制，建立更加料学的宅基地和农展开,0.6180904522613065,0.9998556463433704,0.611062255652341,1.0,------
经济政策宅基地制度改革。原文：网页链接您好，我是农业农村部的代表。关于宅基地制度改革您有什么问题吗？您好。你们提到了宅基地自愿有偿退出机制的试点。我想了解一下这个试点的具体情况和取得的成果。您提到的宅基地自愿有偿退出机制试点是我们在探索宅基地制度改革中的重要内容之一。从年月开始，全国个县（市、区）和个地级市启动了这一试点。在试点中，我们结合农民的实际需求，探索了多种方式，包括永久退出、暂时退出、产权置换和货币补偿等，以保障农民在退出宅基地时的居住权益。那么对于选择货币补偿的农民，你们是如何确定退出补偿标准的呢？对于选择货币补偿的农民，我们探索了一些科学方法来制订退出补偿标准。这包括村集体与农民自主协商、第三方评估以及参照土地征收区片价格等方式。我们会合理评估宅基地和农房的价值，以确保退出补偿标准的科学性和公平性。非常感谢你的回答。另外，我想了解一下你们接下来在宅基地制度改革方面的计划是什么？接下来，农业农村部将继续与相关部门稳慎推进农村宅基地制度改革试点。我们将进一步加强统筹协调，加大监督管理力度，并提供更多指导支持。我们将重点推动完善宅基地退出补偿机制，建立更科学的宅基地和农房价格评估体系。同时，我们还将总结试点地区的实践成果，形成一批可复制推广的经验。我还有一个问题，关于保障农民宅基地退出参与权。你们提到了中央农办、农业农村部出台的《通知》，但我想知道在实际执行中，这些保障措施是否真正得到了落实？在试点中，各地坚持依法自愿有偿的原则，并充分尊重农民的意愿。我们通过公开征求意见、建立协商机制以及进行退出公示等方式，保障农民的知情权和参与权。我们也严格要求各地不得以各种名义违背农民意愿强制流转宅基地和强迫农民上楼，不得违法收回农户合法取得的宅基地，也不得以退出宅基地作为农民进城落户的条件。谢谢你的回答。我希望这些保障措施能够确保农民的权益得到有效保护，并希望你们能够继续推动宅基地制度改革的进程。,0.0854271356783919,0.594873828753237,1.0,0.1345692742848507,2023-01-06 15:32:01
房地产粤港澳大湾区资讯粤港澳大湾区每日地产资讯（）央行：月住户部门中长期贷款减少亿元证监会召集部分房企及金融机构开会：摸底房企债务及销售情况农业农村部：支持试点地区重点推动完善宅基地退出补偿机制长沙住建局：刚需和改需房按比例供应不再要求配建租赁住房厦门首批凭房票购买国企资产实现交房浙江舟山嵊泗县拟发放育儿津贴最高可补助元月重庆公积金租房提取额度每人每月再提高元加大对多子女家庭租房支持力度河南辉县：鼓励房企适当让利，可提公积金帮直系亲属买房成都：公积金提取可按月直付房租深圳大鹏新区、龙岗区城市更新动态深圳、惠州、肇庆和中山新增个项目取证深圳近期部分项目销售动态,0.0050251256281407,0.9998556463433704,0.611062255652341,0.008130081300813,------
农业部回应宅基地退出月日，农业农村部网站公布对十四届全国人大一次会议第号建议的答复摘要，从建构公平合理的宅基地退出补偿机制、保障农民宅基地退出参与权、完善退出宅基地农户的社会保障机制等方面，回应保障乡村振兴战略下宅基地退出中农民土地权益有关建议。土地管理法规定，国家允许进城落户的农村村民依法自愿有偿退出宅基地。为探索完善宅基地分配、流转、退出、使用、收益、审批、监管等制度的方法路径，年月，全国个县（市、区）和个地级市启动实施新一轮农村宅基地制度改革试点。探索宅基地自愿有偿退出机制是试点重要内容之一。下一步，农业农村部将会同相关部门继续稳慎推进农村宅基地制度改革试点，探索完善宅基地流转、有偿使用和自愿有偿退出等方法路径，总结形成一批可行制度成果。,1.0,0.0325660243799045,0.5868283575221201,0.0506058866666418,2023-01-06 15:42:47
农业农村部：支持试点地区重点推动完善宅基地退出补偿机制农村农业部网站月日发布对十四届全国人大一次会议第号建议的答复摘要：下一步，我部将会同有关部门继续稳慎推进农村宅基地制度改革试点，进一步强化统筹协调，加强监督管理，加大指导力度，支持试点地区在探索宅基地自愿有偿退出机制方面，重点推动完善宅基地退出补偿机制，建立更加科学的宅基地和农房价格评估体系，总结形成一批可复制推广的实践成果。充分保障宅基地农户资格权和农民房屋财产权，在总结试点地区经验的基础上，不断完善相关制度，加快推动出台农村宅基地管理暂行办法，对宅基地申请审批、使用、流转退出、监督管理等作出规定，进一步规范宅基地管理，加强农民合法权益保护。,0.4522613065326633,-0.145182030493341,0.7182802175934822,-0.1248882003077103,2023-01-07 00:43:47
农业农村部：支持试点地区重点推动完善宅基地退出补偿机制农业农村部发布对十四届全国人大一次会议第号建议的答复摘要，下一步，我部将会同有关部门继续稳慎推进农村宅基地制度改革试点，进一步强化统筹协调，加强监督管理，加大指导力度，支持试点地区在探索宅基地自愿有偿退出机制方面，重点推动完善宅基地退出补偿机制，建立更加科学的宅基地和农房价格评估体系，总结形成一批可复制推广的实践成果。充分保障宅基地农户资格权和农民房屋财产权，在总结试点地区经验的基础上，不断完善相关制度，加快推动出台农村宅基地管理暂行办法，对宅基地申请审批、使用、流转退出、监督管理等作出规定，进一步规范宅基地管理，加强农民合法权益保护。,0.0100502512562814,-0.3906377565202399,0.6666133698025538,-0.0069302732532166,2023-01-06 15:26:35
新闻早知道年月日星期日农历六月廿七农业农村部：支持试点地区重点推动完善宅基地退出补偿机制。历史性时刻中国超希腊成世界第一大船东国。青海玉树州治多县日时分发生级地震，震源深度千米。国铁回应高铁票越来越难买：长途列车票额优先满足长途旅客。过去年成医药领域受贿案与医疗器械有关，涉多家上市公司产品。辽宁：月日前，全面开通白血病等个病种的省内异地就医直接结算。安徽：对新认定的国家级、省级技能大师工作室，给予每个万元建设补助。华为官方声明：不对外经营房地产业务。碧桂园：境内只债券月日起停牌，拟就兑付安排召开债券持有人会议。欧盟气候专家：厄尔尼诺现象已出现，全球明年或更热。,0.0150753768844221,0.9997216494557302,0.611062255652341,0.0243869752138201,------
政治局会议定调房地产政策释放了什么信号？房地产房地产市场供求关系发生重大变化月日，中共中央政治局召开会议，对上半年我国的经济形势进行了分析，并对下半年的经济工作进行了部署。会议指出，我国房地产市场供求关系发生重大变化，应适时调整优化房地产政策，因城施策用好政策工具箱展开,0.0124740124740124,0.9998556463433704,0.9018600920557388,0.3360223054088658,2023-01-06 14:48:03
多项房地产政策落地后大家会买房吗“认房不用认贷”等政策落地之后，大家就会买房吗？当下，房地产政策的走向引起社会广泛关注。继日政治局会议定调“适时调整优化房地产政策”、住建部明确房地产政策优化方向之后，北上广深等一线城市纷纷表态。这些表态透露出一种怎样的信号？当下受到热议的“认房不用认贷”等政策落地的可能性多大？持续释放的政策利好能否改善当下房地产市场的低沉情绪？下半年房地产市场走势如何？围绕上述问题，观察者网特邀广东省城规院住房政策研究中心首席研究员李宇嘉分享观点。观察者网：虽然现在还没有一些具体的举措出台，但是从中央到地方在房地产领域近来接连表态，在您看来是在透露出一种怎样的信号？李宇嘉：月日的政治局会议指出，要适应我国房地产市场供求关系发生重大变化的新形势，适时调整优化房地产政策，因城施策用好政策工具箱，更好满足居民刚性和改善性住房需求等。最高决策层定调之后，各地肯定要进行落实。一线城市是都市圈的核心，是外来人口、年轻人、新市民最集中的地方，也是刚需和改善最集中的城市，消费需求比较旺盛，所以会率先表态。观察者网：当下楼市政策的“工具箱”被打开，而且正在越开越大。比如说，当下备受关注的一个表述是“认房不用认贷”，大家普遍认为如果实施这一政策，对一线城市的影响会很大。您认为哪些政策比较有效或者实施的可能性比较大？李宇嘉：住建部明确提出了进一步落实好降低购买首套住房首付比例和贷款利率、改善性住房换购税费减免、个人住房贷款“认房不用认贷”等政策措施。这些措施都是在降低住房消费的门槛和成本，以释放住房消费需求。我认为，“认房不用认贷”政策实施的概率是比较大的。“认房又认贷”政策是在房地产过热、加杠杆炒房比较严重的阶段执行的，确实起到了抑制投机炒房的作用。但是在目前投资需求退出的情况下，这个政策确实应该调整，特别是在一线城市。一线城市的新市民、年轻人、外来人口集中，他们的买房意愿是比较强的。在上一轮楼市回升时，他们在一线城市买不起房，而当时二三线城市正在进行大规模的棚改，住房需求也很活跃，很多人就在那里买了，也贷了款。由于有贷款记录，现在他们想要在一线城市买房，只能适用于二套或者准二套的政策。所谓准二套就是，比购买第一套住房的首付比例要高，比完全二套的首付比例要低。比如在广州要付的首付，深圳要付的首付，北京要付的首付，这个比例确实比较高，可以向下调整。另外，还有可能出台一些降低交易成本的政策，比如说现在网上讨论度很高的“二手房交易的增值税免征期从年调回年”，这样可以降低房屋循环流通的成本。除此之外，利率下调之后，未来按揭利率可能还存在进一步下调的可能性。对于部分非热点城市，未来首付比例可能会降到两成。观察者网：最近的这些表态和政策是否能改善当下房地产持续低沉的市场情绪？会有更多居民选择买刚需或者改善性住房吗？李宇嘉：这些政策对于缓解房地产市场低迷是有帮助的，但是并不能从总体上扭转房地产市场低迷和下行的态势。最主要的原因是居民目前对于房地产市场的预期、对于收入和就业的预期发生了很大的逆转。尽管许多热点城市的房价已经跌了一年多了，但是整体住房价格还处在历史高位。刚刚我们提到的一些政策确实可以降低居民的购房门槛，但是无论是对刚需型还是改善型的购房者来说，购买新住房都会增加月供。这实际上是一种负担的增加，因此只有当购房者对收入和就业预期、对房地产的预期好转时，才会在政策利好下决定买房。如果没有好转，他们一定会很谨慎。我认为，最关键的是要扭转目前租房住房供求不匹配，也就是要“适应我国房地产市场供求关系发生重大变化的新形势”。住房需求主体应该是新市民、年轻人，外来人口，以及中产人群的换房。前面一部分是刚需，后面一部分是改善。目前对于刚需来说，除了需要低成本、低门槛买房之外，更重要的是要构建租购并举的住房消费模式。近年来尽管租房发展比较快，但是租赁供应同商品房供应相比，在公共服务享有、租购同权、房源的供应区位等方面做得还远远不够，未来需要加大这个方面的住房供给侧结构性改革力度。正如国务院转发发改委关于恢复和扩大消费措施的通知当中提到的，要把实施扩大内需战略同深化供给侧结构性改革有机结合起来，增强供给结构对需求变化的适应性和灵活性。以更好的供应去适应需求，而不是一味的刺激需求，掏空钱包来买房消费。而且上述文件中还提到“优化就业、收入分配和消费全链条良性循环促进机制”。也就是说，有了就业才有收入，有了收入才有消费，有了消费能力才会改善居住，才会买像住房这种高总价的消费品。我觉得供给侧改革才是解决住房供应最根本的路径，只有这样才能扭转目前供需不匹配的现状，才能够把消费能力提升起来。观察者网：在贷款利率方面，在月年期以上下降的带动下，我国房贷利率水平随之下降。但是现在大家关注度比较高的是存量贷款利率。中国人民银行货币政策司司长邹澜上月在记者会上表示，“按照市场化、法治化原则，我们支持和鼓励商业银行与借款人自主协商变更合同约定，或者是新发放贷款置换原来的存量贷款。”对此您怎么看？李宇嘉：个人住房贷款余额增速已经连续两个季度回落，标志着房贷的增量时代过去了，进入了存量时代。“资产越来越荒”的经营环境下，房贷还是优质资产，银行会乐于“抢”这样的资产。“抢”这一资产有两种方式，一是留住自己的客户，二是争夺别人的客户。为了留住自己的客户，银行需要通过下调利率，避免客户流向其他按揭利率较低的银行，兴业银行广州分行就是这么做的，该行针对存量按揭客户给予年期的利率优惠券。而为了“抢”来别人的客户，银行可以通过更低利率吸引其他行客户来办理“转按揭”，以置换旧的贷款。银行是市场化导向的机构，当按揭从卖方市场进入买方市场，从增量市场进入存量市场，银行的经营行为，也必然跟着转变。以低利率获得客户，是未来每一家银行最基础的营销手段。观察者网：从去年下半年开始了一股“提前还贷潮”，您认为原因是什么？现在房地产利好政策不断，接下来是否会扭转这种现象？李宇嘉：“提前还贷潮”是无可避免的，贷款利率高只是原因之一，最根本、最主要的原因还是房价下跌。之前大家之所以不惜承担比一般风险收益率或者存款利率都要高的利息去买房，就是看重房价会上涨，认为房价上涨的收益远比贷款的利息要高。现在房价下跌，购房者每个月还是和之前一样还月供，但持有的是一项价格下跌资产，这个是不划算的，所以很多人会提前还贷。原来加杠杆买房是因为房价涨的预期，现在去杠杆是因为房价跌的预期。因此，存量房贷利率下调可以缓解提前还贷的斜率，但是扭转不了提前还贷的趋势。观察者网：您觉得房地产在稳经济的过程中应该发挥怎样的作用？李宇嘉：房地产是国民经济的支柱产业，稳经济必须要稳地产，稳地产有助于稳经济。目前在稳经济的过程中，国家强调要充分发挥消费对经济发展的基础性作用。因此，未来会注重盘活存量房，包括城市改造、老旧小区改造、农村危房改造、公共配套服务补短板、鼓励居民二次装修、鼓励存量盘活后搞租赁等等。盘活存量将推动装饰装修、家具家电的消费，在学校、医院、公园等配套设施上补短板。另外，还可以围绕社区公共设施和公共服务，包括养老、托幼、助残、助学等，最大规模地带动以社区生活圈为主要载体的房屋和居住消费。这些对经济的拉动作用可能不如原来的投资，但是它更可持续、更健康，也更能带动就业和消费，我觉得这些才是房地产作为国民经济支柱产业的最根本的体现。观察者网：一季度在前期积压需求释放、政策显效等因素作用下，房地产市场活跃度回升，热点城市房地产市场出现“小阳春”行情。但二季度由于前期积压的需求释放完毕，市场明显降温。在当下各地不断优化房地产调控政策的背景下，您认为下半年房地产市场走势如何？李宇嘉：我认为，下半年肯定会比二季度好，但是第三或第四季度可能都不如一季度，今年整体来看应该比去年要好。去年（房地产规模）是近年来的最低值，这种快速的下行当然不可取，但是房地产不太可能回到过去几年的高速增长态势。刚刚我们讲到了房地产的存量盘活，接下来它对经济和就业的作用会很明显得体现出来。这就是房地产的新模式。,1.0,0.0334745339974912,1.0,1.0,------
中国人民银行国家金融监督管理总局关于调整优化差别化住房信贷政策的通知中国人民银行上海总部，各省、自治区、直辖市、计划单列市分行；国家金融监督管理总局各监管局；各国有商业银行，中国邮政储蓄银行，各股份制商业银行：为落实党中央、国务院决策部署，坚持房子是用来住的、不是用来炒的定位，适应我国房地产市场供求关系发生重大变化的新形势，更好满足刚性和改善性住房需求，促进房地产市场平稳健康发展，中国人民银行、国家金融监督管理总局决定调整优化差别化住房信贷政策。现就有关事项通知如下：一、对于贷款购买商品住房的居民家庭，首套住房商业性个人住房贷款最低首付款比例统一为不低于，二套住房商业性个人住房贷款最低首付款比例统一为不低于。二、首套住房商业性个人住房贷款利率政策下限按现行规定执行，二套住房商业性个人住房贷款利率政策下限调整为不低于相应期限贷款市场报价利率加个基点。三、中国人民银行、国家金融监督管理总局各派出机构按照因城施策原则，指导各省级市场利率定价自律机制，根据辖区内各城市房地产市场形势及当地政府调控要求，自主确定辖区内各城市首套和二套住房商业性个人住房贷款最低首付款比例和利率下限。四、银行业金融机构应根据各省级市场利率定价自律机制确定的最低首付款比例和利率下限，结合本机构经营状况、客户风险状况等因素，合理确定每笔贷款的具体首付款比例和利率水平。中国人民银行国家金融监督管理总局年月日中国人民银行国家金融监督管理总局关于降低存量首套住房贷款利率有关事项的通知中国人民银行上海总部，各省、自治区、直辖市、计划单列市分行；国家金融监督管理总局各监管局；各国有商业银行，中国邮政储蓄银行，各股份制商业银行：为落实党中央、国务院决策部署，坚持房子是用来住的、不是用来炒的定位，引导商业性个人住房贷款借贷双方有序调整优化资产负债，规范住房信贷市场秩序，现就降低存量首套住房商业性个人住房贷款利率有关事项通知如下：一、存量首套住房商业性个人住房贷款，是指年月日前金融机构已发放的和已签订合同但未发放的首套住房商业性个人住房贷款，或借款人实际住房情况符合所在城市首套住房标准的其他存量住房商业性个人住房贷款。二、自年月日起，存量首套住房商业性个人住房贷款的借款人可向承贷金融机构提出申请，由该金融机构新发放贷款置换存量首套住房商业性个人住房贷款。新发放贷款的利率水平由金融机构与借款人自主协商确定，但在贷款市场报价利率（）上的加点幅度，不得低于原贷款发放时所在城市首套住房商业性个人住房贷款利率政策下限。新发放的贷款只能用于偿还存量首套住房商业性个人住房贷款，仍纳入商业性个人住房贷款管理。三、自年月日起，存量首套住房商业性个人住房贷款的借款人亦可向承贷金融机构提出申请，协商变更合同约定的利率水平，变更后的贷款合同利率水平应符合本通知第二条的规定。四、金融机构应严格落实相关监管要求，对借款人申请经营性贷款和个人消费贷款等贷款的用途进行穿透式、实质性审核，并明确提示风险。对存在协助借款人利用经营性贷款和个人消费贷款等违规置换存量商业性个人住房贷款行为的中介机构一律不得进行合作，并严肃处理存在上述行为的内部人员。五、各金融机构要抓紧制定具体操作细则，做好组织实施，提高服务水平，及时响应借款人申请，尽可能采取便捷措施，降低借款人操作成本，确保本通知有关要求落实到位。六、中国人民银行和金融监管总局各分支机构要将本通知立即转发辖内地方法人金融机构，督促贯彻执行，有效维护市场秩序。本通知自年月日起实施。此前相关规定与本通知不一致的，以本通知为准。中国人民银行国家金融监督管理总局年月日中国人民银行、国家金融监督管理总局有关负责人就调整优化住房信贷政策有关问题答记者问中国人民银行、金融监管总局月日联合发布《关于调整优化差别化住房信贷政策的通知》和《关于降低存量首套住房贷款利率有关事项的通知》。有关负责同志就政策调整回答了记者提问。问：差别化住房信贷政策调整优化的背景是什么？答：月日中央政治局会议明确，适应我国房地产市场供求关系发生重大变化的新形势，适时调整优化房地产政策，因城施策用好政策工具箱。月日国务院常务会议提出，根据不同需求、不同城市等推出有利于房地产市场平稳健康发展的政策举措，加快研究构建房地产业新发展模式。为贯彻落实党中央、国务院决策部署，中国人民银行、金融监管总局发布通知，对现行差别化住房信贷政策进行了调整优化，支持各地因城施策用好政策工具箱，引导个人住房贷款实际首付比例和利率下行，更好满足刚性和改善性住房需求。问：此次差别化住房信贷政策调整优化的重点是什么？答：一是统一全国商业性个人住房贷款最低首付款比例政策下限。不再区分实施“限购”城市和不实施“限购”城市，首套住房和二套住房商业性个人住房贷款最低首付款比例政策下限统一为不低于和。二是将二套住房利率政策下限调整为不低于相应期限贷款市场报价利率（）加个基点。首套住房利率政策下限仍为不低于相应期限减个基点。各地可按照因城施策原则，根据当地房地产市场形势和调控需要，自主确定辖区内首套和二套住房最低首付款比例和利率下限。问：为什么要降低存量首套住房贷款利率？答：近年来我国房地产市场供求关系发生了重大变化，借款人和银行对于有序调整优化资产负债均有诉求。存量住房贷款利率的下降，对借款人来说，可节约利息支出，有利于扩大消费和投资。对银行来说，可有效减少提前还贷现象，减轻对银行利息收入的影响。同时，还可压缩违规使用经营贷、消费贷置换存量住房贷款的空间，减少风险隐患。为更好适应上述新形势，中国人民银行、金融监管总局明确按照市场化、法治化原则，支持鼓励银行与借款人协商调整存量首套住房贷款利率。问：哪些存量首套住房贷款可以申请降低利率？如何申请？答：符合条件的存量首套住房贷款是指，年月日前金融机构已发放，已签订合同但未发放的，以及借款人实际住房情况符合所在城市首套住房标准的存量住房商业性个人住房贷款。对于符合条件的存量住房贷款，自年月日起，可由借款人主动向承贷银行提出申请，也鼓励银行以发布公告、批量办理等方式，为借款人提供更为便利的服务。调整方式上，既可以变更合同约定的住房贷款利率加点幅度，也可以由银行新发放贷款置换存量贷款。具体利率调整幅度由借贷双方协商确定，但调整后的利率，不能低于原贷款发放时所在城市的首套住房贷款利率政策下限。新发放贷款只能用于偿还存量贷款，仍纳入商业性个人住房贷款管理。中国人民银行、金融监管总局将密切关注市场动态，引导银行与客户遵循市场化、法治化原则进行自主协商，有序降低存量住房贷款利率，维护好市场竞争秩序。,0.002079002079002,0.8319489047559514,0.8841765608389597,0.0456852531598945,2023-01-06 14:15:40
金融权重股（保险，银行，地产，证券等）弱势的原因：继月后，贷款市场报价利率（）再度迎来下调，但年期以上品种按兵不动超乎市场预期。中国人民银行授权全国银行间同业拆借中心公布，年月日贷款市场报价利率（）为：年期为，下调个基点，年期以上为，按兵不动。由于是在中期借贷便利（）利率基础上加点形成，在月日利率下调个基点的背景下，市场对月调降已基本形成共识，但年期以上按兵不动超乎市场预期。,0.1052631578947368,0.465403163858993,1.0,0.299449870397366,2023-01-06 18:55:15
房产资讯央行公布月：年期降个基点福州首套房的贷款利率历史新低月日，中国人民银行授权全国银行间同业拆借中心公布，年月日贷款市场报价利率（）为：年期为，年期以上为。据悉，上次年期为，年期以上为。就在一周前，月日，央行公布了最新一轮的和逆回购操作情况，降息个基点。目前，福州各大银行首套房的贷款利率基本为，即在基础上下调个基点，二套房贷利率为，都已经创历史新低。本次下调个基点，房贷利率很大概率将再次下调，届时，福州首套房的贷款利率也有望下调至，再度刷新历史新低。福州身边事福州,0.023391812865497,0.2837237147766954,0.6482838371095845,0.0262992349969289,------
中国人民银行授权全国银行间同业拆借中心公布，年月日贷款市场报价利率（）为：年期为，年期以上为。以上在下一次发布之前有效。月是来自本专业的抱怨，算利息嘛没几个钱，却算的很烦,0.4619883040935672,-0.2799825467508726,0.6890491045702906,-0.5447917428925038,2023-01-06 12:59:59
年月日贷款市场报价利率（）为：年期为，降低；年期以上为。年期利率罕见的没有跟进降息，这说明存量房贷利率真的要降了应该是昨天商量好了，用保来对冲存量房贷利率下调的损失。昨天的周末开会后喊话，就是为了让咱们今天别失望。,0.0292397660818713,-0.4798528986689276,0.7736431041472559,-0.0663500231569684,------
年期下调中国人民银行授权全国银行间同业拆借中心公布，年月日贷款市场报价利率（）为：年期贷款市场报价利率（）报，上月为。年期以上报，上月为。以上在下一次发布之前有效。大河财立方的微博视频,0.0058479532163742,-0.4160666100699222,0.6824060604363646,-0.0101491117063075,2023-01-06 13:59:34
月不对称降息厦门首套房贷利率维持刚刚，央行公布新一轮报价：年期市场报价利率为，下降个基点，年期维持在。中国人民银行授权全国银行间同业拆借中心公布，年月日贷款市场报价利率（）为：年期为，年期以上为。以上在下一次发布展开,0.0058479532163742,-0.996375279684268,0.6824060604363646,-0.0243045795316756,------
月报价出炉中国人民银行授权全国银行间同业拆借中心公布，年月日贷款市场报价利率（）为：年期为，年期以上为。以上在下一次发布之前有效。月一年期下调个基点,0.023391812865497,-0.4038015615303412,0.7225475934032096,-0.0417173523251086,2023-01-07 04:18:51
月日发布来了来了，稳中有降稳：年期没变，跟、、月持平降：年期下降个基点月：年月日贷款市场报价利率（）为：年期为，年期以上为。月：年月日贷款市场报价利率（）为：年期为，年期以上为。月：年月日贷款市场报价利率（）为：年期为，年期以上为。月：年月日贷款市场报价利率（）为：年期为，年期以上为。散了散了，雷声大，雨点小,0.0701754385964912,-0.3291439540601116,0.6851704850630241,-0.0967359871561834,------
记录生活中国人民银行授权全国银行间同业拆借中心公布，年月日贷款市场报价利率（）为：年期为，年期以上为。以上在下一次发布之前有效。,0.0116959064327485,0.8902123076264019,0.6824060604363646,0.0434298928765849,2023-01-06 16:21:33
央行降息了月年期下调个基点年期以上不变月日，中国人民银行授权全国银行间同业拆借中心公布，年月日贷款市场报价利率（）为：年期为，年期以上为。以上在下一次发布之前有效。年期贷款市场报价利率（）报，上月为，相较上月下降；年期以上报，上月为，与上月持平。深圳楼市楼市重磅,0.0116959064327485,-0.106538184204729,0.6824060604363646,-0.0051975712845559,------
月报价出炉：年期为，年期以上为中国人民银行授权全国银行间同业拆借中心公布，年月日贷款市场报价利率（）为：年期为，年期以上为。来源：央广网,0.0058479532163742,0.9967559969423788,0.6824060604363646,0.0243138663667341,2023-01-06 13:15:34
一年期下调个基点意味着什么一年期下调个基点中国人民银行授权全国银行间同业拆借中心公布，年月日贷款市场报价利率（）为：年期为，年期以上为。以上在下一次发布之前有效。,0.3508771929824561,-0.0109391997658727,0.5045452799178524,-0.0118374796200184,------
年月日贷款市场报价利率（）中国人民银行授权全国银行间同业拆借中心公布，年月日贷款市场报价利率（）为：年期为，年期以上为。以上在下一次发布之前有效。,1.0,-0.2116847320988134,0.7728443943579956,-1.0,2023-01-06 11:53:11
月报价出炉月一年期下调个基点中国人民银行授权全国银行间同业拆借中心公布，年月日贷款市场报价利率（）为：年期为，年期以上为。以上在下一次发布之前有效。一年期下调个基点,0.2573099415204678,-0.3188581819759231,0.8836954030335138,-0.4431748749961093,------
重庆市市长：要紧盯“金九银十”，有利于房地产市场的相关政策能出尽出、应出早出重庆市长是个明白人,0.6333333333333333,0.218276521562432,0.6651168554449057,0.7187848868215971,2023-01-06 13:24:16
重庆市市长胡衡华强调，要紧盯“金九银十”，进一步聚焦问题、攻坚克难，有力有效推进各项工作。要着力解决政策问题，研究落实好有利于房地产市场平稳健康发展的政策举措，相关政策能出尽出、应出早出。,0.0466666666666666,-0.8415386807000704,0.6666666666666666,-0.2046685992814661,------
盘前打卡星期二隔夜美股大涨，今天股怎么走？周一沪深两市全天低开低走，两市共计成交亿元，较上个交易日缩量亿元。算力租赁、环保、燃气、次新股等板块涨幅居前，证券、医药商业、物流、机场等板块跌幅居前。北向资金月日净卖出亿元。隔夜美股涨跌互现，道指跌，纳指涨。、大力发展数字经济核心产业加快推动产业数字化转型；、央视：频繁上演的“抹黑小作文”扰乱资本市场正常秩序投资一定擦亮双眼；、网传“高盛（中国）办公室所有人被带走”北京、上海办事处双双回应：正常营业；、重庆：要紧盯“金九银十”有利于房地产市场的相关政策能出尽出、应出早出；、三部门：合理增加对消费者购买汽车、家电、家居等产品的消费信贷支持持续优化利率和费用水平；、海关总署发布《关于防止猴痘疫情传入我国的公告；、财政部：月证券交易印花税亿元同比下降；、家头部券商、基金开启“自购潮”，合计出资超亿元。技术上，上证指数延续调整走势收阴线，指数重心继续下移。从均线系统看，日、日等多条均线呈现下行趋势，耐心等待指数企稳。月以来随美元指数上行，人民币汇率出现持续贬值现象，北向资金连续日减仓外流对市场造成一定压力。另一方面，投资者在政策预期与现实经济之间仍存在较大分歧，场外资金观望情绪较浓。而面对当前偏弱环境，管理层维护市场态度较为积极。家头部券商、基金开启“自购潮”，合计出资超亿元。此外、再融资都有放缓迹象，叠加多家上市公司推出回购计划。整体认为当下股市场估值处于历史偏低水平，政策升温期机会大于风险，耐心等待积极因素从量变到质变对市场产生实质性利好，底部区域不宜过度悲观。一旦压制市场的主要因素出现边际改善，市场随时可能触底反弹。配置上重点关注，一是与经济修复相关度较高的汽车、食品饮料、消费医疗；二是关注科技产业，自主可控领域建议持续关注信创、国产化的催化；三是“中特估”主题投资下受一带一路带动的央国企机会；四是全球半导体周期接近见底自主可控逻辑下，看好半导体产业链机会。哈莉财经以上分析仅供参考，投资有风险入市需谨慎。基金超话,0.0933333333333333,0.114870943811431,0.5034946976006326,0.0421991282990989,2023-01-06 13:19:02
月日盘前阅读：盘前财经要闻：国内：万亿级市场利好商务部重磅发声，加快出台服务贸易相关政策举措，推动出台关于数字贸易改革创新发展的政策性文件大力发展数字经济核心产业加快推动产业数字化转型数据资产入表正式落地将开启数据要素产业化大时代数据：降低“印花税”呼展开,0.6066666666666667,0.3563206691739559,0.5917622252348032,1.0,2023-01-06 18:05:06
重庆市市长：要紧盯“金九银十”，有利于房地产市场的相关政策能出尽出、应出早出财联社新闻的微博视频,0.14,-0.6868192705319345,0.7291666666666665,-0.5480988959097352,------
重庆市市长要紧盯“金九银十”有利于房地产市场的相关政策能出尽出、应出早出,0.0333333333333333,0.0999583739162098,0.6666666666666666,0.0173647398552515,2023-01-06 10:21:22
要紧盯“金九银十”，进一步聚焦问题、攻坚克难，有力有效推进各项工作。要着力解决政策问题，研究落实好有利于房地产市场平稳健康发展的政策举措，相关政策能出尽出、应出早出,0.06,-0.7394728627048028,0.6875,-0.2384557538915091,------
重庆市市长：有利于房地产市场相关政策能出尽出应出早出大家耐心等待吧，最近消息频出。显然不是买房的好时间。兰州楼市,0.0066666666666666,0.1931707263827811,0.6666666666666666,0.0067115125624167,2023-01-06 10:42:22
重庆市市长：要紧盯“金九银十”，有利于房地产市场的相关政策能出尽出、应出早出财联社财联社新闻的微博视频,0.0133333333333333,0.531914893617021,0.6666666666666666,0.0369616406946993,------
重庆市长：要紧盯“金九银十”有利于房地产市场的相关政策能出尽出、应出早出重庆市长称房地产要紧盯金九银十月日，重庆市召开推动城市建设和房地产发展工作专题会议。重庆市市长胡衡华强调，要紧盯“金九银十”，进一步聚焦问题、攻坚克难，有力有效推进各项工作。要着力解决政策问题，研究落实好有利于房地产市场平稳健康发展的政策举措，相关政策能出尽出、应出早出。要着力解决房地产项目配套设施问题，加快推进前期工作，尽快启动建设。要着力解决保交楼和“两久”“两改”项目等资金问题，抓好向上争取和内部挖潜，多渠道筹集资金。要主动跨前一步，进一步压实责任、凝聚合力，打破思维定势，大力提升效能，做好政策宣传解读，着力引导预期、提振信心，形成良好的政策环境和舆论氛围。财联社,0.0066666666666666,0.2877814258285525,0.6875,0.0103111194042431,2023-01-06 10:12:41
必须出重拳出猛拳才能巩固企稳回升零利率零首付开搞重庆市市长表示利于房地产政策能出尽出重庆市市长：要紧盯“金九银十”有利于房地产市场的相关政策能出尽出、应出早出重庆市召开推动城市建设和房地产发展工作专题会议。重庆市市长胡衡华强调，要紧盯“金九银十”，进一步聚焦问题、攻坚克难，有力有效推进各项工作。要着力解决政策问题，研究落实好有利于房地产市场平稳健康发展的政策举措，相关政策能出尽出、应出早出。要着力解决房地产项目配套设施问题，加快推进前期工作，尽快启动建设。,1.0,-0.1126943868498116,0.5827966361847153,-0.513429636937983,------
重庆市市长：要紧盯“金九银十”有利于房地产市场的相关政策能出尽出、应出早出财联社月日电，重庆市召开推动城市建设和房地产发展工作专题会议。重庆市市长胡衡华强调，要紧盯“金九银十”，进一步聚焦问题、攻坚克难，有力有效推进各项工作。要着力解决政策问题，研究落实好有利于房地产市场平稳健康发展的政策举措，相关政策能出尽出、应出早出。要着力解决房地产项目配套设施问题，加快推进前期工作，尽快启动建设。要着力解决保交楼和“两久”“两改”项目等资金问题，抓好向上争取和内部挖潜，多渠道筹集资金。要主动跨前一步，进一步压实责任、凝聚合力，打破思维定势，大力提升效能，做好政策宣传解读，着力引导预期、提振信心，形成良好的政策环境和舆论氛围。,0.3533333333333333,0.2377770697660655,1.0,0.6567743660929891,2023-01-06 10:32:20
清检分享三部门推动落实首套房贷款认房不认贷近日住房城乡建设部、中国人民银行、金融监管总局联合印发了《关于优化个人住房贷款中住房套数认定标准的通知》，推动落实购买首套房贷款“认房不用认贷”政策措施。通知明确，居民家庭（包括借款人、配偶及未成年子女）申请贷款购买商品住房时，家庭成员在当地名下无成套住房的，不论是否已利用贷款购买过住房，银行业金融机构均按首套住房执行住房信贷政策。此项政策作为政策工具，纳入“一城一策”工具箱，供城市自主选用。据住房城乡建设部有关负责同志介绍，此项政策将使更多购房人能够享受首套房贷款的首付比例和利率优惠，有助于降低居民购房成本，更好满足刚性和改善性住房需求。首套房贷款认房不认贷网页链接,0.1415929203539823,0.0,0.5501129589249666,0.0,------
三部门印发通知推动释放购房需求“认房不认贷”是否会在广东落地？近日，住房城乡建设部、中国人民银行、金融监管总局联合印发了《关于优化个人住房贷款中住房套数认定标准的通知》，推动落实购买首套房贷款“认房不认贷”政策措施。这一政策能释放多大购房需求？在广东会如何落地？记者采访了相关人士。《通知》明确，居民家庭（包括借款人、配偶及未成年子女）申请贷款购买商品住房时，家庭成员在当地名下无成套住房的，不论是否已利用贷款购买过住房，银行业金融机构均按首套住房执行住房信贷政策。如果执行“认房不认贷”政策，只要所在城市无房，即便有贷款（记录或在偿）也可以首套房身份买房；并且此次政策提出将“以家庭为单位”来认定首套房产，调整到“家庭成员为单位”，意味着可以释放出更多的需求。那么接下来在广东，尤其是广州、深圳等地是否会落地“认房不认贷”措施呢？目前，房地产政策是“一城一策”，此次住建部的表述为：此项政策作为政策工具，纳入“一城一策”工具箱，供城市自主选用。因此，具体是否实行“认房不认贷”，要由各个城市决定。目前，广州市住房和城乡建设局官网暂未公布相关政策。也有专家表示，当前“房住不炒”仍是主基调，对于一线热门城市，特别是涉及二套房的政策，要看各城市的具体情况。广东新闻联播的微博视频,0.9026548672566372,-0.1698546997589052,0.5082940305071194,-0.1452573372783814,2023-01-06 10:38:41
三部门推动落实首套房贷款认房不认贷近日住房城乡建设部、中国人民银行、金融监管总局联合印发了《关于优化个人住房贷款中住房套数认定标准的通知》，推动落实购买首套房贷款“认房不用认贷”政策措施。通知明确，居民家庭（包括借款人、配偶及未成年子女）申请贷款购买商品住房时，家庭成员在当地名下无成套住房的，不论是否已利用贷款购买过住房，银行业金融机构均按首套住房执行住房信贷政策。此项政策作为政策工具，纳入“一城一策”工具箱，供城市自主选用。据住房城乡建设部有关负责同志介绍，此项政策将使更多购房人能够享受首套房贷款的首付比例和利率优惠，有助于降低居民购房成本，更好满足刚性和改善性住房需求。首套房贷款认房不认贷网页链接,0.0442477876106194,0.6241610738255037,0.5740309136608347,0.0295493066930979,2023-01-17 13:43:41
深圳无房有贷购房者首付或降至近日，住房城乡建设部、中国人民银行、金融监管总局联合印发了《关于优化个人住房贷款中住房套数认定标准的通知》，推动落实购买首套房贷款“认房不用认贷”政策措施。通知明确，居民家庭（包括借款人、配偶及未成年子女）申请贷款购买商品住房时，家庭成员在展开,0.1327433628318584,-0.321949203110032,0.4790052464140378,-0.0381561206559519,------
推动落实买首套房贷款认房不用认贷近日，住房城乡建设部、中国人民银行、金融监管总局联合印发了《关于优化个人住房贷款中住房套数认定标准的通知》，推动落实购买首套房贷款“认房不用认贷”政策措施。通知明确，居民家庭（包括借款人、配偶及未成年子女）申请贷款购买商品住房时，家庭成员在当地名下无成套住房的，不论是否已利用贷款购买过住房，银行业金融机构均按首套住房执行住房信贷政策。此项政策作为政策工具，纳入“一城一策”工具箱，供城市自主选用。新华社央视新闻出彩焦作向未来行走怀川纷享焦作央视新闻的微博视频,0.0265486725663716,0.9978218174142244,0.5501129589249666,0.0271626073508489,2023-01-17 12:26:27
三部门推动落实首套房贷款认房不认贷近日住房城乡建设部、中国人民银行、金融监管总局联合印发了《关于优化个人住房贷款中住房套数认定标准的通知》，推动落实购买首套房贷款“认房不用认贷”政策措施。通知明确，居民家庭（包括借款人、配偶及未成年子女）申请贷款购买商品住房时，家庭成员在展开,0.0265486725663716,0.2150100493008921,0.4800285869912549,0.0051073126534792,2023-03-03 11:55:47
关于贷款套数认定、个税退税优惠，这些重磅购房政策明确日从住房和城乡建设部获悉，近日住房城乡建设部、中国人民银行、金融监管总局联合印发了《关于优化个人住房贷款中住房套数认定标准的通知》，推动落实购买首套房贷款“认房不用认贷”政策措施。通知明确，居民家庭（包括借款人、配偶及未成年子女）申请贷款购买商品住房时，家庭成员在当地名下无成套住房的，不论是否已利用贷款购买过住房，银行业金融机构均按首套住房执行住房信贷政策。此项政策作为政策工具，纳入“一城一策”工具箱，供城市自主选用。据住房城乡建设部有关负责同志介绍，此项政策将使更多购房人能够享受首套房贷款的首付比例和利率优惠，有助于降低居民购房成本，更好满足刚性和改善性住房需求。三部门：延续实施支持居民换购住房有关个人所得财政部、税务总局、住房城乡建设部发布《关于延续实施支持居民换购住房有关个人所得税政策的公告》。自年月日至年月日，对出售自有住房并在现住房出售后年内在市场重新购买住房的纳税人，对其出售现住房已缴纳的个人所得税予以退税优惠。其中，新购住房金额大于或等于现住房转让金额的，全部退还已缴纳的个人所得税；新购住房金额小于现住房转让金额的，按新购住房金额占现住房转让金额的比例退还出售现住房已缴纳的个人所得税。本公告所称现住房转让金额为该房屋转让的市场成交价格。新购住房为新房的，购房金额为纳税人在住房城乡建设部门网签备案的购房合同中注明的成交价格；新购住房为二手房的，购房金额为房屋的成交价格。来源：新华社、央视新闻客户端,0.7433628318584071,0.8476931176141418,0.8514060404385219,1.0,2023-01-11 13:26:21
三部门推动落实首套房认房不认贷相比之前的认房又认贷，住房城乡建设部、中国人民银行、金融监管总局近期联合印发的《关于优化个人住房贷款中住房套数认定标准的通知》，未来的政策是认房不认贷。我以为，这种改变在很大程度上体现出在坚持房住不炒的同时，对住房刚需以及改善性住房需求的保障力度增强。一方面，认房就是为了防止炒作，落实房住不炒，避免个别人占用过多住房。另一方面，不认贷意味着只要是为了满足合理的住房需求，至少从房贷上不再是一个硬杠杠。在当下，要稳定房价，促进房地产行业健康发展，三部委出台这个通知是十分必要的，是非常及时的，但还需要有后续配套动作跟进。,0.0088495575221238,-0.7916819467015097,0.5620719362929006,-0.0073398633281021,------
深圳无房有贷购房者首付或降至近日，住房城乡建设部、中国人民银行、金融监管总局联合印发了《关于优化个人住房贷款中住房套数认定标准的通知》，推动落实购买首套房贷款“认房不用认贷”政策措施。通知明确，居民家庭（包括借款人、配偶及未成年子女）申请贷款购买商品住房时，家庭成员在当地名下无成套住房的，不论是否已利用贷款购买过住房，银行业金融机构均按首套住房执行住房信贷政策。此项政策作为政策工具，纳入“一城一策”工具箱，供城市自主选用。目前，深圳无房有贷户首付为，若实行“认房不认贷”政策，那么符合条件的购房者首付成本将降至。详情戳深圳无房有贷购房者首付或降至,0.495575221238938,-0.327822755810949,0.9048931339396896,-0.2740121034229416,2023-01-17 15:16:54
住建部、央行、金融监管总局发布《关于优化个人住房贷款中住房套数认定标准的通知》，推动落实购买首套房贷款“认房不用认贷”政策措施。居民家庭（包括借款人、配偶及未成年子女）申请贷款购买商品住房时，家庭成员在当地名下无成套住房的，不论是否已利用贷款购买过住房，银行业金融机构均按首套住房执行住房信贷政策。此项政策作为政策工具，纳入“一城一策”工具箱，供城市自主选用。,0.1061946902654867,0.1970483122238246,0.5740309136608347,0.0223889938239382,2023-01-17 14:55:05
重磅首套房贷款“认房不用认贷”三部门推动落实购买首套房贷款“认房不用认贷”政策措施记者日从住房和城乡建设部获悉，近日住房城乡建设部、中国人民银行、金融监管总局联合印发了《关于优化个人住房贷款中住房套数认定标准的通知》，推动落实购买首套房贷款“认房不用认贷”政策措施。通知明确，居民家庭（包括借款人、配偶及未成年子女）申请贷款购买商品住房时，家庭成员在当地名下无成套住房的，不论是否已利用贷款购买过住房，银行业金融机构均按首套住房执行住房信贷政策。此项政策作为政策工具，纳入“一城一策”工具箱，供城市自主选用。据住房城乡建设部有关负责同志介绍，此项政策将使更多购房人能够享受首套房贷款的首付比例和利率优惠，有助于降低居民购房成本，更好满足刚性和改善性住房需求。来源：新华社山东潍坊坊子融媒：杨敏彭海程,0.1327433628318584,0.4210196412355839,0.84769086196922,0.0883032010199607,2023-01-17 12:59:52
重磅三部门发文推动首套房“认房不用认贷”记者月日从住房和城乡建设部获悉，近日住房城乡建设部、中国人民银行、金融监管总局联合印发了《关于优化个人住房贷款中住房套数认定标准的通知》，推动落实购买首套房贷款“认房不用认贷”政策措施。通知明确，居民家庭（包括借款人、配偶及未成年展开,0.7345132743362832,0.2547450277752147,1.0,0.3487619828612237,2023-02-07 15:22:00
全文《关于优化个人住房贷款中住房套数认定标准的通知》住房城乡建设部中国人民银行金融监管总局关于优化个人住房贷款中住房套数认定标准的通知建房号各省、自治区、直辖市住房城乡建设厅（委、管委），新疆生产建设兵团住房城乡建设局，中国人民银行上海总部、各省、自治区、直辖市、计划单列市分行，各金融监管局，各国有商业银行、中国邮政储蓄银行、各股份制商业银行：为贯彻落实党中央、国务院决策部署，坚持房子是用来住的、不是用来炒的定位，因城施策用好政策工具箱，优化个人住房贷款中住房套数认定标准，更好满足居民刚性和改善性住房需求，现就有关事项通知如下：一、居民家庭（包括借款人、配偶及未成年子女，下同）申请贷款购买商品住房时，家庭成员在当地名下无成套住房的，不论是否已利用贷款购买过住房，银行业金融机构均按首套住房执行住房信贷政策。二、家庭住房套数由城市政府指定的住房套数查询或认定责任部门，根据居民家庭申请或授权，提供查询服务并出具查询结果或认定证明。三、此项政策作为政策工具，纳入“一城一策”工具箱。《住房城乡建设部中国人民银行中国银行业监督管理委员会关于规范商业性个人住房贷款中第二套住房认定标准的通知》（建房号）、《中国人民银行中国银行业监督管理委员会关于进一步做好住房金融服务工作的通知》（银发号）与本通知不一致的，以本通知为准。住房城乡建设部中国人民银行金融监管总局年月日,0.0442477876106194,-0.6572860243578518,0.5501129589249666,-0.0298209591553113,------
认房不认贷谁将受益？专家解读专家解读认房不认贷政策近日住房城乡建设部、中国人民银行、金融监管总局联合印发了《关于优化个人住房贷款中住房套数认定标准的通知》，推动落实购买首套房贷款“认房不用认贷”政策措施。易居研究院研究总监严跃进表示，若是执行“认房又认贷”政策，部分有过贷款记录的购房者，其换房方面可能会被认定为二套房，进而导致认购首付比例和利率明显偏高，导致购房成本加大。而按照“认房不认贷”政策，只要名下无房，那就可以按首套房进行认定。这就使得一些有过贷款记录的购房者，也可以享受到首套房的标准，即使得购房的成本快速降低。中新经纬“认房不认贷”来了，谁将受益？专家解读查看图片,1.0,0.198122522492856,0.4973612102431893,0.1836663237015324,2023-01-17 13:02:29
个人住房贷款认房不认贷楼市楼市超话三部门推动落实首套房贷款“认房不用认贷”近日，住房城乡建设部、中国人民银行、金融监管总局联合印发了《关于优化个人住房贷款中住房套数认定标准的通知》，推动落实购买首套房贷款“认房不用认贷”政策措施。笔者观点，会释放一定的需求，但目前楼市观望情绪极厚，刺激效果有待观察。,0.3008849557522124,0.1279945268714777,0.4648178759045959,0.0333655638053269,2023-01-17 12:35:05
住建部等三部门印发通知，推动落实购买首套房贷款认房不认贷三部门推动落实首套房认房不用认贷近日住房城乡建设部、中国人民银行、金融监管总局联合印发了《关于优化个人住房贷款中住房套数认定标准的通知》，推动落实购买首套房贷款“认房不用认贷”政策措施。通知明确，居民家庭（包括借款人、配偶及未成年子女）申请贷款购买商品住房时，家庭成员在当地名下无成套住房的，不论是否已利用贷款购买过住房，银行业金融机构均按首套住房执行住房信贷政策。此项政策作为政策工具，纳入“一城一策”工具箱，供城市自主选用。,0.0707964601769911,-0.9797247504418888,0.6382411224346519,-0.08251334230411,2023-01-19 22:55:47
三部门明确首套房贷款“认房不用认贷”记者日从住房和城乡建设部获悉，近日住房城乡建设部、中国人民银行、金融监管总局联合印发了《关于优化个人住房贷款中住房套数认定标准的通知》，推动落实购买首套房贷款“认房不用认贷”政策措施。通知明确，居民家庭（包括借款人、配偶及未成年子女）申请贷款购买商品住房时，家庭成员在当地名下无成套住房的，不论是否已利用贷款购买过住房，银行业金融机构均按首套住房执行住房信贷政策。此项政策作为政策工具，纳入“一城一策”工具箱，供城市自主选用。据住房城乡建设部有关负责同志介绍，此项政策将使更多购房人能够享受首套房贷款的首付比例和利率优惠，有助于降低居民购房成本，更好满足刚性和改善性住房需求。香港衛視的微博视频,0.0353982300884955,0.7802611200232328,0.5740309136608347,0.02955157071229,2023-02-18 09:48:08
三部门推动购买首套房认房不认贷重磅三部门明确首套房贷款“认房不用认贷”近日住房城乡建设部、中国人民银行、金融监管总局联合印发了《关于优化个人住房贷款中住房套数认定标准的通知》，推动落实购买首套房贷款“认房不用认贷”政策措施。通知明确，居民家庭申请贷款购买商品住房时，家庭成员在当地名下无成套住房的，不论是否已利用贷款购买过住房，银行业金融机构均按首套住房执行住房信贷政策。据介绍，此项政策将使更多购房人能够享受首套房贷款的首付比例和利率优惠，有助于降低居民购房成本，更好满足刚性和改善性住房需求。派财经官微派财经官微的微博视频,0.0619469026548672,-0.1128815998089343,0.5501129589249666,-0.0071699875450843,2023-01-17 13:56:49
三部门：推动落实买首套房贷款认房不用认贷近日住房城乡建设部、中国人民银行、金融监管总局联合印发了《关于优化个人住房贷款中住房套数认定标准的通知》，推动落实购买首套房贷款“认房不用认贷”政策措施。通知明确，居民家庭（包括借款人、配偶及未成年子女）申请贷款购买商品住房时，家庭成展开,0.0265486725663716,-0.6720117231861931,0.5620719362929006,-0.0186911204314558,2023-01-17 13:02:07
住房城乡建设部中国人民银行金融监管总局关于优化个人住房贷款中住房套数认定标准的通知,0.3628318584070796,-0.4070709425823636,0.4381633910102812,-0.1206244589278117,2023-01-17 12:29:43
三部门推动落实首套房贷款认房不认贷近日住房城乡建设部、中国人民银行、金融监管总局联合印发了《关于优化个人住房贷款中住房套数认定标准的通知》，推动落实购买首套房贷款“认房不用认贷”政策措施。通知明确，居民家庭（包括借款人、配偶及未成年子女）申请贷款购买商品住房时，家庭成员在当地名下无成套住房的，不论是否已利用贷款购买过住房，银行业金融机构均按首套住房执行住房信贷政策。此项政策作为政策工具，纳入“一城一策”工具箱，供城市自主选用。据住房城乡建设部有关负责同志介绍，此项政策将使更多购房人能够享受首套房贷款的首付比例和利率优惠，有助于降低居民购房成本，更好满足刚性和改善性住房需求。首套房贷款认房不认贷网页链接,0.0061425061425061,0.6241610738255037,0.5683215488807815,0.0075119491286826,2023-01-17 13:43:41
这队的运营就没个正常人吗作为二娃人迷，我是百分百支持他离开这个队。他现在又不是七老八十踢不动了，去个能踢上比赛的球队，健健康康、快快乐乐过完职业生涯。有些人凭啥用道德绑架他，非要“一人一城”。现在职业生涯末期，他职业生涯早期和中期这队又有多少支持他炒了范加尔，海因克斯带回了高档，穆勒从十号位变成哪里需要哪里搬的人。俱乐部强行给瓜迪奥拉塞个格策，也是因为不肯为内马尔花钱内马尔要是来打的也是穆勒当时的位置。给安切洛蒂租来了罗，给科瓦奇租来了酷鸟，纳格尔斯曼扶正了穆夏拉，还有现在空降的秃鹤。除了弗里克，哪个教练来，不是先拿穆勒开刀这剧情一次次重复，穆勒不累，穆勒的球迷看都看累了。一面说穆勒不可或缺，一面对他的态度就是可有可无。别再说人家皇马没人情味，你拜仁又有多少人情味。大家好聚好散希望二娃别再愚忠了，这队不值得,0.07002457002457,0.1466552301911141,0.6006434010952845,0.0212657621453457,2023-01-17 13:24:42
深圳无房有贷购房者首付或降至近日，住房城乡建设部、中国人民银行、金融监管总局联合印发了《关于优化个人住房贷款中住房套数认定标准的通知》，推动落实购买首套房贷款“认房不用认贷”政策措施。通知明确，居民家庭（包括借款人、配偶及未成年子女）申请贷款购买商品住房时，家庭成员在当地名下无成套住房的，不论是否已利用贷款购买过住房，银行业金融机构均按首套住房执行住房信贷政策。此项政策作为政策工具，纳入“一城一策”工具箱，供城市自主选用。目前，深圳无房有贷户首付为，若实行“认房不认贷”政策，那么符合条件的购房者首付成本将降至。,0.0184275184275184,-0.321949203110032,0.4738816958190207,-0.0096926019511979,2023-01-17 14:00:32
凤检转播推动落实购买首套房贷款认房不用认贷近日，住房城乡建设部、中国人民银行、金融监管总局联合印发了通知，推动落实购买首套房贷款“认房不用认贷”政策措施。通知明确，居民家庭（包括借款人、配偶及未成年子女）申请贷款购买商品住房时，家庭成员在当地名下无成套住房的，不论是否已利用贷款购买过住房，银行业金融机构均按首套住房执行住房信贷政策。此项政策作为政策工具，纳入“一城一策”工具箱，供城市自主选用。（央视）央视新闻的微博视频,0.0147420147420147,0.6241610738255037,0.5436119163207476,0.0172448223475846,2023-01-17 14:57:23
推动落实买首套房贷款认房不用认贷近日，住房城乡建设部、中国人民银行、金融监管总局联合印发了《关于优化个人住房贷款中住房套数认定标准的通知》，推动落实购买首套房贷款“认房不用认贷”政策措施。通知明确，居民家庭（包括借款人、配偶及未成年子女）申请贷款购买商品住房时，家庭成员在当地名下无成套住房的，不论是否已利用贷款购买过住房，银行业金融机构均按首套住房执行住房信贷政策。此项政策作为政策工具，纳入“一城一策”工具箱，供城市自主选用。新华社央视新闻出彩焦作向未来行走怀川纷享焦作央视新闻的微博视频,0.0036855036855036,0.9978218174142244,0.5436119163207476,0.0068921552053815,2023-01-17 12:26:27
三部门推动落实首套房贷款认房不认贷近日住房城乡建设部、中国人民银行、金融监管总局联合印发了《关于优化个人住房贷款中住房套数认定标准的通知》，推动落实购买首套房贷款“认房不用认贷”政策措施。通知明确，居民家庭（包括借款人、配偶及未成年子女）申请贷款购买商品住房时，家庭成员在当地名下无成套住房的，不论是否已利用贷款购买过住房，银行业金融机构均按首套住房执行住房信贷政策。此项政策作为政策工具，纳入“一城一策”工具箱，供城市自主选用。据住房城乡建设部有关负责同志介绍，此项政策将使更多购房人能够享受首套房贷款的首付比例和利率优惠，有助于降低居民购房成本，更好满足刚性和改善性住房需求。首套房贷款认房不认贷（来源：新华社）,0.0036855036855036,0.2150100493008921,0.4748929429151022,0.0012973810784163,2023-01-17 13:52:09
推动落实购买首套房贷款认房不用认贷近日，住房城乡建设部、中国人民银行、金融监管总局联合印发了通知，推动落实购买首套房贷款“认房不用认贷”政策措施。通知明确，居民家庭（包括借款人、配偶及未成年子女）申请贷款购买商品住房时，家庭成员在当地名下无成套住房的，不论是否已利用贷款购买过住房，银行业金融机构均按首套住房执行住房信贷政策。此项政策作为政策工具，纳入“一城一策”工具箱，供城市自主选用。（央视）央视新闻的微博视频,0.0221130221130221,0.5333075856315576,0.3813197682419045,0.0155035593759537,2023-01-17 13:07:15
三部门：将首套房贷款认房不用认贷纳入一城一策工具箱供城市自主选用、认房不认贷政策，算是近期有一定力度的支持房地产政策。主要受惠的是一线及强二线城市。主要受惠群体是大城市的改善型客户。这个政策在一定程度上，能够刺激并释放改善型需求。所以对于中大面积单元，对于中高价格单元市场，会形成支撑。由于这个是针对市场的局部，所以不太可能掀起购房潮，只会对特定城市，特定客户，特定产品，形成新的购买需求。利好局部、主管部门已经明确了可实施认房不认贷。接下来就要看哪些城市会跟进。我个人认为暂时还比较模糊，很难判断。大概率二线城市会有一大部分落地该政策。毕竟相对而言，二线城市在政策制定上自主权更大。而一线城市会否跟进，存在较大较大疑问。如果跟进，也会是二线城市落地之后才会推出。（据说昨天深圳开始执行，但至今没有看到官宣）,0.0196560196560196,-0.2775342847066052,0.4948402432270834,-0.0093066517956184,2023-01-17 13:06:40
深圳无房有贷购房者首付或降至近日，住房城乡建设部、中国人民银行、金融监管总局联合印发了《关于优化个人住房贷款中住房套数认定标准的通知》，推动落实购买首套房贷款“认房不用认贷”政策措施。通知明确，居民家庭（包括借款人、配偶及未成年子女）申请贷款购买商品住房时，家庭成员在当地名下无成套住房的，不论是否已利用贷款购买过住房，银行业金融机构均按首套住房执行住房信贷政策。此项政策作为政策工具，纳入“一城一策”工具箱，供城市自主选用。目前，深圳无房有贷户首付为，若实行“认房不认贷”政策，那么符合条件的购房者首付成本将降至。详情戳深圳无房有贷购房者首付或降至,0.0687960687960688,-0.327822755810949,0.9033312440030404,-0.0702370052357547,2023-01-17 15:16:54
住建部、央行、金融监管总局发布《关于优化个人住房贷款中住房套数认定标准的通知》，推动落实购买首套房贷款“认房不用认贷”政策措施。居民家庭（包括借款人、配偶及未成年子女）申请贷款购买商品住房时，家庭成员在当地名下无成套住房的，不论是否已利用贷款购买过住房，银行业金融机构均按首套住房执行住房信贷政策。此项政策作为政策工具，纳入“一城一策”工具箱，供城市自主选用。,0.0147420147420147,0.1970483122238246,0.5683215488807815,0.0056916727148491,2023-01-17 14:55:05
重磅首套房贷款“认房不用认贷”三部门推动落实购买首套房贷款“认房不用认贷”政策措施记者日从住房和城乡建设部获悉，近日住房城乡建设部、中国人民银行、金融监管总局联合印发了《关于优化个人住房贷款中住房套数认定标准的通知》，推动落实购买首套房贷款“认房不用认贷”政策措施。通知明确，居民家庭（包括借款人、配偶及未成年子女）申请贷款购买商品住房时，家庭成员在当地名下无成套住房的，不论是否已利用贷款购买过住房，银行业金融机构均按首套住房执行住房信贷政策。此项政策作为政策工具，纳入“一城一策”工具箱，供城市自主选用。据住房城乡建设部有关负责同志介绍，此项政策将使更多购房人能够享受首套房贷款的首付比例和利率优惠，有助于降低居民购房成本，更好满足刚性和改善性住房需求。来源：新华社山东潍坊坊子融媒：杨敏彭海程,0.0184275184275184,0.4210196412355839,0.8403589773796004,0.0224776182023186,2023-01-17 12:59:52
重磅三部门发文推动首套房“认房不用认贷”记者月日从住房和城乡建设部获悉，近日住房城乡建设部、中国人民银行、金融监管总局联合印发了《关于优化个人住房贷款中住房套数认定标准的通知》，推动落实购买首套房贷款“认房不用认贷”政策措施。通知明确，居民家庭（包括借款人、配偶及未成年子女）申请贷款购买商品住房时，家庭成员在当地名下无成套住房的，不论是否已利用贷款购买过住房，银行业金融机构均按首套住房执行住房信贷政策。此项政策作为政策工具，纳入“一城一策”工具箱，供城市自主选用。据住房城乡建设部有关负责同志介绍，此项政策将使更多购房人能够享受首套房贷款的首付比例和利率优惠，有助于降低居民购房成本，更好满足刚性和改善性住房需求。来源丨新华社（版权归原作者所有，如有侵权请联系删除）,0.1019656019656019,0.2547450277752147,1.0,0.0895520720007784,2023-01-17 12:53:34
认房不认贷，可以多贷出来的贷款，而且一城一策，每个城市都可以买套房。所以说，想搞好经济、股市、哪个行业，有关部门还是有办法的，工具箱里并不全是喇叭，就看是不是真的想搞好了。,0.0773955773955774,0.1618296902041169,0.6741705399189687,0.0291112164405846,2023-01-17 13:58:03
认房不认贷，官宣。一城一策来实施。,0.0036855036855036,-0.2623465459732521,0.5559667326007645,-0.0018532637937395,2023-01-17 13:10:36
新闻早知道年月日星期六农历七月十一三部门：将首套房贷款“认房不用认贷”纳入一城一策工具箱，供城市自主选用。财政部：延续实施粤港澳大湾区个人所得税优惠政策至底。人社部设立落实就业补助政策监督举报平台。市场监管总局：严禁使用原产地为日本的水产品制作餐食。河南叶县岩盐储量可供全国吃万年；多地通告：串通操纵食盐价格最高罚万元。多地规定不得因暑假作业未完成而处罚学生，合肥设两周“缓交期”。浙江嘉兴：全面取消限购限售，指导商业银行调整存量房贷利率。开发商承诺“降价补差价”，深圳年内首个“保价”楼盘出炉。北京摸排整治非法医疗美容，非医务工作者不得提供医美服务。好声音暂停播出，好声音制作方母公司股价暴跌超。,0.0024570024570024,-0.3921320181065462,0.5436119163207476,-0.0018056896081864,2023-01-17 12:23:40
白话数据年月日建委新房住宅网签套，二手房住宅网签套（网签数据有滞后）。大中介前台挂牌房源量套（中介春节休假前），持续关注。昨日楼市热点：近日，住房城乡建设部、中国人民银行、金融监管总局联合印发了《关于优化个人住房贷款中住房套数认定标准的通知》，推动落实购买首套房贷款“认房不用认贷”政策措施。通知明确，居民家庭包括借款人、配偶及未成年子女申请贷款购买商品住房时，家庭成员在当地名下无成套住房的，不论是否已利用贷款购买过住房，银行业金融机构均按首套住房执行住房信贷政策。此项政策作为政策工具，纳入“一城一策”工具箱，供城市自主选用。月日，北京市规自委挂牌宗预申请住宅用地：房山区拱辰街道地块、、地块，地块土地面积，建筑控制规模，用地性质为二类居住用地、基础教育用地，交易起始价亿元。月日，北京市规自委发布调整通知，将以下宗地块调出年度拟供应商品住宅用地项目清单（第二轮）：朝阳区小红门乡剩余土地一级开发项目二类居住用地、托幼用地。调出原因：正在进行考古发掘工作。通州区宋庄镇寨辛庄村等五村土地一级开发项目、等地块。调出原因：优化区域规划。房山区长阳镇北广阳城棚户区改造项目二片区入市地块、地块。调出原因：正在进行考古发掘工作。房山区拱辰街道地块二类居住用地。调出原因：优化周边配套设施。财政部网站月日消息，财政部会同有关部门发布多项税费优惠政策。在支持居民改善住房条件方面明确，自年月日至年月日，对出售自有住房并在现住房出售后年内在市场重新购买住房的纳税人，对其出售现住房已缴纳的个人所得税予以退税优惠。,0.0319410319410319,0.1016987622241115,0.4455831731239214,0.0049901043495732,2023-01-17 21:47:18
今日热点新闻一览、财政部日印发通知，从减税降费、加强财政金融政策协同、发挥资金引导作用等方面，加强财税支持政策落实，促进中小企业健康高质量发展。、住房和城乡建设部、中国人民银行、金融监管总局近日联合印发通知，明确居民家庭（包括借款人、配偶及未成年子女）申请贷款购买商品住房时，家庭成员在当地名下无成套住房的，银行业金融机构均按首套住房执行住房信贷政策。此项政策作为政策工具，纳入“一城一策”工具箱，供城市自主选用。、财政部、国家税务总局、住房和城乡建设部日前发布公告称，自年月日至年月日，对出售自有住房并在现住房出售后年内在市场重新购买住房的纳税人，对其出售现住房已缴纳的个人所得税予以退税优惠。、农业农村部、国家标准委、住房和城乡建设部近日联合印发《乡村振兴标准化行动方案》。《方案》经国务院标准化协调推进部际联席会议审议通过，共有个部门参与实施，提出到年，农业高质量发展标准体系基本建立。、日，中国外交部发言人针对日本强推核污染水排海表示：日方应当立即纠正向全世界转嫁核污染风险的自私自利行为，不要让“福岛之水”成为“日本之耻”。、市场监管总局日发布，严禁食品生产经营者采购、使用原产地为日本的水产品加工食品、制作餐食或进行销售；严查食盐囤积居奇、捏造散布食盐涨价信息等哄抬价格违法行为。、近日，市场监管总局等四部门部署秋季学校食品安全工作。督促校外供餐单位和学校在开学前全面开展自查，对发现的食品安全问题和隐患建立清单，限期及时整改。、国家外汇管理局日发布统计数据，年月，中国外汇市场（不含外币对市场，下同）总计成交万亿元人民币（等值万亿美元）。、近日，国家卫生健康委办公厅印发《基层卫生健康便民惠民服务举措》，从年间围绕方便居民就医、优化服务提供、简化就医流程、改善服务体验、做好慢病管理等方面提出条具体措施。、国铁集团日消息，月日至月日，铁路迎来学生客流高峰，全国铁路预计发送学生旅客万人次，高峰日预计发送万人次。、水利部日时针对江苏、安徽、山东、河南、湖北、湖南、重庆、四川、贵州、云南、西藏、陕西、甘肃等省区市启动洪水防御级应急响应。受强降雨影响，预计日至日多河流将出现明显涨水过程。、日，谷神星一号遥八运载火箭在我国酒泉卫星发射中心发射成功。、日，载重能力达到万吨的“四航永兴”号半潜驳船在广东江门交付投用。这艘船是目前全球最大的江海两用半潜驳船。、中央气象台日时发布暴雨黄色预警，预计日时至日时，四川东部、重庆、陕西南部和北部、山西、河南中西部、湖北西部等地部分地区有大到暴雨，其中，四川东北部、重庆北部、陕西南部、河南西部、湖北西北部等地部分地区有大暴雨。国际热点资讯一览、近日，经国家文物局授权，中国驻瑞士大使与瑞方签署返还协议，瑞士向我国返还件流失文物艺术品。、日前，美国前总统特朗普就涉嫌推翻年总统选举佐治亚州结果，向该州司法当局自首，并在完成自首流程后离开了富尔顿县监狱。、当地时间月日，美联储主席鲍威尔表示，为抑制通胀压力，美联储准备在适当的情况下进一步加息，同时保持限制性的政策立场，直到确保通胀率降至的目标水平。、当地时间月日，第十届东盟财长和央行行长会议在印尼首都雅加达举办期间，印尼央行与马来西亚央行和泰国央行签署了有关本币交易的谅解备忘录，以减少对美元的依赖。、当地时间月日，波兰农业部长泰卢斯在与保加利亚等四国农业部长会晤后宣布，五国已就乌克兰农产品问题达成一致立场，建议将乌克兰农产品进口禁令延长至今年年底。、全球环境基金第七届成员国大会近日在加拿大温哥华同意设立全球生物多样性框架基金，以加快对野生物种和生态系统的保护。,0.0282555282555282,0.8890280509440514,0.7704450721971313,0.0667231916601296,2023-01-17 13:54:41
每日资讯简报，一分钟知天下事早上好年月日星期六农历七月十一、三部门：首套房贷款“认房不认贷”纳入一城一策工具箱，供城市自主选用；、市监总局：严禁使用日本水产品制作餐食，严查哄抬食盐价格；、全国铁路迎来入学、返校客流，预计发送学生旅客万人次；、今年第号台风“达维”生成，预计将影响日本东部沿海地区；、浙江卫视宣布暂停播出《中国好声音》，制作方母公司股价已暴跌超；、“家有位数”退休干部孙女“北极鲶鱼”炫富，查了个月仍在等通报；、日本化妆品在华销量大幅下滑，多个品牌遭退货，日本一天内两次地震；、研究称气候变化致南极海冰损失，帝企鹅大面积繁殖失败；、日本水产行业哀鸿遍野东电社长声称：想向中方解释，希望撤销进口管制措施；、北京暴雨暴雨天气，出行注意安全；（每日资讯简报）微语不求所有日子都泛着光，只愿你每天都承载着健康，温暖和希望。早安周末愉快秦东记的微博视频,1.0,0.6626595586923487,0.4377168828902658,1.0,2023-01-17 12:43:56
住建部等三部门印发通知，推动落实购买首套房贷款认房不认贷三部门推动落实首套房认房不用认贷近日住房城乡建设部、中国人民银行、金融监管总局联合印发了《关于优化个人住房贷款中住房套数认定标准的通知》，推动落实购买首套房贷款“认房不用认贷”政策措施。通知明确，居民家庭（包括借款人、配偶及未成年子女）申请贷款购买商品住房时，家庭成员在当地名下无成套住房的，不论是否已利用贷款购买过住房，银行业金融机构均按首套住房执行住房信贷政策。此项政策作为政策工具，纳入“一城一策”工具箱，供城市自主选用。,0.0098280098280098,-0.9797247504418888,0.6339216075589736,-0.0210436685188443,2023-01-19 22:55:47
深圳首套房贷款认房不用认贷三部门明确通知明确，居民家庭（包括借款人、配偶及未成年子女）申请贷款购买商品住房时，家庭成员在当地名下无成套住房的，不论是否已利用贷款购买过住房，银行业金融机构均按首套住房执行住房信贷政策。此项政策作为政策工具，纳入“一城一策”工具箱，供城市自主选用。首套房贷款“认房不用认贷”三部门明确,0.0147420147420147,-0.4310075936733887,0.6468425968542347,-0.0141695680152854,2023-01-17 15:02:45
三部门明确首套房贷款“认房不用认贷”记者日从住房和城乡建设部获悉，近日住房城乡建设部、中国人民银行、金融监管总局联合印发了《关于优化个人住房贷款中住房套数认定标准的通知》，推动落实购买首套房贷款“认房不用认贷”政策措施。通知明确，居民家庭（包括借款人、配偶及未成年子女）申请贷款购买商品住房时，家庭成员在当地名下无成套住房的，不论是否已利用贷款购买过住房，银行业金融机构均按首套住房执行住房信贷政策。此项政策作为政策工具，纳入“一城一策”工具箱，供城市自主选用。据住房城乡建设部有关负责同志介绍，此项政策将使更多购房人能够享受首套房贷款的首付比例和利率优惠，有助于降低居民购房成本，更好满足刚性和改善性住房需求。香港衛視的微博视频,0.0049140049140049,0.7802611200232328,0.5683215488807815,0.0075125246818479,2023-02-18 09:48:08
三部门：推动落实买首套房贷款认房不用认贷近日住房城乡建设部、中国人民银行、金融监管总局联合印发了《关于优化个人住房贷款中住房套数认定标准的通知》，推动落实购买首套房贷款“认房不用认贷”政策措施。通知明确，居民家庭（包括借款人、配偶及未成年子女）申请贷款购买商品住房时，家庭成员在当地名下无成套住房的，不论是否已利用贷款购买过住房，银行业金融机构均按首套住房执行住房信贷政策。此项政策作为政策工具，纳入“一城一策”工具箱，供城市自主选用。据住房城乡建设部有关负责同志介绍，此项政策将使更多购房人能够享受首套房贷款的首付比例和利率优惠，有助于降低居民购房成本，更好满足刚性和改善性住房需求。的微博视频,0.0036855036855036,-0.6720117231861931,0.5559667326007645,-0.0047472132363292,2023-01-31 08:26:57
一、居民家庭（包括借款人、配偶及未成年子女，下同）申请贷款购买商品住房时，家庭成员在当地名下无成套住房的，不论是否已利用贷款购买过住房，银行业金融机构均按首套住房执行住房信贷政策。二、家庭住房套数由城市政府指定的住房套数查询或认定责任部门，根据居民家庭申请或授权，提供查询服务并出具查询结果或认定证明。三、此项政策作为政策工具，纳入“一城一策”工具箱。《住房城乡建设部中国人民银行中国银行业监督管理委员会关于规范商业性个人住房贷款中第二套住房认定标准的通知》（建房号）、《中国人民银行中国银行业监督管理委员会关于进一步做好住房金融服务工作的通知》（银发号）与本通知不一致的，以本通知为准。,0.027027027027027,-0.1804829495533998,0.4225002450412549,-0.0071052220710495,2023-01-19 14:15:55
三部门重磅发布“认房不用认贷”来了，谁能受益？官方推动落实购买首套房贷款认房不用认贷近日，住房和城乡建设部、中国人民银行、国家金融监管总局联合印发了《关于优化个人住房贷款中住房套数认定标准的通知》，推动落实购买首套房贷款“认房不用认贷”政策措施。通知明确，居民家庭（包括展开,0.0036855036855036,-0.0175396962650613,0.5559667326007645,-0.0001239036097107,2023-01-18 21:05:41
推动落实首套房认房不认贷政策从住房和城乡建设部获悉，近日住房城乡建设部、中国人民银行、金融监管总局联合印发了《关于优化个人住房贷款中住房套数认定标准的通知》，推动落实购买首套房贷款“认房不用认贷”政策措施。通知明确，居民家庭（包括借款人、配偶及未成年子女）申请贷款购买商品住房时，家庭成员在当地名下无成套住房的，不论是否已利用贷款购买过住房，银行业金融机构均按首套住房执行住房信贷政策。此项政策作为政策工具，纳入“一城一策”工具箱，供城市自主选用。据住房城乡建设部有关负责同志介绍，此项政策将使更多购房人能够享受首套房贷款的首付比例和利率优惠，有助于降低居民购房成本，更好满足刚性和改善性住房需求。推动落实购买首套房贷款认房不用认贷,0.011056511056511,0.5298447900481311,0.5683215488807815,0.0114782883722308,2023-01-18 12:20:03
三部门明确首套房贷款认房不用认贷近日，住房城乡建设部、中国人民银行、金融监管总局联合印发了通知，推动落实购买首套房贷款“认房不用认贷”政策措施。通知明确，居民家庭（包括借款人、配偶及未成年子女）申请贷款购买商品住房时，家庭成员在当地名下无成套住房的，不论是否已利用贷款购买过住房，银行业金融机构均按首套住房执行住房信贷政策。此项政策作为政策工具，纳入“一城一策”工具箱，供城市自主选用。住房城乡建设部表示，此项政策将使更多购房人能够享受首套房贷款的首付比例和利率优惠，有助于降低居民购房成本，更好满足刚性和改善性住房需求。（资料住房和城乡建设部、新华社）,0.027027027027027,0.408220376804804,0.4921205059606092,0.0187189141396717,2023-01-18 08:02:22
三部门：将首套房贷款“认房不用认贷”纳入“一城一策”工具箱供城市自主选用近日住房城乡建设部、中国人民银行、金融监管总局联合印发了《关于优化个人住房贷款中住房套数认定标准的通知》，推动落实购买首套房贷款“认房不用认贷”政策措施。通知明确，居民家庭（包括借款人、配偶及未成年子女）申请贷款购买商品住房时，家庭成员在当地名下无成套住房的，不论是否已利用贷款购买过住房，银行业金融机构均按首套住房执行住房信贷政策。此项政策作为政策工具，纳入“一城一策”工具箱，供城市自主选用。据住房城乡建设部有关负责同志介绍，此项政策将使更多购房人能够享受首套房贷款的首付比例和利率优惠，有助于降低居民购房成本，更好满足刚性和改善性住房需求。,0.0049140049140049,-0.1537042010866829,0.5055901617411993,-0.001316546412647,2023-01-18 02:08:50
认房不认贷，换房退税政策真的要来了？三部门：将首套房贷款“认房不用认贷”纳入“一城一策”工具箱供城市自主选用，深圳会启用吗？,0.0012285012285012,-0.3756455034648576,0.5436119163207476,-0.0008648862508648,2023-01-18 01:35:44
通知明确，居民家庭（包括借款人、配偶及未成年子女）申请贷款购买商品住房时，家庭成员在当地名下无成套住房的，不论是否已利用贷款购买过住房，银行业金融机构均按首套住房执行住房信贷政策。此项政策作为政策工具，纳入“一城一策”工具箱，供城市自主选用。据住房城乡建设部有关负责同志介绍，此项政策将使更多购房人能够享受首套房贷款的首付比例和利率优惠，有助于降低居民购房成本，更好满足刚性和改善性住房需求。,0.011056511056511,-0.6230360694888541,0.5436119163207476,-0.0129103048696486,2023-01-18 00:45:35
推动落实首套房贷款认房不认贷三部门“一城一策”工具箱。据住房城乡建设部有关负责同志介绍，此项政策将使更多购房人能够享受首套房贷款的首付比例和利率优惠，有助于降低居民购房成本，更好满足刚性和改善性住房需求。首套房贷款认房不认贷,0.0036855036855036,0.6241610738255037,0.5436119163207476,0.004311205586896,2023-01-17 21:40:05
财政部官宣，这类情况全额退近日，财政部发布了关于延续实施支持居民换购住房有关个人所得税政策的公告。为继续支持居民改善住房条件，现就有关个人所得税政策公告如下：一、自年月日至年月日，对出售自有住房并在现住房出售后年内在市场重新购买住房的纳税人，对其出售现住房已缴纳的个人所得税予以退税优惠。其中，新购住房金额大于或等于现住房转让金额的，全部退还已缴纳的个人所得税；新购住房金额小于现住房转让金额的，按新购住房金额占现住房转让金额的比例退还出售现住房已缴纳的个人所得税。二、本公告所称现住房转让金额为该房屋转让的市场成交价格。新购住房为新房的，购房金额为纳税人在住房城乡建设部门网签备案的购房合同中注明的成交价格；新购住房为二手房的，购房金额为房屋的成交价格。三、享受本公告规定优惠政策的纳税人须同时满足以下条件：纳税人出售和重新购买的住房应在同一城市范围内。同一城市范围是指同一直辖市、副省级城市、地级市（地区、州、盟）所辖全部行政区划范围。出售自有住房的纳税人与新购住房之间须直接相关，应为新购住房产权人或产权人之一。四、符合退税优惠政策条件的纳税人应向主管税务机关提供合法、有效的售房、购房合同和主管税务机关要求提供的其他有关材料，经主管税务机关审核后办理退税。深圳楼市,0.0145985401459854,0.2942541023529154,0.5809500683991943,0.0156741325434048,2023-01-17 21:02:47
关于延续实施支持居民换购住房有关个人所得税政策的公告财政部、税务总局、住房城乡建设部发布年第号公告，明确自年月日至年月日，对出售自有住房并在现住房出售后年内在市场重新购买住房的纳税人，对其出售现住房已缴纳的个人所得税予以退税优惠。其中，新购住房金额大于或等于现住房转让金额的，全部退还已缴纳的个人所得税；新购住房金额小于现住房转让金额的，按新购住房金额占现住房转让金额的比例退还出售现住房已缴纳的个人所得税。微博正文来源：中国政府网,0.0145985401459854,0.9146086484166394,0.7905464416799798,0.0662956256264738,2023-01-17 19:39:18
财政部、税务总局、住房城乡建设部发布《关于延续实施支持居民换购住房有关个人所得税政策的公告》自年月日至年月日，对出售自有住房并在现住房出售后年内在市场重新购买住房的纳税人，对其出售现住房已缴纳的个人所得税予以退税优惠。其中，新购住房金额大于或等于现住房转让金额的，全部退还已缴纳的个人所得税；新购住房金额小于现住房转让金额的，按新购住房金额占现住房转让金额的比例退还出售现住房已缴纳的个人所得税。本公告所称现住房转让金额为该房屋转让的市场成交价格。新购住房为新房的，购房金额为纳税人在住房城乡建设部门网签备案的购房合同中注明的成交价格；新购住房为二手房的，购房金额为房屋的成交价格。,0.0072992700729927,-0.9640901811316158,0.7814597009710146,-0.0345395307027994,2023-01-17 17:13:42
关于延续实施支持居民换购住房有关个人所得税政策的公告财政部、税务总局、住房城乡建设部发布年第号公告，明确自年月日至年月日，对出售自有住房并在现住房出售后年内在市场重新购买住房的纳税人，对其出售现住房已缴纳的个人所得税予以退税优惠。其中，新购住房金额大于或等于现住房转让金额的，全部退还已缴纳的个人所得税；新购住房金额小于现住房转让金额的，按新购住房金额占现住房转让金额的比例退还出售现住房已缴纳的个人所得税。网页链接,0.0145985401459854,-0.8720109508248379,0.7814597009710146,-0.0624813935431629,2023-01-17 15:28:35
《关于优化个人住房贷款中住房套数认定标准的通知》，推动落实购买首套房贷款“认房不用认贷”政策措施。通知明确，居民家庭（包括借款人、配偶及未成年子女）申请贷款购买商品住房时，家庭成员在当地名下无成套住房的，不论是否已利用贷款购买过住房，银行业金融机构均按首套住房执行住房信贷政策。此项政策作为政策工具，纳入“一城一策”工具箱，供城市自主选用。据住房城乡建设部有关负责同志介绍，此项政策将使更多购房人能够享受首套房贷款的首付比例和利率优惠，有助于降低居民购房成本，更好满足刚性和改善性住房需求。除此之外，财政部、税务总局、住房城乡建设部发布《关于延续实施支持居民换购住房有关个人所得税政策的公告》。自年月日至年月日，对出售自有住房并在现住房出售后年内在市场重新购买住房的纳税人，对其出售现住房已缴纳的个人所得税予以退税优惠。其中，新购住房金额大于或等于现住房转让金额的，全部退还已缴纳的个人所得税；新购住房金额小于现住房转让金额的，按新购住房金额占现住房转让金额的比例退还出售现住房已缴纳的个人所得税。本公告所称现住房转让金额为该房屋转让的市场成交价格。新购住房为新房的，购房金额为纳税人在住房城乡建设部门网签备案的购房合同中注明的成交价格；新购住房为二手房的，购房金额为房屋的成交价格。,0.0145985401459854,0.0983785537787462,0.7905464416799798,0.0071309928921846,2023-01-17 15:16:42
三部门：延续实施支持居民换购住房有关个人所得税政策财政部、税务总局、住房城乡建设部发布《关于延续实施支持居民换购住房有关个人所得税政策的公告》。一、自年月日至年月日，对出售自有住房并在现住房出售后年内在市场重新购买住房的纳税人，对其出售现住房已缴纳的个人所得税予以退税优惠。其中，新购住房金额大于或等于现住房转让金额的，全部退还已缴纳的个人所得税；新购住房金额小于现住房转让金额的，按新购住房金额占现住房转让金额的比例退还出售现住房已缴纳的个人所得税。二、本公告所称现住房转让金额为该房屋转让的市场成交价格。新购住房为新房的，购房金额为纳税人在住房城乡建设部门网签备案的购房合同中注明的成交价格；新购住房为二手房的，购房金额为房屋的成交价格。详情如下新华网山西政法,0.0072992700729927,0.2877814258285525,0.8087199230979104,0.0106697216073418,2023-01-17 13:56:03
滇旅微头条三部门：延续实施支持居民换购住房有关个人所得税政策财政部、税务总局、住房城乡建设部发布《关于延续实施支持居民换购住房有关个人所得税政策的公告》。一、自年月日至年月日，对出售自有住房并在现住房出售后年内在市场重新购买住房的纳税人，对其出售现住房已缴纳的个人所得税予以退税优惠。其中，新购住房金额大于或等于现住房转让金额的，全部退还已缴纳的个人所得税；新购住房金额小于现住房转让金额的，按新购住房金额占现住房转让金额的比例退还出售现住房已缴纳的个人所得税。二、本公告所称现住房转让金额为该房屋转让的市场成交价格。新购住房为新房的，购房金额为纳税人在住房城乡建设部门网签备案的购房合同中注明的成交价格；新购住房为二手房的，购房金额为房屋的成交价格。详情如下（新华网）,0.0145985401459854,0.6241610738255037,0.7814597009710146,0.0447224357115305,2023-01-17 12:47:01
三部门：延续实施支持居民换购住房有关个人所得税政策财政部、税务总局、住房城乡建设部发布《关于延续实施支持居民换购住房有关个人所得税政策的公告》。一、自年月日至年月日，对出售自有住房并在现住房出售后年内在市场重新购买住房的纳税人，对其出售现住房已缴纳的个人所得税予以退税优惠。其中，新购住房金额大于或等于现住房转让金额的，全部退还已缴纳的个人所得税；新购住房金额小于现住房转让金额的，按新购住房金额占现住房转让金额的比例退还出售现住房已缴纳的个人所得税。二、本公告所称现住房转让金额为该房屋转让的市场成交价格。新购住房为新房的，购房金额为纳税人在住房城乡建设部门网签备案的购房合同中注明的成交价格；新购住房为二手房的，购房金额为房屋的成交价格。详情如下,0.4014598540145985,-0.3159386749444899,1.0,-0.7966318532839333,------
三部门：延续支持居民换购住房有关个人所得税政策实施财政部、税务总局、住房城乡建设部发布《关于延续实施支持居民换购住房有关个人所得税政策的公告》。自年月日至年月日，对出售自有住房并在现住房出售后年内在市场重新购买住房的纳税人，对其出售现住房已缴纳的个人所得税予以退税优惠。其中，新购住房金额大于或等于现住房转让金额的，全部退还已缴纳的个人所得税；新购住房金额小于现住房转让金额的，按新购住房金额占现住房转让金额的比例退还出售现住房已缴纳的个人所得税。本公告所称现住房转让金额为该房屋转让的市场成交价格。新购住房为新房的，购房金额为纳税人在住房城乡建设部门网签备案的购房合同中注明的成交价格；新购住房为二手房的，购房金额为房屋的成交价格。,0.7299270072992701,-0.334397162658883,0.6522967735561581,-1.0,2023-01-17 12:40:15
这个是真实惠。。。《太原楼市出新政：支持居民换购住房退还个人所得税》,0.0145985401459854,0.9493488537121072,0.7814597009710146,0.0680228147162934,2023-01-17 12:32:12
太原楼市出新政：太原支持居民换购住房退还个税太原市人民政府办公室印发《关于促进房地产市场平稳发展的若干措施》，已开始实施。《措施》的主要内容有项，包括满足刚性住房需求、支持改善性住房需求、加大助企纾困力度、加快建立租购并举的住房制度等。《措施》提到，在太原市购买新建商品住房的，按照中国人民银行、国家金融监督管理总局有关政策下限执行首套房和二套房最低按揭贷款首付比例和贷款利率。支持居民换购住房退还个人所得税，自年月日起至年月日，对出售自有住房并在现住房出售后年内在太原市范围内重新购买住房的纳税人，对其出售现住房已缴纳的个人所得税予以退税优惠。企业监管账户内资金达到《商品房预售资金监管办法》规定的重点监管资金额度后，房地产企业可向商业银行申请出具保函置换重点监管额度内资金，保函置换金额不得超过监管账户中确保项目竣工交付所需资金额度的。来自财联社,0.0656934306569343,-0.8913183782437843,0.8462198196208852,-0.3112079978279921,2023-01-17 18:26:26
太原楼市出新政：支持居民换购住房退还个人所得税财联社财联社新闻的微博视频,0.0218978102189781,0.69114950743306,0.7996331823889451,0.0760109658638944,2023-01-17 12:31:02
太原支持居民换购住房退还个税月日消息，太原市人民政府办公室印发《关于促进房地产市场平稳发展的若干措施》，已开始实施。《措施》的主要内容有项，包括满足刚性住房需求、支持改善性住房需求、加大助企纾困力度、加快建立租购并举的住房制度等。《措施》提到，在太原市购买新建商品住展开,0.0510948905109489,-0.6420068052257413,0.7996331823889451,-0.1647481950099376,2023-01-17 12:33:46
太原支持居民换购住房退还个人所得税太原楼市出新政：支持居民换购住房退还个人所得税财联社月日电，太原市人民政府办公室印发《关于促进房地产市场平稳发展的若干措施》，已开始实施。《措施》的主要内容有项，包括满足刚性住房需求、支持改善性住房需求、加大助企纾困力度、加快建立租购并举的住房制度等。《措施》提到，在太原市购买新建商品住房的，按照中国人民银行、国家金融监督管理总局有关政策下限执行首套房和二套房最低按揭贷款首付比例和贷款利率。支持居民换购住房退还个人所得税，自年月日起至年月日，对出售自有住房并在现住房出售后年内在太原市范围内重新购买住房的纳税人，对其出售现住房已缴纳的个人所得税予以退税优惠。企业监管账户内资金达到《商品房预售资金监管办法》规定的重点监管资金额度后，房地产企业可向商业银行申请出具保函置换重点监管额度内资金，保函置换金额不得超过监管账户中确保项目竣工交付所需资金额度的。,0.1167883211678832,-0.1252069096443681,0.753595508497148,-0.0692115804092376,2023-01-17 15:26:06
太原楼市出新政：支持居民换购住房退还个人所得税太原市人民政府办公室印发《关于促进房地产市场平稳发展的若干措施》，已开始实施。《措施》的主要内容有项，包括满足刚性住房需求、支持改善性住房需求、加大助企纾困力度、加快建立租购并举的住房制度等。《措施》提到，在太原市购买新建商品住房的，按照中国人民银行、国家金融监督管理总局有关政策下限执行首套房和二套房最低按揭贷款首付比例和贷款利率。支持居民换购住房退还个人所得税，自年月日起至年月日，对出售自有住房并在现住房出售后年内在太原市范围内重新购买住房的纳税人，对其出售现住房已缴纳的个人所得税予以退税优惠。企业监管账户内资金达到《商品房预售资金监管办法》规定的重点监管资金额度后，房地产企业可向商业银行申请出具保函置换重点监管额度内资金，保函置换金额不得超过监管账户中确保项目竣工交付所需资金额度的。,1.0,0.0290669439279168,0.6069893341576247,0.1108136310312207,2023-01-18 14:40:43
居民换购住房个税退税怎么退？划重点近日，三部门联合发布《关于延续实施支持居民换购住房有关个人所得税政策的公告》，优惠政策有哪些？退税金额如何计算？戳图带你学会中国政府网,0.0086206896551724,0.9421089535097088,0.5353689809415275,0.0089783795916056,2023-01-18 06:28:56
伊川人退钱了退钱了近日财政部、国家税务总局、住房城乡建设部发布公告延续实施支持居民换购住房相关税收优惠政策根据公告，对出售自有住房并在现住房出售后年内在市场重新购买住房的纳税人，对其出售现住房已缴纳的个人所得税予以退税优惠，公告执行至年底。具体来看，新购住房金额大于或等于现住房转让金额的，全部退还已缴纳的个人所得税；新购住房金额小于现住房转让金额的，按新购住房金额占现住房转让金额的比例退还出售现住房已缴纳的个人所得税。财政部税务总局住房城乡建设部关于延续实施支持居民换购住房有关个人所得税政策的公告财政部税务总局住房城乡建设部公告年第号为继续支持居民改善住房条件，现就有关个人所得税政策公告如下：一、自年月日至年月日，对出售自有住房并在现住房出售后年内在市场重新购买住房的纳税人，对其出售现住房已缴纳的个人所得税予以退税优惠。其中，新购住房金额大于或等于现住房转让金额的，全部退还已缴纳的个人所得税；新购住房金额小于现住房转让金额的，按新购住房金额占现住房转让金额的比例退还出售现住房已缴纳的个人所得税。二、本公告所称现住房转让金额为该房屋转让的市场成交价格。新购住房为新房的，购房金额为纳税人在住房城乡建设部门网签备案的购房合同中注明的成交价格；新购住房为二手房的，购房金额为房屋的成交价格。三、享受本公告规定优惠政策的纳税人须同时满足以下条件：纳税人出售和重新购买的住房应在同一城市范围内。同一城市范围是指同一直辖市、副省级城市、地级市（地区、州、盟）所辖全部行政区划范围。出售自有住房的纳税人与新购住房之间须直接相关，应为新购住房产权人或产权人之一。四、符合退税优惠政策条件的纳税人应向主管税务机关提供合法、有效的售房、购房合同和主管税务机关要求提供的其他有关材料，经主管税务机关审核后办理退税。五、各级住房城乡建设部门应与税务部门建立信息共享机制，将本地区房屋交易合同网签备案等信息（含撤销备案信息）实时共享至当地税务部门；暂未实现信息实时共享的地区，要建立健全工作机制，确保税务部门及时获取审核退税所需的房屋交易合同备案信息。特此公告。财政部税务总局住房城乡建设部年月日中国社会科学院财经战略研究院财政研究室主任何代欣表示，为支持居民改善住房条件，去年，财政部等部门出台了支持居民换购住房有关个人所得税政策，政策将于今年底到期。三部门此次发布的公告明确将这项政策延续实施至年底，有助于继续支持居民改善住房条件。此外，为继续支持公共租赁住房建设和运营，财政部、税务总局发布公告，明确继续实施公共租赁住房税收优惠政策至年底。,0.5,0.5017773809035051,0.6997656883609183,0.3625228157583686,2023-01-17 18:59:54
速看换房有钱退，延续至年底近日财政部、国家税务总局、住房城乡建设部发布公告延续实施支持居民换购住房相关税收优惠政策换房有钱退了根据公告，对出售自有住房并在现住房出售后年内在市场重新购买住房的纳税人，对其出售现住房已缴纳的个人所得税予以退税优惠，公告执行至年底。具体来看，新购住房金额大于或等于现住房转让金额的，全部退还已缴纳的个人所得税；新购住房金额小于现住房转让金额的，按新购住房金额占现住房转让金额的比例退还出售现住房已缴纳的个人所得税。财政部税务总局住房城乡建设部关于延续实施支持居民换购住房有关个人所得税政策的公告为继续支持居民改善住房条件，现就有关个人所得税政策公告如下：一、自年月日至年月日，对出售自有住房并在现住房出售后年内在市场重新购买住房的纳税人，对其出售现住房已缴纳的个人所得税予以退税优惠。其中，新购住房金额大于或等于现住房转让金额的，全部退还已缴纳的个人所得税；新购住房金额小于现住房转让金额的，按新购住房金额占现住房转让金额的比例退还出售现住房已缴纳的个人所得税。二、本公告所称现住房转让金额为该房屋转让的市场成交价格。新购住房为新房的，购房金额为纳税人在住房城乡建设部门网签备案的购房合同中注明的成交价格；新购住房为二手房的，购房金额为房屋的成交价格。三、享受本公告规定优惠政策的纳税人须同时满足以下条件：纳税人出售和重新购买的住房应在同一城市范围内。同一城市范围是指同一直辖市、副省级城市、地级市（地区、州、盟）所辖全部行政区划范围。出售自有住房的纳税人与新购住房之间须直接相关，应为新购住房产权人或产权人之一。四、符合退税优惠政策条件的纳税人应向主管税务机关提供合法、有效的售房、购房合同和主管税务机关要求提供的其他有关材料，经主管税务机关审核后办理退税。五、各级住房城乡建设部门应与税务部门建立信息共享机制，将本地区房屋交易合同网签备案等信息（含撤销备案信息）实时共享至当地税务部门；暂未实现信息实时共享的地区，要建立健全工作机制，确保税务部门及时获取审核退税所需的房屋交易合同备案信息。特此公告。财政部税务总局住房城乡建设部年月日中国社会科学院财经战略研究院财政研究室主任何代欣表示，为支持居民改善住房条件，去年，财政部等部门出台了支持居民换购住房有关个人所得税政策，政策将于今年底到期。三部门此次发布的公告明确将这项政策延续实施至年底，有助于继续支持居民改善住房条件。此外，为继续支持公共租赁住房建设和运营，财政部、税务总局发布公告，明确继续实施公共租赁住房税收优惠政策至年底。来源：国家税务总局、央视新闻山东潍坊坊子融媒：李炳霏彭海程,0.1724137931034483,0.3336649252444109,0.8367402659672716,0.0993973594796538,2023-01-10 10:44:59
认房不用认贷将为购房者带来哪些实惠？据新华社：推动落实购买首套房贷款“认房不用认贷”政策措施，延续实施支持居民换购住房有关个人所得税政策近日，我国房地产政策持续调整优化。这些政策将为居民购房带来哪些便利和实惠？据介绍，这一政策总结起来即是“换房可退个税”。业内人士表示展开,0.0172413793103448,-0.9973627456552032,0.5353689809415275,-0.0190099059936938,2023-01-17 17:48:40
新华解码认房不用认贷将为购房者带来哪些实惠近日，我国房地产政策持续调整优化。住房城乡建设部、中国人民银行、金融监管总局近日联合印发《关于优化个人住房贷款中住房套数认定标准的通知》。通知明确，居民家庭（包括借款人、配偶及未成年子女）申请贷款购买商品住房时，家庭成员在当地名下无成套住房的，不论是否已利用贷款购买过住房，银行业金融机构均按首套住房执行住房信贷政策。推动落实购买首套房贷款“认房不用认贷”政策措施，延续实施支持居民换购住房有关个人所得税政策政策将为居民购房带来哪些便利和实惠？,0.1379310344827586,-0.4355417262462219,0.4123645502934415,-0.0511534230442171,2023-01-17 17:00:27
认房不用认贷将为购房者带来哪些实惠？据新华社：推动落实购买首套房贷款“认房不用认贷”政策措施，延续实施支持居民换购住房有关个人所得税政策近日，我国房地产政策持续调整优化。这些政策将为居民购房带来哪些便利和实惠？据介绍，这一政策总结起来即是“换房可退个税”。业内人士表示，对于大部分城市来说，换房可以节省万至万元税费，而北京等城市部分房源能节省更多税费。交易房屋情况不同，个税征收情况也不同。详戳,0.0172413793103448,-0.8351652322994516,0.5452832213293336,-0.0162131784704896,2023-01-17 14:16:56
财科分钟新华社解读认房不认贷政策：认房不用认贷”将为购房者带来哪些实惠？推动落实购买首套房贷款“认房不用认贷”政策措施，延续实施支持居民换购住房有关个人所得税政策近日，我国房地产政策持续调整优化。这些政策将为居民购房带来哪些便利和实惠？,0.0172413793103448,0.7100365462170015,0.5353689809415275,0.0135334190638984,2023-01-17 13:08:41
三部门：延续实施支持居民换购住房有关个人所得税政策财政部、税务总局、住房城乡建设部发布《关于延续实施支持居民换购住房有关个人所得税政策的公告》。自年月日至年月日，对出售自有住房并在现住房出售后年内在市场重新购买住房的纳税人，对其出售现住房已缴纳的个人所得税予以退税优惠。其中，新购住房金额大于或等于现住房转让金额的，全部退还已缴纳的个人所得税；新购住房金额小于现住房转让金额的，按新购住房金额占现住房转让金额的比例退还出售现住房已缴纳的个人所得税。本公告所称现住房转让金额为该房屋转让的市场成交价格。新购住房为新房的，购房金额为纳税人在住房城乡建设部门网签备案的购房合同中注明的成交价格；新购住房为二手房的，购房金额为房屋的成交价格。（央广网）,0.0172413793103448,0.7911707066643898,0.5353689809415275,0.015079850159005,2023-01-18 10:08:20
退钱了退钱了近日财政部、国家税务总局、住房城乡建设部发布公告延续实施支持居民换购住房相关税收优惠政策根据公告，对出售自有住房并在现住房出售后年内在市场重新购买住房的纳税人，对其出售现住房已缴纳的个人所得税予以退税优惠，公告执行至年底。具体来看，新购住房金额大于或等于现住房转让金额的，全部退还已缴纳的个人所得税；新购住房金额小于现住房转让金额的，按新购住房金额占现住房转让金额的比例退还出售现住房已缴纳的个人所得税。财政部税务总局住房城乡建设部关于延续实施支持居民换购住房有关个人所得税政策的公告财政部税务总局住房城乡建设部公告年第号为继续支持居民改善住房条件，现就有关个人所得税政策公告如下：一、自年月日至年月日，对出售自有住房并在现住房出售后年内在市场重新购买住房的纳税人，对其出售现住房已缴纳的个人所得税予以退税优惠。其中，新购住房金额大于或等于现住房转让金额的，全部退还已缴纳的个人所得税；新购住房金额小于现住房转让金额的，按新购住房金额占现住房转让金额的比例退还出售现住房已缴纳的个人所得税。二、本公告所称现住房转让金额为该房屋转让的市场成交价格。新购住房为新房的，购房金额为纳税人在住房城乡建设部门网签备案的购房合同中注明的成交价格；新购住房为二手房的，购房金额为房屋的成交价格。三、享受本公告规定优惠政策的纳税人须同时满足以下条件：纳税人出售和重新购买的住房应在同一城市范围内。同一城市范围是指同一直辖市、副省级城市、地级市（地区、州、盟）所辖全部行政区划范围。出售自有住房的纳税人与新购住房之间须直接相关，应为新购住房产权人或产权人之一。四、符合退税优惠政策条件的纳税人应向主管税务机关提供合法、有效的售房、购房合同和主管税务机关要求提供的其他有关材料，经主管税务机关审核后办理退税。五、各级住房城乡建设部门应与税务部门建立信息共享机制，将本地区房屋交易合同网签备案等信息（含撤销备案信息）实时共享至当地税务部门；暂未实现信息实时共享的地区，要建立健全工作机制，确保税务部门及时获取审核退税所需的房屋交易合同备案信息。特此公告。财政部税务总局住房城乡建设部年月日中国社会科学院财经战略研究院财政研究室主任何代欣表示，为支持居民改善住房条件，去年，财政部等部门出台了支持居民换购住房有关个人所得税政策，政策将于今年底到期。三部门此次发布的公告明确将这项政策延续实施至年底，有助于继续支持居民改善住房条件。此外，为继续支持公共租赁住房建设和运营，财政部、税务总局发布公告，明确继续实施公共租赁住房税收优惠政策至年底。来源：国家税务总局、央视新闻,1.0,0.2586195833571671,0.5493457067693038,0.293365310418896,2023-01-18 00:20:27
明确可以退钱了近日，财政部、国家税务总局、住房城乡建设部发布公告，延续实施支持居民换购住房相关税收优惠政策。根据公告，对出售自有住房并在现住房出售后年内在市场重新购买住房的纳税人，对其出售现住房已缴纳的个人所得税予以退税优惠，公告执行至年底。具体来看，新购住房金额大于或等于现住房转让金额的，全部退还已缴纳的个人所得税；新购住房金额小于现住房转让金额的，按新购住房金额占现住房转让金额的比例退还出售现住房已缴纳的个人所得税。财政部税务总局住房城乡建设部关于延续实施支持居民换购住房有关个人所得税政策的公告财政部税务总局住房城乡建设部公告年第号为继续支持居民改善住房条件，现就有关个人所得税政策公告如下：一、自年月日至年月日，对出售自有住房并在现住房出售后年内在市场重新购买住房的纳税人，对其出售现住房已缴纳的个人所得税予以退税优惠。其中，新购住房金额大于或等于现住房转让金额的，全部退还已缴纳的个人所得税；新购住房金额小于现住房转让金额的，按新购住房金额占现住房转让金额的比例退还出售现住房已缴纳的个人所得税。二、本公告所称现住房转让金额为该房屋转让的市场成交价格。新购住房为新房的，购房金额为纳税人在住房城乡建设部门网签备案的购房合同中注明的成交价格；新购住房为二手房的，购房金额为房屋的成交价格。三、享受本公告规定优惠政策的纳税人须同时满足以下条件：纳税人出售和重新购买的住房应在同一城市范围内。同一城市范围是指同一直辖市、副省级城市、地级市（地区、州、盟）所辖全部行政区划范围。出售自有住房的纳税人与新购住房之间须直接相关，应为新购住房产权人或产权人之一。四、符合退税优惠政策条件的纳税人应向主管税务机关提供合法、有效的售房、购房合同和主管税务机关要求提供的其他有关材料，经主管税务机关审核后办理退税。五、各级住房城乡建设部门应与税务部门建立信息共享机制，将本地区房屋交易合同网签备案等信息（含撤销备案信息）实时共享至当地税务部门；暂未实现信息实时共享的地区，要建立健全工作机制，确保税务部门及时获取审核退税所需的房屋交易合同备案信息。特此公告。财政部税务总局住房城乡建设部年月日中国社会科学院财经战略研究院财政研究室主任何代欣表示，为支持居民改善住房条件，去年，财政部等部门出台了支持居民换购住房有关个人所得税政策，政策将于今年底到期。三部门此次发布的公告明确将这项政策延续实施至年底，有助于继续支持居民改善住房条件。此外，为继续支持公共租赁住房建设和运营，财政部、税务总局发布公告，明确继续实施公共租赁住房税收优惠政策至年底。来源：国家税务总局央视新闻大众日报,0.9224137931034484,0.2632886264839982,1.0,0.501486796819679,2023-01-10 09:37:30
三部门发布延续实施支持居民换购住房有关个人所得税政策《关于延续实施支持居民换购住房有关个人所得税政策的公告》发布，明确自年月日至年月日，对出售自有住房并在现住房出售后年内在市场重新购买住房的纳税人，对其出售现住房已缴纳的个人所得税予以退税优惠。（中国建设报）网页链接,0.0775862068965517,0.2877814258285525,0.6245971444317822,0.0287971090224799,2023-01-17 14:17:41
个税全退，换房正当时月日，财政部、税务总局、住建部发布《关于延续实施支持居民换购住房有关个人所得税政策的公告》。自年月日至年月日，出售自有住房并在年内重新购买住房的纳税人，售房缴纳的个人所得税全部退还。点评：个税是很大一项税负，尤其是豪宅的交易，个税很高，这个政策对于前期已经在房价上涨中获利的人来说是很有好处的，前期房价已经上涨很多，但是房龄过了多年，继续涨价潜力变弱，或者自己有更好的居住需求，都可以卖旧换新，这就是我们说的，当下应该趁机整理房产资产的时候，不要被网上的舆论影响情绪，那些跟你有关系也没关系，凡是在国内的钱，未来都会随着现金而贬值，还不如整理为优质房产呢。北京微博房产,0.0689655172413793,-0.790145201992311,0.5452832213293336,-0.0613567935160841,2023-01-17 13:41:07
关于延续实施支持居民换购住房有关个人所得税政策的公告财政部、税务总局、住房城乡建设部发布年第号公告，明确自年月日至年月日，对出售自有住房并在现住房出售后年内在市场重新购买住房的纳税人，对其出售现住房已缴纳的个人所得税予以退税优惠。其中，新购住房金额大于或等于现住房转让金额的，全部退还已缴纳的个人所得税；新购住房金额小于现住房转让金额的，按新购住房金额占现住房转让金额的比例退还出售现住房已缴纳的个人所得税。（中国政府网）,0.0086206896551724,0.9444679342152652,0.5353689809415275,0.009000860881211,------
三部门：居民换购住房有关个人所得税政策延续实施财政部、国家税务总局、住房城乡建设部近日发布公告，延续实施支持居民换购住房相关税收优惠政策。三部门：居民换购住房有关个人所得税政策延续实施,0.1206896551724138,0.0,0.5452832213293336,0.0,2023-01-12 09:18:39
三部门：延续实施支持居民换购住房有关个人所得税政策财政部、税务总局、住房城乡建设部发布《关于延续实施支持居民换购住房有关个人所得税政策的公告》。一、自年月日至年月日，对出售自有住房并在现住房出售后年内在市场重新购买住房的纳税人，对其出售现住房已缴纳的个人所得税予以退税优惠。其中，新购住房金额大于或等于现住房转让金额的，全部退还已缴纳的个人所得税；新购住房金额小于现住房转让金额的，按新购住房金额占现住房转让金额的比例退还出售现住房已缴纳的个人所得税。二、本公告所称现住房转让金额为该房屋转让的市场成交价格。新购住房为新房的，购房金额为纳税人在住房城乡建设部门网签备案的购房合同中注明的成交价格；新购住房为二手房的，购房金额为房屋的成交价格。详情如下,0.1379310344827586,0.1871216249690454,0.4938075365041444,0.0263175407181902,------
伊川人刚刚购房新政接连发布据新华社消息，记者日从住房和城乡建设部获悉，近日住房城乡建设部、中国人民银行、金融监管总局联合印发了《关于优化个人住房贷款中住房套数认定标准的通知》，推动落实购买首套房贷款“认房不用认贷”政策措施。通知明确，居民家庭（包括借款人、配偶及未成年子女）申请贷款购买商品住房时，家庭成员在当地名下无成套住房的，不论是否已利用贷款购买过住房，银行业金融机构均按首套住房执行住房信贷政策。此项政策作为政策工具，纳入“一城一策”工具箱，供城市自主选用。据住房城乡建设部有关负责同志介绍，此项政策将使更多购房人能够享受首套房贷款的首付比例和利率优惠，有助于降低居民购房成本，更好满足刚性和改善性住房需求。同在月日，财政部、税务总局、住房城乡建设部发布《关于延续实施支持居民换购住房有关个人所得税政策的公告》。关于延续实施支持居民换购住房有关个人所得税政策的公告财政部税务总局住房城乡建设部公告年第号为继续支持居民改善住房条件，现就有关个人所得税政策公告如下：一、自年月日至年月日，对出售自有住房并在现住房出售后年内在市场重新购买住房的纳税人，对其出售现住房已缴纳的个人所得税予以退税优惠。其中，新购住房金额大于或等于现住房转让金额的，全部退还已缴纳的个人所得税；新购住房金额小于现住房转让金额的，按新购住房金额占现住房转让金额的比例退还出售现住房已缴纳的个人所得税。二、本公告所称现住房转让金额为该房屋转让的市场成交价格。新购住房为新房的，购房金额为纳税人在住房城乡建设部门网签备案的购房合同中注明的成交价格；新购住房为二手房的，购房金额为房屋的成交价格。三、享受本公告规定优惠政策的纳税人须同时满足以下条件：纳税人出售和重新购买的住房应在同一城市范围内。同一城市范围是指同一直辖市、副省级城市、地级市（地区、州、盟）所辖全部行政区划范围。出售自有住房的纳税人与新购住房之间须直接相关，应为新购住房产权人或产权人之一。四、符合退税优惠政策条件的纳税人应向主管税务机关提供合法、有效的售房、购房合同和主管税务机关要求提供的其他有关材料，经主管税务机关审核后办理退税。五、各级住房城乡建设部门应与税务部门建立信息共享机制，将本地区房屋交易合同网签备案等信息（含撤销备案信息）实时共享至当地税务部门；暂未实现信息实时共享的地区，要建立健全工作机制，确保税务部门及时获取审核退税所需的房屋交易合同备案信息。特此公告。财政部税务总局住房城乡建设部年月日,0.603448275862069,0.3693411202802755,0.7466283047638227,0.3436163173187518,2023-01-11 16:31:02
关于贷款套数认定、个税退税优惠，这些重磅购房政策明确日从住房和城乡建设部获悉，近日住房城乡建设部、中国人民银行、金融监管总局联合印发了《关于优化个人住房贷款中住房套数认定标准的通知》，推动落实购买首套房贷款“认房不用认贷”政策措施。通知明确，居民家庭（包括借款人、配偶及未成年子女）申请贷款购买商品住房时，家庭成员在当地名下无成套住房的，不论是否已利用贷款购买过住房，银行业金融机构均按首套住房执行住房信贷政策。此项政策作为政策工具，纳入“一城一策”工具箱，供城市自主选用。据住房城乡建设部有关负责同志介绍，此项政策将使更多购房人能够享受首套房贷款的首付比例和利率优惠，有助于降低居民购房成本，更好满足刚性和改善性住房需求。三部门：延续实施支持居民换购住房有关个人所得财政部、税务总局、住房城乡建设部发布《关于延续实施支持居民换购住房有关个人所得税政策的公告》。自年月日至年月日，对出售自有住房并在现住房出售后年内在市场重新购买住房的纳税人，对其出售现住房已缴纳的个人所得税予以退税优惠。其中，新购住房金额大于或等于现住房转让金额的，全部退还已缴纳的个人所得税；新购住房金额小于现住房转让金额的，按新购住房金额占现住房转让金额的比例退还出售现住房已缴纳的个人所得税。本公告所称现住房转让金额为该房屋转让的市场成交价格。新购住房为新房的，购房金额为纳税人在住房城乡建设部门网签备案的购房合同中注明的成交价格；新购住房为二手房的，购房金额为房屋的成交价格。来源：新华社、央视新闻客户端,0.7241379310344828,0.8476931176141418,0.7889299256360748,1.0,2023-01-11 13:26:21
三部门：延续实施支持居民换购住房有关个人所得税政策财政部、税务总局、住房城乡建设部发布《关于延续实施支持居民换购住房有关个人所得税政策的公告》。一、自年月日至年月日，对出售自有住房并在现住房出售后年内在市场重新购买住房的纳税人，对其出售现住房已缴纳的个人所展开,0.043103448275862,0.958593886046344,0.5353689809415275,0.0456774121032048,------
三部门：延续实施支持居民换购住房有关个人所得税政策评：没啥影响,0.1379310344827586,-0.1109374712512359,0.4185044080329548,-0.0132233626417513,2023-01-10 09:41:34
关于延续实施支持居民换购住房有关个人所得税政策的公告财政部、税务总局、住房城乡建设部发布年第号公告，明确自年月日至年月日，对出售自有住房并在现住房出售后年内在市场重新购买住房的纳税人，对其出售现住房已缴纳的个人所得税予以退税优惠。其中，新购住房金额大于或展开,0.0172413793103448,0.9978218174142244,0.5353689809415275,0.0190186559806182,2023-01-10 09:29:47
速看换房有钱退，延续至年底近日财政部、国家税务总局、住房城乡建设部发布公告延续实施支持居民换购住房相关税收优惠政策换房有钱退了根据公告，对出售自有住房并在现住房出售后年内在市场重新购买住房的纳税人，对其出售现住房已缴纳的个人所得税予以退税优惠，公告执行至年底。具体来看，新购住房金额大于或等于现住房转让金额的，全部退还已缴纳的个人所得税；新购住房金额小于现住房转让金额的，按新购住房金额占现住房转让金额的比例退还出售现住房已缴纳的个人所得税。财政部税务总局住房城乡建设部关于延续实施支持居民换购住房有关个人所得税政策的公告为继续支持居民改善住房条件，现就有关个人所得税政策公告如下：一、自年月日至年月日，对出售自有住房并在现住房出售后年内在市场重新购买住房的纳税人，对其出售现住房已缴纳的个人所得税予以退税优惠。其中，新购住房金额大于或等于现住房转让金额的，全部退还已缴纳的个人所得税；新购住房金额小于现住房转让金额的，按新购住房金额占现住房转让金额的比例退还出售现住房已缴纳的个人所得税。二、本公告所称现住房转让金额为该房屋转让的市场成交价格。新购住房为新房的，购房金额为纳税人在住房城乡建设部门网签备案的购房合同中注明的成交价格；新购住房为二手房的，购房金额为房屋的成交价格。三、享受本公告规定优惠政策的纳税人须同时满足以下条件：纳税人出售和重新购买的住房应在同一城市范围内。同一城市范围是指同一直辖市、副省级城市、地级市（地区、州、盟）所辖全部行政区划范围。出售自有住房的纳税人与新购住房之间须直接相关，应为新购住房产权人或产权人之一。四、符合退税优惠政策条件的纳税人应向主管税务机关提供合法、有效的售房、购房合同和主管税务机关要求提供的其他有关材料，经主管税务机关审核后办理退税。五、各级住房城乡建设部门应与税务部门建立信息共享机制，将本地区房屋交易合同网签备案等信息（含撤销备案信息）实时共享至当地税务部门；暂未实现信息实时共享的地区，要建立健全工作机制，确保税务部门及时获取审核退税所需的房屋交易合同备案信息。特此公告。财政部税务总局住房城乡建设部年月日中国社会科学院财经战略研究院财政研究室主任何代欣表示，为支持居民改善住房条件，去年，财政部等部门出台了支持居民换购住房有关个人所得税政策，政策将于今年底到期。三部门此次发布的公告明确将这项政策延续实施至年底，有助于继续支持居民改善住房条件。此外，为继续支持公共租赁住房建设和运营，财政部、税务总局发布公告，明确继续实施公共租赁住房税收优惠政策至年底。来源：国家税务总局、央视新闻山东潍坊坊子融媒：李炳霏彭海程,0.1724137931034483,0.3336649252444109,0.9527658679598496,0.2256892460663507,2023-01-10 10:44:59
退钱了退钱了近日财政部、国家税务总局、住房城乡建设部发布公告延续实施支持居民换购住房相关税收优惠政策根据公告，对出售自有住房并在现住房出售后年内在市场重新购买住房的纳税人，对其出售现住房已缴纳的个人所得税予以退税优惠，公告执行至年底。具体来看，新购住房金额展开,1.0,0.2586195833571671,0.4736844363229908,0.5044203926465762,2023-01-10 10:05:43
明确可以退钱了近日，财政部、国家税务总局、住房城乡建设部发布公告，延续实施支持居民换购住房相关税收优惠政策。根据公告，对出售自有住房并在现住房出售后年内在市场重新购买住房的纳税人，对其出售现住房已缴纳的个人所得税予以退税优惠，公告执行至年底。具体来看，新购住房金额大于或等于现住房转让金额的，全部退还已缴纳的个人所得税；新购住房金额小于现住房转让金额的，按新购住房金额占现住房转让金额的比例退还出售现住房已缴纳的个人所得税。财政部税务总局住房城乡建设部关于延续实施支持居民换购住房有关个人所得税政策的公告财政部税务总局住房城乡建设部公告年第号为继续支持居民改善住房条件，现就有关个人所得税政策公告如下：一、自年月日至年月日，对出售自有住房并在现住房出售后年内在市场重新购买住房的纳税人，对其出售现住房已缴纳的个人所得税予以退税优惠。其中，新购住房金额大于或等于现住房转让金额的，全部退还已缴纳的个人所得税；新购住房金额小于现住房转让金额的，按新购住房金额占现住房转让金额的比例退还出售现住房已缴纳的个人所得税。二、本公告所称现住房转让金额为该房屋转让的市场成交价格。新购住房为新房的，购房金额为纳税人在住房城乡建设部门网签备案的购房合同中注明的成交价格；新购住房为二手房的，购房金额为房屋的成交价格。三、享受本公告规定优惠政策的纳税人须同时满足以下条件：纳税人出售和重新购买的住房应在同一城市范围内。同一城市范围是指同一直辖市、副省级城市、地级市（地区、州、盟）所辖全部行政区划范围。出售自有住房的纳税人与新购住房之间须直接相关，应为新购住房产权人或产权人之一。四、符合退税优惠政策条件的纳税人应向主管税务机关提供合法、有效的售房、购房合同和主管税务机关要求提供的其他有关材料，经主管税务机关审核后办理退税。五、各级住房城乡建设部门应与税务部门建立信息共享机制，将本地区房屋交易合同网签备案等信息（含撤销备案信息）实时共享至当地税务部门；暂未实现信息实时共享的地区，要建立健全工作机制，确保税务部门及时获取审核退税所需的房屋交易合同备案信息。特此公告。财政部税务总局住房城乡建设部年月日中国社会科学院财经战略研究院财政研究室主任何代欣表示，为支持居民改善住房条件，去年，财政部等部门出台了支持居民换购住房有关个人所得税政策，政策将于今年底到期。三部门此次发布的公告明确将这项政策延续实施至年底，有助于继续支持居民改善住房条件。此外，为继续支持公共租赁住房建设和运营，财政部、税务总局发布公告，明确继续实施公共租赁住房税收优惠政策至年底。来源：国家税务总局央视新闻大众日报,0.9224137931034484,0.2632886264839982,1.0,1.0,2023-01-10 09:37:30
延续优化完善税费优惠政策最新政策税收优惠政策财政部税务总局公告年第号：关于继续实施公共租赁住房税收优惠政策的公告,0.1034482758620689,-0.052292712146704,0.8510234890298307,-0.0189560603905164,2023-01-09 17:37:57
延续优化完善税费优惠政策最新政策税收优惠政策财政部税务总局公告年第号：关于继续实施公共租赁住房税收优惠政策的公告为继续支持公共租赁住房（以下称公租房）建设和运营，现将有关税收优惠政策公告如下：一、对公租房建设期间用地及公租房建成后占地，免征城镇土地使用税。在其他住房项目中配套建设公租房，按公租房建筑面积占总建筑面积的比例免征建设、管理公租房涉及的城镇土地使用税。二、对公租房经营管理单位免征建设、管理公租房涉及的印花税。在其他住房项目中配套建设公租房，按公租房建筑面积占总建筑面积的比例免征建设、管理公租房涉及的印花税。三、对公租房经营管理单位购买住房作为公租房，免征契税、印花税；对公租房租赁双方免征签订租赁协议涉及的印花税。四、对企事业单位、社会团体以及其他组织转让旧房作为公租房房源，且增值额未超过扣除项目金额的，免征土地增值税。五、企事业单位、社会团体以及其他组织捐赠住房作为公租房，符合税收法律法规规定的，对其公益性捐赠支出在年度利润总额以内的部分，准予在计算应纳税所得额时扣除，超过年度利润总额的部分，准予结转以后三年内在计算应纳税所得额时扣除。个人捐赠住房作为公租房，符合税收法律法规规定的，对其公益性捐赠支出未超过其申报的应纳税所得额的部分，准予从其应纳税所得额中扣除。六、对符合地方政府规定条件的城镇住房保障家庭从地方政府领取的住房租赁补贴，免征个人所得税。七、对公租房免征房产税。对经营公租房所取得的租金收入，免征增值税。公租房经营管理单位应单独核算公租房租金收入，未单独核算的，不得享受免征增值税、房产税优惠政策。八、享受上述税收优惠政策的公租房是指纳入省、自治区、直辖市、计划单列市人民政府及新疆生产建设兵团批准的公租房发展规划和年度计划，或者市、县人民政府批准建设（筹集），并按照《关于加快发展公共租赁住房的指导意见》（建保号）和市、县人民政府制定的具体管理办法进行管理的公租房。九、纳税人享受本公告规定的优惠政策，应按规定进行免税申报，并将不动产权属证明、载有房产原值的相关材料、纳入公租房及用地管理的相关材料、配套建设管理公租房相关材料、购买住房作为公租房相关材料、公租房租赁协议等留存备查。十、本公告执行至年月日。财政部税务总局年月日（点击链接查看公告网页链接）,0.1551724137931034,-0.291326661769877,0.8045467543173409,-0.1497573505489537,2023-01-11 23:06:25
今天，三个部委新政下饺子的节奏不知道是否还有别的待批露？除了认房不用认贷、换房退税之外，这第三个是是关于公租房减税的新政：月日，财政部、税务总局联合发布关于继续实施公共租赁住房税收优惠政策的公告。具体来看，一是对公租房建设期间用地及公租房建成后占地，免征城镇土地使用税。在其他住房项目中配套建设公租房，按公租房建筑面积占总建筑面积的比例免征建设、管理公租房涉及的城镇土地使用税。二是对公租房经营管理单位免征建设、管理公租房涉及的印花税。在其他住房项目中配套建设公租房，按公租房建筑面积占总建筑面积的比例免征建设、管理公租房涉及的印花税。三是对公租房经营管理单位购买住房作为公租房，免征契税、印花税；对公租房租赁双方免征签订租赁协议涉及的印花税。四是对企事业单位、社会团体以及其他组织转让旧房作为公租房房源，且增值额未超过扣除项目金额的，免征土地增值税。五是企事业单位、社会团体以及其他组织捐赠住房作为公租房，符合税收法律法规规定的，对其公益性捐赠支出在年度利润总额以内的部分，准予在计算应纳税所得额时扣除，超过年度利润总额的部分，准予结转以后三年内在计算应纳税所得额时扣除。个人捐赠住房作为公租房，符合税收法律法规规定的，对其公益性捐赠支出未超过其申报的应纳税所得额的部分，准予从其应纳税所得额中扣除。六是对符合地方政府规定条件的城镇住房保障家庭从地方政府领取的住房租赁补贴，免征个人所得税。七是对公租房免征房产税。对经营公租房所取得的租金收入，免征增值税。公租房经营管理单位应单独核算公租房租金收入，未单独核算的，不得享受免征增值税、房产税优惠政策。八是享受上述税收优惠政策的公租房是指纳入省、自治区、直辖市、计划单列市人民政府及新疆生产建设兵团批准的公租房发展规划和年度计划，或者市、县人民政府批准建设（筹集），并按照《关于加快发展公共租赁住房的指导意见》（建保号）和市、县人民政府制定的具体管理办法进行管理的公租房。九是纳税人享受本公告规定的优惠政策，应按规定进行免税申报，并将不动产权属证明、载有房产原值的相关材料、纳入公租房及用地管理的相关材料、配套建设管理公租房相关材料、购买住房作为公租房相关材料、公租房租赁协议等留存备查。杨评：公租房，现在是租房领域中的纯保障房了，各种减税，其实也是在为各类国企减税，等于是左口袋的钱转至右口袋。而近两年很多大中城市着力推进的是保障性租赁房，这东东是带有一定保障色彩的、具有一定市场化程度的租赁房，真正该大力减税的是这个东东。当然，还应大力减税是纯市场化的长租公寓，很多经营企业近几年一直在亏钱，同时受上面两类租赁的冲击越来越大,1.0,-0.1520429724808767,0.4204886916771093,-0.2632466086153578,2023-01-09 17:29:37
宏观经济住建部、央行、金融监管总局：推动落实购买首套房贷款“认房不用认贷”政策措施。降低居民购房成本，更好满足刚性和改善性住房需求。财政部、税务总局：延续实施支持居民换购住房有关个人所得税政策。继续实施公共租赁住房税收优惠政策。,0.1206896551724138,-0.0598272967357115,0.4841130653707728,-0.0143932325621149,------
实时快报：财政部、税务总局：继续实施公共租赁住房税收优惠政策云财经讯，对公租房建设期间用地及公租房建成后占地，免征城镇土地使用税。在其他住房项目中配套建设公租房，按公租房建筑面积占总建筑面积的比例免征建设、管理公租房涉及的城镇土地使用税。对公租房经营管理单位免征建设、管理公租房涉及的印花税。在其他住房项目中配套建设公租房，按公租房建筑面积占总建筑面积的比例免征建设、管理公租房涉及的印花税。对公租房经营管理单位购买住房作为公租房，免征契税、印花税；对公租房租赁双方免征签订租赁协议涉及的印花税。,0.0086206896551724,-0.3057018926331971,0.6429335719503212,-0.00697667278921,2023-01-09 14:21:43
天津：非本市户籍大学毕业生在本市住房限购区域无住房的可凭劳动合同或企业注册证明和毕业证购买一套住房财联社月日电，天津市住房城乡建设委等四部门发布关于进一步调整优化房地产政策更好满足居民刚性和改善性住房需求的通知。继续实施促进房地产业良性循环和健康发展一揽子政策措施，促进住房供需精准对接，支持大学毕业生合理购房需求，非本市户籍大学毕业生在本市住房限购区域无住房的，可凭劳动合同或企业注册证明和毕业证购买一套住房。进一步加强精准调控，将本市住房限购区域调整为市内六区，居民在住房限购区域内购买新建商品住房或二手住房的，仍然执行本市住房限购套数及资格政策。在本市非住房限购区域内，居民家庭购房办理商业性个人住房贷款的，按照不实施限购措施城市的差别化住房信贷政策执行。延长本市商业性个人住房贷款最长期限。鼓励各区人民政府向在本区购买新建商品住房的购房人发放一定补贴，减轻购房负担。具体补贴标准、操作程序和实施时间，由各区人民政府确定并组织实施。,0.2608695652173913,0.3510815307820303,0.7390002248473658,0.1692712335901798,------
“金九银十”前夜，楼市重磅金融支持政策落地，购房门槛、成本将明显降低。月日晚间，央行、国家金管总局发出《关于调整优化差别化住房信贷政策的通知》，《关于降低存量首套住房贷款利率有关事项的通知》，以支持各地因城施策用好政策工具箱，引导个人住房贷款实际首付比例和利率下行。,0.0248447204968944,0.2877814258285525,0.7345750738003757,0.0131353077894763,2023-01-09 15:15:23
津报聚焦天津进一步调整优化房地产政策支持刚性和改善性住房需求日前，市住房城乡建设委等四部门印发《关于进一步调整优化房地产政策更好满足居民刚性和改善性住房需求的通知》，适应房地产市场供求关系发生重大变化的新形势，因区施策，精准调控，进一步调整优化房地产政策，更好满足居民刚性和改善性住房需求。《通知》主要包括五方面内容：一、支持刚性住房需求。继续实施促进房地产业良性循环和健康发展一揽子政策措施，促进住房供需精准对接，支持大学毕业生合理购房需求，非本市户籍大学毕业生在本市住房限购区域无住房的，可凭劳动合同或企业注册证明和毕业证购买一套住房。二、优化区域限购措施。进一步加强精准调控，将本市住房限购区域调整为市内六区，居民在住房限购区域内购买新建商品住房或二手住房的，仍然执行本市住房限购套数及资格政策。三、完善住房信贷政策。在本市非住房限购区域内，居民家庭购房办理商业性个人住房贷款的，按照不实施限购措施城市的差别化住房信贷政策执行。延长本市商业性个人住房贷款最长期限。四、鼓励发放购房补贴。鼓励各区人民政府向在本区购买新建商品住房的购房人发放一定补贴，减轻购房负担。具体补贴标准、操作程序和实施时间，由各区人民政府确定并组织实施。五、营造良好舆论环境。加强房地产市场正面宣传和舆论引导，及时发布房地产市场运行情况及政策信息，稳定住房消费预期。持续加强房地产领域负面舆情整治，坚决打击各类机构及个人制造传播不实信息等行为，营造良好房地产市场舆论环境。市住房城乡建设委有关负责同志表示，上述政策从适应我市房地产市场发展新形势出发，有利于更好支持合理住房需求，对于本市户籍居民，在限购区域内有住房的，可以在非限购区域继续购房，改善居住条件；对于外地户籍居民，可以直接在非限购区域购房居住生活。特别是方便京冀等周边区域居民来津工作生活，促进人才互通交流，服务京津冀协同发展。下一步，我市将继续完善住房市场和住房保障体系，加强市场监测和政策储备，持续优化房地产调控工作，促进房地产市场平稳健康发展。（记者陈璠）,0.0062111801242236,-0.0262327818078091,0.7333514216119689,-0.0002988393617504,2023-01-09 13:42:47
人民银行山东省分行公示各地市首套房贷款利率政策下限情况根据《中国人民银行国家金融监督管理总局关于降低存量首套住房贷款利率有关事项的通知》《中国人民银行国家金融监督管理总局关于调整优化差别化住房信贷政策的通知》有关工作安排，现将山东人民银行山东省分行公示各地市首套房贷款利率政策下限情况,0.0186335403726708,-0.0158894448212908,0.5294786476483331,-0.0003920665073128,------
住建动态市住房城乡建设委等四部门关于进一步调整优化房地产政策更好满足居民刚性和改善性住房需求的通知各区人民政府，各有关单位：为贯彻落实党中央、国务院决策部署，适应房地产市场供求关系发生重大变化的新形势，因区施策，精准调控，更好满足居民刚性和改善性住房需求，促进房地产市场平稳健康发展，经市人民政府同意，现就调整优化的房地产政策通知如下：一、支持刚性住房需求继续实施促进房地产业良性循环和健康发展一揽子政策措施，促进住房供需精准对接，支持大学毕业生合理购房需求，非本市户籍大学毕业生在本市住房限购区域无住房的，可凭劳动合同或企业注册证明和毕业证购买一套住房。二、优化区域限购措施进一步加强精准调控，将本市住房限购区域调整为市内六区，居民在住房限购区域内购买新建商品住房或二手住房的，仍然执行本市住房限购套数及资格政策。三、完善住房信贷政策在本市非住房限购区域内，居民家庭购房办理商业性个人住房贷款的，按照不实施限购措施城市的差别化住房信贷政策执行。延长本市商业性个人住房贷款最长期限。四、鼓励发放购房补贴鼓励各区人民政府向在本区购买新建商品住房的购房人发放一定补贴，减轻购房负担。具体补贴标准、操作程序和实施时间，由各区人民政府确定并组织实施。五、营造良好舆论环境加强房地产市场正面宣传和舆论引导，及时发布房地产市场运行情况及政策信息，稳定住房消费预期。持续加强房地产领域负面舆情整治，坚决打击各类机构及个人制造传播不实信息等行为，营造良好房地产市场舆论环境。本通知自年月日起施行，此前有关政策规定与本通知不一致的，以本通知为准。市住房城乡建设委市规划资源局中国人民银行天津市分行国家金融监督管理总局天津监管局年月日,0.0124223602484472,-0.0126280036220525,0.7168744696124147,-0.0002812477924878,2023-01-08 18:01:57
皋城百事通最新房贷政策重要调整月日，中国人民银行网站发布《中国人民银行国家金融监督管理总局关于调整优化差别化住房信贷政策的通知》、《中国人民银行国家金融监督管理总局关于降低存量首套住房贷款利率有关事项的通知》。最新房贷政策重要调整,0.0062111801242236,-0.4829084272132091,0.7146618940889197,-0.0053610113335007,2023-01-08 22:07:34
重庆购房新政解读重庆购房新政重庆购房新政有这些重大变化如何办理看这里月日晚，重庆市住房城乡建委发布了《关于进一步支持刚性和改善性购房需求的通知》，新旧政策有何不同？该如何办理？对于居民的疑问，相关负责人进行了解读。问：实施支持居民换购住房个人所得税政策与原政策有何不同？如何办理？答：年月日，财政部、税务总局联合发布公告（年第号），明确在年月日至年月日期间，纳税人出售自有住房并在现住房出售后年内，在同一城市重新购买住房的，可按规定申请退还其出售现住房已缴纳的个人所得税。今年月日，财政部、税务总局、住房城乡建设部再次联合发布公告（年第号），明确自年月日至年月日，对出售自有住房并在现住房出售后年内在市场重新购买住房的纳税人，对其出售现住房已缴纳的个人所得税予以退税优惠。新政策是对原政策的延续实施。按照公告要求，符合退税优惠政策条件的纳税人应向主管税务机关提供合法、有效的售房、购房合同和主管税务机关要求提供的其他有关材料，经主管税务机关审核后办理退税。本条政策由市财政局、市住房城乡建委负责解释和执行。问：新购住房再交易管理政策有什么调整变化？答：为更好适应当前房地产市场形势，我市在坚持“新房新政策、老房老政策”的原则下，对新购住房再交易管理政策进行了优化调整：一是原有已纳入限售范围的住房，统一按原政策执行，限售期满后予以解除；二是本《通知》印发执行后，在中心城区新购的新建商品住房和二手住房，由“须取得不动产权证满年后才能上市交易”调整为“取得房屋买卖合同备案证明满年，且取得不动产权证后才能上市交易”。本条政策由市住房城乡建委负责解释和执行。问：年市级秋交会期间购房有哪些优惠政策？答：年市级秋交会期间，在中心城区购买房屋的，由房屋所在地区政府（管委会）给予一定的购房补贴。主要有：一是契税返还，一般为、最高可达；二是现金补贴，住宅为元套、非住房为元套；三是对人才和多孩家庭提高补贴标准。本条具体政策由中心城区各区政府（管委会）负责解释和执行。问：个人住房套数认定标准有哪些新调整？答：按照住房城乡建设部、中国人民银行、金融监管总局关于“认房不认贷”政策规定，对居民家庭（包括借款人、配偶及未成年子女）在我市申请贷款购买商品住房时，家庭成员在当地名下无成套住房的，不论是否已利用贷款购买过住房，银行业金融机构均按首套住房执行住房信贷政策。本条政策由市住房城乡建委、中国人民银行重庆市分行、国家金融监督管理总局重庆监管局负责解释和执行。问：如何执行差别化住房信贷政策？答：按照今年月日《中国人民银行金融监管总局关于调整优化差别化住房信贷政策的通知》要求，调整首套和二套住房商业性个人住房贷款最低首付款比例和利率下限。对于贷款购买商品住房的居民家庭，首套住房商业性个人住房贷款最低首付款比例由调整为不低于，二套住房商业性个人住房贷款最低首付款比例由调整为不低于。首套住房商业性个人住房贷款利率政策下限按现行规定执行，即不低于相应期限贷款市场报价利率减个基点；二套住房商业性个人住房贷款利率政策下限由不低于相应期限贷款市场报价利率加个基点调整为不低于相应期限贷款市场报价利率加个基点。对拥有套及以上住房并已结清相应购房贷款的家庭，又申请贷款购买住房的，银行业金融机构应根据借款人偿付能力、信用状况等因素审慎把握并具体确定首付款比例和贷款利率水平，但不得低于二套房最低首付比例和最低利率水平。本条政策由中国人民银行重庆市分行负责解释和执行。（上游新闻记者陈竹）上游新闻,0.4347826086956521,-0.2552175448495608,0.5068701544588297,-0.140665178400696,2023-01-08 20:37:33
重庆执行认房不认贷重庆市住房城乡建委网站月日消息，重庆市促进房地产市场平稳健康发展领导小组办公室发布《关于进一步支持刚性和改善性购房需求的通知》，具体内容如下。重庆市促进房地产市场平稳健康发展领导小组办公室关于进一步支持刚性和改善性购房需求的通知各区县（自治县）人民政府，市级有关部门，有关单位：为认真贯彻落实月日中央政治局会议精神，以及住房城乡建设部、财政部、中国人民银行等相关部委要求，因城施策用好政策工具箱，更好满足居民刚性和改善性住房需求，促进房地产市场健康发展，经报请市政府同意，现将有关事项通知如下。一、延续实施支持居民换购住房个人所得税政策自年月日至年月日，对出售自有住房并在现住房出售后年内在市场重新购买住房的纳税人，对其出售现住房已缴纳的个人所得税予以退税优惠。二、优化新购住房再交易管理将中心城区范围内新购的住房由“须取得不动产权证满年后才能上市交易”调整为“取得房屋买卖合同备案证明满年，且取得不动产权证后才能上市交易”。三、实施市级秋交会期间购房补贴政策年市级秋交会期间，在中心城区购买房屋的，给予一定的购房补贴。购房补贴政策由各区政府（管委会）根据实际情况制定和执行。四、优化个人住房套数认定标准居民家庭（包括借款人、配偶及未成年子女）申请贷款购买商品住房时，家庭成员在当地名下无成套住房的，不论是否已利用贷款购买过住房，银行业金融机构均按首套住房执行住房信贷政策。五、调整优化差别化住房信贷政策对于贷款购买商品住房的居民家庭，首套住房商业性个人住房贷款最低首付款比例为不低于，二套住房商业性个人住房贷款最低首付款比例为不低于。首套住房商业性个人住房贷款利率政策下限按现行规定执行，二套住房商业性个人住房贷款利率政策下限调整为不低于相应期限贷款市场报价利率加个基点。对拥有二套及以上住房并已结清相应购房贷款的家庭，又申请贷款购买住房，银行业金融机构应根据借款人偿付能力、信用状况等因素审慎把握并具体确定首付款比例和贷款利率水平，但不得低于二套房最低首付比例和最低利率水平。本通知自印发之日起执行，原有相关规定与本通知不一致的，以本通知为准。重庆市促进房地产市场平稳健康发展领导小组办公室年月日,0.015527950310559,0.8135454513178231,0.7168744696124147,0.0226488553851938,------
重庆官宣认房不认贷重磅重庆认房不认贷二手房交易、购房首付比例有调整月日，重庆发布《重庆市促进房地产市场平稳健康发展领导小组办公室关于进一步支持刚性和改善性购房需求的通知》，全文如下：各区县（自治县）人民政府，市级有关部门，有关单位：为认真贯彻落实月日中央政治局会议精神，以及住房城乡建设部、财政部、中国人民银行等相关部委要求，因城施策用好政策工具箱，更好满足居民刚性和改善性住房需求，促进房地产市场健康发展，经报请市政府同意，现将有关事项通知如下。一、延续实施支持居民换购住房个人所得税政策自年月日至年月日，对出售自有住房并在现住房出售后年内在市场重新购买住房的纳税人，对其出售现住房已缴纳的个人所得税予以退税优惠。二、优化新购住房再交易管理将中心城区范围内新购的住房由“须取得不动产权证满年后才能上市交易”调整为“取得房屋买卖合同备案证明满年，且取得不动产权证后才能上市交易”。三、实施市级秋交会期间购房补贴政策年市级秋交会期间，在中心城区购买房屋的，给予一定的购房补贴。购房补贴政策（附后）由各区政府（管委会）根据实际情况制定和执行。四、优化个人住房套数认定标准居民家庭（包括借款人、配偶及未成年子女）申请贷款购买商品住房时，家庭成员在当地名下无成套住房的，不论是否已利用贷款购买过住房，银行业金融机构均按首套住房执行住房信贷政策。调整优化差别化住房信贷政策对于贷款购买商品住房的居民家庭，首套住房商业性个人住房贷款最低首付款比例为不低于，二套住房商业性个人住房贷款最低首付款比例为不低于。首套住房商业性个人住房贷款利率政策下限按现行规定执行，二套住房商业性个人住房贷款利率政策下限调整为不低于相应期限贷款市场报价利率加个基点。对拥有二套及以上住房并已结清相应购房贷款的家庭，又申请贷款购买住房，银行业金融机构应根据借款人偿付能力、信用状况等因素审慎把握并具体确定首付款比例和贷款利率水平，但不得低于二套房最低首付比例和最低利率水平。本通知自印发之日起执行，原有相关规定与本通知不一致的，以本通知为准。,0.0186335403726708,-0.2136448173556727,0.7124493185654245,-0.0070933094590834,2023-01-07 23:48:11
楼市放出多年未见大招，房价是跌是涨？靴子终于落地。月日下午时许，中国人民银行、国家金融监督管理总局发布最新通知，调整优化住房信贷政策，其中，首套住房商贷最低首付款不低于，二套住房商贷最低首付款不低于。本次降低首付的力度可谓多年未有；此外，房贷利率也将进行较大力度的优化调整，包括降低存量房贷利率。这一政策组合拳可谓掷地有声，本次出台楼市新政，有何深意？楼市会迎来什么变化？首付比例几乎降至历史下限月日，中国人民银行、国家金融监督管理总局发布《关于调整优化差别化住房信贷政策的通知》，其中主要有四条内容。第一条是对于贷款购买商品住房的居民家庭，首套住房商业性个人住房贷款最低首付款比例统一为不低于，二套住房商业性个人住房贷款最低首付款比例统一为不低于。这一新政即为首套房首付、二套房首付，近十年前，这一政策曾出台过，其后多年，首套房首付最低、二套房首付最低的房贷政策在全国层面长期执行，部分城市有所加码，二套房首付比例要求更高。以一套总价万元的房子为例，此前首套房首付需要万元，而按照最新政策，首付只需要万元，首付资金低了很多；而如果是二套房，此前首付需要万，部分城市需要万元，而如今只需要万，购房门槛大为降低。对此，中指研究院指数研究部总经理曹晶晶表示，从首付比例来看，不论是首套房还是二套房，其最低首付比例几乎已经降至历史下限，这将能显著降低购房门槛，凸显了政策面保刚需、促改善、稳市场的用意。第二条是首套住房商业性个人住房贷款利率政策下限按现行规定执行，二套住房商业性个人住房贷款利率政策下限调整为不低于相应期限贷款市场报价利率加个基点。即首套房利率政策不变，目前五年期以上为，部分城市执行的是下调个基点、再优惠个左右基点的政策，其房贷利率为甚至更低，比如郑州、福州的首套房贷利率已调至左右。而对于二套房贷款利率，此前多个城市执行的是上调个基点，实际二套房贷利率为，根据此次最新政策，二套房上浮基点不低于个基点即可，这无疑赋予了下调二套房贷利率上浮基点的空间。第三、四条规定，中国人民银行、金融监管总局各派出机构按照因城施策原则，根据辖区内各城市房地产市场形势及当地调控要求，自主确定各城市首套和二套住房商贷最低首付款比例和利率下限；各大银行业金融机构应据此首付比例和利率下限，合理确定每笔贷款的具体首付款比例和利率水平。中国人民银行、国家金融监督管理总局有关负责人表示，此次差别化住房信贷政策调整优化的重点在于，一是统一全国商业性个人住房贷款最低首付款比例政策下限即不再区分实施“限购”城市和不实施“限购”城市，首套住房和二套住房商贷最低首付款比例政策下限统一为不低于和；二是将二套住房利率政策下限调整为不低于相应期限贷款市场报价利率（）加个基点。曹晶晶表示，此次金融监管部门打开了首付比例和利率下调的空间，根据目前的市场形势和金融监管部门的这一要求，首套房首付、二套房首付的新政将会逐步落地，二套房贷利率也将下调，尤其是由于当前多数城市房地产下行压力较大，因此预计二线城市将很快调整至下限水平等，从政策调整力度看，本次楼市新政具有较高的含金量。楼市仍处于下行期今年以来，楼市曾在、月份有所回升，但进入下半年，楼市多个指标均呈现下跌态势。国家统计局公布，月份，全国房地产开发投资亿元，同比下降；其中，住宅投资亿元，下降。月份，房地产开发企业房屋施工面积万平方米，同比下降。房屋新开工面积万平方米，下降。其中，住宅新开工面积万平方米，下降。与此同时，楼市成交量价也出现下滑，月份，商品房销售面积万平方米，同比下降。尤其是，今年上半年商品房销售额连续多月保持同比正增长的态势，但月份以来，前个月商品房销售额亿元，下降。月份，个大中城市中，新建商品住宅和二手住宅价格环比上涨城市分别有个和个，比上月分别减少个和个；同比上涨城市分别有个和个，比上月均减少个。对此，国家统计局城市司首席统计师绳国庆表示，年月份，个大中城市商品住宅销售价格上涨城市个数减少，各线城市商品住宅销售价格环比持平或下降、同比有涨有降。“目前市场显然是跌过头了，”月日，在万科年中期业绩推介会上，万科董事会主席郁亮表示，市场低迷持续了一段时间，市场情绪已经受到影响，容易出现各种“过度反应”。他表示，以新开工数来看，年新开工数下降，年新开工量下降，今年上半年继续下降约。如果以年作为基数，新开工数已经整体下降约，回到了年的水平。中国社科院财经战略研究院住房大数据项目组组长邹琳华向中国新闻周刊表示，房地产领域的风险点较多且连接面广，比如烂尾楼风险、房地产企业爆雷风险、土地财政风险、断供风险等，都属于非常棘手的风险。这些风险一旦触发，容易直接联接金融体系和地方财政。因而，房地产相对更容易率先引发经济风险。邹琳华认为，与日本房地产泡沫期相比，我国仍处于城市化阶段，人均收入和生活水平离发达国家还在差距，存在一定规模潜在的刚性和改善性住房需求。只要政策及时妥当，房地产领域的风险相对更为可控。但如果房价在内外部因素的综合作用下持续下滑且无有效抑制手段，这些风险点也容易被触发。由于房地产风险连接面广，抑制房地产风险的蔓延，就需要付出更大成本。中国人民银行、国家金融监督管理总局有关负责人表示，月日中央政治局会议明确，适应我国房地产市场供求关系发生重大变化的新形势，适时调整优化房地产政策，因城施策用好政策工具箱。月日国务院常务会议提出，根据不同需求、不同城市等推出有利于房地产市场平稳健康发展的政策举措，加快研究构建房地产业新发展模式。根据部署，此次对现行差别化住房信贷政策进行了调整优化，支持各地因城施策用好政策工具箱，引导个人住房贷款实际首付比例和利率下行，更好满足刚性和改善性住房需求。楼市会怎样走？邹琳华表示，为了及时有效应对周期性、结构性供大于求带来的市场冲击，以及防范可能由此触发的经济风险，同时支持刚性和改善性住房需求，可采取调整优化措施。为此，他建议，一是及时撤销对于住房需求不合时宜的管控限制。这些限制措施包括限购、限贷、限售、限价、限非普住宅等。这些限制措施大都是基于住房短缺、投资投机动力强大的市场背景所制订，既然房地产市场供求形势已经发生了重大变化，住房已经不再供不应求，甚至还出现了销售困难，住房投资投机者也不再涌入住房市场，这些限制政策显然已经不合时宜。此外，这些限制性政策还限制了居民刚性和改善性住房需求的释放，妨碍了市场信心的恢复，所以应该及时全面调整。二是大幅降低购房贷款利率。从当前的信贷市场供求看，无抵押的消费贷利率已经降至左右，且对这类资金的市场需求仍不足。参照无抵押消费贷利率的供求状况，目前的房贷利率水平还需要大幅降低，才可能会对市场信心恢复有一定作用。从这一角度看，楼市政策仍有调整空间。年月日，住房城乡建设部、中国人民银行、金融监管总局三部门发布《关于优化个人住房贷款中住房套数认定标准的通知》，“认房不认贷”政策终于要走向落地。月日，一线城市中的广州与深圳已经在同一天出台规定落实“认房不认贷政策”。邹琳华表示，“认房不认贷”可以释放部分购房需求，对市场信心有一定的提振作用。月日，中国人民银行、国家金融监督管理总局联合发布《关于降低存量首套住房贷款利率有关事项的通知》。自年月日起，降低存量首套住房商业性个人住房贷款利率。中国人民银行、国家金融监督管理总局有关负责人表示，对于符合条件的存量住房贷款，可由借款人主动向承贷银行提出申请，也鼓励银行以发布公告、批量办理等方式，为借款人提供更为便利的服务。调整方式上，既可以变更合同约定的住房贷款利率加点幅度，也可以由银行新发放贷款置换存量贷款，具体利率调整幅度由借贷双方协商确定。中国首席经济学家论坛理事长、上海市经济学会副会长连平表示，降低存量房贷利率可以减轻购房者的利息负担，对于刺激消费、推动房地产市场复苏会有积极作用。曹晶晶表示，整体来看，月底房地产政策优化节奏加快，多项利好政策集中赶在“金九银十”到来之前落地，将有助于促进房地产市场信心修复和预期改善，推动刚需和改善性需求入市，激活市场交易。郁亮认为，“楼市的确有前所未有的压力”，但是，政策正在发力，并且对“盘活存量项目”等对行业中长期有重大影响的方面都有提出要求，是一种对行业的鼓舞。首都经济贸易大学京津冀房地产研究院院长赵秀池告诉中国新闻周刊，楼市跟着人口走，作为人口基数大、新增人口多的一二线城市，其市场仍有一定的发展潜力。在郁亮看来，目前我国城镇化率，这个数字如果预计达到，保守估计全国每年应该有亿亿平方米的新开工数才是合理水平，目前是超跌了。房地产行业能回到健康的水平，过程中会有曲折和波浪。（中国新闻周刊）,0.4565217391304347,-0.173203795890983,0.4922690462628775,-0.0973483484725201,2023-01-06 11:30:10
房贷政策调整谁获益最大？日前，中国人民银行、国家金融监督管理总局联合下发《关于调整优化差别化住房信贷政策的通知》和《关于降低存量首套住房贷款利率有关事项的通知》，相关政策一经发布当即引发市场强烈关注。你的月供究竟能降多少两项通知内容均直接指向与房地产消费者最为关心的项目。差别化住房信贷政策调整优化的重点是，将统一全国商业性个人住房贷款最低首付款比例政策下限，首套为、二套为，不再区分实施“限购”城市和不实施“限购”城市。住房利率政策下限亦调整。各地可按照因城施策原则，在不低于上述全国统一政策基础上，自主确定辖区内首套和二套住房最低首付款比例和利率下限。《关于降低存量房首套住房贷款利率有关事项的通知》明确，年月日起，存量首套住房商业性个人住房贷款的借款人可向金融机构提出申请，由金融机构新发放贷款置换存量首套住房商业性个人住房贷款。据不完全统计和测算，目前，大部分城市存量房贷的利率最低下限是，此前购房者基本是按照左右的房贷利率购房，此次存量房贷利率调整后，房贷利率或能降低个基点以上。加上近日一些地方出台的“认房不认贷”新规，一些住房可能重新被认定为“首套”，从而享受新出台政策优惠。几千万户、上亿居民的财务负担或会有较明显下降，平均降幅或约为个百分点，预计对市场影响颇大。市场供求变化的必然结果“新政”晚间出通告，似乎非常突然，其实市场预期已久。月日金融统计数据情况新闻发布会上，央行政策司司长邹澜表示：“按照市场化、法治化原则，我们支持和鼓励商业银行与借款人自主协商变更合同约定，或者是新发放贷款置换原来的存量贷款。”这已经拉开政策调整市场沟通和预期的序幕。随后，月日，中国人民银行、国家外汇管理局召开年下半年工作会议，提出“将因城施策精准实施差别化住房信贷政策，继续引导个人住房贷款利率和首付比例下行，更好满足居民刚性和改善性住房需求。指导商业银行依法有序调整存量个人住房贷款利率。”月日，央行、金监局、证监会联合召开金融支持实体经济和防范化解金融风险电视会议，强调“要继续推动实体经济融资成本稳中有降，规范贷款利率定价秩序，统筹考虑增量、存量及其他金融产品价格关系”。月日开始，各大银行针对存量住房贷款利率下调发声，至此，市场基本上有共识，认为“箭在弦上”了。当然，政策密集发声、“步步为营”旨在引导市场预期，但市场预期的基础还是宏观经济形势，政策设置也同样是大形势下的相机顺应。在月日的发布会上，关于存量贷款表述前还有一段叙述，谈及房地产相关问题时，邹澜表示，“部分房企长期积累的风险仍然需要一段时间才能逐步消化考虑到我国房地产市场供求关系已经发生深刻变化”这个“深刻变化”在两个新政《通知》出台时，似也有相关监管部门工作人员提及。年，人民币个人住房贷款加权平均利率均值为，而年上半年新发放个人住房贷款加权平均利率为，前者高出后者。由于经济还在弱复苏过程中，居民资产端收益率也明显回落，如个月理财产品预期年化收益率降至、为历史最低水平。存量房贷利率高于理财、存款等稳健收益产品，居民“借新还旧、借短还长”等提前还贷意愿明显增加，提前偿还房贷需求提升。今年月，新增居民中长期贷款为负，或为居民提前偿还房贷超过当月新增贷款所致。由此可见，存量房贷利率调降是市场供求变化带来的必然结果。金融市场健康稳定发展所需降低存量房贷利率有什么好处呢？从购房端来看，居民固然会因房贷付息压力减轻，获得益处。对于房地产供给方而言，也可能刺激更多一些的需求。而对于银行等金融机构来说，虽然表面上看，存量房贷降息将会带来利息的损失，但若利率水平与市场供求形势发生扭曲，提前还贷等实则为居民对资产负债表的调整，居民资产负债表呈现收缩，商业银行经营收益也受到一定影响，并可能对金融市场造成扰动，调降利率也不能不说是金融市场健康稳定发展的需求。回看历史，年月，央行宣布决定“商业性个人住房贷款利率的下限扩大为贷款基准利率的倍”，该优惠举措主要针对于新增客户，但不少存量贷款客户通过转按揭的方式再度成为“新增客户”，从而享受七折利率优惠。房地产对经济有相当重要的支撑作用，而住房贷款是居民债务最主要的构成部分。如何稳定市场信心、降低负债端成本、稳定地产行业、提升消费能力，始终是经济的重要命题和目标。非常时期更加需要非常办法。当然，今时不同往日，就房贷而言，对比年已是更大的规模和挑战，对银行净息差和利润的影响也在加大。就房地产市场和其他消费市场而言，其规模和挑战都与十多年前不可同日而语。当我们看到一项政策的出台时，更多的配套政策和工具也需要都在路上，以保证每项政策的实际操作性，以及所有政策和工具的相互配合度，更重要的是，要不断适应变化的市场。（新京报）利息少了万购房者激动得一夜没睡,0.031055900621118,0.0043245961150936,0.5627844885172665,0.0001890335942662,2023-01-06 11:24:18
房贷首付比例下调，一线城市及热点二线城市最受益，但北上深存量房贷利率或难受益。央行月日发布《关于调整优化差别化住房信贷政策的通知》和《关于降低存量首套住房贷款利率有关事项的通知》引发市场一片欢腾。对于首套房，成首付，这大概是年之后第二次全国范围如此大力度普遍调整了。二套房成首付也是相当可以了。不过，对于很多城市，其实早享受到成首付，所以，此次调整或许对一线城市以及热点二线城市影响最大。在这些城市带动下，楼市向好的局面将会更加清晰。宏观上的信心提升不代表实际的购买力提升，毕竟首付比例下调仅仅是个门槛降低的问题，并没有带动购房者的购买力。所以也不可盲目乐观。现在经济与收入预期仍不稳定且不乐观，即使购房者看到如此利好很冲动我也要劝你慎重。但有一些需求将得以释放，这些人不差钱就差政策。对于存量房贷利率下调，这一次也是敲定了方案。月日北京、上海、深圳等也都相继公布房贷利率下限，不过恐怕要泼点冷水了，可能难以受益存量按揭利率下调。北京：年月至今首套商业性个人住房贷款利率下限为个。上海：年月日至今执行的利率下限水平为。深圳：年月日至今执行首套房贷利率下限水平为。央行规定的原则是，新发放贷款的利率水平，在贷款市场报价利率上的加点幅度，不得低于原贷款发放时所在城市首套住房商业性个人住房贷款利率政策下限。目前北京首套房新发放房贷利率下限为（加点），上海为（加点），深圳为（加点）。因为各地市场下行趋势下，除北上深以外，基本上都大幅下调了贷款的加点幅度，而北上深房贷利率加点政策基本上保持了稳定，所以，预计北上深很难受益存量按揭利率的可能下调，除非地方下调加点幅度。对于一些人来说，可能盼来盼去，等了个寂寞，也别光听别人怎么说，最好还是到你的承贷银行问一问，看看是否具备下调条件，能下调多少。首套房贷款最低首付比例不低于降存量首套房贷利率万存量房贷每年可省多元利息,0.0031055900621118,-0.9994376283202906,0.7124493185654245,-0.0055304566323944,2023-01-06 11:09:50
首套房贷款最低首付款比例不低于二套房贷款最低首付款比例不低于中国人民银行、国家金融监督管理总局发布关于调整优化差别化住房信贷政策的通知：对于贷款购买商品住房的居民家庭，首套住房商业性个人住房贷款最低首付款比例统一为不低于，二套住房商业性个人住房贷款最低首付款比例统一为不低于。万存量房贷每年可省多元利息（中国人民银行）中国新闻网的微博视频,0.717391304347826,-0.0743600904506681,1.0,-0.133414553956379,------
月楼市发布的三个重大文件将有力提振市场信心楼市房地产月日住建部、人民银行、金融监管总局联合发布《关于优化个人住房贷款中住房套数认定标准的通知》，之后重点城市也陆续发布认房不认贷的通知。月日人民银行、金融监管总局联合发布《关于调整优化差别化住房信贷政策的通知》和《关于降低存量首套住房贷款利率有关事项的通知》两个文件，不再区分限购和不限购城市，将首套和二套住房贷款的最低首付比例下限统一为不低于和；二套住房利率政策下限调整为，首套住房利率政策下限仍为。,0.0031055900621118,0.9754861249694886,0.7124493185654245,0.0053979193466161,2023-01-07 13:05:45
基金股票钛媒体每日收评今日股收评：沪指收涨，煤炭板块涨幅居前截止月日收盘，沪指报点，涨，成交额为亿元（上一交易日成交额为亿元）；深成指报点，涨，成交额为亿元（上一交易日成交额为亿元）；创业板指报点，跌，成交额为亿元（上一交易日成交额为亿元）。两市全天成交额亿元，较上一交易日缩量亿元，超股上涨。今日，受台风天气影响，沪深股通暂停交易。板块方面，煤炭板块涨幅居前，云煤能源、陕西黑猫涨停，华阳股份、兖矿能源、山西焦煤等个股涨超；大消费板块迎来全面反弹，商贸零售板块大涨，杭州解百、中央商场、人人乐、中兴商业、国芳集团、国光连锁涨停；乳品、白酒指数走高，西部牧业涨停，麦趣尔涨停，皇台酒业涨近，舍得酒业涨超；汽车整车板块涨幅靠前，众泰汽车涨超，中通客车、中国重汽等跟涨；杭州亚运会概念股盘中异动，杭州园林涨停，杭州解百、中装建设涨停。消息面：、昨日中国人民银行、国家金融监督管理总局联合发布《关于降低存量首套住房贷款利率有关事项的通知》，明确借款人可选择新发放贷款置换存量房贷，或者协商变更合同约定利率水平两种方式，调整存量首套住房商业性个人住房贷款。上述两部门还联合下发了《关于调整优化差别化住房信贷政策的通知》，明确统一全国商业性个人住房贷款最低首付款比例政策下限，首套住房和二套住房商业性个人住房贷款最低首付款比例政策下限统一为不低于和。、开源证券表示，稳增长政策有望在下半年发挥效力，尤其是在施工旺季的月、月。本周多部门推动落实首套房贷认房不认贷，推动房贷利率调整，后续有望对地产新开工带来边际改善，利多黑色产业链。当前稳增长政策超预期，煤炭股同样也会成为进攻品种，作为上游资源环节必然受到下游需求的拉升而反映出价格上涨。从安全性而言，煤炭股的估值已经处在历史的底部区域，配置性价比高。、数据显示，股家百货类上市公司中有家上半年实现盈利，家公司业绩同比正增长，家上市公司净利润为亏损，整体看，百货零售类上市公司盈利能力明显修复。从百货上市公司披露的财报看，在上半年线下消费强势复苏背景下，有不少连锁百货店持续加码线上渠道建设，线上收入也实现较大幅度增长，数智化转型逐渐提速，这也是半年报中一大特点。、中信建投表示，白酒板块月短暂反弹后，再次进入到“低情绪”“低预期”状态中，市场交易拥挤度、活跃度回落至历史较低水平，板块估值仍处于合理偏低分位。展望中秋国庆，酒厂预计加大促销支持力度，且场景复苏低基数加持，上市酒企有望取得高于行业的动销增长。长期来看，龙头酒企的竞争优势也将持续凸显，当前估值低位正是布局时机，建议积极把握低估值下龙头标的的布局机会。、业内人士表示，由于上半年积压的需求在月释放，月需求环比相对减弱，部分车企开启降价，影响板块情绪。在本届成都国际车展，比亚迪方程豹首款车型豹、智己开启预售，比亚迪宋、长安启源、极越等车型首发亮相，优质供给加速。月虽是传统淡季，但整体需求与年及历史同期相比仍然坚挺，待后续“金九银十”购车旺季到来，叠加去年低基数，需求有望快速回暖。,0.0186335403726708,0.6785839302602501,0.9034619845339744,0.0285703804579948,2023-01-06 18:36:08
存量首套房贷利率下调月日起可申请万存量房贷每年可省多元利息月日，中国人民银行、金融监管总局联合发布《关于降低存量首套住房贷款利率有关事项的通知》（下称“通知”）和《关于调整优化差别化住房信贷政策的通知》。通知明确，自月日起，符合相关条件的存量房贷借款人，可向金融机构提出申请，既可以变更合同约定的住房贷款利率加点幅度，也可以由银行新发放贷款置换存量贷款。降低后的存量房贷利率，依然要符合贷款发放时当地的房地产政策，即不低于当时所在城市房贷利率政策下限。接近监管的有关人士表示，存量首套住房商业性个人住房贷款利率调整后，购房者财务负担会有明显下降，利率平均降幅约为个百分点。据估算，本次调整涉及的客户可能超过万，涉及调整的贷款规模可能达万亿元。以万元、年期、原利率的存量房贷为例，假设房贷利率降至，可节约借款人利息支出每年超元。“存量住房贷款利率的下降，对借款人来说，可节约利息支出，有利于扩大消费和投资。对银行来说，可有效减少提前还贷现象，减轻对银行利息收入的影响。”上述人士说，存量住房贷款利率的下降还可压缩违规使用经营贷、消费贷置换存量住房贷款的空间，减少风险隐患。那么，在两种调整方式中，借款人应该如何选择？上述人士告诉上海证券报记者，从调整结果上看，由于中国人民银行已经明确存量房贷利率调整的具体要求，即需要符合贷款发放时的当地房贷利率下限政策，预计这两种方式调整后的利率水平不会有明显区别。下一步，调整存量房贷利率在具体操作层面将如何落地、借款人又应怎样操作？对于符合条件的存量住房贷款，自月日起，可由借款人向承贷银行提出申请，新发放贷款置换存量首套房贷，或协商变更合同利率水平。在月日前，银行进行修订合同文本、改造调整系统、识别符合标准的客户等准备工作，并尽快向借款人公布办理流程和需要准备的申请材料。中国人民银行将督促银行尽快发布本行降低存量房贷利率的公告，明确申请调整利率水平或新发放贷款置换的具体安排。借款人可根据贷款银行的公告进行操作。中国人民银行还将指导利率自律机制，督促金融机构做好贯彻落实工作，维护市场竞争秩序。通知要求，各金融机构要抓紧制定具体操作细则，做好组织实施，提高服务水平，及时响应借款人申请，尽可能采取便捷措施，降低借款人操作成本，确保有关要求落实到位。截至记者发稿时，建行、农行等银行发布了关于调整存量房贷利率的公告。建行称，将提供高效便捷的线上线下服务，按照通知规定，做好降低存量首套住房商业性个人住房贷款利率工作。农行称，正在积极依法有序开展存量首套个人住房贷款利率调整的准备工作。后续具体事宜，将在该行官网、微信公众号、网点等渠道公告。（上海证券报新华财经官方微博）新华财经官方微博的微博视频,0.015527950310559,0.8912349145628771,0.7190870451359099,0.024888285510194,2023-01-06 16:23:22
房贷政策最新调整便民资讯日前，中国人民银行、国家金融监督管理总局联合发布《关于调整优化差别化住房信贷政策的通知》和《关于降低存量首套住房贷款利率有关事项的通知》。有关负责人就调整优化住房信贷政策有关问题答记者问。一起来看（来源：中国人民银行网站、新华社）房贷政策最新调整,0.0031055900621118,-0.0627980035757627,0.7190870451359099,-0.0003507346081095,2023-01-06 11:09:42
两部门调整优化住房信贷政策月日，中国人民银行、金融监管总局联合发布《关于调整优化差别化住房信贷政策的通知》和《关于降低存量首套住房贷款利率有关事项的通知》，对于贷款购买商品住房的居民家庭，首套住房商业性个人住房贷款最低首付款比例统一为不低于，二套住房商业性个人住房贷款最低首付款比例统一为不低于。同时，自月日起，存量首套住房商业性个人住房贷款的借款人可向承贷金融机构提出申请，由该金融机构新发放贷款置换存量首套住房商业性个人住房贷款。根据《关于调整优化差别化住房信贷政策的通知》，首套住房商业性个人住房贷款利率政策下限按现行规定执行，二套住房商业性个人住房贷款利率政策下限调整为不低于相应期限贷款市场报价利率加个基点。中国人民银行、金融监管总局各派出机构按照因城施策原则，指导各省级市场利率定价自律机制，根据辖区内各城市房地产市场形势及当地政府调控要求，自主确定辖区内各城市首套和二套住房商业性个人住房贷款最低首付款比例和利率下限。《关于降低存量首套住房贷款利率有关事项的通知》明确，存量首套住房商业性个人住房贷款，是指年月日前金融机构已发放的和已签订合同但未发放的首套住房商业性个人住房贷款，或借款人实际住房情况符合所在城市首套住房标准的其他存量住房商业性个人住房贷款。新发放贷款的利率水平由金融机构与借款人自主协商确定，但在贷款市场报价利率（）上的加点幅度，不得低于原贷款发放时所在城市首套住房商业性个人住房贷款利率政策下限。新发放的贷款只能用于偿还存量首套住房商业性个人住房贷款，仍纳入商业性个人住房贷款管理。此外，月日起，存量首套住房商业性个人住房贷款的借款人亦可向承贷金融机构提出申请，协商变更合同约定的利率水平。中国人民银行、金融监管总局有关负责人介绍，近年来我国房地产市场供求关系发生了重大变化，借款人和银行对于有序调整优化资产负债均有诉求。存量住房贷款利率的下降，对借款人来说，可节约利息支出，有利于扩大消费和投资。对银行来说，可有效减少提前还贷现象，减轻对银行利息收入的影响。同时，还可压缩违规使用经营贷、消费贷置换存量住房贷款的空间，减少风险隐患。为更好适应上述新形势，中国人民银行、金融监管总局明确按照市场化、法治化原则，支持鼓励银行与借款人协商调整存量首套住房贷款利率。（来源：《人民日报》）,1.0,0.3774395202248418,0.8203943864762664,0.7744212163501311,2023-01-06 13:53:14
降低存量房贷利率有什么好处房贷政策调整哪些人获益最大？日前，中国人民银行、国家金融监督管理总局联合下发《关于调整优化差别化住房信贷政策的通知》和《关于降低存量首套住房贷款利率有关事项的通知》，相关政策一经发布当即引发市场强烈关注。存量房贷据不完全统计和测算，目前，大部分城市存量房贷的利率最低下限是，此前购房者基本是按照左右的房贷利率购房，此次存量房贷利率调整后，房贷利率或能降低个基点以上。加上近日一些地方出台的“认房不认贷”新规，一些住房可能重新被认定为“首套”，从而享受新出台政策优惠。几千万户、上亿居民的财务负担或会有较明显下降，平均降幅或约为个百分点，预计对市场影响颇大。,0.015527950310559,0.4517619389847798,0.7146618940889197,0.0125380959332088,------
权威发布重磅调整降降月日，中国人民银行、国家金融监督管理总局联合发布《关于调整优化差别化住房信贷政策的通知》和《关于降低存量首套住房贷款利率有关事项的通知》。,0.0062111801242236,0.9991525034019828,0.7124493185654245,0.0110577577482246,2023-01-06 15:59:21
波浪玩家超话、隔夜美股，道指跌，纳指涨，标普指数跌。、央行、国家金融监管总局联合下发《关于降低存量首套住房贷款利率有关事项的通知》。通知提出，存量首套房贷利率可申请降低，自年月日起，可申请置换贷款、可协商变更合同约定利率水平。、央行、国家金融监管总局联合下发《关于调整优化差别化住房信贷政策的通知》。通知提出，首套住房商贷最低首付比例不低于，二套房首付比例不低于。将二套住房利率政策下限调整为不低于相应期限贷款市场报价利率加个基点，首套住房利率政策下限仍为不低于相应期限减个基点。、据财联社记者统计，今年月，证监会核发批文、企业首次公开发行和企业首发上市数量分别比去年同期减少家、家、家，此外，融资实现亿元，比年同期下降。、商务部新闻发言人束珏婷日前表示，近期，将陆续出台提升加工贸易发展水平、促进新能源汽车贸易合作等专项政策措施，全力推动进出口促稳提质。、香港交易所宣布，由于天文台现已发出八号台风信号，今天证券市场（包括沪深港通北向交易）及衍生产品市场之上午交易时段会延迟开市。,0.1335403726708074,0.387597719904887,0.8953530157799382,0.1159031633254401,------
重磅房贷政策重要调整昨日，中国人民银行、国家金融监督管理总局联合发布《关于调整优化差别化住房信贷政策的通知》和《关于降低存量首套住房贷款利率有关事项的通知》。有关负责人就调整优化住房信贷政策有关问题答记者问，一起了解。遇见美好杭州,0.0341614906832298,-0.0205589133296278,0.6972524493812035,-0.0012247126642624,2023-01-13 22:27:31
房贷新政央行、金融监管总局重磅发布（附答问）月日晚间，中国人民银行、国家金融监管总局连续发布《关于降低存量首套住房贷款利率有关事项的通知》和《关于调整优化差别化住房信贷政策的通知》，并发布两部门有关负责人就调整优化住房信贷政策有关问题答记者问。具体如下（川观新闻）房贷新政央行、金融监管总局重磅发布（附答问）,0.0372670807453416,0.2877814258285525,0.7390002248473658,0.0198216542244808,2023-01-08 20:35:51
最新房贷政策重要调整中国人民银行网站月日发布了《中国人民银行国家金融监督管理总局关于降低存量首套住房贷款利率有关事项的通知》和《中国人民银行国家金融监督管理总局关于调整优化差别化住房信贷政策的通知》。,0.0062111801242236,-0.2589811373056452,0.7146618940889197,-0.0028750809346416,------
蜀安君播报首套房贷款最低首付款比例不低于二套房贷款最低首付款比例不低于中国人民银行、国家金融监督管理总局发布关于调整优化差别化住房信贷政策的通知：对于贷款购买商品住房的居民家庭，首套住房商业性个人住房贷款最低首付款比例统一为不低于，二套住房商业性个人住房贷款最低首付款比例统一为不低于。首套房贷款最低首付比例不低于（中国人民银行）中国新闻网的微博视频,0.093167701863354,0.5233973263775111,0.8996417471243632,0.1097169368500659,2023-01-06 14:44:50
专家解读存量房利率调整直播降首付、降利率哪些人可以享受？财经课堂月日，中国人民银行、金融监管总局联手发布《关于调整优化差别化住房信贷政策的通知》和《关于降低存量首套住房贷款利率有关事项的通知》，明确首套房商贷首付比例下限降至，降低存量首套住房贷款利率，远远超出市场预期，极大提振市场信心，对房地产市场、居民购房将有积极而深远的影响。此次房贷新政将如何影响市场？哪些人群可以获益？具体操作如何落地？我们邀请多上述政策进行多次呼吁的招联首席研究员董希淼作客《财经课堂》为大家解答。南方日报的微博视频个关键问题看懂存量房利率调整存量房贷,0.0124223602484472,0.5226680328260231,0.7146618940889197,0.0116048057550329,2023-01-06 11:59:28
存量房贷利率下调会省多少钱百万房贷月供有望减少元月日晚间，中国人民银行、国家金融监督管理总局联合发布《关于调整优化差别化住房信贷政策的通知》和《关于降低存量首套住房贷款利率有关事项的通知》。存量房贷利率下调政策靴子落地。“整体来说，对于存量房贷的购房者，特别是动辄高息的购房者，很可能房贷能降低个基点以上，但具体的影响依然需要购房者与银行协商。”中原地产首席分析师张大伟表示，简单计算，大部分存量房贷发生时最低下限是，购房者基本是按照左右购房，也就是万年，可以月供从元每月降低到元左右，下调元左右。存量房贷,0.2204968944099379,0.209735583280448,0.6572569731463698,0.0760180961513417,------
存量房贷月日，中国人民银行、国家金融监督管理总局发布《关于调整优化差别化住房信贷政策的通知》和《关于降低存量首套住房贷款利率有关事项的通知》，对现行差别化住房信贷政策进行了调整优化。备受市场关注的存量房贷利率调整政策也落地。《通知》指出，自年月日起，存量首套住房商业性个人住房贷款的借款人可向承贷金融机构提出申请，由该金融机构新发放贷款置换存量首套住房商业性个人住房贷款。新发放贷款的利率水平由金融机构与借款人自主协商确定，但在贷款市场报价利率（）上的加点幅度，不得低于原贷款发放时所在城市首套住房商业性个人住房贷款利率政策下限。新发放的贷款只能用于偿还存量首套住房商业性个人住房贷款，仍纳入商业性个人住房贷款管理。降低存量房贷利率的意义在于促进房地产市场的稳定发展和经济的持续增长。存量房贷利率是指已经发放的房屋贷款利率，降低这一利率可以为购房者提供更加优惠的融资条件，减轻购房压力，同时也有助于提高购房需求。降低存量房贷利率可以刺激购房市场的活跃度。较低的贷款利率将使得购房成本降低，吸引更多的购房者进入市场，增加购房需求。这将有助于促进房地产市场的交易量，推动房价的稳定增长。降低存量房贷利率有助于缓解购房者的经济压力。房屋贷款是一项长期的财务责任，较高的利率将增加购房者的还款负担。通过降低存量房贷利率，购房者可以享受到更低的月供，减轻经济负担，提高购房者的还款能力。降低存量房贷利率也有助于提升购房者的购房意愿。较低的利率将使得购房者更容易获得贷款，提高购房的可及性。这将鼓励更多的人选择购房，推动房地产市场的发展。不过，目前这个《通知》规定过于繁杂，理解很费劲。建议存量房贷利率调整政策更加通俗易懂、便于操作、有利于提高效率、交易成本低一些鸿儒计划透过财经看世界,0.0093167701863354,-0.988577023212298,0.7212996206594049,-0.0166149404889312,2024-01-29 16:39:42
楼市放大招房价是跌是涨？首付比例几乎降至历史下限据中国新闻周刊月日，中国人民银行、国家金融监督管理总局发布《关于调整优化差别化住房信贷政策的通知》，其中主要有四条内容。第一条是对于贷款购买商品住房的居民家庭，首套住房商业性个人住房贷款最低首付款比例统一为不低于，二套住房商业性个人住房贷款最低首付款比例统一为不低于。这一新政即为首套房首付、二套房首付，近十年前，这一政策曾出台过，其后多年，首套房首付最低、二套房首付最低的房贷政策在全国层面长期执行，部分城市有所加码，二套房首付比例要求更高。以一套总价万元的房子为例，此前首套房首付需要万元，而按照最新政策，首付只需要万元，首付资金低了很多；而如果是二套房，此前首付需要万，部分城市需要万元，而如今只需要万，购房门槛大为降低。本次出台楼市新政，有何深意？楼市会迎来什么变化？存量房贷,0.0031055900621118,-0.1533691816073596,0.7124493185654245,-0.0008486788805929,------
地产股开盘拉升中迪投资快速涨停中迪投资快速涨停，金科股份、天房发展、荣盛发展、金地集团等跟涨。消息面上，央行、国家金融监管总局联合下发《关于调整优化差别化住房信贷政策的通知》。通知提出，首套住房商贷最低首付比例不低于，二套房首付比例不低于。将二套住房利率政策下限调整为不低于相应期限贷款市场报价利率加个基点，首套住房利率政策下限仍为不低于相应期限减个基点。,0.0341614906832298,0.8357487922705313,0.7168744696124147,0.0511873770646897,2023-01-06 11:33:21
股地产股开盘拉升，中迪投资快速涨停中迪投资快速涨停，金科股份、天房发展、荣盛发展、金地集团等跟涨。消息面上，央行、国家金融监管总局联合下发《关于调整优化差别化住房信贷政策的通知》。通知提出，首套住房商贷最低首付比例不低于，二套房首付比例不低于。将二套住房利率政策下限调整为不低于相应期限贷款市场报价利率加个基点，首套住房利率政策下限仍为不低于相应期限减个基点。,0.0186335403726708,0.93958200849093,0.7358974549933395,0.0322221535441455,2023-01-07 05:30:10
首套房贷款最低首付款比例不低于二套房贷款最低首付款比例不低于中国人民银行、国家金融监督管理总局发布关于调整优化差别化住房信贷政策的通知：对于贷款购买商品住房的居民家庭，首套住房商业性个人住房贷款最低首付款比例统一为不低于，二套住房商业性个人住房贷款最低首付款比例统一为不低于。首套房贷款最低首付比例不低于（中国人民银行）中国新闻网中国新闻网的微博视频,0.015527950310559,0.6970066673820212,0.7124493185654245,0.0192846708849884,2023-01-08 11:02:42
首套房贷款最低首付款比例不低于二套房贷款最低首付款比例不低于中国人民银行、国家金融监督管理总局发布关于调整优化差别化住房信贷政策的通知：对于贷款购买商品住房的居民家庭，首套住房商业性个人住房贷款最低首付款比例统一为不低于，二套住房商业性个人住房贷款最低首付款比例统一为不低于。首套房贷款最低首付比例不低于（中国人民银行）中国新闻网的微博视频,0.0093167701863354,-0.0308370044052868,0.7124493185654245,-0.0005119160336889,2023-01-06 20:35:11
、存款利率降了：工商银行年期定期存款挂牌利率下调个基点，降到。之前年期下调个基点，降到。之前，为什么要降？刺激消费刺激投资，去买房去股市什么的、存量首套房贷利率也降了：中国人民银行发布《关于调整优化差别化住房信贷政策的通知》和《关于降低存量首套住房贷款利率有关事项的通知》。工农建交等六银行，推进存量首套房贷利率调整，万房贷月供可降元。放出了除降价以外的一切措施,0.562111801242236,0.9984265711903102,0.7124493185654245,1.0,2023-01-06 13:55:58
房贷有新政月日，《中国人民银行国家金融监督管理总局关于调整优化差别化住房信贷政策的通知》发布，其中规定，对于贷款购买商品住房的居民家庭，首套住房商业性个人住房贷款最低首付款比例统一为不低于，二套住房商业性个人住房贷款最低首付款比例统一为不低于。我要说家乡,0.0093167701863354,0.995832763118885,0.7168744696124147,0.0166342068804019,2023-01-06 12:36:10
一、《关于降低存量首套住房贷款利率有关事项的通知》、《关于调整优化差别化住房信贷政策的通知》、贝壳网（房产中介）隔夜上涨，盘中最高涨幅。、中国人民银行、国家金融监督管理总局下发《关于降低存量首套住房贷款利率有关事项的通知》，存量首套住房商业性个人住房贷款利率调整后，几千万户、上亿居民的财务负担会有明显下降，平均降幅大约为个百分点。、中国人民银行、国家金融监督管理总局联合下发《关于调整优化差别化住房信贷政策的通知》，一是统一全国商业性个人住房贷款最低首付款比例政策下限。不再区分实施“限购”城市和不实施“限购”城市，首套住房和二套住房商业性个人住房贷款最低首付款比例政策下限统一为不低于和。二是将二套住房利率政策下限调整为不低于相应期限贷款市场报价利率加个基点。房产中介：三六五网、我爱我家地产相关：天房发展、金科股份、京投发展、特发服务二、特斯拉新款将于月日正式发布特斯拉决定在本周五（月日），正式发布内部代号“”的新款。据接近特斯拉的消息人士表示，目前公司全员都已进入“战备”姿态，卯足劲迎接新款的降临。改款将采用宁德时代的新型电池（磷酸锰铁锂电池）。磷酸锰铁锂电池：红星发展、湘潭电化、中银绒业三、合约价拉涨根据集邦咨询，月下旬原厂进一步与部分中国指标模组厂议定新一笔订单，并成功拉抬合约价，涨幅约。隔夜美光股价上涨，西部数据上涨。存储芯片：佰维存储、江波龙、华海诚科、香农芯创、德明利四、外交部：中方将于月举办第三届一带一路国际合作高峰论坛外交部发言人汪文斌月日主持例行记者会。汪文斌介绍，中方将于今年月在北京举办第三届“一带一路”国际合作高峰论坛，这不仅是纪念“一带一路”倡议提出周年最隆重的活动，也是各方共商高质量共建“一带一路”合作的重要平台。一带一路：新疆交建、青松建化、长久物流、北方国际、中工国际、金鹰重工五、拜登政府批准首次通过外国军事融资计划、在月日的外交部例行记者会上，有记者提问称，根据美国国务院日向国会发布的通报文件，拜登政府已批准首次通过所谓“外国军事融资”（）计划向地区提供万美元军事融资贷款。、据美媒报道，美国将在关岛新增处配备地对空拦截导弹、雷达等设备的防空阵地，意图将关岛打造成“全球防御最严密的地区”。军工：北方长龙、国科军工、昆船智能、新余国科、晨曦航空、长城军工六、国务院：提高岁以下婴幼儿照护等三项个人所得税专项附加扣除标准岁以下婴幼儿照护专项附加扣除标准，由每个婴幼儿每月元提高到元。子女教育专项附加扣除标准，由每个子女每月元提高到元。赡养老人专项附加扣除标准，由每月元提高到元。其中，独生子女按照每月元的标准定额扣除；非独生子女与兄弟姐妹分摊每月元的扣除额度，每人分摊的额度不能超过每月元。生育养老：金发拉比、美吉姆、悦心健康、澳洋健康七、行业要闻、商务部：近期将陆续出台促进新能源汽车贸易合作等专项政策措施。、大基金提前终止减持沪硅产业。（大基金芯片持股）、国家网络安全宣传周将举办。（三六零、美亚柏科）、工信部推进轻量化技术演进和应用创新发展。（移远通信、广和通）、华为智能手表销量刷新单季最高纪录。（恒玄科技、硕贝德）、年暑期档总票房达亿，创中国影史新高。（金逸影视、幸福蓝海）,0.0093167701863354,0.813612255886295,0.7124493185654245,0.0135065375845197,2023-01-06 12:34:24
多家银行将下调定期存款利率新一轮定存降息来了对市场绝对是利好《关于调整优化差别化住房信贷政策的通知》和《关于降低存量首套住房贷款利率有关事项的通知》，调整优化住房信贷政策。有房贷的铁铁们，第一时间联系你的贷款银行，咨询什么时候解决存量贷款利率问题，大家可记得要及时联系哇。,0.3136645962732919,0.1579250219819282,0.366056497743976,0.0453494223387415,2023-01-06 12:29:58
月日早间财经新闻精选、央行、国家金融监管总局联合下发《关于降低存量首套住房贷款利率有关事项的通知》。通知提出，存量首套房贷利率可申请降低，自年月日起，可申请置换贷款、可协商变更合同约定利率水平。、央行、国家金融监管总局联合下发《关于调整优化差别化住房信贷政策的通知》。通知提出，首套住房商贷最低首付比例不低于，二套房首付比例不低于。将二套住房利率政策下限调整为不低于相应期限贷款市场报价利率加个基点，首套住房利率政策下限仍为不低于相应期限减个基点。、国务院发布关于提高个人所得税有关专项附加扣除标准。提高岁以下婴幼儿照护、子女教育、赡养老人等三项个人所得税专项附加扣除标准，每项分别较此前提高元。调整后的扣除标准自年月日起实施。、股指数月日放量下挫，最大跌幅超过，最终收跌。业内人士表示，股大跌通常发生在股成交低迷、酝酿反转行情之际。、北向资金月日再度净卖出亿元，连续日净卖出，月累计减仓接近亿元，单月净卖出额创历史新高。、有媒体提问，此前荷兰宣布实施半导体出口管制并将于月日正式生效，中荷双方对此事有没有更新的磋商结果？对此，商务部新闻发言人束珏婷月日表示，中国政府与相关国家在出口管制领域保持沟通交流。、据官网数据显示，工商银行与农业银行下调一年期、两年期、三年期和五年期人民币定期存款利率至、、、（此前分别为、、、）。、据财联社记者统计，今年月，证监会核发批文、企业首次公开发行和企业首发上市数量分别比去年同期减少家、家、家，此外，融资实现亿元，比年同期下降。、商务部新闻发言人束珏婷日前表示，近期，将陆续出台提升加工贸易发展水平、促进新能源汽车贸易合作等专项政策措施，全力推动进出口促稳提质。、江苏省政府日前召开新闻发布会提出，落实降低购买首套房首付比例和首套房、二套房贷款利率，改善性住房换购税费优惠，个人首套房”认房不认贷”等政策，指导商业银行依法有序调整存量个人住房贷款利率。、武汉市住房保障和房屋管理局日前发布相关通知，宣布“认房不认贷”，自月日起施行。厦门市发改委月日发布征求意见稿，拟实施首套房贷款“认房不用认贷”政策。、央行行长潘功胜会见来访的彭博公司创始人布隆伯格，就中国债券市场开放、可持续金融等议题交换了意见。、据中央纪委国家监委驻中国太平保险集团有限责任公司纪检监察组、福建省纪委监委消息，太平人寿保险有限公司原党委书记、总经理张可接受纪律审查和监察调查。、经纬纺机公告，无法在法定期限内披露年半年度报告，股票月日起停牌。、沪硅产业公告，国家集成电路基金提前终止减持计划。、三连板中马传动公告，公司生产不涉及机器人概念，减速器占营收比例极小。、香港交易所宣布，由于天文台现已发出八号台风信号，今天证券市场（包括沪深港通北向交易）及衍生产品市场之上午交易时段会延迟开市。、美股三大指数周四收盘涨跌不一，道指跌，月累计下跌；纳指涨，月累计下跌；标普指数跌，月累计下跌。热门中概股普跌，纳斯达克中国金龙指数跌，月累跌。、美联储青睐的通胀指标核心价格指数在月份连续第二个月环比上涨，创下年末以来最小两月涨幅。、美国能源部将为汽车制造商提供高达亿美元的资金，以便制造商改造设施，生产电动汽车、混合动力汽车和其他清洁能源汽车。、欧元区月消费者价格同比上涨，未如预期放缓，向欧洲央行发出警示信号。、俄罗斯副总理诺瓦克对该国总统普京表示，俄罗斯与就进一步缩减石油出口达成一致，将于下周宣布相关措施。万存量房贷每年可省多元利息,0.1118012422360248,0.1136295111201613,0.586694113933236,0.018640462744249,2023-01-06 12:08:07
白话数据年月日建委新房住宅网签套，二手房住宅网签套（网签数据有滞后）。大中介前台挂牌房源量套（中介春节休假前），持续关注。昨日楼市热点：月日晚间，中国人民银行、国家金融监督管理总局联合发布《关于调整优化差别化住房信贷政策的通知》以及《关于降低存量首套住房贷款利率有关事项的通知》，不再区分实施“限购”城市和不实施“限购”城市，首套住房和二套住房商业性个人住房贷款最低首付款比例政策下限统一为不低于和。并将二套住房利率政策下限调整为不低于相应期限贷款市场报价利率（）加个基点。首套住房利率政策下限仍为不低于相应期限减个基点。北京市规自委官网信息显示，房山拱辰、密云水源路两宗宅地转正，总起始价亿元。计划月日竞拍。,0.0993788819875776,0.0946975629123672,0.5318006237104754,0.0125166740370087,2023-01-06 11:58:07
《关于降低存量首套住房贷款利率有关事项的通知》、《关于调整优化差别化住房信贷政策的通知》、贝壳网（房产中介）隔夜上涨，盘中最高涨幅。银行、国金融监督管理总局下发《关于降低存量首套住房贷款利率有关事项的通知》，存量首套住房商业性个人住房贷款利率调整后，几千万户、上亿居民的财务负担会有明显下降，平均降幅大约为个百分点。、中民银行、家金融监督管理总局联合下发《关于调整优化差别化住房信贷政策的通知》，一是统一全国商业性个人住房贷款最低首付款比例政策下限。不再区分实施“限购”城市和不实施“限购”城市，首套住房和二套住房商业性个人住房贷款最低首付款比例政策下限统一为不低于和。二是将二套住房利率政策下限调整为不低于相应期限贷款市场报价利率加个基点。房产中介：三六五网、我爱我家地产相关：天房发展、金科股份、京投发展、特发服务特斯拉新款将于月日正式发布特斯拉决定在本周五（月日），正式发布内部代号“”的新款。据接近特斯拉的消息人士表示，目前公司全员都已进入“战备”姿态，卯足劲迎接新款的降临。改款将采用宁德时代的新型电池（磷酸锰铁锂电池）。磷酸锰铁锂电池：红星发展、湘潭电化、中银绒业合约价拉涨根据集邦咨询，月下旬原厂进一步与部分中国指标模组厂议定新一笔订单，并成功拉抬合约价，涨幅约。隔夜美光股价上涨，西部数据上涨。存储芯片：佰维存储、江波龙、华海诚科、香农芯创、德明利,0.1211180124223602,0.7642886995496664,0.7951891902569029,0.184095779571955,2023-01-06 13:18:29
股市早餐短线刀客一、重要资讯、央行、金融监管总局：发布关于降低存量首套住房贷款利率有关事项的通知。自年月日起，存量首套住房商业性个人住房贷款的借款人可向承贷金融机构提出申请，由该金融机构新发放贷款置换存量首套住房商业性个人住房贷款。、央行、金融监管总局：发布关于调展开,0.093167701863354,0.4403118952280068,0.917131520245108,0.0940945808442221,2023-01-06 12:34:20
万存量房贷月供或有望减少元月日晚间，中国人民银行、国家金融监督管理总局联合发布《关于调整优化差别化住房信贷政策的通知》和《关于降低存量首套住房贷款利率有关事项的通知》。“整体来说，对于存量房贷的购房者，特别是动辄高息的购房者，很可能房贷能降低个基点以上，但具体的影响依然需要购房者与银行协商。”中原地产首席分析师张大伟表示，简单计算，大部分存量房贷发生时最低下限是，购房者基本是按照左右购房，也就是万年，可以月供从元每月降低到元左右，下调元左右。（中国新闻网）存量房贷,0.0124223602484472,0.782120474123499,0.7212996206594049,0.0175267208355849,2023-01-06 11:46:28
住房新政出炉到底能省多少钱？海宁多家银行回应重磅万众期待的存量房贷利率下调终于落地月日晚间，中国人民银行国家金融监督管理总局，日下发《关于调整优化差别化住房信贷政策的通知》《关于降低存量首套住房贷款利率有关事项的通知》决定调整优化差别化住房信贷政策，其中提到，自年月日起，存量房贷利率下调。就在昨天下午，浙江公布首套住房商业性个人住房贷款利率政策下限，可作为接下来降存量的具体标准。按照该数据，年月至年月嘉兴存量首套房贷调整后最低可降至，年月至今的存量首套房贷利率调整后最低降至。不少在年期间买房的海宁人，房贷利率都高达个点存量首套房贷利率下调后，到底能为大家省多少利息呢？以万房贷为例，按照等额本息的方式还款，如果当时存量房贷发生时最低下限是，购房者当初最高是按左右购房，调整之后，万年期限的房贷，月供可从每月元降至元，最多下调元左右。大潮网,0.0004257130693912,-0.7564049251762381,0.808492540887252,-0.0094105539425718,------
最新消息有关无锡首套房贷利率月日晚，中国人民银行、国家金融监督管理总局联合发布《关于降低存量首套住房贷款利率有关事项的通知》。文件明确，从年月日起，存量首套住房商业性个人住房贷款的借款人可向承贷金融机构提出申请，由该金融机构新发放贷款置换存量贷款，但在贷款市场报价利率（）上的加点幅度，不得低于原贷款发放时所在城市首套房贷款利率政策下限。月日下午，中国人民银行江苏省分行官网发布消息，公布了近几年江苏省内各城市首套房贷款利率下限执行情况。（中国人民银行江苏省分行官网）,0.0004257130693912,0.2877814258285525,0.7019320842520224,0.003108441344808,2023-01-06 11:22:38
山东首套房商贷利率政策下限情况公示月日下午，中国人民银行山东省分行官网发布《关于山东省各地市首套住房商业性个人住房贷款利率政策下限情况的公示》。根据《中国人民银行国家金融监督管理总局关于降低存量首套住房贷款利率有关事项的通知》《中国人民银行国家金融监督管理总局关于调整优化差别化住房信贷政策的通知》有关工作安排，现将山东省各地市首套住房商业性个人住房贷款利率政策下限数据予以公示。山东省各地市首套住房商业性个人住房贷款利率政策下限数据表注：为贷款市场报价利率，由中国人民银行授权全国银行间同业拆借中心于每月日公布；。中国人民银行山东省分行年月日来源：观海客户端,0.0029799914857386,0.3216951283969065,0.4609809366433238,0.0159738761609006,------
西南证券首席分析师张刚：楼市政策有利于扩大可支配收入本周房地产政策持续加码，中国央行及金融监管总局近期联合发布《关于调整优化差别化住房信贷政策的通知》和《关于降低存量首套住房贷款利率有关事项的通知》，对于贷款购买商品住房的居民家庭，首套最低首付款比例统一为不低于，二套最低首付款比例统一为不低于；此外，存量首套房贷的借款人，可在月日起可向承贷金融机构提出申请，调降贷款利率。西南证券首席分析师张刚指出，对于借款人来说，有利于节约利息支出，扩大可支配收入。中国深度财经凤凰卫视的微博视频,0.0006385696040868,-0.3063304902980012,0.7019320842520224,-0.0049631957229837,2023-01-06 11:28:26
特别关注重要调整事关房贷中国人民银行、金融监管总局月日联合发布《关于调整优化差别化住房信贷政策的通知》和《关于降低存量首套住房贷款利率有关事项的通知》。有关负责同志就政策调整回答了记者提问。详情请看重要调整事关房贷,0.0001064282673478,0.146475466574167,0.4475550085011341,0.0002521948091175,2023-01-06 16:05:27
首套房按揭利率政策下限公布宿迁月日晚，中国人民银行国家金融监督管理总局发布关于调整优化差别化住房信贷政策的通知、关于降低存量首套住房贷款利率、有关事项的通知。月日下午，中国人民银行江苏省分行发文公布江苏省各设区市首套房按揭利率政策下限，供大家参考。具体如下：,0.0001064282673478,-0.257282323864348,0.7017399320252903,-0.0006945619246075,2023-01-06 14:48:57
房贷利率下调个贷经理电话被打爆沉寂许久的楼市热情，在月日晚间被点燃。当天，中国人民银行、国家金融监督管理总局联合发布《关于降低存量首套住房贷款利率有关事项的通知》（下文简称《通知》），存量首套房贷利率下调政策落地，购房族迎来重大利好。“今天我的电话就没停过，喉咙都要干了。”杭州某国有银行个贷楚经理昨天告诉记者，他的微信、电话，完全停不下来。什么时候可以申请？需要符合什么条件？能省多少钱？点击下方图片查看全文,0.000532141336739,-0.0506405035818657,0.7025085409322184,-0.0006842967233121,2023-01-06 17:50:07
皋城百事通南通首套房按揭利率政策下限公布月日晚，中国人民银行国家金融监督管理总局发布关于调整优化差别化住房信贷政策的通知，关于降低存量首套住房贷款利率有关事项的通知。政策发布后，很多人纷纷猜测自己的房贷利率到底能降低多少，月日下午，中国人民银行江苏省分行发文公布江展开,0.0004257130693912,0.117657931106467,0.7019320842520224,0.0012708699894127,2023-01-06 16:57:34
月日起杭州人可申请下调房贷利率了月日，中国人民银行、国家金融监管管理总局发布《关于降低存量首套住房贷款利率有关事项的通知》（下称《通知》，提出自今年月日起，存量首套住房商业性个人住房贷款的借款人可向金融机构提出申请，由金融机构新发放贷款置换存量首套商业性个人住房贷款，或协商变更合同约定的利率水平。月日，浙江公布首套住房商业性个人住房贷款利率政策下限，可作为接下来降存量的具体标准。按照该数据，年月至年月杭州存量首套房贷调整后最低可降至，年月至今的存量首套房贷利率调整后最低降至。利率下调杭州人抓紧存钱浙江经视记者初步统计，杭州包括中农工建等六大国有行，以及兴业银行、杭州银行等股份制银行都已发布通告，将会落实执行政策，而宁波银行表示暂未街接到相关通知。现在可以买房了吗？浙江经视的微博视频,0.0012771392081736,-0.3501963388783762,0.9900865460210552,-0.0160062957899081,2023-01-06 11:20:09
小鲁说事存量房贷利率下调政策五大关键点对于中国人民银行、金融监管总局发布的《关于降低存量首套住房贷款利率有关事项的通知》，我们该如何理解？降低存量首套住房贷款利率，具体又该怎么操作？接下来，通过梳理政策五大关键点来帮您解读。央视网的微博视频,0.0014899957428693,0.4561290178742854,0.6608062401426205,0.0162335949205753,2023-01-06 12:24:49
降存量房贷利率有购房者激动得一夜没睡“总利息少了万，每月少还多元”月日晚间，中国人民银行和国家金融监督管理总局发布《关于降低存量首套住房贷款利率有关事项的通知》，自年月日起实施。借款人可选择新发放贷款置换存量房贷，或者协商变更合同约定利率水平两种方式，调整存量首套住房商业性个人住房贷款，预计这两种方式调整后的利率水平不会有明显区别。经测算，以万元、年期、原利率的存量房贷为例，假设房贷利率降至，可每年节约超元利息支出。新杭州人小陈在年月买了一套萧山市北的二手房，首套利率（。此后多次下调，但由于加点实在太高，目前还是在的利率高位。小陈说，昨晚得知这个消息，激动得一夜没睡好，按照此次存量首套房贷的调整办法，如果按照下限计算，原利率将降至（当时杭州首套房贷利率政策下限为不加点）。对于购房者，的利率降幅是一笔厚厚的息差。以万商业贷款，年本额等息还款为例，调整后，小陈的月供将从元降至元，每个月少了元，总利息少了万元。（视频）视频的微博视频,0.0013835674755214,-0.3046883912958277,0.4992694413013772,-0.0076077998225186,2023-01-06 15:19:23
淮安公安淮安分局超话利息少了万购房者激动得一夜没睡降存量房贷利率央行、金融监管总局重磅发布有购房者激动得一夜没睡“总利息少了万，每月少还多元”你的月供究竟能降多少？月日晚间，中国人民银行和国家金融监督管理总局发布《关于降低存量首套住房贷款利率有关事项的通知》，自年月日起实施。借款人可选择新发放贷款置换存量房贷，或者协商变更合同约定利率水平两种方式，调整存量首套住房商业性个人住房贷款，预计这两种方式调整后的利率水平不会有明显区别。经测算，以万元、年期、原利率的存量房贷为例，假设房贷利率降至，可每年节约超元利息支出。新杭州人小陈在年月买了一套萧山市北的二手房，首套利率（。此后多次下调，但由于加点实在太高，目前还是在的利率高位。小陈说，昨晚得知这个消息，激动得一夜没睡好，按照此次存量首套房贷的调整办法，如果按照下限计算，原利率将降至（当时杭州首套房贷利率政策下限为不加点）。对于购房者，的利率降幅是一笔厚厚的息差。以万商业贷款，年本额等息还款为例，调整后，小陈的月供将从元降至元，每个月少了元，总利息少了万元。（视频）视频的微博视频（来源：视频审核：蒋婵媛发布：蔡瑞永）,0.0026607066836951,-0.0534130585970776,0.6709136500616187,-0.0034465050244498,2023-01-06 11:12:26
利息少了万购房者激动得一夜没睡降存量房贷利率央行、金融监管总局重磅发布你的月供究竟能降多少？月日晚间，中国人民银行和国家金融监督管理总局发布《关于降低存量首套住房贷款利率有关事项的通知》，自年月日起实施。借款人可选择新发放贷款置换存量房贷，或者协商变更合同约定利率水平两种方式，调整存量首套住房商业性个人住房贷款，预计这两种方式调整后的利率水平不会有明显区别。经测算，以万元、年期、原利率的存量房贷为例，假设房贷利率降至，可每年节约超元利息支出。新杭州人小陈在年月买了一套萧山市北的二手房，首套利率（。此后多次下调，但由于加点实在太高，目前还是在的利率高位。小陈说，昨晚得知这个消息，激动得一夜没睡好，按照此次存量首套房贷的调整办法，如果按照下限计算，原利率将降至（当时杭州首套房贷利率政策下限为不加点）。对于购房者，的利率降幅是一笔厚厚的息差。以万商业贷款，年本额等息还款为例，调整后，小陈的月供将从元降至元，每个月少了元，总利息少了万元。（视频）视频的微博视频,0.0083014048531289,-0.2227159021094914,0.498231994547337,-0.0332967828896244,2023-01-06 11:13:52
上海、北京、深圳等多地披露首套房贷款利率下限执行情况据不完全统计，上海、北京、深圳、福建、河南、江西、湖南、吉林、甘肃、西藏、内蒙古、贵州等地的市场利率定价自律机制通过中国人民银行分支机构官网发布公告，披露近几年当地或省内各城市首套房贷款利率下限执行情况，以确保存量房贷利率调整顺利落地。多地披露首套房贷款利率下限全国首套房贷利率政策下限为：年月至年月为，年月至今为个基点。月日，中国人民银行、金融监管总局联合发布的《关于降低存量首套住房贷款利率有关事项的通知》明确，自月日起，符合相关条件的存量房贷借款人，可向金融机构提出申请，既可以变更合同约定的住房贷款利率加点幅度，也可以由银行新发放贷款置换存量贷款。降低后的存量房贷利率，依然要符合贷款发放时当地的房地产政策，即不低于当时所在城市房贷利率政策下限。也就是说，存量房贷利率调整最多可以“抹平”银行在发放房贷时高于政策下限的“溢价”。（上证报）,0.0001064282673478,-0.31502902045574,0.7017399320252903,-0.0008504554820109,2023-01-06 11:10:02
财鑫闻丨北上广深等城市“认房不认贷”预计后期仍有政策跟进月日，北京、上海宣布执行“认房不认贷”政策，两日内，广州、深圳、厦门、武汉等城市官宣落实“认房不认贷”，北上广深四个一线城市均官宣“认房不认贷”。这也是对前一天重磅政策的落实响应。月日，中国人民银行、国家金融监督管理总局两部门连续发布《关于调整优化差别化住房信贷政策的通知》和《关于降低存量首套住房贷款利率有关事项的通知》（下文简称《通知》）两大重磅政策，意味购房者的购房门槛和成本大幅下调。对于密集出台的调控政策，专家称之为是近年来调控力度最大的楼市政策，预计后期仍会有相应政策出台。财鑫闻丨北上广深等城市“认房不认贷”预计后期仍有政策跟进,0.0002128565346956,0.6973695718771811,0.920636681685451,0.00493976281069,2023-01-06 11:11:10
特别关注重要调整事关房贷中国人民银行、金融监管总局月日联合发布《关于调整优化差别化住房信贷政策的通知》和《关于降低存量首套住房贷款利率有关事项的通知》。有关负责同志就政策调整回答了记者提问。详情请看重要调整事关房贷（刘宏宇）,0.0001064282673478,0.9998995460960436,0.7017399320252903,0.0026993387758609,2023-01-06 11:11:06
利息少了万购房者激动得一夜没睡月日晚间，中国人民银行和国家金融监督管理总局发布《关于降低存量首套住房贷款利率有关事项的通知》，自年月日起实施。借款人可选择新发放贷款置换存量房贷，或者协商变更合同约定利率水平两种方式，调整存量首套住房商业性个人住房贷款，预计这两种方式调整后的利率水平不会有明显区别。经测算，以万元、年期、原利率的存量房贷为例，假设房贷利率降至，可每年节约超元利息支出。新杭州人小陈在年月买了一套萧山市北的二手房，首套利率（。此后多次下调，但由于加点实在太高，目前还是在的利率高位。小陈说，昨晚得知这个消息，激动得一夜没睡好，按照此次存量首套房贷的调整办法，如果按照下限计算，原利率将降至（当时杭州首套房贷利率政策下限为不加点）。对于购房者，的利率降幅是一笔厚厚的息差。以万商业贷款，年本额等息还款为例，调整后，小陈的月供将从元降至元，每个月少了元，总利息少了万元。,0.0001064282673478,-0.0729857459449518,0.7017399320252903,-0.0001970330468531,2023-01-06 11:10:05
降存量房贷利率利息少了万购房者激动得一夜没睡一线城市全部认房不认贷月日晚间，中国人民银行和国家金融监督管理总局发布《关于降低存量首套住房贷款利率有关事项的通知》，自年月日起实施。借款人可选择新发放贷款置换存量房贷，或者协商变更合同约定利率水平两种方式，调整展开,0.0001064282673478,0.4944006027241745,0.7017399320252903,0.0013346887924421,2023-01-06 20:57:51
利息少了万购房者激动得一夜没睡降存量房贷利率央行、金融监管总局重磅发布有购房者激动得一夜没睡“总利息少了万，每月少还多元”你的月供究竟能降多少？月日晚间，中国人民银行和国家金融监督管理总局发布《关于降低存量首套住房贷款利率有关事项的通知》，自年月日起实施。借款人可选择新发放贷款置换存量房贷，或者协商变更合同约定利率水平两种方式，调整存量首套住房商业性个人住房贷款，预计这两种方式调整后的利率水平不会有明显区别。经测算，以万元、年期、原利率的存量房贷为例，假设房贷利率降至，可每年节约超元利息支出。新杭州人小陈在年月买了一套萧山市北的二手房，首套利率（。此后多次下调，但由于加点实在太高，目前还是在的利率高位。小陈说，昨晚得知这个消息，激动得一夜没睡好，按照此次存量首套房贷的调整办法，如果按照下限计算，原利率将降至（当时杭州首套房贷利率政策下限为不加点）。对于购房者，的利率降幅是一笔厚厚的息差。以万商业贷款，年本额等息还款为例，调整后，小陈的月供将从元降至元，每个月少了元，总利息少了万元。,0.0001064282673478,0.5657194090564183,0.5543175132152683,0.0012063810613378,2023-01-06 11:11:43
四川首套房贷利率执行下限发布月日晚，中国人民银行、国家金融监督管理总局联合发布《关于降低存量首套住房贷款利率有关事项的通知》。文件明确，从年月日起，存量首套住房商业性个人住房贷款的借款人可向承贷金融机构提出申请，由该金融机构新发放贷款置换存量贷款，但在贷款市场报价展开,0.0006385696040868,0.2293840176391065,0.8627078569710449,0.0045677569856669,2023-01-06 11:11:09
存量房贷下调政策有点难懂？几个典型案例告诉你如何降、能不能降哪些房贷利率可以调整？据第一财经，月日，中国人民银行、国家金融监督管理总局联合发布《关于降低存量首套住房贷款利率有关事项的通知》。《通知》明确，自年月日起，存量首套住房商业性个人住房贷款的借款人可向金融机展开,0.0014899957428693,-0.0673037926266429,0.5636005458391552,-0.0020429785656933,2023-01-07 07:52:48
存量房贷利率下调政策五大关键点能节省多少房贷利息？对于中国人民银行、金融监管总局发布的《关于降低存量首套住房贷款利率有关事项的通知》，我们该如何理解？降低存量首套住房贷款利率，具体又该怎么操作？接下来，通过梳理政策五大关键点来帮您解读。央视网的微博视频展开,0.0013835674755214,-0.0523694070307883,0.4886117259306874,-0.0012797045840019,2023-01-06 11:28:09
存量房贷利率下调政策五大关键点对于中国人民银行、金融监管总局发布的《关于降低存量首套住房贷款利率有关事项的通知》，该如何理解？降低存量首套住房贷款利率，具体又该怎么操作？央视网的微博视频,0.0081949765857811,0.051901345794554,0.4367435754644941,0.0067146085823233,2023-01-06 16:25:27
利息少了万购房者激动得一夜没睡降存量房贷利率央行、金融监管总局重磅发布有购房者激动得一夜没睡“总利息少了万，每月少还多元”你的月供究竟能降多少？月日晚间，中国人民银行和国家金融监督管理总局发布《关于降低存量首套住房贷款利率有关事项的通知》，自年月日起实施。借款人可选择新发放贷款置换存量房贷，或者协商变更合同约定利率水平两种方式，调整存量首套住房商业性个人住房贷款，预计这两种方式调整后的利率水平不会有明显区别。经测算，以万元、年期、原利率的存量房贷为例，假设房贷利率降至，可每年节约超元利息支出。新杭州人小陈在年月买了一套萧山市北的二手房，首套利率（。此后多次下调，但由于加点实在太高，目前还是在的利率高位。小陈说，昨晚得知这个消息，激动得一夜没睡好，按照此次存量首套房贷的调整办法，如果按照下限计算，原利率将降至（当时杭州首套房贷利率政策下限为不加点）。对于购房者，的利率降幅是一笔厚厚的息差。以万商业贷款，年本额等息还款为例，调整后，小陈的月供将从元降至元，每个月少了元，总利息少了万元。搜狐视频的微博视频,0.0003192848020434,0.5673081925040616,1.0,0.0065473437305186,2023-01-06 14:03:02
首套房按揭利率政策下限公布月日晚，中国人民银行、国家金融监督管理总局联合发布《关于降低存量首套住房贷款利率有关事项的通知》。文件明确，从年月日起，存量首套住房商业性个人住房贷款的借款人可向承贷金融机构提出申请，由该金融机构新发放贷款置换存量贷款，但在贷款市场报价利展开,0.0006385696040868,0.7760604203940669,0.7019320842520224,0.0125738047020059,2023-01-06 13:29:03
存量房贷利率下调政策五大关键点对于中国人民银行、金融监管总局发布的《关于降低存量首套住房贷款利率有关事项的通知》，我们该如何理解？降低存量首套住房贷款利率，具体又该怎么操作？接下来，通过梳理政策五大关键点来帮您解读。央视网的微博视频,0.011600681140911,0.9408944740387806,0.7052947482198325,0.2782677634911257,2023-01-06 12:54:19
利息少了万购房者激动得一夜没睡降存量房贷利率央行、金融监管总局重磅发布有购房者激动得一夜没睡“总利息少了万，每月少还多元”你的月供究竟能降多少？月日晚间，中国人民银行和国家金融监督管理总局发布《关于降低存量首套住房贷款利率有关事项的通知》，自年月日展开,0.0041507024265644,0.2683114399056618,0.5514585747572931,0.0221994146233638,2023-01-06 12:05:25
“金九银十”前夜，楼市重磅金融支持政策落地，购房门槛、成本将明显降低。月日晚间，央行、国家金管总局发出《关于调整优化差别化住房信贷政策的通知》，《关于降低存量首套住房贷款利率有关事项的通知》，以支持各地因城施策用好政策工具箱，引导个人住房贷款实际首付比例和利率下行。展开,0.0008514261387824,0.2877814258285525,0.7027006931589505,0.0062236901165961,2023-01-06 12:02:37
江苏公布首套房贷款利率下限执行情况月日晚，中国人民银行、国家金融监督管理总局联合发布《关于降低存量首套住房贷款利率有关事项的通知》。文件明确，从年月日起，存量首套住房商业性个人住房贷款的借款人可向承贷金融机构提出申请，由该金融机构新发放贷款置换存量贷款，但在贷款市展开,0.0001064282673478,-0.6427213026808265,0.7018360081386563,-0.0017353343859794,2023-01-06 11:33:22
江苏公布首套房按揭利率政策下限江苏省各设区市首套房按揭利率政策下限公布月日晚，中国人民银行、国家金融监督管理总局联合发布《关于降低存量首套住房贷款利率有关事项的通知》。文件明确，从年月日起，存量首套住房商业性个人住房贷款的借款人可向承贷金融机构提出申请，由该金融机构新发放贷款置换存量贷款，但在贷款市场报价利率（）上的加点幅度，不得低于原贷款发放时所在城市首套房贷款利率政策下限。月日下午，中国人民银行江苏省分行官网发布消息，公布了近几年江苏省内各城市首套房贷款利率下限执行情况。,0.0001064282673478,-0.2124895088716969,0.5750224804672549,-0.0004700533456193,2023-01-06 11:32:56
楼市放出多年未见大招，房价是跌是涨？靴子终于落地。月日下午时许，中国人民银行、国家金融监督管理总局发布最新通知，调整优化住房信贷政策，其中，首套住房商贷最低首付款不低于，二套住房商贷最低首付款不低于。本次降低首付的力度可谓多年未有；此外，房贷利率也将进行较大力度的优化调整，包括降低存量房贷利率。这一政策组合拳可谓掷地有声，本次出台楼市新政，有何深意？楼市会迎来什么变化？首付比例几乎降至历史下限月日，中国人民银行、国家金融监督管理总局发布《关于调整优化差别化住房信贷政策的通知》，其中主要有四条内容。第一条是对于贷款购买商品住房的居民家庭，首套住房商业性个人住房贷款最低首付款比例统一为不低于，二套住房商业性个人住房贷款最低首付款比例统一为不低于。这一新政即为首套房首付、二套房首付，近十年前，这一政策曾出台过，其后多年，首套房首付最低、二套房首付最低的房贷政策在全国层面长期执行，部分城市有所加码，二套房首付比例要求更高。以一套总价万元的房子为例，此前首套房首付需要万元，而按照最新政策，首付只需要万元，首付资金低了很多；而如果是二套房，此前首付需要万，部分城市需要万元，而如今只需要万，购房门槛大为降低。对此，中指研究院指数研究部总经理曹晶晶表示，从首付比例来看，不论是首套房还是二套房，其最低首付比例几乎已经降至历史下限，这将能显著降低购房门槛，凸显了政策面保刚需、促改善、稳市场的用意。第二条是首套住房商业性个人住房贷款利率政策下限按现行规定执行，二套住房商业性个人住房贷款利率政策下限调整为不低于相应期限贷款市场报价利率加个基点。即首套房利率政策不变，目前五年期以上为，部分城市执行的是下调个基点、再优惠个左右基点的政策，其房贷利率为甚至更低，比如郑州、福州的首套房贷利率已调至左右。而对于二套房贷款利率，此前多个城市执行的是上调个基点，实际二套房贷利率为，根据此次最新政策，二套房上浮基点不低于个基点即可，这无疑赋予了下调二套房贷利率上浮基点的空间。第三、四条规定，中国人民银行、金融监管总局各派出机构按照因城施策原则，根据辖区内各城市房地产市场形势及当地调控要求，自主确定各城市首套和二套住房商贷最低首付款比例和利率下限；各大银行业金融机构应据此首付比例和利率下限，合理确定每笔贷款的具体首付款比例和利率水平。中国人民银行、国家金融监督管理总局有关负责人表示，此次差别化住房信贷政策调整优化的重点在于，一是统一全国商业性个人住房贷款最低首付款比例政策下限即不再区分实施“限购”城市和不实施“限购”城市，首套住房和二套住房商贷最低首付款比例政策下限统一为不低于和；二是将二套住房利率政策下限调整为不低于相应期限贷款市场报价利率（）加个基点。曹晶晶表示，此次金融监管部门打开了首付比例和利率下调的空间，根据目前的市场形势和金融监管部门的这一要求，首套房首付、二套房首付的新政将会逐步落地，二套房贷利率也将下调，尤其是由于当前多数城市房地产下行压力较大，因此预计二线城市将很快调整至下限水平等，从政策调整力度看，本次楼市新政具有较高的含金量。楼市仍处于下行期今年以来，楼市曾在、月份有所回升，但进入下半年，楼市多个指标均呈现下跌态势。国家统计局公布，月份，全国房地产开发投资亿元，同比下降；其中，住宅投资亿元，下降。月份，房地产开发企业房屋施工面积万平方米，同比下降。房屋新开工面积万平方米，下降。其中，住宅新开工面积万平方米，下降。与此同时，楼市成交量价也出现下滑，月份，商品房销售面积万平方米，同比下降。尤其是，今年上半年商品房销售额连续多月保持同比正增长的态势，但月份以来，前个月商品房销售额亿元，下降。月份，个大中城市中，新建商品住宅和二手住宅价格环比上涨城市分别有个和个，比上月分别减少个和个；同比上涨城市分别有个和个，比上月均减少个。对此，国家统计局城市司首席统计师绳国庆表示，年月份，个大中城市商品住宅销售价格上涨城市个数减少，各线城市商品住宅销售价格环比持平或下降、同比有涨有降。“目前市场显然是跌过头了，”月日，在万科年中期业绩推介会上，万科董事会主席郁亮表示，市场低迷持续了一段时间，市场情绪已经受到影响，容易出现各种“过度反应”。他表示，以新开工数来看，年新开工数下降，年新开工量下降，今年上半年继续下降约。如果以年作为基数，新开工数已经整体下降约，回到了年的水平。中国社科院财经战略研究院住房大数据项目组组长邹琳华向中国新闻周刊表示，房地产领域的风险点较多且连接面广，比如烂尾楼风险、房地产企业爆雷风险、土地财政风险、断供风险等，都属于非常棘手的风险。这些风险一旦触发，容易直接联接金融体系和地方财政。因而，房地产相对更容易率先引发经济风险。邹琳华认为，与日本房地产泡沫期相比，我国仍处于城市化阶段，人均收入和生活水平离发达国家还在差距，存在一定规模潜在的刚性和改善性住房需求。只要政策及时妥当，房地产领域的风险相对更为可控。但如果房价在内外部因素的综合作用下持续下滑且无有效抑制手段，这些风险点也容易被触发。由于房地产风险连接面广，抑制房地产风险的蔓延，就需要付出更大成本。中国人民银行、国家金融监督管理总局有关负责人表示，月日中央政治局会议明确，适应我国房地产市场供求关系发生重大变化的新形势，适时调整优化房地产政策，因城施策用好政策工具箱。月日国务院常务会议提出，根据不同需求、不同城市等推出有利于房地产市场平稳健康发展的政策举措，加快研究构建房地产业新发展模式。根据部署，此次对现行差别化住房信贷政策进行了调整优化，支持各地因城施策用好政策工具箱，引导个人住房贷款实际首付比例和利率下行，更好满足刚性和改善性住房需求。楼市会怎样走？邹琳华表示，为了及时有效应对周期性、结构性供大于求带来的市场冲击，以及防范可能由此触发的经济风险，同时支持刚性和改善性住房需求，可采取调整优化措施。为此，他建议，一是及时撤销对于住房需求不合时宜的管控限制。这些限制措施包括限购、限贷、限售、限价、限非普住宅等。这些限制措施大都是基于住房短缺、投资投机动力强大的市场背景所制订，既然房地产市场供求形势已经发生了重大变化，住房已经不再供不应求，甚至还出现了销售困难，住房投资投机者也不再涌入住房市场，这些限制政策显然已经不合时宜。此外，这些限制性政策还限制了居民刚性和改善性住房需求的释放，妨碍了市场信心的恢复，所以应该及时全面调整。二是大幅降低购房贷款利率。从当前的信贷市场供求看，无抵押的消费贷利率已经降至左右，且对这类资金的市场需求仍不足。参照无抵押消费贷利率的供求状况，目前的房贷利率水平还需要大幅降低，才可能会对市场信心恢复有一定作用。从这一角度看，楼市政策仍有调整空间。年月日，住房城乡建设部、中国人民银行、金融监管总局三部门发布《关于优化个人住房贷款中住房套数认定标准的通知》，“认房不认贷”政策终于要走向落地。月日，一线城市中的广州与深圳已经在同一天出台规定落实“认房不认贷政策”。邹琳华表示，“认房不认贷”可以释放部分购房需求，对市场信心有一定的提振作用。月日，中国人民银行、国家金融监督管理总局联合发布《关于降低存量首套住房贷款利率有关事项的通知》。自年月日起，降低存量首套住房商业性个人住房贷款利率。中国人民银行、国家金融监督管理总局有关负责人表示，对于符合条件的存量住房贷款，可由借款人主动向承贷银行提出申请，也鼓励银行以发布公告、批量办理等方式，为借款人提供更为便利的服务。调整方式上，既可以变更合同约定的住房贷款利率加点幅度，也可以由银行新发放贷款置换存量贷款，具体利率调整幅度由借贷双方协商确定。中国首席经济学家论坛理事长、上海市经济学会副会长连平表示，降低存量房贷利率可以减轻购房者的利息负担，对于刺激消费、推动房地产市场复苏会有积极作用。曹晶晶表示，整体来看，月底房地产政策优化节奏加快，多项利好政策集中赶在“金九银十”到来之前落地，将有助于促进房地产市场信心修复和预期改善，推动刚需和改善性需求入市，激活市场交易。郁亮认为，“楼市的确有前所未有的压力”，但是，政策正在发力，并且对“盘活存量项目”等对行业中长期有重大影响的方面都有提出要求，是一种对行业的鼓舞。首都经济贸易大学京津冀房地产研究院院长赵秀池告诉中国新闻周刊，楼市跟着人口走，作为人口基数大、新增人口多的一二线城市，其市场仍有一定的发展潜力。在郁亮看来，目前我国城镇化率，这个数字如果预计达到，保守估计全国每年应该有亿亿平方米的新开工数才是合理水平，目前是超跌了。房地产行业能回到健康的水平，过程中会有曲折和波浪。（中国新闻周刊）,0.0156449553001277,-0.173203795890983,0.4682034391536192,-0.0458600127925274,2023-01-06 11:30:10
有房贷的人开始焦虑排不上队利率真要降了买房人恨不得今天就是月日月日晚间点左右，中国人民银行、国家金融监督管理总局联合发布《关于降低存量首套住房贷款利率有关事项的通知》。据有关负责人介绍，符合条件的存量首套住房贷款是指，年月日前金融机构已发放，已签订合同但展开,0.0029799914857386,-0.306866685625193,0.583525312862031,-0.0192882268789827,2023-01-06 11:26:28
房贷政策调整谁获益最大？日前，中国人民银行、国家金融监督管理总局联合下发《关于调整优化差别化住房信贷政策的通知》和《关于降低存量首套住房贷款利率有关事项的通知》，相关政策一经发布当即引发市场强烈关注。你的月供究竟能降多少两项通知内容均直接指向与房地产消费者最为关心的项目。差别化住房信贷政策调整优化的重点是，将统一全国商业性个人住房贷款最低首付款比例政策下限，首套为、二套为，不再区分实施“限购”城市和不实施“限购”城市。住房利率政策下限亦调整。各地可按照因城施策原则，在不低于上述全国统一政策基础上，自主确定辖区内首套和二套住房最低首付款比例和利率下限。《关于降低存量房首套住房贷款利率有关事项的通知》明确，年月日起，存量首套住房商业性个人住房贷款的借款人可向金融机构提出申请，由金融机构新发放贷款置换存量首套住房商业性个人住房贷款。据不完全统计和测算，目前，大部分城市存量房贷的利率最低下限是，此前购房者基本是按照左右的房贷利率购房，此次存量房贷利率调整后，房贷利率或能降低个基点以上。加上近日一些地方出台的“认房不认贷”新规，一些住房可能重新被认定为“首套”，从而享受新出台政策优惠。几千万户、上亿居民的财务负担或会有较明显下降，平均降幅或约为个百分点，预计对市场影响颇大。市场供求变化的必然结果“新政”晚间出通告，似乎非常突然，其实市场预期已久。月日金融统计数据情况新闻发布会上，央行政策司司长邹澜表示：“按照市场化、法治化原则，我们支持和鼓励商业银行与借款人自主协商变更合同约定，或者是新发放贷款置换原来的存量贷款。”这已经拉开政策调整市场沟通和预期的序幕。随后，月日，中国人民银行、国家外汇管理局召开年下半年工作会议，提出“将因城施策精准实施差别化住房信贷政策，继续引导个人住房贷款利率和首付比例下行，更好满足居民刚性和改善性住房需求。指导商业银行依法有序调整存量个人住房贷款利率。”月日，央行、金监局、证监会联合召开金融支持实体经济和防范化解金融风险电视会议，强调“要继续推动实体经济融资成本稳中有降，规范贷款利率定价秩序，统筹考虑增量、存量及其他金融产品价格关系”。月日开始，各大银行针对存量住房贷款利率下调发声，至此，市场基本上有共识，认为“箭在弦上”了。当然，政策密集发声、“步步为营”旨在引导市场预期，但市场预期的基础还是宏观经济形势，政策设置也同样是大形势下的相机顺应。在月日的发布会上，关于存量贷款表述前还有一段叙述，谈及房地产相关问题时，邹澜表示，“部分房企长期积累的风险仍然需要一段时间才能逐步消化考虑到我国房地产市场供求关系已经发生深刻变化”这个“深刻变化”在两个新政《通知》出台时，似也有相关监管部门工作人员提及。年，人民币个人住房贷款加权平均利率均值为，而年上半年新发放个人住房贷款加权平均利率为，前者高出后者。由于经济还在弱复苏过程中，居民资产端收益率也明显回落，如个月理财产品预期年化收益率降至、为历史最低水平。存量房贷利率高于理财、存款等稳健收益产品，居民“借新还旧、借短还长”等提前还贷意愿明显增加，提前偿还房贷需求提升。今年月，新增居民中长期贷款为负，或为居民提前偿还房贷超过当月新增贷款所致。由此可见，存量房贷利率调降是市场供求变化带来的必然结果。金融市场健康稳定发展所需降低存量房贷利率有什么好处呢？从购房端来看，居民固然会因房贷付息压力减轻，获得益处。对于房地产供给方而言，也可能刺激更多一些的需求。而对于银行等金融机构来说，虽然表面上看，存量房贷降息将会带来利息的损失，但若利率水平与市场供求形势发生扭曲，提前还贷等实则为居民对资产负债表的调整，居民资产负债表呈现收缩，商业银行经营收益也受到一定影响，并可能对金融市场造成扰动，调降利率也不能不说是金融市场健康稳定发展的需求。回看历史，年月，央行宣布决定“商业性个人住房贷款利率的下限扩大为贷款基准利率的倍”，该优惠举措主要针对于新增客户，但不少存量贷款客户通过转按揭的方式再度成为“新增客户”，从而享受七折利率优惠。房地产对经济有相当重要的支撑作用，而住房贷款是居民债务最主要的构成部分。如何稳定市场信心、降低负债端成本、稳定地产行业、提升消费能力，始终是经济的重要命题和目标。非常时期更加需要非常办法。当然，今时不同往日，就房贷而言，对比年已是更大的规模和挑战，对银行净息差和利润的影响也在加大。就房地产市场和其他消费市场而言，其规模和挑战都与十多年前不可同日而语。当我们看到一项政策的出台时，更多的配套政策和工具也需要都在路上，以保证每项政策的实际操作性，以及所有政策和工具的相互配合度，更重要的是，要不断适应变化的市场。（新京报）利息少了万购房者激动得一夜没睡,0.001064282673478,0.0043245961150936,0.5522415914064825,9.187545384201652e-05,2023-01-06 11:24:18
利息少了万购房者激动得一夜没睡降存量房贷利率有购房者激动得一夜没睡“总利息少了万，每月少还多元”你的月供究竟能降多少？月日晚间，中国人民银行和国家金融监督管理总局发布《关于降低存量首套住房贷款利率有关事项的通知》，自年月日起实施。借款人可选择新发放贷款置换存量房贷，或者协商变更合同约定利率水平两种方式，调整存量首套住房商业性个人住房贷款，预计这两种方式调整后的利率水平不会有明显区别。经测算，以万元、年期、原利率的存量房贷为例，假设房贷利率降至，可每年节约超元利息支出。新杭州人小陈在年月买了一套萧山市北的二手房，首套利率（。此后多次下调，但由于加点实在太高，目前还是在的利率高位。小陈说，昨晚得知这个消息，激动得一夜没睡好，按照此次存量首套房贷的调整办法，如果按照下限计算，原利率将降至（当时杭州首套房贷利率政策下限为不加点）。对于购房者，的利率降幅是一笔厚厚的息差。以万商业贷款，年本额等息还款为例，调整后，小陈的月供将从元降至元，每个月少了元，总利息少了万元。（视频）视频的微博视频,0.0013835674755214,-0.5888581590501889,0.6169364012786266,-0.0181685085108131,2023-01-06 11:21:28
四川公示首套房贷利率执行下限月日晚，中国人民银行、国家金融监督管理总局联合发布《关于降低存量首套住房贷款利率有关事项的通知》。文件明确，从年月日起，存量首套住房商业性个人住房贷款的借款人可向承贷金融机构提出申请，由该金融机构新发放贷款置换存量贷款，但在贷款市场报价利率（）上的加点幅度，不得低于原贷款发放时所在城市首套房贷款利率政策下限。月日下午，人民银行四川省分行官网发布消息，公布了近几年四川省内各城市首套房贷款利率下限执行情况网页链接（中国人民银行四川省分行）,0.0008514261387824,0.7042377889229441,0.7990691126077458,0.0173188275433854,2023-01-06 11:18:51
约三分之二存量房贷符合利率下调标准算笔账个税政策利好每月能省多少钱月的最后一天，多项与个人、家庭息息相关的利好政策官宣出台。昨天，国务院宣布提高岁以下婴幼儿照护、子女教育、赡养老人三项个税专项附加扣除标准，中国人民银行、国家金融监督管理总局发布《关于降低存量首套住房贷展开,0.0043635589612601,0.0429435451376354,0.5498032990781162,0.0037240364573332,2023-01-06 11:17:51
江苏公布首套房按揭利率政策下限江苏省各设区市首套房按揭利率政策下限公布月日晚，中国人民银行、国家金融监督管理总局联合发布《关于降低存量首套住房贷款利率有关事项的通知》。文件明确，从年月日起，存量首套住房商业性个人住房贷款的借款人可向承贷金融机构提出申请，由该金融机构新发放贷款置换存量贷款，但在贷款市场报价利率（）上的加点幅度，不得低于原贷款发放时所在城市首套房贷款利率政策下限。月日下午，中国人民银行江苏省分行官网发布消息，公布了近几年江苏省内各城市首套房贷款利率下限执行情况。网页链接,0.0058535547041294,-0.264929283074248,0.4907973173596247,-0.0275118418090121,2023-01-06 11:15:09
四川公布各市州首套房贷利率执行下限月日晚，中国人民银行、国家金融监督管理总局联合发布《关于降低存量首套住房贷款利率有关事项的通知》。文件明确，从年月日起，存量首套住房商业性个人住房贷款的借款人可向承贷金融机构提出申请，由该金融机构新发放贷款置换存量贷款，但在贷款市场报价利率（）上的加点幅度，不得低于原贷款发放时所在城市首套房贷款利率政策下限。月日，人民银行四川省分行公布了年以来四川省内各城市首套房贷款利率下限执行情况。（人民银行四川省分行）,0.000532141336739,-0.2809885809668369,0.7019320842520224,-0.0037938364158733,2023-01-06 11:13:42
房贷首付比例下调，一线城市及热点二线城市最受益，但北上深存量房贷利率或难受益。央行月日发布《关于调整优化差别化住房信贷政策的通知》和《关于降低存量首套住房贷款利率有关事项的通知》引发市场一片欢腾。对于首套房，成首付，这大概是年之后第二次全国范围如此大力度普遍调整了。二套房成首付也是相当可以了。不过，对于很多城市，其实早享受到成首付，所以，此次调整或许对一线城市以及热点二线城市影响最大。在这些城市带动下，楼市向好的局面将会更加清晰。宏观上的信心提升不代表实际的购买力提升，毕竟首付比例下调仅仅是个门槛降低的问题，并没有带动购房者的购买力。所以也不可盲目乐观。现在经济与收入预期仍不稳定且不乐观，即使购房者看到如此利好很冲动我也要劝你慎重。但有一些需求将得以释放，这些人不差钱就差政策。对于存量房贷利率下调，这一次也是敲定了方案。月日北京、上海、深圳等也都相继公布房贷利率下限，不过恐怕要泼点冷水了，可能难以受益存量按揭利率下调。北京：年月至今首套商业性个人住房贷款利率下限为个。上海：年月日至今执行的利率下限水平为。深圳：年月日至今执行首套房贷利率下限水平为。央行规定的原则是，新发放贷款的利率水平，在贷款市场报价利率上的加点幅度，不得低于原贷款发放时所在城市首套住房商业性个人住房贷款利率政策下限。目前北京首套房新发放房贷利率下限为（加点），上海为（加点），深圳为（加点）。因为各地市场下行趋势下，除北上深以外，基本上都大幅下调了贷款的加点幅度，而北上深房贷利率加点政策基本上保持了稳定，所以，预计北上深很难受益存量按揭利率的可能下调，除非地方下调加点幅度。对于一些人来说，可能盼来盼去，等了个寂寞，也别光听别人怎么说，最好还是到你的承贷银行问一问，看看是否具备下调条件，能下调多少。首套房贷款最低首付比例不低于降存量首套房贷利率万存量房贷每年可省多元利息,0.0001064282673478,-0.9994376283202906,0.7017399320252903,-0.0026980917780318,2023-01-06 11:09:50
北上深公布首套房贷利率下限各地首套房贷利率下限公布月日，中国人民银行、金融监管总局联合发布的《关于降低存量首套住房贷款利率有关事项的通知》明确，自月日起，符合相关条件的存量房贷借款人，可向金融机构提出申请，既可以变更合同约定的住房贷款利率加点幅度，也可以由银行新发放贷款置换存量贷款。最关键的一句是：降低后的存量房贷利率，依然要符合贷款发放时当地的房地产政策，即不低于当时所在城市房贷利率政策下限。也就是说，存量房贷利率调整最多可以“抹平”银行在发放房贷时高于政策下限的“溢价”。为确保存量房贷利率调整顺利落地，央行分支机构陆续在官网公布首套商业性个人住房贷款利率自律下限有关情况。更多城市大家可以直接上央行官网的各个地方分行网站查看。,0.0002128565346956,-0.8388303379085074,0.7018360081386563,-0.0045296495488908,2023-01-06 11:09:43
四川公示首套房贷利率执行下限月日晚，中国人民银行、国家金融监督管理总局联合发布《关于降低存量首套住房贷款利率有关事项的通知》。文件明确，从年月日起，存量首套住房商业性个人住房贷款的借款人可向承贷金融机构提出申请，由该金融机构新发放贷款置换存量贷款，但在贷款市场报价利率（）上的加点幅度，不得低于原贷款发放时所在城市首套房贷款利率政策下限。月日下午，人民银行四川省分行官网发布消息，公布了近几年四川省内各城市首套房贷款利率下限执行情况。红星视频的微博视频,0.0006385696040868,-0.2174668034745472,0.7018360081386563,-0.0035229355582678,2023-01-06 11:09:31
四川公示首套房贷利率执行下限月日，人民银行四川省分行官网发布消息，公布了近几年四川省内各城市首套房贷款利率下限执行情况。记者注意到，根据公布的情况，成都今年月日至今执行利率下限为，年月日至今年月日利率下限为。月日晚，中国人民银行、国家金融监督管理总局联合发布《关于降低存量首套住房贷款利率有关事项的通知》。文件明确，从年月日起，存量首套住房商业性个人住房贷款的借款人可向承贷金融机构提出申请，由该金融机构新发放贷款置换存量贷款，但在贷款市场报价利率（）上的加点幅度，不得低于原贷款发放时所在城市首套房贷款利率政策下限。,0.0006385696040868,-0.21769273259802,0.7017399320252903,-0.0035261128177481,2023-01-06 11:29:40
四川首套房贷利率执行下限发布月日晚，中国人民银行、国家金融监督管理总局联合发布《关于降低存量首套住房贷款利率有关事项的通知》。文件明确，从年月日起，存量首套住房商业性个人住房贷款的借款人可向承贷金融机构提出申请，由该金融机构新发放贷款置换存量贷款，但在贷款市场报价利率（）上的加点幅度，不得低于原贷款发放时所在城市首套房贷款利率政策下限。月日下午，人民银行四川省分行官网发布消息，公布了近几年四川省内各城市首套房贷款利率下限执行情况。（来源：红星新闻）,0.0150063856960408,0.1271774228740442,0.4519944904130893,0.0311807893675329,2023-01-06 22:01:53
有房贷的人开始焦虑排不上队利率真要降了买房人恨不得今天就是月日月日晚间点左右，中国人民银行、国家金融监督管理总局联合发布《关于降低存量首套住房贷款利率有关事项的通知》。据有关负责人介绍，符合条件的存量首套住房贷款是指，年月日前金融机构已发放，已签订合同但未发放的，以及借款人实际住房情况符合所在城市首套住房标准的存量住房商业性个人住房贷款。对于“高位站岗”买房者来说，这是不亚于过年的好消息。月日晚间，广州市民唐轩（化名）告诉时代财经，看到政策发布的那一刻，除了兴奋，还有一丝担忧，“恨不得明天就是月日，我现在就担心到时候要排队。”存量房贷,0.0003192848020434,0.0,0.7019320842520224,0.0,2023-01-06 11:23:20
月楼市发布的三个重大文件将有力提振市场信心楼市房地产月日住建部、人民银行、金融监管总局联合发布《关于优化个人住房贷款中住房套数认定标准的通知》，之后重点城市也陆续发布认房不认贷的通知。月日人民银行、金融监管总局联合发布《关于调整优化差别化住房信贷政策的通知》和《关于降低存量首套住房贷款利率有关事项的通知》两个文件，不再区分限购和不限购城市，将首套和二套住房贷款的最低首付比例下限统一为不低于和；二套住房利率政策下限调整为，首套住房利率政策下限仍为。,0.0001064282673478,0.9754861249694886,0.7017399320252903,0.0026334320609758,2023-01-07 13:05:45
有房贷的人开始焦虑排不上队利率真要降了买房人恨不得今天就是月日月日晚间点左右，中国人民银行、国家金融监督管理总局联合发布《关于降低存量首套住房贷款利率有关事项的通知》。据有关负责人介绍，符合条件的存量首套住房贷款是指，年月日前金融机构已发放，已签订合同但未发放的，以及借款人实际住房情况符合所在城市首套住房标准的存量住房商业性个人住房贷款。对于“高位站岗”买房者来说，这是不亚于过年的好消息。月日晚间，广州市民唐轩（化名）告诉时代财经，看到政策发布的那一刻，除了兴奋，还有一丝担忧，“恨不得明天就是月日，我现在就担心到时候要排队。”时代财经的微博视频,0.0001064282673478,-0.1603810618305819,0.5994310653830227,-0.0003698427950217,2023-01-06 13:20:04
注意通知里的这句话“不得低于原贷款发放时所在城市首套住房商业性个人住房贷款利率政策下限”假如原来的政策最低是，加了，就是，那按照通知里的要求，银行给你降个，变成了，也按照央行的要求给降了，也满足不低于当时最低利率政策。降个寂寞啊降，哥不差那几块钱。房贷展开,0.0001064282673478,-0.4873070692371004,0.7017399320252903,-0.0013155390187731,2023-01-06 11:55:03
存量首套房贷利率下调月日起可申请万存量房贷每年可省多元利息月日，中国人民银行、金融监管总局联合发布《关于降低存量首套住房贷款利率有关事项的通知》（下称“通知”）和《关于调整优化差别化住房信贷政策的通知》。通知明确，自月日起，符合相关条件的存量房贷借款人展开,0.000532141336739,0.8912349145628771,0.7020281603653884,0.0120348743709056,2023-01-06 11:42:47
利息少了万购房者激动得一夜没睡降存量房贷利率央行、金融监管总局重磅发布有购房者激动得一夜没睡“总利息少了万，每月少还多元”你的月供究竟能降多少？月日晚间，中国人民银行和国家金融监督管理总局发布《关于降低存量首套住房贷款利率有关事项的通知》，自年月日起实施。借款人可选择新发放贷款置换存量房贷，或者协商变更合同约定利率水平两种方式，调整存量首套住房商业性个人住房贷款，预计这两种方式调整后的利率水平不会有明显区别。经测算，以万元、年期、原利率的存量房贷为例，假设房贷利率降至，可每年节约超元利息支出。新杭州人小陈在年月买了一套萧山市北的二手房，首套利率（。此后多次下调，但由于加点实在太高，目前还是在的利率高位。小陈说，昨晚得知这个消息，激动得一夜没睡好，按照此次存量首套房贷的调整办法，如果按照下限计算，原利率将降至（当时杭州首套房贷利率政策下限为不加点）。对于购房者，的利率降幅是一笔厚厚的息差。以万商业贷款，年本额等息还款为例，调整后，小陈的月供将从元降至元，每个月少了元，总利息少了万元。（视频）视频的微博视频,1.0,-0.0334730643620968,0.8264882575463426,-1.0,2023-01-06 11:33:14
房贷政策最新调整便民资讯日前，中国人民银行、国家金融监督管理总局联合发布《关于调整优化差别化住房信贷政策的通知》和《关于降低存量首套住房贷款利率有关事项的通知》。有关负责人就调整优化住房信贷政策有关问题答记者问。一起来看（来源：中国人民银行网站、新华社）房贷政策最新调整,0.0001064282673478,-0.0627980035757627,0.7020281603653884,-0.000169599747817,2023-01-06 11:09:42
两部门调整优化住房信贷政策月日，中国人民银行、金融监管总局联合发布《关于调整优化差别化住房信贷政策的通知》和《关于降低存量首套住房贷款利率有关事项的通知》，对于贷款购买商品住房的居民家庭，首套住房商业性个人住房贷款最低首付款比例统一为不低于，二套住房商业性个人住房贷款最低首付款比例统一为不低于。同时，自月日起，存量首套住房商业性个人住房贷款的借款人可向承贷金融机构提出申请，由该金融机构新发放贷款置换存量首套住房商业性个人住房贷款。根据《关于调整优化差别化住房信贷政策的通知》，首套住房商业性个人住房贷款利率政策下限按现行规定执行，二套住房商业性个人住房贷款利率政策下限调整为不低于相应期限贷款市场报价利率加个基点。中国人民银行、金融监管总局各派出机构按照因城施策原则，指导各省级市场利率定价自律机制，根据辖区内各城市房地产市场形势及当地政府调控要求，自主确定辖区内各城市首套和二套住房商业性个人住房贷款最低首付款比例和利率下限。《关于降低存量首套住房贷款利率有关事项的通知》明确，存量首套住房商业性个人住房贷款，是指年月日前金融机构已发放的和已签订合同但未发放的首套住房商业性个人住房贷款，或借款人实际住房情况符合所在城市首套住房标准的其他存量住房商业性个人住房贷款。新发放贷款的利率水平由金融机构与借款人自主协商确定，但在贷款市场报价利率（）上的加点幅度，不得低于原贷款发放时所在城市首套住房商业性个人住房贷款利率政策下限。新发放的贷款只能用于偿还存量首套住房商业性个人住房贷款，仍纳入商业性个人住房贷款管理。此外，月日起，存量首套住房商业性个人住房贷款的借款人亦可向承贷金融机构提出申请，协商变更合同约定的利率水平。中国人民银行、金融监管总局有关负责人介绍，近年来我国房地产市场供求关系发生了重大变化，借款人和银行对于有序调整优化资产负债均有诉求。存量住房贷款利率的下降，对借款人来说，可节约利息支出，有利于扩大消费和投资。对银行来说，可有效减少提前还贷现象，减轻对银行利息收入的影响。同时，还可压缩违规使用经营贷、消费贷置换存量住房贷款的空间，减少风险隐患。为更好适应上述新形势，中国人民银行、金融监管总局明确按照市场化、法治化原则，支持鼓励银行与借款人协商调整存量首套住房贷款利率。（来源：《人民日报》）,0.034269902085994,0.3774395202248418,0.5955718671838045,0.2784596351744023,2023-01-06 13:53:14
户籍新政来了关系你的户口中新网北京月日电记者李金磊户籍政策迎来新措施。月日，公安部发布公安机关服务保障高质量发展若干措施，其中在户籍政策方面提出一系列举措。进一步放宽落户条件、降低落户门槛根据上述措施，大力推进以人为核心的新型城镇化。健全以常住地登记户口制度，进一步放宽落户条件、降低落户门槛，促进有能力在城镇稳定就业和生活的农业转移人口举家进城落户。公安部治安管理局副局长亓希国在新闻发布会上指出，公安部充分发挥牵头部门职能作用，会同有关部门采取有力措施，推动全面建立城乡统一的户口登记制度、便利畅通农业转移人口落户渠道、全面提升基本公共服务水平，推动农业转移人口市民化工作取得重要进展。截至年，亿农业转移人口落户城镇，户籍人口城镇化率达。调整优化超大、特大城市落户政策上述措施提出，调整优化超大、特大城市落户政策，完善积分落户制度，更好地解决进城普通劳动者的落户问题。“推动农业转移人口进城落户是推进以人为核心的新型城镇化的关键一环。”亓希国表示，公安部充分发挥人口管理对于人口有序流动的牵引作用，持续深化户籍制度改革。其中，推动各地全面取消城区常住人口万以下的城市落户限制，全面放宽城区常住人口万至万的型大城市落户条件，完善城区常住人口万以上的超大特大城市积分落户政策，确保社会保险缴纳年限和居住年限分数占主要比例，鼓励取消年度落户名额限制。进一步放宽集体户设立条件上述措施要求，进一步放宽集体户设立条件，鼓励有条件的地方取消人才市场、众创空间等单位设立集体户限制，推行乡镇街道或村社区设立公共集体户，便利各类人员落户。探索户籍准入同城化上述措施指出，支持具备条件的都市圈或城市群探索实行户籍准入年限同城化累计互认、居住证互通互认。中新财经注意到，中共中央办公厅、国务院办公厅年印发的《建设高标准市场体系行动方案》提出，推动户籍准入年限同城化累计互认。除超大、特大城市外，在具备条件的都市圈或城市群探索实行户籍准入年限同城化累计互认。受访专家对中新财经记者表示，这些年都市圈或城市群发展的一个新趋势就是，人口在同一个都市圈或城市群范围内流动越来越频繁，所以，适应这种趋势，探索实行户籍准入年限同城化累计互认、居住证互通互认，将促使人员流动更加便利。试点实施灵活落户政策上述措施指出，对农村籍大学生、科技人才、退伍军人因实际居住、就业创业等申请落户的，可以迁入原籍地或就业创业地，助力城乡融合发展。专家表示，上述户籍制度改革措施具有“含金量”，将进一步使更多的农业转移人口进城落户，推动新型城镇化的发展，从而服务和助力高质量发展。完来源：中国新闻网,0.8169014084507042,0.1921005574817688,0.7200779655229976,0.3737988670492521,------
户籍新政继续推动城市化进程推动各地全面取消城区常住人口万以下的城市落户限制，全面放宽城区常住人口万至万的型大城市落户条件，完善城区常住人口万以上的超大特大城市积分落户政策，确保社会保险缴纳年限和居住年限分数占主要比例，鼓励取消年度落户名额限制。进一步放宽集体户设立条件，鼓励有条件的地方取消人才市场、众创空间等单位设立集体户限制，推行乡镇街道或村社区设立公共集体户，便利各类人员落户。,0.0140845070422535,0.3426370271293801,0.5283461217353149,0.0084344090105788,2023-01-06 11:27:11
公安部新闻发布会推动各地全面取消城区常住人口万以下的城市落户限制全面放宽城区常住人口万至万的型大城市落户条件完善城区常住人口万以上的超大特大城市积分落户政策，确保社会保险缴纳年限和居住年限分数占主要比例，鼓励取消年度落户名额限制。警民携手同行警民携手同行的微博视频,0.1690140845070422,0.4744405523067394,0.3367184588046645,0.0893165242363253,2023-01-06 12:18:22
全面放宽大城市落户条件月日，公安部发布服务保障高质量发展条措施，明确将推动各地全面取消城区常住人口万以下的城市落户限制，全面放宽城区常住人口万至万的型大城市落户条件，完善城区常住人口万以上的超大特大城市积分落户政策，确保社会保险缴纳年限和居住年限分数占主要比例，鼓励取消年度落户名额限制，同时进一步放宽集体户设立条件。（上海广播电视台）的微博视频,0.0140845070422535,-0.0649229063675598,0.5301190952981851,-0.0016035157937773,2023-01-06 11:09:54
月日，中公简报，星期五，农历六月十八，早安事业单位早报公安部：全面放宽大城市落户条件，完善特大城市积分落户政策，鼓励取消年度落户名额限制。“疯狂小杨哥”宣布捐款万救灾；顺丰、蜜雪冰城各捐了万；苹果、百度、蚂蚁、宝马、新东方也出手了。郑州：落实“认房展开,-0.028169014084507,0.5003782685682697,0.2882124298605559,-0.0134382582496234,2023-01-06 12:17:11
公安部：全面放宽大城市落户条件，完善特大城市积分落户政策月日，公安部在北京召开新闻发布会。公安部治安管理局副局长亓希国就大力推进以人为核心的新型城镇化方面的举措答记者问。亓希国表示，推动各地全面取消城区常住人口万以下的城市落户限制，全面放宽城区常住人口万至万的型大城市落户条件，完善城区常住人口万以上的超大特大城市积分落户政策，确保社会保险缴纳年限和居住年限分数占主要比例，鼓励取消年度落户名额限制。（来源人民网，编辑梁冬生，责编杨乐勇，审核陈园丽）人民视频的微博视频,1.0,0.8223957094898251,0.3675860107587047,1.0,2023-01-06 11:24:42
公安部新闻发布会推动各地全面取消城区常住人口万以下的城市落户限制全面放宽城区常住人口万至万的型大城市落户条件完善城区常住人口万以上的超大特大城市积分落户政策，确保社会保险缴纳年限和居住年限分数占主要比例，鼓励取消年度落户名额限制。平安天津的微博视频,0.028169014084507,0.0364308762376804,0.5169536752630466,0.0017549028541339,2023-01-06 12:43:15
公安部新闻发布会推动各地全面取消城区常住人口万以下的城市落户限制全面放宽城区常住人口万至万的型大城市落户条件完善城区常住人口万以上的超大特大城市积分落户政策，确保社会保险缴纳年限和居住年限分数占主要比例，鼓励取消年度落户名额限制。警民携手同行的微博视频,0.1549295774647887,0.7208518798132774,1.0,0.3694371462220884,2023-01-06 12:13:44
公安部：全面放宽大城市落户条件完善特大城市积分落户政策公安部今天（日）发布服务保障高质量发展条措施，明确将推动各地全面取消城区常住人口万以下的城市落户限制，全面放宽城区常住人口万至万的型大城市落户条件，完善城区常住人口万以上的超大特大城市积分落户政策，确保社会保险缴纳年限和居住年限分数占主要比例，鼓励取消年度落户名额限制，同时进一步放宽集体户设立条件。此外，条措施还涉及加强制度供给、优化管理服务、严格安全监管等方面。（）的微博视频,0.1549295774647887,0.0190744729181939,0.4813874158650253,0.0047058903593597,2023-01-06 14:21:59
公安部：人口万以下城市取消落户限制完善超大特大城市积分落户政策月日记者从公安部在京召开的新闻发布会获悉，公安部研究制定公安机关服务保障高质量发展若干措施，包括推进以人为核心的新型城镇化，全面放宽大城市落户条件，完善特大城市积分落户政策等。一是推动各地全面取消城区常住人口万以下的城市落户限制，全面放宽城区常住人口万至万的型大城市落户条件，完善城区常住人口万以上的超大特大城市积分落户政策，确保社会保险缴纳年限和居住年限分数占主要比例，鼓励取消年度落户名额限制。武汉市民热线全面放宽大城市落户政策公安部条改革措施来了,0.0704225352112676,-0.9999926387144884,0.5283509920001414,-0.1230810449834509,2023-01-06 12:45:17
公安部：完善特大城市积分落户政策，鼓励取消特大城市年度落户名额限制放宽大城市落户条件月日消息，公安部将充分发挥人口管理对于人口有序流动的牵引作用，持续深化户籍制度改革。一是推动各地全面取消城区常住人口万以下的城市落户限制。全面放宽城区常住人口万至万的型大城市落户条件，完善城区常住人口万以上的超大特大城市积分落户政策，确保社会保险缴纳年限和居住年限分数占主要比例，鼓励取消年度落户名额限制。二是进一步放宽集体户设立条件，鼓励各地在人才市场、众创空间以及乡镇（街道）或者村（社区）设立集体户，更好地便利群众落户。,0.028169014084507,0.6427970257356116,0.7212361577903565,0.0431999441833775,2023-01-06 15:24:33
深圳落户的门槛，应该很快就要放松了。今天公安部发文，全面放宽大城市落户条件。完善超大特大城市积分落户政策，支持具备条件的都市圈或城市群。探索实行户籍准入年限同城化累计互认、居住证互通互认。杭州前几天就已经放松了，取消城区积分落户名额限制。深圳估计也快松绑了,0.4366197183098591,-0.3945557745777425,0.3233095294466143,-0.1842427654088395,2023-01-06 14:46:15
公安部：完善特大城市积分落户政策，鼓励取消特大城市年度落户名额限制放宽大城市落户条件月日消息，公安部将充分发挥人口管理对于人口有序流动的牵引作用，持续深化户籍制度改革。一是推动各地全面取消城区常住人口万以下的城市落户限制。全面放宽城区常住人口万至万的型大城市落户条件，完善城区常住人口万以上的超大特大城市积分落户政策，确保社会保险缴纳年限和居住年限分数占主要比例，鼓励取消年度落户名额限制。二是进一步放宽集体户设立条件，鼓励各地在人才市场、众创空间以及乡镇（街道）或者村（社区）设立集体户，更好地便利群众落户。视频的微博视频,0.380281690140845,-0.0341414460784815,0.3990341025407946,-0.0171378970516992,2023-01-06 13:39:45
公安部：全面放宽大城市落户条件，完善特大城市积分落户政策，鼓励取消年度落户名额限制。,0.0704225352112676,-0.7685801006465435,0.5358028224292744,-0.0959325475472867,2023-01-06 12:42:46
公安部：全面放宽大城市落户条件，完善特大城市积分落户政策月日记者从公安部在京召开的新闻发布会获悉，公安部研究制定公安机关服务保障高质量发展若干措施，包括推进以人为核心的新型城镇化，全面放宽大城市落户条件，完善特大城市积分落户政策等。公安部治安管理局副局长亓希国就大力推进以人为核心的新型城镇化方面的举措答记者问。亓希国表示，按照党中央统一部署，公安部充分发挥牵头部门职能作用，会同有关部门采取有力措施，推动全面建立城乡统一的户口登记制度、便利畅通农业转移人口落户渠道、全面提升基本公共服务水平，推动农业转移人口市民化工作取得重要进展。截至年，亿农业转移人口落户城镇，户籍人口城镇化率达。党的二十大报告强调，“推进以人为核心的新型城镇化，加快农业转移人口市民化”。推动农业转移人口进城落户是推进以人为核心的新型城镇化的关键一环。公安部将充分发挥人口管理对于人口有序流动的牵引作用，持续深化户籍制度改革。一是推动各地全面取消城区常住人口万以下的城市落户限制，全面放宽城区常住人口万至万的型大城市落户条件，完善城区常住人口万以上的超大特大城市积分落户政策，确保社会保险缴纳年限和居住年限分数占主要比例，鼓励取消年度落户名额限制。二是进一步放宽集体户设立条件，鼓励各地在人才市场、众创空间以及乡镇（街道）或者村（社区）设立集体户，更好地便利群众落户。（北京日报客户端）,0.0845070422535211,0.5593504787701209,0.6887048253247223,0.1076887239063083,2023-01-06 12:35:48
公安部：全面放宽大城市落户条件，完善特大城市积分落户政策月日记者从公安部在京召开的新闻发布会获悉，公安部研究制定公安机关服务保障高质量发展若干措施，包括推进以人为核心的新型城镇化，全面放宽大城市落户条件，完善特大城市积分落户政策等。公安部治安管理局副局长亓希国就大力推进以人为核心的新型城镇化方面的举措答记者问。亓希国表示，按照党中央统一部署，公安部充分发挥牵头部门职能作用，会同有关部门采取有力措施，推动全面建立城乡统一的户口登记制度、便利畅通农业转移人口落户渠道、全面提升基本公共服务水平，推动农业转移人口市民化工作取得重要进展。截至年，亿农业转移人口落户城镇，户籍人口城镇化率达。党的二十大报告强调，“推进以人为核心的新型城镇化，加快农业转移人口市民化”。推动农业转移人口进城落户是推进以人为核心的新型城镇化的关键一环。公安部将充分发挥人口管理对于人口有序流动的牵引作用，持续深化户籍制度改革。一是推动各地全面取消城区常住人口万以下的城市落户限制，全面放宽城区常住人口万至万的型大城市落户条件，完善城区常住人口万以上的超大特大城市积分落户政策，确保社会保险缴纳年限和居住年限分数占主要比例，鼓励取消年度落户名额限制。二是进一步放宽集体户设立条件，鼓励各地在人才市场、众创空间以及乡镇（街道）或者村（社区）设立集体户，更好地便利群众落户。,0.0704225352112676,-0.0375100252743938,0.5283461217353149,-0.0046167645366874,2023-01-06 12:32:53
公安部：全面放宽大城市落户条件，完善特大城市积分落户政策月日记者从公安部在京召开的新闻发布会获悉，公安部研究制定公安机关服务保障高质量发展若干措施，包括推进以人为核心的新型城镇化，全面放宽大城市落户条件，完善特大城市积分落户政策等。公安部治安管理局副局长亓希国就大力推进展开,0.0140845070422535,0.266611244680452,0.5283461217353149,0.0065629459352194,2023-01-06 12:05:00
公安部：全面放宽大城市落户条件，完善特大城市积分落户政策月日记者从公安部在京召开的新闻发布会获悉，公安部研究制定公安机关服务保障高质量发展若干措施，包括推进以人为核心的新型城镇化，全面放宽大城市落户条件，完善特大城市积分落户政策等。公安部治安管理局副局长亓希国就大力推进以人为核心的新型城镇化方面的举措答记者问。亓希国表示，按照党中央统一部署，公安部充分发挥牵头部门职能作用，会同有关部门采取有力措施，推动全面建立城乡统一的户口登记制度、便利畅通农业转移人口落户渠道、全面提升基本公共服务水平，推动农业转移人口市民化工作取得重要进展。截至年，亿农业转移人口落户城镇，户籍人口城镇化率达。党的二十大报告强调，“推进以人为核心的新型城镇化，加快农业转移人口市民化”。推动农业转移人口进城落户是推进以人为核心的新型城镇化的关键一环。公安部将充分发挥人口管理对于人口有序流动的牵引作用，持续深化户籍制度改革。一是推动各地全面取消城区常住人口万以下的城市落户限制，全面放宽城区常住人口万至万的型大城市落户条件，完善城区常住人口万以上的超大特大城市积分落户政策，确保社会保险缴纳年限和居住年限分数占主要比例，鼓励取消年度落户名额限制。二是进一步放宽集体户设立条件，鼓励各地在人才市场、众创空间以及乡镇（街道）或者村（社区）设立集体户，更好地便利群众落户。（北京日报）,0.5352112676056338,0.312552237978117,0.3949266012528151,0.2185367285911111,2023-01-06 11:13:07
中国人民银行党委书记、行长潘功胜月日主持召开金融支持民营企业发展座谈会，听取有关意见建议，推动银企供需对接，研究加强金融支持民营企业工作举措。金融机构要精准实施差别化住房信贷政策，满足民营房地产企业合理融资需求。楼市房地产,0.0031446540880503,0.9754861249694886,0.7700723312695364,0.025051322698927,2023-01-06 11:51:40
房地产房地产好消息不断。一是郑州暂停执行住房限售政策。字少事大，虽然还有“改善性住房”等限制，但郑州房地产头上的紧箍咒确实也取得七七八八了，给当地房地产交易市场下了一剂猛药，交易量妥妥的会上升，到什么程度就不好说了。话说郑州前两年比较多灾多难，之前出差去过几次，感觉烂尾楼不少，去库存的压力估计也不小。所以郑州市政府对于房地产的扶持力度一直挺大。不管怎样，这都是第一个解除限售的省会城市，信号意义还是很足的。另外，郑州市住房保障和房地产管理局还提及，鼓励在郑各商业银行依法有序调整存量个人住房贷款利率，引导个人住房贷款利率和首付比例下行。二是金融层面。央行召开金融支持民营企业发展座谈会，继续强调金融机构对房地产的支持。其中，会上提出，要精准实施差别化住房信贷政策，满足民营房地产企业合理融资需求，促进房地产行业平稳健康发展。今天深圳租房人迎来了一个好消息，深圳拟上调住房公积金租房额度至，也就是说每个月租房提取的金额可能会变多。这个消息很难说对房价有啥刺激，主要还是温暖了深漂打工人吧。,0.0314465408805031,-0.4677351406297354,0.8556359236328183,-0.1334648967503832,2023-01-06 11:09:58
央行：精准实施差别化住房信贷政策，满足民营房地产企业合理融资需求央行是这样说，但商业银行依然非常谨慎，不太愿意借钱给房企。金融的天性就是如此：你好的时候，给你锦上添花。你不好的时候，没有人愿意雪中送炭。没办法，大家都想规避风险。至于这头“灰犀牛”是怎么被带出来的，这不能说。,0.0440251572327044,0.2874082652826906,0.6143475079182158,0.0824364792584446,2023-01-06 11:37:33
今日看盘超话得知个最新消息，立即给所有人提个醒，请大家一起、近日央妈表态：精准实施差别化住房信贷政策满足民营房地产企业合理融资需求央妈最近表态，将精准实施差别化住房信贷政策，满足民营房地产企业的合理融资需求。这一政策表明在房地产市场持续获得政策支持的背景下，目前将展开,0.050314465408805,0.7012020896136704,1.0,0.3741461061199672,2023-01-06 11:35:42
得知个最新消息，立即给所有人提个醒，请大家一起、近日央妈表态：精准实施差别化住房信贷政策满足民营房地产企业合理融资需求央妈最近表态，将精准实施差别化住房信贷政策，满足民营房地产企业的合理融资需求。这一政策表明在房地产市场持续获得政策支持的背景下，目前将继续给予更宽松的支持。这一政策有助于恢复市场信心，民营房地产企业将获得更便捷的融资渠道，提高企业发展的灵活性和稳健性。增加了企业融资的便利性，将促进产业链的良性循环，助力房地产市场持续健康发展。此外，这一举措也将对整体经济产生积极影响。房地产行业作为重要的支柱产业之一，其稳定和发展将对经济稳定和增长起到关键作用。通过优化融资环境，央妈有望进一步推动经济复苏，并增强市场参与者的信心。综上所述，央妈表态的精准差别化住房信贷政策为近期房地产市场信心不足问题带来了积极解决方向。通过支持民营房地产企业的融资需求，推动房地产行业稳健发展，也将为整体经济增长带来积极影响。而地产市场方面利好政策的不断加码，也将为整个板块在二级市场带来更加积极的促进作用，这一点是值得高兴的。股票财经,0.440251572327044,0.3183434206339535,0.6728186796525394,1.0,------
周五盘前重要消息面：中国结算：将进一步降低股票类业务最低结算备付金缴纳比例如何活跃资本市场？一日之内大官媒齐发声降低印花税呼声高央行：精准实施差别化住房信贷政策满足民营房地产企业合理融资需求三部委：做好可再生能源绿色电力证书全覆盖工作促进可再生能源电力消费公安部表态“一窗通办”进一步促进汽车消费缅甸佤邦禁矿执行力度或超预期锡价有望迎来上涨,1.0,-0.0938913751423382,0.7700723312695364,-0.7667651835606376,2023-01-11 12:19:18
一、证券业定向降准、中国结算：拟自月起将股票类业务最低结算备付金缴纳比例由现行的调降至平均接近，并正式实施股票类业务最低结算备付金缴纳比例差异化安排。、为活跃深圳证券交易市场，助力深圳加快建设国际财富管理中心，深圳市证券业协会于月日组织招商证券、国信证券、中信证券深圳分公司等会员单位相关业务负责人召开活跃深圳证券交易市场座谈会。券商：国联证券（港股通）、天晟新材、华鑫股份、方正证券、太平洋、财达证券二、郑州暂停执行住房限售政策、郑州市住房保障和房地产管理局等部门发布《关于进一步促进我市房地产市场平稳健康发展的通知》。其中提出，满足改善性住房需求。购买改善性住房的，其原有住房暂停执行郑政办号文“在郑州市行政区域内，年月日（含）之后购买的住房，自取得《不动产权证书》之日不满年的不得上市转让”的规定。稳定住房消费预期。鼓励在郑各商业银行依法有序调整存量个人住房贷款利率，引导个人住房贷款利率和首付比例下行，稳定居民消费预期。、中国人民银行召开金融支持民营企业发展座谈会，精准实施差别化住房信贷政策满足民营房地产企业合理融资需求。郑州地产：设研院、中原高速其他地产：云南城投、京投发展、财信发展、荣盛发展三、麒麟软件独家中标中交集团国产操作系统采购项目麒麟软件消息，独家中标中交集团国产操作系统采购项目，万套。国产操作系统：中国软件四、可再生能源绿色电力证书全覆盖国家发展改革委等三部门近日发布做好可再生能源绿色电力证书全覆盖工作，促进可再生能源电力消费的通知。将鼓励跨国公司及其产业链企业、外向型企业、行业龙头企业购买绿证、使用绿电，发挥示范带动作用推动中央企业、地方国有企业机关和事业单位发挥先行带头作用，稳步提升绿电消费比例。绿电证书：南网能源、金开新能、晶科科技、林洋能源五、发改委“打好宏观政策组合拳，推动经济高质量发展”发布会国家发展改革委将于月日举行新闻发布会，国家发展改革委、财政部、中国人民银行、国家税务总局有关负责同志共同出席，介绍“打好宏观政策组合拳，推动经济高质量发展”有关情况。具体内容详见发布会直播。六、行业要闻、外媒：英伟达部分服务器订单从纬创转至工业富联。（工业富联、鸿博股份）、缅甸佤邦禁矿执行力度或超预期，锡价有望迎来上涨。（锡业股份）、行业巨头联手推进氮化镓加速“上车”。（海特高新、晶方科技）、持续增长，我国工业机器人装机稳居世界首位。（中大力德、埃斯顿）、公安部表态“一窗通办”进一步促进汽车消费。（海马汽车、长安汽车）、特斯拉有望年底实现完全自动驾驶。（奥联电子、光弘科技）、创业投资助力科技创新驱动发展，行业迎政策支持。（四川双马、大众公用）、韩国超导低温学会：不是常温超导体，没有表现出迈斯纳效应。、深圳拟上调住房公积金租房提取额度至。,0.0094339622641509,0.813612255886295,0.7700723312695364,0.0626827875424075,------
昨天大盘最后一小时缩量上涨，外围股市普遍上涨，消息面偏向利好。今天大盘应该高开，上攻时关注点附近的压力，强压力在点附近回落时关注点附近的支撑，强支撑在点附近。一、房地产利好堆积近期房地产板块走势很强，晚间利好再次堆积、深圳拟上调住房公积金租房提取额度至。、央行实施差别化住房信贷政策满足民营房地产企业合理融资需求。、郑州鼓励在郑各商业银行依法有序调整存量个人住房贷款利率，暂停执行住房限售政策。昨天下午房地产板块开始拉升，不是没有原因的，晚间就出现了多条利好，特别是郑州暂停执行住房限售政策。郑州是省会城市，是第一个取消限购的省会城市，不出意外的话，周末还会有省会城市跟进，受到利好预期影响，今天房地产板块还有活跃。二、中国结算拟自月起将股票类业务最低结算备付金缴纳比例由现行的调降至平均接近降低股票类业务最低结算备付金缴纳比例，相当于给券商定向降准，上次降低结算备付金缴纳比例还是去年月份，随后大盘从点开启了上攻点附近的历程，这次大盘还会大涨吗受此影响，昨晚富时大涨近，今天股有望继续反弹。三、剑桥科技上半年净利亿元剑桥科技发布业绩快报，上半年公司实现营业总收入约亿元，同比增长净利润亿元，同比扭亏，上年同期亏损万元。剑桥科技第一季度净利万元，据此计算，第二净利万元，环比增长。剑桥科技业绩增长的原因是公司在数通与电信高速光模块、无线家庭路由器、海外小基站和电信宽带接入等各项业务都取得了显著增长。剑桥科技是光模块科技股行业的龙头股，近期因为消息面刺激的原因，市场热点主要在金融、地产和消费板块，科技板块成为狗不理，主要原因就是现在的市场还是一个存量资金博弈的市场，资金炒作一个板块，必将从另外一个板块中撤离，今天看科技股能否在剑桥业绩大幅增长的影响下出现一定的反弹吧。四、华虹公司公司股票将于月日在科创板上市发行价为元股该来的还是要来，华虹公司将在下周一正式上市，发行价元，但在港股目前的价格是元，翻了一倍多，到底是股钱多人傻还是港股人太精下周一将见分晓，但华虹不会破发，否则，后期的先正达不好上市，脸是个好东西。技术上，昨天大盘探底回升，说明大盘还有反弹，华虹上市也要营造一种氛围，所以，今天大盘还有上行，整体还是建议大家持股为主。,0.0566037735849056,0.4113268041491653,0.7700723312695364,0.190138069984405,2023-01-06 18:45:20
可转债推荐超话早评，周四，证券时报、经济日报、央广网等三大官媒共同发声，分别从降低印花税、完善制度等多方面，为活跃资本市场、提振投资者信心出谋划策。，央行召开座谈会满足民营地产企业合理融资需求推进“第二支箭”扩容增量，促进房地产行业平稳健康发展，热门中概股普涨，纳斯达克中国金龙指数涨。今日债关注：测绘转债，北方转债，海泰转债,0.1320754716981132,0.045045045045045,0.8556359236328183,0.0539837899872743,------
早上好，周五隔夜美股小幅收跌，热门中概股普涨。期指上涨。消息面，央行金融支持民营企业发展座谈会上，要求精准实施差别化住房信贷政策，满足民营房地产企业合理融资需求。证券时报、经济日报、央广网等三大官媒分别从降低印花税、完善制度等多方面，为活跃资本市场、提振投资者信心出谋划策。三部委发布通知。要求健全绿证交易，扩大绿电消费。将于月日在科创板上市，本次发行价格为元股。今天的新闻发布会，介绍“打好宏观政策组合拳，推动经济高质量发展”有关情况。综合看市场，当前的私募发行又创了年内新低，月也有了缓和，而从外资的购买力度来看，他们拼命买买买的权重品种最近涨幅也是小的可怜。眼下认真观察市场是拉指数还是炒题材概念就行，阶段性的底部是确定的，只要风格确定，逢低找机会加仓就是了，但这不是一两天的事儿，是三季度的事儿。市场还在振荡反弹中。最近的好消息很密集，上周五的一根大阳之后，本周只是维持了振荡。其实，市场真好的时候是不需要消息刺激的。强不强，等一等，不浪费时间，更不浪费钱。三季度需要信心和耐心，别太玻璃心。振荡市，下跌再加仓。乞丐说事大咖说财经,0.2767295597484276,0.1352948252646697,0.926895191252368,0.3680209420540669,2023-01-06 11:35:17
郑州暂停执行住房限售政策、郑州市住房保障和房地产管理局等部门发布《关于进一步促进我市房地产市场平稳健康发展的通知》。其中提出，满足改善性住房需求。购买改善性住房的，其原有住房暂停执行郑政办号文“在郑州市行政区域内，年月日（含）之后购买的住房，自取得《不动产权证书》之日不满年的不得上市转让”的规定。稳定住房消费预期。鼓励在郑各商业银行依法有序调整存量个人住房贷款利率，引导个人住房贷款利率和首付比例下行，稳定居民消费预期。、中国人民银行召开金融支持民营企业发展座谈会，精准实施差别化住房信贷政策满足民营房地产企业合理融资需求。,0.3364779874213836,0.1284753626664738,0.840939217777032,0.3855194395917876,------
、美股昨晚略跌。但逆势大涨。盘后和亚马逊公布年第二季度财报，业绩好于预期。、股权重方面。整体看，外资买入最多的还是宁德时代，其次是茅台、比亚迪。、财报方面，爱美客预计上半年净利润亿元至亿元，同比增长。亿纬锂能预计上半年净利润亿元亿元，同比增长，储能电池收入规模实现倍增。、华虹公司将于月日在上海证券交易所科创板上市，本次发行价格为元股。、央行召开金融支持民营企业发展座谈会，要求要精准实施差别化住房信贷政策，满足民营房地产企业合理融资需求，促进房地产行业平稳健康发展。国家发改委表示，将研究出台促进创业投资健康发展的政策措施。此外，四部门将于明日召开新闻发布会，介绍“打好宏观政策组合拳，推动经济高质量发展”有关情况。此处强调：对点的喊话会预期不必过高。不要过高。、印度以“税费缴纳不足”为由，要求比亚迪补缴亿卢比的税费，折合人民币约万。阿三是跨国公司坟场。、摩根士丹利下调中国股票评级。外资投行不懂我国国情。,0.0943396226415094,0.1523781377744169,0.7364839223365727,0.1122755606414319,2023-01-06 16:55:17
月日中国人民银行行长潘功胜主持召开金融支持民营企业发展座谈会听取有关意见建议推动银企供需对接研究加强金融支持民营企业工作举措。会议提出金融机构要深入了解民营企业金融需求回应民营企业关切和诉求做好银企融资对接为民营企业提供可靠、高效、便捷的金融服务。要精准实施差别化住房信贷政策满足民营房地产企业合理融资需求促进房地产行业平稳健康发展。,0.0031446540880503,0.8095238095238093,0.7700723312695364,0.0207892676950992,2023-01-06 16:16:45
白话数据年月日建委新房住宅网签套，二手房住宅网签套（网签数据有滞后）。大中介前台挂牌房源量套（中介春节休假前），持续关注。昨日热点：央行：精准实施差别化住房信贷政策满足民营房地产企业合理融资需求；亿湖州中石摘黄村中建壹品竞得大兴新城地块；北京市住建委：流程调整房屋漏雨可快速使用住宅专维资金；顺义新城、地块案名公布：龙湖御湖境二期。,0.0880503144654088,-0.3738962264419831,0.6966561944183232,-0.2432235717739569,2023-01-06 15:00:15
基金超话月日上证指数涨跌预测及期权操作计划：消息亮点：央行：精准实施差别化住房信贷政策满足民营房地产企业合理融资需求。技术分析：上一交易日指数表现如料。小时技术指标收盘时进入中位区。今日指数预计冲高回落。期权操作计划：昨日按计划再一次通过认购赚到。展开,0.0031446540880503,0.9999938465949476,0.7700723312695364,0.0256807020692118,2023-01-06 14:56:54
这几天的利好，多到是看都看不过来从城中村改造、活跃资本市场，到央妈出手降低存量房利率，以及月以来沪深两市零申报等利好接踵而至今天比较有趣的是，一天之内，就出现三大官媒集体发声经济日报让居民通过股票、基金也能赚到钱从而化消费意愿为消费能力证券时报提振亿多股民、亿多基民信心市场期待降印花税、优化交易制度等政策央广网可以考虑降低印花税以降低交易成本、实施交易活跃市场交易上一次这么多家官媒同时出来唱多，还是年那波牛市呢今晚，房地产这类又出利好了：央妈：精准实施差别化住房信贷政策满足民营房地产企业合理融资需求这对民营房地产企业来说，也是实质性利好了总的来说，还是济太差，消费太低迷，上面也开始着急了，所以加速推出了一系列利好，重点还是为了推动济明天上午还有一个比较重要的会议，多部门共同出席，介绍“打好宏观政策组合拳，推动经济高质量发展”有关情况从近期的策的风向来看，大概率还是会围绕大消费、房地产这类顺周期这块，可持续的行情大概率会出现在策明确推动的板块，所以我个人是认为房地产和消费是比较值得关注的白酒继续中长线看好中免这类底部核心资产可进一步博弈反弹空间房地产，主看低估值的，安全边际会高一些，例如，之前说过的建发股份，此外就是金地集团、天健集团这类都挺好的祝好,0.4968553459119497,0.0562522906552235,0.5546547684665916,0.1643985926935139,2023-01-06 14:54:00
可以让作文锦上添花的高分题目一、青年青春《不坠吾辈青云志》《最美青春献祖国》《青年当奋斗学习》《奋斗的青春最美》《百舸争流搏劲浪》《以驾行丰盈青春》《做不负时代的青年》《青年者应与平庸相斥》《以梦为马，不负韶华》《无悔青春，逐梦星河》《不展开,0.0173448965977318,0.2877814258285525,1.0,0.0195563570562123,2023-01-06 10:57:20
受是攻包养的情人，因为攻喜欢的人早已结婚，并且定居国外，而受和那人长得很像。说到底，替身而已。受是因为缺钱才答应的，在他的印象里有钱人都玩得很花，一个不开心就会就会打人惩罚人。没想到的是攻完全不会，他长得好看，待人温柔有礼，脸上始终挂着谦逊的笑，甚至一开始在受好不容易做好心理建设后一咬牙脱光了衣服爬上攻的床的时候，攻还一边安慰着颤抖的受，一边给他穿上了衣服。他甚至都没有碰过受，他很尊重受，不会嘲笑他，拿他当玩具，知道受对未来很迷茫，他会带受去学很多的东西，各种课程。目的是为了让受了解到自己喜欢什么，以后要为什么而奋斗。可结了婚也是会离婚的，攻喜欢的人婚姻并不幸福，后来在其他人的明示暗示下知道攻对他有意思，他便开始用各种理由去见攻。后来因为另一半找回来，更是借口害怕以此住进了攻的家里。攻所喜欢的人早知道攻家里住着一个情人，听说攻很喜欢，他绞尽脑汁地想着该怎么顶替受的位置，直到他看到受的脸，他知道自己赢了。他偷偷问受：“你是不是喜欢他？”他还想再说点什么好宣示主权，叫受知难而退，受却已经用力地摇摇头。“不，我不喜欢他，我已经有喜欢的人了。”受撒了谎，声音越说越小，“我和他只是交易，我待在他身边是因为我需要钱。”接下来的很长时间里，攻忙于照顾喜欢的人，不论什么场合，都带着那个人。受和攻见面的次数屈指可数，见到了也只是打个照面，每次受都想主动说点什么，但攻就好像没看到他似的。受黯然神伤，但他能理解，好不容易有机会和喜欢的人在一起了，难不成还要跟以前一样把时间浪费在他这个替身的身上吗？日子一天天过去，有一天，受鼓起勇气去找了攻，他支支吾吾道：“我们之前约定好了半年，还有几天就到了”“那就走啊，去找你喜欢的人。”攻看到受时脸上还带着笑，受还以为他今天心情还算不错，哪知道在后一秒在听到他的话后，攻面色立刻阴沉了下来，“你难道以为我会求着你留下来吗？如果不是因为长得像他，你根本没有待在我身边的机会。”攻以前对受都是温温柔柔的，忽然间像是变了一个人，把话说得这么难听，叫受如同被利剑刺心，整个人都呆住了。但攻说的是实话，受想了想，安安静静地收拾好自己的东西离开了，连再见都没有跟攻说。几个月后的某一天，受接到攻的电话，看到手机屏幕上的备注时，受吓了一跳，正犹豫着要不要接，电话就这么挂断了。那天晚上受辗转反侧，怎么也睡不着，最终还是没能克制住自己，打了电话过去，却没想到是医生接的。坏消息，攻出了车祸，出事的地点就在他居住地方的附近。好消息，失忆了。对于其他人来说这或许也算是坏消息，但对于受来说，那就是好消息，他带攻回了自己租的小房子里。医生说攻是失忆，但受总有种攻实际上是失智的感觉，非常的孩子气。一开始还肯老老实实睡沙发，后来有一晚上下了雨，一边说着害怕，一边就往受的床上爬。这爬过一次，就再也没下去了，从规规矩矩各睡各的，到必须抱着受睡，否则能气得在一边瞪着受干坐一晚上。好在他爱闹脾气，但也十分的好哄，简单到一个吻就能解决。医生说攻失忆了，但具体说的是头部受到了创伤，有淤血，但并不严重，失忆的状况是短暂的。短暂的意思就会很快就会好，所以在受在上班时受到攻的短信，说他在医院时，受就已经意识到自己要再次失去他了。因为在失忆的这段时间里，受是不让攻出门的，怕攻身体没好全再出什么事情，更怕被人发现，把攻从他的身边带走。受一开始提出这个要求的时候很忐忑，因为这完全是在限制攻的人身自由，哪知攻想也不想地就答应了。攻委委屈屈地道，“反正我只有你，我愿意每天等你回家，但你不能够忘记我一直在这里，不可以丢下我，好吗？”受还没开口说话，攻便自己伸出指头去勾了勾受的小指，把这个誓言给落定了。受忽然想起哪天赶到医院，对上攻茫然的目光，正愁着不知道该给自己按个什么身份，找什么理由，到最后只是不停地支支吾吾说着：“我是，我是”攻一下子就笑了，眼睛亮晶晶的，接过了受的话，“你是我喜欢的人，对不对？”受一下子哽住了，他觉得攻会说这句话是另外一个人，他不敢直面这个问题，犹豫再三，自私地说，“我带你走吧。”受知道攻会回复记忆，他早就做好了终有一日回和他分别的准备，他想他可以像第一次一样，到时候洒脱地离开。最初受因为攻对他的尊重与好产生好感，然后在这几个月日日夜夜的陪伴里心动。心一动，该怎么洒脱？只有不舍与对未来没有攻的日子的害怕。受赶去了医院，却没有进去，因为他在病房外看到攻已经睡着，他喜欢的人正趴在床边休息，整个画面是说不出的温馨与恬静。他想，如果他当时没有自私地带攻走，攻出车祸的那段时间攻和喜欢的人大概也是这样，他们应该早在一起了。他好像做错了事。受在病房外站了很久很久，最后独自一个人回到了他的小房子里。攻是在第二天下午回来的，西装革履，盛气凌人，哪有之前连受一句话不理他就立刻委屈得要哭的窝囊样。受还以为攻不会再愿意见他了，他惊喜地看着攻，嗓子发哑，“你回来了。”“是的。”攻没说话，他身后，喜欢的人走上前来，说，“他说有东西要拿，我来陪他收拾行李。”“这样啊。”受脸上的笑容迅速消融，他低下头，不再看攻，说，“我来收拾吧，你们等一下，很快就好。”受找出行李箱，打开柜门，把攻的衣服叠好，一件件放进去。柜子很小，攻的衣服一拿，立刻就空了一半，反观受的衣服就那么几件。受收拾的很慢，他猜到自己以后可能见不到攻了，有意拖延着时间，然后他就听到攻喜欢的人鄙夷道：“你这几个月里就一直住在这种地方？这么小的床，每天晚上都睡不好吧？”攻没回答，他盯着受专心致志给他整理东西的背影，见受半天了一句挽留的话都没有，忽然气不打一处来，“你买的那些衣服跟个破烂似的，算了，我不要了。”受这才扭过头，重新把目光放到了他的脸上，震惊又受伤。受是被领养的，没两年养父母生了自己的儿子，看他便是越来越不顺眼，知道养父生了病需要钱，为了报答养育之恩他才和攻有了交集，钱全部给了养父母后，他和那个家也就脱离了关系。他如今刚上班，没什么钱，这些衣服买的都是地摊货，最开始拿回家的时候他也很不好意思，但攻别提多开心了，抱着他亲个没完，说这是他收到的最好的礼物。那些衣服是一件一件买回来的，完全没有任何的关联，但攻就是硬要挑出那么一两件来，受穿白的，他就要穿黑的，受穿黑的他就要穿白的，开开心心地宣布说这是情侣装。“那，那就没有什么东西需要收拾了。”受磕磕巴巴地说，想到以后可能再也见不到面，受捏紧了拳头，鼓起勇气挤出一抹笑容来问攻，“要不然吃完晚餐再走吧？我今天买了土豆，你之前不是一直想吃黄焖鸡吗？我前几天都太忙了，今天给你做好吗？”攻一听脸色更难看了，“谁要吃你做的东西？我早吃腻了，如果不是因为你像他，你以为我当时会跟你回来吗？”这话与当初的那句如果不是因为长得像他，你根本没有待在我身边的机会重叠，受再次低下头，再吐不出一个字。受忍不住在想：以前攻爱吃的时候，他为什么就不做呢？明明知道他总有一天会离开自己，当时为什么不满足他的心愿呢？攻喜欢的人听到攻这么说，立马挽住攻的胳膊，拖着他往外走，“我还以为是什么重要的东西，那些衣服送出去都没有人愿意正眼瞧的，我们走吧。”攻跟着他走了，走到门口，回头往里看，看到受已经站起身，从冰箱里将土豆拿来出来，看样子是打算做晚餐，一点也不在乎自己的离开。攻气呼呼地走了，结果回家没几个小时就后悔了，他恢复记忆，想到受有喜欢的人生气，因为受不来医院看他生气，更因为不挽留他生气。攻连夜赶去找受，可不论他怎么敲门，始终没有人应答，他以为受在生他的气，直到邻居告诉他受已经搬走了。攻在垃圾桶旁边看到了受用碗装着的黄焖鸡，大概是准备喂给流浪狗的。可是那原本该是给他的。除此之外，他还看到了用塑料袋打包得好好的，放在一边空地的衣服。那些他所谓的情侣装，只要是和他有关的东西，受全部都扔掉了。攻只将受的衣服拿了回去，再没有和受重逢的很多年里，怕弄脏了，他连抱都不敢抱，都是把衣服好好地叠在一边，陪着他入睡。,1.0,0.4278855558452744,0.5965115964391922,1.0,------
每日一善超话熊猫守护者阳光信用你可以哭但不能输，你可以难过但不可以落魄，你不努力怎么会知道自己可以赢得多少掌声？如果你能每天呐喊遍“我用不着为这一点小事而烦恼”，你会发现，你心里有一种不可思议的力量，试试看，很管用的。自暴自弃便是命运的奴隶，自强不息是生命的天使；我不想用别人的汗水浇灌自己的心灵，我愿意用别人的棉袄，来温暖自己的躯体。我只想堂堂正正的做人，我只愿光明磊落做事，该记得的我不会遗忘，该遗忘的我不会存放。不要吝啬你的笑容，不要隐藏你的善良，记住卡耐基这一段话，你将尽享完美丰富的人生“人的生命只有一次，任何能够奉献出来的好的东西和善的行为，我们都应该现在去做，因为生命只有一次”对身边好的、不好的人微笑、以礼相待，尽量避免发生任何的正面冲突。少些埋怨，多些感恩，人生会更美好。走不出去，眼前就是你的世界，走出去，世界就在你眼前如果你不花时间去创造你想要的生活，你将被迫花很多时间去应付你所不想要的生活选择意味着改变，改变意味着行动，行动意味着执行，执行意味着收获结果做最好的自己。,0.0004447409384033,0.915129592488104,0.7232418445875022,0.0011532586890023,2023-01-06 10:52:39
《有哪些超级文艺又干净的短句。》总之岁月漫长，然而值得等待。村上春树凡是过去，皆为序章。莎士比亚少年与爱永不老去，即便披荆斩棘，丢失怒马鲜衣。莫峻没有一个冬天不可逾越，没有一个春天不会来临。南方周末浅水是喧哗的，深水是沉默的。雪莱四方食事，不过一碗人间烟火。小灯泡儿天可补，海可填，南山可移。日月既往，不可复追。曾国藩我走得很慢，但我从不后退。林肯花看半开，酒饮微醺。《菜根谭》花开如火，也如寂寞。顾城愿你一生努力，一生被爱。想要的都拥有，得不到的都释怀。八月长安纵使黑夜吞噬了一切，太阳还可以重新回来。汪国真一星陨落，黯淡不了星空灿烂；一花凋零，荒芜不了整个春天。巴尔扎克我有一瓢酒，可以慰风尘。韦应物鲸落海底，哺暗界众生十五年。加里斯奈德我荒废了时间，时间便把我荒废了。莎士比亚只有流过血的手指，才能弹出世间的绝唱。泰戈尔夜暗方显万颗星，灯明始见一缕尘。七堇年月缺不改光，剑折不改刚。梅尧臣活着不一定要鲜艳，但一定要有自己的颜色。张曙光掉头一去是风吹黑发，回首再来已雪满白头。余光中万物皆有裂痕，那是光照进来的地方。莱昂纳德科恩每个人都在愤世疾俗，每个人又都在同流合污。《自由在高处》你生而有翼，为何竟愿一生匍匐前进，形如虫蚁。贾拉尔阿德丁鲁米浮名浮利，虚苦劳神。叹隙中驹，石中火，梦中身。苏轼少年安得长少年，海波尚变为桑田。李贺谁终将声震人间，必长久深自缄默；谁终将点燃闪电，必长久如云漂泊。尼采容颜会老去，四季不会停。那些散碎在笔尖的光阴，寂静欢喜。陆苏当华美的叶片落尽，生命的脉络才历历可见。聂鲁达日出之美便在于它脱胎于最深的黑暗。辛夷坞情感初秋多巴胺情感生活宠粉季微博宠粉季雾野秋白的微博视频,0.000667111407605,0.9970546413695772,0.6746031746031745,0.001758001292642,2023-01-06 15:48:55
指数开盘价出来了创业板：反正被嫌弃的只有我呗无奖竞猜，这个局面能保持多久？今天会继续红呢，还是会央行决定降准个百分点财经知识分享官股票沪深,0.1038961038961039,-0.5258739417959897,1.0,-0.1771753648584646,------
央行决定降准山西日报发表于山西中国人民银行决定于年月日下调金融机构存款准备金率山西日报新媒体综合报道当前，我国经济运行持续恢复，内生动力持续增强，社会预期持续改善。为巩固经济回升向好基础，保持流动性合理充裕，中国人民银行决定于年月日下调金融机构存款准备金率个百分点（不含已执行存款准备金率的金融机构）。本次下调后，金融机构加权平均存款准备金率约为。中国人民银行始终坚持以习近平新时代中国特色社会主义思想为指导，坚决贯彻落实党的二十大和中央经济工作会议精神，按照党中央、国务院决策部署，精准有力实施好稳健货币政策，保持流动性合理充裕，保持信贷合理增长，保持货币供应量和社会融资规模增速同名义经济增速基本匹配，更好地支持重点领域和薄弱环节，兼顾内外平衡，保持汇率基本稳定，稳固支持实体经济持续恢复向好，推动经济实现质的有效提升和量的合理增长。,0.0389610389610389,0.0,0.5823678822366031,0.0,2023-01-06 10:40:34
基金超话央行决定降准个百分点然后就这开盘嘛早上竞价还有一堆喜欢玩核按钮,0.2727272727272727,0.1428075808209182,0.4396326698225986,0.0555254660818157,2023-01-07 14:11:45
央行降准将释放超亿元中长期流动性银河证券首席经济学家章俊表示，央行连出降息、优化房地产金融政策等大招后，年内二度降准，笃定不移推动经济持续恢复、回升向好。股央行决定降准个百分点央视财经的微博视频,0.3636363636363636,0.5259326701612187,0.4892111801287186,0.3034004719302133,2023-01-06 10:49:17
央行降准将释放超亿元中长期流动性经济学家解读央行降准央行决定降准个百分点,0.1818181818181818,0.6329384655618034,0.4491579643966215,0.1676178740788754,2023-01-06 11:13:03
央行决定降准个百分点中国政府网的微博视频,0.2207792207792207,0.7631687250232734,0.6876418097532107,0.3757192599041346,2023-01-07 15:11:16
昨天晚上，央行降准了。有同学对降准这事是懵的，但应该都听说过降息。降息，就是降低存银行的利息，之前存银行一年给，现在只给，这就是降息。降了息之后，有两个效果。第一个，大家会觉得把钱存银行不划算，就会拿出来花，或者投资；第二个，降息之后，银行拿到钱的成本变低了，所以它展开,0.0649350649350649,-0.9212002915061356,0.5823678822366031,-0.1129674132306263,2023-01-07 11:31:15
央行决定降准个百分点（人民日报）,1.0,0.4739348103738841,0.6506672807243763,1.0,2023-01-07 13:36:31
哟昨晚突发“利好”，又降准啦所谓降准，就是降低存款准备金率存款准备金银行存在央行那里的押金每吸收一点存款，就要交一点押金这样万一出了问题，央行才有备货来救命降准少交押金市场上的钱变多了那么降准究竟是多大程度的利好呢图统计了近十年央行展开,0.1688311688311688,-0.0916851751183988,0.580003866073568,-0.0291142131498743,2023-01-06 14:19:22
央行决定降准个百分点当前，我国经济运行持续恢复，内生动力持续增强，社会预期持续改善。为巩固经济回升向好基础，保持流动性合理充裕，中国人民银行决定于年月日下调金融机构存款准备金率个百分点（不含已执行存款准备金率的金融机构）。本次下调后，金融机构加权平均存款准展开,0.1168831168831168,0.6095747678800849,0.735834191376158,0.1700126172101319,2023-01-06 14:01:24
无忧差评央行决定降准个百分点不真正规范量化交易，再多的政策都白搭。量化交易已经在股对冲国运了只有散户无罪任泽平花荣胡锡进,0.0389610389610389,0.2877814258285525,0.6794291959427036,0.0247035812797715,------
热点要闻人民银行时隔半年再度降准据人民银行网站，为巩固经济回升向好基础，保持流动性合理充裕，中国人民银行决定于年月日下调金融机构存款准备金率个百分点（不含已执行存款准备金率的金融机构）。本次下调后，金融机构加权平均存款准备金率约为。欧洲央行意外将三大利率上调个基点欧洲央行决定将欧元区三大关键利率均上调个基点，超出市场预期；这也是该行连续的第次加息，共计加息个基点。欧洲央行在作出加息个基点的决定后，在决议中明确表示利率“已经达到了能够在足够长的时间内维持的水平，将为通胀率降低到的目标做出重大贡献”。交易员押注欧洲央行年将降息个基点，为月日以来首次。美国公布首次申领失业救济人数和月美国上周首次申领失业救济人数为万人，预估为万人，前值为万人。美国月同比上升，预估为，前值为。国际油价触及年内新高供应趋紧主导市场情绪周四，由于市场担心今年剩余时间石油供应趋紧，国际油价上涨，布油日内突破美元桶，美油突破美元桶，双双刷新年内新高。年内全球最大：上市首日收涨年内全球最大在纳斯达克交易所交出漂亮的首日走势，分析称这给美股市场回归常态提供了最重要的信心。根据零售券商的数据显示，不仅获得苹果、英伟达等产业公司的力捧，在散户这一边也超有人气，获得超过万笔买入订单，轻松力压特斯拉、英伟达等散户偏爱的个股。财报营收和业绩展望符合预期周四盘后，披露第三财季调整后每股收益为美元，分析师预期美元；第三财季营收亿美元，分析师预期亿美元。预计第四财季每股收益为美元，分析师预期美元；预计第四财季营收亿亿美元，分析师预期亿美元。,0.0129870129870129,0.3120805369127518,0.7641135636057445,0.0100428341563857,2023-01-06 10:37:07
央行降准将释放超亿元中长期流动性经济学家解读央行降准中国人民银行官网今日发布消息，决定于年月日下调金融机构存款准备金率个百分点（不含已执行存款准备金率的金融机构）。本次下调后，金融机构加权平均存款准备金率约为。光大证券首席宏观经济学家高瑞东表示，此展开,0.0259740259740259,0.8115332396198545,0.6914874136203448,0.0472663738527417,2023-01-06 11:00:05
西安二环外不限购的同一天武汉取消二环线以内住房限购政策确实总要有个拉手亲脑门的过程然后才,0.0152,-0.0216356495827806,0.4989401024357259,-0.0079278103628252,2023-01-06 10:40:15
认房不认贷能拯救房地产市场吗多地密集发布楼市利好。武汉宣布取消二环线以内住房限购政策，西安二环以外区域取消限购。无锡全市域取消限购政策，青岛将执行认房不认贷。尽管核心城市仍有政策优化空间，但一线城市政策调整取决于市场恢复程度，未来有望按照因区施策原则，优化限购政策。,0.0072,0.9926209127957504,0.7303269844833626,0.2521880938419886,2023-01-06 12:56:11
重磅刚刚，武汉宣布全面取消住房限购。月日下午，武汉市房管局官方发布《关于进一步促进我市房地产市场平稳健康发展的通知》，正式对外宣布，年月日起，取消武汉市二环线以内住房限购政策满足居民刚性和改善性购房需求。,0.0016,-0.8461494981350193,0.7156552370272236,-0.0468125449369434,2023-01-06 11:00:38
三城同日宣布取消限购月已有城全面取消限购三城同日官宣武汉、西安、无锡“取消限购”，月已有城全面取消限购月日，武汉市六部门发布通知，宣布从即日起取消二环线以内住房限购政策。同日，无锡和西安也宣布取消限购。值得注意的是，月日日，已有沈阳、南京、大连、兰州、青岛、济南、福州、郑州、合肥、无锡、武汉、西安个城市全面取消限购。而包括北上广深四个一线城市以及杭州、苏州、成都、长沙等城市依旧存在限购。“核心城市仍有优化空间：二线城市有望全面取消过去在市场过热阶段出台的限制性政策。一线城市政策调整取决于市场恢复程度，未来有望按照因区施策原则，优化限购政策。”中指研究院市场研究总监陈文静当日在接受《每日经济新闻》记者采访时指出。（艾塔）三城同日官宣武汉、西安、无锡“取消限购”，月已有城全面取消限购,0.0104,0.0,0.7286967903215694,0.0,2023-01-06 10:43:23
月日，两大省会城市发布楼市新政，其中武汉市宣布取消二环线以内住房限购政策，西安市二环以外区域取消限购。此外，无锡全市域取消限购政策，青岛将执行“认房不认贷”。这四个城市年均超万亿。下一步，深圳会不会部分区域取消限购？,0.0104,-0.2345004741202344,0.6097815492656898,-0.0718526281899654,2023-01-06 15:24:34
武汉取消住房限购政策，给予购房优惠支持月日，武汉市住房保障和房屋管理局发布《关于进一步促进我市房地产市场平稳健康发展的通知》，通知提及，年月日起，取消武汉市二环线以内住房限购政策满足居民刚性和改善性购房需求。同时，通知表示，生育多子女家庭在购房贷款时，购买的第二展开,0.0048,-0.4157462458734566,0.7261147192751782,-0.0700109754437652,2023-01-06 10:30:05
武汉：取消二环线以内住房限购政策月日，武汉市住房保障和房屋管理局发布《关于进一步促进我市房地产市场平稳健康发展的通知》，通知提及，年月日起，取消武汉市二环线以内住房限购政策满足居民刚性和改善性购房需求。同时，通知表示，生育多子女家庭在购房贷款时，购买的第二套住房认定为首套住房，购买的第三套住房认定为第二套住房。对已有两套住房的家庭，在挂牌出售或出租一套的前提下新购一套住房的，购房贷款时认定为第二套住房。,0.004,-0.3056546133708375,0.9327334922484596,-0.0550985071811191,------
武汉：取消二环线以内住房限购政策月日，通知表示，生育多子女家庭在购房贷款时，购买的第二套住房认定为首套住房，购买的第三套住房认定为第二套住房。二套房按照首套房政策，武汉走在全国前列,0.0216,-0.6525664314773182,1.0,-0.6810355695547222,2023-01-06 17:20:58
武汉：取消二环线以内住房限购政策月日，武汉市住房保障和房屋管理局发布《关于进一步促进我市房地产市场平稳健康发展的通知》，年月日起，取消武汉市二环线以内住房限购政策满足居民刚性和改善性购房需求。生育多子女家庭在购房贷款时，购买的第二套住房认定为首套住房，购买的第三套住房认定为第二套住房。对已有两套住房的家庭，在挂牌出售或出租一套的前提下新购一套住房的，购房贷款时认定为第二套住房。年月日起至月日前，对出售原有住房并在半年内购买新建商品住房和购买新建商品住房后至房屋交付前出售原有住房的纳税人，由购买新建商品住房所在区财政部门对其出售原有住房已缴纳的增值税按计税价格的给予补助。年月日前，对购买首套新建商品住房的，可享受万元家电家具数字消费券或购房消费券。持续开展线上线下房交会，对房交会期间购买首套住房的，按契税应缴额度给予补助优惠，购买第二套住房的，按契税应缴额度的给予补助优惠。年月日前，住房公积金缴存职工在我市购买普通自住住房的，贷款额度可按职工家庭当前可贷款额度上浮，同时不超出我市公积金贷款的最高贷款额度（即家庭首套房贷款最高可贷额度万元，家庭二套房贷款最高可贷额度万元）。,0.0032,-0.8633317520262713,0.7156552370272236,-0.095526278810771,2023-01-06 10:57:48
武汉全面取消住房限购：生育多子女家庭购买的第二套住房认定为首套住房月日，武汉市住房保障和房屋管理局官网发布《关于进一步促进我市房地产市场平稳健康发展的通知》。该通知共有条内容，包括：取消住房限购。年月日起，取消武汉市二环线以内住房限购政策满足居民刚性和改善性购房需求。优化家庭住房贷款套数认定标准。对生育多子女家庭在购房贷款时，购买的第二套住房认定为首套住房，购买的第三套住房认定为第二套住房。对已有两套住房的家庭，在挂牌出售或出租一套的前提下新购一套住房的，购房贷款时认定为第二套住房。网页链接,0.0008,-0.5902253198490708,0.7172854311890169,-0.0163640631770781,2023-01-06 10:57:46
武汉取消二环线以内住房限购政策月日，武汉市住房保障和房屋管理局发布《关于进一步促进我市房地产市场平稳健康发展的通知》。通知明确，自年月日起，取消武汉市二环线以内住房限购政策满足居民刚性和改善性购房需求。生育多子女家庭在购房贷款时，购买的第二套住房认定为首套住房，购展开,0.0024,-0.0728975734628019,0.7140250428654304,-0.0060357198311089,2023-01-06 10:57:43
武汉：取消二环线以内住房限购政策,0.0048,-0.3220338983050845,0.7140250428654304,-0.0533270531228631,2023-01-06 10:51:53
湖北新鲜事超话武汉取消二环内住房限购政策年月日起，取消武汉市二环线以内住房限购政策，满足居民刚性和改善性购房需求。详情,0.008,-0.1243205348628439,0.6070605989944639,-0.0291713291367186,2023-01-06 10:20:40
武汉取消二环内住房限购政策月日，武汉市住房保障和房屋管理局发布《关于进一步促进我市房地产市场平稳健康发展的通知》，通知提及，年月日起，取消武汉市二环线以内住房限购政策满足居民刚性和改善性购房需求。同时，通知表示，生育多子女家庭在购房贷款时，购买的第二套住房认定为展开,1.0,-0.0248539491917868,0.8327473885401583,-1.0,2023-01-08 12:18:55
武汉取消二环线以内住房限购政策天津武清区：购新房最高给予万补贴天津市静海区购房补贴政策天津武清区：根据购房人申请，按照总购房款的给予购房补贴，补贴金额最高不超过万元（含）天津市静海区购房补贴政策便民服务为贯彻落实《市住房城乡建设委等四部门关于进一步调整优化房地产政策更好满足居民刚性和改善性住房需求的通知》（津住建房改号）政策文件精神，适应房地产市场供求关系发生重大变化的新形势，进一步支持刚性和改善性住房需求，促进住房消费，结合静海区实际情况，发布实施《天津市静海区购房补贴政策》。（静海融媒）月日，武汉市住房保障和房屋管理局发布《关于进一步促进我市房地产市场平稳健康发展的通知》，通知提及，年月日起，取消武汉市二环线以内住房限购政策满足居民刚性和改善性购房需求。同时，通知表示，生育多子女家庭在购房贷款时，购买的第二套住房认定为首套住房，购买的第三套住房认定为第二套住房。对已有两套住房的家庭，在挂牌出售或出租一套的前提下新购一套住房的，购房贷款时认定为第二套住房。（财联社记者陈业）,0.0112,-0.8191286001937707,0.7872186835362818,-0.3489448714305276,2023-01-07 12:43:04
重磅武汉全面取消住房限购月日，武汉市住房保障和房屋管理局、市自然资源和规划局等六部门印发《关于进一步促进我市房地产市场平稳健康发展的通知》，其中明确，年月日起，取消武汉市二环线以内住房限购政策满足居民刚性和改善性购房需求。生育多子女家庭在购房贷款时，购买的第二套展开,0.0008,-0.7911660056085348,0.7140250428654304,-0.0218354609210114,2023-01-06 15:46:58
武汉取消二环线以内住房限购政策鼓励购房，鼓励生育。二环外呢，限购吗？武汉：取消二环线以内住房限购政策钛媒体月日消息，武汉市住房保障和房屋管理局发布《关于进一步促进我市房地产市场平稳健康发展的通知》，通知提及，年月日起，取消武汉市二环线以内住房限购政策，满展开,0.0048,-0.0883760657390512,0.7140250428654304,-0.0146345933681529,2023-01-06 14:38:34
武汉取消住房限购今天（月日），武汉市住房保障和房屋管理局发布进一步促进武汉市房地产市场平稳健康发展的通知，全文如下：关于进一步促进我市房地产市场平稳健康发展的通知武房发号各区人民政府，各有关单位：为贯彻落实党中央、国务院决策部署，适时调整优化房地产政策，因城施策，用好政策工具箱，更好满足居民刚性和改善性住房需求，促进全市房地产市场持续平稳健康发展。结合我市当前实际，经市人民政府同意，现就有关事项通知如下：一、取消住房限购。年月日起，取消我市二环线以内住房限购政策满足居民刚性和改善性购房需求。二、优化家庭住房贷款套数认定标准。对生育多子女家庭在购房贷款时，购买的第二套住房认定为首套住房，购买的第三套住房认定为第二套住房。对已有两套住房的家庭，在挂牌出售或出租一套的前提下新购一套住房的，购房贷款时认定为第二套住房。三、支持居民换购住房。年月日起至月日前，对出售原有住房并在半年内购买新建商品住房和购买新建商品住房后至房屋交付前出售原有住房的纳税人，由购买新建商品住房所在区财政部门对其出售原有住房已缴纳的增值税按计税价格的给予补助。四、给予购房优惠支持。年月日前，对购买首套新建商品住房的，可享受万元家电家具数字消费券或购房消费券。持续开展线上线下房交会，对房交会期间购买首套住房的，按契税应缴额度给予补助优惠，购买第二套住房的，按契税应缴额度的给予补助优惠。五、阶段性调整住房公积金贷款额度。年月日前，住房公积金缴存职工在我市购买普通自住住房的，贷款额度可按职工家庭当前可贷款额度上浮，同时不超出我市公积金贷款的最高贷款额度（即家庭首套房贷款最高可贷额度万元，家庭二套房贷款最高可贷额度万元）。贷款额度上浮政策与其他住房公积金贷款上浮政策不叠加使用。六、盘活企业资产。对土地出让合同中约定由房地产开发企业自持的商办类房屋，在不改变房屋规划用途和不影响原土地出让合同履行的情况下，经辖区政府批准同意，允许以新建商品房形式整体转让。整体转让后，原土地出让合同约定的相关权利和义务由新的受让方承担。七、加强精准供地，鼓励居住户型设计创新。结合各区新房库存情况，实施土地精准投放，加快中心城区地段好、配套齐全的住宅净地供应，加快项目审批、开工建设、上市销售。支持企业转型发展，优化住宅阳台进深、面积比例控制要求等技术规范，推进新型住宅设计创新。八、加快盘活存量用地。对已出让尚未建设且没有法律纠纷的存量国有建设用地，由辖区政府组织开展土地收回和规划优化可行性研究，报市政府同意并按程序完善相关工作后，可重新实施土地供应。存量用地收回应符合相关规定，且规划优化后，可以满足公共服务设施和基础配套设施承载力、不影响重点功能区核心功能实施。九、积极助企纾困。因疫情影响，对年月日前未按土地出让合同或储备土地开发补偿协议约定缴付土地价款的项目按照省、市相关助企纾困文件要求执行，可延期缴纳。十、建立房地产开发企业“白名单”管理。在我市注册且经营状况良好，近三年未发生债务违约行为、集团及所属企业在我市未发生过重大质量安全事故、未因自身经营原因引起群体性信访、无被法院列为“失信”“限高”记录的房地产开发企业，可以纳入“白名单”管理。在风险可控前提下，对纳入“白名单”的房地产开发企业可申请提前办理预售许可。本《通知》自发布之日起执行，由市住房保障和房屋管理局负责解释。各区可结合实际制定促进本辖区房地产市场平稳健康发展的支持政策，相关措施可与本《通知》叠加使用。武汉市住房保障和房屋管理局武汉市自然资源和规划局武汉市城乡建设局武汉市财政局武汉市商务局武汉住房公积金管理中心年月日（长江云新闻）,0.012,-0.2677351839017603,0.6616567380113951,-0.1027095311729671,2023-10-17 09:47:35
武汉取消二环线以内住房限购政策武汉：取消二环线以内住房限购政策月日，武汉市住房保障和房屋管理局发布《关于进一步促进我市房地产市场平稳健康发展的通知》，年月日起，取消武汉市二环线以内住房限购政策满足居民刚性和改善性购房需求。生育多子女家庭在购房贷款时，购买的第二套住房认定为首套住房，购买的第三套住房认定为第二套住房。对已有两套住房的家庭，在挂牌出售或出租一套的前提下新购一套住房的，购房贷款时认定为第二套住房。年月日起至月日前，对出售原有住房并在半年内购买新建商品住房和购买新建商品住房后至房屋交付前出售原有住房的纳税人，由购买新建商品住房所在区财政部门对其出售原有住房已缴纳的增值税按计税价格的给予补助。年月日前，对购买首套新建商品住房的，可享受万元家电家具数字消费券或购房消费券。持续开展线上线下房交会，对房交会期间购买首套住房的，按契税应缴额度给予补助优惠，购买第二套住房的，按契税应缴额度的给予补助优惠。年月日前，住房公积金缴存职工在我市购买普通自住住房的，贷款额度可按职工家庭当前可贷款额度上浮，同时不超出我市公积金贷款的最高贷款额度（即家庭首套房贷款最高可贷额度万元，家庭二套房贷款最高可贷额度万元）。（财联社记者陈业）,0.0632,0.0017174025370292,0.5721626848364749,0.0030005441645812,2023-01-06 20:35:08
刚刚，武汉全面取消住房限购武汉市住房保障和房屋管理局：年月日起，取消我市二环线以内住房限购政策，满足居民刚性和改善性购房需求。武汉取消二环线以内住房限购政策,0.012,-0.0563865578691652,0.7205458195126033,-0.0235564448446684,2023-01-06 13:07:11
江苏省无锡市：全市域取消限购政策，降低购买首套房首付比例。武汉：取消二环线以内住房限购政策。,0.0128,-0.0831161769544501,0.6346359171887015,-0.0326220681291652,2023-01-06 11:42:32
外汇存款准备金率下调释放哪些信号月日，央行宣布外汇存款准备金率下调至。业内专家认为，下调金融机构外汇存款准备金率，能够提升银行等金融机构的外汇资金运用能力，也会直接增加境内美元流动性，进而促进人民币稳定回升。专家建议，市场主体要避免偏离风险中性的“炒汇”行为，适度套保汇率敞口和控制货币错配，合理安排资产负债币种结构。新华网财经的微博视频,0.0689655172413793,-0.0809014614615473,0.6737361918861563,-0.0039764331627336,2023-01-06 11:44:12
转发央行出手，人民币急升，什么信号？近期人民币汇率跌破关口后，央行出手了日，央行宣布，为提升金融机构外汇资金运用能力，自月日起，下调金融机构外汇存款准备金率个百分点，即外汇存款准备金率由现行的下调至。人民币汇率随后闻声大涨，快速收复关口。什么是外汇存款储备金？为何能提振汇率？（中新财经宫宏宇中国新闻网）央行出手，人民币急升，什么信号？,0.0086206896551724,0.6352995392666703,0.6416535160820536,0.0037173767153204,2023-01-06 10:27:50
央行下调外汇存款准备金率至央行发布通知，为提升金融机构外汇资金运用能力，中国人民银行决定，自年月日起，下调金融机构外汇存款准备金率个百分点，即外汇存款准备金率由现行的下调至。下调金融机构外汇存款准备金率新浪财经的微博视频,1.0,0.9453324266780716,1.0,1.0,2023-01-06 17:27:47
中国人民银行决定下调金融机构外汇款准备金率为提升金融机构外汇资金运用能力，中国人民银行决定，自年月日起，下调金融机构外汇存款准备金率个百分点，即外汇存款准备金率由现行的下调至。,0.1637931034482758,0.1386342140297448,0.6660728645552149,0.0159993825316083,2023-01-06 10:14:56
汇率政策出手外汇存款准备金率由现行的下调至人民币汇率应声而起。月日，央行官网消息称，为提升金融机构外汇资金运用能力，决定自年月日起，下调金融机构外汇存款准备金率个百分点，即外汇存款准备金率由现行的下调至。现在是股、汇、楼、债四市政策联动频出,0.1810344827586207,0.2516794307217149,0.8662322467107724,0.0417502249785325,2023-01-06 10:17:03
人民币汇率反弹至人民币汇率快速上涨月日，央行宣布，为提升金融机构外汇资金运用能力，自月日起，下调金融机构外汇存款准备金率个百分点，即外汇存款准备金率由现行的下调至。随后，人民币汇率闻声反弹，快速涨至附近。中国银行研究院高级研究员王有鑫表示，央行此时出手调整外汇存款准备金率有利于增加金融体系外汇供给，改善市场外汇供求形势，同时通过释放政策信号，起到稳定汇率和市场情绪的作用。（中新财经）,0.0258620689655172,0.8090641359732952,0.725857973239046,0.0160662052999826,------
东方财富央行：月日起下调金融机构外汇存款准备金率个百分点央行：外汇存款准备金率由现行的下调至东方财富,0.0086206896551724,0.9998883791306556,0.6416535160820536,0.005850723239608,2023-01-06 15:25:31
中国人民银行决定下调金融机构外汇存款准备金率为提升金融机构外汇资金运用能力，中国人民银行决定，自年月日起，下调金融机构外汇存款准备金率个百分点，即外汇存款准备金率由现行的下调至。,0.0172413793103448,0.9980554567255802,0.6416535160820536,0.0116799962414982,2023-01-06 15:25:27
中国人民银行：外汇存款准备金率下调为为提升金融机构外汇资金运用能力，中国人民银行决定，自年月日起，下调金融机构外汇存款准备金率个百分点，即外汇存款准备金率由现行的下调至。,0.0172413793103448,0.6241610738255037,0.6416535160820536,0.0073044027235611,2023-01-06 14:44:25
中国人民银行：外汇存款准备金率下调为为提升金融机构外汇资金运用能力，中国人民银行决定，自年月日起，下调金融机构外汇存款准备金率个百分点，即外汇存款准备金率由现行的下调至。（来源：央视新闻）,0.3275862068965517,0.6486594927450752,0.7541883216180004,0.1695265146993159,2023-01-06 11:58:37
节前降息，老百姓福利。首套利率降至，从降至。之前一直喊的降息，终于来了。年月日贷款市场报价利率（）为：年期为，年期以上为，均与上期持平。原政策是，现直接取消加点，直接减个基点，最后。举例：贷款金额万。原，月供：元最新，月供：每个月可以省下元原二套现二套。不过这是首套增量的降息，存量贷是刚刚调整了一轮，估计短期内不会再次降低。如果楼市还是萎靡不振，未来还会持续的降低交易税费，类似广州的改增值税，或契税降低。今天就发布了保障房按契税征收。,0.4136904761904761,-0.2563686549113445,0.6394411861536423,-0.131206757771929,2023-01-06 11:10:47
发福利了存量房贷利率调整落地有人直呼“一个月立省近元”财联社月日讯（记者高萍）“每个月少还元”“一个月立省近元”月日，存量房贷利率正式批量下调，不少业主在社交平台上晒出调整后的房贷利率情况，并直言实实在在减负。根据安排，月日起银行开启存量房贷利率调整工作，符合条件的存量房贷客户将无需申请，银行批量进行调整。据测算，此次存量首套房贷利率调整将惠及约万户、上亿居民。从幅度看，此次存量首套房贷利率调整，平均降幅约为基点。以万元、年期、原利率的存量房贷为例，假设房贷利率降至，可节约借款人还款支出每年超过元。“存量房贷利率的降低可以节约居民利息负担，显著增强消费能力。本次政策调整利好是中长期的，可持续为近几年较高利率贷款买房的家庭减少支出，支持提升居民消费能力，有效促进消费增长。”中国人民银行货币政策司司长邹澜近日在国务院政策例行吹风会上如是说。存量首套房调整落地缘何有客户有客户？“今天是发福利的一天，从直接降到，终于不再高位站岗了。”“到，感恩。”月日，存量房贷利率调整落地，多位业主在社交平台感慨，更有人直言，“一个月立省接近块，这真是实实在在给咱减负了。”也有业主晒出前后还款的明细，该客户房贷利率于月日起预计从个基点下调为个基点。数据显示，调整前，该客户还款本金约为元，利息元，合计还款元；调整后本金元，利息元，合计元。农业银行今日发布的公告显示，根据工作安排，年月日该行已对符合首套住房贷款利率政策的存量个人住房贷款主动实施利率批量下调。存量房贷利率下调于调整当日生效，此次调整不溯及既往，之前的房贷利息不作调整。不少客户在社交媒体上晒出调整后的房贷利率情况显示，多位客户调整后的利率为“”。按照规则，调整后的房贷利率情况将是如何，最低降至多少？月日，中国人民银行货币政策司司长邹澜在国务院政策例行吹风会上表示，大部分符合要求的存量首套房贷利率将降至贷款市场报价利率，年月以后的将降至贷款市场报价利率减个基点，直接下调至政策下限。贷款市场报价利率（）是人民银行授权全国银行间同业拆借中心计算并公布的基础性贷款参考利率。全国银行间同业拆借中心每月日（遇节假日顺延）公布，目前有年期和年期以上两个期限品种。如年月日公布，年期为，年期以上为。不过，从调整后情况来看，有些客户调整后为，有些客户则为，调整后执行利率均为。为什么本次存量房贷利率调整后，加点数一样但房贷利率却不一样的情况？对此，农业银行在今日发布的公告中解释称，不同房贷客户与银行约定的重定价日不同，重定价日这一天部分，按当时的重新定价。因此，即使加点数相同，随着发生变化，重定价后的房贷利率仍可能存在差异。农业银行举例称，小王和小李的房贷利率均符合本次下调条件，下调点数均为个，重定价周期均为年，但小王和小李的重定价日不同。小王房贷利率的重定价日是每年的月日，年月日的为。调整前，小王的房贷利率为（个）；调整后，小王的房贷利率为（个），明年月日按最新一期年期以上确定新的房贷利率。小李房贷利率的重定价日是每年的月日，年月日的为。调整前，小李的房贷利率为（个）；调整后，小李房贷利率为（个），明年月日按最新一期年期以上确定新的房贷利率。二套转首套调整今日可提交申请此次存量房贷利率调整，三类人群将受益。招联首席研究员董希淼曾表示，其中之一为，当前有些地方政策调整，原来是二套房贷，现在可以被认定为首套房贷的借款人，也可以提出申请。例如现在一线城市”认房不认贷”政策落地，原来是“认房又认贷”政策下的二套房贷，只要名下没有房，可以按照首套房贷来办理。需要指出的是，二套及以上房贷且符合调整条件的需要客户进行申请下调。农业银行在今日发布的公告中表示，如果您的住房贷款不是首套住房贷款，但当前实际住房情况已经符合房屋所在城市首套住房标准，可点击“首套住房认定申请”，提交身份证明、承诺书、家庭住房套数查询结果或认定证明等材料，申请贷款利率调整。农业银行称，在年月日至年月日提出申请，该行审核认定符合首套房标准的，将在年月日起进行批量调整。在年月日（含）后提出申请的，该行将在个工作日内完成认定，经审核符合条件的，及时予以调整。中国银行此前发布的调整细则也显示，对于二套及以上房贷且符合调整条件、固定利率或基准利率定价且完成转换、不良贷款归还积欠本息的房贷客户，可于年月日至月日（含当日）向该行提出申请。中国银行将于月日对已受理并审批通过的进行集中调整。存量房贷利率调整进程迅速。月日，中国人民银行货币政策司司长邹澜在国务院政策例行吹风会上表示，中小银行也在陆续参照国有银行制定并发布实施细则。预计超过九成符合条件的借款人可在第一时间充分享受政策红利，其他借款人的存量房贷利率也将在月底前完成调整。,1.0,0.8323864663636766,0.6209545860379841,1.0,2023-01-06 10:44:51
月报价出炉。中国人民银行授权全国银行间同业拆借中心公布，年月日贷款市场报价利率为：年期为，年期以上为。,0.0744047619047619,0.3364881267836226,0.5748383643183589,0.027843983729162,2023-01-06 14:17:36
白话数据年月日建委新房住宅网签套，二手房住宅网签套（网签数据有滞后）。大中介前台挂牌房源量套（中介春节休假前，新政前），持续关注。昨日楼市热点：月日，北京市规自委网站发布了年第三轮拟供应商品住宅用地清单，共涉及宗，土地面积公顷，地上建筑规模万平方米。朝阳小红门、昌平朱辛庄等热点板块再迎供应。据悉，这宗用地将最晚于月日组织发布出让公告。月日，中国人民银行授权全国银行间同业拆借中心公布最新一期贷款市场报价利率：年期为，年期以上为，均维持不变。以上在下一次发布之前有效。截至目前，今年以来已经历了次下调。其中，月份，年期和年期以上同步下调个基点；月份，年期以上保持不变，年期单独下调个基点。,0.1428571428571428,0.2438097653140272,0.4905311289081629,0.0330548187240278,2023-01-06 11:11:18
新的贷款利率出炉：均不变中国人民银行授权全国银行间同业拆借中心公布，年月日贷款市场报价利率（）为：年期为，年期以上为。以上在下一次发布之前有效。,0.0178571428571428,0.8980433784966582,0.7140977739436818,0.0221555286903564,2023-01-06 10:55:45
中国人民银行授权全国银行间同业拆借中心公布，年月日贷款市场报价利率（）为：年期为，年期以上为。和上个月保持不变，以上在下一次发布之前有效。,0.0059523809523809,-0.9882324819185866,0.6209545860379841,-0.0070668330632447,2023-01-06 10:51:27
央行公布最新利率据微信公众号“中国人民银行”消息，中国人民银行授权全国银行间同业拆借中心公布，年月日贷款市场报价利率（）为：年期为，年期以上为。以上在下一次发布之前有效。（来源于“中国人民银行”）,0.0208333333333333,0.0,0.7140977739436818,0.0,------
湖湘财经月维持不变中国人民银行授权全国银行间同业拆借中心公布，年月日贷款市场报价利率（）为：年期为，年期以上为。以上在下一次发布之前有效。,0.0119047619047619,0.8461538461538458,0.6520023153398834,0.0127067456095591,2023-01-06 10:03:00
维持不变月日，中国人民银行授权全国银行间同业拆借中心公布了月份贷款市场报价利率（）。年月日贷款市场报价利率（）为：年期为，年期以上为。,0.0089285714285714,-0.6000000000000001,0.6209545860379841,-0.0064358841399065,------
协会的意思是涨还是跌？也不明确说一下哈。钢铁产业降本增效优化供给总体保持平稳态势中钢协：钢材需求将在减量后实现新的平衡钢铁业产业链长，涉及面广。今年以来，面对传统市场需求恢复不足、阶段性供需矛盾加大、行业盈利能力下降等困难，广大钢铁企业努力提升供给能力、推进降本增效。前个月，钢铁行业工业增加值同比增长，较工业平均水平高个百分点，总体保持平稳增长态势。受访企业和专家普遍认为，钢铁企业持续承压的主因来自需求端：上半年，我国粗钢表观消费量同比下降。面对市场供需的变化，不少企业积极降本增效、改善生产经营。“面临各种困难，钢铁企业顶住了压力，总体保持平稳态势。”中国钢铁工业协会会长谭成旭说。谭成旭认为，下一步，随着推进基础设施建设、提振大宗消费、调整优化房地产政策等举措落地见效，市场预期将进一步增强，钢材需求将在减量后实现新的平衡。（人民日报）明出库存了，把明天主力动作小定义一下把黑色品种点个名我觉得有时候我的小闲钢还是很精彩的，比如这两天都不错，同学不要错过参考机会我看就小闲一曲就大致行了，盘中再观察小定自己的策略就可以了。截至月日，上交所融资余额报亿元，较前一交易日减少亿元；深交所融资余额报亿元，较前一交易日增加亿元；两市合计亿元，较前一交易日增加亿元中国一年期贷款市场报价利率（）维持在不变，五年期贷款市场报价利率（）维持在不变。日山东市场部分钢厂对焦炭采购价上涨元吨，调整后具体情况如下：准一级干熄冶金焦：灰分，硫份，，全水，调整后执行元吨；到厂现汇含税价，以上价格为钢厂基准价格，年月日时起执行。唐山永旺带钢价格涨日唐山永旺带钢价格涨，现报，出厂含税唐山瑞兴钢铁型材价格稳日唐山瑞兴钢铁型材价格稳，槽钢，现报，，现报；工字钢，现报，，报，出厂含税。今日陕钢西安区域价格大螺纹配送价元吨，线盘加价元吨,0.0327380952380952,-0.2137953226307388,0.5700720663843437,-0.0077196306007437,2023-01-06 11:55:18
月维持不变：月年期和年期利率均维持不变据央行官网，年月日贷款市场报价利率（）为：年期为，年期以上为。以上在下一次发布之前有效。,0.0595238095238095,-0.1554342903438619,1.0,-0.0178999865066979,------
年月日全国银行间同业拆借中心受权公布贷款市场报价利率（）公告中国人民银行授权全国银行间同业拆借中心公布，年月日贷款市场报价利率（）为：年期为，年期以上为。以上在下一次发布之前有效。,0.0059523809523809,0.9967559969423788,0.6209545860379841,0.0071277845689757,2023-10-16 09:54:45
月报价出炉：年期和年期利率均维持不变据央行官网，年月日贷款市场报价利率（）为：年期为，年期以上为。以上在下一次发布之前有效。,0.0833333333333333,0.524564799569845,0.9220068583902776,0.0779771217091352,2023-10-16 09:58:17
年月日贷款市场报价利率（）,0.0773809523809523,-0.5006887006269519,0.6674736379600567,-0.0500323762098332,2023-10-16 09:56:52
月维持不变中国人民银行授权全国银行间同业拆借中心公布，年月日贷款市场报价利率（）为：年期为，年期以上为。以上在下一次发布之前有效。,0.0178571428571428,0.8011725162634524,0.7140977739436818,0.0197656383812043,2023-10-16 09:55:59
拿诺奖在东莞买房补贴万东莞特色人才购房补贴升至万广东城市东莞的人才购房补贴，最高已经提升到万元。最近，东莞市人力资源和社会保障局发布消息称，年东莞特色人才的住房补贴、生活补助、引进人才奖励、创业贷款贴息的申报工作，已经开始。其中最受关注的是，东莞将特级人才的购房补贴，从原标准的万元提高到了万元。此外，其他层次人才的购房补贴标准也均有大幅提升。在人才争夺战越来越激烈的今天，大幅度提升人才补贴，能奏效吗？在不少业内专家看来，东莞尽管地处珠三角区域，但作为普通地级市，在“科教文卫”层面，存在先天短板。拿到诺贝尔奖，到东莞买房补贴万来源中国新闻周刊查看图片,1.0,0.535402244013452,1.0,1.0,2023-10-16 09:55:50
拿诺奖在东莞买房补贴万元东莞特色人才购房补贴升至万元广东城市东莞的人才购房补贴，最高已经提升到万元。最近，东莞市人力资源和社会保障局发布消息称，年东莞特色人才的住房补贴、生活补助、引进人才奖励、创业贷款贴息的申报工作，已经开始。其中最受关注的是，东莞将特级人才的购房补贴，从原标准的万元提高到了万元。此外，其他层次人才的购房补贴标准也均有大幅提升。在人才争夺战越来越激烈的今天，大幅度提升人才补贴，能奏效吗？在不少业内专家看来，东莞尽管地处珠三角区域，但作为普通地级市，在“科教文卫”层面，存在先天短板。,0.0888888888888888,0.0244965847018939,0.5723089075997254,0.0023275731325661,2023-10-16 09:55:39
拿诺奖在东莞买房补贴万元东莞特色人才购房补贴升至万元广东城市东莞的人才购房补贴，最高已经提升到万元。最近，东莞市人力资源和社会保障局发布消息称，年东莞特色人才的住房补贴、生活补助、引进人才奖励、创业贷款贴息的申报工作，已经开始。其中最受关注的是，东莞将特展开,0.1777777777777777,0.1856662792408037,0.6689250505167436,0.041238967228133,2023-10-16 09:54:20
拿诺奖在东莞买房补贴万东莞特色人才购房补贴升至万广东城市东莞的人才购房补贴，最高已经提升到万元。最近，东莞市人力资源和社会保障局发布消息称，年东莞特色人才的住房补贴、生活补助、引进人才奖励、创业贷款贴息的申报工作，已经开始。其中最受关注的是，东莞将特级人才的购房补贴，从原标准的万元提高到了万元。此外，其他层次人才的购房补贴标准也均有大幅提升。在人才争夺战越来越激烈的今天，大幅度提升人才补贴，能奏效吗？在不少业内专家看来，东莞尽管地处珠三角区域，但作为普通地级市，在“科教文卫”层面，存在先天短板。拿到诺贝尔奖，到东莞买房补贴万,0.9777777777777776,0.606567826356277,0.3435229156134496,0.3805353959782127,------
拿诺奖在东莞买房补贴万东莞特色人才购房补贴升至万广东城市东莞的人才购房补贴，最高已经提升到万元。最近，东莞市人力资源和社会保障局发布消息称，年东莞特色人才的住房补贴、生活补助、引进人才奖励、创业贷款贴息的申报工作，已经开始。其中最受关注的是，东莞将特级人才的购房补贴，从原标准的万元提高到了万元。此外，其他层次人才的购房补贴标准也均有大幅提升。在人才争夺战越来越激烈的今天，大幅度提升人才补贴，能奏效吗？在不少业内专家看来，东莞尽管地处珠三角区域，但作为普通地级市，在“科教文卫”层面，存在先天短板。（中国新闻周刊）,0.4666666666666667,0.3378740872048066,0.4628838586458214,0.136318097379891,2023-10-16 09:51:06
拿诺奖在东莞买房补贴万东莞特色人才购房补贴升至万广东城市东莞的人才购房补贴，最高已经提升到万元。最近，东莞市人力资源和社会保障局发布消息称，年东莞特色人才的住房补贴、生活补助、引进人才奖励、创业贷款贴息的申报工作，已经开始。其中最受关注的是，东莞将特级人才的购房补贴，从原标准的万元提高到了万元。此外，其他层次人才的购房补贴标准也均有大幅提升。在人才争夺战越来越激烈的今天，大幅度提升人才补贴，能奏效吗？在不少业内专家看来，东莞尽管地处珠三角区域，但作为普通地级市，在“科教文卫”层面，存在先天短板。房产周边事,0.0666666666666666,-0.1024519770412688,0.7064254984062435,-0.0090118771762519,2023-10-16 11:27:40
拿诺奖在东莞买房补贴万东莞特色人才购房补贴升至万广东城市东莞的人才购房补贴，最高已经提升到万元。最近，东莞市人力资源和社会保障局发布消息称，年东莞特色人才的住房补贴、生活补助、引进人才奖励、创业贷款贴息的申报工作，已经开始。其中最受关注的是，东莞将特级人展开,0.1111111111111111,0.0486762853089708,0.7064254984062435,0.0071361028075287,2023-10-16 12:21:13
拿诺奖在东莞买房补贴万东莞特色人才购房补贴升至万东莞为了发展、引进人才，并提供住房补贴、生活补助、创业贷款等等优惠政策，这本是很好的事情，但大可不必靠“拿诺贝尔的特殊人才给与补贴万”这类噱头来博眼球，毕竟那啥建国多年也就莫言一个人拿过，而拿这种几乎零概率的东西来说事就陷入“虚空”了,0.0222222222222222,0.2007674246812303,0.7417467733265557,0.0061809639849292,2023-10-16 15:03:48
拿诺奖在东莞买房补贴万东莞特色人才购房补贴升至万广东城市东莞的人才购房补贴，最高已经提升到万元。最近，东莞市人力资源和社会保障局发布消息称，年东莞特色人才的住房补贴、生活补助、引进人才奖励、创业贷款贴息的申报工作，已经开始。其中最受关注的是，东莞将特级人才的购房补贴，从原标准的万元提高到了万元。此外，其他层次人才的购房补贴标准也均有大幅提升。在人才争夺战越来越激烈的今天，大幅度提升人才补贴，能奏效吗？在不少业内专家看来，东莞尽管地处珠三角区域，但作为普通地级市，在“科教文卫”层面，存在先天短板。,0.0888888888888888,0.8406019643936544,0.7064254984062435,0.0985880002970268,2023-10-16 12:35:26
转发拿诺奖在东莞买房补贴万东莞特色人才购房补贴升至万广东城市东莞的人才购房补贴，最高已经提升到万元。最近，东莞市人力资源和社会保障局发布消息称，年东莞特色人才的住房补贴、生活补助、引进人才奖励、创业贷款贴息的申报工作，已经开始。其中最受关注的是，东莞将特级人才的购房补贴，从原标准的万元提高到了万元。此外，其他层次人才的购房补贴标准也均有大幅提升。在人才争夺战越来越激烈的今天，大幅度提升人才补贴，能奏效吗？在不少业内专家看来，东莞尽管地处珠三角区域，但作为普通地级市，在“科教文卫”层面，存在先天短板。,1.0,-0.2824942389803538,0.4723450313909635,-0.2492233674231462,2023-10-16 10:03:49
我市发布《关于进一步促进房地产市场平稳健康发展的若干措施（征求意见稿）》围绕四个方面给房地产市场赋能月日，记者从商丘市住房和城乡建设局获悉，为贯彻落实党中央、国务院和省委、省政府决策部署，优化房地产政策，促进我市房地产市场平稳健康发展，市住房和城乡建设局结合我市实际起草了《关于进一步促进房地产市场平稳健康发展的若干措施（征求意见稿）》（以下简称《意见稿》），并公开向社会征求意见。《意见稿》以稳定市场为关键，以支持企业发展为重点，以满足刚性和改善性住房需求为目的，优化房地产市场调控措施，因城施策，充分释放政策红利，促进我市房地产市场平稳健康发展。《意见稿》重点从支持合理住房需求、落实企业扶持措施、完善金融服务、优化房地产市场环境、多措并举去库存方面，本着实用性、灵活性和可操作性相结合的总体思路，归纳提出了条内容，主要从四个方面给房地产市场赋能：一是促进消费，加大住房公积金贷款支持力度，实行商品住房契税补贴，居民换购住房个人所得税退税优惠，支持存量房“带押过户”等条支持政策，一体保持新建房和二手房两个市场销售热度；二是促进投资，优化土地出让条件，允许分期缴纳土地出让价款，试行地下停车位办理预售，适当延缓缴纳城市基础设施配套费和社保费，支持产销对接商品住房，优化资金监管措施等条支持政策；三是加强金融支持，落实差别化住房信贷政策，开展融资服务对接，加大金融纾困帮扶力度等条支持政策；四是提高政务服务，优化联合验收备案制度，优化房屋网签备案服务，全面推行“交房即交证”，进一步优化房地产市场环境等条支持政策。其中，明确提高多子女家庭购买首套自住住房申请住房公积金贷款最高额度：自年月日起，对依法生育、抚养多子女的住房公积金缴存人家庭，在本市购买首套自住住房申请住房公积金贷款的，贷款最高额度在本市住房公积金贷款最高额度基础上提高万元；调整提取公积金后申请贷款条件：自年月日起，同一套自住住房购房提取后申请住房公积金贷款，其公积金贷款额与提取金额之和不得超过房屋总价；房地产开发企业在取得商品房预售许可证后，符合商丘市住房公积金管理中心楼盘合作要求，可以申请住房公积金按揭贷款合作。适时实施商品住房契税补贴。根据我市实际情况，经市政府同意，相关单位适时对个人在中心城区范围内购买商品住房（含二手商品住房）的，可以给予所缴纳契税总额的补贴，最高不超过万元。居民换购住房个人所得税政策。自年月日至年月日，对出售自有住房并在现住房出售后年内重新购买住房的纳税人，对其出售现住房已缴纳的个人所得税予以退税优惠。其中，新购住房金额大于或等于现住房转让金额的，全部退还已缴纳的个人所得税；新购住房金额小于现住房转让金额的，按新购住房金额占现住房转让金额的比例退还已缴纳的个人所得税。支持国有投融资平台公司或国有非银行业金融机构作为投资主体，购买存量房屋用作保障性租赁住房。实行多样化回迁安置，根据当前征收安置实际，市中心城区原则上不再新建安置房，通过购买商品住房、发放安置房票等货币化为主的方式实施安置。为有效降低二手房交易资金和时间成本，推行存量商品房“带押过户”模式，充分保障在押不动产依法转让，激发存量房市场交易活力，提高交易登记安全性，促进存量房交易市场良性循环和健康发展。继续支持产销对接商品住房。支持团购在售商品住房。支持新兴产业单位、科研机构、产业园区、大专院校、企事业等单位，集中团购商品住房解决职工住房问题。鼓励多市场主体按照利益共享、风险共担原则以多种合作方式开发建设商品房。进一步提升商品住房品质。大力发展绿色建筑和绿色建造。鼓励高品质、改善型住宅小区建设，优化住宅供应套型，提高新建住房设计建造水平和设施配置标准，推动住宅产品升级换代，逐步提高装修住宅供应比例。持续加强质量和安全监管，全面提升住宅工程质量品质。推进无障碍设施建设，促进家庭装修消费，增加智能家电消费，推动数字家庭发展。进一步提升物业服务管理水平。开展全市物业管理专项整治行动，对物业服务规范化、房屋质量监管、收费公开、电梯安全、违章搭建、涉黑涉恶、消防安全等七个方面专项整治，进一步提升全市物业管理水平，切实解决广大市民急难愁盼问题，不断提高广大市民幸福感、获得感和满意度。即日起至月日，市民可以通过以下方式提出意见建议：登录商丘市政府网《意见征集》（网页链接）栏目浏览相关正在征集意见的内容并在页面底部提交意见建议；通过信函方式，将意见寄至商丘市神火大道与雪苑路交叉口市住房和城乡建设局房地产市场监管科（邮政编码）；通过电子邮件方式将修改意见和建议发送至电子邮箱。记者鲁超,0.0153846153846153,0.790823950595974,0.6530520412350853,0.0311687925507874,2023-10-16 12:49:14
成都住房限购限价措施有新调整月日，成都住建局发布《关于进一步优化政策措施促进房地产市场平稳健康发展的通知》。其中提到：调整住房限购措施，四川天府新区直管区、成都高新区南部园区、锦江区、青羊区、金牛区、武侯区、成华区继续实施住房限购，统一为一个限购区域。其他区域不再审核购房资格；在限购区域范围内，购买平方米以上（不含平方米）住房，不再审核购房资格，更好满足居民改善型住房需求。调整住房限价措施，成品住宅装修价格由企业根据市场情况自主确定（土地出让合同等有约定的除外），严格落实样板间、销售现场、装修清单等管理要求，鼓励优质优价；不再执行二手住房成交参考价格发布机制。,0.0153846153846153,0.9922006323582584,0.6530520412350853,0.0391056639792317,2023-10-16 14:34:26
成都住房限购限价措施有新调整月日，成都住建局发布《关于进一步优化政策措施促进房地产市场平稳健康发展的通知》。其中提到：调整住房限购措施，四川天府新区直管区、成都高新区南部园区、锦江区、青羊区、金牛区、武侯区、成华区继续实施住房限购，统一为一个限购区域。其他区域不再审核购房资格；在限购区域范围内，购买平方米以上（不含平方米）住房，不再审核购房资格，更好满足居民改善型住房需求。调整住房限价措施，成品住宅装修价格由企业根据市场情况自主确定（土地出让合同等有约定的除外），严格落实样板间、销售现场、装修清单等管理要求，鼓励优质优价；不再执行二手住房成交参考价格发布机制。（成都住建）法治君播报成都区域外取消限购成都出台《关于进一步优化政策措施促进房地产市场平稳健康发展的通知》,0.123076923076923,0.4947974333591543,0.772365986574085,0.1845155358177393,2023-10-16 10:49:25
成都住房限购限价措施有新调整成都区域外取消限购月日，成都住建局发布《关于进一步优化政策措施促进房地产市场平稳健康发展的通知》。其中提到：调整住房限购措施，四川天府新区直管区、成都高新区南部园区、锦江区、青羊区、金牛区、武侯区、成华区继续实施住房限购，统一为一个限购区域。其他区域不再审核购房资格；在限购区域范围内，购买平方米以上（不含平方米）住房，不再审核购房资格，更好满足居民改善型住房需求。调整住房限价措施，成品住宅装修价格由企业根据市场情况自主确定（土地出让合同等有约定的除外），严格落实样板间、销售现场、装修清单等管理要求，鼓励优质优价；不再执行二手住房成交参考价格发布机制。（成都住建）成都出台《关于进一步优化政策措施促进房地产市场平稳健康发展的通知》成都调整住房限购措施,0.0384615384615384,-0.2939442592994965,0.6530520412350853,-0.0289631075054581,2023-10-16 11:15:00
成都市房地产市场平稳健康发展领导小组办公室印发《关于进一步优化政策措施促进房地产市场平稳健康发展的通知》。一、加大住房保障力度（一）进一步发挥好现有公共租赁住房、租赁补贴、保障性租赁住房等兜底保障作用。规划建设保障性住房，重点保障住房困难的工薪收入群体以及城市需要的人才群体。二、优化土地供应方式（二）中心城区商品住宅用地实施“竞地价”拍卖，新出让土地所建商品住房由企业根据市场情况自主定价。（三）除控制性详细规划明确的宗地内需叠建以及宗地周边绿地、道路、养老托育等公服配套设施外，原则上新出让住宅类用地不再设置配建要求。（四）调整新出让土地商业物业持有比例，在产业功能区（园区）内的，计容商业建筑面积持有比例不低于；在锦江区、青羊区、金牛区、武侯区、成华区产业功能区（园区）外的，计容商业建筑面积持有比例不低于；其他区（市）县的产业功能区（园区）外的，计容商业建筑面积持有比例，由属地政府按照相关规定制定并实施。宗地项目计容商业建筑面积持有比例部分，由区（市）县政府（管委会）自主确定自持或整体有条件转三、调整住房限购措施（五）四川天府新区直管区、成都高新区南部园区、锦江区、青羊区、金牛区、武侯区、成华区继续实施住房限购，统一为一个限购区域。其他区域不再审核购房资格。（六）在限购区域范围内，购买平方米以上（不含平方米）住房，不再审核购房资格，更好满足居民改善型住房需求。（七）在限购区域范围内，购买平方米以下（含平方米）住房，须同时符合以下条件：居民家庭成员具有限购区域户籍，或户籍不在限购区域但在限购区域连续缴纳社保个月以上；新购房后，本地户籍两人及以上居民家庭在限购区域拥有自有产权住房总套数不超过套，本地户籍单身居民家庭、非本地户籍居民家庭在限购区域拥有自有产权住房总套数不超过套。在此基础上，二孩居民家庭总套数可增加套，三孩及以上居民家庭总套数可增加套。四、调整住房限价措施（八）成品住宅装修价格由企业根据市场情况自主确定（土地出让合同等有约定的除外），严格落实样板间、销售现场、装修清单等管理要求，鼓励优质优价。（九）不再执行二手住房成交参考价格发布机制。五、落实信贷支持政策（十）落实差别化住房信贷政策。人民银行四川省分行指导四川省市场利率定价自律机制研究并决议通过，调整成都市差别化住房信贷政策。（十一）优化家庭住房套数认定标准。生育多子女家庭商业贷款购买第三套住房认定为二套住房。六、调整住房税收政策（十二）个人转让住房增值税征免年限统一调整为年。七、强化市场秩序监管（十三）加强预售资金监管。加大全过程监督监管力度，督促开发企业、商业银行、购房人将预售资金全部直接存入监管账户，确保监管额度内资金专款专用于工程建设，保障建设质量，严厉打击违法违规行为，鼓励购房人参与监督，确保商品房竣工交付。（十四）持续规范房地产市场秩序。强化部门联动，健全联合执法和惩戒机制，加大市场乱象整治力度，严厉查处捂盘惜售、囤积房源、恶意炒作、哄抬房价、发布虚假信息等扰乱市场秩序的行为，保障购房人合法权益。本通知自年月日起正式实施，凡以前规定与本通知不一致的，按本通知执行。,0.023076923076923,-0.4132715044513801,0.6530520412350853,-0.0244324424791817,2023-10-16 11:28:30
成都发布新政调整住房限购限价措施月日，成都出台《关于进一步优化政策措施促进房地产市场平稳健康发展的通知》，宣布调整住房限购措施。调整后，四川天府新区直管区、成都高新区南部园区、锦江区、青羊区、金牛区、武侯区、成华区继续实施住房限购，统一为一个限购区域，其他区域不再审核购房资格。在限购区域范围内，购买平方米以上（不含平方米）住房，不再审核购房资格，更好满足居民改善型住房需求。在限购区域范围内，购买平方米以下（含平方米）住房，须同时符合以下条件：居民家庭成员具有限购区域户籍，或户籍不在限购区域但在限购区域连续缴纳社保个月以上；新购房后，本地户籍两人及以上居民家庭在限购区域拥有自有产权住房总套数不超过套，本地户籍单身居民家庭、非本地户籍居民家庭在限购区域拥有自有产权住房总套数不超过套。在此基础上，二孩居民家庭总套数可增加套，三孩及以上居民家庭总套数可增加套。同时，调整住房限价措施。成品住宅装修价格由企业根据市场情况自主确定（土地出让合同等有约定的除外），严格落实样板间、销售现场、装修清单等管理要求，鼓励优质优价。不再执行二手住房成交参考价格发布机制。此外，个人转让住房增值税征免年限统一调整为了年。,0.0538461538461538,0.7770934539122236,0.8226072006294093,0.1350287275664107,2023-10-16 15:50:16
成都调整住房限购限价措施，部分区域不再审核购房资格月日消息，成都出台《关于进一步优化政策措施促进房地产市场平稳健康发展的通知》，调整住房限购措施，四川天府新区直管区、成都高新区南部园区、锦江区、青羊区、金牛区、武侯区、成华区继续实施住房限购，统一为一个限购区域。其他区域不再审核购房资格。在限购区域范围内，购买平方米以上（不含平方米）住房，不再审核购房资格，更好满足居民改善型住房需求。调整住房限价措施，成品住宅装修价格由企业根据市场情况自主确定（土地出让合同等有约定的除外），严格落实样板间、销售现场、装修清单等管理要求，鼓励优质优价。不再执行二手住房成交参考价格发布机制。个人转让住房增值税征免年限统一调整为年。,0.023076923076923,-0.6422636904298697,0.6363071171008524,-0.0369967677948361,------
基金超话成都出台《关于进一步优化政策措施促进房地产市场平稳健康发展的通知》，调整住房限购措施，四川天府新区直管区、成都高新区南部园区、锦江区、青羊区、金牛区、武侯区、成华区继续实施住房限购，统一为一个限购区域。其他区域不再审核购房资格。在限购区域范围内，购买平方米以上（不含平方米）住房，不再审核购房资格，更好满足居民改善型住房需求。调整住房限价措施，成品住宅装修价格由企业根据市场情况自主确定（土地出让合同等有约定的除外），严格落实样板间、销售现场、装修清单等管理要求，鼓励优质优价。不再执行二手住房成交参考价格发布机制。个人转让住房增值税征免年限统一调整为年。文章来源：证券时报车辆转弯请注意，车辆转弯请注意,0.2384615384615384,-0.1064757358070901,0.4841178911222193,-0.0482198499259186,2023-10-16 12:25:00
成都调整住房限购措施成都部分区域不再审核购房资格成都出台《关于进一步优化政策措施促进房地产市场平稳健康发展的通知》，调整住房限购措施，四川天府新区直管区、成都高新区南部园区、锦江区、青羊区、金牛区、武侯区、成华区继续实施住房限购，统一为一个限购区域。其他区域不再审核购房资格。在限购区域范围内，购买平方米以上（不含平方米）住房，不再审核购房资格，更好满足居民改善型住房需求。调整住房限价措施，成品住宅装修价格由企业根据市场情况自主确定（土地出让合同等有约定的除外），严格落实样板间、销售现场、装修清单等管理要求，鼓励优质优价。不再执行二手住房成交参考价格发布机制。个人转让住房增值税征免年限统一调整为年。（财联社）四川日报的微博视频,1.0,-0.2549143416708198,1.0,-1.0,2023-10-17 18:50:56
成都调整住房限购限价措施成都：调整住房限购、限价措施部分区域不再审核购房资格财联社月日电，成都出台《关于进一步优化政策措施促进房地产市场平稳健康发展的通知》，调整住房限购措施，四川天府新区直管区、成都高新区南部园区、锦江区、青羊区、金牛区、武侯区、成华区继续实施住房限购，统一为一个限购区域。其他区域不再审核购房资格。在限购区域范围内，购买平方米以上（不含平方米）住房，不再审核购房资格，更好满足居民改善型住房需求。调整住房限价措施，成品住宅装修价格由企业根据市场情况自主确定（土地出让合同等有约定的除外），严格落实样板间、销售现场、装修清单等管理要求，鼓励优质优价。不再执行二手住房成交参考价格发布机制。个人转让住房增值税征免年限统一调整为年。,0.1384615384615384,-0.3026493603060605,0.787011434308949,-0.1293765855906253,2023-10-16 13:21:19
成都住建：关于进一步优化政策措施促进房地产市场平稳健康发展的通知据成都住建，为深入贯彻党中央、国务院决策部署，坚持“房子是用来住的，不是用来炒的”定位，适应房地产市场供求关系发生重大变化的新形势，更好满足居民合理住房需求，促进房地产市场平稳健康发展，成都市房地产市场平稳健康发展领导小组办公室印发《关于进一步优化政策措施促进房地产市场平稳健康发展的通知》。一、加大住房保障力度（一）进一步发挥好现有公共租赁住房、租赁补贴、保障性租赁住房等兜底保障作用。规划建设保障性住房，重点保障住房困难的工薪收入群体以及城市需要的人才群体。二、优化土地供应方式（二）中心城区商品住宅用地实施“竞地价”拍卖，新出让土地所建商品住房由企业根据市场情况自主定价。（三）除控制性详细规划明确的宗地内需叠建以及宗地周边绿地、道路、养老托育等公服配套设施外，原则上新出让住宅类用地不再设置配建要求。（四）调整新出让土地商业物业持有比例，在产业功能区（园区）内的，计容商业建筑面积持有比例不低于；在锦江区、青羊区、金牛区、武侯区、成华区产业功能区（园区）外的，计容商业建筑面积持有比例不低于；其他区（市）县的产业功能区（园区）外的，计容商业建筑面积持有比例，由属地政府按照相关规定制定并实施。宗地项目计容商业建筑面积持有比例部分，由区（市）县政府（管委会）自主确定自持或整体有条件转让。三、调整住房限购措施（五）四川天府新区直管区、成都高新区南部园区、锦江区、青羊区、金牛区、武侯区、成华区继续实施住房限购，统一为一个限购区域。其他区域不再审核购房资格。（六）在限购区域范围内，购买平方米以上（不含平方米）住房，不再审核购房资格，更好满足居民改善型住房需求。（七）在限购区域范围内，购买平方米以下（含平方米）住房，须同时符合以下条件：居民家庭成员具有限购区域户籍，或户籍不在限购区域但在限购区域连续缴纳社保个月以上；新购房后，本地户籍两人及以上居民家庭在限购区域拥有自有产权住房总套数不超过套，本地户籍单身居民家庭、非本地户籍居民家庭在限购区域拥有自有产权住房总套数不超过套。在此基础上，二孩居民家庭总套数可增加套，三孩及以上居民家庭总套数可增加套。四、调整住房限价措施（八）成品住宅装修价格由企业根据市场情况自主确定（土地出让合同等有约定的除外），严格落实样板间、销售现场、装修清单等管理要求，鼓励优质优价。（九）不再执行二手住房成交参考价格发布机制。五、落实信贷支持政策（十）落实差别化住房信贷政策。人民银行四川省分行指导四川省市场利率定价自律机制研究并决议通过，调整成都市差别化住房信贷政策。（十一）优化家庭住房套数认定标准。生育多子女家庭商业贷款购买第三套住房认定为二套住房。六、调整住房税收政策（十二）个人转让住房增值税征免年限统一调整为年。七、强化市场秩序监管（十三）加强预售资金监管。加大全过程监督监管力度，督促开发企业、商业银行、购房人将预售资金全部直接存入监管账户，确保监管额度内资金专款专用于工程建设，保障建设质量，严厉打击违法违规行为，鼓励购房人参与监督，确保商品房竣工交付。（十四）持续规范房地产市场秩序。强化部门联动，健全联合执法和惩戒机制，加大市场乱象整治力度，严厉查处捂盘惜售、囤积房源、恶意炒作、哄抬房价、发布虚假信息等扰乱市场秩序的行为，保障购房人合法权益。本通知自年月日起正式实施，凡以前规定与本通知不一致的，按本通知执行。,0.0538461538461538,0.180256484391846,0.4639500469778528,0.0176653618374338,2023-10-16 12:32:45
优化房地产营商环境意义重大良好的营商环境是经济高质量发展的重要保障。近期，在各地出台促进房地产市场平稳健康发展的政策措施中，无锡把优化房地产营商环境摆在了更加突出的位置。月日，江苏省无锡市房地产调控领导小组办公室发布《关于促进我市房地产市场平稳健康发展若干政策措施的通知》，内容主要有六个方面：优化土地出让政策、用足用好房地产调控工具箱、进一步满足各群体的住房需求、加快城市更新建设和推动存量改造、进一步优化营商环境和调整改进相关管理办法。,0.0307692307692307,-0.2740467464716771,0.6530520412350853,-0.0216020422334373,2023-10-16 11:03:43
武汉取消住房限购今天（月日），武汉市住房保障和房屋管理局发布进一步促进武汉市房地产市场平稳健康发展的通知，全文如下：关于进一步促进我市房地产市场平稳健康发展的通知武房发号各区人民政府，各有关单位：为贯彻落实党中央、国务院决策部署，适时调整优化房地产政策，因城施策，用好政策工具箱，更好满足居民刚性和改善性住房需求，促进全市房地产市场持续平稳健康发展。结合我市当前实际，经市人民政府同意，现就有关事项通知如下：一、取消住房限购。年月日起，取消我市二环线以内住房限购政策满足居民刚性和改善性购房需求。二、优化家庭住房贷款套数认定标准。对生育多子女家庭在购房贷款时，购买的第二套住房认定为首套住房，购买的第三套住房认定为第二套住房。对已有两套住房的家庭，在挂牌出售或出租一套的前提下新购一套住房的，购房贷款时认定为第二套住房。三、支持居民换购住房。年月日起至月日前，对出售原有住房并在半年内购买新建商品住房和购买新建商品住房后至房屋交付前出售原有住房的纳税人，由购买新建商品住房所在区财政部门对其出售原有住房已缴纳的增值税按计税价格的给予补助。四、给予购房优惠支持。年月日前，对购买首套新建商品住房的，可享受万元家电家具数字消费券或购房消费券。持续开展线上线下房交会，对房交会期间购买首套住房的，按契税应缴额度给予补助优惠，购买第二套住房的，按契税应缴额度的给予补助优惠。五、阶段性调整住房公积金贷款额度。年月日前，住房公积金缴存职工在我市购买普通自住住房的，贷款额度可按职工家庭当前可贷款额度上浮，同时不超出我市公积金贷款的最高贷款额度（即家庭首套房贷款最高可贷额度万元，家庭二套房贷款最高可贷额度万元）。贷款额度上浮政策与其他住房公积金贷款上浮政策不叠加使用。六、盘活企业资产。对土地出让合同中约定由房地产开发企业自持的商办类房屋，在不改变房屋规划用途和不影响原土地出让合同履行的情况下，经辖区政府批准同意，允许以新建商品房形式整体转让。整体转让后，原土地出让合同约定的相关权利和义务由新的受让方承担。七、加强精准供地，鼓励居住户型设计创新。结合各区新房库存情况，实施土地精准投放，加快中心城区地段好、配套齐全的住宅净地供应，加快项目审批、开工建设、上市销售。支持企业转型发展，优化住宅阳台进深、面积比例控制要求等技术规范，推进新型住宅设计创新。八、加快盘活存量用地。对已出让尚未建设且没有法律纠纷的存量国有建设用地，由辖区政府组织开展土地收回和规划优化可行性研究，报市政府同意并按程序完善相关工作后，可重新实施土地供应。存量用地收回应符合相关规定，且规划优化后，可以满足公共服务设施和基础配套设施承载力、不影响重点功能区核心功能实施。九、积极助企纾困。因疫情影响，对年月日前未按土地出让合同或储备土地开发补偿协议约定缴付土地价款的项目按照省、市相关助企纾困文件要求执行，可延期缴纳。十、建立房地产开发企业“白名单”管理。在我市注册且经营状况良好，近三年未发生债务违约行为、集团及所属企业在我市未发生过重大质量安全事故、未因自身经营原因引起群体性信访、无被法院列为“失信”“限高”记录的房地产开发企业，可以纳入“白名单”管理。在风险可控前提下，对纳入“白名单”的房地产开发企业可申请提前办理预售许可。本《通知》自发布之日起执行，由市住房保障和房屋管理局负责解释。各区可结合实际制定促进本辖区房地产市场平稳健康发展的支持政策，相关措施可与本《通知》叠加使用。武汉市住房保障和房屋管理局武汉市自然资源和规划局武汉市城乡建设局武汉市财政局武汉市商务局武汉住房公积金管理中心年月日（长江云新闻）,0.1153846153846153,-0.2677351839017603,0.650807503488696,-0.0788699626686902,2023-10-17 09:47:35
重磅无锡房地产“条”出炉刚刚，无锡市房地产调控领导小组办公室发布《关于促进我市房地产市场平稳健康发展若干政策措施的通知》。本次政策措施和以往有较大不同，政策措施对我市房地产各个方面进行了优化和调整，既有调控政策，也有土地出让、规划、开发建设、价格备案、住房体系、建筑品质等方面系列小切口政策，还涉及到了近期中央和省出台的相关政策（如城中村改造、保障房体系）。划重点政策措施主要分为六个方面：优化土地出让政策、用足用好房地产调控工具箱、进一步满足各群体的住房需求、加快城市更新建设和推动存量改造、进一步优化营商环境、调整改进相关管理办法。政策措施主要条款的解读一是优化土地出让政策。土地出让金可用保函方式代替；预申请的企业竞得地块后，可分期办理工程规划许可证；对有特殊要求的地块可以带方案挂牌或带监管协议挂牌出让。二是用足用好房地产调控工具箱。全面取消限购区域和历年来购房限制性措施，但仍保留限售政策；落实“认房不认贷”政策；降低购买首套房首付比例，首套住房商业性个人住房贷款最低首付款不低于，二套住房商业性个人住房贷款最低首付款比例不低于；指导商业银行有序下调存量房贷利率。三是进一步满足各群体的住房需求。加强各类保障房筹集和建设工作统筹，优先保障和解决新市民、青年人、新就业人群、常住人口等刚需人群的住房需求。加快推进人才房多渠道、多方式供应；支持产业园区、院校、企事业等单位集中团购商品住房解决职工住房问题。原则上不再新建拆迁安置房，建立房票购房“房源信息库”，推进房票跨区域的全城通兑使用。探索建立商品房共有产权模式，有效满足各类人才、新就业群体的住房需求。四是加快城市更新建设和推动存量改造。推动城中村改造，城中村改造项目内土地可实施综合评价出让或带设计方案出让，鼓励和支持民间资本参与。加快解决城中村公共配套设施不足等问题，切实提升百姓居住品质。引导商办资源与产业落地相结合，助力新兴产业集聚和楼宇经济发展，鼓励支持存量商办的改造利用。五是进一步优化营商环境。实行商品住房“优质优价”备案管理，给予企业更高的定价自由度。积极为企业减负，取消交付样板房需要按不同户型设置多套的规定，按备案价格标准设置一套即可；在区域平衡下，对去化周期较长、区位比较偏的开发项目，可以适当调整商品住房的成品房比例，允许毛坯销售。进一步完善二手房“带抵押”过户，推进同行和跨行“带抵押”过户，加快二手房流通。逐步推进优化土地抵押分期分幢解押方式，确保已预售的在建商品房无土地抵押，加快商品房办证时效，进一步推进交付即办证，解决好原有的办证晚、办证难问题。激励企业参与城中村连片改造、高品质住区、海绵城市、加装电梯等项目试点，对发展业绩较好、试点项目较多的企业，给予表彰奖励。进一步优化营商环境，对新出让地块周边配套设施，明确了应同步规划同步实施。六是调整改进相关管理办法。对预售监管银行实施招投标制度；进一步完善农民工工资与预售监管资金联动监管；建立开发贷与预售监管资金联动监管机制和应急情况下预售监管资金的使用与管理机制，加强监管力度。优化高品质住宅项目的标准和认定方法。进一步提升商品住房建设品质，建立竣工验收公示制，推进建筑工程质量保险，推广前期物业管理介入竣工验收开展预承接查验，试点在项目内设立房屋质量售后服务中心，督促企业做好售后质量维护。通知还明确了，相关政策措施能够直接落实的，自公布之日起实施；需要相关部门出台配套政策实施的，以相关部门的另行通知为准。通知原文如下：关于促进我市房地产市场平稳健康发展若干政策措施的通知各区人民政府、经开区管委会，各相关部门：为深入贯彻落实中央和省有关工作要求，全面落实好市委市政府《关于促进全市经济持续回升向好努力走在前做示范多作贡献的若干政策措施》（锡委发号），持续推动我市房地产市场平稳健康发展，现就有关工作要求通知如下：一、优化土地出让政策进一步完善使用银行保函缴纳竞买保证金政策，支持房地产开发企业使用见索即付银行保函作为参与土地竞买的履约保证方式；预申请的企业竞得地块后，可分期办理工程规划许可证。对城市更新重点片区、有特殊要求的重点地块可采取带方案挂牌的方式；对市重大项目可采取带监管协议挂牌的方式。二、用足用好房地产调控工具箱全市域取消限购政策。将经开区太湖街道、华庄街道移出限购区域；取消现有的购房限制性措施，居民家庭（含非本市户籍居民家庭）在市区范围内购买商品住房（含二手住房）的，房地产企业、房地产经纪机构不再对购房资格进行核验；取消企事业单位购买新建商品住房的套数限制。落实“认房不认贷”政策。居民家庭（包括借款人、配偶及未成年子女）申请贷款购买商品住房时，家庭成员在我市名下无成套住房的，不论是否已利用贷款购买过住房，银行业金融机构均按首套住房执行住房信贷政策。降低购买首套房首付比例。按照人民银行、国家金融监管总局关于调整优化差别化住房信贷政策的通知，对于贷款购买商品住房的居民家庭，首套住房商业性个人住房贷款最低首付款不低于，二套住房商业性个人住房贷款最低首付款比例不低于。指导商业银行有序下调存量房贷利率。三、进一步满足各类群体的住房需求进一步加强各类保障房筹集和建设工作统筹，优先保障和解决新市民、青年人、新就业人群、常住人口等刚需人群的住房需求。加快推进人才房多渠道、多方式供应，对各类人才实施分档分类购房补贴；支持产业园区、院校、企事业等单位集中团购商品住房解决职工住房问题。进一步落实房票购房政策，原则上不再新建拆迁安置房。建立房票购房“房源信息库”，推进房票全城通兑，有效满足被征收群众多样化安置需求。采取租售并举、租售一体的方式，探索建立商品房共有产权模式，有效满足各类人才、新就业群体的住房需求。四、加快城市更新建设，推动存量改造推动城中村改造工作。实施区域统筹和成片开发，积极创新改造模式，鼓励和支持民间资本参与；城中村改造项目内土地可实施综合评价出让或带设计方案出让；促进各种新业态发展，实现可持续运营；加快解决公共配套设施不足等问题，切实提升百姓居住品质。促进商办市场良性发展。优化商办用地供应时序和布局，引导商办资源与产业落地相结合，助力新兴产业集聚和楼宇经济发展；鼓励支持存量商办的改造利用。五、进一步优化营商环境实行商品住房“优质优价”备案管理。优化商品住房价格备案流程，给予企业更高的定价自由度；取消交付样板房需要按不同户型设置多套的规定，按备案价格标准设置一套即可；在区域平衡下，对去化周期较长、区位比较偏的开发项目，可以适当调整商品住房的成品房比例，允许毛坯销售。优化行政审批服务时限。对所有房地产企业的各项行政服务承诺办结时限在法定办结时限的基础上压缩以上；支持新建项目在申领商品房预销售证时，可按施工形象进度或投资额进度两种方式进行办理；进一步压缩商品房预销售许可办理时间，满足条件的即时即办。进一步完善二手房“带抵押”过户。推进同行和跨行“带抵押”过户；增加二手房交易资金监管服务银行，由原先的家扩容至家。优化土地抵押分期分幢解押方式。确保已预售的在建商品住房无土地抵押，加快商品住房办证时效，进一步推进交付即办证。支持房地产企业总部（或区域总部）落户无锡；激励企业参与城中村连片改造、高品质住区、海绵城市、加装电梯等项目试点。对发展业绩较好、试点项目较多的企业，由市政府给予表彰奖励。对新出让地块周边配套设施，应同步规划同步实施。加快推进既有在建项目教育配套设施方案落实；对新建项目，教育配套设施具备条件的应在土地出让前公布，最晚应在首次预售之前明确实施方案；周边规划道路命名原则上应在项目领取规划许可证后一个月内完成。六、调整改进相关管理办法优化商品房预售监管资金管理办法。对预售监管银行实施招投标制度；进一步完善农民工工资与预售监管资金联动监管；建立开发贷与预售监管资金联动监管机制和应急情况下预售监管资金的使用与管理机制。优化高品质住宅项目认定标准。进一步优化高品质住宅的容积率、层高、车位配比、建筑风貌、绿色建筑、施工工艺等指标，高品质住宅的认定采用专家对各项指标综合评定方式来确定。实施商品住房建设品质提升行动。建立竣工验收公示制，推进建筑工程质量保险，推广前期物业管理介入竣工验收开展预承接查验，试点在项目内设立房屋质量售后服务中心。各地区各部门要加强统筹协调，因地制宜、灵活施策，进一步细化政策落地的配套措施，加大各类群体住房需求保障，合力提升营商环境，促进房地产市场平稳健康发展。本通知相关政策措施能够直接落实的，自公布之日起实施；需要相关部门出台配套政策实施的，以相关部门的另行通知为准。无锡市房地产调控领导小组办公室年月日（来源：无锡市住房和城乡建设局网站、江南晚报）,0.0461538461538461,0.1672965274452953,0.6697969653693183,0.0202882099378459,2023-10-24 19:51:07
锡锡相关无锡取消限购区域和历年来购房限制性措施仍保留限售政策刚刚，无锡市房地产调控领导小组办公室发布《关于促进我市房地产市场平稳健康发展若干政策措施的通知》。政策措施主要分为六个方面：优化土地出让政策、用足用好房地产调控工具箱、进一步满足各群体的住房需求、加快城市更新建设和推动存量改造、进一步优化营商环境、调整改进相关管理办法。全面取消限购区域和历年来购房限制性措施，但仍保留限售政策；落实“认房不认贷”政策；降低购买首套房首付比例，首套住房商业性个人住房贷款最低首付款不低于，二套住房商业性个人住房贷款最低首付款比例不低于；指导商业银行有序下调存量房贷利率。（无锡市住房和城乡建设局网站、吾爱吾锡）无锡全面取消房地产限购,0.0307692307692307,-0.9184371135022528,0.6363071171008524,-0.0705405067082027,2023-10-19 13:13:10
限购会从此退出历史舞台吗为支持刚性和改善性购房需求，进一步提振市场信心，各地楼市政策落地节奏加快。月以来全国已有超省市优化楼市政策，同时，越来越多的城市跟进解除限购限售政策。限购作为有形之手对市场的干预，在特殊时期、特殊阶段、特殊情况下确实发挥了非常重要的作用。如果没有限购政策，今天的房价，可能更加没谱，房企的负债，也会更多，市场的风险，则更大。在退出限购政策的同时，必须对限购政策的作用予以正确的评估和评价，而不应当否认限购政策对房地产市场的正面作用，更不能认为限购政策对房地产市场有什么负面影响。也许有人会认为，限购政策限制了刚需，也限购了市场的正常交易。显然，这是非常错误的，也是机械教条的。限购政策的作用，就是防止炒房，防止房产投机，而不是限制刚需。真正的刚需，并不在限购政策调控范畴，也没有受到消费限制。尤其在房地产市场十分火爆时，如果没有限购政策的及时出手，有些城市可能就会从“火爆”快速转向“雷暴”，爆发严重的房地产市场风险，甚至出现美国那样的次贷危机。肯定限购的作用，既是理性的，也是客观的，更是公正的。今天的房地产市场，能够处于比较平稳的格局，广大居民也可以不再为房价的过快上涨而担忧，不再为了买房而负债累累，不再对房地产市场心存恐惧心理，与限购政策的出台是密不可分的，是限购政策让炒房行为得到有效遏制。那么，限购政策是否可以全面退出，甚至退出历史舞台呢？笔者认为，限购政策确实已经到了全面退出的时刻了，退出历史舞台的条件，也基本具备。今后，再出台限购政策的可能性已经越来越小，甚至几乎没有什么可能了。首先，“房住不炒”定位，让限购政策失去了应有的作用，也让限购政策没有存在的价值。所谓“房住不炒”，就是明确房子的属性是居住，而不是炒作或投机。只要坚持“房子是用来住的、不是用来炒的”定位，就不能容忍对房子的炒作行为，就要打击，就得遏制。自然，要不要限购政策也就不重要了。限购的目的也是为了遏制炒房，“房住不炒”定位是非常明确的遏制炒房要求。如果继续存在炒房现象，就是与“房住不炒”定位对着干，就得打击和整治。房子必须回归居住属性，也只能回归居住属性。房子只要回归到居住属性，限购政策也就无用武之地了。其二，全面退出限购政策，并不是限购政策出现了问题，而是市场出现了变化，是市场不再属于政策主导型，而是市场主导型。所谓的市场主导，就是由广大居民根据其购房意愿决定市场走向，购房热情高，市场交易多，房价也可能出现同步上涨。反之，则市场交易量下降，房价也随之下跌。而目前的居民购房意愿，已经不足以支撑房价的快速上涨，不足以让市场再次出现供不应求现象。没有供不应求，房价就不可能上涨，而可能下跌。那么，继续实施限购政策，既没有效果，也没有意义，更不符合市场化需要，不适应市场变化。在这样的情况下，全面退出限购政策，也就十分正常，也是一种趋势。第三，限购政策是否已经到了退出历史舞台的时刻，有没有可能再次出台限购政策。我们的观点是，限购政策退出历史舞台的条件已经成熟，时机也已经到来。因为，限购政策作为一种行政手段，只有在无形之手没有能力对市场实施有效调节的情况下才能使用。出台限购政策，就是因为地方过于追求房地产市场火热、过于追求土地出让收入、过于在乎房价上涨，理性的想法当然是让地方冷静、让市场稳定、让房价平静。什么手段最有效，当然是限购。只要市场不再出现炒作现象，房价就会很快平稳。因此，只要不再出现地方用行政手段过于干预市场、推动房价上涨现象，限购政策也不会再出现在房地产市场。这是市场的进步，也是购房者的胜利，购房者用理性让市场平稳，用市场平稳让房价不再快速上涨，让房价不再快速上涨与消费者需求建立平衡关系，最终让限购等行政手段不再出现在房地产市场，并退出历史舞台。尽管如此，房地产市场并没有完全达到完全平稳的状态，今后，仍然会出台一些调控手段和调节措施。但是，像限购等十分强硬的政策手段，应当不会再有。对广大居民来说，已经有足够的力量对付房价的上涨，也有足够的手段对付开发商和炒房者，那就是等待观望或停止购房，那么，无论是购房者还是炒房者，就只能老老实实地按照市场规律办事。,0.023076923076923,0.2877814258285525,0.6697969653693183,0.0174497644170512,2023-10-17 23:46:40
月日地产新闻联播上海房地产交易中心调研“认房不认贷”落地效果南京优化土地出让政策取消两项预售限制港股内房股午后飙升亿达中国涨幅更多内容，请观看视频中国房地产报信息的微博视频,0.0076923076923076,-0.6590844408273984,0.6530520412350853,-0.012988267612608,------
实时快报：多地优化土地出让条件业内：对房企销售去化形成利好云财经讯，近日，江苏南京、浙江嘉兴等地区相继出台了一系列优化土地市场的政策，旨在加快房地产项目的开发和上市进程，以减轻房企在开发资金方面的压力。其中一些地区强调增加优质地块的出让比例，减少非优质地块的出让数量。业内人士认为，这一举措对于房企销售去化形势非常有利，同时也能够吸引房企积极参与土地竞拍。,0.0153846153846153,0.9144723379896132,0.6363071171008524,0.0351179961829056,2023-10-16 09:57:16
南京市优化土地出让政策：缩短项目开发上市周期，取消两项预售限制今日看盘股超话月日，南京市规划和自然资源局发布关于进一步优化土地市场服务管理的通知，通知指出，在缩短项目开发上市周期方面，为加快项目上市节奏，南京市取消相关调控政策。取消《关于进一步完善住宅用地出让工作的通知》中的“在竞得土地后个月内，住宅部分不得申领预售许可证”的要求；取消《关于加强我市住宅类用地出让管理有关工作的通知》中的“网上交易达到最高限价须通过摇号确定竞得人的地块，对商品住宅预售条件提高至完成工程建设总投资”的要求。（南京市规划和自然资源局官网）茅台巧克力即将上线,0.0307692307692307,0.9114111469085282,0.7137202529737535,0.0785171858812276,------
