文本,宏观集群密度,帖子平均情绪值,宏观集群信任度值,群体情绪指数1,时间
杭州调整住房限购范围据“杭州住保房管”公众号消息，今天，杭州市房地产市场平稳健康发展领导小组办公室发布《关于优化调整房地产市场调控措施的通知》。《通知》明确优化住房限购政策，将本市住房限购范围调整为上城区、拱墅区、西湖区、滨江区。本市户籍家庭在本市限购范围内限购套住房；非展开,0.078853046594982,-0.0572224000264574,0.6227798670877523,-0.0282636926232856,2023-02-20 10:26:12
杭州市最新楼市文件，几乎全面放开限购了。新政策后，就只有四个区进行限购了。但是所谓的限购是：在限购区内，本市户口可以最多购买两套，外地户口只要有过社保和纳税记录就可以购买一套。所以几乎全部放开了，目前的限购政策已经没有任何威力了。我早几天就在说杭州亚运会后是一定会放开的，果不其然。杭州调整住房限购范围杭州优化调整房地产市场调控措施,0.4874551971326165,0.160295799056721,0.6079499262374652,0.4777871290242472,2023-02-20 10:23:28
房地产杭州松绑限购。作为去杭州买卖过的外地人，说几句：除上城西湖拱墅滨江之外全部打开限购。但实际上，杭州楼市最有价值的，是这四区的限价新盘；其余完全放开限购。其中唯二有价值的，奥体未来科技城。用意很明显，这两个明星板块吸引外地人。和西安的奥体高新一样，提升楼市热度，推动市场；摇号弃选弃购，不再限制购房登记。直到你满意的买到房为止。杭州今年小阳春短暂虚火，二手又继续阴跌。急需外地新鲜血液；杭州不限购的片区，结合多的规划供应量，大部分短期都没有投资价值。杭州优化调整房地产市场调控措施,0.3082437275985663,0.0355278644320622,0.5973738423284111,0.0657990075416114,2023-02-20 10:00:28
杭州优化调整房地产市场调控措施杭州楼市出政策了但核心是保卖地，不是保二手房价呀。我预测杭州绝大多数二手向下的趋势不变。真正利于杭州杭州政策的只有三个：不限购，放开准入，低首付比例。（但是这个影响程度非常小，现在限购也部分区域放开了，低首付也来了）。核心是减少土地供应。展开,0.03584229390681,-0.0208741786876445,0.7127476465785745,-0.0053635307617068,2023-02-20 09:48:09
杭州限购范围调整为上城区、拱墅区、西湖区、滨江区为认真贯彻落实党中央、国务院决策部署，坚持房子是用来住的、不是用来炒的定位，适应房地产市场供求关系发生重大变化的新形势，持续加大保障性住房建设和供给力度，更好满足刚性和改善性住房需求，促进房地产市场平稳健康发展，今天，杭州市房地产市场平稳健康发展领导小组办公室发布《关于优化调整房地产市场调控措施的通知》（以下简称《通知》），从加大保障性住房建设和供给、优化住房限购政策、加强住房信贷支持力度、优化住宅用地供应、强化预售资金监管、规范房地产市场秩序等方面进一步完善房地产市场调控。《通知》明确加大保障性住房建设和供给，提高保障性住房在住房总供给中的比例，加快解决工薪收入群体住房困难，推动建立房地产业转型发展新模式。《通知》明确优化住房限购政策，将本市住房限购范围调整为上城区、拱墅区、西湖区、滨江区。本市户籍家庭在本市限购范围内限购套住房；非本市户籍家庭在本市市区范围内有缴纳城镇社保或个人所得税记录的，在本市限购范围内限购套住房。此外，对参与本市限购范围内住房司法拍卖的竞买人，取消“须符合本市住房限购政策”限制。网页链接,0.003584229390681,0.541998486868593,0.7052450397724843,0.0137798249748552,2023-02-20 09:44:42
杭州优化调整房地产市场调控措施将本市住房限购范围调整为上城区、拱墅区、西湖区、滨江区月日，据“杭州住保房管”公众号消息，今天，杭州市房地产市场平稳健康发展领导小组办公室发布《关于优化调整房地产市场调控措施的通知》。《通知》明确优化住房限购政策，将本市住房限购范围调整为上城区、拱墅区、西湖区、滨江区。本市户籍家庭在本市限购范围内限购套住房；非本市户籍家庭在本市市区范围内有缴纳城镇社保或个人所得税记录的，在本市限购范围内限购套住房。此外，对参与本市限购范围内住房司法拍卖的竞买人，取消“须符合本市住房限购政策”限制。,0.003584229390681,-0.8486929359320601,0.7127476465785745,-0.0218068012985306,2023-02-20 09:41:43
杭州房产政策调整：非杭州户籍凭社保个税缴纳记录限购套房月日，杭州市房地产市场平稳健康发展领导小组办公室发布《关于优化调整房地产市场调控措施的通知》，从加大保障性住房建设和供给、优化住房限购政策、加强住房信贷支持力度、优化住宅用地供应、强化预售资金监管、规范房地产市场秩序等方面进一步完善房地产市场调控。杭州住房限购范围调整为上城区、拱墅区、西湖区、滨江区。本市户籍家庭在本市限购范围内限购套住房；非本市户籍家庭在本市市区范围内有缴纳城镇社保或个人所得税记录的，在本市限购范围内限购套住房。此外，对参与本市限购范围内住房司法拍卖的竞买人，取消“须符合本市住房限购政策”限制。都市快报,0.3548387096774194,-0.2290052944707881,0.6524872968933904,-0.5332837688812153,2023-02-20 09:27:31
微互动丨你会在杭州买房吗？杭州优化调整房地产市场调控措施，杭州调整限购范围，你会在杭州买房吗？杭州调整住房限购范围,1.0,-0.1655397449273832,0.5873868250103298,-0.9779941862366722,2023-02-20 09:26:20
重磅杭州优化调整房地产市场调控措施杭州调整限购范围今天，杭州市房地产市场平稳健康发展领导小组办公室发布《关于优化调整房地产市场调控措施的通知》，从加大保障性住房建设和供给、优化住房限购政策、加强住房信贷支持力度、优化住宅用地供应、强化预售资金监管、规范房地产市场秩序等方面进一步完善房地产市场调控。详情戳关于优化调整房地产市场调控措施的通知（资料市住保房管局）,0.1326164874551971,0.5045216202778564,0.7423534968773884,0.4995717267390573,2023-02-20 09:15:33
杭州优化调整房地产市场调控措施今天，杭州市房地产市场平稳健康发展领导小组办公室发布《关于优化调整房地产市场调控措施的通知》，从加大保障性住房建设和供给、优化住房限购政策、加强住房信贷支持力度、优化住宅用地供应、强化预售资金监管、规范房地产市场秩序等方面进一步完善房地产市场调控。中国蓝新闻,0.1505376344086021,0.660457874578654,1.0,1.0,2023-02-20 09:05:41
杭州限购由个区调整为个区今天（月日），杭州发布《关于优化调整房地产市场调控措施的通知》，明确从加大保障性住房建设和供给、优化住房限购政策、加强住房信贷支持力度、优化住宅用地供应、强化预售资金监管、规范房地产市场秩序等方面进一步完善房地产市场调控。《通知》明确优化住房限购政策，将本市住房限购范围调整为上城区、拱墅区、西湖区、滨江区。本市户籍家庭在本市限购范围内限购套住房；非本市户籍家庭在本市市区范围内有缴纳城镇社保或个人所得税记录的，在本市限购范围内限购套住房。此外，对参与本市限购范围内住房司法拍卖的竞买人，取消“须符合本市住房限购政策”限制。,0.025089605734767,-0.231432063777155,0.6369617857012858,-0.037199793831432,2023-02-20 08:59:38
杭州楼市松绑继续“挤牙膏”，杭州优化调整房地产市场调控措施,0.03584229390681,-0.0223373514957134,0.5675345525874327,-0.0045701407185545,2023-02-20 08:58:13
杭州调整限购范围中国蓝新闻记者了解到，杭州将本市住房限购范围调整为上城区、拱墅区、西湖区、滨江区。本市户籍家庭在本市限购范围内限购套住房；非本市户籍家庭在本市市区范围内有缴纳城镇社保或个人所得税记录的，在本市限购范围内限购套住房。此外，对参与本市限购范围内住房司法拍卖的竞买人，取消“须符合本市住房限购政策”限制。杭州优化调整房地产市场调控措施,0.086021505376344,0.3247580080582067,0.978231222411174,0.2748642249900342,2023-02-20 09:21:54
杭州限购政策调整月日，杭州市房地产市场平稳健康发展领导小组办公室发布《关于优化调整房地产市场调控措施的通知》：限购范围调整为上城区、拱墅区、西湖区、滨江区。本市户籍家庭在本市限购范围内限购套住房；非本市户籍家庭在本市市区范围内有缴纳城镇社保或个人所得税记录的，在本市限购范围内限购套住房。此外，对参与本市限购范围内住房司法拍卖的竞买人，取消“须符合本市住房限购政策”限制。详情戳杭州优化调整房地产市场调控措施，更好满足刚性和改善性住房需求,0.2724014336917563,0.0893258549920262,0.6735839157566951,0.1648496651584108,2023-02-20 08:51:07
杭州调整房地产市场调控措施财联社月日电，据“杭州住保房管”公众号消息，今天，杭州市房地产市场平稳健康发展领导小组办公室发布《关于优化调整房地产市场调控措施的通知》。《通知》明确优化住房限购政策，将本市住房限购范围调整为上城区、拱墅区、西湖区、滨江区。本市户籍家庭在本市限购范围内限购套住房；非本市户籍家庭在本市市区范围内有缴纳城镇社保或个人所得税记录的，在本市限购范围内限购套住房。此外，对参与本市限购范围内住房司法拍卖的竞买人，取消“须符合本市住房限购政策”限制。,0.050179211469534,0.5075623534236993,0.9472755289749816,0.2426606426306665,2023-02-20 13:46:17
刚刚，杭州优化调整房地产市场调控措施，调整住房限购政策。,0.007168458781362,0.0001786967572594,0.7052450397724843,9.086409273337073e-06,2023-02-20 13:22:33
杭州优化调整房地产市场调控措施将本市住房限购范围调整为上城区、拱墅区、西湖区、滨江区财联社月日电，据“杭州住保房管”公众号消息，今天，杭州市房地产市场平稳健康发展领导小组办公室发布《关于优化调整房地产市场调控措施的通知》。《通知》明确优化住房限购政策，将本市住房限购范围调整为上城区、拱墅区、西湖区、滨江区。本市户籍家庭在本市限购范围内限购套住房；非本市户籍家庭在本市市区范围内有缴纳城镇社保或个人所得税记录的，在本市限购范围内限购套住房。此外，对参与本市限购范围内住房司法拍卖的竞买人，取消“须符合本市住房限购政策”限制。,0.1362007168458781,-0.2405107282359747,0.7923171403987297,-0.2610493932678043,2023-02-20 09:13:38
杭州优化调整房地产市场调控措施，更好满足刚性和改善性住房需求今天，杭州市房地产市场平稳健康发展领导小组办公室发布《关于优化调整房地产市场调控措施的通知》，从加大保障性住房建设和供给、优化住房限购政策、加强住房信贷支持力度、优化住宅用地供应、强化预售资金监管、规范房地产市场秩序等方面进一步完善房地产市场调控。一起来看杭州优化调整房地产市场调控措施，更好满足刚性和改善性住房需求,0.010752688172043,0.5598152274808982,0.910219416725912,0.0551083800501954,2023-02-20 09:33:44
杭州优化调整房地产市场调控措施今天，杭州市房地产市场平稳健康发展领导小组办公室发布《关于优化调整房地产市场调控措施的通知》，从加大保障性住房建设和供给、优化住房限购政策、加强住房信贷支持力度、优化住宅用地供应、强化预售资金监管、规范房地产市场秩序等方面进一步完善房地产市场调控。杭州调整限购范围杭州调整住房限购范围,0.4301075268817204,0.0024838142838726,0.6473694338744161,0.0069559770953299,2023-02-20 09:13:02
晚安郑州中牟多子女家庭购房最高补贴万深圳国资委：必要时通过一切可能手段支持万科联合国已有名雇员在加沙丧生更多晚间新闻戳网页链接,0.04,0.2890232684151176,0.6666666666666666,0.0548137811428976,2023-02-20 08:53:12
最高万中牟发布多子女家庭购房补贴办法月日，中牟发布多子女家庭购房补贴办法。符合国家生育政策生育二孩、三孩且子女未成年的家庭，年月日至年月日（含起止日）期间，在中牟县范围购买新建商品住房（不含安置房、公租房、经适房）并完成契税缴纳（以购房合同网签时间为准）。展开,0.06,-0.4261991218682854,0.6666666666666666,-0.1212441416091953,------
最高万中牟发布多子女家庭购房补贴办法根据市住房保障局、市财政局等部门联合印发的《关于进一步促进房地产市场平稳健康发展的通知》（郑房号），为落实多子女家庭购房补贴政策，做好多子女家庭购房补贴申领、发放等工作，更好满足辖区居民刚性和改善性住房需求，现就我县多子女家庭购房补贴办法通告如下：适用范围符合国家生育政策生育二孩、三孩且子女未成年的家庭，年月日至年月日（含起止日）期间，在中牟县范围购买新建商品住房（不含安置房、公租房、经适房）并完成契税缴纳（以购房合同网签时间为准）。补贴标准二孩家庭给予一次性万元套的购房补贴；三孩家庭给予一次性万元套的购房补贴。申请程序按照“购房人申请、完成审核、依次发放”的原则，按照下列程序申请。自通告发布之日起，补贴范围内的购房业主本人，可携带申报材料到中牟县房产大厦政务服务中心一楼大厅办理（咨询电话：）；收到申请后个工作日内完成审核；依据核准结果将补贴资金全额拨付至申请人个人账户。申报材料多子女家庭购房补贴申请表；身份证（验原件，收复印件）；户口簿（验原件，收复印件）；夫妻二人结婚证复印件（验原件，收复印件）；网签备案的《商品房买卖合同》（验原件，收“买卖合同信息备案摘要”页复印件）；契税完税凭证（验原件，收复印件）；购房人银行卡（复印件）。有关事项提出申请购房补贴，申请人必须是购房人本人，购房补贴以货币形式一次性发放，每个家庭只能享受一次。购房补贴资金申领受理期限自通告发布之日至年月日截止。凡是符合申请补贴条件的购房者，在规定时间内未申领补贴的，一律不再办理。补贴发放后，如出现退房、退款等解除《商品房买卖合同》的情况，应在《商品房买卖合同》解除前，按照申请途径自行退回购房补贴。对不配合退回购房补贴的，按有关规定处理并依法纳入个人征信系统。在办理补贴申请时，购房人提供虚假材料、虚假冒领、骗取财政补贴的，一经查实，按有关规定处理，构成犯罪的，移交司法机关处理。郑州市发布消费提醒,0.08,0.3619008847110136,0.6666666666666666,0.1372703035208837,2023-02-20 08:49:54
河南周口出台购房补贴新政近日，周口市住建部门发布“关于办理周口市中心城区商品住房购房补贴的公告”，将多个群体纳入购房补贴范围，进一步激活购房消费。公告中提到，对有未成年子女的二孩、三孩家庭群体，分别给予二孩元补贴、三孩元补贴；三年内新毕业的本科生、大专生，分别给予展开,0.08,0.1497155358812435,0.7333333333333333,0.0624664036825524,2023-02-20 09:04:39
郑州一地多孩家庭购房每套最高补贴万郑州高新区发布多子女家庭购房补贴办法最高补贴万元套近日，郑州高新技术产业开发区管委会发布关于年多子女家庭购房补贴办法的通告。对于符合国家生育政策生育二孩、三孩且子女未成年的家庭，年月日至年月日（含起止日）期间，在高新区范围购买新建商品住房（不含安置房、公租房、经适房）并完成契税缴纳（以购房合同网签时间为准）的，二孩家庭给予一次性万元套的购房补贴；三孩家庭给予一次性万元套的购房补贴。,0.1,-0.0948790238892475,1.0,-0.0674774138303202,2023-02-20 08:28:59
郑州高新区多孩家庭购房每套最高补贴万郑州高新区发布多子女家庭购房补贴办法最高补贴万元套据“郑州高新发布”，近日，郑州高新技术产业开发区管委会发布关于年多子女家庭购房补贴办法的通告。对于符合国家生育政策生育二孩、三孩且子女未成年的家庭，年月日至年月日（含展开,0.04,0.5297450424929182,0.7999999999999999,0.1205605167222847,2023-02-20 08:05:01
郑州高新区多孩家庭购房每套最高补贴万郑州高新区发布多子女家庭购房补贴办法最高补贴万元套据“郑州高新发布”，近日，郑州高新技术产业开发区管委会发布关于年多子女家庭购房补贴办法的通告。对于符合国家生育政策生育二孩、三孩且子女未成年的家庭，年月日至年月日（含起止日）期间，在高新区范围购买新建商品住房（不含安置房、公租房、经适房）并完成契税缴纳（以购房合同网签时间为准）的，二孩家庭给予一次性万元套的购房补贴；三孩家庭给予一次性万元套的购房补贴。,0.28,-0.3184561553727192,0.817457462789712,-0.518395309383231,2023-02-20 14:36:59
湖北大冶：购房补贴政策基础上三孩家庭可再获元平米奖补财联社月日电，湖北省黄石市大冶市出台《关于推进以县城为重要载体的新型城镇化建设，进一步促进我市房地产市场平稳健康发展的若干措施》，涉及购房补贴、支持多子女家庭购房等项措施。《措施》提出，对大冶市社区居民在大冶城区购买首套新建普通商品住房建筑面积平方米以下的，给予元平方米补贴。对政策执行期限内，生育二孩、三孩家庭购买新建商品住房的，在享受购房款补贴政策基础上，再分别给予元平方米、元平方米奖补。,0.62,0.1857545934600711,0.6364401183415713,0.5212871513860262,2023-02-20 13:57:27
湖北大冶三孩家庭可多获元每平米奖补据微信公众号“大冶发布”消息，近日，湖北省黄石市大冶市出台《关于推进以县城为重要载体的新型城镇化建设，进一步促进我市房地产市场平稳健康发展的若干措施》，涉及购房补贴、支持多子女家庭购房等项措施。《措施》有效期年，执行期限为年月日至年月日。《措施》提出，对本市社区居民在大冶城区购买首套新建普通商品住房（建筑面积平方米以下）的，给予元平方米补贴。对非大冶户籍人员在本市购买首套新建普通商品住房（建筑面积平方米以下）的，给予元平方米补贴；对本市农村居民在大冶城区、建制镇购买首套新建普通商品住房（建筑面积平方米以下）的，分别给予元平方米、元平方米补贴，并享受同等教育、就业、医疗、养老等待遇。文件还提出，对政策执行期限内，生育二孩、三孩家庭购买新建商品住房的，在享受购房款补贴政策基础上，再分别给予元平方米、元平方米奖补。,1.0,0.1741043037559642,0.8076110863473916,1.0,2023-02-20 10:07:56
最高万一次性发放高新区发布多子女家庭购房补贴办法根据市住房保障局、市财政局等部门联合印发的《关于进一步促进房地产市场平稳健康发展的通知》（郑房号），为落实多子女家庭购房补贴政策，做好多子女家庭购房补贴申领、发放等工作，更好满足辖区居民刚性和改善性住房需求，展开,0.22,-0.2843317085893377,0.6483616490260496,-0.2884386903557897,2023-02-20 08:21:15
最高万一次性发放高新区发布多子女家庭购房补贴办法根据市住房保障局、市财政局等部门联合印发的《关于进一步促进房地产市场平稳健康发展的通知》（郑房号），为落实多子女家庭购房补贴政策，做好多子女家庭购房补贴申领、发放等工作，更好满足辖区居民刚性和改善性住房需求，现就我区多子女家庭购房补贴办法通告如下：一、适用范围符合国家生育政策生育二孩、三孩且子女未成年的家庭，年月日至年月日（含起止日）期间，在高新区范围购买新建商品住房（不含安置房、公租房、经适房）并完成契税缴纳（以购房合同网签时间为准）。二、补贴标准二孩家庭给予一次性万元套的购房补贴；三孩家庭给予一次性万元套的购房补贴。三、申请程序按照“购房人申请、完成审核、依次发放”的原则，按照下列程序申请。（一）自通告发布之日起，补贴范围内的购房业主本人，可携带申报材料到郑州高新区政务服务中心二楼号窗口办理（咨询电话：）。（二）收到申请后个工作日内完成审核。（三）依据核准结果将补贴资金全额拨付至申请人个人账户。四、申报材料多子女家庭购房补贴申请审核表（原件，一式三份）身份证（验原件，收复印件）户口簿（验原件，收复印件）夫妻二人结婚证复印件（验原件，收复印件）子女出生医学证明（验原件，收复印件）子女生育证或生育登记服务证（验原件，收复印件）网签备案的《商品房买卖合同》（验原件，收“买卖合同信息备案摘要”页复印件）契税完税凭证（验原件，收复印件）购房人银行卡（复印件）五、有关事项提出申请购房补贴，申请人必须是购房人本人，购房补贴以货币形式一次性发放，每个家庭只能享受一次。购房补贴资金申领受理期限自通告发布之日至年月日截止。凡是符合申请补贴条件的购房者，在规定时间内未申领补贴的，一律不再办理。补贴发放后，如出现退房、退款等解除《商品房买卖合同》的情况，应在《商品房买卖合同》解除前，按照申请途径自行退回购房补贴。对不配合退回购房补贴的，按有关规定处理并依法纳入个人征信系统。在办理补贴申请时，购房人提供虚假材料、虚假冒领、骗取财政补贴的，一经查实，按有关规定处理，构成犯罪的，移交司法机关处理。,0.14,-0.0145225647423137,0.7333333333333333,-0.0106037872163992,2023-02-20 13:17:03
上海金山区非沪籍人才购房资格调整为个人谁买在金山啊。。。,0.0326797385620915,0.9688164236674328,0.7897111319832301,0.0712953572045559,2023-02-20 08:34:01
上海金山区非沪籍人才购房资格调整为个人咱能不能别挤牙膏，大大方方的放开不好吗？,0.1411764705882353,0.2459890271596593,0.5642818438283501,0.0558787979747004,------
上海金山区非沪籍人才社保满年可购套房上海金山区非沪籍人才购房资格调整为个人月日，上海金山区出台人才安居新政。根据区域转型发展和产城融合需要确定金山区重点转型区域人才购房政策实施范围，包括滨海城区、高新社区以及亭枫社区三个重点区域，共计平方公里。方案提出，要聚焦重展开,0.0169934640522875,0.4735936359471521,0.558687280273452,0.0128212238289699,2023-01-29 19:35:39
上海金山区非沪籍人才购房资格调整为个人单身乐园吗？,0.0026143790849673,-0.2792695160061365,0.7897111319832301,-0.0016441191056303,------
上海金山区非沪籍人才社保满年可购套房上海金山区非沪籍人才购房资格调整为个人为深入落实《关于加快推进南北转型发展的实施意见》中关于“人才安居置业优选地”的工作要求，促进产城融合、实现职住平衡，月日，金山区出台人才安居新政。其中提到，要推动建立与职住平衡相适应的多主体供应、多渠道保障、租购并举的人才安居体系，将“分层次、有梯度”的人才住房政策作为集聚人才、留住人才的重要抓手。方案提出，要通过集中新建、商品房配建、非居住房屋改建转化、企业自筹等方式，多渠道筹措人才公寓房源，重点在产业集中、商务集聚等交通便捷、生产生活便利的区域选址布局。到“十四五”期末，争取金山区人才公寓房源规模达到万套以上。方案提出，要聚焦重点行业，实行人才积分认定管理，对符合一定积分标准的人才分类给予租房补贴；聚焦高层次人才，实行分等定级管理，对符合一定认定标准的人才分类给予购房补贴。同时，结合城镇布局、产业规划和转型需求，划定重点转型区域人才购房政策实施范围。经区人才管理部门认定，同时符合单位条件、个人条件以及工作年限条件的非本市户籍人才，按规定在沪缴纳职工社会保险或个人所得税年及以上、且在本市无住房的，可购买套住房，同时购房资格由居民家庭调整为个人。据悉，该方案的制定主要基于以下三个方面的考虑，一是紧扣金山区功能布局调整和经济结构升级需求，按照“智造集聚、文旅赋能、门户枢纽、生态宜居”的总体要求，聚焦重点产业、重大项目和社会事业等各类人才安居需求，推动区域职住平衡。二是以稳定就业、改善居住为导向，稳妥有序推进满足人才刚性住房需求，租购并举，营造人才安居宜居住房环境，保持区域内房地产市场供需平衡。三是坚持系统思维和整体观念，统筹区域经济和社会发展重点，系统谋划产业发展、人才建设和住房服务等多方面工作，突出产城融合，强化条块结合和部门协作，合力推进人才安居宜居。上海金山：非沪籍人才社保满年可购买套住房购房资格由家庭调整为个人查看图片,1.0,0.350692983439851,1.0,1.0,2023-01-20 23:42:30
上海金山区非沪籍人才社保满年可购套房上海金山区非沪籍人才购房资格调整为个人,0.0183006535947712,0.5185995867298614,0.4805008633395427,0.0130036676879473,2023-01-21 07:31:34
上海金山区非沪籍人才社保满年可购套房上海金山区非沪籍人才购房资格调整为个人月日，上海金山区出台人才安居新政。根据区域转型发展和产城融合需要确定金山区重点转型区域人才购房政策实施范围，包括滨海城区、高新社区以及亭枫社区三个重点区域，共计平方公里。方案提出，要聚焦重点行业，实行人才积分认定管理，对符合一定积分标准的人才分类给予租房补贴；聚焦高层次人才，实行分等定级管理，对符合一定认定标准的人才分类给予购房补贴。同时，结合城镇布局、产业规划和转型需求，划定重点转型区域人才购房政策实施范围。经区人才管理部门认定，同时符合单位条件、个人条件以及工作年限条件的非本市户籍人才，按规定在沪缴纳职工社会保险或个人所得税年及以上、且在本市无住房的，可购买套住房，同时购房资格由居民家庭调整为个人。（一财）,0.0392156862745098,-0.070143166496764,0.6715045413633524,-0.0052670454318232,2023-01-29 11:40:06
上海金山区非沪籍人才社保满年可购套房符合相关条件的非本市户籍人才，在沪缴纳社保或个税年及以上、且在本市无住房的，可购买套住房，同时购房资格由居民家庭调整为个人。,0.0026143790849673,0.999834649817516,0.7897111319832301,0.0058862394784257,2023-01-14 12:14:18
刚刚上海金山区出台政策：非沪籍人才社保满年可购买套住房，购房资格由家庭调整为个人。,0.0078431372549019,0.8520813529183147,0.7933672020387079,0.0151188250803203,2023-01-14 11:10:50
上海金山区调整限购政策：非沪籍人才社保满年可购买套住房，购房资格由家庭调整为个人是不是意味着一线城市一区一策要开始了？房地产上海金山区非沪籍人才社保满年可购套房,0.0065359477124183,0.393301211105354,0.7897111319832301,0.0057886199386657,------
上海金山区非沪籍人才社保满年可购套房，购房资格由家庭调整为个人月日，上海金山区出台人才安居新政。根据区域转型发展和产城融合需要确定金山区重点转型区域人才购房政策实施范围，包括滨海城区、高新社区以及亭枫社区三个重点区域，共计平方公里。方案提出，要聚焦重点行业，实行人才积分认定管理，对符合一定积分标准的人才分类给予租房补贴；聚焦高层次人才，实行分等定级管理，对符合一定认定标准的人才分类给予购房补贴。同时，结合城镇布局、产业规划和转型需求，划定重点转型区域人才购房政策实施范围。经区人才管理部门认定，同时符合单位条件、个人条件以及工作年限条件的非本市户籍人才，按规定在沪缴纳职工社会保险或个人所得税年及以上、且在本市无住房的，可购买套住房，同时购房资格由居民家庭调整为个人。（第一财经）,0.0156862745098039,-0.2065089979829513,0.7247022380955046,-0.006694086441266,2023-01-13 15:44:22
上海金山区非沪籍人才社保满年可购套房上海金山区非沪籍人才购房资格调整为个人月日，上海金山区出台人才安居新政。根据区域转型发展和产城融合需要确定金山区重点转型区域人才购房政策实施范围，包括滨海城区、高新社区以及亭枫社区三个重点区域，共计平方公里。方案提出，要聚焦重点行业，实行人才积分认定管理，对符合一定积分标准的人才分类给予租房补贴；聚焦高层次人才，实行分等定级管理，对符合一定认定标准的人才分类给予购房补贴。同时，结合城镇布局、产业规划和转型需求，划定重点转型区域人才购房政策实施范围。经区人才管理部门认定，同时符合单位条件、个人条件以及工作年限条件的非本市户籍人才，按规定在沪缴纳职工社会保险或个人所得税年及以上、且在本市无住房的，可购买套住房，同时购房资格由居民家庭调整为个人。,0.265359477124183,0.3231420399002588,0.7368188302516141,0.1801613819419849,------
上海金山：非沪籍人才社保满年可购买套住房，购房资格由家庭调整为个人。上海金山区月日出台人才安居新政。根据区域转型发展和产城融合需要确定金山区重点转型区域人才购房政策实施范围，包括滨海城区、高新社区以及亭枫社区三个重点区域，共计平方公里。要聚焦重点行业，实行人才积分认定管理，对符合一定积分标准的人才分类给予租房补贴；聚焦高层次人才，实行分等定级管理，对符合一定认定标准的人才分类给予购房补贴。经区人才管理部门认定，同时符合单位条件、个人条件以及工作年限条件的非本市户籍人才，按规定在沪缴纳职工社会保险或个人所得税年及以上、且在本市无住房的，可购买套住房，同时购房资格由居民家庭调整为个人。,0.0026143790849673,0.9558184691284326,0.7897111319832301,0.0056271068503368,2023-01-13 14:01:12
上海金山非沪籍人才社保满年可购买套住房上海金山：非沪籍人才社保满年可购买套住房购房资格由家庭调整为个人财联社月日电，上海金山区月日出台人才安居新政。根据区域转型发展和产城融合需要确定金山区重点转型区域人才购房政策实施范围，包括滨海城区、高新社区以及亭枫社区三个重点区域，共计平方公里。要聚焦重点行业，实行人才积分认定管理，对符合一定积分标准的人才分类给予租房补贴；聚焦高层次人才，实行分等定级管理，对符合一定认定标准的人才分类给予购房补贴。经区人才管理部门认定，同时符合单位条件、个人条件以及工作年限条件的非本市户籍人才，按规定在沪缴纳职工社会保险或个人所得税年及以上、且在本市无住房的，可购买套住房，同时购房资格由居民家庭调整为个人。上海金山区非沪籍人才购房资格调整为个人,0.4287581699346405,0.0427169969074937,0.6864305688351315,0.035849463513646,2023-01-13 14:02:00
湖南身边事株洲市开始实施“认房不认贷”政策近日，株洲市住建局、株洲市资规局、中国人民银行株洲市分行、国家金融监督管理总局株洲监管分局、株洲市住房和公积金管理中心联合印发《关于优化个人住房贷款中住房套数认定标准的通知》（下称《通知》），“认房不认贷”政策正式在株洲落地实施。展开,0.0042918454935622,0.8357487922705313,0.8693835088951872,0.0543964143355422,------
扬州日报扬州发布“免申即享”条政策清单本报讯（通讯员政务宣记者程宝军）记者日从市政务办获悉，为进一步促进经济持续回升向好，让更多惠企利民政策和资金实现“免申即享”，我市发布一批“免申即享”政策清单。扬州市市级“免申即享”政策清单一共条，其中涉及市发改委的有年市展开,0.0042918454935622,-0.5649552445164696,0.8693835088951872,-0.0367712640999039,2023-01-13 10:57:44
株洲“认房不认贷”落地实施月日，株洲市住建局、市资规局、中国人民银行株洲市分行、国家金融监督管理总局株洲监管分局、市住房和公积金管理中心联合印发《关于优化个人住房贷款中住房套数认定标准的通知》，“认房不认贷”政策正式在株洲落地实施。根据《通知》，居民家庭（包括借款人、配偶展开,0.0042918454935622,0.6241610738255037,0.850063875364183,0.0397220229786545,------
厦门多子女家庭第二套住房认定为首套据界面新闻报道：厦门市促进房地产市场平稳健康发展领导小组办公室发布《关于进一步优化房地产市场相关政策的通知》。其中明确，在厦门市辖区范围内，多子女家庭（二孩及以上）购买的第二套住房认定为首套，购买的第三套住房认定为二套。多子女家庭根据政府相展开,1.0,0.0573272305112875,1.0,1.0,2023-01-23 07:59:37
最新的公积金政策；有关问题解答近期国家、市对住房信贷政策均做出了优化调整。《住房城乡建设部中国人民银行金融监管总局关于优化个人住房贷款中住房套数认定标准的通知》建房号明确优化个人住房贷款中住房套数认定标准有关事项纳入“一城一策”工具箱《广州市人民政府办公厅关于优化我市个人住房贷款中住房套数认定标准的通知》穗府办函号对银行业金融机构首套住房认定标准进行了规定。为坚持房子是用来住的，不是用来炒的定位，更好满足住房公积金缴存人刚性和改善性住房需求，结合我市当前商业住房贷款在住房套数认定标准、最低首付款比例等方面的信贷政策调整情况，制定本《通知》。相关问题解答一家庭名下住房套数如何计算根据《通知》第一点家庭名下住房套数仅计算我市住房外地住房不计算住房贷款记录无论是否已结清不再影响住房套数认定。购买我市第三套及以上住房的，不予发放住房公积金贷款。二在计算家庭名下住房套数时，已卖出的住房是否计算在计算家庭名下住房套数时仅按照《通知》第一点计算家庭当前拥有的住房套数已卖出且已不在家庭名下的住房不计入。三住房贷款记录的认定范围是本市还是全国全国。四购买普通住房和非普通住房的最低首付款比例是否有区别没有区别。购买普通住房和非普通住房适用相同的最低首付款比例。五正在办理过程中的住房公积金贷款，是否可以按《通知》政策执行如住房公积金贷款还未办理过户抵押，则可以向原贷款办理网点提出按《通知》政策办理的诉求，根据贷款办理网点的指引进行资料修改或者撤销贷款后重新申请。广州住房公积金管理中心,0.0042918454935622,-0.2876131772359653,0.850063875364183,-0.0183038925595107,2023-01-16 10:05:27
公积金首付最低成广州官宣：住房公积金实行“认房不认贷”楼市又有大消息月日，广州住房公积金管理中心发布关于优化个人住房公积金贷款有关事项的通知，其中明确，广州住房公积金实行“认房不认贷”，公积金贷款首套房最低首付比例。广州：公积金实行“认房不认贷”月日，广州住房公积金管理中心发布关于优化个人住房公积金贷款有关事项，具体通知如下：一、家庭名下住房套数以我市不动产登记机构提供的《广州市自然人不动产（土地、房屋类）信息查询结果》显示家庭（含所有家庭成员）已拥有住房套数核算。二、对购买我市首套住房的购房人家庭，公积金贷款最低首付款比例为。三、对无住房贷款（含商业性住房贷款和公积金贷款，下同）记录或住房贷款记录已结清，且在我市拥有套住房的购房人家庭，公积金贷款最低首付款比例为。四、对有未结清住房贷款记录且在我市拥有套住房的购房人家庭，公积金贷款最低首付款比例为。五、本通知印发后，如国家、省、市有关住房公积金贷款政策进一步调整的，以最新政策为准。本通知自印发之日起施行，有效期为年。原有政策与本通知不一致的，以本通知为准。其他贷款条件及要求依据我市住房公积金贷款政策执行。多地陆续出台楼市新政月份以来，多地调整优化公积金政策。月日，河南商丘市出台房地产新政，其中提到，继续优化公积金贷款政策，提高多子女家庭购买首套自住住房申请住房公积金贷款最高额度，调整提取公积金后申请贷款条件。适时实施商品住房契税补贴，居民换购住房个人所得税政策，支持存量房“带押过户”等。月日，海南省宣布优化住房公积金个人住房贷款中住房套数认定标准。缴存职工家庭购买自住住房申请公积金贷款时，家庭成员名下在海南省行政区域范围内无成套住房且在全国范围内无公积金贷款使用记录的，所购买的自住住房适用首套住房公积金贷款政策；在海南省行政区域范围内已有套住房或在全国范围内已有次公积金贷款使用记录的，再次购买的自住住房适用二套住房公积金贷款政策。月日，山东省济南市住房公积金中心发布《关于继续执行首套房贷款最高额度的通知》，在济南市行政区域内购买首套普通自住住房申请住房公积金贷款，一人缴存住房公积金的职工家庭最高可贷款额度万元，两人及以上缴存住房公积金的职工家庭最高可贷款额度万元。月日，珠海市发布通知称，加大公积金政策支持，实施“认房不认贷”公积金配套政策，提高住房公积金贷款额度，双缴职工贷款最高限额调整为万元。此外对商品房备案价格管理、住房信贷政策、装配式建筑等方面进行政策优化。,0.0021459227467811,0.9963973991675046,0.850063875364183,0.0317056942873918,2023-01-13 10:59:37
扬州日报刚性和改善性住房信贷需求稳步回升，上个月全市新发放个人房贷超亿元本报讯（记者孙小懿）记者日前从中国人民银行扬州市分行获悉，月，全市银行已实施“认房不认贷”政策，持续优化首套房贷的认定标准，最大限度扩大购房政策受惠面。据统计，月份全市新发放个人房贷亿元，较月、月分别增加亿元、亿元，刚性和改善性住房信贷需求稳步回升。据悉，今年以来，住房和城乡建设部、财政部、中国人民银行、国家金融监管总局等部门相继出台多项政策，提振市场信心，稳定市场预期，促进房地产市场平稳健康发展。我市也于今年月、月先后出台《关于积极支持刚需和改善性住房需求的通知》和《关于促进市区房地产市场平稳健康发展的通知》，内容涉及继续鼓励人才和生育二孩以上家庭购房、调整限售限购条件、完善二手房交易政策、阶段性上调住房公积金贷款最高额度等多方面。月份，扬城银行也纷纷执行“认房不认贷”新政，首套房贷的认定标准较之前更加优化。此外，首套房贷的利率也已经跌至的历史新低。诸多利好政策，无疑也进一步提振了市场信心。,0.0064377682403433,-0.5649552445164696,0.8693835088951872,-0.0551568961498558,2023-01-13 10:24:27
楼市大消息北京“认房不认商贷”证券时报月日，北京住房公积金管理中心发布通知，优化住房公积金“认房认贷”政策，宣布住房套数认定将不再考虑商业贷款情况。月日起，有商业贷款记录、无公积金贷款记录，且在北京市无房的公积金缴存职工家庭，可执行首套住房公积金贷款政策。对于随展开,0.0042918454935622,-0.3829873099143683,0.8693835088951872,-0.0249275100221898,------
公积金北京再次松绑楼市调控已有余城执行公积金贷款“认房不认贷”继上海之后，北京也对楼市调控再度进行了松绑。月日，北京住房公积金管理中心发布通知，将优化住房公积金“认房又认贷”政策，自月日起，有商业贷款记录、无公积金贷款记录，且在北京市无房的公积金缴存职工家庭，可执行首套住房公积金贷款政策。不过，对于离婚一年内的借款申请人仍按原政策执行差别化住房信贷政策，即离婚未满一年申请公积金贷款的，仍按二套住房贷款政策执行。“此次公积金新政不再对购房者商业贷款记录进行审查，只核实全国范围内的公积金贷款记录，这一点与上海此前发布的公积金首套认定标准类似。但对于之前使用过一次公积金贷款且已结清的职工来说，北京的政策还是相对保守。”北京链家研究院分析师冷会表示。“北京自月号开始，商业贷款已经执行了认房不认贷，但公积金一直执行原有标准，导致很多购房者在申请组合贷款时难度很大。”某地产分析师告诉记者。冷会指出，此次公积金首套认定标准调整，是对月日北京商业贷款“认房不认贷”政策的有效补充，将惠及在北京市无房但有商业贷款记录的新市民和改善置换家庭。据悉，此次北京公积金新政在提升部分购房者公积金贷款额度的同时，也会降低其贷款成本。“由于公积金贷款的利率较低，因此在实际购房过程中，选择公积金贷款或公积金组合贷款的购房者不在少数。”冷会称。据北京链家研究院统计，年二手住房交易数量中，近成购房者采用公积金或公积金组合贷款方式付款。分析师认为，北京公积金贷款五年期以上首套房贷利率为，二套房贷为。而现在北京商贷的首套房利率为，因此公积金政策宽松，有利于降低部分购房者的购房成本。而据北京链家研究院测算，以贷款万元、年还清（等额本息）为例，北京施行公积金“认房不认商贷”新标准后，从商贷首套房转换为公积金首套每月利息可节省元，总利息可节省万元，从公积金二套转换为首套每月可节省元，总利息可节省万元。事实上，北京楼市在月日实行“认房不认贷”政策后，市场出现了短暂的上涨，但进入月，政策效果持续性不足，整体市场降温明显。从北京市场表现来看，据中指院数据，年月日日，北京新建住宅成交万平方米，环比小幅下降，同比下降；二手房月成交量较月亦有所回落，月日日二手住宅成交套，环比下降，同比下降。“从政策趋势来看，当前北京房地产市场调整压力逐渐显现。”中指研究院市场研究总监陈文静表示，北京未来有望按照因区施策原则，继续优化限购政策，同时或对普宅认定标准、房贷利率等进行调整。若政策能及时跟进调整，北京房地产市场或得到进一步修复。值得关注的是，优化公积金政策是近两年各地支持房地产市场发展、促进需求释放的主要手段之一，其中优化二套房认定标准、降低首付比例等方式，仍是当前各地公积金政策调整的重要方向。就在北京出台上述政策前一日，郑州住房公积金管理中心于月日发布通知，自年月日起，办理住房公积金个人住房贷款及组合贷款时，按“认房不认贷”原则认定家庭住房套数，住房套数按照郑州市行政区域内的现有成套住房认定。据中指院统计，今年以来已有上海优化首套公积金贷款认定标准，成都等二十余城执行公积金贷款“认房不认贷”。此外，广州住房公积金管理中心在月日发布公开征求意见，拟进一步放宽公积金提取范围，其中加装电梯提取范围有所扩大；生育二孩及以上（至少一个子女未成年）家庭，缴存人租房月提取额度可以上浮。”北京本次调整公积金贷款首套认定标准，进一步向市场释放出政策利好。预计接下来更多城市将跟进优化公积金贷款相关政策，广州、深圳跟进的预期也较强。“陈文静称。,0.0021459227467811,0.9963973991675046,0.850063875364183,0.0317056942873918,2023-01-24 22:02:34
省直住房公积金调整优化信贷，有关政策一起了解民生视角为进一步发挥住房公积金信贷作用，支持缴存职工刚性和改善性住房需求，省直住房公积金调整优化信贷有关政策，有关政策、问答一起来看浙江省直公积金,0.0042918454935622,0.9999464391148798,0.850063875364183,0.0636372518210732,2023-01-23 13:17:15
房地产粤港澳大湾区资讯粤港澳大湾区每日地产资讯（）人社部：月全国城镇新增就业万人，施政为企业减少亿成本四川省级公积金中心执行“认房不认贷”规定杭州：调整优化住房公积金信贷有关政策，住房限购区首套房首付最低云南德宏州：公积金支持“立提立贷”展开,0.0021459227467811,0.9998556463433704,0.850063875364183,0.0318157368545642,2023-01-24 20:54:57
今天不论是工作中还是网络上，都有不少人问我，金融工作会议对房地产会有什么影响。作为一名影视博主里的房地产爱好者，就再简单讲讲吧。一是仍然将房地产作为“风险”在看待。这一点，是看待、分析和预测这个行业的判断基础。这么重要的一次会议，用这么多字来说房地产，特别是，既没提“房住不炒”、几天前的另一个会议上又说了“让房屋回归商品属性”，再加上一堆的财经博主大声呐喊又放水啦、要起飞啦，的确让很多习惯了从网络上获得知识人又迷惑了。实际上，会议公报中对房地产的描述，是放在“全面加强金融监管，有效防范化解金融风险”这个段落中的。说明，这是风险，不是要推动发展的产业、更不是支柱产业。二是用语极其精准。一共个字。咱们一句句来说。促进金融与房地产良性循环。（没啥说道的，算是目标，注意状态用的是良性，还有“循环”这个词，不是单向的，而是金融帮房地产、房地产回哺金融，不能只是房地产把金融的钱拿去了，然后，然后没了，那不行。当然，这是对行业而言，不是对购房户说的）健全房地产企业主体监管制度和资金监管。（简单说，就是抓两个重点，一个是房开企业，别管股东怎么换、离婚怎么离，找的就是你。管啥呢？不管你地在哪、项目在哪、注册在哪，就管你钱在哪）完善房地产金融宏观审慎管理。（宏观审慎管理是与微观审慎监管相对应的，微观审慎，往往注重一个企业、一个行业的安全，往往会出现，我不能出事啊，你不能让我出事啊。而宏观的意思是，就算你这个企业、行业出事，但不许外溢。你不重要，整个体系才重要，没有你惹事才最重要）一视同仁满足不同所有制房地产企业合理融资需求。（这话对大家都是个提醒，保利你也别狂、万科你也别怕，合理的要求，都给。不合理的哭穷，都打）因城施策用好政策工具箱。（不要指望一幅药方全国吃。自己看着办。少动不动一脸无辜的发个城市公众号，好像房价大涨和大跌，都是上面让你干的。我就要良性，你能干好就干，干不好就换。中国啥都缺，不缺干部）更好支持刚性和改善性住房需求。（言下之意，不支持投资和投机。但这种不支持，不是禁止，回到金融工作会议的本意，就是不支持用金融手段投资和投机。全款玩，您随意，而且鼓励。为国交税嘛）加快保障性住房等“三大工程”建设。（这三大工程，是安置房、城中村和平急两用。你觉得，这跟“改善性”、“高端”住宅，有啥关系？而且，城中村现在的思路，并不是拆改留、而是留改拆。以改造为主，并不象上一轮所谓棚，以拆迁人为创造购房需求。平急两用，你们不懂吧？安徽省芜湖市，在三山区造过三十幢安置房，空的，条件很好，有水有电有网有气有空调，去年合肥出了些事，把人都接过来住。平时，芜湖人想去住，三百块钱一个月。急时，人就拉过去，三百块钱一天）构建房地产发展新模式。（啥叫新模式？这一讲，要从中国式房地产现代化的五大内容、八项特点、十个坚持讲了。以前在公众号上写过一篇一万多字的，太多了，微博不写了。总之你觉得旧模式的毛病在哪，新模式就是解决这些毛病的。但新模式是不是就没毛病了呢？当然不是。先解决了再说）你看，我这一讲，所有抖音、微博、公众号上的视频、文章、课程，是不是全是糊你们的？正常，人家要吃饭的嘛。我是影视博主。我要是财经或者房地产博主，我当然也讲抓紧买、抓紧卖。你不买卖，我吃什么？从今天起，把所有财经和房地产博主全部拉黑，你会安全很多。这就是家庭的总体安全观。三是为啥不提房住不炒？呵呵，都这么多字了，还用提？而且我敢肯定提了。再写在公报里，烦不烦？而且，来，现在让你炒，欢迎你炒，你炒炒试试。四是啥叫回归商品属性？商品属性，不是跟安置属性对立的，要知道这是什么会，所以，它是跟金融属性相对。虽然商品往往带有金融属性，但一定要防止金融属性超过商品属性。商品属性主要是使用价值，价值也是劳动凝聚，但不能先是价格偏离紧接着由于不断形成套利空间进而变成金融载体，这是一个大道理，涉及到马克思资本论全卷对于资本主义进步性和必然灭亡性的分析，就不多讲了。五是到底涨不涨呢？能不能买呢？我该怎么办呢？是这样的，人人有房，居者有屋，不代表人人都有市中心学区房和豪宅啊。你到底是啥收入啥年龄啥工作，不一样的人，选不一样的房啊。居住焦虑是可以的，也是必须解决的。但财产和金融焦虑，就算了吧。另外，针对不同个人，当然有完全不同的策略。但对于房企、地方政府、银行之类的，反而不用因人而异，统一八个字：摆脱依赖、抓紧转型。最后，再看看这一段结尾的话，感受下那种肃杀之气：防范化解金融风险，要把握好权和责的关系，健全权责一致、激励约束相容的风险处置责任机制；把握好快和稳的关系，在稳定大局的前提下把握时度效，扎实稳妥化解风险，坚决惩治违法犯罪和腐败行为，严防道德风险；对风险早识别、早预警、早暴露、早处置，健全具有硬约束的金融风险早期纠正机制。说说就算了？呵呵。过去十一年，啥事是说说就算了的？至于什么房地产崩了经济会不会丸，呵呵。现在难道还没崩？你查查今年前三季度啥交易量、啥税费量、啥出让量、啥开工量、啥库存量，怎么样了呢？耽误啥了么？耽误下饺子了么、耽误卫星上天了么、耽误奇瑞膨胀了么、耽误方便面涨价了么？以前的不正常成为正常后，正常的显得不正常而已。那以后这种你觉得不正常的就是正常了。知道不？叫新常态。,1.0,0.646495515117065,0.7129602295117298,1.0,2023-01-24 20:31:32
中央金融工作会议：促进金融与房地产良性循环中央金融工作会议月日至日在北京举行。会议强调，促进金融与房地产良性循环，健全房地产企业主体监管制度和资金监管，完善房地产金融宏观审慎管理，一视同仁满足不同所有制房地产企业合理融资需求，因城施策用好政策工具箱，更好支持刚性和改善性住房需求，加快保障性住房等“三大工程”建设，构建房地产发展新模式。（中国新闻网）,0.0242914979757085,0.6241610738255037,0.6666666666666666,0.021929508453983,2023-02-01 20:28:28
楼市动态中央金融工作会议强调加快保障性住房建设房地产迎发展新模式中央金融工作会议月日至日在北京举行。会议强调，促进金融与房地产良性循环，健全房地产企业主体监管制度和资金监管，完善房地产金融宏观审慎管理，一视同仁满足不同所有制房地产企业合理融资需求，因城施策用好政策工展开,0.0040485829959514,0.9998763211120844,0.6666666666666666,0.0058550047298888,2023-02-01 16:26:12
对于房地产行业发展，会议强调要促进金融与房地产良性循环，健全房地产企业主体监管制度和资金监管，完善房地产金融宏观审慎管理，一视同仁满足不同所有制房地产企业合理融资需求，因城施策用好政策工具箱，更好支持刚性和改善性住房需求，加快保障性住房等“三大工程”建设，构建房地产发展新模式。房地产,0.0040485829959514,-0.8458798481444907,0.6704980842911876,-0.004981710037907,2023-02-01 12:15:40
促进金融与房地产良性循环，健全房地产企业主体监管制度和资金监管，完善房地产金融宏观审慎管理，一视同仁满足不同所有制房地产企业合理融资需求，因城施策用好政策工具箱，更好支持刚性和改善性住房需求，加快保障性住房等“三大工程”建设，构建房地产发展新模式。,0.0040485829959514,-0.0578925011377787,0.4674306151133833,-0.0002376904278214,2023-01-31 08:23:15
促进金融与房地产良性循环，健全房地产企业主体监管制度和资金监管，完善房地产金融宏观审慎管理，一视同仁满足不同所有制房地产企业合理融资需求，因城施策用好政策工具箱，更好支持刚性和改善性住房需求，加快保障性住房等“三大工程”建设，构建房地产发展新模式。房地产进入新时代了。,0.0161943319838056,0.9797354818396148,0.6852364315983801,0.0235874774753872,2023-01-27 13:03:51
中央金融工作会议：促进金融与房地产良性循环中央金融工作会议月日至日在北京举行。会议强调，促进金融与房地产良性循环，健全房地产企业主体监管制度和资金监管，完善房地产金融宏观审慎管理，一视同仁满足不同所有制房地产企业合理融资需求，因城施策用好政策工具箱，更好支持刚性和改善性住房需求，加快保障性住房等“三大工程”建设，构建房地产发展新模式。,0.1821862348178137,0.2905313231910661,0.5113886941000596,0.058725784056796,2023-01-23 21:05:07
会议强调，要全面加强金融监管，有效防范化解金融风险。切实提高金融监管有效性，依法将所有金融活动全部纳入监管，全面强化机构监管、行为监管、功能监管、穿透式监管、持续监管，消除监管空白和盲区，严格执法、敢于亮剑，严厉打击非法金融活动。及时处置中小金融机构风险。建立防范化解地方债务风险长效机制，建立同高质量发展相适应的政府债务管理机制，优化中央和地方政府债务结构。促进金融与房地产良性循环，健全房地产企业主体监管制度和资金监管，完善房地产金融宏观审慎管理，一视同仁满足不同所有制房地产企业合理融资需求，因城施策用好政策工具箱，更好支持刚性和改善性住房需求，加快保障性住房等“三大工程”建设，构建房地产发展新模式。维护金融市场稳健运行，规范金融市场发行和交易行为，合理引导预期，防范风险跨区域、跨市场、跨境传递共振。加强外汇市场管理，保持人民币汇率在合理均衡水平上的基本稳定。防范化解金融风险，要把握好权和责的关系，健全权责一致、激励约束相容的风险处置责任机制；把握好快和稳的关系，在稳定大局的前提下把握时度效，扎实稳妥化解风险，坚决惩治违法犯罪和腐败行为，严防道德风险；对风险早识别、早预警、早暴露、早处置，健全具有硬约束的金融风险早期纠正机制。,0.5708502024291497,-0.0097875022324738,0.5712264596782199,-0.0069242306904852,2023-01-23 15:35:50
中央金融工作会议全文中央金融工作会议月日至日在北京举行。中共中央总书记、国家主席、中央军委主席习近平出席会议并发表重要讲话。中共中央政治局常委李强、赵乐际、王沪宁、蔡奇、丁薛祥、李希出席会议。习近平在重要讲话中总结党的十八大以来金融工作，分析金融高质量发展面临的形势，部署当前和今后一个时期的金融工作。李强对做好金融工作作了具体部署。会议强调，金融是国民经济的血脉，是国家核心竞争力的重要组成部分，要加快建设金融强国，全面加强金融监管，完善金融体制，优化金融服务，防范化解风险，坚定不移走中国特色金融发展之路，推动我国金融高质量发展，为以中国式现代化全面推进强国建设、民族复兴伟业提供有力支撑。会议指出，党的十八大以来，在党中央集中统一领导下，金融系统有力支撑经济社会发展大局，坚决打好防范化解重大风险攻坚战，为如期全面建成小康社会、实现第一个百年奋斗目标作出了重要贡献。党中央把马克思主义金融理论同当代中国具体实际相结合、同中华优秀传统文化相结合，努力把握新时代金融发展规律，持续推进我国金融事业实践创新、理论创新、制度创新，奋力开拓中国特色金融发展之路，强调必须坚持党中央对金融工作的集中统一领导，坚持以人民为中心的价值取向，坚持把金融服务实体经济作为根本宗旨，坚持把防控风险作为金融工作的永恒主题，坚持在市场化法治化轨道上推进金融创新发展，坚持深化金融供给侧结构性改革，坚持统筹金融开放和安全，坚持稳中求进工作总基调。这些实践成果、理论成果来之不易。同时要清醒看到，金融领域各种矛盾和问题相互交织、相互影响，有的还很突出，经济金融风险隐患仍然较多，金融服务实体经济的质效不高，金融乱象和腐败问题屡禁不止，金融监管和治理能力薄弱。金融系统要切实提高政治站位，胸怀“国之大者”，强化使命担当，下决心从根本上解决这些问题，以金融高质量发展助力强国建设、民族复兴伟业。会议强调，当前和今后一个时期，做好金融工作必须坚持和加强党的全面领导，以习近平新时代中国特色社会主义思想为指导，全面贯彻党的二十大精神，完整、准确、全面贯彻新发展理念，深刻把握金融工作的政治性、人民性，以加快建设金融强国为目标，以推进金融高质量发展为主题，以深化金融供给侧结构性改革为主线，以金融队伍的纯洁性、专业性、战斗力为重要支撑，以全面加强监管、防范化解风险为重点，坚持稳中求进工作总基调，统筹发展和安全，牢牢守住不发生系统性金融风险的底线，坚定不移走中国特色金融发展之路，加快建设中国特色现代金融体系，不断满足经济社会发展和人民群众日益增长的金融需求，不断开创新时代金融工作新局面。会议指出，高质量发展是全面建设社会主义现代化国家的首要任务，金融要为经济社会发展提供高质量服务。要着力营造良好的货币金融环境，切实加强对重大战略、重点领域和薄弱环节的优质金融服务。始终保持货币政策的稳健性，更加注重做好跨周期和逆周期调节，充实货币政策工具箱。优化资金供给结构，把更多金融资源用于促进科技创新、先进制造、绿色发展和中小微企业，大力支持实施创新驱动发展战略、区域协调发展战略，确保国家粮食和能源安全等。盘活被低效占用的金融资源，提高资金使用效率。做好科技金融、绿色金融、普惠金融、养老金融、数字金融五篇大文章。要着力打造现代金融机构和市场体系，疏通资金进入实体经济的渠道。优化融资结构，更好发挥资本市场枢纽功能，推动股票发行注册制走深走实，发展多元化股权融资，大力提高上市公司质量，培育一流投资银行和投资机构。促进债券市场高质量发展。完善机构定位，支持国有大型金融机构做优做强，当好服务实体经济的主力军和维护金融稳定的压舱石，严格中小金融机构准入标准和监管要求，立足当地开展特色化经营，强化政策性金融机构职能定位，发挥保险业的经济减震器和社会稳定器功能。强化市场规则，打造规则统一、监管协同的金融市场，促进长期资本形成。健全法人治理，完善中国特色现代金融企业制度，完善国有金融资本管理，拓宽银行资本金补充渠道，做好产融风险隔离。要着力推进金融高水平开放，确保国家金融和经济安全。坚持“引进来”和“走出去”并重，稳步扩大金融领域制度型开放，提升跨境投融资便利化，吸引更多外资金融机构和长期资本来华展业兴业。增强上海国际金融中心的竞争力和影响力，巩固提升香港国际金融中心地位。会议强调，要全面加强金融监管，有效防范化解金融风险。切实提高金融监管有效性，依法将所有金融活动全部纳入监管，全面强化机构监管、行为监管、功能监管、穿透式监管、持续监管，消除监管空白和盲区，严格执法、敢于亮剑，严厉打击非法金融活动。及时处置中小金融机构风险。建立防范化解地方债务风险长效机制，建立同高质量发展相适应的政府债务管理机制，优化中央和地方政府债务结构。促进金融与房地产良性循环，健全房地产企业主体监管制度和资金监管，完善房地产金融宏观审慎管理，一视同仁满足不同所有制房地产企业合理融资需求，因城施策用好政策工具箱，更好支持刚性和改善性住房需求，加快保障性住房等“三大工程”建设，构建房地产发展新模式。维护金融市场稳健运行，规范金融市场发行和交易行为，合理引导预期，防范风险跨区域、跨市场、跨境传递共振。加强外汇市场管理，保持人民币汇率在合理均衡水平上的基本稳定。防范化解金融风险，要把握好权和责的关系，健全权责一致、激励约束相容的风险处置责任机制；把握好快和稳的关系，在稳定大局的前提下把握时度效，扎实稳妥化解风险，坚决惩治违法犯罪和腐败行为，严防道德风险；对风险早识别、早预警、早暴露、早处置，健全具有硬约束的金融风险早期纠正机制。会议指出，加强党中央对金融工作的集中统一领导，是做好金融工作的根本保证。要完善党领导金融工作的体制机制，发挥好中央金融委员会的作用，做好统筹协调把关。发挥好中央金融工作委员会的作用，切实加强金融系统党的建设。发挥好地方党委金融委员会和金融工委的作用，落实属地责任。要坚持政治过硬、能力过硬、作风过硬标准，锻造忠诚干净担当的高素质专业化金融干部人才队伍。要在金融系统大力弘扬中华优秀传统文化，坚持诚实守信、以义取利、稳健审慎、守正创新、依法合规。要加强金融法治建设，及时推进金融重点领域和新兴领域立法，为金融业发展保驾护航。会议强调，习近平总书记的重要讲话，科学回答了金融事业发展的一系列重大理论和实践问题，是习近平经济思想的重要组成部分，是马克思主义政治经济学关于金融问题的重要创新成果，为新时代新征程推动金融高质量发展提供了根本遵循和行动指南。各地区各部门要深入学习领会、自觉贯彻落实。要完善金融宏观调控，准确把握货币信贷供需规律和新特点，加强货币供应总量和结构双重调节。加强优质金融服务，扩大金融高水平开放，服务好“走出去”和“一带一路”建设，稳慎扎实推进人民币国际化。健全金融监管机制，建立健全监管责任落实和问责制度，有效防范化解重点领域金融风险。着力做好当前金融领域重点工作，加大政策实施和工作推进力度，保持流动性合理充裕、融资成本持续下降，活跃资本市场，更好支持扩大内需，促进稳外贸稳外资，加强对新科技、新赛道、新市场的金融支持，加快培育新动能新优势。会议要求，各地区各部门特别是金融系统要进一步把思想和行动统一到习近平总书记重要讲话精神和党中央决策部署上来，坚持目标导向、问题导向，全面加强党对金融工作的领导，扎实做好加强金融监管、防范化解金融风险、推动金融高质量发展等重点工作，加快建设金融强国，抓好会议精神宣传贯彻，加强金融干部人才队伍建设，确保工作部署落实落地。何立峰作总结讲话。中国人民银行、金融监管总局、中国证监会、北京市、辽宁省、湖北省、四川省负责同志作交流发言。中共中央政治局委员、中央书记处书记，全国人大常委会有关领导同志，国务委员，最高人民法院院长，全国政协有关领导同志出席会议。中央金融委员会委员，各省区市和计划单列市、新疆生产建设兵团，中央和国家机关有关部门、有关人民团体、中央军委机关有关部门，中央管理的金融机构、部分企业主要负责同志等参加会议。中央金融工作会议在北京举行,0.3805668016194332,-0.8500002289600244,1.0,-0.7018093048907804,2023-01-28 22:31:49
中央金融工作会议在北京举行新华社北京月日电中央金融工作会议月日至日在北京举行。中共中央总书记、国家主席、中央军委主席习近平出席会议并发表重要讲话。中共中央政治局常委李强、赵乐际、王沪宁、蔡奇、丁薛祥、李希出席会议。习近平在重要讲话中总结党的十八大以来金融工作，分析金融高质量发展面临的形势，部署当前和今后一个时期的金融工作。李强对做好金融工作作了具体部署。会议强调，金融是国民经济的血脉，是国家核心竞争力的重要组成部分，要加快建设金融强国，全面加强金融监管，完善金融体制，优化金融服务，防范化解风险，坚定不移走中国特色金融发展之路，推动我国金融高质量发展，为以中国式现代化全面推进强国建设、民族复兴伟业提供有力支撑。会议指出，党的十八大以来，在党中央集中统一领导下，金融系统有力支撑经济社会发展大局，坚决打好防范化解重大风险攻坚战，为如期全面建成小康社会、实现第一个百年奋斗目标作出了重要贡献。党中央把马克思主义金融理论同当代中国具体实际相结合、同中华优秀传统文化相结合，努力把握新时代金融发展规律，持续推进我国金融事业实践创新、理论创新、制度创新，奋力开拓中国特色金融发展之路，强调必须坚持党中央对金融工作的集中统一领导，坚持以人民为中心的价值取向，坚持把金融服务实体经济作为根本宗旨，坚持把防控风险作为金融工作的永恒主题，坚持在市场化法治化轨道上推进金融创新发展，坚持深化金融供给侧结构性改革，坚持统筹金融开放和安全，坚持稳中求进工作总基调。这些实践成果、理论成果来之不易。同时要清醒看到，金融领域各种矛盾和问题相互交织、相互影响，有的还很突出，经济金融风险隐患仍然较多，金融服务实体经济的质效不高，金融乱象和腐败问题屡禁不止，金融监管和治理能力薄弱。金融系统要切实提高政治站位，胸怀“国之大者”，强化使命担当，下决心从根本上解决这些问题，以金融高质量发展助力强国建设、民族复兴伟业。会议强调，当前和今后一个时期，做好金融工作必须坚持和加强党的全面领导，以习近平新时代中国特色社会主义思想为指导，全面贯彻党的二十大精神，完整、准确、全面贯彻新发展理念，深刻把握金融工作的政治性、人民性，以加快建设金融强国为目标，以推进金融高质量发展为主题，以深化金融供给侧结构性改革为主线，以金融队伍的纯洁性、专业性、战斗力为重要支撑，以全面加强监管、防范化解风险为重点，坚持稳中求进工作总基调，统筹发展和安全，牢牢守住不发生系统性金融风险的底线，坚定不移走中国特色金融发展之路，加快建设中国特色现代金融体系，不断满足经济社会发展和人民群众日益增长的金融需求，不断开创新时代金融工作新局面。会议指出，高质量发展是全面建设社会主义现代化国家的首要任务，金融要为经济社会发展提供高质量服务。要着力营造良好的货币金融环境，切实加强对重大战略、重点领域和薄弱环节的优质金融服务。始终保持货币政策的稳健性，更加注重做好跨周期和逆周期调节，充实货币政策工具箱。优化资金供给结构，把更多金融资源用于促进科技创新、先进制造、绿色发展和中小微企业，大力支持实施创新驱动发展战略、区域协调发展战略，确保国家粮食和能源安全等。盘活被低效占用的金融资源，提高资金使用效率。做好科技金融、绿色金融、普惠金融、养老金融、数字金融五篇大文章。要着力打造现代金融机构和市场体系，疏通资金进入实体经济的渠道。优化融资结构，更好发挥资本市场枢纽功能，推动股票发行注册制走深走实，发展多元化股权融资，大力提高上市公司质量，培育一流投资银行和投资机构。促进债券市场高质量发展。完善机构定位，支持国有大型金融机构做优做强，当好服务实体经济的主力军和维护金融稳定的压舱石，严格中小金融机构准入标准和监管要求，立足当地开展特色化经营，强化政策性金融机构职能定位，发挥保险业的经济减震器和社会稳定器功能。强化市场规则，打造规则统一、监管协同的金融市场，促进长期资本形成。健全法人治理，完善中国特色现代金融企业制度，完善国有金融资本管理，拓宽银行资本金补充渠道，做好产融风险隔离。要着力推进金融高水平开放，确保国家金融和经济安全。坚持“引进来”和“走出去”并重，稳步扩大金融领域制度型开放，提升跨境投融资便利化，吸引更多外资金融机构和长期资本来华展业兴业。增强上海国际金融中心的竞争力和影响力，巩固提升香港国际金融中心地位。会议强调，要全面加强金融监管，有效防范化解金融风险。切实提高金融监管有效性，依法将所有金融活动全部纳入监管，全面强化机构监管、行为监管、功能监管、穿透式监管、持续监管，消除监管空白和盲区，严格执法、敢于亮剑，严厉打击非法金融活动。及时处置中小金融机构风险。建立防范化解地方债务风险长效机制，建立同高质量发展相适应的政府债务管理机制，优化中央和地方政府债务结构。促进金融与房地产良性循环，健全房地产企业主体监管制度和资金监管，完善房地产金融宏观审慎管理，一视同仁满足不同所有制房地产企业合理融资需求，因城施策用好政策工具箱，更好支持刚性和改善性住房需求，加快保障性住房等“三大工程”建设，构建房地产发展新模式。维护金融市场稳健运行，规范金融市场发行和交易行为，合理引导预期，防范风险跨区域、跨市场、跨境传递共振。加强外汇市场管理，保持人民币汇率在合理均衡水平上的基本稳定。防范化解金融风险，要把握好权和责的关系，健全权责一致、激励约束相容的风险处置责任机制；把握好快和稳的关系，在稳定大局的前提下把握时度效，扎实稳妥化解风险，坚决惩治违法犯罪和腐败行为，严防道德风险；对风险早识别、早预警、早暴露、早处置，健全具有硬约束的金融风险早期纠正机制。会议指出，加强党中央对金融工作的集中统一领导，是做好金融工作的根本保证。要完善党领导金融工作的体制机制，发挥好中央金融委员会的作用，做好统筹协调把关。发挥好中央金融工作委员会的作用，切实加强金融系统党的建设。发挥好地方党委金融委员会和金融工委的作用，落实属地责任。要坚持政治过硬、能力过硬、作风过硬标准，锻造忠诚干净担当的高素质专业化金融干部人才队伍。要在金融系统大力弘扬中华优秀传统文化，坚持诚实守信、以义取利、稳健审慎、守正创新、依法合规。要加强金融法治建设，及时推进金融重点领域和新兴领域立法，为金融业发展保驾护航。会议强调，习近平总书记的重要讲话，科学回答了金融事业发展的一系列重大理论和实践问题，是习近平经济思想的重要组成部分，是马克思主义政治经济学关于金融问题的重要创新成果，为新时代新征程推动金融高质量发展提供了根本遵循和行动指南。各地区各部门要深入学习领会、自觉贯彻落实。要完善金融宏观调控，准确把握货币信贷供需规律和新特点，加强货币供应总量和结构双重调节。加强优质金融服务，扩大金融高水平开放，服务好“走出去”和“一带一路”建设，稳慎扎实推进人民币国际化。健全金融监管机制，建立健全监管责任落实和问责制度，有效防范化解重点领域金融风险。着力做好当前金融领域重点工作，加大政策实施和工作推进力度，保持流动性合理充裕、融资成本持续下降，活跃资本市场，更好支持扩大内需，促进稳外贸稳外资，加强对新科技、新赛道、新市场的金融支持，加快培育新动能新优势。会议要求，各地区各部门特别是金融系统要进一步把思想和行动统一到习近平总书记重要讲话精神和党中央决策部署上来，坚持目标导向、问题导向，全面加强党对金融工作的领导，扎实做好加强金融监管、防范化解金融风险、推动金融高质量发展等重点工作，加快建设金融强国，抓好会议精神宣传贯彻，加强金融干部人才队伍建设，确保工作部署落实落地。何立峰作总结讲话。中国人民银行、金融监管总局、中国证监会、北京市、辽宁省、湖北省、四川省负责同志作交流发言。中共中央政治局委员、中央书记处书记，全国人大常委会有关领导同志，国务委员，最高人民法院院长，全国政协有关领导同志出席会议。中央金融委员会委员，各省区市和计划单列市、新疆生产建设兵团，中央和国家机关有关部门、有关人民团体、中央军委机关有关部门，中央管理的金融机构、部分企业主要负责同志等参加会议。（新华社）网页链接,0.340080971659919,0.2399801981605215,0.8462686249356823,0.1498425513952794,2023-01-23 16:33:22
长三角一体化示范区重大建设项目三年行动计划（年）发布月日上午，长三角生态绿色一体化发展示范区新闻发布会在上海举办，上海市政府副秘书长、市发展改革委主任、长三角一体化示范区执委会主任顾军介绍了《长三角生态绿色一体化发展示范区重大建设项目三年行动计划（年）》（简称《行动计划》）有关情况。据介绍，《行动计划》聚焦“一厅三片”重点区域和生态环保、设施互通、产业创新、民生服务四大重点领域，明确开展项行动，共包括个项目。到年，一批生态环保、基础设施、科技创新、公共服务等凸显“五共”理念的重点项目落地，示范引领长三角地区更高质量一体化发展。在设施互通领域，实施轨道交通引领、区域道路连通、特色交通构建、数字智能支撑四项行动，共计个项目。沪苏湖高铁、上海号线西延伸将于年底建成通车，通苏嘉甬高铁、沪苏嘉城际铁路加快建设，轨道交通对示范区发展的带动作用将进一步发挥。在前期已经贯通的条跨省对接道路基础上，部分跨省对接道路工程也将进一步加速建设。在产业创新领域，《行动计划》提出，以打造绿色创新发展新高地为目标，实施创新平台共建、先进制造升级、文旅新经济培育、新型服务赋能四项行动。据悉，年长三角一体化示范区执委会将会同两省一市三级八方全面贯彻落实习近平总书记在深入推进长三角一体化发展座谈会上的重要讲话精神，坚持制度创新和项目建设双轮驱动，把长三角一体化发展宏伟蓝图在示范区转化为施工图、实景画，在为全国区域协调发展先行探路中交出更加优异的答卷。（全媒记者孙木子）,0.4117647058823529,0.6542031661284823,0.98458638183427,0.3566484213622802,2023-01-23 13:29:26
安徽身边事这座皖西城市，怎么就“傍上”了合肥？安徽省会合肥，将要带动六安这个兄弟城市的发展。经国务院同意，国家发改委近日下发的相关文件显示，同意支持六安与合肥同城化发展。地处大别山北麓的六安，多年来经济发展水平在安徽省内处于中下游位置。与合肥的同城化，近年来被其视为发展的突破口。合肥与安徽省内的多个城市毗邻，但同城化发展，为什么选择了六安？为什么是六安六安别称“皋城”、“皖西”，是安徽省辖地级市，位于安徽省西部，湖北、河南、安徽三省交界处，毗邻省会合肥市，两城相距不到公里。截至年底，六安市常住人口万人。年，六安为亿元，在安徽个地级市中排第名。值得一提的是，六安位于大别山北麓，境内海拔米以上山峰多座、占大别山区的，山区达到以上。据了解，与省会合肥同城化发展，是国家支持大别山区域发展的重要政策，近期发布的《新时代大别山革命老区协同推进高质量发展实施方案》中就明确了六安与合肥同城化发展的政策。“与合肥的同城化，对六安而言是一种捆绑发展的策略，毫无疑问将提升城市的知名度，在招商引资等方面有不小作用。”中国社科院区域经济学研究员牛凤瑞告诉中国新闻周刊。除了上述原因，在不少业内专家看来，合肥与六安的同城化，与合肥寻找发展腹地息息相关。事实上，除了位于西部的六安，安徽东部、东南部几座与合肥接壤的城市，都是南京都市圈的成员。年月，国家发改委发布公告原则同意《南京都市圈发展规划》。在南京都市圈成员中，不仅包括江苏城市南京、镇江、扬州、淮安，还包括安徽城市芜湖、马鞍山、滁州和宣城。此外，安徽的蚌埠和淮南等城市也在申请加入南京都市圈。除了南京都市圈，在安徽省内，淮北的两座城市则加入了徐州都市圈。在年月，安徽北部的宿州市和淮北市，不约而同地在市政府官方微信平台发文称，安徽支持两市深度融入徐州都市圈。彼时，时任安徽省委常委、副省长的刘惠表示，皖北地区人口多、底子薄、基本公共服务历史欠账多，发展相对滞后。因此，安徽在区域联动方面将支持宿州、淮北深度融入徐州都市圈，推动省际毗邻地区探索一体化协同发展新机制，共同打造产城融合新城区。近日，最新编制的《合肥都市圈发展规划》已上报国家发改委。该规划显示，都市圈范围包括合肥市全域、淮南市的寿县、滁州市的定远县、六安市的金安区和舒城县、马鞍山市的含山县、芜湖市的无为市、安庆市的桐城市，总面积约万平方公里。不过，相比最初规划版本，目前合肥都市圈的范围，远远小于业界预期的。在牛凤瑞看来，都市圈范围的调整，意味着合肥将集中力量，带动上述区域发展。而入围合肥都市圈的六安的金安区和舒城县，也被认为是此次同城化重点发展的区域。安徽发改委副主任钟岚公开表示，年前三季度，合肥都市圈以占全省的面积和的人口，贡献了的地区生产总值、的进出口总额，集聚了近的新增高新技术企业和的新增外资企业。“六安山清水秀、建设空间（用地指标）潜力巨大，而合肥科教、行政（省会城市）资源丰富，合肥部分产业向六安转移可能性不小。”华东师范大学城市发展研究院院长曾刚对中国新闻周刊表示。虹吸风险作为中小城市，面对周边相对强势的大城市，如何避免被持续虹吸，一直都是业界探讨的焦点。曾刚告诉中国新闻周刊，大城市对周边中小城市是发挥虹吸，还是溢出作用，在很大程度上取决于区域所处的发展阶段和战略谋划方案。在工业化初期和中期，与中小城市相比，大城市在比较紧缺的基础设施配套、公共管理服务质量、对外交流合作通道建设等方面占有明显优势，一般加工业项目偏爱大城市，导致大城市对周边中小城市形成强烈的虹吸效应。他说，“到了工业化后期阶段，大城市与周边中小城市在基础设施、公共管理服务、对外交流合作通道等方面的差别不大，只要制定的城市发展战略科学合理，那么大中小城市就能取得的效果，中小城市也会享用更多的来自周边大城市的溢出效益。”年“六普”数据显示，六安市常住人口为万，到年底，六安市常住人口万人，与十二年前相比减少近万。而目前六安户籍人口万人，与常住人口相差约万人。由于毗邻，多年来六安一直是合肥人口迁入的第一大来源地。而为了配合同城化发展，两地交通便捷程度不断提升。年月，合肥发布消息称合六路工程的最后一个节点主体结构封顶，这也标志着工程项目主线实现全线贯通，主线道路很快将放行通车。届时，合肥、六安两市之间的联系将进一步加强。随着交通越来越便利，同城化又进一步促进两地的交流，六安是否可能进一步被虹吸？在曾刚看来，在同城化过程六安被合肥“虹吸”的风险不容小觑。为了避免合肥与六安发展差距的扩大，必须未雨绸缪，制定科学合理的同城化发展方案，适时采取有力措施，消除六安与合肥在公共服务方面的短板。他说，“合肥与六安等周边中小城市应该建立的是平等互动合作的伙伴关系，而非处理落后产能、外置低端城市功能的容器。”产业合作是关键除了公共服务等方面的合理布局规划，产业层面的合作，也被不少业内人士看作避免被虹吸的关键。“人口随着产业迁移，发展产业是留住常住人口极为关键的一点。”牛凤瑞分析。不少背靠大城市，在同城化中发展较好的城市，不少都受益于产业合作与供应链共享。多年来，广东的“广佛同城”持续、快速发展。佛山与广州的产业链，有着紧密配合。三大日系汽车品牌本田、丰田、日产在我国的主要生产基地，均在广州市内，而毗邻广州的佛山南海区，目前仅狮山镇就有整车及汽车零部件企业余家，涵盖了本田、丰田、日产三大汽车生产商的配件供应商。在总体布局上，形成了南海汽配、广州整车的产业格局。此前，六安在农业以及相关加工业层面，有一定优势。比如，茶产业已成为六安市最具区域特色的优势产业。而制定同城化战略后，六安也开始向合肥的产业结构靠拢。年月，六安出台了《电子信息发展三年行动计划（年）》，按照“五光示色”产业定位（“五”代表以技术为主的现代通信，“光”代表太阳能光伏，“示”代表新型显示，“色”代表电光源），打算利用毗邻合肥的区位优势，打造若干个电子信息产业集群。六安市经信局局长黄胜红最近公开表示，六安将智能电动汽车作为重要支柱产业，努力做好合肥新能源整车企业配套服务，力争进入合肥乃至全国新能源汽车供应链体系。据了解，六安市现有智能电动汽车配套企业家，其中一级配套企业户，二级配套企业户，三级配套企业户，年产值亿元，同比增长。在曾刚看来，合肥要发挥好辐射带动作用，还有多种模式可以探索。他说，“可以建立创新共同体，发挥合肥科教、人才资源以及六安等城市的生态环境、建设空间优势，通过建设跨区域科创平台、创新飞地等方式，推进跨区域政产学研用金一体化；此外，还可以建设跨地域产业集群，改革开发区管理机制，通过购买服务、委托经营等方式，引进高水平专业化园区管理公司，实现各市开发区的连锁管理，联合建设产业创新集群。”中国新闻周刊作者：赵越,0.6470588235294118,0.252265732037601,0.4271386818968362,0.0937552611218489,2023-01-23 13:14:58
习近平同马尔代夫总统穆伊兹会谈新华社北京月日电月日下午，国家主席习近平在人民大会堂同来华进行国事访问的马尔代夫总统穆伊兹举行会谈。两国元首宣布，将中马关系提升为全面战略合作伙伴关系。习近平指出，中国和马尔代夫是传统友好近邻，两国人民通过古代海上丝绸之路建立友好联系。中马建交年来，两国始终相互尊重、相互支持，树立了大小国家平等相待、守望相助、互利共赢的典范。近年来，两国关系深入发展，共建“一带一路”和各领域交流合作取得丰硕成果。新形势下，中马关系面临承前启后、继往开来的历史契机。将中马关系提升为全面战略合作伙伴关系，符合中马关系发展需要和两国人民期待。中方愿同马方一道，不断拓展各领域交流合作，共同致力于打造中马命运共同体。习近平深刻阐释了中国共产党百年奋斗历程和宝贵经验。习近平强调，中方尊重和支持马方探索符合本国国情的发展道路，坚定支持马方维护国家主权独立、领土完整、民族尊严，愿同马方交流治国理政经验，加强发展战略对接，推进高质量共建“一带一路”，为中马友谊树立新标杆。双方要加强经贸投资、农业园区、蓝色经济、绿色经济、数字经济等领域合作，拓展海洋生态环境保护等合作，加强人文交流。中方支持更多马尔代夫优秀学生来华留学，推动增加两国直航航班。习近平指出，中马同为发展中国家，在国际和地区事务中拥有相近看法和立场。双方要密切多边沟通协作，维护真正的多边主义和发展中国家共同利益，共同努力推动构建人类命运共同体，让世界更加和平、更加安全、更加繁荣。中方愿同马方加强协调合作，落实联合国气候变化迪拜大会达成的共识，推动《巴黎协定》全面有效实施。穆伊兹表示，我非常荣幸携多位重要内阁部长对中国进行首次国事访问，成为今年中方接待的首位外国元首，这充分体现了我们双方对发展马中关系的高度重视。马方坚定奉行一个中国政策。坚定相互支持对方维护国家主权独立和领土完整，这是马中关系持续良好发展的坚实基础。今年是习近平主席对马尔代夫进行历史性国事访问十周年。中方为马经济社会发展提供了大量宝贵帮助，马中合作特别是共建“一带一路”，使马尔代夫人民受益良多，马中友谊大桥已经成为两国人民友谊的象征。我此次参访福建期间，亲眼目睹中国发展取得的巨大成就，亲身感受到习近平主席的卓越领导力。马方期待以构建全面战略合作伙伴关系为契机，进一步拓展双边合作新渠道，增加双边关系新内涵，推进高质量共建“一带一路”，推动马中关系取得更多新发展，为两国人民创造更多福祉。欢迎中方为促进人文交流采取的积极措施，期待更多中国游客赴马旅游。马方支持习近平主席提出的全球发展倡议、全球安全倡议、全球文明倡议，愿同中方在国际地区事务中密切沟通协作，加强相互支持。会谈后，两国元首共同见证签署关于构建中马全面战略合作伙伴关系行动计划以及共建“一带一路”、灾害管理、经济技术、蓝色经济、数字经济、绿色发展、基础设施和民生等领域多项双边合作文件。会谈前，习近平和夫人彭丽媛在人民大会堂北大厅为穆伊兹和夫人萨吉达举行欢迎仪式。天安门广场鸣放响礼炮，礼兵列队致敬。两国元首登上检阅台，军乐团奏中马两国国歌。穆伊兹在习近平陪同下检阅中国人民解放军仪仗队，并观看分列式。当晚，习近平和彭丽媛在人民大会堂金色大厅为穆伊兹夫妇举行欢迎宴会。王毅参加上述活动。穆伊兹访华期间，双方将发表《中华人民共和国和马尔代夫共和国联合新闻公报》。（新华社记者：朱超）,0.0196078431372549,0.1492617186216107,0.6284033275317344,0.0024730987558789,------
习主席今年接待的首位外国元首习近平同马尔代夫总统穆伊兹会谈年月日下午，国家主席习近平在人民大会堂同来华进行国事访问的马尔代夫总统穆伊兹举行会谈。两国元首宣布，将中马关系提升为全面战略合作伙伴关系。习近平指出，中国和马尔代夫是传统友好近邻，两国人民通过古代海上丝绸之路建立友好联系。中马建交年来，两国始终相互尊重、相互支持，树立了大小国家平等相待、守望相助、互利共赢的典范。近年来，两国关系深入发展，共建“一带一路”和各领域交流合作取得丰硕成果。新形势下，中马关系面临承前启后、继往开来的历史契机。将中马关系提升为全面战略合作伙伴关系，符合中马关系发展需要和两国人民期待。中方愿同马方一道，不断拓展各领域交流合作，共同致力于打造中马命运共同体。习近平深刻阐释了中国共产党百年奋斗历程和宝贵经验。习近平强调，中方尊重和支持马方探索符合本国国情的发展道路，坚定支持马方维护国家主权独立、领土完整、民族尊严，愿同马方交流治国理政经验，加强发展战略对接，推进高质量共建“一带一路”，为中马友谊树立新标杆。双方要加强经贸投资、农业园区、蓝色经济、绿色经济、数字经济等领域合作，拓展海洋生态环境保护等合作，加强人文交流。中方支持更多马尔代夫优秀学生来华留学，推动增加两国直航航班。习近平指出，中马同为发展中国家，在国际和地区事务中拥有相近看法和立场。双方要密切多边沟通协作，维护真正的多边主义和发展中国家共同利益，共同努力推动构建人类命运共同体，让世界更加和平、更加安全、更加繁荣。中方愿同马方加强协调合作，落实联合国气候变化迪拜大会达成的共识，推动《巴黎协定》全面有效实施。穆伊兹表示，我非常荣幸携多位重要内阁部长对中国进行首次国事访问，成为今年中方接待的首位外国元首，这充分体现了我们双方对发展马中关系的高度重视。马方坚定奉行一个中国政策。坚定相互支持对方维护国家主权独立和领土完整，这是马中关系持续良好发展的坚实基础。今年是习近平主席对马尔代夫进行历史性国事访问十周年。中方为马经济社会发展提供了大量宝贵帮助，马中合作特别是共建“一带一路”，使马尔代夫人民受益良多，马中友谊大桥已经成为两国人民友谊的象征。我此次参访福建期间，亲眼目睹中国发展取得的巨大成就，亲身感受到习近平主席的卓越领导力。马方期待以构建全面战略合作伙伴关系为契机，进一步拓展双边合作新渠道，增加双边关系新内涵，推进高质量共建“一带一路”，推动马中关系取得更多新发展，为两国人民创造更多福祉。欢迎中方为促进人文交流采取的积极措施，期待更多中国游客赴马旅游。马方支持习近平主席提出的全球发展倡议、全球安全倡议、全球文明倡议，愿同中方在国际地区事务中密切沟通协作，加强相互支持。会谈后，两国元首共同见证签署关于构建中马全面战略合作伙伴关系行动计划以及共建“一带一路”、灾害管理、经济技术、蓝色经济、数字经济、绿色发展、基础设施和民生等领域多项双边合作文件。会谈前，习近平和夫人彭丽媛在人民大会堂北大厅为穆伊兹和夫人萨吉达举行欢迎仪式。天安门广场鸣放响礼炮，礼兵列队致敬。两国元首登上检阅台，军乐团奏中马两国国歌。穆伊兹在习近平陪同下检阅中国人民解放军仪仗队，并观看分列式。当晚，习近平和彭丽媛在人民大会堂金色大厅为穆伊兹夫妇举行欢迎宴会。王毅参加上述活动。穆伊兹访华期间，双方将发表《中华人民共和国和马尔代夫共和国联合新闻公报》。央视新闻的微博视频,0.4705882352941176,0.9948216831612308,0.6676785355024678,0.4203184405654915,2023-01-22 10:02:19
商丘日报我市连续年获省政府质量工作考核等次近日，河南省年度政府质量工作考核结果公布，我市再次获得等次的佳绩，据了解，这已是商丘市连续三年在全省政府质量工作考核中获得等次。近年来，市委、市政府高度重视质量工作，深入实施质量强市和品牌发展战略，大力开展质量提升行动，进一步夯实质量发展基础，着力推动我市质量变革、效率变革、动力变革，为全市经济社会发展作出了新的贡献。提高站位，深入实施质量强市战略。认真学习贯彻《质量强国建设纲要》，我市组织多种形式的学习宣传活动，将《质量强国建设纲要》纳入市委党校培训课程；我市持续开展省质量强县示范县创建工作，目前全市共个县（市、区）创建省质量强县示范县，占全省创建总数的，在全省位列前茅；强化督导考核推动，充分发挥市质量强市工作领导小组办公室职责，认真做好统筹协调工作，促进各项工作落实落地；强化与质量强市工作领导小组办公室沟通，及时发现质量考核工作中存在的不足，查漏补缺，圆满完成余份考核印证材料的整理、审核、上报工作，为我市质量考核取得优异成绩打下了坚实基础。多措并举，强力推动品牌发展战略。我市出台《关于实施品牌建设争创“美豫名品”公共品牌三年行动计划（年）》，全市共征集个“美豫名品”培育单位；开展政府质量奖培育工作，印发《商丘市政府质量奖培育发展计划（年）》，从国家、省、市、县四个层面建立政府质量奖培育库，对家企业开展政府质量奖培育；扎实推进第八届市长质量奖申报评选工作，目前申报评选工作有序推进。突出重点，全面开展质量提升行动。加强消费品召回管理，确保人民群众生命健康和财产安全，我市出台《关于做好消费品召回管理工作的通知》，明确了属地管理责任和工作重点；为进一步拓宽产品伤害信息收集渠道，在全市布局产品伤害风险监测点个，构建我市产品伤害信息收集平台；推行企业首席质量官制度，助力企业高质量发展，目前全市有名企业首席质量官培训取证，有家企业推行首席质量官制度；在全市开展商丘市第二届优秀企业首席质量官评选活动，共评选出名优秀企业首席质量官；发动全市企业首席质量官申报企业首席质量官质量变革创新典型案例，经过遴选，柘城厚德钻石有限公司首席质量官案例上报国家市场监管总局；强化培训，提升企业质量管理水平，我市举办期企业首席质量官线上大讲堂，邀请省内质量管理专家授课，共人次参加培训；深入开展质量基础设施“一站式”服务，推动园区内质量技术服务事项就近集中解决，力求“进一扇门、填一张服务清单、办结所需事项”，最大限度发挥质量基础设施效能；组织质量基础管理专家，深入产业集聚区和一线企业，开展面对面质量基础设施“一站式”服务，“一揽子”解决企业急难愁盼问题。与此同时，商丘市加强社会共治，牵头组织个部门开展“质量月”活动；开展消费品安全教育“进社区、进校园、进乡镇”活动；组织专家开展质量基础设施“一站式”服务入园区活动，通过有力的宣传在全社会形成了关心质量安全的浓厚氛围。记者高会鹏,0.0196078431372549,0.0,0.6414950635219789,0.0,2023-01-22 14:00:58
公安心向党奋进新征程“警察蓝”绘就“平安色”盘点年衡阳县公安工作“十大亮点”亮点七：夯实基层基础，在基层治理上推出新经验。召开了全县加强新时代公安派出所工作现场会，编印《加强新时代公安派出所工作三年行动计划工作指引》，推出《基层所队行》《咱们的派出所》等系列栏目，推动新一轮加强派出所工作三年行动；认真研究破解基层基础工作薄弱难题，坚持“一盘棋”，实施“一所一策”，充分融合盘活本地资源，以异地新建、置换改造、原址提质等多种方式，扎实推进基础设施提质升级行动，启动了城西、洪市、金兰、演陂和高新园区等个派出所新建，完成了长安、界牌、栏垅、杉桥等派出所项目提质改造，无房、危房派出所已经“清零”，基层基础建设实现了历史性的“跨越”；在岘山派出所成立模范好人调解室示范点，用向善力量化解矛盾，全面推进新时代派出所工作高质量发展。“警察蓝”绘就“平安色”盘点年衡阳县公安工作“十大亮点”,0.7254901960784313,0.941634492864268,0.9978050431641974,0.9166094333038772,2023-01-22 20:43:15
视频县十五届人大四次会议隆重开幕月日上午，县十五届人大四次会议隆重开幕。来自全县各行各业、各条战线的人大代表肩负着全县人民的希冀和重托，认真履行宪法和法律赋予的神圣职责，为现代化伊川建设贡献智慧和力量。大会主席团常务主席仝宇鹏、王智朋、卫学军、马建民、魏淼、梁纪朋、王怀林、陈友宾、赵永川在主席台前排就座。程广勇、张利民、吉跃龙、齐小伟、翟迎辉、常光磊、刘伟、白力、梁光照、李其超、张孝先、刘翠香、毛国良、王瑞鹏、郭孟现、李建军、张绍宁、蒋艳萍、杨晓、杨鹏辉、李玉峰、韩海洋、王中可、李冰、姬向懿、郭燕燕、海建伟、邓聚欣、王妙云、范振国、刘建设及大会主席团其他成员在主席台就座。大会主席团常务主席马建民主持大会开幕式。本次大会应到代表人，实到人，符合法定人数。上午时，马建民宣布伊川县第十五届人民代表大会第四次会议开幕。全体起立，奏唱国歌。在热烈的掌声中，县长王智朋作政府工作报告。报告共分四个部分：一、年工作回顾；二、年主要目标任务；三、年重点工作；四、加强政府自身建设。王智朋在报告中说，年是全面贯彻党的二十大精神的开局之年，一年来，面对严峻复杂的外部环境、交织叠加的内部困难和艰巨繁重的发展任务，在市委、市政府和县委的坚强领导下，我们坚持以习近平新时代中国特色社会主义思想为指导，完整、准确、全面贯彻新发展理念，克难而为、稳中求进，有效应对了风险挑战、克服了重重困难、争取了工作主动，赢得了伊川高质量发展的新成效。全年生产总值预计增长，规上工业增加值增长，社会消费品零售总额增长，一般公共财政预算收入增长；乡村振兴全面发力，市场化建设乡村振兴示范区，实现良好开局，“伊川模式”受到央视媒体关注并在全国推广；全年累计投入民生资金亿元，件民生实事办成了“民心工程”；扎实开展主题教育，锚定“”总体工作思路，围绕“”工作重点，全县上下汇聚起谋发展、拼发展的磅礴力量，经济发展态势更稳，重点工作推进更快，群众民生福祉更实，干事创业氛围更浓。主要做了以下工作：精准施策，经济运行回升向好；创新赋能，产业发展提质增效：示范带动，乡村振兴全面发力；内外兼修，城市能级提档跃升；以人为本，民生福祉持续增进；党建引领，政府效能更加高效。王智朋说，今年政府工作的总体要求是：以习近平新时代中国特色社会主义思想为指导，全面贯彻党的二十大、二十届二中全会和中央经济工作会议精神，认真落实省委、市委和县委全会暨经济工作会议精神，深入落实省委关于锚定“两个确保”、持续实施“十大战略”和市委关于扭住“三项重点工作”、用好“三个重要抓手”的决策部署，坚持稳中求进工作总基调，完整准确全面贯彻新发展理念，抢抓构建新发展格局战略机遇，按照“”总体工作思路，围绕“”工作重点，不断优化、持续实施三年行动计划，着力稳定经济运行，加快推动转型发展，切实增进民生福祉，有效防范化解重大风险，持续推动经济实现质的有效提升和量的合理增长，不断开创现代化伊川建设新局面。王智朋说，围绕今年的发展目标，重点做好八个方面工作。一是扩投资促消费，在推进经济平稳增长上加压奋进。着力扩大有效投资，加快推进总投资亿元的个重点项目，确保年底前竣工达产个以上。持续激发消费潜能，大力开展各类消费活动，鼓励发展直播电商等平台经济，有效激发农村消费潜力。全力做好助企纾困，“一企一策”精准解决企业反映问题，确保办结率达到以上。大力支持民营企业健康发展，支持中小企业、个体工商户健康发展，全年新增四板挂牌企业家，力争全年实现“个转企”户、“小升规”家。二是抓创新强风口，在优化产业结构布局上加压奋进。发挥创新引领作用，全年新增高新技术企业家、科技型中小企业备案家、市级以上企业研发平台家。全年组织实施科技计划项目个以上，培育规模以上工业企业家、省级“专精特新”企业家、市级提质倍增企业家以上。做大做强产业集群，发挥龙头企业带动作用，做大做强铝加工、新型耐火耐磨材料两大产业集群。全年实施增资扩能和“三大改造”项目个以上，竣工投产个以上，新增产值亿元以上。聚力风口产业培育，紧盯光电信息、新能源、智能制造三大“风口产业”，打造经济发展新引擎。建强产业平台载体，推动伊川县主导产业及风口产业固链、延链、补链，聚链成群。推动文旅农旅融合，加快实施文旅文创“双工程”，大力发展乡村游、农耕游，大力推进研学旅游。三是重特色强带动，在全面推进乡村振兴上加压奋进。坚决守牢两条底线，守住不发生规模性返贫底线，坚决遏制耕地“非农化”、防止“非粮化”，确保全年粮食总产量稳定在亿公斤以上。全力推进乡村振兴示范区建设，实现高标准农田改造万亩以上，规模化经营万亩以上，加快构建“”县乡村三级技能培训体系，实现农村劳动力技能培训人以上。大力发展现代农业，围绕“”特色产业体系，加快推进鸦岭富硒食品深加工、江左食品加工产业园等项目，全力打造循环农业示范区，全年新增肉牛头以上、肉羊万只以上、肉鸡万羽以上。发展壮大集体经济，加大金融惠农力度，持续深化“三变”改革，实现农村集体经济持续增收，年底前实现以上行政村（社区）经营性收入达到万元以上，以上的行政村（社区）实现分红。扎实推进乡村建设，建成区域垃圾中转站座、乡镇供水及污水处理站座、改厕户，高标准打造个供排水一体化示范村，完成鸣皋、鸦岭个省级乡村建设示范镇和个县级乡村振兴示范村建设任务。谋划实施集镇建设项目个，统筹推进个中心镇和其他镇区道路等基础设施建设。提升乡村治理水平，扎实推进“五星”支部创建，夯实乡村社会治理基层基础。全面推进乡里中心建设，年底前全县个行政村（涉农社区）乡里中心实现全覆盖。四是夯基础提品质，在加快提升城市能级上加压奋进。建强综合交通体系，开工建设国道、省道改建工程，县客运物流中心、条乡村公路以及座危桥改造项目年底前竣工投用。加快城市更新步伐，年底前完成理学路大修、文博大道（龙凤大道至文化路段）改扩建工程，完成条背街小巷和个老旧小区改造。不断完善城市功能，新建改扩建体育公园个、公厕座、垃圾中转站个，新建、改造供热管网公里，新增入网面积万平方米。持续提升治理水平，加快推进“智慧城市”建设，深入开展交通秩序、市容市貌、农贸市场、小区物业等整治行动，营造更加宜居舒适的城市空间。五是深改革扩开放，在加速释放动能活力上加压奋进。深化重点领域改革，不断推进开发区“三化三制”改革，持续深化国企改革，纵深推进农村集体产权制度改革，加快财税体制改革。打造一流营商环境，加快数字政府建设，持续深化商事制度改革，大力推进服务型执法、柔性执法，营造公正透明的市场环境。狠抓招商引资质效，瞄准风口产业，扎实开展产业链招商、以商招商、园区招商，全年引进亿元以上项目个以上，投资额不低于亿元。六是惠民生增福祉，在实现人民美好生活上加压奋进。全面保障就业创业，开展各类职业技能培训万人次，新增技能人才万人，新增城镇就业人以上，确保零就业家庭动态清零。促进创业带动就业，新增就业岗位个以上。努力办好人民满意教育，实施中小学、幼儿园新建改扩建项目个，新增各阶段学位个以上，培养省市县名师和骨干教师名，初中毕业生接受高中阶段教育比例达到以上。大力推进健康伊川建设，年底前实现家庭病床服务全覆盖，医共体信息化平台上半年建成投用，年底前完成个国家卫生村和个省级文明村创建任务。持续提升公共服务水平，建成区域养老服务中心个、集中助老服务站点个、村级养老服务点个，新增养老床位张以上。七是严治理优生态，在不断夯实绿色基底上加压奋进。巩固提升生态质量，高标准完成荆山森林公园森林抚育工程亩，全年完成绿化造林万亩。加快绿色低碳转型，大力发展碳汇林和光伏发电，餐厨垃圾处理及综合利用项目上半年建成投用。八是防风险守底线，在有效提升治理能力上加压奋进。防范化解重大风险，强化公共安全保障，提升社会治理效能，坚持统筹发展和安全，筑牢防风险、保安全、护稳定的铜墙铁壁。关于加强政府自身建设，王智朋说，要强化政治引领，铸牢忠诚之魂；坚持依法行政，厚植法治之基；勇于担当作为，狠抓落实之要；全面从严治党，严守清廉之本。在奋进新征程的赶考路上，我们将牢记初心使命，忠诚履职、锐意进取，全力打造人民满意的服务型政府。王智朋最后说，没有等出来的辉煌，只有拼出来的精彩。让我们更加紧密团结在以习近平同志为核心的党中央周围，坚持以习近平新时代中国特色社会主义思想为指引，在省委省政府、市委市政府和县委的正确领导下，坚定信心、铆足干劲、攻坚克难，全力以赴为伊川高质量发展不懈奋斗。会议书面听取了伊川县年国民经济和社会发展计划执行情况与年国民经济和社会发展计划（草案）报告；听取了伊川县年财政预算执行情况和年财政预算（草案）报告。会议以举手表决的方式通过了大会选举办法和民生实事项目票决办法。出席县政协十届三次会议的全体委员，及县直有关部门负责同志列席会议。伊川县融媒体中心的微博视频,0.9803921568627452,0.0,0.6807702714927123,0.0,2023-01-23 00:51:50
年延庆持续擦亮长城、世园、冬奥三张“金名片”新京报讯（记者曹晶瑞）年，延庆区将继续抢占文旅发展高地，持续擦亮长城、世园、冬奥三张“金名片”这是记者从延庆区两会上获悉的。年，延庆区文旅建设加速提档升级。在遗产利用联动提速方面，延庆区成功举办雪车和钢架雪车世界杯延庆站、全国雪车锦标赛、全国桥牌俱乐部锦标赛等场高级别赛事，成功申办年度高山滑雪远东杯等项国际国家级比赛，世园草莓音乐节入选文旅部全国旅游演艺精品名录，制定实施户外运动城市三年行动计划，举办冰雪经济发展论坛，世园之城、冬奥之城知名度不断提高。文旅融合联动提质方面，延庆区当好长城文化带建设“领头雁”，策划推出《长城筑梦》原创舞台剧和《洞见长城》专题片，举办北京长城音乐会，北京首家“燕京八绝非遗驿站”落户延庆。完成中国长城博物馆改造项目拆迁腾退，推进周边环境提升工程。氧吧骑行等个项目入选北京市体育旅游精品项目，永宁古城入选第二批北京市旅游休闲街区。举办首届京津冀晋生态旅游观鸟季活动和第届野鸭湖北京高校观鸟赛，夜长城、世园花灯、宝林夜市、花海夜市点亮夜经济，法定节假日乡村旅游接待量实现全市“五连冠”。资源整合联动提效方面，延庆区深化京张体育文化旅游带建设，举办第三届京张体育文化旅游带发展大会、第六届北方民宿大会，推出主题精品线路条，在个城市开展旅游产品推介，京外客源市场有效拓展，预计旅游综合收入亿元、同比增长。成功入选冰雪旅游城市十二佳、第九届中国冬游名城案例、全国避暑旅游优选地，八达岭长城景区获评第二批国家级文明旅游示范单位。新京报记者从延庆区“两会”上获悉，年，延庆区将精准施策抓经济，推动高质量绿色发展再上台阶。以“园区建设”为载体、“文旅建设”为特色、“财源建设”为抓手积蓄最美冬奥城发展动能。以产业政策的精准性驱动市场主体的活跃度，跑出经济发展加速度。延庆区将发挥园区引擎作用。加快“一园两区”建设，完善园区电力、道路、管网，补齐基础设施短板。推动出台北京市无人驾驶航空示范区方案，在产业、场景、先进技术、低空安全等方面形成示范效应。加快建设航天时代飞鸿无人系统创新基地一期工程、实现二期项目开工。优化招商平台动态管理，全年新引进企业不少于家，园区“六类企业”总收入达到亿元。同时，延庆区将在文旅发展层面持续发力。持续擦亮长城、世园、冬奥三张“金名片”，继续实施京张体育文化旅游带建设三年行动计划，开展“爱我中华修我长城”题词周年纪念系列文化活动，以八达岭长城景区为核心打造国家级文化旅游消费集聚区。高水平办好钢架雪车和雪橇世界杯、高山滑雪远东杯等系列赛事。实施新一轮世园会后利用三年行动计划，坚持“生态”运营模式，建好国际营地交流中心，建设国家级研学营地和“水陆空”综合体育公园，打造北京世园妫河国际旅游度假区。加快“户外运动城市”建设，加强文体旅商农消费跨界融合，全年接待游客不低于万人次，旅游综合收入不低于亿元。此外，延庆区还将开展“财源建设提升年”行动，持续强化全员招商意识，提高实体企业数量和有税率。高标准完成新一轮营商环境改革，持续提高市级“服务包”月考评成绩和高质量发展综合绩效评价指数。提升政务服务“好差评”质效，全面推广电子证照、电子签章、电子税票应用。深化“两区”建设，实现新增入库项目数、进出口金额和实际利用外资量进一步增加。,0.196078431372549,0.9971076541087888,0.6284033275317344,0.1652095206745681,2023-01-22 11:57:18
菏泽日报今天，多位知名企业家共聚菏泽话发展月日，省工商联携手多位知名企业家共聚菏泽，召开助力菏泽市民营经济高质量发展大会，共享发展机遇，共创美好未来。省人大常委会副主任、省工商联主席、省总商会会长王随莲，省委统战部副部长、省工商联党组书记、常务副主席张鲲，市委书记张伦出席会议，市委副书记、市长李春英主持会议。王随莲在致辞中指出，以习近平同志为核心的党中央高度重视民营经济发展和工商联工作，年，党中央、国务院先后印发《关于促进民营经济发展壮大的意见》《关于加强新时代工商联工作的意见》，充分彰显了党中央鼓励支持民营经济发展壮大的鲜明态度和坚定决心。省委、省政府坚持把发展民营经济放在重要位置，高规格召开全省民营经济高质量发展工作会议、民营企业家座谈会，出台条支持民营经济高质量发展的意见，谋划实施民营经济发展十大专项行动等，为民营经济发展提供了坚强引领和有力保障。王随莲强调，今天的菏泽正处在积厚成势、蓄势跃升的新起点上，黄河重大国家战略、绿色低碳高质量发展先行区建设等深入推进，鲁西新区建设全面起势，特别是新一轮“突破菏泽鲁西崛起三年行动计划”深入实施，特色产业体系蓄能起势，重大基础设施加快完善，重点项目建设拉动强劲，区位交通优势更加彰显，干事创业氛围空前浓厚，这为民营经济发展开辟了广阔空间。省工商联、省总商会将进一步发挥优势作用，不断深化与菏泽方面的沟通联系，一如既往地支持引导民营企业与地方深度合作，共同助力菏泽经济社会高质量发展。张伦代表市委、市政府，对参会嘉宾的到来表示欢迎，对省工商联及各界人士长期以来给予菏泽的关心支持表示感谢，并介绍了我市基本情况。他说，近年来，菏泽始终把后来居上作为“总目标”用心笃行、把重点产业作为“强引擎”用心打造、把营商环境作为“金招牌”用心擦靓、把民营企业作为“自己人”用心呵护，民营经济实力持续壮大，已成为推动菏泽高质量发展的关键支撑。真诚希望借助省工商联搭建的重要平台，同企业家建立更紧密联系、结下更深厚友谊。诚挚邀请海内外企业家和创业者，来菏考察观光、投资兴业，共享发展机遇、共创美好明天。中国民间商会副会长、省总商会副会长、山东东明石化集团有限公司党委书记、董事局主席李湘平，省工商联副主席、即发集团有限公司党委书记、董事长杨为东先后发言，表示十分看好菏泽发展的前景和资源区位优势，愿积极把握商机、投资菏泽，在助推菏泽高质量发展中实现共赢。副市长张鹏作了招商引资推介。会上举行了项目集中签约仪式，签订合作项目个，投资总额达亿元，涵盖新能源、生物医药、机电设备制造、新材料、食品加工、商贸物流等产业。会后，与会嘉宾还深入部分县区进行实地考察。省工商联、省总商会、有关市领导，市直有关部门、各县区主要负责同志及市内外企业家代表等参加会议。（菏泽报业全媒体记者胡德光）,1.0,0.7436614667181501,1.0,1.0,2023-01-22 11:11:46
工信部：年要出台未来产业发展行动计划瞄准人形机器人、量子信息等产业全国工业和信息化工作会议在京召开。会议强调，年要加快培育新兴产业。启动智能网联汽车准入和上路通行试点，推进北斗规模应用和卫星互联网发展。壮大新能源、新材料、高端装备、生物医药及高端医疗装备、安全应急装备等新兴产业，打造生物制造、商业航天、低空经济等新的增长点。出台未来产业发展行动计划，瞄准人形机器人、量子信息等产业，着力突破关键技术、培育重点产品、拓展场景应用。会议强调，年要推动信息通信业高质量发展。统筹“建、用、研”各项工作，推进、千兆光网规模部署，加快布局智能算力设施，加强预研。创新信息通信市场监管，纵深推进行风建设和纠风工作，完善应急通信预案和指挥体系。推动规模化应用，出台工业互联网高质量发展指导意见。开展关键信息基础设施防护提升专项行动，提升行业数据安全管理水平。（工信部）,0.4117647058823529,-0.8121623659194361,0.7200454794634457,-0.3237998395457174,2023-01-22 19:45:13
房地产债务问题如何化解？国家金融监督管理总局：积极配合化解地方债务风险，促进金融与房地产良性循环。地方化债，目前采取的是发行特别债。房地产化债怎么处理，貌似没有一个明确的方向。靠房地产行业自身解决嘛？有问题的房企比没问题的房企多，而且没问题的房企也不见得资金特别充裕。靠地方政府解决嘛？过去一年多也的确这样搞，但地方现在也没钱了。靠中央支持？暂时也没有一个说法。反正这事让人头疼。,0.0802919708029197,-0.0018951938292637,0.5753408684470543,-0.0004305754167662,2023-01-23 21:16:49
国家金融监督管理总局：积极配合化解地方债务风险，促进金融与房地产良性循环钛媒体月日消息，月日至日，金融监管总局召开学习贯彻中央金融工作会议精神专题研讨班暨监管工作座谈会，会议强调，要坚持目标导向、问题导向，对风险早识别、早预警、早暴露、早处置，牢牢守住不发生系统性金融风险底线。深入推进中小金融机构改革转型。更好发挥保险业经济“减震器”和社会“稳定器”功能。积极配合化解地方债务风险。促进金融与房地产良性循环。大力支持超大特大城市“平急两用”公共基础设施、城中村改造、保障性住房等“三大工程”建设。,0.0145985401459854,0.029130850433498,0.6662195540422068,0.0013934077501165,2023-01-29 17:16:50
住建部：解决好新市民、青年人的住房问题让他们放开手脚为美好生活去奋斗；国家金融监督管理总局：积极配合化解地方债务风险促进金融与房地产良性循环。每天都有房地产利好政策，但房地产股票就是不上涨，因为房子卖不出去，房地产暴雷的风险还没有解除。股票,0.1970802919708029,0.9995990690656704,0.6781163317929605,0.6570092718878605,2023-01-24 09:42:53
周末重磅金融监管总局发声事关地方债、房地产、超大特大城市建设会议强调，要坚持目标导向、问题导向，对风险早识别、早预警、早暴露、早处置，牢牢守住不发生系统性金融风险底线。深入推进中小金融机构改革转型。更好发挥保险业经济“减震器”和社会“稳定器”功能。积极配合化解地方债务风险。促进金融与房地产良性循环。大力支持超大特大城市“平急两用”公共基础设施、城中村改造、保障性住房等“三大工程”建设。,0.1824817518248175,-0.0324107980906053,0.7216449939599294,-0.0209908983013216,2023-01-22 08:58:36
这个周六不简单股市场再传利好而且一个比一个重磅、证监会：修订辅导规定，关键少数的“口碑声誉”纳入验收内容、沪深交易所：修订转融通指南，杜绝“高瓴”式钻空子，避免“同益中”式误读、住建部：构建房地产发展新模式，推动房地产高质量发展、国家金融监督管理总局：积极配合化解地方债务风险，促进金融与房地产良性循环、央行、外汇局最新修订持续深化外汇领域改革开放或许很多人面对利好，已经麻木了，但千万不要忽视了他们的影响力所有的利好，不仅是对现有制度的补充和完善，也是在为股的中长期走强做铺垫只有基础扎实了，未来的反转行情，才能爬的更高走的更远,1.0,-0.3133923289334093,0.6488037984094179,-1.0,2023-01-22 18:40:14
金融监管总局召开学习贯彻中央金融工作会议精神专题研讨班暨监管工作座谈会，会议强调，要坚持目标导向、问题导向，对风险早识别、早预警、早暴露、早处置，牢牢守住不发生系统性金融风险底线。积极配合化解地方债务风险。促进金融与房地产良性循环。大力支持超大特大城市“平急两用”公共基础设施、城中村改造、保障性住房等“三大工程”建设。网页链接,0.0145985401459854,0.5409423443924979,0.6662195540422068,0.0258747425435951,2023-01-24 13:11:32
国家金融监督管理总局：牢牢守住不发生系统性金融风险底线金融监管总局召开学习贯彻中央金融工作会议精神专题研讨班暨监管工作座谈会，会议强调，要坚持目标导向、问题导向，对风险早识别、早预警、早暴露、早处置，牢牢守住不发生系统性金融风险底线。深入推进中小金融机构改革转型。更好发挥保险业经济“减震器”和社会“稳定器”功能。积极配合化解地方债务风险。促进金融与房地产良性循环。大力支持超大特大城市“平急两用”公共基础设施、城中村改造、保障性住房等“三大工程”建设。会议要求，不断提升经济金融适配性，全力以赴支持中国式现代化建设。聚焦国家重大战略优化金融供给，服务建设现代化产业体系。助力实施区域协调发展战略。着力推进金融高水平开放。聚焦难点堵点提升科技金融质效，聚焦“双碳”目标健全绿色金融体系，聚焦薄弱环节加强普惠金融服务，聚焦现实需求加快发展养老金融，聚焦效能和安全促进数字金融发展，切实做好五篇大文章。,0.1605839416058394,0.1098611050229826,0.6662635488773943,0.0578083248664663,2023-01-23 22:36:52
国家金融监督管理总局：牢牢守住不发生系统性金融风险底线月日至日，金融监管总局召开学习贯彻中央金融工作会议精神专题研讨班暨监管工作座谈会，会议强调，要坚持目标导向、问题导向，对风险早识别、早预警、早暴露、早处置，牢牢守住不发生系统性金融风险底线。深入推进中小金融机构改革转型。更好发挥保险业经济“减震器”和社会“稳定器”功能。积极配合化解地方债务风险。促进金融与房地产良性循环。大力支持超大特大城市“平急两用”公共基础设施、城中村改造、保障性住房等“三大工程”建设。,0.0218978102189781,-0.0863005530467415,0.6662195540422068,-0.0061919850089441,2023-01-22 10:16:26
国家金融监督管理总局：积极配合化解地方债务风险促进金融与房地产良性循环金融监管总局召开学习贯彻中央金融工作会议精神专题研讨班暨监管工作座谈会，会议强调，要坚持目标导向、问题导向，对风险早识别、早预警、早暴露、早处置，牢牢守住不发生系统性金融风险底线。深入推进中小金融机构改革转型。更好发挥保险业经济“减震器”和社会“稳定器”功能。积极配合化解地方债务风险。促进金融与房地产良性循环。大力支持超大特大城市“平急两用”公共基础设施、城中村改造、保障性住房等“三大工程”建设。,0.0218978102189781,0.3082598201974957,0.6662195540422068,0.0221173575155298,2023-01-23 08:40:57
牢牢守住不发生系统性金融风险底线，积极配合化解地方债务风险，促进金融与房地产良性循环。,0.8321167883211679,0.0544279222102159,0.5188290462452261,0.1155655992826269,2023-01-23 07:21:02
实时播报：国家金融监督管理总局：牢牢守住不发生系统性金融风险底线金融监管总局召开学习贯彻中央金融工作会议精神专题研讨班暨监管工作座谈会，会议强调，要坚持目标导向、问题导向，对风险早识别、早预警、早暴露、早处置，牢牢守住不发生系统性金融风险底线。深入推进中小金融机构改革转型。更好发挥保险业经济“减震器”和社会“稳定器”功能。积极配合化解地方债务风险。促进金融与房地产良性循环。大力支持超大特大城市“平急两用”公共基础设施、城中村改造、保障性住房等“三大工程”建设。（国家金融监督管理总局）,0.1386861313868613,0.4945780601103565,0.6202889899565238,0.2092474660967728,2023-01-22 23:33:57
国家金融监督管理总局：积极配合化解地方债务风险促进金融与房地产良性循环财联社月日电，金融监管总局召开学习贯彻中央金融工作会议精神专题研讨班暨监管工作座谈会，会议强调，要坚持目标导向、问题导向，对风险早识别、早预警、早暴露、早处置，牢牢守住不发生系统性金融风险底线。深入推进中小金融机构改革转型。更好发挥保险业经济“减震器”和社会“稳定器”功能。积极配合化解地方债务风险。促进金融与房地产良性循环。大力支持超大特大城市“平急两用”公共基础设施、城中村改造、保障性住房等“三大工程”建设。,0.4817518248175182,-0.0534722421686879,1.0,-0.1266922408919052,2023-01-23 09:16:33
楼市早知道房地产超话楼市房地产深圳楼市、住建住建部部长倪虹：解决好新市民、青年人的住房问题让他们放开手脚为美好生活去奋斗、学校深圳海岸学校将动工将提供个学位，后海东角头项目附近、光明深圳将建高端医疗设备研发及制造基地，遴选方案公示，位于光明、浙江类人才可获万购房补贴为稳楼市这个县级市拼了、资讯知情人士：瑞银公司或将接替瑞士信贷担任万达商管整体协调人,0.040650406504065,0.039124343203973,0.6666666666666666,0.003598130994912,2023-01-23 07:51:37
部长喊话“解决好新市民、青年人的住房问题”住房深圳买房楼市调控房价部长喊话“解决好新市民、青年人的住房问题，让他们放开手脚为美好生活去奋斗”深圳熊大的微博视频,0.048780487804878,0.021923427465005,0.6787878787878787,0.0024634567722928,2023-01-22 21:58:28
住建部：解决好新市民、青年人的住房问题让他们放开手脚为美好生活去奋斗；国家金融监督管理总局：积极配合化解地方债务风险促进金融与房地产良性循环。每天都有房地产利好政策，但房地产股票就是不上涨，因为房子卖不出去，房地产暴雷的风险还没有解除。股票,0.2195121951219512,0.9995990690656704,0.6727272727272727,0.5009331894047435,2023-01-24 09:42:53
住建部部长倪虹：解决好新市民、青年人的住房问题让他们放开手脚为美好生活去奋斗,0.1707317073170731,0.3776200295471235,0.4547709693967387,0.0994988852770551,2023-01-22 15:29:29
住建部部长倪虹：解决好新市民、青年人的住房问题让他们放开手脚为美好生活去奋斗财联社月日电，“三大工程”建设是党中央作出的重大战略部署，“三大工程”的基本要求是什么？对此，住房城乡建设部党组书记、部长倪虹在接受采访时表示，近日召开的中央金融工作会议提出，加快保障性住房等“三大工程”建设。这是中央作出的重大决策部署，是根据房地产市场新形势推出的重要举措。目前，有关工作已经启动。规划建设保障性住房，是完善住房制度和供应体系、重构市场和保障关系的重大改革。这次改革的重点是拓展了配售型保障性住房的新路子，最终是实现政府保障基本需求、市场满足多层次住房需求，建立租购并举的住房制度。要求是，城市党委、政府担负起主体责任，解决好群众的住房问题，尤其是新市民、青年人的住房问题，让他们放开手脚为美好生活去奋斗。青年人有希望，城市才能有未来。城中村改造，是解决群众急难愁盼问题的重大民生工程，重点是，消除安全风险隐患，改善居住环境，促进产业转型升级，推动城市高质量发展。“平急两用”公共基础设施建设，是统筹发展与安全、提高城市韧性的重大举措，关键是，平时用得着、急时用得上。,1.0,-0.2946752925699472,1.0,-1.0,2023-01-22 10:27:35
倪虹称解决好新市民青年人的住房问题住建部部长倪虹：解决好新市民、青年人的住房问题让他们放开手脚为美好生活去奋斗每经快讯，月日，“三大工程”建设是党中央作出的重大战略部署，“三大工程”的基本要求是什么？对此，住房城乡建设部党组书记、部长倪虹在接受采访时表示，近日召开查看图片展开,0.1138211382113821,0.0581249699957683,0.553064644154411,0.0124170330968208,2023-01-23 08:36:42
实时播报：住建部部长：解决好新市民、青年人的住房问题让他们放开手脚为美好生活去奋斗住房城乡建设部党组书记、部长倪虹表示，规划建设保障性住房，是完善住房制度和供应体系、重构市场和保障关系的重大改革。这次改革的重点是拓展了配售型保障性住房的新路子，最终是实现政府保障基本需求、市展开,0.2357723577235772,0.1711040847931874,0.5551178958297851,0.0759967060639261,2023-01-22 18:20:58
南京超话杭州土地取消限价，南京还远吗？杭州第批次宗宅地挂牌，随之而来的是众望所归的土拍新规：土地恢复“价高者得”的竞价方式，不再摇号；上城、拱墅、滨江、西湖、萧山、余杭六区依然限房价，富阳、临安、临平、钱塘四区房价不再设限。,0.0134228187919463,0.277582533301943,0.6612606447027555,0.0301210854758135,2023-01-27 04:25:05
业内人士：取消地价限制有利于吸引房企拿地财联社月日电，杭州第批次宗宅地月日挂牌出让，土地限价规则取消，恢复“价高者得”的竞价方式。数据显示，个采取“两集中”土地出让方式的城市中，有个城市已经取消土地限价。业内人士表示，取消地价限制，有利于吸引房企拿地，进而逐步恢复投资热情。浙江大学国际联合商学院数字经济与金融创新研究中心联席主任、研究员盘和林对记者表示，目前，房企杠杆过高，绝大多数房企为了降杠杆都选择减少拿地，聚焦房屋存量去库存，而地方政府面临土地出让增加财政收入的压力，因此两者之间存在一定矛盾。取消地价限制，有利于吸引房企拿地，进而逐步恢复投资热情。中证报,0.0697986577181208,-0.2119787886054474,0.7245058807276147,-0.1310519453079689,2023-01-30 19:54:28
多个热点城市取消土地限价，业内：有利于吸引房企拿地，逐步恢复投资热情月日，杭州第批次宗宅地挂牌出让，土地限价规则取消，恢复“价高者得”的竞价方式。放开地价的同时，杭州部分区域放开了新房限价政策。数据显示，个采取“两集中”土地出让方式的城市中，有个城市已经取消土地展开,0.0375838926174496,-0.0063304413926237,0.5699239919148836,-0.0016577337173673,2023-01-25 22:14:06
多城调整土地限价政策月日，杭州第批次宗宅地挂牌出让，土地限价规则取消，恢复“价高者得”的竞价方式。数据显示，个采取“两集中”土地出让方式的城市中，有个城市已经取消土地限价。业内人士表示，取消地价限制，有利于吸引房企拿地，进而逐步恢复投资热情。浙江大学国际联合商学院数字经济与金融创新研究中心联席主任、研究员盘和林对记者表示，目前，房企杠杆过高，绝大多数房企为了降杠杆都选择减少拿地，聚焦房屋存量去库存，而地方政府面临土地出让增加财政收入的压力，因此两者之间存在一定矛盾。取消地价限制，有利于吸引房企拿地，进而逐步恢复投资热情。（中证报）,0.0093959731543624,0.2754408799015079,0.9239068443020284,0.0292321278078006,2023-01-22 21:16:15
多个热点城市调整土地限价政策月日，杭州第批次宗宅地挂牌出让，土地限价规则取消，恢复“价高者得”的竞价方式。数据显示，个采取“两集中”土地出让方式的城市中，有个城市已经取消土地限价。业内人士表示，取消地价限制，有利于吸引房企拿地，进而逐步恢复投资热情。浙江大学国际联合商学院数字经济与金融创新研究中心联席主任、研究员盘和林对记者表示，目前，房企杠杆过高，绝大多数房企为了降杠杆都选择减少拿地，聚焦房屋存量去库存，而地方政府面临土地出让增加财政收入的压力，因此两者之间存在一定矛盾。取消地价限制，有利于吸引房企拿地，进而逐步恢复投资热情。,0.0080536912751677,0.2877814258285525,0.7183596120015877,0.0203545602900682,2023-01-29 13:56:17
多个热点城市调整土地限价政策月日，杭州第批次宗宅地挂牌出让，土地限价规则取消，恢复“价高者得”的竞价方式。数据显示，个采取“两集中”土地出让方式的城市中，有个城市已经取消土地限价。业内人士表示，取消地价限制，有利于吸引房企拿地，进而逐步恢复投资热情。浙江大学国际联合商学院数字经济与金融创新研究中心联席主任、研究员盘和林对记者表示，目前，房企杠杆过高，绝大多数房企为了降杠杆都选择减少拿地，聚焦房屋存量去库存，而地方政府面临土地出让增加财政收入的压力，因此两者之间存在一定矛盾。取消地价限制，有利于吸引房企拿地，进而逐步恢复投资热情。（中证报；艾塔）多个热点城市调整土地限价政策,0.010738255033557,0.5297450424929182,0.7525672125730919,0.0523368992424878,2023-01-29 12:08:50
限价取消杭州六大中心区土地限价取消，新房限价不变。四区双限全部取消。对你买房有啥影响？减配地王房屋质量杭州楼市买房主持人狄可的微博视频,0.0013422818791946,0.0737911597898814,0.6841520114300835,0.0008284432272137,2023-01-28 16:55:31
没想到第一个吃螃蟹的竟然是杭州杭州土地取消限价,0.0523489932885906,-0.2575682653077294,0.5791225195574548,-0.095462591645475,2023-01-28 09:01:09
杭州土地取消限价和房东直接聊,0.0013422818791946,0.4736842105263161,0.7183596120015877,0.0055838870269058,2023-01-27 12:41:30
杭州土地取消限价首先我得买得起,0.0040268456375838,-0.5262930676961013,0.6841520114300835,-0.017725860199402,2023-01-27 11:36:47
杭州区不再限房价杭州取消土地限价杭州第批次宗宅地挂牌，随之而来的是众望所归的土拍新规：土地恢复“价高者得”的竞价方式，不再摇号；上城、拱墅、滨江、西湖、萧山、余杭六区依然限房价，富阳、临安、临平、钱塘四区房价不再设限。今年月底，自然资源部下发有关文件，文件建议各省市自然资源部主管部门，取消土地拍卖中的地价限制、建议取消远郊容积率限制等。截至发稿，个集中供地城市中，有个城市已相继发布新挂牌宅地公告，包括杭州在内的城不再设置地价上限；其中，郑州的部分城区依然限制了地价；仅北京、上海则维持地价、房价“双限”。潮新闻浙江经视的微博视频,0.3812080536912752,-0.3365972927789756,0.6374780476883393,-1.0,2023-01-26 23:48:01
杭州土地取消限价月日，杭州第批次宗宅地挂牌，土地恢复“价高者得”的竞价方式，不再摇号，把选择权交给了市场,0.0040268456375838,0.910206962113456,0.6841520114300835,0.0306563060645555,2023-01-26 23:21:40
杭州土地出让不再摇号恢复价高者得，六主城区新房仍限价月日，杭州宗宅地挂牌。公告明确，该批涉宅地块实行自由竞价，按照价高者得的原则确定竞得人。澎湃新闻注意到，这意味着杭州土地出让恢复“价高者得”竞价方式，不再摇号。同时，宗地块中，位于上城、拱墅、滨江、西湖、萧山、余杭六区的依然限新房房价，位于富阳、临安、临平、钱塘四区房价不再设限，取消“双限”。网页链接,0.0765100671140939,0.3080010037331631,0.6225460300735136,0.1793511901159455,2023-01-26 21:57:03
杭州土地取消限价月日，杭州第批次宗宅地挂牌，随之而来的是众望所归的土拍新规：土地恢复价高者得的竞价方式，不再摇号；上城、拱墅、滨江、西湖、萧山、余杭六区依然限房价；富阳、临安、临平、钱塘四区房价不再设限。,0.0093959731543624,-0.276714513556619,0.686879890263537,-0.0218331594977374,2023-01-26 20:13:56
正确：杭州土地取消限价月日，杭州第批次宗宅地挂牌，随之而来的是众望所归的土拍新规：土地恢复价高者得的竞价方式，不再摇号；上城、拱墅、滨江、西湖、萧山、余杭六区依然限房价；富阳、临安、临平、钱塘四区房价不再设限。,0.0013422818791946,-0.0513067376723703,0.6841520114300835,-0.0005760137048413,2023-01-26 15:21:34
杭州土地取消限价杭州第批次宗宅地挂牌，随之而来的是众望所归的土拍新规：土地恢复“价高者得”的竞价方式，不再摇号；上城、拱墅、滨江、西湖、萧山、余杭六区依然限房价，富阳、临安、临平、钱塘四区房价不再设限。今年月底，自然资源部下发有关文件，文件建议各省市自然资源部主管部门，取消土地拍卖中的地价限制、建议取消远郊容积率限制等。截至发稿，个集中供地城市中，有个城市已相继发布新挂牌宅地公告，包括杭州在内的城不再设置地价上限；其中，郑州的部分城区依然限制了地价；仅北京、上海则维持地价、房价“双限”。杭州土地取消限价,0.0255033557046979,-0.2293973477962335,0.5689203959497532,-0.0406910882062678,2023-01-26 11:41:55
杭州土地取消限价月日，杭州第批次宗宅地挂牌，随之而来的是众望所归的土拍新规：土地恢复价高者得的竞价方式，不再摇号；上城、拱墅、滨江、西湖、萧山、余杭六区依然限房价；富阳、临安、临平、钱塘四区房价不再设限。今年月底，自然资源部下发有关文件，文件建议各省市自然资源部主管部门，取消土地拍卖中的地价限制、建议取消远郊容积率限制等。截至发稿，个集中供地城市中，有个城市已相继发布新挂牌宅地公告，包括杭州在内的城不再设置地价上限；其中，郑州的部分城区依然限制了地价；仅北京、上海则维持地价、房价双限。杭州楼市房地产,0.0067114093959731,0.9363404667089924,0.6841520114300835,0.052560829794521,2023-01-25 23:35:26
熟悉的感觉都回来了，除了降价，都好谈杭州土地取消限价财联社月日电，杭州第批次宗宅地挂牌，随之而来的是众望所归的土拍新规：土地恢复“价高者得”的竞价方式，不再摇号；上城、拱墅、滨江、西湖、萧山、余杭六区依然限房价，富阳、临安、临平、钱塘四区房价不再设限。今年月底，自然资源部下发有关文件，文件建议各省市自然资源部主管部门，取消土地拍卖中的地价限制、建议取消远郊容积率限制等。截至发稿，个集中供地城市中，有个城市已相继发布新挂牌宅地公告，包括杭州在内的城不再设置地价上限；其中，郑州的部分城区依然限制了地价；仅北京、上海则维持地价、房价“双限”。当铺大老板的微博视频,0.0281879194630872,0.9095093406684986,0.7183596120015877,0.2251511517639167,2023-01-25 15:53:53
刚刚，杭州取消土地限价四区不再限房价月日，杭州第批次宗宅地挂牌，随之而来的是众望所归的土拍新规：、土地恢复“价高者得”的竞价方式，不再摇号；、上城、拱墅、滨江、西湖、萧山、余杭六区依然限房价，富阳、临安、临平、钱塘四区房价不再设限。,0.010738255033557,0.4270275413500124,0.7102446472245941,0.0398161853701504,2023-01-25 10:29:55
重磅杭州土地取消限价杭州第批次宗宅地挂牌，随之而来的是众望所归的土拍新规：土地恢复“价高者得”的竞价方式，不再摇号；上城、拱墅、滨江、西湖、萧山、余杭六区依然限房价，富阳、临安、临平、钱塘四区房价不再设限。今年月底，自然资源部下发有关文件，文件建议各省市自然资源部主管部门，取消土地拍卖中的地价限制、建议取消远郊容积率限制等。截至发稿，个集中供地城市中，有个城市已相继发布新挂牌宅地公告，包括杭州在内的城不再设置地价上限；其中，郑州的部分城区依然限制了地价；仅北京、上海则维持地价、房价“双限”。杭州今日看盘,0.2013422818791946,0.2388291801933513,0.7183596120015877,0.4223051342939455,2023-01-25 09:27:52
杭州土地取消限价财联社月日电，杭州第批次宗宅地挂牌，随之而来的是众望所归的土拍新规：土地恢复“价高者得”的竞价方式，不再摇号；上城、拱墅、滨江、西湖、萧山、余杭六区依然限房价，富阳、临安、临平、钱塘四区房价不再设限。今年月底，自然资源部下发有关文件，文件建议各省市自然资源部主管部门，取消土地拍卖中的地价限制、建议取消远郊容积率限制等。截至发稿，个集中供地城市中，有个城市已相继发布新挂牌宅地公告，包括杭州在内的城不再设置地价上限；其中，郑州的部分城区依然限制了地价；仅北京、上海则维持地价、房价“双限”。潮新闻,0.0308724832214765,0.8631625971267823,1.0,0.3257813783788781,2023-01-24 22:57:10
杭州土地取消限价你近期有在杭州购房的打算吗？,0.970469798657718,0.1451439617996086,0.5664406462295569,0.9754330973226916,2023-01-24 22:16:56
杭州土地取消限价月日，杭州第批次宗宅地挂牌，随之而来的是土拍新规：、土地恢复“价高者得”的竞价方式，不再摇号；、上城、拱墅、滨江、西湖、萧山、余杭六区依然限房价，富阳、临安、临平、钱塘四区房价不再设限。今年月底，自然资源部下发有关文件，文件建议各省市自然资源部主管部门，取消土地拍卖中的地价限制、建议取消远郊容积率限制等。截至发稿，个集中供地城市中，有个城市已相继发布新挂牌宅地公告，包括杭州在内的城不再设置地价上限；其中，郑州的部分城区依然限制了地价；仅北京、上海则维持地价、房价“双限”。,0.010738255033557,-0.0324125991761826,0.6841520114300835,-0.0029111344329444,2023-01-24 20:28:05
杭州土地取消限价月日，杭州第批次宗宅地挂牌，随之而来的是土拍新规：、土地恢复“价高者得”的竞价方式，不再摇号；、上城、拱墅、滨江、西湖、萧山、余杭六区依然限房价，富阳、临安、临平、钱塘四区房价不再设限。今年月底，自然资源部下发有关文件，文件建议各省市自然资源部主管部门，取消土地拍卖中的地价限制、建议取消远郊容积率限制等。截至发稿，个集中供地城市中，有个城市已相继发布新挂牌宅地公告，包括杭州在内的城不再设置地价上限；其中，郑州的部分城区依然限制了地价；仅北京、上海则维持地价、房价“双限”。点击图片查看完整新闻,1.0,0.0242050710844406,0.8131898743120453,0.2406358918987944,2023-01-24 19:29:16
重磅杭州突发挂地，土地全部取消限价重磅，杭州刚刚多宗宝地挂牌，土地限价政策有变在等待许久之后，最新的土地挂牌终于登场，一共宗，涉及了杭州多个区域。最为关键的是，这批地块的双限政策有变划重点：上城区、拱墅区、滨江区、西湖区、萧山区、余杭区的土地限价取消，但是新房限价保持不变；临平区、钱塘区、富阳区、临安区，土地限价和新房限价全部取消。（小鸡评房）,0.0563758389261744,-0.0815771753901929,0.5153892759068217,-0.0289773815451426,2023-01-24 13:58:14
福建房价地图出炉刚刚，厦门发布关于进一步优化房地产市场相关政策的通知：在思明区、湖里区购买商品住房，不再审核购房人资格。贷款购买思明区、湖里区商品住房的居民家庭，首套住房商业性个人住房贷款最低首付款比例为，二套住房商业性个人住房贷款最低首付款比例为。多子女家庭（二孩及以上）购买的第二套住房认定为首套，购买的第三套住房认定为二套。（来源：厦门市住房保障和房屋管理局）,0.0483870967741935,0.1813212216086193,0.4116909753683856,0.0076557905274621,2023-01-24 11:33:41
厦门全面取消买房限购权威解读、不再审核购房人资格；、首套住房商业性个人住房贷款最低首付款比例为；、多子女家庭（二孩及以上）购买的第二套住房认定为首套；、异地住房公积金缴存职工家庭可向我市申请住房公积金贷款用于购买本市住房等。更多网页链接厦门日报的微博视频,0.0005973715651135,0.1847276368366432,0.7931154845488001,0.0001855040276054,2023-01-24 08:48:23
厦门岛内、岛外买房全面取消限购多子女家庭购买第二套住房认定为首套。厦门房价本就不便宜，你看看放开之后会涨吗？老老实实发展经济吧，别再盯着房子了,0.3936678614097968,0.0,0.8224901321246816,0.0,2023-01-23 22:36:35
厦门岛内、岛外买房全面取消限购多子女家庭购买第二套住房认定为首套,0.001194743130227,-0.031111111111111,0.7931154845488001,-6.248373565776465e-05,2023-01-23 22:32:22
福建房价地图出炉刚刚，厦门发布关于进一步优化房地产市场相关政策的通知：在思明区、湖里区购买商品住房，不再审核购房人资格。贷款购买思明区、湖里区商品住房的居民家庭，首套住房商业性个人住房贷款最低首付款比例为，二套住房商业性个人住房贷款最低首付款比例为。多子女家庭（二孩及以展开,0.0698924731182795,-0.7884093122703975,0.7960529493063883,-0.0929746608007593,2023-01-23 22:08:30
厦门多子女家庭二孩及以上购买的第二套住房认定为首套厦门市住房保障和房屋管理局发布关于进一步优化房地产市场相关政策的通知。在思明区、湖里区购买一手、二手商品住房，不再审核购房人资格，限售措施保持不变。优化家庭住房套数认定标准。在厦门市辖区范围内，多子女家庭（二孩及以上）购买的第二套住房认定为首套，购买的第三套住房认定为二套。（厦门市住房保障和房屋管理局）,0.0089605734767025,0.1847276368366432,0.7960529493063883,0.0027928661933933,2023-01-23 17:33:19
厦门全面取消买房限购权威解读、不再审核购房人资格；、首套住房商业性个人住房贷款最低首付款比例为；、多子女家庭（二孩及以上）购买的第二套住房认定为首套；、异地住房公积金缴存职工家庭可向我市申请住房公积金贷款用于购买本市住房等。更多网页链接展开,0.0,-0.1310850755630219,0.492184412503635,-0.0,2023-01-23 15:52:05
多子女家庭购买的第二套住房认定为首套这是鼓励买房又鼔励生娃啊，这措施一举两得强,0.002389486260454,0.4122712285205556,0.7931154845488001,0.0016560158439973,2023-01-23 14:07:20
厦门多子女家庭购二套房认定为首套厦门：多子女家庭（二孩及以上）购买的第二套住房认定为首套厦门市住房保障和房屋管理局发布关于进一步优化房地产市场相关政策的通知。在思明区、湖里区购买一手、二手商品住房，不再审核购房人资格，限售措施保持不变。优化家庭住房套数认定标准。在厦门市辖区展开,0.0017921146953405,0.152996436993052,0.6235801368684545,0.000362393070376,2023-01-23 14:01:38
这是高招啊，体制内有能人，既卖房子又提高出生率，希望再多出实招，对老百姓有利的招儿厦门：多子女家庭（二孩及以上）购买的第二套住房认定为首套厦门市发布进一步优化房地产市场相关政策。其中包括：在思明区、湖里区购买一手、二手商品住房，不再审核购房人资格，限售措施保持不变。优化家庭住房套数认定标准。在厦门市辖区范围内，多子女家庭（二孩及以上）购买的第二套住房认定为首套，购买的第三套住房认定为二套。万科上证指数,0.1403823178016726,0.5417033310915542,0.4674916079271747,0.0753508624385365,2023-01-23 13:42:03
厦门：多子女家庭（二孩及以上）购买的第二套住房认定为首套厦门多子女家庭购买二套房可被认定首套厦门市促进房地产市场平稳健康发展领导小组办公室发布《关于进一步优化房地产市场相关政策的通知》。其中明确，在厦门市辖区范围内，多子女家庭（二孩及以上）购买的第二套住房认定为首套，购买的第三套住房认定为二套。多子女家庭根据政府相关部门出具的住房套数认定证明，向银行申请商业性个人住房贷款。有关部门按照现行政策适时组织配套执行。住房套数认定未涉及住房税收政策。（界面新闻）,0.0328554360812425,0.1432031261674943,0.5807465705768525,0.0057914442769201,2023-01-23 12:21:13
这是高招啊，体制内有能人，既卖房子又提高出生率，希望再多出实招，对老百姓有利的招儿厦门：多子女家庭（二孩及以上）购买的第二套住房认定为首套厦门市发布进一步优化房地产市场相关政策。其中包括：在思明区、湖里区购买一手、二手商品住房，不再审核购房人资格，限售措施保持不变。优化家庭展开,0.1403823178016726,-0.1246068401469815,0.578809332413928,-0.0214600292722238,2023-01-23 10:43:33
厦门：多子女家庭（二孩及以上）购买的第二套住房认定为首套厦门多子女家庭购买二套房可被认定首套厦门市促进房地产市场平稳健康发展领导小组办公室发布《关于进一步优化房地产市场相关政策的通知》。其中明确，在厦门市辖区范围内，多子女家庭（二孩及以上）购买的第二套住房认定为首套，购买的展开,0.0328554360812425,0.3893607320196013,0.810740273094329,0.0219827300104347,2023-01-23 09:55:14
厦门多子女家庭第二套住房认定为首套据界面新闻报道：厦门市促进房地产市场平稳健康发展领导小组办公室发布《关于进一步优化房地产市场相关政策的通知》。其中明确，在厦门市辖区范围内，多子女家庭（二孩及以上）购买的第二套住房认定为首套，购买的第三套住房认定为二套。多子女家庭根据政府相展开,-0.1541218637992831,-0.0105152892033082,0.565573088090636,0.0019427400954949,2023-01-23 07:59:37
厦门已全面取消限购厦门多子女家庭二套房认定为首套刚刚，厦门发布关于进一步优化房地产市场相关政策的通知：在思明区、湖里区购买商品住房，不再审核购房人资格。贷款购买思明区、湖里区商品住房的居民家庭，首套住房商业性个人住房贷款最低首付款比例为，二套住房商业性个人住房贷款最低展开,1.0,0.4863911266262478,0.9700047548154712,1.0,2023-01-23 07:59:23
权威政策解读：厦门全面取消限购在思明区、湖里区购买一手、二手商品住房，不再审核购房人资格，限售措施保持不变。对于贷款购买思明区、湖里区商品住房的居民家庭，首套住房商业性个人住房贷款最低首付款比例为，二套住房商业性个人住房贷款最低首付款比例为。在我市辖区范围内，多子女家庭（二孩及以上）购买的第二套住房认定为首套，购买的第三套住房认定为二套。更多详情厦门买房全面取消限购（厦门市住房保障和房屋管理局）,0.009557945041816,-0.0976799382655913,0.4979779053761426,-0.0009854179593541,2023-01-23 07:35:17
厦门岛内、岛外买房全面取消限购多子女家庭购买第二套住房认定为首套财联社月日电，厦门市发布进一步优化房地产市场相关政策。其中包括：在思明区、湖里区购买一手、二手商品住房，不再审核购房人资格，这也意味着在厦门岛内、岛外买房全面取消限购。限售措施保持不变。对于贷款购买思明区、湖里区商品住房的居民家庭，首套住房商业性个人住房贷款最低首付款比例为，二套住房商业性个人住房贷款最低首付款比例为。优化家庭住房套数认定标准。在厦门市辖区范围内，多子女家庭（二孩及以上）购买的第二套住房认定为首套，购买的第三套住房认定为二套。来自财联社,0.0173237753882915,-0.5871688154765935,1.0,-0.0215598641445192,2023-01-23 02:14:40
厦门多子女家庭买二套房认定为首套厦门市促进房地产市场平稳健康发展领导小组办公室发布《关于进一步优化房地产市场相关政策的通知》。其中明确，在厦门市辖区范围内，多子女家庭（二孩及以上）购买的第二套住房认定为首套，购买的第三套住房认定为二套。多子女家庭根据政府相关部门出具的住房套数认定证明，向银行申请商业性个人住房贷款。有关部门按照现行政策适时组织配套执行。住房套数认定未涉及住房税收政策。（厦门市住房保障和房屋管理局）,0.033452807646356,-0.1584533006439182,0.6841797989943271,-0.0076867827012969,2023-01-22 20:37:02
厦门多子女家庭第二套住房认定为首套据界面新闻报道：厦门市促进房地产市场平稳健康发展领导小组办公室发布《关于进一步优化房地产市场相关政策的通知》。其中明确，在厦门市辖区范围内，多子女家庭（二孩及以上）购买的第二套住房认定为首套，购买的第三套住房认定为二套。多子女家庭根据政府相关部门出具的住房套数认定证明，向银行申请商业性个人住房贷款。有关部门按照现行政策适时组织配套执行。住房套数认定未涉及住房税收政策。关于进一步优化房地产市场相关政策的通知各相关单位：为贯彻落实党中央、国务院决策部署，坚持房子是用来住的、不是用来炒的定位，适应房地产市场供求关系发生重大变化的新形势，加大保障性住房建设和供给，让商品住房回归商品属性，更好满足改善性住房需求，促进“稳地价、稳房价、稳预期”，推动房地产业转型和高质量发展，现将有关事项通知如下：一、调整思明区、湖里区调控措施在思明区、湖里区购买商品住房，不再审核购房人资格（商品住房项目土地出让合同中另有约定的除外）。二、适时调整思明区、湖里区住房贷款政策适时调整优化思明区、湖里区首套和二套住房商业性个人住房贷款最低首付比例和利率下限。三、优化家庭住房套数认定标准在我市辖区范围内，调整优化多子女家庭（二孩及以上）住房套数认定标准。有关部门按照现行政策适时组织配套执行。四、优化住房公积金提取及贷款政策阶段性支持住房公积金异地贷款（执行至年月日）。允许缴存人按年提取住房公积金偿还住房贷款本金。完善住房公积金贷款缩期，支持住房公积金贷款展期和变更还款方式。五、提升商品住宅品质支持房地产开发企业针对购房人需求提供不同档次装修标准，提升住宅品质，实现差异化产品供给。鼓励住宅户型设计创新，探索推行高品质、低强度的绿色、生态、科技住宅小区。六、降低开发企业成本支持企业使用银行保函缴纳土地竞买保证金，加快土拍后土地竞买保证金退还，免除新出让商住用地土地出让金支付期限内的利息。七、支持开发企业加快销售延续商品住房预售许可工程形象进度标准支持政策，《关于调整商品住房预售许可工程形象进度标准的通知》（厦房号）实施期限延至年月日。本通知自发布之日起实施。厦门市促进房地产市场平稳健康发展领导小组办公室年月日,0.2724014336917563,0.0452225700500196,0.5999317984030945,0.015664156167725,2023-01-22 20:00:57
厦门多子女家庭购买第二套住房认定为首套厦门多子女家庭二孩及以上购买的第二套住房认定为首套厦门市住房保障和房屋管理局发布关于进一步优化房地产市场相关政策的通知。在思明区、湖里区购买一手、二手商品住房，不再审核购房人资格，限售措施保持不变。优化家庭住房套数认定标准。在厦门市辖区范围内，多子女家庭（二孩及以上）购买的第二套住房认定为首套，购买的第三套住房认定为二套。（厦门市住房保障和房屋管理局）,0.0077658303464755,0.3808819352089432,0.7489012002875027,0.0046950832130281,2023-01-22 14:34:55
厦门：多子女家庭（二孩及以上）购买的第二套住房认定为首套厦门市发布进一步优化房地产市场相关政策。其中包括：在思明区、湖里区购买一手、二手商品住房，不再审核购房人资格，限售措施保持不变。优化家庭住房套数认定标准。在厦门市辖区范围内，多子女家庭（二孩及以上）购买的第二套住房认定为首套，购买的第三套住房认定为二套。,0.0053763440860215,0.3578071429846348,0.5957931855588365,0.0024292493049763,2023-01-22 14:10:49
厦门多子女家庭购买的第二套住房认定为首套厦门：多子女家庭（二孩及以上）购买的第二套住房认定为首套财联社月日电，厦门市发布进一步优化房地产市场相关政策。其中包括：在思明区、湖里区购买一手、二手商品住房，不再审核购房人资格，限售措施保持不变。对于贷款购买思明区、湖里区商品住房的居民家庭，首套住房商业性个人住房贷款最低首付款比例为，二套住房商业性个人住房贷款最低首付款比例为。优化家庭住房套数认定标准。在厦门市辖区范围内，多子女家庭（二孩及以上）购买的第二套住房认定为首套，购买的第三套住房认定为二套。,0.0232974910394265,0.1800930533544178,0.6651526677426763,0.0059151797359004,2023-01-22 09:50:28
厦门多子女家庭购二套房认定为首套厦门：多子女家庭（二孩及以上）购买的第二套住房认定为首套厦门市住房保障和房屋管理局发布关于进一步优化房地产市场相关政策的通知。在思明区、湖里区购买一手、二手商品住房，不再审核购房人资格，限售措施保持不变。优化家庭住房套数认定标准。在厦门市辖区范围内，多子女家庭（二孩及以上）购买的第二套住房认定为首套，购买的第三套住房认定为二套。,0.005973715651135,0.6512942770619418,0.962090470756864,0.0079337445864765,2023-01-28 11:12:38
划重点，多子女。厦门多子女家庭二孩及以上购买的第二套住房认定为首套，首套住房商业性个人住房贷款最低首付款比例为，二套住房商业性个人住房贷款最低首付款比例为。,0.002389486260454,0.9865192367490832,0.7960529493063883,0.0039773384176188,2023-01-22 15:56:31
厦门多子女家庭购买的第二套住房认定为首套厦门：多子女家庭（二孩及以上）购买的第二套住房认定为首套厦门市发布进一步优化房地产市场相关政策。其中包括：在思明区、湖里区购买一手、二手商品住房，不再审核购房人资格，限售措施保持不变。优化家庭住房套数认定标准。在厦门市辖区范围内，多子女家庭（二孩及以上）购买的第二套住房认定为首套，购买的第三套住房认定为二套。厦门多子女家庭购买第二套住房认定为首套,0.0089605734767025,0.0858256370976303,0.5357114328200652,0.0008732211574387,2023-01-22 08:56:30
厦门：多子女家庭（二孩及以上）购买的第二套住房认定为首套厦门市发布进一步优化房地产市场相关政策。其中包括：在思明区、湖里区购买一手、二手商品住房，不再审核购房人资格，限售措施保持不变。优化家庭住房套数认定标准。在厦门市辖区范围内，多子女家庭（二孩及以上）购买的第二套住房认定为展开,0.005973715651135,0.0964364609159255,0.5488169659541668,0.000670121932727,2023-01-22 12:23:37
厦门：多子女家庭（二孩及以上）购买的第二套住房认定为首套月日讯，厦门市发布进一步优化房地产市场相关政策。其中包括：在思明区、湖里区购买一手、二手商品住房，不再审核购房人资格，限售措施保持不变。优化家庭住房套数认定标准。在厦门市辖区范围内，多子女家庭（二孩及以上）购买的第二套住房认定为首套，购买的第三套住房认定为二套。（来自汇通财经）,0.0017921146953405,0.058493581352528,0.7931154845488001,0.0001762182711116,2023-01-27 15:00:48
厦门多子女家庭买的第二套住房认定为首套厦门市发布进一步优化房地产市场相关政策。其中包括：在思明区、湖里区购买一手、二手商品住房，不再审核购房人资格，限售措施保持不变。优化家庭住房套数认定标准。在厦门市辖区范围内，多子女家庭（二孩及以上）购买的第二套住房认定为首套，购买的第三套住房认定为二套。,0.001194743130227,0.9865192367490832,0.7989904140639763,0.0019960074715725,2023-01-22 13:23:13
厦门多子女家庭购买的第二套住房认定为首套厦门：多子女家庭（二孩及以上）购买的第二套住房认定为首套厦门市发布进一步优化房地产市场相关政策。其中包括：在思明区、湖里区购买一手、二手商品住房，不再审核购房人资格，限售措施保持不变。优化家庭住房套数认定标准。在厦门市辖区范围内，多子展开,0.0089605734767025,0.0918911050034509,0.5530512615728597,0.0009651952151002,2023-01-27 20:41:47
厦门多子女家庭买的第二套住房认定为首套厦门市发布进一步优化房地产市场相关政策。其中包括：在思明区、湖里区购买一手、二手商品住房，不再审核购房人资格，限售措施保持不变。优化家庭住房套数认定标准。在厦门市辖区范围内，多子女家庭（二孩及以上）购买的第二套住房认定为首套，购买的第三展开,0.0017921146953405,0.058493581352528,0.8078028083367409,0.0001794815724284,2023-01-26 22:43:22
三部门联合要求一视同仁支持房企合理融资三部门联合召开机构座谈会，资本市场支持房企融资两大要点明确在月日中国人民银行、金融监管总局、中国证监会联合召开的金融机构座谈会上，房地产金融是会议研究的重点内容之一。会议明确，将一视同仁满足不同所有制房地产企业合理融资需求，对正常经营的房地产企业不惜贷、抽贷、断贷。同时，继续用好“第二支箭”支持民营房地产企业发债融资。支持房地产企业通过资本市场合理股权融资。第一财经记者获悉，金融管理部门将贯彻中央金融工作会议部署要求，积极支持稳妥防范化解大型房企风险，共同做好房地产企业合理融资支持和融资监管，支持促进房地产行业平稳健康发展。一视同仁满足不同所有制房地产企业合理融资需求，同时，稳妥做好房地产金融相关风险处置和违规查处。,0.0045871559633027,0.8089241176321276,0.8263473053892215,0.0144073411115176,2023-01-23 23:43:05
三部门联合要求一视同仁支持房企合理融资三部门联合召开机构座谈会，资本市场支持房企融资两大要点明确在月日中国人民银行、金融监管总局、中国证监会联合召开的金融机构座谈会上，房地产金融是会议研究的重点内容之一。会议明确，将一视同仁满足不同所有制房地产企业合理融资需求，对正常经营的房地产企业不惜贷、抽贷、断贷。同时，继续用好“第二支箭”支持民营房地产企业发债融资。支持房地产企业通过资本市场合理股权融资。第一财经记者获悉，金融管理部门将贯彻中央金融工作会议部署要求，积极支持稳妥防范化解大型房企风险，共同做好房地产企业合理融资支持和融资监管，支持促进房地产行业平稳健康发展。一视同仁满足不同所有制房地产企业合理融资需求，同时，稳妥做好房地产金融相关风险处置和违规查处。三部门联合召开机构座谈会，资本市场支持房企融资两大要点明确,0.4770642201834862,0.1575579141295774,0.981579326602838,0.3466669220943667,2023-01-23 10:16:55
中国人民银行、金融监管总局、中国证监会联合召开金融机构座谈会，要求各金融机构要深入贯彻落实中央金融工作会议部署，坚持“两个毫不动摇”，一视同仁满足不同所有制房地产企业合理融资需求，对正常经营的房地产企业不惜贷、抽贷、断贷。继续用好“第二支箭”支持民营房地产企业发债融资。支持房地产展开,0.036697247706422,-0.4448545327775959,0.874251497005988,-0.067059117123956,2023-01-22 20:04:50
央行要求一视同仁满足不同所有制房地产企业合理融资需求，对正常经营的房地产企业不惜贷、抽贷、断贷。继续用好“第二支箭”支持民营房地产企业发债融资。支持房地产企业通过资本市场合理股权融资。西风凋碧树独上高楼望尽天涯明月所以指望老板降低杠杆稳健经营是不可能的，,0.2660550458715596,0.7999421239678552,1.0,1.0,2023-01-22 17:09:20
央行、金融监管总局、证监会联合召开金融机构座谈会。会议强调，各金融机构要深入贯彻落实中央金融工作会议部署，坚持“两个毫不动摇”，一视同仁满足不同所有制房地产企业合理融资需求，对正常经营的房地产企业不惜贷、抽贷、断贷。继续用好“第二支箭”支持民营房地产企业发债融资。支持房地产企业通展开,0.146788990825688,-0.0064279170449398,0.7127748249328483,-0.0031599923659056,2023-01-22 13:44:44
三部门：各金融机构要深入贯彻落实中央金融工作会议部署，坚持“两个毫不动摇”，一视同仁满足不同所有制房地产企业合理融资需求，对正常经营的房地产企业不惜贷、抽贷、断贷。继续用好“第二支箭”支持民营房地产企业发债融资。支持房地产企业通过资本市场合理股权融资。要继续配合地方政府和相关部门展开,1.0,0.1032034363643462,0.6368237209210944,0.3088042888619233,2023-01-22 13:18:05
央行、金融监管总局、证监会联合召开金融机构座谈会。会议强调，各金融机构要深入贯彻落实中央金融工作会议部署，坚持“两个毫不动摇”，一视同仁满足不同所有制房地产企业合理融资需求，对正常经营的房地产企业不惜贷、抽贷、断贷。继续用好“第二支箭”支持民营房地产企业发债融资。支持房地产企业通过资本市场合理股权融资。要继续配合地方政府和相关部门，坚持市场化、法治化原则，加大保交楼金融支持，推动行业并购重组。要积极服务保障性住房等“三大工程”建设，加快房地产金融供给侧改革，推动构建房地产发展新模式。,0.146788990825688,-0.3689906953347445,0.6989784066415434,-0.1778863369808412,2023-01-29 17:21:10
涉及信贷、房地产、地方债务三部委金融机构座谈会传递多个信号月日晚，中国人民银行、金融监管总局、中国证监会联合召开金融机构座谈会。会议强调，下一步，要继续加大政策落实和工作推进力度，持之以恒营造良好的货币金融环境。同时，会议还对房地产市场着墨颇多。会议指出，各金融机构要一视同仁满足不同所有制房地产企业合理融资需求，对正常经营的房地产企业不惜贷、抽贷、断贷；继续用好“第二支箭”支持民营房地产企业发债融资等。多位受访的分析人士认为，座谈会聚焦并着力解决当前金融领域面临的主要矛盾和突出问题，预计下一步有关部门将加快落实中央金融工作会议精神，稳经济政策应继续发力，必要时加大实施力度并出台新的对策措施，更有力地促进宏观经济稳定和恢复。,0.0504587155963302,-0.0777119234744936,0.8605778443820159,-0.0158556461172489,2023-01-25 17:06:14
三部门：各金融机构要深入贯彻落实中央金融工作会议部署，坚持“两个毫不动摇”，一视同仁满足不同所有制房地产企业合理融资需求，对正常经营的房地产企业不惜贷、抽贷、断贷。继续用好“第二支箭”支持民营房地产企业发债融资。支持房地产企业通过资本市场合理股权融资。要继续配合地方政府和相关部门，坚持法治化、市场化原则，加大保交楼金融支持，推动行业并购重组。要积极服务保障性住房等“三大工程”建设，加快房地产金融供给侧改革，推动构建房地产发展新模式。,1.0,0.1032034363643462,0.6368237209210944,0.3088042888619233,2023-01-28 08:42:40
央行、金融监管总局、证监会座谈会：各金融机构要深入贯彻落实中央金融工作会议部署，坚持“两个毫不动摇”，一视同仁满足不同所有制房地产企业合理融资需求，对正常经营的房地产企业不惜贷、抽贷、断贷。继续用好“第二支箭”支持民营房地产企业发债融资。支持房地产企业通过资本市场合理股权融资。,0.036697247706422,-0.9128348627694516,0.8322136446167712,-0.1309876880472472,2023-01-25 07:44:18
对正常经营的房企不惜贷抽贷断贷中国人民银行、金融监管总局、中国证监会联合召开金融机构座谈会会议强调，过去一段时间，金融部门积极配合行业主管部门和地方政府，从房地产市场的供需两端综合施策，保持信贷、债券、股权等重点融资渠道稳定，支持改善行业经营，优化调整个人住房贷款政策，着力稳定房地产市场，取得了良好的效果。近日金融部门和行业主管部门联合召开代表性房地产企业座谈会，调研了解行业风险化解和高质量发展的主要金融需求。各金融机构要深入贯彻落实中央金融工作会议部署，坚持“两个毫不动摇”，一视同仁满足不同所有制房地产企业合理融资需求，对正常经营的房地产企业不惜贷、抽贷、断贷。继续用好“第二支箭”支持民营房地产企业发债融资。支持房地产企业通过资本市场合理股权融资。要继续配合地方政府和相关部门，坚持法治化、市场化原则，加大保交楼金融支持，推动行业并购重组。要积极服务保障性住房等“三大工程”建设，加快房地产金融供给侧改革，推动构建房地产发展新模式。（来自华尔街见闻）,0.0412844036697247,0.8336888806089,0.8263473053892215,0.1336357247831091,2023-01-24 08:52:45
月日，中国人民银行、金融监管总局、中国证监会联合召开金融机构座谈会，会议强调，过去一段时间，金融部门积极配合行业主管部门和地方政府，从房地产市场的供需两端综合施策，保持信贷、债券、股权等重点融资渠道稳定，支持改善行业经营，优化调整个人住房贷款政策，着力稳定房地产市场，取得了良好的效果。近日金融部门和行业主管部门联合召开代表性房地产企业座谈会，调研了解行业风险化解和高质量发展的主要金融需求。各金融机构要深入贯彻落实中央金融工作会议部署，坚持“两个毫不动摇”，一视同仁满足不同所有制房地产企业合理融资需求，对正常经营的房地产企业不惜贷、抽贷、断贷。继续用好“第二支箭”支持民营房地产企业发债融资。支持房地产企业通过资本市场合理股权融资。要继续配合地方政府和相关部门，坚持法治化、市场化原则，加大保交楼金融支持，推动行业并购重组。要积极服务保障性住房等“三大工程”建设，加快房地产金融供给侧改革，推动构建房地产发展新模式。,0.0091743119266055,0.3510815307820303,0.8323353293413174,0.0125964958435287,2023-01-23 07:11:22
月日，中国人民银行、金融监管总局、中国证监会联合召开金融机构座谈会，研究近期房地产金融、信贷投放、融资平台债务风险化解等重点工作。会议强调，近日金融部门和行业主管部门联合召开代表性房地产企业座谈会，调研了解行业风险化解和高质量发展的主要金融需求。各金融机构要深入贯彻落实中央金融工作会议部署，坚持“两个毫不动摇”，一视同仁满足不同所有制房地产企业合理融资需求，对正常经营的房地产企业不惜贷、抽贷、断贷。继续用好“第二支箭”支持民营房地产企业发债融资。支持房地产企业通过资本市场合理股权融资。要继续配合地方政府和相关部门，坚持法治化、市场化原则，加大保交楼金融支持，推动行业并购重组。要积极服务保障性住房等“三大工程”建设，加快房地产金融供给侧改革，推动构建房地产发展新模式。,0.2568807339449541,0.3404452559977512,0.7236785741310034,0.2973681617341642,2023-01-22 19:17:03
三部门：一视同仁满足不同所有制房地产企业合理融资需求月日，中国人民银行、金融监管总局、中国证监会联合召开金融机构座谈会。会议强调，过去一段时间，金融部门积极配合行业主管部门和地方政府，从房地产市场的供需两端综合施策，保持信贷、债券、股权等重点融资渠道稳定，支持改善行业经营，优化调整个人住房贷款政策，着力稳定房地产市场，取得了良好的效果。近日金融部门和行业主管部门联合召开代表性房地产企业座谈会，调研了解行业风险化解和高质量发展的主要金融需求。各金融机构要深入贯彻落实中央金融工作会议部署，坚持“两个毫不动摇”，一视同仁满足不同所有制房地产企业合理融资需求，对正常经营的房地产企业不惜贷、抽贷、断贷。继续用好“第二支箭”支持民营房地产企业发债融资。支持房地产企业通过资本市场合理股权融资。要继续配合地方政府和相关部门，坚持法治化、市场化原则，加大保交楼金融支持，推动行业并购重组。要积极服务保障性住房等“三大工程”建设，加快房地产金融供给侧改革，推动构建房地产发展新模式。,0.0045871559633027,-0.625,0.8562874251497006,-0.0115348784722499,2023-01-22 17:50:21
“一视同仁满足不同所有制房地产企业合理融资需求，对正常经营的房地产企业不惜贷、抽贷、断贷。继续用好“第二支箭”支持民营房地产企业发债融资。支持房地产企业通过资本市场合理股权融资。”,0.4128440366972477,0.1816181327070646,0.5653483871892332,0.1991733888818931,2023-01-22 09:07:27
三部门：对正常经营的房地产企业不惜贷、抽贷、断贷，支持房地产企业通过资本市场合理融资中国人民银行、金融监管总局、中国证监会联合召开金融机构座谈会，研究近期房地产金融、信贷投放、融资平台债务风险化解等重点工作。会议强调，过去一段时间，金融部门积极配合行业主管部门和地方政府，从房地产市场的供需两端综合施策，保持信贷、债券、股权等重点融资渠道稳定，支持改善行业经营，优化调整个人住房贷款政策，着力稳定房地产市场，取得了良好的效果。近日金融部门和行业主管部门联合召开代表性房地产企业座谈会，调研了解行业风险化解和高质量发展的主要金融需求。各金融机构要深入贯彻落实中央金融工作会议部署，坚持“两个毫不动摇”，一视同仁满足不同所有制房地产企业合理融资需求，对正常经营的房地产企业不惜贷、抽贷、断贷。继续用好“第二支箭”支持民营房地产企业发债融资。支持房地产企业通过资本市场合理股权融资。要继续配合地方政府和相关部门，坚持法治化、市场化原则，加大保交楼金融支持，推动行业并购重组。要积极服务保障性住房等“三大工程”建设，加快房地产金融供给侧改革，推动构建房地产发展新模式。（财联社）,0.0275229357798165,0.3246457796749951,0.8263473053892215,0.0346926174129923,2023-01-21 09:38:17
三部门：统筹考虑信贷投放以信贷增长稳定性促进经济稳定增长月日，中国人民银行、金融监管总局、中国证监会联合召开金融机构座谈会，研究近期房地产金融、信贷投放、融资平台债务风险化解等重点工作。中国人民银行党委书记、行长潘功胜，金融监管总局党委书记、局长李云泽，中国证监会党委委员、副主席王建军出席会议并讲话。中央金融委员会办公室副主任夏先德应邀出席会议并讲话。会议认为，下一步，要坚定信心、持续发力、久久为功，继续加大政策落实和工作推进力度，持之以恒营造良好的货币金融环境。要落实好跨周期和逆周期调节的要求，着力加强信贷均衡投放，统筹考虑今年后两个月和明年开年的信贷投放，以信贷增长的稳定性促进我国经济稳定增长。要优化资金供给结构，盘活存量金融资源，加大对重大战略、重点领域和薄弱环节的金融支持，增强金融支持实体经济的可持续性。近日金融部门和行业主管部门联合召开代表性房地产企业座谈会，调研了解行业风险化解和高质量发展的主要金融需求。各金融机构要深入贯彻落实中央金融工作会议部署，坚持“两个毫不动摇”，一视同仁满足不同所有制房地产企业合理融资需求，对正常经营的房地产企业不惜贷、抽贷、断贷。继续用好“第二支箭”支持民营房地产企业发债融资。支持房地产企业通过资本市场合理股权融资。要继续配合地方政府和相关部门，坚持法治化、市场化原则，加大保交楼金融支持，推动行业并购重组。要积极服务保障性住房等“三大工程”建设，加快房地产金融供给侧改革，推动构建房地产发展新模式。（证监会）,0.0275229357798165,0.9608751058479434,0.844311377245509,0.1049142000193523,------
三部门：一视同仁满足不同所有制房地产企业合理融资需求中国人民银行、金融监管总局、中国证监会联合召开金融机构座谈会，研究近期房地产金融、信贷投放、融资平台债务风险化解等重点工作。会议强调，过去一段时间，金融部门积极配合行业主管部门和地方政府，从房地产市场的供需两端综合施策，保持信贷、债券、股权等重点融资渠道稳定，支持改善行业经营，优化调整个人住房贷款政策，着力稳定房地产市场，取得了良好的效果。近日金融部门和行业主管部门联合召开代表性房地产企业座谈会，调研了解行业风险化解和高质量发展的主要金融需求。各金融机构要深入贯彻落实中央金融工作会议部署，坚持“两个毫不动摇”，一视同仁满足不同所有制房地产企业合理融资需求，对正常经营的房地产企业不惜贷、抽贷、断贷。继续用好“第二支箭”支持民营房地产企业发债融资。支持房地产企业通过资本市场合理股权融资。要继续配合地方政府和相关部门，坚持法治化、市场化原则，加大保交楼金融支持，推动行业并购重组。要积极服务保障性住房等“三大工程”建设，加快房地产金融供给侧改革，推动构建房地产发展新模式。（财联社）,0.0229357798165137,-0.8259843641925833,0.8502994011976048,-0.075688019863133,2023-01-25 20:44:44
三部门：一视同仁满足不同所有制房地产企业合理融资需求中国人民银行、金融监管总局、中国证监会联合召开金融机构座谈会会议强调，过去一段时间，金融部门积极配合行业主管部门和地方政府，从房地产市场的供需两端综合施策，保持信贷、债券、股权等重点融资渠道稳定，支持改善行业经营，优化调整个人住房贷款政策，着力稳定房地产市场，取得了良好的效果。近日金融部门和行业主管部门联合召开代表性房地产企业座谈会，调研了解行业风险化解和高质量发展的主要金融需求。各金融机构要深入贯彻落实中央金融工作会议部署，坚持“两个毫不动摇”，一视同仁满足不同所有制房地产企业合理融资需求，对正常经营的房地产企业不惜贷、抽贷、断贷。继续用好“第二支箭”支持民营房地产企业发债融资。支持房地产企业通过资本市场合理股权融资。要继续配合地方政府和相关部门，坚持法治化、市场化原则，加大保交楼金融支持，推动行业并购重组。要积极服务保障性住房等“三大工程”建设，加快房地产金融供给侧改革，推动构建房地产发展新模式。,0.110091743119266,0.0306590635762568,0.940119760479042,0.0149096259680874,2023-01-25 08:12:22
涉及信贷、房地产、地方债务三部委金融机构座谈会传递多个信号月日晚，中国人民银行、金融监管总局、中国证监会联合召开金融机构座谈会。会议强调，下一步，要继续加大政策落实和工作推进力度，持之以恒营造良好的货币金融环境。同时，会议还对房地产市场着墨颇多。会议指出，各金融机构要一视同仁满足不同所有制房地产企业合理融资需求，对正常经营的房地产企业不惜贷、抽贷、断贷；继续用好“第二支箭”支持民营房地产企业发债融资等。多位受访的分析人士认为，座谈会聚焦并着力解决当前金融领域面临的主要矛盾和突出问题，预计下一步有关部门将加快落实中央金融工作会议精神，稳经济政策应继续发力，必要时加大实施力度并出台新的对策措施，更有力地促进宏观经济稳定和恢复。,0.031700288184438,-0.0777119234744936,0.7649543594502695,-0.0175859365373012,2023-01-25 17:06:14
平凉超话平凉官宣“认房不认贷”政策，年月日起执行月日，平凉市住房公积金管理委员会印发《关于优化住房公积金“认房不认贷”政策的通知的通知》。通知自年月日起执行。已申请过一次住房公积金个人住房贷款的缴存职工，在结清贷款后，再次申请住房公积金个人住房贷款，经核查家庭成员在购房地无住房的，执行首套房贷款金额和贷款利率；已申请过一次住房公积金个人住房贷款的缴存职工，在结清贷款后，再次申请住房公积金个人住房贷款，经核查家庭成员在购房地有一套住房的，执行二套房贷款金额和贷款利率。商业性银行住房贷款次数不作为住房公积金贷款次数的认定标准。据悉，月日，广州和深圳实施“认房不认贷”政策。月日，上海和北京先后宣布执行“认房不认贷”政策。至此，一线城市全部落地“认房不认贷”政策。之后陆续有多个城市开始实施这一政策。充分发挥了住房公积金互助保障作用有效解决缴存职工购买改善性住房申请贷款利率上浮、换房门槛高等急难愁盼问题。,0.0086455331412103,0.7226824355300543,0.6929849378709845,0.0404056579877241,2023-01-25 12:48:21
楼市条海南楼市放开了月日，一份《关于优化调整房地产调控政策有关工作的通知》（以下简称“通知”）在海南房地产市场流传，引发关注。记者从上述通知中了解到，内容一共有三大项，主要内容涉及当前海南楼市调控政策的优化调整事宜。主要包括个人住房贷款中住房套数认定标准、降低存量首套住房贷款利率、不动产“带押过户”、二手房交易转让年限、人才购房政策，以及增加多孩（二孩及以上）家庭购买商品住房套数等。通知还称，各市县可结合当地实际自主选择并及时出台相关政策措施。中国房地产报记者通过多渠道了解，上述通知内容属实。另据媒体消息，月日下午，海口市住建部门召开会议，向当地房企“口头转达”政策变化；海南其他市县或将跟进优化调整房地产政策。条优化调整楼市政策记者了解到，海南地产圈流传的《关于优化调整房地产调控政策有关工作的通知》文件，落款单位为“海南省住房和城乡建设厅”，落款时间为“年月日”，并盖有前述单位的公章。通知发送对象为海南省各市县政府。通知称，充分赋予城市政府房地产调控政策自主权，由各市县落实城市主体责任，因城施策实施调控。各市县政府可结合实际，自主选择并及时出台下列政策措施：优化本市县个人住房贷款中住房套数认定标准。调整优化本市县差别化住房信贷政策；鼓励银行业金融机构降低存量首套住房的贷款利率。深化不动产登记和金融便民利企合作，制定落实本市县协同做好不动产“带押过户”的政策。优化调整各市县已出台的、严于省级调控政策要求的相关条款。优化调整二手房交易转让年限等限制性条件。优化调整有关产权式酒店、酒店式公寓的限购政策。在坚持不得将商业、办公类项目变相开发建设成为“类住宅”项目的前提下，对于存量项目可优化调整“商业、办公类项目产权分割销售最小单元建筑面积不得小于平方米”的限制性政策。结合经济发展、招商引资、产业结构等具体需求，制定本市县的急需紧缺人才目录，优化调整人才购房政策。对多孩（二孩及以上）家庭购买商品住房的，可在现行政策允许购买套数的基础上增加一套。加强市县房地产调控政策与公积金政策联动，加大职工提取住房公积金直接支付住房首付款、住房公积金贷款不见面审批等政策的落实力度。省会海口率先跟进通知强调，要审慎调整与购房资格相关的限购政策。针对年以来海南省陆续出台的房地产调控政策，涉及购房资格方面的，应审慎调整，保持政策调控定力。各市县应从引进人才、招商引资、产业扶持等方面适时出台更加精准的调控政策，分批次施行。除上述条政策措施外，其他涉及购房资格方面调整的，应严格落实事前报备制度。通知还表示，各市县在出台相关调控政策前，加强政策解读和舆情引导，为促进海南自贸港房地产市场平稳健康发展莫定坚实基础。通知亦强调，坚持“房子是用来住的、不是用来炒的”定位，因城施策用好政策工具箱，更好满足居民刚性和改善性住房需求，促进房地产市场平稳健康发展。记者就上述通知中的相关内容向多方求证，得到的答复是“确有其事”。记者了解到，在当地地产圈人士间流传的“口头转达”版本内容，一共包括项“政策措施”，其中包括“调整人才引进范围：原限定需在海口注册企业的总部引进人才可购房，改成在海南注册企业的总部引进人才均可根据人才引进政策购房”“以家庭为单位，多孩家庭（二孩及以上）购房商品住房，可在现行政策允许购买套数基础上增加套”等。,0.0028818443804034,-0.083869356690591,0.7196382047121762,-0.0016231817728032,2023-01-25 12:06:13
房贷利率下调有望助力房地产企稳“太幸运了，昨天上午收到贷款银行的消息，说房贷利率可以下调到了，月供立省元。”日，在某房产中介公司营业门店内，北京的梁女士告诉记者。“月底在顺义区交了新房的定金，销售给了个月的首付期限，这几天正准备去银行办理贷款面签，就接到了北京实行新政策的通知。”梁女士表示。记者走访并致电北京、上海地区多家银行了解到，两地分别出台调整优化住房贷款新政，日起京沪两地多家银行根据自律机制，下调房贷利率下限。其中，北京首套房贷利率下限最低调整为，上海地区首套房贷利率下限最低可至。此外，新政对贷款期限、首付比例等也作出调整。业内人士指出，结合目前实际情况与市场变化，将北京市普宅占比提高至七成左右，将有更多家庭能够享受住房转让时的增值税优惠政策。多位业内人士分析，京沪两地楼市政策调整发布后，有利于更好满足刚性和改善性住房需求，两地房地产市场有望企稳。“此次住房优化政策有助于降低购房者资金门槛、减少房贷利息支出、降低住房交易成本。这有利于进一步稳定预期，促进房地产市场平稳健康发展。”易居研究院研究总监严跃进认为。招联首席研究员董希淼分析称，本次政策调整预计对商业银行影响不大。财经超话股票股票超话新浪财经今日看盘上证指数上证指数,0.0432276657060518,0.568058932641571,0.5507812748939227,0.1262157212640073,2023-01-25 09:49:57
行业动态为贯彻落实党中央、国务院决策部署，适时调整优化房地产政策，因城施策，更好满足居民刚性和改善性住房需求，促进全市房地产市场持续平稳健康发展，经武汉市人民政府同意，现就有关事项通知如下：一、取消住房限购，二、优化家庭住房贷款套数认定标准，三、支持居民换购住房，四、给予购房优惠支持，五、阶段性调整住房公积金贷款额度，六、盘活企业资产，七、加强精准供地，鼓励居住户型设计创新，八、加快盘活存量用地，九、建立房地产开发企业“白名单”管理，十、积极助企纾困。,0.0172910662824207,0.4033797575232296,1.0,0.0650901069169367,2023-01-25 08:44:48
一线城市调整优化楼市调控政策，释放哪些信号？财经聚焦一线城市调整优化楼市调控政策影响几何日，北京、上海分别降低购房首付比例、下调住房贷款利率，并调整普通住房标准。至此，北上广深四个一线城市均已调整优化楼市调控政策。降首付、降利率、降税费等政策调整释放哪些信号？将给市场带来哪些变化？京沪两地同步调整优化继广州和深圳调整优化楼市调控、推出二套房首付比例成等政策后，月日，北京、上海同一天调整优化楼市调控政策，从降首付、降利率、降税费等方面，适应房地产市场供求关系发生重大变化的新形势，更好地满足居民刚性和改善性住房需求。北京、上海同步下调首套房、二套房首付比例，其中首套房首付比例下限统一降至，二套房均分区实行差异化政策，重点区域首付比例，其他区域。并且京沪两地都下调了商业性个人住房贷款利率下限。北京此次调整还取消了房价过快上行阶段对房贷年限的从严管控，由最长年恢复至年。与此同时，京沪两地还对普通住房认定标准进行了优化，让更多的住房可以纳入到普通住房范围，使更多家庭能够享受住房转让时的税收优惠政策。调整后，北京普宅占比提高至成左右，上海普宅占比超过成。广东省住房政策研究中心首席研究员李宇嘉说，调整优化楼市调控政策，降低购房门槛，有利于从需求端促进回暖，促进房地产交易循环，恢复房企自我造血功能，缓解开发商资金链紧张的态势，实现防风险和稳增长的双重目的。有利释放购房需求新政策出台后，很多购房者感受到购房门槛降低带来的实惠。“政策出来后，我已经新关注了好几个卖房的视频号，刷了一晚上。”北京市民高女士说。她近年一直想买一套面积更大的改善性住房，但又不想卖掉现有住房，苦于手头资金不足以支付成首付款而迟迟未能如愿。如今，二套房首付比例最低只需，而且普通住宅标准的调整还可以降低交易税费，让高女士觉得“这回能够得着了”。上海市民董先生相中了一套价值五六百万元的住宅，得知新政策后，立刻算了一笔账：预估税费方面能省多万元，且作为刚需首套房贷款利率下调至，还能省不少月供。贝壳研究院首席分析师许小乐表示，首套、二套住房首付比例下降，降低了首套刚需、二套改善住房需求的入市门槛。房贷利率下降，降低了月供压力。调整普通住房标准，使与其关联的税收优惠政策扩大了覆盖面。这些都实实在在地降低了购房门槛和成本，减负效果明显，利好住房需求释放。一线城市调整优化楼市调控政策，有助于推动住宅销售。政策发布当晚，上海多个新盘项目借势打出宣传海报，一些开发商还推出了“今夜不打烊”活动，连夜蓄客。在上海浦东宏辉地产从事地产经纪业务的老张，连夜打电话给手头上的客户，告知和解读新政策。月日，上海房地产中介门店迅速更新了价格展板。新华社记者郑钧天摄促进房地产市场平稳健康发展业内人士认为，一线城市调整优化楼市调控政策，有利于进一步释放购房需求，稳定预期、提振信心，促进房地产市场平稳健康发展。许小乐说，从广州、深圳降首付、降房贷利率的市场效果看，本次京沪降首付政策叠加月“认房不认贷”政策，将促进购房需求入市。四个一线城市都已发布调整优化楼市调控政策，新政策带来“降门槛”和“减税费”导向，利好预期稳定。深圳新政策已实施三周，市场呈现稳中有进态势。乐有家研究中心监测数据显示，深圳月日起执行调整优化楼市调控政策，对市场信心恢复有一定的激励作用，市场稳中有涨：深圳二手房带看量涨幅超过；业主心态较为理性；深圳二手房网签量连续周超过套，乐有家深圳门店二手房成交量环比上涨后，稳定在下半年的高位。中指研究院市场研究总监陈文静认为，一线城市出台这些政策，有利于促进刚需和改善性住房需求释放。来源：新华社,0.0259365994236311,0.5526307036237431,0.4962772499318781,0.066382181526708,------
最新通知事关余杭房地产市场杭州一地实施契税补助政策余杭发布为进一步贯彻落实国家、省、市有关决策部署，适应房地产市场供求关系新形势，更好满足居民住房需求，促进余杭区房地产市场平稳健康发展，现将有关事项通知如下：（一）持续优化市场环境全面落实国家、省、市房地产市场政策，大力支持刚性和改善性住房需求，全力保障民生、促进市场发展。优化办理项目立项、工程规划许可证、施工许可证、预售许可证等相关业务流程，持续缩链减负，为房地产企业高质量发展创造更好的市场环境。（二）加大住房保障力度加大保障性住房建设和供给，提高保障性住房在住房总供给中的比例，加快解决工薪收入群体住房困难，推动建立房地产业转型发展新模式。（三）完善拆迁安置政策推进“方安置房方货币化”安置模式，满足被征迁群众多样化、个性化住房需求。（四）实施契税补助政策对年月日至年月日期间购买新建商品住宅和非住宅新建商品房的购房人（以网签备案时间为准），在办理不动产权证后，分别按照实际缴纳契税金额的标准和标准给予补助，减轻置业压力，更好惠及民生。（五）促进商办用房销售鼓励房地产开发企业开展各种形式商业办公用房促销活动。搭建推介平台，支持有需求的企业购置新建商业办公用房。鼓励区属国有企业发挥带头示范效应，积极购买商业办公用房，用于工业园区改造、腾笼换鸟、企业征迁等工作，探索安置新模式。（六）优化提升公积金服务购买余杭区住房的本市缴存职工，可向公积金余杭分中心申请提取本人住房公积金账户余额直接冲抵购房首付款。对高层次人才家庭、多子女家庭和无房职工家庭实施差异化公积金信贷政策，满足不同群体服务需求。（七）支持二手房市场发展落实换购住房个人所得税优惠政策，支持改善性住房需求。大力推广二手房自主交易模式，全面推行二手房“带押过户”，降低制度性交易成本，减轻买卖双方交易负担。（八）加快推进配套建设加快凤都路南延、良睦路南延等道路建设，实现交通畅达。加快推进天元公学、瓶窑第二中学、科技文化中心国际体育中心等配套建设，完善公共配套。,0.0230547550432276,0.7447489461607104,0.7196382047121762,0.1153091391109377,2023-01-23 11:47:08
重磅北京、上海出台楼市新政。合肥楼市超话合肥身边事超话整体来看，北京、上海的楼市新政属于有限度地松绑，象征意义大于实际意义，但这是一个积极的风向标，政策端更加支持居民刚性和改善性住房需求。一线城市不会全面放开限购，否则将全面虹吸其它城市的高端购买力人群。下面是北京、上海的楼市新政重点提炼：楼市鹰眼北京楼市新政一、调整普通住房标准自年月日起，本市享受税收优惠政策的普通住房，应同时满足以下条件：（一）住宅小区建筑容积率在（含）以上；（二）单套住房建筑面积在平方米（含）以下；（三）环内住房成交价格在元平方米（含）以下、环住房成交价格在元平方米（含）以下、环外住房成交价格在元平方米（含）以下。二、优化个人住房贷款政策加大购房信贷支持力度，更好满足居民家庭刚性和改善性住房需求。自本通知印发之日起，个人住房贷款政策执行以下规定：（一）降低首付款比例。对于贷款购买首套住房的居民家庭，最低首付款比例不低于。对于贷款购买二套住房的居民家庭，所购住房位于城六区（东城、西城、朝阳、海淀、丰台、石景山区）的，最低首付款比例不低于；所购住房位于城六区以外的，最低首付款比例不低于。（二）个人住房贷款年限最长年。上海楼市新政一、调整普通住房标准上海市住房城乡建设管理委、市房屋管理局、市规划资源局、市财政局、市税务局联合印发《关于调整本市普通住房标准的通知》，规定可以享受优惠政策的普通住房，应同时满足以下条件：（一）五层以上（含五层）的多高层住房，以及不足五层的老式公寓、新式里弄、旧式里弄等；（二）单套住房建筑面积在平方米以下（含平方米）。二、优化差别化住房信贷政策（一）首套住房商业性个人住房贷款利率下限调整为不低于相应期限贷款市场报价利率（）减个基点，最低首付款比例调整为不低于。（二）二套住房商业性个人住房贷款利率下限调整为不低于相应期限贷款市场报价利率（）加个基点，最低首付款比例调整为不低于。（三）为支持推进“五个新城”和南北转型重点区域高质量发展，促进产城融合、职住平衡，在自贸区临港新片区以及嘉定、青浦、松江、奉贤、宝山、金山个行政区全域实行差异化政策，二套住房商业性个人住房贷款利率下限调整为不低于相应期限贷款市场报价利率（）加个基点，最低首付款比例调整为不低于。原报道链接：,0.170028818443804,0.4955091615646293,0.4453649219880016,0.3501622645116444,2023-01-23 11:45:50
北京首套房首付比例降至成北京调整优化购房政策为落实“更好满足居民刚性和改善性住房需求”要求，月日，北京市住建委、国家税务总局北京市税务局、中国人民银行北京市分行、国家金融监督管理总局北京监管局、北京住房公积金管理中心等五部门联合发布《关于调整优化本市普通住房标准和个人住房贷款政策的通知》，降低首付款比例。对于贷款购买首套住房的居民家庭，最低首付款比例不低于。对于贷款购买二套住房的居民家庭，所购住房位于城六区（东城、西城、朝阳、海淀、丰台、石景山区）的，最低首付款比例不低于；所购住房位于城六区以外的，最低首付款比例不低于。（北京市人民政府）,0.063400576368876,-0.1961690923984821,0.5031372555339537,-0.0583968436369596,2023-01-23 14:36:08
北京调整优化购房政策首套房首付比例降至成北京调整优化购房政策首套房首付比例降至成据北京市住建委月日消息，北京市住房和城乡建设委员会、国家税务总局北京市税务局、中国人民银行北京市分行、国家金融监督管理总局北京监管局、北京住房公积金管理中心发布关于调整优化本市普通住房标准和个人住房贷款政策的通知。全文如下：各有关单位：为深入贯彻落实党中央、国务院决策部署，坚持房子是用来住的、不是用来炒的定位，适应房地产市场供求关系发生重大变化的新形势，更好满足居民刚性和改善性住房需求，促进本市房地产市场平稳健康发展，根据本市房地产市场实际，现就有关事项通知如下：一、调整普通住房标准自年月日起，本市享受税收优惠政策的普通住房，应同时满足以下条件：（一）住宅小区建筑容积率在（含）以上；（二）单套住房建筑面积在平方米（含）以下；（三）环内住房成交价格在元平方米（含）以下、环住房成交价格在元平方米（含）以下、环外住房成交价格在元平方米（含）以下。二、优化个人住房贷款政策加大购房信贷支持力度，更好满足居民家庭刚性和改善性住房需求。自本通知印发之日起，个人住房贷款政策执行以下规定：（一）降低首付款比例。对于贷款购买首套住房的居民家庭，最低首付款比例不低于。对于贷款购买二套住房的居民家庭，所购住房位于城六区（东城、西城、朝阳、海淀、丰台、石景山区）的，最低首付款比例不低于；所购住房位于城六区以外的，最低首付款比例不低于。（二）个人住房贷款年限最长年。三、原有政策与本通知不一致的，以本通知为准。,0.1239193083573487,-0.0252586606071176,0.6768647890574884,-0.019771077086401,------
北京首套房首付比例降至成月日，北京市住房和城乡建设委员会网站显示，北京市住房和城乡建设委员会、国家税务总局北京市税务局、中国人民银行北京市分行、国家金融监督管理总局北京监管局、北京住房公积金管理中心等五部门联合发布《关于调整优化本市普通住房标准和个人住房贷款政策的通知》显示，为加大购房信贷支持力度，更好满足居民家庭刚性和改善性住房需求。自本通知印发之日起，个人住房贷款政策执行以下规定：一是降低首付款比例。对于贷款购买首套住房的居民家庭，最低首付款比例不低于。对于贷款购买二套住房的居民家庭，所购住房位于城六区东城、西城、朝阳、海淀、丰台、石景山区的，最低首付款比例不低于；所购住房位于城六区以外的，最低首付款比例不低于。二是个人住房贷款年限最长年。,1.0,-0.1190646349576888,0.5429076927048782,-0.6032368853956698,2023-02-20 21:15:02
北京下调房贷首付比例、贷款利率，普宅标准调整北京购房政策调整优化的“靴子”终于落地。为落实“更好满足居民刚性和改善性住房需求”要求，月日，北京市住建委、中国人民银行北京市分行、国家金融监督管理总局北京监管局、北京住房公积金管理中心、国家税务总局北京市税务局等五部门联合发布《关于调整优化本市普通住房标准和个人住房贷款政策的通知》，调整首套房、二套房的首付比例，首套房首付比例统一降至，二套房首付比例最低为。此外，商业银行新发放房贷利率政策下限也将调整，按月贷款市场报价利率（）计算，首套房贷利率最低为。优政策更好满足合理住房需求调整优化房地产政策，市场期待已久。月日召开的中共中央政治局会议上，在谈及房地产市场时，首次提出，适应中国房地产市场供求关系发生重大变化的新形势，适时调整优化房地产政策，更好满足居民刚性和改善性住房需求。一个月后，月日，中国人民银行、国家金融监督管理总局发布《关于调整优化差别化住房信贷政策的通知》，明确首套住房商业性个人住房贷款最低首付款比例统一为不低于，二套住房商业性个人住房贷款最低首付款比例统一为不低于。各城市可根据房地产市场形势和当地政府调控要求，自主确定首套和二套住房商业性个人住房贷款最低首付款比例和利率下限。“继认房不认贷后，此次再次调整相关政策，既是落实央行、国家金融监督管理总局文件精神，也是适应北京房地产市场的实际情况，目的就是更好地满足刚性和改善性住房需求。”市住建委相关负责人表示。降首付首套房首付统一为成此次优化的一大内容，就是降低首付。北京市目前的政策是，个人购买政策性住房以外的商品房，无论是使用商业性住房贷款还是公积金贷款，均区分普通住宅和非普通住宅、首套房和二套房，执行不同的首付比例。具体而言，个人购房首套房，普通住宅首付比例为，非普通住宅首付比例为；个人购买二套房，普通住宅首付比例为，非普通住宅首付比例为。“执行差别化的首付比例，是年为抑制投资投机需求、落实房住不炒定位所采取的调控措施，从当时看也的确稳定了市场预期，让楼市快速降温。”业内人士分析，随着市场形势发生变化，继续执行当年的标准，的确会误伤部分购房人，特别是改善型购房人。通知提出，自新规执行起，个人购买政策性住房以外的商品房，无论是使用商业性住房贷款还是公积金贷款，不再区分普通住宅和非普通住宅，首套房的首付比例均为；二套房则按城六区和非城六区划分，首付比例分别为和。同时，贷款最长年限也从年恢复至年。“购买城六区之外的住房首付比例略低，这既符合北京城市功能和布局优化调整的要求，也结合了近几年土地供应实际，以促进职住平衡。”市住建委相关负责人介绍，近几年北京在土地供应上，重点是向城市副中心和顺义、大兴、亦庄、昌平等平原新城倾斜。记者以市民王先生举例，因为家有二孩，准备在大兴购买二套房，房款万元。按照新规，其首付比例从过去的降低至，减少了万元。调标准普通住宅认定不再看总价此次优化的另一内容，就是调整普通住宅认定标准。北京目前的普通住宅认定标准，制定于年，包含三个方面：住宅小区建筑容积率在（含）以上；单套建筑面积在平方米（含）以下；实际成交价格低于确定的价格标准，其中五环内单价低于元平方米或总价低于万元，五至六环之间单价低于元平方米或总价低于万元，六环以外单价低于元平方米或总价低于万元。沿用了年的普通住宅认定标准，已不适用当前形势。此前，就有购房人反映，家有三胎想换套大一点的房子，却不符合普通住宅标准，全家压力很大。来自中指研究院的一份数据显示，年，北京四环至五环、五环至六环、六环外新建商品住宅成交套总价均值分别为万元、万元、万元，均高于普通住宅标准。新的普通住宅如何认定？根据通知，仍须满足三个方面：住宅小区建筑容积率在（含）以上；单套建筑面积在平方米（含）以下；实际成交价格低于确定的价格标准，其中五环内单价低于元平方米，五至六环之间单价低于元平方米，六环以外单价低于平方米。记者注意到，对比新老标准，最大的变化在于价格，不仅各环线的单价上限相比之前均明显提高，且不再看总价。“只看单价不看总价，一来是更多惠及卖小买大的改善型家庭，不因总价上限被误伤；二来是有利于控制部分区域小户型单价异动。”有专家认为。机构人士预测，执行新标准后，目前市场上可被认定为普通住宅的商品房将从过去的约三成提高到约七成。普通住宅认定标准调整后，对购房人有何好处？记者了解到，在二手房交易中，普通住宅与税收优惠挂钩，其中最主要的就是增值税。根据规定，个人出售年以上的普通住宅，免征增值税；个人出售年以上的非普通住宅，差额征收增值税，税率为。根据通知，购房人可自年月日起按新标准享受税收优惠。降利率新发放房贷利率最低新购房的利息负担也将有所减轻。记者了解到，商业银行新发放房贷利率政策下限也将调整，月日起新发放的商业性个人住房贷款将执行新的利率政策下限。具体看，城六区首套、二套房利率下限分别为不低于相应期限（基点）、；非城六区首套、二套房利率下限分别为不低于相应期限、。相较调整前首套房、二套房的利率下限水平，有明显下调。央行最新公布的月份报价，年期以上为。按此计算，城六区首套房、二套房利率下限分别为和；非城六区首套房、二套房利率下限分别为和。据悉，各银行应根据北京地区市场利率定价自律机制确定的政策下限，结合本机构经营情况、客户风险状况等因素，按照市场化、法制化原则，合理确定每笔新发放房贷利率水平。,0.0115273775216138,0.4648122396647182,0.6387300022104532,0.0319377632377691,2023-02-20 19:50:12
北京首套房首付比例降至据北京日报报道：北京购房政策调整优化的“靴子”终于落地。为落实“更好满足居民刚性和改善性住房需求”要求，月日，北京市住建委、中国人民银行北京市分行、国家金融监督管理总局北京监管局、北京住房公积金管理中心、国家税务总局北京市税务局等五部门联合发布展开,0.0086455331412103,0.0443362883316365,0.6740313966158559,0.002411072935348,------
北京首套房首付比例降至据北京日报报道：北京购房政策调整优化的“靴子”终于落地。为落实“更好满足居民刚性和改善性住房需求”要求，月日，北京市住建委、中国人民银行北京市分行、国家金融监督管理总局北京监管局、北京住房公积金管理中心、国家税务总局北京市税务局等五部门联合发布《关于调整优化本市普通住房标准和个人住房贷款政策的通知》，调整首套房、二套房的首付比例，首套房首付比例统一降至，二套房首付比例最低为。此外，商业银行新发放房贷利率政策下限也将调整，按月贷款市场报价利率（）计算，首套房贷利率最低为。优政策更好满足合理住房需求调整优化房地产政策，市场期待已久。月日召开的中共中央政治局会议上，在谈及房地产市场时，首次提出，适应中国房地产市场供求关系发生重大变化的新形势，适时调整优化房地产政策，更好满足居民刚性和改善性住房需求。一个月后，月日，中国人民银行、国家金融监督管理总局发布《关于调整优化差别化住房信贷政策的通知》，明确首套住房商业性个人住房贷款最低首付款比例统一为不低于，二套住房商业性个人住房贷款最低首付款比例统一为不低于。各城市可根据房地产市场形势和当地政府调控要求，自主确定首套和二套住房商业性个人住房贷款最低首付款比例和利率下限。“继认房不认贷后，此次再次调整相关政策，既是落实央行、国家金融监督管理总局文件精神，也是适应北京房地产市场的实际情况，目的就是更好地满足刚性和改善性住房需求。”市住建委相关负责人表示。降首付首套房首付统一为成此次优化的一大内容，就是降低首付。北京市目前的政策是，个人购买政策性住房以外的商品房，无论是使用商业性住房贷款还是公积金贷款，均区分普通住宅和非普通住宅、首套房和二套房，执行不同的首付比例。具体而言，个人购房首套房，普通住宅首付比例为，非普通住宅首付比例为；个人购买二套房，普通住宅首付比例为，非普通住宅首付比例为。“执行差别化的首付比例，是年为抑制投资投机需求、落实房住不炒定位所采取的调控措施，从当时看也的确稳定了市场预期，让楼市快速降温。”业内人士分析，随着市场形势发生变化，继续执行当年的标准，的确会误伤部分购房人，特别是改善型购房人。通知提出，自新规执行起，个人购买政策性住房以外的商品房，无论是使用商业性住房贷款还是公积金贷款，不再区分普通住宅和非普通住宅，首套房的首付比例均为；二套房则按城六区和非城六区划分，首付比例分别为和。同时，贷款最长年限也从年恢复至年。“购买城六区之外的住房首付比例略低，这既符合北京城市功能和布局优化调整的要求，也结合了近几年土地供应实际，以促进职住平衡。”市住建委相关负责人介绍，近几年北京在土地供应上，重点是向城市副中心和顺义、大兴、亦庄、昌平等平原新城倾斜。记者以市民王先生举例，因为家有二孩，准备在大兴购买二套房，房款万元。按照新规，其首付比例从过去的降低至，减少了万元。调标准普通住宅认定不再看总价此次优化的另一内容，就是调整普通住宅认定标准。北京目前的普通住宅认定标准，制定于年，包含三个方面：住宅小区建筑容积率在（含）以上；单套建筑面积在平方米（含）以下；实际成交价格低于确定的价格标准，其中五环内单价低于元平方米或总价低于万元，五至六环之间单价低于元平方米或总价低于万元，六环以外单价低于元平方米或总价低于万元。沿用了年的普通住宅认定标准，已不适用当前形势。此前，就有购房人反映，家有三胎想换套大一点的房子，却不符合普通住宅标准，全家压力很大。来自中指研究院的一份数据显示，年，北京四环至五环、五环至六环、六环外新建商品住宅成交套总价均值分别为万元、万元、万元，均高于普通住宅标准。新的普通住宅如何认定？根据通知，仍须满足三个方面：住宅小区建筑容积率在（含）以上；单套建筑面积在平方米（含）以下；实际成交价格低于确定的价格标准，其中五环内单价低于元平方米，五至六环之间单价低于元平方米，六环以外单价低于平方米。记者注意到，对比新老标准，最大的变化在于价格，不仅各环线的单价上限相比之前均明显提高，且不再看总价。“只看单价不看总价，一来是更多惠及卖小买大的改善型家庭，不因总价上限被误伤；二来是有利于控制部分区域小户型单价异动。”有专家认为。机构人士预测，执行新标准后，目前市场上可被认定为普通住宅的商品房将从过去的约三成提高到约七成。普通住宅认定标准调整后，对购房人有何好处？记者了解到，在二手房交易中，普通住宅与税收优惠挂钩，其中最主要的就是增值税。根据规定，个人出售年以上的普通住宅，免征增值税；个人出售年以上的非普通住宅，差额征收增值税，税率为。根据通知，购房人可自年月日起按新标准享受税收优惠。降利率新发放房贷利率最低新购房的利息负担也将有所减轻。记者了解到，商业银行新发放房贷利率政策下限也将调整，月日起新发放的商业性个人住房贷款将执行新的利率政策下限。具体看，城六区首套、二套房利率下限分别为不低于相应期限（基点）、；非城六区首套、二套房利率下限分别为不低于相应期限、。相较调整前首套房、二套房的利率下限水平，有明显下调。央行最新公布的月份报价，年期以上为。按此计算，城六区首套房、二套房利率下限分别为和；非城六区首套房、二套房利率下限分别为和。据悉，各银行应根据北京地区市场利率定价自律机制确定的政策下限，结合本机构经营情况、客户风险状况等因素，按照市场化、法制化原则，合理确定每笔新发放房贷利率水平。,0.6801152737752162,0.0183639627488879,0.7160975157831883,0.0834641946426149,2023-01-20 23:42:30
连云港发布房地产新政为进一步支持刚性和改善性住房需求，促进房地产市场平稳健康发展，我市发布《关于进一步优化政策措施促进房地产市场平稳健康发展的通知》。根据《通知》，普通职工家庭单方缴存公积金的，公积金贷款额度由原来的万元提高至万元；双缴存职工家庭额度提高至万元。二孩家庭额度单方缴存的提高至万元，双方缴存的提高至万元；三孩家庭额度单方缴存的提高至万元，双方缴存提高至万元；高层次人才最高贷款额度类以上、类、硕士（或副高职称、高级技师）和全日制普通高校本科生分别上调至万元、万元、万元，夫妻双方可叠加使用。该规定暂定执行至年月日。支持使用直系亲属公积金支付购房首付款。在本市行政区域内购买家庭首套新建商品房的，公积金缴存人可申请提取本人及其配偶、父母、子女的公积金账户余额用于支付首付款。该规定暂定执行至年月日。推进灵活就业人员参加住房公积金制度。进一步推进灵活就业人员参加公积金制度的工作，吸引更多灵活就业人员通过参加住房公积金制度，提高相关群体的购房能力，解决其住房困难问题。详情请点击最新通知事关连云港房地产市场查看,0.0028818443804034,-0.5258741707854016,0.6929849378709845,-0.0098006587885535,2023-01-21 07:31:34
长沙取消第套房购买时间限制今日，长沙市住建局发布《关于优化本市居民家庭改善性住房政策的通知》，明确在本市购买第套商品住房，不受首套房网签时间的限制。月日，长沙市对部分房地产限购、限售政策进行优化，明确居民家庭在长沙购买首套房不再需要提供购房证明，住房网签备案满年可转让。政策出台后，对促进住房合理消费、提振市场信心起到积极作用。《通知》强调，为更好满足改善性住房需求，形成政策叠加效应，此次长沙进一步优化居民家庭改善性住房政策，其中明确，在本市购买第套商品住房，不受首套房网签时间的限制。居民家庭名下商品住房单套面积均不足平方米的，可购买套平方米及以上改善性住房，从而满足部分家庭改善性购房需求。居民家庭既包括本市户籍家庭、非本市户籍家庭，也包括单身家庭。长沙市住建局相关负责人表示，本次政策优化，在支持刚性住房的基础上，进一步满足改善性住房需求，发挥长沙房价比较优势、城市竞争优势和宜居宜业优势，助推长沙全力建设全球研发中心城市，促进房地产转型升级、高质量发展，下一步将按照“绿色低碳好房子、智慧安全好小区、功能配套好社区、宜居宜业好城区”等“四好”建设要求，推动房地产业由“有没有”向“好不好”发展，确保长沙房地产市场平稳健康发展。（全媒体记者卜岚通讯员肖海贝）,0.0086455331412103,-0.0737580354039812,0.5858308718310536,-0.0034862014832375,2023-01-29 11:40:06
七大利好重磅发布股即将有大动作、上交所：大力发展中国特色指数体系和指数化投资、证监会：多措并举推动提高上市公司质量，更精准有力支持高水平科技自立自强、证监会：严厉打击编造传播资本市场虚假信息以及误导性信息的行为、证监会：对杭州瑜瑶、深圳汇盛等私募机构立案调查、广东：支持广州、深圳结合城中村改造规模化建设保障性租赁住房、广东：扩大新能源汽车消费积极开展新能源汽车下乡活动、长沙：优化家庭改善性购房政策，取消购买第套房时间限制最近的行情，可谓是一波三折，但在这个位置，可千万不要慌，更不能怂大终归会好起来的，涨上去也只是时间问题，我们一定要有信心和耐心记住如今有多痛苦，后期就会有多疯狂股票交流股市分析股民交流,0.3054755043227665,0.1480554503287134,0.3840470812095103,0.1620930400803799,2023-01-13 15:44:22
长沙优化家庭改善性购房政策，取消购买第套房时间限制长沙月日，长沙市住建局发布《关于优化本市居民家庭改善性住房政策的通知》，明确在本市购买第套商品住房，不受首套房网签时间的限制；居民家庭名下商品住房单套面积均不足平方米的，可购买套改善性住房（平方米及以上）。此举旨在因城施策用好政策工具箱，更好支持刚性和改善性住房需求，促进房地产市场平稳健康发展。（长沙晚报）,0.0028818443804034,0.1288761357517965,0.5267608558346114,0.0018257261422233,------
七大利好重磅发布股即将有大动作、上交所：大力发展中国特色指数体系和指数化投资、证监会：多措并举推动提高上市公司质量，更精准有力支持高水平科技自立自强、证监会：严厉打击编造传播资本市场虚假信息以及误导性信息的行为、证监会：对杭州瑜瑶、深圳汇盛等私募机构立案调查、广东：支持广州、深圳结合城中村改造规模化建设保障性租赁住房、广东：扩大新能源汽车消费积极开展新能源汽车下乡活动、长沙：优化家庭改善性购房政策，取消购买第套房时间限制最近的行情，可谓是一波三折，但在这个位置，可千万不要慌，更不能怂大终归会好起来的，涨上去也只是时间问题，我们一定要有信心和耐心记住如今有多痛苦，后期就会有多疯狂,0.6253602305475504,0.1782544801114735,0.5426395155853245,0.564496479851111,2023-01-13 14:01:12
长沙取消购买第二套房时间限制长沙优化家庭改善性购房政策，取消购买第套房时间限制长沙身边事,0.0057636887608069,-0.859303281000056,0.6929849378709845,-0.0320294805138964,2023-01-13 14:02:00
满足家庭改善居住需求长沙市优化家庭改善性购房政策今日，长沙市住建局发布《关于优化本市居民家庭改善性住房政策的通知》，明确在本市购买第套商品住房，不受首套房网签时间的限制；居民家庭名下商品住房单套面积均不足平方米的，可购买套改善性住房（平方米及以上）。此举旨在因城施策用好政策工具箱，更好支持刚性和改善性住房需求，促进房地产市场平稳健康发展。（长沙晚报）,0.1930835734870317,0.6428236233694254,0.8633437212549965,1.0,------
取消购买第套房时间限制长沙优化家庭改善性购房政策和房东直接聊,0.0028818443804034,0.8201069596480905,0.7196382047121762,0.0158720982391799,2023-01-13 10:57:44
财经超话助力房地产复苏的举措在路上，不断加码，不断落地。房地产取消购买第套房时间限制长沙优化家庭改善性购房政策月日，长沙市住建局发布《关于优化本市居民家庭改善性住房政策的通知》，明确在该市购买第套商品住房，不受首套房网签时间的限制；居民家庭名下商品住房单套面积均不足平方米的，可购买套改善性住房（平方米及以上）。此举旨在因城施策用好政策工具箱，更好支持刚性和改善性住房需求，促进房地产市场平稳健康发展。读书看报吃喝睡觉说财经,0.0115273775216138,0.9883117400381072,0.6929849378709845,0.0736762265875803,------
长沙放松二套房限购优化家庭改善性购房政策长沙取消购买第套房时间限制月日，长沙市住建局发布《关于优化本市居民家庭改善性住房政策的通知》，明确在该市购买第套商品住房，不受首套房网签时间的限制；居民家庭名下商品住房单套面积均不足平方米的，可购买套改善性住房（平方米及以上）。此举旨在因城施策用好政策工具箱，更好支持刚性和改善性住房需求，促进房地产市场平稳健康发展。湖南交通频道官方微博,0.1527377521613832,-0.1774830772101303,0.7807762040788292,-0.1975190655160024,2023-01-16 10:05:27
长沙取消第套房购买时间限制今日，长沙市住建局发布《关于优化本市居民家庭改善性住房政策的通知》，明确在本市购买第套商品住房，不受首套房网签时间的限制。月日，长沙市对部分房地产限购、限售政策进行优化，明确居民家庭在长沙购买首套房不再需要提供购房证明，住房网签备案满年可展开,0.0115273775216138,-0.5258741707854016,0.6929849378709845,-0.0392026351542148,2023-01-13 10:59:37
长沙取消购买第套房时间限制，长沙优化家庭改善性购房政策月日，长沙市住建局发布《关于优化本市居民家庭改善性住房政策的通知》，明确在该市购买第套商品住房，不受首套房网签时间的限制；居民家庭名下商品住房单套面积均不足平方米的，可购买套改善性住房（平方米及以上）。此举旨在因城施策用好政策工具箱，更好支持刚性和改善性住房需求，促进房地产市场平稳健康发展。月日，长沙市对部分房地产限购、限售政策进行优化，明确居民家庭在长沙购买首套房不再需要提供购房证明，住房网签备案满年可转让。政策出台后，对促进住房合理消费、提振市场信心起到积极作用。,0.0259365994236311,0.0509959539371303,0.780261234818798,0.009630922636343,2023-01-13 10:24:27
长沙优化家庭改善性购房政策：长沙取消购买第套房时间限制月日，长沙市住建局发布《关于优化本市居民家庭改善性住房政策的通知》，明确在长沙购买第套商品住房，不受首套房网签时间的限制；居民家庭名下商品住房单套面积均不足平方米的，可购买套改善性住房（平方米及以上）。（财联社）,0.069164265129683,0.15279599615271,0.5041199926859155,0.0497172125136224,------
长沙取消购买第二套房时间限制长沙优化家庭改善性购房政策长沙市住建局发布《关于优化本市居民家庭改善性住房政策的通知》，明确在该市购买第套商品住房，不受首套房网签时间的限制；居民家庭名下商品住房单套面积均不足平方米的，可购买套改善性住房（平方米及以上）。此举旨在因城施展开,0.0057636887608069,0.6251534503382823,0.6929849378709845,0.0233018314936514,2023-01-20 10:52:57
长沙取消第套房购买时间限制今日，长沙市住建局发布《关于优化本市居民家庭改善性住房政策的通知》，明确在本市购买第套商品住房，不受首套房网签时间的限制；居民家庭名下商品住房单套面积均不足平方米的，可购买套改善性住房（平方米及以上）。此举旨在因城施策用好政策工具箱，更好支持刚性和改善性住房需求，促进房地产市场平稳健康发展。月日，长沙市对部分房地产限购、限售政策进行优化，明确居民家庭在长沙购买首套房不再需要提供购房证明，住房网签备案满年可转让。政策出台后，对促进住房合理消费、提振市场信心起到积极作用。为更好满足改善性住房需求，形成政策叠加效应，此次长沙进一步优化居民家庭改善性住房政策，其中明确，在本市购买第套商品住房，不受首套房网签时间的限制；居民家庭名下商品住房单套面积均不足平方米的，可购买套平方米及以上改善性住房，从而满足部分家庭改善性购房需求。居民家庭既包括本市户籍家庭、非本市户籍家庭，也包括单身家庭。长沙市住建局相关负责人表示，本次政策优化，在支持刚性住房的基础上，进一步满足改善性住房需求，发挥长沙房价比较优势、城市竞争优势和宜居宜业优势，助推长沙全力建设全球研发中心城市，促进房地产转型升级、高质量发展，下一步将按照“绿色低碳好房子、智慧安全好小区、功能配套好社区、宜居宜业好城区”等“四好”建设要求，推动房地产业由“有没有”向“好不好”发展，确保长沙房地产市场平稳健康发展。（全媒体记者卜岚通讯员肖海贝）三湘都市报的微博视频,0.2276657060518732,0.0291633806691363,0.7736486755206792,0.0479356232471866,------
长沙优化家庭改善性购房政策：取消购买第套房时间限制名下无平方米以上改善性住房可购买套财联社月日电，长沙市住建局发布《关于优化本市居民家庭改善性住房政策的通知》，明确在本市购买第套商品住房，不受首套房网签时间的限制；居民家庭名下商品住房单套面积均不足平方米的，可购买套改善性住房（平方米及以上）。此举旨在因城施策用好政策工具箱，更好支持刚性和改善性住房需求，促进房地产市场平稳健康发展。长沙取消购买第套房时间限制,0.0806916426512968,-0.0787759554773557,0.7995980052357513,-0.0474321757754287,2023-01-30 09:21:13
长沙取消购买套房时间限制长沙优化改善性购房政策月日，长沙市住建局发布《关于优化本市居民家庭改善性住房政策的通知》，明确在该市购买第套商品住房，不受首套房网签时间的限制；居民家庭名下商品住房单套面积均不足平方米的，可购买套改善性住房（平方米及以上）。此举旨在因城施策用好政策工具箱，更好支持刚性和改善性住房需求，促进房地产市场平稳健康发展。（长沙晚报）,0.0057636887608069,-0.9667802029115212,0.6929849378709845,-0.0360355515393097,------
长沙取消购买第二套房时间限制长沙优化家庭改善性购房政策长沙市住建局发布《关于优化本市居民家庭改善性住房政策的通知》，明确在该市购买第套商品住房，不受首套房网签时间的限制；居民家庭名下商品住房单套面积均不足平方米的，可购买套改善性住房（平方米及以上）。此举旨在因城施策用好政策工具箱，更好支持刚性和改善性住房需求，促进房地产市场平稳健康发展。（中国房地产报）,0.0576368876080691,-0.4627145025321006,0.7282832518378378,-0.1812562805318734,2023-01-30 07:24:55
长沙取消购买第套房时间限制满足家庭改善居住需求长沙优化家庭改善性购房政策，取消购买第套房时间限制今日，长沙市住建局发布《关于优化本市居民家庭改善性住房政策的通知》，明确在本市购买第套商品住房，不受首套房网签时间的限制；居民家庭名下商品住房单套面积均不足平方米的，可购展开,0.0374639769452449,0.2860173806637717,0.826251272076943,0.0826223517406677,------
政协委员谈地贵伤房：别让高地价挤占保障房屋质量的成本年全国两会进行时据中国青年报报道：今天下午，在全国政协十四届二次会议经济界别的小组会上，柴强委员发言后，主持会议的宁吉喆委员向他提问，“请教一下房地产发展新模式”。柴强是中国房地产估价师与房地产经纪人学会会长，他从“租购并举”“保障加市场的双轨制”“人房地钱联动”等几个方面解释自己对“房地产发展新模式”的理解。此外，他专门提到了“好房子”的概念。他表示，住房质量差的问题，“光是喊一喊没有用”，要在机制上做工作。比如，目前我国国有土地使用权出让实行“招拍挂制度”，这样能减少人为干扰因素，让土地以更公平、合理的价格出让，遏制腐败产生；但是，“拍”出的地价太高，则会挤占保障房屋质量的必要成本。“地价和房价之间应该留有合理区间，好房子才能实现。”柴强感慨，“这是最难的”,1.0,-0.0081486796328167,1.0,-1.0,2023-01-29 23:32:06
今天房地产应该有所表现吧博士聊基金超话北京、上海两大一线城市在同一日调整优化了购房相关政策。北京首套住房个人住房贷款最低首付款比例统一下调为；二套住房个人住房贷款最低首付款比例下调为城六区、非城六区。上海首套住房商业性个人住房贷款利率下限调整为不低于相应期限贷款市场报价利率（）减个基点，最低首付款比例调整为不低于。,0.2341463414634146,-0.0412054257067107,0.6575070220832445,-0.0123127423466078,------
京沪同时释放多重楼市利好，业内称“意义重大”上海有千万级二手房当晚签约两大一线城市同步进行楼市重大调整。月日，北京、上海先后发布重磅新政，对普通住宅标准、购房首付比例、房贷利率等进行了优化调整，在降低购房资金门槛、减少房贷利息支出、降低住房交易成本等多个层面上释放利好。有在上海的一项目营销主管向第一财经记者表示，日常在案场时常会遇到很多客户要改善的需求，却因置换门槛高，好楼盘买不起、能买的项目又不符合需求，于是“悬在那里”，新政策对这部分客群会形成刺激作用。某央企在沪营销负责人也直言，新政策有望精准释放一部分需求，“冲一波年底业绩”。上海新政后多个售楼处小时不打烊具体来看，由于首套、二套住房首付比例下降，直接降低了首套刚需、二套改善住房需求的入市门槛，有助于缓解购房者前期购房资金压力，促进部分购房需求的释放。京沪同时释放多重楼市利好，业内称“意义重大”,0.048780487804878,-0.0326275728320566,0.6561592218289674,-0.0020269953770496,2023-01-29 22:39:25
喇叭花快报北京购房政策调整优化的“靴子”终于落地。昨天（月日），北京市住建委等五部门联合发布《关于调整优化本市普通住房标准和个人住房贷款政策的通知》，调整首套房、二套房的首付比例，首套房首付比例统一降至，二套房首付比例最低为。,0.1804878048780487,0.2807040728244178,0.8573612732215056,0.0843088284159365,2023-01-30 00:00:01
房地产京沪楼市政策大招。一线政策底，二线步入市场底。北京上海调整优化购房政策,0.3512195121951219,-0.0986825276515266,0.5601725176390266,-0.0376836805199821,2023-01-29 22:31:00
今日看盘超话股市早评一、财经消息、隔夜美股三大指数集体收涨，道指续创收盘新高。、每日经济新闻：北京、上海两大一线城市在同一日调整优化了购房相关政策。、证监会：加大力度支持国企改革和民营经济发展壮大、数据宝：四部门日前联合印发了《关于加快推进现代航运服务业高质量发展的指导意见。股市早评：、美股三大指数集体收涨，道指续创收盘新高；、北京、上海两大一线城市在同一日调整优化了购房相关政策；、证监会：加大力度支持国企改革和民营经济发展壮大；、四部门联合印发了《关于加快推进现代航运服务业高质量发展的指导意见。、月份，中国进口煤炭万吨，同比增长；、央行：将加大稳健货币政策实施力度，保持流动性合理充裕。、技术面来看，昨日上证大盘收出一颗高开冲高遇阻回落的阴线，量能较昨日继续萎缩，市场谨慎观望情绪有增无减。、国企改革概念仍大概率在后续盘面中反复活跃，但需注意分化。市场仍需保持谨慎，重点留意局部的题材或个股性的机会。,0.0975609756097561,0.6107252579230075,1.0,0.1156470691200758,2023-01-29 23:46:24
天风地产降成本走向第一线北上调整优化购房政策点评北京：降首付、降利率、调标准月日，北京市住建委等五部门发布《关于调整优化本市普通住房标准和个人住房贷款政策的通知》。）降首付：首套房首付比例统一降至（前：普宅，非普），二套房首付城六区，非城六区（前：普宅，非普）。）降利率：城六区首套、二套房贷利率下限降至、；非城六区降至、（前：首套、二套）。）调标准：单套住房认定标准提至平前：平，取消总价要求，环线单价上限较此前提高。上海：调整普宅标准，优化差别化信贷政策月日，上海住建委等五部门联合印发通知，调整普通住房标准和优化差别化住房信贷政策。）降首付：首套商贷首付比例降至（前：）；二套全市降至，临港及嘉定、青浦、松江、奉贤、宝山、金山区降至（前：普宅，非普）；）降利率：首套房贷利率下限降至（前：）；二套全市降至、临港及区降至（前：）。）调标准：单套住房认定标准提至平前：平，并剔除总价要求。在一线全面落实“认房不认贷”，广深相继下调二套首付后，北上限贷政策调整如期而至。从力度看，一线四城调整后首、二套首付标准及利率加点大体相当，且在特定区域及限购方面仍留有政策空间。普宅认定放松将扩大增值税费优惠普及面，同时利好改善需求。月单月北、上新房成交分别度同比，量价层面均有压力，本次政策将降低购房者入市门槛及购房成本，我们认为或对一线城市住房需求释放形成有效刺激，对稳定市场预期、促进基本面回稳等均起到积极作用。标的方面，：）优质地产龙头：招商蛇口、保利发展、中国海外发展，建议关注越秀地产；）优质物管企业：招商积余、保利物业，建议关注中海物业、万物云；）保障房及城中村改造主题：绿城管理控股，建议关注城建发展。,0.5463414634146342,-0.1002159561085141,0.6559712935416094,-0.0697105460626208,2023-01-29 23:26:38
就在（月日），一线城市中购房政策最为坚挺的两个城市，北京、上海，在同一天里，出台了购房新政。北京五大部门联合发通知，对当前的购房政策进行优化，包括：首套房首付比例统一降至；二套房首付比例最低为；城六区和非城六区，首套房贷利率下限分别调整为和。同时，贷款最长年限也从年恢复至年。上海也同样迎来了双降，降首付、降利率一起上。首套房首付比例统一降低至；二套房首付比例统一降低至；首套房、二套房贷款利率分别降至和。此外，北京、上海此次都对普通住宅的认定标准进行了大幅调整。面积上限从提升到；非普宅认定，不再看成交总价；上海是直接剔除了价格指标，北京虽然保留了成交单价的认定标准，但上限相较之前也进行了大幅上调。根据预测，执行新标准后，目前北京市场上可被认定为普通住宅的商品房，将从过去的约三成提高到约七成。大量二手房将不再需要缴纳豪宅税，大大降低了换房的交易成本。这类政策虽然对沈阳不会有波及但对全国的示范效应还是非常明显预计个别城市还会有一波调整直播今晚七点直播,0.0878048780487804,0.1409522779636818,0.580863255410436,0.013953310613052,2023-01-30 02:26:31
天风证券：北上调整优化购房政策，降成本走向第一线北京：降首付、降利率、调标准月日，北京市住建委等五部门发布《关于调整优化本市普通住房标准和个人住房贷款政策的通知》。）降首付：首套房首付比例统一降至（前：普宅，非普），二套房首付城六区，非城六区（前：普宅，非普）。）降利率：城六区首套、二套房贷利率下限降至、；非城六区降至、（前：首套、二套）。）调标准：单套住房认定标准提至平前：平，取消总价要求，环线单价上限较此前提高。上海：调整普宅标准，优化差别化信贷政策月日，上海住建委等五部门联合印发通知，调整普通住房标准和优化差别化住房信贷政策。）降首付：首套商贷首付比例降至（前：）；二套全市降至，临港及嘉定、青浦、松江、奉贤、宝山、金山区降至（前：普宅，非普）；）降利率：首套房贷利率下限降至（前：）；二套全市降至、临港及区降至（前：）。）调标准：单套住房认定标准提至平前：平，并剔除总价要求。在一线全面落实“认房不认贷”，广深相继下调二套首付后，北上限贷政策调整如期而至。从力度看，一线四城调整后首、二套首付标准及利率加点大体相当，且在特定区域及限购方面仍留有政策空间。普宅认定放松将扩大增值税费优惠普及面，同时利好改善需求。月单月北、上新房成交分别度同比，量价层面均有压力，本次政策将降低购房者入市门槛及购房成本，我们认为或对一线城市住房需求释放形成有效刺激，对稳定市场预期、促进基本面回稳等均起到积极作用。标的方面，重点推荐：）优质地产龙头：招商蛇口、保利发展、中国海外发展，建议关注越秀地产；）优质物管企业：招商积余、保利物业，建议关注中海物业、万物云；）保障房及城中村改造主题：绿城管理控股，建议关注城建发展。,0.0682926829268292,-0.2936296887011238,0.800259003118874,-0.031147078875608,2023-01-29 22:54:51
南方早新闻低至广东将迎来“蹦极式”降温广东最低温跌至度成为广寒宫广州多个路段电动自行车今起禁行汕汕高铁预计本月底通车北京上海调整优化购房政策美国众议院决定对拜登展开弹劾调查拜登为何陷入弹劾门医院职工泄露周海媚病历被行拘,0.0341463414634146,0.1812100029841962,0.7630376541366007,0.0091639968443009,2023-01-30 09:57:43
最新消息证监会重磅发声全力维护资本市场平稳运行；北京、上海放大招，调整优化购房政策。、证监会：全力维护资本市场平稳运行；、北京、上海调整优化购房政策；、美股三大指数集体收涨，道指续创收盘新高；、鸿蒙系统即将走向独立：多家高校设立“鸿蒙班”，部分已替代安卓成课程核心；、泸州老窖：控股股东拟亿元至亿元增持公司股份。政策解读新浪看点网页链接,0.0585365853658536,0.3028387364484121,0.6342468398252166,0.0218227630452117,2023-01-30 08:09:19
今天稳了期指大涨主要原因可能是下面两点：一，证监会召开会议：全力维护资本市场平稳运行，把促进投融资动态平衡放在更突出位置。资本市场是连接企业和投资者的重要枢纽，只有市场平稳向上，才能很好发挥场挥投融资功能。企业才能更好地融资发展，投资者也能享受到企业发展的红利。二，北京上海调整优化购房相关政策。一线城市调整购房相关政策可以更好满足民众刚需和改善性需求。对房地产行业健康持续发展也起到重要作用。住房销售增长也能带动相关行业发展，对刺激消费也能起到带动作用。,1.0,-0.6920943134535369,0.7444269796454641,-1.0,2023-01-30 08:00:46
基金超话月日上证指数涨跌预测及期权操作计划：消息亮点：北京、上海调整优化购房相关政策。技术分析：上一交易日指数表现如料。小时技术指标收盘时进入低位区。今日指数预计止跌企稳。期权操作计划昨日仍未出现盈利场景，原因是标的波动变小。今日等待波动再加大。（期权投资风险极大，不怕死的可放马过来）,0.0097560975609756,0.9999938465949476,0.7444269796454641,0.0140963989128492,2023-01-30 00:44:16
东方财富股票重磅北京、上海调整优化购房相关政策北京、上海两大一线城市在同一日调整优化了购房相关政策。重磅北京、上海集体出手调整优化购房相关政策来自东方财富网,0.0048780487804878,0.9998883791306556,0.7444269796454641,0.0070474560961259,2023-01-29 23:16:26
“皇上，不可”诏狱失火，穆裴轩伺机逃出诏狱的消息正将送入行宫内，小皇帝萧珣怒不可遏，当场就拍了御案。萧珣着姚从率锦衣卫连夜追捕穆裴轩，秦穹和李承意便是此时来的。秦穹蹙着眉，沉声道：“靖南郡王私自离开诏狱虽不合规矩，可到底事出有因。在缉拿九莲教妖人途中，妖人挟持郡王妃潜逃了。”萧珣苍白的面色阴沉沉的，一言不发。殿外雷声轰隆，密雨如倾。半晌，萧珣扯了扯嘴角，道：“怎么就这般巧？他那郡王妃不是尚在病中吗？怎的跟着去缉拿妖人去了？偏偏还被人挟持了去？”“还这么巧，诏狱就失火了？”李承意乍听这话，抬起眼睛，拱手道：“皇上，此番能查出九莲教妖人藏匿之所，多亏郡王妃撬开了那青桐的嘴”一旁的姚从嘴唇轻动，想说此前被买通刺杀穆裴轩的人业已招供，正是出自玉安孟氏的手笔，信王妃正是出自孟氏可他见皇帝如此恼怒的模样，话在嘴边过了一圈，没有再说出口。皇帝前脚才下令要他带锦衣卫去追拿穆裴轩，穆裴轩本就是在他手中跑的，现在他再开口，就是引火烧身，说不得就要失去帝心。萧珣讥诮道：“李承意，你知道的倒是清楚。”李承意扑通一声跪在地上，“皇上。”秦穹开口道：“皇上，经三司审查，世子萧元启之死乃出自九莲教妖人之手，和靖南郡王无关。他既已离开诏狱，皇上不如下诏为之昭雪，如此，既可显司法之公正，也能彰显陛下之仁德。”萧珣冷笑道：“让穆裴轩待在诏狱，乃是朕钦命，他未得圣旨，就敢私自逃出诏狱，分明是藐视皇威，半点都不将朕这个天子放在眼里”“如此狂悖，朕不当罚，还要朕下旨？”萧珣道，“太师，有这样的道理吗？”秦穹心知皇帝心中对穆裴轩的忌惮，戍疆大吏，哪个皇帝能不忌惮，更何况有秦凤远这个先例，大梁又值此风雨飘摇之际。可便是想削藩，也不能如此激进。秦穹沉声道：“事急从权，也属常情，皇上宽宏大量，想来靖南郡王心中自会感恩戴德”“感恩戴德？”萧珣漠然道，“他若知感念皇恩，为何秦贼攻打梁都时，他不来救驾”“他要真知感恩，朕让他留在玉安，他就该留下可他没有他拥兵自重，居功自傲，朕看他分明就是想做下一个秦凤远”秦穹霍然抬起头，直直地看着萧珣，“皇上”老太师眼里露出几分严厉和不赞同，刹那间，萧珣心中瑟缩了一下，可转瞬又成了怒意，道：“太师，朕难道说错了吗？”秦穹看着少年人，问道：“皇上当真派了人去瑞州？”说着，他扫了眼姚从，姚从眼观鼻，鼻观口，和李承意都不敢做声。萧珣抿了抿嘴唇，道：“那又如何？”秦穹整个人都晃了晃，苍老了几分，轻叹道：“慎重则必成，轻发则多败，皇上，靖南郡王是功臣您太心急了。”萧珣面无表情道：“太师又要朕等吗？”“自父皇驾崩之后，朕就一直在等，等到除了林相，大梁的半壁江山也丢了，朕像个丧家犬似的一路南逃。你又要朕等，要朕忍，要忍几年？你告诉朕”“信王狼子野心，他会给朕徐徐图谋的时间吗？朕再忍下去，他就要逼朕写禅位诏书了”一道紫电劈下，台上的少年被皇权折磨得苍白消瘦，面容阴郁又陌生，不像先帝在时聪慧狡黠、玉雪可爱的小太子，更没有半点初登帝位时，仓皇不安地抓着他的手，叫着他秦尚书，问他孤要怎么办？孤不知怎么做皇帝时纯稚认真的影子。秦穹的脊背都似佝偻了几分，他想，当真是大梁的气数尽了吗？穆裴轩守了段临舟一眼，盏上的烛火燃尽了，窗纸渐渐透出天光。这一夜，牧柯累得脚不沾地，此一役受伤的不知段临舟一个，此处即便不是九莲教总坛，也是极为重要的分坛。段临舟的人，穆裴轩的人，双方均有死伤。当中柳三九是段临舟的心腹，江渔更是护送他们一路自瑞州到玉安。说来也险，江渔和那九莲教长老动手，江渔自是不敌的，可后来兴许是听见穆裴轩带人大肆闯进来的声响，那老妪担心云琢，便弃了江渔直奔云琢而去。章潮等人来得也及时，江渔因此捡了一条命。东方既白，山中雾气重，牧柯忙了一宿，周自瑾见他终于腾出手，便往他手里塞了碗热粥，一张煎软的饼，道是厨房里弄的，凑合先填几口肚子。他不说牧柯还不觉得，闻着白粥漫出来的米香，顿时想起自打昨儿中午就滴水未进，舔了舔干燥的嘴唇，说了声谢，先咕噜了半碗粥，才恶狠狠地咬了大口饼。周自瑾问他：“牧大夫，我们郡王妃”他欲言又止，牧柯看了周自瑾一眼，嚼巴嚼巴将饼咽下去才道：“不知道。”“如今是尽人事，听天命了。”这话听得周自瑾脸色一白，他愣愣地看着院外的青松，说：“好人有好报，郡王妃是好人，一定能没事的。”牧柯想了想，没戳破，点了下头。他就是在这时听到穆裴轩的声音的，高声又急促地叫他，“牧柯，牧柯”牧柯蹭地站直了，顾不得再吃，将手里的东西塞周自瑾怀里，说：“我瞧瞧去，”说完，咚咚咚地就小跑了过去，一边擦着自己的手，“来了”他迎面撞上寻过来的穆裴轩，青年天乾身上穿的还是昨日的劲装，挂着血，面容憔悴，熬得通红的双眼直直地看着牧柯，说：“快，临舟突然吐血了你看看他”他一把攥住牧柯的手，腿长，步子也迈得大，抓了牧柯就往禅房里拖去。牧柯脚下也急，二人都要跑起来，所幸没几步，牧柯迈进房内，直接就去了病床前。段临舟已经昏迷了过去，嘴边却都是黏腻的红里发黑的血，他心头跳了跳，伸手探向段临舟的脉搏，过了许久，才长长地舒了一口气。穆裴轩一眼也不敢眨，小心地擦着段临舟颊边的血，一边盯着牧柯的神情，见他撤回手，忙不迭问道：“怎么样？临舟怎么样？”牧柯道：“脉象虚浮如悬丝，不过暂时稳住了。”“一切还是要等他醒来再看。”穆裴轩肩头也落了落，悬了几日的心晃了晃，勉强着陆一般，几乎喜极而泣，他克制地深深地吸了好几口气，才道：“我就知道，我就知道他会没事的。”牧柯心道，这可离没事差得远呢。牧柯摇摇头，道：“你也去吃些东西吧，再这般下去，你要先病了。”穆裴轩道：“我不饿。”“怎么能不饿？”牧柯说，“这几日都没好好吃东西，便是照顾病人，也得先照顾好自己，自己好好的，才有余力照顾段老板。”穆裴轩应了，目光却仍黏在段临舟身上，牧柯叹了口气，道：“我去熬药，一会儿让自瑾送些吃的过来，你记着吃。”段临舟却是晚上才睁眼的，穆裴轩一直在床边守着，掌心里攥着段临舟的一只手，那几根手指一动，他猛地惊醒，直勾勾地盯着段临舟。段临舟缓缓睁开眼，禅房里烛火暗，昏昏里瞧见床边杵了个高大的身影，连声地叫他，“临舟，临舟，你醒了”过了好几息，段临舟才开口，可声音太低哑虚弱，穆裴轩没听清，俯下身来道：“可是哪里疼？”段临舟道：“你没事吧？”穆裴轩眼睛一热，低声道：“我好着呢。”段临舟：“云琢呢？”穆裴轩：“死了。”“三九江渔”“活着，都活着，”穆裴轩伸手轻轻摸了摸段临舟的脸颊，道：“一切已经结束了，你别担心，万事有我。”听着这话，段临舟似是露出一个极轻的笑，如天边云，袅袅将散。穆裴轩用力眨了眨眼睛，忍住了眼中涌起的热意，口中道：“你醒了就好了，等你再养养伤，我们就启程回瑞州。”“阮修拿着了那颗珠子，现在已经给了牧柯，他正在想方子，等他敲定了法子，就能拔出你体内的毒，段临舟，你会没事的。”阮修是穆裴轩也离开玉安之后跟上来的，他手中持有的正是自那申榷手中得来的南明珠，穆裴轩昔日送贡品上梁都时曾见过一眼，是真品无疑。可这颗珠子原是为解“见黄泉”做药引子的，如今段临舟体内不止一味“见黄泉”，便是牧柯，也不敢轻易妄动了。段临舟听着他絮絮叨叨地说着，尽都是为安他的心，眼里柔软，声音嘶哑道：“小皇帝派了人去瑞州你别担心。”“出发前，我让陆重，盯住了周庭，”段临舟说，“他要是有动作，陆重会拿下拿下他的亲眷，军中有徐英，他调动不了南军。”这几句话长，说得也吃力，穆裴轩垂下眼，怔怔地看着段临舟。段临舟行事素来走一步看十步，穆裴轩要和他一起离开瑞州，而周庭是朝廷派去南边的指挥使，为的就是盯住安南王府。周庭和穆裴轩相交多年，很有几分师徒情谊，可他到底是朝廷中人，穆裴轩也许会顾忌二人间的情分，段临舟却无法对他全然放心。段临舟不是官府中人，可官有官道，匪有匪道，他自有他的路子能拿住周庭。这些事本就是有备无患埋下的后手，没想到此刻都用上了。穆裴轩没想到段临舟竟在出发前做了这么多事，他当真是殚精竭虑地为他筹谋打算的。穆裴轩想笑，可眼睛却发热，他哑着嗓子道：“嗯，我不担心。”段临舟看着他颌下的青茬，眼下都是乌青，想伸手摸一下，却扯动了肩膀的伤口，顿时疼得冷汗涔涔，口中也溢出了一声闷哼。穆裴轩吓了大跳，道：“别动，你别动，伤着呢。”段临舟喘了几口气，才缓过了肩上的剧痛，道：“真憔悴，都不漂亮了。”穆裴轩听着他的话，瞪着段临舟，段临舟朝他笑了一下，说：“我们郡王，可是瑞州最英俊漂亮的天乾”他声音越低，体力不支，又昏睡了过去，骇得穆裴轩又冲出禅房将隔壁的牧柯抓了过来诊了片刻才放下心来。邋遢了好些日子的穆裴轩总算是剃干净了下颌冒的碎茬，换了身干净衣裳，出现在段临舟面前时，便又是那个挺拔俊美的天乾。这一日，章潮来报，道是四十里外，发现了官兵的踪迹。穆裴轩沉默了下来。这官兵，不是信王派来的，便是皇帝派来的。无论是谁遣来的，此刻他们寡不敌众，必然不能和他们相抗衡。别无他法，只能走。穆裴轩着周自瑾弄来了两辆马车，一辆给段临舟，一辆给柳三九和江渔。二人伤重，他们是段临舟的心腹，自是不能将他们丢下。段临舟虚弱，这两日昏睡的时候远多于清醒的时候，穆裴轩小心翼翼地将他抱上马车时，段临舟醒了片刻，问他：“怎么了？”穆裴轩若无其事道：“没事，咱们启程回家了。”段临舟何其敏锐，自是能听懂他话中背后的意思，他张了张口，想说什么却没有说出口，只是低低的嗯了声，又闭上了眼睛。追来的确实是朝廷的人马，他们撵得紧，赫然是不打算让穆裴轩一行人回去。双方交过手，来人调动的是地方戍军和锦衣卫，穆裴轩心想，没想到小皇帝会有和信王合作杀他的一天。穆裴轩的人大都在乾安城外，由顾云真率领，此刻还未和他们汇合。穆裴轩手中尚有千余人可用，足以斡旋几日。遣来的地方戍军和锦衣卫都是冲着要穆裴轩命来的，不是酒囊饭袋，饶是穆裴轩的人对上，也有几分吃力。双拳难敌四手。更遑论还带着伤患。穆裴轩无意和他们厮杀，他要的是回瑞州。一连几日疾奔，段临舟路上又发起了热，他昏昏沉沉地躺在车厢内，车内铺了厚厚的绒毯，已是竭力让段临舟能舒坦些。段临舟浑身发烫，穆裴轩给他喂了一盅药，摸着段临舟的脸颊，心如刀绞。段临舟清醒又不清醒，他哑声叫穆裴轩，“郡王你们走吧。”“没了我，他们拦不住你。”穆裴轩身体紧绷，咬着牙，下颌线明晰如刀削，道：“临舟，别说傻话。”段临舟脑袋靠在他胸口，吐息灼热又微弱，喃喃道：“不是傻话，我活不了了，你带着我，甩不脱他们。”穆裴轩却听不得那话，道：“你能活，谁说你活不了，你能活得好好的。”段临舟道：“走吧，在这儿放下我，换上马回家，谁都拦不住你。”“阿轩”车窗外，周自瑾道：“郡王，东边发现了朝廷的人马。”穆裴轩低头嘴唇贴着段临舟发烫的额头，道：“我不会舍下你。”“就算是死，要死一起死。”,0.5384615384615384,0.7026789139031678,0.4834773490208177,1.0,2023-01-30 09:47:51
东莞东莞楼市住建部的说法今年政策很多工作是开创性的，难也要干，生命力在于落实，在狠抓落实动则必快，动则必成。这个提法其实算比较激进了，也在预示着接下来的政策会更加果断，政策加速度，值得期待。,0.0054298642533936,0.1731835572065727,0.7821271615743157,0.0040205480358839,2023-01-29 23:18:18
徐必成生日快乐。宝宝我嘴比较笨不会说那种很华丽的话，但是认识你是我最幸运的事情，认识你的每一天我都在想为什么我没有更早认识你更早一点，这样是不是可以陪伴你更久更久一点。今年挑杯时隔三年进了总决赛，我就在想克服千难险阻，也一定要见你一面，万一这是最后一次进总决赛呢，职业选手的生涯是未知数，超过二十岁的职业选手更是，可能前一天还在打比赛后一天就替补轮换默默淡出视线了呢，我不敢想。但和我紧张压抑的心情不同的是，总决赛现场气氛特别特别好，看见了很多很多很多跟我一样喜欢你支持你的粉丝，场馆外挥着旗子提着应援穿着队服的，很多人都是和我一样从全国各地赶来支持你的，我真的很受触动，那一瞬间真的很感慨，好庆幸能有那么多人同时和我一样喜欢你支持你。现场的气氛和直播里的真的完全不一样，我坐在观众席上看着你入场，看着你打比赛，看见屏幕中的人变得那么近，跟着观众席一起大声喊着口号，鼓声咚咚穿进我的耳膜，穿进我的心脏，在没有延迟的现场，我们的心跳会在某一刻共振。很可惜的是这一场比赛输了，其实输掉的那一刻我心里并没有很难过，这是我意料之中的结果，能拿到分在赛前我想都不敢想，好像我们小红作为一支成型一个月的新队伍，作为一个挑战者能走到总决赛这一步已经很不错了很不错了。但水晶被推掉后，我看见你坐着座位上迟迟没有动，握着手机盯着屏幕发呆的时候，后知后觉感觉到心脏一阵一阵的钝痛，这一刻我们心脏又共振了，你那个时候也是这么痛这么难过的吧，然后我站起身收了东西头也不回的就走了，结果一出场馆门就下了暴雨，狂风暴雨，吹倒了门口竖着的应援牌，也吹灭了我心里最后一盏灯。那段路上我一直在控诉老天爷偏心，为什么老天爷不肯眷顾你哪怕一次呢，为什么你的努力迟迟得不到应有的回报呢，为什么你的运气总是那么差呢，为什么骗你，为什么刚把你从谷底拉出又毫不犹豫的再次把你推下去呢，那个奖杯，那个开幕式时离你不到一米距离的奖杯，为什么实际距离感觉十万八千里，感觉这条路永远也走不尽呢。回到酒店躺到床上的时候我点开手机，看见你发了一条微博。你说“不要停下前进的步伐虽然会累有荆棘，但是这不就是我们所追求的挑战吗，下一个故事在等着我们”，真的一瞬间就有点绷不住了。宝宝，我好想哭好爱你，这段话又增强了我的信心，是啊宝宝，挫折，遗憾，失败，都是人生的常态，我们该做的是学习如何从一个个挫折遗憾失败中走出来，站起来，跨过它，击败它。我们的故事还没有到完结的时候，我们还要携手一直一直往前进，还会有下一个下下一个下下下一个故事等着我们一起去书写，爬山的道路是艰难的是辛苦的，但如果不经历这些痛苦，又怎能体会到达山巅的喜悦呢。这次世冠果然你们丝毫没有受到挑杯失利的影响，特别快的就调整了心态和状态，慢慢学习慢慢进步，踏踏实实的一步一步向前走，交出了一份又一份满意的答卷，也在这一个月中一次又一次的进步，战胜了一个又一个以前从未战胜的对手，突破了一个又一个必败的玄学，我说过，这次世冠我们就是破魔者，翻过一座一座大山，打破一个一个梦魇，突破一次一次上限。我相信你们，更加相信你徐必成，前天的比赛就是一个好的开头，赢了比赛才让我们争取到了今天的空闲，能给你放松一下过一天的生日，今天之后后面几场比赛都请继续全力以赴地拿下，每一步都踏踏实实的走下去，还差两步，山巅就在前方，这次我们不要再留遗憾了好不好，命运把握在自己手里，我希望岁的生日礼物是你送给自己的世冠冠军。这次总决赛我又来见你了，希望你也能稳稳的进总决赛来见我，以后你进的每一次总决赛我都会来，希望你还可以进好多好多次总决赛，希望我们还可以见好多好多次面，你还要打很久很久，答应我的要打到三十岁，不要消失。一条路再黑也会有光照进来，一条路再长也终会走到尽头，希望下次我可以亲眼见证你亲手捧起那座属于你的奖杯，而不是只能远远望着它了。生日快乐，希望在年的年末你可以如愿以偿。一诺,0.0036199095022624,0.9998401699896926,0.7821271615743157,0.0154745461847551,2023-01-30 00:05:55
阳光信用超话每日一善超话每日一善阳光信用实时号测试大家上午好呀，周末愉快，天冷注意保暖月末起来动涨芬呀跟极好积极动涨芬更快喔，找找极好的好友互动起来每月认真互动是涨芬最关键的哦带字转蹭快锦鲤附体锦鲤附体今日份锦鲤，好运莲莲锦鲤附体锦鲤附体路虽远行则将至，事虽难做则必成。用你的智慧点燃梦想，用你的勤奋书写未来每天努力一点点，年底收获满满傅家果果苏苏的微博视频,0.0398190045248868,0.5251422896834449,0.5052586098695478,0.0577555033977553,2023-01-29 23:53:43
楼市早知道房地产超话深圳楼市楼市启动前夜房地产经济、住建部住建部：“动则必快，动则必成”明年房地产工作狠抓落实、住建部住建部：明年因城施策、一城一策实现房地产供求关系平衡、市场京沪楼市新政发布一周：北京一楼盘半小时即卖余套，有楼盘客户量多到需限流、上海上海楼市新政后利率大降，期房业主能否集体重签贷款协议？、珠海横琴“总规”重磅发布，定调未来年发展蓝图,0.0027149321266968,-0.0920256714973546,0.7919955818038606,-0.0010816904351192,2023-01-29 22:59:28
每日一善阳光信用实时号测试大家上午好呀，周末愉快，天冷注意保暖月末起来动涨芬呀跟极好积极动涨芬更快喔，找找极好的好友互动起来每月认真互动是涨芬最关键的哦带字展开,0.2904977375565611,0.5791137498925195,0.5279189284447976,0.4854965225188808,2023-01-29 22:42:45
住建部称明年房地产工作狠抓落实坚持稳中求进、以进促稳、先立后破，明年做好四大板块、个方面工作。因城施策、一城一策，实现房地产供求关系平衡；进一步加大首套住房、二套住房政策落实力度；保交楼工作落实属地责任，加强预售资金监管，加快预售制度改革；一视同仁满足不同所有制房企合理融资展开,0.0036199095022624,-0.1578667248669216,0.7821271615743157,-0.0024433064386824,2023-01-29 22:34:37
进一步加大意思是继续降首付比例或者降利率好房子不够放开限价，打造好房子样板动则必快，动则必成,0.0036199095022624,0.6974097492881819,0.7862007405408485,0.010850042388357,2023-01-29 22:30:14
全球早盘信息汇总美国和通胀数据增强降息预期，纳指涨超，标普涨，道指靠近历史高位。芯片股指收涨跑赢大盘、逼近历史高位，美光财报后创近两年新高。存款利率迎年内第三次下调：长期限存款利率降幅更大；工行率先出手。住建部：新一轮保障性住房严格封闭管理，“新房新政策，老房老办法”；明年房地产工作狠抓落实，“动则必快，动则必成”。美国三季度终值下修至，物价指数降温。特斯拉量产恐推迟，电池产量据称只能满足需求。工业和信息化部表示，年将全面实施制造业重点产业链高质量发展行动。,0.1981900452488687,0.3131086324142931,0.5116509598942884,0.1735653107259664,------
动则必快，动则必成。这小词整得，快可以理解，工具箱里的工具拿快点就行，成的含义是什么？这个理解准了，那就是人生中的一次大机会。,0.0009049773755656,-0.0994584222907517,0.7821271615743157,-0.0003848299946822,2023-01-29 21:23:26
财经要闻：、月日，国务院关税税则委员会发布公告：年月日起，对部分商品的进出口关税进行调整。按此公告，恢复煤炭进口关税。按照自贸协定，来自澳大利亚，东盟的进口煤继续实行关税来自其他国家的进口煤实行最惠国税率，无烟煤、炼焦煤、褐煤关税为，动力煤关税为。、继月下调后，大行与部分股份行存款挂牌利率今日再次下调。就工行、农行、中行、建行等大行而言，年、年期定存挂牌利率降幅最高，为。与此同时，也有股份行在今日与大行一同下调。月日，招商银行年、年、年、年期整存整取定期存款挂牌利率为、、、。另外，记者了解到，部分银行大额存单也出现调整，最高降幅达到。、工信部：促进稀土在航空航天、电子信息、新能源等领域高端应用，启动智能网联汽车准入和上路通行试点。、住建部：“动则必快，动则必成”，明年房地产工作狠抓落实。、工信部：年要出台未来产业发展行动计划瞄准人形机器人、量子信息等产业。、蓝筹权重股昨日午后走强，上证指数涨，资金再次跑步进入上证。华夏上证昨日成交额达到亿元，较前一日亿的成交额实现翻倍。只沪深巨头交易活跃，昨日合计成交额达到亿，较前一日亿明显放量。、美国三大股指全线收涨，道指涨报点，标普指数涨报点，纳指涨报点。英特尔涨，赛富时涨，领涨道指。万得美国科技指数涨，特斯拉涨，英伟达涨。中概股普遍上涨，晶科能源涨，新濠博亚娱乐涨。欧洲三大股指收盘小幅下跌，德国指数跌报点，法国指数跌报点，英国富时指数跌报点。国际油价小幅下跌，美油明年月合约跌，报美元桶。布油明年月合约跌，报美元桶。国际贵金属期货普遍收涨，黄金期货涨报美元盎司，白银期货涨报美元盎司。伦敦基本金属收盘涨跌不一，期铜涨报美元吨，期锌跌报美元吨，期镍跌报美元吨，期铝涨报美元吨，期锡涨报美元吨，期铅跌报美元吨。芝加哥期货交易所（）农产品期货主力合约收盘涨跌不一，大豆期货跌报美分蒲式耳；玉米期货涨报美分蒲式耳，小麦期货涨报美分蒲式耳。美债收益率集体上涨，年期美债收益率涨个基点报，年期美债收益率涨个基点报，年期美债收益率涨个基点报，年期美债收益率涨个基点报，年期美债收益率涨个基点报。纽约尾盘，美元指数跌报，非美货币普遍上涨，欧元兑美元涨报，英镑兑美元涨报，澳元兑美元涨报，美元兑日元跌报，美元兑瑞郎跌报，离岸人民币对美元涨个基点报。、上海有色网最新报价显示，月日，国产电池级碳酸锂价格下跌元报万元吨，连跌日，续创逾年新低。,0.0171945701357466,0.9109326624639636,0.7902743195073815,0.0676655670524223,2023-01-29 19:16:43
之前计生部们说放开计划生育，人口会迎来爆发性增长，国家资源承载不了。现在放开发现是负增长。去年说口罩放开，社会面临崩溃，很多人熬不过这一关。放开后两周后就恢复正常了。十年前各地户籍限制，认为入户人口太多挤占当地教育，医疗等资源，现在省会无条件入户，买房送户口。七年前房价上涨展开,1.0,0.1934568458446583,0.9080201953976148,0.9602667012934906,2023-01-29 22:09:17
多家大行将于明起再下调定期存款及大额存单利率继今年月国有大行下调存款利率后，时隔三个月存款利率再迎“降息”。证券时报记者月日从多个信源核实到，月日起，多家国有大行将再下调存款挂牌利率，不同期限的定期存款及大额存单利率下调幅度不等，降幅一般为、、和，存款期限涵盖一年期到五年期。住建部：“动则必快，动则必成”明年房地产工作狠抓落实商务部：全力保障生活必需品市场供应商务部新闻发言人束珏婷日在例行新闻发布会上说，近期，全国多地出现强雨雪天气、气温大幅下降，对部分地区生活必需品供应造成一定影响。商务部第一时间积极采取措施，全力保障生活必需品市场供应。目前，国内生活必需品市场供应充足，受大范围寒潮天气影响，部分地区的蔬菜价格阶段性上涨，粮食、食用油、肉类、鸡蛋等商品价格总体平稳。束珏婷说，下一步，商务部将持续加强监测分析和工作调度，及时采取有效措施，积极应对低温雨雪冰冻灾害影响，保障生活必需品市场平稳运行。（新华社）本周，唐山主要仓库及港口同口径钢坯库存万吨，周环比减少万吨。调研周期内，下游轧材企业低价补库为主，社库持续走低；港口方面，内贸资源出口和进口板坯到港并存。本周，五大品种钢材总库存量万吨，环比增加万吨。其中，钢厂库存量万吨，环比增加万吨；社会库存量万吨，环比减少万吨。小评，我昨天晚上预计今天的库存与网报不同，主力采用了我的，这个白天与晚盘看一下盘就知道了。所以经常要用自己的估算库存比较实用。港口市场情绪偏弱，随着气温下降，终端需求提振有限，港口货源销售不畅，部分贸易商出货意愿增强，市场报价出现松动。有贸易商表示，市场报货见多，价格有下跌迹象，但近期港口调入量明显减少，港口库存快速下滑，大跌或也难出现。主产区煤矿价格整体较为平稳，个别矿价格止跌上涨。部分煤矿年度任务即将完成产量收紧，随着路况好转，部分煤矿拉煤车增多，库存压力减缓，但终端还是以刚需采购为主，贸易商不敢存煤，整体市场以去库存为主，需求释放有限，年底市场供需两弱,0.0036199095022624,-0.0916324129758898,0.6578342522983711,-0.0011928218280414,------
住建部：明年因城施策、一城一策实现房地产供求关系平衡全国住房和城乡建设工作会议在北京召开，住房和城乡建设部部长倪虹在会上强调：坚持稳中求进、以进促稳、先立后破，明年做好四大板块、个方面工作。因城施策、一城一策，实现房地产供求关系平衡；进一步加大首套住房、二套住房政策落实展开,0.0099547511312217,0.434602625512944,1.0,0.023650210555704,2023-01-29 16:15:36
住建部的说法就是明年将会放开限购，限价，首套二套首付比例与利率都会降低。动则必快，动则必成，不达目的不罢休,0.1411764705882353,0.1885652120420749,0.6834326266721114,0.0994561997876228,------
住建部：“动则必快，动则必成”明年房地产工作狠抓落实月日上午九点，全国住房和城乡建设工作会议在北京召开，会议回顾总结年工作，系统部署年重点任务。住房和城乡建设部党组书记、部长倪虹在会上强调：坚持稳中求进、以进促稳、先立后破，明年做好四大板块、个方面工作。因城施展开,0.0162895927601809,0.073764792727393,0.7810704434518152,0.0051305250952698,2023-01-29 15:08:16
倪虹指出：房地产已经从“有没有”转入“好不好”的时代，好房子只有想不到，没有做不到。明年选择一些城市和企业试点，抓一批好房子样板出来，不同的价格下有不同的好房子。保交楼工作落实属地责任，加强预售资金监管，加快预售制度改革。倪虹表示，在狠抓落实上下更大功夫，“动则必快，动展开,0.0018099547511312,-0.0524655636156183,0.7821271615743157,-0.0004060052854685,------
住建部：“动则必快，动则必成”明年房地产工作狠抓落实,0.0099547511312217,0.7214015673422086,0.9554325379469034,0.0375076431015921,2023-01-29 17:33:17
住建部称明年房地产工作狠抓落实住建部：“动则必快，动则必成”明年房地产工作狠抓落实月日上午九点，全国住房和城乡建设工作会议在北京召开，会议回顾总结年工作，系统部署年重点任务。住房和城乡建设部党组书记、部长倪虹在会上强调：坚持稳中求进、以进促稳、先立后破，明年做好四大板块、个方面工作。因城施策、一城一策，实现房地产供求关系平衡；进一步加大首套住房、二套住房政策落实力度；保交楼工作落实属地责任，加强预售资金监管，加快预售制度改革；一视同仁满足不同所有制房企合理融资需求，住建部将会同金融监管总局指导房地产融资；积极推动城市更新行动，抓好问题导向和目标导向两个工作等。“今年很多工作是开创性的，难也要干。”“政策生命力在于落实。”倪虹表示，在狠抓落实上下更大功夫，“动则必快，动则必成”。（中国房地产报）,0.0588235294117647,-0.1915109806670803,0.567931614023254,-0.0349746246269362,------
住建部称明年房地产工作狠抓落实：“动则必快，动则必成”月日上午九点，全国住房和城乡建设工作会议在北京召开，会议回顾总结年工作，系统部署年重点任务。住房和城乡建设部党组书记、部长倪虹在会上强调：坚持稳中求进、以进促稳、先立后破，明年做好四大板块、个方面工作。因展开,0.1909502262443438,0.4801205448445425,0.6467183364091327,0.324114082367092,2023-01-29 19:03:57
住建部：保障性住房不得上市交易需实施严格封闭管理。,1.0,0.8533840311897534,,,------
早间重磅消息汇总，突发重要信号，三大利好出现，今天大怎么走？证监会主席易会满：全力维护资本市场平稳运行更好发挥资本市场枢纽功能。利好希望将来是稳步有升的股市，而不是稳步运行而已。重要信号国资委大消息坚决防范化解中央企业金融板块业务风险问题。大利好稳定军心金融板块的企稳，才是大企稳的基础。如果金融板块今天出现集体拉升，大有可能再次逆转下跌趋势。潘功胜：主动适应我国房地产市场重大转型，战略上，牢牢坚持房子是用来住的、不是用来炒的定位。定位很清楚了，而且也很合理。接下来更多的应该是实体产业，而不是房地产。市场人士指出，三大力量集体做多，成为中国股市长牛慢牛的坚实基础。而从五到十年维度看，多万亿元居民储蓄中的左右（即万亿元万亿元居民储蓄）未来还会进入到权益市场中。大利好但是真的有这么多钱愿意进场吗？没有赚钱效应的市场，是不可能有这么多资金进来的，只有让市场有赚钱效应，才能吸引更多的投资者。国家新闻出版署：发布月国产网络游戏审批信息，共款游戏获批。利好游戏板块游戏板块今天将继续上涨再融资从严从紧“五条红线”提高门槛多家上市公司定增“搁浅”。大利好大幅减少上市公司的再融资行为，有利于市场稳定，至少市场失血大幅减少。中信证券：申请发行不超亿元公司债券获证监会同意注册批复。大利空欧美普跌，纳斯达克跌近，中概股普跌，金龙指数下跌超，人民币下跌。利空港股和大开盘。小结：今天大预计还会继续调整，而且会尝试破点。但是在接近时，市场很可能会迎来一波抄底反弹，大概率还是国家队出手，另外大金融今天也会充当稳定器作用。点今天还是能守住的今天热点还是泛科技方向，当然大金融应该也会有机会。,0.8577235772357723,-0.2648110055630693,0.4290727084099041,-0.4209114621364469,2023-01-29 11:49:35
行长潘功胜的文章：主动适应我国房地产市场重大转型。主动适应我国房地产市场重大转型，战略上，牢牢坚持房子是用来住的、不是用来炒的定位。策略上，弱化房地产市场风险水平，防范房地产市场风险外溢，一视同仁满足不同所有制房地产企业合理融资需求，维护房地产市场稳健运行。为保障性住房等“三大工程”建设提供中长期低成本资金支持，完善住房租赁金融政策体系，加快构建房地产发展新模式。,0.032520325203252,0.3619717508081548,0.732183202387104,0.0372242367435738,2023-01-30 21:35:10
潘功胜人民日报撰文：主动适应我国房地产市场重大转型，战略上牢牢坚持“房住不炒”定位金融是国民经济的血脉，是国家核心竞争力的重要组成部分，事关经济兴衰和国家安危，事关人民群众安居乐业，必须坚持党中央对金融工作的集中统一领导。金融管理主要是中央事权，必须毫不动摇坚持党中央集中统一领导。金融工作会议时隔年再次召开，从“全国金融工作会议”更名为“中央金融工作会议”，进一步凸显了党中央对金融工作的高度重视，金融在党和国家事业全局中的重要地位。中央金融工作会议围绕奋力开拓中国特色金融发展之路强调“八个坚持”，坚持党中央对金融工作的集中统一领导是根本保证。,0.0121951219512195,0.636462685390601,0.6037345021284108,0.0202386515037904,2023-02-02 07:41:49
潘功胜人民日报撰文：主动适应我国房地产市场重大转型主动适应我国房地产市场重大转型，战略上牢牢坚持房子是用来住的、不是用来炒的定位；策略上弱化房地产市场风险水平，防范房地产市场风险外溢，一视同仁满足不同所有制房地产企业合理融资需求，维护房地产市场稳健运行。为保障性住房等“三大工程”建设提供中长期低成本资金支持，完善住房租赁金融政策体系，加快构建房地产发展新模式。,0.008130081300813,0.8036469136884137,0.5274002547328647,0.0148825375547412,------
“主动适应我国房地产市场重大转型战略上牢牢坚持“房住不炒”定位”。房住不炒，也就意味着房价不涨，房价不涨也就意味着房子不再具有金融属性，不再具有投资属性，也就意味着前期被套牢的投资性房产家庭永不得翻身，也就意味着房地产及其产业链不会再有复苏之可能。前浪死在沙滩上，从此不会有后浪。后来因住买房者，当是应感恩新时代好政策。,0.008130081300813,0.7450217111109505,0.5274002547328647,0.0137968719917279,2023-01-29 09:57:33
潘功胜：主动适应我国房地产市场重大转型战略上牢牢坚持“房住不炒”定位保利发展持续大跌所以啊，在房地产行业大转型的情况下，别以为躲在央企就安全，他最多只能保证不像恒大、碧桂园等暴雷，但不代表不跌,0.0528455284552845,-0.1449108574614099,0.554441854555714,-0.0183375647834002,2023-01-29 09:58:41
央行潘功胜：主动适应我国房地产市场重大转型战略上牢牢坚持“房住不炒”定位,0.4308943089430894,-0.1936404602305197,0.3927765786546936,-0.1415431737399363,------
潘功胜：主动适应我国房地产市场重大转型战略上牢牢坚持“房住不炒”定位非常认同这位央行行长，无论是在认识还是在操作。市场变了，不能死抱着老思维不放,0.1422764227642276,0.2118308456245754,0.4447077847838185,0.0578859748158969,2023-01-29 10:03:18
央行行长潘功胜在《人民日报》发表文章指出，要加强与财政、监管等政策的协调配合，持续增加对重大战略、重点领域和薄弱环节的支持。高质量发展是首要任务，继续利用支农支小再贷款、再贴现和普惠小微贷款等支持工具，延续实施碳减排支持工具、支持企业技术进步专项再贷款、普惠养老专项再贷款等，支持科技创新、民营小微、先进制造、绿色发展、普惠养老等领域健康发展，积极开展科技金融、绿色金融、普惠金融、养老金融、数字金融等五个方面的工作。要主动适应我国房地产市场的重大转型，战略上坚持房子是用来住的、不是用来炒的定位；策略上，要降低房地产市场风险水平，防止风险外溢，平等对待不同所有制房地产企业的合理融资需求，维护房地产市场的稳健运行。要为保障性住房等“三大工程”的建设提供中长期低成本资金支持，完善住房租赁金融政策体系，加快构建房地产发展新模式。目前，我国银行体系贷款余额超过万亿元，社会融资规模余额超过万亿元；近年来，我国每年贷款新增万亿元左右，社会融资规模新增多万亿元。盘活存量贷款、提升存量贷款使用效率、优化新增贷款投向，这三个方面对支撑经济增长的意义本质上是相同的。,-0.0040650406504065,0.0058560307125191,0.3724404263665599,-3.8291425636625415e-05,2023-01-29 10:26:32
央行行长潘功胜主动适应我国房地产市场重大转型战略上牢牢坚持“房住不炒”定位还有人在炒房？,0.0853658536585365,-0.3645772064269273,0.4538206612702767,-0.061000647780605,2023-01-30 09:24:39
央行行长称要主动适应我国房地产重大转型潘功胜：主动适应我国房地产市场重大转型央行行长潘功胜在《人民日报》版撰文指出，主动适应我国房地产市场重大转型，战略上，牢牢坚持房子是用来住的、不是用来炒的定位；策略上，弱化房地产市场风险水平，防范房地产市场风险外溢，一视同仁满足不同所有制房地产企业合理融资需求，维护房地产市场稳健运行。为保障性住房等“三大工程”建设提供中长期低成本资金支持，完善住房租赁金融政策体系，加快构建房地产发展新模式。（每经）,0.024390243902439,0.1917669181181711,0.4994899083783075,0.0100900433576224,2023-01-29 16:45:08
央行行长潘功胜在《人民日报》撰文指出，主动适应我国房地产市场重大转型战略上牢牢坚持“房住不炒”定位。股票分析超话,0.008130081300813,0.9989602874740466,0.5274002547328647,0.0184994974046422,2023-01-29 10:38:08
潘功胜：主动适应我国房地产市场重大转型战略上牢牢坚持“房住不炒”定位,0.2926829268292683,0.9999795306197262,0.7911066193231115,1.0,2023-01-29 13:41:23
潘功胜：主动适应我国房地产市场重大转型战略上牢牢坚持“房住不炒”定位。,0.0040650406504065,0.99672648354931,0.530869993250844,0.0092897826057085,2023-01-29 21:10:01
潘功胜：主动适应我国房地产市场重大转型中国央行行长潘功胜今日在人民日报刊发题为《加快现代中央银行制度建设构建中国特色现代金融体系》的文章指出，主动适应我国房地产市场重大转型，战略上，牢牢坚持房子是用来住的、不是用来炒的定位；策略上，弱化房地产市场风险水平，防范房地产市场风险外溢，一视同仁满足不同所有制房地产企业合理融资需求，维护房地产市场稳健运行。为保障性住房等“三大工程”建设提供中长期低成本资金支持，完善住房租赁金融政策体系，加快构建房地产发展新模式。房地产如何，这已经说得很清楚了，请自己好好适应,1.0,0.1820219902881532,0.3831546929260608,0.3012135399975337,2023-01-29 18:10:07
潘功胜：主动适应我国房地产市场重大转型战略上牢牢坚持“房住不炒”定位财联社月日电，央行行长潘功胜在《人民日报》撰文指出，加强与财政、监管等政策的协调配合，持续加大对重大战略、重点领域和薄弱环节的支持力度。服务高质量发展首要任务，继续用好支农支小再贷款、再贴现和普惠小微贷款支持工具，延续实施碳减排支持工具、支持企业技术进步专项再贷款、普惠养老专项再贷款等，支持科技创新、民营小微、先进制造、绿色发展、普惠养老等领域健康发展，做好科技金融、绿色金融、普惠金融、养老金融、数字金融五篇大文章。主动适应我国房地产市场重大转型，战略上，牢牢坚持房子是用来住的、不是用来炒的定位；策略上，弱化房地产市场风险水平，防范房地产市场风险外溢，一视同仁满足不同所有制房地产企业合理融资需求，维护房地产市场稳健运行。为保障性住房等“三大工程”建设提供中长期低成本资金支持，完善住房租赁金融政策体系，加快构建房地产发展新模式。,0.3983739837398374,0.5303076273533451,1.0,0.9124211092709412,2023-01-29 10:04:29
央行行长称要主动适应我国房地产市场重大转型潘功胜：主动适应我国房地产市场重大转型央行行长潘功胜在《人民日报》版撰文指出，主动适应我国房地产市场重大转型，战略上，牢牢坚持房子是用来住的、不是用来炒的定位；策略上，弱化房地产市场风险水平，防范房地产市场风险外溢，一视同仁满足不同所有制房地产企业合理融资需求，维护房地产市场稳健运行。为保障性住房等“三大工程”建设提供中长期低成本资金支持，完善住房租赁金融政策体系，加快构建房地产发展新模式。（每经）,0.7032520325203252,0.1846794126137966,0.3826025657586134,0.2146119204620767,------
财联社月日电，央行行长潘功胜在《人民日报》撰文指出：、潘功胜：合理把握利率水平推动实体经济融资成本稳中有降、潘功胜：深化利率汇率市场化改革健全市场化利率形成、调控和传导机制、潘功胜：更加注重跨周期和逆周期调节保持货币信贷总量和社会融资规模合理增长、潘功胜：推动金融稳定立法健全金融稳定保障基金制度、潘功胜：主动适应我国房地产市场重大转型牢牢坚持房子是用来住的、不是用来炒的定位、潘功胜：推动稳妥化解重点区域和重点机构金融风险,0.1869918699186991,0.1498739605252432,0.7417636218928968,0.0897823402113377,2023-01-30 10:54:01
